$MeshFormat
2.2 0 8
$EndMeshFormat
$PhysicalNames
1
3 1 "Cylinder"
$EndPhysicalNames
$Nodes
1345
1 0.5 -1.224646799147353e-16 10
2 0.5 -1.224646799147353e-16 0
3 0.4619397662556436 0.1913417161825444 10
4 0.3535533905932744 0.3535533905932731 10
5 0.1913417161825461 0.4619397662556429 10
6 1.695950706916419e-15 0.5 10
7 -0.1913417161825426 0.4619397662556443 10
8 -0.3535533905932717 0.3535533905932758 10
9 -0.4619397662556421 0.1913417161825478 10
10 -0.5 3.613946018757869e-15 10
11 -0.4619397662556449 -0.1913417161825411 10
12 -0.353553390593276 -0.3535533905932715 10
13 -0.1913417161825472 -0.4619397662556424 10
14 -2.312294559186364e-15 -0.5 10
15 0.1913417161825429 -0.4619397662556442 10
16 0.3535533905932731 -0.3535533905932745 10
17 0.4619397662556433 -0.1913417161825452 10
18 0.5 -1.224646799147353e-16 0.2
19 0.5 -1.224646799147353e-16 0.4
20 0.5 -1.224646799147353e-16 0.6
21 0.5 -1.224646799147353e-16 0.8
22 0.5 -1.224646799147353e-16 1
23 0.5 -1.224646799147353e-16 1.2
24 0.5 -1.224646799147353e-16 1.4
25 0.5 -1.224646799147353e-16 1.6
26 0.5 -1.224646799147353e-16 1.8
27 0.5 -1.224646799147353e-16 2
28 0.5 -1.224646799147353e-16 2.2
29 0.5 -1.224646799147353e-16 2.4
30 0.5 -1.224646799147353e-16 2.6
31 0.5 -1.224646799147353e-16 2.8
32 0.5 -1.224646799147353e-16 3
33 0.5 -1.224646799147353e-16 3.2
34 0.5 -1.224646799147353e-16 3.4
35 0.5 -1.224646799147353e-16 3.6
36 0.5 -1.224646799147353e-16 3.8
37 0.5 -1.224646799147353e-16 4
38 0.5 -1.224646799147353e-16 4.2
39 0.5 -1.224646799147353e-16 4.4
40 0.5 -1.224646799147353e-16 4.6
41 0.5 -1.224646799147353e-16 4.8
42 0.5 -1.224646799147353e-16 5
43 0.5 -1.224646799147353e-16 5.2
44 0.5 -1.224646799147353e-16 5.4
45 0.5 -1.224646799147353e-16 5.6
46 0.5 -1.224646799147353e-16 5.8
47 0.5 -1.224646799147353e-16 6
48 0.5 -1.224646799147353e-16 6.2
49 0.5 -1.224646799147353e-16 6.4
50 0.5 -1.224646799147353e-16 6.6
51 0.5 -1.224646799147353e-16 6.8
52 0.5 -1.224646799147353e-16 7
53 0.5 -1.224646799147353e-16 7.2
54 0.5 -1.224646799147353e-16 7.4
55 0.5 -1.224646799147353e-16 7.6
56 0.5 -1.224646799147353e-16 7.8
57 0.5 -1.224646799147353e-16 8
58 0.5 -1.224646799147353e-16 8.199999999999999
59 0.5 -1.224646799147353e-16 8.4
60 0.5 -1.224646799147353e-16 8.6
61 0.5 -1.224646799147353e-16 8.800000000000001
62 0.5 -1.224646799147353e-16 9
63 0.5 -1.224646799147353e-16 9.199999999999999
64 0.5 -1.224646799147353e-16 9.4
65 0.5 -1.224646799147353e-16 9.6
66 0.5 -1.224646799147353e-16 9.800000000000001
67 0.4619397662556436 0.1913417161825444 0
68 0.3535533905932744 0.3535533905932731 0
69 0.1913417161825461 0.4619397662556429 0
70 1.695950706916419e-15 0.5 0
71 -0.1913417161825426 0.4619397662556443 0
72 -0.3535533905932717 0.3535533905932758 0
73 -0.4619397662556421 0.1913417161825478 0
74 -0.5 3.613946018757869e-15 0
75 -0.4619397662556449 -0.1913417161825411 0
76 -0.353553390593276 -0.3535533905932715 0
77 -0.1913417161825472 -0.4619397662556424 0
78 -2.312294559186364e-15 -0.5 0
79 0.1913417161825429 -0.4619397662556442 0
80 0.3535533905932731 -0.3535533905932745 0
81 0.4619397662556433 -0.1913417161825452 0
82 0.4702988025680033 0.1697617044657075 4.5
83 0.466564721051824 0.1797703008559357 5.503904750828537
84 0.4701080603691737 -0.1702891998217541 6.49990863728493
85 0.4702988025680031 -0.1697617044657082 3.299999999999999
86 0.4700000000000003 0.170587221092319 6.9
87 0.4702259494070329 -0.1699633975426902 2.299854006095158
88 0.4699824139845176 0.1706356660996917 7.900357832206501
89 0.4649008179631521 -0.1840305122994338 8.506774605951312
90 0.4700000000000008 -0.1705872210923176 1.5
91 0.4699476015879243 0.170731519532152 8.69949461972684
92 0.4656060782499929 0.1822387990979457 1.307781454154475
93 0.4700000000000001 0.1705872210923196 3.9
94 0.47 0.1705872210923198 6.1
95 0.4699799071446804 -0.1706425705393517 3.899851106225618
96 0.4700003367677223 -0.170586293230809 5.900036528173604
97 0.4672457062459675 0.1779928369196554 1.902418330587603
98 0.468035543589 -0.175905457383645 7.883154721748635
99 0.4675041861020158 0.1773128195509049 2.502145465527957
100 0.4690361091007081 -0.1732198844234363 7.292768936370725
101 0.4699999999999773 0.1705872210923822 3.1
102 0.470000253592251 -0.1705865223961722 5.300036317746126
103 0.4700556913901359 -0.1704337026287387 4.699987876892409
104 -0.490392640201616 -0.09754516100806027 0.1686797970889708
105 -0.4860093847435629 -0.117451598291311 9.809681297469162
106 0.4699999999997748 -0.1705872210929404 9.1
107 0.4711027371168205 -0.1675177933266788 0.9093108109373007
108 -0.2648916713199258 0.4240665071251636 9.80814328995489
109 -0.2763640720598898 0.4166808127025722 0.181940007527266
110 -0.09754516100806651 -0.4903926402016148 0.1686797970889581
111 -0.07886904940663199 -0.4937404916002882 9.818168736612426
112 0.4700000000003525 0.1705872210913486 9.300000000000001
113 0.4626407279236454 0.1896405992035448 0.7100894270708563
114 0.47 0.1705872210923198 5.1
115 0.4700153744318553 -0.1705448556763963 2.899969370102807
116 0.4699219213522125 0.1708021891916055 7.50366118100817
117 0.4700000000000383 0.1705872210922143 8.300000000000001
118 0.4702698861775689 -0.1698417915430017 1.899920829216309
119 0.4699999999999777 0.1705872210923814 6.5
120 0.4698909222603588 -0.1708874517842355 6.900006789707106
121 0.4699999999999774 0.1705872210923821 3.5
122 0.4700607252973535 -0.1704198184863661 4.299913758573241
123 0.4688568007704731 -0.1737046354340519 9.501622948748595
124 0.4703244992136115 -0.1696904989663994 0.5051803998702853
125 0.2887565842728674 0.4081906846549372 9.812104811959529
126 0.2864314185196291 0.4098256244853817 0.1727606066831724
127 0.2777851165097998 -0.4157348061512735 0.168679797089339
128 0.2859893064173485 -0.4101342665700147 9.823390670691706
129 0.4700000000000015 0.1705872210923156 9.699999999999999
130 0.4700000000000013 0.1705872210923161 0.3
131 0.4701035626548041 0.1703016159032577 9.500518274751755
132 0.3841881546173176 0.319999159142239 9.400516499828246
133 0.3838743211826047 0.3203755695064691 9.201411057693711
134 0.2527644545283846 0.4314048336852152 9.301534798578988
135 0.252098183736018 0.4317945179793288 9.103130519849991
136 0.0915225804287923 0.4915522528395687 9.202910793327463
137 0.09073414491602039 0.4916983983565114 9.004691935535806
138 -0.08047833282647297 0.4934807371574613 9.104471071216036
139 -0.08124757051593093 0.4933546718996982 8.906326491865544
140 -0.2429124128385984 0.4370280994271768 9.006021509820485
141 -0.2435678529522086 0.436663143633913 8.807870762792909
142 -0.3765937951842145 0.3289028936156536 8.90765454638472
143 -0.3771746518378218 0.328236625029898 8.709368847071891
144 -0.3760444228504898 0.3295308666013581 9.105801905057669
145 -0.4654001621742203 0.1827640255854785 9.007493916954912
146 -0.2441263027942388 0.4363511754126665 8.609494972238549
147 -0.3777358779575843 0.3275906080821198 8.510861883241839
148 -0.2446523678553071 0.4360564400427903 8.410926899202922
149 -0.3782857140903977 0.3269555298738926 8.312082215177007
150 -0.4660472611892322 0.1811075656564783 8.610995459338204
151 -0.2453523165118546 0.4356629899156764 8.212000984916209
152 -0.3788381214989718 0.3263153041141807 8.113102602873477
153 -0.2459800273672476 0.4353088858918551 8.012869172181825
154 -0.3793821666805752 0.3256826240448703 7.913923384174366
155 -0.4669392013842001 0.1787953640637403 8.213345995887494
156 -0.2465873936665198 0.4349651219175542 7.813661073893221
157 -0.3799122776342196 0.3250640879930904 7.71461315902495
158 -0.2474182843805102 0.4344930293505351 7.614219792815462
159 -0.3804513249333695 0.3244330275364142 7.51518012406543
160 -0.2485794393583663 0.4338297619208257 7.415246383999563
161 -0.3810080590312496 0.3237790279700645 7.315755383061016
162 -0.4675819044132735 0.17710777132937 7.814990927400836
163 -0.4681660705285582 0.175557769426047 7.416136958029742
164 -0.4685456334480015 0.1745422280618962 7.216503276572849
165 -0.3814018243978055 0.3233150914294376 7.116054559360546
166 -0.4688512394949949 0.1737196454751361 7.016867303200908
167 -0.3818751317656556 0.3227559197582024 6.916320145969836
168 -0.4691245221623025 0.1729802957159899 6.817134004681728
169 -0.3823625132558585 0.3221783798715604 6.716568050770113
170 -0.4693957328587122 0.172242985268 6.61737226239741
171 -0.3828337228396861 0.3216183151760895 6.516776048762324
172 -0.4696642519433169 0.1715094471057631 6.417554374605859
173 -0.3833222904691863 0.3210358572332019 6.316949691314939
174 -0.4699313659344664 0.1707762024140559 6.217674307916571
175 -0.3837941767474917 0.3204715742382077 6.117080992518893
176 -0.47019005627203 0.1700626678107375 6.01779156229893
177 -0.3842822783840658 0.3198861211743194 5.917191853798592
178 -0.4704574104020124 0.1693216613367364 5.817918259359618
179 -0.3847555377749988 0.3193167332782163 5.717312615163758
180 -0.4707182484933599 0.1685951675919079 5.618008132001071
181 -0.3852364214621213 0.3187364108147339 5.517391254707598
182 -0.4709766015915291 0.1678720964106128 5.418041766068784
183 -0.3857193394395683 0.3181518366791288 5.317453683714398
184 -0.4712286850030334 0.167163173068448 5.218087520153336
185 -0.3861998872998319 0.3175683344566916 5.117488200839996
186 -0.4714885892384017 0.1664286940944431 5.018121270361505
187 -0.3866834582145052 0.3169793418241496 4.917523938717436
188 -0.4717391725445668 0.165717087492411 4.818153418383623
189 -0.387164117912944 0.3163920760712758 4.717547047875311
190 -0.4719965945895978 0.1649824678437769 4.618174783329985
191 -0.3876467788674807 0.3158005301351892 4.517569406306324
192 -0.4722447125878672 0.1642709086624978 4.41819630430756
193 -0.3881268059638299 0.3152103781481751 4.317585052425763
194 -0.4724995661959449 0.1635364177932362 4.218209536677789
195 -0.3886197461147545 0.3146024363060523 4.117627014284717
196 -0.4727448513854622 0.1628259975818888 4.018230744267871
197 -0.3890937842537451 0.3140159662423236 3.917654112018467
198 -0.4729950066754854 0.1620978829598262 3.81825226984667
199 -0.3895839989399831 0.3134075745254592 3.717680723475764
200 -0.4732357862019063 0.1613935892712707 3.618287102364709
201 -0.3900579122433304 0.3128175588044482 3.517725668660606
202 -0.4734768062506255 0.1606851391470525 3.418396820037512
203 -0.390539211383484 0.312216470372667 3.317767611523088
204 -0.4737217570949027 0.1599615480511425 3.218486009772452
205 -0.3910216330466371 0.3116120705132281 3.117855879616662
206 -0.4739491503728193 0.1592865432510943 3.018527849825135
207 -0.391497863850257 0.3110135408638757 2.917962934299567
208 -0.4741798552618548 0.1585984390334483 2.818652590213729
209 -0.3919736237636454 0.3104137211426006 2.718103409423201
210 -0.4744553326442437 0.1577724225758103 2.618808274528549
211 -0.3924580470961309 0.3098010349716268 2.518266765507187
212 -0.4746955797408688 0.1570481027407861 2.418970332768039
213 -0.3929401540201657 0.3091893196063028 2.318457828254167
214 -0.4749059985904127 0.1564106534186304 2.219145951575018
215 -0.3934445284173592 0.3085472460717189 2.118770763071015
216 -0.4750956110121686 0.1558337588488906 2.019490797211568
217 -0.3939509225393997 0.3079004232383513 1.919252625374187
218 -0.4752909342164214 0.1552370054197175 1.82009134413113
219 -0.3944848144474275 0.3072160984883096 1.719903960096488
220 -0.4754544396727947 0.1547355026987307 1.621034292191466
221 -0.395017739953252 0.3065305614816 1.521123729084765
222 -0.4756444713621942 0.1541503709453171 1.422398957049474
223 -0.3955824006872898 0.3058015112233433 1.322580272906262
224 -0.4758170885409629 0.1536167251714521 1.22413471688949
225 -0.3961313773531228 0.3050900389660696 1.124412540579902
226 -0.475994705362639 0.1530654777104703 1.026019332836792
227 -0.4997326485341748 -0.01634869991830914 1.125738770039146
228 -0.4997492346654635 -0.01583358617886313 1.522223591419237
229 -0.49976862575896 -0.01520923097992155 1.920154965221963
230 -0.4997912127239189 -0.01444796469937666 2.319622403811421
231 -0.4998303559140924 -0.0130236441440844 2.719432714383253
232 -0.4998755984199109 -0.01115285184766822 3.11917830074249
233 -0.4998982387932867 -0.01008716270167828 3.518976994589208
234 -0.4999271775012598 -0.008533299222686653 3.918849809267779
235 -0.4999563145308311 -0.006609354034144903 4.318777329693336
236 -0.4999691221152304 -0.00555670147892455 4.718859792826147
237 -0.4999839112797186 -0.004011042437378799 5.118801202216956
238 -0.2496098779355637 0.4332377047730183 7.016371382744254
239 -0.4999939714151718 -0.002455310262338043 5.518707840220145
240 -0.4999992230631747 -0.0008814398570823974 5.918557685520722
241 -0.2508210317658358 0.4325376400082675 6.616740239992569
242 -0.252076325704967 0.4318072787935416 6.217053997418993
243 -0.2533222307676317 0.4310775422112717 5.817303635269758
244 -0.2537407356606066 0.4308313348242142 5.416781429414098
245 -0.2550342000912033 0.4300669212853275 5.016864262407713
246 -0.2563338623763919 0.4292935487509694 4.616915806094193
247 -0.2576367040421704 0.4285129271448961 4.216949478055972
248 -0.258954608897729 0.4277177930956628 3.816977949395183
249 -0.2602995169929788 0.4269006458805397 3.41705530463812
250 -0.2616568066825538 0.4260700828698122 3.01723754355701
251 -0.2630027662341863 0.4252405730326846 2.617525581846908
252 -0.2643729930788109 0.4243900570590114 2.217903086084376
253 -0.2666403343104847 0.4229691857792869 1.819029457847224
254 -0.4999994834722984 0.0007186984310343403 6.318311810741632
255 -0.4999921492325264 0.002801911104776583 6.717937762552099
256 -0.4999839050655744 0.004011816967250105 7.117372651076575
257 -0.268439662891602 0.4218295240812847 1.421117461633113
258 -0.4997139473547179 -0.01691067175384453 0.9278676137867444
259 -0.4648659586180803 -0.184118550173776 1.027298181271083
260 -0.3966511964604951 0.3044139095811125 0.9266778658654149
261 -0.2704118593865276 0.4205679805966223 1.02465844289491
262 -0.4646676405063354 -0.1846184819195388 0.8295403124122342
263 -0.3753500158139409 -0.330321609387691 0.9287473744196879
264 -0.3756374466378193 -0.3299947100839943 1.126731311695263
265 -0.2711654621204326 0.4200824825590949 0.8272024870498493
266 -0.2416343956572417 -0.4377360150083148 1.027997600329595
267 -0.2421808481243699 -0.4374339227834999 1.226409771957407
268 -0.241330675729332 -0.4379035338428134 0.8300592893421678
269 -0.3994131419943124 0.3007808870294642 0.723448877378275
270 -0.465130709148726 0.1834486942084989 9.205238731512061
271 -0.4997617084092031 0.01543485691267311 9.107075298108994
272 -0.1131728065706214 0.4870235270014465 0.9251839850878757
273 -0.1140051385161989 0.4868293627051498 0.7275919587298059
274 -0.07943373230607841 -0.4936499591531699 1.127399348027901
275 -0.08000326325772146 -0.4935579782235474 1.326173656934039
276 -0.0822185443037725 0.4931937864294 8.508272528940774
277 -0.08344919200563072 0.4929870508985073 8.108792616133652
278 -0.08641808554882795 0.4924752932788359 7.71160943973728
279 0.09223083335137292 -0.4914198544822047 1.227305080587114
280 -0.07956921915304875 0.4936281387475537 9.302416166024724
281 -0.4997864889001122 0.01461045902420832 9.301815322164044
282 -0.4758526108463722 -0.1535066537668353 9.206683313938099
283 -0.4755517988931133 -0.1544360274337691 9.008941650629358
284 -0.3953265326541677 -0.3061322142141093 9.109553492746151
285 -0.3950381306658082 -0.306504282710803 8.910804335661668
286 -0.2685717796971023 -0.4217454198332581 9.010777488444635
287 -0.2677835608002411 -0.4222463316183381 8.812253495946875
288 -0.2691375815354009 -0.4213845775598289 9.209579794478849
289 -0.1094279431825248 -0.4878785968361823 8.912422823728038
290 -0.1084978185509485 -0.488086286807656 8.713690501663557
291 -0.2671171536342491 -0.4226682224089445 8.613576705091686
292 -0.1075484897924622 -0.4882963468462166 8.51478812365141
293 -0.2665387378966326 -0.4230332152449381 8.414640279012543
294 -0.1066004519004631 -0.4885041900072271 8.315949155135673
295 -0.2658872819017404 -0.4234429752905395 8.215505653904065
296 -0.1081404188233631 -0.4881655967156101 8.116310509746562
297 -0.2654109878880302 -0.4237416754442497 8.016193397764097
298 -0.1078382232866293 -0.4882324421813682 7.917533027077574
299 -0.2647821633544258 -0.4241348912425741 7.816863418661929
300 -0.1045951814460975 -0.4889374684131478 7.717831222999783
301 -0.2638899301874481 -0.4246905988430445 7.617284359764929
302 -0.1031102795259518 -0.4892527672441722 7.518243947519517
303 0.06291810700226864 -0.4960255152824813 8.813840193807929
304 0.06258366208139991 -0.4960678232263016 8.221538899936679
305 0.06152377983727139 -0.4962003874590738 7.610097815287821
306 -0.2630596760756599 -0.4252053701718369 7.417644721095315
307 -0.1020122510509225 -0.4894828910549618 7.318617540262099
308 0.06189516487043701 -0.4961541983755266 9.012697496250306
309 -0.4629169474749542 0.1889653400506837 9.391747718161264
310 0.09272906543653059 -0.4913260835975102 1.028445451314183
311 0.0911209330723356 -0.4916268661861625 1.42613627447033
312 -0.08075584498647566 -0.4934353995210723 1.524966026028078
313 0.09045654138490652 -0.4917495440980914 1.62492729330183
314 -0.08151589008506589 -0.4933104090363789 1.723991344548414
315 0.08993769294152811 -0.491844702511225 1.824134318764894
316 -0.08221593627847953 -0.493194221196734 1.923178578506779
317 0.08938226926014399 -0.4919459420931401 2.023271497638772
318 -0.0829178581082818 -0.4930766966778443 2.122443692865163
319 0.08885941211178762 -0.4920406536853916 2.222758079636846
320 -0.08360349471694213 -0.4929609068385791 2.321890305846348
321 0.08828468538873717 -0.4921440991476091 2.422156529660987
322 -0.08427982100682305 -0.492845728165577 2.5214313391415
323 0.0877550828495388 -0.4922388093538243 2.621851724609169
324 -0.08494909966603771 -0.492730809332976 2.721089809368265
325 0.08749668495622995 -0.4922848059016957 2.821481961908258
326 -0.08560463458985057 -0.4926173429110451 2.920869517659713
327 0.086676651176346 -0.4924298509847408 3.021222567082733
328 -0.08625985570700674 -0.4925030327758463 3.120711167923508
329 0.0860880818038416 -0.4925330873873704 3.221157013449427
330 -0.08690747899662495 -0.49238916528946 3.3205494297369
331 0.08547539634429313 -0.4926397838378322 3.420976592590325
332 -0.08756365653332102 -0.4922728979483987 3.520445725237842
333 0.0849121112392059 -0.4927371848814546 3.620963012869582
334 -0.08819042817267266 -0.4921609984331557 3.720387296664899
335 0.08445337024793344 -0.4928160186659576 3.820875655053052
336 -0.08882357882860649 -0.4920471236010615 3.920343838884973
337 0.08373774845255694 -0.4929381193254345 4.020812759901863
338 -0.0894538291658336 -0.4919329349083774 4.1203061613473
339 0.08317064673093058 -0.4930341200387238 4.220835869805364
340 -0.09009863515115402 -0.4918152457416293 4.320293340170641
341 0.08255140744654119 -0.4931381805626037 4.42078501070456
342 -0.09071846188803163 -0.4917012921201954 4.520271176516043
343 0.08199113031170825 -0.4932316439059932 4.620797398533731
344 -0.09135701847450285 -0.491583050130341 4.720262878715977
345 0.08137249975438297 -0.4933340818185208 4.820762858742835
346 -0.09197318548009621 -0.4914681405265695 4.920210404410824
347 0.08081113069101038 -0.4934263482592315 5.020756024625063
348 -0.09260968612096715 -0.4913485993025481 5.120224093018413
349 0.08018893456829836 -0.4935278459953412 5.220735429105788
350 -0.09322596126267171 -0.4912320430780659 5.320209454489187
351 0.07959943371917157 -0.4936232674333608 5.420718751264743
352 -0.09386258017164906 -0.491110798133701 5.520191293159288
353 0.07895750917366037 -0.4937263530996612 5.620668955550345
354 -0.09447840021092616 -0.4909927004483713 5.720157559912519
355 0.07832688982109955 -0.4938267898068647 5.820583009830023
356 -0.09511529991987669 -0.4908697176656469 5.920115087118552
357 0.07771508291057398 -0.4939234413228457 6.020559599224462
358 -0.09572743290875461 -0.4907507092085552 6.120070114811385
359 0.07705037191424131 -0.4940275702710094 6.220530793436026
360 -0.09638033950365432 -0.4906229001556698 6.320018518326507
361 0.07668366475877855 -0.4940846238845764 6.420462799897391
362 -0.09696212355054512 -0.4905082533419482 6.519951557009283
363 0.07610229173400994 -0.4941745047984888 6.620469276624029
364 -0.0976468184402341 -0.4903724083270795 6.719709819721801
365 0.07461086026935303 -0.4944018805889264 6.820184707952
366 0.05724647718928778 0.4967120301033752 0.8256211777830775
367 0.05828823320295997 0.4965908596320288 1.023630691554146
368 0.0562826268817423 0.4968221672905614 0.6280550381448178
369 -0.262359766174904 -0.4256375842106166 7.218108421492686
370 -0.2432039040551209 -0.4368659531851247 1.623527171820915
371 -0.3945018397661009 -0.3071942356574447 8.513503713675357
372 -0.4751543884691505 -0.1556544477954538 9.403976603940757
373 -0.2448982924803933 -0.4359183711891342 2.022056132682605
374 -0.3938147011202247 -0.308074635732298 8.115106217295597
375 -0.2587129624921138 -0.4278640006340264 6.619361391104562
376 -0.3928511060554154 -0.3093024546799407 7.716396152665019
377 -0.257623934097098 -0.4285206046158506 6.219547307965958
378 -0.2565166511426225 -0.4291843516329248 5.819632994975383
379 -0.2462977667643216 -0.4351291878131227 2.420997593909366
380 -0.2554266402541679 -0.4298339579982809 5.419690487687325
381 -0.2543273634299487 -0.430485298483898 5.019720657929636
382 -0.2532215484319318 -0.4311366922563363 4.619755573585104
383 -0.2477408223928985 -0.4343092042774253 2.820390032663773
384 -0.2516913906820422 -0.4320317625551848 4.220260015416453
385 -0.2508342084232085 -0.4325299988263269 3.819801734409902
386 -0.2498622880360735 -0.4330921807391335 3.419883185781386
387 0.2223538286845059 0.447837889050649 0.9237799711611502
388 0.2412363889714964 -0.4379554824819446 6.121146073088935
389 0.2429494686842249 -0.4370075006977029 5.521254290114036
390 0.2536580379903349 -0.4308800294315041 1.128358539890403
391 0.2446488898200538 -0.4360583913993804 4.921310739339937
392 0.2482223392684566 -0.4340341810135409 3.514596613695989
393 0.2497024368224058 -0.4331843638047805 2.51541187470331
394 -0.375778950000126 -0.3298335652064581 1.324769343138255
395 -0.4753526009948995 -0.1550480723110866 8.810781243078027
396 -0.2597119174708322 -0.427258376071931 6.819036089112432
397 0.09038649006961051 0.4917624247671799 8.805481057427041
398 0.2291256192055491 -0.4444113529419267 8.913984023204218
399 0.2284824081270592 -0.4447423851809719 8.715090910807021
400 0.2225430507486961 0.4477438894764096 1.121076898750778
401 -0.11471286528258 0.4866630852434368 0.5303257968798722
402 0.2285665941782584 -0.4446991252810729 9.113286154877921
403 0.2403283364695676 -0.4384544339948797 6.719229380735439
404 -0.3914969848758542 -0.3110146472967394 7.317683360836003
405 0.05914714769924646 0.496489289833168 1.221698212100588
406 0.2262666468042722 0.4458737540424988 1.316182694181085
407 0.2457732450615933 -0.4354256676080247 4.521338298065034
408 0.2468869746248155 -0.434795149191669 4.121372056700975
409 0.2488197929510437 -0.4336919536212308 3.114920824201089
410 0.2502778791042979 -0.4328521493894358 2.116036607048762
411 0.2507780786425408 -0.4325625449254196 1.717137731198126
412 0.2389079266636279 -0.4392300110161948 6.92083329537055
413 -0.49969082424946 -0.01758067578039079 0.7303280844558715
414 -0.4645320006458025 -0.1849595100988542 0.6322141375959093
415 -0.4996097603102036 -0.01975063044008749 0.5306318086758227
416 0.06120375252892941 -0.4962399627966066 9.211633568743377
417 0.2249135779305267 -0.4465578153637991 9.311747506340286
418 0.06018299312027642 -0.4963647926062895 9.409992996772694
419 0.06047528571869026 0.4963292655256617 1.419768053154052
420 0.229161998437895 0.4443925949787532 1.516002071728974
421 0.06160087330484886 0.4961908225754281 1.618784948036747
422 0.2255444761303305 0.4462394976770823 1.719110954195467
423 0.05425137565287722 0.4970480743748741 0.4323855389949782
424 0.2196852833169593 0.4491529542304574 0.5283591742127102
425 0.06173942985444315 0.4961736014755806 1.818538845924919
426 0.228436483821837 0.4447659753838142 1.914391915904761
427 0.06274528112332887 0.4960474067029828 2.017537562145562
428 0.2309415278706095 0.443470416944342 2.114620271303546
429 0.3610391390840707 0.3459056808574168 1.021232281536427
430 0.2493324152341919 0.4333974465931756 9.492003586482884
431 0.2533652058066928 -0.4310522850960568 0.9294737719059405
432 0.09318459264750799 -0.4912398922045297 0.8297403029615936
433 0.2534463624803636 -0.431004572302281 0.7310274231027301
434 0.09366182970869392 -0.4911491236433387 0.6313386540073936
435 0.2537117974055415 -0.4308483768766566 0.5307170710557005
436 0.06374631889693762 0.4959197584560328 2.217223822128753
437 0.2276463251113136 0.4451709229760116 2.317909089615511
438 0.06390392890790687 0.4958994735529906 2.417488202217895
439 0.230252137172489 0.4438287432416937 2.513639704769858
440 0.06487545031585694 0.4957733110468077 2.616836607654538
441 0.2326052604168828 0.4426000370835887 2.714115123735267
442 0.06583045200812605 0.4956474065183897 2.816709768233824
443 0.2320596143348277 0.4428863684905769 2.916318735232127
444 0.06635629424923184 0.4955772817770296 3.016943939618009
445 0.2323903783637337 0.4427129002457018 3.117183487118314
446 0.06694885149462895 0.4954975794931294 3.217080561429269
447 0.2328319722157393 0.4424808162102954 3.317041671269831
448 -0.3906714188852742 -0.3120510254207902 7.118186812487062
449 0.06759637022463456 0.4954096595066089 3.417080614632081
450 0.2333958794405688 0.4421836309274276 3.517312496306341
451 0.06828569350638329 0.4953151159235424 3.617106587137207
452 0.2349118935173169 0.4413801108841548 3.715589979792238
453 0.06914719144234997 0.4951955834977075 3.816848810694875
454 0.2378450941521164 0.4398064474149633 3.913033227643971
455 0.07028368575124658 0.4950355578311724 4.016421062776772
456 0.2372887583541759 0.4401068565232011 4.113790832807988
457 0.07090865693255424 0.4949464237389956 4.216387810733497
458 0.2372268032805174 0.4401402546976437 4.314576378111934
459 0.07147932497763294 0.4948643310047128 4.416481702530589
460 0.2395955446014816 0.4388553007622438 4.512532165195454
461 0.07244205664758785 0.4947243155825956 4.616205726245611
462 0.2389896374479102 0.4391855566756681 4.713452057414029
463 0.07302142698205569 0.4946391322989966 4.816254994363934
464 0.2376997494479781 0.4398850180585472 4.916022173488893
465 0.07335915649057244 0.494589156936332 5.016621128104065
466 0.2378278248412518 0.4398157861324203 5.116872786942984
467 0.07388241356459285 0.4945112627290408 5.216813400486881
468 0.2375123008435192 0.4399862576808708 5.316956579926068
469 0.3712787057565986 0.3348912101738489 1.607819734624538
470 0.07393428838498776 0.4945035095942247 5.417360366164225
471 0.2371088131463952 0.4402038286161399 5.517162042524935
472 0.07425665742069222 0.4944552040667647 5.617718319531047
473 0.2374572941119857 0.4400159468394457 5.717031179594309
474 0.07466427860968518 0.4943938162029288 5.8177267357992
475 0.2392462271754605 0.439045832211522 5.917042887951236
476 0.07512210998457286 0.4943244568008605 6.017680719992799
477 0.2400960647915993 0.4385816681891619 6.11711958871927
478 0.07582558015848637 0.4942170387528428 6.217599788699292
479 0.2406622192020481 0.438271258752779 6.316942493769369
480 0.07653071708539762 0.4941083376572337 6.417494842665128
481 0.2412439182578485 0.4379513350859893 6.516907605663163
482 0.07723669208121607 0.4939984750951681 6.617363908597535
483 0.2414571905682659 0.4378337870960624 6.716696635161286
484 0.07794520298030116 0.4938871787487094 6.817202569334428
485 0.2419589452170725 0.4375567035590264 6.916528013927629
486 0.07865875582317625 0.4937740375235923 7.017002053305848
487 0.2425178221654212 0.4372471908796455 7.116298356794168
488 0.07937878269640601 0.4936587980150225 7.216745584167019
489 0.243117077810119 0.4369142781794486 7.315982659515571
490 0.3694456764237978 -0.3369122915118452 8.813967519494058
491 0.3723112576133772 0.3337429062232566 2.207058577540402
492 0.3836880323186412 0.3205986491790777 9.000941270620121
493 0.376555604913924 0.3289466163496879 2.807915376042843
494 -0.1007800192112955 -0.4897380807408904 7.119049620544271
495 0.0697032836040623 -0.4951176145672982 7.217313340147188
496 0.3811411411935652 0.3236223578334271 4.204144916614642
497 0.3766581817576961 0.3288291564247099 4.809993873735557
498 0.3741734301136938 0.3316538017224478 5.811473208865733
499 0.08093003910508002 0.493406859265708 7.414668928211418
500 0.2472621352852715 0.4345819099481341 7.511432224459658
501 0.2234973964283255 -0.4472682794361343 9.500186459699888
502 0.3772057846998464 0.328200847026593 7.215561096779097
503 0.09479580222980957 -0.4909315185233138 0.4214912017568091
504 -0.07614480427203603 -0.4941679560456883 0.5332871788126637
505 -0.3892684572092918 -0.3137994076187809 6.718741024102333
506 -0.3886837707639724 -0.314523331955993 6.518926126160014
507 -0.4626247764347626 -0.1896795092483262 0.447957149011809
508 -0.3745717051642424 -0.3312039216107681 0.5359207124505946
509 -0.3666208836977824 -0.3399840108544182 0.3368834393485072
510 0.04347830593440687 -0.4981060498659639 9.633429383063966
511 -0.1162375477599557 -0.4863011746754803 9.503697542686705
512 -0.1156384599480054 0.4864439809277668 0.3303662783099283
513 -0.2749028944336381 0.4176462601676304 0.4108687209030545
514 -0.3986194582632593 0.3018319524071394 0.3051709194093915
515 0.03665775103518183 0.4986543986460388 0.2316143029402169
516 0.3648416862922459 0.3418925912379945 0.8193847005271928
517 -0.4052513809982414 0.2928674071982374 0.5085869123815642
518 0.3714965723871949 -0.3346495132292376 9.209157526857085
519 0.3682255846874677 -0.3382453529341867 8.61443887260646
520 0.2284302890618938 -0.4447691570231682 8.517362844512185
521 0.3765063967760074 0.3290029379606627 3.212039500789297
522 0.3741221102779829 0.3317116919874076 3.612575742427953
523 -0.47715847974731 0.1493980763103595 0.4225301814744754
524 0.3748047434193501 0.3309401823749348 5.214210262757684
525 0.3759806443936002 0.3296036332344853 6.215202483077236
526 0.4570469681896894 0.202751248747358 0.9217735161713846
527 0.3714493304319566 0.3347019493843009 0.6139681759270096
528 0.3849942548789079 -0.3190288759818373 0.6319307873452877
529 0.3765863560215085 0.3289114112621234 6.614974773046828
530 0.3843042256146999 -0.3198597539151899 1.021864382699442
531 0.3844489091762955 -0.3196858399009198 1.218450229803736
532 0.4666039274441149 -0.1796685139186248 8.704815127366381
533 0.3647120854007861 -0.3420308389058064 8.413423450475221
534 0.4601835297937111 -0.195527795739124 8.306891757359475
535 0.3651391577232471 -0.3415748753892149 8.20535599573369
536 0.4625141566576443 -0.1899490849971857 8.092275774055393
537 0.3607326633421115 -0.3462252815698282 7.996005315516276
538 0.3973256781422762 -0.3035330385456917 7.766197689833898
539 0.2646992253991037 -0.4241866571134864 7.818095772642203
540 0.3101336340292752 -0.3921952690227097 7.626979074251292
541 0.4195184668907702 -0.2720372326311562 7.59869379444166
542 0.369569524766275 -0.3367764338014607 7.428367781693399
543 0.211061033250592 -0.4532695006761347 7.987622589748119
544 -0.4813314078407515 0.1353516746333053 0.1996103282093386
545 0.4606466507207388 0.1944342129867213 0.5002104989674714
546 0.3661830908757367 0.3404554948252296 0.3750336057908661
547 0.3760699070295169 0.3295017830404117 9.632353487169871
548 -0.07807607125873903 -0.4938665073648954 0.7309468566729679
549 -0.1115689617156799 -0.4873934414635522 9.309315468514033
550 -0.2694457491250214 -0.4211875927404035 9.40767802431642
551 -0.2744131463734218 -0.4179682106302332 9.606650673164101
552 -0.07882083775814676 -0.493748190411979 0.9288979127619966
553 0.09121013883125546 0.4916103239094792 9.39960992609357
554 -0.07892561136226292 0.4937314531920091 9.499665464921728
555 -0.2405981770026157 0.4383064193267285 9.400582056688451
556 -0.2473100887638916 0.4345546225684362 9.596709384020567
557 -0.08771921762841241 0.4922452019661128 9.690218154772518
558 -0.3836321351767628 0.32066553425605 9.671118652940706
559 -0.3954629127596132 -0.3059560174791183 9.506408128780123
560 -0.4031285397718085 -0.295782657404807 9.698920476831129
561 -0.4789384490751251 -0.1435895608932413 9.595749987696363
562 -0.4983452616188624 0.04064480559711903 9.669840053103
563 -0.2745069801151318 0.4179065898835177 0.6202845677519784
564 0.4677322913574637 -0.1767102250055065 9.302751817406271
565 0.3786028642795481 -0.3265882287519287 9.014988074537261
566 -0.2420493888902883 0.437506678049419 9.203698531581791
567 -0.3753038118592478 0.3303741043179963 9.302205941538801
568 0.4700414475543441 0.1704729819678671 8.499792688385895
569 0.3839585691440475 0.3202745965275043 8.399999820180879
570 0.3838094643730371 0.3204532650132971 8.200561218274727
571 0.2522415994072366 0.431710754473964 8.300445169541565
572 0.2520186225638419 0.4318409590127177 8.101143268132189
573 0.2518133856292001 0.4319606681376902 8.501099310106047
574 0.4698821657499968 0.1709115277273377 8.100589396354138
575 0.3838083177145082 0.3204546383704862 8.000632623929718
576 0.2525705307744516 0.4315183970403947 7.903193988357496
577 0.09027689777124938 0.4917825553319266 8.005039728152997
578 0.09035731728785211 0.4917677858629441 8.401684070050131
579 0.3839408137573136 0.3202958812276109 8.599606924502257
580 0.383552549268505 0.3207607238263922 8.800582624754416
581 -0.476289997511729 0.1521441364965382 0.8276130639615028
582 -0.4769662753348377 0.1500105736047023 0.6230591628825417
583 0.4703229294126299 -0.1696948498591584 1.700071766061919
584 0.3835798335355705 -0.3207280955962917 1.607168316232982
585 0.4703496948890771 -0.1696206488542951 2.100005001968441
586 0.3853552771399126 -0.3185927029616673 2.006066690958096
587 0.4723062337021701 -0.1640939414057421 0.3046104077037053
588 0.3763100835499224 -0.3292274609121335 0.3783766238955822
589 0.472015805772974 -0.1649274964961575 9.696727665872372
590 0.3668909643305239 -0.3396925378818591 9.640348537303609
591 -0.1103420974298167 -0.4876726581784023 9.111029588282454
592 0.4700377400782388 0.1704832041643458 7.700188761610368
593 -0.4997796998550906 -0.01484087641467005 2.119734980914715
594 -0.4649483271433257 -0.1839104485520682 2.219999843077672
595 -0.4653855398155095 -0.1828012563704823 2.420074339057068
596 -0.4648593261541648 -0.1841352950617991 2.020272732026597
597 -0.4647753597200222 -0.1843471317843703 1.820974919992937
598 0.4699233028902504 0.1707983881677987 9.100193339584179
599 0.4696141105103983 0.1716466929757968 8.899259798242598
600 0.0881075883568926 0.4921758353210084 9.591302387534681
601 0.4702487095673995 -0.1699004153914744 2.500100543386872
602 0.3850040971641778 -0.3190169982411538 2.405839676343636
603 -0.4997592126259862 -0.01551545666277036 1.721000507391397
604 -0.4648062036798907 -0.1842693491080054 1.621958662164437
605 0.4702545650930702 -0.1698842076507625 2.69996741598078
606 0.3837445054371652 -0.3205310508309382 2.800000001191102
607 0.3837701557204229 -0.3205003394355806 3.005728941315402
608 0.4687903907987949 0.1738837815746863 1.500745689168091
609 0.3738320414249499 0.3320385592127134 1.409175405424303
610 0.4630338549508645 0.1886786929394566 1.699616815388681
611 0.4694721485524566 0.17203459458359 7.303924835358368
612 0.4690945955127857 0.1730614355097519 7.105721962612839
613 0.470287579296981 -0.1697927936014535 3.101043297671533
614 -0.4998107577600008 -0.01375523272699628 2.519566217553939
615 -0.4658063577097585 -0.1817262697497764 2.619894088404244
616 -0.4663164361945338 -0.1804133624065281 2.818944487605481
617 -0.3750562307376707 -0.3306551432910897 0.7317224930481433
618 -0.2411467936432654 -0.4380048217948889 0.6330329344948158
619 -0.3953808726420903 -0.306062028923516 9.307196366831187
620 -0.4997437563006793 -0.01600556273572616 1.323851571210576
621 0.4700377400782385 0.1704832041643468 6.700188761610367
622 -0.2424912997576677 -0.4372619004004773 1.424730341731385
623 0.4692133395164561 0.1727392312701862 6.304829975578408
624 0.3776630379723294 0.3276745790407167 6.013377304166095
625 -0.3947614363414279 -0.3068605683004136 8.712122886522486
626 -0.2581448385287661 -0.4282070087480555 6.419418267221226
627 -0.4998661441542697 -0.01156883435540735 2.918722237993852
628 0.09208721325387405 0.4914467877147388 9.794609965735066
629 0.3782039143298551 0.3270501478146365 6.416503474943133
630 0.4693026274832756 0.1724965038407847 2.100107740042199
631 0.379266568964462 0.3258172335312007 2.003811566927727
632 0.4637624966420066 0.1868805680330966 2.299629075986527
633 -0.2570786148780267 -0.428847975129177 6.019519750980083
634 -0.3879097085212098 -0.3154775079700455 6.119006775443259
635 -0.3882634404058538 -0.3150420620238034 6.318885448807493
636 0.4671254777128478 0.1783081267680856 5.904829785206519
637 0.4614181583550228 0.1925961659542035 5.700140165121072
638 -0.4999132578283867 -0.009313143798357872 3.718961529401437
639 -0.4667290251939435 -0.1793432938292125 3.619526981570544
640 -0.4669299289799328 -0.1788195778509582 3.420098589703252
641 -0.4998952432744 -0.01023453719659099 3.319571946100798
642 -0.2559883700867528 -0.4294996558558897 5.619591972557587
643 -0.3871822033643831 -0.3163699438914852 5.719084304039769
644 -0.3874739184063648 -0.3160125987279901 5.918987378785515
645 0.4676257543088983 0.1769919600067582 2.701190515939692
646 0.372875772906039 0.3331120802068337 2.61043854916943
647 0.4644833300892417 0.1850817010652554 2.89963796887927
648 0.3768481640631079 0.3286114137431397 6.8147437456237
649 0.4696164428495702 -0.1716403117141085 7.098262455831569
650 0.3764868259086331 -0.329025333245394 7.208232090906677
651 -0.2548947522576068 -0.4301495847627116 5.219633775183095
652 -0.3863130134130303 -0.3174307100262101 5.319142294752694
653 -0.3867444209870751 -0.3169049586790526 5.51899964251843
654 -0.4999415757173322 -0.007643354582318449 4.118814680574015
655 -0.467261409167159 -0.1779516100042953 4.019464638060481
656 -0.4670085900180246 -0.1786140443788692 3.819617910775092
657 -0.2653883894538723 0.4237558291552811 2.018460583482465
658 -0.2537949781258573 -0.4307993837949349 4.819660774428173
659 -0.3854972050800203 -0.3184209554591104 4.919176215472706
660 -0.3858554296533068 -0.3179867723775032 5.11909107694721
661 0.4700226287759997 -0.1705248616433945 6.699961814313622
662 0.3834827453450159 -0.3208441740512826 6.601136311092459
663 0.3834537991221756 -0.3208787682891628 6.402048833041794
664 0.3836398194234071 -0.3206563408897064 6.799999915176254
665 0.3805785148352778 -0.3242838171197789 7.002703875338361
666 0.4697234083714737 0.1713473653952278 3.301733763720486
667 0.3755752167082017 0.3300655337877425 3.00807834277609
668 0.4702008638338405 -0.1700327840444605 3.499876174402898
669 0.3842502538143849 -0.3199245886823656 3.405718516024611
670 0.4701656643844544 -0.170130091500371 3.699883297976156
671 0.3836365794826119 -0.320660217181492 3.79981133010467
672 0.3835264623179618 -0.3207919149571401 3.999818291597633
673 0.4700641841572248 -0.1704102777786675 4.099989542500189
674 0.4700000000000004 0.1705872210923187 4.300000000000001
675 0.4700370721905532 0.1704850455803462 4.699811680421441
676 0.3809974511562789 0.3237915104081929 4.607911041958229
677 0.466869559664967 0.1789771333389822 4.899659705353509
678 0.4680314538075114 0.1759163387716654 5.305385413281748
679 0.3765902888296652 0.3289069083482276 5.009109423280034
680 0.4699430745671036 -0.1707439798833847 6.300284229525375
681 0.4699521961993419 -0.1707188720892195 6.09998080097346
682 0.3835853180855575 -0.3207215361481073 6.00009508276898
683 0.3835608462277244 -0.3207508024012909 5.800085993971088
684 -0.2523024524380093 -0.4316751932805105 4.420278887091125
685 -0.3839414083408416 -0.3202951684950167 4.520183741601154
686 -0.3850626558821709 -0.3189463137347237 4.719131893121273
687 0.470005338434821 -0.1705725119788339 5.700094478804938
688 0.4699904689806237 -0.1706134785630179 5.500141122612435
689 0.3835833745928394 -0.3207238605653926 5.400094857511559
690 0.3835590038882512 -0.3207530054983936 5.200080647653764
691 0.3835667697622424 -0.320743718775846 5.599901337916082
692 -0.2583860114282338 0.4280615248982425 4.017154574599089
693 -0.2489086179604079 -0.4336409804262504 3.220177430564119
694 -0.2481695405438671 -0.4340643721226679 3.020218641972424
695 -0.3799232113886932 -0.3250513089469143 3.119864203361659
696 0.4696676905718985 0.1715000304164971 3.703307756238915
697 0.3765897809796781 0.328907489823017 3.411901329674076
698 0.469810397680103 0.1711087088130336 4.100600785188569
699 0.3814084842715469 0.3233072348798913 4.006932735924604
700 -0.263697807270475 0.4248099180112717 2.417703460035212
701 0.4700377400782401 -0.1704832041643422 5.100188761610375
702 0.4700396961125154 -0.1704778111029532 4.900097829539632
703 0.3835827732123159 -0.3207245798106984 4.800094857269386
704 0.4700377400782395 -0.1704832041643438 4.49981123838963
705 0.3836355222217354 -0.3206614820798663 4.400000087292737
706 0.3776080938862832 0.3277378944088827 7.415241552146411
707 0.3732556054324979 0.3326864184381735 5.416612111940449
708 -0.256995663437269 0.4288976905678532 4.416934581151339
709 -0.4999639610945172 -0.006003133071994298 4.518723051170116
710 -0.2556931505475475 0.4296754737741837 4.816893184043708
711 -0.2597133588674724 0.4272574999058243 3.617207491075279
712 -0.2509435000776652 -0.4324665995990568 4.019906913108013
713 -0.3932861109947372 -0.3087491455836522 7.915680964986071
714 -0.4748433422740966 -0.156600767233003 8.01488029277111
715 -0.4751591589452036 -0.1556398845748954 8.21417393272073
716 0.2428384708664151 -0.4370691902516823 5.719356588621508
717 0.2418471608489589 -0.4376184991397162 5.920906540715507
718 -0.2543963618917061 0.4304445272695009 5.216826935270753
719 -0.499978149132815 -0.004674440043964043 4.91863964549225
720 -0.2541415661185619 0.4305950120133821 5.617579858455431
721 0.2405716148936597 -0.4383209989350917 6.320913812975697
722 0.2424159933978526 -0.4373036543923824 6.519438622942607
723 -0.4999902391601737 -0.003124219030779355 5.318563695344256
724 -0.2694919807466941 0.4211580134738308 1.222695459577332
725 -0.2503555981740052 -0.4328072024157362 3.620014430052506
726 -0.4999972977573365 -0.001643847730607907 5.718640588509038
727 -0.3920892446620446 -0.3102676654444471 7.517311475551369
728 -0.4741363779134626 -0.1587283690431617 7.616918010659927
729 -0.4743750249549314 -0.1580137199707932 7.815980247516903
730 -0.2610053105778886 0.4264694922853684 3.217132981110577
731 -0.2307024734717031 -0.4435948249630942 0.4546287179188374
732 -0.2623575389000128 0.4256389570778599 2.817369508856596
733 -0.253083870099973 0.4312175259601817 6.017584562275942
734 -0.3943021366969387 -0.3074505244689439 8.314317649194374
735 -0.4751708121352124 -0.1556043035868954 8.413318580116126
736 -0.4753004067134713 -0.1552080003672774 8.612226130716182
737 -0.4999999993065484 2.633346908763578e-05 6.118244027427232
738 -0.251821806033252 0.4319557593158716 6.417334977184953
739 0.377159465591316 0.3282540746355982 7.014887509523095
740 -0.4999560267244204 0.006631089045594725 7.317289088709731
741 -0.4999969821187609 0.001737202386454294 6.518141201894896
742 -0.250570773903808 0.4326826634674039 6.816992892319972
743 0.06384758771401165 -0.4959067306894529 8.614941952817794
744 -0.4999881770770138 0.00343842743193464 6.917679108811556
745 -0.4656935729158736 0.1820150986727418 8.809417436942923
746 -0.2494118080882488 0.4333517624126508 7.216349848054601
747 -0.243674457540243 -0.4366036632261213 1.822528904490833
748 -0.2452605121674246 -0.4357146786273932 2.221368947507207
749 -0.2468849334725703 -0.4347963081998794 2.620666531362716
750 -0.4678168165033991 0.1764863343055915 7.615602441389835
751 0.07436000519511447 -0.4944396723841874 7.8200269787568
752 0.06401140217421046 -0.4958856122047619 7.410026379014476
753 -0.2676598361722715 0.4223247708816437 1.619867244609142
754 -0.4671887773245278 0.1781422081989914 8.014237212999706
755 -0.4663539489761006 0.1803163727297013 8.412293563453165
756 -0.4649479735756758 -0.1839113424122413 1.225332825333329
757 0.2209477194861522 0.4485332822142283 0.7256954489236717
758 -0.4679960051528254 -0.1760106222959189 4.219534964528844
759 0.2511058326900427 -0.4323723635814855 1.323721167698704
760 -0.4997848559441075 0.01466621181245006 8.90928703454124
761 0.07245691191230887 -0.4947221401111253 7.01954579881337
762 0.2364873728264538 -0.4405379921115111 7.113969341662967
763 0.2521502628705846 0.4317641079736655 8.901712950070737
764 -0.08208434907749684 0.4932161388646195 8.70822707723044
765 -0.09933219742581666 -0.4900337891967845 6.919392761814988
766 0.3829209918398606 -0.3215144071552276 6.199537164445596
767 0.2524351928873875 0.4315975826993328 8.699633002058262
768 -0.2614404206185618 -0.426202893545773 7.018725955706657
769 0.06344242994024356 -0.495958726189264 8.418253556778156
770 -0.3899661938322188 -0.3129318898227094 6.918503716126662
771 -0.1121254539472269 0.4872657207080427 1.12307738561695
772 -0.4997974440531071 0.01423077362553612 8.710806014828448
773 0.09017158589091863 0.4918018758584768 8.603535898698004
774 0.3841532862256115 0.320041017186959 7.801004519517422
775 -0.4649405923504747 -0.1839300018615499 1.423446136997884
776 -0.3757736208426188 -0.3298396366097133 1.523410049655981
777 0.2434898631982602 -0.4367066366792386 5.321276898785365
778 -0.1110639044336062 0.4875087785178466 1.321374054656116
779 0.2437351971262019 -0.4365697580935394 5.121293999902107
780 0.3700565732981038 -0.336241182128045 9.413942940148752
781 0.3840148661302996 -0.3202070932864044 5.000376988675466
782 -0.2824288846100454 -0.4125941409398898 0.1555675934064055
783 -0.275641454421058 -0.4171591885655209 9.802160039982553
784 -0.1100092826954989 0.4877478423538353 1.519919645183527
785 -0.4998202738563072 0.0134049931818728 8.512221805413439
786 0.09637974734723613 -0.4906230164813744 0.2172136093039781
787 0.1082314374403181 -0.4881454250012003 9.821596282334962
788 0.2448999394337788 -0.4359174459290789 4.719594416542648
789 0.3845666262369293 -0.31954422226782 4.599812085304041
790 -0.08242187488054983 0.4931598468460049 8.307039539769233
791 -0.3758774354263215 -0.3297213270890003 1.722075775304877
792 -0.08435298944089228 0.4928332102977484 7.910210522986525
793 0.09034130132804673 0.4917707283626742 8.204183639443805
794 -0.4998443423592456 0.01247531207838989 8.313245725876884
795 0.08739590386428366 0.4923027076786648 7.808755234402747
796 -0.1091440385584634 0.4879421880173395 1.718994274231031
797 0.2455263700126624 -0.4355649224035438 4.319633133234904
798 -0.4998649776527459 0.01161912717117099 8.114242898747785
799 -0.4717263715709027 -0.1657535229325476 6.618557305928079
800 -0.3762163148879247 -0.3293346085854779 1.921401081050761
801 0.3848772760327056 -0.3191699898073824 4.200184745735493
802 -0.471438521303109 -0.1665704674650884 6.418591631636394
803 -0.1083537629485772 0.4881182869498781 1.918002879346397
804 -0.49988456607558 0.01074339794614156 7.91501805376691
805 -0.4710990333557398 -0.1675282088822285 6.2188588905385
806 -0.3765716805827399 -0.3289282131150974 2.120869452352145
807 -0.4709269167974024 -0.1680114253129603 6.018818642496471
808 0.2458420688389151 -0.4353868132925044 3.919635527784546
809 -0.4669839127203854 -0.1786785528829901 3.218771044589396
810 -0.4734653132392181 -0.1607190006168811 7.417144858139185
811 -0.4999032702953837 0.009834650374087279 7.715970560056805
812 -0.4707107090490616 -0.1686162162620476 5.818901389958224
813 -0.3827216969383152 -0.321751616456944 4.319566956835923
814 -0.4667726317033512 -0.1792297695493906 3.01935509786973
815 -0.1073907199041974 0.4883310693356078 2.11755249304169
816 -0.4704811734428838 -0.1692556215781536 5.618899892531151
817 -0.4702478477617152 -0.169902800669897 5.418967745806532
818 -0.472096650871786 -0.1646959387345147 6.818262123654765
819 0.08500326145566094 0.4927214685214158 7.611495721991989
820 0.2465893964525422 -0.4349639865059761 3.718260901089926
821 -0.4999234754618512 0.008747495764155108 7.516614786451145
822 -0.3777386596221275 -0.3275874005923893 2.520174739033298
823 -0.3771292322645525 -0.3282888090866779 2.320624268293255
824 -0.1065075401986416 0.4885244557653534 2.317468994838643
825 -0.4699989842630358 -0.1705900196134422 5.218952733938425
826 -0.4697617382251771 -0.1712422532544472 5.01903183722614
827 -0.4727103376300532 -0.1629261694685084 7.217880578463896
828 -0.1059575661823812 0.4886440362561548 2.517069170434409
829 -0.4724247022931851 -0.1637525592569332 7.018079500448302
830 -0.4692385096127211 -0.1726708461102577 4.619367219872418
831 -0.4695234492642081 -0.1718945333366963 4.819015663096172
832 -0.1051851020188893 0.4888108983167989 2.716912881964911
833 0.3839426132695409 -0.3202937241279569 3.604473664542637
834 -0.3790937686040375 -0.3260182734228074 2.919752346671504
835 -0.1044586701432347 0.488966651451719 2.916787234205324
836 -0.4687386706638834 -0.1740231554255223 4.419387992551402
837 -0.3803155840186681 -0.3245921387719355 3.519660969149389
838 -0.3810689788263458 -0.3237073267262359 3.919487481032074
839 -0.1036907119095767 0.489130081127388 3.116808846680239
840 -0.381681580407469 -0.3229847847463666 4.119703812904818
841 0.3833136032219583 -0.3210462296694965 3.208374268656982
842 -0.102466750058252 0.4893879495170469 3.516558941749126
843 -0.3800553946089765 -0.3248967482579892 3.319587884675705
844 -0.3806265210167448 -0.3242274687602664 3.719705911210985
845 -0.1029787435184401 0.4892804700612557 3.3168022417422
846 -0.3783394021840578 -0.3268934027401131 2.71980208525845
847 0.2481455526654393 -0.4340780859388824 3.31598705415668
848 -0.101020740136341 0.489688482672715 3.916512344338016
849 -0.3748156749536648 0.3309278015051451 9.488182830387908
850 -0.1017364091997431 0.4895402976703169 3.716351171314471
851 -0.09007181501328554 0.4918201583304739 7.117196970350872
852 -0.1001114344987449 0.4898751888824372 4.116474652238707
853 -0.08938781400822565 0.4919449346286949 7.316008862533808
854 -0.09938001501019923 0.4900240939143427 4.316451099388017
855 -0.09866537369312497 0.4901684853537567 4.516412674520767
856 -0.09815636821517404 0.4902706674672748 4.716282641281603
857 0.2533455320606236 0.4310638483855025 7.70832821969443
858 -0.09735745021726855 0.4904299408551563 4.91631084264518
859 -0.09065238729006332 0.4917134782356615 6.917554386454375
860 -0.096576990040574 0.4905842282368063 5.116407354439664
861 -0.08865293531013557 0.4920778973505078 7.513976727960632
862 -0.09584100018342162 0.490728542764573 5.317241423535002
863 -0.09156003759529238 0.4915452771775441 6.717332279935675
864 -0.09542498300655289 0.4908096093376729 5.517459050859327
865 -0.09220787219583207 0.4914241633305358 6.517581831271702
866 -0.0948909877874476 0.4909131292160788 5.718353192913338
867 -0.09345405346758687 0.4911887008986235 6.11823301756504
868 -0.09301398442786821 0.4912722246380842 6.317547626022817
869 -0.09431046458885266 0.4910249853816349 5.917974995149699
870 0.2492019789022684 -0.4334724601531144 2.914257679585893
871 0.2503471972532164 -0.4328120617860126 2.711889269305759
872 0.3849198757693804 -0.3191186131169487 2.603979354559942
873 0.4682047958787282 -0.1754544645090529 8.905281877467541
874 0.3865644217220757 0.3171244989884529 7.607555901851096
875 0.2512794092517406 -0.4322715101485365 2.31325807789527
876 -0.4160643866625128 -0.2772912298489569 0.1581363026616721
877 0.3854585731132681 -0.3184677195784265 2.205141480098731
878 0.3690097079995027 0.337389738139917 2.408779668669738
879 0.3785759858041722 0.3266193854816324 3.809304244323429
880 0.3667052688839896 0.3398929916499028 1.808516649215038
881 0.2519080179512904 -0.4319054879158777 1.914012825563382
882 0.3807642366361745 0.3240657280535406 4.40626769769507
883 0.3854438808382915 -0.3184855015920144 1.805663353693571
884 0.2503753087027336 -0.4327958003400805 1.518461905035161
885 0.3636989361333696 0.343107976962727 1.213607180665658
886 0.4554868509408558 0.2062322201305669 1.112710208137496
887 0.471951379722522 -0.1651117657164619 1.301226904584255
888 0.4714900754745192 -0.166424483562462 1.106161104056281
889 0.2296415957641822 -0.4441449509955955 8.326799295513919
890 0.3853117052893501 -0.3186453981575962 0.8208820777195183
891 0.4722219178793903 -0.1643364240645096 0.7029680562592719
892 0.3728243541804334 0.3331696278623589 5.611251631853819
893 0.2012115892326215 0.4577268796547596 0.3208024070676307
894 0.4138893572701458 -0.2805273604098282 0.1701463557898862
895 0.4126703926932028 0.2823174578279526 9.833156397520481
896 0.4135489717156638 0.2810289095323061 0.169505056933982
897 0.4120044742308586 -0.2832883923032389 9.835209186937668
898 -0.4993833002524458 0.02482578153806282 9.487214905954675
899 0.3838559244035719 -0.3203976112586973 1.41166419861451
900 -0.4902935713283987 0.09804189876804896 9.843131354335785
901 0.2331511911714912 -0.442312697144582 0.3448668814750682
902 -0.06779643364530508 -0.495382320622141 0.3491997395279616
903 0.2272254575836835 -0.4453858904656564 7.304388870278966
904 -0.1105444169681325 0.4876268367073081 0.1557177154022574
905 -0.416678680718336 0.2763672864773019 9.841470556636878
906 0.477831595316874 -0.1472309971335222 7.701320722864994
907 -0.4987366777540121 -0.0355207863495549 0.3487603047836652
908 0.05345666278315891 -0.4971341722353108 8.027569708099906
909 -0.4620230422966729 0.191140546161527 9.570733582773464
910 0.2111131890696205 -0.453245211117398 9.677387894334579
911 0.2312252787093591 0.4433225355040946 9.656799763458165
912 -0.09585943002602923 0.4907249429925942 9.8590304271832
913 -0.4137429388634311 -0.2807432644617697 9.862223168882123
914 -0.1389218145239892 -0.4803131576891917 9.667233306783265
915 -0.405217449537907 0.2929143536769644 0.1424200940046519
916 0.2113919593417433 -0.453115260751234 7.500252800632856
917 0.4757551554905137 -0.1538084263757912 7.484594006812584
918 0.2318283401134096 -0.4430074725332083 8.156585177887219
919 0.4783555118640492 -0.1455197727777346 0.1475802136912997
920 -0.4620896781739219 0.1909793950276345 9.722283269998677
921 0.4782239222319915 0.1459516365274817 9.852545175730587
922 0.4782231937196521 0.1459540235436356 0.1470763309009316
923 0.4782231937197043 -0.1459540235434643 9.852923669099138
924 -0.4600868674802736 -0.1957551388142575 0.2819481173148811
925 -0.207149866334778 -0.455070250486102 0.2951650682367649
926 0.1900428473061023 -0.4624756384803306 7.691002198997032
927 0.1536310428435372 0.4758124658673911 0.1359436259236294
928 -0.0627097287946847 0.3152630961100268 10
929 0.05533867031720698 -0.3202664035739307 10
930 -0.2883534653220133 -0.08361808915135242 10
931 0.3340746794416691 0.06751015065979124 10
932 -0.2672671475943564 0.1785821986401757 10
933 0.1953085435795848 0.2912332548130402 10
934 0.2792747720342928 -0.1802747365457643 10
935 -0.197128399340678 -0.2710182334032047 10
936 0.2106520661450171 -0.3152630961100262 10
937 0.09276698844404234 -0.1376959357467603 10
938 0.2228927954666152 -0.01940171523854835 10
939 0.06304462576590251 0.06574397041179814 10
940 -0.1006345292030333 -0.01930358278090395 10
941 -0.1026050891857488 0.1567734579338612 10
942 -0.07185561660073174 -0.1750693506763057 10
943 -0.3252437553779031 -0.2248828573325924 10
944 0.371878177559365 -0.07397116867516623 10
945 -0.2106520661450165 0.3152630961100271 10
946 -0.08099741236135044 -0.3456587507818167 10
947 0.3099164658007819 0.2077968254985521 10
948 0.07397116867516729 0.3718781775593651 10
949 -0.3552317421972896 0.06843774366724968 10
950 0.04370920140124578 0.2197409943737627 10
951 -0.2228183947004883 0.06017434566180604 10
952 0.1948243852426332 0.1387705800863993 10
953 -0.08361808915135352 0.2883534653220136 0
954 0.06751015065978994 -0.3340746794416688 0
955 -0.3202664035739313 -0.05533867031720594 0
956 0.3152630961100262 0.06270972879468581 0
957 -0.2710182334032052 0.1971283993406784 0
958 0.1785821986401746 0.2672671475943572 0
959 0.2912332548130399 -0.1953085435795843 0
960 -0.1802747365457657 -0.2792747720342919 0
961 -0.3152630961100274 -0.2106520661450158 0
962 -0.1376959357467613 -0.09276698844404163 0
963 -0.01940171523854951 -0.2228927954666146 0
964 0.06574397041179723 -0.063044625765902 0
965 -0.01930358278090481 0.1006345292030338 0
966 0.1567734579338603 0.1026050891857495 0
967 -0.1750693506763065 0.07185561660073231 0
968 0.2077968254985513 -0.3099164658007819 0
969 -0.2248828573325933 0.3252437553779031 0
970 -0.07397116867516787 -0.3718781775593643 0
971 0.371878177559365 -0.07397116867516623 0
972 -0.3456587507818171 0.08099741236135125 0
973 0.3152630961100262 0.2106520661450177 0
974 0.06843774366724835 0.35523174219729 0
975 0.2197409943737619 -0.04370920140124494 0
976 0.06017434566180499 0.2228183947004888 0
977 0.1387705800863984 -0.1948243852426327 0
978 -0.0006427172263372971 0.0002860209548799456 7.565832404528578
979 -0.0002253948518445292 0.0002846200390809218 9.154744801495212
980 -0.001096682999732312 0.0001504627380405632 1.075873611398283
981 -0.0004013265782292774 6.319111593267035e-05 8.561638566419903
982 0.00106591551469859 -0.0001770585259567026 6.767507951624657
983 -7.898684016333091e-05 -0.0001318673793617442 1.770792662518109
984 0.0009452004832820049 -0.0001317024236708597 5.568306187018597
985 -9.064286200188842e-05 -0.0001617794406206796 2.569490020261586
986 0.0002172519832508435 -0.0007062881170301072 6.16756782124012
987 -0.0001114580730540715 -0.0001426430478440599 3.869441371858384
988 -0.0002181275899885704 -0.0001231671632366815 4.669253012045787
989 -0.000121590805665428 -0.0001511291802579473 3.071622165203847
990 -0.005742629503637076 0.000223871593519942 8.06273646611843
991 -0.007084226535217453 -0.002041317663051302 0.5805493466963733
992 -0.02593498586874698 -0.04387517734657109 5.118813213128985
993 -0.01315987952784493 0.07505144397160157 9.577453072736718
994 -0.08155320382279735 0.04789712433346011 7.166467427221169
995 0.09485623790328351 -0.005288640860255029 4.269359990290403
996 -0.03241183514963304 -0.08867971987760487 2.170137553965427
997 -0.08379332178285753 0.04433304455752524 3.470532358153461
998 -0.1374717147302039 -0.004350570727711278 1.423531829563339
999 0.1489784938620104 -0.1030436387375137 0.3126923496195012
1000 -0.1427263511077155 0.08222792207823526 6.467667765961658
1001 -0.1432418618433389 0.08179544699363328 5.867841125208296
1002 -0.1050103516587766 0.1300124410551578 8.858174266361655
1003 0.171679554361605 -0.02863632608754449 6.452510432172601
1004 -0.007514897670056586 0.1799075063478799 0.3132549610587609
1005 0.1410748787345135 -0.09942174484125106 5.877426566230336
1006 0.0593514191266921 -0.1623672775491161 8.849091418050005
1007 0.1844294529163015 -0.004873953822037356 1.497014493492553
1008 -0.1655838500734724 -0.09229002139579207 0.3237975692461207
1009 -0.1927689631704334 0.005878304833565162 4.412114811726776
1010 0.01921689969866233 0.1933252859837167 2.31424592707466
1011 -0.03891891606361966 -0.1931238150175676 2.820557793433055
1012 -0.0506658959963921 -0.1899228383253916 9.405008691685406
1013 -0.1497322710870656 0.127339168780555 2.820544166622361
1014 -0.03887649725586095 0.1943196248352424 0.8277679409724262
1015 0.206098042642028 -0.03961009735530473 3.633844278420153
1016 -0.1540341089409138 -0.1277351014891752 0.830221489059191
1017 -0.04056169175050064 0.1938185184052215 7.813925112715649
1018 -0.1906187238617395 -0.05747588094439594 8.313745371295074
1019 0.1566195669639633 0.1164041194760194 8.31051528416357
1020 -0.1604598646405135 -0.1170525887744538 7.812655671281208
1021 0.02400854883316007 0.1967833729893728 4.917446859013573
1022 0.02344023049799582 0.196552041508948 5.320141494141702
1023 0.187307386878921 -0.02204388317489105 7.816236819723324
1024 -0.1837393467371021 -0.07999876518242585 4.110704944470279
1025 -0.05297759471946754 0.1943560037814995 2.009939964014667
1026 0.01191233866646237 -0.2003603836435643 7.328651649258012
1027 0.11471629908932 -0.1496270225649606 3.32308870973349
1028 0.185899072823122 -0.04815569325798703 7.022496608659344
1029 0.1639208279844782 0.09668761201873297 2.820564148146351
1030 0.1782067835418348 -0.07849215947813298 0.8263509862165764
1031 0.1882703698086232 -0.05948652416702566 5.335201466397251
1032 0.1837928693900021 0.05628942197195125 7.324426048501971
1033 0.1866512216131855 -0.0598383576887949 4.901775858798343
1034 0.05996267282076603 -0.1978395401253022 1.297867887805041
1035 0.1964817540343616 0.02042304854052602 2.002063183445573
1036 -0.05383307963806931 0.1921895129478314 4.095941660351722
1037 0.1983642376624412 -0.01922775982090346 9.382436972411977
1038 0.04534659133452604 0.2026994163307387 1.297320139127849
1039 -0.06818576777573071 -0.1973486244398397 6.384882321785436
1040 0.1404176812727485 0.1528224399887957 3.294752168067897
1041 -0.07537852957070468 -0.1923307087853926 6.98576247838144
1042 0.08694964467557165 -0.1785310071422785 8.290136463788883
1043 -0.1119087246229158 -0.181959429129873 9.699970137491226
1044 0.2029725158915985 -0.04191023258312093 2.351514666527545
1045 0.1820625112323518 0.09640647164214668 8.937214794713126
1046 -0.2063099514826559 -0.04371697271818475 5.35726316294168
1047 -0.07701222650396158 -0.1917713345938739 3.65349691736529
1048 -0.2063890529018204 -0.04470041160540245 4.88076544585789
1049 -0.230971884120547 0.05585434499080114 9.732252979138215
1050 0.002727437537488461 -0.2109392983150728 4.461394646101315
1051 0.2165272408144426 0.06104527015172294 9.733773931799002
1052 0.01810187636276532 0.2074115868556714 4.459646014744168
1053 0.119778791394937 0.1755480264298711 5.773133377896111
1054 0.05961958351158914 0.2063472735359421 3.669222293642601
1055 -0.2138164480351687 0.02470168338955992 2.370482288553845
1056 -0.205044249041499 0.05437935945892215 9.357073732214838
1057 0.05699599739534776 0.2073567763882721 6.965013547939747
1058 -0.02745645435733264 0.215476064232981 1.578169604487963
1059 -0.01343982924671047 -0.2163078383982996 1.577869501066913
1060 0.07293775541053106 -0.2057388094135101 4.060717312825315
1061 -0.1101430377370372 -0.1858091139913355 5.76129237967253
1062 -0.1674740596020333 -0.1378381302649539 3.262584427474956
1063 -0.2167152585639117 -0.05574617495095144 1.951719588404125
1064 -0.1938899509523396 -0.1142815709813687 8.977886609336787
1065 -0.06243751893597443 0.2189805486426233 7.393707347957751
1066 0.026315987284042 0.2208434370139124 9.334709691600043
1067 0.08473208339125438 0.2084139123906212 6.588989252600913
1068 -0.2295862773941183 -0.01712515327221372 7.399423508683947
1069 -0.2246990698857922 0.06649689797689151 6.923651766010623
1070 -0.2268414876375041 0.06173369321713718 3.713191738527804
1071 0.06229990186269426 -0.2215884196718095 1.937537311663641
1072 -0.05536774729379618 -0.2282051591656755 2.413716131732915
1073 -0.1709823460176741 0.1596923723780846 3.228669668694319
1074 0.2331552077427226 -0.01970466993933656 4.51370852872329
1075 -0.1080661731691191 0.211310992779312 8.311426241771654
1076 0.2053365356660331 0.1013956733742205 4.033228985881443
1077 0.03527712223136256 0.2348268362051131 6.314729785669241
1078 -0.2285312124382221 -0.06732214494233105 8.705883820696311
1079 -0.1908551504331599 -0.1434067272717194 6.024192106470476
1080 -0.1930325542822385 -0.1401673356082915 6.626394431741561
1081 -0.01225754102973073 -0.2321902750647049 5.417407600177231
1082 -0.01294881707921251 -0.2329421056336136 4.818711935471673
1083 0.07047345168538353 -0.2203092622901244 6.620000387275144
1084 0.05773846193449694 -0.2273840910657347 7.698443956919919
1085 -0.2084787116101388 0.1244651820380294 1.196739836915079
1086 0.02583835856695548 0.227377849982465 6.022536305355803
1087 -0.1880750486875097 -0.1498658005830596 1.201191845135079
1088 0.2402325737899769 -0.02214537734110695 8.69489767372527
1089 0.1980998690360514 0.1195404123325081 5.118995964244338
1090 0.1971191587008428 -0.1424349291723349 2.693331098826687
1091 0.2194665750934327 0.008425014786078041 1.230272639804953
1092 0.09999365850200273 0.2086242434147388 8.700851172934295
1093 -0.2431457803266639 0.03161247085505096 1.665740121928594
1094 -0.1511037814146371 0.191632449689928 5.118544551030276
1095 0.1878019990127931 0.1512151600920659 0.9624253691643992
1096 0.1427701804703414 0.2112446923153526 8.003986142656585
1097 0.008257797738461007 0.2482093661230572 9.065026473996001
1098 -0.2286710699739305 -0.07935398637587665 2.675963389134739
1099 0.2059461144048755 -0.1271161827183776 2.959495956538064
1100 0.1528120065946429 -0.1981945259929427 9.730542971432332
1101 -0.007862120817695009 -0.2448011131311014 0.4731998877406914
1102 -0.228436508179738 -0.07926058566491115 2.965017903686383
1103 -0.04019412554970379 -0.2544409868417998 8.614316186772079
1104 0.255984970044667 0.006369643478498547 6.699999999999999
1105 -0.184122944254145 0.1809653818703224 8.610046994265364
1106 -0.2064594879040792 0.1552845791302646 7.614547739913136
1107 0.03415024413386428 -0.2404116871867821 0.9754433065474684
1108 -0.2570351051866602 0.0148194246008278 5.618609790729025
1109 -0.2075301031339623 0.1528114655937166 6.217073888835968
1110 -0.189575233422617 0.1747472413952856 4.617498868168108
1111 0.2555228716278842 -0.01609183500365549 6.100692653258449
1112 -0.1431651116057047 0.2138878533770361 6.719306710465031
1113 -0.04347278147757451 0.2542100503980053 2.616946807409889
1114 -0.207714404833674 -0.1528943134631222 4.620332944223088
1115 0.2063746675096633 0.1131543053589195 0.4630453943250893
1116 -0.2338446799707304 0.1107217888123796 9.103898161771571
1117 0.02466352663056018 -0.2574397455094639 6.120493124767654
1118 -0.0369546972624569 0.2544733198901837 3.020379628507066
1119 -0.1245486102373757 -0.2269035802167201 8.115891943580886
1120 0.01598553985438823 -0.2579158683620155 9.112109899521595
1121 -0.2319215416893093 0.08066898973612874 0.6895764939396138
1122 -0.2540737721112132 0.08026356585150156 7.948880985698166
1123 -0.04603496330776831 0.2267995944271901 9.769788481996679
1124 0.2377680532675236 -0.09300594330697146 7.575299445859689
1125 0.2035848417795518 -0.1544973269472345 1.71161899198307
1126 0.1664092808674051 0.1823673259655897 7.653416867986493
1127 -0.06848373698386934 0.2479192182388993 5.608058991441389
1128 0.1935934642205056 0.1682292534213889 2.510100847825888
1129 0.2555713771146117 -0.007512419835659228 8.09945520584469
1130 0.1294841985020422 -0.2159285516210919 3.808088188185832
1131 0.0204205124481969 -0.2564482746413869 3.106274276772217
1132 0.198327734766193 0.1597542307263654 1.702632926101127
1133 0.2075687069630772 0.1440468548109703 5.498261824408155
1134 0.2421850841361188 -0.09323888079614215 5.600118893555777
1135 -0.1398181113888512 -0.2156305467391234 7.535061822962922
1136 0.01329570402589655 0.2531719352394056 0.5586672929029428
1137 0.08690485160009942 -0.2232088026679521 7.959699173284515
1138 -0.2425097863579471 0.08344131338138265 0.9458410043806967
1139 -0.1296040239707219 -0.2218209730720548 3.903289637960985
1140 0.2069532598355043 0.1433218801426559 4.738615365766576
1141 0.03400581155008958 -0.2593011040937792 0.722722429781539
1142 0.223931056971195 -0.1216791882869354 0.5738223641615428
1143 0.2111700978691947 0.1370545359194988 9.184632182972853
1144 0.1813405716252586 0.1449626268095782 0.7111758167517485
1145 -0.2182415956328324 -0.1369567901586696 0.5651651992943889
1146 -0.2022226692504718 -0.1691568154528551 7.201790386982165
1147 -0.2234065351659797 0.1279485034005901 0.4389676940054619
1148 -0.1076882432864118 0.2313056939037808 3.854244409877264
1149 0.2219829907756262 -0.1076846402054217 9.086864045390083
1150 0.09973137219568115 -0.2459349883068947 5.194616448242081
1151 -0.01911119021011475 0.2642096916142908 1.065379753289884
1152 -0.2164972205751178 -0.1548841371025126 9.222548924452978
1153 -0.2459875994939552 0.1054634963114849 2.13807121946085
1154 0.1849603662576576 -0.1944067380786709 8.520769347371475
1155 0.2294958728047163 0.1038366522790253 3.063967191731933
1156 -0.2639321257511495 -0.06887753194318118 6.308409968059974
1157 -0.03001865779985689 -0.2697389509529402 0.2353378198738335
1158 0.09069358901936805 0.2489208348075952 7.204416161752896
1159 -0.1671319898973904 -0.2103735884496747 1.76842118822295
1160 0.2014784928311912 0.1895962766588267 9.519872425392384
1161 0.2407236588519126 0.1013501656517061 0.2253353770671228
1162 -0.2675207519237305 -0.07818433405695495 5.118929891976749
1163 0.2488886173523714 0.1057294738161689 3.790744412239567
1164 -0.08804060868560468 0.2519113347183483 8.071708976254202
1165 0.1926411922399106 -0.1813423317996415 2.141168866387354
1166 -0.0353846179726218 0.2750608862595809 3.410319026259261
1167 -0.201004902095699 0.1925780361539338 5.412406780418501
1168 -0.0824475382406462 -0.2591469468817693 4.239319954855508
1169 0.1944610899314658 -0.1889999544691697 4.690458574461262
1170 -0.1464156186073064 0.2158145442270805 1.788310684462857
1171 -0.167073758759455 0.2206094124597983 4.306433935055511
1172 0.133522272022633 -0.2249744796340616 6.85852995911439
1173 -0.2593367650090478 -0.1115864068157638 3.51978100557685
1174 -0.06095676710721121 -0.2728082357332758 3.428957301543154
1175 0.1453259730700722 0.2301998464892521 4.231356484395289
1176 -0.08546974154285419 -0.2631168137024167 5.044472823033352
1177 -0.2620203295336812 0.07605564940167886 3.948473195011556
1178 0.0610919870831013 0.2649887437925172 8.471721949402088
1179 0.01363424335852811 0.2759176921207466 4.692193671441728
1180 -0.2491306033896388 -0.1179654124887282 9.515804903199943
1181 0.07622384571182922 -0.2578395399472496 5.635054479910224
1182 -0.2431792675309163 0.1346659984010998 2.577335377840527
1183 -0.1588430694678923 0.2391924202452333 9.494206571159035
1184 0.1995077918451996 -0.1807175553814531 6.267596588662982
1185 -0.2013968902463177 0.1883833668677397 4.851741600379184
1186 0.2257720420432736 0.1448799033575807 2.204064447509404
1187 0.2347713066094234 -0.1392651903839642 1.047070060829342
1188 0.2329010356389113 0.1568833990682408 3.51390362774881
1189 -0.1053113118205964 -0.25818283335152 8.391990541424603
1190 0.2403448576201869 0.1240517817485309 6.288195579756136
1191 0.2433901448489345 0.133110964371463 8.523917453337269
1192 0.1432192329886433 -0.2308593095918794 4.279230486241006
1193 -0.2154483159360441 0.1941406815351411 0.2210190345950307
1194 -0.2371654562053995 -0.1641174828789266 2.241816415521422
1195 -0.1188008014736131 0.2646906128626401 7.100972166793087
1196 0.2586957886602311 -0.1109911527125345 3.965625739281578
1197 0.1080027357604413 -0.2454700686229357 7.12048348943358
1198 -0.1956603037602661 -0.1944893100701797 5.549119381889152
1199 -0.0327469182535222 0.3083480045679465 7.605949661680381
1200 0.1712909909071043 -0.2242453531452521 9.279663250559707
1201 -0.1671126655947298 0.2196217479270811 1.398931436705414
1202 0.005251458311693068 -0.007107550001517332 9.790570493191449
1203 0.2958471336107076 -0.01353806514629999 3.3
1204 0.2545526287933699 -0.1003558305361915 5.114632718961222
1205 -0.2479230759566682 -0.1453932221368393 6.846335886337403
1206 -0.2889926963863258 -0.07010006948394344 8.110465750198729
1207 0.1522115454598502 -0.2042776742119775 9.504298718869752
1208 0.1624288075730305 -0.2244857391392756 2.482866779684985
1209 -0.2727801336253501 -0.05919399817929791 7.626689413380167
1210 0.1533085772049053 0.2284158485800845 1.916442755977629
1211 0.1798850602112211 0.2234998799212254 1.481401046045364
1212 -0.1634444548598022 -0.2272807479796025 1.410798263526094
1213 0.2375081519707759 -0.1660962131671978 7.294212328240727
1214 0.05420719817956741 0.2927187655066276 5.118892373993345
1215 0.2148992026495933 -0.227411612611591 0.1770621248919955
1216 -0.2492402975748778 0.1684185584177761 3.01799891690288
1217 -0.1339724411223611 -0.2425966260491962 2.043177068457257
1218 -0.07873146255635854 -0.2749639965056074 6.777715150626506
1219 0.1037929319090941 0.2865608465900937 0.1850367459583694
1220 -0.06652169880400471 0.2881036264634641 5.828084070613731
1221 -0.190733292159791 0.2220915972044624 3.561886630594392
1222 -0.02644044232388654 -0.2996259804991765 2.623970949106309
1223 0.1131119800861588 0.252980812324491 3.894181795458498
1224 0.2332323863296895 0.1623837493779789 5.966381549997381
1225 0.02927604918890014 -0.2911780611103902 5.899995360004882
1226 0.2893277248819202 -0.06975420208372113 4.182247113091926
1227 -0.2527037875763202 0.1526199034660462 7.259525647452898
1228 -0.2894759299876886 0.05438480115325212 6.671215806593107
1229 -0.1591636430013827 -0.2327036308701464 5.251353852892821
1230 -0.2786678170160288 0.01070553413833586 8.50497019683964
1231 0.1542728048259935 0.2449633020116522 7.43967431359137
1232 0.1163110769382291 -0.2605802640225395 3.564686570181608
1233 0.1924233104068608 0.203818317380803 6.7859563508088
1234 0.1842295738113052 -0.2253945133843538 1.478858139223652
1235 -0.2833567032105901 0.05564632253402972 6.035119697242854
1236 -0.1403582711701685 -0.243759322551169 8.809143128464019
1237 -0.2141473538419712 -0.2128015132590574 4.40901024947602
1238 0.276360219626824 -0.0712664992677331 8.35371572792384
1239 -0.2935650828225579 0.0448815724676097 3.3698382856304
1240 -0.2570590695091642 0.1373994267490815 8.170107136114828
1241 -0.009426453990206501 -0.005671703761479338 0.1973308301301108
1242 0.04140561339649054 0.2780911419873516 2.817329032205087
1243 0.138516477656882 0.2151814967965379 9.830194532391337
1244 0.2450500667771817 0.1596727029885311 7.072503307706256
1245 -0.01259654128323839 -0.3004004758865636 2.213560377033708
1246 -0.1905870733731947 0.2371453401555145 2.339999151137804
1247 -0.2498047545259057 -0.1594492617848126 2.476829063594022
1248 -0.263051671062582 -0.1468570992745433 3.751971157463962
1249 0.294349049976116 -0.05710866107885806 9.571438149279984
1250 0.2963077976898945 0.04650888013349691 2.656761648087729
1251 -0.1734072698955251 0.2430081348711826 9.260957598436134
1252 0.2236772386417571 0.1967194472925445 4.528792211070996
1253 -0.2743760782384941 0.1075523604515632 4.159790878670939
1254 0.1334327607084163 -0.2571170279847728 4.979062539200061
1255 0.2845100924695109 0.03110789331741037 5.775479468328777
1256 -0.2896365121427059 -0.0009640505769755916 3.153762634207156
1257 -0.2817703804114878 -0.07031469755638575 5.812374054407791
1258 0.273162672767873 0.09347110774763782 4.336004320755284
1259 0.08222351180328978 0.2794444418815728 8.19607216886615
1260 -0.2064844244449823 -0.2306119622307051 1.006978427455022
1261 -0.2886761139319795 0.002922615344983821 7.114764868406399
1262 0.04600185078140542 -0.3092983981333411 7.505189213732996
1263 -0.08169794241798436 0.2835383958173331 6.483374675028906
1264 -0.2938802504405803 0.03926138428659241 8.874868247512508
1265 0.02644623383433828 0.2903514079580058 9.581818233394664
1266 -0.2591234543932163 -0.1619786986421374 1.585954571913079
1267 0.007268352318502869 0.3076133921418075 8.863417255894579
1268 0.2610899830802713 -0.158583005767285 1.913467898748533
1269 0.1159602926832644 -0.2882644151348495 6.426971830305866
1270 0.2818693098416835 -0.08904866778853489 9.832200563721376
1271 0.009453070490360855 -0.006463052049943002 4.07835706887311
1272 -0.1800306000442719 -0.2344717237140814 6.212130137783996
1273 0.2648936539485715 -0.121960878259007 8.880004713378399
1274 0.01040334822107738 -0.002071575371490621 4.460521616635425
1275 0.2492545696225236 -0.1654935042242129 3.161925101868304
1276 -0.2886000159029323 0.08885079715273629 9.539652312561387
1277 -0.003011217193949541 -0.00898956455304209 2.360888766925797
1278 -0.00915614985873379 -0.007439122479124174 1.979235811020843
1279 -0.1868885985399362 -0.245206347668583 3.084632282483883
1280 -0.1819378013467783 0.2354245979632374 6.003808482887526
1281 -0.009398126634109397 0.00524304534497206 3.661278832586819
1282 -0.009949358927143659 0.005224072114636137 6.97550683976534
1283 0.2163891498244274 -0.2135395967006162 8.126613313926534
1284 0.04150010455498126 0.2988811678865201 1.7558127339209
1285 -0.01456362398751041 0.0037743971659717 7.358351963125543
1286 -0.01032856517309531 0.01051271179968843 3.279002586292004
1287 0.2089595507539232 0.2085040402938487 1.164321241295374
1288 -0.2941299420622714 0.01693934234236229 4.7029107615393
1289 -0.06756598198330442 -0.3053248426250419 4.632178636167905
1290 0.2125132378929314 -0.2281042865303134 4.483267564566051
1291 0.08625064261957864 0.2902279472870308 2.137952302655723
1292 -0.002384238937651217 -0.03520203144191947 6.563814129185687
1293 -0.2706375736870142 0.1430739672458052 1.936458209069804
1294 0.1965136229185214 -0.2362242266734758 5.451101293500482
1295 0.2027674677957211 -0.2396715450206907 8.721751113529264
1296 -0.004890529560663714 0.005917111953578941 9.360581921076085
1297 0.01174442933022976 -0.3126032985969571 1.7585306407376
1298 -0.2303128767914587 -0.1861867618214217 8.538301633044355
1299 0.321882824259234 -0.02771705393587861 4.699146282213531
1300 0.01045568622892299 0.0008673900978150223 1.281020507192423
1301 0.1904617319052877 -0.2631005778774101 0.4313497298369527
1302 -0.3086259460323043 0.005208112208624993 0.2023029084210732
1303 0.04011781910405923 0.02207123215914561 8.761480873522796
1304 0.01831946994800575 0.2962368349725339 3.213468426276453
1305 -0.006039897830111839 -0.001386736496577223 5.363635279347081
1306 0.279242953763015 0.09444147401834505 7.502260498851146
1307 -0.06801114327217682 -0.2986864812739009 7.845911135807093
1308 -0.0499625221833823 -0.2931094418176313 1.154191313312395
1309 -0.009515642148208547 -0.004876356854456171 4.918808539812956
1310 0.229438166760725 0.2053607389524039 4.934054127124126
1311 0.262140470351617 0.1548034581314024 6.493326117728248
1312 0.272166999307736 -0.1464655126221922 3.45382738339377
1313 0.001510324402921141 -0.006645742445166435 8.358124213986143
1314 0.2717294179241706 0.1591308699292635 7.855237687884402
1315 -0.2286664273334161 0.2239499523240663 1.602805144435957
1316 0.2110221752101388 -0.2104428288934069 6.039524764840689
1317 -0.3091228156110355 -0.07966766335610959 1.347345253778541
1318 -0.2286623107786284 0.1894294964368279 5.718324995554535
1319 0.2300264317132615 0.2110495977202978 5.302828847553661
1320 0.129053571018464 0.2949564018899924 5.609150772061022
1321 -0.002688635689219301 0.0001005032549446781 0.8731686203602087
1322 -0.3113394506630754 -0.06038752458355084 1.069162057562754
1323 -0.186658274178313 0.2648337414441721 6.910293393334934
1324 -0.2149387564316518 -0.2326439798292311 4.806194480371041
1325 0.2961812488198996 0.02264904990769527 1.821575953381802
1326 -0.2389098034648287 -0.2205810629183191 2.819841289008812
1327 -0.3233592012566146 0.02466947036556158 2.820533981573927
1328 0.2949601373551103 -0.06311065158909561 0.1658209496403703
1329 -0.285524544487945 0.08944982117430608 5.008595060963584
1330 -0.2855125465281398 0.08975910655273713 5.228782282118107
1331 -0.2258800146122504 -0.2236529849455386 0.1861704786644753
1332 -0.3001867265410239 0.0753797200890083 7.772641493129997
1333 -0.001619460739930286 0.01620065819973541 1.570368174111134
1334 0.1124570149579248 0.01437284243738193 3.439236058645436
1335 -0.004011645799972565 -0.001664665334533386 2.770416877650278
1336 0.02240942016088104 0.03323475479275583 5.970738350908142
1337 0.1454304765276878 -0.2770649386296631 2.836463337716931
1338 0.2619968451670643 -0.1783544499355888 1.297372036890442
1339 -0.005622556473070861 0.001977298026512558 7.766455249061768
1340 0.08460641180152663 -0.06077016612185459 7.195190863199759
1341 -0.3110617299518272 -0.05958900734560822 4.264149669216451
1342 -0.09683571881633404 0.04498095033554574 4.240773583586309
1343 0.2963034318332307 0.06347694837084238 6.891890714205798
1344 0.01930282250365989 0.3039552205635351 6.793818117967922
1345 0.3034059663983665 -0.08602549097505741 3.772056467756574
$EndNodes
$Elements
4922
1 4 2 1 1 1001 1005 984 1053
2 4 2 1 1 1017 1126 795 1314
3 4 2 1 1 563 1014 1121 1136
4 4 2 1 1 576 1017 795 1314
5 4 2 1 1 984 1005 1001 1061
6 4 2 1 1 1003 1083 662 1104
7 4 2 1 1 576 1096 1017 1314
8 4 2 1 1 576 795 1126 1314
9 4 2 1 1 913 930 943 1043
10 4 2 1 1 477 1190 1086 1224
11 4 2 1 1 913 943 935 1043
12 4 2 1 1 979 1045 1006 1303
13 4 2 1 1 1077 1086 477 1190
14 4 2 1 1 979 1002 1045 1303
15 4 2 1 1 53 1032 1028 1213
16 4 2 1 1 946 929 111 1043
17 4 2 1 1 1029 441 1128 1242
18 4 2 1 1 662 1104 1083 1172
19 4 2 1 1 815 1246 1025 1291
20 4 2 1 1 867 1086 1077 1109
21 4 2 1 1 580 1088 1045 1092
22 4 2 1 1 1028 1032 53 1244
23 4 2 1 1 815 252 1025 1246
24 4 2 1 1 655 1177 1139 1248
25 4 2 1 1 1080 1156 741 1228
26 4 2 1 1 387 1095 1014 1144
27 4 2 1 1 147 755 1075 1230
28 4 2 1 1 655 1024 1139 1177
29 4 2 1 1 778 724 1151 1201
30 4 2 1 1 304 1137 1119 1283
31 4 2 1 1 222 1093 998 1315
32 4 2 1 1 714 1020 729 1122
33 4 2 1 1 998 1093 222 1317
34 4 2 1 1 996 1025 1010 1186
35 4 2 1 1 1004 1115 893 1136
36 4 2 1 1 111 1043 929 1100
37 4 2 1 1 986 1003 1000 1039
38 4 2 1 1 714 729 804 1122
39 4 2 1 1 778 1151 1038 1201
40 4 2 1 1 414 413 262 1016
41 4 2 1 1 84 1003 662 1104
42 4 2 1 1 795 1017 576 1096
43 4 2 1 1 413 1016 414 1145
44 4 2 1 1 714 1020 1122 1206
45 4 2 1 1 1039 1080 362 1083
46 4 2 1 1 91 1045 580 1088
47 4 2 1 1 996 1025 1186 1278
48 4 2 1 1 1014 261 1138 1151
49 4 2 1 1 867 1086 1109 1280
50 4 2 1 1 1000 1003 986 1077
51 4 2 1 1 413 1121 1016 1145
52 4 2 1 1 147 1075 1105 1230
53 4 2 1 1 592 1124 1023 1306
54 4 2 1 1 262 1016 413 1138
55 4 2 1 1 618 1016 1141 1145
56 4 2 1 1 646 1029 441 1128
57 4 2 1 1 443 1155 1118 1242
58 4 2 1 1 1026 494 1146 1197
59 4 2 1 1 228 222 1093 1317
60 4 2 1 1 1006 1120 398 1149
61 4 2 1 1 1092 1105 764 1178
62 4 2 1 1 1005 1053 1001 1336
63 4 2 1 1 304 1119 1042 1283
64 4 2 1 1 91 1088 580 1092
65 4 2 1 1 802 741 1080 1156
66 4 2 1 1 156 154 1017 1164
67 4 2 1 1 140 1002 1097 1116
68 4 2 1 1 154 1122 1017 1164
69 4 2 1 1 1006 1149 398 1273
70 4 2 1 1 1000 1156 1080 1228
71 4 2 1 1 222 998 1201 1315
72 4 2 1 1 140 142 1002 1116
73 4 2 1 1 98 1023 1137 1283
74 4 2 1 1 362 1083 1080 1218
75 4 2 1 1 32 1029 1099 1155
76 4 2 1 1 1000 741 1156 1228
77 4 2 1 1 413 1016 1121 1138
78 4 2 1 1 261 265 1014 1138
79 4 2 1 1 308 1006 289 1120
80 4 2 1 1 262 413 258 1138
81 4 2 1 1 563 1136 1121 1147
82 4 2 1 1 1000 1039 1003 1292
83 4 2 1 1 867 1077 242 1109
84 4 2 1 1 925 1008 731 1157
85 4 2 1 1 147 755 149 1075
86 4 2 1 1 1019 1096 570 1129
87 4 2 1 1 1075 1230 755 1240
88 4 2 1 1 252 1153 1025 1246
89 4 2 1 1 438 1113 1010 1128
90 4 2 1 1 1003 49 1184 1190
91 4 2 1 1 337 1060 1130 1139
92 4 2 1 1 98 1129 1023 1283
93 4 2 1 1 576 795 857 1126
94 4 2 1 1 592 1023 1126 1306
95 4 2 1 1 925 1008 1157 1331
96 4 2 1 1 362 1039 375 1080
97 4 2 1 1 713 1119 1020 1206
98 4 2 1 1 1085 1151 724 1201
99 4 2 1 1 680 1184 49 1190
100 4 2 1 1 563 273 1014 1136
101 4 2 1 1 601 1044 1208 1250
102 4 2 1 1 563 1014 265 1121
103 4 2 1 1 618 1016 268 1141
104 4 2 1 1 265 1121 1014 1138
105 4 2 1 1 443 445 1118 1155
106 4 2 1 1 1006 289 1120 1236
107 4 2 1 1 387 1014 757 1144
108 4 2 1 1 362 1080 375 1218
109 4 2 1 1 307 1026 494 1146
110 4 2 1 1 156 1017 154 1332
111 4 2 1 1 1008 1101 731 1157
112 4 2 1 1 662 1083 1003 1269
113 4 2 1 1 443 1029 1155 1242
114 4 2 1 1 92 1091 1007 1211
115 4 2 1 1 506 1080 1039 1156
116 4 2 1 1 1129 1137 1023 1283
117 4 2 1 1 551 1043 1012 1180
118 4 2 1 1 1016 1107 268 1141
119 4 2 1 1 511 1012 551 1043
120 4 2 1 1 111 929 787 1100
121 4 2 1 1 1010 1186 1025 1291
122 4 2 1 1 592 1126 1023 1314
123 4 2 1 1 763 1045 135 1097
124 4 2 1 1 21 1142 1030 1144
125 4 2 1 1 289 308 303 1006
126 4 2 1 1 552 268 1107 1141
127 4 2 1 1 32 1029 31 1099
128 4 2 1 1 55 1124 592 1306
129 4 2 1 1 893 1115 1004 1219
130 4 2 1 1 662 664 1104 1172
131 4 2 1 1 905 932 1049 1123
132 4 2 1 1 28 1035 1165 1186
133 4 2 1 1 431 1107 1030 1141
134 4 2 1 1 1010 985 1113 1246
135 4 2 1 1 985 1182 1113 1246
136 4 2 1 1 991 1004 999 1241
137 4 2 1 1 154 1017 1122 1332
138 4 2 1 1 276 764 1105 1178
139 4 2 1 1 156 153 154 1164
140 4 2 1 1 1041 1146 494 1197
141 4 2 1 1 576 1126 857 1314
142 4 2 1 1 854 1052 1171 1175
143 4 2 1 1 828 1010 438 1113
144 4 2 1 1 693 1062 330 1131
145 4 2 1 1 330 1131 1062 1174
146 4 2 1 1 1029 1128 646 1250
147 4 2 1 1 1010 1113 828 1246
148 4 2 1 1 991 999 1008 1241
149 4 2 1 1 1012 1120 549 1152
150 4 2 1 1 387 366 757 1014
151 4 2 1 1 763 492 135 1045
152 4 2 1 1 991 1008 1004 1241
153 4 2 1 1 617 1016 618 1145
154 4 2 1 1 599 580 91 1045
155 4 2 1 1 1020 1119 713 1307
156 4 2 1 1 135 1097 1045 1143
157 4 2 1 1 599 1045 91 1088
158 4 2 1 1 19 1115 999 1142
159 4 2 1 1 1055 1182 985 1246
160 4 2 1 1 1010 1055 985 1246
161 4 2 1 1 375 1039 626 1080
162 4 2 1 1 330 1062 693 1174
163 4 2 1 1 191 1009 192 1171
164 4 2 1 1 191 1110 1009 1171
165 4 2 1 1 28 1165 1044 1186
166 4 2 1 1 375 362 626 1039
167 4 2 1 1 390 1034 1187 1308
168 4 2 1 1 560 1049 1043 1180
169 4 2 1 1 1009 1110 190 1288
170 4 2 1 1 192 1009 191 1110
171 4 2 1 1 757 1014 366 1136
172 4 2 1 1 1023 1084 538 1137
173 4 2 1 1 709 1009 190 1288
174 4 2 1 1 1085 1138 261 1151
175 4 2 1 1 120 1104 1172 1343
176 4 2 1 1 306 1135 1026 1146
177 4 2 1 1 549 1012 416 1120
178 4 2 1 1 156 157 1017 1332
179 4 2 1 1 930 935 943 1043
180 4 2 1 1 1064 1120 286 1236
181 4 2 1 1 366 1014 387 1151
182 4 2 1 1 431 1030 890 1141
183 4 2 1 1 135 1045 492 1143
184 4 2 1 1 657 1025 252 1153
185 4 2 1 1 289 286 1120 1236
186 4 2 1 1 190 1009 192 1110
187 4 2 1 1 306 1026 307 1146
188 4 2 1 1 510 1043 1100 1207
189 4 2 1 1 416 1120 1012 1200
190 4 2 1 1 731 1101 1008 1145
191 4 2 1 1 930 1043 105 1049
192 4 2 1 1 741 172 1000 1156
193 4 2 1 1 190 709 192 1009
194 4 2 1 1 1014 1095 387 1151
195 4 2 1 1 268 1107 1016 1260
196 4 2 1 1 286 1120 1064 1152
197 4 2 1 1 925 509 1008 1331
198 4 2 1 1 1066 1143 134 1160
199 4 2 1 1 261 1014 272 1151
200 4 2 1 1 431 890 433 1141
201 4 2 1 1 771 778 724 1151
202 4 2 1 1 635 506 1039 1156
203 4 2 1 1 117 1019 570 1129
204 4 2 1 1 157 1106 1017 1332
205 4 2 1 1 570 1096 1019 1259
206 4 2 1 1 558 1123 1049 1183
207 4 2 1 1 829 1146 448 1205
208 4 2 1 1 43 1089 1031 1319
209 4 2 1 1 1113 1128 441 1242
210 4 2 1 1 1065 1106 159 1227
211 4 2 1 1 574 117 570 1129
212 4 2 1 1 301 376 1020 1135
213 4 2 1 1 714 713 1020 1206
214 4 2 1 1 864 1022 1127 1167
215 4 2 1 1 301 1135 1020 1307
216 4 2 1 1 448 1146 1041 1205
217 4 2 1 1 459 1052 854 1175
218 4 2 1 1 633 378 1079 1225
219 4 2 1 1 647 1029 32 1155
220 4 2 1 1 281 271 1116 1152
221 4 2 1 1 334 1130 1047 1139
222 4 2 1 1 304 908 1119 1137
223 4 2 1 1 112 1143 1037 1160
224 4 2 1 1 693 1062 1131 1279
225 4 2 1 1 792 1017 1096 1164
226 4 2 1 1 757 1014 1136 1144
227 4 2 1 1 311 1059 1034 1212
228 4 2 1 1 148 1105 1075 1178
229 4 2 1 1 1061 1079 378 1225
230 4 2 1 1 601 1208 1090 1250
231 4 2 1 1 156 1017 157 1106
232 4 2 1 1 307 494 369 1146
233 4 2 1 1 299 301 376 1020
234 4 2 1 1 985 1055 1010 1277
235 4 2 1 1 1064 1116 271 1152
236 4 2 1 1 862 1022 864 1167
237 4 2 1 1 852 457 854 1036
238 4 2 1 1 828 824 1010 1246
239 4 2 1 1 24 1007 92 1091
240 4 2 1 1 718 1094 1022 1167
241 4 2 1 1 692 1177 1036 1253
242 4 2 1 1 299 301 1020 1307
243 4 2 1 1 828 824 438 1010
244 4 2 1 1 618 1141 1101 1145
245 4 2 1 1 1090 1099 31 1250
246 4 2 1 1 551 1012 550 1180
247 4 2 1 1 21 1030 1095 1144
248 4 2 1 1 171 1000 173 1263
249 4 2 1 1 1068 1135 404 1146
250 4 2 1 1 764 1105 1092 1267
251 4 2 1 1 443 1029 667 1155
252 4 2 1 1 1029 31 1099 1250
253 4 2 1 1 149 1075 755 1240
254 4 2 1 1 283 1064 271 1152
255 4 2 1 1 1038 1151 1085 1201
256 4 2 1 1 335 1130 334 1139
257 4 2 1 1 618 617 268 1016
258 4 2 1 1 757 366 368 1136
259 4 2 1 1 423 1004 893 1136
260 4 2 1 1 390 1187 1107 1308
261 4 2 1 1 1066 1097 136 1143
262 4 2 1 1 1005 1134 683 1181
263 4 2 1 1 242 1109 1077 1263
264 4 2 1 1 718 1022 862 1167
265 4 2 1 1 281 1116 1056 1152
266 4 2 1 1 574 570 1096 1129
267 4 2 1 1 864 1022 470 1127
268 4 2 1 1 1004 1136 513 1147
269 4 2 1 1 136 134 1066 1143
270 4 2 1 1 829 1146 1205 1261
271 4 2 1 1 297 713 1119 1307
272 4 2 1 1 1000 1109 173 1263
273 4 2 1 1 792 1096 577 1164
274 4 2 1 1 930 913 105 1043
275 4 2 1 1 561 1049 560 1180
276 4 2 1 1 1037 1143 63 1149
277 4 2 1 1 288 549 1120 1152
278 4 2 1 1 269 1121 265 1138
279 4 2 1 1 148 276 1105 1178
280 4 2 1 1 1118 1155 445 1304
281 4 2 1 1 868 242 1077 1263
282 4 2 1 1 815 824 1246 1291
283 4 2 1 1 680 48 1184 1190
284 4 2 1 1 163 159 1106 1227
285 4 2 1 1 716 1005 1181 1225
286 4 2 1 1 493 441 646 1029
287 4 2 1 1 794 755 1230 1240
288 4 2 1 1 852 1036 854 1171
289 4 2 1 1 712 1139 1024 1168
290 4 2 1 1 1111 1184 48 1190
291 4 2 1 1 140 1097 1002 1267
292 4 2 1 1 993 1100 1043 1207
293 4 2 1 1 438 439 1113 1128
294 4 2 1 1 858 245 1021 1094
295 4 2 1 1 662 1003 663 1269
296 4 2 1 1 142 143 1002 1264
297 4 2 1 1 304 908 1137 1283
298 4 2 1 1 261 265 272 1014
299 4 2 1 1 209 1113 1013 1182
300 4 2 1 1 718 862 1022 1094
301 4 2 1 1 907 1145 1008 1147
302 4 2 1 1 1010 1025 996 1153
303 4 2 1 1 585 28 1035 1165
304 4 2 1 1 1021 1094 245 1185
305 4 2 1 1 268 552 1107 1260
306 4 2 1 1 288 1120 286 1152
307 4 2 1 1 525 1190 477 1224
308 4 2 1 1 289 1006 303 1236
309 4 2 1 1 714 713 729 1020
310 4 2 1 1 731 925 509 1008
311 4 2 1 1 858 1021 245 1185
312 4 2 1 1 996 1186 1035 1278
313 4 2 1 1 649 53 1028 1213
314 4 2 1 1 662 84 663 1003
315 4 2 1 1 122 1074 1226 1290
316 4 2 1 1 455 1175 1036 1223
317 4 2 1 1 251 1113 209 1182
318 4 2 1 1 172 173 171 1000
319 4 2 1 1 867 1109 242 1280
320 4 2 1 1 173 1000 172 1109
321 4 2 1 1 731 1008 509 1145
322 4 2 1 1 200 1070 1173 1239
323 4 2 1 1 1042 1119 304 1189
324 4 2 1 1 261 260 265 1138
325 4 2 1 1 712 1024 840 1168
326 4 2 1 1 143 1105 1002 1264
327 4 2 1 1 91 1088 1092 1191
328 4 2 1 1 369 306 307 1146
329 4 2 1 1 418 1012 511 1207
330 4 2 1 1 447 1166 1040 1188
331 4 2 1 1 195 1177 692 1253
332 4 2 1 1 135 136 1097 1143
333 4 2 1 1 1091 1095 22 1187
334 4 2 1 1 225 261 1085 1138
335 4 2 1 1 794 1230 1018 1240
336 4 2 1 1 1060 1139 338 1168
337 4 2 1 1 311 1034 275 1212
338 4 2 1 1 141 142 143 1002
339 4 2 1 1 200 1173 233 1239
340 4 2 1 1 163 1106 1068 1227
341 4 2 1 1 333 1047 334 1130
342 4 2 1 1 459 854 457 1175
343 4 2 1 1 140 142 141 1002
344 4 2 1 1 657 815 252 1025
345 4 2 1 1 1115 1142 20 1144
346 4 2 1 1 150 1078 1105 1264
347 4 2 1 1 136 135 134 1143
348 4 2 1 1 306 404 1135 1146
349 4 2 1 1 626 635 506 1039
350 4 2 1 1 414 262 617 1016
351 4 2 1 1 1063 1093 229 1293
352 4 2 1 1 21 20 1142 1144
353 4 2 1 1 105 1043 560 1049
354 4 2 1 1 998 222 1201 1317
355 4 2 1 1 1012 993 1043 1207
356 4 2 1 1 494 1026 495 1197
357 4 2 1 1 1033 1089 42 1310
358 4 2 1 1 692 1148 1036 1177
359 4 2 1 1 764 141 1105 1267
360 4 2 1 1 431 1030 1107 1187
361 4 2 1 1 1025 1246 1010 1291
362 4 2 1 1 402 398 1120 1149
363 4 2 1 1 32 647 31 1029
364 4 2 1 1 404 1068 727 1135
365 4 2 1 1 1035 1186 1025 1278
366 4 2 1 1 262 1138 258 1322
367 4 2 1 1 115 31 1090 1099
368 4 2 1 1 867 868 242 1077
369 4 2 1 1 858 1094 1021 1214
370 4 2 1 1 1042 769 1154 1189
371 4 2 1 1 141 1002 143 1105
372 4 2 1 1 262 1016 1138 1322
373 4 2 1 1 156 154 157 1332
374 4 2 1 1 551 511 550 1012
375 4 2 1 1 661 662 664 1104
376 4 2 1 1 763 580 1045 1092
377 4 2 1 1 92 1007 608 1211
378 4 2 1 1 802 1080 506 1156
379 4 2 1 1 741 1000 172 1228
380 4 2 1 1 414 1016 617 1145
381 4 2 1 1 999 1004 991 1115
382 4 2 1 1 999 1115 19 1161
383 4 2 1 1 655 1139 838 1248
384 4 2 1 1 907 415 1145 1147
385 4 2 1 1 172 1109 1000 1156
386 4 2 1 1 1005 1111 96 1255
387 4 2 1 1 563 273 265 1014
388 4 2 1 1 1027 1131 329 1174
389 4 2 1 1 150 772 1078 1264
390 4 2 1 1 986 1111 1086 1190
391 4 2 1 1 312 1059 311 1212
392 4 2 1 1 1010 1246 824 1291
393 4 2 1 1 281 282 271 1152
394 4 2 1 1 29 1044 601 1250
395 4 2 1 1 1085 1201 222 1317
396 4 2 1 1 1002 1105 141 1267
397 4 2 1 1 1063 1153 593 1194
398 4 2 1 1 333 1047 1130 1232
399 4 2 1 1 1038 1058 419 1201
400 4 2 1 1 875 1208 1165 1245
401 4 2 1 1 773 1092 764 1178
402 4 2 1 1 1022 1094 862 1214
403 4 2 1 1 470 1127 1022 1320
404 4 2 1 1 596 1063 593 1194
405 4 2 1 1 200 1221 1070 1239
406 4 2 1 1 1044 1165 602 1208
407 4 2 1 1 984 1053 1005 1255
408 4 2 1 1 1091 1211 92 1287
409 4 2 1 1 1000 1112 171 1228
410 4 2 1 1 140 1002 141 1267
411 4 2 1 1 1007 1125 25 1325
412 4 2 1 1 993 1100 1207 1249
413 4 2 1 1 799 802 741 1080
414 4 2 1 1 437 438 1010 1128
415 4 2 1 1 307 495 494 1026
416 4 2 1 1 626 1039 506 1080
417 4 2 1 1 712 338 1139 1168
418 4 2 1 1 19 999 124 1142
419 4 2 1 1 603 229 1093 1293
420 4 2 1 1 354 1181 352 1198
421 4 2 1 1 564 1037 63 1149
422 4 2 1 1 597 1093 1063 1159
423 4 2 1 1 592 1023 56 1314
424 4 2 1 1 172 1000 171 1228
425 4 2 1 1 29 1128 1044 1250
426 4 2 1 1 439 441 1113 1128
427 4 2 1 1 294 304 1119 1189
428 4 2 1 1 1103 1154 769 1189
429 4 2 1 1 763 1045 1097 1267
430 4 2 1 1 1007 25 1132 1325
431 4 2 1 1 111 510 1043 1100
432 4 2 1 1 331 1027 329 1174
433 4 2 1 1 862 470 864 1022
434 4 2 1 1 120 1172 1028 1343
435 4 2 1 1 120 1104 664 1172
436 4 2 1 1 1030 22 1095 1187
437 4 2 1 1 680 49 48 1190
438 4 2 1 1 1086 1190 1111 1224
439 4 2 1 1 1004 1193 904 1219
440 4 2 1 1 282 283 271 1152
441 4 2 1 1 390 1187 1034 1338
442 4 2 1 1 550 1012 549 1152
443 4 2 1 1 1031 1133 44 1319
444 4 2 1 1 914 510 511 1043
445 4 2 1 1 1031 1089 43 1204
446 4 2 1 1 981 1105 1075 1230
447 4 2 1 1 560 105 913 1043
448 4 2 1 1 171 1112 1000 1263
449 4 2 1 1 404 810 727 1068
450 4 2 1 1 993 1051 1100 1249
451 4 2 1 1 945 932 108 1123
452 4 2 1 1 424 893 1115 1136
453 4 2 1 1 479 1077 477 1190
454 4 2 1 1 981 1230 1075 1313
455 4 2 1 1 44 1133 1031 1134
456 4 2 1 1 738 1109 242 1263
457 4 2 1 1 1165 1208 1044 1245
458 4 2 1 1 42 1089 1033 1204
459 4 2 1 1 1155 1275 1203 1286
460 4 2 1 1 550 549 288 1152
461 4 2 1 1 335 333 334 1130
462 4 2 1 1 354 352 642 1198
463 4 2 1 1 677 1299 1033 1310
464 4 2 1 1 984 1005 1134 1255
465 4 2 1 1 91 1092 579 1191
466 4 2 1 1 354 1061 1181 1198
467 4 2 1 1 836 1009 709 1114
468 4 2 1 1 1162 1176 659 1324
469 4 2 1 1 603 218 229 1293
470 4 2 1 1 249 203 1073 1221
471 4 2 1 1 603 1093 218 1293
472 4 2 1 1 447 450 1166 1188
473 4 2 1 1 160 1065 159 1227
474 4 2 1 1 989 1275 1155 1286
475 4 2 1 1 19 999 1161 1328
476 4 2 1 1 1069 1195 165 1261
477 4 2 1 1 91 580 579 1092
478 4 2 1 1 763 1092 1045 1267
479 4 2 1 1 398 1006 308 1120
480 4 2 1 1 98 1023 538 1137
481 4 2 1 1 1124 1213 1026 1285
482 4 2 1 1 1000 1067 1003 1077
483 4 2 1 1 842 1054 850 1221
484 4 2 1 1 124 19 587 999
485 4 2 1 1 683 1134 1005 1255
486 4 2 1 1 539 538 1084 1137
487 4 2 1 1 359 1117 1039 1269
488 4 2 1 1 1006 1045 979 1149
489 4 2 1 1 360 1039 359 1117
490 4 2 1 1 1072 1044 1208 1245
491 4 2 1 1 124 1142 999 1301
492 4 2 1 1 716 1005 683 1181
493 4 2 1 1 60 1088 1191 1238
494 4 2 1 1 437 1128 1010 1186
495 4 2 1 1 50 1003 84 1104
496 4 2 1 1 312 311 275 1212
497 4 2 1 1 140 1116 1097 1251
498 4 2 1 1 359 1039 360 1269
499 4 2 1 1 661 84 662 1104
500 4 2 1 1 150 1105 745 1264
501 4 2 1 1 892 1053 1133 1255
502 4 2 1 1 288 591 286 1120
503 4 2 1 1 63 1143 598 1149
504 4 2 1 1 1032 1213 1124 1285
505 4 2 1 1 478 477 1077 1086
506 4 2 1 1 840 1024 712 1139
507 4 2 1 1 239 1046 182 1108
508 4 2 1 1 993 1043 1100 1202
509 4 2 1 1 563 265 269 1121
510 4 2 1 1 565 398 1149 1273
511 4 2 1 1 260 269 265 1138
512 4 2 1 1 875 602 1165 1208
513 4 2 1 1 989 1118 1029 1335
514 4 2 1 1 1001 1061 1005 1336
515 4 2 1 1 732 1118 1013 1242
516 4 2 1 1 561 105 560 1049
517 4 2 1 1 24 608 92 1007
518 4 2 1 1 858 860 1094 1214
519 4 2 1 1 1011 1131 326 1337
520 4 2 1 1 1003 1067 1000 1292
521 4 2 1 1 655 1024 838 1139
522 4 2 1 1 1124 1126 1023 1306
523 4 2 1 1 493 1029 646 1250
524 4 2 1 1 182 1108 1046 1167
525 4 2 1 1 734 1119 1018 1189
526 4 2 1 1 716 683 1005 1225
527 4 2 1 1 47 96 1111 1255
528 4 2 1 1 416 1012 418 1200
529 4 2 1 1 122 1226 1074 1258
530 4 2 1 1 1005 1061 984 1181
531 4 2 1 1 538 1084 1023 1124
532 4 2 1 1 25 1007 90 1125
533 4 2 1 1 890 1030 431 1187
534 4 2 1 1 1033 1299 1140 1310
535 4 2 1 1 795 1126 1017 1199
536 4 2 1 1 437 439 438 1128
537 4 2 1 1 160 159 161 1227
538 4 2 1 1 156 1017 792 1164
539 4 2 1 1 1079 1117 633 1225
540 4 2 1 1 1001 1053 984 1127
541 4 2 1 1 1012 1152 550 1180
542 4 2 1 1 63 598 62 1149
543 4 2 1 1 618 268 548 1141
544 4 2 1 1 942 929 946 1043
545 4 2 1 1 858 860 245 1094
546 4 2 1 1 1073 1221 203 1239
547 4 2 1 1 326 1131 1011 1279
548 4 2 1 1 124 999 587 1301
549 4 2 1 1 439 441 440 1113
550 4 2 1 1 989 1013 1118 1335
551 4 2 1 1 1098 1222 749 1247
552 4 2 1 1 838 1024 840 1139
553 4 2 1 1 848 1036 1148 1223
554 4 2 1 1 991 1008 999 1101
555 4 2 1 1 997 1047 1174 1334
556 4 2 1 1 249 1073 1166 1221
557 4 2 1 1 419 1058 784 1201
558 4 2 1 1 87 1044 28 1165
559 4 2 1 1 649 1028 1197 1213
560 4 2 1 1 1018 1119 734 1206
561 4 2 1 1 1040 445 1155 1304
562 4 2 1 1 1017 1106 156 1199
563 4 2 1 1 331 847 329 1027
564 4 2 1 1 1044 1128 632 1186
565 4 2 1 1 416 549 418 1012
566 4 2 1 1 905 108 932 1123
567 4 2 1 1 1044 1245 1072 1277
568 4 2 1 1 367 366 387 1151
569 4 2 1 1 770 829 448 1205
570 4 2 1 1 478 1077 867 1086
571 4 2 1 1 687 1134 683 1255
572 4 2 1 1 455 456 1175 1223
573 4 2 1 1 761 765 1041 1172
574 4 2 1 1 1002 1116 142 1264
575 4 2 1 1 986 1039 1000 1156
576 4 2 1 1 307 1026 306 1135
577 4 2 1 1 1044 996 1245 1277
578 4 2 1 1 1018 1230 1075 1240
579 4 2 1 1 1029 1099 1090 1250
580 4 2 1 1 1047 1232 1174 1334
581 4 2 1 1 1013 1113 732 1242
582 4 2 1 1 1004 1008 991 1147
583 4 2 1 1 633 356 378 1225
584 4 2 1 1 387 516 1095 1144
585 4 2 1 1 907 507 1008 1145
586 4 2 1 1 848 455 1036 1223
587 4 2 1 1 166 1069 165 1261
588 4 2 1 1 111 787 510 1100
589 4 2 1 1 677 41 1033 1299
590 4 2 1 1 1020 1119 990 1206
591 4 2 1 1 276 764 146 1105
592 4 2 1 1 838 655 840 1024
593 4 2 1 1 732 1013 1118 1216
594 4 2 1 1 354 642 1061 1198
595 4 2 1 1 172 171 170 1228
596 4 2 1 1 860 862 1094 1214
597 4 2 1 1 405 1038 778 1151
598 4 2 1 1 50 49 84 1003
599 4 2 1 1 805 1156 1079 1235
600 4 2 1 1 985 1113 1029 1128
601 4 2 1 1 1044 1165 996 1186
602 4 2 1 1 1035 996 1165 1186
603 4 2 1 1 120 661 664 1104
604 4 2 1 1 619 550 1152 1180
605 4 2 1 1 398 303 308 1006
606 4 2 1 1 749 1222 1098 1326
607 4 2 1 1 450 1054 1166 1188
608 4 2 1 1 132 134 1143 1160
609 4 2 1 1 718 860 862 1094
610 4 2 1 1 1019 1129 117 1238
611 4 2 1 1 558 556 1123 1183
612 4 2 1 1 1067 1077 481 1311
613 4 2 1 1 990 1075 1019 1259
614 4 2 1 1 1034 1059 311 1234
615 4 2 1 1 165 1195 1069 1323
616 4 2 1 1 677 1033 42 1310
617 4 2 1 1 1054 1148 850 1221
618 4 2 1 1 979 1064 1006 1120
619 4 2 1 1 677 1140 1299 1310
620 4 2 1 1 732 835 1118 1242
621 4 2 1 1 537 98 1137 1283
622 4 2 1 1 163 821 1068 1106
623 4 2 1 1 148 147 1075 1105
624 4 2 1 1 644 378 1061 1079
625 4 2 1 1 724 1085 261 1151
626 4 2 1 1 1005 984 1134 1181
627 4 2 1 1 1070 1148 199 1177
628 4 2 1 1 63 1037 112 1143
629 4 2 1 1 847 1131 1027 1275
630 4 2 1 1 765 1041 1172 1218
631 4 2 1 1 986 1086 1077 1190
632 4 2 1 1 220 1093 222 1315
633 4 2 1 1 481 1077 479 1311
634 4 2 1 1 1026 978 1124 1285
635 4 2 1 1 21 891 1030 1142
636 4 2 1 1 886 1095 1091 1287
637 4 2 1 1 443 667 445 1155
638 4 2 1 1 53 52 1028 1244
639 4 2 1 1 513 1004 512 1136
640 4 2 1 1 195 197 692 1177
641 4 2 1 1 197 199 1148 1177
642 4 2 1 1 985 1044 1128 1250
643 4 2 1 1 50 49 1003 1311
644 4 2 1 1 868 738 242 1263
645 4 2 1 1 1019 1075 990 1313
646 4 2 1 1 494 1041 768 1146
647 4 2 1 1 563 513 1136 1147
648 4 2 1 1 1018 1075 990 1240
649 4 2 1 1 326 1279 1011 1326
650 4 2 1 1 96 1111 1005 1316
651 4 2 1 1 892 1133 1053 1320
652 4 2 1 1 842 1166 1054 1221
653 4 2 1 1 402 565 398 1149
654 4 2 1 1 608 1007 25 1132
655 4 2 1 1 455 457 1036 1175
656 4 2 1 1 34 35 1188 1312
657 4 2 1 1 618 504 1101 1141
658 4 2 1 1 778 1038 419 1201
659 4 2 1 1 877 602 1044 1165
660 4 2 1 1 464 1021 1179 1310
661 4 2 1 1 330 329 1131 1174
662 4 2 1 1 858 1179 1021 1185
663 4 2 1 1 1018 990 1075 1313
664 4 2 1 1 738 171 173 1263
665 4 2 1 1 60 89 1088 1238
666 4 2 1 1 1015 1163 35 1188
667 4 2 1 1 336 335 334 1139
668 4 2 1 1 1121 1145 415 1147
669 4 2 1 1 889 1042 769 1154
670 4 2 1 1 220 228 222 1093
671 4 2 1 1 303 1103 1006 1295
672 4 2 1 1 53 1032 611 1244
673 4 2 1 1 1053 1086 475 1220
674 4 2 1 1 1006 1103 303 1236
675 4 2 1 1 192 1171 1009 1253
676 4 2 1 1 842 451 850 1054
677 4 2 1 1 89 1154 1088 1238
678 4 2 1 1 986 1077 1003 1190
679 4 2 1 1 738 173 1109 1263
680 4 2 1 1 427 1025 803 1284
681 4 2 1 1 552 548 268 1141
682 4 2 1 1 1044 996 1165 1245
683 4 2 1 1 1029 1128 1113 1242
684 4 2 1 1 1010 1153 996 1277
685 4 2 1 1 156 792 153 1164
686 4 2 1 1 1037 1149 564 1200
687 4 2 1 1 709 1114 1009 1288
688 4 2 1 1 1003 1039 986 1184
689 4 2 1 1 979 1045 1002 1097
690 4 2 1 1 840 813 1168 1341
691 4 2 1 1 1009 1114 836 1237
692 4 2 1 1 978 1026 1124 1262
693 4 2 1 1 1155 1203 1040 1286
694 4 2 1 1 1048 1162 659 1324
695 4 2 1 1 667 443 493 1029
696 4 2 1 1 96 683 1005 1255
697 4 2 1 1 593 1153 230 1194
698 4 2 1 1 372 281 1056 1152
699 4 2 1 1 771 405 778 1151
700 4 2 1 1 19 587 999 1328
701 4 2 1 1 558 1183 1049 1276
702 4 2 1 1 947 931 952 1051
703 4 2 1 1 419 1058 1038 1211
704 4 2 1 1 1020 990 1122 1206
705 4 2 1 1 158 156 1106 1199
706 4 2 1 1 136 1066 280 1097
707 4 2 1 1 843 1062 1173 1174
708 4 2 1 1 142 745 143 1264
709 4 2 1 1 510 418 511 1207
710 4 2 1 1 464 1021 463 1179
711 4 2 1 1 329 1027 847 1131
712 4 2 1 1 984 1061 1001 1108
713 4 2 1 1 427 1210 1025 1284
714 4 2 1 1 450 1054 451 1166
715 4 2 1 1 150 1105 1078 1230
716 4 2 1 1 29 99 1128 1250
717 4 2 1 1 858 710 1179 1185
718 4 2 1 1 143 745 1105 1264
719 4 2 1 1 693 330 328 1131
720 4 2 1 1 150 745 772 1264
721 4 2 1 1 224 1085 222 1317
722 4 2 1 1 276 773 764 1178
723 4 2 1 1 660 659 1162 1176
724 4 2 1 1 437 878 1128 1186
725 4 2 1 1 409 1131 1099 1337
726 4 2 1 1 343 1082 1169 1289
727 4 2 1 1 327 326 1131 1337
728 4 2 1 1 39 122 1074 1258
729 4 2 1 1 1020 1135 376 1209
730 4 2 1 1 840 1168 1024 1341
731 4 2 1 1 448 768 1041 1146
732 4 2 1 1 112 132 1143 1160
733 4 2 1 1 942 929 1043 1100
734 4 2 1 1 734 295 1119 1189
735 4 2 1 1 1026 1135 307 1262
736 4 2 1 1 90 1125 1007 1234
737 4 2 1 1 280 1097 1066 1251
738 4 2 1 1 441 1029 493 1242
739 4 2 1 1 692 197 1148 1177
740 4 2 1 1 663 1003 84 1184
741 4 2 1 1 677 41 42 1033
742 4 2 1 1 832 732 1113 1242
743 4 2 1 1 807 805 1079 1235
744 4 2 1 1 1019 1042 990 1129
745 4 2 1 1 192 1253 1009 1341
746 4 2 1 1 27 585 28 1035
747 4 2 1 1 43 678 1089 1319
748 4 2 1 1 1025 1153 1010 1246
749 4 2 1 1 993 1100 1051 1202
750 4 2 1 1 230 1153 1055 1194
751 4 2 1 1 1025 1186 1035 1291
752 4 2 1 1 271 1116 1064 1264
753 4 2 1 1 846 1098 749 1247
754 4 2 1 1 1048 1176 1162 1324
755 4 2 1 1 375 626 506 1080
756 4 2 1 1 914 511 551 1043
757 4 2 1 1 1041 1205 1146 1261
758 4 2 1 1 115 31 605 1090
759 4 2 1 1 50 1003 1104 1311
760 4 2 1 1 1079 1225 1061 1336
761 4 2 1 1 22 21 1030 1095
762 4 2 1 1 907 415 507 1145
763 4 2 1 1 25 90 583 1125
764 4 2 1 1 198 1070 199 1177
765 4 2 1 1 981 1075 1105 1178
766 4 2 1 1 54 1032 53 1213
767 4 2 1 1 732 1118 250 1216
768 4 2 1 1 362 1039 1083 1269
769 4 2 1 1 474 1053 475 1220
770 4 2 1 1 1023 1129 57 1314
771 4 2 1 1 761 365 765 1172
772 4 2 1 1 481 1067 480 1077
773 4 2 1 1 599 91 61 1088
774 4 2 1 1 178 1001 177 1235
775 4 2 1 1 931 947 921 1051
776 4 2 1 1 1015 1188 35 1312
777 4 2 1 1 657 252 215 1153
778 4 2 1 1 24 1007 1091 1338
779 4 2 1 1 451 1054 842 1166
780 4 2 1 1 597 1093 1159 1266
781 4 2 1 1 1195 1227 165 1261
782 4 2 1 1 990 1096 1023 1339
783 4 2 1 1 946 783 935 1043
784 4 2 1 1 197 198 199 1177
785 4 2 1 1 374 734 1119 1206
786 4 2 1 1 877 1044 87 1165
787 4 2 1 1 313 411 1234 1297
788 4 2 1 1 847 1027 331 1232
789 4 2 1 1 678 44 1133 1319
790 4 2 1 1 996 1186 1010 1277
791 4 2 1 1 160 1106 1065 1199
792 4 2 1 1 700 1113 1182 1246
793 4 2 1 1 411 1125 1234 1297
794 4 2 1 1 445 521 1040 1155
795 4 2 1 1 591 289 286 1120
796 4 2 1 1 160 159 1065 1106
797 4 2 1 1 877 602 87 1044
798 4 2 1 1 1064 1236 1078 1303
799 4 2 1 1 855 1110 1052 1179
800 4 2 1 1 62 1045 599 1273
801 4 2 1 1 44 1031 688 1134
802 4 2 1 1 22 1091 886 1095
803 4 2 1 1 846 749 1098 1326
804 4 2 1 1 877 875 602 1165
805 4 2 1 1 1006 979 1120 1149
806 4 2 1 1 286 1064 284 1152
807 4 2 1 1 817 1046 1108 1198
808 4 2 1 1 906 1023 56 1124
809 4 2 1 1 1020 990 1119 1137
810 4 2 1 1 700 1113 251 1182
811 4 2 1 1 893 546 1115 1219
812 4 2 1 1 981 1191 1154 1238
813 4 2 1 1 815 824 252 1246
814 4 2 1 1 1154 1189 981 1313
815 4 2 1 1 727 1135 1068 1209
816 4 2 1 1 122 1226 1192 1290
817 4 2 1 1 778 419 784 1201
818 4 2 1 1 1068 1106 821 1209
819 4 2 1 1 1001 1127 984 1318
820 4 2 1 1 271 1064 283 1264
821 4 2 1 1 462 464 1179 1310
822 4 2 1 1 21 1095 526 1144
823 4 2 1 1 765 1172 365 1218
824 4 2 1 1 862 864 244 1167
825 4 2 1 1 563 1121 517 1147
826 4 2 1 1 1027 1174 331 1232
827 4 2 1 1 1068 1106 1065 1227
828 4 2 1 1 440 438 439 1113
829 4 2 1 1 395 1078 1064 1236
830 4 2 1 1 649 1028 665 1197
831 4 2 1 1 223 222 1085 1201
832 4 2 1 1 247 1036 1171 1253
833 4 2 1 1 474 475 1086 1220
834 4 2 1 1 166 165 1069 1323
835 4 2 1 1 96 687 683 1255
836 4 2 1 1 981 1103 1295 1303
837 4 2 1 1 856 858 710 1179
838 4 2 1 1 285 395 1064 1236
839 4 2 1 1 994 1282 1244 1340
840 4 2 1 1 994 1057 1244 1282
841 4 2 1 1 272 1014 366 1151
842 4 2 1 1 1004 1147 513 1193
843 4 2 1 1 725 1173 1047 1174
844 4 2 1 1 1133 1319 1022 1320
845 4 2 1 1 150 1078 772 1230
846 4 2 1 1 990 1042 1019 1313
847 4 2 1 1 986 1079 1156 1235
848 4 2 1 1 892 1133 637 1255
849 4 2 1 1 727 1068 810 1209
850 4 2 1 1 708 855 246 1110
851 4 2 1 1 1064 1006 1236 1303
852 4 2 1 1 817 1046 239 1108
853 4 2 1 1 288 549 591 1120
854 4 2 1 1 1063 1194 596 1217
855 4 2 1 1 174 1109 172 1156
856 4 2 1 1 1118 1155 1029 1242
857 4 2 1 1 704 1074 122 1290
858 4 2 1 1 995 1168 1050 1342
859 4 2 1 1 1009 1274 1050 1342
860 4 2 1 1 995 1050 1274 1342
861 4 2 1 1 178 177 1001 1318
862 4 2 1 1 1117 1225 1079 1336
863 4 2 1 1 990 1017 1096 1339
864 4 2 1 1 847 409 1131 1275
865 4 2 1 1 1032 1028 1213 1340
866 4 2 1 1 177 1235 1001 1280
867 4 2 1 1 479 477 525 1190
868 4 2 1 1 138 1097 280 1251
869 4 2 1 1 374 1119 713 1206
870 4 2 1 1 981 1191 1238 1313
871 4 2 1 1 163 750 821 1106
872 4 2 1 1 138 136 280 1097
873 4 2 1 1 372 1152 1056 1180
874 4 2 1 1 990 1042 1018 1119
875 4 2 1 1 990 1018 1042 1313
876 4 2 1 1 997 1281 1047 1334
877 4 2 1 1 160 158 1106 1199
878 4 2 1 1 730 1118 1073 1216
879 4 2 1 1 769 1042 304 1189
880 4 2 1 1 994 1057 1158 1244
881 4 2 1 1 112 1037 131 1160
882 4 2 1 1 250 1118 730 1216
883 4 2 1 1 585 87 28 1165
884 4 2 1 1 1011 989 1102 1131
885 4 2 1 1 665 1028 120 1172
886 4 2 1 1 343 1289 1169 1290
887 4 2 1 1 854 1052 855 1171
888 4 2 1 1 146 764 141 1105
889 4 2 1 1 946 111 783 1043
890 4 2 1 1 830 836 709 1114
891 4 2 1 1 1010 1055 1153 1277
892 4 2 1 1 1007 1132 608 1211
893 4 2 1 1 1002 1064 979 1116
894 4 2 1 1 1203 1275 1027 1286
895 4 2 1 1 994 1244 1158 1340
896 4 2 1 1 54 1032 1213 1306
897 4 2 1 1 512 904 1004 1193
898 4 2 1 1 982 1069 1057 1112
899 4 2 1 1 644 633 378 1079
900 4 2 1 1 663 1003 1184 1269
901 4 2 1 1 400 387 1095 1151
902 4 2 1 1 799 1080 741 1228
903 4 2 1 1 696 35 1163 1188
904 4 2 1 1 837 1173 725 1174
905 4 2 1 1 717 1005 683 1225
906 4 2 1 1 571 1019 569 1178
907 4 2 1 1 1064 1078 1002 1303
908 4 2 1 1 981 1154 1103 1189
909 4 2 1 1 140 144 142 1116
910 4 2 1 1 574 570 575 1096
911 4 2 1 1 694 1279 326 1326
912 4 2 1 1 666 1040 1155 1203
913 4 2 1 1 424 1136 1115 1144
914 4 2 1 1 63 64 112 1037
915 4 2 1 1 174 172 254 1156
916 4 2 1 1 977 964 963 1157
917 4 2 1 1 270 1056 281 1116
918 4 2 1 1 387 757 516 1144
919 4 2 1 1 56 1023 57 1314
920 4 2 1 1 400 1151 1095 1287
921 4 2 1 1 90 1007 24 1338
922 4 2 1 1 313 1234 1059 1297
923 4 2 1 1 148 276 146 1105
924 4 2 1 1 848 455 852 1036
925 4 2 1 1 462 1179 1140 1310
926 4 2 1 1 279 1034 390 1308
927 4 2 1 1 502 1158 1032 1231
928 4 2 1 1 659 1048 826 1162
929 4 2 1 1 98 57 1023 1129
930 4 2 1 1 986 1156 1109 1235
931 4 2 1 1 906 56 55 1124
932 4 2 1 1 1076 1163 37 1196
933 4 2 1 1 225 260 261 1138
934 4 2 1 1 140 144 1116 1251
935 4 2 1 1 1012 1043 993 1180
936 4 2 1 1 32 33 1155 1275
937 4 2 1 1 1124 1213 542 1262
938 4 2 1 1 1057 1112 1069 1323
939 4 2 1 1 1011 1131 1102 1279
940 4 2 1 1 140 1097 566 1251
941 4 2 1 1 980 1016 1260 1322
942 4 2 1 1 807 737 805 1235
943 4 2 1 1 1047 1281 1232 1334
944 4 2 1 1 980 1138 1016 1322
945 4 2 1 1 1060 1192 801 1226
946 4 2 1 1 415 1121 413 1145
947 4 2 1 1 1026 1213 1124 1262
948 4 2 1 1 1093 1266 228 1317
949 4 2 1 1 479 1077 1190 1311
950 4 2 1 1 435 1141 433 1142
951 4 2 1 1 1029 1113 985 1335
952 4 2 1 1 34 1188 1203 1312
953 4 2 1 1 609 92 1211 1287
954 4 2 1 1 723 182 239 1046
955 4 2 1 1 647 667 1029 1155
956 4 2 1 1 246 710 1110 1179
957 4 2 1 1 1000 1077 986 1109
958 4 2 1 1 294 304 296 1119
959 4 2 1 1 1057 1069 982 1282
960 4 2 1 1 369 494 768 1146
961 4 2 1 1 574 1129 1096 1314
962 4 2 1 1 890 1030 891 1142
963 4 2 1 1 737 1156 805 1235
964 4 2 1 1 848 1036 692 1148
965 4 2 1 1 29 601 30 1250
966 4 2 1 1 1034 1059 1007 1333
967 4 2 1 1 875 321 1208 1245
968 4 2 1 1 148 147 149 1075
969 4 2 1 1 32 1155 1099 1275
970 4 2 1 1 444 443 445 1118
971 4 2 1 1 1110 1179 710 1185
972 4 2 1 1 635 1156 1039 1272
973 4 2 1 1 989 1029 1118 1155
974 4 2 1 1 563 513 401 1136
975 4 2 1 1 649 1197 650 1213
976 4 2 1 1 996 1044 1186 1277
977 4 2 1 1 140 138 566 1097
978 4 2 1 1 890 528 433 1142
979 4 2 1 1 546 1161 1115 1219
980 4 2 1 1 1042 1189 1154 1313
981 4 2 1 1 654 1024 655 1177
982 4 2 1 1 62 599 61 1273
983 4 2 1 1 992 1305 1094 1330
984 4 2 1 1 1103 1154 981 1295
985 4 2 1 1 1005 1061 1225 1336
986 4 2 1 1 998 1059 1034 1333
987 4 2 1 1 1021 992 1089 1214
988 4 2 1 1 986 1000 1109 1156
989 4 2 1 1 455 457 852 1036
990 4 2 1 1 44 45 1133 1134
991 4 2 1 1 262 1260 1016 1322
992 4 2 1 1 850 1054 453 1148
993 4 2 1 1 1022 1089 992 1214
994 4 2 1 1 53 52 649 1028
995 4 2 1 1 702 1169 1033 1299
996 4 2 1 1 893 1004 423 1219
997 4 2 1 1 493 1029 443 1242
998 4 2 1 1 655 838 656 1248
999 4 2 1 1 990 1164 1075 1259
1000 4 2 1 1 761 1172 1041 1197
1001 4 2 1 1 360 1039 1117 1272
1002 4 2 1 1 941 951 932 1049
1003 4 2 1 1 343 1082 788 1169
1004 4 2 1 1 947 1051 952 1243
1005 4 2 1 1 985 1222 1098 1247
1006 4 2 1 1 1006 1295 1103 1303
1007 4 2 1 1 1102 1131 989 1279
1008 4 2 1 1 981 1295 1088 1303
1009 4 2 1 1 806 596 1194 1217
1010 4 2 1 1 644 1079 1061 1257
1011 4 2 1 1 932 949 905 1049
1012 4 2 1 1 35 1163 1015 1345
1013 4 2 1 1 317 1165 1071 1245
1014 4 2 1 1 813 1237 1168 1341
1015 4 2 1 1 854 855 708 1171
1016 4 2 1 1 415 413 414 1145
1017 4 2 1 1 1021 1094 992 1214
1018 4 2 1 1 1001 984 1108 1318
1019 4 2 1 1 1025 1153 657 1293
1020 4 2 1 1 1022 992 1094 1214
1021 4 2 1 1 1031 1150 690 1294
1022 4 2 1 1 953 904 1193 1219
1023 4 2 1 1 246 856 710 1179
1024 4 2 1 1 913 935 783 1043
1025 4 2 1 1 224 223 222 1085
1026 4 2 1 1 462 464 463 1179
1027 4 2 1 1 693 1131 328 1279
1028 4 2 1 1 302 307 1135 1262
1029 4 2 1 1 1076 1175 456 1223
1030 4 2 1 1 117 1191 1019 1238
1031 4 2 1 1 737 174 1156 1235
1032 4 2 1 1 300 1135 301 1307
1033 4 2 1 1 848 852 692 1036
1034 4 2 1 1 496 1175 1076 1258
1035 4 2 1 1 853 1158 1065 1195
1036 4 2 1 1 633 1117 1079 1272
1037 4 2 1 1 413 1121 581 1138
1038 4 2 1 1 741 254 172 1156
1039 4 2 1 1 1109 1156 174 1235
1040 4 2 1 1 652 1046 817 1198
1041 4 2 1 1 1139 1177 987 1248
1042 4 2 1 1 984 1022 1127 1133
1043 4 2 1 1 350 1150 348 1229
1044 4 2 1 1 731 618 1101 1145
1045 4 2 1 1 680 663 84 1184
1046 4 2 1 1 21 20 891 1142
1047 4 2 1 1 302 307 306 1135
1048 4 2 1 1 28 630 1035 1186
1049 4 2 1 1 900 949 105 1049
1050 4 2 1 1 708 1110 191 1171
1051 4 2 1 1 985 1072 1222 1247
1052 4 2 1 1 352 1181 1081 1198
1053 4 2 1 1 62 1149 1045 1273
1054 4 2 1 1 512 1004 423 1136
1055 4 2 1 1 379 749 1222 1247
1056 4 2 1 1 993 1207 1037 1249
1057 4 2 1 1 225 261 724 1085
1058 4 2 1 1 803 1025 657 1170
1059 4 2 1 1 379 1222 1072 1247
1060 4 2 1 1 989 1155 1118 1304
1061 4 2 1 1 431 432 1107 1141
1062 4 2 1 1 37 1076 93 1163
1063 4 2 1 1 494 761 1041 1197
1064 4 2 1 1 502 1032 706 1231
1065 4 2 1 1 981 1238 1154 1313
1066 4 2 1 1 1022 1094 1305 1330
1067 4 2 1 1 947 895 1051 1243
1068 4 2 1 1 22 1030 107 1187
1069 4 2 1 1 990 1096 1019 1129
1070 4 2 1 1 1088 981 1154 1295
1071 4 2 1 1 1099 1131 409 1275
1072 4 2 1 1 1005 1225 717 1316
1073 4 2 1 1 1021 1179 988 1185
1074 4 2 1 1 631 1035 1186 1210
1075 4 2 1 1 329 847 409 1131
1076 4 2 1 1 746 853 1065 1195
1077 4 2 1 1 1027 1232 847 1312
1078 4 2 1 1 475 1086 1053 1224
1079 4 2 1 1 704 39 122 1074
1080 4 2 1 1 652 1046 1198 1229
1081 4 2 1 1 458 1052 1175 1252
1082 4 2 1 1 345 1082 343 1289
1083 4 2 1 1 1073 1118 730 1304
1084 4 2 1 1 496 1076 698 1258
1085 4 2 1 1 1034 1300 998 1333
1086 4 2 1 1 1007 1300 1034 1333
1087 4 2 1 1 907 1147 1008 1302
1088 4 2 1 1 300 1084 1135 1307
1089 4 2 1 1 492 763 580 1045
1090 4 2 1 1 385 334 1047 1139
1091 4 2 1 1 1059 1234 1125 1297
1092 4 2 1 1 350 349 348 1150
1093 4 2 1 1 1003 1184 986 1190
1094 4 2 1 1 45 1133 1134 1255
1095 4 2 1 1 227 224 1317 1322
1096 4 2 1 1 1010 1113 985 1128
1097 4 2 1 1 666 1040 521 1155
1098 4 2 1 1 1069 1112 168 1323
1099 4 2 1 1 996 1153 1055 1277
1100 4 2 1 1 62 598 599 1045
1101 4 2 1 1 537 98 538 1137
1102 4 2 1 1 725 1047 1173 1248
1103 4 2 1 1 809 640 1062 1239
1104 4 2 1 1 827 1068 810 1146
1105 4 2 1 1 1007 1059 1034 1234
1106 4 2 1 1 32 31 115 1099
1107 4 2 1 1 1072 1208 321 1245
1108 4 2 1 1 1032 1158 502 1244
1109 4 2 1 1 1001 1235 178 1257
1110 4 2 1 1 248 1148 199 1221
1111 4 2 1 1 168 1112 1069 1228
1112 4 2 1 1 384 712 840 1168
1113 4 2 1 1 810 1068 404 1146
1114 4 2 1 1 152 1122 154 1164
1115 4 2 1 1 1086 1111 986 1336
1116 4 2 1 1 129 1051 1160 1249
1117 4 2 1 1 1141 1142 435 1301
1118 4 2 1 1 982 1057 1282 1343
1119 4 2 1 1 740 1068 827 1261
1120 4 2 1 1 415 582 1121 1147
1121 4 2 1 1 1085 1317 224 1322
1122 4 2 1 1 1079 1156 805 1272
1123 4 2 1 1 345 788 343 1082
1124 4 2 1 1 731 509 508 1145
1125 4 2 1 1 982 1233 1057 1343
1126 4 2 1 1 1001 177 1280 1318
1127 4 2 1 1 452 1054 522 1163
1128 4 2 1 1 979 1097 1002 1116
1129 4 2 1 1 941 1049 932 1123
1130 4 2 1 1 904 512 1004 1219
1131 4 2 1 1 1023 1096 1017 1339
1132 4 2 1 1 33 1203 1155 1275
1133 4 2 1 1 597 603 1093 1266
1134 4 2 1 1 871 1090 1208 1222
1135 4 2 1 1 1159 1217 316 1297
1136 4 2 1 1 605 1090 31 1250
1137 4 2 1 1 424 423 893 1136
1138 4 2 1 1 614 1055 1182 1247
1139 4 2 1 1 618 548 504 1141
1140 4 2 1 1 372 1056 898 1180
1141 4 2 1 1 788 1169 1082 1254
1142 4 2 1 1 111 510 914 1043
1143 4 2 1 1 47 1111 1224 1255
1144 4 2 1 1 817 1108 816 1198
1145 4 2 1 1 569 1178 1019 1191
1146 4 2 1 1 574 1096 575 1314
1147 4 2 1 1 635 802 506 1156
1148 4 2 1 1 138 566 1097 1251
1149 4 2 1 1 334 333 332 1047
1150 4 2 1 1 32 613 33 1275
1151 4 2 1 1 1069 1205 744 1228
1152 4 2 1 1 991 1141 1016 1145
1153 4 2 1 1 300 1135 1084 1262
1154 4 2 1 1 533 535 1042 1238
1155 4 2 1 1 513 512 401 1136
1156 4 2 1 1 635 1039 626 1272
1157 4 2 1 1 716 717 683 1225
1158 4 2 1 1 303 743 1103 1295
1159 4 2 1 1 427 803 425 1284
1160 4 2 1 1 1022 984 1127 1167
1161 4 2 1 1 780 1037 1200 1207
1162 4 2 1 1 898 372 281 1056
1163 4 2 1 1 889 769 520 1154
1164 4 2 1 1 509 1008 507 1145
1165 4 2 1 1 413 581 258 1138
1166 4 2 1 1 343 1050 1289 1290
1167 4 2 1 1 553 1066 1160 1265
1168 4 2 1 1 1011 1099 989 1131
1169 4 2 1 1 37 1196 1163 1345
1170 4 2 1 1 1068 1146 827 1261
1171 4 2 1 1 296 304 908 1119
1172 4 2 1 1 341 1168 1050 1192
1173 4 2 1 1 833 1232 1130 1345
1174 4 2 1 1 594 596 593 1194
1175 4 2 1 1 990 1019 1096 1259
1176 4 2 1 1 372 282 281 1152
1177 4 2 1 1 979 1012 1120 1200
1178 4 2 1 1 333 332 1047 1232
1179 4 2 1 1 337 1060 808 1130
1180 4 2 1 1 1005 1225 1117 1336
1181 4 2 1 1 114 42 1089 1310
1182 4 2 1 1 471 1319 1133 1320
1183 4 2 1 1 700 828 1113 1246
1184 4 2 1 1 614 1182 1098 1247
1185 4 2 1 1 1023 1096 990 1129
1186 4 2 1 1 1078 1236 1103 1303
1187 4 2 1 1 683 1134 691 1181
1188 4 2 1 1 839 730 1118 1304
1189 4 2 1 1 698 1076 1226 1258
1190 4 2 1 1 1159 1266 1093 1333
1191 4 2 1 1 732 835 250 1118
1192 4 2 1 1 36 37 1163 1345
1193 4 2 1 1 991 1121 1014 1136
1194 4 2 1 1 199 1148 1070 1221
1195 4 2 1 1 1020 990 1137 1339
1196 4 2 1 1 986 1235 1280 1336
1197 4 2 1 1 667 493 647 1029
1198 4 2 1 1 734 1018 735 1298
1199 4 2 1 1 180 1108 182 1167
1200 4 2 1 1 725 1173 837 1248
1201 4 2 1 1 855 246 1110 1179
1202 4 2 1 1 492 1045 598 1143
1203 4 2 1 1 481 480 479 1077
1204 4 2 1 1 1075 1230 1018 1313
1205 4 2 1 1 1160 1243 911 1265
1206 4 2 1 1 480 1077 1067 1263
1207 4 2 1 1 191 192 193 1171
1208 4 2 1 1 58 117 1129 1238
1209 4 2 1 1 712 338 336 1139
1210 4 2 1 1 763 135 137 1097
1211 4 2 1 1 343 341 1050 1290
1212 4 2 1 1 278 1017 156 1199
1213 4 2 1 1 1086 1224 1111 1336
1214 4 2 1 1 364 362 375 1218
1215 4 2 1 1 822 846 749 1247
1216 4 2 1 1 193 1171 192 1253
1217 4 2 1 1 593 1153 1063 1293
1218 4 2 1 1 1075 1178 981 1313
1219 4 2 1 1 983 1025 1210 1284
1220 4 2 1 1 499 1065 853 1158
1221 4 2 1 1 1074 1226 995 1258
1222 4 2 1 1 585 1165 1035 1268
1223 4 2 1 1 1043 1049 940 1202
1224 4 2 1 1 367 272 366 1151
1225 4 2 1 1 229 593 1063 1293
1226 4 2 1 1 219 218 1093 1170
1227 4 2 1 1 1059 1266 1159 1333
1228 4 2 1 1 788 1082 345 1254
1229 4 2 1 1 535 1042 1238 1283
1230 4 2 1 1 339 1060 338 1168
1231 4 2 1 1 611 1032 502 1244
1232 4 2 1 1 690 1150 1031 1204
1233 4 2 1 1 717 683 1005 1316
1234 4 2 1 1 930 940 1043 1049
1235 4 2 1 1 1023 1129 990 1137
1236 4 2 1 1 983 1170 1025 1284
1237 4 2 1 1 536 1129 98 1283
1238 4 2 1 1 27 28 630 1035
1239 4 2 1 1 28 1044 632 1186
1240 4 2 1 1 1070 987 1177 1248
1241 4 2 1 1 19 20 1115 1142
1242 4 2 1 1 25 1125 583 1325
1243 4 2 1 1 947 895 921 1051
1244 4 2 1 1 155 755 794 1240
1245 4 2 1 1 452 1054 1163 1223
1246 4 2 1 1 181 1108 1167 1318
1247 4 2 1 1 1049 1180 561 1276
1248 4 2 1 1 688 1134 1031 1294
1249 4 2 1 1 1009 988 1110 1114
1250 4 2 1 1 1020 1137 1119 1307
1251 4 2 1 1 447 450 449 1166
1252 4 2 1 1 951 949 932 1049
1253 4 2 1 1 1022 1305 1167 1330
1254 4 2 1 1 983 1093 1063 1170
1255 4 2 1 1 1012 979 1120 1152
1256 4 2 1 1 316 1159 747 1217
1257 4 2 1 1 180 181 1108 1167
1258 4 2 1 1 746 1195 1065 1227
1259 4 2 1 1 748 379 1072 1194
1260 4 2 1 1 434 1101 1141 1301
1261 4 2 1 1 688 1031 102 1294
1262 4 2 1 1 657 1170 1025 1293
1263 4 2 1 1 827 810 404 1146
1264 4 2 1 1 241 1112 171 1263
1265 4 2 1 1 453 1148 1054 1223
1266 4 2 1 1 1028 1172 665 1197
1267 4 2 1 1 1029 985 1128 1250
1268 4 2 1 1 1011 989 1099 1335
1269 4 2 1 1 989 1027 1275 1286
1270 4 2 1 1 270 281 271 1116
1271 4 2 1 1 983 1159 1093 1333
1272 4 2 1 1 992 1046 1305 1330
1273 4 2 1 1 1093 1170 218 1293
1274 4 2 1 1 150 143 745 1105
1275 4 2 1 1 837 725 386 1174
1276 4 2 1 1 928 912 948 1123
1277 4 2 1 1 152 154 153 1164
1278 4 2 1 1 494 761 765 1041
1279 4 2 1 1 112 64 131 1037
1280 4 2 1 1 158 156 157 1106
1281 4 2 1 1 421 1058 419 1211
1282 4 2 1 1 949 930 105 1049
1283 4 2 1 1 1039 1080 1000 1156
1284 4 2 1 1 643 644 1061 1257
1285 4 2 1 1 986 1235 1109 1280
1286 4 2 1 1 390 1107 310 1308
1287 4 2 1 1 201 203 1221 1239
1288 4 2 1 1 183 1094 718 1167
1289 4 2 1 1 608 25 610 1132
1290 4 2 1 1 715 1018 734 1206
1291 4 2 1 1 730 249 1073 1166
1292 4 2 1 1 482 863 1263 1344
1293 4 2 1 1 625 1078 395 1236
1294 4 2 1 1 288 286 284 1152
1295 4 2 1 1 1081 1150 350 1229
1296 4 2 1 1 108 558 556 1123
1297 4 2 1 1 799 506 802 1080
1298 4 2 1 1 1032 1124 978 1285
1299 4 2 1 1 1019 1238 1191 1313
1300 4 2 1 1 460 1179 1052 1252
1301 4 2 1 1 838 840 712 1139
1302 4 2 1 1 579 1092 573 1191
1303 4 2 1 1 160 158 159 1106
1304 4 2 1 1 1001 1079 1061 1336
1305 4 2 1 1 1022 984 1167 1305
1306 4 2 1 1 509 924 507 1008
1307 4 2 1 1 285 625 395 1236
1308 4 2 1 1 988 1021 1185 1309
1309 4 2 1 1 317 410 1165 1245
1310 4 2 1 1 649 665 650 1197
1311 4 2 1 1 1064 1078 395 1264
1312 4 2 1 1 738 173 242 1109
1313 4 2 1 1 306 404 727 1135
1314 4 2 1 1 631 1035 630 1186
1315 4 2 1 1 978 1084 1020 1135
1316 4 2 1 1 703 1033 702 1169
1317 4 2 1 1 290 303 1103 1236
1318 4 2 1 1 502 611 706 1032
1319 4 2 1 1 169 168 1112 1323
1320 4 2 1 1 522 1163 1054 1188
1321 4 2 1 1 171 1112 169 1228
1322 4 2 1 1 1121 1136 991 1147
1323 4 2 1 1 1077 1086 986 1109
1324 4 2 1 1 597 604 603 1266
1325 4 2 1 1 214 212 1055 1246
1326 4 2 1 1 1103 1236 1006 1303
1327 4 2 1 1 1022 992 1089 1305
1328 4 2 1 1 1075 1164 990 1240
1329 4 2 1 1 32 1099 613 1275
1330 4 2 1 1 694 326 383 1326
1331 4 2 1 1 1084 1124 540 1262
1332 4 2 1 1 45 637 1133 1255
1333 4 2 1 1 463 1021 858 1179
1334 4 2 1 1 190 192 191 1110
1335 4 2 1 1 431 433 432 1141
1336 4 2 1 1 1012 993 1207 1296
1337 4 2 1 1 458 460 1052 1252
1338 4 2 1 1 941 940 951 1049
1339 4 2 1 1 339 337 338 1060
1340 4 2 1 1 1050 1169 988 1289
1341 4 2 1 1 643 644 378 1061
1342 4 2 1 1 660 381 659 1176
1343 4 2 1 1 96 1005 683 1316
1344 4 2 1 1 297 713 374 1119
1345 4 2 1 1 744 829 1205 1261
1346 4 2 1 1 688 44 102 1031
1347 4 2 1 1 867 478 868 1077
1348 4 2 1 1 817 239 816 1108
1349 4 2 1 1 991 1141 1030 1321
1350 4 2 1 1 476 474 475 1086
1351 4 2 1 1 359 1184 1117 1269
1352 4 2 1 1 56 98 57 1023
1353 4 2 1 1 341 339 1168 1192
1354 4 2 1 1 612 53 611 1244
1355 4 2 1 1 601 1044 602 1208
1356 4 2 1 1 1232 1281 1015 1334
1357 4 2 1 1 1031 1089 992 1305
1358 4 2 1 1 358 1117 633 1272
1359 4 2 1 1 160 746 1065 1227
1360 4 2 1 1 991 1016 1141 1321
1361 4 2 1 1 341 340 1050 1168
1362 4 2 1 1 385 1047 725 1248
1363 4 2 1 1 194 193 192 1253
1364 4 2 1 1 743 1154 1103 1295
1365 4 2 1 1 942 1100 1043 1202
1366 4 2 1 1 562 1049 561 1276
1367 4 2 1 1 247 1036 852 1171
1368 4 2 1 1 985 1011 1098 1222
1369 4 2 1 1 725 837 844 1248
1370 4 2 1 1 540 1124 542 1262
1371 4 2 1 1 759 390 279 1034
1372 4 2 1 1 461 1052 460 1179
1373 4 2 1 1 1026 1135 1068 1146
1374 4 2 1 1 840 813 384 1168
1375 4 2 1 1 390 1034 759 1338
1376 4 2 1 1 734 1189 1018 1298
1377 4 2 1 1 512 1004 513 1193
1378 4 2 1 1 640 1173 1062 1239
1379 4 2 1 1 405 1038 1151 1287
1380 4 2 1 1 178 1001 1257 1318
1381 4 2 1 1 632 1128 878 1186
1382 4 2 1 1 1003 1077 1067 1311
1383 4 2 1 1 1025 1170 803 1284
1384 4 2 1 1 194 1253 192 1341
1385 4 2 1 1 374 734 295 1119
1386 4 2 1 1 594 593 230 1194
1387 4 2 1 1 744 1205 1069 1261
1388 4 2 1 1 601 1090 605 1250
1389 4 2 1 1 440 1113 441 1242
1390 4 2 1 1 1154 1191 1088 1238
1391 4 2 1 1 49 1190 1003 1311
1392 4 2 1 1 538 540 1084 1124
1393 4 2 1 1 90 1234 1007 1338
1394 4 2 1 1 449 450 451 1166
1395 4 2 1 1 97 1035 631 1210
1396 4 2 1 1 1011 985 1090 1222
1397 4 2 1 1 337 808 335 1130
1398 4 2 1 1 1024 987 1139 1177
1399 4 2 1 1 1174 1232 1027 1334
1400 4 2 1 1 1244 1282 1028 1340
1401 4 2 1 1 780 1037 564 1200
1402 4 2 1 1 350 1081 349 1150
1403 4 2 1 1 317 410 1071 1165
1404 4 2 1 1 479 478 477 1077
1405 4 2 1 1 988 1179 1110 1185
1406 4 2 1 1 570 569 571 1019
1407 4 2 1 1 538 1023 906 1124
1408 4 2 1 1 181 180 1108 1318
1409 4 2 1 1 137 763 1097 1267
1410 4 2 1 1 843 1062 640 1173
1411 4 2 1 1 418 1200 1012 1207
1412 4 2 1 1 229 216 593 1293
1413 4 2 1 1 980 1091 1034 1187
1414 4 2 1 1 250 839 730 1118
1415 4 2 1 1 748 1194 1072 1245
1416 4 2 1 1 27 585 1035 1268
1417 4 2 1 1 1052 1179 988 1252
1418 4 2 1 1 182 1167 1046 1330
1419 4 2 1 1 924 907 507 1008
1420 4 2 1 1 801 1060 408 1192
1421 4 2 1 1 981 1189 1298 1313
1422 4 2 1 1 992 1022 1094 1305
1423 4 2 1 1 703 1169 702 1299
1424 4 2 1 1 510 1100 910 1207
1425 4 2 1 1 825 1046 652 1229
1426 4 2 1 1 102 1031 43 1204
1427 4 2 1 1 408 801 672 1060
1428 4 2 1 1 1006 1120 1064 1236
1429 4 2 1 1 313 411 884 1234
1430 4 2 1 1 1094 1167 183 1330
1431 4 2 1 1 981 1088 1154 1191
1432 4 2 1 1 21 113 20 1144
1433 4 2 1 1 978 1020 1084 1339
1434 4 2 1 1 1058 1211 421 1284
1435 4 2 1 1 614 231 1098 1182
1436 4 2 1 1 88 1129 574 1314
1437 4 2 1 1 985 1011 1090 1335
1438 4 2 1 1 690 1031 102 1204
1439 4 2 1 1 482 1263 1067 1344
1440 4 2 1 1 769 889 304 1042
1441 4 2 1 1 1125 1132 1007 1333
1442 4 2 1 1 983 1132 1125 1333
1443 4 2 1 1 1078 1103 981 1303
1444 4 2 1 1 280 1066 554 1183
1445 4 2 1 1 1046 1108 984 1167
1446 4 2 1 1 983 1170 1063 1278
1447 4 2 1 1 988 1048 1185 1288
1448 4 2 1 1 750 821 1106 1209
1449 4 2 1 1 1035 1071 983 1268
1450 4 2 1 1 219 218 1170 1293
1451 4 2 1 1 303 1006 398 1295
1452 4 2 1 1 1092 1178 573 1191
1453 4 2 1 1 1071 1165 881 1268
1454 4 2 1 1 182 1046 723 1330
1455 4 2 1 1 31 1029 647 1250
1456 4 2 1 1 163 161 159 1227
1457 4 2 1 1 997 1174 1027 1334
1458 4 2 1 1 692 852 247 1036
1459 4 2 1 1 730 1166 1073 1304
1460 4 2 1 1 304 918 908 1283
1461 4 2 1 1 214 1055 230 1153
1462 4 2 1 1 998 1266 1093 1317
1463 4 2 1 1 235 192 709 1009
1464 4 2 1 1 459 458 1052 1175
1465 4 2 1 1 248 199 711 1221
1466 4 2 1 1 569 1019 117 1191
1467 4 2 1 1 573 579 767 1092
1468 4 2 1 1 63 564 64 1037
1469 4 2 1 1 638 1070 198 1177
1470 4 2 1 1 115 1090 606 1099
1471 4 2 1 1 982 1228 1112 1292
1472 4 2 1 1 1038 1211 1091 1287
1473 4 2 1 1 901 1215 1157 1301
1474 4 2 1 1 1004 991 1136 1147
1475 4 2 1 1 1010 1153 1055 1246
1476 4 2 1 1 1007 1132 1125 1325
1477 4 2 1 1 145 142 1116 1264
1478 4 2 1 1 794 1018 1206 1240
1479 4 2 1 1 795 576 577 1096
1480 4 2 1 1 1092 1105 1002 1267
1481 4 2 1 1 123 1037 1207 1249
1482 4 2 1 1 1018 1298 1189 1313
1483 4 2 1 1 1033 1169 703 1254
1484 4 2 1 1 520 1154 743 1295
1485 4 2 1 1 1007 1038 1300 1333
1486 4 2 1 1 634 1079 805 1272
1487 4 2 1 1 284 1064 283 1152
1488 4 2 1 1 983 1071 1035 1278
1489 4 2 1 1 499 853 488 1158
1490 4 2 1 1 988 1179 1140 1252
1491 4 2 1 1 294 769 304 1189
1492 4 2 1 1 207 208 209 1013
1493 4 2 1 1 864 1127 470 1320
1494 4 2 1 1 979 1012 1200 1296
1495 4 2 1 1 54 611 53 1032
1496 4 2 1 1 385 334 725 1047
1497 4 2 1 1 431 1107 390 1187
1498 4 2 1 1 1038 1007 1211 1333
1499 4 2 1 1 991 1101 999 1142
1500 4 2 1 1 1059 1159 983 1333
1501 4 2 1 1 1039 1117 986 1184
1502 4 2 1 1 763 767 580 1092
1503 4 2 1 1 949 900 905 1049
1504 4 2 1 1 871 1090 1222 1337
1505 4 2 1 1 601 87 602 1044
1506 4 2 1 1 872 1090 601 1208
1507 4 2 1 1 709 1009 836 1341
1508 4 2 1 1 1119 1137 908 1307
1509 4 2 1 1 1038 1058 998 1333
1510 4 2 1 1 593 216 1153 1293
1511 4 2 1 1 988 1082 1048 1114
1512 4 2 1 1 1115 1161 1004 1219
1513 4 2 1 1 169 1112 168 1228
1514 4 2 1 1 699 1076 456 1223
1515 4 2 1 1 400 367 387 1151
1516 4 2 1 1 102 44 43 1031
1517 4 2 1 1 1050 1168 340 1237
1518 4 2 1 1 771 724 261 1151
1519 4 2 1 1 299 1020 713 1307
1520 4 2 1 1 657 1153 215 1293
1521 4 2 1 1 1063 1278 1170 1293
1522 4 2 1 1 730 845 1166 1304
1523 4 2 1 1 251 832 732 1113
1524 4 2 1 1 1029 1099 989 1335
1525 4 2 1 1 244 718 862 1167
1526 4 2 1 1 732 207 1013 1216
1527 4 2 1 1 581 1121 269 1138
1528 4 2 1 1 1055 1153 214 1246
1529 4 2 1 1 234 638 198 1177
1530 4 2 1 1 999 1115 991 1142
1531 4 2 1 1 447 1040 697 1188
1532 4 2 1 1 90 584 1125 1234
1533 4 2 1 1 1035 1268 983 1325
1534 4 2 1 1 385 1139 1047 1248
1535 4 2 1 1 311 279 275 1034
1536 4 2 1 1 533 1042 1154 1238
1537 4 2 1 1 553 1160 430 1265
1538 4 2 1 1 700 828 251 1113
1539 4 2 1 1 768 1041 765 1218
1540 4 2 1 1 427 425 1210 1284
1541 4 2 1 1 421 1211 420 1284
1542 4 2 1 1 253 803 657 1170
1543 4 2 1 1 1166 1188 1054 1334
1544 4 2 1 1 1037 1143 1066 1160
1545 4 2 1 1 1027 1174 997 1286
1546 4 2 1 1 597 1063 800 1159
1547 4 2 1 1 83 44 45 1133
1548 4 2 1 1 455 456 457 1175
1549 4 2 1 1 309 1056 270 1251
1550 4 2 1 1 405 1151 400 1287
1551 4 2 1 1 341 339 340 1168
1552 4 2 1 1 993 1037 1160 1249
1553 4 2 1 1 570 1019 571 1259
1554 4 2 1 1 1019 1178 571 1259
1555 4 2 1 1 41 702 42 1033
1556 4 2 1 1 709 830 1114 1288
1557 4 2 1 1 479 1190 629 1311
1558 4 2 1 1 299 376 713 1020
1559 4 2 1 1 1030 1141 991 1142
1560 4 2 1 1 1037 1207 993 1296
1561 4 2 1 1 1075 1164 790 1259
1562 4 2 1 1 180 182 181 1167
1563 4 2 1 1 362 360 1039 1269
1564 4 2 1 1 989 1011 1102 1335
1565 4 2 1 1 1069 982 1205 1228
1566 4 2 1 1 121 34 35 1188
1567 4 2 1 1 459 458 460 1052
1568 4 2 1 1 800 1063 596 1217
1569 4 2 1 1 351 349 1081 1150
1570 4 2 1 1 989 1102 1013 1335
1571 4 2 1 1 627 1102 1216 1256
1572 4 2 1 1 871 1208 323 1222
1573 4 2 1 1 624 525 477 1224
1574 4 2 1 1 1065 1068 978 1106
1575 4 2 1 1 851 1158 853 1195
1576 4 2 1 1 1057 1233 485 1244
1577 4 2 1 1 1112 1263 863 1344
1578 4 2 1 1 380 652 1198 1229
1579 4 2 1 1 311 1059 313 1234
1580 4 2 1 1 533 535 889 1042
1581 4 2 1 1 1150 1176 348 1229
1582 4 2 1 1 365 1172 1083 1218
1583 4 2 1 1 610 1132 25 1325
1584 4 2 1 1 214 213 212 1246
1585 4 2 1 1 230 1055 614 1247
1586 4 2 1 1 1112 1228 1000 1292
1587 4 2 1 1 1083 1104 982 1172
1588 4 2 1 1 986 1184 1111 1190
1589 4 2 1 1 1024 1139 1060 1168
1590 4 2 1 1 986 1316 1117 1336
1591 4 2 1 1 998 1201 1085 1317
1592 4 2 1 1 94 1190 525 1224
1593 4 2 1 1 768 765 396 1218
1594 4 2 1 1 666 1188 1040 1203
1595 4 2 1 1 1043 1049 993 1180
1596 4 2 1 1 445 1040 447 1304
1597 4 2 1 1 1034 275 1212 1308
1598 4 2 1 1 36 37 93 1163
1599 4 2 1 1 976 965 966 1219
1600 4 2 1 1 140 566 144 1251
1601 4 2 1 1 570 117 569 1019
1602 4 2 1 1 790 1178 1075 1259
1603 4 2 1 1 825 817 652 1046
1604 4 2 1 1 437 1186 1010 1291
1605 4 2 1 1 436 1010 824 1291
1606 4 2 1 1 843 809 640 1062
1607 4 2 1 1 598 492 599 1045
1608 4 2 1 1 122 1192 705 1290
1609 4 2 1 1 1035 983 1210 1325
1610 4 2 1 1 988 1185 1048 1309
1611 4 2 1 1 595 230 614 1247
1612 4 2 1 1 499 1065 1158 1231
1613 4 2 1 1 209 1182 1013 1327
1614 4 2 1 1 997 1166 1054 1334
1615 4 2 1 1 332 1174 1047 1232
1616 4 2 1 1 1006 1273 398 1295
1617 4 2 1 1 42 1033 702 1204
1618 4 2 1 1 370 1059 312 1212
1619 4 2 1 1 963 1157 964 1241
1620 4 2 1 1 854 459 855 1052
1621 4 2 1 1 317 1071 1217 1245
1622 4 2 1 1 982 1282 1028 1343
1623 4 2 1 1 152 1122 1164 1240
1624 4 2 1 1 988 1185 1110 1288
1625 4 2 1 1 706 1231 1032 1306
1626 4 2 1 1 992 1229 1150 1305
1627 4 2 1 1 627 1216 206 1256
1628 4 2 1 1 741 172 170 1228
1629 4 2 1 1 659 831 826 1048
1630 4 2 1 1 1015 1163 987 1345
1631 4 2 1 1 617 263 268 1016
1632 4 2 1 1 29 632 28 1044
1633 4 2 1 1 816 643 1198 1257
1634 4 2 1 1 392 847 1232 1312
1635 4 2 1 1 735 734 715 1018
1636 4 2 1 1 790 1075 151 1164
1637 4 2 1 1 1001 1053 1127 1220
1638 4 2 1 1 438 824 436 1010
1639 4 2 1 1 567 309 270 1251
1640 4 2 1 1 883 1125 411 1268
1641 4 2 1 1 209 1013 208 1327
1642 4 2 1 1 1048 1114 1082 1324
1643 4 2 1 1 1018 990 1206 1240
1644 4 2 1 1 997 1221 1073 1239
1645 4 2 1 1 986 1156 1079 1272
1646 4 2 1 1 732 207 209 1013
1647 4 2 1 1 559 550 619 1180
1648 4 2 1 1 661 50 84 1104
1649 4 2 1 1 552 1107 432 1141
1650 4 2 1 1 1127 1133 1022 1320
1651 4 2 1 1 487 1057 485 1244
1652 4 2 1 1 278 795 792 1017
1653 4 2 1 1 131 1160 1037 1249
1654 4 2 1 1 729 1020 376 1209
1655 4 2 1 1 60 1191 59 1238
1656 4 2 1 1 207 208 1013 1327
1657 4 2 1 1 212 614 1055 1182
1658 4 2 1 1 1033 1169 988 1299
1659 4 2 1 1 781 1033 703 1254
1660 4 2 1 1 1033 988 1140 1299
1661 4 2 1 1 120 51 1104 1343
1662 4 2 1 1 571 569 573 1178
1663 4 2 1 1 324 383 326 1011
1664 4 2 1 1 343 407 341 1290
1665 4 2 1 1 1063 1170 1093 1293
1666 4 2 1 1 1108 1127 984 1167
1667 4 2 1 1 1015 987 1130 1345
1668 4 2 1 1 1023 1137 990 1339
1669 4 2 1 1 551 550 559 1180
1670 4 2 1 1 620 227 224 1317
1671 4 2 1 1 903 1213 1026 1262
1672 4 2 1 1 737 174 254 1156
1673 4 2 1 1 825 1162 1046 1229
1674 4 2 1 1 410 881 1071 1165
1675 4 2 1 1 297 299 713 1307
1676 4 2 1 1 1036 1175 1076 1223
1677 4 2 1 1 998 1058 1038 1201
1678 4 2 1 1 424 1115 527 1144
1679 4 2 1 1 997 1166 1073 1221
1680 4 2 1 1 991 1101 1141 1145
1681 4 2 1 1 807 805 634 1079
1682 4 2 1 1 980 1095 1091 1187
1683 4 2 1 1 638 1173 1070 1248
1684 4 2 1 1 849 309 567 1183
1685 4 2 1 1 898 1180 1056 1276
1686 4 2 1 1 324 326 325 1011
1687 4 2 1 1 158 278 156 1199
1688 4 2 1 1 117 59 1191 1238
1689 4 2 1 1 234 654 655 1177
1690 4 2 1 1 424 893 546 1115
1691 4 2 1 1 1124 1213 1032 1306
1692 4 2 1 1 300 302 1135 1262
1693 4 2 1 1 280 1066 1183 1251
1694 4 2 1 1 451 453 850 1054
1695 4 2 1 1 1017 1096 1023 1314
1696 4 2 1 1 1011 1222 324 1326
1697 4 2 1 1 631 97 630 1035
1698 4 2 1 1 702 703 781 1033
1699 4 2 1 1 1007 1091 1038 1211
1700 4 2 1 1 369 404 306 1146
1701 4 2 1 1 668 1015 35 1312
1702 4 2 1 1 1022 1089 1031 1305
1703 4 2 1 1 354 1181 1061 1225
1704 4 2 1 1 818 1205 799 1228
1705 4 2 1 1 859 1057 486 1195
1706 4 2 1 1 889 533 1042 1154
1707 4 2 1 1 799 1205 1080 1228
1708 4 2 1 1 1123 1183 556 1265
1709 4 2 1 1 21 526 113 1144
1710 4 2 1 1 851 488 853 1158
1711 4 2 1 1 326 1011 383 1326
1712 4 2 1 1 470 467 468 1022
1713 4 2 1 1 486 1057 1158 1195
1714 4 2 1 1 916 540 542 1262
1715 4 2 1 1 983 1268 1125 1325
1716 4 2 1 1 278 792 156 1017
1717 4 2 1 1 343 1169 407 1290
1718 4 2 1 1 298 1119 908 1307
1719 4 2 1 1 619 1152 372 1180
1720 4 2 1 1 1168 1341 1237 1342
1721 4 2 1 1 1012 1180 993 1296
1722 4 2 1 1 1024 1177 654 1253
1723 4 2 1 1 729 713 376 1020
1724 4 2 1 1 991 1030 1142 1144
1725 4 2 1 1 795 1017 278 1199
1726 4 2 1 1 354 1061 378 1225
1727 4 2 1 1 422 1211 1132 1284
1728 4 2 1 1 980 1138 1085 1151
1729 4 2 1 1 723 239 817 1046
1730 4 2 1 1 748 379 320 1072
1731 4 2 1 1 858 1021 465 1214
1732 4 2 1 1 997 1174 1062 1286
1733 4 2 1 1 168 1069 744 1228
1734 4 2 1 1 1150 1229 1081 1305
1735 4 2 1 1 383 1011 324 1326
1736 4 2 1 1 986 1109 1086 1280
1737 4 2 1 1 25 24 90 1007
1738 4 2 1 1 320 748 1072 1245
1739 4 2 1 1 434 1141 435 1301
1740 4 2 1 1 1071 316 1217 1297
1741 4 2 1 1 614 210 231 1182
1742 4 2 1 1 247 852 854 1171
1743 4 2 1 1 808 1130 1060 1196
1744 4 2 1 1 362 361 360 1269
1745 4 2 1 1 986 1280 1086 1336
1746 4 2 1 1 97 1035 1210 1325
1747 4 2 1 1 1017 990 1122 1339
1748 4 2 1 1 617 262 263 1016
1749 4 2 1 1 547 911 1160 1243
1750 4 2 1 1 1022 1167 1094 1330
1751 4 2 1 1 978 1135 1020 1209
1752 4 2 1 1 522 1054 450 1188
1753 4 2 1 1 1132 1210 983 1325
1754 4 2 1 1 1020 1122 990 1339
1755 4 2 1 1 700 251 211 1182
1756 4 2 1 1 1037 979 1149 1200
1757 4 2 1 1 773 764 1092 1267
1758 4 2 1 1 477 1086 475 1224
1759 4 2 1 1 905 920 558 1049
1760 4 2 1 1 478 476 477 1086
1761 4 2 1 1 984 1081 1031 1294
1762 4 2 1 1 991 1008 1145 1147
1763 4 2 1 1 978 1124 1084 1262
1764 4 2 1 1 402 1149 1120 1200
1765 4 2 1 1 1034 1059 998 1212
1766 4 2 1 1 794 735 715 1018
1767 4 2 1 1 120 51 661 1104
1768 4 2 1 1 809 1239 1062 1256
1769 4 2 1 1 129 1160 131 1249
1770 4 2 1 1 370 1059 1212 1266
1771 4 2 1 1 405 419 778 1038
1772 4 2 1 1 951 930 949 1049
1773 4 2 1 1 607 1099 409 1275
1774 4 2 1 1 277 790 1164 1259
1775 4 2 1 1 989 1013 1102 1216
1776 4 2 1 1 986 1117 1079 1336
1777 4 2 1 1 351 349 350 1081
1778 4 2 1 1 452 1163 879 1223
1779 4 2 1 1 476 474 1086 1220
1780 4 2 1 1 993 1243 1051 1265
1781 4 2 1 1 803 427 815 1025
1782 4 2 1 1 991 1014 1121 1321
1783 4 2 1 1 235 1009 709 1341
1784 4 2 1 1 988 1169 1082 1289
1785 4 2 1 1 224 222 620 1317
1786 4 2 1 1 536 1238 1129 1283
1787 4 2 1 1 773 1092 397 1267
1788 4 2 1 1 993 1160 1051 1249
1789 4 2 1 1 907 1008 924 1302
1790 4 2 1 1 1040 1166 447 1304
1791 4 2 1 1 269 517 563 1121
1792 4 2 1 1 1005 1117 1316 1336
1793 4 2 1 1 1062 1131 1027 1174
1794 4 2 1 1 578 1178 790 1259
1795 4 2 1 1 627 1216 1102 1327
1796 4 2 1 1 362 1083 363 1269
1797 4 2 1 1 45 637 83 1133
1798 4 2 1 1 920 558 1049 1276
1799 4 2 1 1 1080 1205 982 1228
1800 4 2 1 1 1071 1159 1063 1278
1801 4 2 1 1 1111 1190 94 1224
1802 4 2 1 1 979 1143 1037 1149
1803 4 2 1 1 881 883 411 1268
1804 4 2 1 1 996 1153 1063 1194
1805 4 2 1 1 260 581 269 1138
1806 4 2 1 1 1110 1114 988 1288
1807 4 2 1 1 991 1115 1004 1136
1808 4 2 1 1 1056 1116 270 1251
1809 4 2 1 1 586 881 1165 1268
1810 4 2 1 1 486 1057 487 1158
1811 4 2 1 1 1146 1197 1041 1340
1812 4 2 1 1 1016 1138 980 1321
1813 4 2 1 1 131 1037 64 1249
1814 4 2 1 1 1038 1211 1058 1333
1815 4 2 1 1 1140 1179 1021 1310
1816 4 2 1 1 991 1121 1016 1321
1817 4 2 1 1 470 862 467 1022
1818 4 2 1 1 815 436 824 1291
1819 4 2 1 1 400 1095 429 1287
1820 4 2 1 1 537 538 539 1137
1821 4 2 1 1 1167 1305 1046 1330
1822 4 2 1 1 1072 1194 379 1247
1823 4 2 1 1 1011 985 1098 1335
1824 4 2 1 1 629 481 479 1311
1825 4 2 1 1 1060 1168 339 1192
1826 4 2 1 1 181 1167 1127 1318
1827 4 2 1 1 996 1153 1025 1278
1828 4 2 1 1 702 1033 781 1204
1829 4 2 1 1 652 817 653 1198
1830 4 2 1 1 351 1081 777 1150
1831 4 2 1 1 277 790 151 1164
1832 4 2 1 1 296 908 298 1119
1833 4 2 1 1 443 1118 444 1242
1834 4 2 1 1 1171 1175 1052 1342
1835 4 2 1 1 879 452 522 1163
1836 4 2 1 1 800 1159 1063 1217
1837 4 2 1 1 706 1032 611 1306
1838 4 2 1 1 178 1257 1108 1318
1839 4 2 1 1 716 683 691 1181
1840 4 2 1 1 105 561 562 1049
1841 4 2 1 1 273 366 272 1014
1842 4 2 1 1 1009 1114 1110 1288
1843 4 2 1 1 855 1052 461 1179
1844 4 2 1 1 467 1022 862 1214
1845 4 2 1 1 901 1157 503 1301
1846 4 2 1 1 773 397 764 1267
1847 4 2 1 1 1057 982 1112 1344
1848 4 2 1 1 352 351 1081 1181
1849 4 2 1 1 178 726 1108 1257
1850 4 2 1 1 990 1129 1042 1283
1851 4 2 1 1 980 1016 1107 1260
1852 4 2 1 1 704 1290 1169 1299
1853 4 2 1 1 468 1022 467 1214
1854 4 2 1 1 966 1161 1219 1241
1855 4 2 1 1 123 1037 780 1207
1856 4 2 1 1 1004 1115 999 1161
1857 4 2 1 1 42 114 1089 1204
1858 4 2 1 1 547 1160 1051 1243
1859 4 2 1 1 699 1163 1076 1223
1860 4 2 1 1 245 1094 187 1185
1861 4 2 1 1 317 1071 316 1217
1862 4 2 1 1 463 465 858 1021
1863 4 2 1 1 422 420 1211 1284
1864 4 2 1 1 649 120 665 1028
1865 4 2 1 1 699 456 1076 1175
1866 4 2 1 1 730 249 203 1073
1867 4 2 1 1 983 1159 1071 1278
1868 4 2 1 1 222 1201 221 1315
1869 4 2 1 1 475 474 473 1053
1870 4 2 1 1 573 1092 773 1178
1871 4 2 1 1 303 399 743 1295
1872 4 2 1 1 666 697 1040 1188
1873 4 2 1 1 114 677 42 1310
1874 4 2 1 1 735 1018 794 1230
1875 4 2 1 1 1038 998 1300 1333
1876 4 2 1 1 890 107 1030 1187
1877 4 2 1 1 924 1008 509 1331
1878 4 2 1 1 438 436 437 1010
1879 4 2 1 1 83 678 44 1133
1880 4 2 1 1 400 387 429 1095
1881 4 2 1 1 1059 1159 370 1297
1882 4 2 1 1 1056 1183 309 1276
1883 4 2 1 1 609 1211 406 1287
1884 4 2 1 1 723 1046 825 1330
1885 4 2 1 1 262 259 1260 1322
1886 4 2 1 1 325 1011 326 1337
1887 4 2 1 1 1237 1341 1009 1342
1888 4 2 1 1 984 1031 1081 1305
1889 4 2 1 1 981 1105 1092 1178
1890 4 2 1 1 463 464 465 1021
1891 4 2 1 1 1014 991 1136 1144
1892 4 2 1 1 1049 1123 941 1202
1893 4 2 1 1 1046 1162 825 1330
1894 4 2 1 1 995 1274 1050 1290
1895 4 2 1 1 1078 1105 1002 1303
1896 4 2 1 1 826 1048 719 1329
1897 4 2 1 1 478 867 476 1086
1898 4 2 1 1 826 1162 1048 1329
1899 4 2 1 1 1071 1125 983 1268
1900 4 2 1 1 316 747 1159 1297
1901 4 2 1 1 1008 1193 1004 1241
1902 4 2 1 1 997 1173 1062 1174
1903 4 2 1 1 995 1050 1192 1290
1904 4 2 1 1 511 549 550 1012
1905 4 2 1 1 52 120 1028 1343
1906 4 2 1 1 814 1256 809 1279
1907 4 2 1 1 831 1048 659 1324
1908 4 2 1 1 847 669 841 1275
1909 4 2 1 1 492 580 599 1045
1910 4 2 1 1 365 1083 363 1218
1911 4 2 1 1 981 1105 1078 1303
1912 4 2 1 1 997 1047 1173 1174
1913 4 2 1 1 731 618 504 1101
1914 4 2 1 1 1042 1129 1019 1238
1915 4 2 1 1 1067 1112 1000 1292
1916 4 2 1 1 941 932 945 1123
1917 4 2 1 1 450 522 452 1054
1918 4 2 1 1 188 719 1288 1329
1919 4 2 1 1 992 1021 1089 1309
1920 4 2 1 1 334 332 725 1047
1921 4 2 1 1 572 1096 570 1259
1922 4 2 1 1 655 758 840 1024
1923 4 2 1 1 459 460 461 1052
1924 4 2 1 1 25 608 24 1007
1925 4 2 1 1 225 1085 226 1138
1926 4 2 1 1 1130 1232 1015 1345
1927 4 2 1 1 984 1031 1134 1294
1928 4 2 1 1 22 21 107 1030
1929 4 2 1 1 725 1047 332 1174
1930 4 2 1 1 1008 1147 1004 1193
1931 4 2 1 1 995 1074 1274 1290
1932 4 2 1 1 465 1021 464 1214
1933 4 2 1 1 265 273 272 1014
1934 4 2 1 1 406 1211 1038 1287
1935 4 2 1 1 554 1183 1066 1265
1936 4 2 1 1 777 1150 1081 1294
1937 4 2 1 1 554 1066 553 1265
1938 4 2 1 1 292 1103 769 1189
1939 4 2 1 1 989 1118 1013 1216
1940 4 2 1 1 280 553 554 1066
1941 4 2 1 1 181 1127 720 1318
1942 4 2 1 1 643 1061 1198 1257
1943 4 2 1 1 53 612 52 1244
1944 4 2 1 1 115 605 606 1090
1945 4 2 1 1 1065 1199 978 1231
1946 4 2 1 1 827 740 810 1068
1947 4 2 1 1 1163 1196 987 1345
1948 4 2 1 1 468 1022 1214 1319
1949 4 2 1 1 160 746 853 1065
1950 4 2 1 1 803 815 657 1025
1951 4 2 1 1 192 1009 235 1341
1952 4 2 1 1 444 1118 445 1304
1953 4 2 1 1 187 1185 1094 1329
1954 4 2 1 1 814 809 695 1279
1955 4 2 1 1 88 57 1129 1314
1956 4 2 1 1 22 526 21 1095
1957 4 2 1 1 240 178 1235 1257
1958 4 2 1 1 800 596 806 1217
1959 4 2 1 1 985 1208 1090 1222
1960 4 2 1 1 294 1119 295 1189
1961 4 2 1 1 140 139 1097 1267
1962 4 2 1 1 988 1052 1252 1274
1963 4 2 1 1 1014 991 1144 1321
1964 4 2 1 1 325 324 1011 1222
1965 4 2 1 1 445 521 447 1040
1966 4 2 1 1 645 647 1029 1250
1967 4 2 1 1 732 832 835 1242
1968 4 2 1 1 768 396 770 1205
1969 4 2 1 1 990 1096 1017 1164
1970 4 2 1 1 282 284 283 1152
1971 4 2 1 1 1046 1167 984 1305
1972 4 2 1 1 317 1217 318 1245
1973 4 2 1 1 816 1198 1108 1257
1974 4 2 1 1 406 1038 405 1287
1975 4 2 1 1 631 1210 1186 1291
1976 4 2 1 1 794 1018 715 1206
1977 4 2 1 1 593 214 230 1153
1978 4 2 1 1 1001 1108 1061 1257
1979 4 2 1 1 980 1085 1038 1151
1980 4 2 1 1 773 573 767 1092
1981 4 2 1 1 892 1053 498 1320
1982 4 2 1 1 757 1136 424 1144
1983 4 2 1 1 52 1028 1244 1343
1984 4 2 1 1 356 354 378 1225
1985 4 2 1 1 1041 1069 1205 1261
1986 4 2 1 1 1017 978 1106 1199
1987 4 2 1 1 345 1082 346 1254
1988 4 2 1 1 262 263 1016 1260
1989 4 2 1 1 268 1016 263 1260
1990 4 2 1 1 1030 1144 991 1321
1991 4 2 1 1 985 1182 1098 1335
1992 4 2 1 1 989 1027 1131 1275
1993 4 2 1 1 729 1020 1209 1332
1994 4 2 1 1 352 353 351 1181
1995 4 2 1 1 655 1024 654 1341
1996 4 2 1 1 1063 1093 983 1159
1997 4 2 1 1 370 1159 1059 1266
1998 4 2 1 1 459 461 855 1052
1999 4 2 1 1 987 1223 1036 1271
2000 4 2 1 1 1032 1231 978 1306
2001 4 2 1 1 1111 1316 986 1336
2002 4 2 1 1 489 1158 502 1231
2003 4 2 1 1 720 1127 181 1167
2004 4 2 1 1 989 1073 1286 1304
2005 4 2 1 1 660 659 826 1162
2006 4 2 1 1 890 431 530 1187
2007 4 2 1 1 1013 1098 1182 1335
2008 4 2 1 1 280 1183 555 1251
2009 4 2 1 1 22 23 1091 1187
2010 4 2 1 1 486 1158 851 1195
2011 4 2 1 1 542 1213 903 1262
2012 4 2 1 1 993 1180 1056 1296
2013 4 2 1 1 88 57 574 1129
2014 4 2 1 1 376 1135 727 1209
2015 4 2 1 1 1026 1197 1146 1340
2016 4 2 1 1 912 628 948 1123
2017 4 2 1 1 447 697 450 1188
2018 4 2 1 1 219 1170 1093 1315
2019 4 2 1 1 1079 1235 986 1336
2020 4 2 1 1 777 1081 351 1294
2021 4 2 1 1 464 1214 1021 1310
2022 4 2 1 1 753 784 796 1058
2023 4 2 1 1 331 329 330 1174
2024 4 2 1 1 730 845 249 1166
2025 4 2 1 1 649 52 120 1028
2026 4 2 1 1 988 1252 1074 1274
2027 4 2 1 1 360 1117 358 1272
2028 4 2 1 1 768 494 765 1041
2029 4 2 1 1 1104 1233 621 1311
2030 4 2 1 1 1185 1309 1094 1329
2031 4 2 1 1 54 53 100 1213
2032 4 2 1 1 365 403 1083 1172
2033 4 2 1 1 343 1050 341 1289
2034 4 2 1 1 253 1170 657 1293
2035 4 2 1 1 1088 1154 532 1295
2036 4 2 1 1 1048 1288 719 1329
2037 4 2 1 1 1029 1242 1113 1335
2038 4 2 1 1 681 1111 96 1316
2039 4 2 1 1 1090 1250 985 1335
2040 4 2 1 1 990 1017 1122 1164
2041 4 2 1 1 993 1051 1160 1265
2042 4 2 1 1 312 313 311 1059
2043 4 2 1 1 374 715 734 1206
2044 4 2 1 1 767 579 580 1092
2045 4 2 1 1 90 584 583 1125
2046 4 2 1 1 946 935 942 1043
2047 4 2 1 1 1050 1237 342 1289
2048 4 2 1 1 43 1089 114 1204
2049 4 2 1 1 487 486 485 1057
2050 4 2 1 1 304 1042 918 1283
2051 4 2 1 1 704 1074 1290 1299
2052 4 2 1 1 200 233 202 1239
2053 4 2 1 1 666 1155 101 1203
2054 4 2 1 1 41 702 1033 1299
2055 4 2 1 1 978 1068 1065 1285
2056 4 2 1 1 1049 1123 993 1183
2057 4 2 1 1 987 1047 1248 1281
2058 4 2 1 1 487 1158 1057 1244
2059 4 2 1 1 110 954 970 1157
2060 4 2 1 1 1017 1023 1126 1314
2061 4 2 1 1 573 1178 569 1191
2062 4 2 1 1 493 645 1029 1250
2063 4 2 1 1 419 1038 406 1211
2064 4 2 1 1 226 1085 224 1322
2065 4 2 1 1 1025 1210 427 1291
2066 4 2 1 1 1029 985 1250 1335
2067 4 2 1 1 1020 1135 1084 1307
2068 4 2 1 1 978 1199 1126 1231
2069 4 2 1 1 987 1076 1223 1271
2070 4 2 1 1 639 1173 638 1248
2071 4 2 1 1 815 1025 427 1291
2072 4 2 1 1 796 1058 1170 1315
2073 4 2 1 1 820 1130 833 1232
2074 4 2 1 1 327 325 326 1337
2075 4 2 1 1 784 419 421 1058
2076 4 2 1 1 988 1033 1082 1169
2077 4 2 1 1 978 1135 1026 1262
2078 4 2 1 1 763 767 1092 1267
2079 4 2 1 1 1017 1126 978 1199
2080 4 2 1 1 1066 1097 979 1251
2081 4 2 1 1 346 1082 1176 1254
2082 4 2 1 1 322 1072 379 1222
2083 4 2 1 1 1063 1159 1071 1217
2084 4 2 1 1 482 480 1067 1263
2085 4 2 1 1 739 485 1233 1244
2086 4 2 1 1 1031 992 1089 1204
2087 4 2 1 1 808 1060 672 1196
2088 4 2 1 1 560 913 783 1043
2089 4 2 1 1 823 379 1194 1247
2090 4 2 1 1 275 1034 279 1308
2091 4 2 1 1 698 1076 37 1226
2092 4 2 1 1 1036 1223 1076 1271
2093 4 2 1 1 166 167 165 1323
2094 4 2 1 1 796 753 1058 1315
2095 4 2 1 1 255 168 744 1228
2096 4 2 1 1 987 1248 1070 1281
2097 4 2 1 1 990 1119 1018 1206
2098 4 2 1 1 342 341 340 1050
2099 4 2 1 1 1070 1148 1054 1221
2100 4 2 1 1 989 1118 1073 1304
2101 4 2 1 1 279 390 310 1308
2102 4 2 1 1 391 788 345 1254
2103 4 2 1 1 1098 1182 231 1327
2104 4 2 1 1 352 1081 380 1198
2105 4 2 1 1 1016 1121 991 1145
2106 4 2 1 1 965 976 953 1219
2107 4 2 1 1 330 329 328 1131
2108 4 2 1 1 700 1182 211 1246
2109 4 2 1 1 1068 740 1227 1261
2110 4 2 1 1 864 1127 244 1167
2111 4 2 1 1 1036 1148 987 1177
2112 4 2 1 1 271 283 760 1264
2113 4 2 1 1 563 401 273 1136
2114 4 2 1 1 1094 1185 1021 1309
2115 4 2 1 1 833 1130 671 1345
2116 4 2 1 1 410 586 881 1165
2117 4 2 1 1 309 281 270 1056
2118 4 2 1 1 1170 1278 1025 1293
2119 4 2 1 1 1025 983 1210 1278
2120 4 2 1 1 43 678 114 1089
2121 4 2 1 1 283 1064 395 1264
2122 4 2 1 1 214 212 230 1055
2123 4 2 1 1 1033 1089 992 1204
2124 4 2 1 1 982 1112 1067 1292
2125 4 2 1 1 512 423 401 1136
2126 4 2 1 1 89 532 1088 1154
2127 4 2 1 1 781 1204 1033 1254
2128 4 2 1 1 420 421 419 1211
2129 4 2 1 1 380 1198 1081 1229
2130 4 2 1 1 130 19 1115 1161
2131 4 2 1 1 345 346 347 1254
2132 4 2 1 1 875 1165 410 1245
2133 4 2 1 1 1036 1177 987 1271
2134 4 2 1 1 1069 1261 1041 1282
2135 4 2 1 1 255 818 799 1228
2136 4 2 1 1 980 1260 1087 1322
2137 4 2 1 1 388 1117 359 1184
2138 4 2 1 1 354 355 1181 1225
2139 4 2 1 1 995 1052 1175 1342
2140 4 2 1 1 1003 1190 1077 1311
2141 4 2 1 1 439 646 441 1128
2142 4 2 1 1 1032 978 1231 1285
2143 4 2 1 1 1049 993 1180 1276
2144 4 2 1 1 942 937 929 1100
2145 4 2 1 1 1051 1243 1160 1265
2146 4 2 1 1 995 1271 1168 1342
2147 4 2 1 1 568 117 59 1191
2148 4 2 1 1 596 229 593 1063
2149 4 2 1 1 1024 1341 1168 1342
2150 4 2 1 1 286 285 1064 1236
2151 4 2 1 1 721 1184 359 1269
2152 4 2 1 1 328 1131 326 1279
2153 4 2 1 1 986 1039 1156 1272
2154 4 2 1 1 747 1159 800 1217
2155 4 2 1 1 980 1034 1091 1300
2156 4 2 1 1 325 1222 1011 1337
2157 4 2 1 1 495 1026 903 1197
2158 4 2 1 1 322 379 749 1222
2159 4 2 1 1 698 1226 38 1258
2160 4 2 1 1 809 1256 1062 1279
2161 4 2 1 1 626 362 360 1039
2162 4 2 1 1 307 752 495 1026
2163 4 2 1 1 1064 1120 979 1152
2164 4 2 1 1 978 1124 1032 1306
2165 4 2 1 1 980 1260 1107 1308
2166 4 2 1 1 993 1123 1243 1265
2167 4 2 1 1 1130 987 1196 1345
2168 4 2 1 1 1169 1289 1050 1290
2169 4 2 1 1 859 1057 1195 1323
2170 4 2 1 1 82 1252 1074 1299
2171 4 2 1 1 249 201 203 1221
2172 4 2 1 1 1007 1038 1091 1300
2173 4 2 1 1 1076 987 1163 1196
2174 4 2 1 1 187 245 185 1094
2175 4 2 1 1 889 1042 535 1283
2176 4 2 1 1 645 647 493 1029
2177 4 2 1 1 318 317 316 1217
2178 4 2 1 1 991 1141 1101 1142
2179 4 2 1 1 871 393 323 1208
2180 4 2 1 1 988 1140 1074 1252
2181 4 2 1 1 212 1182 1055 1246
2182 4 2 1 1 759 1034 311 1234
2183 4 2 1 1 283 285 395 1064
2184 4 2 1 1 980 1087 1260 1308
2185 4 2 1 1 147 1105 150 1230
2186 4 2 1 1 170 171 169 1228
2187 4 2 1 1 140 141 139 1267
2188 4 2 1 1 482 480 481 1067
2189 4 2 1 1 1062 1102 989 1279
2190 4 2 1 1 1062 989 1102 1256
2191 4 2 1 1 523 1193 1147 1302
2192 4 2 1 1 666 521 101 1155
2193 4 2 1 1 1017 978 1126 1339
2194 4 2 1 1 201 202 203 1239
2195 4 2 1 1 1094 1309 992 1329
2196 4 2 1 1 994 1041 1261 1282
2197 4 2 1 1 402 398 308 1120
2198 4 2 1 1 787 929 936 1100
2199 4 2 1 1 133 132 134 1143
2200 4 2 1 1 187 1094 185 1329
2201 4 2 1 1 210 1182 209 1327
2202 4 2 1 1 509 507 508 1145
2203 4 2 1 1 989 1099 1029 1155
2204 4 2 1 1 385 725 844 1248
2205 4 2 1 1 1021 988 1140 1309
2206 4 2 1 1 995 1060 1168 1271
2207 4 2 1 1 931 1051 921 1270
2208 4 2 1 1 979 1056 1116 1152
2209 4 2 1 1 392 847 331 1232
2210 4 2 1 1 980 1151 1095 1321
2211 4 2 1 1 1021 1140 988 1179
2212 4 2 1 1 437 1010 436 1291
2213 4 2 1 1 1033 1089 1021 1309
2214 4 2 1 1 992 1089 1033 1309
2215 4 2 1 1 982 1069 1112 1228
2216 4 2 1 1 311 759 279 1034
2217 4 2 1 1 987 1047 1139 1248
2218 4 2 1 1 982 1080 1228 1292
2219 4 2 1 1 994 1146 1041 1340
2220 4 2 1 1 861 160 1065 1199
2221 4 2 1 1 1016 980 1107 1321
2222 4 2 1 1 235 709 836 1341
2223 4 2 1 1 147 150 755 1230
2224 4 2 1 1 547 1051 895 1243
2225 4 2 1 1 642 643 1061 1198
2226 4 2 1 1 475 1053 498 1224
2227 4 2 1 1 1018 1230 735 1298
2228 4 2 1 1 897 1100 934 1270
2229 4 2 1 1 93 1076 699 1163
2230 4 2 1 1 1009 1110 1052 1171
2231 4 2 1 1 552 432 548 1141
2232 4 2 1 1 1014 1095 1151 1321
2233 4 2 1 1 1053 1220 474 1320
2234 4 2 1 1 780 123 564 1037
2235 4 2 1 1 1031 1133 984 1134
2236 4 2 1 1 984 1127 1108 1318
2237 4 2 1 1 730 1073 205 1216
2238 4 2 1 1 655 758 1024 1341
2239 4 2 1 1 1025 1035 1210 1291
2240 4 2 1 1 1097 1116 979 1251
2241 4 2 1 1 981 1189 1103 1298
2242 4 2 1 1 1021 1089 1033 1310
2243 4 2 1 1 627 206 1216 1327
2244 4 2 1 1 375 1080 505 1218
2245 4 2 1 1 840 1024 758 1341
2246 4 2 1 1 825 723 817 1046
2247 4 2 1 1 458 1175 882 1252
2248 4 2 1 1 560 1043 551 1180
2249 4 2 1 1 348 1150 347 1176
2250 4 2 1 1 916 542 903 1262
2251 4 2 1 1 160 161 746 1227
2252 4 2 1 1 718 183 185 1094
2253 4 2 1 1 1081 984 1181 1294
2254 4 2 1 1 858 245 710 1185
2255 4 2 1 1 1031 1089 1022 1319
2256 4 2 1 1 984 1053 1133 1320
2257 4 2 1 1 574 58 117 1129
2258 4 2 1 1 1038 1085 980 1300
2259 4 2 1 1 978 1017 1106 1339
2260 4 2 1 1 1008 1101 991 1145
2261 4 2 1 1 422 421 420 1284
2262 4 2 1 1 719 826 831 1048
2263 4 2 1 1 988 1009 1110 1274
2264 4 2 1 1 903 1197 1026 1213
2265 4 2 1 1 865 482 863 1263
2266 4 2 1 1 986 1111 1184 1316
2267 4 2 1 1 983 1063 1159 1278
2268 4 2 1 1 1084 1307 1137 1339
2269 4 2 1 1 711 842 850 1221
2270 4 2 1 1 47 1224 636 1255
2271 4 2 1 1 948 1123 628 1243
2272 4 2 1 1 659 1176 381 1324
2273 4 2 1 1 309 1183 849 1276
2274 4 2 1 1 230 212 614 1055
2275 4 2 1 1 1038 980 1151 1287
2276 4 2 1 1 809 641 640 1239
2277 4 2 1 1 986 1184 1117 1316
2278 4 2 1 1 928 945 912 1123
2279 4 2 1 1 176 178 177 1235
2280 4 2 1 1 1029 1250 1090 1335
2281 4 2 1 1 460 462 1179 1252
2282 4 2 1 1 660 1176 1162 1229
2283 4 2 1 1 970 110 1157 1331
2284 4 2 1 1 516 526 1095 1144
2285 4 2 1 1 107 891 890 1030
2286 4 2 1 1 1137 1307 1020 1339
2287 4 2 1 1 979 1116 1064 1152
2288 4 2 1 1 42 43 114 1204
2289 4 2 1 1 185 1094 183 1330
2290 4 2 1 1 886 22 23 1091
2291 4 2 1 1 248 197 199 1148
2292 4 2 1 1 879 1163 699 1223
2293 4 2 1 1 699 1076 496 1175
2294 4 2 1 1 1015 987 1163 1281
2295 4 2 1 1 942 937 1100 1202
2296 4 2 1 1 285 284 286 1064
2297 4 2 1 1 601 872 605 1090
2298 4 2 1 1 280 554 555 1183
2299 4 2 1 1 135 133 134 1143
2300 4 2 1 1 1140 1179 462 1252
2301 4 2 1 1 1114 1288 831 1324
2302 4 2 1 1 935 930 942 1043
2303 4 2 1 1 985 1010 1128 1277
2304 4 2 1 1 989 1099 1155 1275
2305 4 2 1 1 903 495 752 1026
2306 4 2 1 1 1067 1077 1000 1263
2307 4 2 1 1 207 1013 1216 1327
2308 4 2 1 1 140 139 138 1097
2309 4 2 1 1 275 267 1212 1308
2310 4 2 1 1 346 1176 347 1254
2311 4 2 1 1 999 1101 1008 1157
2312 4 2 1 1 587 1215 999 1328
2313 4 2 1 1 493 646 645 1250
2314 4 2 1 1 991 1142 1115 1144
2315 4 2 1 1 1021 992 1094 1309
2316 4 2 1 1 226 1138 1085 1322
2317 4 2 1 1 643 378 642 1061
2318 4 2 1 1 732 250 207 1216
2319 4 2 1 1 796 1170 1058 1284
2320 4 2 1 1 596 800 597 1063
2321 4 2 1 1 1013 1102 1098 1335
2322 4 2 1 1 1098 1102 1011 1335
2323 4 2 1 1 1035 1210 983 1278
2324 4 2 1 1 1009 988 1114 1274
2325 4 2 1 1 194 192 235 1341
2326 4 2 1 1 1067 1104 982 1292
2327 4 2 1 1 1003 1104 1067 1292
2328 4 2 1 1 1096 1129 1023 1314
2329 4 2 1 1 498 1224 1053 1255
2330 4 2 1 1 1010 1128 1044 1186
2331 4 2 1 1 831 1114 830 1288
2332 4 2 1 1 601 29 87 1044
2333 4 2 1 1 1101 1142 1141 1301
2334 4 2 1 1 1033 1204 992 1254
2335 4 2 1 1 241 169 171 1112
2336 4 2 1 1 954 977 963 1157
2337 4 2 1 1 378 354 642 1061
2338 4 2 1 1 930 951 940 1049
2339 4 2 1 1 1134 1181 984 1294
2340 4 2 1 1 1011 1099 1090 1335
2341 4 2 1 1 995 1050 1168 1192
2342 4 2 1 1 869 1086 867 1280
2343 4 2 1 1 155 149 755 1240
2344 4 2 1 1 1032 1244 1028 1340
2345 4 2 1 1 406 405 400 1287
2346 4 2 1 1 511 418 549 1012
2347 4 2 1 1 1065 1231 978 1285
2348 4 2 1 1 341 1192 1050 1290
2349 4 2 1 1 539 1084 751 1137
2350 4 2 1 1 948 125 933 1243
2351 4 2 1 1 1004 1161 999 1241
2352 4 2 1 1 453 1054 452 1223
2353 4 2 1 1 349 347 348 1150
2354 4 2 1 1 319 875 410 1245
2355 4 2 1 1 210 231 1182 1327
2356 4 2 1 1 361 359 360 1269
2357 4 2 1 1 748 823 379 1194
2358 4 2 1 1 250 730 205 1216
2359 4 2 1 1 1036 1175 1171 1342
2360 4 2 1 1 1033 988 1082 1309
2361 4 2 1 1 335 820 333 1130
2362 4 2 1 1 890 891 528 1142
2363 4 2 1 1 1033 1140 988 1309
2364 4 2 1 1 291 625 1236 1298
2365 4 2 1 1 1056 979 1251 1296
2366 4 2 1 1 1039 986 1117 1272
2367 4 2 1 1 1071 1217 1159 1297
2368 4 2 1 1 807 1235 1079 1257
2369 4 2 1 1 1066 1251 979 1296
2370 4 2 1 1 1072 1208 985 1222
2371 4 2 1 1 999 1215 1157 1241
2372 4 2 1 1 333 1130 820 1232
2373 4 2 1 1 365 403 363 1083
2374 4 2 1 1 1099 1131 1011 1337
2375 4 2 1 1 486 488 851 1158
2376 4 2 1 1 189 1110 710 1185
2377 4 2 1 1 980 1085 1138 1322
2378 4 2 1 1 27 630 97 1035
2379 4 2 1 1 983 1125 1071 1297
2380 4 2 1 1 619 550 288 1152
2381 4 2 1 1 188 1288 1185 1329
2382 4 2 1 1 984 1127 1053 1320
2383 4 2 1 1 980 1187 1107 1321
2384 4 2 1 1 1048 992 1162 1176
2385 4 2 1 1 1081 1181 351 1294
2386 4 2 1 1 866 1220 1127 1320
2387 4 2 1 1 390 531 1187 1338
2388 4 2 1 1 1005 1224 1111 1255
2389 4 2 1 1 983 1059 1125 1297
2390 4 2 1 1 979 1200 1037 1296
2391 4 2 1 1 477 476 475 1086
2392 4 2 1 1 994 1041 1146 1261
2393 4 2 1 1 880 1210 1132 1325
2394 4 2 1 1 714 374 713 1206
2395 4 2 1 1 777 690 1150 1294
2396 4 2 1 1 408 1060 339 1192
2397 4 2 1 1 1106 1332 1209 1339
2398 4 2 1 1 784 1058 753 1315
2399 4 2 1 1 863 1112 241 1263
2400 4 2 1 1 1000 1080 1039 1292
2401 4 2 1 1 1018 1119 1042 1189
2402 4 2 1 1 220 219 218 1093
2403 4 2 1 1 503 1157 1101 1301
2404 4 2 1 1 473 1053 474 1320
2405 4 2 1 1 1061 984 1181 1198
2406 4 2 1 1 180 239 182 1108
2407 4 2 1 1 106 564 63 1149
2408 4 2 1 1 898 281 309 1056
2409 4 2 1 1 731 508 618 1145
2410 4 2 1 1 708 246 191 1110
2411 4 2 1 1 861 158 160 1199
2412 4 2 1 1 704 789 1169 1290
2413 4 2 1 1 342 1237 684 1289
2414 4 2 1 1 174 173 172 1109
2415 4 2 1 1 1051 1249 66 1270
2416 4 2 1 1 639 233 638 1173
2417 4 2 1 1 1107 1260 552 1308
2418 4 2 1 1 1057 1195 1069 1282
2419 4 2 1 1 809 1062 695 1279
2420 4 2 1 1 1072 1247 985 1277
2421 4 2 1 1 948 950 928 1123
2422 4 2 1 1 1017 1126 1023 1339
2423 4 2 1 1 1055 985 1247 1277
2424 4 2 1 1 704 1169 789 1299
2425 4 2 1 1 1034 1087 980 1308
2426 4 2 1 1 445 667 521 1155
2427 4 2 1 1 836 1009 1237 1341
2428 4 2 1 1 234 656 638 1248
2429 4 2 1 1 1012 979 1152 1296
2430 4 2 1 1 475 473 498 1053
2431 4 2 1 1 1006 1045 1149 1273
2432 4 2 1 1 431 310 390 1107
2433 4 2 1 1 828 438 440 1113
2434 4 2 1 1 615 1098 846 1247
2435 4 2 1 1 904 515 512 1219
2436 4 2 1 1 37 1076 1196 1226
2437 4 2 1 1 1028 982 1172 1282
2438 4 2 1 1 898 1056 309 1276
2439 4 2 1 1 1002 1078 1064 1264
2440 4 2 1 1 178 726 180 1108
2441 4 2 1 1 626 1039 360 1272
2442 4 2 1 1 178 1108 180 1318
2443 4 2 1 1 1030 1107 1187 1321
2444 4 2 1 1 321 1208 1072 1222
2445 4 2 1 1 611 1032 54 1306
2446 4 2 1 1 189 246 710 1110
2447 4 2 1 1 146 141 143 1105
2448 4 2 1 1 685 836 1114 1237
2449 4 2 1 1 1084 1020 1307 1339
2450 4 2 1 1 608 1132 469 1211
2451 4 2 1 1 215 1153 252 1246
2452 4 2 1 1 984 1022 1133 1305
2453 4 2 1 1 351 777 349 1150
2454 4 2 1 1 290 303 743 1103
2455 4 2 1 1 752 903 1026 1262
2456 4 2 1 1 987 1148 1036 1223
2457 4 2 1 1 787 910 510 1100
2458 4 2 1 1 211 1182 212 1246
2459 4 2 1 1 980 1087 1085 1322
2460 4 2 1 1 300 302 301 1135
2461 4 2 1 1 163 159 750 1106
2462 4 2 1 1 991 1145 1121 1147
2463 4 2 1 1 271 145 1116 1264
2464 4 2 1 1 210 209 208 1327
2465 4 2 1 1 855 856 246 1179
2466 4 2 1 1 294 296 295 1119
2467 4 2 1 1 405 406 419 1038
2468 4 2 1 1 882 1252 1175 1258
2469 4 2 1 1 984 1081 1198 1305
2470 4 2 1 1 1056 1180 993 1276
2471 4 2 1 1 1057 1069 1195 1323
2472 4 2 1 1 1002 1105 1092 1303
2473 4 2 1 1 360 359 358 1117
2474 4 2 1 1 830 685 836 1114
2475 4 2 1 1 385 336 334 1139
2476 4 2 1 1 297 1119 298 1307
2477 4 2 1 1 856 463 858 1179
2478 4 2 1 1 553 136 134 1066
2479 4 2 1 1 978 1106 1209 1339
2480 4 2 1 1 557 1123 556 1265
2481 4 2 1 1 696 1163 35 1345
2482 4 2 1 1 987 1015 1130 1281
2483 4 2 1 1 319 321 875 1245
2484 4 2 1 1 299 300 301 1307
2485 4 2 1 1 534 1238 536 1283
2486 4 2 1 1 1074 1140 988 1299
2487 4 2 1 1 658 1176 346 1324
2488 4 2 1 1 591 308 289 1120
2489 4 2 1 1 984 1198 1046 1305
2490 4 2 1 1 948 950 1123 1243
2491 4 2 1 1 1150 1204 779 1254
2492 4 2 1 1 82 675 1252 1299
2493 4 2 1 1 1084 1124 978 1339
2494 4 2 1 1 148 146 147 1105
2495 4 2 1 1 871 1090 872 1208
2496 4 2 1 1 888 1091 1187 1338
2497 4 2 1 1 681 47 96 1111
2498 4 2 1 1 1056 979 1116 1251
2499 4 2 1 1 965 1004 1193 1241
2500 4 2 1 1 987 1047 1130 1139
2501 4 2 1 1 29 30 99 1250
2502 4 2 1 1 529 621 1233 1311
2503 4 2 1 1 346 1176 1082 1324
2504 4 2 1 1 538 541 540 1124
2505 4 2 1 1 695 809 843 1062
2506 4 2 1 1 995 1168 1060 1192
2507 4 2 1 1 527 1115 545 1144
2508 4 2 1 1 615 614 1098 1247
2509 4 2 1 1 606 1099 1090 1337
2510 4 2 1 1 1052 1258 1252 1274
2511 4 2 1 1 1074 988 1169 1299
2512 4 2 1 1 861 1065 499 1199
2513 4 2 1 1 572 575 570 1096
2514 4 2 1 1 1092 1105 981 1303
2515 4 2 1 1 499 1199 1065 1231
2516 4 2 1 1 370 312 622 1212
2517 4 2 1 1 1072 1208 1044 1277
2518 4 2 1 1 27 1035 97 1325
2519 4 2 1 1 597 1159 791 1266
2520 4 2 1 1 1041 1205 982 1218
2521 4 2 1 1 686 1114 831 1324
2522 4 2 1 1 662 722 1083 1269
2523 4 2 1 1 1038 980 1287 1300
2524 4 2 1 1 451 452 453 1054
2525 4 2 1 1 686 830 831 1114
2526 4 2 1 1 411 1125 584 1234
2527 4 2 1 1 473 498 1053 1320
2528 4 2 1 1 763 397 767 1267
2529 4 2 1 1 822 615 846 1247
2530 4 2 1 1 1169 1290 1074 1299
2531 4 2 1 1 19 1161 18 1328
2532 4 2 1 1 982 1104 1233 1343
2533 4 2 1 1 1077 1109 1000 1263
2534 4 2 1 1 989 1216 1102 1256
2535 4 2 1 1 989 1073 1216 1256
2536 4 2 1 1 978 1209 1020 1339
2537 4 2 1 1 1050 988 1114 1289
2538 4 2 1 1 1054 1148 1070 1281
2539 4 2 1 1 1090 1099 1011 1337
2540 4 2 1 1 1023 1124 1084 1339
2541 4 2 1 1 341 1050 342 1289
2542 4 2 1 1 720 244 1127 1167
2543 4 2 1 1 743 769 292 1103
2544 4 2 1 1 1081 1181 984 1198
2545 4 2 1 1 1048 1082 988 1309
2546 4 2 1 1 417 1200 418 1207
2547 4 2 1 1 827 1146 829 1261
2548 4 2 1 1 814 1102 1256 1279
2549 4 2 1 1 1125 1132 983 1325
2550 4 2 1 1 859 486 1057 1344
2551 4 2 1 1 940 1049 941 1202
2552 4 2 1 1 658 381 346 1176
2553 4 2 1 1 291 1103 292 1298
2554 4 2 1 1 665 120 664 1172
2555 4 2 1 1 1057 1323 859 1344
2556 4 2 1 1 1046 1198 1081 1305
2557 4 2 1 1 518 564 1149 1200
2558 4 2 1 1 381 1176 658 1324
2559 4 2 1 1 1001 1280 1235 1336
2560 4 2 1 1 87 29 28 1044
2561 4 2 1 1 939 952 938 1051
2562 4 2 1 1 540 539 538 1084
2563 4 2 1 1 984 1108 1046 1198
2564 4 2 1 1 901 786 1157 1215
2565 4 2 1 1 82 1074 40 1299
2566 4 2 1 1 549 416 591 1120
2567 4 2 1 1 751 1137 1084 1307
2568 4 2 1 1 794 1206 798 1240
2569 4 2 1 1 810 1068 821 1209
2570 4 2 1 1 144 145 142 1116
2571 4 2 1 1 518 1149 402 1200
2572 4 2 1 1 978 1231 1126 1306
2573 4 2 1 1 380 652 653 1198
2574 4 2 1 1 1067 1263 1112 1344
2575 4 2 1 1 1103 1189 292 1298
2576 4 2 1 1 827 448 829 1146
2577 4 2 1 1 399 520 743 1295
2578 4 2 1 1 940 942 930 1043
2579 4 2 1 1 97 1210 880 1325
2580 4 2 1 1 450 452 451 1054
2581 4 2 1 1 1117 1184 1039 1269
2582 4 2 1 1 1024 987 1177 1271
2583 4 2 1 1 392 669 847 1312
2584 4 2 1 1 1070 1221 1054 1281
2585 4 2 1 1 980 1087 1034 1300
2586 4 2 1 1 65 66 1051 1249
2587 4 2 1 1 112 131 132 1160
2588 4 2 1 1 300 1084 305 1262
2589 4 2 1 1 1091 1287 980 1300
2590 4 2 1 1 410 881 317 1071
2591 4 2 1 1 831 719 1048 1288
2592 4 2 1 1 99 878 632 1128
2593 4 2 1 1 505 1080 799 1205
2594 4 2 1 1 540 926 539 1084
2595 4 2 1 1 1168 1271 1024 1342
2596 4 2 1 1 1112 1323 1057 1344
2597 4 2 1 1 1091 1095 980 1287
2598 4 2 1 1 983 1071 1159 1297
2599 4 2 1 1 884 311 313 1234
2600 4 2 1 1 848 1148 453 1223
2601 4 2 1 1 997 1027 1286 1334
2602 4 2 1 1 499 1158 489 1231
2603 4 2 1 1 434 433 435 1141
2604 4 2 1 1 1063 1217 1071 1278
2605 4 2 1 1 466 1089 1214 1310
2606 4 2 1 1 505 1080 1205 1218
2607 4 2 1 1 984 1133 1127 1320
2608 4 2 1 1 979 1045 1097 1143
2609 4 2 1 1 339 408 337 1060
2610 4 2 1 1 982 1104 1083 1292
2611 4 2 1 1 1083 1104 1003 1292
2612 4 2 1 1 380 1081 350 1229
2613 4 2 1 1 784 421 796 1058
2614 4 2 1 1 983 1210 1132 1284
2615 4 2 1 1 92 608 609 1211
2616 4 2 1 1 60 59 89 1238
2617 4 2 1 1 415 582 413 1121
2618 4 2 1 1 66 129 65 1051
2619 4 2 1 1 437 878 439 1128
2620 4 2 1 1 1048 992 1309 1329
2621 4 2 1 1 1158 1244 1032 1340
2622 4 2 1 1 44 688 45 1134
2623 4 2 1 1 1048 988 1114 1288
2624 4 2 1 1 1090 1099 1029 1335
2625 4 2 1 1 133 135 492 1143
2626 4 2 1 1 644 807 1079 1257
2627 4 2 1 1 681 1184 1111 1316
2628 4 2 1 1 784 1201 1058 1315
2629 4 2 1 1 169 167 168 1323
2630 4 2 1 1 34 1188 121 1203
2631 4 2 1 1 552 1260 266 1308
2632 4 2 1 1 938 1202 1051 1270
2633 4 2 1 1 262 259 263 1260
2634 4 2 1 1 517 1121 582 1147
2635 4 2 1 1 752 1026 307 1262
2636 4 2 1 1 828 700 824 1246
2637 4 2 1 1 947 933 895 1243
2638 4 2 1 1 466 1214 1089 1319
2639 4 2 1 1 56 906 98 1023
2640 4 2 1 1 1055 1153 996 1194
2641 4 2 1 1 227 226 224 1322
2642 4 2 1 1 384 338 712 1168
2643 4 2 1 1 1041 982 1205 1282
2644 4 2 1 1 987 1130 1060 1139
2645 4 2 1 1 521 666 697 1040
2646 4 2 1 1 472 866 1127 1320
2647 4 2 1 1 1017 1122 1332 1339
2648 4 2 1 1 519 532 1154 1295
2649 4 2 1 1 103 703 702 1299
2650 4 2 1 1 990 1137 1129 1283
2651 4 2 1 1 1252 1258 1074 1274
2652 4 2 1 1 1027 989 1131 1286
2653 4 2 1 1 434 1101 504 1141
2654 4 2 1 1 577 1164 1096 1259
2655 4 2 1 1 1041 982 1172 1218
2656 4 2 1 1 807 240 1235 1257
2657 4 2 1 1 984 1061 1108 1198
2658 4 2 1 1 601 605 30 1250
2659 4 2 1 1 1062 1131 989 1286
2660 4 2 1 1 1027 1131 1062 1286
2661 4 2 1 1 449 447 1166 1304
2662 4 2 1 1 1061 1079 1001 1257
2663 4 2 1 1 408 672 808 1060
2664 4 2 1 1 989 1131 1099 1275
2665 4 2 1 1 301 727 376 1135
2666 4 2 1 1 1052 995 1258 1274
2667 4 2 1 1 1065 1106 978 1199
2668 4 2 1 1 538 98 906 1023
2669 4 2 1 1 1007 1091 1034 1300
2670 4 2 1 1 978 1084 1135 1262
2671 4 2 1 1 782 970 960 1331
2672 4 2 1 1 931 938 952 1051
2673 4 2 1 1 528 435 433 1142
2674 4 2 1 1 563 517 513 1147
2675 4 2 1 1 924 1302 1008 1331
2676 4 2 1 1 688 102 689 1294
2677 4 2 1 1 152 754 154 1122
2678 4 2 1 1 1069 1205 982 1282
2679 4 2 1 1 970 1157 960 1331
2680 4 2 1 1 911 1243 628 1265
2681 4 2 1 1 1048 992 1176 1309
2682 4 2 1 1 354 353 352 1181
2683 4 2 1 1 1052 1110 988 1179
2684 4 2 1 1 966 1219 965 1241
2685 4 2 1 1 101 1155 33 1203
2686 4 2 1 1 388 359 721 1184
2687 4 2 1 1 859 486 851 1195
2688 4 2 1 1 724 223 1085 1201
2689 4 2 1 1 1034 1091 1007 1338
2690 4 2 1 1 624 94 525 1224
2691 4 2 1 1 739 1244 1233 1343
2692 4 2 1 1 485 1057 486 1344
2693 4 2 1 1 627 206 232 1256
2694 4 2 1 1 920 905 900 1049
2695 4 2 1 1 918 304 889 1042
2696 4 2 1 1 415 523 582 1147
2697 4 2 1 1 820 671 833 1130
2698 4 2 1 1 90 24 887 1338
2699 4 2 1 1 1067 1112 982 1344
2700 4 2 1 1 1002 1105 1078 1264
2701 4 2 1 1 888 1091 23 1187
2702 4 2 1 1 205 1073 204 1216
2703 4 2 1 1 992 1254 1176 1309
2704 4 2 1 1 1095 1151 980 1287
2705 4 2 1 1 801 1192 122 1226
2706 4 2 1 1 541 542 540 1124
2707 4 2 1 1 677 1140 675 1299
2708 4 2 1 1 343 788 407 1169
2709 4 2 1 1 466 679 1089 1310
2710 4 2 1 1 978 1106 1068 1209
2711 4 2 1 1 897 936 934 1100
2712 4 2 1 1 989 1073 1118 1216
2713 4 2 1 1 1024 1253 654 1341
2714 4 2 1 1 1078 1236 625 1298
2715 4 2 1 1 982 1104 1067 1233
2716 4 2 1 1 441 493 443 1242
2717 4 2 1 1 472 864 470 1320
2718 4 2 1 1 1082 1114 988 1289
2719 4 2 1 1 998 1315 1093 1333
2720 4 2 1 1 1031 992 1150 1305
2721 4 2 1 1 297 296 298 1119
2722 4 2 1 1 787 936 128 1100
2723 4 2 1 1 660 651 1176 1229
2724 4 2 1 1 291 1236 1103 1298
2725 4 2 1 1 754 1206 1122 1240
2726 4 2 1 1 163 1068 740 1227
2727 4 2 1 1 1020 1209 1332 1339
2728 4 2 1 1 1067 982 1233 1344
2729 4 2 1 1 1001 1220 1127 1318
2730 4 2 1 1 761 412 1172 1197
2731 4 2 1 1 843 1062 693 1279
2732 4 2 1 1 1027 1062 1174 1286
2733 4 2 1 1 660 651 381 1176
2734 4 2 1 1 204 1216 1073 1256
2735 4 2 1 1 253 657 217 1293
2736 4 2 1 1 19 124 20 1142
2737 4 2 1 1 727 810 728 1209
2738 4 2 1 1 979 1097 1066 1143
2739 4 2 1 1 397 1092 767 1267
2740 4 2 1 1 996 1063 1153 1278
2741 4 2 1 1 459 457 458 1175
2742 4 2 1 1 571 1178 578 1259
2743 4 2 1 1 853 499 861 1065
2744 4 2 1 1 1024 1139 987 1271
2745 4 2 1 1 177 243 1280 1318
2746 4 2 1 1 809 641 1239 1256
2747 4 2 1 1 850 453 848 1148
2748 4 2 1 1 289 303 290 1236
2749 4 2 1 1 754 798 1206 1240
2750 4 2 1 1 1031 1150 992 1204
2751 4 2 1 1 977 1157 954 1215
2752 4 2 1 1 926 1084 540 1262
2753 4 2 1 1 990 1096 1164 1259
2754 4 2 1 1 983 1025 1170 1278
2755 4 2 1 1 1087 1212 267 1308
2756 4 2 1 1 907 523 415 1147
2757 4 2 1 1 796 1058 421 1284
2758 4 2 1 1 1048 1176 1082 1309
2759 4 2 1 1 1045 1143 979 1149
2760 4 2 1 1 358 1117 357 1225
2761 4 2 1 1 129 1051 547 1160
2762 4 2 1 1 987 1060 1130 1196
2763 4 2 1 1 987 1163 1054 1223
2764 4 2 1 1 840 758 813 1341
2765 4 2 1 1 983 1159 1059 1297
2766 4 2 1 1 103 704 789 1299
2767 4 2 1 1 1084 1137 1023 1339
2768 4 2 1 1 60 1088 91 1191
2769 4 2 1 1 996 1194 1063 1217
2770 4 2 1 1 343 341 342 1289
2771 4 2 1 1 431 390 530 1187
2772 4 2 1 1 1068 1135 1026 1285
2773 4 2 1 1 529 483 1067 1233
2774 4 2 1 1 609 406 885 1287
2775 4 2 1 1 1003 1039 1184 1269
2776 4 2 1 1 998 1058 1315 1333
2777 4 2 1 1 56 57 88 1314
2778 4 2 1 1 213 214 1153 1246
2779 4 2 1 1 665 1172 412 1197
2780 4 2 1 1 107 21 891 1030
2781 4 2 1 1 992 1033 1254 1309
2782 4 2 1 1 978 1026 1135 1285
2783 4 2 1 1 380 352 350 1081
2784 4 2 1 1 1052 995 1175 1258
2785 4 2 1 1 188 189 1185 1288
2786 4 2 1 1 1065 1158 994 1195
2787 4 2 1 1 1080 1083 982 1218
2788 4 2 1 1 990 1122 1206 1240
2789 4 2 1 1 461 460 462 1179
2790 4 2 1 1 396 375 505 1218
2791 4 2 1 1 1062 989 1131 1279
2792 4 2 1 1 1069 1195 994 1282
2793 4 2 1 1 537 536 98 1283
2794 4 2 1 1 1066 1160 993 1296
2795 4 2 1 1 1021 1140 1033 1309
2796 4 2 1 1 938 939 1051 1202
2797 4 2 1 1 963 962 1157 1241
2798 4 2 1 1 1060 1226 1196 1271
2799 4 2 1 1 993 1049 1043 1202
2800 4 2 1 1 434 503 1101 1301
2801 4 2 1 1 220 222 221 1315
2802 4 2 1 1 1040 1188 1166 1334
2803 4 2 1 1 977 975 964 1215
2804 4 2 1 1 225 226 260 1138
2805 4 2 1 1 1062 989 1256 1286
2806 4 2 1 1 901 786 503 1157
2807 4 2 1 1 609 885 92 1287
2808 4 2 1 1 695 1062 843 1279
2809 4 2 1 1 151 1164 1075 1240
2810 4 2 1 1 85 1275 669 1312
2811 4 2 1 1 1046 992 1162 1330
2812 4 2 1 1 482 1067 483 1344
2813 4 2 1 1 772 1078 736 1230
2814 4 2 1 1 553 280 136 1066
2815 4 2 1 1 1073 1256 989 1286
2816 4 2 1 1 1050 1114 988 1274
2817 4 2 1 1 1009 1114 1050 1274
2818 4 2 1 1 386 330 693 1174
2819 4 2 1 1 1017 1332 1106 1339
2820 4 2 1 1 992 1048 1162 1329
2821 4 2 1 1 1020 1332 1122 1339
2822 4 2 1 1 373 747 800 1217
2823 4 2 1 1 469 1132 422 1211
2824 4 2 1 1 627 232 1102 1256
2825 4 2 1 1 1049 1183 993 1276
2826 4 2 1 1 999 1157 1008 1241
2827 4 2 1 1 869 476 867 1086
2828 4 2 1 1 781 779 1204 1254
2829 4 2 1 1 1110 1185 189 1288
2830 4 2 1 1 358 357 356 1225
2831 4 2 1 1 1080 982 1205 1218
2832 4 2 1 1 589 1249 1100 1270
2833 4 2 1 1 741 802 254 1156
2834 4 2 1 1 615 614 231 1098
2835 4 2 1 1 1059 1125 1007 1333
2836 4 2 1 1 323 1208 321 1222
2837 4 2 1 1 994 1195 1069 1261
2838 4 2 1 1 1098 1102 1013 1327
2839 4 2 1 1 1024 1177 1036 1271
2840 4 2 1 1 895 547 129 1051
2841 4 2 1 1 199 1070 200 1221
2842 4 2 1 1 123 64 1037 1249
2843 4 2 1 1 704 122 705 1290
2844 4 2 1 1 1004 1219 1161 1241
2845 4 2 1 1 858 465 860 1214
2846 4 2 1 1 983 1132 1058 1284
2847 4 2 1 1 568 569 117 1191
2848 4 2 1 1 749 379 822 1247
2849 4 2 1 1 1067 1104 1003 1311
2850 4 2 1 1 1045 1002 1267 1303
2851 4 2 1 1 499 488 489 1158
2852 4 2 1 1 373 316 747 1217
2853 4 2 1 1 508 617 618 1145
2854 4 2 1 1 658 346 344 1082
2855 4 2 1 1 514 1147 523 1193
2856 4 2 1 1 1011 1102 1098 1326
2857 4 2 1 1 674 698 38 1258
2858 4 2 1 1 328 326 694 1279
2859 4 2 1 1 166 1069 167 1323
2860 4 2 1 1 627 232 814 1102
2861 4 2 1 1 88 574 575 1314
2862 4 2 1 1 1140 1252 675 1299
2863 4 2 1 1 696 121 35 1188
2864 4 2 1 1 230 595 594 1194
2865 4 2 1 1 1014 1138 1121 1321
2866 4 2 1 1 666 121 1188 1203
2867 4 2 1 1 1037 993 1160 1296
2868 4 2 1 1 110 970 782 1331
2869 4 2 1 1 1052 1110 1009 1274
2870 4 2 1 1 226 225 224 1085
2871 4 2 1 1 382 684 1237 1289
2872 4 2 1 1 660 1162 825 1229
2873 4 2 1 1 914 783 111 1043
2874 4 2 1 1 93 699 879 1163
2875 4 2 1 1 219 1093 220 1315
2876 4 2 1 1 699 496 456 1175
2877 4 2 1 1 545 19 20 1115
2878 4 2 1 1 613 32 115 1099
2879 4 2 1 1 321 1072 322 1222
2880 4 2 1 1 673 1196 672 1226
2881 4 2 1 1 1054 1163 987 1281
2882 4 2 1 1 698 93 37 1076
2883 4 2 1 1 1016 1121 1138 1321
2884 4 2 1 1 897 589 1100 1270
2885 4 2 1 1 1037 1160 1066 1296
2886 4 2 1 1 997 1054 1166 1221
2887 4 2 1 1 1001 1235 1079 1336
2888 4 2 1 1 985 1128 1044 1277
2889 4 2 1 1 1044 1128 1010 1277
2890 4 2 1 1 1045 1002 1097 1267
2891 4 2 1 1 1196 1226 1076 1271
2892 4 2 1 1 293 1189 734 1298
2893 4 2 1 1 163 821 740 1068
2894 4 2 1 1 1031 1022 1133 1319
2895 4 2 1 1 1045 1267 1092 1303
2896 4 2 1 1 1193 1241 1008 1302
2897 4 2 1 1 505 799 818 1205
2898 4 2 1 1 347 1176 1150 1254
2899 4 2 1 1 1005 1316 1111 1336
2900 4 2 1 1 96 47 46 1255
2901 4 2 1 1 151 1075 149 1240
2902 4 2 1 1 1176 1254 1082 1309
2903 4 2 1 1 473 892 498 1320
2904 4 2 1 1 981 1092 1088 1191
2905 4 2 1 1 1186 1210 1035 1291
2906 4 2 1 1 382 1237 1114 1289
2907 4 2 1 1 1220 1280 243 1318
2908 4 2 1 1 491 878 437 1186
2909 4 2 1 1 988 1110 1052 1274
2910 4 2 1 1 1032 1158 994 1285
2911 4 2 1 1 1061 1181 1005 1225
2912 4 2 1 1 754 1122 152 1240
2913 4 2 1 1 992 1204 1150 1254
2914 4 2 1 1 684 340 1168 1237
2915 4 2 1 1 864 720 244 1127
2916 4 2 1 1 985 1044 1208 1277
2917 4 2 1 1 411 584 884 1234
2918 4 2 1 1 129 65 1051 1249
2919 4 2 1 1 50 1104 621 1311
2920 4 2 1 1 313 1059 312 1297
2921 4 2 1 1 257 1201 784 1315
2922 4 2 1 1 596 597 229 1063
2923 4 2 1 1 267 1087 394 1212
2924 4 2 1 1 483 481 529 1067
2925 4 2 1 1 716 1181 355 1225
2926 4 2 1 1 999 1142 1101 1301
2927 4 2 1 1 516 113 526 1144
2928 4 2 1 1 416 418 417 1200
2929 4 2 1 1 871 1222 323 1337
2930 4 2 1 1 314 370 1159 1297
2931 4 2 1 1 529 1233 1067 1311
2932 4 2 1 1 1057 1233 982 1344
2933 4 2 1 1 984 1133 1031 1305
2934 4 2 1 1 1031 1133 1022 1305
2935 4 2 1 1 598 63 112 1143
2936 4 2 1 1 628 1243 1123 1265
2937 4 2 1 1 576 857 774 1314
2938 4 2 1 1 1157 1241 962 1331
2939 4 2 1 1 1021 1033 1140 1310
2940 4 2 1 1 655 654 758 1341
2941 4 2 1 1 285 283 284 1064
2942 4 2 1 1 987 1060 1196 1271
2943 4 2 1 1 1120 1149 979 1200
2944 4 2 1 1 510 501 418 1207
2945 4 2 1 1 362 363 361 1269
2946 4 2 1 1 814 1102 232 1256
2947 4 2 1 1 195 196 197 1177
2948 4 2 1 1 448 369 768 1146
2949 4 2 1 1 129 131 65 1249
2950 4 2 1 1 1154 1238 1042 1313
2951 4 2 1 1 1000 1112 1067 1263
2952 4 2 1 1 978 1068 1135 1209
2953 4 2 1 1 1048 831 1288 1324
2954 4 2 1 1 912 945 108 1123
2955 4 2 1 1 462 1140 497 1310
2956 4 2 1 1 1065 1195 994 1227
2957 4 2 1 1 204 1073 203 1239
2958 4 2 1 1 994 1158 1032 1340
2959 4 2 1 1 698 37 38 1226
2960 4 2 1 1 779 1150 690 1204
2961 4 2 1 1 133 112 132 1143
2962 4 2 1 1 987 1196 1076 1271
2963 4 2 1 1 1059 998 1266 1333
2964 4 2 1 1 696 1163 522 1188
2965 4 2 1 1 106 63 62 1149
2966 4 2 1 1 796 803 1170 1284
2967 4 2 1 1 983 1125 1059 1333
2968 4 2 1 1 89 519 532 1154
2969 4 2 1 1 1034 1187 1091 1338
2970 4 2 1 1 494 495 761 1197
2971 4 2 1 1 320 1072 321 1245
2972 4 2 1 1 649 100 53 1213
2973 4 2 1 1 114 1089 678 1319
2974 4 2 1 1 66 931 921 1270
2975 4 2 1 1 973 1161 896 1219
2976 4 2 1 1 1008 1241 962 1302
2977 4 2 1 1 85 841 669 1275
2978 4 2 1 1 1041 1172 982 1282
2979 4 2 1 1 796 1170 753 1315
2980 4 2 1 1 64 564 123 1037
2981 4 2 1 1 660 825 652 1229
2982 4 2 1 1 1127 1167 1108 1318
2983 4 2 1 1 66 921 1051 1270
2984 4 2 1 1 1056 1152 1012 1180
2985 4 2 1 1 707 1133 471 1319
2986 4 2 1 1 1127 1220 720 1318
2987 4 2 1 1 96 683 682 1316
2988 4 2 1 1 1031 1150 1081 1305
2989 4 2 1 1 518 565 402 1149
2990 4 2 1 1 476 1086 869 1220
2991 4 2 1 1 50 119 49 1311
2992 4 2 1 1 981 1103 1078 1298
2993 4 2 1 1 264 1087 267 1260
2994 4 2 1 1 645 31 647 1250
2995 4 2 1 1 978 1135 1068 1285
2996 4 2 1 1 1026 1146 1068 1285
2997 4 2 1 1 585 877 87 1165
2998 4 2 1 1 27 1268 1035 1325
2999 4 2 1 1 103 789 1169 1299
3000 4 2 1 1 1050 1114 1009 1237
3001 4 2 1 1 674 496 698 1258
3002 4 2 1 1 1034 1087 1212 1300
3003 4 2 1 1 23 1091 888 1338
3004 4 2 1 1 487 485 739 1244
3005 4 2 1 1 505 1205 396 1218
3006 4 2 1 1 705 122 801 1192
3007 4 2 1 1 151 152 1164 1240
3008 4 2 1 1 223 221 222 1201
3009 4 2 1 1 1016 1107 1141 1321
3010 4 2 1 1 1030 1141 1107 1321
3011 4 2 1 1 1070 1148 987 1281
3012 4 2 1 1 774 1126 592 1314
3013 4 2 1 1 969 953 109 1193
3014 4 2 1 1 267 1260 1087 1308
3015 4 2 1 1 405 367 400 1151
3016 4 2 1 1 1088 1295 1006 1303
3017 4 2 1 1 982 1083 1080 1292
3018 4 2 1 1 98 536 57 1129
3019 4 2 1 1 1098 1222 1011 1326
3020 4 2 1 1 1076 1175 995 1258
3021 4 2 1 1 636 1224 498 1255
3022 4 2 1 1 708 191 193 1171
3023 4 2 1 1 1085 1087 980 1300
3024 4 2 1 1 998 1087 1085 1300
3025 4 2 1 1 466 1089 524 1319
3026 4 2 1 1 658 346 1082 1324
3027 4 2 1 1 981 1178 1092 1191
3028 4 2 1 1 985 1208 1072 1277
3029 4 2 1 1 1038 1287 1091 1300
3030 4 2 1 1 1076 995 1226 1258
3031 4 2 1 1 42 702 701 1204
3032 4 2 1 1 958 1161 973 1219
3033 4 2 1 1 527 545 113 1144
3034 4 2 1 1 1007 1125 1059 1234
3035 4 2 1 1 987 1054 1148 1223
3036 4 2 1 1 512 109 904 1193
3037 4 2 1 1 794 798 155 1240
3038 4 2 1 1 167 1069 168 1323
3039 4 2 1 1 271 760 145 1264
3040 4 2 1 1 975 964 1215 1328
3041 4 2 1 1 1024 1036 1177 1253
3042 4 2 1 1 1003 1039 1269 1292
3043 4 2 1 1 987 1076 1163 1223
3044 4 2 1 1 489 502 706 1231
3045 4 2 1 1 138 280 566 1251
3046 4 2 1 1 594 806 596 1194
3047 4 2 1 1 262 258 259 1322
3048 4 2 1 1 871 872 393 1208
3049 4 2 1 1 992 1046 1229 1305
3050 4 2 1 1 983 1058 1170 1284
3051 4 2 1 1 315 316 317 1071
3052 4 2 1 1 939 952 1051 1243
3053 4 2 1 1 860 467 862 1214
3054 4 2 1 1 1026 994 1146 1285
3055 4 2 1 1 907 523 1147 1302
3056 4 2 1 1 658 1082 344 1324
3057 4 2 1 1 48 94 1111 1190
3058 4 2 1 1 893 423 515 1219
3059 4 2 1 1 1000 1228 1080 1292
3060 4 2 1 1 994 1026 1146 1340
3061 4 2 1 1 699 698 496 1076
3062 4 2 1 1 994 1158 1065 1285
3063 4 2 1 1 1185 1288 1048 1329
3064 4 2 1 1 987 1148 1070 1177
3065 4 2 1 1 865 863 241 1263
3066 4 2 1 1 485 486 484 1344
3067 4 2 1 1 954 1157 786 1215
3068 4 2 1 1 623 1190 49 1311
3069 4 2 1 1 998 1212 1087 1300
3070 4 2 1 1 1079 1117 986 1272
3071 4 2 1 1 354 355 353 1181
3072 4 2 1 1 867 242 733 1280
3073 4 2 1 1 748 1217 1194 1245
3074 4 2 1 1 1203 1312 1188 1334
3075 4 2 1 1 987 1139 1060 1271
3076 4 2 1 1 848 453 455 1223
3077 4 2 1 1 89 532 60 1088
3078 4 2 1 1 501 510 910 1207
3079 4 2 1 1 389 351 1181 1294
3080 4 2 1 1 521 697 447 1040
3081 4 2 1 1 720 1127 866 1220
3082 4 2 1 1 589 66 1249 1270
3083 4 2 1 1 542 1124 917 1213
3084 4 2 1 1 687 691 683 1134
3085 4 2 1 1 1070 1173 997 1281
3086 4 2 1 1 1071 1165 996 1245
3087 4 2 1 1 243 720 1220 1318
3088 4 2 1 1 987 1130 1047 1281
3089 4 2 1 1 1083 1172 982 1218
3090 4 2 1 1 1054 987 1148 1281
3091 4 2 1 1 696 35 36 1345
3092 4 2 1 1 316 1071 315 1297
3093 4 2 1 1 196 1177 195 1253
3094 4 2 1 1 357 1225 1117 1316
3095 4 2 1 1 1008 1241 1157 1331
3096 4 2 1 1 1024 1060 1139 1271
3097 4 2 1 1 454 699 456 1223
3098 4 2 1 1 1062 1256 1102 1279
3099 4 2 1 1 1008 962 1241 1331
3100 4 2 1 1 1008 1302 962 1331
3101 4 2 1 1 757 424 527 1144
3102 4 2 1 1 24 92 23 1091
3103 4 2 1 1 34 668 35 1312
3104 4 2 1 1 449 451 842 1166
3105 4 2 1 1 215 213 1153 1246
3106 4 2 1 1 695 843 693 1279
3107 4 2 1 1 1056 1152 979 1296
3108 4 2 1 1 679 524 466 1089
3109 4 2 1 1 103 1169 703 1299
3110 4 2 1 1 597 791 604 1266
3111 4 2 1 1 1004 965 1219 1241
3112 4 2 1 1 1115 1136 991 1144
3113 4 2 1 1 310 1107 552 1308
3114 4 2 1 1 49 623 48 1190
3115 4 2 1 1 813 384 1168 1237
3116 4 2 1 1 312 275 622 1212
3117 4 2 1 1 1080 1083 1039 1292
3118 4 2 1 1 203 204 205 1073
3119 4 2 1 1 483 482 481 1067
3120 4 2 1 1 1037 1066 1143 1296
3121 4 2 1 1 1053 1005 1224 1336
3122 4 2 1 1 223 225 724 1085
3123 4 2 1 1 642 352 380 1198
3124 4 2 1 1 990 1164 1122 1240
3125 4 2 1 1 137 135 136 1097
3126 4 2 1 1 942 1043 940 1202
3127 4 2 1 1 1064 1116 1002 1264
3128 4 2 1 1 490 398 1273 1295
3129 4 2 1 1 277 1164 577 1259
3130 4 2 1 1 1072 1194 1055 1277
3131 4 2 1 1 981 1078 1105 1230
3132 4 2 1 1 1026 994 1285 1340
3133 4 2 1 1 1060 995 1226 1271
3134 4 2 1 1 1113 1242 1013 1335
3135 4 2 1 1 608 610 469 1132
3136 4 2 1 1 953 974 904 1219
3137 4 2 1 1 677 675 41 1299
3138 4 2 1 1 62 106 1149 1273
3139 4 2 1 1 978 1126 1124 1306
3140 4 2 1 1 953 969 109 904
3141 4 2 1 1 720 181 244 1167
3142 4 2 1 1 685 1114 382 1237
3143 4 2 1 1 328 327 326 1131
3144 4 2 1 1 1037 1143 979 1296
3145 4 2 1 1 1067 1233 483 1344
3146 4 2 1 1 776 370 1212 1266
3147 4 2 1 1 269 582 517 1121
3148 4 2 1 1 774 874 592 1126
3149 4 2 1 1 1015 1054 1188 1334
3150 4 2 1 1 918 1042 889 1283
3151 4 2 1 1 819 1199 499 1231
3152 4 2 1 1 997 1054 1281 1334
3153 4 2 1 1 1015 1281 1054 1334
3154 4 2 1 1 242 1109 175 1280
3155 4 2 1 1 869 1220 1086 1280
3156 4 2 1 1 853 861 160 1065
3157 4 2 1 1 22 888 23 1187
3158 4 2 1 1 557 108 556 1123
3159 4 2 1 1 1052 1175 1252 1258
3160 4 2 1 1 1094 1162 992 1330
3161 4 2 1 1 992 1162 1094 1329
3162 4 2 1 1 897 128 936 1100
3163 4 2 1 1 739 1233 648 1343
3164 4 2 1 1 734 293 295 1189
3165 4 2 1 1 1082 1176 1048 1324
3166 4 2 1 1 673 672 801 1226
3167 4 2 1 1 168 167 166 1069
3168 4 2 1 1 1093 1266 998 1333
3169 4 2 1 1 472 1127 864 1320
3170 4 2 1 1 857 1126 774 1314
3171 4 2 1 1 477 475 624 1224
3172 4 2 1 1 1053 1224 1005 1255
3173 4 2 1 1 544 1193 523 1302
3174 4 2 1 1 190 1110 189 1288
3175 4 2 1 1 911 547 125 1243
3176 4 2 1 1 1010 1186 1044 1277
3177 4 2 1 1 773 767 397 1092
3178 4 2 1 1 797 1192 341 1290
3179 4 2 1 1 996 1165 1071 1278
3180 4 2 1 1 1071 1165 1035 1278
3181 4 2 1 1 1032 1065 1158 1285
3182 4 2 1 1 902 1101 503 1157
3183 4 2 1 1 331 1174 332 1232
3184 4 2 1 1 1166 1286 1073 1304
3185 4 2 1 1 274 310 552 1308
3186 4 2 1 1 1088 1092 981 1303
3187 4 2 1 1 560 551 559 1180
3188 4 2 1 1 18 19 130 1161
3189 4 2 1 1 337 408 808 1060
3190 4 2 1 1 886 1091 92 1287
3191 4 2 1 1 592 1126 874 1306
3192 4 2 1 1 1076 1175 1036 1271
3193 4 2 1 1 995 1175 1076 1271
3194 4 2 1 1 83 678 1133 1319
3195 4 2 1 1 994 1032 1285 1340
3196 4 2 1 1 82 40 675 1299
3197 4 2 1 1 60 568 59 1191
3198 4 2 1 1 998 1058 1201 1315
3199 4 2 1 1 890 530 107 1187
3200 4 2 1 1 1132 1211 1058 1284
3201 4 2 1 1 372 619 282 1152
3202 4 2 1 1 325 323 1222 1337
3203 4 2 1 1 790 578 276 1178
3204 4 2 1 1 981 1078 1230 1298
3205 4 2 1 1 1054 1163 1015 1188
3206 4 2 1 1 371 734 735 1298
3207 4 2 1 1 691 1181 1134 1294
3208 4 2 1 1 518 564 106 1149
3209 4 2 1 1 466 1214 464 1310
3210 4 2 1 1 583 1125 1268 1325
3211 4 2 1 1 485 1233 1057 1344
3212 4 2 1 1 979 1143 1066 1296
3213 4 2 1 1 213 211 212 1246
3214 4 2 1 1 744 1069 166 1261
3215 4 2 1 1 781 779 690 1204
3216 4 2 1 1 248 692 197 1148
3217 4 2 1 1 39 1074 82 1258
3218 4 2 1 1 290 1103 291 1236
3219 4 2 1 1 1048 1309 1185 1329
3220 4 2 1 1 1038 1201 1085 1300
3221 4 2 1 1 920 1049 562 1276
3222 4 2 1 1 994 1041 1282 1340
3223 4 2 1 1 728 376 727 1209
3224 4 2 1 1 101 32 33 1155
3225 4 2 1 1 317 319 410 1245
3226 4 2 1 1 817 816 653 1198
3227 4 2 1 1 469 422 420 1211
3228 4 2 1 1 200 199 198 1070
3229 4 2 1 1 175 1109 174 1235
3230 4 2 1 1 95 1196 37 1345
3231 4 2 1 1 996 1035 1165 1278
3232 4 2 1 1 243 720 866 1220
3233 4 2 1 1 66 944 931 1270
3234 4 2 1 1 36 95 37 1345
3235 4 2 1 1 963 1157 962 1331
3236 4 2 1 1 548 434 504 1141
3237 4 2 1 1 681 766 1184 1316
3238 4 2 1 1 416 402 1120 1200
3239 4 2 1 1 843 640 837 1173
3240 4 2 1 1 476 869 474 1220
3241 4 2 1 1 1058 1132 983 1333
3242 4 2 1 1 207 1216 208 1327
3243 4 2 1 1 939 941 950 1123
3244 4 2 1 1 315 1071 881 1297
3245 4 2 1 1 559 619 372 1180
3246 4 2 1 1 995 1036 1175 1271
3247 4 2 1 1 1045 1092 1088 1303
3248 4 2 1 1 880 1132 610 1325
3249 4 2 1 1 746 851 853 1195
3250 4 2 1 1 274 552 266 1308
3251 4 2 1 1 270 1116 144 1251
3252 4 2 1 1 994 1146 1068 1261
3253 4 2 1 1 529 1067 481 1311
3254 4 2 1 1 82 39 40 1074
3255 4 2 1 1 315 881 411 1297
3256 4 2 1 1 920 909 558 1276
3257 4 2 1 1 1034 1212 998 1300
3258 4 2 1 1 300 305 302 1262
3259 4 2 1 1 696 36 1163 1345
3260 4 2 1 1 993 1183 1066 1296
3261 4 2 1 1 1041 1172 1028 1197
3262 4 2 1 1 1040 1286 1166 1304
3263 4 2 1 1 1132 1210 422 1284
3264 4 2 1 1 938 937 1202 1270
3265 4 2 1 1 792 577 277 1164
3266 4 2 1 1 992 1046 1162 1229
3267 4 2 1 1 133 492 598 1143
3268 4 2 1 1 626 360 377 1272
3269 4 2 1 1 676 1140 462 1252
3270 4 2 1 1 1003 1269 1083 1292
3271 4 2 1 1 94 47 1111 1224
3272 4 2 1 1 938 1051 931 1270
3273 4 2 1 1 997 1054 1221 1281
3274 4 2 1 1 322 321 320 1072
3275 4 2 1 1 468 1214 466 1319
3276 4 2 1 1 775 228 1266 1317
3277 4 2 1 1 1024 1168 1060 1271
3278 4 2 1 1 1009 1171 1052 1342
3279 4 2 1 1 188 190 189 1288
3280 4 2 1 1 403 662 722 1083
3281 4 2 1 1 501 417 418 1207
3282 4 2 1 1 998 1085 1201 1300
3283 4 2 1 1 268 266 552 1260
3284 4 2 1 1 130 1115 546 1161
3285 4 2 1 1 1117 1225 1005 1316
3286 4 2 1 1 750 1209 1106 1332
3287 4 2 1 1 365 363 364 1218
3288 4 2 1 1 1012 1056 1180 1296
3289 4 2 1 1 821 810 740 1068
3290 4 2 1 1 164 1227 740 1261
3291 4 2 1 1 1085 1087 998 1317
3292 4 2 1 1 860 718 245 1094
3293 4 2 1 1 1129 1238 1042 1283
3294 4 2 1 1 914 551 783 1043
3295 4 2 1 1 54 100 917 1213
3296 4 2 1 1 427 425 426 1210
3297 4 2 1 1 1092 1267 1002 1303
3298 4 2 1 1 831 236 719 1288
3299 4 2 1 1 834 1102 814 1279
3300 4 2 1 1 1001 1053 1220 1336
3301 4 2 1 1 253 796 803 1170
3302 4 2 1 1 533 534 535 1238
3303 4 2 1 1 1009 1052 1274 1342
3304 4 2 1 1 995 1274 1052 1342
3305 4 2 1 1 491 1186 437 1291
3306 4 2 1 1 314 313 312 1297
3307 4 2 1 1 791 597 800 1159
3308 4 2 1 1 644 812 807 1257
3309 4 2 1 1 353 389 351 1181
3310 4 2 1 1 333 331 332 1232
3311 4 2 1 1 1147 1193 1008 1302
3312 4 2 1 1 124 587 588 1301
3313 4 2 1 1 633 1079 634 1272
3314 4 2 1 1 729 1209 811 1332
3315 4 2 1 1 371 293 734 1298
3316 4 2 1 1 399 303 398 1295
3317 4 2 1 1 257 784 753 1315
3318 4 2 1 1 666 101 33 1203
3319 4 2 1 1 323 393 321 1208
3320 4 2 1 1 1068 1146 994 1285
3321 4 2 1 1 997 1062 1173 1239
3322 4 2 1 1 778 784 257 1201
3323 4 2 1 1 1011 1279 1102 1326
3324 4 2 1 1 772 736 785 1230
3325 4 2 1 1 751 539 926 1084
3326 4 2 1 1 370 622 776 1212
3327 4 2 1 1 832 1113 440 1242
3328 4 2 1 1 1015 1163 1054 1281
3329 4 2 1 1 1157 1215 999 1301
3330 4 2 1 1 958 973 126 1219
3331 4 2 1 1 1032 1213 1285 1340
3332 4 2 1 1 1026 1285 1213 1340
3333 4 2 1 1 428 1210 631 1291
3334 4 2 1 1 793 578 790 1259
3335 4 2 1 1 999 1241 1161 1328
3336 4 2 1 1 444 1118 835 1242
3337 4 2 1 1 954 127 968 1215
3338 4 2 1 1 134 132 430 1160
3339 4 2 1 1 994 1261 1069 1282
3340 4 2 1 1 729 376 728 1209
3341 4 2 1 1 1071 996 1217 1245
3342 4 2 1 1 538 906 541 1124
3343 4 2 1 1 264 394 267 1087
3344 4 2 1 1 345 344 1082 1289
3345 4 2 1 1 994 1227 1195 1261
3346 4 2 1 1 1083 1269 1039 1292
3347 4 2 1 1 967 1241 1193 1302
3348 4 2 1 1 1014 1144 1095 1321
3349 4 2 1 1 1082 1289 344 1324
3350 4 2 1 1 994 1158 1057 1195
3351 4 2 1 1 1197 1282 1041 1340
3352 4 2 1 1 666 34 121 1203
3353 4 2 1 1 772 395 1078 1264
3354 4 2 1 1 725 332 386 1174
3355 4 2 1 1 154 1122 162 1332
3356 4 2 1 1 1086 1220 1053 1336
3357 4 2 1 1 310 431 432 1107
3358 4 2 1 1 761 412 365 1172
3359 4 2 1 1 434 435 503 1301
3360 4 2 1 1 1082 1169 1033 1254
3361 4 2 1 1 1028 1282 1197 1340
3362 4 2 1 1 1060 995 1192 1226
3363 4 2 1 1 545 130 19 1115
3364 4 2 1 1 1095 1144 1030 1321
3365 4 2 1 1 1066 1183 1056 1296
3366 4 2 1 1 1040 997 1166 1286
3367 4 2 1 1 744 829 818 1205
3368 4 2 1 1 993 1056 1183 1296
3369 4 2 1 1 1019 1178 1075 1313
3370 4 2 1 1 375 506 505 1080
3371 4 2 1 1 590 1100 589 1249
3372 4 2 1 1 612 611 502 1244
3373 4 2 1 1 526 22 886 1095
3374 4 2 1 1 1028 1172 1041 1282
3375 4 2 1 1 1037 1200 1012 1296
3376 4 2 1 1 748 806 1194 1217
3377 4 2 1 1 1041 1197 1028 1282
3378 4 2 1 1 1047 997 1173 1281
3379 4 2 1 1 995 1175 1036 1342
3380 4 2 1 1 868 1077 480 1263
3381 4 2 1 1 681 766 680 1184
3382 4 2 1 1 1032 1158 1065 1231
3383 4 2 1 1 892 83 637 1133
3384 4 2 1 1 422 1132 880 1210
3385 4 2 1 1 777 689 690 1294
3386 4 2 1 1 1132 1211 1007 1333
3387 4 2 1 1 1058 1211 1132 1333
3388 4 2 1 1 352 351 350 1081
3389 4 2 1 1 1067 1233 1104 1311
3390 4 2 1 1 125 547 895 1243
3391 4 2 1 1 603 220 218 1093
3392 4 2 1 1 395 625 736 1078
3393 4 2 1 1 701 702 781 1204
3394 4 2 1 1 244 183 718 1167
3395 4 2 1 1 1188 1312 1015 1334
3396 4 2 1 1 286 287 285 1236
3397 4 2 1 1 997 1040 1166 1334
3398 4 2 1 1 1073 1239 204 1256
3399 4 2 1 1 939 1123 950 1243
3400 4 2 1 1 583 1268 118 1325
3401 4 2 1 1 776 1212 775 1266
3402 4 2 1 1 622 275 267 1212
3403 4 2 1 1 148 149 151 1075
3404 4 2 1 1 19 18 587 1328
3405 4 2 1 1 560 783 551 1043
3406 4 2 1 1 150 772 785 1230
3407 4 2 1 1 1055 1247 1072 1277
3408 4 2 1 1 212 210 614 1182
3409 4 2 1 1 85 1203 1275 1312
3410 4 2 1 1 889 520 533 1154
3411 4 2 1 1 917 1124 55 1306
3412 4 2 1 1 739 485 648 1233
3413 4 2 1 1 736 1078 625 1298
3414 4 2 1 1 462 497 464 1310
3415 4 2 1 1 994 1068 1227 1261
3416 4 2 1 1 1041 1205 1069 1282
3417 4 2 1 1 1117 1184 388 1316
3418 4 2 1 1 1037 1012 1200 1207
3419 4 2 1 1 153 151 152 1164
3420 4 2 1 1 1073 1166 997 1286
3421 4 2 1 1 458 882 460 1252
3422 4 2 1 1 1034 1007 1234 1338
3423 4 2 1 1 869 867 733 1280
3424 4 2 1 1 1012 1152 1056 1296
3425 4 2 1 1 633 644 634 1079
3426 4 2 1 1 616 1102 814 1326
3427 4 2 1 1 401 368 273 1136
3428 4 2 1 1 757 368 424 1136
3429 4 2 1 1 759 1034 1234 1338
3430 4 2 1 1 1056 1251 1066 1296
3431 4 2 1 1 567 270 144 1251
3432 4 2 1 1 387 516 429 1095
3433 4 2 1 1 139 137 138 1097
3434 4 2 1 1 728 810 821 1209
3435 4 2 1 1 751 1084 300 1307
3436 4 2 1 1 203 205 730 1073
3437 4 2 1 1 717 1225 357 1316
3438 4 2 1 1 39 704 40 1074
3439 4 2 1 1 900 105 562 1049
3440 4 2 1 1 346 345 344 1082
3441 4 2 1 1 50 621 119 1311
3442 4 2 1 1 565 490 398 1273
3443 4 2 1 1 168 166 744 1069
3444 4 2 1 1 261 272 771 1151
3445 4 2 1 1 737 254 805 1156
3446 4 2 1 1 838 1139 385 1248
3447 4 2 1 1 970 963 960 1157
3448 4 2 1 1 756 227 1317 1322
3449 4 2 1 1 615 1098 616 1326
3450 4 2 1 1 941 1123 939 1202
3451 4 2 1 1 310 432 552 1107
3452 4 2 1 1 62 873 106 1273
3453 4 2 1 1 176 240 178 1235
3454 4 2 1 1 176 175 174 1235
3455 4 2 1 1 751 305 300 1084
3456 4 2 1 1 1073 1239 1062 1286
3457 4 2 1 1 775 1266 1212 1317
3458 4 2 1 1 322 320 379 1072
3459 4 2 1 1 1055 1194 1072 1247
3460 4 2 1 1 215 213 214 1153
3461 4 2 1 1 628 125 948 1243
3462 4 2 1 1 154 162 157 1332
3463 4 2 1 1 590 1207 1100 1249
3464 4 2 1 1 154 754 162 1122
3465 4 2 1 1 616 627 814 1102
3466 4 2 1 1 760 283 395 1264
3467 4 2 1 1 544 514 523 1193
3468 4 2 1 1 910 1100 590 1207
3469 4 2 1 1 921 895 129 1051
3470 4 2 1 1 200 198 638 1070
3471 4 2 1 1 750 811 821 1209
3472 4 2 1 1 215 252 213 1246
3473 4 2 1 1 27 118 585 1268
3474 4 2 1 1 486 487 488 1158
3475 4 2 1 1 872 601 602 1208
3476 4 2 1 1 65 589 66 1249
3477 4 2 1 1 814 1102 834 1326
3478 4 2 1 1 266 1260 267 1308
3479 4 2 1 1 1074 1252 82 1258
3480 4 2 1 1 97 880 610 1325
3481 4 2 1 1 847 841 409 1275
3482 4 2 1 1 1076 1226 995 1271
3483 4 2 1 1 816 1108 726 1257
3484 4 2 1 1 394 775 776 1212
3485 4 2 1 1 804 162 754 1122
3486 4 2 1 1 1081 1198 1046 1229
3487 4 2 1 1 747 314 370 1159
3488 4 2 1 1 1005 1111 1224 1336
3489 4 2 1 1 953 904 109 1193
3490 4 2 1 1 846 1098 615 1326
3491 4 2 1 1 616 814 834 1326
3492 4 2 1 1 382 342 684 1289
3493 4 2 1 1 455 454 456 1223
3494 4 2 1 1 558 849 1183 1276
3495 4 2 1 1 1059 998 1212 1266
3496 4 2 1 1 1087 1317 1085 1322
3497 4 2 1 1 615 231 616 1098
3498 4 2 1 1 360 358 377 1272
3499 4 2 1 1 707 471 468 1319
3500 4 2 1 1 993 1160 1066 1265
3501 4 2 1 1 654 1177 196 1253
3502 4 2 1 1 395 736 772 1078
3503 4 2 1 1 1068 1227 1065 1285
3504 4 2 1 1 607 1099 606 1337
3505 4 2 1 1 568 60 91 1191
3506 4 2 1 1 480 478 479 1077
3507 4 2 1 1 750 811 1209 1332
3508 4 2 1 1 23 888 887 1338
3509 4 2 1 1 577 1096 572 1259
3510 4 2 1 1 846 615 616 1326
3511 4 2 1 1 534 535 1238 1283
3512 4 2 1 1 992 1150 1176 1254
3513 4 2 1 1 315 317 881 1071
3514 4 2 1 1 997 1286 1040 1334
3515 4 2 1 1 137 1097 139 1267
3516 4 2 1 1 730 839 845 1304
3517 4 2 1 1 616 627 1102 1327
3518 4 2 1 1 388 357 1117 1316
3519 4 2 1 1 698 699 93 1076
3520 4 2 1 1 480 868 478 1077
3521 4 2 1 1 264 756 394 1087
3522 4 2 1 1 804 162 1122 1332
3523 4 2 1 1 620 222 228 1317
3524 4 2 1 1 1057 994 1195 1282
3525 4 2 1 1 287 291 625 1236
3526 4 2 1 1 997 1062 1239 1286
3527 4 2 1 1 427 1210 426 1291
3528 4 2 1 1 228 220 603 1093
3529 4 2 1 1 241 171 738 1263
3530 4 2 1 1 507 415 414 1145
3531 4 2 1 1 129 66 921 1051
3532 4 2 1 1 145 745 142 1264
3533 4 2 1 1 1100 1202 937 1270
3534 4 2 1 1 928 941 945 1123
3535 4 2 1 1 487 502 1158 1244
3536 4 2 1 1 206 1216 204 1256
3537 4 2 1 1 736 735 1230 1298
3538 4 2 1 1 92 886 23 1091
3539 4 2 1 1 819 499 500 1231
3540 4 2 1 1 586 1165 585 1268
3541 4 2 1 1 874 1126 500 1231
3542 4 2 1 1 651 350 348 1229
3543 4 2 1 1 796 253 753 1170
3544 4 2 1 1 1126 1231 874 1306
3545 4 2 1 1 1109 1235 175 1280
3546 4 2 1 1 756 1087 264 1322
3547 4 2 1 1 1203 1286 1027 1334
3548 4 2 1 1 1040 1286 1203 1334
3549 4 2 1 1 54 917 55 1306
3550 4 2 1 1 126 973 896 1219
3551 4 2 1 1 231 616 1098 1327
3552 4 2 1 1 904 974 515 1219
3553 4 2 1 1 530 390 531 1187
3554 4 2 1 1 1056 993 1183 1276
3555 4 2 1 1 1232 1312 1027 1334
3556 4 2 1 1 998 1201 1038 1300
3557 4 2 1 1 1006 1045 1273 1303
3558 4 2 1 1 148 151 790 1075
3559 4 2 1 1 954 110 786 1157
3560 4 2 1 1 345 343 344 1289
3561 4 2 1 1 479 525 629 1190
3562 4 2 1 1 115 606 607 1099
3563 4 2 1 1 1032 1231 1065 1285
3564 4 2 1 1 903 650 1197 1213
3565 4 2 1 1 151 149 152 1240
3566 4 2 1 1 178 240 726 1257
3567 4 2 1 1 775 1212 394 1317
3568 4 2 1 1 424 546 527 1115
3569 4 2 1 1 61 91 60 1088
3570 4 2 1 1 524 1089 114 1319
3571 4 2 1 1 176 1235 177 1280
3572 4 2 1 1 506 799 505 1080
3573 4 2 1 1 504 434 503 1101
3574 4 2 1 1 643 812 644 1257
3575 4 2 1 1 882 1175 496 1258
3576 4 2 1 1 644 807 634 1079
3577 4 2 1 1 780 1200 417 1207
3578 4 2 1 1 165 1195 746 1227
3579 4 2 1 1 939 1051 1202 1243
3580 4 2 1 1 99 646 1128 1250
3581 4 2 1 1 996 1055 1194 1277
3582 4 2 1 1 994 1065 1227 1285
3583 4 2 1 1 277 793 790 1259
3584 4 2 1 1 482 865 480 1263
3585 4 2 1 1 662 663 722 1269
3586 4 2 1 1 1018 1189 1042 1313
3587 4 2 1 1 555 1183 567 1251
3588 4 2 1 1 223 224 225 1085
3589 4 2 1 1 1123 993 1183 1265
3590 4 2 1 1 48 623 94 1190
3591 4 2 1 1 217 657 215 1293
3592 4 2 1 1 266 264 267 1260
3593 4 2 1 1 286 289 287 1236
3594 4 2 1 1 40 1074 704 1299
3595 4 2 1 1 96 46 687 1255
3596 4 2 1 1 1025 1210 1035 1278
3597 4 2 1 1 742 1112 863 1344
3598 4 2 1 1 234 196 654 1177
3599 4 2 1 1 621 1233 1104 1343
3600 4 2 1 1 1130 1196 671 1345
3601 4 2 1 1 578 571 573 1178
3602 4 2 1 1 1074 1258 995 1274
3603 4 2 1 1 613 115 607 1099
3604 4 2 1 1 1062 1256 1073 1286
3605 4 2 1 1 1197 1213 1028 1340
3606 4 2 1 1 1024 1036 1253 1342
3607 4 2 1 1 25 583 26 1325
3608 4 2 1 1 756 394 1087 1317
3609 4 2 1 1 724 778 257 1201
3610 4 2 1 1 1001 1220 1086 1336
3611 4 2 1 1 936 929 937 1100
3612 4 2 1 1 684 1168 384 1237
3613 4 2 1 1 508 414 617 1145
3614 4 2 1 1 762 665 412 1197
3615 4 2 1 1 513 1147 514 1193
3616 4 2 1 1 90 899 1234 1338
3617 4 2 1 1 685 382 684 1237
3618 4 2 1 1 485 483 1233 1344
3619 4 2 1 1 249 1166 842 1221
3620 4 2 1 1 736 1230 1078 1298
3621 4 2 1 1 1108 1198 1061 1257
3622 4 2 1 1 1011 1222 1090 1337
3623 4 2 1 1 182 183 1167 1330
3624 4 2 1 1 83 1133 707 1319
3625 4 2 1 1 377 358 633 1272
3626 4 2 1 1 582 581 413 1121
3627 4 2 1 1 572 570 571 1259
3628 4 2 1 1 635 805 1156 1272
3629 4 2 1 1 816 812 643 1257
3630 4 2 1 1 555 849 567 1183
3631 4 2 1 1 1042 1238 1019 1313
3632 4 2 1 1 208 1216 206 1327
3633 4 2 1 1 993 1123 1049 1202
3634 4 2 1 1 900 562 920 1049
3635 4 2 1 1 118 1268 27 1325
3636 4 2 1 1 636 498 637 1255
3637 4 2 1 1 832 440 442 1242
3638 4 2 1 1 420 419 406 1211
3639 4 2 1 1 897 589 590 1100
3640 4 2 1 1 318 1217 748 1245
3641 4 2 1 1 47 636 46 1255
3642 4 2 1 1 963 970 954 1157
3643 4 2 1 1 325 871 323 1337
3644 4 2 1 1 61 1088 532 1273
3645 4 2 1 1 533 1154 89 1238
3646 4 2 1 1 583 1125 883 1268
3647 4 2 1 1 442 444 835 1242
3648 4 2 1 1 651 348 1176 1229
3649 4 2 1 1 934 1100 937 1270
3650 4 2 1 1 992 1176 1150 1229
3651 4 2 1 1 531 390 759 1338
3652 4 2 1 1 465 464 466 1214
3653 4 2 1 1 94 636 47 1224
3654 4 2 1 1 236 188 719 1288
3655 4 2 1 1 579 573 569 1191
3656 4 2 1 1 1101 1157 999 1301
3657 4 2 1 1 794 715 798 1206
3658 4 2 1 1 85 1203 33 1275
3659 4 2 1 1 45 1134 687 1255
3660 4 2 1 1 939 1202 1123 1243
3661 4 2 1 1 691 389 1181 1294
3662 4 2 1 1 554 556 1183 1265
3663 4 2 1 1 742 1323 1112 1344
3664 4 2 1 1 184 1329 185 1330
3665 4 2 1 1 1088 1273 1045 1303
3666 4 2 1 1 341 797 339 1192
3667 4 2 1 1 834 1279 694 1326
3668 4 2 1 1 997 1221 1070 1281
3669 4 2 1 1 926 540 916 1262
3670 4 2 1 1 184 186 185 1329
3671 4 2 1 1 1012 1207 1037 1296
3672 4 2 1 1 785 735 794 1230
3673 4 2 1 1 1081 1150 1031 1294
3674 4 2 1 1 137 136 138 1097
3675 4 2 1 1 1075 1178 1019 1259
3676 4 2 1 1 5 933 948 125
3677 4 2 1 1 793 277 577 1259
3678 4 2 1 1 1062 1239 1073 1256
3679 4 2 1 1 37 1196 673 1226
3680 4 2 1 1 859 484 486 1344
3681 4 2 1 1 937 934 936 1100
3682 4 2 1 1 613 1099 607 1275
3683 4 2 1 1 1082 1254 1033 1309
3684 4 2 1 1 1081 1229 1046 1305
3685 4 2 1 1 684 340 384 1168
3686 4 2 1 1 52 1244 612 1343
3687 4 2 1 1 795 278 819 1199
3688 4 2 1 1 993 1066 1183 1265
3689 4 2 1 1 97 631 880 1210
3690 4 2 1 1 248 848 692 1148
3691 4 2 1 1 787 128 910 1100
3692 4 2 1 1 1015 1312 1232 1334
3693 4 2 1 1 997 1239 1073 1286
3694 4 2 1 1 394 1212 1087 1317
3695 4 2 1 1 844 838 385 1248
3696 4 2 1 1 716 355 717 1225
3697 4 2 1 1 791 1159 370 1266
3698 4 2 1 1 742 859 1323 1344
3699 4 2 1 1 628 1123 557 1265
3700 4 2 1 1 875 877 410 1165
3701 4 2 1 1 504 902 731 1101
3702 4 2 1 1 176 175 1235 1280
3703 4 2 1 1 471 1133 892 1320
3704 4 2 1 1 110 925 1157 1331
3705 4 2 1 1 251 209 211 1182
3706 4 2 1 1 468 467 466 1214
3707 4 2 1 1 857 500 874 1126
3708 4 2 1 1 785 794 755 1230
3709 4 2 1 1 119 623 49 1311
3710 4 2 1 1 199 200 201 1221
3711 4 2 1 1 834 1102 1279 1326
3712 4 2 1 1 718 185 245 1094
3713 4 2 1 1 834 814 695 1279
3714 4 2 1 1 613 85 33 1275
3715 4 2 1 1 620 756 227 1317
3716 4 2 1 1 995 1036 1271 1342
3717 4 2 1 1 1024 1271 1036 1342
3718 4 2 1 1 110 78 970 954
3719 4 2 1 1 717 682 683 1316
3720 4 2 1 1 256 740 827 1261
3721 4 2 1 1 751 926 305 1084
3722 4 2 1 1 256 164 740 1261
3723 4 2 1 1 908 1137 751 1307
3724 4 2 1 1 701 102 43 1204
3725 4 2 1 1 653 816 643 1198
3726 4 2 1 1 440 441 442 1242
3727 4 2 1 1 287 290 291 1236
3728 4 2 1 1 233 1173 640 1239
3729 4 2 1 1 117 58 59 1238
3730 4 2 1 1 647 32 101 1155
3731 4 2 1 1 129 547 131 1160
3732 4 2 1 1 416 417 402 1200
3733 4 2 1 1 123 1207 590 1249
3734 4 2 1 1 185 1329 1094 1330
3735 4 2 1 1 606 872 871 1090
3736 4 2 1 1 971 18 956 1328
3737 4 2 1 1 565 1149 106 1273
3738 4 2 1 1 164 163 740 1227
3739 4 2 1 1 774 857 874 1126
3740 4 2 1 1 248 850 848 1148
3741 4 2 1 1 542 541 917 1124
3742 4 2 1 1 243 1220 869 1280
3743 4 2 1 1 666 121 697 1188
3744 4 2 1 1 497 1140 677 1310
3745 4 2 1 1 994 1227 1068 1285
3746 4 2 1 1 616 1102 1326 1327
3747 4 2 1 1 491 632 878 1186
3748 4 2 1 1 733 243 869 1280
3749 4 2 1 1 742 863 859 1344
3750 4 2 1 1 449 446 447 1304
3751 4 2 1 1 561 1180 898 1276
3752 4 2 1 1 489 487 502 1158
3753 4 2 1 1 287 625 285 1236
3754 4 2 1 1 187 188 1185 1329
3755 4 2 1 1 992 1162 1176 1229
3756 4 2 1 1 779 347 1150 1254
3757 4 2 1 1 302 752 307 1262
3758 4 2 1 1 543 539 751 1137
3759 4 2 1 1 314 1159 747 1297
3760 4 2 1 1 888 1187 531 1338
3761 4 2 1 1 762 650 665 1197
3762 4 2 1 1 722 363 1083 1269
3763 4 2 1 1 242 175 733 1280
3764 4 2 1 1 658 344 1289 1324
3765 4 2 1 1 679 114 524 1089
3766 4 2 1 1 238 1195 165 1323
3767 4 2 1 1 839 1118 444 1304
3768 4 2 1 1 206 205 204 1216
3769 4 2 1 1 675 1140 676 1252
3770 4 2 1 1 967 962 1241 1302
3771 4 2 1 1 219 217 218 1293
3772 4 2 1 1 1035 1165 1071 1268
3773 4 2 1 1 679 114 1089 1310
3774 4 2 1 1 532 1273 1088 1295
3775 4 2 1 1 454 879 699 1223
3776 4 2 1 1 635 634 805 1272
3777 4 2 1 1 879 522 696 1163
3778 4 2 1 1 382 1114 686 1324
3779 4 2 1 1 955 1302 104 1331
3780 4 2 1 1 616 1326 1098 1327
3781 4 2 1 1 485 484 483 1344
3782 4 2 1 1 598 112 133 1143
3783 4 2 1 1 382 1289 1114 1324
3784 4 2 1 1 207 206 208 1216
3785 4 2 1 1 710 245 187 1185
3786 4 2 1 1 316 314 747 1297
3787 4 2 1 1 893 126 546 1219
3788 4 2 1 1 648 1233 621 1343
3789 4 2 1 1 292 769 294 1189
3790 4 2 1 1 606 1090 871 1337
3791 4 2 1 1 969 915 957 1193
3792 4 2 1 1 965 1193 967 1241
3793 4 2 1 1 270 271 145 1116
3794 4 2 1 1 125 895 933 1243
3795 4 2 1 1 812 240 807 1257
3796 4 2 1 1 363 403 722 1083
3797 4 2 1 1 963 960 1157 1331
3798 4 2 1 1 290 292 291 1103
3799 4 2 1 1 256 744 166 1261
3800 4 2 1 1 804 729 811 1332
3801 4 2 1 1 86 739 648 1343
3802 4 2 1 1 892 471 707 1133
3803 4 2 1 1 429 1095 886 1287
3804 4 2 1 1 874 1231 706 1306
3805 4 2 1 1 143 150 147 1105
3806 4 2 1 1 577 576 572 1096
3807 4 2 1 1 1013 1182 1098 1327
3808 4 2 1 1 575 1096 576 1314
3809 4 2 1 1 158 157 159 1106
3810 4 2 1 1 864 472 866 1127
3811 4 2 1 1 676 497 462 1140
3812 4 2 1 1 388 717 357 1316
3813 4 2 1 1 452 879 454 1223
3814 4 2 1 1 1034 1212 1087 1308
3815 4 2 1 1 219 253 1170 1315
3816 4 2 1 1 255 799 741 1228
3817 4 2 1 1 604 775 228 1266
3818 4 2 1 1 1056 1183 1066 1251
3819 4 2 1 1 109 512 513 1193
3820 4 2 1 1 256 829 744 1261
3821 4 2 1 1 189 190 191 1110
3822 4 2 1 1 83 707 678 1319
3823 4 2 1 1 677 497 675 1140
3824 4 2 1 1 938 937 939 1202
3825 4 2 1 1 305 1084 926 1262
3826 4 2 1 1 753 1170 253 1315
3827 4 2 1 1 184 237 1329 1330
3828 4 2 1 1 855 461 856 1179
3829 4 2 1 1 442 443 444 1242
3830 4 2 1 1 524 114 678 1319
3831 4 2 1 1 562 561 898 1276
3832 4 2 1 1 176 177 175 1280
3833 4 2 1 1 258 1138 226 1322
3834 4 2 1 1 175 242 173 1109
3835 4 2 1 1 615 595 614 1247
3836 4 2 1 1 835 839 250 1118
3837 4 2 1 1 1087 1260 264 1322
3838 4 2 1 1 184 237 186 1329
3839 4 2 1 1 823 1194 595 1247
3840 4 2 1 1 1233 1244 1057 1343
3841 4 2 1 1 405 771 367 1151
3842 4 2 1 1 729 728 811 1209
3843 4 2 1 1 323 321 322 1222
3844 4 2 1 1 523 517 582 1147
3845 4 2 1 1 681 96 682 1316
3846 4 2 1 1 374 295 297 1119
3847 4 2 1 1 349 779 347 1150
3848 4 2 1 1 716 691 389 1181
3849 4 2 1 1 756 1317 1087 1322
3850 4 2 1 1 319 320 321 1245
3851 4 2 1 1 863 742 241 1112
3852 4 2 1 1 1074 1252 1140 1299
3853 4 2 1 1 761 762 412 1197
3854 4 2 1 1 101 521 667 1155
3855 4 2 1 1 239 726 816 1108
3856 4 2 1 1 329 409 327 1131
3857 4 2 1 1 236 831 830 1288
3858 4 2 1 1 428 426 1210 1291
3859 4 2 1 1 793 571 578 1259
3860 4 2 1 1 543 537 539 1137
3861 4 2 1 1 685 686 382 1114
3862 4 2 1 1 903 650 762 1197
3863 4 2 1 1 306 301 302 1135
3864 4 2 1 1 545 546 130 1115
3865 4 2 1 1 430 1160 911 1265
3866 4 2 1 1 219 753 253 1315
3867 4 2 1 1 750 1106 157 1332
3868 4 2 1 1 651 348 381 1176
3869 4 2 1 1 688 691 1134 1294
3870 4 2 1 1 28 632 630 1186
3871 4 2 1 1 635 626 377 1272
3872 4 2 1 1 558 909 849 1276
3873 4 2 1 1 600 911 628 1265
3874 4 2 1 1 340 339 338 1168
3875 4 2 1 1 800 806 373 1217
3876 4 2 1 1 449 1166 845 1304
3877 4 2 1 1 658 1289 382 1324
3878 4 2 1 1 42 701 43 1204
3879 4 2 1 1 204 203 202 1239
3880 4 2 1 1 516 757 527 1144
3881 4 2 1 1 661 51 50 1104
3882 4 2 1 1 1051 1202 1100 1270
3883 4 2 1 1 748 373 806 1217
3884 4 2 1 1 748 318 373 1217
3885 4 2 1 1 108 557 912 1123
3886 4 2 1 1 833 392 1232 1312
3887 4 2 1 1 99 645 646 1250
3888 4 2 1 1 62 61 873 1273
3889 4 2 1 1 807 240 737 1235
3890 4 2 1 1 961 955 104 1331
3891 4 2 1 1 582 269 581 1121
3892 4 2 1 1 355 716 353 1181
3893 4 2 1 1 1071 1217 996 1278
3894 4 2 1 1 859 1195 238 1323
3895 4 2 1 1 736 735 785 1230
3896 4 2 1 1 181 179 180 1318
3897 4 2 1 1 258 581 226 1138
3898 4 2 1 1 828 832 251 1113
3899 4 2 1 1 875 321 393 1208
3900 4 2 1 1 966 1161 958 1219
3901 4 2 1 1 583 883 118 1268
3902 4 2 1 1 446 444 445 1304
3903 4 2 1 1 606 605 872 1090
3904 4 2 1 1 622 267 394 1212
3905 4 2 1 1 565 106 873 1273
3906 4 2 1 1 428 427 426 1291
3907 4 2 1 1 356 355 354 1225
3908 4 2 1 1 1103 1236 1078 1298
3909 4 2 1 1 181 720 179 1318
3910 4 2 1 1 501 780 417 1207
3911 4 2 1 1 318 316 373 1217
3912 4 2 1 1 110 782 925 1331
3913 4 2 1 1 712 336 385 1139
3914 4 2 1 1 407 797 341 1290
3915 4 2 1 1 966 973 958 1161
3916 4 2 1 1 909 920 562 1276
3917 4 2 1 1 554 557 556 1265
3918 4 2 1 1 380 350 651 1229
3919 4 2 1 1 593 216 214 1153
3920 4 2 1 1 170 169 168 1228
3921 4 2 1 1 911 125 628 1243
3922 4 2 1 1 306 727 301 1135
3923 4 2 1 1 391 781 703 1254
3924 4 2 1 1 141 764 139 1267
3925 4 2 1 1 956 2 18 971
3926 4 2 1 1 1063 996 1217 1278
3927 4 2 1 1 346 348 347 1176
3928 4 2 1 1 902 503 786 1157
3929 4 2 1 1 178 179 177 1318
3930 4 2 1 1 836 1237 813 1341
3931 4 2 1 1 325 323 324 1222
3932 4 2 1 1 724 257 223 1201
3933 4 2 1 1 1053 1224 1086 1336
3934 4 2 1 1 969 109 915 1193
3935 4 2 1 1 61 60 532 1088
3936 4 2 1 1 153 792 277 1164
3937 4 2 1 1 884 759 311 1234
3938 4 2 1 1 1094 1329 1162 1330
3939 4 2 1 1 243 177 179 1318
3940 4 2 1 1 701 690 102 1204
3941 4 2 1 1 796 425 803 1284
3942 4 2 1 1 426 1210 425 1284
3943 4 2 1 1 1127 1220 1053 1320
3944 4 2 1 1 641 233 640 1239
3945 4 2 1 1 169 1112 742 1323
3946 4 2 1 1 861 499 819 1199
3947 4 2 1 1 838 712 385 1139
3948 4 2 1 1 557 628 912 1123
3949 4 2 1 1 882 458 496 1175
3950 4 2 1 1 65 131 64 1249
3951 4 2 1 1 491 437 428 1291
3952 4 2 1 1 293 294 295 1189
3953 4 2 1 1 426 422 1210 1284
3954 4 2 1 1 832 442 835 1242
3955 4 2 1 1 659 381 658 1324
3956 4 2 1 1 859 851 238 1195
3957 4 2 1 1 631 630 491 1186
3958 4 2 1 1 116 55 592 1306
3959 4 2 1 1 621 1104 51 1343
3960 4 2 1 1 1079 1235 1001 1257
3961 4 2 1 1 924 104 1302 1331
3962 4 2 1 1 1001 1280 1220 1318
3963 4 2 1 1 709 236 830 1288
3964 4 2 1 1 610 25 26 1325
3965 4 2 1 1 752 916 903 1262
3966 4 2 1 1 116 592 874 1306
3967 4 2 1 1 961 104 876 1331
3968 4 2 1 1 249 842 711 1221
3969 4 2 1 1 519 1154 520 1295
3970 4 2 1 1 546 545 527 1115
3971 4 2 1 1 449 845 446 1304
3972 4 2 1 1 883 584 411 1125
3973 4 2 1 1 834 694 383 1326
3974 4 2 1 1 670 833 671 1345
3975 4 2 1 1 460 676 462 1252
3976 4 2 1 1 846 383 749 1326
3977 4 2 1 1 814 232 809 1256
3978 4 2 1 1 1006 1273 1088 1303
3979 4 2 1 1 590 123 780 1207
3980 4 2 1 1 910 590 501 1207
3981 4 2 1 1 165 746 161 1227
3982 4 2 1 1 785 755 150 1230
3983 4 2 1 1 583 118 26 1325
3984 4 2 1 1 1027 1275 1203 1312
3985 4 2 1 1 568 91 579 1191
3986 4 2 1 1 924 876 104 1331
3987 4 2 1 1 647 101 667 1155
3988 4 2 1 1 791 800 747 1159
3989 4 2 1 1 572 576 575 1096
3990 4 2 1 1 754 155 798 1240
3991 4 2 1 1 290 743 292 1103
3992 4 2 1 1 272 367 771 1151
3993 4 2 1 1 416 402 308 1120
3994 4 2 1 1 658 344 382 1289
3995 4 2 1 1 95 671 1196 1345
3996 4 2 1 1 823 822 379 1247
3997 4 2 1 1 204 1239 641 1256
3998 4 2 1 1 472 473 474 1320
3999 4 2 1 1 426 422 880 1210
4000 4 2 1 1 259 756 264 1322
4001 4 2 1 1 144 270 145 1116
4002 4 2 1 1 146 143 147 1105
4003 4 2 1 1 239 180 726 1108
4004 4 2 1 1 157 750 159 1106
4005 4 2 1 1 215 1153 216 1293
4006 4 2 1 1 648 621 86 1343
4007 4 2 1 1 475 498 624 1224
4008 4 2 1 1 175 173 174 1109
4009 4 2 1 1 581 260 226 1138
4010 4 2 1 1 246 189 191 1110
4011 4 2 1 1 187 186 188 1329
4012 4 2 1 1 742 169 241 1112
4013 4 2 1 1 435 1142 528 1301
4014 4 2 1 1 1040 1203 1188 1334
4015 4 2 1 1 505 770 396 1205
4016 4 2 1 1 908 543 751 1137
4017 4 2 1 1 816 726 812 1257
4018 4 2 1 1 944 1 66 931
4019 4 2 1 1 368 401 423 1136
4020 4 2 1 1 434 432 433 1141
4021 4 2 1 1 388 1184 766 1316
4022 4 2 1 1 553 430 600 1265
4023 4 2 1 1 358 359 357 1117
4024 4 2 1 1 823 594 595 1194
4025 4 2 1 1 835 444 839 1118
4026 4 2 1 1 642 653 643 1198
4027 4 2 1 1 448 827 404 1146
4028 4 2 1 1 182 184 183 1330
4029 4 2 1 1 706 611 116 1306
4030 4 2 1 1 407 1169 789 1290
4031 4 2 1 1 585 586 877 1165
4032 4 2 1 1 828 440 832 1113
4033 4 2 1 1 813 684 384 1237
4034 4 2 1 1 619 288 284 1152
4035 4 2 1 1 428 426 631 1210
4036 4 2 1 1 1009 1253 1171 1342
4037 4 2 1 1 720 864 866 1127
4038 4 2 1 1 954 786 127 1215
4039 4 2 1 1 962 1302 955 1331
4040 4 2 1 1 86 1244 739 1343
4041 4 2 1 1 592 56 88 1314
4042 4 2 1 1 556 558 849 1183
4043 4 2 1 1 90 899 584 1234
4044 4 2 1 1 82 675 676 1252
4045 4 2 1 1 1100 1249 1051 1270
4046 4 2 1 1 359 388 357 1117
4047 4 2 1 1 295 296 297 1119
4048 4 2 1 1 416 308 591 1120
4049 4 2 1 1 561 372 898 1180
4050 4 2 1 1 772 760 395 1264
4051 4 2 1 1 685 830 686 1114
4052 4 2 1 1 94 47 48 1111
4053 4 2 1 1 922 1161 956 1328
4054 4 2 1 1 52 51 120 1343
4055 4 2 1 1 335 808 820 1130
4056 4 2 1 1 1114 1237 1050 1289
4057 4 2 1 1 20 124 891 1142
4058 4 2 1 1 973 956 922 1161
4059 4 2 1 1 328 329 327 1131
4060 4 2 1 1 1102 1216 1013 1327
4061 4 2 1 1 918 889 535 1283
4062 4 2 1 1 528 1142 124 1301
4063 4 2 1 1 870 607 606 1337
4064 4 2 1 1 1089 1214 1022 1319
4065 4 2 1 1 187 188 189 1185
4066 4 2 1 1 504 503 902 1101
4067 4 2 1 1 963 964 962 1241
4068 4 2 1 1 47 681 48 1111
4069 4 2 1 1 747 370 791 1159
4070 4 2 1 1 82 1252 882 1258
4071 4 2 1 1 1021 1214 1089 1310
4072 4 2 1 1 977 954 968 1215
4073 4 2 1 1 466 464 679 1310
4074 4 2 1 1 805 802 635 1156
4075 4 2 1 1 247 854 708 1171
4076 4 2 1 1 445 447 446 1304
4077 4 2 1 1 525 94 623 1190
4078 4 2 1 1 197 196 198 1177
4079 4 2 1 1 369 448 404 1146
4080 4 2 1 1 184 185 183 1330
4081 4 2 1 1 516 526 429 1095
4082 4 2 1 1 153 277 151 1164
4083 4 2 1 1 736 371 735 1298
4084 4 2 1 1 518 106 565 1149
4085 4 2 1 1 883 583 584 1125
4086 4 2 1 1 187 185 186 1329
4087 4 2 1 1 259 264 1260 1322
4088 4 2 1 1 238 165 167 1323
4089 4 2 1 1 297 298 299 1307
4090 4 2 1 1 1098 1326 1102 1327
4091 4 2 1 1 646 439 878 1128
4092 4 2 1 1 176 174 737 1235
4093 4 2 1 1 453 452 454 1223
4094 4 2 1 1 1114 1289 1082 1324
4095 4 2 1 1 446 839 444 1304
4096 4 2 1 1 793 577 572 1259
4097 4 2 1 1 833 669 392 1312
4098 4 2 1 1 1086 1280 1001 1336
4099 4 2 1 1 368 423 424 1136
4100 4 2 1 1 654 1253 194 1341
4101 4 2 1 1 1162 1329 237 1330
4102 4 2 1 1 495 903 762 1197
4103 4 2 1 1 51 621 50 1104
4104 4 2 1 1 396 364 375 1218
4105 4 2 1 1 469 880 422 1132
4106 4 2 1 1 696 522 121 1188
4107 4 2 1 1 377 633 634 1272
4108 4 2 1 1 193 194 195 1253
4109 4 2 1 1 34 1203 85 1312
4110 4 2 1 1 888 22 107 1187
4111 4 2 1 1 529 621 648 1233
4112 4 2 1 1 256 166 164 1261
4113 4 2 1 1 484 482 483 1344
4114 4 2 1 1 665 664 412 1172
4115 4 2 1 1 206 204 232 1256
4116 4 2 1 1 868 480 865 1263
4117 4 2 1 1 894 1215 587 1328
4118 4 2 1 1 113 516 527 1144
4119 4 2 1 1 211 210 212 1182
4120 4 2 1 1 827 829 256 1261
4121 4 2 1 1 223 257 221 1201
4122 4 2 1 1 517 514 513 1147
4123 4 2 1 1 968 80 959 1215
4124 4 2 1 1 37 673 38 1226
4125 4 2 1 1 116 611 54 1306
4126 4 2 1 1 1108 1257 1001 1318
4127 4 2 1 1 578 773 276 1178
4128 4 2 1 1 289 290 287 1236
4129 4 2 1 1 279 310 274 1308
4130 4 2 1 1 874 500 706 1231
4131 4 2 1 1 489 488 487 1158
4132 4 2 1 1 105 10 949 900
4133 4 2 1 1 976 966 958 1219
4134 4 2 1 1 896 130 546 1161
4135 4 2 1 1 642 380 653 1198
4136 4 2 1 1 45 688 687 1134
4137 4 2 1 1 612 1244 86 1343
4138 4 2 1 1 917 906 55 1124
4139 4 2 1 1 282 619 284 1152
4140 4 2 1 1 788 789 407 1169
4141 4 2 1 1 380 651 652 1229
4142 4 2 1 1 39 674 38 1258
4143 4 2 1 1 646 878 99 1128
4144 4 2 1 1 777 690 779 1150
4145 4 2 1 1 770 818 829 1205
4146 4 2 1 1 676 675 497 1140
4147 4 2 1 1 46 45 687 1255
4148 4 2 1 1 537 1137 543 1283
4149 4 2 1 1 317 318 319 1245
4150 4 2 1 1 651 660 652 1229
4151 4 2 1 1 507 414 508 1145
4152 4 2 1 1 52 612 86 1343
4153 4 2 1 1 490 1273 532 1295
4154 4 2 1 1 719 188 186 1329
4155 4 2 1 1 526 886 429 1095
4156 4 2 1 1 629 1190 623 1311
4157 4 2 1 1 946 14 111 929
4158 4 2 1 1 534 536 535 1283
4159 4 2 1 1 966 975 956 1161
4160 4 2 1 1 345 347 391 1254
4161 4 2 1 1 95 671 672 1196
4162 4 2 1 1 530 531 888 1187
4163 4 2 1 1 257 221 1201 1315
4164 4 2 1 1 181 182 183 1167
4165 4 2 1 1 780 564 518 1200
4166 4 2 1 1 361 721 359 1269
4167 4 2 1 1 1194 1217 996 1245
4168 4 2 1 1 434 548 432 1141
4169 4 2 1 1 922 956 18 1328
4170 4 2 1 1 776 791 370 1266
4171 4 2 1 1 845 842 249 1166
4172 4 2 1 1 182 723 184 1330
4173 4 2 1 1 103 40 704 1299
4174 4 2 1 1 654 194 235 1341
4175 4 2 1 1 461 462 463 1179
4176 4 2 1 1 959 975 977 1215
4177 4 2 1 1 688 691 687 1134
4178 4 2 1 1 836 813 758 1341
4179 4 2 1 1 765 365 364 1218
4180 4 2 1 1 609 608 469 1211
4181 4 2 1 1 216 215 214 1153
4182 4 2 1 1 1048 1288 1114 1324
4183 4 2 1 1 808 671 820 1130
4184 4 2 1 1 541 906 917 1124
4185 4 2 1 1 628 5 948 125
4186 4 2 1 1 399 519 520 1295
4187 4 2 1 1 600 628 557 1265
4188 4 2 1 1 709 190 236 1288
4189 4 2 1 1 673 37 95 1196
4190 4 2 1 1 882 496 674 1258
4191 4 2 1 1 968 954 79 127
4192 4 2 1 1 590 128 897 1100
4193 4 2 1 1 963 962 960 1331
4194 4 2 1 1 960 782 77 970
4195 4 2 1 1 873 61 532 1273
4196 4 2 1 1 736 625 371 1298
4197 4 2 1 1 229 218 216 1293
4198 4 2 1 1 468 466 524 1319
4199 4 2 1 1 210 208 231 1327
4200 4 2 1 1 797 408 339 1192
4201 4 2 1 1 782 110 77 970
4202 4 2 1 1 892 707 83 1133
4203 4 2 1 1 639 638 656 1248
4204 4 2 1 1 41 103 702 1299
4205 4 2 1 1 668 34 85 1312
4206 4 2 1 1 441 443 442 1242
4207 4 2 1 1 266 267 274 1308
4208 4 2 1 1 806 823 748 1194
4209 4 2 1 1 762 761 495 1197
4210 4 2 1 1 679 677 114 1310
4211 4 2 1 1 533 89 534 1238
4212 4 2 1 1 969 957 953 1193
4213 4 2 1 1 809 232 641 1256
4214 4 2 1 1 234 198 196 1177
4215 4 2 1 1 89 533 519 1154
4216 4 2 1 1 663 1184 721 1269
4217 4 2 1 1 561 560 559 1180
4218 4 2 1 1 575 576 774 1314
4219 4 2 1 1 555 566 280 1251
4220 4 2 1 1 913 943 12 935
4221 4 2 1 1 733 177 243 1280
4222 4 2 1 1 36 93 696 1163
4223 4 2 1 1 327 870 325 1337
4224 4 2 1 1 1009 1341 1253 1342
4225 4 2 1 1 179 178 180 1318
4226 4 2 1 1 137 397 763 1267
4227 4 2 1 1 909 309 849 1276
4228 4 2 1 1 820 833 392 1232
4229 4 2 1 1 922 18 1161 1328
4230 4 2 1 1 58 574 57 1129
4231 4 2 1 1 554 553 600 1265
4232 4 2 1 1 388 721 766 1184
4233 4 2 1 1 949 905 9 932
4234 4 2 1 1 875 393 602 1208
4235 4 2 1 1 453 454 455 1223
4236 4 2 1 1 825 660 826 1162
4237 4 2 1 1 10 105 949 930
4238 4 2 1 1 410 877 586 1165
4239 4 2 1 1 998 1212 1266 1317
4240 4 2 1 1 365 412 403 1172
4241 4 2 1 1 26 118 27 1325
4242 4 2 1 1 578 573 773 1178
4243 4 2 1 1 894 588 587 1215
4244 4 2 1 1 371 291 293 1298
4245 4 2 1 1 243 179 720 1318
4246 4 2 1 1 275 279 274 1308
4247 4 2 1 1 972 967 957 1302
4248 4 2 1 1 1086 1220 1001 1280
4249 4 2 1 1 30 605 31 1250
4250 4 2 1 1 436 815 427 1291
4251 4 2 1 1 209 210 211 1182
4252 4 2 1 1 627 208 206 1327
4253 4 2 1 1 750 157 162 1332
4254 4 2 1 1 291 371 625 1298
4255 4 2 1 1 232 204 641 1256
4256 4 2 1 1 258 226 227 1322
4257 4 2 1 1 384 340 338 1168
4258 4 2 1 1 973 922 896 1161
4259 4 2 1 1 746 165 238 1195
4260 4 2 1 1 187 189 710 1185
4261 4 2 1 1 1006 1088 1273 1295
4262 4 2 1 1 90 887 899 1338
4263 4 2 1 1 332 331 330 1174
4264 4 2 1 1 956 1161 975 1328
4265 4 2 1 1 1087 1212 998 1317
4266 4 2 1 1 472 470 471 1320
4267 4 2 1 1 781 690 701 1204
4268 4 2 1 1 275 274 267 1308
4269 4 2 1 1 811 728 821 1209
4270 4 2 1 1 487 739 502 1244
4271 4 2 1 1 700 211 213 1246
4272 4 2 1 1 927 515 974 1219
4273 4 2 1 1 622 394 776 1212
4274 4 2 1 1 169 742 167 1323
4275 4 2 1 1 901 588 1215 1301
4276 4 2 1 1 298 908 751 1307
4277 4 2 1 1 841 607 409 1275
4278 4 2 1 1 759 1234 899 1338
4279 4 2 1 1 922 18 130 1161
4280 4 2 1 1 579 569 568 1191
4281 4 2 1 1 965 953 967 1193
4282 4 2 1 1 919 971 959 1328
4283 4 2 1 1 649 650 100 1213
4284 4 2 1 1 600 430 911 1265
4285 4 2 1 1 406 400 885 1287
4286 4 2 1 1 805 254 802 1156
4287 4 2 1 1 458 457 456 1175
4288 4 2 1 1 66 923 944 1270
4289 4 2 1 1 522 450 697 1188
4290 4 2 1 1 536 58 57 1129
4291 4 2 1 1 947 952 933 1243
4292 4 2 1 1 469 610 880 1132
4293 4 2 1 1 956 973 966 1161
4294 4 2 1 1 13 783 935 946
4295 4 2 1 1 116 874 706 1306
4296 4 2 1 1 907 544 523 1302
4297 4 2 1 1 783 13 111 946
4298 4 2 1 1 928 950 941 1123
4299 4 2 1 1 346 381 348 1176
4300 4 2 1 1 688 689 691 1294
4301 4 2 1 1 305 926 916 1262
4302 4 2 1 1 705 801 797 1192
4303 4 2 1 1 515 904 70 974
4304 4 2 1 1 292 294 293 1189
4305 4 2 1 1 640 233 639 1173
4306 4 2 1 1 693 328 694 1279
4307 4 2 1 1 128 590 910 1100
4308 4 2 1 1 766 663 680 1184
4309 4 2 1 1 320 318 748 1245
4310 4 2 1 1 103 789 703 1169
4311 4 2 1 1 940 941 939 1202
4312 4 2 1 1 426 425 422 1284
4313 4 2 1 1 100 542 917 1213
4314 4 2 1 1 705 1192 797 1290
4315 4 2 1 1 529 481 629 1311
4316 4 2 1 1 529 119 621 1311
4317 4 2 1 1 217 215 216 1293
4318 4 2 1 1 116 54 55 1306
4319 4 2 1 1 333 392 331 1232
4320 4 2 1 1 110 78 954 786
4321 4 2 1 1 722 361 363 1269
4322 4 2 1 1 901 127 786 1215
4323 4 2 1 1 118 586 585 1268
4324 4 2 1 1 268 263 266 1260
4325 4 2 1 1 674 82 882 1258
4326 4 2 1 1 193 247 708 1171
4327 4 2 1 1 485 483 648 1233
4328 4 2 1 1 929 14 111 787
4329 4 2 1 1 109 513 514 1193
4330 4 2 1 1 948 933 950 1243
4331 4 2 1 1 888 107 530 1187
4332 4 2 1 1 974 953 976 1219
4333 4 2 1 1 525 623 629 1190
4334 4 2 1 1 872 602 393 1208
4335 4 2 1 1 520 519 533 1154
4336 4 2 1 1 674 39 82 1258
4337 4 2 1 1 149 155 152 1240
4338 4 2 1 1 529 648 483 1233
4339 4 2 1 1 386 332 330 1174
4340 4 2 1 1 517 523 514 1147
4341 4 2 1 1 566 567 144 1251
4342 4 2 1 1 797 801 408 1192
4343 4 2 1 1 186 237 719 1329
4344 4 2 1 1 949 9 905 900
4345 4 2 1 1 711 199 201 1221
4346 4 2 1 1 194 654 196 1253
4347 4 2 1 1 181 183 244 1167
4348 4 2 1 1 412 664 403 1172
4349 4 2 1 1 93 879 696 1163
4350 4 2 1 1 237 184 723 1330
4351 4 2 1 1 420 406 609 1211
4352 4 2 1 1 845 449 842 1166
4353 4 2 1 1 461 463 856 1179
4354 4 2 1 1 754 152 155 1240
4355 4 2 1 1 498 636 624 1224
4356 4 2 1 1 252 824 700 1246
4357 4 2 1 1 278 158 861 1199
4358 4 2 1 1 658 382 686 1324
4359 4 2 1 1 389 777 351 1294
4360 4 2 1 1 35 670 36 1345
4361 4 2 1 1 430 547 911 1160
4362 4 2 1 1 188 236 190 1288
4363 4 2 1 1 164 161 163 1227
4364 4 2 1 1 772 745 760 1264
4365 4 2 1 1 555 554 556 1183
4366 4 2 1 1 825 826 237 1162
4367 4 2 1 1 501 590 780 1207
4368 4 2 1 1 868 865 738 1263
4369 4 2 1 1 885 886 92 1287
4370 4 2 1 1 765 364 396 1218
4371 4 2 1 1 349 777 779 1150
4372 4 2 1 1 844 656 838 1248
4373 4 2 1 1 975 1215 959 1328
4374 4 2 1 1 972 957 73 915
4375 4 2 1 1 715 374 714 1206
4376 4 2 1 1 956 18 2 922
4377 4 2 1 1 315 411 313 1297
4378 4 2 1 1 500 499 489 1231
4379 4 2 1 1 263 259 264 1260
4380 4 2 1 1 170 255 741 1228
4381 4 2 1 1 71 969 953 904
4382 4 2 1 1 716 389 353 1181
4383 4 2 1 1 967 1193 957 1302
4384 4 2 1 1 888 531 887 1338
4385 4 2 1 1 586 883 881 1268
4386 4 2 1 1 972 73 544 915
4387 4 2 1 1 257 753 221 1315
4388 4 2 1 1 955 972 74 1302
4389 4 2 1 1 812 726 240 1257
4390 4 2 1 1 145 760 745 1264
4391 4 2 1 1 739 86 612 1244
4392 4 2 1 1 873 532 490 1273
4393 4 2 1 1 934 944 923 1270
4394 4 2 1 1 865 241 738 1263
4395 4 2 1 1 417 518 402 1200
4396 4 2 1 1 484 863 482 1344
4397 4 2 1 1 123 590 589 1249
4398 4 2 1 1 837 640 639 1173
4399 4 2 1 1 249 711 201 1221
4400 4 2 1 1 749 324 322 1222
4401 4 2 1 1 673 95 672 1196
4402 4 2 1 1 673 801 122 1226
4403 4 2 1 1 766 721 663 1184
4404 4 2 1 1 1171 1253 1036 1342
4405 4 2 1 1 250 205 207 1216
4406 4 2 1 1 737 240 176 1235
4407 4 2 1 1 793 572 571 1259
4408 4 2 1 1 823 595 822 1247
4409 4 2 1 1 86 621 51 1343
4410 4 2 1 1 46 637 45 1255
4411 4 2 1 1 255 170 168 1228
4412 4 2 1 1 491 630 632 1186
4413 4 2 1 1 925 902 110 1157
4414 4 2 1 1 839 446 845 1304
4415 4 2 1 1 505 818 770 1205
4416 4 2 1 1 204 202 641 1239
4417 4 2 1 1 966 965 964 1241
4418 4 2 1 1 588 528 124 1301
4419 4 2 1 1 333 820 392 1232
4420 4 2 1 1 399 398 490 1295
4421 4 2 1 1 624 636 94 1224
4422 4 2 1 1 682 766 681 1316
4423 4 2 1 1 813 836 685 1237
4424 4 2 1 1 641 202 233 1239
4425 4 2 1 1 561 559 372 1180
4426 4 2 1 1 194 196 195 1253
4427 4 2 1 1 26 27 97 1325
4428 4 2 1 1 822 595 615 1247
4429 4 2 1 1 165 161 164 1227
4430 4 2 1 1 458 456 496 1175
4431 4 2 1 1 604 776 775 1266
4432 4 2 1 1 631 426 880 1210
4433 4 2 1 1 834 695 694 1279
4434 4 2 1 1 650 903 542 1213
4435 4 2 1 1 969 71 109 904
4436 4 2 1 1 775 620 228 1317
4437 4 2 1 1 119 629 623 1311
4438 4 2 1 1 959 1215 894 1328
4439 4 2 1 1 756 775 394 1317
4440 4 2 1 1 1026 1213 1197 1340
4441 4 2 1 1 904 953 70 974
4442 4 2 1 1 686 831 659 1324
4443 4 2 1 1 635 377 634 1272
4444 4 2 1 1 884 899 759 1234
4445 4 2 1 1 967 953 957 1193
4446 4 2 1 1 806 594 823 1194
4447 4 2 1 1 876 924 509 1331
4448 4 2 1 1 565 873 490 1273
4449 4 2 1 1 866 474 869 1220
4450 4 2 1 1 921 66 1 931
4451 4 2 1 1 959 894 919 1328
4452 4 2 1 1 544 74 972 1302
4453 4 2 1 1 68 126 958 973
4454 4 2 1 1 357 717 355 1225
4455 4 2 1 1 919 18 971 1328
4456 4 2 1 1 636 637 46 1255
4457 4 2 1 1 851 746 238 1195
4458 4 2 1 1 357 355 356 1225
4459 4 2 1 1 467 860 465 1214
4460 4 2 1 1 15 929 936 787
4461 4 2 1 1 221 219 220 1315
4462 4 2 1 1 437 436 428 1291
4463 4 2 1 1 788 703 789 1169
4464 4 2 1 1 514 544 915 1193
4465 4 2 1 1 733 175 177 1280
4466 4 2 1 1 80 894 959 1215
4467 4 2 1 1 948 912 6 628
4468 4 2 1 1 124 528 891 1142
4469 4 2 1 1 425 796 421 1284
4470 4 2 1 1 316 315 314 1297
4471 4 2 1 1 958 927 974 1219
4472 4 2 1 1 613 841 85 1275
4473 4 2 1 1 959 81 971 919
4474 4 2 1 1 555 567 566 1251
4475 4 2 1 1 902 786 110 1157
4476 4 2 1 1 909 898 309 1276
4477 4 2 1 1 34 666 33 1203
4478 4 2 1 1 928 912 6 948
4479 4 2 1 1 58 534 59 1238
4480 4 2 1 1 400 429 885 1287
4481 4 2 1 1 17 923 934 944
4482 4 2 1 1 863 484 859 1344
4483 4 2 1 1 131 547 132 1160
4484 4 2 1 1 99 30 645 1250
4485 4 2 1 1 938 931 944 1270
4486 4 2 1 1 490 532 519 1295
4487 4 2 1 1 961 962 955 1331
4488 4 2 1 1 781 391 779 1254
4489 4 2 1 1 1027 1312 1203 1334
4490 4 2 1 1 962 967 955 1302
4491 4 2 1 1 555 556 849 1183
4492 4 2 1 1 764 397 139 1267
4493 4 2 1 1 897 936 16 934
4494 4 2 1 1 70 927 515 974
4495 4 2 1 1 804 811 162 1332
4496 4 2 1 1 97 610 26 1325
4497 4 2 1 1 841 613 607 1275
4498 4 2 1 1 243 866 869 1220
4499 4 2 1 1 884 584 899 1234
4500 4 2 1 1 897 934 923 1270
4501 4 2 1 1 960 76 782 1331
4502 4 2 1 1 278 861 819 1199
4503 4 2 1 1 673 122 38 1226
4504 4 2 1 1 59 534 89 1238
4505 4 2 1 1 750 162 811 1332
4506 4 2 1 1 123 65 64 1249
4507 4 2 1 1 34 33 85 1203
4508 4 2 1 1 960 961 76 1331
4509 4 2 1 1 706 500 489 1231
4510 4 2 1 1 786 79 954 127
4511 4 2 1 1 417 780 518 1200
4512 4 2 1 1 783 913 12 935
4513 4 2 1 1 430 132 547 1160
4514 4 2 1 1 715 714 798 1206
4515 4 2 1 1 779 391 347 1254
4516 4 2 1 1 925 782 509 1331
4517 4 2 1 1 639 656 844 1248
4518 4 2 1 1 923 66 589 1270
4519 4 2 1 1 522 697 121 1188
4520 4 2 1 1 562 898 909 1276
4521 4 2 1 1 776 604 791 1266
4522 4 2 1 1 259 227 756 1322
4523 4 2 1 1 467 465 466 1214
4524 4 2 1 1 940 939 937 1202
4525 4 2 1 1 704 705 789 1290
4526 4 2 1 1 676 882 82 1252
4527 4 2 1 1 554 600 557 1265
4528 4 2 1 1 7 912 928 945
4529 4 2 1 1 968 127 80 1215
4530 4 2 1 1 938 934 937 1270
4531 4 2 1 1 420 609 469 1211
4532 4 2 1 1 592 88 774 1314
4533 4 2 1 1 75 104 961 955
4534 4 2 1 1 739 612 502 1244
4535 4 2 1 1 205 206 207 1216
4536 4 2 1 1 876 782 76 1331
4537 4 2 1 1 901 588 127 1215
4538 4 2 1 1 919 894 587 1328
4539 4 2 1 1 722 663 721 1269
4540 4 2 1 1 947 921 3 931
4541 4 2 1 1 231 627 616 1327
4542 4 2 1 1 876 76 961 1331
4543 4 2 1 1 787 936 15 128
4544 4 2 1 1 75 104 876 961
4545 4 2 1 1 342 344 343 1289
4546 4 2 1 1 137 139 397 1267
4547 4 2 1 1 320 319 318 1245
4548 4 2 1 1 645 30 31 1250
4549 4 2 1 1 676 460 882 1252
4550 4 2 1 1 324 323 322 1222
4551 4 2 1 1 425 421 422 1284
4552 4 2 1 1 252 700 213 1246
4553 4 2 1 1 813 685 684 1237
4554 4 2 1 1 95 670 671 1345
4555 4 2 1 1 218 217 216 1293
4556 4 2 1 1 974 69 927 958
4557 4 2 1 1 836 758 235 1341
4558 4 2 1 1 922 130 896 1161
4559 4 2 1 1 668 85 669 1312
4560 4 2 1 1 912 7 108 945
4561 4 2 1 1 742 859 238 1323
4562 4 2 1 1 695 693 694 1279
4563 4 2 1 1 126 68 896 973
4564 4 2 1 1 128 936 16 897
4565 4 2 1 1 759 899 531 1338
4566 4 2 1 1 88 575 774 1314
4567 4 2 1 1 1253 1341 1024 1342
4568 4 2 1 1 104 907 924 1302
4569 4 2 1 1 298 300 299 1307
4570 4 2 1 1 72 957 969 915
4571 4 2 1 1 833 668 669 1312
4572 4 2 1 1 937 942 940 1202
4573 4 2 1 1 758 654 235 1341
4574 4 2 1 1 939 950 952 1243
4575 4 2 1 1 971 2 18 919
4576 4 2 1 1 263 264 266 1260
4577 4 2 1 1 958 126 927 1219
4578 4 2 1 1 473 471 892 1320
4579 4 2 1 1 897 923 589 1270
4580 4 2 1 1 258 227 259 1322
4581 4 2 1 1 682 388 766 1316
4582 4 2 1 1 298 751 300 1307
4583 4 2 1 1 388 682 717 1316
4584 4 2 1 1 52 86 51 1343
4585 4 2 1 1 407 705 797 1290
4586 4 2 1 1 972 955 967 1302
4587 4 2 1 1 969 109 72 915
4588 4 2 1 1 923 1 66 944
4589 4 2 1 1 870 606 871 1337
4590 4 2 1 1 342 382 344 1289
4591 4 2 1 1 923 897 17 934
4592 4 2 1 1 315 313 314 1297
4593 4 2 1 1 955 74 104 1302
4594 4 2 1 1 105 10 11 930
4595 4 2 1 1 436 427 428 1291
4596 4 2 1 1 429 886 885 1287
4597 4 2 1 1 919 587 18 1328
4598 4 2 1 1 971 975 959 1328
4599 4 2 1 1 95 36 670 1345
4600 4 2 1 1 650 542 100 1213
4601 4 2 1 1 965 962 964 1241
4602 4 2 1 1 918 537 543 1283
4603 4 2 1 1 679 497 677 1310
4604 4 2 1 1 41 675 40 1299
4605 4 2 1 1 464 497 679 1310
4606 4 2 1 1 586 118 883 1268
4607 4 2 1 1 305 752 302 1262
4608 4 2 1 1 588 435 528 1301
4609 4 2 1 1 514 915 109 1193
4610 4 2 1 1 846 616 834 1326
4611 4 2 1 1 15 14 929 787
4612 4 2 1 1 658 686 659 1324
4613 4 2 1 1 756 620 775 1317
4614 4 2 1 1 535 536 537 1283
4615 4 2 1 1 544 104 74 1302
4616 4 2 1 1 933 952 950 1243
4617 4 2 1 1 919 959 81 894
4618 4 2 1 1 69 126 927 958
4619 4 2 1 1 870 871 325 1337
4620 4 2 1 1 119 529 629 1311
4621 4 2 1 1 389 691 689 1294
4622 4 2 1 1 221 753 219 1315
4623 4 2 1 1 126 69 68 958
4624 4 2 1 1 524 678 707 1319
4625 4 2 1 1 876 509 782 1331
4626 4 2 1 1 965 967 962 1241
4627 4 2 1 1 962 961 960 1331
4628 4 2 1 1 588 894 127 1215
4629 4 2 1 1 503 435 901 1301
4630 4 2 1 1 16 17 897 934
4631 4 2 1 1 968 959 977 1215
4632 4 2 1 1 3 921 947 895
4633 4 2 1 1 954 78 79 786
4634 4 2 1 1 473 472 471 1320
4635 4 2 1 1 973 956 67 922
4636 4 2 1 1 468 524 707 1319
4637 4 2 1 1 383 846 834 1326
4638 4 2 1 1 389 689 777 1294
4639 4 2 1 1 742 238 167 1323
4640 4 2 1 1 231 208 627 1327
4641 4 2 1 1 123 589 65 1249
4642 4 2 1 1 41 40 103 1299
4643 4 2 1 1 490 519 399 1295
4644 4 2 1 1 956 2 67 922
4645 4 2 1 1 918 535 537 1283
4646 4 2 1 1 959 80 81 894
4647 4 2 1 1 894 80 127 1215
4648 4 2 1 1 12 13 783 935
4649 4 2 1 1 953 70 71 904
4650 4 2 1 1 933 5 4 125
4651 4 2 1 1 916 752 305 1262
4652 4 2 1 1 887 531 899 1338
4653 4 2 1 1 361 722 721 1269
4654 4 2 1 1 407 789 705 1290
4655 4 2 1 1 782 77 76 960
4656 4 2 1 1 74 73 544 972
4657 4 2 1 1 948 6 5 628
4658 4 2 1 1 958 974 976 1219
4659 4 2 1 1 934 938 944 1270
4660 4 2 1 1 515 927 893 1219
4661 4 2 1 1 971 956 975 1328
4662 4 2 1 1 905 8 9 932
4663 4 2 1 1 907 104 544 1302
4664 4 2 1 1 1 3 921 931
4665 4 2 1 1 111 13 14 946
4666 4 2 1 1 126 893 927 1219
4667 4 2 1 1 947 4 3 895
4668 4 2 1 1 71 109 72 969
4669 4 2 1 1 104 75 74 955
4670 4 2 1 1 912 6 7 928
4671 4 2 1 1 7 8 108 945
4672 4 2 1 1 957 72 73 915
4673 4 2 1 1 67 896 973 922
4674 4 2 1 1 971 81 2 919
4675 4 2 1 1 110 78 77 970
4676 4 2 1 1 923 17 1 944
4677 4 2 1 1 588 901 435 1301
4678 4 2 1 1 896 68 67 973
4679 4 2 1 1 16 15 936 128
4680 4 2 1 1 10 9 949 900
4681 4 2 1 1 876 76 75 961
4682 4 2 1 1 927 70 69 974
4683 4 2 1 1 968 79 80 127
4684 4 2 1 1 12 11 943 913
4685 4 2 1 1 1122 729 1332 1020
4686 4 2 1 1 1122 1332 729 804
4687 4 2 1 1 1184 49 84 680
4688 4 2 1 1 1184 84 49 1003
4689 4 2 1 1 1139 335 337 336
4690 4 2 1 1 1139 337 335 1130
4691 4 2 1 1 1124 56 592 1023
4692 4 2 1 1 1124 592 56 55
4693 4 2 1 1 1139 337 338 336
4694 4 2 1 1 1139 338 337 1060
4695 4 2 1 1 1175 854 1036 1171
4696 4 2 1 1 1175 1036 854 457
4697 4 2 1 1 731 1157 902 925
4698 4 2 1 1 902 1157 731 1101
4699 4 2 1 1 511 1207 1043 510
4700 4 2 1 1 1043 1207 511 1012
4701 4 2 1 1 1136 366 273 1014
4702 4 2 1 1 1136 273 366 368
4703 4 2 1 1 1096 792 795 1017
4704 4 2 1 1 1096 795 792 577
4705 4 2 1 1 1141 890 1142 1030
4706 4 2 1 1 1141 1142 890 433
4707 4 2 1 1 1113 209 732 251
4708 4 2 1 1 1113 732 209 1013
4709 4 2 1 1 1149 598 1045 1143
4710 4 2 1 1 1149 1045 598 62
4711 4 2 1 1 229 1093 597 603
4712 4 2 1 1 597 1093 229 1063
4713 4 2 1 1 1173 200 638 1070
4714 4 2 1 1 1173 638 200 233
4715 4 2 1 1 48 1184 681 680
4716 4 2 1 1 681 1184 48 1111
4717 4 2 1 1 1172 662 403 1083
4718 4 2 1 1 1172 403 662 664
4719 4 2 1 1 1123 905 558 1049
4720 4 2 1 1 1123 558 905 108
4721 4 2 1 1 234 1248 655 656
4722 4 2 1 1 655 1248 234 1177
4723 4 2 1 1 1128 29 632 99
4724 4 2 1 1 1128 632 29 1044
4725 4 2 1 1 1208 1250 985 1090
4726 4 2 1 1 985 1250 1208 1044
4727 4 2 1 1 692 1253 247 195
4728 4 2 1 1 247 1253 692 1036
4729 4 2 1 1 1245 1277 1194 1072
4730 4 2 1 1 1194 1277 1245 996
4731 4 2 1 1 1319 44 43 678
4732 4 2 1 1 1319 43 44 1031
4733 4 2 1 1 1178 148 790 1075
4734 4 2 1 1 1178 790 148 276
4735 4 2 1 1 1172 1343 982 1028
4736 4 2 1 1 982 1343 1172 1104
4737 4 2 1 1 1144 545 20 1115
4738 4 2 1 1 1144 20 545 113
4739 4 2 1 1 1273 599 1088 1045
4740 4 2 1 1 1273 1088 599 61
4741 4 2 1 1 1255 892 498 637
4742 4 2 1 1 1255 498 892 1053
4743 4 2 1 1 1171 855 1110 1052
4744 4 2 1 1 1171 1110 855 708
4745 4 2 1 1 468 1022 471 470
4746 4 2 1 1 468 471 1022 1319
4747 4 2 1 1 1320 471 1022 470
4748 4 2 1 1 1320 1022 471 1319
4749 4 2 1 1 1064 1303 979 1006
4750 4 2 1 1 979 1303 1064 1002
4751 4 2 1 1 1337 409 327 870
4752 4 2 1 1 1337 327 409 1131
4753 4 2 1 1 1177 638 1248 234
4754 4 2 1 1 1177 1248 638 1070
4755 4 2 1 1 1255 984 1133 1134
4756 4 2 1 1 1255 1133 984 1053
4757 4 2 1 1 932 108 8 945
4758 4 2 1 1 932 8 108 905
4759 4 2 1 1 1239 1070 997 1221
4760 4 2 1 1 1239 997 1070 1173
4761 4 2 1 1 1221 248 850 711
4762 4 2 1 1 1221 850 248 1148
4763 4 2 1 1 964 1215 1157 977
4764 4 2 1 1 964 1157 1215 1241
4765 4 2 1 1 1187 1308 980 1107
4766 4 2 1 1 980 1308 1187 1034
4767 4 2 1 1 1205 768 448 770
4768 4 2 1 1 1205 448 768 1041
4769 4 2 1 1 1174 843 693 386
4770 4 2 1 1 1174 693 843 1062
4771 4 2 1 1 1237 342 340 1050
4772 4 2 1 1 1237 340 342 684
4773 4 2 1 1 1155 1286 1304 989
4774 4 2 1 1 1304 1286 1155 1040
4775 4 2 1 1 1154 743 769 520
4776 4 2 1 1 1154 769 743 1103
4777 4 2 1 1 1218 768 1205 396
4778 4 2 1 1 1218 1205 768 1041
4779 4 2 1 1 1160 553 134 1066
4780 4 2 1 1 1160 134 553 430
4781 4 2 1 1 1283 1119 990 1137
4782 4 2 1 1 1283 990 1119 1042
4783 4 2 1 1 411 1268 1071 881
4784 4 2 1 1 1071 1268 411 1125
4785 4 2 1 1 1071 1297 411 881
4786 4 2 1 1 411 1297 1071 1125
4787 4 2 1 1 1225 358 633 356
4788 4 2 1 1 1225 633 358 1117
4789 4 2 1 1 1253 247 193 1171
4790 4 2 1 1 1253 193 247 195
4791 4 2 1 1 1294 102 690 1031
4792 4 2 1 1 1294 690 102 689
4793 4 2 1 1 1345 35 668 1015
4794 4 2 1 1 668 35 1345 670
4795 4 2 1 1 668 1312 1345 1015
4796 4 2 1 1 1174 837 843 386
4797 4 2 1 1 1174 843 837 1173
4798 4 2 1 1 1306 917 1213 54
4799 4 2 1 1 1306 1213 917 1124
4800 4 2 1 1 1226 672 1060 1196
4801 4 2 1 1 1226 1060 672 801
4802 4 2 1 1 1335 1242 1118 1029
4803 4 2 1 1 1335 1118 1242 1013
4804 4 2 1 1 1247 230 1194 595
4805 4 2 1 1 1247 1194 230 1055
4806 4 2 1 1 1237 1342 1050 1168
4807 4 2 1 1 1050 1342 1237 1009
4808 4 2 1 1 324 1326 749 383
4809 4 2 1 1 749 1326 324 1222
4810 4 2 1 1 1251 309 1183 567
4811 4 2 1 1 1251 1183 309 1056
4812 4 2 1 1 1218 363 362 1083
4813 4 2 1 1 1218 362 363 364
4814 4 2 1 1 1258 122 38 39
4815 4 2 1 1 1258 38 122 1226
4816 4 2 1 1 1182 1335 1113 1013
4817 4 2 1 1 1113 1335 1182 985
4818 4 2 1 1 1254 788 703 391
4819 4 2 1 1 1254 703 788 1169
4820 4 2 1 1 1290 995 1226 1192
4821 4 2 1 1 1290 1226 995 1074
4822 4 2 1 1 165 1261 164 166
4823 4 2 1 1 164 1261 165 1227
4824 4 2 1 1 1312 847 1275 669
4825 4 2 1 1 1312 1275 847 1027
4826 4 2 1 1 1328 964 1161 975
4827 4 2 1 1 1328 1161 964 1241
4828 4 2 1 1 966 1161 964 975
4829 4 2 1 1 966 964 1161 1241
4830 4 2 1 1 1320 866 474 472
4831 4 2 1 1 1320 474 866 1220
4832 4 2 1 1 1329 826 237 719
4833 4 2 1 1 1329 237 826 1162
4834 4 2 1 1 1238 536 58 534
4835 4 2 1 1 1238 58 536 1129
4836 4 2 1 1 1182 1247 985 1098
4837 4 2 1 1 985 1247 1182 1055
4838 4 2 1 1 1193 1219 965 953
4839 4 2 1 1 965 1219 1193 1004
4840 4 2 1 1 1239 201 200 1221
4841 4 2 1 1 1239 200 201 202
4842 4 2 1 1 312 1297 370 314
4843 4 2 1 1 370 1297 312 1059
4844 4 2 1 1 825 1330 237 723
4845 4 2 1 1 237 1330 825 1162
4846 4 2 1 1 292 1298 293 291
4847 4 2 1 1 293 1298 292 1189
4848 4 2 1 1 1243 993 1202 1123
4849 4 2 1 1 1243 1202 993 1051
4850 4 2 1 1 1313 1191 1178 981
4851 4 2 1 1 1313 1178 1191 1019
4852 4 2 1 1 1151 1321 1138 1014
4853 4 2 1 1 1138 1321 1151 980
4854 4 2 1 1 1187 1321 1095 1030
4855 4 2 1 1 1095 1321 1187 980
4856 4 2 1 1 1313 1230 1298 981
4857 4 2 1 1 1313 1298 1230 1018
4858 4 2 1 1 1241 1215 1328 999
4859 4 2 1 1 1241 1328 1215 964
4860 4 2 1 1 1228 818 744 255
4861 4 2 1 1 1228 744 818 1205
4862 4 2 1 1 714 1206 804 798
4863 4 2 1 1 714 804 1206 1122
4864 4 2 1 1 754 804 1206 798
4865 4 2 1 1 754 1206 804 1122
4866 4 2 1 1 1339 1124 1126 1023
4867 4 2 1 1 1339 1126 1124 978
4868 4 2 1 1 1231 819 1126 500
4869 4 2 1 1 1231 1126 819 1199
4870 4 2 1 1 857 1126 819 500
4871 4 2 1 1 1283 908 543 918
4872 4 2 1 1 1283 543 908 1137
4873 4 2 1 1 1244 1282 1343 1028
4874 4 2 1 1 1343 1282 1244 1057
4875 4 2 1 1 1196 808 671 672
4876 4 2 1 1 1196 671 808 1130
4877 4 2 1 1 1301 587 1215 999
4878 4 2 1 1 1301 1215 587 588
4879 4 2 1 1 1248 837 639 1173
4880 4 2 1 1 1248 639 837 844
4881 4 2 1 1 1219 512 423 515
4882 4 2 1 1 1219 423 512 1004
4883 4 2 1 1 1266 603 228 604
4884 4 2 1 1 1266 228 603 1093
4885 4 2 1 1 1232 1281 1130 1015
4886 4 2 1 1 1130 1281 1232 1047
4887 4 2 1 1 1315 1333 983 1093
4888 4 2 1 1 983 1333 1315 1058
4889 4 2 1 1 983 1170 1315 1093
4890 4 2 1 1 1315 1170 983 1058
4891 4 2 1 1 1291 491 631 428
4892 4 2 1 1 1291 631 491 1186
4893 4 2 1 1 1337 607 409 870
4894 4 2 1 1 1337 409 607 1099
4895 4 2 1 1 1248 1281 1173 1070
4896 4 2 1 1 1173 1281 1248 1047
4897 4 2 1 1 895 933 4 125
4898 4 2 1 1 895 4 933 947
4899 4 2 1 1 1293 253 219 217
4900 4 2 1 1 1293 219 253 1170
4901 4 2 1 1 1293 1278 1153 1063
4902 4 2 1 1 1293 1153 1278 1025
4903 4 2 1 1 1338 23 24 887
4904 4 2 1 1 1338 24 23 1091
4905 4 2 1 1 1290 1274 1169 1074
4906 4 2 1 1 1290 1169 1274 1050
4907 4 2 1 1 988 1169 1274 1074
4908 4 2 1 1 988 1274 1169 1050
4909 4 2 1 1 913 930 11 943
4910 4 2 1 1 913 11 930 105
4911 4 2 1 1 896 1219 546 126
4912 4 2 1 1 546 1219 896 1161
4913 4 2 1 1 1302 544 915 972
4914 4 2 1 1 915 544 1302 1193
4915 4 2 1 1 915 957 1302 972
4916 4 2 1 1 1302 957 915 1193
4917 4 2 1 1 1312 1345 1232 833
4918 4 2 1 1 1232 1345 1312 1015
4919 4 2 1 1 1345 668 833 1312
4920 4 2 1 1 833 668 1345 670
4921 4 2 1 1 1126 819 795 857
4922 4 2 1 1 1126 795 819 1199
$EndElements
