$MeshFormat
2.2 0 8
$EndMeshFormat
$PhysicalNames
1
3 1 "Cylinder"
$EndPhysicalNames
$Nodes
1981
1 0.5 -1.224646799147353e-16 15
2 0.5 -1.224646799147353e-16 0
3 0.4619397662556436 0.1913417161825444 15
4 0.3535533905932744 0.3535533905932731 15
5 0.1913417161825461 0.4619397662556429 15
6 1.695950706916419e-15 0.5 15
7 -0.1913417161825426 0.4619397662556443 15
8 -0.3535533905932717 0.3535533905932758 15
9 -0.4619397662556421 0.1913417161825478 15
10 -0.5 3.613946018757869e-15 15
11 -0.4619397662556449 -0.1913417161825411 15
12 -0.353553390593276 -0.3535533905932715 15
13 -0.1913417161825472 -0.4619397662556424 15
14 -2.312294559186364e-15 -0.5 15
15 0.1913417161825429 -0.4619397662556442 15
16 0.3535533905932731 -0.3535533905932745 15
17 0.4619397662556433 -0.1913417161825452 15
18 0.5 -1.224646799147353e-16 0.2
19 0.5 -1.224646799147353e-16 0.4
20 0.5 -1.224646799147353e-16 0.6
21 0.5 -1.224646799147353e-16 0.8
22 0.5 -1.224646799147353e-16 1
23 0.5 -1.224646799147353e-16 1.2
24 0.5 -1.224646799147353e-16 1.4
25 0.5 -1.224646799147353e-16 1.6
26 0.5 -1.224646799147353e-16 1.8
27 0.5 -1.224646799147353e-16 2
28 0.5 -1.224646799147353e-16 2.2
29 0.5 -1.224646799147353e-16 2.4
30 0.5 -1.224646799147353e-16 2.6
31 0.5 -1.224646799147353e-16 2.8
32 0.5 -1.224646799147353e-16 3
33 0.5 -1.224646799147353e-16 3.2
34 0.5 -1.224646799147353e-16 3.4
35 0.5 -1.224646799147353e-16 3.6
36 0.5 -1.224646799147353e-16 3.8
37 0.5 -1.224646799147353e-16 4
38 0.5 -1.224646799147353e-16 4.2
39 0.5 -1.224646799147353e-16 4.4
40 0.5 -1.224646799147353e-16 4.6
41 0.5 -1.224646799147353e-16 4.8
42 0.5 -1.224646799147353e-16 5
43 0.5 -1.224646799147353e-16 5.2
44 0.5 -1.224646799147353e-16 5.4
45 0.5 -1.224646799147353e-16 5.6
46 0.5 -1.224646799147353e-16 5.8
47 0.5 -1.224646799147353e-16 6
48 0.5 -1.224646799147353e-16 6.2
49 0.5 -1.224646799147353e-16 6.4
50 0.5 -1.224646799147353e-16 6.6
51 0.5 -1.224646799147353e-16 6.8
52 0.5 -1.224646799147353e-16 7
53 0.5 -1.224646799147353e-16 7.2
54 0.5 -1.224646799147353e-16 7.4
55 0.5 -1.224646799147353e-16 7.6
56 0.5 -1.224646799147353e-16 7.8
57 0.5 -1.224646799147353e-16 8
58 0.5 -1.224646799147353e-16 8.199999999999999
59 0.5 -1.224646799147353e-16 8.4
60 0.5 -1.224646799147353e-16 8.6
61 0.5 -1.224646799147353e-16 8.800000000000001
62 0.5 -1.224646799147353e-16 9
63 0.5 -1.224646799147353e-16 9.199999999999999
64 0.5 -1.224646799147353e-16 9.4
65 0.5 -1.224646799147353e-16 9.6
66 0.5 -1.224646799147353e-16 9.800000000000001
67 0.5 -1.224646799147353e-16 10
68 0.5 -1.224646799147353e-16 10.2
69 0.5 -1.224646799147353e-16 10.4
70 0.5 -1.224646799147353e-16 10.6
71 0.5 -1.224646799147353e-16 10.8
72 0.5 -1.224646799147353e-16 11
73 0.5 -1.224646799147353e-16 11.2
74 0.5 -1.224646799147353e-16 11.4
75 0.5 -1.224646799147353e-16 11.6
76 0.5 -1.224646799147353e-16 11.8
77 0.5 -1.224646799147353e-16 12
78 0.5 -1.224646799147353e-16 12.2
79 0.5 -1.224646799147353e-16 12.4
80 0.5 -1.224646799147353e-16 12.6
81 0.5 -1.224646799147353e-16 12.8
82 0.5 -1.224646799147353e-16 13
83 0.5 -1.224646799147353e-16 13.2
84 0.5 -1.224646799147353e-16 13.4
85 0.5 -1.224646799147353e-16 13.6
86 0.5 -1.224646799147353e-16 13.8
87 0.5 -1.224646799147353e-16 14
88 0.5 -1.224646799147353e-16 14.2
89 0.5 -1.224646799147353e-16 14.4
90 0.5 -1.224646799147353e-16 14.6
91 0.5 -1.224646799147353e-16 14.8
92 0.4619397662556436 0.1913417161825444 0
93 0.3535533905932744 0.3535533905932731 0
94 0.1913417161825461 0.4619397662556429 0
95 1.695950706916419e-15 0.5 0
96 -0.1913417161825426 0.4619397662556443 0
97 -0.3535533905932717 0.3535533905932758 0
98 -0.4619397662556421 0.1913417161825478 0
99 -0.5 3.613946018757869e-15 0
100 -0.4619397662556449 -0.1913417161825411 0
101 -0.353553390593276 -0.3535533905932715 0
102 -0.1913417161825472 -0.4619397662556424 0
103 -2.312294559186364e-15 -0.5 0
104 0.1913417161825429 -0.4619397662556442 0
105 0.3535533905932731 -0.3535533905932745 0
106 0.4619397662556433 -0.1913417161825452 0
107 0.4702988025680033 0.1697617044657075 4.5
108 0.4702988025680033 0.1697617044657075 5.5
109 0.4703122061207185 -0.1697245673845209 6.50068989869636
110 0.4702249383451885 0.169966194751379 7.500197168058135
111 0.4702988025680033 0.1697617044657075 8.299999999999997
112 0.4702988025680033 0.1697617044657075 9.1
113 0.4702988025680032 -0.1697617044657078 9.899999999999999
114 0.4702988025680032 -0.1697617044657078 10.7
115 0.4700549725292467 -0.1704356852320814 11.50111898122403
116 0.4678067671960083 -0.1765129699643053 3.306584372594122
117 0.469852214944159 -0.170993848170242 11.90108280515738
118 0.4701985436514745 -0.1700392000334994 2.300700626526661
119 0.4699466146686858 -0.1707342360554607 12.90027453909398
120 0.4644715952805217 0.1851111481720301 13.50692766804655
121 0.4700000000000008 -0.1705872210923176 1.5
122 0.4700196332578692 -0.1705331180508295 13.69977298602181
123 0.4700000000000059 0.1705872210923036 1.3
124 0.4699739556473129 0.1706589611277931 9.699860821568526
125 0.4689558593761899 -0.1734370259106721 7.104822983206531
126 0.47 0.1705872210923198 6.9
127 0.4700000000000001 0.1705872210923196 3.9
128 0.4699739167256646 0.1706590683132251 6.099860956641598
129 0.4665422534507782 -0.1798286010207215 3.903606851617824
130 0.4668445176732753 -0.1790424427849635 9.302432794749002
131 0.4701971793362776 -0.1700429726398842 5.9009553518914
132 0.4700000000000736 0.1705872210921171 1.9
133 0.4632779940012745 0.1880784418112696 12.90789069747404
134 0.4699999999999778 0.170587221092381 2.5
135 0.4650718183494774 0.1835979405579233 12.31049056213574
136 0.4699999999999773 0.1705872210923822 3.1
137 0.4699554211428372 0.1707099942547552 11.70011729585182
138 0.4700000000000385 0.1705872210922138 11.1
139 0.4700000000000734 0.1705872210921177 10.5
140 0.4681274369358134 -0.1756607605241024 8.701611826171522
141 0.4702286804357542 -0.1699558416049574 8.100958889651956
142 0.4699999999999609 -0.1705872210924273 4.5
143 0.470190003158249 -0.170062814659895 5.300925647700763
144 -0.4915614026459389 -0.09147342471317629 0.1522311010499925
145 -0.4860187864045024 0.1174126878233126 14.80965408029674
146 0.4700000000000468 0.1705872210921907 14.1
147 0.4624787443883895 -0.190035288799051 0.9068076579073231
148 -0.2648188428512344 -0.4241119904823881 14.8082099143081
149 -0.2772897167707744 0.4160653950681115 0.1597592226865421
150 -0.0962594096886966 -0.4906466407164974 0.179294938157663
151 -0.07899147581321207 0.4937209199019733 14.81813292627632
152 0.4700921857776278 -0.1703330175591692 14.30049459714076
153 0.4697685695247511 0.1712235120731644 0.7045909192858439
154 0.4700000000000002 -0.1705872210923192 11.1
155 0.4700000000000002 -0.1705872210923192 10.3
156 0.4700000000000003 0.1705872210923191 8.699999999999999
157 0.4699958063684901 0.1705987748960487 5.099889424547101
158 0.465983119177432 -0.1812725369207128 2.902092302068496
159 0.4700000000000001 0.1705872210923195 7.9
160 0.4699971975240656 -0.1705949422448522 13.30035418397734
161 0.4702557700882244 -0.169880872080205 12.50102942746825
162 0.4699999999999607 -0.1705872210924282 1.9
163 0.4699999999999774 0.1705872210923821 3.5
164 0.4699999999999941 -0.1705872210923359 7.699999999999999
165 0.4699999999999784 0.1705872210923793 10.1
166 0.4699999999999777 0.1705872210923814 6.5
167 0.4699999999999941 -0.1705872210923359 4.9
168 0.46887754050664 0.1736486452824904 14.50154354512422
169 0.4634254927194839 -0.187714710925126 0.5054452129387114
170 0.2888593889784555 -0.4081179405502695 14.81220018084198
171 0.277785116509802 0.415734806151272 0.1686797970890055
172 0.2765269575893666 -0.4165727328166939 0.149297531156641
173 0.2859682365966811 0.410148957889429 14.82335262372713
174 0.4722230385152107 -0.164333203873903 14.69652658743964
175 0.4700000000000013 0.1705872210923161 0.3
176 0.4701035626547733 -0.1703016159033428 14.5005182747516
177 0.3842481509393423 -0.31992711435528 14.40070060136644
178 0.3839238924282553 -0.3203161638486847 14.20156972568607
179 0.2528520019710949 -0.4313535268190228 14.30160917882511
180 0.2520888696217414 -0.4317999557814158 14.10308105872073
181 0.09164175720049546 -0.4915300482546366 14.20295382747102
182 0.09078174483533419 -0.4916896122602676 14.00471012703618
183 -0.0804197397802502 -0.4934902891179084 14.10459647663545
184 -0.0812277745478463 -0.4933579315689617 13.90635823725785
185 -0.2427832151728322 -0.4370998861019552 14.00631518006065
186 -0.2435452220804801 -0.4366757662176476 13.80795961005342
187 -0.3765775315712738 -0.3289215145223648 13.90773385843207
188 -0.377164596860446 -0.3282481787841286 13.70943245759486
189 -0.3760444228550935 -0.3295308665961046 14.10580190505871
190 -0.4653869288963285 -0.1827977199322893 14.0074946875705
191 -0.2441216793891577 -0.436353762046596 13.60952601404755
192 -0.3777229890233219 -0.3276054693732806 13.51088404295109
193 -0.2446523678711764 -0.4360564400338866 13.41092689920928
194 -0.3782805409416766 -0.326961515082238 13.31211927438668
195 -0.466056742885488 -0.1810831643498922 13.61109768224766
196 -0.2453409477091248 -0.4356693922886808 13.21200511551426
197 -0.3788276891466009 -0.3263274152378962 13.11312547632679
198 -0.2460039468245936 -0.4352953688551287 13.01287115952756
199 -0.3793634586862231 -0.3257044154039462 12.91396764100387
200 -0.4668431025193417 -0.1790461326868454 13.21342532004461
201 -0.2466199208783578 -0.4349466802102903 12.81367791857009
202 -0.379894686086662 -0.3250846466431728 12.71466319622018
203 -0.247330204168693 -0.4345431740412828 12.6143663212533
204 -0.3804058435545297 -0.3244863543965549 12.5152328472469
205 -0.248041707207082 -0.4341374338683503 12.41497323742338
206 -0.3809462745219515 -0.3238517190441421 12.31571142970446
207 -0.4674983923503783 -0.1773280946432678 12.81475438751276
208 -0.4682733349872064 -0.1752714572882865 12.41617468224885
209 -0.4685621383756912 -0.1744979154053125 12.21658383013133
210 -0.3814027647199839 -0.3233139821658702 12.11609294837456
211 -0.4688487688445456 -0.1737263133579766 12.01690999694916
212 -0.3818709357865193 -0.3227608842495138 11.91635392686408
213 -0.4691267138602912 -0.1729743516901985 11.8171292393546
214 -0.3823565289355898 -0.3221854819515111 11.71658172119599
215 -0.4693943258883773 -0.1722468194881864 11.61733376791668
216 -0.3828248597341214 -0.321628864950816 11.51680065258125
217 -0.4696672200245176 -0.1715013190457771 11.41750463305953
218 -0.383308431331503 -0.3210524045544316 11.31698236053005
219 -0.4699293384627125 -0.1707817813819655 11.21764645965227
220 -0.3837894751215737 -0.320477204783596 11.1170530400969
221 -0.4701929598878338 -0.1700546396659552 11.01780518181802
222 -0.3842845291606043 -0.3198834172754391 10.9171455277748
223 -0.4704617255174402 -0.1693096713810311 10.81790350368778
224 -0.3847638565945971 -0.3193067093852748 10.71721665138988
225 -0.4707190535571973 -0.1685929198341866 10.61796721888657
226 -0.385257137264861 -0.3187113712851866 10.51727585117027
227 -0.4709835904219029 -0.1678524874802077 10.41802096839743
228 -0.3857356990333874 -0.3181320016773289 10.31731763505201
229 -0.4712374828878496 -0.1671383699858403 10.21805705320675
230 -0.3862285284182424 -0.3175335003363881 10.11735484023267
231 -0.4714989391300208 -0.1663993701889072 10.01809139193069
232 -0.3867064219807533 -0.3169513262298228 9.917380291171312
233 -0.4717555270269588 -0.1656705245948003 9.818052963478562
234 -0.3871977891250624 -0.3163508686516661 9.717395310472224
235 -0.4720055269844616 -0.1649569110286704 9.618059492654332
236 -0.3876721859773742 -0.3157693402145373 9.517406168617523
237 -0.4722620900818538 -0.1642209434619074 9.418068383066482
238 -0.3881636842107508 -0.3151649635666003 9.317420758186772
239 -0.4725102661116508 -0.1635054996600937 9.21808245288212
240 -0.388637481013882 -0.3145805276096798 9.117429411198659
241 -0.4727645044713949 -0.1627689261250944 9.01808980395497
242 -0.3891277639036658 -0.3139738577641982 8.917440658893799
243 -0.4730103787054312 -0.1620530210670093 8.818100722021484
244 -0.3896001874441931 -0.3133874502009448 8.717446015697965
245 -0.4732622471448814 -0.1613159800744402 8.618105007327275
246 -0.3900888445914523 -0.3127789847884698 8.517454455940555
247 -0.4735058479939147 -0.1605995389643561 8.418113340581092
248 -0.390568795367211 -0.3121794613446017 8.317517920984724
249 -0.473755138350108 -0.1598626563237019 8.218124979359118
250 -0.3910389071662785 -0.3115903931160309 8.117539757011389
251 -0.4739953021079744 -0.1591491551330704 8.018135899197286
252 -0.3915229793867655 -0.3109819232883326 7.917546183897928
253 -0.4742430180191856 -0.1584094689722001 7.818138847550282
254 -0.3919927144546501 -0.31038961292942 7.717552584401836
255 -0.4744813915012034 -0.1576940364093764 7.618144875505318
256 -0.392475300730692 -0.3097791766990688 7.517554112343601
257 -0.4747269840015504 -0.1569531479798724 7.418145502071315
258 -0.3929433340785763 -0.3091852781152628 7.317558616735542
259 -0.4749632026111648 -0.156236859176526 7.218150362644834
260 -0.393424106323382 -0.3085732855638158 7.11755922786003
261 -0.4752065236773322 -0.1554952084615635 7.018150312134618
262 -0.3938903448952856 -0.3079779151144981 6.917563185953674
263 -0.4754405379212036 -0.1547782119718295 6.818154726642121
264 -0.3943692604290455 -0.3073644195879667 6.717563422602029
265 -0.4756815735889761 -0.1540358417639075 6.618154355766927
266 -0.3948336869836971 -0.3067675987174329 6.517567102200807
267 -0.4759133800228184 -0.1533181486819367 6.418158530313683
268 -0.3953107347774806 -0.3061526138540848 6.317567123796725
269 -0.4761639637462692 -0.1525381251669287 6.218163279545567
270 -0.3957760437122094 -0.3055508521073233 6.11757094394967
271 -0.4763965419446508 -0.1518101934099902 6.018159499537139
272 -0.3962523222054474 -0.304932938769806 5.917569583319386
273 -0.47663446460469 -0.1510615343196292 5.818166448001889
274 -0.3967138680989146 -0.3043322310534935 5.717573815307636
275 -0.4768622714751881 -0.1503408595276881 5.6181624120185
276 -0.3971872408152758 -0.3037141678182763 5.517572573157453
277 -0.4770825272842436 -0.1496404429293062 5.418197548799479
278 -0.3976439982954875 -0.3031159029473353 5.317581829835109
279 -0.4773198197151103 -0.1488817977696892 5.218172110733019
280 -0.3981168434476301 -0.3024945932794422 5.117577916062938
281 -0.4775562195005466 -0.1481217648299728 5.018175923418267
282 -0.3985753954593906 -0.3018901358679849 4.917580868015799
283 -0.4777803625286424 -0.1473971681613966 4.818168246432844
284 -0.3990452303784259 -0.301268823664562 4.717578701946981
285 -0.4779964284761948 -0.1466949704795701 4.618196604849086
286 -0.3994982600219962 -0.300667823751391 4.51758671709207
287 -0.4782260854508546 -0.1459445483543387 4.418176444555467
288 -0.3999667737677711 -0.3000442965326963 4.317583627113331
289 -0.4784414003729807 -0.1452371385326121 4.218174855785307
290 -0.4004177257806256 -0.2994422229423762 4.117586994313777
291 -0.4786569244165174 -0.1445252528388045 4.018178787371836
292 -0.4008735728296028 -0.2988316894287303 3.917527015933179
293 -0.4788807536463303 -0.1437818618154694 3.818171468582658
294 -0.4013431250999406 -0.2982007644775805 3.717520068817981
295 -0.4790966863737895 -0.143060704267995 3.6181817710263
296 -0.4017979128686917 -0.2975876966784132 3.517532303714254
297 -0.4793126639193019 -0.1423354144497507 3.418266368003666
298 -0.4022713667027687 -0.2969473817548937 3.317583014775152
299 -0.4795319930190142 -0.1415947303793898 3.218340001622292
300 -0.402732475624085 -0.2963217053772738 3.117657203249369
301 -0.4797617160423979 -0.1408144020335048 3.018384464623506
302 -0.4032105089850264 -0.2956709073345499 2.917763960123211
303 -0.4799743652318768 -0.1400878607169691 2.818493370055512
304 -0.4036765802462813 -0.2950342667567068 2.717972098504487
305 -0.4801695723157361 -0.1394172938416287 2.618692127740998
306 -0.4041287260936761 -0.2944146272621361 2.518184507773272
307 -0.480382178061095 -0.1386829585827994 2.418892318054415
308 -0.4045998055739257 -0.2937669098614436 2.318419528642222
309 -0.4805825854963447 -0.1379868780632727 2.219170602785034
310 -0.4050714405325027 -0.2931162364402953 2.118727469196465
311 -0.480767674239434 -0.1373406109146364 2.019548289904235
312 -0.4055594015922703 -0.2924407149836007 1.919158389693426
313 -0.4809370966837556 -0.1367461481483115 1.820131011443138
314 -0.4060546915405159 -0.2917526134894706 1.719961349707069
315 -0.4810981576268797 -0.136178422402457 1.621011453775327
316 -0.4066513782289334 -0.2909203612408539 1.520930836626748
317 -0.4812534003029599 -0.1356287753275058 1.422209529760313
318 -0.407058768389766 -0.2903500629877783 1.322191218834549
319 -0.4813930595256278 -0.1351322398266059 1.223794440257939
320 -0.4075684790865548 -0.2896341396573832 1.124063755723032
321 -0.4815566102109273 -0.1345482484544524 1.025847483209781
322 -0.498781932495068 0.03487956158677249 1.522071793607808
323 -0.4987926390383553 0.03472611756521274 1.920010753505917
324 -0.4988659180827849 0.03365703158955328 2.319581095210996
325 -0.498730723347812 0.03560429172119869 1.12532257821923
326 -0.4986942748445896 0.03611122037855954 0.927644123093897
327 -0.4574267024725439 0.2018930703741335 1.026933965544475
328 -0.4989465520060292 0.03243976327433304 2.719083862968029
329 -0.4990535726256997 0.03074949836217615 3.118620466366768
330 -0.4991798436068961 0.02862662635719985 3.518592798926373
331 -0.4992553268835437 0.02727853695501199 3.918498306535747
332 -0.4993043928096156 0.0263651914656622 4.318748324931634
333 -0.4993735940270244 0.02502026355841763 4.718711158809731
334 -0.4994481184165986 0.02348567670132709 5.11871999177195
335 -0.4995197235869969 0.02190994631600373 5.51872965088786
336 -0.4995856531429023 0.02035129415491129 5.918724789825978
337 -0.4996667600828165 0.01825181822014328 6.318436886976433
338 -0.49973526513325 0.0162685212050875 6.718376495035653
339 -0.4997834771323738 0.0147131229001202 7.118372296111827
340 -0.4998268511434586 0.01315746464995759 7.518367357986961
341 -0.4998653835202723 0.0116016532499063 7.918360889639882
342 -0.4998990637670247 0.01004619554120803 8.318350095107387
343 -0.4999279367973383 0.008488698931901826 8.718337907684498
344 -0.499951965891726 0.006930497889649072 9.118322378557252
345 -0.4999623157374348 0.006138635227924086 9.518729683416097
346 -0.49997896503894 0.004586340435509564 9.91872778620858
347 -0.4999893237398519 0.003267437247371008 10.31866692108984
348 -0.4999970999752678 0.001702943428925814 10.71857105929457
349 -0.4999999853492716 -0.000121040192465724 11.1184084342674
350 -0.4999977529331232 -0.001499020289220822 11.5181500557364
351 -0.4999859837561285 -0.003743801198841024 11.9179973548278
352 -0.248909734670924 -0.4336403394358627 12.01563724566175
353 -0.250112515138991 -0.4329477217526938 11.61610312146354
354 -0.2511789671258615 -0.432329881541382 11.21639861270282
355 -0.2524533060990503 -0.4315869880333039 10.81657667754811
356 -0.2538640114463171 -0.4307587070418707 10.416648710503
357 -0.2551690461675946 -0.4299869275663156 10.01671568844627
358 -0.2564771739919012 -0.4292079440331085 9.61675822062049
359 -0.2577868949980389 -0.428422591336253 9.216785516964659
360 -0.2590966926689087 -0.4276317385882777 8.816803476621125
361 -0.2604062826307149 -0.4268355280039986 8.416850486765068
362 -0.261593296647626 -0.4261090789328797 8.016860789159685
363 -0.2635030029375866 -0.4249307795898931 7.616947748600534
364 -0.2648051674023613 -0.4241205292331502 7.216952848574124
365 -0.2661050124532063 -0.4233061803792604 6.816957069958413
366 -0.2674024670204874 -0.4224877757182534 6.416960787986227
367 -0.2686985047814178 -0.4216646932436132 6.01696412902057
368 -0.2699914425653634 -0.4208379984524616 5.616967242528084
369 -0.2712811252710444 -0.4200077988224456 5.216971499304475
370 -0.2725692791645721 -0.4191729810659384 4.816973643673108
371 -0.2734532139479957 -0.4185968702481084 4.416907170436851
372 -0.2751423055343857 -0.4174885767362058 4.016860933822544
373 -0.2764407941399892 -0.4166299165149475 3.616768335688375
374 -0.2777691017691578 -0.4157455064127035 3.216854887161225
375 -0.278669466996031 -0.4151425395742383 2.817197168324685
376 -0.2800267710041037 -0.4142282070562255 2.417619541755347
377 -0.2817418892469568 -0.4130635639263714 2.018385092784356
378 -0.2838658032917969 -0.4116068582051359 1.619530408858051
379 -0.2855313360829649 -0.4104532325547905 1.222503825106192
380 -0.2860673254485481 -0.410079852358921 1.024235213172873
381 -0.4999758546000576 -0.004913737573587149 12.31708783394225
382 -0.4814525081993483 -0.1349202814574461 0.8276824049745078
383 -0.4569712336557456 0.2029218854908113 0.8289309752270572
384 -0.3621259160724307 0.3447677782344267 0.9281510501891065
385 -0.3626416565227024 0.3442252590302901 1.126338253026634
386 -0.2248348232477863 0.446597472289238 1.02776088249776
387 -0.225331161170893 0.4463472502495978 1.225853526599656
388 -0.2243833697081882 0.4468244659800966 0.8296532913428939
389 -0.4651034758104829 -0.1835177288138876 14.2052462912714
390 -0.4997605541661262 -0.01547218470567076 14.10712551009189
391 -0.1302714608190804 -0.4827311327188902 1.122735619408222
392 -0.1309782284452169 -0.4825398467208201 0.9245410442099674
393 -0.06051644267701968 0.4963242490204554 0.9291471786409279
394 -0.06035861657533133 0.4963434671727957 0.7312405285684128
395 -0.08221380465639222 -0.4931945765353879 13.50838152756805
396 -0.08346747997879155 -0.4929839548971042 13.1089676466723
397 -0.08401755676041824 -0.4928905052402713 12.71341506531456
398 -0.07934120249859616 -0.4936648393253025 14.30271341203098
399 -0.4997858428149877 -0.01463254324143338 14.30183915503931
400 -0.4758526108433587 0.1535066537761768 14.2066833139282
401 -0.4755517207455301 0.1544362680718662 14.00899387470144
402 -0.3953958431353105 0.3060426885768013 14.10942227291757
403 -0.3950558282409988 0.3064814718263054 13.91078111544876
404 -0.2685329544387541 0.4217701416416221 14.01084159209116
405 -0.2677762316316906 0.4222509795999663 13.81226490611929
406 -0.2691963950550411 0.4213470076900633 14.20948780051049
407 -0.1093529700078798 0.4878954067732712 13.91257825041119
408 -0.1084598682025144 0.4880947213292653 13.71368650306188
409 -0.2671119511606878 0.4226715102146469 13.61357829746211
410 -0.1075604644825259 0.4882937092368724 13.51474878186675
411 -0.2665456952412106 0.4230288315805197 13.41459972315305
412 -0.1066005991405956 0.4885041578767432 13.31594940280879
413 -0.2658699666579452 0.4234538473426628 13.21549915857151
414 -0.1056659433680962 0.4887071806431028 13.11671888310822
415 -0.2651445654767035 0.4239084327990776 13.01629360889664
416 -0.1047210520500305 0.4889105247972627 12.91737501377362
417 -0.2644385071296482 0.4243492381836487 12.81687047664813
418 -0.1037797554554037 0.4891111963118577 12.71787903549376
419 0.06288897035878317 0.4960292102358611 13.8138641520672
420 0.06671356276698862 0.4955293135052003 13.21688603017539
421 -0.263292797965886 0.4250610574250424 12.61740376229818
422 -0.1028591195148991 0.489305632026262 12.51824746828524
423 0.06947677320358603 0.4951494501513836 12.61887764540744
424 0.06191251086893074 0.4961520341567739 14.01282230991106
425 0.07036011252969845 0.4950247009643137 12.41921669334721
426 -0.102046097952878 0.4894758358617835 12.31853759205879
427 0.07125688726831175 0.4948964093796106 12.21947682063851
428 -0.1012692373361495 0.4896371529708041 12.11877418615265
429 0.07213317840935386 0.4947694458761215 12.01966293349384
430 -0.1004349164024446 0.4898089704846513 11.91894869401855
431 0.07299377901262016 0.4946432130591268 11.81983043958807
432 -0.09956985043529935 0.4899855557914867 11.71914946744838
433 0.07387777929699271 0.4945119550892019 11.61996892344935
434 -0.09873605589307448 0.4901542525233048 11.51927794347531
435 0.07475507319025985 0.4943800957080684 11.42003793961099
436 -0.0978826019797376 0.490325398311852 11.31936048838564
437 0.07560173137674102 0.4942513310177719 11.22013490648846
438 -0.09705187423180776 0.4904905031782913 11.11943202611345
439 0.07647382223863632 0.4941171465474695 11.02020213304389
440 -0.09619494938450576 0.4906592827134858 10.91948363227282
441 0.07734434057957129 0.4939816322296926 10.82021663655702
442 -0.09536062291680346 0.4908221180803889 10.7195215748853
443 0.04035877015133998 -0.4983685079054166 1.022779007226103
444 0.03929632912783662 -0.4984534065658261 0.8246617447475983
445 -0.1317023146771509 -0.4823427207999316 0.7266559040521765
446 0.04124563022139967 -0.4982958940104159 1.221295024609678
447 0.044651758830074 -0.4980022293457941 0.6397615235519951
448 0.07818339416376059 0.4938495285783252 10.6202734149385
449 -0.09450354388071983 0.4909878615546263 10.51955324473682
450 0.07905337477803588 0.4937110125733509 10.42030947962025
451 -0.09366615953492896 0.4911482979284131 10.31958151786187
452 0.0798982422901168 0.4935749901270827 10.22029817491973
453 -0.092808072713368 0.4913111657994658 10.11959402131403
454 0.08075274504786363 0.4934359068483309 10.02031101350568
455 -0.09197149253027505 0.4914684573416218 9.919609687948041
456 -0.4628915239824163 -0.189027609161297 14.39165576496625
457 0.08149936098597148 0.4933131400630621 9.82030533848882
458 -0.09112254474812548 0.4916265674662282 9.719617810500234
459 0.08224972289240681 0.4931885877472453 9.620320682960539
460 -0.09027849659228068 0.4917822618324471 9.519589357038322
461 0.08311144487385466 0.4930441032311209 9.420350852674671
462 -0.08942775781387634 0.4919376750487633 9.31959746061624
463 0.08388311481760612 0.4929134031942085 9.220310173257396
464 -0.08857665113192753 0.4920916346314503 9.119604182304993
465 0.08471695770900319 0.4927707753880408 9.020368076248175
466 -0.08772518425170285 0.4922441386629248 8.919609807305836
467 0.08545903887688913 0.4926426216581736 8.820308234239533
468 -0.08687336866072694 0.4923951846002735 8.719614603234326
469 0.08628527086032745 0.4924985807416707 8.620387225141956
470 -0.08602124081948721 0.4925447656080367 8.519618736959314
471 0.08704425250710096 0.4923650049561606 8.420306731948568
472 -0.08522744728392655 0.4926827399346008 8.319652591600024
473 0.08786640983042202 0.4922189492730977 8.220406510550918
474 -0.08431607466459744 0.4928395271821793 8.119625613558219
475 0.0886131967837885 0.4920850550014271 8.020301384446412
476 -0.08353693082468755 0.4929721910903204 7.919658830835267
477 0.08943030338246113 0.4919372122912852 7.820422208746301
478 -0.08260978385804586 0.4931284047901996 7.719631262193841
479 0.0902784333922832 0.4917822734343269 7.62030773984159
480 -0.08183423218003277 0.4932576998319484 7.519664750463389
481 0.09135287828985383 0.4915838195345318 7.420361920294572
482 -0.08090243349998216 0.4934113864249395 7.319636173591237
483 0.09193509335578329 0.4914752675462555 7.220452558549482
484 -0.0800483791145371 0.4935506630540935 7.119638458829434
485 0.09258335209784174 0.4913535620246657 7.020287673144619
486 -0.07928540507504302 0.4936738037835169 6.919668142854521
487 0.09337414308956712 0.4912038979917495 6.820456950348392
488 -0.07846731166395605 0.4938044967395817 6.719705873674991
489 0.09411714517868355 0.4910620765070488 6.620285905798527
490 -0.07762486394879886 0.4939376281444151 6.519688226002471
491 0.09494026330536247 0.4909036019459507 6.42047217841489
492 -0.07678330871008027 0.4940691485040657 6.319717127331328
493 0.09567246010785256 0.4907614291862303 6.220276867417398
494 -0.07593702859078788 0.4941999268401421 6.119693803394003
495 0.09781162173412991 0.4903395626030389 6.020387939715475
496 -0.07495300257267308 0.4943501263328865 5.919691673126435
497 0.09761528590885805 0.4903786862792182 5.820529156844997
498 -0.0740632910986096 0.4944842049162366 5.719652760959276
499 0.09925625628476731 0.4900491767040657 5.620388808369707
500 -0.07320735802508857 0.4946116483979997 5.519654697990537
501 0.1002772939150169 0.4898412644164243 5.420364072278357
502 -0.07234162100413472 0.4947390118744368 5.319681190917807
503 0.0999554659515542 0.4899070369227285 5.220224965768818
504 -0.07163173956684425 0.4948422919341351 5.119685848494352
505 0.1020511798756724 0.4894747763531673 5.020397675818624
506 -0.07063821344350106 0.4949850935144516 4.919660552889643
507 0.1016212444351118 0.4895642171150372 4.820566984777979
508 -0.06978135501405773 0.4951066172981352 4.719662627368903
509 0.1021787045671874 0.4894481712428512 4.620261887528828
510 -0.06908247803861102 0.4952046155156925 4.519692903546336
511 0.1038054340236895 0.4891057471213699 4.420387811428641
512 -0.06818672225753401 0.4953287503343349 4.319712678630716
513 0.1038648663650281 0.4890931297155736 4.220586531115209
514 -0.06739743597380063 0.4954367624875625 4.119700172712694
515 0.1058833744202695 0.4886601180998681 4.020416638424189
516 -0.06641741340495044 0.4955690942710168 3.919661821981909
517 0.1070056036140051 0.4884156025304704 3.820388408925337
518 -0.06549039311019615 0.4956924534530175 3.719684602597907
519 0.1079205661842672 0.4882142474308458 3.62045427290877
520 -0.06465934451959686 0.4958015421177067 3.519673633090145
521 0.1087926274723616 0.4880206596115168 3.420487083302446
522 -0.06376391200584673 0.4959174966924545 3.319695240487549
523 0.1079653239484123 0.4882043515012073 3.220252759962281
524 -0.0630672564806266 0.4960065737064448 3.119719546484579
525 0.1104914461725122 0.4876388420980294 3.020532003409205
526 -0.06202791577548207 0.4961376196828353 2.919821830950052
527 0.1095851941982162 0.487843299854102 2.820845475403413
528 -0.06115417455410847 0.4962460749815616 2.719903677794225
529 0.1099365774804797 0.4877642349864107 2.620495154126262
530 -0.0605135024279528 0.4963246075139758 2.519994601009674
531 0.112994100460195 0.4870650195417357 2.420836979336442
532 -0.05940595226824347 0.4964583898325248 2.320155593112383
533 0.1119383122077955 0.4873087463406235 2.221301787351992
534 -0.05864709337602932 0.4965486063202104 2.120432520607484
535 0.1141450445382981 0.4867965784671765 2.021389067461652
536 -0.0575652583493481 0.4966751866473428 1.920728807826193
537 0.11528851986919 0.4865270364392624 1.821782320728102
538 -0.05659814974942605 0.4967863217168338 1.721257263366305
539 0.1162151163881837 0.4863065357599884 1.622330571412255
540 -0.2238839250210969 0.4470749245005225 0.6320678661746872
541 -0.06029442050852911 0.4963512696221706 0.5337682743308315
542 -0.2225577149261288 0.4477366006111852 1.820156825306416
543 -0.2244029329816838 0.4468146412878812 2.219417836229022
544 0.1107863160596821 0.4875719353838203 0.8303961912941603
545 0.1105563209087103 0.4876241379455392 1.028355868636314
546 -0.2261865570184343 0.4459143879985782 2.619203678937857
547 -0.3944644730648792 0.307242216320686 13.51340339133324
548 -0.2275190557907943 0.4452359815334621 3.019341349464227
549 -0.2295294020508868 0.444202941901742 3.418850187612572
550 -0.4751822537866507 0.1555693597281901 14.40386068503693
551 -0.2311106093122268 0.4433823251589211 3.818912618403909
552 -0.2322850776355696 0.4427681590943927 4.218834898444407
553 -0.2335940983741402 0.4420789490631425 4.619322070443554
554 -0.2351012250938037 0.4412792924661122 5.019333562721272
555 -0.3937885853041377 0.3081080169099237 13.11515624402898
556 -0.2365987437020651 0.4404781884254935 5.419327138764928
557 -0.2381070060742613 0.4396647059502863 5.819322856277884
558 -0.2398450611143593 0.4387189837003287 6.219421495524992
559 -0.2416962334532749 0.4377018742643217 6.618985460877242
560 -0.2431943872897491 0.4368712510463049 7.018967909893819
561 -0.2447016309305304 0.4360287970076501 7.418966116398663
562 -0.3918243546532078 0.3106021170252985 12.71638519260873
563 -0.2462087408515171 0.4351795674526901 7.818960862498042
564 -0.2477115733852699 0.4343258873369097 8.218954699284408
565 -0.2492079143634831 0.4334690478207214 8.618941854596365
566 -0.2507051761426559 0.432604801932757 9.018932075637109
567 -0.2521984574355816 0.4317359587376446 9.418918396523482
568 -0.2622114553010246 0.4257289662554321 12.21805318264998
569 -0.2536857081637726 0.4308637388704754 9.818910842929279
570 -0.2551664333646489 0.4299884780828019 10.21888191649939
571 -0.2610471959527003 0.4264438550210713 11.81831846573403
572 -0.2566402659304189 0.4291104448777306 10.61883251119249
573 -0.2595465822034326 0.427358832442383 11.41861827892491
574 -0.2581021703946764 0.4282327283587249 11.01875224226002
575 0.2072227826534171 -0.4550370516225846 1.121138975224031
576 0.2344093368216436 0.4416472153323705 12.51989704314382
577 0.2383423530199585 0.4395371688002159 11.91753465180473
578 0.2392766631741569 0.4390292455637108 11.32081338591137
579 0.2118632714543821 -0.4528950807953723 1.319577643707549
580 0.208893505750585 -0.4542724988982167 0.7262827010501812
581 0.2415965342734683 0.4377569127118941 10.72096102692663
582 0.2469129726891634 0.4347803858476144 9.321074284303375
583 -0.4753116721287274 0.1551734975380563 13.81082595334994
584 0.09029503392006617 -0.4917792257196049 13.80567140817397
585 0.2520808328263942 0.4318046476377386 7.11423138152139
586 -0.2217538999351125 0.4481352562157636 1.620886223711182
587 0.2678876022829388 0.4221803317814533 0.9294347658200195
588 0.2291209251503138 0.4444137730294419 13.91400754877995
589 0.2284598664503062 0.4447539650430429 13.71507476824315
590 0.2582973991878772 0.4281150004061741 5.71396872472636
591 0.2576416657579278 0.4285099439516897 4.713812807162741
592 0.2628292863809939 0.4253478179331093 4.113996368823017
593 0.2618007424976626 0.4259816559755509 2.713402239916863
594 0.233599266003 0.4420762184543064 12.71961366236916
595 0.2682611175053985 0.4219430919386579 2.114185107796898
596 -0.362002866095121 0.3448969772829532 1.720511522867187
597 -0.3618973249479582 0.3450077190375774 1.919673718888756
598 -0.3630070859508837 0.3438398690516383 1.3241166698521
599 0.22857164502692 0.4446965292080518 14.11331081753588
600 0.2431258490736902 0.4369093973722667 10.32101311451638
601 -0.1175331202468102 -0.4859896764799113 0.5105711982766993
602 -0.2847133361721017 -0.4110210654038936 0.6259677246389376
603 -0.2872177787045949 -0.4092749046741058 0.4313691234023497
604 -0.4076021820571487 -0.2895867075372263 0.5301523040969099
605 0.2446455580700693 0.4360602606482095 9.921045413025336
606 0.04241539011606314 -0.4981976863467977 1.419725840283322
607 0.2135647567113855 -0.4520952274585596 1.51915368127521
608 0.2481414789005126 0.4340804147264266 8.914456940972205
609 0.2490572659782489 0.4335556230328927 8.51418271711132
610 -0.4999653096568233 -0.005889748700645921 12.51637269478278
611 -0.4719852653232097 0.1650148760499469 12.41733155101209
612 0.2498680547068326 0.43308885374369 8.114401935031843
613 0.2509966956631875 0.4324357279020331 7.714189907436749
614 0.2528573878724812 0.4313503696512912 6.714216002175755
615 0.2537042716060219 0.4308528084727519 6.314151869057265
616 0.2065222071424894 -0.4553554413389552 0.5376307065026343
617 0.2581918660089308 0.428178654683797 5.314320682714123
618 0.2669027868826221 0.4228036215009157 3.71433024777207
619 0.2636507360821975 0.4248391335121042 3.314051454067273
620 0.3535234088737883 -0.3535833697704918 1.217987591064244
621 0.2726975016739477 0.4190895758436223 1.722006000863641
622 0.2726684131814967 0.4191085020052499 1.523343833101499
623 0.1162034093917232 0.4863093332907971 1.423284510479542
624 0.268831724003974 0.4215797720112425 1.126904150706925
625 0.06126337715414687 0.4962326053572747 14.21161320813063
626 0.2249135799968992 0.4465578143230486 14.3117475065089
627 0.06012560626557868 0.4963717472532019 14.40985386441917
628 0.04338754520254347 -0.4981139637887069 1.618686972702624
629 0.2144663693445486 -0.4516682149766216 1.717685509312887
630 0.04462072426741752 -0.4980050109846799 1.817939010498654
631 0.2152780491554173 -0.4512819091785507 1.917555176546828
632 0.04549156372916312 -0.4979262170537674 2.01741654436414
633 0.217021688466123 -0.4504459864793037 2.114770057963125
634 0.04601550051951381 -0.4978780711298085 2.21675256840575
635 0.2226290348151336 -0.447701142345295 2.312051844514874
636 0.04790041565081136 -0.497700261382772 2.415985718533446
637 0.2126740779977901 -0.4525149020173699 2.515713507719239
638 0.04713621443538139 -0.4977732187338947 2.616108877786311
639 0.2153427399014311 -0.4512510436239949 2.715143756749842
640 0.3619037285003622 -0.3450010018790324 2.612036857117675
641 0.04725934031194584 -0.4977615440683216 2.815917242862171
642 0.2164802345831749 -0.4507064543966656 2.915294325333325
643 0.0484721729656955 -0.4976449019612114 3.015752229316909
644 0.2186513208140752 -0.4496572026624953 3.116645117594256
645 0.2495476507668519 -0.4332735510006875 14.49215247065015
646 0.0495884664919287 -0.4975349073090037 3.215870929580654
647 0.2226373957899532 -0.4476969845731237 3.318344437716777
648 0.05077970305155821 -0.4974147381793141 3.416215566552538
649 0.2212993649901593 -0.4483598901049828 3.517378127272016
650 0.05142738084081513 -0.4973481924163933 3.616061705126205
651 0.2211841200542382 -0.4484167537412405 3.715247563821741
652 0.05215018066767705 -0.4972729217002758 3.815729806237797
653 0.2216513706711811 -0.4481859768885977 3.915283484482305
654 0.3661183849895017 -0.3405250771568505 3.61363900709195
655 0.05287400199018157 -0.4971964801902184 4.015604051029982
656 0.2194432930857854 -0.4492712333542691 4.114919157678858
657 0.05265461640685787 -0.4972197616457402 4.215457314253086
658 0.2219940719038416 -0.4480163301036604 4.314541272457824
659 0.3627926567911239 -0.3440661101858737 4.212657277433736
660 0.05388927138489445 -0.4970874635610973 4.415428072803578
661 0.223150907463717 -0.4474412503313922 4.515030867139346
662 0.05480065341773523 -0.4969878151272819 4.615501232242482
663 0.2238485785299147 -0.4470926233904297 4.714591278208265
664 0.05538498620044084 -0.4969230355936188 4.815495113042891
665 0.2245019264733201 -0.4467649102265843 4.91504359175658
666 0.05648788629604967 -0.4967988714779901 5.015556757762131
667 0.2260300785294478 -0.4459937259648074 5.113247191320118
668 0.05651741158725354 -0.49679551345345 5.215382210918945
669 0.2301354693014832 -0.4438892494411034 5.31117618792257
670 0.05805573010374231 -0.4966180949201524 5.41511121600911
671 0.2231545889227897 -0.4474394142704694 5.514746798738901
672 0.0578339655570719 -0.4966439694871402 5.615402711621471
673 0.2269596684811073 -0.4455213899275161 5.713189939470133
674 0.05855814585678561 -0.4965591037870672 5.815357097832599
675 0.2314286607818591 -0.4432163974501792 5.911167756890285
676 0.0598669509045584 -0.4964030098512611 6.015201776110729
677 0.2252071774830207 -0.4464098197958141 6.114742181204686
678 0.06063086775142814 -0.4963102838705932 6.215386228019733
679 0.2289755780347197 -0.4444886777676862 6.313131809340099
680 0.06053231634195996 -0.4963223132988047 6.415392715109132
681 0.23316461751001 -0.4423056196131932 6.510993489491035
682 0.06211016539597424 -0.4961273297798507 6.615166008394102
683 0.2272549972358492 -0.4453708187918627 6.714737403369736
684 0.06246964873149204 -0.4960821937818006 6.815402170501685
685 0.2295403329615466 -0.4441972934900688 6.914463006394026
686 0.06377166463235201 -0.4959164998162683 7.015410400277018
687 0.2339152099278616 -0.4419091247806549 7.114318474588284
688 0.06508538425714525 -0.495745794491592 7.215482101721155
689 0.2339670178840055 -0.4418816974513263 7.314917557446686
690 0.06590726952121503 -0.4956371977810563 7.415541300526695
691 0.2327853226364454 -0.442505359928042 7.514661800758291
692 0.06557862295314908 -0.4956807886246639 7.615435828484839
693 0.2328968167989419 -0.4424466891331882 7.714939449362447
694 0.06616013498092431 -0.4956035073920542 7.815423904671791
695 0.2341872341322508 -0.4417650273272958 7.913374361834046
696 0.06693932739903075 -0.4954988662422603 8.015360081903561
697 0.2371677783516164 -0.4401720628478806 8.111247428244369
698 0.06736534576949645 -0.4954411268650961 8.215375624934467
699 0.2364684789934213 -0.4405481340813259 8.312051430733815
700 0.06812392970306161 -0.4953373902723399 8.415372934572456
701 0.2333694053049186 -0.4421976036430191 8.514718472076092
702 0.06909832497815727 -0.4952024045632381 8.61537667830984
703 0.2353570111796378 -0.4411429216122456 8.711388252784202
704 0.06964081756532017 -0.4951264045966785 8.81536644299743
705 0.2373621495141013 -0.4400672789222637 8.912003789961862
706 0.07039911521996225 -0.4950191557669728 9.015362489211432
707 0.2360056994965868 -0.440796222539539 9.11404332407273
708 0.07115736972014493 -0.4949107280454836 9.215357911292079
709 0.2356182702845449 -0.441003436163619 9.314596941809631
710 0.07211783199254539 -0.4947716830101486 9.415351487192204
711 0.2360649004259011 -0.4407645207896269 9.514587079821466
712 0.07267399119915385 -0.4946902980685848 9.615345478118323
713 0.2381050232988335 -0.4396657797462318 9.714590628244622
714 0.07367028031352919 -0.4945429099668966 9.815339640240113
715 0.2391096031601092 -0.4391202542318164 9.914790330584633
716 0.07419085796808392 -0.4944650812685963 10.01532708543826
717 0.2396308037707693 -0.43883604897977 10.11464502015107
718 0.07519180461649924 -0.4943138603342154 10.21531826456415
719 0.2402752107311774 -0.4384835494155833 10.31475599770215
720 0.07570848069485428 -0.4942349906176989 10.41529931585816
721 0.2408729500644584 -0.4381554768883357 10.51461781290727
722 0.07670600827848841 -0.4940811555746489 10.61527948773907
723 0.2415339799975147 -0.4377914303713129 10.71470903835806
724 0.07747527503330741 -0.4939611136096781 10.8152573386554
725 0.2419967202461473 -0.437535812694353 10.91459029856492
726 0.07823374581922923 -0.4938415545649153 11.01521737701713
727 0.2426012375845551 -0.4372009143659723 11.11462072839194
728 0.07898695852320133 -0.4937216426117596 11.21517651358176
729 0.2429183742223762 -0.4370247858705014 11.31454239297901
730 0.08021084119900414 -0.4935242860834188 11.41509819438703
731 0.2435271392238195 -0.4366858509975592 11.51445638721381
732 0.08060436126168784 -0.4934601675369505 11.61504758391253
733 0.2441091314906743 -0.4363607818341019 11.71434770708704
734 0.08119992936667951 -0.493362515267269 11.81493008900717
735 0.2447580964425339 -0.4359971034603639 11.91419810408992
736 0.08196549153445649 -0.4932359052193128 12.01475079094797
737 0.2454265364681114 -0.435621183136526 12.11392170714673
738 0.0827461480595134 -0.4931055414222326 12.21450348332905
739 0.2467656413360611 -0.4348640227197491 12.31264328841801
740 0.3706709226613597 -0.3355638048022705 5.608961565747299
741 -0.4720100260150128 0.1649440369983315 12.21840133356748
742 0.3717930457556987 -0.3343201027872852 6.208840781468385
743 0.369443281720312 0.3369149174372161 13.81396853179814
744 0.383828943085551 -0.3204299337606099 14.00111306985742
745 0.3728325929641753 -0.3331604082474531 6.809144896960076
746 0.3731422799888073 -0.3328135196844541 7.412757123355587
747 0.3750880149888338 -0.330619087488512 8.405457549109189
748 0.3699308003682095 0.3363795519037029 12.61911541585207
749 0.08415817497295117 -0.4928665149766437 12.41365596897989
750 0.2491116283360603 -0.433524389887993 12.50982560848055
751 0.3751770272777926 -0.3305180754557888 9.0088107836466
752 0.3738331237538484 -0.3320373406477649 9.610938837344943
753 0.2234969921790573 0.447268481436949 14.50016636548202
754 0.2667304783956519 0.4229123454036625 0.7177593318998242
755 0.3803130167660657 -0.32459514672634 12.21115566486313
756 0.3905925231480432 0.3121497731231682 1.018116105927443
757 0.3931964109110994 0.308863371811275 1.613426274131856
758 -0.2176848908197131 0.4501258582983315 0.4487895332055438
759 -0.3607859512641917 0.3461697522464843 0.5351455063333413
760 -0.06200378413954444 0.4961406360623737 0.3448265130455237
761 0.1059981799902849 0.4886352277913937 0.4304489054044111
762 0.04335254799172897 0.4981170109348052 14.6333639004571
763 -0.1163968101824088 0.4862630795972077 14.50340291793737
764 -0.4065598723260218 -0.2910482266124446 0.3457153660229084
765 -0.4796349952983331 -0.1412454292540754 0.4507734259709106
766 0.3565625302504321 -0.3505184189474352 0.6188563270894785
767 0.3490266779097997 -0.3580228737207289 1.020598059129266
768 0.3454307512729579 -0.361493562978651 0.4270080634965798
769 0.4578704768447228 -0.2008846097489456 0.300023714009193
770 0.3657462133214417 -0.3409247826735781 1.61421161828678
771 0.3637055755632472 -0.343100938943931 2.01153294516211
772 0.3597102475667758 -0.3472873994193409 3.014020252137484
773 0.3703360500808882 -0.3359333416177767 4.61137812412243
774 0.3691256242894543 -0.3372629144939014 5.010312842739417
775 0.4596381600464139 -0.1968064069819556 1.108472444163472
776 0.3714984796610538 0.3346473959401531 14.20916341231168
777 0.3700116063241697 0.3362906647312822 13.61280275021467
778 0.2324594999096791 0.442676609842605 13.51451169857003
779 0.3737908643424577 -0.3320849134394973 7.810593172365556
780 0.3721435047580013 0.3339299505381802 12.41712007643784
781 -0.2868710958907037 -0.4095179780454903 0.2132113682540119
782 0.3787931938618064 -0.3263674559204271 10.01015725686763
783 0.3765266200267229 -0.3289797933175407 10.41257457093485
784 0.3772907648789157 -0.3281031525863212 10.81253870492869
785 0.3776123908631853 -0.3277329435174148 11.21287395951018
786 0.4598197360331093 0.1963817974111698 13.71698132694542
787 0.3780293480113274 -0.327251909149711 11.61375587745352
788 0.4628767590999653 -0.1890637614274948 0.70999365595701
789 0.3720530502478543 0.3340307288278545 13.40980686269371
790 0.463565378263657 0.1873689944341717 13.29911265346699
791 0.3680154596896276 0.3384739597508678 13.20905656568436
792 -0.3533350066837106 0.3537716396940577 0.3217467606689045
793 -0.4551986286102885 0.2068676110736347 0.4324663464177396
794 -0.4575532477503029 0.2016061146720256 0.2273187160941333
795 0.3690540710066038 0.3373412110511443 12.81785768502259
796 0.2312601991630299 0.443304320171906 12.91830352098184
797 -0.481170505087599 -0.1359225699938936 0.6344555847541417
798 0.3606542109733117 -0.3463070026829056 0.8181835838373842
799 0.4630142416675184 0.1887268184785959 12.52144483012803
800 0.3724590088114013 0.3335780070017034 12.21471513090063
801 0.4619349728362029 0.1913532881108042 12.0995171149429
802 0.4590366138779448 0.1982054164735934 13.09961322580548
803 -0.4994753026177999 0.02290026364165169 0.3202600121262245
804 -0.4563221064821592 0.2043774330391812 0.6312697382595663
805 0.3764834228558507 -0.3290292271436426 14.63188850732818
806 0.4701035258107952 0.1703017176080705 0.4994819097968591
807 0.376779974503431 0.3286895964480681 0.3639693456017778
808 0.3848697144590413 0.3191791078567268 0.6025155530694635
809 -0.3614360211141684 0.3454909588414123 0.7306904348906447
810 -0.111678700279148 0.4873683082679466 14.30912666135086
811 -0.2696017298836662 0.4210877666754696 14.40746877762151
812 -0.2745636533311474 0.4178693578972422 14.60648760852141
813 -0.1103176511947206 0.4876781888037233 14.11097460649787
814 0.09146120831496699 -0.4915636758076884 14.39965148422726
815 -0.07868188888257079 -0.493770351845745 14.49979822648048
816 -0.2403437185215739 -0.4384460023391962 14.40089146698137
817 -0.2471610021912385 -0.434639435619713 14.59677035060087
818 -0.08750291351440924 -0.49228369882263 14.69019330753043
819 -0.3836213983958638 -0.3206783788982381 14.67100320030432
820 -0.2418213044494831 -0.437632787522085 14.20378105369398
821 0.467737595944181 0.1766961837175838 14.30273574612715
822 0.3786028643283847 0.3265882286953139 14.01498807407298
823 -0.3752306980538174 -0.3304571428158951 14.3024646680704
824 -0.3955991593825466 0.3057798310808326 14.50616442657235
825 -0.4032121176351217 0.2956687135836337 14.69881418065994
826 -0.478964565701252 0.1435024208946005 14.59569320821035
827 -0.4983417433915704 -0.04068791950260191 14.66980397090409
828 -0.2859251329420143 -0.4101790076930942 0.8256273816534355
829 -0.4076278517979176 -0.2895505731968337 0.925758298045898
830 0.4700517471808003 -0.1704445803546625 13.50009759440663
831 0.3839544375438499 -0.3202795495975131 13.40026986089838
832 0.3837340443290055 -0.3205435746086713 13.20082801621437
833 0.2521623917323207 -0.4317570244892787 13.30108683046839
834 0.2516993750106575 -0.4320271109771288 13.10134532785789
835 0.2517334563433234 -0.432007253362075 13.50170786825395
836 0.4699752207495989 -0.1706554771502099 13.10044884331517
837 0.383970461560156 -0.3202603388639947 13.60008529282917
838 0.3836850626965954 -0.3206022031482467 13.80086891075461
839 0.4698417569892018 0.17102258151864 11.90062648023202
840 0.3776086786459852 0.3277372206680729 11.8099656873368
841 0.3806760038590091 0.3241693694443318 11.60599775907267
842 0.4684864663506112 -0.1747009755162164 1.70484188555266
843 0.3758121628827891 -0.329795721969464 1.418810746259346
844 0.4690945330625232 -0.1730616047852709 2.102995597644124
845 0.3701234894324255 -0.3361675215876233 1.812393520951687
846 0.4700685534213342 0.1703982250035905 14.69965703079786
847 0.3666381047728575 0.339965439609039 14.64070580588717
848 0.08993586547459938 -0.4918450366744944 13.40630804971879
849 0.4700731824685191 -0.1703854545550128 12.70018496376479
850 0.3841596665830344 -0.320033358528157 12.80147888134762
851 0.383789730326536 -0.3204768991610546 13.00074330484343
852 0.2521330089383986 -0.4317741838087004 12.90126056356744
853 0.09022554651577447 -0.4917919791496501 13.00452080737586
854 -0.2233664442723397 0.4473336915247182 2.01984508363971
855 0.2521294843306353 -0.4317762419716582 13.70068868702892
856 0.3845600720012631 -0.3195521100264921 12.60478328388363
857 0.4700525937129668 -0.1704422457717353 14.10026308748455
858 0.4700181752392519 -0.1705371365561292 13.90038560471761
859 0.4700521889076912 0.1704433621561372 0.8997389383661674
860 -0.3954791878362132 0.3059349800013218 14.30709704123933
861 -0.4988278965019234 0.03421592716070068 2.119868677708852
862 -0.4575853011517283 0.2015333524999823 2.219587521953664
863 -0.4578643999750683 0.2008984600126907 2.419165728868677
864 -0.4574198944023845 0.2019084946328694 2.019604530736513
865 -0.4988097922109471 0.03447885140882498 1.720601355426781
866 0.4689767776951881 -0.1733804544423565 2.49994019078996
867 0.3732975600373442 -0.3326393417354078 2.406564200932348
868 0.4634429870710555 -0.1876715155122307 2.703868624743475
869 0.3634438393140286 -0.3433781816957486 2.810337635214916
870 0.465408528180164 -0.1827427205039192 3.108807519471666
871 0.3700090855386726 -0.3362934382631265 3.21467976591325
872 -0.498760206415915 0.03518886892120708 1.323498065953311
873 0.4700576083030731 -0.1704284156952552 12.30314036686897
874 0.4697540146692117 -0.1712634394789445 12.10253301215184
875 -0.2808259750921359 -0.4136868038910004 2.218002111373803
876 -0.05622849858300882 0.4968282962423745 1.522168896266087
877 -0.2250906904458221 0.4464685667262849 2.419297261150997
878 0.06823350260262503 0.4953223083231539 12.81838004978483
879 -0.3947161342306558 0.3069188384215067 13.71213392182461
880 0.4697884012668356 -0.171169091938792 11.70181071972396
881 -0.4989089393038822 0.03301318346774771 2.519184435489104
882 -0.4581331290774204 0.2002848872025337 2.618970782455157
883 -0.4583878029850216 0.1997013321802463 2.818863103151177
884 -0.2267342681764113 0.4456361426483575 2.819231542040533
885 -0.2794335342445777 -0.4146286289435215 2.617514826610597
886 0.4700377400782391 0.1704832041643449 2.099811238389631
887 0.4699812263564892 0.1706389371522528 2.299716564626442
888 0.3875698253338271 0.3158949674982284 2.406449461438061
889 -0.2782964879727171 -0.4153926633705166 3.016976591507576
890 -0.2773462206043615 -0.4160277321483231 3.416814785046342
891 -0.2283053234213425 0.444833316307891 3.219269871344799
892 -0.3661630993535455 0.3404769958041301 3.318978981633637
893 -0.3670307883350257 0.3395414561053915 3.51875824624525
894 0.1101165253375147 0.4877236418788743 0.6239647700011433
895 0.3784423761860728 -0.3267741848840555 11.81343889536918
896 0.3789994355046913 -0.3261279317800383 12.01314105010885
897 -0.2602973269088411 0.4269019812604667 11.61842580485195
898 -0.3902833291959882 0.3125362746173569 11.71783716635224
899 -0.3896551389720244 0.3133191227370145 11.91863710645081
900 -0.2610868111163054 0.426419602107031 12.01856779754893
901 -0.2302537905123462 0.4438278855082188 3.619032147321506
902 -0.3679940626947575 0.3384972227676423 3.718411235963165
903 -0.3686852334112865 0.3377442799877819 3.918389742780423
904 -0.2760356083577685 -0.4168984803505005 3.816795019847063
905 0.4700377400782393 0.1704832041643443 2.699811238389629
906 0.4699812263564888 0.1706389371522538 2.899716564626441
907 0.3871231047447573 0.3164422566168743 3.006470803983724
908 -0.499234224675345 0.02766204823954935 3.718142061988525
909 -0.2588434754296016 0.427785057274708 11.21861924876972
910 -0.3891626581002032 0.3139306062498277 11.31809103724638
911 -0.3892580807430496 0.3138122791992651 11.51840826085127
912 -0.4989775700024846 0.03195910878631598 2.918933198876418
913 -0.4585409557355229 0.1993494216524173 3.01891775588005
914 -0.2573889095014005 0.4286618122316004 10.81872339985933
915 -0.3881208107881819 0.3152177600217416 10.91824924890776
916 -0.3881957831011951 0.3151254257949522 11.11865008211349
917 -0.2316259044514524 0.4431133493667807 4.018814751811529
918 -0.2559209900474028 0.4295398082287102 10.41878696820734
919 -0.3867513175750542 0.3168965420353456 10.5186006580342
920 -0.3870863713373016 0.3164871895115514 10.71887365304956
921 0.4700377400782389 0.1704832041643455 3.300188761610368
922 -0.2544431600111197 0.430416865751745 10.01882380289604
923 -0.3856764375342757 0.3182038427342919 10.11865281042799
924 -0.3859476730058589 0.3178748082207249 10.3190097795653
925 -0.499286828762521 0.02669574168786164 4.118697768391461
926 -0.4605899614035492 0.1945684646963045 4.218878421432343
927 -0.4608215575350078 0.1940193086035755 4.418703940013224
928 0.4700370721905524 -0.1704850455803482 11.30018831957856
929 0.3788803407375132 -0.3262662829693346 11.01286879744674
930 0.4697879167522136 -0.1711704217252947 10.9014163579563
931 0.3790817547472674 -0.3260322426045201 10.61239048831177
932 0.4700370721905524 0.1704850455803484 8.499811680421439
933 0.3846360892361308 0.3194606061115129 8.405549571081442
934 0.4700000000000002 -0.1705872210923192 10.1
935 0.3787597115718038 -0.3264063125768925 9.812115475806301
936 0.4692148341371063 -0.1727351713626609 6.700211948354596
937 0.3782118528229457 -0.327040967440219 6.607029682936332
938 0.467922186104162 -0.1762067755550336 6.90495870262024
939 0.3779036340405962 -0.3273970729540983 7.009590195927408
940 0.3807411829934082 -0.3240928132075441 7.209964178510289
941 0.4700000000000001 -0.1705872210923196 3.5
942 0.4700000000000001 0.1705872210923195 7.300000000000001
943 0.3845535290425404 0.3195599838855423 7.406672793311302
944 0.3847159046377016 0.3193644825568349 7.603678573435494
945 0.4705582762725334 0.1690411447885459 7.699810745704092
946 0.4700370721905532 0.1704850455803461 9.299811680421442
947 0.3839172546456777 0.3203241195809736 9.199249117853658
948 0.469981360098143 0.1706385687946885 9.499716783017803
949 0.3835826021841206 0.3207247843582698 9.599904918316545
950 0.3835579496043796 0.3207542662152512 9.799921706076749
951 0.4700000000000074 0.1705872210922996 8.9
952 0.3841272333426325 0.320072286529988 8.805541565700961
953 0.4700000000000004 0.1705872210923187 4.300000000000001
954 0.3865936320429089 0.3170888892154249 4.406556551896229
955 0.4700370721905532 0.1704850455803462 4.699811680421441
956 0.4699813600981423 0.1706385687946904 4.899716783017807
957 0.385694038480865 0.3181825084449506 5.006616182965352
958 0.4700000000000001 0.1705872210923195 5.300000000000001
959 0.3865778376911272 0.317108144654237 5.207075764066817
960 0.4700370721905532 0.1704850455803462 5.699811680421441
961 0.4699813600981436 0.1706385687946869 5.899716783017801
962 0.3850541819438502 0.3189565440111746 6.00652009519272
963 0.3855525833215157 0.3183538997626788 6.206824251543851
964 0.4696137792247698 -0.1716475993488671 6.30262108389489
965 0.4691602500898269 -0.1728833703270823 6.101965355679539
966 0.3773940797410834 -0.3279843114790414 6.007215785010325
967 0.4693301540981116 -0.1724215950925022 9.701334760146583
968 0.4654389148543203 -0.1826653129065087 9.503279424855561
969 0.4697097855084454 -0.1713847058450962 10.50203646201782
970 0.3786308292792592 -0.3265558070518735 10.21025136619889
971 0.4700000000000056 0.1705872210923042 8.1
972 0.3850344451398098 0.3189803693895265 8.005274404598323
973 0.4677809685938826 -0.176581328065481 3.705066623700095
974 -0.2529588196096892 0.4312908943876194 9.618838038551818
975 -0.3848850990228995 0.31916055606878 9.718368802349421
976 -0.3849464398666096 0.3190865688712433 9.918947583009894
977 -0.4993429224852327 0.02562510027115716 4.518634321602339
978 -0.4608781651956148 0.1938848030298496 4.619102288178361
979 -0.4613254592314511 0.1928181025342039 4.819025713542887
980 0.469924253578284 0.1707957724854237 9.899811372252016
981 0.4700000000000385 0.1705872210922138 11.5
982 0.4698907399344917 0.1708879531266495 11.29993118845482
983 0.3829960522591776 0.321424989622595 11.20161520455517
984 0.3830742625404032 0.3213317746179581 11.00175180441055
985 0.4700377400782395 0.170483204164344 3.699811238389628
986 -0.2326955076242884 0.4425525965707068 4.419028515087219
987 -0.2514699966695231 0.4321606654648593 9.218845666942293
988 -0.3840970528973052 0.3201085034103354 9.3181222202415
989 -0.3839913661623651 0.3202352739982909 9.518802499139184
990 -0.2499747207520191 0.4330272958890122 8.818857137070959
991 -0.3829899254685704 0.3214322898987887 8.918134283104672
992 -0.382942383697267 0.3214889279092752 9.118415493014718
993 0.3606247202239051 -0.3463377125919586 4.014075349200573
994 0.4630886077138806 -0.1885442690871819 4.106366572677119
995 0.3723346201605948 -0.3337168419931269 3.812512715804426
996 -0.4994157947641508 0.02416327668366998 4.918682853071867
997 -0.461374926676502 0.1926997068867839 5.019250295806405
998 -0.4619132366872115 0.1914057516720544 5.219078666493628
999 -0.2484833566462347 0.4338848020728776 8.41887070477634
1000 -0.3818769706138306 0.3227537440755777 8.518143007166785
1001 -0.3818425061168585 0.3227945174912313 8.718426482482984
1002 0.2661166011676462 0.4232988950883051 3.511091607548612
1003 -0.246983663428385 0.4347402327821687 8.01887840194531
1004 -0.3807586728403107 0.3240722651768972 8.11814975546938
1005 -0.380738573767742 0.3240958784762709 8.318436201769556
1006 -0.2339759388523011 0.441876973871896 4.819384263475028
1007 0.4699304400016197 0.1707787503171401 10.90029160111761
1008 0.4699706281672436 0.1706681243234556 10.70005174426022
1009 0.383636579554804 0.3206602170951217 10.60018866989509
1010 0.4699996333878789 0.1705882311745433 10.30005935235124
1011 0.3836355967927128 0.3206613928640289 10.2000000872324
1012 0.3835648829040141 0.320745975193501 10.40028364059827
1013 -0.4994890905272902 0.02259753181700242 5.318706648268224
1014 -0.4619911972582874 0.1912175035289766 5.419284871557386
1015 -0.4625254250486424 0.1899216448527463 5.619088899860245
1016 -0.2454786589867586 0.4355918134929336 7.618883995299091
1017 -0.3796353395965402 0.3253874750653744 7.718155327934955
1018 -0.3796291722054601 0.3253946705319514 7.918442693491472
1019 0.2652711225030969 0.4238292481246981 3.911012947234891
1020 -0.2439619729918099 0.4364430727299305 7.218884410180785
1021 -0.3785071729781063 0.3266991276451804 7.318160188241265
1022 -0.3785148815845622 0.3266901963925836 7.518447981909093
1023 0.470037740078239 0.1704832041643452 4.10018876161037
1024 -0.2354856297261815 0.4410742774096714 5.219402937016199
1025 -0.2744028739249679 -0.4179749547302065 4.216955491174298
1026 -0.2424767105583465 0.4372699907800716 6.818904764529026
1027 -0.3773743198149646 0.3280070467904506 6.918164648893897
1028 -0.3773956285677655 0.3279825293181653 7.118451306064296
1029 -0.4995573125397051 0.02103548164666918 5.718706733585762
1030 -0.4625998026017011 0.1897404085398447 5.819297492223879
1031 -0.4631258803950876 0.1884526967391952 6.019086316066899
1032 0.4699242529570737 0.1707957741946101 6.299811369950367
1033 -0.2406329886197567 0.4382873084951515 6.41944382580431
1034 -0.3755237443698455 0.3301240939623324 6.519147662747704
1035 -0.37610675816811 0.3294597190253686 6.718697481891209
1036 -0.2729184024891183 -0.4189457549406458 4.617024288947748
1037 -0.2369731947657382 0.4402768503595431 5.619392655310947
1038 -0.2385469108157087 0.439426184176913 6.019424473740972
1039 0.4700000000000736 0.170587221092117 7.1
1040 0.3859236005077021 0.3179040335874516 7.005443087337977
1041 -0.4996254924899405 0.01934857240688172 6.118633972630897
1042 -0.4638290707032027 0.1867152729976939 6.218587435102783
1043 0.470000000000056 -0.1705872210921656 8.9
1044 0.3775250845824123 -0.3278335103540247 8.805987653847001
1045 0.4672692986942348 -0.1779308924773828 9.102958506586017
1046 0.4696773236086934 -0.1714736472108023 7.902980249111825
1047 0.3741767083702492 -0.3316501031406525 7.608676661060161
1048 0.4675844603938895 -0.1771010231425984 7.502846338864467
1049 0.4688417401121275 -0.1737452811693955 4.703980344652784
1050 0.3775743219682521 -0.327776801177592 4.414301114603117
1051 0.4694581416655436 -0.172072813727022 5.702747027805556
1052 0.4690562939112936 -0.1731652192046721 5.501984117461603
1053 0.3768213606411833 -0.3286421490991795 5.40708368824936
1054 0.4693869596914255 -0.1722668919776523 5.102851026946482
1055 0.3734618892568523 -0.3324548349365709 4.810468635526163
1056 0.4699999999999608 -0.1705872210924277 8.300000000000001
1057 0.3798144774121393 -0.3251783552885147 8.206175585436521
1058 0.4654384454309943 -0.1826665090124057 8.499753735911945
1059 0.4700377400782383 0.1704832041643473 6.700188761610366
1060 0.3863309265957 0.3174089084378507 6.605482724360838
1061 -0.2721980148476478 -0.4194141637009887 5.016945737457078
1062 -0.2709093479424267 -0.4202476950530594 5.416942791258775
1063 0.2596341686914196 0.42730562651095 5.51109028468539
1064 -0.2696190922289533 -0.4210766499173698 5.816938751023812
1065 -0.2683248093078305 -0.4219025914946676 6.216935762975265
1066 -0.2670285840258194 -0.4227241834969534 6.616932167371784
1067 -0.4996838783030034 0.01777700098636758 6.518651908148629
1068 -0.2657305575202538 -0.423541344853103 7.016928302525108
1069 -0.4997517716664292 0.01575330810544953 6.918444701085633
1070 -0.4997982326751688 0.01420304948867998 7.318440161780952
1071 -0.2644301217179661 -0.4243544635422392 7.416923803497719
1072 -0.2625909130383806 -0.4254950204052565 7.81697919029207
1073 -0.4998398890200565 0.01265248372524283 7.718434569649249
1074 -0.2610347003475739 -0.4264515039420688 8.217047420618227
1075 -0.4998767337713771 0.0111018482271969 8.118426611521389
1076 -0.2598748414407079 -0.4271592990749083 8.616706722889791
1077 -0.2585653524448721 -0.427953220007817 9.016688931959797
1078 -0.4999087829266506 0.009550327365850608 8.518414962534639
1079 0.3726173100818377 -0.3334011701049887 9.211616282631667
1080 0.3779082229129612 -0.327391776095197 11.41290803213508
1081 -0.499123124889228 0.02959909121598359 3.318449250949287
1082 -0.4999360365530678 0.007997459322163844 8.918401573818823
1083 -0.2572556333656473 -0.4287418093697414 9.416666749541122
1084 -0.2559462495879723 -0.4295247575191113 9.816633754045801
1085 -0.4999598005463938 0.006340176465223218 9.318375373893923
1086 -0.2546383910080214 -0.4303013941702327 10.21658030925397
1087 -0.4999732389004603 0.00517304391855181 9.71861353713423
1088 -0.4999862374994137 0.003709758911282736 10.11885258979533
1089 0.08842839153670307 -0.4921182983493212 14.59133328536192
1090 -0.2531968565821875 -0.4311511936860423 10.6164375779908
1091 -0.4072999251502469 -0.2900116738557316 0.7282993040969122
1092 -0.2519101373280188 -0.4319042517866416 11.0162991944896
1093 0.240827295928892 0.4381805718372026 10.92092197103688
1094 0.2428040627249464 0.4370883058653712 10.51944079932848
1095 -0.4999944345991091 0.002359103625792904 10.51882468983193
1096 -0.3930501010220642 0.3090495398581676 12.91586225872133
1097 -0.47482249480688 0.1566639665825245 13.01506030908775
1098 -0.4750862167129057 0.1558623966497949 13.21433367787515
1099 -0.4999993933647827 0.0007788676712719001 10.91870162770884
1100 -0.3941618915307858 0.3076303029041076 13.31443965305754
1101 -0.4750881038516117 0.1558566443199655 13.4134458974434
1102 0.2384918664140584 0.4394560611191282 11.52073060187737
1103 0.2405784778074551 0.4383172321684921 11.11945271297615
1104 0.3812766203244428 0.3234627316924945 11.40189263485728
1105 -0.4999993657504264 -0.0007963976214105382 11.31809089278971
1106 -0.2621015776666282 0.4257966216219481 12.41810379568867
1107 -0.2511162748506648 -0.4323662989932557 11.41631153163529
1108 -0.2827522112411862 -0.4123726312914324 1.818850624763507
1109 0.2354862339415192 0.4410739548239502 12.11858929537694
1110 0.237569418099968 0.4399554199957566 11.72083161066632
1111 -0.4999917212561702 -0.002877268720887018 11.71787095000678
1112 0.06449494796589049 0.4958229539733685 13.61467944915933
1113 -0.2495917271313864 -0.4332481618513477 11.81575832714952
1114 0.2354143215559211 0.4411123408003514 12.31814611074225
1115 -0.1298634623656263 -0.4828410516333627 1.320702854043211
1116 -0.285355964413904 -0.4105751740831522 1.42070364978588
1117 -0.2487033134461449 -0.433758760004808 12.21539638500665
1118 -0.4657166846282608 -0.1819559552717666 13.80944900200769
1119 -0.4741725505193702 0.158620277184083 12.8151986630731
1120 -0.4999789820688171 -0.004584483551002841 12.11788037336539
1121 0.2090736879477042 -0.4541896002859885 0.9227252046873392
1122 0.3832073159622317 0.3211730888368799 10.79986563896147
1123 -0.4678354927251441 -0.1764368208357362 12.61513308617357
1124 -0.4670486494454675 -0.1785092688102351 13.0142010240804
1125 0.2695076667944838 0.4211479758220304 1.915647752841767
1126 -0.4663505433198664 -0.1803251805635182 13.41239895843591
1127 0.06708533122099603 0.4954791199788032 13.01763544447627
1128 -0.0609520336574759 0.4962709437323708 1.127048917046378
1129 -0.4987226313817852 0.03571745998287149 0.5322637798782111
1130 -0.4986804708156081 0.03630135021074841 0.7303520847989224
1131 -0.4753183452850811 0.1551530555143933 13.61208220777732
1132 0.09259675832407119 -0.4913510357655447 14.79448594364317
1133 -0.4997895027903742 -0.0145069948835213 13.9092413773239
1134 -0.4575523802753249 0.2016080834301652 1.224861026188082
1135 0.2520889741317556 -0.431799894767471 13.9023584838978
1136 -0.08208434908597306 -0.4932161388632089 13.7082270772292
1137 -0.4998027700238009 -0.0140424740176226 13.71088787282352
1138 0.0664512274344928 0.4955645612555939 13.41573181870113
1139 0.2322131163841006 0.4428059039570093 13.31410717428458
1140 -0.2252538017304199 0.4463862954952724 1.423209336200136
1141 -0.362534384839022 0.3443382346028276 1.522189498026729
1142 0.09001114956428234 -0.4918312647180091 13.60493225671639
1143 -0.06058466963055732 0.4963159254000986 1.32445169041852
1144 0.3873213107705656 0.3161996240082695 4.606757113653052
1145 0.1104473448241531 0.4876488326873085 1.225746769322502
1146 0.2706047050709142 0.4204439244340243 1.324825755989734
1147 -0.1285500697114714 -0.4831923836084089 1.519750366298659
1148 -0.4575824903761557 0.2015397342986125 1.820014315744721
1149 -0.4576344201424463 0.2014217900349586 1.621303456474581
1150 0.09896708331101395 0.4901076579904775 0.2594625294086509
1151 -0.4576189122986899 0.2014570204946056 1.423026985005045
1152 0.2437299399558113 0.436572693109792 10.12103039476366
1153 -0.127030031460734 -0.4835942215402133 1.718661560869057
1154 -0.3622217552795847 0.3446670857540312 2.119499170051531
1155 -0.368255241230643 0.3382130649548609 4.11889766144211
1156 0.370002181620977 0.3363010341877014 14.41402181121952
1157 0.3835932993257988 0.3207119902846604 10.0017119187285
1158 0.3883835940897308 0.3148939247460059 3.207036786793092
1159 -0.3626858465645901 0.3441786987913788 2.319217583276264
1160 -0.125955989376873 -0.4838750755516273 1.917993716925527
1161 -0.2757572910145044 0.4170826254500923 14.80213729818058
1162 0.08798418095517115 -0.49219791131378 12.61047383265958
1163 -0.4998240933962757 -0.01326181211566061 13.51229402087187
1164 -0.1250824336812549 -0.4841016265045744 2.11761926380733
1165 -0.3632366101186172 0.3435973880423652 2.519114414724299
1166 0.09726777605723333 -0.4904477339542715 0.1669535017094365
1167 -0.00414082747124957 -0.4999828532538425 0.3335728991417045
1168 0.1986343851745015 -0.4588511534543068 0.3436033598286104
1169 0.1080799421264408 0.4881789898284698 14.82161640369192
1170 -0.08622214089162504 -0.4925096368804013 12.51360156127198
1171 -0.1233285739065858 -0.4845514037315007 2.51682879934194
1172 -0.1241364983043196 -0.4843450524045246 2.317145817295018
1173 -0.3637887173599509 0.3430127827379058 2.718956814458069
1174 0.2448731631995193 0.4359324878288627 9.719318792882586
1175 -0.08765521155004301 -0.4922566037018876 12.31449739092876
1176 -0.4998468947981267 -0.01237262141465656 13.31332426181886
1177 -0.08856625110499167 -0.4920935065261556 12.11501002456835
1178 -0.122787310282321 -0.4846888449651313 2.716673228435293
1179 -0.08247737979752034 -0.4931505670905546 13.30814311760131
1180 -0.1221501173083261 -0.4848498209152626 2.916424731907846
1181 -0.08930403389513618 -0.4919601503476235 11.91527777580772
1182 -0.3643567476307162 0.3424093463326703 2.918618607612553
1183 -0.1217505855115159 -0.4849503015027448 3.116350868748401
1184 -0.09031136494272006 -0.4917762269184866 11.71561153221936
1185 0.09007529904324543 -0.4918195202533852 13.20528446551664
1186 -0.4593379949704623 0.1975059654200741 3.219345474447265
1187 -0.3647855959341196 0.3419524367496001 3.119673295990344
1188 -0.09042029932283933 -0.4917562093866921 11.51565641913701
1189 -0.09087896725485693 -0.4916716519291006 11.31568462953738
1190 -0.1204664734306832 -0.4852708818579315 3.516362208477502
1191 -0.09130510911834477 -0.4915926942590656 11.11569504009434
1192 0.3713364483270081 -0.3348271825044724 2.209666852587537
1193 -0.09199683816392046 -0.4914637135820318 10.91584326450835
1194 -0.09271818835543762 -0.4913281363285494 10.71581742386936
1195 -0.1189819192070888 -0.4856370073437544 3.916197091797445
1196 0.2456624250819476 0.4354882006471088 9.518482531812705
1197 -0.1212649328037633 -0.4850719699921845 3.316346037974733
1198 -0.09412466155416567 -0.491060635856015 10.31586903861419
1199 -0.09561476166112845 -0.4907726738037537 9.915925172463638
1200 -0.09719821546649392 -0.490461524393228 9.515996995237247
1201 -0.09870229249881336 -0.4901610525689273 9.116019084574804
1202 -0.1002822589926444 -0.4898402479700216 8.716069204296385
1203 -0.4607891063998181 0.1940963663319257 3.818093471085199
1204 0.4669037244846302 -0.1788879874736716 4.306166627895363
1205 0.3886870638114691 0.3145192624079152 2.606795013949355
1206 -0.09341071124133893 -0.4911969452524997 10.5159830051364
1207 -0.119797733354529 -0.4854364047773067 3.716260143985302
1208 -0.09481587018846446 -0.4909276431006959 10.11609411122194
1209 -0.4998698284622703 -0.01140853159264867 13.11443118363318
1210 -0.09642735756664061 -0.4906136613596438 9.716097847323306
1211 -0.4607818816802089 0.1941135170853539 4.018758312830552
1212 -0.1188338356462847 -0.4856732641453427 4.116062510214081
1213 -0.1172154682183939 -0.4860663884803625 4.516079026146084
1214 -0.0978293329764495 -0.4903360292792923 9.316170766577317
1215 -0.1180887290266133 -0.4858549702090935 4.316056949555799
1216 -0.115330797396381 -0.4865170163230829 4.916131782561629
1217 -0.1138877182304188 -0.4868568451159629 5.316037487626883
1218 -0.1160029003651934 -0.4863572011463005 4.716195562234376
1219 -0.1125163502329137 -0.4871756058448168 5.716086648110787
1220 -0.09956573098556659 -0.4899863928858737 8.916110994192826
1221 -0.110899972373149 -0.4875460964130826 6.116057664364484
1222 -0.1146978336650533 -0.4866666281475891 5.116142640647965
1223 -0.1095159603346812 -0.4878588468317168 6.516039662054402
1224 -0.1134759681574953 -0.4869529799176909 5.516060844980473
1225 -0.1079513466187208 -0.4882074423472104 6.916080426145388
1226 -0.1008356099563509 -0.489726637793709 8.516202921705428
1227 -0.1117906254159182 -0.4873426474967257 5.916081405831866
1228 -0.1062695388519602 -0.4885762838208499 7.316117590623735
1229 -0.1026674318399431 -0.4893458883442167 8.116165152901711
1230 -0.1044036534387356 -0.4889784015154907 7.716227747761691
1231 -0.1104670552085832 -0.4876443680732341 6.316074854899263
1232 -0.1087894230372689 -0.4880213739532503 6.716084476285964
1233 -0.1071599312718507 -0.4883817657630271 7.116122329074242
1234 -0.101897590375271 -0.4895067732684742 8.316179337144845
1235 -0.105758015414 -0.4886872641840507 7.51612851130483
1236 -0.1036089185538474 -0.4891474133593085 7.916176489673669
1237 0.2304639863621618 0.4437187746648336 13.11527601302628
1238 -0.3683417932688624 0.3381188006181831 4.318754218382083
1239 -0.4604113779958746 0.1949906741665866 3.61839091349042
1240 -0.4599257459706288 0.1961333938761083 3.418690441481894
1241 -0.08470535859991693 -0.4927727693617612 12.91174535393789
1242 -0.4720582959790585 0.1648058409078622 12.01878361957552
1243 0.3733240440409145 -0.3326096182327524 3.414050444493343
1244 -0.3687198212120323 0.3377065196962696 4.518603266272402
1245 -0.3689072326512449 0.3375017832509931 4.719722637230939
1246 0.3849583598046876 0.3190721880961809 9.399626475595088
1247 -0.4998937269397861 -0.01030833479523199 12.91434392142437
1248 0.4707393303892808 0.1685362952739009 1.49627958352291
1249 -0.4999303582314693 -0.008344873789029704 12.71351327382
1250 -0.3699504238956428 0.3363579698170303 5.120150444605597
1251 -0.3697697730510958 0.3365565553331878 4.918585470345793
1252 0.09036107441068537 -0.4917670955150889 12.80769124588413
1253 -0.3742915081425024 0.3315205377233981 6.31846266056025
1254 -0.371064878840387 0.3351281183236777 5.520146314615652
1255 -0.370864413997588 0.3353499462206989 5.318612934212948
1256 -0.3721666292757356 0.3339041779516052 5.92012120189071
1257 0.2463339432814545 0.4351087087009511 9.118949725962617
1258 0.3748729856640275 -0.3308628788778484 5.208674956591416
1259 -0.3719665156058659 0.3341270884978216 5.718609088578947
1260 -0.3731800024689346 0.3327712213477692 6.119287073936762
1261 -0.4648917033588896 0.1840535360922746 6.619296484695247
1262 0.3843624921332419 0.3197897350465201 9.003493516153716
1263 -0.4730299538417038 0.1619958726897558 12.61632636595499
1264 -0.4645010225658659 0.1850372936336482 6.418484111966027
1265 -0.4655199264723056 0.1824587571403994 7.018892177993507
1266 0.3755762374248615 -0.3300643723302836 5.808201112786437
1267 -0.4653054529774986 0.1830050147657294 6.817708966286005
1268 0.4655322241994192 -0.1824273779670741 1.308905211536254
1269 -0.4661137786195488 0.1809363019988147 7.418887401735882
1270 -0.4659038091338517 0.1814762811900428 7.21766976264355
1271 -0.3900255905692332 0.3128578570231549 12.51761336413082
1272 -0.4667026100716998 0.1794120223180792 7.818881617017645
1273 -0.4664937488848348 0.1799543893640072 7.617665504740112
1274 -0.467286390723999 0.1778860001353062 8.218874359675686
1275 -0.3894137015517199 0.3136191464878827 12.31797704677397
1276 -0.3894042052345357 0.3136309374817152 12.11839767962658
1277 -0.4670787588229303 0.1784304712105836 8.017660470215453
1278 -0.4678651276016166 0.1763582217372443 8.618864593372731
1279 -0.4676588560166793 0.1769044781490023 8.417654167886248
1280 -0.4684387192822689 0.1748289629243039 9.018851045757309
1281 -0.4682424258286029 0.1753540152210532 8.817277564310842
1282 -0.4690045338734681 0.1733053582729942 9.418780864730572
1283 -0.4721239157418319 0.164617763879235 11.81835325757624
1284 0.3764915647325988 -0.3290199107731923 6.408039503201883
1285 -0.468805455066125 0.1738431629378719 9.217631359196428
1286 -0.4695293415087812 0.1718784380378479 9.818994357040793
1287 -0.4692645248058732 0.1726001325570697 9.618685296042825
1288 -0.4716939918028771 0.1658456453967584 11.41845424756466
1289 0.383724611679509 -0.3205548664291498 12.40721670707053
1290 -0.4719583406584628 0.1650918674039105 11.61816907390394
1291 0.2496838075587761 0.4331951018224376 8.712051658238778
1292 0.2531770544348294 -0.4311628220379204 12.70630855494765
1293 -0.46983709308982 0.1710353938718762 10.01939003131994
1294 -0.3747693368952247 -0.3309802775440156 14.48824078710634
1295 -0.4703865541740375 0.1695184050546587 10.41936035712177
1296 -0.47143914166066 0.1665687116785747 11.21847949155154
1297 -0.4700532228743785 0.1704405106346783 10.21901977367516
1298 0.3780370006537246 -0.3272430688902912 8.008205863786584
1299 -0.4709399579585242 0.1679748671617974 10.8192505629175
1300 -0.4706150834881336 0.1688829274777562 10.61903072320766
1301 -0.4711662067666051 0.1673391932607801 11.01860675745471
1302 0.3728953547022653 -0.3330901596286984 8.606525249767857
1303 0.3845709699436964 0.3195389946103051 8.604663127297902
1304 0.2505894867565478 0.4326718261304865 8.312189104067249
1305 0.3850515035817609 0.3189597773849004 8.204872718525195
1306 0.4714432476579576 0.1665570900253653 13.90730786289088
1307 0.3741047110606696 0.3317313147145034 12.01013685610226
1308 0.2516852328980118 0.4320353498743749 7.911824378252399
1309 0.2501414468543904 0.4329310067038306 7.517652022294944
1310 0.3855953734247277 0.3183020703568308 7.804021068513631
1311 0.3701755703370485 -0.3361101711130458 9.412412036103246
1312 0.2526049107219657 0.4314982723941635 7.313068367511611
1313 0.4685757450061903 -0.1744613744984652 7.304965778201404
1314 0.3858660992914416 0.3179738250510682 7.204997324569442
1315 0.2537889744064063 0.4308029206838603 6.912047357734933
1316 0.38650073737025 0.3172021122443119 6.804723292594071
1317 0.4604437950028647 0.1949141135047945 12.71142101205402
1318 0.2546767408821083 0.430278697652658 6.512052838204078
1319 0.3677421901759471 0.3387708393067467 13.01141016967836
1320 0.3867207097705661 0.3169338931615702 6.404946773308771
1321 0.4119722695787771 0.2833352238923205 14.8352428946349
1322 0.4128816552636499 -0.282008401908079 14.83296246042856
1323 0.4124122151770543 0.2826944724835543 0.1656585216041932
1324 0.2529832303293426 0.4312765761922746 6.116552699829148
1325 -0.4993814244001047 -0.02486348656408594 14.48713183894385
1326 0.2564723638003026 0.4292108183709787 5.912814306245763
1327 -0.08185730625210533 0.4932538711588071 0.1708475960634664
1328 0.3886373040254995 0.3145807462636446 5.802517661264544
1329 0.3889657797890483 0.3141745090759236 5.603102147424384
1330 0.388477796882945 0.3147777014481384 5.404689944029895
1331 0.2546227345215509 0.4303106587859146 5.117856519443547
1332 0.2566968649152769 0.4290765893668263 4.516484040943181
1333 0.2579516068919163 0.4283234391226778 4.913066916402561
1334 0.3867828963613444 0.3168579982931305 4.807159180967331
1335 -0.4902917401948649 -0.09805105556133019 14.84312618488803
1336 0.2604132034860319 0.4268313056116463 4.312929291877963
1337 -0.422424817738353 -0.267501912813197 0.1685213255694299
1338 0.3906076850479493 0.3121308001166851 4.202840493669123
1339 0.3914123924856572 0.3111211002305274 4.002355845822008
1340 0.3929479493532945 0.3091794124760585 3.799819050867067
1341 0.3922737326878972 0.3100343830014732 3.601976487914683
1342 0.3916824974013043 0.3107809859522896 3.403143775829128
1343 0.2580037642247808 0.4282920237943309 3.11878942102837
1344 0.2679196431572501 0.4221599990649182 0.4994598564202108
1345 0.2622224943319116 0.4257221669896349 2.913278292175354
1346 0.4711552409859881 0.1673700656970519 1.106025284251207
1347 0.388387822145326 0.31488870987892 2.807094159036464
1348 0.3874076381878504 0.3160938497878623 0.815874024858551
1349 0.3881064476791749 0.3152354441839494 1.222116172163896
1350 0.2584019071204631 0.4280519295558747 2.519663618800018
1351 0.2645834274471336 0.4242588949218712 2.313967674135411
1352 0.3921259253588603 0.3102213059437691 2.203814046191127
1353 0.3932038220457749 0.3088539368837551 2.004856220035537
1354 0.393423845124151 0.3085736185867614 1.808823518504219
1355 0.4719796827081118 0.1650308429074702 1.702352026002455
1356 0.3903846684401622 0.312409683983811 1.416215777638528
1357 -0.4166734676200048 -0.2763751460995015 14.84142970386297
1358 -0.4620124608286022 -0.1911661215778028 14.57068048029583
1359 0.4142267073190898 -0.2800289894699924 0.1435580587790735
1360 0.2110635684830159 0.4532683201583972 14.67739855966329
1361 0.2399856627419299 0.4386420883571442 0.3410279027954746
1362 0.2315374510642108 -0.4431595748200508 14.65681633695278
1363 -0.09580421057871402 -0.4907357264713763 14.85905252935455
1364 -0.1655610288214726 -0.4717939653445936 0.3324600568366378
1365 -0.4137562759360417 0.2807236080623398 14.86218228973822
1366 -0.4959154774232722 0.06377961470601705 0.1430192586007098
1367 -0.1390677749959608 0.4802709172515788 14.66708962361007
1368 -0.3886330912909894 0.3145859506615155 0.1434305132054846
1369 -0.4620833035743343 -0.1909948181439213 14.72219525620322
1370 0.4783554831230244 0.1455198672557734 14.85241981366733
1371 0.4782231937196416 -0.1459540235436699 14.85292366909909
1372 0.4782231937196521 0.1459540235436356 0.1470763309009316
1373 0.0640301126188328 -0.49588319660785 0.4800823378267227
1374 0.4795584720662757 -0.141505024184511 0.1350089616949615
1375 -0.1971835370571489 0.4594764985433227 0.2876800622193755
1376 0.3584458946465132 -0.3485922268368312 0.277175559766089
1377 -0.4747518065304647 -0.1568780488024385 0.2940989749499643
1378 0.0982629088224712 0.4902493250885173 0.1079160290973743
1379 -0.0627097287946847 0.3152630961100268 15
1380 0.05533867031720698 -0.3202664035739307 15
1381 -0.2883534653220133 -0.08361808915135242 15
1382 0.3340746794416691 0.06751015065979124 15
1383 -0.2672671475943564 0.1785821986401757 15
1384 0.1953085435795848 0.2912332548130402 15
1385 0.2792747720342928 -0.1802747365457643 15
1386 -0.197128399340678 -0.2710182334032047 15
1387 0.2106520661450171 -0.3152630961100262 15
1388 0.09276698844404234 -0.1376959357467603 15
1389 0.2228927954666152 -0.01940171523854835 15
1390 0.06304462576590251 0.06574397041179814 15
1391 -0.1006345292030333 -0.01930358278090395 15
1392 -0.1026050891857488 0.1567734579338612 15
1393 -0.07185561660073174 -0.1750693506763057 15
1394 -0.3252437553779031 -0.2248828573325924 15
1395 0.371878177559365 -0.07397116867516623 15
1396 -0.2106520661450165 0.3152630961100271 15
1397 -0.08099741236135044 -0.3456587507818167 15
1398 0.3099164658007819 0.2077968254985521 15
1399 0.07397116867516729 0.3718781775593651 15
1400 -0.3552317421972896 0.06843774366724968 15
1401 0.04370920140124578 0.2197409943737627 15
1402 -0.2228183947004883 0.06017434566180604 15
1403 0.1948243852426332 0.1387705800863993 15
1404 -0.08361808915135352 0.2883534653220136 0
1405 0.06751015065978994 -0.3340746794416688 0
1406 -0.3202664035739313 -0.05533867031720594 0
1407 0.3152630961100262 0.06270972879468581 0
1408 -0.2710182334032052 0.1971283993406784 0
1409 0.1785821986401746 0.2672671475943572 0
1410 0.2912332548130399 -0.1953085435795843 0
1411 -0.1802747365457657 -0.2792747720342919 0
1412 -0.3152630961100274 -0.2106520661450158 0
1413 -0.1376959357467613 -0.09276698844404163 0
1414 -0.01940171523854951 -0.2228927954666146 0
1415 0.06574397041179723 -0.063044625765902 0
1416 -0.01930358278090481 0.1006345292030338 0
1417 0.1567734579338603 0.1026050891857495 0
1418 -0.1750693506763065 0.07185561660073231 0
1419 0.2077968254985513 -0.3099164658007819 0
1420 -0.2248828573325933 0.3252437553779031 0
1421 -0.07397116867516787 -0.3718781775593643 0
1422 0.371878177559365 -0.07397116867516623 0
1423 -0.3456587507818171 0.08099741236135125 0
1424 0.3152630961100262 0.2106520661450177 0
1425 0.06843774366724835 0.35523174219729 0
1426 0.2197409943737619 -0.04370920140124494 0
1427 0.06017434566180499 0.2228183947004888 0
1428 0.1387705800863984 -0.1948243852426327 0
1429 -0.0001181339680203786 0.000154040598623173 1.076339026099879
1430 0.0002044850197694403 0.0002733565878867417 14.06071598631202
1431 -6.167495370207332e-05 0.0001888609220650483 13.46414303156771
1432 -0.000198339990387375 4.087468156144247e-05 1.670701087827141
1433 0.0001649208622098164 0.0001430659519273125 12.86817493198024
1434 5.318067415166494e-05 0.0002610897453835803 12.16883162738986
1435 0.0003113157822730861 -0.0001589048775875734 3.568635815074911
1436 -0.0002341748009493383 5.550539950266442e-05 2.369376612534047
1437 -0.0001168376464001364 0.0001316799572728677 11.56800465350779
1438 -0.0001099714521091699 0.0001177983889289747 10.96848953926861
1439 -0.0001992060507328142 6.951810440081196e-05 6.168565641376367
1440 -0.0001685251059813514 9.083446474167367e-05 8.868051906404757
1441 -0.0001951760832885618 8.104709904188656e-05 4.368644216463693
1442 0.001061610916122946 -0.0002075000293429718 5.469054617857718
1443 -0.0001721187665211232 0.0001309904571640264 10.16873028969827
1444 -0.0001456483965592004 0.0001182087112654995 7.968488456223532
1445 -0.0001566398129547175 7.388575713951351e-05 7.068097410931585
1446 -0.000179739987799854 9.372123588802239e-05 9.568606611385315
1447 -0.0002163816508730099 9.155913369862656e-05 2.968859703513931
1448 -0.001152045321615336 -0.000524081910135088 4.967774988375784
1449 0.0001343054886762673 -1.587310637846118e-05 0.5225105262714017
1450 -0.01519703106177107 0.02395825049158584 14.53412129704095
1451 -0.04776979364945833 -0.01588061565572041 7.518294301349159
1452 -0.03961533460304645 -0.03171248031849927 8.418268209645193
1453 -0.04008008227100476 -0.03112823889021155 6.618333565832141
1454 0.09106301338731848 0.02692005471415869 10.56860326923723
1455 -0.03641678408425256 -0.08657057450348571 3.96864287726749
1456 -0.1271339666916157 -0.04771915655418503 12.51851552304646
1457 -0.1052211566009031 -0.08528932845796043 9.218327929073402
1458 -0.1103648216966863 -0.07966942010513278 2.020034870039644
1459 -0.1076779592447051 -0.08255959124628735 5.818647938501593
1460 0.1132400370322942 0.120533795349214 3.268698518225408
1461 0.0006172060922745859 -0.1646370497162747 11.86845345962222
1462 -0.1410125346435759 -0.08745112329619167 13.76250487217225
1463 -0.1069045058599539 -0.125670489839091 9.868677617370238
1464 0.1134444748841565 0.1205261831163055 2.669107540025035
1465 -0.1433287402845614 -0.0820026565498939 11.26824735778734
1466 -0.1388126533352816 0.09220269180875972 1.373518883022618
1467 0.004519439320217644 0.1650560338548158 4.668384828456482
1468 -0.1417717585889608 -0.08665448410977125 13.1661117298404
1469 -0.1140172188989277 -0.127692600963187 2.678747828639568
1470 -0.1132747851567313 -0.1284712300161499 3.278726897298358
1471 0.0009137369444988525 0.1715403273132118 11.87935479233567
1472 -0.003671135137121799 -0.1713545136333868 4.677711634826819
1473 0.1129246877633557 0.1662882343400421 0.2941737089232813
1474 0.1084553746084281 0.1348545248300602 13.1544306017201
1475 0.1771538517345673 0.0106790279678212 11.28508029882502
1476 -0.1152245443747448 0.1371300150346686 0.7993302021555795
1477 0.1410517451922959 0.1016700629170734 9.880542100595903
1478 0.1462646766918088 0.1116004344226269 2.096608858381666
1479 -0.01544309080570438 -0.1756856268987432 0.7994716546822281
1480 0.06458484535128456 0.1683184426548943 13.78535025950115
1481 0.1459157185742578 0.1126811690172015 5.895872733878637
1482 0.16746689194723 -0.04591471378628503 1.383037002355422
1483 0.1452211555649897 0.1145282934141405 9.295813965231012
1484 -0.1787056620596368 -0.07291231011443594 10.71164044713603
1485 0.09838282205894575 0.1636535643732574 12.60875747091397
1486 -0.02398473604435778 0.1954401416061898 3.819682588352476
1487 -0.03388270256241844 0.1939385640724668 5.218441517392741
1488 -0.1530841302908108 -0.1240804407781315 5.21916875627755
1489 0.05695395726202904 -0.1934717009569565 0.2937501497690444
1490 0.02640500168841814 -0.1950154387731428 14.30888453021412
1491 0.173777254095681 -0.08228785405198458 12.42195595612587
1492 0.1886427068480364 0.05269907809886887 6.416694919184289
1493 0.1887051387047081 0.05273016072542161 8.216532066196024
1494 0.194414799539874 0.01580964648002992 7.719448752545391
1495 0.1589212321785921 0.1128367223136617 4.11878329260955
1496 0.09201438177666038 0.1743723507220307 6.820087809401321
1497 0.1874920280120174 -0.02926578007882934 5.217604888338864
1498 -0.1844426269113042 0.04061048988102822 10.41930357899914
1499 0.089666933296704 0.175640426076659 8.620014417095463
1500 0.1580170113872489 0.1167531825889747 7.316859914882639
1501 0.1634535551413158 -0.1153217897535413 13.70280662981056
1502 0.1907464157873049 0.06240751137059061 0.8021371951807885
1503 0.122504279679202 0.1852979120032781 14.72670985889038
1504 -0.1993143173198238 0.04824047470726552 14.28937078582958
1505 -0.04951057063461631 0.2047316556339634 11.21769516491333
1506 -0.08294008265452461 0.1884838438754171 7.742652530129538
1507 -0.1426003289242037 0.1485919818622213 8.19424299037367
1508 -0.1398657451969338 0.1510384229063159 6.394387330346897
1509 -0.07168784219085222 0.1941446653931665 1.893578363073954
1510 -0.07725285868831813 0.1918198793537619 5.691338040780426
1511 -0.0829032043824571 0.1896211444922242 9.090733984987914
1512 -0.004553203225162963 -0.2024121708781097 10.39454100144384
1513 0.1546908785726827 -0.1219509572398965 8.635353802022159
1514 -0.1416012346443422 0.1391213626981086 4.140302721253186
1515 0.005047243656606692 -0.2076294168954582 7.289185943804076
1516 -0.1986347570229603 -0.02601714568385978 0.291892086061381
1517 -0.007597460016706303 -0.2056419101263495 7.748688638513265
1518 0.1787714252408572 0.07184469933124742 14.30049028527129
1519 0.1695080085884742 -0.1162980584699589 5.695510071631214
1520 0.1409778433690276 -0.1494873356043942 13.24533572650883
1521 -0.08191133321258237 -0.1939585647986249 1.45770211178918
1522 0.1708354972650938 -0.1110208376402037 9.093551925241972
1523 -0.1378892582676346 0.1512707691180437 7.286787917178123
1524 -0.1352903474036311 0.1589866158597776 9.782516322252249
1525 0.152740733884999 -0.1239304929097351 6.835392013064137
1526 -0.2080618215776908 0.03578156717380176 6.856338837843343
1527 -0.2085600278691493 0.0325381989646133 8.656287913481764
1528 0.1983135940276007 -0.007336756075343146 3.79628876382377
1529 -0.01898329809604808 -0.2103529160769145 6.380038371889418
1530 -0.06406460948443485 0.1976031060924586 10.75590951011768
1531 -0.07356776361002254 -0.1997472289965259 8.175649037793288
1532 0.1821889208962477 -0.1053442030318574 14.71883420415405
1533 0.1675920501497605 -0.1203390323088415 1.897279796197888
1534 -0.07191894900968823 0.2013844964816696 12.37151402796253
1535 0.07115623973809118 -0.2036823075030735 12.66895154645662
1536 0.08475826537865548 -0.1934899361722691 10.76362782899774
1537 -0.1606606227624353 0.1393386013310549 2.569872629941758
1538 -0.161151752391465 0.1384255484560499 3.169763975528672
1539 -0.2126880814513405 0.007082489497916847 11.76774148229356
1540 -0.1439857597748318 0.1643229934417906 9.374954698009553
1541 -0.2131548018201749 -0.0008665479741881352 4.567823286611042
1542 -0.1340377792792004 0.1732177284398027 2.177256459000187
1543 0.1237309534699363 -0.1780712608154681 9.373581768200804
1544 -0.1380356437756417 0.169400307327062 5.975500983161064
1545 -0.1773663116723249 -0.1209012737259422 14.73102661971669
1546 0.2116643189393897 0.006747754477252922 11.76652115097865
1547 0.2117294428094705 -0.0112382059920943 4.566848771818547
1548 0.03645226853403413 0.2154572912310119 10.35719046197084
1549 -0.2197707153706062 -0.035642216488786 3.751786138633893
1550 0.1173256546586581 -0.1826636703578808 5.974396641719055
1551 0.09861565020390595 0.2015773815977874 1.255239386496835
1552 -0.1412697580126613 0.1761946704984891 13.28805117914117
1553 0.1538141883442931 -0.1482546364344121 3.165740129925726
1554 0.1117590491649863 -0.1858772632249689 2.175375610298689
1555 0.08027640089525012 -0.213417370893617 4.196580753346691
1556 0.1548132745080872 -0.155921023418404 9.75371357385027
1557 0.1575303722081768 -0.1442752282488021 2.775051418169924
1558 -0.1721404983775358 0.1568685674446439 13.62421912782448
1559 -0.1904133405698071 -0.1317101109522303 4.205904877891368
1560 0.07467805141908178 -0.2109054328875253 11.14175204956698
1561 -0.1885231146372588 0.1405950089017661 14.75237733575966
1562 0.03251977384769034 -0.2275231161797387 3.733499964914518
1563 0.2259279771499275 0.06164436519531213 10.81291443974378
1564 -0.1903403034027133 0.1434426504445349 13.01458672071062
1565 0.2305520560343932 0.01627356351559505 10.32624870117176
1566 0.04548351272150284 0.2342659273040997 1.526822863913734
1567 -0.2023357460797547 -0.127663245543414 1.216763852768067
1568 -0.1620123006058098 0.1552550659298234 12.70470792836966
1569 0.09945571650610172 -0.2164540456929703 11.42512449418747
1570 -0.2229353833142171 -0.0415765841079527 7.808738345245901
1571 -0.09747386590299503 -0.2111283723444567 6.917079036100873
1572 -0.09424459719610306 -0.2126355444699728 8.717130707900901
1573 0.03531943355088495 -0.2344882071801826 13.91770206066776
1574 0.1088870325583629 -0.2106428087814682 10.02292522887593
1575 -0.1023766694569718 -0.2174350810294907 12.30296955862683
1576 0.2180229672614519 0.08681451036327639 4.824693725317339
1577 -0.2280401425237176 -0.07111425853000547 0.9395215202942085
1578 -0.04661446420869373 0.2344726301631817 10.03195392656647
1579 -0.1999068035465497 0.1334961412755126 11.43568144191822
1580 -0.2390069155234879 -0.02653204517873797 12.03815237477003
1581 -0.1778698293979971 0.1406931715224744 13.90829047659883
1582 -0.01841336421000686 0.2343417382878609 14.20177408130777
1583 0.2167998494032091 -0.09209714549638204 12.0244888223403
1584 -0.1588248559187628 0.1809666250402352 3.439793524011708
1585 -0.2386991358097609 0.03538074328136845 4.837496800115027
1586 -0.1577215761733565 0.1821073357357639 2.839668978914111
1587 0.2023455163246905 -0.1156829891535593 7.458599378555559
1588 -0.06089869129783869 -0.2320717120488806 1.799727633589116
1589 -0.05619131128913393 -0.2334286437232174 5.59771530939953
1590 0.2219661185650905 -0.10148841123535 12.9895933498808
1591 -0.05184790990049226 -0.2342846923353787 8.996720387499407
1592 0.2378272277512612 0.0157683600675093 13.92924343142726
1593 0.1823471188127198 0.138228435325178 1.816332847503825
1594 -0.2398448381693588 -0.00336200059813135 5.594786373603569
1595 -0.2402185387933643 0.00458955664443195 1.797177931121425
1596 -0.2400282705649923 -0.01005565270264516 8.994938563716921
1597 0.05074452850086243 -0.2267195276689232 1.217062995219082
1598 -0.2401523211309834 0.02971193313736087 10.04631052661301
1599 0.1018493237797653 -0.2155914486518257 3.428601579521204
1600 -0.221046086316529 -0.06900927746182892 0.6609397831478568
1601 0.1788009630182775 0.1429643207619875 5.615873703396094
1602 0.1835149686438574 0.1559999819864245 12.29334556052266
1603 -0.009079870661616201 -0.2412005316556954 12.98888132960053
1604 0.06149470798056142 -0.2336891499840925 5.344327171685335
1605 -0.2167344033017079 -0.08864465895037989 7.198017543738345
1606 -0.211495431947733 -0.1227286052702861 12.76077409846452
1607 -0.1629873136220746 -0.1824391450916813 9.460627420031997
1608 -0.1728391547709258 -0.1734011094034683 2.262248492005087
1609 -0.1677909958083663 -0.1781146310699565 6.060897263989964
1610 0.05090524059631341 0.2329693914780316 8.360419517657677
1611 0.05301047516112078 0.2328570092542055 6.561485028646998
1612 0.1741385140883062 0.1484311317088269 9.013924854564372
1613 0.01011093744377416 0.2437547696519675 7.498881752979281
1614 0.1045828947499157 0.2424882859440479 0.9330070299027496
1615 0.0005431316286806098 -0.2403921779213162 14.5711255038788
1616 -0.03268268914898313 -0.2400886393608545 13.57350009080599
1617 -0.2340061069037717 -0.07781322016713535 6.297795313695104
1618 0.04205104046886392 -0.2385971233719828 5.078846461572891
1619 0.2221141284737445 -0.1009100845324475 7.176165275060217
1620 0.1016779925234418 0.2183665771881445 11.44272689833137
1621 0.2478272447339384 0.02749541072181114 3.477444516341963
1622 -0.2292115106901899 0.1182204642283324 1.125922174097559
1623 -0.2299746027647826 0.07538309411522506 11.07462507996214
1624 -0.2038959219633457 -0.1566786065088838 14.00809263142937
1625 -0.24572457832132 -0.07881162278448689 13.51181100849278
1626 -0.1260743991266802 0.2036225452189195 0.4058957933966915
1627 0.1718435198750511 -0.1727218665973155 8.075696615369692
1628 0.08539028025736951 0.232493160308943 9.658665141459771
1629 0.09112949086108293 -0.2086816378245822 2.518770652436614
1630 0.244583714382152 0.002302068630858297 2.471255028747875
1631 -0.144824715633767 -0.2132311123673362 10.11669702162759
1632 -0.01980134349550342 0.2571493935734241 4.419773718228607
1633 -0.1983193059940108 -0.1652564602250938 3.017646820969426
1634 0.0370258465405654 0.2552035208401017 4.920516893926417
1635 0.05024556383827512 0.2530508269879294 12.91809812962352
1636 -0.1473587749068033 0.2116632207767674 12.11821251810755
1637 -0.1876043416928983 -0.17728230568905 11.01689396823677
1638 0.07320706588216286 0.233022795530295 6.264794629302143
1639 -0.07473629489646395 -0.2470882324967143 4.41613310721447
1640 -0.06143872202764003 0.2507038870859154 8.8208229587911
1641 -0.07313328955972422 0.2420801168673497 11.63790551300833
1642 -0.05765454746796264 0.2515710580879808 7.021098516468524
1643 -0.0660247887809651 -0.2467462195938797 11.62601271435855
1644 -0.1556142904092162 -0.2041856125196481 4.910406536457264
1645 0.2548318650569857 -0.001541303779234957 6.105807353321627
1646 0.2164544779981419 0.1119366847034637 13.57318564413345
1647 0.0709049863072345 0.2337126645380813 8.066339419930879
1648 0.1160401460940463 0.2259918399289935 2.430100119639348
1649 -0.1588075008450171 -0.2024455603821261 3.524908423465527
1650 -0.2326328463911111 0.08738587644289787 5.350059559012399
1651 0.2086880074413593 0.1485953275751537 2.912119239222255
1652 0.1336960990180837 0.2210793431873313 3.612068426628486
1653 0.1659603402354257 -0.1805873012047345 8.340873141613301
1654 0.1729963382668621 0.1735862190541603 11.07387584227263
1655 -0.2416691665127244 0.0195047895598622 12.29447891470317
1656 0.1948735161167052 -0.1652156570241819 14.11166721652316
1657 -0.233731411441876 -0.1174919111174048 14.4813718313726
1658 -0.2463139419477705 -0.0445231748979294 9.664720813938118
1659 0.07045459664911929 0.2274362485478651 0.6355474355617646
1660 0.05026794015476702 -0.2507104335563615 0.5609509096072021
1661 -0.2342801658203532 0.09018766964123653 5.090839258705674
1662 0.1725151856856742 -0.1646267575207664 4.867566472822413
1663 0.2547301085729379 0.005330521125273989 9.507524068360265
1664 0.2282188577642688 -0.01302590452194072 12.74638584765407
1665 0.2295281427737672 0.1105535693247029 7.028722375005148
1666 0.08753327797982786 0.2395845500216562 13.38948965371686
1667 -0.1902299877557649 0.1754389091891525 1.611449993284252
1668 -0.2475798152777125 -0.04679172933901188 8.064474268662552
1669 0.2546372091624036 -0.03994289983951928 0.2514160088529377
1670 0.192051378361208 -0.1488952924280084 0.965667998572675
1671 0.2498140496468296 0.04286221908630705 6.665934285670403
1672 0.2510090560496044 0.05427071001416676 7.967276179265357
1673 0.2483981787489332 0.04608077398135502 8.465826546362214
1674 -0.1827116161104056 0.1794059216919839 6.64484883000257
1675 -0.1841663639457877 0.1777146555783701 8.445032073802002
1676 0.2516404390033363 0.06321354737607324 8.78446651821168
1677 0.2433642647846398 0.02065277280232372 1.148969785085002
1678 0.1658456081001065 -0.1817136888411017 6.562341749074782
1679 0.1757553690924463 0.1799312667763509 5.363351582308457
1680 -0.2458156145306824 -0.103104932112364 11.51737024299883
1681 0.2505355131459024 -0.03543138360678641 4.311252133537591
1682 0.1262574144472758 -0.2236309146044078 1.615388351296648
1683 0.2578224262755864 -0.01180157891994694 10.07537324604733
1684 0.005496441575053107 0.2565876458237759 3.019176653831191
1685 0.2420036726619905 -0.07519358284767465 0.5861667626343777
1686 0.04190833193887809 -0.2584806979887344 12.09950998164611
1687 0.03418597449404184 -0.2498696265620759 2.968184932547958
1688 0.2454604063194712 -0.002440974606420836 1.617915212439756
1689 0.2580296538529182 -0.03808759453761709 5.459428553888502
1690 -0.2516109643175346 0.04451486176484919 2.356850541728007
1691 0.2432267470868664 -0.03591366480153803 11.5219369865655
1692 -0.09470726065614055 0.2436262650256878 14.44116772810331
1693 0.2192076128111339 -0.123150280659157 14.46428010119242
1694 -0.2627090938476307 -0.06656225359395974 8.312550473133944
1695 0.2500325553128885 -0.06436330886411122 11.03171393358887
1696 -0.265875916265985 -0.04796884567767689 1.536128482147918
1697 0.2360034120060509 -0.1099477876768922 4.025172918549891
1698 0.1936474931185111 0.158418134841284 12.0414095883193
1699 -0.2003629125376423 -0.1857699339983684 7.424420012346275
1700 -0.0389081897688957 0.2583690116069147 5.45671106816553
1701 -0.09202626743171077 -0.2593824613772879 1.019752677284884
1702 -0.1928756050572131 0.1919266235070202 10.22532567184896
1703 -0.2701760041412539 -0.01519270932529617 3.997983558756773
1704 0.18724474291829 0.1922872149852211 5.107032153561172
1705 -0.008150456645079115 -0.2635361385840608 8.492867093020887
1706 0.2347930688819567 -0.10896010717122 13.46826320707549
1707 -0.0524003016830123 -0.2544169744226257 9.667269930057255
1708 0.1576563113647964 -0.2099436850505832 8.86686219993188
1709 0.2099372864436205 -0.1626940070207894 6.291586738827229
1710 0.1447019646560183 0.2315362848577907 14.01301258588653
1711 0.141646386708549 0.2265504862055699 7.832153673834754
1712 -0.06489048106913245 -0.2501658477175023 13.33113543284732
1713 -0.1979016874967053 0.1668523208828734 7.957052022254627
1714 -0.2400706296033607 0.1346907093760596 4.375603021521631
1715 -0.2522484164689675 0.1176486719474481 7.518375427015452
1716 -0.2683645404459336 -0.05530878436900622 6.537636130034151
1717 -0.05254131078742334 -0.2738167317515495 6.616030429143314
1718 -0.03126169782104223 0.2672819100617737 10.98497723637742
1719 0.1686857694887989 -0.2109537816205274 11.67089824158265
1720 0.0312690810317742 -0.2756905307049669 7.520131535830527
1721 -0.1426159481438761 -0.2287998727760999 7.946763925315444
1722 0.16737114058148 0.2045574188020993 10.14933404072839
1723 -0.1281695659894576 0.2466606169497119 10.52951602413805
1724 0.1869711537243319 -0.194642755174376 10.54346523617296
1725 -0.2682013433563904 -0.02991978620528611 2.833247806970177
1726 -0.1666901768739986 -0.1989603907904069 0.4613935329343856
1727 -0.08242465531436696 -0.2655334886735822 10.61036721494949
1728 -0.2452377016660511 0.1145789419199688 7.077695236549812
1729 -0.2737618610712264 -0.02490116789617641 3.418581015991123
1730 0.164113049464254 -0.2170006926983163 4.447206400357964
1731 -0.200158821909007 -0.1834108828400861 14.24282803871907
1732 0.1947424864218401 0.1939096657365664 4.339334444299745
1733 0.08133688583325402 -0.2625654009724899 7.068490589376452
1734 0.1326118763162792 0.2032471879642648 14.49134279070182
1735 0.1159426593994209 0.2572700973781936 10.60084676770204
1736 -0.2394714133883446 0.1270386542374068 6.183050508288175
1737 -0.02370859074061026 -0.274550088293655 14.79323812334083
1738 0.2705149862818855 -0.02600620222995076 2.240023931919491
1739 -0.2176856289677519 -0.1760208342768315 5.438167456216727
1740 0.2718130623030441 0.04686635363479817 3.11317904594641
1741 -0.2147637555080698 -0.1584554353728633 8.521909933685205
1742 -0.2019448280137575 0.1819730764765521 3.669211173539445
1743 0.1812796194553438 -0.2015640308639096 10.24803640721194
1744 0.1944498874932801 0.2005428830752668 3.904396806372175
1745 0.1611397725749064 0.2197075870773715 11.67313530632425
1746 0.2792558552108766 0.03848567674968476 13.28785896809256
1747 0.2258771666738656 0.1600770382993405 7.537182436713382
1748 -0.1345634111478856 -0.2446171465422809 2.479569890112125
1749 0.2199502329933697 -0.154370745685932 3.618416740991871
1750 0.01491146409460258 0.2750499923403095 4.034764908475797
1751 0.01670861319285356 -0.2757035984021979 6.160903118949676
1752 -0.2522983586774438 0.09941913505139838 10.84624657668563
1753 -0.2338156730252349 0.153237903168035 0.6028373370750187
1754 -0.2713800291142465 0.1085352510967826 14.49911227670731
1755 -0.269243956755004 -0.0685835038629333 12.97615964301075
1756 0.2806604585552773 0.06948858974268093 14.60608502703364
1757 -0.2310321182149987 -0.183025134065457 10.41731936753246
1758 0.05020425712217468 0.2676923978283412 9.435885944358109
1759 0.243756752440112 0.1299179842378434 12.96374482466766
1760 -0.2950326872558598 -0.001114819380296807 9.418547703474802
1761 0.2148992026495933 -0.227411612611591 0.1796259068378415
1762 0.05815825121647342 0.2665189599900522 6.039648946522496
1763 -0.2610693267227424 0.08500002783826231 5.803533263365466
1764 -0.2247868514082665 -0.1568824434192272 6.73649597223968
1765 0.2365942588351212 0.1409231586631813 0.4929080619952802
1766 0.2020983739884957 -0.1793689837295911 7.845369992342294
1767 -0.2593600966631816 0.09133581015493733 2.006317221733899
1768 -0.2642400475477362 0.07619112028150472 9.20363479107268
1769 -0.1038387578280366 0.2579994988817252 2.385292542612508
1770 0.05611666315634126 -0.2724128532459755 12.45427509272386
1771 -0.2834110452495318 0.0411760316143881 14.08056618270162
1772 -0.2539479953762612 0.1358687284482404 12.48705319083389
1773 -0.2090174578114217 -0.1991041245394873 7.648786766535459
1774 -0.2346822064220262 0.1638411337282386 9.580791923517186
1775 0.008782838615898902 -0.2789251199264965 9.208655362810184
1776 -0.213137136825996 -0.2116962158952166 11.81830181931221
1777 -0.0005310876067418924 0.006731541048967338 14.79108867035429
1778 0.2878993046411876 0.0236591030570894 9.729170505226644
1779 -0.01295664981011842 0.2999766528897112 2.62230496228285
1780 0.2765531783189135 -0.02553334924651819 5.010839078468691
1781 -0.0051554788619676 -0.2870159189035399 10.94652081289915
1782 -0.2949196671725216 -0.001243314212819521 6.007714172069311
1783 -0.2851252451420065 -0.04670337379396003 2.558795551288417
1784 -0.195292139013617 -0.2176701564844684 3.88026255260628
1785 -0.03734379893986493 -0.2907850287277176 2.044066473658241
1786 -0.2080650531988502 0.2175426943386503 4.619190523172755
1787 0.04279064876134511 0.2744339810382075 3.4148456125751
1788 -0.02904205887041894 -0.2915679840202564 5.84328121767432
1789 -0.08904866778853628 -0.2818693098416827 0.1822826764588796
1790 0.2406760725049515 0.151772383623427 1.456548825070665
1791 0.01382397443750633 0.2784939956131 13.59723188533737
1792 -0.1199094616065587 -0.2523977392872085 11.40988851910513
1793 0.1952831382511663 0.2114100934067019 4.561955496821644
1794 -0.1790874028278518 -0.2350319179240025 12.08778901614849
1795 0.0883592422232499 -0.2758203357875183 3.978581130825341
1796 -0.0717679143524117 0.2745962352050599 1.133049553605733
1797 0.0347470824055555 0.2762534451115088 7.222212206647848
1798 0.01985741156235833 0.2920343032286705 2.070383440866831
1799 0.2782569144061418 0.13012142667177 14.826274314502
1800 -0.2799590882561103 0.006093145340512644 13.31102228927662
1801 -0.2837092516934808 -0.05385209538345954 10.24607390815972
1802 -0.2177089041926561 0.1745469355781106 11.9119576179655
1803 0.0570612425665574 0.2818547212690892 12.16328440254875
1804 0.01541108145254697 -0.3030701180107874 2.716021271889156
1805 0.2084590083358278 -0.1840242286136664 12.22703774336951
1806 -0.04529019985533848 -0.2768515159891796 14.11782415099217
1807 -0.2878536461920287 -0.0415906401749473 3.176370515840094
1808 0.04811053131968977 0.2942485634693185 1.738513239869346
1809 -0.209713885923496 0.1871018899078346 3.93691460625563
1810 -0.221542079129477 -0.1730966706497934 4.703473113582343
1811 0.001403652821897708 -0.0004869301267996784 0.201812606609854
1812 -0.122153046824975 -0.2577601175059417 12.58094030562073
1813 -0.1802808829005406 0.2265252318789714 4.92776462813282
1814 -0.2523103237305655 0.1444054552123842 8.839758658478623
1815 -0.05209588756402755 0.2774152873006963 13.116830750603
1816 0.1577791505462079 0.2599972573132866 8.811021141812526
1817 0.1933913325407272 -0.2365437827039791 0.7357912510583188
1818 0.2830040134386358 -0.05798246005703285 9.277123601109436
1819 0.2778367007957441 -0.06366419575234937 5.880526081493857
1820 0.09804409746780304 0.2828239569718678 9.166748750401846
1821 -0.1286115184193348 -0.2724077612793038 7.123060497581411
1822 0.1334547629170837 0.2629574556269759 10.83522479314425
1823 0.2988277861195318 0.08188477786971526 10.60003663122976
1824 -0.2649557320313966 0.09966856934748769 10.61208436451906
1825 -0.2328717266131862 0.1772699743948988 0.2155750466866541
1826 -0.006723326835174889 -0.3022982648005481 2.31445191944758
1827 -0.262296787458356 -0.1397789268173329 4.409630605900248
1828 -0.02552915810936693 -0.2974686793843339 3.172447467629931
1829 -0.05714325900026337 0.2802635979591524 14.6514216044774
1830 -0.06041594578146117 0.2967744663959276 13.99967190708427
1831 0.2614529819352091 -0.1253220372686112 2.971615263760128
1832 0.1055082840718722 0.281011569283184 5.76576436860994
1833 -0.2632876664038661 -0.1125077101144555 8.806425313537877
1834 -0.1075991085640067 -0.2757006400351993 4.068470256852808
1835 -0.08192963887159636 -0.2922159968543021 12.79240243527996
1836 0.2970010003951488 0.0001718851997686055 2.684979032560085
1837 -0.09376503269986372 0.2822036295458749 6.811396855437873
1838 -0.09672379984554397 0.2822378523639117 8.611197514782013
1839 0.005199528580867085 0.2927136744417725 0.1805373644590286
1840 -0.04131781184089291 0.3076255728219569 3.221281711574496
1841 0.1030254062024522 -0.2928217236187585 1.413996721226068
1842 0.2841439063512907 0.06221971463377736 12.54676109208229
1843 0.1365080743372108 -0.2607413007854281 9.569336198675723
1844 0.06949888733559657 0.2788272130043482 2.817395516545571
1845 0.2438575522358652 -0.1951372371719901 13.90098364853326
1846 -0.3013979106835178 -0.08332737884677506 2.119369132701332
1847 -0.2185123069203107 -0.2139173207200052 1.659182631185984
1848 0.04162506486223558 -0.03097172657950856 13.85484779742715
1849 -0.3021187797337372 0.04916037789425166 13.75165621109027
1850 -0.268934874412367 -0.1132809194167687 6.994115962202654
1851 -0.0693781263731246 0.2856379662737237 12.56583610753312
1852 -0.0141292101236617 0.05579579580706816 11.36410548279065
1853 0.1188760570805248 -0.2825341862650811 13.43159243834551
1854 0.2940362019985144 0.03593308376805791 1.964718403953254
1855 0.2989563858803711 0.01912708818991884 14.13301585560092
1856 0.1079161340023517 0.2884468036284192 12.4390147036772
1857 0.05786862094396839 -0.2957025472410332 7.947028147172753
1858 -0.3020499214063758 0.04717381589091586 9.845847423187527
1859 -0.2842092904886472 0.1305369163728077 0.9237047436682303
1860 0.1546627014496798 -0.2504108286669807 12.85664060843962
1861 0.2620058706553022 0.1484044061698333 0.9816005191555512
1862 -0.1079553665264348 0.2874823606585741 13.77550495021154
1863 0.02241265021794329 0.3030554731554675 14.83318492045256
1864 -0.273467335072323 0.1027918073811181 2.995925856059516
1865 -0.09739031973933812 -0.2924010261668694 13.76619237524332
1866 -0.002202920857562574 -0.3075974902196484 9.873454541544543
1867 -0.0645889759835786 0.2882937819411866 1.35582920049146
1868 0.1906737561863829 -0.2345099730792073 5.51669258955463
1869 -0.3030295398513448 0.05368439541621438 11.27160110920883
1870 -0.1049947533486942 0.2867860075878316 6.169136869598369
1871 0.01025179345275397 0.002306327007828516 10.75976374083602
1872 0.03801009488521878 -0.04245769780427854 13.06921442234943
1873 -0.08565038837564536 0.3074202260856103 11.4192167487291
1874 0.05314073521245596 0.2896551489323794 9.856947553204876
1875 -0.3136238531243648 -0.02278990771737011 12.60872333050901
1876 -0.009528253512239196 -0.008372740608885704 3.776981211492561
1877 -0.2850965631007858 0.1389329741399454 7.723681110751245
1878 -0.1187681464125946 -0.2734135410690274 11.188843588412
1879 0.2075585997593838 -0.2046851138418044 4.659667961050536
1880 0.2656787472769955 0.1515308526300317 6.248631672496094
1881 -0.2639351039685279 0.157760505069091 11.63279279767517
1882 0.1960334983438294 -0.2369201846429721 11.87595050871932
1883 0.2425102527194633 0.1793875562349972 2.269813942136395
1884 -0.001321670267089608 -0.01364901746977874 4.160694277439858
1885 -0.3380959860251922 0.05869700298082588 4.190831580444905
1886 0.1964693020876391 -0.2231106224428558 7.639535175924629
1887 -0.275785238940597 -0.1099193486336062 5.051717577775385
1888 0.01568195418022468 0.003795780839608728 10.37610946016441
1889 -0.2988389068045436 -0.002681601486119609 0.4762339313870185
1890 -0.1459174163938608 -0.2566842453588433 2.838531511178227
1891 0.202279987549687 0.2188203072244511 12.78031566105999
1892 0.297058698319578 -0.08206676393189213 6.98140981992886
1893 -0.06189354423677514 0.3113811344702258 4.224014678593435
1894 0.2797035419714299 -0.1407504804683261 12.59083795534424
1895 -0.2615337625537939 -0.1779630801802689 12.4296196412666
1896 -0.2186350606615228 0.1955577754149966 5.539407689178216
1897 -0.05090302553141415 0.3148477201514198 3.619639337174631
1898 -0.115795360873391 0.2984366605285632 0.9348848881181621
1899 -0.005386853046017825 -0.004694195874844528 8.174992991833594
1900 -0.01079820674703998 -0.03942586816134908 1.278824167269782
1901 0.2948377787416095 -0.05907273796570077 3.292499005589149
1902 -0.005341438937145837 -0.004389428142662674 6.374931373406107
1903 -0.2211225531804246 0.2153328548639276 14.17104400036119
1904 0.2637010320232399 -0.1322880779196384 10.79790555981345
1905 -0.03390948075766996 0.03867009077900095 9.969191599504368
1906 -0.1651456036196597 -0.2451743282183779 10.82373637885608
1907 -0.302878037824781 -0.01579502502730695 7.370124994535423
1908 -0.236905468150729 -0.1781659544220451 1.891338706735859
1909 0.02243792362701245 -0.3052558699512205 4.88452871493194
1910 -0.1583501804760589 -0.2604435916348825 8.352695562966881
1911 -0.005629137917835795 -0.0007338614972334278 7.76313717611381
1912 -0.007666298942168359 -0.004584318392830744 7.31720235940497
1913 -0.1984226625723222 -0.238266820993923 6.475930888264095
1914 0.320420464519847 0.02956192377875699 9.095249885708252
1915 -0.3157275675530682 -0.001857684497749507 14.81566974132052
1916 -0.2322314372426305 -0.1844109518502059 5.691195469495839
1917 0.2872863701103702 0.1328083098247965 11.41060918531488
1918 0.007388277158287104 0.005805107437793278 1.875540989794368
1919 -0.2278334471273728 -0.190135460640719 9.091970583932689
1920 -0.2153753157689688 -0.2197872705582467 0.7993294826357001
1921 0.05365373390116097 0.2921231326260482 0.443065096380781
1922 0.006668711273462191 0.005891849333879526 5.673643290114924
1923 0.1872100181333063 0.2347961471309798 3.113945724957481
1924 -0.2706303696688181 0.1597590813382233 13.44528390093163
1925 -0.01060776014024661 -0.002635019075129721 8.618648042311603
1926 0.2907084938855796 0.005792607358426679 12.1942665301382
1927 0.3215901791260394 0.02135519768150583 5.699012964455997
1928 -0.01077438044432996 -0.00235331037259336 6.818615457370071
1929 0.04489712019181796 -0.2931631291148336 6.795006397372306
1930 0.004674838434529191 0.005952055977803961 9.072230312390667
1931 0.2522957621103598 -0.1702957755444653 1.236365467092173
1932 0.242601453191327 -0.2011477788611313 5.115642244135851
1933 -0.2996572199903518 0.05299242635891403 12.81520259878728
1934 0.2355122181653675 -0.1880198432108195 11.27096086973825
1935 0.008768250110568893 -0.0100701861800757 12.66516276022496
1936 0.2219992414474951 -0.1959135298034247 2.354406215631647
1937 0.0005177241359668291 0.01145175332637239 12.37179998343935
1938 0.0073191250914168 -0.3025816767674118 10.2179064982876
1939 0.2259703613192624 0.1908905101558659 10.43881431842107
1940 -0.04624386250721949 0.2937666904084328 7.912063857154815
1941 0.08476827803430884 -0.3057484067904552 8.688745431001628
1942 -0.03717178129477061 0.03381582197123038 3.372683459958723
1943 -0.0371442611950408 0.03403540830397525 2.772875917231651
1944 0.2356038259028153 -0.1829248609982343 0.4051108720164436
1945 -0.0211517864050066 -0.3155872789627124 9.405295151696182
1946 -0.09391808911024685 0.3074087746362319 9.602634313747544
1947 0.01093544839793442 0.004331079725812176 11.17026234247817
1948 0.2316626060521251 0.2100907160733036 9.515074099679691
1949 -0.2007350783634452 -0.2425551821844168 13.05224168358182
1950 -0.05081716155900529 0.0008432093319120648 4.772053850168476
1951 -0.1245392457771035 -0.2741423993562588 14.41662849624895
1952 -0.007806810457623874 0.002354786634328393 14.333586252608
1953 -0.04980068070334889 0.0002737638683034157 11.97327950614931
1954 -0.0850870552412256 -0.3139821004989616 5.216136116417395
1955 -0.001689349735710502 0.02082284058969719 13.66478125385622
1956 -0.05197913198439529 -0.3196118237989206 1.613584050281386
1957 0.1415609306110452 0.2936815121168009 7.012710376905536
1958 0.02038657916115579 -0.02664449373758418 2.567920527446407
1959 -0.01236329262433051 0.01215625914611682 9.368024269312961
1960 -0.2752702433307212 -0.1551274147187996 9.974901097031173
1961 -0.143357240746013 0.2719915604471449 12.86732259975494
1962 0.190591632229292 -0.2548343708252401 10.98270447458998
1963 -0.01262544611472269 0.01239169953047985 5.968251570512393
1964 0.2112949990464575 0.2284673070893656 1.63954780441935
1965 0.007428792941631332 -0.0142685597694045 2.169102290441126
1966 -0.00480920854205005 0.001576883389838829 5.16856805898591
1967 0.306933062355445 0.02722799616791977 13.73653293709935
1968 0.0004333650143509421 0.01165845225407164 9.769041082214924
1969 0.09649257198227582 -0.3048163193121625 13.71361756153235
1970 -0.2569109702667977 0.2036307208224042 1.816859447686255
1971 0.2116898789577979 -0.2085107392276176 3.830085127654653
1972 -0.1088134698037502 0.3021521133945699 13.44050841272082
1973 0.2313123294996018 -0.2323053575627625 14.29681131087195
1974 0.01571376219983509 0.006539705834118476 0.7221749946705455
1975 -0.07681470649053189 -0.07834894845561788 10.53926287725469
1976 -0.0712306329594587 -0.2997960348615317 3.373438039382686
1977 -0.3059264033289582 -0.01311340014620461 1.343515551764089
1978 -0.2839058905217399 -0.1478912802269693 9.283026470217482
1979 0.009451433760558015 9.066995536520517e-05 13.26428932006469
1980 0.1966345478325575 0.2535757958924855 6.422240853574481
1981 0.1988205227826795 0.2460201898348962 11.26411377720471
$EndNodes
$Elements
7306
1 4 2 1 1 1556 1574 113 1683
2 4 2 1 1 1461 1471 1437 1539
3 4 2 1 1 1437 1471 1461 1546
4 4 2 1 1 1447 1470 1460 1538
5 4 2 1 1 1493 1610 1305 1647
6 4 2 1 1 255 1773 1715 1877
7 4 2 1 1 1460 1470 1447 1553
8 4 2 1 1 1467 1576 591 1634
9 4 2 1 1 1529 1065 1617 1751
10 4 2 1 1 1441 1472 1467 1541
11 4 2 1 1 878 1635 1851 1891
12 4 2 1 1 1467 1472 1441 1547
13 4 2 1 1 882 1537 1586 1725
14 4 2 1 1 985 1621 1528 1652
15 4 2 1 1 223 1637 1484 1752
16 4 2 1 1 474 1610 1507 1647
17 4 2 1 1 698 1705 1653 1910
18 4 2 1 1 1609 1617 1065 1751
19 4 2 1 1 698 1653 1531 1910
20 4 2 1 1 492 1611 1508 1638
21 4 2 1 1 1407 1424 1417 1473
22 4 2 1 1 1518 1582 776 1710
23 4 2 1 1 508 1786 1467 1813
24 4 2 1 1 1524 1578 976 1598
25 4 2 1 1 54 1587 1500 1619
26 4 2 1 1 462 1540 1511 1820
27 4 2 1 1 126 1665 1496 1671
28 4 2 1 1 453 1578 1548 1702
29 4 2 1 1 1626 1659 540 1753
30 4 2 1 1 394 1476 540 1659
31 4 2 1 1 1597 1670 575 1701
32 4 2 1 1 1099 1637 223 1752
33 4 2 1 1 508 1006 1786 1813
34 4 2 1 1 474 472 1507 1610
35 4 2 1 1 1612 1816 1640 1820
36 4 2 1 1 255 1570 1773 1877
37 4 2 1 1 1520 1603 1185 1712
38 4 2 1 1 496 1544 1510 1832
39 4 2 1 1 443 575 1670 1701
40 4 2 1 1 591 1576 1467 1793
41 4 2 1 1 1556 1683 113 1778
42 4 2 1 1 1255 1487 1650 1661
43 4 2 1 1 492 490 1508 1611
44 4 2 1 1 1496 1611 614 1671
45 4 2 1 1 1323 1473 1424 1669
46 4 2 1 1 1255 1250 1487 1661
47 4 2 1 1 1476 540 1659 1753
48 4 2 1 1 452 1548 453 1578
49 4 2 1 1 465 1640 1816 1820
50 4 2 1 1 1255 1650 1487 1700
51 4 2 1 1 962 1762 1645 1880
52 4 2 1 1 882 1586 883 1725
53 4 2 1 1 962 1481 1645 1762
54 4 2 1 1 188 1616 1625 1865
55 4 2 1 1 1024 1255 1250 1487
56 4 2 1 1 1043 1676 1708 1914
57 4 2 1 1 1467 1634 508 1813
58 4 2 1 1 1542 1798 1648 1883
59 4 2 1 1 1304 1305 1610 1647
60 4 2 1 1 126 1665 1671 1892
61 4 2 1 1 1407 1424 1473 1669
62 4 2 1 1 423 878 1851 1891
63 4 2 1 1 462 987 1511 1540
64 4 2 1 1 1432 1482 1466 1566
65 4 2 1 1 1497 1604 1053 1689
66 4 2 1 1 188 191 1616 1865
67 4 2 1 1 1053 1604 1497 1932
68 4 2 1 1 330 1549 1729 1742
69 4 2 1 1 1466 1482 1432 1900
70 4 2 1 1 609 1499 1610 1673
71 4 2 1 1 53 1500 942 1665
72 4 2 1 1 557 1510 496 1544
73 4 2 1 1 1466 1432 1521 1900
74 4 2 1 1 1511 1596 1280 1814
75 4 2 1 1 1482 1521 1432 1900
76 4 2 1 1 53 1619 1500 1665
77 4 2 1 1 992 1511 1280 1814
78 4 2 1 1 923 976 1578 1598
79 4 2 1 1 453 1548 451 1702
80 4 2 1 1 554 1487 1250 1813
81 4 2 1 1 533 1648 1769 1798
82 4 2 1 1 577 1698 1471 1745
83 4 2 1 1 1487 1661 1250 1813
84 4 2 1 1 554 1024 1250 1487
85 4 2 1 1 1609 1788 272 1916
86 4 2 1 1 1280 1596 1511 1768
87 4 2 1 1 673 1550 1519 1788
88 4 2 1 1 1280 1511 992 1768
89 4 2 1 1 1121 1670 1479 1701
90 4 2 1 1 1533 1554 844 1854
91 4 2 1 1 1542 1478 1798 1883
92 4 2 1 1 626 776 1518 1582
93 4 2 1 1 1484 1637 223 1906
94 4 2 1 1 273 1782 272 1916
95 4 2 1 1 443 1597 575 1701
96 4 2 1 1 1546 1698 840 1745
97 4 2 1 1 1115 1567 1521 1597
98 4 2 1 1 1060 614 1611 1671
99 4 2 1 1 194 1625 1712 1800
100 4 2 1 1 53 54 1500 1619
101 4 2 1 1 126 1496 1316 1671
102 4 2 1 1 650 1562 1599 1649
103 4 2 1 1 1524 1598 976 1858
104 4 2 1 1 1185 1520 834 1603
105 4 2 1 1 1459 1788 1609 1916
106 4 2 1 1 985 1652 1528 1744
107 4 2 1 1 1554 1738 844 1854
108 4 2 1 1 629 1588 1533 1682
109 4 2 1 1 933 1305 1493 1610
110 4 2 1 1 933 1610 1493 1673
111 4 2 1 1 430 1636 1471 1803
112 4 2 1 1 279 1661 1650 1887
113 4 2 1 1 1460 1621 1342 1787
114 4 2 1 1 1064 272 1788 1916
115 4 2 1 1 650 1649 1599 1976
116 4 2 1 1 1493 1627 1056 1653
117 4 2 1 1 882 1537 1725 1783
118 4 2 1 1 1186 1538 1584 1729
119 4 2 1 1 465 1511 1640 1820
120 4 2 1 1 698 1627 1531 1653
121 4 2 1 1 1121 1479 444 1701
122 4 2 1 1 1520 1590 834 1603
123 4 2 1 1 609 1610 933 1673
124 4 2 1 1 574 1505 916 1623
125 4 2 1 1 1522 1708 1676 1914
126 4 2 1 1 453 452 451 1548
127 4 2 1 1 1506 1613 479 1711
128 4 2 1 1 916 1505 910 1869
129 4 2 1 1 194 1712 1468 1800
130 4 2 1 1 279 1650 1488 1887
131 4 2 1 1 1205 1630 1464 1648
132 4 2 1 1 255 1715 1773 1907
133 4 2 1 1 492 491 1611 1638
134 4 2 1 1 219 1637 1623 1869
135 4 2 1 1 1073 1570 255 1877
136 4 2 1 1 1362 1615 1532 1693
137 4 2 1 1 1013 1650 279 1661
138 4 2 1 1 689 1515 1587 1619
139 4 2 1 1 379 1567 1115 1597
140 4 2 1 1 1125 1593 1478 1798
141 4 2 1 1 1475 1654 138 1695
142 4 2 1 1 91 1532 1395 1799
143 4 2 1 1 1039 53 942 1665
144 4 2 1 1 73 1475 138 1695
145 4 2 1 1 909 910 916 1505
146 4 2 1 1 1485 1851 1635 1891
147 4 2 1 1 1612 1640 1511 1820
148 4 2 1 1 188 1625 1462 1865
149 4 2 1 1 474 473 1610 1647
150 4 2 1 1 626 1582 1518 1734
151 4 2 1 1 1036 1472 1213 1639
152 4 2 1 1 971 1493 1305 1672
153 4 2 1 1 574 1505 1623 1718
154 4 2 1 1 334 1013 279 1661
155 4 2 1 1 752 1556 1663 1843
156 4 2 1 1 1533 842 1682 1688
157 4 2 1 1 379 1521 1115 1567
158 4 2 1 1 1542 1769 1648 1798
159 4 2 1 1 423 1851 1485 1891
160 4 2 1 1 1033 1508 490 1674
161 4 2 1 1 1621 1652 1342 1787
162 4 2 1 1 602 1660 1726 1920
163 4 2 1 1 707 1591 1522 1708
164 4 2 1 1 490 1508 1611 1674
165 4 2 1 1 631 1554 1533 1785
166 4 2 1 1 1529 1617 1065 1913
167 4 2 1 1 1098 1209 1564 1800
168 4 2 1 1 1648 1798 533 1883
169 4 2 1 1 923 976 922 1578
170 4 2 1 1 577 840 1698 1745
171 4 2 1 1 219 221 1623 1637
172 4 2 1 1 1507 1610 472 1675
173 4 2 1 1 472 564 1507 1675
174 4 2 1 1 219 1465 1637 1869
175 4 2 1 1 1056 1493 141 1627
176 4 2 1 1 219 221 349 1623
177 4 2 1 1 113 1556 935 1574
178 4 2 1 1 839 1546 1583 1698
179 4 2 1 1 507 1467 591 1634
180 4 2 1 1 513 1750 1732 1893
181 4 2 1 1 1099 221 223 1637
182 4 2 1 1 1186 1584 1240 1729
183 4 2 1 1 1340 1652 985 1744
184 4 2 1 1 430 1471 429 1803
185 4 2 1 1 1417 1407 1473 1669
186 4 2 1 1 1209 1755 1564 1800
187 4 2 1 1 379 1597 391 1701
188 4 2 1 1 1353 1478 1125 1593
189 4 2 1 1 209 1794 1655 1895
190 4 2 1 1 379 1567 1597 1701
191 4 2 1 1 504 1634 1487 1813
192 4 2 1 1 1484 1757 225 1824
193 4 2 1 1 1494 1587 55 1886
194 4 2 1 1 1486 1495 1455 1744
195 4 2 1 1 396 1185 1603 1712
196 4 2 1 1 126 1671 51 1892
197 4 2 1 1 599 776 1582 1710
198 4 2 1 1 513 592 1732 1750
199 4 2 1 1 1049 1576 1547 1879
200 4 2 1 1 1099 1623 1637 1752
201 4 2 1 1 279 1488 1650 1739
202 4 2 1 1 1224 1604 1217 1739
203 4 2 1 1 35 1528 985 1621
204 4 2 1 1 1455 1495 1486 1750
205 4 2 1 1 1036 1472 1639 1810
206 4 2 1 1 1507 1675 1274 1694
207 4 2 1 1 675 1550 673 1788
208 4 2 1 1 37 1528 1697 1744
209 4 2 1 1 143 1497 1053 1689
210 4 2 1 1 640 1630 1629 1836
211 4 2 1 1 143 1053 1497 1932
212 4 2 1 1 1460 1538 1470 1942
213 4 2 1 1 698 1234 1705 1910
214 4 2 1 1 1650 1661 1488 1887
215 4 2 1 1 53 54 942 1500
216 4 2 1 1 1043 1708 1522 1914
217 4 2 1 1 700 1653 698 1705
218 4 2 1 1 609 1303 1499 1673
219 4 2 1 1 37 127 1528 1744
220 4 2 1 1 126 1316 1496 1665
221 4 2 1 1 1533 26 1688 1854
222 4 2 1 1 1655 1794 1575 1895
223 4 2 1 1 574 909 916 1505
224 4 2 1 1 234 1658 1463 1707
225 4 2 1 1 1495 1732 592 1750
226 4 2 1 1 1519 1589 673 1788
227 4 2 1 1 882 1725 328 1783
228 4 2 1 1 1467 1541 1472 1950
229 4 2 1 1 54 1500 1587 1747
230 4 2 1 1 544 1659 1614 1898
231 4 2 1 1 916 1623 1505 1869
232 4 2 1 1 123 1677 1482 1790
233 4 2 1 1 432 1471 571 1641
234 4 2 1 1 1487 1634 505 1704
235 4 2 1 1 379 1115 391 1597
236 4 2 1 1 91 1371 1395 1532
237 4 2 1 1 966 1645 1550 1709
238 4 2 1 1 631 1533 629 1588
239 4 2 1 1 1049 1662 1576 1879
240 4 2 1 1 1205 1464 1630 1836
241 4 2 1 1 1522 1591 707 1775
242 4 2 1 1 462 1758 1540 1820
243 4 2 1 1 1264 1617 1508 1716
244 4 2 1 1 279 1650 277 1739
245 4 2 1 1 1389 1395 1532 1799
246 4 2 1 1 1218 1213 1036 1472
247 4 2 1 1 1095 225 1757 1824
248 4 2 1 1 1053 1689 1604 1868
249 4 2 1 1 492 491 490 1611
250 4 2 1 1 571 432 430 1471
251 4 2 1 1 1049 41 1547 1576
252 4 2 1 1 388 540 394 1476
253 4 2 1 1 1471 1539 1461 1953
254 4 2 1 1 318 1696 1521 1977
255 4 2 1 1 923 1598 1578 1702
256 4 2 1 1 972 971 1305 1672
257 4 2 1 1 505 1487 504 1634
258 4 2 1 1 1023 127 37 1744
259 4 2 1 1 504 1487 554 1813
260 4 2 1 1 394 1659 544 1898
261 4 2 1 1 192 194 1625 1712
262 4 2 1 1 662 1639 1472 1730
263 4 2 1 1 338 1674 1526 1716
264 4 2 1 1 915 1718 1623 1752
265 4 2 1 1 1508 1674 1264 1716
266 4 2 1 1 474 473 472 1610
267 4 2 1 1 318 316 1521 1696
268 4 2 1 1 141 1627 1493 1672
269 4 2 1 1 915 574 1623 1718
270 4 2 1 1 474 1507 1003 1940
271 4 2 1 1 589 777 1480 1646
272 4 2 1 1 505 503 1487 1704
273 4 2 1 1 1589 1604 1224 1739
274 4 2 1 1 752 1556 967 1663
275 4 2 1 1 496 1762 1544 1832
276 4 2 1 1 1116 1115 379 1521
277 4 2 1 1 1342 1460 921 1621
278 4 2 1 1 1084 234 1463 1707
279 4 2 1 1 141 1493 58 1672
280 4 2 1 1 991 1511 992 1814
281 4 2 1 1 1116 1521 379 1567
282 4 2 1 1 138 1654 1475 1981
283 4 2 1 1 452 1548 1578 1722
284 4 2 1 1 1607 1658 234 1707
285 4 2 1 1 1337 1516 764 1789
286 4 2 1 1 976 1524 922 1578
287 4 2 1 1 650 1190 1649 1976
288 4 2 1 1 24 1482 123 1677
289 4 2 1 1 255 340 1715 1907
290 4 2 1 1 48 1709 49 1880
291 4 2 1 1 1049 41 1576 1662
292 4 2 1 1 321 325 1567 1577
293 4 2 1 1 509 591 507 1467
294 4 2 1 1 279 1013 277 1650
295 4 2 1 1 1125 1593 1798 1808
296 4 2 1 1 1304 612 1305 1647
297 4 2 1 1 564 474 472 1507
298 4 2 1 1 1279 1274 1675 1694
299 4 2 1 1 49 1709 1492 1880
300 4 2 1 1 420 1474 1139 1666
301 4 2 1 1 569 922 976 1524
302 4 2 1 1 134 1630 1205 1648
303 4 2 1 1 1567 1577 325 1622
304 4 2 1 1 842 1533 26 1688
305 4 2 1 1 334 1661 279 1887
306 4 2 1 1 1499 1673 1303 1676
307 4 2 1 1 24 123 1482 1790
308 4 2 1 1 1016 1613 1506 1715
309 4 2 1 1 569 922 1524 1578
310 4 2 1 1 700 698 1234 1705
311 4 2 1 1 109 1671 1492 1678
312 4 2 1 1 443 1670 1121 1701
313 4 2 1 1 492 490 1033 1508
314 4 2 1 1 782 113 935 1574
315 4 2 1 1 609 933 1303 1673
316 4 2 1 1 477 1506 479 1711
317 4 2 1 1 192 193 194 1712
318 4 2 1 1 358 1607 234 1707
319 4 2 1 1 1412 1516 1337 1789
320 4 2 1 1 1264 1508 1617 1736
321 4 2 1 1 1449 1669 1765 1944
322 4 2 1 1 295 330 1549 1729
323 4 2 1 1 1348 1614 1502 1861
324 4 2 1 1 138 1475 982 1981
325 4 2 1 1 1279 1675 1078 1694
326 4 2 1 1 626 599 776 1582
327 4 2 1 1 420 1237 1139 1474
328 4 2 1 1 443 575 1121 1670
329 4 2 1 1 673 1589 1519 1868
330 4 2 1 1 707 706 1591 1708
331 4 2 1 1 464 462 1511 1820
332 4 2 1 1 503 1487 1679 1700
333 4 2 1 1 933 1304 1305 1610
334 4 2 1 1 1217 1739 1604 1954
335 4 2 1 1 206 1794 209 1895
336 4 2 1 1 477 478 479 1506
337 4 2 1 1 464 462 987 1511
338 4 2 1 1 1533 1588 631 1785
339 4 2 1 1 1493 1653 1056 1673
340 4 2 1 1 498 496 1510 1832
341 4 2 1 1 882 1537 1173 1586
342 4 2 1 1 89 1518 152 1693
343 4 2 1 1 474 1647 1507 1940
344 4 2 1 1 504 505 503 1487
345 4 2 1 1 1323 175 1473 1669
346 4 2 1 1 1099 1623 221 1637
347 4 2 1 1 1449 1669 1489 1811
348 4 2 1 1 689 1587 746 1619
349 4 2 1 1 1364 1726 1489 1789
350 4 2 1 1 1449 1473 1669 1811
351 4 2 1 1 498 496 557 1510
352 4 2 1 1 152 1693 1518 1973
353 4 2 1 1 840 1546 839 1698
354 4 2 1 1 698 697 1627 1653
355 4 2 1 1 1186 1538 892 1584
356 4 2 1 1 437 1654 1505 1718
357 4 2 1 1 561 1613 1016 1715
358 4 2 1 1 1333 591 1576 1634
359 4 2 1 1 219 1623 349 1869
360 4 2 1 1 318 1521 1567 1977
361 4 2 1 1 377 1608 1785 1846
362 4 2 1 1 1608 307 1748 1783
363 4 2 1 1 1516 1726 764 1789
364 4 2 1 1 140 1676 1513 1708
365 4 2 1 1 595 1125 1478 1798
366 4 2 1 1 152 1518 1855 1973
367 4 2 1 1 783 1724 1565 1743
368 4 2 1 1 1098 1564 1552 1800
369 4 2 1 1 445 1660 602 1920
370 4 2 1 1 942 1500 1314 1665
371 4 2 1 1 836 1590 1520 1746
372 4 2 1 1 1056 58 141 1493
373 4 2 1 1 1495 1441 1732 1893
374 4 2 1 1 1495 1884 1441 1893
375 4 2 1 1 1449 1669 1473 1765
376 4 2 1 1 1277 1507 1274 1668
377 4 2 1 1 234 1463 1658 1960
378 4 2 1 1 465 1511 466 1640
379 4 2 1 1 308 1608 307 1748
380 4 2 1 1 50 1492 109 1671
381 4 2 1 1 138 73 982 1475
382 4 2 1 1 1186 1538 1729 1807
383 4 2 1 1 1314 1665 1500 1957
384 4 2 1 1 958 157 1497 1704
385 4 2 1 1 595 1125 1353 1478
386 4 2 1 1 1039 942 1314 1665
387 4 2 1 1 1364 1167 1489 1726
388 4 2 1 1 206 1575 1794 1895
389 4 2 1 1 123 1551 1677 1790
390 4 2 1 1 55 1587 1494 1747
391 4 2 1 1 728 1189 1569 1878
392 4 2 1 1 156 1303 1673 1676
393 4 2 1 1 1314 1500 1797 1957
394 4 2 1 1 1477 1683 1556 1778
395 4 2 1 1 1033 490 559 1674
396 4 2 1 1 1167 1660 1489 1726
397 4 2 1 1 698 1531 1627 1857
398 4 2 1 1 1121 444 443 1701
399 4 2 1 1 503 1679 501 1700
400 4 2 1 1 188 195 1462 1625
401 4 2 1 1 330 1729 1239 1742
402 4 2 1 1 1118 1133 1624 1849
403 4 2 1 1 961 962 1481 1645
404 4 2 1 1 152 1518 89 1855
405 4 2 1 1 1023 38 1495 1697
406 4 2 1 1 1312 1613 1500 1747
407 4 2 1 1 845 1533 842 1682
408 4 2 1 1 933 1493 111 1673
409 4 2 1 1 337 1617 1264 1716
410 4 2 1 1 226 1484 1727 1757
411 4 2 1 1 1455 1486 1514 1750
412 4 2 1 1 226 1484 224 1727
413 4 2 1 1 1482 1682 121 1688
414 4 2 1 1 743 1592 1480 1967
415 4 2 1 1 1471 571 1641 1802
416 4 2 1 1 394 388 1476 1898
417 4 2 1 1 1480 1592 743 1710
418 4 2 1 1 1098 555 1552 1564
419 4 2 1 1 109 1678 1492 1709
420 4 2 1 1 1181 1461 1184 1776
421 4 2 1 1 194 1468 200 1800
422 4 2 1 1 741 1580 1242 1636
423 4 2 1 1 1261 1264 1674 1716
424 4 2 1 1 1494 1672 159 1711
425 4 2 1 1 791 1666 1474 1746
426 4 2 1 1 1000 1001 1527 1838
427 4 2 1 1 373 1649 294 1784
428 4 2 1 1 472 999 564 1675
429 4 2 1 1 561 1523 1613 1715
430 4 2 1 1 1691 1745 137 1917
431 4 2 1 1 882 883 328 1725
432 4 2 1 1 1468 1712 194 1949
433 4 2 1 1 743 1480 777 1646
434 4 2 1 1 915 914 1718 1752
435 4 2 1 1 1205 1630 134 1836
436 4 2 1 1 1505 1654 437 1981
437 4 2 1 1 882 1173 883 1586
438 4 2 1 1 1264 1617 337 1736
439 4 2 1 1 839 1546 77 1583
440 4 2 1 1 1121 1479 1670 1817
441 4 2 1 1 1058 1653 1513 1673
442 4 2 1 1 1027 1526 1035 1837
443 4 2 1 1 1118 188 195 1462
444 4 2 1 1 226 225 1484 1757
445 4 2 1 1 1186 892 1240 1584
446 4 2 1 1 1333 591 1334 1576
447 4 2 1 1 377 310 1608 1846
448 4 2 1 1 734 1184 1461 1643
449 4 2 1 1 969 1565 1724 1823
450 4 2 1 1 1495 1744 1486 1750
451 4 2 1 1 701 1513 1302 1653
452 4 2 1 1 273 1763 1782 1916
453 4 2 1 1 598 1141 1466 1867
454 4 2 1 1 487 1611 1496 1837
455 4 2 1 1 1732 1750 1495 1893
456 4 2 1 1 510 1467 508 1786
457 4 2 1 1 577 1471 431 1745
458 4 2 1 1 1213 1472 662 1639
459 4 2 1 1 953 1495 1023 1681
460 4 2 1 1 1181 734 1184 1461
461 4 2 1 1 1494 1506 1711 1747
462 4 2 1 1 619 1460 1342 1787
463 4 2 1 1 67 1683 980 1778
464 4 2 1 1 734 1643 1461 1719
465 4 2 1 1 967 1663 1556 1778
466 4 2 1 1 1062 1224 1217 1739
467 4 2 1 1 1347 1205 905 1464
468 4 2 1 1 54 942 1500 1747
469 4 2 1 1 1580 1636 741 1655
470 4 2 1 1 1277 1507 1668 1713
471 4 2 1 1 1455 1514 1486 1809
472 4 2 1 1 1063 1601 499 1700
473 4 2 1 1 1476 1429 1577 1974
474 4 2 1 1 394 1476 1659 1898
475 4 2 1 1 1479 1577 1429 1974
476 4 2 1 1 1347 1464 905 1836
477 4 2 1 1 164 1494 55 1886
478 4 2 1 1 1471 1698 1546 1745
479 4 2 1 1 832 834 1520 1590
480 4 2 1 1 1486 1744 1455 1876
481 4 2 1 1 910 1505 1579 1869
482 4 2 1 1 295 1549 1649 1729
483 4 2 1 1 107 1681 1547 1732
484 4 2 1 1 1494 1711 945 1747
485 4 2 1 1 430 428 1636 1803
486 4 2 1 1 533 1769 532 1798
487 4 2 1 1 640 1629 1557 1836
488 4 2 1 1 1447 1553 1470 1828
489 4 2 1 1 633 1554 631 1785
490 4 2 1 1 1275 1636 1534 1655
491 4 2 1 1 743 1480 1646 1967
492 4 2 1 1 1189 1792 1569 1878
493 4 2 1 1 645 1490 814 1615
494 4 2 1 1 508 1467 507 1634
495 4 2 1 1 689 1515 1619 1733
496 4 2 1 1 728 1569 1560 1878
497 4 2 1 1 1079 1543 1522 1775
498 4 2 1 1 1449 1489 1669 1944
499 4 2 1 1 1623 1637 1465 1869
500 4 2 1 1 991 992 1280 1814
501 4 2 1 1 720 1724 1512 1727
502 4 2 1 1 109 50 49 1492
503 4 2 1 1 1502 1670 1429 1974
504 4 2 1 1 508 509 507 1467
505 4 2 1 1 788 1502 1685 1817
506 4 2 1 1 958 157 43 1497
507 4 2 1 1 300 1470 374 1633
508 4 2 1 1 1545 1754 1657 1915
509 4 2 1 1 980 1683 1477 1778
510 4 2 1 1 123 1551 1349 1677
511 4 2 1 1 471 1610 1499 1838
512 4 2 1 1 722 1724 720 1727
513 4 2 1 1 1000 1527 1675 1838
514 4 2 1 1 771 844 1533 1554
515 4 2 1 1 1525 1671 1665 1892
516 4 2 1 1 113 1574 782 1683
517 4 2 1 1 1479 1429 1670 1974
518 4 2 1 1 377 1846 1785 1908
519 4 2 1 1 1003 1507 1713 1940
520 4 2 1 1 1118 1462 195 1849
521 4 2 1 1 1459 1782 1763 1916
522 4 2 1 1 1158 921 1342 1460
523 4 2 1 1 187 188 1118 1462
524 4 2 1 1 1471 1636 430 1802
525 4 2 1 1 218 219 217 1465
526 4 2 1 1 1538 548 1684 1864
527 4 2 1 1 1313 1587 54 1619
528 4 2 1 1 834 1603 1590 1860
529 4 2 1 1 1447 1470 1633 1828
530 4 2 1 1 645 814 1490 1973
531 4 2 1 1 164 55 1587 1886
532 4 2 1 1 554 504 1024 1487
533 4 2 1 1 294 1649 1549 1784
534 4 2 1 1 1274 1668 1507 1694
535 4 2 1 1 645 1490 1615 1973
536 4 2 1 1 1600 1753 1130 1859
537 4 2 1 1 1098 1209 1097 1564
538 4 2 1 1 1347 1651 1464 1836
539 4 2 1 1 544 754 1614 1659
540 4 2 1 1 1118 1624 1462 1849
541 4 2 1 1 487 489 1611 1837
542 4 2 1 1 1218 1472 1036 1810
543 4 2 1 1 234 1084 1463 1960
544 4 2 1 1 598 1466 1134 1622
545 4 2 1 1 1239 1729 1584 1742
546 4 2 1 1 187 1462 1118 1624
547 4 2 1 1 22 1502 1670 1861
548 4 2 1 1 1526 1674 1035 1837
549 4 2 1 1 226 225 224 1484
550 4 2 1 1 1078 1278 1527 1675
551 4 2 1 1 1116 318 316 1521
552 4 2 1 1 1429 1614 1502 1974
553 4 2 1 1 236 234 1607 1658
554 4 2 1 1 1157 1477 980 1683
555 4 2 1 1 1532 1615 1362 1737
556 4 2 1 1 109 1492 49 1709
557 4 2 1 1 736 734 1181 1461
558 4 2 1 1 743 589 777 1480
559 4 2 1 1 1568 1635 1485 1851
560 4 2 1 1 1518 1693 89 1756
561 4 2 1 1 958 1497 1679 1704
562 4 2 1 1 242 1591 360 1833
563 4 2 1 1 217 218 1465 1680
564 4 2 1 1 510 509 508 1467
565 4 2 1 1 54 1587 55 1747
566 4 2 1 1 1613 1711 1506 1747
567 4 2 1 1 598 1141 1151 1466
568 4 2 1 1 561 1523 482 1613
569 4 2 1 1 509 1467 510 1632
570 4 2 1 1 1686 1770 738 1805
571 4 2 1 1 1496 1665 1525 1671
572 4 2 1 1 1141 1667 1466 1867
573 4 2 1 1 420 1474 1666 1815
574 4 2 1 1 662 1730 1472 1879
575 4 2 1 1 113 1683 67 1778
576 4 2 1 1 965 1645 742 1709
577 4 2 1 1 1429 1476 1614 1974
578 4 2 1 1 59 1493 1056 1673
579 4 2 1 1 1466 1622 598 1867
580 4 2 1 1 1472 1576 1547 1950
581 4 2 1 1 1472 1662 1576 1950
582 4 2 1 1 236 234 358 1607
583 4 2 1 1 306 304 885 1469
584 4 2 1 1 300 298 374 1470
585 4 2 1 1 961 128 962 1645
586 4 2 1 1 1362 645 1615 1693
587 4 2 1 1 885 306 1469 1748
588 4 2 1 1 1333 1634 1576 1704
589 4 2 1 1 431 1471 432 1641
590 4 2 1 1 445 1479 1660 1920
591 4 2 1 1 1349 1551 123 1790
592 4 2 1 1 1417 1424 1409 1473
593 4 2 1 1 1461 1643 1184 1776
594 4 2 1 1 827 1657 1754 1915
595 4 2 1 1 924 919 1498 1723
596 4 2 1 1 839 1583 77 1698
597 4 2 1 1 985 1341 1621 1652
598 4 2 1 1 1526 1027 1728 1837
599 4 2 1 1 471 1499 469 1838
600 4 2 1 1 1635 1851 1568 1961
601 4 2 1 1 672 673 1589 1788
602 4 2 1 1 1470 1538 1447 1633
603 4 2 1 1 1267 1526 338 1674
604 4 2 1 1 44 958 1497 1689
605 4 2 1 1 1482 1551 1466 1566
606 4 2 1 1 373 904 1207 1784
607 4 2 1 1 966 742 1645 1709
608 4 2 1 1 1043 1676 140 1708
609 4 2 1 1 1509 1542 854 1767
610 4 2 1 1 1455 1744 1528 1876
611 4 2 1 1 1576 1662 41 1780
612 4 2 1 1 1274 1507 1005 1675
613 4 2 1 1 432 431 430 1471
614 4 2 1 1 1133 1771 1624 1849
615 4 2 1 1 1600 1726 1660 1920
616 4 2 1 1 910 1579 1505 1873
617 4 2 1 1 1577 1600 1130 1859
618 4 2 1 1 111 933 1305 1493
619 4 2 1 1 306 304 1469 1783
620 4 2 1 1 155 969 1565 1724
621 4 2 1 1 217 1465 219 1869
622 4 2 1 1 589 1646 1480 1791
623 4 2 1 1 1555 1215 1639 1834
624 4 2 1 1 200 1468 194 1949
625 4 2 1 1 1095 1757 1498 1824
626 4 2 1 1 300 298 1470 1807
627 4 2 1 1 1622 1796 598 1867
628 4 2 1 1 451 1702 1548 1723
629 4 2 1 1 1455 1495 1750 1884
630 4 2 1 1 958 1679 1497 1689
631 4 2 1 1 1362 1532 805 1693
632 4 2 1 1 1134 1466 598 1977
633 4 2 1 1 153 1685 1502 1765
634 4 2 1 1 1538 1633 1470 1807
635 4 2 1 1 40 1547 41 1576
636 4 2 1 1 388 809 540 1476
637 4 2 1 1 1511 1540 987 1768
638 4 2 1 1 631 629 630 1588
639 4 2 1 1 1218 662 1213 1472
640 4 2 1 1 1528 1621 35 1749
641 4 2 1 1 431 1471 1641 1745
642 4 2 1 1 1549 1435 1729 1742
643 4 2 1 1 1586 1684 548 1864
644 4 2 1 1 981 1691 137 1917
645 4 2 1 1 571 1471 430 1802
646 4 2 1 1 451 918 1702 1723
647 4 2 1 1 499 1700 1601 1832
648 4 2 1 1 308 307 306 1748
649 4 2 1 1 1436 1648 1542 1769
650 4 2 1 1 1264 1508 1034 1674
651 4 2 1 1 771 1533 631 1554
652 4 2 1 1 704 1572 1220 1591
653 4 2 1 1 945 1711 1310 1747
654 4 2 1 1 396 1712 1603 1949
655 4 2 1 1 862 1767 1690 1846
656 4 2 1 1 503 1679 1487 1704
657 4 2 1 1 1477 1683 1157 1722
658 4 2 1 1 1469 1748 306 1783
659 4 2 1 1 736 734 1461 1882
660 4 2 1 1 38 1681 1495 1697
661 4 2 1 1 218 219 1465 1878
662 4 2 1 1 1461 1776 1181 1794
663 4 2 1 1 593 1350 1464 1779
664 4 2 1 1 1462 1625 1616 1865
665 4 2 1 1 1572 1591 704 1941
666 4 2 1 1 187 188 1462 1865
667 4 2 1 1 789 1666 791 1746
668 4 2 1 1 736 1461 1181 1686
669 4 2 1 1 909 910 1505 1873
670 4 2 1 1 557 1510 1544 1763
671 4 2 1 1 1240 1584 1239 1729
672 4 2 1 1 836 1520 160 1746
673 4 2 1 1 1514 1750 1486 1809
674 4 2 1 1 1151 1466 1141 1667
675 4 2 1 1 1470 1633 300 1807
676 4 2 1 1 44 958 43 1497
677 4 2 1 1 1027 1267 1035 1526
678 4 2 1 1 1000 1001 1278 1527
679 4 2 1 1 510 1632 1467 1786
680 4 2 1 1 255 1773 1699 1907
681 4 2 1 1 479 1613 1309 1747
682 4 2 1 1 1482 1677 24 1931
683 4 2 1 1 155 1565 783 1724
684 4 2 1 1 707 1591 706 1775
685 4 2 1 1 234 1658 233 1960
686 4 2 1 1 593 1350 1205 1464
687 4 2 1 1 137 1691 1546 1745
688 4 2 1 1 1385 1389 1395 1532
689 4 2 1 1 155 783 1565 1743
690 4 2 1 1 1125 1798 537 1808
691 4 2 1 1 1440 1676 1522 1708
692 4 2 1 1 1364 1489 1167 1789
693 4 2 1 1 1542 1690 862 1767
694 4 2 1 1 196 194 1712 1949
695 4 2 1 1 1181 1686 1461 1794
696 4 2 1 1 209 1580 1655 1794
697 4 2 1 1 1007 1654 1563 1695
698 4 2 1 1 479 1506 478 1613
699 4 2 1 1 1205 1464 1350 1648
700 4 2 1 1 1441 1541 1467 1632
701 4 2 1 1 915 914 574 1718
702 4 2 1 1 921 1621 1460 1901
703 4 2 1 1 843 1682 1482 1841
704 4 2 1 1 1333 1576 957 1704
705 4 2 1 1 306 1748 307 1783
706 4 2 1 1 1121 444 1479 1817
707 4 2 1 1 1116 318 1521 1567
708 4 2 1 1 40 955 1547 1576
709 4 2 1 1 689 746 940 1619
710 4 2 1 1 991 566 992 1511
711 4 2 1 1 809 540 1476 1753
712 4 2 1 1 1462 1625 195 1849
713 4 2 1 1 1518 1710 776 1855
714 4 2 1 1 54 110 942 1747
715 4 2 1 1 1513 1653 701 1705
716 4 2 1 1 1337 1406 144 1516
717 4 2 1 1 60 1673 1513 1676
718 4 2 1 1 1531 1668 250 1694
719 4 2 1 1 1443 1631 1512 1801
720 4 2 1 1 1498 1702 924 1723
721 4 2 1 1 330 908 295 1549
722 4 2 1 1 1440 1612 1522 1676
723 4 2 1 1 1429 1476 1622 1898
724 4 2 1 1 1645 1709 48 1880
725 4 2 1 1 689 1587 1515 1720
726 4 2 1 1 1500 1613 1312 1797
727 4 2 1 1 1139 1474 791 1666
728 4 2 1 1 888 134 1205 1648
729 4 2 1 1 738 1686 1575 1770
730 4 2 1 1 1472 1541 1441 1639
731 4 2 1 1 1237 1474 420 1815
732 4 2 1 1 1309 1613 1312 1747
733 4 2 1 1 605 1477 1722 1874
734 4 2 1 1 423 878 418 1851
735 4 2 1 1 1476 1429 1622 1859
736 4 2 1 1 1455 1750 1514 1884
737 4 2 1 1 1348 587 754 1614
738 4 2 1 1 1622 1476 1859 1898
739 4 2 1 1 1347 593 1205 1464
740 4 2 1 1 1545 1615 817 1657
741 4 2 1 1 1482 1566 1432 1790
742 4 2 1 1 1295 924 919 1498
743 4 2 1 1 566 1511 991 1814
744 4 2 1 1 624 1551 545 1614
745 4 2 1 1 619 1158 1342 1460
746 4 2 1 1 827 1369 1358 1545
747 4 2 1 1 218 220 219 1878
748 4 2 1 1 1530 1718 914 1752
749 4 2 1 1 1078 1279 1278 1675
750 4 2 1 1 338 1716 1526 1764
751 4 2 1 1 730 728 1189 1569
752 4 2 1 1 138 1654 1007 1695
753 4 2 1 1 1261 1674 338 1716
754 4 2 1 1 591 1467 509 1793
755 4 2 1 1 1215 1025 1639 1834
756 4 2 1 1 1466 1667 1151 1977
757 4 2 1 1 1277 1004 1274 1507
758 4 2 1 1 1134 1622 1466 1977
759 4 2 1 1 359 1945 1775 1978
760 4 2 1 1 1474 1635 1237 1759
761 4 2 1 1 58 1056 59 1493
762 4 2 1 1 1608 1690 307 1783
763 4 2 1 1 1065 1529 1231 1751
764 4 2 1 1 1020 1642 1523 1728
765 4 2 1 1 1667 1696 1151 1977
766 4 2 1 1 698 1531 1234 1910
767 4 2 1 1 1482 1432 1688 1790
768 4 2 1 1 250 1531 1694 1910
769 4 2 1 1 1036 1810 1639 1827
770 4 2 1 1 1454 1536 1724 1904
771 4 2 1 1 1016 478 1506 1613
772 4 2 1 1 1477 1574 1556 1683
773 4 2 1 1 200 194 197 1949
774 4 2 1 1 566 1640 1511 1814
775 4 2 1 1 677 1709 1550 1751
776 4 2 1 1 866 1630 640 1836
777 4 2 1 1 1466 1551 1482 1900
778 4 2 1 1 1646 1666 789 1746
779 4 2 1 1 382 1130 1577 1600
780 4 2 1 1 294 295 1549 1649
781 4 2 1 1 1267 338 1261 1674
782 4 2 1 1 387 598 1796 1867
783 4 2 1 1 1600 1660 1479 1920
784 4 2 1 1 40 41 955 1576
785 4 2 1 1 360 1591 1572 1833
786 4 2 1 1 117 76 1546 1583
787 4 2 1 1 1053 1258 1604 1932
788 4 2 1 1 1632 1732 1441 1893
789 4 2 1 1 217 1680 1465 1869
790 4 2 1 1 613 479 1309 1747
791 4 2 1 1 968 752 967 1663
792 4 2 1 1 1277 1004 1507 1713
793 4 2 1 1 1350 1648 1464 1779
794 4 2 1 1 456 399 1657 1731
795 4 2 1 1 200 1755 1209 1800
796 4 2 1 1 1237 791 1139 1474
797 4 2 1 1 431 577 429 1471
798 4 2 1 1 200 1468 1755 1800
799 4 2 1 1 545 1614 1551 1796
800 4 2 1 1 1504 1657 399 1731
801 4 2 1 1 645 1615 1693 1973
802 4 2 1 1 1337 1412 1406 1516
803 4 2 1 1 517 1486 1652 1744
804 4 2 1 1 1151 598 1466 1977
805 4 2 1 1 627 1582 626 1734
806 4 2 1 1 1198 1086 1757 1938
807 4 2 1 1 474 564 1003 1507
808 4 2 1 1 1449 1765 1685 1944
809 4 2 1 1 1126 1625 194 1800
810 4 2 1 1 827 1545 1657 1915
811 4 2 1 1 1205 905 1464 1836
812 4 2 1 1 1642 1728 1027 1837
813 4 2 1 1 1559 1639 1025 1834
814 4 2 1 1 736 1461 1686 1882
815 4 2 1 1 121 1482 843 1682
816 4 2 1 1 569 1578 1524 1874
817 4 2 1 1 1490 1693 1615 1973
818 4 2 1 1 968 1663 1543 1843
819 4 2 1 1 1599 1901 1553 1942
820 4 2 1 1 164 1587 1048 1886
821 4 2 1 1 22 1502 21 1670
822 4 2 1 1 672 1589 673 1868
823 4 2 1 1 593 1464 1347 1844
824 4 2 1 1 503 502 1487 1700
825 4 2 1 1 1495 1681 953 1732
826 4 2 1 1 950 1778 1628 1948
827 4 2 1 1 114 1823 1724 1904
828 4 2 1 1 1443 1801 1512 1888
829 4 2 1 1 1609 1751 1227 1788
830 4 2 1 1 1385 1395 1371 1532
831 4 2 1 1 569 455 1578 1874
832 4 2 1 1 113 67 66 1778
833 4 2 1 1 1221 1227 1609 1751
834 4 2 1 1 1065 1617 268 1913
835 4 2 1 1 1441 1547 1472 1730
836 4 2 1 1 1103 1654 437 1718
837 4 2 1 1 356 1198 1086 1757
838 4 2 1 1 1151 1134 598 1977
839 4 2 1 1 1462 1624 187 1865
840 4 2 1 1 164 55 1048 1587
841 4 2 1 1 630 631 1588 1785
842 4 2 1 1 1063 1679 1601 1700
843 4 2 1 1 808 1502 1659 1765
844 4 2 1 1 832 851 834 1590
845 4 2 1 1 387 598 1622 1796
846 4 2 1 1 624 1145 545 1551
847 4 2 1 1 1362 170 1532 1737
848 4 2 1 1 439 1103 437 1718
849 4 2 1 1 1437 1539 1471 1641
850 4 2 1 1 60 1513 140 1676
851 4 2 1 1 430 429 428 1803
852 4 2 1 1 541 394 540 1659
853 4 2 1 1 1525 51 1671 1892
854 4 2 1 1 1002 1342 1652 1787
855 4 2 1 1 1555 1681 659 1697
856 4 2 1 1 48 964 49 1709
857 4 2 1 1 627 1692 1582 1734
858 4 2 1 1 1323 1372 175 1669
859 4 2 1 1 69 1565 969 1823
860 4 2 1 1 609 1499 471 1610
861 4 2 1 1 1349 1551 624 1861
862 4 2 1 1 752 1663 968 1843
863 4 2 1 1 1295 1702 1498 1801
864 4 2 1 1 741 1242 1276 1636
865 4 2 1 1 1023 1495 38 1681
866 4 2 1 1 698 699 697 1653
867 4 2 1 1 1304 1610 473 1647
868 4 2 1 1 543 532 1542 1798
869 4 2 1 1 213 1539 351 1580
870 4 2 1 1 734 1719 1461 1882
871 4 2 1 1 532 1769 1542 1798
872 4 2 1 1 1158 921 1460 1740
873 4 2 1 1 77 1546 76 1583
874 4 2 1 1 1471 1546 1437 1745
875 4 2 1 1 1466 1696 1667 1977
876 4 2 1 1 936 1525 1671 1678
877 4 2 1 1 1473 1669 175 1765
878 4 2 1 1 482 1613 1523 1797
879 4 2 1 1 1079 1522 707 1775
880 4 2 1 1 1477 1628 950 1778
881 4 2 1 1 720 719 1512 1724
882 4 2 1 1 1539 1580 213 1776
883 4 2 1 1 1173 1537 546 1586
884 4 2 1 1 40 1049 41 1547
885 4 2 1 1 709 1543 1079 1775
886 4 2 1 1 191 193 192 1616
887 4 2 1 1 545 1551 1145 1796
888 4 2 1 1 1275 741 1636 1655
889 4 2 1 1 1057 1056 1627 1653
890 4 2 1 1 978 333 1541 1585
891 4 2 1 1 1297 1702 1295 1801
892 4 2 1 1 1043 62 1676 1914
893 4 2 1 1 617 1679 503 1704
894 4 2 1 1 143 1258 1053 1932
895 4 2 1 1 817 1657 1615 1951
896 4 2 1 1 74 1691 1475 1934
897 4 2 1 1 1447 1633 1687 1828
898 4 2 1 1 546 1586 1537 1779
899 4 2 1 1 978 1585 1541 1786
900 4 2 1 1 423 594 878 1891
901 4 2 1 1 701 1302 747 1653
902 4 2 1 1 698 1627 697 1857
903 4 2 1 1 543 1542 532 1769
904 4 2 1 1 107 1732 1547 1793
905 4 2 1 1 335 1594 277 1650
906 4 2 1 1 1231 1529 1065 1913
907 4 2 1 1 1218 1472 1810 1909
908 4 2 1 1 1447 1687 1553 1828
909 4 2 1 1 533 1648 532 1769
910 4 2 1 1 277 1650 1594 1739
911 4 2 1 1 1024 1487 502 1700
912 4 2 1 1 1324 1762 962 1880
913 4 2 1 1 1583 1698 1546 1953
914 4 2 1 1 1348 808 1502 1659
915 4 2 1 1 1566 1667 876 1867
916 4 2 1 1 1553 1599 871 1901
917 4 2 1 1 739 738 1770 1805
918 4 2 1 1 586 876 1667 1867
919 4 2 1 1 1075 1668 1274 1694
920 4 2 1 1 1464 1651 1347 1844
921 4 2 1 1 234 232 1084 1960
922 4 2 1 1 1483 1663 946 1948
923 4 2 1 1 270 1065 1609 1617
924 4 2 1 1 1551 1614 624 1861
925 4 2 1 1 543 534 532 1798
926 4 2 1 1 471 609 469 1499
927 4 2 1 1 290 1784 1703 1834
928 4 2 1 1 1599 1749 1243 1901
929 4 2 1 1 953 1023 38 1681
930 4 2 1 1 1706 1853 837 1969
931 4 2 1 1 1353 1478 1593 1854
932 4 2 1 1 1555 1639 660 1730
933 4 2 1 1 242 1591 1833 1919
934 4 2 1 1 1467 1632 509 1793
935 4 2 1 1 1058 1513 60 1673
936 4 2 1 1 39 1547 107 1681
937 4 2 1 1 1349 1677 1551 1861
938 4 2 1 1 650 1562 649 1599
939 4 2 1 1 720 721 719 1724
940 4 2 1 1 1465 1680 218 1792
941 4 2 1 1 1060 1671 1611 1980
942 4 2 1 1 1460 1553 1901 1942
943 4 2 1 1 1083 1945 359 1978
944 4 2 1 1 1467 1547 1441 1793
945 4 2 1 1 966 742 965 1645
946 4 2 1 1 1466 1521 1432 1696
947 4 2 1 1 1016 480 478 1613
948 4 2 1 1 170 1387 1532 1737
949 4 2 1 1 832 1520 836 1590
950 4 2 1 1 430 431 429 1471
951 4 2 1 1 1154 854 1542 1767
952 4 2 1 1 374 1633 1470 1828
953 4 2 1 1 1035 1526 1267 1674
954 4 2 1 1 1228 1699 1515 1821
955 4 2 1 1 57 141 58 1672
956 4 2 1 1 1614 1659 1476 1898
957 4 2 1 1 936 1525 51 1671
958 4 2 1 1 298 1649 1470 1729
959 4 2 1 1 321 325 319 1567
960 4 2 1 1 1501 1706 837 1969
961 4 2 1 1 290 1703 1559 1834
962 4 2 1 1 1228 364 1699 1821
963 4 2 1 1 575 1670 1597 1931
964 4 2 1 1 1165 1537 1690 1769
965 4 2 1 1 1461 1539 1437 1643
966 4 2 1 1 1083 1607 1945 1978
967 4 2 1 1 1218 1810 1644 1909
968 4 2 1 1 662 660 1639 1730
969 4 2 1 1 1564 1755 1468 1800
970 4 2 1 1 1279 1274 1005 1675
971 4 2 1 1 1451 1613 1506 1911
972 4 2 1 1 629 1533 845 1682
973 4 2 1 1 1334 1576 591 1793
974 4 2 1 1 492 1638 1508 1870
975 4 2 1 1 936 745 1525 1678
976 4 2 1 1 1497 1704 157 1780
977 4 2 1 1 1165 1690 863 1769
978 4 2 1 1 649 1599 1562 1749
979 4 2 1 1 1000 1527 1278 1675
980 4 2 1 1 601 1660 1167 1726
981 4 2 1 1 1195 1562 1784 1795
982 4 2 1 1 383 1130 1753 1859
983 4 2 1 1 1036 286 1810 1827
984 4 2 1 1 1431 1712 1625 1800
985 4 2 1 1 1198 1757 1512 1938
986 4 2 1 1 1471 1546 1698 1953
987 4 2 1 1 568 1534 1275 1636
988 4 2 1 1 992 1511 987 1768
989 4 2 1 1 888 1630 134 1648
990 4 2 1 1 1158 1740 1460 1923
991 4 2 1 1 517 1652 618 1744
992 4 2 1 1 1023 37 38 1697
993 4 2 1 1 43 1497 157 1780
994 4 2 1 1 1086 1631 1757 1938
995 4 2 1 1 499 1510 500 1700
996 4 2 1 1 875 377 1608 1785
997 4 2 1 1 1712 1800 1431 1979
998 4 2 1 1 242 1077 360 1591
999 4 2 1 1 1621 1901 1599 1942
1000 4 2 1 1 633 771 631 1554
1001 4 2 1 1 1472 1547 1467 1950
1002 4 2 1 1 488 1674 1611 1837
1003 4 2 1 1 832 160 836 1520
1004 4 2 1 1 663 1472 662 1909
1005 4 2 1 1 587 1614 1348 1861
1006 4 2 1 1 1522 1676 1612 1914
1007 4 2 1 1 961 1645 1481 1819
1008 4 2 1 1 470 1675 1610 1838
1009 4 2 1 1 1593 1688 26 1854
1010 4 2 1 1 1215 1555 657 1834
1011 4 2 1 1 1275 1655 1534 1772
1012 4 2 1 1 1432 1521 1482 1682
1013 4 2 1 1 127 985 1528 1744
1014 4 2 1 1 155 783 969 1724
1015 4 2 1 1 1255 1650 998 1661
1016 4 2 1 1 1481 1601 1328 1927
1017 4 2 1 1 320 1577 1567 1701
1018 4 2 1 1 1454 1530 1723 1975
1019 4 2 1 1 56 1672 1494 1766
1020 4 2 1 1 252 1570 251 1668
1021 4 2 1 1 936 51 1525 1892
1022 4 2 1 1 1016 1715 1506 1877
1023 4 2 1 1 1461 1546 1471 1953
1024 4 2 1 1 1261 1264 1034 1674
1025 4 2 1 1 1447 1538 1460 1684
1026 4 2 1 1 605 1477 1157 1722
1027 4 2 1 1 946 1663 1483 1818
1028 4 2 1 1 1512 1724 719 1743
1029 4 2 1 1 185 1624 1573 1865
1030 4 2 1 1 1514 1441 1884 1893
1031 4 2 1 1 500 499 498 1510
1032 4 2 1 1 574 438 1505 1718
1033 4 2 1 1 956 1704 1576 1780
1034 4 2 1 1 466 465 464 1511
1035 4 2 1 1 1470 1553 1460 1942
1036 4 2 1 1 215 1680 1539 1776
1037 4 2 1 1 626 1518 1156 1734
1038 4 2 1 1 987 1540 988 1768
1039 4 2 1 1 166 1492 50 1671
1040 4 2 1 1 921 1460 1740 1901
1041 4 2 1 1 31 1831 1651 1836
1042 4 2 1 1 574 438 909 1505
1043 4 2 1 1 270 268 1065 1617
1044 4 2 1 1 49 50 166 1492
1045 4 2 1 1 923 1578 922 1702
1046 4 2 1 1 1377 1337 144 1516
1047 4 2 1 1 1530 1824 1723 1975
1048 4 2 1 1 1441 1472 1639 1730
1049 4 2 1 1 298 1470 1649 1976
1050 4 2 1 1 444 447 1479 1817
1051 4 2 1 1 1506 1711 477 1940
1052 4 2 1 1 689 1619 940 1733
1053 4 2 1 1 1341 1342 1621 1652
1054 4 2 1 1 557 1259 1510 1763
1055 4 2 1 1 1467 1441 1632 1793
1056 4 2 1 1 1080 1691 1569 1719
1057 4 2 1 1 1549 1649 1562 1784
1058 4 2 1 1 875 377 310 1608
1059 4 2 1 1 962 1645 128 1880
1060 4 2 1 1 1062 1739 1217 1954
1061 4 2 1 1 1149 1667 865 1696
1062 4 2 1 1 1364 601 1167 1726
1063 4 2 1 1 1448 1487 1634 1813
1064 4 2 1 1 1699 1773 1715 1907
1065 4 2 1 1 1549 1435 1649 1729
1066 4 2 1 1 1237 1635 1474 1815
1067 4 2 1 1 357 1866 1084 1960
1068 4 2 1 1 1438 1484 1637 1752
1069 4 2 1 1 1185 834 853 1603
1070 4 2 1 1 865 1667 1595 1696
1071 4 2 1 1 1187 548 1538 1864
1072 4 2 1 1 163 985 1341 1621
1073 4 2 1 1 126 1316 1059 1671
1074 4 2 1 1 503 501 502 1700
1075 4 2 1 1 680 681 679 1529
1076 4 2 1 1 854 1542 1509 1798
1077 4 2 1 1 447 1660 1479 1817
1078 4 2 1 1 1229 1531 698 1857
1079 4 2 1 1 829 1577 320 1701
1080 4 2 1 1 557 1544 1256 1763
1081 4 2 1 1 1451 1877 1570 1911
1082 4 2 1 1 598 1140 1141 1867
1083 4 2 1 1 478 1506 477 1940
1084 4 2 1 1 1570 1721 252 1773
1085 4 2 1 1 1255 998 1250 1661
1086 4 2 1 1 1146 1566 1551 1790
1087 4 2 1 1 586 1667 1140 1867
1088 4 2 1 1 67 980 66 1778
1089 4 2 1 1 153 1502 808 1765
1090 4 2 1 1 1690 1767 1542 1846
1091 4 2 1 1 1165 1537 863 1690
1092 4 2 1 1 1328 1601 1481 1832
1093 4 2 1 1 1095 227 347 1498
1094 4 2 1 1 900 430 1636 1802
1095 4 2 1 1 1519 1550 1266 1819
1096 4 2 1 1 953 1681 107 1732
1097 4 2 1 1 817 1615 1545 1737
1098 4 2 1 1 1475 1695 73 1934
1099 4 2 1 1 561 1021 1523 1715
1100 4 2 1 1 1024 502 556 1700
1101 4 2 1 1 782 1683 1574 1743
1102 4 2 1 1 159 1494 56 1672
1103 4 2 1 1 1570 1668 252 1721
1104 4 2 1 1 1103 437 1654 1981
1105 4 2 1 1 1584 1729 1435 1742
1106 4 2 1 1 1157 980 165 1683
1107 4 2 1 1 1515 1699 1228 1720
1108 4 2 1 1 1480 1710 419 1830
1109 4 2 1 1 159 945 56 1494
1110 4 2 1 1 167 41 1662 1780
1111 4 2 1 1 68 1565 1010 1683
1112 4 2 1 1 1406 1366 144 1516
1113 4 2 1 1 1785 1846 1458 1908
1114 4 2 1 1 254 1570 252 1773
1115 4 2 1 1 659 1681 1555 1730
1116 4 2 1 1 729 1560 728 1569
1117 4 2 1 1 602 1660 601 1726
1118 4 2 1 1 915 574 916 1623
1119 4 2 1 1 968 1543 1663 1818
1120 4 2 1 1 1638 1645 1439 1762
1121 4 2 1 1 1097 1564 1209 1755
1122 4 2 1 1 791 1237 1319 1474
1123 4 2 1 1 1186 1729 1081 1807
1124 4 2 1 1 1061 1644 1887 1954
1125 4 2 1 1 68 1010 165 1683
1126 4 2 1 1 953 1338 1023 1495
1127 4 2 1 1 1557 1890 1687 1943
1128 4 2 1 1 1165 863 1159 1769
1129 4 2 1 1 1467 1632 1541 1786
1130 4 2 1 1 153 21 1502 1685
1131 4 2 1 1 83 1590 836 1746
1132 4 2 1 1 850 119 1664 1860
1133 4 2 1 1 1522 1543 1079 1818
1134 4 2 1 1 227 347 1498 1801
1135 4 2 1 1 1337 1377 764 1516
1136 4 2 1 1 788 1502 21 1685
1137 4 2 1 1 1496 1665 1316 1957
1138 4 2 1 1 623 1551 1146 1566
1139 4 2 1 1 1338 1495 953 1732
1140 4 2 1 1 1448 1661 1487 1813
1141 4 2 1 1 939 1525 1733 1892
1142 4 2 1 1 662 1472 1218 1909
1143 4 2 1 1 863 1690 1159 1769
1144 4 2 1 1 1547 1576 955 1793
1145 4 2 1 1 138 1007 72 1695
1146 4 2 1 1 481 1312 1613 1797
1147 4 2 1 1 1304 473 612 1647
1148 4 2 1 1 181 1656 1806 1973
1149 4 2 1 1 1451 1506 1877 1911
1150 4 2 1 1 561 1016 1022 1715
1151 4 2 1 1 1319 1474 1237 1759
1152 4 2 1 1 1311 968 1543 1843
1153 4 2 1 1 1471 1437 1641 1745
1154 4 2 1 1 827 1545 1358 1657
1155 4 2 1 1 1573 1624 185 1806
1156 4 2 1 1 53 1313 54 1619
1157 4 2 1 1 619 1158 1460 1923
1158 4 2 1 1 356 1512 1198 1757
1159 4 2 1 1 949 1778 950 1948
1160 4 2 1 1 499 1510 1700 1832
1161 4 2 1 1 660 1555 657 1639
1162 4 2 1 1 1523 1642 1020 1797
1163 4 2 1 1 1494 1451 1886 1911
1164 4 2 1 1 1504 1692 860 1754
1165 4 2 1 1 180 1656 1573 1806
1166 4 2 1 1 707 705 706 1708
1167 4 2 1 1 1347 905 1651 1836
1168 4 2 1 1 214 1643 353 1680
1169 4 2 1 1 1591 1708 704 1941
1170 4 2 1 1 663 1879 1472 1909
1171 4 2 1 1 1437 1546 1461 1719
1172 4 2 1 1 889 1687 1633 1828
1173 4 2 1 1 956 957 1576 1704
1174 4 2 1 1 589 777 1646 1791
1175 4 2 1 1 860 1692 1504 1903
1176 4 2 1 1 1116 379 318 1567
1177 4 2 1 1 180 1573 182 1806
1178 4 2 1 1 304 1725 1469 1783
1179 4 2 1 1 1235 1228 1699 1720
1180 4 2 1 1 1001 1814 1527 1838
1181 4 2 1 1 117 77 76 1583
1182 4 2 1 1 503 617 501 1679
1183 4 2 1 1 1429 1614 1476 1898
1184 4 2 1 1 1541 1632 1441 1714
1185 4 2 1 1 889 1183 1687 1828
1186 4 2 1 1 639 1557 1629 1804
1187 4 2 1 1 380 829 320 1701
1188 4 2 1 1 250 1694 248 1910
1189 4 2 1 1 1058 140 60 1513
1190 4 2 1 1 1056 141 1057 1627
1191 4 2 1 1 791 1474 1319 1759
1192 4 2 1 1 223 1484 348 1752
1193 4 2 1 1 185 1573 184 1865
1194 4 2 1 1 156 1303 932 1673
1195 4 2 1 1 168 1518 89 1756
1196 4 2 1 1 1270 1523 1021 1907
1197 4 2 1 1 190 1118 1133 1624
1198 4 2 1 1 1460 1553 1447 1740
1199 4 2 1 1 1631 1757 1512 1801
1200 4 2 1 1 950 1628 1477 1874
1201 4 2 1 1 689 691 1587 1720
1202 4 2 1 1 1009 1822 1735 1823
1203 4 2 1 1 1645 1762 1638 1880
1204 4 2 1 1 1115 1597 1521 1841
1205 4 2 1 1 251 252 253 1570
1206 4 2 1 1 1049 167 41 1662
1207 4 2 1 1 58 1493 971 1672
1208 4 2 1 1 1095 227 1498 1757
1209 4 2 1 1 939 1525 685 1733
1210 4 2 1 1 722 721 720 1724
1211 4 2 1 1 77 839 76 1546
1212 4 2 1 1 734 732 1643 1719
1213 4 2 1 1 202 1123 1606 1812
1214 4 2 1 1 662 1472 663 1879
1215 4 2 1 1 1222 1618 1644 1954
1216 4 2 1 1 1222 1644 1618 1909
1217 4 2 1 1 947 1483 1612 1914
1218 4 2 1 1 892 1584 1538 1840
1219 4 2 1 1 382 1130 326 1577
1220 4 2 1 1 1084 1866 1463 1960
1221 4 2 1 1 423 1485 594 1891
1222 4 2 1 1 309 307 1608 1690
1223 4 2 1 1 385 387 598 1622
1224 4 2 1 1 923 1293 976 1598
1225 4 2 1 1 1513 1705 701 1941
1226 4 2 1 1 586 1140 876 1867
1227 4 2 1 1 1606 1812 1123 1875
1228 4 2 1 1 538 542 586 1808
1229 4 2 1 1 1111 1539 1680 1881
1230 4 2 1 1 1314 1797 585 1957
1231 4 2 1 1 174 1693 1532 1756
1232 4 2 1 1 1130 326 1577 1859
1233 4 2 1 1 1222 1216 1644 1909
1234 4 2 1 1 392 444 1479 1701
1235 4 2 1 1 366 1231 1065 1913
1236 4 2 1 1 1517 1886 1451 1911
1237 4 2 1 1 370 1644 1218 1810
1238 4 2 1 1 935 1556 715 1574
1239 4 2 1 1 1460 1901 1621 1942
1240 4 2 1 1 889 1183 1180 1687
1241 4 2 1 1 819 1545 817 1657
1242 4 2 1 1 535 537 1125 1798
1243 4 2 1 1 510 508 553 1786
1244 4 2 1 1 1195 1562 1207 1784
1245 4 2 1 1 1512 1801 1757 1888
1246 4 2 1 1 23 24 1677 1931
1247 4 2 1 1 214 1643 1680 1776
1248 4 2 1 1 647 1599 1553 1828
1249 4 2 1 1 1505 437 1873 1981
1250 4 2 1 1 1590 1664 119 1860
1251 4 2 1 1 1235 1228 1071 1699
1252 4 2 1 1 1056 1653 1058 1673
1253 4 2 1 1 214 353 216 1680
1254 4 2 1 1 1340 1341 985 1652
1255 4 2 1 1 79 1842 1602 1926
1256 4 2 1 1 58 59 111 1493
1257 4 2 1 1 730 1569 1189 1792
1258 4 2 1 1 318 317 316 1696
1259 4 2 1 1 1229 698 696 1857
1260 4 2 1 1 269 1617 1609 1782
1261 4 2 1 1 332 1714 977 1827
1262 4 2 1 1 318 317 1696 1977
1263 4 2 1 1 1046 1627 141 1672
1264 4 2 1 1 1269 1270 1021 1907
1265 4 2 1 1 812 1561 1754 1829
1266 4 2 1 1 59 111 1493 1673
1267 4 2 1 1 202 204 1123 1812
1268 4 2 1 1 1312 1500 943 1747
1269 4 2 1 1 250 1668 1531 1721
1270 4 2 1 1 1499 1676 1303 1816
1271 4 2 1 1 1334 957 1333 1576
1272 4 2 1 1 730 732 1569 1643
1273 4 2 1 1 1149 1151 1667 1696
1274 4 2 1 1 709 1079 707 1775
1275 4 2 1 1 1687 1890 1447 1943
1276 4 2 1 1 533 531 532 1648
1277 4 2 1 1 445 1479 447 1660
1278 4 2 1 1 1373 1489 1167 1660
1279 4 2 1 1 517 1652 1486 1897
1280 4 2 1 1 310 1846 377 1908
1281 4 2 1 1 1222 1644 1061 1954
1282 4 2 1 1 1185 1520 1712 1853
1283 4 2 1 1 842 162 26 1533
1284 4 2 1 1 420 1666 412 1815
1285 4 2 1 1 730 1569 1188 1643
1286 4 2 1 1 730 1188 732 1643
1287 4 2 1 1 1622 1796 1429 1898
1288 4 2 1 1 1468 1603 1520 1712
1289 4 2 1 1 947 1612 1483 1820
1290 4 2 1 1 152 89 88 1855
1291 4 2 1 1 213 215 1539 1776
1292 4 2 1 1 533 1798 595 1883
1293 4 2 1 1 54 55 110 1747
1294 4 2 1 1 1279 342 1274 1694
1295 4 2 1 1 1550 1645 966 1819
1296 4 2 1 1 1061 1887 280 1954
1297 4 2 1 1 435 1873 437 1981
1298 4 2 1 1 1413 1516 1412 1789
1299 4 2 1 1 1478 1554 1533 1854
1300 4 2 1 1 204 1123 1812 1875
1301 4 2 1 1 506 1634 504 1813
1302 4 2 1 1 961 1481 1328 1927
1303 4 2 1 1 492 1508 1033 1870
1304 4 2 1 1 1020 1523 1028 1728
1305 4 2 1 1 1276 1275 741 1636
1306 4 2 1 1 1474 1746 1590 1759
1307 4 2 1 1 1627 1672 1046 1766
1308 4 2 1 1 1482 1688 24 1790
1309 4 2 1 1 1277 1274 1075 1668
1310 4 2 1 1 1469 1890 1557 1943
1311 4 2 1 1 140 1513 1044 1708
1312 4 2 1 1 399 1657 1504 1754
1313 4 2 1 1 506 504 554 1813
1314 4 2 1 1 944 945 1310 1747
1315 4 2 1 1 1545 1561 1450 1754
1316 4 2 1 1 466 1511 566 1640
1317 4 2 1 1 998 1650 1013 1661
1318 4 2 1 1 1243 871 1599 1901
1319 4 2 1 1 1186 1240 1081 1729
1320 4 2 1 1 1478 1542 1509 1965
1321 4 2 1 1 435 1620 1873 1981
1322 4 2 1 1 1552 1564 555 1815
1323 4 2 1 1 1154 597 854 1767
1324 4 2 1 1 1468 1800 1712 1979
1325 4 2 1 1 722 1536 1724 1727
1326 4 2 1 1 985 35 36 1528
1327 4 2 1 1 1240 1239 330 1729
1328 4 2 1 1 83 1746 802 1759
1329 4 2 1 1 1787 1840 619 1923
1330 4 2 1 1 1141 1140 1667 1867
1331 4 2 1 1 1215 657 1555 1639
1332 4 2 1 1 863 1537 882 1783
1333 4 2 1 1 1509 1798 1593 1808
1334 4 2 1 1 1095 225 227 1757
1335 4 2 1 1 1111 1680 350 1881
1336 4 2 1 1 871 1553 647 1599
1337 4 2 1 1 1690 1748 1436 1783
1338 4 2 1 1 242 1077 1591 1919
1339 4 2 1 1 431 1641 433 1745
1340 4 2 1 1 1005 1507 564 1675
1341 4 2 1 1 964 109 49 1709
1342 4 2 1 1 944 1310 1711 1747
1343 4 2 1 1 1033 1034 1508 1674
1344 4 2 1 1 1551 1566 1482 1790
1345 4 2 1 1 927 1541 1714 1786
1346 4 2 1 1 1557 1687 1447 1943
1347 4 2 1 1 1494 1451 1587 1886
1348 4 2 1 1 1690 1846 1542 1965
1349 4 2 1 1 413 1552 555 1815
1350 4 2 1 1 1533 1688 1593 1854
1351 4 2 1 1 652 1562 1195 1795
1352 4 2 1 1 334 998 1013 1661
1353 4 2 1 1 927 978 1541 1786
1354 4 2 1 1 1621 1749 1599 1901
1355 4 2 1 1 924 1498 1295 1702
1356 4 2 1 1 156 1673 60 1676
1357 4 2 1 1 1208 1866 1631 1938
1358 4 2 1 1 1220 704 1202 1572
1359 4 2 1 1 1474 1815 1564 1979
1360 4 2 1 1 1478 1738 1554 1854
1361 4 2 1 1 412 1815 1666 1972
1362 4 2 1 1 74 928 1691 1934
1363 4 2 1 1 44 1497 143 1689
1364 4 2 1 1 143 44 43 1497
1365 4 2 1 1 973 1528 35 1749
1366 4 2 1 1 587 544 754 1614
1367 4 2 1 1 571 1641 1802 1881
1368 4 2 1 1 1509 1542 1458 1965
1369 4 2 1 1 1270 339 1728 1907
1370 4 2 1 1 1624 1771 1581 1849
1371 4 2 1 1 1220 1572 360 1591
1372 4 2 1 1 1295 1498 919 1824
1373 4 2 1 1 227 1498 1757 1801
1374 4 2 1 1 1492 1671 166 1980
1375 4 2 1 1 1430 1710 1518 1855
1376 4 2 1 1 1631 1866 357 1960
1377 4 2 1 1 452 1578 454 1722
1378 4 2 1 1 1534 1636 426 1803
1379 4 2 1 1 1010 1722 1565 1939
1380 4 2 1 1 1080 787 1691 1719
1381 4 2 1 1 31 32 1651 1831
1382 4 2 1 1 1060 166 1671 1980
1383 4 2 1 1 1431 1666 1646 1746
1384 4 2 1 1 165 1157 1683 1722
1385 4 2 1 1 1698 1803 1471 1953
1386 4 2 1 1 352 1181 1776 1794
1387 4 2 1 1 934 1683 782 1743
1388 4 2 1 1 341 1668 1570 1713
1389 4 2 1 1 1564 1635 1474 1872
1390 4 2 1 1 255 1699 257 1907
1391 4 2 1 1 1608 1846 1690 1965
1392 4 2 1 1 919 1498 1723 1824
1393 4 2 1 1 956 157 1704 1780
1394 4 2 1 1 622 1566 1146 1790
1395 4 2 1 1 1541 1585 333 1810
1396 4 2 1 1 1447 1460 1740 1923
1397 4 2 1 1 445 601 602 1660
1398 4 2 1 1 977 1714 1541 1827
1399 4 2 1 1 162 26 1533 1854
1400 4 2 1 1 1436 1783 1748 1958
1401 4 2 1 1 802 791 1474 1746
1402 4 2 1 1 56 1046 1672 1766
1403 4 2 1 1 200 1755 1468 1949
1404 4 2 1 1 889 1633 1687 1890
1405 4 2 1 1 1451 1494 1587 1747
1406 4 2 1 1 889 1687 1180 1890
1407 4 2 1 1 1447 1684 1460 1923
1408 4 2 1 1 321 1567 320 1577
1409 4 2 1 1 1605 1728 339 1907
1410 4 2 1 1 120 1646 789 1746
1411 4 2 1 1 37 127 36 1528
1412 4 2 1 1 181 180 1656 1973
1413 4 2 1 1 1564 1872 1474 1979
1414 4 2 1 1 707 1522 751 1708
1415 4 2 1 1 994 659 1681 1697
1416 4 2 1 1 75 1546 137 1691
1417 4 2 1 1 1230 1720 1235 1773
1418 4 2 1 1 1476 1577 1429 1859
1419 4 2 1 1 1564 1815 1552 1979
1420 4 2 1 1 1602 1842 1491 1926
1421 4 2 1 1 1454 1871 1530 1975
1422 4 2 1 1 1434 1803 1698 1953
1423 4 2 1 1 1149 322 1151 1696
1424 4 2 1 1 953 39 107 1681
1425 4 2 1 1 185 184 1573 1806
1426 4 2 1 1 211 213 1580 1776
1427 4 2 1 1 22 21 1502 1861
1428 4 2 1 1 204 1875 1812 1895
1429 4 2 1 1 359 1775 1919 1978
1430 4 2 1 1 1362 805 645 1693
1431 4 2 1 1 1575 1770 1686 1805
1432 4 2 1 1 1550 1819 1519 1963
1433 4 2 1 1 1522 1543 1483 1959
1434 4 2 1 1 180 181 1656 1806
1435 4 2 1 1 778 1646 777 1791
1436 4 2 1 1 1471 1803 1636 1953
1437 4 2 1 1 444 447 445 1479
1438 4 2 1 1 1175 738 1575 1770
1439 4 2 1 1 1560 1569 729 1934
1440 4 2 1 1 1481 1519 1819 1963
1441 4 2 1 1 1242 1636 1580 1802
1442 4 2 1 1 1481 1439 1645 1762
1443 4 2 1 1 26 1593 1355 1688
1444 4 2 1 1 523 619 1840 1923
1445 4 2 1 1 1538 1684 548 1840
1446 4 2 1 1 1394 1386 1357 1545
1447 4 2 1 1 1020 482 561 1523
1448 4 2 1 1 1430 1582 1518 1710
1449 4 2 1 1 298 374 1470 1976
1450 4 2 1 1 283 1644 1585 1887
1451 4 2 1 1 764 1516 1377 1889
1452 4 2 1 1 325 1567 1622 1977
1453 4 2 1 1 1466 1622 1796 1900
1454 4 2 1 1 1341 1342 163 1621
1455 4 2 1 1 700 699 698 1653
1456 4 2 1 1 1203 1549 1742 1809
1457 4 2 1 1 1314 1500 1312 1797
1458 4 2 1 1 1168 1489 1373 1660
1459 4 2 1 1 453 451 570 1702
1460 4 2 1 1 454 1722 1578 1874
1461 4 2 1 1 569 455 922 1578
1462 4 2 1 1 1459 1550 1519 1963
1463 4 2 1 1 1348 754 808 1659
1464 4 2 1 1 1351 1648 533 1883
1465 4 2 1 1 1313 746 1587 1619
1466 4 2 1 1 363 1230 1235 1773
1467 4 2 1 1 1025 1639 1559 1827
1468 4 2 1 1 658 1555 660 1730
1469 4 2 1 1 278 1488 279 1739
1470 4 2 1 1 250 1531 362 1721
1471 4 2 1 1 1457 1543 1522 1959
1472 4 2 1 1 992 987 988 1768
1473 4 2 1 1 689 940 687 1733
1474 4 2 1 1 741 1120 1580 1655
1475 4 2 1 1 250 1074 1531 1910
1476 4 2 1 1 1182 1586 548 1864
1477 4 2 1 1 1439 1529 1617 1751
1478 4 2 1 1 23 24 123 1677
1479 4 2 1 1 1156 626 776 1518
1480 4 2 1 1 1434 1636 1803 1953
1481 4 2 1 1 863 1690 1537 1783
1482 4 2 1 1 936 1525 938 1892
1483 4 2 1 1 834 1185 833 1520
1484 4 2 1 1 1111 1539 215 1680
1485 4 2 1 1 1451 1506 1715 1877
1486 4 2 1 1 81 1664 1590 1759
1487 4 2 1 1 955 1576 1334 1793
1488 4 2 1 1 1476 1753 1600 1859
1489 4 2 1 1 1238 1714 1514 1893
1490 4 2 1 1 834 1590 851 1860
1491 4 2 1 1 884 1586 546 1779
1492 4 2 1 1 947 946 1483 1914
1493 4 2 1 1 1614 1429 1796 1898
1494 4 2 1 1 1757 1824 1484 1975
1495 4 2 1 1 426 1534 568 1636
1496 4 2 1 1 631 845 629 1533
1497 4 2 1 1 1451 1715 1699 1773
1498 4 2 1 1 298 1729 1470 1807
1499 4 2 1 1 1517 1720 1230 1773
1500 4 2 1 1 969 1724 114 1823
1501 4 2 1 1 656 1555 1697 1795
1502 4 2 1 1 1208 716 1866 1938
1503 4 2 1 1 1429 1796 1622 1900
1504 4 2 1 1 1526 1728 1642 1837
1505 4 2 1 1 37 1528 36 1697
1506 4 2 1 1 499 1601 1063 1832
1507 4 2 1 1 365 1232 1717 1929
1508 4 2 1 1 1480 1581 1430 1830
1509 4 2 1 1 1235 1720 1699 1773
1510 4 2 1 1 108 1679 958 1689
1511 4 2 1 1 1530 1871 1824 1975
1512 4 2 1 1 1439 1645 1638 1880
1513 4 2 1 1 1439 1617 1609 1751
1514 4 2 1 1 1502 1429 1670 1861
1515 4 2 1 1 1113 1181 1184 1776
1516 4 2 1 1 196 1712 396 1949
1517 4 2 1 1 1236 1517 1230 1721
1518 4 2 1 1 748 1842 1485 1856
1519 4 2 1 1 561 480 1016 1613
1520 4 2 1 1 622 623 1146 1566
1521 4 2 1 1 1265 1526 1027 1728
1522 4 2 1 1 1509 1918 1478 1965
1523 4 2 1 1 958 1679 959 1704
1524 4 2 1 1 1230 1517 1072 1721
1525 4 2 1 1 1434 1575 1655 1794
1526 4 2 1 1 1100 1098 555 1552
1527 4 2 1 1 1528 1621 1435 1652
1528 4 2 1 1 918 924 1702 1723
1529 4 2 1 1 437 1505 438 1718
1530 4 2 1 1 367 1221 1227 1609
1531 4 2 1 1 1043 751 1522 1708
1532 4 2 1 1 968 1311 1543 1818
1533 4 2 1 1 1309 481 1312 1613
1534 4 2 1 1 298 1649 890 1976
1535 4 2 1 1 1451 1587 1500 1747
1536 4 2 1 1 235 1658 1607 1760
1537 4 2 1 1 1563 1654 984 1822
1538 4 2 1 1 1306 743 1592 1710
1539 4 2 1 1 523 619 1787 1840
1540 4 2 1 1 1224 1589 670 1604
1541 4 2 1 1 1463 1905 1574 1968
1542 4 2 1 1 1465 1569 1560 1947
1543 4 2 1 1 1067 337 1264 1716
1544 4 2 1 1 1475 1691 74 1917
1545 4 2 1 1 664 663 662 1909
1546 4 2 1 1 850 119 849 1664
1547 4 2 1 1 1632 1714 1541 1786
1548 4 2 1 1 292 1703 290 1784
1549 4 2 1 1 1463 1574 1556 1968
1550 4 2 1 1 1757 1801 1498 1888
1551 4 2 1 1 1480 1430 1710 1830
1552 4 2 1 1 650 1599 648 1976
1553 4 2 1 1 350 1579 1680 1869
1554 4 2 1 1 1336 513 592 1732
1555 4 2 1 1 122 1706 1501 1967
1556 4 2 1 1 1434 1655 1580 1794
1557 4 2 1 1 1483 1543 1522 1818
1558 4 2 1 1 181 1806 1490 1973
1559 4 2 1 1 454 605 1722 1874
1560 4 2 1 1 972 1305 612 1647
1561 4 2 1 1 237 235 1607 1760
1562 4 2 1 1 861 1767 862 1846
1563 4 2 1 1 1550 1645 1439 1709
1564 4 2 1 1 572 914 920 1530
1565 4 2 1 1 1458 1918 1509 1965
1566 4 2 1 1 1601 1679 108 1689
1567 4 2 1 1 862 1542 1159 1690
1568 4 2 1 1 984 1563 1007 1654
1569 4 2 1 1 469 1816 1640 1838
1570 4 2 1 1 271 269 1609 1782
1571 4 2 1 1 1565 1683 155 1743
1572 4 2 1 1 1027 1265 1267 1526
1573 4 2 1 1 1435 1787 1621 1942
1574 4 2 1 1 722 1536 723 1724
1575 4 2 1 1 667 1618 1604 1932
1576 4 2 1 1 557 1256 1259 1763
1577 4 2 1 1 335 277 1013 1650
1578 4 2 1 1 642 1557 1687 1831
1579 4 2 1 1 892 891 1584 1840
1580 4 2 1 1 885 1748 1469 1804
1581 4 2 1 1 1561 1754 1545 1915
1582 4 2 1 1 419 1480 588 1710
1583 4 2 1 1 1325 1657 399 1754
1584 4 2 1 1 861 862 1690 1846
1585 4 2 1 1 722 724 1536 1727
1586 4 2 1 1 791 802 1474 1759
1587 4 2 1 1 1270 1728 1523 1907
1588 4 2 1 1 1630 1648 888 1883
1589 4 2 1 1 955 107 1547 1793
1590 4 2 1 1 1453 1496 1611 1674
1591 4 2 1 1 678 1529 679 1751
1592 4 2 1 1 1479 1660 1600 1974
1593 4 2 1 1 1600 1660 1449 1974
1594 4 2 1 1 1449 1516 1489 1726
1595 4 2 1 1 1222 1216 1061 1644
1596 4 2 1 1 559 1674 488 1837
1597 4 2 1 1 1550 1709 1439 1751
1598 4 2 1 1 499 498 1510 1832
1599 4 2 1 1 1003 1507 1004 1713
1600 4 2 1 1 1602 1842 1485 1937
1601 4 2 1 1 456 389 399 1731
1602 4 2 1 1 1452 1499 1610 1675
1603 4 2 1 1 1387 1385 170 1532
1604 4 2 1 1 982 1475 1917 1981
1605 4 2 1 1 1509 1542 1478 1798
1606 4 2 1 1 1511 1540 1483 1820
1607 4 2 1 1 351 1580 1539 1802
1608 4 2 1 1 373 294 904 1784
1609 4 2 1 1 74 73 1475 1917
1610 4 2 1 1 978 979 1585 1786
1611 4 2 1 1 732 1569 1643 1719
1612 4 2 1 1 1052 1689 1519 1927
1613 4 2 1 1 780 1842 748 1856
1614 4 2 1 1 1585 1644 283 1810
1615 4 2 1 1 392 444 445 1479
1616 4 2 1 1 670 1604 1589 1868
1617 4 2 1 1 325 1622 1577 1859
1618 4 2 1 1 676 1227 1751 1788
1619 4 2 1 1 1460 1787 619 1923
1620 4 2 1 1 1433 1635 1564 1872
1621 4 2 1 1 464 1511 465 1820
1622 4 2 1 1 936 937 745 1678
1623 4 2 1 1 1348 808 153 1502
1624 4 2 1 1 936 1671 109 1678
1625 4 2 1 1 586 876 538 1808
1626 4 2 1 1 941 1243 1749 1901
1627 4 2 1 1 1236 1230 1072 1721
1628 4 2 1 1 840 137 1546 1745
1629 4 2 1 1 589 778 777 1791
1630 4 2 1 1 566 990 1640 1814
1631 4 2 1 1 258 1605 1699 1821
1632 4 2 1 1 892 1538 891 1840
1633 4 2 1 1 1453 1611 1496 1671
1634 4 2 1 1 363 1235 1699 1773
1635 4 2 1 1 1099 349 221 1623
1636 4 2 1 1 222 223 1637 1906
1637 4 2 1 1 1585 1786 1245 1813
1638 4 2 1 1 371 1639 1025 1827
1639 4 2 1 1 1322 170 1385 1532
1640 4 2 1 1 458 569 1524 1874
1641 4 2 1 1 920 1530 914 1752
1642 4 2 1 1 1289 1770 1491 1805
1643 4 2 1 1 1453 1492 1611 1671
1644 4 2 1 1 713 1843 1707 1866
1645 4 2 1 1 741 1120 1242 1580
1646 4 2 1 1 956 157 957 1704
1647 4 2 1 1 1562 1649 1549 1876
1648 4 2 1 1 1337 764 781 1789
1649 4 2 1 1 885 1469 304 1890
1650 4 2 1 1 292 291 290 1703
1651 4 2 1 1 1466 1796 1551 1900
1652 4 2 1 1 1474 1635 1564 1815
1653 4 2 1 1 885 1804 1469 1890
1654 4 2 1 1 1202 1572 704 1941
1655 4 2 1 1 1074 362 250 1531
1656 4 2 1 1 931 1724 1536 1904
1657 4 2 1 1 1435 1652 1621 1787
1658 4 2 1 1 1240 893 1239 1584
1659 4 2 1 1 1078 1527 245 1741
1660 4 2 1 1 1611 1638 491 1980
1661 4 2 1 1 837 1853 835 1969
1662 4 2 1 1 972 1672 1647 1711
1663 4 2 1 1 1489 1516 1449 1811
1664 4 2 1 1 1452 1610 1499 1673
1665 4 2 1 1 1545 1450 1657 1754
1666 4 2 1 1 309 307 308 1608
1667 4 2 1 1 258 1699 364 1821
1668 4 2 1 1 526 548 1586 1684
1669 4 2 1 1 1369 1545 827 1915
1670 4 2 1 1 237 235 236 1607
1671 4 2 1 1 1481 1922 1519 1963
1672 4 2 1 1 1435 1649 1562 1876
1673 4 2 1 1 1071 1228 364 1699
1674 4 2 1 1 1452 1493 1610 1673
1675 4 2 1 1 1483 1930 1522 1959
1676 4 2 1 1 304 1469 1725 1890
1677 4 2 1 1 1394 1545 1357 1915
1678 4 2 1 1 1435 1549 1649 1876
1679 4 2 1 1 1465 1852 1569 1947
1680 4 2 1 1 1519 1689 1052 1868
1681 4 2 1 1 1123 1875 204 1895
1682 4 2 1 1 1326 1481 962 1762
1683 4 2 1 1 946 1663 948 1948
1684 4 2 1 1 285 1541 333 1810
1685 4 2 1 1 1437 1461 1643 1719
1686 4 2 1 1 1427 1417 1473 1811
1687 4 2 1 1 31 32 906 1651
1688 4 2 1 1 271 269 270 1609
1689 4 2 1 1 1458 1785 1608 1846
1690 4 2 1 1 1084 1707 1463 1866
1691 4 2 1 1 56 1494 164 1766
1692 4 2 1 1 160 1520 831 1706
1693 4 2 1 1 601 1373 1167 1660
1694 4 2 1 1 936 938 51 1892
1695 4 2 1 1 305 1725 304 1783
1696 4 2 1 1 1432 1566 1466 1667
1697 4 2 1 1 1131 1849 1625 1924
1698 4 2 1 1 1224 670 1217 1604
1699 4 2 1 1 1185 833 1520 1853
1700 4 2 1 1 837 1501 122 1706
1701 4 2 1 1 401 1771 1133 1849
1702 4 2 1 1 1459 1519 1922 1963
1703 4 2 1 1 214 1680 215 1776
1704 4 2 1 1 24 1482 121 1688
1705 4 2 1 1 672 670 1589 1868
1706 4 2 1 1 593 1779 1464 1844
1707 4 2 1 1 1430 1656 1518 1952
1708 4 2 1 1 387 1622 385 1796
1709 4 2 1 1 664 662 1218 1909
1710 4 2 1 1 379 320 1567 1701
1711 4 2 1 1 392 1479 445 1920
1712 4 2 1 1 1457 1522 1930 1959
1713 4 2 1 1 1029 1763 273 1916
1714 4 2 1 1 891 1538 548 1840
1715 4 2 1 1 1481 1439 1762 1963
1716 4 2 1 1 379 380 320 1701
1717 4 2 1 1 440 1530 441 1718
1718 4 2 1 1 1063 501 1679 1700
1719 4 2 1 1 1491 1842 1602 1937
1720 4 2 1 1 682 681 680 1717
1721 4 2 1 1 551 1486 516 1809
1722 4 2 1 1 713 1556 1843 1866
1723 4 2 1 1 1529 1709 679 1751
1724 4 2 1 1 392 1701 1479 1920
1725 4 2 1 1 153 20 21 1685
1726 4 2 1 1 1279 1078 342 1694
1727 4 2 1 1 1538 1447 1633 1864
1728 4 2 1 1 1516 1626 1449 1811
1729 4 2 1 1 1430 1624 1581 1848
1730 4 2 1 1 1581 1624 1462 1848
1731 4 2 1 1 564 1004 1003 1507
1732 4 2 1 1 927 978 977 1541
1733 4 2 1 1 1474 802 1746 1759
1734 4 2 1 1 536 537 1798 1808
1735 4 2 1 1 294 296 295 1649
1736 4 2 1 1 1548 1578 1443 1702
1737 4 2 1 1 1360 1734 1503 1829
1738 4 2 1 1 1498 1824 1757 1975
1739 4 2 1 1 1433 1606 1603 1755
1740 4 2 1 1 465 1640 467 1816
1741 4 2 1 1 319 1567 325 1977
1742 4 2 1 1 180 1573 1656 1845
1743 4 2 1 1 1473 1449 1626 1811
1744 4 2 1 1 108 1601 1330 1679
1745 4 2 1 1 1021 1028 1523 1728
1746 4 2 1 1 79 1491 1842 1926
1747 4 2 1 1 1021 1523 1270 1728
1748 4 2 1 1 1144 955 1334 1793
1749 4 2 1 1 1575 1805 1434 1937
1750 4 2 1 1 1520 1590 1474 1746
1751 4 2 1 1 1448 1618 1488 1644
1752 4 2 1 1 1484 1438 1637 1906
1753 4 2 1 1 401 1581 1771 1849
1754 4 2 1 1 36 1528 129 1697
1755 4 2 1 1 681 1678 1284 1709
1756 4 2 1 1 850 1860 1664 1894
1757 4 2 1 1 678 680 679 1529
1758 4 2 1 1 706 704 1591 1708
1759 4 2 1 1 1474 1590 1520 1872
1760 4 2 1 1 1510 1544 1481 1832
1761 4 2 1 1 1466 1432 1667 1696
1762 4 2 1 1 1546 1719 880 1882
1763 4 2 1 1 558 1033 1253 1508
1764 4 2 1 1 896 1686 1583 1882
1765 4 2 1 1 1504 1430 1731 1771
1766 4 2 1 1 1502 1765 1685 1974
1767 4 2 1 1 558 1033 1508 1870
1768 4 2 1 1 1491 1770 1289 1894
1769 4 2 1 1 1483 1540 1511 1959
1770 4 2 1 1 1480 1830 419 1862
1771 4 2 1 1 348 1484 225 1824
1772 4 2 1 1 819 1358 1369 1545
1773 4 2 1 1 1563 1822 1122 1823
1774 4 2 1 1 1470 1599 1553 1942
1775 4 2 1 1 1264 1253 1508 1736
1776 4 2 1 1 488 1611 489 1837
1777 4 2 1 1 1502 1659 1765 1974
1778 4 2 1 1 135 1602 79 1842
1779 4 2 1 1 1446 1663 1628 1778
1780 4 2 1 1 931 1536 723 1904
1781 4 2 1 1 212 1776 1580 1794
1782 4 2 1 1 211 213 351 1580
1783 4 2 1 1 714 713 1707 1866
1784 4 2 1 1 1574 1866 716 1938
1785 4 2 1 1 249 250 1668 1694
1786 4 2 1 1 1253 558 1508 1870
1787 4 2 1 1 568 1106 1275 1534
1788 4 2 1 1 1009 1122 1822 1823
1789 4 2 1 1 1509 542 1808 1970
1790 4 2 1 1 1239 1584 893 1742
1791 4 2 1 1 1261 1067 1264 1716
1792 4 2 1 1 470 999 1675 1838
1793 4 2 1 1 91 1756 1532 1799
1794 4 2 1 1 1206 1512 356 1727
1795 4 2 1 1 211 1580 212 1776
1796 4 2 1 1 117 1546 880 1882
1797 4 2 1 1 84 1706 1646 1746
1798 4 2 1 1 649 1562 651 1749
1799 4 2 1 1 577 431 1110 1745
1800 4 2 1 1 908 1203 1549 1742
1801 4 2 1 1 135 79 1602 1926
1802 4 2 1 1 1491 1805 1575 1937
1803 4 2 1 1 941 1749 1621 1901
1804 4 2 1 1 1401 1384 1403 1863
1805 4 2 1 1 549 892 891 1584
1806 4 2 1 1 979 1585 1245 1813
1807 4 2 1 1 722 1194 724 1727
1808 4 2 1 1 1215 657 1212 1834
1809 4 2 1 1 891 1187 548 1538
1810 4 2 1 1 127 1340 985 1744
1811 4 2 1 1 549 1584 891 1840
1812 4 2 1 1 213 215 1111 1539
1813 4 2 1 1 91 174 1532 1756
1814 4 2 1 1 668 1604 667 1618
1815 4 2 1 1 662 661 1730 1879
1816 4 2 1 1 442 441 440 1530
1817 4 2 1 1 211 212 1580 1794
1818 4 2 1 1 610 381 1655 1895
1819 4 2 1 1 1462 1624 1581 1849
1820 4 2 1 1 737 1686 896 1882
1821 4 2 1 1 206 210 209 1794
1822 4 2 1 1 35 973 36 1528
1823 4 2 1 1 482 1523 1020 1797
1824 4 2 1 1 528 1586 1779 1844
1825 4 2 1 1 1551 1796 1429 1900
1826 4 2 1 1 22 21 147 1670
1827 4 2 1 1 920 1530 1752 1824
1828 4 2 1 1 1427 1417 1409 1473
1829 4 2 1 1 469 1499 1816 1838
1830 4 2 1 1 1221 676 1227 1751
1831 4 2 1 1 501 1063 499 1700
1832 4 2 1 1 1487 1448 1634 1704
1833 4 2 1 1 1468 1872 1564 1979
1834 4 2 1 1 516 1486 1750 1809
1835 4 2 1 1 1758 1948 1446 1959
1836 4 2 1 1 117 1583 1546 1882
1837 4 2 1 1 1021 1270 1028 1728
1838 4 2 1 1 884 1173 546 1586
1839 4 2 1 1 1007 1563 72 1695
1840 4 2 1 1 1453 1496 1674 1928
1841 4 2 1 1 1306 1592 743 1967
1842 4 2 1 1 1541 1639 1472 1810
1843 4 2 1 1 1468 1564 1552 1979
1844 4 2 1 1 639 1557 640 1629
1845 4 2 1 1 462 567 1540 1758
1846 4 2 1 1 528 884 1586 1844
1847 4 2 1 1 1485 1851 1456 1935
1848 4 2 1 1 1491 1485 1842 1937
1849 4 2 1 1 689 691 746 1587
1850 4 2 1 1 1543 1446 1607 1843
1851 4 2 1 1 1455 1549 1809 1876
1852 4 2 1 1 153 20 1685 1765
1853 4 2 1 1 1548 1443 1578 1722
1854 4 2 1 1 1388 1532 1387 1737
1855 4 2 1 1 812 1754 1692 1829
1856 4 2 1 1 186 1624 185 1865
1857 4 2 1 1 723 1536 931 1724
1858 4 2 1 1 908 1203 331 1549
1859 4 2 1 1 1452 1499 1675 1925
1860 4 2 1 1 326 325 1577 1859
1861 4 2 1 1 1297 1295 347 1801
1862 4 2 1 1 55 1494 945 1747
1863 4 2 1 1 1439 1481 1645 1963
1864 4 2 1 1 1188 1643 1569 1792
1865 4 2 1 1 1161 1396 1561 1863
1866 4 2 1 1 270 1609 269 1617
1867 4 2 1 1 693 1766 1517 1857
1868 4 2 1 1 127 985 36 1528
1869 4 2 1 1 1078 247 1694 1741
1870 4 2 1 1 1555 1639 1559 1834
1871 4 2 1 1 1431 1646 1706 1746
1872 4 2 1 1 251 1570 341 1668
1873 4 2 1 1 186 187 185 1624
1874 4 2 1 1 1483 1948 1758 1959
1875 4 2 1 1 1413 1406 1412 1516
1876 4 2 1 1 1595 1767 323 1908
1877 4 2 1 1 1707 1843 1556 1866
1878 4 2 1 1 528 1586 884 1779
1879 4 2 1 1 1455 1549 1703 1809
1880 4 2 1 1 155 1565 68 1683
1881 4 2 1 1 1043 1522 1045 1914
1882 4 2 1 1 588 1480 743 1710
1883 4 2 1 1 1289 739 1770 1805
1884 4 2 1 1 209 1580 1120 1655
1885 4 2 1 1 1437 1792 1680 1852
1886 4 2 1 1 961 47 1645 1819
1887 4 2 1 1 560 1027 1642 1728
1888 4 2 1 1 471 470 1610 1838
1889 4 2 1 1 180 1135 1573 1845
1890 4 2 1 1 1023 1495 1339 1744
1891 4 2 1 1 1441 1547 1732 1793
1892 4 2 1 1 951 1676 1612 1816
1893 4 2 1 1 1353 1478 886 1883
1894 4 2 1 1 1585 1467 1786 1813
1895 4 2 1 1 1514 1632 1441 1893
1896 4 2 1 1 1195 652 1207 1562
1897 4 2 1 1 280 1887 1488 1954
1898 4 2 1 1 1553 772 1687 1831
1899 4 2 1 1 254 253 252 1570
1900 4 2 1 1 966 1645 965 1819
1901 4 2 1 1 814 1615 1490 1951
1902 4 2 1 1 1445 1642 1797 1957
1903 4 2 1 1 1631 1866 1574 1938
1904 4 2 1 1 1002 619 1342 1787
1905 4 2 1 1 298 296 1649 1729
1906 4 2 1 1 406 810 1692 1903
1907 4 2 1 1 863 882 881 1783
1908 4 2 1 1 295 1649 296 1729
1909 4 2 1 1 428 426 1636 1803
1910 4 2 1 1 1432 1533 1682 1688
1911 4 2 1 1 350 1680 1579 1881
1912 4 2 1 1 1029 1594 1763 1916
1913 4 2 1 1 22 1670 1677 1861
1914 4 2 1 1 613 944 1711 1747
1915 4 2 1 1 688 1515 689 1733
1916 4 2 1 1 1547 1576 1467 1950
1917 4 2 1 1 1205 134 905 1836
1918 4 2 1 1 1447 1651 1557 1943
1919 4 2 1 1 1557 1651 1464 1943
1920 4 2 1 1 1461 1583 1546 1953
1921 4 2 1 1 1481 1544 1510 1963
1922 4 2 1 1 1624 1731 1430 1771
1923 4 2 1 1 548 884 526 1586
1924 4 2 1 1 1288 1579 350 1869
1925 4 2 1 1 1488 1448 1644 1887
1926 4 2 1 1 1569 1852 1475 1947
1927 4 2 1 1 1037 500 498 1510
1928 4 2 1 1 831 160 832 1520
1929 4 2 1 1 500 1510 1037 1700
1930 4 2 1 1 642 1687 1557 1804
1931 4 2 1 1 764 1726 1516 1889
1932 4 2 1 1 1482 1432 1682 1688
1933 4 2 1 1 1295 1095 347 1498
1934 4 2 1 1 1456 1851 1568 1935
1935 4 2 1 1 1603 1712 1468 1949
1936 4 2 1 1 344 1919 1768 1978
1937 4 2 1 1 186 187 1624 1865
1938 4 2 1 1 1277 1668 341 1713
1939 4 2 1 1 1159 1690 1542 1769
1940 4 2 1 1 566 991 990 1814
1941 4 2 1 1 338 1526 263 1764
1942 4 2 1 1 1511 1612 1440 1640
1943 4 2 1 1 978 979 333 1585
1944 4 2 1 1 1086 1631 228 1757
1945 4 2 1 1 1043 62 61 1676
1946 4 2 1 1 1237 1127 1635 1815
1947 4 2 1 1 466 464 566 1511
1948 4 2 1 1 1245 1585 979 1786
1949 4 2 1 1 732 731 1569 1719
1950 4 2 1 1 950 980 1477 1778
1951 4 2 1 1 1206 1198 356 1512
1952 4 2 1 1 450 1723 1548 1735
1953 4 2 1 1 1445 1665 1525 1928
1954 4 2 1 1 1533 1554 1478 1965
1955 4 2 1 1 1526 1674 1453 1716
1956 4 2 1 1 981 75 137 1691
1957 4 2 1 1 1489 1660 1168 1944
1958 4 2 1 1 1283 351 1539 1802
1959 4 2 1 1 1309 1312 943 1747
1960 4 2 1 1 316 1521 1696 1847
1961 4 2 1 1 148 817 1545 1737
1962 4 2 1 1 1560 1569 1475 1947
1963 4 2 1 1 1491 1535 1456 1770
1964 4 2 1 1 137 839 840 1546
1965 4 2 1 1 356 1727 1512 1757
1966 4 2 1 1 1033 559 1034 1674
1967 4 2 1 1 693 1517 694 1857
1968 4 2 1 1 1445 1733 1525 1892
1969 4 2 1 1 1429 1479 1670 1701
1970 4 2 1 1 561 1022 1021 1715
1971 4 2 1 1 1441 1732 1632 1793
1972 4 2 1 1 1208 1199 1631 1866
1973 4 2 1 1 511 509 1632 1793
1974 4 2 1 1 423 576 594 1485
1975 4 2 1 1 850 1664 849 1894
1976 4 2 1 1 782 935 715 1574
1977 4 2 1 1 999 1005 564 1675
1978 4 2 1 1 1456 1535 1491 1935
1979 4 2 1 1 1582 1692 810 1903
1980 4 2 1 1 1316 1665 1040 1957
1981 4 2 1 1 251 253 341 1570
1982 4 2 1 1 224 1727 1484 1906
1983 4 2 1 1 1453 1526 1716 1764
1984 4 2 1 1 505 1331 503 1704
1985 4 2 1 1 1629 1748 638 1804
1986 4 2 1 1 236 1607 235 1658
1987 4 2 1 1 1675 1694 1452 1741
1988 4 2 1 1 419 589 1480 1791
1989 4 2 1 1 487 488 489 1837
1990 4 2 1 1 627 1692 1734 1829
1991 4 2 1 1 1057 1627 697 1653
1992 4 2 1 1 1072 1517 1230 1773
1993 4 2 1 1 946 1818 1483 1914
1994 4 2 1 1 560 1642 1027 1837
1995 4 2 1 1 1509 1432 1667 1808
1996 4 2 1 1 750 1289 1770 1894
1997 4 2 1 1 1537 1783 1436 1958
1998 4 2 1 1 1451 1517 1720 1886
1999 4 2 1 1 592 1495 1338 1732
2000 4 2 1 1 1502 1614 1429 1861
2001 4 2 1 1 1581 1430 1830 1903
2002 4 2 1 1 370 1218 1644 1909
2003 4 2 1 1 389 1731 1624 1771
2004 4 2 1 1 426 1534 1803 1856
2005 4 2 1 1 1175 1575 738 1686
2006 4 2 1 1 467 1640 469 1816
2007 4 2 1 1 1139 791 789 1666
2008 4 2 1 1 1436 1690 1608 1748
2009 4 2 1 1 1620 1641 433 1873
2010 4 2 1 1 1446 1778 1628 1968
2011 4 2 1 1 441 1718 1530 1822
2012 4 2 1 1 1538 1633 1807 1864
2013 4 2 1 1 976 1598 1293 1858
2014 4 2 1 1 844 1554 1192 1738
2015 4 2 1 1 853 1603 834 1860
2016 4 2 1 1 669 667 1604 1932
2017 4 2 1 1 602 604 1600 1726
2018 4 2 1 1 1431 1666 1746 1979
2019 4 2 1 1 1430 1490 1656 1952
2020 4 2 1 1 1164 1785 1608 1826
2021 4 2 1 1 1441 1514 1559 1714
2022 4 2 1 1 371 1025 288 1827
2023 4 2 1 1 1043 140 1044 1708
2024 4 2 1 1 660 658 657 1555
2025 4 2 1 1 1577 1622 1429 1859
2026 4 2 1 1 1606 199 1835 1949
2027 4 2 1 1 1063 1330 1601 1679
2028 4 2 1 1 698 697 696 1857
2029 4 2 1 1 888 134 1630 1883
2030 4 2 1 1 1490 1430 1731 1952
2031 4 2 1 1 1352 1353 886 1883
2032 4 2 1 1 961 1819 1481 1927
2033 4 2 1 1 1513 1653 1452 1673
2034 4 2 1 1 53 1619 1665 1892
2035 4 2 1 1 943 1500 942 1747
2036 4 2 1 1 1323 175 807 1473
2037 4 2 1 1 1098 1097 555 1564
2038 4 2 1 1 1011 1722 1010 1939
2039 4 2 1 1 1025 1559 288 1827
2040 4 2 1 1 513 1336 511 1732
2041 4 2 1 1 720 1512 1206 1727
2042 4 2 1 1 1052 1519 1051 1927
2043 4 2 1 1 1044 1708 1513 1941
2044 4 2 1 1 793 1825 1626 1889
2045 4 2 1 1 269 1041 1617 1782
2046 4 2 1 1 1486 1744 517 1750
2047 4 2 1 1 602 1726 1600 1920
2048 4 2 1 1 462 567 987 1540
2049 4 2 1 1 1435 1599 1562 1649
2050 4 2 1 1 89 1518 821 1855
2051 4 2 1 1 1429 1614 1551 1677
2052 4 2 1 1 605 950 1477 1874
2053 4 2 1 1 1126 194 200 1800
2054 4 2 1 1 344 1596 1768 1919
2055 4 2 1 1 1295 1498 347 1801
2056 4 2 1 1 226 224 1090 1727
2057 4 2 1 1 1264 337 1042 1736
2058 4 2 1 1 1175 1177 1575 1686
2059 4 2 1 1 205 1770 1575 1812
2060 4 2 1 1 219 220 221 1637
2061 4 2 1 1 1072 1721 1517 1773
2062 4 2 1 1 383 1753 809 1859
2063 4 2 1 1 333 1585 283 1810
2064 4 2 1 1 927 1541 977 1714
2065 4 2 1 1 789 1646 778 1666
2066 4 2 1 1 324 861 862 1690
2067 4 2 1 1 712 714 713 1707
2068 4 2 1 1 1211 1514 1155 1885
2069 4 2 1 1 1313 940 746 1619
2070 4 2 1 1 1465 1680 1792 1852
2071 4 2 1 1 1644 1810 1472 1909
2072 4 2 1 1 1477 1574 1683 1905
2073 4 2 1 1 1511 1440 1596 1814
2074 4 2 1 1 433 1641 1620 1745
2075 4 2 1 1 1540 1758 567 1946
2076 4 2 1 1 649 650 651 1562
2077 4 2 1 1 715 1574 1556 1866
2078 4 2 1 1 982 1475 73 1917
2079 4 2 1 1 1532 1777 1389 1799
2080 4 2 1 1 1164 1608 875 1826
2081 4 2 1 1 192 194 1126 1625
2082 4 2 1 1 309 1690 1608 1846
2083 4 2 1 1 419 589 588 1480
2084 4 2 1 1 1511 1640 1440 1814
2085 4 2 1 1 809 1476 388 1898
2086 4 2 1 1 1539 1437 1643 1680
2087 4 2 1 1 223 225 348 1484
2088 4 2 1 1 1099 223 348 1752
2089 4 2 1 1 26 132 1593 1854
2090 4 2 1 1 536 1798 1509 1808
2091 4 2 1 1 1389 1382 1395 1799
2092 4 2 1 1 1155 1514 917 1893
2093 4 2 1 1 1537 1690 1436 1783
2094 4 2 1 1 205 1170 1770 1812
2095 4 2 1 1 1438 1637 1623 1752
2096 4 2 1 1 1001 990 1814 1838
2097 4 2 1 1 955 107 40 1547
2098 4 2 1 1 729 728 730 1569
2099 4 2 1 1 1420 149 1825 1839
2100 4 2 1 1 1569 1792 1437 1852
2101 4 2 1 1 1199 357 1631 1866
2102 4 2 1 1 713 712 1707 1843
2103 4 2 1 1 767 1670 575 1931
2104 4 2 1 1 1084 358 234 1707
2105 4 2 1 1 468 469 1640 1838
2106 4 2 1 1 1208 1199 357 1631
2107 4 2 1 1 1043 61 140 1676
2108 4 2 1 1 1640 1814 990 1838
2109 4 2 1 1 642 869 1557 1831
2110 4 2 1 1 809 1753 1476 1859
2111 4 2 1 1 1333 507 591 1634
2112 4 2 1 1 647 1553 644 1828
2113 4 2 1 1 540 758 1626 1753
2114 4 2 1 1 222 223 221 1637
2115 4 2 1 1 557 496 1038 1544
2116 4 2 1 1 1442 1487 1679 1966
2117 4 2 1 1 188 192 195 1625
2118 4 2 1 1 1052 1051 1519 1868
2119 4 2 1 1 592 1744 1495 1750
2120 4 2 1 1 1131 1163 1625 1849
2121 4 2 1 1 321 326 325 1577
2122 4 2 1 1 1563 1823 71 1904
2123 4 2 1 1 57 58 971 1672
2124 4 2 1 1 1618 1780 1497 1932
2125 4 2 1 1 236 235 234 1658
2126 4 2 1 1 1284 1678 109 1709
2127 4 2 1 1 875 1608 1164 1785
2128 4 2 1 1 1546 1691 880 1719
2129 4 2 1 1 344 239 1919 1978
2130 4 2 1 1 857 1592 1845 1855
2131 4 2 1 1 743 1646 786 1967
2132 4 2 1 1 1116 1521 316 1847
2133 4 2 1 1 369 1061 280 1954
2134 4 2 1 1 154 73 1695 1934
2135 4 2 1 1 720 1512 719 1938
2136 4 2 1 1 1514 1441 1632 1714
2137 4 2 1 1 640 1557 868 1836
2138 4 2 1 1 1168 1167 1373 1489
2139 4 2 1 1 54 1048 55 1587
2140 4 2 1 1 228 1757 1631 1801
2141 4 2 1 1 1602 1842 780 1856
2142 4 2 1 1 532 1648 531 1769
2143 4 2 1 1 428 426 568 1636
2144 4 2 1 1 950 980 1157 1477
2145 4 2 1 1 880 1546 75 1691
2146 4 2 1 1 589 743 588 1480
2147 4 2 1 1 77 1698 1583 1926
2148 4 2 1 1 821 89 168 1518
2149 4 2 1 1 689 1515 690 1720
2150 4 2 1 1 593 529 1350 1779
2151 4 2 1 1 778 1666 1646 1791
2152 4 2 1 1 962 1326 1328 1481
2153 4 2 1 1 1468 1520 1603 1872
2154 4 2 1 1 1044 1513 1302 1941
2155 4 2 1 1 967 1556 113 1778
2156 4 2 1 1 1442 1679 1497 1966
2157 4 2 1 1 1557 1651 1447 1831
2158 4 2 1 1 1246 1483 946 1948
2159 4 2 1 1 367 1609 1227 1788
2160 4 2 1 1 962 1328 961 1481
2161 4 2 1 1 426 1803 427 1856
2162 4 2 1 1 526 1586 884 1844
2163 4 2 1 1 1621 1787 1460 1942
2164 4 2 1 1 1685 1765 1449 1974
2165 4 2 1 1 900 430 428 1636
2166 4 2 1 1 958 959 157 1704
2167 4 2 1 1 952 951 1612 1816
2168 4 2 1 1 1089 1362 1615 1737
2169 4 2 1 1 1500 1613 1451 1747
2170 4 2 1 1 781 764 1726 1789
2171 4 2 1 1 1514 1750 917 1893
2172 4 2 1 1 480 479 478 1613
2173 4 2 1 1 1540 1446 1758 1946
2174 4 2 1 1 283 282 1644 1887
2175 4 2 1 1 1041 1736 1617 1782
2176 4 2 1 1 1188 1569 730 1792
2177 4 2 1 1 1511 1540 1457 1959
2178 4 2 1 1 1582 1830 1430 1903
2179 4 2 1 1 1510 1544 1459 1963
2180 4 2 1 1 647 1599 1828 1976
2181 4 2 1 1 685 1733 1525 1929
2182 4 2 1 1 627 625 626 1582
2183 4 2 1 1 917 1750 1514 1809
2184 4 2 1 1 1155 1514 1211 1809
2185 4 2 1 1 439 437 438 1718
2186 4 2 1 1 1560 1569 1465 1878
2187 4 2 1 1 209 211 1580 1794
2188 4 2 1 1 1504 1731 1430 1952
2189 4 2 1 1 595 1798 1478 1883
2190 4 2 1 1 324 861 1690 1846
2191 4 2 1 1 1551 1566 623 1867
2192 4 2 1 1 1520 1706 160 1746
2193 4 2 1 1 190 1624 1133 1771
2194 4 2 1 1 1811 1825 1626 1839
2195 4 2 1 1 1575 1491 1770 1805
2196 4 2 1 1 858 857 1592 1845
2197 4 2 1 1 1490 1731 1430 1806
2198 4 2 1 1 383 1130 804 1753
2199 4 2 1 1 431 432 433 1641
2200 4 2 1 1 176 1693 174 1756
2201 4 2 1 1 1572 1708 1591 1941
2202 4 2 1 1 617 503 1331 1704
2203 4 2 1 1 1512 1743 719 1938
2204 4 2 1 1 182 180 1135 1573
2205 4 2 1 1 1524 458 1874 1946
2206 4 2 1 1 546 1537 1165 1769
2207 4 2 1 1 484 1020 1642 1797
2208 4 2 1 1 162 1533 844 1854
2209 4 2 1 1 1438 1536 1904 1962
2210 4 2 1 1 1187 1182 548 1864
2211 4 2 1 1 1569 1792 1465 1878
2212 4 2 1 1 1021 1028 1020 1523
2213 4 2 1 1 132 1355 26 1593
2214 4 2 1 1 825 812 1561 1754
2215 4 2 1 1 644 1553 772 1687
2216 4 2 1 1 1446 1707 1607 1843
2217 4 2 1 1 1050 1681 659 1730
2218 4 2 1 1 1528 1435 1621 1749
2219 4 2 1 1 1518 1656 1490 1952
2220 4 2 1 1 1447 1890 1725 1943
2221 4 2 1 1 1454 1724 1565 1823
2222 4 2 1 1 1514 1211 1809 1885
2223 4 2 1 1 860 811 1692 1903
2224 4 2 1 1 577 1698 1109 1803
2225 4 2 1 1 1453 1492 1671 1678
2226 4 2 1 1 146 776 1710 1855
2227 4 2 1 1 1131 1625 1163 1924
2228 4 2 1 1 1525 1453 1678 1929
2229 4 2 1 1 1527 1675 1452 1741
2230 4 2 1 1 1666 1815 1552 1972
2231 4 2 1 1 1511 1930 1483 1959
2232 4 2 1 1 1609 1617 1439 1736
2233 4 2 1 1 585 1314 1312 1797
2234 4 2 1 1 1318 1060 614 1611
2235 4 2 1 1 81 119 1590 1664
2236 4 2 1 1 1493 1452 1653 1673
2237 4 2 1 1 1449 1660 1600 1726
2238 4 2 1 1 605 950 1157 1477
2239 4 2 1 1 1639 1810 1541 1827
2240 4 2 1 1 1046 141 57 1672
2241 4 2 1 1 1488 1887 1644 1954
2242 4 2 1 1 669 1604 1258 1932
2243 4 2 1 1 1467 1813 1585 1950
2244 4 2 1 1 681 1284 679 1709
2245 4 2 1 1 373 1207 1190 1649
2246 4 2 1 1 1536 1438 1871 1906
2247 4 2 1 1 1115 446 391 1597
2248 4 2 1 1 1824 1871 1484 1975
2249 4 2 1 1 1479 1429 1577 1701
2250 4 2 1 1 734 732 1184 1643
2251 4 2 1 1 1450 1693 1518 1734
2252 4 2 1 1 1540 1758 1483 1820
2253 4 2 1 1 1465 1792 218 1878
2254 4 2 1 1 342 1075 1274 1694
2255 4 2 1 1 886 1738 1478 1854
2256 4 2 1 1 440 914 1530 1718
2257 4 2 1 1 934 155 1683 1743
2258 4 2 1 1 1450 1490 1951 1952
2259 4 2 1 1 1329 1330 108 1601
2260 4 2 1 1 949 124 950 1778
2261 4 2 1 1 610 208 381 1895
2262 4 2 1 1 1525 1665 1496 1928
2263 4 2 1 1 350 1680 1105 1869
2264 4 2 1 1 672 674 673 1788
2265 4 2 1 1 1582 1734 1692 1952
2266 4 2 1 1 1450 1490 1615 1951
2267 4 2 1 1 1659 1449 1765 1974
2268 4 2 1 1 626 625 599 1582
2269 4 2 1 1 51 126 1059 1671
2270 4 2 1 1 389 1624 190 1771
2271 4 2 1 1 291 1559 290 1703
2272 4 2 1 1 1243 871 647 1599
2273 4 2 1 1 963 1324 962 1880
2274 4 2 1 1 1597 1670 1429 1677
2275 4 2 1 1 1458 1542 1509 1767
2276 4 2 1 1 638 1748 1171 1804
2277 4 2 1 1 1433 1755 1603 1872
2278 4 2 1 1 1459 1544 1510 1763
2279 4 2 1 1 1531 1653 1452 1910
2280 4 2 1 1 1533 1588 1432 1682
2281 4 2 1 1 669 1053 1258 1604
2282 4 2 1 1 1435 1742 1486 1897
2283 4 2 1 1 1091 602 604 1600
2284 4 2 1 1 1329 1063 1330 1601
2285 4 2 1 1 83 802 82 1759
2286 4 2 1 1 986 1714 1632 1786
2287 4 2 1 1 1427 1811 1473 1839
2288 4 2 1 1 750 1535 1292 1894
2289 4 2 1 1 1236 694 1230 1517
2290 4 2 1 1 233 1658 1858 1960
2291 4 2 1 1 571 1802 898 1881
2292 4 2 1 1 692 1517 693 1886
2293 4 2 1 1 1581 1849 879 1862
2294 4 2 1 1 252 1668 250 1721
2295 4 2 1 1 1536 1781 1438 1906
2296 4 2 1 1 374 889 1633 1828
2297 4 2 1 1 1543 1843 1607 1945
2298 4 2 1 1 1509 1432 1595 1667
2299 4 2 1 1 1487 1448 1704 1966
2300 4 2 1 1 668 669 667 1604
2301 4 2 1 1 790 789 791 1746
2302 4 2 1 1 114 71 1823 1904
2303 4 2 1 1 1487 1442 1650 1966
2304 4 2 1 1 223 224 225 1484
2305 4 2 1 1 609 1304 933 1610
2306 4 2 1 1 1526 1642 1445 1928
2307 4 2 1 1 886 1478 1738 1883
2308 4 2 1 1 592 1339 1495 1744
2309 4 2 1 1 1070 339 1270 1907
2310 4 2 1 1 140 1302 1044 1513
2311 4 2 1 1 827 1657 1325 1754
2312 4 2 1 1 1527 1640 1440 1925
2313 4 2 1 1 1488 1650 1442 1966
2314 4 2 1 1 1488 1739 278 1954
2315 4 2 1 1 1609 1736 1439 1782
2316 4 2 1 1 1457 1540 1511 1768
2317 4 2 1 1 467 468 469 1640
2318 4 2 1 1 315 1595 313 1847
2319 4 2 1 1 1256 1544 1031 1763
2320 4 2 1 1 873 1491 79 1926
2321 4 2 1 1 906 1651 905 1836
2322 4 2 1 1 406 1692 811 1903
2323 4 2 1 1 1080 1569 1691 1934
2324 4 2 1 1 471 469 470 1838
2325 4 2 1 1 72 1695 1563 1904
2326 4 2 1 1 402 401 403 1771
2327 4 2 1 1 1302 1513 701 1941
2328 4 2 1 1 1651 1831 1557 1836
2329 4 2 1 1 1582 1518 1734 1952
2330 4 2 1 1 1106 1275 1534 1772
2331 4 2 1 1 273 271 272 1782
2332 4 2 1 1 1405 1166 1761 1789
2333 4 2 1 1 1632 1732 511 1793
2334 4 2 1 1 692 694 693 1517
2335 4 2 1 1 1488 1442 1604 1966
2336 4 2 1 1 642 1557 639 1804
2337 4 2 1 1 1544 1762 1481 1832
2338 4 2 1 1 694 1517 1236 1857
2339 4 2 1 1 858 857 87 1592
2340 4 2 1 1 811 860 1692 1754
2341 4 2 1 1 1460 1840 1787 1923
2342 4 2 1 1 911 1873 897 1881
2343 4 2 1 1 1442 1488 1604 1739
2344 4 2 1 1 1565 1724 1512 1743
2345 4 2 1 1 1601 1700 1510 1832
2346 4 2 1 1 403 1581 404 1903
2347 4 2 1 1 1510 1922 1481 1963
2348 4 2 1 1 1435 1486 1652 1897
2349 4 2 1 1 685 939 745 1525
2350 4 2 1 1 1154 1542 862 1767
2351 4 2 1 1 1146 1551 1349 1790
2352 4 2 1 1 1430 1581 1480 1848
2353 4 2 1 1 1449 1659 1626 1753
2354 4 2 1 1 460 567 1758 1946
2355 4 2 1 1 1539 1643 1461 1776
2356 4 2 1 1 843 1841 1482 1931
2357 4 2 1 1 278 279 277 1739
2358 4 2 1 1 576 748 594 1485
2359 4 2 1 1 552 1155 917 1893
2360 4 2 1 1 19 175 1669 1765
2361 4 2 1 1 1023 1339 127 1744
2362 4 2 1 1 452 453 454 1578
2363 4 2 1 1 1175 738 1177 1686
2364 4 2 1 1 1177 1686 1181 1794
2365 4 2 1 1 1379 1561 1396 1863
2366 4 2 1 1 1432 1593 1533 1688
2367 4 2 1 1 1405 1428 1414 1761
2368 4 2 1 1 1215 660 657 1639
2369 4 2 1 1 1445 1619 1733 1892
2370 4 2 1 1 693 1517 1766 1886
2371 4 2 1 1 350 1579 1288 1881
2372 4 2 1 1 462 460 567 1758
2373 4 2 1 1 1130 1753 1600 1889
2374 4 2 1 1 805 1532 174 1693
2375 4 2 1 1 1091 602 1600 1920
2376 4 2 1 1 832 836 851 1590
2377 4 2 1 1 1022 1715 1016 1877
2378 4 2 1 1 969 114 70 1823
2379 4 2 1 1 1229 1721 1531 1857
2380 4 2 1 1 722 720 1206 1727
2381 4 2 1 1 1195 1795 1784 1834
2382 4 2 1 1 1441 1714 1559 1827
2383 4 2 1 1 1540 1774 1446 1946
2384 4 2 1 1 72 1563 71 1904
2385 4 2 1 1 1213 662 660 1639
2386 4 2 1 1 986 1632 510 1786
2387 4 2 1 1 807 1473 175 1765
2388 4 2 1 1 406 810 811 1692
2389 4 2 1 1 419 1710 424 1830
2390 4 2 1 1 82 81 1590 1759
2391 4 2 1 1 1429 1677 1670 1861
2392 4 2 1 1 988 1540 1282 1768
2393 4 2 1 1 121 1682 770 1688
2394 4 2 1 1 519 1652 517 1897
2395 4 2 1 1 809 1859 1476 1898
2396 4 2 1 1 1178 1748 885 1804
2397 4 2 1 1 1500 1619 1445 1665
2398 4 2 1 1 576 1485 423 1856
2399 4 2 1 1 1043 751 1045 1522
2400 4 2 1 1 1537 1648 1464 1958
2401 4 2 1 1 1436 1648 1537 1958
2402 4 2 1 1 555 1564 415 1815
2403 4 2 1 1 1449 1659 1753 1974
2404 4 2 1 1 1516 1825 803 1889
2405 4 2 1 1 291 289 290 1559
2406 4 2 1 1 516 1750 917 1809
2407 4 2 1 1 64 1663 946 1818
2408 4 2 1 1 1517 1721 1236 1857
2409 4 2 1 1 1450 1951 1657 1952
2410 4 2 1 1 363 1235 1071 1699
2411 4 2 1 1 516 1486 517 1750
2412 4 2 1 1 32 1740 1651 1831
2413 4 2 1 1 1384 1503 1403 1863
2414 4 2 1 1 1664 1759 133 1891
2415 4 2 1 1 1450 1693 1734 1756
2416 4 2 1 1 850 1292 1860 1894
2417 4 2 1 1 1438 1904 1695 1962
2418 4 2 1 1 1685 1817 1660 1944
2419 4 2 1 1 526 1684 1586 1844
2420 4 2 1 1 543 1542 854 1798
2421 4 2 1 1 610 1655 381 1772
2422 4 2 1 1 399 389 390 1771
2423 4 2 1 1 465 466 467 1640
2424 4 2 1 1 1278 1527 1001 1814
2425 4 2 1 1 1429 1670 1597 1701
2426 4 2 1 1 803 1516 1366 1825
2427 4 2 1 1 1512 1724 1565 1888
2428 4 2 1 1 84 1646 120 1746
2429 4 2 1 1 1584 1435 1787 1897
2430 4 2 1 1 569 458 1524 1946
2431 4 2 1 1 1559 1714 1514 1885
2432 4 2 1 1 1478 1593 1509 1798
2433 4 2 1 1 337 1617 1041 1736
2434 4 2 1 1 37 36 129 1697
2435 4 2 1 1 443 446 1597 1701
2436 4 2 1 1 1497 1604 1442 1966
2437 4 2 1 1 1276 1636 1242 1802
2438 4 2 1 1 1505 1873 1620 1981
2439 4 2 1 1 280 279 278 1488
2440 4 2 1 1 91 1395 1382 1799
2441 4 2 1 1 1076 1572 1226 1705
2442 4 2 1 1 1326 1328 1481 1832
2443 4 2 1 1 1662 1909 1448 1950
2444 4 2 1 1 771 1192 844 1554
2445 4 2 1 1 826 1754 1561 1915
2446 4 2 1 1 1455 1809 1486 1876
2447 4 2 1 1 1563 1822 1735 1871
2448 4 2 1 1 1297 1598 923 1702
2449 4 2 1 1 1519 1550 1459 1788
2450 4 2 1 1 504 503 502 1487
2451 4 2 1 1 1547 1681 142 1730
2452 4 2 1 1 59 1056 1058 1673
2453 4 2 1 1 87 1592 857 1855
2454 4 2 1 1 263 338 1069 1526
2455 4 2 1 1 413 555 415 1815
2456 4 2 1 1 1305 971 111 1493
2457 4 2 1 1 770 845 842 1682
2458 4 2 1 1 650 648 1190 1976
2459 4 2 1 1 1544 1031 1763 1782
2460 4 2 1 1 402 403 404 1903
2461 4 2 1 1 950 1174 1628 1874
2462 4 2 1 1 1506 1713 563 1877
2463 4 2 1 1 924 918 919 1723
2464 4 2 1 1 857 1845 1656 1855
2465 4 2 1 1 1098 1552 1100 1800
2466 4 2 1 1 1623 1718 1438 1752
2467 4 2 1 1 1577 1600 1476 1974
2468 4 2 1 1 1479 1600 1577 1974
2469 4 2 1 1 1633 1725 301 1864
2470 4 2 1 1 1453 1717 1678 1929
2471 4 2 1 1 343 245 1078 1527
2472 4 2 1 1 1268 1482 24 1931
2473 4 2 1 1 1450 1503 1532 1756
2474 4 2 1 1 1447 1633 1725 1890
2475 4 2 1 1 750 1770 1535 1894
2476 4 2 1 1 1653 1705 1452 1910
2477 4 2 1 1 1315 1496 1316 1957
2478 4 2 1 1 1638 1762 1324 1880
2479 4 2 1 1 396 1185 853 1603
2480 4 2 1 1 1473 1811 1626 1839
2481 4 2 1 1 715 1556 713 1866
2482 4 2 1 1 863 1165 882 1537
2483 4 2 1 1 780 1602 135 1842
2484 4 2 1 1 1652 1787 1435 1897
2485 4 2 1 1 1764 1928 1571 1929
2486 4 2 1 1 518 516 551 1486
2487 4 2 1 1 1551 1677 1614 1861
2488 4 2 1 1 305 303 304 1725
2489 4 2 1 1 83 82 836 1590
2490 4 2 1 1 1735 1822 1563 1823
2491 4 2 1 1 570 451 918 1702
2492 4 2 1 1 401 1581 403 1771
2493 4 2 1 1 1448 1909 1644 1950
2494 4 2 1 1 1260 1031 1544 1736
2495 4 2 1 1 429 577 1109 1803
2496 4 2 1 1 1272 1277 341 1713
2497 4 2 1 1 161 1842 1491 1894
2498 4 2 1 1 1537 1769 546 1779
2499 4 2 1 1 1552 1564 1468 1800
2500 4 2 1 1 1446 1663 1556 1843
2501 4 2 1 1 656 1697 993 1795
2502 4 2 1 1 391 1597 446 1701
2503 4 2 1 1 1576 1634 1448 1704
2504 4 2 1 1 594 1485 748 1891
2505 4 2 1 1 89 821 88 1855
2506 4 2 1 1 230 228 1631 1801
2507 4 2 1 1 952 1676 951 1816
2508 4 2 1 1 401 1133 583 1849
2509 4 2 1 1 174 1371 91 1532
2510 4 2 1 1 570 922 1578 1702
2511 4 2 1 1 1441 1559 1514 1884
2512 4 2 1 1 1603 1755 1606 1949
2513 4 2 1 1 1488 1644 1618 1954
2514 4 2 1 1 814 181 398 1490
2515 4 2 1 1 1490 1450 1615 1693
2516 4 2 1 1 1289 161 873 1491
2517 4 2 1 1 972 1647 1308 1711
2518 4 2 1 1 35 985 163 1621
2519 4 2 1 1 1448 1487 1661 1966
2520 4 2 1 1 1401 1777 1392 1863
2521 4 2 1 1 1484 1871 1438 1906
2522 4 2 1 1 1477 1683 1722 1905
2523 4 2 1 1 987 992 566 1511
2524 4 2 1 1 156 932 60 1673
2525 4 2 1 1 1453 1671 1525 1678
2526 4 2 1 1 1540 1760 1282 1768
2527 4 2 1 1 200 1124 1755 1949
2528 4 2 1 1 1353 886 1478 1854
2529 4 2 1 1 700 701 1653 1705
2530 4 2 1 1 1434 1926 1602 1937
2531 4 2 1 1 1464 1651 1557 1836
2532 4 2 1 1 765 764 1377 1889
2533 4 2 1 1 1670 1677 1597 1931
2534 4 2 1 1 1032 49 166 1492
2535 4 2 1 1 1155 917 1514 1809
2536 4 2 1 1 304 1725 302 1890
2537 4 2 1 1 1122 1563 984 1822
2538 4 2 1 1 1443 1722 1683 1905
2539 4 2 1 1 250 248 1074 1910
2540 4 2 1 1 1491 1602 1926 1937
2541 4 2 1 1 810 1582 627 1692
2542 4 2 1 1 911 1579 1873 1881
2543 4 2 1 1 1535 1860 1292 1894
2544 4 2 1 1 209 210 211 1794
2545 4 2 1 1 442 440 914 1530
2546 4 2 1 1 1358 1545 819 1657
2547 4 2 1 1 1463 1866 1631 1960
2548 4 2 1 1 223 224 1484 1906
2549 4 2 1 1 561 482 480 1613
2550 4 2 1 1 1297 924 1295 1702
2551 4 2 1 1 1364 781 1726 1789
2552 4 2 1 1 1332 511 1732 1793
2553 4 2 1 1 1238 986 1714 1893
2554 4 2 1 1 1439 1782 1736 1963
2555 4 2 1 1 1060 1611 1318 1980
2556 4 2 1 1 1426 1669 1417 1811
2557 4 2 1 1 1202 1226 1572 1705
2558 4 2 1 1 1341 1002 1342 1652
2559 4 2 1 1 1202 1226 1076 1572
2560 4 2 1 1 662 661 660 1730
2561 4 2 1 1 62 951 1676 1914
2562 4 2 1 1 1293 923 1297 1598
2563 4 2 1 1 44 108 958 1689
2564 4 2 1 1 443 391 446 1701
2565 4 2 1 1 618 1652 1340 1744
2566 4 2 1 1 1178 1171 1748 1804
2567 4 2 1 1 1544 1736 1782 1963
2568 4 2 1 1 843 1482 121 1931
2569 4 2 1 1 1576 1704 1448 1780
2570 4 2 1 1 1591 1596 1440 1833
2571 4 2 1 1 1451 1720 1587 1886
2572 4 2 1 1 553 986 510 1786
2573 4 2 1 1 553 508 1006 1786
2574 4 2 1 1 340 255 257 1907
2575 4 2 1 1 1612 1676 951 1914
2576 4 2 1 1 952 1303 1676 1816
2577 4 2 1 1 563 1017 1016 1506
2578 4 2 1 1 1450 1754 1561 1829
2579 4 2 1 1 1544 1439 1736 1963
2580 4 2 1 1 1497 1442 1604 1689
2581 4 2 1 1 252 251 250 1668
2582 4 2 1 1 1532 1450 1615 1777
2583 4 2 1 1 1178 1804 885 1890
2584 4 2 1 1 961 47 128 1645
2585 4 2 1 1 1490 1806 1656 1973
2586 4 2 1 1 1346 1677 1349 1861
2587 4 2 1 1 1430 1581 1771 1903
2588 4 2 1 1 1152 454 605 1722
2589 4 2 1 1 1179 1185 396 1712
2590 4 2 1 1 819 817 1294 1657
2591 4 2 1 1 551 1742 1486 1809
2592 4 2 1 1 450 1735 1548 1939
2593 4 2 1 1 826 827 1754 1915
2594 4 2 1 1 1625 1849 1558 1924
2595 4 2 1 1 173 1503 1384 1863
2596 4 2 1 1 842 770 1682 1688
2597 4 2 1 1 1563 1735 1454 1871
2598 4 2 1 1 435 1620 433 1873
2599 4 2 1 1 743 777 786 1646
2600 4 2 1 1 1575 1686 1434 1805
2601 4 2 1 1 1316 1060 1059 1671
2602 4 2 1 1 1485 1856 1602 1937
2603 4 2 1 1 497 1762 496 1832
2604 4 2 1 1 1242 1580 351 1802
2605 4 2 1 1 1527 1838 1640 1925
2606 4 2 1 1 453 570 1578 1702
2607 4 2 1 1 217 1105 1680 1869
2608 4 2 1 1 906 31 1651 1836
2609 4 2 1 1 403 1581 879 1862
2610 4 2 1 1 1322 1385 1371 1532
2611 4 2 1 1 582 1758 1483 1948
2612 4 2 1 1 1037 557 1259 1510
2613 4 2 1 1 1115 446 1597 1841
2614 4 2 1 1 936 50 109 1671
2615 4 2 1 1 873 1805 1491 1926
2616 4 2 1 1 458 455 569 1874
2617 4 2 1 1 1351 533 595 1883
2618 4 2 1 1 1417 1669 1473 1811
2619 4 2 1 1 1178 1171 885 1748
2620 4 2 1 1 1456 1772 1568 1851
2621 4 2 1 1 1024 504 502 1487
2622 4 2 1 1 1540 1760 1446 1774
2623 4 2 1 1 838 1501 837 1969
2624 4 2 1 1 699 1057 697 1653
2625 4 2 1 1 1058 1302 140 1513
2626 4 2 1 1 1512 1757 1631 1938
2627 4 2 1 1 332 1714 1827 1885
2628 4 2 1 1 1095 1498 1295 1824
2629 4 2 1 1 369 280 278 1488
2630 4 2 1 1 1494 1711 1506 1911
2631 4 2 1 1 1445 1500 1797 1912
2632 4 2 1 1 1522 1543 1457 1775
2633 4 2 1 1 419 1791 1480 1862
2634 4 2 1 1 1437 1691 1620 1745
2635 4 2 1 1 551 1486 1742 1897
2636 4 2 1 1 970 934 782 1743
2637 4 2 1 1 1526 1837 1642 1928
2638 4 2 1 1 1447 1740 1651 1923
2639 4 2 1 1 111 971 58 1493
2640 4 2 1 1 1464 1648 1537 1779
2641 4 2 1 1 570 922 453 1578
2642 4 2 1 1 1572 1591 1440 1833
2643 4 2 1 1 299 1729 298 1807
2644 4 2 1 1 908 1239 1203 1742
2645 4 2 1 1 1175 749 738 1770
2646 4 2 1 1 630 632 631 1785
2647 4 2 1 1 463 1758 462 1820
2648 4 2 1 1 1530 1438 1718 1752
2649 4 2 1 1 369 1488 278 1954
2650 4 2 1 1 1122 1007 984 1563
2651 4 2 1 1 1608 1748 1690 1783
2652 4 2 1 1 1539 1437 1680 1881
2653 4 2 1 1 1401 1403 1503 1863
2654 4 2 1 1 360 1220 1202 1572
2655 4 2 1 1 665 1662 1618 1932
2656 4 2 1 1 298 890 374 1976
2657 4 2 1 1 194 196 197 1949
2658 4 2 1 1 1478 1918 1533 1965
2659 4 2 1 1 369 280 1488 1954
2660 4 2 1 1 1570 1773 1451 1911
2661 4 2 1 1 1557 1836 1629 1958
2662 4 2 1 1 1011 165 1010 1722
2663 4 2 1 1 1221 1609 1065 1751
2664 4 2 1 1 793 803 1825 1889
2665 4 2 1 1 518 517 516 1486
2666 4 2 1 1 1476 1753 1659 1974
2667 4 2 1 1 1633 301 1807 1864
2668 4 2 1 1 975 1524 976 1858
2669 4 2 1 1 285 333 283 1810
2670 4 2 1 1 1438 1536 1871 1904
2671 4 2 1 1 1438 1871 1563 1904
2672 4 2 1 1 1387 1388 1385 1532
2673 4 2 1 1 477 479 613 1711
2674 4 2 1 1 1289 1491 873 1805
2675 4 2 1 1 1453 1716 1902 1913
2676 4 2 1 1 1268 121 1482 1931
2677 4 2 1 1 1253 1508 1736 1870
2678 4 2 1 1 1034 1264 1253 1508
2679 4 2 1 1 1485 1568 1851 1935
2680 4 2 1 1 1446 1760 1658 1774
2681 4 2 1 1 1445 1571 1525 1733
2682 4 2 1 1 1506 1613 1451 1715
2683 4 2 1 1 546 1165 877 1769
2684 4 2 1 1 1545 1615 1450 1777
2685 4 2 1 1 283 1644 282 1810
2686 4 2 1 1 1556 1663 1446 1778
2687 4 2 1 1 887 1630 134 1883
2688 4 2 1 1 1431 1501 1616 1706
2689 4 2 1 1 315 1696 1595 1847
2690 4 2 1 1 1703 1809 1211 1885
2691 4 2 1 1 152 1855 1656 1973
2692 4 2 1 1 250 249 248 1694
2693 4 2 1 1 807 1361 1473 1921
2694 4 2 1 1 486 1837 487 1957
2695 4 2 1 1 690 1515 1228 1720
2696 4 2 1 1 1379 1392 1396 1561
2697 4 2 1 1 38 994 1681 1697
2698 4 2 1 1 69 155 969 1565
2699 4 2 1 1 1496 1453 1671 1928
2700 4 2 1 1 283 1585 996 1887
2701 4 2 1 1 897 1641 571 1881
2702 4 2 1 1 1488 1442 1650 1739
2703 4 2 1 1 1457 1930 1511 1959
2704 4 2 1 1 1572 1705 1076 1741
2705 4 2 1 1 418 421 1851 1961
2706 4 2 1 1 245 1741 1527 1833
2707 4 2 1 1 1557 1831 158 1836
2708 4 2 1 1 1423 1406 1418 1825
2709 4 2 1 1 1005 1274 1004 1507
2710 4 2 1 1 85 1706 122 1967
2711 4 2 1 1 1231 1529 678 1751
2712 4 2 1 1 1338 592 1339 1495
2713 4 2 1 1 1440 1572 1513 1708
2714 4 2 1 1 707 751 705 1708
2715 4 2 1 1 1069 1526 1265 1728
2716 4 2 1 1 382 1600 1577 1920
2717 4 2 1 1 152 857 1656 1855
2718 4 2 1 1 551 516 917 1809
2719 4 2 1 1 536 1509 542 1808
2720 4 2 1 1 1225 1733 1571 1821
2721 4 2 1 1 762 1734 1360 1829
2722 4 2 1 1 1521 1432 1847 1956
2723 4 2 1 1 1445 1525 1665 1892
2724 4 2 1 1 1458 1542 1846 1965
2725 4 2 1 1 313 1595 323 1908
2726 4 2 1 1 837 122 830 1706
2727 4 2 1 1 534 533 532 1798
2728 4 2 1 1 1306 822 743 1710
2729 4 2 1 1 1568 1851 421 1961
2730 4 2 1 1 834 833 832 1520
2731 4 2 1 1 803 144 1366 1516
2732 4 2 1 1 1459 1922 1510 1963
2733 4 2 1 1 1499 1452 1673 1925
2734 4 2 1 1 657 1555 1795 1834
2735 4 2 1 1 1265 1069 1267 1526
2736 4 2 1 1 359 1775 1201 1919
2737 4 2 1 1 1260 1031 1256 1544
2738 4 2 1 1 1379 1392 1561 1863
2739 4 2 1 1 1469 1537 1725 1943
2740 4 2 1 1 1469 1725 1537 1783
2741 4 2 1 1 1629 1836 1630 1958
2742 4 2 1 1 1021 1020 561 1523
2743 4 2 1 1 1435 1621 1599 1942
2744 4 2 1 1 569 1524 975 1946
2745 4 2 1 1 1017 1016 1506 1877
2746 4 2 1 1 1564 1755 1433 1872
2747 4 2 1 1 1360 1829 1503 1863
2748 4 2 1 1 1445 1496 1665 1928
2749 4 2 1 1 1111 215 350 1680
2750 4 2 1 1 311 313 323 1908
2751 4 2 1 1 260 1605 258 1821
2752 4 2 1 1 949 124 1778 1948
2753 4 2 1 1 1436 1537 1648 1769
2754 4 2 1 1 56 164 1046 1766
2755 4 2 1 1 1063 1601 590 1832
2756 4 2 1 1 1447 1538 1684 1864
2757 4 2 1 1 426 1851 1534 1856
2758 4 2 1 1 831 832 833 1520
2759 4 2 1 1 1558 879 1849 1862
2760 4 2 1 1 550 399 1504 1754
2761 4 2 1 1 550 1504 860 1754
2762 4 2 1 1 1374 1422 1410 1761
2763 4 2 1 1 56 945 55 1494
2764 4 2 1 1 166 1880 1492 1980
2765 4 2 1 1 1521 1847 1116 1956
2766 4 2 1 1 107 39 40 1547
2767 4 2 1 1 350 217 1105 1680
2768 4 2 1 1 271 1609 272 1782
2769 4 2 1 1 647 1828 646 1976
2770 4 2 1 1 53 1665 52 1892
2771 4 2 1 1 996 1585 997 1661
2772 4 2 1 1 866 640 868 1836
2773 4 2 1 1 298 297 296 1729
2774 4 2 1 1 256 1699 255 1773
2775 4 2 1 1 378 1116 1847 1956
2776 4 2 1 1 1454 1723 1498 1975
2777 4 2 1 1 897 1873 1641 1881
2778 4 2 1 1 1448 1618 1662 1780
2779 4 2 1 1 108 1601 1689 1927
2780 4 2 1 1 321 319 320 1567
2781 4 2 1 1 511 1332 509 1793
2782 4 2 1 1 1448 1780 1704 1966
2783 4 2 1 1 550 400 860 1504
2784 4 2 1 1 1539 1680 1643 1776
2785 4 2 1 1 1498 1723 1454 1888
2786 4 2 1 1 1443 1512 1631 1938
2787 4 2 1 1 678 1231 680 1529
2788 4 2 1 1 613 944 1310 1711
2789 4 2 1 1 1444 1627 1531 1857
2790 4 2 1 1 1234 698 1229 1531
2791 4 2 1 1 1431 1924 1558 1972
2792 4 2 1 1 1381 1545 1394 1915
2793 4 2 1 1 403 879 1581 1849
2794 4 2 1 1 1154 1159 862 1542
2795 4 2 1 1 635 1826 1629 1936
2796 4 2 1 1 1450 1532 1503 1777
2797 4 2 1 1 1451 1500 1587 1912
2798 4 2 1 1 1541 1441 1639 1827
2799 4 2 1 1 275 1594 1029 1916
2800 4 2 1 1 1448 1488 1618 1966
2801 4 2 1 1 353 1643 214 1776
2802 4 2 1 1 110 943 942 1747
2803 4 2 1 1 426 422 1851 1856
2804 4 2 1 1 139 1565 69 1823
2805 4 2 1 1 142 1547 39 1681
2806 4 2 1 1 1626 1825 1375 1839
2807 4 2 1 1 784 931 723 1904
2808 4 2 1 1 1565 1823 139 1939
2809 4 2 1 1 528 526 884 1844
2810 4 2 1 1 820 398 1806 1951
2811 4 2 1 1 581 1735 1009 1822
2812 4 2 1 1 1093 1654 1718 1822
2813 4 2 1 1 398 1490 181 1806
2814 4 2 1 1 1282 1540 989 1774
2815 4 2 1 1 1229 362 1531 1721
2816 4 2 1 1 256 257 255 1699
2817 4 2 1 1 952 951 1262 1612
2818 4 2 1 1 783 719 1724 1743
2819 4 2 1 1 692 1720 1517 1886
2820 4 2 1 1 1518 1734 1693 1756
2821 4 2 1 1 745 1525 939 1892
2822 4 2 1 1 1622 1859 385 1898
2823 4 2 1 1 1557 1469 1804 1890
2824 4 2 1 1 1436 1883 1738 1965
2825 4 2 1 1 426 427 425 1856
2826 4 2 1 1 1433 1759 1635 1872
2827 4 2 1 1 1447 1684 1586 1864
2828 4 2 1 1 829 321 320 1577
2829 4 2 1 1 831 1520 833 1853
2830 4 2 1 1 611 610 381 1772
2831 4 2 1 1 756 1349 624 1861
2832 4 2 1 1 322 1149 865 1696
2833 4 2 1 1 829 1577 1701 1920
2834 4 2 1 1 1438 1654 1563 1822
2835 4 2 1 1 1508 1638 1611 1902
2836 4 2 1 1 1611 1638 1492 1902
2837 4 2 1 1 1497 1704 1780 1966
2838 4 2 1 1 1681 1697 1555 1884
2839 4 2 1 1 1452 1610 1493 1899
2840 4 2 1 1 1575 1686 1177 1794
2841 4 2 1 1 348 1752 1484 1824
2842 4 2 1 1 1453 1611 1492 1902
2843 4 2 1 1 1230 1517 692 1720
2844 4 2 1 1 1490 1656 1518 1973
2845 4 2 1 1 279 1488 280 1887
2846 4 2 1 1 1439 1508 1638 1870
2847 4 2 1 1 1427 1473 1409 1839
2848 4 2 1 1 988 989 1282 1540
2849 4 2 1 1 821 168 1156 1518
2850 4 2 1 1 1442 1487 1650 1700
2851 4 2 1 1 975 1286 1774 1858
2852 4 2 1 1 1463 1631 1574 1905
2853 4 2 1 1 1510 1763 1259 1896
2854 4 2 1 1 1561 1829 1161 1863
2855 4 2 1 1 412 1552 1815 1972
2856 4 2 1 1 760 1626 1375 1839
2857 4 2 1 1 1214 1775 359 1945
2858 4 2 1 1 994 659 1204 1681
2859 4 2 1 1 1496 487 1837 1957
2860 4 2 1 1 683 745 937 1678
2861 4 2 1 1 734 733 732 1719
2862 4 2 1 1 366 1065 268 1913
2863 4 2 1 1 551 518 1486 1897
2864 4 2 1 1 1430 1504 1582 1903
2865 4 2 1 1 1287 1774 1286 1858
2866 4 2 1 1 164 1766 1494 1886
2867 4 2 1 1 275 1029 273 1916
2868 4 2 1 1 365 1571 1225 1929
2869 4 2 1 1 1574 1631 1443 1905
2870 4 2 1 1 113 782 934 1683
2871 4 2 1 1 1401 1503 1777 1863
2872 4 2 1 1 549 1787 1584 1840
2873 4 2 1 1 1032 1492 166 1880
2874 4 2 1 1 1474 1635 1759 1872
2875 4 2 1 1 1444 1531 1721 1857
2876 4 2 1 1 1616 1625 1431 1712
2877 4 2 1 1 518 517 1486 1897
2878 4 2 1 1 255 1570 253 1773
2879 4 2 1 1 821 1518 776 1855
2880 4 2 1 1 863 881 1690 1783
2881 4 2 1 1 1603 1606 1835 1949
2882 4 2 1 1 572 442 914 1530
2883 4 2 1 1 1441 1547 1681 1732
2884 4 2 1 1 1248 24 1688 1790
2885 4 2 1 1 1458 1533 1918 1965
2886 4 2 1 1 1632 1714 986 1893
2887 4 2 1 1 126 1040 1316 1665
2888 4 2 1 1 1617 1736 1609 1782
2889 4 2 1 1 1735 1822 1530 1871
2890 4 2 1 1 811 824 860 1754
2891 4 2 1 1 1445 1797 1523 1912
2892 4 2 1 1 358 1200 1607 1707
2893 4 2 1 1 79 873 161 1491
2894 4 2 1 1 1607 1658 1446 1760
2895 4 2 1 1 1450 1615 1657 1951
2896 4 2 1 1 481 1613 482 1797
2897 4 2 1 1 403 879 405 1862
2898 4 2 1 1 1439 1736 1508 1870
2899 4 2 1 1 374 1828 1470 1976
2900 4 2 1 1 1342 921 163 1621
2901 4 2 1 1 960 1328 1601 1927
2902 4 2 1 1 241 1596 344 1919
2903 4 2 1 1 1287 975 1286 1774
2904 4 2 1 1 831 1706 1520 1853
2905 4 2 1 1 164 56 55 1494
2906 4 2 1 1 1465 1792 1569 1852
2907 4 2 1 1 315 865 1595 1696
2908 4 2 1 1 996 1585 1661 1887
2909 4 2 1 1 657 1795 655 1834
2910 4 2 1 1 436 1505 437 1873
2911 4 2 1 1 486 1642 1837 1957
2912 4 2 1 1 1472 1909 1662 1950
2913 4 2 1 1 543 854 534 1798
2914 4 2 1 1 936 745 938 1525
2915 4 2 1 1 582 947 1483 1820
2916 4 2 1 1 967 935 113 1556
2917 4 2 1 1 1494 1444 1672 1711
2918 4 2 1 1 1513 1673 1499 1676
2919 4 2 1 1 332 927 977 1714
2920 4 2 1 1 676 1751 1550 1788
2921 4 2 1 1 977 978 333 1541
2922 4 2 1 1 748 1485 576 1856
2923 4 2 1 1 1495 1697 1681 1884
2924 4 2 1 1 426 425 422 1856
2925 4 2 1 1 1074 1229 362 1531
2926 4 2 1 1 146 776 822 1710
2927 4 2 1 1 1073 253 255 1570
2928 4 2 1 1 933 932 1303 1673
2929 4 2 1 1 1536 1781 724 1962
2930 4 2 1 1 385 1859 384 1898
2931 4 2 1 1 1603 1755 1468 1872
2932 4 2 1 1 940 1619 939 1733
2933 4 2 1 1 1533 1458 1588 1785
2934 4 2 1 1 939 1733 1619 1892
2935 4 2 1 1 599 1582 625 1710
2936 4 2 1 1 1314 943 1312 1500
2937 4 2 1 1 535 536 537 1798
2938 4 2 1 1 365 1225 1232 1929
2939 4 2 1 1 421 562 1271 1568
2940 4 2 1 1 1430 1518 1656 1855
2941 4 2 1 1 1603 1606 1433 1835
2942 4 2 1 1 115 1691 928 1934
2943 4 2 1 1 1526 1445 1642 1728
2944 4 2 1 1 563 1713 1018 1877
2945 4 2 1 1 1507 1647 1610 1899
2946 4 2 1 1 1610 1647 1493 1899
2947 4 2 1 1 1564 1568 1433 1933
2948 4 2 1 1 442 1530 572 1723
2949 4 2 1 1 1450 1532 1693 1756
2950 4 2 1 1 245 1527 343 1833
2951 4 2 1 1 1037 1700 1510 1896
2952 4 2 1 1 659 1555 658 1730
2953 4 2 1 1 1521 1432 1696 1847
2954 4 2 1 1 1578 1598 1524 1905
2955 4 2 1 1 820 1806 1731 1951
2956 4 2 1 1 1494 1444 1711 1911
2957 4 2 1 1 1431 1552 1924 1972
2958 4 2 1 1 722 724 723 1536
2959 4 2 1 1 1054 1497 43 1780
2960 4 2 1 1 947 946 1246 1483
2961 4 2 1 1 49 1492 1032 1880
2962 4 2 1 1 1453 1902 1529 1913
2963 4 2 1 1 1470 1649 1599 1942
2964 4 2 1 1 1599 1649 1435 1942
2965 4 2 1 1 1353 1125 1354 1593
2966 4 2 1 1 392 443 444 1701
2967 4 2 1 1 1513 1452 1653 1705
2968 4 2 1 1 1598 1702 1297 1801
2969 4 2 1 1 1449 1660 1489 1944
2970 4 2 1 1 1405 1761 1414 1789
2971 4 2 1 1 1467 1634 1813 1950
2972 4 2 1 1 1356 1146 1349 1790
2973 4 2 1 1 1054 143 43 1497
2974 4 2 1 1 1532 1615 1450 1693
2975 4 2 1 1 293 1549 331 1703
2976 4 2 1 1 1663 1778 948 1948
2977 4 2 1 1 997 1661 1585 1813
2978 4 2 1 1 791 1319 802 1759
2979 4 2 1 1 1430 1771 1504 1903
2980 4 2 1 1 1540 1446 1760 1959
2981 4 2 1 1 1223 680 1529 1717
2982 4 2 1 1 706 704 1220 1591
2983 4 2 1 1 1457 1919 1775 1978
2984 4 2 1 1 124 948 1778 1948
2985 4 2 1 1 856 750 1292 1894
2986 4 2 1 1 600 1548 452 1722
2987 4 2 1 1 1315 614 1316 1496
2988 4 2 1 1 1519 1589 1442 1868
2989 4 2 1 1 997 1585 979 1813
2990 4 2 1 1 241 344 239 1919
2991 4 2 1 1 189 185 1624 1806
2992 4 2 1 1 1519 1459 1589 1788
2993 4 2 1 1 838 122 837 1501
2994 4 2 1 1 531 1648 530 1769
2995 4 2 1 1 351 213 1111 1539
2996 4 2 1 1 260 258 364 1821
2997 4 2 1 1 1080 1691 115 1934
2998 4 2 1 1 952 1612 1262 1816
2999 4 2 1 1 1445 1642 1523 1797
3000 4 2 1 1 1446 1774 1524 1946
3001 4 2 1 1 1201 1775 1591 1919
3002 4 2 1 1 569 975 974 1946
3003 4 2 1 1 1076 244 1572 1741
3004 4 2 1 1 1614 1677 1429 1861
3005 4 2 1 1 789 777 778 1646
3006 4 2 1 1 1390 1389 1777 1799
3007 4 2 1 1 348 225 1095 1824
3008 4 2 1 1 1206 720 1198 1512
3009 4 2 1 1 854 542 1509 1970
3010 4 2 1 1 1173 1165 546 1537
3011 4 2 1 1 1443 1498 1801 1888
3012 4 2 1 1 582 1483 1246 1948
3013 4 2 1 1 616 1168 1660 1944
3014 4 2 1 1 1475 1569 1691 1852
3015 4 2 1 1 1437 1691 1569 1852
3016 4 2 1 1 1615 1737 1532 1777
3017 4 2 1 1 1450 1692 1754 1829
3018 4 2 1 1 817 819 148 1545
3019 4 2 1 1 1579 1680 1437 1881
3020 4 2 1 1 1202 1705 1572 1941
3021 4 2 1 1 115 1080 787 1691
3022 4 2 1 1 1441 1559 1555 1639
3023 4 2 1 1 1440 1676 1499 1816
3024 4 2 1 1 1471 1641 1539 1802
3025 4 2 1 1 265 1716 338 1764
3026 4 2 1 1 1291 1499 1303 1816
3027 4 2 1 1 1131 1558 1849 1924
3028 4 2 1 1 909 573 910 1873
3029 4 2 1 1 1510 1601 1442 1700
3030 4 2 1 1 1187 891 892 1538
3031 4 2 1 1 1384 1503 173 1799
3032 4 2 1 1 1444 1494 1672 1766
3033 4 2 1 1 725 1536 724 1962
3034 4 2 1 1 1446 1524 1628 1946
3035 4 2 1 1 770 121 843 1682
3036 4 2 1 1 1054 143 1497 1932
3037 4 2 1 1 505 1634 1333 1704
3038 4 2 1 1 1527 1440 1640 1814
3039 4 2 1 1 530 1769 1648 1779
3040 4 2 1 1 1151 1696 322 1977
3041 4 2 1 1 1565 1743 1512 1888
3042 4 2 1 1 1558 1791 1431 1972
3043 4 2 1 1 1338 1339 1023 1495
3044 4 2 1 1 76 880 117 1546
3045 4 2 1 1 1046 1298 1627 1766
3046 4 2 1 1 1585 1786 1467 1950
3047 4 2 1 1 76 75 880 1546
3048 4 2 1 1 1238 552 986 1893
3049 4 2 1 1 1541 1810 285 1827
3050 4 2 1 1 1482 1677 1551 1790
3051 4 2 1 1 152 1656 857 1973
3052 4 2 1 1 1609 1782 1439 1963
3053 4 2 1 1 1325 456 399 1657
3054 4 2 1 1 627 1734 762 1829
3055 4 2 1 1 1430 1592 1710 1855
3056 4 2 1 1 1572 1741 244 1833
3057 4 2 1 1 343 1527 1278 1814
3058 4 2 1 1 84 85 1646 1706
3059 4 2 1 1 1580 1794 1776 1953
3060 4 2 1 1 53 1039 52 1665
3061 4 2 1 1 906 1347 905 1651
3062 4 2 1 1 934 155 68 1683
3063 4 2 1 1 1498 1702 1443 1801
3064 4 2 1 1 1461 1776 1794 1953
3065 4 2 1 1 1438 1781 1536 1962
3066 4 2 1 1 1562 1599 1435 1749
3067 4 2 1 1 1481 1762 1326 1832
3068 4 2 1 1 189 820 185 1806
3069 4 2 1 1 838 837 855 1969
3070 4 2 1 1 1480 1710 1430 1848
3071 4 2 1 1 352 1181 1113 1776
3072 4 2 1 1 1516 1449 1626 1889
3073 4 2 1 1 984 1007 138 1654
3074 4 2 1 1 1476 1600 1577 1859
3075 4 2 1 1 85 830 122 1706
3076 4 2 1 1 1514 1714 1632 1893
3077 4 2 1 1 385 1796 1622 1898
3078 4 2 1 1 1307 577 840 1698
3079 4 2 1 1 73 138 72 1695
3080 4 2 1 1 1431 1746 1706 1979
3081 4 2 1 1 611 381 1655 1772
3082 4 2 1 1 1501 1462 1616 1969
3083 4 2 1 1 424 599 625 1710
3084 4 2 1 1 1489 1726 1516 1789
3085 4 2 1 1 1484 1824 1530 1871
3086 4 2 1 1 975 1774 1524 1858
3087 4 2 1 1 1624 1731 189 1806
3088 4 2 1 1 568 426 1106 1534
3089 4 2 1 1 1462 1865 1616 1969
3090 4 2 1 1 1225 686 1733 1821
3091 4 2 1 1 234 233 232 1960
3092 4 2 1 1 1566 1667 1432 1808
3093 4 2 1 1 1440 1513 1676 1708
3094 4 2 1 1 1050 1204 659 1681
3095 4 2 1 1 293 1549 1703 1784
3096 4 2 1 1 365 1717 1066 1764
3097 4 2 1 1 749 739 738 1770
3098 4 2 1 1 820 189 1731 1806
3099 4 2 1 1 1442 1604 1589 1739
3100 4 2 1 1 665 1618 1662 1909
3101 4 2 1 1 887 1738 1630 1883
3102 4 2 1 1 763 1692 627 1829
3103 4 2 1 1 814 1490 398 1951
3104 4 2 1 1 766 1660 1817 1944
3105 4 2 1 1 193 1616 395 1712
3106 4 2 1 1 1490 1450 1693 1952
3107 4 2 1 1 1553 1687 644 1828
3108 4 2 1 1 1443 1683 1574 1905
3109 4 2 1 1 986 1244 1714 1786
3110 4 2 1 1 1054 1497 1780 1932
3111 4 2 1 1 1291 609 1303 1499
3112 4 2 1 1 1440 1499 1640 1816
3113 4 2 1 1 911 573 897 1873
3114 4 2 1 1 72 1007 71 1563
3115 4 2 1 1 1586 1725 1537 1943
3116 4 2 1 1 419 588 424 1710
3117 4 2 1 1 1556 1778 1446 1968
3118 4 2 1 1 790 120 789 1746
3119 4 2 1 1 1499 1440 1640 1925
3120 4 2 1 1 1496 1445 1642 1928
3121 4 2 1 1 621 1593 1125 1808
3122 4 2 1 1 1606 1755 199 1949
3123 4 2 1 1 1454 1723 1548 1888
3124 4 2 1 1 1439 1638 1492 1880
3125 4 2 1 1 672 670 1224 1589
3126 4 2 1 1 1491 1935 1485 1937
3127 4 2 1 1 1082 343 1814 1833
3128 4 2 1 1 64 948 946 1663
3129 4 2 1 1 22 1670 775 1677
3130 4 2 1 1 1191 1560 726 1781
3131 4 2 1 1 517 1744 1019 1750
3132 4 2 1 1 517 519 618 1652
3133 4 2 1 1 1640 1838 1499 1925
3134 4 2 1 1 1452 1507 1610 1899
3135 4 2 1 1 1432 1533 1593 1918
3136 4 2 1 1 1453 1508 1611 1902
3137 4 2 1 1 549 1584 1787 1897
3138 4 2 1 1 1492 1439 1709 1902
3139 4 2 1 1 1620 1641 1579 1852
3140 4 2 1 1 1219 1788 1589 1916
3141 4 2 1 1 952 1303 156 1676
3142 4 2 1 1 277 1594 275 1739
3143 4 2 1 1 1017 1022 1016 1877
3144 4 2 1 1 611 1655 1275 1772
3145 4 2 1 1 1588 1847 1432 1956
3146 4 2 1 1 61 60 140 1676
3147 4 2 1 1 1600 1726 604 1889
3148 4 2 1 1 1489 1761 1166 1789
3149 4 2 1 1 728 726 1191 1560
3150 4 2 1 1 1455 1703 1514 1809
3151 4 2 1 1 1334 956 957 1576
3152 4 2 1 1 1160 1785 1588 1908
3153 4 2 1 1 263 1526 1069 1850
3154 4 2 1 1 536 854 1509 1798
3155 4 2 1 1 267 1617 337 1716
3156 4 2 1 1 1017 1506 563 1877
3157 4 2 1 1 1452 1610 1507 1675
3158 4 2 1 1 1528 1652 1435 1876
3159 4 2 1 1 1493 1627 1444 1672
3160 4 2 1 1 1077 1220 360 1591
3161 4 2 1 1 444 580 447 1817
3162 4 2 1 1 1437 1641 1620 1852
3163 4 2 1 1 730 732 731 1569
3164 4 2 1 1 304 303 302 1725
3165 4 2 1 1 571 430 900 1802
3166 4 2 1 1 1437 1579 1641 1852
3167 4 2 1 1 1647 1713 1507 1940
3168 4 2 1 1 1433 1835 1606 1935
3169 4 2 1 1 1509 1808 1667 1970
3170 4 2 1 1 1431 1552 1800 1924
3171 4 2 1 1 1642 1837 1496 1928
3172 4 2 1 1 1436 1630 1738 1883
3173 4 2 1 1 1117 1575 1177 1794
3174 4 2 1 1 413 1100 555 1552
3175 4 2 1 1 530 1648 531 1779
3176 4 2 1 1 286 285 1810 1827
3177 4 2 1 1 800 1698 1602 1803
3178 4 2 1 1 180 182 181 1806
3179 4 2 1 1 245 244 1741 1833
3180 4 2 1 1 1449 1489 1660 1726
3181 4 2 1 1 1453 1611 1508 1674
3182 4 2 1 1 1628 1758 1446 1946
3183 4 2 1 1 1544 1736 1031 1782
3184 4 2 1 1 1433 1568 1564 1961
3185 4 2 1 1 1640 1816 1499 1838
3186 4 2 1 1 1264 1042 1253 1736
3187 4 2 1 1 1268 121 24 1482
3188 4 2 1 1 29 1630 887 1738
3189 4 2 1 1 1353 1593 132 1854
3190 4 2 1 1 1069 1526 1728 1850
3191 4 2 1 1 1437 1546 1691 1745
3192 4 2 1 1 700 701 699 1653
3193 4 2 1 1 897 571 898 1881
3194 4 2 1 1 1444 1647 1493 1672
3195 4 2 1 1 377 1785 1160 1908
3196 4 2 1 1 201 1835 199 1949
3197 4 2 1 1 818 1615 817 1737
3198 4 2 1 1 1545 1737 1615 1777
3199 4 2 1 1 400 1504 399 1771
3200 4 2 1 1 23 1268 24 1931
3201 4 2 1 1 1079 1543 1311 1818
3202 4 2 1 1 1403 1503 1384 1799
3203 4 2 1 1 1420 1825 1404 1839
3204 4 2 1 1 1431 1800 1625 1924
3205 4 2 1 1 1535 1835 1433 1935
3206 4 2 1 1 787 880 1691 1719
3207 4 2 1 1 1137 1625 1163 1849
3208 4 2 1 1 1064 1788 1219 1916
3209 4 2 1 1 496 1762 494 1870
3210 4 2 1 1 740 1519 1051 1868
3211 4 2 1 1 162 771 844 1533
3212 4 2 1 1 1595 1696 1432 1847
3213 4 2 1 1 1525 1928 1453 1929
3214 4 2 1 1 1315 487 614 1496
3215 4 2 1 1 977 1541 285 1827
3216 4 2 1 1 1617 1902 1716 1913
3217 4 2 1 1 1440 1640 1612 1816
3218 4 2 1 1 1314 942 943 1500
3219 4 2 1 1 499 1063 590 1832
3220 4 2 1 1 709 711 1543 1945
3221 4 2 1 1 1472 1644 1909 1950
3222 4 2 1 1 1468 1755 1564 1872
3223 4 2 1 1 549 1787 520 1897
3224 4 2 1 1 299 297 298 1729
3225 4 2 1 1 692 1230 694 1517
3226 4 2 1 1 1137 195 1625 1849
3227 4 2 1 1 337 269 1041 1617
3228 4 2 1 1 827 1358 1325 1657
3229 4 2 1 1 841 1745 1620 1917
3230 4 2 1 1 636 1748 1629 1826
3231 4 2 1 1 1362 1132 170 1737
3232 4 2 1 1 1345 1684 1651 1923
3233 4 2 1 1 1438 1530 1718 1822
3234 4 2 1 1 1628 1778 1663 1948
3235 4 2 1 1 1535 1433 1835 1860
3236 4 2 1 1 975 569 976 1524
3237 4 2 1 1 809 384 1859 1898
3238 4 2 1 1 1440 1591 1572 1708
3239 4 2 1 1 1451 1613 1523 1715
3240 4 2 1 1 199 201 1606 1835
3241 4 2 1 1 1440 1499 1676 1925
3242 4 2 1 1 293 1703 292 1784
3243 4 2 1 1 1557 1804 1687 1890
3244 4 2 1 1 1453 1492 1678 1902
3245 4 2 1 1 1294 1657 817 1951
3246 4 2 1 1 582 947 1246 1483
3247 4 2 1 1 1228 1515 688 1821
3248 4 2 1 1 295 296 297 1729
3249 4 2 1 1 1651 1684 1345 1844
3250 4 2 1 1 1525 1671 1453 1928
3251 4 2 1 1 766 1817 1685 1944
3252 4 2 1 1 737 1686 738 1805
3253 4 2 1 1 144 803 1377 1516
3254 4 2 1 1 1438 1484 1752 1871
3255 4 2 1 1 1438 1563 1695 1904
3256 4 2 1 1 1492 1709 1678 1902
3257 4 2 1 1 549 522 1787 1840
3258 4 2 1 1 478 563 1016 1506
3259 4 2 1 1 1438 1530 1822 1871
3260 4 2 1 1 123 1349 1346 1677
3261 4 2 1 1 420 1138 412 1666
3262 4 2 1 1 472 471 470 1610
3263 4 2 1 1 611 741 1275 1655
3264 4 2 1 1 1607 1760 1446 1959
3265 4 2 1 1 1245 1786 1006 1813
3266 4 2 1 1 1005 1004 564 1507
3267 4 2 1 1 1046 1298 141 1627
3268 4 2 1 1 642 869 639 1557
3269 4 2 1 1 25 1248 24 1688
3270 4 2 1 1 562 1271 1568 1772
3271 4 2 1 1 1485 1842 748 1891
3272 4 2 1 1 987 566 464 1511
3273 4 2 1 1 1446 1543 1663 1843
3274 4 2 1 1 90 176 174 1756
3275 4 2 1 1 83 836 160 1746
3276 4 2 1 1 1656 1845 1592 1855
3277 4 2 1 1 79 1491 161 1842
3278 4 2 1 1 1037 498 557 1510
3279 4 2 1 1 1611 1674 1496 1837
3280 4 2 1 1 536 854 542 1509
3281 4 2 1 1 1435 1584 1742 1897
3282 4 2 1 1 1436 1826 1554 1936
3283 4 2 1 1 1432 1521 1682 1956
3284 4 2 1 1 1010 1565 139 1939
3285 4 2 1 1 76 137 75 1546
3286 4 2 1 1 1118 195 1137 1849
3287 4 2 1 1 151 1379 1396 1863
3288 4 2 1 1 74 982 73 1917
3289 4 2 1 1 1513 1673 1452 1925
3290 4 2 1 1 259 1605 339 1907
3291 4 2 1 1 1034 1253 1033 1508
3292 4 2 1 1 171 1409 1473 1839
3293 4 2 1 1 1436 1629 1826 1936
3294 4 2 1 1 1414 1489 1415 1811
3295 4 2 1 1 1287 1658 1774 1858
3296 4 2 1 1 1038 496 494 1870
3297 4 2 1 1 1496 1837 1674 1928
3298 4 2 1 1 706 705 704 1708
3299 4 2 1 1 372 1784 290 1834
3300 4 2 1 1 1173 882 1165 1537
3301 4 2 1 1 782 1574 717 1743
3302 4 2 1 1 1353 1354 132 1593
3303 4 2 1 1 1491 1894 1842 1935
3304 4 2 1 1 1037 1510 1259 1896
3305 4 2 1 1 148 1545 1386 1737
3306 4 2 1 1 707 1079 751 1522
3307 4 2 1 1 1440 1522 1612 1930
3308 4 2 1 1 1442 1601 1510 1922
3309 4 2 1 1 166 1320 1880 1980
3310 4 2 1 1 114 1724 931 1904
3311 4 2 1 1 1487 1442 1679 1700
3312 4 2 1 1 977 333 285 1541
3313 4 2 1 1 1478 1509 1593 1918
3314 4 2 1 1 886 28 1738 1854
3315 4 2 1 1 1490 1430 1656 1806
3316 4 2 1 1 200 1124 1209 1755
3317 4 2 1 1 860 1504 400 1903
3318 4 2 1 1 1440 1612 1511 1930
3319 4 2 1 1 1576 1634 1467 1950
3320 4 2 1 1 1431 1712 1520 1853
3321 4 2 1 1 672 1589 1219 1788
3322 4 2 1 1 1192 1738 1554 1936
3323 4 2 1 1 1311 752 968 1843
3324 4 2 1 1 1507 1647 1444 1713
3325 4 2 1 1 562 1568 1263 1772
3326 4 2 1 1 853 834 852 1860
3327 4 2 1 1 490 489 488 1611
3328 4 2 1 1 122 1501 1845 1967
3329 4 2 1 1 1115 1116 1147 1521
3330 4 2 1 1 1506 1444 1711 1940
3331 4 2 1 1 859 1502 21 1861
3332 4 2 1 1 550 399 400 1504
3333 4 2 1 1 1438 1718 1654 1822
3334 4 2 1 1 1610 1675 1499 1838
3335 4 2 1 1 273 1763 336 1782
3336 4 2 1 1 351 1111 1283 1539
3337 4 2 1 1 293 908 331 1549
3338 4 2 1 1 711 1843 1543 1945
3339 4 2 1 1 1279 1000 1278 1675
3340 4 2 1 1 139 1010 69 1565
3341 4 2 1 1 1145 1551 623 1867
3342 4 2 1 1 1485 1842 1602 1856
3343 4 2 1 1 1678 1709 1529 1902
3344 4 2 1 1 1538 1807 1186 1864
3345 4 2 1 1 1430 1731 1624 1806
3346 4 2 1 1 793 1626 1753 1889
3347 4 2 1 1 1427 1416 1417 1811
3348 4 2 1 1 1100 1800 1552 1924
3349 4 2 1 1 450 1094 1735 1939
3350 4 2 1 1 627 810 625 1582
3351 4 2 1 1 1392 1777 1561 1863
3352 4 2 1 1 1475 1569 1560 1934
3353 4 2 1 1 1281 343 1278 1814
3354 4 2 1 1 688 689 687 1733
3355 4 2 1 1 1083 359 238 1978
3356 4 2 1 1 797 1600 604 1889
3357 4 2 1 1 1450 1561 1777 1829
3358 4 2 1 1 1187 892 1186 1538
3359 4 2 1 1 1485 1851 423 1856
3360 4 2 1 1 171 1473 1361 1839
3361 4 2 1 1 1096 1933 562 1961
3362 4 2 1 1 452 454 1152 1722
3363 4 2 1 1 868 1557 158 1836
3364 4 2 1 1 888 1205 1350 1648
3365 4 2 1 1 685 1525 745 1929
3366 4 2 1 1 1524 1774 975 1946
3367 4 2 1 1 1499 1838 1675 1925
3368 4 2 1 1 189 1624 389 1731
3369 4 2 1 1 1480 1581 1558 1955
3370 4 2 1 1 801 1698 77 1926
3371 4 2 1 1 187 186 188 1865
3372 4 2 1 1 1433 1891 1664 1935
3373 4 2 1 1 82 81 119 1590
3374 4 2 1 1 295 293 294 1549
3375 4 2 1 1 74 928 115 1691
3376 4 2 1 1 1291 469 609 1499
3377 4 2 1 1 191 395 193 1616
3378 4 2 1 1 1266 1550 966 1819
3379 4 2 1 1 829 1701 380 1920
3380 4 2 1 1 1433 1635 1568 1961
3381 4 2 1 1 293 291 292 1703
3382 4 2 1 1 850 856 1292 1894
3383 4 2 1 1 1200 1607 1707 1945
3384 4 2 1 1 1317 1664 133 1891
3385 4 2 1 1 443 446 575 1597
3386 4 2 1 1 1223 1529 1231 1913
3387 4 2 1 1 1483 1758 582 1820
3388 4 2 1 1 313 1847 1595 1908
3389 4 2 1 1 1451 1515 1587 1720
3390 4 2 1 1 1514 1809 1703 1885
3391 4 2 1 1 1447 1651 1684 1923
3392 4 2 1 1 1587 1720 691 1886
3393 4 2 1 1 263 1764 1526 1850
3394 4 2 1 1 563 1713 1506 1940
3395 4 2 1 1 842 845 162 1533
3396 4 2 1 1 1493 1444 1627 1899
3397 4 2 1 1 1162 1535 750 1770
3398 4 2 1 1 1588 1595 1432 1847
3399 4 2 1 1 1070 259 339 1907
3400 4 2 1 1 1448 1634 1576 1950
3401 4 2 1 1 1175 1177 1117 1575
3402 4 2 1 1 1452 1675 1507 1694
3403 4 2 1 1 385 386 1796 1898
3404 4 2 1 1 1162 1292 750 1535
3405 4 2 1 1 213 214 215 1776
3406 4 2 1 1 560 1028 1027 1728
3407 4 2 1 1 161 1491 1289 1894
3408 4 2 1 1 737 735 1686 1882
3409 4 2 1 1 1434 1534 1636 1655
3410 4 2 1 1 1331 505 1333 1704
3411 4 2 1 1 734 733 1719 1882
3412 4 2 1 1 1447 1586 1684 1844
3413 4 2 1 1 603 1364 781 1726
3414 4 2 1 1 690 689 688 1515
3415 4 2 1 1 216 218 1680 1792
3416 4 2 1 1 543 1154 854 1542
3417 4 2 1 1 1558 1581 1462 1955
3418 4 2 1 1 1390 1401 1403 1503
3419 4 2 1 1 1083 1214 359 1945
3420 4 2 1 1 1144 1334 591 1793
3421 4 2 1 1 674 675 673 1788
3422 4 2 1 1 1283 1242 351 1802
3423 4 2 1 1 404 1830 1581 1862
3424 4 2 1 1 1215 1212 1025 1834
3425 4 2 1 1 1548 1565 1443 1722
3426 4 2 1 1 241 242 1833 1919
3427 4 2 1 1 739 737 738 1805
3428 4 2 1 1 294 1549 293 1784
3429 4 2 1 1 1586 1844 1447 1943
3430 4 2 1 1 1282 1760 1540 1774
3431 4 2 1 1 298 296 890 1649
3432 4 2 1 1 1438 1822 1563 1871
3433 4 2 1 1 108 1330 958 1679
3434 4 2 1 1 1603 1835 1433 1860
3435 4 2 1 1 709 710 711 1945
3436 4 2 1 1 1523 1642 1445 1728
3437 4 2 1 1 69 969 70 1823
3438 4 2 1 1 1590 1603 1520 1872
3439 4 2 1 1 142 1547 1730 1879
3440 4 2 1 1 1442 1497 1679 1689
3441 4 2 1 1 1414 1789 1489 1811
3442 4 2 1 1 838 122 1501 1845
3443 4 2 1 1 1601 1689 1519 1922
3444 4 2 1 1 1257 608 1612 1820
3445 4 2 1 1 1483 1612 1522 1930
3446 4 2 1 1 1509 1667 1595 1970
3447 4 2 1 1 1723 1824 1498 1975
3448 4 2 1 1 1529 1439 1709 1751
3449 4 2 1 1 1442 1689 1601 1922
3450 4 2 1 1 1444 1494 1766 1911
3451 4 2 1 1 1436 1608 1554 1826
3452 4 2 1 1 1470 1538 1729 1942
3453 4 2 1 1 725 723 724 1536
3454 4 2 1 1 1431 1791 1666 1972
3455 4 2 1 1 436 438 437 1505
3456 4 2 1 1 1252 1535 1162 1835
3457 4 2 1 1 750 1289 739 1770
3458 4 2 1 1 538 536 542 1808
3459 4 2 1 1 1456 1485 1935 1937
3460 4 2 1 1 567 988 987 1540
3461 4 2 1 1 270 269 268 1617
3462 4 2 1 1 1466 1567 1521 1977
3463 4 2 1 1 1573 1865 1848 1969
3464 4 2 1 1 825 824 812 1754
3465 4 2 1 1 1388 1387 1380 1737
3466 4 2 1 1 1440 1676 1513 1925
3467 4 2 1 1 1651 1740 1447 1831
3468 4 2 1 1 515 517 1019 1750
3469 4 2 1 1 540 759 758 1753
3470 4 2 1 1 1442 1519 1689 1922
3471 4 2 1 1 1437 1539 1641 1881
3472 4 2 1 1 1445 1571 1821 1850
3473 4 2 1 1 1357 1386 148 1545
3474 4 2 1 1 389 190 390 1771
3475 4 2 1 1 129 1528 973 1971
3476 4 2 1 1 1429 1577 1567 1622
3477 4 2 1 1 1597 1677 1429 1900
3478 4 2 1 1 1450 1615 1545 1657
3479 4 2 1 1 1554 1608 1436 1965
3480 4 2 1 1 1470 1729 1538 1807
3481 4 2 1 1 1452 1653 1531 1899
3482 4 2 1 1 630 1588 1160 1785
3483 4 2 1 1 1387 1132 1380 1737
3484 4 2 1 1 434 433 1641 1873
3485 4 2 1 1 1441 1541 1714 1827
3486 4 2 1 1 1518 1582 1430 1952
3487 4 2 1 1 1527 1814 343 1833
3488 4 2 1 1 760 1626 1839 1921
3489 4 2 1 1 1616 1625 1462 1955
3490 4 2 1 1 1481 1601 1519 1922
3491 4 2 1 1 1504 1430 1582 1952
3492 4 2 1 1 200 197 1124 1949
3493 4 2 1 1 1432 1808 1509 1918
3494 4 2 1 1 765 1726 764 1889
3495 4 2 1 1 133 1664 81 1759
3496 4 2 1 1 616 1168 1373 1660
3497 4 2 1 1 1035 1267 1261 1674
3498 4 2 1 1 1567 1577 1429 1701
3499 4 2 1 1 1432 1593 1808 1918
3500 4 2 1 1 1607 1843 1707 1945
3501 4 2 1 1 1444 1517 1766 1857
3502 4 2 1 1 1445 1821 1605 1850
3503 4 2 1 1 1436 1648 1630 1883
3504 4 2 1 1 357 1084 232 1960
3505 4 2 1 1 1147 1841 1521 1956
3506 4 2 1 1 196 1179 396 1712
3507 4 2 1 1 398 1490 1806 1951
3508 4 2 1 1 906 1651 32 1740
3509 4 2 1 1 206 1575 1117 1794
3510 4 2 1 1 1267 1069 338 1526
3511 4 2 1 1 1500 1445 1619 1912
3512 4 2 1 1 679 1709 677 1751
3513 4 2 1 1 652 1562 1795 1971
3514 4 2 1 1 1445 1515 1605 1821
3515 4 2 1 1 394 544 393 1898
3516 4 2 1 1 722 723 721 1724
3517 4 2 1 1 1438 1781 1637 1906
3518 4 2 1 1 1495 1441 1681 1732
3519 4 2 1 1 1145 1146 623 1551
3520 4 2 1 1 309 324 307 1690
3521 4 2 1 1 1278 343 1078 1527
3522 4 2 1 1 1579 1641 1620 1873
3523 4 2 1 1 1450 1777 1503 1829
3524 4 2 1 1 902 1742 551 1809
3525 4 2 1 1 1521 1567 1466 1900
3526 4 2 1 1 961 1328 960 1927
3527 4 2 1 1 1553 1447 1740 1831
3528 4 2 1 1 616 1660 766 1944
3529 4 2 1 1 1522 1591 1440 1708
3530 4 2 1 1 558 492 1033 1870
3531 4 2 1 1 1492 1638 1611 1980
3532 4 2 1 1 1159 1542 543 1769
3533 4 2 1 1 1191 1560 1781 1878
3534 4 2 1 1 590 1601 1328 1832
3535 4 2 1 1 650 649 648 1599
3536 4 2 1 1 231 1598 1801 1960
3537 4 2 1 1 1088 231 1598 1801
3538 4 2 1 1 1234 1229 1074 1531
3539 4 2 1 1 1032 166 1320 1880
3540 4 2 1 1 1522 1612 1483 1914
3541 4 2 1 1 617 959 1679 1704
3542 4 2 1 1 357 1199 1084 1866
3543 4 2 1 1 729 727 728 1560
3544 4 2 1 1 1396 1383 1365 1561
3545 4 2 1 1 1581 1830 404 1903
3546 4 2 1 1 1202 1226 1705 1941
3547 4 2 1 1 557 1038 1256 1544
3548 4 2 1 1 1662 1780 1618 1932
3549 4 2 1 1 904 1195 1207 1784
3550 4 2 1 1 1439 1609 1550 1751
3551 4 2 1 1 1468 1755 1603 1949
3552 4 2 1 1 1450 1561 1545 1777
3553 4 2 1 1 1454 1723 1530 1735
3554 4 2 1 1 1519 1601 1481 1927
3555 4 2 1 1 65 1663 967 1778
3556 4 2 1 1 1488 1448 1887 1966
3557 4 2 1 1 1469 1748 1783 1958
3558 4 2 1 1 1491 1770 1456 1937
3559 4 2 1 1 1466 1796 1622 1867
3560 4 2 1 1 1508 1453 1674 1716
3561 4 2 1 1 1455 1697 1495 1884
3562 4 2 1 1 1156 776 821 1518
3563 4 2 1 1 1539 1802 1641 1881
3564 4 2 1 1 332 977 287 1827
3565 4 2 1 1 1069 1728 339 1850
3566 4 2 1 1 1435 1486 1742 1876
3567 4 2 1 1 895 880 1719 1882
3568 4 2 1 1 1431 1625 1616 1955
3569 4 2 1 1 1452 1493 1653 1899
3570 4 2 1 1 469 1499 1291 1816
3571 4 2 1 1 1628 1663 1446 1948
3572 4 2 1 1 138 982 983 1981
3573 4 2 1 1 834 851 852 1860
3574 4 2 1 1 241 1833 1596 1919
3575 4 2 1 1 533 1351 531 1648
3576 4 2 1 1 1550 1609 1459 1788
3577 4 2 1 1 647 871 644 1553
3578 4 2 1 1 1620 1745 1691 1917
3579 4 2 1 1 190 187 1118 1624
3580 4 2 1 1 1660 1817 1685 1974
3581 4 2 1 1 595 535 1125 1798
3582 4 2 1 1 1543 1607 1457 1945
3583 4 2 1 1 433 1620 1102 1745
3584 4 2 1 1 1225 1233 686 1821
3585 4 2 1 1 1078 245 247 1741
3586 4 2 1 1 1533 1588 1458 1918
3587 4 2 1 1 1432 1588 1533 1918
3588 4 2 1 1 413 412 1552 1815
3589 4 2 1 1 1374 1669 1422 1761
3590 4 2 1 1 1440 1513 1572 1925
3591 4 2 1 1 1662 1879 663 1909
3592 4 2 1 1 1015 1259 1763 1896
3593 4 2 1 1 920 914 915 1752
3594 4 2 1 1 315 865 313 1595
3595 4 2 1 1 1534 1602 1434 1803
3596 4 2 1 1 1501 1431 1646 1706
3597 4 2 1 1 1581 1624 1430 1771
3598 4 2 1 1 703 1044 1302 1941
3599 4 2 1 1 1558 1581 1480 1862
3600 4 2 1 1 1445 1525 1571 1928
3601 4 2 1 1 1526 1571 1445 1850
3602 4 2 1 1 1286 975 976 1858
3603 4 2 1 1 1111 350 1290 1881
3604 4 2 1 1 165 980 67 1683
3605 4 2 1 1 844 1738 28 1854
3606 4 2 1 1 464 463 462 1820
3607 4 2 1 1 1362 170 805 1532
3608 4 2 1 1 1565 1724 1454 1888
3609 4 2 1 1 1658 1707 1446 1968
3610 4 2 1 1 1595 1667 1432 1696
3611 4 2 1 1 262 1571 365 1764
3612 4 2 1 1 450 1548 600 1939
3613 4 2 1 1 1222 1618 666 1909
3614 4 2 1 1 1500 1451 1613 1912
3615 4 2 1 1 1187 1538 1186 1864
3616 4 2 1 1 1521 1482 1682 1841
3617 4 2 1 1 956 1576 41 1780
3618 4 2 1 1 302 301 1633 1725
3619 4 2 1 1 530 546 1769 1779
3620 4 2 1 1 1067 1261 338 1716
3621 4 2 1 1 1508 1439 1617 1736
3622 4 2 1 1 211 212 213 1776
3623 4 2 1 1 1355 1688 1593 1964
3624 4 2 1 1 1543 1607 1446 1959
3625 4 2 1 1 1457 1607 1543 1959
3626 4 2 1 1 325 1622 1134 1977
3627 4 2 1 1 800 1109 1698 1803
3628 4 2 1 1 567 1774 1540 1946
3629 4 2 1 1 1439 1762 1544 1870
3630 4 2 1 1 1427 1416 1811 1839
3631 4 2 1 1 901 893 1584 1742
3632 4 2 1 1 600 1548 1722 1939
3633 4 2 1 1 1463 1858 1658 1960
3634 4 2 1 1 592 1019 1744 1750
3635 4 2 1 1 1287 1658 345 1774
3636 4 2 1 1 1485 1491 1842 1935
3637 4 2 1 1 301 1725 912 1864
3638 4 2 1 1 1506 1711 1444 1911
3639 4 2 1 1 1015 1594 335 1896
3640 4 2 1 1 340 1715 1273 1877
3641 4 2 1 1 657 1555 656 1795
3642 4 2 1 1 129 1697 1528 1971
3643 4 2 1 1 254 253 1570 1773
3644 4 2 1 1 1611 1671 1492 1980
3645 4 2 1 1 1589 1604 1442 1868
3646 4 2 1 1 1491 1575 1770 1937
3647 4 2 1 1 1439 1508 1617 1902
3648 4 2 1 1 1550 1751 1609 1788
3649 4 2 1 1 1509 1808 1593 1918
3650 4 2 1 1 875 1164 377 1785
3651 4 2 1 1 1527 1572 1440 1833
3652 4 2 1 1 1466 1566 1551 1867
3653 4 2 1 1 1454 1735 1563 1823
3654 4 2 1 1 1455 1528 1697 1971
3655 4 2 1 1 1087 1658 1287 1858
3656 4 2 1 1 331 1203 1211 1809
3657 4 2 1 1 1014 1015 335 1896
3658 4 2 1 1 217 219 1105 1869
3659 4 2 1 1 1473 1449 1765 1921
3660 4 2 1 1 370 1218 1036 1810
3661 4 2 1 1 1527 1440 1814 1833
3662 4 2 1 1 89 1693 176 1756
3663 4 2 1 1 1519 1589 1459 1922
3664 4 2 1 1 1442 1589 1519 1922
3665 4 2 1 1 374 1183 889 1828
3666 4 2 1 1 690 688 1228 1515
3667 4 2 1 1 1475 1691 1620 1852
3668 4 2 1 1 1437 1620 1691 1852
3669 4 2 1 1 1406 1516 1418 1825
3670 4 2 1 1 370 1216 1218 1909
3671 4 2 1 1 1000 565 1001 1838
3672 4 2 1 1 624 1614 587 1861
3673 4 2 1 1 389 189 190 1624
3674 4 2 1 1 676 1550 675 1788
3675 4 2 1 1 1443 1565 1548 1888
3676 4 2 1 1 1073 340 1273 1877
3677 4 2 1 1 1608 1748 376 1826
3678 4 2 1 1 277 335 275 1594
3679 4 2 1 1 562 1933 1568 1961
3680 4 2 1 1 1038 1260 1544 1870
3681 4 2 1 1 715 935 713 1556
3682 4 2 1 1 385 598 1134 1622
3683 4 2 1 1 365 1232 1066 1717
3684 4 2 1 1 1738 1883 1478 1965
3685 4 2 1 1 673 1519 740 1868
3686 4 2 1 1 1444 1493 1647 1899
3687 4 2 1 1 586 1141 1140 1667
3688 4 2 1 1 1263 1568 562 1933
3689 4 2 1 1 1211 1155 926 1885
3690 4 2 1 1 1167 1489 1166 1789
3691 4 2 1 1 1416 1825 1811 1839
3692 4 2 1 1 530 546 877 1769
3693 4 2 1 1 1706 1746 1520 1979
3694 4 2 1 1 687 940 939 1733
3695 4 2 1 1 1604 1618 668 1954
3696 4 2 1 1 1045 1522 1079 1818
3697 4 2 1 1 1064 367 1227 1788
3698 4 2 1 1 1191 728 1560 1878
3699 4 2 1 1 1442 1594 1510 1896
3700 4 2 1 1 331 1211 1703 1809
3701 4 2 1 1 1307 840 839 1698
3702 4 2 1 1 1451 1587 1515 1912
3703 4 2 1 1 996 1661 334 1887
3704 4 2 1 1 114 71 70 1823
3705 4 2 1 1 1301 915 916 1623
3706 4 2 1 1 1290 350 1288 1881
3707 4 2 1 1 740 673 1266 1519
3708 4 2 1 1 1445 1733 1515 1821
3709 4 2 1 1 230 229 1801 1960
3710 4 2 1 1 1629 1748 1436 1826
3711 4 2 1 1 1608 1690 1436 1965
3712 4 2 1 1 1137 195 1163 1625
3713 4 2 1 1 1223 680 1231 1529
3714 4 2 1 1 1201 1591 1077 1919
3715 4 2 1 1 1381 1386 1394 1545
3716 4 2 1 1 1508 1453 1716 1902
3717 4 2 1 1 1501 1646 1431 1955
3718 4 2 1 1 1439 1492 1638 1902
3719 4 2 1 1 855 837 835 1969
3720 4 2 1 1 487 1496 1315 1957
3721 4 2 1 1 1248 1688 1355 1964
3722 4 2 1 1 1459 1609 1550 1963
3723 4 2 1 1 1550 1609 1439 1963
3724 4 2 1 1 1585 1448 1661 1887
3725 4 2 1 1 1564 1433 1755 1933
3726 4 2 1 1 436 909 438 1505
3727 4 2 1 1 283 996 281 1887
3728 4 2 1 1 358 1200 1083 1607
3729 4 2 1 1 1587 1619 1515 1912
3730 4 2 1 1 1500 1619 1587 1912
3731 4 2 1 1 1578 1722 1477 1874
3732 4 2 1 1 352 1177 1181 1794
3733 4 2 1 1 1234 1531 1074 1910
3734 4 2 1 1 642 1687 772 1831
3735 4 2 1 1 339 1728 1605 1850
3736 4 2 1 1 1086 230 228 1631
3737 4 2 1 1 581 1009 1122 1822
3738 4 2 1 1 341 1570 1073 1877
3739 4 2 1 1 1088 1598 1297 1801
3740 4 2 1 1 1221 1065 1231 1751
3741 4 2 1 1 688 1515 1733 1821
3742 4 2 1 1 1440 1591 1522 1930
3743 4 2 1 1 721 783 719 1724
3744 4 2 1 1 1699 1715 1451 1907
3745 4 2 1 1 915 1623 1301 1752
3746 4 2 1 1 1441 1555 1559 1884
3747 4 2 1 1 729 727 1560 1934
3748 4 2 1 1 1441 1639 1555 1730
3749 4 2 1 1 645 814 1089 1615
3750 4 2 1 1 508 507 506 1634
3751 4 2 1 1 1065 1221 367 1609
3752 4 2 1 1 1448 1813 1634 1950
3753 4 2 1 1 1050 142 1681 1730
3754 4 2 1 1 1661 1887 1448 1966
3755 4 2 1 1 421 418 417 1961
3756 4 2 1 1 1486 1435 1652 1876
3757 4 2 1 1 1449 1753 1626 1889
3758 4 2 1 1 1563 1654 1438 1695
3759 4 2 1 1 1271 1772 1106 1851
3760 4 2 1 1 91 90 174 1756
3761 4 2 1 1 1516 1789 1413 1811
3762 4 2 1 1 577 1110 840 1745
3763 4 2 1 1 901 1742 1584 1897
3764 4 2 1 1 1438 1637 1560 1947
3765 4 2 1 1 1725 1890 1469 1943
3766 4 2 1 1 544 394 894 1659
3767 4 2 1 1 1518 1693 1450 1952
3768 4 2 1 1 1160 1588 1108 1908
3769 4 2 1 1 1036 1213 371 1639
3770 4 2 1 1 230 1801 1631 1960
3771 4 2 1 1 62 951 61 1676
3772 4 2 1 1 647 648 1599 1976
3773 4 2 1 1 1276 568 1275 1636
3774 4 2 1 1 199 201 202 1606
3775 4 2 1 1 27 844 28 1854
3776 4 2 1 1 528 884 546 1779
3777 4 2 1 1 511 509 510 1632
3778 4 2 1 1 1456 1935 1491 1937
3779 4 2 1 1 1248 1790 1688 1964
3780 4 2 1 1 1441 1555 1681 1730
3781 4 2 1 1 927 1714 1244 1786
3782 4 2 1 1 736 735 734 1882
3783 4 2 1 1 1460 1684 1538 1840
3784 4 2 1 1 759 1626 758 1753
3785 4 2 1 1 287 977 285 1827
3786 4 2 1 1 1686 1794 1434 1953
3787 4 2 1 1 1431 1625 1558 1924
3788 4 2 1 1 48 49 1032 1880
3789 4 2 1 1 1445 1619 1515 1733
3790 4 2 1 1 498 497 496 1832
3791 4 2 1 1 403 583 879 1849
3792 4 2 1 1 1219 1589 368 1916
3793 4 2 1 1 960 1328 1329 1601
3794 4 2 1 1 1432 1682 1588 1956
3795 4 2 1 1 1517 1451 1720 1773
3796 4 2 1 1 1268 843 121 1931
3797 4 2 1 1 134 887 29 1630
3798 4 2 1 1 1431 1800 1552 1979
3799 4 2 1 1 1162 1535 1770 1812
3800 4 2 1 1 1511 1596 1440 1930
3801 4 2 1 1 1569 1643 1437 1792
3802 4 2 1 1 1519 1442 1689 1868
3803 4 2 1 1 590 1329 1328 1601
3804 4 2 1 1 506 505 504 1634
3805 4 2 1 1 1658 1760 345 1774
3806 4 2 1 1 300 374 889 1633
3807 4 2 1 1 1185 1712 848 1853
3808 4 2 1 1 647 646 648 1976
3809 4 2 1 1 1203 1742 902 1809
3810 4 2 1 1 1553 1599 1470 1828
3811 4 2 1 1 637 1629 635 1826
3812 4 2 1 1 1510 1594 1442 1922
3813 4 2 1 1 1434 1698 1583 1953
3814 4 2 1 1 854 597 542 1970
3815 4 2 1 1 1434 1583 1686 1953
3816 4 2 1 1 736 1686 735 1882
3817 4 2 1 1 1431 1520 1706 1853
3818 4 2 1 1 842 121 770 1688
3819 4 2 1 1 1628 1446 1758 1948
3820 4 2 1 1 1637 1878 1560 1947
3821 4 2 1 1 167 1780 1662 1932
3822 4 2 1 1 1263 1875 1568 1933
3823 4 2 1 1 129 36 973 1528
3824 4 2 1 1 1008 1563 1122 1823
3825 4 2 1 1 339 1605 259 1850
3826 4 2 1 1 1434 1636 1580 1655
3827 4 2 1 1 919 1723 572 1824
3828 4 2 1 1 371 1215 1025 1639
3829 4 2 1 1 1548 1702 1498 1723
3830 4 2 1 1 135 1602 800 1926
3831 4 2 1 1 919 572 920 1824
3832 4 2 1 1 815 1615 814 1951
3833 4 2 1 1 1594 1650 1442 1739
3834 4 2 1 1 1548 1723 1454 1735
3835 4 2 1 1 1486 1809 1549 1876
3836 4 2 1 1 1166 1489 1168 1761
3837 4 2 1 1 1626 1825 1516 1889
3838 4 2 1 1 315 313 314 1847
3839 4 2 1 1 612 1308 972 1647
3840 4 2 1 1 1646 1666 1431 1791
3841 4 2 1 1 1567 1429 1597 1701
3842 4 2 1 1 275 1739 1594 1916
3843 4 2 1 1 1399 1169 1384 1863
3844 4 2 1 1 137 76 839 1546
3845 4 2 1 1 1089 1132 1362 1737
3846 4 2 1 1 989 1540 567 1774
3847 4 2 1 1 1534 1434 1636 1803
3848 4 2 1 1 1390 1503 1403 1799
3849 4 2 1 1 459 458 1628 1874
3850 4 2 1 1 1413 1412 1411 1789
3851 4 2 1 1 1414 1761 1489 1789
3852 4 2 1 1 1465 1637 1623 1947
3853 4 2 1 1 1271 1106 421 1851
3854 4 2 1 1 1447 1725 1633 1864
3855 4 2 1 1 360 1572 244 1833
3856 4 2 1 1 1509 1595 1432 1918
3857 4 2 1 1 122 1845 858 1967
3858 4 2 1 1 1449 1516 1726 1889
3859 4 2 1 1 452 450 451 1548
3860 4 2 1 1 1027 1035 1026 1837
3861 4 2 1 1 1842 1894 1664 1935
3862 4 2 1 1 1485 1664 1891 1935
3863 4 2 1 1 1149 1151 1141 1667
3864 4 2 1 1 1099 1301 1623 1752
3865 4 2 1 1 1554 1785 1608 1965
3866 4 2 1 1 1592 1845 1656 1848
3867 4 2 1 1 575 767 1121 1670
3868 4 2 1 1 800 1602 1114 1803
3869 4 2 1 1 1473 1626 1449 1921
3870 4 2 1 1 1656 1845 1573 1848
3871 4 2 1 1 1445 1571 1526 1928
3872 4 2 1 1 1592 1656 1430 1848
3873 4 2 1 1 807 1473 1765 1921
3874 4 2 1 1 1440 1572 1527 1925
3875 4 2 1 1 1727 1757 1484 1975
3876 4 2 1 1 1584 1729 1538 1942
3877 4 2 1 1 1573 1430 1656 1848
3878 4 2 1 1 1528 1749 973 1971
3879 4 2 1 1 381 209 1120 1655
3880 4 2 1 1 1531 1653 1627 1899
3881 4 2 1 1 90 89 176 1756
3882 4 2 1 1 1431 1706 1616 1853
3883 4 2 1 1 1348 153 859 1502
3884 4 2 1 1 1518 1656 1855 1973
3885 4 2 1 1 1477 1628 1778 1968
3886 4 2 1 1 634 1554 633 1785
3887 4 2 1 1 1052 740 1051 1868
3888 4 2 1 1 1449 1685 1660 1944
3889 4 2 1 1 1490 1518 1693 1973
3890 4 2 1 1 1438 1654 1718 1947
3891 4 2 1 1 138 983 1654 1981
3892 4 2 1 1 1657 1951 1731 1952
3893 4 2 1 1 1263 1772 1568 1875
3894 4 2 1 1 635 1554 634 1826
3895 4 2 1 1 1497 1618 1604 1966
3896 4 2 1 1 550 1325 399 1754
3897 4 2 1 1 1446 1658 1607 1707
3898 4 2 1 1 642 641 1687 1804
3899 4 2 1 1 1222 666 1216 1909
3900 4 2 1 1 792 1626 793 1825
3901 4 2 1 1 1432 1566 1808 1964
3902 4 2 1 1 1646 1706 85 1967
3903 4 2 1 1 466 566 990 1640
3904 4 2 1 1 328 1725 305 1783
3905 4 2 1 1 621 1354 1125 1593
3906 4 2 1 1 1585 1644 1448 1887
3907 4 2 1 1 1017 563 1018 1877
3908 4 2 1 1 1548 1702 1443 1888
3909 4 2 1 1 259 258 1605 1907
3910 4 2 1 1 1113 1184 1643 1776
3911 4 2 1 1 1447 1844 1651 1943
3912 4 2 1 1 1498 1443 1702 1888
3913 4 2 1 1 1357 1545 1369 1915
3914 4 2 1 1 1608 1785 1458 1965
3915 4 2 1 1 176 805 174 1693
3916 4 2 1 1 988 567 989 1540
3917 4 2 1 1 947 112 946 1914
3918 4 2 1 1 372 292 290 1784
3919 4 2 1 1 1106 1772 1534 1851
3920 4 2 1 1 560 484 1020 1642
3921 4 2 1 1 997 996 979 1585
3922 4 2 1 1 1056 747 1058 1653
3923 4 2 1 1 1229 1236 1721 1857
3924 4 2 1 1 1288 350 1105 1869
3925 4 2 1 1 154 928 73 1934
3926 4 2 1 1 31 158 1831 1836
3927 4 2 1 1 1049 1547 142 1879
3928 4 2 1 1 202 1812 1606 1835
3929 4 2 1 1 901 1584 549 1897
3930 4 2 1 1 1465 1505 1623 1869
3931 4 2 1 1 1340 618 1341 1652
3932 4 2 1 1 1401 1503 1390 1777
3933 4 2 1 1 115 787 880 1691
3934 4 2 1 1 1551 1614 1429 1796
3935 4 2 1 1 1038 1260 1256 1544
3936 4 2 1 1 1260 1736 1544 1870
3937 4 2 1 1 1051 1519 1266 1819
3938 4 2 1 1 632 633 631 1785
3939 4 2 1 1 1431 1616 1501 1955
3940 4 2 1 1 1501 1616 1462 1955
3941 4 2 1 1 1626 1811 1516 1825
3942 4 2 1 1 382 797 1130 1600
3943 4 2 1 1 1552 1431 1666 1972
3944 4 2 1 1 421 417 1568 1961
3945 4 2 1 1 1444 1721 1517 1857
3946 4 2 1 1 1433 1535 1664 1860
3947 4 2 1 1 1063 501 617 1679
3948 4 2 1 1 359 1201 1077 1919
3949 4 2 1 1 968 130 1311 1818
3950 4 2 1 1 1601 1679 1442 1700
3951 4 2 1 1 865 1149 1148 1970
3952 4 2 1 1 1391 1402 1561 1915
3953 4 2 1 1 1623 1637 1438 1947
3954 4 2 1 1 1257 465 608 1820
3955 4 2 1 1 990 1001 565 1838
3956 4 2 1 1 1147 1521 1116 1956
3957 4 2 1 1 1443 1743 1512 1938
3958 4 2 1 1 1465 1878 1637 1947
3959 4 2 1 1 258 1699 1605 1907
3960 4 2 1 1 1167 1168 1166 1489
3961 4 2 1 1 1154 543 1159 1542
3962 4 2 1 1 870 1740 1553 1901
3963 4 2 1 1 847 1503 1360 1734
3964 4 2 1 1 1643 1680 1437 1792
3965 4 2 1 1 1677 1900 1597 1931
3966 4 2 1 1 324 1690 309 1846
3967 4 2 1 1 1172 1164 875 1826
3968 4 2 1 1 1523 1451 1715 1907
3969 4 2 1 1 1474 1746 1666 1979
3970 4 2 1 1 736 737 735 1686
3971 4 2 1 1 1617 1529 1902 1913
3972 4 2 1 1 1432 1808 1593 1964
3973 4 2 1 1 1441 1495 1681 1884
3974 4 2 1 1 1523 1451 1907 1912
3975 4 2 1 1 302 1725 1633 1890
3976 4 2 1 1 1573 1848 1501 1969
3977 4 2 1 1 1589 1594 1442 1739
3978 4 2 1 1 1559 1827 1714 1885
3979 4 2 1 1 916 910 1296 1869
3980 4 2 1 1 55 945 110 1747
3981 4 2 1 1 377 1160 1108 1908
3982 4 2 1 1 1467 1576 1547 1793
3983 4 2 1 1 695 1766 693 1857
3984 4 2 1 1 209 211 1120 1580
3985 4 2 1 1 1436 1554 1738 1936
3986 4 2 1 1 1553 1740 870 1831
3987 4 2 1 1 1443 1702 1598 1801
3988 4 2 1 1 1127 1237 420 1815
3989 4 2 1 1 1390 1403 1389 1799
3990 4 2 1 1 1252 1292 1162 1535
3991 4 2 1 1 1067 267 337 1716
3992 4 2 1 1 573 1579 910 1873
3993 4 2 1 1 1578 1598 1443 1702
3994 4 2 1 1 883 1725 1586 1864
3995 4 2 1 1 1461 1686 1583 1953
3996 4 2 1 1 1015 1763 1594 1896
3997 4 2 1 1 960 1601 108 1927
3998 4 2 1 1 440 574 914 1718
3999 4 2 1 1 1454 1498 1888 1975
4000 4 2 1 1 1505 1718 1654 1947
4001 4 2 1 1 541 894 394 1659
4002 4 2 1 1 1565 1443 1683 1743
4003 4 2 1 1 1097 1564 1755 1933
4004 4 2 1 1 1115 606 446 1841
4005 4 2 1 1 1444 1668 1507 1713
4006 4 2 1 1 1523 1445 1605 1728
4007 4 2 1 1 1026 560 1027 1837
4008 4 2 1 1 841 1620 1102 1917
4009 4 2 1 1 1430 1710 1592 1848
4010 4 2 1 1 862 1159 863 1690
4011 4 2 1 1 1526 1445 1728 1850
4012 4 2 1 1 1581 1848 1462 1955
4013 4 2 1 1 1480 1848 1581 1955
4014 4 2 1 1 1458 1542 1767 1846
4015 4 2 1 1 459 457 458 1874
4016 4 2 1 1 1283 1539 1111 1881
4017 4 2 1 1 1453 1678 1529 1902
4018 4 2 1 1 796 1237 1127 1635
4019 4 2 1 1 171 807 1361 1473
4020 4 2 1 1 839 77 801 1698
4021 4 2 1 1 249 1668 1075 1694
4022 4 2 1 1 1433 1759 1664 1891
4023 4 2 1 1 657 656 655 1795
4024 4 2 1 1 1064 1219 368 1916
4025 4 2 1 1 1449 1660 1685 1974
4026 4 2 1 1 978 1245 979 1786
4027 4 2 1 1 927 1244 978 1786
4028 4 2 1 1 1375 1825 149 1839
4029 4 2 1 1 1523 1728 1605 1907
4030 4 2 1 1 57 56 1046 1672
4031 4 2 1 1 637 635 1629 1936
4032 4 2 1 1 1463 1707 1658 1968
4033 4 2 1 1 1574 1683 1443 1743
4034 4 2 1 1 39 142 40 1547
4035 4 2 1 1 1542 1436 1690 1965
4036 4 2 1 1 901 893 549 1584
4037 4 2 1 1 911 1579 573 1873
4038 4 2 1 1 775 1677 1670 1931
4039 4 2 1 1 676 677 1550 1751
4040 4 2 1 1 1438 1560 1781 1962
4041 4 2 1 1 667 665 1618 1932
4042 4 2 1 1 445 447 601 1660
4043 4 2 1 1 1515 1619 1445 1912
4044 4 2 1 1 954 1732 107 1793
4045 4 2 1 1 1431 1646 1791 1955
4046 4 2 1 1 1576 1662 1448 1950
4047 4 2 1 1 1528 1455 1876 1971
4048 4 2 1 1 600 1722 1011 1939
4049 4 2 1 1 895 117 880 1882
4050 4 2 1 1 637 636 1629 1826
4051 4 2 1 1 1432 1595 1588 1918
4052 4 2 1 1 644 772 642 1687
4053 4 2 1 1 1608 1436 1748 1826
4054 4 2 1 1 525 1684 1345 1923
4055 4 2 1 1 224 1090 1727 1906
4056 4 2 1 1 1049 1055 1662 1879
4057 4 2 1 1 970 782 717 1743
4058 4 2 1 1 1439 1617 1529 1902
4059 4 2 1 1 1283 1802 1539 1881
4060 4 2 1 1 948 1663 65 1778
4061 4 2 1 1 1596 1814 1440 1833
4062 4 2 1 1 1462 1581 1558 1849
4063 4 2 1 1 909 1505 436 1873
4064 4 2 1 1 548 1182 884 1586
4065 4 2 1 1 1571 1764 262 1850
4066 4 2 1 1 838 1845 1501 1969
4067 4 2 1 1 709 1311 1079 1543
4068 4 2 1 1 968 967 65 1663
4069 4 2 1 1 1620 1852 1579 1873
4070 4 2 1 1 265 338 263 1764
4071 4 2 1 1 196 194 193 1712
4072 4 2 1 1 1097 1096 1564 1933
4073 4 2 1 1 1447 1684 1651 1844
4074 4 2 1 1 370 1644 1216 1909
4075 4 2 1 1 1256 1031 1030 1763
4076 4 2 1 1 606 1841 1147 1956
4077 4 2 1 1 1560 1637 1438 1781
4078 4 2 1 1 1507 1452 1694 1899
4079 4 2 1 1 1454 1724 1536 1975
4080 4 2 1 1 615 1638 1324 1880
4081 4 2 1 1 672 671 670 1868
4082 4 2 1 1 1491 1535 1894 1935
4083 4 2 1 1 780 748 576 1856
4084 4 2 1 1 1400 1365 1383 1915
4085 4 2 1 1 217 216 218 1680
4086 4 2 1 1 266 1716 265 1764
4087 4 2 1 1 691 746 1587 1886
4088 4 2 1 1 1326 962 1324 1762
4089 4 2 1 1 1387 170 1132 1737
4090 4 2 1 1 409 1791 1558 1972
4091 4 2 1 1 1523 1613 1451 1912
4092 4 2 1 1 383 804 809 1753
4093 4 2 1 1 1529 1709 1439 1902
4094 4 2 1 1 124 948 65 1778
4095 4 2 1 1 592 515 1019 1750
4096 4 2 1 1 1450 1504 1657 1754
4097 4 2 1 1 329 1186 1807 1864
4098 4 2 1 1 938 1525 745 1892
4099 4 2 1 1 1089 1362 645 1615
4100 4 2 1 1 1356 1349 123 1790
4101 4 2 1 1 1417 1426 1407 1669
4102 4 2 1 1 837 1706 831 1853
4103 4 2 1 1 1558 1791 409 1862
4104 4 2 1 1 20 19 1685 1765
4105 4 2 1 1 651 1562 652 1971
4106 4 2 1 1 202 203 1812 1835
4107 4 2 1 1 214 216 215 1680
4108 4 2 1 1 181 179 180 1973
4109 4 2 1 1 1437 1643 1569 1719
4110 4 2 1 1 675 966 1266 1550
4111 4 2 1 1 1444 1721 1570 1911
4112 4 2 1 1 1475 1620 1691 1917
4113 4 2 1 1 264 1764 1066 1913
4114 4 2 1 1 1562 1876 1455 1971
4115 4 2 1 1 1442 1594 1589 1922
4116 4 2 1 1 1068 1571 262 1850
4117 4 2 1 1 1627 1766 695 1857
4118 4 2 1 1 947 1257 1612 1820
4119 4 2 1 1 649 1243 1599 1749
4120 4 2 1 1 1384 173 1398 1799
4121 4 2 1 1 628 630 629 1956
4122 4 2 1 1 634 1554 1785 1826
4123 4 2 1 1 1177 736 1181 1686
4124 4 2 1 1 378 1147 1116 1956
4125 4 2 1 1 864 1154 862 1767
4126 4 2 1 1 1323 807 171 1473
4127 4 2 1 1 1090 1727 356 1757
4128 4 2 1 1 799 780 135 1842
4129 4 2 1 1 382 1091 1600 1920
4130 4 2 1 1 120 84 85 1646
4131 4 2 1 1 1450 1692 1504 1754
4132 4 2 1 1 1508 1716 1617 1902
4133 4 2 1 1 1082 1814 1596 1833
4134 4 2 1 1 1524 1446 1658 1774
4135 4 2 1 1 618 1019 517 1744
4136 4 2 1 1 1314 1040 1665 1957
4137 4 2 1 1 1444 1672 1627 1766
4138 4 2 1 1 888 887 134 1883
4139 4 2 1 1 1520 1712 1431 1979
4140 4 2 1 1 314 1847 313 1908
4141 4 2 1 1 1449 1753 1600 1974
4142 4 2 1 1 1458 1846 1608 1965
4143 4 2 1 1 266 1716 1764 1913
4144 4 2 1 1 1630 1738 118 1936
4145 4 2 1 1 1415 1428 1426 1761
4146 4 2 1 1 108 1689 45 1927
4147 4 2 1 1 431 433 1110 1745
4148 4 2 1 1 1517 1451 1773 1911
4149 4 2 1 1 1439 1544 1736 1870
4150 4 2 1 1 1531 1668 1444 1721
4151 4 2 1 1 1440 1612 1676 1816
4152 4 2 1 1 478 563 1506 1940
4153 4 2 1 1 596 1667 586 1970
4154 4 2 1 1 1443 1574 1743 1938
4155 4 2 1 1 136 1651 906 1740
4156 4 2 1 1 485 486 487 1957
4157 4 2 1 1 1102 1620 841 1745
4158 4 2 1 1 435 437 578 1981
4159 4 2 1 1 1556 1574 1463 1866
4160 4 2 1 1 302 303 301 1725
4161 4 2 1 1 266 1764 264 1913
4162 4 2 1 1 329 1807 301 1864
4163 4 2 1 1 1443 1631 1574 1938
4164 4 2 1 1 1277 1075 341 1668
4165 4 2 1 1 1477 1722 1578 1905
4166 4 2 1 1 1604 1689 1442 1868
4167 4 2 1 1 230 229 228 1801
4168 4 2 1 1 1596 1833 1591 1919
4169 4 2 1 1 275 276 1739 1916
4170 4 2 1 1 1505 1465 1852 1869
4171 4 2 1 1 1292 1535 1252 1860
4172 4 2 1 1 1455 1784 1562 1795
4173 4 2 1 1 1091 604 797 1600
4174 4 2 1 1 306 305 304 1783
4175 4 2 1 1 1549 1486 1742 1809
4176 4 2 1 1 412 1666 1138 1972
4177 4 2 1 1 1589 1739 368 1916
4178 4 2 1 1 1336 592 1338 1732
4179 4 2 1 1 1438 1695 1560 1962
4180 4 2 1 1 1442 1510 1700 1896
4181 4 2 1 1 261 339 259 1850
4182 4 2 1 1 752 935 967 1556
4183 4 2 1 1 1315 1316 1040 1957
4184 4 2 1 1 1628 1874 458 1946
4185 4 2 1 1 1223 1717 1529 1913
4186 4 2 1 1 1441 1681 1547 1730
4187 4 2 1 1 477 1711 1308 1940
4188 4 2 1 1 1515 1445 1605 1912
4189 4 2 1 1 1604 1618 1488 1966
4190 4 2 1 1 382 1091 797 1600
4191 4 2 1 1 1515 1451 1699 1720
4192 4 2 1 1 199 1606 207 1755
4193 4 2 1 1 1113 1643 353 1776
4194 4 2 1 1 1388 1389 1532 1777
4195 4 2 1 1 1090 226 1727 1757
4196 4 2 1 1 1193 1781 1194 1906
4197 4 2 1 1 1377 1516 803 1889
4198 4 2 1 1 231 1801 229 1960
4199 4 2 1 1 720 1198 1512 1938
4200 4 2 1 1 1579 1680 1465 1852
4201 4 2 1 1 198 1241 1835 1949
4202 4 2 1 1 1415 1426 1417 1811
4203 4 2 1 1 395 1712 1616 1853
4204 4 2 1 1 1440 1596 1591 1930
4205 4 2 1 1 1437 1680 1579 1852
4206 4 2 1 1 1348 1502 859 1861
4207 4 2 1 1 544 1614 393 1898
4208 4 2 1 1 646 647 644 1828
4209 4 2 1 1 25 24 121 1688
4210 4 2 1 1 960 1329 108 1601
4211 4 2 1 1 1517 1721 1444 1911
4212 4 2 1 1 1251 979 1245 1813
4213 4 2 1 1 1252 1835 1603 1860
4214 4 2 1 1 266 264 1066 1913
4215 4 2 1 1 248 1694 247 1741
4216 4 2 1 1 1647 1672 1444 1711
4217 4 2 1 1 793 1626 759 1753
4218 4 2 1 1 1731 1951 1490 1952
4219 4 2 1 1 300 299 298 1807
4220 4 2 1 1 1489 1789 1516 1811
4221 4 2 1 1 34 1621 921 1901
4222 4 2 1 1 1434 1602 1534 1937
4223 4 2 1 1 531 1648 529 1779
4224 4 2 1 1 1049 40 142 1547
4225 4 2 1 1 1098 1800 1100 1924
4226 4 2 1 1 21 859 153 1502
4227 4 2 1 1 497 495 496 1762
4228 4 2 1 1 1466 1521 1696 1977
4229 4 2 1 1 1551 1796 1466 1867
4230 4 2 1 1 1565 1683 1443 1722
4231 4 2 1 1 1145 1796 1551 1867
4232 4 2 1 1 1575 1434 1686 1794
4233 4 2 1 1 1435 1729 1584 1942
4234 4 2 1 1 1527 1675 1838 1925
4235 4 2 1 1 1332 511 1336 1732
4236 4 2 1 1 916 1296 1623 1869
4237 4 2 1 1 308 376 1608 1748
4238 4 2 1 1 1285 988 1282 1768
4239 4 2 1 1 524 548 1684 1840
4240 4 2 1 1 645 179 814 1973
4241 4 2 1 1 1603 1835 1241 1949
4242 4 2 1 1 857 1656 178 1973
4243 4 2 1 1 1447 1687 1633 1890
4244 4 2 1 1 1546 1583 1461 1882
4245 4 2 1 1 1444 1766 1517 1911
4246 4 2 1 1 1543 1663 1483 1959
4247 4 2 1 1 1349 1146 624 1551
4248 4 2 1 1 1099 1301 349 1623
4249 4 2 1 1 1641 1873 1579 1881
4250 4 2 1 1 1235 690 1228 1720
4251 4 2 1 1 689 690 691 1720
4252 4 2 1 1 1568 1606 1433 1933
4253 4 2 1 1 1647 1711 1444 1940
4254 4 2 1 1 1461 1794 1686 1953
4255 4 2 1 1 118 1630 29 1738
4256 4 2 1 1 1444 1570 1713 1911
4257 4 2 1 1 151 1396 1161 1863
4258 4 2 1 1 652 1795 653 1971
4259 4 2 1 1 421 417 562 1568
4260 4 2 1 1 435 433 434 1873
4261 4 2 1 1 1439 1638 1762 1870
4262 4 2 1 1 1724 1727 1536 1975
4263 4 2 1 1 918 451 449 1723
4264 4 2 1 1 345 1658 235 1760
4265 4 2 1 1 152 857 178 1973
4266 4 2 1 1 1580 1776 1539 1953
4267 4 2 1 1 996 997 334 1661
4268 4 2 1 1 1649 1729 1435 1942
4269 4 2 1 1 835 837 831 1853
4270 4 2 1 1 1415 1489 1761 1811
4271 4 2 1 1 294 373 296 1649
4272 4 2 1 1 1131 1137 1163 1849
4273 4 2 1 1 1281 1082 343 1814
4274 4 2 1 1 1506 1713 1444 1940
4275 4 2 1 1 1396 1365 1161 1561
4276 4 2 1 1 1401 1390 1392 1777
4277 4 2 1 1 1241 1603 1252 1835
4278 4 2 1 1 1329 590 1063 1601
4279 4 2 1 1 1456 1770 1575 1937
4280 4 2 1 1 1029 1594 1015 1763
4281 4 2 1 1 1431 1616 1712 1853
4282 4 2 1 1 335 1013 1014 1650
4283 4 2 1 1 1180 1687 641 1890
4284 4 2 1 1 1699 1720 1451 1773
4285 4 2 1 1 1465 1623 1505 1947
4286 4 2 1 1 182 1573 184 1806
4287 4 2 1 1 793 803 794 1825
4288 4 2 1 1 1606 1755 1433 1933
4289 4 2 1 1 1317 81 133 1664
4290 4 2 1 1 1526 1674 1837 1928
4291 4 2 1 1 1543 1775 709 1945
4292 4 2 1 1 1598 1631 1443 1801
4293 4 2 1 1 1549 1784 1562 1876
4294 4 2 1 1 1483 1511 1820 1930
4295 4 2 1 1 1433 1664 1590 1860
4296 4 2 1 1 1202 702 1226 1941
4297 4 2 1 1 1433 1590 1664 1759
4298 4 2 1 1 953 107 954 1732
4299 4 2 1 1 1626 1659 1449 1921
4300 4 2 1 1 461 462 463 1758
4301 4 2 1 1 1208 716 1199 1866
4302 4 2 1 1 1053 1604 669 1868
4303 4 2 1 1 1436 1738 1630 1936
4304 4 2 1 1 1313 1048 54 1587
4305 4 2 1 1 1660 1479 1817 1974
4306 4 2 1 1 1584 1787 1435 1942
4307 4 2 1 1 1517 1570 1721 1911
4308 4 2 1 1 497 1326 1762 1832
4309 4 2 1 1 1262 1612 951 1914
4310 4 2 1 1 186 185 184 1865
4311 4 2 1 1 1204 1050 142 1681
4312 4 2 1 1 1502 1685 1817 1974
4313 4 2 1 1 201 198 1835 1949
4314 4 2 1 1 272 271 270 1609
4315 4 2 1 1 1252 1162 397 1835
4316 4 2 1 1 772 1553 870 1831
4317 4 2 1 1 542 596 586 1970
4318 4 2 1 1 1480 1592 1710 1848
4319 4 2 1 1 308 306 376 1748
4320 4 2 1 1 714 715 713 1866
4321 4 2 1 1 1462 1625 1558 1955
4322 4 2 1 1 360 1076 244 1572
4323 4 2 1 1 1438 1752 1530 1871
4324 4 2 1 1 1462 1624 1573 1848
4325 4 2 1 1 1573 1624 1430 1848
4326 4 2 1 1 1627 1653 1493 1899
4327 4 2 1 1 1388 1532 1737 1777
4328 4 2 1 1 858 1845 1592 1967
4329 4 2 1 1 1659 1765 1449 1921
4330 4 2 1 1 1113 1184 353 1643
4331 4 2 1 1 1577 1600 1479 1920
4332 4 2 1 1 860 406 811 1903
4333 4 2 1 1 1450 1734 1503 1756
4334 4 2 1 1 1072 1230 363 1773
4335 4 2 1 1 1444 1507 1668 1899
4336 4 2 1 1 1087 345 1287 1658
4337 4 2 1 1 1447 1553 1687 1831
4338 4 2 1 1 1193 724 1194 1781
4339 4 2 1 1 1437 1691 1546 1719
4340 4 2 1 1 525 1345 1684 1844
4341 4 2 1 1 665 1662 663 1909
4342 4 2 1 1 262 1068 365 1571
4343 4 2 1 1 1445 1665 1619 1892
4344 4 2 1 1 763 627 762 1829
4345 4 2 1 1 1523 1605 1445 1912
4346 4 2 1 1 1687 1804 641 1890
4347 4 2 1 1 1586 1725 1447 1864
4348 4 2 1 1 1109 800 1114 1803
4349 4 2 1 1 1059 1060 166 1671
4350 4 2 1 1 1582 1710 1430 1830
4351 4 2 1 1 1599 1621 1435 1749
4352 4 2 1 1 475 477 1308 1940
4353 4 2 1 1 886 1738 887 1883
4354 4 2 1 1 853 1252 1603 1860
4355 4 2 1 1 1272 341 1073 1877
4356 4 2 1 1 635 633 634 1554
4357 4 2 1 1 436 437 435 1873
4358 4 2 1 1 1161 1561 812 1829
4359 4 2 1 1 1433 1635 1759 1891
4360 4 2 1 1 826 1561 145 1915
4361 4 2 1 1 1568 1933 1564 1961
4362 4 2 1 1 562 1263 1271 1772
4363 4 2 1 1 1598 1631 1463 1905
4364 4 2 1 1 1246 946 948 1948
4365 4 2 1 1 174 1322 1371 1532
4366 4 2 1 1 1531 1694 1452 1899
4367 4 2 1 1 1228 688 1233 1821
4368 4 2 1 1 1444 1647 1507 1899
4369 4 2 1 1 1200 1707 712 1945
4370 4 2 1 1 81 849 119 1664
4371 4 2 1 1 997 979 1251 1813
4372 4 2 1 1 419 1112 589 1791
4373 4 2 1 1 158 1557 869 1831
4374 4 2 1 1 1431 1706 1520 1979
4375 4 2 1 1 22 859 21 1861
4376 4 2 1 1 1078 247 342 1694
4377 4 2 1 1 1480 1955 1646 1967
4378 4 2 1 1 1541 1786 1585 1950
4379 4 2 1 1 1450 1504 1692 1952
4380 4 2 1 1 695 1627 1298 1766
4381 4 2 1 1 386 385 384 1898
4382 4 2 1 1 1200 1083 1607 1945
4383 4 2 1 1 1185 1179 848 1712
4384 4 2 1 1 1045 751 1079 1522
4385 4 2 1 1 205 1812 1575 1895
4386 4 2 1 1 1096 1564 1933 1961
4387 4 2 1 1 1447 1687 1557 1831
4388 4 2 1 1 1707 1843 712 1945
4389 4 2 1 1 762 753 1360 1734
4390 4 2 1 1 1350 529 1648 1779
4391 4 2 1 1 695 693 694 1857
4392 4 2 1 1 1599 1649 1470 1976
4393 4 2 1 1 42 956 41 1780
4394 4 2 1 1 809 388 384 1898
4395 4 2 1 1 289 332 1827 1885
4396 4 2 1 1 1191 1781 1092 1878
4397 4 2 1 1 1515 1699 1605 1821
4398 4 2 1 1 1439 1638 1508 1902
4399 4 2 1 1 1283 898 1802 1881
4400 4 2 1 1 1094 450 600 1939
4401 4 2 1 1 295 908 293 1549
4402 4 2 1 1 1444 1766 1627 1857
4403 4 2 1 1 1183 643 1180 1687
4404 4 2 1 1 796 1759 1635 1891
4405 4 2 1 1 1480 1501 1955 1967
4406 4 2 1 1 1573 1656 1430 1806
4407 4 2 1 1 435 1102 433 1620
4408 4 2 1 1 762 1829 1360 1863
4409 4 2 1 1 234 235 233 1658
4410 4 2 1 1 344 1596 1280 1768
4411 4 2 1 1 1443 1631 1598 1905
4412 4 2 1 1 1172 376 1748 1826
4413 4 2 1 1 459 1628 458 1946
4414 4 2 1 1 1437 1569 1691 1719
4415 4 2 1 1 1450 1657 1504 1952
4416 4 2 1 1 378 1116 316 1847
4417 4 2 1 1 1558 1924 409 1972
4418 4 2 1 1 126 51 52 1892
4419 4 2 1 1 1498 1702 1548 1888
4420 4 2 1 1 1436 1738 1554 1965
4421 4 2 1 1 1422 18 1407 1669
4422 4 2 1 1 171 1361 1150 1839
4423 4 2 1 1 1433 1606 1568 1935
4424 4 2 1 1 1568 1606 1456 1935
4425 4 2 1 1 1354 1355 132 1593
4426 4 2 1 1 268 1617 267 1913
4427 4 2 1 1 1082 1596 241 1833
4428 4 2 1 1 1071 364 258 1699
4429 4 2 1 1 337 1041 1042 1736
4430 4 2 1 1 637 635 636 1826
4431 4 2 1 1 484 482 1020 1797
4432 4 2 1 1 1527 1814 1640 1838
4433 4 2 1 1 323 1767 1595 1970
4434 4 2 1 1 1537 1779 1586 1943
4435 4 2 1 1 853 1252 1241 1603
4436 4 2 1 1 1694 1741 248 1910
4437 4 2 1 1 305 328 303 1725
4438 4 2 1 1 254 255 253 1773
4439 4 2 1 1 1485 1534 1856 1937
4440 4 2 1 1 907 1651 136 1740
4441 4 2 1 1 1163 1625 1800 1924
4442 4 2 1 1 876 1566 539 1808
4443 4 2 1 1 1068 1821 1571 1850
4444 4 2 1 1 936 109 937 1678
4445 4 2 1 1 662 663 661 1879
4446 4 2 1 1 1445 1571 1733 1821
4447 4 2 1 1 665 774 1662 1932
4448 4 2 1 1 1540 1758 1446 1959
4449 4 2 1 1 1443 1598 1578 1905
4450 4 2 1 1 1390 1777 1503 1799
4451 4 2 1 1 1648 1769 1537 1779
4452 4 2 1 1 1505 1852 1579 1869
4453 4 2 1 1 1437 1641 1579 1881
4454 4 2 1 1 1262 951 112 1914
4455 4 2 1 1 1481 1510 1832 1922
4456 4 2 1 1 1529 1678 1453 1717
4457 4 2 1 1 1025 290 1559 1834
4458 4 2 1 1 549 522 520 1787
4459 4 2 1 1 1513 1676 1499 1925
4460 4 2 1 1 974 975 1774 1946
4461 4 2 1 1 1434 1583 1698 1926
4462 4 2 1 1 1537 1436 1690 1769
4463 4 2 1 1 1121 580 444 1817
4464 4 2 1 1 677 675 676 1550
4465 4 2 1 1 717 1574 716 1938
4466 4 2 1 1 603 781 764 1726
4467 4 2 1 1 1483 1820 1612 1930
4468 4 2 1 1 1293 1297 1088 1598
4469 4 2 1 1 1433 1564 1635 1961
4470 4 2 1 1 1442 1700 1650 1896
4471 4 2 1 1 413 1552 412 1972
4472 4 2 1 1 1620 1641 1437 1745
4473 4 2 1 1 1360 1503 173 1863
4474 4 2 1 1 1507 1694 1668 1899
4475 4 2 1 1 336 273 1029 1763
4476 4 2 1 1 1092 1781 1637 1878
4477 4 2 1 1 1488 1661 1650 1966
4478 4 2 1 1 135 800 801 1926
4479 4 2 1 1 1252 1535 1835 1860
4480 4 2 1 1 323 1595 1148 1970
4481 4 2 1 1 1102 1620 1104 1917
4482 4 2 1 1 1345 1347 1651 1844
4483 4 2 1 1 1542 1690 1436 1769
4484 4 2 1 1 702 1705 1226 1941
4485 4 2 1 1 1439 1645 1550 1963
4486 4 2 1 1 709 711 1311 1543
4487 4 2 1 1 395 848 1712 1853
4488 4 2 1 1 955 1144 107 1793
4489 4 2 1 1 1559 1639 1441 1827
4490 4 2 1 1 1505 1947 1654 1981
4491 4 2 1 1 1444 1713 1506 1911
4492 4 2 1 1 456 1657 823 1731
4493 4 2 1 1 1538 1840 1584 1942
4494 4 2 1 1 1446 1663 1543 1959
4495 4 2 1 1 266 265 264 1764
4496 4 2 1 1 1162 1770 1170 1812
4497 4 2 1 1 847 1734 1156 1756
4498 4 2 1 1 1443 1512 1743 1888
4499 4 2 1 1 493 491 492 1638
4500 4 2 1 1 1487 1650 1661 1966
4501 4 2 1 1 639 1629 637 1804
4502 4 2 1 1 1551 1677 1482 1900
4503 4 2 1 1 1429 1677 1551 1900
4504 4 2 1 1 1558 1625 1431 1955
4505 4 2 1 1 482 481 480 1613
4506 4 2 1 1 1483 1663 1543 1818
4507 4 2 1 1 1544 1762 1439 1963
4508 4 2 1 1 1522 1591 1775 1930
4509 4 2 1 1 1442 1650 1594 1896
4510 4 2 1 1 19 169 1685 1944
4511 4 2 1 1 1618 1644 1448 1909
4512 4 2 1 1 933 111 932 1673
4513 4 2 1 1 1513 1708 1572 1941
4514 4 2 1 1 886 28 887 1738
4515 4 2 1 1 1350 529 531 1648
4516 4 2 1 1 1556 1707 1446 1843
4517 4 2 1 1 1498 1548 1723 1888
4518 4 2 1 1 570 923 922 1702
4519 4 2 1 1 1562 1749 1435 1876
4520 4 2 1 1 651 1749 1562 1971
4521 4 2 1 1 1505 1475 1947 1981
4522 4 2 1 1 1488 1887 1661 1966
4523 4 2 1 1 1600 1753 1449 1889
4524 4 2 1 1 1567 1622 1466 1900
4525 4 2 1 1 1699 1907 1451 1912
4526 4 2 1 1 1490 1693 1518 1952
4527 4 2 1 1 1528 1435 1749 1876
4528 4 2 1 1 1668 1694 1531 1899
4529 4 2 1 1 356 1086 228 1757
4530 4 2 1 1 1431 1791 1558 1955
4531 4 2 1 1 728 727 726 1560
4532 4 2 1 1 547 409 1558 1924
4533 4 2 1 1 713 1556 752 1843
4534 4 2 1 1 868 869 158 1557
4535 4 2 1 1 1365 1561 1383 1915
4536 4 2 1 1 639 869 640 1557
4537 4 2 1 1 1317 1842 1664 1891
4538 4 2 1 1 625 1582 813 1830
4539 4 2 1 1 1280 1596 1082 1814
4540 4 2 1 1 1629 1804 1557 1958
4541 4 2 1 1 1469 1557 1804 1958
4542 4 2 1 1 323 1148 1767 1970
4543 4 2 1 1 452 600 450 1548
4544 4 2 1 1 727 1560 1934 1962
4545 4 2 1 1 906 905 31 1836
4546 4 2 1 1 1146 1145 624 1551
4547 4 2 1 1 950 124 980 1778
4548 4 2 1 1 1531 1627 1444 1899
4549 4 2 1 1 1604 1618 1497 1932
4550 4 2 1 1 1456 1606 1568 1875
4551 4 2 1 1 1434 1698 1602 1926
4552 4 2 1 1 1446 1628 1524 1968
4553 4 2 1 1 136 907 906 1651
4554 4 2 1 1 1469 1804 1629 1958
4555 4 2 1 1 1618 1448 1662 1909
4556 4 2 1 1 329 301 912 1864
4557 4 2 1 1 1534 1655 1434 1937
4558 4 2 1 1 532 531 530 1769
4559 4 2 1 1 870 1553 871 1901
4560 4 2 1 1 781 1411 1412 1789
4561 4 2 1 1 1388 1389 1385 1532
4562 4 2 1 1 1357 819 1369 1545
4563 4 2 1 1 1657 1731 1504 1952
4564 4 2 1 1 202 201 203 1835
4565 4 2 1 1 964 1284 109 1709
4566 4 2 1 1 1158 136 921 1740
4567 4 2 1 1 1429 1622 1567 1900
4568 4 2 1 1 1605 1728 1445 1850
4569 4 2 1 1 408 409 1791 1862
4570 4 2 1 1 1654 1947 1475 1981
4571 4 2 1 1 148 818 817 1737
4572 4 2 1 1 1210 1707 1084 1866
4573 4 2 1 1 947 1257 1262 1612
4574 4 2 1 1 1448 1585 1661 1813
4575 4 2 1 1 1090 356 226 1757
4576 4 2 1 1 327 1622 325 1859
4577 4 2 1 1 1593 1688 1432 1964
4578 4 2 1 1 1422 1407 1426 1669
4579 4 2 1 1 803 1366 794 1825
4580 4 2 1 1 579 575 1597 1931
4581 4 2 1 1 1545 1777 1561 1915
4582 4 2 1 1 1543 1457 1775 1945
4583 4 2 1 1 805 170 1322 1532
4584 4 2 1 1 1524 1658 1446 1968
4585 4 2 1 1 1456 1772 1655 1895
4586 4 2 1 1 1481 1832 1601 1922
4587 4 2 1 1 167 1662 774 1932
4588 4 2 1 1 1444 1668 1570 1721
4589 4 2 1 1 1444 1570 1668 1713
4590 4 2 1 1 126 52 1665 1892
4591 4 2 1 1 1121 1670 798 1817
4592 4 2 1 1 823 1731 1657 1951
4593 4 2 1 1 1472 1730 1547 1879
4594 4 2 1 1 375 885 304 1890
4595 4 2 1 1 1456 1875 1772 1895
4596 4 2 1 1 615 1324 963 1880
4597 4 2 1 1 1069 1265 339 1728
4598 4 2 1 1 897 432 571 1641
4599 4 2 1 1 1456 1770 1535 1812
4600 4 2 1 1 1559 1703 1455 1834
4601 4 2 1 1 379 391 380 1701
4602 4 2 1 1 202 1606 201 1835
4603 4 2 1 1 1434 1794 1580 1953
4604 4 2 1 1 740 1266 1051 1519
4605 4 2 1 1 963 962 128 1880
4606 4 2 1 1 1294 823 1657 1951
4607 4 2 1 1 1311 1543 711 1843
4608 4 2 1 1 874 1583 896 1805
4609 4 2 1 1 1250 1661 997 1813
4610 4 2 1 1 1501 1480 1848 1967
4611 4 2 1 1 879 1131 547 1558
4612 4 2 1 1 1586 1779 1844 1943
4613 4 2 1 1 1434 1655 1575 1937
4614 4 2 1 1 903 902 551 1809
4615 4 2 1 1 206 1117 210 1794
4616 4 2 1 1 1317 748 1842 1891
4617 4 2 1 1 325 1134 872 1977
4618 4 2 1 1 529 1779 593 1844
4619 4 2 1 1 802 790 791 1746
4620 4 2 1 1 1455 1697 1795 1971
4621 4 2 1 1 1464 1648 1630 1958
4622 4 2 1 1 1630 1648 1436 1958
4623 4 2 1 1 1449 1726 1600 1889
4624 4 2 1 1 267 1617 1716 1913
4625 4 2 1 1 1604 1739 1488 1954
4626 4 2 1 1 1318 614 489 1611
4627 4 2 1 1 741 381 1120 1655
4628 4 2 1 1 230 231 229 1960
4629 4 2 1 1 1496 1671 1525 1928
4630 4 2 1 1 968 1663 64 1818
4631 4 2 1 1 1100 413 411 1552
4632 4 2 1 1 1083 238 1607 1978
4633 4 2 1 1 551 1742 901 1897
4634 4 2 1 1 1049 1055 167 1662
4635 4 2 1 1 1462 1848 1573 1865
4636 4 2 1 1 1128 545 1145 1796
4637 4 2 1 1 1442 1679 1601 1689
4638 4 2 1 1 913 1187 1186 1864
4639 4 2 1 1 1578 1722 1443 1905
4640 4 2 1 1 463 582 1758 1820
4641 4 2 1 1 1503 1734 847 1756
4642 4 2 1 1 1499 1673 1513 1925
4643 4 2 1 1 613 1309 944 1747
4644 4 2 1 1 1430 1656 1592 1855
4645 4 2 1 1 771 845 631 1533
4646 4 2 1 1 1457 1775 1591 1930
4647 4 2 1 1 1014 1650 1255 1896
4648 4 2 1 1 556 1700 1037 1896
4649 4 2 1 1 353 1107 216 1792
4650 4 2 1 1 1436 1630 1629 1936
4651 4 2 1 1 366 1223 1231 1913
4652 4 2 1 1 642 772 869 1831
4653 4 2 1 1 1088 229 231 1801
4654 4 2 1 1 617 1331 959 1704
4655 4 2 1 1 1455 1703 1559 1884
4656 4 2 1 1 1441 1681 1555 1884
4657 4 2 1 1 341 253 1073 1570
4658 4 2 1 1 639 640 637 1629
4659 4 2 1 1 1558 1625 1462 1849
4660 4 2 1 1 435 578 1620 1981
4661 4 2 1 1 1646 1955 1501 1967
4662 4 2 1 1 1453 1717 1764 1913
4663 4 2 1 1 497 1326 495 1762
4664 4 2 1 1 1455 1555 1697 1884
4665 4 2 1 1 1230 692 1235 1720
4666 4 2 1 1 1201 706 1591 1775
4667 4 2 1 1 547 409 1924 1972
4668 4 2 1 1 1453 1764 1716 1913
4669 4 2 1 1 1559 1703 1514 1884
4670 4 2 1 1 260 259 258 1605
4671 4 2 1 1 1421 1166 1405 1789
4672 4 2 1 1 259 1605 260 1850
4673 4 2 1 1 249 250 251 1668
4674 4 2 1 1 686 1733 685 1929
4675 4 2 1 1 1435 1742 1549 1876
4676 4 2 1 1 1595 1908 1588 1918
4677 4 2 1 1 657 655 1212 1834
4678 4 2 1 1 1253 1736 558 1870
4679 4 2 1 1 1444 1713 1647 1940
4680 4 2 1 1 1345 593 1347 1844
4681 4 2 1 1 752 713 935 1556
4682 4 2 1 1 289 332 287 1827
4683 4 2 1 1 475 473 474 1647
4684 4 2 1 1 871 870 772 1553
4685 4 2 1 1 886 27 28 1854
4686 4 2 1 1 1584 1840 1787 1942
4687 4 2 1 1 163 921 34 1621
4688 4 2 1 1 1503 1777 1532 1799
4689 4 2 1 1 236 237 1607 1978
4690 4 2 1 1 35 1621 941 1749
4691 4 2 1 1 125 1619 53 1892
4692 4 2 1 1 1444 1668 1531 1899
4693 4 2 1 1 1145 1143 1796 1867
4694 4 2 1 1 1574 1631 1463 1866
4695 4 2 1 1 151 1161 1829 1863
4696 4 2 1 1 825 1561 826 1754
4697 4 2 1 1 397 1162 1170 1812
4698 4 2 1 1 180 1656 744 1845
4699 4 2 1 1 624 545 587 1614
4700 4 2 1 1 283 281 282 1887
4701 4 2 1 1 410 408 409 1791
4702 4 2 1 1 1430 1624 1573 1806
4703 4 2 1 1 1414 1413 1789 1811
4704 4 2 1 1 519 1002 1652 1787
4705 4 2 1 1 1253 1260 558 1736
4706 4 2 1 1 1434 1602 1698 1803
4707 4 2 1 1 1453 1529 1717 1913
4708 4 2 1 1 758 1626 760 1921
4709 4 2 1 1 1392 1391 1402 1561
4710 4 2 1 1 289 1827 1559 1885
4711 4 2 1 1 493 1324 1638 1762
4712 4 2 1 1 1590 1603 1433 1860
4713 4 2 1 1 609 471 1304 1610
4714 4 2 1 1 672 1219 674 1788
4715 4 2 1 1 336 1763 1031 1782
4716 4 2 1 1 276 368 1739 1916
4717 4 2 1 1 1530 1454 1735 1871
4718 4 2 1 1 917 1750 514 1893
4719 4 2 1 1 815 1089 814 1615
4720 4 2 1 1 20 788 21 1685
4721 4 2 1 1 1429 1567 1597 1900
4722 4 2 1 1 1457 1540 1760 1959
4723 4 2 1 1 400 399 390 1771
4724 4 2 1 1 819 1357 148 1545
4725 4 2 1 1 792 759 793 1626
4726 4 2 1 1 416 1635 1127 1815
4727 4 2 1 1 1391 1561 1777 1915
4728 4 2 1 1 765 604 1726 1889
4729 4 2 1 1 277 275 276 1739
4730 4 2 1 1 1594 1916 1589 1922
4731 4 2 1 1 1457 1760 1540 1768
4732 4 2 1 1 727 1934 785 1962
4733 4 2 1 1 1031 336 1030 1763
4734 4 2 1 1 1463 1524 1658 1858
4735 4 2 1 1 153 806 20 1765
4736 4 2 1 1 653 651 652 1971
4737 4 2 1 1 781 1412 1337 1789
4738 4 2 1 1 348 1299 1752 1824
4739 4 2 1 1 511 1632 512 1893
4740 4 2 1 1 865 1148 1595 1970
4741 4 2 1 1 1066 1764 1717 1913
4742 4 2 1 1 465 467 608 1816
4743 4 2 1 1 262 1764 263 1850
4744 4 2 1 1 1044 703 1708 1941
4745 4 2 1 1 1447 1725 1586 1943
4746 4 2 1 1 643 644 1687 1828
4747 4 2 1 1 307 1690 881 1783
4748 4 2 1 1 419 408 1791 1862
4749 4 2 1 1 1664 1860 1535 1894
4750 4 2 1 1 1533 1478 1854 1918
4751 4 2 1 1 643 1687 1183 1828
4752 4 2 1 1 475 1647 474 1940
4753 4 2 1 1 765 797 604 1889
4754 4 2 1 1 1521 1597 1567 1900
4755 4 2 1 1 1068 260 1821 1850
4756 4 2 1 1 1600 1753 1476 1974
4757 4 2 1 1 243 1082 241 1833
4758 4 2 1 1 485 484 1642 1797
4759 4 2 1 1 559 1035 1674 1837
4760 4 2 1 1 841 1102 1104 1917
4761 4 2 1 1 282 1644 370 1810
4762 4 2 1 1 1538 1460 1840 1942
4763 4 2 1 1 392 828 1701 1920
4764 4 2 1 1 771 633 1192 1554
4765 4 2 1 1 1319 1759 796 1891
4766 4 2 1 1 1463 1658 1524 1968
4767 4 2 1 1 410 1791 409 1972
4768 4 2 1 1 756 624 587 1861
4769 4 2 1 1 1452 1675 1527 1925
4770 4 2 1 1 380 1701 828 1920
4771 4 2 1 1 934 970 155 1743
4772 4 2 1 1 1593 1808 621 1964
4773 4 2 1 1 354 218 1792 1878
4774 4 2 1 1 903 1203 902 1809
4775 4 2 1 1 756 1346 1349 1861
4776 4 2 1 1 907 1651 1740 1923
4777 4 2 1 1 1061 1644 282 1887
4778 4 2 1 1 879 1558 409 1862
4779 4 2 1 1 1088 231 346 1598
4780 4 2 1 1 565 1675 999 1838
4781 4 2 1 1 274 273 272 1916
4782 4 2 1 1 1131 1558 879 1849
4783 4 2 1 1 427 1803 1114 1856
4784 4 2 1 1 1453 1674 1526 1928
4785 4 2 1 1 565 1000 999 1675
4786 4 2 1 1 679 742 677 1709
4787 4 2 1 1 559 1026 1035 1837
4788 4 2 1 1 1452 1694 1531 1910
4789 4 2 1 1 1446 1707 1556 1968
4790 4 2 1 1 868 640 869 1557
4791 4 2 1 1 1358 819 1294 1657
4792 4 2 1 1 630 1160 632 1785
4793 4 2 1 1 1703 1784 1455 1834
4794 4 2 1 1 1306 1592 87 1855
4795 4 2 1 1 485 1642 486 1957
4796 4 2 1 1 1355 1593 1354 1964
4797 4 2 1 1 1455 1795 1562 1971
4798 4 2 1 1 961 46 1819 1927
4799 4 2 1 1 1163 1625 1126 1800
4800 4 2 1 1 1192 1554 635 1936
4801 4 2 1 1 1391 1777 1545 1915
4802 4 2 1 1 284 283 282 1810
4803 4 2 1 1 1025 290 288 1559
4804 4 2 1 1 556 500 1037 1700
4805 4 2 1 1 1000 1675 565 1838
4806 4 2 1 1 1344 1765 1659 1921
4807 4 2 1 1 84 160 1706 1746
4808 4 2 1 1 627 753 762 1734
4809 4 2 1 1 1455 1514 1703 1884
4810 4 2 1 1 1457 1760 1607 1959
4811 4 2 1 1 1163 1800 1101 1924
4812 4 2 1 1 1434 1686 1583 1805
4813 4 2 1 1 1582 1692 1504 1952
4814 4 2 1 1 1522 1775 1457 1930
4815 4 2 1 1 1152 605 1157 1722
4816 4 2 1 1 1465 1560 1878 1947
4817 4 2 1 1 635 1554 1826 1936
4818 4 2 1 1 1593 1854 1478 1918
4819 4 2 1 1 248 247 246 1741
4820 4 2 1 1 766 1660 616 1817
4821 4 2 1 1 866 867 640 1936
4822 4 2 1 1 989 1774 567 1946
4823 4 2 1 1 1248 1355 757 1964
4824 4 2 1 1 1585 1813 1448 1950
4825 4 2 1 1 709 1775 708 1945
4826 4 2 1 1 1085 1282 1760 1768
4827 4 2 1 1 513 511 512 1893
4828 4 2 1 1 1521 1482 1841 1900
4829 4 2 1 1 697 1627 695 1857
4830 4 2 1 1 271 1041 269 1782
4831 4 2 1 1 1575 1655 1456 1937
4832 4 2 1 1 558 1736 1260 1870
4833 4 2 1 1 605 1174 950 1874
4834 4 2 1 1 1573 1624 1462 1865
4835 4 2 1 1 130 1079 1311 1818
4836 4 2 1 1 1596 1919 1591 1930
4837 4 2 1 1 501 499 500 1700
4838 4 2 1 1 544 894 754 1659
4839 4 2 1 1 652 650 1207 1562
4840 4 2 1 1 1097 1755 1247 1933
4841 4 2 1 1 1257 608 1262 1612
4842 4 2 1 1 201 199 198 1949
4843 4 2 1 1 727 726 1560 1962
4844 4 2 1 1 424 625 813 1830
4845 4 2 1 1 1276 900 1636 1802
4846 4 2 1 1 1168 1761 1489 1944
4847 4 2 1 1 1131 547 1558 1924
4848 4 2 1 1 411 1100 1552 1924
4849 4 2 1 1 1513 1452 1705 1925
4850 4 2 1 1 47 965 1645 1819
4851 4 2 1 1 291 925 289 1885
4852 4 2 1 1 1470 1828 1599 1976
4853 4 2 1 1 1076 246 244 1741
4854 4 2 1 1 1003 1713 563 1940
4855 4 2 1 1 1475 1654 1695 1947
4856 4 2 1 1 360 244 242 1833
4857 4 2 1 1 1509 1767 1595 1918
4858 4 2 1 1 1463 1631 1598 1960
4859 4 2 1 1 939 1619 125 1892
4860 4 2 1 1 1475 1505 1852 1981
4861 4 2 1 1 346 1598 231 1960
4862 4 2 1 1 780 799 748 1842
4863 4 2 1 1 663 1662 1055 1879
4864 4 2 1 1 395 1616 1142 1853
4865 4 2 1 1 930 72 71 1904
4866 4 2 1 1 864 862 861 1767
4867 4 2 1 1 1171 1748 636 1826
4868 4 2 1 1 1475 1695 1560 1947
4869 4 2 1 1 871 772 644 1553
4870 4 2 1 1 45 1689 1052 1927
4871 4 2 1 1 1466 1667 1566 1867
4872 4 2 1 1 1459 1544 1763 1782
4873 4 2 1 1 1605 1907 1699 1912
4874 4 2 1 1 1608 1785 1554 1826
4875 4 2 1 1 1455 1697 1555 1795
4876 4 2 1 1 628 629 1682 1956
4877 4 2 1 1 324 881 307 1690
4878 4 2 1 1 892 893 1240 1584
4879 4 2 1 1 1443 1743 1565 1888
4880 4 2 1 1 1436 1748 1629 1958
4881 4 2 1 1 416 1815 415 1961
4882 4 2 1 1 1459 1544 1782 1963
4883 4 2 1 1 291 1703 925 1885
4884 4 2 1 1 883 1586 1182 1864
4885 4 2 1 1 131 966 965 1819
4886 4 2 1 1 342 249 1075 1694
4887 4 2 1 1 185 183 184 1806
4888 4 2 1 1 485 1797 1642 1957
4889 4 2 1 1 1080 115 928 1934
4890 4 2 1 1 395 848 1179 1712
4891 4 2 1 1 1461 1539 1776 1953
4892 4 2 1 1 418 878 416 1961
4893 4 2 1 1 207 1606 1249 1933
4894 4 2 1 1 25 26 1355 1688
4895 4 2 1 1 312 310 377 1908
4896 4 2 1 1 1552 1666 1431 1979
4897 4 2 1 1 416 1635 1815 1961
4898 4 2 1 1 1433 1664 1535 1935
4899 4 2 1 1 775 22 147 1670
4900 4 2 1 1 1085 1285 1282 1768
4901 4 2 1 1 259 257 258 1907
4902 4 2 1 1 207 1249 1606 1875
4903 4 2 1 1 1465 1680 1579 1869
4904 4 2 1 1 309 1608 308 1846
4905 4 2 1 1 1705 1741 1572 1925
4906 4 2 1 1 288 1559 289 1827
4907 4 2 1 1 1114 1803 1602 1856
4908 4 2 1 1 1392 1383 1396 1561
4909 4 2 1 1 118 866 1630 1936
4910 4 2 1 1 413 411 1552 1972
4911 4 2 1 1 666 1618 665 1909
4912 4 2 1 1 1242 1120 351 1580
4913 4 2 1 1 1590 1759 1433 1872
4914 4 2 1 1 1223 682 680 1717
4915 4 2 1 1 37 994 38 1697
4916 4 2 1 1 493 1638 492 1870
4917 4 2 1 1 310 308 1608 1846
4918 4 2 1 1 796 1635 878 1891
4919 4 2 1 1 1484 1536 1727 1975
4920 4 2 1 1 717 1743 1574 1938
4921 4 2 1 1 1583 1434 1805 1926
4922 4 2 1 1 1510 1763 1594 1922
4923 4 2 1 1 621 1125 537 1808
4924 4 2 1 1 183 182 184 1806
4925 4 2 1 1 1458 1595 1767 1918
4926 4 2 1 1 353 1643 1188 1792
4927 4 2 1 1 515 516 517 1750
4928 4 2 1 1 1229 1236 362 1721
4929 4 2 1 1 417 562 1568 1961
4930 4 2 1 1 1484 1871 1536 1975
4931 4 2 1 1 1454 1536 1871 1975
4932 4 2 1 1 1787 1840 1460 1942
4933 4 2 1 1 856 1289 750 1894
4934 4 2 1 1 1575 1770 1456 1812
4935 4 2 1 1 1528 1749 1562 1876
4936 4 2 1 1 1188 730 1189 1792
4937 4 2 1 1 1249 1606 1875 1933
4938 4 2 1 1 1096 1119 562 1933
4939 4 2 1 1 1448 1662 1576 1780
4940 4 2 1 1 1669 1761 1489 1811
4941 4 2 1 1 333 996 283 1585
4942 4 2 1 1 1173 1182 883 1586
4943 4 2 1 1 461 463 582 1758
4944 4 2 1 1 828 392 445 1920
4945 4 2 1 1 1375 1626 792 1825
4946 4 2 1 1 223 222 224 1906
4947 4 2 1 1 1554 1738 1478 1965
4948 4 2 1 1 808 1659 1344 1765
4949 4 2 1 1 1541 1467 1786 1950
4950 4 2 1 1 515 592 513 1750
4951 4 2 1 1 41 956 955 1576
4952 4 2 1 1 328 881 882 1783
4953 4 2 1 1 986 1244 1238 1714
4954 4 2 1 1 142 1730 773 1879
4955 4 2 1 1 1482 1900 1677 1931
4956 4 2 1 1 1269 1021 1022 1715
4957 4 2 1 1 1517 1721 1570 1773
4958 4 2 1 1 1511 1768 1596 1930
4959 4 2 1 1 174 805 1322 1532
4960 4 2 1 1 607 1682 843 1841
4961 4 2 1 1 1503 1734 1450 1829
4962 4 2 1 1 493 1762 1638 1870
4963 4 2 1 1 519 521 1002 1787
4964 4 2 1 1 817 1615 815 1951
4965 4 2 1 1 419 408 1112 1791
4966 4 2 1 1 969 931 114 1724
4967 4 2 1 1 1558 1849 1581 1862
4968 4 2 1 1 71 1563 1008 1823
4969 4 2 1 1 821 776 146 1855
4970 4 2 1 1 284 282 370 1810
4971 4 2 1 1 573 911 910 1579
4972 4 2 1 1 400 1504 1771 1903
4973 4 2 1 1 211 210 212 1794
4974 4 2 1 1 38 994 1204 1681
4975 4 2 1 1 1459 1594 1763 1922
4976 4 2 1 1 737 896 735 1882
4977 4 2 1 1 1438 1695 1654 1947
4978 4 2 1 1 69 68 155 1565
4979 4 2 1 1 876 539 538 1808
4980 4 2 1 1 920 1752 1299 1824
4981 4 2 1 1 74 1691 981 1917
4982 4 2 1 1 1225 1571 1068 1821
4983 4 2 1 1 237 1760 1607 1978
4984 4 2 1 1 1064 274 272 1916
4985 4 2 1 1 1512 1454 1724 1888
4986 4 2 1 1 1557 1464 1836 1958
4987 4 2 1 1 958 1330 959 1679
4988 4 2 1 1 1562 1784 1455 1876
4989 4 2 1 1 252 250 362 1721
4990 4 2 1 1 1470 1729 1649 1942
4991 4 2 1 1 1108 1588 1153 1847
4992 4 2 1 1 1464 1844 1779 1943
4993 4 2 1 1 75 981 74 1691
4994 4 2 1 1 813 1830 1582 1903
4995 4 2 1 1 380 392 828 1701
4996 4 2 1 1 758 760 541 1921
4997 4 2 1 1 642 639 641 1804
4998 4 2 1 1 69 1010 68 1565
4999 4 2 1 1 363 1699 256 1773
5000 4 2 1 1 1101 1800 1098 1924
5001 4 2 1 1 312 1846 310 1908
5002 4 2 1 1 1165 1159 877 1769
5003 4 2 1 1 1128 1145 1143 1796
5004 4 2 1 1 989 567 974 1946
5005 4 2 1 1 637 1629 638 1804
5006 4 2 1 1 1537 1464 1779 1943
5007 4 2 1 1 697 1298 695 1627
5008 4 2 1 1 1519 1481 1819 1927
5009 4 2 1 1 1138 1666 778 1791
5010 4 2 1 1 490 491 489 1611
5011 4 2 1 1 176 89 152 1693
5012 4 2 1 1 1294 823 456 1657
5013 4 2 1 1 1319 796 795 1891
5014 4 2 1 1 206 205 1117 1575
5015 4 2 1 1 858 1592 86 1967
5016 4 2 1 1 1462 1848 1501 1955
5017 4 2 1 1 1501 1848 1480 1955
5018 4 2 1 1 1250 997 1251 1813
5019 4 2 1 1 290 289 288 1559
5020 4 2 1 1 878 1635 416 1961
5021 4 2 1 1 1560 1695 1438 1947
5022 4 2 1 1 712 1210 714 1707
5023 4 2 1 1 419 1830 407 1862
5024 4 2 1 1 411 1924 1552 1972
5025 4 2 1 1 665 1055 663 1662
5026 4 2 1 1 1457 1596 1768 1930
5027 4 2 1 1 1061 282 280 1887
5028 4 2 1 1 1011 1010 1012 1939
5029 4 2 1 1 448 1735 581 1822
5030 4 2 1 1 326 327 325 1859
5031 4 2 1 1 1433 1603 1590 1872
5032 4 2 1 1 894 1659 541 1921
5033 4 2 1 1 1692 1734 1450 1952
5034 4 2 1 1 1504 1692 1582 1903
5035 4 2 1 1 635 1192 633 1554
5036 4 2 1 1 1464 1651 1844 1943
5037 4 2 1 1 236 1607 238 1978
5038 4 2 1 1 1248 25 1355 1688
5039 4 2 1 1 447 580 1660 1817
5040 4 2 1 1 1598 1858 1524 1905
5041 4 2 1 1 1560 1695 1475 1934
5042 4 2 1 1 1356 622 1146 1790
5043 4 2 1 1 256 363 1071 1699
5044 4 2 1 1 1354 1593 621 1964
5045 4 2 1 1 1484 1536 1871 1906
5046 4 2 1 1 226 227 225 1757
5047 4 2 1 1 1522 1483 1818 1914
5048 4 2 1 1 237 345 235 1760
5049 4 2 1 1 1519 1819 1051 1927
5050 4 2 1 1 744 1656 857 1845
5051 4 2 1 1 352 1776 212 1794
5052 4 2 1 1 379 320 318 1567
5053 4 2 1 1 1513 1705 1572 1925
5054 4 2 1 1 667 665 666 1618
5055 4 2 1 1 1089 1615 818 1737
5056 4 2 1 1 261 259 260 1850
5057 4 2 1 1 448 581 441 1822
5058 4 2 1 1 25 842 26 1688
5059 4 2 1 1 1081 1729 299 1807
5060 4 2 1 1 29 118 866 1630
5061 4 2 1 1 726 1781 1560 1962
5062 4 2 1 1 1503 1756 847 1799
5063 4 2 1 1 1015 1029 335 1594
5064 4 2 1 1 1101 1098 1100 1924
5065 4 2 1 1 319 318 1567 1977
5066 4 2 1 1 1009 1008 1122 1823
5067 4 2 1 1 708 709 707 1775
5068 4 2 1 1 473 471 472 1610
5069 4 2 1 1 118 1738 1192 1936
5070 4 2 1 1 479 481 1309 1613
5071 4 2 1 1 1003 1018 563 1713
5072 4 2 1 1 672 673 671 1868
5073 4 2 1 1 1068 262 260 1850
5074 4 2 1 1 1463 1524 1858 1905
5075 4 2 1 1 1459 1782 1609 1963
5076 4 2 1 1 180 744 1135 1845
5077 4 2 1 1 1451 1515 1699 1912
5078 4 2 1 1 710 709 708 1945
5079 4 2 1 1 1317 80 1664 1842
5080 4 2 1 1 1592 1848 1480 1967
5081 4 2 1 1 879 547 409 1558
5082 4 2 1 1 677 966 675 1550
5083 4 2 1 1 1092 1637 1781 1906
5084 4 2 1 1 415 1815 1564 1961
5085 4 2 1 1 570 918 924 1702
5086 4 2 1 1 1375 760 758 1626
5087 4 2 1 1 1135 1573 1845 1969
5088 4 2 1 1 145 826 825 1561
5089 4 2 1 1 171 1425 1409 1839
5090 4 2 1 1 358 1083 236 1607
5091 4 2 1 1 685 745 683 1929
5092 4 2 1 1 1163 1126 1176 1800
5093 4 2 1 1 519 1787 1652 1897
5094 4 2 1 1 329 913 1186 1864
5095 4 2 1 1 1148 323 865 1595
5096 4 2 1 1 1048 1587 1047 1886
5097 4 2 1 1 1488 1618 1604 1954
5098 4 2 1 1 1605 1821 260 1850
5099 4 2 1 1 376 875 308 1608
5100 4 2 1 1 1058 60 59 1673
5101 4 2 1 1 257 1699 258 1907
5102 4 2 1 1 524 1684 525 1840
5103 4 2 1 1 270 1065 367 1609
5104 4 2 1 1 1084 1210 358 1707
5105 4 2 1 1 764 765 604 1726
5106 4 2 1 1 393 544 545 1614
5107 4 2 1 1 1522 1818 1045 1914
5108 4 2 1 1 301 300 1633 1807
5109 4 2 1 1 1549 1742 1486 1876
5110 4 2 1 1 1456 1655 1575 1895
5111 4 2 1 1 1196 1628 459 1758
5112 4 2 1 1 594 796 878 1891
5113 4 2 1 1 1097 1209 1247 1755
5114 4 2 1 1 1050 659 658 1730
5115 4 2 1 1 1682 1841 628 1956
5116 4 2 1 1 930 1695 72 1904
5117 4 2 1 1 1296 1301 916 1623
5118 4 2 1 1 493 494 1762 1870
5119 4 2 1 1 1565 1722 1548 1939
5120 4 2 1 1 390 190 1133 1771
5121 4 2 1 1 207 199 202 1606
5122 4 2 1 1 732 733 731 1719
5123 4 2 1 1 1319 795 1759 1891
5124 4 2 1 1 1474 1759 1590 1872
5125 4 2 1 1 1400 145 1365 1915
5126 4 2 1 1 956 42 157 1780
5127 4 2 1 1 382 326 321 1577
5128 4 2 1 1 246 245 244 1741
5129 4 2 1 1 584 1573 1135 1969
5130 4 2 1 1 1043 1045 62 1914
5131 4 2 1 1 404 1830 813 1903
5132 4 2 1 1 649 654 1243 1749
5133 4 2 1 1 767 575 620 1931
5134 4 2 1 1 636 638 637 1629
5135 4 2 1 1 1518 1450 1734 1952
5136 4 2 1 1 1280 344 1082 1596
5137 4 2 1 1 173 1503 847 1799
5138 4 2 1 1 360 1202 1076 1572
5139 4 2 1 1 1068 1225 365 1571
5140 4 2 1 1 136 906 32 1740
5141 4 2 1 1 611 381 741 1655
5142 4 2 1 1 1107 354 218 1792
5143 4 2 1 1 218 354 220 1878
5144 4 2 1 1 1655 1772 1456 1937
5145 4 2 1 1 1534 1772 1655 1937
5146 4 2 1 1 1418 1516 1811 1825
5147 4 2 1 1 1254 1255 556 1896
5148 4 2 1 1 30 134 1630 1836
5149 4 2 1 1 327 385 1622 1859
5150 4 2 1 1 921 1740 33 1901
5151 4 2 1 1 1154 864 597 1767
5152 4 2 1 1 125 939 940 1619
5153 4 2 1 1 608 1262 1612 1816
5154 4 2 1 1 1281 1278 1001 1814
5155 4 2 1 1 967 113 66 1778
5156 4 2 1 1 1097 1119 1096 1933
5157 4 2 1 1 233 1658 1087 1858
5158 4 2 1 1 826 827 1325 1754
5159 4 2 1 1 1606 1812 1456 1935
5160 4 2 1 1 1597 1841 1482 1900
5161 4 2 1 1 708 707 706 1775
5162 4 2 1 1 1276 899 900 1802
5163 4 2 1 1 1119 1263 562 1933
5164 4 2 1 1 449 442 572 1723
5165 4 2 1 1 956 1334 955 1576
5166 4 2 1 1 1566 1790 622 1964
5167 4 2 1 1 1283 1111 1290 1881
5168 4 2 1 1 1501 1706 1646 1967
5169 4 2 1 1 1496 1837 1642 1957
5170 4 2 1 1 454 1578 455 1874
5171 4 2 1 1 1314 585 1040 1957
5172 4 2 1 1 1452 1741 1705 1925
5173 4 2 1 1 420 1139 1138 1666
5174 4 2 1 1 415 555 1096 1564
5175 4 2 1 1 670 1217 1604 1954
5176 4 2 1 1 205 1575 206 1895
5177 4 2 1 1 524 525 523 1840
5178 4 2 1 1 525 1684 526 1844
5179 4 2 1 1 236 238 237 1978
5180 4 2 1 1 148 1386 1397 1737
5181 4 2 1 1 1136 395 191 1616
5182 4 2 1 1 686 684 1225 1929
5183 4 2 1 1 1087 1287 1286 1858
5184 4 2 1 1 182 1135 584 1573
5185 4 2 1 1 1546 1461 1719 1882
5186 4 2 1 1 207 1606 1123 1875
5187 4 2 1 1 184 1573 584 1865
5188 4 2 1 1 1276 1242 899 1802
5189 4 2 1 1 115 880 75 1691
5190 4 2 1 1 676 675 674 1788
5191 4 2 1 1 1454 1512 1724 1975
5192 4 2 1 1 907 1740 136 1923
5193 4 2 1 1 610 1875 208 1895
5194 4 2 1 1 1525 1733 1571 1929
5195 4 2 1 1 1254 1014 1255 1896
5196 4 2 1 1 825 812 1161 1561
5197 4 2 1 1 1521 1841 1597 1900
5198 4 2 1 1 883 912 1725 1864
5199 4 2 1 1 299 1081 297 1729
5200 4 2 1 1 989 974 1774 1946
5201 4 2 1 1 1314 1040 1039 1665
5202 4 2 1 1 1093 984 1654 1822
5203 4 2 1 1 623 1566 876 1867
5204 4 2 1 1 1469 1783 1537 1958
5205 4 2 1 1 311 1846 312 1908
5206 4 2 1 1 1605 1699 1515 1912
5207 4 2 1 1 1306 743 786 1967
5208 4 2 1 1 295 297 330 1729
5209 4 2 1 1 382 1577 829 1920
5210 4 2 1 1 658 659 656 1555
5211 4 2 1 1 1580 1636 1434 1953
5212 4 2 1 1 248 1741 246 1910
5213 4 2 1 1 623 622 539 1566
5214 4 2 1 1 1731 1806 1490 1951
5215 4 2 1 1 755 874 896 1805
5216 4 2 1 1 1466 1622 1567 1977
5217 4 2 1 1 1008 1007 1122 1563
5218 4 2 1 1 1243 116 871 1901
5219 4 2 1 1 1472 1879 1662 1909
5220 4 2 1 1 1142 835 1853 1969
5221 4 2 1 1 173 1321 1398 1799
5222 4 2 1 1 813 625 810 1582
5223 4 2 1 1 42 43 157 1780
5224 4 2 1 1 201 198 1241 1835
5225 4 2 1 1 1256 1030 1259 1763
5226 4 2 1 1 767 775 1670 1931
5227 4 2 1 1 315 322 865 1696
5228 4 2 1 1 323 1767 861 1846
5229 4 2 1 1 844 1192 118 1738
5230 4 2 1 1 1008 71 1007 1563
5231 4 2 1 1 63 1818 946 1914
5232 4 2 1 1 312 311 310 1846
5233 4 2 1 1 455 454 453 1578
5234 4 2 1 1 1296 349 1301 1623
5235 4 2 1 1 1374 18 1422 1669
5236 4 2 1 1 1468 1712 1520 1979
5237 4 2 1 1 518 519 517 1897
5238 4 2 1 1 911 1288 1579 1881
5239 4 2 1 1 1458 1767 1509 1918
5240 4 2 1 1 521 523 619 1787
5241 4 2 1 1 156 60 61 1676
5242 4 2 1 1 216 1107 218 1792
5243 4 2 1 1 1407 18 1372 1669
5244 4 2 1 1 1092 1781 1193 1906
5245 4 2 1 1 1458 1908 1595 1918
5246 4 2 1 1 670 1604 668 1954
5247 4 2 1 1 910 1579 1288 1869
5248 4 2 1 1 1222 666 1618 1954
5249 4 2 1 1 1047 1587 746 1886
5250 4 2 1 1 1043 1044 751 1708
5251 4 2 1 1 1664 1894 1535 1935
5252 4 2 1 1 1363 148 1397 1737
5253 4 2 1 1 1136 1616 191 1865
5254 4 2 1 1 310 309 308 1846
5255 4 2 1 1 1458 1588 1908 1918
5256 4 2 1 1 579 620 575 1931
5257 4 2 1 1 348 1300 1299 1824
5258 4 2 1 1 428 427 426 1803
5259 4 2 1 1 592 1019 1339 1744
5260 4 2 1 1 1106 1271 1275 1772
5261 4 2 1 1 1031 1736 1041 1782
5262 4 2 1 1 67 113 934 1683
5263 4 2 1 1 737 755 896 1805
5264 4 2 1 1 1459 1916 1594 1922
5265 4 2 1 1 577 1307 1109 1698
5266 4 2 1 1 632 634 633 1785
5267 4 2 1 1 1459 1589 1916 1922
5268 4 2 1 1 701 747 699 1653
5269 4 2 1 1 1484 1752 1530 1824
5270 4 2 1 1 992 988 1285 1768
5271 4 2 1 1 459 1758 1628 1946
5272 4 2 1 1 1108 1160 1153 1588
5273 4 2 1 1 1194 1727 1090 1906
5274 4 2 1 1 652 651 650 1562
5275 4 2 1 1 1485 1842 1664 1935
5276 4 2 1 1 858 87 86 1592
5277 4 2 1 1 82 133 81 1759
5278 4 2 1 1 600 452 1152 1722
5279 4 2 1 1 1185 848 833 1853
5280 4 2 1 1 789 120 777 1646
5281 4 2 1 1 207 202 1123 1606
5282 4 2 1 1 526 524 548 1684
5283 4 2 1 1 731 1080 729 1569
5284 4 2 1 1 1459 1763 1510 1922
5285 4 2 1 1 634 1785 1164 1826
5286 4 2 1 1 1176 200 1209 1800
5287 4 2 1 1 868 158 31 1836
5288 4 2 1 1 246 1076 361 1741
5289 4 2 1 1 1457 1768 1511 1930
5290 4 2 1 1 395 1142 848 1853
5291 4 2 1 1 1018 1713 1272 1877
5292 4 2 1 1 207 1755 1606 1933
5293 4 2 1 1 922 455 453 1578
5294 4 2 1 1 555 1097 1096 1564
5295 4 2 1 1 1629 1630 1436 1958
5296 4 2 1 1 668 1618 666 1954
5297 4 2 1 1 382 321 829 1577
5298 4 2 1 1 491 1318 489 1611
5299 4 2 1 1 1272 1018 1277 1713
5300 4 2 1 1 600 1011 1012 1939
5301 4 2 1 1 716 1574 715 1866
5302 4 2 1 1 1214 1201 359 1775
5303 4 2 1 1 849 1664 80 1894
5304 4 2 1 1 1211 925 1703 1885
5305 4 2 1 1 1556 1707 1463 1968
5306 4 2 1 1 1406 1413 1418 1516
5307 4 2 1 1 24 1248 123 1790
5308 4 2 1 1 714 1707 1210 1866
5309 4 2 1 1 375 1178 885 1890
5310 4 2 1 1 1512 1727 1724 1975
5311 4 2 1 1 874 77 1583 1926
5312 4 2 1 1 1048 746 1047 1587
5313 4 2 1 1 202 203 204 1812
5314 4 2 1 1 1052 143 1053 1689
5315 4 2 1 1 182 584 184 1573
5316 4 2 1 1 294 293 292 1784
5317 4 2 1 1 652 1195 655 1795
5318 4 2 1 1 50 936 51 1671
5319 4 2 1 1 276 368 1062 1739
5320 4 2 1 1 519 520 1787 1897
5321 4 2 1 1 349 1623 1296 1869
5322 4 2 1 1 109 1284 937 1678
5323 4 2 1 1 524 891 548 1840
5324 4 2 1 1 493 615 491 1638
5325 4 2 1 1 108 44 45 1689
5326 4 2 1 1 1009 1823 1735 1939
5327 4 2 1 1 671 1604 670 1868
5328 4 2 1 1 874 1805 873 1926
5329 4 2 1 1 539 1566 622 1964
5330 4 2 1 1 1448 1644 1585 1950
5331 4 2 1 1 1583 1805 874 1926
5332 4 2 1 1 404 813 406 1903
5333 4 2 1 1 1306 87 146 1855
5334 4 2 1 1 481 483 1312 1797
5335 4 2 1 1 615 493 1324 1638
5336 4 2 1 1 486 1642 560 1837
5337 4 2 1 1 310 308 875 1608
5338 4 2 1 1 1457 1591 1919 1930
5339 4 2 1 1 1140 598 387 1867
5340 4 2 1 1 818 815 817 1615
5341 4 2 1 1 1219 672 1224 1589
5342 4 2 1 1 416 414 415 1815
5343 4 2 1 1 701 1705 702 1941
5344 4 2 1 1 519 520 521 1787
5345 4 2 1 1 1454 1823 1565 1939
5346 4 2 1 1 1523 1907 1605 1912
5347 4 2 1 1 612 475 1308 1647
5348 4 2 1 1 770 629 845 1682
5349 4 2 1 1 173 1384 1169 1863
5350 4 2 1 1 990 468 1640 1838
5351 4 2 1 1 327 384 385 1859
5352 4 2 1 1 1457 1919 1596 1930
5353 4 2 1 1 615 491 1638 1980
5354 4 2 1 1 1331 1333 957 1704
5355 4 2 1 1 551 902 901 1742
5356 4 2 1 1 91 846 1756 1799
5357 4 2 1 1 1378 1425 171 1839
5358 4 2 1 1 368 1219 1224 1589
5359 4 2 1 1 236 1083 238 1607
5360 4 2 1 1 320 319 318 1567
5361 4 2 1 1 1160 630 1153 1588
5362 4 2 1 1 655 1795 1195 1834
5363 4 2 1 1 1475 1691 1569 1934
5364 4 2 1 1 353 1188 1107 1792
5365 4 2 1 1 1201 1220 1077 1591
5366 4 2 1 1 367 272 270 1609
5367 4 2 1 1 1318 1611 491 1980
5368 4 2 1 1 865 323 313 1595
5369 4 2 1 1 719 1743 717 1938
5370 4 2 1 1 1300 920 1299 1824
5371 4 2 1 1 264 365 1066 1764
5372 4 2 1 1 335 1029 275 1594
5373 4 2 1 1 771 162 845 1533
5374 4 2 1 1 815 814 398 1951
5375 4 2 1 1 1059 166 50 1671
5376 4 2 1 1 19 806 175 1765
5377 4 2 1 1 413 414 412 1815
5378 4 2 1 1 627 626 753 1734
5379 4 2 1 1 1114 1602 780 1856
5380 4 2 1 1 1201 706 1220 1591
5381 4 2 1 1 671 669 1604 1868
5382 4 2 1 1 20 806 19 1765
5383 4 2 1 1 1364 603 601 1726
5384 4 2 1 1 763 812 1692 1829
5385 4 2 1 1 1612 1820 1511 1930
5386 4 2 1 1 1607 1760 1457 1978
5387 4 2 1 1 5 1384 1399 1169
5388 4 2 1 1 415 1564 1096 1961
5389 4 2 1 1 1455 1703 1549 1784
5390 4 2 1 1 117 896 1583 1882
5391 4 2 1 1 753 847 1360 1734
5392 4 2 1 1 1222 668 666 1954
5393 4 2 1 1 1532 1756 1503 1799
5394 4 2 1 1 1153 1588 630 1956
5395 4 2 1 1 243 241 242 1833
5396 4 2 1 1 1136 1142 395 1616
5397 4 2 1 1 1450 1734 1692 1829
5398 4 2 1 1 1812 1875 1456 1895
5399 4 2 1 1 639 637 638 1804
5400 4 2 1 1 1327 1375 149 1839
5401 4 2 1 1 1393 1737 1545 1777
5402 4 2 1 1 820 1731 816 1951
5403 4 2 1 1 820 823 816 1731
5404 4 2 1 1 460 1758 459 1946
5405 4 2 1 1 718 717 716 1938
5406 4 2 1 1 1080 729 1569 1934
5407 4 2 1 1 1695 1934 1560 1962
5408 4 2 1 1 57 159 56 1672
5409 4 2 1 1 344 241 1082 1596
5410 4 2 1 1 1313 746 1048 1587
5411 4 2 1 1 1307 800 1109 1698
5412 4 2 1 1 512 1632 986 1893
5413 4 2 1 1 1536 1484 1727 1906
5414 4 2 1 1 1194 1090 355 1906
5415 4 2 1 1 1030 1015 1259 1763
5416 4 2 1 1 754 1344 808 1659
5417 4 2 1 1 1620 1852 1505 1981
5418 4 2 1 1 1517 1773 1570 1911
5419 4 2 1 1 473 1304 471 1610
5420 4 2 1 1 1139 789 778 1666
5421 4 2 1 1 1090 1206 356 1727
5422 4 2 1 1 829 380 828 1920
5423 4 2 1 1 193 395 1179 1712
5424 4 2 1 1 1469 1943 1557 1958
5425 4 2 1 1 1557 1943 1464 1958
5426 4 2 1 1 160 830 84 1706
5427 4 2 1 1 1453 1526 1764 1928
5428 4 2 1 1 1483 1758 1540 1959
5429 4 2 1 1 152 88 857 1855
5430 4 2 1 1 456 823 389 1731
5431 4 2 1 1 941 116 1243 1901
5432 4 2 1 1 730 731 729 1569
5433 4 2 1 1 1601 1832 1510 1922
5434 4 2 1 1 1465 1505 1852 1947
5435 4 2 1 1 1475 1852 1505 1947
5436 4 2 1 1 657 658 656 1555
5437 4 2 1 1 136 1740 1158 1923
5438 4 2 1 1 1684 1840 1460 1923
5439 4 2 1 1 1597 1841 579 1931
5440 4 2 1 1 227 1757 228 1801
5441 4 2 1 1 1285 1280 992 1768
5442 4 2 1 1 432 434 433 1641
5443 4 2 1 1 1191 1193 1092 1781
5444 4 2 1 1 1130 383 326 1859
5445 4 2 1 1 1602 1856 1534 1937
5446 4 2 1 1 580 616 1660 1817
5447 4 2 1 1 1310 972 1308 1711
5448 4 2 1 1 1784 1795 1455 1834
5449 4 2 1 1 45 1052 1051 1927
5450 4 2 1 1 168 847 1156 1756
5451 4 2 1 1 1454 1888 1512 1975
5452 4 2 1 1 619 523 1343 1923
5453 4 2 1 1 1120 211 351 1580
5454 4 2 1 1 1281 1280 1082 1814
5455 4 2 1 1 84 830 85 1706
5456 4 2 1 1 434 1641 897 1873
5457 4 2 1 1 1163 1176 1101 1800
5458 4 2 1 1 1151 872 1134 1977
5459 4 2 1 1 1226 1705 1234 1910
5460 4 2 1 1 1229 696 1236 1857
5461 4 2 1 1 972 159 971 1672
5462 4 2 1 1 1520 1746 1474 1979
5463 4 2 1 1 1153 1847 1588 1956
5464 4 2 1 1 892 549 893 1584
5465 4 2 1 1 1087 233 235 1658
5466 4 2 1 1 1374 1410 1359 1761
5467 4 2 1 1 649 651 654 1749
5468 4 2 1 1 1142 1616 1136 1969
5469 4 2 1 1 1524 1628 1874 1968
5470 4 2 1 1 549 891 522 1840
5471 4 2 1 1 780 1114 800 1602
5472 4 2 1 1 1299 1099 348 1752
5473 4 2 1 1 907 1345 1651 1923
5474 4 2 1 1 671 669 670 1604
5475 4 2 1 1 205 1175 1117 1575
5476 4 2 1 1 324 309 861 1846
5477 4 2 1 1 643 641 1180 1687
5478 4 2 1 1 525 526 527 1844
5479 4 2 1 1 1142 1853 1616 1969
5480 4 2 1 1 1150 760 1839 1921
5481 4 2 1 1 1388 1390 1389 1777
5482 4 2 1 1 1248 757 1790 1964
5483 4 2 1 1 346 1858 1598 1960
5484 4 2 1 1 1630 1836 1464 1958
5485 4 2 1 1 1480 1791 1646 1955
5486 4 2 1 1 323 861 311 1846
5487 4 2 1 1 547 411 409 1972
5488 4 2 1 1 1145 623 1143 1867
5489 4 2 1 1 589 1112 778 1791
5490 4 2 1 1 1456 1812 1606 1875
5491 4 2 1 1 1343 523 525 1923
5492 4 2 1 1 227 228 229 1801
5493 4 2 1 1 623 539 876 1566
5494 4 2 1 1 769 19 1669 1944
5495 4 2 1 1 81 1317 80 1664
5496 4 2 1 1 1042 1041 1031 1736
5497 4 2 1 1 1060 1320 166 1980
5498 4 2 1 1 692 691 1720 1886
5499 4 2 1 1 1039 126 52 1665
5500 4 2 1 1 1173 884 1182 1586
5501 4 2 1 1 911 1288 910 1579
5502 4 2 1 1 1293 1088 346 1598
5503 4 2 1 1 333 979 996 1585
5504 4 2 1 1 47 961 46 1819
5505 4 2 1 1 616 766 768 1944
5506 4 2 1 1 293 331 291 1703
5507 4 2 1 1 912 328 883 1725
5508 4 2 1 1 1087 235 345 1658
5509 4 2 1 1 1170 749 1175 1770
5510 4 2 1 1 73 72 154 1695
5511 4 2 1 1 1404 1825 1416 1839
5512 4 2 1 1 643 644 642 1687
5513 4 2 1 1 1075 251 341 1668
5514 4 2 1 1 705 704 1708 1941
5515 4 2 1 1 941 1621 34 1901
5516 4 2 1 1 264 262 365 1764
5517 4 2 1 1 1452 1527 1741 1925
5518 4 2 1 1 1092 1637 220 1878
5519 4 2 1 1 968 64 130 1818
5520 4 2 1 1 1391 1561 1392 1777
5521 4 2 1 1 1208 1631 1086 1938
5522 4 2 1 1 927 1714 332 1885
5523 4 2 1 1 467 469 1291 1816
5524 4 2 1 1 952 1291 1303 1816
5525 4 2 1 1 1555 1834 1559 1884
5526 4 2 1 1 1069 339 261 1850
5527 4 2 1 1 150 1166 1421 1789
5528 4 2 1 1 485 483 484 1797
5529 4 2 1 1 387 385 386 1796
5530 4 2 1 1 1423 794 1366 1825
5531 4 2 1 1 1528 1876 1562 1971
5532 4 2 1 1 1344 1659 894 1921
5533 4 2 1 1 1169 1360 173 1863
5534 4 2 1 1 123 1346 23 1677
5535 4 2 1 1 719 717 718 1938
5536 4 2 1 1 1014 998 1255 1650
5537 4 2 1 1 131 1266 966 1819
5538 4 2 1 1 670 668 1217 1954
5539 4 2 1 1 1583 1686 1461 1882
5540 4 2 1 1 1463 1858 1598 1905
5541 4 2 1 1 269 337 267 1617
5542 4 2 1 1 460 461 459 1758
5543 4 2 1 1 1269 1070 1270 1907
5544 4 2 1 1 687 939 685 1733
5545 4 2 1 1 816 1731 823 1951
5546 4 2 1 1 1579 1852 1465 1869
5547 4 2 1 1 938 745 939 1892
5548 4 2 1 1 964 965 742 1709
5549 4 2 1 1 1131 1163 1101 1924
5550 4 2 1 1 516 514 917 1750
5551 4 2 1 1 1556 1463 1707 1866
5552 4 2 1 1 1418 1811 1416 1825
5553 4 2 1 1 1535 1770 1491 1894
5554 4 2 1 1 1082 243 343 1833
5555 4 2 1 1 303 912 301 1725
5556 4 2 1 1 475 612 473 1647
5557 4 2 1 1 720 719 718 1938
5558 4 2 1 1 929 1695 1904 1962
5559 4 2 1 1 1057 141 1298 1627
5560 4 2 1 1 249 251 1075 1668
5561 4 2 1 1 779 1766 164 1886
5562 4 2 1 1 716 717 715 1574
5563 4 2 1 1 128 1645 48 1880
5564 4 2 1 1 175 1372 18 1669
5565 4 2 1 1 416 1127 414 1815
5566 4 2 1 1 38 39 953 1681
5567 4 2 1 1 1595 1847 1588 1908
5568 4 2 1 1 125 53 52 1892
5569 4 2 1 1 1360 847 173 1503
5570 4 2 1 1 324 863 881 1690
5571 4 2 1 1 1057 747 1056 1653
5572 4 2 1 1 840 841 137 1745
5573 4 2 1 1 1003 1004 1018 1713
5574 4 2 1 1 47 131 965 1819
5575 4 2 1 1 164 1048 1047 1886
5576 4 2 1 1 1063 617 1330 1679
5577 4 2 1 1 902 1203 1239 1742
5578 4 2 1 1 926 1714 927 1885
5579 4 2 1 1 790 84 120 1746
5580 4 2 1 1 414 420 412 1815
5581 4 2 1 1 302 1633 889 1890
5582 4 2 1 1 1555 1455 1834 1884
5583 4 2 1 1 1313 53 125 1619
5584 4 2 1 1 1376 1761 1168 1944
5585 4 2 1 1 1286 976 1293 1858
5586 4 2 1 1 973 35 941 1749
5587 4 2 1 1 1519 1689 1601 1927
5588 4 2 1 1 1025 372 290 1834
5589 4 2 1 1 1002 521 619 1787
5590 4 2 1 1 122 858 86 1967
5591 4 2 1 1 754 894 1344 1659
5592 4 2 1 1 717 782 715 1574
5593 4 2 1 1 1365 145 1561 1915
5594 4 2 1 1 268 269 267 1617
5595 4 2 1 1 1138 1666 1791 1972
5596 4 2 1 1 1530 1752 1484 1871
5597 4 2 1 1 1204 142 39 1681
5598 4 2 1 1 1475 1852 1620 1981
5599 4 2 1 1 770 843 607 1682
5600 4 2 1 1 1197 1828 374 1976
5601 4 2 1 1 120 1646 85 1967
5602 4 2 1 1 838 858 122 1845
5603 4 2 1 1 1454 1548 1735 1939
5604 4 2 1 1 440 441 439 1718
5605 4 2 1 1 1477 1874 1628 1968
5606 4 2 1 1 879 409 405 1862
5607 4 2 1 1 1196 1628 1758 1948
5608 4 2 1 1 571 899 898 1802
5609 4 2 1 1 678 679 677 1751
5610 4 2 1 1 1588 1847 1108 1908
5611 4 2 1 1 1524 1874 1578 1905
5612 4 2 1 1 1053 1052 1689 1868
5613 4 2 1 1 1067 338 265 1716
5614 4 2 1 1 427 1114 425 1856
5615 4 2 1 1 792 758 759 1626
5616 4 2 1 1 1520 1872 1468 1979
5617 4 2 1 1 1474 1872 1520 1979
5618 4 2 1 1 1330 617 959 1679
5619 4 2 1 1 346 1293 1598 1858
5620 4 2 1 1 1524 1874 1628 1946
5621 4 2 1 1 160 831 830 1706
5622 4 2 1 1 702 701 700 1705
5623 4 2 1 1 996 334 281 1887
5624 4 2 1 1 165 1011 1157 1722
5625 4 2 1 1 1524 1905 1463 1968
5626 4 2 1 1 1054 1780 167 1932
5627 4 2 1 1 686 685 684 1929
5628 4 2 1 1 1481 1762 1544 1963
5629 4 2 1 1 479 480 481 1613
5630 4 2 1 1 267 1716 266 1913
5631 4 2 1 1 1527 1741 1572 1833
5632 4 2 1 1 59 932 111 1673
5633 4 2 1 1 1081 329 1186 1807
5634 4 2 1 1 591 509 1332 1793
5635 4 2 1 1 1178 638 1171 1804
5636 4 2 1 1 245 343 243 1833
5637 4 2 1 1 523 1787 522 1840
5638 4 2 1 1 786 1646 120 1967
5639 4 2 1 1 691 1047 746 1886
5640 4 2 1 1 1575 1812 1456 1895
5641 4 2 1 1 413 412 411 1972
5642 4 2 1 1 169 766 1685 1944
5643 4 2 1 1 1171 1172 1748 1826
5644 4 2 1 1 1226 700 1234 1705
5645 4 2 1 1 81 80 849 1664
5646 4 2 1 1 1469 1748 1629 1804
5647 4 2 1 1 851 836 119 1590
5648 4 2 1 1 481 482 483 1797
5649 4 2 1 1 926 927 332 1885
5650 4 2 1 1 268 267 266 1913
5651 4 2 1 1 1098 1176 1209 1800
5652 4 2 1 1 870 33 1740 1901
5653 4 2 1 1 1636 1802 1471 1953
5654 4 2 1 1 462 461 460 1758
5655 4 2 1 1 862 863 324 1690
5656 4 2 1 1 1014 1013 998 1650
5657 4 2 1 1 142 1050 773 1730
5658 4 2 1 1 858 744 857 1845
5659 4 2 1 1 1247 1755 207 1933
5660 4 2 1 1 1138 778 1112 1791
5661 4 2 1 1 793 1753 804 1889
5662 4 2 1 1 899 1283 898 1802
5663 4 2 1 1 584 1865 1573 1969
5664 4 2 1 1 1251 1245 1006 1813
5665 4 2 1 1 1572 1741 1527 1925
5666 4 2 1 1 446 579 575 1597
5667 4 2 1 1 240 359 1919 1978
5668 4 2 1 1 1460 1553 1740 1901
5669 4 2 1 1 994 993 659 1697
5670 4 2 1 1 667 774 665 1932
5671 4 2 1 1 493 494 495 1762
5672 4 2 1 1 496 495 494 1762
5673 4 2 1 1 273 336 271 1782
5674 4 2 1 1 1514 1703 1559 1885
5675 4 2 1 1 521 522 523 1787
5676 4 2 1 1 1176 1126 200 1800
5677 4 2 1 1 628 1682 607 1841
5678 4 2 1 1 396 853 1241 1603
5679 4 2 1 1 1539 1471 1802 1953
5680 4 2 1 1 1124 199 207 1755
5681 4 2 1 1 1332 1732 954 1793
5682 4 2 1 1 997 1250 998 1661
5683 4 2 1 1 346 233 1858 1960
5684 4 2 1 1 1184 732 1188 1643
5685 4 2 1 1 654 1749 651 1971
5686 4 2 1 1 1386 1545 1393 1737
5687 4 2 1 1 167 42 41 1780
5688 4 2 1 1 1572 1705 1513 1941
5689 4 2 1 1 530 531 529 1779
5690 4 2 1 1 1277 1018 1004 1713
5691 4 2 1 1 1533 1854 1593 1918
5692 4 2 1 1 1113 353 214 1776
5693 4 2 1 1 117 874 77 1583
5694 4 2 1 1 668 667 666 1618
5695 4 2 1 1 809 384 383 1859
5696 4 2 1 1 866 30 1630 1836
5697 4 2 1 1 929 1695 930 1904
5698 4 2 1 1 1559 1834 1455 1884
5699 4 2 1 1 476 474 1003 1940
5700 4 2 1 1 1664 1842 80 1894
5701 4 2 1 1 32 870 1740 1831
5702 4 2 1 1 22 1677 1346 1861
5703 4 2 1 1 1383 1561 1402 1915
5704 4 2 1 1 29 887 28 1738
5705 4 2 1 1 1472 1541 1810 1950
5706 4 2 1 1 775 23 1677 1931
5707 4 2 1 1 645 805 177 1693
5708 4 2 1 1 1092 222 1637 1906
5709 4 2 1 1 417 1096 562 1961
5710 4 2 1 1 31 158 32 1831
5711 4 2 1 1 117 896 874 1583
5712 4 2 1 1 447 580 616 1660
5713 4 2 1 1 811 763 812 1692
5714 4 2 1 1 1549 1455 1784 1876
5715 4 2 1 1 354 1792 1189 1878
5716 4 2 1 1 1464 1943 1537 1958
5717 4 2 1 1 1537 1943 1469 1958
5718 4 2 1 1 1418 1516 1413 1811
5719 4 2 1 1 553 1244 986 1786
5720 4 2 1 1 119 836 82 1590
5721 4 2 1 1 316 1696 315 1847
5722 4 2 1 1 319 325 872 1977
5723 4 2 1 1 1458 1846 1767 1908
5724 4 2 1 1 304 302 375 1890
5725 4 2 1 1 536 534 854 1798
5726 4 2 1 1 189 185 187 1624
5727 4 2 1 1 669 1258 667 1932
5728 4 2 1 1 1085 1768 1760 1978
5729 4 2 1 1 553 1006 1245 1786
5730 4 2 1 1 1121 767 798 1670
5731 4 2 1 1 1005 1000 1279 1675
5732 4 2 1 1 1594 1739 1589 1916
5733 4 2 1 1 824 550 860 1754
5734 4 2 1 1 703 1302 701 1941
5735 4 2 1 1 1552 1800 1468 1979
5736 4 2 1 1 758 792 1375 1626
5737 4 2 1 1 287 285 286 1827
5738 4 2 1 1 949 948 124 1948
5739 4 2 1 1 514 1750 513 1893
5740 4 2 1 1 895 880 787 1719
5741 4 2 1 1 1095 1295 1300 1824
5742 4 2 1 1 1548 1454 1888 1939
5743 4 2 1 1 1638 1880 615 1980
5744 4 2 1 1 587 545 544 1614
5745 4 2 1 1 1028 1265 1027 1728
5746 4 2 1 1 177 645 1693 1973
5747 4 2 1 1 1343 525 1345 1923
5748 4 2 1 1 820 816 398 1951
5749 4 2 1 1 1420 96 149 1327
5750 4 2 1 1 373 1190 890 1649
5751 4 2 1 1 1061 1216 370 1644
5752 4 2 1 1 1035 1261 1034 1674
5753 4 2 1 1 1191 1189 728 1878
5754 4 2 1 1 1099 1299 1301 1752
5755 4 2 1 1 1477 1778 1556 1968
5756 4 2 1 1 997 998 334 1661
5757 4 2 1 1 485 483 1797 1957
5758 4 2 1 1 837 830 831 1706
5759 4 2 1 1 705 1708 703 1941
5760 4 2 1 1 616 768 1168 1944
5761 4 2 1 1 207 1123 1249 1875
5762 4 2 1 1 1149 1667 596 1970
5763 4 2 1 1 1581 1830 1480 1862
5764 4 2 1 1 1525 1571 1928 1929
5765 4 2 1 1 1107 1189 354 1792
5766 4 2 1 1 398 181 183 1806
5767 4 2 1 1 1571 1764 1526 1928
5768 4 2 1 1 1565 1888 1454 1939
5769 4 2 1 1 327 1134 325 1622
5770 4 2 1 1 820 398 183 1806
5771 4 2 1 1 670 669 668 1604
5772 4 2 1 1 1419 1405 104 1166
5773 4 2 1 1 323 1148 864 1767
5774 4 2 1 1 843 579 1841 1931
5775 4 2 1 1 1602 1803 1534 1856
5776 4 2 1 1 1397 1380 1363 1737
5777 4 2 1 1 692 693 691 1886
5778 4 2 1 1 1026 486 560 1837
5779 4 2 1 1 378 1108 1153 1847
5780 4 2 1 1 483 585 1312 1797
5781 4 2 1 1 1580 1802 1636 1953
5782 4 2 1 1 286 285 284 1810
5783 4 2 1 1 1225 1068 1233 1821
5784 4 2 1 1 990 565 468 1838
5785 4 2 1 1 20 19 169 1685
5786 4 2 1 1 1585 1810 1541 1950
5787 4 2 1 1 30 905 134 1836
5788 4 2 1 1 1210 712 1200 1707
5789 4 2 1 1 1472 1810 1644 1950
5790 4 2 1 1 319 317 318 1977
5791 4 2 1 1 683 937 681 1678
5792 4 2 1 1 195 192 1126 1625
5793 4 2 1 1 643 642 641 1687
5794 4 2 1 1 588 743 822 1710
5795 4 2 1 1 993 1795 1697 1971
5796 4 2 1 1 528 1779 527 1844
5797 4 2 1 1 1524 1774 1658 1858
5798 4 2 1 1 529 527 1779 1844
5799 4 2 1 1 407 419 424 1830
5800 4 2 1 1 877 1159 543 1769
5801 4 2 1 1 416 878 1127 1635
5802 4 2 1 1 1030 1029 1015 1763
5803 4 2 1 1 606 628 1841 1956
5804 4 2 1 1 358 1210 1200 1707
5805 4 2 1 1 1133 1118 1137 1849
5806 4 2 1 1 67 68 165 1683
5807 4 2 1 1 221 220 222 1637
5808 4 2 1 1 911 1290 1288 1881
5809 4 2 1 1 352 1113 212 1776
5810 4 2 1 1 529 527 528 1779
5811 4 2 1 1 1414 1415 1413 1811
5812 4 2 1 1 1664 1842 1485 1891
5813 4 2 1 1 1174 1628 1196 1948
5814 4 2 1 1 1644 1810 1585 1950
5815 4 2 1 1 890 1649 1190 1976
5816 4 2 1 1 780 800 135 1602
5817 4 2 1 1 4 173 1398 1384
5818 4 2 1 1 302 301 300 1633
5819 4 2 1 1 30 134 29 1630
5820 4 2 1 1 167 1055 774 1662
5821 4 2 1 1 1392 1402 1383 1561
5822 4 2 1 1 204 1812 205 1895
5823 4 2 1 1 578 1104 1620 1981
5824 4 2 1 1 230 1631 357 1960
5825 4 2 1 1 842 25 121 1688
5826 4 2 1 1 1196 1758 582 1948
5827 4 2 1 1 1195 1784 372 1834
5828 4 2 1 1 22 775 23 1677
5829 4 2 1 1 1295 919 1300 1824
5830 4 2 1 1 264 263 262 1764
5831 4 2 1 1 788 1685 766 1817
5832 4 2 1 1 512 510 986 1632
5833 4 2 1 1 520 901 549 1897
5834 4 2 1 1 539 1808 1566 1964
5835 4 2 1 1 649 1243 647 1599
5836 4 2 1 1 846 847 1756 1799
5837 4 2 1 1 1594 1763 1510 1896
5838 4 2 1 1 1143 387 1796 1867
5839 4 2 1 1 1086 1208 357 1631
5840 4 2 1 1 900 428 568 1636
5841 4 2 1 1 525 527 1345 1844
5842 4 2 1 1 809 759 540 1753
5843 4 2 1 1 952 156 951 1676
5844 4 2 1 1 1479 1701 1577 1920
5845 4 2 1 1 224 355 1090 1906
5846 4 2 1 1 579 1597 446 1841
5847 4 2 1 1 196 193 1179 1712
5848 4 2 1 1 551 901 518 1897
5849 4 2 1 1 1335 1357 1369 1915
5850 4 2 1 1 599 822 776 1710
5851 4 2 1 1 1138 1791 410 1972
5852 4 2 1 1 723 931 721 1724
5853 4 2 1 1 476 475 474 1940
5854 4 2 1 1 1616 1865 1136 1969
5855 4 2 1 1 347 1088 1297 1801
5856 4 2 1 1 1539 1802 1580 1953
5857 4 2 1 1 33 921 136 1740
5858 4 2 1 1 1201 708 706 1775
5859 4 2 1 1 799 135 79 1842
5860 4 2 1 1 208 206 209 1895
5861 4 2 1 1 1092 1193 355 1906
5862 4 2 1 1 888 1648 1351 1883
5863 4 2 1 1 130 1045 1079 1818
5864 4 2 1 1 138 983 984 1654
5865 4 2 1 1 515 513 514 1750
5866 4 2 1 1 486 485 484 1642
5867 4 2 1 1 1332 1336 954 1732
5868 4 2 1 1 240 238 359 1978
5869 4 2 1 1 172 1166 1168 1761
5870 4 2 1 1 705 703 704 1941
5871 4 2 1 1 1285 344 1280 1768
5872 4 2 1 1 727 785 929 1962
5873 4 2 1 1 91 846 90 1756
5874 4 2 1 1 649 647 648 1599
5875 4 2 1 1 413 415 414 1815
5876 4 2 1 1 784 114 931 1904
5877 4 2 1 1 1123 208 1875 1895
5878 4 2 1 1 151 1161 1367 1829
5879 4 2 1 1 618 1340 1019 1744
5880 4 2 1 1 286 284 1036 1810
5881 4 2 1 1 602 601 603 1726
5882 4 2 1 1 626 1156 753 1734
5883 4 2 1 1 547 1924 411 1972
5884 4 2 1 1 1081 1240 330 1729
5885 4 2 1 1 246 247 245 1741
5886 4 2 1 1 870 871 116 1901
5887 4 2 1 1 793 804 1129 1889
5888 4 2 1 1 1458 1767 1595 1908
5889 4 2 1 1 301 299 300 1807
5890 4 2 1 1 400 1771 402 1903
5891 4 2 1 1 1631 1801 1598 1960
5892 4 2 1 1 186 191 188 1865
5893 4 2 1 1 494 493 492 1870
5894 4 2 1 1 75 74 115 1691
5895 4 2 1 1 1307 801 800 1698
5896 4 2 1 1 763 810 627 1692
5897 4 2 1 1 468 467 466 1640
5898 4 2 1 1 1155 903 917 1809
5899 4 2 1 1 1089 818 1132 1737
5900 4 2 1 1 552 917 514 1893
5901 4 2 1 1 984 1103 1093 1654
5902 4 2 1 1 1213 660 1215 1639
5903 4 2 1 1 131 1051 1266 1819
5904 4 2 1 1 1393 1388 1737 1777
5905 4 2 1 1 1459 1763 1594 1916
5906 4 2 1 1 1589 1788 1459 1916
5907 4 2 1 1 762 1360 1169 1863
5908 4 2 1 1 1273 1715 1022 1877
5909 4 2 1 1 400 401 402 1771
5910 4 2 1 1 734 735 733 1882
5911 4 2 1 1 888 1350 1351 1648
5912 4 2 1 1 1482 1597 1900 1931
5913 4 2 1 1 744 178 857 1656
5914 4 2 1 1 27 162 844 1854
5915 4 2 1 1 1555 1455 1795 1834
5916 4 2 1 1 155 970 783 1743
5917 4 2 1 1 1473 1839 1626 1921
5918 4 2 1 1 432 897 434 1641
5919 4 2 1 1 285 283 284 1810
5920 4 2 1 1 493 495 1324 1762
5921 4 2 1 1 1321 173 847 1799
5922 4 2 1 1 1057 1298 697 1627
5923 4 2 1 1 387 1128 1143 1796
5924 4 2 1 1 34 941 35 1621
5925 4 2 1 1 1588 1785 1458 1908
5926 4 2 1 1 1637 1781 1560 1878
5927 4 2 1 1 1187 913 1182 1864
5928 4 2 1 1 569 974 458 1946
5929 4 2 1 1 1193 1194 355 1906
5930 4 2 1 1 180 178 1656 1973
5931 4 2 1 1 1353 132 886 1854
5932 4 2 1 1 551 917 903 1809
5933 4 2 1 1 529 593 527 1844
5934 4 2 1 1 199 1755 1124 1949
5935 4 2 1 1 1299 915 1301 1752
5936 4 2 1 1 839 801 1307 1698
5937 4 2 1 1 1535 1456 1812 1935
5938 4 2 1 1 1400 1383 1402 1915
5939 4 2 1 1 1196 459 461 1758
5940 4 2 1 1 665 774 1055 1662
5941 4 2 1 1 574 440 438 1718
5942 4 2 1 1 1221 1231 678 1751
5943 4 2 1 1 163 34 35 1621
5944 4 2 1 1 1501 1848 1592 1967
5945 4 2 1 1 681 937 1284 1678
5946 4 2 1 1 502 501 500 1700
5947 4 2 1 1 1059 50 51 1671
5948 4 2 1 1 920 915 1299 1752
5949 4 2 1 1 1104 1917 1620 1981
5950 4 2 1 1 152 177 1693 1973
5951 4 2 1 1 1386 1381 1393 1545
5952 4 2 1 1 1568 1875 1606 1933
5953 4 2 1 1 1358 456 1325 1657
5954 4 2 1 1 1367 1161 812 1829
5955 4 2 1 1 585 1797 483 1957
5956 4 2 1 1 1148 864 1767 1970
5957 4 2 1 1 744 180 178 1656
5958 4 2 1 1 1377 803 765 1889
5959 4 2 1 1 850 849 856 1894
5960 4 2 1 1 1457 1768 1596 1919
5961 4 2 1 1 331 1211 925 1703
5962 4 2 1 1 556 502 500 1700
5963 4 2 1 1 825 1365 145 1561
5964 4 2 1 1 57 971 159 1672
5965 4 2 1 1 1199 1210 1084 1866
5966 4 2 1 1 18 19 175 1669
5967 4 2 1 1 87 1306 86 1592
5968 4 2 1 1 507 1333 505 1634
5969 4 2 1 1 578 1104 1102 1620
5970 4 2 1 1 1006 506 554 1813
5971 4 2 1 1 316 317 315 1696
5972 4 2 1 1 1005 999 1000 1675
5973 4 2 1 1 47 48 128 1645
5974 4 2 1 1 559 1035 1034 1674
5975 4 2 1 1 361 246 1741 1910
5976 4 2 1 1 1249 1875 1263 1933
5977 4 2 1 1 1289 873 755 1805
5978 4 2 1 1 991 1001 990 1814
5979 4 2 1 1 164 779 1046 1766
5980 4 2 1 1 755 873 874 1805
5981 4 2 1 1 263 1069 261 1850
5982 4 2 1 1 1456 1568 1772 1875
5983 4 2 1 1 1347 907 1345 1651
5984 4 2 1 1 1155 1211 903 1809
5985 4 2 1 1 183 185 820 1806
5986 4 2 1 1 183 181 182 1806
5987 4 2 1 1 1092 220 354 1878
5988 4 2 1 1 1482 1841 1597 1931
5989 4 2 1 1 1760 1768 1457 1978
5990 4 2 1 1 1534 1851 1485 1856
5991 4 2 1 1 596 1141 586 1667
5992 4 2 1 1 535 595 533 1798
5993 4 2 1 1 1558 1791 1480 1955
5994 4 2 1 1 818 1089 815 1615
5995 4 2 1 1 314 1108 1847 1908
5996 4 2 1 1 71 1008 70 1823
5997 4 2 1 1 1294 816 823 1951
5998 4 2 1 1 139 69 70 1823
5999 4 2 1 1 1457 1768 1919 1978
6000 4 2 1 1 267 265 266 1716
6001 4 2 1 1 1263 610 1772 1875
6002 4 2 1 1 571 900 899 1802
6003 4 2 1 1 205 204 203 1812
6004 4 2 1 1 369 1062 1217 1954
6005 4 2 1 1 190 189 187 1624
6006 4 2 1 1 110 945 944 1747
6007 4 2 1 1 661 658 660 1730
6008 4 2 1 1 1263 610 611 1772
6009 4 2 1 1 597 1767 864 1970
6010 4 2 1 1 1373 601 447 1660
6011 4 2 1 1 1198 1208 1086 1938
6012 4 2 1 1 1374 769 1669 1761
6013 4 2 1 1 154 930 929 1695
6014 4 2 1 1 1171 1172 376 1748
6015 4 2 1 1 1144 954 107 1793
6016 4 2 1 1 1184 1188 353 1643
6017 4 2 1 1 348 1095 1300 1824
6018 4 2 1 1 369 1222 1061 1954
6019 4 2 1 1 42 1054 43 1780
6020 4 2 1 1 157 959 957 1704
6021 4 2 1 1 1138 1112 410 1791
6022 4 2 1 1 526 525 524 1684
6023 4 2 1 1 872 1151 322 1977
6024 4 2 1 1 1393 1545 1391 1777
6025 4 2 1 1 1469 1629 1748 1958
6026 4 2 1 1 1283 899 1242 1802
6027 4 2 1 1 327 385 1134 1622
6028 4 2 1 1 1357 1394 12 1386
6029 4 2 1 1 1039 1040 126 1665
6030 4 2 1 1 538 537 536 1808
6031 4 2 1 1 245 243 244 1833
6032 4 2 1 1 1138 1139 778 1666
6033 4 2 1 1 1306 86 1592 1967
6034 4 2 1 1 1398 1403 1384 1799
6035 4 2 1 1 739 1289 755 1805
6036 4 2 1 1 1326 1324 495 1762
6037 4 2 1 1 853 852 1252 1860
6038 4 2 1 1 643 646 644 1828
6039 4 2 1 1 349 1105 219 1869
6040 4 2 1 1 528 527 526 1844
6041 4 2 1 1 1171 636 1172 1826
6042 4 2 1 1 1374 1359 769 1761
6043 4 2 1 1 302 889 375 1890
6044 4 2 1 1 129 993 1697 1971
6045 4 2 1 1 750 739 749 1770
6046 4 2 1 1 282 1061 370 1644
6047 4 2 1 1 63 64 946 1818
6048 4 2 1 1 1548 1888 1565 1939
6049 4 2 1 1 1270 339 1265 1728
6050 4 2 1 1 1260 1042 1031 1736
6051 4 2 1 1 1244 927 1238 1714
6052 4 2 1 1 1054 167 774 1932
6053 4 2 1 1 1057 699 747 1653
6054 4 2 1 1 1313 125 940 1619
6055 4 2 1 1 738 737 736 1686
6056 4 2 1 1 1017 1273 1022 1877
6057 4 2 1 1 596 1149 1141 1667
6058 4 2 1 1 1174 459 1196 1628
6059 4 2 1 1 1452 1741 1694 1910
6060 4 2 1 1 729 785 727 1934
6061 4 2 1 1 554 1250 1251 1813
6062 4 2 1 1 195 1126 1163 1625
6063 4 2 1 1 373 890 296 1649
6064 4 2 1 1 32 870 33 1740
6065 4 2 1 1 361 248 246 1910
6066 4 2 1 1 458 457 455 1874
6067 4 2 1 1 1086 357 230 1631
6068 4 2 1 1 1365 825 1161 1561
6069 4 2 1 1 1110 433 1102 1745
6070 4 2 1 1 478 476 563 1940
6071 4 2 1 1 1526 1764 1571 1850
6072 4 2 1 1 608 952 1262 1816
6073 4 2 1 1 578 1102 435 1620
6074 4 2 1 1 1405 1419 1428 1761
6075 4 2 1 1 512 511 510 1632
6076 4 2 1 1 60 932 59 1673
6077 4 2 1 1 1562 1749 1528 1971
6078 4 2 1 1 96 1420 1404 1327
6079 4 2 1 1 1395 1 91 1382
6080 4 2 1 1 1269 1715 340 1907
6081 4 2 1 1 220 1092 222 1637
6082 4 2 1 1 695 779 693 1766
6083 4 2 1 1 90 168 89 1756
6084 4 2 1 1 757 622 1790 1964
6085 4 2 1 1 560 486 484 1642
6086 4 2 1 1 889 302 300 1633
6087 4 2 1 1 990 468 466 1640
6088 4 2 1 1 506 507 505 1634
6089 4 2 1 1 664 665 663 1909
6090 4 2 1 1 1381 1391 1545 1915
6091 4 2 1 1 91 1382 1370 1799
6092 4 2 1 1 901 902 893 1742
6093 4 2 1 1 1356 757 622 1790
6094 4 2 1 1 682 1717 1232 1929
6095 4 2 1 1 1405 1421 103 1166
6096 4 2 1 1 618 1002 1341 1652
6097 4 2 1 1 265 263 264 1764
6098 4 2 1 1 878 796 1127 1635
6099 4 2 1 1 760 1375 1327 1839
6100 4 2 1 1 1420 149 1368 1825
6101 4 2 1 1 963 615 1880 1980
6102 4 2 1 1 249 247 248 1694
6103 4 2 1 1 217 350 215 1680
6104 4 2 1 1 1177 738 736 1686
6105 4 2 1 1 1167 1166 150 1789
6106 4 2 1 1 885 376 306 1748
6107 4 2 1 1 963 1880 1320 1980
6108 4 2 1 1 710 1200 712 1945
6109 4 2 1 1 1276 900 568 1636
6110 4 2 1 1 1480 1791 1558 1862
6111 4 2 1 1 1351 595 1352 1883
6112 4 2 1 1 826 145 827 1915
6113 4 2 1 1 463 464 465 1820
6114 4 2 1 1 926 1238 927 1714
6115 4 2 1 1 1049 142 773 1879
6116 4 2 1 1 903 1211 1203 1809
6117 4 2 1 1 370 1036 284 1810
6118 4 2 1 1 66 980 124 1778
6119 4 2 1 1 1213 1215 371 1639
6120 4 2 1 1 907 136 1158 1923
6121 4 2 1 1 386 1128 1796 1898
6122 4 2 1 1 1009 1735 1094 1939
6123 4 2 1 1 378 1847 1153 1956
6124 4 2 1 1 705 1044 703 1708
6125 4 2 1 1 1297 923 924 1702
6126 4 2 1 1 786 120 85 1967
6127 4 2 1 1 198 196 396 1949
6128 4 2 1 1 1066 1717 1223 1913
6129 4 2 1 1 1228 1233 364 1821
6130 4 2 1 1 769 169 19 1944
6131 4 2 1 1 909 436 573 1873
6132 4 2 1 1 1142 855 835 1969
6133 4 2 1 1 1226 1234 361 1910
6134 4 2 1 1 1172 634 1164 1826
6135 4 2 1 1 1598 1858 1463 1960
6136 4 2 1 1 1197 1183 374 1828
6137 4 2 1 1 823 189 389 1731
6138 4 2 1 1 1420 1408 1404 1825
6139 4 2 1 1 1123 208 610 1875
6140 4 2 1 1 1162 749 1170 1770
6141 4 2 1 1 258 257 256 1699
6142 4 2 1 1 1592 1845 1501 1967
6143 4 2 1 1 618 519 1002 1652
6144 4 2 1 1 153 808 806 1765
6145 4 2 1 1 573 434 897 1873
6146 4 2 1 1 1239 893 902 1742
6147 4 2 1 1 1591 1775 1457 1919
6148 4 2 1 1 1253 1042 1260 1736
6149 4 2 1 1 311 312 313 1908
6150 4 2 1 1 693 1766 779 1886
6151 4 2 1 1 161 80 1842 1894
6152 4 2 1 1 65 64 968 1663
6153 4 2 1 1 552 512 986 1893
6154 4 2 1 1 963 1320 615 1980
6155 4 2 1 1 288 289 287 1827
6156 4 2 1 1 883 1182 913 1864
6157 4 2 1 1 372 1195 904 1784
6158 4 2 1 1 1350 531 1351 1648
6159 4 2 1 1 941 1243 654 1749
6160 4 2 1 1 961 960 46 1927
6161 4 2 1 1 794 792 793 1825
6162 4 2 1 1 1380 1132 1363 1737
6163 4 2 1 1 128 48 1032 1880
6164 4 2 1 1 1347 906 907 1651
6165 4 2 1 1 254 1072 363 1773
6166 4 2 1 1 397 1812 203 1835
6167 4 2 1 1 67 934 68 1683
6168 4 2 1 1 559 488 1026 1837
6169 4 2 1 1 305 306 307 1783
6170 4 2 1 1 1326 590 1328 1832
6171 4 2 1 1 346 231 233 1960
6172 4 2 1 1 1052 44 143 1689
6173 4 2 1 1 30 29 866 1630
6174 4 2 1 1 739 755 737 1805
6175 4 2 1 1 386 393 1128 1898
6176 4 2 1 1 1501 1573 1845 1848
6177 4 2 1 1 1194 722 1206 1727
6178 4 2 1 1 47 965 48 1645
6179 4 2 1 1 470 565 999 1838
6180 4 2 1 1 1212 655 1195 1834
6181 4 2 1 1 478 477 476 1940
6182 4 2 1 1 1501 1845 1573 1969
6183 4 2 1 1 954 1338 953 1732
6184 4 2 1 1 1092 355 222 1906
6185 4 2 1 1 1578 1874 1477 1905
6186 4 2 1 1 1361 761 1150 1921
6187 4 2 1 1 1143 623 876 1867
6188 4 2 1 1 274 275 273 1916
6189 4 2 1 1 1225 684 1232 1929
6190 4 2 1 1 786 777 120 1646
6191 4 2 1 1 61 951 156 1676
6192 4 2 1 1 499 497 498 1832
6193 4 2 1 1 718 716 1208 1938
6194 4 2 1 1 317 322 1696 1977
6195 4 2 1 1 1127 420 414 1815
6196 4 2 1 1 919 920 1300 1824
6197 4 2 1 1 450 1094 448 1735
6198 4 2 1 1 602 603 604 1726
6199 4 2 1 1 890 1197 374 1976
6200 4 2 1 1 763 811 810 1692
6201 4 2 1 1 877 543 532 1769
6202 4 2 1 1 1505 1579 1852 1873
6203 4 2 1 1 788 169 766 1685
6204 4 2 1 1 241 239 240 1919
6205 4 2 1 1 757 1355 1354 1964
6206 4 2 1 1 336 1029 1030 1763
6207 4 2 1 1 34 921 33 1901
6208 4 2 1 1 391 443 392 1701
6209 4 2 1 1 1375 792 149 1825
6210 4 2 1 1 1564 1815 1635 1961
6211 4 2 1 1 1452 1705 1741 1910
6212 4 2 1 1 1247 207 1249 1933
6213 4 2 1 1 1501 1845 1592 1848
6214 4 2 1 1 960 108 45 1927
6215 4 2 1 1 753 1156 847 1734
6216 4 2 1 1 1311 711 752 1843
6217 4 2 1 1 1346 22 23 1677
6218 4 2 1 1 1282 989 1287 1774
6219 4 2 1 1 1420 1368 1408 1825
6220 4 2 1 1 65 948 64 1663
6221 4 2 1 1 1428 1410 1426 1761
6222 4 2 1 1 823 820 189 1731
6223 4 2 1 1 394 393 388 1898
6224 4 2 1 1 1505 1852 1620 1873
6225 4 2 1 1 362 1072 252 1721
6226 4 2 1 1 362 1236 1072 1721
6227 4 2 1 1 323 864 861 1767
6228 4 2 1 1 1103 1654 983 1981
6229 4 2 1 1 177 176 152 1693
6230 4 2 1 1 1119 1249 1263 1933
6231 4 2 1 1 532 530 877 1769
6232 4 2 1 1 133 1759 795 1891
6233 4 2 1 1 78 873 79 1926
6234 4 2 1 1 401 390 1133 1771
6235 4 2 1 1 1226 702 700 1705
6236 4 2 1 1 825 826 824 1754
6237 4 2 1 1 1379 6 1399 1863
6238 4 2 1 1 1595 1767 1509 1970
6239 4 2 1 1 46 1051 1819 1927
6240 4 2 1 1 619 1343 1158 1923
6241 4 2 1 1 1101 1176 1098 1800
6242 4 2 1 1 281 334 279 1887
6243 4 2 1 1 733 787 731 1719
6244 4 2 1 1 1093 1122 984 1822
6245 4 2 1 1 485 585 483 1957
6246 4 2 1 1 1106 422 421 1851
6247 4 2 1 1 522 521 520 1787
6248 4 2 1 1 949 1174 1196 1948
6249 4 2 1 1 1097 1247 1119 1933
6250 4 2 1 1 1285 1085 344 1768
6251 4 2 1 1 843 620 579 1931
6252 4 2 1 1 1454 1735 1823 1939
6253 4 2 1 1 440 439 438 1718
6254 4 2 1 1 1038 558 1260 1870
6255 4 2 1 1 488 487 486 1837
6256 4 2 1 1 783 931 969 1724
6257 4 2 1 1 1046 779 1298 1766
6258 4 2 1 1 104 172 1419 1166
6259 4 2 1 1 695 1298 779 1766
6260 4 2 1 1 79 161 80 1842
6261 4 2 1 1 1393 1381 1391 1545
6262 4 2 1 1 1211 926 925 1885
6263 4 2 1 1 1247 1124 207 1755
6264 4 2 1 1 63 946 112 1914
6265 4 2 1 1 556 1037 1254 1896
6266 4 2 1 1 1091 382 829 1920
6267 4 2 1 1 1358 1294 456 1657
6268 4 2 1 1 44 1052 45 1689
6269 4 2 1 1 1404 1418 1416 1825
6270 4 2 1 1 583 1131 879 1849
6271 4 2 1 1 484 483 482 1797
6272 4 2 1 1 177 805 176 1693
6273 4 2 1 1 217 215 216 1680
6274 4 2 1 1 1296 910 1288 1869
6275 4 2 1 1 995 654 651 1971
6276 4 2 1 1 102 1421 1411 1789
6277 4 2 1 1 653 1795 993 1971
6278 4 2 1 1 983 1103 984 1654
6279 4 2 1 1 850 852 851 1860
6280 4 2 1 1 427 1109 1114 1803
6281 4 2 1 1 621 1808 539 1964
6282 4 2 1 1 816 1294 817 1951
6283 4 2 1 1 288 286 371 1827
6284 4 2 1 1 582 1257 947 1820
6285 4 2 1 1 1047 779 164 1886
6286 4 2 1 1 720 718 1198 1938
6287 4 2 1 1 38 1204 39 1681
6288 4 2 1 1 773 1730 661 1879
6289 4 2 1 1 628 1153 630 1956
6290 4 2 1 1 705 751 1044 1708
6291 4 2 1 1 1037 1259 1254 1896
6292 4 2 1 1 1384 5 173 1169
6293 4 2 1 1 476 1003 563 1940
6294 4 2 1 1 316 315 314 1847
6295 4 2 1 1 629 607 628 1682
6296 4 2 1 1 1284 742 679 1709
6297 4 2 1 1 828 445 602 1920
6298 4 2 1 1 769 1669 1761 1944
6299 4 2 1 1 989 974 975 1774
6300 4 2 1 1 147 798 767 1670
6301 4 2 1 1 1045 1818 63 1914
6302 4 2 1 1 895 1719 733 1882
6303 4 2 1 1 232 230 357 1960
6304 4 2 1 1 775 147 767 1670
6305 4 2 1 1 1209 1124 1247 1755
6306 4 2 1 1 377 1164 1160 1785
6307 4 2 1 1 886 887 1352 1883
6308 4 2 1 1 1028 1270 1265 1728
6309 4 2 1 1 1148 597 864 1970
6310 4 2 1 1 1162 750 749 1770
6311 4 2 1 1 1011 600 1152 1722
6312 4 2 1 1 1317 748 799 1842
6313 4 2 1 1 1271 611 1275 1772
6314 4 2 1 1 1407 2 18 1422
6315 4 2 1 1 1017 1018 1272 1877
6316 4 2 1 1 1259 1015 1254 1896
6317 4 2 1 1 580 766 616 1817
6318 4 2 1 1 1227 1219 1064 1788
6319 4 2 1 1 1308 477 613 1711
6320 4 2 1 1 918 572 919 1723
6321 4 2 1 1 1423 1408 98 1368
6322 4 2 1 1 866 868 30 1836
6323 4 2 1 1 1014 1254 1015 1896
6324 4 2 1 1 912 303 328 1725
6325 4 2 1 1 1317 133 795 1891
6326 4 2 1 1 1216 664 1218 1909
6327 4 2 1 1 1281 991 1280 1814
6328 4 2 1 1 154 72 930 1695
6329 4 2 1 1 470 469 468 1838
6330 4 2 1 1 1398 173 4 1321
6331 4 2 1 1 1399 1384 1401 1863
6332 4 2 1 1 256 255 254 1773
6333 4 2 1 1 1196 461 582 1758
6334 4 2 1 1 227 229 347 1801
6335 4 2 1 1 802 83 790 1746
6336 4 2 1 1 1339 1340 127 1744
6337 4 2 1 1 606 628 607 1841
6338 4 2 1 1 807 175 806 1765
6339 4 2 1 1 328 305 881 1783
6340 4 2 1 1 135 78 79 1926
6341 4 2 1 1 1117 1177 352 1794
6342 4 2 1 1 1191 726 1193 1781
6343 4 2 1 1 184 584 1136 1865
6344 4 2 1 1 410 1112 408 1791
6345 4 2 1 1 242 241 240 1919
6346 4 2 1 1 197 199 1124 1949
6347 4 2 1 1 118 29 28 1738
6348 4 2 1 1 682 1232 684 1929
6349 4 2 1 1 276 275 274 1916
6350 4 2 1 1 883 913 912 1864
6351 4 2 1 1 314 313 312 1908
6352 4 2 1 1 317 322 315 1696
6353 4 2 1 1 205 203 1170 1812
6354 4 2 1 1 907 1343 1345 1923
6355 4 2 1 1 203 397 1170 1812
6356 4 2 1 1 1107 1188 1189 1792
6357 4 2 1 1 1273 340 1269 1715
6358 4 2 1 1 1012 1010 139 1939
6359 4 2 1 1 201 397 203 1835
6360 4 2 1 1 210 352 212 1794
6361 4 2 1 1 1379 7 151 1396
6362 4 2 1 1 331 925 291 1703
6363 4 2 1 1 262 263 261 1850
6364 4 2 1 1 1399 6 1169 1863
6365 4 2 1 1 714 716 715 1866
6366 4 2 1 1 1381 1402 1391 1915
6367 4 2 1 1 240 359 1077 1919
6368 4 2 1 1 1214 708 1775 1945
6369 4 2 1 1 1150 761 760 1921
6370 4 2 1 1 581 1094 1009 1735
6371 4 2 1 1 377 1108 312 1908
6372 4 2 1 1 1309 943 944 1747
6373 4 2 1 1 1064 368 274 1916
6374 4 2 1 1 1425 94 171 1409
6375 4 2 1 1 587 1348 756 1861
6376 4 2 1 1 429 427 428 1803
6377 4 2 1 1 1421 150 103 1166
6378 4 2 1 1 151 1829 762 1863
6379 4 2 1 1 1423 98 794 1368
6380 4 2 1 1 78 801 77 1926
6381 4 2 1 1 763 1367 812 1829
6382 4 2 1 1 719 783 970 1743
6383 4 2 1 1 1425 1427 1409 1839
6384 4 2 1 1 249 342 247 1694
6385 4 2 1 1 874 78 77 1926
6386 4 2 1 1 1085 1760 237 1978
6387 4 2 1 1 278 277 276 1739
6388 4 2 1 1 1150 1378 171 1839
6389 4 2 1 1 632 1164 634 1785
6390 4 2 1 1 719 970 717 1743
6391 4 2 1 1 242 240 1077 1919
6392 4 2 1 1 637 867 635 1936
6393 4 2 1 1 408 419 407 1862
6394 4 2 1 1 346 233 1087 1858
6395 4 2 1 1 621 539 622 1964
6396 4 2 1 1 889 1180 375 1890
6397 4 2 1 1 603 764 604 1726
6398 4 2 1 1 982 1917 1104 1981
6399 4 2 1 1 1054 1258 143 1932
6400 4 2 1 1 276 274 368 1916
6401 4 2 1 1 1364 1167 150 1789
6402 4 2 1 1 676 678 677 1751
6403 4 2 1 1 1345 527 593 1844
6404 4 2 1 1 1475 1620 1917 1981
6405 4 2 1 1 994 37 129 1697
6406 4 2 1 1 78 874 873 1926
6407 4 2 1 1 454 455 457 1874
6408 4 2 1 1 1356 123 1248 1790
6409 4 2 1 1 1512 1757 1727 1975
6410 4 2 1 1 1066 1232 1223 1717
6411 4 2 1 1 1308 613 1310 1711
6412 4 2 1 1 923 570 924 1702
6413 4 2 1 1 761 1344 894 1921
6414 4 2 1 1 1197 648 646 1976
6415 4 2 1 1 267 1067 265 1716
6416 4 2 1 1 761 894 541 1921
6417 4 2 1 1 775 1268 23 1931
6418 4 2 1 1 941 34 116 1901
6419 4 2 1 1 1363 818 148 1737
6420 4 2 1 1 676 1221 678 1751
6421 4 2 1 1 314 312 1108 1908
6422 4 2 1 1 244 243 242 1833
6423 4 2 1 1 1227 676 674 1788
6424 4 2 1 1 1197 646 1828 1976
6425 4 2 1 1 258 256 1071 1699
6426 4 2 1 1 688 687 686 1733
6427 4 2 1 1 1319 795 133 1759
6428 4 2 1 1 162 27 26 1854
6429 4 2 1 1 294 292 904 1784
6430 4 2 1 1 959 1331 957 1704
6431 4 2 1 1 1149 596 1148 1970
6432 4 2 1 1 131 46 1051 1819
6433 4 2 1 1 733 895 787 1719
6434 4 2 1 1 424 588 599 1710
6435 4 2 1 1 112 951 62 1914
6436 4 2 1 1 1214 708 1201 1775
6437 4 2 1 1 329 912 913 1864
6438 4 2 1 1 516 515 514 1750
6439 4 2 1 1 139 1823 1009 1939
6440 4 2 1 1 380 391 392 1701
6441 4 2 1 1 898 1283 1290 1881
6442 4 2 1 1 1373 447 616 1660
6443 4 2 1 1 1081 330 297 1729
6444 4 2 1 1 94 171 1378 1425
6445 4 2 1 1 687 685 686 1733
6446 4 2 1 1 885 1171 376 1748
6447 4 2 1 1 1196 582 1246 1948
6448 4 2 1 1 150 1421 102 1789
6449 4 2 1 1 696 697 695 1857
6450 4 2 1 1 422 423 418 1851
6451 4 2 1 1 1136 1865 584 1969
6452 4 2 1 1 788 20 169 1685
6453 4 2 1 1 1321 847 846 1799
6454 4 2 1 1 1121 798 580 1817
6455 4 2 1 1 802 133 82 1759
6456 4 2 1 1 691 690 692 1720
6457 4 2 1 1 475 476 477 1940
6458 4 2 1 1 671 1053 669 1868
6459 4 2 1 1 180 179 178 1973
6460 4 2 1 1 1123 204 208 1895
6461 4 2 1 1 240 1919 239 1978
6462 4 2 1 1 117 895 896 1882
6463 4 2 1 1 844 118 28 1738
6464 4 2 1 1 51 938 52 1892
6465 4 2 1 1 1066 1223 366 1913
6466 4 2 1 1 129 973 995 1971
6467 4 2 1 1 1011 1152 1157 1722
6468 4 2 1 1 1327 1425 1378 1839
6469 4 2 1 1 278 276 1062 1739
6470 4 2 1 1 954 1336 1338 1732
6471 4 2 1 1 606 1147 628 1956
6472 4 2 1 1 918 449 572 1723
6473 4 2 1 1 154 785 928 1934
6474 4 2 1 1 835 831 833 1853
6475 4 2 1 1 425 576 423 1856
6476 4 2 1 1 1327 1404 1425 1839
6477 4 2 1 1 84 83 160 1746
6478 4 2 1 1 1068 260 364 1821
6479 4 2 1 1 656 993 653 1795
6480 4 2 1 1 793 759 804 1753
6481 4 2 1 1 1214 710 708 1945
6482 4 2 1 1 14 1363 1397 1380
6483 4 2 1 1 1521 1841 1682 1956
6484 4 2 1 1 1284 964 742 1709
6485 4 2 1 1 387 386 1128 1796
6486 4 2 1 1 897 898 911 1881
6487 4 2 1 1 769 1761 1376 1944
6488 4 2 1 1 262 261 260 1850
6489 4 2 1 1 15 1380 1387 1132
6490 4 2 1 1 301 329 299 1807
6491 4 2 1 1 692 690 1235 1720
6492 4 2 1 1 760 761 541 1921
6493 4 2 1 1 1161 151 7 1396
6494 4 2 1 1 579 446 606 1841
6495 4 2 1 1 591 1332 1144 1793
6496 4 2 1 1 767 620 775 1931
6497 4 2 1 1 1092 354 1191 1878
6498 4 2 1 1 860 400 402 1903
6499 4 2 1 1 485 487 1315 1957
6500 4 2 1 1 1356 1248 757 1790
6501 4 2 1 1 169 768 766 1944
6502 4 2 1 1 1363 148 13 1397
6503 4 2 1 1 856 161 1289 1894
6504 4 2 1 1 65 967 66 1778
6505 4 2 1 1 1090 1194 1206 1727
6506 4 2 1 1 11 1335 1394 1357
6507 4 2 1 1 652 655 653 1795
6508 4 2 1 1 78 135 801 1926
6509 4 2 1 1 1269 340 1070 1907
6510 4 2 1 1 783 721 931 1724
6511 4 2 1 1 19 18 769 1669
6512 4 2 1 1 282 281 280 1887
6513 4 2 1 1 1400 1365 9 1383
6514 4 2 1 1 1379 1401 1392 1863
6515 4 2 1 1 259 1070 257 1907
6516 4 2 1 1 281 279 280 1887
6517 4 2 1 1 239 1085 237 1978
6518 4 2 1 1 1081 299 329 1807
6519 4 2 1 1 411 547 1100 1924
6520 4 2 1 1 840 1110 841 1745
6521 4 2 1 1 222 355 224 1906
6522 4 2 1 1 317 872 322 1977
6523 4 2 1 1 852 1292 1252 1860
6524 4 2 1 1 661 773 1050 1730
6525 4 2 1 1 536 535 534 1798
6526 4 2 1 1 605 457 1174 1874
6527 4 2 1 1 1144 1332 954 1793
6528 4 2 1 1 1273 1269 1022 1715
6529 4 2 1 1 816 817 815 1951
6530 4 2 1 1 129 995 993 1971
6531 4 2 1 1 375 1180 1178 1890
6532 4 2 1 1 1232 682 1223 1717
6533 4 2 1 1 835 848 1142 1853
6534 4 2 1 1 422 418 421 1851
6535 4 2 1 1 130 63 1045 1818
6536 4 2 1 1 346 1286 1293 1858
6537 4 2 1 1 584 1135 855 1969
6538 4 2 1 1 417 415 1096 1961
6539 4 2 1 1 673 740 671 1868
6540 4 2 1 1 768 1376 1168 1944
6541 4 2 1 1 1143 876 1140 1867
6542 4 2 1 1 594 795 796 1891
6543 4 2 1 1 994 129 993 1697
6544 4 2 1 1 400 390 401 1771
6545 4 2 1 1 1386 13 148 1397
6546 4 2 1 1 841 1104 981 1917
6547 4 2 1 1 859 22 1346 1861
6548 4 2 1 1 944 943 110 1747
6549 4 2 1 1 809 804 759 1753
6550 4 2 1 1 1114 780 576 1856
6551 4 2 1 1 535 533 534 1798
6552 4 2 1 1 418 416 417 1961
6553 4 2 1 1 982 1104 983 1981
6554 4 2 1 1 1419 172 105 1761
6555 4 2 1 1 794 1366 98 1423
6556 4 2 1 1 26 27 132 1854
6557 4 2 1 1 460 974 567 1946
6558 4 2 1 1 1025 1212 372 1834
6559 4 2 1 1 347 229 1088 1801
6560 4 2 1 1 682 684 683 1929
6561 4 2 1 1 1168 1376 172 1761
6562 4 2 1 1 726 724 1193 1781
6563 4 2 1 1 1344 761 1361 1921
6564 4 2 1 1 821 146 88 1855
6565 4 2 1 1 537 539 621 1808
6566 4 2 1 1 1421 1405 1414 1789
6567 4 2 1 1 305 307 881 1783
6568 4 2 1 1 14 1363 1380 1132
6569 4 2 1 1 1241 1252 397 1835
6570 4 2 1 1 1365 9 145 1400
6571 4 2 1 1 989 975 1287 1774
6572 4 2 1 1 1103 578 437 1981
6573 4 2 1 1 212 214 213 1776
6574 4 2 1 1 1411 101 781 1412
6575 4 2 1 1 1110 1102 841 1745
6576 4 2 1 1 795 748 1317 1891
6577 4 2 1 1 158 869 772 1831
6578 4 2 1 1 1404 1408 1418 1825
6579 4 2 1 1 727 725 726 1962
6580 4 2 1 1 1263 611 1271 1772
6581 4 2 1 1 546 530 528 1779
6582 4 2 1 1 11 1335 1381 1394
6583 4 2 1 1 454 457 605 1874
6584 4 2 1 1 973 941 654 1749
6585 4 2 1 1 850 1292 852 1860
6586 4 2 1 1 336 1031 1041 1782
6587 4 2 1 1 47 46 131 1819
6588 4 2 1 1 629 770 607 1682
6589 4 2 1 1 402 404 406 1903
6590 4 2 1 1 429 1109 427 1803
6591 4 2 1 1 91 1370 846 1799
6592 4 2 1 1 87 857 88 1855
6593 4 2 1 1 870 116 33 1901
6594 4 2 1 1 32 33 136 1740
6595 4 2 1 1 713 711 712 1843
6596 4 2 1 1 784 929 1904 1962
6597 4 2 1 1 363 256 254 1773
6598 4 2 1 1 795 594 748 1891
6599 4 2 1 1 1053 740 1052 1868
6600 4 2 1 1 1339 1019 1340 1744
6601 4 2 1 1 663 773 661 1879
6602 4 2 1 1 1054 42 167 1780
6603 4 2 1 1 1143 1140 387 1867
6604 4 2 1 1 713 752 711 1843
6605 4 2 1 1 636 635 634 1826
6606 4 2 1 1 826 1325 550 1754
6607 4 2 1 1 409 408 405 1862
6608 4 2 1 1 1212 1195 372 1834
6609 4 2 1 1 661 1050 658 1730
6610 4 2 1 1 1391 1392 1390 1777
6611 4 2 1 1 27 886 132 1854
6612 4 2 1 1 930 71 114 1904
6613 4 2 1 1 588 822 599 1710
6614 4 2 1 1 372 904 292 1784
6615 4 2 1 1 1492 1880 1638 1980
6616 4 2 1 1 1200 1214 1083 1945
6617 4 2 1 1 378 314 1108 1847
6618 4 2 1 1 1366 1406 99 1423
6619 4 2 1 1 228 226 356 1757
6620 4 2 1 1 765 1129 797 1889
6621 4 2 1 1 1202 704 702 1941
6622 4 2 1 1 1374 769 18 1669
6623 4 2 1 1 1169 151 762 1863
6624 4 2 1 1 1382 1398 1370 1799
6625 4 2 1 1 412 1138 410 1972
6626 4 2 1 1 1049 773 1055 1879
6627 4 2 1 1 1251 1006 554 1813
6628 4 2 1 1 1133 1137 583 1849
6629 4 2 1 1 684 685 683 1929
6630 4 2 1 1 1131 1101 547 1924
6631 4 2 1 1 696 694 1236 1857
6632 4 2 1 1 102 1411 781 1789
6633 4 2 1 1 1387 170 15 1132
6634 4 2 1 1 803 793 1129 1889
6635 4 2 1 1 1367 762 151 1829
6636 4 2 1 1 991 1281 1001 1814
6637 4 2 1 1 1370 91 1 1382
6638 4 2 1 1 1191 354 1189 1878
6639 4 2 1 1 1245 978 1244 1786
6640 4 2 1 1 643 1183 646 1828
6641 4 2 1 1 846 847 168 1756
6642 4 2 1 1 1489 1761 1669 1944
6643 4 2 1 1 1094 600 1012 1939
6644 4 2 1 1 1409 93 171 1424
6645 4 2 1 1 816 815 398 1951
6646 4 2 1 1 32 158 870 1831
6647 4 2 1 1 807 808 1344 1765
6648 4 2 1 1 118 867 866 1936
6649 4 2 1 1 366 268 266 1913
6650 4 2 1 1 653 995 651 1971
6651 4 2 1 1 1417 1416 1415 1811
6652 4 2 1 1 1337 781 101 1412
6653 4 2 1 1 1327 1150 760 1839
6654 4 2 1 1 204 205 206 1895
6655 4 2 1 1 65 66 124 1778
6656 4 2 1 1 1085 1282 345 1760
6657 4 2 1 1 1060 1318 1320 1980
6658 4 2 1 1 1411 1414 1413 1789
6659 4 2 1 1 1379 151 6 1863
6660 4 2 1 1 411 410 409 1972
6661 4 2 1 1 228 227 226 1757
6662 4 2 1 1 558 494 492 1870
6663 4 2 1 1 1142 1136 584 1969
6664 4 2 1 1 1085 345 237 1760
6665 4 2 1 1 1327 1404 95 1425
6666 4 2 1 1 757 1354 621 1964
6667 4 2 1 1 186 1136 191 1865
6668 4 2 1 1 1410 106 1422 1374
6669 4 2 1 1 1164 632 1160 1785
6670 4 2 1 1 1047 693 779 1886
6671 4 2 1 1 1117 352 210 1794
6672 4 2 1 1 653 993 995 1971
6673 4 2 1 1 784 929 930 1904
6674 4 2 1 1 1357 12 148 1386
6675 4 2 1 1 1091 828 602 1920
6676 4 2 1 1 1199 714 1210 1866
6677 4 2 1 1 336 1041 271 1782
6678 4 2 1 1 788 766 798 1817
6679 4 2 1 1 460 459 458 1946
6680 4 2 1 1 581 448 1094 1735
6681 4 2 1 1 1227 674 1219 1788
6682 4 2 1 1 1378 1327 95 1425
6683 4 2 1 1 1423 1418 1408 1825
6684 4 2 1 1 1386 1393 1397 1737
6685 4 2 1 1 656 653 655 1795
6686 4 2 1 1 139 1009 1012 1939
6687 4 2 1 1 1197 646 1183 1828
6688 4 2 1 1 1385 17 1371 1395
6689 4 2 1 1 361 1074 248 1910
6690 4 2 1 1 407 813 404 1830
6691 4 2 1 1 18 2 1407 1372
6692 4 2 1 1 257 1070 340 1907
6693 4 2 1 1 177 179 645 1973
6694 4 2 1 1 1335 1369 827 1915
6695 4 2 1 1 890 1190 1197 1976
6696 4 2 1 1 1391 1390 1388 1777
6697 4 2 1 1 1348 859 756 1861
6698 4 2 1 1 938 939 125 1892
6699 4 2 1 1 349 1296 1105 1869
6700 4 2 1 1 735 895 733 1882
6701 4 2 1 1 1038 494 558 1870
6702 4 2 1 1 1400 1381 10 1915
6703 4 2 1 1 1026 488 486 1837
6704 4 2 1 1 1416 1427 1404 1839
6705 4 2 1 1 361 1234 1074 1910
6706 4 2 1 1 288 287 286 1827
6707 4 2 1 1 693 1047 691 1886
6708 4 2 1 1 1352 888 1351 1883
6709 4 2 1 1 319 872 317 1977
6710 4 2 1 1 1323 171 93 1424
6711 4 2 1 1 1406 99 144 1366
6712 4 2 1 1 1400 10 145 1915
6713 4 2 1 1 703 701 702 1941
6714 4 2 1 1 925 332 289 1885
6715 4 2 1 1 537 538 539 1808
6716 4 2 1 1 638 641 639 1804
6717 4 2 1 1 663 1055 773 1879
6718 4 2 1 1 615 1318 491 1980
6719 4 2 1 1 417 416 415 1961
6720 4 2 1 1 565 470 468 1838
6721 4 2 1 1 1009 1094 1012 1939
6722 4 2 1 1 240 239 238 1978
6723 4 2 1 1 197 196 198 1949
6724 4 2 1 1 63 130 64 1818
6725 4 2 1 1 1326 497 590 1832
6726 4 2 1 1 499 590 497 1832
6727 4 2 1 1 963 1032 1320 1880
6728 4 2 1 1 1393 1391 1388 1777
6729 4 2 1 1 1080 785 729 1934
6730 4 2 1 1 583 1137 1131 1849
6731 4 2 1 1 128 1032 963 1880
6732 4 2 1 1 463 465 1257 1820
6733 4 2 1 1 763 762 1367 1829
6734 4 2 1 1 1198 718 1208 1938
6735 4 2 1 1 316 314 378 1847
6736 4 2 1 1 150 102 781 1789
6737 4 2 1 1 1296 1288 1105 1869
6738 4 2 1 1 1190 648 1197 1976
6739 4 2 1 1 802 1319 133 1759
6740 4 2 1 1 582 463 1257 1820
6741 4 2 1 1 1073 1273 1272 1877
6742 4 2 1 1 666 665 664 1909
6743 4 2 1 1 907 1158 1343 1923
6744 4 2 1 1 407 424 813 1830
6745 4 2 1 1 378 1153 1147 1956
6746 4 2 1 1 1398 1370 3 1382
6747 4 2 1 1 807 806 808 1765
6748 4 2 1 1 212 1113 214 1776
6749 4 2 1 1 232 233 231 1960
6750 4 2 1 1 1382 1389 1403 1799
6751 4 2 1 1 769 1359 1376 1761
6752 4 2 1 1 161 849 80 1894
6753 4 2 1 1 436 435 434 1873
6754 4 2 1 1 696 695 694 1857
6755 4 2 1 1 408 407 405 1862
6756 4 2 1 1 151 1169 6 1863
6757 4 2 1 1 184 1136 186 1865
6758 4 2 1 1 982 74 981 1917
6759 4 2 1 1 530 529 528 1779
6760 4 2 1 1 84 790 83 1746
6761 4 2 1 1 139 1008 1009 1823
6762 4 2 1 1 1263 1249 610 1875
6763 4 2 1 1 714 1199 716 1866
6764 4 2 1 1 1247 1249 1119 1933
6765 4 2 1 1 867 1192 635 1936
6766 4 2 1 1 553 1245 1244 1786
6767 4 2 1 1 1068 364 1233 1821
6768 4 2 1 1 1352 887 888 1883
6769 4 2 1 1 386 384 388 1898
6770 4 2 1 1 30 868 31 1836
6771 4 2 1 1 172 1359 105 1761
6772 4 2 1 1 607 843 579 1841
6773 4 2 1 1 666 664 1216 1909
6774 4 2 1 1 824 826 550 1754
6775 4 2 1 1 867 118 1192 1936
6776 4 2 1 1 1066 366 266 1913
6777 4 2 1 1 158 772 870 1831
6778 4 2 1 1 1398 1321 1370 1799
6779 4 2 1 1 514 513 512 1893
6780 4 2 1 1 1416 1413 1415 1811
6781 4 2 1 1 1317 799 80 1842
6782 4 2 1 1 608 467 1291 1816
6783 4 2 1 1 828 1091 829 1920
6784 4 2 1 1 1286 346 1087 1858
6785 4 2 1 1 860 402 406 1903
6786 4 2 1 1 765 803 1129 1889
6787 4 2 1 1 638 1178 641 1804
6788 4 2 1 1 327 326 383 1859
6789 4 2 1 1 596 542 597 1970
6790 4 2 1 1 1363 1132 818 1737
6791 4 2 1 1 859 1346 756 1861
6792 4 2 1 1 1393 1388 1380 1737
6793 4 2 1 1 524 523 522 1840
6794 4 2 1 1 784 725 929 1962
6795 4 2 1 1 310 311 309 1846
6796 4 2 1 1 1241 397 201 1835
6797 4 2 1 1 34 33 116 1901
6798 4 2 1 1 524 522 891 1840
6799 4 2 1 1 1135 744 838 1845
6800 4 2 1 1 848 835 833 1853
6801 4 2 1 1 232 231 230 1960
6802 4 2 1 1 1093 581 1122 1822
6803 4 2 1 1 197 198 199 1949
6804 4 2 1 1 905 30 31 1836
6805 4 2 1 1 62 1045 63 1914
6806 4 2 1 1 311 861 309 1846
6807 4 2 1 1 327 383 384 1859
6808 4 2 1 1 86 85 122 1967
6809 4 2 1 1 1080 928 785 1934
6810 4 2 1 1 1306 786 86 1967
6811 4 2 1 1 87 88 146 1855
6812 4 2 1 1 425 1114 576 1856
6813 4 2 1 1 1416 1418 1413 1811
6814 4 2 1 1 952 608 1291 1816
6815 4 2 1 1 1371 1 91 1395
6816 4 2 1 1 898 1290 911 1881
6817 4 2 1 1 149 792 1368 1825
6818 4 2 1 1 744 858 838 1845
6819 4 2 1 1 1374 1410 106 1359
6820 4 2 1 1 79 80 799 1842
6821 4 2 1 1 70 1008 139 1823
6822 4 2 1 1 518 520 519 1897
6823 4 2 1 1 1161 8 1365 1396
6824 4 2 1 1 547 1101 1100 1924
6825 4 2 1 1 843 1268 620 1931
6826 4 2 1 1 757 621 622 1964
6827 4 2 1 1 1371 1322 17 1385
6828 4 2 1 1 1364 150 781 1789
6829 4 2 1 1 45 1051 46 1927
6830 4 2 1 1 636 634 1172 1826
6831 4 2 1 1 1315 1040 585 1957
6832 4 2 1 1 1093 441 581 1822
6833 4 2 1 1 938 125 52 1892
6834 4 2 1 1 735 896 895 1882
6835 4 2 1 1 925 926 332 1885
6836 4 2 1 1 846 168 90 1756
6837 4 2 1 1 1393 1380 1397 1737
6838 4 2 1 1 239 237 238 1978
6839 4 2 1 1 856 849 161 1894
6840 4 2 1 1 1249 1123 610 1875
6841 4 2 1 1 208 204 206 1895
6842 4 2 1 1 518 901 520 1897
6843 4 2 1 1 1422 2 18 1374
6844 4 2 1 1 930 114 784 1904
6845 4 2 1 1 8 1365 1396 1383
6846 4 2 1 1 514 512 552 1893
6847 4 2 1 1 769 768 169 1944
6848 4 2 1 1 1380 15 14 1132
6849 4 2 1 1 704 703 702 1941
6850 4 2 1 1 1246 948 949 1948
6851 4 2 1 1 1200 710 1214 1945
6852 4 2 1 1 1217 668 1222 1954
6853 4 2 1 1 573 436 434 1873
6854 4 2 1 1 1428 1419 1410 1761
6855 4 2 1 1 412 410 411 1972
6856 4 2 1 1 1273 1017 1272 1877
6857 4 2 1 1 667 1258 774 1932
6858 4 2 1 1 1335 10 1381 1915
6859 4 2 1 1 393 386 388 1898
6860 4 2 1 1 460 458 974 1946
6861 4 2 1 1 580 798 766 1817
6862 4 2 1 1 151 6 7 1379
6863 4 2 1 1 727 929 725 1962
6864 4 2 1 1 10 1335 145 1915
6865 4 2 1 1 152 178 177 1973
6866 4 2 1 1 1421 1414 1411 1789
6867 4 2 1 1 3 1370 1398 1321
6868 4 2 1 1 1142 584 855 1969
6869 4 2 1 1 1053 671 740 1868
6870 4 2 1 1 95 96 1404 1327
6871 4 2 1 1 960 45 46 1927
6872 4 2 1 1 1424 1407 92 1372
6873 4 2 1 1 93 171 94 1409
6874 4 2 1 1 173 4 5 1384
6875 4 2 1 1 1150 1327 1378 1839
6876 4 2 1 1 775 620 1268 1931
6877 4 2 1 1 781 102 101 1411
6878 4 2 1 1 1217 1222 369 1954
6879 4 2 1 1 86 786 85 1967
6880 4 2 1 1 1368 792 794 1825
6881 4 2 1 1 1405 103 104 1166
6882 4 2 1 1 1153 628 1147 1956
6883 4 2 1 1 97 1408 1420 1368
6884 4 2 1 1 1322 16 17 1385
6885 4 2 1 1 1407 2 92 1372
6886 4 2 1 1 769 1376 768 1944
6887 4 2 1 1 99 144 100 1406
6888 4 2 1 1 615 1320 1318 1980
6889 4 2 1 1 1382 1403 1398 1799
6890 4 2 1 1 1054 774 1258 1932
6891 4 2 1 1 596 597 1148 1970
6892 4 2 1 1 1196 1246 949 1948
6893 4 2 1 1 982 981 1104 1917
6894 4 2 1 1 1103 983 578 1981
6895 4 2 1 1 62 63 112 1914
6896 4 2 1 1 12 13 148 1386
6897 4 2 1 1 578 983 1104 1981
6898 4 2 1 1 1315 585 485 1957
6899 4 2 1 1 1335 827 145 1915
6900 4 2 1 1 9 10 145 1400
6901 4 2 1 1 1402 1381 1400 1915
6902 4 2 1 1 1398 4 3 1321
6903 4 2 1 1 1399 6 5 1169
6904 4 2 1 1 1399 1401 1379 1863
6905 4 2 1 1 1 3 1370 1382
6906 4 2 1 1 607 579 606 1841
6907 4 2 1 1 10 11 1335 1381
6908 4 2 1 1 1370 1321 846 1799
6909 4 2 1 1 1420 149 97 1368
6910 4 2 1 1 1410 105 106 1359
6911 4 2 1 1 1404 1427 1425 1839
6912 4 2 1 1 178 179 177 1973
6913 4 2 1 1 1424 92 1323 1372
6914 4 2 1 1 1359 172 1376 1761
6915 4 2 1 1 7 8 1161 1396
6916 4 2 1 1 96 149 97 1420
6917 4 2 1 1 102 150 103 1421
6918 4 2 1 1 1365 8 9 1383
6919 4 2 1 1 104 172 105 1419
6920 4 2 1 1 17 1 1371 1395
6921 4 2 1 1 1323 93 92 1424
6922 4 2 1 1 1408 97 98 1368
6923 4 2 1 1 99 98 1366 1423
6924 4 2 1 1 1422 106 2 1374
6925 4 2 1 1 15 16 170 1387
6926 4 2 1 1 1394 12 11 1357
6927 4 2 1 1 13 14 1363 1397
6928 4 2 1 1 1337 101 100 1412
6929 4 2 1 1 1378 95 94 1425
6930 4 2 1 1 1883 1542 1436 1648
6931 4 2 1 1 1700 1024 1255 556
6932 4 2 1 1 1700 1255 1024 1487
6933 4 2 1 1 1649 1207 1784 373
6934 4 2 1 1 1649 1784 1207 1562
6935 4 2 1 1 1700 1255 1896 556
6936 4 2 1 1 1700 1896 1255 1650
6937 4 2 1 1 1816 1820 608 465
6938 4 2 1 1 608 1820 1816 1612
6939 4 2 1 1 1609 1916 1782 1459
6940 4 2 1 1 1782 1916 1609 272
6941 4 2 1 1 1550 673 1266 675
6942 4 2 1 1 1550 1266 673 1519
6943 4 2 1 1 1305 1672 1647 972
6944 4 2 1 1 1647 1672 1305 1493
6945 4 2 1 1 272 1788 367 1064
6946 4 2 1 1 367 1788 272 1609
6947 4 2 1 1 1671 614 1316 1060
6948 4 2 1 1 1671 1316 614 1496
6949 4 2 1 1 1742 908 330 1549
6950 4 2 1 1 1742 330 908 1239
6951 4 2 1 1 1773 1877 1451 1715
6952 4 2 1 1 1451 1877 1773 1570
6953 4 2 1 1 1372 1424 1669 1323
6954 4 2 1 1 1372 1669 1424 1407
6955 4 2 1 1 1961 878 1851 418
6956 4 2 1 1 1961 1851 878 1635
6957 4 2 1 1 1965 1883 1542 1436
6958 4 2 1 1 1965 1542 1883 1478
6959 4 2 1 1 1451 1747 1911 1494
6960 4 2 1 1 1451 1911 1747 1613
6961 4 2 1 1 1506 1911 1747 1494
6962 4 2 1 1 1506 1747 1911 1613
6963 4 2 1 1 1712 192 1616 1625
6964 4 2 1 1 1712 1616 192 193
6965 4 2 1 1 1649 650 1207 1190
6966 4 2 1 1 1649 1207 650 1562
6967 4 2 1 1 192 1616 188 191
6968 4 2 1 1 192 188 1616 1625
6969 4 2 1 1 1747 479 1711 613
6970 4 2 1 1 1747 1711 479 1613
6971 4 2 1 1 1611 487 614 489
6972 4 2 1 1 1611 614 487 1496
6973 4 2 1 1 1878 219 1637 220
6974 4 2 1 1 1878 1637 219 1465
6975 4 2 1 1 1957 1500 1445 1665
6976 4 2 1 1 1957 1445 1500 1797
6977 4 2 1 1 508 1813 506 1006
6978 4 2 1 1 506 1813 508 1634
6979 4 2 1 1 1904 1454 1823 1724
6980 4 2 1 1 1904 1823 1454 1563
6981 4 2 1 1 1741 1675 1078 1527
6982 4 2 1 1 1741 1078 1675 1694
6983 4 2 1 1 1709 681 1529 679
6984 4 2 1 1 1709 1529 681 1678
6985 4 2 1 1 1709 966 677 1550
6986 4 2 1 1 1709 677 966 742
6987 4 2 1 1 137 1917 841 981
6988 4 2 1 1 841 1917 137 1745
6989 4 2 1 1 1653 1302 1058 1513
6990 4 2 1 1 1653 1058 1302 747
6991 4 2 1 1 1711 945 159 1494
6992 4 2 1 1 1711 159 945 1310
6993 4 2 1 1 1697 1023 1744 1495
6994 4 2 1 1 1697 1744 1023 37
6995 4 2 1 1 1790 1432 1964 1566
6996 4 2 1 1 1790 1964 1432 1688
6997 4 2 1 1 472 1675 470 999
6998 4 2 1 1 470 1675 472 1610
6999 4 2 1 1 1630 640 1936 866
7000 4 2 1 1 1630 1936 640 1629
7001 4 2 1 1 1659 1348 1614 1502
7002 4 2 1 1 1659 1614 1348 754
7003 4 2 1 1 1759 83 1590 82
7004 4 2 1 1 1759 1590 83 1746
7005 4 2 1 1 1718 1103 1093 439
7006 4 2 1 1 1718 1093 1103 1654
7007 4 2 1 1 1683 1010 1722 1565
7008 4 2 1 1 1683 1722 1010 165
7009 4 2 1 1 1765 1944 19 1685
7010 4 2 1 1 19 1944 1765 1669
7011 4 2 1 1 1674 490 488 1611
7012 4 2 1 1 1674 488 490 559
7013 4 2 1 1 1731 399 1771 389
7014 4 2 1 1 1731 1771 399 1504
7015 4 2 1 1 1667 865 1970 1149
7016 4 2 1 1 1667 1970 865 1595
7017 4 2 1 1 1529 681 1717 680
7018 4 2 1 1 1529 1717 681 1678
7019 4 2 1 1 876 1667 1808 586
7020 4 2 1 1 1808 1667 876 1566
7021 4 2 1 1 586 1970 1808 542
7022 4 2 1 1 1808 1970 586 1667
7023 4 2 1 1 950 1948 1174 949
7024 4 2 1 1 1174 1948 950 1628
7025 4 2 1 1 252 1773 1072 254
7026 4 2 1 1 1072 1773 252 1721
7027 4 2 1 1 1817 1670 788 1502
7028 4 2 1 1 21 788 1670 1502
7029 4 2 1 1 21 1670 788 147
7030 4 2 1 1 1969 1706 1616 1501
7031 4 2 1 1 1969 1616 1706 1853
7032 4 2 1 1 1827 1036 371 1639
7033 4 2 1 1 1827 371 1036 286
7034 4 2 1 1 1968 1574 1477 1905
7035 4 2 1 1 1968 1477 1574 1556
7036 4 2 1 1 1021 1907 1715 1269
7037 4 2 1 1 1715 1907 1021 1523
7038 4 2 1 1 1879 1576 1472 1662
7039 4 2 1 1 1879 1472 1576 1547
7040 4 2 1 1 1803 577 1471 429
7041 4 2 1 1 1803 1471 577 1698
7042 4 2 1 1 1825 1406 1366 1423
7043 4 2 1 1 1825 1366 1406 1516
7044 4 2 1 1 1934 74 73 1475
7045 4 2 1 1 1934 73 74 928
7046 4 2 1 1 1877 341 1713 1272
7047 4 2 1 1 1877 1713 341 1570
7048 4 2 1 1 1670 1974 1817 1479
7049 4 2 1 1 1817 1974 1670 1502
7050 4 2 1 1 629 1588 1956 630
7051 4 2 1 1 629 1956 1588 1682
7052 4 2 1 1 1906 1727 1781 1194
7053 4 2 1 1 1906 1781 1727 1536
7054 4 2 1 1 724 1781 1727 1194
7055 4 2 1 1 724 1727 1781 1536
7056 4 2 1 1 1719 1080 731 1569
7057 4 2 1 1 1719 731 1080 787
7058 4 2 1 1 1686 896 1805 737
7059 4 2 1 1 1686 1805 896 1583
7060 4 2 1 1 1959 1948 1663 1483
7061 4 2 1 1 1959 1663 1948 1446
7062 4 2 1 1 1714 1885 1238 1514
7063 4 2 1 1 1714 1238 1885 926
7064 4 2 1 1 1155 1238 1885 1514
7065 4 2 1 1 1155 1885 1238 926
7066 4 2 1 1 1748 638 636 1629
7067 4 2 1 1 1748 636 638 1171
7068 4 2 1 1 1877 340 255 1073
7069 4 2 1 1 1877 255 340 1715
7070 4 2 1 1 1759 796 1237 1319
7071 4 2 1 1 1759 1237 796 1635
7072 4 2 1 1 1970 854 1767 1509
7073 4 2 1 1 1970 1767 854 597
7074 4 2 1 1 1697 656 659 1555
7075 4 2 1 1 1697 659 656 993
7076 4 2 1 1 1770 205 1175 1170
7077 4 2 1 1 1770 1175 205 1575
7078 4 2 1 1 1883 1353 595 1352
7079 4 2 1 1 1883 595 1353 1478
7080 4 2 1 1 1697 1744 1455 1495
7081 4 2 1 1 1455 1744 1697 1528
7082 4 2 1 1 1870 496 1544 1038
7083 4 2 1 1 1870 1544 496 1762
7084 4 2 1 1 1680 353 1792 1643
7085 4 2 1 1 1680 1792 353 216
7086 4 2 1 1 335 1896 1650 1014
7087 4 2 1 1 1650 1896 335 1594
7088 4 2 1 1 1723 450 451 449
7089 4 2 1 1 1723 451 450 1548
7090 4 2 1 1 1929 1453 1764 1928
7091 4 2 1 1 1929 1764 1453 1717
7092 4 2 1 1 1728 560 1020 1642
7093 4 2 1 1 1728 1020 560 1028
7094 4 2 1 1 1929 745 1678 1525
7095 4 2 1 1 1929 1678 745 683
7096 4 2 1 1 1614 1974 1659 1502
7097 4 2 1 1 1659 1974 1614 1476
7098 4 2 1 1 1929 1717 683 682
7099 4 2 1 1 1929 683 1717 1678
7100 4 2 1 1 681 683 1717 682
7101 4 2 1 1 681 1717 683 1678
7102 4 2 1 1 1877 1911 1713 1570
7103 4 2 1 1 1713 1911 1877 1506
7104 4 2 1 1 1979 1815 1666 1474
7105 4 2 1 1 1979 1666 1815 1552
7106 4 2 1 1 1945 1457 1978 1607
7107 4 2 1 1 1945 1978 1457 1775
7108 4 2 1 1 1903 403 1771 402
7109 4 2 1 1 1903 1771 403 1581
7110 4 2 1 1 1973 814 181 179
7111 4 2 1 1 1973 181 814 1490
7112 4 2 1 1 278 1954 1062 369
7113 4 2 1 1 1062 1954 278 1739
7114 4 2 1 1 1733 1225 1929 686
7115 4 2 1 1 1733 1929 1225 1571
7116 4 2 1 1 48 1709 965 964
7117 4 2 1 1 965 1709 48 1645
7118 4 2 1 1 1819 1963 1645 1481
7119 4 2 1 1 1645 1963 1819 1550
7120 4 2 1 1 1739 1224 368 1062
7121 4 2 1 1 1739 368 1224 1589
7122 4 2 1 1 1761 1414 1415 1428
7123 4 2 1 1 1761 1415 1414 1489
7124 4 2 1 1 1886 1911 1766 1494
7125 4 2 1 1 1766 1911 1886 1517
7126 4 2 1 1 1809 331 1549 1703
7127 4 2 1 1 1809 1549 331 1203
7128 4 2 1 1 159 1711 972 1310
7129 4 2 1 1 972 1711 159 1672
7130 4 2 1 1 1710 146 1306 822
7131 4 2 1 1 724 1962 726 725
7132 4 2 1 1 726 1962 724 1781
7133 4 2 1 1 1835 1162 1812 1535
7134 4 2 1 1 1835 1812 1162 397
7135 4 2 1 1 1718 1947 1623 1438
7136 4 2 1 1 1623 1947 1718 1505
7137 4 2 1 1 1969 1462 1848 1501
7138 4 2 1 1 1969 1848 1462 1865
7139 4 2 1 1 1841 1147 1115 606
7140 4 2 1 1 1841 1115 1147 1521
7141 4 2 1 1 1830 625 1710 424
7142 4 2 1 1 1830 1710 625 1582
7143 4 2 1 1 1903 810 813 406
7144 4 2 1 1 1903 813 810 1582
7145 4 2 1 1 1921 807 1344 1765
7146 4 2 1 1 1921 1344 807 1361
7147 4 2 1 1 1935 1568 1635 1485
7148 4 2 1 1 1635 1568 1935 1433
7149 4 2 1 1 1635 1891 1935 1485
7150 4 2 1 1 1935 1891 1635 1433
7151 4 2 1 1 1885 291 1559 289
7152 4 2 1 1 1885 1559 291 1703
7153 4 2 1 1 1893 1155 1238 552
7154 4 2 1 1 1893 1238 1155 1514
7155 4 2 1 1 1839 1361 1921 1473
7156 4 2 1 1 1839 1921 1361 1150
7157 4 2 1 1 1761 1422 1426 1669
7158 4 2 1 1 1761 1426 1422 1410
7159 4 2 1 1 1871 1904 1454 1563
7160 4 2 1 1 1454 1904 1871 1536
7161 4 2 1 1 1130 1889 797 1129
7162 4 2 1 1 797 1889 1130 1600
7163 4 2 1 1 1893 511 1732 513
7164 4 2 1 1 1893 1732 511 1632
7165 4 2 1 1 1780 1966 1618 1497
7166 4 2 1 1 1618 1966 1780 1448
7167 4 2 1 1 1935 1835 1812 1535
7168 4 2 1 1 1935 1812 1835 1606
7169 4 2 1 1 1862 404 407 405
7170 4 2 1 1 1862 407 404 1830
7171 4 2 1 1 1846 323 1908 311
7172 4 2 1 1 1846 1908 323 1767
7173 4 2 1 1 1926 800 1698 1602
7174 4 2 1 1 1926 1698 800 801
7175 4 2 1 1 1718 1093 441 439
7176 4 2 1 1 1718 441 1093 1822
7177 4 2 1 1 1860 119 851 850
7178 4 2 1 1 1860 851 119 1590
7179 4 2 1 1 1962 785 1695 1934
7180 4 2 1 1 1962 1695 785 929
7181 4 2 1 1 154 1695 785 1934
7182 4 2 1 1 154 785 1695 929
7183 4 2 1 1 1957 1445 1496 1665
7184 4 2 1 1 1957 1496 1445 1642
7185 4 2 1 1 1851 426 1106 422
7186 4 2 1 1 1851 1106 426 1534
7187 4 2 1 1 1856 422 423 425
7188 4 2 1 1 1856 423 422 1851
7189 4 2 1 1 1754 811 812 1692
7190 4 2 1 1 1754 812 811 824
7191 4 2 1 1 1824 572 1530 1723
7192 4 2 1 1 1824 1530 572 920
7193 4 2 1 1 1839 1420 1327 1404
7194 4 2 1 1 1839 1327 1420 149
7195 4 2 1 1 1862 403 404 405
7196 4 2 1 1 1862 404 403 1581
7197 4 2 1 1 1895 1772 610 1875
7198 4 2 1 1 1895 610 1772 1655
7199 4 2 1 1 1811 1426 1761 1415
7200 4 2 1 1 1811 1761 1426 1669
7201 4 2 1 1 1709 1880 1439 1492
7202 4 2 1 1 1439 1880 1709 1645
7203 4 2 1 1 1764 1929 365 1717
7204 4 2 1 1 365 1929 1764 1571
7205 4 2 1 1 1851 1271 1568 421
7206 4 2 1 1 1851 1568 1271 1772
7207 4 2 1 1 1937 1805 1926 1491
7208 4 2 1 1 1937 1926 1805 1434
7209 4 2 1 1 1822 448 1530 441
7210 4 2 1 1 1822 1530 448 1735
7211 4 2 1 1 442 1530 448 441
7212 4 2 1 1 1308 1940 1647 475
7213 4 2 1 1 1647 1940 1308 1711
7214 4 2 1 1 1840 525 1923 1684
7215 4 2 1 1 1840 1923 525 523
7216 4 2 1 1 1659 1921 540 541
7217 4 2 1 1 1659 540 1921 1626
7218 4 2 1 1 758 540 1921 541
7219 4 2 1 1 758 1921 540 1626
7220 4 2 1 1 1849 403 401 1581
7221 4 2 1 1 1849 401 403 583
7222 4 2 1 1 1679 1966 1704 1497
7223 4 2 1 1 1704 1966 1679 1487
7224 4 2 1 1 1895 381 209 208
7225 4 2 1 1 1895 209 381 1655
7226 4 2 1 1 1876 1744 1652 1486
7227 4 2 1 1 1876 1652 1744 1528
7228 4 2 1 1 1757 1888 1975 1512
7229 4 2 1 1 1975 1888 1757 1498
7230 4 2 1 1 1904 1962 725 784
7231 4 2 1 1 725 1962 1904 1536
7232 4 2 1 1 725 723 1904 784
7233 4 2 1 1 1904 723 725 1536
7234 4 2 1 1 1874 459 1174 1628
7235 4 2 1 1 1874 1174 459 457
7236 4 2 1 1 1385 170 16 1387
7237 4 2 1 1 1385 16 170 1322
7238 4 2 1 1 1978 344 1085 1768
7239 4 2 1 1 1978 1085 344 239
7240 4 2 1 1 1821 686 688 1233
7241 4 2 1 1 1821 688 686 1733
7242 4 2 1 1 875 1826 376 1172
7243 4 2 1 1 376 1826 875 1608
7244 4 2 1 1 1741 1910 1076 361
7245 4 2 1 1 1741 1076 1910 1705
7246 4 2 1 1 1226 1076 1910 361
7247 4 2 1 1 1226 1910 1076 1705
7248 4 2 1 1 1945 711 712 710
7249 4 2 1 1 1945 712 711 1843
7250 4 2 1 1 345 1774 1282 1287
7251 4 2 1 1 1282 1774 345 1760
7252 4 2 1 1 1156 1756 1518 168
7253 4 2 1 1 1518 1756 1156 1734
7254 4 2 1 1 1936 640 637 867
7255 4 2 1 1 1936 637 640 1629
7256 4 2 1 1 1406 1337 100 1412
7257 4 2 1 1 1406 100 1337 144
7258 4 2 1 1 1750 1884 1893 1514
7259 4 2 1 1 1893 1884 1750 1495
7260 4 2 1 1 1965 1785 1533 1554
7261 4 2 1 1 1965 1533 1785 1458
7262 4 2 1 1 1777 1829 1863 1503
7263 4 2 1 1 1863 1829 1777 1561
7264 4 2 1 1 1166 1419 1761 172
7265 4 2 1 1 1166 1761 1419 1405
7266 4 2 1 1 1949 1241 396 198
7267 4 2 1 1 1949 396 1241 1603
7268 4 2 1 1 1914 1262 947 112
7269 4 2 1 1 1914 947 1262 1612
7270 4 2 1 1 1855 1306 1710 146
7271 4 2 1 1 1855 1710 1306 1592
7272 4 2 1 1 1969 838 1135 855
7273 4 2 1 1 1969 1135 838 1845
7274 4 2 1 1 1394 1915 1335 1381
7275 4 2 1 1 1335 1915 1394 1357
7276 4 2 1 1 641 1890 1178 1180
7277 4 2 1 1 1178 1890 641 1804
7278 4 2 1 1 1424 171 1473 1323
7279 4 2 1 1 1424 1473 171 1409
7280 4 2 1 1 1485 1937 1851 1534
7281 4 2 1 1 1485 1851 1937 1456
7282 4 2 1 1 1772 1851 1937 1534
7283 4 2 1 1 1772 1937 1851 1456
7284 4 2 1 1 1614 1898 545 393
7285 4 2 1 1 1614 545 1898 1796
7286 4 2 1 1 1128 545 1898 393
7287 4 2 1 1 1128 1898 545 1796
7288 4 2 1 1 1797 1912 1613 1523
7289 4 2 1 1 1613 1912 1797 1500
7290 4 2 1 1 1874 1968 1905 1524
7291 4 2 1 1 1905 1968 1874 1477
7292 4 2 1 1 1889 804 1130 1753
7293 4 2 1 1 1889 1130 804 1129
7294 4 2 1 1 1368 1423 1825 794
7295 4 2 1 1 1368 1825 1423 1408
7296 4 2 1 1 1971 654 973 995
7297 4 2 1 1 1971 973 654 1749
7298 4 2 1 1 105 1761 1410 1419
7299 4 2 1 1 1410 1761 105 1359
7300 4 2 1 1 1670 788 798 1817
7301 4 2 1 1 1670 798 788 147
7302 4 2 1 1 1530 448 1723 442
7303 4 2 1 1 1530 1723 448 1735
7304 4 2 1 1 449 1723 448 442
7305 4 2 1 1 1723 448 450 449
7306 4 2 1 1 1723 450 448 1735
$EndElements
