$MeshFormat
2.2 0 8
$EndMeshFormat
$PhysicalNames
1
3 1 "Cylinder"
$EndPhysicalNames
$Nodes
1789
1 2.5 -6.123233995736766e-16 10
2 2.5 -6.123233995736766e-16 0
3 2.451963201008077 0.4877258050403194 10
4 2.309698831278218 0.956708580912722 10
5 2.078674030756365 1.388925582549002 10
6 1.767766952966372 1.767766952966366 10
7 1.38892558254901 2.07867403075636 10
8 0.9567085809127307 2.309698831278214 10
9 0.4877258050403284 2.451963201008075 10
10 8.479753534582093e-15 2.5 10
11 -0.4877258050403102 2.451963201008078 10
12 -0.9567085809127129 2.309698831278221 10
13 -1.388925582548995 2.07867403075637 10
14 -1.767766952966358 1.767766952966379 10
15 -2.078674030756355 1.388925582549018 10
16 -2.309698831278211 0.956708580912739 10
17 -2.451963201008073 0.4877258050403367 10
18 -2.5 1.806973009378934e-14 10
19 -2.45196320100808 -0.4877258050403002 10
20 -2.309698831278225 -0.9567085809127056 10
21 -2.078674030756372 -1.388925582548992 10
22 -1.76776695296638 -1.767766952966358 10
23 -1.388925582549018 -2.078674030756354 10
24 -0.9567085809127361 -2.309698831278212 10
25 -0.4877258050403326 -2.451963201008074 10
26 -1.156147279593182e-14 -2.5 10
27 0.4877258050403099 -2.451963201008078 10
28 0.9567085809127147 -2.309698831278221 10
29 1.388925582549001 -2.078674030756366 10
30 1.767766952966365 -1.767766952966372 10
31 2.07867403075636 -1.388925582549009 10
32 2.309698831278216 -0.956708580912726 10
33 2.451963201008076 -0.4877258050403218 10
34 2.5 -6.123233995736766e-16 0.5
35 2.5 -6.123233995736766e-16 1
36 2.5 -6.123233995736766e-16 1.5
37 2.5 -6.123233995736766e-16 2
38 2.5 -6.123233995736766e-16 2.5
39 2.5 -6.123233995736766e-16 3
40 2.5 -6.123233995736766e-16 3.5
41 2.5 -6.123233995736766e-16 4
42 2.5 -6.123233995736766e-16 4.5
43 2.5 -6.123233995736766e-16 5
44 2.5 -6.123233995736766e-16 5.5
45 2.5 -6.123233995736766e-16 6
46 2.5 -6.123233995736766e-16 6.5
47 2.5 -6.123233995736766e-16 7
48 2.5 -6.123233995736766e-16 7.5
49 2.5 -6.123233995736766e-16 8
50 2.5 -6.123233995736766e-16 8.5
51 2.5 -6.123233995736766e-16 9
52 2.5 -6.123233995736766e-16 9.5
53 2.451963201008077 0.4877258050403194 0
54 2.309698831278218 0.956708580912722 0
55 2.078674030756365 1.388925582549002 0
56 1.767766952966372 1.767766952966366 0
57 1.38892558254901 2.07867403075636 0
58 0.9567085809127307 2.309698831278214 0
59 0.4877258050403284 2.451963201008075 0
60 8.479753534582093e-15 2.5 0
61 -0.4877258050403102 2.451963201008078 0
62 -0.9567085809127129 2.309698831278221 0
63 -1.388925582548995 2.07867403075637 0
64 -1.767766952966358 1.767766952966379 0
65 -2.078674030756355 1.388925582549018 0
66 -2.309698831278211 0.956708580912739 0
67 -2.451963201008073 0.4877258050403367 0
68 -2.5 1.806973009378934e-14 0
69 -2.45196320100808 -0.4877258050403002 0
70 -2.309698831278225 -0.9567085809127056 0
71 -2.078674030756372 -1.388925582548992 0
72 -1.76776695296638 -1.767766952966358 0
73 -1.388925582549018 -2.078674030756354 0
74 -0.9567085809127361 -2.309698831278212 0
75 -0.4877258050403326 -2.451963201008074 0
76 -1.156147279593182e-14 -2.5 0
77 0.4877258050403099 -2.451963201008078 0
78 0.9567085809127147 -2.309698831278221 0
79 1.388925582549001 -2.078674030756366 0
80 1.767766952966365 -1.767766952966372 0
81 2.07867403075636 -1.388925582549009 0
82 2.309698831278216 -0.956708580912726 0
83 2.451963201008076 -0.4877258050403218 0
84 -2.485426401500633 -0.2695470324889797 0.4647245369271265
85 -1.597299652359774 1.923183251947496 9.601081799273345
86 -1.179335827552124 -2.20435183349935 9.574020411050272
87 -1.136352572368789 2.2268145031122 0.4140454057853115
88 -2.490301241280668 -0.2199993810808621 9.598139362127286
89 -1.178491842065006 -2.204803160870881 0.4242559114049924
90 2.462499999999744 0.431385848169898 5.25
91 2.462499999999926 -0.4313858481688582 4.75
92 2.462499999999697 0.4313858481701601 3.25
93 2.462530717341786 -0.4312104661857697 6.749780650630048
94 0.2514882574188418 2.48731856753019 9.6105510033942
95 0.7256611155756437 -2.392366181281936 0.4242997447455706
96 2.467621755236441 -0.4010522074291886 3.246231550368399
97 2.462500000000031 0.4313858481682538 6.75
98 0.7253133216224593 -2.392471647789582 9.578963724812409
99 0.7948182059799801 2.37028775034652 0.4179825561397303
100 1.571086234831577 1.944656278811949 9.598370852006891
101 -2.166753109525748 1.247068948519088 0.4268759546296324
102 2.458696124342074 0.4525631095717642 1.753252180613129
103 2.462580052986053 -0.4309286282381417 8.249999188154106
104 2.464751814386863 -0.4183282126233703 1.736540003154475
105 2.462499999999997 0.4313858481684535 8.25
106 1.934845175902957 -1.58315322861846 0.4436139203980565
107 1.956222683142012 -1.556660789626522 9.535611946421543
108 1.946820114163079 1.568404107075105 0.3993729415360369
109 2.46250000000002 -0.431385848168318 5.75
110 2.459952791330136 0.4456817972803804 4.258474859005275
111 -2.194540275666353 -1.19749445864198 0.420233613240016
112 -2.198697318042593 -1.189844571207646 9.570748156129069
113 -0.7141119367652544 2.395838922333757 9.584498656197137
114 -0.2393852792004975 2.48851254529731 0.4124138961081021
115 -2.39445060549789 0.718753294135609 9.573369357498306
116 -0.2468326025771242 -2.487784891485798 0.4152287420561565
117 -0.2511302873657905 -2.487354735209189 9.642406709918802
118 2.216879966921442 1.155613781616672 9.565863673247875
119 2.459578015393587 0.447745447986402 0.7273747003793009
120 2.464007420883167 -0.4226907023258061 9.236706555960048
121 2.464007730055707 -0.4226889000502862 0.7632798988383789
122 2.4625 0.4313858481684344 9.25
123 2.462604934821986 0.4307864145843052 8.751050088883742
124 2.351808977671803 0.8479354530518877 8.501046937037295
125 2.351401285496151 0.8490653653088482 8.003385802651463
126 2.171267977993184 1.239191416909185 8.253235869224762
127 2.170505098914592 1.240527152296861 7.756659487883812
128 1.926512225114165 1.593282977529626 8.006181754273904
129 1.925458233109908 1.594556550439422 7.510292164626982
130 1.623855002502117 1.900814280998764 7.75909081764751
131 1.62357060779369 1.901057201009067 7.264141102346692
132 1.275170859762067 2.150334689859621 7.512444993681457
133 1.273611789197047 2.151258471318195 7.019534016801653
134 0.889242005129362 2.336503510871215 7.26711000447943
135 0.886881683461187 2.337400453397118 6.775211228492561
136 0.4771446102381113 2.454044217393142 7.021383064067199
137 0.4749234032030575 2.454475047966474 6.52884572910795
138 0.05148066711799611 2.499469891979714 6.775936361267815
139 0.04910994378865233 2.499517596141519 6.283615283068165
140 -0.3753367241871171 2.471663881573804 6.530747302792435
141 -0.3778904779858643 2.471274729091773 6.038956249670307
142 -0.7908790235275405 2.371605019842917 6.285910684913327
143 -0.7939517363129389 2.370578123666391 5.79375713657914
144 -1.183279755255937 2.202237276226485 6.041127208977389
145 -1.184907897646022 2.201361686342361 5.549022823816588
146 -1.540470146794338 1.968997645208198 5.796427052905023
147 -0.7956855516320063 2.369996730572443 5.301430435291058
148 -1.541829139305897 1.967933663817771 5.304728330612304
149 -1.8526974048963 1.678544704763777 5.551963523525417
150 -1.853911480799008 1.677203691076797 5.060490260193368
151 -2.110991818632328 1.339295912659848 5.307685608408079
152 -2.111889170228845 1.337880462773159 4.81637745786474
153 -1.855107169621696 1.67588107848325 4.569193758719933
154 -2.112839037246507 1.336379887115656 4.325158268395832
155 -2.308466425036982 0.9596784693203108 4.572298594049267
156 -2.110096424371614 1.340706186997782 5.799004459253147
157 -2.309111160588839 0.9581261128077369 4.081254893104522
158 -2.437941269613746 0.553572367368634 4.328249710542869
159 -1.856325015134567 1.674532005721494 4.078022972158458
160 -2.43828077817916 0.5520750372567409 3.837100845173918
161 -2.496548520231646 0.1313220702288013 4.08417531174745
162 -2.496416155890746 0.1338147099823972 4.576018396332951
163 -2.496647178135019 0.129432870285893 3.592881354519666
164 -2.482539149414817 -0.2949565588739446 3.840103956436639
165 0.4702771932998918 2.45536949591339 6.037815273072349
166 -1.181763899404553 2.203051085668271 6.534162411925065
167 -2.482322026944299 -0.2967782919068517 3.348727671357209
168 -2.396275220401372 -0.7126465239446239 3.596053779144555
169 -2.438843623090688 0.5495832804133381 3.345918192791797
170 -2.395775823913276 -0.7143235972251387 3.104583285544087
171 -2.24024305904135 -1.109644554087954 3.351832674274654
172 -2.241013976026569 -1.108086801317291 3.843525142977814
173 -2.019901567510467 -1.47309119119244 3.599186647930352
174 -2.020908089152071 -1.471710058129565 4.091120807855114
175 -1.740968768336426 -1.794164916521652 3.846574953734111
176 -1.742188414850239 -1.79298062654386 4.338831947890309
177 -1.411459609973577 -2.063439305967888 4.09409205764661
178 -1.4128220585741 -2.062506686245269 4.58666647448385
179 -1.040636143312246 -2.273120414151484 4.341758909104324
180 -1.042407607130929 -2.272308601531837 4.834632328114377
181 -1.41426135864292 -2.06152002402341 5.079586527960519
182 -1.044030645881906 -2.271563340622359 5.327441939488391
183 -1.416029964496217 -2.060305593752743 5.572140681538159
184 -1.045869145360449 -2.270717448469317 5.819949518205262
185 -1.417365787432157 -2.059386856473747 6.064403258012185
186 -1.039064921926646 -2.273839063790921 3.848842092818159
187 -0.6378295779811493 -2.417265692771978 4.096783709242513
188 -0.6435647155591424 -2.415745114221962 5.575387024944487
189 -0.6455255854324107 -2.415221877706506 6.068139997167
190 -0.636086238986729 -2.417725025012505 3.603537040444393
191 -0.2159574280606729 -2.490655012093288 3.851642513611846
192 -0.2241117102309141 -2.489934525512142 5.823443902613127
193 -0.2261311531211654 -2.489751935753458 6.316555687637688
194 -0.2141219239564905 -2.490813481913323 3.35815334599047
195 0.2021493937772796 -2.49181372148792 6.071627743648419
196 0.1999625281768546 -2.491990165976809 6.564677786149203
197 -0.2287257141125436 -2.489514922169318 6.809613674913359
198 0.2125906470471492 -2.490944643461206 3.60647901867789
199 -2.018994172376096 -1.474334606495881 3.107486927710632
200 0.2143505617620015 -2.4907938165718 3.11270639146456
201 0.6228017447818375 -2.421181113980674 6.32003528578346
202 0.6209826562939924 -2.421648310672311 6.813933391993774
203 0.6247852325605432 -2.42067003393157 5.825948202883125
204 -0.2124263083903029 -2.490958663547765 2.864518150141081
205 -1.746049016780604 -1.789221291791344 5.816818565369573
206 -1.747280703289653 -1.788018496523908 6.308674282930212
207 -2.024905059066611 -1.46620581835104 6.061155767278378
208 -2.026033164793556 -1.464646583704276 6.55281524073545
209 0.635071737579999 -2.41799170555383 3.361155462047364
210 0.6367546430337889 -2.417549073871079 2.866998214025054
211 -2.244722114055793 -1.100555600898424 6.305434544892806
212 -2.245512651842461 -1.098941732038345 6.796949633985948
213 -2.027205565889447 -1.463023442610148 7.044281765895985
214 -2.24635347816306 -1.097221969860576 7.288337137935284
215 -2.399586017419279 -0.7014178105850195 7.041024152540961
216 0.05306442178035758 2.499436769982613 7.269212624200588
217 -2.02833155554271 -1.461461973774785 7.535631598169642
218 1.027913644451256 -2.278901827536881 6.074715798018659
219 1.029778811750054 -2.278059612668344 5.579891185334778
220 1.620250240575984 1.903887905816271 6.771382782244423
221 1.039242111900796 -2.273758085824429 3.115658860015962
222 1.040549555455725 -2.273160052139068 2.621285259223781
223 -2.400125535766749 -0.6995694479895294 7.532231930313272
224 -2.483863240834588 -0.2835901987564071 7.285016814252848
225 0.6386864850430238 -2.417039423307652 2.373027345324624
226 1.037566035244962 -2.274523405574462 3.610353944955533
227 -2.483659664297109 -0.285367608434405 6.79390653330334
228 -2.496046139889599 0.1405477411495231 7.037958715250163
229 -2.49594641058723 0.142307819450371 7.528968034464763
230 -2.435933814823176 0.5623401548893756 7.281922465927639
231 1.041925371643079 -2.272529762165159 2.127286213036912
232 1.413574790222067 -2.061990861388246 2.375378216295692
233 0.8898487084454014 2.336272517511185 7.7610607146196
234 -2.435533152624522 0.5640729230045139 7.772872034214255
235 -2.305074128831017 0.9677981507493851 7.525866188295709
236 -2.482091901662888 -0.2986968223793272 2.857375919301125
237 -2.395299894541313 -0.7159178830078037 2.613290450849715
238 -2.481873199423052 -0.3005086055100341 2.366181414380061
239 1.40317497937907 -2.06908191651383 5.82915237114852
240 1.404792168572412 -2.067984275355502 5.333654526803394
241 1.401383563065952 -2.070295657428808 6.324611334533289
242 1.411737289563068 -2.063249336667074 3.36452980384334
243 -2.30435801142892 0.9695020140068571 8.016984735388085
244 -2.107206896189094 1.345243136631116 7.769935166992555
245 -2.394822490011029 -0.7175132342593954 2.12220954910595
246 -2.24395266575943 -1.102123601884629 5.813844358621122
247 -1.750555512698331 -1.78481242626823 7.291682616656125
248 -1.751935718242307 -1.783457663962566 7.782876527370139
249 0.2101150129576058 -2.491154688358357 4.099565372482217
250 -2.495840908328307 0.1441463156481361 8.019855140421207
251 -2.029362833133941 -1.460029620074396 8.026833301240229
252 1.414515668831133 -2.061345536932421 1.881285036256771
253 -2.108199608913643 1.343686871624621 7.278831991324382
254 0.6400848350871504 -2.416669485860956 1.87943558468574
255 -1.849382002564742 1.68219684002486 7.522835180975418
256 -1.84821809587783 1.683475532958448 8.013921110811326
257 -1.536779774440895 1.971879287600889 7.766813602154135
258 -1.544847745146191 1.965564917349903 4.32203241914304
259 -1.546302522598051 1.964420654698708 3.830776585982774
260 -1.190070253730276 2.198575172966883 4.07482408299977
261 -1.191594036299594 2.197749679252676 3.583444261749091
262 -0.8006344240837711 2.368329478550661 3.827626276555155
263 -0.8022584911531512 2.367779827892084 3.335850949111589
264 -0.3876191806734278 2.46976747301726 3.580261175760392
265 -1.193291705055455 2.196828374417502 3.091857887232405
266 -0.3893428758435064 2.46949633023212 3.088058052293233
267 0.0369443118501846 2.499727008659529 3.332745830288974
268 0.03516610912439729 2.49975265671807 2.840165586935647
269 0.4609514367695622 2.457137312593677 3.084936161275133
270 0.4625224574118061 2.456842073961968 3.57827420818012
271 0.8736837274103936 2.342365629968618 3.330084900140537
272 0.8718667969526157 2.343042528075747 2.836099723419749
273 0.8753732623773749 2.341734752595774 3.824270360028852
274 1.261436907650066 2.158420007324394 3.575477865607085
275 1.262872389509564 2.157580433683622 4.070165807610548
276 -0.391367979757145 2.469176199549318 2.595641934461055
277 0.03283992555019864 2.499784298552549 2.347797363740475
278 -0.3931074750442108 2.468899858857051 2.103434013304924
279 0.8766784327036232 2.341246447009011 4.318918674022242
280 1.264223430543186 2.156789075840662 4.564998453761419
281 1.612361905678132 1.910572972989512 3.821161258236706
282 1.610930286148117 1.911780220938261 3.325666255911738
283 0.03063133998262936 2.499812337158705 1.855668835797847
284 -0.3871126717249915 2.469846914160863 4.072551826097331
285 -2.307178759336474 0.9627700517084069 5.554758782936491
286 1.409998486226373 -2.064438003147427 3.8590538734575
287 1.745221331584721 -1.79002863211225 2.12968792598641
288 -1.423365552769951 -2.055244633416638 7.538934946114125
289 -1.424930548052592 -2.054159909361133 8.030211930155948
290 -1.055141415974857 -2.266423745087086 7.786293474599809
291 1.743245798590845 -1.791952590247679 3.613504240474799
292 1.740270634879114 -1.794842087030903 4.108002562331538
293 1.735815951927229 -1.799150627667113 6.078654770595233
294 1.734288598998217 -1.800622963139369 6.574786519307198
295 -2.481658532549478 -0.3022762442276468 1.875287018567198
296 -2.496953545844073 0.1233814811740761 2.11911289954081
297 -2.497044738667404 0.1215219037599133 1.628397385708463
298 -2.44018785362878 0.5435837000891076 1.872151245549328
299 -1.857975499297896 1.672700524304555 3.586448471958739
300 -1.037409489350479 -2.274594810379549 3.355711646159413
301 -2.241604398129498 -1.106891919875872 4.335952061678642
302 -1.056952999537634 -2.265579474829431 8.277573407052492
303 -0.6564358052769677 -2.412279426921843 8.033633335193098
304 -1.535382618341346 1.97296736295745 8.257962014222713
305 -1.179480580434508 2.20427438409511 8.010868292180453
306 1.623751384413545 1.900902796466746 8.253934993191509
307 -1.846859471976401 1.684965901960941 8.504994197889674
308 2.005687809538635 -1.492386146635016 3.868798053192426
309 -0.3950742087350973 2.468585904843568 1.611668997418204
310 -0.8071324959556101 2.366122806190006 1.85972406953379
311 2.00161134746128 -1.497849129156285 3.361247006390395
312 1.913942416872483 1.60836078816176 3.572149047200772
313 1.91314006110824 1.609315104814082 3.075647462479072
314 1.916220695743019 1.605645740880018 4.06803717383922
315 -2.394327433251531 -0.7191635018402516 1.631390817334353
316 -2.238278259553464 -1.113602457257668 1.878212265030118
317 -2.43630994711231 0.5607083391582611 6.790894685098501
318 -0.2222170588403426 -2.490104330898677 5.330202262156732
319 0.8780806389482272 2.340720912775437 4.813547266052063
320 1.265486782014738 2.156048052466824 5.059864508881253
321 1.030920338408522 -2.277543250051612 5.085241629010131
322 2.018841456818866 -1.47454371662202 4.358433262014023
323 -1.426586178093253 -2.0530104423683 8.521296539972194
324 1.746210933456436 -1.789063267712241 1.635206234102667
325 1.41596678743301 -2.060349013368036 1.387087029567367
326 2.000347170328232 -1.499536994595277 6.322484024564238
327 2.00660474334875 -1.491153045119882 6.824896502541192
328 1.72928429430866 -1.805429541537803 7.071990298505448
329 1.995410230482729 -1.506100266278731 7.327133801012861
330 1.724905743997979 -1.809613266508283 7.569749648430872
331 2.016791764860976 -1.477345923333106 5.831527726960326
332 2.013504838542529 -1.481822615958409 7.817813523925453
333 1.728569331716043 -1.806114078747727 8.063506934277854
334 1.394507492251639 -2.074933457741246 7.814120104069155
335 1.393833127722357 -2.075386521124128 8.308236376077675
336 1.021299790810262 -2.281873514744171 8.059222113381525
337 2.011916237253648 -1.483978791720125 8.313334481605354
338 -1.177870084151369 2.205135384701186 8.502056018690551
339 -0.7877940243092219 2.372631571749538 8.254927611984984
340 -2.440584552459815 0.5417998175475179 1.381564203329744
341 -2.313289899333873 0.9479925324810728 1.624578582716767
342 -2.31253705298526 0.949827552016811 2.115869656791534
343 -2.118577200038546 1.327264347248443 1.868232587390249
344 -2.117731085095319 1.328613958688152 2.359598363083938
345 -1.862316480584493 1.667866099584552 2.112217951402358
346 -1.862327530771766 1.667853761014297 1.620640137966693
347 -0.6583703014924053 -2.411752173444195 8.525096675781054
348 -0.2385195926891547 -2.488595669027695 8.281110184293004
349 0.02855249531230232 2.499836945684946 1.363981380186518
350 0.453393110785007 2.458543204235527 1.607352831761785
351 2.010265028643959 -1.486214827880244 1.890198301704313
352 2.238184570116949 -1.113790747892265 7.571945756027334
353 1.019532225775479 -2.282663803674404 8.55032553209193
354 1.392069614316757 -2.076569813152449 8.801387018002753
355 2.001132312498979 -1.498489061645926 1.392948950572708
356 -1.180509382323312 2.203723575734178 7.519302887345886
357 0.2186893595193918 -2.490416624589749 2.124399116795999
358 0.2230460175504536 -2.490030215490343 1.638884263210771
359 -0.2055459662019544 -2.491535842764078 1.87689344702276
360 -1.861448373995856 1.668834908236337 2.603508442760064
361 -1.551605867607137 1.960234483832765 2.35642751810899
362 -1.419201046360922 -2.058122540085518 6.556226150675244
363 -2.398637333357489 -0.7046551944204149 6.058139533666039
364 -2.398151845650728 -0.7063056882129759 5.566601901300607
365 -2.483308502761918 -0.2884074896918682 5.810844442860359
366 -2.243186092668758 -1.103682995093007 5.322312300869251
367 -2.397670890255768 -0.7079366511349099 5.074882532655904
368 -1.053196909036076 -2.267328002472703 7.294987558420845
369 1.61474757799017 1.908557114517373 4.811257745171837
370 1.615867546233984 1.907608993747871 5.30660656699888
371 1.916914433884489 1.604817451663991 5.058015377427193
372 1.918804082754979 1.602557609573778 5.553623391254229
373 -0.8089467495409765 2.365503150792044 1.367926716335378
374 2.229642940290526 -1.130792801008487 4.141482466358087
375 -0.2367352497694037 -2.488766043949615 7.789596954091199
376 2.023325589985154 -1.468384676067967 2.37947663642709
377 2.16953999750031 1.242214232427866 7.260492195105058
378 0.4651253930245997 2.456350620079249 4.567573562815063
379 -1.850530522081431 1.680933308268066 7.03174288647004
380 1.034931732062851 -2.275723249863522 4.104494342462447
381 0.4660622750120673 2.456173030511201 5.060844213847298
382 -2.116686850642999 1.330276954741012 2.850538855061291
383 0.04021602175935121 2.499676513390053 4.815910979904534
384 1.616008428634403 1.907489648355285 5.800968865066209
385 -2.237743497678518 -1.114676652037492 1.388184327243026
386 -2.016913924761671 -1.477179142860632 1.634268975490351
387 -2.017720539668272 -1.476077174066714 2.125035837060848
388 -1.737942102329457 -1.797096894702861 1.880968681114463
389 -1.736764955619079 -1.798234547808894 1.390074163668206
390 -1.403575928319975 -2.068809951020325 1.634501016601235
391 -1.40549415617354 -2.067507237463034 2.125772915577444
392 -0.1988843895409962 -2.492076443369446 1.407865775876566
393 1.916805345025231 1.604947746589497 6.046912796294467
394 2.164615227119141 1.250776126460667 5.800506854757474
395 2.165314978716117 1.249564341259633 6.295666604203985
396 0.6852715066156831 -2.404246859667424 1.336486346935391
397 -2.10917465434176 1.342155832041242 6.787729991137873
398 1.609634110956431 1.912871670772898 2.829617978625399
399 1.911271409789079 1.611533927077822 2.579291689065623
400 1.607558418521437 1.914616392659599 2.333509731079519
401 1.909867187232655 1.613197857403743 2.083994347993857
402 1.606347113861802 1.915632780516104 1.838063988311097
403 1.908229135763696 1.615135153918253 1.588419005672761
404 1.604773025967537 1.916951625661689 1.343086369811502
405 2.159177446188995 1.26013997471264 2.329602355935477
406 1.254875578310445 2.16224126381864 2.087766727193432
407 2.159188152141581 1.260121630498986 3.809864562102553
408 2.161375209432662 1.256366667836232 4.309822470217283
409 2.169087409058898 1.243004349092214 8.741132434239889
410 -2.39644274708831 -0.7120829726428184 1.157352398215713
411 1.023152705521192 -2.281043301032373 7.565258796655681
412 -0.7193432209622055 2.39427344521375 8.774538560392704
413 -0.3650293568293464 2.47320714228565 8.494760006032465
414 -2.306549671346588 0.9642762123017173 6.045939291876016
415 -1.850709600889554 1.680736140259745 6.538587721294615
416 2.347356495845384 0.8601845624123221 6.046050058555362
417 -0.3737503930790351 2.4719042545522 8.00720821936773
418 0.05356370889217716 2.499426119950281 8.251166932749497
419 0.05269389274373318 2.499444609041679 8.743762239555297
420 0.47596700520556 2.454272888241169 8.496640023743579
421 -1.18830454325141 2.199530020819915 4.566190350586316
422 -0.6222639527027403 -2.421319386856422 1.630713599329093
423 -0.6286245455847552 -2.419675842068181 2.122289108655616
424 -0.6074329802847157 -2.425082508794789 1.171914700640088
425 0.1884693473985594 -2.492885738474823 8.036990032474678
426 0.186070619841565 -2.493065928617167 8.531681286403066
427 0.1904629821380028 -2.49273421215241 7.545598432843277
428 -1.197744920074268 2.194403587865342 1.615869089657455
429 -2.436762975637716 0.558736253129529 5.801688273170252
430 -2.437132079535056 0.5571240677812566 5.310608556279752
431 1.404896913616216 -2.067913117640978 4.839718439539641
432 1.737963306082825 -1.797076388668456 5.08835930565097
433 0.04154610171220469 2.499654760448434 5.305167854979637
434 2.225278869620247 -1.139356815234647 2.139078320821268
435 2.242373841656627 -1.105332327516979 2.625050508407118
436 -2.497626909722657 0.1089027999146487 1.150650878070336
437 -2.447600039705602 0.5091699575123576 0.8614538280888785
438 2.221264949425924 -1.147162597216213 6.117300041132246
439 2.237645558587047 -1.114873245770866 5.628939527187998
440 -1.398955850560269 -2.071936902558375 1.153289756596556
441 -1.753515137728939 -1.781904784705249 0.8663654142991973
442 -1.17626026025551 2.20599451498494 8.993215299177978
443 2.235513839771869 -1.119141578259173 4.642106211256046
444 0.4592662151615725 2.457452856844087 1.128898658366996
445 0.8673515163557957 2.344717754245765 1.359873262386979
446 -1.207362477324113 2.18912673190699 1.13943647776534
447 2.388006957111075 -0.7398802421940363 2.404507418458771
448 -0.859500647846117 2.347607002109191 0.8622412329815762
449 1.900596563034933 1.624109819125481 1.110627523203784
450 2.152585215197241 1.271368117939981 1.335181547770623
451 1.599618336056486 1.921255105120577 0.8768000431263626
452 0.4604265822588292 2.457235715666988 8.970812871264039
453 0.8793286987104352 2.340252345287622 8.740066370856931
454 0.9326371718244231 2.319523206551584 9.232147866894893
455 1.271074245710611 2.152758756082808 8.985602601294552
456 2.109513032647977 1.34162392833772 0.8157897784969721
457 0.9695087522240142 -2.304355176478017 9.105249627939124
458 1.372648552745626 -2.089458291195433 9.249965377592414
459 1.732003295721836 -1.802821284434123 9.04996269128814
460 2.339468905850449 0.8814109362600987 1.080882066650157
461 2.347171354272714 0.8606896268002748 5.547222660635625
462 0.01313686033658245 2.499965484341833 0.8467279250316441
463 0.6152417189137837 -2.423113209758887 8.797501487126409
464 1.254128821821971 2.162674478111636 1.097700851763349
465 1.215504084051089 2.184616630362207 0.6348942132051176
466 -2.43635459398358 0.560514310589038 6.293775586922179
467 -2.24241706517921 -1.105244636174751 4.830729483632573
468 -2.022926431017091 -1.46893453043097 5.077862196815721
469 -2.397155543267663 -0.7096797174649372 4.582047512896257
470 2.462606568743762 -0.4307770741115102 1.248933548637483
471 2.363229347197909 -0.8155654802298513 0.9956451129228575
472 2.374687209787401 -0.7815757517170867 0.4670031876036483
473 2.185273025462748 -1.214323599451518 0.728444139642493
474 2.462857530048308 -0.4293399430338929 8.748542676488526
475 2.353102312413989 -0.8443396871591078 8.99868908821659
476 2.373795845700578 -0.7842788298396661 9.532544221280215
477 2.203791825622988 -1.180381967550036 9.252472262388563
478 2.168676045245508 -1.24372191858884 8.715062654113737
479 2.366341878308407 -0.806489996815733 1.477581197708493
480 -1.55320830194247 1.958965025409333 1.373995786661463
481 -1.55778730791139 1.955325728187041 0.9045289000514224
482 -1.862575328829843 1.667577028036306 1.12769976889828
483 -1.87566050335593 1.652845327352375 0.6442613954852123
484 -1.552990500578216 1.959137694271085 1.864380967404086
485 -2.11882439868686 1.326869687470953 1.374201445420657
486 1.269805969627227 2.153507092976259 8.493323692230755
487 0.217104358856033 -2.490555298997738 2.61878246687691
488 1.926800977289837 1.592933769469067 8.500474893389928
489 1.928383274884367 1.591017895922684 8.997181986351425
490 1.626195762530807 1.898812087049914 8.738452519676722
491 -1.197236655218513 2.194680931570963 2.10980743186077
492 1.258459891469955 2.160157101129784 2.583603434184923
493 0.868727379031508 2.344208339913722 2.339727724902354
494 -1.538702061187995 1.970379650447044 6.783367795964403
495 -1.859943804499826 1.670511611483953 3.094597477535466
496 -2.115111758707262 1.332779894873221 3.34193134658504
497 2.462062275822912 0.4338771139040469 7.752280579027235
498 2.46224402830588 0.4328444813926047 7.251995835282067
499 2.348002966435303 0.858418353491477 7.007557389705815
500 0.4634441864245658 2.456668371203015 4.073271601551001
501 0.4787063648707512 2.45374004658852 7.515148856433384
502 2.462531267140158 -0.4312073264186118 5.250312737096139
503 2.467602794704417 -0.4011688516908438 6.256137354341447
504 2.363113948463414 -0.8158997895438227 6.464618576916174
505 2.35133859495658 -0.8492389604037356 6.998916415378431
506 -1.019984731434296 -2.282461642096293 1.388467545466308
507 -0.9864748885571146 -2.297143289881201 0.872052955849618
508 2.462531256961017 0.4312073845494708 3.749687364737311
509 2.347967339213888 0.8585157971667476 3.511606961098412
510 2.351341423167331 0.8492311297270211 3.001097924363236
511 2.459858313339027 0.44620295639639 4.753527930500188
512 2.344707886864383 0.8673781904544067 5.022668027416048
513 -0.63452034074006 -2.418136459587655 3.110454139248466
514 -1.036613395498575 -2.274957728898037 2.862826312247728
515 -1.409203796400837 -2.06498054717459 3.108884646482092
516 -1.410051119138911 -2.064402054207248 3.60146942410226
517 1.042303428465571 -2.272356389963712 1.633939079250611
518 2.46748204013623 -0.4019109125230943 7.755885003282269
519 2.384080740703631 -0.7524353937754568 7.980645556970924
520 2.468116589899671 -0.3979956013098881 7.24439461625894
521 2.462550747970618 0.4310960608371975 2.249492347189706
522 2.341145192476692 0.8769487942538446 2.024952052570101
523 2.462374331219955 0.4321025953972971 2.751257203411056
524 -0.6483768080724545 -2.414458016771833 6.560680668412585
525 -0.3738421285949981 2.471890382457839 7.023445776125166
526 -2.496268242672429 0.1365461849525715 5.558749605842132
527 -0.8060498817956095 2.366491831394582 2.3512131905904
528 -0.7898371054836413 2.371952222706271 6.778843040624768
529 2.468227677299782 -0.3973060948580114 3.743350186118491
530 2.370645202820729 -0.7937514235219143 3.469572578627848
531 2.465464317354868 -0.4141083189817574 4.249471553515324
532 -2.015874909105662 -1.478596750584229 1.143394005745324
533 -0.8044050736311653 2.367051431109269 2.843671369055206
534 -0.7898718619163461 2.371940648868096 7.271198240687632
535 -1.530095553490421 1.977070458326876 8.740909282402372
536 -1.82007690365191 1.713861156801471 8.971151886304664
537 -2.097259842521267 1.360698773773119 8.75074740452863
538 -2.058997481781975 1.417931369994855 9.226785809297976
539 -2.303719477553545 0.971018315347565 9.06974551070916
540 -2.302373412683832 0.9742056603031034 8.514449010907791
541 -2.43442699691117 0.5688279148477702 8.755263869553181
542 -2.434977067589185 0.5664686048800707 8.264859701557818
543 -2.495686659552452 0.1467927019027903 8.511869670629739
544 -2.484358685431201 -0.2792166222175092 8.268371889713309
545 -2.48398171919351 -0.2825505595684712 8.749952858379279
546 -2.401319129692555 -0.6954613126354269 8.514063861258347
547 -2.400235172885917 -0.699193188497509 8.993147218183136
548 -2.250780608893745 -1.08811150652307 8.752175004090152
549 -2.400520539634713 -0.6982128176937663 8.024196920977712
550 -2.104396250882601 1.349635661677348 8.26157011689091
551 -1.753156176203522 -1.782257956032024 8.274035333279048
552 -1.75450259901726 -1.780932516981393 8.764898274456447
553 -1.397255495477399 -2.073083954006255 9.07947160583096
554 -1.743754739396953 -1.791457342174427 9.216436161438482
555 -2.032027879540988 -1.456318199010147 8.517032726796845
556 -2.248645284135444 -1.092517453469476 8.26965940370974
557 -2.247148267631023 -1.095593292824893 7.779927187657265
558 1.398876551698536 -2.071990442330276 6.820937798370982
559 -1.539078875079911 1.970085332233798 6.289140347966566
560 -1.74323440459477 -1.79196367447477 4.83180927689702
561 -2.021492537410372 -1.470907176267141 4.584116105436414
562 -1.02921908104106 -2.278312551697198 1.876970023310417
563 -1.032747804952153 -2.276715171330509 2.368576318764297
564 -1.548057022190507 1.963038322612847 3.33924088154006
565 -1.550365259932158 1.961215837381366 2.847990929627261
566 -1.058996428982714 -2.264625038146902 8.768565382642906
567 -0.6673218720408908 -2.409290667208056 9.002159595561071
568 -0.2508450701920172 -2.487383515013389 8.761605279007387
569 -2.484075605409691 -0.2817239546230955 7.776221772254646
570 -1.851594556779393 1.679761172698346 6.043541202488051
571 -2.483395991267174 -0.2876531775561152 6.301628694196524
572 1.266512887842444 2.155445453944264 5.554058663273616
573 1.267097345960917 2.155101927023128 6.045190579875598
574 -2.399007162151115 -0.7033950781372106 6.549666649164087
575 -0.209584843566227 -2.491199348375662 2.37060206327738
576 -2.496753588543132 0.1273637236303756 3.101540504639042
577 -2.439384281457205 0.5471785150931253 2.854247636798458
578 -2.439790797013528 0.545363059629171 2.362917755228116
579 -2.496866853889194 0.1251235946953246 2.610109828891981
580 -0.4104462149507077 2.466076621808949 1.123425544303125
581 -2.396763463495402 -0.7110027426483858 4.088087027363957
582 -2.481299355308264 -0.3052105983526697 1.388279890081678
583 -1.047850374284085 -2.269803866661766 6.312083311754987
584 -2.05160182650439 -1.428611194651593 9.070400151769558
585 -2.314199761601153 0.9457692442690074 1.139662172354546
586 0.626404872752523 -2.420251419871889 5.331537975270178
587 0.6275076320805546 -2.419965737708006 4.838235843020718
588 0.4581274537191888 2.457665403619616 2.591664799180554
589 -2.239564366198814 -1.111013703629486 2.860419290493055
590 -2.482924798583656 -0.2916923800484163 4.827785793616307
591 -2.307803888631613 0.9612706235066211 5.063587006046903
592 -2.113782311165161 1.334887388885396 3.834054461091199
593 -2.238942506690757 -1.11226635826735 2.369196965066648
594 -2.305686564034505 0.9663381749836639 7.034071089070808
595 0.8775854398532068 2.340906618333515 5.306585245623056
596 -1.748824062673975 -1.786508997405973 6.800213882312068
597 1.726106525993431 -1.808467931958675 8.557659590943985
598 -1.543285138838604 1.966792053126083 4.813346375030708
599 -2.311767998534414 0.9516978096813021 2.606723558880639
600 -2.437499675052721 0.5555135768978829 4.819507428327859
601 2.334415243348671 0.8947097136062419 9.065058159847542
602 1.923735444613439 1.596634566561157 7.015928053079515
603 -2.482766784653603 -0.2930342864253445 4.331294392802619
604 -2.023941679103855 -1.467535375923276 5.569495893315441
605 -0.3738798962480913 2.471884670283288 7.515590676682937
606 -0.641688780237689 -2.416244091418966 5.082495774658471
607 -0.2204897362770748 -2.490257873433285 4.837013808470163
608 -2.496147641251171 0.1387333884694523 6.545236650926823
609 -0.7888196269931838 2.372290790790693 7.763570523721151
610 -1.537919913207434 1.970990192913207 7.275579795118325
611 -2.306216330781383 0.9650731763121669 6.539331847686961
612 -2.109380189914587 1.341832781830843 6.290694897003885
613 -1.421597771825723 -2.056467790931854 7.047568168220838
614 -1.186737258703063 2.200376031228739 5.057512834196837
615 -2.018371965535591 -1.475186296282607 2.616292425439071
616 1.412850705379394 -2.062487062822201 2.869850727315373
617 -1.195567883717629 2.19559045257146 2.600731477120858
618 2.163839635055369 1.252117420118196 5.303373233990666
619 -0.6546548778136628 -2.412763351627088 7.542670943493346
620 -0.7979804262203655 2.369225029280495 4.80993617147781
621 2.350671935097425 0.8510825186462995 7.506128656103479
622 -1.739847508127613 -1.795252252042073 3.354620056272573
623 -0.6397847302980809 -2.416748952389845 4.589500068512756
624 1.736957810951363 -1.798048264918117 3.116070707904315
625 1.613758951073766 1.909393109820316 4.316340379691297
626 2.363555980446938 -0.8146183936626481 8.497656206217782
627 -1.050929322410256 -2.268379941565857 6.803644871072436
628 -1.744550496429996 -1.790682430082413 5.32488291694649
629 1.736392297810033 -1.798594392325849 5.583094259936873
630 1.260053994841245 2.159227623499806 3.080582332880849
631 0.2040488318875002 -2.491658900051399 5.578173659389753
632 0.6328087830832554 -2.41858492595416 3.854612518719742
633 -0.7993924525746904 2.368748975042864 4.31897169452032
634 1.025739907041949 -2.279881058981274 6.570033552708175
635 -1.737934289135506 -1.797104450678108 2.371322440522605
636 -1.73864880592607 -1.796413184557453 2.863258110467902
637 0.03813162539691975 2.499709178913537 3.824775382785568
638 -1.181322371121122 2.203287873948561 7.027953789944695
639 0.03878841024548726 2.499699073734802 4.320401741844989
640 1.397291729624653 -2.073059531784494 7.316623699790776
641 1.022217278258315 -2.281462652780045 7.070696547555935
642 -0.6311975338799904 -2.419005926661574 2.617385693151956
643 -2.310137654283083 0.9556484804903177 3.590159123256087
644 0.05262824801167041 2.499445992117298 7.760347605923201
645 -0.2183066568437916 -2.490450200983286 4.344201157725609
646 1.743305484759015 -1.791894524465415 2.624022053480576
647 -2.134009612827524 1.302306788878766 0.9019249644036884
648 -0.6510379651411448 -2.413741818825053 7.051699026048678
649 1.915249692896925 1.606803850461603 4.562147052849753
650 0.6118293435846824 -2.423977073804275 8.28831857529198
651 0.6130562300700373 -2.423667068467184 7.795070820783814
652 -1.408754085275129 -2.065287371583101 2.617651964476403
653 0.4768181570045481 2.454107667799192 8.005523828692834
654 0.2075667560003361 -2.491368307136361 4.592000677419057
655 0.2060104925242248 -2.491497476813879 5.084716794839582
656 -2.310885341679734 0.9538390522565847 3.098065199427225
657 2.013875529877902 -1.481318787486002 5.343144369449229
658 1.256081372875502 2.161541020826391 1.592039026568133
659 -1.924053065982102 -1.59625179695588 0.4154206337958892
660 -2.396660381108823 -0.7113501371499906 9.518558197042605
661 -2.373863809243042 -0.7840730929996969 0.4346979959968833
662 -1.585983210409125 -1.932526133406833 0.4242559114049934
663 -2.384705326253708 0.7504535341626375 0.4150437402242171
664 -2.487050580990249 0.254124787449132 9.597244312555363
665 -0.7286090358018376 -2.391470023426578 0.4165357095888303
666 -1.182744338651894 2.202524875997293 9.52601188535119
667 -0.7082979856890281 -2.397564172961563 9.530262385620405
668 -2.486869920277457 0.255886692931059 0.4238514118383598
669 -0.3855517876243951 2.470091054811468 4.564152466991032
670 0.2698051484235753 2.48539839500313 0.4077636771326319
671 -0.2410403318398974 2.488352780139205 9.591063801437839
672 -0.4630490290156936 2.456742883723818 9.197037627530568
673 1.178491842064988 -2.204803160870891 0.4242559114049955
674 0.9401225508328601 -2.316499425731747 0.8488956546323578
675 0.486740845697258 -2.45215891596159 0.8490858825003718
676 1.383281667421633 -2.082434111460727 0.881602516653604
677 0.2445286155046178 -2.488012410780821 0.4218147266379057
678 1.575142584271674 -1.941372153713438 0.4214706129656887
679 -0.2332951226531866 -2.489090875349117 7.299296006807657
680 -2.496338554284533 0.135254657563453 5.066746743352475
681 -2.483045380616467 -0.2906641322888391 5.318226546535564
682 0.2042801104676891 -2.491639949203598 9.530979959506604
683 1.932222873605039 1.586352661521858 9.516473172266018
684 -2.496183381284771 0.1380888373393335 6.049861910036652
685 0.4556202145534353 2.458131448903878 2.098898453159214
686 2.017815017064145 -1.475948019718318 2.870868718687807
687 0.8851103579267334 2.338071781252836 8.250881438466358
688 0.1954705499052929 -2.492346537726991 7.055396783543866
689 1.274509457420348 2.150726770872137 8.003149535622949
690 2.459532682282906 0.4479944026237955 1.257121327696086
691 0.613499013788258 -2.423555025181156 7.30398656969314
692 0.6299389285640361 -2.419333988162774 4.346485574173519
693 -2.497823016000188 0.1043081048611528 8.969862600878104
694 -0.00672412039986575 -2.499990957224616 0.8001378653279601
695 0.867170301088394 2.344784780936251 1.847833509027388
696 1.694479189493145 -1.838134999496679 1.152695637679298
697 -0.384536294956335 2.470249347305096 5.053784643703322
698 1.031280195349 -2.277380328070155 4.594753047715959
699 -0.3820072614670235 2.4706417085823 5.546616346933794
700 0.1688092789114033 -2.494294174181027 9.012511000404785
701 -2.267792391553734 -1.052196592282542 0.8752582344364832
702 0.04467787022315584 2.499600745701666 5.794454467708275
703 1.406125242639711 -2.067078083191686 4.349244703562056
704 2.155451367891218 1.266502822995621 1.833919546074149
705 2.459571133988404 0.4477832476221004 5.798347500290124
706 2.33070948284601 0.9043192503600063 0.5837013630205334
707 0.4701533585702447 2.455393210755687 5.549682858624698
708 1.736887997654759 -1.798115703619443 4.598524336643736
709 2.351259509244197 0.8494578978317507 2.505103602380319
710 0.8809706061711875 2.339634755910069 5.796600793245998
711 -2.481538832916108 -0.3032573506600674 0.9398052080550249
712 2.018706990047152 -1.474727801438207 4.8485833863972
713 2.157307064108235 1.263339317502906 2.825624047282683
714 0.8833494672588758 2.338737633573604 6.285890603032716
715 2.161640843936295 1.255909575497527 4.80370715754888
716 2.347574452841701 0.8595895464493432 4.039475970085933
717 2.165757923799983 1.248796466802171 3.306164143905277
718 2.237791818060314 -1.114579642296734 5.141942010291398
719 1.270232360909957 2.153255616339388 6.532207836122796
720 1.174840931023216 2.206750730552162 9.618489717267112
721 1.616691502668749 1.906910743899321 6.286931686432657
722 0.8534171734671445 2.349825339898978 0.8895398526783238
723 1.920465149395615 1.600566652769224 6.532265943433449
724 -0.7028147727922758 2.399177232958195 0.4067324980568801
725 2.164887728791752 1.250304411624181 6.777653477061968
726 2.216969779595674 -1.155441472494176 3.122893061900177
727 2.383004103160248 -0.7558382395204819 2.911785528397968
728 2.349258060327292 0.8549775236737216 6.525801950415954
729 2.458271879171768 0.4548619219865583 6.27434359447198
730 -1.929035651409471 1.590226856643806 9.602258872874584
731 -1.576454253868 1.940307188427 0.424780865790331
732 2.391122505174917 0.7297487000646379 9.588671032927799
733 2.345679126590297 0.8647481917174403 4.531926287677233
734 1.586679408497595 1.93195456847456 0.3896941035415327
735 -1.924035734122248 -1.596272687801386 9.585832420332792
736 0.04222287016915515 2.499643420417136 9.192053826480747
737 2.345279966666263 0.8658301669229901 1.54600054954521
738 -1.568055389067252 -1.947100998103886 9.591794067744026
739 -2.212774560434442 1.16345551900112 9.593537049136756
740 0.7257116931361631 2.39235083933052 9.636873429771519
741 1.128824155565816 -2.230640272614821 9.607820412828859
742 -2.457695030161041 0.457968490970414 9.197523541572124
743 1.612138125606097 -1.910761801996068 9.59993322783474
744 2.163902049293331 1.252009553104177 0.3836651646066904
745 0.1672397948596162 -2.494399897974524 1.19290924590792
746 -1.026061371218605 -2.279736401975675 9.183096498079028
747 -1.517653151130385 1.98663758971384 9.17469475240965
748 -2.268113713964333 -1.051503771047408 9.171667420377666
749 2.147146941098519 1.28053114500635 9.164993367714995
750 1.650803423570023 1.877457870826797 9.170195894393121
751 -2.480129900906994 -0.3145722089235888 9.172482023027598
752 0.5639744822464314 -2.435555949547222 9.188390091948994
753 2.196284603031249 -1.194292234960887 9.656721719725411
754 2.196240548429956 -1.194373247118374 0.3433177253784708
755 1.970093500767285 -1.539068418958203 0.925105503865287
756 -0.4877258050403326 -2.451963201008074 0.7518728812590264
757 1.085772614293732 -2.251909818365237 1.239854544984489
758 1.991389617511236 -1.511412382928119 9.042596276887073
759 -0.2667529918498411 -2.485727829296514 9.200537003367959
760 -1.388925582549017 -2.078674030756356 0.7434173761989555
761 2.386434423561044 -0.7449367369400349 5.000273036435965
762 2.21099165871961 -1.166840128326201 8.196279099837732
763 2.476491744066132 -0.3420360237932394 2.744584994176526
764 2.208099216968621 -1.172304503114512 1.228518341203689
765 2.387101159683771 -0.7427974511509816 7.50027738558177
766 -0.8507975187124466 2.350775102418933 9.207177473856877
767 2.472974663391838 -0.3666010286701712 2.234957840846691
768 -2.311999705648052 0.9511347754568344 0.7461273350965505
769 2.187608887055857 -1.210110473169387 7.075040384157919
770 2.212396902309831 -1.164173503671109 1.656354557553592
771 2.20263643925944 -1.182536560300144 6.597189752516082
772 2.388023648139604 -0.7398263687690622 4.499702216179686
773 2.376953288056497 -0.7746567410133398 5.984424131871528
774 2.376921892192581 -0.7747530693166933 1.928962570468327
775 2.388145812412768 -0.739431929696953 3.999954287093985
776 2.383366385022973 -0.7546950872653985 5.49246509624369
777 2.203758707946784 -1.180443796692041 3.62463873694449
778 -2.053912671490173 -1.425286896695575 0.7586634541798724
779 0.487899875283781 2.451928569860482 0.7274717041787357
780 2.429550105214026 0.5893100086155979 0.3494210518799906
781 -2.49953985762559 0.04796352928057177 0.7574294468824556
782 -0.4628335657542283 2.456783484642313 0.7406454699134364
783 2.47407613369622 -0.3590923066215234 0.3690252374583575
784 2.473341758770006 -0.3641161137940639 9.632296890507856
785 2.47334175877001 0.3641161137940371 9.63229689050784
786 1.71117025039365 -1.822607026807406 0.7814778449168204
787 -1.932526133406833 1.585983210409125 0.2798424113394372
788 -2.414642903326305 -0.6476879259457553 0.7897009517903487
789 -1.269701436671896 2.15356872695378 0.7709148054520557
790 0.5194701455350339 2.445434678722335 9.346487313601418
791 -0.2958150146460928 2.482437003653855 8.852417352213267
792 1.358762502745448 2.098514822709844 9.30980875245081
793 1.178491842065 2.204803160870885 0.2584004456531147
794 -2.4999155510911 0.02054841631081181 9.315076159148488
795 1.850661723980104 1.680788857469905 0.7493400527038101
796 -0.2711142211414337 -2.485255938348176 1.051940905748098
797 1.948518358315275 -1.566293780651748 8.714582945854215
798 -1.764779150116381 1.770749714475342 9.324115307908311
799 2.483035141103219 0.2907515916491527 0.2784729041841609
800 -2.095454316188949 -0.2247726570398461 10
801 2.08702594442848 0.1887155586411594 10
802 -0.2034398125287835 2.107938216250492 10
803 0.2114126361827088 -2.017929652172627 10
804 -1.509924114873498 1.242692225232732 10
805 1.309092840175172 1.595134241075417 10
806 1.565595818809924 -1.267984241046717 10
807 -1.360465299041697 -1.625834505284794 10
808 0.9711542998373961 -1.828758984300276 10
809 0.5653322172310664 2.011745196273587 10
810 1.9746800183003 -0.5990126347370837 10
811 -0.9727437355746988 1.819875527652736 10
812 -1.81944381125063 -0.972686706750125 10
813 1.791709794515338 0.9618408205641438 10
814 -2.001199866866403 0.6273795439109114 10
815 -0.5727551026046965 -1.935917688917252 10
816 -1.019884744266439 -1.885550637668529 10
817 -0.8988697195167413 -1.454546182163116 10
818 -0.3439809653884834 -1.492168387110864 10
819 -0.5466006369316518 -1.056479307466486 10
820 -0.05283120283306401 -1.122036895700182 10
821 -0.2399601868666931 -0.6726113986388826 10
822 0.2458835700989977 -0.7386808583675826 10
823 0.05902962693934642 -0.2867851177817358 10
824 -0.4254967271751173 -0.2212303450015752 10
825 -0.1274759797673451 0.1662077548487705 10
826 0.3581206036745386 0.1011952063646074 10
827 0.1714261158411101 0.554276691002653 10
828 -0.6132868776656313 0.231008558175734 10
829 0.6571688347903515 0.4893647715405043 10
830 0.8438614729053959 0.03623337180287342 10
831 -0.9108332744543738 -0.1550415715617262 10
832 0.4704675928565296 0.9424830441483169 10
833 -0.01531387519141064 1.007350523018467 10
834 -1.096553014207386 0.2943359730038678 10
835 -0.7996802765674274 0.683779796029949 10
836 1.135661124066418 0.421467353515501 10
837 1.313820503021031 -0.03360080281606526 10
838 1.030548409433351 -0.4169262194635419 10
839 -1.030912164372886 -0.9690316895803982 10
840 0.4260882518452173 -1.185319319100933 10
841 -1.369159286401209 -0.08227362137950055 10
842 0.2816275340441011 1.379621280631006 10
843 -1.268377161645257 0.7426348392344482 10
844 -0.9653440986867833 1.120048726281493 10
845 -0.2015714234591171 1.424947716849034 10
846 0.833169884640514 1.355710786491653 10
847 0.9568182005391852 0.8646415269469827 10
848 -0.3142353009068086 0.6191428152029035 10
849 -0.4915743751044326 1.059011932803405 10
850 0.5448198193537991 -0.351652580843151 10
851 0.7304276300725429 -0.8033416612145038 10
852 0.97851796180621 -1.318248944640851 10
853 1.244093246919756 -0.8608020823387462 10
854 0.1274648942271461 -1.561179074199631 10
855 -0.7273532636792699 -0.6017070919128823 10
856 1.495084426471823 -0.4849718321376657 10
857 -1.198852528722699 -0.5124237964187383 10
858 -1.610280245021684 0.3662703370696121 10
859 1.648676997388373 0.4057891999044759 10
860 -1.674724249268651 -0.466312969478783 10
861 1.35501192824432 0.7672471478145065 10
862 -0.6739993854286066 1.530655338386954 10
863 0.562568058036041 -1.647410980804879 10
864 -1.383739302039078 -1.20362164763323 10
865 1.756674710260427 -0.1171772423776547 10
866 1.649462299167214 -0.8611321045518312 10
867 0.6268469535083961 -2.052961862616221 10
868 0.1866842177629125 2.1642175680707 10
869 0.935697860526431 1.828501458331135 10
870 1.334392123193779 -1.652286630742116 10
871 -1.361411105470236 1.658884231790127 10
872 -1.892607367395286 1.011619713855306 10
873 -0.2103452648415547 -2.135671314162912 10
874 1.637887428625107 1.379232887059271 10
875 -0.6205842757996874 2.032673859278422 10
876 2.057814953723697 0.6001559930125642 10
877 -2.068906676619509 0.213313645508808 10
878 1.313948346123272 1.153967901658662 10
879 -2.070256881798907 -0.621641343844352 10
880 2.152521781084305 -0.2120048909758565 10
881 0.1122117029448751 1.780781504919872 10
882 -1.439080757295441 -0.8167068832669945 10
883 -1.761087090680555 -0.02103108245372535 10
884 -1.702566751120479 -1.40022030385519 10
885 -1.650109920363408 0.7663867840463181 10
886 -0.3422287049205163 1.770129488598599 10
887 1.94000475095096 -1.032276199693675 10
888 0.5531263138885139 1.646181572896207 10
889 -1.086117734613209 1.476065124080976 10
890 -0.1400382678776629 -1.804394438390903 10
891 -2.095454316188949 -0.2247726570398461 0
892 2.08702594442848 0.1887155586411594 0
893 -0.2034398125287835 2.107938216250492 0
894 0.2114126361827088 -2.017929652172627 0
895 -1.509924114873498 1.242692225232732 0
896 1.309092840175172 1.595134241075417 0
897 1.565595818809924 -1.267984241046717 0
898 -1.360465299041697 -1.625834505284794 0
899 0.9711542998373961 -1.828758984300276 0
900 0.5653322172310664 2.011745196273587 0
901 1.9746800183003 -0.5990126347370837 0
902 -0.9727437355746988 1.819875527652736 0
903 -1.81944381125063 -0.972686706750125 0
904 1.791709794515338 0.9618408205641438 0
905 -2.001199866866403 0.6273795439109114 0
906 -0.5727551026046965 -1.935917688917252 0
907 -1.019884744266439 -1.885550637668529 0
908 -0.8988697195167413 -1.454546182163116 0
909 -0.3439809653884834 -1.492168387110864 0
910 -0.5466006369316518 -1.056479307466486 0
911 -0.05283120283306401 -1.122036895700182 0
912 -0.2399601868666931 -0.6726113986388826 0
913 0.2458835700989977 -0.7386808583675826 0
914 0.05902962693934642 -0.2867851177817358 0
915 -0.4254967271751173 -0.2212303450015752 0
916 -0.1274759797673451 0.1662077548487705 0
917 0.3581206036745386 0.1011952063646074 0
918 0.1714261158411101 0.554276691002653 0
919 -0.6132868776656313 0.231008558175734 0
920 0.6571688347903515 0.4893647715405043 0
921 0.8438614729053959 0.03623337180287342 0
922 -0.9108332744543738 -0.1550415715617262 0
923 0.4704675928565296 0.9424830441483169 0
924 -0.01531387519141064 1.007350523018467 0
925 -1.096553014207386 0.2943359730038678 0
926 -0.7996802765674274 0.683779796029949 0
927 1.135661124066418 0.421467353515501 0
928 1.313820503021031 -0.03360080281606526 0
929 1.030548409433351 -0.4169262194635419 0
930 -1.030912164372886 -0.9690316895803982 0
931 0.4260882518452173 -1.185319319100933 0
932 -1.369159286401209 -0.08227362137950055 0
933 0.2816275340441011 1.379621280631006 0
934 -1.268377161645257 0.7426348392344482 0
935 -0.9653440986867833 1.120048726281493 0
936 -0.2015714234591171 1.424947716849034 0
937 0.833169884640514 1.355710786491653 0
938 0.9568182005391852 0.8646415269469827 0
939 -0.3142353009068086 0.6191428152029035 0
940 -0.4915743751044326 1.059011932803405 0
941 0.5448198193537991 -0.351652580843151 0
942 0.7304276300725429 -0.8033416612145038 0
943 0.97851796180621 -1.318248944640851 0
944 1.244093246919756 -0.8608020823387462 0
945 0.1274648942271461 -1.561179074199631 0
946 -0.7273532636792699 -0.6017070919128823 0
947 1.495084426471823 -0.4849718321376657 0
948 -1.198852528722699 -0.5124237964187383 0
949 -1.610280245021684 0.3662703370696121 0
950 1.648676997388373 0.4057891999044759 0
951 -1.674724249268651 -0.466312969478783 0
952 1.35501192824432 0.7672471478145065 0
953 -0.6739993854286066 1.530655338386954 0
954 0.562568058036041 -1.647410980804879 0
955 -1.383739302039078 -1.20362164763323 0
956 1.756674710260427 -0.1171772423776547 0
957 1.649462299167214 -0.8611321045518312 0
958 0.6268469535083961 -2.052961862616221 0
959 0.1866842177629125 2.1642175680707 0
960 0.935697860526431 1.828501458331135 0
961 1.334392123193779 -1.652286630742116 0
962 -1.361411105470236 1.658884231790127 0
963 -1.892607367395286 1.011619713855306 0
964 -0.2103452648415547 -2.135671314162912 0
965 1.637887428625107 1.379232887059271 0
966 -0.6205842757996874 2.032673859278422 0
967 2.057814953723697 0.6001559930125642 0
968 -2.068906676619509 0.213313645508808 0
969 1.313948346123272 1.153967901658662 0
970 -2.070256881798907 -0.621641343844352 0
971 2.152521781084305 -0.2120048909758565 0
972 0.1122117029448751 1.780781504919872 0
973 -1.439080757295441 -0.8167068832669945 0
974 -1.761087090680555 -0.02103108245372535 0
975 -1.702566751120479 -1.40022030385519 0
976 -1.650109920363408 0.7663867840463181 0
977 -0.3422287049205163 1.770129488598599 0
978 1.94000475095096 -1.032276199693675 0
979 0.5531263138885139 1.646181572896207 0
980 -1.086117734613209 1.476065124080976 0
981 -0.1400382678776629 -1.804394438390903 0
982 -0.0004486997199726339 -0.000218831551237475 2.493458909850041
983 -0.001077194715108476 -1.873000165719674e-05 7.161409035365947
984 -0.1504094958524975 0.06263627651221565 4.827411133998284
985 -0.5431661225164439 0.7550412529956066 8.441005229026654
986 -0.4362306811650988 -0.8214763495415489 8.439178615053688
987 0.9190722792606528 0.1659610497474442 8.430676138015434
988 0.7057394587199959 -0.6382036809963589 5.92643704472759
989 0.5983372098123733 -0.7423240245905378 3.724557592538111
990 0.5655658995390435 0.7929282661627479 3.681106463003586
991 0.3882453243895733 0.9029489815176406 5.988122215781733
992 -0.8891555868666072 -0.4700882685242374 6.032993532780925
993 -0.8884786607916051 -0.4715348048398043 3.62173433212811
994 -0.9385584665670519 -0.4274479107934168 1.444767753645592
995 1.023200474918274 -0.2055218577170526 1.456330095395608
996 0.2073822183309071 1.017419761152765 1.453086786936086
997 -0.7454262494550485 0.8499292189668917 3.274293666559842
998 -0.850117085344215 0.7899579408949646 6.488948349993416
999 1.161898862505493 -0.1512892283075405 4.775141069410446
1000 0.6931950067878871 -0.953634313315613 7.761817225013216
1001 -1.197294871537713 -0.08033259697818462 7.67942919959561
1002 0.1595722444529486 -1.203183651774425 4.885176003035968
1003 0.445741685339699 1.113807847779169 7.670851697948502
1004 0.1351315891531551 -1.155731665108531 1.811957606082007
1005 -0.9460891827441321 0.7522564768677953 1.992781715968405
1006 -0.1101050401461093 -1.210495869577828 6.73988755776194
1007 1.219822452591648 0.01604269569430762 2.894581032471247
1008 1.19123009725566 0.2338313972021644 6.738314583500826
1009 -0.640510242614272 1.108560584948823 5.30342869264495
1010 -1.20580826701686 0.4676461608613899 4.346968970104281
1011 -1.027444439238235 -0.7954172681976449 4.831183239851264
1012 -0.2193815619765765 -1.274927078802458 2.988475636512634
1013 0.191074392446911 1.277122454041542 2.635986606032036
1014 0.4648319658563349 1.202060460053245 4.816798403994095
1015 -1.315717507799557 -0.224744394165685 2.547054856356189
1016 -1.324194896434662 -0.1751640027102129 8.836601962053546
1017 1.019536975153022 -0.8979430987204934 8.867997330627002
1018 0.5430261487399104 1.209247508905049 8.847845630896892
1019 1.151019642241879 0.7648801891935867 2.038995908777748
1020 0.8824604640372573 -1.04721945233422 2.664579855684948
1021 -0.4655581582087637 1.319602720837556 4.233721346860285
1022 -0.6265991610868283 1.253568496677096 7.462567913677519
1023 -1.374891863352094 0.3002078964112888 5.419121174478479
1024 0.008668890785583527 0.0002811046219524937 1.080270013021046
1025 -0.8900312333671992 -1.107572494778657 7.492112417643274
1026 0.006028750517249687 -0.0001893929565109642 8.955435396606736
1027 1.337288377853148 0.4523941358770539 5.673675464583781
1028 -0.4598490215358952 -1.364261525119071 4.02746310484666
1029 -0.4372235594733269 -1.38736807781711 5.744650920433208
1030 1.195636819918878 -0.8161517812926748 6.844041123067973
1031 -0.9196036349976507 -1.140227591866575 2.216634891855717
1032 1.174647461107261 0.892531127536813 1.011804368403392
1033 -0.7626167267598355 1.219394820671466 1.046800880052265
1034 0.8797577625982538 -1.17436747681895 1.065540183192828
1035 -1.490717581704693 0.01932146780533761 6.702737132616823
1036 0.1006107168624717 1.479020966931367 6.781322176447128
1037 0.1653001111720062 -1.464445332026786 8.974699183190781
1038 1.460909739644111 -0.2052211169088007 7.63350079172234
1039 1.444324358983898 0.2763475323651579 3.873274513774735
1040 -1.419424356934135 0.4042891884660024 1.02871242045561
1041 -0.5595080640652236 -1.327441231624523 1.026958856759209
1042 -0.04222078189340395 0.01647733181502309 5.820142167553663
1043 -0.04288462764958378 0.01571355615972225 3.835298885478686
1044 -1.508748004053704 0.2469156356584004 3.38270732463301
1045 -0.09001797075048329 -1.526874718050749 7.860908658355905
1046 1.061298257361244 -1.091835010139261 4.515537875102163
1047 -0.4129840551393629 1.497032252721706 9.054496113775675
1048 1.347115649770992 0.7603880516553672 7.545490945016935
1049 1.090591683699722 1.108248657017226 2.93724622595682
1050 1.004555354885279 1.173539848682149 6.673033576482401
1051 1.359531450593331 0.7522644777047941 9.044082441733945
1052 -1.332537799022497 0.8238909010535884 7.923617020713112
1053 -1.120196004069025 -1.08416214489283 9.054424424082859
1054 1.32604787523427 0.793089262873468 4.677799066456247
1055 -0.4074567043472931 1.52109068609294 1.954101595414496
1056 0.08202876770382508 1.580581028891086 3.517465644401353
1057 0.4385851290437776 -1.528885865163923 6.049031250494668
1058 -1.34407986028998 0.788958940940367 9.001945165432135
1059 -1.060149252167918 -1.200621215686465 6.582540564595879
1060 0.1499202344395701 -0.2054160937726802 8.057818673354824
1061 1.575195601886965 -0.1639375340697354 9.065124844838444
1062 -0.1553487559266752 1.593890797771142 8.176198310542029
1063 -1.562926449999866 -0.3650113199409751 4.228841354986335
1064 1.501870211035907 -0.5312146118846925 2.190696649900999
1065 -0.4967383262015331 1.531316772237613 6.096563227650757
1066 1.55843141215953 -0.3325372479289017 6.107646547394156
1067 -1.375296353874879 -0.8391021898746357 8.214884445376715
1068 -1.114339393634757 -1.185402906072603 3.109021327616897
1069 0.4246174962225844 -1.562467240737145 4.072033676154152
1070 -1.328652895443319 -0.946219826159771 0.858160041390848
1071 1.368146469329346 -0.839317719970444 5.334854242273238
1072 -0.7482303952551528 -0.4320066882415464 6.921027252232123
1073 1.425236945661011 -0.7550701713854679 3.337952927134673
1074 0.55001333264574 0.4242380257789015 5.250098284427006
1075 0.5937800033541822 1.520864496348846 0.8591585823855057
1076 0.1734610140559605 1.62584963122381 5.532323355911157
1077 1.031756156511844 1.266826109418119 5.496761785601358
1078 -1.422873630870433 0.8139676797780648 2.722922930411494
1079 -1.649052239717047 0.1701030426612238 1.840389720915032
1080 0.6624309577814351 -1.480185186362867 7.059380336311421
1081 1.616594858409224 0.1204344995685928 0.859413704034986
1082 -1.550321742739584 -0.5471608437766312 5.477040963848671
1083 -0.3300772620325644 -0.6353469083331905 5.32353556442995
1084 0.7019031674215563 1.503258964063278 1.973310486560335
1085 1.506915600318956 -0.6998750889103839 0.8012473401207988
1086 0.1200477140292825 -0.8246419849710362 0.8500942574288457
1087 -1.469784671673574 0.7876617639342772 7.079478516916082
1088 -0.6095130899022922 1.536986979275798 2.784415771090783
1089 0.5464353177375975 0.3061620111123735 4.388424748970815
1090 -1.312007739482206 1.046814081214014 5.82221106141942
1091 1.202653233595513 1.15172331247053 8.298178364694326
1092 -0.6220787265247983 -1.537825086925293 4.927377785770823
1093 0.4609054475244445 0.3039927433276872 1.844540157400094
1094 1.123286799693471 -1.261403800165971 1.876626507108881
1095 -0.5284288110175346 0.4366353678005259 7.657737249241766
1096 -0.1117293001307025 -0.7799281794581966 7.466768455211962
1097 0.5369056319978467 -1.582963549883805 3.228550437804523
1098 -0.1773158343301627 -0.6377110639084729 4.35462599793193
1099 0.9743393929668569 1.364149815367096 4.157590048010414
1100 -0.5755148614431956 -0.5209462773094007 2.835367934664334
1101 0.7160328783862691 0.1947014994973142 7.569685005090255
1102 -1.520965052204439 -0.7218981987700133 7.095208239280891
1103 -1.26323156878746 -1.120746330003509 4.000587988445957
1104 -1.214719396654955 1.169760865660236 3.890113024551731
1105 0.5722498256138053 -0.4894549554642224 2.111502940170439
1106 0.4717463755591251 -0.4649487029120416 5.138018978239227
1107 0.3403103733051174 0.6741618530361307 6.794841233613424
1108 -0.4217775711584681 0.1353513433886934 1.784164597398648
1109 0.02338565545036608 0.5917030183326014 3.080341007741016
1110 0.4133655259383921 -0.5616775480033535 6.704203853677231
1111 0.1883360407253365 -1.664314398530063 0.8340434605785074
1112 0.4514436909075764 -0.1288556853103919 3.180963058243499
1113 -0.5821757913279949 0.5085682552375081 9.225549646272022
1114 0.823905377788903 -1.470408142120709 5.312077431329326
1115 0.2632404613489774 -1.678830354995272 2.445272348740284
1116 -1.380972304522977 0.9864754633036454 4.962853638335841
1117 0.7540010239554443 0.2153857082301483 0.8000790540757841
1118 -0.6694688392390229 -0.04525774244825409 8.307467835400685
1119 0.6192802630181184 -1.591601505957342 8.289850385388696
1120 0.7345069500999288 0.2562036033573821 9.221116747219801
1121 -0.6277575898216665 0.4438764104329346 0.7976138450487984
1122 -0.5821399095839208 -1.602290566913664 8.657181284988987
1123 -0.4782067979281168 -0.5996966851061123 9.223154670387569
1124 0.2362934529965706 0.5836037732655029 8.258461532586061
1125 -1.609087674605654 -0.5514692825923708 3.247396787930591
1126 -0.1826668927941535 1.706586306317214 0.7833350923889912
1127 -0.7278679828278535 0.3275672628304778 2.65116877356196
1128 -1.538569747770479 -0.6992724200765953 1.923760350502598
1129 1.678632206706911 0.1745061482540537 1.79306165498835
1130 1.5844934245161 -0.5842017287056154 8.355532751326152
1131 -0.9382438339648154 1.43417065303883 8.268700833879352
1132 -1.719078229345485 0.1871780054207732 8.233561489244666
1133 1.649541141498911 0.4733981972866168 8.244684085347231
1134 -0.07831798370163301 -0.7455259514044288 6.081729242672563
1135 0.709026246021136 0.155556324851675 6.091318394697732
1136 -1.211212086320841 -1.195767495287408 5.797840246714261
1137 0.3180043317290144 -0.6972200644415349 9.201880226547082
1138 -1.702113911151757 -0.3203423927297815 1.211770387860976
1139 1.334659738109799 -1.103913326301288 6.107182280841357
1140 1.577989073193648 -0.5325166388870168 4.141992357683002
1141 0.6507291993843808 0.4903385069458064 2.59720213650697
1142 -0.6890498210888168 0.4746173136204521 5.778578583184502
1143 -0.4973084566657935 -1.642119585441172 1.759371106148094
1144 0.209881896722124 1.72824605421706 4.284007179045652
1145 -0.3006746339166567 1.699533940577123 4.905623456804621
1146 -1.629355252431174 -0.6133291187581822 6.2566688108579
1147 -0.5716214101001884 -0.4152797099077786 0.7486106836399059
1148 -0.1515708759208143 0.7951037808180536 2.117017924191453
1149 -0.4080874478894387 0.1406073099826001 6.504257765752262
1150 -0.8887133779802376 1.517966932130837 6.773997411112647
1151 -0.3599743681657953 -0.5976317406328679 2.077296744908298
1152 -0.4296343100974698 0.5383316449232357 4.271657932449457
1153 1.731903198238154 -0.1369716559111247 5.323437841335171
1154 1.118770804019758 -1.338154194755475 3.769672979043508
1155 -0.1455521409789946 -0.6790321802981086 3.490221637923324
1156 -0.9218091965729456 -0.02593402498487524 4.877157654444432
1157 0.5852794508496618 1.626915738450252 6.19172315289133
1158 -0.6874920919804326 1.615634524495394 3.54731547095601
1159 0.06676164092067824 0.7761584474457974 0.7326665659757412
1160 0.3380157855300668 -0.8510137362978242 8.442742690094718
1161 1.45397262605539 -0.9885807001257184 7.566356557975749
1162 -1.701958645543074 0.445379717023637 6.099141860644307
1163 -1.754839674363553 0.1415401309320543 4.771939191455249
1164 -0.4723486187784624 -1.687605160982138 7.217062171563488
1165 -1.396038961328539 1.077263994393659 1.459885111212071
1166 1.421845562755203 1.012429438063849 3.631434844813449
1167 0.1094293284597274 1.771158462292882 7.484534653980201
1168 1.565278445587228 0.7707884062239886 6.335090700299109
1169 0.119521452014332 -1.718846555815777 5.455743268253421
1170 1.732627589923321 -0.2758108857780508 6.921139870767913
1171 0.606794422965639 1.627885757280515 8.212241494865884
1172 0.1590278367423728 1.768352263549689 1.519772532336154
1173 0.1962294795963891 -0.6908136062511385 2.739267974674777
1174 0.1415266251290594 0.7226864716198005 9.263923562484415
1175 -1.155568507978537 -1.313007817481531 1.508335755215652
1176 1.62098470732124 0.6280465312829338 2.639704776009361
1177 -1.781135335420325 0.181433061262449 9.291705284799537
1178 1.056067219599026 1.42722184850427 7.374242813817888
1179 -0.8467918771720895 0.2641283955394527 3.720723206828529
1180 0.8237338510806163 1.568145799537907 3.457926106222717
1181 0.7876108623814554 -0.524409075982709 0.6986692220287546
1182 0.5988433146897283 -1.677083330769757 1.542712147685466
1183 0.536331403237212 -0.4364785808038911 4.398601017517103
1184 -0.5476181525525307 -1.700491538672529 6.403678194158881
1185 1.778866974883472 0.2089775905285799 4.542634985209853
1186 -0.8947482756825341 0.2971280322748122 7.034319065227963
1187 -0.113809501284187 -1.776737720094896 3.520924570864962
1188 1.700458071066232 -0.4927316108670333 1.482914245920125
1189 1.273728545148462 -1.246996948262479 8.237565662096173
1190 0.253958988505068 1.752981112658625 9.268413749210007
1191 -1.789908680526657 0.1882133557217749 7.347359787069224
1192 -0.1538347950357223 0.9165810184259221 3.710198870813273
1193 1.786965410141068 -0.1123534802118572 3.348346998090146
1194 -0.1323360854294079 0.789312290897958 4.888720306650383
1195 -1.072279015071629 1.42686807723942 2.234015821362709
1196 -0.06166027646884556 -1.811240795377151 4.552591250411456
1197 -0.5387714637513937 -1.703985439376482 2.488052973151643
1198 -1.568269263985292 -0.9072154151910434 2.617346772571338
1199 -0.9725809865522422 1.524301094606615 4.705995179825395
1200 1.06105053286871 0.05247513547470306 2.178788974947359
1201 -0.3452580774485458 0.7670859685476107 7.006782729532008
1202 -1.024778667751715 -1.459527902161434 8.106525125168528
1203 0.863314408692034 -1.523070295495511 9.275003519920968
1204 -1.661780964691948 -0.7120417647036901 9.330909723397594
1205 0.8007702200993752 -0.05165374941074852 3.811497734582235
1206 -1.412543708783909 1.07801511581373 0.7181974990402276
1207 1.584368875825512 -0.8360221871115163 9.293538919855605
1208 -1.213329931966596 1.368967357175076 3.126837248384701
1209 1.030738737820621 -0.1713577508486114 5.484601975576312
1210 -1.808650981538583 0.2869412684987635 4.022746403295544
1211 -1.094926587358227 1.408888532678327 9.279642177559959
1212 1.266843981735696 1.303803952685476 1.586833941534319
1213 1.094444813555265 1.404119192665266 9.306130633233355
1214 -1.782345691564217 -0.4626781643465138 7.778059231213523
1215 -1.814496503973129 0.2294266455934507 2.748724360204378
1216 -0.3885923176318538 -1.744027655985727 9.331522233784547
1217 -0.3962663146412739 0.04151381571793704 3.223852148538907
1218 0.3762600181931482 -0.4992255773088758 1.428066635187522
1219 0.2752947432712339 -1.053331643727139 5.560314636913399
1220 -1.271773531552281 -0.3195454081802796 0.6629645726593068
1221 0.7924669825688607 -0.444806582690858 7.285668651796599
1222 -0.7003774898986401 -0.1888560528439381 4.233629121505697
1223 -0.6688187275193688 -0.5202844779593563 7.79665021864595
1224 1.771226147710868 0.4060858915916556 7.104322814458042
1225 -0.3253774045332271 -0.7727738112507232 1.394749198245829
1226 0.7677860920193579 1.670532438184249 2.675414490757916
1227 -0.4476453321688396 0.7677786502035423 1.481575829782903
1228 -0.1924158944033946 0.9675279838818224 6.361096856444508
1229 -1.632185280180723 0.826992959505813 2.061943442026635
1230 0.1478169628692306 1.830073978252478 2.224524199640626
1231 0.578464477643837 -1.600760096954622 4.689857501992587
1232 0.1368881417060283 -1.850548987368341 6.809946428728293
1233 0.904393619727285 -0.5024121108090738 8.244807021215568
1234 -1.70377602805806 -0.6803440697941007 4.821701221173506
1235 -0.7884872117192241 -1.649948739224003 3.496184174835476
1236 1.115301811639508 1.432526664253566 4.829786890756934
1237 -1.442727509809484 1.133042564103492 6.488822777502821
1238 -1.246892402425182 -1.363608604420198 5.13784355704499
1239 -1.841134028067029 0.04663356681315109 0.6576278222060998
1240 0.9740037258431432 -0.3801773650731957 9.316681427741157
1241 1.812449400987862 -0.0275547646235188 2.544751946413966
1242 -0.06794126079963136 0.6434202627406402 5.552133169927957
1243 1.566403816038398 -0.9840231217155604 2.704681360668021
1244 -0.1914135401150734 0.9732691461093628 7.902421652130924
1245 0.9297034912538922 -1.590723633472725 7.679780052123815
1246 0.1848084232340888 0.8717308795916621 4.295506626650448
1247 0.9765798802305539 -1.558666190553879 6.462417514879417
1248 -0.7868339245397059 0.6337328907395436 4.848068407872999
1249 1.067012232742802 0.5366154265658893 3.302336454853651
1250 -1.294948128120473 1.309620008571418 7.462654579745307
1251 -0.8856590946516728 -0.07914939271256721 9.334434975466165
1252 -1.603736397623647 0.9080267358852254 3.413460668841246
1253 -1.131167721897368 0.4209223637305814 8.474925794835741
1254 1.741202595378375 -0.5956166047068248 4.808817387266241
1255 -0.9821690989981873 -1.601305809115395 4.368902726019416
1256 1.758044415500564 0.5374162916370382 5.141734416891699
1257 -0.7064216534697787 1.741028814506908 5.500525300941251
1258 -0.03063327094508265 1.840682446151962 2.91426697529157
1259 1.674558200534582 0.7708727209030424 1.460645698324083
1260 0.007616124564583049 -1.849200507357453 8.444503040684054
1261 -0.9651773785026947 1.569524036947406 1.59108917280042
1262 -1.113782748898101 0.1416663407404326 6.168047874325226
1263 1.247200381943231 1.353522715865063 2.337236004817163
1264 0.1453529183376562 0.5362399260422026 7.528805452395013
1265 -1.044186073886946 0.2480599158392433 1.561897860989178
1266 1.303210766015977 1.3471830200811 6.101561418012665
1267 -0.7125310148539334 -0.1239646874606903 5.497291969876368
1268 1.854138088648581 0.1729738004654109 6.436450736157044
1269 0.9897343317890166 0.4561501412195533 1.475120306318042
1270 0.8366439060551514 0.6880693771665406 7.996374887468419
1271 1.176533427784358 -1.43935437423602 3.114569129132274
1272 -0.4147398087097198 0.9128551488043073 2.708699325878174
1273 0.7046231330047743 1.71589556901442 6.897239687582237
1274 1.573027811642895 1.034441977261514 6.985263484014338
1275 0.9786937684299568 -0.3333829740948516 6.446654618608139
1276 0.5976463576838685 1.798877188337249 5.059988964516633
1277 0.24547664306186 0.05851464781629813 6.551566139873044
1278 1.785944602616747 0.5593237063846246 3.289814564510513
1279 -0.4444088328043629 1.831039048656713 7.139752262955398
1280 -1.809105655515583 -0.4181440858414926 8.468467617488344
1281 0.5681773738287359 -0.2787563956004698 8.762334972592166
1282 0.2914844285281279 -1.855306887724553 7.444608023462064
1283 -1.87663904964125 -0.02185880873165727 5.68071322812216
1284 0.4936797467181609 0.8994289864875524 2.112190937335631
1285 0.8243710628491157 -1.679567507101686 0.6334192012970976
1286 0.9145325298254749 -1.635303682247683 2.374348036446676
1287 -1.023154493326238 -0.09060370342413887 3.112151354694591
1288 -1.533939026275697 1.114641504411389 8.470671672322164
1289 1.476393476126586 -1.098892635529564 1.341271994285448
1290 1.350217526958238 -1.305731498512504 0.6438903127645714
1291 -1.518829394124455 -1.077994588482304 7.633103441435567
1292 -0.002912938736979565 -1.875904682307812 1.414360625059631
1293 0.8080842333767544 0.8558405818080572 7.202036153335164
1294 -0.8888451009651138 -0.2221018201485371 2.058321814437643
1295 1.213254209158147 1.438424081665086 0.6372252390347524
1296 -0.09284188701675802 -1.883945285698616 5.989492203816066
1297 -1.677732560023511 0.8799224081416539 4.221742807887753
1298 -0.06543361566793099 1.146445037729243 8.635505672384623
1299 0.1927632291967947 1.878600255638822 8.638661204378792
1300 -0.8050303215177477 1.694210657884786 0.6109670188444876
1301 -0.2154091478146598 -1.162373426351125 2.353367013530756
1302 1.008494377034518 0.6725312680774442 4.131641323837249
1303 -0.9432847906008731 -0.7318850295251812 5.457195644638404
1304 0.02132678391878734 1.897477576459397 6.085195717799685
1305 0.7822696490353971 -0.4158205934627915 2.712745216530716
1306 -1.063254769383051 -1.511765184976493 0.6388201868242831
1307 1.620614966334821 1.016026630174408 5.552152972979565
1308 0.1751807226329518 -1.216401388959169 3.600953524625089
1309 -0.1958725227651865 -1.143197566242421 9.383605791798711
1310 0.7499729470012139 0.8720548826033174 9.394433506850993
1311 1.639936182470866 0.7151388146586122 0.5869774014022839
1312 1.716348362110863 0.7875681585843173 4.161818300300247
1313 -0.7740160363025043 -0.8146064531126869 4.254279055020807
1314 1.020949148469916 1.606579416967748 8.706158537062162
1315 -0.5521604091978406 -0.8416866442877714 6.485000026055268
1316 -0.4472989116284438 1.843410729592796 1.344723561403358
1317 -1.865346773652534 -0.2645966689348061 2.24178845576858
1318 -0.6450683722084921 1.765166198072688 7.82434873963776
1319 1.810584288217967 0.3819196603783921 9.357895151158807
1320 0.6765833643264842 0.9352853627090034 0.6083727099949696
1321 -1.84851439356268 -0.5833790214889401 0.5954101351292622
1322 -1.2445394827273 -1.46174098262513 7.119193650012529
1323 0.8369673811172008 1.720200122538434 1.401169719529779
1324 0.9435223087338394 0.7252672209495277 6.231857124625319
1325 1.881916993053703 -0.09360311952373643 8.091079041264777
1326 -0.3872697662422914 -1.743163779647164 0.5804824343480479
1327 0.5047521425996048 1.124331186499765 3.154617466630476
1328 -0.6553856297933152 -1.0396708662949 3.507011218713635
1329 -1.926376807540547 -0.1550133153808508 3.603688009078854
1330 0.3942412232706001 0.4607245957141914 1.245423405264964
1331 0.4833208237441487 -1.163014243954977 6.552629368577041
1332 -1.115781169113629 1.537475863463263 6.148921139683313
1333 -0.311146252276008 1.861873590975546 3.97474762986129
1334 -1.297410980981236 0.3553142589261681 2.320266242416199
1335 -1.464572800346075 -1.199092548272998 4.581426689839848
1336 0.3015984512256765 -0.1645059128564984 0.5582650339870451
1337 -1.225228467975755 1.439516188056903 5.353109606554925
1338 1.27663002685593 -1.376169118853703 7.109323734285418
1339 -0.6294955632560033 -1.819881462046043 7.798905170465336
1340 -0.1010891055213279 -1.880358458316578 2.907585882166081
1341 -1.725306531750121 0.8043824767989496 5.437836583391823
1342 -0.4343260163944321 -0.9622333029856118 4.811396876820605
1343 0.3157050194516838 -1.007867595001857 4.320627028890446
1344 -0.9167244975864492 -1.704807603325516 5.527981024548017
1345 0.3615314255361453 -1.8802067726309 9.404514847401636
1346 -1.815928114704088 0.6221985061173066 1.451514810505151
1347 -0.1791768826609593 -0.3985274033265847 6.69089964652034
1348 -1.728909401030003 -0.7745629458378309 3.804936317182944
1349 0.422408817677401 -0.9298326718212591 7.198365056153959
1350 -0.0378357039415409 1.201115331983879 7.307630456185444
1351 -1.647550601211673 -0.9497410732646616 8.759608911726689
1352 0.892217847960075 0.7446499932360168 8.641878094739951
1353 -0.7848048288093525 -0.9653987645764091 0.5663251271654547
1354 -0.9854739436959635 -0.6482017066478499 8.646450794518707
1355 1.144093651553034 0.3760897452091799 5.093473354431051
1356 0.3527487554216794 1.058034653660743 5.3990477151915
1357 1.736589224443957 -0.7660258200464939 6.527100030083343
1358 -1.270926910405519 -1.470584238590651 2.591829991670561
1359 0.09311899991327061 -0.1869222965418524 1.874688625385032
1360 0.3351970256068741 -0.1417508152583359 9.444764671974447
1361 -0.7712444850581219 1.015632453334215 8.943490164287464
1362 -1.804306131713726 0.6429626943218604 0.5705575949996524
1363 0.5282810483801832 -0.9758787675667189 3.164894566621288
1364 1.333665710897564 -1.348072152866067 4.998536771414624
1365 -1.840904615249211 0.5141581044002665 6.685449517053009
1366 0.897213065417946 -0.7975031660692147 1.547512777922356
1367 -0.9823903103800123 0.7665827270691725 7.43514273095436
1368 -1.643899700613434 -0.9657190497362281 1.382667892389724
1369 -1.916321607520985 -0.0846055638628893 6.289195527628723
1370 1.550110594714536 -1.141860405198502 4.153904239051677
1371 1.050642675434351 -1.578614882839797 5.86236993743394
1372 -1.918483818185354 -0.2824728092773923 6.997135457904153
1373 -0.552414374292048 -0.09860671433992646 7.382743232422128
1374 1.925372533525294 0.1224878915807968 8.658221224023936
1375 -0.5825803041285667 0.005735256670988225 1.214182164574442
1376 -0.9489844715423061 1.007027203505247 4.402868123188567
1377 -1.824018117305951 0.488735489301318 8.759951529918876
1378 -0.2939379712788104 1.238184885413068 3.198492561744782
1379 -0.9495109168462867 1.653001054732885 4.122317503225648
1380 1.888386999702083 0.2051447427274349 5.817356131164186
1381 1.583404199369983 -1.080712808162279 8.733452613106135
1382 -1.226732422224044 -0.2592963930736238 8.25096502742185
1383 -0.3094353151606476 -0.00216666791458528 9.459498461193007
1384 -0.3733261660200091 1.166250358588875 0.5849636074205475
1385 0.6671858521641693 0.06198347157265346 6.983104868236906
1386 1.75223660424263 0.7127067255276684 2.05652656925764
1387 -1.027853736171729 -0.6459429764353357 9.446047268980733
1388 0.7530046497797864 1.777242416799301 5.637398340710443
1389 -0.2822205119483094 1.923429872819862 9.436390660038223
1390 -1.013463885174092 -1.640473993588634 9.337891866546579
1391 -0.1092694884847594 1.179844956267101 5.809842261450575
1392 0.8449454141682551 -0.928547864822108 5.052271585695288
1393 -0.3431158830008146 1.877953147310147 6.555227905742563
1394 -0.5718546593184552 1.833958465073777 8.562773637078633
1395 -0.03308860395688681 1.262219006427417 9.450785800672854
1396 0.3087044344776542 -1.239563611820722 1.242345982096672
1397 0.998133476291704 -1.635830263974572 4.274503455640422
1398 -0.4612593719011782 -1.066117716297995 7.899605795736805
1399 1.867946295652305 0.3596133496855447 7.696046324073129
1400 -1.462563171595637 -1.286599359276458 2.018695186767311
1401 0.01475436316911667 -1.348828074230049 7.303944954717912
1402 0.9948493384428413 -0.3383306262227791 3.32231520903468
1403 -1.853914148682717 0.6413762129561839 7.718516979185994
1404 0.4344416708996099 1.320667836138008 3.916911252097067
1405 1.905999227088048 -0.3168424467247776 0.5637182768069695
1406 -0.7195360997405192 0.8503564854145995 3.863580642937575
1407 0.6789348184348567 1.793922907500712 7.647701386628378
1408 -0.04189139707131254 -1.934745994618224 2.004321724278409
1409 1.465068412357375 1.291963780720109 7.783691987981962
1410 -0.08704210020020675 0.5448147924059266 8.750168526800003
1411 -0.4103446501033662 1.920359240252301 2.385649249693835
1412 0.3796707394529759 -1.103053107677979 2.351648646704522
1413 1.751111334062087 -0.8063899669149944 5.794954303567634
1414 0.9837614146817315 -0.9641395878037773 9.466149400902522
1415 -0.9900691489606578 0.8595457919075037 9.469328790692003
1416 -0.4623347485075309 0.340644682433107 5.239883252888325
1417 0.7550204020133573 1.79347286345302 4.493749860793635
1418 0.4831920814699743 1.906032153835376 3.796016655859626
1419 -0.2624213806408444 0.04846852948522856 0.5603795640024839
1420 -0.512943581673125 -0.9464895612665201 7.073568916726821
1421 -1.553774261224296 -1.192174898440955 6.270714929816981
1422 1.631090151237343 -1.105080245530158 2.131568972757543
1423 1.913907153841035 -0.0870876139789393 3.930703052010613
1424 0.7736380920493525 0.9863139742658819 1.603844958218093
1425 0.6113403408898984 -1.830320033438181 8.833608718742624
1426 -0.7712198492363709 0.9748352368051335 7.952750292364485
1427 1.677433176530359 0.9531475205425057 8.588389981959525
1428 1.212700690466572 0.2408914800274668 7.926219681561382
1429 -0.06545740160983748 -1.271338692363735 8.38691144141108
1430 -0.3209871300697046 -1.930469709874453 4.043984012244257
1431 0.05018829030897731 0.466813100663444 6.181413108398217
1432 -0.7322194985224555 1.047133794104136 5.875061279032938
1433 -1.662153471387908 0.9969902780682988 9.455321363178044
1434 -0.4249108159538149 -1.927510782199094 5.311551145067623
1435 -0.548731299761346 -0.146985199089797 8.866325791373701
1436 -0.03965565922910436 -0.5491447057989192 8.767042388645017
1437 -0.2107336278352958 0.2468592110398292 8.104826347840115
1438 0.7561082278808064 0.6953813932444551 4.773153204302719
1439 -1.139201349288603 -0.637591835090903 2.916223177488828
1440 -0.8885086959743675 0.8961242518696866 0.5364290279997735
1441 0.4401400905050091 0.3061680271675618 8.724759339837666
1442 0.1381129361769335 1.324390205922054 1.940421746103176
1443 -0.239447103630172 -1.177519873824312 0.5520068577017568
1444 -1.070740253892522 -1.610396545106463 6.175139057896864
1445 0.216072102174329 -0.4778193724551683 5.659040337828214
1446 -1.633683394204596 -1.121338097911881 3.353157598351585
1447 -1.930769406292758 -0.2606124031400971 5.14872239675461
1448 -1.292585470465405 -0.09620700667672683 3.794476257071378
1449 1.140355208782216 -1.459923311129683 8.764773322916193
1450 1.007330109821651 -0.6551505215544587 4.131888415593598
1451 -0.5553782475007526 -1.093820120667232 8.934324212945343
1452 1.240981841583433 0.233731232629962 7.319160522174554
1453 -1.124673735802956 -0.6306058237585612 6.533267558797369
1454 -1.311424347025974 0.5941264389311312 3.79621571949518
1455 -1.910806628159245 -0.3333855003391853 2.810123284783843
1456 -1.858237379546018 0.7035968716987185 4.818168563991035
1457 0.8324802212366571 0.7412614215884248 5.648374974550687
1458 1.917356760351121 -0.3383051578730209 9.491795491253727
1459 -1.172365237380335 -1.539126539104492 8.676263689426415
1460 -0.4944430322685036 -0.3929842507132864 4.766032809873176
1461 0.274112107147322 -0.3571553089628133 7.517676379441983
1462 0.305502049956286 1.915183156026788 0.5361756899675046
1463 -1.416749280898988 1.358703300534184 4.38887162057827
1464 -0.9525545520213444 0.6965046949034566 1.207288613884637
1465 -0.2207270777224679 1.32677376361843 1.217704023461955
1466 0.1465546073007419 -1.008978068525923 7.923909838677472
1467 1.581058399827697 -0.4347070146861617 2.883106245300845
1468 -0.07294544830620006 -1.308904779431235 6.178068486295793
1469 -1.060772325120759 -0.5481799485152947 7.383522359145538
1470 1.836940858484354 -0.5833740470334303 7.402904623894895
1471 -0.9610126732601799 -1.702106345460738 2.096039578120457
1472 1.279881405173832 0.1682858600110279 6.172247531671561
1473 -0.892545880326394 -1.725691233764303 2.938027227966702
1474 0.5816320852402419 -1.065834073976385 0.5619514458540852
1475 -1.106697664747903 0.4724980316862007 3.049755893760966
1476 0.3018569895847101 0.3210623114979702 3.498412919222504
1477 1.489115151791453 1.262572148492569 4.390487236037067
1478 0.495752571814686 1.890812910666088 3.123640738109922
1479 1.57782314462141 1.120057000248819 9.477552393540925
1480 -0.6929651290112971 -1.07281998608922 2.738088323060825
1481 -0.7875499907732189 -0.9175112419186017 1.703785121056723
1482 1.270534744552504 0.1647162984424767 9.447188322360182
1483 0.174051225172541 -0.003094053934161081 5.292328749210641
1484 0.4636005361266703 1.144133663651611 6.498226145234892
1485 -0.6588839268479807 -1.853645019472144 1.245764151646003
1486 1.136730212653953 -0.350169588635031 8.746257499185294
1487 0.621242864153134 -1.882889867306801 5.644913989406184
1488 1.952289543953419 -0.0001739221902693175 1.314543845641953
1489 -1.258808050753074 1.505018988767136 1.100855527127294
1490 1.075850674046369 0.1213693366784749 4.28093968649172
1491 -1.682337012230477 -1.078647684934494 5.350325194214261
1492 0.534503650948793 1.06832117941319 8.295301848428931
1493 -1.253403387085971 0.3483278708000702 9.449015283416603
1494 0.4125202513884427 -1.93923877720351 3.650113851608096
1495 1.646386125148851 1.090195067364402 3.102280912741898
1496 0.6250707633394168 0.01075362833191718 4.867512574373815
1497 1.381725723023809 0.2669402271368401 8.746987285875434
1498 -0.05755781822231365 1.278963127257299 4.62017807824717
1499 1.269160457919232 -0.2305712327851292 0.5478826595038317
1500 -0.9786722254162321 1.736705949520025 7.282771750111706
1501 -0.9426153456069362 1.0997190722698 2.671208177139359
1502 1.13702787053449 -1.563299894369471 1.393331901551688
1503 -1.065756839598254 1.656445431486032 8.772425434382368
1504 -1.083490487409731 0.7770983977369816 5.388245715182818
1505 -1.322668570381348 -1.511945883360135 3.605255198361116
1506 -1.925182877656357 -0.3052728856255399 9.020640359821439
1507 1.954726737276823 -0.2944617690169812 1.947833538095623
1508 -1.228416541347168 -0.1541514178743657 5.708630713983906
1509 1.520059017200581 -1.280133710975718 6.609776722720477
1510 -1.956787748276189 -0.3811393793046876 1.704152934394768
1511 0.9704922650451417 -1.058934412713595 5.665085487747882
1512 -1.116849544642479 0.2694084907267059 0.567194588074668
1513 0.1667592355266104 1.994668404534366 6.978619084224367
1514 0.006489811596454148 -0.6291753844343881 4.880084664415905
1515 -0.5758262124513779 1.882224086344239 4.46092647108761
1516 1.403941141014651 -1.37292315877855 9.445999440509194
1517 -1.005861744322762 0.3743648978903152 7.935424993343857
1518 -1.418649305512698 -0.2185488110214248 9.454998874237889
1519 0.1274462295706316 -0.05998118263875661 4.360331847350209
1520 -0.3785713916907651 -0.2825928763383007 6.145678543300035
1521 1.571554327234687 1.166331518220005 5.015139619280874
1522 -0.1191701392965269 1.257054062622458 5.186366993861179
1523 -0.7526240047322625 -1.138293817302995 9.480203716465375
1524 -1.307300030779755 0.4436552796887215 4.889699755763684
1525 -1.937875796546105 0.3278167593703337 5.258139254308029
1526 0.2195068823088122 1.961737933232277 7.994745989425977
1527 0.3061174418562399 -0.3614931195270357 6.194064746039227
1528 -0.2289685873628536 -1.176987785832499 5.277669675196773
1529 -0.2918434899943289 1.963364126691498 3.384153975386125
1530 -1.393024508627939 -0.2721595426200932 5.025150807250489
1531 -1.562262141281928 1.247278247525036 2.41184243925033
1532 0.1441627633574823 -0.4976212619626524 3.925969030433476
1533 0.3164963539848945 -1.952542247345334 7.992563671988369
1534 1.468016830483048 -1.312390899611378 5.609326531451978
1535 1.099251611597529 0.572678438283196 0.5391917878843736
1536 -1.610963801160773 -1.186501248180408 6.81677281868326
1537 0.1038240021633564 0.5408209280625697 2.535965823841249
1538 0.5255696226866802 0.02660640391874214 2.320243607851881
1539 -0.5539791396310295 -0.8553981628213313 5.826714010547272
1540 0.1749851579053568 1.300226580425996 0.5496933783587435
1541 1.863353494355189 -0.6014935410792892 8.84873809458656
1542 -0.2235742113304869 1.972561178295072 5.376431162177478
1543 -0.8694657767905434 -1.752557310580069 6.84456318557467
1544 0.6102619905212407 -1.245222838197659 8.724258639383892
1545 -1.406637195921589 1.36108314699735 7.995702020867851
1546 1.020984234346023 -0.8090533232693552 2.182289051440824
1547 1.870699729911193 -0.5876631987724292 3.654316697081479
1548 -0.4033697976881923 1.26116104023614 6.774359323804246
1549 1.385517521374085 -0.2491243950534819 3.705787964340542
1550 -0.8412987970802632 -0.8565668212230944 1.107184565007629
1551 -2.001020781006716 0.1070824563373203 1.389134075125223
1552 1.674370144444901 -0.9941310070607267 7.058271114393105
1553 -1.872160467184467 0.7289474430013213 8.264208373206893
1554 0.1601360831771951 1.966314518265845 4.775286101999168
1555 -1.318052528478342 0.5068231661282818 6.521802951281001
1556 0.406876012098216 -1.214620332436543 9.429052658231965
1557 0.543097496874027 -1.893487054083704 6.444597524827503
1558 -0.5702566863268241 1.160259790870599 4.76469983684669
1559 -0.01265071846196025 0.4599226633464316 1.614256999111498
1560 0.9149632751091461 -0.8738624796870265 6.375764734376937
1561 0.3384765439147624 0.3739328614070507 0.4858860757014253
1562 0.4792290550269869 1.289706833466559 7.154537962200246
1563 -0.6118555612395347 1.10454586693091 2.23884218613863
1564 -1.922165692437953 0.5348920740318258 3.183181799998278
1565 -1.926093436395186 0.4065529001061741 2.245658335976352
1566 -0.9118942404018477 -0.6323657616716701 2.418994290568868
1567 -0.03315628248748451 -1.980547907184542 8.980097496817285
1568 -0.2188874623583645 2.019290308568001 1.857137748905826
1569 0.7118297823029447 1.144005604874759 2.547342506065165
1570 -1.98949102910382 -0.2999589211995608 4.559121419160519
1571 -1.42352516206924 -0.1897325544863039 7.198726357890378
1572 1.22038433021377 1.615779969994869 3.087313470425396
1573 1.793252313951782 0.8663677395765421 7.890803382244658
1574 -0.336472737736316 0.4146969735884011 3.613426487514675
1575 -0.5253066363046888 -0.1368629313371443 2.453675227856302
1576 0.6441847192637743 -1.878211035125957 2.781891787627508
1577 -0.9963152995558199 1.019845769943486 6.956821319228904
1578 1.62301068648884 -1.188405176130674 3.61147641872246
1579 -2.012748708326518 0.02437110377721893 7.810911104369456
1580 -0.6173731099519914 1.260584925644542 9.505447389710477
1581 1.186477086113061 -0.2709471363858325 6.948638758559071
1582 0.5598851640856599 1.372467069356129 9.522520487405176
1583 1.975249944392784 -0.05666358698064748 7.35886330438705
1584 1.125551407861171 1.628290977010401 8.045477231600964
1585 -1.389706084559622 1.416679905466565 6.943484381231714
1586 -0.03814073416525721 -0.3400180471153853 3.080442337905835
1587 -1.094735669473414 -1.635869664036621 7.604365998335554
1588 1.113095588169162 -0.606951902547866 7.75276841143071
1589 -0.7608740815209527 -1.22467514764526 5.342138904600072
1590 1.052818858544886 1.665483944740699 6.457578063217093
1591 1.393243929859848 -0.07705085531951994 8.327331275654704
1592 -0.1514012669406828 -1.239556917786031 4.448937295167537
1593 -1.772102692897138 0.9769855704366016 6.088797969880777
1594 -0.1905888702623731 -1.347415869552814 1.423494094028195
1595 -1.94631384140423 -0.5284935000048705 5.83511000882877
1596 0.3533735633960399 0.3730063851571495 5.747661733077083
1597 0.5659418861379178 0.5921753523633811 3.117537875277991
1598 -1.500200108757797 -1.244744320272515 9.445285624220494
1599 -1.11748677306 1.677810046584343 2.702577719507363
1600 1.732125229453476 -1.052991007606605 0.450917628052613
1601 -1.217532498645685 1.615560754460363 3.598822225654132
1602 -1.113937489967723 -0.3714683313539989 4.518043156044034
1603 0.9492668980094838 -0.9892517530588442 7.289951976710585
1604 1.454201872665685 1.339524486052548 8.901615856022307
1605 2.017749477209692 0.2218458630035697 0.5258843076858626
1606 0.422857102175987 -1.429858799760108 7.741862305302455
1607 -1.459573222304686 1.417691338875814 1.866426270501675
1608 0.5252529943392528 0.1754154541652811 8.068946726457977
1609 1.972548381937119 -0.2840836880672604 4.431442041652
1610 -0.1546697904928326 -2.060301124098529 7.55530296351407
1611 -0.439294848827811 -0.5185592468208542 3.905529999136374
1612 -0.05436896369463715 -0.5076705126051803 9.530185503816034
1613 -0.6188879036257747 -1.906062268683804 5.919083212644446
1614 -0.1099513925995618 -0.5007985896622742 0.4905411635504765
1615 -0.1927926549003246 -0.6099966593855212 8.016235357947762
1616 -0.8561154451723016 -1.142279028214327 8.498497245226908
1617 -1.882092696328808 -0.7244882213868905 6.708249064136563
1618 0.5651291875541664 -1.898592079003573 2.043423438693015
1619 0.4245794976992242 -1.970819701659566 0.4722161575308019
1620 -0.7724530351005475 1.829030888851093 9.2582716049063
1621 0.5687441029459837 -0.04328514202261544 1.228486785433931
1622 -1.775921395412743 -0.8544405790547186 4.326558793768782
1623 0.2448041757464532 0.4201726797878425 4.812988478562845
1624 1.946566595773898 0.4912789654841304 1.08165252639099
1625 -1.377038914676304 0.4384830597194268 7.563839138584821
1626 1.577998331529742 1.20405940167546 1.166303574071418
1627 -0.4918187018348515 -1.980341323459681 8.315024162588193
1628 -0.174831764976882 -0.1290663809816938 8.475294169909089
1629 1.216594415793181 -0.5791318092202657 5.777537624974858
1630 -1.006320009457336 0.299601832559343 8.978970414448757
1631 1.837877506028799 -0.7951502885477402 7.912732674887557
1632 -1.228871743098328 -0.07608959332534737 1.165427929607848
1633 -1.402698183749451 -0.2626171252792974 1.649330384252383
1634 -0.3573737350299556 0.3319491790921087 2.272156979949382
1635 -0.1930828270955871 0.493185418917764 1.102187775946281
1636 0.6387247755962489 1.903709245753706 8.930712256423863
1637 0.9686600159437745 -1.761783531327761 3.483964150274672
1638 1.270713941161852 1.510713801271602 3.740746791432545
1639 -0.5814449568319761 -1.895422818911217 4.542891677330587
1640 -0.9709560493658165 -0.04504097945117833 6.640217532407957
1641 -1.037354193528768 0.9350056566589032 8.405984864502987
1642 -1.263956037690256 1.506953181898801 0.4798772447199681
1643 -1.680931947238594 -1.14144753609376 0.5196329271189736
1644 0.9471855037897694 1.178607274313165 7.829315602921299
1645 -0.7108774049623023 -1.227018902685935 6.164176345984994
1646 0.2875937929341521 -1.313671370113406 2.831555700562852
1647 -1.198837610906273 -0.8869893925620829 3.5338293974046
1648 -0.8097481897048161 1.844395225989719 2.05277300663586
1649 0.603503465589569 -1.938148702769056 1.061963038923187
1650 -0.1369385323558755 -0.9575075159847853 3.937623527491644
1651 1.390233883906129 -1.427036432550732 2.475381921300094
1652 0.08089037662401072 1.401196278187485 6.246563295732408
1653 -1.531935290659284 -1.330971609537637 8.127190003149289
1654 0.8275789640595421 1.829360531903463 9.47986474316898
1655 0.7059237869679317 -0.2752651895461661 7.810978315551323
1656 1.400620116644199 0.1487468691654252 1.342575520395052
1657 1.677160164920496 -1.106350031330234 4.670353419814152
1658 -1.047227396245128 -0.9293864629663156 7.027830611366261
1659 -0.3672641314490989 -1.98615522092372 6.801790947896647
1660 0.2178333617605369 0.4386305180100185 4.002207320990165
1661 0.1688462861970538 2.015261552340953 1.044429082472048
1662 0.8139716610666081 1.209380046101135 5.970800615520263
1663 0.6044717910592772 1.061441257555555 1.112711708925498
1664 -1.504045085760218 1.290933576522044 8.967446306371615
1665 1.329072728753442 1.496584021001735 6.930708768902903
1666 2.009679644095687 0.1943715565391772 2.981100965095937
1667 0.7153007521724954 0.3820659511760411 6.567163788565422
1668 0.9404117206587148 1.059908671720203 3.434802867970017
1669 1.112710755926301 0.7394078436765998 2.562942297716076
1670 0.4983430213057544 1.973046297181186 1.862411006792624
1671 -1.200139018912847 0.5399423277361972 5.845705788740539
1672 -0.7710746480753385 1.897364249396563 3.120239549643994
1673 1.664587859320993 1.147991419136538 2.58069230946103
1674 -0.7733194034970258 1.892598899533472 5.010186580850925
1675 0.6210345443400506 -1.380329875397571 1.975973651260273
1676 1.221787782342604 -0.6731870125623907 4.789676961294515
1677 0.8043934930850623 -1.016188582975357 8.270075676608474
1678 1.85124182059321 0.8339695952621896 4.714836280521206
1679 0.3699830200348895 -1.008374477543706 6.06945775098381
1680 1.933490856199848 0.4705047028039058 3.793488955207266
1681 1.372390160335384 -0.8131429842772655 1.768208850059287
1682 1.082987551520873 0.8952635747986807 5.130728961794037
1683 1.897710822406799 -0.6403865207615481 5.313319036505249
1684 -0.2960400859355738 0.8216110888074062 9.523327520788781
1685 1.598568271469952 1.20642990475333 1.979074491396779
1686 -0.1260027046915119 -0.01214712980569665 7.664127368888298
1687 1.862942518006715 0.7194833144008197 5.908226641058009
1688 -0.2285115575459926 1.974145089126234 8.923988331886612
1689 0.2891703437239666 -2.034745934403316 5.034804110384871
1690 -0.4365796159612805 1.98874874453586 5.864549452248159
1691 1.100666053530756 -0.5914483912496026 1.112107742949261
1692 0.0982216180821569 0.3015148900520227 9.557232179371642
1693 -1.488649709422995 -1.388357026162616 1.102912927399059
1694 1.953161025680309 -0.3115783213829691 5.764513998660614
1695 -0.8716007786989153 1.056627587805392 1.575813618107292
1696 0.768094426985674 -1.116017459077363 4.085111520188939
1697 0.3318641075700268 1.960767837963836 6.491596042420773
1698 -0.2175301302299417 -0.2682135963443619 1.46480071137617
1699 -1.80675631365598 0.9124022982885864 1.017675945944157
1700 -0.3975737042976923 1.990283118862924 0.4396279464974095
1701 0.3152264493495238 -2.020713022648687 4.274821243073441
1702 0.8282900030225168 1.846310054122812 0.5163247187177477
1703 2.004904268787328 -0.3228836514475217 6.480467545687818
1704 -1.080312630291126 -1.750827853617307 4.848112923208252
1705 -0.2569504777990971 1.418574204761168 2.432584247555575
1706 -0.07519766417573398 0.3737809490850451 6.817642446118291
1707 1.200471939246649 0.6659798138564954 9.522769688373957
1708 1.25664028154375 1.605600936640722 1.123542669747514
1709 0.965934351773498 -0.969665661938067 3.44046714377187
1710 1.849526238860306 0.839150262016979 7.376919235508916
1711 -2.010736993036701 0.02533992495548794 8.63525039788518
1712 -1.898898463999633 0.729888743530414 3.788262148969859
1713 0.6692570055533142 1.017994132418623 4.38310800737515
1714 -0.2242187341372024 2.046721023522341 7.756161704440393
1715 -1.843491554537066 -0.9041773555253649 8.024836925673116
1716 1.417145488796402 -1.455049826419546 7.786426872614893
1717 1.090643224545773 1.715912161311688 5.256404217494637
1718 -0.5499409017186683 1.318742194213645 8.588866340118511
1719 -1.727879244367222 1.044194677976709 7.434774599622592
1720 1.511684305815422 0.2873230058841677 2.268022360364546
1721 1.913380239188493 -0.7319955774390238 3.154498267357283
1722 -1.649607350165726 -0.9414261345577117 5.838854764609949
1723 -0.5554972362472568 0.3467141037926144 8.744069865443031
1724 1.985104376670564 -0.4446391297678207 1.056359698881994
1725 0.556586326324421 -0.09253770453215303 5.667438860934422
1726 -1.177805791272216 -0.6190787237750769 4.013730874999453
1727 -1.94276427027904 0.6490420429690763 7.199985556159836
1728 -0.1674814726617229 -2.001247109199623 0.9541775802553416
1729 -1.914264546915589 -0.3157703012902822 9.531191418825163
1730 -0.9428265090361094 -0.9158341390165458 7.959594831637445
1731 -0.8224789441773892 1.875492758757691 6.388393609349892
1732 1.176498872462754 0.7305233112411402 6.867219081637434
1733 -0.474167940230851 0.5644847186907876 6.230843583784158
1734 -0.6021081644580555 -1.33119899076607 6.755858781814572
1735 1.919607077100167 -0.5348280002723103 2.50088394615487
1736 -1.657232959957454 1.173637396449759 2.987909659445387
1737 1.894199438671969 0.7299662548685129 6.726314289803379
1738 -1.515965950219513 -0.08675824107962904 3.004434212090741
1739 -1.203838215187522 -0.7554579969419041 0.4249306199682507
1740 1.616835858711776 1.199190440696549 0.4655405974667791
1741 1.133603416539505 1.729608750077139 1.829928482839616
1742 -2.071121245560501 -0.1382671295415233 4.085806226398677
1743 -0.2298352350002966 1.462095868243851 7.694677704727833
1744 1.931215971826829 0.5989729869986991 8.889854524553163
1745 1.066682325907931 -0.9035549833805256 0.4841123065758826
1746 0.77894545866916 -1.905808735104564 7.310969248203405
1747 0.117002870669177 -0.6819109240255802 2.235877470014393
1748 -0.8378273920192244 0.2764419975425208 2.124946723570624
1749 -0.371185777826009 -1.160680588241101 1.868302769140016
1750 -0.8091776534994038 -1.840595181003757 3.961425203600767
1751 1.010602328829785 -1.755603580692056 1.845996547925628
1752 -0.002828628935853006 -0.776832916465785 6.974212735248698
1753 -0.485372664811122 -1.950399008153159 3.227003399088435
1754 -0.5272460371156689 -1.48290035859944 8.172269032564502
1755 1.563588083761028 1.24120946593999 6.522939013002748
1756 0.4658330548475047 -0.7908252296607523 4.750037486139719
1757 2.006435157187828 -0.07872292597949967 4.89730514427471
1758 -1.364343120108905 0.6225946471984276 1.682673727471857
1759 -0.7775462157938797 0.2420603277729766 4.47846505182595
1760 -0.2838125310247752 0.9169845987497994 9.028113610297851
1761 -0.1297618257663986 -1.59578494056717 4.99970066401838
1762 -0.07312662178112095 -2.046710380695555 9.542800831810302
1763 1.14990818034593 -0.6985145725770066 2.916529627944488
1764 1.088822920881334 -1.70765351327926 8.144589244512334
1765 -1.895663168731998 -0.7630405590654592 2.267951918306113
1766 -0.05044444909700907 1.430737908281965 3.97658278403769
1767 -1.439294617694367 1.473357169948152 4.873431089338415
1768 -0.4682820539839194 0.5029252556183874 3.042238054636096
1769 1.09958153787108 -0.3820562958192524 1.923658119363655
1770 -0.8238681713833176 -1.181879743598363 4.589031415188466
1771 -1.926531905990002 -0.7282797722527194 7.383041282661258
1772 0.370175459493235 1.970336009611753 2.647932797478362
1773 -1.942980140765313 0.4274020078465527 1.004447348565723
1774 1.418618113660142 -0.3062262725582824 9.537347627639171
1775 0.6020312833056802 -0.164716847468699 1.728429814237491
1776 0.3187752651654789 0.1944980674110556 2.824367388883004
1777 -0.7433047262347305 -0.04536908247360494 0.4586049429040883
1778 -0.06760328983126135 -1.044553239457191 8.833170787440601
1779 -2.016435575735444 0.01442076530689351 3.146854978949532
1780 -1.294599515740209 -0.5462131635577355 7.821827081358805
1781 0.02165633949271234 -0.6666259294017459 1.742568662269098
1782 1.343140738987879 0.1222765257818041 3.369982600973262
1783 -1.129257822606357 1.691088797058714 7.752211537949506
1784 1.0403336732977 -1.749562302165087 4.960005841029807
1785 -0.7398358736854069 -1.906962095107954 9.01824687504943
1786 1.249089353544624 0.9026153481155199 5.876039812093109
1787 -0.8741082207348977 1.821894151607066 1.08793243031852
1788 -0.383864446767171 -0.852413368076453 0.9040879197526607
1789 1.448551429557363 -0.03291295381975812 5.722384690385598
$EndNodes
$Elements
7885
1 4 2 1 1 1034 1181 1086 1218
2 4 2 1 1 1470 1581 1161 1588
3 4 2 1 1 1175 1471 390 1485
4 4 2 1 1 1038 1581 1470 1588
5 4 2 1 1 641 1247 1557 1746
6 4 2 1 1 596 362 206 1059
7 4 2 1 1 945 1443 1111 1474
8 4 2 1 1 1035 1087 1191 1625
9 4 2 1 1 413 417 418 1062
10 4 2 1 1 1035 1186 1087 1625
11 4 2 1 1 418 1062 417 1714
12 4 2 1 1 206 1059 362 1444
13 4 2 1 1 599 1215 1078 1564
14 4 2 1 1 116 964 1326 1619
15 4 2 1 1 641 1247 634 1557
16 4 2 1 1 1243 1271 311 1578
17 4 2 1 1 686 311 1243 1271
18 4 2 1 1 995 1499 1117 1656
19 4 2 1 1 1078 1215 599 1565
20 4 2 1 1 774 1188 770 1422
21 4 2 1 1 1231 1392 1046 1756
22 4 2 1 1 413 1062 418 1299
23 4 2 1 1 200 1097 1340 1494
24 4 2 1 1 1063 1010 1163 1602
25 4 2 1 1 1043 1179 1217 1611
26 4 2 1 1 1080 1557 1247 1746
27 4 2 1 1 988 1511 1209 1629
28 4 2 1 1 984 1267 1083 1483
29 4 2 1 1 1140 1450 1073 1578
30 4 2 1 1 774 1188 1422 1507
31 4 2 1 1 1095 1201 983 1373
32 4 2 1 1 275 1099 1418 1638
33 4 2 1 1 1140 1370 1450 1578
34 4 2 1 1 1069 1154 1097 1308
35 4 2 1 1 1209 1511 1392 1629
36 4 2 1 1 199 1358 1198 1446
37 4 2 1 1 1002 1231 1343 1756
38 4 2 1 1 1030 1161 1581 1588
39 4 2 1 1 983 1373 1201 1706
40 4 2 1 1 1161 1470 1030 1581
41 4 2 1 1 384 1077 372 1307
42 4 2 1 1 206 1421 1059 1444
43 4 2 1 1 1078 599 1229 1565
44 4 2 1 1 1160 1466 1060 1655
45 4 2 1 1 907 1306 89 1326
46 4 2 1 1 1002 1392 1231 1756
47 4 2 1 1 1007 1200 1064 1305
48 4 2 1 1 981 1326 964 1619
49 4 2 1 1 200 1340 1097 1576
50 4 2 1 1 1107 1293 1264 1385
51 4 2 1 1 384 1266 1077 1307
52 4 2 1 1 1216 1309 854 1345
53 4 2 1 1 521 1386 1129 1720
54 4 2 1 1 1018 1410 1124 1441
55 4 2 1 1 939 1159 1121 1419
56 4 2 1 1 1001 1118 1373 1517
57 4 2 1 1 996 1172 1084 1323
58 4 2 1 1 707 1304 1076 1388
59 4 2 1 1 1000 1466 1160 1655
60 4 2 1 1 1030 1161 1588 1603
61 4 2 1 1 418 1526 1062 1714
62 4 2 1 1 1066 1170 1008 1581
63 4 2 1 1 1264 1293 1101 1385
64 4 2 1 1 1030 1588 1581 1603
65 4 2 1 1 1073 1578 1450 1709
66 4 2 1 1 1099 1417 275 1418
67 4 2 1 1 1065 998 1150 1332
68 4 2 1 1 586 1689 1487 1784
69 4 2 1 1 641 558 1247 1746
70 4 2 1 1 1070 994 1138 1368
71 4 2 1 1 1121 1159 939 1384
72 4 2 1 1 1003 1062 1526 1743
73 4 2 1 1 51 1319 1061 1458
74 4 2 1 1 1154 1450 1578 1709
75 4 2 1 1 381 707 433 1276
76 4 2 1 1 913 1336 1086 1474
77 4 2 1 1 1329 1564 163 1712
78 4 2 1 1 1078 1229 599 1531
79 4 2 1 1 1201 1373 1186 1706
80 4 2 1 1 1084 996 1323 1424
81 4 2 1 1 1163 1210 158 1456
82 4 2 1 1 1193 1467 1666 1721
83 4 2 1 1 1117 1535 1032 1656
84 4 2 1 1 993 1155 1100 1217
85 4 2 1 1 993 1217 1179 1611
86 4 2 1 1 1001 1118 1223 1373
87 4 2 1 1 1154 1308 1069 1696
88 4 2 1 1 177 175 176 1103
89 4 2 1 1 103 1374 1325 1541
90 4 2 1 1 1085 1188 1081 1691
91 4 2 1 1 362 1059 596 1322
92 4 2 1 1 1086 1336 913 1614
93 4 2 1 1 770 1422 1188 1681
94 4 2 1 1 1156 1248 1023 1416
95 4 2 1 1 1003 1062 1171 1526
96 4 2 1 1 177 1103 176 1255
97 4 2 1 1 1075 996 1172 1465
98 4 2 1 1 1066 1008 1170 1268
99 4 2 1 1 413 417 1062 1394
100 4 2 1 1 384 370 372 1077
101 4 2 1 1 1025 1398 1164 1401
102 4 2 1 1 707 165 1304 1388
103 4 2 1 1 708 1397 1364 1657
104 4 2 1 1 1053 1354 1204 1387
105 4 2 1 1 1010 1524 1163 1602
106 4 2 1 1 1023 1248 1156 1524
107 4 2 1 1 913 1181 1336 1474
108 4 2 1 1 1347 1373 1072 1752
109 4 2 1 1 562 390 1471 1485
110 4 2 1 1 1174 1352 1310 1441
111 4 2 1 1 657 1364 1071 1657
112 4 2 1 1 1016 1204 1354 1387
113 4 2 1 1 992 1146 1136 1453
114 4 2 1 1 1064 1007 1305 1467
115 4 2 1 1 267 1478 1418 1529
116 4 2 1 1 1097 1308 1154 1709
117 4 2 1 1 209 1097 200 1494
118 4 2 1 1 854 1216 1345 1762
119 4 2 1 1 1377 1433 1058 1664
120 4 2 1 1 730 85 871 1211
121 4 2 1 1 1153 1185 999 1355
122 4 2 1 1 474 1374 103 1541
123 4 2 1 1 1210 1329 163 1712
124 4 2 1 1 523 1176 521 1241
125 4 2 1 1 1188 1656 1081 1691
126 4 2 1 1 1095 1373 1118 1517
127 4 2 1 1 209 200 1097 1576
128 4 2 1 1 1023 1416 1248 1504
129 4 2 1 1 1276 1542 433 1554
130 4 2 1 1 1003 1526 1167 1743
131 4 2 1 1 995 1117 1499 1691
132 4 2 1 1 1061 1319 51 1374
133 4 2 1 1 1018 1310 1174 1352
134 4 2 1 1 175 1103 177 1505
135 4 2 1 1 1063 1163 1010 1210
136 4 2 1 1 1055 1442 1227 1465
137 4 2 1 1 999 1071 1153 1209
138 4 2 1 1 1034 1218 1086 1396
139 4 2 1 1 1032 1269 1117 1656
140 4 2 1 1 1066 1008 1275 1581
141 4 2 1 1 418 1299 1062 1526
142 4 2 1 1 1095 1186 1201 1373
143 4 2 1 1 413 1062 1299 1394
144 4 2 1 1 199 636 1358 1446
145 4 2 1 1 639 1515 1144 1554
146 4 2 1 1 1012 1100 1155 1586
147 4 2 1 1 1262 1146 1369 1508
148 4 2 1 1 1370 1397 708 1657
149 4 2 1 1 1418 1478 1056 1529
150 4 2 1 1 983 1096 1373 1752
151 4 2 1 1 628 1238 1136 1344
152 4 2 1 1 311 1243 1578 1721
153 4 2 1 1 384 1077 1266 1388
154 4 2 1 1 1181 1218 1034 1691
155 4 2 1 1 622 515 636 1068
156 4 2 1 1 195 1487 1296 1557
157 4 2 1 1 990 1205 1249 1302
158 4 2 1 1 1018 1352 1174 1441
159 4 2 1 1 983 1373 1347 1752
160 4 2 1 1 984 1416 1267 1483
161 4 2 1 1 1422 1507 1188 1681
162 4 2 1 1 177 1103 1255 1505
163 4 2 1 1 1062 1244 1003 1492
164 4 2 1 1 1262 1267 1142 1520
165 4 2 1 1 1048 1133 1091 1270
166 4 2 1 1 1154 1450 1370 1578
167 4 2 1 1 1364 1397 1046 1657
168 4 2 1 1 1071 999 1153 1676
169 4 2 1 1 370 372 1077 1307
170 4 2 1 1 639 1333 1144 1515
171 4 2 1 1 615 1198 199 1358
172 4 2 1 1 1153 1256 1185 1355
173 4 2 1 1 1012 1173 1100 1586
174 4 2 1 1 51 1458 1061 1541
175 4 2 1 1 1185 1423 1140 1490
176 4 2 1 1 945 1111 954 1474
177 4 2 1 1 1007 1112 1597 1776
178 4 2 1 1 1065 1150 998 1548
179 4 2 1 1 854 1345 1309 1556
180 4 2 1 1 539 1177 1377 1433
181 4 2 1 1 1025 1398 1401 1420
182 4 2 1 1 1004 1366 1105 1675
183 4 2 1 1 384 370 1077 1717
184 4 2 1 1 1010 1156 1524 1602
185 4 2 1 1 1039 1423 1185 1490
186 4 2 1 1 384 1077 1388 1717
187 4 2 1 1 321 1689 586 1784
188 4 2 1 1 146 1090 149 1337
189 4 2 1 1 1018 1213 1352 1604
190 4 2 1 1 149 146 570 1090
191 4 2 1 1 1039 1140 1423 1490
192 4 2 1 1 158 1163 162 1210
193 4 2 1 1 1162 429 1341 1525
194 4 2 1 1 1062 1003 1171 1492
195 4 2 1 1 1008 1268 1066 1472
196 4 2 1 1 1018 1174 1410 1441
197 4 2 1 1 1025 1401 1164 1420
198 4 2 1 1 999 1071 1209 1676
199 4 2 1 1 275 1418 273 1638
200 4 2 1 1 999 1185 1140 1490
201 4 2 1 1 1059 1322 362 1543
202 4 2 1 1 608 1369 1365 1372
203 4 2 1 1 984 1222 1152 1519
204 4 2 1 1 1124 1018 1298 1410
205 4 2 1 1 1007 1112 1249 1597
206 4 2 1 1 718 657 1071 1657
207 4 2 1 1 589 1125 1198 1455
208 4 2 1 1 1112 1249 1205 1402
209 4 2 1 1 599 1564 1078 1736
210 4 2 1 1 1308 1696 1154 1709
211 4 2 1 1 1070 1138 994 1632
212 4 2 1 1 299 1104 592 1252
213 4 2 1 1 228 608 1365 1372
214 4 2 1 1 417 1062 1394 1714
215 4 2 1 1 381 1276 433 1554
216 4 2 1 1 1135 1457 1209 1725
217 4 2 1 1 397 1237 1087 1365
218 4 2 1 1 1027 1209 1135 1457
219 4 2 1 1 1016 1204 1351 1354
220 4 2 1 1 1351 1459 1053 1598
221 4 2 1 1 1148 1227 1055 1442
222 4 2 1 1 1086 1336 1181 1474
223 4 2 1 1 686 1243 311 1721
224 4 2 1 1 562 506 390 1485
225 4 2 1 1 984 1152 1222 1759
226 4 2 1 1 1205 1249 1112 1476
227 4 2 1 1 1163 1524 1156 1602
228 4 2 1 1 992 1453 1136 1645
229 4 2 1 1 928 1499 1081 1535
230 4 2 1 1 1100 1575 1173 1747
231 4 2 1 1 515 1068 622 1505
232 4 2 1 1 1581 1588 1221 1603
233 4 2 1 1 1043 1112 1205 1532
234 4 2 1 1 406 1263 1226 1741
235 4 2 1 1 1023 1504 1248 1524
236 4 2 1 1 273 1418 274 1638
237 4 2 1 1 997 1104 1158 1208
238 4 2 1 1 196 193 1232 1296
239 4 2 1 1 146 1257 1332 1337
240 4 2 1 1 1146 1262 1035 1453
241 4 2 1 1 763 1666 1467 1721
242 4 2 1 1 921 1181 1117 1336
243 4 2 1 1 1193 1666 763 1721
244 4 2 1 1 1081 1188 1085 1724
245 4 2 1 1 1022 1095 1201 1244
246 4 2 1 1 1091 1133 1048 1573
247 4 2 1 1 146 570 1090 1332
248 4 2 1 1 945 954 1111 1619
249 4 2 1 1 51 120 1458 1541
250 4 2 1 1 149 1337 1090 1341
251 4 2 1 1 1061 1374 51 1541
252 4 2 1 1 1159 1419 939 1561
253 4 2 1 1 1143 1471 1175 1485
254 4 2 1 1 1018 1441 1124 1492
255 4 2 1 1 370 372 1307 1521
256 4 2 1 1 1100 1173 1012 1301
257 4 2 1 1 1116 1337 151 1341
258 4 2 1 1 1187 1308 1012 1328
259 4 2 1 1 103 1325 1130 1541
260 4 2 1 1 994 1128 1368 1481
261 4 2 1 1 337 1189 1381 1631
262 4 2 1 1 1053 1351 1204 1354
263 4 2 1 1 1010 1448 1222 1602
264 4 2 1 1 1081 1032 1535 1656
265 4 2 1 1 380 1494 1397 1637
266 4 2 1 1 1046 1397 1370 1657
267 4 2 1 1 1051 1352 1213 1604
268 4 2 1 1 1267 1303 1156 1460
269 4 2 1 1 1086 1218 1181 1336
270 4 2 1 1 988 1219 1106 1511
271 4 2 1 1 1024 1086 1698 1788
272 4 2 1 1 1010 1063 1448 1602
273 4 2 1 1 850 1240 1137 1360
274 4 2 1 1 146 1332 1090 1337
275 4 2 1 1 1384 1465 1033 1635
276 4 2 1 1 393 395 1266 1687
277 4 2 1 1 615 199 636 1358
278 4 2 1 1 321 586 1487 1784
279 4 2 1 1 275 273 274 1638
280 4 2 1 1 589 1198 1125 1446
281 4 2 1 1 1012 1155 1100 1328
282 4 2 1 1 1100 1301 1012 1480
283 4 2 1 1 1054 1312 1185 1490
284 4 2 1 1 1081 1535 1117 1656
285 4 2 1 1 1007 1597 1141 1776
286 4 2 1 1 1146 1421 1136 1453
287 4 2 1 1 1156 1303 1011 1460
288 4 2 1 1 996 1172 1323 1663
289 4 2 1 1 515 636 1068 1358
290 4 2 1 1 1232 1296 193 1659
291 4 2 1 1 1028 1187 1069 1430
292 4 2 1 1 921 1117 1181 1499
293 4 2 1 1 1028 1308 1187 1328
294 4 2 1 1 1152 1179 1043 1222
295 4 2 1 1 1012 1068 1235 1328
296 4 2 1 1 1068 1012 1235 1473
297 4 2 1 1 1266 1687 395 1755
298 4 2 1 1 1054 1185 1355 1490
299 4 2 1 1 984 1083 1267 1460
300 4 2 1 1 1018 1352 1441 1492
301 4 2 1 1 992 1136 1146 1722
302 4 2 1 1 996 1227 1442 1465
303 4 2 1 1 274 1418 1180 1638
304 4 2 1 1 718 1657 1071 1683
305 4 2 1 1 552 1459 1351 1598
306 4 2 1 1 992 1146 1082 1722
307 4 2 1 1 1008 1066 1275 1472
308 4 2 1 1 1029 1169 1219 1468
309 4 2 1 1 1156 1023 1267 1416
310 4 2 1 1 1080 1030 1247 1331
311 4 2 1 1 1012 1155 1173 1586
312 4 2 1 1 1133 1270 987 1352
313 4 2 1 1 203 1487 195 1557
314 4 2 1 1 707 702 1076 1304
315 4 2 1 1 982 1173 1575 1747
316 4 2 1 1 1036 1228 1201 1548
317 4 2 1 1 1107 1201 1036 1228
318 4 2 1 1 1100 1173 1301 1747
319 4 2 1 1 1099 1236 625 1417
320 4 2 1 1 1162 1283 429 1525
321 4 2 1 1 1028 1069 1187 1308
322 4 2 1 1 1051 1310 1213 1352
323 4 2 1 1 487 1115 575 1340
324 4 2 1 1 1065 998 1332 1432
325 4 2 1 1 1403 1545 244 1553
326 4 2 1 1 995 1499 1656 1691
327 4 2 1 1 1018 1213 1310 1352
328 4 2 1 1 1197 1340 575 1408
329 4 2 1 1 1019 1141 1093 1200
330 4 2 1 1 1117 1499 1081 1656
331 4 2 1 1 196 1296 1232 1557
332 4 2 1 1 1115 575 1340 1408
333 4 2 1 1 1152 1222 1043 1519
334 4 2 1 1 151 1337 1116 1767
335 4 2 1 1 1219 1392 1106 1511
336 4 2 1 1 1129 1259 102 1624
337 4 2 1 1 1170 1224 47 1268
338 4 2 1 1 1210 1297 158 1456
339 4 2 1 1 1112 1007 1249 1402
340 4 2 1 1 440 1485 1306 1693
341 4 2 1 1 1186 1373 1149 1706
342 4 2 1 1 1097 1154 1069 1637
343 4 2 1 1 1083 1267 1042 1483
344 4 2 1 1 1043 1179 1152 1574
345 4 2 1 1 1091 1270 1133 1352
346 4 2 1 1 983 1201 1095 1264
347 4 2 1 1 1100 1301 1151 1747
348 4 2 1 1 1135 1472 1275 1629
349 4 2 1 1 641 558 634 1247
350 4 2 1 1 1024 1147 1086 1788
351 4 2 1 1 1095 1118 1373 1686
352 4 2 1 1 1086 1147 1024 1614
353 4 2 1 1 1013 1569 1327 1597
354 4 2 1 1 1084 1226 493 1670
355 4 2 1 1 1004 1105 1366 1781
356 4 2 1 1 380 1069 1397 1494
357 4 2 1 1 1000 1160 1233 1655
358 4 2 1 1 939 1121 1384 1440
359 4 2 1 1 992 1082 1303 1722
360 4 2 1 1 1086 1147 1614 1788
361 4 2 1 1 996 1075 1172 1663
362 4 2 1 1 1201 1244 1095 1264
363 4 2 1 1 954 1474 1111 1619
364 4 2 1 1 1074 1209 1457 1725
365 4 2 1 1 858 814 885 1433
366 4 2 1 1 589 170 1125 1455
367 4 2 1 1 994 1175 1368 1550
368 4 2 1 1 1068 515 1358 1473
369 4 2 1 1 146 1257 145 1332
370 4 2 1 1 1121 1384 1033 1635
371 4 2 1 1 1069 1494 380 1701
372 4 2 1 1 994 1368 1175 1481
373 4 2 1 1 384 1266 573 1388
374 4 2 1 1 116 1619 1326 1728
375 4 2 1 1 1257 1391 1076 1690
376 4 2 1 1 1057 1219 1169 1468
377 4 2 1 1 1064 1200 1007 1241
378 4 2 1 1 592 1252 1104 1712
379 4 2 1 1 1136 1453 1059 1645
380 4 2 1 1 393 1266 395 1755
381 4 2 1 1 1043 1222 1179 1611
382 4 2 1 1 1146 1035 1262 1369
383 4 2 1 1 1257 1076 1542 1690
384 4 2 1 1 1135 1209 1472 1629
385 4 2 1 1 406 492 1226 1263
386 4 2 1 1 1006 1134 1110 1331
387 4 2 1 1 1039 1249 1205 1302
388 4 2 1 1 722 1075 1323 1661
389 4 2 1 1 596 1322 1059 1536
390 4 2 1 1 149 1090 156 1341
391 4 2 1 1 1069 1002 1196 1231
392 4 2 1 1 992 1082 1146 1508
393 4 2 1 1 1371 1511 1057 1560
394 4 2 1 1 858 1177 814 1433
395 4 2 1 1 987 1270 1133 1428
396 4 2 1 1 115 814 1177 1433
397 4 2 1 1 1091 1409 128 1427
398 4 2 1 1 1181 1336 1218 1621
399 4 2 1 1 1218 1366 1105 1781
400 4 2 1 1 622 1068 636 1446
401 4 2 1 1 992 1262 1146 1453
402 4 2 1 1 1101 1264 1270 1293
403 4 2 1 1 999 1355 1185 1490
404 4 2 1 1 1024 1698 1147 1788
405 4 2 1 1 1302 1312 1054 1490
406 4 2 1 1 592 1104 1297 1712
407 4 2 1 1 1021 1158 1192 1406
408 4 2 1 1 994 1481 1175 1550
409 4 2 1 1 296 297 1079 1510
410 4 2 1 1 324 1289 1094 1422
411 4 2 1 1 149 151 1337 1341
412 4 2 1 1 986 1118 1223 1354
413 4 2 1 1 1004 1366 1218 1781
414 4 2 1 1 1218 1366 1034 1691
415 4 2 1 1 152 1116 1456 1463
416 4 2 1 1 1003 1270 1264 1293
417 4 2 1 1 997 1104 1208 1252
418 4 2 1 1 1076 1391 1257 1522
419 4 2 1 1 1072 1347 1149 1373
420 4 2 1 1 1005 1334 1127 1501
421 4 2 1 1 1069 1196 1002 1592
422 4 2 1 1 983 1149 1347 1373
423 4 2 1 1 162 1210 1163 1742
424 4 2 1 1 1190 1298 1018 1395
425 4 2 1 1 410 1321 1138 1368
426 4 2 1 1 1129 102 1488 1624
427 4 2 1 1 523 1176 1241 1666
428 4 2 1 1 152 1456 1297 1463
429 4 2 1 1 1323 1424 996 1663
430 4 2 1 1 1068 1358 636 1446
431 4 2 1 1 304 1503 1288 1545
432 4 2 1 1 996 1465 1075 1663
433 4 2 1 1 993 1100 1155 1328
434 4 2 1 1 990 1205 1302 1660
435 4 2 1 1 228 1365 1191 1372
436 4 2 1 1 173 174 1103 1348
437 4 2 1 1 824 1123 855 1251
438 4 2 1 1 1014 1522 1276 1554
439 4 2 1 1 276 1411 1258 1672
440 4 2 1 1 1075 1323 1172 1663
441 4 2 1 1 992 1303 1136 1722
442 4 2 1 1 637 1418 1333 1529
443 4 2 1 1 1168 1687 1266 1755
444 4 2 1 1 1018 1352 1314 1604
445 4 2 1 1 128 1427 1409 1573
446 4 2 1 1 1185 1312 1039 1490
447 4 2 1 1 1010 1210 1163 1297
448 4 2 1 1 267 1418 637 1529
449 4 2 1 1 1100 1151 1575 1747
450 4 2 1 1 1070 994 1220 1632
451 4 2 1 1 1158 1208 1104 1601
452 4 2 1 1 1141 1305 1007 1776
453 4 2 1 1 999 1140 1185 1609
454 4 2 1 1 639 669 1515 1554
455 4 2 1 1 126 1427 128 1573
456 4 2 1 1 1022 1244 1201 1350
457 4 2 1 1 562 1471 1143 1485
458 4 2 1 1 304 1131 1503 1545
459 4 2 1 1 244 1545 1403 1719
460 4 2 1 1 1032 1117 1330 1663
461 4 2 1 1 351 1289 324 1422
462 4 2 1 1 1068 1012 1473 1480
463 4 2 1 1 321 1231 1689 1784
464 4 2 1 1 1006 1110 1134 1752
465 4 2 1 1 1036 1201 1107 1350
466 4 2 1 1 1086 1024 1218 1336
467 4 2 1 1 488 1091 128 1427
468 4 2 1 1 999 1209 1106 1676
469 4 2 1 1 267 270 1418 1478
470 4 2 1 1 276 1258 266 1672
471 4 2 1 1 1142 1267 1023 1416
472 4 2 1 1 1015 1079 1294 1633
473 4 2 1 1 1075 1465 1172 1661
474 4 2 1 1 999 1106 1183 1756
475 4 2 1 1 1064 1467 1305 1763
476 4 2 1 1 988 1135 1275 1629
477 4 2 1 1 1296 1468 1232 1557
478 4 2 1 1 1227 1033 1465 1635
479 4 2 1 1 1018 1124 1298 1492
480 4 2 1 1 96 1193 763 1721
481 4 2 1 1 1244 1264 1201 1350
482 4 2 1 1 1192 1327 1056 1404
483 4 2 1 1 1070 1220 994 1550
484 4 2 1 1 1209 1392 1106 1676
485 4 2 1 1 1266 1307 393 1687
486 4 2 1 1 1273 1407 134 1513
487 4 2 1 1 145 1257 146 1337
488 4 2 1 1 1170 1066 1357 1581
489 4 2 1 1 397 1365 1087 1727
490 4 2 1 1 1275 1357 1066 1581
491 4 2 1 1 1223 1373 1096 1420
492 4 2 1 1 380 1397 1069 1701
493 4 2 1 1 1074 1209 1027 1457
494 4 2 1 1 1162 1262 1369 1508
495 4 2 1 1 991 1076 1157 1662
496 4 2 1 1 991 1157 1076 1652
497 4 2 1 1 1025 1339 1164 1398
498 4 2 1 1 992 1146 1262 1508
499 4 2 1 1 1057 1560 1511 1679
500 4 2 1 1 1202 1459 302 1627
501 4 2 1 1 1056 1013 1258 1327
502 4 2 1 1 989 1205 1112 1532
503 4 2 1 1 1043 1112 1532 1586
504 4 2 1 1 1157 1304 165 1388
505 4 2 1 1 625 1236 1099 1477
506 4 2 1 1 1162 1369 1283 1508
507 4 2 1 1 1223 1373 1118 1686
508 4 2 1 1 304 307 1288 1503
509 4 2 1 1 707 1076 702 1542
510 4 2 1 1 200 1340 1187 1494
511 4 2 1 1 1093 1141 1019 1284
512 4 2 1 1 1060 1466 1461 1655
513 4 2 1 1 1264 1107 1350 1562
514 4 2 1 1 1032 1117 1269 1330
515 4 2 1 1 983 1149 1373 1706
516 4 2 1 1 1015 1294 1079 1334
517 4 2 1 1 575 1115 487 1408
518 4 2 1 1 169 163 1564 1712
519 4 2 1 1 1107 1264 983 1385
520 4 2 1 1 887 1207 753 1516
521 4 2 1 1 1075 1126 1465 1661
522 4 2 1 1 992 1267 1262 1520
523 4 2 1 1 1032 1081 1624 1656
524 4 2 1 1 850 851 1137 1240
525 4 2 1 1 1152 1623 1519 1660
526 4 2 1 1 133 1178 134 1273
527 4 2 1 1 1077 1276 1014 1356
528 4 2 1 1 1028 1235 1103 1328
529 4 2 1 1 440 1175 1485 1693
530 4 2 1 1 1012 1173 1155 1363
531 4 2 1 1 772 1254 1140 1657
532 4 2 1 1 1083 1042 1267 1520
533 4 2 1 1 276 533 1411 1672
534 4 2 1 1 1274 1409 129 1665
535 4 2 1 1 501 134 1407 1513
536 4 2 1 1 1018 1171 1298 1299
537 4 2 1 1 1056 1013 1327 1378
538 4 2 1 1 394 393 1307 1687
539 4 2 1 1 1013 1056 1258 1378
540 4 2 1 1 1018 1298 1190 1299
541 4 2 1 1 1136 1421 1059 1453
542 4 2 1 1 1142 1416 1023 1504
543 4 2 1 1 592 1104 159 1297
544 4 2 1 1 280 625 1236 1417
545 4 2 1 1 1084 1172 996 1442
546 4 2 1 1 589 170 171 1125
547 4 2 1 1 1247 1371 1057 1560
548 4 2 1 1 1028 1430 1069 1592
549 4 2 1 1 1076 1522 1257 1542
550 4 2 1 1 1052 1545 1403 1553
551 4 2 1 1 999 1676 1106 1756
552 4 2 1 1 1057 1468 1296 1557
553 4 2 1 1 276 266 533 1672
554 4 2 1 1 1128 1481 1294 1566
555 4 2 1 1 982 1537 1093 1634
556 4 2 1 1 1288 1503 1131 1545
557 4 2 1 1 589 1125 171 1446
558 4 2 1 1 999 1183 1676 1756
559 4 2 1 1 1103 1235 1028 1750
560 4 2 1 1 628 205 1136 1491
561 4 2 1 1 1264 1293 1107 1562
562 4 2 1 1 1080 1247 1030 1338
563 4 2 1 1 990 1327 1192 1404
564 4 2 1 1 1164 1398 1045 1401
565 4 2 1 1 1021 1192 1158 1766
566 4 2 1 1 1072 1373 1223 1420
567 4 2 1 1 1043 1205 1112 1476
568 4 2 1 1 835 1113 828 1493
569 4 2 1 1 573 1388 1266 1590
570 4 2 1 1 1289 1290 1085 1600
571 4 2 1 1 1296 1487 1057 1557
572 4 2 1 1 1168 395 1687 1755
573 4 2 1 1 1465 1540 1075 1663
574 4 2 1 1 299 159 592 1104
575 4 2 1 1 1110 1331 1030 1349
576 4 2 1 1 988 1209 1135 1629
577 4 2 1 1 1214 1372 224 1579
578 4 2 1 1 1010 1602 1222 1759
579 4 2 1 1 1012 1068 1328 1480
580 4 2 1 1 173 1348 1103 1446
581 4 2 1 1 1051 1604 1479 1744
582 4 2 1 1 1002 1114 1231 1392
583 4 2 1 1 305 1131 1318 1394
584 4 2 1 1 1005 1078 1501 1531
585 4 2 1 1 1093 1359 982 1634
586 4 2 1 1 539 1433 1377 1664
587 4 2 1 1 493 1084 1670 1741
588 4 2 1 1 1079 1317 296 1510
589 4 2 1 1 1163 1297 1210 1456
590 4 2 1 1 993 1100 1328 1439
591 4 2 1 1 764 1085 1289 1724
592 4 2 1 1 1089 1302 1205 1660
593 4 2 1 1 1010 1063 1210 1448
594 4 2 1 1 1073 1271 1243 1578
595 4 2 1 1 1223 1354 1118 1382
596 4 2 1 1 1335 1622 1602 1726
597 4 2 1 1 984 1496 1514 1519
598 4 2 1 1 997 1158 1104 1406
599 4 2 1 1 718 1071 657 1683
600 4 2 1 1 1047 1298 1190 1395
601 4 2 1 1 134 1273 1178 1407
602 4 2 1 1 1027 1209 1074 1355
603 4 2 1 1 96 763 1193 1666
604 4 2 1 1 1012 1235 1187 1328
605 4 2 1 1 132 134 133 1178
606 4 2 1 1 1039 1312 1302 1490
607 4 2 1 1 1051 1427 1604 1744
608 4 2 1 1 1046 1392 1231 1784
609 4 2 1 1 798 85 730 1211
610 4 2 1 1 1234 1447 367 1491
611 4 2 1 1 429 1162 1341 1593
612 4 2 1 1 981 964 894 1619
613 4 2 1 1 362 1444 1059 1543
614 4 2 1 1 1018 1298 1171 1492
615 4 2 1 1 306 1314 1091 1604
616 4 2 1 1 1479 1604 749 1744
617 4 2 1 1 1065 1391 1257 1690
618 4 2 1 1 997 1208 1158 1378
619 4 2 1 1 868 94 809 1190
620 4 2 1 1 1158 1208 1088 1378
621 4 2 1 1 938 1295 1320 1535
622 4 2 1 1 1149 1186 1072 1373
623 4 2 1 1 628 1136 1238 1491
624 4 2 1 1 1164 1339 1045 1398
625 4 2 1 1 144 1332 1257 1690
626 4 2 1 1 1198 1358 1068 1446
627 4 2 1 1 1310 1352 1120 1441
628 4 2 1 1 686 311 726 1721
629 4 2 1 1 306 1091 488 1604
630 4 2 1 1 1002 1231 1069 1343
631 4 2 1 1 997 1104 1252 1454
632 4 2 1 1 1041 1550 1306 1693
633 4 2 1 1 1030 1247 1331 1560
634 4 2 1 1 1041 1175 1550 1693
635 4 2 1 1 1060 1233 1160 1655
636 4 2 1 1 1093 1537 1148 1634
637 4 2 1 1 999 1185 1153 1757
638 4 2 1 1 994 1368 1070 1550
639 4 2 1 1 1192 1327 1109 1378
640 4 2 1 1 1069 1002 1343 1592
641 4 2 1 1 539 115 1177 1433
642 4 2 1 1 1086 1443 913 1474
643 4 2 1 1 1232 1296 1184 1468
644 4 2 1 1 52 1319 51 1458
645 4 2 1 1 1072 1520 992 1640
646 4 2 1 1 1283 1369 1146 1508
647 4 2 1 1 1427 749 1604 1744
648 4 2 1 1 1171 1062 1298 1299
649 4 2 1 1 1158 1378 1192 1406
650 4 2 1 1 554 1459 552 1598
651 4 2 1 1 1181 1499 1117 1691
652 4 2 1 1 1030 1470 1161 1552
653 4 2 1 1 173 1103 174 1505
654 4 2 1 1 1011 1303 1082 1491
655 4 2 1 1 1005 1227 1148 1634
656 4 2 1 1 1018 1314 1213 1604
657 4 2 1 1 1174 1310 1120 1441
658 4 2 1 1 1043 1217 1179 1574
659 4 2 1 1 473 764 1085 1289
660 4 2 1 1 1167 1003 1407 1526
661 4 2 1 1 1005 1108 1227 1634
662 4 2 1 1 1276 1522 1076 1554
663 4 2 1 1 1141 1007 1305 1538
664 4 2 1 1 1012 1328 1100 1480
665 4 2 1 1 1072 1315 992 1520
666 4 2 1 1 1111 1474 1285 1619
667 4 2 1 1 1042 1083 1445 1520
668 4 2 1 1 1068 515 1473 1505
669 4 2 1 1 755 1290 1289 1600
670 4 2 1 1 911 913 1443 1474
671 4 2 1 1 1035 1453 1102 1617
672 4 2 1 1 423 1143 1197 1408
673 4 2 1 1 1112 1476 1249 1597
674 4 2 1 1 160 1210 163 1712
675 4 2 1 1 1011 1335 1602 1726
676 4 2 1 1 1072 1420 1223 1469
677 4 2 1 1 173 1446 1103 1505
678 4 2 1 1 1007 1176 1249 1782
679 4 2 1 1 1205 1402 1249 1782
680 4 2 1 1 1176 1278 1249 1782
681 4 2 1 1 996 1159 1465 1663
682 4 2 1 1 1056 1327 1258 1478
683 4 2 1 1 537 1377 1288 1664
684 4 2 1 1 997 1088 1208 1378
685 4 2 1 1 990 1249 1205 1476
686 4 2 1 1 1120 1482 1486 1497
687 4 2 1 1 990 1109 1192 1327
688 4 2 1 1 1048 1133 1270 1428
689 4 2 1 1 913 1181 941 1336
690 4 2 1 1 1069 1430 1196 1592
691 4 2 1 1 677 964 116 1619
692 4 2 1 1 1366 1396 1182 1675
693 4 2 1 1 1081 1656 1499 1691
694 4 2 1 1 997 1252 1208 1475
695 4 2 1 1 1141 1538 1305 1776
696 4 2 1 1 1032 1624 1259 1656
697 4 2 1 1 1062 1131 1318 1426
698 4 2 1 1 1070 1368 1321 1643
699 4 2 1 1 1226 493 1670 1772
700 4 2 1 1 828 1113 1251 1493
701 4 2 1 1 1116 1463 152 1767
702 4 2 1 1 205 1344 1136 1444
703 4 2 1 1 1159 1540 1465 1663
704 4 2 1 1 1005 1229 1078 1531
705 4 2 1 1 1129 1200 1019 1269
706 4 2 1 1 134 1178 132 1407
707 4 2 1 1 1007 1064 1241 1467
708 4 2 1 1 224 1372 1214 1771
709 4 2 1 1 824 1123 1251 1383
710 4 2 1 1 397 611 1237 1365
711 4 2 1 1 337 1189 1631 1716
712 4 2 1 1 94 1190 868 1389
713 4 2 1 1 1069 1343 1231 1696
714 4 2 1 1 1065 998 1228 1548
715 4 2 1 1 420 1171 687 1636
716 4 2 1 1 1093 1559 1359 1634
717 4 2 1 1 1171 1407 1003 1526
718 4 2 1 1 1073 1578 1243 1721
719 4 2 1 1 144 145 1257 1332
720 4 2 1 1 676 1290 1285 1502
721 4 2 1 1 1024 1218 1336 1621
722 4 2 1 1 686 624 311 1271
723 4 2 1 1 916 939 1419 1561
724 4 2 1 1 995 1621 1117 1691
725 4 2 1 1 798 1211 730 1433
726 4 2 1 1 169 160 163 1712
727 4 2 1 1 1165 1229 343 1346
728 4 2 1 1 89 1306 507 1326
729 4 2 1 1 1000 1461 1466 1655
730 4 2 1 1 1062 1298 1244 1492
731 4 2 1 1 981 945 1111 1619
732 4 2 1 1 150 1337 151 1767
733 4 2 1 1 1251 1354 1123 1387
734 4 2 1 1 1093 1148 1559 1634
735 4 2 1 1 1062 1426 1318 1743
736 4 2 1 1 666 811 871 1211
737 4 2 1 1 1166 1312 314 1477
738 4 2 1 1 770 1188 1289 1681
739 4 2 1 1 782 1126 1316 1787
740 4 2 1 1 981 1111 945 1326
741 4 2 1 1 1011 1303 1156 1530
742 4 2 1 1 1112 1007 1305 1776
743 4 2 1 1 1276 1356 1077 1388
744 4 2 1 1 782 1700 1126 1787
745 4 2 1 1 730 871 804 1211
746 4 2 1 1 1070 1220 1138 1632
747 4 2 1 1 1143 1041 1175 1481
748 4 2 1 1 1332 1690 144 1731
749 4 2 1 1 1105 1366 1546 1675
750 4 2 1 1 982 1173 1305 1776
751 4 2 1 1 1034 1182 1366 1396
752 4 2 1 1 829 827 1310 1692
753 4 2 1 1 1148 1227 1108 1634
754 4 2 1 1 1062 1171 1298 1492
755 4 2 1 1 299 1104 1252 1601
756 4 2 1 1 887 866 810 1207
757 4 2 1 1 1403 1545 1052 1719
758 4 2 1 1 1002 1169 1114 1219
759 4 2 1 1 1015 1317 1079 1633
760 4 2 1 1 1152 1246 1623 1660
761 4 2 1 1 1011 1082 1234 1491
762 4 2 1 1 1127 1334 1078 1501
763 4 2 1 1 47 1224 1170 1583
764 4 2 1 1 1396 1443 1111 1594
765 4 2 1 1 350 445 1172 1661
766 4 2 1 1 296 1079 297 1565
767 4 2 1 1 1014 1498 1522 1554
768 4 2 1 1 1042 1142 1520 1733
769 4 2 1 1 205 183 1344 1444
770 4 2 1 1 1175 1368 1128 1481
771 4 2 1 1 1182 1366 1094 1502
772 4 2 1 1 1034 1366 1182 1502
773 4 2 1 1 1258 1327 1013 1478
774 4 2 1 1 1332 1337 1257 1432
775 4 2 1 1 1241 1467 763 1666
776 4 2 1 1 984 1496 1106 1514
777 4 2 1 1 1183 1514 1496 1519
778 4 2 1 1 1122 1459 1202 1627
779 4 2 1 1 1140 1254 772 1609
780 4 2 1 1 829 1310 1120 1692
781 4 2 1 1 1004 1105 1412 1675
782 4 2 1 1 1029 1296 1169 1468
783 4 2 1 1 993 1155 1217 1611
784 4 2 1 1 1231 1392 1114 1784
785 4 2 1 1 168 1125 170 1329
786 4 2 1 1 1055 1227 1148 1563
787 4 2 1 1 297 1079 298 1565
788 4 2 1 1 417 1394 1318 1714
789 4 2 1 1 1077 1236 1014 1276
790 4 2 1 1 275 1099 625 1417
791 4 2 1 1 1169 1296 1057 1468
792 4 2 1 1 1095 1437 1118 1686
793 4 2 1 1 1333 1418 1056 1529
794 4 2 1 1 1076 1276 707 1388
795 4 2 1 1 994 1294 1128 1481
796 4 2 1 1 1209 1392 1071 1629
797 4 2 1 1 195 1296 196 1557
798 4 2 1 1 983 1201 1264 1706
799 4 2 1 1 445 1323 1172 1661
800 4 2 1 1 97 47 1224 1268
801 4 2 1 1 485 1165 343 1346
802 4 2 1 1 90 1256 1153 1380
803 4 2 1 1 1185 1256 1153 1757
804 4 2 1 1 1078 1531 599 1736
805 4 2 1 1 1003 1244 1062 1743
806 4 2 1 1 855 1251 1123 1387
807 4 2 1 1 1074 1027 1355 1457
808 4 2 1 1 607 1434 1196 1639
809 4 2 1 1 102 1259 1129 1386
810 4 2 1 1 296 297 298 1565
811 4 2 1 1 1083 1303 1267 1460
812 4 2 1 1 928 1081 950 1535
813 4 2 1 1 423 1197 1143 1471
814 4 2 1 1 350 1172 445 1323
815 4 2 1 1 1283 1508 1146 1595
816 4 2 1 1 1056 1327 1192 1378
817 4 2 1 1 1158 997 1378 1406
818 4 2 1 1 374 772 1140 1657
819 4 2 1 1 1005 1501 1127 1563
820 4 2 1 1 969 1295 938 1535
821 4 2 1 1 393 394 395 1687
822 4 2 1 1 1150 494 1332 1585
823 4 2 1 1 637 1144 1333 1418
824 4 2 1 1 999 1183 1106 1496
825 4 2 1 1 1024 1559 1359 1621
826 4 2 1 1 1208 1252 1078 1475
827 4 2 1 1 1159 1465 1384 1635
828 4 2 1 1 996 1227 1148 1442
829 4 2 1 1 983 1110 1385 1461
830 4 2 1 1 440 1175 390 1485
831 4 2 1 1 1030 1349 1331 1603
832 4 2 1 1 1032 1320 1117 1663
833 4 2 1 1 1037 1309 1216 1345
834 4 2 1 1 1005 1501 1195 1531
835 4 2 1 1 1123 1354 1251 1435
836 4 2 1 1 1223 1373 1072 1469
837 4 2 1 1 954 1285 1474 1619
838 4 2 1 1 1134 1445 1083 1520
839 4 2 1 1 1011 1313 1335 1726
840 4 2 1 1 1035 1453 1262 1640
841 4 2 1 1 722 464 1323 1702
842 4 2 1 1 509 1166 1278 1680
843 4 2 1 1 304 1288 307 1545
844 4 2 1 1 1032 1081 1311 1624
845 4 2 1 1 1017 1130 1189 1677
846 4 2 1 1 521 102 1129 1386
847 4 2 1 1 176 1255 1103 1335
848 4 2 1 1 1064 1305 1200 1769
849 4 2 1 1 374 1140 1370 1657
850 4 2 1 1 1035 1146 1453 1617
851 4 2 1 1 1140 1073 1450 1549
852 4 2 1 1 559 1332 494 1585
853 4 2 1 1 192 1169 318 1434
854 4 2 1 1 722 1323 1075 1702
855 4 2 1 1 1174 1310 827 1692
856 4 2 1 1 420 1299 1171 1636
857 4 2 1 1 992 1315 1072 1453
858 4 2 1 1 1007 1249 1402 1782
859 4 2 1 1 1064 1507 1422 1681
860 4 2 1 1 1086 1181 1034 1474
861 4 2 1 1 192 1296 1169 1434
862 4 2 1 1 170 1125 1455 1779
863 4 2 1 1 1010 1179 1222 1448
864 4 2 1 1 397 594 1365 1727
865 4 2 1 1 921 941 1181 1336
866 4 2 1 1 708 1364 1397 1784
867 4 2 1 1 1397 1494 1069 1637
868 4 2 1 1 1226 1263 1084 1741
869 4 2 1 1 1042 1142 1267 1520
870 4 2 1 1 1016 1377 1177 1630
871 4 2 1 1 774 1507 1422 1735
872 4 2 1 1 429 1341 285 1593
873 4 2 1 1 998 1186 1149 1201
874 4 2 1 1 1028 1069 1308 1650
875 4 2 1 1 1011 1238 1303 1491
876 4 2 1 1 937 1075 979 1540
877 4 2 1 1 763 1467 1241 1735
878 4 2 1 1 1072 992 1453 1640
879 4 2 1 1 1004 1292 1182 1408
880 4 2 1 1 550 244 1545 1553
881 4 2 1 1 1117 1621 1181 1691
882 4 2 1 1 293 1247 1139 1371
883 4 2 1 1 1001 1517 1186 1625
884 4 2 1 1 687 1171 1314 1636
885 4 2 1 1 641 1557 202 1746
886 4 2 1 1 1137 1240 851 1414
887 4 2 1 1 1160 1233 1060 1281
888 4 2 1 1 1032 1330 1269 1663
889 4 2 1 1 1021 1379 1158 1406
890 4 2 1 1 1299 1394 1298 1688
891 4 2 1 1 488 306 128 1091
892 4 2 1 1 1017 1233 1130 1677
893 4 2 1 1 1066 1357 1275 1560
894 4 2 1 1 202 1557 1232 1746
895 4 2 1 1 600 1163 158 1456
896 4 2 1 1 994 1294 1151 1698
897 4 2 1 1 921 1117 1499 1535
898 4 2 1 1 1019 1212 1259 1269
899 4 2 1 1 982 1217 1109 1768
900 4 2 1 1 1087 1237 397 1585
901 4 2 1 1 1094 1366 1182 1675
902 4 2 1 1 1086 1443 1396 1594
903 4 2 1 1 984 1519 1152 1623
904 4 2 1 1 666 871 85 1211
905 4 2 1 1 1120 1482 1240 1486
906 4 2 1 1 1076 1304 702 1542
907 4 2 1 1 987 1120 1486 1497
908 4 2 1 1 637 1144 639 1333
909 4 2 1 1 1354 1382 1223 1730
910 4 2 1 1 986 1354 1223 1730
911 4 2 1 1 1158 1379 1104 1406
912 4 2 1 1 293 1139 1247 1509
913 4 2 1 1 554 1390 1459 1598
914 4 2 1 1 1028 1187 1235 1328
915 4 2 1 1 1010 1222 1179 1759
916 4 2 1 1 1124 1608 1441 1628
917 4 2 1 1 1090 1237 998 1332
918 4 2 1 1 1138 1368 994 1633
919 4 2 1 1 1178 129 1409 1665
920 4 2 1 1 297 1079 1510 1551
921 4 2 1 1 984 1194 1152 1248
922 4 2 1 1 1156 1303 1267 1530
923 4 2 1 1 1017 1160 1137 1281
924 4 2 1 1 275 1417 279 1418
925 4 2 1 1 1019 1212 1269 1424
926 4 2 1 1 273 275 279 1418
927 4 2 1 1 1298 1688 1394 1718
928 4 2 1 1 1060 1281 1233 1608
929 4 2 1 1 151 152 1116 1456
930 4 2 1 1 1012 1155 1308 1363
931 4 2 1 1 1080 1030 1331 1603
932 4 2 1 1 1062 1298 1299 1394
933 4 2 1 1 991 1356 1076 1662
934 4 2 1 1 1126 1075 1465 1540
935 4 2 1 1 305 1318 339 1394
936 4 2 1 1 1234 1602 1335 1622
937 4 2 1 1 1004 1408 1182 1675
938 4 2 1 1 687 1314 453 1636
939 4 2 1 1 1306 1550 1070 1693
940 4 2 1 1 1090 1332 998 1432
941 4 2 1 1 1068 1446 622 1505
942 4 2 1 1 501 136 134 1513
943 4 2 1 1 1130 1381 1189 1631
944 4 2 1 1 650 1260 1425 1533
945 4 2 1 1 1028 1592 1069 1650
946 4 2 1 1 1155 1100 1217 1586
947 4 2 1 1 1225 1698 1086 1788
948 4 2 1 1 1359 1559 1093 1621
949 4 2 1 1 981 1111 1326 1619
950 4 2 1 1 192 631 318 1169
951 4 2 1 1 1106 1496 1183 1514
952 4 2 1 1 299 1252 1208 1601
953 4 2 1 1 1267 1416 1042 1483
954 4 2 1 1 1096 1401 1398 1420
955 4 2 1 1 982 1109 1217 1776
956 4 2 1 1 1156 1530 1163 1602
957 4 2 1 1 1072 1373 1186 1571
958 4 2 1 1 858 1177 1433 1493
959 4 2 1 1 1071 1364 657 1534
960 4 2 1 1 267 270 637 1418
961 4 2 1 1 1143 1041 1481 1594
962 4 2 1 1 151 1116 1341 1456
963 4 2 1 1 998 1065 1228 1432
964 4 2 1 1 918 1159 939 1561
965 4 2 1 1 1257 1391 1009 1522
966 4 2 1 1 350 1172 1323 1670
967 4 2 1 1 1066 1139 1357 1560
968 4 2 1 1 1026 1174 1113 1692
969 4 2 1 1 1071 1392 1209 1676
970 4 2 1 1 1113 1174 1026 1410
971 4 2 1 1 1004 1396 1366 1675
972 4 2 1 1 1041 1111 1443 1594
973 4 2 1 1 934 1206 1362 1512
974 4 2 1 1 600 162 158 1163
975 4 2 1 1 1016 1354 1251 1387
976 4 2 1 1 1043 1532 1155 1586
977 4 2 1 1 982 1305 1538 1776
978 4 2 1 1 982 1127 1217 1768
979 4 2 1 1 240 1364 1114 1534
980 4 2 1 1 709 521 523 1176
981 4 2 1 1 1081 1499 1085 1691
982 4 2 1 1 1298 1394 1062 1718
983 4 2 1 1 1114 1364 240 1784
984 4 2 1 1 982 1305 1173 1538
985 4 2 1 1 1019 1259 1129 1269
986 4 2 1 1 1226 1263 492 1572
987 4 2 1 1 384 1388 572 1717
988 4 2 1 1 1011 1335 1234 1602
989 4 2 1 1 993 1217 1100 1287
990 4 2 1 1 1090 998 1237 1555
991 4 2 1 1 1091 1352 1133 1427
992 4 2 1 1 129 1178 131 1665
993 4 2 1 1 1138 1239 711 1551
994 4 2 1 1 1309 1345 1037 1556
995 4 2 1 1 507 1326 1306 1485
996 4 2 1 1 577 1215 599 1564
997 4 2 1 1 1024 1086 1218 1698
998 4 2 1 1 1081 1311 950 1535
999 4 2 1 1 568 1567 1627 1785
1000 4 2 1 1 991 1076 1391 1652
1001 4 2 1 1 1150 1332 494 1731
1002 4 2 1 1 1006 1331 1232 1468
1003 4 2 1 1 1003 1293 1264 1562
1004 4 2 1 1 1047 1688 1298 1718
1005 4 2 1 1 398 492 1263 1572
1006 4 2 1 1 1178 1409 1274 1665
1007 4 2 1 1 1087 1585 397 1719
1008 4 2 1 1 1046 1397 1231 1696
1009 4 2 1 1 1110 1030 1331 1560
1010 4 2 1 1 476 753 887 1207
1011 4 2 1 1 1131 1426 1062 1718
1012 4 2 1 1 607 1196 1434 1689
1013 4 2 1 1 159 1297 1104 1463
1014 4 2 1 1 854 890 1216 1762
1015 4 2 1 1 521 102 37 1129
1016 4 2 1 1 149 570 156 1090
1017 4 2 1 1 488 128 126 1427
1018 4 2 1 1 1083 1520 1267 1539
1019 4 2 1 1 657 1071 1534 1683
1020 4 2 1 1 1071 1153 1254 1676
1021 4 2 1 1 1146 1369 1283 1595
1022 4 2 1 1 174 176 175 1103
1023 4 2 1 1 969 1295 1535 1740
1024 4 2 1 1 176 1103 174 1335
1025 4 2 1 1 344 599 1229 1531
1026 4 2 1 1 464 1323 1702 1708
1027 4 2 1 1 1049 1249 1176 1495
1028 4 2 1 1 1109 1327 1013 1378
1029 4 2 1 1 1004 1218 1366 1396
1030 4 2 1 1 1189 1588 1130 1631
1031 4 2 1 1 1004 1115 1301 1408
1032 4 2 1 1 1208 1252 299 1736
1033 4 2 1 1 1015 1128 1317 1633
1034 4 2 1 1 1032 1259 1212 1269
1035 4 2 1 1 500 1144 637 1418
1036 4 2 1 1 192 631 1169 1296
1037 4 2 1 1 337 1631 332 1716
1038 4 2 1 1 1234 468 1335 1491
1039 4 2 1 1 249 191 1430 1494
1040 4 2 1 1 1072 1469 1373 1571
1041 4 2 1 1 987 1133 1352 1497
1042 4 2 1 1 1227 1055 1465 1695
1043 4 2 1 1 1422 1507 1064 1735
1044 4 2 1 1 1135 1209 988 1725
1045 4 2 1 1 1090 998 1555 1671
1046 4 2 1 1 168 170 167 1329
1047 4 2 1 1 1034 1366 1218 1396
1048 4 2 1 1 1443 1594 1086 1788
1049 4 2 1 1 539 1177 742 1377
1050 4 2 1 1 1192 1378 1158 1766
1051 4 2 1 1 1015 1294 1128 1633
1052 4 2 1 1 1013 1226 1084 1230
1053 4 2 1 1 631 1296 195 1487
1054 4 2 1 1 708 1370 292 1397
1055 4 2 1 1 471 1085 764 1724
1056 4 2 1 1 1127 1005 1563 1634
1057 4 2 1 1 144 146 145 1332
1058 4 2 1 1 1120 1240 830 1360
1059 4 2 1 1 650 1425 1119 1533
1060 4 2 1 1 1119 1425 1260 1533
1061 4 2 1 1 694 677 116 1619
1062 4 2 1 1 1328 1439 1100 1480
1063 4 2 1 1 1152 1498 1021 1558
1064 4 2 1 1 916 918 939 1561
1065 4 2 1 1 656 1564 599 1736
1066 4 2 1 1 637 500 639 1144
1067 4 2 1 1 999 1140 1450 1490
1068 4 2 1 1 1174 1298 1018 1410
1069 4 2 1 1 1170 1268 47 1703
1070 4 2 1 1 247 213 217 1291
1071 4 2 1 1 1128 1031 1481 1566
1072 4 2 1 1 103 1130 626 1541
1073 4 2 1 1 240 1114 1371 1534
1074 4 2 1 1 1209 1472 1629 1789
1075 4 2 1 1 1043 1217 1155 1611
1076 4 2 1 1 835 1415 1113 1493
1077 4 2 1 1 1062 1426 1244 1718
1078 4 2 1 1 1261 1465 1055 1695
1079 4 2 1 1 417 339 1318 1394
1080 4 2 1 1 632 380 1494 1701
1081 4 2 1 1 1325 1374 1130 1541
1082 4 2 1 1 467 1234 468 1335
1083 4 2 1 1 1009 1391 1257 1432
1084 4 2 1 1 490 1314 306 1604
1085 4 2 1 1 1205 1519 1043 1532
1086 4 2 1 1 770 1289 1422 1681
1087 4 2 1 1 1032 1269 1212 1424
1088 4 2 1 1 982 1217 1127 1575
1089 4 2 1 1 501 1407 1167 1513
1090 4 2 1 1 616 1271 1286 1576
1091 4 2 1 1 1031 1128 1198 1566
1092 4 2 1 1 1015 1127 1334 1475
1093 4 2 1 1 1035 1087 1186 1555
1094 4 2 1 1 163 1564 1329 1779
1095 4 2 1 1 152 1297 154 1463
1096 4 2 1 1 537 539 1377 1664
1097 4 2 1 1 1235 1103 1505 1750
1098 4 2 1 1 1297 1456 1116 1463
1099 4 2 1 1 1223 1118 1615 1686
1100 4 2 1 1 1112 1305 1173 1776
1101 4 2 1 1 422 1292 1143 1408
1102 4 2 1 1 1037 1122 1216 1451
1103 4 2 1 1 701 1321 410 1368
1104 4 2 1 1 474 51 1374 1541
1105 4 2 1 1 1095 1367 1186 1517
1106 4 2 1 1 1128 994 1368 1633
1107 4 2 1 1 493 1670 406 1741
1108 4 2 1 1 1186 1517 1367 1625
1109 4 2 1 1 406 492 493 1226
1110 4 2 1 1 694 1619 116 1728
1111 4 2 1 1 1029 1134 1219 1539
1112 4 2 1 1 1076 1356 1276 1388
1113 4 2 1 1 568 1627 347 1785
1114 4 2 1 1 1009 1116 1199 1558
1115 4 2 1 1 298 1079 297 1551
1116 4 2 1 1 1134 1520 1083 1539
1117 4 2 1 1 314 1166 407 1312
1118 4 2 1 1 1221 1385 1110 1461
1119 4 2 1 1 1200 1269 1129 1656
1120 4 2 1 1 1133 1427 1352 1497
1121 4 2 1 1 429 285 414 1593
1122 4 2 1 1 1009 1199 1116 1337
1123 4 2 1 1 1187 1340 1097 1494
1124 4 2 1 1 1249 1278 1176 1495
1125 4 2 1 1 763 1721 1467 1735
1126 4 2 1 1 410 1368 1138 1510
1127 4 2 1 1 835 828 834 1493
1128 4 2 1 1 984 1267 1416 1460
1129 4 2 1 1 407 1166 509 1680
1130 4 2 1 1 574 1146 363 1369
1131 4 2 1 1 306 128 1091 1409
1132 4 2 1 1 1108 1634 1005 1748
1133 4 2 1 1 1006 1232 1184 1468
1134 4 2 1 1 1014 1076 1276 1522
1135 4 2 1 1 1019 1200 1093 1269
1136 4 2 1 1 1058 1377 1177 1433
1137 4 2 1 1 1076 1542 1276 1554
1138 4 2 1 1 997 1454 1252 1475
1139 4 2 1 1 171 1125 168 1348
1140 4 2 1 1 1064 1546 1305 1769
1141 4 2 1 1 544 1280 1214 1579
1142 4 2 1 1 987 1120 1281 1486
1143 4 2 1 1 570 1090 1332 1593
1144 4 2 1 1 1152 1194 1498 1558
1145 4 2 1 1 1152 1246 1021 1498
1146 4 2 1 1 1097 1020 1271 1576
1147 4 2 1 1 1014 1438 1356 1623
1148 4 2 1 1 934 1440 1206 1512
1149 4 2 1 1 1087 1719 397 1727
1150 4 2 1 1 1005 1078 1334 1501
1151 4 2 1 1 997 1208 1078 1475
1152 4 2 1 1 275 625 280 1417
1153 4 2 1 1 1110 1347 1134 1752
1154 4 2 1 1 1065 1257 1391 1432
1155 4 2 1 1 1103 1335 1313 1726
1156 4 2 1 1 741 867 808 1345
1157 4 2 1 1 913 1443 1086 1614
1158 4 2 1 1 939 926 1121 1440
1159 4 2 1 1 92 1193 40 1680
1160 4 2 1 1 521 1176 709 1386
1161 4 2 1 1 1129 1019 1200 1720
1162 4 2 1 1 945 1326 1111 1443
1163 4 2 1 1 1409 1427 1091 1573
1164 4 2 1 1 1201 1264 1107 1350
1165 4 2 1 1 764 1289 1188 1724
1166 4 2 1 1 1136 1421 1146 1722
1167 4 2 1 1 1079 296 1317 1565
1168 4 2 1 1 1047 1394 1688 1718
1169 4 2 1 1 711 1239 1138 1321
1170 4 2 1 1 937 979 1075 1702
1171 4 2 1 1 1434 1689 1196 1761
1172 4 2 1 1 1180 1418 1099 1638
1173 4 2 1 1 1149 998 1262 1640
1174 4 2 1 1 1198 1358 1031 1480
1175 4 2 1 1 999 1254 1140 1609
1176 4 2 1 1 1161 1588 1189 1631
1177 4 2 1 1 314 1166 1477 1638
1178 4 2 1 1 494 1332 559 1731
1179 4 2 1 1 92 1666 1193 1680
1180 4 2 1 1 240 1371 1114 1487
1181 4 2 1 1 998 1237 1150 1332
1182 4 2 1 1 131 1178 129 1409
1183 4 2 1 1 1045 1610 1533 1627
1184 4 2 1 1 240 219 1371 1487
1185 4 2 1 1 1043 1519 1205 1660
1186 4 2 1 1 228 1191 1365 1727
1187 4 2 1 1 1319 1479 601 1744
1188 4 2 1 1 994 1220 1147 1550
1189 4 2 1 1 1055 1227 1563 1695
1190 4 2 1 1 811 889 871 1211
1191 4 2 1 1 999 1254 1153 1676
1192 4 2 1 1 1232 1557 1080 1746
1193 4 2 1 1 1004 1408 1301 1749
1194 4 2 1 1 584 552 1351 1598
1195 4 2 1 1 1003 1264 1350 1562
1196 4 2 1 1 919 939 926 1121
1197 4 2 1 1 316 1368 1128 1400
1198 4 2 1 1 1145 1076 1522 1554
1199 4 2 1 1 1079 1334 1294 1748
1200 4 2 1 1 1226 1670 1230 1772
1201 4 2 1 1 350 1323 445 1670
1202 4 2 1 1 1058 1177 1377 1630
1203 4 2 1 1 1365 1369 1035 1372
1204 4 2 1 1 639 669 1333 1515
1205 4 2 1 1 350 444 445 1661
1206 4 2 1 1 995 1269 1200 1656
1207 4 2 1 1 1007 1249 1176 1669
1208 4 2 1 1 168 171 170 1125
1209 4 2 1 1 287 324 1094 1422
1210 4 2 1 1 1083 1219 1134 1539
1211 4 2 1 1 249 1494 1430 1701
1212 4 2 1 1 570 1332 1237 1593
1213 4 2 1 1 1160 1281 1060 1436
1214 4 2 1 1 1408 1618 1182 1675
1215 4 2 1 1 1174 1018 1298 1395
1216 4 2 1 1 1438 1490 1355 1496
1217 4 2 1 1 384 573 572 1388
1218 4 2 1 1 1029 1219 1528 1539
1219 4 2 1 1 1017 1137 1160 1544
1220 4 2 1 1 701 1321 1368 1643
1221 4 2 1 1 1175 1400 390 1471
1222 4 2 1 1 1237 1365 611 1593
1223 4 2 1 1 1402 1549 1450 1709
1224 4 2 1 1 1198 1480 1031 1566
1225 4 2 1 1 997 1078 1208 1501
1226 4 2 1 1 151 149 156 1341
1227 4 2 1 1 1437 1615 1118 1686
1228 4 2 1 1 1084 1230 1226 1670
1229 4 2 1 1 336 1245 651 1533
1230 4 2 1 1 1201 1350 1036 1548
1231 4 2 1 1 1030 1470 1170 1581
1232 4 2 1 1 1428 1588 1233 1655
1233 4 2 1 1 984 1248 1152 1759
1234 4 2 1 1 688 1232 679 1610
1235 4 2 1 1 1015 1475 1334 1738
1236 4 2 1 1 415 559 494 1585
1237 4 2 1 1 1075 1702 1323 1708
1238 4 2 1 1 1001 1186 1373 1571
1239 4 2 1 1 642 575 1197 1340
1240 4 2 1 1 573 1157 1388 1590
1241 4 2 1 1 774 479 770 1188
1242 4 2 1 1 1014 1356 1194 1623
1243 4 2 1 1 1015 1287 1127 1475
1244 4 2 1 1 1110 1331 1134 1679
1245 4 2 1 1 423 1197 575 1408
1246 4 2 1 1 533 1599 1411 1672
1247 4 2 1 1 1233 1588 1428 1591
1248 4 2 1 1 714 710 573 1388
1249 4 2 1 1 679 1610 1232 1659
1250 4 2 1 1 983 1264 1107 1706
1251 4 2 1 1 707 165 702 1304
1252 4 2 1 1 714 573 1157 1388
1253 4 2 1 1 1450 1549 1073 1709
1254 4 2 1 1 1015 1198 1128 1566
1255 4 2 1 1 1266 1388 1157 1590
1256 4 2 1 1 989 1363 1112 1402
1257 4 2 1 1 296 295 297 1510
1258 4 2 1 1 1127 1501 1272 1563
1259 4 2 1 1 717 509 1166 1278
1260 4 2 1 1 539 115 742 1177
1261 4 2 1 1 1184 1296 1232 1659
1262 4 2 1 1 606 1434 1639 1704
1263 4 2 1 1 722 1075 1661 1702
1264 4 2 1 1 989 1696 1308 1709
1265 4 2 1 1 90 1153 1256 1757
1266 4 2 1 1 1355 1438 1054 1490
1267 4 2 1 1 1152 1192 1021 1246
1268 4 2 1 1 316 1128 1368 1510
1269 4 2 1 1 453 420 687 1636
1270 4 2 1 1 1115 1301 1197 1340
1271 4 2 1 1 1012 1301 1115 1340
1272 4 2 1 1 341 485 343 1346
1273 4 2 1 1 790 740 809 1190
1274 4 2 1 1 438 1139 326 1357
1275 4 2 1 1 985 1437 1118 1517
1276 4 2 1 1 1141 1200 1007 1538
1277 4 2 1 1 998 1149 1262 1733
1278 4 2 1 1 1079 1294 1265 1748
1279 4 2 1 1 1012 1197 1301 1340
1280 4 2 1 1 908 1353 1326 1443
1281 4 2 1 1 1114 1219 1169 1487
1282 4 2 1 1 429 1162 684 1283
1283 4 2 1 1 722 1661 1462 1702
1284 4 2 1 1 1041 1594 1443 1788
1285 4 2 1 1 1392 1511 1071 1629
1286 4 2 1 1 1253 1377 1016 1630
1287 4 2 1 1 1103 1028 1255 1750
1288 4 2 1 1 939 1121 919 1419
1289 4 2 1 1 1320 1330 1117 1663
1290 4 2 1 1 1187 1430 191 1494
1291 4 2 1 1 364 1082 1447 1595
1292 4 2 1 1 1040 1079 1551 1632
1293 4 2 1 1 1371 1487 218 1557
1294 4 2 1 1 1083 1528 1219 1539
1295 4 2 1 1 1010 1297 1116 1376
1296 4 2 1 1 1115 1340 1197 1408
1297 4 2 1 1 158 1210 162 1742
1298 4 2 1 1 468 1234 467 1491
1299 4 2 1 1 937 1320 1075 1540
1300 4 2 1 1 1091 1314 306 1584
1301 4 2 1 1 1128 1294 994 1633
1302 4 2 1 1 1074 1356 1438 1623
1303 4 2 1 1 1028 1308 1328 1650
1304 4 2 1 1 809 94 790 1190
1305 4 2 1 1 92 40 1193 1666
1306 4 2 1 1 1132 1016 1253 1377
1307 4 2 1 1 298 341 1229 1346
1308 4 2 1 1 1156 1508 1023 1530
1309 4 2 1 1 1150 1279 528 1500
1310 4 2 1 1 1019 1212 1084 1263
1311 4 2 1 1 1030 1357 1275 1581
1312 4 2 1 1 151 1116 152 1767
1313 4 2 1 1 1156 1267 1023 1508
1314 4 2 1 1 1411 1599 1088 1672
1315 4 2 1 1 1191 224 1372 1579
1316 4 2 1 1 1006 1134 1347 1752
1317 4 2 1 1 1069 1231 1397 1696
1318 4 2 1 1 1391 1432 1242 1733
1319 4 2 1 1 1169 1219 1057 1487
1320 4 2 1 1 850 851 822 1137
1321 4 2 1 1 456 1311 1624 1626
1322 4 2 1 1 830 826 829 1120
1323 4 2 1 1 809 1190 740 1654
1324 4 2 1 1 1011 1234 1238 1491
1325 4 2 1 1 1061 1486 1482 1497
1326 4 2 1 1 1356 1388 1076 1662
1327 4 2 1 1 89 507 665 1326
1328 4 2 1 1 410 315 1368 1510
1329 4 2 1 1 1062 1244 1426 1743
1330 4 2 1 1 357 487 1115 1408
1331 4 2 1 1 1072 1186 1149 1640
1332 4 2 1 1 422 359 1292 1408
1333 4 2 1 1 1145 1522 1498 1554
1334 4 2 1 1 51 474 120 1541
1335 4 2 1 1 1012 1097 1187 1340
1336 4 2 1 1 94 809 790 740
1337 4 2 1 1 1198 1439 1480 1566
1338 4 2 1 1 434 774 1422 1735
1339 4 2 1 1 995 1188 1129 1769
1340 4 2 1 1 1068 1358 1198 1480
1341 4 2 1 1 351 770 1289 1422
1342 4 2 1 1 298 1346 1229 1565
1343 4 2 1 1 321 1231 587 1689
1344 4 2 1 1 1114 1057 1219 1487
1345 4 2 1 1 1306 1326 908 1353
1346 4 2 1 1 1084 1019 1263 1569
1347 4 2 1 1 1314 1352 1091 1604
1348 4 2 1 1 1007 1249 1141 1597
1349 4 2 1 1 691 202 1232 1746
1350 4 2 1 1 1103 1328 1235 1505
1351 4 2 1 1 549 1214 544 1280
1352 4 2 1 1 1030 1170 1470 1552
1353 4 2 1 1 1120 1441 1026 1692
1354 4 2 1 1 650 1260 426 1425
1355 4 2 1 1 422 1143 423 1408
1356 4 2 1 1 826 829 1120 1692
1357 4 2 1 1 994 1108 1294 1698
1358 4 2 1 1 1143 1301 1197 1408
1359 4 2 1 1 1010 1116 1297 1524
1360 4 2 1 1 474 50 103 1374
1361 4 2 1 1 174 1103 175 1505
1362 4 2 1 1 1261 1316 310 1648
1363 4 2 1 1 348 1260 1533 1627
1364 4 2 1 1 1130 1325 103 1631
1365 4 2 1 1 1002 1219 1114 1392
1366 4 2 1 1 1169 1114 1487 1689
1367 4 2 1 1 994 1147 1220 1632
1368 4 2 1 1 983 1110 1461 1752
1369 4 2 1 1 993 1179 1222 1611
1370 4 2 1 1 1017 1486 1207 1541
1371 4 2 1 1 1101 1270 1048 1293
1372 4 2 1 1 298 341 342 1229
1373 4 2 1 1 380 226 1494 1637
1374 4 2 1 1 1116 1456 1297 1524
1375 4 2 1 1 814 877 115 1177
1376 4 2 1 1 676 696 1290 1502
1377 4 2 1 1 490 306 488 1604
1378 4 2 1 1 997 1475 1078 1501
1379 4 2 1 1 994 1151 1225 1698
1380 4 2 1 1 1127 1563 1272 1634
1381 4 2 1 1 638 1150 528 1500
1382 4 2 1 1 701 778 1643 1693
1383 4 2 1 1 1156 1267 1508 1530
1384 4 2 1 1 1084 1284 1019 1569
1385 4 2 1 1 1092 1639 1434 1704
1386 4 2 1 1 995 1200 1129 1656
1387 4 2 1 1 1261 1316 1055 1465
1388 4 2 1 1 1006 1134 1315 1347
1389 4 2 1 1 1022 1201 1095 1367
1390 4 2 1 1 1156 1416 1267 1460
1391 4 2 1 1 321 587 586 1689
1392 4 2 1 1 1035 1191 1087 1365
1393 4 2 1 1 691 1232 1282 1746
1394 4 2 1 1 606 1639 180 1704
1395 4 2 1 1 150 149 151 1337
1396 4 2 1 1 628 604 205 1491
1397 4 2 1 1 988 1106 1219 1445
1398 4 2 1 1 570 156 1090 1593
1399 4 2 1 1 848 828 1113 1383
1400 4 2 1 1 677 894 964 1619
1401 4 2 1 1 1007 1141 1249 1669
1402 4 2 1 1 1101 1221 1038 1655
1403 4 2 1 1 1242 1483 1416 1623
1404 4 2 1 1 1103 1313 1028 1328
1405 4 2 1 1 1101 983 1264 1385
1406 4 2 1 1 44 90 1153 1380
1407 4 2 1 1 1026 1113 1383 1692
1408 4 2 1 1 808 870 741 1516
1409 4 2 1 1 159 259 1463 1601
1410 4 2 1 1 203 631 195 1487
1411 4 2 1 1 473 755 764 1289
1412 4 2 1 1 1012 1187 1097 1308
1413 4 2 1 1 1124 1264 1003 1270
1414 4 2 1 1 1084 1226 1013 1569
1415 4 2 1 1 312 1572 1495 1638
1416 4 2 1 1 1289 1290 696 1502
1417 4 2 1 1 984 1460 1222 1519
1418 4 2 1 1 819 1123 821 1309
1419 4 2 1 1 1015 1287 1100 1575
1420 4 2 1 1 983 1101 1264 1686
1421 4 2 1 1 1038 1221 1101 1452
1422 4 2 1 1 129 1409 1274 1710
1423 4 2 1 1 1137 1544 1017 1556
1424 4 2 1 1 1090 1337 1332 1432
1425 4 2 1 1 990 1476 1205 1660
1426 4 2 1 1 921 1181 929 1499
1427 4 2 1 1 730 1211 804 1433
1428 4 2 1 1 1164 1322 1025 1734
1429 4 2 1 1 166 494 559 1731
1430 4 2 1 1 1217 1476 1043 1586
1431 4 2 1 1 1132 1214 1001 1382
1432 4 2 1 1 1007 1200 1141 1669
1433 4 2 1 1 1462 1661 1075 1702
1434 4 2 1 1 1275 1357 1030 1560
1435 4 2 1 1 652 563 1471 1473
1436 4 2 1 1 293 241 294 1247
1437 4 2 1 1 305 338 1131 1394
1438 4 2 1 1 1144 1498 1246 1713
1439 4 2 1 1 831 824 855 1251
1440 4 2 1 1 198 200 1187 1494
1441 4 2 1 1 1334 1475 1215 1738
1442 4 2 1 1 1375 1464 1121 1632
1443 4 2 1 1 921 941 929 1181
1444 4 2 1 1 947 957 1405 1600
1445 4 2 1 1 651 1533 1245 1746
1446 4 2 1 1 1068 1439 1328 1480
1447 4 2 1 1 589 199 1198 1446
1448 4 2 1 1 1176 1249 1049 1669
1449 4 2 1 1 1122 1627 1567 1785
1450 4 2 1 1 1000 1161 1189 1716
1451 4 2 1 1 740 1190 790 1654
1452 4 2 1 1 1068 1198 1439 1480
1453 4 2 1 1 1193 1666 1278 1680
1454 4 2 1 1 984 1483 1083 1514
1455 4 2 1 1 686 1271 1243 1651
1456 4 2 1 1 652 1471 1358 1473
1457 4 2 1 1 786 676 696 1290
1458 4 2 1 1 983 1461 1101 1686
1459 4 2 1 1 1023 1162 1341 1525
1460 4 2 1 1 676 1502 1285 1649
1461 4 2 1 1 1099 1302 1166 1477
1462 4 2 1 1 1191 1372 1214 1579
1463 4 2 1 1 1183 1519 1205 1532
1464 4 2 1 1 829 836 830 1120
1465 4 2 1 1 102 1259 737 1624
1466 4 2 1 1 159 1463 1104 1601
1467 4 2 1 1 1043 1519 1222 1611
1468 4 2 1 1 764 770 1188 1289
1469 4 2 1 1 388 390 1175 1400
1470 4 2 1 1 1152 1194 1246 1498
1471 4 2 1 1 471 473 764 1085
1472 4 2 1 1 982 1538 1173 1747
1473 4 2 1 1 1082 1447 1234 1491
1474 4 2 1 1 1120 1174 1441 1692
1475 4 2 1 1 1107 1228 1036 1484
1476 4 2 1 1 937 1295 1075 1320
1477 4 2 1 1 162 1163 1570 1742
1478 4 2 1 1 641 634 202 1557
1479 4 2 1 1 1097 1020 1576 1646
1480 4 2 1 1 173 174 175 1505
1481 4 2 1 1 1109 1476 1217 1776
1482 4 2 1 1 1125 1448 1348 1726
1483 4 2 1 1 1196 1639 1434 1761
1484 4 2 1 1 388 390 1400 1471
1485 4 2 1 1 357 487 225 1115
1486 4 2 1 1 1169 1296 631 1487
1487 4 2 1 1 1194 1242 1074 1356
1488 4 2 1 1 1039 1140 1490 1549
1489 4 2 1 1 616 1286 1271 1651
1490 4 2 1 1 1031 1198 1128 1400
1491 4 2 1 1 1132 1001 1579 1625
1492 4 2 1 1 293 1247 294 1509
1493 4 2 1 1 1139 1357 438 1413
1494 4 2 1 1 808 741 1203 1516
1495 4 2 1 1 984 1483 1106 1496
1496 4 2 1 1 1375 1632 1512 1777
1497 4 2 1 1 306 1409 1091 1584
1498 4 2 1 1 1035 1102 1372 1617
1499 4 2 1 1 316 386 1368 1400
1500 4 2 1 1 1428 1588 1038 1591
1501 4 2 1 1 461 1256 1380 1687
1502 4 2 1 1 316 1368 315 1510
1503 4 2 1 1 1125 1647 1448 1726
1504 4 2 1 1 436 711 1239 1551
1505 4 2 1 1 1114 1219 1057 1511
1506 4 2 1 1 1042 1520 1149 1733
1507 4 2 1 1 1125 1348 1647 1726
1508 4 2 1 1 764 770 479 1188
1509 4 2 1 1 1023 1283 1162 1525
1510 4 2 1 1 1064 1305 1546 1763
1511 4 2 1 1 299 159 1104 1601
1512 4 2 1 1 1016 1435 1118 1630
1513 4 2 1 1 1293 1452 1385 1732
1514 4 2 1 1 819 855 821 1123
1515 4 2 1 1 1298 1174 1395 1760
1516 4 2 1 1 1026 1441 1174 1692
1517 4 2 1 1 1081 1032 1311 1535
1518 4 2 1 1 209 210 200 1576
1519 4 2 1 1 1001 1373 1469 1571
1520 4 2 1 1 773 1413 1357 1703
1521 4 2 1 1 985 1095 1437 1517
1522 4 2 1 1 1113 848 1383 1684
1523 4 2 1 1 945 954 931 1474
1524 4 2 1 1 950 1081 928 1605
1525 4 2 1 1 1405 1499 1081 1605
1526 4 2 1 1 373 310 1261 1316
1527 4 2 1 1 1188 1507 1129 1769
1528 4 2 1 1 1185 1140 1423 1609
1529 4 2 1 1 733 1312 1185 1678
1530 4 2 1 1 1184 193 1296 1659
1531 4 2 1 1 1013 1272 1109 1378
1532 4 2 1 1 1258 1411 277 1772
1533 4 2 1 1 826 1120 830 1360
1534 4 2 1 1 993 1287 1125 1448
1535 4 2 1 1 813 732 876 1319
1536 4 2 1 1 1288 1377 1058 1664
1537 4 2 1 1 868 1190 881 1389
1538 4 2 1 1 1137 1017 1414 1556
1539 4 2 1 1 1029 1219 1134 1468
1540 4 2 1 1 1112 1363 1305 1402
1541 4 2 1 1 249 198 191 1494
1542 4 2 1 1 982 1109 1537 1768
1543 4 2 1 1 1142 1242 1432 1733
1544 4 2 1 1 1118 1615 1437 1628
1545 4 2 1 1 1222 1519 1098 1611
1546 4 2 1 1 1017 1207 1381 1541
1547 4 2 1 1 115 877 664 1177
1548 4 2 1 1 1016 1251 1354 1435
1549 4 2 1 1 1083 1011 1303 1460
1550 4 2 1 1 1015 1127 1287 1575
1551 4 2 1 1 1236 1276 1077 1717
1552 4 2 1 1 589 1198 237 1455
1553 4 2 1 1 1246 1404 1144 1713
1554 4 2 1 1 1105 1546 1412 1675
1555 4 2 1 1 1014 1236 1077 1682
1556 4 2 1 1 1017 1381 1486 1541
1557 4 2 1 1 571 574 363 1369
1558 4 2 1 1 1173 1538 1105 1747
1559 4 2 1 1 1151 1294 1108 1698
1560 4 2 1 1 1139 1511 1371 1560
1561 4 2 1 1 1032 1663 1212 1708
1562 4 2 1 1 368 1164 1543 1587
1563 4 2 1 1 1132 1001 1214 1579
1564 4 2 1 1 1006 1232 1080 1401
1565 4 2 1 1 577 599 1215 1565
1566 4 2 1 1 953 1384 1300 1440
1567 4 2 1 1 626 1130 103 1631
1568 4 2 1 1 1125 1329 168 1348
1569 4 2 1 1 1012 1308 1155 1328
1570 4 2 1 1 999 1185 1254 1609
1571 4 2 1 1 1149 1186 998 1640
1572 4 2 1 1 1115 1408 1004 1675
1573 4 2 1 1 92 1278 1666 1680
1574 4 2 1 1 1318 1394 1062 1714
1575 4 2 1 1 788 711 410 1138
1576 4 2 1 1 196 1232 193 1659
1577 4 2 1 1 626 1130 1381 1541
1578 4 2 1 1 276 277 1258 1411
1579 4 2 1 1 946 1739 1147 1777
1580 4 2 1 1 1212 1663 1323 1708
1581 4 2 1 1 341 343 1229 1346
1582 4 2 1 1 1009 1199 1337 1674
1583 4 2 1 1 196 195 193 1296
1584 4 2 1 1 1166 1249 1039 1302
1585 4 2 1 1 324 1094 1289 1502
1586 4 2 1 1 1005 1195 1229 1531
1587 4 2 1 1 336 1245 1533 1764
1588 4 2 1 1 298 1346 1079 1551
1589 4 2 1 1 691 1232 688 1282
1590 4 2 1 1 615 1198 1358 1400
1591 4 2 1 1 1019 1084 1212 1424
1592 4 2 1 1 1020 1286 1271 1576
1593 4 2 1 1 302 290 1202 1339
1594 4 2 1 1 1080 1232 1006 1331
1595 4 2 1 1 284 639 669 1333
1596 4 2 1 1 1128 1294 1015 1566
1597 4 2 1 1 688 1282 1232 1610
1598 4 2 1 1 261 1158 262 1379
1599 4 2 1 1 688 691 202 1232
1600 4 2 1 1 1011 1238 1234 1335
1601 4 2 1 1 995 1129 1188 1656
1602 4 2 1 1 1147 1632 1375 1777
1603 4 2 1 1 602 1274 129 1665
1604 4 2 1 1 310 428 373 1261
1605 4 2 1 1 1325 1470 518 1631
1606 4 2 1 1 302 290 289 1202
1607 4 2 1 1 624 1271 686 1651
1608 4 2 1 1 1144 1014 1498 1713
1609 4 2 1 1 974 1239 891 1321
1610 4 2 1 1 276 277 268 1258
1611 4 2 1 1 963 1206 101 1362
1612 4 2 1 1 1012 1097 1340 1646
1613 4 2 1 1 1107 1036 1350 1562
1614 4 2 1 1 51 1374 1319 1744
1615 4 2 1 1 1035 1102 1453 1571
1616 4 2 1 1 1007 1241 1200 1720
1617 4 2 1 1 982 1537 1634 1768
1618 4 2 1 1 1097 1069 1494 1637
1619 4 2 1 1 343 1229 1165 1607
1620 4 2 1 1 1364 1392 1046 1784
1621 4 2 1 1 1077 1356 1014 1682
1622 4 2 1 1 1005 1634 1127 1748
1623 4 2 1 1 1042 1445 1083 1483
1624 4 2 1 1 241 1247 293 1371
1625 4 2 1 1 1379 1463 259 1601
1626 4 2 1 1 999 1254 1185 1757
1627 4 2 1 1 679 1232 688 1659
1628 4 2 1 1 1090 1555 1237 1593
1629 4 2 1 1 822 1556 1309 1612
1630 4 2 1 1 1016 1118 1253 1630
1631 4 2 1 1 574 1146 1369 1617
1632 4 2 1 1 1173 1586 1112 1776
1633 4 2 1 1 701 1643 1368 1693
1634 4 2 1 1 1031 1143 1175 1481
1635 4 2 1 1 406 400 492 1263
1636 4 2 1 1 584 554 552 1598
1637 4 2 1 1 200 487 1340 1576
1638 4 2 1 1 1143 1292 422 1485
1639 4 2 1 1 1112 1043 1476 1586
1640 4 2 1 1 1140 1073 1547 1578
1641 4 2 1 1 1090 1555 1593 1671
1642 4 2 1 1 830 1240 1120 1482
1643 4 2 1 1 1192 1378 997 1406
1644 4 2 1 1 136 1273 134 1513
1645 4 2 1 1 997 1208 1088 1501
1646 4 2 1 1 336 411 651 1245
1647 4 2 1 1 937 1075 1295 1702
1648 4 2 1 1 982 1586 1173 1776
1649 4 2 1 1 1006 1134 1331 1679
1650 4 2 1 1 1089 1205 1519 1660
1651 4 2 1 1 1143 1175 1041 1485
1652 4 2 1 1 887 810 476 1207
1653 4 2 1 1 1222 1460 1098 1519
1654 4 2 1 1 295 296 1317 1510
1655 4 2 1 1 168 1348 1329 1742
1656 4 2 1 1 198 1187 191 1494
1657 4 2 1 1 1072 1149 1520 1640
1658 4 2 1 1 994 1225 1151 1481
1659 4 2 1 1 287 1094 324 1751
1660 4 2 1 1 337 1381 762 1631
1661 4 2 1 1 1129 1200 995 1769
1662 4 2 1 1 1031 1175 1143 1471
1663 4 2 1 1 436 711 781 1239
1664 4 2 1 1 544 1280 1579 1711
1665 4 2 1 1 1060 1436 1281 1628
1666 4 2 1 1 518 1470 1325 1583
1667 4 2 1 1 998 1201 1149 1733
1668 4 2 1 1 1016 1351 1280 1354
1669 4 2 1 1 331 326 438 1139
1670 4 2 1 1 1200 1305 1007 1538
1671 4 2 1 1 1164 368 1339 1587
1672 4 2 1 1 1173 1363 1112 1586
1673 4 2 1 1 1080 1349 1006 1401
1674 4 2 1 1 1017 1189 1130 1381
1675 4 2 1 1 1002 1219 1106 1514
1676 4 2 1 1 1302 1312 1166 1477
1677 4 2 1 1 407 1312 1166 1680
1678 4 2 1 1 1053 1459 1390 1598
1679 4 2 1 1 1083 1445 1219 1514
1680 4 2 1 1 836 1120 829 1707
1681 4 2 1 1 993 1439 1328 1647
1682 4 2 1 1 1009 1248 1116 1558
1683 4 2 1 1 991 1107 1431 1667
1684 4 2 1 1 433 707 702 1542
1685 4 2 1 1 413 1394 1299 1688
1686 4 2 1 1 1005 1078 1229 1334
1687 4 2 1 1 982 1634 1127 1768
1688 4 2 1 1 711 1138 788 1321
1689 4 2 1 1 983 1373 1096 1686
1690 4 2 1 1 174 1103 1348 1622
1691 4 2 1 1 733 110 1185 1312
1692 4 2 1 1 581 1348 168 1742
1693 4 2 1 1 1086 1225 1218 1698
1694 4 2 1 1 947 944 957 1745
1695 4 2 1 1 1017 1233 1160 1281
1696 4 2 1 1 1006 1468 1134 1679
1697 4 2 1 1 331 1139 438 1413
1698 4 2 1 1 1093 1200 1141 1538
1699 4 2 1 1 741 808 1203 1345
1700 4 2 1 1 1057 1331 1247 1560
1701 4 2 1 1 625 1099 275 1638
1702 4 2 1 1 1079 1040 1265 1632
1703 4 2 1 1 194 1187 200 1340
1704 4 2 1 1 1301 1408 1143 1749
1705 4 2 1 1 1006 1080 1331 1349
1706 4 2 1 1 919 1121 926 1512
1707 4 2 1 1 1152 1246 1194 1623
1708 4 2 1 1 782 1126 580 1316
1709 4 2 1 1 1097 1363 1308 1709
1710 4 2 1 1 1135 1596 1457 1725
1711 4 2 1 1 216 1279 1167 1714
1712 4 2 1 1 1005 1227 1108 1265
1713 4 2 1 1 1006 1331 1110 1752
1714 4 2 1 1 1029 1219 1169 1528
1715 4 2 1 1 819 1123 1309 1523
1716 4 2 1 1 521 37 38 1241
1717 4 2 1 1 209 1097 221 1576
1718 4 2 1 1 224 569 1214 1579
1719 4 2 1 1 310 428 1261 1648
1720 4 2 1 1 1185 110 1423 1680
1721 4 2 1 1 717 1278 1166 1495
1722 4 2 1 1 1037 1216 1309 1451
1723 4 2 1 1 1056 1158 1378 1766
1724 4 2 1 1 615 387 1198 1400
1725 4 2 1 1 737 1259 102 1386
1726 4 2 1 1 1086 1218 1225 1396
1727 4 2 1 1 1102 1536 1291 1771
1728 4 2 1 1 1265 1294 1079 1633
1729 4 2 1 1 1146 363 1369 1595
1730 4 2 1 1 198 200 194 1187
1731 4 2 1 1 574 1369 227 1617
1732 4 2 1 1 994 1225 1147 1375
1733 4 2 1 1 1139 1371 1247 1560
1734 4 2 1 1 717 509 407 1166
1735 4 2 1 1 741 458 1203 1516
1736 4 2 1 1 1000 1189 1161 1588
1737 4 2 1 1 1016 1354 1118 1435
1738 4 2 1 1 1303 1508 1267 1530
1739 4 2 1 1 1368 1643 1070 1693
1740 4 2 1 1 687 1171 486 1314
1741 4 2 1 1 209 221 1097 1637
1742 4 2 1 1 357 1115 225 1618
1743 4 2 1 1 562 423 1143 1471
1744 4 2 1 1 52 801 1319 1458
1745 4 2 1 1 999 1355 1490 1496
1746 4 2 1 1 1030 1275 1110 1581
1747 4 2 1 1 298 1079 1346 1565
1748 4 2 1 1 1111 1443 1086 1474
1749 4 2 1 1 422 562 1143 1485
1750 4 2 1 1 542 1553 1132 1579
1751 4 2 1 1 342 1229 599 1565
1752 4 2 1 1 921 1336 1117 1561
1753 4 2 1 1 885 858 1433 1493
1754 4 2 1 1 828 1251 1113 1383
1755 4 2 1 1 1006 1331 1468 1679
1756 4 2 1 1 1237 1332 1090 1593
1757 4 2 1 1 398 1572 1263 1673
1758 4 2 1 1 1072 1453 1102 1571
1759 4 2 1 1 1024 1330 1559 1621
1760 4 2 1 1 773 1694 1413 1703
1761 4 2 1 1 1021 1498 1144 1515
1762 4 2 1 1 1014 1144 1417 1713
1763 4 2 1 1 830 1120 836 1482
1764 4 2 1 1 528 1279 1150 1731
1765 4 2 1 1 1139 1560 1066 1629
1766 4 2 1 1 606 1434 607 1639
1767 4 2 1 1 105 1325 1133 1399
1768 4 2 1 1 855 1123 819 1523
1769 4 2 1 1 1194 1356 1074 1623
1770 4 2 1 1 1005 1229 1195 1607
1771 4 2 1 1 854 1216 818 1309
1772 4 2 1 1 158 162 161 1742
1773 4 2 1 1 1457 1596 1074 1725
1774 4 2 1 1 37 1129 36 1507
1775 4 2 1 1 1173 1305 1105 1538
1776 4 2 1 1 1058 1493 1177 1630
1777 4 2 1 1 1034 1111 1285 1649
1778 4 2 1 1 201 203 195 1557
1779 4 2 1 1 1264 1101 1608 1686
1780 4 2 1 1 1082 1011 1234 1530
1781 4 2 1 1 855 1123 824 1612
1782 4 2 1 1 1064 1129 1507 1769
1783 4 2 1 1 1197 1301 1115 1408
1784 4 2 1 1 1072 1149 1347 1520
1785 4 2 1 1 640 1338 558 1746
1786 4 2 1 1 90 461 1256 1380
1787 4 2 1 1 729 1687 1268 1737
1788 4 2 1 1 422 562 423 1143
1789 4 2 1 1 983 1107 1385 1706
1790 4 2 1 1 990 1099 1302 1668
1791 4 2 1 1 392 422 359 1292
1792 4 2 1 1 50 1325 103 1374
1793 4 2 1 1 1075 1663 1295 1708
1794 4 2 1 1 1158 1333 262 1379
1795 4 2 1 1 221 1271 616 1576
1796 4 2 1 1 1111 1034 1396 1649
1797 4 2 1 1 1007 1200 1669 1720
1798 4 2 1 1 411 651 1245 1746
1799 4 2 1 1 847 1310 1213 1707
1800 4 2 1 1 1231 1397 692 1701
1801 4 2 1 1 1129 1488 36 1507
1802 4 2 1 1 1120 1310 1174 1692
1803 4 2 1 1 924 939 1159 1384
1804 4 2 1 1 687 1171 420 1526
1805 4 2 1 1 1461 1608 1101 1686
1806 4 2 1 1 1147 1220 1632 1777
1807 4 2 1 1 1010 1152 1179 1406
1808 4 2 1 1 1034 1285 1111 1474
1809 4 2 1 1 342 344 599 1229
1810 4 2 1 1 1002 1106 1219 1756
1811 4 2 1 1 1040 1362 1206 1512
1812 4 2 1 1 155 158 1297 1456
1813 4 2 1 1 1369 1372 227 1617
1814 4 2 1 1 1009 1142 1242 1432
1815 4 2 1 1 982 1093 1537 1538
1816 4 2 1 1 987 1352 1120 1497
1817 4 2 1 1 999 1450 1183 1490
1818 4 2 1 1 986 1354 1123 1435
1819 4 2 1 1 986 1118 1354 1435
1820 4 2 1 1 912 946 1353 1614
1821 4 2 1 1 1295 1663 1032 1708
1822 4 2 1 1 382 599 1531 1736
1823 4 2 1 1 563 1197 1471 1473
1824 4 2 1 1 996 1284 1093 1424
1825 4 2 1 1 1106 1219 1445 1514
1826 4 2 1 1 984 1152 1194 1623
1827 4 2 1 1 143 144 1257 1690
1828 4 2 1 1 1093 1559 1330 1621
1829 4 2 1 1 326 1357 1139 1509
1830 4 2 1 1 1101 1385 1293 1452
1831 4 2 1 1 500 378 1144 1417
1832 4 2 1 1 990 1192 1109 1476
1833 4 2 1 1 358 1182 1292 1618
1834 4 2 1 1 174 1335 1103 1622
1835 4 2 1 1 594 397 1719 1727
1836 4 2 1 1 850 830 1240 1360
1837 4 2 1 1 989 1402 1450 1709
1838 4 2 1 1 999 1209 1153 1355
1839 4 2 1 1 1142 1042 1242 1431
1840 4 2 1 1 698 692 1231 1397
1841 4 2 1 1 984 1194 1248 1416
1842 4 2 1 1 1242 1416 1194 1623
1843 4 2 1 1 1285 1290 1034 1502
1844 4 2 1 1 1217 1287 1127 1575
1845 4 2 1 1 991 1431 1135 1667
1846 4 2 1 1 312 282 1572 1638
1847 4 2 1 1 105 1133 125 1399
1848 4 2 1 1 1019 1093 1284 1424
1849 4 2 1 1 51 1319 122 1744
1850 4 2 1 1 1247 1371 218 1557
1851 4 2 1 1 1075 1462 979 1540
1852 4 2 1 1 1074 1242 1194 1623
1853 4 2 1 1 1162 1365 466 1369
1854 4 2 1 1 997 1406 1104 1454
1855 4 2 1 1 156 1341 1090 1593
1856 4 2 1 1 920 1117 921 1535
1857 4 2 1 1 907 908 1306 1326
1858 4 2 1 1 527 1411 1599 1648
1859 4 2 1 1 1019 1269 1093 1424
1860 4 2 1 1 205 185 183 1444
1861 4 2 1 1 999 1450 1140 1676
1862 4 2 1 1 1120 1352 1051 1497
1863 4 2 1 1 1142 1009 1242 1416
1864 4 2 1 1 963 976 1206 1362
1865 4 2 1 1 979 1462 1075 1702
1866 4 2 1 1 1242 1431 1391 1733
1867 4 2 1 1 1050 1107 1667 1732
1868 4 2 1 1 1173 1305 1112 1363
1869 4 2 1 1 110 42 1185 1423
1870 4 2 1 1 985 1124 1244 1298
1871 4 2 1 1 818 854 890 1216
1872 4 2 1 1 284 1333 669 1515
1873 4 2 1 1 829 827 832 1310
1874 4 2 1 1 1185 1312 110 1680
1875 4 2 1 1 1081 1499 1117 1535
1876 4 2 1 1 1050 1107 1484 1667
1877 4 2 1 1 993 1179 1217 1287
1878 4 2 1 1 1015 1287 1475 1738
1879 4 2 1 1 158 161 1210 1742
1880 4 2 1 1 826 1120 1360 1692
1881 4 2 1 1 1155 1217 1043 1586
1882 4 2 1 1 177 1505 1255 1750
1883 4 2 1 1 1077 1388 1356 1662
1884 4 2 1 1 1503 1641 1361 1664
1885 4 2 1 1 1069 1430 1187 1494
1886 4 2 1 1 782 1316 580 1787
1887 4 2 1 1 827 1174 832 1310
1888 4 2 1 1 1084 1013 1230 1442
1889 4 2 1 1 1061 1374 1130 1591
1890 4 2 1 1 811 1211 666 1620
1891 4 2 1 1 1100 1287 1217 1575
1892 4 2 1 1 1124 1244 1298 1492
1893 4 2 1 1 1157 1076 1388 1662
1894 4 2 1 1 216 1167 1279 1513
1895 4 2 1 1 741 98 867 1345
1896 4 2 1 1 1171 1299 420 1526
1897 4 2 1 1 1076 1014 1276 1356
1898 4 2 1 1 1215 1317 579 1565
1899 4 2 1 1 911 1443 913 1614
1900 4 2 1 1 1175 1368 386 1400
1901 4 2 1 1 1233 1281 987 1608
1902 4 2 1 1 168 1329 164 1742
1903 4 2 1 1 1410 1124 1441 1628
1904 4 2 1 1 247 1291 248 1587
1905 4 2 1 1 1080 1331 1349 1603
1906 4 2 1 1 1391 1431 1228 1733
1907 4 2 1 1 619 1164 368 1339
1908 4 2 1 1 298 1229 342 1565
1909 4 2 1 1 848 828 835 1113
1910 4 2 1 1 193 1184 1296 1613
1911 4 2 1 1 1211 1433 798 1664
1912 4 2 1 1 1016 1351 1204 1506
1913 4 2 1 1 1130 1374 1061 1541
1914 4 2 1 1 1156 1524 1163 1530
1915 4 2 1 1 36 37 102 1129
1916 4 2 1 1 662 1306 898 1643
1917 4 2 1 1 1253 1377 1288 1553
1918 4 2 1 1 868 809 881 1190
1919 4 2 1 1 1257 1332 1065 1690
1920 4 2 1 1 1089 1490 1438 1496
1921 4 2 1 1 1010 1156 1602 1759
1922 4 2 1 1 1167 1407 1273 1513
1923 4 2 1 1 448 1700 782 1787
1924 4 2 1 1 991 1484 1107 1667
1925 4 2 1 1 1225 1396 1218 1781
1926 4 2 1 1 1009 1337 1257 1674
1927 4 2 1 1 991 1076 1356 1391
1928 4 2 1 1 1147 1353 946 1614
1929 4 2 1 1 1226 1013 1327 1478
1930 4 2 1 1 1127 1501 1475 1768
1931 4 2 1 1 1017 1137 1240 1281
1932 4 2 1 1 429 414 1162 1593
1933 4 2 1 1 458 1449 1203 1516
1934 4 2 1 1 984 1106 1483 1514
1935 4 2 1 1 581 168 164 1742
1936 4 2 1 1 1280 1351 1067 1354
1937 4 2 1 1 806 887 753 1516
1938 4 2 1 1 1040 1206 1440 1512
1939 4 2 1 1 1144 1498 1145 1515
1940 4 2 1 1 862 889 811 1211
1941 4 2 1 1 1602 1622 1063 1726
1942 4 2 1 1 1117 1269 995 1656
1943 4 2 1 1 992 1303 1082 1508
1944 4 2 1 1 1142 1042 1431 1733
1945 4 2 1 1 471 473 1085 1600
1946 4 2 1 1 1240 1482 1061 1486
1947 4 2 1 1 1034 1111 1396 1474
1948 4 2 1 1 1404 1417 1144 1713
1949 4 2 1 1 1359 1621 1093 1775
1950 4 2 1 1 1093 1330 996 1424
1951 4 2 1 1 534 1318 1279 1714
1952 4 2 1 1 1016 1204 1387 1518
1953 4 2 1 1 642 1340 1197 1753
1954 4 2 1 1 1067 1351 1459 1616
1955 4 2 1 1 1038 1588 1428 1655
1956 4 2 1 1 1000 1189 1245 1716
1957 4 2 1 1 1012 1187 1235 1753
1958 4 2 1 1 287 351 324 1422
1959 4 2 1 1 1125 1348 171 1446
1960 4 2 1 1 1028 1103 1255 1313
1961 4 2 1 1 354 1425 1203 1449
1962 4 2 1 1 959 114 893 1462
1963 4 2 1 1 387 1198 1400 1765
1964 4 2 1 1 788 1138 410 1321
1965 4 2 1 1 227 1369 608 1372
1966 4 2 1 1 166 1150 494 1731
1967 4 2 1 1 687 1407 1171 1526
1968 4 2 1 1 500 1417 1144 1418
1969 4 2 1 1 1002 1514 1106 1756
1970 4 2 1 1 821 1309 1123 1612
1971 4 2 1 1 1258 1478 267 1529
1972 4 2 1 1 1255 1313 1103 1770
1973 4 2 1 1 1295 1032 1535 1740
1974 4 2 1 1 642 1197 1473 1753
1975 4 2 1 1 676 757 1502 1649
1976 4 2 1 1 861 1479 859 1707
1977 4 2 1 1 1069 1430 1494 1701
1978 4 2 1 1 152 154 1297 1456
1979 4 2 1 1 386 1368 1175 1693
1980 4 2 1 1 1019 1129 1259 1386
1981 4 2 1 1 956 1499 1405 1605
1982 4 2 1 1 302 1339 1202 1627
1983 4 2 1 1 1028 1313 1255 1770
1984 4 2 1 1 1234 1335 1238 1491
1985 4 2 1 1 556 1280 546 1351
1986 4 2 1 1 1117 1330 1320 1561
1987 4 2 1 1 1128 1198 1015 1765
1988 4 2 1 1 1166 1302 1099 1668
1989 4 2 1 1 440 507 1306 1485
1990 4 2 1 1 1152 1010 1179 1759
1991 4 2 1 1 1006 1347 1315 1752
1992 4 2 1 1 1154 1271 291 1637
1993 4 2 1 1 193 189 1184 1613
1994 4 2 1 1 611 397 594 1365
1995 4 2 1 1 997 1475 1501 1768
1996 4 2 1 1 1230 277 1411 1772
1997 4 2 1 1 555 1351 1459 1653
1998 4 2 1 1 820 1309 822 1556
1999 4 2 1 1 848 1113 835 1684
2000 4 2 1 1 687 653 1407 1526
2001 4 2 1 1 1011 1602 1313 1726
2002 4 2 1 1 403 1626 1259 1685
2003 4 2 1 1 1014 1356 1076 1522
2004 4 2 1 1 669 697 1145 1554
2005 4 2 1 1 1258 1411 1088 1672
2006 4 2 1 1 1264 1270 1124 1608
2007 4 2 1 1 1185 1423 42 1609
2008 4 2 1 1 1127 1078 1475 1501
2009 4 2 1 1 1080 1338 1030 1603
2010 4 2 1 1 1012 1235 1473 1753
2011 4 2 1 1 486 1171 687 1584
2012 4 2 1 1 374 1370 1140 1547
2013 4 2 1 1 357 575 487 1408
2014 4 2 1 1 1115 1340 487 1576
2015 4 2 1 1 398 492 400 1263
2016 4 2 1 1 1015 1127 1575 1748
2017 4 2 1 1 1023 1508 1283 1530
2018 4 2 1 1 205 1421 1136 1722
2019 4 2 1 1 216 605 1279 1714
2020 4 2 1 1 1116 1376 1297 1463
2021 4 2 1 1 1018 1395 1174 1582
2022 4 2 1 1 1120 1310 1051 1352
2023 4 2 1 1 466 1365 1162 1593
2024 4 2 1 1 984 1416 1156 1460
2025 4 2 1 1 995 1656 1188 1691
2026 4 2 1 1 1064 1129 1200 1720
2027 4 2 1 1 558 1247 1338 1509
2028 4 2 1 1 422 423 359 1408
2029 4 2 1 1 1142 1431 1242 1733
2030 4 2 1 1 1128 1400 1175 1481
2031 4 2 1 1 1221 1581 1038 1588
2032 4 2 1 1 579 1317 1215 1455
2033 4 2 1 1 1260 1045 1533 1627
2034 4 2 1 1 1192 1378 1109 1768
2035 4 2 1 1 921 1117 920 1561
2036 4 2 1 1 950 928 956 1605
2037 4 2 1 1 1023 1267 1142 1508
2038 4 2 1 1 320 1417 1236 1717
2039 4 2 1 1 988 1209 1106 1725
2040 4 2 1 1 932 949 1239 1512
2041 4 2 1 1 291 1271 1154 1578
2042 4 2 1 1 304 535 307 1503
2043 4 2 1 1 313 1495 282 1572
2044 4 2 1 1 486 1314 1171 1584
2045 4 2 1 1 684 1283 1162 1369
2046 4 2 1 1 1275 1472 1066 1629
2047 4 2 1 1 985 1118 1253 1517
2048 4 2 1 1 996 1465 1159 1635
2049 4 2 1 1 687 486 453 1314
2050 4 2 1 1 1121 1512 1375 1632
2051 4 2 1 1 986 1223 1118 1615
2052 4 2 1 1 1064 1200 1241 1720
2053 4 2 1 1 936 1384 1126 1700
2054 4 2 1 1 1254 1609 1185 1757
2055 4 2 1 1 527 1599 617 1648
2056 4 2 1 1 1134 1219 1083 1445
2057 4 2 1 1 1283 1508 1082 1530
2058 4 2 1 1 1320 1330 1159 1561
2059 4 2 1 1 544 1214 569 1579
2060 4 2 1 1 102 36 1129 1488
2061 4 2 1 1 223 224 569 1214
2062 4 2 1 1 224 1214 223 1771
2063 4 2 1 1 312 282 1495 1572
2064 4 2 1 1 1124 1244 1003 1264
2065 4 2 1 1 1089 1205 1183 1519
2066 4 2 1 1 615 387 593 1198
2067 4 2 1 1 1121 1375 1512 1777
2068 4 2 1 1 1064 1200 1129 1769
2069 4 2 1 1 1359 1559 1108 1634
2070 4 2 1 1 612 397 611 1237
2071 4 2 1 1 1023 1162 1283 1508
2072 4 2 1 1 221 1576 1097 1637
2073 4 2 1 1 268 1258 277 1772
2074 4 2 1 1 1453 1571 1072 1640
2075 4 2 1 1 247 1322 1291 1587
2076 4 2 1 1 320 1276 1417 1717
2077 4 2 1 1 1128 1031 1400 1481
2078 4 2 1 1 385 410 315 1368
2079 4 2 1 1 1188 1488 1081 1656
2080 4 2 1 1 997 1378 1192 1768
2081 4 2 1 1 995 1200 1269 1775
2082 4 2 1 1 1025 1202 1339 1398
2083 4 2 1 1 611 1365 466 1593
2084 4 2 1 1 1402 1073 1549 1709
2085 4 2 1 1 387 593 1198 1765
2086 4 2 1 1 1262 1520 1149 1640
2087 4 2 1 1 495 1208 299 1736
2088 4 2 1 1 1040 1440 1206 1464
2089 4 2 1 1 389 1175 386 1400
2090 4 2 1 1 544 549 569 1214
2091 4 2 1 1 995 1269 1117 1621
2092 4 2 1 1 44 1153 90 1757
2093 4 2 1 1 982 1575 1151 1747
2094 4 2 1 1 1009 1145 1558 1674
2095 4 2 1 1 1058 1288 1253 1377
2096 4 2 1 1 974 891 951 1321
2097 4 2 1 1 205 1136 1421 1444
2098 4 2 1 1 118 601 1319 1479
2099 4 2 1 1 1060 1615 1437 1686
2100 4 2 1 1 292 1370 1154 1397
2101 4 2 1 1 1220 1147 1550 1739
2102 4 2 1 1 1195 1648 1088 1705
2103 4 2 1 1 729 728 1687 1737
2104 4 2 1 1 664 1177 877 1729
2105 4 2 1 1 697 1515 1145 1674
2106 4 2 1 1 1157 1388 1266 1662
2107 4 2 1 1 996 1093 1284 1559
2108 4 2 1 1 1450 1490 1140 1549
2109 4 2 1 1 1292 1408 1004 1594
2110 4 2 1 1 612 1237 611 1593
2111 4 2 1 1 620 1515 697 1674
2112 4 2 1 1 1265 1464 1375 1632
2113 4 2 1 1 1057 1331 1560 1679
2114 4 2 1 1 1272 1501 1127 1768
2115 4 2 1 1 46 47 1268 1703
2116 4 2 1 1 233 687 653 1407
2117 4 2 1 1 878 847 1213 1707
2118 4 2 1 1 912 1353 1443 1614
2119 4 2 1 1 1031 1197 1143 1749
2120 4 2 1 1 1106 1209 999 1496
2121 4 2 1 1 1081 1488 1188 1724
2122 4 2 1 1 808 867 863 1345
2123 4 2 1 1 1100 1566 1015 1575
2124 4 2 1 1 506 440 390 1485
2125 4 2 1 1 1054 1236 1099 1713
2126 4 2 1 1 96 39 763 1666
2127 4 2 1 1 1111 1396 1086 1443
2128 4 2 1 1 1180 1226 1049 1327
2129 4 2 1 1 1143 1594 1481 1749
2130 4 2 1 1 1060 1437 1615 1628
2131 4 2 1 1 608 466 1365 1369
2132 4 2 1 1 1108 1005 1265 1748
2133 4 2 1 1 1135 1209 1027 1472
2134 4 2 1 1 1144 1014 1417 1554
2135 4 2 1 1 985 1095 1244 1437
2136 4 2 1 1 946 922 1739 1777
2137 4 2 1 1 1057 1487 1371 1557
2138 4 2 1 1 615 589 199 1198
2139 4 2 1 1 836 1482 1120 1707
2140 4 2 1 1 1009 1558 1199 1674
2141 4 2 1 1 1002 1219 1392 1756
2142 4 2 1 1 380 1397 286 1637
2143 4 2 1 1 1067 1459 1351 1653
2144 4 2 1 1 292 1154 286 1397
2145 4 2 1 1 690 1488 102 1624
2146 4 2 1 1 1288 550 1545 1553
2147 4 2 1 1 1119 1429 1160 1466
2148 4 2 1 1 669 1145 697 1515
2149 4 2 1 1 190 1750 1430 1753
2150 4 2 1 1 178 1255 176 1335
2151 4 2 1 1 1050 1484 1324 1667
2152 4 2 1 1 221 1271 1576 1637
2153 4 2 1 1 937 938 1295 1320
2154 4 2 1 1 1015 1317 1215 1334
2155 4 2 1 1 811 862 1211 1620
2156 4 2 1 1 949 1362 1239 1512
2157 4 2 1 1 990 1660 1302 1713
2158 4 2 1 1 764 1188 479 1724
2159 4 2 1 1 1385 1667 1293 1732
2160 4 2 1 1 287 1651 1094 1751
2161 4 2 1 1 939 1384 940 1440
2162 4 2 1 1 1093 1284 1148 1537
2163 4 2 1 1 1125 1448 1287 1738
2164 4 2 1 1 1155 1363 1173 1586
2165 4 2 1 1 1162 1593 1555 1671
2166 4 2 1 1 1102 1469 1072 1571
2167 4 2 1 1 1091 1048 1409 1573
2168 4 2 1 1 1280 1351 556 1715
2169 4 2 1 1 1118 1016 1253 1382
2170 4 2 1 1 1136 1539 992 1645
2171 4 2 1 1 305 1318 1131 1783
2172 4 2 1 1 1035 1369 1146 1617
2173 4 2 1 1 822 1137 851 1556
2174 4 2 1 1 1028 1639 1592 1770
2175 4 2 1 1 1065 1332 1257 1432
2176 4 2 1 1 1078 1215 1475 1564
2177 4 2 1 1 961 1285 678 1290
2178 4 2 1 1 1072 1347 1315 1520
2179 4 2 1 1 1020 1305 1105 1412
2180 4 2 1 1 1040 1206 1165 1464
2181 4 2 1 1 714 1590 135 1697
2182 4 2 1 1 573 714 1157 1590
2183 4 2 1 1 1050 1293 1107 1732
2184 4 2 1 1 1147 1375 1225 1698
2185 4 2 1 1 932 949 974 1239
2186 4 2 1 1 1101 1293 1048 1452
2187 4 2 1 1 1054 1185 1256 1355
2188 4 2 1 1 992 1520 1262 1640
2189 4 2 1 1 932 1239 1220 1512
2190 4 2 1 1 312 282 313 1495
2191 4 2 1 1 1177 1058 1433 1493
2192 4 2 1 1 913 942 941 1181
2193 4 2 1 1 200 210 487 1576
2194 4 2 1 1 984 1083 1460 1514
2195 4 2 1 1 305 339 338 1394
2196 4 2 1 1 1255 1335 178 1704
2197 4 2 1 1 1212 1424 1323 1663
2198 4 2 1 1 380 692 1397 1701
2199 4 2 1 1 1008 1385 1452 1732
2200 4 2 1 1 1112 1205 989 1402
2201 4 2 1 1 1096 1373 1223 1686
2202 4 2 1 1 547 548 546 1351
2203 4 2 1 1 1249 1302 1166 1668
2204 4 2 1 1 996 1424 1084 1442
2205 4 2 1 1 1106 1392 1219 1756
2206 4 2 1 1 158 1297 1210 1712
2207 4 2 1 1 1118 1354 1016 1382
2208 4 2 1 1 1205 1249 1039 1782
2209 4 2 1 1 1259 1311 1032 1626
2210 4 2 1 1 1015 1575 1294 1748
2211 4 2 1 1 1142 1042 1267 1416
2212 4 2 1 1 1121 1159 1384 1635
2213 4 2 1 1 1140 1039 1423 1549
2214 4 2 1 1 1551 1632 1079 1633
2215 4 2 1 1 1008 1268 1168 1737
2216 4 2 1 1 749 601 1479 1744
2217 4 2 1 1 991 1324 1484 1667
2218 4 2 1 1 1215 1334 1317 1565
2219 4 2 1 1 145 1337 614 1674
2220 4 2 1 1 1065 1690 1332 1731
2221 4 2 1 1 620 669 697 1515
2222 4 2 1 1 1106 1676 1392 1756
2223 4 2 1 1 1016 1377 1132 1711
2224 4 2 1 1 262 1379 1333 1515
2225 4 2 1 1 1198 237 1455 1765
2226 4 2 1 1 570 415 1237 1332
2227 4 2 1 1 1171 1407 687 1584
2228 4 2 1 1 1194 1242 1009 1416
2229 4 2 1 1 1191 1365 1035 1372
2230 4 2 1 1 314 312 1166 1638
2231 4 2 1 1 1040 1079 1265 1758
2232 4 2 1 1 1137 1414 851 1556
2233 4 2 1 1 466 684 1162 1369
2234 4 2 1 1 983 1110 1277 1385
2235 4 2 1 1 999 1140 1254 1676
2236 4 2 1 1 982 1217 1575 1586
2237 4 2 1 1 434 774 770 1422
2238 4 2 1 1 1093 1269 1200 1775
2239 4 2 1 1 1104 1463 1379 1601
2240 4 2 1 1 983 1096 1461 1686
2241 4 2 1 1 983 1264 1095 1686
2242 4 2 1 1 1286 1576 1020 1646
2243 4 2 1 1 1005 1165 1229 1607
2244 4 2 1 1 1086 1024 1336 1614
2245 4 2 1 1 1084 1013 1442 1569
2246 4 2 1 1 859 1479 1319 1707
2247 4 2 1 1 528 1393 1279 1731
2248 4 2 1 1 1040 1079 1346 1551
2249 4 2 1 1 624 686 646 1651
2250 4 2 1 1 320 280 1236 1417
2251 4 2 1 1 913 942 1181 1474
2252 4 2 1 1 488 1091 1427 1604
2253 4 2 1 1 997 1179 1454 1475
2254 4 2 1 1 1032 1311 1259 1624
2255 4 2 1 1 696 1289 755 1290
2256 4 2 1 1 802 671 868 1389
2257 4 2 1 1 993 1448 1125 1647
2258 4 2 1 1 1063 1163 1530 1602
2259 4 2 1 1 760 440 507 1306
2260 4 2 1 1 1009 1242 1391 1432
2261 4 2 1 1 423 642 575 1197
2262 4 2 1 1 1031 1301 1151 1566
2263 4 2 1 1 1132 1579 1280 1711
2264 4 2 1 1 1017 1449 1381 1516
2265 4 2 1 1 296 579 1317 1565
2266 4 2 1 1 1099 1236 1054 1477
2267 4 2 1 1 1207 1240 1061 1486
2268 4 2 1 1 151 152 150 1767
2269 4 2 1 1 1023 1162 1508 1671
2270 4 2 1 1 537 540 1288 1377
2271 4 2 1 1 999 1153 1254 1757
2272 4 2 1 1 609 1318 534 1714
2273 4 2 1 1 1253 1288 1052 1553
2274 4 2 1 1 953 1300 1384 1700
2275 4 2 1 1 1390 1451 1216 1785
2276 4 2 1 1 1133 1325 105 1374
2277 4 2 1 1 151 1341 591 1456
2278 4 2 1 1 312 1495 1166 1638
2279 4 2 1 1 1149 1201 1186 1706
2280 4 2 1 1 218 1487 203 1557
2281 4 2 1 1 1021 1144 1333 1515
2282 4 2 1 1 993 1287 1100 1439
2283 4 2 1 1 1078 1215 1334 1475
2284 4 2 1 1 1322 1164 1543 1734
2285 4 2 1 1 1012 1308 1097 1646
2286 4 2 1 1 1017 1240 1207 1486
2287 4 2 1 1 1143 1197 1031 1471
2288 4 2 1 1 1035 1571 1453 1640
2289 4 2 1 1 145 1257 1337 1674
2290 4 2 1 1 1009 1257 1337 1432
2291 4 2 1 1 1066 1560 1275 1629
2292 4 2 1 1 1060 1608 1233 1655
2293 4 2 1 1 947 1405 1085 1600
2294 4 2 1 1 135 1590 1273 1697
2295 4 2 1 1 1037 1122 1451 1778
2296 4 2 1 1 1041 1326 1306 1353
2297 4 2 1 1 1108 1265 1227 1375
2298 4 2 1 1 52 122 51 1319
2299 4 2 1 1 1011 1083 1303 1342
2300 4 2 1 1 1302 1660 1089 1713
2301 4 2 1 1 1015 1079 1317 1334
2302 4 2 1 1 993 1125 1287 1439
2303 4 2 1 1 1039 1249 1166 1278
2304 4 2 1 1 1037 1119 1260 1429
2305 4 2 1 1 1105 1305 1173 1412
2306 4 2 1 1 1118 1435 986 1628
2307 4 2 1 1 996 1284 1148 1559
2308 4 2 1 1 262 633 1379 1515
2309 4 2 1 1 510 1176 523 1666
2310 4 2 1 1 1091 1048 1270 1644
2311 4 2 1 1 1352 1427 1051 1497
2312 4 2 1 1 182 1344 1434 1704
2313 4 2 1 1 233 687 1407 1584
2314 4 2 1 1 1027 1472 1209 1789
2315 4 2 1 1 1041 1111 1594 1728
2316 4 2 1 1 1295 1032 1320 1535
2317 4 2 1 1 1488 1605 35 1724
2318 4 2 1 1 152 155 154 1456
2319 4 2 1 1 1007 1305 1467 1763
2320 4 2 1 1 1413 1694 1066 1703
2321 4 2 1 1 1268 1687 1168 1737
2322 4 2 1 1 832 1174 1395 1582
2323 4 2 1 1 1259 1624 1311 1626
2324 4 2 1 1 1035 1372 1369 1617
2325 4 2 1 1 289 1202 290 1587
2326 4 2 1 1 1330 1561 1024 1635
2327 4 2 1 1 1411 1088 1648 1705
2328 4 2 1 1 1042 1277 1135 1431
2329 4 2 1 1 1165 1206 1040 1699
2330 4 2 1 1 132 1178 130 1584
2331 4 2 1 1 1083 1342 1011 1460
2332 4 2 1 1 1238 1335 468 1491
2333 4 2 1 1 316 1400 1128 1765
2334 4 2 1 1 822 1309 820 1612
2335 4 2 1 1 422 1292 392 1485
2336 4 2 1 1 1240 1281 1120 1486
2337 4 2 1 1 1288 1503 307 1664
2338 4 2 1 1 205 207 1421 1722
2339 4 2 1 1 118 1319 813 1479
2340 4 2 1 1 1019 1284 1084 1424
2341 4 2 1 1 1027 1256 1153 1355
2342 4 2 1 1 855 821 1123 1612
2343 4 2 1 1 151 591 152 1456
2344 4 2 1 1 290 1202 1339 1587
2345 4 2 1 1 1030 1338 1247 1509
2346 4 2 1 1 614 1674 1337 1767
2347 4 2 1 1 946 922 948 1739
2348 4 2 1 1 155 1297 154 1456
2349 4 2 1 1 997 1501 1272 1768
2350 4 2 1 1 524 193 189 1184
2351 4 2 1 1 1383 1684 848 1692
2352 4 2 1 1 950 1311 1081 1605
2353 4 2 1 1 1339 1398 1202 1754
2354 4 2 1 1 1017 1130 1233 1486
2355 4 2 1 1 1235 1473 515 1505
2356 4 2 1 1 1280 1354 1067 1382
2357 4 2 1 1 124 1133 105 1374
2358 4 2 1 1 992 1267 1520 1539
2359 4 2 1 1 824 1123 1383 1612
2360 4 2 1 1 386 1175 389 1693
2361 4 2 1 1 227 574 571 1369
2362 4 2 1 1 632 380 226 1494
2363 4 2 1 1 1017 1381 1207 1516
2364 4 2 1 1 1013 1109 1272 1537
2365 4 2 1 1 1103 1622 1335 1726
2366 4 2 1 1 615 1358 635 1400
2367 4 2 1 1 1023 1508 1142 1671
2368 4 2 1 1 165 1304 1157 1697
2369 4 2 1 1 650 426 463 1425
2370 4 2 1 1 1053 1123 1354 1387
2371 4 2 1 1 1132 1280 1214 1382
2372 4 2 1 1 985 1426 1095 1517
2373 4 2 1 1 936 972 1126 1540
2374 4 2 1 1 630 1180 271 1478
2375 4 2 1 1 403 1259 450 1685
2376 4 2 1 1 698 380 692 1397
2377 4 2 1 1 1191 1579 1001 1625
2378 4 2 1 1 991 1135 1324 1667
2379 4 2 1 1 528 1150 638 1731
2380 4 2 1 1 1357 1413 1066 1703
2381 4 2 1 1 1154 1397 1069 1637
2382 4 2 1 1 305 1131 304 1783
2383 4 2 1 1 1135 1277 1042 1527
2384 4 2 1 1 1143 1004 1408 1594
2385 4 2 1 1 669 1145 1515 1554
2386 4 2 1 1 1132 1553 1403 1579
2387 4 2 1 1 1410 1437 1124 1628
2388 4 2 1 1 280 625 369 1236
2389 4 2 1 1 1114 1392 1364 1784
2390 4 2 1 1 1158 1379 261 1601
2391 4 2 1 1 1033 1465 1261 1695
2392 4 2 1 1 1050 1178 1293 1732
2393 4 2 1 1 1050 1274 1178 1732
2394 4 2 1 1 1042 1277 1149 1520
2395 4 2 1 1 882 1387 839 1598
2396 4 2 1 1 358 1292 1408 1618
2397 4 2 1 1 426 1425 1260 1567
2398 4 2 1 1 999 1183 1450 1676
2399 4 2 1 1 1329 1348 1125 1448
2400 4 2 1 1 1060 1608 1461 1686
2401 4 2 1 1 158 157 1297 1712
2402 4 2 1 1 1227 1375 1265 1464
2403 4 2 1 1 1083 1483 1445 1514
2404 4 2 1 1 989 1402 1205 1450
2405 4 2 1 1 429 466 684 1162
2406 4 2 1 1 1066 1268 1170 1703
2407 4 2 1 1 1031 1480 1301 1566
2408 4 2 1 1 1023 1283 1447 1530
2409 4 2 1 1 1153 1209 1071 1629
2410 4 2 1 1 1008 1224 1268 1737
2411 4 2 1 1 1128 1015 1317 1765
2412 4 2 1 1 343 1165 485 1607
2413 4 2 1 1 1120 1310 829 1707
2414 4 2 1 1 1221 1110 1385 1581
2415 4 2 1 1 1048 1274 1178 1409
2416 4 2 1 1 712 1364 657 1657
2417 4 2 1 1 1132 1253 1052 1553
2418 4 2 1 1 984 1416 1483 1623
2419 4 2 1 1 822 1137 1556 1612
2420 4 2 1 1 1099 1417 1404 1713
2421 4 2 1 1 741 870 743 1516
2422 4 2 1 1 1129 1269 1259 1656
2423 4 2 1 1 1425 1449 353 1764
2424 4 2 1 1 998 1555 1262 1640
2425 4 2 1 1 225 1115 487 1576
2426 4 2 1 1 475 1207 1458 1541
2427 4 2 1 1 45 1380 1694 1703
2428 4 2 1 1 1044 1475 1215 1564
2429 4 2 1 1 1049 1226 1180 1572
2430 4 2 1 1 542 543 250 1132
2431 4 2 1 1 1176 1007 1241 1666
2432 4 2 1 1 630 1180 1478 1572
2433 4 2 1 1 374 1370 1547 1578
2434 4 2 1 1 287 324 252 1751
2435 4 2 1 1 1188 1289 1085 1724
2436 4 2 1 1 1145 1009 1257 1674
2437 4 2 1 1 1025 1223 1420 1469
2438 4 2 1 1 1016 1354 1280 1382
2439 4 2 1 1 855 824 821 1612
2440 4 2 1 1 1072 1571 1186 1640
2441 4 2 1 1 1119 1466 1160 1677
2442 4 2 1 1 1001 1132 1517 1625
2443 4 2 1 1 125 1399 1133 1573
2444 4 2 1 1 1326 1353 1041 1443
2445 4 2 1 1 1101 1270 1264 1608
2446 4 2 1 1 952 969 1535 1740
2447 4 2 1 1 1108 1575 1359 1634
2448 4 2 1 1 1151 1359 1108 1575
2449 4 2 1 1 994 1225 1375 1698
2450 4 2 1 1 45 1268 1380 1703
2451 4 2 1 1 1082 1303 1011 1530
2452 4 2 1 1 986 1435 1123 1436
2453 4 2 1 1 1004 1143 1408 1749
2454 4 2 1 1 40 1193 1423 1680
2455 4 2 1 1 794 1177 664 1729
2456 4 2 1 1 987 1428 1233 1655
2457 4 2 1 1 1037 1216 1122 1567
2458 4 2 1 1 1011 1335 1313 1770
2459 4 2 1 1 1133 1374 124 1744
2460 4 2 1 1 998 1090 1432 1671
2461 4 2 1 1 994 1147 1225 1550
2462 4 2 1 1 1082 1146 1508 1595
2463 4 2 1 1 1017 1160 1233 1677
2464 4 2 1 1 1275 1385 1110 1581
2465 4 2 1 1 320 1276 319 1417
2466 4 2 1 1 1114 1057 1371 1511
2467 4 2 1 1 642 204 575 1340
2468 4 2 1 1 577 578 599 1565
2469 4 2 1 1 1173 1363 1012 1646
2470 4 2 1 1 1061 1207 1486 1541
2471 4 2 1 1 368 1543 1322 1587
2472 4 2 1 1 1001 1132 1382 1517
2473 4 2 1 1 831 1251 855 1387
2474 4 2 1 1 403 450 1259 1626
2475 4 2 1 1 1037 1119 1429 1544
2476 4 2 1 1 279 1417 500 1418
2477 4 2 1 1 1276 1417 1014 1554
2478 4 2 1 1 1405 35 1605 1724
2479 4 2 1 1 982 1359 1575 1634
2480 4 2 1 1 1275 1277 1110 1385
2481 4 2 1 1 1440 1464 1040 1512
2482 4 2 1 1 313 1572 398 1673
2483 4 2 1 1 581 1622 1348 1742
2484 4 2 1 1 982 1217 1586 1776
2485 4 2 1 1 1140 1370 1657 1676
2486 4 2 1 1 1144 1515 1145 1554
2487 4 2 1 1 985 1244 1095 1426
2488 4 2 1 1 909 908 1326 1443
2489 4 2 1 1 1140 1046 1370 1676
2490 4 2 1 1 862 1580 1211 1620
2491 4 2 1 1 1095 1201 1186 1367
2492 4 2 1 1 625 1477 1099 1638
2493 4 2 1 1 891 1239 84 1321
2494 4 2 1 1 1165 1206 1033 1464
2495 4 2 1 1 1008 1224 1170 1268
2496 4 2 1 1 1032 1117 1320 1535
2497 4 2 1 1 1124 1003 1244 1492
2498 4 2 1 1 1026 1441 1281 1628
2499 4 2 1 1 1000 1461 1349 1466
2500 4 2 1 1 548 556 546 1351
2501 4 2 1 1 1264 1608 1437 1686
2502 4 2 1 1 560 178 1335 1704
2503 4 2 1 1 922 1220 948 1739
2504 4 2 1 1 1095 1244 1022 1426
2505 4 2 1 1 985 1244 1124 1437
2506 4 2 1 1 1054 1438 1302 1490
2507 4 2 1 1 994 1151 1294 1481
2508 4 2 1 1 250 544 1579 1711
2509 4 2 1 1 1091 1314 1018 1352
2510 4 2 1 1 103 626 474 1541
2511 4 2 1 1 370 369 1521 1717
2512 4 2 1 1 1115 1618 1408 1675
2513 4 2 1 1 814 858 877 1177
2514 4 2 1 1 990 1302 1249 1668
2515 4 2 1 1 1083 1514 1219 1528
2516 4 2 1 1 343 485 346 1607
2517 4 2 1 1 351 355 324 1289
2518 4 2 1 1 1121 1440 926 1512
2519 4 2 1 1 891 84 970 1321
2520 4 2 1 1 1181 1621 1218 1691
2521 4 2 1 1 542 1132 250 1579
2522 4 2 1 1 1001 1223 1118 1382
2523 4 2 1 1 458 354 1203 1449
2524 4 2 1 1 1205 1450 1402 1549
2525 4 2 1 1 990 1109 1327 1597
2526 4 2 1 1 1195 1563 1648 1705
2527 4 2 1 1 1159 1561 1330 1635
2528 4 2 1 1 1261 1563 1195 1695
2529 4 2 1 1 590 162 680 1163
2530 4 2 1 1 199 622 636 1446
2531 4 2 1 1 1024 1561 1419 1635
2532 4 2 1 1 1121 1033 1384 1440
2533 4 2 1 1 1051 1091 1352 1604
2534 4 2 1 1 94 868 671 1389
2535 4 2 1 1 228 227 608 1372
2536 4 2 1 1 1018 1174 1310 1582
2537 4 2 1 1 1052 1517 1132 1625
2538 4 2 1 1 1160 1436 1060 1615
2539 4 2 1 1 882 1204 1387 1598
2540 4 2 1 1 456 1624 460 1626
2541 4 2 1 1 983 1385 1101 1461
2542 4 2 1 1 219 321 1487 1784
2543 4 2 1 1 560 178 176 1335
2544 4 2 1 1 1096 1223 1615 1686
2545 4 2 1 1 1236 1521 369 1717
2546 4 2 1 1 1184 1232 1006 1659
2547 4 2 1 1 808 863 1203 1345
2548 4 2 1 1 1055 1563 1261 1695
2549 4 2 1 1 1004 1182 1292 1396
2550 4 2 1 1 1130 1486 1381 1541
2551 4 2 1 1 1055 1172 1442 1465
2552 4 2 1 1 953 1300 935 1440
2553 4 2 1 1 1273 1407 1167 1562
2554 4 2 1 1 1120 1026 1360 1692
2555 4 2 1 1 410 711 582 1138
2556 4 2 1 1 357 1408 1115 1618
2557 4 2 1 1 262 1333 1158 1529
2558 4 2 1 1 547 1204 1351 1506
2559 4 2 1 1 455 1314 1213 1654
2560 4 2 1 1 534 1279 1318 1500
2561 4 2 1 1 162 1163 590 1570
2562 4 2 1 1 989 1183 1205 1532
2563 4 2 1 1 1191 1214 1001 1579
2564 4 2 1 1 985 1244 1426 1718
2565 4 2 1 1 570 559 415 1332
2566 4 2 1 1 1017 1240 1137 1414
2567 4 2 1 1 133 1178 1273 1665
2568 4 2 1 1 211 363 574 1146
2569 4 2 1 1 832 1310 1174 1582
2570 4 2 1 1 1016 1280 1351 1506
2571 4 2 1 1 1445 1483 1106 1514
2572 4 2 1 1 1413 1629 1153 1683
2573 4 2 1 1 1353 1550 1147 1739
2574 4 2 1 1 1051 1482 1120 1497
2575 4 2 1 1 982 1537 1109 1776
2576 4 2 1 1 1117 1024 1330 1561
2577 4 2 1 1 262 1333 633 1515
2578 4 2 1 1 1148 1227 1005 1563
2579 4 2 1 1 862 889 1211 1580
2580 4 2 1 1 1051 1479 1319 1744
2581 4 2 1 1 1055 1648 1563 1705
2582 4 2 1 1 292 291 1154 1578
2583 4 2 1 1 1024 1359 1218 1621
2584 4 2 1 1 432 1364 240 1534
2585 4 2 1 1 1107 1431 1228 1484
2586 4 2 1 1 680 590 1163 1447
2587 4 2 1 1 1142 1671 1262 1733
2588 4 2 1 1 388 389 386 1400
2589 4 2 1 1 1093 1141 1284 1537
2590 4 2 1 1 1013 1537 1284 1569
2591 4 2 1 1 229 1191 230 1403
2592 4 2 1 1 1040 1346 1079 1758
2593 4 2 1 1 110 41 42 1423
2594 4 2 1 1 1004 1396 1292 1594
2595 4 2 1 1 243 1403 244 1553
2596 4 2 1 1 1262 1671 998 1733
2597 4 2 1 1 1078 1475 1252 1564
2598 4 2 1 1 1171 1299 1018 1636
2599 4 2 1 1 259 1379 258 1463
2600 4 2 1 1 910 1353 908 1443
2601 4 2 1 1 1128 1510 316 1765
2602 4 2 1 1 1076 1304 1157 1388
2603 4 2 1 1 1153 1629 1413 1694
2604 4 2 1 1 299 1252 496 1736
2605 4 2 1 1 1164 1025 1322 1587
2606 4 2 1 1 234 229 230 1403
2607 4 2 1 1 1307 1687 1266 1786
2608 4 2 1 1 963 895 101 1206
2609 4 2 1 1 1005 1607 1195 1695
2610 4 2 1 1 1005 1229 1165 1758
2611 4 2 1 1 1165 482 1489 1699
2612 4 2 1 1 1021 1192 1152 1406
2613 4 2 1 1 1116 1248 1009 1504
2614 4 2 1 1 224 1191 229 1579
2615 4 2 1 1 1214 1372 1191 1571
2616 4 2 1 1 396 1292 1182 1649
2617 4 2 1 1 1136 1303 1238 1491
2618 4 2 1 1 1430 1750 1235 1753
2619 4 2 1 1 456 1311 460 1624
2620 4 2 1 1 1015 1100 1287 1439
2621 4 2 1 1 368 619 648 1164
2622 4 2 1 1 856 866 1207 1458
2623 4 2 1 1 1142 1009 1416 1504
2624 4 2 1 1 985 1361 1253 1723
2625 4 2 1 1 314 312 407 1166
2626 4 2 1 1 485 1165 346 1607
2627 4 2 1 1 939 918 924 1159
2628 4 2 1 1 1022 1426 1318 1783
2629 4 2 1 1 1178 1274 1050 1665
2630 4 2 1 1 718 712 657 1657
2631 4 2 1 1 1130 762 1381 1631
2632 4 2 1 1 1020 1173 1305 1412
2633 4 2 1 1 990 1246 1660 1713
2634 4 2 1 1 1232 1282 1164 1610
2635 4 2 1 1 1250 1426 1022 1783
2636 4 2 1 1 983 1347 1110 1752
2637 4 2 1 1 1220 1739 922 1777
2638 4 2 1 1 582 1138 711 1551
2639 4 2 1 1 1052 1253 1132 1517
2640 4 2 1 1 1164 1282 1232 1401
2641 4 2 1 1 561 467 468 1335
2642 4 2 1 1 285 1341 429 1525
2643 4 2 1 1 232 1651 287 1751
2644 4 2 1 1 1293 1385 1107 1667
2645 4 2 1 1 1038 1588 1130 1591
2646 4 2 1 1 1063 1602 1234 1622
2647 4 2 1 1 630 1478 1226 1572
2648 4 2 1 1 1019 1141 1200 1669
2649 4 2 1 1 1164 1339 1025 1587
2650 4 2 1 1 211 1146 574 1617
2651 4 2 1 1 984 1416 1248 1759
2652 4 2 1 1 253 594 397 1719
2653 4 2 1 1 994 1108 1265 1294
2654 4 2 1 1 1058 1377 1253 1630
2655 4 2 1 1 292 1154 1370 1578
2656 4 2 1 1 228 608 317 1365
2657 4 2 1 1 1288 1641 1503 1664
2658 4 2 1 1 1099 990 1404 1668
2659 4 2 1 1 983 1461 1096 1752
2660 4 2 1 1 1592 1639 1092 1770
2661 4 2 1 1 1103 1328 1505 1647
2662 4 2 1 1 1361 1630 1253 1723
2663 4 2 1 1 38 523 521 1241
2664 4 2 1 1 228 1365 317 1727
2665 4 2 1 1 1096 1349 1461 1466
2666 4 2 1 1 366 246 1491 1595
2667 4 2 1 1 382 599 344 1531
2668 4 2 1 1 237 1198 589 1765
2669 4 2 1 1 1024 1359 1559 1698
2670 4 2 1 1 1142 1242 1042 1416
2671 4 2 1 1 1107 1264 1201 1706
2672 4 2 1 1 1262 1508 1162 1671
2673 4 2 1 1 1033 1206 1165 1489
2674 4 2 1 1 1122 1216 1451 1785
2675 4 2 1 1 1084 1442 1284 1569
2676 4 2 1 1 1042 1149 1277 1431
2677 4 2 1 1 238 1317 579 1455
2678 4 2 1 1 1016 1177 1377 1711
2679 4 2 1 1 1119 1045 1260 1429
2680 4 2 1 1 1404 1417 1099 1418
2681 4 2 1 1 640 1338 1245 1716
2682 4 2 1 1 1086 1396 1111 1474
2683 4 2 1 1 547 1204 748 1351
2684 4 2 1 1 1045 1429 1119 1606
2685 4 2 1 1 49 1325 1399 1583
2686 4 2 1 1 1129 1064 1507 1720
2687 4 2 1 1 1277 1385 1275 1667
2688 4 2 1 1 468 1238 560 1335
2689 4 2 1 1 1025 1322 1658 1734
2690 4 2 1 1 1116 1376 1199 1558
2691 4 2 1 1 1070 1220 1550 1739
2692 4 2 1 1 1074 1438 1356 1682
2693 4 2 1 1 1000 1233 1160 1677
2694 4 2 1 1 946 1353 1147 1739
2695 4 2 1 1 566 1627 1122 1785
2696 4 2 1 1 388 1175 389 1400
2697 4 2 1 1 565 360 1599 1736
2698 4 2 1 1 1284 1442 1013 1569
2699 4 2 1 1 1205 1476 1043 1660
2700 4 2 1 1 1328 1439 1068 1647
2701 4 2 1 1 1259 1269 1032 1656
2702 4 2 1 1 1091 1018 1314 1492
2703 4 2 1 1 1216 1451 1390 1523
2704 4 2 1 1 1069 1592 1343 1650
2705 4 2 1 1 37 38 1241 1507
2706 4 2 1 1 1144 1498 1014 1554
2707 4 2 1 1 758 1207 1381 1516
2708 4 2 1 1 853 1207 866 1516
2709 4 2 1 1 132 1407 1178 1584
2710 4 2 1 1 1176 1278 510 1495
2711 4 2 1 1 1120 1026 1281 1360
2712 4 2 1 1 590 1163 1447 1570
2713 4 2 1 1 286 292 291 1154
2714 4 2 1 1 1032 1424 1212 1663
2715 4 2 1 1 1031 1301 1197 1749
2716 4 2 1 1 413 339 417 1394
2717 4 2 1 1 1116 1248 1376 1558
2718 4 2 1 1 262 1158 263 1529
2719 4 2 1 1 1074 1483 1242 1623
2720 4 2 1 1 511 1256 1185 1757
2721 4 2 1 1 1093 982 1359 1538
2722 4 2 1 1 1053 1354 1123 1451
2723 4 2 1 1 1038 1130 1588 1631
2724 4 2 1 1 1063 1530 1163 1570
2725 4 2 1 1 1020 1097 1271 1363
2726 4 2 1 1 1102 1453 1072 1658
2727 4 2 1 1 987 1233 1428 1591
2728 4 2 1 1 105 49 1325 1399
2729 4 2 1 1 1168 1380 1268 1472
2730 4 2 1 1 1413 1534 1071 1683
2731 4 2 1 1 1159 1419 1561 1635
2732 4 2 1 1 756 1326 1485 1728
2733 4 2 1 1 1147 1739 1220 1777
2734 4 2 1 1 994 1375 1147 1632
2735 4 2 1 1 145 148 614 1337
2736 4 2 1 1 1203 1449 1017 1516
2737 4 2 1 1 1202 1025 1339 1587
2738 4 2 1 1 1076 1145 1542 1554
2739 4 2 1 1 1132 1253 1016 1382
2740 4 2 1 1 998 1186 1555 1640
2741 4 2 1 1 1124 1270 987 1608
2742 4 2 1 1 500 279 378 1417
2743 4 2 1 1 1122 1451 1390 1785
2744 4 2 1 1 1044 1329 1125 1448
2745 4 2 1 1 224 228 1191 1372
2746 4 2 1 1 1244 1298 1062 1718
2747 4 2 1 1 566 1122 1459 1785
2748 4 2 1 1 762 626 1130 1381
2749 4 2 1 1 613 1322 368 1543
2750 4 2 1 1 1118 986 1615 1628
2751 4 2 1 1 542 250 234 1579
2752 4 2 1 1 987 1120 1352 1441
2753 4 2 1 1 455 1636 1314 1654
2754 4 2 1 1 1429 1466 1119 1606
2755 4 2 1 1 1413 1683 1153 1694
2756 4 2 1 1 1227 1375 1464 1635
2757 4 2 1 1 266 1258 1529 1672
2758 4 2 1 1 1313 1335 1103 1770
2759 4 2 1 1 1318 1426 1131 1783
2760 4 2 1 1 510 1278 1176 1666
2761 4 2 1 1 1002 1219 1514 1528
2762 4 2 1 1 782 580 448 1787
2763 4 2 1 1 1008 1168 1732 1737
2764 4 2 1 1 193 1184 524 1659
2765 4 2 1 1 313 1495 1572 1673
2766 4 2 1 1 997 1088 1378 1501
2767 4 2 1 1 1316 1568 310 1648
2768 4 2 1 1 1195 1088 1563 1705
2769 4 2 1 1 986 1123 1354 1451
2770 4 2 1 1 992 1315 1453 1645
2771 4 2 1 1 143 144 145 1257
2772 4 2 1 1 165 1157 714 1697
2773 4 2 1 1 1306 1326 1041 1485
2774 4 2 1 1 1279 1393 1150 1731
2775 4 2 1 1 605 534 1279 1714
2776 4 2 1 1 1043 1152 1519 1660
2777 4 2 1 1 398 1263 399 1673
2778 4 2 1 1 1168 1266 1687 1786
2779 4 2 1 1 1091 1051 1427 1604
2780 4 2 1 1 1164 1025 1420 1734
2781 4 2 1 1 1052 1288 1253 1641
2782 4 2 1 1 997 1179 1475 1768
2783 4 2 1 1 938 969 937 1295
2784 4 2 1 1 1255 1505 1103 1750
2785 4 2 1 1 736 1190 94 1389
2786 4 2 1 1 990 1302 1099 1713
2787 4 2 1 1 1048 1270 1101 1428
2788 4 2 1 1 917 1336 921 1561
2789 4 2 1 1 1205 1490 1450 1549
2790 4 2 1 1 1147 1698 1225 1788
2791 4 2 1 1 500 378 639 1144
2792 4 2 1 1 1067 1354 1351 1616
2793 4 2 1 1 516 1235 515 1505
2794 4 2 1 1 233 689 687 1584
2795 4 2 1 1 374 443 772 1657
2796 4 2 1 1 558 294 1247 1509
2797 4 2 1 1 1162 1262 1035 1369
2798 4 2 1 1 1288 1377 540 1553
2799 4 2 1 1 316 385 315 1368
2800 4 2 1 1 422 506 562 1485
2801 4 2 1 1 205 1421 206 1444
2802 4 2 1 1 1262 1453 992 1640
2803 4 2 1 1 1005 1127 1334 1748
2804 4 2 1 1 1326 1619 1111 1728
2805 4 2 1 1 1001 1186 1571 1625
2806 4 2 1 1 1008 1170 1224 1452
2807 4 2 1 1 272 1226 630 1478
2808 4 2 1 1 293 326 331 1139
2809 4 2 1 1 190 191 1187 1430
2810 4 2 1 1 1120 1281 1026 1441
2811 4 2 1 1 991 1228 1431 1484
2812 4 2 1 1 46 47 97 1268
2813 4 2 1 1 1027 1355 1153 1789
2814 4 2 1 1 1323 1663 1075 1708
2815 4 2 1 1 1015 1334 1127 1748
2816 4 2 1 1 927 928 950 1535
2817 4 2 1 1 1082 1447 1283 1530
2818 4 2 1 1 84 1239 711 1321
2819 4 2 1 1 1138 1321 1070 1368
2820 4 2 1 1 614 1337 148 1767
2821 4 2 1 1 1164 1006 1232 1659
2822 4 2 1 1 919 1121 1512 1777
2823 4 2 1 1 855 1387 1123 1523
2824 4 2 1 1 707 710 165 1388
2825 4 2 1 1 1038 1170 1470 1581
2826 4 2 1 1 1005 1165 1607 1695
2827 4 2 1 1 351 770 355 1289
2828 4 2 1 1 703 708 292 1397
2829 4 2 1 1 1250 1545 1426 1783
2830 4 2 1 1 430 285 429 1525
2831 4 2 1 1 901 1405 957 1600
2832 4 2 1 1 1380 1472 1168 1687
2833 4 2 1 1 1071 1153 1629 1683
2834 4 2 1 1 1033 1316 1261 1465
2835 4 2 1 1 1356 1438 1014 1682
2836 4 2 1 1 985 1124 1298 1410
2837 4 2 1 1 190 1430 1187 1753
2838 4 2 1 1 1078 1334 1127 1475
2839 4 2 1 1 947 1085 1499 1745
2840 4 2 1 1 650 1119 336 1533
2841 4 2 1 1 1203 1017 1414 1516
2842 4 2 1 1 1186 1201 998 1577
2843 4 2 1 1 246 1491 1595 1722
2844 4 2 1 1 305 338 304 1131
2845 4 2 1 1 984 1156 1416 1759
2846 4 2 1 1 229 224 228 1191
2847 4 2 1 1 782 580 1126 1661
2848 4 2 1 1 1191 1403 229 1579
2849 4 2 1 1 1152 1179 1222 1759
2850 4 2 1 1 1012 1115 1301 1646
2851 4 2 1 1 1124 1437 1264 1608
2852 4 2 1 1 845 886 1389 1580
2853 4 2 1 1 1495 1572 1166 1638
2854 4 2 1 1 987 1281 1120 1441
2855 4 2 1 1 377 129 1274 1710
2856 4 2 1 1 1349 1461 1110 1752
2857 4 2 1 1 1125 1044 1448 1738
2858 4 2 1 1 832 1174 833 1395
2859 4 2 1 1 1034 1396 1086 1474
2860 4 2 1 1 1121 1464 1375 1635
2861 4 2 1 1 1071 1657 1254 1683
2862 4 2 1 1 1135 1277 1275 1667
2863 4 2 1 1 49 1399 48 1583
2864 4 2 1 1 1253 1382 1132 1517
2865 4 2 1 1 476 1207 810 1458
2866 4 2 1 1 1421 1453 1146 1536
2867 4 2 1 1 613 368 1322 1587
2868 4 2 1 1 991 1431 1107 1484
2869 4 2 1 1 358 1182 396 1292
2870 4 2 1 1 805 1213 100 1479
2871 4 2 1 1 616 1286 222 1576
2872 4 2 1 1 1206 1489 482 1699
2873 4 2 1 1 625 369 1236 1477
2874 4 2 1 1 1198 1439 1125 1446
2875 4 2 1 1 1101 1038 1428 1655
2876 4 2 1 1 1001 1214 1191 1571
2877 4 2 1 1 260 261 262 1379
2878 4 2 1 1 1110 1349 1221 1461
2879 4 2 1 1 1053 1459 1351 1616
2880 4 2 1 1 1236 1417 1276 1717
2881 4 2 1 1 1054 1099 1302 1713
2882 4 2 1 1 323 302 1202 1459
2883 4 2 1 1 543 1132 542 1711
2884 4 2 1 1 773 438 1357 1413
2885 4 2 1 1 482 1165 485 1699
2886 4 2 1 1 1146 1536 1453 1617
2887 4 2 1 1 1119 1449 1425 1764
2888 4 2 1 1 1183 1450 1205 1490
2889 4 2 1 1 205 604 207 1722
2890 4 2 1 1 1004 1412 1105 1747
2891 4 2 1 1 741 743 458 1516
2892 4 2 1 1 1531 1599 360 1736
2893 4 2 1 1 815 1216 667 1390
2894 4 2 1 1 457 1203 354 1425
2895 4 2 1 1 1172 1323 1075 1661
2896 4 2 1 1 543 250 1132 1711
2897 4 2 1 1 463 1425 426 1567
2898 4 2 1 1 1512 1632 1220 1777
2899 4 2 1 1 1183 1205 1089 1490
2900 4 2 1 1 209 1097 1494 1637
2901 4 2 1 1 1049 1569 1141 1597
2902 4 2 1 1 1030 1509 1247 1560
2903 4 2 1 1 265 1601 1208 1672
2904 4 2 1 1 1080 1232 1331 1557
2905 4 2 1 1 1102 1072 1469 1658
2906 4 2 1 1 1046 1657 1370 1676
2907 4 2 1 1 985 1298 1244 1718
2908 4 2 1 1 1066 1629 1472 1789
2909 4 2 1 1 901 947 957 1405
2910 4 2 1 1 1068 1439 1198 1446
2911 4 2 1 1 1013 1378 1258 1705
2912 4 2 1 1 874 805 100 1479
2913 4 2 1 1 1286 1020 1546 1675
2914 4 2 1 1 1295 1320 1032 1663
2915 4 2 1 1 250 1579 1132 1711
2916 4 2 1 1 1000 1245 1189 1677
2917 4 2 1 1 1155 989 1308 1363
2918 4 2 1 1 1138 1632 1551 1633
2919 4 2 1 1 631 1169 586 1689
2920 4 2 1 1 1083 1303 1342 1589
2921 4 2 1 1 992 1262 1267 1508
2922 4 2 1 1 1011 1342 1303 1589
2923 4 2 1 1 441 1306 662 1643
2924 4 2 1 1 471 472 473 1600
2925 4 2 1 1 605 609 534 1714
2926 4 2 1 1 1144 1246 1498 1766
2927 4 2 1 1 1194 1246 1014 1623
2928 4 2 1 1 1144 1404 1246 1766
2929 4 2 1 1 265 564 1208 1601
2930 4 2 1 1 287 1422 1094 1651
2931 4 2 1 1 1085 1289 1034 1290
2932 4 2 1 1 668 891 968 1239
2933 4 2 1 1 1185 1256 511 1678
2934 4 2 1 1 1246 1089 1660 1713
2935 4 2 1 1 810 1207 866 1458
2936 4 2 1 1 1309 1556 1137 1612
2937 4 2 1 1 1013 1148 1284 1537
2938 4 2 1 1 242 291 1271 1637
2939 4 2 1 1 985 1253 1118 1723
2940 4 2 1 1 1152 1021 1376 1558
2941 4 2 1 1 846 1213 847 1310
2942 4 2 1 1 1100 1575 1217 1586
2943 4 2 1 1 1006 1164 1232 1401
2944 4 2 1 1 1145 1257 1009 1522
2945 4 2 1 1 1351 1354 1053 1616
2946 4 2 1 1 1211 1415 804 1433
2947 4 2 1 1 1461 1466 1060 1615
2948 4 2 1 1 1099 1054 1302 1477
2949 4 2 1 1 997 1378 1272 1501
2950 4 2 1 1 1088 1208 1158 1672
2951 4 2 1 1 1180 1226 1327 1478
2952 4 2 1 1 192 1296 1434 1613
2953 4 2 1 1 1026 1123 1436 1612
2954 4 2 1 1 1024 1218 1359 1698
2955 4 2 1 1 366 364 246 1595
2956 4 2 1 1 1138 1220 1070 1321
2957 4 2 1 1 1036 1167 1279 1350
2958 4 2 1 1 1241 1507 1064 1720
2959 4 2 1 1 211 1595 1146 1722
2960 4 2 1 1 949 934 1362 1512
2961 4 2 1 1 1035 1365 1087 1555
2962 4 2 1 1 190 191 194 1187
2963 4 2 1 1 1153 1355 1209 1789
2964 4 2 1 1 1119 1260 1045 1533
2965 4 2 1 1 518 1325 49 1583
2966 4 2 1 1 1028 1255 1639 1770
2967 4 2 1 1 1000 1189 1588 1677
2968 4 2 1 1 756 1326 507 1485
2969 4 2 1 1 234 229 1403 1579
2970 4 2 1 1 1023 1447 1525 1530
2971 4 2 1 1 337 1189 597 1381
2972 4 2 1 1 1126 1700 1300 1787
2973 4 2 1 1 1057 1511 1219 1679
2974 4 2 1 1 1094 1502 324 1751
2975 4 2 1 1 358 254 1182 1618
2976 4 2 1 1 470 1188 104 1488
2977 4 2 1 1 1046 1450 1696 1756
2978 4 2 1 1 817 1216 1390 1523
2979 4 2 1 1 1013 1272 1148 1537
2980 4 2 1 1 1042 1277 1520 1527
2981 4 2 1 1 452 1299 1190 1688
2982 4 2 1 1 1060 1466 1160 1615
2983 4 2 1 1 1035 1372 1102 1571
2984 4 2 1 1 1075 1320 1295 1663
2985 4 2 1 1 669 383 697 1554
2986 4 2 1 1 1311 1535 1032 1740
2987 4 2 1 1 1018 1190 1395 1582
2988 4 2 1 1 1198 1439 1015 1455
2989 4 2 1 1 775 1140 772 1609
2990 4 2 1 1 935 1440 1300 1642
2991 4 2 1 1 1268 1380 1168 1687
2992 4 2 1 1 993 1125 1439 1647
2993 4 2 1 1 525 216 605 1279
2994 4 2 1 1 1054 1438 1236 1713
2995 4 2 1 1 1171 1018 1314 1636
2996 4 2 1 1 1069 1308 1097 1494
2997 4 2 1 1 1008 1732 1224 1737
2998 4 2 1 1 1108 994 1265 1375
2999 4 2 1 1 1194 1009 1248 1416
3000 4 2 1 1 1141 1537 1093 1538
3001 4 2 1 1 131 130 1178 1409
3002 4 2 1 1 1020 1412 1286 1646
3003 4 2 1 1 961 673 678 1285
3004 4 2 1 1 1143 1481 1031 1749
3005 4 2 1 1 629 432 240 1534
3006 4 2 1 1 496 299 592 1252
3007 4 2 1 1 1119 1606 1466 1677
3008 4 2 1 1 1284 1537 1141 1569
3009 4 2 1 1 1150 1237 998 1577
3010 4 2 1 1 1042 1431 1135 1596
3011 4 2 1 1 838 1240 830 1774
3012 4 2 1 1 1033 1316 1126 1787
3013 4 2 1 1 930 1306 1353 1739
3014 4 2 1 1 368 1164 648 1543
3015 4 2 1 1 1305 1402 1363 1763
3016 4 2 1 1 1094 1286 1546 1675
3017 4 2 1 1 1148 1284 1093 1559
3018 4 2 1 1 1221 1452 1038 1581
3019 4 2 1 1 1275 1277 1135 1527
3020 4 2 1 1 1093 996 1330 1559
3021 4 2 1 1 961 899 673 1285
3022 4 2 1 1 1187 1430 1235 1753
3023 4 2 1 1 996 1227 1465 1635
3024 4 2 1 1 629 240 1371 1534
3025 4 2 1 1 1240 1482 830 1774
3026 4 2 1 1 985 1253 1361 1641
3027 4 2 1 1 1182 1396 1034 1649
3028 4 2 1 1 1007 1669 1176 1720
3029 4 2 1 1 1149 1201 1706 1733
3030 4 2 1 1 353 1119 650 1425
3031 4 2 1 1 1091 1051 1352 1427
3032 4 2 1 1 457 458 354 1203
3033 4 2 1 1 1038 1170 1452 1583
3034 4 2 1 1 707 1276 595 1388
3035 4 2 1 1 1155 1328 1308 1650
3036 4 2 1 1 1091 1409 1048 1644
3037 4 2 1 1 563 1197 423 1471
3038 4 2 1 1 1183 1696 1450 1756
3039 4 2 1 1 1244 1264 1124 1437
3040 4 2 1 1 493 695 406 1670
3041 4 2 1 1 336 1533 1119 1764
3042 4 2 1 1 1058 1361 1641 1664
3043 4 2 1 1 1052 1132 1403 1625
3044 4 2 1 1 741 1203 457 1345
3045 4 2 1 1 1023 1525 1163 1530
3046 4 2 1 1 1010 1448 1210 1454
3047 4 2 1 1 1192 1574 997 1768
3048 4 2 1 1 1024 1117 1336 1561
3049 4 2 1 1 1272 1378 1088 1501
3050 4 2 1 1 1067 1616 1459 1653
3051 4 2 1 1 173 172 174 1348
3052 4 2 1 1 1252 1475 1044 1564
3053 4 2 1 1 1317 1334 1079 1565
3054 4 2 1 1 589 237 170 1455
3055 4 2 1 1 1010 1376 1152 1406
3056 4 2 1 1 1319 865 1482 1774
3057 4 2 1 1 1080 1603 1349 1606
3058 4 2 1 1 1200 1305 1105 1769
3059 4 2 1 1 990 1099 1404 1713
3060 4 2 1 1 201 218 203 1557
3061 4 2 1 1 964 665 116 1326
3062 4 2 1 1 812 112 879 1204
3063 4 2 1 1 1049 1141 1569 1669
3064 4 2 1 1 262 261 263 1158
3065 4 2 1 1 1121 1419 1159 1635
3066 4 2 1 1 1073 1402 1193 1467
3067 4 2 1 1 602 129 131 1665
3068 4 2 1 1 450 1259 704 1685
3069 4 2 1 1 1319 1458 865 1774
3070 4 2 1 1 983 1095 1373 1686
3071 4 2 1 1 1016 1177 1493 1630
3072 4 2 1 1 370 371 372 1521
3073 4 2 1 1 615 635 387 1400
3074 4 2 1 1 1141 1049 1597 1669
3075 4 2 1 1 618 1256 1521 1678
3076 4 2 1 1 293 1139 331 1534
3077 4 2 1 1 850 830 838 1240
3078 4 2 1 1 565 1599 1208 1736
3079 4 2 1 1 555 1351 552 1459
3080 4 2 1 1 1021 1246 1192 1766
3081 4 2 1 1 920 1117 1535 1561
3082 4 2 1 1 1230 1411 1258 1772
3083 4 2 1 1 1019 1176 1386 1673
3084 4 2 1 1 403 450 704 1685
3085 4 2 1 1 421 1199 258 1379
3086 4 2 1 1 1109 1574 1192 1768
3087 4 2 1 1 1091 1352 1018 1492
3088 4 2 1 1 1078 1252 1208 1736
3089 4 2 1 1 1015 1100 1439 1566
3090 4 2 1 1 1036 1107 1484 1562
3091 4 2 1 1 999 1490 1183 1496
3092 4 2 1 1 722 779 1462 1661
3093 4 2 1 1 1069 1196 1430 1701
3094 4 2 1 1 1140 1547 1423 1609
3095 4 2 1 1 495 299 1208 1601
3096 4 2 1 1 1150 1332 1237 1585
3097 4 2 1 1 1027 1307 1256 1682
3098 4 2 1 1 678 1285 676 1290
3099 4 2 1 1 349 1316 1172 1568
3100 4 2 1 1 346 1165 1489 1607
3101 4 2 1 1 1142 1267 1262 1508
3102 4 2 1 1 1186 1555 1087 1577
3103 4 2 1 1 1037 1260 1122 1429
3104 4 2 1 1 1113 1026 1383 1723
3105 4 2 1 1 984 1222 1460 1759
3106 4 2 1 1 1110 1277 1275 1527
3107 4 2 1 1 839 1387 1523 1598
3108 4 2 1 1 1460 1514 1098 1519
3109 4 2 1 1 736 452 1190 1688
3110 4 2 1 1 429 1283 526 1525
3111 4 2 1 1 993 1448 1647 1726
3112 4 2 1 1 518 49 48 1583
3113 4 2 1 1 871 889 804 1211
3114 4 2 1 1 580 1316 1126 1661
3115 4 2 1 1 1133 1427 124 1573
3116 4 2 1 1 984 1514 1460 1519
3117 4 2 1 1 516 300 515 1235
3118 4 2 1 1 100 1213 750 1479
3119 4 2 1 1 983 1277 1110 1347
3120 4 2 1 1 993 1647 1328 1726
3121 4 2 1 1 642 563 514 1197
3122 4 2 1 1 1000 1606 1245 1677
3123 4 2 1 1 480 346 1489 1607
3124 4 2 1 1 1285 1502 1034 1649
3125 4 2 1 1 1205 1302 1089 1490
3126 4 2 1 1 1039 1302 1205 1490
3127 4 2 1 1 668 1239 968 1362
3128 4 2 1 1 238 296 579 1317
3129 4 2 1 1 1245 1606 1119 1677
3130 4 2 1 1 1019 1669 1176 1673
3131 4 2 1 1 1056 1378 1192 1766
3132 4 2 1 1 1028 1328 1313 1650
3133 4 2 1 1 653 687 420 1526
3134 4 2 1 1 514 1197 563 1473
3135 4 2 1 1 1080 1245 1603 1606
3136 4 2 1 1 1144 1417 1404 1418
3137 4 2 1 1 118 732 813 1319
3138 4 2 1 1 130 1178 1409 1584
3139 4 2 1 1 1033 1126 1316 1465
3140 4 2 1 1 1027 1135 1324 1457
3141 4 2 1 1 858 883 1177 1518
3142 4 2 1 1 861 813 859 1479
3143 4 2 1 1 542 1132 1553 1711
3144 4 2 1 1 1088 1378 1258 1529
3145 4 2 1 1 551 1459 1202 1653
3146 4 2 1 1 1111 1041 1326 1728
3147 4 2 1 1 566 347 1627 1785
3148 4 2 1 1 1064 1546 1243 1763
3149 4 2 1 1 613 362 1322 1543
3150 4 2 1 1 1153 1256 1027 1380
3151 4 2 1 1 410 1138 582 1510
3152 4 2 1 1 1159 1330 1320 1663
3153 4 2 1 1 1246 1498 1014 1713
3154 4 2 1 1 1055 1316 1172 1465
3155 4 2 1 1 1232 1610 1164 1659
3156 4 2 1 1 631 586 655 1689
3157 4 2 1 1 320 319 280 1417
3158 4 2 1 1 1246 1438 1014 1623
3159 4 2 1 1 370 369 371 1521
3160 4 2 1 1 105 497 49 1399
3161 4 2 1 1 131 132 133 1178
3162 4 2 1 1 1135 1431 991 1596
3163 4 2 1 1 218 1247 241 1371
3164 4 2 1 1 1088 1378 1529 1672
3165 4 2 1 1 690 102 737 1624
3166 4 2 1 1 907 906 908 1326
3167 4 2 1 1 1214 1280 549 1715
3168 4 2 1 1 1017 1381 1130 1486
3169 4 2 1 1 1004 1301 1115 1412
3170 4 2 1 1 307 1503 535 1664
3171 4 2 1 1 1137 1309 1123 1778
3172 4 2 1 1 163 169 1564 1779
3173 4 2 1 1 534 1318 609 1500
3174 4 2 1 1 1148 1563 1005 1634
3175 4 2 1 1 1037 1451 1309 1778
3176 4 2 1 1 685 1670 493 1772
3177 4 2 1 1 659 662 898 1643
3178 4 2 1 1 1037 1260 1119 1425
3179 4 2 1 1 1026 1435 1383 1723
3180 4 2 1 1 1063 1348 1329 1448
3181 4 2 1 1 640 1245 1338 1746
3182 4 2 1 1 1046 1140 1450 1676
3183 4 2 1 1 1071 1254 1153 1683
3184 4 2 1 1 554 1390 553 1459
3185 4 2 1 1 462 1462 1126 1700
3186 4 2 1 1 875 1389 862 1620
3187 4 2 1 1 912 1353 910 1443
3188 4 2 1 1 886 862 875 1389
3189 4 2 1 1 479 1188 774 1507
3190 4 2 1 1 1038 1325 1130 1631
3191 4 2 1 1 1095 1022 1367 1426
3192 4 2 1 1 1132 1579 1403 1625
3193 4 2 1 1 269 267 1258 1478
3194 4 2 1 1 271 630 274 1180
3195 4 2 1 1 455 750 1213 1314
3196 4 2 1 1 389 388 390 1175
3197 4 2 1 1 898 975 659 1643
3198 4 2 1 1 635 1400 1358 1471
3199 4 2 1 1 1253 1361 1058 1630
3200 4 2 1 1 1225 1481 1041 1594
3201 4 2 1 1 1169 1219 1002 1528
3202 4 2 1 1 1116 1010 1376 1524
3203 4 2 1 1 607 1434 318 1689
3204 4 2 1 1 845 1389 1395 1580
3205 4 2 1 1 1038 1470 1325 1631
3206 4 2 1 1 878 1213 1479 1707
3207 4 2 1 1 992 1136 1303 1539
3208 4 2 1 1 613 362 596 1322
3209 4 2 1 1 1229 1531 1195 1607
3210 4 2 1 1 1008 1667 1385 1732
3211 4 2 1 1 1107 1293 1050 1484
3212 4 2 1 1 1193 1402 1073 1549
3213 4 2 1 1 679 688 197 1659
3214 4 2 1 1 635 1358 391 1471
3215 4 2 1 1 232 1286 1651 1751
3216 4 2 1 1 1163 1525 1447 1530
3217 4 2 1 1 475 1207 476 1458
3218 4 2 1 1 952 1535 1311 1740
3219 4 2 1 1 131 130 132 1178
3220 4 2 1 1 1009 1432 1337 1504
3221 4 2 1 1 114 893 1462 1700
3222 4 2 1 1 400 1263 406 1741
3223 4 2 1 1 1105 1305 1020 1546
3224 4 2 1 1 635 391 1400 1471
3225 4 2 1 1 1527 1560 1110 1679
3226 4 2 1 1 1031 1358 1197 1480
3227 4 2 1 1 1226 1230 1013 1772
3228 4 2 1 1 1389 1580 862 1620
3229 4 2 1 1 1049 1263 1572 1673
3230 4 2 1 1 1102 1322 1291 1536
3231 4 2 1 1 733 1185 511 1678
3232 4 2 1 1 782 1126 462 1661
3233 4 2 1 1 639 1144 378 1554
3234 4 2 1 1 558 1338 294 1509
3235 4 2 1 1 1123 1026 1383 1612
3236 4 2 1 1 1166 1572 1495 1668
3237 4 2 1 1 1328 1611 1313 1650
3238 4 2 1 1 482 346 1165 1489
3239 4 2 1 1 52 880 801 1458
3240 4 2 1 1 1125 1439 1198 1455
3241 4 2 1 1 915 1147 946 1614
3242 4 2 1 1 550 243 244 1553
3243 4 2 1 1 600 680 162 1163
3244 4 2 1 1 1186 1367 1201 1577
3245 4 2 1 1 313 398 399 1673
3246 4 2 1 1 353 336 650 1119
3247 4 2 1 1 888 881 809 1190
3248 4 2 1 1 1020 1412 1105 1546
3249 4 2 1 1 1226 1013 1478 1772
3250 4 2 1 1 693 1377 1177 1711
3251 4 2 1 1 988 1106 1445 1725
3252 4 2 1 1 1176 1495 713 1673
3253 4 2 1 1 568 1567 1260 1627
3254 4 2 1 1 982 1359 1151 1575
3255 4 2 1 1 1030 1170 1357 1581
3256 4 2 1 1 542 1553 1377 1711
3257 4 2 1 1 1257 1522 1145 1542
3258 4 2 1 1 1009 1242 1194 1522
3259 4 2 1 1 414 466 429 1162
3260 4 2 1 1 989 1205 1183 1450
3261 4 2 1 1 1015 1334 1215 1738
3262 4 2 1 1 939 940 926 1440
3263 4 2 1 1 1038 1325 1470 1583
3264 4 2 1 1 1152 1248 1194 1558
3265 4 2 1 1 1040 1239 1138 1773
3266 4 2 1 1 52 801 785 1319
3267 4 2 1 1 1056 1327 1180 1404
3268 4 2 1 1 1111 1326 1041 1443
3269 4 2 1 1 662 89 907 1306
3270 4 2 1 1 888 1190 809 1654
3271 4 2 1 1 1236 1477 369 1521
3272 4 2 1 1 1153 1629 1694 1789
3273 4 2 1 1 482 647 1206 1699
3274 4 2 1 1 494 1150 638 1500
3275 4 2 1 1 697 1542 1145 1554
3276 4 2 1 1 110 511 733 1185
3277 4 2 1 1 662 907 898 1306
3278 4 2 1 1 216 1279 525 1513
3279 4 2 1 1 1014 1417 1236 1713
3280 4 2 1 1 510 709 523 1176
3281 4 2 1 1 1343 1696 1183 1756
3282 4 2 1 1 166 638 1150 1731
3283 4 2 1 1 1337 1432 1090 1504
3284 4 2 1 1 1037 1122 1260 1567
3285 4 2 1 1 495 564 299 1601
3286 4 2 1 1 190 1235 1750 1753
3287 4 2 1 1 953 935 1384 1440
3288 4 2 1 1 1120 1281 1240 1360
3289 4 2 1 1 159 259 258 1463
3290 4 2 1 1 1048 1428 1101 1452
3291 4 2 1 1 1348 1622 1063 1742
3292 4 2 1 1 972 1462 1126 1540
3293 4 2 1 1 1258 1378 1088 1705
3294 4 2 1 1 1091 1314 1171 1492
3295 4 2 1 1 714 1157 1590 1697
3296 4 2 1 1 1095 1264 1244 1437
3297 4 2 1 1 1148 1013 1284 1442
3298 4 2 1 1 495 1208 564 1601
3299 4 2 1 1 923 924 918 1159
3300 4 2 1 1 1183 1490 1089 1496
3301 4 2 1 1 139 138 1393 1697
3302 4 2 1 1 911 931 913 1474
3303 4 2 1 1 293 1371 1139 1534
3304 4 2 1 1 792 455 1213 1654
3305 4 2 1 1 1046 1231 1397 1784
3306 4 2 1 1 286 1397 1154 1637
3307 4 2 1 1 918 923 1159 1561
3308 4 2 1 1 514 513 642 1753
3309 4 2 1 1 470 479 104 1188
3310 4 2 1 1 878 847 846 1213
3311 4 2 1 1 586 1169 631 1487
3312 4 2 1 1 1175 1481 1041 1550
3313 4 2 1 1 1060 1615 1436 1628
3314 4 2 1 1 1039 1166 1302 1312
3315 4 2 1 1 1004 1747 1105 1781
3316 4 2 1 1 124 125 105 1133
3317 4 2 1 1 363 1146 211 1595
3318 4 2 1 1 514 642 1473 1753
3319 4 2 1 1 1224 1452 1170 1583
3320 4 2 1 1 155 158 157 1297
3321 4 2 1 1 1209 1074 1496 1725
3322 4 2 1 1 1161 1338 329 1716
3323 4 2 1 1 125 1133 124 1573
3324 4 2 1 1 1074 1355 1209 1496
3325 4 2 1 1 1037 1429 1122 1778
3326 4 2 1 1 905 668 968 1362
3327 4 2 1 1 1197 1301 1143 1749
3328 4 2 1 1 963 976 895 1206
3329 4 2 1 1 1256 1307 618 1521
3330 4 2 1 1 750 1213 1314 1604
3331 4 2 1 1 484 1195 1607 1648
3332 4 2 1 1 494 1150 1500 1585
3333 4 2 1 1 1110 1275 1030 1560
3334 4 2 1 1 649 369 1477 1521
3335 4 2 1 1 232 287 252 1751
3336 4 2 1 1 1085 1405 947 1499
3337 4 2 1 1 1005 1227 1265 1464
3338 4 2 1 1 104 1488 1188 1507
3339 4 2 1 1 1111 1619 675 1728
3340 4 2 1 1 1008 1170 1452 1581
3341 4 2 1 1 1214 1102 1571 1780
3342 4 2 1 1 1119 1533 1245 1764
3343 4 2 1 1 1097 1154 1637 1709
3344 4 2 1 1 316 387 1400 1765
3345 4 2 1 1 467 1234 1335 1622
3346 4 2 1 1 866 853 856 1207
3347 4 2 1 1 1519 1623 1089 1660
3348 4 2 1 1 112 660 879 1204
3349 4 2 1 1 583 1184 1444 1543
3350 4 2 1 1 166 638 494 1150
3351 4 2 1 1 1272 1634 1537 1768
3352 4 2 1 1 458 459 1449 1516
3353 4 2 1 1 90 705 461 1380
3354 4 2 1 1 813 1319 859 1479
3355 4 2 1 1 318 1434 1169 1689
3356 4 2 1 1 1037 1137 1544 1778
3357 4 2 1 1 1113 1383 1435 1723
3358 4 2 1 1 1286 1412 1115 1646
3359 4 2 1 1 1050 1667 1324 1732
3360 4 2 1 1 248 1587 1291 1653
3361 4 2 1 1 586 1169 1487 1689
3362 4 2 1 1 1381 1449 459 1516
3363 4 2 1 1 514 642 1197 1473
3364 4 2 1 1 955 1643 1306 1739
3365 4 2 1 1 1022 1150 1279 1548
3366 4 2 1 1 1022 1279 1350 1548
3367 4 2 1 1 1137 1037 1544 1556
3368 4 2 1 1 1180 1404 1099 1418
3369 4 2 1 1 567 568 347 1785
3370 4 2 1 1 436 1551 1239 1773
3371 4 2 1 1 1258 1478 1013 1772
3372 4 2 1 1 1130 1588 1233 1591
3373 4 2 1 1 1570 1622 581 1742
3374 4 2 1 1 1199 1674 614 1767
3375 4 2 1 1 729 728 416 1687
3376 4 2 1 1 154 592 159 1297
3377 4 2 1 1 1172 1316 349 1661
3378 4 2 1 1 675 1649 1111 1728
3379 4 2 1 1 1170 1038 1452 1581
3380 4 2 1 1 988 1560 1527 1679
3381 4 2 1 1 1063 1234 1530 1570
3382 4 2 1 1 1358 1471 1197 1473
3383 4 2 1 1 1007 1193 1467 1666
3384 4 2 1 1 713 1176 510 1495
3385 4 2 1 1 1390 1459 1122 1785
3386 4 2 1 1 1227 1005 1563 1695
3387 4 2 1 1 1012 1363 1308 1646
3388 4 2 1 1 640 330 1338 1716
3389 4 2 1 1 1046 1397 1364 1784
3390 4 2 1 1 378 1144 1417 1554
3391 4 2 1 1 1022 1318 1426 1743
3392 4 2 1 1 348 1260 425 1533
3393 4 2 1 1 484 1607 1261 1648
3394 4 2 1 1 967 780 1311 1605
3395 4 2 1 1 1207 1414 1017 1516
3396 4 2 1 1 680 1163 600 1525
3397 4 2 1 1 881 1389 1190 1395
3398 4 2 1 1 491 1195 484 1648
3399 4 2 1 1 997 1179 1406 1454
3400 4 2 1 1 1158 1529 1378 1672
3401 4 2 1 1 1228 1432 1391 1733
3402 4 2 1 1 1066 1170 1357 1703
3403 4 2 1 1 1140 1547 1073 1549
3404 4 2 1 1 1026 1436 1137 1612
3405 4 2 1 1 1164 1006 1659 1734
3406 4 2 1 1 1253 1132 1377 1553
3407 4 2 1 1 990 1192 1246 1404
3408 4 2 1 1 1108 1227 1148 1559
3409 4 2 1 1 874 100 683 1479
3410 4 2 1 1 414 611 466 1593
3411 4 2 1 1 1193 1467 1402 1782
3412 4 2 1 1 1082 1508 1303 1530
3413 4 2 1 1 1049 1495 1572 1668
3414 4 2 1 1 933 937 979 1540
3415 4 2 1 1 994 1375 1108 1698
3416 4 2 1 1 1040 1138 1551 1773
3417 4 2 1 1 1248 1416 1009 1504
3418 4 2 1 1 1033 1126 1300 1787
3419 4 2 1 1 597 1381 1189 1449
3420 4 2 1 1 353 336 1119 1764
3421 4 2 1 1 1018 1190 1582 1636
3422 4 2 1 1 1102 1453 1536 1617
3423 4 2 1 1 1274 1409 1048 1710
3424 4 2 1 1 1214 1280 1132 1579
3425 4 2 1 1 1044 1125 1329 1738
3426 4 2 1 1 1197 1473 1012 1480
3427 4 2 1 1 775 374 772 1140
3428 4 2 1 1 825 1383 848 1692
3429 4 2 1 1 1012 1340 1115 1646
3430 4 2 1 1 435 1422 1243 1735
3431 4 2 1 1 651 1282 1533 1746
3432 4 2 1 1 97 1268 1224 1737
3433 4 2 1 1 1300 1440 1033 1642
3434 4 2 1 1 1166 1278 1249 1495
3435 4 2 1 1 1034 1289 1085 1691
3436 4 2 1 1 248 247 217 1291
3437 4 2 1 1 118 749 601 1479
3438 4 2 1 1 1020 1097 1363 1646
3439 4 2 1 1 583 524 1184 1543
3440 4 2 1 1 1126 1384 936 1540
3441 4 2 1 1 820 854 1309 1556
3442 4 2 1 1 1074 1356 1457 1682
3443 4 2 1 1 667 1390 1216 1785
3444 4 2 1 1 767 1241 38 1507
3445 4 2 1 1 1007 1467 1241 1666
3446 4 2 1 1 1167 1513 1273 1562
3447 4 2 1 1 989 1308 1363 1709
3448 4 2 1 1 1045 1401 1398 1466
3449 4 2 1 1 314 1477 625 1638
3450 4 2 1 1 1305 1546 1105 1769
3451 4 2 1 1 930 955 1306 1739
3452 4 2 1 1 440 389 390 1175
3453 4 2 1 1 782 462 1126 1700
3454 4 2 1 1 1110 1134 1527 1679
3455 4 2 1 1 361 484 491 1195
3456 4 2 1 1 300 515 1235 1473
3457 4 2 1 1 1058 1361 1253 1641
3458 4 2 1 1 1096 1398 1401 1466
3459 4 2 1 1 1051 1310 1120 1707
3460 4 2 1 1 1009 1337 1116 1504
3461 4 2 1 1 1000 1349 1603 1606
3462 4 2 1 1 293 326 1139 1509
3463 4 2 1 1 1027 1324 1135 1472
3464 4 2 1 1 881 845 1389 1395
3465 4 2 1 1 406 1670 695 1741
3466 4 2 1 1 598 1199 614 1767
3467 4 2 1 1 88 664 877 1729
3468 4 2 1 1 1086 1396 1225 1594
3469 4 2 1 1 1139 1413 331 1534
3470 4 2 1 1 258 1379 1199 1463
3471 4 2 1 1 1337 1341 1116 1504
3472 4 2 1 1 838 1414 1240 1774
3473 4 2 1 1 952 969 938 1535
3474 4 2 1 1 1021 1333 1144 1766
3475 4 2 1 1 618 1256 461 1307
3476 4 2 1 1 153 152 154 1463
3477 4 2 1 1 583 1444 362 1543
3478 4 2 1 1 616 1271 221 1637
3479 4 2 1 1 346 485 482 1165
3480 4 2 1 1 996 1148 1227 1559
3481 4 2 1 1 1090 1341 1337 1504
3482 4 2 1 1 190 1187 194 1753
3483 4 2 1 1 1004 1396 1225 1781
3484 4 2 1 1 133 131 1178 1665
3485 4 2 1 1 879 1204 660 1729
3486 4 2 1 1 1180 1327 1056 1478
3487 4 2 1 1 935 1300 980 1642
3488 4 2 1 1 1149 1431 1042 1733
3489 4 2 1 1 1093 1269 1330 1424
3490 4 2 1 1 1088 1599 1411 1648
3491 4 2 1 1 1086 1594 1225 1788
3492 4 2 1 1 491 361 1195 1599
3493 4 2 1 1 602 377 129 1274
3494 4 2 1 1 323 302 289 1202
3495 4 2 1 1 1266 1388 1077 1662
3496 4 2 1 1 1221 1588 1038 1655
3497 4 2 1 1 1092 1434 1344 1704
3498 4 2 1 1 1358 1473 1197 1480
3499 4 2 1 1 461 1307 1256 1687
3500 4 2 1 1 414 466 1162 1593
3501 4 2 1 1 648 1164 619 1610
3502 4 2 1 1 1208 1252 1104 1601
3503 4 2 1 1 1019 1673 1386 1685
3504 4 2 1 1 1015 1455 1439 1738
3505 4 2 1 1 395 416 728 1687
3506 4 2 1 1 248 289 1587 1653
3507 4 2 1 1 1042 1416 1242 1483
3508 4 2 1 1 1245 1677 1119 1764
3509 4 2 1 1 558 328 294 1338
3510 4 2 1 1 1339 1610 1045 1627
3511 4 2 1 1 996 1148 1284 1442
3512 4 2 1 1 1126 1462 462 1661
3513 4 2 1 1 618 512 1256 1678
3514 4 2 1 1 1240 1281 1137 1360
3515 4 2 1 1 923 1320 1159 1561
3516 4 2 1 1 1024 1375 1147 1698
3517 4 2 1 1 909 910 908 1443
3518 4 2 1 1 1061 1130 1486 1591
3519 4 2 1 1 565 265 564 1208
3520 4 2 1 1 1279 1393 525 1513
3521 4 2 1 1 1048 1293 1270 1644
3522 4 2 1 1 1010 1406 1179 1454
3523 4 2 1 1 924 1159 923 1540
3524 4 2 1 1 286 1154 291 1637
3525 4 2 1 1 1039 1249 1278 1782
3526 4 2 1 1 1119 1425 353 1764
3527 4 2 1 1 1108 1375 1227 1635
3528 4 2 1 1 1157 1273 1036 1484
3529 4 2 1 1 1123 1309 1137 1612
3530 4 2 1 1 268 269 267 1258
3531 4 2 1 1 1041 1594 1485 1728
3532 4 2 1 1 1133 1091 1427 1573
3533 4 2 1 1 832 827 833 1174
3534 4 2 1 1 534 609 356 1500
3535 4 2 1 1 1046 1140 1370 1450
3536 4 2 1 1 93 1170 47 1703
3537 4 2 1 1 1137 1123 1436 1778
3538 4 2 1 1 865 1319 801 1458
3539 4 2 1 1 197 196 193 1659
3540 4 2 1 1 337 597 797 1381
3541 4 2 1 1 1101 1428 1038 1452
3542 4 2 1 1 998 1555 1186 1577
3543 4 2 1 1 382 656 599 1736
3544 4 2 1 1 609 1318 356 1500
3545 4 2 1 1 166 528 638 1731
3546 4 2 1 1 1359 1538 982 1747
3547 4 2 1 1 1122 1260 1567 1627
3548 4 2 1 1 1294 1481 1151 1566
3549 4 2 1 1 661 970 84 1321
3550 4 2 1 1 862 1389 886 1580
3551 4 2 1 1 1160 1544 1137 1778
3552 4 2 1 1 1195 491 1599 1648
3553 4 2 1 1 1023 1447 1283 1525
3554 4 2 1 1 597 1449 1189 1764
3555 4 2 1 1 1126 1384 1300 1700
3556 4 2 1 1 1426 1545 1131 1783
3557 4 2 1 1 97 47 498 1224
3558 4 2 1 1 1249 1597 1049 1669
3559 4 2 1 1 265 1208 565 1599
3560 4 2 1 1 1088 1195 1599 1648
3561 4 2 1 1 848 825 828 1383
3562 4 2 1 1 1114 1371 1057 1487
3563 4 2 1 1 749 1427 409 1744
3564 4 2 1 1 419 413 418 1299
3565 4 2 1 1 1236 1438 1014 1713
3566 4 2 1 1 1118 1630 1435 1723
3567 4 2 1 1 240 239 629 1371
3568 4 2 1 1 1160 1429 1119 1544
3569 4 2 1 1 1169 1296 1029 1434
3570 4 2 1 1 1293 1667 1107 1732
3571 4 2 1 1 1034 1290 1289 1502
3572 4 2 1 1 1116 1376 1248 1524
3573 4 2 1 1 1026 1113 1410 1723
3574 4 2 1 1 90 1256 511 1757
3575 4 2 1 1 1004 1218 1396 1781
3576 4 2 1 1 1202 1291 1025 1587
3577 4 2 1 1 1189 1677 1245 1764
3578 4 2 1 1 1182 1408 1292 1618
3579 4 2 1 1 988 1275 1135 1527
3580 4 2 1 1 758 477 1207 1516
3581 4 2 1 1 88 794 664 1729
3582 4 2 1 1 555 1459 552 1653
3583 4 2 1 1 1134 1347 1110 1527
3584 4 2 1 1 1010 1179 1448 1454
3585 4 2 1 1 1202 1587 289 1653
3586 4 2 1 1 1141 1597 1249 1669
3587 4 2 1 1 1099 1404 1180 1668
3588 4 2 1 1 398 400 399 1263
3589 4 2 1 1 1125 1439 1455 1738
3590 4 2 1 1 1027 1472 1380 1687
3591 4 2 1 1 1056 1478 1258 1529
3592 4 2 1 1 1079 1632 1265 1633
3593 4 2 1 1 718 657 439 1683
3594 4 2 1 1 987 1281 1441 1608
3595 4 2 1 1 434 1422 435 1735
3596 4 2 1 1 1099 1477 1166 1638
3597 4 2 1 1 1013 1148 1272 1705
3598 4 2 1 1 1291 1322 1102 1658
3599 4 2 1 1 1288 1131 1503 1641
3600 4 2 1 1 1027 1168 1472 1687
3601 4 2 1 1 219 240 321 1784
3602 4 2 1 1 1039 1278 1166 1680
3603 4 2 1 1 1029 1136 1344 1645
3604 4 2 1 1 1207 1414 853 1774
3605 4 2 1 1 436 1239 781 1773
3606 4 2 1 1 1027 1256 1355 1682
3607 4 2 1 1 204 487 575 1340
3608 4 2 1 1 1179 1287 1044 1475
3609 4 2 1 1 153 152 1463 1767
3610 4 2 1 1 163 1329 1210 1742
3611 4 2 1 1 1111 675 1619 1649
3612 4 2 1 1 389 1175 440 1693
3613 4 2 1 1 1293 1484 1107 1562
3614 4 2 1 1 1099 1236 1417 1713
3615 4 2 1 1 1142 1508 1262 1671
3616 4 2 1 1 1140 1657 1254 1676
3617 4 2 1 1 1146 1421 211 1722
3618 4 2 1 1 1287 1448 1044 1738
3619 4 2 1 1 204 1340 642 1753
3620 4 2 1 1 1137 1281 1026 1360
3621 4 2 1 1 1143 1408 1292 1594
3622 4 2 1 1 40 1193 529 1423
3623 4 2 1 1 1003 1124 1270 1492
3624 4 2 1 1 1036 1273 1157 1697
3625 4 2 1 1 1237 1555 1365 1593
3626 4 2 1 1 1081 1085 1405 1724
3627 4 2 1 1 919 1419 1121 1777
3628 4 2 1 1 378 1417 319 1554
3629 4 2 1 1 403 1212 1626 1685
3630 4 2 1 1 1140 1547 1370 1578
3631 4 2 1 1 191 198 194 1187
3632 4 2 1 1 626 1381 478 1541
3633 4 2 1 1 1016 1280 1132 1382
3634 4 2 1 1 319 1417 1276 1554
3635 4 2 1 1 192 1434 188 1613
3636 4 2 1 1 258 1199 598 1767
3637 4 2 1 1 1131 1545 304 1783
3638 4 2 1 1 1050 1484 1293 1562
3639 4 2 1 1 467 1335 561 1622
3640 4 2 1 1 1017 1233 1281 1486
3641 4 2 1 1 841 831 1251 1493
3642 4 2 1 1 985 1118 1437 1723
3643 4 2 1 1 993 1222 1179 1448
3644 4 2 1 1 626 103 519 1631
3645 4 2 1 1 138 525 1393 1513
3646 4 2 1 1 480 1489 1261 1607
3647 4 2 1 1 1322 1543 1164 1587
3648 4 2 1 1 504 773 1357 1703
3649 4 2 1 1 1036 1350 1279 1548
3650 4 2 1 1 537 539 540 1377
3651 4 2 1 1 1025 1291 1202 1730
3652 4 2 1 1 987 1441 1124 1608
3653 4 2 1 1 1209 1629 1153 1789
3654 4 2 1 1 1016 1506 1177 1711
3655 4 2 1 1 953 980 935 1300
3656 4 2 1 1 538 1433 539 1664
3657 4 2 1 1 373 1316 1261 1787
3658 4 2 1 1 985 1124 1410 1437
3659 4 2 1 1 571 1369 363 1595
3660 4 2 1 1 641 640 558 1746
3661 4 2 1 1 258 1463 1199 1767
3662 4 2 1 1 1308 1343 989 1650
3663 4 2 1 1 1061 1240 1207 1774
3664 4 2 1 1 1228 1706 1201 1733
3665 4 2 1 1 1329 1564 1044 1779
3666 4 2 1 1 1105 1538 1359 1747
3667 4 2 1 1 1010 1376 1406 1454
3668 4 2 1 1 232 1286 616 1651
3669 4 2 1 1 1019 1259 1212 1685
3670 4 2 1 1 1008 1168 1268 1472
3671 4 2 1 1 141 1304 140 1393
3672 4 2 1 1 630 274 1180 1572
3673 4 2 1 1 211 246 1595 1722
3674 4 2 1 1 1206 1033 1440 1642
3675 4 2 1 1 441 1306 1643 1693
3676 4 2 1 1 1073 1243 1271 1763
3677 4 2 1 1 1256 1027 1380 1687
3678 4 2 1 1 860 882 1204 1518
3679 4 2 1 1 1182 1034 1502 1649
3680 4 2 1 1 289 551 1202 1653
3681 4 2 1 1 668 84 891 1239
3682 4 2 1 1 1018 1299 1190 1636
3683 4 2 1 1 817 1523 1390 1598
3684 4 2 1 1 1137 1360 1026 1612
3685 4 2 1 1 551 323 289 1202
3686 4 2 1 1 1139 1030 1357 1560
3687 4 2 1 1 1306 1643 1070 1739
3688 4 2 1 1 93 520 47 1170
3689 4 2 1 1 850 838 851 1240
3690 4 2 1 1 1036 1279 1167 1513
3691 4 2 1 1 959 670 114 1462
3692 4 2 1 1 160 161 163 1210
3693 4 2 1 1 230 1403 1191 1727
3694 4 2 1 1 457 1345 1203 1425
3695 4 2 1 1 1044 1454 1179 1475
3696 4 2 1 1 1180 1418 271 1478
3697 4 2 1 1 1024 1117 1330 1621
3698 4 2 1 1 51 120 52 1458
3699 4 2 1 1 1028 1235 1187 1430
3700 4 2 1 1 1184 1659 1006 1734
3701 4 2 1 1 681 1447 1283 1595
3702 4 2 1 1 1067 1214 1280 1382
3703 4 2 1 1 860 857 882 1518
3704 4 2 1 1 990 1476 1109 1597
3705 4 2 1 1 1221 1385 1101 1452
3706 4 2 1 1 1114 1392 1219 1511
3707 4 2 1 1 1136 1444 1344 1645
3708 4 2 1 1 1372 1571 1214 1771
3709 4 2 1 1 50 105 1325 1374
3710 4 2 1 1 584 1351 1204 1598
3711 4 2 1 1 258 421 598 1199
3712 4 2 1 1 991 1324 1135 1596
3713 4 2 1 1 1009 1391 1242 1522
3714 4 2 1 1 314 1312 408 1477
3715 4 2 1 1 1001 1382 1214 1780
3716 4 2 1 1 304 1131 338 1503
3717 4 2 1 1 529 1193 96 1547
3718 4 2 1 1 388 391 390 1471
3719 4 2 1 1 1049 1327 1569 1597
3720 4 2 1 1 990 1249 1476 1597
3721 4 2 1 1 1361 1641 1503 1718
3722 4 2 1 1 1130 1374 1325 1591
3723 4 2 1 1 1159 1320 923 1540
3724 4 2 1 1 1069 1343 1308 1650
3725 4 2 1 1 1165 1346 485 1699
3726 4 2 1 1 1169 1434 1029 1528
3727 4 2 1 1 991 1457 1324 1596
3728 4 2 1 1 1503 1641 1131 1718
3729 4 2 1 1 141 139 140 1304
3730 4 2 1 1 136 135 1273 1697
3731 4 2 1 1 101 895 787 1206
3732 4 2 1 1 802 868 881 1389
3733 4 2 1 1 1166 1638 1572 1668
3734 4 2 1 1 402 1685 1263 1741
3735 4 2 1 1 1112 1305 1007 1402
3736 4 2 1 1 218 634 1247 1557
3737 4 2 1 1 1106 1209 1496 1725
3738 4 2 1 1 1034 1085 1290 1745
3739 4 2 1 1 1022 1201 1367 1577
3740 4 2 1 1 1055 1411 1648 1705
3741 4 2 1 1 1067 1214 1382 1780
3742 4 2 1 1 718 1254 1657 1683
3743 4 2 1 1 265 1208 1599 1672
3744 4 2 1 1 1384 1465 1159 1540
3745 4 2 1 1 501 1167 216 1513
3746 4 2 1 1 1023 1341 1162 1671
3747 4 2 1 1 1126 1462 972 1700
3748 4 2 1 1 163 1210 161 1742
3749 4 2 1 1 566 302 323 1459
3750 4 2 1 1 126 124 1427 1573
3751 4 2 1 1 1201 1228 1107 1706
3752 4 2 1 1 455 750 792 1213
3753 4 2 1 1 1102 1771 1291 1780
3754 4 2 1 1 1006 1164 1420 1734
3755 4 2 1 1 104 1188 479 1507
3756 4 2 1 1 1164 1401 1006 1420
3757 4 2 1 1 105 125 497 1399
3758 4 2 1 1 1239 1362 1040 1512
3759 4 2 1 1 1071 1629 1413 1683
3760 4 2 1 1 1008 1324 1168 1472
3761 4 2 1 1 838 853 1414 1774
3762 4 2 1 1 323 1202 551 1459
3763 4 2 1 1 648 1164 1610 1659
3764 4 2 1 1 1272 1563 1148 1634
3765 4 2 1 1 1050 1266 1168 1324
3766 4 2 1 1 1248 1416 1156 1759
3767 4 2 1 1 650 426 1260 1533
3768 4 2 1 1 1052 1288 1545 1553
3769 4 2 1 1 758 1381 459 1516
3770 4 2 1 1 1029 1528 1434 1589
3771 4 2 1 1 1108 1294 1151 1575
3772 4 2 1 1 858 841 883 1518
3773 4 2 1 1 1040 1551 1138 1632
3774 4 2 1 1 242 616 221 1637
3775 4 2 1 1 1150 1065 1393 1548
3776 4 2 1 1 546 1280 556 1715
3777 4 2 1 1 245 316 1510 1765
3778 4 2 1 1 644 216 501 1167
3779 4 2 1 1 1152 1376 1248 1558
3780 4 2 1 1 154 1297 159 1463
3781 4 2 1 1 817 818 1216 1523
3782 4 2 1 1 1019 1263 1673 1685
3783 4 2 1 1 1215 1078 1334 1565
3784 4 2 1 1 998 1228 1201 1733
3785 4 2 1 1 757 1182 517 1502
3786 4 2 1 1 1004 1225 1396 1594
3787 4 2 1 1 1393 1548 1065 1652
3788 4 2 1 1 375 1610 1339 1627
3789 4 2 1 1 1024 1147 1419 1614
3790 4 2 1 1 1235 1328 1068 1505
3791 4 2 1 1 35 1605 1488 1624
3792 4 2 1 1 1003 1270 1293 1644
3793 4 2 1 1 1118 1437 1095 1517
3794 4 2 1 1 786 696 755 1290
3795 4 2 1 1 136 1273 1513 1697
3796 4 2 1 1 1057 1371 1247 1557
3797 4 2 1 1 920 1535 1320 1561
3798 4 2 1 1 1113 1415 835 1684
3799 4 2 1 1 898 1306 955 1643
3800 4 2 1 1 1039 1312 1185 1680
3801 4 2 1 1 1351 1653 555 1715
3802 4 2 1 1 697 383 1542 1554
3803 4 2 1 1 1039 1185 1423 1680
3804 4 2 1 1 1252 1454 1044 1475
3805 4 2 1 1 694 675 1619 1728
3806 4 2 1 1 392 1485 1292 1728
3807 4 2 1 1 1000 1603 1245 1606
3808 4 2 1 1 1347 1520 1277 1527
3809 4 2 1 1 96 529 40 1193
3810 4 2 1 1 1153 1380 1027 1789
3811 4 2 1 1 1026 1410 1441 1628
3812 4 2 1 1 986 1122 1429 1451
3813 4 2 1 1 1026 1410 1174 1441
3814 4 2 1 1 140 1304 139 1393
3815 4 2 1 1 858 1177 1493 1518
3816 4 2 1 1 1115 1576 1286 1646
3817 4 2 1 1 1111 1292 1182 1396
3818 4 2 1 1 1435 1436 986 1628
3819 4 2 1 1 1164 1339 619 1610
3820 4 2 1 1 565 1208 495 1736
3821 4 2 1 1 1005 1227 1464 1695
3822 4 2 1 1 729 1380 1268 1687
3823 4 2 1 1 1324 1457 1135 1596
3824 4 2 1 1 1276 1388 1077 1717
3825 4 2 1 1 1019 1263 1669 1673
3826 4 2 1 1 428 373 1261 1787
3827 4 2 1 1 984 1194 1416 1623
3828 4 2 1 1 1098 1514 1183 1519
3829 4 2 1 1 811 875 862 1620
3830 4 2 1 1 1192 1246 1152 1660
3831 4 2 1 1 1110 1527 1275 1560
3832 4 2 1 1 498 1224 47 1583
3833 4 2 1 1 1031 1358 1198 1400
3834 4 2 1 1 529 1423 1193 1547
3835 4 2 1 1 742 1177 693 1377
3836 4 2 1 1 242 1271 616 1637
3837 4 2 1 1 1196 1231 1002 1761
3838 4 2 1 1 242 291 624 1271
3839 4 2 1 1 374 1140 775 1547
3840 4 2 1 1 1443 1614 1353 1788
3841 4 2 1 1 1063 1329 1210 1448
3842 4 2 1 1 1338 1603 1245 1716
3843 4 2 1 1 1068 1505 1328 1647
3844 4 2 1 1 1029 1136 1539 1589
3845 4 2 1 1 470 1188 1488 1724
3846 4 2 1 1 782 462 580 1661
3847 4 2 1 1 1016 1132 1280 1711
3848 4 2 1 1 1048 1399 1133 1428
3849 4 2 1 1 1014 1438 1236 1682
3850 4 2 1 1 717 1166 312 1495
3851 4 2 1 1 1044 1287 1179 1448
3852 4 2 1 1 937 933 1320 1540
3853 4 2 1 1 1187 1340 194 1753
3854 4 2 1 1 349 309 1316 1568
3855 4 2 1 1 47 1170 520 1583
3856 4 2 1 1 1051 1120 1482 1707
3857 4 2 1 1 443 1254 772 1657
3858 4 2 1 1 986 1122 1451 1616
3859 4 2 1 1 1122 986 1429 1616
3860 4 2 1 1 448 1300 1700 1787
3861 4 2 1 1 211 208 1421 1617
3862 4 2 1 1 1193 1666 1007 1782
3863 4 2 1 1 934 1206 976 1362
3864 4 2 1 1 982 1151 1359 1747
3865 4 2 1 1 1056 1418 1333 1766
3866 4 2 1 1 1024 1336 1117 1621
3867 4 2 1 1 1025 1658 1420 1734
3868 4 2 1 1 400 402 1263 1741
3869 4 2 1 1 1003 1167 1407 1562
3870 4 2 1 1 1045 1466 1429 1606
3871 4 2 1 1 98 741 457 1345
3872 4 2 1 1 302 566 347 1627
3873 4 2 1 1 1102 1214 1771 1780
3874 4 2 1 1 437 1239 1362 1773
3875 4 2 1 1 993 1179 1287 1448
3876 4 2 1 1 380 286 226 1637
3877 4 2 1 1 1501 1531 1208 1599
3878 4 2 1 1 396 358 254 1182
3879 4 2 1 1 423 563 642 1197
3880 4 2 1 1 1167 1407 501 1526
3881 4 2 1 1 524 189 583 1184
3882 4 2 1 1 644 1167 501 1526
3883 4 2 1 1 1253 1630 1118 1723
3884 4 2 1 1 505 1170 1357 1552
3885 4 2 1 1 309 310 1316 1568
3886 4 2 1 1 41 42 1423 1609
3887 4 2 1 1 240 219 239 1371
3888 4 2 1 1 1029 1539 1136 1645
3889 4 2 1 1 211 1421 1146 1617
3890 4 2 1 1 1013 1442 1148 1705
3891 4 2 1 1 1026 1123 1383 1435
3892 4 2 1 1 982 1575 1127 1634
3893 4 2 1 1 409 1427 749 1604
3894 4 2 1 1 1282 1401 1164 1610
3895 4 2 1 1 1059 1453 1421 1536
3896 4 2 1 1 328 294 1338 1509
3897 4 2 1 1 1171 1314 1018 1492
3898 4 2 1 1 360 565 495 1736
3899 4 2 1 1 1271 1286 1020 1651
3900 4 2 1 1 1104 1406 1376 1454
3901 4 2 1 1 991 1391 1242 1431
3902 4 2 1 1 1161 1631 1189 1716
3903 4 2 1 1 1199 1337 1674 1767
3904 4 2 1 1 440 1306 760 1693
3905 4 2 1 1 324 1289 696 1502
3906 4 2 1 1 1161 1603 1338 1716
3907 4 2 1 1 429 684 526 1283
3908 4 2 1 1 1267 1303 1083 1539
3909 4 2 1 1 1113 1684 1383 1692
3910 4 2 1 1 702 1542 1304 1690
3911 4 2 1 1 1052 1426 1250 1545
3912 4 2 1 1 1092 1434 1528 1589
3913 4 2 1 1 1022 1548 1201 1577
3914 4 2 1 1 140 139 138 1393
3915 4 2 1 1 100 750 683 1479
3916 4 2 1 1 1210 1329 1063 1742
3917 4 2 1 1 37 767 38 1507
3918 4 2 1 1 1236 1438 1054 1682
3919 4 2 1 1 1208 1531 1501 1736
3920 4 2 1 1 419 1299 452 1688
3921 4 2 1 1 752 1345 1425 1567
3922 4 2 1 1 1151 1301 1031 1749
3923 4 2 1 1 1021 1158 1333 1766
3924 4 2 1 1 1041 1481 1225 1550
3925 4 2 1 1 1040 1138 1239 1632
3926 4 2 1 1 1130 1325 1038 1591
3927 4 2 1 1 222 231 225 1286
3928 4 2 1 1 804 1211 844 1415
3929 4 2 1 1 1121 1464 1440 1512
3930 4 2 1 1 912 946 910 1353
3931 4 2 1 1 1402 1549 1193 1782
3932 4 2 1 1 283 1172 350 1670
3933 4 2 1 1 100 1213 805 1654
3934 4 2 1 1 460 1624 1259 1626
3935 4 2 1 1 245 316 315 1510
3936 4 2 1 1 1016 1387 1251 1518
3937 4 2 1 1 462 114 1462 1700
3938 4 2 1 1 1128 1368 1175 1400
3939 4 2 1 1 598 614 148 1767
3940 4 2 1 1 222 1286 225 1576
3941 4 2 1 1 678 676 786 1290
3942 4 2 1 1 1016 1493 1177 1518
3943 4 2 1 1 1047 1298 1395 1760
3944 4 2 1 1 225 1115 1576 1618
3945 4 2 1 1 1001 1382 1118 1517
3946 4 2 1 1 330 329 1338 1716
3947 4 2 1 1 1333 1418 1144 1766
3948 4 2 1 1 841 1493 1251 1518
3949 4 2 1 1 648 1610 679 1659
3950 4 2 1 1 260 262 633 1379
3951 4 2 1 1 101 1362 1206 1699
3952 4 2 1 1 283 349 350 1172
3953 4 2 1 1 1037 1425 1119 1544
3954 4 2 1 1 1248 1376 1010 1524
3955 4 2 1 1 988 1275 1527 1560
3956 4 2 1 1 329 1338 1161 1552
3957 4 2 1 1 1101 1608 1461 1655
3958 4 2 1 1 1070 1306 1353 1550
3959 4 2 1 1 1041 1353 1306 1550
3960 4 2 1 1 1082 1508 1283 1595
3961 4 2 1 1 997 1574 1179 1768
3962 4 2 1 1 946 1147 915 1777
3963 4 2 1 1 1349 1466 1401 1606
3964 4 2 1 1 1182 1292 1111 1649
3965 4 2 1 1 1045 1119 1533 1606
3966 4 2 1 1 1058 1253 1288 1641
3967 4 2 1 1 815 817 1216 1390
3968 4 2 1 1 262 264 1333 1529
3969 4 2 1 1 1063 1530 1234 1602
3970 4 2 1 1 709 1386 1176 1673
3971 4 2 1 1 483 482 647 1206
3972 4 2 1 1 1366 1094 1546 1675
3973 4 2 1 1 1026 1281 1137 1436
3974 4 2 1 1 118 601 732 1319
3975 4 2 1 1 1192 1152 1574 1660
3976 4 2 1 1 1012 1301 1173 1646
3977 4 2 1 1 263 1158 261 1672
3978 4 2 1 1 701 410 385 1368
3979 4 2 1 1 337 333 1189 1716
3980 4 2 1 1 570 1237 612 1593
3981 4 2 1 1 381 595 707 1276
3982 4 2 1 1 1292 1594 1111 1728
3983 4 2 1 1 1008 1168 1324 1732
3984 4 2 1 1 513 204 642 1753
3985 4 2 1 1 989 1343 1308 1696
3986 4 2 1 1 364 1447 681 1595
3987 4 2 1 1 1029 1344 1444 1645
3988 4 2 1 1 341 343 342 1229
3989 4 2 1 1 1207 1240 1017 1414
3990 4 2 1 1 433 1542 383 1554
3991 4 2 1 1 1068 1473 1235 1505
3992 4 2 1 1 333 597 337 1189
3993 4 2 1 1 1150 1022 1279 1500
3994 4 2 1 1 1087 1365 1191 1727
3995 4 2 1 1 466 608 684 1369
3996 4 2 1 1 1097 1637 1271 1709
3997 4 2 1 1 225 1576 1286 1618
3998 4 2 1 1 495 299 496 1736
3999 4 2 1 1 1056 1333 1158 1766
4000 4 2 1 1 827 833 1174 1684
4001 4 2 1 1 996 1159 1330 1635
4002 4 2 1 1 508 92 40 1680
4003 4 2 1 1 1132 1052 1403 1553
4004 4 2 1 1 750 1479 1213 1604
4005 4 2 1 1 1044 1215 1475 1738
4006 4 2 1 1 1311 1626 456 1740
4007 4 2 1 1 1085 1034 1691 1745
4008 4 2 1 1 748 1204 584 1351
4009 4 2 1 1 717 407 312 1166
4010 4 2 1 1 1007 1176 1241 1720
4011 4 2 1 1 441 662 659 1643
4012 4 2 1 1 1097 1576 1340 1646
4013 4 2 1 1 1066 1357 1139 1413
4014 4 2 1 1 685 1230 1670 1772
4015 4 2 1 1 208 1536 1421 1617
4016 4 2 1 1 637 639 284 1333
4017 4 2 1 1 375 1339 303 1627
4018 4 2 1 1 1469 1571 1102 1780
4019 4 2 1 1 413 1299 419 1688
4020 4 2 1 1 231 225 1286 1618
4021 4 2 1 1 953 935 940 1384
4022 4 2 1 1 736 419 452 1688
4023 4 2 1 1 1250 1500 1022 1577
4024 4 2 1 1 1207 856 1458 1774
4025 4 2 1 1 607 1196 645 1639
4026 4 2 1 1 546 549 1280 1715
4027 4 2 1 1 299 259 159 1601
4028 4 2 1 1 1259 1624 1129 1656
4029 4 2 1 1 408 314 407 1312
4030 4 2 1 1 1365 1555 1162 1593
4031 4 2 1 1 996 1330 1159 1663
4032 4 2 1 1 1021 1152 1376 1406
4033 4 2 1 1 1277 1385 1107 1706
4034 4 2 1 1 583 1184 189 1613
4035 4 2 1 1 1229 1334 1078 1565
4036 4 2 1 1 1084 1263 1212 1741
4037 4 2 1 1 841 834 831 1493
4038 4 2 1 1 688 1232 197 1659
4039 4 2 1 1 1094 1422 1289 1681
4040 4 2 1 1 556 1351 555 1715
4041 4 2 1 1 1019 1284 1141 1669
4042 4 2 1 1 1135 1527 1042 1725
4043 4 2 1 1 1218 1621 1359 1775
4044 4 2 1 1 255 1545 244 1719
4045 4 2 1 1 1049 1263 1226 1572
4046 4 2 1 1 597 797 1381 1449
4047 4 2 1 1 577 599 656 1564
4048 4 2 1 1 1272 1378 1013 1705
4049 4 2 1 1 1277 1347 1149 1520
4050 4 2 1 1 995 1218 1621 1691
4051 4 2 1 1 477 758 1207 1381
4052 4 2 1 1 502 1153 44 1757
4053 4 2 1 1 1209 1355 999 1496
4054 4 2 1 1 1106 1514 1183 1756
4055 4 2 1 1 343 1531 1229 1607
4056 4 2 1 1 1017 1281 1240 1486
4057 4 2 1 1 1229 1346 1079 1565
4058 4 2 1 1 961 943 1285 1290
4059 4 2 1 1 1115 1004 1412 1675
4060 4 2 1 1 992 1303 1267 1539
4061 4 2 1 1 1122 1627 1202 1754
4062 4 2 1 1 1456 1524 1341 1525
4063 4 2 1 1 637 1333 264 1529
4064 4 2 1 1 757 1182 1502 1649
4065 4 2 1 1 1157 1304 1076 1652
4066 4 2 1 1 1067 1382 1354 1730
4067 4 2 1 1 1133 1399 1048 1573
4068 4 2 1 1 141 1393 142 1690
4069 4 2 1 1 1217 1476 1109 1574
4070 4 2 1 1 1385 1452 1221 1581
4071 4 2 1 1 1485 1594 1292 1728
4072 4 2 1 1 1239 1551 1138 1773
4073 4 2 1 1 145 146 148 1337
4074 4 2 1 1 484 1261 428 1648
4075 4 2 1 1 775 1547 1140 1609
4076 4 2 1 1 84 711 788 1321
4077 4 2 1 1 543 544 250 1711
4078 4 2 1 1 1104 1252 1454 1712
4079 4 2 1 1 1181 1117 1336 1621
4080 4 2 1 1 1222 1602 1448 1726
4081 4 2 1 1 1022 1150 1548 1577
4082 4 2 1 1 1064 1243 1467 1763
4083 4 2 1 1 338 1131 1394 1503
4084 4 2 1 1 1272 1127 1634 1768
4085 4 2 1 1 218 634 241 1247
4086 4 2 1 1 1273 1484 1157 1590
4087 4 2 1 1 693 1177 794 1506
4088 4 2 1 1 483 482 1206 1489
4089 4 2 1 1 1040 1464 1265 1632
4090 4 2 1 1 133 1273 1590 1665
4091 4 2 1 1 1020 1546 1243 1651
4092 4 2 1 1 1196 1689 1231 1761
4093 4 2 1 1 1054 1312 1302 1477
4094 4 2 1 1 505 1357 1170 1703
4095 4 2 1 1 877 1177 883 1729
4096 4 2 1 1 1302 1438 1089 1490
4097 4 2 1 1 1104 1454 1297 1712
4098 4 2 1 1 1437 1608 1060 1686
4099 4 2 1 1 526 1283 1447 1525
4100 4 2 1 1 1020 1305 1173 1363
4101 4 2 1 1 1364 1392 1114 1511
4102 4 2 1 1 1062 1318 1131 1394
4103 4 2 1 1 1052 1367 1625 1719
4104 4 2 1 1 877 800 88 1729
4105 4 2 1 1 138 1513 1393 1697
4106 4 2 1 1 1315 1645 1468 1734
4107 4 2 1 1 333 597 1189 1764
4108 4 2 1 1 1080 1331 1247 1557
4109 4 2 1 1 139 1393 1304 1697
4110 4 2 1 1 987 1608 1428 1655
4111 4 2 1 1 1343 1532 989 1650
4112 4 2 1 1 863 1203 1345 1556
4113 4 2 1 1 427 1282 688 1610
4114 4 2 1 1 1129 1624 1488 1656
4115 4 2 1 1 817 1390 807 1598
4116 4 2 1 1 841 1251 831 1518
4117 4 2 1 1 986 1436 1123 1451
4118 4 2 1 1 1178 1273 1050 1562
4119 4 2 1 1 1150 1022 1500 1577
4120 4 2 1 1 1291 1771 1214 1780
4121 4 2 1 1 713 709 1176 1673
4122 4 2 1 1 1232 1282 1080 1401
4123 4 2 1 1 990 1246 1192 1660
4124 4 2 1 1 1377 1553 1132 1711
4125 4 2 1 1 570 415 612 1237
4126 4 2 1 1 995 1188 1681 1691
4127 4 2 1 1 1133 124 1427 1744
4128 4 2 1 1 567 1567 568 1785
4129 4 2 1 1 790 94 736 1190
4130 4 2 1 1 1137 1281 1160 1436
4131 4 2 1 1 283 349 1172 1568
4132 4 2 1 1 996 1442 1172 1465
4133 4 2 1 1 623 606 607 1639
4134 4 2 1 1 1102 1617 1536 1771
4135 4 2 1 1 616 232 222 1286
4136 4 2 1 1 1168 1266 1050 1755
4137 4 2 1 1 989 1363 1402 1709
4138 4 2 1 1 363 211 246 1595
4139 4 2 1 1 1033 1206 1440 1464
4140 4 2 1 1 986 1160 1429 1615
4141 4 2 1 1 1220 1321 951 1739
4142 4 2 1 1 1175 1400 1031 1481
4143 4 2 1 1 1246 1089 1623 1660
4144 4 2 1 1 986 1436 1160 1615
4145 4 2 1 1 881 1190 888 1582
4146 4 2 1 1 1088 1158 1378 1672
4147 4 2 1 1 1026 1123 1435 1436
4148 4 2 1 1 526 1447 680 1525
4149 4 2 1 1 1180 1404 1327 1668
4150 4 2 1 1 943 1474 1285 1745
4151 4 2 1 1 666 875 811 1620
4152 4 2 1 1 947 1499 929 1745
4153 4 2 1 1 1220 1239 1040 1512
4154 4 2 1 1 681 1283 365 1595
4155 4 2 1 1 424 1485 392 1728
4156 4 2 1 1 1099 1638 1166 1668
4157 4 2 1 1 909 1326 945 1443
4158 4 2 1 1 1029 1444 1344 1613
4159 4 2 1 1 386 316 387 1400
4160 4 2 1 1 1101 1385 1221 1461
4161 4 2 1 1 775 1423 1547 1609
4162 4 2 1 1 983 1385 1277 1706
4163 4 2 1 1 172 174 1348 1622
4164 4 2 1 1 1434 1528 1169 1761
4165 4 2 1 1 1006 1315 1134 1468
4166 4 2 1 1 1129 1386 1019 1720
4167 4 2 1 1 1212 1263 1019 1685
4168 4 2 1 1 461 1380 705 1687
4169 4 2 1 1 1192 1109 1476 1574
4170 4 2 1 1 1081 1405 1085 1499
4171 4 2 1 1 818 1309 1216 1523
4172 4 2 1 1 1065 1150 1393 1731
4173 4 2 1 1 1300 1384 1033 1440
4174 4 2 1 1 1289 1366 1034 1502
4175 4 2 1 1 1094 1366 1289 1502
4176 4 2 1 1 1412 1546 1020 1675
4177 4 2 1 1 583 627 524 1543
4178 4 2 1 1 1330 1424 1269 1663
4179 4 2 1 1 927 920 921 1535
4180 4 2 1 1 943 1285 1290 1745
4181 4 2 1 1 519 103 1325 1631
4182 4 2 1 1 1040 1239 1220 1632
4183 4 2 1 1 1315 1468 1006 1734
4184 4 2 1 1 1172 283 1568 1670
4185 4 2 1 1 838 830 837 1774
4186 4 2 1 1 1033 1300 1126 1384
4187 4 2 1 1 1003 1264 1244 1350
4188 4 2 1 1 940 1384 935 1440
4189 4 2 1 1 830 1482 837 1774
4190 4 2 1 1 1008 1472 1275 1667
4191 4 2 1 1 1243 1546 1422 1651
4192 4 2 1 1 558 294 241 1247
4193 4 2 1 1 1127 1475 1287 1768
4194 4 2 1 1 1368 1510 1128 1633
4195 4 2 1 1 320 280 369 1236
4196 4 2 1 1 933 923 1320 1540
4197 4 2 1 1 1275 1472 1135 1667
4198 4 2 1 1 905 663 668 1362
4199 4 2 1 1 1010 1152 1376 1759
4200 4 2 1 1 1043 1476 1217 1574
4201 4 2 1 1 844 804 889 1211
4202 4 2 1 1 1370 1450 1154 1696
4203 4 2 1 1 353 1449 354 1764
4204 4 2 1 1 680 1447 1163 1525
4205 4 2 1 1 281 314 625 1638
4206 4 2 1 1 523 1241 38 1666
4207 4 2 1 1 1065 1332 1150 1731
4208 4 2 1 1 1071 1392 1364 1511
4209 4 2 1 1 1501 1531 1078 1736
4210 4 2 1 1 1163 1456 600 1525
4211 4 2 1 1 1402 1709 1363 1763
4212 4 2 1 1 129 127 1409 1710
4213 4 2 1 1 748 584 1204 1598
4214 4 2 1 1 903 970 661 1321
4215 4 2 1 1 361 484 1195 1607
4216 4 2 1 1 267 269 270 1478
4217 4 2 1 1 300 186 190 1235
4218 4 2 1 1 989 1183 1343 1696
4219 4 2 1 1 141 1304 1393 1690
4220 4 2 1 1 1050 1484 1273 1590
4221 4 2 1 1 1262 1555 998 1671
4222 4 2 1 1 745 1292 396 1649
4223 4 2 1 1 437 1239 668 1362
4224 4 2 1 1 853 1414 1207 1516
4225 4 2 1 1 697 383 433 1542
4226 4 2 1 1 991 1228 1391 1431
4227 4 2 1 1 424 422 392 1485
4228 4 2 1 1 839 1523 864 1598
4229 4 2 1 1 1228 1431 1107 1706
4230 4 2 1 1 1092 1592 1196 1639
4231 4 2 1 1 465 464 1702 1708
4232 4 2 1 1 1138 1510 1368 1633
4233 4 2 1 1 505 1470 1170 1552
4234 4 2 1 1 762 478 626 1381
4235 4 2 1 1 519 1325 518 1631
4236 4 2 1 1 367 1447 1234 1570
4237 4 2 1 1 560 1335 1238 1704
4238 4 2 1 1 1179 1574 1217 1768
4239 4 2 1 1 1127 1287 1217 1768
4240 4 2 1 1 190 1235 186 1750
4241 4 2 1 1 1057 1296 1169 1487
4242 4 2 1 1 44 1153 502 1694
4243 4 2 1 1 228 230 1191 1727
4244 4 2 1 1 1199 1379 421 1515
4245 4 2 1 1 1038 1452 1399 1583
4246 4 2 1 1 598 421 614 1199
4247 4 2 1 1 1069 1231 1196 1701
4248 4 2 1 1 1105 1305 1200 1538
4249 4 2 1 1 41 1423 110 1680
4250 4 2 1 1 990 1192 1476 1660
4251 4 2 1 1 881 845 886 1389
4252 4 2 1 1 1053 1123 1387 1523
4253 4 2 1 1 552 1459 551 1653
4254 4 2 1 1 1069 1187 1308 1494
4255 4 2 1 1 1098 1592 1313 1650
4256 4 2 1 1 1178 1050 1293 1562
4257 4 2 1 1 1033 1206 1489 1642
4258 4 2 1 1 1259 1626 1212 1685
4259 4 2 1 1 479 1188 470 1724
4260 4 2 1 1 1020 1363 1271 1709
4261 4 2 1 1 281 625 275 1638
4262 4 2 1 1 984 1460 1156 1759
4263 4 2 1 1 503 1694 773 1703
4264 4 2 1 1 1197 1358 1031 1471
4265 4 2 1 1 1349 1401 1080 1606
4266 4 2 1 1 1221 1349 1000 1461
4267 4 2 1 1 1208 1599 1531 1736
4268 4 2 1 1 512 461 618 1256
4269 4 2 1 1 1256 1307 1027 1687
4270 4 2 1 1 1096 1401 1349 1466
4271 4 2 1 1 197 1232 196 1659
4272 4 2 1 1 144 1690 143 1731
4273 4 2 1 1 1004 1594 1143 1749
4274 4 2 1 1 526 681 680 1447
4275 4 2 1 1 1061 1458 1319 1774
4276 4 2 1 1 973 1321 1643 1739
4277 4 2 1 1 1113 1174 1684 1692
4278 4 2 1 1 1313 1592 1028 1650
4279 4 2 1 1 888 1582 1190 1654
4280 4 2 1 1 115 664 742 1177
4281 4 2 1 1 1250 1367 1052 1719
4282 4 2 1 1 547 748 548 1351
4283 4 2 1 1 617 1599 491 1648
4284 4 2 1 1 626 762 1130 1631
4285 4 2 1 1 1023 1341 1524 1525
4286 4 2 1 1 1029 1468 1134 1539
4287 4 2 1 1 1030 1139 1357 1509
4288 4 2 1 1 85 747 666 1211
4289 4 2 1 1 1130 1061 1486 1541
4290 4 2 1 1 504 773 438 1357
4291 4 2 1 1 1043 1574 1152 1660
4292 4 2 1 1 1096 1615 1461 1686
4293 4 2 1 1 1122 1616 1429 1754
4294 4 2 1 1 514 563 652 1473
4295 4 2 1 1 1033 1440 1121 1464
4296 4 2 1 1 101 1206 647 1699
4297 4 2 1 1 1053 1451 1123 1523
4298 4 2 1 1 1049 1572 1495 1673
4299 4 2 1 1 1058 1641 1288 1664
4300 4 2 1 1 1251 1387 831 1518
4301 4 2 1 1 322 1370 708 1657
4302 4 2 1 1 1421 1536 1146 1617
4303 4 2 1 1 667 746 1390 1785
4304 4 2 1 1 158 1210 160 1712
4305 4 2 1 1 133 1273 719 1590
4306 4 2 1 1 1223 1730 1382 1780
4307 4 2 1 1 1052 1367 1250 1426
4308 4 2 1 1 895 787 1206 1642
4309 4 2 1 1 372 394 393 1307
4310 4 2 1 1 1111 1396 1182 1649
4311 4 2 1 1 1171 1003 1407 1644
4312 4 2 1 1 516 1505 177 1750
4313 4 2 1 1 510 713 709 1176
4314 4 2 1 1 486 306 1314 1584
4315 4 2 1 1 1039 1166 1312 1680
4316 4 2 1 1 1201 1228 998 1548
4317 4 2 1 1 365 1283 684 1369
4318 4 2 1 1 1211 1503 1361 1664
4319 4 2 1 1 1003 1407 1178 1562
4320 4 2 1 1 428 480 446 1787
4321 4 2 1 1 1031 1151 1481 1566
4322 4 2 1 1 1080 1282 1232 1746
4323 4 2 1 1 939 919 916 1419
4324 4 2 1 1 698 703 1397 1784
4325 4 2 1 1 704 1259 737 1386
4326 4 2 1 1 968 1239 949 1362
4327 4 2 1 1 374 1547 777 1578
4328 4 2 1 1 355 696 324 1289
4329 4 2 1 1 1193 1680 1278 1782
4330 4 2 1 1 521 522 102 1386
4331 4 2 1 1 1022 1250 1367 1426
4332 4 2 1 1 856 1207 853 1774
4333 4 2 1 1 1059 1453 1315 1645
4334 4 2 1 1 794 1506 1177 1729
4335 4 2 1 1 885 1433 843 1493
4336 4 2 1 1 1029 1344 1136 1589
4337 4 2 1 1 1025 1291 1469 1658
4338 4 2 1 1 846 1213 1310 1582
4339 4 2 1 1 229 228 230 1191
4340 4 2 1 1 1021 1144 1498 1766
4341 4 2 1 1 1488 1605 1081 1624
4342 4 2 1 1 990 1327 1404 1668
4343 4 2 1 1 665 507 756 1326
4344 4 2 1 1 1271 1363 1097 1709
4345 4 2 1 1 507 89 760 1306
4346 4 2 1 1 388 1400 391 1471
4347 4 2 1 1 981 945 909 1326
4348 4 2 1 1 1048 1274 1224 1732
4349 4 2 1 1 1035 1262 1162 1555
4350 4 2 1 1 1193 1039 1680 1782
4351 4 2 1 1 276 268 266 1258
4352 4 2 1 1 813 876 859 1319
4353 4 2 1 1 1097 1576 1271 1637
4354 4 2 1 1 43 44 90 1757
4355 4 2 1 1 1048 1224 1452 1732
4356 4 2 1 1 1087 1186 1367 1625
4357 4 2 1 1 994 1632 1138 1633
4358 4 2 1 1 1051 1319 1482 1497
4359 4 2 1 1 120 475 1458 1541
4360 4 2 1 1 1238 1344 181 1704
4361 4 2 1 1 290 1339 368 1587
4362 4 2 1 1 517 1502 1182 1751
4363 4 2 1 1 1069 1308 1343 1696
4364 4 2 1 1 1102 1469 1291 1658
4365 4 2 1 1 1204 1506 660 1729
4366 4 2 1 1 1021 1333 1158 1379
4367 4 2 1 1 882 839 864 1598
4368 4 2 1 1 1190 1299 452 1636
4369 4 2 1 1 522 737 102 1386
4370 4 2 1 1 1026 1281 1436 1628
4371 4 2 1 1 753 476 477 1207
4372 4 2 1 1 1032 1269 1424 1663
4373 4 2 1 1 1014 1194 1356 1522
4374 4 2 1 1 1220 1239 1138 1632
4375 4 2 1 1 858 1493 841 1518
4376 4 2 1 1 891 970 951 1321
4377 4 2 1 1 1028 1235 1430 1750
4378 4 2 1 1 1213 1310 1051 1707
4379 4 2 1 1 935 1206 1440 1642
4380 4 2 1 1 1402 1467 1007 1782
4381 4 2 1 1 412 1503 1394 1620
4382 4 2 1 1 1013 1226 1327 1569
4383 4 2 1 1 985 1426 1517 1641
4384 4 2 1 1 753 107 806 1516
4385 4 2 1 1 1296 1029 1434 1613
4386 4 2 1 1 216 1167 644 1714
4387 4 2 1 1 1167 1036 1513 1562
4388 4 2 1 1 1102 1214 1571 1771
4389 4 2 1 1 872 814 739 1433
4390 4 2 1 1 319 1276 381 1554
4391 4 2 1 1 1087 1625 1367 1719
4392 4 2 1 1 1102 1536 1453 1658
4393 4 2 1 1 463 426 700 1567
4394 4 2 1 1 344 1229 343 1531
4395 4 2 1 1 133 135 719 1273
4396 4 2 1 1 526 1283 681 1447
4397 4 2 1 1 1199 1558 1145 1674
4398 4 2 1 1 1005 1195 1563 1695
4399 4 2 1 1 131 129 130 1409
4400 4 2 1 1 528 525 1279 1393
4401 4 2 1 1 1292 1649 745 1728
4402 4 2 1 1 573 1266 721 1590
4403 4 2 1 1 1061 1319 1374 1497
4404 4 2 1 1 483 1206 787 1642
4405 4 2 1 1 817 864 1523 1598
4406 4 2 1 1 1049 1327 1226 1569
4407 4 2 1 1 335 353 354 1764
4408 4 2 1 1 1511 1560 988 1679
4409 4 2 1 1 1060 1461 1608 1655
4410 4 2 1 1 1025 1322 1291 1658
4411 4 2 1 1 1147 1353 1614 1788
4412 4 2 1 1 428 1261 480 1787
4413 4 2 1 1 579 1455 1215 1779
4414 4 2 1 1 614 1199 421 1674
4415 4 2 1 1 101 787 483 1206
4416 4 2 1 1 906 665 964 1326
4417 4 2 1 1 1038 1325 1399 1428
4418 4 2 1 1 367 1234 469 1570
4419 4 2 1 1 384 721 573 1266
4420 4 2 1 1 924 940 939 1384
4421 4 2 1 1 1011 1303 1238 1589
4422 4 2 1 1 1216 1309 1451 1523
4423 4 2 1 1 1399 1452 1224 1583
4424 4 2 1 1 104 479 774 1507
4425 4 2 1 1 912 915 946 1614
4426 4 2 1 1 255 1250 1545 1719
4427 4 2 1 1 1108 1227 1559 1635
4428 4 2 1 1 1390 1451 1053 1523
4429 4 2 1 1 492 630 1226 1572
4430 4 2 1 1 916 1419 1336 1561
4431 4 2 1 1 666 113 875 1620
4432 4 2 1 1 1238 1303 1136 1589
4433 4 2 1 1 919 926 925 1512
4434 4 2 1 1 1023 1163 1524 1530
4435 4 2 1 1 1031 1197 1301 1480
4436 4 2 1 1 1434 1639 1092 1761
4437 4 2 1 1 1195 1607 1261 1695
4438 4 2 1 1 298 340 1346 1551
4439 4 2 1 1 1142 1504 1023 1671
4440 4 2 1 1 1016 1518 1251 1630
4441 4 2 1 1 948 1220 951 1739
4442 4 2 1 1 912 1443 911 1614
4443 4 2 1 1 541 542 1377 1711
4444 4 2 1 1 1016 1493 1518 1630
4445 4 2 1 1 857 831 1387 1518
4446 4 2 1 1 1021 1145 1498 1515
4447 4 2 1 1 373 309 310 1316
4448 4 2 1 1 708 322 292 1370
4449 4 2 1 1 1251 1518 1493 1630
4450 4 2 1 1 476 475 477 1207
4451 4 2 1 1 1243 1721 435 1735
4452 4 2 1 1 1063 1622 1570 1742
4453 4 2 1 1 140 138 525 1393
4454 4 2 1 1 693 1177 1506 1711
4455 4 2 1 1 1023 1524 1156 1530
4456 4 2 1 1 445 722 464 1323
4457 4 2 1 1 711 84 781 1239
4458 4 2 1 1 263 1529 1158 1672
4459 4 2 1 1 547 660 1204 1506
4460 4 2 1 1 266 1258 267 1529
4461 4 2 1 1 1085 1289 1188 1691
4462 4 2 1 1 1011 1589 1238 1770
4463 4 2 1 1 1331 1110 1560 1679
4464 4 2 1 1 1134 1468 1315 1645
4465 4 2 1 1 1147 1225 1550 1788
4466 4 2 1 1 50 105 49 1325
4467 4 2 1 1 1037 1345 1216 1567
4468 4 2 1 1 1429 1616 986 1754
4469 4 2 1 1 852 1203 863 1556
4470 4 2 1 1 912 911 913 1614
4471 4 2 1 1 985 1517 1253 1641
4472 4 2 1 1 1116 1337 1199 1767
4473 4 2 1 1 505 1170 93 1703
4474 4 2 1 1 378 319 381 1554
4475 4 2 1 1 208 206 1421 1536
4476 4 2 1 1 959 893 972 1462
4477 4 2 1 1 1088 1529 1258 1672
4478 4 2 1 1 44 1380 1153 1694
4479 4 2 1 1 935 1206 934 1440
4480 4 2 1 1 1178 1407 1273 1562
4481 4 2 1 1 1118 1382 1253 1517
4482 4 2 1 1 1014 1276 1236 1417
4483 4 2 1 1 268 267 266 1258
4484 4 2 1 1 1348 1448 1063 1726
4485 4 2 1 1 1195 1531 361 1607
4486 4 2 1 1 924 1384 1159 1540
4487 4 2 1 1 640 1245 334 1716
4488 4 2 1 1 111 903 1321 1643
4489 4 2 1 1 123 1374 51 1744
4490 4 2 1 1 1042 1596 1135 1725
4491 4 2 1 1 833 1395 1174 1684
4492 4 2 1 1 989 1450 1183 1696
4493 4 2 1 1 1099 1180 1638 1668
4494 4 2 1 1 675 745 1649 1728
4495 4 2 1 1 1000 1466 1349 1606
4496 4 2 1 1 988 1527 1135 1725
4497 4 2 1 1 1021 1145 1515 1558
4498 4 2 1 1 208 596 206 1536
4499 4 2 1 1 1160 1466 1429 1615
4500 4 2 1 1 126 125 124 1573
4501 4 2 1 1 1000 1466 1606 1677
4502 4 2 1 1 708 431 1364 1784
4503 4 2 1 1 973 1321 903 1643
4504 4 2 1 1 1483 1496 1074 1725
4505 4 2 1 1 349 1316 580 1661
4506 4 2 1 1 1278 1680 1039 1782
4507 4 2 1 1 863 1345 854 1556
4508 4 2 1 1 1113 1415 1361 1630
4509 4 2 1 1 482 480 346 1489
4510 4 2 1 1 1230 1411 277 1568
4511 4 2 1 1 1108 1359 1151 1698
4512 4 2 1 1 1114 1364 1511 1534
4513 4 2 1 1 100 792 1213 1654
4514 4 2 1 1 1020 1243 1546 1763
4515 4 2 1 1 736 1190 1389 1688
4516 4 2 1 1 1048 1399 1428 1452
4517 4 2 1 1 1106 1496 1483 1725
4518 4 2 1 1 1084 1323 1212 1424
4519 4 2 1 1 1055 1568 1316 1648
4520 4 2 1 1 1165 1040 1346 1699
4521 4 2 1 1 1154 1696 1450 1709
4522 4 2 1 1 1056 1192 1404 1766
4523 4 2 1 1 268 269 1258 1772
4524 4 2 1 1 859 1319 865 1482
4525 4 2 1 1 1329 1348 1063 1742
4526 4 2 1 1 459 1381 797 1449
4527 4 2 1 1 1055 1148 1442 1705
4528 4 2 1 1 498 1224 1399 1710
4529 4 2 1 1 922 932 1220 1777
4530 4 2 1 1 1256 1307 1521 1682
4531 4 2 1 1 1356 1077 1457 1682
4532 4 2 1 1 877 858 883 1177
4533 4 2 1 1 1055 1316 1261 1648
4534 4 2 1 1 1319 1479 1051 1707
4535 4 2 1 1 843 1433 1415 1493
4536 4 2 1 1 272 630 271 1478
4537 4 2 1 1 174 561 1335 1622
4538 4 2 1 1 272 492 630 1226
4539 4 2 1 1 261 1379 260 1601
4540 4 2 1 1 856 810 866 1458
4541 4 2 1 1 961 678 106 1290
4542 4 2 1 1 1137 1436 1123 1612
4543 4 2 1 1 1116 1504 1341 1524
4544 4 2 1 1 763 727 1721 1735
4545 4 2 1 1 205 206 185 1444
4546 4 2 1 1 1340 1576 1115 1646
4547 4 2 1 1 353 1425 354 1449
4548 4 2 1 1 480 1261 484 1607
4549 4 2 1 1 1029 1444 1613 1645
4550 4 2 1 1 1180 1572 274 1638
4551 4 2 1 1 142 1690 1393 1731
4552 4 2 1 1 1341 1504 1023 1524
4553 4 2 1 1 998 1432 1228 1733
4554 4 2 1 1 134 136 135 1273
4555 4 2 1 1 821 820 1309 1612
4556 4 2 1 1 415 397 1237 1585
4557 4 2 1 1 1020 1271 1243 1763
4558 4 2 1 1 1047 1361 1211 1503
4559 4 2 1 1 1031 1400 1175 1471
4560 4 2 1 1 610 1250 255 1585
4561 4 2 1 1 1054 1256 1185 1678
4562 4 2 1 1 49 497 48 1399
4563 4 2 1 1 748 1204 112 1598
4564 4 2 1 1 1053 1523 1387 1598
4565 4 2 1 1 780 706 967 1311
4566 4 2 1 1 1361 1415 1058 1630
4567 4 2 1 1 1169 1528 1002 1761
4568 4 2 1 1 141 140 142 1393
4569 4 2 1 1 1015 1294 1334 1748
4570 4 2 1 1 1020 1709 1271 1763
4571 4 2 1 1 1403 1579 1191 1625
4572 4 2 1 1 629 1371 293 1534
4573 4 2 1 1 917 941 921 1336
4574 4 2 1 1 418 420 1299 1526
4575 4 2 1 1 1036 1548 1393 1652
4576 4 2 1 1 922 1512 932 1777
4577 4 2 1 1 1022 1350 1279 1743
4578 4 2 1 1 1061 1319 1482 1774
4579 4 2 1 1 546 549 544 1280
4580 4 2 1 1 496 1252 592 1712
4581 4 2 1 1 1307 1682 1027 1786
4582 4 2 1 1 914 913 1336 1614
4583 4 2 1 1 45 1694 503 1703
4584 4 2 1 1 1105 1412 1173 1747
4585 4 2 1 1 546 1280 545 1506
4586 4 2 1 1 269 1478 1258 1772
4587 4 2 1 1 1147 1375 1024 1419
4588 4 2 1 1 425 1533 427 1610
4589 4 2 1 1 587 1689 1231 1701
4590 4 2 1 1 1145 1542 697 1674
4591 4 2 1 1 365 1283 1369 1595
4592 4 2 1 1 987 1233 1608 1655
4593 4 2 1 1 853 866 806 1516
4594 4 2 1 1 1019 1386 1259 1685
4595 4 2 1 1 1014 1438 1246 1713
4596 4 2 1 1 1065 1548 1228 1652
4597 4 2 1 1 1087 1365 1237 1555
4598 4 2 1 1 1019 1669 1200 1720
4599 4 2 1 1 1195 1501 1005 1563
4600 4 2 1 1 941 914 913 1336
4601 4 2 1 1 989 1343 1183 1532
4602 4 2 1 1 1161 332 1631 1716
4603 4 2 1 1 666 1211 747 1620
4604 4 2 1 1 201 195 196 1557
4605 4 2 1 1 1291 1587 1202 1653
4606 4 2 1 1 881 1190 842 1395
4607 4 2 1 1 692 380 632 1701
4608 4 2 1 1 491 617 361 1599
4609 4 2 1 1 1453 1536 1059 1658
4610 4 2 1 1 709 405 1386 1673
4611 4 2 1 1 998 1548 1150 1577
4612 4 2 1 1 648 1543 1164 1659
4613 4 2 1 1 1038 1428 1399 1452
4614 4 2 1 1 1030 1357 1170 1552
4615 4 2 1 1 1193 96 1547 1721
4616 4 2 1 1 238 237 1317 1455
4617 4 2 1 1 285 1341 156 1593
4618 4 2 1 1 629 239 293 1371
4619 4 2 1 1 1144 1145 1498 1554
4620 4 2 1 1 873 117 667 1762
4621 4 2 1 1 1248 1376 1152 1759
4622 4 2 1 1 1003 1167 1350 1743
4623 4 2 1 1 292 1370 308 1578
4624 4 2 1 1 496 592 643 1712
4625 4 2 1 1 1137 1037 1556 1778
4626 4 2 1 1 1116 1199 1376 1463
4627 4 2 1 1 801 876 785 1319
4628 4 2 1 1 1261 1607 1195 1648
4629 4 2 1 1 932 1512 1220 1777
4630 4 2 1 1 376 1243 435 1422
4631 4 2 1 1 1291 1653 1202 1730
4632 4 2 1 1 1016 1506 1204 1518
4633 4 2 1 1 1134 1539 1468 1645
4634 4 2 1 1 1015 1566 1294 1575
4635 4 2 1 1 750 1314 490 1604
4636 4 2 1 1 1098 1343 1514 1592
4637 4 2 1 1 1113 1383 1251 1435
4638 4 2 1 1 1045 1398 1339 1754
4639 4 2 1 1 852 1414 1203 1556
4640 4 2 1 1 917 916 1336 1561
4641 4 2 1 1 628 560 468 1238
4642 4 2 1 1 1374 1497 1319 1744
4643 4 2 1 1 1020 1363 1173 1646
4644 4 2 1 1 1153 1683 502 1694
4645 4 2 1 1 704 1259 1386 1685
4646 4 2 1 1 1096 1466 1461 1615
4647 4 2 1 1 1013 1258 1230 1705
4648 4 2 1 1 838 851 1240 1414
4649 4 2 1 1 656 1252 643 1564
4650 4 2 1 1 1084 1424 1284 1442
4651 4 2 1 1 987 1428 1133 1591
4652 4 2 1 1 733 716 110 1312
4653 4 2 1 1 896 1295 734 1702
4654 4 2 1 1 1286 1412 1020 1675
4655 4 2 1 1 349 350 1172 1661
4656 4 2 1 1 1093 1621 1269 1775
4657 4 2 1 1 1002 1514 1343 1592
4658 4 2 1 1 729 45 1268 1380
4659 4 2 1 1 937 933 923 1320
4660 4 2 1 1 1087 1555 1237 1577
4661 4 2 1 1 1067 1653 1351 1715
4662 4 2 1 1 327 1338 328 1552
4663 4 2 1 1 561 468 560 1335
4664 4 2 1 1 1154 1370 1046 1397
4665 4 2 1 1 460 1259 450 1626
4666 4 2 1 1 379 610 255 1585
4667 4 2 1 1 1336 1419 1024 1561
4668 4 2 1 1 987 1133 1497 1591
4669 4 2 1 1 678 673 676 1285
4670 4 2 1 1 427 688 679 1610
4671 4 2 1 1 343 345 1531 1607
4672 4 2 1 1 496 643 1252 1712
4673 4 2 1 1 1247 1509 1139 1560
4674 4 2 1 1 1243 1271 1020 1651
4675 4 2 1 1 671 736 94 1389
4676 4 2 1 1 123 124 105 1374
4677 4 2 1 1 1001 1223 1382 1780
4678 4 2 1 1 1098 1183 1514 1756
4679 4 2 1 1 1165 1489 1206 1699
4680 4 2 1 1 1168 1027 1472 1786
4681 4 2 1 1 1048 1178 1293 1644
4682 4 2 1 1 698 431 703 1784
4683 4 2 1 1 1071 1511 1364 1534
4684 4 2 1 1 583 1444 1184 1613
4685 4 2 1 1 455 490 750 1314
4686 4 2 1 1 1113 1361 1415 1684
4687 4 2 1 1 815 816 817 1390
4688 4 2 1 1 123 51 122 1744
4689 4 2 1 1 1170 1470 520 1583
4690 4 2 1 1 613 288 368 1587
4691 4 2 1 1 1033 1489 1300 1642
4692 4 2 1 1 968 974 949 1239
4693 4 2 1 1 1158 1333 1056 1529
4694 4 2 1 1 1184 1468 1645 1734
4695 4 2 1 1 1168 1472 1324 1786
4696 4 2 1 1 538 539 537 1664
4697 4 2 1 1 1087 1367 1186 1577
4698 4 2 1 1 721 220 1590 1755
4699 4 2 1 1 1133 1399 1325 1428
4700 4 2 1 1 1313 1028 1592 1770
4701 4 2 1 1 1040 1464 1165 1758
4702 4 2 1 1 1344 1444 184 1613
4703 4 2 1 1 524 1184 1543 1659
4704 4 2 1 1 1410 1437 1628 1723
4705 4 2 1 1 1131 1062 1394 1718
4706 4 2 1 1 515 652 1358 1473
4707 4 2 1 1 1126 1075 1462 1661
4708 4 2 1 1 1020 1173 1412 1646
4709 4 2 1 1 238 579 236 1455
4710 4 2 1 1 1098 1342 1313 1592
4711 4 2 1 1 954 1285 943 1474
4712 4 2 1 1 1000 1221 1461 1655
4713 4 2 1 1 110 1312 716 1680
4714 4 2 1 1 653 501 1407 1526
4715 4 2 1 1 1008 1275 1385 1667
4716 4 2 1 1 1202 1459 1616 1653
4717 4 2 1 1 460 1311 706 1624
4718 4 2 1 1 589 1198 593 1765
4719 4 2 1 1 984 1496 1519 1623
4720 4 2 1 1 1089 1438 1246 1623
4721 4 2 1 1 403 1212 404 1626
4722 4 2 1 1 124 1374 123 1744
4723 4 2 1 1 425 427 375 1610
4724 4 2 1 1 262 284 633 1333
4725 4 2 1 1 1213 1051 1479 1707
4726 4 2 1 1 1084 1263 1226 1569
4727 4 2 1 1 1317 1455 237 1765
4728 4 2 1 1 1059 1421 1136 1444
4729 4 2 1 1 1040 1165 1346 1758
4730 4 2 1 1 1311 1605 706 1624
4731 4 2 1 1 407 716 1312 1680
4732 4 2 1 1 1291 1469 1102 1780
4733 4 2 1 1 541 543 542 1711
4734 4 2 1 1 1027 1209 1355 1789
4735 4 2 1 1 516 186 300 1235
4736 4 2 1 1 1055 1563 1148 1705
4737 4 2 1 1 1116 1341 1456 1524
4738 4 2 1 1 1241 1507 767 1735
4739 4 2 1 1 465 1702 1295 1708
4740 4 2 1 1 633 421 1379 1515
4741 4 2 1 1 1172 1316 1055 1568
4742 4 2 1 1 1064 1422 1243 1546
4743 4 2 1 1 607 645 623 1639
4744 4 2 1 1 1035 1365 1162 1369
4745 4 2 1 1 483 1489 1206 1642
4746 4 2 1 1 1238 1704 1335 1770
4747 4 2 1 1 656 496 643 1252
4748 4 2 1 1 860 1204 879 1729
4749 4 2 1 1 254 517 1182 1618
4750 4 2 1 1 719 1273 135 1590
4751 4 2 1 1 1134 1315 1539 1645
4752 4 2 1 1 750 489 1479 1604
4753 4 2 1 1 983 1347 1149 1706
4754 4 2 1 1 1135 1431 1277 1667
4755 4 2 1 1 434 447 774 1735
4756 4 2 1 1 882 812 1204 1598
4757 4 2 1 1 46 1268 45 1703
4758 4 2 1 1 1014 1246 1194 1498
4759 4 2 1 1 1174 1298 1410 1760
4760 4 2 1 1 1054 1185 1312 1678
4761 4 2 1 1 1094 1651 1286 1751
4762 4 2 1 1 1142 1432 1009 1504
4763 4 2 1 1 1136 1059 1444 1645
4764 4 2 1 1 974 968 891 1239
4765 4 2 1 1 645 1430 1196 1701
4766 4 2 1 1 661 111 903 1321
4767 4 2 1 1 1122 1459 1451 1616
4768 4 2 1 1 1006 1349 1331 1752
4769 4 2 1 1 609 417 339 1318
4770 4 2 1 1 995 1366 1218 1691
4771 4 2 1 1 591 1456 1341 1525
4772 4 2 1 1 209 221 210 1576
4773 4 2 1 1 579 577 576 1215
4774 4 2 1 1 842 1395 1190 1582
4775 4 2 1 1 101 483 647 1206
4776 4 2 1 1 1151 1031 1481 1749
4777 4 2 1 1 516 186 1235 1750
4778 4 2 1 1 1016 1251 1435 1630
4779 4 2 1 1 1271 1709 1073 1763
4780 4 2 1 1 615 593 589 1198
4781 4 2 1 1 520 1170 505 1470
4782 4 2 1 1 820 854 818 1309
4783 4 2 1 1 176 174 561 1335
4784 4 2 1 1 1158 1056 1378 1529
4785 4 2 1 1 1242 1356 1194 1522
4786 4 2 1 1 219 321 586 1487
4787 4 2 1 1 1240 1414 1207 1774
4788 4 2 1 1 582 1510 1138 1551
4789 4 2 1 1 1500 1577 1250 1585
4790 4 2 1 1 1208 1501 1078 1736
4791 4 2 1 1 1098 1343 1183 1756
4792 4 2 1 1 951 948 932 1220
4793 4 2 1 1 1009 1194 1248 1558
4794 4 2 1 1 607 654 645 1196
4795 4 2 1 1 1202 1616 1067 1653
4796 4 2 1 1 581 1570 469 1622
4797 4 2 1 1 1093 1330 1269 1621
4798 4 2 1 1 491 484 428 1648
4799 4 2 1 1 262 263 264 1529
4800 4 2 1 1 1053 1451 1459 1616
4801 4 2 1 1 1279 1350 1167 1743
4802 4 2 1 1 1266 1590 1157 1662
4803 4 2 1 1 1032 1626 1311 1740
4804 4 2 1 1 1109 1378 1272 1768
4805 4 2 1 1 676 1285 674 1649
4806 4 2 1 1 981 894 945 1619
4807 4 2 1 1 1061 1482 1319 1497
4808 4 2 1 1 1138 1239 1220 1321
4809 4 2 1 1 1046 1450 1370 1696
4810 4 2 1 1 271 1418 270 1478
4811 4 2 1 1 516 1235 1505 1750
4812 4 2 1 1 248 217 251 1291
4813 4 2 1 1 1084 1323 1172 1670
4814 4 2 1 1 260 633 421 1379
4815 4 2 1 1 656 1252 1564 1736
4816 4 2 1 1 645 249 1430 1701
4817 4 2 1 1 963 101 895 787
4818 4 2 1 1 587 1231 692 1701
4819 4 2 1 1 1004 1182 1396 1675
4820 4 2 1 1 1361 1580 1415 1684
4821 4 2 1 1 1025 1469 1291 1780
4822 4 2 1 1 1033 1384 1126 1465
4823 4 2 1 1 265 261 1601 1672
4824 4 2 1 1 236 1455 579 1779
4825 4 2 1 1 1431 1706 1228 1733
4826 4 2 1 1 332 1161 329 1716
4827 4 2 1 1 1258 1378 1056 1529
4828 4 2 1 1 996 1284 1424 1442
4829 4 2 1 1 879 860 812 1204
4830 4 2 1 1 1192 1574 1476 1660
4831 4 2 1 1 1015 1439 1198 1566
4832 4 2 1 1 1018 1310 1213 1582
4833 4 2 1 1 290 619 368 1339
4834 4 2 1 1 1021 1498 1246 1766
4835 4 2 1 1 505 520 93 1170
4836 4 2 1 1 568 1260 348 1627
4837 4 2 1 1 807 1390 738 1598
4838 4 2 1 1 557 1291 217 1771
4839 4 2 1 1 248 1291 251 1653
4840 4 2 1 1 550 244 256 1545
4841 4 2 1 1 803 867 98 1345
4842 4 2 1 1 1029 1434 1344 1589
4843 4 2 1 1 292 308 291 1578
4844 4 2 1 1 361 1531 1195 1599
4845 4 2 1 1 628 1238 468 1491
4846 4 2 1 1 1190 1636 790 1654
4847 4 2 1 1 35 34 1405 1605
4848 4 2 1 1 1029 1184 1296 1468
4849 4 2 1 1 998 1201 1548 1577
4850 4 2 1 1 490 486 306 1314
4851 4 2 1 1 1178 1407 1003 1644
4852 4 2 1 1 1261 1489 480 1787
4853 4 2 1 1 1097 1308 1187 1494
4854 4 2 1 1 1092 1528 1434 1761
4855 4 2 1 1 1022 1350 1201 1548
4856 4 2 1 1 698 1397 1231 1784
4857 4 2 1 1 1186 1571 1035 1640
4858 4 2 1 1 1050 1273 1484 1562
4859 4 2 1 1 358 1408 357 1618
4860 4 2 1 1 498 1399 1224 1583
4861 4 2 1 1 239 241 293 1371
4862 4 2 1 1 995 1681 1188 1769
4863 4 2 1 1 515 652 636 1358
4864 4 2 1 1 722 465 464 1702
4865 4 2 1 1 1246 1404 1192 1766
4866 4 2 1 1 218 1371 219 1487
4867 4 2 1 1 817 818 815 1216
4868 4 2 1 1 147 1257 1542 1690
4869 4 2 1 1 292 286 703 1397
4870 4 2 1 1 519 103 518 1325
4871 4 2 1 1 1066 1413 1139 1629
4872 4 2 1 1 1196 1592 1092 1761
4873 4 2 1 1 901 472 1405 1600
4874 4 2 1 1 1158 1601 261 1672
4875 4 2 1 1 864 817 807 1598
4876 4 2 1 1 383 669 639 1554
4877 4 2 1 1 511 1256 512 1678
4878 4 2 1 1 993 1328 1155 1611
4879 4 2 1 1 993 1222 1448 1726
4880 4 2 1 1 1160 1544 1119 1677
4881 4 2 1 1 412 442 1503 1620
4882 4 2 1 1 1126 1462 1075 1540
4883 4 2 1 1 494 1500 610 1585
4884 4 2 1 1 579 1215 576 1779
4885 4 2 1 1 992 1539 1315 1645
4886 4 2 1 1 576 1215 577 1779
4887 4 2 1 1 1017 1544 1160 1677
4888 4 2 1 1 685 1230 283 1670
4889 4 2 1 1 722 1462 779 1702
4890 4 2 1 1 649 1477 715 1521
4891 4 2 1 1 1174 1410 1113 1760
4892 4 2 1 1 995 1681 1366 1691
4893 4 2 1 1 930 1306 908 1353
4894 4 2 1 1 1015 1215 1317 1455
4895 4 2 1 1 1134 1468 1219 1679
4896 4 2 1 1 1011 1156 1460 1602
4897 4 2 1 1 1011 1342 1313 1460
4898 4 2 1 1 610 255 1250 1783
4899 4 2 1 1 610 257 255 1783
4900 4 2 1 1 1011 1342 1589 1770
4901 4 2 1 1 1212 1259 1032 1626
4902 4 2 1 1 1065 1391 1304 1652
4903 4 2 1 1 1230 1568 283 1670
4904 4 2 1 1 898 955 975 1643
4905 4 2 1 1 706 460 456 1311
4906 4 2 1 1 329 328 1338 1552
4907 4 2 1 1 1036 1167 1350 1562
4908 4 2 1 1 1058 1415 1211 1433
4909 4 2 1 1 1230 1258 1013 1772
4910 4 2 1 1 1271 1578 1073 1709
4911 4 2 1 1 951 1321 973 1739
4912 4 2 1 1 1067 1351 1280 1715
4913 4 2 1 1 361 360 1531 1599
4914 4 2 1 1 192 195 631 1296
4915 4 2 1 1 934 926 1440 1512
4916 4 2 1 1 1277 1431 1107 1667
4917 4 2 1 1 147 1542 699 1690
4918 4 2 1 1 345 361 1531 1607
4919 4 2 1 1 547 660 748 1204
4920 4 2 1 1 597 459 797 1449
4921 4 2 1 1 1219 1468 1057 1679
4922 4 2 1 1 1012 1301 1197 1480
4923 4 2 1 1 221 616 222 1576
4924 4 2 1 1 1121 1419 1375 1777
4925 4 2 1 1 300 1235 190 1753
4926 4 2 1 1 278 277 1411 1568
4927 4 2 1 1 715 1521 1477 1678
4928 4 2 1 1 1226 1478 1180 1572
4929 4 2 1 1 1010 1524 1156 1759
4930 4 2 1 1 100 805 720 1654
4931 4 2 1 1 1019 1569 1284 1669
4932 4 2 1 1 496 1252 656 1736
4933 4 2 1 1 211 1421 207 1722
4934 4 2 1 1 1087 1367 1250 1719
4935 4 2 1 1 685 277 283 1230
4936 4 2 1 1 966 724 1300 1700
4937 4 2 1 1 745 358 396 1292
4938 4 2 1 1 1030 1139 1509 1560
4939 4 2 1 1 467 469 1234 1622
4940 4 2 1 1 1263 1569 1019 1669
4941 4 2 1 1 198 209 200 1494
4942 4 2 1 1 498 1399 621 1710
4943 4 2 1 1 893 972 1462 1700
4944 4 2 1 1 934 976 949 1362
4945 4 2 1 1 875 113 1389 1620
4946 4 2 1 1 1050 1324 1168 1732
4947 4 2 1 1 904 967 706 1311
4948 4 2 1 1 1011 1460 1313 1602
4949 4 2 1 1 1080 1245 1338 1603
4950 4 2 1 1 1036 1652 1393 1697
4951 4 2 1 1 1033 1261 1316 1787
4952 4 2 1 1 369 649 371 1521
4953 4 2 1 1 816 738 807 1390
4954 4 2 1 1 986 1616 1354 1730
4955 4 2 1 1 307 1288 256 1545
4956 4 2 1 1 1005 1464 1265 1758
4957 4 2 1 1 178 177 176 1255
4958 4 2 1 1 538 798 1433 1664
4959 4 2 1 1 1301 1412 1173 1646
4960 4 2 1 1 365 1369 571 1595
4961 4 2 1 1 1050 1273 1178 1665
4962 4 2 1 1 1070 1550 1353 1739
4963 4 2 1 1 915 1147 1614 1777
4964 4 2 1 1 760 1306 441 1693
4965 4 2 1 1 171 1348 172 1446
4966 4 2 1 1 550 256 307 1288
4967 4 2 1 1 1044 1210 1329 1448
4968 4 2 1 1 1188 1289 1681 1691
4969 4 2 1 1 1075 1295 1702 1708
4970 4 2 1 1 182 181 1344 1704
4971 4 2 1 1 555 552 551 1653
4972 4 2 1 1 223 1214 549 1715
4973 4 2 1 1 1024 1419 1375 1635
4974 4 2 1 1 1320 1535 1117 1561
4975 4 2 1 1 985 1437 1410 1723
4976 4 2 1 1 517 757 396 1182
4977 4 2 1 1 587 654 1689 1701
4978 4 2 1 1 947 929 944 1745
4979 4 2 1 1 1022 1318 1279 1500
4980 4 2 1 1 1048 1452 1293 1732
4981 4 2 1 1 158 160 157 1712
4982 4 2 1 1 337 762 332 1631
4983 4 2 1 1 1238 1589 1092 1770
4984 4 2 1 1 1210 1448 1044 1454
4985 4 2 1 1 1375 1419 1147 1777
4986 4 2 1 1 367 590 1447 1570
4987 4 2 1 1 714 719 135 1590
4988 4 2 1 1 255 1545 1250 1783
4989 4 2 1 1 1199 1515 421 1674
4990 4 2 1 1 110 42 511 1185
4991 4 2 1 1 1074 1356 1242 1596
4992 4 2 1 1 1279 1393 1036 1548
4993 4 2 1 1 173 172 1348 1446
4994 4 2 1 1 395 1168 1737 1755
4995 4 2 1 1 1448 1602 1063 1726
4996 4 2 1 1 1415 1433 1058 1493
4997 4 2 1 1 401 399 1263 1673
4998 4 2 1 1 1021 1515 1199 1558
4999 4 2 1 1 1088 1378 1272 1705
5000 4 2 1 1 127 1573 1409 1710
5001 4 2 1 1 1304 1391 1076 1652
5002 4 2 1 1 550 256 1288 1545
5003 4 2 1 1 396 254 517 1182
5004 4 2 1 1 486 687 689 1584
5005 4 2 1 1 401 399 400 1263
5006 4 2 1 1 432 240 1364 1784
5007 4 2 1 1 329 327 328 1552
5008 4 2 1 1 915 1614 1419 1777
5009 4 2 1 1 1012 1340 1187 1753
5010 4 2 1 1 1062 1299 1171 1526
5011 4 2 1 1 1011 1530 1156 1602
5012 4 2 1 1 1182 1618 517 1751
5013 4 2 1 1 1003 1350 1167 1562
5014 4 2 1 1 1077 1521 1236 1717
5015 4 2 1 1 771 438 326 1357
5016 4 2 1 1 38 1241 767 1735
5017 4 2 1 1 457 741 458 1203
5018 4 2 1 1 635 391 388 1400
5019 4 2 1 1 1091 1492 1171 1644
5020 4 2 1 1 793 896 734 1702
5021 4 2 1 1 1360 1383 823 1692
5022 4 2 1 1 1119 1544 1449 1677
5023 4 2 1 1 698 587 321 1231
5024 4 2 1 1 654 1196 607 1689
5025 4 2 1 1 1065 1391 1228 1432
5026 4 2 1 1 96 763 727 1721
5027 4 2 1 1 1269 1330 1117 1621
5028 4 2 1 1 136 137 135 1697
5029 4 2 1 1 1214 1715 223 1771
5030 4 2 1 1 1021 1498 1145 1558
5031 4 2 1 1 104 36 1488 1507
5032 4 2 1 1 344 342 343 1229
5033 4 2 1 1 220 1665 1590 1755
5034 4 2 1 1 929 1499 1181 1745
5035 4 2 1 1 1322 1536 1102 1658
5036 4 2 1 1 1082 1595 1491 1722
5037 4 2 1 1 1237 1555 998 1577
5038 4 2 1 1 916 914 1336 1419
5039 4 2 1 1 1190 1582 1636 1654
5040 4 2 1 1 1313 1592 1342 1770
5041 4 2 1 1 652 391 1358 1471
5042 4 2 1 1 1211 1503 747 1620
5043 4 2 1 1 1202 1398 1025 1730
5044 4 2 1 1 1150 1577 1500 1585
5045 4 2 1 1 990 1404 1246 1713
5046 4 2 1 1 657 1364 432 1534
5047 4 2 1 1 1048 1224 1399 1452
5048 4 2 1 1 403 402 404 1212
5049 4 2 1 1 757 396 1182 1649
5050 4 2 1 1 1100 1151 1566 1575
5051 4 2 1 1 1422 1546 1094 1651
5052 4 2 1 1 404 1626 1212 1708
5053 4 2 1 1 1041 1143 1485 1594
5054 4 2 1 1 1199 1515 1145 1558
5055 4 2 1 1 640 330 328 1338
5056 4 2 1 1 336 334 411 1245
5057 4 2 1 1 1137 1556 1309 1778
5058 4 2 1 1 1036 1393 1279 1513
5059 4 2 1 1 142 143 1690 1731
5060 4 2 1 1 758 107 477 1516
5061 4 2 1 1 881 842 1190 1582
5062 4 2 1 1 1080 1401 1282 1606
5063 4 2 1 1 895 1206 935 1642
5064 4 2 1 1 794 742 664 1177
5065 4 2 1 1 1254 1657 1071 1676
5066 4 2 1 1 1055 1442 1172 1568
5067 4 2 1 1 1254 1683 761 1757
5068 4 2 1 1 282 274 1572 1638
5069 4 2 1 1 1047 1395 1389 1580
5070 4 2 1 1 983 1277 1347 1706
5071 4 2 1 1 1104 1379 1158 1601
5072 4 2 1 1 1413 1534 1139 1629
5073 4 2 1 1 1271 1637 1154 1709
5074 4 2 1 1 685 277 1230 1772
5075 4 2 1 1 121 35 1405 1724
5076 4 2 1 1 242 286 291 1637
5077 4 2 1 1 1025 1291 1730 1780
5078 4 2 1 1 823 1360 850 1612
5079 4 2 1 1 1128 1400 1198 1765
5080 4 2 1 1 133 1590 719 1665
5081 4 2 1 1 653 501 233 1407
5082 4 2 1 1 1071 1657 1364 1676
5083 4 2 1 1 988 1275 1560 1629
5084 4 2 1 1 1121 1375 1419 1635
5085 4 2 1 1 1146 1595 1082 1722
5086 4 2 1 1 283 1230 277 1568
5087 4 2 1 1 607 318 655 1689
5088 4 2 1 1 973 951 903 1321
5089 4 2 1 1 480 428 484 1261
5090 4 2 1 1 403 402 1212 1685
5091 4 2 1 1 1153 502 1683 1757
5092 4 2 1 1 1167 1526 644 1714
5093 4 2 1 1 1074 1457 1356 1596
5094 4 2 1 1 582 711 436 1551
5095 4 2 1 1 1001 1373 1223 1469
5096 4 2 1 1 729 1268 97 1737
5097 4 2 1 1 1279 1318 1022 1743
5098 4 2 1 1 823 850 822 1612
5099 4 2 1 1 237 238 1317 1765
5100 4 2 1 1 1273 1513 1036 1562
5101 4 2 1 1 257 1545 255 1783
5102 4 2 1 1 757 676 674 1649
5103 4 2 1 1 1047 1361 1503 1718
5104 4 2 1 1 328 330 329 1338
5105 4 2 1 1 1145 1522 1009 1558
5106 4 2 1 1 1255 1103 1335 1770
5107 4 2 1 1 1067 1280 1214 1715
5108 4 2 1 1 608 227 571 1369
5109 4 2 1 1 86 667 746 1390
5110 4 2 1 1 587 698 692 1231
5111 4 2 1 1 97 498 499 1224
5112 4 2 1 1 1154 1397 1046 1696
5113 4 2 1 1 142 144 143 1731
5114 4 2 1 1 1305 1363 1020 1763
5115 4 2 1 1 1481 1594 1225 1749
5116 4 2 1 1 377 1274 725 1737
5117 4 2 1 1 1032 1295 1626 1740
5118 4 2 1 1 1171 1314 1091 1584
5119 4 2 1 1 334 1245 336 1764
5120 4 2 1 1 1069 1397 1231 1701
5121 4 2 1 1 1245 1533 1119 1606
5122 4 2 1 1 849 835 1415 1684
5123 4 2 1 1 1003 1293 1178 1644
5124 4 2 1 1 1003 1178 1293 1562
5125 4 2 1 1 1172 1442 1230 1568
5126 4 2 1 1 1045 1164 1401 1610
5127 4 2 1 1 1027 1682 1457 1786
5128 4 2 1 1 1196 1430 645 1639
5129 4 2 1 1 1393 1652 1304 1697
5130 4 2 1 1 557 223 1715 1771
5131 4 2 1 1 1436 1615 986 1628
5132 4 2 1 1 994 1294 1265 1633
5133 4 2 1 1 1066 1268 1380 1472
5134 4 2 1 1 1069 1397 1154 1696
5135 4 2 1 1 493 1226 272 1772
5136 4 2 1 1 1070 1353 1306 1739
5137 4 2 1 1 612 415 397 1237
5138 4 2 1 1 795 1626 1295 1740
5139 4 2 1 1 158 161 160 1210
5140 4 2 1 1 211 212 208 1617
5141 4 2 1 1 1043 1155 1532 1611
5142 4 2 1 1 228 317 230 1727
5143 4 2 1 1 1089 1246 1438 1713
5144 4 2 1 1 1139 1534 1511 1629
5145 4 2 1 1 494 638 610 1500
5146 4 2 1 1 374 308 1370 1578
5147 4 2 1 1 1149 1347 1277 1706
5148 4 2 1 1 698 1231 321 1784
5149 4 2 1 1 766 672 1620 1688
5150 4 2 1 1 239 218 241 1371
5151 4 2 1 1 812 112 1204 1598
5152 4 2 1 1 1098 1222 1313 1460
5153 4 2 1 1 302 303 1339 1627
5154 4 2 1 1 196 1232 202 1557
5155 4 2 1 1 995 1269 1621 1775
5156 4 2 1 1 1033 1227 1465 1695
5157 4 2 1 1 1078 1564 1252 1736
5158 4 2 1 1 1266 1324 1050 1662
5159 4 2 1 1 1071 1534 1413 1629
5160 4 2 1 1 1179 997 1406 1574
5161 4 2 1 1 518 1470 765 1631
5162 4 2 1 1 1297 1376 1104 1463
5163 4 2 1 1 1193 1039 1423 1680
5164 4 2 1 1 1126 1465 1384 1540
5165 4 2 1 1 1046 1370 1154 1696
5166 4 2 1 1 790 736 452 1190
5167 4 2 1 1 1113 1630 1361 1723
5168 4 2 1 1 845 862 886 1580
5169 4 2 1 1 1184 1006 1468 1734
5170 4 2 1 1 943 899 961 1285
5171 4 2 1 1 583 362 627 1543
5172 4 2 1 1 991 1356 1457 1596
5173 4 2 1 1 759 1216 1567 1785
5174 4 2 1 1 878 1213 805 1479
5175 4 2 1 1 755 696 355 1289
5176 4 2 1 1 331 1413 439 1534
5177 4 2 1 1 417 1318 609 1714
5178 4 2 1 1 640 328 558 1338
5179 4 2 1 1 1303 1539 1136 1589
5180 4 2 1 1 1003 1350 1244 1743
5181 4 2 1 1 475 476 120 1458
5182 4 2 1 1 781 668 437 1239
5183 4 2 1 1 1320 1540 1159 1663
5184 4 2 1 1 1010 1376 1248 1759
5185 4 2 1 1 1122 1567 1216 1785
5186 4 2 1 1 364 681 365 1595
5187 4 2 1 1 1076 1145 1522 1542
5188 4 2 1 1 237 589 593 1765
5189 4 2 1 1 1335 1704 1255 1770
5190 4 2 1 1 35 34 121 1405
5191 4 2 1 1 348 426 425 1260
5192 4 2 1 1 1427 1497 1133 1744
5193 4 2 1 1 499 97 1224 1737
5194 4 2 1 1 1203 1544 1037 1556
5195 4 2 1 1 1203 1345 1037 1425
5196 4 2 1 1 253 379 255 1719
5197 4 2 1 1 775 531 1423 1609
5198 4 2 1 1 1199 1463 1116 1767
5199 4 2 1 1 756 1485 424 1728
5200 4 2 1 1 1392 1676 1046 1756
5201 4 2 1 1 1176 1049 1495 1673
5202 4 2 1 1 747 85 798 1211
5203 4 2 1 1 1111 1649 1292 1728
5204 4 2 1 1 38 1241 763 1666
5205 4 2 1 1 827 1684 1174 1692
5206 4 2 1 1 1261 1489 1165 1607
5207 4 2 1 1 192 318 188 1434
5208 4 2 1 1 1054 1256 1521 1682
5209 4 2 1 1 1029 1296 1184 1613
5210 4 2 1 1 327 1509 1338 1552
5211 4 2 1 1 247 1322 596 1536
5212 4 2 1 1 194 200 204 1340
5213 4 2 1 1 546 556 549 1715
5214 4 2 1 1 337 332 333 1716
5215 4 2 1 1 938 1320 920 1535
5216 4 2 1 1 1164 1045 1339 1610
5217 4 2 1 1 1419 1614 1147 1777
5218 4 2 1 1 718 1254 443 1657
5219 4 2 1 1 1356 1457 1077 1662
5220 4 2 1 1 1137 1436 1160 1778
5221 4 2 1 1 557 223 549 1715
5222 4 2 1 1 344 343 345 1531
5223 4 2 1 1 565 564 495 1208
5224 4 2 1 1 498 48 1399 1583
5225 4 2 1 1 511 1185 42 1757
5226 4 2 1 1 1108 1559 1148 1634
5227 4 2 1 1 1429 1451 1122 1778
5228 4 2 1 1 580 349 309 1316
5229 4 2 1 1 921 920 917 1561
5230 4 2 1 1 430 429 526 1525
5231 4 2 1 1 720 805 869 1654
5232 4 2 1 1 608 466 317 1365
5233 4 2 1 1 425 1260 426 1533
5234 4 2 1 1 469 367 467 1234
5235 4 2 1 1 1168 1324 1266 1786
5236 4 2 1 1 1264 1437 1095 1686
5237 4 2 1 1 218 239 219 1371
5238 4 2 1 1 1292 1396 1111 1594
5239 4 2 1 1 1152 1179 1406 1574
5240 4 2 1 1 686 1243 376 1651
5241 4 2 1 1 1044 1210 1454 1712
5242 4 2 1 1 1037 1345 1203 1556
5243 4 2 1 1 1242 1483 1074 1596
5244 4 2 1 1 246 211 207 1722
5245 4 2 1 1 1139 1511 1560 1629
5246 4 2 1 1 1258 1411 1230 1705
5247 4 2 1 1 1005 1695 1464 1758
5248 4 2 1 1 1055 1230 1442 1568
5249 4 2 1 1 1076 1304 1542 1690
5250 4 2 1 1 1053 1387 1204 1598
5251 4 2 1 1 920 1320 923 1561
5252 4 2 1 1 302 303 290 1339
5253 4 2 1 1 645 1196 654 1701
5254 4 2 1 1 683 750 489 1479
5255 4 2 1 1 1010 1210 1297 1454
5256 4 2 1 1 377 725 499 1737
5257 4 2 1 1 562 563 423 1471
5258 4 2 1 1 971 1405 34 1605
5259 4 2 1 1 1113 1361 1684 1760
5260 4 2 1 1 988 1560 1511 1629
5261 4 2 1 1 1024 1419 1336 1614
5262 4 2 1 1 991 1484 1157 1652
5263 4 2 1 1 634 558 241 1247
5264 4 2 1 1 133 719 220 1665
5265 4 2 1 1 1003 1171 1492 1644
5266 4 2 1 1 1108 1559 1359 1698
5267 4 2 1 1 547 546 545 1506
5268 4 2 1 1 315 410 582 1510
5269 4 2 1 1 316 386 385 1368
5270 4 2 1 1 273 279 500 1418
5271 4 2 1 1 502 761 1683 1757
5272 4 2 1 1 1001 1214 1571 1780
5273 4 2 1 1 1324 1472 1027 1786
5274 4 2 1 1 247 596 213 1536
5275 4 2 1 1 1011 1238 1335 1770
5276 4 2 1 1 589 171 199 1446
5277 4 2 1 1 1374 1061 1497 1591
5278 4 2 1 1 255 256 244 1545
5279 4 2 1 1 667 1216 815 1762
5280 4 2 1 1 471 764 479 1724
5281 4 2 1 1 1071 1511 1534 1629
5282 4 2 1 1 633 1333 284 1515
5283 4 2 1 1 272 493 492 1226
5284 4 2 1 1 1291 1322 1025 1587
5285 4 2 1 1 212 1617 215 1771
5286 4 2 1 1 1263 401 1673 1685
5287 4 2 1 1 1105 1366 1218 1775
5288 4 2 1 1 1080 1338 1245 1746
5289 4 2 1 1 251 1291 217 1715
5290 4 2 1 1 1216 1567 1345 1762
5291 4 2 1 1 1251 1113 1435 1630
5292 4 2 1 1 625 649 369 1477
5293 4 2 1 1 1189 1449 1017 1677
5294 4 2 1 1 1066 1694 1629 1789
5295 4 2 1 1 805 1213 846 1654
5296 4 2 1 1 184 1444 583 1613
5297 4 2 1 1 412 1620 1394 1688
5298 4 2 1 1 1279 1714 1318 1743
5299 4 2 1 1 1313 1460 1222 1602
5300 4 2 1 1 1056 1418 1180 1478
5301 4 2 1 1 173 171 172 1446
5302 4 2 1 1 404 1212 402 1741
5303 4 2 1 1 1021 1376 1199 1379
5304 4 2 1 1 618 1307 372 1521
5305 4 2 1 1 930 955 908 1306
5306 4 2 1 1 992 1520 1315 1539
5307 4 2 1 1 1242 1356 991 1596
5308 4 2 1 1 295 296 238 1317
5309 4 2 1 1 618 1521 715 1678
5310 4 2 1 1 1284 1569 1141 1669
5311 4 2 1 1 1041 1485 1326 1728
5312 4 2 1 1 87 966 724 1300
5313 4 2 1 1 1183 1343 1098 1532
5314 4 2 1 1 333 335 597 1764
5315 4 2 1 1 1204 1351 1053 1598
5316 4 2 1 1 1295 1626 795 1708
5317 4 2 1 1 825 823 1383 1692
5318 4 2 1 1 752 700 1345 1567
5319 4 2 1 1 330 640 334 1716
5320 4 2 1 1 804 1415 843 1433
5321 4 2 1 1 522 704 737 1386
5322 4 2 1 1 320 1236 369 1717
5323 4 2 1 1 1058 1433 1211 1664
5324 4 2 1 1 695 1670 1323 1741
5325 4 2 1 1 701 788 410 1321
5326 4 2 1 1 172 171 168 1348
5327 4 2 1 1 1192 1406 997 1574
5328 4 2 1 1 1360 1383 1026 1612
5329 4 2 1 1 1123 1451 1436 1778
5330 4 2 1 1 1083 1342 1528 1589
5331 4 2 1 1 1005 1748 1334 1758
5332 4 2 1 1 384 572 370 1717
5333 4 2 1 1 895 934 935 1206
5334 4 2 1 1 1068 1473 1358 1480
5335 4 2 1 1 821 822 820 1612
5336 4 2 1 1 715 1477 408 1678
5337 4 2 1 1 427 1533 1282 1610
5338 4 2 1 1 986 1429 1398 1615
5339 4 2 1 1 457 752 1345 1425
5340 4 2 1 1 101 768 1362 1699
5341 4 2 1 1 781 1239 437 1773
5342 4 2 1 1 1224 1274 1048 1710
5343 4 2 1 1 143 1257 147 1690
5344 4 2 1 1 1134 1520 1347 1527
5345 4 2 1 1 1150 1393 1279 1548
5346 4 2 1 1 133 134 135 1273
5347 4 2 1 1 328 1338 327 1509
5348 4 2 1 1 780 706 1311 1605
5349 4 2 1 1 742 794 693 1177
5350 4 2 1 1 303 375 619 1339
5351 4 2 1 1 298 297 340 1551
5352 4 2 1 1 116 1326 756 1728
5353 4 2 1 1 648 619 679 1610
5354 4 2 1 1 498 48 497 1399
5355 4 2 1 1 1273 1590 1157 1697
5356 4 2 1 1 1249 1049 1597 1668
5357 4 2 1 1 917 916 914 1336
5358 4 2 1 1 1035 1162 1365 1555
5359 4 2 1 1 764 355 770 1289
5360 4 2 1 1 942 929 941 1181
5361 4 2 1 1 1308 1363 1097 1646
5362 4 2 1 1 883 1177 1518 1729
5363 4 2 1 1 146 149 148 1337
5364 4 2 1 1 1059 1444 1184 1543
5365 4 2 1 1 715 649 408 1477
5366 4 2 1 1 1056 1404 1180 1418
5367 4 2 1 1 325 676 757 1502
5368 4 2 1 1 43 502 44 1757
5369 4 2 1 1 922 932 948 1220
5370 4 2 1 1 984 1483 1496 1623
5371 4 2 1 1 424 756 507 1485
5372 4 2 1 1 986 1436 1451 1778
5373 4 2 1 1 1415 1580 849 1684
5374 4 2 1 1 1429 1466 1398 1615
5375 4 2 1 1 617 1599 533 1672
5376 4 2 1 1 961 106 897 1290
5377 4 2 1 1 342 599 578 1565
5378 4 2 1 1 1154 1578 1271 1709
5379 4 2 1 1 619 1339 375 1610
5380 4 2 1 1 306 130 1409 1584
5381 4 2 1 1 852 808 863 1203
5382 4 2 1 1 1580 1684 1361 1760
5383 4 2 1 1 1339 1202 1627 1754
5384 4 2 1 1 817 864 839 1523
5385 4 2 1 1 214 212 215 1771
5386 4 2 1 1 1092 1344 1434 1589
5387 4 2 1 1 685 588 277 1772
5388 4 2 1 1 986 1160 1436 1778
5389 4 2 1 1 1058 1211 1361 1664
5390 4 2 1 1 670 462 114 1462
5391 4 2 1 1 182 1344 188 1434
5392 4 2 1 1 46 93 47 1703
5393 4 2 1 1 1037 1203 1425 1544
5394 4 2 1 1 747 1503 1211 1664
5395 4 2 1 1 264 637 284 1333
5396 4 2 1 1 895 976 934 1206
5397 4 2 1 1 358 1292 359 1408
5398 4 2 1 1 423 575 359 1408
5399 4 2 1 1 986 1429 1160 1778
5400 4 2 1 1 306 130 128 1409
5401 4 2 1 1 1054 1355 1256 1682
5402 4 2 1 1 1036 1484 1273 1562
5403 4 2 1 1 1049 1226 1263 1569
5404 4 2 1 1 1051 1319 1497 1744
5405 4 2 1 1 1098 1313 1342 1460
5406 4 2 1 1 212 1536 208 1617
5407 4 2 1 1 411 334 640 1245
5408 4 2 1 1 719 1590 220 1665
5409 4 2 1 1 798 747 1211 1664
5410 4 2 1 1 424 392 796 1728
5411 4 2 1 1 52 785 122 1319
5412 4 2 1 1 188 1434 1344 1613
5413 4 2 1 1 771 1357 326 1509
5414 4 2 1 1 934 925 926 1512
5415 4 2 1 1 1070 1643 1306 1693
5416 4 2 1 1 613 1322 288 1587
5417 4 2 1 1 739 814 115 1433
5418 4 2 1 1 1190 1389 1047 1395
5419 4 2 1 1 402 1212 1685 1741
5420 4 2 1 1 850 826 830 1360
5421 4 2 1 1 986 1223 1398 1730
5422 4 2 1 1 38 763 1241 1735
5423 4 2 1 1 225 487 210 1576
5424 4 2 1 1 546 544 545 1280
5425 4 2 1 1 528 140 525 1393
5426 4 2 1 1 995 1769 1200 1775
5427 4 2 1 1 430 600 1456 1525
5428 4 2 1 1 1255 1028 1639 1750
5429 4 2 1 1 329 1161 352 1552
5430 4 2 1 1 569 549 223 1214
5431 4 2 1 1 1049 1176 1669 1673
5432 4 2 1 1 991 1157 1484 1662
5433 4 2 1 1 498 499 1224 1710
5434 4 2 1 1 1176 1019 1386 1720
5435 4 2 1 1 91 1254 761 1757
5436 4 2 1 1 538 798 730 1433
5437 4 2 1 1 557 217 1291 1715
5438 4 2 1 1 252 324 1502 1751
5439 4 2 1 1 1047 1503 1211 1620
5440 4 2 1 1 1180 1327 1049 1668
5441 4 2 1 1 823 1383 1360 1612
5442 4 2 1 1 430 1456 591 1525
5443 4 2 1 1 1059 1658 1322 1734
5444 4 2 1 1 1052 1426 1545 1641
5445 4 2 1 1 205 207 206 1421
5446 4 2 1 1 44 705 90 1380
5447 4 2 1 1 359 358 392 1292
5448 4 2 1 1 1157 1484 1036 1652
5449 4 2 1 1 1331 1349 1110 1752
5450 4 2 1 1 1324 1484 1050 1662
5451 4 2 1 1 1091 1171 1584 1644
5452 4 2 1 1 265 261 564 1601
5453 4 2 1 1 1037 1544 1429 1778
5454 4 2 1 1 685 493 588 1772
5455 4 2 1 1 430 600 591 1456
5456 4 2 1 1 1077 1307 1266 1786
5457 4 2 1 1 657 331 439 1534
5458 4 2 1 1 621 1399 125 1573
5459 4 2 1 1 1183 1496 1089 1519
5460 4 2 1 1 155 600 158 1456
5461 4 2 1 1 1134 1315 1520 1539
5462 4 2 1 1 541 1377 693 1711
5463 4 2 1 1 355 764 755 1289
5464 4 2 1 1 172 1348 581 1622
5465 4 2 1 1 510 1278 717 1495
5466 4 2 1 1 459 758 797 1381
5467 4 2 1 1 1363 1709 1020 1763
5468 4 2 1 1 819 821 820 1309
5469 4 2 1 1 1022 1367 1250 1577
5470 4 2 1 1 1181 1691 1034 1745
5471 4 2 1 1 1152 1406 1192 1574
5472 4 2 1 1 1234 1530 1011 1602
5473 4 2 1 1 554 553 552 1459
5474 4 2 1 1 146 559 570 1332
5475 4 2 1 1 802 113 671 1389
5476 4 2 1 1 557 251 217 1715
5477 4 2 1 1 102 690 36 1488
5478 4 2 1 1 1413 1629 1066 1694
5479 4 2 1 1 1309 1556 1037 1778
5480 4 2 1 1 1131 1545 1426 1641
5481 4 2 1 1 1008 1452 1224 1732
5482 4 2 1 1 1247 1331 1057 1557
5483 4 2 1 1 722 444 779 1661
5484 4 2 1 1 1429 1544 1160 1778
5485 4 2 1 1 645 249 191 1430
5486 4 2 1 1 1083 1528 1539 1589
5487 4 2 1 1 522 521 709 1386
5488 4 2 1 1 356 1500 1318 1783
5489 4 2 1 1 1017 1449 1203 1544
5490 4 2 1 1 1315 1072 1453 1658
5491 4 2 1 1 245 295 1317 1510
5492 4 2 1 1 196 688 202 1232
5493 4 2 1 1 129 377 127 1710
5494 4 2 1 1 1215 1564 577 1779
5495 4 2 1 1 1161 1000 1588 1603
5496 4 2 1 1 1325 1428 1038 1591
5497 4 2 1 1 1092 1592 1342 1761
5498 4 2 1 1 434 376 435 1422
5499 4 2 1 1 545 1280 544 1711
5500 4 2 1 1 288 247 248 1587
5501 4 2 1 1 766 1620 412 1688
5502 4 2 1 1 1016 1177 1506 1518
5503 4 2 1 1 143 147 699 1690
5504 4 2 1 1 675 694 745 1728
5505 4 2 1 1 1032 1212 1626 1708
5506 4 2 1 1 965 734 896 1740
5507 4 2 1 1 987 1281 1233 1486
5508 4 2 1 1 1272 1537 1109 1768
5509 4 2 1 1 541 742 693 1377
5510 4 2 1 1 663 905 963 1362
5511 4 2 1 1 404 1708 1212 1741
5512 4 2 1 1 1038 1399 1325 1583
5513 4 2 1 1 554 738 1390 1598
5514 4 2 1 1 793 960 896 1702
5515 4 2 1 1 996 1559 1227 1635
5516 4 2 1 1 50 474 51 1374
5517 4 2 1 1 1115 1412 1286 1675
5518 4 2 1 1 1035 1555 1186 1640
5519 4 2 1 1 1161 1470 352 1552
5520 4 2 1 1 1157 1652 1036 1697
5521 4 2 1 1 993 1611 1222 1726
5522 4 2 1 1 1163 1023 1524 1525
5523 4 2 1 1 1161 1030 1552 1603
5524 4 2 1 1 628 181 560 1238
5525 4 2 1 1 1165 1464 1033 1695
5526 4 2 1 1 785 876 732 1319
5527 4 2 1 1 557 217 214 1771
5528 4 2 1 1 367 681 364 1447
5529 4 2 1 1 643 1564 1252 1712
5530 4 2 1 1 1017 1189 1381 1449
5531 4 2 1 1 36 470 104 1488
5532 4 2 1 1 371 618 372 1521
5533 4 2 1 1 1222 1611 1313 1726
5534 4 2 1 1 988 1219 1511 1679
5535 4 2 1 1 1088 1501 1195 1563
5536 4 2 1 1 658 695 1323 1741
5537 4 2 1 1 569 224 229 1579
5538 4 2 1 1 1040 1220 1512 1632
5539 4 2 1 1 365 684 571 1369
5540 4 2 1 1 1129 1488 1188 1656
5541 4 2 1 1 590 367 469 1570
5542 4 2 1 1 200 487 204 1340
5543 4 2 1 1 792 750 100 1213
5544 4 2 1 1 445 1323 695 1670
5545 4 2 1 1 968 949 905 1362
5546 4 2 1 1 933 979 1462 1540
5547 4 2 1 1 1080 1245 1606 1746
5548 4 2 1 1 657 712 432 1364
5549 4 2 1 1 512 511 90 1256
5550 4 2 1 1 407 509 716 1680
5551 4 2 1 1 267 637 264 1529
5552 4 2 1 1 1327 1597 1049 1668
5553 4 2 1 1 87 902 966 1300
5554 4 2 1 1 481 1489 483 1642
5555 4 2 1 1 411 1245 640 1746
5556 4 2 1 1 842 832 1395 1582
5557 4 2 1 1 652 563 391 1471
5558 4 2 1 1 829 1310 847 1707
5559 4 2 1 1 1042 1483 1242 1596
5560 4 2 1 1 756 116 665 1326
5561 4 2 1 1 467 561 301 1622
5562 4 2 1 1 1067 1653 1291 1730
5563 4 2 1 1 881 888 842 1582
5564 4 2 1 1 721 1590 1266 1755
5565 4 2 1 1 1092 1344 1238 1704
5566 4 2 1 1 568 426 348 1260
5567 4 2 1 1 147 697 1542 1674
5568 4 2 1 1 1133 1428 1325 1591
5569 4 2 1 1 1098 1519 1183 1532
5570 4 2 1 1 426 1260 568 1567
5571 4 2 1 1 1005 1165 1695 1758
5572 4 2 1 1 1572 1638 1180 1668
5573 4 2 1 1 469 1570 1234 1622
5574 4 2 1 1 501 216 136 1513
5575 4 2 1 1 184 188 1344 1613
5576 4 2 1 1 1050 1590 1266 1662
5577 4 2 1 1 1008 1385 1275 1581
5578 4 2 1 1 1382 1730 1067 1780
5579 4 2 1 1 477 478 758 1381
5580 4 2 1 1 1228 1036 1484 1652
5581 4 2 1 1 1080 1606 1282 1746
5582 4 2 1 1 1260 1425 1037 1567
5583 4 2 1 1 1430 1639 1028 1750
5584 4 2 1 1 1148 1537 1272 1634
5585 4 2 1 1 260 421 258 1379
5586 4 2 1 1 996 1330 1559 1635
5587 4 2 1 1 1077 1682 1307 1786
5588 4 2 1 1 997 1272 1378 1768
5589 4 2 1 1 1134 1315 1347 1520
5590 4 2 1 1 1428 1608 1101 1655
5591 4 2 1 1 860 882 812 1204
5592 4 2 1 1 610 1500 1250 1585
5593 4 2 1 1 432 708 431 1364
5594 4 2 1 1 1039 1490 1205 1549
5595 4 2 1 1 1014 1498 1194 1522
5596 4 2 1 1 802 875 113 1389
5597 4 2 1 1 1051 1497 1427 1744
5598 4 2 1 1 760 662 441 1306
5599 4 2 1 1 992 1267 1303 1508
5600 4 2 1 1 179 1639 1255 1704
5601 4 2 1 1 278 1568 1411 1648
5602 4 2 1 1 1022 1426 1244 1743
5603 4 2 1 1 989 1450 1696 1709
5604 4 2 1 1 951 970 903 1321
5605 4 2 1 1 1168 1050 1732 1755
5606 4 2 1 1 305 609 339 1318
5607 4 2 1 1 1193 1278 1666 1782
5608 4 2 1 1 947 1405 956 1499
5609 4 2 1 1 542 541 1377 1553
5610 4 2 1 1 1000 1160 1466 1677
5611 4 2 1 1 658 1708 404 1741
5612 4 2 1 1 801 865 859 1319
5613 4 2 1 1 557 1715 1291 1771
5614 4 2 1 1 1355 1457 1027 1682
5615 4 2 1 1 196 197 688 1232
5616 4 2 1 1 463 353 650 1425
5617 4 2 1 1 1044 1454 1252 1712
5618 4 2 1 1 526 365 681 1283
5619 4 2 1 1 465 1295 451 1708
5620 4 2 1 1 304 307 256 1545
5621 4 2 1 1 1390 1523 1053 1598
5622 4 2 1 1 180 606 623 1639
5623 4 2 1 1 1208 1601 1158 1672
5624 4 2 1 1 1004 1749 1747 1781
5625 4 2 1 1 1084 1172 1442 1670
5626 4 2 1 1 259 260 1379 1601
5627 4 2 1 1 1108 1265 1294 1748
5628 4 2 1 1 1435 1630 1113 1723
5629 4 2 1 1 1025 1730 1469 1780
5630 4 2 1 1 373 580 1316 1787
5631 4 2 1 1 844 1211 889 1580
5632 4 2 1 1 1230 1442 1013 1705
5633 4 2 1 1 1083 1539 1303 1589
5634 4 2 1 1 1165 1033 1489 1695
5635 4 2 1 1 262 264 284 1333
5636 4 2 1 1 125 621 497 1399
5637 4 2 1 1 1092 1589 1342 1770
5638 4 2 1 1 520 1470 518 1583
5639 4 2 1 1 194 1340 204 1753
5640 4 2 1 1 553 1459 1390 1785
5641 4 2 1 1 465 734 1295 1702
5642 4 2 1 1 458 459 354 1449
5643 4 2 1 1 1029 1184 1468 1645
5644 4 2 1 1 691 1282 651 1746
5645 4 2 1 1 1004 1301 1747 1749
5646 4 2 1 1 1044 1448 1179 1454
5647 4 2 1 1 1008 1324 1472 1667
5648 4 2 1 1 184 188 182 1344
5649 4 2 1 1 645 1430 187 1639
5650 4 2 1 1 1345 1567 700 1762
5651 4 2 1 1 1019 1176 1669 1720
5652 4 2 1 1 1205 1039 1549 1782
5653 4 2 1 1 950 1311 952 1535
5654 4 2 1 1 1461 1615 1060 1686
5655 4 2 1 1 1315 1420 1072 1658
5656 4 2 1 1 1002 1343 1514 1756
5657 4 2 1 1 46 729 45 1268
5658 4 2 1 1 310 1568 278 1648
5659 4 2 1 1 748 112 584 1598
5660 4 2 1 1 1252 1564 1044 1712
5661 4 2 1 1 865 801 880 1458
5662 4 2 1 1 618 715 512 1678
5663 4 2 1 1 1747 1749 1151 1781
5664 4 2 1 1 699 1542 702 1690
5665 4 2 1 1 1059 1315 1658 1734
5666 4 2 1 1 1034 1366 1289 1691
5667 4 2 1 1 489 749 1479 1604
5668 4 2 1 1 395 1737 725 1755
5669 4 2 1 1 151 156 285 1341
5670 4 2 1 1 560 1238 181 1704
5671 4 2 1 1 820 822 840 1556
5672 4 2 1 1 1098 1514 1342 1592
5673 4 2 1 1 1020 1546 1305 1763
5674 4 2 1 1 885 814 872 1433
5675 4 2 1 1 1251 1383 1123 1435
5676 4 2 1 1 536 307 535 1664
5677 4 2 1 1 985 1426 1641 1718
5678 4 2 1 1 1026 1410 1628 1723
5679 4 2 1 1 1279 1167 1714 1743
5680 4 2 1 1 842 832 833 1395
5681 4 2 1 1 658 1323 1708 1741
5682 4 2 1 1 489 409 749 1604
5683 4 2 1 1 300 1473 1235 1753
5684 4 2 1 1 595 319 320 1276
5685 4 2 1 1 873 667 815 1762
5686 4 2 1 1 90 511 43 1757
5687 4 2 1 1 627 368 648 1543
5688 4 2 1 1 1040 1206 1362 1699
5689 4 2 1 1 1420 1658 1315 1734
5690 4 2 1 1 747 535 1503 1664
5691 4 2 1 1 1006 1401 1349 1752
5692 4 2 1 1 727 435 1721 1735
5693 4 2 1 1 356 1318 609 1783
5694 4 2 1 1 1045 1401 1282 1610
5695 4 2 1 1 1342 1592 1092 1770
5696 4 2 1 1 686 435 376 1243
5697 4 2 1 1 1098 1514 1343 1756
5698 4 2 1 1 985 1361 1723 1760
5699 4 2 1 1 566 1459 553 1785
5700 4 2 1 1 381 433 383 1554
5701 4 2 1 1 705 1380 729 1687
5702 4 2 1 1 1163 1530 1447 1570
5703 4 2 1 1 358 357 254 1618
5704 4 2 1 1 1236 1521 1077 1682
5705 4 2 1 1 996 1424 1330 1663
5706 4 2 1 1 1221 1101 1461 1655
5707 4 2 1 1 504 1357 505 1703
5708 4 2 1 1 1059 1315 1453 1658
5709 4 2 1 1 185 583 184 1444
5710 4 2 1 1 714 135 137 1697
5711 4 2 1 1 1193 1007 1467 1782
5712 4 2 1 1 259 260 258 1379
5713 4 2 1 1 1242 1391 1356 1522
5714 4 2 1 1 924 936 1384 1540
5715 4 2 1 1 145 147 1257 1674
5716 4 2 1 1 405 1386 1673 1685
5717 4 2 1 1 245 1510 1317 1765
5718 4 2 1 1 150 148 149 1337
5719 4 2 1 1 1287 1439 1125 1738
5720 4 2 1 1 305 609 1318 1783
5721 4 2 1 1 1051 1213 1479 1604
5722 4 2 1 1 1151 1747 1301 1749
5723 4 2 1 1 442 747 1503 1620
5724 4 2 1 1 1118 1628 1437 1723
5725 4 2 1 1 1054 1302 1438 1713
5726 4 2 1 1 967 1311 950 1605
5727 4 2 1 1 986 1451 1429 1778
5728 4 2 1 1 1092 1238 1344 1589
5729 4 2 1 1 1355 1074 1457 1682
5730 4 2 1 1 293 294 326 1509
5731 4 2 1 1 971 783 34 1405
5732 4 2 1 1 1021 1379 1199 1515
5733 4 2 1 1 234 1403 243 1553
5734 4 2 1 1 734 1295 896 1740
5735 4 2 1 1 965 108 734 1740
5736 4 2 1 1 1181 1034 1474 1745
5737 4 2 1 1 408 1477 1312 1678
5738 4 2 1 1 651 1282 427 1533
5739 4 2 1 1 84 668 781 1239
5740 4 2 1 1 991 1457 1356 1662
5741 4 2 1 1 1203 1414 852 1516
5742 4 2 1 1 452 790 1190 1636
5743 4 2 1 1 805 878 846 1213
5744 4 2 1 1 366 468 467 1491
5745 4 2 1 1 662 760 89 1306
5746 4 2 1 1 1224 1732 1274 1737
5747 4 2 1 1 1105 1769 1366 1775
5748 4 2 1 1 816 86 738 1390
5749 4 2 1 1 667 759 1216 1762
5750 4 2 1 1 209 1494 226 1637
5751 4 2 1 1 288 1322 247 1587
5752 4 2 1 1 652 391 635 1358
5753 4 2 1 1 1002 1342 1514 1592
5754 4 2 1 1 949 925 934 1512
5755 4 2 1 1 325 252 324 1502
5756 4 2 1 1 754 472 978 1600
5757 4 2 1 1 610 1250 1500 1783
5758 4 2 1 1 803 27 98 867
5759 4 2 1 1 1170 1038 1470 1583
5760 4 2 1 1 901 978 472 1600
5761 4 2 1 1 859 1319 1482 1707
5762 4 2 1 1 1066 1472 1380 1789
5763 4 2 1 1 1131 1641 1426 1718
5764 4 2 1 1 1178 1048 1409 1644
5765 4 2 1 1 498 497 621 1399
5766 4 2 1 1 1027 1168 1687 1786
5767 4 2 1 1 1107 1385 1277 1667
5768 4 2 1 1 38 763 39 1666
5769 4 2 1 1 41 110 508 1680
5770 4 2 1 1 663 963 101 1362
5771 4 2 1 1 885 843 858 1493
5772 4 2 1 1 190 187 1430 1750
5773 4 2 1 1 100 720 792 1654
5774 4 2 1 1 472 121 1405 1724
5775 4 2 1 1 840 822 851 1556
5776 4 2 1 1 1265 1748 1005 1758
5777 4 2 1 1 812 884 112 1598
5778 4 2 1 1 759 1567 567 1785
5779 4 2 1 1 556 548 555 1351
5780 4 2 1 1 300 514 1473 1753
5781 4 2 1 1 607 606 318 1434
5782 4 2 1 1 658 695 445 1323
5783 4 2 1 1 1102 1571 1372 1771
5784 4 2 1 1 587 692 654 1701
5785 4 2 1 1 231 1286 232 1751
5786 4 2 1 1 1195 1531 1501 1599
5787 4 2 1 1 437 668 663 1362
5788 4 2 1 1 348 375 303 1627
5789 4 2 1 1 456 460 450 1626
5790 4 2 1 1 180 1639 179 1704
5791 4 2 1 1 1449 1544 1017 1677
5792 4 2 1 1 332 352 329 1161
5793 4 2 1 1 1059 1543 1184 1734
5794 4 2 1 1 393 721 1266 1755
5795 4 2 1 1 449 403 404 1626
5796 4 2 1 1 447 434 435 1735
5797 4 2 1 1 718 761 443 1254
5798 4 2 1 1 1074 1438 1355 1496
5799 4 2 1 1 650 425 426 1533
5800 4 2 1 1 620 421 1515 1674
5801 4 2 1 1 942 929 1181 1745
5802 4 2 1 1 729 97 728 1737
5803 4 2 1 1 1260 1045 1627 1754
5804 4 2 1 1 581 172 168 1348
5805 4 2 1 1 595 1276 320 1717
5806 4 2 1 1 899 954 958 1619
5807 4 2 1 1 651 650 336 1533
5808 4 2 1 1 215 1372 224 1771
5809 4 2 1 1 751 1506 794 1729
5810 4 2 1 1 139 1304 165 1697
5811 4 2 1 1 305 356 609 1783
5812 4 2 1 1 712 708 1364 1657
5813 4 2 1 1 534 525 605 1279
5814 4 2 1 1 245 295 238 1317
5815 4 2 1 1 902 87 63 962
5816 4 2 1 1 1103 1446 1348 1647
5817 4 2 1 1 147 1542 1257 1674
5818 4 2 1 1 603 1570 581 1742
5819 4 2 1 1 457 752 98 1345
5820 4 2 1 1 1163 1524 1456 1525
5821 4 2 1 1 447 1507 774 1735
5822 4 2 1 1 902 1300 87 1642
5823 4 2 1 1 1079 1317 1510 1633
5824 4 2 1 1 119 706 1605 1624
5825 4 2 1 1 689 132 130 1584
5826 4 2 1 1 1250 1052 1545 1719
5827 4 2 1 1 1238 1092 1704 1770
5828 4 2 1 1 237 245 238 1765
5829 4 2 1 1 766 412 672 1688
5830 4 2 1 1 542 234 243 1553
5831 4 2 1 1 1394 1503 1047 1620
5832 4 2 1 1 1447 1530 1234 1570
5833 4 2 1 1 852 840 1414 1556
5834 4 2 1 1 986 1398 1223 1615
5835 4 2 1 1 183 182 181 1344
5836 4 2 1 1 1029 1468 1539 1645
5837 4 2 1 1 949 932 925 1512
5838 4 2 1 1 1165 1229 1346 1758
5839 4 2 1 1 691 688 427 1282
5840 4 2 1 1 509 1278 92 1680
5841 4 2 1 1 995 1366 1681 1769
5842 4 2 1 1 157 592 1297 1712
5843 4 2 1 1 1091 1270 1352 1492
5844 4 2 1 1 527 617 491 1648
5845 4 2 1 1 215 227 1372 1617
5846 4 2 1 1 446 480 1489 1787
5847 4 2 1 1 172 301 174 1622
5848 4 2 1 1 869 805 846 1654
5849 4 2 1 1 584 552 555 1351
5850 4 2 1 1 1115 1412 1301 1646
5851 4 2 1 1 1128 1510 1317 1633
5852 4 2 1 1 884 807 735 1598
5853 4 2 1 1 1113 1251 1493 1630
5854 4 2 1 1 684 365 526 1283
5855 4 2 1 1 844 1415 1211 1580
5856 4 2 1 1 38 767 763 1735
5857 4 2 1 1 1255 1092 1639 1770
5858 4 2 1 1 1212 1323 1084 1741
5859 4 2 1 1 450 737 704 1259
5860 4 2 1 1 527 278 1411 1648
5861 4 2 1 1 409 488 1427 1604
5862 4 2 1 1 1058 1361 1211 1415
5863 4 2 1 1 467 301 469 1622
5864 4 2 1 1 1107 1431 1277 1706
5865 4 2 1 1 839 1387 855 1523
5866 4 2 1 1 1336 1419 914 1614
5867 4 2 1 1 50 49 103 1325
5868 4 2 1 1 775 1423 529 1547
5869 4 2 1 1 782 114 462 1700
5870 4 2 1 1 440 760 441 1693
5871 4 2 1 1 1025 1469 1420 1658
5872 4 2 1 1 1225 1218 1698 1781
5873 4 2 1 1 1486 1497 1061 1591
5874 4 2 1 1 1243 1422 1064 1735
5875 4 2 1 1 101 647 768 1699
5876 4 2 1 1 1361 1113 1723 1760
5877 4 2 1 1 418 420 419 1299
5878 4 2 1 1 245 1317 238 1765
5879 4 2 1 1 1393 1513 1036 1697
5880 4 2 1 1 1292 1485 1143 1594
5881 4 2 1 1 1061 1458 1207 1541
5882 4 2 1 1 1238 1136 1344 1589
5883 4 2 1 1 512 90 461 1256
5884 4 2 1 1 352 1161 332 1631
5885 4 2 1 1 1049 1669 1263 1673
5886 4 2 1 1 1110 1347 1277 1527
5887 4 2 1 1 482 485 647 1699
5888 4 2 1 1 573 710 572 1388
5889 4 2 1 1 1070 1321 1220 1739
5890 4 2 1 1 585 485 341 1346
5891 4 2 1 1 67 668 968 905
5892 4 2 1 1 991 1228 1484 1652
5893 4 2 1 1 1374 1133 1497 1744
5894 4 2 1 1 1403 1719 1625 1727
5895 4 2 1 1 1199 1379 1376 1463
5896 4 2 1 1 991 1356 1242 1391
5897 4 2 1 1 623 645 187 1639
5898 4 2 1 1 1376 1379 1104 1463
5899 4 2 1 1 1625 1719 1087 1727
5900 4 2 1 1 504 505 93 1703
5901 4 2 1 1 1008 1324 1667 1732
5902 4 2 1 1 154 157 592 1297
5903 4 2 1 1 1096 1461 1349 1752
5904 4 2 1 1 1047 1580 1389 1620
5905 4 2 1 1 1016 1280 1506 1711
5906 4 2 1 1 485 1346 585 1699
5907 4 2 1 1 285 156 414 1593
5908 4 2 1 1 1230 1442 1172 1670
5909 4 2 1 1 857 831 855 1387
5910 4 2 1 1 1022 1500 1250 1783
5911 4 2 1 1 1366 1681 1289 1691
5912 4 2 1 1 187 179 1639 1750
5913 4 2 1 1 1190 1047 1389 1688
5914 4 2 1 1 361 565 360 1599
5915 4 2 1 1 613 247 288 1322
5916 4 2 1 1 242 624 616 1271
5917 4 2 1 1 415 379 397 1585
5918 4 2 1 1 761 1254 718 1683
5919 4 2 1 1 174 301 561 1622
5920 4 2 1 1 1051 1482 1319 1707
5921 4 2 1 1 1181 1499 1085 1745
5922 4 2 1 1 524 1543 627 1659
5923 4 2 1 1 516 177 186 1750
5924 4 2 1 1 1243 1422 376 1651
5925 4 2 1 1 337 478 762 1381
5926 4 2 1 1 502 91 761 1757
5927 4 2 1 1 1148 1563 1272 1705
5928 4 2 1 1 1307 1077 1521 1682
5929 4 2 1 1 35 119 1605 1624
5930 4 2 1 1 338 1394 412 1503
5931 4 2 1 1 1150 1237 1577 1585
5932 4 2 1 1 259 261 260 1601
5933 4 2 1 1 1229 1334 1079 1758
5934 4 2 1 1 1241 1467 1064 1735
5935 4 2 1 1 88 800 879 1729
5936 4 2 1 1 1002 1342 1592 1761
5937 4 2 1 1 528 142 1393 1731
5938 4 2 1 1 140 528 142 1393
5939 4 2 1 1 757 517 325 1502
5940 4 2 1 1 1005 1334 1229 1758
5941 4 2 1 1 706 1311 456 1740
5942 4 2 1 1 534 528 525 1279
5943 4 2 1 1 1048 1399 1224 1710
5944 4 2 1 1 646 232 616 1651
5945 4 2 1 1 178 179 1255 1704
5946 4 2 1 1 747 536 535 1664
5947 4 2 1 1 1089 1438 1302 1713
5948 4 2 1 1 1122 1429 1260 1754
5949 4 2 1 1 1052 1517 1426 1641
5950 4 2 1 1 545 1506 1280 1711
5951 4 2 1 1 215 574 227 1617
5952 4 2 1 1 275 280 279 1417
5953 4 2 1 1 1261 1489 1033 1695
5954 4 2 1 1 1073 1467 1193 1721
5955 4 2 1 1 1059 1322 1543 1734
5956 4 2 1 1 721 723 220 1755
5957 4 2 1 1 1425 1449 1119 1544
5958 4 2 1 1 1229 1079 1346 1758
5959 4 2 1 1 1171 1407 1584 1644
5960 4 2 1 1 914 1419 915 1614
5961 4 2 1 1 1156 1460 1222 1759
5962 4 2 1 1 385 532 701 1368
5963 4 2 1 1 550 1288 540 1553
5964 4 2 1 1 1294 1575 1108 1748
5965 4 2 1 1 1263 1685 1212 1741
5966 4 2 1 1 1035 1191 1372 1571
5967 4 2 1 1 1088 1599 1208 1672
5968 4 2 1 1 660 1506 751 1729
5969 4 2 1 1 816 807 817 1390
5970 4 2 1 1 297 1510 582 1551
5971 4 2 1 1 1188 1488 1129 1507
5972 4 2 1 1 1058 1415 1493 1630
5973 4 2 1 1 300 513 514 1753
5974 4 2 1 1 235 244 243 1403
5975 4 2 1 1 1006 1315 1420 1752
5976 4 2 1 1 683 5 874 1479
5977 4 2 1 1 1149 1706 1431 1733
5978 4 2 1 1 1015 1215 1455 1738
5979 4 2 1 1 819 1309 818 1523
5980 4 2 1 1 1290 1600 897 1745
5981 4 2 1 1 1065 1304 1393 1652
5982 4 2 1 1 852 863 840 1556
5983 4 2 1 1 1510 1551 1079 1633
5984 4 2 1 1 1095 1426 1367 1517
5985 4 2 1 1 1007 1467 1402 1763
5986 4 2 1 1 874 878 805 1479
5987 4 2 1 1 1098 1313 1222 1611
5988 4 2 1 1 1088 1411 1258 1705
5989 4 2 1 1 775 531 529 1423
5990 4 2 1 1 153 1463 258 1767
5991 4 2 1 1 635 615 636 1358
5992 4 2 1 1 1161 1552 1338 1603
5993 4 2 1 1 771 1357 1509 1552
5994 4 2 1 1 1064 1467 1243 1735
5995 4 2 1 1 1200 1538 1093 1775
5996 4 2 1 1 251 1653 1291 1715
5997 4 2 1 1 672 1389 1620 1688
5998 4 2 1 1 448 1300 724 1700
5999 4 2 1 1 1072 1420 1469 1658
6000 4 2 1 1 244 1403 235 1719
6001 4 2 1 1 927 950 952 1535
6002 4 2 1 1 1103 1348 1622 1726
6003 4 2 1 1 1113 1493 1415 1630
6004 4 2 1 1 1084 1442 1230 1670
6005 4 2 1 1 1079 1334 1229 1565
6006 4 2 1 1 153 258 598 1767
6007 4 2 1 1 1105 1538 1200 1775
6008 4 2 1 1 1089 1519 1496 1623
6009 4 2 1 1 527 310 278 1648
6010 4 2 1 1 453 1314 455 1636
6011 4 2 1 1 1101 1428 1270 1608
6012 4 2 1 1 1077 1457 1682 1786
6013 4 2 1 1 936 953 940 1384
6014 4 2 1 1 316 593 387 1765
6015 4 2 1 1 432 712 708 1364
6016 4 2 1 1 717 510 509 1278
6017 4 2 1 1 987 1270 1428 1608
6018 4 2 1 1 249 632 1494 1701
6019 4 2 1 1 373 448 580 1787
6020 4 2 1 1 1071 1364 1392 1676
6021 4 2 1 1 365 571 363 1595
6022 4 2 1 1 800 877 883 1729
6023 4 2 1 1 251 555 1653 1715
6024 4 2 1 1 1193 1073 1547 1549
6025 4 2 1 1 1105 1359 1218 1781
6026 4 2 1 1 374 1370 322 1657
6027 4 2 1 1 539 742 541 1377
6028 4 2 1 1 349 444 350 1661
6029 4 2 1 1 1354 1616 1067 1730
6030 4 2 1 1 533 527 276 1411
6031 4 2 1 1 1174 1113 1684 1760
6032 4 2 1 1 629 657 432 1534
6033 4 2 1 1 1346 1040 1551 1773
6034 4 2 1 1 455 453 486 1314
6035 4 2 1 1 971 34 892 1605
6036 4 2 1 1 1344 1434 1029 1613
6037 4 2 1 1 1029 1613 1184 1645
6038 4 2 1 1 1199 1376 1021 1558
6039 4 2 1 1 1151 1225 1698 1781
6040 4 2 1 1 826 1360 823 1692
6041 4 2 1 1 931 954 943 1474
6042 4 2 1 1 1165 1489 1261 1695
6043 4 2 1 1 841 831 857 1518
6044 4 2 1 1 1022 1318 1500 1783
6045 4 2 1 1 576 577 1564 1779
6046 4 2 1 1 78 95 673 958
6047 4 2 1 1 922 925 932 1512
6048 4 2 1 1 1151 1481 1225 1749
6049 4 2 1 1 1401 1420 1096 1752
6050 4 2 1 1 454 1636 455 1654
6051 4 2 1 1 209 226 221 1637
6052 4 2 1 1 1047 1211 1361 1580
6053 4 2 1 1 710 707 595 1388
6054 4 2 1 1 418 653 420 1526
6055 4 2 1 1 1283 1447 1082 1595
6056 4 2 1 1 1202 1067 1616 1730
6057 4 2 1 1 504 503 773 1703
6058 4 2 1 1 1073 1193 1547 1721
6059 4 2 1 1 837 1482 865 1774
6060 4 2 1 1 686 376 646 1651
6061 4 2 1 1 155 157 154 1297
6062 4 2 1 1 696 676 325 1502
6063 4 2 1 1 1260 1429 1045 1754
6064 4 2 1 1 1616 1730 1398 1754
6065 4 2 1 1 601 749 409 1744
6066 4 2 1 1 838 856 853 1774
6067 4 2 1 1 126 128 127 1573
6068 4 2 1 1 91 1609 1254 1757
6069 4 2 1 1 651 691 427 1282
6070 4 2 1 1 49 518 103 1325
6071 4 2 1 1 627 1543 648 1659
6072 4 2 1 1 1193 1423 1039 1549
6073 4 2 1 1 611 594 317 1365
6074 4 2 1 1 1338 1552 1030 1603
6075 4 2 1 1 169 1564 643 1712
6076 4 2 1 1 654 1196 1689 1701
6077 4 2 1 1 1250 1367 1087 1577
6078 4 2 1 1 122 1319 601 1744
6079 4 2 1 1 251 556 555 1715
6080 4 2 1 1 1059 1184 1444 1645
6081 4 2 1 1 1138 1551 1510 1633
6082 4 2 1 1 112 748 660 1204
6083 4 2 1 1 1000 1588 1221 1655
6084 4 2 1 1 1023 1504 1341 1671
6085 4 2 1 1 1090 1341 1504 1671
6086 4 2 1 1 701 111 1321 1643
6087 4 2 1 1 1085 1499 1181 1691
6088 4 2 1 1 595 1388 1276 1717
6089 4 2 1 1 539 739 115 1433
6090 4 2 1 1 1006 1420 1401 1752
6091 4 2 1 1 1052 1253 1517 1641
6092 4 2 1 1 1178 1584 1407 1644
6093 4 2 1 1 465 793 734 1702
6094 4 2 1 1 666 13 871 811
6095 4 2 1 1 1007 1402 1305 1763
6096 4 2 1 1 1123 1309 1451 1778
6097 4 2 1 1 352 1470 1161 1631
6098 4 2 1 1 128 1409 127 1573
6099 4 2 1 1 1022 1244 1350 1743
6100 4 2 1 1 177 1255 179 1750
6101 4 2 1 1 1226 1478 272 1772
6102 4 2 1 1 843 804 844 1415
6103 4 2 1 1 1248 1504 1116 1524
6104 4 2 1 1 986 1398 1616 1730
6105 4 2 1 1 704 1386 405 1685
6106 4 2 1 1 578 579 296 1565
6107 4 2 1 1 559 1332 144 1731
6108 4 2 1 1 1075 1540 1320 1663
6109 4 2 1 1 341 298 340 1346
6110 4 2 1 1 1358 1400 1031 1471
6111 4 2 1 1 848 1684 827 1692
6112 4 2 1 1 560 176 561 1335
6113 4 2 1 1 1125 1329 1738 1779
6114 4 2 1 1 694 675 677 1619
6115 4 2 1 1 1027 1457 1324 1786
6116 4 2 1 1 1103 1505 1446 1647
6117 4 2 1 1 971 956 1405 1605
6118 4 2 1 1 1001 1571 1191 1625
6119 4 2 1 1 731 63 87 962
6120 4 2 1 1 795 1295 734 1740
6121 4 2 1 1 995 1218 1366 1775
6122 4 2 1 1 145 614 147 1674
6123 4 2 1 1 1398 986 1616 1754
6124 4 2 1 1 92 1278 510 1666
6125 4 2 1 1 172 581 301 1622
6126 4 2 1 1 52 784 880 1458
6127 4 2 1 1 702 1304 141 1690
6128 4 2 1 1 1052 1625 1403 1719
6129 4 2 1 1 582 297 295 1510
6130 4 2 1 1 725 1274 602 1755
6131 4 2 1 1 1213 1582 846 1654
6132 4 2 1 1 732 601 122 1319
6133 4 2 1 1 1185 1609 42 1757
6134 4 2 1 1 1237 1087 1577 1585
6135 4 2 1 1 257 256 255 1545
6136 4 2 1 1 187 1639 1430 1750
6137 4 2 1 1 820 840 854 1556
6138 4 2 1 1 668 891 68 968
6139 4 2 1 1 222 232 231 1286
6140 4 2 1 1 1202 1730 1616 1754
6141 4 2 1 1 472 471 121 1724
6142 4 2 1 1 1000 1349 1221 1603
6143 4 2 1 1 1200 1769 1105 1775
6144 4 2 1 1 925 919 1512 1777
6145 4 2 1 1 236 579 576 1779
6146 4 2 1 1 987 1486 1233 1591
6147 4 2 1 1 1021 1333 1379 1515
6148 4 2 1 1 393 723 721 1755
6149 4 2 1 1 483 481 482 1489
6150 4 2 1 1 1155 1611 1328 1650
6151 4 2 1 1 845 1395 849 1580
6152 4 2 1 1 604 1491 246 1722
6153 4 2 1 1 765 518 520 1470
6154 4 2 1 1 447 767 1507 1735
6155 4 2 1 1 877 88 18 664
6156 4 2 1 1 1032 1626 1295 1708
6157 4 2 1 1 516 515 622 1505
6158 4 2 1 1 1008 1452 1385 1581
6159 4 2 1 1 547 751 660 1506
6160 4 2 1 1 1047 1503 1394 1718
6161 4 2 1 1 145 147 143 1257
6162 4 2 1 1 1182 1502 1094 1751
6163 4 2 1 1 1105 1546 1366 1769
6164 4 2 1 1 1173 1412 1301 1747
6165 4 2 1 1 1274 1732 1168 1737
6166 4 2 1 1 206 362 185 1444
6167 4 2 1 1 1135 1472 1324 1667
6168 4 2 1 1 1233 1486 1130 1591
6169 4 2 1 1 271 273 270 1418
6170 4 2 1 1 1189 1716 333 1764
6171 4 2 1 1 1399 1573 621 1710
6172 4 2 1 1 837 859 865 1482
6173 4 2 1 1 1432 1504 1142 1671
6174 4 2 1 1 702 165 139 1304
6175 4 2 1 1 134 132 233 1407
6176 4 2 1 1 215 1617 1372 1771
6177 4 2 1 1 815 1216 890 1762
6178 4 2 1 1 1040 1265 1464 1758
6179 4 2 1 1 532 1368 386 1693
6180 4 2 1 1 252 1502 325 1751
6181 4 2 1 1 911 909 945 1443
6182 4 2 1 1 275 274 281 1638
6183 4 2 1 1 1194 1009 1522 1558
6184 4 2 1 1 898 907 908 1306
6185 4 2 1 1 193 195 192 1296
6186 4 2 1 1 1094 1289 1366 1681
6187 4 2 1 1 853 852 1414 1516
6188 4 2 1 1 804 872 730 1433
6189 4 2 1 1 846 1310 832 1582
6190 4 2 1 1 257 304 1545 1783
6191 4 2 1 1 178 179 177 1255
6192 4 2 1 1 591 151 285 1341
6193 4 2 1 1 163 576 169 1779
6194 4 2 1 1 840 851 1414 1556
6195 4 2 1 1 1105 1218 1359 1775
6196 4 2 1 1 164 168 167 1329
6197 4 2 1 1 1046 1364 1657 1676
6198 4 2 1 1 795 1626 449 1708
6199 4 2 1 1 289 248 551 1653
6200 4 2 1 1 500 637 270 1418
6201 4 2 1 1 1109 1217 1574 1768
6202 4 2 1 1 1073 1402 1467 1763
6203 4 2 1 1 671 11 113 802
6204 4 2 1 1 916 915 914 1419
6205 4 2 1 1 991 1484 1324 1662
6206 4 2 1 1 1046 1392 1364 1676
6207 4 2 1 1 991 1431 1242 1596
6208 4 2 1 1 735 112 884 1598
6209 4 2 1 1 1223 1398 1096 1615
6210 4 2 1 1 374 777 308 1578
6211 4 2 1 1 586 631 203 1487
6212 4 2 1 1 134 233 501 1407
6213 4 2 1 1 994 1265 1375 1632
6214 4 2 1 1 1401 1466 1045 1606
6215 4 2 1 1 537 540 550 1288
6216 4 2 1 1 469 581 603 1570
6217 4 2 1 1 1029 1539 1528 1589
6218 4 2 1 1 1169 1689 1434 1761
6219 4 2 1 1 1398 1429 986 1754
6220 4 2 1 1 1168 1732 1274 1755
6221 4 2 1 1 46 45 503 1703
6222 4 2 1 1 776 1413 773 1694
6223 4 2 1 1 1002 1514 1342 1528
6224 4 2 1 1 1575 1634 1108 1748
6225 4 2 1 1 1250 1577 1087 1585
6226 4 2 1 1 604 246 207 1722
6227 4 2 1 1 104 37 36 1507
6228 4 2 1 1 813 874 5 1479
6229 4 2 1 1 1261 1607 1165 1695
6230 4 2 1 1 1191 1625 1087 1727
6231 4 2 1 1 801 859 876 1319
6232 4 2 1 1 1045 1339 1627 1754
6233 4 2 1 1 314 281 312 1638
6234 4 2 1 1 384 393 721 1266
6235 4 2 1 1 673 899 78 958
6236 4 2 1 1 1036 1228 1548 1652
6237 4 2 1 1 849 845 833 1395
6238 4 2 1 1 846 847 832 1310
6239 4 2 1 1 661 84 788 1321
6240 4 2 1 1 871 85 13 666
6241 4 2 1 1 1272 1501 1088 1563
6242 4 2 1 1 662 89 73 907
6243 4 2 1 1 1282 1533 1045 1610
6244 4 2 1 1 380 703 286 1397
6245 4 2 1 1 238 236 237 1455
6246 4 2 1 1 1394 1620 1047 1688
6247 4 2 1 1 325 1502 517 1751
6248 4 2 1 1 777 1578 1547 1721
6249 4 2 1 1 803 98 682 1345
6250 4 2 1 1 413 419 791 1688
6251 4 2 1 1 1098 1313 1611 1650
6252 4 2 1 1 1042 1242 1431 1596
6253 4 2 1 1 1002 1528 1342 1761
6254 4 2 1 1 1114 1511 1371 1534
6255 4 2 1 1 881 842 845 1395
6256 4 2 1 1 148 1337 150 1767
6257 4 2 1 1 877 18 88 800
6258 4 2 1 1 898 662 73 907
6259 4 2 1 1 116 76 964 677
6260 4 2 1 1 1222 1460 1156 1602
6261 4 2 1 1 918 920 923 1561
6262 4 2 1 1 1250 1585 1087 1719
6263 4 2 1 1 771 1509 327 1552
6264 4 2 1 1 522 709 405 1386
6265 4 2 1 1 1056 1404 1418 1766
6266 4 2 1 1 447 767 774 1507
6267 4 2 1 1 1109 1537 1597 1776
6268 4 2 1 1 833 849 1395 1684
6269 4 2 1 1 1144 1418 1404 1766
6270 4 2 1 1 1181 1474 942 1745
6271 4 2 1 1 991 1391 1228 1652
6272 4 2 1 1 849 1580 1395 1684
6273 4 2 1 1 1037 1425 1345 1567
6274 4 2 1 1 972 933 979 1462
6275 4 2 1 1 137 165 714 1697
6276 4 2 1 1 682 1345 700 1762
6277 4 2 1 1 933 1462 972 1540
6278 4 2 1 1 1067 1202 1653 1730
6279 4 2 1 1 506 507 440 1485
6280 4 2 1 1 516 175 177 1505
6281 4 2 1 1 826 827 829 1692
6282 4 2 1 1 825 826 823 1692
6283 4 2 1 1 573 719 714 1590
6284 4 2 1 1 839 882 857 1387
6285 4 2 1 1 442 338 412 1503
6286 4 2 1 1 91 772 1254 1609
6287 4 2 1 1 873 117 25 667
6288 4 2 1 1 347 568 348 1627
6289 4 2 1 1 617 265 1599 1672
6290 4 2 1 1 706 456 744 1740
6291 4 2 1 1 1049 1572 1180 1668
6292 4 2 1 1 144 559 146 1332
6293 4 2 1 1 1141 1597 1537 1776
6294 4 2 1 1 1205 1549 1402 1782
6295 4 2 1 1 1055 1442 1230 1705
6296 4 2 1 1 658 1323 464 1708
6297 4 2 1 1 923 920 938 1320
6298 4 2 1 1 1393 1690 1065 1731
6299 4 2 1 1 434 770 351 1422
6300 4 2 1 1 378 279 319 1417
6301 4 2 1 1 1367 1426 1052 1517
6302 4 2 1 1 778 441 1643 1693
6303 4 2 1 1 248 289 288 1587
6304 4 2 1 1 353 457 354 1425
6305 4 2 1 1 872 739 730 1433
6306 4 2 1 1 1059 1184 1645 1734
6307 4 2 1 1 897 943 1290 1745
6308 4 2 1 1 87 1300 789 1642
6309 4 2 1 1 875 113 11 802
6310 4 2 1 1 409 489 488 1604
6311 4 2 1 1 535 304 338 1503
6312 4 2 1 1 1329 1044 1738 1779
6313 4 2 1 1 432 1364 431 1784
6314 4 2 1 1 1184 1613 1444 1645
6315 4 2 1 1 276 278 277 1411
6316 4 2 1 1 702 139 141 1304
6317 4 2 1 1 524 627 648 1659
6318 4 2 1 1 1445 1527 1134 1679
6319 4 2 1 1 1342 1528 1092 1761
6320 4 2 1 1 824 1383 823 1612
6321 4 2 1 1 394 1307 461 1687
6322 4 2 1 1 854 1345 803 1762
6323 4 2 1 1 44 45 1380 1694
6324 4 2 1 1 769 352 1470 1552
6325 4 2 1 1 451 465 734 1295
6326 4 2 1 1 988 1527 1445 1679
6327 4 2 1 1 1026 1628 1435 1723
6328 4 2 1 1 1294 1566 1151 1575
6329 4 2 1 1 1313 1342 1011 1770
6330 4 2 1 1 179 1255 1639 1750
6331 4 2 1 1 1325 1374 1133 1591
6332 4 2 1 1 1085 1691 1181 1745
6333 4 2 1 1 733 408 1312 1678
6334 4 2 1 1 249 632 198 1494
6335 4 2 1 1 1274 1665 602 1755
6336 4 2 1 1 672 113 766 1620
6337 4 2 1 1 19 88 800 879
6338 4 2 1 1 519 518 765 1631
6339 4 2 1 1 317 1365 594 1727
6340 4 2 1 1 1272 1563 1088 1705
6341 4 2 1 1 1286 1576 1115 1618
6342 4 2 1 1 1090 1504 1432 1671
6343 4 2 1 1 1094 1675 1182 1751
6344 4 2 1 1 1062 1714 1526 1743
6345 4 2 1 1 88 879 660 1729
6346 4 2 1 1 698 703 380 1397
6347 4 2 1 1 136 1513 137 1697
6348 4 2 1 1 633 284 669 1515
6349 4 2 1 1 1203 1449 1425 1544
6350 4 2 1 1 505 1357 771 1552
6351 4 2 1 1 498 621 499 1710
6352 4 2 1 1 1088 1195 1501 1599
6353 4 2 1 1 1061 1207 1458 1774
6354 4 2 1 1 1064 1507 1241 1735
6355 4 2 1 1 1225 1594 1041 1788
6356 4 2 1 1 759 1567 1216 1762
6357 4 2 1 1 611 317 466 1365
6358 4 2 1 1 644 501 653 1526
6359 4 2 1 1 234 230 235 1403
6360 4 2 1 1 672 1389 113 1620
6361 4 2 1 1 908 955 898 1306
6362 4 2 1 1 1219 1445 1134 1679
6363 4 2 1 1 67 668 905 663
6364 4 2 1 1 1088 1501 1208 1599
6365 4 2 1 1 912 910 911 1443
6366 4 2 1 1 1112 1476 1597 1776
6367 4 2 1 1 988 1445 1219 1679
6368 4 2 1 1 1065 1228 1391 1652
6369 4 2 1 1 499 1224 1710 1737
6370 4 2 1 1 480 484 346 1607
6371 4 2 1 1 1122 1202 1459 1616
6372 4 2 1 1 1167 1526 1714 1743
6373 4 2 1 1 627 613 368 1543
6374 4 2 1 1 492 398 630 1572
6375 4 2 1 1 1145 1515 1199 1674
6376 4 2 1 1 755 106 1290 1600
6377 4 2 1 1 1270 1492 1091 1644
6378 4 2 1 1 1049 1569 1263 1669
6379 4 2 1 1 1151 1749 1225 1781
6380 4 2 1 1 644 1526 418 1714
6381 4 2 1 1 603 162 1570 1742
6382 4 2 1 1 361 345 484 1607
6383 4 2 1 1 1000 1233 1588 1655
6384 4 2 1 1 224 227 228 1372
6385 4 2 1 1 1149 1277 1431 1706
6386 4 2 1 1 899 1285 954 1619
6387 4 2 1 1 1223 1469 1025 1730
6388 4 2 1 1 908 906 909 1326
6389 4 2 1 1 802 671 10 868
6390 4 2 1 1 87 724 448 1300
6391 4 2 1 1 522 405 704 1386
6392 4 2 1 1 454 790 1636 1654
6393 4 2 1 1 109 44 502 1694
6394 4 2 1 1 995 1366 1769 1775
6395 4 2 1 1 1065 1393 1304 1690
6396 4 2 1 1 235 1403 230 1727
6397 4 2 1 1 795 456 1626 1740
6398 4 2 1 1 729 46 97 1268
6399 4 2 1 1 1026 1383 1360 1692
6400 4 2 1 1 1156 1524 1248 1759
6401 4 2 1 1 1004 1225 1594 1749
6402 4 2 1 1 173 622 1446 1505
6403 4 2 1 1 412 766 442 1620
6404 4 2 1 1 166 559 144 1731
6405 4 2 1 1 617 533 265 1672
6406 4 2 1 1 403 401 402 1685
6407 4 2 1 1 971 892 956 1605
6408 4 2 1 1 1002 1592 1196 1761
6409 4 2 1 1 269 271 270 1478
6410 4 2 1 1 959 900 670 1462
6411 4 2 1 1 1172 1568 1230 1670
6412 4 2 1 1 449 1626 404 1708
6413 4 2 1 1 994 1225 1481 1550
6414 4 2 1 1 1355 1438 1074 1682
6415 4 2 1 1 736 1389 672 1688
6416 4 2 1 1 893 977 972 1700
6417 4 2 1 1 1045 1398 1429 1466
6418 4 2 1 1 1342 1514 1083 1528
6419 4 2 1 1 875 12 666 811
6420 4 2 1 1 1024 1559 1330 1635
6421 4 2 1 1 1122 1260 1627 1754
6422 4 2 1 1 420 452 1299 1636
6423 4 2 1 1 1356 1391 1076 1522
6424 4 2 1 1 190 187 191 1430
6425 4 2 1 1 971 901 783 1405
6426 4 2 1 1 966 1300 953 1700
6427 4 2 1 1 1202 1398 1730 1754
6428 4 2 1 1 290 368 288 1587
6429 4 2 1 1 391 562 390 1471
6430 4 2 1 1 729 705 45 1380
6431 4 2 1 1 502 1683 776 1694
6432 4 2 1 1 1063 1622 1348 1726
6433 4 2 1 1 231 232 252 1751
6434 4 2 1 1 814 17 115 877
6435 4 2 1 1 86 24 667 816
6436 4 2 1 1 1054 1477 1236 1521
6437 4 2 1 1 674 1285 1619 1649
6438 4 2 1 1 802 881 886 1389
6439 4 2 1 1 231 517 1618 1751
6440 4 2 1 1 891 68 84 668
6441 4 2 1 1 737 1259 460 1624
6442 4 2 1 1 751 693 794 1506
6443 4 2 1 1 1297 1454 1210 1712
6444 4 2 1 1 1033 1300 1489 1787
6445 4 2 1 1 465 451 464 1708
6446 4 2 1 1 450 460 737 1259
6447 4 2 1 1 661 701 111 1321
6448 4 2 1 1 1055 1230 1411 1705
6449 4 2 1 1 677 76 964 894
6450 4 2 1 1 618 461 394 1307
6451 4 2 1 1 1047 1395 1580 1760
6452 4 2 1 1 1042 1527 1445 1725
6453 4 2 1 1 1025 1398 1223 1730
6454 4 2 1 1 723 602 1665 1755
6455 4 2 1 1 937 969 896 1295
6456 4 2 1 1 877 17 115 664
6457 4 2 1 1 1039 1193 1549 1782
6458 4 2 1 1 903 70 661 970
6459 4 2 1 1 1036 1513 1273 1697
6460 4 2 1 1 1054 1521 1256 1678
6461 4 2 1 1 35 1488 690 1624
6462 4 2 1 1 1245 1716 1189 1764
6463 4 2 1 1 301 581 469 1622
6464 4 2 1 1 836 829 847 1707
6465 4 2 1 1 278 283 277 1568
6466 4 2 1 1 537 1288 307 1664
6467 4 2 1 1 377 602 725 1274
6468 4 2 1 1 1380 1472 1027 1789
6469 4 2 1 1 41 1423 531 1609
6470 4 2 1 1 860 1518 1204 1729
6471 4 2 1 1 451 1295 795 1708
6472 4 2 1 1 985 1298 1718 1760
6473 4 2 1 1 1055 1411 1230 1568
6474 4 2 1 1 540 1377 541 1553
6475 4 2 1 1 953 966 902 1300
6476 4 2 1 1 508 509 92 1680
6477 4 2 1 1 80 106 961 678
6478 4 2 1 1 604 366 246 1491
6479 4 2 1 1 1547 1578 1073 1721
6480 4 2 1 1 629 293 331 1534
6481 4 2 1 1 1257 1542 1145 1674
6482 4 2 1 1 60 114 893 959
6483 4 2 1 1 1089 1496 1438 1623
6484 4 2 1 1 1081 1605 1311 1624
6485 4 2 1 1 1240 1061 1482 1774
6486 4 2 1 1 795 734 108 1740
6487 4 2 1 1 815 818 890 1216
6488 4 2 1 1 218 201 634 1557
6489 4 2 1 1 1162 1555 1262 1671
6490 4 2 1 1 530 1547 96 1721
6491 4 2 1 1 1092 1528 1342 1589
6492 4 2 1 1 362 583 185 1444
6493 4 2 1 1 381 319 595 1276
6494 4 2 1 1 985 1723 1410 1760
6495 4 2 1 1 439 331 438 1413
6496 4 2 1 1 936 933 972 1540
6497 4 2 1 1 1053 1354 1451 1616
6498 4 2 1 1 786 106 678 1290
6499 4 2 1 1 1004 1225 1749 1781
6500 4 2 1 1 776 1683 1413 1694
6501 4 2 1 1 1288 1545 1131 1641
6502 4 2 1 1 807 738 735 1598
6503 4 2 1 1 1467 1721 1243 1735
6504 4 2 1 1 1074 1438 1496 1623
6505 4 2 1 1 428 446 373 1787
6506 4 2 1 1 163 164 1329 1742
6507 4 2 1 1 839 855 819 1523
6508 4 2 1 1 985 1718 1361 1760
6509 4 2 1 1 1221 1588 1000 1603
6510 4 2 1 1 75 116 964 665
6511 4 2 1 1 360 382 1531 1736
6512 4 2 1 1 824 825 823 1383
6513 4 2 1 1 287 376 1422 1651
6514 4 2 1 1 1309 1123 1451 1523
6515 4 2 1 1 1374 1497 1133 1591
6516 4 2 1 1 178 180 179 1704
6517 4 2 1 1 40 529 41 1423
6518 4 2 1 1 1052 1545 1288 1641
6519 4 2 1 1 268 277 588 1772
6520 4 2 1 1 540 539 541 1377
6521 4 2 1 1 925 1512 922 1777
6522 4 2 1 1 613 627 362 1543
6523 4 2 1 1 937 923 938 1320
6524 4 2 1 1 1001 1469 1223 1780
6525 4 2 1 1 1004 1301 1412 1747
6526 4 2 1 1 1001 1571 1469 1780
6527 4 2 1 1 215 224 223 1771
6528 4 2 1 1 1057 1468 1331 1679
6529 4 2 1 1 1239 1040 1362 1773
6530 4 2 1 1 922 946 915 1777
6531 4 2 1 1 1000 1588 1233 1677
6532 4 2 1 1 868 94 9 809
6533 4 2 1 1 725 1737 1274 1755
6534 4 2 1 1 667 24 815 816
6535 4 2 1 1 572 1388 595 1717
6536 4 2 1 1 666 113 12 875
6537 4 2 1 1 1067 1730 1291 1780
6538 4 2 1 1 91 772 761 1254
6539 4 2 1 1 863 854 840 1556
6540 4 2 1 1 906 964 981 1326
6541 4 2 1 1 1214 1715 1291 1780
6542 4 2 1 1 827 848 833 1684
6543 4 2 1 1 1151 1698 1359 1781
6544 4 2 1 1 416 705 729 1687
6545 4 2 1 1 216 525 138 1513
6546 4 2 1 1 1313 1602 1222 1726
6547 4 2 1 1 1196 1092 1639 1761
6548 4 2 1 1 1409 1573 1048 1710
6549 4 2 1 1 433 702 699 1542
6550 4 2 1 1 990 1249 1597 1668
6551 4 2 1 1 897 944 943 1745
6552 4 2 1 1 408 716 733 1312
6553 4 2 1 1 92 39 40 1666
6554 4 2 1 1 940 924 936 1384
6555 4 2 1 1 405 1673 401 1685
6556 4 2 1 1 630 282 274 1572
6557 4 2 1 1 505 769 1470 1552
6558 4 2 1 1 748 584 548 1351
6559 4 2 1 1 300 514 515 1473
6560 4 2 1 1 231 1618 1286 1751
6561 4 2 1 1 921 929 928 1499
6562 4 2 1 1 250 544 569 1579
6563 4 2 1 1 1043 1476 1574 1660
6564 4 2 1 1 891 84 69 970
6565 4 2 1 1 542 540 541 1553
6566 4 2 1 1 1070 1643 1321 1739
6567 4 2 1 1 854 803 890 1762
6568 4 2 1 1 272 1478 269 1772
6569 4 2 1 1 443 761 772 1254
6570 4 2 1 1 109 502 776 1694
6571 4 2 1 1 169 643 160 1712
6572 4 2 1 1 1050 1590 1273 1665
6573 4 2 1 1 644 418 417 1714
6574 4 2 1 1 1266 1324 1662 1786
6575 4 2 1 1 1082 1234 1447 1530
6576 4 2 1 1 674 676 673 1285
6577 4 2 1 1 1047 1580 1361 1760
6578 4 2 1 1 106 786 755 1290
6579 4 2 1 1 901 957 978 1600
6580 4 2 1 1 787 962 731 1642
6581 4 2 1 1 844 849 835 1415
6582 4 2 1 1 1003 1492 1270 1644
6583 4 2 1 1 395 394 416 1687
6584 4 2 1 1 163 1329 167 1779
6585 4 2 1 1 723 725 602 1755
6586 4 2 1 1 986 1451 1354 1616
6587 4 2 1 1 8 740 720 1654
6588 4 2 1 1 588 493 272 1772
6589 4 2 1 1 1010 1248 1524 1759
6590 4 2 1 1 201 196 202 1557
6591 4 2 1 1 94 10 671 868
6592 4 2 1 1 1274 1732 1050 1755
6593 4 2 1 1 985 1410 1298 1760
6594 4 2 1 1 345 361 360 1531
6595 4 2 1 1 829 832 847 1310
6596 4 2 1 1 489 749 683 1479
6597 4 2 1 1 266 1529 263 1672
6598 4 2 1 1 620 421 633 1515
6599 4 2 1 1 641 202 691 1746
6600 4 2 1 1 189 192 188 1613
6601 4 2 1 1 897 1290 106 1600
6602 4 2 1 1 257 304 256 1545
6603 4 2 1 1 818 819 820 1309
6604 4 2 1 1 169 576 577 1564
6605 4 2 1 1 442 666 747 1620
6606 4 2 1 1 717 312 313 1495
6607 4 2 1 1 1047 1211 1580 1620
6608 4 2 1 1 1122 1202 1616 1754
6609 4 2 1 1 723 602 220 1665
6610 4 2 1 1 665 74 89 907
6611 4 2 1 1 1153 1683 1254 1757
6612 4 2 1 1 1212 1708 1323 1741
6613 4 2 1 1 283 309 349 1568
6614 4 2 1 1 41 529 531 1423
6615 4 2 1 1 798 536 747 1664
6616 4 2 1 1 915 916 919 1419
6617 4 2 1 1 1215 1044 1564 1779
6618 4 2 1 1 371 649 715 1521
6619 4 2 1 1 328 327 294 1509
6620 4 2 1 1 408 407 716 1312
6621 4 2 1 1 109 773 503 1694
6622 4 2 1 1 1231 1689 1196 1701
6623 4 2 1 1 1015 1439 1287 1738
6624 4 2 1 1 849 1415 844 1580
6625 4 2 1 1 838 853 851 1414
6626 4 2 1 1 720 100 7 805
6627 4 2 1 1 154 159 153 1463
6628 4 2 1 1 289 290 288 1587
6629 4 2 1 1 120 474 475 1541
6630 4 2 1 1 706 904 54 967
6631 4 2 1 1 608 571 684 1369
6632 4 2 1 1 648 679 197 1659
6633 4 2 1 1 1098 1532 1343 1650
6634 4 2 1 1 628 468 604 1491
6635 4 2 1 1 987 1497 1486 1591
6636 4 2 1 1 1059 1536 1322 1658
6637 4 2 1 1 30 743 870 1516
6638 4 2 1 1 1243 1467 1073 1721
6639 4 2 1 1 1033 1489 1261 1787
6640 4 2 1 1 961 897 943 1290
6641 4 2 1 1 383 639 378 1554
6642 4 2 1 1 237 236 170 1455
6643 4 2 1 1 182 188 606 1434
6644 4 2 1 1 576 1564 169 1779
6645 4 2 1 1 247 613 596 1322
6646 4 2 1 1 19 88 879 660
6647 4 2 1 1 374 322 443 1657
6648 4 2 1 1 915 1419 919 1777
6649 4 2 1 1 409 488 126 1427
6650 4 2 1 1 128 129 127 1409
6651 4 2 1 1 430 680 600 1525
6652 4 2 1 1 437 1362 768 1773
6653 4 2 1 1 797 478 337 1381
6654 4 2 1 1 1044 1475 1287 1738
6655 4 2 1 1 1291 1715 1214 1771
6656 4 2 1 1 432 431 240 1784
6657 4 2 1 1 955 973 1643 1739
6658 4 2 1 1 1291 1715 1067 1780
6659 4 2 1 1 682 752 700 1345
6660 4 2 1 1 1054 1521 1236 1682
6661 4 2 1 1 208 207 211 1421
6662 4 2 1 1 513 194 204 1753
6663 4 2 1 1 1227 1033 1464 1695
6664 4 2 1 1 1115 1286 1618 1675
6665 4 2 1 1 759 568 567 1567
6666 4 2 1 1 1282 1401 1045 1606
6667 4 2 1 1 41 531 42 1609
6668 4 2 1 1 680 681 590 1447
6669 4 2 1 1 994 1265 1632 1633
6670 4 2 1 1 530 529 96 1547
6671 4 2 1 1 882 864 812 1598
6672 4 2 1 1 948 951 973 1739
6673 4 2 1 1 515 514 652 1473
6674 4 2 1 1 632 226 209 1494
6675 4 2 1 1 658 464 404 1708
6676 4 2 1 1 954 899 943 1285
6677 4 2 1 1 605 216 644 1714
6678 4 2 1 1 859 1482 836 1707
6679 4 2 1 1 509 510 92 1278
6680 4 2 1 1 455 486 490 1314
6681 4 2 1 1 566 323 553 1459
6682 4 2 1 1 1164 1659 1543 1734
6683 4 2 1 1 30 870 806 1516
6684 4 2 1 1 1409 1584 1178 1644
6685 4 2 1 1 419 420 452 1299
6686 4 2 1 1 7 869 720 805
6687 4 2 1 1 1225 1041 1550 1788
6688 4 2 1 1 741 808 29 870
6689 4 2 1 1 1362 1699 768 1773
6690 4 2 1 1 395 728 725 1737
6691 4 2 1 1 532 386 389 1693
6692 4 2 1 1 1348 1446 1125 1647
6693 4 2 1 1 330 332 329 1716
6694 4 2 1 1 779 462 1462 1661
6695 4 2 1 1 350 445 695 1670
6696 4 2 1 1 645 654 249 1701
6697 4 2 1 1 787 895 962 1642
6698 4 2 1 1 878 1479 861 1707
6699 4 2 1 1 792 454 455 1654
6700 4 2 1 1 137 1513 138 1697
6701 4 2 1 1 190 186 187 1750
6702 4 2 1 1 739 872 16 814
6703 4 2 1 1 393 395 723 1755
6704 4 2 1 1 1215 1738 1044 1779
6705 4 2 1 1 578 298 342 1565
6706 4 2 1 1 1323 1670 1084 1741
6707 4 2 1 1 360 382 344 1531
6708 4 2 1 1 392 1292 745 1728
6709 4 2 1 1 769 329 352 1552
6710 4 2 1 1 670 900 99 1462
6711 4 2 1 1 386 387 388 1400
6712 4 2 1 1 852 840 851 1414
6713 4 2 1 1 79 899 673 961
6714 4 2 1 1 594 1719 235 1727
6715 4 2 1 1 594 253 235 1719
6716 4 2 1 1 723 1665 220 1755
6717 4 2 1 1 1395 1684 1580 1760
6718 4 2 1 1 99 779 1462 1702
6719 4 2 1 1 803 854 863 1345
6720 4 2 1 1 554 738 553 1390
6721 4 2 1 1 1349 1401 1096 1752
6722 4 2 1 1 961 673 79 678
6723 4 2 1 1 197 193 524 1659
6724 4 2 1 1 203 218 219 1487
6725 4 2 1 1 254 231 517 1618
6726 4 2 1 1 45 109 503 1694
6727 4 2 1 1 147 697 699 1542
6728 4 2 1 1 136 138 137 1513
6729 4 2 1 1 257 305 304 1783
6730 4 2 1 1 1342 1460 1083 1514
6731 4 2 1 1 980 953 902 1300
6732 4 2 1 1 1312 1477 1054 1678
6733 4 2 1 1 1234 1570 1063 1622
6734 4 2 1 1 445 464 658 1323
6735 4 2 1 1 274 282 281 1638
6736 4 2 1 1 902 980 1300 1642
6737 4 2 1 1 672 736 671 1389
6738 4 2 1 1 1093 1538 1359 1775
6739 4 2 1 1 105 50 123 1374
6740 4 2 1 1 1222 1602 1156 1759
6741 4 2 1 1 99 722 779 1702
6742 4 2 1 1 869 740 8 1654
6743 4 2 1 1 586 587 655 1689
6744 4 2 1 1 803 863 867 1345
6745 4 2 1 1 775 772 531 1609
6746 4 2 1 1 139 165 137 1697
6747 4 2 1 1 22 735 884 807
6748 4 2 1 1 575 357 359 1408
6749 4 2 1 1 1 52 880 801
6750 4 2 1 1 1109 1597 1476 1776
6751 4 2 1 1 1125 1738 1455 1779
6752 4 2 1 1 693 1506 545 1711
6753 4 2 1 1 910 930 908 1353
6754 4 2 1 1 966 953 977 1700
6755 4 2 1 1 1191 1403 1625 1727
6756 4 2 1 1 892 2 34 971
6757 4 2 1 1 1359 1538 1105 1775
6758 4 2 1 1 990 1597 1327 1668
6759 4 2 1 1 334 1716 1245 1764
6760 4 2 1 1 446 1489 481 1787
6761 4 2 1 1 623 187 179 1639
6762 4 2 1 1 496 656 382 1736
6763 4 2 1 1 869 8 720 1654
6764 4 2 1 1 731 87 789 1642
6765 4 2 1 1 320 369 370 1717
6766 4 2 1 1 610 1500 356 1783
6767 4 2 1 1 1464 1695 1165 1758
6768 4 2 1 1 771 504 438 1357
6769 4 2 1 1 1266 1590 1050 1755
6770 4 2 1 1 694 116 756 1728
6771 4 2 1 1 409 1427 124 1744
6772 4 2 1 1 436 781 437 1773
6773 4 2 1 1 354 459 597 1449
6774 4 2 1 1 667 117 759 1762
6775 4 2 1 1 901 472 783 1405
6776 4 2 1 1 1045 1429 1398 1754
6777 4 2 1 1 661 69 84 970
6778 4 2 1 1 412 1394 413 1688
6779 4 2 1 1 324 696 325 1502
6780 4 2 1 1 411 691 651 1746
6781 4 2 1 1 374 775 777 1547
6782 4 2 1 1 917 918 916 1561
6783 4 2 1 1 1074 1496 1483 1623
6784 4 2 1 1 721 220 719 1590
6785 4 2 1 1 930 1353 946 1739
6786 4 2 1 1 1068 1446 1505 1647
6787 4 2 1 1 751 794 88 1729
6788 4 2 1 1 570 612 156 1593
6789 4 2 1 1 656 643 169 1564
6790 4 2 1 1 48 498 47 1583
6791 4 2 1 1 92 510 523 1666
6792 4 2 1 1 425 651 427 1533
6793 4 2 1 1 834 841 858 1493
6794 4 2 1 1 1211 1415 1361 1580
6795 4 2 1 1 699 702 141 1690
6796 4 2 1 1 982 1538 1537 1776
6797 4 2 1 1 1537 1538 1141 1776
6798 4 2 1 1 1035 1262 1555 1640
6799 4 2 1 1 682 27 98 803
6800 4 2 1 1 1145 1498 1522 1558
6801 4 2 1 1 1086 1614 1443 1788
6802 4 2 1 1 1081 1488 1624 1656
6803 4 2 1 1 778 441 659 1643
6804 4 2 1 1 303 619 290 1339
6805 4 2 1 1 883 1518 860 1729
6806 4 2 1 1 1100 1480 1439 1566
6807 4 2 1 1 400 406 402 1741
6808 4 2 1 1 1045 1533 1282 1606
6809 4 2 1 1 683 118 5 1479
6810 4 2 1 1 975 903 71 1643
6811 4 2 1 1 618 394 372 1307
6812 4 2 1 1 281 282 312 1638
6813 4 2 1 1 572 710 595 1388
6814 4 2 1 1 1073 1467 1243 1763
6815 4 2 1 1 896 1295 969 1740
6816 4 2 1 1 448 724 782 1700
6817 4 2 1 1 905 976 963 1362
6818 4 2 1 1 1398 1466 1096 1615
6819 4 2 1 1 661 111 70 903
6820 4 2 1 1 1372 1617 1102 1771
6821 4 2 1 1 401 405 399 1673
6822 4 2 1 1 80 106 897 961
6823 4 2 1 1 486 689 306 1584
6824 4 2 1 1 988 1445 1527 1725
6825 4 2 1 1 43 511 42 1757
6826 4 2 1 1 505 771 769 1552
6827 4 2 1 1 20 112 879 812
6828 4 2 1 1 965 108 56 734
6829 4 2 1 1 853 806 852 1516
6830 4 2 1 1 109 776 773 1694
6831 4 2 1 1 1469 1730 1223 1780
6832 4 2 1 1 309 373 580 1316
6833 4 2 1 1 928 947 956 1499
6834 4 2 1 1 1477 1521 1054 1678
6835 4 2 1 1 1026 1436 1435 1628
6836 4 2 1 1 1410 1723 1113 1760
6837 4 2 1 1 1317 1510 1128 1765
6838 4 2 1 1 182 180 181 1704
6839 4 2 1 1 985 1641 1361 1718
6840 4 2 1 1 795 451 734 1295
6841 4 2 1 1 674 1619 675 1649
6842 4 2 1 1 470 1488 35 1724
6843 4 2 1 1 48 520 518 1583
6844 4 2 1 1 849 848 835 1684
6845 4 2 1 1 975 71 659 1643
6846 4 2 1 1 789 1300 448 1787
6847 4 2 1 1 446 481 789 1787
6848 4 2 1 1 537 550 307 1288
6849 4 2 1 1 268 588 269 1772
6850 4 2 1 1 25 815 873 667
6851 4 2 1 1 137 138 139 1697
6852 4 2 1 1 173 175 622 1505
6853 4 2 1 1 585 1346 340 1773
6854 4 2 1 1 1435 1628 1118 1723
6855 4 2 1 1 950 967 904 1311
6856 4 2 1 1 900 99 1462 1702
6857 4 2 1 1 927 938 920 1535
6858 4 2 1 1 1030 1509 1357 1552
6859 4 2 1 1 1422 1546 1064 1681
6860 4 2 1 1 412 413 791 1688
6861 4 2 1 1 956 947 901 1405
6862 4 2 1 1 322 308 292 1370
6863 4 2 1 1 1085 1600 1290 1745
6864 4 2 1 1 1343 1592 1098 1650
6865 4 2 1 1 523 38 39 1666
6866 4 2 1 1 1094 1546 1422 1681
6867 4 2 1 1 809 740 869 1654
6868 4 2 1 1 112 20 879 660
6869 4 2 1 1 995 1621 1218 1775
6870 4 2 1 1 114 60 670 959
6871 4 2 1 1 287 376 351 1422
6872 4 2 1 1 164 167 163 1329
6873 4 2 1 1 1543 1659 1184 1734
6874 4 2 1 1 588 272 269 1772
6875 4 2 1 1 573 721 719 1590
6876 4 2 1 1 1214 1067 1715 1780
6877 4 2 1 1 768 663 101 1362
6878 4 2 1 1 809 94 9 740
6879 4 2 1 1 1106 1483 1445 1725
6880 4 2 1 1 451 795 449 1708
6881 4 2 1 1 323 551 552 1459
6882 4 2 1 1 785 732 122 1319
6883 4 2 1 1 685 283 350 1670
6884 4 2 1 1 163 161 164 1742
6885 4 2 1 1 683 6 100 874
6886 4 2 1 1 54 904 706 744
6887 4 2 1 1 991 1324 1457 1662
6888 4 2 1 1 700 426 568 1567
6889 4 2 1 1 387 635 388 1400
6890 4 2 1 1 578 296 298 1565
6891 4 2 1 1 1073 1709 1402 1763
6892 4 2 1 1 1105 1747 1359 1781
6893 4 2 1 1 358 359 357 1408
6894 4 2 1 1 1590 1665 1050 1755
6895 4 2 1 1 184 182 183 1344
6896 4 2 1 1 941 917 914 1336
6897 4 2 1 1 437 663 768 1362
6898 4 2 1 1 1027 1687 1307 1786
6899 4 2 1 1 979 900 1462 1702
6900 4 2 1 1 743 741 29 870
6901 4 2 1 1 224 215 227 1372
6902 4 2 1 1 245 315 295 1510
6903 4 2 1 1 349 580 462 1661
6904 4 2 1 1 493 685 695 1670
6905 4 2 1 1 1048 1573 1399 1710
6906 4 2 1 1 823 826 850 1360
6907 4 2 1 1 700 1567 759 1762
6908 4 2 1 1 152 591 155 1456
6909 4 2 1 1 753 887 32 476
6910 4 2 1 1 1194 1522 1498 1558
6911 4 2 1 1 622 199 173 1446
6912 4 2 1 1 904 952 1311 1740
6913 4 2 1 1 626 519 762 1631
6914 4 2 1 1 942 1474 943 1745
6915 4 2 1 1 776 439 773 1413
6916 4 2 1 1 313 713 1495 1673
6917 4 2 1 1 873 815 890 1762
6918 4 2 1 1 771 327 769 1552
6919 4 2 1 1 8 869 809 740
6920 4 2 1 1 697 147 620 1674
6921 4 2 1 1 448 789 87 1300
6922 4 2 1 1 802 886 875 1389
6923 4 2 1 1 825 824 828 1383
6924 4 2 1 1 663 905 66 963
6925 4 2 1 1 810 880 784 1458
6926 4 2 1 1 1103 1647 1348 1726
6927 4 2 1 1 1006 1420 1315 1734
6928 4 2 1 1 1423 1547 1140 1549
6929 4 2 1 1 1193 1547 1423 1549
6930 4 2 1 1 682 803 1345 1762
6931 4 2 1 1 649 625 314 1477
6932 4 2 1 1 603 161 162 1742
6933 4 2 1 1 367 590 681 1447
6934 4 2 1 1 1098 1460 1342 1514
6935 4 2 1 1 1338 1509 1030 1552
6936 4 2 1 1 733 511 512 1678
6937 4 2 1 1 626 478 475 1541
6938 4 2 1 1 44 45 705 1380
6939 4 2 1 1 462 670 779 1462
6940 4 2 1 1 34 799 892 1605
6941 4 2 1 1 1074 1596 1483 1725
6942 4 2 1 1 649 314 408 1477
6943 4 2 1 1 813 5 118 1479
6944 4 2 1 1 392 745 796 1728
6945 4 2 1 1 234 250 229 1579
6946 4 2 1 1 35 690 119 1624
6947 4 2 1 1 82 978 754 472
6948 4 2 1 1 846 1582 888 1654
6949 4 2 1 1 180 623 179 1639
6950 4 2 1 1 713 510 717 1495
6951 4 2 1 1 414 612 611 1593
6952 4 2 1 1 1052 1367 1517 1625
6953 4 2 1 1 1506 1518 1177 1729
6954 4 2 1 1 841 860 883 1518
6955 4 2 1 1 333 1716 334 1764
6956 4 2 1 1 1042 1445 1483 1725
6957 4 2 1 1 21 112 812 884
6958 4 2 1 1 481 446 480 1489
6959 4 2 1 1 504 771 505 1357
6960 4 2 1 1 526 680 430 1525
6961 4 2 1 1 279 280 319 1417
6962 4 2 1 1 789 481 731 1642
6963 4 2 1 1 878 861 847 1707
6964 4 2 1 1 654 607 655 1689
6965 4 2 1 1 906 75 964 665
6966 4 2 1 1 567 347 566 1785
6967 4 2 1 1 1346 1551 340 1773
6968 4 2 1 1 665 906 74 907
6969 4 2 1 1 1255 1704 1092 1770
6970 4 2 1 1 184 583 189 1613
6971 4 2 1 1 532 385 386 1368
6972 4 2 1 1 436 340 1551 1773
6973 4 2 1 1 1094 1366 1546 1681
6974 4 2 1 1 548 584 555 1351
6975 4 2 1 1 713 405 709 1673
6976 4 2 1 1 1157 1304 1652 1697
6977 4 2 1 1 272 271 269 1478
6978 4 2 1 1 610 356 257 1783
6979 4 2 1 1 768 1699 585 1773
6980 4 2 1 1 738 807 23 816
6981 4 2 1 1 1411 1568 1055 1648
6982 4 2 1 1 313 282 398 1572
6983 4 2 1 1 933 924 923 1540
6984 4 2 1 1 265 263 261 1672
6985 4 2 1 1 658 404 402 1741
6986 4 2 1 1 153 150 152 1767
6987 4 2 1 1 674 95 675 1619
6988 4 2 1 1 978 82 901 472
6989 4 2 1 1 1204 1518 1506 1729
6990 4 2 1 1 817 819 818 1523
6991 4 2 1 1 1047 1718 1298 1760
6992 4 2 1 1 718 443 712 1657
6993 4 2 1 1 830 836 837 1482
6994 4 2 1 1 857 855 839 1387
6995 4 2 1 1 537 307 536 1664
6996 4 2 1 1 77 95 958 1619
6997 4 2 1 1 409 126 124 1427
6998 4 2 1 1 1274 1737 1168 1755
6999 4 2 1 1 900 670 59 959
7000 4 2 1 1 1111 1619 1285 1649
7001 4 2 1 1 476 887 32 810
7002 4 2 1 1 1318 1714 1062 1743
7003 4 2 1 1 420 453 452 1636
7004 4 2 1 1 533 266 263 1672
7005 4 2 1 1 712 322 708 1657
7006 4 2 1 1 543 541 693 1711
7007 4 2 1 1 585 1699 1346 1773
7008 4 2 1 1 910 946 930 1353
7009 4 2 1 1 313 399 713 1673
7010 4 2 1 1 538 739 539 1433
7011 4 2 1 1 1040 1699 1362 1773
7012 4 2 1 1 937 960 979 1702
7013 4 2 1 1 225 210 222 1576
7014 4 2 1 1 743 459 458 1516
7015 4 2 1 1 186 177 179 1750
7016 4 2 1 1 439 1413 776 1683
7017 4 2 1 1 1394 1503 1131 1718
7018 4 2 1 1 635 636 652 1358
7019 4 2 1 1 892 950 956 1605
7020 4 2 1 1 310 309 278 1568
7021 4 2 1 1 1042 1483 1596 1725
7022 4 2 1 1 415 494 379 1585
7023 4 2 1 1 91 42 1609 1757
7024 4 2 1 1 6 100 874 805
7025 4 2 1 1 201 202 634 1557
7026 4 2 1 1 56 896 965 734
7027 4 2 1 1 620 633 669 1515
7028 4 2 1 1 745 392 358 1292
7029 4 2 1 1 1047 1361 1718 1760
7030 4 2 1 1 505 769 352 1470
7031 4 2 1 1 254 357 225 1618
7032 4 2 1 1 71 903 111 1643
7033 4 2 1 1 871 14 85 730
7034 4 2 1 1 371 715 618 1521
7035 4 2 1 1 743 30 107 1516
7036 4 2 1 1 1380 1694 1066 1789
7037 4 2 1 1 44 109 45 1694
7038 4 2 1 1 163 167 576 1779
7039 4 2 1 1 621 1573 127 1710
7040 4 2 1 1 1371 1511 1139 1534
7041 4 2 1 1 693 751 545 1506
7042 4 2 1 1 1059 1645 1315 1734
7043 4 2 1 1 734 57 896 793
7044 4 2 1 1 924 933 936 1540
7045 4 2 1 1 494 610 379 1585
7046 4 2 1 1 187 645 191 1430
7047 4 2 1 1 864 884 812 1598
7048 4 2 1 1 208 206 207 1421
7049 4 2 1 1 310 491 428 1648
7050 4 2 1 1 884 864 807 1598
7051 4 2 1 1 1255 1639 1092 1704
7052 4 2 1 1 439 438 773 1413
7053 4 2 1 1 159 258 153 1463
7054 4 2 1 1 1041 1443 1353 1788
7055 4 2 1 1 300 190 513 1753
7056 4 2 1 1 30 806 107 1516
7057 4 2 1 1 111 659 71 1643
7058 4 2 1 1 825 848 827 1692
7059 4 2 1 1 958 894 77 1619
7060 4 2 1 1 896 969 965 1740
7061 4 2 1 1 66 101 663 963
7062 4 2 1 1 395 725 723 1755
7063 4 2 1 1 862 844 889 1580
7064 4 2 1 1 754 473 472 1600
7065 4 2 1 1 913 931 942 1474
7066 4 2 1 1 585 341 340 1346
7067 4 2 1 1 266 264 263 1529
7068 4 2 1 1 746 553 1390 1785
7069 4 2 1 1 885 804 843 1433
7070 4 2 1 1 780 119 706 1605
7071 4 2 1 1 1054 1438 1355 1682
7072 4 2 1 1 1353 1147 1550 1788
7073 4 2 1 1 133 220 131 1665
7074 4 2 1 1 735 584 112 1598
7075 4 2 1 1 727 435 726 1721
7076 4 2 1 1 130 129 128 1409
7077 4 2 1 1 1274 1710 1224 1737
7078 4 2 1 1 322 374 308 1370
7079 4 2 1 1 1050 1665 1274 1755
7080 4 2 1 1 127 621 125 1573
7081 4 2 1 1 534 356 638 1500
7082 4 2 1 1 338 339 412 1394
7083 4 2 1 1 1389 1047 1620 1688
7084 4 2 1 1 892 34 2 799
7085 4 2 1 1 620 614 421 1674
7086 4 2 1 1 120 784 52 1458
7087 4 2 1 1 971 956 901 1405
7088 4 2 1 1 383 378 381 1554
7089 4 2 1 1 841 857 860 1518
7090 4 2 1 1 505 352 765 1470
7091 4 2 1 1 562 391 563 1471
7092 4 2 1 1 449 450 403 1626
7093 4 2 1 1 967 950 892 1605
7094 4 2 1 1 329 769 327 1552
7095 4 2 1 1 902 62 87 966
7096 4 2 1 1 35 470 36 1488
7097 4 2 1 1 545 544 543 1711
7098 4 2 1 1 422 424 506 1485
7099 4 2 1 1 966 62 87 724
7100 4 2 1 1 869 846 888 1654
7101 4 2 1 1 661 788 701 1321
7102 4 2 1 1 413 412 339 1394
7103 4 2 1 1 481 483 731 1642
7104 4 2 1 1 1266 1662 1077 1786
7105 4 2 1 1 353 335 336 1764
7106 4 2 1 1 449 795 456 1626
7107 4 2 1 1 895 935 980 1642
7108 4 2 1 1 784 476 810 1458
7109 4 2 1 1 777 1547 530 1721
7110 4 2 1 1 252 325 517 1751
7111 4 2 1 1 235 243 234 1403
7112 4 2 1 1 1040 1346 1699 1773
7113 4 2 1 1 244 253 255 1719
7114 4 2 1 1 690 35 36 1488
7115 4 2 1 1 502 43 91 1757
7116 4 2 1 1 1094 1286 1675 1751
7117 4 2 1 1 904 952 950 1311
7118 4 2 1 1 1546 1681 1366 1769
7119 4 2 1 1 51 123 50 1374
7120 4 2 1 1 1291 1653 1067 1715
7121 4 2 1 1 603 162 590 1570
7122 4 2 1 1 783 121 34 1405
7123 4 2 1 1 287 232 646 1651
7124 4 2 1 1 1359 1698 1218 1781
7125 4 2 1 1 287 646 376 1651
7126 4 2 1 1 672 671 113 1389
7127 4 2 1 1 457 463 752 1425
7128 4 2 1 1 110 716 508 1680
7129 4 2 1 1 965 744 108 1740
7130 4 2 1 1 488 489 490 1604
7131 4 2 1 1 276 527 278 1411
7132 4 2 1 1 755 473 106 1600
7133 4 2 1 1 834 858 843 1493
7134 4 2 1 1 872 730 15 804
7135 4 2 1 1 554 735 738 1598
7136 4 2 1 1 538 536 798 1664
7137 4 2 1 1 976 905 949 1362
7138 4 2 1 1 112 21 735 884
7139 4 2 1 1 235 1719 1403 1727
7140 4 2 1 1 567 746 667 1785
7141 4 2 1 1 1151 1359 1747 1781
7142 4 2 1 1 837 836 859 1482
7143 4 2 1 1 437 768 585 1773
7144 4 2 1 1 210 221 222 1576
7145 4 2 1 1 791 736 672 1688
7146 4 2 1 1 872 15 730 739
7147 4 2 1 1 978 81 754 1600
7148 4 2 1 1 730 871 14 804
7149 4 2 1 1 266 267 264 1529
7150 4 2 1 1 141 142 143 1690
7151 4 2 1 1 500 270 273 1418
7152 4 2 1 1 113 666 766 1620
7153 4 2 1 1 824 823 821 1612
7154 4 2 1 1 791 419 736 1688
7155 4 2 1 1 859 836 861 1707
7156 4 2 1 1 16 115 739 814
7157 4 2 1 1 346 345 343 1607
7158 4 2 1 1 59 99 670 900
7159 4 2 1 1 211 574 212 1617
7160 4 2 1 1 758 478 797 1381
7161 4 2 1 1 77 677 95 1619
7162 4 2 1 1 644 653 418 1526
7163 4 2 1 1 22 735 807 738
7164 4 2 1 1 900 960 99 1702
7165 4 2 1 1 677 77 894 1619
7166 4 2 1 1 738 23 86 816
7167 4 2 1 1 904 744 965 1740
7168 4 2 1 1 306 689 130 1584
7169 4 2 1 1 900 58 99 960
7170 4 2 1 1 208 212 213 1536
7171 4 2 1 1 553 323 552 1459
7172 4 2 1 1 765 520 505 1470
7173 4 2 1 1 914 912 913 1614
7174 4 2 1 1 327 771 326 1509
7175 4 2 1 1 572 595 320 1717
7176 4 2 1 1 845 849 862 1580
7177 4 2 1 1 454 740 790 1654
7178 4 2 1 1 940 935 926 1440
7179 4 2 1 1 186 179 187 1750
7180 4 2 1 1 457 353 463 1425
7181 4 2 1 1 942 931 943 1474
7182 4 2 1 1 360 495 382 1736
7183 4 2 1 1 965 55 108 744
7184 4 2 1 1 972 979 900 1462
7185 4 2 1 1 945 894 954 1619
7186 4 2 1 1 959 972 900 1462
7187 4 2 1 1 190 194 513 1753
7188 4 2 1 1 560 181 178 1704
7189 4 2 1 1 335 333 334 1764
7190 4 2 1 1 793 99 58 960
7191 4 2 1 1 364 363 246 1595
7192 4 2 1 1 188 318 606 1434
7193 4 2 1 1 912 914 915 1614
7194 4 2 1 1 436 437 340 1773
7195 4 2 1 1 121 470 35 1724
7196 4 2 1 1 236 576 167 1779
7197 4 2 1 1 88 660 751 1729
7198 4 2 1 1 99 960 793 1702
7199 4 2 1 1 617 265 565 1599
7200 4 2 1 1 873 803 26 1762
7201 4 2 1 1 657 629 331 1534
7202 4 2 1 1 682 700 759 1762
7203 4 2 1 1 598 148 150 1767
7204 4 2 1 1 925 922 919 1777
7205 4 2 1 1 779 670 99 1462
7206 4 2 1 1 1041 1353 1550 1788
7207 4 2 1 1 126 127 125 1573
7208 4 2 1 1 584 735 554 1598
7209 4 2 1 1 199 171 173 1446
7210 4 2 1 1 226 286 242 1637
7211 4 2 1 1 756 424 796 1728
7212 4 2 1 1 865 1458 856 1774
7213 4 2 1 1 842 833 845 1395
7214 4 2 1 1 34 35 119 1605
7215 4 2 1 1 586 203 219 1487
7216 4 2 1 1 675 745 396 1649
7217 4 2 1 1 107 758 459 1516
7218 4 2 1 1 55 965 904 744
7219 4 2 1 1 928 929 947 1499
7220 4 2 1 1 406 695 658 1741
7221 4 2 1 1 746 566 553 1785
7222 4 2 1 1 352 765 1470 1631
7223 4 2 1 1 787 731 483 1642
7224 4 2 1 1 259 299 564 1601
7225 4 2 1 1 412 791 672 1688
7226 4 2 1 1 701 778 111 1643
7227 4 2 1 1 697 433 699 1542
7228 4 2 1 1 553 738 86 1390
7229 4 2 1 1 28 808 741 867
7230 4 2 1 1 157 643 592 1712
7231 4 2 1 1 249 692 632 1701
7232 4 2 1 1 302 347 303 1627
7233 4 2 1 1 1174 1684 1395 1760
7234 4 2 1 1 727 447 435 1735
7235 4 2 1 1 198 632 209 1494
7236 4 2 1 1 155 591 600 1456
7237 4 2 1 1 893 114 61 1700
7238 4 2 1 1 780 706 54 967
7239 4 2 1 1 870 852 806 1516
7240 4 2 1 1 865 810 856 1458
7241 4 2 1 1 98 752 682 1345
7242 4 2 1 1 442 747 535 1503
7243 4 2 1 1 106 754 81 1600
7244 4 2 1 1 481 480 482 1489
7245 4 2 1 1 746 553 86 1390
7246 4 2 1 1 424 507 506 1485
7247 4 2 1 1 654 655 587 1689
7248 4 2 1 1 1127 1634 1575 1748
7249 4 2 1 1 169 577 656 1564
7250 4 2 1 1 119 460 706 1624
7251 4 2 1 1 475 474 626 1541
7252 4 2 1 1 596 208 213 1536
7253 4 2 1 1 57 896 793 960
7254 4 2 1 1 651 425 650 1533
7255 4 2 1 1 164 603 581 1742
7256 4 2 1 1 295 315 582 1510
7257 4 2 1 1 1098 1611 1532 1650
7258 4 2 1 1 220 602 131 1665
7259 4 2 1 1 356 610 638 1500
7260 4 2 1 1 902 962 980 1642
7261 4 2 1 1 417 609 605 1714
7262 4 2 1 1 471 479 470 1724
7263 4 2 1 1 1155 1532 1611 1650
7264 4 2 1 1 436 297 582 1551
7265 4 2 1 1 1457 1662 1324 1786
7266 4 2 1 1 453 455 454 1636
7267 4 2 1 1 737 460 690 1624
7268 4 2 1 1 409 124 601 1744
7269 4 2 1 1 226 242 221 1637
7270 4 2 1 1 184 189 188 1613
7271 4 2 1 1 1077 1662 1457 1786
7272 4 2 1 1 942 944 929 1745
7273 4 2 1 1 787 64 731 962
7274 4 2 1 1 948 930 946 1739
7275 4 2 1 1 911 910 909 1443
7276 4 2 1 1 1091 1584 1409 1644
7277 4 2 1 1 416 461 705 1687
7278 4 2 1 1 873 26 117 1762
7279 4 2 1 1 437 585 340 1773
7280 4 2 1 1 978 897 81 1600
7281 4 2 1 1 104 774 767 1507
7282 4 2 1 1 704 405 401 1685
7283 4 2 1 1 718 439 776 1683
7284 4 2 1 1 91 43 42 1757
7285 4 2 1 1 416 394 461 1687
7286 4 2 1 1 927 952 938 1535
7287 4 2 1 1 48 47 520 1583
7288 4 2 1 1 403 704 401 1685
7289 4 2 1 1 955 973 903 1643
7290 4 2 1 1 698 321 431 1784
7291 4 2 1 1 230 317 594 1727
7292 4 2 1 1 243 550 540 1553
7293 4 2 1 1 345 360 344 1531
7294 4 2 1 1 361 617 565 1599
7295 4 2 1 1 231 254 225 1618
7296 4 2 1 1 447 763 767 1735
7297 4 2 1 1 389 440 441 1693
7298 4 2 1 1 1153 1694 1380 1789
7299 4 2 1 1 434 351 376 1422
7300 4 2 1 1 783 472 121 1405
7301 4 2 1 1 468 366 604 1491
7302 4 2 1 1 212 574 215 1617
7303 4 2 1 1 1 52 801 785
7304 4 2 1 1 909 906 981 1326
7305 4 2 1 1 904 969 952 1740
7306 4 2 1 1 244 235 253 1719
7307 4 2 1 1 741 98 28 867
7308 4 2 1 1 966 893 61 1700
7309 4 2 1 1 917 920 918 1561
7310 4 2 1 1 216 138 136 1513
7311 4 2 1 1 114 724 61 1700
7312 4 2 1 1 683 749 118 1479
7313 4 2 1 1 621 127 377 1710
7314 4 2 1 1 508 716 509 1680
7315 4 2 1 1 81 897 106 1600
7316 4 2 1 1 42 531 91 1609
7317 4 2 1 1 679 375 427 1610
7318 4 2 1 1 730 739 538 1433
7319 4 2 1 1 733 715 408 1678
7320 4 2 1 1 682 26 803 1762
7321 4 2 1 1 878 813 861 1479
7322 4 2 1 1 1618 1675 1286 1751
7323 4 2 1 1 666 442 766 1620
7324 4 2 1 1 449 456 450 1626
7325 4 2 1 1 316 245 593 1765
7326 4 2 1 1 327 326 294 1509
7327 4 2 1 1 926 935 934 1440
7328 4 2 1 1 528 166 142 1731
7329 4 2 1 1 901 783 83 971
7330 4 2 1 1 527 491 310 1648
7331 4 2 1 1 499 728 97 1737
7332 4 2 1 1 966 61 724 1700
7333 4 2 1 1 452 454 790 1636
7334 4 2 1 1 364 365 363 1595
7335 4 2 1 1 340 297 436 1551
7336 4 2 1 1 104 767 37 1507
7337 4 2 1 1 821 823 822 1612
7338 4 2 1 1 751 547 545 1506
7339 4 2 1 1 175 516 622 1505
7340 4 2 1 1 557 214 223 1771
7341 4 2 1 1 411 640 641 1746
7342 4 2 1 1 248 251 551 1653
7343 4 2 1 1 330 334 333 1716
7344 4 2 1 1 250 569 229 1579
7345 4 2 1 1 537 536 538 1664
7346 4 2 1 1 603 590 469 1570
7347 4 2 1 1 33 784 810 880
7348 4 2 1 1 451 449 404 1708
7349 4 2 1 1 679 619 375 1610
7350 4 2 1 1 783 34 2 971
7351 4 2 1 1 496 382 495 1736
7352 4 2 1 1 784 1 52 880
7353 4 2 1 1 727 763 447 1735
7354 4 2 1 1 321 240 431 1784
7355 4 2 1 1 259 564 261 1601
7356 4 2 1 1 852 851 853 1414
7357 4 2 1 1 885 872 804 1433
7358 4 2 1 1 251 555 551 1653
7359 4 2 1 1 593 245 237 1765
7360 4 2 1 1 775 530 777 1547
7361 4 2 1 1 810 865 880 1458
7362 4 2 1 1 524 648 197 1659
7363 4 2 1 1 955 930 973 1739
7364 4 2 1 1 817 839 819 1523
7365 4 2 1 1 231 252 517 1751
7366 4 2 1 1 291 308 311 1578
7367 4 2 1 1 335 334 336 1764
7368 4 2 1 1 305 257 356 1783
7369 4 2 1 1 784 120 476 1458
7370 4 2 1 1 677 675 95 1619
7371 4 2 1 1 621 377 499 1710
7372 4 2 1 1 833 848 849 1684
7373 4 2 1 1 915 919 922 1777
7374 4 2 1 1 347 348 303 1627
7375 4 2 1 1 750 490 489 1604
7376 4 2 1 1 726 777 530 1721
7377 4 2 1 1 157 160 643 1712
7378 4 2 1 1 1182 1675 1618 1751
7379 4 2 1 1 156 612 414 1593
7380 4 2 1 1 796 745 694 1728
7381 4 2 1 1 869 888 809 1654
7382 4 2 1 1 373 446 448 1787
7383 4 2 1 1 65 101 963 787
7384 4 2 1 1 1064 1681 1546 1769
7385 4 2 1 1 142 166 144 1731
7386 4 2 1 1 762 352 332 1631
7387 4 2 1 1 338 442 535 1503
7388 4 2 1 1 459 743 107 1516
7389 4 2 1 1 557 549 556 1715
7390 4 2 1 1 630 398 282 1572
7391 4 2 1 1 3 801 876 785
7392 4 2 1 1 862 849 844 1580
7393 4 2 1 1 979 960 900 1702
7394 4 2 1 1 143 699 141 1690
7395 4 2 1 1 92 523 39 1666
7396 4 2 1 1 83 783 901 472
7397 4 2 1 1 572 320 370 1717
7398 4 2 1 1 309 283 278 1568
7399 4 2 1 1 53 967 892 799
7400 4 2 1 1 878 874 813 1479
7401 4 2 1 1 557 556 251 1715
7402 4 2 1 1 1455 1738 1215 1779
7403 4 2 1 1 975 955 903 1643
7404 4 2 1 1 543 693 545 1711
7405 4 2 1 1 713 717 313 1495
7406 4 2 1 1 778 532 441 1693
7407 4 2 1 1 944 942 943 1745
7408 4 2 1 1 346 484 345 1607
7409 4 2 1 1 26 682 117 1762
7410 4 2 1 1 594 235 230 1727
7411 4 2 1 1 476 33 784 810
7412 4 2 1 1 654 692 249 1701
7413 4 2 1 1 123 122 601 1744
7414 4 2 1 1 330 333 332 1716
7415 4 2 1 1 647 485 585 1699
7416 4 2 1 1 720 454 792 1654
7417 4 2 1 1 842 846 832 1582
7418 4 2 1 1 215 223 214 1771
7419 4 2 1 1 779 444 462 1661
7420 4 2 1 1 835 843 844 1415
7421 4 2 1 1 620 147 614 1674
7422 4 2 1 1 725 728 499 1737
7423 4 2 1 1 243 540 542 1553
7424 4 2 1 1 46 503 93 1703
7425 4 2 1 1 99 465 722 1702
7426 4 2 1 1 775 529 530 1547
7427 4 2 1 1 12 13 666 811
7428 4 2 1 1 77 76 677 894
7429 4 2 1 1 685 350 695 1670
7430 4 2 1 1 453 454 452 1636
7431 4 2 1 1 727 530 96 1721
7432 4 2 1 1 349 462 444 1661
7433 4 2 1 1 895 64 787 962
7434 4 2 1 1 860 879 800 1729
7435 4 2 1 1 91 531 772 1609
7436 4 2 1 1 504 93 503 1703
7437 4 2 1 1 825 827 826 1692
7438 4 2 1 1 265 533 263 1672
7439 4 2 1 1 954 894 958 1619
7440 4 2 1 1 963 895 65 787
7441 4 2 1 1 720 740 454 1654
7442 4 2 1 1 837 856 838 1774
7443 4 2 1 1 756 796 694 1728
7444 4 2 1 1 712 443 322 1657
7445 4 2 1 1 877 18 17 664
7446 4 2 1 1 967 53 780 799
7447 4 2 1 1 153 598 150 1767
7448 4 2 1 1 761 718 776 1683
7449 4 2 1 1 352 519 765 1631
7450 4 2 1 1 883 860 800 1729
7451 4 2 1 1 26 27 682 803
7452 4 2 1 1 70 111 71 903
7453 4 2 1 1 899 78 79 673
7454 4 2 1 1 180 178 181 1704
7455 4 2 1 1 25 24 815 667
7456 4 2 1 1 759 700 568 1567
7457 4 2 1 1 119 690 460 1624
7458 4 2 1 1 446 789 448 1787
7459 4 2 1 1 417 605 644 1714
7460 4 2 1 1 733 512 715 1678
7461 4 2 1 1 473 754 106 1600
7462 4 2 1 1 795 108 456 1740
7463 4 2 1 1 761 776 502 1683
7464 4 2 1 1 63 62 87 902
7465 4 2 1 1 601 124 123 1744
7466 4 2 1 1 411 641 691 1746
7467 4 2 1 1 80 106 81 897
7468 4 2 1 1 901 82 83 472
7469 4 2 1 1 399 405 713 1673
7470 4 2 1 1 980 962 895 1642
7471 4 2 1 1 476 32 33 810
7472 4 2 1 1 406 658 402 1741
7473 4 2 1 1 861 836 847 1707
7474 4 2 1 1 10 11 671 802
7475 4 2 1 1 464 451 404 1708
7476 4 2 1 1 164 161 603 1742
7477 4 2 1 1 77 95 78 958
7478 4 2 1 1 846 842 888 1582
7479 4 2 1 1 30 31 107 806
7480 4 2 1 1 117 682 759 1762
7481 4 2 1 1 121 471 470 1724
7482 4 2 1 1 674 675 396 1649
7483 4 2 1 1 8 7 869 720
7484 4 2 1 1 61 60 114 893
7485 4 2 1 1 108 744 456 1740
7486 4 2 1 1 662 73 72 898
7487 4 2 1 1 757 674 396 1649
7488 4 2 1 1 904 965 969 1740
7489 4 2 1 1 519 352 762 1631
7490 4 2 1 1 5 6 683 874
7491 4 2 1 1 668 68 67 968
7492 4 2 1 1 785 876 3 732
7493 4 2 1 1 730 14 15 804
7494 4 2 1 1 865 856 837 1774
7495 4 2 1 1 890 803 873 1762
7496 4 2 1 1 69 68 84 891
7497 4 2 1 1 115 16 17 814
7498 4 2 1 1 782 724 114 1700
7499 4 2 1 1 906 74 75 665
7500 4 2 1 1 726 530 727 1721
7501 4 2 1 1 879 20 19 660
7502 4 2 1 1 59 58 99 900
7503 4 2 1 1 948 973 930 1739
7504 4 2 1 1 778 659 111 1643
7505 4 2 1 1 777 311 308 1578
7506 4 2 1 1 768 647 585 1699
7507 4 2 1 1 441 532 389 1693
7508 4 2 1 1 89 74 73 907
7509 4 2 1 1 896 56 57 734
7510 4 2 1 1 61 62 966 724
7511 4 2 1 1 70 69 661 970
7512 4 2 1 1 119 799 34 1605
7513 4 2 1 1 118 4 5 813
7514 4 2 1 1 112 20 21 812
7515 4 2 1 1 905 66 67 663
7516 4 2 1 1 99 793 465 1702
7517 4 2 1 1 9 8 809 740
7518 4 2 1 1 801 3 1 785
7519 4 2 1 1 746 567 566 1785
7520 4 2 1 1 808 29 28 741
7521 4 2 1 1 19 88 18 800
7522 4 2 1 1 957 897 978 1600
7523 4 2 1 1 9 10 94 868
7524 4 2 1 1 75 116 76 964
7525 4 2 1 1 100 6 7 805
7526 4 2 1 1 56 55 108 965
7527 4 2 1 1 961 79 80 678
7528 4 2 1 1 28 98 27 867
7529 4 2 1 1 807 23 22 738
7530 4 2 1 1 780 799 119 1605
7531 4 2 1 1 904 54 55 744
7532 4 2 1 1 977 893 966 1700
7533 4 2 1 1 11 12 113 875
7534 4 2 1 1 86 23 24 816
7535 4 2 1 1 975 71 72 659
7536 4 2 1 1 4 3 876 732
7537 4 2 1 1 670 60 59 959
7538 4 2 1 1 64 63 731 962
7539 4 2 1 1 735 21 22 884
7540 4 2 1 1 895 64 65 787
7541 4 2 1 1 65 101 66 963
7542 4 2 1 1 793 58 57 960
7543 4 2 1 1 26 117 25 873
7544 4 2 1 1 783 2 83 971
7545 4 2 1 1 784 33 1 880
7546 4 2 1 1 892 2 53 799
7547 4 2 1 1 29 30 743 870
7548 4 2 1 1 85 13 14 871
7549 4 2 1 1 54 53 780 967
7550 4 2 1 1 872 16 15 739
7551 4 2 1 1 887 32 31 753
7552 4 2 1 1 81 82 978 754
7553 4 2 1 1 1625 1035 1571 1191
7554 4 2 1 1 1625 1571 1035 1186
7555 4 2 1 1 1720 521 1176 1241
7556 4 2 1 1 1720 1176 521 1386
7557 4 2 1 1 1307 384 393 372
7558 4 2 1 1 1307 393 384 1266
7559 4 2 1 1 1247 1746 1338 1080
7560 4 2 1 1 1338 1746 1247 558
7561 4 2 1 1 1741 493 1226 406
7562 4 2 1 1 1741 1226 493 1084
7563 4 2 1 1 370 1077 1521 1307
7564 4 2 1 1 1521 1077 370 1717
7565 4 2 1 1 1542 707 1276 433
7566 4 2 1 1 1542 1276 707 1076
7567 4 2 1 1 1689 1784 1114 1487
7568 4 2 1 1 1114 1784 1689 1231
7569 4 2 1 1 1289 1600 473 755
7570 4 2 1 1 473 1600 1289 1085
7571 4 2 1 1 1569 1537 1597 1013
7572 4 2 1 1 1569 1597 1537 1141
7573 4 2 1 1 1712 1329 1044 1210
7574 4 2 1 1 1712 1044 1329 1564
7575 4 2 1 1 1492 1270 987 1124
7576 4 2 1 1 987 1270 1492 1352
7577 4 2 1 1 987 1441 1492 1124
7578 4 2 1 1 1492 1441 987 1352
7579 4 2 1 1 1470 1588 1631 1038
7580 4 2 1 1 1631 1588 1470 1161
7581 4 2 1 1 1106 1511 1209 988
7582 4 2 1 1 1209 1511 1106 1392
7583 4 2 1 1 1597 1013 1109 1327
7584 4 2 1 1 1597 1109 1013 1537
7585 4 2 1 1 1693 1041 1485 1306
7586 4 2 1 1 1693 1485 1041 1175
7587 4 2 1 1 1627 1459 566 1122
7588 4 2 1 1 1627 566 1459 302
7589 4 2 1 1 1581 1603 1349 1030
7590 4 2 1 1 1349 1603 1581 1221
7591 4 2 1 1 1349 1110 1581 1030
7592 4 2 1 1 1581 1110 1349 1221
7593 4 2 1 1 1782 1176 1666 1007
7594 4 2 1 1 1782 1666 1176 1278
7595 4 2 1 1 1420 1373 1752 1072
7596 4 2 1 1 1420 1752 1373 1096
7597 4 2 1 1 1329 170 1779 1125
7598 4 2 1 1 1329 1779 170 167
7599 4 2 1 1 1586 1363 989 1155
7600 4 2 1 1 989 1363 1586 1112
7601 4 2 1 1 989 1532 1586 1155
7602 4 2 1 1 1586 1532 989 1112
7603 4 2 1 1 1520 1733 1262 1149
7604 4 2 1 1 1262 1733 1520 1142
7605 4 2 1 1 1557 1468 1331 1057
7606 4 2 1 1 1557 1331 1468 1232
7607 4 2 1 1 1344 205 628 183
7608 4 2 1 1 1344 628 205 1136
7609 4 2 1 1 1344 628 181 183
7610 4 2 1 1 1344 181 628 1238
7611 4 2 1 1 1608 1628 1281 1441
7612 4 2 1 1 1281 1628 1608 1060
7613 4 2 1 1 907 665 1326 89
7614 4 2 1 1 907 1326 665 906
7615 4 2 1 1 1721 686 435 726
7616 4 2 1 1 1721 435 686 1243
7617 4 2 1 1 1487 240 1784 1114
7618 4 2 1 1 1487 1784 240 219
7619 4 2 1 1 1491 205 1722 604
7620 4 2 1 1 1491 1722 205 1136
7621 4 2 1 1 1388 714 165 1157
7622 4 2 1 1 1388 165 714 710
7623 4 2 1 1 1332 415 1585 559
7624 4 2 1 1 1332 1585 415 1237
7625 4 2 1 1 1688 1298 1190 1047
7626 4 2 1 1 1688 1190 1298 1299
7627 4 2 1 1 1476 1586 1776 1112
7628 4 2 1 1 1776 1586 1476 1217
7629 4 2 1 1 471 1085 472 1600
7630 4 2 1 1 471 472 1085 1724
7631 4 2 1 1 1405 472 1085 1600
7632 4 2 1 1 1405 1085 472 1724
7633 4 2 1 1 1779 170 236 1455
7634 4 2 1 1 1779 236 170 167
7635 4 2 1 1 1700 936 953 977
7636 4 2 1 1 1700 953 936 1384
7637 4 2 1 1 1690 1391 1304 1065
7638 4 2 1 1 1690 1304 1391 1076
7639 4 2 1 1 1600 947 1745 1085
7640 4 2 1 1 1600 1745 947 957
7641 4 2 1 1 1491 367 467 366
7642 4 2 1 1 1491 467 367 1234
7643 4 2 1 1 1693 701 532 1368
7644 4 2 1 1 1693 532 701 778
7645 4 2 1 1 1406 1379 1376 1021
7646 4 2 1 1 1406 1376 1379 1104
7647 4 2 1 1 1297 1524 1163 1010
7648 4 2 1 1 1163 1524 1297 1456
7649 4 2 1 1 1677 1130 1588 1233
7650 4 2 1 1 1677 1588 1130 1189
7651 4 2 1 1 1418 274 271 273
7652 4 2 1 1 1418 271 274 1180
7653 4 2 1 1 1605 1499 928 956
7654 4 2 1 1 1605 928 1499 1081
7655 4 2 1 1 1748 1079 1758 1265
7656 4 2 1 1 1748 1758 1079 1334
7657 4 2 1 1 1608 1437 1628 1124
7658 4 2 1 1 1608 1628 1437 1060
7659 4 2 1 1 1599 527 533 1411
7660 4 2 1 1 1599 533 527 617
7661 4 2 1 1 1704 606 182 180
7662 4 2 1 1 1704 182 606 1434
7663 4 2 1 1 1556 1017 1203 1544
7664 4 2 1 1 1556 1203 1017 1414
7665 4 2 1 1 1661 445 722 444
7666 4 2 1 1 1661 722 445 1323
7667 4 2 1 1 1693 1550 1368 1175
7668 4 2 1 1 1693 1368 1550 1070
7669 4 2 1 1 1605 1724 1081 1405
7670 4 2 1 1 1081 1724 1605 1488
7671 4 2 1 1 1575 1586 1173 982
7672 4 2 1 1 1173 1586 1575 1100
7673 4 2 1 1 439 1534 1683 657
7674 4 2 1 1 1683 1534 439 1413
7675 4 2 1 1 1745 957 897 944
7676 4 2 1 1 1745 897 957 1600
7677 4 2 1 1 1220 1321 932 951
7678 4 2 1 1 1220 932 1321 1239
7679 4 2 1 1 974 932 1321 951
7680 4 2 1 1 974 1321 932 1239
7681 4 2 1 1 1451 1459 1390 1053
7682 4 2 1 1 1390 1459 1451 1122
7683 4 2 1 1 1566 1301 1100 1480
7684 4 2 1 1 1566 1100 1301 1151
7685 4 2 1 1 1700 936 972 1126
7686 4 2 1 1 1700 972 936 977
7687 4 2 1 1 1726 1328 1103 1647
7688 4 2 1 1 1726 1103 1328 1313
7689 4 2 1 1 1536 206 1059 596
7690 4 2 1 1 1536 1059 206 1421
7691 4 2 1 1 911 1474 945 931
7692 4 2 1 1 945 1474 911 1443
7693 4 2 1 1 1732 1178 1048 1274
7694 4 2 1 1 1732 1048 1178 1293
7695 4 2 1 1 1516 808 852 1203
7696 4 2 1 1 1516 852 808 870
7697 4 2 1 1 1595 366 1082 1491
7698 4 2 1 1 1595 1082 366 364
7699 4 2 1 1 1447 1082 367 1491
7700 4 2 1 1 1447 367 1082 364
7701 4 2 1 1 1082 366 367 1491
7702 4 2 1 1 1082 367 366 364
7703 4 2 1 1 1742 1163 1063 1210
7704 4 2 1 1 1742 1063 1163 1570
7705 4 2 1 1 1703 1380 1066 1268
7706 4 2 1 1 1703 1066 1380 1694
7707 4 2 1 1 1733 1671 1432 1142
7708 4 2 1 1 1733 1432 1671 998
7709 4 2 1 1 1784 703 708 431
7710 4 2 1 1 1784 708 703 1397
7711 4 2 1 1 1518 882 1387 857
7712 4 2 1 1 1518 1387 882 1204
7713 4 2 1 1 528 1500 534 638
7714 4 2 1 1 534 1500 528 1279
7715 4 2 1 1 1648 1563 1261 1055
7716 4 2 1 1 1648 1261 1563 1195
7717 4 2 1 1 1535 928 921 927
7718 4 2 1 1 1535 921 928 1499
7719 4 2 1 1 1271 311 291 624
7720 4 2 1 1 1271 291 311 1578
7721 4 2 1 1 1536 1771 213 1291
7722 4 2 1 1 217 213 1771 1291
7723 4 2 1 1 217 1771 213 214
7724 4 2 1 1 1373 1517 1186 1001
7725 4 2 1 1 1186 1517 1373 1095
7726 4 2 1 1 1768 1287 1179 1475
7727 4 2 1 1 1768 1179 1287 1217
7728 4 2 1 1 1286 1546 1651 1094
7729 4 2 1 1 1651 1546 1286 1020
7730 4 2 1 1 1611 1519 1532 1043
7731 4 2 1 1 1611 1532 1519 1098
7732 4 2 1 1 1612 850 1137 1360
7733 4 2 1 1 1612 1137 850 822
7734 4 2 1 1 1752 1072 1315 1420
7735 4 2 1 1 1752 1315 1072 1347
7736 4 2 1 1 1721 311 777 1578
7737 4 2 1 1 1721 777 311 726
7738 4 2 1 1 1553 234 1579 542
7739 4 2 1 1 1553 1579 234 1403
7740 4 2 1 1 1651 624 616 646
7741 4 2 1 1 1651 616 624 1271
7742 4 2 1 1 1753 1197 1012 1340
7743 4 2 1 1 1753 1012 1197 1473
7744 4 2 1 1 1613 193 192 1296
7745 4 2 1 1 1613 192 193 189
7746 4 2 1 1 1420 1398 1223 1025
7747 4 2 1 1 1420 1223 1398 1096
7748 4 2 1 1 1444 183 184 185
7749 4 2 1 1 1444 184 183 1344
7750 4 2 1 1 1771 1536 212 1617
7751 4 2 1 1 1765 1015 1455 1198
7752 4 2 1 1 1765 1455 1015 1317
7753 4 2 1 1 1737 1687 395 728
7754 4 2 1 1 1737 395 1687 1168
7755 4 2 1 1 1756 1450 1676 1046
7756 4 2 1 1 1756 1676 1450 1183
7757 4 2 1 1 1454 1376 1297 1010
7758 4 2 1 1 1454 1297 1376 1104
7759 4 2 1 1 1251 824 828 831
7760 4 2 1 1 1251 828 824 1383
7761 4 2 1 1 1525 285 591 430
7762 4 2 1 1 1525 591 285 1341
7763 4 2 1 1 1689 631 318 655
7764 4 2 1 1 1689 318 631 1169
7765 4 2 1 1 1654 1314 1582 1636
7766 4 2 1 1 1654 1582 1314 1213
7767 4 2 1 1 1018 1582 1314 1636
7768 4 2 1 1 1018 1314 1582 1213
7769 4 2 1 1 1303 1722 1491 1136
7770 4 2 1 1 1491 1722 1303 1082
7771 4 2 1 1 1512 1464 1632 1121
7772 4 2 1 1 1512 1632 1464 1040
7773 4 2 1 1 1592 1430 1639 1028
7774 4 2 1 1 1592 1639 1430 1196
7775 4 2 1 1 1506 546 1351 547
7776 4 2 1 1 1506 1351 546 1280
7777 4 2 1 1 1565 577 579 1215
7778 4 2 1 1 1565 579 577 578
7779 4 2 1 1 1681 1507 1769 1064
7780 4 2 1 1 1681 1769 1507 1188
7781 4 2 1 1 354 1764 597 335
7782 4 2 1 1 597 1764 354 1449
7783 4 2 1 1 1024 1635 1698 1559
7784 4 2 1 1 1024 1698 1635 1375
7785 4 2 1 1 1108 1698 1635 1559
7786 4 2 1 1 1108 1635 1698 1375
7787 4 2 1 1 1493 831 828 834
7788 4 2 1 1 1493 828 831 1251
7789 4 2 1 1 1716 1603 1000 1161
7790 4 2 1 1 1716 1000 1603 1245
7791 4 2 1 1 1745 1285 1034 1474
7792 4 2 1 1 1745 1034 1285 1290
7793 4 2 1 1 1584 233 132 1407
7794 4 2 1 1 1584 132 233 689
7795 4 2 1 1 1263 401 402 400
7796 4 2 1 1 1263 402 401 1685
7797 4 2 1 1 1465 1661 1316 1172
7798 4 2 1 1 1316 1661 1465 1126
7799 4 2 1 1 813 732 4 876
7800 4 2 1 1 813 4 732 118
7801 4 2 1 1 1446 1439 1647 1068
7802 4 2 1 1 1446 1647 1439 1125
7803 4 2 1 1 1516 866 887 1207
7804 4 2 1 1 1516 887 866 806
7805 4 2 1 1 816 667 1390 815
7806 4 2 1 1 816 1390 667 86
7807 4 2 1 1 1666 96 40 1193
7808 4 2 1 1 1666 40 96 39
7809 4 2 1 1 1719 379 397 253
7810 4 2 1 1 1719 397 379 1585
7811 4 2 1 1 1696 1756 1231 1046
7812 4 2 1 1 1231 1756 1696 1343
7813 4 2 1 1 1761 1231 1169 1689
7814 4 2 1 1 1761 1169 1231 1002
7815 4 2 1 1 1114 1169 1231 1689
7816 4 2 1 1 1114 1231 1169 1002
7817 4 2 1 1 1464 1635 1033 1227
7818 4 2 1 1 1033 1635 1464 1121
7819 4 2 1 1 1445 1520 1527 1042
7820 4 2 1 1 1527 1520 1445 1134
7821 4 2 1 1 1627 1610 348 375
7822 4 2 1 1 1627 348 1610 1533
7823 4 2 1 1 425 348 1610 375
7824 4 2 1 1 425 1610 348 1533
7825 4 2 1 1 1567 463 752 700
7826 4 2 1 1 1567 752 463 1425
7827 4 2 1 1 255 1585 1719 379
7828 4 2 1 1 1719 1585 255 1250
7829 4 2 1 1 989 1650 1155 1308
7830 4 2 1 1 1155 1650 989 1532
7831 4 2 1 1 1720 521 37 1129
7832 4 2 1 1 37 521 1720 1241
7833 4 2 1 1 37 1507 1720 1129
7834 4 2 1 1 1720 1507 37 1241
7835 4 2 1 1 1516 477 753 107
7836 4 2 1 1 1516 753 477 1207
7837 4 2 1 1 1536 247 1291 213
7838 4 2 1 1 1536 1291 247 1322
7839 4 2 1 1 1737 377 1710 499
7840 4 2 1 1 1737 1710 377 1274
7841 4 2 1 1 95 1619 673 958
7842 4 2 1 1 899 673 1619 958
7843 4 2 1 1 899 1619 673 1285
7844 4 2 1 1 1593 1671 1341 1090
7845 4 2 1 1 1341 1671 1593 1162
7846 4 2 1 1 1590 1484 1662 1050
7847 4 2 1 1 1590 1662 1484 1157
7848 4 2 1 1 475 1207 1381 477
7849 4 2 1 1 1381 1207 475 1541
7850 4 2 1 1 1381 478 475 477
7851 4 2 1 1 475 478 1381 1541
7852 4 2 1 1 1702 896 937 960
7853 4 2 1 1 1702 937 896 1295
7854 4 2 1 1 1493 835 843 834
7855 4 2 1 1 1493 843 835 1415
7856 4 2 1 1 1785 759 667 567
7857 4 2 1 1 1785 667 759 1216
7858 4 2 1 1 1668 1495 1249 1049
7859 4 2 1 1 1668 1249 1495 1166
7860 4 2 1 1 753 806 31 887
7861 4 2 1 1 753 31 806 107
7862 4 2 1 1 962 87 1642 902
7863 4 2 1 1 962 1642 87 731
7864 4 2 1 1 1740 706 904 744
7865 4 2 1 1 1740 904 706 1311
7866 4 2 1 1 1726 1611 1328 993
7867 4 2 1 1 1726 1328 1611 1313
7868 4 2 1 1 1764 1677 1449 1189
7869 4 2 1 1 1764 1449 1677 1119
7870 4 2 1 1 1680 41 40 508
7871 4 2 1 1 1680 40 41 1423
7872 4 2 1 1 659 898 72 975
7873 4 2 1 1 659 72 898 662
7874 4 2 1 1 1606 1746 1533 1282
7875 4 2 1 1 1533 1746 1606 1245
7876 4 2 1 1 1787 481 1300 1489
7877 4 2 1 1 1787 1300 481 789
7878 4 2 1 1 1642 1300 481 1489
7879 4 2 1 1 1642 481 1300 789
7880 4 2 1 1 967 799 1605 892
7881 4 2 1 1 1605 799 967 780
7882 4 2 1 1 1771 213 212 1536
7883 4 2 1 1 1771 212 213 214
7884 4 2 1 1 1619 673 674 95
7885 4 2 1 1 1619 674 673 1285
$EndElements
