$MeshFormat
2.2 0 8
$EndMeshFormat
$PhysicalNames
1
3 1 "Cylinder"
$EndPhysicalNames
$Nodes
2455
1 0.5 -1.224646799147353e-16 18.72
2 0.5 -1.224646799147353e-16 0
3 0.4619397662556436 0.1913417161825444 18.72
4 0.3535533905932744 0.3535533905932731 18.72
5 0.1913417161825461 0.4619397662556429 18.72
6 1.695950706916419e-15 0.5 18.72
7 -0.1913417161825426 0.4619397662556443 18.72
8 -0.3535533905932717 0.3535533905932758 18.72
9 -0.4619397662556421 0.1913417161825478 18.72
10 -0.5 3.613946018757869e-15 18.72
11 -0.4619397662556449 -0.1913417161825411 18.72
12 -0.353553390593276 -0.3535533905932715 18.72
13 -0.1913417161825472 -0.4619397662556424 18.72
14 -2.312294559186364e-15 -0.5 18.72
15 0.1913417161825429 -0.4619397662556442 18.72
16 0.3535533905932731 -0.3535533905932745 18.72
17 0.4619397662556433 -0.1913417161825452 18.72
18 0.5 -1.224646799147353e-16 0.199148936170213
19 0.5 -1.224646799147353e-16 0.398297872340426
20 0.5 -1.224646799147353e-16 0.5974468085106389
21 0.5 -1.224646799147353e-16 0.7965957446808519
22 0.5 -1.224646799147353e-16 0.9957446808510648
23 0.5 -1.224646799147353e-16 1.194893617021278
24 0.5 -1.224646799147353e-16 1.394042553191491
25 0.5 -1.224646799147353e-16 1.593191489361704
26 0.5 -1.224646799147353e-16 1.792340425531917
27 0.5 -1.224646799147353e-16 1.99148936170213
28 0.5 -1.224646799147353e-16 2.190638297872343
29 0.5 -1.224646799147353e-16 2.389787234042556
30 0.5 -1.224646799147353e-16 2.588936170212769
31 0.5 -1.224646799147353e-16 2.788085106382982
32 0.5 -1.224646799147353e-16 2.987234042553195
33 0.5 -1.224646799147353e-16 3.186382978723408
34 0.5 -1.224646799147353e-16 3.385531914893621
35 0.5 -1.224646799147353e-16 3.584680851063834
36 0.5 -1.224646799147353e-16 3.783829787234047
37 0.5 -1.224646799147353e-16 3.98297872340426
38 0.5 -1.224646799147353e-16 4.182127659574473
39 0.5 -1.224646799147353e-16 4.381276595744685
40 0.5 -1.224646799147353e-16 4.580425531914897
41 0.5 -1.224646799147353e-16 4.77957446808511
42 0.5 -1.224646799147353e-16 4.978723404255322
43 0.5 -1.224646799147353e-16 5.177872340425535
44 0.5 -1.224646799147353e-16 5.377021276595749
45 0.5 -1.224646799147353e-16 5.576170212765962
46 0.5 -1.224646799147353e-16 5.775319148936174
47 0.5 -1.224646799147353e-16 5.974468085106386
48 0.5 -1.224646799147353e-16 6.173617021276598
49 0.5 -1.224646799147353e-16 6.372765957446812
50 0.5 -1.224646799147353e-16 6.571914893617024
51 0.5 -1.224646799147353e-16 6.771063829787238
52 0.5 -1.224646799147353e-16 6.97021276595745
53 0.5 -1.224646799147353e-16 7.169361702127663
54 0.5 -1.224646799147353e-16 7.368510638297875
55 0.5 -1.224646799147353e-16 7.567659574468088
56 0.5 -1.224646799147353e-16 7.766808510638301
57 0.5 -1.224646799147353e-16 7.965957446808513
58 0.5 -1.224646799147353e-16 8.165106382978726
59 0.5 -1.224646799147353e-16 8.364255319148938
60 0.5 -1.224646799147353e-16 8.563404255319153
61 0.5 -1.224646799147353e-16 8.762553191489364
62 0.5 -1.224646799147353e-16 8.961702127659578
63 0.5 -1.224646799147353e-16 9.160851063829789
64 0.5 -1.224646799147353e-16 9.360000000000003
65 0.5 -1.224646799147353e-16 9.559148936170214
66 0.5 -1.224646799147353e-16 9.758297872340426
67 0.5 -1.224646799147353e-16 9.957446808510639
68 0.5 -1.224646799147353e-16 10.15659574468085
69 0.5 -1.224646799147353e-16 10.35574468085106
70 0.5 -1.224646799147353e-16 10.55489361702128
71 0.5 -1.224646799147353e-16 10.75404255319149
72 0.5 -1.224646799147353e-16 10.9531914893617
73 0.5 -1.224646799147353e-16 11.15234042553192
74 0.5 -1.224646799147353e-16 11.35148936170213
75 0.5 -1.224646799147353e-16 11.55063829787234
76 0.5 -1.224646799147353e-16 11.74978723404255
77 0.5 -1.224646799147353e-16 11.94893617021277
78 0.5 -1.224646799147353e-16 12.14808510638298
79 0.5 -1.224646799147353e-16 12.34723404255319
80 0.5 -1.224646799147353e-16 12.5463829787234
81 0.5 -1.224646799147353e-16 12.74553191489362
82 0.5 -1.224646799147353e-16 12.94468085106383
83 0.5 -1.224646799147353e-16 13.14382978723404
84 0.5 -1.224646799147353e-16 13.34297872340426
85 0.5 -1.224646799147353e-16 13.54212765957447
86 0.5 -1.224646799147353e-16 13.74127659574468
87 0.5 -1.224646799147353e-16 13.94042553191489
88 0.5 -1.224646799147353e-16 14.1395744680851
89 0.5 -1.224646799147353e-16 14.33872340425532
90 0.5 -1.224646799147353e-16 14.53787234042553
91 0.5 -1.224646799147353e-16 14.73702127659574
92 0.5 -1.224646799147353e-16 14.93617021276596
93 0.5 -1.224646799147353e-16 15.13531914893617
94 0.5 -1.224646799147353e-16 15.33446808510638
95 0.5 -1.224646799147353e-16 15.53361702127659
96 0.5 -1.224646799147353e-16 15.73276595744681
97 0.5 -1.224646799147353e-16 15.93191489361702
98 0.5 -1.224646799147353e-16 16.13106382978723
99 0.5 -1.224646799147353e-16 16.33021276595744
100 0.5 -1.224646799147353e-16 16.52936170212766
101 0.5 -1.224646799147353e-16 16.72851063829787
102 0.5 -1.224646799147353e-16 16.92765957446808
103 0.5 -1.224646799147353e-16 17.1268085106383
104 0.5 -1.224646799147353e-16 17.32595744680851
105 0.5 -1.224646799147353e-16 17.52510638297872
106 0.5 -1.224646799147353e-16 17.72425531914893
107 0.5 -1.224646799147353e-16 17.92340425531915
108 0.5 -1.224646799147353e-16 18.12255319148936
109 0.5 -1.224646799147353e-16 18.32170212765957
110 0.5 -1.224646799147353e-16 18.52085106382978
111 0.4619397662556436 0.1913417161825444 0
112 0.3535533905932744 0.3535533905932731 0
113 0.1913417161825461 0.4619397662556429 0
114 1.695950706916419e-15 0.5 0
115 -0.1913417161825426 0.4619397662556443 0
116 -0.3535533905932717 0.3535533905932758 0
117 -0.4619397662556421 0.1913417161825478 0
118 -0.5 3.613946018757869e-15 0
119 -0.4619397662556449 -0.1913417161825411 0
120 -0.353553390593276 -0.3535533905932715 0
121 -0.1913417161825472 -0.4619397662556424 0
122 -2.312294559186364e-15 -0.5 0
123 0.1913417161825429 -0.4619397662556442 0
124 0.3535533905932731 -0.3535533905932745 0
125 0.4619397662556433 -0.1913417161825452 0
126 0.4703541633360373 0.1696082575597554 8.663173608753254
127 0.4707606328032043 -0.1684767835718814 9.45868229348363
128 0.4706407690046481 -0.1688113341891281 11.25170967596969
129 0.4706893893431947 -0.1686757207179815 13.64147590472065
130 0.4715265254593345 -0.1663211826203974 14.63623677518267
131 0.4702904787041474 0.1697847626856541 15.4341328815372
132 0.470548534831396 0.169068259493101 4.480851063829792
133 0.470457691632933 -0.1693208799392802 5.874118733434778
134 0.4703565905459103 0.1696015263198622 6.870357605573696
135 0.4705485348313957 0.1690682594931017 3.68425531914894
136 0.4706918871248831 -0.1686687504987698 7.666005190785264
137 0.4707590341089607 -0.168481250603141 10.25516250721894
138 0.470653130465181 -0.1687768668488821 12.0483096841127
139 0.4706642784019411 -0.1687457763512323 12.84488069388902
140 0.4700635892826566 -0.1704119186873556 3.086247251477872
141 0.4702547759167054 0.1698836240710952 16.42978723404255
142 0.4701108858235478 -0.170281399542637 2.090527333989138
143 0.4606539006181257 0.1944170358927067 1.489723780286454
144 0.4712023389713466 -0.1672374232877682 17.22378595204124
145 0.4677390836697988 0.1766922454657731 17.42032944464107
146 0.4702132164431224 -0.1699986208244446 1.294888883737346
147 0.4707850699403002 -0.1684084853007906 15.23478975262956
148 0.4697620345899647 0.1712414402470872 8.063030054220052
149 0.4706202530138429 -0.1688685212026994 8.86123992061831
150 0.4702547759167047 0.169883624071097 14.83659574468085
151 0.4702295134631382 -0.1699535367923256 5.276232193841026
152 0.4704114175077162 -0.1694493973975155 7.068671991492734
153 0.4691870420831661 0.1728106464927705 9.259484496046124
154 0.4696238978164083 0.171619913179455 6.269801704549159
155 0.4702118244433998 0.1700024710220689 5.078311074775513
156 0.4712946323882106 -0.1669771525750199 16.62880219122047
157 0.459174794859019 0.1978850872758679 2.088256619161947
158 0.4700709371577193 -0.1703916489727813 3.682959201832727
159 0.4711239007887379 -0.1674582637722112 16.03073489815953
160 0.4642855499984427 0.1855772832612969 2.685025194083699
161 0.4703654657749398 -0.1695769105931698 4.281394961812172
162 0.4705486632269264 -0.1690679021439392 8.263708147584287
163 0.4697678254792216 0.1712255534215721 14.23791973337785
164 0.4702459138041311 0.1699081532785219 9.857827818739779
165 0.4703855596884899 -0.1695211645681626 6.471575739531308
166 0.4698702010041674 0.1709444184766012 5.672185322612354
167 0.4702117571751345 0.1700026570800361 7.468098536380613
168 0.4702547759167819 0.1698836240708833 13.64170212765958
169 0.4702547759167439 0.1698836240709888 13.04425531914894
170 0.4702547759167645 0.1698836240709316 12.4468085106383
171 0.470254775916744 0.1698836240709883 11.84936170212766
172 0.4687545193142069 0.1739804604618199 11.24652783688086
173 0.4702459748497139 0.1699079843257587 10.45527493546417
174 -0.4907695329229494 -0.09563088180389241 18.56943895314364
175 -0.4863663595866229 0.1159644956978463 0.1908623350222252
176 0.4693549557889937 -0.1723540700891968 17.81909581179711
177 0.4702547759167504 0.1698836240709708 0.8961702127659583
178 -0.2642457148276521 -0.4244693183202093 0.1919098307819836
179 -0.2853196617536175 0.41060040260185 18.56430886373074
180 -0.0912779829769922 0.4915977317112559 0.1582447062091045
181 -0.09175222629857716 -0.4915094393490879 18.5520662969346
182 0.4703185182644714 -0.1697070752134752 0.6969471471028937
183 0.4656695138109745 0.1820766429475526 18.0126090527013
184 0.4709944012936803 -0.1678221497598205 14.03922138345756
185 0.470536073068655 -0.1691029388896874 10.85364485188552
186 0.4704359986790786 -0.1693811416504741 9.857556233078093
187 0.4702547759167045 -0.1698836240710977 12.4468085106383
188 0.46891477574574 0.1735480714019098 4.084554347428623
189 0.4702547759167043 0.1698836240710981 3.285957446808514
190 0.4702547759167045 0.1698836240710977 15.83234042553191
191 0.4703298455459335 -0.169675680015547 13.2433218646749
192 0.4702547759167045 -0.1698836240710977 11.65021276595745
193 0.4702747468662001 -0.1698283323239425 1.692618381347423
194 0.4700451437979692 -0.1704627900509271 2.488856279610535
195 0.4702547759167675 0.1698836240709234 16.82808510638298
196 0.4706658641400701 -0.168741353358568 15.63238763330445
197 0.4701744923885018 -0.1701056927536954 4.678671122285992
198 0.4691270580880473 0.1729734181013194 10.85474993829263
199 0.4669239533670939 -0.1788351804652652 18.21772480963116
200 0.468794920792022 0.1738715682324221 0.4966484670630253
201 0.289192639443263 -0.4078818668338161 0.1873771715171488
202 0.2794821360856211 0.4145958702266803 18.56106014681812
203 0.2855862230779155 0.4104150450313574 0.1757948759351555
204 0.2769466694531614 -0.4162938172478681 18.57230133106491
205 0.4733439980055874 -0.1610759434306888 0.3042418847019813
206 0.4619142639464608 0.1914032726021145 18.41817952264524
207 0.4710848916165478 -0.1675679709569386 0.4994369993780381
208 0.3851961940372787 -0.3187850248979633 0.5977395416854402
209 0.384983806765528 -0.3190414840241354 0.7958701391091655
210 0.2545410602025483 -0.4303589765195594 0.696496021741703
211 0.2542627097390548 -0.4305234888320882 0.8942918133870875
212 0.09423160998367465 -0.4910401243074589 0.7952026711473137
213 0.09390756457634436 -0.4911021984427882 0.9928665743826272
214 -0.07707400083706437 -0.4940238844377549 0.8937681666155355
215 -0.07736223390043151 -0.4939788302811517 1.091383367787805
216 -0.2392849439162179 -0.4390247323500266 0.9923679909305996
217 -0.2395230208006072 -0.4388948877653417 1.189910999808089
218 -0.373397851825611 -0.3325267571970999 1.090875807568776
219 -0.3736478711331544 -0.3322457951542226 1.288611697705232
220 -0.3730308135647017 -0.3329384509654251 0.8932002551562438
221 -0.4635407308548163 -0.1874299624888795 0.9917616588902141
222 -0.2396765319587885 -0.4388110755532589 1.387776802265072
223 -0.373884120124899 -0.3319799161371515 1.486528455561034
224 -0.2398237050307781 -0.4387306582691827 1.585807037488829
225 -0.3741169375002619 -0.3317175260299419 1.684694922368453
226 -0.4638511140028077 -0.1866605047629367 1.38725521145091
227 -0.2399771448141937 -0.4386467484968143 1.784035677284866
228 -0.3743387024722963 -0.3314672469963776 1.882986192383161
229 -0.2401626206069168 -0.4385452264740983 1.982428363726819
230 -0.3745558763615128 -0.3312218221721799 2.081469562182191
231 -0.4643226367999749 -0.1854844709271334 1.783527420227609
232 -0.2403361216014142 -0.4384501666707292 2.180951137132684
233 -0.374762805146224 -0.3309876733036041 2.280026879030721
234 -0.2405453146114453 -0.4383354327663699 2.379576574038159
235 -0.3749689377931362 -0.3307541317811271 2.478720674747413
236 -0.240762616569988 -0.4382161138780418 2.578221409343651
237 -0.3751773998132519 -0.330517652583591 2.677450434586359
238 -0.4645970250748657 -0.1847961154667074 2.18044844901429
239 -0.4649730750267109 -0.1838478705348655 2.577842876716131
240 -0.4650945916972807 -0.1835402429276471 2.776642153422663
241 -0.375342266739523 -0.3303304145833937 2.876295063327629
242 -0.4652067747354625 -0.1832557140725185 2.975517769756682
243 -0.37550668256069 -0.3301435011510376 3.075244430857999
244 -0.4653184225543412 -0.1829720351079353 3.17448289073796
245 -0.3756860697167972 -0.3299393535496271 3.274206350373986
246 -0.4654222005778725 -0.1827078958590751 3.373460537917449
247 -0.3758607051378228 -0.3297403983944015 3.473141703106694
248 -0.4655334448436135 -0.1824242630025905 3.572461302770045
249 -0.376027882539383 -0.3295497406355344 3.67214664342364
250 -0.4656339165277084 -0.1821676584332881 3.771490542956276
251 -0.3762108390509925 -0.3293408638182457 3.871193005921326
252 -0.4657456793591694 -0.1818817257402891 3.970507770980517
253 -0.3763835595225826 -0.3291434582687472 4.070252819151719
254 -0.4658496397979587 -0.1816152887289838 4.169585794526029
255 -0.3767156518204856 -0.3287633155835162 4.269395741166394
256 -0.4658900734962941 -0.1815115407284554 4.368399702453238
257 -0.3769268912405826 -0.3285211083929159 4.468405179253848
258 -0.4659140491995321 -0.1814499896899861 4.567432470000805
259 -0.3770709620840171 -0.3283557362876941 4.667532395773249
260 -0.466013278683387 -0.1811949891436292 4.766770552434636
261 -0.3772370340940949 -0.3281649282112436 4.866642260891194
262 -0.4661639261183325 -0.1808070628762655 4.965711085042078
263 -0.3773978387316479 -0.3279799861587306 5.065779902782378
264 -0.4662126582764513 -0.1806813694402521 5.164806222884588
265 -0.3775652031932621 -0.3277873050281702 5.264870709839564
266 -0.4663165897877538 -0.1804129654119122 5.364150832717582
267 -0.3777067473819257 -0.327624194744781 5.464057415492098
268 -0.4664672083331214 -0.1800231750356168 5.563125282422489
269 -0.3778270314310979 -0.3274854719219834 5.663229758653492
270 -0.4665149155744819 -0.1798995095783588 5.762240589280039
271 -0.3780159060507302 -0.3272674361629118 5.862334384168713
272 -0.4666184204896309 -0.1796308705645052 5.961583415596244
273 -0.3781916838783419 -0.3270642906910877 6.061510881710515
274 -0.4667696599403451 -0.179237508795382 6.160572267014941
275 -0.3783619049272628 -0.3268673567363571 6.260608810618743
276 -0.4668208788855036 -0.1791040676159142 6.359681566552373
277 -0.378539305729951 -0.3266618955701547 6.459753174501841
278 -0.4669236056132002 -0.1788360884194481 6.559017934981432
279 -0.3787673698344457 -0.3263974257691016 6.658887404748182
280 -0.467075798688174 -0.1784382197843397 6.758013313950226
281 -0.3789206867357734 -0.3262194248718029 6.858089482570734
282 -0.4671293580865228 -0.1782979607670068 6.957142036189601
283 -0.3790830495048497 -0.3260307371676844 7.057187544632111
284 -0.4672297080850722 -0.1780348277240668 7.156463320888387
285 -0.3792848383074879 -0.3257959659511804 7.256383021466643
286 -0.4673791500441317 -0.1776421405636203 7.355479949468696
287 -0.3793866785748735 -0.3256773681420397 7.455444680442448
288 -0.4674288235306576 -0.1775113938110603 7.554593955336125
289 -0.3795298376498693 -0.3255105256876709 7.654592243521193
290 -0.4675264693780363 -0.1772540561761791 7.753906170489802
291 -0.3796453064722434 -0.3253758461742303 7.853727094440462
292 -0.4676678051669597 -0.176880818661376 7.952927569696847
293 -0.3798123479677235 -0.3251808425034368 8.052904096622589
294 -0.4677228590379718 -0.1767351892899249 8.152059634837087
295 -0.379929807216023 -0.3250435995198115 8.251994124750025
296 -0.4678181580037906 -0.1764827783154505 8.351353817878623
297 -0.3800810584113071 -0.3248667250380387 8.45122340657891
298 -0.4679608505233759 -0.1761040668963628 8.550399138005529
299 -0.3802147572979166 -0.3247102374931938 8.650293762972701
300 -0.4680146205953461 -0.1759611176055501 8.74952137816055
301 -0.3803659030369059 -0.3245331721210008 8.84951227393657
302 -0.4681120879032727 -0.1757016595221532 8.948818182299231
303 -0.3804842637732884 -0.3243943973327817 9.048595554878242
304 -0.4683516287242943 -0.1750621371722075 9.148051879979215
305 -0.3806661800631466 -0.3241809052922952 9.247863051374141
306 -0.4684084991271645 -0.1749099137997533 9.347277628905854
307 -0.3807857414776051 -0.3240404590284221 9.446923960384076
308 -0.4685005340006503 -0.1746632463946135 9.546390338334385
309 -0.3809413137431498 -0.3238575543099822 9.646183227748423
310 -0.4685673589762601 -0.1744838963973829 9.745375412349127
311 -0.3810630239389111 -0.3237143367021808 9.845184544416691
312 -0.4686508635544414 -0.1742594849346122 9.944731057567568
313 -0.3812110551972112 -0.3235399996838549 10.04448776035359
314 -0.4686662157441787 -0.1742181914153368 10.14408489191161
315 -0.3813113245055645 -0.3234218202345229 10.24353389706381
316 -0.4688521664282754 -0.1737171437582163 10.34304601062206
317 -0.3814850034758218 -0.3232169428155836 10.44281142898562
318 -0.4689663908815499 -0.1734085471467118 10.54216677009173
319 -0.381617556138991 -0.3230604290941619 10.64179872257483
320 -0.4690674262910327 -0.1731350617082126 10.74128771656454
321 -0.3817775422144584 -0.3228713493958351 10.8411037430279
322 -0.4691609376841837 -0.1728815043643985 10.94045143980975
323 -0.3819017897541295 -0.3227243761828237 11.04008352657896
324 -0.4692635213768662 -0.1726028606512169 11.13959365584604
325 -0.3820594721877434 -0.3225376872733214 11.23941005143268
326 -0.4693533497966314 -0.1723584434679107 11.33879935580585
327 -0.3821815855828188 -0.3223929832384733 11.4383816415598
328 -0.469439232073891 -0.1721243951038767 11.53788931721983
329 -0.3823365944446265 -0.3222091379034512 11.63771709440753
330 -0.4695342868910781 -0.1718649278756046 11.73707276915769
331 -0.382459942931519 -0.3220627144716061 11.83666825629267
332 -0.4696150533191929 -0.1716441134907096 11.93622317299971
333 -0.3826125312265355 -0.321881423739276 12.0360272245337
334 -0.4697172181272394 -0.1713643340803662 12.13536308068325
335 -0.382738110906617 -0.3217320911249515 12.23495851741213
336 -0.4698087015339721 -0.1711133658220861 12.33449686398507
337 -0.3828937157585562 -0.3215468899439177 12.43432951790184
338 -0.4698958461993964 -0.1708739117728424 12.53369926699578
339 -0.3830278396096017 -0.3213871093930203 12.63334049638714
340 -0.4699934575321585 -0.1706052457486788 12.7327984569007
341 -0.3832139246791929 -0.3211652034887496 12.83273573485704
342 -0.470093241499551 -0.17033010390546 12.93199254998982
343 -0.3833754668153164 -0.3209723530837792 13.03166173644839
344 -0.4701765031706239 -0.1701001348213584 13.131140862024
345 -0.3835632354251769 -0.3207479453249394 13.23104474585534
346 -0.4702808845308747 -0.1698113354427734 13.33028322039162
347 -0.3837276283379431 -0.3205512552621459 13.4299586855407
348 -0.4703332898062065 -0.169666132448615 13.52938480528778
349 -0.3839102762647631 -0.3203324831769536 13.62933166209894
350 -0.470410684345351 -0.1694514327284917 13.72873222337526
351 -0.3840628829248903 -0.3201494993896165 13.82827252555781
352 -0.4705094537142847 -0.1691769900591843 13.92789352461445
353 -0.3842500425598855 -0.3199248424125988 14.02766441873075
354 -0.4706532852188288 -0.1687764353004404 14.12689358874069
355 -0.3844264455016426 -0.3197128524144323 14.22655724861013
356 -0.4707942797773577 -0.168382737027639 14.32634934841703
357 -0.3846197975249892 -0.3194802205956361 14.42598599287137
358 -0.470940171242918 -0.1679742691893348 14.52506721805283
359 -0.385682825766209 -0.3181960997702393 14.62491947002375
360 -0.4710188567943679 -0.1677534993498697 14.72422551116842
361 -0.3860585088701257 -0.3177401890365383 14.82400409075761
362 -0.4712541751030325 -0.16709129973748 14.92385684014772
363 -0.3850904448451751 -0.3189127612513258 15.02299886760726
364 -0.4712207613055081 -0.1671855080880437 15.12316130370178
365 -0.3849575579754135 -0.3190731554951093 15.22251599971093
366 -0.4712205508579798 -0.1671861012437997 15.321847720783
367 -0.3850048720902183 -0.3190160630231566 15.42123096907611
368 -0.4712705025357171 -0.1670452436908416 15.52077410332307
369 -0.3851395813509389 -0.3188534191079398 15.6206082723579
370 -0.4713496355892005 -0.1668218242015351 15.71984931468742
371 -0.3852567936852647 -0.3187117866024873 15.81930517637093
372 -0.4714239488270315 -0.1666117056881909 15.91883329985
373 -0.3854087606005491 -0.3185280007351766 16.01868314846694
374 -0.4715456010235503 -0.1662670928215765 16.11789464462324
375 -0.3855397281272637 -0.3183694678130358 16.21734278903483
376 -0.4716305168774484 -0.166026068886518 16.3168694812384
377 -0.3856993416035013 -0.3181760800038645 16.41670615064487
378 -0.4717036244814799 -0.1658182458327039 16.51592299637345
379 -0.3858233651543621 -0.3180256764806323 16.61527672017973
380 -0.4717509718822923 -0.165683495038319 16.71477592119847
381 -0.3860043927194904 -0.3178059294620814 16.81446220033213
382 -0.4718066419933585 -0.1655249001538765 16.91354539389856
383 -0.3861057490017433 -0.3176827829577845 17.01264791320667
384 -0.4718263449643912 -0.1654687287602807 17.11195411839467
385 -0.3862931071140792 -0.317454934433457 17.21136697796796
386 -0.4718593471677094 -0.1653745944529059 17.31015097239436
387 -0.3863980512890595 -0.3173271907038812 17.40891190605519
388 -0.4718672970489023 -0.1653519095014115 17.50789281016596
389 -0.3866022149423508 -0.3170784246864936 17.60698016432344
390 -0.4719365403136737 -0.1651541762013914 17.70531906810484
391 -0.4999820160305381 0.004240712916334751 17.21097470278356
392 -0.499979264797117 0.004553545095237687 16.81406264767884
393 -0.4999805735875742 0.00440749759390674 16.4163491552295
394 -0.4999855775638679 0.003797660875513154 17.60658899069822
395 -0.4999844514438029 0.003943135102873676 17.80381249991393
396 -0.4695355651887737 0.171861435531241 17.7050122956255
397 -0.4997824203474964 -0.01474897662885321 3.074538343398213
398 -0.4999885143965601 0.003389022207189022 15.22308198356385
399 -0.4999848454802959 0.003892851145965721 16.01806891019425
400 -0.4999966899125241 0.001819361569142568 14.62514114260891
401 -0.4999997585418809 0.0004913838222223887 13.42951074655143
402 -0.4999994630502924 0.0007327683257950185 14.0276126237713
403 -0.4999997287287146 -0.0005208370300154162 12.83217546345427
404 -0.4999981694011653 -0.001352995005012161 12.23472296363653
405 -0.4999952212990463 -0.002186018782566434 11.63727605655693
406 -0.4999728163073718 -0.005213727426236794 10.24368117985899
407 -0.499975993031518 -0.004899631837954641 9.645590852218195
408 -0.4999538451624654 -0.006793578384445685 9.048505240346275
409 -0.4999209368830805 -0.008891392801079001 7.853138733025976
410 -0.4999363089121922 -0.007980415481232787 8.450630769641105
411 -0.4998187836762564 -0.01346044146332366 4.865784980067041
412 -0.4999039031099917 -0.009802431096212136 7.255652649592024
413 -0.4998424942606839 -0.0125491406581544 5.46322038739281
414 -0.4998645839960773 -0.01163605029331689 6.060688394069158
415 -0.4998850851187023 -0.01071921992813652 6.658165411689473
416 -0.4999896728090532 0.003213578114178775 15.62004984741117
417 -0.4999849196135724 -0.003883318041258593 10.64184703788913
418 -0.4999914592529868 -0.002922443167775898 11.03985203854139
419 -0.4998134358685461 -0.01365757391628318 3.472653686877123
420 -0.4998301484198614 -0.01303160506535286 3.870729940283589
421 -0.4998328609767853 -0.0129271453833249 4.26876145380986
422 -0.2413175558813391 -0.4379107639958817 2.975973346027126
423 -0.241676826759718 -0.437712589957558 3.373873150662051
424 -0.2420167090618816 -0.437524756482255 3.771882906281929
425 -0.2427693210276791 -0.4371076031914335 4.171504539635903
426 -0.2434505451237802 -0.4367285565187308 4.571324814161676
427 -0.2436073986684558 -0.4366410829434033 4.969563077477815
428 -0.2437648277341757 -0.4365532141214031 5.367817603958906
429 -0.2442090691621446 -0.4363048596325267 5.763037155940546
430 -0.2446927276045311 -0.4360337934810268 6.161320243272805
431 -0.2449925218069328 -0.4358654198932045 6.56037941093739
432 -0.245663123974379 -0.4354878063954821 6.957900960710573
433 -0.2461488531461485 -0.4352134442946769 7.356194972776686
434 -0.2461025845654572 -0.4352396097211305 7.755241727703043
435 -0.2464414156451432 -0.4350478463971725 8.153535945050848
436 -0.2467803048176048 -0.4348557015311287 8.55183213863233
437 -0.2467309551786107 -0.4348837037147407 8.95042668449039
438 -0.2442836152883347 -0.4362631262227658 9.350556961620022
439 -0.2442073388191648 -0.4363058281376283 9.748846937900822
440 -0.2441313420151215 -0.4363483560710362 10.14714873392608
441 -0.2440623168531874 -0.4363869676012958 10.54543956171966
442 -0.2439962259023515 -0.4364239243504057 10.94372950978427
443 -0.2459554759692625 -0.4353227582389113 11.34120666956987
444 -0.2460471381545624 -0.4352709567682522 11.73950058216885
445 -0.2461397880657939 -0.4352185712155745 12.13779528659938
446 -0.2524458942684468 -0.4315913234380462 12.53405663284556
447 -0.2529282068729194 -0.4313088477739005 12.93235410930088
448 -0.2534102038129865 -0.4310258328725329 13.33065158721193
449 -0.2518488991149355 -0.4319399634377387 13.72975472256085
450 -0.2514688764711642 -0.4321613172952091 14.12837009067789
451 -0.249440779983246 -0.4333350866031389 14.52874773567049
452 -0.2471363340588613 -0.4346534624133884 14.92620865089108
453 -0.2469433350243107 -0.4347631415921445 15.32413866613605
454 -0.2470296768294253 -0.434714088528943 15.72224419137831
455 -0.2471348869161808 -0.434654285230143 16.12032779275578
456 -0.2472293316970592 -0.4346005724209593 16.5183614410054
457 -0.2473242405262984 -0.4345465683308173 16.91599146988275
458 -0.2474520434820348 -0.4344738037863332 17.31270567824888
459 -0.499774179164308 -0.01502563944203935 2.676974830320925
460 -0.3885938830271337 -0.3146343815826464 17.80415483252787
461 -0.2548982350282012 -0.4301475209500897 17.70844928508374
462 -0.4694829485035826 0.1720051192970211 17.90219103870384
463 -0.3842567039113538 0.3199168415372692 17.80359472919656
464 -0.3843161456185238 0.3198454317587193 17.60621312447582
465 -0.2540421055860276 0.4306536991474909 17.70479914863835
466 -0.2544231162940198 0.4304287140691704 17.5076350680718
467 -0.2540319670643904 0.4306596796884943 17.9022925346343
468 -0.4633630299407812 -0.1878688438355299 0.7943331913214784
469 -0.4995747361301415 -0.02061754157263974 0.8927673117967379
470 -0.2594535621195003 -0.4274153122005605 17.90376297006015
471 -0.09412074770680819 0.4910613860314323 17.8034963949238
472 -0.0944644899852479 0.4909953768945559 18.00124678113935
473 -0.07760883579024583 -0.4939401467863112 1.486859376094227
474 -0.07755927280671045 -0.4939479316706309 1.883352867647603
475 -0.07802418106499266 -0.4938747079666433 2.280403805447135
476 -0.3890785104865024 -0.3140348908602429 18.00133827317805
477 -0.1020893477224052 -0.4894668171404614 17.80480544406895
478 -0.1021378442631906 -0.4894566995856408 18.00208543689225
479 -0.07666550107219298 -0.4940874426104651 0.6963170634559421
480 -0.4996168234156246 -0.01957114611055154 0.6980110301733651
481 -0.4774462934995647 0.1484757112241848 0.7938440892735021
482 -0.4773096894202319 0.1489142719337596 0.9911212356370026
483 -0.3990176935780744 0.3013052940318737 0.8913521078978215
484 -0.3989945192278338 0.3013359813001922 1.089471126105184
485 -0.2742024223001943 0.4181064835717164 0.9902135373548722
486 -0.2738487198628417 0.4183382347210004 1.188148591743612
487 -0.2743734453773994 0.4179942732523201 0.7920512484453406
488 -0.1167027876814323 0.4861897359543726 1.088730365677092
489 -0.1162986991363493 0.4862865539773775 1.286822806454087
490 -0.2735963520705951 0.4185033287008157 1.386206873896416
491 -0.115836653845909 0.4863968232069192 1.48507437702261
492 -0.2734222357057884 0.4186171055053153 1.584514541465615
493 -0.1153939257524949 0.4865020471687942 1.683275831541575
494 -0.2731615613266015 0.418787250777305 1.78293084116495
495 -0.1149726831106953 0.4866017695593879 1.881782909232139
496 -0.2728488153737968 0.4189910786032511 1.981418449359778
497 -0.114541830557387 0.4867033686472314 2.080351333395214
498 -0.2725693570133418 0.4191729304443852 2.180073139281341
499 -0.1140990811416717 0.4868073537680241 2.279096650088946
500 0.05470035562378717 0.4969988642790155 1.187415621771207
501 0.05610025308612721 0.4968427936517471 1.782533769691027
502 -0.2719154248992304 0.4195974281402008 2.378807465878423
503 -0.1136768014381091 0.4869061355279893 2.477980156305924
504 0.05803567217709086 0.4966204393245945 2.378142413925298
505 0.05420534263151337 0.4970530965904953 0.9892213898181971
506 0.05846796592644265 0.4965697302095893 2.577114658595789
507 -0.1133458163871574 0.4869832911995327 2.676908529137806
508 0.05883224791746177 0.4965267028116195 2.776059041723198
509 -0.1130489956303983 0.4870522811638995 2.875827080806383
510 0.05919867342680132 0.4964831488223008 2.975037789286699
511 -0.1127311997476654 0.4871259350552503 3.074861929189518
512 0.06361204127042656 0.4959370002383464 3.17369334316707
513 -0.1119119785403047 0.4873147946237569 3.273894218405466
514 0.06498226642617959 0.495759321697653 3.373418767105716
515 -0.1113554861199351 0.4874422588481562 3.473065726376988
516 0.064155331158261 0.4958670118932836 3.571967914843956
517 -0.1110801720891149 0.4875050721465907 3.672079267330695
518 0.06425044168679354 0.4958546972078131 3.77142322369137
519 -0.1107752669889181 0.4875744458270285 3.871208409419253
520 0.06108370994308521 0.4962547535083055 3.970317841098663
521 -0.1108426770177658 0.4875591255955889 4.070245946786529
522 0.06088322902766525 0.4962793894805272 4.169367951059919
523 -0.11063239700566 0.4876068833935612 4.269331432570396
524 0.06547875675918412 0.4956939906971554 4.368233366528235
525 -0.1098449769924765 0.487784871669389 4.468432460225534
526 0.06686811443729949 0.495508481533465 4.568052435935655
527 -0.1093224206115793 0.4879022528659044 4.667701945426865
528 0.06370803764480136 0.4959246776874978 4.766974358243366
529 -0.109283323251564 0.4879110116190187 4.866794398375933
530 -0.2692177486145315 0.4213333642508305 4.568300382662637
531 0.06686724643146913 0.4955085986687549 4.967769628278163
532 -0.1087616251905574 0.4880275698010397 5.066179349946607
533 0.07078896904889979 0.4949635560937733 5.168776822425115
534 -0.1080697298185448 0.4881812506610088 5.265728215445912
535 -0.2683048132269525 0.421915308088306 5.165704414364961
536 0.0687891936977294 0.4952454409991234 5.36682244635604
537 -0.1078345204411543 0.4882332600317458 5.46477771023853
538 0.06627621687462354 0.4955879973090428 5.563876144058118
539 -0.1077349703646573 0.4882552366954465 5.663514902022916
540 0.06668301560142507 0.495533425139314 5.76227794465093
541 -0.10742511713726 0.48832350364082 5.862476759790454
542 -0.2673441895676599 0.4225246552621647 5.76322802908041
543 0.06545799111022349 0.4956967332954837 5.961530754348337
544 -0.1072847214876495 0.4883543677856454 6.06156512511327
545 0.06805922617447517 0.4953462846661228 6.160301739823038
546 -0.1066762623692986 0.4884876406286208 6.260650595957902
547 0.07054219480224969 0.494998786617181 6.359534372581512
548 -0.10605329602165 0.4886232683806045 6.459850167255602
549 -0.2663853408096692 0.4231298266510131 6.36060383174783
550 0.06785044735697728 0.4953749254791345 6.55900334481743
551 -0.1059596449791673 0.4886435854852582 6.659022997949985
552 0.07000711509139396 0.4950747457067269 6.759688189266111
553 -0.1055270796708397 0.4887371844418473 6.858403775871263
554 0.06986553487550522 0.4950947455149969 6.960580114803391
555 -0.1052906494566686 0.4887881740969118 7.057893575136613
556 -0.265489979330451 0.4236921888294812 6.958137892750464
557 0.06724720680380053 0.4954571759265243 7.158116645888073
558 -0.1052081353195678 0.4888059413126845 7.256842960556559
559 0.06811206596395486 0.4953390217518925 7.356270882935251
560 -0.1048209646848798 0.4888891135651633 7.455767666614646
561 0.06986897179405005 0.4950942605004043 7.558299278689571
562 -0.1044340692604724 0.4889719063276528 7.655347663250414
563 -0.2645951791032699 0.4242515659314748 7.555621341338963
564 0.06796253902922396 0.4953595596016102 7.754639791785911
565 -0.1041918142020581 0.4890235841483351 7.854062528684331
566 0.06830281068908321 0.495312755793722 7.953249440796307
567 -0.1038414515407741 0.4890981015521376 8.053075529781758
568 0.07031879471098519 0.4950305718947006 8.151885697317642
569 -0.1033067116704514 0.4892113278776752 8.252162238311334
570 -0.2636797945072507 0.4248210987799618 8.152894184679797
571 0.07118739928829063 0.4949064095185771 8.35133209910566
572 -0.1028493487478771 0.4893076858809164 8.451350771434054
573 0.06942821337943716 0.495156261383151 8.550568399987093
574 -0.1026967273064926 0.4893397410803009 8.650464362175326
575 0.07509884811465692 0.4943279913294934 8.753013127220964
576 -0.1019446134755782 0.489496982404708 8.850143055164628
577 -0.2627492005428524 0.4253972938490464 8.750339405714023
578 0.07418803291261744 0.4944655051391921 8.951249871652948
579 -0.10161129543583 0.4895662821721411 9.049267514885734
580 0.07051219725351962 0.495003060635468 9.148013840981442
581 -0.1015856452335949 0.4895716052657407 9.248021612345113
582 0.07242801037527526 0.4947263721625107 9.346784441319684
583 -0.1011066660628443 0.4896707486440828 9.447011545009628
584 -0.2612825731014162 0.4262996797952153 9.347211680226575
585 0.0732530674454961 0.4946048807986286 9.546227299375998
586 -0.1006955743525932 0.4897554505115807 9.646170985361044
587 0.07159581717439134 0.4948474906101183 9.745459469737064
588 -0.1005506242819683 0.4897852304393288 9.845338695558929
589 0.07353730396092788 0.4945627007025076 9.947746048985143
590 -0.1001743837058563 0.4898623202994408 10.04496535572479
591 -0.260824310526286 0.4265802140729075 9.945259822205061
592 0.07231803228184545 0.4947424604851315 10.14375661019
593 -0.09987767814585023 0.4899229014938922 10.2437237133025
594 0.0739349345975947 0.4945034129771496 10.34274027909853
595 -0.09937831215977122 0.4900244392602017 10.44277372148093
596 0.07462403469557906 0.4943998922388161 10.54211237663453
597 -0.09897464255229693 0.4901061314977043 10.64193467492206
598 0.07312683087571022 0.4946235605044257 10.74130116481514
599 -0.0986448092510009 0.4901726242945781 10.84085466433815
600 0.0730353436106151 0.4946370776475207 10.94025223229734
601 -0.09828283579503987 0.4902453306132403 11.03990872435485
602 0.0739283703062168 0.4945043943827667 11.13938183114396
603 -0.09790501815867321 0.4903209228855626 11.23926400234087
604 0.07600479112166836 0.494189509931718 11.3382524919553
605 -0.09737263769182579 0.4904269256769416 11.43823964089743
606 -0.258701637500374 0.4278708482178064 11.33927070345607
607 0.07685434768794142 0.4940581031027231 11.53769933434543
608 -0.09689430818113828 0.4905216539991875 11.63739471344276
609 0.07800294008465819 0.4938780632283127 11.73869740867467
610 -0.09652870671886059 0.4905937308804345 11.8370474201191
611 0.07746018242293531 0.4939634805722034 11.93970673437214
612 -0.09635023371657192 0.4906288133230273 12.03639947973297
613 -0.2567980570442083 0.4290160345468681 11.93610999522319
614 0.07592673511929419 0.4942015083891636 12.13524253969115
615 -0.09606967595050152 0.4906838262697942 12.23501487496923
616 0.07706917909363201 0.4940246366668708 12.33491274462305
617 -0.09569891619641031 0.4907562709113684 12.43432254356712
618 0.07859556802811268 0.4937840992643833 12.53449903188948
619 -0.09523853537357362 0.4908458224125948 12.63341694997587
620 -0.2565951977050663 0.4291373958474115 12.53399146583721
621 0.07864338331091913 0.493776486136604 12.733335566198
622 -0.09485066307437889 0.4909209220580751 12.83249627617961
623 0.07777703355936413 0.4939136898798266 12.93194666000201
624 -0.09462834904321697 0.4909638230637315 13.03171023715762
625 0.07941682002894296 0.4936526802282051 13.13070316999273
626 -0.09425845876926421 0.4910349712092235 13.23081922342207
627 -0.2551265871750937 0.4300121213598395 13.13095552313133
628 0.08013322740705152 0.4935368941278147 13.33013263252614
629 -0.09388346945874182 0.4911068052495195 13.43000352412623
630 0.08088921615122666 0.4934135534320476 13.53114914911921
631 -0.09355393116725363 0.4911696875451017 13.62948167783484
632 0.08022898596943794 0.4935213367325831 13.73208842496265
633 -0.09342434731191891 0.4911943518907174 13.82899353534977
634 -0.2549941152902993 0.4300906894682999 13.72922861307256
635 0.07917107023807116 0.4936921526997957 13.9275798897948
636 -0.0931190591712789 0.4912523188943294 14.02765885576013
637 0.07953126417431486 0.4936342553134206 14.12672823001638
638 -0.09274480774331581 0.4913231122557287 14.2266594168388
639 0.07989142491479485 0.4935760936523199 14.32587630083654
640 -0.09238178310130986 0.4913914998766488 14.42577183658545
641 -0.2540028608416193 0.4306768471653346 14.3265706058977
642 0.08025095559999668 0.4935177647514701 14.52502308826601
643 -0.09201973112207414 0.4914594277091662 14.62490825717412
644 0.08061217129017201 0.4934588917426496 14.72420763588515
645 -0.09165949115538956 0.4915267415727603 14.82405324790314
646 0.0825406667177159 0.493139978442019 14.92310462179643
647 -0.09110015815904036 0.4916307162732999 15.02314476857965
648 -0.2529914261133081 0.4312717685093178 14.92387802072558
649 0.08334557178129219 0.4930045797601169 15.12247969022653
650 -0.09066316027153683 0.491711492004791 15.22230154260865
651 0.08218228414505228 0.493199829858752 15.32159297390406
652 -0.09042641055002054 0.4917550856626082 15.42139604408972
653 0.08214018717487991 0.4932068426642879 15.5206787881488
654 -0.09014176656827774 0.4918073422794236 15.62046199996195
655 0.08239716086998357 0.4931639766655367 15.71970923957463
656 -0.08977792380782758 0.4918738907451339 15.81949134637666
657 0.08294228481619713 0.4930725883574029 15.91864774760329
658 -0.08941377365773866 0.4919402169779197 16.01850074321131
659 0.08334216612672954 0.4930051554956648 16.11764960842082
660 -0.088948194894698 0.4920246118081644 16.21747348375645
661 0.08357273087604913 0.4929661232315254 16.31651724523383
662 -0.08853817124580579 0.4920985594699993 16.4163291925301
663 0.08390253976910864 0.4929100970971209 16.51537139751845
664 -0.08825848236312379 0.4921487989327599 16.61514130533995
665 0.08404060881803656 0.4928865752579327 16.71419559200405
666 -0.08781318176586272 0.492228448089051 16.81385487760701
667 0.08435887998122918 0.4928322020407276 16.91277232477435
668 -0.08828961875424177 0.4921432141361198 17.01362942150221
669 0.08467640659832044 0.4927777452012174 17.11136278316411
670 -0.4610628857556816 -0.1934451223955863 0.6084655194432653
671 0.07690727386974956 0.4940498671449304 17.90236577577097
672 0.07703799377693507 0.4940295006523648 17.70463084864665
673 0.07610369455397994 0.4941742887638272 18.10019112503871
674 0.07184125218031365 -0.4948119182933699 17.89913007085126
675 0.08613527913577759 -0.4925248356054766 17.70534677600777
676 0.07470086572313531 -0.4943882893639513 18.0884021685088
677 -0.2491903575500232 0.4334791410253688 16.91370412542942
678 -0.2499219663240614 0.4330577452819828 16.51597910458862
679 -0.2505918693319521 0.4326704462113374 16.1184221182669
680 -0.2516372681106672 0.4320632885328262 15.72031294994631
681 -0.2545658694312257 0.4303443018336878 18.09955869924292
682 -0.2521924617526544 0.4317394610585601 15.32173858216288
683 -0.3989769726335249 0.3013592130799846 1.48554851055944
684 -0.2591592911359831 0.4275938047000853 10.74114874390883
685 -0.2601806329012783 0.4269731118736755 10.3434745293265
686 -0.3988032044890655 0.3015891312518615 1.882458100811154
687 -0.4767778607382805 0.1506083381152211 0.596968442000064
688 -0.3975683847209727 0.3032150713113658 2.279424484357119
689 -0.2716389526660543 0.4197764636023429 2.776571804525902
690 -0.2712764353682517 0.4200108279722021 3.174686108539612
691 -0.2705372018015647 0.4204873629984371 3.572969508854419
692 -0.2700470242169465 0.4208023344892135 3.971154649011798
693 0.2233517016577187 0.4473410526283066 2.477330175890207
694 0.2378281792462378 0.4398155944898036 3.077185584913225
695 0.2396312787105765 0.4388357896338151 4.872363372987434
696 0.2437268624812941 0.4365744111890026 5.470276987777454
697 0.2336460630153187 0.4420514870888251 6.060408603645934
698 0.2397142724158843 0.4387904597870414 6.661537335126875
699 0.2392856432021934 0.4390243512122222 17.80362054246608
700 0.240880547516674 0.4381513001556282 7.263647157130424
701 0.2324051092478409 0.4427051673467333 7.853237905850428
702 0.2451831186822429 0.4357582337870958 8.456547709843457
703 0.2429032468029672 0.4370331940397397 9.055588687705889
704 0.2459370824149248 0.4353331500049525 9.651170616126981
705 0.2418596543130828 0.4376115944711201 10.24821534229167
706 0.2226531077476561 0.4476891707538956 1.088168204249733
707 0.2206199294581906 0.4486946029604802 1.286312016030216
708 0.2481488473631482 0.4340762024718021 11.64338948910369
709 0.2430294065954852 0.4369630505315596 12.2410798171923
710 0.2404436320634857 0.4383912177497619 12.83195136257073
711 0.2499232110737179 0.4330570269220924 13.43610142012585
712 0.2435237126465902 0.4366877618835007 14.03088202031477
713 0.2433123117114477 0.4368055848654311 14.62428459303131
714 0.2442439654559463 0.4362853256051073 15.2216887290983
715 0.2455653400130808 0.4355429528579931 16.21686734072708
716 -0.4772315702738745 0.1491644338772886 1.188856880721883
717 0.09380729898660446 -0.4911213604159748 1.191267573402057
718 0.2229507327252416 0.4475410269207482 2.278299288157426
719 -0.2499411859315459 0.4330466528852664 17.11232883489749
720 0.2392851992797329 0.4390245931672376 3.475961837990488
721 0.2294943041165571 0.4442210760174006 3.87341033625781
722 0.2392051652974709 0.4390682052882099 4.271806869982444
723 0.2363969430591175 -0.4405865242064314 17.99329433751629
724 0.2228664122538638 0.4475830227891702 0.8893147993481106
725 0.2387478228220962 0.4393170575993026 10.64467507836642
726 0.235584796812005 0.4410213186582326 11.04312597209128
727 -0.382266509570194 0.3222922829684584 17.01287432447416
728 -0.3844086096774625 0.3197342971997847 17.40878458226295
729 -0.3818756078233145 0.3227553565002046 16.81423958944569
730 0.2387079022735489 0.4393387501600124 17.6068580732751
731 0.07827194117565729 0.4938355021913617 17.50698734610084
732 0.2424082031003243 0.437307972794542 17.41180909585913
733 0.244804167175812 0.4359712372775951 15.61989426859894
734 0.246049139992277 0.4352698251763622 16.61452383689381
735 0.2464757719908039 0.43502838277696 17.01181135689902
736 -0.499754118125426 -0.01567869307939209 2.47855916828384
737 -0.4753833641313363 0.1549537256963295 2.577515442528096
738 -0.09440924224370353 -0.4910060029968775 18.21880101645716
739 0.2299420312648397 -0.4439894844000244 18.19578320210377
740 -0.4999822634355696 0.004211442727220424 18.00069737077341
741 -0.4694953399829561 0.1719712933436523 18.09898039081132
742 -0.4999908519622742 0.003024558486665874 18.19600376949458
743 -0.467886948678801 0.1763003212023194 18.27911235244411
744 0.05420887492222261 0.4970527113693947 0.7909029405804718
745 0.219216961247836 0.4493817129137152 0.6915611461350973
746 0.0535236474550784 0.4971269648320281 0.5931370581329761
747 0.3609646368028826 0.3459834258714759 1.187332034576639
748 0.3614712905343264 0.3454540578998148 2.378092614999114
749 -0.4754654681352297 0.1547016115331283 2.775739486850087
750 0.2508322158461808 -0.4325311543619661 0.5067156417062141
751 0.3848004183332812 -0.31926264744021 0.9952519933830225
752 0.219055333959547 0.4494605218079463 0.5011945053788538
753 0.3733785719371102 0.33254840552648 17.70579309933783
754 0.0390361878939138 0.4984738468914002 0.4280596689940689
755 -0.1189452114894453 0.4856459993284523 0.4981532958871336
756 0.3697233925288406 0.3366075058832837 0.7901838759556531
757 0.360766209077412 0.3461903268260295 1.386009285270397
758 0.2203914283912769 0.4488068830707175 1.484243117504202
759 0.3596124805691375 0.3473886351320545 1.586979267340385
760 0.4562798559074368 0.204471741551464 1.696709606385262
761 0.3559592974566384 0.3511309991359015 1.787179740514502
762 0.3674607719511325 -0.3390760697499572 18.10242570271168
763 0.3644986424354809 0.3422582937821836 2.577809287976716
764 0.4556418675583112 0.2058895056285639 1.285310049150871
765 0.3745628491289185 0.3312139369839787 17.90631595603207
766 0.3614899330379603 0.345434549968892 2.178407633999874
767 0.2206535308645939 0.4486780798267146 2.080241908638171
768 0.457579038550272 0.2015475712565365 2.476540618661914
769 0.3694379072695529 0.3369208106844889 2.781456185791722
770 0.3767583187344327 -0.3287144190089684 17.90421563826036
771 0.363760881171637 -0.3430423025360491 18.29215286151495
772 0.461435812134748 -0.1925538659169052 18.41869400712809
773 0.4649882686947792 0.1838094393012279 2.885360391187741
774 0.3742069715750324 0.3316159562274453 2.985201751349531
775 0.4497573176672669 0.2184453139912715 1.895501248876757
776 0.4673000776856895 -0.1778500418750261 18.01477781088454
777 0.3862002635355995 -0.3175678769098561 17.70503410241425
778 0.3773305459702325 -0.3280574021079333 0.3675933392478298
779 0.4640847680802978 0.186078822104656 17.80422765215859
780 0.3720332492722831 0.3340527824100665 18.10743836306243
781 0.4622661966061437 0.1905517343801681 18.2217495671817
782 0.3661668382413783 0.3404729748046272 18.29094182641251
783 -0.1175116717648206 0.4859948631405862 0.6933687539399075
784 -0.2740632207543823 0.4181977415406912 0.594506209619315
785 -0.2774904698614511 0.415931531788672 0.3946038966208414
786 0.09350038169366207 -0.4911798841800624 0.5989996893888745
787 -0.0764777782847253 -0.4941165342595129 0.4994685071940322
788 -0.2375953226920242 -0.4399414309142444 0.598622472433308
789 -0.2452048955341046 -0.4357459801376357 0.4033311554885347
790 -0.08622155977911423 -0.4925097386136204 0.3095006952520766
791 -0.3823098038074069 -0.3222409252604983 0.3296712935974466
792 -0.3843723928680588 0.3197778347554481 18.00060799074192
793 -0.2591658669465672 -0.4275898191138725 18.10329274229356
794 -0.2689206381398022 -0.4215230603211189 18.31635764145758
795 -0.3891650934823199 -0.3139275872154233 18.2018847098008
796 -0.392837626565493 -0.3093195744766087 18.39356854242199
797 0.4674764079198043 0.1773860424001751 0.6952491602889894
798 0.3779195990623052 0.3273786441486166 0.9882941857982883
799 -0.2386452863960635 -0.4393727657478793 0.7949903167158079
800 -0.3723748464612958 -0.3336719552538487 0.6951346058550675
801 0.4702918756666504 -0.169780893159224 1.493803372661101
802 0.384852292505821 -0.3192001142747508 1.593162187287691
803 0.38473783081416 -0.3193380677908833 1.791847931944862
804 0.2538389556625352 -0.4307734724749814 1.692369462983847
805 0.2536678704670545 -0.4308742409250171 1.89097454320683
806 0.2539850783030465 -0.4306873343846965 1.493269070934795
807 0.4701776874665937 -0.1700968612543044 1.891465816060452
808 0.3844749328749705 -0.3196545416395439 1.990777293343587
809 0.3842786125075692 -0.3198905249757446 2.189472613114241
810 0.4699863135101428 -0.1706249252399712 2.289647945568601
811 0.3839554541246282 -0.320278330906027 2.388947448296356
812 0.3838747704484031 -0.3203750311949822 2.587684838220418
813 0.2521952263154144 -0.4317378461795039 2.487655302802741
814 0.2520809779745836 -0.4318045629024519 2.685589300066685
815 0.3839730433658753 -0.3202572434283847 2.78664409438171
816 0.2525214766071933 -0.4315471050211352 2.88583422428644
817 0.09135220207153032 -0.4915839451982563 2.781151974781026
818 0.09125327848510449 -0.491602318104502 2.984627513789475
819 0.2527015844674825 -0.4314416637363895 3.084896639839648
820 0.09142428329244451 -0.491570544707942 3.18473313760128
821 0.2529362389645321 -0.43130413749288 3.284042056906622
822 0.09153231660796569 -0.4915504399513636 3.382951766851082
823 0.2530820452596892 -0.4312185969635037 3.483015696391716
824 0.09173003329849 -0.4915135816954176 3.582778208301086
825 0.2532554877720095 -0.4311167567067668 3.682178429817459
826 0.09181889867789619 -0.4914969886434486 3.78105630404511
827 0.2533994555137143 -0.4310321518696176 3.88113455777201
828 0.0920503250649311 -0.4914536983841311 3.980946383338451
829 0.2535745821134445 -0.4309291488237852 4.080328195608812
830 0.09166107733567073 -0.4915264457805543 4.178495563035637
831 0.2539128607915692 -0.4307299143600792 4.279597326250432
832 0.09247825190296681 -0.4913733539020725 4.378855358580157
833 0.254029623246185 -0.4306610622210943 4.478994944872439
834 0.0927842896224612 -0.4913156577998051 4.578263439306659
835 0.2540705191221337 -0.4306369367727407 4.677891685179016
836 0.09293315729001984 -0.4912875209855309 4.777471103225296
837 0.2541773963941792 -0.4305738626092814 4.876976356815786
838 0.09309280461764147 -0.4912572948348163 4.976574846003689
839 0.2543462874897637 -0.4304741177355201 5.075988876017191
840 0.09321792360297443 -0.4912335683960839 5.175721938005401
841 0.25444018327866 -0.4304186254486693 5.275248465622268
842 0.093364130623692 -0.4912058011799964 5.374853042342872
843 0.2545759768279477 -0.4303383227439734 5.474413173731952
844 0.09347590926574381 -0.4911845420887576 5.574019955794907
845 0.2550274053775605 -0.4300709505493128 5.673928884404344
846 0.09365393219617457 -0.4911506296282174 5.773214147471356
847 0.2550204978352331 -0.4300750465719557 5.873304159376706
848 0.09374725032556236 -0.4911328262867352 5.972415578851118
849 0.2550580781635007 -0.4300527604417179 6.071994968438338
850 0.09390146170422893 -0.4911033653822882 6.171497765316311
851 0.2552150394347217 -0.4299596302518801 6.271330324786289
852 0.09405697939718123 -0.4910736040826041 6.370633749637851
853 0.2551685490844239 -0.4299872225521939 6.470690770995771
854 0.09417534969082526 -0.4910509174317983 6.569805384951832
855 0.2554147337252054 -0.4298410331693363 6.669402106104766
856 0.09438009733045029 -0.4910116060012174 6.768886734109412
857 0.2555194394133816 -0.4297787990139477 6.868375091760377
858 0.09453908878600785 -0.4909810186672305 6.967997453141631
859 0.2556242095801423 -0.429716491976428 7.067677481035402
860 0.09470824459964436 -0.4909484172546582 7.167162601371054
861 0.2557934226474986 -0.429615787571032 7.266860018272099
862 0.09486363046728259 -0.4909184164548799 7.366317626025373
863 0.2561202657932839 -0.4294210165443438 7.465735723461399
864 0.09507606424025269 -0.4908773186943794 7.565431094557916
865 0.2562364433127242 -0.4293517032904902 7.665062934078821
866 0.09522954327176485 -0.4908475670595211 7.764595488161625
867 0.2562902472140249 -0.4293195886317954 7.864266390179115
868 0.09539491235968539 -0.4908154548258316 7.963757663085675
869 0.2563523014222854 -0.4292825381441664 8.063262914937306
870 0.09556957918246857 -0.4907814743191575 8.162901575613732
871 0.256440299463928 -0.4292299765986188 8.262635506490776
872 0.09571139765450608 -0.4907538368255729 8.362065911853945
873 0.2566207986278833 -0.429122087186837 8.461834677531067
874 0.09586109362917769 -0.4907246180172929 8.561223802148154
875 0.2567401451677986 -0.4290506938104374 8.660745206012143
876 0.09604503366838198 -0.4906886502739179 8.760340415700947
877 0.2568371537719791 -0.4289926298228313 8.860122603748771
878 0.0961874385813024 -0.4906607551650816 8.959513203670431
879 0.2570289740055637 -0.4288777291042836 9.059323887009446
880 0.09636743173218751 -0.4906254356444865 9.15867928699033
881 0.2573205745921473 -0.4287028363465387 9.25808050182574
882 0.09655710272052112 -0.4905881428593833 9.357771122992787
883 0.2573495750998868 -0.4286854280190869 9.457144667239085
884 0.09674651651437934 -0.4905508246271052 9.556942768751894
885 0.2575561565501516 -0.4285613447607166 9.65636712643607
886 0.0969099328987534 -0.4905185673402783 9.756082860590491
887 0.2574250750374852 -0.4286400946504481 9.855937213873313
888 0.09702714684613194 -0.4904953952637059 9.955268331820058
889 0.2572557002375305 -0.4287417692449592 10.05516548815646
890 0.09712631101516124 -0.4904757687272494 10.15443051054971
891 0.2576405557427967 -0.4285106113464903 10.25424593490089
892 0.0973247119110949 -0.4904364387475939 10.35357848267714
893 0.2579880066961302 -0.428301515758417 10.4534108985591
894 0.09750992474773633 -0.4903996478135876 10.55272979906084
895 0.2581019906628166 -0.4282328366857116 10.65226932982074
896 0.09770357382684468 -0.4903611033324955 10.75183678490335
897 0.2580326802259431 -0.4282746034210016 10.85172175042817
898 0.09782462894041136 -0.4903369677810055 10.95101637089286
899 0.2581244081719353 -0.4282193245357899 11.05146081802066
900 0.09796629377313119 -0.4903086836721909 11.15026542363686
901 0.2581505375926489 -0.4282035730124474 11.25036630121243
902 0.09810800505656306 -0.4902803477030477 11.34939596635275
903 0.2586616454364713 -0.4278950258884732 11.44882267887978
904 0.09835632169637347 -0.4902305926626361 11.54844216232009
905 0.2585464909695061 -0.4279646153683212 11.64830895709716
906 0.09848329095287413 -0.4902051013637981 11.74761179875334
907 0.258597964917345 -0.4279335141591595 11.84806034903241
908 0.0986208328197441 -0.4901774488223016 11.94685979966804
909 0.2586124298059405 -0.4279247727695459 12.04695940422573
910 0.09876034223730742 -0.4901493596865856 12.14598892095625
911 0.2593259372375051 -0.4274927581560763 12.24538609684041
912 0.0977284953633723 -0.4903561371024241 12.34495410633774
913 0.259790004206879 -0.4272109007436372 12.44445493886962
914 0.09767166361879986 -0.4903674603049595 12.5443408052226
915 0.259105808798926 -0.427626215106902 12.64456393867613
916 0.09753676098630749 -0.4903943109950399 12.74338939791792
917 0.2589241108528299 -0.4277362561428146 12.84351436888162
918 0.09761715900934186 -0.4903783134141893 12.94278419973934
919 0.2599254695820997 -0.4271284938546303 13.04197068800534
920 0.09778991192075741 -0.4903438927187026 13.14158643476475
921 0.2603753445370346 -0.426854401356271 13.24105038584819
922 0.09801728076568671 -0.4902984934418018 13.34096821118877
923 0.2595994980525116 -0.4273266907307382 13.44116889881532
924 0.09793834007871768 -0.4903142681409806 13.53997765313888
925 0.2593987389866982 -0.4274485866301477 13.64011523363037
926 0.09803007983700408 -0.4902959345611083 13.73939806250237
927 0.2604807821777264 -0.4267900679679412 13.83856826731457
928 0.09821617913731921 -0.4902586890159786 13.93817143281045
929 0.260173948168773 -0.4269771852151736 14.03828877581692
930 0.09832741601833481 -0.4902363912024049 14.13766901874399
931 0.2603564997545397 -0.4268658958450117 14.23761889145803
932 0.0983717232855247 -0.4902275023474674 14.33656482095702
933 0.2606253472631175 -0.4267018026256503 14.43581029860844
934 0.09858186012875292 -0.4901852882875566 14.53588220417136
935 0.261398062928148 -0.4262288736083139 14.63509152522703
936 0.1005591705745105 -0.4897834758476101 14.73490489729021
937 0.2611508237960377 -0.4263804020245899 14.83482901005791
938 0.1011006589933265 -0.4896719889386313 14.93409066580436
939 0.2611249365915925 -0.4263962564212271 15.03360856966957
940 0.1013388803776844 -0.4896227438792007 15.13318276994758
941 0.261832617484685 -0.4259620645328861 15.23251451909988
942 0.1016220348019149 -0.4895640530540599 15.33227213253332
943 0.2619758993833455 -0.4258739580466118 15.43163961291951
944 0.1018215327888259 -0.4895225995401377 15.53132525041937
945 0.2621188531776101 -0.4257859870978077 15.63075260479074
946 0.1019878749072829 -0.4894879706100002 15.73041395537569
947 0.2622618326064751 -0.4256979341715124 15.82985286698983
948 0.1021762140078707 -0.4894486911730563 15.92950608511302
949 0.2618187601175773 -0.4259705821421175 16.02964027959038
950 0.1022404351659166 -0.4894352801107456 16.12868291444089
951 0.2619834125147756 -0.4258693362606809 16.228884552566
952 0.1023885759753497 -0.4894043108818516 16.3278606832872
953 0.2620362914074039 -0.4258368020562033 16.42737555925914
954 0.102598913995677 -0.4893602587531068 16.52683508161816
955 0.2620441849401717 -0.4258319447141573 16.62689909865889
956 0.1027642432921278 -0.4893255667759415 16.72588460429259
957 0.2623082871696429 -0.4256693111819645 16.82595273933561
958 0.1030175656410983 -0.4892722975699544 16.92480260432293
959 0.2626248698426419 -0.4254740623588416 17.02362649166625
960 0.103352982132396 -0.4892015546626366 17.1233999174966
961 0.2624631087027588 -0.4255738673486471 17.22201410791543
962 0.1041974773219324 -0.4890223775245315 17.32073752559745
963 0.2644281650490307 -0.4243556828048878 17.41333522675847
964 0.3844451816174601 -0.3196903225484283 3.383430378730823
965 0.3846609925274085 -0.3194306197405455 3.98101239085265
966 0.3850499694412263 -0.318961629405969 4.976831465716309
967 0.3856290948185719 -0.3182612154023938 5.575163895747772
968 0.385544368784397 -0.3183638479768721 6.172417839297013
969 0.3857268158293599 -0.3181427722739322 6.769354163078081
970 0.3863047095007696 -0.3174408156137551 7.366758846004191
971 0.3862404709296811 -0.3175189736315268 7.964315306170493
972 0.386442503644147 -0.3172730549183833 8.561968435510151
973 0.3871168452167901 -0.3164499141244942 9.159180709115663
974 0.3881570864445006 -0.3151730893380913 10.55273183114912
975 0.3896253565552865 -0.3133561576372257 14.33686196149502
976 0.3903339720008958 -0.3124730233188202 14.93417462961553
977 0.3909599099878863 -0.3116895070134121 16.32800804046022
978 0.3901648022704355 -0.3126842290063124 16.92485656403965
979 -0.06867029584395452 -0.4952619412681574 17.02423794929556
980 -0.06939049638021923 -0.4951615483982039 16.62642093946507
981 -0.06987138330568039 -0.4950939201757084 16.22831530273365
982 -0.07025391090336808 -0.4950397842626203 15.83015262039178
983 -0.0706317974043989 -0.4949860090905843 15.43193809445615
984 -0.0710021081796494 -0.4949330264127111 15.03367510529242
985 -0.07958196731072455 -0.4936260836695674 14.63326712900455
986 -0.0772515971118739 -0.4939961444623477 14.23571809619351
987 -0.07734751482720235 -0.493981135216777 13.83739443381589
988 -0.07604535740045544 -0.494183269261351 13.43946005724334
989 -0.07518368069191919 -0.4943150960244038 13.04145662106489
990 -0.07305581524575168 -0.4946340544875358 12.64389612168551
991 -0.07459894929706715 -0.4944036779432103 12.24480762962024
992 -0.07373374668119324 -0.4945334514472743 11.84730067792676
993 -0.07447635721266888 -0.494422159916332 11.44824645641704
994 -0.07528782779588467 -0.4942992443710361 11.04870107842366
995 -0.0755992655130677 -0.4942517081952117 10.65038817503878
996 -0.07592064045810396 -0.4942024447050331 10.25209311316769
997 -0.07654213457668038 -0.4941065691067519 9.852976349798789
998 -0.0768462012516007 -0.4940593702716289 9.454669220408348
999 -0.07610532076154423 -0.4941740383223126 9.059216929275724
1000 -0.0764439243493089 -0.4941217728759553 8.660919419593087
1001 -0.07678246542545387 -0.4940692795582305 8.262622047138342
1002 -0.07744154408094496 -0.4939664029570828 7.863501432584297
1003 -0.07745920795499844 -0.4939636333810256 7.46602805474572
1004 -0.07809950496356341 -0.4938628021267104 7.066880709563554
1005 -0.07813522362372041 -0.4938571522508013 6.669436407361985
1006 -0.07847255951258418 -0.4938036628089589 6.271142426409873
1007 0.2523665107081427 -0.4316377465803899 2.286416652174458
1008 -0.07880936671390469 -0.493750021486737 5.872850849830649
1009 -0.07911169730634354 -0.4937016703934771 5.471852223934211
1010 -0.079115843882455 -0.4937010059203515 5.073571490707104
1011 0.2530080373339288 -0.4312620236520175 2.086876461681753
1012 -0.07912590755089476 -0.4936993931070275 4.675302060694553
1013 0.3848594784282052 -0.3191914501736691 1.394460799447111
1014 0.3846380083685124 -0.3194582954288465 1.194604325778557
1015 0.4702321613416691 -0.1699462104312493 1.095239912643087
1016 -0.4721129495639866 -0.1646492115194986 17.90239983596941
1017 -0.4719520960637681 -0.1651097181301447 18.09977408768584
1018 -0.4697267679516476 -0.1713381553236142 18.28136651080451
1019 0.4702547759167446 0.1698836240709866 0.2987234042553195
1020 0.3653093214643667 0.3413928816645773 0.3583863003056554
1021 0.470291875666647 0.1697808931592334 16.62912252159725
1022 0.3847951197749105 0.3192690335710814 16.72851071610332
1023 -0.1170250111831708 0.486112277933379 0.8908117008451255
1024 -0.07113094130150932 -0.4949145271555092 17.21927150020558
1025 -0.07771358995916464 -0.4939236762250407 17.41443741442212
1026 -0.2503203886476715 -0.4328275673143737 17.51165554346924
1027 -0.4999807436300153 0.004388165810094681 16.615226314192
1028 -0.4688291303372385 0.1737793041395569 16.51580809777622
1029 -0.4688017700055169 0.1738531001728023 16.31691593800675
1030 -0.4686785076665509 0.1741851212114708 16.71484864629225
1031 -0.4688392416236393 0.1737520230494332 16.91340939631973
1032 -0.3819514787558707 0.3226655666106994 16.61542437360581
1033 0.3844819997932802 0.3196460414817616 16.52839776592542
1034 0.38462192734553 0.319477656503565 16.33075456884665
1035 -0.4999817824331002 0.004268165299057524 17.01262635596632
1036 0.4703000186231786 -0.1697583355333041 0.8959422357044577
1037 0.08994996623154582 -0.4918424580848463 0.4078157235859208
1038 -0.08011011915692845 -0.4935406455487357 4.274096206857461
1039 -0.07175012135076077 -0.4948251409196496 16.82221620260854
1040 -0.2436445602373196 -0.4366203479760914 17.11497131335793
1041 -0.2496560204393501 0.4332111164990884 16.71470994835181
1042 0.4702547759166812 0.169883624071162 16.23063829787234
1043 0.4702918756666388 0.1697808931592562 17.02704769116875
1044 0.3846922339836585 0.3193929947770648 16.92730195975299
1045 0.3846487737831337 0.3194453330808444 17.12622471675522
1046 0.4701645333971311 0.1701332170255355 17.22589916390677
1047 0.3818572669850898 0.3227770556447249 17.32140988934252
1048 -0.4999865075579557 0.003673181182351454 17.40892016098088
1049 0.4702475419326521 0.1699036471247709 16.03160658656609
1050 0.3846818392883002 0.3194055142319406 15.93191490740413
1051 0.3846189552562108 0.3194812345938661 15.73292814964566
1052 0.3841664907946994 0.3200251667455017 16.1304971137962
1053 0.3679932569790588 0.3384980986917716 0.5856223465449021
1054 0.4717249085872265 -0.1657576864533672 17.42186405528318
1055 0.4699810320333803 -0.1706394723645112 2.687929585781452
1056 0.47002346355778 -0.1705225606925613 2.886954029197299
1057 0.4702182941740118 0.1699845752534108 15.63337462025647
1058 0.3845425676471714 0.3195731741985247 15.53389969621318
1059 0.3836066129931803 0.3206960655634871 15.33102803628252
1060 -0.3819056194336095 0.322719844207063 16.41683373686989
1061 -0.4999823380388015 0.004202576501809376 16.21718746727781
1062 -0.4689013452165927 0.1735843554415828 16.11801707959486
1063 -0.4690964366257656 0.1730564449681348 15.91892348044126
1064 -0.0722106362057998 -0.4947581469958364 16.42431594048337
1065 -0.243860829733435 -0.4364995941827674 16.71774686511829
1066 -0.3985969710490009 0.3018616482273989 0.4954222980248859
1067 -0.4048585823208708 0.2934101707867924 0.301497883998157
1068 -0.480051229517834 0.13982423623398 0.4037986988840985
1069 -0.4980879178479484 -0.04368553643822448 0.3300481188789187
1070 -0.3986487866641625 0.3017932154492394 0.6934026904714827
1071 0.05726795158300341 0.4967095546911563 2.179410025228624
1072 -0.3989665365177843 0.3013730292162911 1.287547182655719
1073 0.4702260373076763 -0.1699631543538772 3.285550024059583
1074 0.2468874198131625 0.4347948964028893 16.41547105764689
1075 -0.2499998437795476 0.433012792086102 16.31739039388625
1076 -0.4999884937066962 0.003392073246410505 15.81921111472334
1077 0.2456749293799384 0.4354811466345728 15.82000069843827
1078 0.2473031052306983 0.4345585969040932 16.01888440964277
1079 0.4701970056085073 -0.1700434530253764 3.484087798427302
1080 -0.0725184614998039 -0.4947131216591101 16.02621352731522
1081 -0.24394896593603 -0.436450343130512 16.31986594069443
1082 0.4709552617477062 -0.1679319547678449 15.83112805097432
1083 -0.07281896759853103 -0.4946689781640689 15.62804463132116
1084 -0.2428346331922039 -0.4370713224662627 15.92100891123647
1085 -0.2525495195876875 0.4315306943382223 15.12290072473499
1086 -0.3841375646268602 0.3200598872750923 15.02366745190784
1087 -0.38450157434401 0.3196224950265199 14.82436746580732
1088 -0.4696883706267233 0.1714433856933941 14.92400682298008
1089 -0.4999904070291315 0.003097237292074918 15.42132098216178
1090 -0.4692974991747349 0.1725104555333956 15.52049081004356
1091 -0.2519470607363715 0.4318827139239346 15.5208633543142
1092 -0.07314771040187658 -0.494620473153875 15.22983119920143
1093 -0.2429331698288094 -0.4370165614675568 15.52290022148987
1094 -0.499992287430758 0.002777140572303072 14.8247862230211
1095 0.2444375993511326 0.4361768678225098 15.42098851468344
1096 0.383205565380107 0.3211751775304445 15.12633209931001
1097 0.2499265790447934 0.4330550832018563 15.02251338994841
1098 0.2456613122637413 0.4354888283950078 14.82260131539181
1099 0.3773410013800871 0.3280453759428307 14.72374745779531
1100 0.3779374805157657 0.3273580010040922 14.52856451090118
1101 -0.2511322629495555 0.4323570127866961 15.91935287112936
1102 -0.07731155472460269 -0.4939867645049458 14.83146984685314
1103 -0.2441670207263824 -0.43632839237162 15.1255625655952
1104 0.4708683148509208 -0.1681755929659657 15.43305715508619
1105 -0.2533195482574025 0.4310791185741494 14.72473799984728
1106 -0.3846408768062644 0.3194548417064737 14.62514080655574
1107 -0.253611840949339 0.430907222183949 14.52562544676851
1108 -0.3850115640170507 0.3190079866917824 14.42643383669256
1109 -0.3852721317430076 0.3186932451468004 14.22734703667408
1110 -0.4702716579786579 0.1698368855755551 14.32683818056565
1111 -0.2708384665457327 0.4202933797232072 3.373843199422808
1112 -0.3974737687318949 0.3033390894198507 3.274472292351972
1113 -0.3967453994182004 0.3042911238279761 3.074528127676408
1114 -0.2718487210081984 0.4196406473236437 2.975810376239999
1115 -0.270244699995543 0.4206754118371063 3.77204583168954
1116 -0.3970735851093944 0.3038627453446252 3.672637027969669
1117 -0.3968595614182202 0.3041422175741768 3.473146869983085
1118 0.470292062388039 0.1697803759414051 3.484919093392807
1119 0.3844514765800399 0.3196827523583764 3.584250011058008
1120 0.3793919614024305 0.3256712139922973 3.780279878491749
1121 0.3840446137973662 0.3201714144223871 3.384885511115192
1122 0.2488124219555809 0.433696182460254 3.277241260464795
1123 0.2399563971193613 0.4386580986161037 3.674591628948305
1124 0.3721549285222201 0.3339172190478072 3.981809928215963
1125 0.4690011446359856 0.173314530060625 3.883016766180455
1126 0.3805137603461527 0.3243597974275336 4.184226324975448
1127 0.4705288890812234 0.1691229273043421 4.281496455107682
1128 0.4706961821308627 -0.1686567642504435 13.04340417214213
1129 0.4702547759167047 0.169883624071097 8.463829787234046
1130 0.3824006731319916 0.3221330861432891 8.561575609466493
1131 0.3853883712085797 0.3185526696438094 8.763290704971917
1132 0.2484815090445583 0.4338858601786178 8.656523747685526
1133 0.3785637847691434 0.3266335268481508 8.35864323670469
1134 0.2405701752802308 0.4383217890610037 8.2557967486016
1135 0.4677436202391221 0.1766802358092154 8.264890313963217
1136 0.3801218331321772 0.3248190141851817 8.159384530921381
1137 0.379968918236674 0.3249978787223876 7.96052428146904
1138 0.4708836772923087 -0.168132574058904 13.83982615003631
1139 0.4700628286210947 0.1704140168787043 15.232950884653
1140 0.4705729275984777 -0.1690003544712196 11.0529081830716
1141 0.4702444457688352 0.1699122162281484 7.069431121016408
1142 0.3830055133968517 0.3214137158050572 6.968103454270942
1143 0.3853935763586062 0.3185463722937733 6.770335854287421
1144 0.2502526474987806 0.4328667374837792 6.867287448246064
1145 0.3790657930061133 0.3260508006011432 6.565750372292841
1146 0.3810400600777242 0.3237413668593563 7.167052489639426
1147 0.2433633219113713 0.4367771669264114 6.461950694091232
1148 0.4699740208975736 0.1706587814364296 7.268648630476639
1149 0.3843675466430793 0.3197836598195415 7.368880666165481
1150 0.3811141612929631 0.3236541303026447 7.566035620369889
1151 0.2481275392820172 0.4340883829934303 7.465908424521093
1152 0.4706571389449152 -0.1687656883379639 10.05630024384846
1153 0.4706513107746155 -0.1687819411730304 12.24683428376352
1154 0.4706396162083625 -0.1688145481149219 9.657662172927388
1155 0.4703310136630811 -0.1696724420365859 5.675409733084765
1156 0.4702902253799702 0.1697854643721211 4.679710992737506
1157 0.3843607870517273 0.3197917844113209 4.576173820872213
1158 0.3844244831292403 0.3197152119790619 4.778817381496354
1159 0.4700512597786354 0.1704459245054508 4.878870178818139
1160 0.3839512072822531 0.3202834220288342 4.978634245327012
1161 0.3849040102034666 0.3191377491449259 5.177268161743142
1162 0.2461831591850657 0.4351940396348055 5.072723703968443
1163 0.4705367012077273 -0.1691011910559768 11.84949576097262
1164 0.4702547759167133 0.1698836240710733 6.671489361702131
1165 0.466935557001056 0.1788048813878233 6.472559377998463
1166 0.3820463256946065 0.3225532592041982 6.365995641782548
1167 0.3835875000395233 0.3207189264970634 6.165554881927294
1168 0.2445857976638532 0.4360937830113343 6.261886435974504
1169 0.3773502220784188 0.3280347693421659 5.964742860227504
1170 0.2354951896634273 0.4410691733111559 5.859884036161673
1171 0.3798370466480273 0.3251519921416818 5.76859594975889
1172 0.4706237968483266 -0.168858644552374 11.45023791278147
1173 0.4702912247497538 0.1697826961836117 8.861941741125584
1174 0.3827617073050162 0.3217040183475318 8.959740045637218
1175 0.4692830263692411 0.1725498222593292 9.060227938512014
1176 0.4705016268847162 -0.1691987561976603 13.44267189083279
1177 0.4703858145661209 -0.1695204573347031 12.64611429132035
1178 -0.248879809899193 -0.4336575148945785 14.72816175079456
1179 -0.07964782973318627 -0.4936154608790059 14.4326962779994
1180 -0.2472966816150984 -0.4345622524589091 14.32894430873707
1181 -0.07923560319193022 -0.4936817995296272 14.03414977143098
1182 -0.2449978019054126 -0.435862451997779 13.92904650802498
1183 -0.07895741521805257 -0.4937263681251833 13.63594757975582
1184 -0.2447235082712827 -0.4360165186084071 13.53072064909588
1185 -0.07853512124805317 -0.493793716779136 13.23761712597462
1186 -0.2444008193542741 -0.4361974776393824 13.13236809964129
1187 -0.08548766543176166 -0.4926376549341587 12.84329022394076
1188 -0.2422672054318981 -0.4373861007990749 12.73353983136328
1189 -0.07748973707035973 -0.4939588450961948 12.44107586069289
1190 0.4704371466466487 -0.1693779532730264 4.480107069108352
1191 -0.2695180210952444 0.4211413495548774 4.369173423031318
1192 -0.396248538575618 0.3049378554339998 4.469000402071133
1193 -0.3959991055162298 0.3052617048212007 4.667827711876208
1194 -0.3966688950208958 0.3043908469762217 4.269920043709246
1195 -0.4756739833140631 0.1540592794937468 4.567347150811258
1196 -0.2698695114417441 0.4209161992537165 4.170202324839323
1197 -0.3963730946718059 0.3047759337944773 4.070453882711648
1198 -0.3963930793201939 0.3047499412092716 3.871184322577481
1199 0.4701124225760017 -0.1702771568347404 4.081227125141462
1200 -0.2685903685036206 0.4217335817160986 4.966602938219903
1201 -0.3955838527524128 0.3057996328342423 5.066450268074829
1202 -0.3953441666614143 0.3061094410285182 5.26526042975757
1203 -0.4753618566736186 0.1550196930064373 5.164783461334059
1204 -0.3956748071753854 0.3056819375866385 4.866828015709925
1205 -0.2687502475332827 0.4216317166091745 4.767341748251532
1206 -0.0784621796417577 -0.4938053122090371 6.469363181671017
1207 -0.245661560342109 -0.4354886884527316 6.759435224363293
1208 -0.0781934525263429 -0.4938479360916785 6.867599008293768
1209 -0.2676044938096517 0.422359840530418 5.564228630414398
1210 -0.3949214193697258 0.3066546469939778 5.66392241656264
1211 -0.3946842033562811 0.3069598990438617 5.862729576185979
1212 -0.4750468221770882 0.1559824244568918 5.762255036991344
1213 -0.3950122384957976 0.3065376509313972 5.464304233961077
1214 -0.2677676977492885 0.4222563913572484 5.364995407104644
1215 -0.2543927670882963 0.4304466518085137 14.12749179762166
1216 -0.3855435302236516 0.3183648634863531 14.02796507788827
1217 -0.2547123750868916 0.43025760420659 13.92840903811915
1218 -0.3857540395393283 0.3181097624705824 13.82874138909847
1219 -0.3861358720554712 0.3176461684200846 13.62989854358933
1220 -0.4707756870883754 0.1684347127122793 13.72902500317833
1221 -0.07790574018260428 -0.4938934051458883 7.265867351190196
1222 -0.2454774029501385 -0.4355925213325584 7.555133266858111
1223 -0.07757994863188132 -0.4939446847272219 7.664182459223421
1224 -0.2451205104189563 -0.4357934549439107 7.954328066132756
1225 -0.2667520642398871 0.4228987304589116 6.161439109581213
1226 -0.3942591967064392 0.3075055866360695 6.261313689356314
1227 -0.394017893259382 0.3078147166583142 6.460162603322876
1228 -0.4747287658909961 0.1569477583006901 6.359721664022778
1229 -0.3943674997054082 0.307366678701685 6.061716198012863
1230 -0.2669430287048328 0.4227782154107409 5.962196202095679
1231 -0.07764362964085739 -0.4939346786531528 8.061775531567264
1232 -0.2449456920419749 -0.4358917387954008 8.352656912684296
1233 -0.07708556733630022 -0.4940220797782633 8.460577802178259
1234 -0.2447510202394129 -0.436001075791983 8.750973184183682
1235 -0.2657521977638364 0.4235277669571274 6.75901036366378
1236 -0.3935924162164958 0.3083585735744358 6.858792022174945
1237 -0.3933572454553125 0.3086585126767267 7.057642596362109
1238 -0.4744093212251365 0.1579107214051829 6.957215583004934
1239 -0.393698680116464 0.3082228889530337 6.659197401915125
1240 -0.2659395247393551 0.4234101666013771 6.559650611561739
1241 -0.07700708951594264 -0.4940343188122497 8.858493798713047
1242 -0.2444852916698955 -0.4361501371742145 9.151304373645827
1243 -0.07642015007630712 -0.4941254503284714 9.257164486061889
1244 -0.2440031968105962 -0.4364200269765464 9.548746923238085
1245 -0.0768604978396155 -0.4940571463624896 9.653907492028294
1246 -0.2438484627932987 -0.4365065030367191 9.947042566752668
1247 -0.07652565642452268 -0.4941091214588089 10.05235577716005
1248 -0.2436911220830776 -0.4365943621004405 10.34540975286855
1249 -0.07617247950427691 -0.4941636908618141 10.45079847645547
1250 -0.2436671505254997 -0.43660774129049 10.74458007861608
1251 -0.2605247178107332 0.4267632498348913 10.14450583050887
1252 -0.3900188081277472 0.3128663121951795 10.044934714882
1253 -0.3903990785789451 0.3123916763371116 9.845979350336421
1254 -0.4729475093456777 0.1622364120773142 9.945098971924283
1255 -0.07585925836789209 -0.4942118704764925 10.84919083997574
1256 -0.2436455005945271 -0.4366198232330299 11.14189128739903
1257 -0.2596269959005667 0.4273099846711367 10.54231761983433
1258 -0.3892535480494785 0.3138179015462507 10.44284548256444
1259 -0.3895396383176843 0.3134627093919271 10.24359304704075
1260 -0.07631181558362599 -0.4941421928982898 11.24665462712008
1261 -0.2437618577414883 -0.4365548725079339 11.54019583006247
1262 -0.07526526021740636 -0.4943026811624696 11.64613212544644
1263 -0.243648622971206 -0.436618080848967 11.93855190906362
1264 -0.07512347054511499 -0.4943242500355988 12.0444490013768
1265 -0.2439341810836534 -0.4364586066273036 12.33575902687925
1266 0.4691987755256621 0.1727787864444571 14.43560263153269
1267 0.4692416350689018 0.1726623523466062 14.63344327749246
1268 0.4702547759166815 0.1698836240711612 9.658723404255319
1269 0.3823779519135414 0.3221600563235694 9.755949218643142
1270 0.3825698627282981 0.32193213591074 9.955620085549889
1271 0.2422634960968405 0.437388155371103 9.849497456481242
1272 0.3793717785150144 0.3256947246523267 9.553490695608893
1273 0.2419946074686796 0.4375369812439626 9.450720790684612
1274 0.4682150727461075 0.1754270379769244 9.459782028507776
1275 0.4701550123556031 0.1701595262008646 14.03968796090568
1276 0.3825044153665864 0.3220098946073954 14.13672078977242
1277 0.4702380601134893 0.169929887955893 13.8408231188793
1278 0.3835781506048668 0.320730108313127 13.7401404545114
1279 0.3833889671960029 0.3209562272840055 13.53983154291074
1280 0.2465118003357883 0.4350079680824346 13.6344827326724
1281 0.3842668466296327 0.3199046585802062 13.33962889363001
1282 0.247492781408638 0.4344505992061884 13.23580619209966
1283 0.4702547759167653 0.1698836240709294 10.25617021276596
1284 0.3836395408398137 0.320656674192534 10.35352519527907
1285 0.3816410144660358 0.3230327167290258 10.55235801032232
1286 0.3846280132767056 0.3194703294561396 10.15678209317541
1287 0.2425892477923386 0.4372075672441493 10.44756591731591
1288 0.3789600798213247 0.3261736621829164 10.75100552527496
1289 0.4702173954039582 0.1699870614473868 10.05683362881055
1290 0.4694945992601147 0.171973315562573 10.6538287977216
1291 0.3744248520968328 0.3313699294327487 10.94443754006569
1292 0.4677715805490103 0.1766061959011653 11.04867025924066
1293 0.4702906069883966 0.1697844073479231 12.04846147823287
1294 0.383381644107331 0.3209649746647752 11.94769773470607
1295 0.3827696305925223 0.3216945910270548 11.74727826281548
1296 0.2447699068106549 0.4359904731985589 11.84177018006053
1297 0.3805638227508723 0.3243010589147723 11.54532497049028
1298 0.2443803914048015 0.4362089227616006 11.43883216871793
1299 0.3847022383945879 0.3193809446009478 12.14807347824529
1300 0.470281330513462 0.1698101003194095 12.24769770108314
1301 0.4694011658102465 0.1722281786932136 7.665912510375589
1302 0.4700830930590407 0.1703581099332969 13.44171468709839
1303 0.4699492289727782 0.170727040002137 13.24360265581045
1304 0.4701797071427609 -0.1700912784099986 5.076716682587238
1305 0.4702918756666493 0.1697808931592271 5.277260457126143
1306 0.3850219120976426 0.3189954971542313 5.373273606661277
1307 0.4704447269358463 0.1693568979943156 5.474196683987756
1308 0.4689606975118574 0.1734239435291222 11.44483101971893
1309 0.4695747899524079 0.1717542332554048 11.6476253513972
1310 0.4703231986669541 -0.1696941035972812 6.870371291100202
1311 0.4702547759167645 0.1698836240709316 12.84510638297872
1312 0.3841974802760246 0.3199879625072695 12.94361856499908
1313 0.4702616991487632 0.1698644586537105 12.64600376295877
1314 0.3845931340614786 0.3195123178107059 12.54638306419706
1315 0.3838850680020998 0.3203626922177787 12.34611891691814
1316 0.2459974637039169 0.435299032678962 12.43891853021487
1317 0.4702997042096395 -0.1697592065848731 6.273067521910669
1318 0.4696574494193856 0.1715280741012307 5.870713590220531
1319 -0.2649124024981593 0.4240535567621774 7.356509161325197
1320 -0.3929356240069211 0.3091950765880523 7.45625084920088
1321 -0.3926961034261509 0.3094992251265224 7.655111572275039
1322 -0.4740884635033527 0.1588714221407685 7.554707811415121
1323 -0.393046981989023 0.309053506612238 7.256678423188991
1324 -0.2651126846228931 0.4239283718413317 7.157290628304967
1325 -0.4999885475441277 -0.003384128353587485 10.84075862561141
1326 -0.4714207099378853 0.1666208697662457 10.94025893849501
1327 -0.4712153052703515 0.1672008854012726 11.13903721140214
1328 -0.3871856332554723 0.3163657462503786 11.03970586981636
1329 -0.4999854835083667 -0.003810023740702849 10.44246689659291
1330 0.3836448461327481 0.3206503267358073 13.93932411979663
1331 -0.2639976950959703 0.4246236180242628 7.953857575428962
1332 -0.3922708069600622 0.3100380847684711 8.053655885325094
1333 -0.3920247995884079 0.3103490881373243 8.252536324045522
1334 -0.4737646773086203 0.1598343847069801 8.152186541320384
1335 -0.392390066449294 0.3098871338921941 7.85412078364687
1336 -0.2642329198846074 0.4244772833135533 7.754689798153706
1337 -0.4999980492827889 0.001396679421277539 14.22659254364454
1338 -0.4999999978036964 4.686473792886252e-05 13.23044580856949
1339 -0.4703472185887558 0.1696275153559151 13.33012529529829
1340 -0.4703702448319101 0.169563654055841 13.13058874767649
1341 -0.4999999207549565 -0.0002815049506425128 13.03125137694801
1342 -0.4999994096121037 -0.0007683668054696747 12.63306983354314
1343 -0.4705414194549142 0.1690880616050539 12.73247321338519
1344 -0.4706099148546561 0.1688973298797034 12.53328881479583
1345 -0.4999988055183947 -0.001092922768778311 12.4338343489544
1346 -0.4704270619035578 0.1694059604287472 12.93143257212676
1347 -0.3854299293426646 0.3185023854964176 12.83218031948647
1348 -0.4999974549700333 -0.001595312975393535 12.03563058149371
1349 -0.4708328464538835 0.1682748665134928 12.13502386063991
1350 -0.470871752126571 0.1681659687607844 11.9356684862316
1351 -0.4999963166024768 -0.001919214411090655 11.83636058228977
1352 -0.470705156444535 0.1686317161643261 12.33400806554327
1353 -0.386032089506663 0.3177722861911022 12.23469532791881
1354 -0.4999943365786195 -0.002379787659886604 11.43812661574118
1355 -0.4710957518596217 0.1675374363532455 11.53751610396415
1356 -0.4999931162376913 -0.002623683464609085 11.23896727296476
1357 -0.4710411993949171 0.1676907524957711 11.33801811248405
1358 -0.4709807504174354 0.1678604561420869 11.73648549206126
1359 -0.3866260472525109 0.3170493645883858 11.63718554068595
1360 -0.4999724834425439 -0.005245550523552843 9.446581260477025
1361 -0.4719340621453908 0.1651612575241252 9.545872276780294
1362 -0.4721416172232478 0.1645669872295662 9.346849715187547
1363 -0.499964017514874 -0.005998432327433817 9.247743046303864
1364 -0.2630315189605413 0.4252227887041221 8.551272463430916
1365 -0.3915963552008239 0.3108895215240137 8.651098690397204
1366 -0.3913841105432423 0.311156677598722 8.849899462823821
1367 -0.4734415476190978 0.1607889952329872 8.749663254552285
1368 -0.3917218988411141 0.310731321189725 8.451571516890791
1369 -0.2632545171028389 0.4250847671052811 8.3519604439531
1370 -0.2616924811869505 0.4260481724995632 9.148320810385421
1371 -0.2623322397603989 0.4256545500547276 8.94947141988038
1372 -0.3906027792317951 0.3121369392692853 9.048545801352537
1373 -0.2609436629237463 0.426507215390242 9.745989244474671
1374 -0.2614131278837293 0.4262196341911585 9.546746105873492
1375 0.3832147259720378 0.3211642473846926 12.74145949495725
1376 -0.2551704801739082 0.4299860765743667 13.53003516604126
1377 -0.2551899431306238 0.4299745259023946 13.33042168467058
1378 0.2433512982666696 0.4367838660389443 14.22974284158495
1379 0.2428361378543437 0.43707048648014 14.42763462287324
1380 -0.2459088865329079 -0.4353490777802859 7.15704773645076
1381 0.3862893221198274 -0.3174595401247287 7.566329635908943
1382 -0.2449379477785558 -0.4358960905284991 6.36046416440929
1383 0.2389403853523558 0.4392123543887031 4.671604071273669
1384 0.2497896708413023 0.4331340673982986 4.470743594615621
1385 -0.3982665900997104 0.3022974085405782 2.080716362682632
1386 -0.4770332997885346 0.1497972993510299 1.981292520775575
1387 -0.4773657952259802 0.1487343186634059 1.78331709498967
1388 -0.4998375384104274 -0.01274500670083986 4.069803436706469
1389 0.3844793335622939 -0.319649248495119 3.781781219871494
1390 -0.3989255899925132 0.3014272277832998 1.683950920666573
1391 -0.4772843943655244 0.1489953250781196 1.584962462690975
1392 -0.4772303397737105 0.149168370640256 1.386709596499422
1393 -0.09438920088106104 0.4910098560691371 17.60667700655949
1394 -0.2427392103117032 -0.4371243253094601 3.971292986453753
1395 -0.4998190677823358 -0.0134498877763654 3.671878789555165
1396 -0.2419121794038885 -0.4375825607311846 3.572737482725765
1397 -0.2712232770702687 0.42004515706679 2.577383400590717
1398 0.230108551103127 0.4439032042114807 2.87804290417914
1399 0.2237591971712178 0.447137363325066 2.676488894537944
1400 -0.4997916027533372 -0.01443446629600095 3.273759410397086
1401 0.3842997996644545 -0.319865071519008 3.184968467097465
1402 0.2462049161097874 0.4351817313299957 16.81298296038591
1403 -0.2416769899018752 -0.4377124998808795 3.175012572158412
1404 0.05531824939551773 0.4969304692648815 1.385682493585471
1405 -0.463703506506167 -0.1870268912586773 1.189401936760808
1406 0.384461954719781 -0.3196701508947075 3.582886795174061
1407 -0.2413131169883808 -0.4379132100877434 2.777090634105883
1408 -0.4997725873073366 -0.01507849382831638 2.875440449541375
1409 -0.3847222868076982 0.3193567942497156 18.19730449851659
1410 -0.243429415705448 0.436740334259734 18.27057608345226
1411 -0.09409934672634014 0.4910654874308273 18.19684204169538
1412 0.08126794893636861 0.4933513154696922 18.30474124286438
1413 0.2456139962974427 0.4355155161676789 13.03608924678651
1414 -0.07811600862244099 -0.4938601919540577 2.478981347279568
1415 -0.07939622934562958 -0.4936559923324098 2.678291176660648
1416 -0.4648036297112546 -0.1842758416267387 2.37918810119619
1417 -0.4643913983832832 -0.1853122475920541 1.981942586056549
1418 -0.07823659072582806 -0.4938411038700599 2.081859605215648
1419 -0.4639713723609715 -0.1863613844911997 1.585265016332307
1420 -0.4692452612570355 0.1726524971954257 15.72002449162766
1421 -0.4997136234518969 -0.01692024044083861 2.279721793949758
1422 -0.07786918690389733 -0.4938991695993484 1.685054524102098
1423 -0.3837141299611019 0.3205674132974132 15.22213515124268
1424 0.2377266948992782 0.4398704565349502 11.23846643851277
1425 0.2498302954892764 -0.4331106365072795 17.79557084890223
1426 -0.469577423353838 0.1717470333844822 17.50771647182331
1427 -0.4995949732684415 -0.02012119988731394 1.090280087256241
1428 -0.4718117651153415 0.1655102966547575 10.74162012043576
1429 0.05621856744418269 0.4968294200976064 1.98152490777262
1430 0.2542529345149938 -0.4305292618284084 1.094394551729987
1431 -0.07765831726171359 -0.493932369621671 1.289150242466669
1432 -0.4995935822093676 -0.02015570924606326 1.288064303335021
1433 0.2406698907568995 0.4382670460838484 9.252969766266379
1434 0.4625454591040022 0.1898728476172089 3.088085289746724
1435 0.2543080234364931 -0.4304967238154364 1.295823321237184
1436 0.2385305952943672 0.4394350408291478 18.00319942903848
1437 0.2378347961278291 0.4398120163784 8.055638683519778
1438 0.05550613727157094 0.4969095176439968 1.583643236584395
1439 -0.2531739468239365 0.4311646467993295 17.31120918277973
1440 -0.3837106315164668 0.3205716008339389 17.21120856184395
1441 -0.09088732422327714 0.4916701071811596 17.21076822266549
1442 0.2465240882831516 0.4350010044771861 17.21478506728961
1443 -0.4694461314712079 0.1721055770354855 17.30987046765175
1444 0.09366429310041588 -0.4911486538696807 0.204581545493578
1445 0.2403055422536333 0.4384669273299723 5.666188561430992
1446 0.3807692709375969 0.3240598128581372 9.355837801205777
1447 -0.3821922592262398 0.3223803297156058 16.21769545585719
1448 0.248666090284597 0.4337801004455744 12.63542538818794
1449 0.3780827503661663 0.3271902105435845 9.15774402661026
1450 0.373799470746705 0.3320752259194945 7.763550867037885
1451 0.4707695746956142 0.1684517958969584 1.092722529850189
1452 0.4701009205300267 -0.1703089090940972 3.882386881342294
1453 -0.3861620550132146 0.317614337314881 13.43112597590551
1454 -0.3853688728481079 0.3185762574954053 13.03127058543418
1455 -0.4706635199887629 0.1687478916958293 13.52957631941782
1456 0.4698445691549784 0.1710148555990759 15.03118621207612
1457 0.3841516330026514 -0.3200430015816566 2.985921133400642
1458 0.4704136078662028 -0.1694433165819838 8.065499882593343
1459 0.3851754777229577 -0.3188100553007877 4.180985822453601
1460 -0.4694063341095412 0.1722140920419749 15.32178288039429
1461 -0.4693828141407378 0.1722781872127798 15.12327217991982
1462 -0.3834326871411241 0.3209039956618441 15.42147750988772
1463 -0.3858429433501053 0.3180019230553919 12.4338923279879
1464 0.385340831339175 -0.3186101751401443 4.579326390913523
1465 0.3852411724117204 -0.3187306685570799 4.379959064280351
1466 -0.3826115139259086 0.3218826329756302 16.01876772759142
1467 0.3868572282974874 -0.3167672409103974 9.358435333587934
1468 -0.3829361427382633 0.3214963616975167 15.81971162931258
1469 -0.3864067654716649 0.31731657945611 11.83632838494516
1470 -0.3831796897275366 0.3212060481689422 15.62044846537124
1471 -0.4999867449728219 0.003640721286008606 15.02425929111664
1472 -0.09259309814233777 0.4913517255250086 17.40822730097075
1473 0.4704959738268761 -0.169214475186668 8.662884365089852
1474 0.3849047949572282 -0.319136802670789 4.777795634798552
1475 0.4702140804493308 -0.1699962309793669 4.878128367168657
1476 -0.4691353454915996 0.17295093989475 17.11180996150165
1477 -0.07868506285487127 -0.4937698460654771 6.071176936603581
1478 0.3856850349197843 -0.3181934220547696 5.973462986160603
1479 0.385628238577952 -0.3182622528847337 5.774076121972553
1480 0.4704148780845222 -0.1694397901224033 6.073726230051932
1481 -0.386982987457892 0.3166135932302418 11.23889311269433
1482 0.3851086707810274 -0.3188907519657324 5.176121589781488
1483 0.3851107117798959 -0.3188882871357647 5.375273091090601
1484 0.4701710465190687 -0.1701152168830399 5.475458949873246
1485 -0.2448286537919906 -0.435957486783289 5.962177191427885
1486 0.3759785372054616 0.3296060368998743 11.33942550931327
1487 -0.4999737249640832 -0.005125850713714571 9.843835841029126
1488 -0.4724126532565517 0.1637873164903347 9.745647391003907
1489 -0.0786308312202211 -0.4937784851343942 5.672717213868428
1490 -0.4700350209512132 0.1704907008589987 14.52575958848391
1491 -0.4698710005716455 0.170942220711563 14.72462980459358
1492 -0.4999980003301664 0.001414095412240811 14.42577865617625
1493 -0.4996070868383991 -0.01981814271944557 1.486035715012664
1494 -0.4999359879328346 -0.008000498085783347 8.650272298241321
1495 -0.2438854830002167 -0.4364858201382389 5.566194022523679
1496 0.3835055546144147 0.3208169097474293 13.14051494142113
1497 -0.4999203492365932 -0.008924372199921456 8.052814877445766
1498 -0.4908113987375483 0.09541577893247728 18.56924524827808
1499 -0.4175444978149128 0.2750574346286467 18.55992805830618
1500 -0.1126724084206041 0.4871395368687503 18.55390408931715
1501 0.3854959126551442 -0.3184225201303724 6.570536644421908
1502 0.3854492480478043 -0.3184790058691189 6.371472137130685
1503 0.4704200047921052 -0.1694255561932606 6.671011917263326
1504 -0.4999999922850333 -8.783488309042485e-05 13.82808417234248
1505 -0.4705379438184469 0.1690977333588718 13.92842681738243
1506 0.08883758649807835 0.4920445947525452 18.5074847154207
1507 -0.4703507005717327 0.1696178601199774 14.12743178495219
1508 0.4709157979500818 -0.168042587581356 10.65296933762891
1509 -0.2556406106898403 0.4297067350718691 12.73322376848706
1510 -0.385902701013396 0.3179294030922045 12.63368458377831
1511 -0.2552258663360372 0.4299532034454672 12.93194679320091
1512 -0.3855716522076024 0.3183308043747883 13.23091207741823
1513 -0.2779027049654205 0.4156562119984525 0.1882121988858344
1514 0.09816357414568914 -0.4902692247234613 18.55497091274331
1515 4.546776835768571e-06 -0.4999999999793268 18.38190797363301
1516 -0.2774399571490337 -0.4159652271249873 18.51673443305829
1517 -0.3886146944494777 0.3146086763869348 10.64229251467165
1518 -0.4999030340132903 -0.009846653457246663 7.455361688295787
1519 0.3861531632669466 -0.3176251477747486 7.764962222931593
1520 0.4706060436490263 -0.1689081160898161 7.865788025905514
1521 -0.4999999711515387 -0.0001698483454076472 13.62905459049586
1522 -0.2563923724225466 0.4292586066272151 12.1357409600831
1523 -0.3864254794955398 0.3172937894076122 12.0358013455912
1524 -0.07968120556180736 -0.4936100743301508 5.271430747495851
1525 -0.2562041197066717 0.4293709923193804 12.33461377102865
1526 0.2363588943206266 0.4406069371622863 18.19957038803847
1527 -0.4998838405695966 -0.01077710245799648 6.857906042957845
1528 0.1036325162229151 0.4891424144166065 0.1458766422046369
1529 0.3857912718455377 -0.3180646075372147 7.167231676876618
1530 0.4705999919740638 -0.168924976110731 7.268319220116894
1531 -0.4996232819682705 -0.01940556918139891 1.684310221706515
1532 0.3856288703403431 -0.3182614873968115 6.967959668381188
1533 -0.2574656150137909 0.428615745260916 11.53830450392104
1534 -0.3872260604309663 0.3163162628179487 11.43875453600353
1535 -0.2568961653892866 0.4289572941544185 11.73704045112999
1536 -0.4998628766855707 -0.01170916357499293 6.260455786385041
1537 0.09312690284239818 -0.4912508320267585 1.388995352927814
1538 0.09656965433192158 -0.4905856722960967 17.51051328114248
1539 -0.2438397033983223 -0.4365113962391111 5.168104126432348
1540 -0.2582684676558724 0.4281324545215974 10.94071042199722
1541 -0.3879360161687659 0.315445157450716 10.84112677922248
1542 -0.4998402661118957 -0.01263757782129515 5.66301569707738
1543 -0.4996383899455952 -0.01901260877873835 1.882520616599766
1544 0.4706866794459864 -0.168683282491512 7.467172181246477
1545 -0.2580466087649743 0.4282662112575498 11.13963779588849
1546 -0.4998160256933527 -0.01356246511891565 5.065592237010302
1547 -0.07970564211906209 -0.4936061290283864 4.873166831092522
1548 -0.4725943663523217 0.1632622580146667 10.14432933648163
1549 -0.4999642048516239 -0.005982797596729613 10.04455820671654
1550 -0.4765196758357539 0.1514232430685199 2.180692983370688
1551 -0.4721730161658215 0.1644768762010966 10.3426554377805
1552 0.09316862830362489 -0.4912429202543493 1.588304908415965
1553 -0.4727795870174441 0.1627251120743661 9.147529208598948
1554 -0.3896033097589174 0.3133835685304784 9.247010965254342
1555 -0.4998002938691854 -0.01413033079145341 4.468301152698457
1556 -0.4721061095077181 0.1646688232953842 10.54250976882928
1557 -0.4755947640600457 0.1543036629463782 2.974549132099629
1558 -0.3894417725200511 0.3135842882168059 9.646376355590942
1559 0.386171453496088 -0.3176029101011493 8.362195770507082
1560 0.4706320681959187 -0.1688355898074577 8.462686393200691
1561 -0.4996720039652603 -0.01810769044745665 2.081119699807941
1562 0.3859876834137526 -0.3178262233562307 8.162982861495781
1563 -0.2436905077772307 -0.4365947049830947 4.769854068990154
1564 0.4562998764885165 0.2044270596485812 2.282132319866986
1565 -0.3892435081362411 0.3138303544493299 9.446231015897006
1566 -0.4731849678591143 0.1615425213130244 8.948898180278668
1567 0.3865949257572035 -0.3170873119170527 9.557173997592395
1568 -0.4735897875694505 0.160351841616873 8.351893229971468
1569 0.3865045608604389 -0.3171974533852365 8.959588542232263
1570 0.4708475302365278 -0.1682337756521028 9.05970890323224
1571 0.09308095848551125 -0.4912595395179808 1.787170948759592
1572 -0.07997128707415922 -0.4935631603388794 4.474157685037992
1573 0.3862446424440145 -0.31751389919702 8.760823640270095
1574 -0.4999416094944918 -0.007641144944119104 8.849304606183924
1575 0.2383896028127468 0.4395115439562206 7.064202385330075
1576 -0.4734683290469391 0.1607101160148276 8.550753326995801
1577 -0.4739100835175527 0.1594027375561231 7.754445734313087
1578 -0.4759945055772197 0.1530660989909203 2.378766297739331
1579 0.0924135715220538 -0.4913855225772715 1.98343478777928
1580 0.3870927008187258 -0.316479447947042 10.35345567385848
1581 0.4711102821330782 -0.167496573303729 10.4535093075104
1582 -0.4999253813609005 -0.008637885803725031 8.251816604300299
1583 0.389317748699883 -0.3137382516481769 14.53603778994265
1584 -0.2430833335720278 -0.4369330531551833 4.371674596246895
1585 -0.4742266409452587 0.1584584898886035 7.156990746440766
1586 -0.4737887730419328 0.159762944825826 7.953290464118671
1587 0.4708695377220798 -0.1681721690571746 9.259337260173918
1588 -0.4999086113917653 -0.009559302085244694 7.654348925186528
1589 -0.3964594777109001 0.3046635562931679 2.477957824218573
1590 0.2098087657433545 -0.4538505060229086 18.38318222636081
1591 0.469111261490688 0.1730162545618629 7.864497094507569
1592 -0.4745417673488483 0.157512256797468 6.559527978916881
1593 -0.4741061012047708 0.1588187797472692 7.355834016894471
1594 -0.08145462992215736 -0.493320527916936 4.071631788093454
1595 -0.499890085192356 -0.01048345011811863 7.056881473239105
1596 -0.3961219854495756 0.3051022331014412 2.676764235561967
1597 0.3864625443566821 -0.3172486435106689 9.757233533688494
1598 -0.47485712341744 0.1565589739993022 5.962082056755549
1599 0.2197508969833257 0.4491208559786817 1.685330418317584
1600 -0.4744215515322732 0.1578739732879066 6.758357447488563
1601 -0.3963734577555568 0.3047754615891899 2.875684158018065
1602 0.3863514571661589 -0.3173839182214273 9.956313305349106
1603 0.3866118958453434 -0.3170666207453401 10.15517725388024
1604 -0.4998696861010229 -0.0114147675081362 6.459411458309225
1605 -0.4751671680274987 0.1556154312037428 5.364643961684147
1606 -0.4747377097053615 0.1569207028524531 6.160883381453055
1607 -0.08136563324383234 -0.4933352143591923 3.872450616141382
1608 -0.4754768293370429 0.154666689250118 4.767221108986813
1609 -0.4998476011781453 -0.01234405105521974 5.861957001499251
1610 0.3870165518407948 -0.3165725645113003 11.35014603746017
1611 0.3868349702850881 -0.3167944219277465 11.15153084547199
1612 -0.4757655482290402 0.1537762761882365 3.174082506636206
1613 -0.4750495118979998 0.1559742326330608 5.56344458020716
1614 -0.499823987027302 -0.01326582044697632 5.264508642990997
1615 0.4713553365531312 -0.1668057154383038 15.03407335949927
1616 -0.0816253653757778 -0.4932923065762032 3.672400842684455
1617 -0.4757614447897466 0.1537889711636464 3.373362242642838
1618 -0.5 -2.36860361115051e-13 18.38824971734356
1619 -0.4753606599667974 0.1550233626132874 4.965991831941331
1620 -0.475664580893346 0.1540883074199904 3.572432289840234
1621 -0.4998011341019759 -0.01410057978874375 4.667122016973157
1622 -0.4753878828495542 0.1549398620104541 4.169290781625056
1623 -0.4755750152920754 0.1543645193363496 3.771479623952432
1624 -0.4755146277809789 0.1545504408480194 4.369165419298458
1625 0.3868866223706359 -0.3167313395144867 10.75227179161968
1626 0.08172714397492666 0.4932754544245047 17.3096212611783
1627 0.3897384190250012 -0.3132155244171217 17.12255838494876
1628 -0.08119261528519615 -0.4933637189976074 3.474577901741227
1629 0.3866929753935584 -0.3169677314511319 10.95272132669173
1630 -0.4754546165030118 0.1547349593529982 3.970519414763197
1631 0.3871982319088141 -0.3163503267055184 12.14674026913846
1632 0.3870013020019192 -0.3165912068406502 11.94812227972908
1633 -0.08142931718125768 -0.4933247067636022 3.274578569814818
1634 -0.08121169447148242 -0.4933605787667582 3.076457072278962
1635 0.4715748512879095 -0.1661841136594771 16.42790727645767
1636 0.09205067017816683 -0.4914536337435612 2.183130792898097
1637 0.2453270706665659 0.4356772066543782 5.271342482932488
1638 0.3868680125045472 -0.316754070061904 11.54983933621592
1639 0.3868373878535761 -0.3167914698324782 11.74942519460356
1640 -0.07994993945539199 -0.4935666187872506 2.878914016203248
1641 0.387409205250371 -0.3160919291713661 12.94297818967694
1642 0.2424375997733501 0.4372916763627419 10.04995726849982
1643 0.4695244054271849 0.1718919215910059 6.069959573936447
1644 0.09092088966256355 -0.491663901281117 2.57926884896632
1645 0.3871523535865168 -0.3164064713504144 12.34637069128655
1646 0.2338098145727927 0.4419648974855767 7.660633203252038
1647 0.3870877512290294 -0.3164855017981915 12.5457602299834
1648 0.2444193426454475 0.4361870985491975 12.04213503488429
1649 0.3876376212963036 -0.3158117707681959 13.73955786004361
1650 0.3871976143747483 -0.3163510825372718 12.7449512742878
1651 0.09195635957654517 -0.4914712890224913 2.382652341029702
1652 0.2455963747706304 0.4355254535610107 13.83386218561798
1653 0.3873919694320654 -0.3161130525928116 13.14286177997192
1654 0.3893323183437231 -0.3137201713200825 14.73578416400346
1655 0.3796788235278452 0.3253367347295896 14.33294388323125
1656 0.3873433521242119 -0.3161726230481994 13.34231010441823
1657 0.2465249517350588 0.4350005151399558 8.856242355320592
1658 0.387433820687559 -0.3160617575529193 13.54153571984265
1659 0.3884271753454745 -0.3148401649299784 14.13734537916988
1660 0.3879050554091163 -0.3154832293293106 13.9388115155216
1661 0.3812391682693739 0.3235068725348443 14.92769408489225
1662 0.3820415665006663 0.3225588961193242 5.570699159958156
1663 0.4716404057612479 -0.1659979748471813 14.23758160928655
1664 0.4715952042488491 -0.1661263474873456 14.43706113764716
1665 0.2186648281805045 0.4496506342893229 1.882542243560541
1666 0.4716807213888497 -0.165883383948165 14.83518648945866
1667 0.3887316680787899 -0.3144641318698867 15.13357109430235
1668 0.3880399201415923 -0.3153173328196638 15.5313463138156
1669 0.3880813490463492 -0.3152663421971424 15.33240006278031
1670 0.3892662575165841 -0.3138021363200583 16.12856897990934
1671 -0.3723343943286772 -0.3337170939581865 0.511805697915224
1672 0.3880679926954625 -0.3152827826655215 15.73046611554401
1673 0.3885709837660418 -0.314662661552162 15.93002956714949
1674 0.3891877524499041 -0.3138994956080564 16.72580474367969
1675 0.4718903964825842 -0.1652859755318322 16.22841124806717
1676 0.3894509079982552 -0.3135729424860101 16.52751211228031
1677 0.471696609981764 -0.1658381986507079 16.82668881976265
1678 0.2332594018953518 0.4422556403568221 4.074449528171842
1679 0.4716317678849529 -0.166022515104771 17.02551572253416
1680 0.3889094643307148 -0.3142442180120367 17.31928959679459
1681 0.3828640043539774 0.3215822665664846 4.378158395745127
1682 0.2376317227259157 0.4399217707210153 10.84451350430437
1683 0.3743640497298889 0.3314386191587174 17.51420292186683
1684 0.4622422604154152 0.1906097916846023 17.61440497235489
1685 -0.4991445005478016 -0.0292364083444881 0.5130772410613972
1686 0.4716463278308684 -0.1659811478561858 17.61940390121015
1687 0.4137615116159349 -0.280715891080816 0.1680866222501068
1688 0.4120003530782761 0.2832943858663207 18.57929377799192
1689 0.4124199425314242 0.2826831990097338 0.1645527912957592
1690 -0.08884829453103384 -0.4920426613200594 17.60909064542491
1691 0.3577186457870257 0.3493384754880235 1.984954958089006
1692 0.3748145766124501 0.3309290455049689 11.14316481643624
1693 -0.3715490806538285 0.3345912142679405 18.38999671598751
1694 0.3811480861745069 0.3236141783134829 3.187171962646339
1695 -0.490219215656845 -0.09841301032276031 0.1564900680643765
1696 -0.416723923844733 -0.2762990613365329 18.56549059819105
1697 0.2422353176824362 0.4374037618348626 18.38094740200951
1698 0.388878846788837 -0.3142821065860801 17.51176155144974
1699 -0.4164992260132637 -0.276637659638655 0.1587507242275429
1700 -0.08242732683217074 0.4931589356295823 18.37530666262321
1701 0.2576490291737235 -0.4285055166107407 17.60618937588591
1702 0.4153239672263903 -0.2783989982872286 18.57531012895854
1703 0.181925830454314 0.4657284533003199 0.3194073046674772
1704 -0.4608781291746599 -0.193884888654236 0.4298522657081049
1705 -0.09559470700057106 -0.4907765805266944 0.140772130908291
1706 0.2325590966635722 -0.4426242950392842 0.3422441670960735
1707 -0.415734806151271 0.2777851165098036 0.1343043593990925
1708 -0.1355003795784148 0.4812895668244903 0.3300634559487226
1709 -0.1456663776142269 -0.4783108888920986 18.39373111946556
1710 -0.4620392212192835 -0.1911014339430188 0.278468053222206
1711 0.08919650302204478 -0.4919796579622356 18.24876843210045
1712 0.4788542491000534 -0.143870108496602 0.1465248927009986
1713 0.4788542491001184 0.1438701084963857 18.57347510729896
1714 0.4788542491001148 0.1438701084963974 0.1465248927009842
1715 0.4801729356177823 -0.1394057097116221 18.5776014736435
1716 0.3631686037208135 -0.3436692672781125 18.45035953925261
1717 -0.4627681037589441 -0.1893295596132604 18.43903673032394
1718 -0.4619976031983291 0.1912020257188697 18.44177771163302
1719 -0.2260069326941972 0.4460054555430467 18.42490445795944
1720 0.3524826088185535 0.3546209391455425 18.44756113232866
1721 0.01016201203718909 0.4998967228451853 0.2759072760641437
1722 -0.0627097287946847 0.3152630961100268 18.72
1723 0.05533867031720698 -0.3202664035739307 18.72
1724 -0.2883534653220133 -0.08361808915135242 18.72
1725 0.3340746794416691 0.06751015065979124 18.72
1726 -0.2672671475943564 0.1785821986401757 18.72
1727 0.1953085435795848 0.2912332548130402 18.72
1728 0.2792747720342928 -0.1802747365457643 18.72
1729 -0.197128399340678 -0.2710182334032047 18.72
1730 0.2106520661450171 -0.3152630961100262 18.72
1731 0.09276698844404234 -0.1376959357467603 18.72
1732 0.2228927954666152 -0.01940171523854835 18.72
1733 0.06304462576590251 0.06574397041179814 18.72
1734 -0.1006345292030333 -0.01930358278090395 18.72
1735 -0.1026050891857488 0.1567734579338612 18.72
1736 -0.07185561660073174 -0.1750693506763057 18.72
1737 -0.3252437553779031 -0.2248828573325924 18.72
1738 0.371878177559365 -0.07397116867516623 18.72
1739 -0.2106520661450165 0.3152630961100271 18.72
1740 -0.08099741236135044 -0.3456587507818167 18.72
1741 0.3099164658007819 0.2077968254985521 18.72
1742 0.07397116867516729 0.3718781775593651 18.72
1743 -0.3552317421972896 0.06843774366724968 18.72
1744 0.04370920140124578 0.2197409943737627 18.72
1745 -0.2228183947004883 0.06017434566180604 18.72
1746 0.1948243852426332 0.1387705800863993 18.72
1747 -0.08361808915135352 0.2883534653220136 0
1748 0.06751015065978994 -0.3340746794416688 0
1749 -0.3202664035739313 -0.05533867031720594 0
1750 0.3152630961100262 0.06270972879468581 0
1751 -0.2710182334032052 0.1971283993406784 0
1752 0.1785821986401746 0.2672671475943572 0
1753 0.2912332548130399 -0.1953085435795843 0
1754 -0.1802747365457657 -0.2792747720342919 0
1755 -0.3152630961100274 -0.2106520661450158 0
1756 -0.1376959357467613 -0.09276698844404163 0
1757 -0.01940171523854951 -0.2228927954666146 0
1758 0.06574397041179723 -0.063044625765902 0
1759 -0.01930358278090481 0.1006345292030338 0
1760 0.1567734579338603 0.1026050891857495 0
1761 -0.1750693506763065 0.07185561660073231 0
1762 0.2077968254985513 -0.3099164658007819 0
1763 -0.2248828573325933 0.3252437553779031 0
1764 -0.07397116867516787 -0.3718781775593643 0
1765 0.371878177559365 -0.07397116867516623 0
1766 -0.3456587507818171 0.08099741236135125 0
1767 0.3152630961100262 0.2106520661450177 0
1768 0.06843774366724835 0.35523174219729 0
1769 0.2197409943737619 -0.04370920140124494 0
1770 0.06017434566180499 0.2228183947004888 0
1771 0.1387705800863984 -0.1948243852426327 0
1772 -0.01017206122619302 0.00331899251063672 14.97447618412952
1773 -1.147795537725926e-05 -9.738332591269216e-06 17.95142406288212
1774 -0.0004362713079608116 -0.000270162075530711 1.041320015594605
1775 -7.170987000337803e-05 4.18812820612291e-05 1.634691209330926
1776 0.0003074851487153696 -5.196516368033421e-05 2.329259595333976
1777 0.000144800100730369 -0.0004725108085961438 17.07344255106346
1778 -0.00668107374964616 0.002241530820137172 6.215599904694972
1779 -0.0001021881779642575 0.0003035453071200567 6.72055406861388
1780 -0.01183181784384585 -0.000122880505435935 7.506495947278217
1781 7.033655393373639e-05 3.264331742225401e-05 10.79126497565739
1782 0.0001053351413153186 -0.0001170735131135747 15.86923386854599
1783 0.0002380546313377196 -0.0002047426369595207 14.27687495572872
1784 -0.0002238896357087961 -1.103673954247486e-05 3.522615729865668
1785 -0.0002379080415714774 3.925095224766029e-05 2.924985747088451
1786 -4.250345005468725e-05 1.000114670229174e-06 10.19399524141328
1787 0.0008354897081349622 -0.0004257613974504718 11.9981465460289
1788 -0.0001020792602591802 0.0003059827517253223 8.712229508340872
1789 -0.0001214574897647203 -5.045527844421693e-05 5.613114458724401
1790 -0.0002168327546993587 8.09552971773762e-05 12.98141535484635
1791 -8.910031137598917e-05 -4.410854499176109e-05 5.015695498158902
1792 -0.0001395126012663783 -2.128414736873863e-05 8.201928948782111
1793 -7.382662120547501e-05 5.469224405935114e-05 16.57143142698201
1794 -0.0003154817849109204 -5.252836338620614e-05 4.119713176847118
1795 -0.0001834241267147374 -6.77159116865278e-05 11.29312662898181
1796 -0.0002954548798264067 7.26925646442611e-05 9.595772449929621
1797 -0.0004711053138211629 0.0003009965091310605 13.57968762760972
1798 -7.309600444493913e-05 5.105038062169776e-06 0.5039292160035277
1799 -0.00831954995627987 0.006960238428541238 12.48976803983678
1800 0.04071232794360938 -0.03294040639510248 15.42119693418344
1801 0.04944771753017863 -0.01775286129912014 4.567691959163835
1802 -0.04552002862315366 0.03647185933483438 9.154000639965808
1803 -0.04676771922292722 0.03889978261653232 17.51240433993863
1804 0.0972866635755823 -0.01463540167686198 7.115058006594284
1805 -0.04160184537374678 0.1012781069782654 18.33233705163367
1806 -0.1259021327297107 0.04471371589286505 11.64584184909937
1807 -0.06744597673382388 0.1165894421094689 16.22028690850796
1808 0.1048320452365725 -0.08471904997630714 14.62774987133129
1809 0.1037546537422339 -0.08705520022548124 7.852380093028306
1810 -0.1029232628975168 -0.09113519988138558 1.982019343937337
1811 -0.1052915505620334 0.08701416991545742 13.92845135793786
1812 0.139499907264101 -0.08447531681498201 5.916238561706399
1813 -0.05395428135794962 -0.157976260506295 1.338121622275752
1814 0.113201254372339 -0.1209819705187122 9.894821405225063
1815 -0.1413291364432567 -0.08656548556658666 3.223796762914288
1816 0.1403390502803776 -0.08772310603351928 13.28064361743042
1817 -0.1624926524155926 -0.03253492290646731 5.314395838143182
1818 -0.1417309142318089 -0.08625520325487157 3.821136762252083
1819 0.1133562684981579 -0.1212511973380036 10.49261511992564
1820 -0.1645453749892246 0.02344915374757028 2.626968404992114
1821 0.04556090329829318 0.1641528883027151 1.332105123837102
1822 0.1708737608952676 0.01736472242045281 5.305808435318263
1823 -0.1160935401072596 0.1253235469443955 10.50088111071631
1824 -0.1165387045694407 0.1251069293126365 9.903825613897151
1825 -0.1459908582491089 0.0891459936484538 13.28938690757557
1826 -0.1488998404110302 0.08684344970595068 5.923715047614278
1827 0.1559822012508346 -0.07567262690290379 2.616856875977093
1828 0.167952488290638 0.04337201877202451 3.810127213219374
1829 0.1542610229804215 0.07562762134623094 3.215110004308469
1830 0.14790983059877 -0.1082399563603168 13.85218329691415
1831 0.1040434067055151 -0.1518489168020793 16.14110207835611
1832 0.1694697862161331 -0.0718089290966388 11.56431014962352
1833 -0.1502323453534367 0.1043546884530766 14.54811964143316
1834 -0.1326537002494287 0.1256575545545147 7.930200340764258
1835 -0.04411778699990004 -0.1790293242253851 0.7725033364610043
1836 -0.05724499670008196 0.1755378826116776 0.7726760845119649
1837 0.1192487096184886 0.1381326067057488 1.907134636434246
1838 0.05603589531359991 -0.1770091075158276 18.21080288199653
1839 0.1755508348381021 -0.117281608759623 0.2889085554960613
1840 0.04429727448477731 -0.1888973851756156 8.45719720556505
1841 0.1445740749475151 -0.1292582592812963 6.465648219194698
1842 -0.1810182399224009 0.06947184726335817 8.457048035857884
1843 -0.1905730691769376 0.01137750941225665 6.977549557954564
1844 -0.03263803419027231 0.2028110230900314 0.2848822100873227
1845 0.1849067226419558 -0.07016625653819022 17.32286135780327
1846 0.1566013006895839 -0.1186091726680035 16.82224446251022
1847 -0.1830262001439988 0.07163775488424735 11.04211761496559
1848 -0.1865059835307014 0.05849065736229085 16.82257987338811
1849 0.1979836257287215 0.005454759844317134 12.24765957446808
1850 -0.1839857772751275 0.07308989449665756 15.62025378794793
1851 -0.1596362623201141 0.1170728664999917 4.369475615084777
1852 0.1064484305600732 -0.1662215906494408 8.961517341312463
1853 -0.15310356239758 0.1253918199715538 4.766727605562993
1854 -0.1861357783772528 -0.05982648613585624 6.470223406841474
1855 0.1572347776659261 -0.1158360515188976 11.0422521742215
1856 0.1102978327987186 -0.1618458952640022 9.346409588297517
1857 0.1791011281255375 -0.07730174713095 12.73143874162607
1858 -0.1072060911817581 0.167464695962048 15.22658231232919
1859 0.00558354043118392 0.1923201110617049 6.468693281806363
1860 0.1785601189683739 -0.07832461914961933 17.70174111593886
1861 0.157067976015198 0.1095286563948592 8.456997546075264
1862 -0.1904346392594526 -0.05925030572599847 12.2414199269175
1863 -0.1999835139985734 0.009205595041069804 12.73889677920381
1864 -0.1136025728300117 0.1663687439231883 7.260756246814407
1865 -0.1384380222325627 -0.1380758656694925 7.26512029061425
1866 0.2009266039196246 0.05326175576010681 16.34915179870801
1867 0.1980454910937007 0.007479320264172618 0.7389737304262344
1868 0.1703392996910585 0.1187056841964579 14.05401175273344
1869 -0.007642697336410625 -0.2056786351746291 11.77305786207981
1870 -0.05055844905833665 -0.2007865046940947 4.790959489823637
1871 0.171486340270645 -0.1190940232057204 2.108684783423886
1872 -0.05544858735712237 -0.1979650562416848 4.345120762364192
1873 0.06207217510611118 0.1912181360125901 14.74711594428028
1874 0.1317366056953036 0.1507606802934766 11.76858696767771
1875 -0.1715253491189238 -0.1208632653214325 7.73269544931969
1876 -0.09954327217642189 0.1819945393341889 2.11028157245028
1877 -0.0690842705665127 -0.189921806950795 14.04927074400485
1878 -0.1462272777533087 -0.1476105227019921 17.73019076390066
1879 0.0416342147161708 0.1928313015364362 12.7504875176686
1880 -0.03311876062087674 0.1966418780153695 12.22304268386752
1881 0.1467910172151534 0.1330626108189801 8.941163820468674
1882 -0.1250272649173418 -0.1567708185499663 16.34198699789986
1883 0.1822757278577421 0.09403390151727957 15.18764823101949
1884 0.06292354274916299 0.1991936071527511 2.543628777383491
1885 0.06887166305641612 0.1972251244698512 17.73784457007186
1886 -0.1485662351129033 -0.1313269503744048 15.20704120116914
1887 0.1426571061816536 0.1380477459089937 9.367806255309301
1888 -0.1696025841423744 -0.1203597706705427 14.7493862084055
1889 0.2114486756392867 0.0233288742490465 15.65960995980551
1890 0.08223449410182612 0.187451511987635 7.725384660017125
1891 -0.07963811565654774 0.193383677351431 3.736101677919235
1892 -0.0989721115516429 -0.1715330996822409 17.30194633711762
1893 -0.1804795719518205 -0.1030162474479821 9.381023916330747
1894 -0.202073088974974 -0.04366953297857717 0.2878391832662918
1895 0.09656833156914923 0.1765962865306956 11.07077634985944
1896 0.09168763902202899 0.1764984486403259 16.84512879252187
1897 -0.1813840517085382 -0.09898518153422493 8.926421284398115
1898 0.2094794112214633 -0.03267381181900289 18.42217503497881
1899 0.2084639493086983 0.04796242915559276 4.809767626956424
1900 0.06184022666353759 0.197755111124565 17.28600961540831
1901 0.02679054643225438 -0.2101831470817505 15.65998098163819
1902 0.2124997404117317 -0.03159523722265163 4.321929563888041
1903 -0.09725214191919948 0.1888559032400307 3.318466548248049
1904 0.2051631406223404 -0.05974254590827151 1.433979968818131
1905 -0.02594972831424828 0.2107888816622041 5.408970953272338
1906 -0.2045687966397768 -0.0595678736350921 18.15111992265657
1907 0.1802664119408572 0.1198376598449227 16.06544789884504
1908 -0.007237791984099476 -0.2132173166039905 6.923785779476096
1909 -0.146116115310245 -0.1563749989660466 18.41974703461314
1910 0.1352416797925572 -0.1733870656395918 1.825141053977536
1911 -0.1935419385271484 -0.09573606308157366 16.06518472949187
1912 -0.2047523180650597 0.06702191203323866 1.440913299165419
1913 -0.1593875980535904 0.1474856811476027 1.827079529531024
1914 0.02701988945016744 0.2048634702957084 6.931160535902579
1915 -0.1595208604747477 -0.1414662612099692 9.794471071724169
1916 -0.08277433283768536 -0.198403940387861 11.49047523252941
1917 0.1074626358627476 0.1844251119373805 13.18043637515554
1918 -0.1594257283093753 -0.1415489947481179 10.39250251658724
1919 0.1277849835981646 -0.1861475396346501 15.14331513553416
1920 0.108466970018172 -0.1854545336838662 3.329744906946591
1921 0.1447512672933586 0.1544605331872179 8.005480008782449
1922 -0.1150124251495412 -0.1797808759047477 5.811450617118772
1923 0.1517104816895677 0.1491065691504215 9.793974373545828
1924 -0.1169055484683578 -0.1787420968946413 13.17926239646477
1925 0.06150471609013479 0.2062024218277617 11.49053115155786
1926 0.1022282019698497 0.1858469365240868 5.813220996295279
1927 0.1490962048619624 0.1568188501720975 14.47152825776261
1928 0.03757561235416988 -0.2116439561076374 5.420379081645843
1929 0.1933656139112291 0.09018349930948638 18.15474868955649
1930 0.1230484159845262 0.1787548763280753 13.77335566992115
1931 -0.152277157474191 -0.1539906083673527 13.77333751355039
1932 -0.1354225719851967 -0.1737667342957099 14.46603435598182
1933 -0.1353375233712018 -0.1748072153870662 8.014846225762071
1934 -0.06248422395907138 -0.2159301773773465 2.747117103026466
1935 -0.1367875773290435 0.1778721108611635 9.417234652748313
1936 0.1567202044923619 0.1458168094331129 10.59604424967827
1937 0.09271238744927457 -0.2011769735060565 3.938497718834817
1938 -0.2012249733624938 0.09094068870067817 17.25430598509193
1939 0.1360671482998533 -0.1818700472811505 7.343265887039206
1940 -0.1302803055785934 0.1794858926526577 8.89193771109138
1941 0.03761827933990717 -0.2301443554278448 12.24542742376701
1942 0.2095285040325861 0.09302199746279891 7.353552613344607
1943 0.1385164776568819 0.2151814967965379 18.48126164725895
1944 0.2373337287505337 -0.01229155387627928 6.870638297872343
1945 -0.1060401429768615 -0.1911032552203014 11.11332234056727
1946 0.04428454246487482 0.2171791897320834 15.54658855190164
1947 -0.1197549470242314 -0.2056159827177873 2.474428295071535
1948 -0.1985843741925523 0.1244374926585474 17.73920351796597
1949 -0.2381614824376021 -0.02329708507096549 1.181343603563376
1950 -0.06359438831148075 0.2308859772429344 18.08927832634892
1951 -0.1980668173431692 0.1340346636822184 3.979440427683691
1952 -0.05059330616744463 -0.2165414331170523 12.81105445363493
1953 -0.06854893337676189 0.2291819030650433 2.785425301797945
1954 -0.101020767343549 -0.196656527802125 16.74383496505288
1955 0.1934911551882825 0.143495312603402 13.44148925520891
1956 -0.22538803176515 -0.07859640622873658 10.05513942981651
1957 0.2372048526705638 0.005758521719171529 14.85229538164168
1958 0.03748896909882896 -0.2331461866727841 3.668396541059215
1959 0.2226914857175571 0.07845076538278661 10.33672535754823
1960 -0.2257449257385301 -0.0774861640819222 10.65269616070782
1961 -0.05008792488822716 -0.2318367723293702 5.158564805943724
1962 0.1793647850355661 -0.1541616000324142 3.065564030226939
1963 -0.227470375105865 -0.008235532915809255 0.6587157570453888
1964 -0.2220953035424323 -0.05596820782808079 4.572893247478522
1965 0.1732322887176003 0.1465141844538461 2.175526284918918
1966 -0.2255532957832484 0.07742892645115441 16.43899851809106
1967 0.2345201787183179 -0.04054075735040562 7.61719218496589
1968 0.2151232501301859 -0.1086884932797841 1.166690970512434
1969 0.1909177617284209 0.1401732395161513 6.074203012223722
1970 -0.1169626691575198 0.2061743896829723 11.86515366397761
1971 -0.1519515885738692 0.1872673417223563 3.051739447326403
1972 -0.2394532286778477 -0.001967938065215808 14.14792106837681
1973 -0.06654369510790818 -0.233126410136468 2.209359912914854
1974 0.08460621567134519 0.2098083926158287 4.278628666944109
1975 -0.05533615015098479 0.2335580487629436 14.15111407209339
1976 0.05736264309753204 -0.2321991519644451 14.85306467765346
1977 0.008884854744072967 0.2413046673126744 16.44840380858286
1978 -0.2254551457890283 -0.07477971687493146 11.86818500882594
1979 -0.1808918131252159 0.1409723650706811 7.664150344706617
1980 -0.1311512701197001 0.1881722191416843 5.160176651986553
1981 -0.1391920128737248 -0.1965069670803236 6.083048703783304
1982 -0.2478154370054038 -0.06788838385866619 2.197632161930095
1983 0.1827285387710374 -0.1393507597514613 14.13384946515835
1984 0.2149494437112727 0.07839380820750061 10.04819136557531
1985 0.2291370654499834 -0.008698276838446213 9.156988489776898
1986 0.126785479001144 -0.1925572276216933 16.4316537120249
1987 -0.2407169862252052 0.04343175341186448 0.9215740749563496
1988 0.04769508951486583 -0.2334009671060259 7.625696986376763
1989 -0.1413534559530789 -0.1956759265124586 13.45111177696925
1990 0.2120821744954578 0.1156386186646701 17.51689835366442
1991 0.05776684021312707 0.2249237079486456 3.97927157266765
1992 -0.2394402077028869 0.04963392382496749 11.40314324225936
1993 0.2155899597277756 -0.08635400773314779 11.86212692356306
1994 -0.188694320329048 0.136314370935696 14.82486126094802
1995 0.2204406896887453 0.09557958774522016 6.338195200675873
1996 0.02534347941861578 -0.229753620243684 17.5363140189065
1997 -0.153271671282565 0.1903124888373601 15.97783775646827
1998 -0.1552324650432656 -0.1896870121242716 1.739798779378859
1999 0.1676081826925422 -0.1790016675750757 8.095302134788961
2000 0.1864763834563813 0.1365610461509237 2.783136006086382
2001 -0.06783805284854344 -0.2323459982574612 9.156502412669333
2002 -0.02982894916139177 0.2400125311585073 8.316640828304635
2003 -0.1624923134261597 0.1835132660524455 13.68635372898513
2004 -0.1815394331599354 -0.1584930353309877 8.317629387945239
2005 0.1910521156049486 -0.1641490227749247 12.45176326047424
2006 0.1431385077598659 -0.2116840726354344 6.171648835593943
2007 -0.1804371501833719 -0.157370909197568 8.596247699224666
2008 -0.1056006700769028 0.2258120920066529 1.125634720978457
2009 0.2228016069833796 -0.08795473372179205 14.39059909819007
2010 0.2185335551227086 0.1049561848627459 6.606085560424099
2011 -0.1094250207169952 -0.233619956062859 1.091161175297107
2012 -0.02963120928960138 0.2386965539090194 8.596683140944132
2013 0.2558527668124622 -0.01506187889750311 13.04425531914894
2014 -0.07491167050978934 0.2466672429678038 1.584211482403065
2015 0.2070160880216876 -0.1517230570339161 5.076469510944496
2016 -0.175344305430985 0.1771098698733525 2.413433961314358
2017 0.246179220689967 -0.07223397044234636 3.583553086370645
2018 -0.1800629396126002 -0.1641882651046332 15.49648252461286
2019 -0.111820955254378 0.229479694691276 17.00899924586777
2020 -0.2475454596925651 0.02766164780567789 3.608631172174379
2021 -0.0187289304389875 -0.2492814488053292 0.4134480426225959
2022 0.1871661780036843 -0.1753926466158671 5.673486948409624
2023 -0.2037351449084427 -0.1581112591128096 2.975749922134008
2024 -0.1383902773276454 -0.2177503617943835 3.473283912118408
2025 0.12194985916396 -0.2276121296924138 17.12280522789214
2026 0.06953575091258843 -0.2443089547904916 10.26383117118344
2027 -0.0211889616252675 0.2415740606864188 4.563358490642403
2028 -0.1474332998819363 0.2115853525146263 10.24402197306014
2029 -0.2469274697439874 0.06677881279350251 18.47106402457835
2030 -0.1199906051558725 0.2283548198047896 10.84084884182768
2031 -0.1510205066672945 0.2089792262139406 5.663752794260547
2032 -0.2476989177939602 0.072394067824777 13.03102400341968
2033 0.06926284238641446 -0.2443115445076273 9.666010169773768
2034 0.2082602631122567 -0.1516237283120272 8.661419617449608
2035 0.1275044554991766 -0.2229780049396635 2.386563666007949
2036 0.2578392326005842 0.01591698539237242 17.02723404255319
2037 -0.2455420938706067 -0.07902671318560994 5.065248444487359
2038 -0.2570853064701195 -0.02144324494816409 5.563111417677993
2039 -0.248369402033347 0.0702238613963973 9.645647788187805
2040 0.03257061329675034 -0.2549697904273844 6.667410586968658
2041 0.03868325732054975 -0.2536183733647052 10.85143379958799
2042 0.136911980958718 -0.216980000891324 11.34812455639204
2043 -0.2338626702429566 -0.1090119573245992 4.071189850290478
2044 0.2380632637431424 -0.1009860907303377 13.54211474184507
2045 -0.1181694754125885 0.2287033852512414 11.24208342804745
2046 0.2560632790610272 0.01916276880780121 16.62288337053601
2047 -0.2062069187967661 -0.1565838159240897 6.758469653965464
2048 0.1737209305247114 -0.1821595922661521 0.9184142300638454
2049 -0.1938522380750656 0.1719296307227767 6.758981040774669
2050 -0.2313027422625368 -0.1058854291267837 15.8059245894188
2051 0.04586305529247295 0.2532404855172082 15.81916915487328
2052 0.2384267305561869 -0.0927840616689015 15.9245466985401
2053 0.2445940309854195 -0.08321420714525174 9.558179737120486
2054 -0.08591871935022038 0.2363395575891513 6.129209696648125
2055 0.2331259316199976 0.1020091285583919 12.54386145156258
2056 0.04622181080115684 0.2374949142166095 4.903807111105724
2057 0.2385560993573053 -0.101020121676321 10.75322471733461
2058 -0.2532944630898849 0.02047869124675597 8.141681022361576
2059 0.1567788632259827 0.1872098210785131 0.9329113394185643
2060 0.04448790587545282 -0.2516950396963149 13.63194588051921
2061 0.246794367989085 0.05930652738821686 5.552150197548125
2062 -0.01776823035621308 -0.2551532819937832 15.93187314943263
2063 0.2117265569542298 0.1379010374936714 5.078548149411017
2064 0.239094214689737 0.06079737511894676 2.411878804283087
2065 0.2511644072149782 -0.03019743731283717 4.05617213919801
2066 0.2159758261219111 0.1363031361264219 0.2505413472141388
2067 0.05457130997534329 0.2525052669655312 15.02274332421179
2068 0.1467597677012107 0.2033642891965743 3.602166973879455
2069 0.03228488904944011 0.2544805162257457 7.460378728857615
2070 0.2576685585655031 -0.00531237603824607 11.25580663197661
2071 -0.250095518772642 0.07667010083120131 6.260303339803659
2072 -0.04059873893530672 -0.2495628597362846 12.5482349063688
2073 -0.05377514119849555 -0.2432683965853239 6.340023008072516
2074 0.06194273773191477 -0.2373077096575321 1.554611356461475
2075 -0.2409547714903085 0.1043429422309995 12.43462511543866
2076 0.08436460903879192 -0.2386789958622304 13.02964762890093
2077 -0.233970736672006 -0.1049922693436433 17.02126821224687
2078 0.09973559874070259 0.2214011807379458 3.010120357324544
2079 0.1715611163110631 0.1864078889292756 12.06155983353344
2080 -0.1606161483166147 0.2023224962229108 0.5092846219289566
2081 -0.08608914090956492 -0.2577249745962399 12.04125074925619
2082 0.1044733138312453 -0.234653512771085 17.89876852634051
2083 -0.05635300934576278 0.2383570432258805 9.673012327848786
2084 -0.04207994398508964 0.2423829273731209 13.46732167373096
2085 -0.2582016454737198 0.024321780900801 13.51017541394928
2086 0.178298352741787 0.1673049191980268 1.553070301766091
2087 0.1298506945552979 0.2153308165723982 0.5887075084248427
2088 0.2608067786010091 0.01760841577198974 0.4901420155536726
2089 0.2097382478207308 0.1352894154428927 10.84561923676346
2090 0.2539073227335582 0.01700170957422809 8.237545852665649
2091 -0.005146037374392884 -0.2572302986363803 8.751556184617222
2092 -0.2524454185936583 0.04775385011445624 7.43823725124113
2093 -0.2505623520108654 0.0456475877023991 15.05477466596536
2094 -0.05555876526918684 0.2552286800798962 12.52322505633999
2095 -0.06966349853196102 0.2446556859577951 12.97327217133244
2096 0.2423313757777648 0.08308306004346791 17.89770330517169
2097 0.1839905943696035 -0.1883790101318375 4.69713425065305
2098 0.08464551893791777 -0.2478840189168025 18.47740693414234
2099 -0.2564231165036457 0.06026187249707192 2.859656621016718
2100 0.03123678914827754 0.2547647239568859 10.06677897653341
2101 0.01279366021004696 -0.2588032623245629 14.27894832970224
2102 -0.2462089863538414 0.0626824498564003 8.700690982139404
2103 0.2257322252351087 0.1149017105593297 8.700958017450377
2104 -0.08808776600656334 0.2425702766796186 16.6811470339013
2105 0.1112690258023302 0.2316198339529963 7.167274733005113
2106 -0.2240982124270939 -0.1315301248611819 10.89881730161079
2107 -0.2314801044877452 0.1227724892494042 12.07288316850622
2108 0.1365374117111973 -0.2289150314601159 4.185002183981135
2109 -0.1355990531098652 -0.2195351238202399 17.97042310672289
2110 -0.2569711079847327 0.04442223325733227 15.3835112794774
2111 0.1508855267805727 -0.2088837187406779 0.6048353344365092
2112 0.2129257463492954 0.1570522405404791 4.48894655610904
2113 0.2667944989386889 -0.03081389087043562 1.671740017783786
2114 -0.04299538178845635 -0.2475937110453588 10.04172040470626
2115 -0.004613721102503007 -0.2672400746269382 15.35557507114572
2116 -0.2636314633528616 -0.05276861992123363 17.44318902736637
2117 0.1702857417267288 -0.2051311665792144 2.825293859296223
2118 0.08519949633735138 0.2473605384109394 9.152601882310634
2119 -0.2455324296259262 0.1096973182646476 17.97903671466492
2120 -0.164662781240065 -0.2079634328339096 7.50111235404942
2121 0.2633898977247942 -0.0845602805049409 15.33391219417874
2122 -0.05231046191350083 -0.2502699367921683 10.62213821670811
2123 -0.2174728610734519 0.1682391569350739 14.32196943807924
2124 0.05429713122716441 0.2523103791986887 10.37791161980386
2125 -0.280027971237392 -0.02305723204575243 9.148201866144113
2126 -0.2684274646635976 -0.06376380977656304 16.63063759906702
2127 -0.0329827317715843 0.2797379435058853 17.5076355427178
2128 -0.1085708206074268 0.2553182417442752 18.49712708459801
2129 -0.154101865835545 -0.2132020721115766 14.97589122773415
2130 0.0132720114197686 0.2738651411733205 2.301062804818138
2131 0.2322590773218626 0.138400736678491 15.41876168280664
2132 0.2065008575134731 -0.1711993056185475 12.08601624945818
2133 -0.2559205831140383 -0.08263732454238228 4.825999809535008
2134 -0.2372448094746637 -0.1129288794411352 12.53595836200861
2135 -0.2638427090630997 0.008455721583640771 1.66418875778308
2136 -9.125426455194874e-05 -0.2704171453273616 4.567010184527509
2137 0.22705801317485 0.1387344043166586 1.165447466030276
2138 0.2521675521618234 -0.1211495037688147 10.17298379400317
2139 -0.01395938291600964 -0.2730223905929398 3.143059714514084
2140 0.05550769555788748 0.2608932599260497 6.696419843696123
2141 -0.2227124715024908 -0.1564115420230632 12.96589934379513
2142 -0.2114330804825473 -0.1638459223399755 1.512810152666389
2143 -0.08904866778853629 -0.2818693098416827 0.1959655068498542
2144 0.1784725375746775 0.1933822089797239 12.94964332736435
2145 0.02531047544345932 -0.2655275436404405 7.151965167370598
2146 -0.2594908798695233 -0.08662835447005086 4.304660091218975
2147 0.238908884424481 -0.1268576312834407 18.06482438403606
2148 -0.1372291381503964 -0.2252494525784679 5.579884565948606
2149 -0.2701154816027701 0.03964275921160662 3.374817603207724
2150 0.168451006687009 0.2194438342623562 12.34733113805608
2151 -0.2200458785674776 0.1652610853829104 6.526147881056826
2152 -0.06003121322359516 -0.2618569441938616 16.97073540707035
2153 -0.1222947529800926 0.2395805861767807 4.173844207799794
2154 -0.2378749413599854 0.1698343461483641 17.50751465866993
2155 0.2561396145497613 0.09848041827052285 3.424221569206175
2156 0.2383536120683813 -0.1453378288197279 6.678821541477396
2157 0.1533502089508358 0.2246124315354924 17.06894672061247
2158 -0.2114375286949513 0.1990704769539084 9.144337699732404
2159 0.008481648275785486 -0.2751856496288888 8.240542927003229
2160 0.2680524880761649 0.05396562059245676 2.991102925525307
2161 -0.1826268747525738 -0.2174523157775879 0.5725868510412742
2162 0.2761796224610212 -0.04273281073636948 8.863216143691456
2163 -0.1461075895608377 -0.2259736517999484 9.576889345119676
2164 -0.2697796255807368 0.0154711701293663 10.26237586156676
2165 0.1190389933153195 0.2528789873483352 5.588810995271687
2166 -0.2269439082321919 -0.163901571144111 11.31067192341724
2167 0.1788318600067891 0.2134341023220352 11.28743585670968
2168 -0.0396343178595209 0.2689498612447673 8.086866733113748
2169 -0.27427086371605 -0.03871657863476535 2.43326589749832
2170 -0.1718049161679381 0.2314533738725434 7.046481405773026
2171 0.0999592719922186 -0.2625899963751149 16.65039378341796
2172 -0.2819046444903799 0.02580234314341955 7.188951691451062
2173 -0.0216660235209675 0.2779102722095296 14.37486715602755
2174 0.2504093039224158 0.1070317335924394 14.2701896093159
2175 0.1979968450525812 -0.2079969023193787 4.468558478959031
2176 0.2539431880101498 -0.09761301090007737 8.436484821822845
2177 0.07162538137860698 -0.2700807486542067 13.40377387859799
2178 0.03448218694461003 -0.2717773974950939 2.008129951515376
2179 0.1993601147410912 -0.196298145026858 7.020601856093596
2180 0.1553879469974095 0.2345662291436078 9.578354912805445
2181 -0.1552189513636794 0.2420934198054872 15.43744019324146
2182 0.1211457735077849 0.2428986804949981 16.24904738810076
2183 0.2644248751763426 0.07590357914325527 7.815395958119423
2184 -0.08207017031837209 -0.2711231228775837 4.129193459141947
2185 0.09821225352017429 0.2688345671832958 18.26216162109863
2186 -0.2488105951780906 0.129844259738962 4.973702766501654
2187 0.2744204915618702 0.03900321219072782 5.778517526228793
2188 -0.03008375736793531 -0.2680123372115283 14.6452753867
2189 0.08449043817966777 0.2660871036787108 15.30098767312485
2190 0.2444526534658522 0.1458973134509599 15.84859072320245
2191 0.1836435950242242 -0.2224742493728748 15.49598699659022
2192 -0.2861924454115033 -0.03254940860612535 5.787968166273497
2193 -0.2314058555348119 0.1542945095164607 18.22070110002917
2194 0.07791073759577413 0.2690835612994531 5.212087611988548
2195 -0.2886963660159961 0.07744548120812329 10.84107488739729
2196 -0.03233388188625994 -0.2679116907965124 7.835282000546504
2197 0.130121426671769 -0.2782569144061416 0.1806959967600682
2198 -0.02281341871030482 0.2765430095701799 10.64174015365783
2199 0.1524163407211158 0.2250308736918534 16.62808490546227
2200 -0.05503387571233122 0.2735726189678681 3.524981063354632
2201 -0.1909841737878489 -0.2009660874034739 7.054614480017163
2202 -0.09316277942522984 0.2769564454480828 17.87142624381894
2203 -0.2437759981889125 0.1718319284159658 5.364819188000368
2204 -0.2734134016582682 0.0551011953788032 1.997860486981955
2205 -0.2841061508680756 -0.04055440069418188 7.911041640735641
2206 -0.2873978481273331 -0.04178655962231431 14.36455317874379
2207 -0.285092210012118 0.06644424241873353 16.19173745233459
2208 0.02843160305983536 -0.2763152158149883 5.95566644502792
2209 -0.1608757997553048 0.2264541867758755 11.51793087751477
2210 -0.2300622426139532 -0.1558968393160081 11.65695928177694
2211 0.2490800281948188 -0.13954669057592 5.446861819757174
2212 0.004855602875792966 -0.0193204459460162 18.51832616149531
2213 0.2566021513356879 0.1361398788544908 11.58070808209898
2214 -0.2505562156330788 0.1664461883534011 4.568457277934224
2215 0.1130872100545651 0.2701957514139045 3.367047960948208
2216 0.1144195860970811 0.2585218673072418 17.95515731215733
2217 0.2774449549695893 0.02336570661373116 13.72469955874701
2218 0.01111106739911802 0.2794169802219619 13.94086598184276
2219 0.08925354739650079 0.2695377119609456 6.271226713480144
2220 -0.2916341912300413 -0.03570542703272759 13.90366829448738
2221 0.2765971687848801 0.00533342721121031 0.984236401050621
2222 -0.2463441343955348 -0.1466665668802055 6.273020895465281
2223 0.2793677071627003 -0.03338521598008858 9.7734233788886
2224 0.1725051985140438 0.2265576966956704 8.217545451356765
2225 0.08390466246836335 0.279675033848117 1.73788687024896
2226 -0.1684045207738205 0.2505635079725479 15.02343731546489
2227 -0.08612712027578057 -0.2767303521440319 16.15229769134226
2228 0.03718959280978898 0.2891555928729244 16.03930109300447
2229 0.2705552348015144 0.06713459504285479 14.63838524652468
2230 -0.176431663236111 0.2268342120165121 12.77885823930437
2231 0.1152757246570977 -0.2629812919192712 14.47662711275787
2232 -0.02164971454010353 0.2853693007013558 11.6807444479989
2233 0.008980167534971342 -0.2863476947770582 13.8603310821343
2234 0.001990353614832713 -0.003435787675393168 0.2058342087208331
2235 -0.2784518687931654 -0.02475820081279411 6.065052116002072
2236 -0.2184817414626264 -0.1758744736112863 0.9080060216486596
2237 -0.2802993646102263 0.1094877816633075 15.81591950806978
2238 0.2812290023393816 -0.03782457922317803 6.171449114329232
2239 0.04898156582456681 0.2779546903053959 8.802073719823268
2240 0.1781581350535317 -0.246063276753301 9.154198090742504
2241 0.27080745114684 0.1221669059084892 12.76125663849024
2242 0.2822901584515216 -0.0339531511833627 4.574344939318564
2243 -0.09137247129759773 -0.2726618643639749 16.53209410601402
2244 0.05675825329659828 -0.2734968858547728 4.969794859434534
2245 0.2909613559040261 -0.05467971462206437 7.211943528970721
2246 0.2833896347221193 -0.05424289235732926 15.05944787762073
2247 -0.197480514182336 -0.2005009238425753 14.23799957134149
2248 -0.2821891002693178 0.01386893039036006 3.088074730767264
2249 0.07480888423642233 -0.2730821487250296 1.203161669669981
2250 -0.2595729093516357 0.1378987791810107 10.070076879794
2251 0.2573174626936995 0.1149008120333154 17.2286853432399
2252 0.257044388406934 0.120094076983028 7.045544593604279
2253 -0.2928332961754978 -0.06889511979853334 13.25031911269807
2254 0.09483816704301878 -0.2757537543075806 11.59263402175443
2255 -0.06662719122949441 -0.2913250882210907 9.368848421675295
2256 0.2884438993966415 -0.0382180491034469 16.17089544223169
2257 -0.0913465437637359 0.2760227493075412 13.18899036892179
2258 0.1503832352101757 0.237140125033 4.706255696013548
2259 0.2892779318887051 -0.08861590184257857 17.51379327470308
2260 0.2885125470822736 -0.01855579718932291 1.901121205894635
2261 0.2864328934017132 -0.01290238090037852 8.014900132286142
2262 -0.02405341421656049 0.2982473264743092 1.942355164205383
2263 0.3076282792107823 0.01746305307812741 12.04851063829787
2264 -0.2941421133264501 -0.05512256722401425 14.58322532699231
2265 -0.1483203591980523 -0.260434061268252 18.2246094525852
2266 -0.1497895969275591 -0.2399235715601608 12.35852004803364
2267 -0.2889367156000061 0.1045291309614725 17.01260051183449
2268 0.2370645707466946 -0.1603748334323907 3.781663098661684
2269 0.1007967950390851 -0.2712335154517392 17.33568223461967
2270 -0.1532319157495007 0.2473228716270883 1.334706839519972
2271 0.303055473155467 -0.02241265021794241 0.1753683962129276
2272 -0.05937504608941573 0.2844715090243715 5.919281266695463
2273 0.2237848183137941 0.1707153231176102 7.558398014985118
2274 0.07552962113896507 -0.2754993182425288 2.590604451732925
2275 -0.2586739240446211 -0.1261009820999449 2.750856412065638
2276 -0.1078468864533058 -0.2780501836097526 3.914752500066378
2277 0.2809566641670979 0.06401872561466151 11.03929936248331
2278 -0.1832439748628799 0.251159313773799 7.456107425691864
2279 0.2278490812153597 0.1817436208749941 4.113105600228296
2280 -0.2977421575848823 -0.05208197566237879 17.84821607345174
2281 -0.1769536772907943 -0.2478878717013634 3.683102464009758
2282 -0.1171014932128697 0.2690307940349015 15.67934363582812
2283 -0.2719842350395231 0.08501047165211058 4.1754873743485
2284 0.188106040853537 0.2150599489963244 5.388688660115494
2285 -0.0127838439990216 0.2927343681500694 12.03194554907813
2286 0.1037929319090941 0.2865608465900937 0.1769496835223956
2287 -0.1129231600684564 0.2815669816617343 14.66266859778723
2288 0.2773129469507494 0.07602935080770647 13.25537825234126
2289 0.2504636129531017 0.1661009772772457 14.99605334742079
2290 -0.2423674026972122 0.164696825104358 0.2189050284691841
2291 -0.02409632615585182 0.3007318042722281 0.9427574419800983
2292 -0.1891505298426979 -0.2344434876744787 10.19997645770894
2293 0.009363442985451012 -0.3002725354063795 2.93121115019283
2294 0.01929848978654232 -0.304245129320574 5.701690834111179
2295 -0.2826482636716662 0.1295547774383763 10.63422479739406
2296 0.1153708221673279 -0.2769676845915248 12.69128364561329
2297 0.2875587361425715 -0.01939619656858867 10.56218305846077
2298 0.1244898694754826 -0.2802135442862875 11.92250007948885
2299 -0.0853380174032036 -0.2911973629383753 8.949319064333444
2300 0.225551961302158 -0.1774817161388245 15.72945140985452
2301 -0.09386714751325199 0.2849597827907799 7.794499018147047
2302 -0.2881644349874536 0.01114705040882176 6.656210616647644
2303 -0.1477829024242671 0.2487345632381686 6.332418560816958
2304 -0.2860509754003254 -0.1024272917334528 17.22761737723672
2305 0.2788107019125965 0.07829102523552715 16.82545035597022
2306 0.0227987101566716 0.3065509829442659 9.859531150341084
2307 0.2964019973425636 -0.0378654511246433 13.98630352030414
2308 -0.2292872592047487 0.1778252277386594 8.281506090180754
2309 -0.1577032158171647 -0.2435815011687757 5.341865645295012
2310 -0.2899510882842747 0.006961436007268076 9.871952090543807
2311 0.2836373531744281 -0.07011828018957986 3.29862807925093
2312 -0.2956776427497781 -0.07323682626450402 0.4722547069553306
2313 -0.188563300607307 -0.229629539479369 17.5372205852321
2314 -0.03914829190221009 -0.3040505161702548 7.356803105778457
2315 0.295216059796181 -0.05701254533212738 9.35328244289375
2316 0.07864013859745238 0.3005809820617634 10.82617312051192
2317 0.08202720541847212 -0.2793422881286295 11.15352217318902
2318 -0.1187358968289471 0.2817777655954891 17.214080707663
2319 -0.1532469169147095 -0.2449316688380899 4.971031574430558
2320 0.2156276385198387 0.197820211643791 6.826582784239111
2321 -0.2917203565920842 -0.1193214842037904 1.882737476694701
2322 -0.2717725058837675 0.1460553197437449 16.64619080388013
2323 0.1831910125659987 -0.2322931959257072 5.269608723283764
2324 -0.134923964373124 -0.2554379697674685 6.536279765850863
2325 -0.04845702787986556 -0.3051857647828174 15.13608423648661
2326 -0.08378138916072631 0.280519209208012 11.04126075538896
2327 0.005269753118806099 -0.3054893020377712 0.9316578351405219
2328 -0.3046060972907947 0.04513395997778803 3.822787280915319
2329 -0.2767765694256871 -0.1303082288111362 12.06389440012013
2330 -0.1902212208133925 0.230811190699701 2.615158016017006
2331 -0.2925118282027857 0.000268283815614678 10.46990104552719
2332 -0.2936266681301655 0.004534217235888038 11.20633630519551
2333 0.240184479564219 -0.1721434027121382 12.90733766127002
2334 0.003489001161507035 0.3083751740332645 13.66063545286349
2335 0.03874466214255626 -0.3133219997104926 9.860929029409485
2336 -0.2763370199067464 0.105321806032268 11.77662619287146
2337 0.2716193563636946 -0.1061840867268505 2.291198310637301
2338 -0.243305978207267 -0.1964663817212005 12.72898871114933
2339 0.2782569144061418 0.13012142667177 18.55931611615034
2340 -0.06226881890175907 -0.2933307078955405 11.30480721147812
2341 0.008410261442342568 -0.00593507338276162 15.62493797411202
2342 0.006928156571616884 -0.0002935061501084385 4.327605362297466
2343 0.0297975596488988 0.3051182365379088 9.425824773506276
2344 0.01048986474162633 -0.002935092180142568 4.77144569678542
2345 -0.3007876951975689 0.05357892849256568 9.445368888159052
2346 0.08613289780017068 0.291755580637337 1.172731680330963
2347 -0.3095034142823203 0.03898937081583909 13.71079944950944
2348 0.01922240235888671 -0.3118111990813877 8.036417062594779
2349 -0.004292094770481009 -0.3037199061668516 17.73168208462056
2350 0.1769264078671869 -0.2589543930595045 1.38324309852098
2351 0.2856041439508508 -0.1148178008511864 10.3774643892479
2352 -0.07372202016395257 0.3065540673190503 4.372798008728606
2353 0.009682922922588433 -0.006716890804088172 6.927428353806125
2354 0.1720483362029522 0.2537084157839053 3.804925911148769
2355 -0.006377540304077223 0.004426638008122097 17.7444994902335
2356 0.2339526997090917 -0.1790248263345224 14.75914957170798
2357 0.1977038662840307 0.230014521577283 10.19299504469408
2358 0.007843362139289267 0.003766767857827841 7.300639352144717
2359 0.03821561218102609 0.0341780642722988 2.066435558289814
2360 0.29465058683608 -0.04375988897543385 2.772073898687056
2361 -0.008776645558064069 0.03946521255689193 3.917089850274
2362 0.2664254017376064 -0.1374767843217503 4.879349223732975
2363 0.189441504007901 -0.2569405174682876 7.773353185156387
2364 -0.3000705382708438 -0.02710294957286961 17.64402715647249
2365 -0.2326048583508017 0.1836389922666777 14.05858036711812
2366 -0.1892735678020926 -0.2461952371152459 4.64533255273394
2367 -0.2184043094298153 0.2303354391548854 16.3015347851366
2368 0.01773106237997108 0.03480009799899755 2.722586989835667
2369 -0.2890012727739587 0.07171757089788601 8.965938977420036
2370 0.2858300879965633 0.08378274735577722 2.610899924158978
2371 0.04442688514572423 -0.3142280716921481 3.478309935647166
2372 0.3019949636577367 -0.09012102818181855 9.969480924220656
2373 0.2032105595666829 -0.2327675046445677 8.290341146559925
2374 0.1516666549590583 -0.25276380501913 10.64558345330009
2375 0.05179376471682574 -0.314290005784388 10.45655424802675
2376 -0.3092246903126195 -0.04805995270951333 14.8816159716267
2377 -0.01208764976054502 0.006077107419720645 7.711319447762614
2378 -0.01009528155187155 -0.3161244787071852 1.808515428443885
2379 -0.03105219059069114 -0.0613606645864114 16.88054481601395
2380 -0.2831187020574825 -0.1384652007411515 16.82305992882145
2381 -0.2608940505364262 0.1662370516000705 0.7595779364825184
2382 -0.02835016871066064 -0.05018803749158113 10.98732311442505
2383 0.292151637211719 -0.07919744028149514 7.425308592088606
2384 0.2673693960804594 0.1578164656666894 17.70910797074193
2385 0.04943544147389606 -0.01530434009457293 1.23744882440913
2386 -0.01803057967361696 -0.06265513064052432 12.68122599751186
2387 0.007337443653255281 -0.002354264363839737 14.0730770642924
2388 0.004935793219579175 0.01229228490493708 18.15488669430322
2389 0.3185898205461176 -0.02016333338421418 6.477061189233951
2390 -0.00224163318731338 0.005218115832158031 12.28600246084737
2391 -0.01779989494919651 0.3035120763279634 3.162512834267089
2392 0.0312518799596096 0.03589779511093817 10.39214489332744
2393 0.1280998933543839 0.2675994593174708 14.23556874180363
2394 -0.009104263626658615 0.003120922919663122 9.351636256422086
2395 0.1604711532683681 -0.2500168812336257 10.04492238386095
2396 0.006064885068826403 -0.003032155000434811 16.36785650807592
2397 -0.3121630071323953 -0.08599170602936396 8.455654198482154
2398 -0.2930213662411542 0.06993207375951646 5.195615506693738
2399 -0.02420499347082881 0.04520957440313747 3.122026634028044
2400 0.2559760001507913 -0.1661031126179169 18.26887229075434
2401 -0.00308435309365529 0.007329491854364448 17.31622757549473
2402 0.2743608724449316 0.1470046672837989 18.33839165281635
2403 0.1037683086715513 0.3003526064836867 0.7719981622167779
2404 -0.003365452467302688 -0.001498363291320332 8.915455128555383
2405 0.1429922309792094 -0.2900719084363307 16.93053554707852
2406 -0.1012405580836925 0.2930000861430241 18.29688380234422
2407 -0.009358588335765708 0.002578597144383799 14.7713212736834
2408 0.006338510793771554 -0.0009523638516223398 15.2235582911838
2409 -0.2537637782769043 -0.1725293866457766 1.315932829044868
2410 0.002950373935869305 -0.004046015242582926 11.79508155483403
2411 0.1359029503748495 0.2730723623530548 0.3874704555155597
2412 0.101145487906499 -0.3005349339044481 14.04085407461614
2413 0.02180630925295786 0.0009053911571015039 0.8395304888412828
2414 -0.315615908562331 -0.08111669748089573 15.62231947788326
2415 -0.311014414423928 -0.05779710712559375 7.600516377517255
2416 -0.01620097122977876 0.3151936041313078 8.990529151688337
2417 0.1455986796666597 0.2863791178355032 12.53884082052488
2418 -0.01525648354620333 -0.322286128590734 0.6113524364543479
2419 -0.1761399081479623 0.2715791687180792 8.452609639231015
2420 0.0009418970988947784 -0.3145305917470683 16.33082261235401
2421 0.0269602957343708 0.04403346757873107 13.38410296126395
2422 0.2780959598154719 0.1285011459634214 1.370552985810989
2423 -0.06571115437634181 0.3076616291592987 4.749888586178972
2424 0.2135700737519284 0.2290460962903204 15.66293597816477
2425 -0.2674526624583812 -0.1551666465933771 13.60559073750323
2426 -0.03689240066088326 -0.03433977624712434 10.59576465208709
2427 -0.1900615406868743 -0.257441359457096 2.053015891575587
2428 -0.03676434109914391 -0.03433023082654571 9.998496760014472
2429 0.03155929578739941 -0.3122403041458318 13.21027315701036
2430 -0.1663011698939046 -0.2797658945020782 3.274442871117279
2431 -0.3029485404447316 -0.06595680127034043 18.32834141054974
2432 -0.1283952386275945 -0.2969218388665203 8.457290249594831
2433 0.02267278155795523 0.04288858185124937 6.020228116017395
2434 0.3216595577359733 -0.003570149308659074 11.44850264335564
2435 0.125175335245367 -0.2934503318411342 2.198010778686939
2436 0.2579358938044274 0.1631167750468613 1.751566379920108
2437 -0.3060958720192439 -0.1065462895232006 16.41639505741234
2438 -0.2054667149823114 -0.2387942332871733 8.780824707535084
2439 0.07207776795921561 0.3129162000612251 1.46442778461705
2440 0.01127605257692801 -0.01535119678631243 1.834870520260806
2441 0.001969927581382397 0.01416185541301958 11.49369295104007
2442 -0.01392055494186625 -0.005484303524591823 16.06974441573041
2443 -0.01102041801688671 -0.01737847651135271 8.001967059402224
2444 -0.04137229982999398 0.3126248632365585 0.6270449645485066
2445 -0.00550419925241849 0.0403715398115275 5.212414176009933
2446 0.1661210518772647 -0.253986319455397 6.831294493402638
2447 -0.01191662443294239 -0.01055367747777934 13.77985992947196
2448 0.0121517182695692 0.01011899381267031 14.47701549412939
2449 -0.0005623617806123637 -0.001661090529136461 6.519855372434006
2450 -0.001228146874027315 -0.001137395646438583 8.511540221859502
2451 -0.2661293149170218 0.1910538676418161 1.584753142763543
2452 0.07853324473943384 -0.3181452090551157 6.470209132305071
2453 0.2772717111100175 -0.1362019993360183 17.86739831398023
2454 -0.3028703752820243 -0.1223814276747861 9.645891467962493
2455 -0.2573189452491171 0.1696134974744314 2.231723720921013
$EndNodes
$Elements
9035
1 4 2 1 1 642 1927 1873 2287
2 4 2 1 1 1789 1826 1812 1926
3 4 2 1 1 1812 1826 1789 1922
4 4 2 1 1 76 1993 1874 2213
5 4 2 1 1 1947 1973 233 1982
6 4 2 1 1 645 1873 2226 2287
7 4 2 1 1 1880 2075 1353 2107
8 4 2 1 1 1344 1510 1863 2075
9 4 2 1 1 1355 1806 405 1992
10 4 2 1 1 76 1832 1993 2213
11 4 2 1 1 1074 1977 1866 2199
12 4 2 1 1 645 1873 2067 2226
13 4 2 1 1 1784 1829 1815 1903
14 4 2 1 1 1072 1949 2008 2270
15 4 2 1 1 1789 1822 1817 1905
16 4 2 1 1 1253 1824 2039 2083
17 4 2 1 1 1947 1982 233 2169
18 4 2 1 1 748 2064 1884 2130
19 4 2 1 1 1112 1971 1903 2248
20 4 2 1 1 581 2158 2118 2343
21 4 2 1 1 405 1806 1355 2336
22 4 2 1 1 171 1874 76 1993
23 4 2 1 1 1790 1825 1816 1917
24 4 2 1 1 1583 130 2009 2356
25 4 2 1 1 95 1889 2121 2191
26 4 2 1 1 1919 976 1976 2246
27 4 2 1 1 1814 1824 1796 1915
28 4 2 1 1 1112 1903 2149 2248
29 4 2 1 1 2020 2149 1117 2200
30 4 2 1 1 1816 1825 1790 1924
31 4 2 1 1 1796 1824 1814 1923
32 4 2 1 1 1813 1821 1775 1904
33 4 2 1 1 1815 1829 1784 1920
34 4 2 1 1 1901 2018 454 2050
35 4 2 1 1 1887 2053 1274 2180
36 4 2 1 1 1817 1822 1789 1928
37 4 2 1 1 1510 1863 2075 2230
38 4 2 1 1 95 2121 1104 2191
39 4 2 1 1 144 2025 1845 2036
40 4 2 1 1 271 1922 272 1981
41 4 2 1 1 1279 1930 1955 2217
42 4 2 1 1 642 713 1873 1927
43 4 2 1 1 1866 1986 1635 2046
44 4 2 1 1 1775 1821 1813 1912
45 4 2 1 1 1217 1811 1218 2003
46 4 2 1 1 272 1981 1922 2235
47 4 2 1 1 1994 2226 1873 2287
48 4 2 1 1 1869 1978 1263 2081
49 4 2 1 1 95 196 1889 2191
50 4 2 1 1 1353 1880 1525 2075
51 4 2 1 1 95 1104 196 2191
52 4 2 1 1 1635 1986 1866 2256
53 4 2 1 1 1866 1977 1074 2182
54 4 2 1 1 977 1986 1635 2256
55 4 2 1 1 581 1935 2158 2343
56 4 2 1 1 883 1856 884 2033
57 4 2 1 1 485 2291 1987 2381
58 4 2 1 1 1200 2056 1980 2186
59 4 2 1 1 171 76 1874 2213
60 4 2 1 1 1891 2020 1116 2200
61 4 2 1 1 1949 1987 484 2008
62 4 2 1 1 884 2033 1856 2255
63 4 2 1 1 791 2021 1894 2312
64 4 2 1 1 405 1992 1806 2210
65 4 2 1 1 1072 1912 716 1949
66 4 2 1 1 28 1871 1965 2260
67 4 2 1 1 1218 1811 1217 2365
68 4 2 1 1 1839 2021 1706 2111
69 4 2 1 1 1676 2046 1986 2171
70 4 2 1 1 1874 171 2079 2263
71 4 2 1 1 485 2008 1987 2291
72 4 2 1 1 76 1832 192 1993
73 4 2 1 1 1676 156 2046 2171
74 4 2 1 1 1901 2050 454 2062
75 4 2 1 1 1877 1931 353 2220
76 4 2 1 1 628 1917 1955 2084
77 4 2 1 1 1811 2003 1217 2218
78 4 2 1 1 1849 2005 79 2055
79 4 2 1 1 272 1922 2192 2235
80 4 2 1 1 1343 1344 1510 1863
81 4 2 1 1 1816 2013 1653 2076
82 4 2 1 1 1072 1912 1949 2270
83 4 2 1 1 791 2161 2021 2312
84 4 2 1 1 1177 2005 1857 2055
85 4 2 1 1 1740 181 1909 2098
86 4 2 1 1 1332 2058 1834 2168
87 4 2 1 1 1502 2006 1841 2238
88 4 2 1 1 1776 1827 1820 1947
89 4 2 1 1 1784 1828 1818 1958
90 4 2 1 1 1820 1827 1776 1884
91 4 2 1 1 1218 1811 2220 2347
92 4 2 1 1 1449 1881 1985 2118
93 4 2 1 1 1818 1828 1784 1891
94 4 2 1 1 1332 2058 2168 2308
95 4 2 1 1 1074 1866 1033 2199
96 4 2 1 1 47 1812 1969 2187
97 4 2 1 1 1253 2039 1373 2083
98 4 2 1 1 716 1072 1392 1912
99 4 2 1 1 1274 2053 1268 2180
100 4 2 1 1 1649 1830 2044 2060
101 4 2 1 1 2118 2158 1935 2343
102 4 2 1 1 1639 1993 1832 2254
103 4 2 1 1 1645 2005 1849 2132
104 4 2 1 1 1502 1841 1317 2238
105 4 2 1 1 1218 2220 1811 2365
106 4 2 1 1 444 1263 1869 1978
107 4 2 1 1 47 1969 1812 2238
108 4 2 1 1 1253 1373 1824 2083
109 4 2 1 1 883 884 1856 2255
110 4 2 1 1 483 485 1987 2381
111 4 2 1 1 939 1919 976 1976
112 4 2 1 1 1894 2021 791 2143
113 4 2 1 1 1676 1635 1986 2046
114 4 2 1 1 1645 1849 1153 2132
115 4 2 1 1 257 1872 1964 2366
116 4 2 1 1 702 2002 1861 2012
117 4 2 1 1 257 1964 1872 2146
118 4 2 1 1 949 2052 947 2062
119 4 2 1 1 519 1951 1891 1991
120 4 2 1 1 1453 2084 2003 2085
121 4 2 1 1 1976 2246 976 2356
122 4 2 1 1 802 2074 1910 2113
123 4 2 1 1 1674 2046 156 2171
124 4 2 1 1 693 748 1884 2130
125 4 2 1 1 1449 1985 1887 2118
126 4 2 1 1 716 1912 1392 1949
127 4 2 1 1 1827 1884 1820 2368
128 4 2 1 1 1132 2012 1861 2103
129 4 2 1 1 577 2012 1940 2102
130 4 2 1 1 1200 532 1980 2056
131 4 2 1 1 1175 1449 1881 1985
132 4 2 1 1 1874 611 2232 2285
133 4 2 1 1 1923 2100 1270 2306
134 4 2 1 1 1352 2075 1862 2107
135 4 2 1 1 1453 1825 2084 2085
136 4 2 1 1 484 1987 485 2008
137 4 2 1 1 1277 1868 1330 1930
138 4 2 1 1 1127 1902 2112 2279
139 4 2 1 1 1817 1905 1822 2445
140 4 2 1 1 1147 1859 1995 2010
141 4 2 1 1 1270 1923 1984 2100
142 4 2 1 1 977 1831 1986 2256
143 4 2 1 1 1816 2076 1653 2429
144 4 2 1 1 272 1922 271 2192
145 4 2 1 1 642 2173 1927 2287
146 4 2 1 1 484 483 485 1987
147 4 2 1 1 1505 2220 1218 2365
148 4 2 1 1 1911 399 2207 2237
149 4 2 1 1 353 1877 1182 1931
150 4 2 1 1 1974 2112 1902 2279
151 4 2 1 1 676 1838 2082 2109
152 4 2 1 1 484 1949 482 1987
153 4 2 1 1 1365 2012 577 2102
154 4 2 1 1 1821 1904 1813 2385
155 4 2 1 1 1828 1891 1818 2361
156 4 2 1 1 1268 2180 2053 2223
157 4 2 1 1 1892 1040 2077 2152
158 4 2 1 1 1875 2120 1988 2196
159 4 2 1 1 1024 1892 2025 2152
160 4 2 1 1 1153 1849 1645 2005
161 4 2 1 1 1674 1846 2046 2171
162 4 2 1 1 248 2020 2024 2149
163 4 2 1 1 1874 1993 171 2263
164 4 2 1 1 1679 2025 2036 2405
165 4 2 1 1 1965 2064 748 2130
166 4 2 1 1 248 2024 246 2149
167 4 2 1 1 883 1856 2033 2053
168 4 2 1 1 1461 1423 1460 2110
169 4 2 1 1 43 2015 1822 2063
170 4 2 1 1 1645 1941 2005 2132
171 4 2 1 1 691 1891 1116 2200
172 4 2 1 1 1826 2054 1229 2235
173 4 2 1 1 1317 2238 1841 2389
174 4 2 1 1 1966 1977 678 2104
175 4 2 1 1 1352 1862 404 2107
176 4 2 1 1 444 331 1263 1978
177 4 2 1 1 79 2005 187 2055
178 4 2 1 1 1525 2075 1880 2094
179 4 2 1 1 153 1887 1449 1985
180 4 2 1 1 1969 2054 697 2272
181 4 2 1 1 1280 1279 1930 1955
182 4 2 1 1 1815 1903 1829 2399
183 4 2 1 1 1211 2031 1826 2192
184 4 2 1 1 1218 2003 1811 2347
185 4 2 1 1 151 1822 43 2015
186 4 2 1 1 1903 1117 2149 2200
187 4 2 1 1 1911 2207 376 2437
188 4 2 1 1 812 1827 194 2035
189 4 2 1 1 2048 2111 212 2327
190 4 2 1 1 1859 2140 551 2151
191 4 2 1 1 1816 2044 1176 2288
192 4 2 1 1 1812 2006 1478 2238
193 4 2 1 1 927 1830 1649 2060
194 4 2 1 1 192 1832 1639 1993
195 4 2 1 1 1639 1993 2254 2298
196 4 2 1 1 293 1933 294 2004
197 4 2 1 1 729 2019 1848 2104
198 4 2 1 1 595 1823 685 2028
199 4 2 1 1 444 1978 1869 2210
200 4 2 1 1 1505 1218 2220 2347
201 4 2 1 1 47 1812 1480 2238
202 4 2 1 1 1948 2127 465 2202
203 4 2 1 1 804 1910 802 2074
204 4 2 1 1 1831 2052 949 2062
205 4 2 1 1 1211 1212 2031 2192
206 4 2 1 1 1083 2018 1901 2115
207 4 2 1 1 1676 1674 156 2171
208 4 2 1 1 482 484 716 1949
209 4 2 1 1 519 692 1951 1991
210 4 2 1 1 1274 2053 1887 2315
211 4 2 1 1 210 212 2048 2111
212 4 2 1 1 921 1816 1653 2429
213 4 2 1 1 977 1831 951 1986
214 4 2 1 1 194 2035 1827 2337
215 4 2 1 1 1823 2028 595 2124
216 4 2 1 1 1577 1979 1834 2205
217 4 2 1 1 723 2082 1838 2147
218 4 2 1 1 1399 1953 1884 2000
219 4 2 1 1 1838 2109 676 2265
220 4 2 1 1 171 1294 1874 2079
221 4 2 1 1 1918 1960 441 2122
222 4 2 1 1 2054 2071 1229 2235
223 4 2 1 1 1966 2104 678 2322
224 4 2 1 1 519 692 1891 1951
225 4 2 1 1 677 2019 729 2104
226 4 2 1 1 1480 47 133 1812
227 4 2 1 1 1728 1898 1702 2098
228 4 2 1 1 1335 1834 1577 1979
229 4 2 1 1 1381 1988 1967 2383
230 4 2 1 1 353 1972 1877 2220
231 4 2 1 1 1480 1812 1478 2238
232 4 2 1 1 1176 191 1816 2288
233 4 2 1 1 80 79 187 2055
234 4 2 1 1 1352 1353 2075 2107
235 4 2 1 1 1873 1957 1099 2289
236 4 2 1 1 1278 1930 1279 2217
237 4 2 1 1 1063 2207 399 2237
238 4 2 1 1 1892 2077 1040 2304
239 4 2 1 1 434 1988 2120 2196
240 4 2 1 1 1317 1841 1502 2389
241 4 2 1 1 1915 1956 1246 2114
242 4 2 1 1 434 2120 1875 2196
243 4 2 1 1 1280 1955 1930 2334
244 4 2 1 1 1250 2106 2041 2122
245 4 2 1 1 989 2076 1952 2141
246 4 2 1 1 473 2074 1813 2142
247 4 2 1 1 1645 911 1941 2132
248 4 2 1 1 1251 591 2100 2250
249 4 2 1 1 1377 1453 1825 2084
250 4 2 1 1 702 1861 1132 2012
251 4 2 1 1 1453 1376 2003 2084
252 4 2 1 1 1653 1816 191 2013
253 4 2 1 1 376 1911 374 2207
254 4 2 1 1 1200 2056 2186 2423
255 4 2 1 1 294 2004 1933 2058
256 4 2 1 1 473 1813 222 2142
257 4 2 1 1 376 375 1911 2437
258 4 2 1 1 566 1921 2168 2301
259 4 2 1 1 551 2140 2049 2151
260 4 2 1 1 293 294 295 2004
261 4 2 1 1 36 2065 1828 2268
262 4 2 1 1 660 679 2228 2367
263 4 2 1 1 1621 1608 2133 2214
264 4 2 1 1 1629 2041 1855 2057
265 4 2 1 1 1997 2228 679 2367
266 4 2 1 1 1238 1843 1527 2049
267 4 2 1 1 1611 1855 2042 2070
268 4 2 1 1 1258 2028 1823 2331
269 4 2 1 1 1258 2164 2028 2331
270 4 2 1 1 1253 1558 1373 2039
271 4 2 1 1 1919 941 2121 2191
272 4 2 1 1 1577 1834 1335 2205
273 4 2 1 1 1510 2075 2094 2230
274 4 2 1 1 1393 465 2127 2202
275 4 2 1 1 521 692 1991 2153
276 4 2 1 1 1112 2149 1612 2248
277 4 2 1 1 1951 1991 692 2153
278 4 2 1 1 1899 2056 1160 2258
279 4 2 1 1 1919 2115 941 2191
280 4 2 1 1 1873 1927 713 2229
281 4 2 1 1 1352 404 1349 2107
282 4 2 1 1 1926 1969 697 2272
283 4 2 1 1 1024 1040 1892 2152
284 4 2 1 1 1816 1917 1825 2421
285 4 2 1 1 1853 2133 1608 2214
286 4 2 1 1 1824 1915 1814 2428
287 4 2 1 1 767 1837 1965 2262
288 4 2 1 1 36 1452 2065 2268
289 4 2 1 1 778 2088 1839 2111
290 4 2 1 1 135 2017 1828 2068
291 4 2 1 1 324 1945 2106 2332
292 4 2 1 1 1600 1238 1527 2049
293 4 2 1 1 874 2034 1840 2091
294 4 2 1 1 1877 1972 353 2247
295 4 2 1 1 558 2069 1864 2105
296 4 2 1 1 1250 1960 2106 2122
297 4 2 1 1 739 723 1838 2147
298 4 2 1 1 405 328 1992 2210
299 4 2 1 1 319 441 1960 2122
300 4 2 1 1 1084 2050 1911 2062
301 4 2 1 1 509 1971 1953 2078
302 4 2 1 1 1728 1738 1715 1898
303 4 2 1 1 1099 1957 1873 2229
304 4 2 1 1 1063 1997 2207 2237
305 4 2 1 1 877 1852 1573 2034
306 4 2 1 1 989 1924 2076 2141
307 4 2 1 1 678 1977 1966 2367
308 4 2 1 1 1824 2100 591 2250
309 4 2 1 1 1406 1958 2017 2371
310 4 2 1 1 1344 1863 1342 2075
311 4 2 1 1 42 2015 43 2063
312 4 2 1 1 1876 2130 1965 2262
313 4 2 1 1 555 2105 558 2170
314 4 2 1 1 1882 1911 375 2437
315 4 2 1 1 185 2057 1855 2277
316 4 2 1 1 558 2105 1864 2170
317 4 2 1 1 947 2062 2052 2300
318 4 2 1 1 1611 2042 1855 2317
319 4 2 1 1 1257 685 595 1823
320 4 2 1 1 264 2037 1817 2309
321 4 2 1 1 847 1812 1479 2022
322 4 2 1 1 1296 1874 611 2232
323 4 2 1 1 509 511 1971 2078
324 4 2 1 1 1520 2183 1967 2363
325 4 2 1 1 1176 84 191 2288
326 4 2 1 1 1537 1813 473 2074
327 4 2 1 1 931 2009 1983 2101
328 4 2 1 1 697 2054 1969 2219
329 4 2 1 1 1828 2279 1125 2354
330 4 2 1 1 1843 1527 2049 2302
331 4 2 1 1 1621 2133 1964 2214
332 4 2 1 1 633 1217 2003 2218
333 4 2 1 1 1033 1074 1034 1866
334 4 2 1 1 1034 1866 1074 2182
335 4 2 1 1 331 1978 444 2210
336 4 2 1 1 174 1696 1717 1909
337 4 2 1 1 84 1176 2044 2288
338 4 2 1 1 473 1537 1431 1813
339 4 2 1 1 1926 2031 540 2165
340 4 2 1 1 100 1866 1635 2046
341 4 2 1 1 264 1817 266 2309
342 4 2 1 1 1701 1996 1860 2259
343 4 2 1 1 1971 2078 511 2391
344 4 2 1 1 1806 1992 1355 2209
345 4 2 1 1 1911 2207 1997 2237
346 4 2 1 1 1033 1866 2046 2199
347 4 2 1 1 60 2103 1861 2176
348 4 2 1 1 676 1838 723 2082
349 4 2 1 1 194 1827 2064 2337
350 4 2 1 1 1874 2079 1296 2285
351 4 2 1 1 1807 2228 1997 2367
352 4 2 1 1 611 1874 1296 2285
353 4 2 1 1 36 1452 37 2065
354 4 2 1 1 1676 156 1635 2046
355 4 2 1 1 1551 2164 1258 2331
356 4 2 1 1 1852 1985 1570 2162
357 4 2 1 1 1597 887 1814 2033
358 4 2 1 1 170 1849 79 2055
359 4 2 1 1 750 1706 2021 2111
360 4 2 1 1 1033 1866 141 2046
361 4 2 1 1 1570 1985 1852 2240
362 4 2 1 1 1829 2215 2078 2391
363 4 2 1 1 1584 1872 257 2366
364 4 2 1 1 1828 2065 1125 2279
365 4 2 1 1 1006 850 1477 2073
366 4 2 1 1 1478 1479 847 1812
367 4 2 1 1 1510 1343 1863 2230
368 4 2 1 1 246 2149 2024 2430
369 4 2 1 1 376 375 374 1911
370 4 2 1 1 75 1832 76 2213
371 4 2 1 1 1981 2006 1477 2208
372 4 2 1 1 434 1988 1223 2120
373 4 2 1 1 540 2031 1926 2272
374 4 2 1 1 660 2228 1807 2367
375 4 2 1 1 353 1931 351 2220
376 4 2 1 1 265 264 266 2309
377 4 2 1 1 802 1904 2074 2113
378 4 2 1 1 1812 1926 1826 2433
379 4 2 1 1 75 192 76 1832
380 4 2 1 1 1806 2209 1355 2336
381 4 2 1 1 1251 591 590 2100
382 4 2 1 1 1132 1861 1130 2103
383 4 2 1 1 1886 2093 398 2110
384 4 2 1 1 543 697 2054 2272
385 4 2 1 1 1728 1732 1738 1898
386 4 2 1 1 1835 2111 2048 2327
387 4 2 1 1 1551 2028 1258 2164
388 4 2 1 1 1642 1270 2100 2306
389 4 2 1 1 602 2045 1895 2167
390 4 2 1 1 1478 2006 1812 2208
391 4 2 1 1 692 1115 1891 1951
392 4 2 1 1 702 573 2002 2012
393 4 2 1 1 1573 2034 1852 2162
394 4 2 1 1 927 1649 925 2060
395 4 2 1 1 328 2166 1992 2210
396 4 2 1 1 1122 2078 2215 2391
397 4 2 1 1 1147 1859 2010 2140
398 4 2 1 1 2009 2101 931 2231
399 4 2 1 1 1814 2033 887 2335
400 4 2 1 1 1068 2290 2080 2312
401 4 2 1 1 1953 2000 1398 2078
402 4 2 1 1 1806 405 2210 2336
403 4 2 1 1 1597 2033 1814 2223
404 4 2 1 1 1147 1995 1145 2010
405 4 2 1 1 434 1223 1988 2196
406 4 2 1 1 519 521 692 1991
407 4 2 1 1 353 1182 351 1931
408 4 2 1 1 1649 2044 1830 2217
409 4 2 1 1 366 1886 398 2110
410 4 2 1 1 1036 1867 182 2048
411 4 2 1 1 508 1953 1399 2000
412 4 2 1 1 454 2018 369 2050
413 4 2 1 1 877 1852 2034 2091
414 4 2 1 1 912 2005 1941 2072
415 4 2 1 1 1555 1964 1851 2214
416 4 2 1 1 475 1973 1947 2035
417 4 2 1 1 1240 551 2049 2151
418 4 2 1 1 303 2001 1897 2125
419 4 2 1 1 947 946 2062 2300
420 4 2 1 1 157 1965 1837 2260
421 4 2 1 1 399 1911 2050 2237
422 4 2 1 1 1851 1964 1555 2146
423 4 2 1 1 28 1965 157 2260
424 4 2 1 1 692 1115 519 1891
425 4 2 1 1 1888 2129 1178 2188
426 4 2 1 1 634 633 1217 2003
427 4 2 1 1 660 2182 1977 2367
428 4 2 1 1 562 2278 2069 2301
429 4 2 1 1 1901 2062 946 2300
430 4 2 1 1 897 2041 1629 2057
431 4 2 1 1 1160 2056 1899 2063
432 4 2 1 1 975 1983 931 2009
433 4 2 1 1 1491 1833 1106 1994
434 4 2 1 1 1833 1994 1491 2264
435 4 2 1 1 1812 2022 847 2208
436 4 2 1 1 666 1896 667 2019
437 4 2 1 1 732 1990 730 2127
438 4 2 1 1 609 1296 611 2232
439 4 2 1 1 1365 2012 2102 2419
440 4 2 1 1 1701 1860 1996 2349
441 4 2 1 1 508 1884 1399 1953
442 4 2 1 1 1890 562 2069 2301
443 4 2 1 1 1480 133 1478 1812
444 4 2 1 1 1737 1729 1696 1909
445 4 2 1 1 1849 2055 170 2150
446 4 2 1 1 1807 660 2182 2228
447 4 2 1 1 1804 1864 1843 2358
448 4 2 1 1 1176 1816 1656 2044
449 4 2 1 1 1217 1811 2218 2365
450 4 2 1 1 95 2121 1889 2131
451 4 2 1 1 1896 2019 666 2104
452 4 2 1 1 1477 2006 850 2208
453 4 2 1 1 977 1670 1831 2256
454 4 2 1 1 263 265 1961 2037
455 4 2 1 1 1893 2001 305 2125
456 4 2 1 1 442 2041 1250 2106
457 4 2 1 1 303 305 2001 2125
458 4 2 1 1 442 1945 2041 2106
459 4 2 1 1 493 1913 2225 2262
460 4 2 1 1 1230 1229 1826 2054
461 4 2 1 1 1176 191 1656 1816
462 4 2 1 1 732 1900 1990 2127
463 4 2 1 1 42 2015 2063 2362
464 4 2 1 1 146 1968 1904 2422
465 4 2 1 1 1520 1809 2183 2363
466 4 2 1 1 617 1525 1880 2094
467 4 2 1 1 660 1807 2182 2367
468 4 2 1 1 1864 2172 1843 2358
469 4 2 1 1 537 2031 1905 2165
470 4 2 1 1 1140 185 1855 2277
471 4 2 1 1 1869 1916 1262 2210
472 4 2 1 1 1330 1930 1868 2218
473 4 2 1 1 336 1862 2075 2134
474 4 2 1 1 789 2021 791 2161
475 4 2 1 1 1804 1843 1865 2358
476 4 2 1 1 1740 181 1516 1909
477 4 2 1 1 604 1925 605 2045
478 4 2 1 1 1112 1612 1971 2248
479 4 2 1 1 604 2045 602 2167
480 4 2 1 1 1701 1425 1860 2349
481 4 2 1 1 730 1990 1885 2127
482 4 2 1 1 1398 1953 508 2000
483 4 2 1 1 1679 1677 1846 2036
484 4 2 1 1 373 1911 1084 2050
485 4 2 1 1 1645 1941 911 2005
486 4 2 1 1 1843 2172 1865 2358
487 4 2 1 1 449 2060 1184 2425
488 4 2 1 1 1502 2006 851 2452
489 4 2 1 1 1502 1841 2006 2452
490 4 2 1 1 1698 1996 2259 2269
491 4 2 1 1 264 265 2037 2309
492 4 2 1 1 1679 1677 978 1846
493 4 2 1 1 1961 2037 265 2309
494 4 2 1 1 1393 2127 1885 2202
495 4 2 1 1 1867 2088 182 2111
496 4 2 1 1 1184 2060 1989 2425
497 4 2 1 1 1147 1995 1859 2219
498 4 2 1 1 2080 2290 1894 2312
499 4 2 1 1 398 1886 364 2093
500 4 2 1 1 1639 1832 1638 2254
501 4 2 1 1 1577 1335 1586 2205
502 4 2 1 1 537 539 2031 2165
503 4 2 1 1 144 2036 1845 2251
504 4 2 1 1 1639 2254 907 2298
505 4 2 1 1 628 1955 711 2084
506 4 2 1 1 366 2018 1886 2110
507 4 2 1 1 449 1931 2060 2425
508 4 2 1 1 1342 2075 1863 2134
509 4 2 1 1 1555 1851 1624 2214
510 4 2 1 1 1374 2039 1935 2083
511 4 2 1 1 1102 2129 1976 2188
512 4 2 1 1 1279 1955 168 2217
513 4 2 1 1 85 1955 84 2044
514 4 2 1 1 1422 224 1998 2074
515 4 2 1 1 975 2009 931 2231
516 4 2 1 1 1908 2040 1207 2047
517 4 2 1 1 1998 2074 224 2142
518 4 2 1 1 1373 2039 1558 2083
519 4 2 1 1 1230 2054 1826 2272
520 4 2 1 1 1843 1864 1804 2170
521 4 2 1 1 951 977 1670 1831
522 4 2 1 1 235 239 237 1947
523 4 2 1 1 1822 2015 151 2323
524 4 2 1 1 336 2075 1345 2134
525 4 2 1 1 369 2050 2018 2414
526 4 2 1 1 1669 2121 941 2191
527 4 2 1 1 239 237 1947 2275
528 4 2 1 1 875 2034 874 2091
529 4 2 1 1 1102 1178 2129 2188
530 4 2 1 1 921 1653 2076 2429
531 4 2 1 1 1913 2014 493 2225
532 4 2 1 1 246 1815 2149 2430
533 4 2 1 1 1809 1520 2183 2261
534 4 2 1 1 1335 1834 1586 2205
535 4 2 1 1 1346 2032 1863 2230
536 4 2 1 1 366 364 398 1886
537 4 2 1 1 1175 1985 1881 2162
538 4 2 1 1 493 494 1913 2262
539 4 2 1 1 1716 1702 1898 2098
540 4 2 1 1 676 739 723 1838
541 4 2 1 1 246 1815 244 2149
542 4 2 1 1 42 2063 1899 2362
543 4 2 1 1 1129 1861 60 2103
544 4 2 1 1 711 2084 1955 2334
545 4 2 1 1 1999 2261 971 2363
546 4 2 1 1 324 1945 323 2106
547 4 2 1 1 508 506 1884 1953
548 4 2 1 1 1268 1923 2180 2223
549 4 2 1 1 1253 2039 1824 2310
550 4 2 1 1 496 1913 1876 2204
551 4 2 1 1 1300 1849 170 2150
552 4 2 1 1 1570 1852 1569 2240
553 4 2 1 1 644 642 713 1873
554 4 2 1 1 907 1639 905 2254
555 4 2 1 1 718 1965 748 2130
556 4 2 1 1 43 1822 1305 2063
557 4 2 1 1 1624 1851 1555 2146
558 4 2 1 1 539 540 2031 2165
559 4 2 1 1 532 1980 2056 2194
560 4 2 1 1 591 1824 1373 2306
561 4 2 1 1 1964 2133 1853 2214
562 4 2 1 1 883 882 884 2255
563 4 2 1 1 1467 1856 883 2053
564 4 2 1 1 1569 1852 1570 2162
565 4 2 1 1 1219 1453 2003 2085
566 4 2 1 1 1817 2038 266 2309
567 4 2 1 1 1354 405 328 1992
568 4 2 1 1 286 1865 2092 2120
569 4 2 1 1 1569 1573 1852 2162
570 4 2 1 1 1522 1880 1353 2107
571 4 2 1 1 789 791 2021 2143
572 4 2 1 1 914 2005 912 2072
573 4 2 1 1 604 1925 2045 2167
574 4 2 1 1 84 2044 1955 2288
575 4 2 1 1 1365 1364 577 2012
576 4 2 1 1 1649 2044 925 2060
577 4 2 1 1 581 1935 584 2158
578 4 2 1 1 209 1036 182 2048
579 4 2 1 1 1271 1923 1270 2306
580 4 2 1 1 133 1479 1812 2022
581 4 2 1 1 1340 1512 1825 2032
582 4 2 1 1 44 1307 1305 1822
583 4 2 1 1 135 36 1828 2017
584 4 2 1 1 468 800 1963 2236
585 4 2 1 1 321 1250 1960 2106
586 4 2 1 1 1527 1843 282 2047
587 4 2 1 1 1169 1969 1926 2187
588 4 2 1 1 802 1910 803 2113
589 4 2 1 1 135 2017 2068 2155
590 4 2 1 1 1861 2002 702 2224
591 4 2 1 1 1949 2270 1912 2385
592 4 2 1 1 767 1837 1691 1965
593 4 2 1 1 977 1635 1675 2256
594 4 2 1 1 267 266 2038 2309
595 4 2 1 1 1147 1166 1145 1995
596 4 2 1 1 1826 2031 1211 2272
597 4 2 1 1 1656 1653 921 1816
598 4 2 1 1 1558 1935 1374 2039
599 4 2 1 1 60 2034 2103 2176
600 4 2 1 1 914 913 912 2005
601 4 2 1 1 1522 1525 1353 1880
602 4 2 1 1 367 1886 366 2018
603 4 2 1 1 413 2203 1817 2398
604 4 2 1 1 1047 732 1900 1990
605 4 2 1 1 1520 971 2261 2363
606 4 2 1 1 883 2033 1567 2053
607 4 2 1 1 949 1831 1670 2052
608 4 2 1 1 1574 1897 300 2102
609 4 2 1 1 1863 2094 2075 2230
610 4 2 1 1 1569 1573 877 1852
611 4 2 1 1 1638 1639 192 1832
612 4 2 1 1 28 1965 1871 2337
613 4 2 1 1 1698 963 1996 2269
614 4 2 1 1 1863 2032 403 2141
615 4 2 1 1 927 1830 2060 2233
616 4 2 1 1 1307 1305 1822 2284
617 4 2 1 1 217 222 1431 1813
618 4 2 1 1 1520 1967 136 2363
619 4 2 1 1 844 843 1928 2022
620 4 2 1 1 1902 2065 161 2108
621 4 2 1 1 1158 1899 1160 2258
622 4 2 1 1 644 642 1873 2287
623 4 2 1 1 133 1812 47 2187
624 4 2 1 1 47 1969 1318 2187
625 4 2 1 1 217 1813 1431 2011
626 4 2 1 1 222 473 1431 1813
627 4 2 1 1 1854 1859 1778 2071
628 4 2 1 1 1927 2009 1266 2229
629 4 2 1 1 1909 2098 1709 2265
630 4 2 1 1 561 1890 562 2069
631 4 2 1 1 844 2022 1928 2294
632 4 2 1 1 1339 1825 1453 2085
633 4 2 1 1 800 2161 1963 2236
634 4 2 1 1 237 236 1947 2275
635 4 2 1 1 1600 2049 1527 2302
636 4 2 1 1 222 1813 217 2409
637 4 2 1 1 1343 1342 1344 1863
638 4 2 1 1 1813 2074 1537 2350
639 4 2 1 1 1934 1947 236 2275
640 4 2 1 1 1300 2079 1849 2150
641 4 2 1 1 239 1947 2169 2275
642 4 2 1 1 1307 1822 44 2061
643 4 2 1 1 442 1945 994 2041
644 4 2 1 1 1847 2045 1481 2332
645 4 2 1 1 1584 2136 1872 2366
646 4 2 1 1 364 2093 1886 2129
647 4 2 1 1 1278 1279 168 2217
648 4 2 1 1 1843 2047 1527 2302
649 4 2 1 1 1098 1873 1099 2289
650 4 2 1 1 1539 263 265 1961
651 4 2 1 1 1821 1912 2270 2385
652 4 2 1 1 1327 1847 1481 2332
653 4 2 1 1 812 194 811 2035
654 4 2 1 1 1520 2261 1809 2363
655 4 2 1 1 252 251 250 1818
656 4 2 1 1 1481 1847 1328 2045
657 4 2 1 1 1825 2032 1512 2257
658 4 2 1 1 1638 2042 1832 2434
659 4 2 1 1 645 1873 646 2067
660 4 2 1 1 1701 1860 777 2259
661 4 2 1 1 1673 947 949 2052
662 4 2 1 1 737 749 1820 2330
663 4 2 1 1 539 2031 540 2272
664 4 2 1 1 617 1880 616 2094
665 4 2 1 1 251 1818 252 2043
666 4 2 1 1 1789 1905 1817 2038
667 4 2 1 1 1459 161 2065 2108
668 4 2 1 1 737 749 459 1820
669 4 2 1 1 553 2049 1914 2170
670 4 2 1 1 755 2080 2411 2444
671 4 2 1 1 1478 1812 847 2208
672 4 2 1 1 1724 1737 1696 1909
673 4 2 1 1 1478 133 1479 1812
674 4 2 1 1 1613 2031 1212 2038
675 4 2 1 1 473 224 2074 2142
676 4 2 1 1 324 2106 418 2332
677 4 2 1 1 591 2100 1824 2306
678 4 2 1 1 989 1952 447 2141
679 4 2 1 1 1586 1834 1332 2058
680 4 2 1 1 1867 756 2087 2403
681 4 2 1 1 1478 849 2006 2208
682 4 2 1 1 244 1815 243 2023
683 4 2 1 1 1843 2049 1238 2170
684 4 2 1 1 1917 2084 628 2257
685 4 2 1 1 81 82 2241 2333
686 4 2 1 1 403 1863 1346 2032
687 4 2 1 1 1567 1467 883 2053
688 4 2 1 1 543 697 545 2054
689 4 2 1 1 702 1130 1132 1861
690 4 2 1 1 1701 1425 777 1860
691 4 2 1 1 170 1300 79 1849
692 4 2 1 1 1307 1822 2061 2284
693 4 2 1 1 711 630 2084 2334
694 4 2 1 1 2008 2270 1949 2385
695 4 2 1 1 1116 1891 1198 2328
696 4 2 1 1 1327 1328 1481 1847
697 4 2 1 1 1453 1512 1377 1825
698 4 2 1 1 1208 1207 1908 2040
699 4 2 1 1 755 2411 754 2444
700 4 2 1 1 1280 711 1955 2334
701 4 2 1 1 1558 2039 1374 2083
702 4 2 1 1 1346 1863 1343 2230
703 4 2 1 1 1920 1962 821 2139
704 4 2 1 1 171 1294 2079 2263
705 4 2 1 1 171 1309 76 2213
706 4 2 1 1 1859 1778 2071 2303
707 4 2 1 1 85 1302 84 1955
708 4 2 1 1 748 763 1884 2064
709 4 2 1 1 883 1856 882 2255
710 4 2 1 1 266 1817 413 2038
711 4 2 1 1 625 1917 2095 2144
712 4 2 1 1 1895 2045 602 2326
713 4 2 1 1 697 545 2054 2219
714 4 2 1 1 1373 1824 2083 2306
715 4 2 1 1 685 1823 1258 2028
716 4 2 1 1 465 2127 1948 2154
717 4 2 1 1 982 1901 454 2062
718 4 2 1 1 802 2074 1904 2350
719 4 2 1 1 2069 2278 1979 2301
720 4 2 1 1 819 821 1962 2139
721 4 2 1 1 1236 1238 2049 2170
722 4 2 1 1 168 1955 85 2217
723 4 2 1 1 1825 1790 2032 2257
724 4 2 1 1 264 266 1817 2398
725 4 2 1 1 1874 2232 1970 2285
726 4 2 1 1 1804 1864 2105 2170
727 4 2 1 1 1979 2205 1577 2415
728 4 2 1 1 81 139 82 2333
729 4 2 1 1 1860 1425 2082 2349
730 4 2 1 1 1099 1873 713 2229
731 4 2 1 1 1332 2168 570 2308
732 4 2 1 1 1920 2017 964 2311
733 4 2 1 1 404 1862 1352 2075
734 4 2 1 1 2031 2038 1613 2203
735 4 2 1 1 354 1972 353 2220
736 4 2 1 1 1340 1825 1339 2253
737 4 2 1 1 1365 1364 2012 2419
738 4 2 1 1 558 559 2069 2105
739 4 2 1 1 1885 2127 1948 2202
740 4 2 1 1 185 1629 1855 2057
741 4 2 1 1 2070 2434 2167 2441
742 4 2 1 1 1177 1647 1857 2005
743 4 2 1 1 1691 1837 157 1965
744 4 2 1 1 271 272 273 1981
745 4 2 1 1 1251 2100 2028 2250
746 4 2 1 1 1212 2038 2031 2192
747 4 2 1 1 509 510 511 2078
748 4 2 1 1 1793 1896 1846 2046
749 4 2 1 1 250 2281 2020 2328
750 4 2 1 1 221 1949 218 2236
751 4 2 1 1 1257 1258 685 1823
752 4 2 1 1 88 1983 1663 2174
753 4 2 1 1 1140 1855 1611 2070
754 4 2 1 1 1827 1934 1820 1947
755 4 2 1 1 1656 2044 1816 2177
756 4 2 1 1 1461 398 2093 2110
757 4 2 1 1 1597 2053 2033 2223
758 4 2 1 1 1042 1907 1866 2182
759 4 2 1 1 591 1253 1373 1824
760 4 2 1 1 1804 2105 1914 2170
761 4 2 1 1 133 2022 1812 2187
762 4 2 1 1 243 1815 244 2430
763 4 2 1 1 252 1818 250 2328
764 4 2 1 1 1859 2071 1854 2303
765 4 2 1 1 1940 2012 577 2239
766 4 2 1 1 1230 1229 1211 1826
767 4 2 1 1 413 2038 1817 2203
768 4 2 1 1 1340 1512 1339 1825
769 4 2 1 1 1740 1516 1729 1909
770 4 2 1 1 90 2009 130 2229
771 4 2 1 1 103 2036 144 2251
772 4 2 1 1 104 1990 2251 2259
773 4 2 1 1 1219 1453 1376 2003
774 4 2 1 1 989 1186 1924 2141
775 4 2 1 1 1266 2009 1927 2174
776 4 2 1 1 1598 1826 1229 2235
777 4 2 1 1 950 1831 949 2062
778 4 2 1 1 1843 2170 1804 2353
779 4 2 1 1 1246 1956 313 2114
780 4 2 1 1 802 804 803 1910
781 4 2 1 1 494 493 1913 2014
782 4 2 1 1 1715 1702 1728 1898
783 4 2 1 1 1480 1478 2006 2238
784 4 2 1 1 65 1268 1274 2053
785 4 2 1 1 1825 1917 1790 2257
786 4 2 1 1 1490 1833 1491 2264
787 4 2 1 1 181 1709 1909 2098
788 4 2 1 1 1248 2292 1918 2375
789 4 2 1 1 459 1820 749 2099
790 4 2 1 1 701 1921 1890 2183
791 4 2 1 1 1863 2094 1879 2386
792 4 2 1 1 1821 2270 2008 2385
793 4 2 1 1 1955 2044 85 2217
794 4 2 1 1 60 2034 61 2103
795 4 2 1 1 1778 1859 1854 2449
796 4 2 1 1 1828 1937 1818 1958
797 4 2 1 1 1525 615 617 1880
798 4 2 1 1 42 1159 1899 2063
799 4 2 1 1 1398 508 1953 2078
800 4 2 1 1 399 1911 372 2050
801 4 2 1 1 1919 1976 938 2325
802 4 2 1 1 518 2068 1891 2200
803 4 2 1 1 1106 1491 1490 1833
804 4 2 1 1 1431 1813 1537 2249
805 4 2 1 1 749 2099 1820 2330
806 4 2 1 1 1171 2165 2061 2187
807 4 2 1 1 1829 2078 1694 2160
808 4 2 1 1 1642 1271 1270 2306
809 4 2 1 1 938 1919 939 1976
810 4 2 1 1 1876 1071 2130 2262
811 4 2 1 1 1213 2031 1613 2203
812 4 2 1 1 1652 1930 1330 2218
813 4 2 1 1 616 2094 1880 2150
814 4 2 1 1 676 2109 478 2265
815 4 2 1 1 1863 1799 2075 2094
816 4 2 1 1 1366 577 1940 2102
817 4 2 1 1 503 506 507 1884
818 4 2 1 1 1796 1856 2033 2163
819 4 2 1 1 250 1818 2281 2328
820 4 2 1 1 1803 1996 1845 2259
821 4 2 1 1 713 1927 1100 2229
822 4 2 1 1 321 1250 319 1960
823 4 2 1 1 439 2163 1915 2335
824 4 2 1 1 861 1939 1529 2179
825 4 2 1 1 244 2149 1815 2248
826 4 2 1 1 863 1988 1939 2314
827 4 2 1 1 1925 2167 2434 2441
828 4 2 1 1 519 1891 518 1991
829 4 2 1 1 1205 1200 2186 2423
830 4 2 1 1 1863 1799 2094 2386
831 4 2 1 1 1781 2030 2198 2295
832 4 2 1 1 1897 300 2102 2438
833 4 2 1 1 1653 2076 2013 2333
834 4 2 1 1 496 686 1913 2204
835 4 2 1 1 508 506 1399 1884
836 4 2 1 1 1601 1953 1114 1971
837 4 2 1 1 507 1884 506 1953
838 4 2 1 1 874 2091 1840 2432
839 4 2 1 1 2026 2292 996 2375
840 4 2 1 1 1113 1112 1612 1971
841 4 2 1 1 1257 1823 595 2198
842 4 2 1 1 1792 1840 2176 2450
843 4 2 1 1 1384 1974 2027 2352
844 4 2 1 1 1792 2176 1861 2450
845 4 2 1 1 503 1884 507 2330
846 4 2 1 1 1822 1905 1789 2061
847 4 2 1 1 1989 2085 346 2425
848 4 2 1 1 1820 1934 1827 2368
849 4 2 1 1 1914 2049 553 2140
850 4 2 1 1 244 1400 2149 2248
851 4 2 1 1 1742 1943 1744 2128
852 4 2 1 1 1175 1449 1174 1881
853 4 2 1 1 571 702 573 2002
854 4 2 1 1 1914 2105 555 2170
855 4 2 1 1 1111 1117 1903 2200
856 4 2 1 1 1175 62 1985 2162
857 4 2 1 1 861 2145 1939 2179
858 4 2 1 1 1871 1910 808 2178
859 4 2 1 1 1893 1935 1802 2125
860 4 2 1 1 194 2064 1827 2370
861 4 2 1 1 1384 2027 1974 2112
862 4 2 1 1 1882 2207 1911 2437
863 4 2 1 1 1829 1903 1784 2215
864 4 2 1 1 1340 2032 1825 2253
865 4 2 1 1 449 1183 1184 2060
866 4 2 1 1 346 2085 1989 2253
867 4 2 1 1 1520 136 1967 2183
868 4 2 1 1 1711 1838 1515 2098
869 4 2 1 1 1976 2129 1888 2188
870 4 2 1 1 2020 2281 1818 2328
871 4 2 1 1 693 718 748 2130
872 4 2 1 1 496 1876 1385 2204
873 4 2 1 1 1701 1698 1996 2259
874 4 2 1 1 1597 887 1602 1814
875 4 2 1 1 553 556 2049 2170
876 4 2 1 1 207 2088 778 2111
877 4 2 1 1 665 1896 666 2104
878 4 2 1 1 1809 2261 1999 2363
879 4 2 1 1 1047 1990 1900 2251
880 4 2 1 1 562 1890 564 2301
881 4 2 1 1 90 1266 2009 2229
882 4 2 1 1 1711 1515 1838 2265
883 4 2 1 1 1084 454 2050 2062
884 4 2 1 1 555 557 558 2105
885 4 2 1 1 1205 2186 1853 2423
886 4 2 1 1 1198 1891 1115 1951
887 4 2 1 1 1656 191 1653 1816
888 4 2 1 1 1804 2170 1914 2353
889 4 2 1 1 1084 2062 1911 2227
890 4 2 1 1 1838 1515 2098 2265
891 4 2 1 1 1332 1834 1331 2168
892 4 2 1 1 1949 2011 218 2236
893 4 2 1 1 767 1665 1837 2262
894 4 2 1 1 1248 996 2292 2375
895 4 2 1 1 265 1539 1961 2309
896 4 2 1 1 1953 1971 1601 2099
897 4 2 1 1 1854 2071 1604 2151
898 4 2 1 1 257 1872 1584 2146
899 4 2 1 1 832 2108 1872 2175
900 4 2 1 1 1793 1846 1896 2379
901 4 2 1 1 248 2024 2020 2281
902 4 2 1 1 542 1211 2031 2272
903 4 2 1 1 1813 2011 217 2409
904 4 2 1 1 1063 1997 1062 2207
905 4 2 1 1 1793 1896 1848 2379
906 4 2 1 1 1278 1280 1279 1930
907 4 2 1 1 99 1635 100 1866
908 4 2 1 1 605 2045 1925 2209
909 4 2 1 1 1305 2063 1822 2284
910 4 2 1 1 1024 2025 1892 2269
911 4 2 1 1 1200 529 2056 2423
912 4 2 1 1 1406 2017 1958 2268
913 4 2 1 1 951 1986 1831 2420
914 4 2 1 1 1461 1460 398 2110
915 4 2 1 1 426 2136 1584 2366
916 4 2 1 1 864 1988 863 2314
917 4 2 1 1 2209 2232 1535 2336
918 4 2 1 1 1857 2005 1647 2296
919 4 2 1 1 264 1614 266 2398
920 4 2 1 1 493 495 494 2262
921 4 2 1 1 1857 1790 2013 2144
922 4 2 1 1 842 1961 1928 2323
923 4 2 1 1 1732 1738 1898 2339
924 4 2 1 1 1129 60 1861 2176
925 4 2 1 1 1942 2069 700 2105
926 4 2 1 1 1275 1868 1277 2307
927 4 2 1 1 1169 1318 1969 2187
928 4 2 1 1 364 2093 2129 2376
929 4 2 1 1 712 1330 1868 2218
930 4 2 1 1 1983 2009 1663 2174
931 4 2 1 1 243 2023 1815 2430
932 4 2 1 1 1170 697 1926 1969
933 4 2 1 1 1818 1937 1828 2361
934 4 2 1 1 511 2078 510 2391
935 4 2 1 1 1789 1826 2031 2192
936 4 2 1 1 82 2013 2241 2333
937 4 2 1 1 1826 1926 1789 2031
938 4 2 1 1 485 487 2291 2381
939 4 2 1 1 1200 529 532 2056
940 4 2 1 1 666 665 667 1896
941 4 2 1 1 1116 1115 1198 1891
942 4 2 1 1 1491 2264 1994 2376
943 4 2 1 1 233 1947 234 1973
944 4 2 1 1 1863 2141 403 2338
945 4 2 1 1 1520 56 136 2183
946 4 2 1 1 518 1991 1891 2354
947 4 2 1 1 690 1903 1112 1971
948 4 2 1 1 1789 1922 1826 2192
949 4 2 1 1 1261 1262 1916 2210
950 4 2 1 1 847 2208 2022 2294
951 4 2 1 1 278 2302 2047 2324
952 4 2 1 1 1300 1299 2079 2150
953 4 2 1 1 439 1245 2163 2335
954 4 2 1 1 324 322 418 2106
955 4 2 1 1 252 2043 1818 2328
956 4 2 1 1 1790 1924 1825 2032
957 4 2 1 1 1366 1365 577 2102
958 4 2 1 1 248 247 246 2024
959 4 2 1 1 1803 1860 1996 2259
960 4 2 1 1 185 72 2057 2277
961 4 2 1 1 1784 2149 2020 2200
962 4 2 1 1 1833 2123 1107 2173
963 4 2 1 1 1848 1896 1793 2104
964 4 2 1 1 1724 1909 174 2029
965 4 2 1 1 595 1823 2124 2198
966 4 2 1 1 1140 1611 128 2070
967 4 2 1 1 1857 1879 1790 2144
968 4 2 1 1 151 44 43 1822
969 4 2 1 1 444 1869 1262 2210
970 4 2 1 1 278 1854 2302 2324
971 4 2 1 1 1228 1604 2071 2151
972 4 2 1 1 667 2019 1896 2157
973 4 2 1 1 1122 694 2078 2391
974 4 2 1 1 1377 2084 1825 2257
975 4 2 1 1 2070 2167 1795 2441
976 4 2 1 1 1919 2121 2115 2191
977 4 2 1 1 248 2020 250 2281
978 4 2 1 1 135 2068 1828 2354
979 4 2 1 1 1576 1365 2102 2419
980 4 2 1 1 1565 1935 1558 2039
981 4 2 1 1 56 1967 136 2183
982 4 2 1 1 286 2092 1865 2172
983 4 2 1 1 97 1907 2052 2256
984 4 2 1 1 1867 2059 756 2403
985 4 2 1 1 97 1049 1907 2256
986 4 2 1 1 1406 1958 825 2268
987 4 2 1 1 812 1827 2035 2274
988 4 2 1 1 797 1867 756 2087
989 4 2 1 1 359 1932 1888 2188
990 4 2 1 1 1817 2037 264 2398
991 4 2 1 1 1270 1984 1642 2100
992 4 2 1 1 1204 1205 1200 2186
993 4 2 1 1 1784 1903 2149 2200
994 4 2 1 1 1862 2075 1880 2107
995 4 2 1 1 1597 1814 1602 2372
996 4 2 1 1 233 1982 1973 2427
997 4 2 1 1 1796 1856 2163 2394
998 4 2 1 1 1784 1920 1829 2155
999 4 2 1 1 1204 1853 1205 2186
1000 4 2 1 1 2033 2163 1245 2335
1001 4 2 1 1 1515 1709 2098 2265
1002 4 2 1 1 1827 1947 1776 2035
1003 4 2 1 1 81 2241 1857 2333
1004 4 2 1 1 1828 1958 1784 2017
1005 4 2 1 1 1656 1816 921 2177
1006 4 2 1 1 842 1524 1928 1961
1007 4 2 1 1 1346 403 1343 1863
1008 4 2 1 1 1822 1928 1817 2445
1009 4 2 1 1 625 2095 623 2144
1010 4 2 1 1 1352 1349 1353 2107
1011 4 2 1 1 294 2058 1933 2205
1012 4 2 1 1 1116 2020 1891 2328
1013 4 2 1 1 90 1664 130 2009
1014 4 2 1 1 1432 1392 1912 1949
1015 4 2 1 1 1140 185 1629 1855
1016 4 2 1 1 1967 1988 1381 2363
1017 4 2 1 1 925 2044 923 2060
1018 4 2 1 1 42 1304 43 2015
1019 4 2 1 1 99 1635 1866 2256
1020 4 2 1 1 1802 2125 1935 2158
1021 4 2 1 1 348 346 2085 2425
1022 4 2 1 1 1897 2001 303 2299
1023 4 2 1 1 1790 2095 2032 2257
1024 4 2 1 1 354 353 1972 2247
1025 4 2 1 1 1789 2031 1905 2038
1026 4 2 1 1 445 2266 2081 2329
1027 4 2 1 1 60 1473 61 2034
1028 4 2 1 1 1454 1512 2032 2257
1029 4 2 1 1 1576 2102 1842 2419
1030 4 2 1 1 1804 1865 1843 2201
1031 4 2 1 1 1122 694 1694 2078
1032 4 2 1 1 1290 71 2089 2297
1033 4 2 1 1 169 2144 2013 2288
1034 4 2 1 1 1884 2016 503 2130
1035 4 2 1 1 418 2106 1847 2332
1036 4 2 1 1 1210 1212 1613 2031
1037 4 2 1 1 1867 2087 797 2088
1038 4 2 1 1 1198 1891 1951 2328
1039 4 2 1 1 1970 2232 610 2285
1040 4 2 1 1 1817 2038 1905 2203
1041 4 2 1 1 2125 2158 1362 2345
1042 4 2 1 1 1796 1915 1824 2039
1043 4 2 1 1 1796 2163 1893 2394
1044 4 2 1 1 1840 2034 873 2176
1045 4 2 1 1 282 2047 1843 2201
1046 4 2 1 1 842 840 1961 2323
1047 4 2 1 1 1565 1374 1558 1935
1048 4 2 1 1 104 2251 1845 2259
1049 4 2 1 1 291 1875 1933 2196
1050 4 2 1 1 1869 2254 1993 2298
1051 4 2 1 1 611 610 2232 2285
1052 4 2 1 1 1883 2067 714 2289
1053 4 2 1 1 1984 2100 1923 2428
1054 4 2 1 1 1214 1980 1905 2203
1055 4 2 1 1 1866 1907 1042 2256
1056 4 2 1 1 518 1891 2068 2354
1057 4 2 1 1 1858 2067 650 2189
1058 4 2 1 1 1813 1537 2249 2350
1059 4 2 1 1 1398 508 1399 2000
1060 4 2 1 1 1049 97 1907 2190
1061 4 2 1 1 166 1171 2061 2187
1062 4 2 1 1 1824 1923 2100 2428
1063 4 2 1 1 939 1919 938 2325
1064 4 2 1 1 97 2052 1907 2190
1065 4 2 1 1 210 212 211 2048
1066 4 2 1 1 38 1902 1127 2279
1067 4 2 1 1 1582 2058 2308 2397
1068 4 2 1 1 1650 1857 1647 2296
1069 4 2 1 1 923 2060 2044 2177
1070 4 2 1 1 1650 1177 1647 1857
1071 4 2 1 1 1649 129 2044 2217
1072 4 2 1 1 1174 1881 1449 2118
1073 4 2 1 1 808 1910 1871 2260
1074 4 2 1 1 1953 2099 1601 2330
1075 4 2 1 1 564 1890 701 2301
1076 4 2 1 1 1724 1696 174 1909
1077 4 2 1 1 615 616 617 1880
1078 4 2 1 1 614 2079 1880 2285
1079 4 2 1 1 1138 1649 1830 2217
1080 4 2 1 1 2057 2089 71 2297
1081 4 2 1 1 1772 1919 1976 2246
1082 4 2 1 1 104 1990 145 2251
1083 4 2 1 1 799 2161 800 2236
1084 4 2 1 1 1778 1841 2006 2238
1085 4 2 1 1 1171 1662 2061 2165
1086 4 2 1 1 2118 2158 581 2416
1087 4 2 1 1 1930 1955 1797 2334
1088 4 2 1 1 537 538 539 2165
1089 4 2 1 1 666 2019 677 2104
1090 4 2 1 1 1567 2033 1597 2053
1091 4 2 1 1 1098 2067 1873 2289
1092 4 2 1 1 367 365 366 1886
1093 4 2 1 1 1606 1229 2071 2235
1094 4 2 1 1 687 2080 1963 2312
1095 4 2 1 1 1954 1039 2171 2405
1096 4 2 1 1 678 1060 1966 2322
1097 4 2 1 1 1701 1698 963 1996
1098 4 2 1 1 75 1832 2213 2434
1099 4 2 1 1 68 1959 1283 1984
1100 4 2 1 1 1829 1784 2155 2215
1101 4 2 1 1 1431 2011 1813 2249
1102 4 2 1 1 191 2013 1816 2288
1103 4 2 1 1 1209 1905 2031 2203
1104 4 2 1 1 1879 2094 1799 2386
1105 4 2 1 1 1802 1935 1893 2394
1106 4 2 1 1 294 1933 293 2205
1107 4 2 1 1 1106 1994 1833 2287
1108 4 2 1 1 1817 1928 1789 2148
1109 4 2 1 1 1935 2125 1893 2345
1110 4 2 1 1 1918 2122 441 2375
1111 4 2 1 1 1884 1953 507 2330
1112 4 2 1 1 1453 1339 1512 1825
1113 4 2 1 1 367 453 1886 2018
1114 4 2 1 1 561 564 562 1890
1115 4 2 1 1 1794 2276 2043 2361
1116 4 2 1 1 1935 2118 1802 2158
1117 4 2 1 1 880 2240 878 2299
1118 4 2 1 1 1778 1995 1841 2238
1119 4 2 1 1 799 1835 2161 2236
1120 4 2 1 1 342 403 2141 2338
1121 4 2 1 1 737 1820 459 2169
1122 4 2 1 1 1845 2251 1990 2259
1123 4 2 1 1 1777 1892 2077 2152
1124 4 2 1 1 246 244 1400 2149
1125 4 2 1 1 1772 1976 1957 2246
1126 4 2 1 1 1156 2242 1899 2258
1127 4 2 1 1 282 1843 1595 2201
1128 4 2 1 1 1583 130 1664 2009
1129 4 2 1 1 1199 1459 161 2065
1130 4 2 1 1 38 2065 1902 2279
1131 4 2 1 1 925 1658 923 2044
1132 4 2 1 1 1839 1798 2066 2234
1133 4 2 1 1 1055 194 1827 2370
1134 4 2 1 1 153 1446 1449 1887
1135 4 2 1 1 1918 2292 2026 2375
1136 4 2 1 1 554 555 1914 2105
1137 4 2 1 1 1815 2023 244 2248
1138 4 2 1 1 910 2081 1941 2298
1139 4 2 1 1 596 2124 1936 2198
1140 4 2 1 1 305 2001 1893 2255
1141 4 2 1 1 737 2169 2016 2330
1142 4 2 1 1 168 1302 85 1955
1143 4 2 1 1 503 2016 1884 2330
1144 4 2 1 1 496 1385 686 2204
1145 4 2 1 1 468 1963 1987 2236
1146 4 2 1 1 1812 1922 1789 2022
1147 4 2 1 1 693 748 763 1884
1148 4 2 1 1 1844 2066 1798 2234
1149 4 2 1 1 294 293 292 2205
1150 4 2 1 1 150 1099 1957 2289
1151 4 2 1 1 1843 2172 1595 2201
1152 4 2 1 1 1170 1926 1169 1969
1153 4 2 1 1 821 1920 1401 1962
1154 4 2 1 1 650 2067 1858 2226
1155 4 2 1 1 1124 1125 2279 2354
1156 4 2 1 1 1673 949 1670 2052
1157 4 2 1 1 534 1905 1214 1980
1158 4 2 1 1 81 1857 139 2333
1159 4 2 1 1 1330 1277 1275 1868
1160 4 2 1 1 1156 2112 2242 2258
1161 4 2 1 1 2012 2103 1132 2239
1162 4 2 1 1 1584 255 1872 2184
1163 4 2 1 1 948 949 947 2062
1164 4 2 1 1 965 2065 1937 2108
1165 4 2 1 1 667 669 2019 2157
1166 4 2 1 1 1849 2005 1941 2132
1167 4 2 1 1 1493 1432 1912 2409
1168 4 2 1 1 72 2089 2057 2277
1169 4 2 1 1 1175 1881 1173 2162
1170 4 2 1 1 812 1827 2117 2360
1171 4 2 1 1 880 2001 2240 2299
1172 4 2 1 1 1422 473 224 2074
1173 4 2 1 1 1496 2144 169 2288
1174 4 2 1 1 1889 2191 196 2300
1175 4 2 1 1 442 1255 1250 2041
1176 4 2 1 1 1425 1860 2082 2453
1177 4 2 1 1 1937 2276 1794 2361
1178 4 2 1 1 233 235 1947 2169
1179 4 2 1 1 1348 1978 1350 2107
1180 4 2 1 1 1848 2019 729 2267
1181 4 2 1 1 1068 2080 687 2312
1182 4 2 1 1 1584 425 255 2184
1183 4 2 1 1 1876 1913 496 2262
1184 4 2 1 1 1905 2061 1822 2284
1185 4 2 1 1 940 1919 939 2325
1186 4 2 1 1 842 840 1524 1961
1187 4 2 1 1 146 23 1968 2422
1188 4 2 1 1 1063 1062 399 2207
1189 4 2 1 1 551 553 2049 2140
1190 4 2 1 1 832 1038 1872 2108
1191 4 2 1 1 1359 2209 1535 2336
1192 4 2 1 1 660 1977 662 2367
1193 4 2 1 1 434 1223 1222 2120
1194 4 2 1 1 591 590 2100 2306
1195 4 2 1 1 319 1960 1250 2122
1196 4 2 1 1 1262 1916 1869 2254
1197 4 2 1 1 1789 1928 1822 2211
1198 4 2 1 1 255 2146 1872 2184
1199 4 2 1 1 1129 1861 2090 2176
1200 4 2 1 1 1895 1781 2030 2316
1201 4 2 1 1 251 1818 2043 2276
1202 4 2 1 1 737 1820 2169 2330
1203 4 2 1 1 1554 2158 1935 2345
1204 4 2 1 1 327 2166 328 2210
1205 4 2 1 1 1140 72 185 2277
1206 4 2 1 1 1691 767 1665 1837
1207 4 2 1 1 1798 2066 1844 2411
1208 4 2 1 1 1229 1598 1211 1826
1209 4 2 1 1 1036 1867 2048 2221
1210 4 2 1 1 218 221 1405 1949
1211 4 2 1 1 324 2166 1945 2332
1212 4 2 1 1 2024 2149 1815 2430
1213 4 2 1 1 248 419 2020 2149
1214 4 2 1 1 625 1413 1917 2144
1215 4 2 1 1 564 701 566 2301
1216 4 2 1 1 678 1966 1060 2367
1217 4 2 1 1 1905 2038 2031 2203
1218 4 2 1 1 1857 1879 2144 2241
1219 4 2 1 1 1813 1912 1821 2385
1220 4 2 1 1 763 1884 2064 2370
1221 4 2 1 1 1821 1912 1775 2014
1222 4 2 1 1 756 1867 177 2059
1223 4 2 1 1 373 1084 1911 2227
1224 4 2 1 1 140 2160 1962 2311
1225 4 2 1 1 667 669 668 2019
1226 4 2 1 1 551 553 1235 2049
1227 4 2 1 1 1792 2090 1861 2176
1228 4 2 1 1 1416 233 1982 2169
1229 4 2 1 1 1782 2237 1997 2282
1230 4 2 1 1 1839 2066 1798 2088
1231 4 2 1 1 221 1987 1949 2236
1232 4 2 1 1 1849 2079 1300 2263
1233 4 2 1 1 267 2038 2148 2309
1234 4 2 1 1 1792 2176 1840 2373
1235 4 2 1 1 877 2034 875 2091
1236 4 2 1 1 1147 2010 698 2140
1237 4 2 1 1 1855 2041 899 2317
1238 4 2 1 1 1377 1825 1512 2257
1239 4 2 1 1 1790 1863 2032 2230
1240 4 2 1 1 604 603 602 2045
1241 4 2 1 1 805 808 1910 2178
1242 4 2 1 1 2066 1798 2088 2411
1243 4 2 1 1 459 2169 1820 2275
1244 4 2 1 1 1645 1153 1631 2132
1245 4 2 1 1 1425 777 1860 2453
1246 4 2 1 1 1782 1997 2051 2282
1247 4 2 1 1 763 2000 1884 2370
1248 4 2 1 1 1427 1949 221 1987
1249 4 2 1 1 689 1953 1601 2330
1250 4 2 1 1 730 1885 1990 2384
1251 4 2 1 1 1135 1861 1133 2090
1252 4 2 1 1 1701 777 1698 2259
1253 4 2 1 1 940 939 938 2325
1254 4 2 1 1 1814 1923 1824 2428
1255 4 2 1 1 1800 1858 2181 2189
1256 4 2 1 1 1465 161 1459 2108
1257 4 2 1 1 1449 1887 1433 2118
1258 4 2 1 1 700 1942 1151 2069
1259 4 2 1 1 1933 2004 435 2159
1260 4 2 1 1 1677 2046 1846 2305
1261 4 2 1 1 1959 1984 68 2138
1262 4 2 1 1 1582 2308 1568 2397
1263 4 2 1 1 1417 1982 238 2427
1264 4 2 1 1 1287 1936 596 2124
1265 4 2 1 1 72 71 2057 2089
1266 4 2 1 1 1900 1938 1803 2127
1267 4 2 1 1 801 1904 802 2113
1268 4 2 1 1 432 1908 1207 2047
1269 4 2 1 1 248 246 419 2149
1270 4 2 1 1 812 2117 1827 2274
1271 4 2 1 1 1970 1535 2232 2336
1272 4 2 1 1 1797 1955 1930 2217
1273 4 2 1 1 1935 2158 2125 2345
1274 4 2 1 1 1597 2223 1814 2372
1275 4 2 1 1 399 2050 1076 2237
1276 4 2 1 1 1934 2023 1407 2293
1277 4 2 1 1 714 2067 1883 2189
1278 4 2 1 1 1328 2030 1847 2195
1279 4 2 1 1 1787 1941 1862 2081
1280 4 2 1 1 660 661 1977 2182
1281 4 2 1 1 633 2218 2003 2334
1282 4 2 1 1 459 239 2169 2275
1283 4 2 1 1 1017 740 1906 2280
1284 4 2 1 1 422 1407 2023 2293
1285 4 2 1 1 324 325 1945 2166
1286 4 2 1 1 941 2115 943 2191
1287 4 2 1 1 2041 2106 1781 2122
1288 4 2 1 1 269 2148 2038 2192
1289 4 2 1 1 1817 1789 2038 2148
1290 4 2 1 1 1189 912 1941 2072
1291 4 2 1 1 1824 1923 1796 2083
1292 4 2 1 1 1820 1884 1776 2016
1293 4 2 1 1 1554 1362 2158 2345
1294 4 2 1 1 194 811 2035 2337
1295 4 2 1 1 1645 1631 911 2132
1296 4 2 1 1 1833 2173 1107 2287
1297 4 2 1 1 1133 2090 1861 2224
1298 4 2 1 1 44 1305 43 1822
1299 4 2 1 1 1711 1590 1838 2098
1300 4 2 1 1 1800 2181 1946 2189
1301 4 2 1 1 284 1595 2172 2201
1302 4 2 1 1 994 2041 1945 2317
1303 4 2 1 1 1096 1883 714 2289
1304 4 2 1 1 1296 1874 1294 2079
1305 4 2 1 1 1879 2094 1863 2230
1306 4 2 1 1 712 1652 1330 2218
1307 4 2 1 1 1068 1894 2290 2312
1308 4 2 1 1 625 623 1413 2144
1309 4 2 1 1 166 1171 1662 2061
1310 4 2 1 1 1169 1926 1171 2187
1311 4 2 1 1 1280 630 711 2334
1312 4 2 1 1 1171 1926 2165 2187
1313 4 2 1 1 1112 1903 1117 2149
1314 4 2 1 1 1895 2089 1781 2316
1315 4 2 1 1 88 1983 2174 2307
1316 4 2 1 1 1567 885 1597 2033
1317 4 2 1 1 2028 2100 593 2124
1318 4 2 1 1 279 278 2047 2324
1319 4 2 1 1 1107 1833 1108 2123
1320 4 2 1 1 1230 1826 1211 2272
1321 4 2 1 1 1886 2018 453 2115
1322 4 2 1 1 1447 2207 1997 2367
1323 4 2 1 1 1864 2092 1323 2172
1324 4 2 1 1 1857 2144 2013 2241
1325 4 2 1 1 1098 1099 1661 2289
1326 4 2 1 1 1856 2033 2163 2255
1327 4 2 1 1 1825 1924 1816 2421
1328 4 2 1 1 1862 1941 1787 2390
1329 4 2 1 1 1129 1861 1135 2090
1330 4 2 1 1 335 2266 445 2329
1331 4 2 1 1 284 282 1595 2201
1332 4 2 1 1 550 551 1859 2140
1333 4 2 1 1 104 145 1990 2259
1334 4 2 1 1 1534 1992 1481 2045
1335 4 2 1 1 878 1852 877 2091
1336 4 2 1 1 1182 1931 1877 2233
1337 4 2 1 1 135 35 2017 2155
1338 4 2 1 1 1802 1852 1985 2240
1339 4 2 1 1 1399 1884 763 2000
1340 4 2 1 1 1041 677 729 2104
1341 4 2 1 1 173 1936 1285 1959
1342 4 2 1 1 1755 1894 1699 2143
1343 4 2 1 1 182 1867 20 2088
1344 4 2 1 1 1790 2032 2095 2230
1345 4 2 1 1 1818 1891 1784 2020
1346 4 2 1 1 972 873 2034 2176
1347 4 2 1 1 1777 2025 1892 2152
1348 4 2 1 1 1189 2072 1941 2266
1349 4 2 1 1 1895 2030 1781 2382
1350 4 2 1 1 1642 2100 1984 2357
1351 4 2 1 1 2244 2344 1791 2362
1352 4 2 1 1 1328 2045 1847 2326
1353 4 2 1 1 284 286 1865 2172
1354 4 2 1 1 263 2037 1961 2319
1355 4 2 1 1 518 516 2068 2200
1356 4 2 1 1 164 1984 1923 2223
1357 4 2 1 1 286 2120 2092 2415
1358 4 2 1 1 1387 2135 2204 2321
1359 4 2 1 1 1834 2058 1586 2205
1360 4 2 1 1 679 1447 1997 2367
1361 4 2 1 1 239 1947 235 2169
1362 4 2 1 1 1454 2095 2032 2230
1363 4 2 1 1 832 830 1038 2108
1364 4 2 1 1 1305 1161 2063 2284
1365 4 2 1 1 1802 1985 1856 2240
1366 4 2 1 1 1960 1781 2106 2122
1367 4 2 1 1 1432 716 1392 1949
1368 4 2 1 1 1660 2307 1830 2412
1369 4 2 1 1 1042 1052 1907 2182
1370 4 2 1 1 1846 2036 1677 2305
1371 4 2 1 1 1941 2081 445 2266
1372 4 2 1 1 1494 300 2007 2102
1373 4 2 1 1 1802 2001 1852 2240
1374 4 2 1 1 670 468 800 1963
1375 4 2 1 1 1829 2155 1694 2215
1376 4 2 1 1 1915 2114 1246 2335
1377 4 2 1 1 47 1643 1318 1969
1378 4 2 1 1 296 2004 294 2058
1379 4 2 1 1 867 2348 1999 2363
1380 4 2 1 1 1796 1814 2033 2223
1381 4 2 1 1 509 1953 510 2078
1382 4 2 1 1 1802 1856 2001 2240
1383 4 2 1 1 296 294 1582 2058
1384 4 2 1 1 1699 1894 791 2143
1385 4 2 1 1 1784 1818 2020 2281
1386 4 2 1 1 1447 1466 1997 2207
1387 4 2 1 1 385 1892 1040 2304
1388 4 2 1 1 1923 2053 1796 2180
1389 4 2 1 1 1415 236 1934 1947
1390 4 2 1 1 1056 1962 2160 2360
1391 4 2 1 1 171 1874 1295 2213
1392 4 2 1 1 1775 1904 1821 2086
1393 4 2 1 1 1736 1740 1909 2098
1394 4 2 1 1 532 2056 531 2194
1395 4 2 1 1 1575 2252 1914 2320
1396 4 2 1 1 562 563 2278 2301
1397 4 2 1 1 1214 1905 1209 2203
1398 4 2 1 1 1129 2090 59 2176
1399 4 2 1 1 1226 1229 2054 2071
1400 4 2 1 1 269 1922 2148 2192
1401 4 2 1 1 1803 1845 1990 2259
1402 4 2 1 1 1708 754 755 1844
1403 4 2 1 1 2053 2180 1923 2223
1404 4 2 1 1 375 1911 1882 2227
1405 4 2 1 1 1802 2118 1935 2394
1406 4 2 1 1 1055 194 812 1827
1407 4 2 1 1 1929 2400 109 2402
1408 4 2 1 1 1921 148 2224 2261
1409 4 2 1 1 1604 2071 1854 2222
1410 4 2 1 1 634 1217 1218 2003
1411 4 2 1 1 1422 2074 1998 2378
1412 4 2 1 1 1071 1876 497 2262
1413 4 2 1 1 1954 2152 1039 2405
1414 4 2 1 1 692 1198 1115 1951
1415 4 2 1 1 2090 2224 148 2261
1416 4 2 1 1 937 939 976 1976
1417 4 2 1 1 1826 1922 1812 2433
1418 4 2 1 1 956 2171 1039 2405
1419 4 2 1 1 2127 2154 1439 2318
1420 4 2 1 1 1897 2102 1574 2369
1421 4 2 1 1 1789 1926 1812 2187
1422 4 2 1 1 1829 1920 1815 2399
1423 4 2 1 1 1944 2010 51 2156
1424 4 2 1 1 1952 2076 918 2296
1425 4 2 1 1 1836 1867 1798 2087
1426 4 2 1 1 1742 1744 1722 2128
1427 4 2 1 1 616 1880 614 2150
1428 4 2 1 1 1209 1905 537 2031
1429 4 2 1 1 399 372 1076 2050
1430 4 2 1 1 1017 476 1016 2280
1431 4 2 1 1 1915 2163 2033 2335
1432 4 2 1 1 1127 1902 39 2112
1433 4 2 1 1 1803 1990 1860 2259
1434 4 2 1 1 1816 1924 1790 2076
1435 4 2 1 1 1798 1867 1835 2111
1436 4 2 1 1 551 548 550 1859
1437 4 2 1 1 449 2060 1931 2233
1438 4 2 1 1 1792 2090 2176 2373
1439 4 2 1 1 1924 1989 1816 2421
1440 4 2 1 1 1908 2047 432 2201
1441 4 2 1 1 592 593 2100 2124
1442 4 2 1 1 1889 2052 96 2190
1443 4 2 1 1 1415 1947 1934 2274
1444 4 2 1 1 347 1989 346 2425
1445 4 2 1 1 883 885 1567 2033
1446 4 2 1 1 689 1114 1601 1953
1447 4 2 1 1 1490 2123 1833 2206
1448 4 2 1 1 110 1715 1738 1898
1449 4 2 1 1 1803 2127 1938 2154
1450 4 2 1 1 1796 1923 1814 2223
1451 4 2 1 1 210 2048 209 2111
1452 4 2 1 1 917 918 2076 2296
1453 4 2 1 1 110 1898 1738 2339
1454 4 2 1 1 1790 1917 1816 2013
1455 4 2 1 1 192 1832 75 2434
1456 4 2 1 1 1610 2070 2042 2434
1457 4 2 1 1 1137 1921 701 2183
1458 4 2 1 1 780 2096 1929 2216
1459 4 2 1 1 1246 439 1915 2335
1460 4 2 1 1 1815 1920 1784 2024
1461 4 2 1 1 1577 2205 409 2415
1462 4 2 1 1 1724 1729 1737 1909
1463 4 2 1 1 1789 1822 2061 2211
1464 4 2 1 1 1832 2042 1638 2254
1465 4 2 1 1 36 1828 2017 2268
1466 4 2 1 1 836 2097 1870 2244
1467 4 2 1 1 1790 1879 1863 2230
1468 4 2 1 1 150 1957 1099 2229
1469 4 2 1 1 1818 2043 2276 2361
1470 4 2 1 1 1699 1710 791 1894
1471 4 2 1 1 1463 2075 1525 2094
1472 4 2 1 1 1928 2022 843 2211
1473 4 2 1 1 510 1953 508 2078
1474 4 2 1 1 1328 1847 2030 2326
1475 4 2 1 1 324 325 323 1945
1476 4 2 1 1 1934 1947 1827 2274
1477 4 2 1 1 1784 1903 1815 2149
1478 4 2 1 1 1670 2052 1831 2256
1479 4 2 1 1 703 1881 1174 2118
1480 4 2 1 1 1782 1850 2237 2282
1481 4 2 1 1 1955 2084 1797 2334
1482 4 2 1 1 1935 2118 1887 2394
1483 4 2 1 1 1459 2065 965 2108
1484 4 2 1 1 1423 2110 1858 2181
1485 4 2 1 1 1798 1867 1836 2413
1486 4 2 1 1 1979 2278 563 2301
1487 4 2 1 1 1529 2179 1939 2245
1488 4 2 1 1 44 1822 151 2211
1489 4 2 1 1 1974 1991 1678 2279
1490 4 2 1 1 1099 713 1100 2229
1491 4 2 1 1 1056 2117 1962 2360
1492 4 2 1 1 1481 2045 1992 2332
1493 4 2 1 1 1838 1898 1805 2212
1494 4 2 1 1 1798 1835 1867 2413
1495 4 2 1 1 1794 2184 2043 2276
1496 4 2 1 1 874 1000 2091 2432
1497 4 2 1 1 153 1887 1985 2315
1498 4 2 1 1 1874 1993 1832 2213
1499 4 2 1 1 1912 2142 1493 2409
1500 4 2 1 1 284 286 285 1865
1501 4 2 1 1 1596 1601 2099 2330
1502 4 2 1 1 679 1447 1466 1997
1503 4 2 1 1 1359 1355 2209 2336
1504 4 2 1 1 1564 2064 1965 2337
1505 4 2 1 1 1113 1971 1612 2248
1506 4 2 1 1 348 347 346 2425
1507 4 2 1 1 701 1890 1450 2183
1508 4 2 1 1 1593 1323 2092 2172
1509 4 2 1 1 812 2117 815 2360
1510 4 2 1 1 1261 444 1262 2210
1511 4 2 1 1 207 182 2088 2111
1512 4 2 1 1 1281 1282 1917 1955
1513 4 2 1 1 517 518 1891 2200
1514 4 2 1 1 819 821 1401 1962
1515 4 2 1 1 1433 1449 1446 1887
1516 4 2 1 1 1864 2069 558 2278
1517 4 2 1 1 622 1879 623 2095
1518 4 2 1 1 1843 2170 1238 2172
1519 4 2 1 1 255 257 1584 2146
1520 4 2 1 1 921 2177 1816 2429
1521 4 2 1 1 141 1866 100 2046
1522 4 2 1 1 1936 1290 2089 2297
1523 4 2 1 1 1836 1987 1774 2291
1524 4 2 1 1 1387 2135 1913 2204
1525 4 2 1 1 1708 1844 755 2080
1526 4 2 1 1 656 1997 1101 2282
1527 4 2 1 1 1423 1858 2093 2226
1528 4 2 1 1 672 1885 1393 2127
1529 4 2 1 1 298 1494 300 2007
1530 4 2 1 1 1656 923 2044 2177
1531 4 2 1 1 28 157 27 2260
1532 4 2 1 1 989 447 1186 2141
1533 4 2 1 1 77 171 1993 2263
1534 4 2 1 1 1485 1922 271 1981
1535 4 2 1 1 623 2095 1879 2144
1536 4 2 1 1 1794 1937 2184 2276
1537 4 2 1 1 345 1989 1924 2253
1538 4 2 1 1 1253 1488 2039 2310
1539 4 2 1 1 1350 2107 1978 2336
1540 4 2 1 1 1131 2103 1881 2239
1541 4 2 1 1 499 2130 502 2455
1542 4 2 1 1 849 1478 847 2208
1543 4 2 1 1 2011 2048 1774 2249
1544 4 2 1 1 1160 1899 1159 2063
1545 4 2 1 1 326 1992 328 2166
1546 4 2 1 1 1845 2025 1680 2269
1547 4 2 1 1 508 507 506 1953
1548 4 2 1 1 1784 1891 1828 2068
1549 4 2 1 1 1454 2032 2095 2257
1550 4 2 1 1 1803 1938 1900 2401
1551 4 2 1 1 1496 1917 2144 2288
1552 4 2 1 1 672 730 1885 2127
1553 4 2 1 1 1831 2062 950 2227
1554 4 2 1 1 1856 2053 1467 2315
1555 4 2 1 1 504 1884 503 2130
1556 4 2 1 1 729 2104 1848 2322
1557 4 2 1 1 1951 2043 1388 2328
1558 4 2 1 1 656 2051 1997 2282
1559 4 2 1 1 1852 878 2240 2299
1560 4 2 1 1 644 646 645 1873
1561 4 2 1 1 1776 1884 1827 2064
1562 4 2 1 1 90 1266 89 2009
1563 4 2 1 1 1660 1983 2307 2412
1564 4 2 1 1 1929 2185 780 2216
1565 4 2 1 1 1941 2005 1799 2072
1566 4 2 1 1 1814 1915 1796 2033
1567 4 2 1 1 882 2240 880 2255
1568 4 2 1 1 1911 1997 1782 2237
1569 4 2 1 1 1784 1958 1818 2281
1570 4 2 1 1 1937 2065 965 2268
1571 4 2 1 1 1791 2056 1980 2194
1572 4 2 1 1 182 1036 21 1867
1573 4 2 1 1 1706 2021 1839 2197
1574 4 2 1 1 913 911 1941 2005
1575 4 2 1 1 84 1955 1302 2288
1576 4 2 1 1 827 825 826 2268
1577 4 2 1 1 1024 2025 960 2152
1578 4 2 1 1 837 2097 836 2244
1579 4 2 1 1 742 741 1906 2119
1580 4 2 1 1 1890 2069 1979 2301
1581 4 2 1 1 233 1416 235 2169
1582 4 2 1 1 913 1941 912 2005
1583 4 2 1 1 227 2378 1998 2427
1584 4 2 1 1 135 1118 35 2155
1585 4 2 1 1 1335 1834 1979 2301
1586 4 2 1 1 910 1941 2132 2298
1587 4 2 1 1 61 2103 2034 2162
1588 4 2 1 1 1813 1904 1775 2074
1589 4 2 1 1 1911 1782 2050 2237
1590 4 2 1 1 825 1958 826 2268
1591 4 2 1 1 1038 1872 2108 2184
1592 4 2 1 1 1667 976 1919 2246
1593 4 2 1 1 238 1982 233 2427
1594 4 2 1 1 1291 2089 1895 2316
1595 4 2 1 1 1270 1923 164 1984
1596 4 2 1 1 718 767 1965 2130
1597 4 2 1 1 1957 2246 1976 2356
1598 4 2 1 1 971 867 1999 2363
1599 4 2 1 1 128 2070 1610 2434
1600 4 2 1 1 359 451 1932 2188
1601 4 2 1 1 865 1381 863 1988
1602 4 2 1 1 1785 2023 2139 2399
1603 4 2 1 1 1836 1963 1798 2413
1604 4 2 1 1 992 1869 1263 2081
1605 4 2 1 1 1660 1830 927 2412
1606 4 2 1 1 473 222 224 2142
1607 4 2 1 1 367 453 365 1886
1608 4 2 1 1 1929 2096 108 2147
1609 4 2 1 1 670 1963 800 2161
1610 4 2 1 1 1835 1798 1963 2413
1611 4 2 1 1 831 2108 832 2175
1612 4 2 1 1 1323 2092 1864 2278
1613 4 2 1 1 1432 1949 1912 2409
1614 4 2 1 1 476 2109 1906 2265
1615 4 2 1 1 1744 2128 1943 2212
1616 4 2 1 1 1175 153 1449 1985
1617 4 2 1 1 620 1510 2094 2230
1618 4 2 1 1 1844 1894 1798 2080
1619 4 2 1 1 1938 2127 1900 2318
1620 4 2 1 1 1112 1111 1117 1903
1621 4 2 1 1 1987 2008 1774 2291
1622 4 2 1 1 862 864 863 2314
1623 4 2 1 1 291 1933 1875 2205
1624 4 2 1 1 171 76 77 1993
1625 4 2 1 1 1347 1454 2032 2230
1626 4 2 1 1 305 306 1893 2125
1627 4 2 1 1 1350 1348 1351 1978
1628 4 2 1 1 1274 1887 153 2315
1629 4 2 1 1 1332 1586 1335 1834
1630 4 2 1 1 968 1480 1478 2006
1631 4 2 1 1 619 1879 622 2230
1632 4 2 1 1 359 1888 1932 2264
1633 4 2 1 1 522 1991 1974 2153
1634 4 2 1 1 1992 2045 1534 2209
1635 4 2 1 1 1874 1787 2079 2285
1636 4 2 1 1 1838 1805 1909 2212
1637 4 2 1 1 742 1906 740 2119
1638 4 2 1 1 1079 964 2017 2311
1639 4 2 1 1 887 1602 1814 2395
1640 4 2 1 1 780 2185 1526 2216
1641 4 2 1 1 336 1862 2134 2266
1642 4 2 1 1 1129 1133 1135 1861
1643 4 2 1 1 96 2052 1889 2300
1644 4 2 1 1 255 1584 1872 2146
1645 4 2 1 1 1106 1108 1107 1833
1646 4 2 1 1 1941 2072 1799 2266
1647 4 2 1 1 574 577 2012 2239
1648 4 2 1 1 708 1925 2213 2232
1649 4 2 1 1 1304 151 43 2015
1650 4 2 1 1 708 2213 1874 2232
1651 4 2 1 1 917 2296 2076 2333
1652 4 2 1 1 1011 1871 808 2178
1653 4 2 1 1 1463 1525 620 2094
1654 4 2 1 1 1219 1455 1453 2085
1655 4 2 1 1 774 1694 2078 2160
1656 4 2 1 1 1917 2095 1790 2257
1657 4 2 1 1 1775 1912 1813 2142
1658 4 2 1 1 554 557 555 2105
1659 4 2 1 1 1874 1970 1787 2285
1660 4 2 1 1 550 1859 1147 2140
1661 4 2 1 1 646 1873 1098 2067
1662 4 2 1 1 1824 1796 2039 2083
1663 4 2 1 1 1992 2166 1916 2210
1664 4 2 1 1 1698 2259 1680 2269
1665 4 2 1 1 591 1373 588 2306
1666 4 2 1 1 703 1174 1449 2118
1667 4 2 1 1 795 476 1906 2265
1668 4 2 1 1 970 863 1381 2383
1669 4 2 1 1 1094 2264 1491 2376
1670 4 2 1 1 702 2002 571 2224
1671 4 2 1 1 434 289 1875 2120
1672 4 2 1 1 1214 537 1209 1905
1673 4 2 1 1 1825 2085 1339 2253
1674 4 2 1 1 707 1821 2422 2439
1675 4 2 1 1 1575 2105 1914 2252
1676 4 2 1 1 1572 1872 1584 2136
1677 4 2 1 1 1882 1793 2126 2243
1678 4 2 1 1 1784 1815 2024 2149
1679 4 2 1 1 1565 1935 2039 2345
1680 4 2 1 1 726 1291 1895 2316
1681 4 2 1 1 1025 1996 1892 2313
1682 4 2 1 1 1791 2063 2056 2194
1683 4 2 1 1 1866 1907 1831 2442
1684 4 2 1 1 939 1667 976 1919
1685 4 2 1 1 2028 2164 1823 2331
1686 4 2 1 1 707 1821 2346 2422
1687 4 2 1 1 267 266 268 2038
1688 4 2 1 1 1588 1577 409 2415
1689 4 2 1 1 1033 1034 141 1866
1690 4 2 1 1 970 1939 863 2383
1691 4 2 1 1 269 271 1922 2192
1692 4 2 1 1 596 1936 725 2198
1693 4 2 1 1 497 1876 1071 2130
1694 4 2 1 1 1787 1993 1874 2079
1695 4 2 1 1 1210 1613 1213 2031
1696 4 2 1 1 1590 739 1711 1838
1697 4 2 1 1 844 845 843 2022
1698 4 2 1 1 21 1867 1036 2221
1699 4 2 1 1 1393 471 465 2202
1700 4 2 1 1 1253 1824 591 2250
1701 4 2 1 1 613 1522 2107 2285
1702 4 2 1 1 1822 151 2211 2323
1703 4 2 1 1 509 1114 1953 1971
1704 4 2 1 1 2019 2157 669 2318
1705 4 2 1 1 2007 2102 300 2438
1706 4 2 1 1 162 1458 1999 2090
1707 4 2 1 1 132 1127 39 2112
1708 4 2 1 1 725 596 1287 1936
1709 4 2 1 1 1101 1997 1468 2282
1710 4 2 1 1 1414 2035 1947 2274
1711 4 2 1 1 499 502 498 2455
1712 4 2 1 1 728 2154 1938 2318
1713 4 2 1 1 1937 1958 1828 2268
1714 4 2 1 1 300 1574 302 1897
1715 4 2 1 1 1211 1212 1210 2031
1716 4 2 1 1 1872 2136 832 2175
1717 4 2 1 1 1855 1895 1795 2070
1718 4 2 1 1 684 1257 2198 2295
1719 4 2 1 1 1807 1907 1866 2442
1720 4 2 1 1 1183 2060 449 2233
1721 4 2 1 1 880 2240 2001 2255
1722 4 2 1 1 836 1870 2097 2136
1723 4 2 1 1 1800 2110 1850 2181
1724 4 2 1 1 1938 2154 2127 2318
1725 4 2 1 1 1784 1920 2017 2371
1726 4 2 1 1 1328 1541 2030 2195
1727 4 2 1 1 503 504 506 1884
1728 4 2 1 1 1387 2204 1543 2321
1729 4 2 1 1 732 730 731 2127
1730 4 2 1 1 893 1580 2026 2351
1731 4 2 1 1 1735 2128 1744 2212
1732 4 2 1 1 1294 1295 171 1874
1733 4 2 1 1 1266 89 2009 2174
1734 4 2 1 1 257 256 1964 2146
1735 4 2 1 1 1332 1331 570 2168
1736 4 2 1 1 742 740 741 2119
1737 4 2 1 1 291 1933 1224 2196
1738 4 2 1 1 250 1818 251 2281
1739 4 2 1 1 1793 1896 2046 2199
1740 4 2 1 1 218 2011 1949 2409
1741 4 2 1 1 109 1929 108 2400
1742 4 2 1 1 1827 2360 1055 2370
1743 4 2 1 1 227 1998 228 2427
1744 4 2 1 1 1551 1259 1258 2028
1745 4 2 1 1 1801 1853 2027 2214
1746 4 2 1 1 426 1584 257 2366
1747 4 2 1 1 50 51 2010 2156
1748 4 2 1 1 1784 2017 1920 2155
1749 4 2 1 1 144 1845 104 2251
1750 4 2 1 1 1374 2083 1935 2343
1751 4 2 1 1 1801 2027 1851 2214
1752 4 2 1 1 988 1989 2177 2429
1753 4 2 1 1 1786 2250 2100 2428
1754 4 2 1 1 342 340 403 2338
1755 4 2 1 1 869 1999 867 2348
1756 4 2 1 1 1830 1797 2044 2060
1757 4 2 1 1 1138 129 1649 2217
1758 4 2 1 1 470 1878 2109 2349
1759 4 2 1 1 1407 2023 1934 2275
1760 4 2 1 1 948 947 946 2062
1761 4 2 1 1 404 2107 1862 2329
1762 4 2 1 1 502 2130 2016 2455
1763 4 2 1 1 1838 1773 2082 2109
1764 4 2 1 1 1825 1989 1924 2421
1765 4 2 1 1 951 1831 950 2420
1766 4 2 1 1 1801 1964 1853 2214
1767 4 2 1 1 135 1828 1125 2354
1768 4 2 1 1 280 1527 282 2047
1769 4 2 1 1 1801 1851 1964 2214
1770 4 2 1 1 1166 1995 1147 2219
1771 4 2 1 1 1962 2139 1920 2399
1772 4 2 1 1 1057 95 1889 2131
1773 4 2 1 1 1128 1653 191 2013
1774 4 2 1 1 1169 1171 1318 2187
1775 4 2 1 1 2043 2146 255 2184
1776 4 2 1 1 1702 204 1728 2098
1777 4 2 1 1 893 2351 2026 2375
1778 4 2 1 1 1882 1793 1966 2126
1779 4 2 1 1 812 1055 1827 2360
1780 4 2 1 1 146 1904 24 2422
1781 4 2 1 1 812 815 1055 2360
1782 4 2 1 1 1536 2071 1604 2222
1783 4 2 1 1 418 1847 2106 2195
1784 4 2 1 1 700 1149 1151 1942
1785 4 2 1 1 1658 1656 923 2044
1786 4 2 1 1 326 1354 328 1992
1787 4 2 1 1 1490 2206 1833 2264
1788 4 2 1 1 944 2115 1901 2191
1789 4 2 1 1 2006 2208 1981 2433
1790 4 2 1 1 2081 2266 1862 2329
1791 4 2 1 1 1776 1973 1947 1982
1792 4 2 1 1 1791 2015 1899 2063
1793 4 2 1 1 742 1906 741 2193
1794 4 2 1 1 422 2023 1403 2139
1795 4 2 1 1 426 1572 1584 2136
1796 4 2 1 1 1839 2088 205 2271
1797 4 2 1 1 1874 2079 1993 2263
1798 4 2 1 1 140 33 2160 2311
1799 4 2 1 1 177 2059 1867 2221
1800 4 2 1 1 1147 1145 698 2010
1801 4 2 1 1 660 661 662 1977
1802 4 2 1 1 1809 1921 1890 2443
1803 4 2 1 1 1890 1921 1834 2443
1804 4 2 1 1 1097 714 2067 2289
1805 4 2 1 1 1240 551 1235 2049
1806 4 2 1 1 1448 2241 1879 2417
1807 4 2 1 1 1354 1355 405 1992
1808 4 2 1 1 1452 965 2065 2268
1809 4 2 1 1 1511 2095 1454 2230
1810 4 2 1 1 1782 1850 2282 2341
1811 4 2 1 1 485 483 487 2381
1812 4 2 1 1 303 304 305 2125
1813 4 2 1 1 1407 241 2023 2275
1814 4 2 1 1 1677 101 2046 2305
1815 4 2 1 1 740 2119 1906 2280
1816 4 2 1 1 1235 553 556 2049
1817 4 2 1 1 649 650 2067 2189
1818 4 2 1 1 1832 1916 1869 2441
1819 4 2 1 1 1869 1916 1806 2441
1820 4 2 1 1 157 1837 775 2260
1821 4 2 1 1 650 2181 1858 2189
1822 4 2 1 1 2045 2209 1992 2441
1823 4 2 1 1 656 1997 2051 2228
1824 4 2 1 1 2018 2050 1901 2341
1825 4 2 1 1 227 229 2378 2427
1826 4 2 1 1 991 1941 445 2266
1827 4 2 1 1 1131 1881 1657 2239
1828 4 2 1 1 1941 2132 1787 2390
1829 4 2 1 1 1275 88 2174 2307
1830 4 2 1 1 1831 2396 1866 2442
1831 4 2 1 1 1816 1989 1924 2177
1832 4 2 1 1 444 1263 992 1869
1833 4 2 1 1 1140 1855 2070 2277
1834 4 2 1 1 1470 1850 1090 2181
1835 4 2 1 1 459 1820 2099 2275
1836 4 2 1 1 1832 2042 1795 2070
1837 4 2 1 1 263 1961 1539 2319
1838 4 2 1 1 364 2129 363 2376
1839 4 2 1 1 2026 2351 2138 2392
1840 4 2 1 1 656 658 1997 2228
1841 4 2 1 1 303 1897 302 2125
1842 4 2 1 1 1782 2282 2051 2341
1843 4 2 1 1 1626 1900 732 2127
1844 4 2 1 1 1362 2125 1553 2158
1845 4 2 1 1 1924 2141 343 2253
1846 4 2 1 1 1790 1879 1857 2386
1847 4 2 1 1 1804 2201 1843 2353
1848 4 2 1 1 1694 1829 189 2155
1849 4 2 1 1 1625 897 1629 2057
1850 4 2 1 1 1649 1658 925 2044
1851 4 2 1 1 812 814 2117 2274
1852 4 2 1 1 1669 941 943 2191
1853 4 2 1 1 1129 60 126 2103
1854 4 2 1 1 1357 1481 1992 2332
1855 4 2 1 1 1859 2151 548 2303
1856 4 2 1 1 1494 2102 2007 2397
1857 4 2 1 1 803 2113 1910 2260
1858 4 2 1 1 1178 359 1888 2188
1859 4 2 1 1 1880 2107 1522 2285
1860 4 2 1 1 1494 2007 298 2397
1861 4 2 1 1 1795 2045 1992 2441
1862 4 2 1 1 912 913 911 1941
1863 4 2 1 1 1866 2396 1807 2442
1864 4 2 1 1 1880 2075 1799 2094
1865 4 2 1 1 882 1856 2240 2255
1866 4 2 1 1 1795 1832 2070 2441
1867 4 2 1 1 1816 1790 2013 2076
1868 4 2 1 1 135 35 36 2017
1869 4 2 1 1 1181 1877 2101 2412
1870 4 2 1 1 1800 1850 1946 2181
1871 4 2 1 1 572 2002 573 2012
1872 4 2 1 1 1459 1199 965 2065
1873 4 2 1 1 1275 2174 1868 2307
1874 4 2 1 1 1868 1930 1830 2447
1875 4 2 1 1 1925 2209 2045 2441
1876 4 2 1 1 327 1916 2166 2210
1877 4 2 1 1 584 1935 581 2343
1878 4 2 1 1 852 2006 850 2073
1879 4 2 1 1 1245 2033 884 2163
1880 4 2 1 1 991 445 1941 2081
1881 4 2 1 1 2022 2061 1155 2211
1882 4 2 1 1 1847 2030 1895 2382
1883 4 2 1 1 1997 2237 1468 2282
1884 4 2 1 1 1786 2026 2138 2392
1885 4 2 1 1 470 461 1878 2349
1886 4 2 1 1 1826 1981 1922 2433
1887 4 2 1 1 1353 1525 1463 2075
1888 4 2 1 1 616 614 709 2150
1889 4 2 1 1 432 1208 1207 1908
1890 4 2 1 1 1789 1812 2022 2187
1891 4 2 1 1 1384 524 1974 2352
1892 4 2 1 1 1056 1962 140 2160
1893 4 2 1 1 621 623 622 1879
1894 4 2 1 1 1776 1973 1982 2359
1895 4 2 1 1 1906 2119 741 2193
1896 4 2 1 1 1462 2110 1423 2181
1897 4 2 1 1 281 2047 282 2201
1898 4 2 1 1 1811 1930 1868 2447
1899 4 2 1 1 1809 1890 2377 2443
1900 4 2 1 1 1981 2208 1922 2433
1901 4 2 1 1 1270 1642 1984 2357
1902 4 2 1 1 1781 1855 2057 2089
1903 4 2 1 1 1403 2139 2023 2430
1904 4 2 1 1 1784 2017 1958 2371
1905 4 2 1 1 573 702 1132 2012
1906 4 2 1 1 1838 2098 1590 2400
1907 4 2 1 1 1790 1863 1879 2386
1908 4 2 1 1 642 1379 713 1927
1909 4 2 1 1 246 2024 247 2430
1910 4 2 1 1 1808 1932 1888 2448
1911 4 2 1 1 1920 2139 822 2371
1912 4 2 1 1 133 1155 2022 2187
1913 4 2 1 1 1984 2223 164 2372
1914 4 2 1 1 1796 2033 1856 2053
1915 4 2 1 1 1795 1847 1895 2382
1916 4 2 1 1 1094 400 1491 2264
1917 4 2 1 1 1795 1895 1847 2045
1918 4 2 1 1 475 234 1947 1973
1919 4 2 1 1 1063 1466 1062 1997
1920 4 2 1 1 1170 1169 697 1969
1921 4 2 1 1 1834 2377 1890 2443
1922 4 2 1 1 1678 1974 522 1991
1923 4 2 1 1 193 2113 803 2260
1924 4 2 1 1 986 2101 1877 2247
1925 4 2 1 1 226 1493 2142 2409
1926 4 2 1 1 1870 2344 2244 2362
1927 4 2 1 1 1608 2133 1853 2186
1928 4 2 1 1 1173 1881 1131 2103
1929 4 2 1 1 1377 1376 1453 2084
1930 4 2 1 1 1578 2016 737 2169
1931 4 2 1 1 728 1439 2154 2318
1932 4 2 1 1 1493 226 1432 2409
1933 4 2 1 1 1928 2323 1961 2445
1934 4 2 1 1 666 667 668 2019
1935 4 2 1 1 1968 1774 2048 2249
1936 4 2 1 1 736 737 459 2169
1937 4 2 1 1 171 1295 1309 2213
1938 4 2 1 1 1663 2009 89 2174
1939 4 2 1 1 1795 1895 1855 2382
1940 4 2 1 1 756 797 177 1867
1941 4 2 1 1 1873 1927 1833 2287
1942 4 2 1 1 1630 1951 1388 2328
1943 4 2 1 1 1869 2410 1832 2441
1944 4 2 1 1 1387 1543 2135 2321
1945 4 2 1 1 1680 2259 1845 2269
1946 4 2 1 1 1225 1226 1229 2054
1947 4 2 1 1 1415 1414 236 1947
1948 4 2 1 1 1115 1116 691 1891
1949 4 2 1 1 1798 1894 2021 2312
1950 4 2 1 1 1417 1561 238 1982
1951 4 2 1 1 1722 1500 1742 2128
1952 4 2 1 1 33 1829 1434 2160
1953 4 2 1 1 1025 1892 1996 2269
1954 4 2 1 1 840 839 2244 2323
1955 4 2 1 1 269 270 271 2192
1956 4 2 1 1 1135 2090 1133 2224
1957 4 2 1 1 2080 2087 1798 2411
1958 4 2 1 1 42 43 155 2063
1959 4 2 1 1 2100 2250 1824 2428
1960 4 2 1 1 44 2061 1822 2211
1961 4 2 1 1 1832 2434 2070 2441
1962 4 2 1 1 1924 1989 448 2429
1963 4 2 1 1 710 1879 1448 2241
1964 4 2 1 1 19 205 2088 2271
1965 4 2 1 1 51 1944 134 2320
1966 4 2 1 1 1648 1296 2079 2285
1967 4 2 1 1 482 1949 1427 1987
1968 4 2 1 1 1434 1829 1694 2160
1969 4 2 1 1 619 621 622 1879
1970 4 2 1 1 1034 1042 1866 2182
1971 4 2 1 1 1887 2118 1935 2343
1972 4 2 1 1 1821 2014 1775 2086
1973 4 2 1 1 1873 1772 1957 2289
1974 4 2 1 1 935 2231 2188 2356
1975 4 2 1 1 1660 1649 927 1830
1976 4 2 1 1 1888 1932 1833 2448
1977 4 2 1 1 1799 1880 2094 2150
1978 4 2 1 1 1844 2080 1798 2411
1979 4 2 1 1 161 1902 38 2065
1980 4 2 1 1 442 994 1255 2041
1981 4 2 1 1 1038 2108 830 2184
1982 4 2 1 1 1430 1968 2048 2249
1983 4 2 1 1 1937 1958 826 2276
1984 4 2 1 1 935 2188 936 2356
1985 4 2 1 1 718 1071 767 2130
1986 4 2 1 1 732 1683 730 1990
1987 4 2 1 1 1790 1857 2013 2333
1988 4 2 1 1 1806 2410 1869 2441
1989 4 2 1 1 1419 231 1998 2135
1990 4 2 1 1 1278 1277 1330 1930
1991 4 2 1 1 1873 2067 1772 2289
1992 4 2 1 1 1927 2173 1833 2287
1993 4 2 1 1 1866 1977 1793 2199
1994 4 2 1 1 1882 2126 1966 2437
1995 4 2 1 1 1415 1414 1947 2274
1996 4 2 1 1 1797 1830 2044 2217
1997 4 2 1 1 368 2018 366 2110
1998 4 2 1 1 1974 2112 2027 2342
1999 4 2 1 1 1121 1694 2155 2215
2000 4 2 1 1 1384 2027 524 2352
2001 4 2 1 1 1794 2043 1872 2146
2002 4 2 1 1 1796 2033 2053 2223
2003 4 2 1 1 1792 2004 1842 2058
2004 4 2 1 1 1374 583 2083 2343
2005 4 2 1 1 1283 1984 1959 2357
2006 4 2 1 1 373 1084 371 2050
2007 4 2 1 1 950 949 948 2062
2008 4 2 1 1 1596 689 1601 2330
2009 4 2 1 1 802 1904 801 2350
2010 4 2 1 1 1145 1995 1165 2010
2011 4 2 1 1 1893 2125 306 2345
2012 4 2 1 1 665 1896 2104 2199
2013 4 2 1 1 1633 822 2139 2371
2014 4 2 1 1 1148 1942 1146 2252
2015 4 2 1 1 1699 1695 1710 1894
2016 4 2 1 1 1155 2061 2022 2187
2017 4 2 1 1 1942 2105 1146 2252
2018 4 2 1 1 142 808 1871 2260
2019 4 2 1 1 619 2094 1879 2230
2020 4 2 1 1 1097 1096 714 2289
2021 4 2 1 1 466 2127 465 2154
2022 4 2 1 1 665 2104 663 2199
2023 4 2 1 1 1108 1833 1490 2123
2024 4 2 1 1 97 96 2052 2190
2025 4 2 1 1 739 2147 1838 2400
2026 4 2 1 1 1800 1858 2110 2181
2027 4 2 1 1 1790 2095 1879 2230
2028 4 2 1 1 258 257 256 1964
2029 4 2 1 1 1936 1959 173 2297
2030 4 2 1 1 840 2244 1961 2323
2031 4 2 1 1 1785 2139 1962 2399
2032 4 2 1 1 1258 1823 1257 2295
2033 4 2 1 1 1311 2013 2144 2241
2034 4 2 1 1 2005 2072 914 2296
2035 4 2 1 1 1137 701 1450 2183
2036 4 2 1 1 1842 1792 2058 2308
2037 4 2 1 1 1977 2182 1807 2367
2038 4 2 1 1 1151 2069 1942 2273
2039 4 2 1 1 1363 306 2125 2345
2040 4 2 1 1 852 2006 2073 2452
2041 4 2 1 1 989 1187 1952 2076
2042 4 2 1 1 2016 2169 1820 2330
2043 4 2 1 1 976 2246 1666 2356
2044 4 2 1 1 1332 1335 1331 1834
2045 4 2 1 1 625 2095 1917 2257
2046 4 2 1 1 1785 2139 2023 2293
2047 4 2 1 1 845 2022 844 2294
2048 4 2 1 1 1889 1800 2121 2191
2049 4 2 1 1 1716 2098 1898 2400
2050 4 2 1 1 210 212 2111 2418
2051 4 2 1 1 1742 1506 1943 2128
2052 4 2 1 1 1129 1130 1861 2103
2053 4 2 1 1 33 1829 2160 2311
2054 4 2 1 1 869 971 867 1999
2055 4 2 1 1 1829 2155 1920 2311
2056 4 2 1 1 1709 1516 181 1909
2057 4 2 1 1 1430 1968 751 2048
2058 4 2 1 1 1813 1949 1912 2385
2059 4 2 1 1 1823 2198 1257 2295
2060 4 2 1 1 989 2076 1924 2429
2061 4 2 1 1 898 899 2041 2317
2062 4 2 1 1 1778 2235 2054 2433
2063 4 2 1 1 1894 1798 2080 2312
2064 4 2 1 1 344 343 2141 2253
2065 4 2 1 1 99 100 141 1866
2066 4 2 1 1 1106 1490 1108 1833
2067 4 2 1 1 1350 1978 1351 2336
2068 4 2 1 1 65 2053 1274 2315
2069 4 2 1 1 603 604 605 2045
2070 4 2 1 1 1388 2043 1951 2283
2071 4 2 1 1 1895 2030 1847 2326
2072 4 2 1 1 1799 2075 1880 2390
2073 4 2 1 1 1427 482 716 1949
2074 4 2 1 1 1784 2020 2024 2281
2075 4 2 1 1 621 1879 619 2094
2076 4 2 1 1 189 1434 33 1829
2077 4 2 1 1 647 2067 650 2226
2078 4 2 1 1 1794 1872 2043 2184
2079 4 2 1 1 143 2113 2086 2422
2080 4 2 1 1 1117 1116 1620 2020
2081 4 2 1 1 878 1852 2091 2299
2082 4 2 1 1 1987 2291 1836 2381
2083 4 2 1 1 645 2067 647 2226
2084 4 2 1 1 273 1981 272 2235
2085 4 2 1 1 1925 2167 1298 2213
2086 4 2 1 1 1795 1925 2045 2441
2087 4 2 1 1 1732 1728 1731 1898
2088 4 2 1 1 33 189 1829 2311
2089 4 2 1 1 737 1596 749 2330
2090 4 2 1 1 1866 1793 2046 2199
2091 4 2 1 1 1786 2028 2100 2250
2092 4 2 1 1 1245 884 998 2163
2093 4 2 1 1 819 820 821 2139
2094 4 2 1 1 951 949 950 1831
2095 4 2 1 1 1776 1982 1947 2169
2096 4 2 1 1 312 313 311 1956
2097 4 2 1 1 681 792 2119 2193
2098 4 2 1 1 94 1139 93 2121
2099 4 2 1 1 1651 2035 1414 2274
2100 4 2 1 1 1268 1923 1269 2180
2101 4 2 1 1 1175 1173 62 2162
2102 4 2 1 1 345 1924 343 2253
2103 4 2 1 1 1311 2013 169 2144
2104 4 2 1 1 2051 2190 1078 2228
2105 4 2 1 1 613 2107 1970 2285
2106 4 2 1 1 1454 2095 627 2257
2107 4 2 1 1 1900 669 2157 2318
2108 4 2 1 1 1798 1839 2088 2111
2109 4 2 1 1 108 1929 2147 2400
2110 4 2 1 1 291 434 1875 2196
2111 4 2 1 1 807 193 803 2260
2112 4 2 1 1 1845 2025 1777 2036
2113 4 2 1 1 36 1125 135 1828
2114 4 2 1 1 1590 739 1838 2400
2115 4 2 1 1 489 2270 2346 2439
2116 4 2 1 1 1346 1347 2032 2230
2117 4 2 1 1 1901 1782 2062 2300
2118 4 2 1 1 681 792 467 2202
2119 4 2 1 1 1381 1988 865 2363
2120 4 2 1 1 1978 2107 1348 2329
2121 4 2 1 1 1324 558 1864 2170
2122 4 2 1 1 1419 231 225 1998
2123 4 2 1 1 318 319 317 1960
2124 4 2 1 1 1011 808 805 2178
2125 4 2 1 1 1781 2195 2030 2295
2126 4 2 1 1 1887 1796 2053 2180
2127 4 2 1 1 2048 2249 2011 2327
2128 4 2 1 1 39 2112 1902 2242
2129 4 2 1 1 1830 2387 1868 2447
2130 4 2 1 1 448 1924 345 1989
2131 4 2 1 1 1000 2091 2007 2438
2132 4 2 1 1 1853 2186 2056 2423
2133 4 2 1 1 1604 1854 276 2222
2134 4 2 1 1 1139 1883 2121 2131
2135 4 2 1 1 982 1083 454 1901
2136 4 2 1 1 218 1949 1405 2409
2137 4 2 1 1 1939 1988 1780 2314
2138 4 2 1 1 1868 2387 1811 2447
2139 4 2 1 1 1798 2021 2161 2312
2140 4 2 1 1 1348 2107 404 2329
2141 4 2 1 1 103 144 104 2251
2142 4 2 1 1 1910 2074 804 2378
2143 4 2 1 1 1779 2324 1854 2449
2144 4 2 1 1 1272 1274 1268 2180
2145 4 2 1 1 1429 767 1071 2262
2146 4 2 1 1 1849 1787 2132 2390
2147 4 2 1 1 62 1570 1985 2162
2148 4 2 1 1 303 305 1242 2001
2149 4 2 1 1 1545 2045 1328 2326
2150 4 2 1 1 489 2346 1404 2439
2151 4 2 1 1 1928 1961 1524 2309
2152 4 2 1 1 1798 2021 1839 2111
2153 4 2 1 1 2027 2112 1801 2342
2154 4 2 1 1 859 2145 861 2179
2155 4 2 1 1 1159 1160 1158 1899
2156 4 2 1 1 1401 1962 1920 2311
2157 4 2 1 1 663 2104 1977 2199
2158 4 2 1 1 173 1285 1284 1959
2159 4 2 1 1 1716 1702 772 1898
2160 4 2 1 1 902 2254 2042 2340
2161 4 2 1 1 102 1677 2036 2305
2162 4 2 1 1 480 1987 1963 2381
2163 4 2 1 1 1824 2250 1253 2310
2164 4 2 1 1 1246 997 439 2335
2165 4 2 1 1 284 1865 285 2201
2166 4 2 1 1 1905 1789 2061 2165
2167 4 2 1 1 88 1663 89 2174
2168 4 2 1 1 1800 1889 2121 2131
2169 4 2 1 1 2052 2062 1782 2300
2170 4 2 1 1 452 1102 1178 2129
2171 4 2 1 1 1970 2107 1469 2336
2172 4 2 1 1 1898 1838 2098 2212
2173 4 2 1 1 128 1610 1172 2434
2174 4 2 1 1 1439 2127 466 2154
2175 4 2 1 1 1660 1138 1649 1830
2176 4 2 1 1 1281 1955 1917 2288
2177 4 2 1 1 1815 1920 2139 2399
2178 4 2 1 1 1663 1983 975 2009
2179 4 2 1 1 1872 1964 1801 2342
2180 4 2 1 1 828 2108 1937 2184
2181 4 2 1 1 665 664 663 2104
2182 4 2 1 1 1107 1106 1833 2287
2183 4 2 1 1 623 1879 710 2144
2184 4 2 1 1 494 2014 1913 2451
2185 4 2 1 1 2138 2351 1959 2392
2186 4 2 1 1 576 1940 577 2239
2187 4 2 1 1 1988 2120 1780 2314
2188 4 2 1 1 1133 1861 702 2224
2189 4 2 1 1 994 898 2041 2317
2190 4 2 1 1 988 448 1989 2429
2191 4 2 1 1 1522 615 1525 1880
2192 4 2 1 1 1776 1947 1820 2169
2193 4 2 1 1 681 2119 1950 2193
2194 4 2 1 1 2007 2091 1000 2432
2195 4 2 1 1 1633 2371 2139 2430
2196 4 2 1 1 1554 1935 1565 2345
2197 4 2 1 1 621 1879 2094 2417
2198 4 2 1 1 650 652 2181 2189
2199 4 2 1 1 707 2346 2137 2422
2200 4 2 1 1 1812 2208 2006 2433
2201 4 2 1 1 936 2188 1976 2356
2202 4 2 1 1 937 1976 976 2356
2203 4 2 1 1 1890 2069 1646 2273
2204 4 2 1 1 1850 2110 1090 2181
2205 4 2 1 1 1740 1729 1736 1909
2206 4 2 1 1 162 2090 1999 2373
2207 4 2 1 1 1753 1769 1771 2271
2208 4 2 1 1 965 1937 829 2108
2209 4 2 1 1 1297 1298 2167 2213
2210 4 2 1 1 1048 391 1443 1938
2211 4 2 1 1 243 1403 2023 2430
2212 4 2 1 1 45 1155 2061 2211
2213 4 2 1 1 921 1653 919 2076
2214 4 2 1 1 802 803 193 2113
2215 4 2 1 1 1831 1907 1866 2256
2216 4 2 1 1 96 1082 2052 2300
2217 4 2 1 1 1799 2005 1849 2055
2218 4 2 1 1 852 851 2006 2452
2219 4 2 1 1 183 1929 780 2096
2220 4 2 1 1 1832 1993 1869 2254
2221 4 2 1 1 1626 1900 1472 2318
2222 4 2 1 1 1830 1930 1868 2307
2223 4 2 1 1 1961 2323 2015 2445
2224 4 2 1 1 1101 656 658 1997
2225 4 2 1 1 844 1928 1009 2294
2226 4 2 1 1 1025 1892 458 2313
2227 4 2 1 1 1804 2145 1865 2201
2228 4 2 1 1 1792 1834 2058 2168
2229 4 2 1 1 1772 1919 1886 2129
2230 4 2 1 1 684 2198 2030 2295
2231 4 2 1 1 19 2088 2066 2271
2232 4 2 1 1 1900 2127 1472 2318
2233 4 2 1 1 1786 2100 2028 2124
2234 4 2 1 1 1967 2183 1809 2363
2235 4 2 1 1 1860 2384 2096 2453
2236 4 2 1 1 1472 1900 1626 2127
2237 4 2 1 1 1462 1460 1423 2110
2238 4 2 1 1 907 2254 906 2298
2239 4 2 1 1 609 611 610 2232
2240 4 2 1 1 1833 2407 1888 2448
2241 4 2 1 1 1812 1922 2208 2433
2242 4 2 1 1 1657 1881 703 2416
2243 4 2 1 1 361 1178 1888 2129
2244 4 2 1 1 513 2200 1903 2215
2245 4 2 1 1 1457 1962 1056 2117
2246 4 2 1 1 1536 1604 276 2222
2247 4 2 1 1 2100 2124 1786 2357
2248 4 2 1 1 1941 2266 1799 2390
2249 4 2 1 1 918 1952 1187 2076
2250 4 2 1 1 1805 1898 1838 2388
2251 4 2 1 1 913 2005 914 2296
2252 4 2 1 1 1850 2050 2018 2341
2253 4 2 1 1 1886 2129 1919 2325
2254 4 2 1 1 1896 1846 2046 2305
2255 4 2 1 1 1691 775 157 1837
2256 4 2 1 1 156 1677 101 2046
2257 4 2 1 1 1796 2053 1923 2223
2258 4 2 1 1 1798 1835 2161 2418
2259 4 2 1 1 1810 1982 1973 2359
2260 4 2 1 1 1648 611 1296 2285
2261 4 2 1 1 1808 1888 2407 2448
2262 4 2 1 1 951 1670 949 1831
2263 4 2 1 1 1909 2098 1838 2212
2264 4 2 1 1 222 2142 1813 2409
2265 4 2 1 1 797 2087 1053 2088
2266 4 2 1 1 1928 2148 1009 2294
2267 4 2 1 1 227 228 229 2427
2268 4 2 1 1 602 600 1895 2326
2269 4 2 1 1 1943 2128 1506 2406
2270 4 2 1 1 1880 2150 1799 2390
2271 4 2 1 1 285 433 1865 2120
2272 4 2 1 1 1258 1823 2295 2331
2273 4 2 1 1 795 476 1017 1906
2274 4 2 1 1 1935 2083 1796 2343
2275 4 2 1 1 1527 1595 282 1843
2276 4 2 1 1 1936 2089 1288 2316
2277 4 2 1 1 1872 2146 1964 2342
2278 4 2 1 1 1829 1962 1920 2399
2279 4 2 1 1 1779 2047 1843 2049
2280 4 2 1 1 1879 2055 1799 2417
2281 4 2 1 1 1789 2031 2038 2192
2282 4 2 1 1 82 2013 1311 2241
2283 4 2 1 1 1048 391 1938 2304
2284 4 2 1 1 1962 2139 1785 2293
2285 4 2 1 1 2083 2180 1796 2343
2286 4 2 1 1 1887 1935 1796 2343
2287 4 2 1 1 1798 2021 1894 2234
2288 4 2 1 1 791 1894 1710 2312
2289 4 2 1 1 1423 2093 1461 2226
2290 4 2 1 1 1999 2090 1458 2261
2291 4 2 1 1 1598 2192 1826 2235
2292 4 2 1 1 281 432 2047 2201
2293 4 2 1 1 1362 1554 1565 2345
2294 4 2 1 1 211 2048 212 2327
2295 4 2 1 1 1416 233 238 1982
2296 4 2 1 1 1113 690 1112 1971
2297 4 2 1 1 1798 2111 1835 2418
2298 4 2 1 1 135 2068 1119 2155
2299 4 2 1 1 284 2172 1865 2201
2300 4 2 1 1 1598 1229 1606 2235
2301 4 2 1 1 1117 2020 1620 2149
2302 4 2 1 1 1814 2138 1984 2428
2303 4 2 1 1 1430 2249 2048 2327
2304 4 2 1 1 1913 2135 1998 2321
2305 4 2 1 1 1899 2242 41 2362
2306 4 2 1 1 1208 1005 1207 2040
2307 4 2 1 1 365 1886 1103 2129
2308 4 2 1 1 1173 1174 1131 1881
2309 4 2 1 1 1365 1576 1368 2419
2310 4 2 1 1 1772 1976 1919 2129
2311 4 2 1 1 497 499 1876 2130
2312 4 2 1 1 1795 2042 1855 2070
2313 4 2 1 1 1905 1980 534 2194
2314 4 2 1 1 1398 510 508 2078
2315 4 2 1 1 1844 2080 785 2290
2316 4 2 1 1 1646 1890 561 2069
2317 4 2 1 1 1895 2089 1855 2382
2318 4 2 1 1 765 2096 780 2216
2319 4 2 1 1 1797 2044 2177 2421
2320 4 2 1 1 1913 2321 1998 2440
2321 4 2 1 1 69 1959 68 2138
2322 4 2 1 1 1350 1469 2107 2336
2323 4 2 1 1 42 155 1159 2063
2324 4 2 1 1 1859 1854 2151 2303
2325 4 2 1 1 1323 2170 1864 2172
2326 4 2 1 1 2054 2235 1826 2433
2327 4 2 1 1 247 2024 248 2281
2328 4 2 1 1 1799 2055 1879 2386
2329 4 2 1 1 1165 1145 1166 1995
2330 4 2 1 1 891 893 1580 2026
2331 4 2 1 1 650 682 1858 2181
2332 4 2 1 1 653 1946 652 2189
2333 4 2 1 1 1778 2071 2054 2235
2334 4 2 1 1 1774 2236 1835 2327
2335 4 2 1 1 197 41 2242 2362
2336 4 2 1 1 1907 1078 2190 2228
2337 4 2 1 1 1731 1898 1728 2098
2338 4 2 1 1 1164 51 134 2320
2339 4 2 1 1 1899 2063 2015 2362
2340 4 2 1 1 878 877 876 2091
2341 4 2 1 1 479 1835 799 2327
2342 4 2 1 1 484 482 483 1987
2343 4 2 1 1 1874 2213 1925 2232
2344 4 2 1 1 108 1929 183 2096
2345 4 2 1 1 1797 2044 1955 2217
2346 4 2 1 1 1687 1753 2197 2271
2347 4 2 1 1 99 1675 1635 2256
2348 4 2 1 1 1347 1346 1343 2230
2349 4 2 1 1 1879 1799 2094 2417
2350 4 2 1 1 497 499 498 1876
2351 4 2 1 1 253 2043 255 2184
2352 4 2 1 1 1604 1854 2151 2302
2353 4 2 1 1 1786 2138 1959 2392
2354 4 2 1 1 1815 2139 2023 2399
2355 4 2 1 1 1207 2047 2040 2324
2356 4 2 1 1 1887 1796 2180 2343
2357 4 2 1 1 313 2114 1956 2292
2358 4 2 1 1 1790 1952 1857 2333
2359 4 2 1 1 155 43 1305 2063
2360 4 2 1 1 344 2141 2032 2253
2361 4 2 1 1 2018 2050 1850 2414
2362 4 2 1 1 1788 1852 2034 2162
2363 4 2 1 1 234 1414 475 1947
2364 4 2 1 1 480 481 1987 2381
2365 4 2 1 1 509 511 1114 1971
2366 4 2 1 1 1830 1797 2060 2447
2367 4 2 1 1 1801 1964 1872 2136
2368 4 2 1 1 1357 1481 1534 1992
2369 4 2 1 1 1072 484 486 2008
2370 4 2 1 1 1440 2267 727 2318
2371 4 2 1 1 1480 2006 968 2238
2372 4 2 1 1 1855 2089 1895 2277
2373 4 2 1 1 1830 2307 1983 2412
2374 4 2 1 1 1255 1250 2041 2122
2375 4 2 1 1 330 2210 405 2336
2376 4 2 1 1 420 1388 2043 2328
2377 4 2 1 1 1771 2197 1753 2271
2378 4 2 1 1 727 729 2019 2267
2379 4 2 1 1 1047 1683 732 1990
2380 4 2 1 1 1342 1345 2075 2134
2381 4 2 1 1 522 521 1991 2153
2382 4 2 1 1 1175 1174 1173 1881
2383 4 2 1 1 1928 1822 2323 2445
2384 4 2 1 1 1963 2080 687 2381
2385 4 2 1 1 1804 1908 2201 2353
2386 4 2 1 1 859 861 1529 2179
2387 4 2 1 1 162 1458 1562 1999
2388 4 2 1 1 1419 2135 1998 2142
2389 4 2 1 1 1596 2099 749 2330
2390 4 2 1 1 1597 885 887 2033
2391 4 2 1 1 434 1222 289 2120
2392 4 2 1 1 1181 1877 986 2101
2393 4 2 1 1 1792 2168 2058 2308
2394 4 2 1 1 1454 627 1512 2257
2395 4 2 1 1 1778 2006 1981 2433
2396 4 2 1 1 1281 711 1282 1955
2397 4 2 1 1 1797 1830 2217 2447
2398 4 2 1 1 893 1819 2351 2375
2399 4 2 1 1 1111 691 1117 2200
2400 4 2 1 1 1469 1970 1523 2107
2401 4 2 1 1 1593 2092 1323 2278
2402 4 2 1 1 135 1119 1118 2155
2403 4 2 1 1 344 345 343 2253
2404 4 2 1 1 1024 960 979 2152
2405 4 2 1 1 662 1977 678 2367
2406 4 2 1 1 2035 2064 1827 2337
2407 4 2 1 1 674 2109 2082 2349
2408 4 2 1 1 727 2267 2019 2318
2409 4 2 1 1 1773 1838 2082 2147
2410 4 2 1 1 910 1264 2081 2298
2411 4 2 1 1 877 875 876 2091
2412 4 2 1 1 897 2041 2057 2374
2413 4 2 1 1 1814 2395 2138 2428
2414 4 2 1 1 902 993 2254 2340
2415 4 2 1 1 1268 2053 65 2223
2416 4 2 1 1 1881 2404 1802 2416
2417 4 2 1 1 366 365 364 1886
2418 4 2 1 1 480 481 469 1987
2419 4 2 1 1 799 2161 1835 2418
2420 4 2 1 1 1804 1908 2145 2201
2421 4 2 1 1 1328 2030 1540 2326
2422 4 2 1 1 593 595 2028 2124
2423 4 2 1 1 1868 712 2218 2393
2424 4 2 1 1 548 2151 1240 2303
2425 4 2 1 1 69 1959 2138 2351
2426 4 2 1 1 1830 2217 1930 2307
2427 4 2 1 1 1667 1919 2121 2246
2428 4 2 1 1 855 2156 1501 2452
2429 4 2 1 1 1964 2146 1851 2342
2430 4 2 1 1 1666 2246 1957 2356
2431 4 2 1 1 25 1904 2113 2422
2432 4 2 1 1 1068 1066 687 2080
2433 4 2 1 1 1802 2404 1940 2416
2434 4 2 1 1 1818 2276 1937 2361
2435 4 2 1 1 1904 1968 146 2350
2436 4 2 1 1 707 2346 1821 2439
2437 4 2 1 1 592 2124 2100 2357
2438 4 2 1 1 1795 1855 2042 2317
2439 4 2 1 1 1899 2015 1791 2362
2440 4 2 1 1 1805 1909 1906 2388
2441 4 2 1 1 1906 1909 1838 2388
2442 4 2 1 1 517 516 518 2200
2443 4 2 1 1 602 600 726 1895
2444 4 2 1 1 1845 1996 1803 2401
2445 4 2 1 1 345 347 1989 2253
2446 4 2 1 1 1774 2011 2236 2327
2447 4 2 1 1 1849 1799 2055 2150
2448 4 2 1 1 1836 2291 487 2381
2449 4 2 1 1 725 1936 1288 2316
2450 4 2 1 1 235 237 236 1947
2451 4 2 1 1 1782 2050 1901 2062
2452 4 2 1 1 286 288 2120 2415
2453 4 2 1 1 1869 1916 1832 2254
2454 4 2 1 1 164 1923 1268 2223
2455 4 2 1 1 986 1877 450 2247
2456 4 2 1 1 1564 1965 28 2337
2457 4 2 1 1 1781 1960 2195 2295
2458 4 2 1 1 1830 2233 927 2412
2459 4 2 1 1 963 1698 1680 2269
2460 4 2 1 1 1853 2133 1791 2186
2461 4 2 1 1 1958 2017 1828 2268
2462 4 2 1 1 1774 2048 2011 2327
2463 4 2 1 1 1805 1838 1909 2388
2464 4 2 1 1 1906 1773 2109 2119
2465 4 2 1 1 1921 2183 1137 2261
2466 4 2 1 1 1998 2135 1913 2440
2467 4 2 1 1 277 1854 278 2324
2468 4 2 1 1 1920 2155 2017 2311
2469 4 2 1 1 989 1187 447 1952
2470 4 2 1 1 72 198 71 2089
2471 4 2 1 1 1791 2194 1980 2445
2472 4 2 1 1 243 244 245 2430
2473 4 2 1 1 1048 1938 2116 2304
2474 4 2 1 1 1545 1481 1328 2045
2475 4 2 1 1 460 470 1878 2109
2476 4 2 1 1 1379 1927 642 2173
2477 4 2 1 1 1775 1813 2074 2142
2478 4 2 1 1 1300 2079 1299 2263
2479 4 2 1 1 1209 2031 1213 2203
2480 4 2 1 1 1797 1931 2347 2425
2481 4 2 1 1 344 1341 2032 2141
2482 4 2 1 1 2109 2119 1773 2280
2483 4 2 1 1 1602 2372 1814 2395
2484 4 2 1 1 1274 1446 153 1887
2485 4 2 1 1 1534 2045 606 2209
2486 4 2 1 1 340 1863 403 2338
2487 4 2 1 1 1040 385 458 1892
2488 4 2 1 1 1787 1941 2081 2132
2489 4 2 1 1 1323 1237 2170 2172
2490 4 2 1 1 1847 2106 1945 2332
2491 4 2 1 1 245 246 247 2430
2492 4 2 1 1 1842 2308 2058 2397
2493 4 2 1 1 1040 458 1024 1892
2494 4 2 1 1 1670 159 2052 2256
2495 4 2 1 1 1226 2071 2054 2303
2496 4 2 1 1 1443 2116 1938 2154
2497 4 2 1 1 1347 1511 1454 2230
2498 4 2 1 1 555 553 1914 2170
2499 4 2 1 1 371 1084 454 2050
2500 4 2 1 1 1925 1795 2167 2441
2501 4 2 1 1 714 1883 1059 2189
2502 4 2 1 1 1991 2279 1828 2354
2503 4 2 1 1 1986 2046 1793 2171
2504 4 2 1 1 1846 2036 1896 2379
2505 4 2 1 1 1657 2239 1881 2416
2506 4 2 1 1 1827 2035 1776 2064
2507 4 2 1 1 718 766 748 1965
2508 4 2 1 1 1653 2013 1128 2333
2509 4 2 1 1 880 999 2001 2299
2510 4 2 1 1 346 1989 347 2253
2511 4 2 1 1 903 1638 2042 2254
2512 4 2 1 1 1323 1585 1237 2172
2513 4 2 1 1 1850 1800 1946 2341
2514 4 2 1 1 1841 1778 2006 2073
2515 4 2 1 1 1984 2138 1786 2428
2516 4 2 1 1 412 2092 286 2172
2517 4 2 1 1 558 2069 560 2278
2518 4 2 1 1 1277 1930 1278 2217
2519 4 2 1 1 1139 2121 94 2131
2520 4 2 1 1 728 1938 1440 2318
2521 4 2 1 1 1896 2036 1777 2379
2522 4 2 1 1 1395 250 248 2020
2523 4 2 1 1 942 943 941 2115
2524 4 2 1 1 1068 1067 2080 2290
2525 4 2 1 1 1925 2434 2213 2441
2526 4 2 1 1 1181 2101 986 2412
2527 4 2 1 1 1946 2181 652 2189
2528 4 2 1 1 1799 2005 1941 2390
2529 4 2 1 1 982 946 1901 2062
2530 4 2 1 1 1879 2055 1857 2386
2531 4 2 1 1 910 2132 909 2298
2532 4 2 1 1 1380 2145 1865 2314
2533 4 2 1 1 947 2052 1673 2300
2534 4 2 1 1 684 1517 1257 2295
2535 4 2 1 1 1872 2146 2043 2184
2536 4 2 1 1 1781 1855 2089 2382
2537 4 2 1 1 1840 2176 873 2373
2538 4 2 1 1 664 1977 663 2104
2539 4 2 1 1 1777 1845 2036 2251
2540 4 2 1 1 1643 1969 47 2238
2541 4 2 1 1 634 633 2003 2334
2542 4 2 1 1 1774 2011 1949 2236
2543 4 2 1 1 566 1921 1437 2168
2544 4 2 1 1 571 573 572 2002
2545 4 2 1 1 1626 669 1900 2318
2546 4 2 1 1 739 762 723 2147
2547 4 2 1 1 1833 1927 1873 2448
2548 4 2 1 1 1578 1589 737 2016
2549 4 2 1 1 1943 1506 2185 2406
2550 4 2 1 1 1667 2121 147 2246
2551 4 2 1 1 1889 1782 2051 2341
2552 4 2 1 1 2094 2150 616 2417
2553 4 2 1 1 935 1583 2231 2356
2554 4 2 1 1 643 2173 642 2287
2555 4 2 1 1 1055 30 194 2370
2556 4 2 1 1 910 1264 1941 2081
2557 4 2 1 1 1162 2056 2063 2194
2558 4 2 1 1 1733 1735 1744 2212
2559 4 2 1 1 45 2061 1155 2187
2560 4 2 1 1 1493 1432 1392 1912
2561 4 2 1 1 1852 1788 2034 2091
2562 4 2 1 1 1980 2056 1791 2186
2563 4 2 1 1 252 420 1388 2043
2564 4 2 1 1 436 1000 2007 2438
2565 4 2 1 1 1342 2134 1863 2338
2566 4 2 1 1 1847 1945 1795 2332
2567 4 2 1 1 1179 1932 2188 2231
2568 4 2 1 1 1025 1024 1892 2269
2569 4 2 1 1 1436 780 1526 2216
2570 4 2 1 1 819 1962 816 2293
2571 4 2 1 1 1928 2022 1789 2294
2572 4 2 1 1 76 192 1163 1993
2573 4 2 1 1 1912 2135 1493 2142
2574 4 2 1 1 252 420 2043 2328
2575 4 2 1 1 613 1522 1523 2107
2576 4 2 1 1 1897 2102 1788 2438
2577 4 2 1 1 1148 2245 1942 2252
2578 4 2 1 1 1947 2035 1827 2274
2579 4 2 1 1 907 905 906 2254
2580 4 2 1 1 1248 1249 996 2375
2581 4 2 1 1 133 1155 1479 2022
2582 4 2 1 1 1862 1787 2107 2390
2583 4 2 1 1 710 1448 1375 2241
2584 4 2 1 1 1894 2080 1844 2290
2585 4 2 1 1 905 1639 1638 2254
2586 4 2 1 1 862 863 1939 2314
2587 4 2 1 1 1665 1691 1837 2436
2588 4 2 1 1 1880 2107 1787 2390
2589 4 2 1 1 1842 2102 1576 2397
2590 4 2 1 1 1834 2168 1921 2301
2591 4 2 1 1 1180 1932 1179 2101
2592 4 2 1 1 1989 2177 1816 2421
2593 4 2 1 1 641 1107 2123 2173
2594 4 2 1 1 1162 2056 1160 2063
2595 4 2 1 1 1217 2218 636 2365
2596 4 2 1 1 1587 1570 973 1985
2597 4 2 1 1 1870 1791 2244 2344
2598 4 2 1 1 882 1856 881 2240
2599 4 2 1 1 910 1941 911 2132
2600 4 2 1 1 1881 1940 2404 2416
2601 4 2 1 1 1178 451 359 2188
2602 4 2 1 1 1786 2138 2395 2428
2603 4 2 1 1 1406 1079 964 2017
2604 4 2 1 1 1776 1820 2016 2169
2605 4 2 1 1 1756 1894 1755 2143
2606 4 2 1 1 1601 1971 1557 2099
2607 4 2 1 1 1936 2297 2057 2426
2608 4 2 1 1 1021 1033 141 2046
2609 4 2 1 1 820 822 1920 2139
2610 4 2 1 1 1179 2101 1932 2231
2611 4 2 1 1 1960 2295 1781 2426
2612 4 2 1 1 1485 271 273 1981
2613 4 2 1 1 1142 2252 1575 2320
2614 4 2 1 1 1048 1938 1443 2116
2615 4 2 1 1 1608 411 2133 2186
2616 4 2 1 1 644 1098 646 1873
2617 4 2 1 1 335 1862 2266 2329
2618 4 2 1 1 2167 2213 1925 2434
2619 4 2 1 1 1774 1949 1987 2236
2620 4 2 1 1 574 576 577 2239
2621 4 2 1 1 1136 1921 148 2224
2622 4 2 1 1 1905 2165 2061 2284
2623 4 2 1 1 1568 2308 1842 2397
2624 4 2 1 1 468 1987 469 2236
2625 4 2 1 1 2034 2103 1861 2450
2626 4 2 1 1 1019 19 2066 2271
2627 4 2 1 1 80 170 79 2055
2628 4 2 1 1 668 2019 669 2318
2629 4 2 1 1 436 2007 1000 2432
2630 4 2 1 1 975 931 933 2231
2631 4 2 1 1 1798 2080 1836 2444
2632 4 2 1 1 1374 1935 583 2343
2633 4 2 1 1 1798 1836 2087 2444
2634 4 2 1 1 1715 772 1702 1898
2635 4 2 1 1 1607 1958 1616 2276
2636 4 2 1 1 1842 2058 2004 2397
2637 4 2 1 1 228 1998 2321 2427
2638 4 2 1 1 1780 1979 1890 2069
2639 4 2 1 1 1797 2347 2085 2425
2640 4 2 1 1 1388 1951 1630 2283
2641 4 2 1 1 812 2035 813 2274
2642 4 2 1 1 1419 1998 225 2142
2643 4 2 1 1 1928 1789 2148 2294
2644 4 2 1 1 1922 1981 1826 2235
2645 4 2 1 1 852 851 850 2006
2646 4 2 1 1 1831 2227 950 2420
2647 4 2 1 1 286 288 287 2120
2648 4 2 1 1 1013 802 801 2350
2649 4 2 1 1 330 1978 2210 2336
2650 4 2 1 1 836 2097 835 2136
2651 4 2 1 1 1910 1998 1775 2074
2652 4 2 1 1 1072 2008 486 2270
2653 4 2 1 1 1153 2132 1849 2263
2654 4 2 1 1 678 1977 664 2104
2655 4 2 1 1 1828 2017 1784 2068
2656 4 2 1 1 893 2374 1819 2375
2657 4 2 1 1 1886 2018 1800 2110
2658 4 2 1 1 1663 1983 88 2307
2659 4 2 1 1 1798 1963 1836 2080
2660 4 2 1 1 162 1999 1562 2373
2661 4 2 1 1 438 305 1893 2255
2662 4 2 1 1 1842 1792 2002 2450
2663 4 2 1 1 1595 1843 1238 2172
2664 4 2 1 1 1898 1929 1838 2388
2665 4 2 1 1 1881 2103 1173 2162
2666 4 2 1 1 1679 102 1677 2036
2667 4 2 1 1 1125 2065 188 2279
2668 4 2 1 1 2013 2144 1917 2288
2669 4 2 1 1 214 479 799 2327
2670 4 2 1 1 880 878 999 2299
2671 4 2 1 1 1288 1936 1290 2089
2672 4 2 1 1 1832 1795 2042 2441
2673 4 2 1 1 1851 2146 1624 2283
2674 4 2 1 1 605 2209 1925 2232
2675 4 2 1 1 1191 1851 1194 2153
2676 4 2 1 1 1587 1985 973 2240
2677 4 2 1 1 28 1871 142 2337
2678 4 2 1 1 1708 1844 785 2290
2679 4 2 1 1 1473 2034 60 2176
2680 4 2 1 1 243 1403 422 2023
2681 4 2 1 1 1308 2213 2167 2434
2682 4 2 1 1 1501 2156 1841 2452
2683 4 2 1 1 1607 826 1958 2276
2684 4 2 1 1 148 1137 2183 2261
2685 4 2 1 1 1665 761 1691 2436
2686 4 2 1 1 714 1096 1059 1883
2687 4 2 1 1 961 1680 2025 2269
2688 4 2 1 1 291 293 1933 2205
2689 4 2 1 1 464 465 1948 2154
2690 4 2 1 1 1785 2275 2099 2368
2691 4 2 1 1 1177 139 81 1857
2692 4 2 1 1 1861 2002 1792 2450
2693 4 2 1 1 977 1676 1635 1986
2694 4 2 1 1 154 1995 1969 2238
2695 4 2 1 1 1853 1791 2133 2344
2696 4 2 1 1 1834 1921 1890 2301
2697 4 2 1 1 1570 973 1985 2240
2698 4 2 1 1 148 1921 1137 2261
2699 4 2 1 1 435 1933 2159 2348
2700 4 2 1 1 324 323 322 2106
2701 4 2 1 1 1787 1849 2079 2390
2702 4 2 1 1 1903 1815 2149 2248
2703 4 2 1 1 1702 1716 204 2098
2704 4 2 1 1 422 1407 241 2023
2705 4 2 1 1 1520 136 1519 2363
2706 4 2 1 1 1803 1948 1885 2127
2707 4 2 1 1 1820 2169 1947 2275
2708 4 2 1 1 373 372 1911 2050
2709 4 2 1 1 1777 2019 1900 2157
2710 4 2 1 1 1793 1986 1866 2046
2711 4 2 1 1 1888 1932 1808 2188
2712 4 2 1 1 927 2060 926 2233
2713 4 2 1 1 1788 2007 1840 2091
2714 4 2 1 1 285 287 433 2120
2715 4 2 1 1 364 363 362 2376
2716 4 2 1 1 460 470 461 1878
2717 4 2 1 1 1793 1977 1966 2104
2718 4 2 1 1 1797 2347 1931 2447
2719 4 2 1 1 678 1032 1060 2322
2720 4 2 1 1 1788 2102 2007 2438
2721 4 2 1 1 1384 2027 2112 2258
2722 4 2 1 1 1791 2063 2194 2445
2723 4 2 1 1 1289 68 1283 1984
2724 4 2 1 1 693 1884 504 2130
2725 4 2 1 1 704 2180 1923 2306
2726 4 2 1 1 1846 1793 2046 2171
2727 4 2 1 1 1657 1131 1174 1881
2728 4 2 1 1 1887 2053 1796 2394
2729 4 2 1 1 1290 1936 173 2297
2730 4 2 1 1 2139 2371 1920 2430
2731 4 2 1 1 291 292 293 2205
2732 4 2 1 1 677 727 729 2019
2733 4 2 1 1 1586 1332 1334 2058
2734 4 2 1 1 2297 2351 974 2374
2735 4 2 1 1 1486 1297 2167 2213
2736 4 2 1 1 1591 148 2183 2261
2737 4 2 1 1 97 98 1049 2256
2738 4 2 1 1 1841 1778 2073 2449
2739 4 2 1 1 401 1339 2085 2253
2740 4 2 1 1 379 2126 2243 2437
2741 4 2 1 1 256 1555 1964 2146
2742 4 2 1 1 1589 737 2016 2330
2743 4 2 1 1 1730 1728 204 2098
2744 4 2 1 1 187 1153 1645 2005
2745 4 2 1 1 340 1342 1863 2338
2746 4 2 1 1 1442 1047 732 1900
2747 4 2 1 1 365 1103 363 2129
2748 4 2 1 1 707 2422 757 2439
2749 4 2 1 1 1840 1792 2004 2450
2750 4 2 1 1 1149 1151 1942 2273
2751 4 2 1 1 1346 1347 1454 2032
2752 4 2 1 1 146 24 23 2422
2753 4 2 1 1 519 518 520 1991
2754 4 2 1 1 1340 1454 1512 2032
2755 4 2 1 1 628 2084 629 2257
2756 4 2 1 1 1798 2087 2080 2444
2757 4 2 1 1 1892 1938 1777 2304
2758 4 2 1 1 1799 1863 2075 2134
2759 4 2 1 1 1842 2004 1792 2450
2760 4 2 1 1 774 2078 2000 2160
2761 4 2 1 1 1787 2079 1880 2390
2762 4 2 1 1 1398 2000 774 2078
2763 4 2 1 1 1350 1469 1523 2107
2764 4 2 1 1 671 672 1885 2202
2765 4 2 1 1 1788 1840 2034 2091
2766 4 2 1 1 875 972 873 2034
2767 4 2 1 1 23 2137 1968 2422
2768 4 2 1 1 1865 1780 2314 2358
2769 4 2 1 1 1789 2038 1922 2192
2770 4 2 1 1 189 1694 1434 1829
2771 4 2 1 1 1501 165 1502 1841
2772 4 2 1 1 1866 1986 1831 2256
2773 4 2 1 1 2015 2244 839 2323
2774 4 2 1 1 539 541 2031 2272
2775 4 2 1 1 1801 1870 1964 2366
2776 4 2 1 1 1068 1894 1069 2290
2777 4 2 1 1 672 731 730 2127
2778 4 2 1 1 1974 2027 1851 2342
2779 4 2 1 1 1527 1238 1595 1843
2780 4 2 1 1 1440 1938 2267 2318
2781 4 2 1 1 1374 583 586 2083
2782 4 2 1 1 1857 2005 1799 2055
2783 4 2 1 1 2133 2319 261 2366
2784 4 2 1 1 1906 2119 2109 2280
2785 4 2 1 1 267 2038 268 2148
2786 4 2 1 1 95 94 2121 2131
2787 4 2 1 1 303 302 304 2125
2788 4 2 1 1 1062 1997 1466 2207
2789 4 2 1 1 877 1573 875 2034
2790 4 2 1 1 1249 441 2122 2375
2791 4 2 1 1 1939 2314 1780 2358
2792 4 2 1 1 20 1867 797 2088
2793 4 2 1 1 729 1031 1030 1848
2794 4 2 1 1 1380 1865 2145 2201
2795 4 2 1 1 1854 2073 1778 2449
2796 4 2 1 1 1328 1541 1540 2030
2797 4 2 1 1 1798 1839 2021 2234
2798 4 2 1 1 891 2026 1580 2138
2799 4 2 1 1 1208 1908 856 2040
2800 4 2 1 1 202 1727 1742 1943
2801 4 2 1 1 977 1675 1670 2256
2802 4 2 1 1 593 595 685 2028
2803 4 2 1 1 1105 645 648 2287
2804 4 2 1 1 910 911 909 2132
2805 4 2 1 1 242 2099 1408 2248
2806 4 2 1 1 67 1984 164 2372
2807 4 2 1 1 242 2023 2099 2248
2808 4 2 1 1 1863 1790 2032 2141
2809 4 2 1 1 636 2218 1975 2365
2810 4 2 1 1 152 1944 1310 2179
2811 4 2 1 1 1936 2057 1781 2426
2812 4 2 1 1 250 2020 1395 2328
2813 4 2 1 1 277 276 278 1854
2814 4 2 1 1 731 1626 732 2127
2815 4 2 1 1 1934 2275 1785 2368
2816 4 2 1 1 1774 1987 1836 2413
2817 4 2 1 1 836 1012 1870 2136
2818 4 2 1 1 1568 1576 410 1842
2819 4 2 1 1 2057 2297 1819 2426
2820 4 2 1 1 644 1873 645 2287
2821 4 2 1 1 1963 2161 1835 2236
2822 4 2 1 1 1805 1929 1898 2388
2823 4 2 1 1 1778 1841 1995 2449
2824 4 2 1 1 566 701 1437 1921
2825 4 2 1 1 1922 1789 2022 2294
2826 4 2 1 1 683 1392 1072 1912
2827 4 2 1 1 1814 1984 1923 2428
2828 4 2 1 1 1473 61 2034 2162
2829 4 2 1 1 643 640 642 2173
2830 4 2 1 1 881 882 883 1856
2831 4 2 1 1 541 542 2031 2272
2832 4 2 1 1 109 108 1929 2402
2833 4 2 1 1 557 559 558 2105
2834 4 2 1 1 1253 1488 1558 2039
2835 4 2 1 1 606 1534 1481 2045
2836 4 2 1 1 1834 1792 2058 2443
2837 4 2 1 1 1034 1052 1042 2182
2838 4 2 1 1 961 1680 1627 2025
2839 4 2 1 1 1188 1952 2072 2338
2840 4 2 1 1 1819 2351 2297 2374
2841 4 2 1 1 1601 1113 1557 1971
2842 4 2 1 1 354 353 352 2220
2843 4 2 1 1 1928 1961 1817 2445
2844 4 2 1 1 560 2069 562 2278
2845 4 2 1 1 1077 1078 2051 2190
2846 4 2 1 1 192 1639 1163 1993
2847 4 2 1 1 1191 1851 2153 2352
2848 4 2 1 1 39 132 2112 2242
2849 4 2 1 1 535 534 1214 1980
2850 4 2 1 1 487 783 1836 2444
2851 4 2 1 1 305 304 306 2125
2852 4 2 1 1 1542 1613 1212 2038
2853 4 2 1 1 1965 2260 1871 2359
2854 4 2 1 1 1345 404 1352 2075
2855 4 2 1 1 683 1912 1072 2270
2856 4 2 1 1 1144 1575 1914 2320
2857 4 2 1 1 300 1897 302 2438
2858 4 2 1 1 100 1635 156 2046
2859 4 2 1 1 1892 1777 2077 2304
2860 4 2 1 1 1903 1815 2248 2399
2861 4 2 1 1 1149 1146 1942 2105
2862 4 2 1 1 1853 1791 2056 2186
2863 4 2 1 1 422 2023 2139 2293
2864 4 2 1 1 539 541 542 2031
2865 4 2 1 1 1784 2024 2020 2149
2866 4 2 1 1 1565 1558 1361 2039
2867 4 2 1 1 1777 1900 2019 2318
2868 4 2 1 1 1154 2053 1597 2223
2869 4 2 1 1 1565 2039 1361 2345
2870 4 2 1 1 169 1311 82 2013
2871 4 2 1 1 1223 1988 1003 2120
2872 4 2 1 1 1294 1296 1295 1874
2873 4 2 1 1 263 264 265 2037
2874 4 2 1 1 379 2126 1954 2243
2875 4 2 1 1 2087 2088 1798 2411
2876 4 2 1 1 783 2291 1836 2444
2877 4 2 1 1 1855 2041 1781 2057
2878 4 2 1 1 103 1679 144 2036
2879 4 2 1 1 1616 2276 1958 2281
2880 4 2 1 1 1149 1942 700 2105
2881 4 2 1 1 1769 1839 1771 2271
2882 4 2 1 1 1776 1884 2064 2130
2883 4 2 1 1 726 1895 600 2316
2884 4 2 1 1 542 1230 1211 2272
2885 4 2 1 1 1816 2177 2044 2421
2886 4 2 1 1 2015 2323 1822 2445
2887 4 2 1 1 340 2134 1342 2338
2888 4 2 1 1 1733 1744 1943 2212
2889 4 2 1 1 1580 2138 2026 2351
2890 4 2 1 1 1924 1989 1825 2253
2891 4 2 1 1 1838 1929 1898 2400
2892 4 2 1 1 425 253 255 2184
2893 4 2 1 1 1335 1331 1834 2301
2894 4 2 1 1 1922 2022 1812 2294
2895 4 2 1 1 1781 2089 1895 2382
2896 4 2 1 1 1139 1456 93 2246
2897 4 2 1 1 323 1945 442 2106
2898 4 2 1 1 1542 2038 1212 2192
2899 4 2 1 1 2097 2244 837 2362
2900 4 2 1 1 503 2016 502 2130
2901 4 2 1 1 1882 2243 2126 2437
2902 4 2 1 1 2086 2113 1904 2422
2903 4 2 1 1 1776 1973 1871 2035
2904 4 2 1 1 832 1872 1572 2136
2905 4 2 1 1 674 477 2109 2349
2906 4 2 1 1 625 1917 628 2257
2907 4 2 1 1 1600 1236 1238 2049
2908 4 2 1 1 1219 2085 2003 2347
2909 4 2 1 1 1962 2117 816 2293
2910 4 2 1 1 1879 2095 622 2230
2911 4 2 1 1 531 2056 1162 2194
2912 4 2 1 1 1209 537 539 2031
2913 4 2 1 1 964 1401 1920 2311
2914 4 2 1 1 85 84 1176 2044
2915 4 2 1 1 1899 1791 2344 2362
2916 4 2 1 1 136 1967 1381 2363
2917 4 2 1 1 1629 899 1611 1855
2918 4 2 1 1 1775 2225 1913 2440
2919 4 2 1 1 387 2116 1892 2304
2920 4 2 1 1 1219 1455 2085 2347
2921 4 2 1 1 268 2038 269 2148
2922 4 2 1 1 1792 1834 2168 2443
2923 4 2 1 1 50 2156 2010 2389
2924 4 2 1 1 1993 2079 1787 2263
2925 4 2 1 1 308 1893 306 2345
2926 4 2 1 1 1976 2129 984 2325
2927 4 2 1 1 1778 1995 1859 2449
2928 4 2 1 1 1810 1910 1871 2178
2929 4 2 1 1 1940 2012 1788 2102
2930 4 2 1 1 1850 1800 2018 2110
2931 4 2 1 1 1747 1513 1763 2290
2932 4 2 1 1 1110 2123 1490 2206
2933 4 2 1 1 1120 135 1125 2354
2934 4 2 1 1 1798 1894 1844 2234
2935 4 2 1 1 975 1659 931 1983
2936 4 2 1 1 1019 2066 19 2088
2937 4 2 1 1 1963 1987 1835 2413
2938 4 2 1 1 191 83 2013 2288
2939 4 2 1 1 667 1896 735 2157
2940 4 2 1 1 988 1185 448 2429
2941 4 2 1 1 830 2108 828 2184
2942 4 2 1 1 1870 1791 2133 2319
2943 4 2 1 1 1936 2198 1781 2316
2944 4 2 1 1 1291 1692 1895 2277
2945 4 2 1 1 387 1892 385 2304
2946 4 2 1 1 234 233 235 1947
2947 4 2 1 1 1793 2104 1896 2199
2948 4 2 1 1 1871 1910 1810 2440
2949 4 2 1 1 676 1711 739 1838
2950 4 2 1 1 1846 2025 2379 2405
2951 4 2 1 1 280 1527 2047 2302
2952 4 2 1 1 307 1893 308 2454
2953 4 2 1 1 1851 1801 1964 2342
2954 4 2 1 1 1280 711 1279 1955
2955 4 2 1 1 1797 2177 1989 2421
2956 4 2 1 1 1254 1253 2250 2310
2957 4 2 1 1 1922 1981 1485 2208
2958 4 2 1 1 301 1897 303 2299
2959 4 2 1 1 1190 1902 161 2175
2960 4 2 1 1 669 1442 1900 2157
2961 4 2 1 1 1774 2059 2008 2346
2962 4 2 1 1 1576 1842 1368 2419
2963 4 2 1 1 1875 2205 1979 2415
2964 4 2 1 1 1796 1935 1893 2345
2965 4 2 1 1 989 918 1187 2076
2966 4 2 1 1 1366 2102 1940 2369
2967 4 2 1 1 1499 1726 2029 2128
2968 4 2 1 1 164 1269 1268 1923
2969 4 2 1 1 172 2167 2070 2434
2970 4 2 1 1 1344 1342 1345 2075
2971 4 2 1 1 150 1661 1099 2289
2972 4 2 1 1 621 710 623 1879
2973 4 2 1 1 1897 2299 301 2438
2974 4 2 1 1 606 2045 605 2209
2975 4 2 1 1 1871 1810 2359 2440
2976 4 2 1 1 1313 2055 80 2241
2977 4 2 1 1 261 2319 1563 2366
2978 4 2 1 1 774 1434 1694 2160
2979 4 2 1 1 1057 131 95 2131
2980 4 2 1 1 1802 1985 1852 2404
2981 4 2 1 1 496 1913 494 2262
2982 4 2 1 1 600 2316 1895 2326
2983 4 2 1 1 1795 1945 1855 2317
2984 4 2 1 1 1363 2125 1362 2345
2985 4 2 1 1 738 676 478 2265
2986 4 2 1 1 918 916 1952 2296
2987 4 2 1 1 713 1099 1098 1873
2988 4 2 1 1 904 902 993 2254
2989 4 2 1 1 1783 2123 2206 2448
2990 4 2 1 1 1865 1780 2120 2314
2991 4 2 1 1 592 594 593 2124
2992 4 2 1 1 1138 1830 1660 2307
2993 4 2 1 1 1304 2015 42 2362
2994 4 2 1 1 106 2259 1860 2384
2995 4 2 1 1 291 1224 434 2196
2996 4 2 1 1 1486 1297 1298 2167
2997 4 2 1 1 650 1858 1085 2226
2998 4 2 1 1 1903 2248 1971 2399
2999 4 2 1 1 314 2164 316 2292
3000 4 2 1 1 1863 1952 1790 2141
3001 4 2 1 1 1242 303 2001 2299
3002 4 2 1 1 1576 2102 1494 2397
3003 4 2 1 1 1192 1851 1191 2214
3004 4 2 1 1 1892 2116 387 2313
3005 4 2 1 1 991 1941 1264 2081
3006 4 2 1 1 1796 1893 2039 2345
3007 4 2 1 1 643 640 2173 2287
3008 4 2 1 1 1835 1963 1798 2161
3009 4 2 1 1 897 898 899 2041
3010 4 2 1 1 1341 344 2032 2253
3011 4 2 1 1 1373 1558 1374 2083
3012 4 2 1 1 1860 106 2384 2453
3013 4 2 1 1 1370 581 584 2158
3014 4 2 1 1 316 2164 1918 2292
3015 4 2 1 1 1833 1932 1888 2264
3016 4 2 1 1 602 2045 603 2326
3017 4 2 1 1 1338 1340 1339 2253
3018 4 2 1 1 1225 1226 2054 2303
3019 4 2 1 1 1802 2001 1897 2404
3020 4 2 1 1 970 1529 1939 2245
3021 4 2 1 1 1849 2132 1941 2390
3022 4 2 1 1 1607 826 1616 1958
3023 4 2 1 1 305 307 438 1893
3024 4 2 1 1 1327 418 1326 1847
3025 4 2 1 1 1806 1925 1874 2441
3026 4 2 1 1 1041 666 677 2104
3027 4 2 1 1 1711 738 1515 2265
3028 4 2 1 1 1057 2131 1889 2424
3029 4 2 1 1 652 1946 654 2181
3030 4 2 1 1 729 1848 1030 2322
3031 4 2 1 1 81 1313 80 2241
3032 4 2 1 1 1838 1773 2109 2388
3033 4 2 1 1 539 540 541 2272
3034 4 2 1 1 547 1147 1859 2219
3035 4 2 1 1 680 1101 1468 2282
3036 4 2 1 1 513 514 2200 2215
3037 4 2 1 1 1328 1847 1326 2195
3038 4 2 1 1 984 1976 1102 2129
3039 4 2 1 1 1501 1502 853 1841
3040 4 2 1 1 1790 2076 1952 2333
3041 4 2 1 1 2057 2089 1855 2277
3042 4 2 1 1 1800 1858 2189 2408
3043 4 2 1 1 2101 2231 2009 2448
3044 4 2 1 1 1881 2118 703 2416
3045 4 2 1 1 1792 1921 2261 2443
3046 4 2 1 1 1331 2168 1834 2301
3047 4 2 1 1 1851 1191 2214 2352
3048 4 2 1 1 1554 584 1935 2158
3049 4 2 1 1 754 1844 1721 2411
3050 4 2 1 1 1044 1896 1022 2305
3051 4 2 1 1 41 1899 1156 2242
3052 4 2 1 1 258 256 1555 1964
3053 4 2 1 1 2096 2384 106 2453
3054 4 2 1 1 1181 450 986 1877
3055 4 2 1 1 1889 2341 2051 2424
3056 4 2 1 1 1774 2008 1949 2385
3057 4 2 1 1 1126 1127 1681 2279
3058 4 2 1 1 1871 2035 1973 2435
3059 4 2 1 1 1801 1964 1870 2344
3060 4 2 1 1 820 1920 821 2139
3061 4 2 1 1 1070 687 2080 2381
3062 4 2 1 1 210 211 209 2048
3063 4 2 1 1 2040 2047 1779 2324
3064 4 2 1 1 45 1484 1155 2211
3065 4 2 1 1 708 1925 1298 2213
3066 4 2 1 1 804 2074 1552 2378
3067 4 2 1 1 1861 2103 2034 2176
3068 4 2 1 1 410 1842 1576 2397
3069 4 2 1 1 665 1402 667 1896
3070 4 2 1 1 1390 1913 1387 2451
3071 4 2 1 1 1513 1844 1708 2290
3072 4 2 1 1 927 925 926 2060
3073 4 2 1 1 570 2168 2002 2308
3074 4 2 1 1 1792 1840 2159 2373
3075 4 2 1 1 964 1401 821 1920
3076 4 2 1 1 874 873 872 1840
3077 4 2 1 1 960 2025 1024 2269
3078 4 2 1 1 1075 660 662 2367
3079 4 2 1 1 1568 1842 410 2397
3080 4 2 1 1 1259 2028 1551 2164
3081 4 2 1 1 1228 1592 1604 2151
3082 4 2 1 1 1568 1368 1576 1842
3083 4 2 1 1 1862 1799 2134 2266
3084 4 2 1 1 1782 1889 2051 2190
3085 4 2 1 1 547 1859 548 2303
3086 4 2 1 1 1769 1760 2234 2271
3087 4 2 1 1 1856 2053 1887 2394
3088 4 2 1 1 1324 555 558 2170
3089 4 2 1 1 1291 1895 2089 2277
3090 4 2 1 1 1782 1907 2051 2228
3091 4 2 1 1 1777 1938 1900 2318
3092 4 2 1 1 1801 2136 1870 2366
3093 4 2 1 1 509 508 510 1953
3094 4 2 1 1 1090 2110 1850 2414
3095 4 2 1 1 543 2054 544 2272
3096 4 2 1 1 369 454 1093 2018
3097 4 2 1 1 1899 2242 1801 2258
3098 4 2 1 1 1775 2014 1913 2225
3099 4 2 1 1 1783 2101 2009 2448
3100 4 2 1 1 1442 1047 1900 2251
3101 4 2 1 1 2002 2012 572 2419
3102 4 2 1 1 1825 2032 1924 2253
3103 4 2 1 1 1866 1907 1807 2182
3104 4 2 1 1 1838 2098 1909 2265
3105 4 2 1 1 152 52 1310 1944
3106 4 2 1 1 2036 2157 1044 2305
3107 4 2 1 1 829 1937 828 2108
3108 4 2 1 1 321 1960 320 2106
3109 4 2 1 1 233 234 232 1973
3110 4 2 1 1 1696 1729 1516 1909
3111 4 2 1 1 1199 161 38 2065
3112 4 2 1 1 1837 2260 1965 2359
3113 4 2 1 1 879 1852 878 2240
3114 4 2 1 1 21 177 1867 2221
3115 4 2 1 1 1136 148 2090 2224
3116 4 2 1 1 230 238 233 2427
3117 4 2 1 1 1870 2133 1791 2344
3118 4 2 1 1 1795 2045 1925 2167
3119 4 2 1 1 791 1671 2161 2312
3120 4 2 1 1 887 1814 2335 2395
3121 4 2 1 1 532 531 533 2194
3122 4 2 1 1 897 2057 1625 2374
3123 4 2 1 1 1999 2348 1809 2363
3124 4 2 1 1 1348 1349 404 2107
3125 4 2 1 1 1121 1694 189 2155
3126 4 2 1 1 847 2022 845 2294
3127 4 2 1 1 1784 2024 1958 2281
3128 4 2 1 1 1913 2135 1387 2451
3129 4 2 1 1 547 2219 1859 2303
3130 4 2 1 1 1794 1974 1902 2279
3131 4 2 1 1 373 455 1084 2227
3132 4 2 1 1 1819 2351 2026 2392
3133 4 2 1 1 735 1896 1044 2157
3134 4 2 1 1 311 1915 310 2310
3135 4 2 1 1 671 672 699 1885
3136 4 2 1 1 988 1989 2060 2177
3137 4 2 1 1 628 711 630 2084
3138 4 2 1 1 1486 2167 1308 2213
3139 4 2 1 1 2071 2151 1854 2303
3140 4 2 1 1 249 248 250 2281
3141 4 2 1 1 626 628 629 2257
3142 4 2 1 1 1806 1992 1916 2210
3143 4 2 1 1 1919 2129 1976 2325
3144 4 2 1 1 1774 1987 1949 2008
3145 4 2 1 1 173 1290 1285 1936
3146 4 2 1 1 605 1925 607 2232
3147 4 2 1 1 1317 1502 165 2389
3148 4 2 1 1 2015 2244 1791 2362
3149 4 2 1 1 1161 2194 2063 2284
3150 4 2 1 1 637 2218 712 2393
3151 4 2 1 1 1470 1090 1462 2181
3152 4 2 1 1 819 2139 1962 2293
3153 4 2 1 1 1846 2036 2025 2405
3154 4 2 1 1 336 335 1862 2266
3155 4 2 1 1 1031 392 1030 1848
3156 4 2 1 1 1423 1461 1086 2226
3157 4 2 1 1 308 1893 2345 2454
3158 4 2 1 1 1611 1855 899 2317
3159 4 2 1 1 1156 1157 2112 2258
3160 4 2 1 1 1788 1840 2007 2450
3161 4 2 1 1 1792 2261 1999 2443
3162 4 2 1 1 1833 2206 2123 2448
3163 4 2 1 1 1794 2146 1872 2342
3164 4 2 1 1 742 1017 740 1906
3165 4 2 1 1 1035 392 2267 2380
3166 4 2 1 1 620 2094 1509 2230
3167 4 2 1 1 418 2106 322 2195
3168 4 2 1 1 1496 1281 1917 2288
3169 4 2 1 1 1066 1068 1067 2080
3170 4 2 1 1 276 1854 277 2222
3171 4 2 1 1 799 1835 479 2418
3172 4 2 1 1 719 727 2019 2318
3173 4 2 1 1 1832 2213 2434 2441
3174 4 2 1 1 1825 2085 1989 2421
3175 4 2 1 1 1788 1852 2162 2404
3176 4 2 1 1 1802 1852 2001 2404
3177 4 2 1 1 1626 669 1442 1900
3178 4 2 1 1 1177 1650 139 1857
3179 4 2 1 1 879 877 878 1852
3180 4 2 1 1 856 2040 1908 2446
3181 4 2 1 1 1721 754 1708 1844
3182 4 2 1 1 1522 615 1880 2285
3183 4 2 1 1 2052 2062 1831 2442
3184 4 2 1 1 1782 2062 2052 2442
3185 4 2 1 1 828 1937 826 2276
3186 4 2 1 1 1848 2126 392 2322
3187 4 2 1 1 693 506 504 1884
3188 4 2 1 1 1126 1681 1974 2279
3189 4 2 1 1 993 1916 2254 2340
3190 4 2 1 1 604 602 1424 2167
3191 4 2 1 1 1042 1907 1049 2256
3192 4 2 1 1 532 534 1980 2194
3193 4 2 1 1 874 872 1233 1840
3194 4 2 1 1 547 1147 550 1859
3195 4 2 1 1 690 1903 1971 2391
3196 4 2 1 1 953 977 951 1986
3197 4 2 1 1 1876 2262 1965 2359
3198 4 2 1 1 682 1423 1858 2181
3199 4 2 1 1 184 1983 1663 2307
3200 4 2 1 1 1506 1412 2185 2406
3201 4 2 1 1 1584 1872 1038 2184
3202 4 2 1 1 1886 2115 453 2325
3203 4 2 1 1 1387 1913 686 2204
3204 4 2 1 1 751 1430 1014 1968
3205 4 2 1 1 276 1604 278 1854
3206 4 2 1 1 1818 2276 251 2281
3207 4 2 1 1 1965 2262 1837 2359
3208 4 2 1 1 411 2037 2133 2186
3209 4 2 1 1 975 1663 1659 1983
3210 4 2 1 1 2042 2070 1832 2434
3211 4 2 1 1 416 1090 1420 1850
3212 4 2 1 1 41 42 1899 2362
3213 4 2 1 1 1194 1191 1192 1851
3214 4 2 1 1 1881 1802 2118 2416
3215 4 2 1 1 2024 2281 1396 2371
3216 4 2 1 1 561 1646 564 1890
3217 4 2 1 1 665 1402 1896 2199
3218 4 2 1 1 2018 2110 368 2414
3219 4 2 1 1 1873 1927 1808 2448
3220 4 2 1 1 1351 330 405 2336
3221 4 2 1 1 1835 1987 1963 2236
3222 4 2 1 1 1801 2242 2112 2258
3223 4 2 1 1 1901 2050 1782 2341
3224 4 2 1 1 1991 2065 1828 2279
3225 4 2 1 1 1835 1774 2327 2413
3226 4 2 1 1 258 1964 260 2366
3227 4 2 1 1 616 615 614 1880
3228 4 2 1 1 565 2168 1331 2301
3229 4 2 1 1 1351 1978 330 2336
3230 4 2 1 1 311 310 312 2310
3231 4 2 1 1 1936 1781 2089 2316
3232 4 2 1 1 1789 1922 2038 2148
3233 4 2 1 1 198 1290 71 2089
3234 4 2 1 1 1771 1769 1758 1839
3235 4 2 1 1 1788 2103 2034 2450
3236 4 2 1 1 1848 2019 1896 2104
3237 4 2 1 1 881 883 1467 1856
3238 4 2 1 1 167 55 2273 2383
3239 4 2 1 1 1205 1853 1193 2214
3240 4 2 1 1 1801 1851 2027 2342
3241 4 2 1 1 719 1440 727 2318
3242 4 2 1 1 411 1546 2037 2186
3243 4 2 1 1 1153 79 78 1849
3244 4 2 1 1 855 2040 2156 2452
3245 4 2 1 1 2051 2341 1946 2424
3246 4 2 1 1 1564 748 1965 2064
3247 4 2 1 1 1747 1844 1513 2290
3248 4 2 1 1 172 1308 2167 2434
3249 4 2 1 1 1810 1913 1876 2359
3250 4 2 1 1 1841 2238 1995 2389
3251 4 2 1 1 1922 1826 2192 2235
3252 4 2 1 1 1869 2081 992 2298
3253 4 2 1 1 1252 1253 591 2250
3254 4 2 1 1 710 2144 1879 2241
3255 4 2 1 1 1835 2236 799 2327
3256 4 2 1 1 1057 1889 96 2190
3257 4 2 1 1 172 2070 2167 2277
3258 4 2 1 1 1153 1849 78 2263
3259 4 2 1 1 1774 2137 2059 2346
3260 4 2 1 1 673 1526 2185 2216
3261 4 2 1 1 1832 2410 1874 2441
3262 4 2 1 1 185 72 71 2057
3263 4 2 1 1 1205 1853 2214 2423
3264 4 2 1 1 1797 2003 2347 2447
3265 4 2 1 1 1204 1608 1193 1853
3266 4 2 1 1 812 814 815 2117
3267 4 2 1 1 1898 1929 1805 2402
3268 4 2 1 1 682 1085 650 1858
3269 4 2 1 1 1110 1972 1507 2123
3270 4 2 1 1 1793 1954 1848 2126
3271 4 2 1 1 1611 901 2042 2317
3272 4 2 1 1 1939 2145 861 2314
3273 4 2 1 1 1629 1611 1140 1855
3274 4 2 1 1 1321 1979 1322 2278
3275 4 2 1 1 1964 2133 260 2366
3276 4 2 1 1 785 1844 1708 2080
3277 4 2 1 1 855 1501 853 2452
3278 4 2 1 1 1015 1036 751 2221
3279 4 2 1 1 1779 2040 2324 2449
3280 4 2 1 1 613 1523 1970 2107
3281 4 2 1 1 1322 1979 1577 2415
3282 4 2 1 1 978 1677 1674 1846
3283 4 2 1 1 1159 41 42 1899
3284 4 2 1 1 1839 2143 2021 2234
3285 4 2 1 1 251 2043 253 2276
3286 4 2 1 1 1849 1799 2150 2390
3287 4 2 1 1 107 108 2096 2147
3288 4 2 1 1 517 518 519 1891
3289 4 2 1 1 1070 687 1066 2080
3290 4 2 1 1 1907 2182 1078 2228
3291 4 2 1 1 1872 2136 1964 2366
3292 4 2 1 1 1207 2040 1005 2324
3293 4 2 1 1 1774 2346 2008 2385
3294 4 2 1 1 1327 1326 1328 1847
3295 4 2 1 1 1857 2241 2013 2333
3296 4 2 1 1 1031 1848 729 2267
3297 4 2 1 1 277 278 279 2324
3298 4 2 1 1 1847 1795 1945 2382
3299 4 2 1 1 1608 1853 1204 2186
3300 4 2 1 1 25 2113 143 2422
3301 4 2 1 1 1740 1723 181 2098
3302 4 2 1 1 647 649 650 2067
3303 4 2 1 1 1319 1864 558 2278
3304 4 2 1 1 1782 1907 2228 2442
3305 4 2 1 1 375 373 1911 2227
3306 4 2 1 1 458 1025 1024 1892
3307 4 2 1 1 1846 1954 1793 2171
3308 4 2 1 1 182 21 20 1867
3309 4 2 1 1 569 2002 570 2168
3310 4 2 1 1 460 2109 1878 2280
3311 4 2 1 1 1990 2259 105 2384
3312 4 2 1 1 1036 2048 751 2221
3313 4 2 1 1 765 183 780 2096
3314 4 2 1 1 581 2118 582 2343
3315 4 2 1 1 1862 1799 2075 2134
3316 4 2 1 1 391 2267 1938 2304
3317 4 2 1 1 1932 2101 1180 2247
3318 4 2 1 1 1587 2240 1467 2315
3319 4 2 1 1 1979 2092 1322 2278
3320 4 2 1 1 172 2167 1692 2277
3321 4 2 1 1 1875 2377 1834 2443
3322 4 2 1 1 165 1841 1501 2389
3323 4 2 1 1 1967 2273 55 2383
3324 4 2 1 1 1870 2097 2344 2362
3325 4 2 1 1 1933 1792 2004 2159
3326 4 2 1 1 180 1513 1747 1844
3327 4 2 1 1 336 2134 337 2266
3328 4 2 1 1 1574 302 1897 2369
3329 4 2 1 1 1913 2204 2135 2321
3330 4 2 1 1 1871 1973 1776 2359
3331 4 2 1 1 736 459 239 2169
3332 4 2 1 1 1858 2093 1886 2110
3333 4 2 1 1 387 458 385 1892
3334 4 2 1 1 1843 2049 2047 2302
3335 4 2 1 1 1009 1928 1524 2309
3336 4 2 1 1 726 1895 1692 2167
3337 4 2 1 1 1061 376 374 2207
3338 4 2 1 1 1773 1878 2082 2109
3339 4 2 1 1 1855 1945 1795 2382
3340 4 2 1 1 645 646 647 2067
3341 4 2 1 1 565 567 1331 2168
3342 4 2 1 1 1794 2283 2146 2342
3343 4 2 1 1 1056 1457 140 1962
3344 4 2 1 1 403 340 1342 1863
3345 4 2 1 1 1891 1784 2020 2200
3346 4 2 1 1 700 2069 559 2105
3347 4 2 1 1 2021 2143 1894 2234
3348 4 2 1 1 1852 2240 2001 2299
3349 4 2 1 1 1800 2115 1919 2121
3350 4 2 1 1 1806 1916 1869 2210
3351 4 2 1 1 671 1885 699 2216
3352 4 2 1 1 554 1914 1575 2105
3353 4 2 1 1 469 1427 221 1987
3354 4 2 1 1 1802 1881 1985 2404
3355 4 2 1 1 1140 2070 73 2277
3356 4 2 1 1 467 792 463 2202
3357 4 2 1 1 1846 1793 1954 2379
3358 4 2 1 1 1433 2118 1887 2343
3359 4 2 1 1 862 861 2145 2314
3360 4 2 1 1 851 853 1502 2452
3361 4 2 1 1 1591 148 1137 2183
3362 4 2 1 1 1215 1975 641 2123
3363 4 2 1 1 1779 2302 2151 2449
3364 4 2 1 1 2076 2296 1952 2333
3365 4 2 1 1 308 307 306 1893
3366 4 2 1 1 1367 2102 1366 2369
3367 4 2 1 1 392 1848 2267 2380
3368 4 2 1 1 1735 2029 2128 2212
3369 4 2 1 1 1969 1995 1167 2219
3370 4 2 1 1 450 1877 353 2247
3371 4 2 1 1 1774 1835 2236 2413
3372 4 2 1 1 1680 1054 144 1845
3373 4 2 1 1 1098 1097 2067 2289
3374 4 2 1 1 552 1914 553 2140
3375 4 2 1 1 1014 146 1968 2350
3376 4 2 1 1 391 1476 1938 2267
3377 4 2 1 1 1792 2090 1999 2261
3378 4 2 1 1 1334 2058 1332 2308
3379 4 2 1 1 1910 2074 1775 2113
3380 4 2 1 1 566 2168 565 2301
3381 4 2 1 1 1874 1925 1806 2232
3382 4 2 1 1 184 1663 88 2307
3383 4 2 1 1 984 938 1976 2325
3384 4 2 1 1 1609 2192 1598 2235
3385 4 2 1 1 1084 982 454 2062
3386 4 2 1 1 1848 1954 1793 2379
3387 4 2 1 1 1121 2155 2068 2215
3388 4 2 1 1 583 586 2083 2343
3389 4 2 1 1 1946 2131 1095 2424
3390 4 2 1 1 1227 2151 2071 2303
3391 4 2 1 1 1115 691 517 1891
3392 4 2 1 1 1616 1396 2281 2371
3393 4 2 1 1 1088 2093 1994 2226
3394 4 2 1 1 1246 2114 313 2292
3395 4 2 1 1 1513 1708 785 2290
3396 4 2 1 1 1938 2077 1777 2304
3397 4 2 1 1 780 2185 1929 2402
3398 4 2 1 1 684 2030 1541 2295
3399 4 2 1 1 1774 2137 2346 2385
3400 4 2 1 1 1822 2063 2015 2445
3401 4 2 1 1 39 1902 1190 2242
3402 4 2 1 1 991 910 1264 1941
3403 4 2 1 1 294 1497 2058 2205
3404 4 2 1 1 873 872 1840 2373
3405 4 2 1 1 876 875 874 2091
3406 4 2 1 1 2057 2297 974 2374
3407 4 2 1 1 1043 1044 2036 2157
3408 4 2 1 1 1136 2090 1135 2224
3409 4 2 1 1 142 807 808 2260
3410 4 2 1 1 1228 2071 1227 2151
3411 4 2 1 1 695 1160 1162 2056
3412 4 2 1 1 1243 880 2001 2255
3413 4 2 1 1 1232 435 2004 2159
3414 4 2 1 1 836 835 834 2136
3415 4 2 1 1 1050 1907 1078 2190
3416 4 2 1 1 919 2076 1653 2333
3417 4 2 1 1 1129 126 1130 2103
3418 4 2 1 1 260 1964 1621 2133
3419 4 2 1 1 671 2202 1885 2216
3420 4 2 1 1 1439 1472 2127 2318
3421 4 2 1 1 1200 1980 1201 2186
3422 4 2 1 1 1936 1819 2297 2426
3423 4 2 1 1 1836 2291 1774 2413
3424 4 2 1 1 144 1054 104 1845
3425 4 2 1 1 879 1569 877 1852
3426 4 2 1 1 1847 1795 2045 2332
3427 4 2 1 1 1794 1902 2065 2279
3428 4 2 1 1 910 908 1264 2298
3429 4 2 1 1 1271 704 1923 2306
3430 4 2 1 1 2069 2105 1942 2358
3431 4 2 1 1 387 458 1892 2313
3432 4 2 1 1 658 660 679 2228
3433 4 2 1 1 79 1300 78 1849
3434 4 2 1 1 418 1326 1847 2195
3435 4 2 1 1 1289 1984 1283 2357
3436 4 2 1 1 1776 2064 1965 2130
3437 4 2 1 1 1134 702 571 2224
3438 4 2 1 1 1604 2151 1592 2302
3439 4 2 1 1 1876 2016 1776 2130
3440 4 2 1 1 1337 1972 1110 2206
3441 4 2 1 1 1777 1845 2251 2401
3442 4 2 1 1 1508 974 2057 2297
3443 4 2 1 1 1732 1725 1738 2339
3444 4 2 1 1 348 346 401 2085
3445 4 2 1 1 1657 1174 703 1881
3446 4 2 1 1 1875 1834 2205 2443
3447 4 2 1 1 1828 2065 1991 2361
3448 4 2 1 1 1204 1193 1205 1853
3449 4 2 1 1 1972 2123 1110 2206
3450 4 2 1 1 430 2073 1981 2222
3451 4 2 1 1 1823 2164 2028 2392
3452 4 2 1 1 1773 2280 1948 2355
3453 4 2 1 1 1861 1792 2002 2224
3454 4 2 1 1 1587 1985 2240 2315
3455 4 2 1 1 320 321 319 1960
3456 4 2 1 1 1439 728 1440 2318
3457 4 2 1 1 636 1975 1215 2365
3458 4 2 1 1 1217 636 1215 2365
3459 4 2 1 1 1261 1916 327 2210
3460 4 2 1 1 1837 2225 1665 2436
3461 4 2 1 1 1868 1930 1811 2218
3462 4 2 1 1 1470 1420 1090 1850
3463 4 2 1 1 1572 832 1038 1872
3464 4 2 1 1 678 662 664 1977
3465 4 2 1 1 1876 1913 1810 2204
3466 4 2 1 1 792 2119 463 2202
3467 4 2 1 1 1339 1453 1455 2085
3468 4 2 1 1 1757 2143 2197 2234
3469 4 2 1 1 1998 2074 1910 2378
3470 4 2 1 1 906 2254 1869 2298
3471 4 2 1 1 913 1645 911 2005
3472 4 2 1 1 1177 187 1647 2005
3473 4 2 1 1 953 1986 951 2420
3474 4 2 1 1 189 2155 1829 2311
3475 4 2 1 1 321 442 1250 2106
3476 4 2 1 1 1791 2133 2037 2186
3477 4 2 1 1 1896 1044 2157 2305
3478 4 2 1 1 1883 1919 1772 2246
3479 4 2 1 1 1493 1912 1391 2135
3480 4 2 1 1 691 517 1891 2200
3481 4 2 1 1 154 1167 1969 1995
3482 4 2 1 1 1069 1894 1068 2312
3483 4 2 1 1 1502 1841 165 2389
3484 4 2 1 1 1886 2110 1800 2408
3485 4 2 1 1 1377 629 2084 2257
3486 4 2 1 1 1789 2022 1928 2211
3487 4 2 1 1 1009 842 1524 1928
3488 4 2 1 1 1832 1874 2213 2441
3489 4 2 1 1 1928 2148 1817 2309
3490 4 2 1 1 621 2094 618 2417
3491 4 2 1 1 307 2163 1893 2454
3492 4 2 1 1 1913 1810 2321 2440
3493 4 2 1 1 498 1385 496 1876
3494 4 2 1 1 1903 2200 1784 2215
3495 4 2 1 1 726 1291 1692 1895
3496 4 2 1 1 1324 558 1319 1864
3497 4 2 1 1 1864 2105 2069 2358
3498 4 2 1 1 69 1283 68 1959
3499 4 2 1 1 1643 154 1969 2238
3500 4 2 1 1 1433 1887 1273 2343
3501 4 2 1 1 1078 1907 1052 2182
3502 4 2 1 1 1946 2051 655 2282
3503 4 2 1 1 702 1133 1130 1861
3504 4 2 1 1 619 1509 2094 2230
3505 4 2 1 1 1858 1800 2110 2408
3506 4 2 1 1 536 2165 1905 2284
3507 4 2 1 1 1773 2082 1878 2355
3508 4 2 1 1 1135 1136 148 2090
3509 4 2 1 1 1831 1882 2396 2442
3510 4 2 1 1 1773 2119 1948 2280
3511 4 2 1 1 1194 1192 1624 1851
3512 4 2 1 1 433 1380 1865 2314
3513 4 2 1 1 449 1931 1182 2233
3514 4 2 1 1 2113 2436 1775 2440
3515 4 2 1 1 1797 2044 2060 2177
3516 4 2 1 1 1798 2161 2021 2418
3517 4 2 1 1 1233 1840 872 2432
3518 4 2 1 1 1796 2039 1935 2345
3519 4 2 1 1 1793 2104 1966 2322
3520 4 2 1 1 1867 2048 1835 2111
3521 4 2 1 1 418 322 1325 2195
3522 4 2 1 1 621 619 618 2094
3523 4 2 1 1 1862 2081 1941 2266
3524 4 2 1 1 874 1840 1233 2432
3525 4 2 1 1 1315 1300 170 2150
3526 4 2 1 1 1129 1135 59 2090
3527 4 2 1 1 1782 2228 1997 2442
3528 4 2 1 1 519 520 521 1991
3529 4 2 1 1 1785 2360 2117 2368
3530 4 2 1 1 1923 1824 2100 2306
3531 4 2 1 1 1850 2181 1470 2282
3532 4 2 1 1 820 822 821 1920
3533 4 2 1 1 145 1990 1047 2251
3534 4 2 1 1 945 1901 946 2300
3535 4 2 1 1 570 2002 569 2308
3536 4 2 1 1 1057 96 190 2190
3537 4 2 1 1 1808 1927 1873 2229
3538 4 2 1 1 1022 1896 2199 2305
3539 4 2 1 1 820 1633 822 2139
3540 4 2 1 1 1838 1909 1906 2265
3541 4 2 1 1 1335 1979 1336 2301
3542 4 2 1 1 401 2085 346 2253
3543 4 2 1 1 1692 2167 1895 2277
3544 4 2 1 1 1111 1112 690 1903
3545 4 2 1 1 1809 1875 2196 2443
3546 4 2 1 1 1876 1776 2016 2455
3547 4 2 1 1 1182 353 450 1877
3548 4 2 1 1 499 503 502 2130
3549 4 2 1 1 1785 2000 2160 2360
3550 4 2 1 1 1914 2140 1144 2320
3551 4 2 1 1 1807 1882 1966 2207
3552 4 2 1 1 1382 2222 277 2324
3553 4 2 1 1 1555 1624 1195 2214
3554 4 2 1 1 379 2243 377 2437
3555 4 2 1 1 1856 1887 2053 2315
3556 4 2 1 1 978 1846 1674 2405
3557 4 2 1 1 682 1423 1085 1858
3558 4 2 1 1 1089 368 366 2110
3559 4 2 1 1 652 653 654 1946
3560 4 2 1 1 1961 2015 1791 2445
3561 4 2 1 1 1467 2240 1856 2315
3562 4 2 1 1 1913 2262 1876 2359
3563 4 2 1 1 655 2051 1946 2424
3564 4 2 1 1 1837 2262 1913 2359
3565 4 2 1 1 862 1939 861 2314
3566 4 2 1 1 1282 1496 1281 1917
3567 4 2 1 1 460 476 2109 2280
3568 4 2 1 1 2081 2132 1941 2298
3569 4 2 1 1 1779 2049 2151 2302
3570 4 2 1 1 806 2074 802 2350
3571 4 2 1 1 433 1380 285 1865
3572 4 2 1 1 221 1427 1405 1949
3573 4 2 1 1 1955 2044 1816 2288
3574 4 2 1 1 1003 2120 1988 2314
3575 4 2 1 1 2015 2063 1791 2445
3576 4 2 1 1 36 2017 158 2268
3577 4 2 1 1 1803 1860 1990 2355
3578 4 2 1 1 2068 2155 1784 2215
3579 4 2 1 1 1501 1841 853 2452
3580 4 2 1 1 127 1467 2053 2315
3581 4 2 1 1 1896 2019 1848 2379
3582 4 2 1 1 1777 2019 1896 2379
3583 4 2 1 1 1861 2103 2012 2450
3584 4 2 1 1 1788 2012 2103 2450
3585 4 2 1 1 320 2106 1960 2195
3586 4 2 1 1 1934 2023 1785 2275
3587 4 2 1 1 1959 2124 1284 2357
3588 4 2 1 1 1871 1965 1776 2337
3589 4 2 1 1 518 2068 1123 2354
3590 4 2 1 1 543 545 544 2054
3591 4 2 1 1 654 1946 655 2282
3592 4 2 1 1 1188 1952 990 2072
3593 4 2 1 1 1337 1507 1110 1972
3594 4 2 1 1 281 432 1207 2047
3595 4 2 1 1 361 452 1178 2129
3596 4 2 1 1 704 587 2180 2306
3597 4 2 1 1 1421 1578 2169 2455
3598 4 2 1 1 1856 1796 2053 2394
3599 4 2 1 1 1004 1908 432 2201
3600 4 2 1 1 1925 2213 1874 2441
3601 4 2 1 1 835 833 2136 2175
3602 4 2 1 1 1660 1659 1983 2412
3603 4 2 1 1 1790 1857 1952 2386
3604 4 2 1 1 1175 62 63 1985
3605 4 2 1 1 1934 2117 817 2274
3606 4 2 1 1 1040 383 2077 2152
3607 4 2 1 1 1933 2196 1875 2443
3608 4 2 1 1 707 2137 747 2422
3609 4 2 1 1 1279 1302 168 1955
3610 4 2 1 1 1801 1964 2136 2366
3611 4 2 1 1 931 2101 1983 2412
3612 4 2 1 1 1132 2103 1131 2239
3613 4 2 1 1 1812 2006 2238 2433
3614 4 2 1 1 438 1893 307 2255
3615 4 2 1 1 1324 1864 1323 2170
3616 4 2 1 1 728 1443 1938 2154
3617 4 2 1 1 1854 277 2222 2324
3618 4 2 1 1 1841 2156 1501 2389
3619 4 2 1 1 1806 2232 2209 2336
3620 4 2 1 1 1596 1601 749 2099
3621 4 2 1 1 1660 1983 184 2307
3622 4 2 1 1 1189 1941 991 2266
3623 4 2 1 1 1053 797 756 2087
3624 4 2 1 1 1236 2049 556 2170
3625 4 2 1 1 1195 1608 1621 2214
3626 4 2 1 1 1793 1848 2104 2322
3627 4 2 1 1 650 652 682 2181
3628 4 2 1 1 781 1929 108 2402
3629 4 2 1 1 335 334 336 1862
3630 4 2 1 1 1871 2178 1011 2435
3631 4 2 1 1 1991 2065 1794 2361
3632 4 2 1 1 1862 2107 1880 2390
3633 4 2 1 1 828 2184 1937 2276
3634 4 2 1 1 439 997 1245 2335
3635 4 2 1 1 1772 1886 1919 2408
3636 4 2 1 1 555 553 554 1914
3637 4 2 1 1 967 843 2022 2211
3638 4 2 1 1 1469 613 1523 1970
3639 4 2 1 1 1883 2131 1059 2189
3640 4 2 1 1 1086 1088 1994 2226
3641 4 2 1 1 1839 1769 2234 2271
3642 4 2 1 1 1790 1924 2032 2141
3643 4 2 1 1 1103 1886 453 2325
3644 4 2 1 1 1079 2017 34 2311
3645 4 2 1 1 2084 2257 1917 2421
3646 4 2 1 1 1932 2231 2101 2448
3647 4 2 1 1 730 1990 1683 2384
3648 4 2 1 1 1944 2353 1779 2446
3649 4 2 1 1 451 1179 1932 2188
3650 4 2 1 1 39 1127 38 1902
3651 4 2 1 1 1129 59 60 2176
3652 4 2 1 1 563 1336 1979 2301
3653 4 2 1 1 750 1706 1037 2021
3654 4 2 1 1 812 811 813 2035
3655 4 2 1 1 1851 2027 1974 2352
3656 4 2 1 1 1930 2003 1811 2218
3657 4 2 1 1 1798 2021 2111 2418
3658 4 2 1 1 127 1467 1567 2053
3659 4 2 1 1 513 514 515 2200
3660 4 2 1 1 1604 278 1854 2302
3661 4 2 1 1 1803 1990 1885 2355
3662 4 2 1 1 1189 912 991 1941
3663 4 2 1 1 1892 1996 1803 2313
3664 4 2 1 1 1402 735 667 1896
3665 4 2 1 1 422 1640 1407 2293
3666 4 2 1 1 1908 2145 858 2179
3667 4 2 1 1 1821 2346 2270 2439
3668 4 2 1 1 377 1081 1882 2243
3669 4 2 1 1 1107 2173 640 2287
3670 4 2 1 1 1882 1831 2227 2442
3671 4 2 1 1 1035 2267 2077 2380
3672 4 2 1 1 1862 2107 1787 2329
3673 4 2 1 1 1384 526 2027 2258
3674 4 2 1 1 1857 1799 2005 2386
3675 4 2 1 1 429 269 1922 2148
3676 4 2 1 1 996 2026 2114 2292
3677 4 2 1 1 1498 1743 174 2029
3678 4 2 1 1 2037 2133 1791 2319
3679 4 2 1 1 1802 2001 1893 2125
3680 4 2 1 1 1792 2002 2168 2308
3681 4 2 1 1 708 1298 1297 2213
3682 4 2 1 1 1887 1796 1935 2394
3683 4 2 1 1 403 1342 1343 1863
3684 4 2 1 1 1587 973 1467 2240
3685 4 2 1 1 399 374 372 1911
3686 4 2 1 1 1742 1727 1744 1943
3687 4 2 1 1 766 767 1691 1965
3688 4 2 1 1 804 802 806 2074
3689 4 2 1 1 1227 2071 1226 2303
3690 4 2 1 1 1890 1921 1809 2183
3691 4 2 1 1 1963 2080 1798 2312
3692 4 2 1 1 535 1980 1214 2203
3693 4 2 1 1 1043 2036 1044 2305
3694 4 2 1 1 2017 2155 34 2311
3695 4 2 1 1 1898 2212 1732 2339
3696 4 2 1 1 1849 2132 1787 2263
3697 4 2 1 1 1838 2109 1906 2388
3698 4 2 1 1 171 1293 1294 2263
3699 4 2 1 1 1189 914 912 2072
3700 4 2 1 1 1310 2179 1944 2446
3701 4 2 1 1 2048 2327 1774 2413
3702 4 2 1 1 1075 662 678 2367
3703 4 2 1 1 1087 1994 1106 2287
3704 4 2 1 1 460 389 390 1878
3705 4 2 1 1 1668 196 1104 2191
3706 4 2 1 1 1938 1777 2077 2267
3707 4 2 1 1 1008 1922 1485 2208
3708 4 2 1 1 1892 2025 1777 2401
3709 4 2 1 1 200 2066 1019 2088
3710 4 2 1 1 1793 2126 1848 2322
3711 4 2 1 1 1832 1869 1993 2410
3712 4 2 1 1 1772 1919 1883 2408
3713 4 2 1 1 1419 1493 2135 2142
3714 4 2 1 1 404 336 334 1862
3715 4 2 1 1 1044 1402 1022 1896
3716 4 2 1 1 658 679 1997 2228
3717 4 2 1 1 1039 980 1954 2171
3718 4 2 1 1 1164 50 51 2010
3719 4 2 1 1 1777 2019 1938 2318
3720 4 2 1 1 311 1246 439 1915
3721 4 2 1 1 1200 532 535 1980
3722 4 2 1 1 1687 2197 1839 2271
3723 4 2 1 1 418 1847 1327 2332
3724 4 2 1 1 654 2181 1946 2282
3725 4 2 1 1 1861 2090 1792 2224
3726 4 2 1 1 139 1857 1650 2333
3727 4 2 1 1 1832 1993 1874 2410
3728 4 2 1 1 1193 1853 1608 2214
3729 4 2 1 1 1660 1659 184 1983
3730 4 2 1 1 1924 1790 2076 2141
3731 4 2 1 1 1777 1938 1892 2401
3732 4 2 1 1 1933 2004 1792 2058
3733 4 2 1 1 1017 1016 740 2280
3734 4 2 1 1 140 1962 1401 2311
3735 4 2 1 1 1795 1895 2045 2167
3736 4 2 1 1 1802 1897 2001 2125
3737 4 2 1 1 396 1948 462 2280
3738 4 2 1 1 620 619 1509 2094
3739 4 2 1 1 1901 2018 1800 2115
3740 4 2 1 1 1087 1491 1106 1994
3741 4 2 1 1 708 1295 1874 2213
3742 4 2 1 1 789 791 1671 2161
3743 4 2 1 1 592 594 2124 2357
3744 4 2 1 1 835 2136 2097 2175
3745 4 2 1 1 1806 1874 2410 2441
3746 4 2 1 1 2022 2208 1812 2294
3747 4 2 1 1 1776 1982 1876 2359
3748 4 2 1 1 1835 2327 479 2418
3749 4 2 1 1 1227 1228 1226 2071
3750 4 2 1 1 1975 2123 1215 2365
3751 4 2 1 1 95 131 94 2131
3752 4 2 1 1 1335 1321 1336 1979
3753 4 2 1 1 1093 453 2018 2115
3754 4 2 1 1 260 258 1621 1964
3755 4 2 1 1 1557 2099 1971 2248
3756 4 2 1 1 1616 1628 1396 2371
3757 4 2 1 1 1893 2163 307 2255
3758 4 2 1 1 750 2111 2021 2418
3759 4 2 1 1 730 699 1885 2384
3760 4 2 1 1 625 1282 628 1917
3761 4 2 1 1 1116 1623 2020 2328
3762 4 2 1 1 1030 1848 392 2322
3763 4 2 1 1 699 765 2216 2384
3764 4 2 1 1 1790 1952 1863 2386
3765 4 2 1 1 1154 1567 1597 2053
3766 4 2 1 1 1873 2407 1833 2448
3767 4 2 1 1 1955 2084 1917 2421
3768 4 2 1 1 1787 2132 2081 2298
3769 4 2 1 1 1190 161 1465 2175
3770 4 2 1 1 1450 2183 1890 2273
3771 4 2 1 1 1787 2081 1862 2329
3772 4 2 1 1 1054 1845 1680 2259
3773 4 2 1 1 1820 2099 2275 2368
3774 4 2 1 1 97 96 1082 2052
3775 4 2 1 1 196 96 1889 2300
3776 4 2 1 1 1848 1777 2019 2267
3777 4 2 1 1 654 653 655 1946
3778 4 2 1 1 1970 1978 1787 2107
3779 4 2 1 1 1918 2164 1823 2392
3780 4 2 1 1 1293 1300 1299 2263
3781 4 2 1 1 317 441 1248 1918
3782 4 2 1 1 1421 2169 1982 2455
3783 4 2 1 1 1276 1868 1275 2174
3784 4 2 1 1 819 1457 816 1962
3785 4 2 1 1 470 477 461 2349
3786 4 2 1 1 1830 1877 2387 2447
3787 4 2 1 1 913 915 2005 2296
3788 4 2 1 1 1430 213 2249 2327
3789 4 2 1 1 1320 1593 1323 2278
3790 4 2 1 1 540 1926 1170 2272
3791 4 2 1 1 1880 2079 1849 2390
3792 4 2 1 1 1194 1851 1624 2283
3793 4 2 1 1 1849 1787 2079 2263
3794 4 2 1 1 1437 2168 1921 2224
3795 4 2 1 1 1794 2065 1991 2279
3796 4 2 1 1 1895 2070 1855 2277
3797 4 2 1 1 1584 1038 425 2184
3798 4 2 1 1 1700 1506 2128 2406
3799 4 2 1 1 1298 1925 604 2167
3800 4 2 1 1 1500 1506 1742 2128
3801 4 2 1 1 1391 2135 1912 2451
3802 4 2 1 1 1086 1088 1087 1994
3803 4 2 1 1 1926 1969 1812 2187
3804 4 2 1 1 853 1841 1502 2452
3805 4 2 1 1 390 1878 389 2364
3806 4 2 1 1 1457 816 1962 2117
3807 4 2 1 1 1089 2110 1090 2414
3808 4 2 1 1 996 2026 890 2114
3809 4 2 1 1 302 2125 1897 2369
3810 4 2 1 1 1321 1322 1320 2278
3811 4 2 1 1 644 713 1098 1873
3812 4 2 1 1 837 835 836 2097
3813 4 2 1 1 1368 1842 1568 2308
3814 4 2 1 1 1860 1803 1996 2355
3815 4 2 1 1 1424 726 1692 2167
3816 4 2 1 1 1628 2024 1396 2371
3817 4 2 1 1 1402 1044 735 1896
3818 4 2 1 1 233 1973 232 2427
3819 4 2 1 1 1021 1022 2046 2305
3820 4 2 1 1 1372 1940 1371 2158
3821 4 2 1 1 1021 2046 1022 2199
3822 4 2 1 1 429 269 271 1922
3823 4 2 1 1 1716 1898 772 2400
3824 4 2 1 1 1022 2199 2046 2305
3825 4 2 1 1 478 674 477 2109
3826 4 2 1 1 1861 2176 2034 2450
3827 4 2 1 1 2083 2180 587 2306
3828 4 2 1 1 416 1850 1420 2414
3829 4 2 1 1 1834 1979 1875 2205
3830 4 2 1 1 96 95 196 1889
3831 4 2 1 1 1384 1974 1681 2112
3832 4 2 1 1 1390 686 1387 1913
3833 4 2 1 1 409 2205 290 2415
3834 4 2 1 1 684 1541 1517 2295
3835 4 2 1 1 809 808 1011 1871
3836 4 2 1 1 1323 1324 1319 1864
3837 4 2 1 1 393 1966 1027 2437
3838 4 2 1 1 769 1399 763 2000
3839 4 2 1 1 1201 1200 535 1980
3840 4 2 1 1 659 2182 660 2228
3841 4 2 1 1 316 317 1918 2331
3842 4 2 1 1 1781 2041 2122 2374
3843 4 2 1 1 1745 1735 1734 2029
3844 4 2 1 1 570 569 1369 2308
3845 4 2 1 1 1848 2077 1777 2267
3846 4 2 1 1 1226 1606 1229 2071
3847 4 2 1 1 1998 2135 231 2321
3848 4 2 1 1 1726 1743 1499 2029
3849 4 2 1 1 1103 2129 1886 2325
3850 4 2 1 1 1811 1877 1972 2220
3851 4 2 1 1 1364 574 577 2012
3852 4 2 1 1 416 1090 1850 2414
3853 4 2 1 1 834 835 833 2136
3854 4 2 1 1 352 353 351 2220
3855 4 2 1 1 1470 2237 1850 2282
3856 4 2 1 1 1782 2051 1997 2228
3857 4 2 1 1 1597 186 2223 2372
3858 4 2 1 1 1882 2227 1911 2442
3859 4 2 1 1 651 653 652 2189
3860 4 2 1 1 1802 1940 2158 2416
3861 4 2 1 1 1448 1375 2241 2417
3862 4 2 1 1 1952 2076 1790 2141
3863 4 2 1 1 448 345 347 1989
3864 4 2 1 1 218 217 2011 2409
3865 4 2 1 1 1433 1446 1273 1887
3866 4 2 1 1 67 164 2223 2372
3867 4 2 1 1 374 1911 399 2207
3868 4 2 1 1 1156 1899 1158 2258
3869 4 2 1 1 496 686 494 1913
3870 4 2 1 1 1778 1859 2219 2303
3871 4 2 1 1 1199 1452 965 2065
3872 4 2 1 1 698 2140 2010 2320
3873 4 2 1 1 1966 2126 1027 2437
3874 4 2 1 1 294 292 1497 2205
3875 4 2 1 1 197 2242 2097 2362
3876 4 2 1 1 1858 1772 2067 2408
3877 4 2 1 1 1190 1902 2175 2242
3878 4 2 1 1 163 1275 88 2174
3879 4 2 1 1 2051 2282 1946 2341
3880 4 2 1 1 1004 2145 1908 2201
3881 4 2 1 1 470 2109 477 2349
3882 4 2 1 1 247 248 249 2281
3883 4 2 1 1 1571 804 1552 2378
3884 4 2 1 1 689 509 1114 1953
3885 4 2 1 1 513 2215 1903 2391
3886 4 2 1 1 392 2126 1848 2380
3887 4 2 1 1 1771 1839 2197 2271
3888 4 2 1 1 552 1144 1914 2140
3889 4 2 1 1 1335 1577 1321 1979
3890 4 2 1 1 1380 285 1865 2201
3891 4 2 1 1 375 1882 1081 2227
3892 4 2 1 1 1505 1220 1218 2347
3893 4 2 1 1 290 291 1875 2205
3894 4 2 1 1 1883 2246 1772 2289
3895 4 2 1 1 641 2123 1975 2173
3896 4 2 1 1 799 788 2161 2418
3897 4 2 1 1 1803 1990 1900 2127
3898 4 2 1 1 1788 2102 2012 2450
3899 4 2 1 1 1938 2019 1777 2267
3900 4 2 1 1 273 274 1981 2235
3901 4 2 1 1 1842 2012 2102 2450
3902 4 2 1 1 463 2119 1948 2202
3903 4 2 1 1 1138 2217 1830 2307
3904 4 2 1 1 2068 1784 2200 2215
3905 4 2 1 1 494 492 2014 2451
3906 4 2 1 1 1563 2319 1870 2366
3907 4 2 1 1 1755 1756 1749 1894
3908 4 2 1 1 1363 1553 1362 2125
3909 4 2 1 1 762 2147 739 2400
3910 4 2 1 1 207 182 20 2088
3911 4 2 1 1 62 1570 63 1985
3912 4 2 1 1 1214 534 537 1905
3913 4 2 1 1 856 1908 858 2446
3914 4 2 1 1 1465 2108 831 2175
3915 4 2 1 1 1989 2085 1797 2421
3916 4 2 1 1 1778 2238 2006 2433
3917 4 2 1 1 1789 2031 1926 2165
3918 4 2 1 1 530 2214 1191 2352
3919 4 2 1 1 698 2010 1145 2320
3920 4 2 1 1 216 799 2236 2327
3921 4 2 1 1 870 869 1999 2373
3922 4 2 1 1 2023 2099 1785 2275
3923 4 2 1 1 490 2270 492 2451
3924 4 2 1 1 1384 526 524 2027
3925 4 2 1 1 607 605 604 1925
3926 4 2 1 1 673 1436 1526 2216
3927 4 2 1 1 1382 2073 2222 2324
3928 4 2 1 1 359 1932 357 2264
3929 4 2 1 1 2047 2049 1779 2302
3930 4 2 1 1 1775 2086 2225 2436
3931 4 2 1 1 1462 1090 2110 2181
3932 4 2 1 1 1777 2251 1900 2401
3933 4 2 1 1 945 944 1901 2191
3934 4 2 1 1 1123 518 516 2068
3935 4 2 1 1 1800 2131 1883 2189
3936 4 2 1 1 106 105 2259 2384
3937 4 2 1 1 391 1035 2267 2304
3938 4 2 1 1 569 2002 1369 2308
3939 4 2 1 1 1797 2003 2085 2347
3940 4 2 1 1 726 1682 1291 2316
3941 4 2 1 1 1785 2000 2360 2368
3942 4 2 1 1 1788 2012 1940 2239
3943 4 2 1 1 1893 1935 1796 2394
3944 4 2 1 1 870 871 869 2373
3945 4 2 1 1 1972 2206 354 2247
3946 4 2 1 1 1896 2036 1846 2305
3947 4 2 1 1 1866 1831 1986 2396
3948 4 2 1 1 936 1976 937 2356
3949 4 2 1 1 1786 2028 2164 2392
3950 4 2 1 1 1773 1860 2096 2453
3951 4 2 1 1 1945 2166 1795 2332
3952 4 2 1 1 230 1417 238 2427
3953 4 2 1 1 492 2270 2014 2451
3954 4 2 1 1 1898 109 2400 2402
3955 4 2 1 1 718 767 766 1965
3956 4 2 1 1 181 1515 1709 2098
3957 4 2 1 1 1786 2026 2114 2395
3958 4 2 1 1 1190 39 161 1902
3959 4 2 1 1 1870 2319 2133 2366
3960 4 2 1 1 273 1981 274 2222
3961 4 2 1 1 1182 1877 1181 2233
3962 4 2 1 1 994 2317 1945 2340
3963 4 2 1 1 530 1205 2214 2423
3964 4 2 1 1 1554 1362 1553 2158
3965 4 2 1 1 1445 1171 1926 2165
3966 4 2 1 1 1169 1170 1171 1926
3967 4 2 1 1 1877 1830 2233 2447
3968 4 2 1 1 1398 769 774 2000
3969 4 2 1 1 1773 1948 2119 2202
3970 4 2 1 1 1781 1847 2030 2195
3971 4 2 1 1 1800 2189 1883 2408
3972 4 2 1 1 286 2092 1518 2415
3973 4 2 1 1 130 91 2229 2356
3974 4 2 1 1 177 797 21 1867
3975 4 2 1 1 1454 1511 627 2095
3976 4 2 1 1 1989 2085 1825 2253
3977 4 2 1 1 1103 365 453 1886
3978 4 2 1 1 1773 1929 2216 2388
3979 4 2 1 1 1982 2204 1810 2427
3980 4 2 1 1 274 2222 1981 2235
3981 4 2 1 1 1547 836 1870 2244
3982 4 2 1 1 1813 2011 1949 2385
3983 4 2 1 1 1998 2378 1810 2427
3984 4 2 1 1 1031 392 1848 2267
3985 4 2 1 1 494 1913 1390 2451
3986 4 2 1 1 1807 2396 1882 2442
3987 4 2 1 1 1547 836 1012 1870
3988 4 2 1 1 1778 1859 1995 2219
3989 4 2 1 1 2008 2059 1774 2291
3990 4 2 1 1 1878 2109 1773 2280
3991 4 2 1 1 371 454 369 2050
3992 4 2 1 1 1632 1993 1639 2298
3993 4 2 1 1 1949 2011 1774 2385
3994 4 2 1 1 466 1393 465 2127
3995 4 2 1 1 1420 1850 1470 2237
3996 4 2 1 1 1880 2075 1862 2390
3997 4 2 1 1 335 334 1862 2329
3998 4 2 1 1 1885 1990 1803 2127
3999 4 2 1 1 1845 2269 1996 2401
4000 4 2 1 1 1673 1670 159 2052
4001 4 2 1 1 621 1448 1879 2417
4002 4 2 1 1 1981 2006 1778 2073
4003 4 2 1 1 1906 1909 1805 2431
4004 4 2 1 1 212 479 2327 2418
4005 4 2 1 1 1065 379 1954 2243
4006 4 2 1 1 1781 2374 2122 2426
4007 4 2 1 1 138 1993 1632 2132
4008 4 2 1 1 1610 903 1638 2042
4009 4 2 1 1 1875 1979 1780 2415
4010 4 2 1 1 487 2381 784 2444
4011 4 2 1 1 1994 2264 1888 2376
4012 4 2 1 1 641 1107 1108 2123
4013 4 2 1 1 1840 2159 872 2432
4014 4 2 1 1 1660 929 1659 2412
4015 4 2 1 1 421 1624 1555 2146
4016 4 2 1 1 699 2216 1885 2384
4017 4 2 1 1 1273 1887 1446 2180
4018 4 2 1 1 2086 2113 760 2436
4019 4 2 1 1 1430 2048 211 2327
4020 4 2 1 1 1655 1927 1379 2393
4021 4 2 1 1 1022 1896 1402 2199
4022 4 2 1 1 1385 2204 1876 2455
4023 4 2 1 1 1802 1985 1881 2118
4024 4 2 1 1 1496 1917 1413 2144
4025 4 2 1 1 1857 2005 2296 2386
4026 4 2 1 1 1964 2133 1870 2344
4027 4 2 1 1 1936 725 2198 2316
4028 4 2 1 1 1786 2357 2124 2392
4029 4 2 1 1 1310 1944 2156 2446
4030 4 2 1 1 1842 2102 2012 2419
4031 4 2 1 1 1904 1775 2074 2113
4032 4 2 1 1 78 1849 1300 2263
4033 4 2 1 1 1186 989 1924 2429
4034 4 2 1 1 750 2021 1037 2418
4035 4 2 1 1 1786 2395 2114 2428
4036 4 2 1 1 1799 2150 2094 2417
4037 4 2 1 1 50 1503 51 2156
4038 4 2 1 1 1085 1858 1423 2226
4039 4 2 1 1 803 805 808 1910
4040 4 2 1 1 1237 1238 1236 2170
4041 4 2 1 1 1376 2003 2084 2334
4042 4 2 1 1 1109 1215 2123 2365
4043 4 2 1 1 1781 2198 1936 2426
4044 4 2 1 1 1800 1946 2131 2189
4045 4 2 1 1 457 2152 1954 2380
4046 4 2 1 1 1852 1985 1881 2404
4047 4 2 1 1 793 2109 476 2265
4048 4 2 1 1 1624 1851 1192 2214
4049 4 2 1 1 1840 2004 1792 2159
4050 4 2 1 1 547 550 548 1859
4051 4 2 1 1 67 1289 164 1984
4052 4 2 1 1 412 1518 286 2092
4053 4 2 1 1 925 923 924 2060
4054 4 2 1 1 182 208 209 2111
4055 4 2 1 1 777 1686 1860 2453
4056 4 2 1 1 1782 1889 2300 2341
4057 4 2 1 1 1372 1366 1940 2369
4058 4 2 1 1 970 1529 861 1939
4059 4 2 1 1 1875 2205 1933 2443
4060 4 2 1 1 935 936 937 2356
4061 4 2 1 1 106 1860 1686 2453
4062 4 2 1 1 982 946 1083 1901
4063 4 2 1 1 1895 1795 2070 2167
4064 4 2 1 1 638 641 1975 2173
4065 4 2 1 1 1569 149 1573 2162
4066 4 2 1 1 487 1836 2381 2444
4067 4 2 1 1 1802 1856 1985 2394
4068 4 2 1 1 798 2137 2059 2221
4069 4 2 1 1 580 2118 581 2416
4070 4 2 1 1 1850 2050 1782 2237
4071 4 2 1 1 1782 2300 1901 2341
4072 4 2 1 1 1003 1988 864 2314
4073 4 2 1 1 1954 2126 379 2380
4074 4 2 1 1 1779 2156 1944 2446
4075 4 2 1 1 520 522 521 1991
4076 4 2 1 1 1909 2029 1734 2212
4077 4 2 1 1 1777 1900 1938 2401
4078 4 2 1 1 1129 1130 1133 1861
4079 4 2 1 1 1143 1145 2010 2320
4080 4 2 1 1 1024 979 1040 2152
4081 4 2 1 1 924 2060 923 2177
4082 4 2 1 1 327 1916 443 2166
4083 4 2 1 1 1773 2082 1860 2453
4084 4 2 1 1 1882 1986 1831 2396
4085 4 2 1 1 69 68 137 2138
4086 4 2 1 1 573 2012 1132 2239
4087 4 2 1 1 1842 2002 1792 2308
4088 4 2 1 1 1787 1978 1869 2081
4089 4 2 1 1 1506 1700 1412 2406
4090 4 2 1 1 1797 2085 2084 2421
4091 4 2 1 1 1890 1979 1780 2377
4092 4 2 1 1 774 2000 773 2160
4093 4 2 1 1 1704 791 1710 2312
4094 4 2 1 1 1555 1195 1964 2214
4095 4 2 1 1 1793 1977 1866 2396
4096 4 2 1 1 728 1443 1440 1938
4097 4 2 1 1 1772 1858 2067 2226
4098 4 2 1 1 1778 2073 1854 2222
4099 4 2 1 1 1787 2081 1869 2298
4100 4 2 1 1 539 538 540 2165
4101 4 2 1 1 1266 1927 1655 2174
4102 4 2 1 1 710 621 1448 1879
4103 4 2 1 1 2077 2267 1035 2304
4104 4 2 1 1 151 2015 1482 2323
4105 4 2 1 1 1801 1853 1964 2344
4106 4 2 1 1 868 2348 867 2363
4107 4 2 1 1 1555 1195 1621 1964
4108 4 2 1 1 595 2124 596 2198
4109 4 2 1 1 607 1925 708 2232
4110 4 2 1 1 1773 2216 1950 2388
4111 4 2 1 1 1868 1783 1983 2174
4112 4 2 1 1 1708 1513 180 1844
4113 4 2 1 1 1774 2291 2059 2413
4114 4 2 1 1 164 1270 1269 1923
4115 4 2 1 1 188 1125 37 2065
4116 4 2 1 1 976 1615 1666 2246
4117 4 2 1 1 1643 1169 1318 1969
4118 4 2 1 1 550 1147 698 2140
4119 4 2 1 1 1926 2031 1826 2272
4120 4 2 1 1 1867 1798 2088 2111
4121 4 2 1 1 97 190 96 2190
4122 4 2 1 1 1086 1994 1087 2226
4123 4 2 1 1 72 198 2089 2277
4124 4 2 1 1 1167 1995 1166 2219
4125 4 2 1 1 1781 2057 2374 2426
4126 4 2 1 1 2072 2296 2005 2386
4127 4 2 1 1 301 303 437 2299
4128 4 2 1 1 1959 2357 1786 2392
4129 4 2 1 1 69 2138 137 2351
4130 4 2 1 1 1825 2257 2084 2421
4131 4 2 1 1 2087 2411 2080 2444
4132 4 2 1 1 846 2208 847 2294
4133 4 2 1 1 1999 2159 870 2373
4134 4 2 1 1 1831 1986 1882 2420
4135 4 2 1 1 1042 1052 1049 1907
4136 4 2 1 1 881 1856 1467 2240
4137 4 2 1 1 681 1409 792 2193
4138 4 2 1 1 1027 1966 1028 2322
4139 4 2 1 1 1885 1990 1860 2355
4140 4 2 1 1 1100 1927 1266 2229
4141 4 2 1 1 1021 1033 2046 2199
4142 4 2 1 1 1855 1781 2041 2382
4143 4 2 1 1 1676 955 1674 2171
4144 4 2 1 1 966 837 2244 2362
4145 4 2 1 1 1371 1372 1366 1940
4146 4 2 1 1 946 945 944 1901
4147 4 2 1 1 1981 2235 1778 2433
4148 4 2 1 1 823 964 821 1920
4149 4 2 1 1 1888 1994 1833 2264
4150 4 2 1 1 584 1565 1554 1935
4151 4 2 1 1 1499 2029 1693 2128
4152 4 2 1 1 817 2117 1934 2293
4153 4 2 1 1 1494 1574 300 2102
4154 4 2 1 1 620 1509 1510 2230
4155 4 2 1 1 104 1845 1054 2259
4156 4 2 1 1 644 643 642 2287
4157 4 2 1 1 883 884 885 2033
4158 4 2 1 1 1773 1838 2147 2388
4159 4 2 1 1 1809 2377 1875 2443
4160 4 2 1 1 1789 1905 2031 2165
4161 4 2 1 1 393 1028 1027 1966
4162 4 2 1 1 207 208 182 2111
4163 4 2 1 1 1845 1777 2025 2401
4164 4 2 1 1 1882 377 2243 2437
4165 4 2 1 1 1932 2206 357 2264
4166 4 2 1 1 2054 2272 1969 2433
4167 4 2 1 1 498 496 497 1876
4168 4 2 1 1 1795 1916 1992 2166
4169 4 2 1 1 1782 2051 1907 2190
4170 4 2 1 1 921 2076 919 2429
4171 4 2 1 1 868 2196 2348 2363
4172 4 2 1 1 1797 2060 1989 2177
4173 4 2 1 1 748 768 763 2064
4174 4 2 1 1 1069 1894 175 2290
4175 4 2 1 1 1878 2280 1773 2355
4176 4 2 1 1 1491 1994 1088 2376
4177 4 2 1 1 356 354 2206 2247
4178 4 2 1 1 1877 2233 1931 2447
4179 4 2 1 1 1027 2126 1966 2322
4180 4 2 1 1 1788 2103 1881 2162
4181 4 2 1 1 1794 2043 2146 2283
4182 4 2 1 1 2204 2321 1810 2427
4183 4 2 1 1 343 1924 1186 2141
4184 4 2 1 1 433 1865 2120 2314
4185 4 2 1 1 712 1868 1276 2393
4186 4 2 1 1 1808 2407 1873 2448
4187 4 2 1 1 1939 2179 1804 2245
4188 4 2 1 1 1569 1852 879 2240
4189 4 2 1 1 1775 1998 1910 2440
4190 4 2 1 1 2146 2283 1851 2342
4191 4 2 1 1 1962 2160 1785 2399
4192 4 2 1 1 882 881 880 2240
4193 4 2 1 1 400 1490 1491 2264
4194 4 2 1 1 763 1399 693 1884
4195 4 2 1 1 856 1208 858 1908
4196 4 2 1 1 1972 2220 402 2365
4197 4 2 1 1 1864 1780 2069 2278
4198 4 2 1 1 1043 2157 2036 2251
4199 4 2 1 1 1880 1787 2107 2285
4200 4 2 1 1 1811 2387 1877 2447
4201 4 2 1 1 60 61 126 2103
4202 4 2 1 1 637 1975 2218 2393
4203 4 2 1 1 1840 1788 2034 2450
4204 4 2 1 1 1782 1997 1911 2442
4205 4 2 1 1 52 2245 53 2252
4206 4 2 1 1 1243 882 880 2255
4207 4 2 1 1 1950 2216 1929 2388
4208 4 2 1 1 1373 2083 588 2306
4209 4 2 1 1 1149 700 1146 2105
4210 4 2 1 1 368 367 366 2018
4211 4 2 1 1 1959 2124 2357 2392
4212 4 2 1 1 1757 2197 1758 2234
4213 4 2 1 1 1382 2073 430 2222
4214 4 2 1 1 1626 1441 669 2318
4215 4 2 1 1 1870 2244 2097 2362
4216 4 2 1 1 1987 2236 1835 2413
4217 4 2 1 1 2152 2379 2025 2405
4218 4 2 1 1 213 1430 211 2327
4219 4 2 1 1 1195 1621 1964 2214
4220 4 2 1 1 411 1621 1608 2133
4221 4 2 1 1 915 1647 2005 2296
4222 4 2 1 1 747 2137 707 2346
4223 4 2 1 1 809 1871 1011 2435
4224 4 2 1 1 1786 2138 2026 2395
4225 4 2 1 1 1557 1971 1113 2248
4226 4 2 1 1 1371 2158 1940 2416
4227 4 2 1 1 1939 2145 1804 2179
4228 4 2 1 1 1962 2160 1829 2311
4229 4 2 1 1 215 2011 1431 2249
4230 4 2 1 1 1862 1799 2266 2390
4231 4 2 1 1 1583 2009 975 2231
4232 4 2 1 1 421 1624 2146 2283
4233 4 2 1 1 1139 1059 1883 2131
4234 4 2 1 1 316 318 317 2331
4235 4 2 1 1 1222 1223 1003 2120
4236 4 2 1 1 1800 1946 1889 2131
4237 4 2 1 1 777 1860 1686 2259
4238 4 2 1 1 1848 1777 2077 2379
4239 4 2 1 1 720 1121 2068 2215
4240 4 2 1 1 673 2185 1950 2216
4241 4 2 1 1 1797 2003 2084 2085
4242 4 2 1 1 1900 2157 2019 2318
4243 4 2 1 1 1779 2156 2040 2449
4244 4 2 1 1 987 1183 449 2233
4245 4 2 1 1 1878 1996 1803 2355
4246 4 2 1 1 1841 2040 2156 2449
4247 4 2 1 1 207 778 208 2111
4248 4 2 1 1 1756 1755 1754 2143
4249 4 2 1 1 1899 2056 1791 2063
4250 4 2 1 1 1519 136 1381 2363
4251 4 2 1 1 1262 993 1916 2254
4252 4 2 1 1 97 2052 159 2256
4253 4 2 1 1 2043 2184 253 2276
4254 4 2 1 1 850 2006 849 2208
4255 4 2 1 1 1461 2093 1086 2226
4256 4 2 1 1 1782 1911 2050 2062
4257 4 2 1 1 1892 1803 2116 2313
4258 4 2 1 1 1912 1775 2014 2451
4259 4 2 1 1 705 2124 594 2357
4260 4 2 1 1 1733 1732 2212 2339
4261 4 2 1 1 1802 2369 1940 2404
4262 4 2 1 1 1187 918 916 1952
4263 4 2 1 1 1799 2055 2150 2417
4264 4 2 1 1 1391 1493 1392 1912
4265 4 2 1 1 1781 2057 1936 2089
4266 4 2 1 1 692 1197 1951 2153
4267 4 2 1 1 1871 1776 2035 2337
4268 4 2 1 1 1912 2135 1775 2451
4269 4 2 1 1 819 818 2139 2293
4270 4 2 1 1 783 744 1023 2291
4271 4 2 1 1 1505 402 2220 2365
4272 4 2 1 1 1230 1225 1229 2054
4273 4 2 1 1 1775 2074 1998 2142
4274 4 2 1 1 1781 1847 2195 2382
4275 4 2 1 1 767 1429 1665 2262
4276 4 2 1 1 497 1071 499 2130
4277 4 2 1 1 842 844 843 1928
4278 4 2 1 1 1948 2127 1803 2154
4279 4 2 1 1 1857 2055 1879 2241
4280 4 2 1 1 1440 1938 1476 2267
4281 4 2 1 1 1397 2016 503 2330
4282 4 2 1 1 1442 1900 2157 2251
4283 4 2 1 1 1788 2162 1881 2404
4284 4 2 1 1 1037 2021 1706 2197
4285 4 2 1 1 1939 1942 1780 2383
4286 4 2 1 1 522 2153 1974 2352
4287 4 2 1 1 1665 2225 1837 2262
4288 4 2 1 1 1782 1889 2052 2300
4289 4 2 1 1 2188 2231 1808 2356
4290 4 2 1 1 1787 1869 1993 2298
4291 4 2 1 1 1876 1982 1776 2455
4292 4 2 1 1 966 2244 2015 2362
4293 4 2 1 1 1918 2026 1786 2392
4294 4 2 1 1 1819 2026 1918 2392
4295 4 2 1 1 520 1991 518 2354
4296 4 2 1 1 530 2027 2214 2352
4297 4 2 1 1 672 730 699 1885
4298 4 2 1 1 1876 1776 1965 2130
4299 4 2 1 1 1789 2061 2022 2211
4300 4 2 1 1 439 309 1915 2163
4301 4 2 1 1 1889 1946 1800 2341
4302 4 2 1 1 945 946 947 2300
4303 4 2 1 1 1922 1812 2208 2294
4304 4 2 1 1 903 2042 902 2254
4305 4 2 1 1 1916 1992 1806 2441
4306 4 2 1 1 1795 1992 1916 2441
4307 4 2 1 1 1779 1843 2047 2353
4308 4 2 1 1 1908 1779 2353 2446
4309 4 2 1 1 1397 502 503 2016
4310 4 2 1 1 200 797 1053 2088
4311 4 2 1 1 1258 2295 1556 2331
4312 4 2 1 1 1878 1803 2313 2364
4313 4 2 1 1 584 581 583 2343
4314 4 2 1 1 1439 1472 466 2127
4315 4 2 1 1 932 931 2101 2231
4316 4 2 1 1 301 302 303 1897
4317 4 2 1 1 1872 2108 1902 2175
4318 4 2 1 1 242 244 2023 2248
4319 4 2 1 1 1507 2123 1972 2365
4320 4 2 1 1 1310 1944 51 2156
4321 4 2 1 1 1139 1059 1096 1883
4322 4 2 1 1 1932 2101 1783 2448
4323 4 2 1 1 2059 2137 706 2346
4324 4 2 1 1 1801 2258 2027 2344
4325 4 2 1 1 1783 2173 2123 2448
4326 4 2 1 1 796 1717 1696 1909
4327 4 2 1 1 1839 2197 2143 2234
4328 4 2 1 1 1611 901 1610 2042
4329 4 2 1 1 1800 2018 1886 2115
4330 4 2 1 1 396 462 395 2280
4331 4 2 1 1 1571 1910 804 2378
4332 4 2 1 1 1954 2126 1793 2243
4333 4 2 1 1 804 1571 805 1910
4334 4 2 1 1 543 540 1170 2272
4335 4 2 1 1 1872 1801 2175 2342
4336 4 2 1 1 1153 138 2132 2263
4337 4 2 1 1 1996 2349 1860 2355
4338 4 2 1 1 862 861 860 2145
4339 4 2 1 1 1834 1875 1979 2377
4340 4 2 1 1 1948 2202 1773 2355
4341 4 2 1 1 289 291 434 1875
4342 4 2 1 1 267 268 269 2148
4343 4 2 1 1 2003 2218 1930 2334
4344 4 2 1 1 1800 1850 2018 2341
4345 4 2 1 1 1490 1492 2206 2264
4346 4 2 1 1 393 1029 1966 2207
4347 4 2 1 1 393 2207 1966 2437
4348 4 2 1 1 1915 2039 1796 2454
4349 4 2 1 1 404 1862 334 2329
4350 4 2 1 1 1140 128 73 2070
4351 4 2 1 1 1845 1803 1990 2401
4352 4 2 1 1 1940 2158 1372 2369
4353 4 2 1 1 1817 2148 2038 2309
4354 4 2 1 1 236 1407 1415 1934
4355 4 2 1 1 1758 1839 1769 2234
4356 4 2 1 1 1896 1777 2036 2157
4357 4 2 1 1 1194 2153 1851 2283
4358 4 2 1 1 1549 314 1956 2164
4359 4 2 1 1 1772 2246 1957 2289
4360 4 2 1 1 972 1559 873 2176
4361 4 2 1 1 1817 2037 1961 2309
4362 4 2 1 1 1883 2067 1772 2408
4363 4 2 1 1 1927 2173 1379 2393
4364 4 2 1 1 833 832 2136 2175
4365 4 2 1 1 1996 2269 1892 2401
4366 4 2 1 1 1864 2092 1780 2278
4367 4 2 1 1 1915 1796 2163 2454
4368 4 2 1 1 1810 1913 2359 2440
4369 4 2 1 1 2084 2085 1825 2421
4370 4 2 1 1 1810 1973 1871 2359
4371 4 2 1 1 1459 965 829 2108
4372 4 2 1 1 780 782 2185 2402
4373 4 2 1 1 1772 1994 1888 2376
4374 4 2 1 1 351 1931 350 2220
4375 4 2 1 1 1731 1732 1898 2212
4376 4 2 1 1 1572 1038 1584 1872
4377 4 2 1 1 34 2017 35 2155
4378 4 2 1 1 1900 1777 2157 2251
4379 4 2 1 1 162 58 1458 2090
4380 4 2 1 1 1086 2093 1088 2226
4381 4 2 1 1 104 105 145 2259
4382 4 2 1 1 1837 2359 1913 2440
4383 4 2 1 1 1185 1924 448 2429
4384 4 2 1 1 44 45 2061 2211
4385 4 2 1 1 1997 2207 1807 2367
4386 4 2 1 1 801 802 193 2113
4387 4 2 1 1 1580 893 974 2351
4388 4 2 1 1 1006 852 850 2073
4389 4 2 1 1 1919 2115 1800 2408
4390 4 2 1 1 496 497 1876 2262
4391 4 2 1 1 1743 1498 1499 2029
4392 4 2 1 1 1824 2039 1915 2310
4393 4 2 1 1 1881 1985 1852 2162
4394 4 2 1 1 1918 1786 2026 2292
4395 4 2 1 1 1930 1797 2003 2334
4396 4 2 1 1 141 1034 1042 1866
4397 4 2 1 1 554 553 552 1914
4398 4 2 1 1 464 466 465 2154
4399 4 2 1 1 1783 1868 1983 2387
4400 4 2 1 1 1795 1945 2317 2340
4401 4 2 1 1 828 826 1607 2276
4402 4 2 1 1 1878 1803 1996 2313
4403 4 2 1 1 1875 1780 1979 2377
4404 4 2 1 1 1445 1926 540 2165
4405 4 2 1 1 1974 1991 1794 2153
4406 4 2 1 1 1957 2229 91 2356
4407 4 2 1 1 2022 2061 1789 2187
4408 4 2 1 1 1793 1882 1986 2243
4409 4 2 1 1 1780 1967 2273 2377
4410 4 2 1 1 1783 1868 1975 2393
4411 4 2 1 1 21 797 20 1867
4412 4 2 1 1 460 1878 390 2280
4413 4 2 1 1 2113 2260 1837 2440
4414 4 2 1 1 1260 2317 994 2340
4415 4 2 1 1 2008 2346 1821 2385
4416 4 2 1 1 1897 1788 2091 2438
4417 4 2 1 1 444 992 1262 1869
4418 4 2 1 1 38 1127 188 2279
4419 4 2 1 1 517 519 1115 1891
4420 4 2 1 1 1041 2104 729 2322
4421 4 2 1 1 1450 1890 1646 2273
4422 4 2 1 1 1992 2045 1795 2332
4423 4 2 1 1 1853 1801 2027 2344
4424 4 2 1 1 1787 2107 1978 2329
4425 4 2 1 1 965 827 1937 2268
4426 4 2 1 1 1571 805 1910 2378
4427 4 2 1 1 1686 1860 106 2259
4428 4 2 1 1 1255 995 1250 2122
4429 4 2 1 1 1885 1948 1803 2355
4430 4 2 1 1 1850 1782 2050 2341
4431 4 2 1 1 1340 1338 2032 2253
4432 4 2 1 1 2042 2254 1916 2340
4433 4 2 1 1 858 1908 1004 2145
4434 4 2 1 1 1897 2102 1940 2404
4435 4 2 1 1 99 141 1042 1866
4436 4 2 1 1 829 965 827 1937
4437 4 2 1 1 1942 1967 1780 2383
4438 4 2 1 1 345 1186 343 1924
4439 4 2 1 1 1430 1014 1968 2249
4440 4 2 1 1 1782 2052 1889 2190
4441 4 2 1 1 440 2114 1246 2292
4442 4 2 1 1 913 915 1647 2005
4443 4 2 1 1 1979 2069 1780 2278
4444 4 2 1 1 436 1234 1000 2438
4445 4 2 1 1 1781 2195 2106 2382
4446 4 2 1 1 1942 167 2273 2383
4447 4 2 1 1 138 1163 1632 1993
4448 4 2 1 1 1856 1802 2001 2394
4449 4 2 1 1 1251 1252 591 2250
4450 4 2 1 1 1829 2160 1962 2399
4451 4 2 1 1 255 2043 254 2146
4452 4 2 1 1 2030 1781 2198 2316
4453 4 2 1 1 839 2015 966 2244
4454 4 2 1 1 1783 2206 1932 2448
4455 4 2 1 1 1901 2115 1800 2191
4456 4 2 1 1 1836 1987 1963 2413
4457 4 2 1 1 1379 1100 713 1927
4458 4 2 1 1 1612 2149 1400 2248
4459 4 2 1 1 469 1987 221 2236
4460 4 2 1 1 432 1004 1208 1908
4461 4 2 1 1 592 705 594 2357
4462 4 2 1 1 1443 391 1476 1938
4463 4 2 1 1 1734 1909 1724 2029
4464 4 2 1 1 1786 2164 1918 2392
4465 4 2 1 1 1785 1971 2099 2248
4466 4 2 1 1 554 1144 1575 1914
4467 4 2 1 1 314 316 315 2292
4468 4 2 1 1 1264 992 2081 2298
4469 4 2 1 1 859 858 2145 2179
4470 4 2 1 1 296 295 294 2004
4471 4 2 1 1 416 1089 1090 2414
4472 4 2 1 1 1779 2010 2156 2449
4473 4 2 1 1 1745 1726 1735 2029
4474 4 2 1 1 1772 2093 1858 2226
4475 4 2 1 1 1873 1957 1772 2407
4476 4 2 1 1 760 2086 143 2113
4477 4 2 1 1 1095 2131 1946 2189
4478 4 2 1 1 1841 2073 2006 2452
4479 4 2 1 1 1837 2436 2113 2440
4480 4 2 1 1 325 1256 323 1945
4481 4 2 1 1 314 1956 2164 2292
4482 4 2 1 1 1582 1568 410 2397
4483 4 2 1 1 1532 2179 1310 2446
4484 4 2 1 1 1843 1779 2049 2353
4485 4 2 1 1 784 2381 2080 2444
4486 4 2 1 1 1056 140 32 2160
4487 4 2 1 1 1865 1780 2092 2120
4488 4 2 1 1 1820 1947 1934 2275
4489 4 2 1 1 978 1674 957 2405
4490 4 2 1 1 1850 2237 1420 2414
4491 4 2 1 1 937 938 939 1976
4492 4 2 1 1 305 306 307 1893
4493 4 2 1 1 1945 2041 1855 2317
4494 4 2 1 1 2072 2134 446 2338
4495 4 2 1 1 1255 2041 995 2122
4496 4 2 1 1 327 1261 443 1916
4497 4 2 1 1 1794 1851 2283 2342
4498 4 2 1 1 973 1570 1569 2240
4499 4 2 1 1 1009 2148 1928 2309
4500 4 2 1 1 1965 2064 1776 2337
4501 4 2 1 1 2008 2059 2291 2346
4502 4 2 1 1 1840 2091 2007 2432
4503 4 2 1 1 1760 2234 2066 2286
4504 4 2 1 1 1224 1933 1231 2348
4505 4 2 1 1 872 2159 1840 2373
4506 4 2 1 1 1296 708 1295 1874
4507 4 2 1 1 1492 1110 1490 2206
4508 4 2 1 1 1877 1983 1830 2387
4509 4 2 1 1 99 1866 1042 2256
4510 4 2 1 1 1897 1788 2102 2404
4511 4 2 1 1 663 1977 1074 2199
4512 4 2 1 1 1931 350 2220 2347
4513 4 2 1 1 1385 1876 498 2455
4514 4 2 1 1 1793 1986 1882 2396
4515 4 2 1 1 579 580 581 2416
4516 4 2 1 1 1065 1954 379 2380
4517 4 2 1 1 1953 1971 1785 2078
4518 4 2 1 1 1616 2281 1958 2371
4519 4 2 1 1 1743 1724 174 2029
4520 4 2 1 1 830 829 828 2108
4521 4 2 1 1 1998 2321 1810 2440
4522 4 2 1 1 422 2139 1634 2293
4523 4 2 1 1 1626 1442 732 1900
4524 4 2 1 1 350 2347 1931 2425
4525 4 2 1 1 1559 873 2176 2373
4526 4 2 1 1 354 1972 1337 2206
4527 4 2 1 1 354 402 1972 2220
4528 4 2 1 1 842 1009 844 1928
4529 4 2 1 1 1323 1864 1319 2278
4530 4 2 1 1 1652 1278 1330 1930
4531 4 2 1 1 1783 2173 1927 2393
4532 4 2 1 1 1802 1897 2369 2404
4533 4 2 1 1 984 938 1102 1976
4534 4 2 1 1 918 917 916 2296
4535 4 2 1 1 358 357 2206 2264
4536 4 2 1 1 1929 1773 2096 2147
4537 4 2 1 1 1825 1917 2257 2421
4538 4 2 1 1 534 536 1905 2194
4539 4 2 1 1 309 1915 2163 2454
4540 4 2 1 1 1884 1776 2016 2130
4541 4 2 1 1 1893 2039 2345 2454
4542 4 2 1 1 1798 2087 1867 2088
4543 4 2 1 1 1014 1013 146 2350
4544 4 2 1 1 1908 2179 858 2446
4545 4 2 1 1 1535 1970 1469 2336
4546 4 2 1 1 649 2067 714 2189
4547 4 2 1 1 1458 971 1999 2261
4548 4 2 1 1 671 471 672 2202
4549 4 2 1 1 1502 968 851 2006
4550 4 2 1 1 1793 1866 1986 2396
4551 4 2 1 1 1560 1473 60 2176
4552 4 2 1 1 148 1136 1137 1921
4553 4 2 1 1 839 966 837 2244
4554 4 2 1 1 1270 164 1289 1984
4555 4 2 1 1 1803 1996 1892 2401
4556 4 2 1 1 377 1882 375 2437
4557 4 2 1 1 709 614 1648 2079
4558 4 2 1 1 1772 1888 2129 2376
4559 4 2 1 1 344 342 1341 2141
4560 4 2 1 1 1095 1946 653 2189
4561 4 2 1 1 1067 785 2080 2290
4562 4 2 1 1 954 2243 1986 2420
4563 4 2 1 1 1371 1370 2158 2416
4564 4 2 1 1 2021 2143 1839 2197
4565 4 2 1 1 1595 1238 1585 2172
4566 4 2 1 1 763 2064 768 2370
4567 4 2 1 1 1845 2259 1996 2269
4568 4 2 1 1 1121 1119 2068 2155
4569 4 2 1 1 1620 1116 1623 2020
4570 4 2 1 1 1215 638 641 1975
4571 4 2 1 1 1800 2121 1919 2408
4572 4 2 1 1 411 2037 262 2133
4573 4 2 1 1 1380 1221 2145 2314
4574 4 2 1 1 725 1287 1285 1936
4575 4 2 1 1 1354 1992 326 2332
4576 4 2 1 1 809 142 808 1871
4577 4 2 1 1 1779 2049 1914 2140
4578 4 2 1 1 173 1959 69 2297
4579 4 2 1 1 795 793 476 2265
4580 4 2 1 1 1864 2170 1843 2172
4581 4 2 1 1 1471 2093 364 2376
4582 4 2 1 1 1830 1983 1877 2412
4583 4 2 1 1 1341 2032 1338 2253
4584 4 2 1 1 1039 956 980 2171
4585 4 2 1 1 319 1250 441 2122
4586 4 2 1 1 1944 2010 1779 2320
4587 4 2 1 1 670 480 468 1963
4588 4 2 1 1 462 1948 463 2119
4589 4 2 1 1 1111 690 513 1903
4590 4 2 1 1 614 1880 615 2285
4591 4 2 1 1 1913 2225 1837 2440
4592 4 2 1 1 954 2171 1986 2243
4593 4 2 1 1 1582 2058 1334 2308
4594 4 2 1 1 1780 2273 1890 2377
4595 4 2 1 1 1791 1853 2056 2344
4596 4 2 1 1 259 258 260 2366
4597 4 2 1 1 1348 332 1351 1978
4598 4 2 1 1 1240 2049 1239 2151
4599 4 2 1 1 1035 2077 382 2380
4600 4 2 1 1 1785 2099 2023 2248
4601 4 2 1 1 1794 1851 2153 2283
4602 4 2 1 1 278 280 2047 2302
4603 4 2 1 1 565 566 567 2168
4604 4 2 1 1 1795 2317 2042 2340
4605 4 2 1 1 254 2043 1388 2283
4606 4 2 1 1 1328 1326 1541 2195
4607 4 2 1 1 728 1439 466 2154
4608 4 2 1 1 573 1132 575 2239
4609 4 2 1 1 530 2214 2027 2423
4610 4 2 1 1 1871 1973 1810 2178
4611 4 2 1 1 1787 1970 1874 2410
4612 4 2 1 1 1837 2260 2113 2436
4613 4 2 1 1 995 2041 896 2122
4614 4 2 1 1 1536 1228 1604 2071
4615 4 2 1 1 1534 1355 1992 2209
4616 4 2 1 1 106 1686 176 2453
4617 4 2 1 1 1778 1969 2054 2219
4618 4 2 1 1 707 747 757 2422
4619 4 2 1 1 1969 2272 1926 2433
4620 4 2 1 1 2096 2216 765 2384
4621 4 2 1 1 1640 1934 1407 2293
4622 4 2 1 1 1384 722 1681 1974
4623 4 2 1 1 536 696 2165 2284
4624 4 2 1 1 1151 1646 2069 2273
4625 4 2 1 1 1936 2089 2057 2297
4626 4 2 1 1 257 1964 258 2366
4627 4 2 1 1 1781 2057 2041 2374
4628 4 2 1 1 465 463 1948 2202
4629 4 2 1 1 1586 2058 1497 2205
4630 4 2 1 1 1667 1669 147 2121
4631 4 2 1 1 435 1231 1933 2348
4632 4 2 1 1 657 2051 1078 2228
4633 4 2 1 1 1799 1849 2005 2390
4634 4 2 1 1 1961 2244 2015 2323
4635 4 2 1 1 327 326 328 2166
4636 4 2 1 1 1588 409 290 2415
4637 4 2 1 1 1799 1857 2055 2386
4638 4 2 1 1 1394 253 2184 2276
4639 4 2 1 1 1961 2037 1817 2445
4640 4 2 1 1 694 774 1694 2078
4641 4 2 1 1 1906 2193 742 2431
4642 4 2 1 1 1786 1918 2164 2292
4643 4 2 1 1 1264 908 992 2298
4644 4 2 1 1 970 2245 1939 2383
4645 4 2 1 1 1826 2235 1981 2433
4646 4 2 1 1 554 552 1144 1914
4647 4 2 1 1 368 2110 1089 2414
4648 4 2 1 1 1582 1334 1568 2308
4649 4 2 1 1 1778 1854 2071 2222
4650 4 2 1 1 138 1993 2132 2263
4651 4 2 1 1 1777 1896 2019 2157
4652 4 2 1 1 1873 1772 1994 2407
4653 4 2 1 1 1882 1966 1793 2396
4654 4 2 1 1 1807 1966 1882 2396
4655 4 2 1 1 2030 2195 1541 2295
4656 4 2 1 1 1906 2109 1838 2265
4657 4 2 1 1 1458 2090 58 2261
4658 4 2 1 1 1499 179 1726 2128
4659 4 2 1 1 1544 1381 136 1967
4660 4 2 1 1 1779 2010 1944 2156
4661 4 2 1 1 254 2146 2043 2283
4662 4 2 1 1 1544 1381 1967 2383
4663 4 2 1 1 1948 2119 462 2280
4664 4 2 1 1 1112 1117 1617 2149
4665 4 2 1 1 1869 1978 1787 2410
4666 4 2 1 1 580 582 581 2118
4667 4 2 1 1 215 217 1431 2011
4668 4 2 1 1 865 863 864 1988
4669 4 2 1 1 1549 2164 1956 2250
4670 4 2 1 1 968 1478 849 2006
4671 4 2 1 1 2116 2313 1803 2364
4672 4 2 1 1 709 2079 1299 2150
4673 4 2 1 1 1878 2313 389 2364
4674 4 2 1 1 1878 2349 1996 2355
4675 4 2 1 1 1322 2092 1979 2415
4676 4 2 1 1 1447 1062 1466 2207
4677 4 2 1 1 1262 1869 906 2254
4678 4 2 1 1 1068 1069 175 2290
4679 4 2 1 1 1468 2237 1470 2282
4680 4 2 1 1 943 2115 944 2191
4681 4 2 1 1 1779 2040 1908 2047
4682 4 2 1 1 697 1969 1167 2219
4683 4 2 1 1 229 474 2378 2427
4684 4 2 1 1 323 1256 442 1945
4685 4 2 1 1 38 188 2065 2279
4686 4 2 1 1 1791 2037 1961 2445
4687 4 2 1 1 1634 422 1403 2139
4688 4 2 1 1 1855 2041 1945 2382
4689 4 2 1 1 1888 1976 1772 2129
4690 4 2 1 1 970 1530 1529 2245
4691 4 2 1 1 1876 1965 1776 2359
4692 4 2 1 1 1809 2348 2196 2363
4693 4 2 1 1 440 1246 313 2292
4694 4 2 1 1 1773 1929 2096 2216
4695 4 2 1 1 494 492 493 2014
4696 4 2 1 1 1716 1590 2098 2400
4697 4 2 1 1 1549 406 314 2164
4698 4 2 1 1 224 227 1422 1998
4699 4 2 1 1 1711 1515 1590 2098
4700 4 2 1 1 591 588 590 2306
4701 4 2 1 1 1721 1844 180 2286
4702 4 2 1 1 1902 1974 1794 2342
4703 4 2 1 1 1149 1146 1148 1942
4704 4 2 1 1 1780 2069 1890 2273
4705 4 2 1 1 618 2094 616 2417
4706 4 2 1 1 1485 1008 429 1922
4707 4 2 1 1 1906 2119 1950 2388
4708 4 2 1 1 495 496 494 2262
4709 4 2 1 1 1159 1158 1156 1899
4710 4 2 1 1 587 2083 585 2180
4711 4 2 1 1 2055 2241 1314 2417
4712 4 2 1 1 1875 1780 2120 2415
4713 4 2 1 1 923 1656 921 2177
4714 4 2 1 1 1861 2012 2002 2450
4715 4 2 1 1 2002 2012 1842 2450
4716 4 2 1 1 1293 1299 2079 2263
4717 4 2 1 1 1786 2100 1984 2428
4718 4 2 1 1 1777 2025 2152 2379
4719 4 2 1 1 1836 2059 1867 2403
4720 4 2 1 1 375 455 373 2227
4721 4 2 1 1 847 1479 845 2022
4722 4 2 1 1 1358 405 1355 2336
4723 4 2 1 1 1780 1967 1942 2273
4724 4 2 1 1 1787 1993 1869 2410
4725 4 2 1 1 289 290 291 1875
4726 4 2 1 1 1035 382 392 2380
4727 4 2 1 1 1285 1290 1288 1936
4728 4 2 1 1 1900 1990 1803 2401
4729 4 2 1 1 1573 149 2034 2162
4730 4 2 1 1 904 903 902 2254
4731 4 2 1 1 447 2141 1952 2338
4732 4 2 1 1 1655 2174 1927 2393
4733 4 2 1 1 1877 1783 1972 2247
4734 4 2 1 1 563 562 1336 2301
4735 4 2 1 1 1867 2059 1836 2413
4736 4 2 1 1 1777 1848 2019 2379
4737 4 2 1 1 953 951 952 2420
4738 4 2 1 1 1139 1883 1096 2289
4739 4 2 1 1 1786 1984 1959 2138
4740 4 2 1 1 1304 1482 151 2015
4741 4 2 1 1 1783 1975 1972 2123
4742 4 2 1 1 624 2095 625 2257
4743 4 2 1 1 489 2270 2008 2346
4744 4 2 1 1 1774 2236 1987 2413
4745 4 2 1 1 1785 1971 1953 2099
4746 4 2 1 1 1846 1954 2171 2405
4747 4 2 1 1 950 2062 1080 2227
4748 4 2 1 1 1293 2079 1294 2263
4749 4 2 1 1 138 1163 1993 2263
4750 4 2 1 1 1473 1573 149 2034
4751 4 2 1 1 2258 2344 2056 2423
4752 4 2 1 1 1787 1874 1993 2410
4753 4 2 1 1 769 1398 1399 2000
4754 4 2 1 1 1025 458 1026 2313
4755 4 2 1 1 2001 2240 1856 2255
4756 4 2 1 1 1779 1908 2040 2446
4757 4 2 1 1 377 1081 375 1882
4758 4 2 1 1 935 934 2188 2231
4759 4 2 1 1 252 250 420 2328
4760 4 2 1 1 52 152 53 2245
4761 4 2 1 1 2178 2378 474 2427
4762 4 2 1 1 1266 1100 1655 1927
4763 4 2 1 1 1853 2133 1964 2344
4764 4 2 1 1 1898 1805 1943 2402
4765 4 2 1 1 842 1928 843 2323
4766 4 2 1 1 451 1179 1180 1932
4767 4 2 1 1 1920 2024 1815 2430
4768 4 2 1 1 1376 631 2003 2334
4769 4 2 1 1 1902 1794 2065 2108
4770 4 2 1 1 1128 191 83 2013
4771 4 2 1 1 1684 1990 105 2384
4772 4 2 1 1 1890 2273 1967 2377
4773 4 2 1 1 1792 1999 2090 2373
4774 4 2 1 1 254 421 2146 2283
4775 4 2 1 1 705 1284 2124 2357
4776 4 2 1 1 1780 1942 1939 2358
4777 4 2 1 1 1094 360 2264 2376
4778 4 2 1 1 109 781 108 2402
4779 4 2 1 1 1109 1215 641 2123
4780 4 2 1 1 1802 2158 2118 2416
4781 4 2 1 1 1608 1619 411 2186
4782 4 2 1 1 712 1330 1276 1868
4783 4 2 1 1 1132 1131 1657 2239
4784 4 2 1 1 1771 1839 1758 2197
4785 4 2 1 1 1603 891 1580 2138
4786 4 2 1 1 1256 994 442 1945
4787 4 2 1 1 361 1178 359 1888
4788 4 2 1 1 251 252 253 2043
4789 4 2 1 1 828 827 826 1937
4790 4 2 1 1 634 1376 631 2003
4791 4 2 1 1 1148 53 2245 2252
4792 4 2 1 1 254 1388 421 2283
4793 4 2 1 1 76 1163 77 1993
4794 4 2 1 1 1819 2374 2057 2426
4795 4 2 1 1 843 1928 2211 2323
4796 4 2 1 1 2066 2234 1760 2271
4797 4 2 1 1 986 2101 930 2412
4798 4 2 1 1 1390 494 686 1913
4799 4 2 1 1 690 513 1903 2391
4800 4 2 1 1 568 2002 2168 2224
4801 4 2 1 1 1847 1781 2030 2382
4802 4 2 1 1 460 461 389 1878
4803 4 2 1 1 967 2022 1155 2211
4804 4 2 1 1 1860 2349 2082 2355
4805 4 2 1 1 1888 1994 1772 2407
4806 4 2 1 1 1473 2034 149 2162
4807 4 2 1 1 845 967 843 2022
4808 4 2 1 1 110 1738 1725 2339
4809 4 2 1 1 1258 1556 1551 2331
4810 4 2 1 1 2096 2147 1773 2453
4811 4 2 1 1 558 559 560 2069
4812 4 2 1 1 2068 2200 516 2215
4813 4 2 1 1 1811 1972 1877 2387
4814 4 2 1 1 1877 1972 1783 2387
4815 4 2 1 1 1776 2016 1982 2169
4816 4 2 1 1 242 244 243 2023
4817 4 2 1 1 1612 1112 1617 2149
4818 4 2 1 1 1366 1367 1365 2102
4819 4 2 1 1 1940 2102 1788 2404
4820 4 2 1 1 1774 2011 2249 2385
4821 4 2 1 1 1950 2119 1906 2193
4822 4 2 1 1 1836 1867 2087 2403
4823 4 2 1 1 1778 1981 2222 2235
4824 4 2 1 1 1920 1784 2024 2371
4825 4 2 1 1 392 2126 1027 2322
4826 4 2 1 1 1772 1976 1888 2407
4827 4 2 1 1 96 1057 95 1889
4828 4 2 1 1 1563 1547 1012 1870
4829 4 2 1 1 1156 2112 132 2242
4830 4 2 1 1 1796 1935 2039 2083
4831 4 2 1 1 733 655 1946 2424
4832 4 2 1 1 1930 2003 1797 2447
4833 4 2 1 1 1811 2003 1930 2447
4834 4 2 1 1 1314 2241 1375 2417
4835 4 2 1 1 1310 2156 969 2446
4836 4 2 1 1 1058 1095 2131 2424
4837 4 2 1 1 1124 2279 1991 2354
4838 4 2 1 1 1259 2028 2164 2250
4839 4 2 1 1 1945 2041 2106 2382
4840 4 2 1 1 1144 1142 1575 2320
4841 4 2 1 1 1781 2122 1960 2426
4842 4 2 1 1 300 302 301 2438
4843 4 2 1 1 39 38 161 1902
4844 4 2 1 1 36 35 158 2017
4845 4 2 1 1 1799 2072 2005 2386
4846 4 2 1 1 1841 2156 2010 2449
4847 4 2 1 1 1779 1854 2302 2449
4848 4 2 1 1 1209 1210 1213 2031
4849 4 2 1 1 769 2000 763 2370
4850 4 2 1 1 577 576 1371 1940
4851 4 2 1 1 1833 2123 2173 2448
4852 4 2 1 1 1898 2098 1731 2212
4853 4 2 1 1 356 354 1337 2206
4854 4 2 1 1 1341 1340 1338 2032
4855 4 2 1 1 571 2002 568 2224
4856 4 2 1 1 660 659 661 2182
4857 4 2 1 1 34 1079 35 2017
4858 4 2 1 1 325 1256 1945 2166
4859 4 2 1 1 1774 2249 1968 2385
4860 4 2 1 1 1658 1176 1656 2044
4861 4 2 1 1 944 943 942 2115
4862 4 2 1 1 1341 403 1346 2032
4863 4 2 1 1 1710 1695 1069 1894
4864 4 2 1 1 408 2125 302 2369
4865 4 2 1 1 2016 2169 1578 2455
4866 4 2 1 1 1904 1968 2385 2422
4867 4 2 1 1 1783 1975 1868 2387
4868 4 2 1 1 1833 1994 1888 2407
4869 4 2 1 1 1299 1300 1315 2150
4870 4 2 1 1 266 413 268 2038
4871 4 2 1 1 1953 1785 2000 2078
4872 4 2 1 1 411 1546 262 2037
4873 4 2 1 1 332 1978 1348 2329
4874 4 2 1 1 542 1211 1210 2031
4875 4 2 1 1 1143 698 1145 2320
4876 4 2 1 1 438 307 2163 2255
4877 4 2 1 1 1897 2091 1788 2404
4878 4 2 1 1 1693 2029 1718 2193
4879 4 2 1 1 1878 2082 2349 2355
4880 4 2 1 1 685 1258 1259 2028
4881 4 2 1 1 958 956 1039 2405
4882 4 2 1 1 1359 1535 1469 2336
4883 4 2 1 1 149 1569 1570 2162
4884 4 2 1 1 1878 2355 1803 2364
4885 4 2 1 1 1188 2072 446 2338
4886 4 2 1 1 1057 1889 2190 2424
4887 4 2 1 1 1387 686 1386 2204
4888 4 2 1 1 1321 563 1336 1979
4889 4 2 1 1 1507 1972 402 2365
4890 4 2 1 1 1934 1785 2023 2293
4891 4 2 1 1 298 300 299 2007
4892 4 2 1 1 1701 963 1538 1996
4893 4 2 1 1 68 1984 67 2372
4894 4 2 1 1 870 2159 1999 2348
4895 4 2 1 1 218 219 217 2409
4896 4 2 1 1 766 1564 748 1965
4897 4 2 1 1 722 1974 1678 2279
4898 4 2 1 1 568 2168 1437 2224
4899 4 2 1 1 1317 49 2238 2389
4900 4 2 1 1 1087 1106 1105 2287
4901 4 2 1 1 291 293 1224 1933
4902 4 2 1 1 1783 1983 2101 2387
4903 4 2 1 1 1783 1927 2174 2393
4904 4 2 1 1 1968 2137 23 2221
4905 4 2 1 1 437 301 2299 2438
4906 4 2 1 1 1641 919 1653 2333
4907 4 2 1 1 384 2077 1035 2304
4908 4 2 1 1 420 1630 1388 2328
4909 4 2 1 1 1806 1970 2232 2336
4910 4 2 1 1 424 2276 1616 2281
4911 4 2 1 1 1858 2067 1883 2408
4912 4 2 1 1 1786 2114 2026 2292
4913 4 2 1 1 1877 2101 1983 2387
4914 4 2 1 1 653 733 655 1946
4915 4 2 1 1 279 278 280 2047
4916 4 2 1 1 107 108 183 2096
4917 4 2 1 1 1950 2193 1906 2388
4918 4 2 1 1 1597 1602 186 2372
4919 4 2 1 1 1783 2174 1868 2393
4920 4 2 1 1 90 89 1664 2009
4921 4 2 1 1 1648 1296 1294 2079
4922 4 2 1 1 1781 1960 2106 2195
4923 4 2 1 1 1914 2049 1779 2353
4924 4 2 1 1 1786 1956 2164 2250
4925 4 2 1 1 801 25 1904 2113
4926 4 2 1 1 913 914 915 2296
4927 4 2 1 1 1320 2092 1593 2278
4928 4 2 1 1 584 583 1935 2343
4929 4 2 1 1 1786 2164 1956 2292
4930 4 2 1 1 57 2183 1520 2261
4931 4 2 1 1 1269 1923 704 2180
4932 4 2 1 1 1970 2107 1787 2285
4933 4 2 1 1 1531 1387 1543 2135
4934 4 2 1 1 1803 2355 1948 2364
4935 4 2 1 1 153 1985 63 2315
4936 4 2 1 1 1872 1801 2136 2175
4937 4 2 1 1 1310 51 1503 2156
4938 4 2 1 1 1859 2151 1854 2449
4939 4 2 1 1 1552 2074 1422 2378
4940 4 2 1 1 1893 2001 1802 2394
4941 4 2 1 1 1444 2143 2021 2197
4942 4 2 1 1 1272 1268 1269 2180
4943 4 2 1 1 1399 506 693 1884
4944 4 2 1 1 584 583 1374 1935
4945 4 2 1 1 1940 1802 2158 2369
4946 4 2 1 1 457 1039 1954 2152
4947 4 2 1 1 1775 2135 1998 2440
4948 4 2 1 1 1259 2164 1548 2250
4949 4 2 1 1 770 2082 723 2147
4950 4 2 1 1 1945 2166 1256 2340
4951 4 2 1 1 1947 1973 1776 2035
4952 4 2 1 1 1415 1934 817 2274
4953 4 2 1 1 225 1998 224 2142
4954 4 2 1 1 280 282 281 2047
4955 4 2 1 1 311 439 309 1915
4956 4 2 1 1 1797 2217 1930 2447
4957 4 2 1 1 1773 1885 2202 2216
4958 4 2 1 1 2026 2138 891 2395
4959 4 2 1 1 360 1888 359 2264
4960 4 2 1 1 1617 1117 1620 2149
4961 4 2 1 1 530 1205 1193 2214
4962 4 2 1 1 1794 1991 1974 2279
4963 4 2 1 1 1772 1858 2093 2408
4964 4 2 1 1 1788 1881 2103 2239
4965 4 2 1 1 972 2034 1473 2176
4966 4 2 1 1 535 532 534 1980
4967 4 2 1 1 1668 196 2191 2300
4968 4 2 1 1 1914 1779 2320 2353
4969 4 2 1 1 1422 1552 473 2074
4970 4 2 1 1 1357 1327 1481 2332
4971 4 2 1 1 56 1301 1967 2183
4972 4 2 1 1 30 1055 2360 2370
4973 4 2 1 1 1889 1800 2191 2341
4974 4 2 1 1 1992 2166 326 2332
4975 4 2 1 1 1240 1235 1239 2049
4976 4 2 1 1 1883 1772 2067 2289
4977 4 2 1 1 44 1484 45 2211
4978 4 2 1 1 656 2051 657 2228
4979 4 2 1 1 1043 1045 2157 2251
4980 4 2 1 1 1192 1191 530 2214
4981 4 2 1 1 880 879 878 2240
4982 4 2 1 1 1778 2222 2071 2235
4983 4 2 1 1 560 561 562 2069
4984 4 2 1 1 1232 2159 2004 2432
4985 4 2 1 1 411 1619 1546 2186
4986 4 2 1 1 1560 972 1473 2176
4987 4 2 1 1 1236 1235 556 2049
4988 4 2 1 1 488 489 2008 2346
4989 4 2 1 1 1780 1988 1875 2120
4990 4 2 1 1 373 371 372 2050
4991 4 2 1 1 1944 2320 1779 2353
4992 4 2 1 1 974 1625 2057 2374
4993 4 2 1 1 460 1016 476 2280
4994 4 2 1 1 1785 2248 2023 2399
4995 4 2 1 1 746 2411 2087 2444
4996 4 2 1 1 1699 791 178 2143
4997 4 2 1 1 1547 1870 1563 2319
4998 4 2 1 1 1772 1886 2093 2129
4999 4 2 1 1 996 890 1247 2114
5000 4 2 1 1 1792 1921 2168 2224
5001 4 2 1 1 1788 2103 2012 2239
5002 4 2 1 1 1871 1776 1965 2359
5003 4 2 1 1 932 933 931 2231
5004 4 2 1 1 435 1231 1224 1933
5005 4 2 1 1 253 254 255 2043
5006 4 2 1 1 1377 626 629 2257
5007 4 2 1 1 1962 1785 2117 2293
5008 4 2 1 1 1032 678 2104 2322
5009 4 2 1 1 1865 2172 1843 2201
5010 4 2 1 1 2137 2385 1968 2422
5011 4 2 1 1 625 624 623 2095
5012 4 2 1 1 24 1904 25 2422
5013 4 2 1 1 605 607 608 2232
5014 4 2 1 1 1649 129 1658 2044
5015 4 2 1 1 1971 2248 1785 2399
5016 4 2 1 1 1835 2327 2048 2413
5017 4 2 1 1 706 2059 798 2137
5018 4 2 1 1 1783 2101 1877 2387
5019 4 2 1 1 1695 175 1069 1894
5020 4 2 1 1 1876 1982 1810 2359
5021 4 2 1 1 823 1920 821 2371
5022 4 2 1 1 1368 1842 2308 2419
5023 4 2 1 1 1652 1280 1930 2334
5024 4 2 1 1 1271 704 1269 1923
5025 4 2 1 1 1773 1860 2082 2355
5026 4 2 1 1 1508 974 1625 2057
5027 4 2 1 1 271 1485 429 1922
5028 4 2 1 1 1868 2174 1983 2307
5029 4 2 1 1 990 2072 1952 2296
5030 4 2 1 1 1794 1937 2108 2184
5031 4 2 1 1 1182 450 1181 1877
5032 4 2 1 1 68 1289 67 1984
5033 4 2 1 1 242 240 1408 2275
5034 4 2 1 1 1437 1921 1136 2224
5035 4 2 1 1 1094 360 400 2264
5036 4 2 1 1 361 2129 1888 2376
5037 4 2 1 1 216 214 799 2327
5038 4 2 1 1 1159 1156 41 1899
5039 4 2 1 1 1968 2249 1014 2350
5040 4 2 1 1 1739 1726 179 2128
5041 4 2 1 1 1860 1773 2096 2355
5042 4 2 1 1 1023 485 487 2291
5043 4 2 1 1 1778 1995 1969 2219
5044 4 2 1 1 1957 1976 1772 2407
5045 4 2 1 1 1262 993 1261 1916
5046 4 2 1 1 1980 2037 1791 2445
5047 4 2 1 1 262 2133 2037 2319
5048 4 2 1 1 1811 2220 2347 2447
5049 4 2 1 1 75 76 1309 2213
5050 4 2 1 1 1885 1773 2202 2355
5051 4 2 1 1 870 1999 869 2348
5052 4 2 1 1 1465 1459 831 2108
5053 4 2 1 1 1270 1271 1269 1923
5054 4 2 1 1 1794 2108 1872 2184
5055 4 2 1 1 722 1126 1681 1974
5056 4 2 1 1 1458 1520 971 2261
5057 4 2 1 1 1842 2007 2004 2450
5058 4 2 1 1 2004 2007 1840 2450
5059 4 2 1 1 1984 2138 1814 2372
5060 4 2 1 1 261 2133 262 2319
5061 4 2 1 1 673 1950 472 2216
5062 4 2 1 1 1175 63 153 1985
5063 4 2 1 1 953 1986 954 2171
5064 4 2 1 1 722 522 1678 1974
5065 4 2 1 1 1775 2113 2086 2436
5066 4 2 1 1 1419 226 1493 2142
5067 4 2 1 1 1643 154 1167 1969
5068 4 2 1 1 390 2280 1878 2364
5069 4 2 1 1 1817 1961 1928 2309
5070 4 2 1 1 1979 2092 1780 2415
5071 4 2 1 1 1640 817 1415 1934
5072 4 2 1 1 2059 706 2291 2346
5073 4 2 1 1 97 159 98 2256
5074 4 2 1 1 1852 1788 2091 2404
5075 4 2 1 1 448 1185 1186 1924
5076 4 2 1 1 1983 2009 1783 2101
5077 4 2 1 1 316 1918 2164 2331
5078 4 2 1 1 1982 2016 1776 2455
5079 4 2 1 1 1816 2013 1917 2288
5080 4 2 1 1 1301 55 1967 2273
5081 4 2 1 1 529 531 532 2056
5082 4 2 1 1 1771 1758 1757 2197
5083 4 2 1 1 105 1990 145 2259
5084 4 2 1 1 1690 1996 1025 2313
5085 4 2 1 1 185 1625 1629 2057
5086 4 2 1 1 290 2205 1875 2415
5087 4 2 1 1 746 754 2411 2444
5088 4 2 1 1 1853 2056 2344 2423
5089 4 2 1 1 1997 2207 1911 2442
5090 4 2 1 1 284 412 286 2172
5091 4 2 1 1 1322 1321 1577 1979
5092 4 2 1 1 1008 429 1922 2294
5093 4 2 1 1 677 666 668 2019
5094 4 2 1 1 1116 1198 1623 2328
5095 4 2 1 1 87 1277 2217 2307
5096 4 2 1 1 1893 2255 2001 2394
5097 4 2 1 1 1906 2109 1773 2388
5098 4 2 1 1 68 2138 1984 2372
5099 4 2 1 1 522 523 2153 2352
5100 4 2 1 1 848 850 849 2208
5101 4 2 1 1 833 831 832 2175
5102 4 2 1 1 868 866 2196 2363
5103 4 2 1 1 1898 2400 1929 2402
5104 4 2 1 1 1929 2185 1805 2402
5105 4 2 1 1 1843 2047 1908 2201
5106 4 2 1 1 1841 2073 2324 2449
5107 4 2 1 1 336 1345 338 2134
5108 4 2 1 1 2106 2195 1847 2382
5109 4 2 1 1 465 463 464 1948
5110 4 2 1 1 1924 2076 1816 2429
5111 4 2 1 1 2001 2255 1856 2394
5112 4 2 1 1 2032 2141 1924 2253
5113 4 2 1 1 1276 1275 163 2174
5114 4 2 1 1 1932 2206 1783 2247
5115 4 2 1 1 1922 2148 1789 2294
5116 4 2 1 1 1812 1969 1926 2433
5117 4 2 1 1 1778 2219 2054 2303
5118 4 2 1 1 1255 896 995 2041
5119 4 2 1 1 814 817 2117 2274
5120 4 2 1 1 578 1657 703 2416
5121 4 2 1 1 1181 986 930 2412
5122 4 2 1 1 996 2114 1247 2292
5123 4 2 1 1 1594 2184 828 2276
5124 4 2 1 1 680 656 1101 2282
5125 4 2 1 1 1786 2164 2028 2250
5126 4 2 1 1 1966 2207 1882 2437
5127 4 2 1 1 1917 2013 1790 2144
5128 4 2 1 1 1875 2120 289 2415
5129 4 2 1 1 317 1918 1248 2292
5130 4 2 1 1 1391 1912 1392 2451
5131 4 2 1 1 817 1934 1640 2293
5132 4 2 1 1 489 491 2270 2439
5133 4 2 1 1 443 2166 1916 2340
5134 4 2 1 1 1818 1891 2328 2361
5135 4 2 1 1 1937 2065 1828 2361
5136 4 2 1 1 1931 2347 2220 2447
5137 4 2 1 1 1785 2117 1934 2368
5138 4 2 1 1 555 556 553 2170
5139 4 2 1 1 1359 1358 1355 2336
5140 4 2 1 1 213 215 2249 2327
5141 4 2 1 1 1202 1201 1980 2398
5142 4 2 1 1 1788 2034 2103 2162
5143 4 2 1 1 1951 2328 1891 2361
5144 4 2 1 1 1109 2123 1507 2365
5145 4 2 1 1 1895 1847 2045 2326
5146 4 2 1 1 1779 2140 2010 2449
5147 4 2 1 1 1741 1727 1688 2339
5148 4 2 1 1 1708 180 1721 1844
5149 4 2 1 1 1749 1761 1766 2290
5150 4 2 1 1 1923 1984 1814 2223
5151 4 2 1 1 992 906 1262 1869
5152 4 2 1 1 1793 1966 2126 2322
5153 4 2 1 1 2115 2121 1800 2191
5154 4 2 1 1 1912 2014 1821 2270
5155 4 2 1 1 1491 1088 1094 2376
5156 4 2 1 1 991 1264 445 2081
5157 4 2 1 1 1421 1416 1982 2169
5158 4 2 1 1 2036 2157 1777 2251
5159 4 2 1 1 1148 1141 53 2252
5160 4 2 1 1 500 1404 489 2346
5161 4 2 1 1 424 1607 1616 2276
5162 4 2 1 1 449 351 1182 1931
5163 4 2 1 1 708 607 1298 1925
5164 4 2 1 1 634 2003 631 2334
5165 4 2 1 1 196 1082 96 2300
5166 4 2 1 1 1898 2339 110 2402
5167 4 2 1 1 834 833 832 2136
5168 4 2 1 1 270 272 271 2192
5169 4 2 1 1 1791 2037 1980 2186
5170 4 2 1 1 1322 1577 1588 2415
5171 4 2 1 1 1138 87 2217 2307
5172 4 2 1 1 1517 1258 1257 2295
5173 4 2 1 1 1804 2245 2179 2252
5174 4 2 1 1 93 147 2121 2246
5175 4 2 1 1 603 605 606 2045
5176 4 2 1 1 681 472 1950 2202
5177 4 2 1 1 308 306 1360 2345
5178 4 2 1 1 1287 705 1284 2124
5179 4 2 1 1 1416 238 1421 1982
5180 4 2 1 1 1077 1050 1078 2190
5181 4 2 1 1 1914 1779 2140 2320
5182 4 2 1 1 540 1445 1170 1926
5183 4 2 1 1 1783 2009 1983 2174
5184 4 2 1 1 1841 2010 1995 2449
5185 4 2 1 1 302 1897 301 2438
5186 4 2 1 1 375 373 374 1911
5187 4 2 1 1 1505 1507 402 2365
5188 4 2 1 1 165 1501 2156 2389
5189 4 2 1 1 535 1202 1980 2203
5190 4 2 1 1 832 831 830 2108
5191 4 2 1 1 1909 2265 796 2431
5192 4 2 1 1 1918 1823 2164 2331
5193 4 2 1 1 361 359 360 1888
5194 4 2 1 1 2082 1773 2147 2453
5195 4 2 1 1 1030 392 1027 2322
5196 4 2 1 1 1780 1864 2069 2358
5197 4 2 1 1 107 2147 2096 2453
5198 4 2 1 1 357 2206 1932 2247
5199 4 2 1 1 1124 1991 721 2354
5200 4 2 1 1 2038 2148 1922 2192
5201 4 2 1 1 1477 1485 1981 2208
5202 4 2 1 1 1758 1769 1760 2234
5203 4 2 1 1 988 2060 924 2177
5204 4 2 1 1 775 2260 1837 2436
5205 4 2 1 1 1486 172 1308 2167
5206 4 2 1 1 1972 1975 1783 2387
5207 4 2 1 1 1165 2010 1995 2389
5208 4 2 1 1 376 2207 1061 2437
5209 4 2 1 1 1887 1985 1856 2394
5210 4 2 1 1 1095 733 1946 2424
5211 4 2 1 1 279 2047 1207 2324
5212 4 2 1 1 1282 625 1413 1917
5213 4 2 1 1 1787 1978 1970 2410
5214 4 2 1 1 730 753 699 2384
5215 4 2 1 1 1772 2129 2093 2376
5216 4 2 1 1 1709 794 1909 2265
5217 4 2 1 1 693 504 718 2130
5218 4 2 1 1 1549 1548 2164 2250
5219 4 2 1 1 1138 87 86 2217
5220 4 2 1 1 1444 2021 1037 2197
5221 4 2 1 1 934 1179 2188 2231
5222 4 2 1 1 1320 1322 2092 2278
5223 4 2 1 1 1779 2040 2156 2446
5224 4 2 1 1 1807 2207 1997 2442
5225 4 2 1 1 461 389 1878 2313
5226 4 2 1 1 863 861 862 1939
5227 4 2 1 1 92 1957 1666 2246
5228 4 2 1 1 891 893 2026 2375
5229 4 2 1 1 1315 170 2055 2150
5230 4 2 1 1 795 2265 1906 2431
5231 4 2 1 1 1352 1353 1463 2075
5232 4 2 1 1 2023 2139 1815 2430
5233 4 2 1 1 56 1520 57 2183
5234 4 2 1 1 1301 1967 2183 2273
5235 4 2 1 1 1078 1052 715 2182
5236 4 2 1 1 656 657 658 2228
5237 4 2 1 1 1912 1949 1813 2409
5238 4 2 1 1 1937 2065 1794 2108
5239 4 2 1 1 2051 2190 1889 2424
5240 4 2 1 1 329 1261 327 2210
5241 4 2 1 1 268 2038 1542 2192
5242 4 2 1 1 1057 1058 2131 2424
5243 4 2 1 1 393 1061 2207 2437
5244 4 2 1 1 960 2152 2025 2405
5245 4 2 1 1 1860 1990 1885 2384
5246 4 2 1 1 934 936 935 2188
5247 4 2 1 1 1083 946 944 1901
5248 4 2 1 1 1924 1816 2177 2429
5249 4 2 1 1 1872 2175 1902 2342
5250 4 2 1 1 878 2091 1241 2299
5251 4 2 1 1 1531 2135 1543 2321
5252 4 2 1 1 1646 1450 701 1890
5253 4 2 1 1 990 1952 916 2296
5254 4 2 1 1 1994 2093 1088 2376
5255 4 2 1 1 1232 1001 435 2159
5256 4 2 1 1 381 1065 379 2380
5257 4 2 1 1 56 1301 55 1967
5258 4 2 1 1 1775 1913 2135 2440
5259 4 2 1 1 1841 2324 2040 2449
5260 4 2 1 1 1775 2135 1912 2142
5261 4 2 1 1 1445 1171 1170 1926
5262 4 2 1 1 1856 1985 1887 2315
5263 4 2 1 1 1835 2048 1867 2413
5264 4 2 1 1 299 2007 300 2438
5265 4 2 1 1 657 1077 1078 2051
5266 4 2 1 1 398 364 1471 2093
5267 4 2 1 1 273 275 1981 2222
5268 4 2 1 1 377 456 1081 2243
5269 4 2 1 1 1652 632 1280 2334
5270 4 2 1 1 534 536 537 1905
5271 4 2 1 1 1762 1687 1753 2197
5272 4 2 1 1 617 616 618 2094
5273 4 2 1 1 1747 180 1844 2286
5274 4 2 1 1 1857 2296 1650 2333
5275 4 2 1 1 646 1098 1097 2067
5276 4 2 1 1 2137 2346 1821 2422
5277 4 2 1 1 1956 2250 1786 2428
5278 4 2 1 1 668 669 1441 2318
5279 4 2 1 1 1951 1794 1991 2153
5280 4 2 1 1 396 463 462 1948
5281 4 2 1 1 1836 2059 2291 2413
5282 4 2 1 1 1948 2280 396 2364
5283 4 2 1 1 1574 2102 1367 2369
5284 4 2 1 1 429 2148 1922 2294
5285 4 2 1 1 1794 2153 1851 2342
5286 4 2 1 1 1859 2010 2140 2449
5287 4 2 1 1 359 451 357 1932
5288 4 2 1 1 357 1932 1180 2247
5289 4 2 1 1 992 906 1869 2298
5290 4 2 1 1 891 2138 1603 2395
5291 4 2 1 1 796 2265 795 2431
5292 4 2 1 1 1908 2047 1843 2353
5293 4 2 1 1 1012 1563 1870 2366
5294 4 2 1 1 931 1983 1659 2412
5295 4 2 1 1 1759 2234 1844 2290
5296 4 2 1 1 268 1542 270 2192
5297 4 2 1 1 374 373 372 1911
5298 4 2 1 1 359 357 358 2264
5299 4 2 1 1 769 773 774 2000
5300 4 2 1 1 1282 1413 1496 1917
5301 4 2 1 1 720 1121 1119 2068
5302 4 2 1 1 846 847 845 2294
5303 4 2 1 1 1538 1996 963 2269
5304 4 2 1 1 546 2219 547 2303
5305 4 2 1 1 1710 1894 1069 2312
5306 4 2 1 1 410 1576 1494 2397
5307 4 2 1 1 1443 1476 1440 1938
5308 4 2 1 1 1173 2103 61 2162
5309 4 2 1 1 1344 1463 1510 2075
5310 4 2 1 1 1794 2065 1937 2361
5311 4 2 1 1 1778 2054 1969 2433
5312 4 2 1 1 725 1285 1288 1936
5313 4 2 1 1 1429 1071 497 2262
5314 4 2 1 1 878 876 1241 2091
5315 4 2 1 1 1021 141 100 2046
5316 4 2 1 1 1687 1839 205 2271
5317 4 2 1 1 1772 2093 1886 2408
5318 4 2 1 1 785 1708 755 2080
5319 4 2 1 1 1785 2160 2078 2399
5320 4 2 1 1 142 1871 809 2337
5321 4 2 1 1 1883 2067 1858 2189
5322 4 2 1 1 69 2297 1959 2351
5323 4 2 1 1 1799 1862 2075 2390
5324 4 2 1 1 617 620 1525 2094
5325 4 2 1 1 1790 2095 1917 2144
5326 4 2 1 1 1773 2119 1950 2202
5327 4 2 1 1 1876 1810 1982 2204
5328 4 2 1 1 1796 2033 1915 2163
5329 4 2 1 1 645 647 648 2226
5330 4 2 1 1 1666 1957 91 2356
5331 4 2 1 1 435 2159 1231 2348
5332 4 2 1 1 1849 2079 1880 2150
5333 4 2 1 1 647 650 1085 2226
5334 4 2 1 1 396 2154 1948 2364
5335 4 2 1 1 1773 1950 2119 2388
5336 4 2 1 1 2035 2337 1007 2435
5337 4 2 1 1 1956 2114 1786 2292
5338 4 2 1 1 1818 1958 1937 2276
5339 4 2 1 1 766 1691 157 1965
5340 4 2 1 1 1223 864 1003 1988
5341 4 2 1 1 811 1007 2035 2337
5342 4 2 1 1 1004 858 1208 1908
5343 4 2 1 1 1993 1787 2132 2263
5344 4 2 1 1 1632 1639 907 2298
5345 4 2 1 1 1894 2143 1756 2234
5346 4 2 1 1 1081 1882 2243 2420
5347 4 2 1 1 1301 2183 1450 2273
5348 4 2 1 1 1514 181 1723 2098
5349 4 2 1 1 868 869 867 2348
5350 4 2 1 1 585 2083 586 2343
5351 4 2 1 1 1787 1993 2132 2298
5352 4 2 1 1 607 604 1298 1925
5353 4 2 1 1 796 1696 1516 1909
5354 4 2 1 1 1875 1988 1780 2377
5355 4 2 1 1 1915 310 2310 2454
5356 4 2 1 1 1108 1490 1110 2123
5357 4 2 1 1 1733 2212 1943 2339
5358 4 2 1 1 692 1196 1197 2153
5359 4 2 1 1 1599 2086 2225 2439
5360 4 2 1 1 2151 2302 1854 2449
5361 4 2 1 1 1958 2024 1784 2371
5362 4 2 1 1 1792 2159 1999 2373
5363 4 2 1 1 1932 2206 1833 2448
5364 4 2 1 1 1954 2171 980 2243
5365 4 2 1 1 1274 153 64 2315
5366 4 2 1 1 945 2191 1901 2300
5367 4 2 1 1 1220 2003 1218 2347
5368 4 2 1 1 1865 2092 1780 2358
5369 4 2 1 1 818 819 816 2293
5370 4 2 1 1 1705 1748 1764 2143
5371 4 2 1 1 1577 1586 409 2205
5372 4 2 1 1 1899 2258 1801 2344
5373 4 2 1 1 1895 2316 2030 2326
5374 4 2 1 1 682 1462 1423 2181
5375 4 2 1 1 2097 2242 1899 2362
5376 4 2 1 1 1978 2107 1970 2336
5377 4 2 1 1 391 384 1035 2304
5378 4 2 1 1 1627 959 2025 2405
5379 4 2 1 1 200 1053 1020 2411
5380 4 2 1 1 741 2119 792 2193
5381 4 2 1 1 1000 874 1233 2432
5382 4 2 1 1 1833 2287 1994 2407
5383 4 2 1 1 1601 1114 1113 1971
5384 4 2 1 1 1811 2347 2003 2447
5385 4 2 1 1 394 2116 1426 2364
5386 4 2 1 1 1782 1907 2052 2190
5387 4 2 1 1 1749 1894 1761 2290
5388 4 2 1 1 2260 2359 1837 2440
5389 4 2 1 1 994 898 1255 2041
5390 4 2 1 1 340 338 1342 2134
5391 4 2 1 1 805 2178 1910 2378
5392 4 2 1 1 1366 577 1371 1940
5393 4 2 1 1 1330 1275 1276 1868
5394 4 2 1 1 1418 2178 474 2427
5395 4 2 1 1 701 1137 1437 1921
5396 4 2 1 1 1380 2145 1004 2201
5397 4 2 1 1 1433 582 2118 2343
5398 4 2 1 1 1139 94 131 2131
5399 4 2 1 1 1995 2010 1859 2449
5400 4 2 1 1 809 1007 2337 2435
5401 4 2 1 1 1020 1019 200 2066
5402 4 2 1 1 272 2192 1609 2235
5403 4 2 1 1 1959 1984 1786 2357
5404 4 2 1 1 1418 474 229 2427
5405 4 2 1 1 840 1010 1961 2244
5406 4 2 1 1 45 1155 46 2187
5407 4 2 1 1 1897 2299 2091 2404
5408 4 2 1 1 28 1564 157 1965
5409 4 2 1 1 438 307 1244 2163
5410 4 2 1 1 1889 1946 2341 2424
5411 4 2 1 1 1792 2168 2002 2224
5412 4 2 1 1 446 2134 2072 2266
5413 4 2 1 1 1486 1308 1297 2213
5414 4 2 1 1 683 1912 2270 2451
5415 4 2 1 1 673 1411 1950 2185
5416 4 2 1 1 1530 2245 970 2383
5417 4 2 1 1 1028 1966 1060 2322
5418 4 2 1 1 443 1916 993 2340
5419 4 2 1 1 488 500 489 2346
5420 4 2 1 1 1787 1880 2079 2285
5421 4 2 1 1 1887 2180 1273 2343
5422 4 2 1 1 775 1837 1691 2436
5423 4 2 1 1 1047 145 1683 1990
5424 4 2 1 1 560 562 563 2278
5425 4 2 1 1 1786 2124 2028 2392
5426 4 2 1 1 811 809 1007 2337
5427 4 2 1 1 1032 678 1041 2104
5428 4 2 1 1 546 547 548 2303
5429 4 2 1 1 1934 2117 1785 2293
5430 4 2 1 1 1820 2275 1934 2368
5431 4 2 1 1 1371 579 1370 2416
5432 4 2 1 1 1247 2114 440 2292
5433 4 2 1 1 650 651 652 2189
5434 4 2 1 1 761 1665 2225 2436
5435 4 2 1 1 417 2195 1960 2295
5436 4 2 1 1 798 1451 2137 2221
5437 4 2 1 1 468 469 221 2236
5438 4 2 1 1 777 176 1686 2453
5439 4 2 1 1 1950 2202 472 2216
5440 4 2 1 1 1790 1879 2095 2144
5441 4 2 1 1 1305 1306 1161 2284
5442 4 2 1 1 2291 2403 1836 2444
5443 4 2 1 1 1877 2101 1783 2247
5444 4 2 1 1 1773 2119 1906 2388
5445 4 2 1 1 1804 2105 1942 2252
5446 4 2 1 1 1070 2080 784 2381
5447 4 2 1 1 1354 326 1356 2332
5448 4 2 1 1 1870 2244 1791 2319
5449 4 2 1 1 77 1993 1163 2263
5450 4 2 1 1 1271 587 704 2306
5451 4 2 1 1 447 1952 1188 2338
5452 4 2 1 1 1093 983 453 2115
5453 4 2 1 1 524 2027 526 2352
5454 4 2 1 1 1773 2096 1885 2216
5455 4 2 1 1 1833 2173 1927 2448
5456 4 2 1 1 227 229 474 2378
5457 4 2 1 1 1080 2062 1084 2227
5458 4 2 1 1 49 1995 154 2238
5459 4 2 1 1 1319 558 560 2278
5460 4 2 1 1 1784 2068 2017 2155
5461 4 2 1 1 1208 856 1005 2040
5462 4 2 1 1 1535 2209 1533 2232
5463 4 2 1 1 1735 1734 2029 2212
5464 4 2 1 1 311 1915 309 2454
5465 4 2 1 1 1818 2328 1951 2361
5466 4 2 1 1 1941 2005 1849 2390
5467 4 2 1 1 1810 2321 1998 2427
5468 4 2 1 1 804 805 803 1910
5469 4 2 1 1 681 467 472 2202
5470 4 2 1 1 743 2193 2029 2431
5471 4 2 1 1 1599 758 2086 2439
5472 4 2 1 1 438 2163 1244 2255
5473 4 2 1 1 1214 1209 1213 2203
5474 4 2 1 1 1646 701 564 1890
5475 4 2 1 1 1050 1052 1078 1907
5476 4 2 1 1 1950 2185 1929 2216
5477 4 2 1 1 743 1718 2029 2193
5478 4 2 1 1 1852 2091 2299 2404
5479 4 2 1 1 155 1305 1161 2063
5480 4 2 1 1 251 253 1394 2276
5481 4 2 1 1 886 887 885 2033
5482 4 2 1 1 396 464 1948 2154
5483 4 2 1 1 1523 1522 1353 2107
5484 4 2 1 1 1659 1663 184 1983
5485 4 2 1 1 1151 1646 561 2069
5486 4 2 1 1 977 953 1676 1986
5487 4 2 1 1 2014 2086 1821 2439
5488 4 2 1 1 1008 1922 2208 2294
5489 4 2 1 1 1784 1891 2068 2200
5490 4 2 1 1 1259 1551 1548 2164
5491 4 2 1 1 641 640 1107 2173
5492 4 2 1 1 1799 1863 2134 2386
5493 4 2 1 1 395 396 2280 2364
5494 4 2 1 1 2116 2154 1426 2364
5495 4 2 1 1 449 1182 987 2233
5496 4 2 1 1 886 887 2033 2335
5497 4 2 1 1 868 867 866 2363
5498 4 2 1 1 1793 1986 2171 2243
5499 4 2 1 1 2010 2140 1779 2320
5500 4 2 1 1 950 948 1080 2062
5501 4 2 1 1 996 1247 440 2292
5502 4 2 1 1 1627 978 959 2405
5503 4 2 1 1 430 273 275 1981
5504 4 2 1 1 1706 1839 778 2197
5505 4 2 1 1 336 337 335 2266
5506 4 2 1 1 531 1162 533 2194
5507 4 2 1 1 1254 1488 1253 2310
5508 4 2 1 1 461 2313 1878 2349
5509 4 2 1 1 1788 2007 2102 2450
5510 4 2 1 1 1810 2378 2178 2427
5511 4 2 1 1 350 1931 351 2425
5512 4 2 1 1 614 1648 2079 2285
5513 4 2 1 1 1797 2084 2003 2334
5514 4 2 1 1 1382 430 275 2222
5515 4 2 1 1 1808 2009 1927 2229
5516 4 2 1 1 535 1202 1201 1980
5517 4 2 1 1 1902 2175 1801 2342
5518 4 2 1 1 825 824 1958 2371
5519 4 2 1 1 1609 1212 1598 2192
5520 4 2 1 1 1788 1881 2239 2404
5521 4 2 1 1 799 788 800 2161
5522 4 2 1 1 1842 2102 2007 2450
5523 4 2 1 1 799 479 788 2418
5524 4 2 1 1 2026 2351 1819 2375
5525 4 2 1 1 2007 2091 1788 2438
5526 4 2 1 1 1775 1904 2086 2113
5527 4 2 1 1 982 948 946 2062
5528 4 2 1 1 1833 1873 2287 2407
5529 4 2 1 1 535 1214 1202 2203
5530 4 2 1 1 931 930 2101 2412
5531 4 2 1 1 1778 1981 2073 2222
5532 4 2 1 1 1818 1891 2020 2328
5533 4 2 1 1 736 1578 737 2169
5534 4 2 1 1 1969 1995 1778 2238
5535 4 2 1 1 1495 2148 1009 2309
5536 4 2 1 1 720 2068 516 2215
5537 4 2 1 1 1772 2093 1994 2376
5538 4 2 1 1 2092 2120 1780 2415
5539 4 2 1 1 394 1048 1426 2116
5540 4 2 1 1 960 958 2152 2405
5541 4 2 1 1 2016 2130 1876 2455
5542 4 2 1 1 66 1268 65 2223
5543 4 2 1 1 1650 1647 915 2296
5544 4 2 1 1 202 1742 1506 1943
5545 4 2 1 1 1980 2398 2037 2445
5546 4 2 1 1 65 1274 64 2315
5547 4 2 1 1 1794 1872 2108 2342
5548 4 2 1 1 554 1575 557 2105
5549 4 2 1 1 1224 2196 1933 2348
5550 4 2 1 1 954 1986 953 2420
5551 4 2 1 1 249 250 251 2281
5552 4 2 1 1 1783 2123 1972 2206
5553 4 2 1 1 345 346 347 2253
5554 4 2 1 1 1902 2108 1872 2342
5555 4 2 1 1 1017 1906 742 2431
5556 4 2 1 1 1186 1924 1185 2429
5557 4 2 1 1 1781 2106 2041 2382
5558 4 2 1 1 194 2064 29 2337
5559 4 2 1 1 1587 63 1570 1985
5560 4 2 1 1 971 1520 1519 2363
5561 4 2 1 1 1918 2026 1819 2375
5562 4 2 1 1 829 827 828 1937
5563 4 2 1 1 1218 1220 1219 2003
5564 4 2 1 1 857 858 2179 2446
5565 4 2 1 1 1187 916 990 1952
5566 4 2 1 1 286 1518 288 2415
5567 4 2 1 1 1915 1814 2114 2335
5568 4 2 1 1 1791 2056 1899 2344
5569 4 2 1 1 459 2099 1408 2275
5570 4 2 1 1 1802 1897 2125 2369
5571 4 2 1 1 1197 2153 1194 2283
5572 4 2 1 1 2011 2249 215 2327
5573 4 2 1 1 751 1014 1015 1968
5574 4 2 1 1 1798 2161 1963 2312
5575 4 2 1 1 430 1981 275 2222
5576 4 2 1 1 1745 1734 1724 2029
5577 4 2 1 1 786 750 1037 2418
5578 4 2 1 1 684 599 2030 2198
5579 4 2 1 1 960 1024 962 2269
5580 4 2 1 1 207 19 205 2088
5581 4 2 1 1 859 857 858 2179
5582 4 2 1 1 1549 1548 406 2164
5583 4 2 1 1 929 1660 927 2412
5584 4 2 1 1 1820 1884 2016 2330
5585 4 2 1 1 1920 1962 1829 2311
5586 4 2 1 1 1379 1655 1100 1927
5587 4 2 1 1 1466 1997 1063 2237
5588 4 2 1 1 2072 2134 1799 2266
5589 4 2 1 1 480 1963 687 2381
5590 4 2 1 1 1101 658 679 1997
5591 4 2 1 1 138 77 1163 2263
5592 4 2 1 1 661 1074 1977 2182
5593 4 2 1 1 1242 437 303 2299
5594 4 2 1 1 1864 1780 2092 2358
5595 4 2 1 1 1804 1942 2245 2252
5596 4 2 1 1 1793 2171 1954 2243
5597 4 2 1 1 1773 2202 1950 2216
5598 4 2 1 1 1384 1383 526 2258
5599 4 2 1 1 1561 1550 1982 2204
5600 4 2 1 1 133 46 1155 2187
5601 4 2 1 1 396 1426 2154 2364
5602 4 2 1 1 332 331 1978 2329
5603 4 2 1 1 1735 2029 1726 2128
5604 4 2 1 1 1816 2044 1955 2421
5605 4 2 1 1 1792 2168 1921 2443
5606 4 2 1 1 1916 1795 2042 2340
5607 4 2 1 1 536 1905 2194 2284
5608 4 2 1 1 649 1097 714 2067
5609 4 2 1 1 940 941 939 1919
5610 4 2 1 1 1915 2033 1814 2335
5611 4 2 1 1 351 1931 349 2425
5612 4 2 1 1 643 1107 640 2287
5613 4 2 1 1 1814 1915 2114 2428
5614 4 2 1 1 997 1246 2114 2335
5615 4 2 1 1 1995 2238 49 2389
5616 4 2 1 1 475 232 234 1973
5617 4 2 1 1 108 2147 199 2400
5618 4 2 1 1 1775 2086 2014 2225
5619 4 2 1 1 1049 1907 1050 2190
5620 4 2 1 1 1632 1163 1639 1993
5621 4 2 1 1 793 478 2109 2265
5622 4 2 1 1 1437 1137 1136 1921
5623 4 2 1 1 1968 1774 2137 2221
5624 4 2 1 1 54 1942 1148 2245
5625 4 2 1 1 933 1583 975 2231
5626 4 2 1 1 1333 1332 570 2308
5627 4 2 1 1 379 456 377 2243
5628 4 2 1 1 1873 2229 1957 2407
5629 4 2 1 1 759 2225 2086 2436
5630 4 2 1 1 1678 1991 1124 2279
5631 4 2 1 1 162 2176 2090 2373
5632 4 2 1 1 2071 2222 1536 2235
5633 4 2 1 1 1586 1334 1497 2058
5634 4 2 1 1 1314 1315 2055 2150
5635 4 2 1 1 896 2122 2041 2374
5636 4 2 1 1 1984 2100 1786 2357
5637 4 2 1 1 1489 1009 2148 2294
5638 4 2 1 1 2066 2088 1839 2271
5639 4 2 1 1 568 2002 569 2168
5640 4 2 1 1 1868 2174 1276 2393
5641 4 2 1 1 1484 967 1155 2211
5642 4 2 1 1 862 2145 860 2314
5643 4 2 1 1 457 1039 1065 1954
5644 4 2 1 1 1927 2009 1783 2174
5645 4 2 1 1 773 2000 160 2360
5646 4 2 1 1 489 1404 491 2439
5647 4 2 1 1 1652 635 632 2218
5648 4 2 1 1 1667 1615 976 2246
5649 4 2 1 1 1012 1870 2136 2366
5650 4 2 1 1 1307 2061 1662 2284
5651 4 2 1 1 1733 1943 1746 2339
5652 4 2 1 1 1804 2179 1944 2252
5653 4 2 1 1 1779 2047 1908 2353
5654 4 2 1 1 109 1898 110 2402
5655 4 2 1 1 295 1232 435 2004
5656 4 2 1 1 1780 1942 2069 2273
5657 4 2 1 1 1637 2194 1161 2284
5658 4 2 1 1 1776 2064 2035 2337
5659 4 2 1 1 532 533 534 2194
5660 4 2 1 1 1916 2166 1795 2340
5661 4 2 1 1 54 167 1942 2383
5662 4 2 1 1 1829 2078 2160 2399
5663 4 2 1 1 1788 2239 1940 2404
5664 4 2 1 1 155 1160 1159 2063
5665 4 2 1 1 1233 872 2159 2432
5666 4 2 1 1 1972 1783 2206 2247
5667 4 2 1 1 290 1875 289 2415
5668 4 2 1 1 1261 993 443 1916
5669 4 2 1 1 1409 741 792 2193
5670 4 2 1 1 1804 2105 1864 2358
5671 4 2 1 1 1828 2065 1937 2268
5672 4 2 1 1 1628 2371 1633 2430
5673 4 2 1 1 242 1408 397 2248
5674 4 2 1 1 1153 78 138 2263
5675 4 2 1 1 1839 1758 2197 2234
5676 4 2 1 1 1474 2097 837 2362
5677 4 2 1 1 448 1186 345 1924
5678 4 2 1 1 262 2037 263 2319
5679 4 2 1 1 1681 1127 132 2112
5680 4 2 1 1 317 1248 315 2292
5681 4 2 1 1 199 109 108 2400
5682 4 2 1 1 1807 1977 1966 2396
5683 4 2 1 1 1966 1977 1793 2396
5684 4 2 1 1 1168 1167 1166 2219
5685 4 2 1 1 1870 1801 2097 2136
5686 4 2 1 1 1183 924 988 2060
5687 4 2 1 1 1384 524 722 1974
5688 4 2 1 1 1599 2086 759 2225
5689 4 2 1 1 1583 1664 975 2009
5690 4 2 1 1 1377 629 1376 2084
5691 4 2 1 1 1975 2123 1783 2173
5692 4 2 1 1 1314 1315 170 2055
5693 4 2 1 1 1218 1217 1216 2365
5694 4 2 1 1 2063 2194 1822 2284
5695 4 2 1 1 407 2039 1488 2310
5696 4 2 1 1 1773 2147 1929 2388
5697 4 2 1 1 1736 2098 1909 2212
5698 4 2 1 1 2059 2137 1774 2221
5699 4 2 1 1 339 446 2134 2338
5700 4 2 1 1 274 1536 2222 2235
5701 4 2 1 1 1786 2114 1956 2428
5702 4 2 1 1 1800 2018 1901 2341
5703 4 2 1 1 1091 1470 2181 2282
5704 4 2 1 1 1979 1780 2092 2278
5705 4 2 1 1 2029 2128 1805 2406
5706 4 2 1 1 799 800 220 2236
5707 4 2 1 1 1801 2112 2027 2258
5708 4 2 1 1 1858 2110 1886 2408
5709 4 2 1 1 1599 2225 759 2436
5710 4 2 1 1 1812 2238 1969 2433
5711 4 2 1 1 757 2422 2086 2439
5712 4 2 1 1 1785 2099 1953 2368
5713 4 2 1 1 681 2193 1950 2406
5714 4 2 1 1 227 1422 1998 2378
5715 4 2 1 1 1870 2133 1964 2366
5716 4 2 1 1 1868 2218 1975 2393
5717 4 2 1 1 1139 1096 1456 2289
5718 4 2 1 1 2082 2109 1878 2349
5719 4 2 1 1 1441 1626 1472 2318
5720 4 2 1 1 706 724 2059 2291
5721 4 2 1 1 174 1618 2029 2431
5722 4 2 1 1 1810 2378 1998 2440
5723 4 2 1 1 1906 1805 2193 2431
5724 4 2 1 1 1951 2043 1818 2361
5725 4 2 1 1 619 622 1509 2230
5726 4 2 1 1 1898 2098 1838 2400
5727 4 2 1 1 1342 338 1345 2134
5728 4 2 1 1 177 798 2059 2221
5729 4 2 1 1 773 2160 2000 2360
5730 4 2 1 1 2029 1805 2193 2406
5731 4 2 1 1 1832 2042 1916 2441
5732 4 2 1 1 1916 2042 1795 2441
5733 4 2 1 1 1435 1014 2249 2350
5734 4 2 1 1 361 1888 360 2376
5735 4 2 1 1 1205 529 1200 2423
5736 4 2 1 1 1191 1194 1196 2153
5737 4 2 1 1 130 1666 91 2356
5738 4 2 1 1 955 953 954 2171
5739 4 2 1 1 1682 2089 1291 2316
5740 4 2 1 1 1945 1795 2166 2340
5741 4 2 1 1 1098 1661 1097 2289
5742 4 2 1 1 242 2023 241 2275
5743 4 2 1 1 1907 2052 1831 2442
5744 4 2 1 1 1782 2052 1907 2442
5745 4 2 1 1 1087 1994 648 2226
5746 4 2 1 1 81 82 1311 2241
5747 4 2 1 1 134 1944 52 2252
5748 4 2 1 1 1685 1068 687 2312
5749 4 2 1 1 1924 2177 1989 2429
5750 4 2 1 1 896 894 2122 2374
5751 4 2 1 1 1418 2178 1973 2435
5752 4 2 1 1 926 2060 1183 2233
5753 4 2 1 1 697 1167 1168 2219
5754 4 2 1 1 525 2027 530 2352
5755 4 2 1 1 1909 2029 1805 2431
5756 4 2 1 1 1581 974 2297 2351
5757 4 2 1 1 95 94 1104 2121
5758 4 2 1 1 412 1593 2092 2172
5759 4 2 1 1 1821 2346 2137 2385
5760 4 2 1 1 1040 457 383 2152
5761 4 2 1 1 890 2114 2026 2395
5762 4 2 1 1 1969 2238 1778 2433
5763 4 2 1 1 1273 1446 1272 2180
5764 4 2 1 1 419 1620 2020 2149
5765 4 2 1 1 1628 2024 2371 2430
5766 4 2 1 1 636 637 1975 2218
5767 4 2 1 1 98 1042 1049 2256
5768 4 2 1 1 1709 794 1516 1909
5769 4 2 1 1 1902 1801 2112 2342
5770 4 2 1 1 830 828 1594 2184
5771 4 2 1 1 781 183 108 1929
5772 4 2 1 1 1995 2010 1841 2389
5773 4 2 1 1 1641 1653 1128 2333
5774 4 2 1 1 1932 1783 2101 2247
5775 4 2 1 1 613 1970 610 2285
5776 4 2 1 1 1757 1756 2143 2234
5777 4 2 1 1 180 1763 1747 1513
5778 4 2 1 1 1495 1009 428 2309
5779 4 2 1 1 1323 1593 1585 2172
5780 4 2 1 1 1809 2348 1999 2443
5781 4 2 1 1 566 1437 568 2168
5782 4 2 1 1 310 1915 311 2454
5783 4 2 1 1 1733 1746 1732 2339
5784 4 2 1 1 1814 2372 2138 2395
5785 4 2 1 1 585 2180 2083 2343
5786 4 2 1 1 1729 1724 1736 1909
5787 4 2 1 1 1793 1977 2104 2199
5788 4 2 1 1 1307 1306 1305 2284
5789 4 2 1 1 1767 2066 1689 2286
5790 4 2 1 1 1934 2117 1827 2368
5791 4 2 1 1 932 2101 1179 2231
5792 4 2 1 1 1124 1678 721 1991
5793 4 2 1 1 1126 1974 722 2279
5794 4 2 1 1 710 1375 2144 2241
5795 4 2 1 1 514 2215 513 2391
5796 4 2 1 1 1532 1310 969 2446
5797 4 2 1 1 1898 1943 1805 2212
5798 4 2 1 1 1333 1334 1332 2308
5799 4 2 1 1 1844 2286 1721 2411
5800 4 2 1 1 1796 2083 1923 2180
5801 4 2 1 1 917 2076 919 2333
5802 4 2 1 1 1943 2128 1805 2212
5803 4 2 1 1 1687 778 1839 2197
5804 4 2 1 1 449 349 1931 2425
5805 4 2 1 1 653 1095 733 1946
5806 4 2 1 1 283 284 285 2201
5807 4 2 1 1 662 663 664 1977
5808 4 2 1 1 684 597 599 2198
5809 4 2 1 1 214 212 479 2327
5810 4 2 1 1 1787 1978 2081 2329
5811 4 2 1 1 469 482 1427 1987
5812 4 2 1 1 536 696 538 2165
5813 4 2 1 1 1794 2043 1951 2361
5814 4 2 1 1 638 2173 1975 2393
5815 4 2 1 1 1860 2096 1885 2355
5816 4 2 1 1 1885 2096 1773 2355
5817 4 2 1 1 1025 1996 1538 2269
5818 4 2 1 1 1466 1468 1997 2237
5819 4 2 1 1 866 1988 1223 2196
5820 4 2 1 1 1994 2287 1873 2407
5821 4 2 1 1 1049 190 97 2190
5822 4 2 1 1 491 2014 2270 2439
5823 4 2 1 1 2046 2199 1896 2305
5824 4 2 1 1 599 2316 600 2326
5825 4 2 1 1 1791 2015 1961 2244
5826 4 2 1 1 1783 1975 2173 2393
5827 4 2 1 1 1910 2260 2113 2440
5828 4 2 1 1 1794 1974 2153 2342
5829 4 2 1 1 41 1156 40 2242
5830 4 2 1 1 1312 1311 169 2144
5831 4 2 1 1 1810 1910 2378 2440
5832 4 2 1 1 820 819 818 2139
5833 4 2 1 1 273 272 274 2235
5834 4 2 1 1 584 1374 1565 1935
5835 4 2 1 1 1066 1067 785 2080
5836 4 2 1 1 83 169 2013 2288
5837 4 2 1 1 1384 2112 1157 2258
5838 4 2 1 1 1102 1976 936 2188
5839 4 2 1 1 2039 2310 407 2454
5840 4 2 1 1 1411 1950 2185 2406
5841 4 2 1 1 1794 2108 1902 2342
5842 4 2 1 1 590 592 593 2100
5843 4 2 1 1 859 860 861 2145
5844 4 2 1 1 1805 2185 1943 2402
5845 4 2 1 1 1640 1415 1407 1934
5846 4 2 1 1 1809 1967 1988 2377
5847 4 2 1 1 1652 1280 1278 1930
5848 4 2 1 1 1257 595 597 2198
5849 4 2 1 1 1808 1957 2229 2407
5850 4 2 1 1 133 47 46 2187
5851 4 2 1 1 632 2218 633 2334
5852 4 2 1 1 613 612 1522 2285
5853 4 2 1 1 1124 1125 188 2279
5854 4 2 1 1 2061 2165 1662 2284
5855 4 2 1 1 1015 1968 23 2221
5856 4 2 1 1 1891 1828 2068 2354
5857 4 2 1 1 1717 1909 796 2431
5858 4 2 1 1 1471 364 362 2376
5859 4 2 1 1 790 2021 1444 2143
5860 4 2 1 1 787 2021 789 2161
5861 4 2 1 1 952 951 950 2420
5862 4 2 1 1 1936 2198 1823 2426
5863 4 2 1 1 480 1963 670 2312
5864 4 2 1 1 1878 1948 2355 2364
5865 4 2 1 1 2179 2353 1944 2446
5866 4 2 1 1 1968 2048 1774 2221
5867 4 2 1 1 637 638 1975 2393
5868 4 2 1 1 1239 2151 2049 2302
5869 4 2 1 1 578 2239 1657 2416
5870 4 2 1 1 1321 563 1979 2278
5871 4 2 1 1 1239 2049 1600 2302
5872 4 2 1 1 717 213 215 2249
5873 4 2 1 1 929 931 1659 2412
5874 4 2 1 1 1418 1973 1636 2435
5875 4 2 1 1 1197 1951 2153 2283
5876 4 2 1 1 1522 612 615 2285
5877 4 2 1 1 261 262 263 2319
5878 4 2 1 1 884 882 998 2255
5879 4 2 1 1 671 673 472 2216
5880 4 2 1 1 781 780 1929 2402
5881 4 2 1 1 443 1256 2166 2340
5882 4 2 1 1 1289 1283 1286 2357
5883 4 2 1 1 608 1535 1533 2232
5884 4 2 1 1 1301 167 55 2273
5885 4 2 1 1 1109 1110 1507 2123
5886 4 2 1 1 1966 1977 1807 2367
5887 4 2 1 1 288 289 2120 2415
5888 4 2 1 1 770 2082 2147 2453
5889 4 2 1 1 1913 1810 2204 2321
5890 4 2 1 1 559 700 1151 2069
5891 4 2 1 1 706 505 724 2291
5892 4 2 1 1 671 472 2202 2216
5893 4 2 1 1 331 330 1978 2210
5894 4 2 1 1 1359 1533 1535 2209
5895 4 2 1 1 1938 2116 1803 2154
5896 4 2 1 1 393 1061 1029 2207
5897 4 2 1 1 1392 1912 683 2451
5898 4 2 1 1 1820 1884 2330 2368
5899 4 2 1 1 1091 2181 654 2282
5900 4 2 1 1 399 1076 1063 2237
5901 4 2 1 1 610 1970 1535 2232
5902 4 2 1 1 216 2236 2011 2327
5903 4 2 1 1 32 140 33 2160
5904 4 2 1 1 1891 1828 2354 2361
5905 4 2 1 1 1690 2313 461 2349
5906 4 2 1 1 1908 2353 2179 2446
5907 4 2 1 1 1797 2085 1989 2425
5908 4 2 1 1 1552 1537 473 2074
5909 4 2 1 1 1927 2173 1783 2448
5910 4 2 1 1 1491 1087 1088 1994
5911 4 2 1 1 1775 1998 2135 2142
5912 4 2 1 1 401 1338 1339 2253
5913 4 2 1 1 1783 2009 1927 2448
5914 4 2 1 1 1927 2009 1808 2448
5915 4 2 1 1 446 337 2134 2266
5916 4 2 1 1 106 1684 105 2384
5917 4 2 1 1 1736 1723 1740 2098
5918 4 2 1 1 520 1678 522 1991
5919 4 2 1 1 1134 1133 702 2224
5920 4 2 1 1 1073 140 1401 2311
5921 4 2 1 1 2019 2267 1938 2318
5922 4 2 1 1 1128 2013 82 2333
5923 4 2 1 1 1953 2330 1884 2368
5924 4 2 1 1 576 1371 1940 2416
5925 4 2 1 1 1355 1357 1534 1992
5926 4 2 1 1 1891 1991 1951 2361
5927 4 2 1 1 1089 366 398 2110
5928 4 2 1 1 1911 2062 1782 2442
5929 4 2 1 1 239 235 1416 2169
5930 4 2 1 1 822 821 1920 2371
5931 4 2 1 1 1547 2244 1870 2319
5932 4 2 1 1 1923 2180 2083 2306
5933 4 2 1 1 1857 1952 2296 2333
5934 4 2 1 1 451 985 1179 2188
5935 4 2 1 1 652 654 1091 2181
5936 4 2 1 1 451 1180 357 1932
5937 4 2 1 1 530 2027 527 2423
5938 4 2 1 1 781 780 183 1929
5939 4 2 1 1 1780 2069 1942 2358
5940 4 2 1 1 486 484 485 2008
5941 4 2 1 1 1534 1359 1355 2209
5942 4 2 1 1 1197 1196 1194 2153
5943 4 2 1 1 1162 2063 1161 2194
5944 4 2 1 1 759 1599 758 2086
5945 4 2 1 1 1005 2324 2040 2452
5946 4 2 1 1 1795 2166 1992 2332
5947 4 2 1 1 1526 780 782 2185
5948 4 2 1 1 593 594 595 2124
5949 4 2 1 1 208 778 750 2111
5950 4 2 1 1 460 476 470 2109
5951 4 2 1 1 1043 2036 103 2251
5952 4 2 1 1 1814 2223 1984 2372
5953 4 2 1 1 1963 2161 670 2312
5954 4 2 1 1 1957 2356 1976 2407
5955 4 2 1 1 1982 2204 1550 2455
5956 4 2 1 1 94 93 147 2121
5957 4 2 1 1 351 449 349 1931
5958 4 2 1 1 549 548 1240 2303
5959 4 2 1 1 1860 1885 2096 2384
5960 4 2 1 1 2027 2258 526 2423
5961 4 2 1 1 198 1288 1290 2089
5962 4 2 1 1 1841 2324 2073 2452
5963 4 2 1 1 1780 1988 1967 2377
5964 4 2 1 1 2034 2176 1840 2450
5965 4 2 1 1 890 888 2114 2395
5966 4 2 1 1 1899 2097 1801 2242
5967 4 2 1 1 639 1379 2173 2393
5968 4 2 1 1 1983 2307 1830 2387
5969 4 2 1 1 1841 2040 2324 2452
5970 4 2 1 1 1842 2012 2002 2419
5971 4 2 1 1 1148 54 167 1942
5972 4 2 1 1 1632 2132 1993 2298
5973 4 2 1 1 287 288 289 2120
5974 4 2 1 1 354 355 353 2247
5975 4 2 1 1 1457 1056 815 2117
5976 4 2 1 1 1854 2324 2073 2449
5977 4 2 1 1 1957 2246 92 2289
5978 4 2 1 1 255 256 257 2146
5979 4 2 1 1 1050 1049 1052 1907
5980 4 2 1 1 1239 1592 2151 2302
5981 4 2 1 1 1806 2232 1970 2410
5982 4 2 1 1 958 1039 2152 2405
5983 4 2 1 1 1886 2093 1858 2408
5984 4 2 1 1 505 2291 706 2346
5985 4 2 1 1 1630 1951 1197 2283
5986 4 2 1 1 639 1379 642 2173
5987 4 2 1 1 59 2090 162 2176
5988 4 2 1 1 1187 990 1188 1952
5989 4 2 1 1 58 2090 148 2261
5990 4 2 1 1 475 1636 1418 1973
5991 4 2 1 1 1039 980 1065 1954
5992 4 2 1 1 1575 1146 2105 2252
5993 4 2 1 1 1419 1531 231 2135
5994 4 2 1 1 1836 2080 1963 2381
5995 4 2 1 1 435 1224 293 1933
5996 4 2 1 1 1888 2264 360 2376
5997 4 2 1 1 1363 1360 306 2345
5998 4 2 1 1 1218 1216 1505 2365
5999 4 2 1 1 258 1555 1621 1964
6000 4 2 1 1 1078 2182 715 2228
6001 4 2 1 1 576 1940 2239 2416
6002 4 2 1 1 1891 2354 1991 2361
6003 4 2 1 1 1963 1987 1836 2381
6004 4 2 1 1 1808 2229 1873 2407
6005 4 2 1 1 1838 2147 1929 2400
6006 4 2 1 1 1201 2186 1980 2398
6007 4 2 1 1 357 356 2206 2247
6008 4 2 1 1 152 1310 1532 2179
6009 4 2 1 1 210 786 212 2418
6010 4 2 1 1 85 2044 129 2217
6011 4 2 1 1 684 1257 597 2198
6012 4 2 1 1 2117 2360 1827 2368
6013 4 2 1 1 1642 2100 589 2306
6014 4 2 1 1 1156 1158 1157 2258
6015 4 2 1 1 836 834 1012 2136
6016 4 2 1 1 1959 2297 1936 2392
6017 4 2 1 1 1972 2365 1975 2387
6018 4 2 1 1 825 823 824 2371
6019 4 2 1 1 1953 2099 1820 2368
6020 4 2 1 1 663 1074 734 2199
6021 4 2 1 1 1932 1808 2231 2448
6022 4 2 1 1 1752 1767 203 2286
6023 4 2 1 1 1667 939 941 1919
6024 4 2 1 1 1967 2183 1890 2377
6025 4 2 1 1 1487 407 1488 2310
6026 4 2 1 1 1868 1830 2307 2387
6027 4 2 1 1 571 568 1134 2224
6028 4 2 1 1 242 241 240 2275
6029 4 2 1 1 369 370 2050 2414
6030 4 2 1 1 1940 2102 1897 2369
6031 4 2 1 1 863 970 861 1939
6032 4 2 1 1 1884 1827 2064 2370
6033 4 2 1 1 1445 1662 1171 2165
6034 4 2 1 1 638 639 2173 2393
6035 4 2 1 1 383 2077 384 2304
6036 4 2 1 1 1019 18 19 2271
6037 4 2 1 1 1865 2145 1804 2358
6038 4 2 1 1 917 1650 2296 2333
6039 4 2 1 1 1442 2157 1045 2251
6040 4 2 1 1 1043 1045 1044 2157
6041 4 2 1 1 1829 1903 2215 2391
6042 4 2 1 1 1968 2350 1904 2385
6043 4 2 1 1 1918 1819 2122 2375
6044 4 2 1 1 1860 2259 1990 2384
6045 4 2 1 1 984 1102 452 2129
6046 4 2 1 1 1840 2007 2004 2432
6047 4 2 1 1 789 178 791 2143
6048 4 2 1 1 1813 1904 2350 2385
6049 4 2 1 1 248 419 1395 2020
6050 4 2 1 1 599 2030 2316 2326
6051 4 2 1 1 1794 1951 1991 2361
6052 4 2 1 1 1810 1910 2178 2378
6053 4 2 1 1 281 282 283 2201
6054 4 2 1 1 1579 2178 805 2378
6055 4 2 1 1 1868 1975 2218 2387
6056 4 2 1 1 1745 1724 1743 2029
6057 4 2 1 1 1883 1800 2121 2131
6058 4 2 1 1 1181 2233 1877 2412
6059 4 2 1 1 1886 2115 1919 2408
6060 4 2 1 1 758 757 2086 2439
6061 4 2 1 1 218 2011 216 2236
6062 4 2 1 1 87 1275 1277 2307
6063 4 2 1 1 1061 374 399 2207
6064 4 2 1 1 1790 2013 2076 2333
6065 4 2 1 1 481 483 482 1987
6066 4 2 1 1 389 2313 388 2364
6067 4 2 1 1 1956 2114 1915 2428
6068 4 2 1 1 1698 1054 1680 2259
6069 4 2 1 1 1905 1817 2203 2445
6070 4 2 1 1 1818 2043 1951 2328
6071 4 2 1 1 745 2087 1053 2403
6072 4 2 1 1 545 546 2054 2219
6073 4 2 1 1 2004 2007 1842 2397
6074 4 2 1 1 154 1166 1167 1995
6075 4 2 1 1 126 61 1173 2103
6076 4 2 1 1 957 2171 956 2405
6077 4 2 1 1 2037 2398 1817 2445
6078 4 2 1 1 1408 2099 1557 2248
6079 4 2 1 1 1884 2000 1953 2368
6080 4 2 1 1 1709 1515 738 2265
6081 4 2 1 1 1801 1870 2097 2344
6082 4 2 1 1 1785 1953 2000 2368
6083 4 2 1 1 801 24 146 1904
6084 4 2 1 1 2024 1920 2371 2430
6085 4 2 1 1 1905 2203 1980 2445
6086 4 2 1 1 1951 2043 1794 2283
6087 4 2 1 1 2021 2161 787 2418
6088 4 2 1 1 152 2179 1529 2245
6089 4 2 1 1 1772 1994 2093 2226
6090 4 2 1 1 2060 2233 1830 2447
6091 4 2 1 1 1499 1693 179 2128
6092 4 2 1 1 1180 2101 986 2247
6093 4 2 1 1 897 896 2041 2374
6094 4 2 1 1 995 896 894 2122
6095 4 2 1 1 971 1562 1458 1999
6096 4 2 1 1 1385 1550 2204 2455
6097 4 2 1 1 1804 2145 1939 2358
6098 4 2 1 1 546 2054 2219 2303
6099 4 2 1 1 1154 65 2053 2223
6100 4 2 1 1 1128 82 139 2333
6101 4 2 1 1 667 735 669 2157
6102 4 2 1 1 354 352 402 2220
6103 4 2 1 1 1496 1312 169 2144
6104 4 2 1 1 549 1240 2151 2303
6105 4 2 1 1 1382 1006 430 2073
6106 4 2 1 1 2000 2078 1785 2160
6107 4 2 1 1 1233 872 1001 2159
6108 4 2 1 1 679 660 1075 2367
6109 4 2 1 1 223 224 222 2142
6110 4 2 1 1 1180 1179 986 2101
6111 4 2 1 1 343 1186 447 2141
6112 4 2 1 1 1664 89 1663 2009
6113 4 2 1 1 957 1674 955 2171
6114 4 2 1 1 265 266 267 2309
6115 4 2 1 1 429 1489 2148 2294
6116 4 2 1 1 1961 2037 1791 2319
6117 4 2 1 1 979 960 958 2152
6118 4 2 1 1 730 1683 753 2384
6119 4 2 1 1 1566 1367 1366 2369
6120 4 2 1 1 1444 790 1037 2021
6121 4 2 1 1 1774 2221 2048 2413
6122 4 2 1 1 387 386 2116 2304
6123 4 2 1 1 2054 2071 1778 2303
6124 4 2 1 1 1057 1058 131 2131
6125 4 2 1 1 480 687 481 2381
6126 4 2 1 1 1578 688 1589 2016
6127 4 2 1 1 490 683 2270 2451
6128 4 2 1 1 1546 2186 1619 2398
6129 4 2 1 1 1822 1905 2194 2445
6130 4 2 1 1 1745 1743 1726 2029
6131 4 2 1 1 237 241 1407 2275
6132 4 2 1 1 1239 1600 1592 2302
6133 4 2 1 1 92 1666 1615 2246
6134 4 2 1 1 1907 2190 2051 2228
6135 4 2 1 1 551 552 553 2140
6136 4 2 1 1 1869 2210 1978 2410
6137 4 2 1 1 1464 2097 197 2242
6138 4 2 1 1 1053 2087 756 2403
6139 4 2 1 1 225 1998 231 2321
6140 4 2 1 1 791 1704 1671 2312
6141 4 2 1 1 707 1404 2346 2439
6142 4 2 1 1 1468 1470 680 2282
6143 4 2 1 1 1910 2113 1775 2440
6144 4 2 1 1 1086 1461 1088 2093
6145 4 2 1 1 1070 1066 784 2080
6146 4 2 1 1 1905 1822 2194 2284
6147 4 2 1 1 1065 1954 980 2243
6148 4 2 1 1 835 2097 1464 2175
6149 4 2 1 1 1805 2128 1943 2406
6150 4 2 1 1 211 1430 751 2048
6151 4 2 1 1 2029 2193 1805 2431
6152 4 2 1 1 1121 1122 1694 2215
6153 4 2 1 1 860 859 858 2145
6154 4 2 1 1 267 2148 1495 2309
6155 4 2 1 1 796 1909 794 2265
6156 4 2 1 1 25 760 143 2113
6157 4 2 1 1 1878 1948 2280 2355
6158 4 2 1 1 2249 2350 1968 2385
6159 4 2 1 1 24 801 25 1904
6160 4 2 1 1 1606 2071 1536 2235
6161 4 2 1 1 842 843 841 2323
6162 4 2 1 1 1819 1936 2297 2392
6163 4 2 1 1 1911 2227 2062 2442
6164 4 2 1 1 1233 2159 1001 2432
6165 4 2 1 1 1373 586 588 2083
6166 4 2 1 1 1386 686 1385 2204
6167 4 2 1 1 1314 2150 2055 2417
6168 4 2 1 1 1961 1791 2244 2319
6169 4 2 1 1 483 1987 481 2381
6170 4 2 1 1 742 2193 743 2431
6171 4 2 1 1 48 49 154 2238
6172 4 2 1 1 1759 1844 1747 2290
6173 4 2 1 1 325 443 1256 2166
6174 4 2 1 1 1546 2037 2186 2398
6175 4 2 1 1 1487 407 2310 2454
6176 4 2 1 1 1531 231 2135 2321
6177 4 2 1 1 166 2061 45 2187
6178 4 2 1 1 1503 2156 50 2389
6179 4 2 1 1 1265 991 445 2266
6180 4 2 1 1 110 772 1715 1898
6181 4 2 1 1 1955 2044 1797 2421
6182 4 2 1 1 690 1114 511 1971
6183 4 2 1 1 762 770 723 2147
6184 4 2 1 1 1131 1132 1130 2103
6185 4 2 1 1 1916 2042 1832 2254
6186 4 2 1 1 890 2026 891 2395
6187 4 2 1 1 661 1074 663 1977
6188 4 2 1 1 1578 688 2016 2455
6189 4 2 1 1 341 2141 447 2338
6190 4 2 1 1 160 2360 2000 2370
6191 4 2 1 1 1628 423 2024 2430
6192 4 2 1 1 87 1277 86 2217
6193 4 2 1 1 1809 2183 1967 2377
6194 4 2 1 1 1259 1251 2028 2250
6195 4 2 1 1 1168 1166 1147 2219
6196 4 2 1 1 1324 1323 1237 2170
6197 4 2 1 1 1902 2112 1974 2342
6198 4 2 1 1 1243 2001 1242 2255
6199 4 2 1 1 586 585 587 2083
6200 4 2 1 1 1813 2249 2011 2385
6201 4 2 1 1 952 954 953 2420
6202 4 2 1 1 1890 1834 2301 2377
6203 4 2 1 1 1373 1374 586 2083
6204 4 2 1 1 1267 1100 1266 2229
6205 4 2 1 1 1819 1918 2122 2426
6206 4 2 1 1 1685 480 670 2312
6207 4 2 1 1 134 1944 2252 2320
6208 4 2 1 1 1651 1414 1644 2274
6209 4 2 1 1 1831 2052 1907 2256
6210 4 2 1 1 1820 2099 1953 2330
6211 4 2 1 1 743 1693 1718 2193
6212 4 2 1 1 1801 1902 2112 2242
6213 4 2 1 1 1618 743 2029 2431
6214 4 2 1 1 463 396 464 1948
6215 4 2 1 1 150 1957 92 2289
6216 4 2 1 1 2062 2227 1831 2442
6217 4 2 1 1 1187 1188 447 1952
6218 4 2 1 1 1943 2212 1898 2339
6219 4 2 1 1 1539 1961 1010 2319
6220 4 2 1 1 1811 2218 1975 2387
6221 4 2 1 1 1583 935 1654 2356
6222 4 2 1 1 1968 2137 1774 2385
6223 4 2 1 1 1543 1387 1386 2204
6224 4 2 1 1 351 350 352 2220
6225 4 2 1 1 1978 2336 1970 2410
6226 4 2 1 1 1252 1254 1253 2250
6227 4 2 1 1 1460 1462 1090 2110
6228 4 2 1 1 522 1974 524 2352
6229 4 2 1 1 1076 2237 2050 2414
6230 4 2 1 1 1829 1903 2391 2399
6231 4 2 1 1 401 1339 1455 2085
6232 4 2 1 1 690 1971 511 2391
6233 4 2 1 1 1206 2324 1005 2452
6234 4 2 1 1 493 2014 1438 2225
6235 4 2 1 1 1348 404 334 2329
6236 4 2 1 1 1931 2233 2060 2447
6237 4 2 1 1 772 1898 109 2400
6238 4 2 1 1 1805 2128 2029 2212
6239 4 2 1 1 1081 2227 1882 2420
6240 4 2 1 1 917 918 919 2076
6241 4 2 1 1 1692 1292 172 2277
6242 4 2 1 1 459 749 1408 2099
6243 4 2 1 1 1813 2350 2249 2385
6244 4 2 1 1 1690 1996 2313 2349
6245 4 2 1 1 1801 2097 1899 2344
6246 4 2 1 1 1733 1744 1746 1943
6247 4 2 1 1 1804 1914 2105 2252
6248 4 2 1 1 1056 2160 32 2360
6249 4 2 1 1 891 2026 892 2375
6250 4 2 1 1 107 2096 106 2453
6251 4 2 1 1 1734 1736 1724 1909
6252 4 2 1 1 1815 2023 2248 2399
6253 4 2 1 1 564 566 565 2301
6254 4 2 1 1 284 283 282 2201
6255 4 2 1 1 1895 2167 2070 2277
6256 4 2 1 1 1544 136 55 1967
6257 4 2 1 1 2058 2205 1834 2443
6258 4 2 1 1 1874 2232 1806 2410
6259 4 2 1 1 1382 275 277 2222
6260 4 2 1 1 664 665 666 2104
6261 4 2 1 1 1609 1598 414 2235
6262 4 2 1 1 1951 1794 2153 2283
6263 4 2 1 1 527 530 525 2027
6264 4 2 1 1 1809 1988 1967 2363
6265 4 2 1 1 1701 675 1425 2349
6266 4 2 1 1 1997 2228 1807 2442
6267 4 2 1 1 1874 1970 2232 2410
6268 4 2 1 1 1933 2205 2058 2443
6269 4 2 1 1 1803 2116 1938 2401
6270 4 2 1 1 1262 904 993 2254
6271 4 2 1 1 412 1593 1518 2092
6272 4 2 1 1 655 2051 656 2282
6273 4 2 1 1 203 1767 1689 2286
6274 4 2 1 1 800 468 220 2236
6275 4 2 1 1 1837 2225 1913 2262
6276 4 2 1 1 1932 1808 2188 2231
6277 4 2 1 1 1879 2241 2055 2417
6278 4 2 1 1 1421 1550 1578 2455
6279 4 2 1 1 1549 2250 1956 2310
6280 4 2 1 1 367 1093 453 2018
6281 4 2 1 1 1307 44 45 2061
6282 4 2 1 1 314 313 1956 2292
6283 4 2 1 1 1421 1982 1550 2455
6284 4 2 1 1 336 338 337 2134
6285 4 2 1 1 1931 2060 1797 2447
6286 4 2 1 1 1690 1025 1026 2313
6287 4 2 1 1 571 569 568 2002
6288 4 2 1 1 1841 2156 2040 2452
6289 4 2 1 1 1936 2124 1823 2198
6290 4 2 1 1 1418 1636 2178 2435
6291 4 2 1 1 625 628 626 2257
6292 4 2 1 1 1819 2297 1959 2392
6293 4 2 1 1 1687 778 205 1839
6294 4 2 1 1 1557 1113 1612 2248
6295 4 2 1 1 912 911 910 1941
6296 4 2 1 1 891 892 893 2375
6297 4 2 1 1 1907 1807 2228 2442
6298 4 2 1 1 876 874 1000 2091
6299 4 2 1 1 1314 2055 1313 2241
6300 4 2 1 1 1220 1219 2003 2347
6301 4 2 1 1 1750 1714 1767 2066
6302 4 2 1 1 1761 1894 2234 2290
6303 4 2 1 1 1427 716 1432 1949
6304 4 2 1 1 489 486 2008 2270
6305 4 2 1 1 997 1246 1247 2114
6306 4 2 1 1 1101 1466 1468 1997
6307 4 2 1 1 637 639 638 2393
6308 4 2 1 1 1682 725 1288 2316
6309 4 2 1 1 1904 2074 1813 2350
6310 4 2 1 1 335 445 333 2329
6311 4 2 1 1 169 1303 1496 2288
6312 4 2 1 1 158 2017 1406 2268
6313 4 2 1 1 2059 2221 1774 2413
6314 4 2 1 1 279 1207 431 2324
6315 4 2 1 1 1973 1982 1810 2427
6316 4 2 1 1 1224 1002 2196 2348
6317 4 2 1 1 91 1957 150 2229
6318 4 2 1 1 465 467 463 2202
6319 4 2 1 1 405 330 328 2210
6320 4 2 1 1 1827 1884 2368 2370
6321 4 2 1 1 1046 1043 103 2251
6322 4 2 1 1 1419 1493 1531 2135
6323 4 2 1 1 1156 1157 132 2112
6324 4 2 1 1 1805 1943 2185 2406
6325 4 2 1 1 1149 1942 167 2273
6326 4 2 1 1 408 304 302 2125
6327 4 2 1 1 168 1277 1278 2217
6328 4 2 1 1 1188 990 446 2072
6329 4 2 1 1 1851 2153 1974 2342
6330 4 2 1 1 1503 165 2156 2389
6331 4 2 1 1 1232 1001 2159 2432
6332 4 2 1 1 1092 453 2115 2325
6333 4 2 1 1 1104 2121 1669 2191
6334 4 2 1 1 222 223 2142 2409
6335 4 2 1 1 1041 1032 2104 2322
6336 4 2 1 1 692 521 1196 2153
6337 4 2 1 1 1291 2089 198 2277
6338 4 2 1 1 1430 1435 1014 2249
6339 4 2 1 1 1664 1663 975 2009
6340 4 2 1 1 191 84 83 2288
6341 4 2 1 1 1806 1978 2210 2410
6342 4 2 1 1 681 1410 2193 2406
6343 4 2 1 1 385 383 384 2304
6344 4 2 1 1 328 329 327 2210
6345 4 2 1 1 1230 544 2054 2272
6346 4 2 1 1 1716 771 1590 2400
6347 4 2 1 1 622 2095 1511 2230
6348 4 2 1 1 1032 1028 1060 2322
6349 4 2 1 1 1021 1022 1033 2199
6350 4 2 1 1 752 2087 746 2411
6351 4 2 1 1 848 1477 850 2208
6352 4 2 1 1 1979 2301 1834 2377
6353 4 2 1 1 1643 48 154 2238
6354 4 2 1 1 613 1469 1535 1970
6355 4 2 1 1 843 2211 1483 2323
6356 4 2 1 1 1602 1603 2372 2395
6357 4 2 1 1 777 1686 1698 2259
6358 4 2 1 1 1933 2058 1792 2443
6359 4 2 1 1 56 55 136 1967
6360 4 2 1 1 225 228 1998 2321
6361 4 2 1 1 488 2291 505 2346
6362 4 2 1 1 1561 1550 1421 1982
6363 4 2 1 1 153 63 64 2315
6364 4 2 1 1 765 699 753 2384
6365 4 2 1 1 1923 2083 1824 2306
6366 4 2 1 1 613 610 612 2285
6367 4 2 1 1 1804 1914 2252 2353
6368 4 2 1 1 1980 2203 1817 2445
6369 4 2 1 1 486 488 489 2008
6370 4 2 1 1 1508 1581 974 2297
6371 4 2 1 1 1397 1589 502 2016
6372 4 2 1 1 1363 306 304 2125
6373 4 2 1 1 651 1095 653 2189
6374 4 2 1 1 371 369 370 2050
6375 4 2 1 1 1803 1948 2154 2364
6376 4 2 1 1 1281 1302 1955 2288
6377 4 2 1 1 960 961 2025 2269
6378 4 2 1 1 487 784 783 2444
6379 4 2 1 1 842 841 840 2323
6380 4 2 1 1 1544 1967 55 2383
6381 4 2 1 1 1405 1949 1432 2409
6382 4 2 1 1 2030 2198 599 2316
6383 4 2 1 1 866 865 864 1988
6384 4 2 1 1 1919 2121 1883 2408
6385 4 2 1 1 1156 132 40 2242
6386 4 2 1 1 1380 1221 1004 2145
6387 4 2 1 1 1801 2175 1902 2242
6388 4 2 1 1 297 298 299 2007
6389 4 2 1 1 1464 2175 2097 2242
6390 4 2 1 1 54 1942 2245 2383
6391 4 2 1 1 332 333 331 2329
6392 4 2 1 1 425 1394 253 2184
6393 4 2 1 1 2008 2291 488 2346
6394 4 2 1 1 435 1001 1231 2159
6395 4 2 1 1 1331 567 570 2168
6396 4 2 1 1 297 298 2007 2397
6397 4 2 1 1 1199 37 1452 2065
6398 4 2 1 1 1503 165 1501 2156
6399 4 2 1 1 224 225 227 1998
6400 4 2 1 1 290 292 291 2205
6401 4 2 1 1 549 1240 1227 2151
6402 4 2 1 1 628 630 629 2084
6403 4 2 1 1 1844 2234 1759 2286
6404 4 2 1 1 985 934 1179 2188
6405 4 2 1 1 528 526 2258 2423
6406 4 2 1 1 206 110 2339 2402
6407 4 2 1 1 1389 1406 825 2268
6408 4 2 1 1 1524 1961 1539 2309
6409 4 2 1 1 1885 2202 1948 2355
6410 4 2 1 1 965 1389 827 2268
6411 4 2 1 1 1821 2086 1904 2422
6412 4 2 1 1 51 52 134 1944
6413 4 2 1 1 1489 844 1009 2294
6414 4 2 1 1 101 1677 102 2305
6415 4 2 1 1 2138 2372 1603 2395
6416 4 2 1 1 1397 503 507 2330
6417 4 2 1 1 1958 2281 2024 2371
6418 4 2 1 1 583 585 586 2343
6419 4 2 1 1 219 222 217 2409
6420 4 2 1 1 1135 148 58 2090
6421 4 2 1 1 1806 2210 1869 2410
6422 4 2 1 1 1651 813 2035 2274
6423 4 2 1 1 1153 138 1631 2132
6424 4 2 1 1 449 1184 349 2425
6425 4 2 1 1 1198 692 1197 1951
6426 4 2 1 1 1599 2225 1438 2439
6427 4 2 1 1 164 1268 66 2223
6428 4 2 1 1 1335 1336 1331 2301
6429 4 2 1 1 1744 1727 1746 1943
6430 4 2 1 1 1886 1800 2115 2408
6431 4 2 1 1 1899 2344 2097 2362
6432 4 2 1 1 731 1472 1626 2127
6433 4 2 1 1 1025 962 1024 2269
6434 4 2 1 1 809 2337 1871 2435
6435 4 2 1 1 445 2081 333 2329
6436 4 2 1 1 1643 47 48 2238
6437 4 2 1 1 1395 1620 1623 2020
6438 4 2 1 1 634 1219 1376 2003
6439 4 2 1 1 1005 2040 854 2452
6440 4 2 1 1 314 406 316 2164
6441 4 2 1 1 1546 1619 1203 2398
6442 4 2 1 1 63 1985 1587 2315
6443 4 2 1 1 1466 1063 1468 2237
6444 4 2 1 1 1220 1455 1219 2347
6445 4 2 1 1 1401 140 1457 1962
6446 4 2 1 1 1868 2218 1811 2387
6447 4 2 1 1 1360 2345 407 2454
6448 4 2 1 1 1029 1060 1028 1966
6449 4 2 1 1 1949 2011 1813 2409
6450 4 2 1 1 424 251 2276 2281
6451 4 2 1 1 890 888 1247 2114
6452 4 2 1 1 1546 264 2037 2398
6453 4 2 1 1 1120 1125 1124 2354
6454 4 2 1 1 598 2198 725 2316
6455 4 2 1 1 1202 1980 2203 2398
6456 4 2 1 1 1549 1956 312 2310
6457 4 2 1 1 765 780 1436 2216
6458 4 2 1 1 849 847 848 2208
6459 4 2 1 1 1938 2267 2077 2304
6460 4 2 1 1 485 488 2008 2291
6461 4 2 1 1 1896 2157 2036 2305
6462 4 2 1 1 855 2156 2040 2446
6463 4 2 1 1 1499 1718 1693 2029
6464 4 2 1 1 1230 544 1225 2054
6465 4 2 1 1 130 1583 1654 2356
6466 4 2 1 1 1122 512 694 2391
6467 4 2 1 1 672 1393 731 2127
6468 4 2 1 1 1714 2066 1750 2271
6469 4 2 1 1 521 522 523 2153
6470 4 2 1 1 1618 743 1718 2029
6471 4 2 1 1 804 806 1552 2074
6472 4 2 1 1 892 2026 996 2375
6473 4 2 1 1 1803 1892 2116 2401
6474 4 2 1 1 796 1516 794 1909
6475 4 2 1 1 1805 2029 1909 2212
6476 4 2 1 1 1920 1815 2139 2430
6477 4 2 1 1 806 1537 2074 2350
6478 4 2 1 1 1589 2016 1397 2330
6479 4 2 1 1 39 40 132 2242
6480 4 2 1 1 638 636 637 1975
6481 4 2 1 1 1456 92 2246 2289
6482 4 2 1 1 1552 806 1537 2074
6483 4 2 1 1 704 587 585 2180
6484 4 2 1 1 837 1474 835 2097
6485 4 2 1 1 388 2313 2116 2364
6486 4 2 1 1 921 919 920 2429
6487 4 2 1 1 236 1414 234 1947
6488 4 2 1 1 267 1495 428 2309
6489 4 2 1 1 1682 1288 2089 2316
6490 4 2 1 1 1010 2244 1547 2319
6491 4 2 1 1 1809 1988 2196 2377
6492 4 2 1 1 2000 2368 1884 2370
6493 4 2 1 1 2125 2158 1802 2369
6494 4 2 1 1 34 35 1118 2155
6495 4 2 1 1 814 812 813 2274
6496 4 2 1 1 1148 1146 1141 2252
6497 4 2 1 1 1384 1157 1383 2258
6498 4 2 1 1 1442 1045 1047 2251
6499 4 2 1 1 70 173 69 2297
6500 4 2 1 1 1562 1999 869 2373
6501 4 2 1 1 332 331 330 1978
6502 4 2 1 1 531 695 1162 2056
6503 4 2 1 1 835 1464 833 2175
6504 4 2 1 1 787 789 788 2161
6505 4 2 1 1 886 2033 1245 2335
6506 4 2 1 1 586 588 2083 2306
6507 4 2 1 1 865 1988 866 2363
6508 4 2 1 1 1524 840 1010 1961
6509 4 2 1 1 1936 1823 2124 2392
6510 4 2 1 1 1642 589 1271 2306
6511 4 2 1 1 727 1031 729 2267
6512 4 2 1 1 173 1283 69 1959
6513 4 2 1 1 1797 2084 1955 2421
6514 4 2 1 1 507 1953 689 2330
6515 4 2 1 1 378 2126 379 2437
6516 4 2 1 1 1875 2196 1988 2377
6517 4 2 1 1 1401 1457 819 1962
6518 4 2 1 1 41 1475 42 2362
6519 4 2 1 1 436 2007 299 2438
6520 4 2 1 1 332 330 1351 1978
6521 4 2 1 1 1056 815 2117 2360
6522 4 2 1 1 695 2056 528 2258
6523 4 2 1 1 1154 66 65 2223
6524 4 2 1 1 1408 1557 397 2248
6525 4 2 1 1 629 2084 630 2334
6526 4 2 1 1 1400 1612 1617 2149
6527 4 2 1 1 1138 86 129 2217
6528 4 2 1 1 455 1080 1084 2227
6529 4 2 1 1 1830 1877 2233 2412
6530 4 2 1 1 1477 1008 1485 2208
6531 4 2 1 1 2066 2234 1844 2286
6532 4 2 1 1 792 462 463 2119
6533 4 2 1 1 318 417 1960 2331
6534 4 2 1 1 54 55 167 2383
6535 4 2 1 1 1736 1909 1734 2212
6536 4 2 1 1 1988 2196 866 2363
6537 4 2 1 1 1475 41 197 2362
6538 4 2 1 1 651 650 649 2189
6539 4 2 1 1 866 864 1223 1988
6540 4 2 1 1 1636 475 1651 2435
6541 4 2 1 1 1719 2128 1693 2406
6542 4 2 1 1 840 838 1010 2244
6543 4 2 1 1 613 1535 610 1970
6544 4 2 1 1 507 508 509 1953
6545 4 2 1 1 1395 2020 1623 2328
6546 4 2 1 1 572 569 2002 2419
6547 4 2 1 1 208 210 209 2111
6548 4 2 1 1 1804 2145 1908 2179
6549 4 2 1 1 1929 2147 1838 2388
6550 4 2 1 1 676 723 674 2082
6551 4 2 1 1 822 823 821 2371
6552 4 2 1 1 759 758 757 2086
6553 4 2 1 1 1804 1942 2105 2358
6554 4 2 1 1 1341 1338 344 2253
6555 4 2 1 1 1036 209 751 2048
6556 4 2 1 1 383 457 381 2380
6557 4 2 1 1 172 73 2070 2277
6558 4 2 1 1 776 2147 107 2453
6559 4 2 1 1 1259 1252 1251 2250
6560 4 2 1 1 316 2164 1329 2331
6561 4 2 1 1 1901 2191 1800 2341
6562 4 2 1 1 721 1991 520 2354
6563 4 2 1 1 1800 1883 2121 2408
6564 4 2 1 1 624 627 1511 2095
6565 4 2 1 1 107 776 108 2147
6566 4 2 1 1 1929 2185 1950 2388
6567 4 2 1 1 1077 2051 655 2424
6568 4 2 1 1 1831 1882 2227 2420
6569 4 2 1 1 1590 771 739 2400
6570 4 2 1 1 1883 2121 1919 2246
6571 4 2 1 1 34 2155 189 2311
6572 4 2 1 1 1198 1951 1630 2328
6573 4 2 1 1 1999 2261 1809 2443
6574 4 2 1 1 1448 1314 1375 2417
6575 4 2 1 1 1575 1142 1146 2252
6576 4 2 1 1 1409 681 1410 2193
6577 4 2 1 1 1602 1603 1152 2372
6578 4 2 1 1 1942 2245 1939 2358
6579 4 2 1 1 549 2151 1227 2303
6580 4 2 1 1 629 630 631 2334
6581 4 2 1 1 177 1451 798 2221
6582 4 2 1 1 203 2286 2066 2411
6583 4 2 1 1 342 2141 341 2338
6584 4 2 1 1 1952 2141 1863 2338
6585 4 2 1 1 414 1606 1536 2235
6586 4 2 1 1 1081 2243 1064 2420
6587 4 2 1 1 1866 1977 2182 2396
6588 4 2 1 1 1904 2385 1821 2422
6589 4 2 1 1 323 442 321 2106
6590 4 2 1 1 911 1631 909 2132
6591 4 2 1 1 308 2345 1360 2454
6592 4 2 1 1 987 926 1183 2233
6593 4 2 1 1 1057 2190 1051 2424
6594 4 2 1 1 1507 1337 402 1972
6595 4 2 1 1 1018 1017 742 2431
6596 4 2 1 1 557 700 559 2105
6597 4 2 1 1 1243 880 999 2001
6598 4 2 1 1 1029 1028 393 1966
6599 4 2 1 1 1576 1365 1367 2102
6600 4 2 1 1 1673 2052 1082 2300
6601 4 2 1 1 1636 1973 475 2435
6602 4 2 1 1 1283 1959 1284 2357
6603 4 2 1 1 356 355 354 2247
6604 4 2 1 1 1761 2234 1759 2290
6605 4 2 1 1 712 635 1652 2218
6606 4 2 1 1 1690 1538 1025 1996
6607 4 2 1 1 1440 1476 727 2267
6608 4 2 1 1 295 296 297 2004
6609 4 2 1 1 1190 2175 1464 2242
6610 4 2 1 1 91 1666 92 1957
6611 4 2 1 1 1938 2116 1892 2401
6612 4 2 1 1 572 2012 574 2419
6613 4 2 1 1 1960 2122 1918 2426
6614 4 2 1 1 1164 1143 2010 2320
6615 4 2 1 1 1505 2220 1504 2347
6616 4 2 1 1 1060 1966 1029 2367
6617 4 2 1 1 827 1389 825 2268
6618 4 2 1 1 1538 1996 1690 2349
6619 4 2 1 1 273 274 275 2222
6620 4 2 1 1 1727 1943 202 2339
6621 4 2 1 1 1291 1292 1692 2277
6622 4 2 1 1 840 839 838 2244
6623 4 2 1 1 52 53 1141 2252
6624 4 2 1 1 633 636 1217 2218
6625 4 2 1 1 1095 1058 733 2424
6626 4 2 1 1 1010 1961 2244 2319
6627 4 2 1 1 88 89 163 2174
6628 4 2 1 1 1888 1976 2188 2407
6629 4 2 1 1 1808 2188 1976 2407
6630 4 2 1 1 1375 1312 2144 2241
6631 4 2 1 1 745 1053 756 2403
6632 4 2 1 1 236 234 235 1947
6633 4 2 1 1 721 520 518 2354
6634 4 2 1 1 1618 1498 174 2029
6635 4 2 1 1 340 338 2134 2338
6636 4 2 1 1 1349 1348 1350 2107
6637 4 2 1 1 1413 623 710 2144
6638 4 2 1 1 1668 1104 1669 2191
6639 4 2 1 1 840 841 839 2323
6640 4 2 1 1 1369 2002 569 2419
6641 4 2 1 1 109 772 110 1898
6642 4 2 1 1 910 909 908 2298
6643 4 2 1 1 1165 154 49 1995
6644 4 2 1 1 1265 445 335 2266
6645 4 2 1 1 510 2078 694 2391
6646 4 2 1 1 769 160 2000 2370
6647 4 2 1 1 1973 2178 1418 2427
6648 4 2 1 1 1510 1347 1343 2230
6649 4 2 1 1 438 1243 1242 2255
6650 4 2 1 1 1919 2115 1886 2325
6651 4 2 1 1 1608 1204 1619 2186
6652 4 2 1 1 2077 2379 2152 2380
6653 4 2 1 1 1165 1995 49 2389
6654 4 2 1 1 932 931 930 2101
6655 4 2 1 1 1386 1385 1550 2204
6656 4 2 1 1 826 825 824 1958
6657 4 2 1 1 1483 2211 151 2323
6658 4 2 1 1 1369 2308 2002 2419
6659 4 2 1 1 1059 2131 1095 2189
6660 4 2 1 1 1603 2138 1152 2372
6661 4 2 1 1 627 2095 624 2257
6662 4 2 1 1 1543 2204 1561 2321
6663 4 2 1 1 419 1617 1620 2149
6664 4 2 1 1 901 1611 899 2317
6665 4 2 1 1 225 228 227 1998
6666 4 2 1 1 1554 1370 584 2158
6667 4 2 1 1 919 2076 920 2429
6668 4 2 1 1 164 66 67 2223
6669 4 2 1 1 247 1396 2024 2281
6670 4 2 1 1 1065 456 379 2243
6671 4 2 1 1 430 1477 1485 1981
6672 4 2 1 1 197 2097 1474 2362
6673 4 2 1 1 1619 2186 1203 2398
6674 4 2 1 1 599 600 601 2326
6675 4 2 1 1 750 786 2111 2418
6676 4 2 1 1 472 673 1411 1950
6677 4 2 1 1 470 478 477 2109
6678 4 2 1 1 316 406 1329 2164
6679 4 2 1 1 1391 1387 2135 2451
6680 4 2 1 1 1451 23 2137 2221
6681 4 2 1 1 1337 354 402 1972
6682 4 2 1 1 223 225 224 2142
6683 4 2 1 1 1665 501 2225 2262
6684 4 2 1 1 1304 42 1475 2362
6685 4 2 1 1 1687 201 778 2197
6686 4 2 1 1 1980 2186 2037 2398
6687 4 2 1 1 1057 190 1051 2190
6688 4 2 1 1 997 2114 1247 2335
6689 4 2 1 1 1254 2250 1549 2310
6690 4 2 1 1 339 446 337 2134
6691 4 2 1 1 1907 1807 2182 2228
6692 4 2 1 1 1482 2015 839 2323
6693 4 2 1 1 1452 36 158 2268
6694 4 2 1 1 1405 1427 1432 1949
6695 4 2 1 1 391 1035 1476 2267
6696 4 2 1 1 1546 1614 264 2398
6697 4 2 1 1 789 2021 790 2143
6698 4 2 1 1 633 632 635 2218
6699 4 2 1 1 1207 1005 431 2324
6700 4 2 1 1 1494 1367 1574 2102
6701 4 2 1 1 329 444 1261 2210
6702 4 2 1 1 1765 1753 1712 2271
6703 4 2 1 1 297 2397 2007 2432
6704 4 2 1 1 312 314 313 1956
6705 4 2 1 1 51 1310 52 1944
6706 4 2 1 1 816 2117 817 2293
6707 4 2 1 1 1972 2123 1975 2365
6708 4 2 1 1 296 297 2004 2397
6709 4 2 1 1 1417 1543 1561 2321
6710 4 2 1 1 773 31 2160 2360
6711 4 2 1 1 1031 1035 392 2267
6712 4 2 1 1 665 663 734 2199
6713 4 2 1 1 871 1562 869 2373
6714 4 2 1 1 1921 1809 2261 2443
6715 4 2 1 1 1807 2182 1977 2396
6716 4 2 1 1 638 1215 636 1975
6717 4 2 1 1 1484 44 151 2211
6718 4 2 1 1 1899 2056 2258 2344
6719 4 2 1 1 2077 2267 1848 2380
6720 4 2 1 1 1487 2310 310 2454
6721 4 2 1 1 1206 1005 854 2452
6722 4 2 1 1 964 1073 1401 2311
6723 4 2 1 1 1531 1543 231 2321
6724 4 2 1 1 210 2111 786 2418
6725 4 2 1 1 1513 1707 1763 2290
6726 4 2 1 1 318 417 320 1960
6727 4 2 1 1 319 318 320 1960
6728 4 2 1 1 743 742 741 2193
6729 4 2 1 1 218 1405 219 2409
6730 4 2 1 1 1508 2057 71 2297
6731 4 2 1 1 1461 398 1471 2093
6732 4 2 1 1 174 1717 1618 2431
6733 4 2 1 1 1668 2191 945 2300
6734 4 2 1 1 855 854 2040 2452
6735 4 2 1 1 1314 1313 1375 2241
6736 4 2 1 1 586 2083 587 2306
6737 4 2 1 1 862 1003 864 2314
6738 4 2 1 1 1320 1322 1593 2092
6739 4 2 1 1 130 91 90 2229
6740 4 2 1 1 487 1070 784 2381
6741 4 2 1 1 1823 2028 2124 2392
6742 4 2 1 1 1101 679 1466 1997
6743 4 2 1 1 1867 2221 2059 2413
6744 4 2 1 1 242 397 244 2248
6745 4 2 1 1 297 299 436 2007
6746 4 2 1 1 1850 1946 2282 2341
6747 4 2 1 1 74 172 2070 2434
6748 4 2 1 1 308 1360 407 2454
6749 4 2 1 1 280 415 1527 2302
6750 4 2 1 1 1574 408 302 2369
6751 4 2 1 1 146 23 1015 1968
6752 4 2 1 1 1364 574 2012 2419
6753 4 2 1 1 174 1724 1737 1696
6754 4 2 1 1 598 599 2198 2316
6755 4 2 1 1 544 545 546 2054
6756 4 2 1 1 2152 2379 1954 2380
6757 4 2 1 1 1029 1966 2207 2367
6758 4 2 1 1 1804 1939 2245 2358
6759 4 2 1 1 717 1430 213 2249
6760 4 2 1 1 1043 102 2036 2305
6761 4 2 1 1 1998 2378 1910 2440
6762 4 2 1 1 312 1549 314 1956
6763 4 2 1 1 1473 149 61 2162
6764 4 2 1 1 1571 1579 805 2378
6765 4 2 1 1 1957 1808 2356 2407
6766 4 2 1 1 1867 2048 2221 2413
6767 4 2 1 1 752 746 754 2411
6768 4 2 1 1 661 663 662 1977
6769 4 2 1 1 396 394 1426 2364
6770 4 2 1 1 1092 2115 942 2325
6771 4 2 1 1 757 758 707 2439
6772 4 2 1 1 528 2056 529 2423
6773 4 2 1 1 490 492 683 2451
6774 4 2 1 1 1244 1245 998 2163
6775 4 2 1 1 324 326 2166 2332
6776 4 2 1 1 1218 1219 634 2003
6777 4 2 1 1 433 1221 1380 2314
6778 4 2 1 1 24 25 143 2422
6779 4 2 1 1 297 2007 436 2432
6780 4 2 1 1 1630 1197 1622 2283
6781 4 2 1 1 1820 2330 1953 2368
6782 4 2 1 1 580 1433 582 2118
6783 4 2 1 1 654 655 656 2282
6784 4 2 1 1 848 847 846 2208
6785 4 2 1 1 710 1375 1312 2144
6786 4 2 1 1 173 1284 1283 1959
6787 4 2 1 1 601 602 603 2326
6788 4 2 1 1 902 2042 901 2317
6789 4 2 1 1 203 1689 2066 2286
6790 4 2 1 1 1912 1813 2142 2409
6791 4 2 1 1 1833 2206 1932 2264
6792 4 2 1 1 1316 616 2150 2417
6793 4 2 1 1 146 1015 1014 1968
6794 4 2 1 1 1191 2153 1196 2352
6795 4 2 1 1 494 1390 492 2451
6796 4 2 1 1 1972 1811 2365 2387
6797 4 2 1 1 1184 1989 347 2425
6798 4 2 1 1 1958 2276 1818 2281
6799 4 2 1 1 380 2126 392 2380
6800 4 2 1 1 1976 2356 1808 2407
6801 4 2 1 1 572 1369 569 2419
6802 4 2 1 1 1545 1328 1540 2326
6803 4 2 1 1 637 635 712 2218
6804 4 2 1 1 689 507 509 1953
6805 4 2 1 1 1307 1662 1306 2284
6806 4 2 1 1 215 1431 717 2249
6807 4 2 1 1 988 2177 922 2429
6808 4 2 1 1 475 1418 232 1973
6809 4 2 1 1 994 900 898 2317
6810 4 2 1 1 1154 1597 186 2223
6811 4 2 1 1 594 596 595 2124
6812 4 2 1 1 1822 2194 2063 2445
6813 4 2 1 1 20 797 200 2088
6814 4 2 1 1 1975 2365 1811 2387
6815 4 2 1 1 536 2194 1637 2284
6816 4 2 1 1 706 798 747 2137
6817 4 2 1 1 681 1950 1411 2406
6818 4 2 1 1 407 2345 2039 2454
6819 4 2 1 1 1228 1227 1592 2151
6820 4 2 1 1 991 912 910 1941
6821 4 2 1 1 1468 1420 1470 2237
6822 4 2 1 1 417 1428 2195 2295
6823 4 2 1 1 216 2011 215 2327
6824 4 2 1 1 106 2096 779 2384
6825 4 2 1 1 499 504 503 2130
6826 4 2 1 1 1143 1145 1164 2010
6827 4 2 1 1 1011 805 1579 2178
6828 4 2 1 1 769 763 160 2370
6829 4 2 1 1 1921 2168 1834 2443
6830 4 2 1 1 396 1426 464 2154
6831 4 2 1 1 22 1015 23 2221
6832 4 2 1 1 1943 2185 1697 2402
6833 4 2 1 1 2042 2317 902 2340
6834 4 2 1 1 1148 167 1149 1942
6835 4 2 1 1 356 358 357 2206
6836 4 2 1 1 1849 2150 1880 2390
6837 4 2 1 1 1616 1958 824 2371
6838 4 2 1 1 1809 1890 2183 2377
6839 4 2 1 1 1198 1197 1630 1951
6840 4 2 1 1 992 908 906 2298
6841 4 2 1 1 1844 2234 1894 2290
6842 4 2 1 1 1186 1185 989 2429
6843 4 2 1 1 500 488 505 2346
6844 4 2 1 1 1747 1768 180 2286
6845 4 2 1 1 1380 1004 432 2201
6846 4 2 1 1 31 773 160 2360
6847 4 2 1 1 272 1609 414 2235
6848 4 2 1 1 708 1297 1295 2213
6849 4 2 1 1 954 1064 2243 2420
6850 4 2 1 1 1730 1731 1728 2098
6851 4 2 1 1 86 85 129 2217
6852 4 2 1 1 429 1489 1495 2148
6853 4 2 1 1 1489 1009 1495 2148
6854 4 2 1 1 1076 2050 370 2414
6855 4 2 1 1 1843 2201 1908 2353
6856 4 2 1 1 297 2004 2397 2432
6857 4 2 1 1 2134 2338 2072 2386
6858 4 2 1 1 740 462 2119 2280
6859 4 2 1 1 205 19 18 2271
6860 4 2 1 1 230 233 232 2427
6861 4 2 1 1 788 787 2161 2418
6862 4 2 1 1 390 389 388 2364
6863 4 2 1 1 609 607 708 2232
6864 4 2 1 1 728 1426 1443 2154
6865 4 2 1 1 459 1408 240 2275
6866 4 2 1 1 1298 604 1424 2167
6867 4 2 1 1 1487 310 407 2454
6868 4 2 1 1 1839 2234 2066 2271
6869 4 2 1 1 1885 2216 2096 2384
6870 4 2 1 1 814 817 816 2117
6871 4 2 1 1 1827 2117 1934 2274
6872 4 2 1 1 1180 986 450 2247
6873 4 2 1 1 1553 2158 2125 2369
6874 4 2 1 1 1777 2152 2077 2379
6875 4 2 1 1 1561 1421 238 1982
6876 4 2 1 1 793 738 478 2265
6877 4 2 1 1 1232 295 297 2004
6878 4 2 1 1 1021 2046 101 2305
6879 4 2 1 1 596 725 598 2198
6880 4 2 1 1 1940 2239 1881 2404
6881 4 2 1 1 659 715 2182 2228
6882 4 2 1 1 1077 2190 2051 2424
6883 4 2 1 1 1936 2124 1959 2392
6884 4 2 1 1 1628 1633 423 2430
6885 4 2 1 1 1866 2182 1807 2396
6886 4 2 1 1 1267 150 1099 2229
6887 4 2 1 1 2007 2102 1842 2397
6888 4 2 1 1 1355 1354 1357 1992
6889 4 2 1 1 927 2233 928 2412
6890 4 2 1 1 1291 1682 1288 2089
6891 4 2 1 1 206 109 110 2402
6892 4 2 1 1 1388 1630 1622 2283
6893 4 2 1 1 1299 709 1648 2079
6894 4 2 1 1 166 45 46 2187
6895 4 2 1 1 984 940 938 2325
6896 4 2 1 1 528 2258 2056 2423
6897 4 2 1 1 1008 2208 846 2294
6898 4 2 1 1 1190 1464 197 2242
6899 4 2 1 1 1539 1524 1010 1961
6900 4 2 1 1 757 143 2086 2422
6901 4 2 1 1 65 127 2053 2315
6902 4 2 1 1 1264 992 1263 2081
6903 4 2 1 1 1756 1761 1749 1894
6904 4 2 1 1 1041 729 1032 2322
6905 4 2 1 1 388 387 2116 2313
6906 4 2 1 1 232 1973 1418 2427
6907 4 2 1 1 1111 515 691 2200
6908 4 2 1 1 257 258 259 2366
6909 4 2 1 1 690 1113 1114 1971
6910 4 2 1 1 1950 2185 1805 2388
6911 4 2 1 1 1605 1213 1613 2203
6912 4 2 1 1 1123 2068 1119 2354
6913 4 2 1 1 1854 2222 2073 2324
6914 4 2 1 1 1493 1391 1531 2135
6915 4 2 1 1 622 623 624 2095
6916 4 2 1 1 1925 2209 1806 2232
6917 4 2 1 1 1881 2162 1852 2404
6918 4 2 1 1 722 524 522 1974
6919 4 2 1 1 1270 1286 1642 2357
6920 4 2 1 1 960 962 961 2269
6921 4 2 1 1 2014 1438 2225 2439
6922 4 2 1 1 433 2120 1003 2314
6923 4 2 1 1 678 664 1041 2104
6924 4 2 1 1 1008 1489 429 2294
6925 4 2 1 1 627 1377 1512 2257
6926 4 2 1 1 1762 201 1687 2197
6927 4 2 1 1 2080 2381 1836 2444
6928 4 2 1 1 1540 2030 599 2326
6929 4 2 1 1 1514 1515 181 2098
6930 4 2 1 1 309 2163 307 2454
6931 4 2 1 1 1982 2169 2016 2455
6932 4 2 1 1 1889 2131 1946 2424
6933 4 2 1 1 1182 1181 987 2233
6934 4 2 1 1 1456 150 92 2289
6935 4 2 1 1 1689 1767 1714 2066
6936 4 2 1 1 940 1092 942 2325
6937 4 2 1 1 397 1400 244 2248
6938 4 2 1 1 1598 1606 414 2235
6939 4 2 1 1 357 355 356 2247
6940 4 2 1 1 1604 415 278 2302
6941 4 2 1 1 1497 1582 294 2058
6942 4 2 1 1 83 1303 169 2288
6943 4 2 1 1 1046 104 145 2251
6944 4 2 1 1 1616 826 824 1958
6945 4 2 1 1 1528 180 1768 2286
6946 4 2 1 1 1553 1372 2158 2369
6947 4 2 1 1 1291 198 1292 2277
6948 4 2 1 1 1415 1644 1414 2274
6949 4 2 1 1 514 516 2200 2215
6950 4 2 1 1 1048 2116 386 2304
6951 4 2 1 1 1823 2392 1936 2426
6952 4 2 1 1 1936 2392 1819 2426
6953 4 2 1 1 225 231 228 2321
6954 4 2 1 1 1444 1037 1706 2197
6955 4 2 1 1 387 1026 458 2313
6956 4 2 1 1 1196 2153 523 2352
6957 4 2 1 1 1191 1196 523 2352
6958 4 2 1 1 938 936 1102 1976
6959 4 2 1 1 1428 1541 2195 2295
6960 4 2 1 1 1074 1033 734 2199
6961 4 2 1 1 602 601 600 2326
6962 4 2 1 1 1930 2217 1830 2447
6963 4 2 1 1 440 1247 1246 2114
6964 4 2 1 1 469 481 482 1987
6965 4 2 1 1 103 104 1046 2251
6966 4 2 1 1 798 756 177 2059
6967 4 2 1 1 1821 2385 2137 2422
6968 4 2 1 1 1655 1276 2174 2393
6969 4 2 1 1 1099 1100 1267 2229
6970 4 2 1 1 1991 2354 1828 2361
6971 4 2 1 1 1232 2004 297 2432
6972 4 2 1 1 711 1281 1279 1955
6973 4 2 1 1 1804 2252 1944 2353
6974 4 2 1 1 1753 1687 1712 2271
6975 4 2 1 1 1763 1707 1751 2290
6976 4 2 1 1 1150 1450 1646 2273
6977 4 2 1 1 62 149 1570 2162
6978 4 2 1 1 889 890 891 2395
6979 4 2 1 1 375 1081 455 2227
6980 4 2 1 1 1803 2154 2116 2364
6981 4 2 1 1 68 1152 2138 2372
6982 4 2 1 1 1307 166 1662 2061
6983 4 2 1 1 1545 603 2045 2326
6984 4 2 1 1 1201 1203 2186 2398
6985 4 2 1 1 1871 2337 2035 2435
6986 4 2 1 1 1225 2054 546 2303
6987 4 2 1 1 197 41 40 2242
6988 4 2 1 1 595 596 597 2198
6989 4 2 1 1 971 869 1562 1999
6990 4 2 1 1 597 598 599 2198
6991 4 2 1 1 472 1411 681 1950
6992 4 2 1 1 1829 2391 2078 2399
6993 4 2 1 1 1559 2176 162 2373
6994 4 2 1 1 1688 1727 202 2339
6995 4 2 1 1 1162 1161 1637 2194
6996 4 2 1 1 769 160 773 2000
6997 4 2 1 1 1945 2106 1847 2382
6998 4 2 1 1 446 2072 1189 2266
6999 4 2 1 1 1667 147 1615 2246
7000 4 2 1 1 1868 2307 1983 2387
7001 4 2 1 1 1748 1705 1444 2143
7002 4 2 1 1 525 526 2027 2352
7003 4 2 1 1 934 932 1179 2231
7004 4 2 1 1 746 2087 2403 2444
7005 4 2 1 1 1888 2188 1808 2407
7006 4 2 1 1 1043 1044 195 2305
7007 4 2 1 1 216 799 220 2236
7008 4 2 1 1 1918 2392 1823 2426
7009 4 2 1 1 1819 2392 1918 2426
7010 4 2 1 1 486 485 488 2008
7011 4 2 1 1 38 188 37 2065
7012 4 2 1 1 717 1431 1537 2249
7013 4 2 1 1 905 1638 903 2254
7014 4 2 1 1 988 448 1184 1989
7015 4 2 1 1 1533 606 605 2209
7016 4 2 1 1 834 832 1572 2136
7017 4 2 1 1 1380 283 285 2201
7018 4 2 1 1 392 380 1027 2126
7019 4 2 1 1 1890 2183 1967 2273
7020 4 2 1 1 427 1547 1563 2319
7021 4 2 1 1 1809 2196 1875 2377
7022 4 2 1 1 1471 1088 2093 2376
7023 4 2 1 1 1806 1970 2336 2410
7024 4 2 1 1 368 369 2018 2414
7025 4 2 1 1 1918 1823 2331 2426
7026 4 2 1 1 1826 1926 2272 2433
7027 4 2 1 1 1091 1470 1462 2181
7028 4 2 1 1 1364 572 574 2419
7029 4 2 1 1 1917 1816 2288 2421
7030 4 2 1 1 145 105 1684 1990
7031 4 2 1 1 1382 1206 2073 2324
7032 4 2 1 1 1804 2245 1942 2358
7033 4 2 1 1 1372 1371 1370 2158
7034 4 2 1 1 228 2321 1417 2427
7035 4 2 1 1 417 2295 1960 2331
7036 4 2 1 1 920 2076 989 2429
7037 4 2 1 1 1915 1824 2310 2428
7038 4 2 1 1 764 2137 23 2422
7039 4 2 1 1 372 370 1076 2050
7040 4 2 1 1 781 782 780 2402
7041 4 2 1 1 1317 1480 968 2238
7042 4 2 1 1 586 587 588 2306
7043 4 2 1 1 1944 2179 1804 2353
7044 4 2 1 1 1806 2336 1978 2410
7045 4 2 1 1 1122 2215 512 2391
7046 4 2 1 1 856 855 2040 2446
7047 4 2 1 1 220 218 216 2236
7048 4 2 1 1 228 1417 230 2427
7049 4 2 1 1 1566 1574 1367 2369
7050 4 2 1 1 852 2073 1206 2452
7051 4 2 1 1 1921 1809 2183 2261
7052 4 2 1 1 1651 1644 813 2274
7053 4 2 1 1 1314 1316 2150 2417
7054 4 2 1 1 1310 1503 969 2156
7055 4 2 1 1 1027 2126 378 2437
7056 4 2 1 1 166 1318 1171 2187
7057 4 2 1 1 348 2085 1521 2425
7058 4 2 1 1 246 1400 419 2149
7059 4 2 1 1 719 2019 668 2318
7060 4 2 1 1 1883 2189 1858 2408
7061 4 2 1 1 429 1495 269 2148
7062 4 2 1 1 74 2070 128 2434
7063 4 2 1 1 411 260 1621 2133
7064 4 2 1 1 659 1078 715 2228
7065 4 2 1 1 759 757 143 2086
7066 4 2 1 1 1821 2270 2014 2439
7067 4 2 1 1 1856 2240 1985 2315
7068 4 2 1 1 256 421 1555 2146
7069 4 2 1 1 247 2024 423 2430
7070 4 2 1 1 1018 796 795 2431
7071 4 2 1 1 1311 2144 1312 2241
7072 4 2 1 1 938 937 936 1976
7073 4 2 1 1 1547 838 836 2244
7074 4 2 1 1 1785 2078 1971 2399
7075 4 2 1 1 342 341 340 2338
7076 4 2 1 1 1425 770 777 2453
7077 4 2 1 1 673 1412 1411 2185
7078 4 2 1 1 1748 2143 1444 2197
7079 4 2 1 1 2072 2338 1952 2386
7080 4 2 1 1 1178 1102 985 2188
7081 4 2 1 1 947 1673 1672 2300
7082 4 2 1 1 69 1581 2297 2351
7083 4 2 1 1 379 2126 380 2380
7084 4 2 1 1 988 922 1185 2429
7085 4 2 1 1 634 631 633 2334
7086 4 2 1 1 1242 2001 999 2299
7087 4 2 1 1 688 502 1589 2016
7088 4 2 1 1 2009 2231 1808 2448
7089 4 2 1 1 1589 1596 737 2330
7090 4 2 1 1 902 2317 900 2340
7091 4 2 1 1 1137 1450 1591 2183
7092 4 2 1 1 1862 2266 1941 2390
7093 4 2 1 1 150 91 92 1957
7094 4 2 1 1 1644 1415 817 2274
7095 4 2 1 1 419 1620 1395 2020
7096 4 2 1 1 703 1449 1433 2118
7097 4 2 1 1 572 569 571 2002
7098 4 2 1 1 1165 1166 154 1995
7099 4 2 1 1 980 2171 954 2243
7100 4 2 1 1 970 1381 1544 2383
7101 4 2 1 1 1730 1514 1723 2098
7102 4 2 1 1 1799 2134 2072 2386
7103 4 2 1 1 529 528 531 2056
7104 4 2 1 1 1079 1073 964 2311
7105 4 2 1 1 1563 259 261 2366
7106 4 2 1 1 501 493 1438 2225
7107 4 2 1 1 1086 1087 648 2226
7108 4 2 1 1 1169 1167 697 1969
7109 4 2 1 1 1222 1003 433 2120
7110 4 2 1 1 1710 1069 1704 2312
7111 4 2 1 1 59 1560 60 2176
7112 4 2 1 1 1244 2163 998 2255
7113 4 2 1 1 1890 2301 1979 2377
7114 4 2 1 1 70 69 1581 2297
7115 4 2 1 1 159 1670 1675 2256
7116 4 2 1 1 1410 1693 2193 2406
7117 4 2 1 1 369 367 368 2018
7118 4 2 1 1 1138 1660 184 2307
7119 4 2 1 1 1048 386 391 2304
7120 4 2 1 1 1523 1353 1349 2107
7121 4 2 1 1 1678 520 721 1991
7122 4 2 1 1 698 1144 2140 2320
7123 4 2 1 1 1747 1763 1751 2290
7124 4 2 1 1 1294 1293 1299 2079
7125 4 2 1 1 1851 2214 2027 2352
7126 4 2 1 1 1329 2164 1551 2331
7127 4 2 1 1 1325 417 1428 2195
7128 4 2 1 1 688 502 2016 2455
7129 4 2 1 1 706 2137 747 2346
7130 4 2 1 1 1103 984 2129 2325
7131 4 2 1 1 2010 2156 1841 2389
7132 4 2 1 1 1892 2116 1938 2304
7133 4 2 1 1 1761 1894 1756 2234
7134 4 2 1 1 1425 2082 770 2453
7135 4 2 1 1 589 2100 590 2306
7136 4 2 1 1 200 1019 19 2088
7137 4 2 1 1 1976 2188 1808 2356
7138 4 2 1 1 1013 806 802 2350
7139 4 2 1 1 1224 1231 1002 2348
7140 4 2 1 1 1697 1720 1943 2402
7141 4 2 1 1 592 2100 1642 2357
7142 4 2 1 1 1241 2299 2091 2438
7143 4 2 1 1 401 1521 348 2085
7144 4 2 1 1 1281 1302 1279 1955
7145 4 2 1 1 1505 1504 1220 2347
7146 4 2 1 1 80 1313 170 2055
7147 4 2 1 1 1206 852 1006 2073
7148 4 2 1 1 572 573 574 2012
7149 4 2 1 1 414 1536 274 2235
7150 4 2 1 1 643 644 645 2287
7151 4 2 1 1 1665 1429 501 2262
7152 4 2 1 1 247 249 1396 2281
7153 4 2 1 1 1085 1423 1086 2226
7154 4 2 1 1 1668 945 1672 2300
7155 4 2 1 1 1372 1566 1366 2369
7156 4 2 1 1 838 837 836 2244
7157 4 2 1 1 21 1036 22 2221
7158 4 2 1 1 990 914 2072 2296
7159 4 2 1 1 418 1325 1326 2195
7160 4 2 1 1 1576 1367 1494 2102
7161 4 2 1 1 1539 1010 427 2319
7162 4 2 1 1 995 1249 441 2122
7163 4 2 1 1 1123 516 720 2068
7164 4 2 1 1 1178 985 451 2188
7165 4 2 1 1 2097 2136 1801 2175
7166 4 2 1 1 860 858 1004 2145
7167 4 2 1 1 1304 966 2015 2362
7168 4 2 1 1 384 382 1035 2077
7169 4 2 1 1 759 2086 760 2436
7170 4 2 1 1 71 1290 70 2297
7171 4 2 1 1 665 734 1402 2199
7172 4 2 1 1 1361 2039 407 2345
7173 4 2 1 1 1237 1236 556 2170
7174 4 2 1 1 677 719 727 2019
7175 4 2 1 1 90 1267 1266 2229
7176 4 2 1 1 388 387 386 2116
7177 4 2 1 1 134 2252 1142 2320
7178 4 2 1 1 1571 1552 1422 2378
7179 4 2 1 1 1673 1082 1672 2300
7180 4 2 1 1 331 444 329 2210
7181 4 2 1 1 897 895 896 2374
7182 4 2 1 1 1599 759 761 2436
7183 4 2 1 1 281 283 432 2201
7184 4 2 1 1 897 1625 895 2374
7185 4 2 1 1 989 920 918 2076
7186 4 2 1 1 1490 400 1492 2264
7187 4 2 1 1 683 1072 490 2270
7188 4 2 1 1 881 1467 973 2240
7189 4 2 1 1 1624 1192 1195 2214
7190 4 2 1 1 1025 1538 962 2269
7191 4 2 1 1 888 2335 2114 2395
7192 4 2 1 1 1089 398 1460 2110
7193 4 2 1 1 216 218 217 2011
7194 4 2 1 1 1929 1805 2185 2388
7195 4 2 1 1 1727 4 1741 1688
7196 4 2 1 1 1940 2369 1897 2404
7197 4 2 1 1 223 1419 225 2142
7198 4 2 1 1 1917 2288 1955 2421
7199 4 2 1 1 393 376 1061 2437
7200 4 2 1 1 273 430 1485 1981
7201 4 2 1 1 1915 2310 1956 2428
7202 4 2 1 1 849 850 851 2006
7203 4 2 1 1 447 1188 341 2338
7204 4 2 1 1 1594 828 1607 2276
7205 4 2 1 1 567 569 570 2168
7206 4 2 1 1 889 891 1603 2395
7207 4 2 1 1 439 1245 1244 2163
7208 4 2 1 1 393 1027 378 2437
7209 4 2 1 1 1245 886 884 2033
7210 4 2 1 1 1425 674 2082 2349
7211 4 2 1 1 746 2087 745 2403
7212 4 2 1 1 1021 195 1022 2305
7213 4 2 1 1 694 1398 774 2078
7214 4 2 1 1 31 32 2160 2360
7215 4 2 1 1 1750 1767 1760 2066
7216 4 2 1 1 1551 1329 406 2164
7217 4 2 1 1 1193 1608 1195 2214
7218 4 2 1 1 996 892 890 2026
7219 4 2 1 1 26 2113 193 2260
7220 4 2 1 1 428 1009 1524 2309
7221 4 2 1 1 873 871 872 2373
7222 4 2 1 1 47 1318 46 2187
7223 4 2 1 1 1908 1804 2179 2353
7224 4 2 1 1 1983 2101 1877 2412
7225 4 2 1 1 53 54 1148 2245
7226 4 2 1 1 1603 1580 137 2138
7227 4 2 1 1 703 2118 580 2416
7228 4 2 1 1 126 1173 1131 2103
7229 4 2 1 1 1012 1572 426 2136
7230 4 2 1 1 1012 2136 426 2366
7231 4 2 1 1 726 600 1682 2316
7232 4 2 1 1 1202 1203 1201 2398
7233 4 2 1 1 1474 197 1464 2097
7234 4 2 1 1 1120 1123 1119 2354
7235 4 2 1 1 101 100 156 2046
7236 4 2 1 1 1622 1194 1624 2283
7237 4 2 1 1 1378 712 1276 2393
7238 4 2 1 1 491 1438 493 2014
7239 4 2 1 1 1918 2331 1960 2426
7240 4 2 1 1 1496 1413 1312 2144
7241 4 2 1 1 856 855 854 2040
7242 4 2 1 1 1172 192 75 2434
7243 4 2 1 1 355 450 353 2247
7244 4 2 1 1 1015 22 1036 2221
7245 4 2 1 1 1482 966 839 2015
7246 4 2 1 1 73 72 1140 2277
7247 4 2 1 1 1730 204 1514 2098
7248 4 2 1 1 1805 1906 2193 2388
7249 4 2 1 1 1201 1203 1619 2186
7250 4 2 1 1 137 2138 1580 2351
7251 4 2 1 1 1850 2110 2018 2414
7252 4 2 1 1 82 83 169 2013
7253 4 2 1 1 1668 1672 196 2300
7254 4 2 1 1 278 415 280 2302
7255 4 2 1 1 688 498 502 2455
7256 4 2 1 1 254 252 1388 2043
7257 4 2 1 1 1079 1406 158 2017
7258 4 2 1 1 1693 1409 1410 2193
7259 4 2 1 1 415 1600 1527 2302
7260 4 2 1 1 1637 1161 1306 2284
7261 4 2 1 1 1421 1578 736 2169
7262 4 2 1 1 1518 2092 1322 2415
7263 4 2 1 1 162 59 58 2090
7264 4 2 1 1 422 241 243 2023
7265 4 2 1 1 759 143 760 2086
7266 4 2 1 1 1314 1316 1315 2150
7267 4 2 1 1 574 575 576 2239
7268 4 2 1 1 1757 1758 1756 2234
7269 4 2 1 1 436 299 1234 2438
7270 4 2 1 1 709 1299 1315 2150
7271 4 2 1 1 766 157 1564 1965
7272 4 2 1 1 1496 1303 1281 2288
7273 4 2 1 1 967 1479 1155 2022
7274 4 2 1 1 1260 900 994 2317
7275 4 2 1 1 1645 1647 187 2005
7276 4 2 1 1 658 659 660 2228
7277 4 2 1 1 961 1627 959 2025
7278 4 2 1 1 1260 902 900 2340
7279 4 2 1 1 1043 195 102 2305
7280 4 2 1 1 512 510 694 2391
7281 4 2 1 1 1141 134 52 2252
7282 4 2 1 1 696 1662 2165 2284
7283 4 2 1 1 70 1290 173 2297
7284 4 2 1 1 1599 1438 758 2439
7285 4 2 1 1 1805 2193 1950 2388
7286 4 2 1 1 525 530 1191 2352
7287 4 2 1 1 1224 1002 434 2196
7288 4 2 1 1 2122 2374 894 2375
7289 4 2 1 1 909 2132 1632 2298
7290 4 2 1 1 606 1481 1545 2045
7291 4 2 1 1 1200 1201 1204 2186
7292 4 2 1 1 965 1452 1389 2268
7293 4 2 1 1 593 685 1251 2028
7294 4 2 1 1 1281 1303 1302 2288
7295 4 2 1 1 74 1308 172 2434
7296 4 2 1 1 2027 2214 1853 2423
7297 4 2 1 1 1209 539 542 2031
7298 4 2 1 1 1389 158 1406 2268
7299 4 2 1 1 1540 1541 684 2030
7300 4 2 1 1 967 1483 843 2211
7301 4 2 1 1 1046 1045 1043 2251
7302 4 2 1 1 1454 1340 1346 2032
7303 4 2 1 1 1959 2351 1819 2392
7304 4 2 1 1 1511 622 624 2095
7305 4 2 1 1 1591 57 148 2261
7306 4 2 1 1 917 919 1641 2333
7307 4 2 1 1 1573 972 875 2034
7308 4 2 1 1 339 2134 338 2338
7309 4 2 1 1 33 34 189 2311
7310 4 2 1 1 1250 995 441 2122
7311 4 2 1 1 1139 131 1059 2131
7312 4 2 1 1 542 541 1230 2272
7313 4 2 1 1 1293 78 1300 2263
7314 4 2 1 1 263 262 264 2037
7315 4 2 1 1 48 1317 49 2238
7316 4 2 1 1 995 1249 2122 2375
7317 4 2 1 1 500 707 1404 2346
7318 4 2 1 1 1136 1135 1133 2224
7319 4 2 1 1 1992 2209 1806 2441
7320 4 2 1 1 421 1622 1624 2283
7321 4 2 1 1 1075 678 1060 2367
7322 4 2 1 1 321 320 322 2106
7323 4 2 1 1 394 388 1048 2116
7324 4 2 1 1 796 794 795 2265
7325 4 2 1 1 445 1263 333 2081
7326 4 2 1 1 1823 2295 1960 2426
7327 4 2 1 1 922 2177 921 2429
7328 4 2 1 1 1495 267 269 2148
7329 4 2 1 1 1928 1822 2211 2323
7330 4 2 1 1 807 26 193 2260
7331 4 2 1 1 1538 1690 675 2349
7332 4 2 1 1 1428 1517 1541 2295
7333 4 2 1 1 1591 2183 57 2261
7334 4 2 1 1 594 1287 596 2124
7335 4 2 1 1 413 1613 1542 2038
7336 4 2 1 1 2059 2291 724 2403
7337 4 2 1 1 350 351 349 2425
7338 4 2 1 1 523 522 524 2352
7339 4 2 1 1 1560 59 162 2176
7340 4 2 1 1 103 102 1679 2036
7341 4 2 1 1 983 944 942 2115
7342 4 2 1 1 1433 1273 582 2343
7343 4 2 1 1 1150 1301 1450 2273
7344 4 2 1 1 142 809 810 2337
7345 4 2 1 1 1176 129 85 2044
7346 4 2 1 1 784 785 755 2080
7347 4 2 1 1 344 343 342 2141
7348 4 2 1 1 833 1465 831 2175
7349 4 2 1 1 761 775 1691 2436
7350 4 2 1 1 1236 1600 1239 2049
7351 4 2 1 1 950 2227 981 2420
7352 4 2 1 1 1225 544 546 2054
7353 4 2 1 1 1471 1088 1461 2093
7354 4 2 1 1 211 751 209 2048
7355 4 2 1 1 1488 1361 1558 2039
7356 4 2 1 1 860 2145 1221 2314
7357 4 2 1 1 740 395 462 2280
7358 4 2 1 1 773 31 32 2160
7359 4 2 1 1 203 2066 1020 2411
7360 4 2 1 1 1740 14 181 1723
7361 4 2 1 1 1266 163 89 2174
7362 4 2 1 1 1531 1391 1387 2135
7363 4 2 1 1 1942 2273 1967 2383
7364 4 2 1 1 97 1082 159 2052
7365 4 2 1 1 1946 2181 1850 2282
7366 4 2 1 1 39 1190 40 2242
7367 4 2 1 1 1073 33 140 2311
7368 4 2 1 1 47 1480 48 2238
7369 4 2 1 1 77 1293 171 2263
7370 4 2 1 1 749 1601 1557 2099
7371 4 2 1 1 1686 106 105 2259
7372 4 2 1 1 887 2335 888 2395
7373 4 2 1 1 340 339 338 2338
7374 4 2 1 1 898 897 896 2041
7375 4 2 1 1 1131 1130 126 2103
7376 4 2 1 1 1671 670 2161 2312
7377 4 2 1 1 1560 162 1559 2176
7378 4 2 1 1 1164 1145 1165 2010
7379 4 2 1 1 1037 2021 787 2418
7380 4 2 1 1 2014 2270 1912 2451
7381 4 2 1 1 1034 715 1052 2182
7382 4 2 1 1 1483 151 1482 2323
7383 4 2 1 1 972 1560 1559 2176
7384 4 2 1 1 1396 1628 423 2024
7385 4 2 1 1 1706 778 201 2197
7386 4 2 1 1 1247 2114 888 2335
7387 4 2 1 1 969 2156 855 2446
7388 4 2 1 1 216 215 214 2327
7389 4 2 1 1 261 427 1563 2319
7390 4 2 1 1 324 326 325 2166
7391 4 2 1 1 638 640 641 2173
7392 4 2 1 1 1419 223 226 2142
7393 4 2 1 1 1103 984 452 2129
7394 4 2 1 1 1260 900 2317 2340
7395 4 2 1 1 1365 1368 1364 2419
7396 4 2 1 1 1746 1943 1727 2339
7397 4 2 1 1 744 505 2291 2403
7398 4 2 1 1 107 779 106 2096
7399 4 2 1 1 1504 2220 350 2347
7400 4 2 1 1 2085 2347 1521 2425
7401 4 2 1 1 966 1474 837 2362
7402 4 2 1 1 1438 2014 491 2439
7403 4 2 1 1 369 1093 367 2018
7404 4 2 1 1 1011 2178 1579 2435
7405 4 2 1 1 900 899 898 2317
7406 4 2 1 1 1645 913 1647 2005
7407 4 2 1 1 1411 2185 1412 2406
7408 4 2 1 1 220 221 218 2236
7409 4 2 1 1 527 2027 526 2423
7410 4 2 1 1 1102 936 985 2188
7411 4 2 1 1 935 1583 933 2231
7412 4 2 1 1 1604 1592 415 2302
7413 4 2 1 1 29 768 2064 2370
7414 4 2 1 1 843 1483 841 2323
7415 4 2 1 1 1081 456 1064 2243
7416 4 2 1 1 1405 1432 226 2409
7417 4 2 1 1 1954 1848 2126 2380
7418 4 2 1 1 1457 815 816 2117
7419 4 2 1 1 527 525 526 2027
7420 4 2 1 1 74 128 1172 2434
7421 4 2 1 1 1249 892 996 2375
7422 4 2 1 1 93 1456 92 2246
7423 4 2 1 1 349 1184 347 2425
7424 4 2 1 1 530 527 1205 2423
7425 4 2 1 1 536 1637 696 2284
7426 4 2 1 1 240 239 459 2275
7427 4 2 1 1 1811 2220 1972 2365
7428 4 2 1 1 1344 1345 1352 2075
7429 4 2 1 1 1553 2125 408 2369
7430 4 2 1 1 388 2116 394 2364
7431 4 2 1 1 2114 2395 1814 2428
7432 4 2 1 1 1719 179 1693 2128
7433 4 2 1 1 1806 2210 1978 2336
7434 4 2 1 1 194 810 811 2337
7435 4 2 1 1 1712 1687 205 2271
7436 4 2 1 1 664 666 1041 2104
7437 4 2 1 1 99 1042 98 2256
7438 4 2 1 1 1980 2194 1905 2445
7439 4 2 1 1 568 1437 1134 2224
7440 4 2 1 1 995 2122 894 2375
7441 4 2 1 1 706 724 798 2059
7442 4 2 1 1 1599 761 2225 2436
7443 4 2 1 1 784 2080 755 2444
7444 4 2 1 1 1718 1499 1498 2029
7445 4 2 1 1 733 1077 655 2424
7446 4 2 1 1 1391 1390 1387 2451
7447 4 2 1 1 903 901 902 2042
7448 4 2 1 1 1561 1386 1550 2204
7449 4 2 1 1 1162 1160 1161 2063
7450 4 2 1 1 528 526 1383 2258
7451 4 2 1 1 1590 204 1716 2098
7452 4 2 1 1 714 1059 1095 2189
7453 4 2 1 1 185 71 1508 2057
7454 4 2 1 1 1021 101 195 2305
7455 4 2 1 1 1242 1243 999 2001
7456 4 2 1 1 1771 1762 1753 2197
7457 4 2 1 1 1540 599 601 2326
7458 4 2 1 1 1435 2249 1537 2350
7459 4 2 1 1 612 614 615 2285
7460 4 2 1 1 1418 1636 1579 2178
7461 4 2 1 1 314 315 313 2292
7462 4 2 1 1 1121 1118 1119 2155
7463 4 2 1 1 1925 1806 2209 2441
7464 4 2 1 1 310 1487 312 2310
7465 4 2 1 1 1391 1392 683 2451
7466 4 2 1 1 1169 1643 1167 1969
7467 4 2 1 1 279 281 1207 2047
7468 4 2 1 1 922 923 921 2177
7469 4 2 1 1 1320 1323 1319 2278
7470 4 2 1 1 1378 1655 1379 2393
7471 4 2 1 1 1636 1579 2178 2435
7472 4 2 1 1 785 1067 1513 2290
7473 4 2 1 1 1690 1026 461 2313
7474 4 2 1 1 1460 1090 1089 2110
7475 4 2 1 1 1010 1547 427 2319
7476 4 2 1 1 1762 124 1753 1687
7477 4 2 1 1 377 375 376 2437
7478 4 2 1 1 926 925 924 2060
7479 4 2 1 1 210 750 786 2111
7480 4 2 1 1 38 37 1199 2065
7481 4 2 1 1 960 2025 959 2405
7482 4 2 1 1 782 1697 2185 2402
7483 4 2 1 1 1761 1759 1747 2290
7484 4 2 1 1 862 860 1221 2314
7485 4 2 1 1 2091 2299 1897 2438
7486 4 2 1 1 655 657 656 2051
7487 4 2 1 1 1321 1320 563 2278
7488 4 2 1 1 62 1173 61 2162
7489 4 2 1 1 1010 838 1547 2244
7490 4 2 1 1 549 1227 1226 2303
7491 4 2 1 1 893 894 2374 2375
7492 4 2 1 1 261 260 262 2133
7493 4 2 1 1 378 379 377 2437
7494 4 2 1 1 86 168 85 2217
7495 4 2 1 1 636 635 637 2218
7496 4 2 1 1 813 811 1007 2035
7497 4 2 1 1 1827 2368 2000 2370
7498 4 2 1 1 1509 622 1511 2230
7499 4 2 1 1 243 245 1403 2430
7500 4 2 1 1 528 695 531 2056
7501 4 2 1 1 969 1501 855 2156
7502 4 2 1 1 538 1445 540 2165
7503 4 2 1 1 649 647 646 2067
7504 4 2 1 1 1231 2159 870 2348
7505 4 2 1 1 961 963 1680 2269
7506 4 2 1 1 1628 822 1633 2371
7507 4 2 1 1 172 1486 1692 2167
7508 4 2 1 1 756 2059 724 2403
7509 4 2 1 1 1497 1334 1582 2058
7510 4 2 1 1 263 1539 427 2319
7511 4 2 1 1 245 247 423 2430
7512 4 2 1 1 347 1184 448 1989
7513 4 2 1 1 1553 1566 1372 2369
7514 4 2 1 1 1188 446 339 2338
7515 4 2 1 1 1735 1726 1739 2128
7516 4 2 1 1 868 866 1002 2196
7517 4 2 1 1 1056 1055 815 2360
7518 4 2 1 1 434 1002 1223 2196
7519 4 2 1 1 1696 1737 12 1729
7520 4 2 1 1 1287 594 705 2124
7521 4 2 1 1 67 66 186 2223
7522 4 2 1 1 422 1634 1640 2293
7523 4 2 1 1 534 533 536 2194
7524 4 2 1 1 1053 2087 752 2411
7525 4 2 1 1 127 1567 1154 2053
7526 4 2 1 1 274 1536 276 2222
7527 4 2 1 1 1521 2085 1455 2347
7528 4 2 1 1 849 851 968 2006
7529 4 2 1 1 67 2223 186 2372
7530 4 2 1 1 1564 768 748 2064
7531 4 2 1 1 741 740 462 2119
7532 4 2 1 1 2086 2422 1821 2439
7533 4 2 1 1 1164 134 1143 2320
7534 4 2 1 1 172 1292 73 2277
7535 4 2 1 1 903 1610 901 2042
7536 4 2 1 1 1700 1506 1500 2128
7537 4 2 1 1 973 1569 879 2240
7538 4 2 1 1 1651 2035 1007 2435
7539 4 2 1 1 397 1612 1400 2248
7540 4 2 1 1 1636 1011 1579 2435
7541 4 2 1 1 892 891 890 2026
7542 4 2 1 1 1533 1534 606 2209
7543 4 2 1 1 694 510 1398 2078
7544 4 2 1 1 1906 2265 1909 2431
7545 4 2 1 1 1673 159 1082 2052
7546 4 2 1 1 216 217 215 2011
7547 4 2 1 1 275 276 277 2222
7548 4 2 1 1 1940 1881 2239 2416
7549 4 2 1 1 1307 45 166 2061
7550 4 2 1 1 1181 928 2233 2412
7551 4 2 1 1 1382 1206 1006 2073
7552 4 2 1 1 1545 601 603 2326
7553 4 2 1 1 801 193 25 2113
7554 4 2 1 1 608 610 1535 2232
7555 4 2 1 1 2073 2324 1206 2452
7556 4 2 1 1 1179 932 986 2101
7557 4 2 1 1 1008 848 846 2208
7558 4 2 1 1 886 885 884 2033
7559 4 2 1 1 65 64 127 2315
7560 4 2 1 1 1451 22 23 2221
7561 4 2 1 1 492 491 493 2014
7562 4 2 1 1 765 779 2096 2384
7563 4 2 1 1 514 512 2215 2391
7564 4 2 1 1 1975 2218 1811 2365
7565 4 2 1 1 1351 405 1358 2336
7566 4 2 1 1 1651 813 1007 2035
7567 4 2 1 1 895 974 893 2374
7568 4 2 1 1 387 385 386 2304
7569 4 2 1 1 1764 1705 122 1748
7570 4 2 1 1 1518 1593 1322 2092
7571 4 2 1 1 1267 91 150 2229
7572 4 2 1 1 997 886 1245 2335
7573 4 2 1 1 101 1021 100 2046
7574 4 2 1 1 2008 2270 1821 2346
7575 4 2 1 1 761 1665 1599 2225
7576 4 2 1 1 388 389 387 2313
7577 4 2 1 1 956 957 955 2171
7578 4 2 1 1 1019 2066 1714 2271
7579 4 2 1 1 697 1168 545 2219
7580 4 2 1 1 1722 1739 1500 2128
7581 4 2 1 1 677 668 719 2019
7582 4 2 1 1 1760 1750 2066 2271
7583 4 2 1 1 1272 1269 704 2180
7584 4 2 1 1 1754 178 1764 2143
7585 4 2 1 1 82 1128 83 2013
7586 4 2 1 1 967 845 1479 2022
7587 4 2 1 1 439 1244 309 2163
7588 4 2 1 1 287 289 1222 2120
7589 4 2 1 1 1482 1304 966 2015
7590 4 2 1 1 222 219 223 2409
7591 4 2 1 1 270 1609 272 2192
7592 4 2 1 1 525 524 526 2352
7593 4 2 1 1 1349 1350 1523 2107
7594 4 2 1 1 1403 1633 2139 2430
7595 4 2 1 1 1079 158 35 2017
7596 4 2 1 1 552 698 1144 2140
7597 4 2 1 1 1396 423 247 2024
7598 4 2 1 1 241 242 243 2023
7599 4 2 1 1 1226 1228 1606 2071
7600 4 2 1 1 2122 2374 1819 2426
7601 4 2 1 1 960 961 959 2025
7602 4 2 1 1 202 1943 1720 2339
7603 4 2 1 1 1317 165 49 2389
7604 4 2 1 1 1189 991 1265 2266
7605 4 2 1 1 1939 2245 1942 2383
7606 4 2 1 1 928 927 926 2233
7607 4 2 1 1 856 858 857 2446
7608 4 2 1 1 1731 1733 1732 2212
7609 4 2 1 1 103 1043 102 2036
7610 4 2 1 1 983 1092 453 2115
7611 4 2 1 1 920 919 918 2076
7612 4 2 1 1 1519 1381 865 2363
7613 4 2 1 1 254 253 252 2043
7614 4 2 1 1 902 901 900 2317
7615 4 2 1 1 717 1537 1435 2249
7616 4 2 1 1 685 1259 1251 2028
7617 4 2 1 1 1403 1633 1634 2139
7618 4 2 1 1 1826 2272 2054 2433
7619 4 2 1 1 603 606 1545 2045
7620 4 2 1 1 1529 152 1532 2179
7621 4 2 1 1 1340 1341 1346 2032
7622 4 2 1 1 226 2142 223 2409
7623 4 2 1 1 1540 684 599 2030
7624 4 2 1 1 895 893 894 2374
7625 4 2 1 1 1731 2098 1736 2212
7626 4 2 1 1 514 720 516 2215
7627 4 2 1 1 490 489 491 2270
7628 4 2 1 1 1824 2250 1956 2428
7629 4 2 1 1 1038 830 1594 2184
7630 4 2 1 1 723 770 1425 2082
7631 4 2 1 1 624 625 626 2257
7632 4 2 1 1 1210 1209 542 2031
7633 4 2 1 1 1059 1058 1095 2131
7634 4 2 1 1 59 1135 58 2090
7635 4 2 1 1 1046 145 1047 2251
7636 4 2 1 1 1530 152 1529 2245
7637 4 2 1 1 1521 2347 350 2425
7638 4 2 1 1 324 1356 326 2332
7639 4 2 1 1 1551 406 1548 2164
7640 4 2 1 1 1801 2097 2175 2242
7641 4 2 1 1 1492 1337 1110 2206
7642 4 2 1 1 1333 570 1369 2308
7643 4 2 1 1 32 33 1434 2160
7644 4 2 1 1 578 703 580 2416
7645 4 2 1 1 1488 407 1361 2039
7646 4 2 1 1 1750 1765 2 2271
7647 4 2 1 1 250 1395 420 2328
7648 4 2 1 1 1197 1194 1622 2283
7649 4 2 1 1 413 1542 268 2038
7650 4 2 1 1 945 943 944 2191
7651 4 2 1 1 1827 2360 2000 2368
7652 4 2 1 1 383 382 2077 2380
7653 4 2 1 1 262 1546 264 2037
7654 4 2 1 1 926 924 1183 2060
7655 4 2 1 1 1573 1473 972 2034
7656 4 2 1 1 1091 680 1470 2282
7657 4 2 1 1 1863 2338 2134 2386
7658 4 2 1 1 279 280 281 2047
7659 4 2 1 1 157 775 27 2260
7660 4 2 1 1 431 277 279 2324
7661 4 2 1 1 1807 2207 1966 2367
7662 4 2 1 1 1044 1022 195 2305
7663 4 2 1 1 476 793 470 2109
7664 4 2 1 1 28 142 810 2337
7665 4 2 1 1 1241 1234 2299 2438
7666 4 2 1 1 1508 71 70 2297
7667 4 2 1 1 1819 2297 2057 2374
7668 4 2 1 1 322 323 321 2106
7669 4 2 1 1 887 888 889 2395
7670 4 2 1 1 1001 870 1231 2159
7671 4 2 1 1 401 1455 1521 2085
7672 4 2 1 1 1634 2139 818 2293
7673 4 2 1 1 1418 1579 474 2178
7674 4 2 1 1 1703 1721 2286 2411
7675 4 2 1 1 838 839 837 2244
7676 4 2 1 1 1002 866 1223 2196
7677 4 2 1 1 1176 1658 129 2044
7678 4 2 1 1 1235 1236 1239 2049
7679 4 2 1 1 1262 906 904 2254
7680 4 2 1 1 65 127 1154 2053
7681 4 2 1 1 409 1586 1497 2205
7682 4 2 1 1 719 668 1441 2318
7683 4 2 1 1 1808 2229 1957 2356
7684 4 2 1 1 357 1180 355 2247
7685 4 2 1 1 1971 2391 1903 2399
7686 4 2 1 1 789 787 790 2021
7687 4 2 1 1 1644 817 814 2274
7688 4 2 1 1 26 2113 2260 2436
7689 4 2 1 1 309 307 308 2454
7690 4 2 1 1 1684 1683 1990 2384
7691 4 2 1 1 1722 1744 1735 2128
7692 4 2 1 1 1475 197 1474 2362
7693 4 2 1 1 310 311 309 2454
7694 4 2 1 1 309 1244 307 2163
7695 4 2 1 1 1743 1499 9 1726
7696 4 2 1 1 21 22 177 2221
7697 4 2 1 1 1973 2178 1871 2435
7698 4 2 1 1 1217 1215 1216 2365
7699 4 2 1 1 1084 1080 982 2062
7700 4 2 1 1 1631 138 1632 2132
7701 4 2 1 1 617 618 619 2094
7702 4 2 1 1 412 1585 1593 2172
7703 4 2 1 1 1556 2295 417 2331
7704 4 2 1 1 1848 2379 2077 2380
7705 4 2 1 1 485 1023 488 2291
7706 4 2 1 1 1077 1051 2190 2424
7707 4 2 1 1 637 712 1378 2393
7708 4 2 1 1 175 1766 1707 2290
7709 4 2 1 1 859 1532 857 2179
7710 4 2 1 1 543 541 540 2272
7711 4 2 1 1 31 1056 32 2360
7712 4 2 1 1 1314 170 1313 2055
7713 4 2 1 1 1634 820 818 2139
7714 4 2 1 1 945 947 1672 2300
7715 4 2 1 1 610 611 612 2285
7716 4 2 1 1 545 547 546 2219
7717 4 2 1 1 724 2291 505 2403
7718 4 2 1 1 1528 1721 180 2286
7719 4 2 1 1 1255 898 896 2041
7720 4 2 1 1 362 361 360 2376
7721 4 2 1 1 1671 670 800 2161
7722 4 2 1 1 617 619 620 2094
7723 4 2 1 1 145 1684 1683 1990
7724 4 2 1 1 1316 618 616 2417
7725 4 2 1 1 104 1054 105 2259
7726 4 2 1 1 1425 675 674 2349
7727 4 2 1 1 108 776 199 2147
7728 4 2 1 1 363 452 361 2129
7729 4 2 1 1 256 255 254 2146
7730 4 2 1 1 428 1524 1539 2309
7731 4 2 1 1 567 568 569 2168
7732 4 2 1 1 1618 742 743 2431
7733 4 2 1 1 1103 453 1092 2325
7734 4 2 1 1 331 329 330 2210
7735 4 2 1 1 84 1302 1303 2288
7736 4 2 1 1 614 611 1648 2285
7737 4 2 1 1 1631 1632 909 2132
7738 4 2 1 1 1959 2297 1819 2351
7739 4 2 1 1 1805 2185 1950 2406
7740 4 2 1 1 1536 1606 1228 2071
7741 4 2 1 1 1266 1655 163 2174
7742 4 2 1 1 372 371 370 2050
7743 4 2 1 1 504 1071 718 2130
7744 4 2 1 1 185 1508 1625 2057
7745 4 2 1 1 935 937 1654 2356
7746 4 2 1 1 1595 412 284 2172
7747 4 2 1 1 1980 1817 2398 2445
7748 4 2 1 1 1955 2288 1816 2421
7749 4 2 1 1 198 1291 1288 2089
7750 4 2 1 1 856 854 1005 2040
7751 4 2 1 1 917 1650 915 2296
7752 4 2 1 1 592 590 589 2100
7753 4 2 1 1 841 1482 839 2323
7754 4 2 1 1 1655 1378 1276 2393
7755 4 2 1 1 1986 2243 1882 2420
7756 4 2 1 1 659 715 661 2182
7757 4 2 1 1 1361 407 1360 2345
7758 4 2 1 1 1974 2153 1851 2352
7759 4 2 1 1 1876 2204 1982 2455
7760 4 2 1 1 592 589 1642 2100
7761 4 2 1 1 316 1329 318 2331
7762 4 2 1 1 744 724 505 2403
7763 4 2 1 1 956 954 980 2171
7764 4 2 1 1 979 958 1039 2152
7765 4 2 1 1 705 592 1642 2357
7766 4 2 1 1 56 57 1591 2183
7767 4 2 1 1 507 689 1397 2330
7768 4 2 1 1 1149 1150 1151 2273
7769 4 2 1 1 1575 1146 700 2105
7770 4 2 1 1 699 765 1436 2216
7771 4 2 1 1 1152 137 68 2138
7772 4 2 1 1 2004 2159 1840 2432
7773 4 2 1 1 288 290 289 2415
7774 4 2 1 1 649 646 1097 2067
7775 4 2 1 1 1049 1050 190 2190
7776 4 2 1 1 2014 2225 2086 2439
7777 4 2 1 1 1016 460 390 2280
7778 4 2 1 1 1705 1764 178 2143
7779 4 2 1 1 1720 2339 1943 2402
7780 4 2 1 1 855 853 854 2452
7781 4 2 1 1 669 735 1442 2157
7782 4 2 1 1 239 1416 736 2169
7783 4 2 1 1 770 2147 776 2453
7784 4 2 1 1 338 339 337 2134
7785 4 2 1 1 851 852 853 2452
7786 4 2 1 1 715 1034 1074 2182
7787 4 2 1 1 496 495 497 2262
7788 4 2 1 1 107 106 176 2453
7789 4 2 1 1 1765 1769 1753 2271
7790 4 2 1 1 471 671 472 2202
7791 4 2 1 1 814 816 815 2117
7792 4 2 1 1 1655 1276 163 2174
7793 4 2 1 1 640 639 642 2173
7794 4 2 1 1 566 568 567 2168
7795 4 2 1 1 1196 521 523 2153
7796 4 2 1 1 1688 202 1720 2339
7797 4 2 1 1 1548 1549 1254 2250
7798 4 2 1 1 1304 1475 966 2362
7799 4 2 1 1 655 1077 657 2051
7800 4 2 1 1 1960 2331 1823 2426
7801 4 2 1 1 74 172 73 2070
7802 4 2 1 1 1458 57 1520 2261
7803 4 2 1 1 74 73 128 2070
7804 4 2 1 1 9 1499 1743 1498
7805 4 2 1 1 1474 1464 835 2097
7806 4 2 1 1 213 211 212 2327
7807 4 2 1 1 734 1022 1402 2199
7808 4 2 1 1 990 914 1189 2072
7809 4 2 1 1 1363 1362 1360 2345
7810 4 2 1 1 1344 1352 1463 2075
7811 4 2 1 1 547 1168 1147 2219
7812 4 2 1 1 1029 2207 1447 2367
7813 4 2 1 1 868 2196 1002 2348
7814 4 2 1 1 995 894 1249 2375
7815 4 2 1 1 1594 1394 2184 2276
7816 4 2 1 1 88 1275 87 2307
7817 4 2 1 1 934 985 936 2188
7818 4 2 1 1 745 746 752 2087
7819 4 2 1 1 1202 2203 1605 2398
7820 4 2 1 1 1333 1568 1334 2308
7821 4 2 1 1 1623 1198 1630 2328
7822 4 2 1 1 1408 749 1557 2099
7823 4 2 1 1 986 932 930 2101
7824 4 2 1 1 1151 1150 1646 2273
7825 4 2 1 1 1225 549 1226 2303
7826 4 2 1 1 798 724 756 2059
7827 4 2 1 1 1591 1450 1301 2183
7828 4 2 1 1 1126 722 1678 2279
7829 4 2 1 1 1498 1618 1718 2029
7830 4 2 1 1 296 1582 410 2397
7831 4 2 1 1 1388 1622 421 2283
7832 4 2 1 1 1487 1549 312 2310
7833 4 2 1 1 384 383 382 2077
7834 4 2 1 1 774 773 1434 2160
7835 4 2 1 1 514 516 515 2200
7836 4 2 1 1 1671 1704 670 2312
7837 4 2 1 1 1081 981 2227 2420
7838 4 2 1 1 260 411 262 2133
7839 4 2 1 1 68 67 1152 2372
7840 4 2 1 1 358 2206 1492 2264
7841 4 2 1 1 1616 824 1628 2371
7842 4 2 1 1 1500 1739 179 2128
7843 4 2 1 1 890 889 888 2395
7844 4 2 1 1 1410 1719 1693 2406
7845 4 2 1 1 1248 996 440 2292
7846 4 2 1 1 468 221 220 2236
7847 4 2 1 1 651 649 714 2189
7848 4 2 1 1 958 957 956 2405
7849 4 2 1 1 1149 167 1150 2273
7850 4 2 1 1 1956 2310 1824 2428
7851 4 2 1 1 1316 616 709 2150
7852 4 2 1 1 1878 2313 1996 2349
7853 4 2 1 1 1763 180 115 1513
7854 4 2 1 1 887 889 1602 2395
7855 4 2 1 1 818 816 817 2293
7856 4 2 1 1 1751 1707 1766 2290
7857 4 2 1 1 1697 782 1720 2402
7858 4 2 1 1 380 379 378 2126
7859 4 2 1 1 681 1411 1410 2406
7860 4 2 1 1 2 1765 18 2271
7861 4 2 1 1 829 831 1459 2108
7862 4 2 1 1 194 29 810 2337
7863 4 2 1 1 142 27 807 2260
7864 4 2 1 1 446 1189 1265 2266
7865 4 2 1 1 784 1066 785 2080
7866 4 2 1 1 424 251 1394 2276
7867 4 2 1 1 1915 2310 2039 2454
7868 4 2 1 1 160 31 2360 2370
7869 4 2 1 1 1532 857 2179 2446
7870 4 2 1 1 1079 34 1073 2311
7871 4 2 1 1 249 251 424 2281
7872 4 2 1 1 360 359 358 2264
7873 4 2 1 1 1580 974 1581 2351
7874 4 2 1 1 550 552 551 2140
7875 4 2 1 1 1286 1283 1284 2357
7876 4 2 1 1 829 830 831 2108
7877 4 2 1 1 1648 1294 1299 2079
7878 4 2 1 1 1754 178 121 1764
7879 4 2 1 1 446 990 1189 2072
7880 4 2 1 1 155 1161 1160 2063
7881 4 2 1 1 585 1273 2180 2343
7882 4 2 1 1 990 916 914 2296
7883 4 2 1 1 1517 1556 1258 2295
7884 4 2 1 1 474 2178 1579 2378
7885 4 2 1 1 1061 399 1062 2207
7886 4 2 1 1 1014 1435 1013 2350
7887 4 2 1 1 1556 1329 1551 2331
7888 4 2 1 1 34 1118 189 2155
7889 4 2 1 1 1240 1239 1227 2151
7890 4 2 1 1 1722 1500 6 1742
7891 4 2 1 1 1441 1472 1439 2318
7892 4 2 1 1 1368 2308 1369 2419
7893 4 2 1 1 1809 2196 1988 2363
7894 4 2 1 1 1190 1465 1464 2175
7895 4 2 1 1 1805 1950 2193 2406
7896 4 2 1 1 1369 1368 1333 2308
7897 4 2 1 1 792 741 462 2119
7898 4 2 1 1 1119 1123 720 2068
7899 4 2 1 1 980 954 1064 2243
7900 4 2 1 1 388 386 1048 2116
7901 4 2 1 1 395 394 396 2364
7902 4 2 1 1 937 976 1654 2356
7903 4 2 1 1 639 1378 1379 2393
7904 4 2 1 1 1534 1533 1359 2209
7905 4 2 1 1 438 1244 998 2255
7906 4 2 1 1 1107 1105 1106 2287
7907 4 2 1 1 1421 736 1416 2169
7908 4 2 1 1 1484 151 1483 2211
7909 4 2 1 1 588 589 590 2306
7910 4 2 1 1 581 582 583 2343
7911 4 2 1 1 575 1132 1657 2239
7912 4 2 1 1 1848 1954 2379 2380
7913 4 2 1 1 1723 14 181 1514
7914 4 2 1 1 437 2299 1234 2438
7915 4 2 1 1 1672 1082 196 2300
7916 4 2 1 1 1504 352 350 2220
7917 4 2 1 1 793 478 470 2109
7918 4 2 1 1 1447 1029 1062 2207
7919 4 2 1 1 75 2213 1308 2434
7920 4 2 1 1 26 760 2113 2436
7921 4 2 1 1 1221 860 1004 2145
7922 4 2 1 1 1956 2250 1824 2310
7923 4 2 1 1 1241 876 1000 2091
7924 4 2 1 1 1689 1020 203 2066
7925 4 2 1 1 1222 433 287 2120
7926 4 2 1 1 1503 50 165 2389
7927 4 2 1 1 63 1587 64 2315
7928 4 2 1 1 240 237 239 2275
7929 4 2 1 1 779 183 765 2096
7930 4 2 1 1 1358 1359 1469 2336
7931 4 2 1 1 381 379 380 2380
7932 4 2 1 1 1357 1356 1327 2332
7933 4 2 1 1 671 1436 673 2216
7934 4 2 1 1 929 927 928 2412
7935 4 2 1 1 691 515 517 2200
7936 4 2 1 1 755 754 746 2444
7937 4 2 1 1 1590 1515 1514 2098
7938 4 2 1 1 1202 1605 1203 2398
7939 4 2 1 1 1242 999 437 2299
7940 4 2 1 1 318 1329 417 2331
7941 4 2 1 1 559 1151 561 2069
7942 4 2 1 1 272 414 274 2235
7943 4 2 1 1 621 618 1448 2417
7944 4 2 1 1 348 1521 350 2425
7945 4 2 1 1 416 368 1089 2414
7946 4 2 1 1 1382 277 431 2324
7947 4 2 1 1 661 715 1074 2182
7948 4 2 1 1 1108 1109 641 2123
7949 4 2 1 1 445 1264 1263 2081
7950 4 2 1 1 2050 2237 1850 2414
7951 4 2 1 1 1764 1748 1757 2143
7952 4 2 1 1 1810 2178 1973 2427
7953 4 2 1 1 974 895 1625 2374
7954 4 2 1 1 1948 1878 2280 2364
7955 4 2 1 1 199 772 109 2400
7956 4 2 1 1 1731 1730 1723 2098
7957 4 2 1 1 1383 695 528 2258
7958 4 2 1 1 2078 2391 1971 2399
7959 4 2 1 1 465 471 467 2202
7960 4 2 1 1 75 1309 1308 2213
7961 4 2 1 1 1671 788 789 2161
7962 4 2 1 1 256 254 421 2146
7963 4 2 1 1 401 346 1338 2253
7964 4 2 1 1 787 1037 790 2021
7965 4 2 1 1 1368 1568 1333 2308
7966 4 2 1 1 559 561 560 2069
7967 4 2 1 1 1980 1817 2203 2398
7968 4 2 1 1 576 2239 578 2416
7969 4 2 1 1 54 2245 1530 2383
7970 4 2 1 1 762 776 770 2147
7971 4 2 1 1 26 2260 775 2436
7972 4 2 1 1 1069 1068 1685 2312
7973 4 2 1 1 188 1127 1126 2279
7974 4 2 1 1 1080 948 982 2062
7975 4 2 1 1 425 1594 1394 2184
7976 4 2 1 1 1103 452 363 2129
7977 4 2 1 1 1863 1952 2338 2386
7978 4 2 1 1 1952 1857 2296 2386
7979 4 2 1 1 546 548 549 2303
7980 4 2 1 1 1 110 1738 1725
7981 4 2 1 1 93 1615 147 2246
7982 4 2 1 1 437 1241 1234 2299
7983 4 2 1 1 1141 1142 134 2252
7984 4 2 1 1 29 30 768 2370
7985 4 2 1 1 514 513 512 2391
7986 4 2 1 1 86 1277 168 2217
7987 4 2 1 1 290 409 292 2205
7988 4 2 1 1 1504 1505 402 2220
7989 4 2 1 1 72 1292 198 2277
7990 4 2 1 1 1737 11 174 1696
7991 4 2 1 1 408 1553 1363 2125
7992 4 2 1 1 771 762 739 2400
7993 4 2 1 1 1225 546 549 2303
7994 4 2 1 1 786 1037 787 2418
7995 4 2 1 1 1375 1311 1312 2241
7996 4 2 1 1 1641 1650 917 2333
7997 4 2 1 1 1050 1077 1051 2190
7998 4 2 1 1 1254 1487 1488 2310
7999 4 2 1 1 2007 2397 2004 2432
8000 4 2 1 1 1556 417 1329 2331
8001 4 2 1 1 981 950 1080 2227
8002 4 2 1 1 896 895 894 2374
8003 4 2 1 1 1239 1592 1227 2151
8004 4 2 1 1 175 1067 1068 2290
8005 4 2 1 1 19 207 20 2088
8006 4 2 1 1 1516 13 181 1740
8007 4 2 1 1 1259 1548 1252 2250
8008 4 2 1 1 1040 979 457 2152
8009 4 2 1 1 1668 1669 943 2191
8010 4 2 1 1 418 1356 324 2332
8011 4 2 1 1 204 1590 1514 2098
8012 4 2 1 1 580 703 1433 2118
8013 4 2 1 1 1559 162 1562 2373
8014 4 2 1 1 466 1472 1393 2127
8015 4 2 1 1 1487 1254 1549 2310
8016 4 2 1 1 1705 121 178 1764
8017 4 2 1 1 1575 700 557 2105
8018 4 2 1 1 1518 1322 1588 2415
8019 4 2 1 1 1471 1094 1088 2376
8020 4 2 1 1 127 1587 1467 2315
8021 4 2 1 1 674 723 1425 2082
8022 4 2 1 1 1952 2296 2072 2386
8023 4 2 1 1 690 511 513 2391
8024 4 2 1 1 1505 1216 1507 2365
8025 4 2 1 1 18 1714 1750 2271
8026 4 2 1 1 1109 1216 1215 2365
8027 4 2 1 1 1750 2 18 2271
8028 4 2 1 1 638 639 640 2173
8029 4 2 1 1 337 1265 335 2266
8030 4 2 1 1 1543 1386 1561 2204
8031 4 2 1 1 997 1247 888 2335
8032 4 2 1 1 527 526 528 2423
8033 4 2 1 1 1741 1746 1727 2339
8034 4 2 1 1 1451 23 764 2137
8035 4 2 1 1 1076 370 416 2414
8036 4 2 1 1 1960 2295 1823 2331
8037 4 2 1 1 696 1306 1662 2284
8038 4 2 1 1 199 2147 762 2400
8039 4 2 1 1 1542 1212 1609 2192
8040 4 2 1 1 110 1725 1713 2339
8041 4 2 1 1 18 1019 1714 2271
8042 4 2 1 1 397 1557 1612 2248
8043 4 2 1 1 811 810 809 2337
8044 4 2 1 1 203 1703 2286 2411
8045 4 2 1 1 1693 743 1409 2193
8046 4 2 1 1 514 512 1122 2215
8047 4 2 1 1 1413 710 1312 2144
8048 4 2 1 1 328 330 329 2210
8049 4 2 1 1 1506 1697 202 1943
8050 4 2 1 1 341 343 447 2141
8051 4 2 1 1 1553 408 1566 2369
8052 4 2 1 1 504 499 1071 2130
8053 4 2 1 1 976 1666 1654 2356
8054 4 2 1 1 147 1669 1104 2121
8055 4 2 1 1 1400 1617 419 2149
8056 4 2 1 1 410 1494 298 2397
8057 4 2 1 1 673 1526 1412 2185
8058 4 2 1 1 1654 1666 130 2356
8059 4 2 1 1 971 1519 867 2363
8060 4 2 1 1 1012 834 1572 2136
8061 4 2 1 1 565 562 564 2301
8062 4 2 1 1 1529 1532 859 2179
8063 4 2 1 1 735 1044 1045 2157
8064 4 2 1 1 1770 1760 1752 2286
8065 4 2 1 1 327 443 325 2166
8066 4 2 1 1 265 428 1539 2309
8067 4 2 1 1 1121 189 1118 2155
8068 4 2 1 1 1565 1361 1362 2345
8069 4 2 1 1 1703 754 1721 2411
8070 4 2 1 1 237 240 241 2275
8071 4 2 1 1 1206 431 1005 2324
8072 4 2 1 1 1695 1749 118 1766
8073 4 2 1 1 13 1516 1729 1740
8074 4 2 1 1 789 790 178 2143
8075 4 2 1 1 1736 1731 1723 2098
8076 4 2 1 1 1430 717 1435 2249
8077 4 2 1 1 1181 928 987 2233
8078 4 2 1 1 930 931 929 2412
8079 4 2 1 1 418 1327 1356 2332
8080 4 2 1 1 1108 1110 1109 2123
8081 4 2 1 1 596 598 597 2198
8082 4 2 1 1 1748 1757 2143 2197
8083 4 2 1 1 1762 1748 123 2197
8084 4 2 1 1 1324 556 555 2170
8085 4 2 1 1 671 699 1436 2216
8086 4 2 1 1 490 1072 486 2270
8087 4 2 1 1 1751 1761 1747 2290
8088 4 2 1 1 1382 431 1206 2324
8089 4 2 1 1 356 1492 358 2206
8090 4 2 1 1 1544 1530 970 2383
8091 4 2 1 1 575 578 576 2239
8092 4 2 1 1 1477 848 1008 2208
8093 4 2 1 1 1510 1509 1347 2230
8094 4 2 1 1 57 58 148 2261
8095 4 2 1 1 1735 1733 1734 2212
8096 4 2 1 1 988 924 922 2177
8097 4 2 1 1 1154 186 66 2223
8098 4 2 1 1 633 635 636 2218
8099 4 2 1 1 1030 1027 1028 2322
8100 4 2 1 1 1760 1769 1750 2271
8101 4 2 1 1 952 950 981 2420
8102 4 2 1 1 1350 1351 1358 2336
8103 4 2 1 1 960 959 958 2405
8104 4 2 1 1 1297 1309 1295 2213
8105 4 2 1 1 704 585 1273 2180
8106 4 2 1 1 1754 120 178 1755
8107 4 2 1 1 415 1592 1600 2302
8108 4 2 1 1 1053 752 1020 2411
8109 4 2 1 1 427 261 263 2319
8110 4 2 1 1 115 180 1763 1747
8111 4 2 1 1 201 124 1762 1687
8112 4 2 1 1 1019 1689 1714 2066
8113 4 2 1 1 1109 1507 1216 2365
8114 4 2 1 1 779 107 183 2096
8115 4 2 1 1 1065 980 456 2243
8116 4 2 1 1 1157 1384 1681 2112
8117 4 2 1 1 1538 963 962 2269
8118 4 2 1 1 446 1265 337 2266
8119 4 2 1 1 576 579 1371 2416
8120 4 2 1 1 1742 1500 6 1506
8121 4 2 1 1 1298 1424 1486 2167
8122 4 2 1 1 395 2280 390 2364
8123 4 2 1 1 515 516 517 2200
8124 4 2 1 1 341 342 343 2141
8125 4 2 1 1 1720 206 2339 2402
8126 4 2 1 1 1554 1553 1372 2158
8127 4 2 1 1 1602 889 1603 2395
8128 4 2 1 1 457 979 1039 2152
8129 4 2 1 1 798 1451 747 2137
8130 4 2 1 1 846 845 844 2294
8131 4 2 1 1 443 1260 1256 2340
8132 4 2 1 1 1768 1752 113 2286
8133 4 2 1 1 952 1064 954 2420
8134 4 2 1 1 1695 118 175 1766
8135 4 2 1 1 195 101 102 2305
8136 4 2 1 1 632 630 1280 2334
8137 4 2 1 1 744 746 2403 2444
8138 4 2 1 1 1633 820 1634 2139
8139 4 2 1 1 735 1045 1442 2157
8140 4 2 1 1 1508 70 1581 2297
8141 4 2 1 1 696 1662 1445 2165
8142 4 2 1 1 84 1303 83 2288
8143 4 2 1 1 1509 1511 1347 2230
8144 4 2 1 1 477 1690 461 2349
8145 4 2 1 1 734 1033 1022 2199
8146 4 2 1 1 983 942 1092 2115
8147 4 2 1 1 56 1591 1301 2183
8148 4 2 1 1 428 265 267 2309
8149 4 2 1 1 147 1104 94 2121
8150 4 2 1 1 1336 565 1331 2301
8151 4 2 1 1 1027 380 378 2126
8152 4 2 1 1 1128 139 1641 2333
8153 4 2 1 1 1727 5 202 1742
8154 4 2 1 1 436 1000 1233 2432
8155 4 2 1 1 1301 1150 167 2273
8156 4 2 1 1 856 857 855 2446
8157 4 2 1 1 299 300 301 2438
8158 4 2 1 1 682 652 1091 2181
8159 4 2 1 1 1739 1722 1735 2128
8160 4 2 1 1 202 4 1727 1688
8161 4 2 1 1 132 1157 1681 2112
8162 4 2 1 1 924 923 922 2177
8163 4 2 1 1 1383 1157 1158 2258
8164 4 2 1 1 1380 432 283 2201
8165 4 2 1 1 747 2137 764 2422
8166 4 2 1 1 1757 1756 1754 2143
8167 4 2 1 1 935 933 934 2231
8168 4 2 1 1 1526 782 1697 2185
8169 4 2 1 1 464 728 466 2154
8170 4 2 1 1 1220 1521 1455 2347
8171 4 2 1 1 698 1143 1144 2320
8172 4 2 1 1 1452 158 1389 2268
8173 4 2 1 1 872 870 1001 2159
8174 4 2 1 1 91 1267 90 2229
8175 4 2 1 1 908 907 906 2298
8176 4 2 1 1 1190 197 40 2242
8177 4 2 1 1 489 490 486 2270
8178 4 2 1 1 166 46 1318 2187
8179 4 2 1 1 608 609 610 2232
8180 4 2 1 1 1012 426 1563 2366
8181 4 2 1 1 679 1075 1447 2367
8182 4 2 1 1 575 1657 578 2239
8183 4 2 1 1 1675 99 98 2256
8184 4 2 1 1 969 1503 1501 2156
8185 4 2 1 1 112 203 1752 1767
8186 4 2 1 1 1532 969 857 2446
8187 4 2 1 1 1201 1619 1204 2186
8188 4 2 1 1 909 1632 907 2298
8189 4 2 1 1 425 1038 1594 2184
8190 4 2 1 1 1152 1603 137 2138
8191 4 2 1 1 762 199 776 2147
8192 4 2 1 1 344 346 345 2253
8193 4 2 1 1 1827 2000 2360 2370
8194 4 2 1 1 501 1438 1599 2225
8195 4 2 1 1 1644 814 813 2274
8196 4 2 1 1 1469 1350 1358 2336
8197 4 2 1 1 62 61 149 2162
8198 4 2 1 1 627 624 626 2257
8199 4 2 1 1 905 903 904 2254
8200 4 2 1 1 627 626 1377 2257
8201 4 2 1 1 335 333 334 2329
8202 4 2 1 1 1230 541 544 2272
8203 4 2 1 1 1697 1720 202 1943
8204 4 2 1 1 24 764 23 2422
8205 4 2 1 1 1689 1019 1020 2066
8206 4 2 1 1 18 2 1750 1714
8207 4 2 1 1 719 1439 1440 2318
8208 4 2 1 1 680 654 656 2282
8209 4 2 1 1 956 955 954 2171
8210 4 2 1 1 30 2360 31 2370
8211 4 2 1 1 609 608 607 2232
8212 4 2 1 1 1437 1136 1134 2224
8213 4 2 1 1 1091 654 680 2282
8214 4 2 1 1 1595 1585 412 2172
8215 4 2 1 1 479 212 786 2418
8216 4 2 1 1 26 760 25 2113
8217 4 2 1 1 550 698 552 2140
8218 4 2 1 1 1836 2291 2059 2403
8219 4 2 1 1 934 933 932 2231
8220 4 2 1 1 1097 1661 1096 2289
8221 4 2 1 1 1317 48 1480 2238
8222 4 2 1 1 1564 29 768 2064
8223 4 2 1 1 57 1458 58 2261
8224 4 2 1 1 533 1637 536 2194
8225 4 2 1 1 1383 1158 695 2258
8226 4 2 1 1 1046 1047 1045 2251
8227 4 2 1 1 1682 598 725 2316
8228 4 2 1 1 409 1497 292 2205
8229 4 2 1 1 495 501 1429 2262
8230 4 2 1 1 1641 139 1650 2333
8231 4 2 1 1 1748 1705 122 1444
8232 4 2 1 1 408 1363 304 2125
8233 4 2 1 1 1059 131 1058 2131
8234 4 2 1 1 967 1484 1483 2211
8235 4 2 1 1 1724 11 174 1737
8236 4 2 1 1 870 869 868 2348
8237 4 2 1 1 159 1675 98 2256
8238 4 2 1 1 906 905 904 2254
8239 4 2 1 1 687 1070 481 2381
8240 4 2 1 1 53 1530 54 2245
8241 4 2 1 1 22 1451 177 2221
8242 4 2 1 1 901 899 900 2317
8243 4 2 1 1 206 110 1713 2339
8244 4 2 1 1 1385 498 688 2455
8245 4 2 1 1 1719 1700 2128 2406
8246 4 2 1 1 765 753 779 2384
8247 4 2 1 1 1313 81 1311 2241
8248 4 2 1 1 210 208 750 2111
8249 4 2 1 1 1768 113 1528 2286
8250 4 2 1 1 1141 1146 1142 2252
8251 4 2 1 1 1486 1424 1692 2167
8252 4 2 1 1 1472 731 1393 2127
8253 4 2 1 1 326 327 325 2166
8254 4 2 1 1 19 20 200 2088
8255 4 2 1 1 2002 2308 1842 2419
8256 4 2 1 1 461 1026 389 2313
8257 4 2 1 1 1409 743 741 2193
8258 4 2 1 1 383 381 382 2380
8259 4 2 1 1 1614 1203 1605 2398
8260 4 2 1 1 355 1180 450 2247
8261 4 2 1 1 1636 1651 1007 2435
8262 4 2 1 1 1545 1540 601 2326
8263 4 2 1 1 1008 846 1489 2294
8264 4 2 1 1 1053 745 752 2087
8265 4 2 1 1 1326 1428 1541 2195
8266 4 2 1 1 229 232 1418 2427
8267 4 2 1 1 533 1162 1637 2194
8268 4 2 1 1 1521 1504 350 2347
8269 4 2 1 1 54 1544 55 2383
8270 4 2 1 1 1684 753 1683 2384
8271 4 2 1 1 400 358 1492 2264
8272 4 2 1 1 1232 1233 1001 2432
8273 4 2 1 1 788 1671 800 2161
8274 4 2 1 1 257 259 426 2366
8275 4 2 1 1 275 274 276 2222
8276 4 2 1 1 729 1030 1032 2322
8277 4 2 1 1 541 543 544 2272
8278 4 2 1 1 334 332 1348 2329
8279 4 2 1 1 424 1616 1396 2281
8280 4 2 1 1 1550 688 1578 2455
8281 4 2 1 1 637 1378 639 2393
8282 4 2 1 1 643 645 1105 2287
8283 4 2 1 1 1688 1720 206 2339
8284 4 2 1 1 1943 2339 1898 2402
8285 4 2 1 1 219 226 223 2409
8286 4 2 1 1 1719 1700 1500 2128
8287 4 2 1 1 227 474 1422 2378
8288 4 2 1 1 1138 184 87 2307
8289 4 2 1 1 500 505 706 2346
8290 4 2 1 1 945 1668 943 2191
8291 4 2 1 1 999 878 1241 2299
8292 4 2 1 1 1492 356 1337 2206
8293 4 2 1 1 1596 1397 689 2330
8294 4 2 1 1 682 1091 1462 2181
8295 4 2 1 1 1699 178 120 1755
8296 4 2 1 1 1665 501 1599 2225
8297 4 2 1 1 881 879 880 2240
8298 4 2 1 1 203 1020 1703 2411
8299 4 2 1 1 1081 981 455 2227
8300 4 2 1 1 1768 1747 1770 2286
8301 4 2 1 1 1574 1566 408 2369
8302 4 2 1 1 1760 1759 1758 2234
8303 4 2 1 1 1709 738 794 2265
8304 4 2 1 1 1762 123 201 2197
8305 4 2 1 1 1594 1607 1394 2276
8306 4 2 1 1 873 1559 871 2373
8307 4 2 1 1 1136 1133 1134 2224
8308 4 2 1 1 530 1193 1192 2214
8309 4 2 1 1 657 1078 659 2228
8310 4 2 1 1 747 764 757 2422
8311 4 2 1 1 18 1765 1712 2271
8312 4 2 1 1 93 92 1615 2246
8313 4 2 1 1 857 969 855 2446
8314 4 2 1 1 1546 1203 1614 2398
8315 4 2 1 1 1542 1609 270 2192
8316 4 2 1 1 1589 1397 1596 2330
8317 4 2 1 1 651 714 1095 2189
8318 4 2 1 1 395 390 394 2364
8319 4 2 1 1 833 1464 1465 2175
8320 4 2 1 1 1571 474 1579 2378
8321 4 2 1 1 720 1122 1121 2215
8322 4 2 1 1 471 472 467 2202
8323 4 2 1 1 631 632 633 2334
8324 4 2 1 1 390 388 394 2364
8325 4 2 1 1 758 1404 707 2439
8326 4 2 1 1 1716 772 771 2400
8327 4 2 1 1 600 599 598 2316
8328 4 2 1 1 740 1016 395 2280
8329 4 2 1 1 32 1434 773 2160
8330 4 2 1 1 160 30 31 2370
8331 4 2 1 1 1324 1237 556 2170
8332 4 2 1 1 1214 1213 1202 2203
8333 4 2 1 1 483 1070 487 2381
8334 4 2 1 1 7 1500 1722 1739
8335 4 2 1 1 113 1752 203 2286
8336 4 2 1 1 1530 53 152 2245
8337 4 2 1 1 17 1715 1728 1738
8338 4 2 1 1 215 213 214 2327
8339 4 2 1 1 538 696 1445 2165
8340 4 2 1 1 203 112 1689 1767
8341 4 2 1 1 88 87 184 2307
8342 4 2 1 1 1260 993 902 2340
8343 4 2 1 1 1836 2403 2087 2444
8344 4 2 1 1 512 511 510 2391
8345 4 2 1 1 648 647 1085 2226
8346 4 2 1 1 1528 180 114 1768
8347 4 2 1 1 28 810 29 2337
8348 4 2 1 1 1120 1124 721 2354
8349 4 2 1 1 657 659 658 2228
8350 4 2 1 1 744 783 746 2444
8351 4 2 1 1 1316 709 1315 2150
8352 4 2 1 1 134 1142 1143 2320
8353 4 2 1 1 73 1292 72 2277
8354 4 2 1 1 382 380 392 2380
8355 4 2 1 1 706 747 707 2346
8356 4 2 1 1 125 1765 1753 1712
8357 4 2 1 1 809 1011 1007 2435
8358 4 2 1 1 1272 704 1273 2180
8359 4 2 1 1 744 505 1023 2291
8360 4 2 1 1 1061 1062 1029 2207
8361 4 2 1 1 1060 1029 1447 2367
8362 4 2 1 1 1544 54 1530 2383
8363 4 2 1 1 998 882 1243 2255
8364 4 2 1 1 1548 1254 1252 2250
8365 4 2 1 1 922 921 920 2429
8366 4 2 1 1 1554 1372 1370 2158
8367 4 2 1 1 1456 1661 150 2289
8368 4 2 1 1 348 349 347 2425
8369 4 2 1 1 2066 2286 1844 2411
8370 4 2 1 1 1428 417 1556 2295
8371 4 2 1 1 1483 1482 841 2323
8372 4 2 1 1 1181 930 928 2412
8373 4 2 1 1 784 755 783 2444
8374 4 2 1 1 15 1723 1730 1514
8375 4 2 1 1 790 1444 1705 2143
8376 4 2 1 1 464 1426 728 2154
8377 4 2 1 1 721 518 1123 2354
8378 4 2 1 1 1742 5 202 1506
8379 4 2 1 1 744 746 745 2403
8380 4 2 1 1 176 777 770 2453
8381 4 2 1 1 1438 491 1404 2439
8382 4 2 1 1 228 230 229 2427
8383 4 2 1 1 33 1073 34 2311
8384 4 2 1 1 1081 1064 981 2420
8385 4 2 1 1 1513 116 1763 1707
8386 4 2 1 1 1516 1696 12 1729
8387 4 2 1 1 2114 2335 1814 2395
8388 4 2 1 1 1504 402 352 2220
8389 4 2 1 1 495 1429 497 2262
8390 4 2 1 1 1231 868 1002 2348
8391 4 2 1 1 1018 1717 796 2431
8392 4 2 1 1 360 358 400 2264
8393 4 2 1 1 1637 1306 696 2284
8394 4 2 1 1 1725 1741 1713 2339
8395 4 2 1 1 1748 1444 123 2197
8396 4 2 1 1 1411 1412 1700 2406
8397 4 2 1 1 176 776 107 2453
8398 4 2 1 1 315 440 313 2292
8399 4 2 1 1 1063 1076 1420 2237
8400 4 2 1 1 917 915 916 2296
8401 4 2 1 1 1023 505 488 2291
8402 4 2 1 1 1016 390 395 2280
8403 4 2 1 1 545 1168 547 2219
8404 4 2 1 1 961 962 963 2269
8405 4 2 1 1 1297 1308 1309 2213
8406 4 2 1 1 818 817 1640 2293
8407 4 2 1 1 174 10 1743 1498
8408 4 2 1 1 928 926 987 2233
8409 4 2 1 1 916 915 914 2296
8410 4 2 1 1 30 1055 31 2360
8411 4 2 1 1 565 1336 562 2301
8412 4 2 1 1 966 1475 1474 2362
8413 4 2 1 1 1634 818 1640 2293
8414 4 2 1 1 424 1394 1607 2276
8415 4 2 1 1 138 78 77 2263
8416 4 2 1 1 113 203 1528 2286
8417 4 2 1 1 1054 1698 1686 2259
8418 4 2 1 1 1057 1051 1058 2424
8419 4 2 1 1 1500 179 1719 2128
8420 4 2 1 1 26 775 760 2436
8421 4 2 1 1 1126 1678 1124 2279
8422 4 2 1 1 1319 560 563 2278
8423 4 2 1 1 1819 2374 2122 2375
8424 4 2 1 1 1748 1771 1757 2197
8425 4 2 1 1 867 865 866 2363
8426 4 2 1 1 1395 1623 420 2328
8427 4 2 1 1 69 137 1581 2351
8428 4 2 1 1 219 1405 226 2409
8429 4 2 1 1 614 612 611 2285
8430 4 2 1 1 1185 920 989 2429
8431 4 2 1 1 1050 1051 190 2190
8432 4 2 1 1 1747 114 180 1768
8433 4 2 1 1 1730 204 15 1514
8434 4 2 1 1 1107 643 1105 2287
8435 4 2 1 1 362 360 1094 2376
8436 4 2 1 1 389 1026 387 2313
8437 4 2 1 1 1412 1526 1697 2185
8438 4 2 1 1 1385 688 1550 2455
8439 4 2 1 1 587 1271 589 2306
8440 4 2 1 1 213 212 214 2327
8441 4 2 1 1 1703 1721 1528 2286
8442 4 2 1 1 1766 117 175 1707
8443 4 2 1 1 1684 106 779 2384
8444 4 2 1 1 1623 1630 420 2328
8445 4 2 1 1 1063 1420 1468 2237
8446 4 2 1 1 160 763 768 2370
8447 4 2 1 1 1213 1605 1202 2203
8448 4 2 1 1 391 386 384 2304
8449 4 2 1 1 788 479 787 2418
8450 4 2 1 1 110 1 1713 1725
8451 4 2 1 1 1326 1325 1428 2195
8452 4 2 1 1 1500 7 179 1739
8453 4 2 1 1 1248 440 315 2292
8454 4 2 1 1 1741 1713 3 1725
8455 4 2 1 1 456 980 1064 2243
8456 4 2 1 1 1313 1311 1375 2241
8457 4 2 1 1 455 981 1080 2227
8458 4 2 1 1 795 794 793 2265
8459 4 2 1 1 1766 1761 1751 2290
8460 4 2 1 1 1260 443 993 2340
8461 4 2 1 1 109 206 781 2402
8462 4 2 1 1 1759 1756 1758 2234
8463 4 2 1 1 344 1338 346 2253
8464 4 2 1 1 806 1435 1537 2350
8465 4 2 1 1 437 1234 301 2438
8466 4 2 1 1 886 888 887 2335
8467 4 2 1 1 727 1476 1031 2267
8468 4 2 1 1 648 1085 1086 2226
8469 4 2 1 1 1056 31 1055 2360
8470 4 2 1 1 959 978 957 2405
8471 4 2 1 1 585 582 1273 2343
8472 4 2 1 1 1192 1193 1195 2214
8473 4 2 1 1 296 298 297 2397
8474 4 2 1 1 1152 186 1602 2372
8475 4 2 1 1 705 1286 1284 2357
8476 4 2 1 1 10 174 1743 1724
8477 4 2 1 1 288 1588 290 2415
8478 4 2 1 1 1476 1035 1031 2267
8479 4 2 1 1 1764 1757 1754 2143
8480 4 2 1 1 188 1126 1124 2279
8481 4 2 1 1 127 64 1587 2315
8482 4 2 1 1 1704 1685 670 2312
8483 4 2 1 1 119 1755 1749 1695
8484 4 2 1 1 759 760 761 2436
8485 4 2 1 1 386 385 384 2304
8486 4 2 1 1 1741 1688 1713 2339
8487 4 2 1 1 477 674 675 2349
8488 4 2 1 1 1761 1756 1759 2234
8489 4 2 1 1 881 973 879 2240
8490 4 2 1 1 424 1396 249 2281
8491 4 2 1 1 756 724 745 2403
8492 4 2 1 1 1456 1096 1661 2289
8493 4 2 1 1 1030 1028 1032 2322
8494 4 2 1 1 1712 205 18 2271
8495 4 2 1 1 1715 1702 17 1728
8496 4 2 1 1 1361 1360 1362 2345
8497 4 2 1 1 1451 764 747 2137
8498 4 2 1 1 908 909 907 2298
8499 4 2 1 1 775 26 27 2260
8500 4 2 1 1 137 1580 1581 2351
8501 4 2 1 1 1559 1562 871 2373
8502 4 2 1 1 26 25 193 2113
8503 4 2 1 1 1471 362 1094 2376
8504 4 2 1 1 846 844 1489 2294
8505 4 2 1 1 483 481 1070 2381
8506 4 2 1 1 998 1243 438 2255
8507 4 2 1 1 334 333 332 2329
8508 4 2 1 1 1765 2 18 1712
8509 4 2 1 1 794 738 793 2265
8510 4 2 1 1 1067 1707 1513 2290
8511 4 2 1 1 705 1642 1286 2357
8512 4 2 1 1 436 1232 297 2432
8513 4 2 1 1 1518 1588 288 2415
8514 4 2 1 1 433 1003 1221 2314
8515 4 2 1 1 579 578 580 2416
8516 4 2 1 1 50 1165 49 2389
8517 4 2 1 1 632 631 630 2334
8518 4 2 1 1 1144 1143 1142 2320
8519 4 2 1 1 1618 1018 742 2431
8520 4 2 1 1 78 1293 77 2263
8521 4 2 1 1 368 370 369 2414
8522 4 2 1 1 348 350 349 2425
8523 4 2 1 1 231 1543 1417 2321
8524 4 2 1 1 116 1751 1763 1707
8525 4 2 1 1 1704 1069 1685 2312
8526 4 2 1 1 719 1441 1439 2318
8527 4 2 1 1 733 1051 1077 2424
8528 4 2 1 1 231 1417 228 2321
8529 4 2 1 1 113 112 203 1752
8530 4 2 1 1 824 823 822 2371
8531 4 2 1 1 527 529 1205 2423
8532 4 2 1 1 894 893 892 2375
8533 4 2 1 1 1499 8 9 1726
8534 4 2 1 1 341 1188 339 2338
8535 4 2 1 1 770 776 176 2453
8536 4 2 1 1 123 1444 201 2197
8537 4 2 1 1 1734 1733 1731 2212
8538 4 2 1 1 771 199 762 2400
8539 4 2 1 1 1319 563 1320 2278
8540 4 2 1 1 1712 1753 125 1687
8541 4 2 1 1 1563 426 259 2366
8542 4 2 1 1 1054 1686 105 2259
8543 4 2 1 1 1428 1556 1517 2295
8544 4 2 1 1 1521 1220 1504 2347
8545 4 2 1 1 1755 119 1699 1695
8546 4 2 1 1 720 514 1122 2215
8547 4 2 1 1 585 583 582 2343
8548 4 2 1 1 576 578 579 2416
8549 4 2 1 1 1003 862 1221 2314
8550 4 2 1 1 587 589 588 2306
8551 4 2 1 1 1067 175 1707 2290
8552 4 2 1 1 600 598 1682 2316
8553 4 2 1 1 1766 1751 117 1707
8554 4 2 1 1 706 707 500 2346
8555 4 2 1 1 437 999 1241 2299
8556 4 2 1 1 1152 67 186 2372
8557 4 2 1 1 523 525 1191 2352
8558 4 2 1 1 1231 870 868 2348
8559 4 2 1 1 755 746 783 2444
8560 4 2 1 1 1369 572 1364 2419
8561 4 2 1 1 511 512 513 2391
8562 4 2 1 1 1092 940 984 2325
8563 4 2 1 1 474 1571 1422 2378
8564 4 2 1 1 229 230 232 2427
8565 4 2 1 1 299 301 1234 2438
8566 4 2 1 1 1185 922 920 2429
8567 4 2 1 1 721 1123 1120 2354
8568 4 2 1 1 1390 683 492 2451
8569 4 2 1 1 806 1013 1435 2350
8570 4 2 1 1 308 407 310 2454
8571 4 2 1 1 3 1713 1741 1688
8572 4 2 1 1 1715 1 110 1738
8573 4 2 1 1 477 675 1690 2349
8574 4 2 1 1 1060 1447 1075 2367
8575 4 2 1 1 160 768 30 2370
8576 4 2 1 1 854 852 1206 2452
8577 4 2 1 1 199 771 772 2400
8578 4 2 1 1 340 341 339 2338
8579 4 2 1 1 15 14 1723 1514
8580 4 2 1 1 1103 1092 984 2325
8581 4 2 1 1 1725 1732 1746 2339
8582 4 2 1 1 1448 1316 1314 2417
8583 4 2 1 1 527 528 529 2423
8584 4 2 1 1 1403 423 1633 2430
8585 4 2 1 1 1705 178 790 2143
8586 4 2 1 1 523 524 525 2352
8587 4 2 1 1 1368 1369 1364 2419
8588 4 2 1 1 867 1519 865 2363
8589 4 2 1 1 378 376 393 2437
8590 4 2 1 1 143 764 24 2422
8591 4 2 1 1 886 997 888 2335
8592 4 2 1 1 1249 894 892 2375
8593 4 2 1 1 1007 1011 1636 2435
8594 4 2 1 1 382 381 380 2380
8595 4 2 1 1 1748 1762 1771 2197
8596 4 2 1 1 1438 1404 758 2439
8597 4 2 1 1 121 120 178 1754
8598 4 2 1 1 1767 1750 111 1714
8599 4 2 1 1 930 929 928 2412
8600 4 2 1 1 824 822 1628 2371
8601 4 2 1 1 1403 245 423 2430
8602 4 2 1 1 378 377 376 2437
8603 4 2 1 1 1731 1736 1734 2212
8604 4 2 1 1 1748 122 123 1444
8605 4 2 1 1 1390 1391 683 2451
8606 4 2 1 1 75 1308 74 2434
8607 4 2 1 1 1720 782 206 2402
8608 4 2 1 1 1706 201 1444 2197
8609 4 2 1 1 1717 1018 1618 2431
8610 4 2 1 1 1172 75 74 2434
8611 4 2 1 1 296 410 298 2397
8612 4 2 1 1 479 786 787 2418
8613 4 2 1 1 309 308 310 2454
8614 4 2 1 1 203 1703 1528 2286
8615 4 2 1 1 959 957 958 2405
8616 4 2 1 1 854 853 852 2452
8617 4 2 1 1 1750 2 111 1714
8618 4 2 1 1 165 50 49 2389
8619 4 2 1 1 733 1058 1051 2424
8620 4 2 1 1 752 754 1703 2411
8621 4 2 1 1 368 416 370 2414
8622 4 2 1 1 1750 1769 1765 2271
8623 4 2 1 1 6 7 1500 1722
8624 4 2 1 1 1448 618 1316 2417
8625 4 2 1 1 1713 1688 206 2339
8626 4 2 1 1 1064 952 981 2420
8627 4 2 1 1 1516 12 13 1729
8628 4 2 1 1 1719 1410 1700 2406
8629 4 2 1 1 115 116 1763 1513
8630 4 2 1 1 117 175 118 1766
8631 4 2 1 1 124 125 1753 1687
8632 4 2 1 1 1020 752 1703 2411
8633 4 2 1 1 757 764 143 2422
8634 4 2 1 1 26 807 27 2260
8635 4 2 1 1 436 1233 1232 2432
8636 4 2 1 1 180 115 114 1747
8637 4 2 1 1 16 17 1702 1728
8638 4 2 1 1 6 5 1742 1506
8639 4 2 1 1 724 744 745 2403
8640 4 2 1 1 201 124 123 1762
8641 4 2 1 1 206 782 781 2402
8642 4 2 1 1 174 10 11 1724
8643 4 2 1 1 1713 1 3 1725
8644 4 2 1 1 1410 1411 1700 2406
8645 4 2 1 1 761 760 775 2436
8646 4 2 1 1 1684 779 753 2384
8647 4 2 1 1 181 13 14 1740
8648 4 2 1 1 1749 118 119 1695
8649 4 2 1 1 1767 111 1689 1714
8650 4 2 1 1 1725 1746 1741 2339
8651 4 2 1 1 1768 1770 1752 2286
8652 4 2 1 1 1741 4 3 1688
8653 4 2 1 1 1765 125 2 1712
8654 4 2 1 1 1715 17 1 1738
8655 4 2 1 1 202 4 5 1727
8656 4 2 1 1 1689 112 111 1767
8657 4 2 1 1 1743 10 9 1498
8658 4 2 1 1 179 7 8 1739
8659 4 2 1 1 12 11 1737 1696
8660 4 2 1 1 1751 116 117 1707
8661 4 2 1 1 114 113 1528 1768
8662 4 2 1 1 1705 122 121 1764
8663 4 2 1 1 15 16 204 1730
8664 4 2 1 1 1699 120 119 1755
8665 4 2 1 1 1116 2200 1117 691
8666 4 2 1 1 1117 2200 1116 2020
8667 4 2 1 1 2009 2356 2229 1808
8668 4 2 1 1 2229 2356 2009 130
8669 4 2 1 1 2009 2356 2231 1583
8670 4 2 1 1 2231 2356 2009 1808
8671 4 2 1 1 484 1949 1072 716
8672 4 2 1 1 484 1072 1949 2008
8673 4 2 1 1 2112 2279 1681 1127
8674 4 2 1 1 1681 2279 2112 1974
8675 4 2 1 1 2093 1423 2110 1858
8676 4 2 1 1 2093 2110 1423 1461
8677 4 2 1 1 1955 1282 628 711
8678 4 2 1 1 1955 628 1282 1917
8679 4 2 1 1 2307 1930 1277 2217
8680 4 2 1 1 2307 1277 1930 1868
8681 4 2 1 1 2111 1706 778 750
8682 4 2 1 1 2111 778 1706 1839
8683 4 2 1 1 2405 1679 1846 2036
8684 4 2 1 1 2405 1846 1679 978
8685 4 2 1 1 2006 1477 2073 1981
8686 4 2 1 1 2006 2073 1477 850
8687 4 2 1 1 2226 2287 648 645
8688 4 2 1 1 648 2287 2226 1994
8689 4 2 1 1 1956 311 1246 313
8690 4 2 1 1 1956 1246 311 1915
8691 4 2 1 1 1960 317 441 319
8692 4 2 1 1 1960 441 317 1918
8693 4 2 1 1 2065 36 1125 37
8694 4 2 1 1 2065 1125 36 1828
8695 4 2 1 1 1170 2272 697 543
8696 4 2 1 1 697 2272 1170 1926
8697 4 2 1 1 182 2048 2111 209
8698 4 2 1 1 2111 2048 182 1867
8699 4 2 1 1 2004 293 435 295
8700 4 2 1 1 2004 435 293 1933
8701 4 2 1 1 187 2055 1177 80
8702 4 2 1 1 1177 2055 187 2005
8703 4 2 1 1 2301 701 1921 1890
8704 4 2 1 1 2301 1921 701 566
8705 4 2 1 1 2130 767 2262 1071
8706 4 2 1 1 2130 2262 767 1965
8707 4 2 1 1 2034 874 873 875
8708 4 2 1 1 2034 873 874 1840
8709 4 2 1 1 2005 79 1153 1849
8710 4 2 1 1 2005 1153 79 187
8711 4 2 1 1 2046 1674 1677 1846
8712 4 2 1 1 2046 1677 1674 156
8713 4 2 1 1 2215 1694 2078 1122
8714 4 2 1 1 2215 2078 1694 1829
8715 4 2 1 1 2041 1629 899 897
8716 4 2 1 1 2041 899 1629 1855
8717 4 2 1 1 2371 1406 1920 2017
8718 4 2 1 1 2371 1920 1406 823
8719 4 2 1 1 964 1920 1406 2017
8720 4 2 1 1 964 1406 1920 823
8721 4 2 1 1 2025 144 1680 1627
8722 4 2 1 1 2025 1680 144 1845
8723 4 2 1 1 476 1906 2280 1017
8724 4 2 1 1 476 2280 1906 2109
8725 4 2 1 1 2075 336 404 1862
8726 4 2 1 1 2075 404 336 1345
8727 4 2 1 1 1477 2073 430 1006
8728 4 2 1 1 430 2073 1477 1981
8729 4 2 1 1 2035 1414 475 1651
8730 4 2 1 1 2035 475 1414 1947
8731 4 2 1 1 2411 755 1844 2080
8732 4 2 1 1 2411 1844 755 754
8733 4 2 1 1 2238 1502 968 1317
8734 4 2 1 1 2238 968 1502 2006
8735 4 2 1 1 2025 1679 144 1627
8736 4 2 1 1 2025 144 1679 2036
8737 4 2 1 1 2371 825 1406 1958
8738 4 2 1 1 2371 1406 825 823
8739 4 2 1 1 2275 236 1407 237
8740 4 2 1 1 2275 1407 236 1934
8741 4 2 1 1 2405 1627 1679 2025
8742 4 2 1 1 2405 1679 1627 978
8743 4 2 1 1 2226 1873 1772 1994
8744 4 2 1 1 2226 1772 1873 2067
8745 4 2 1 1 1978 1263 2329 331
8746 4 2 1 1 1978 2329 1263 2081
8747 4 2 1 1 333 2329 1263 331
8748 4 2 1 1 333 1263 2329 2081
8749 4 2 1 1 2431 174 1909 2029
8750 4 2 1 1 2431 1909 174 1717
8751 4 2 1 1 2192 1211 1598 1826
8752 4 2 1 1 2192 1598 1211 1212
8753 4 2 1 1 2426 2198 2295 1781
8754 4 2 1 1 2426 2295 2198 1823
8755 4 2 1 1 1160 2258 695 1158
8756 4 2 1 1 695 2258 1160 2056
8757 4 2 1 1 2151 548 551 1859
8758 4 2 1 1 2151 551 548 1240
8759 4 2 1 1 2018 1083 454 1093
8760 4 2 1 1 2018 454 1083 1901
8761 4 2 1 1 1959 1285 2124 1936
8762 4 2 1 1 1959 2124 1285 1284
8763 4 2 1 1 1287 2124 1285 1936
8764 4 2 1 1 1287 1285 2124 1284
8765 4 2 1 1 2430 244 246 1815
8766 4 2 1 1 2430 246 244 245
8767 4 2 1 1 2088 778 205 207
8768 4 2 1 1 2088 205 778 1839
8769 4 2 1 1 2115 1083 944 1901
8770 4 2 1 1 2115 944 1083 983
8771 4 2 1 1 2398 413 1605 1614
8772 4 2 1 1 2398 1605 413 2203
8773 4 2 1 1 2383 863 1988 1939
8774 4 2 1 1 2383 1988 863 1381
8775 4 2 1 1 1987 480 468 469
8776 4 2 1 1 1987 468 480 1963
8777 4 2 1 1 2398 266 413 1614
8778 4 2 1 1 2398 413 266 1817
8779 4 2 1 1 2327 2418 2111 212
8780 4 2 1 1 2111 2418 2327 1835
8781 4 2 1 1 2121 941 1667 1669
8782 4 2 1 1 2121 1667 941 1919
8783 4 2 1 1 2241 1857 1177 81
8784 4 2 1 1 1177 1857 2241 2055
8785 4 2 1 1 1177 80 2241 81
8786 4 2 1 1 2241 80 1177 2055
8787 4 2 1 1 2302 2324 1779 2047
8788 4 2 1 1 1779 2324 2302 1854
8789 4 2 1 1 2058 296 2397 1582
8790 4 2 1 1 2058 2397 296 2004
8791 4 2 1 1 2224 2261 1792 1921
8792 4 2 1 1 1792 2261 2224 2090
8793 4 2 1 1 2375 1248 441 1918
8794 4 2 1 1 2375 441 1248 1249
8795 4 2 1 1 2140 2151 1779 2049
8796 4 2 1 1 2120 285 286 1865
8797 4 2 1 1 2120 286 285 287
8798 4 2 1 1 52 2252 152 2245
8799 4 2 1 1 52 152 2252 1944
8800 4 2 1 1 2179 152 2252 2245
8801 4 2 1 1 2179 2252 152 1944
8802 4 2 1 1 826 2268 1937 827
8803 4 2 1 1 1937 2268 826 1958
8804 4 2 1 1 2150 614 2079 1880
8805 4 2 1 1 2150 2079 614 709
8806 4 2 1 1 2035 475 2435 1651
8807 4 2 1 1 2035 2435 475 1973
8808 4 2 1 1 2455 499 1876 498
8809 4 2 1 1 2455 1876 499 2130
8810 4 2 1 1 2163 884 2255 2033
8811 4 2 1 1 2163 2255 884 998
8812 4 2 1 1 2260 28 142 27
8813 4 2 1 1 2260 142 28 1871
8814 4 2 1 1 2202 672 1393 471
8815 4 2 1 1 2202 1393 672 1885
8816 4 2 1 1 2232 1296 708 609
8817 4 2 1 1 2232 708 1296 1874
8818 4 2 1 1 2434 1610 1638 2042
8819 4 2 1 1 2434 1638 1610 1172
8820 4 2 1 1 2115 1093 1083 2018
8821 4 2 1 1 2115 1083 1093 983
8822 4 2 1 1 2060 1184 988 1183
8823 4 2 1 1 2060 988 1184 1989
8824 4 2 1 1 2070 1610 1611 128
8825 4 2 1 1 2070 1611 1610 2042
8826 4 2 1 1 2192 268 269 270
8827 4 2 1 1 2192 269 268 2038
8828 4 2 1 1 2141 1341 403 342
8829 4 2 1 1 2141 403 1341 2032
8830 4 2 1 1 2320 51 2010 1164
8831 4 2 1 1 2320 2010 51 1944
8832 4 2 1 1 2180 1446 1274 1887
8833 4 2 1 1 2180 1274 1446 1272
8834 4 2 1 1 1988 2383 1780 1967
8835 4 2 1 1 1780 2383 1988 1939
8836 4 2 1 1 2265 1711 676 1838
8837 4 2 1 1 2265 676 1711 738
8838 4 2 1 1 2165 537 536 1905
8839 4 2 1 1 2165 536 537 538
8840 4 2 1 1 2129 365 364 363
8841 4 2 1 1 2129 364 365 1886
8842 4 2 1 1 2094 1463 1510 620
8843 4 2 1 1 2094 1510 1463 2075
8844 4 2 1 1 2119 681 2202 792
8845 4 2 1 1 2119 2202 681 1950
8846 4 2 1 1 2100 1251 593 590
8847 4 2 1 1 2100 593 1251 2028
8848 4 2 1 1 2434 1638 192 1832
8849 4 2 1 1 2434 192 1638 1172
8850 4 2 1 1 2291 783 487 1023
8851 4 2 1 1 2291 487 783 1836
8852 4 2 1 1 2262 493 501 2225
8853 4 2 1 1 2262 501 493 495
8854 4 2 1 1 2325 1919 941 940
8855 4 2 1 1 941 1919 2325 2115
8856 4 2 1 1 941 942 2325 940
8857 4 2 1 1 2325 942 941 2115
8858 4 2 1 1 2099 242 2275 2023
8859 4 2 1 1 2099 2275 242 1408
8860 4 2 1 1 751 2221 1968 1015
8861 4 2 1 1 1968 2221 751 2048
8862 4 2 1 1 2246 1139 2121 93
8863 4 2 1 1 2246 2121 1139 1883
8864 4 2 1 1 2440 2225 2436 1775
8865 4 2 1 1 2440 2436 2225 1837
8866 4 2 1 1 2331 317 1960 318
8867 4 2 1 1 2331 1960 317 1918
8868 4 2 1 1 2337 1564 29 28
8869 4 2 1 1 2337 29 1564 2064
8870 4 2 1 1 2203 413 1613 1605
8871 4 2 1 1 2203 1613 413 2038
8872 4 2 1 1 2374 2351 893 1819
8873 4 2 1 1 2374 893 2351 974
8874 4 2 1 1 2310 311 1956 312
8875 4 2 1 1 2310 1956 311 1915
8876 4 2 1 1 2167 726 602 1424
8877 4 2 1 1 2167 602 726 1895
8878 4 2 1 1 803 2260 808 807
8879 4 2 1 1 808 2260 803 1910
8880 4 2 1 1 2394 2118 1985 1802
8881 4 2 1 1 2394 1985 2118 1887
8882 4 2 1 1 2060 2425 1797 1989
8883 4 2 1 1 1797 2425 2060 1931
8884 4 2 1 1 2175 161 2108 1902
8885 4 2 1 1 2175 2108 161 1465
8886 4 2 1 1 1766 1695 2290 175
8887 4 2 1 1 1766 2290 1695 1749
8888 4 2 1 1 1894 2290 1695 175
8889 4 2 1 1 1894 1695 2290 1749
8890 4 2 1 1 2200 513 1111 515
8891 4 2 1 1 2200 1111 513 1903
8892 4 2 1 1 2195 320 417 1960
8893 4 2 1 1 2195 417 320 1325
8894 4 2 1 1 2172 1237 1238 1585
8895 4 2 1 1 2172 1238 1237 2170
8896 4 2 1 1 2353 2170 2049 1843
8897 4 2 1 1 2353 2049 2170 1914
8898 4 2 1 1 2109 674 676 478
8899 4 2 1 1 2109 676 674 2082
8900 4 2 1 1 2405 1674 2171 1846
8901 4 2 1 1 2405 2171 1674 957
8902 4 2 1 1 1242 2255 305 438
8903 4 2 1 1 305 2255 1242 2001
8904 4 2 1 1 2289 1139 2246 1456
8905 4 2 1 1 2289 2246 1139 1883
8906 4 2 1 1 2314 2358 2145 1865
8907 4 2 1 1 2145 2358 2314 1939
8908 4 2 1 1 2270 492 491 490
8909 4 2 1 1 2270 491 492 2014
8910 4 2 1 1 801 2350 146 1013
8911 4 2 1 1 146 2350 801 1904
8912 4 2 1 1 2239 573 574 575
8913 4 2 1 1 2239 574 573 2012
8914 4 2 1 1 2116 1426 1443 1048
8915 4 2 1 1 2116 1443 1426 2154
8916 4 2 1 1 2152 383 2380 457
8917 4 2 1 1 2152 2380 383 2077
8918 4 2 1 1 2360 1962 1785 2117
8919 4 2 1 1 2360 1785 1962 2160
8920 4 2 1 1 2440 1871 2260 2359
8921 4 2 1 1 2440 2260 1871 1910
8922 4 2 1 1 1759 2286 1760 1770
8923 4 2 1 1 1760 2286 1759 2234
8924 4 2 1 1 204 1728 16 1702
8925 4 2 1 1 16 1728 204 1730
8926 4 2 1 1 2411 200 2066 1020
8927 4 2 1 1 2411 2066 200 2088
8928 4 2 1 1 2406 2029 1693 2193
8929 4 2 1 1 2406 1693 2029 2128
8930 4 2 1 1 994 2340 1256 1260
8931 4 2 1 1 1256 2340 994 1945
8932 4 2 1 1 2454 1796 1893 2039
8933 4 2 1 1 2454 1893 1796 2163
8934 4 2 1 1 2195 322 320 2106
8935 4 2 1 1 2195 320 322 1325
8936 4 2 1 1 2416 1370 581 579
8937 4 2 1 1 2416 581 1370 2158
8938 4 2 1 1 2171 953 1676 955
8939 4 2 1 1 2171 1676 953 1986
8940 4 2 1 1 2379 2036 2025 1846
8941 4 2 1 1 2379 2025 2036 1777
8942 4 2 1 1 2451 1775 1913 2135
8943 4 2 1 1 2451 1913 1775 2014
8944 4 2 1 1 2344 2423 2027 1853
8945 4 2 1 1 2027 2423 2344 2258
8946 4 2 1 1 2444 744 2291 2403
8947 4 2 1 1 2444 2291 744 783
8948 4 2 1 1 1053 2088 2411 200
8949 4 2 1 1 2411 2088 1053 2087
8950 4 2 1 1 2334 1652 2218 1930
8951 4 2 1 1 2334 2218 1652 632
8952 4 2 1 1 1755 1695 1894 1749
8953 4 2 1 1 1894 1695 1755 1699
8954 4 2 1 1 2140 2449 2151 1859
8955 4 2 1 1 2151 2449 2140 1779
8956 4 2 1 1 2165 2187 1789 2061
8957 4 2 1 1 1789 2187 2165 1926
8958 4 2 1 1 2292 317 316 315
8959 4 2 1 1 2292 316 317 1918
8960 4 2 1 1 2287 1087 648 1105
8961 4 2 1 1 2287 648 1087 1994
8962 4 2 1 1 2431 1017 795 1018
8963 4 2 1 1 2431 795 1017 1906
8964 4 2 1 1 2376 363 361 2129
8965 4 2 1 1 2376 361 363 362
8966 4 2 1 1 1420 2414 1076 416
8967 4 2 1 1 1076 2414 1420 2237
8968 4 2 1 1 2185 1506 1697 1412
8969 4 2 1 1 2185 1697 1506 1943
8970 4 2 1 1 2286 1759 1747 1770
8971 4 2 1 1 2286 1747 1759 1844
8972 4 2 1 1 2348 2443 1792 1999
8973 4 2 1 1 1792 2443 2348 1933
8974 4 2 1 1 1792 2159 2348 1999
8975 4 2 1 1 2348 2159 1792 1933
8976 4 2 1 1 260 2366 261 259
8977 4 2 1 1 261 2366 260 2133
8978 4 2 1 1 2447 2220 1877 1811
8979 4 2 1 1 2447 1877 2220 1931
8980 4 2 1 1 870 2373 872 871
8981 4 2 1 1 872 2373 870 2159
8982 4 2 1 1 2286 1767 1760 1752
8983 4 2 1 1 2286 1760 1767 2066
8984 4 2 1 1 2332 1354 1357 1356
8985 4 2 1 1 2332 1357 1354 1992
8986 4 2 1 1 1726 179 8 1739
8987 4 2 1 1 1726 8 179 1499
8988 4 2 1 1 2380 1065 457 381
8989 4 2 1 1 2380 457 1065 1954
8990 4 2 1 1 2312 480 687 1685
8991 4 2 1 1 2312 687 480 1963
8992 4 2 1 1 2304 383 1040 385
8993 4 2 1 1 2304 1040 383 2077
8994 4 2 1 1 2349 1538 1701 675
8995 4 2 1 1 2349 1701 1538 1996
8996 4 2 1 1 2172 2358 2092 1865
8997 4 2 1 1 2092 2358 2172 1864
8998 4 2 1 1 1533 2232 605 608
8999 4 2 1 1 605 2232 1533 2209
9000 4 2 1 1 2334 629 1376 631
9001 4 2 1 1 2334 1376 629 2084
9002 4 2 1 1 2357 1289 1270 1286
9003 4 2 1 1 2357 1270 1289 1984
9004 4 2 1 1 2438 1000 1241 1234
9005 4 2 1 1 2438 1241 1000 2091
9006 4 2 1 1 2010 50 1165 1164
9007 4 2 1 1 2010 1165 50 2389
9008 4 2 1 1 2321 2427 1982 1417
9009 4 2 1 1 1982 2427 2321 2204
9010 4 2 1 1 1982 1561 2321 1417
9011 4 2 1 1 2321 1561 1982 2204
9012 4 2 1 1 2442 2207 1882 1807
9013 4 2 1 1 2442 1882 2207 1911
9014 4 2 1 1 2320 2353 2252 1914
9015 4 2 1 1 2252 2353 2320 1944
9016 4 2 1 1 2196 2443 2348 1809
9017 4 2 1 1 2348 2443 2196 1933
9018 4 2 1 1 2401 2269 2025 1845
9019 4 2 1 1 2401 2025 2269 1892
9020 4 2 1 1 1119 2354 135 1120
9021 4 2 1 1 135 2354 1119 2068
9022 4 2 1 1 2299 2404 2001 1852
9023 4 2 1 1 2001 2404 2299 1897
9024 4 2 1 1 2379 2405 1954 1846
9025 4 2 1 1 1954 2405 2379 2152
9026 4 2 1 1 2394 2255 2163 1893
9027 4 2 1 1 2394 2163 2255 1856
9028 4 2 1 1 2251 2401 1990 1900
9029 4 2 1 1 1990 2401 2251 1845
9030 4 2 1 1 2300 2341 2191 1901
9031 4 2 1 1 2191 2341 2300 1889
9032 4 2 1 1 2370 29 194 2064
9033 4 2 1 1 2370 194 29 30
9034 4 2 1 1 1755 178 2143 1699
9035 4 2 1 1 1755 2143 178 1754
$EndElements
