$MeshFormat
2.2 0 8
$EndMeshFormat
$PhysicalNames
1
3 1 "Cylinder"
$EndPhysicalNames
$Nodes
699
1 0.5 -1.224646799147353e-16 5
2 0.5 -1.224646799147353e-16 0
3 0.4619397662556436 0.1913417161825444 5
4 0.3535533905932744 0.3535533905932731 5
5 0.1913417161825461 0.4619397662556429 5
6 1.695950706916419e-15 0.5 5
7 -0.1913417161825426 0.4619397662556443 5
8 -0.3535533905932717 0.3535533905932758 5
9 -0.4619397662556421 0.1913417161825478 5
10 -0.5 3.613946018757869e-15 5
11 -0.4619397662556449 -0.1913417161825411 5
12 -0.353553390593276 -0.3535533905932715 5
13 -0.1913417161825472 -0.4619397662556424 5
14 -2.312294559186364e-15 -0.5 5
15 0.1913417161825429 -0.4619397662556442 5
16 0.3535533905932731 -0.3535533905932745 5
17 0.4619397662556433 -0.1913417161825452 5
18 0.5 -1.224646799147353e-16 0.2
19 0.5 -1.224646799147353e-16 0.4
20 0.5 -1.224646799147353e-16 0.6
21 0.5 -1.224646799147353e-16 0.8
22 0.5 -1.224646799147353e-16 1
23 0.5 -1.224646799147353e-16 1.2
24 0.5 -1.224646799147353e-16 1.4
25 0.5 -1.224646799147353e-16 1.6
26 0.5 -1.224646799147353e-16 1.8
27 0.5 -1.224646799147353e-16 2
28 0.5 -1.224646799147353e-16 2.2
29 0.5 -1.224646799147353e-16 2.4
30 0.5 -1.224646799147353e-16 2.6
31 0.5 -1.224646799147353e-16 2.8
32 0.5 -1.224646799147353e-16 3
33 0.5 -1.224646799147353e-16 3.2
34 0.5 -1.224646799147353e-16 3.4
35 0.5 -1.224646799147353e-16 3.6
36 0.5 -1.224646799147353e-16 3.8
37 0.5 -1.224646799147353e-16 4
38 0.5 -1.224646799147353e-16 4.2
39 0.5 -1.224646799147353e-16 4.4
40 0.5 -1.224646799147353e-16 4.6
41 0.5 -1.224646799147353e-16 4.8
42 0.4619397662556436 0.1913417161825444 0
43 0.3535533905932744 0.3535533905932731 0
44 0.1913417161825461 0.4619397662556429 0
45 1.695950706916419e-15 0.5 0
46 -0.1913417161825426 0.4619397662556443 0
47 -0.3535533905932717 0.3535533905932758 0
48 -0.4619397662556421 0.1913417161825478 0
49 -0.5 3.613946018757869e-15 0
50 -0.4619397662556449 -0.1913417161825411 0
51 -0.353553390593276 -0.3535533905932715 0
52 -0.1913417161825472 -0.4619397662556424 0
53 -2.312294559186364e-15 -0.5 0
54 0.1913417161825429 -0.4619397662556442 0
55 0.3535533905932731 -0.3535533905932745 0
56 0.4619397662556433 -0.1913417161825452 0
57 0.4697014546847579 -0.1714075362025321 2.500011099418528
58 0.4649785561301416 -0.183834007569679 1.700287440135039
59 0.4699999999999219 -0.170587221092535 3.3
60 0.4688584033799453 0.1737003096715964 3.69602410664573
61 0.4696642179665038 0.1715095401483905 1.298973802554634
62 0.4664707373423879 -0.1800140305733111 1.097299299277696
63 0.4691490341451722 -0.1729138044247828 3.897485248528367
64 0.4700000000000736 0.1705872210921171 1.9
65 0.4696413164338495 0.1715722410481394 3.097687007236553
66 0.4698223457868866 0.171075899527979 2.498487087401616
67 -0.4903926402016146 0.09754516100806734 0.168679797089041
68 -0.4900993190433904 0.09900837072290911 4.841296569626914
69 -0.1032959695814538 0.4892135961604372 0.1678159830488135
70 -0.1017672859090753 0.4895338798476572 4.814047410620566
71 -0.2753636034612574 -0.4173426480589197 0.1823054572229205
72 -0.2744968049520897 -0.4179132733846754 4.819607715540362
73 0.4700000000000062 0.1705872210923026 0.7
74 0.4688725550048692 0.1736621062961228 4.296559933839011
75 0.4686724704448683 -0.1742013646533921 0.6966092758765859
76 0.4681388050695598 -0.1756304620162594 2.100134288263232
77 0.4688743128577244 -0.1736573601728323 4.295696042289788
78 0.4699224710140812 -0.1708006769190917 2.899657054007361
79 0.2897715131372093 0.4074708212549362 0.1834291203217934
80 0.277785116509802 0.415734806151272 4.831320202910995
81 0.2777851165097998 -0.4157348061512735 0.1686797970890062
82 0.282762946384813 -0.4123652703026522 4.81838222380629
83 0.4700000000000013 0.1705872210923161 0.3
84 0.4700000000000014 0.170587221092316 4.699999999999999
85 0.472328772410358 -0.1640290546010805 0.3009635583142239
86 0.4722229502353197 -0.1643334575521699 4.69652655214051
87 0.4701044173508676 0.1702992565667898 0.4994774441129067
88 0.384246142802513 0.3199295262106809 0.5994793677425578
89 0.3839558630927852 0.3202778406269693 0.7984738006526829
90 0.2530087878538492 0.4312615833444082 0.6982917928001251
91 0.2522909804607332 0.4316818981358402 0.8967558499161693
92 0.09168873568220554 0.4915212871778786 0.7969142701654208
93 0.09093049163063588 0.4916621255413222 0.9951715643507986
94 -0.08045004103304315 0.4934853502362372 0.8954817867750491
95 -0.0811320254525239 0.4933736864142341 1.093593451022808
96 -0.24286067722787 0.4370568515152466 0.9937890422187504
97 -0.2435543579711887 0.4366706707728859 1.192045073088028
98 -0.3766142979320738 0.3288794164935396 1.092165640853609
99 -0.3772281490770892 0.3281751415690612 1.290508607235301
100 -0.2441786938636806 0.4363218599417487 1.390400786350081
101 -0.3778176323191988 0.3274963155650987 1.489065823968746
102 -0.3760909560286522 0.3294777576612029 0.8941702429727061
103 -0.465421496261735 0.1827096899934094 0.9923556119325521
104 -0.4662659808367804 0.1805437207834023 1.388986467762978
105 -0.4666361763822242 0.1795847401406304 1.587750082321599
106 -0.3783475564346493 0.3268839649477011 1.687888628017274
107 -0.4669821112651374 0.1786832609909357 1.786527887752879
108 -0.3788932687751771 0.3262512695406125 1.886814911599576
109 -0.467330162537215 0.1777709739607121 1.98559243585373
110 -0.3794349252219939 0.3256211564407017 2.085952790384618
111 -0.4676706516395243 0.1768732924866349 2.184835378758577
112 -0.3799816364965962 0.3249830086717898 2.285210104034329
113 -0.4679969007376793 0.176008241000036 2.384140668242368
114 -0.3805391487854304 0.3243300113181944 2.484551720589899
115 -0.4683287544705392 0.1751233215082257 2.583519884670031
116 -0.3811050721556341 0.323664832778059 2.683996034442637
117 -0.46864057196744 0.1742871604738303 2.782959699630966
118 -0.3817092326097379 0.3229521044063423 2.883428632758013
119 -0.4689421471524409 0.173474097847657 2.982257934172525
120 -0.3823382231153164 0.3222072052965646 3.082725925791504
121 -0.4692189348066272 0.172724031966991 3.181454744336854
122 -0.3829940544671193 0.3214273700897876 3.281780622733053
123 -0.4694601029416619 0.1720674627755179 3.38042864980169
124 -0.3836351170274719 0.3206619668487641 3.480556135058157
125 -0.4696956865445288 0.1714233415887806 3.579034865831986
126 -0.3843014126648246 0.3198631335803176 3.67894933650254
127 -0.4699434600428306 0.170742918924834 3.777250175635198
128 -0.3847918960628877 0.3192729188708742 3.877149881919667
129 -0.4700336546718194 0.1704944675813642 3.975347208249057
130 -0.4999948857923978 0.002261455603602787 3.677713990770905
131 -0.4999894241138013 0.00325204156636657 3.280305113800663
132 -0.4999776829446071 0.004724040362013408 2.88175627994086
133 -0.4998660328128789 0.0115736441933347 1.487612155788925
134 -0.4999603178592822 0.006299251228958268 2.483031539739413
135 -0.2455008572692305 0.4355793028600795 1.7875324771329
136 -0.4999307816487324 0.008319468738291194 2.084491236486765
137 -0.2469998153048152 0.4347310562168146 2.18592343084903
138 -0.2479716835444803 0.4341774339600299 2.584990820734454
139 -0.2497474404165397 0.4331584190632648 2.983963632428331
140 -0.2520191705523041 0.4318406392109578 3.382217030809601
141 -0.2540641122739924 0.4306407166704376 3.778849545645414
142 -0.2549521509840325 0.430115566689483 3.976849739008891
143 -0.465016663461455 0.1837375919706575 0.7944511771301026
144 -0.4997612042203127 0.01545117329728889 0.8926661435961241
145 -0.09429449905789 0.4910280515891344 3.878629438471932
146 -0.09535372383320989 0.4908234584360653 4.07652627353965
147 -0.2555964305865732 0.4297330155706018 4.174512593478167
148 -0.3753824273327102 0.3302847759885438 0.6963687759672904
149 -0.4997311007940263 0.01639594154633079 0.6950426861431745
150 -0.4758364254410486 -0.1535568175740998 0.7930404461742572
151 -0.4755758760958799 -0.1543618672977114 0.9905534058521309
152 -0.3957990177821359 -0.3055210917804144 0.8909859400193902
153 -0.3951538487211212 -0.306355081304171 1.088871533998546
154 -0.2686846925825787 -0.4216734945094429 0.9890988934508946
155 -0.2677818152980232 -0.4222474385898574 1.187425637668605
156 -0.269622393868684 -0.4210745358300834 0.7910986538602449
157 -0.1108436057966278 -0.4875589144441949 0.8891546038378058
158 -0.1118910966756491 -0.4873195896788067 0.6911038457434546
159 -0.09654923817332646 0.4905896906867798 4.274015939509976
160 -0.2564512967196658 0.4292234061777176 4.371788356033226
161 0.07651098330683392 0.4941113937498521 3.978592458692838
162 -0.4761602375015634 -0.152549756546691 0.5956950004248822
163 0.07766862821384017 0.4939307483761061 3.780445236528842
164 0.0900472158406309 0.4918246627807016 1.193261911115714
165 0.0598157715867299 -0.4964091794774591 0.7891344650944387
166 0.06127835519153346 -0.4962307559845724 0.9874594091365195
167 0.05858706234613011 -0.496555692874073 0.5912852925753761
168 0.0925284802496049 0.491363898086437 0.5987760507048749
169 -0.3855396740420051 0.3183695333093047 4.272440695966454
170 -0.3861620963021456 0.3176142871149414 4.469193931813271
171 -0.4705201817741074 0.1691471505620505 4.370361628520627
172 0.224958726999335 -0.4465350726951229 0.8872375096620101
173 0.2397783759958467 0.4387554334760931 3.880468204380557
174 0.2384096877192598 0.4395006493756352 4.078479074909669
175 -0.3945400661726143 -0.3071451386307606 1.287295953022618
176 -0.2669666974151915 -0.4227632700119838 1.386012971321748
177 -0.108478000745789 -0.4880906917307444 1.285910811843607
178 -0.1074318565610547 -0.488322021002376 1.484538085542323
179 -0.2662366633342616 -0.4232233914809519 1.584764952710396
180 -0.1081731180341229 -0.488158351905174 1.683591556152182
181 0.06217647820413542 -0.4961190235801593 1.381501227823131
182 -0.2654039425850779 -0.4237460881946837 1.783606654275178
183 -0.1076139179628441 -0.4882819315320671 1.882162434126965
184 -0.2646750802256226 -0.4242017231312954 1.982740447131968
185 -0.1054182605026594 -0.4887606677634703 2.081448840196122
186 -0.2640023175798907 -0.4246207440910612 2.182018159935855
187 -0.1042095349925489 -0.4890198082047769 2.280588950456262
188 -0.2633861223024277 -0.4250032359623754 2.381012049407988
189 -0.1029027237425424 -0.4892964637582883 2.479861603744504
190 -0.2626229460527333 -0.4254752498166998 2.580215949064629
191 -0.1019382055724189 -0.4894983168966726 2.679129436047731
192 -0.2618605202263761 -0.4259449118686262 2.7795288257282
193 -0.1010491509113975 -0.4896826207862452 2.878335005064866
194 -0.2610511593752845 -0.4264414287904258 2.978774301766377
195 -0.1001711399054559 -0.4898629836291385 3.077526073892731
196 -0.2602843292975405 -0.4269099060951028 3.177947738118719
197 -0.09876546810284983 -0.4901483268465016 3.27655376460438
198 -0.259346948437718 -0.4274800116216472 3.376998336642513
199 -0.0977592881363287 -0.4903499990650334 3.475640358508058
200 -0.2586159583121418 -0.4279226403291751 3.575931530430801
201 -0.09750484363675549 -0.4904006581025069 3.674463748012879
202 -0.2577075125047759 -0.4284703466969456 3.774557114189137
203 -0.09682615020978692 -0.4905351125409391 3.873064924100334
204 -0.2568715406903791 -0.4289720405613295 3.973172278739731
205 -0.09610071472788656 -0.4906777482511199 4.071403352511525
206 -0.2557664449198157 -0.4296318489743037 4.171307971148987
207 -0.0951603016346704 -0.4908609955912148 4.269428830146149
208 0.07409211755066858 -0.494479886463401 3.574396094810409
209 0.07570978370550178 -0.4942347910166444 4.169709636486178
210 0.07647684867516566 -0.4941166781406147 4.367639772779192
211 0.06701174050699578 -0.4954890782189079 1.988957618837518
212 0.06923823745551669 -0.4951828616521916 2.379391200234342
213 0.07106018091580341 -0.4949246919362715 2.777964751346942
214 0.07400161554501827 -0.494493438679147 3.178148712034602
215 -0.2548276672820456 -0.4301893303971997 4.368854506096234
216 -0.3851857899791772 -0.3187975959729264 4.27114804002678
217 -0.3845449803548228 -0.3195702709638507 4.46811912196961
218 0.2255711049457049 -0.446226037579133 1.084401590479018
219 -0.3871108922390386 -0.3164571963313451 3.874840792277722
220 -0.3883960356780546 -0.3148785789309449 3.47747005583395
221 -0.3930290586490198 -0.3090762997343299 1.68506649414637
222 -0.3924204426291977 -0.3098486666208273 2.28205709604612
223 -0.3897671294242399 -0.313179796315771 3.079363152921439
224 -0.3912655737656804 -0.311305719166566 2.680639496117828
225 -0.1002031770459821 0.4898564313244153 4.466801946854146
226 0.07337045285871652 0.4945874812885045 4.373726464394966
227 0.2407864301679405 0.4382030294817455 3.681902101854866
228 0.07862888879925919 0.4937787944476694 3.5819121651605
229 0.2417013819599966 0.4376990312516442 3.483045575833271
230 -0.1127620150072522 -0.4871188027283532 0.493552560363593
231 0.07957973277720427 0.4936264439139265 3.383112973410769
232 0.2425729327270789 0.4372166194327293 3.283888246478759
233 0.08060323682299124 0.4934603512073252 3.183973537110379
234 0.2434403991610419 0.4367342121431667 3.084500426718023
235 0.08148809603444765 0.4933150009929564 2.984614614544949
236 0.2443260366141216 0.4362393698790091 2.885056536299997
237 0.08241011108656575 0.4931618127863307 2.785072363567717
238 0.2450929941515699 0.4358089308605533 2.68542830232258
239 0.08327615603912715 0.4930163099080465 2.585468159741082
240 0.2458897591424005 0.4353598814186859 2.48581215956641
241 0.08383636625624584 0.4929213564991363 2.385405268778748
242 0.2466191875065335 0.4349470960399865 2.286026667381024
243 0.08499585059864842 0.49272274696934 2.185854354763726
244 0.2473826880070199 0.4345132974655913 2.086385357864657
245 0.08584221867645488 0.4925759976822903 1.986755704079544
246 0.2481270366786632 0.4340886702841544 1.886957560184666
247 0.08656389366040985 0.4924496850586355 1.786992715466041
248 0.2488614444070825 0.4336680544928581 1.687472729544808
249 0.0876133065657993 0.4922640638037752 1.587459735935736
250 0.2491230967722168 0.433517799697568 1.489964474748796
251 -0.4997079673692145 0.01708646680060198 0.4963972089214229
252 -0.4758079339262141 -0.1536450780626163 0.4014462500668203
253 0.3834666782370088 0.3208633769719978 0.9988490814154164
254 0.05981720831739017 0.4964090063537465 4.545723723810575
255 0.2375028478100986 0.4399913604630131 4.473807152934438
256 -0.499830369621429 0.01302311806387522 1.288738762883089
257 0.2413548812516595 -0.4378901931945923 4.273344185923853
258 0.2377878048890925 -0.439837424335432 4.070017017235359
259 0.2389971800151483 -0.4391814521866865 4.466052619451734
260 0.07509871779593282 -0.4943280111276386 4.573965543693598
261 0.3738342498792196 0.3320360727650554 3.980690606562511
262 0.3764653354823535 0.3290499220181628 3.384317349756861
263 0.3785685747430867 0.3266279752516431 2.785936100613411
264 -0.4699529447232358 -0.1707168115504717 4.370323388240088
265 -0.4705129080024367 -0.1691673827990803 4.172544911708615
266 -0.4693970201686965 -0.1722394770566502 4.567361236098215
267 0.3805221137009226 0.3243499976639158 2.187930557506349
268 -0.3969776925707091 -0.303988012265674 0.4964693849259369
269 0.3817941191634023 0.3228517470484584 1.591933134581542
270 0.05470240753815895 -0.4969986384383052 0.397787631558884
271 0.2221239464022127 -0.4479519532658686 0.4925875916257265
272 -0.4688811892004328 0.1736387929409437 4.554678351604598
273 -0.3756080002129873 0.3300282263322343 4.666441774464378
274 -0.2542786535838736 -0.4305140721643979 4.565927164496135
275 0.3635976487348249 -0.3432153111889196 0.9854411039326388
276 0.3767223197832135 -0.328755674897262 4.189482876694511
277 0.3778959660751846 0.3274059236240282 4.188815498104843
278 -0.1110535800990913 -0.4875111304854226 0.3028581076672088
279 0.369033199391645 -0.3373640433519351 0.7905138339419796
280 0.3629462190043918 -0.3439041176118949 1.188196879637565
281 0.4603289458274207 -0.1951851982948901 1.295134974503092
282 0.3551175844484539 -0.3519822455969835 1.385326483216602
283 -0.4001887737731931 -0.299748136517824 0.3060696421840468
284 -0.4829447966487078 -0.1294771153136271 0.1908246090342124
285 0.07318150112644232 -0.494615474781047 0.1902299779512304
286 0.4573259378247865 -0.2021212175717323 1.494441864105153
287 0.3590050297764288 -0.3480163625395011 1.593160762838503
288 0.3693436385163353 -0.3370241485227945 1.795691263892809
289 0.2234723781205235 -0.4472807800667918 1.699206054720765
290 0.4658802995188316 -0.181536625836892 1.898293795076101
291 0.3752570074634583 -0.3304272663530811 1.999289426320073
292 0.3778514759193552 -0.3274572676633776 2.203218530185034
293 0.241492563307349 -0.4378142778247942 2.100598642000379
294 0.4651468210090373 -0.1834078376329285 0.8965418285916262
295 0.3708185633269739 -0.3354006456346187 0.591647750350923
296 0.3767029174043183 0.3287779068293297 0.3656257534694058
297 0.4681566347849496 -0.1755829299984236 2.30005086693726
298 0.3802167942767488 -0.3247078523071354 2.401354696832789
299 0.381947199741155 -0.3226706317747097 2.601186684325452
300 0.2489211269118507 -0.4336338000858954 2.504371364994562
301 0.2536339643458387 0.4308942006226283 0.4995307022597433
302 0.09585656168386936 0.490725503292978 0.3983689510324927
303 -0.08946877240800563 0.4919302173721437 0.4876292400761292
304 0.4698354306488932 0.1710399605559153 4.49924262772553
305 0.3729771509701595 0.3329985658440331 4.631256715502758
306 0.3824389511901755 0.322087641198104 4.399406625253123
307 0.4701034889432754 -0.1703018193777146 4.500517905536879
308 0.3745129848924355 -0.331270318843929 4.627350578460907
309 0.3845074182025874 -0.3196154648122968 4.401383576545268
310 0.4694238379730651 -0.1721663740183823 4.100263244846001
311 0.4698088527875384 -0.1711129505398614 2.700013235275367
312 0.4679975870497161 0.1760064161206727 4.094548968263052
313 -0.09603272034105542 -0.490691060264905 4.473854262707389
314 -0.3860771959202821 -0.3177174826639732 4.073057322719452
315 0.3827119129566808 -0.3217632540875947 2.800507123945156
316 0.3834153111646681 -0.3209247562350102 2.999541896413236
317 0.2503145786036845 -0.4328309274283203 2.898128165785818
318 0.469957690295243 -0.1707037472709973 3.099704023889041
319 0.3835164518880289 -0.3208038826623164 3.199038717000044
320 0.3836971807739791 -0.320587700116677 3.399548215081228
321 0.2513775333886707 -0.4322144556900286 3.298228996822184
322 -0.2703312729102456 -0.4206197842312298 0.593542825275708
323 -0.2721073836034788 -0.4194729690796169 0.3945663769234095
324 -0.4701578455008471 0.1701516979462785 4.173050309287932
325 -0.3851752628328323 0.3188103149235586 4.074820317277834
326 -0.2422424860020456 0.4373997919244461 0.7958930478161916
327 -0.0821555008025176 0.4932042920412266 0.6948013050383708
328 -0.2487286944770667 0.4337442063517783 0.6109625095667275
329 -0.3746559079894438 0.3311086688816912 0.498983991162409
330 -0.4642082838184412 0.1857704746033059 0.5863170351832822
331 -0.2511048977259832 0.4323729065725829 4.548646945556946
332 0.4700624744761497 0.1704149937339995 0.8996874597926359
333 0.4690597962876226 0.1731557319484802 1.098819555228062
334 0.3824028965364811 0.3221304467455836 1.195885030352395
335 -0.3963785060522395 -0.3047688959519897 0.6935486204503989
336 -0.3876500427382676 -0.3157965236746904 3.676190907769474
337 0.4698669546080313 -0.1709533414922746 3.699691868066204
338 0.37852944358048 -0.326673323585891 3.792147818118093
339 0.3832213847037753 -0.3211563019866199 3.599108195752875
340 0.2498637743204654 -0.4330913232591153 3.696407205822284
341 0.2500134647961131 -0.4330049277094231 3.495154009264878
342 0.4699597933404298 -0.1706979573498772 3.499625602084373
343 -0.4999977118565968 0.001512659303210886 3.875854649330706
344 -0.4999989640031076 0.001017838798206643 4.073147321393845
345 -0.4999994768239659 -0.0007233088969577083 4.271596042523167
346 -0.4999941753668262 -0.002413420652811485 4.466713723908706
347 -0.4999919109740297 0.002844109797106004 3.47916118595041
348 -0.4999834561677999 0.004067377349320267 3.081168910618731
349 -0.3888601318552166 -0.3143052622110287 3.278603038629254
350 0.4691839999587439 0.1728189057444623 3.495857145182374
351 0.4689207940290492 0.1735318095542313 3.293753257400431
352 0.2259577585171633 -0.4460303704523934 0.690493843444284
353 0.3653862784606042 -0.3413105147995148 0.361980894451342
354 -0.3902381406519231 -0.3125926959807761 2.880047973142017
355 -0.4999713872323938 0.005349013826468185 2.682507675027068
356 -0.4657988295182234 0.1817455650613049 1.19056104375373
357 0.07382460976186159 -0.4945198954476037 3.973354780833692
358 -0.2488124179592884 0.4336961847529355 2.784587428909823
359 -0.4708723549418715 -0.1681642808431569 3.974625917016984
360 0.4699999999999785 0.170587221092379 1.7
361 0.4698045938040263 0.1711246435807358 2.698201679702047
362 0.4692361084201345 0.1726773712874034 2.894708061838023
363 0.4696890272497192 0.1714415867904068 2.29696498209386
364 -0.4999144489797271 0.009248983798005494 1.885575766116748
365 -0.473618064305064 -0.1602683036783139 1.984708997854885
366 0.2516855989345355 -0.4320351366370149 3.099126876716323
367 -0.4999469646875584 0.007282341635574886 2.283792840419713
368 -0.4997855683868921 0.01464191354267431 1.090451610090036
369 -0.3918399246278162 -0.3105824745018098 2.481513621988134
370 0.07167951972095823 -0.494835373081364 2.58270922951117
371 -0.2532065351860953 0.4311455097053113 3.580652303314992
372 0.07499799771553955 0.4943433021076142 4.17616459312089
373 0.07292094290938671 -0.4946539558976618 2.978895379930846
374 0.07833893065230896 -0.4938248798352031 3.37782602911021
375 0.3779235612702922 0.3273740701961286 2.985539897463812
376 -0.2510457900885009 0.4324072285228825 3.183157821965811
377 -0.2476500381548532 0.4343609773010229 2.38515889834216
378 0.3799714027916187 0.3249949739004736 2.387512208761051
379 0.3790647685578547 0.3260519916181774 2.586488765242462
380 -0.4998880580152663 0.01057967172107896 1.68661304211662
381 -0.393781770290279 -0.3081167268861817 1.486049406010632
382 -0.1096181858748013 -0.4878358876974074 1.087543824055554
383 -0.2448264341800286 0.4359587332841173 1.588047791262535
384 0.06014918612775919 -0.4963688904516158 1.582685544053156
385 0.07471186728880493 -0.4943866269289856 3.777435343462085
386 -0.2464344316754367 0.4350518025302327 1.986890800442672
387 0.3756529795334291 0.3299770279393054 3.583402482766914
388 0.3783096296461783 0.326927857664304 3.187987203631625
389 -0.08171417220316148 0.4932776034457191 1.290896989082059
390 -0.09330552066661273 0.4912169376285108 3.680647690911501
391 0.06157808427498082 -0.4961936512461877 1.184121433153431
392 0.2514612450894373 0.4321657578037273 1.094951717572751
393 0.3749574027876736 0.3307672083123149 3.783440384715997
394 0.2373672951853549 0.4400645034269279 4.277221497779068
395 0.4674409454679144 0.1774794706439656 3.898723097039826
396 -0.09207085981185303 0.4914498517382075 3.481940683838311
397 -0.4999667051270809 0.005770074901645775 4.680373171847354
398 -0.4670717214926514 -0.178448891792275 4.772767327700771
399 -0.387646179697388 -0.3158012656181422 4.672391363005691
400 -0.104952389046096 -0.4888609168603243 4.695253041803097
401 0.08688647854397016 -0.4923928714413199 4.80271991810659
402 -0.4751297774738591 -0.1557295558256077 1.188994016012793
403 0.2444998843449098 -0.4361419568848264 2.700334844341426
404 0.08906316835561955 0.4920038130365034 1.390085301410617
405 0.2502057911064586 0.4328938231215493 1.293317859254355
406 -0.4712465717682817 -0.167112742173186 3.776274593606333
407 -0.4715282590442353 -0.1663162677632965 3.57769777276307
408 0.4695653312944995 0.171780090948535 2.09549136384541
409 0.3807590482970907 0.3240718240450622 1.987330106501947
410 -0.4748234753927124 -0.1566609945582699 1.387486615857711
411 0.2418742650702616 -0.4376035190634564 2.294912525024674
412 -0.08274711158797794 0.4931053797352516 1.488834811541529
413 0.3814997271720935 0.3231995639966401 1.790030622497656
414 -0.4717764666261249 -0.1656108859277337 3.37893250783599
415 0.4696632359688593 0.1715122292411232 1.497920982287869
416 -0.474360337640405 -0.1580578061143485 1.586620201546946
417 -0.4160116698595846 0.2773703130124779 0.1645631956047927
418 -0.4624020154238201 0.1902219128596629 0.3632405068794941
419 0.1064222507953058 0.4885430426642682 4.839862517164593
420 -0.2870798252472441 0.4093716818931322 4.840241844053552
421 -0.09096308184611546 0.4916560970241871 3.283208530240633
422 0.09991864202886178 0.4899145486460962 0.2066828666671602
423 -0.4739281148181065 -0.1593491198123028 1.785279492371637
424 -0.2777650542634407 0.4157482106155453 0.1640243865524194
425 -0.1932169031854062 0.4611585717770422 0.3134317035923523
426 -0.4720303365855652 -0.1648859040152251 3.179770041215511
427 -0.3919756692300328 -0.310411138221018 2.082802058882353
428 -0.3923251442068268 -0.3099693230355103 1.884087733955427
429 -0.08987774953213118 0.4918556598627686 3.083927066359187
430 -0.4738779289299286 -0.1594983024144193 2.183154323308827
431 -0.08395985309096504 0.4929003378665342 1.686360271264467
432 -0.08885956466646533 0.4920406261349629 2.884609800284581
433 -0.4735433352100834 -0.16048897058088 2.382573161563865
434 -0.4724327896151477 -0.1637292255415923 2.980541870636897
435 -0.08565318220673888 0.492608904078945 2.086250925137922
436 -0.0864089063212729 0.4924769039339423 2.285940092005434
437 -0.4728045431954085 -0.1626525866187842 2.781171092065096
438 -0.08482058533772373 0.4927529485482212 1.886579250380235
439 -0.08792665364863081 0.4922081912952625 2.685082939925039
440 -0.08716721051604807 0.4923432516150201 2.485319204480378
441 -0.4731771366740632 -0.1615654583409923 2.581859722198182
442 0.3822407593028032 0.3223228225360663 1.394474097600237
443 0.06846289317291158 -0.4952906543216766 2.185460945397466
444 0.4681569378511503 -0.1755821219311186 0.4927919906522975
445 0.2231397202045489 -0.4474468295418302 1.281709011685631
446 0.413363833004727 0.2813011581270867 0.1673851678455591
447 0.4125704993871806 0.2824634189331645 4.833484812564135
448 0.411221212903379 -0.2844241798059263 0.1642049664508733
449 0.4131279687173935 -0.2816474417839444 4.831817249838406
450 0.2335446155322682 -0.4421050922075938 4.652174273900653
451 -0.415734806151271 0.2777851165098036 4.844040697865418
452 0.1961491351073558 0.459919032870609 4.668966524009871
453 0.2333849540369396 -0.442189397463548 3.884143361980886
454 0.3742298571747126 -0.3315901295258865 3.988085358966509
455 -0.3507918894099371 0.3562934890286468 0.3249636545997936
456 -0.1026768749781641 0.4893439070272751 4.631718590812464
457 0.2225052393345561 -0.4477626809691401 1.489432610788663
458 0.05395857793909659 -0.4970799451464427 1.783515933065568
459 -0.4999641058033611 0.005991069040287648 0.3205456499424803
460 0.2340461271873275 -0.4418398016799905 1.897462829778689
461 0.2074616127010131 -0.4549282132990818 0.3229438754781865
462 0.2352890920211207 0.4411791508853026 0.3370846682753278
463 -0.3993094088030419 -0.300918587065281 4.847264608147004
464 -0.09754516100806651 -0.4903926402016148 0.132025903895811
465 -0.4097041674822564 -0.2866051205887138 0.1391954278738075
466 -0.09885628362272167 -0.4901300186565846 4.863771134284734
467 -0.038897762244635 0.498484667860868 0.3153538045868967
468 0.4782231937196521 0.1459540235436356 0.1470763309009316
469 0.4782239222319977 0.1459516365274614 4.852545175730604
470 0.478223922231988 -0.1459516365274934 0.1474548242695543
471 0.4782231937196478 -0.1459540235436495 4.852923669099083
472 -0.4974571389412527 -0.05036263412871898 4.857880877237952
473 -0.4607412175941463 0.1942100162449494 4.716982257918573
474 -0.2586234914849352 0.4279180875496403 0.4540192930426173
475 0.03529259474636041 0.498752877441393 4.692135370232154
476 -0.2317812611996709 0.443032106011167 4.698898260219194
477 -0.0627097287946847 0.3152630961100268 5
478 0.05533867031720698 -0.3202664035739307 5
479 -0.2883534653220133 -0.08361808915135242 5
480 0.3340746794416691 0.06751015065979124 5
481 -0.2672671475943564 0.1785821986401757 5
482 0.1953085435795848 0.2912332548130402 5
483 0.2792747720342928 -0.1802747365457643 5
484 -0.197128399340678 -0.2710182334032047 5
485 0.2106520661450171 -0.3152630961100262 5
486 0.09276698844404234 -0.1376959357467603 5
487 0.2228927954666152 -0.01940171523854835 5
488 0.06304462576590251 0.06574397041179814 5
489 -0.1006345292030333 -0.01930358278090395 5
490 -0.1026050891857488 0.1567734579338612 5
491 -0.07185561660073174 -0.1750693506763057 5
492 -0.3252437553779031 -0.2248828573325924 5
493 0.371878177559365 -0.07397116867516623 5
494 -0.2106520661450165 0.3152630961100271 5
495 -0.08099741236135044 -0.3456587507818167 5
496 0.3099164658007819 0.2077968254985521 5
497 0.07397116867516729 0.3718781775593651 5
498 -0.3552317421972896 0.06843774366724968 5
499 0.04370920140124578 0.2197409943737627 5
500 -0.2228183947004883 0.06017434566180604 5
501 0.1948243852426332 0.1387705800863993 5
502 -0.06270972879468467 0.3152630961100268 0
503 0.05533867031720698 -0.3202664035739307 0
504 -0.2883534653220133 -0.08361808915135242 0
505 0.3340746794416691 0.06751015065979124 0
506 -0.2672671475943564 0.1785821986401757 0
507 0.1953085435795848 0.2912332548130402 0
508 0.2792747720342928 -0.1802747365457643 0
509 -0.197128399340678 -0.2710182334032047 0
510 0.2106520661450171 -0.3152630961100262 0
511 0.09276698844404234 -0.1376959357467603 0
512 0.2228927954666152 -0.01940171523854835 0
513 0.06304462576590249 0.06574397041179812 0
514 -0.1006345292030333 -0.01930358278090395 0
515 -0.1026050891857488 0.1567734579338611 0
516 -0.07185561660073174 -0.1750693506763057 0
517 -0.3252437553779031 -0.2248828573325924 0
518 -0.2106520661450165 0.3152630961100271 0
519 -0.08099741236135044 -0.3456587507818167 0
520 0.371878177559365 -0.07397116867516623 0
521 0.07397116867516729 0.3718781775593651 0
522 -0.3552317421972896 0.06843774366724968 0
523 0.3099164658007819 0.2077968254985521 0
524 0.04370920140124579 0.2197409943737627 0
525 -0.2228183947004883 0.06017434566180602 0
526 0.1948243852426332 0.1387705800863993 0
527 -0.000169073954366189 0.0001921008036975258 0.8446672753648745
528 8.292094145691264e-05 -0.0002165733167153738 1.439606743179625
529 -0.0002121464048457783 -0.0001149023988130105 3.727740624619516
530 -0.0003757711069137804 4.915389334836373e-06 4.321082540550159
531 7.235323406495908e-05 -0.0003058662920146227 2.034541620363415
532 -7.177933290108962e-05 -0.0002247443462239374 3.225770334208948
533 -0.001496983987981981 -0.0002223433212153987 2.63215390917458
534 -0.01806280138179572 0.07348606979971706 0.4217735571059722
535 -0.005198846921199783 0.1432071369922664 4.651496938269039
536 0.002191571647656806 0.1664362524829507 1.142250399076508
537 -0.1090868649193341 0.1263258958842716 4.024356059985466
538 -0.1432675621253584 0.08350539565621035 2.332961705217042
539 -0.1633838612763738 0.03168155398513851 1.737076072486066
540 0.05189575746531114 0.1585243287735827 2.928836284840306
541 -0.01569015796690135 -0.1700433042015693 1.148930020476582
542 -0.05934198091778482 -0.1597953650808386 2.934636070252533
543 0.1400696741807537 -0.09994233718865396 2.325173752392408
544 0.009394453110056503 -0.1799840930122613 4.0457132247573
545 0.1722472029371901 0.01722221522546066 1.727704737482468
546 -0.106474490783644 -0.1659742482644863 3.476486884797345
547 -0.09227614344992287 0.1729673025893311 3.476691829583058
548 -0.05138923047285229 -0.1903679530755185 0.595630643294277
549 0.192858111361338 -0.0181815158044164 3.47681338980302
550 -0.1522812854131697 -0.1272477978128571 4.570291189652771
551 0.02528413746968678 -0.2060894314323801 0.2961267908350023
552 0.1883328560960173 0.06050960009567542 3.966343250427114
553 0.1745842024386289 -0.09697887358274539 4.708591207372794
554 0.1974182991332819 -0.01770224497955433 0.6150285690259968
555 -0.007832163649539743 -0.2087484229753545 1.652977859024865
556 0.2149175352412903 0.06075962040329988 0.2677328686548973
557 0.1198718236045602 0.1751596268091509 2.428823767535014
558 0.2014792479860065 -0.0741828518967222 2.830815485823549
559 -0.2154666699198663 0.007147210045881921 1.037726604258483
560 -0.1127045568181303 -0.1844635038115951 2.438389712987158
561 -0.2035553649433369 0.06730638425304164 2.828000903371979
562 0.2112217444007555 -0.01534628230765092 1.046907741252543
563 0.01635879095110247 0.2223738055994343 1.854175819234542
564 -0.2086400560256517 0.05297824315378102 0.6444599615847595
565 -0.2279412431883091 -0.0243212585317451 0.2659512584418183
566 -0.214633587776413 -0.09403236219831371 3.88430959281692
567 0.02240596350517578 0.22129586859396 0.6638558333361514
568 -0.04812627055188336 0.2334086804406514 1.583422010635079
569 -0.237861867491392 0.05646120925793766 4.737633255226896
570 -0.1933804133255539 -0.1402967312735635 2.176341428830409
571 -0.2167120173513813 0.1001088183611651 1.298910777973517
572 -0.1398617243814451 -0.1936787722472494 1.895278950294259
573 0.1959144175519418 -0.1444282606095429 3.09695880804337
574 -0.2180025785992249 0.1044254848443302 3.098357870953895
575 0.1027013239990487 0.2191596323661415 4.176083425260363
576 -0.2125036255363869 -0.08037582135017537 4.169414342758083
577 -0.2003659161721515 0.1185062417550923 4.463079032742415
578 -0.02065317227832063 0.2550768517185782 0.243594832050507
579 0.09488688160981142 0.2214700021703439 2.161421546154131
580 0.2113955529583956 0.09010481923280525 1.296339904983128
581 0.2238495767413935 -0.09133643276392822 4.192060505007236
582 0.2349901707198509 -0.02270782781003576 4.454518318489176
583 0.1339343718532673 0.2022512194198306 3.615995601348069
584 0.1331149722993019 0.2008522023440193 3.338095645655733
585 -0.2418668609458368 0.009378314325882001 3.620834883248016
586 -0.1387527502914896 0.2173921019073755 0.8947843324173084
587 -0.1765217881499342 -0.1772130168767763 1.357222762761415
588 0.1307849933203521 -0.1916725636537905 1.894731164360923
589 -0.1521377236072176 -0.2086071821816502 0.8901882314096807
590 -0.06457515507659574 0.2487766839325948 3.781577551417741
591 -0.2349125710309548 0.1060403920529738 2.085290222807203
592 0.02784354552829868 0.2558699683784915 2.685204551340949
593 -0.2241536315171768 -0.1456904037667813 3.148001393475437
594 -0.2584319179496677 -0.01164689248668309 2.582699784533669
595 0.2508559921311244 0.01403037164372138 2.114767542372023
596 -0.03997109549215543 -0.2549133217033254 3.773728353854084
597 0.1041049528978416 -0.215125983179191 3.330635868158838
598 0.2456563570982667 -0.04905819431539743 2.559665761442877
599 0.1363604148696623 -0.2147550593983149 0.7783691546384336
600 0.09904404459426988 -0.2356644627420498 1.376419677776076
601 0.06373946494486978 -0.2330473061100477 4.44455207122366
602 0.1804083254485735 0.1827591651072477 0.882141256932724
603 -0.1403597804654839 -0.2134701542467405 2.694410853545752
604 0.1894929663227997 -0.1719581111189206 3.685686750958677
605 0.01765627594914025 0.2472113116337759 4.41728152980793
606 0.04068138322082808 -0.2343354916350885 2.130862060337074
607 -0.2601720674607269 0.01566371407654588 3.366448384980876
608 0.2224417663154135 0.1434513728316724 4.752527191487263
609 0.238818024894749 -0.06219887610249075 1.49671158829761
610 -0.0235233954096772 0.2571469071755254 3.148481150746873
611 0.2213224287278076 0.110076283970992 3.11510134284295
612 0.08514782966035322 -0.2425744110910774 2.584325161639832
613 0.1885009895364456 0.179708220867865 1.527527084066435
614 0.1938612326061825 0.1903864520148662 0.4789093654043774
615 -0.2574025404719744 -0.008132945597369646 1.514630206190193
616 -0.1538197575016128 0.2194469472354392 4.245635623522919
617 -0.163598329187501 0.2093826160718052 2.541096057510157
618 -0.02584587197978234 -0.2630746406185935 4.769897351422934
619 0.03623908408974406 0.2599315392943135 1.360479268689267
620 -0.2487625143420573 -0.1180917920562878 0.4838024826062227
621 0.2329036122213748 0.1340255842743778 2.714890175370996
622 -0.01498963059469804 -0.2767788965298493 3.135580824158583
623 -0.1530626608225017 -0.2177171505705378 4.352128426707788
624 0.2334417345376164 0.1472723853470589 1.917876056201375
625 0.2692416993831009 0.04782346043776242 3.740578496193615
626 0.233527581694107 -0.1400414365087038 0.4062569897116074
627 -0.1522109322034812 0.2342196985543878 0.5156071379951518
628 0.2118422628357242 -0.1715220534939507 3.922025068825979
629 0.156541593016639 -0.237810380251865 1.008604853943833
630 -0.2525921060366804 0.1300100318488573 3.843553465163872
631 0.08810899708962178 0.2664610091964528 3.951993334785634
632 -0.1381424020484775 0.2475022901706448 4.798407466551681
633 0.1048050370571502 0.28666660843522 4.823455238767678
634 -0.2303710860733829 -0.1660871368973854 4.779386056581683
635 0.2764306098958713 -0.04067364673092495 0.8287951410842034
636 0.2891035575575062 -0.03711079935635926 3.272960046529005
637 0.004922339536916252 0.001399907317438109 0.2087604870189605
638 -0.08993793064192941 0.2722644523277248 2.045150248114635
639 -0.2910773690835639 -0.03489634880350254 0.8321512381815623
640 0.2193711261043436 0.2014002176926104 1.101627227219024
641 -0.1346519923121048 0.2710592564703886 2.884375160067779
642 0.2162792033394141 0.1972094344242294 4.52670323666368
643 -0.2831754890008157 -0.02594096189102315 1.914166941712973
644 -0.2647751995356595 -0.08740512698534206 2.973969132017228
645 -0.05935309509901873 0.2862785607264094 2.361648390904667
646 0.2487499919805508 -0.128322648235587 1.241650646267144
647 -0.2246295845829018 -0.1676164380974601 1.663978543815642
648 0.01982776845829515 -0.2912286464882998 4.236142927763585
649 0.09240305998983298 -0.2715217528161628 2.808892089219242
650 -0.1903403105367066 0.2163033852623436 3.285162824989389
651 0.2154091586085021 -0.2003461300261912 1.685601723738922
652 -0.02964156698034691 -0.03732053256834986 4.78583049145896
653 -0.2102731358084901 0.1870405988134059 1.883661432065707
654 0.260559623292279 0.1067615125794996 4.27914076143017
655 0.2914564463101461 0.05686445810664012 2.357359128780051
656 -0.2317113876421321 -0.177933619612561 1.148221519797445
657 -0.2149309853568047 0.1872833036027035 0.3130543568172492
658 0.2014842161068611 -0.1397569237175886 0.1949240753737858
659 -0.2900962388989634 -0.0525578203685178 4.368210697011061
660 -0.1909855007926331 -0.235520136123318 0.3086778082567051
661 0.3089982187349318 -0.01498139016929787 4.826818901730251
662 0.0427023552393002 -0.03947282861003718 4.54897375344638
663 0.2274116126115914 0.2148992026495939 0.1657221013382454
664 -0.210793818449402 -0.1979258133054388 3.659632671001475
665 -0.2050393947659706 0.2052230298564318 1.114415136233718
666 -0.279083922103287 -0.0776360236522344 2.360452634811913
667 0.07050016498539982 -0.2791551919607179 3.536919834818937
668 0.1879764655511421 0.2359706630319527 1.73137168086531
669 0.04592950905338433 0.01584101250000049 4.115693677463168
670 -0.2539617564282867 0.1891082821474461 1.58838277060146
671 0.2944491948346746 -0.05491285468785874 1.887111311608576
672 0.151660764158517 -0.2580921695875216 0.5674201133683895
673 -0.191499082124078 -0.2391629904283701 4.03397593433214
674 -0.3076293206322874 0.08318950048619005 4.074149746357525
675 0.2466343903469405 -0.1969227910126187 2.100984155487821
676 -0.2380727831340528 -0.1707441758148557 0.6843549858679938
677 0.03451357031692296 0.2925295345067249 0.9806886959053172
678 -0.1029601528036402 0.2983517621914951 4.569535211828545
679 -0.2115770110289605 0.2129023570639209 3.6407275708724
680 -0.006814247604635658 0.007340588968994899 0.6378712294662034
681 -0.1255252534087898 -0.2856882309215822 3.309549293666005
682 0.00440157590788634 -0.04107538623683612 1.83241673163573
683 0.02588814037798259 0.3016417515942445 0.4382943391624434
684 0.04236205356151232 -0.2885568551607772 2.336553409698066
685 0.2599697301667865 0.1688531257934395 2.918747276928436
686 0.2212441065222965 0.1747423881230631 0.6814395136729262
687 0.02842089732391792 0.0422853182307243 2.231600943702357
688 0.05133494906939501 -0.01808961648036702 3.02976582629754
689 -0.03119743788908506 -0.3174960927966718 1.010862140841337
690 -0.3182423623512596 -0.01127957506513638 4.564499152205918
691 -0.1583680040296125 0.2548938816083591 1.415248988710896
692 -0.039880556081888 -0.310758192796512 0.7571854933143141
693 0.04272226435546649 0.3223386829303483 3.482469881674437
694 -0.00202271487388353 -0.0006114701444906168 3.525992505393631
695 -0.1307075004834929 -0.2910868615841964 1.516616199372875
696 -0.3055388236517384 0.07945258102697955 0.4640516394116774
697 -0.2057339608801144 0.2431530765839462 2.228785380095508
698 0.04144368326133552 -0.002425458789179843 1.243276293772676
699 -0.01203939419558078 -0.01973775053558025 3.927002973815085
$EndNodes
$Elements
2485
1 4 2 1 1 313 601 550 618
2 4 2 1 1 533 543 538 557
3 4 2 1 1 326 586 148 627
4 4 2 1 1 538 543 533 560
5 4 2 1 1 339 604 549 667
6 4 2 1 1 339 549 320 667
7 4 2 1 1 19 554 614 626
8 4 2 1 1 536 541 527 562
9 4 2 1 1 326 567 586 627
10 4 2 1 1 540 542 533 558
11 4 2 1 1 527 541 536 559
12 4 2 1 1 437 594 561 603
13 4 2 1 1 533 542 540 561
14 4 2 1 1 437 603 561 644
15 4 2 1 1 539 545 528 568
16 4 2 1 1 299 558 612 649
17 4 2 1 1 220 407 546 607
18 4 2 1 1 553 601 450 618
19 4 2 1 1 299 558 598 612
20 4 2 1 1 564 148 586 627
21 4 2 1 1 184 570 185 572
22 4 2 1 1 185 572 570 606
23 4 2 1 1 528 545 539 555
24 4 2 1 1 571 587 256 656
25 4 2 1 1 407 585 546 607
26 4 2 1 1 517 565 465 660
27 4 2 1 1 245 579 563 624
28 4 2 1 1 539 555 545 682
29 4 2 1 1 19 614 556 626
30 4 2 1 1 558 573 32 611
31 4 2 1 1 245 244 579 624
32 4 2 1 1 220 414 407 607
33 4 2 1 1 146 537 575 616
34 4 2 1 1 146 537 142 631
35 4 2 1 1 549 583 350 584
36 4 2 1 1 188 187 186 570
37 4 2 1 1 402 256 587 656
38 4 2 1 1 559 571 256 656
39 4 2 1 1 529 625 583 631
40 4 2 1 1 391 541 445 629
41 4 2 1 1 549 597 320 667
42 4 2 1 1 299 315 558 649
43 4 2 1 1 230 548 551 660
44 4 2 1 1 146 575 537 631
45 4 2 1 1 245 246 244 624
46 4 2 1 1 368 559 256 656
47 4 2 1 1 230 548 270 551
48 4 2 1 1 537 590 142 631
49 4 2 1 1 541 600 445 629
50 4 2 1 1 541 562 536 698
51 4 2 1 1 245 563 246 624
52 4 2 1 1 546 585 407 664
53 4 2 1 1 538 557 543 687
54 4 2 1 1 368 256 402 656
55 4 2 1 1 583 625 393 631
56 4 2 1 1 145 142 590 631
57 4 2 1 1 558 611 32 685
58 4 2 1 1 402 256 410 587
59 4 2 1 1 414 349 607 681
60 4 2 1 1 349 414 220 681
61 4 2 1 1 553 582 308 601
62 4 2 1 1 445 541 391 600
63 4 2 1 1 529 552 625 631
64 4 2 1 1 326 148 328 627
65 4 2 1 1 368 256 559 571
66 4 2 1 1 542 558 540 688
67 4 2 1 1 270 551 548 672
68 4 2 1 1 220 546 407 664
69 4 2 1 1 145 146 142 631
70 4 2 1 1 171 324 616 659
71 4 2 1 1 593 607 349 681
72 4 2 1 1 357 596 544 628
73 4 2 1 1 342 320 339 549
74 4 2 1 1 116 561 594 617
75 4 2 1 1 326 328 567 627
76 4 2 1 1 116 561 117 594
77 4 2 1 1 583 590 529 631
78 4 2 1 1 115 116 117 594
79 4 2 1 1 616 659 324 674
80 4 2 1 1 298 598 543 612
81 4 2 1 1 548 551 534 626
82 4 2 1 1 373 622 573 649
83 4 2 1 1 311 299 558 598
84 4 2 1 1 445 629 600 646
85 4 2 1 1 142 146 147 616
86 4 2 1 1 464 551 519 660
87 4 2 1 1 541 587 177 600
88 4 2 1 1 40 608 553 661
89 4 2 1 1 234 610 540 611
90 4 2 1 1 142 537 146 616
91 4 2 1 1 548 626 534 680
92 4 2 1 1 240 557 379 592
93 4 2 1 1 111 591 538 666
94 4 2 1 1 192 354 542 603
95 4 2 1 1 379 592 557 621
96 4 2 1 1 354 194 192 542
97 4 2 1 1 378 557 579 655
98 4 2 1 1 298 612 543 684
99 4 2 1 1 186 185 184 570
100 4 2 1 1 525 565 515 657
101 4 2 1 1 389 95 536 665
102 4 2 1 1 113 594 538 617
103 4 2 1 1 97 665 389 691
104 4 2 1 1 187 606 570 684
105 4 2 1 1 555 572 458 588
106 4 2 1 1 186 570 187 606
107 4 2 1 1 258 581 544 648
108 4 2 1 1 548 554 626 680
109 4 2 1 1 258 544 581 628
110 4 2 1 1 534 626 554 680
111 4 2 1 1 262 350 583 584
112 4 2 1 1 218 391 445 629
113 4 2 1 1 135 568 563 653
114 4 2 1 1 391 541 177 600
115 4 2 1 1 389 97 95 665
116 4 2 1 1 552 393 625 631
117 4 2 1 1 211 588 572 606
118 4 2 1 1 309 582 581 601
119 4 2 1 1 163 583 227 631
120 4 2 1 1 136 367 570 591
121 4 2 1 1 561 617 116 641
122 4 2 1 1 564 586 567 627
123 4 2 1 1 111 367 591 666
124 4 2 1 1 520 505 512 556
125 4 2 1 1 357 453 596 628
126 4 2 1 1 584 610 234 611
127 4 2 1 1 238 240 379 592
128 4 2 1 1 299 315 311 558
129 4 2 1 1 557 621 598 655
130 4 2 1 1 520 18 505 556
131 4 2 1 1 503 519 464 551
132 4 2 1 1 312 575 552 654
133 4 2 1 1 557 66 621 655
134 4 2 1 1 234 611 540 685
135 4 2 1 1 570 591 367 666
136 4 2 1 1 235 540 234 610
137 4 2 1 1 600 629 541 646
138 4 2 1 1 19 554 87 614
139 4 2 1 1 378 579 267 655
140 4 2 1 1 342 549 339 604
141 4 2 1 1 211 572 185 606
142 4 2 1 1 378 557 242 579
143 4 2 1 1 136 367 430 570
144 4 2 1 1 78 32 558 573
145 4 2 1 1 113 538 594 666
146 4 2 1 1 535 633 452 678
147 4 2 1 1 261 552 312 575
148 4 2 1 1 116 594 115 617
149 4 2 1 1 312 552 581 654
150 4 2 1 1 543 598 297 655
151 4 2 1 1 475 452 633 678
152 4 2 1 1 312 552 37 581
153 4 2 1 1 488 632 499 633
154 4 2 1 1 431 563 135 568
155 4 2 1 1 270 548 230 672
156 4 2 1 1 354 542 603 644
157 4 2 1 1 348 574 131 593
158 4 2 1 1 552 625 36 628
159 4 2 1 1 37 581 552 628
160 4 2 1 1 316 573 558 649
161 4 2 1 1 350 583 549 625
162 4 2 1 1 452 642 535 678
163 4 2 1 1 342 35 549 604
164 4 2 1 1 211 183 572 588
165 4 2 1 1 354 603 437 644
166 4 2 1 1 163 590 583 631
167 4 2 1 1 238 592 379 621
168 4 2 1 1 542 593 194 622
169 4 2 1 1 94 586 567 677
170 4 2 1 1 124 125 607 679
171 4 2 1 1 538 591 111 697
172 4 2 1 1 194 593 542 644
173 4 2 1 1 113 538 111 697
174 4 2 1 1 534 551 548 620
175 4 2 1 1 183 555 180 572
176 4 2 1 1 598 621 66 655
177 4 2 1 1 203 544 357 596
178 4 2 1 1 142 147 325 616
179 4 2 1 1 143 564 148 586
180 4 2 1 1 92 94 567 677
181 4 2 1 1 57 297 598 655
182 4 2 1 1 568 653 135 670
183 4 2 1 1 458 572 183 588
184 4 2 1 1 389 95 164 536
185 4 2 1 1 515 565 525 637
186 4 2 1 1 131 593 574 607
187 4 2 1 1 260 601 313 618
188 4 2 1 1 142 325 537 616
189 4 2 1 1 254 642 452 678
190 4 2 1 1 488 490 499 632
191 4 2 1 1 236 540 592 685
192 4 2 1 1 549 604 35 625
193 4 2 1 1 185 211 183 572
194 4 2 1 1 234 235 236 540
195 4 2 1 1 539 563 545 568
196 4 2 1 1 378 242 267 579
197 4 2 1 1 237 540 235 641
198 4 2 1 1 308 582 309 601
199 4 2 1 1 236 540 237 592
200 4 2 1 1 114 538 113 697
201 4 2 1 1 560 594 369 603
202 4 2 1 1 205 357 203 544
203 4 2 1 1 366 373 573 649
204 4 2 1 1 114 113 538 617
205 4 2 1 1 103 586 559 639
206 4 2 1 1 146 372 159 616
207 4 2 1 1 267 595 579 624
208 4 2 1 1 458 555 183 572
209 4 2 1 1 557 592 239 645
210 4 2 1 1 236 592 621 685
211 4 2 1 1 234 540 236 685
212 4 2 1 1 389 536 164 619
213 4 2 1 1 146 575 372 616
214 4 2 1 1 320 597 549 636
215 4 2 1 1 232 234 584 610
216 4 2 1 1 355 561 437 594
217 4 2 1 1 379 557 66 621
218 4 2 1 1 114 617 538 697
219 4 2 1 1 313 550 601 623
220 4 2 1 1 430 570 367 666
221 4 2 1 1 171 616 577 659
222 4 2 1 1 205 544 203 673
223 4 2 1 1 457 600 555 651
224 4 2 1 1 194 193 192 542
225 4 2 1 1 544 596 203 673
226 4 2 1 1 366 573 317 649
227 4 2 1 1 366 573 373 622
228 4 2 1 1 143 564 586 639
229 4 2 1 1 163 227 173 631
230 4 2 1 1 186 185 570 606
231 4 2 1 1 237 236 235 540
232 4 2 1 1 182 180 555 572
233 4 2 1 1 143 586 103 639
234 4 2 1 1 547 124 607 679
235 4 2 1 1 84 40 608 642
236 4 2 1 1 322 548 323 620
237 4 2 1 1 40 86 553 582
238 4 2 1 1 579 595 267 655
239 4 2 1 1 193 192 542 603
240 4 2 1 1 230 323 548 660
241 4 2 1 1 358 116 617 641
242 4 2 1 1 342 337 35 604
243 4 2 1 1 450 553 308 601
244 4 2 1 1 548 323 620 660
245 4 2 1 1 277 261 312 575
246 4 2 1 1 543 570 560 687
247 4 2 1 1 354 194 542 644
248 4 2 1 1 485 553 82 618
249 4 2 1 1 560 570 543 684
250 4 2 1 1 343 566 130 630
251 4 2 1 1 254 452 475 678
252 4 2 1 1 274 313 550 618
253 4 2 1 1 18 556 520 658
254 4 2 1 1 541 527 629 689
255 4 2 1 1 566 585 130 630
256 4 2 1 1 38 312 37 581
257 4 2 1 1 541 589 527 689
258 4 2 1 1 545 563 539 682
259 4 2 1 1 585 607 125 679
260 4 2 1 1 254 605 642 678
261 4 2 1 1 224 369 594 603
262 4 2 1 1 327 567 94 586
263 4 2 1 1 528 568 545 613
264 4 2 1 1 322 230 323 548
265 4 2 1 1 25 609 545 613
266 4 2 1 1 200 664 201 667
267 4 2 1 1 299 598 298 612
268 4 2 1 1 525 515 506 657
269 4 2 1 1 522 67 565 657
270 4 2 1 1 342 320 549 636
271 4 2 1 1 388 584 234 611
272 4 2 1 1 376 574 139 610
273 4 2 1 1 200 546 664 667
274 4 2 1 1 570 572 427 643
275 4 2 1 1 358 617 592 641
276 4 2 1 1 260 450 601 618
277 4 2 1 1 273 569 577 678
278 4 2 1 1 32 611 573 636
279 4 2 1 1 570 606 543 684
280 4 2 1 1 142 590 537 630
281 4 2 1 1 277 575 312 654
282 4 2 1 1 394 642 605 654
283 4 2 1 1 262 350 387 583
284 4 2 1 1 237 592 540 641
285 4 2 1 1 536 559 541 698
286 4 2 1 1 123 124 125 607
287 4 2 1 1 236 592 238 621
288 4 2 1 1 453 604 596 628
289 4 2 1 1 452 633 535 642
290 4 2 1 1 368 559 356 571
291 4 2 1 1 520 556 512 658
292 4 2 1 1 327 92 94 567
293 4 2 1 1 348 131 426 593
294 4 2 1 1 25 545 360 613
295 4 2 1 1 560 603 189 612
296 4 2 1 1 232 234 388 584
297 4 2 1 1 406 130 566 585
298 4 2 1 1 177 600 587 695
299 4 2 1 1 343 406 130 566
300 4 2 1 1 37 310 581 628
301 4 2 1 1 554 548 626 672
302 4 2 1 1 543 606 570 687
303 4 2 1 1 38 312 581 654
304 4 2 1 1 224 369 441 594
305 4 2 1 1 32 573 318 636
306 4 2 1 1 276 581 258 648
307 4 2 1 1 19 20 554 626
308 4 2 1 1 327 326 328 567
309 4 2 1 1 115 594 113 617
310 4 2 1 1 393 552 261 631
311 4 2 1 1 365 136 570 643
312 4 2 1 1 543 557 533 598
313 4 2 1 1 164 619 536 640
314 4 2 1 1 31 598 558 621
315 4 2 1 1 533 560 543 612
316 4 2 1 1 515 565 637 657
317 4 2 1 1 437 224 594 603
318 4 2 1 1 376 120 139 574
319 4 2 1 1 527 562 541 629
320 4 2 1 1 552 575 261 631
321 4 2 1 1 571 656 559 698
322 4 2 1 1 533 558 542 649
323 4 2 1 1 365 136 430 570
324 4 2 1 1 462 578 663 683
325 4 2 1 1 316 558 315 649
326 4 2 1 1 408 595 267 624
327 4 2 1 1 177 541 391 689
328 4 2 1 1 543 595 297 675
329 4 2 1 1 563 579 245 638
330 4 2 1 1 139 610 574 641
331 4 2 1 1 384 555 457 600
332 4 2 1 1 118 119 561 574
333 4 2 1 1 358 439 592 617
334 4 2 1 1 199 546 200 667
335 4 2 1 1 297 595 543 655
336 4 2 1 1 421 650 610 693
337 4 2 1 1 536 562 527 602
338 4 2 1 1 75 599 554 672
339 4 2 1 1 164 405 619 640
340 4 2 1 1 350 262 351 584
341 4 2 1 1 167 230 548 672
342 4 2 1 1 188 222 560 570
343 4 2 1 1 241 557 239 645
344 4 2 1 1 31 311 558 598
345 4 2 1 1 541 559 527 589
346 4 2 1 1 182 572 555 647
347 4 2 1 1 562 580 333 640
348 4 2 1 1 118 574 561 641
349 4 2 1 1 201 199 200 667
350 4 2 1 1 380 539 643 647
351 4 2 1 1 35 604 337 625
352 4 2 1 1 183 458 180 555
353 4 2 1 1 547 607 124 650
354 4 2 1 1 191 189 603 612
355 4 2 1 1 267 579 409 624
356 4 2 1 1 202 596 566 673
357 4 2 1 1 186 187 185 606
358 4 2 1 1 143 102 103 586
359 4 2 1 1 298 300 612 684
360 4 2 1 1 440 239 592 645
361 4 2 1 1 136 591 570 643
362 4 2 1 1 563 568 247 668
363 4 2 1 1 368 356 256 571
364 4 2 1 1 258 581 276 628
365 4 2 1 1 194 223 593 644
366 4 2 1 1 535 633 632 652
367 4 2 1 1 230 551 278 660
368 4 2 1 1 533 561 540 592
369 4 2 1 1 488 632 633 652
370 4 2 1 1 326 567 327 586
371 4 2 1 1 545 555 528 609
372 4 2 1 1 503 551 81 658
373 4 2 1 1 155 656 541 689
374 4 2 1 1 394 605 575 654
375 4 2 1 1 193 603 542 649
376 4 2 1 1 182 183 180 572
377 4 2 1 1 533 557 538 617
378 4 2 1 1 542 561 533 603
379 4 2 1 1 587 656 571 698
380 4 2 1 1 171 324 169 616
381 4 2 1 1 395 552 393 625
382 4 2 1 1 573 622 542 649
383 4 2 1 1 350 549 35 625
384 4 2 1 1 358 138 439 617
385 4 2 1 1 258 357 544 628
386 4 2 1 1 528 647 615 695
387 4 2 1 1 231 421 610 693
388 4 2 1 1 528 555 647 695
389 4 2 1 1 167 270 230 672
390 4 2 1 1 540 610 235 641
391 4 2 1 1 462 663 614 683
392 4 2 1 1 82 553 450 618
393 4 2 1 1 384 457 555 651
394 4 2 1 1 400 260 313 618
395 4 2 1 1 543 560 538 687
396 4 2 1 1 239 557 240 592
397 4 2 1 1 380 643 423 647
398 4 2 1 1 247 563 431 568
399 4 2 1 1 219 202 566 673
400 4 2 1 1 132 437 355 561
401 4 2 1 1 87 19 20 554
402 4 2 1 1 540 561 542 688
403 4 2 1 1 231 610 584 693
404 4 2 1 1 32 33 611 636
405 4 2 1 1 232 233 234 610
406 4 2 1 1 32 318 33 636
407 4 2 1 1 552 631 529 699
408 4 2 1 1 540 558 533 621
409 4 2 1 1 299 612 403 649
410 4 2 1 1 82 485 483 553
411 4 2 1 1 249 247 568 668
412 4 2 1 1 515 578 518 657
413 4 2 1 1 365 570 427 643
414 4 2 1 1 78 318 32 573
415 4 2 1 1 114 113 112 697
416 4 2 1 1 533 542 603 649
417 4 2 1 1 445 280 629 646
418 4 2 1 1 107 539 380 670
419 4 2 1 1 366 317 373 649
420 4 2 1 1 427 570 184 572
421 4 2 1 1 151 589 559 656
422 4 2 1 1 211 458 183 588
423 4 2 1 1 485 486 553 618
424 4 2 1 1 488 490 632 652
425 4 2 1 1 538 560 533 594
426 4 2 1 1 551 626 548 672
427 4 2 1 1 237 235 432 641
428 4 2 1 1 19 87 556 614
429 4 2 1 1 365 427 572 643
430 4 2 1 1 541 559 656 698
431 4 2 1 1 350 34 549 636
432 4 2 1 1 461 626 551 672
433 4 2 1 1 32 31 558 685
434 4 2 1 1 242 579 557 645
435 4 2 1 1 274 400 313 618
436 4 2 1 1 316 317 573 649
437 4 2 1 1 554 534 614 626
438 4 2 1 1 107 380 539 643
439 4 2 1 1 527 559 536 586
440 4 2 1 1 92 567 90 602
441 4 2 1 1 218 445 280 629
442 4 2 1 1 559 589 151 639
443 4 2 1 1 458 555 588 651
444 4 2 1 1 533 543 598 612
445 4 2 1 1 382 177 391 689
446 4 2 1 1 556 614 534 626
447 4 2 1 1 405 580 442 619
448 4 2 1 1 515 637 578 657
449 4 2 1 1 592 617 561 641
450 4 2 1 1 332 602 562 640
451 4 2 1 1 519 551 516 660
452 4 2 1 1 228 583 163 590
453 4 2 1 1 189 560 190 603
454 4 2 1 1 408 267 409 624
455 4 2 1 1 428 365 427 572
456 4 2 1 1 517 465 509 660
457 4 2 1 1 182 555 180 647
458 4 2 1 1 82 483 449 553
459 4 2 1 1 196 194 593 622
460 4 2 1 1 506 515 518 657
461 4 2 1 1 273 632 569 678
462 4 2 1 1 345 324 659 674
463 4 2 1 1 541 629 391 689
464 4 2 1 1 201 664 596 667
465 4 2 1 1 545 609 25 651
466 4 2 1 1 299 403 315 649
467 4 2 1 1 307 553 86 582
468 4 2 1 1 411 543 292 675
469 4 2 1 1 601 618 553 662
470 4 2 1 1 287 609 600 651
471 4 2 1 1 574 644 561 688
472 4 2 1 1 529 631 590 699
473 4 2 1 1 31 30 598 621
474 4 2 1 1 337 625 604 628
475 4 2 1 1 241 240 239 557
476 4 2 1 1 411 543 675 684
477 4 2 1 1 561 592 533 617
478 4 2 1 1 387 583 350 625
479 4 2 1 1 78 558 316 573
480 4 2 1 1 369 594 560 666
481 4 2 1 1 580 609 415 613
482 4 2 1 1 436 638 579 645
483 4 2 1 1 243 579 436 638
484 4 2 1 1 580 613 442 619
485 4 2 1 1 171 345 324 659
486 4 2 1 1 270 461 551 672
487 4 2 1 1 230 270 278 551
488 4 2 1 1 226 159 372 605
489 4 2 1 1 559 586 103 665
490 4 2 1 1 188 186 222 570
491 4 2 1 1 580 619 405 640
492 4 2 1 1 373 542 193 622
493 4 2 1 1 372 575 146 631
494 4 2 1 1 384 555 600 695
495 4 2 1 1 224 437 354 603
496 4 2 1 1 357 453 385 596
497 4 2 1 1 540 574 561 688
498 4 2 1 1 614 663 578 683
499 4 2 1 1 360 613 545 668
500 4 2 1 1 92 567 602 677
501 4 2 1 1 554 599 75 635
502 4 2 1 1 453 340 596 604
503 4 2 1 1 590 679 390 693
504 4 2 1 1 566 596 202 664
505 4 2 1 1 437 561 132 644
506 4 2 1 1 360 624 545 671
507 4 2 1 1 332 562 333 640
508 4 2 1 1 441 437 224 594
509 4 2 1 1 527 536 602 677
510 4 2 1 1 578 614 556 663
511 4 2 1 1 113 594 134 666
512 4 2 1 1 190 560 369 603
513 4 2 1 1 347 585 407 607
514 4 2 1 1 583 590 228 693
515 4 2 1 1 229 262 583 584
516 4 2 1 1 562 602 332 635
517 4 2 1 1 365 572 428 643
518 4 2 1 1 539 568 528 615
519 4 2 1 1 308 553 307 582
520 4 2 1 1 521 578 524 663
521 4 2 1 1 411 298 292 543
522 4 2 1 1 530 605 582 654
523 4 2 1 1 395 261 393 552
524 4 2 1 1 273 569 272 577
525 4 2 1 1 164 536 95 677
526 4 2 1 1 541 656 587 698
527 4 2 1 1 440 592 617 645
528 4 2 1 1 333 562 23 580
529 4 2 1 1 576 659 616 674
530 4 2 1 1 241 242 557 645
531 4 2 1 1 249 613 568 619
532 4 2 1 1 560 570 222 666
533 4 2 1 1 181 600 177 695
534 4 2 1 1 320 319 597 636
535 4 2 1 1 164 640 536 677
536 4 2 1 1 77 581 309 582
537 4 2 1 1 40 307 86 582
538 4 2 1 1 385 453 340 596
539 4 2 1 1 380 615 539 647
540 4 2 1 1 140 650 421 693
541 4 2 1 1 464 519 71 660
542 4 2 1 1 341 339 320 667
543 4 2 1 1 359 576 566 674
544 4 2 1 1 518 578 424 657
545 4 2 1 1 205 357 544 648
546 4 2 1 1 498 68 451 569
547 4 2 1 1 249 247 431 568
548 4 2 1 1 90 602 567 686
549 4 2 1 1 488 633 608 652
550 4 2 1 1 152 589 151 656
551 4 2 1 1 574 593 348 644
552 4 2 1 1 371 390 679 693
553 4 2 1 1 351 584 611 636
554 4 2 1 1 292 543 297 675
555 4 2 1 1 461 551 626 658
556 4 2 1 1 297 292 298 543
557 4 2 1 1 193 542 373 649
558 4 2 1 1 481 498 451 569
559 4 2 1 1 436 579 243 645
560 4 2 1 1 593 644 574 688
561 4 2 1 1 503 464 285 551
562 4 2 1 1 202 219 566 664
563 4 2 1 1 608 633 535 652
564 4 2 1 1 539 615 380 670
565 4 2 1 1 605 642 582 654
566 4 2 1 1 524 578 637 663
567 4 2 1 1 610 650 584 693
568 4 2 1 1 530 582 605 662
569 4 2 1 1 31 30 311 598
570 4 2 1 1 356 571 559 665
571 4 2 1 1 131 574 121 607
572 4 2 1 1 363 267 595 655
573 4 2 1 1 226 372 575 605
574 4 2 1 1 19 87 83 556
575 4 2 1 1 135 431 438 563
576 4 2 1 1 235 610 429 641
577 4 2 1 1 25 360 415 613
578 4 2 1 1 383 568 135 670
579 4 2 1 1 576 530 616 659
580 4 2 1 1 258 276 454 628
581 4 2 1 1 250 613 249 619
582 4 2 1 1 390 228 590 693
583 4 2 1 1 542 561 644 688
584 4 2 1 1 116 118 561 641
585 4 2 1 1 582 642 605 662
586 4 2 1 1 350 351 34 636
587 4 2 1 1 545 568 563 668
588 4 2 1 1 548 620 551 660
589 4 2 1 1 114 115 113 617
590 4 2 1 1 528 615 587 695
591 4 2 1 1 181 391 177 600
592 4 2 1 1 143 148 102 586
593 4 2 1 1 529 625 552 628
594 4 2 1 1 355 117 561 594
595 4 2 1 1 540 533 592 621
596 4 2 1 1 411 298 543 684
597 4 2 1 1 560 570 538 687
598 4 2 1 1 534 626 551 637
599 4 2 1 1 205 209 357 648
600 4 2 1 1 25 415 609 613
601 4 2 1 1 486 483 485 553
602 4 2 1 1 347 407 414 607
603 4 2 1 1 282 600 287 609
604 4 2 1 1 470 18 520 658
605 4 2 1 1 285 81 503 551
606 4 2 1 1 40 553 86 661
607 4 2 1 1 475 633 632 678
608 4 2 1 1 348 121 131 574
609 4 2 1 1 535 642 605 678
610 4 2 1 1 124 607 123 650
611 4 2 1 1 537 616 325 674
612 4 2 1 1 561 574 119 644
613 4 2 1 1 193 191 603 649
614 4 2 1 1 387 350 60 625
615 4 2 1 1 118 120 574 641
616 4 2 1 1 581 582 77 654
617 4 2 1 1 26 545 58 671
618 4 2 1 1 527 586 536 677
619 4 2 1 1 534 556 626 637
620 4 2 1 1 204 596 202 673
621 4 2 1 1 231 421 233 610
622 4 2 1 1 272 577 569 690
623 4 2 1 1 191 189 190 603
624 4 2 1 1 490 500 569 652
625 4 2 1 1 533 538 594 617
626 4 2 1 1 435 243 436 638
627 4 2 1 1 186 184 427 570
628 4 2 1 1 550 618 601 662
629 4 2 1 1 140 547 650 693
630 4 2 1 1 516 637 565 660
631 4 2 1 1 458 588 289 651
632 4 2 1 1 599 629 279 635
633 4 2 1 1 278 551 464 660
634 4 2 1 1 36 552 395 625
635 4 2 1 1 294 629 562 635
636 4 2 1 1 258 453 357 628
637 4 2 1 1 566 576 359 673
638 4 2 1 1 373 542 622 649
639 4 2 1 1 141 590 142 630
640 4 2 1 1 83 556 87 614
641 4 2 1 1 206 216 623 673
642 4 2 1 1 574 610 376 650
643 4 2 1 1 249 568 613 668
644 4 2 1 1 576 616 530 669
645 4 2 1 1 152 151 153 656
646 4 2 1 1 342 59 320 636
647 4 2 1 1 555 600 528 609
648 4 2 1 1 236 238 263 621
649 4 2 1 1 160 577 616 678
650 4 2 1 1 529 628 552 699
651 4 2 1 1 527 567 564 586
652 4 2 1 1 457 287 600 651
653 4 2 1 1 529 596 628 699
654 4 2 1 1 529 583 547 590
655 4 2 1 1 529 596 604 628
656 4 2 1 1 388 351 584 611
657 4 2 1 1 394 306 642 654
658 4 2 1 1 371 396 390 693
659 4 2 1 1 542 644 593 688
660 4 2 1 1 576 623 216 673
661 4 2 1 1 537 616 576 669
662 4 2 1 1 423 643 428 647
663 4 2 1 1 171 169 577 616
664 4 2 1 1 140 421 396 693
665 4 2 1 1 308 307 309 582
666 4 2 1 1 577 616 530 659
667 4 2 1 1 428 643 572 647
668 4 2 1 1 546 532 607 694
669 4 2 1 1 84 608 40 661
670 4 2 1 1 139 574 120 641
671 4 2 1 1 66 557 378 655
672 4 2 1 1 58 545 25 651
673 4 2 1 1 366 597 573 622
674 4 2 1 1 39 77 582 654
675 4 2 1 1 360 545 624 668
676 4 2 1 1 390 228 163 590
677 4 2 1 1 409 579 244 624
678 4 2 1 1 379 378 66 557
679 4 2 1 1 529 604 625 628
680 4 2 1 1 160 616 605 678
681 4 2 1 1 527 562 629 635
682 4 2 1 1 516 551 637 660
683 4 2 1 1 573 597 319 636
684 4 2 1 1 406 585 566 664
685 4 2 1 1 581 582 530 601
686 4 2 1 1 257 276 258 648
687 4 2 1 1 547 607 532 694
688 4 2 1 1 532 547 584 650
689 4 2 1 1 458 289 555 651
690 4 2 1 1 563 579 531 624
691 4 2 1 1 532 593 574 688
692 4 2 1 1 554 626 444 672
693 4 2 1 1 527 629 599 635
694 4 2 1 1 78 32 31 558
695 4 2 1 1 553 608 642 662
696 4 2 1 1 623 648 206 673
697 4 2 1 1 553 642 582 662
698 4 2 1 1 132 561 119 644
699 4 2 1 1 527 548 589 676
700 4 2 1 1 581 601 530 648
701 4 2 1 1 524 637 513 663
702 4 2 1 1 317 316 315 649
703 4 2 1 1 37 395 36 552
704 4 2 1 1 191 612 603 649
705 4 2 1 1 229 262 387 583
706 4 2 1 1 516 565 509 660
707 4 2 1 1 116 118 117 561
708 4 2 1 1 564 620 162 696
709 4 2 1 1 503 81 510 658
710 4 2 1 1 422 578 521 663
711 4 2 1 1 149 564 162 696
712 4 2 1 1 540 621 592 685
713 4 2 1 1 402 410 175 587
714 4 2 1 1 95 536 665 677
715 4 2 1 1 358 592 439 641
716 4 2 1 1 360 545 26 671
717 4 2 1 1 334 580 405 640
718 4 2 1 1 184 185 183 572
719 4 2 1 1 383 431 135 568
720 4 2 1 1 118 120 119 574
721 4 2 1 1 519 509 71 660
722 4 2 1 1 384 289 457 651
723 4 2 1 1 556 578 534 614
724 4 2 1 1 545 651 58 671
725 4 2 1 1 263 236 621 685
726 4 2 1 1 22 333 332 562
727 4 2 1 1 415 580 24 609
728 4 2 1 1 358 116 138 617
729 4 2 1 1 529 604 596 667
730 4 2 1 1 28 595 297 655
731 4 2 1 1 107 653 539 670
732 4 2 1 1 165 689 172 692
733 4 2 1 1 172 689 599 692
734 4 2 1 1 519 516 509 660
735 4 2 1 1 78 315 316 558
736 4 2 1 1 384 555 289 651
737 4 2 1 1 175 402 587 656
738 4 2 1 1 294 279 629 635
739 4 2 1 1 332 635 602 686
740 4 2 1 1 547 529 590 679
741 4 2 1 1 136 111 367 591
742 4 2 1 1 31 621 558 685
743 4 2 1 1 188 222 369 560
744 4 2 1 1 180 647 555 695
745 4 2 1 1 84 304 40 642
746 4 2 1 1 256 571 104 615
747 4 2 1 1 456 475 632 678
748 4 2 1 1 371 679 547 693
749 4 2 1 1 530 623 576 648
750 4 2 1 1 274 618 550 634
751 4 2 1 1 222 369 560 666
752 4 2 1 1 196 194 223 593
753 4 2 1 1 141 142 128 630
754 4 2 1 1 102 103 586 665
755 4 2 1 1 332 73 635 686
756 4 2 1 1 643 653 531 682
757 4 2 1 1 236 237 238 592
758 4 2 1 1 239 240 238 592
759 4 2 1 1 22 562 332 635
760 4 2 1 1 568 528 615 691
761 4 2 1 1 560 612 189 684
762 4 2 1 1 536 571 559 698
763 4 2 1 1 58 25 609 651
764 4 2 1 1 274 550 313 623
765 4 2 1 1 557 533 598 621
766 4 2 1 1 600 609 555 651
767 4 2 1 1 355 115 117 594
768 4 2 1 1 368 103 356 559
769 4 2 1 1 384 600 181 695
770 4 2 1 1 107 643 539 653
771 4 2 1 1 114 377 617 697
772 4 2 1 1 363 267 408 595
773 4 2 1 1 584 650 547 693
774 4 2 1 1 563 568 539 653
775 4 2 1 1 294 62 562 629
776 4 2 1 1 561 533 594 617
777 4 2 1 1 299 298 300 612
778 4 2 1 1 533 612 558 649
779 4 2 1 1 204 203 596 673
780 4 2 1 1 135 563 438 653
781 4 2 1 1 19 444 20 626
782 4 2 1 1 561 603 542 644
783 4 2 1 1 103 356 559 665
784 4 2 1 1 319 573 321 597
785 4 2 1 1 539 653 568 670
786 4 2 1 1 113 115 134 594
787 4 2 1 1 557 592 533 621
788 4 2 1 1 244 409 267 579
789 4 2 1 1 444 554 20 626
790 4 2 1 1 79 521 507 663
791 4 2 1 1 441 594 369 666
792 4 2 1 1 527 567 586 602
793 4 2 1 1 304 582 40 642
794 4 2 1 1 392 405 164 640
795 4 2 1 1 372 146 161 631
796 4 2 1 1 558 573 542 649
797 4 2 1 1 322 548 620 676
798 4 2 1 1 140 371 124 547
799 4 2 1 1 527 589 548 692
800 4 2 1 1 359 344 576 674
801 4 2 1 1 531 572 570 643
802 4 2 1 1 23 580 562 646
803 4 2 1 1 341 320 597 667
804 4 2 1 1 550 569 535 577
805 4 2 1 1 540 592 561 641
806 4 2 1 1 521 524 507 663
807 4 2 1 1 125 585 347 607
808 4 2 1 1 573 611 558 688
809 4 2 1 1 442 405 334 580
810 4 2 1 1 449 553 483 661
811 4 2 1 1 360 26 624 671
812 4 2 1 1 151 589 152 639
813 4 2 1 1 532 584 610 650
814 4 2 1 1 440 592 439 617
815 4 2 1 1 596 604 340 667
816 4 2 1 1 555 609 545 651
817 4 2 1 1 327 567 328 627
818 4 2 1 1 527 586 564 639
819 4 2 1 1 359 566 343 674
820 4 2 1 1 256 104 133 615
821 4 2 1 1 547 607 585 679
822 4 2 1 1 555 528 600 695
823 4 2 1 1 604 667 529 694
824 4 2 1 1 533 598 558 612
825 4 2 1 1 533 592 557 617
826 4 2 1 1 293 588 211 606
827 4 2 1 1 426 593 131 607
828 4 2 1 1 164 392 640 677
829 4 2 1 1 527 564 567 680
830 4 2 1 1 496 482 447 608
831 4 2 1 1 204 203 202 596
832 4 2 1 1 415 442 580 613
833 4 2 1 1 174 261 575 631
834 4 2 1 1 371 547 396 693
835 4 2 1 1 531 624 671 682
836 4 2 1 1 224 190 369 603
837 4 2 1 1 326 327 94 586
838 4 2 1 1 485 478 486 618
839 4 2 1 1 106 135 653 670
840 4 2 1 1 91 92 90 602
841 4 2 1 1 527 548 676 680
842 4 2 1 1 348 593 426 644
843 4 2 1 1 195 373 193 622
844 4 2 1 1 581 648 530 669
845 4 2 1 1 299 57 298 598
846 4 2 1 1 550 659 217 690
847 4 2 1 1 178 181 177 695
848 4 2 1 1 528 545 609 613
849 4 2 1 1 66 598 30 621
850 4 2 1 1 265 359 344 576
851 4 2 1 1 485 82 478 618
852 4 2 1 1 410 381 587 615
853 4 2 1 1 219 204 202 673
854 4 2 1 1 385 596 340 667
855 4 2 1 1 172 629 599 689
856 4 2 1 1 170 160 577 616
857 4 2 1 1 568 615 670 691
858 4 2 1 1 547 532 584 694
859 4 2 1 1 436 638 645 697
860 4 2 1 1 158 167 230 548
861 4 2 1 1 140 396 547 693
862 4 2 1 1 19 556 85 626
863 4 2 1 1 227 163 228 583
864 4 2 1 1 588 606 293 675
865 4 2 1 1 561 574 540 641
866 4 2 1 1 320 59 319 636
867 4 2 1 1 549 584 532 694
868 4 2 1 1 26 25 58 545
869 4 2 1 1 396 371 140 547
870 4 2 1 1 498 472 68 569
871 4 2 1 1 568 615 539 670
872 4 2 1 1 124 547 371 679
873 4 2 1 1 168 614 567 683
874 4 2 1 1 151 559 368 656
875 4 2 1 1 121 607 574 650
876 4 2 1 1 159 605 160 616
877 4 2 1 1 182 180 179 647
878 4 2 1 1 200 199 198 546
879 4 2 1 1 432 235 429 641
880 4 2 1 1 515 525 514 637
881 4 2 1 1 167 548 158 692
882 4 2 1 1 461 81 551 658
883 4 2 1 1 473 272 273 569
884 4 2 1 1 530 550 577 659
885 4 2 1 1 308 86 307 553
886 4 2 1 1 77 38 581 654
887 4 2 1 1 533 603 612 649
888 4 2 1 1 170 577 169 616
889 4 2 1 1 535 577 569 678
890 4 2 1 1 549 532 584 636
891 4 2 1 1 519 503 516 551
892 4 2 1 1 85 19 18 556
893 4 2 1 1 530 605 577 662
894 4 2 1 1 549 583 529 625
895 4 2 1 1 180 179 647 695
896 4 2 1 1 162 564 149 676
897 4 2 1 1 532 546 597 694
898 4 2 1 1 18 85 556 658
899 4 2 1 1 545 613 568 668
900 4 2 1 1 376 120 574 650
901 4 2 1 1 531 570 591 643
902 4 2 1 1 249 613 248 668
903 4 2 1 1 322 158 230 548
904 4 2 1 1 200 198 220 546
905 4 2 1 1 35 350 34 549
906 4 2 1 1 600 609 282 646
907 4 2 1 1 229 584 583 693
908 4 2 1 1 151 368 402 656
909 4 2 1 1 532 597 549 694
910 4 2 1 1 554 527 635 686
911 4 2 1 1 273 577 170 678
912 4 2 1 1 561 594 533 603
913 4 2 1 1 26 360 25 545
914 4 2 1 1 412 249 568 619
915 4 2 1 1 564 527 639 676
916 4 2 1 1 96 95 665 677
917 4 2 1 1 87 614 554 686
918 4 2 1 1 170 169 160 616
919 4 2 1 1 162 620 564 676
920 4 2 1 1 241 239 440 645
921 4 2 1 1 540 610 574 688
922 4 2 1 1 117 132 355 561
923 4 2 1 1 404 250 249 619
924 4 2 1 1 531 606 595 687
925 4 2 1 1 543 595 606 687
926 4 2 1 1 531 595 588 671
927 4 2 1 1 199 198 546 681
928 4 2 1 1 605 616 577 678
929 4 2 1 1 20 87 554 686
930 4 2 1 1 140 547 124 650
931 4 2 1 1 265 359 576 673
932 4 2 1 1 259 308 309 601
933 4 2 1 1 188 560 189 684
934 4 2 1 1 160 159 225 605
935 4 2 1 1 542 573 558 688
936 4 2 1 1 77 39 38 654
937 4 2 1 1 546 532 597 681
938 4 2 1 1 342 35 34 549
939 4 2 1 1 527 676 564 680
940 4 2 1 1 535 577 605 662
941 4 2 1 1 457 287 282 600
942 4 2 1 1 531 624 595 671
943 4 2 1 1 528 571 619 698
944 4 2 1 1 547 532 607 650
945 4 2 1 1 427 365 430 570
946 4 2 1 1 411 675 606 684
947 4 2 1 1 104 615 571 670
948 4 2 1 1 549 529 604 625
949 4 2 1 1 76 297 595 675
950 4 2 1 1 547 679 590 693
951 4 2 1 1 270 271 461 672
952 4 2 1 1 462 578 422 663
953 4 2 1 1 602 635 527 686
954 4 2 1 1 591 687 638 697
955 4 2 1 1 490 489 500 652
956 4 2 1 1 525 565 514 637
957 4 2 1 1 562 602 536 640
958 4 2 1 1 531 653 563 682
959 4 2 1 1 249 250 248 613
960 4 2 1 1 582 601 553 662
961 4 2 1 1 337 604 338 628
962 4 2 1 1 570 572 531 606
963 4 2 1 1 265 314 359 673
964 4 2 1 1 534 614 578 683
965 4 2 1 1 571 536 665 691
966 4 2 1 1 354 223 194 644
967 4 2 1 1 586 602 567 677
968 4 2 1 1 529 547 583 694
969 4 2 1 1 188 189 187 684
970 4 2 1 1 394 255 605 642
971 4 2 1 1 450 308 259 601
972 4 2 1 1 348 119 574 644
973 4 2 1 1 518 69 424 578
974 4 2 1 1 170 577 160 678
975 4 2 1 1 342 549 34 636
976 4 2 1 1 518 502 69 578
977 4 2 1 1 531 579 563 638
978 4 2 1 1 205 206 648 673
979 4 2 1 1 539 653 643 682
980 4 2 1 1 587 600 528 695
981 4 2 1 1 530 623 550 659
982 4 2 1 1 63 310 37 628
983 4 2 1 1 242 240 241 557
984 4 2 1 1 410 256 133 615
985 4 2 1 1 557 617 592 645
986 4 2 1 1 61 415 442 580
987 4 2 1 1 277 174 261 575
988 4 2 1 1 611 685 558 688
989 4 2 1 1 527 548 599 692
990 4 2 1 1 103 559 144 639
991 4 2 1 1 217 550 623 659
992 4 2 1 1 360 26 64 624
993 4 2 1 1 251 149 162 696
994 4 2 1 1 366 321 573 597
995 4 2 1 1 548 534 620 680
996 4 2 1 1 165 166 172 689
997 4 2 1 1 24 609 580 646
998 4 2 1 1 502 518 515 578
999 4 2 1 1 18 468 505 556
1000 4 2 1 1 481 569 451 632
1001 4 2 1 1 268 322 323 620
1002 4 2 1 1 155 176 177 587
1003 4 2 1 1 85 626 556 658
1004 4 2 1 1 547 590 583 693
1005 4 2 1 1 123 125 347 607
1006 4 2 1 1 544 648 581 669
1007 4 2 1 1 117 118 119 561
1008 4 2 1 1 387 393 583 625
1009 4 2 1 1 529 583 549 694
1010 4 2 1 1 500 490 569 632
1011 4 2 1 1 461 626 353 658
1012 4 2 1 1 563 638 438 653
1013 4 2 1 1 500 498 481 569
1014 4 2 1 1 104 670 571 691
1015 4 2 1 1 588 595 531 675
1016 4 2 1 1 205 648 544 673
1017 4 2 1 1 191 370 189 612
1018 4 2 1 1 597 622 374 681
1019 4 2 1 1 107 380 105 670
1020 4 2 1 1 303 567 627 683
1021 4 2 1 1 416 615 380 647
1022 4 2 1 1 536 619 571 698
1023 4 2 1 1 524 578 515 637
1024 4 2 1 1 414 426 131 607
1025 4 2 1 1 412 404 249 619
1026 4 2 1 1 399 634 550 690
1027 4 2 1 1 366 321 597 622
1028 4 2 1 1 532 622 593 688
1029 4 2 1 1 542 593 622 688
1030 4 2 1 1 168 301 614 683
1031 4 2 1 1 502 521 69 578
1032 4 2 1 1 589 639 527 676
1033 4 2 1 1 294 279 275 629
1034 4 2 1 1 78 316 318 573
1035 4 2 1 1 160 605 225 678
1036 4 2 1 1 531 671 588 682
1037 4 2 1 1 535 642 608 662
1038 4 2 1 1 535 633 608 642
1039 4 2 1 1 107 364 380 643
1040 4 2 1 1 303 567 327 627
1041 4 2 1 1 73 20 21 635
1042 4 2 1 1 609 646 600 698
1043 4 2 1 1 532 549 597 636
1044 4 2 1 1 377 645 617 697
1045 4 2 1 1 148 564 330 627
1046 4 2 1 1 28 76 297 595
1047 4 2 1 1 566 630 343 674
1048 4 2 1 1 531 643 591 653
1049 4 2 1 1 531 638 591 687
1050 4 2 1 1 246 409 244 624
1051 4 2 1 1 490 569 632 652
1052 4 2 1 1 574 610 532 688
1053 4 2 1 1 528 587 571 698
1054 4 2 1 1 97 99 665 691
1055 4 2 1 1 632 633 535 678
1056 4 2 1 1 407 585 406 664
1057 4 2 1 1 527 559 586 639
1058 4 2 1 1 498 479 472 569
1059 4 2 1 1 313 623 601 648
1060 4 2 1 1 530 575 605 654
1061 4 2 1 1 173 393 261 631
1062 4 2 1 1 543 606 595 675
1063 4 2 1 1 170 171 169 577
1064 4 2 1 1 214 597 321 622
1065 4 2 1 1 121 123 607 650
1066 4 2 1 1 64 624 26 671
1067 4 2 1 1 366 321 319 573
1068 4 2 1 1 530 577 550 662
1069 4 2 1 1 574 593 532 607
1070 4 2 1 1 220 546 198 681
1071 4 2 1 1 200 546 220 664
1072 4 2 1 1 139 429 610 641
1073 4 2 1 1 428 427 184 572
1074 4 2 1 1 570 591 538 687
1075 4 2 1 1 245 579 243 638
1076 4 2 1 1 531 591 570 687
1077 4 2 1 1 431 247 438 563
1078 4 2 1 1 579 595 531 624
1079 4 2 1 1 67 284 522 565
1080 4 2 1 1 96 665 586 677
1081 4 2 1 1 528 609 600 698
1082 4 2 1 1 574 610 540 641
1083 4 2 1 1 361 66 30 621
1084 4 2 1 1 456 475 70 632
1085 4 2 1 1 401 478 82 618
1086 4 2 1 1 440 439 138 617
1087 4 2 1 1 496 501 482 608
1088 4 2 1 1 196 195 194 622
1089 4 2 1 1 38 37 310 581
1090 4 2 1 1 562 629 62 646
1091 4 2 1 1 452 608 633 642
1092 4 2 1 1 285 461 81 551
1093 4 2 1 1 233 235 234 610
1094 4 2 1 1 177 587 176 695
1095 4 2 1 1 535 569 632 678
1096 4 2 1 1 388 351 262 584
1097 4 2 1 1 381 615 416 647
1098 4 2 1 1 550 577 535 662
1099 4 2 1 1 322 158 548 692
1100 4 2 1 1 132 117 119 561
1101 4 2 1 1 429 376 139 610
1102 4 2 1 1 337 338 63 628
1103 4 2 1 1 32 362 31 685
1104 4 2 1 1 193 191 192 603
1105 4 2 1 1 342 339 337 604
1106 4 2 1 1 571 615 528 691
1107 4 2 1 1 576 648 623 673
1108 4 2 1 1 579 638 687 697
1109 4 2 1 1 344 359 343 674
1110 4 2 1 1 226 575 394 605
1111 4 2 1 1 338 604 453 628
1112 4 2 1 1 345 659 576 674
1113 4 2 1 1 234 375 611 685
1114 4 2 1 1 89 332 602 686
1115 4 2 1 1 366 316 317 573
1116 4 2 1 1 410 416 381 615
1117 4 2 1 1 266 550 217 690
1118 4 2 1 1 368 151 144 559
1119 4 2 1 1 451 569 273 632
1120 4 2 1 1 465 565 284 660
1121 4 2 1 1 61 333 23 580
1122 4 2 1 1 368 144 103 559
1123 4 2 1 1 547 529 679 694
1124 4 2 1 1 538 591 570 666
1125 4 2 1 1 237 432 592 641
1126 4 2 1 1 516 504 509 565
1127 4 2 1 1 564 620 534 680
1128 4 2 1 1 114 112 377 697
1129 4 2 1 1 554 680 527 686
1130 4 2 1 1 572 588 531 606
1131 4 2 1 1 551 637 626 658
1132 4 2 1 1 626 637 556 658
1133 4 2 1 1 191 213 612 649
1134 4 2 1 1 370 189 612 684
1135 4 2 1 1 578 425 657 683
1136 4 2 1 1 278 285 464 551
1137 4 2 1 1 20 73 87 686
1138 4 2 1 1 61 24 415 580
1139 4 2 1 1 585 679 529 694
1140 4 2 1 1 406 407 130 585
1141 4 2 1 1 107 106 653 670
1142 4 2 1 1 273 272 170 577
1143 4 2 1 1 550 623 530 662
1144 4 2 1 1 627 657 425 683
1145 4 2 1 1 240 378 379 557
1146 4 2 1 1 531 638 563 653
1147 4 2 1 1 529 585 566 630
1148 4 2 1 1 155 154 656 689
1149 4 2 1 1 595 655 579 687
1150 4 2 1 1 57 29 297 655
1151 4 2 1 1 293 460 211 588
1152 4 2 1 1 595 606 531 675
1153 4 2 1 1 127 130 585 630
1154 4 2 1 1 253 602 332 640
1155 4 2 1 1 530 623 601 662
1156 4 2 1 1 428 572 182 647
1157 4 2 1 1 564 639 149 676
1158 4 2 1 1 529 585 630 679
1159 4 2 1 1 544 628 596 699
1160 4 2 1 1 333 580 61 640
1161 4 2 1 1 144 559 151 639
1162 4 2 1 1 75 599 279 635
1163 4 2 1 1 60 350 35 625
1164 4 2 1 1 296 614 462 663
1165 4 2 1 1 569 634 397 690
1166 4 2 1 1 529 590 630 699
1167 4 2 1 1 92 602 91 677
1168 4 2 1 1 574 607 532 650
1169 4 2 1 1 127 343 130 630
1170 4 2 1 1 451 473 273 569
1171 4 2 1 1 504 522 284 565
1172 4 2 1 1 369 190 188 560
1173 4 2 1 1 384 181 178 695
1174 4 2 1 1 168 567 303 683
1175 4 2 1 1 20 554 75 635
1176 4 2 1 1 576 673 566 699
1177 4 2 1 1 532 611 584 636
1178 4 2 1 1 348 132 119 644
1179 4 2 1 1 145 161 146 631
1180 4 2 1 1 399 550 266 690
1181 4 2 1 1 406 566 219 664
1182 4 2 1 1 438 638 386 653
1183 4 2 1 1 435 638 436 697
1184 4 2 1 1 563 624 531 682
1185 4 2 1 1 344 345 265 576
1186 4 2 1 1 544 673 576 699
1187 4 2 1 1 528 600 587 698
1188 4 2 1 1 587 600 541 698
1189 4 2 1 1 89 73 332 686
1190 4 2 1 1 537 576 566 699
1191 4 2 1 1 391 629 218 689
1192 4 2 1 1 203 357 385 596
1193 4 2 1 1 344 345 576 674
1194 4 2 1 1 529 630 590 679
1195 4 2 1 1 199 546 667 681
1196 4 2 1 1 125 127 585 679
1197 4 2 1 1 550 601 623 662
1198 4 2 1 1 439 592 432 641
1199 4 2 1 1 580 646 609 698
1200 4 2 1 1 532 622 597 681
1201 4 2 1 1 282 609 286 646
1202 4 2 1 1 82 308 450 553
1203 4 2 1 1 105 380 615 670
1204 4 2 1 1 605 642 535 662
1205 4 2 1 1 387 60 393 625
1206 4 2 1 1 537 590 631 699
1207 4 2 1 1 322 548 676 692
1208 4 2 1 1 458 289 384 555
1209 4 2 1 1 550 535 569 652
1210 4 2 1 1 70 632 475 633
1211 4 2 1 1 294 562 22 635
1212 4 2 1 1 31 361 30 621
1213 4 2 1 1 411 300 298 684
1214 4 2 1 1 538 617 557 645
1215 4 2 1 1 216 576 265 659
1216 4 2 1 1 528 619 571 691
1217 4 2 1 1 527 602 586 677
1218 4 2 1 1 226 372 394 575
1219 4 2 1 1 146 159 147 616
1220 4 2 1 1 567 527 680 686
1221 4 2 1 1 247 246 245 563
1222 4 2 1 1 135 438 386 653
1223 4 2 1 1 312 261 395 552
1224 4 2 1 1 579 655 557 687
1225 4 2 1 1 435 436 137 697
1226 4 2 1 1 500 479 498 569
1227 4 2 1 1 439 237 432 592
1228 4 2 1 1 188 190 189 560
1229 4 2 1 1 313 207 623 648
1230 4 2 1 1 416 380 423 647
1231 4 2 1 1 575 552 654 669
1232 4 2 1 1 547 679 585 694
1233 4 2 1 1 246 624 563 668
1234 4 2 1 1 567 602 527 686
1235 4 2 1 1 487 486 488 652
1236 4 2 1 1 571 619 536 691
1237 4 2 1 1 440 239 439 592
1238 4 2 1 1 581 654 552 669
1239 4 2 1 1 538 570 560 666
1240 4 2 1 1 544 648 576 673
1241 4 2 1 1 548 527 599 680
1242 4 2 1 1 513 512 526 556
1243 4 2 1 1 606 675 543 684
1244 4 2 1 1 480 496 469 608
1245 4 2 1 1 288 588 291 671
1246 4 2 1 1 524 515 513 637
1247 4 2 1 1 303 168 327 567
1248 4 2 1 1 458 460 289 588
1249 4 2 1 1 78 31 311 558
1250 4 2 1 1 547 584 583 694
1251 4 2 1 1 583 584 549 694
1252 4 2 1 1 313 601 210 648
1253 4 2 1 1 83 18 19 556
1254 4 2 1 1 360 269 613 668
1255 4 2 1 1 266 399 217 550
1256 4 2 1 1 141 145 142 590
1257 4 2 1 1 199 667 374 681
1258 4 2 1 1 104 101 670 691
1259 4 2 1 1 331 170 160 678
1260 4 2 1 1 579 687 645 697
1261 4 2 1 1 374 667 597 681
1262 4 2 1 1 127 630 585 679
1263 4 2 1 1 441 355 437 594
1264 4 2 1 1 559 571 536 665
1265 4 2 1 1 37 312 395 552
1266 4 2 1 1 560 594 538 666
1267 4 2 1 1 326 102 148 586
1268 4 2 1 1 143 103 144 639
1269 4 2 1 1 505 556 468 663
1270 4 2 1 1 532 593 622 681
1271 4 2 1 1 294 275 62 629
1272 4 2 1 1 588 531 606 675
1273 4 2 1 1 564 534 620 696
1274 4 2 1 1 559 589 541 656
1275 4 2 1 1 526 512 505 556
1276 4 2 1 1 216 623 576 659
1277 4 2 1 1 435 137 638 697
1278 4 2 1 1 571 665 99 691
1279 4 2 1 1 242 378 240 557
1280 4 2 1 1 556 637 578 663
1281 4 2 1 1 330 148 143 564
1282 4 2 1 1 500 479 569 634
1283 4 2 1 1 549 604 529 694
1284 4 2 1 1 254 605 255 642
1285 4 2 1 1 533 558 598 621
1286 4 2 1 1 24 580 23 646
1287 4 2 1 1 149 564 143 639
1288 4 2 1 1 309 77 276 581
1289 4 2 1 1 610 611 532 688
1290 4 2 1 1 531 591 638 653
1291 4 2 1 1 566 585 529 664
1292 4 2 1 1 570 606 531 687
1293 4 2 1 1 438 563 245 638
1294 4 2 1 1 31 362 621 685
1295 4 2 1 1 599 689 589 692
1296 4 2 1 1 330 627 564 696
1297 4 2 1 1 532 610 584 611
1298 4 2 1 1 500 569 481 632
1299 4 2 1 1 411 293 606 675
1300 4 2 1 1 366 214 321 622
1301 4 2 1 1 154 589 656 689
1302 4 2 1 1 214 374 597 622
1303 4 2 1 1 78 311 315 558
1304 4 2 1 1 537 630 590 699
1305 4 2 1 1 207 206 623 648
1306 4 2 1 1 192 224 354 603
1307 4 2 1 1 214 374 622 681
1308 4 2 1 1 522 504 525 565
1309 4 2 1 1 308 82 449 553
1310 4 2 1 1 378 267 363 655
1311 4 2 1 1 536 586 559 665
1312 4 2 1 1 533 594 560 603
1313 4 2 1 1 252 565 459 696
1314 4 2 1 1 565 620 534 696
1315 4 2 1 1 384 457 181 600
1316 4 2 1 1 527 599 589 692
1317 4 2 1 1 187 443 185 606
1318 4 2 1 1 22 23 333 562
1319 4 2 1 1 553 535 608 662
1320 4 2 1 1 591 538 687 697
1321 4 2 1 1 401 82 450 618
1322 4 2 1 1 530 616 575 669
1323 4 2 1 1 529 664 585 694
1324 4 2 1 1 112 113 111 697
1325 4 2 1 1 534 578 556 637
1326 4 2 1 1 528 580 609 698
1327 4 2 1 1 530 605 575 616
1328 4 2 1 1 557 598 543 655
1329 4 2 1 1 280 62 629 646
1330 4 2 1 1 116 358 118 641
1331 4 2 1 1 425 474 627 683
1332 4 2 1 1 543 612 560 684
1333 4 2 1 1 554 527 599 635
1334 4 2 1 1 565 620 252 660
1335 4 2 1 1 325 129 128 674
1336 4 2 1 1 459 565 418 696
1337 4 2 1 1 435 245 243 638
1338 4 2 1 1 32 33 65 611
1339 4 2 1 1 167 672 548 692
1340 4 2 1 1 251 162 620 696
1341 4 2 1 1 360 269 415 613
1342 4 2 1 1 118 139 120 641
1343 4 2 1 1 296 556 83 614
1344 4 2 1 1 295 444 626 672
1345 4 2 1 1 576 616 537 674
1346 4 2 1 1 513 556 526 663
1347 4 2 1 1 488 501 608 633
1348 4 2 1 1 550 652 618 662
1349 4 2 1 1 351 611 33 636
1350 4 2 1 1 479 472 569 634
1351 4 2 1 1 549 597 667 694
1352 4 2 1 1 69 521 422 578
1353 4 2 1 1 129 630 128 674
1354 4 2 1 1 214 622 197 681
1355 4 2 1 1 496 480 501 608
1356 4 2 1 1 18 470 85 658
1357 4 2 1 1 274 550 399 634
1358 4 2 1 1 125 127 130 585
1359 4 2 1 1 532 597 573 636
1360 4 2 1 1 320 319 321 597
1361 4 2 1 1 65 32 611 685
1362 4 2 1 1 322 620 268 676
1363 4 2 1 1 571 587 528 615
1364 4 2 1 1 581 628 544 669
1365 4 2 1 1 552 628 581 669
1366 4 2 1 1 449 86 553 661
1367 4 2 1 1 645 687 538 697
1368 4 2 1 1 293 460 588 675
1369 4 2 1 1 318 573 319 636
1370 4 2 1 1 253 332 333 640
1371 4 2 1 1 121 574 120 650
1372 4 2 1 1 556 637 512 658
1373 4 2 1 1 155 382 154 689
1374 4 2 1 1 193 213 191 649
1375 4 2 1 1 425 424 578 657
1376 4 2 1 1 531 579 638 687
1377 4 2 1 1 191 213 370 612
1378 4 2 1 1 540 611 610 688
1379 4 2 1 1 27 595 408 624
1380 4 2 1 1 247 246 563 668
1381 4 2 1 1 487 483 486 661
1382 4 2 1 1 572 643 531 682
1383 4 2 1 1 422 578 462 683
1384 4 2 1 1 447 608 482 633
1385 4 2 1 1 57 598 29 655
1386 4 2 1 1 211 460 458 588
1387 4 2 1 1 205 203 204 673
1388 4 2 1 1 559 527 589 639
1389 4 2 1 1 388 234 375 611
1390 4 2 1 1 294 62 22 562
1391 4 2 1 1 576 669 544 699
1392 4 2 1 1 537 669 576 699
1393 4 2 1 1 545 671 624 682
1394 4 2 1 1 566 529 596 664
1395 4 2 1 1 245 244 243 579
1396 4 2 1 1 252 620 565 696
1397 4 2 1 1 588 671 595 675
1398 4 2 1 1 618 652 553 662
1399 4 2 1 1 29 598 66 655
1400 4 2 1 1 514 565 516 637
1401 4 2 1 1 75 20 444 554
1402 4 2 1 1 459 67 418 565
1403 4 2 1 1 532 573 597 622
1404 4 2 1 1 589 676 548 692
1405 4 2 1 1 372 174 575 631
1406 4 2 1 1 385 208 596 667
1407 4 2 1 1 109 643 107 653
1408 4 2 1 1 529 630 566 699
1409 4 2 1 1 106 383 135 670
1410 4 2 1 1 536 619 580 640
1411 4 2 1 1 349 220 198 681
1412 4 2 1 1 90 92 168 567
1413 4 2 1 1 360 624 413 668
1414 4 2 1 1 29 30 66 598
1415 4 2 1 1 513 512 556 637
1416 4 2 1 1 566 576 537 674
1417 4 2 1 1 443 606 187 684
1418 4 2 1 1 549 667 604 694
1419 4 2 1 1 104 571 99 691
1420 4 2 1 1 322 676 156 692
1421 4 2 1 1 453 338 340 604
1422 4 2 1 1 418 565 657 696
1423 4 2 1 1 102 98 103 665
1424 4 2 1 1 497 477 70 633
1425 4 2 1 1 562 527 602 635
1426 4 2 1 1 221 428 182 647
1427 4 2 1 1 314 216 206 673
1428 4 2 1 1 217 550 274 623
1429 4 2 1 1 560 533 603 612
1430 4 2 1 1 511 551 503 658
1431 4 2 1 1 550 535 652 662
1432 4 2 1 1 249 248 247 668
1433 4 2 1 1 553 608 535 652
1434 4 2 1 1 104 105 615 670
1435 4 2 1 1 569 577 550 690
1436 4 2 1 1 23 562 62 646
1437 4 2 1 1 296 556 614 663
1438 4 2 1 1 334 61 580 640
1439 4 2 1 1 67 418 565 657
1440 4 2 1 1 163 145 590 631
1441 4 2 1 1 563 653 539 682
1442 4 2 1 1 521 502 524 578
1443 4 2 1 1 208 201 596 667
1444 4 2 1 1 181 445 391 600
1445 4 2 1 1 458 384 180 555
1446 4 2 1 1 121 122 123 650
1447 4 2 1 1 121 120 122 650
1448 4 2 1 1 21 332 73 635
1449 4 2 1 1 460 289 588 651
1450 4 2 1 1 71 509 465 660
1451 4 2 1 1 483 553 486 661
1452 4 2 1 1 273 170 331 678
1453 4 2 1 1 548 599 554 680
1454 4 2 1 1 554 599 527 680
1455 4 2 1 1 166 629 172 689
1456 4 2 1 1 394 575 277 654
1457 4 2 1 1 602 640 91 677
1458 4 2 1 1 171 659 577 690
1459 4 2 1 1 214 197 374 681
1460 4 2 1 1 217 216 264 659
1461 4 2 1 1 392 91 640 677
1462 4 2 1 1 394 306 255 642
1463 4 2 1 1 329 148 330 627
1464 4 2 1 1 291 671 588 675
1465 4 2 1 1 474 425 627 657
1466 4 2 1 1 505 526 556 663
1467 4 2 1 1 79 422 521 663
1468 4 2 1 1 380 364 423 643
1469 4 2 1 1 553 618 486 652
1470 4 2 1 1 72 618 274 634
1471 4 2 1 1 207 205 206 648
1472 4 2 1 1 110 638 591 653
1473 4 2 1 1 582 642 304 654
1474 4 2 1 1 217 623 216 659
1475 4 2 1 1 313 210 207 648
1476 4 2 1 1 247 245 438 563
1477 4 2 1 1 288 291 290 671
1478 4 2 1 1 162 149 150 676
1479 4 2 1 1 554 599 548 672
1480 4 2 1 1 282 445 600 646
1481 4 2 1 1 579 645 638 697
1482 4 2 1 1 546 667 597 694
1483 4 2 1 1 131 121 123 607
1484 4 2 1 1 286 282 287 609
1485 4 2 1 1 473 451 68 569
1486 4 2 1 1 149 639 150 676
1487 4 2 1 1 534 614 567 680
1488 4 2 1 1 254 255 452 642
1489 4 2 1 1 573 611 532 636
1490 4 2 1 1 546 585 664 694
1491 4 2 1 1 27 595 624 671
1492 4 2 1 1 385 208 201 596
1493 4 2 1 1 546 607 585 694
1494 4 2 1 1 281 282 286 646
1495 4 2 1 1 433 441 369 666
1496 4 2 1 1 461 353 81 658
1497 4 2 1 1 524 513 526 663
1498 4 2 1 1 363 595 28 655
1499 4 2 1 1 534 554 614 680
1500 4 2 1 1 307 77 309 582
1501 4 2 1 1 180 555 384 695
1502 4 2 1 1 386 638 110 653
1503 4 2 1 1 33 351 65 611
1504 4 2 1 1 303 627 474 683
1505 4 2 1 1 595 671 76 675
1506 4 2 1 1 397 634 398 690
1507 4 2 1 1 545 624 563 682
1508 4 2 1 1 568 613 528 619
1509 4 2 1 1 585 607 547 694
1510 4 2 1 1 528 613 580 619
1511 4 2 1 1 101 104 99 691
1512 4 2 1 1 221 423 428 647
1513 4 2 1 1 530 577 605 616
1514 4 2 1 1 449 86 308 553
1515 4 2 1 1 575 616 537 669
1516 4 2 1 1 411 606 443 684
1517 4 2 1 1 536 640 602 677
1518 4 2 1 1 288 651 588 671
1519 4 2 1 1 104 105 133 615
1520 4 2 1 1 265 576 345 659
1521 4 2 1 1 372 161 174 631
1522 4 2 1 1 442 334 61 580
1523 4 2 1 1 488 499 501 633
1524 4 2 1 1 425 578 467 683
1525 4 2 1 1 406 219 336 664
1526 4 2 1 1 152 639 589 676
1527 4 2 1 1 334 333 61 640
1528 4 2 1 1 540 558 685 688
1529 4 2 1 1 530 582 581 654
1530 4 2 1 1 272 569 473 690
1531 4 2 1 1 167 352 672 692
1532 4 2 1 1 234 236 375 685
1533 4 2 1 1 202 596 201 664
1534 4 2 1 1 330 143 149 564
1535 4 2 1 1 425 303 474 683
1536 4 2 1 1 89 602 90 686
1537 4 2 1 1 39 582 304 654
1538 4 2 1 1 556 513 637 663
1539 4 2 1 1 113 134 367 666
1540 4 2 1 1 83 556 296 663
1541 4 2 1 1 530 601 623 648
1542 4 2 1 1 285 270 461 551
1543 4 2 1 1 476 632 273 678
1544 4 2 1 1 562 541 629 646
1545 4 2 1 1 617 645 538 697
1546 4 2 1 1 342 34 59 636
1547 4 2 1 1 122 124 123 650
1548 4 2 1 1 283 465 284 660
1549 4 2 1 1 264 216 265 659
1550 4 2 1 1 91 90 89 602
1551 4 2 1 1 590 630 141 679
1552 4 2 1 1 126 141 128 630
1553 4 2 1 1 102 586 96 665
1554 4 2 1 1 134 594 441 666
1555 4 2 1 1 370 212 189 684
1556 4 2 1 1 28 363 408 595
1557 4 2 1 1 343 359 406 566
1558 4 2 1 1 573 622 532 688
1559 4 2 1 1 126 141 630 679
1560 4 2 1 1 172 279 599 629
1561 4 2 1 1 257 259 309 601
1562 4 2 1 1 572 588 555 682
1563 4 2 1 1 574 532 610 650
1564 4 2 1 1 97 96 95 665
1565 4 2 1 1 114 116 115 617
1566 4 2 1 1 426 593 223 644
1567 4 2 1 1 528 609 580 613
1568 4 2 1 1 100 97 389 691
1569 4 2 1 1 318 319 59 636
1570 4 2 1 1 340 604 339 667
1571 4 2 1 1 219 566 359 673
1572 4 2 1 1 76 595 27 671
1573 4 2 1 1 583 584 547 693
1574 4 2 1 1 305 608 452 642
1575 4 2 1 1 528 568 619 691
1576 4 2 1 1 64 27 408 624
1577 4 2 1 1 540 558 621 685
1578 4 2 1 1 531 588 572 682
1579 4 2 1 1 96 586 94 677
1580 4 2 1 1 230 278 323 660
1581 4 2 1 1 599 672 352 692
1582 4 2 1 1 552 544 628 669
1583 4 2 1 1 285 278 270 551
1584 4 2 1 1 555 647 572 682
1585 4 2 1 1 175 587 155 656
1586 4 2 1 1 109 364 107 643
1587 4 2 1 1 150 639 152 676
1588 4 2 1 1 155 175 176 587
1589 4 2 1 1 311 57 299 598
1590 4 2 1 1 500 489 479 634
1591 4 2 1 1 425 424 69 578
1592 4 2 1 1 421 376 610 650
1593 4 2 1 1 361 31 362 621
1594 4 2 1 1 291 588 460 675
1595 4 2 1 1 22 62 23 562
1596 4 2 1 1 530 576 623 659
1597 4 2 1 1 24 61 23 580
1598 4 2 1 1 578 637 534 657
1599 4 2 1 1 200 202 201 664
1600 4 2 1 1 411 293 443 606
1601 4 2 1 1 537 552 631 669
1602 4 2 1 1 129 343 630 674
1603 4 2 1 1 279 352 599 672
1604 4 2 1 1 537 631 552 699
1605 4 2 1 1 497 70 419 633
1606 4 2 1 1 110 591 109 653
1607 4 2 1 1 412 619 568 691
1608 4 2 1 1 422 462 302 683
1609 4 2 1 1 562 541 646 698
1610 4 2 1 1 109 591 136 643
1611 4 2 1 1 91 602 253 640
1612 4 2 1 1 565 534 637 657
1613 4 2 1 1 96 94 95 677
1614 4 2 1 1 360 64 413 624
1615 4 2 1 1 152 589 156 676
1616 4 2 1 1 348 119 121 574
1617 4 2 1 1 164 93 392 677
1618 4 2 1 1 495 478 466 618
1619 4 2 1 1 399 274 217 550
1620 4 2 1 1 356 99 571 665
1621 4 2 1 1 460 588 288 651
1622 4 2 1 1 196 622 593 681
1623 4 2 1 1 303 327 328 627
1624 4 2 1 1 244 267 242 579
1625 4 2 1 1 278 464 71 660
1626 4 2 1 1 390 590 141 679
1627 4 2 1 1 256 356 104 571
1628 4 2 1 1 327 168 92 567
1629 4 2 1 1 130 407 347 585
1630 4 2 1 1 72 400 274 618
1631 4 2 1 1 260 401 450 618
1632 4 2 1 1 565 534 657 696
1633 4 2 1 1 133 105 380 615
1634 4 2 1 1 41 84 40 661
1635 4 2 1 1 102 96 98 665
1636 4 2 1 1 175 410 381 587
1637 4 2 1 1 171 346 659 690
1638 4 2 1 1 430 222 570 666
1639 4 2 1 1 552 628 544 699
1640 4 2 1 1 500 481 490 632
1641 4 2 1 1 404 405 250 619
1642 4 2 1 1 134 441 433 666
1643 4 2 1 1 163 161 145 631
1644 4 2 1 1 530 601 582 662
1645 4 2 1 1 566 596 529 699
1646 4 2 1 1 229 232 584 693
1647 4 2 1 1 536 562 640 698
1648 4 2 1 1 555 539 647 682
1649 4 2 1 1 548 620 564 680
1650 4 2 1 1 282 280 445 646
1651 4 2 1 1 20 75 21 635
1652 4 2 1 1 572 647 539 682
1653 4 2 1 1 535 632 569 652
1654 4 2 1 1 385 340 208 667
1655 4 2 1 1 268 620 323 660
1656 4 2 1 1 272 171 577 690
1657 4 2 1 1 440 617 377 645
1658 4 2 1 1 434 426 223 644
1659 4 2 1 1 330 564 149 696
1660 4 2 1 1 564 627 534 696
1661 4 2 1 1 530 575 654 669
1662 4 2 1 1 210 601 257 648
1663 4 2 1 1 159 226 225 605
1664 4 2 1 1 482 608 501 633
1665 4 2 1 1 361 379 66 621
1666 4 2 1 1 387 393 227 583
1667 4 2 1 1 476 456 632 678
1668 4 2 1 1 79 462 422 663
1669 4 2 1 1 280 62 275 629
1670 4 2 1 1 580 640 562 698
1671 4 2 1 1 322 156 158 692
1672 4 2 1 1 537 552 669 699
1673 4 2 1 1 544 669 552 699
1674 4 2 1 1 427 222 186 570
1675 4 2 1 1 215 207 206 623
1676 4 2 1 1 503 511 516 551
1677 4 2 1 1 109 591 643 653
1678 4 2 1 1 359 219 406 566
1679 4 2 1 1 329 627 330 696
1680 4 2 1 1 184 183 182 572
1681 4 2 1 1 530 654 581 669
1682 4 2 1 1 496 447 469 608
1683 4 2 1 1 542 622 573 688
1684 4 2 1 1 412 389 619 691
1685 4 2 1 1 434 348 426 644
1686 4 2 1 1 412 249 431 568
1687 4 2 1 1 227 229 583 693
1688 4 2 1 1 440 138 377 617
1689 4 2 1 1 492 463 398 634
1690 4 2 1 1 388 262 232 584
1691 4 2 1 1 125 130 347 585
1692 4 2 1 1 18 83 468 556
1693 4 2 1 1 231 584 232 693
1694 4 2 1 1 545 555 651 682
1695 4 2 1 1 392 91 253 640
1696 4 2 1 1 477 632 70 633
1697 4 2 1 1 528 619 580 698
1698 4 2 1 1 306 394 277 654
1699 4 2 1 1 340 339 341 667
1700 4 2 1 1 100 99 97 691
1701 4 2 1 1 423 365 428 643
1702 4 2 1 1 520 508 470 658
1703 4 2 1 1 167 165 352 692
1704 4 2 1 1 514 504 516 565
1705 4 2 1 1 371 390 141 679
1706 4 2 1 1 532 611 573 688
1707 4 2 1 1 233 429 235 610
1708 4 2 1 1 341 320 321 597
1709 4 2 1 1 110 109 108 653
1710 4 2 1 1 40 304 39 582
1711 4 2 1 1 241 436 243 645
1712 4 2 1 1 451 494 481 632
1713 4 2 1 1 227 583 228 693
1714 4 2 1 1 202 336 219 664
1715 4 2 1 1 466 72 495 618
1716 4 2 1 1 557 645 579 687
1717 4 2 1 1 307 39 77 582
1718 4 2 1 1 537 631 575 669
1719 4 2 1 1 58 651 288 671
1720 4 2 1 1 260 450 259 601
1721 4 2 1 1 543 655 595 687
1722 4 2 1 1 80 447 482 633
1723 4 2 1 1 178 177 176 695
1724 4 2 1 1 58 609 286 651
1725 4 2 1 1 452 608 80 633
1726 4 2 1 1 68 472 397 569
1727 4 2 1 1 480 608 469 661
1728 4 2 1 1 341 597 374 667
1729 4 2 1 1 169 325 147 616
1730 4 2 1 1 591 638 110 697
1731 4 2 1 1 588 651 555 682
1732 4 2 1 1 226 394 255 605
1733 4 2 1 1 229 231 232 693
1734 4 2 1 1 227 228 229 693
1735 4 2 1 1 313 207 215 623
1736 4 2 1 1 415 24 25 609
1737 4 2 1 1 99 104 356 571
1738 4 2 1 1 27 624 64 671
1739 4 2 1 1 541 656 589 689
1740 4 2 1 1 523 505 468 663
1741 4 2 1 1 468 556 83 663
1742 4 2 1 1 535 605 577 678
1743 4 2 1 1 460 288 289 651
1744 4 2 1 1 412 568 383 691
1745 4 2 1 1 72 484 495 618
1746 4 2 1 1 335 152 156 676
1747 4 2 1 1 531 595 579 687
1748 4 2 1 1 166 391 218 689
1749 4 2 1 1 412 431 383 568
1750 4 2 1 1 427 430 222 570
1751 4 2 1 1 551 511 637 658
1752 4 2 1 1 428 184 182 572
1753 4 2 1 1 534 567 614 683
1754 4 2 1 1 388 65 351 611
1755 4 2 1 1 386 110 108 653
1756 4 2 1 1 541 600 646 698
1757 4 2 1 1 125 126 127 679
1758 4 2 1 1 133 380 416 615
1759 4 2 1 1 404 164 405 619
1760 4 2 1 1 156 676 589 692
1761 4 2 1 1 296 83 87 614
1762 4 2 1 1 543 557 655 687
1763 4 2 1 1 557 538 645 687
1764 4 2 1 1 479 492 398 634
1765 4 2 1 1 150 151 152 639
1766 4 2 1 1 284 459 252 565
1767 4 2 1 1 571 670 615 691
1768 4 2 1 1 293 291 460 675
1769 4 2 1 1 172 275 279 629
1770 4 2 1 1 511 516 551 637
1771 4 2 1 1 553 652 535 662
1772 4 2 1 1 29 57 30 598
1773 4 2 1 1 250 269 248 613
1774 4 2 1 1 243 244 242 579
1775 4 2 1 1 536 640 580 698
1776 4 2 1 1 534 578 657 683
1777 4 2 1 1 74 39 304 654
1778 4 2 1 1 108 107 106 653
1779 4 2 1 1 229 232 262 584
1780 4 2 1 1 567 627 534 680
1781 4 2 1 1 456 70 476 632
1782 4 2 1 1 119 120 121 574
1783 4 2 1 1 290 671 291 675
1784 4 2 1 1 572 643 539 647
1785 4 2 1 1 564 534 627 680
1786 4 2 1 1 575 631 552 669
1787 4 2 1 1 511 512 637 658
1788 4 2 1 1 137 110 638 697
1789 4 2 1 1 566 537 630 674
1790 4 2 1 1 534 657 627 683
1791 4 2 1 1 403 612 213 649
1792 4 2 1 1 165 157 689 692
1793 4 2 1 1 434 354 437 644
1794 4 2 1 1 429 421 376 610
1795 4 2 1 1 164 95 93 677
1796 4 2 1 1 290 76 671 675
1797 4 2 1 1 443 211 185 606
1798 4 2 1 1 215 206 216 623
1799 4 2 1 1 288 460 291 588
1800 4 2 1 1 386 137 110 638
1801 4 2 1 1 410 133 416 615
1802 4 2 1 1 272 171 170 577
1803 4 2 1 1 279 295 352 672
1804 4 2 1 1 248 613 269 668
1805 4 2 1 1 286 609 287 651
1806 4 2 1 1 65 362 32 685
1807 4 2 1 1 353 626 85 658
1808 4 2 1 1 521 44 79 507
1809 4 2 1 1 597 667 546 681
1810 4 2 1 1 89 332 253 602
1811 4 2 1 1 219 359 314 673
1812 4 2 1 1 135 108 106 653
1813 4 2 1 1 201 208 199 667
1814 4 2 1 1 412 389 404 619
1815 4 2 1 1 103 98 356 665
1816 4 2 1 1 35 337 36 625
1817 4 2 1 1 336 407 406 664
1818 4 2 1 1 335 150 152 676
1819 4 2 1 1 304 642 306 654
1820 4 2 1 1 274 313 215 623
1821 4 2 1 1 389 164 404 619
1822 4 2 1 1 72 274 399 634
1823 4 2 1 1 434 437 132 644
1824 4 2 1 1 301 462 614 683
1825 4 2 1 1 316 319 318 573
1826 4 2 1 1 451 420 494 632
1827 4 2 1 1 564 627 567 680
1828 4 2 1 1 238 379 263 621
1829 4 2 1 1 545 651 588 682
1830 4 2 1 1 40 86 41 661
1831 4 2 1 1 564 620 548 676
1832 4 2 1 1 60 395 393 625
1833 4 2 1 1 40 39 307 582
1834 4 2 1 1 290 58 288 671
1835 4 2 1 1 179 381 647 695
1836 4 2 1 1 165 157 166 689
1837 4 2 1 1 289 287 457 651
1838 4 2 1 1 540 685 611 688
1839 4 2 1 1 392 334 405 640
1840 4 2 1 1 11 472 492 398
1841 4 2 1 1 566 630 537 699
1842 4 2 1 1 358 439 432 641
1843 4 2 1 1 176 587 381 695
1844 4 2 1 1 294 75 279 635
1845 4 2 1 1 301 88 90 686
1846 4 2 1 1 257 258 209 648
1847 4 2 1 1 139 432 429 641
1848 4 2 1 1 283 252 620 660
1849 4 2 1 1 480 501 608 661
1850 4 2 1 1 387 227 229 583
1851 4 2 1 1 214 374 321 597
1852 4 2 1 1 459 284 67 565
1853 4 2 1 1 376 122 120 650
1854 4 2 1 1 109 136 364 643
1855 4 2 1 1 536 580 619 698
1856 4 2 1 1 176 175 381 587
1857 4 2 1 1 539 643 572 682
1858 4 2 1 1 145 390 163 590
1859 4 2 1 1 492 484 463 634
1860 4 2 1 1 217 274 215 623
1861 4 2 1 1 311 30 57 598
1862 4 2 1 1 515 524 502 578
1863 4 2 1 1 425 467 303 683
1864 4 2 1 1 84 608 305 642
1865 4 2 1 1 28 297 29 655
1866 4 2 1 1 225 605 254 678
1867 4 2 1 1 484 618 72 634
1868 4 2 1 1 513 511 512 637
1869 4 2 1 1 21 22 332 635
1870 4 2 1 1 167 271 270 672
1871 4 2 1 1 301 614 88 686
1872 4 2 1 1 473 569 397 690
1873 4 2 1 1 550 634 618 652
1874 4 2 1 1 126 630 127 679
1875 4 2 1 1 154 157 156 589
1876 4 2 1 1 349 196 593 681
1877 4 2 1 1 411 292 293 675
1878 4 2 1 1 24 23 281 646
1879 4 2 1 1 438 245 435 638
1880 4 2 1 1 472 479 492 398
1881 4 2 1 1 413 624 246 668
1882 4 2 1 1 58 25 286 609
1883 4 2 1 1 197 622 196 681
1884 4 2 1 1 443 293 211 606
1885 4 2 1 1 111 136 109 591
1886 4 2 1 1 221 182 179 647
1887 4 2 1 1 316 366 319 573
1888 4 2 1 1 222 433 369 666
1889 4 2 1 1 627 657 534 696
1890 4 2 1 1 474 627 329 657
1891 4 2 1 1 192 191 190 603
1892 4 2 1 1 448 353 85 658
1893 4 2 1 1 534 627 567 683
1894 4 2 1 1 94 96 326 586
1895 4 2 1 1 478 401 466 618
1896 4 2 1 1 454 310 63 628
1897 4 2 1 1 374 341 321 597
1898 4 2 1 1 197 195 196 622
1899 4 2 1 1 237 239 238 592
1900 4 2 1 1 213 403 370 612
1901 4 2 1 1 514 525 504 565
1902 4 2 1 1 153 155 154 656
1903 4 2 1 1 550 569 634 652
1904 4 2 1 1 392 93 91 677
1905 4 2 1 1 11 472 479 492
1906 4 2 1 1 568 670 383 691
1907 4 2 1 1 349 196 223 593
1908 4 2 1 1 220 407 336 664
1909 4 2 1 1 199 374 197 681
1910 4 2 1 1 272 346 171 690
1911 4 2 1 1 545 563 624 668
1912 4 2 1 1 115 355 134 594
1913 4 2 1 1 156 589 157 692
1914 4 2 1 1 166 218 629 689
1915 4 2 1 1 421 140 376 650
1916 4 2 1 1 564 676 548 680
1917 4 2 1 1 381 221 179 647
1918 4 2 1 1 154 157 589 689
1919 4 2 1 1 65 388 375 611
1920 4 2 1 1 27 76 28 595
1921 4 2 1 1 226 255 254 605
1922 4 2 1 1 122 140 124 650
1923 4 2 1 1 226 254 225 605
1924 4 2 1 1 203 201 202 596
1925 4 2 1 1 268 620 162 676
1926 4 2 1 1 477 70 6 497
1927 4 2 1 1 313 260 210 601
1928 4 2 1 1 111 591 110 697
1929 4 2 1 1 354 434 223 644
1930 4 2 1 1 347 414 131 607
1931 4 2 1 1 403 299 300 612
1932 4 2 1 1 67 417 418 657
1933 4 2 1 1 257 210 259 601
1934 4 2 1 1 452 305 80 608
1935 4 2 1 1 153 151 402 656
1936 4 2 1 1 474 329 455 657
1937 4 2 1 1 258 454 453 628
1938 4 2 1 1 80 608 447 633
1939 4 2 1 1 353 448 81 658
1940 4 2 1 1 147 159 160 616
1941 4 2 1 1 263 621 362 685
1942 4 2 1 1 214 366 373 622
1943 4 2 1 1 397 473 68 569
1944 4 2 1 1 109 107 108 653
1945 4 2 1 1 508 510 448 658
1946 4 2 1 1 77 38 310 581
1947 4 2 1 1 499 632 477 633
1948 4 2 1 1 586 665 536 677
1949 4 2 1 1 174 277 394 575
1950 4 2 1 1 192 190 224 603
1951 4 2 1 1 415 269 442 613
1952 4 2 1 1 322 268 335 676
1953 4 2 1 1 483 493 471 661
1954 4 2 1 1 396 228 390 693
1955 4 2 1 1 449 483 471 661
1956 4 2 1 1 356 98 99 665
1957 4 2 1 1 475 456 254 678
1958 4 2 1 1 421 231 396 693
1959 4 2 1 1 329 657 627 696
1960 4 2 1 1 180 384 178 695
1961 4 2 1 1 588 671 545 682
1962 4 2 1 1 375 65 611 685
1963 4 2 1 1 562 646 580 698
1964 4 2 1 1 377 138 114 617
1965 4 2 1 1 429 233 421 610
1966 4 2 1 1 449 471 86 661
1967 4 2 1 1 5 482 497 633
1968 4 2 1 1 520 512 508 658
1969 4 2 1 1 420 451 273 632
1970 4 2 1 1 92 91 93 677
1971 4 2 1 1 331 476 273 678
1972 4 2 1 1 329 328 148 627
1973 4 2 1 1 381 416 221 647
1974 4 2 1 1 474 455 425 657
1975 4 2 1 1 138 116 114 617
1976 4 2 1 1 330 149 251 696
1977 4 2 1 1 498 9 451 68
1978 4 2 1 1 145 141 390 590
1979 4 2 1 1 339 338 337 604
1980 4 2 1 1 39 74 38 654
1981 4 2 1 1 477 494 70 632
1982 4 2 1 1 96 102 326 586
1983 4 2 1 1 260 400 401 618
1984 4 2 1 1 430 433 222 666
1985 4 2 1 1 419 70 475 633
1986 4 2 1 1 490 488 489 652
1987 4 2 1 1 91 89 253 602
1988 4 2 1 1 264 265 345 659
1989 4 2 1 1 127 129 343 630
1990 4 2 1 1 154 156 152 589
1991 4 2 1 1 412 100 389 691
1992 4 2 1 1 193 373 213 649
1993 4 2 1 1 409 246 413 624
1994 4 2 1 1 111 109 110 591
1995 4 2 1 1 76 292 297 675
1996 4 2 1 1 283 620 268 660
1997 4 2 1 1 88 614 87 686
1998 4 2 1 1 322 335 156 676
1999 4 2 1 1 353 295 626 672
2000 4 2 1 1 361 362 263 621
2001 4 2 1 1 348 434 132 644
2002 4 2 1 1 104 101 105 670
2003 4 2 1 1 173 261 174 631
2004 4 2 1 1 237 439 239 592
2005 4 2 1 1 467 425 69 578
2006 4 2 1 1 174 394 372 575
2007 4 2 1 1 505 2 18 520
2008 4 2 1 1 77 310 276 581
2009 4 2 1 1 349 223 426 593
2010 4 2 1 1 107 105 106 670
2011 4 2 1 1 215 216 217 623
2012 4 2 1 1 74 304 306 654
2013 4 2 1 1 247 248 246 668
2014 4 2 1 1 436 645 377 697
2015 4 2 1 1 425 455 424 657
2016 4 2 1 1 290 76 27 671
2017 4 2 1 1 163 173 161 631
2018 4 2 1 1 355 441 134 594
2019 4 2 1 1 123 347 131 607
2020 4 2 1 1 203 385 201 596
2021 4 2 1 1 416 423 221 647
2022 4 2 1 1 268 162 335 676
2023 4 2 1 1 497 70 6 419
2024 4 2 1 1 64 408 409 624
2025 4 2 1 1 135 386 108 653
2026 4 2 1 1 511 503 510 658
2027 4 2 1 1 498 451 9 481
2028 4 2 1 1 491 618 634 652
2029 4 2 1 1 38 74 312 654
2030 4 2 1 1 408 27 28 595
2031 4 2 1 1 360 413 269 668
2032 4 2 1 1 137 436 377 697
2033 4 2 1 1 290 291 76 675
2034 4 2 1 1 589 689 157 692
2035 4 2 1 1 479 398 472 634
2036 4 2 1 1 126 128 127 630
2037 4 2 1 1 577 659 550 690
2038 4 2 1 1 250 442 269 613
2039 4 2 1 1 588 651 545 671
2040 4 2 1 1 129 344 343 674
2041 4 2 1 1 264 659 346 690
2042 4 2 1 1 457 282 445 600
2043 4 2 1 1 508 448 470 658
2044 4 2 1 1 550 634 569 690
2045 4 2 1 1 252 459 251 696
2046 4 2 1 1 331 160 225 678
2047 4 2 1 1 490 477 499 632
2048 4 2 1 1 200 220 336 664
2049 4 2 1 1 344 324 345 674
2050 4 2 1 1 284 49 67 522
2051 4 2 1 1 457 445 181 600
2052 4 2 1 1 510 81 448 658
2053 4 2 1 1 147 160 169 616
2054 4 2 1 1 446 83 296 663
2055 4 2 1 1 418 657 329 696
2056 4 2 1 1 444 19 85 626
2057 4 2 1 1 144 149 143 639
2058 4 2 1 1 446 468 83 663
2059 4 2 1 1 172 279 352 599
2060 4 2 1 1 88 87 73 686
2061 4 2 1 1 252 251 620 696
2062 4 2 1 1 70 494 420 632
2063 4 2 1 1 51 465 509 517
2064 4 2 1 1 266 397 398 690
2065 4 2 1 1 171 346 345 659
2066 4 2 1 1 84 469 608 661
2067 4 2 1 1 470 448 85 658
2068 4 2 1 1 124 126 125 679
2069 4 2 1 1 365 364 136 643
2070 4 2 1 1 97 99 98 665
2071 4 2 1 1 218 172 166 629
2072 4 2 1 1 318 59 33 636
2073 4 2 1 1 84 305 304 642
2074 4 2 1 1 283 252 268 620
2075 4 2 1 1 49 284 504 522
2076 4 2 1 1 417 424 455 657
2077 4 2 1 1 430 367 433 666
2078 4 2 1 1 383 670 101 691
2079 4 2 1 1 462 79 296 663
2080 4 2 1 1 522 506 48 417
2081 4 2 1 1 44 79 422 521
2082 4 2 1 1 92 93 94 677
2083 4 2 1 1 484 491 618 634
2084 4 2 1 1 74 277 312 654
2085 4 2 1 1 266 264 346 690
2086 4 2 1 1 100 412 383 691
2087 4 2 1 1 272 473 397 690
2088 4 2 1 1 207 209 205 648
2089 4 2 1 1 69 422 467 578
2090 4 2 1 1 66 378 363 655
2091 4 2 1 1 476 420 273 632
2092 4 2 1 1 505 523 526 663
2093 4 2 1 1 480 487 501 661
2094 4 2 1 1 34 351 33 636
2095 4 2 1 1 491 486 618 652
2096 4 2 1 1 252 251 162 620
2097 4 2 1 1 519 464 53 503
2098 4 2 1 1 491 634 489 652
2099 4 2 1 1 548 672 599 692
2100 4 2 1 1 189 212 187 684
2101 4 2 1 1 317 315 403 649
2102 4 2 1 1 14 466 495 478
2103 4 2 1 1 206 205 204 673
2104 4 2 1 1 259 210 260 601
2105 4 2 1 1 523 468 446 663
2106 4 2 1 1 58 286 287 651
2107 4 2 1 1 411 212 300 684
2108 4 2 1 1 69 502 45 521
2109 4 2 1 1 398 492 11 463
2110 4 2 1 1 280 275 218 629
2111 4 2 1 1 112 111 110 697
2112 4 2 1 1 162 150 335 676
2113 4 2 1 1 301 302 462 683
2114 4 2 1 1 60 36 395 625
2115 4 2 1 1 284 465 50 517
2116 4 2 1 1 296 301 462 614
2117 4 2 1 1 454 338 453 628
2118 4 2 1 1 418 455 329 657
2119 4 2 1 1 7 70 477 494
2120 4 2 1 1 484 491 495 618
2121 4 2 1 1 339 340 338 604
2122 4 2 1 1 433 367 134 666
2123 4 2 1 1 24 286 25 609
2124 4 2 1 1 21 294 22 635
2125 4 2 1 1 386 438 435 638
2126 4 2 1 1 464 52 71 519
2127 4 2 1 1 97 98 96 665
2128 4 2 1 1 1 493 480 661
2129 4 2 1 1 423 364 365 643
2130 4 2 1 1 27 64 26 671
2131 4 2 1 1 419 5 497 633
2132 4 2 1 1 526 507 524 663
2133 4 2 1 1 353 271 295 672
2134 4 2 1 1 150 144 151 639
2135 4 2 1 1 507 523 43 663
2136 4 2 1 1 200 336 202 664
2137 4 2 1 1 447 80 305 608
2138 4 2 1 1 466 400 72 618
2139 4 2 1 1 482 501 499 633
2140 4 2 1 1 199 208 374 667
2141 4 2 1 1 60 35 36 625
2142 4 2 1 1 303 328 474 627
2143 4 2 1 1 379 361 263 621
2144 4 2 1 1 386 435 137 638
2145 4 2 1 1 100 383 101 691
2146 4 2 1 1 517 50 284 504
2147 4 2 1 1 422 69 45 521
2148 4 2 1 1 101 99 100 691
2149 4 2 1 1 509 71 52 519
2150 4 2 1 1 349 198 196 681
2151 4 2 1 1 127 128 129 630
2152 4 2 1 1 463 492 12 484
2153 4 2 1 1 283 268 323 660
2154 4 2 1 1 94 93 95 677
2155 4 2 1 1 353 295 444 626
2156 4 2 1 1 8 451 494 481
2157 4 2 1 1 306 277 74 654
2158 4 2 1 1 175 155 153 656
2159 4 2 1 1 23 62 281 646
2160 4 2 1 1 454 63 338 628
2161 4 2 1 1 282 281 280 646
2162 4 2 1 1 522 48 67 417
2163 4 2 1 1 502 46 518 69
2164 4 2 1 1 161 173 174 631
2165 4 2 1 1 370 403 300 612
2166 4 2 1 1 175 153 402 656
2167 4 2 1 1 14 466 478 401
2168 4 2 1 1 168 302 301 683
2169 4 2 1 1 179 176 381 695
2170 4 2 1 1 514 513 515 637
2171 4 2 1 1 71 465 283 660
2172 4 2 1 1 252 162 268 620
2173 4 2 1 1 70 7 420 494
2174 4 2 1 1 46 518 69 424
2175 4 2 1 1 479 484 492 634
2176 4 2 1 1 371 141 126 679
2177 4 2 1 1 409 413 64 624
2178 4 2 1 1 436 241 440 645
2179 4 2 1 1 84 41 469 661
2180 4 2 1 1 1 480 41 661
2181 4 2 1 1 41 480 469 661
2182 4 2 1 1 255 305 452 642
2183 4 2 1 1 447 305 84 608
2184 4 2 1 1 140 122 376 650
2185 4 2 1 1 197 214 195 622
2186 4 2 1 1 290 26 58 671
2187 4 2 1 1 195 214 373 622
2188 4 2 1 1 469 447 84 608
2189 4 2 1 1 503 464 53 285
2190 4 2 1 1 1 41 493 661
2191 4 2 1 1 124 371 126 679
2192 4 2 1 1 167 158 165 692
2193 4 2 1 1 491 486 478 618
2194 4 2 1 1 219 314 204 673
2195 4 2 1 1 263 375 236 685
2196 4 2 1 1 47 518 424 417
2197 4 2 1 1 156 157 158 692
2198 4 2 1 1 518 47 506 417
2199 4 2 1 1 497 499 477 633
2200 4 2 1 1 463 484 72 634
2201 4 2 1 1 154 382 157 689
2202 4 2 1 1 294 21 75 635
2203 4 2 1 1 491 478 495 618
2204 4 2 1 1 208 340 341 667
2205 4 2 1 1 418 417 455 657
2206 4 2 1 1 420 8 451 494
2207 4 2 1 1 166 382 391 689
2208 4 2 1 1 210 257 209 648
2209 4 2 1 1 296 87 88 614
2210 4 2 1 1 144 150 149 639
2211 4 2 1 1 363 28 29 655
2212 4 2 1 1 139 118 358 641
2213 4 2 1 1 436 440 377 645
2214 4 2 1 1 505 18 2 468
2215 4 2 1 1 41 1 469 480
2216 4 2 1 1 466 401 400 618
2217 4 2 1 1 225 254 456 678
2218 4 2 1 1 43 523 446 663
2219 4 2 1 1 199 197 198 681
2220 4 2 1 1 88 89 90 686
2221 4 2 1 1 491 479 489 634
2222 4 2 1 1 375 362 65 685
2223 4 2 1 1 253 333 334 640
2224 4 2 1 1 466 72 13 495
2225 4 2 1 1 5 80 482 633
2226 4 2 1 1 489 488 486 652
2227 4 2 1 1 34 33 59 636
2228 4 2 1 1 248 413 246 668
2229 4 2 1 1 296 88 301 614
2230 4 2 1 1 508 56 520 470
2231 4 2 1 1 483 487 493 661
2232 4 2 1 1 278 71 323 660
2233 4 2 1 1 17 471 483 493
2234 4 2 1 1 180 178 179 695
2235 4 2 1 1 373 317 213 649
2236 4 2 1 1 62 280 281 646
2237 4 2 1 1 465 71 51 509
2238 4 2 1 1 490 481 494 632
2239 4 2 1 1 88 73 89 686
2240 4 2 1 1 212 443 187 684
2241 4 2 1 1 475 452 419 633
2242 4 2 1 1 484 479 491 634
2243 4 2 1 1 207 210 209 648
2244 4 2 1 1 507 43 79 663
2245 4 2 1 1 510 55 508 448
2246 4 2 1 1 341 374 208 667
2247 4 2 1 1 41 471 493 661
2248 4 2 1 1 511 513 514 637
2249 4 2 1 1 352 271 167 672
2250 4 2 1 1 510 508 511 658
2251 4 2 1 1 218 275 172 629
2252 4 2 1 1 328 329 474 627
2253 4 2 1 1 212 411 443 684
2254 4 2 1 1 129 325 324 674
2255 4 2 1 1 253 334 392 640
2256 4 2 1 1 383 106 101 670
2257 4 2 1 1 484 13 72 495
2258 4 2 1 1 168 303 302 683
2259 4 2 1 1 29 66 363 655
2260 4 2 1 1 314 206 204 673
2261 4 2 1 1 420 476 70 632
2262 4 2 1 1 444 85 353 626
2263 4 2 1 1 248 269 413 668
2264 4 2 1 1 496 469 3 480
2265 4 2 1 1 523 505 42 468
2266 4 2 1 1 511 514 516 637
2267 4 2 1 1 346 264 345 659
2268 4 2 1 1 137 377 112 697
2269 4 2 1 1 432 139 358 641
2270 4 2 1 1 79 446 296 663
2271 4 2 1 1 58 287 288 651
2272 4 2 1 1 289 288 287 651
2273 4 2 1 1 494 477 490 632
2274 4 2 1 1 418 329 330 696
2275 4 2 1 1 27 26 290 671
2276 4 2 1 1 6 7 70 477
2277 4 2 1 1 303 467 302 683
2278 4 2 1 1 471 1 41 493
2279 4 2 1 1 157 165 158 692
2280 4 2 1 1 520 2 18 470
2281 4 2 1 1 137 112 110 697
2282 4 2 1 1 399 463 72 634
2283 4 2 1 1 198 197 196 681
2284 4 2 1 1 497 482 499 633
2285 4 2 1 1 317 403 213 649
2286 4 2 1 1 470 508 56 448
2287 4 2 1 1 306 304 305 642
2288 4 2 1 1 471 41 86 661
2289 4 2 1 1 50 49 284 504
2290 4 2 1 1 419 80 5 633
2291 4 2 1 1 451 8 9 481
2292 4 2 1 1 471 449 17 483
2293 4 2 1 1 448 510 55 81
2294 4 2 1 1 179 178 176 695
2295 4 2 1 1 231 229 228 693
2296 4 2 1 1 291 293 292 675
2297 4 2 1 1 306 305 255 642
2298 4 2 1 1 491 489 486 652
2299 4 2 1 1 106 105 101 670
2300 4 2 1 1 43 446 79 663
2301 4 2 1 1 382 166 157 689
2302 4 2 1 1 291 292 76 675
2303 4 2 1 1 511 508 512 658
2304 4 2 1 1 53 54 503 285
2305 4 2 1 1 459 418 251 696
2306 4 2 1 1 472 498 10 479
2307 4 2 1 1 272 397 346 690
2308 4 2 1 1 263 362 375 685
2309 4 2 1 1 478 15 14 401
2310 4 2 1 1 283 323 71 660
2311 4 2 1 1 129 324 344 674
2312 4 2 1 1 399 398 463 634
2313 4 2 1 1 506 47 48 417
2314 4 2 1 1 352 295 271 672
2315 4 2 1 1 231 228 396 693
2316 4 2 1 1 476 331 456 678
2317 4 2 1 1 42 446 523 468
2318 4 2 1 1 508 55 56 448
2319 4 2 1 1 496 3 469 447
2320 4 2 1 1 397 266 346 690
2321 4 2 1 1 72 463 12 484
2322 4 2 1 1 16 17 449 483
2323 4 2 1 1 502 45 46 69
2324 4 2 1 1 225 456 331 678
2325 4 2 1 1 71 52 51 509
2326 4 2 1 1 44 43 79 507
2327 4 2 1 1 418 330 251 696
2328 4 2 1 1 422 45 44 521
2329 4 2 1 1 68 498 10 472
2330 4 2 1 1 43 42 446 523
2331 4 2 1 1 4 3 496 447
2332 4 2 1 1 487 480 493 661
2333 4 2 1 1 526 523 507 663
2334 4 2 1 1 452 80 419 633
2335 4 2 1 1 469 1 3 480
2336 4 2 1 1 505 2 42 468
2337 4 2 1 1 482 5 4 80
2338 4 2 1 1 10 11 472 479
2339 4 2 1 1 72 12 13 484
2340 4 2 1 1 10 9 498 68
2341 4 2 1 1 518 46 47 424
2342 4 2 1 1 497 6 5 419
2343 4 2 1 1 520 56 2 470
2344 4 2 1 1 471 17 1 493
2345 4 2 1 1 67 49 48 522
2346 4 2 1 1 492 12 11 463
2347 4 2 1 1 465 51 50 517
2348 4 2 1 1 13 14 466 495
2349 4 2 1 1 464 53 52 519
2350 4 2 1 1 7 8 420 494
2351 4 2 1 1 485 16 15 82
2352 4 2 1 1 54 55 510 81
2353 4 2 1 1 587 256 615 571
2354 4 2 1 1 587 615 256 410
2355 4 2 1 1 349 607 426 414
2356 4 2 1 1 426 607 349 593
2357 4 2 1 1 666 111 113 538
2358 4 2 1 1 666 113 111 367
2359 4 2 1 1 631 227 393 583
2360 4 2 1 1 631 393 227 173
2361 4 2 1 1 636 350 584 549
2362 4 2 1 1 636 584 350 351
2363 4 2 1 1 607 220 681 546
2364 4 2 1 1 607 681 220 414
2365 4 2 1 1 155 541 587 177
2366 4 2 1 1 587 541 155 656
2367 4 2 1 1 297 598 298 57
2368 4 2 1 1 298 598 297 543
2369 4 2 1 1 36 628 337 63
2370 4 2 1 1 337 628 36 625
2371 4 2 1 1 37 628 36 63
2372 4 2 1 1 36 628 37 552
2373 4 2 1 1 616 372 605 575
2374 4 2 1 1 616 605 372 159
2375 4 2 1 1 657 525 522 506
2376 4 2 1 1 657 522 525 565
2377 4 2 1 1 565 517 284 504
2378 4 2 1 1 565 284 517 465
2379 4 2 1 1 689 527 599 589
2380 4 2 1 1 689 599 527 629
2381 4 2 1 1 517 565 509 504
2382 4 2 1 1 509 565 517 660
2383 4 2 1 1 689 177 155 382
2384 4 2 1 1 689 155 177 541
2385 4 2 1 1 193 622 194 195
2386 4 2 1 1 194 622 193 542
2387 4 2 1 1 608 652 661 488
2388 4 2 1 1 608 661 652 553
2389 4 2 1 1 487 661 652 488
2390 4 2 1 1 647 528 539 555
2391 4 2 1 1 647 539 528 615
2392 4 2 1 1 691 536 389 619
2393 4 2 1 1 691 389 536 665
2394 4 2 1 1 628 276 310 581
2395 4 2 1 1 628 310 276 454
2396 4 2 1 1 645 242 243 241
2397 4 2 1 1 645 243 242 579
2398 4 2 1 1 684 188 570 187
2399 4 2 1 1 684 570 188 560
2400 4 2 1 1 610 232 231 584
2401 4 2 1 1 610 231 232 233
2402 4 2 1 1 442 619 250 405
2403 4 2 1 1 250 619 442 613
2404 4 2 1 1 648 276 601 257
2405 4 2 1 1 648 601 276 581
2406 4 2 1 1 309 601 276 257
2407 4 2 1 1 309 276 601 581
2408 4 2 1 1 648 357 258 209
2409 4 2 1 1 648 258 357 544
2410 4 2 1 1 642 553 40 608
2411 4 2 1 1 642 40 553 582
2412 4 2 1 1 172 692 352 165
2413 4 2 1 1 352 692 172 599
2414 4 2 1 1 661 488 501 608
2415 4 2 1 1 661 501 488 487
2416 4 2 1 1 672 75 444 554
2417 4 2 1 1 672 444 75 295
2418 4 2 1 1 656 152 154 153
2419 4 2 1 1 656 154 152 589
2420 4 2 1 1 614 168 686 301
2421 4 2 1 1 614 686 168 567
2422 4 2 1 1 90 686 168 301
2423 4 2 1 1 90 168 686 567
2424 4 2 1 1 686 20 635 554
2425 4 2 1 1 686 635 20 73
2426 4 2 1 1 607 681 532 546
2427 4 2 1 1 532 681 607 593
2428 4 2 1 1 669 648 576 544
2429 4 2 1 1 669 576 648 530
2430 4 2 1 1 417 522 657 67
2431 4 2 1 1 417 657 522 506
2432 4 2 1 1 652 500 634 489
2433 4 2 1 1 652 634 500 569
2434 4 2 1 1 673 265 216 576
2435 4 2 1 1 673 216 265 314
2436 4 2 1 1 690 399 398 266
2437 4 2 1 1 690 398 399 634
2438 4 2 1 1 128 674 537 325
2439 4 2 1 1 537 674 128 630
2440 4 2 1 1 537 142 128 325
2441 4 2 1 1 128 142 537 630
2442 4 2 1 1 324 616 325 169
2443 4 2 1 1 324 325 616 674
2444 4 2 1 1 596 667 694 529
2445 4 2 1 1 694 664 596 529
2446 4 2 1 1 518 417 657 424
2447 4 2 1 1 657 417 518 506
2448 4 2 1 1 637 660 620 565
2449 4 2 1 1 620 660 637 551
2450 4 2 1 1 620 534 637 565
2451 4 2 1 1 637 534 620 551
2452 4 2 1 1 699 673 596 544
2453 4 2 1 1 699 596 673 566
2454 4 2 1 1 286 646 24 281
2455 4 2 1 1 24 646 286 609
2456 4 2 1 1 634 397 472 569
2457 4 2 1 1 634 472 397 398
2458 4 2 1 1 82 483 16 449
2459 4 2 1 1 16 483 82 485
2460 4 2 1 1 664 667 694 596
2461 4 2 1 1 694 667 664 546
2462 4 2 1 1 486 661 652 487
2463 4 2 1 1 652 661 486 553
2464 4 2 1 1 478 82 15 401
2465 4 2 1 1 15 82 478 485
2466 4 2 1 1 284 660 252 283
2467 4 2 1 1 252 660 284 565
2468 4 2 1 1 695 615 381 647
2469 4 2 1 1 695 381 615 587
2470 4 2 1 1 684 370 300 612
2471 4 2 1 1 684 300 370 212
2472 4 2 1 1 686 680 614 554
2473 4 2 1 1 686 614 680 567
2474 4 2 1 1 672 279 75 599
2475 4 2 1 1 672 75 279 295
2476 4 2 1 1 683 422 467 302
2477 4 2 1 1 683 467 422 578
2478 4 2 1 1 447 482 4 80
2479 4 2 1 1 447 4 482 496
2480 4 2 1 1 672 353 461 626
2481 4 2 1 1 672 461 353 271
2482 4 2 1 1 503 81 54 510
2483 4 2 1 1 54 81 503 285
2484 4 2 1 1 690 264 217 266
2485 4 2 1 1 690 217 264 659
$EndElements
