label:AIS.O4_mslo
25000
0.02	5.40283e-10
0.04	5.32415e-10
0.06	5.24354e-10
0.08	5.16142e-10
0.1	5.07808e-10
0.12	4.99375e-10
0.14	4.90867e-10
0.16	4.82303e-10
0.18	4.73702e-10
0.2	4.65084e-10
0.22	4.56467e-10
0.24	4.47866e-10
0.26	4.39299e-10
0.28	4.30779e-10
0.3	4.22319e-10
0.32	4.13933e-10
0.34	4.05631e-10
0.36	3.97422e-10
0.38	3.89317e-10
0.4	3.81323e-10
0.42	3.73446e-10
0.44	3.65693e-10
0.46	3.58069e-10
0.48	3.50578e-10
0.5	3.43224e-10
0.52	3.36008e-10
0.54	3.28934e-10
0.56	3.22002e-10
0.58	3.15214e-10
0.6	3.08569e-10
0.62	3.02069e-10
0.64	2.95712e-10
0.66	2.89497e-10
0.68	2.83424e-10
0.7	2.7749e-10
0.72	2.71695e-10
0.74	2.66035e-10
0.76	2.6051e-10
0.78	2.55116e-10
0.8	2.49852e-10
0.82	2.44715e-10
0.84	2.39701e-10
0.86	2.3481e-10
0.88	2.30037e-10
0.9	2.25381e-10
0.92	2.20837e-10
0.94	2.16405e-10
0.96	2.12079e-10
0.98	2.07859e-10
1	2.03742e-10
1.02	1.99724e-10
1.04	1.95802e-10
1.06	1.91975e-10
1.08	1.8824e-10
1.1	1.84593e-10
1.12	1.81034e-10
1.14	1.77558e-10
1.16	1.74165e-10
1.18	1.70851e-10
1.2	1.67614e-10
1.22	1.64453e-10
1.24	1.61364e-10
1.26	1.58346e-10
1.28	1.55398e-10
1.3	1.52516e-10
1.32	1.49699e-10
1.34	1.46946e-10
1.36	1.44254e-10
1.38	1.41622e-10
1.4	1.39048e-10
1.42	1.36531e-10
1.44	1.34068e-10
1.46	1.31659e-10
1.48	1.29302e-10
1.5	1.26996e-10
1.52	1.24739e-10
1.54	1.2253e-10
1.56	1.20367e-10
1.58	1.1825e-10
1.6	1.16177e-10
1.62	1.14148e-10
1.64	1.12161e-10
1.66	1.10214e-10
1.68	1.08307e-10
1.7	1.0644e-10
1.72	1.0461e-10
1.74	1.02817e-10
1.76	1.01061e-10
1.78	9.93391e-11
1.8	9.76522e-11
1.82	9.59985e-11
1.84	9.43778e-11
1.86	9.2789e-11
1.88	9.12314e-11
1.9	8.97042e-11
1.92	8.82069e-11
1.94	8.67387e-11
1.96	8.52987e-11
1.98	8.38867e-11
2	8.25018e-11
2.02	8.11434e-11
2.04	7.98109e-11
2.06	7.85038e-11
2.08	7.72218e-11
2.1	7.59637e-11
2.12	7.47295e-11
2.14	7.35187e-11
2.16	7.23302e-11
2.18	7.11642e-11
2.2	7.002e-11
2.22	6.88972e-11
2.24	6.77952e-11
2.26	6.67135e-11
2.28	6.56519e-11
2.3	6.46096e-11
2.32	6.35866e-11
2.34	6.25826e-11
2.36	6.15968e-11
2.38	6.06292e-11
2.4	5.9679e-11
2.42	5.87462e-11
2.44	5.783e-11
2.46	5.69308e-11
2.48	5.60477e-11
2.5	5.51805e-11
2.52	5.43289e-11
2.54	5.34928e-11
2.56	5.26712e-11
2.58	5.18649e-11
2.6	5.10726e-11
2.62	5.02948e-11
2.64	4.95305e-11
2.66	4.87799e-11
2.68	4.80425e-11
2.7	4.73182e-11
2.72	4.66067e-11
2.74	4.5908e-11
2.76	4.52212e-11
2.78	4.45466e-11
2.8	4.38838e-11
2.82	4.32327e-11
2.84	4.25931e-11
2.86	4.19646e-11
2.88	4.13469e-11
2.9	4.074e-11
2.92	4.01438e-11
2.94	3.95578e-11
2.96	3.89818e-11
2.98	3.84158e-11
3	3.78599e-11
3.02	3.73132e-11
3.04	3.6776e-11
3.06	3.62483e-11
3.08	3.57291e-11
3.1	3.52191e-11
3.12	3.47178e-11
3.14	3.42251e-11
3.16	3.37407e-11
3.18	3.32647e-11
3.2	3.27965e-11
3.22	3.23365e-11
3.24	3.1884e-11
3.26	3.14392e-11
3.28	3.1002e-11
3.3	3.05723e-11
3.32	3.01494e-11
3.34	2.9734e-11
3.36	2.93255e-11
3.38	2.89237e-11
3.4	2.85287e-11
3.42	2.81403e-11
3.44	2.77582e-11
3.46	2.73826e-11
3.48	2.70131e-11
3.5	2.66501e-11
3.52	2.62928e-11
3.54	2.59415e-11
3.56	2.55959e-11
3.58	2.52559e-11
3.6	2.49217e-11
3.62	2.45929e-11
3.64	2.42694e-11
3.66	2.39514e-11
3.68	2.36385e-11
3.7	2.33305e-11
3.72	2.30277e-11
3.74	2.27299e-11
3.76	2.24369e-11
3.78	2.21484e-11
3.8	2.18648e-11
3.82	2.15857e-11
3.84	2.13111e-11
3.86	2.1041e-11
3.88	2.07753e-11
3.9	2.05137e-11
3.92	2.02562e-11
3.94	2.00031e-11
3.96	1.97539e-11
3.98	1.95087e-11
4	1.92673e-11
4.02	1.90298e-11
4.04	1.87959e-11
4.06	1.85659e-11
4.08	1.83395e-11
4.1	1.81168e-11
4.12	1.78976e-11
4.14	1.76817e-11
4.16	1.7469e-11
4.18	1.72602e-11
4.2	1.70542e-11
4.22	1.68515e-11
4.24	1.66521e-11
4.26	1.64556e-11
4.28	1.62624e-11
4.3	1.6072e-11
4.32	1.58847e-11
4.34	1.57003e-11
4.36	1.55188e-11
4.38	1.53399e-11
4.4	1.51639e-11
4.42	1.49905e-11
4.44	1.48198e-11
4.46	1.46517e-11
4.48	1.44861e-11
4.5	1.43232e-11
4.52	1.41627e-11
4.54	1.40046e-11
4.56	1.38491e-11
4.58	1.36957e-11
4.6	1.35449e-11
4.62	1.33963e-11
4.64	1.325e-11
4.66	1.31056e-11
4.68	1.29637e-11
4.7	1.28236e-11
4.72	1.26857e-11
4.74	1.25502e-11
4.76	1.24165e-11
4.78	1.22848e-11
4.8	1.21552e-11
4.82	1.20273e-11
4.84	1.19015e-11
4.86	1.17773e-11
4.88	1.16552e-11
4.9	1.15349e-11
4.92	1.14162e-11
4.94	1.12993e-11
4.96	1.11843e-11
4.98	1.10707e-11
5	1.0959e-11
5.02	1.08489e-11
5.04	1.07403e-11
5.06	1.06335e-11
5.08	1.0528e-11
5.1	1.04242e-11
5.12	1.03221e-11
5.14	1.0221e-11
5.16	1.01217e-11
5.18	1.00239e-11
5.2	9.92739e-12
5.22	9.83233e-12
5.24	9.73847e-12
5.26	9.64613e-12
5.28	9.55494e-12
5.3	9.46535e-12
5.32	9.37665e-12
5.34	9.28977e-12
5.36	9.20386e-12
5.38	9.11909e-12
5.4	9.03542e-12
5.42	8.95311e-12
5.44	8.8721e-12
5.46	8.79204e-12
5.48	8.71308e-12
5.5	8.63567e-12
5.52	8.55878e-12
5.54	8.48346e-12
5.56	8.40902e-12
5.58	8.33542e-12
5.6	8.26303e-12
5.62	8.19154e-12
5.64	8.12144e-12
5.66	8.05184e-12
5.68	7.9833e-12
5.7	7.91617e-12
5.72	7.8494e-12
5.74	7.78385e-12
5.76	7.71936e-12
5.78	7.65551e-12
5.8	7.59266e-12
5.82	7.53076e-12
5.84	7.46957e-12
5.86	7.40935e-12
5.88	7.3499e-12
5.9	7.29139e-12
5.92	7.23344e-12
5.94	7.17651e-12
5.96	7.12045e-12
5.98	7.06485e-12
6	7.01013e-12
6.02	6.95617e-12
6.04	6.90307e-12
6.06	6.85076e-12
6.08	6.79893e-12
6.1	6.74795e-12
6.12	6.69776e-12
6.14	6.64806e-12
6.16	6.59914e-12
6.18	6.55077e-12
6.2	6.50326e-12
6.22	6.45623e-12
6.24	6.41003e-12
6.26	6.36458e-12
6.28	6.31936e-12
6.3	6.2748e-12
6.32	6.23098e-12
6.34	6.188e-12
6.36	6.14523e-12
6.38	6.1031e-12
6.4	6.06186e-12
6.42	6.02076e-12
6.44	5.98037e-12
6.46	5.94069e-12
6.48	5.90138e-12
6.5	5.8626e-12
6.52	5.82449e-12
6.54	5.78669e-12
6.56	5.74986e-12
6.58	5.71307e-12
6.6	5.67696e-12
6.62	5.64117e-12
6.64	5.60617e-12
6.66	5.57158e-12
6.68	5.53715e-12
6.7	5.50363e-12
6.72	5.4701e-12
6.74	5.4372e-12
6.76	5.40505e-12
6.78	5.37305e-12
6.8	5.34151e-12
6.82	5.31032e-12
6.84	5.27994e-12
6.86	5.24966e-12
6.88	5.21987e-12
6.9	5.19043e-12
6.92	5.1614e-12
6.94	5.13285e-12
6.96	5.10462e-12
6.98	5.07695e-12
7	5.0496e-12
7.02	5.02257e-12
7.04	4.99571e-12
7.06	4.9695e-12
7.08	4.94358e-12
7.1	4.91806e-12
7.12	4.89299e-12
7.14	4.86782e-12
7.16	4.84336e-12
7.18	4.8192e-12
7.2	4.79543e-12
7.22	4.77179e-12
7.24	4.74876e-12
7.26	4.72612e-12
7.28	4.70334e-12
7.3	4.68128e-12
7.32	4.65946e-12
7.34	4.63794e-12
7.36	4.61649e-12
7.38	4.59559e-12
7.4	4.57475e-12
7.42	4.55471e-12
7.44	4.53444e-12
7.46	4.51482e-12
7.48	4.49524e-12
7.5	4.47607e-12
7.52	4.4571e-12
7.54	4.43868e-12
7.56	4.42023e-12
7.58	4.4022e-12
7.6	4.3845e-12
7.62	4.36682e-12
7.64	4.34963e-12
7.66	4.33253e-12
7.68	4.31567e-12
7.7	4.29928e-12
7.72	4.28305e-12
7.74	4.26709e-12
7.76	4.25116e-12
7.78	4.23575e-12
7.8	4.22042e-12
7.82	4.20547e-12
7.84	4.19056e-12
7.86	4.17602e-12
7.88	4.16161e-12
7.9	4.14759e-12
7.92	4.13371e-12
7.94	4.12006e-12
7.96	4.1067e-12
7.98	4.09374e-12
8	4.08037e-12
8.02	4.06789e-12
8.04	4.05524e-12
8.06	4.04293e-12
8.08	4.03075e-12
8.1	4.0186e-12
8.12	4.00698e-12
8.14	3.99559e-12
8.16	3.98429e-12
8.18	3.97327e-12
8.2	3.96223e-12
8.22	3.95165e-12
8.24	3.94104e-12
8.26	3.93065e-12
8.28	3.9206e-12
8.3	3.91076e-12
8.32	3.90082e-12
8.34	3.8913e-12
8.36	3.88196e-12
8.38	3.87265e-12
8.4	3.86359e-12
8.42	3.85492e-12
8.44	3.84627e-12
8.46	3.8377e-12
8.48	3.82954e-12
8.5	3.82143e-12
8.52	3.81354e-12
8.54	3.80552e-12
8.56	3.7981e-12
8.58	3.79095e-12
8.6	3.78361e-12
8.62	3.77631e-12
8.64	3.76941e-12
8.66	3.76277e-12
8.68	3.75602e-12
8.7	3.74959e-12
8.72	3.74344e-12
8.74	3.73736e-12
8.76	3.73125e-12
8.78	3.72542e-12
8.8	3.71985e-12
8.82	3.71425e-12
8.84	3.70895e-12
8.86	3.70389e-12
8.88	3.69898e-12
8.9	3.69414e-12
8.92	3.68946e-12
8.94	3.68491e-12
8.96	3.68069e-12
8.98	3.67608e-12
9	3.67235e-12
9.02	3.66825e-12
9.04	3.66454e-12
9.06	3.66084e-12
9.08	3.65735e-12
9.1	3.65395e-12
9.12	3.65083e-12
9.14	3.64767e-12
9.16	3.64478e-12
9.18	3.64187e-12
9.2	3.63935e-12
9.22	3.63684e-12
9.24	3.63465e-12
9.26	3.63223e-12
9.28	3.63015e-12
9.3	3.62821e-12
9.32	3.62641e-12
9.34	3.62475e-12
9.36	3.62323e-12
9.38	3.62204e-12
9.4	3.62078e-12
9.42	3.61955e-12
9.44	3.61856e-12
9.46	3.61782e-12
9.48	3.617e-12
9.5	3.61633e-12
9.52	3.6159e-12
9.54	3.6156e-12
9.56	3.61554e-12
9.58	3.6154e-12
9.6	3.61541e-12
9.62	3.61586e-12
9.64	3.61614e-12
9.66	3.61671e-12
9.68	3.61726e-12
9.7	3.61801e-12
9.72	3.61896e-12
9.74	3.61989e-12
9.76	3.62095e-12
9.78	3.62236e-12
9.8	3.62381e-12
9.82	3.62532e-12
9.84	3.62707e-12
9.86	3.62889e-12
9.88	3.63085e-12
9.9	3.63309e-12
9.92	3.63523e-12
9.94	3.63744e-12
9.96	3.64005e-12
9.98	3.64261e-12
10	3.64526e-12
10.02	3.64819e-12
10.04	3.65119e-12
10.06	3.65439e-12
10.08	3.65744e-12
10.1	3.66083e-12
10.12	3.66449e-12
10.14	3.66792e-12
10.16	3.67199e-12
10.18	3.67565e-12
10.2	3.67971e-12
10.22	3.68406e-12
10.24	3.68833e-12
10.26	3.69277e-12
10.28	3.69736e-12
10.3	3.70199e-12
10.32	3.70677e-12
10.34	3.71157e-12
10.36	3.71684e-12
10.38	3.72213e-12
10.4	3.72732e-12
10.42	3.73292e-12
10.44	3.73863e-12
10.46	3.74439e-12
10.48	3.75023e-12
10.5	3.75609e-12
10.52	3.76221e-12
10.54	3.76843e-12
10.56	3.77521e-12
10.58	3.78167e-12
10.6	3.78821e-12
10.62	3.79512e-12
10.64	3.80217e-12
10.66	3.80928e-12
10.68	3.81657e-12
10.7	3.82403e-12
10.72	3.83151e-12
10.74	3.83927e-12
10.76	3.84689e-12
10.78	3.85482e-12
10.8	3.86308e-12
10.82	3.87116e-12
10.84	3.87968e-12
10.86	3.88827e-12
10.88	3.89681e-12
10.9	3.9057e-12
10.92	3.91465e-12
10.94	3.92396e-12
10.96	3.93317e-12
10.98	3.94256e-12
11	3.95233e-12
11.02	3.96184e-12
11.04	3.97165e-12
11.06	3.98171e-12
11.08	3.99196e-12
11.1	4.00243e-12
11.12	4.01279e-12
11.14	4.02333e-12
11.16	4.03395e-12
11.18	4.04502e-12
11.2	4.05588e-12
11.22	4.06737e-12
11.24	4.07867e-12
11.26	4.09025e-12
11.28	4.10183e-12
11.3	4.11376e-12
11.32	4.12582e-12
11.34	4.13783e-12
11.36	4.15024e-12
11.38	4.1628e-12
11.4	4.17551e-12
11.42	4.18807e-12
11.44	4.20125e-12
11.46	4.21448e-12
11.48	4.22772e-12
11.5	4.24119e-12
11.52	4.25494e-12
11.54	4.26899e-12
11.56	4.28284e-12
11.58	4.29702e-12
11.6	4.31164e-12
11.62	4.3261e-12
11.64	4.34084e-12
11.66	4.35583e-12
11.68	4.37079e-12
11.7	4.38611e-12
11.72	4.40168e-12
11.74	4.41726e-12
11.76	4.4332e-12
11.78	4.44919e-12
11.8	4.4657e-12
11.82	4.48198e-12
11.84	4.49848e-12
11.86	4.51552e-12
11.88	4.53256e-12
11.9	4.54959e-12
11.92	4.56703e-12
11.94	4.58469e-12
11.96	4.60252e-12
11.98	4.62045e-12
12	4.63867e-12
12.02	4.65704e-12
12.04	4.67569e-12
12.06	4.69434e-12
12.08	4.71334e-12
12.1	4.73251e-12
12.12	4.7521e-12
12.14	4.77169e-12
12.16	4.79164e-12
12.18	4.81165e-12
12.2	4.83207e-12
12.22	4.85245e-12
12.24	4.87329e-12
12.26	4.89444e-12
12.28	4.91568e-12
12.3	4.93707e-12
12.32	4.9588e-12
12.34	4.98055e-12
12.36	5.00289e-12
12.38	5.02536e-12
12.4	5.0478e-12
12.42	5.07089e-12
12.44	5.09403e-12
12.46	5.11747e-12
12.48	5.14114e-12
12.5	5.16476e-12
12.52	5.1891e-12
12.54	5.21358e-12
12.56	5.23816e-12
12.58	5.26322e-12
12.6	5.28843e-12
12.62	5.31375e-12
12.64	5.33959e-12
12.66	5.36568e-12
12.68	5.39182e-12
12.7	5.41846e-12
12.72	5.44545e-12
12.74	5.47239e-12
12.76	5.4998e-12
12.78	5.52776e-12
12.8	5.55545e-12
12.82	5.58371e-12
12.84	5.61251e-12
12.86	5.64142e-12
12.88	5.6705e-12
12.9	5.70004e-12
12.92	5.72964e-12
12.94	5.75986e-12
12.96	5.79035e-12
12.98	5.821e-12
13	5.85213e-12
13.02	5.88345e-12
13.04	5.91521e-12
13.06	5.94733e-12
13.08	5.97971e-12
13.1	6.01228e-12
13.12	6.04551e-12
13.14	6.07892e-12
13.16	6.11252e-12
13.18	6.14666e-12
13.2	6.18107e-12
13.22	6.21588e-12
13.24	6.25104e-12
13.26	6.28671e-12
13.28	6.32273e-12
13.3	6.35904e-12
13.32	6.39575e-12
13.34	6.43251e-12
13.36	6.47013e-12
13.38	6.50787e-12
13.4	6.54605e-12
13.42	6.58486e-12
13.44	6.62373e-12
13.46	6.66346e-12
13.48	6.70313e-12
13.5	6.74351e-12
13.52	6.78415e-12
13.54	6.82529e-12
13.56	6.86689e-12
13.58	6.90879e-12
13.6	6.95143e-12
13.62	6.99392e-12
13.64	7.03738e-12
13.66	7.08119e-12
13.68	7.12536e-12
13.7	7.16998e-12
13.72	7.21508e-12
13.74	7.26082e-12
13.76	7.30701e-12
13.78	7.35338e-12
13.8	7.40069e-12
13.82	7.44823e-12
13.84	7.49657e-12
13.86	7.54502e-12
13.88	7.59422e-12
13.9	7.64388e-12
13.92	7.69403e-12
13.94	7.74468e-12
13.96	7.79607e-12
13.98	7.84776e-12
14	7.90005e-12
14.02	7.9531e-12
14.04	8.0064e-12
14.06	8.06058e-12
14.08	8.1151e-12
14.1	8.17031e-12
14.12	8.22602e-12
14.14	8.28247e-12
14.16	8.33945e-12
14.18	8.39697e-12
14.2	8.455e-12
14.22	8.51399e-12
14.24	8.5734e-12
14.26	8.63358e-12
14.28	8.69432e-12
14.3	8.75577e-12
14.32	8.81783e-12
14.34	8.88069e-12
14.36	8.94409e-12
14.38	9.00829e-12
14.4	9.07324e-12
14.42	9.13856e-12
14.44	9.20479e-12
14.46	9.2717e-12
14.48	9.33937e-12
14.5	9.40824e-12
14.52	9.47721e-12
14.54	9.54717e-12
14.56	9.61775e-12
14.58	9.68943e-12
14.6	9.76162e-12
14.62	9.83473e-12
14.64	9.90867e-12
14.66	9.98336e-12
14.68	1.00589e-11
14.7	1.01353e-11
14.72	1.02125e-11
14.74	1.02907e-11
14.76	1.03697e-11
14.78	1.04493e-11
14.8	1.053e-11
14.82	1.06117e-11
14.84	1.06943e-11
14.86	1.07779e-11
14.88	1.08621e-11
14.9	1.09475e-11
14.92	1.10338e-11
14.94	1.11212e-11
14.96	1.12095e-11
14.98	1.12987e-11
15	1.13889e-11
15.02	1.14803e-11
15.04	1.15727e-11
15.06	1.1666e-11
15.08	1.17607e-11
15.1	1.18563e-11
15.12	1.19531e-11
15.14	1.20508e-11
15.16	1.21497e-11
15.18	1.22499e-11
15.2	1.23512e-11
15.22	1.24535e-11
15.24	1.25572e-11
15.26	1.26619e-11
15.28	1.27678e-11
15.3	1.28752e-11
15.32	1.29835e-11
15.34	1.30932e-11
15.36	1.32044e-11
15.38	1.33169e-11
15.4	1.34305e-11
15.42	1.35455e-11
15.44	1.3662e-11
15.46	1.37797e-11
15.48	1.38988e-11
15.5	1.40196e-11
15.52	1.41415e-11
15.54	1.42649e-11
15.56	1.439e-11
15.58	1.45161e-11
15.6	1.4644e-11
15.62	1.47736e-11
15.64	1.49046e-11
15.66	1.5037e-11
15.68	1.51715e-11
15.7	1.53072e-11
15.72	1.54446e-11
15.74	1.55839e-11
15.76	1.57247e-11
15.78	1.5867e-11
15.8	1.60115e-11
15.82	1.61575e-11
15.84	1.63053e-11
15.86	1.6455e-11
15.88	1.66065e-11
15.9	1.67601e-11
15.92	1.69155e-11
15.94	1.70725e-11
15.96	1.72317e-11
15.98	1.73929e-11
16	1.75562e-11
16.02	1.77213e-11
16.04	1.78888e-11
16.06	1.8058e-11
16.08	1.82297e-11
16.1	1.84033e-11
16.12	1.85792e-11
16.14	1.87572e-11
16.16	1.89377e-11
16.18	1.91203e-11
16.2	1.93052e-11
16.22	1.94927e-11
16.24	1.96824e-11
16.26	1.98747e-11
16.28	2.00693e-11
16.3	2.02664e-11
16.32	2.04662e-11
16.34	2.06684e-11
16.36	2.08733e-11
16.38	2.10811e-11
16.4	2.12912e-11
16.42	2.15043e-11
16.44	2.17203e-11
16.46	2.19388e-11
16.48	2.21603e-11
16.5	2.23848e-11
16.52	2.26123e-11
16.54	2.28429e-11
16.56	2.30764e-11
16.58	2.33131e-11
16.6	2.35529e-11
16.62	2.37958e-11
16.64	2.40422e-11
16.66	2.42915e-11
16.68	2.45445e-11
16.7	2.48007e-11
16.72	2.50608e-11
16.74	2.53242e-11
16.76	2.55912e-11
16.78	2.58617e-11
16.8	2.61361e-11
16.82	2.6414e-11
16.84	2.6696e-11
16.86	2.6982e-11
16.88	2.72714e-11
16.9	2.75654e-11
16.92	2.78631e-11
16.94	2.81651e-11
16.96	2.84711e-11
16.98	2.87817e-11
17	2.90968e-11
17.02	2.94158e-11
17.04	2.97397e-11
17.06	3.00678e-11
17.08	3.04009e-11
17.1	3.07387e-11
17.12	3.10814e-11
17.14	3.14287e-11
17.16	3.17812e-11
17.18	3.21389e-11
17.2	3.25015e-11
17.22	3.28694e-11
17.24	3.32429e-11
17.26	3.36217e-11
17.28	3.40056e-11
17.3	3.43956e-11
17.32	3.4791e-11
17.34	3.51924e-11
17.36	3.55997e-11
17.38	3.60131e-11
17.4	3.64327e-11
17.42	3.68584e-11
17.44	3.72905e-11
17.46	3.77289e-11
17.48	3.81739e-11
17.5	3.86258e-11
17.52	3.90844e-11
17.54	3.95501e-11
17.56	4.00227e-11
17.58	4.05026e-11
17.6	4.09896e-11
17.62	4.14844e-11
17.64	4.19867e-11
17.66	4.24969e-11
17.68	4.30147e-11
17.7	4.35407e-11
17.72	4.4075e-11
17.74	4.46174e-11
17.76	4.51683e-11
17.78	4.57283e-11
17.8	4.62969e-11
17.82	4.68744e-11
17.84	4.74613e-11
17.86	4.80571e-11
17.88	4.86627e-11
17.9	4.92779e-11
17.92	4.99033e-11
17.94	5.05388e-11
17.96	5.11844e-11
17.98	5.18404e-11
18	5.25074e-11
18.02	5.31853e-11
18.04	5.38741e-11
18.06	5.45746e-11
18.08	5.52864e-11
18.1	5.60101e-11
18.12	5.67461e-11
18.14	5.74942e-11
18.16	5.82549e-11
18.18	5.90286e-11
18.2	5.98152e-11
18.22	6.06152e-11
18.24	6.1429e-11
18.26	6.22565e-11
18.28	6.30985e-11
18.3	6.39548e-11
18.32	6.4826e-11
18.34	6.57122e-11
18.36	6.66141e-11
18.38	6.75318e-11
18.4	6.84656e-11
18.42	6.9416e-11
18.44	7.03834e-11
18.46	7.13677e-11
18.48	7.23698e-11
18.5	7.33899e-11
18.52	7.44285e-11
18.54	7.54857e-11
18.56	7.65625e-11
18.58	7.76587e-11
18.6	7.87754e-11
18.62	7.99123e-11
18.64	8.10704e-11
18.66	8.22504e-11
18.68	8.34519e-11
18.7	8.46764e-11
18.72	8.59238e-11
18.74	8.7195e-11
18.76	8.84905e-11
18.78	8.98108e-11
18.8	9.11567e-11
18.82	9.25283e-11
18.84	9.39267e-11
18.86	9.53525e-11
18.88	9.68063e-11
18.9	9.82889e-11
18.92	9.9801e-11
18.94	1.01343e-10
18.96	1.02916e-10
18.98	1.04521e-10
19	1.06159e-10
19.02	1.07829e-10
19.04	1.09535e-10
19.06	1.11275e-10
19.08	1.13052e-10
19.1	1.14865e-10
19.12	1.16717e-10
19.14	1.18608e-10
19.16	1.20539e-10
19.18	1.22511e-10
19.2	1.24526e-10
19.22	1.26585e-10
19.24	1.28688e-10
19.26	1.30838e-10
19.28	1.33035e-10
19.3	1.35281e-10
19.32	1.37577e-10
19.34	1.39926e-10
19.36	1.42327e-10
19.38	1.44784e-10
19.4	1.47297e-10
19.42	1.49869e-10
19.44	1.52501e-10
19.46	1.55194e-10
19.48	1.57953e-10
19.5	1.60777e-10
19.52	1.63669e-10
19.54	1.66633e-10
19.56	1.69669e-10
19.58	1.7278e-10
19.6	1.75969e-10
19.62	1.79239e-10
19.64	1.82592e-10
19.66	1.86032e-10
19.68	1.89561e-10
19.7	1.93182e-10
19.72	1.969e-10
19.74	2.00718e-10
19.76	2.04639e-10
19.78	2.08668e-10
19.8	2.12808e-10
19.82	2.17064e-10
19.84	2.21442e-10
19.86	2.25945e-10
19.88	2.3058e-10
19.9	2.35351e-10
19.92	2.40265e-10
19.94	2.45329e-10
19.96	2.50548e-10
19.98	2.55931e-10
20	2.61485e-10
20.02	2.67218e-10
20.04	2.73141e-10
20.06	2.79261e-10
20.08	2.8559e-10
20.1	2.9214e-10
20.12	2.98923e-10
20.14	3.05952e-10
20.16	3.13243e-10
20.18	3.20812e-10
20.2	3.28677e-10
20.22	3.36859e-10
20.24	3.45381e-10
20.26	3.54268e-10
20.28	3.63549e-10
20.3	3.73259e-10
20.32	3.83437e-10
20.34	3.94128e-10
20.36	4.05388e-10
20.38	4.17283e-10
20.4	4.29897e-10
20.42	4.43336e-10
20.44	4.57744e-10
20.46	4.73318e-10
20.48	4.90352e-10
20.5	5.0933e-10
20.52	5.31163e-10
20.54	5.57999e-10
20.56	5.96888e-10
20.58	6.88542e-10
20.6	1.16273e-09
20.62	3.5828e-09
20.64	1.34472e-08
20.66	5.20872e-08
20.68	1.78055e-07
20.7	5.1895e-07
20.72	1.35893e-06
20.74	3.29854e-06
20.76	7.37534e-06
20.78	1.49578e-05
20.8	2.72649e-05
20.82	4.46923e-05
20.84	6.67003e-05
20.86	9.22969e-05
20.88	0.000120428
20.9	0.000150128
20.92	0.000180577
20.94	0.000211126
20.96	0.000241292
20.98	0.000270738
21	0.000299238
21.02	0.000326647
21.04	0.000352882
21.06	0.000377897
21.08	0.000401679
21.1	0.000424232
21.12	0.000445573
21.14	0.00046573
21.16	0.000484733
21.18	0.00050262
21.2	0.000519425
21.22	0.000535187
21.24	0.000549943
21.26	0.00056373
21.28	0.000576583
21.3	0.000588537
21.32	0.000599627
21.34	0.000609884
21.36	0.000619341
21.38	0.000628028
21.4	0.000635976
21.42	0.000643212
21.44	0.000649764
21.46	0.000655661
21.48	0.000660927
21.5	0.000665587
21.52	0.000669668
21.54	0.000673191
21.56	0.000676179
21.58	0.000678656
21.6	0.000680642
21.62	0.000682159
21.64	0.000683225
21.66	0.00068386
21.68	0.000684083
21.7	0.000683913
21.72	0.000683365
21.74	0.000682458
21.76	0.000681207
21.78	0.000679628
21.8	0.000677736
21.82	0.000675546
21.84	0.000673071
21.86	0.000670325
21.88	0.000667321
21.9	0.000664072
21.92	0.000660589
21.94	0.000656885
21.96	0.000652971
21.98	0.000648857
22	0.000644555
22.02	0.000640073
22.04	0.000635423
22.06	0.000630613
22.08	0.000625653
22.1	0.000620551
22.12	0.000615316
22.14	0.000609956
22.16	0.00060448
22.18	0.000598893
22.2	0.000593205
22.22	0.000587423
22.24	0.000581552
22.26	0.0005756
22.28	0.000569573
22.3	0.000563478
22.32	0.00055732
22.34	0.000551106
22.36	0.000544841
22.38	0.000538529
22.4	0.000532178
22.42	0.000525791
22.44	0.000519374
22.46	0.000512931
22.48	0.000506466
22.5	0.000499985
22.52	0.000493492
22.54	0.00048699
22.56	0.000480483
22.58	0.000473976
22.6	0.000467472
22.62	0.000460974
22.64	0.000454486
22.66	0.000448012
22.68	0.000441553
22.7	0.000435114
22.72	0.000428697
22.74	0.000422305
22.76	0.000415941
22.78	0.000409607
22.8	0.000403305
22.82	0.000397039
22.84	0.000390809
22.86	0.000384619
22.88	0.00037847
22.9	0.000372365
22.92	0.000366304
22.94	0.00036029
22.96	0.000354324
22.98	0.000348409
23	0.000342544
23.02	0.000336732
23.04	0.000330974
23.06	0.000325271
23.08	0.000319625
23.1	0.000314036
23.12	0.000308505
23.14	0.000303033
23.16	0.000297621
23.18	0.00029227
23.2	0.00028698
23.22	0.000281752
23.24	0.000276586
23.26	0.000271484
23.28	0.000266445
23.3	0.00026147
23.32	0.000256559
23.34	0.000251712
23.36	0.00024693
23.38	0.000242213
23.4	0.000237561
23.42	0.000232973
23.44	0.000228451
23.46	0.000223993
23.48	0.000219601
23.5	0.000215273
23.52	0.00021101
23.54	0.000206811
23.56	0.000202676
23.58	0.000198606
23.6	0.000194599
23.62	0.000190656
23.64	0.000186776
23.66	0.000182958
23.68	0.000179203
23.7	0.00017551
23.72	0.000171878
23.74	0.000168308
23.76	0.000164798
23.78	0.000161348
23.8	0.000157957
23.82	0.000154626
23.84	0.000151353
23.86	0.000148138
23.88	0.000144981
23.9	0.00014188
23.92	0.000138835
23.94	0.000135846
23.96	0.000132912
23.98	0.000130032
24	0.000127206
24.02	0.000124433
24.04	0.000121712
24.06	0.000119043
24.08	0.000116425
24.1	0.000113857
24.12	0.000111339
24.14	0.00010887
24.16	0.00010645
24.18	0.000104077
24.2	0.000101751
24.22	9.94715e-05
24.24	9.72375e-05
24.26	9.50485e-05
24.28	9.29038e-05
24.3	9.08026e-05
24.32	8.87443e-05
24.34	8.67283e-05
24.36	8.47538e-05
24.38	8.28202e-05
24.4	8.09269e-05
24.42	7.9073e-05
24.44	7.72581e-05
24.46	7.54815e-05
24.48	7.37424e-05
24.5	7.20402e-05
24.52	7.03744e-05
24.54	6.87442e-05
24.56	6.71491e-05
24.58	6.55883e-05
24.6	6.40614e-05
24.62	6.25676e-05
24.64	6.11064e-05
24.66	5.96772e-05
24.68	5.82793e-05
24.7	5.69123e-05
24.72	5.55754e-05
24.74	5.42682e-05
24.76	5.299e-05
24.78	5.17403e-05
24.8	5.05186e-05
24.82	4.93243e-05
24.84	4.81569e-05
24.86	4.70158e-05
24.88	4.59005e-05
24.9	4.48105e-05
24.92	4.37453e-05
24.94	4.27043e-05
24.96	4.16872e-05
24.98	4.06934e-05
25	3.97223e-05
25.02	3.87737e-05
25.04	3.78469e-05
25.06	3.69416e-05
25.08	3.60572e-05
25.1	3.51934e-05
25.12	3.43497e-05
25.14	3.35257e-05
25.16	3.27209e-05
25.18	3.19349e-05
25.2	3.11674e-05
25.22	3.04179e-05
25.24	2.96861e-05
25.26	2.89716e-05
25.28	2.82739e-05
25.3	2.75927e-05
25.32	2.69277e-05
25.34	2.62784e-05
25.36	2.56446e-05
25.38	2.50259e-05
25.4	2.44219e-05
25.42	2.38324e-05
25.44	2.32569e-05
25.46	2.26952e-05
25.48	2.2147e-05
25.5	2.1612e-05
25.52	2.10898e-05
25.54	2.05802e-05
25.56	2.00828e-05
25.58	1.95974e-05
25.6	1.91238e-05
25.62	1.86616e-05
25.64	1.82106e-05
25.66	1.77705e-05
25.68	1.73411e-05
25.7	1.69221e-05
25.72	1.65132e-05
25.74	1.61143e-05
25.76	1.57251e-05
25.78	1.53453e-05
25.8	1.49749e-05
25.82	1.46134e-05
25.84	1.42607e-05
25.86	1.39167e-05
25.88	1.3581e-05
25.9	1.32536e-05
25.92	1.29341e-05
25.94	1.26225e-05
25.96	1.23185e-05
25.98	1.20219e-05
26	1.17326e-05
26.02	1.14503e-05
26.04	1.1175e-05
26.06	1.09065e-05
26.08	1.06445e-05
26.1	1.03889e-05
26.12	1.01396e-05
26.14	9.89643e-06
26.16	9.65921e-06
26.18	9.42782e-06
26.2	9.2021e-06
26.22	8.98193e-06
26.24	8.76715e-06
26.26	8.55765e-06
26.28	8.3533e-06
26.3	8.15396e-06
26.32	7.95951e-06
26.34	7.76983e-06
26.36	7.58481e-06
26.38	7.40433e-06
26.4	7.22828e-06
26.42	7.05655e-06
26.44	6.88903e-06
26.46	6.72561e-06
26.48	6.56621e-06
26.5	6.41071e-06
26.52	6.25902e-06
26.54	6.11105e-06
26.56	5.96671e-06
26.58	5.82589e-06
26.6	5.68853e-06
26.62	5.55452e-06
26.64	5.4238e-06
26.66	5.29626e-06
26.68	5.17185e-06
26.7	5.05047e-06
26.72	4.93206e-06
26.74	4.81654e-06
26.76	4.70384e-06
26.78	4.59388e-06
26.8	4.4866e-06
26.82	4.38194e-06
26.84	4.27982e-06
26.86	4.18019e-06
26.88	4.08298e-06
26.9	3.98813e-06
26.92	3.89559e-06
26.94	3.80529e-06
26.96	3.71718e-06
26.98	3.6312e-06
27	3.54731e-06
27.02	3.46545e-06
27.04	3.38557e-06
27.06	3.30761e-06
27.08	3.23154e-06
27.1	3.15731e-06
27.12	3.08487e-06
27.14	3.01417e-06
27.16	2.94517e-06
27.18	2.87784e-06
27.2	2.81212e-06
27.22	2.74798e-06
27.24	2.68538e-06
27.26	2.62428e-06
27.28	2.56464e-06
27.3	2.50643e-06
27.32	2.44961e-06
27.34	2.39415e-06
27.36	2.34002e-06
27.38	2.28717e-06
27.4	2.23558e-06
27.42	2.18523e-06
27.44	2.13607e-06
27.46	2.08807e-06
27.48	2.04122e-06
27.5	1.99548e-06
27.52	1.95082e-06
27.54	1.90722e-06
27.56	1.86465e-06
27.58	1.82308e-06
27.6	1.78249e-06
27.62	1.74287e-06
27.64	1.70417e-06
27.66	1.66639e-06
27.68	1.62949e-06
27.7	1.59346e-06
27.72	1.55827e-06
27.74	1.52391e-06
27.76	1.49035e-06
27.78	1.45758e-06
27.8	1.42557e-06
27.82	1.39431e-06
27.84	1.36377e-06
27.86	1.33395e-06
27.88	1.30482e-06
27.9	1.27637e-06
27.92	1.24857e-06
27.94	1.22142e-06
27.96	1.1949e-06
27.98	1.16899e-06
28	1.14368e-06
28.02	1.11896e-06
28.04	1.0948e-06
28.06	1.0712e-06
28.08	1.04814e-06
28.1	1.02561e-06
28.12	1.0036e-06
28.14	9.82092e-07
28.16	9.61076e-07
28.18	9.40541e-07
28.2	9.20474e-07
28.22	9.00865e-07
28.24	8.81703e-07
28.26	8.62977e-07
28.28	8.44676e-07
28.3	8.2679e-07
28.32	8.09311e-07
28.34	7.92227e-07
28.36	7.75529e-07
28.38	7.59209e-07
28.4	7.43257e-07
28.42	7.27664e-07
28.44	7.12422e-07
28.46	6.97524e-07
28.48	6.82959e-07
28.5	6.68722e-07
28.52	6.54803e-07
28.54	6.41196e-07
28.56	6.27893e-07
28.58	6.14887e-07
28.6	6.02171e-07
28.62	5.89739e-07
28.64	5.77582e-07
28.66	5.65696e-07
28.68	5.54074e-07
28.7	5.42709e-07
28.72	5.31596e-07
28.74	5.20728e-07
28.76	5.10101e-07
28.78	4.99708e-07
28.8	4.89544e-07
28.82	4.79603e-07
28.84	4.69881e-07
28.86	4.60372e-07
28.88	4.51072e-07
28.9	4.41975e-07
28.92	4.33077e-07
28.94	4.24374e-07
28.96	4.1586e-07
28.98	4.07532e-07
29	3.99385e-07
29.02	3.91416e-07
29.04	3.83619e-07
29.06	3.75991e-07
29.08	3.68528e-07
29.1	3.61227e-07
29.12	3.54083e-07
29.14	3.47094e-07
29.16	3.40255e-07
29.18	3.33563e-07
29.2	3.27015e-07
29.22	3.20607e-07
29.24	3.14337e-07
29.26	3.08201e-07
29.28	3.02196e-07
29.3	2.9632e-07
29.32	2.90569e-07
29.34	2.8494e-07
29.36	2.79431e-07
29.38	2.74039e-07
29.4	2.68762e-07
29.42	2.63596e-07
29.44	2.5854e-07
29.46	2.5359e-07
29.48	2.48745e-07
29.5	2.44003e-07
29.52	2.3936e-07
29.54	2.34814e-07
29.56	2.30365e-07
29.58	2.26008e-07
29.6	2.21743e-07
29.62	2.17567e-07
29.64	2.13478e-07
29.66	2.09475e-07
29.68	2.05555e-07
29.7	2.01716e-07
29.72	1.97958e-07
29.74	1.94277e-07
29.76	1.90673e-07
29.78	1.87143e-07
29.8	1.83687e-07
29.82	1.80301e-07
29.84	1.76986e-07
29.86	1.73739e-07
29.88	1.70558e-07
29.9	1.67443e-07
29.92	1.64392e-07
29.94	1.61403e-07
29.96	1.58476e-07
29.98	1.55608e-07
30	1.52799e-07
30.02	1.50048e-07
30.04	1.47352e-07
30.06	1.44711e-07
30.08	1.42123e-07
30.1	1.39589e-07
30.12	1.37105e-07
30.14	1.34672e-07
30.16	1.32287e-07
30.18	1.29951e-07
30.2	1.27662e-07
30.22	1.25419e-07
30.24	1.23222e-07
30.26	1.21068e-07
30.28	1.18957e-07
30.3	1.16889e-07
30.32	1.14862e-07
30.34	1.12875e-07
30.36	1.10928e-07
30.38	1.0902e-07
30.4	1.07149e-07
30.42	1.05316e-07
30.44	1.03519e-07
30.46	1.01758e-07
30.48	1.00031e-07
30.5	9.83387e-08
30.52	9.66797e-08
30.54	9.50533e-08
30.56	9.34588e-08
30.58	9.18957e-08
30.6	9.03632e-08
30.62	8.88607e-08
30.64	8.73876e-08
30.66	8.59433e-08
30.68	8.45272e-08
30.7	8.31385e-08
30.72	8.17769e-08
30.74	8.04418e-08
30.76	7.91326e-08
30.78	7.78487e-08
30.8	7.65897e-08
30.82	7.5355e-08
30.84	7.41441e-08
30.86	7.29566e-08
30.88	7.17919e-08
30.9	7.06496e-08
30.92	6.95292e-08
30.94	6.84302e-08
30.96	6.73523e-08
30.98	6.6295e-08
31	6.52579e-08
31.02	6.42405e-08
31.04	6.32425e-08
31.06	6.22635e-08
31.08	6.1303e-08
31.1	6.03608e-08
31.12	5.94363e-08
31.14	5.85294e-08
31.16	5.76396e-08
31.18	5.67666e-08
31.2	5.591e-08
31.22	5.50695e-08
31.24	5.42448e-08
31.26	5.34355e-08
31.28	5.26415e-08
31.3	5.18622e-08
31.32	5.10976e-08
31.34	5.03472e-08
31.36	4.96108e-08
31.38	4.88881e-08
31.4	4.81788e-08
31.42	4.74827e-08
31.44	4.67995e-08
31.46	4.6129e-08
31.48	4.54709e-08
31.5	4.48249e-08
31.52	4.41909e-08
31.54	4.35686e-08
31.56	4.29577e-08
31.58	4.2358e-08
31.6	4.17694e-08
31.62	4.11916e-08
31.64	4.06244e-08
31.66	4.00675e-08
31.68	3.95209e-08
31.7	3.89842e-08
31.72	3.84574e-08
31.74	3.79402e-08
31.76	3.74323e-08
31.78	3.69338e-08
31.8	3.64443e-08
31.82	3.59637e-08
31.84	3.54918e-08
31.86	3.50285e-08
31.88	3.45736e-08
31.9	3.41269e-08
31.92	3.36884e-08
31.94	3.32577e-08
31.96	3.28348e-08
31.98	3.24196e-08
32	3.20119e-08
32.02	3.16115e-08
32.04	3.12184e-08
32.06	3.08323e-08
32.08	3.04532e-08
32.1	3.0081e-08
32.12	2.97154e-08
32.14	2.93564e-08
32.16	2.90039e-08
32.18	2.86577e-08
32.2	2.83177e-08
32.22	2.79839e-08
32.24	2.7656e-08
32.26	2.73341e-08
32.28	2.70179e-08
32.3	2.67074e-08
32.32	2.64025e-08
32.34	2.61031e-08
32.36	2.58091e-08
32.38	2.55204e-08
32.4	2.52369e-08
32.42	2.49584e-08
32.44	2.4685e-08
32.46	2.44166e-08
32.48	2.4153e-08
32.5	2.38941e-08
32.52	2.36399e-08
32.54	2.33904e-08
32.56	2.31453e-08
32.58	2.29047e-08
32.6	2.26685e-08
32.62	2.24366e-08
32.64	2.22089e-08
32.66	2.19853e-08
32.68	2.17659e-08
32.7	2.15505e-08
32.72	2.1339e-08
32.74	2.11314e-08
32.76	2.09277e-08
32.78	2.07277e-08
32.8	2.05314e-08
32.82	2.03388e-08
32.84	2.01498e-08
32.86	1.99643e-08
32.88	1.97823e-08
32.9	1.96037e-08
32.92	1.94285e-08
32.94	1.92567e-08
32.96	1.90881e-08
32.98	1.89228e-08
33	1.87606e-08
33.02	1.86016e-08
33.04	1.84456e-08
33.06	1.82927e-08
33.08	1.81429e-08
33.1	1.7996e-08
33.12	1.7852e-08
33.14	1.77109e-08
33.16	1.75726e-08
33.18	1.74372e-08
33.2	1.73045e-08
33.22	1.71746e-08
33.24	1.70474e-08
33.26	1.69228e-08
33.28	1.6801e-08
33.3	1.66817e-08
33.32	1.6565e-08
33.34	1.64508e-08
33.36	1.63392e-08
33.38	1.62301e-08
33.4	1.61235e-08
33.42	1.60193e-08
33.44	1.59175e-08
33.46	1.58181e-08
33.48	1.57212e-08
33.5	1.56265e-08
33.52	1.55343e-08
33.54	1.54443e-08
33.56	1.53567e-08
33.58	1.52713e-08
33.6	1.51883e-08
33.62	1.51075e-08
33.64	1.50289e-08
33.66	1.49526e-08
33.68	1.48785e-08
33.7	1.48066e-08
33.72	1.4737e-08
33.74	1.46695e-08
33.76	1.46043e-08
33.78	1.45412e-08
33.8	1.44804e-08
33.82	1.44217e-08
33.84	1.43652e-08
33.86	1.4311e-08
33.88	1.42589e-08
33.9	1.4209e-08
33.92	1.41614e-08
33.94	1.4116e-08
33.96	1.40728e-08
33.98	1.40318e-08
34	1.39931e-08
34.02	1.39568e-08
34.04	1.39227e-08
34.06	1.38909e-08
34.08	1.38615e-08
34.1	1.38345e-08
34.12	1.38099e-08
34.14	1.37878e-08
34.16	1.37682e-08
34.18	1.37511e-08
34.2	1.37366e-08
34.22	1.37248e-08
34.24	1.37157e-08
34.26	1.37094e-08
34.28	1.3706e-08
34.3	1.37055e-08
34.32	1.37081e-08
34.34	1.37138e-08
34.36	1.37228e-08
34.38	1.37352e-08
34.4	1.37512e-08
34.42	1.37709e-08
34.44	1.37946e-08
34.46	1.38224e-08
34.48	1.38546e-08
34.5	1.38915e-08
34.52	1.39335e-08
34.54	1.39809e-08
34.56	1.40342e-08
34.58	1.40941e-08
34.6	1.41613e-08
34.62	1.42366e-08
34.64	1.43213e-08
34.66	1.4417e-08
34.68	1.4526e-08
34.7	1.46516e-08
34.72	1.47995e-08
34.74	1.49796e-08
34.76	1.52142e-08
34.78	1.55651e-08
34.8	1.62796e-08
34.82	1.86847e-08
34.84	2.64798e-08
34.86	4.81525e-08
34.88	1.1082e-07
34.9	2.83274e-07
34.92	7.06063e-07
34.94	1.66208e-06
34.96	3.71365e-06
34.98	7.82108e-06
35	1.52831e-05
35.02	2.73823e-05
35.04	4.47538e-05
35.06	6.70451e-05
35.08	9.32712e-05
35.1	0.000122303
35.12	0.000153094
35.14	0.000184754
35.16	0.000216567
35.18	0.000248
35.2	0.000278675
35.22	0.00030834
35.24	0.000336834
35.26	0.000364067
35.28	0.000389992
35.3	0.000414596
35.32	0.000437887
35.34	0.000459889
35.36	0.000480634
35.38	0.000500161
35.4	0.000518512
35.42	0.000535729
35.44	0.000551856
35.46	0.000566935
35.48	0.000581008
35.5	0.000594115
35.52	0.000606295
35.54	0.000617585
35.56	0.000628021
35.58	0.000637638
35.6	0.000646468
35.62	0.000654543
35.64	0.000661894
35.66	0.00066855
35.68	0.000674539
35.7	0.000679889
35.72	0.000684626
35.74	0.000688775
35.76	0.00069236
35.78	0.000695405
35.8	0.000697932
35.82	0.000699964
35.84	0.000701521
35.86	0.000702623
35.88	0.00070329
35.9	0.000703542
35.92	0.000703395
35.94	0.000702868
35.96	0.000701977
35.98	0.00070074
36	0.000699171
36.02	0.000697285
36.04	0.000695098
36.06	0.000692622
36.08	0.000689873
36.1	0.000686863
36.12	0.000683603
36.14	0.000680108
36.16	0.000676388
36.18	0.000672454
36.2	0.000668318
36.22	0.00066399
36.24	0.00065948
36.26	0.000654798
36.28	0.000649953
36.3	0.000644955
36.32	0.000639812
36.34	0.000634533
36.36	0.000629126
36.38	0.000623599
36.4	0.00061796
36.42	0.000612215
36.44	0.000606374
36.46	0.000600441
36.48	0.000594424
36.5	0.00058833
36.52	0.000582164
36.54	0.000575933
36.56	0.000569642
36.58	0.000563298
36.6	0.000556905
36.62	0.00055047
36.64	0.000543996
36.66	0.000537489
36.68	0.000530955
36.7	0.000524396
36.72	0.000517818
36.74	0.000511226
36.76	0.000504623
36.78	0.000498013
36.8	0.0004914
36.82	0.000484788
36.84	0.00047818
36.86	0.000471581
36.88	0.000464992
36.9	0.000458418
36.92	0.000451861
36.94	0.000445325
36.96	0.000438812
36.98	0.000432324
37	0.000425866
37.02	0.000419438
37.04	0.000413044
37.06	0.000406685
37.08	0.000400364
37.1	0.000394084
37.12	0.000387845
37.14	0.00038165
37.16	0.0003755
37.18	0.000369398
37.2	0.000363344
37.22	0.000357341
37.24	0.000351389
37.26	0.000345491
37.28	0.000339647
37.3	0.000333858
37.32	0.000328126
37.34	0.000322452
37.36	0.000316836
37.38	0.00031128
37.4	0.000305784
37.42	0.000300349
37.44	0.000294976
37.46	0.000289665
37.48	0.000284416
37.5	0.000279232
37.52	0.00027411
37.54	0.000269053
37.56	0.00026406
37.58	0.000259132
37.6	0.000254269
37.62	0.000249471
37.64	0.000244738
37.66	0.00024007
37.68	0.000235467
37.7	0.00023093
37.72	0.000226458
37.74	0.000222051
37.76	0.000217709
37.78	0.000213431
37.8	0.000209219
37.82	0.00020507
37.84	0.000200986
37.86	0.000196965
37.88	0.000193008
37.9	0.000189114
37.92	0.000185283
37.94	0.000181514
37.96	0.000177807
37.98	0.000174161
38	0.000170576
38.02	0.000167052
38.04	0.000163588
38.06	0.000160183
38.08	0.000156837
38.1	0.00015355
38.12	0.00015032
38.14	0.000147148
38.16	0.000144032
38.18	0.000140972
38.2	0.000137968
38.22	0.000135018
38.24	0.000132123
38.26	0.000129281
38.28	0.000126492
38.3	0.000123755
38.32	0.00012107
38.34	0.000118436
38.36	0.000115852
38.38	0.000113317
38.4	0.000110832
38.42	0.000108395
38.44	0.000106005
38.46	0.000103662
38.48	0.000101365
38.5	9.91143e-05
38.52	9.69081e-05
38.54	9.4746e-05
38.56	9.26275e-05
38.58	9.05517e-05
38.6	8.85181e-05
38.62	8.65261e-05
38.64	8.45748e-05
38.66	8.26637e-05
38.68	8.07921e-05
38.7	7.89594e-05
38.72	7.71649e-05
38.74	7.5408e-05
38.76	7.36879e-05
38.78	7.20042e-05
38.8	7.03561e-05
38.82	6.8743e-05
38.84	6.71644e-05
38.86	6.56195e-05
38.88	6.41079e-05
38.9	6.26288e-05
38.92	6.11818e-05
38.94	5.97661e-05
38.96	5.83813e-05
38.98	5.70267e-05
39	5.57017e-05
39.02	5.4406e-05
39.04	5.31387e-05
39.06	5.18995e-05
39.08	5.06878e-05
39.1	4.9503e-05
39.12	4.83446e-05
39.14	4.72121e-05
39.16	4.6105e-05
39.18	4.50227e-05
39.2	4.39649e-05
39.22	4.29309e-05
39.24	4.19203e-05
39.26	4.09327e-05
39.28	3.99675e-05
39.3	3.90243e-05
39.32	3.81027e-05
39.34	3.72021e-05
39.36	3.63223e-05
39.38	3.54626e-05
39.4	3.46228e-05
39.42	3.38023e-05
39.44	3.30008e-05
39.46	3.22179e-05
39.48	3.14531e-05
39.5	3.07061e-05
39.52	2.99766e-05
39.54	2.9264e-05
39.56	2.85681e-05
39.58	2.78885e-05
39.6	2.72248e-05
39.62	2.65767e-05
39.64	2.59438e-05
39.66	2.53258e-05
39.68	2.47224e-05
39.7	2.41333e-05
39.72	2.35581e-05
39.74	2.29965e-05
39.76	2.24482e-05
39.78	2.19129e-05
39.8	2.13903e-05
39.82	2.08801e-05
39.84	2.03821e-05
39.86	1.9896e-05
39.88	1.94215e-05
39.9	1.89583e-05
39.92	1.85061e-05
39.94	1.80648e-05
39.96	1.76341e-05
39.98	1.72136e-05
40	1.68033e-05
40.02	1.64028e-05
40.04	1.60119e-05
40.06	1.56305e-05
40.08	1.52582e-05
40.1	1.48948e-05
40.12	1.45402e-05
40.14	1.41942e-05
40.16	1.38565e-05
40.18	1.35269e-05
40.2	1.32053e-05
40.22	1.28915e-05
40.24	1.25852e-05
40.26	1.22863e-05
40.28	1.19947e-05
40.3	1.17101e-05
40.32	1.14324e-05
40.34	1.11615e-05
40.36	1.0897e-05
40.38	1.0639e-05
40.4	1.03872e-05
40.42	1.01416e-05
40.44	9.90185e-06
40.46	9.66793e-06
40.48	9.43968e-06
40.5	9.21696e-06
40.52	8.99963e-06
40.54	8.78757e-06
40.56	8.58065e-06
40.58	8.37874e-06
40.6	8.18172e-06
40.62	7.98948e-06
40.64	7.80189e-06
40.66	7.61884e-06
40.68	7.44023e-06
40.7	7.26594e-06
40.72	7.09587e-06
40.74	6.92992e-06
40.76	6.76798e-06
40.78	6.60996e-06
40.8	6.45576e-06
40.82	6.30529e-06
40.84	6.15845e-06
40.86	6.01516e-06
40.88	5.87533e-06
40.9	5.73888e-06
40.92	5.60572e-06
40.94	5.47577e-06
40.96	5.34896e-06
40.98	5.2252e-06
41	5.10442e-06
41.02	4.98655e-06
41.04	4.87152e-06
41.06	4.75925e-06
41.08	4.64969e-06
41.1	4.54275e-06
41.12	4.43839e-06
41.14	4.33652e-06
41.16	4.2371e-06
41.18	4.14007e-06
41.2	4.04535e-06
41.22	3.95291e-06
41.24	3.86267e-06
41.26	3.7746e-06
41.28	3.68862e-06
41.3	3.6047e-06
41.32	3.52278e-06
41.34	3.44282e-06
41.36	3.36476e-06
41.38	3.28855e-06
41.4	3.21416e-06
41.42	3.14154e-06
41.44	3.07064e-06
41.46	3.00142e-06
41.48	2.93384e-06
41.5	2.86787e-06
41.52	2.80345e-06
41.54	2.74056e-06
41.56	2.67915e-06
41.58	2.6192e-06
41.6	2.56065e-06
41.62	2.50349e-06
41.64	2.44767e-06
41.66	2.39317e-06
41.68	2.33994e-06
41.7	2.28797e-06
41.72	2.23721e-06
41.74	2.18764e-06
41.76	2.13923e-06
41.78	2.09196e-06
41.8	2.04579e-06
41.82	2.00069e-06
41.84	1.95665e-06
41.86	1.91364e-06
41.88	1.87162e-06
41.9	1.83058e-06
41.92	1.79049e-06
41.94	1.75134e-06
41.96	1.71309e-06
41.98	1.67573e-06
42	1.63923e-06
42.02	1.60357e-06
42.04	1.56873e-06
42.06	1.5347e-06
42.08	1.50145e-06
42.1	1.46897e-06
42.12	1.43723e-06
42.14	1.40622e-06
42.16	1.37592e-06
42.18	1.34632e-06
42.2	1.31739e-06
42.22	1.28912e-06
42.24	1.2615e-06
42.26	1.2345e-06
42.28	1.20812e-06
42.3	1.18235e-06
42.32	1.15715e-06
42.34	1.13253e-06
42.36	1.10847e-06
42.38	1.08495e-06
42.4	1.06196e-06
42.42	1.03949e-06
42.44	1.01753e-06
42.46	9.96062e-07
42.48	9.75079e-07
42.5	9.54567e-07
42.52	9.34515e-07
42.54	9.14914e-07
42.56	8.95751e-07
42.58	8.77018e-07
42.6	8.58703e-07
42.62	8.40796e-07
42.64	8.23289e-07
42.66	8.06172e-07
42.68	7.89436e-07
42.7	7.73071e-07
42.72	7.5707e-07
42.74	7.41423e-07
42.76	7.26122e-07
42.78	7.1116e-07
42.8	6.96528e-07
42.82	6.82219e-07
42.84	6.68225e-07
42.86	6.5454e-07
42.88	6.41154e-07
42.9	6.28063e-07
42.92	6.15259e-07
42.94	6.02735e-07
42.96	5.90485e-07
42.98	5.78503e-07
43	5.66782e-07
43.02	5.55316e-07
43.04	5.441e-07
43.06	5.33128e-07
43.08	5.22393e-07
43.1	5.11892e-07
43.12	5.01618e-07
43.14	4.91567e-07
43.16	4.81732e-07
43.18	4.7211e-07
43.2	4.62695e-07
43.22	4.53483e-07
43.24	4.44468e-07
43.26	4.35648e-07
43.28	4.27016e-07
43.3	4.18569e-07
43.32	4.10303e-07
43.34	4.02214e-07
43.36	3.94297e-07
43.38	3.86548e-07
43.4	3.78965e-07
43.42	3.71543e-07
43.44	3.64278e-07
43.46	3.57168e-07
43.48	3.50208e-07
43.5	3.43395e-07
43.52	3.36726e-07
43.54	3.30198e-07
43.56	3.23807e-07
43.58	3.17551e-07
43.6	3.11427e-07
43.62	3.0543e-07
43.64	2.9956e-07
43.66	2.93812e-07
43.68	2.88185e-07
43.7	2.82675e-07
43.72	2.7728e-07
43.74	2.71997e-07
43.76	2.66825e-07
43.78	2.61759e-07
43.8	2.56799e-07
43.82	2.51942e-07
43.84	2.47185e-07
43.86	2.42526e-07
43.88	2.37964e-07
43.9	2.33495e-07
43.92	2.29119e-07
43.94	2.24832e-07
43.96	2.20634e-07
43.98	2.16522e-07
44	2.12493e-07
44.02	2.08548e-07
44.04	2.04682e-07
44.06	2.00896e-07
44.08	1.97187e-07
44.1	1.93553e-07
44.12	1.89993e-07
44.14	1.86506e-07
44.16	1.83089e-07
44.18	1.79741e-07
44.2	1.76461e-07
44.22	1.73247e-07
44.24	1.70097e-07
44.26	1.67011e-07
44.28	1.63988e-07
44.3	1.61025e-07
44.32	1.58121e-07
44.34	1.55275e-07
44.36	1.52487e-07
44.38	1.49754e-07
44.4	1.47075e-07
44.42	1.4445e-07
44.44	1.41877e-07
44.46	1.39356e-07
44.48	1.36884e-07
44.5	1.34461e-07
44.52	1.32086e-07
44.54	1.29758e-07
44.56	1.27476e-07
44.58	1.25239e-07
44.6	1.23046e-07
44.62	1.20896e-07
44.64	1.18789e-07
44.66	1.16722e-07
44.68	1.14696e-07
44.7	1.1271e-07
44.72	1.10762e-07
44.74	1.08852e-07
44.76	1.0698e-07
44.78	1.05143e-07
44.8	1.03343e-07
44.82	1.01577e-07
44.84	9.98455e-08
44.86	9.81475e-08
44.88	9.64821e-08
44.9	9.48489e-08
44.92	9.3247e-08
44.94	9.16759e-08
44.96	9.0135e-08
44.98	8.86236e-08
45	8.71411e-08
45.02	8.56869e-08
45.04	8.42604e-08
45.06	8.28611e-08
45.08	8.14884e-08
45.1	8.01418e-08
45.12	7.88207e-08
45.14	7.75246e-08
45.16	7.6253e-08
45.18	7.50054e-08
45.2	7.37814e-08
45.22	7.25803e-08
45.24	7.14019e-08
45.26	7.02456e-08
45.28	6.9111e-08
45.3	6.79975e-08
45.32	6.69049e-08
45.34	6.58327e-08
45.36	6.47805e-08
45.38	6.37478e-08
45.4	6.27343e-08
45.42	6.17396e-08
45.44	6.07633e-08
45.46	5.98051e-08
45.48	5.88645e-08
45.5	5.79413e-08
45.52	5.70351e-08
45.54	5.61455e-08
45.56	5.52723e-08
45.58	5.4415e-08
45.6	5.35734e-08
45.62	5.27472e-08
45.64	5.1936e-08
45.66	5.11397e-08
45.68	5.03577e-08
45.7	4.959e-08
45.72	4.88362e-08
45.74	4.8096e-08
45.76	4.73692e-08
45.78	4.66555e-08
45.8	4.59547e-08
45.82	4.52664e-08
45.84	4.45905e-08
45.86	4.39267e-08
45.88	4.32748e-08
45.9	4.26345e-08
45.92	4.20057e-08
45.94	4.1388e-08
45.96	4.07814e-08
45.98	4.01855e-08
46	3.96001e-08
46.02	3.90251e-08
46.04	3.84603e-08
46.06	3.79055e-08
46.08	3.73604e-08
46.1	3.68249e-08
46.12	3.62988e-08
46.14	3.57819e-08
46.16	3.5274e-08
46.18	3.4775e-08
46.2	3.42848e-08
46.22	3.38031e-08
46.24	3.33297e-08
46.26	3.28646e-08
46.28	3.24075e-08
46.3	3.19583e-08
46.32	3.15169e-08
46.34	3.10831e-08
46.36	3.06568e-08
46.38	3.02378e-08
46.4	2.9826e-08
46.42	2.94213e-08
46.44	2.90234e-08
46.46	2.86324e-08
46.48	2.82481e-08
46.5	2.78703e-08
46.52	2.74989e-08
46.54	2.71338e-08
46.56	2.67749e-08
46.58	2.64221e-08
46.6	2.60753e-08
46.62	2.57343e-08
46.64	2.5399e-08
46.66	2.50694e-08
46.68	2.47453e-08
46.7	2.44266e-08
46.72	2.41133e-08
46.74	2.38052e-08
46.76	2.35023e-08
46.78	2.32044e-08
46.8	2.29115e-08
46.82	2.26234e-08
46.84	2.23401e-08
46.86	2.20615e-08
46.88	2.17875e-08
46.9	2.1518e-08
46.92	2.1253e-08
46.94	2.09923e-08
46.96	2.07359e-08
46.98	2.04837e-08
47	2.02356e-08
47.02	1.99916e-08
47.04	1.97516e-08
47.06	1.95155e-08
47.08	1.92833e-08
47.1	1.90548e-08
47.12	1.883e-08
47.14	1.86089e-08
47.16	1.83914e-08
47.18	1.81773e-08
47.2	1.79668e-08
47.22	1.77596e-08
47.24	1.75557e-08
47.26	1.73552e-08
47.28	1.71578e-08
47.3	1.69636e-08
47.32	1.67725e-08
47.34	1.65845e-08
47.36	1.63995e-08
47.38	1.62174e-08
47.4	1.60383e-08
47.42	1.58619e-08
47.44	1.56884e-08
47.46	1.55176e-08
47.48	1.53496e-08
47.5	1.51842e-08
47.52	1.50214e-08
47.54	1.48611e-08
47.56	1.47034e-08
47.58	1.45482e-08
47.6	1.43954e-08
47.62	1.4245e-08
47.64	1.4097e-08
47.66	1.39513e-08
47.68	1.38079e-08
47.7	1.36667e-08
47.72	1.35277e-08
47.74	1.33909e-08
47.76	1.32563e-08
47.78	1.31237e-08
47.8	1.29932e-08
47.82	1.28647e-08
47.84	1.27382e-08
47.86	1.26137e-08
47.88	1.24911e-08
47.9	1.23704e-08
47.92	1.22515e-08
47.94	1.21345e-08
47.96	1.20193e-08
47.98	1.19059e-08
48	1.17942e-08
48.02	1.16843e-08
48.04	1.1576e-08
48.06	1.14694e-08
48.08	1.13645e-08
48.1	1.12612e-08
48.12	1.11594e-08
48.14	1.10592e-08
48.16	1.09606e-08
48.18	1.08634e-08
48.2	1.07678e-08
48.22	1.06736e-08
48.24	1.05809e-08
48.26	1.04896e-08
48.28	1.03997e-08
48.3	1.03111e-08
48.32	1.02239e-08
48.34	1.01381e-08
48.36	1.00536e-08
48.38	9.97033e-09
48.4	9.88837e-09
48.42	9.80766e-09
48.44	9.72819e-09
48.46	9.64994e-09
48.48	9.57288e-09
48.5	9.49701e-09
48.52	9.4223e-09
48.54	9.34874e-09
48.56	9.27631e-09
48.58	9.20499e-09
48.6	9.13476e-09
48.62	9.06562e-09
48.64	8.99754e-09
48.66	8.93051e-09
48.68	8.86451e-09
48.7	8.79954e-09
48.72	8.73556e-09
48.74	8.67258e-09
48.76	8.61057e-09
48.78	8.54953e-09
48.8	8.48943e-09
48.82	8.43027e-09
48.84	8.37203e-09
48.86	8.3147e-09
48.88	8.25827e-09
48.9	8.20272e-09
48.92	8.14805e-09
48.94	8.09423e-09
48.96	8.04126e-09
48.98	7.98913e-09
49	7.93783e-09
49.02	7.88734e-09
49.04	7.83765e-09
49.06	7.78876e-09
49.08	7.74065e-09
49.1	7.69332e-09
49.12	7.64674e-09
49.14	7.60093e-09
49.16	7.55585e-09
49.18	7.51151e-09
49.2	7.46789e-09
49.22	7.42499e-09
49.24	7.3828e-09
49.26	7.3413e-09
49.28	7.30049e-09
49.3	7.26037e-09
49.32	7.22092e-09
49.34	7.18213e-09
49.36	7.144e-09
49.38	7.10652e-09
49.4	7.06968e-09
49.42	7.03348e-09
49.44	6.9979e-09
49.46	6.96294e-09
49.48	6.9286e-09
49.5	6.89486e-09
49.52	6.86172e-09
49.54	6.82918e-09
49.56	6.79722e-09
49.58	6.76584e-09
49.6	6.73504e-09
49.62	6.7048e-09
49.64	6.67513e-09
49.66	6.64601e-09
49.68	6.61745e-09
49.7	6.58943e-09
49.72	6.56195e-09
49.74	6.53501e-09
49.76	6.5086e-09
49.78	6.48271e-09
49.8	6.45734e-09
49.82	6.43249e-09
49.84	6.40815e-09
49.86	6.38432e-09
49.88	6.36099e-09
49.9	6.33815e-09
49.92	6.31581e-09
49.94	6.29397e-09
49.96	6.2726e-09
49.98	6.25172e-09
50	6.23132e-09
50.02	6.21139e-09
50.04	6.19193e-09
50.06	6.17295e-09
50.08	6.15442e-09
50.1	6.13636e-09
50.12	6.11876e-09
50.14	6.10161e-09
50.16	6.08492e-09
50.18	6.06867e-09
50.2	6.05288e-09
50.22	6.03753e-09
50.24	6.02262e-09
50.26	6.00815e-09
50.28	5.99412e-09
50.3	5.98053e-09
50.32	5.96737e-09
50.34	5.95464e-09
50.36	5.94234e-09
50.38	5.93047e-09
50.4	5.91903e-09
50.42	5.90802e-09
50.44	5.89743e-09
50.46	5.88726e-09
50.48	5.87752e-09
50.5	5.86819e-09
50.52	5.85929e-09
50.54	5.8508e-09
50.56	5.84273e-09
50.58	5.83509e-09
50.6	5.82785e-09
50.62	5.82104e-09
50.64	5.81464e-09
50.66	5.80866e-09
50.68	5.80309e-09
50.7	5.79794e-09
50.72	5.79321e-09
50.74	5.78889e-09
50.76	5.78499e-09
50.78	5.78151e-09
50.8	5.77845e-09
50.82	5.7758e-09
50.84	5.77358e-09
50.86	5.77177e-09
50.88	5.77039e-09
50.9	5.76943e-09
50.92	5.7689e-09
50.94	5.76879e-09
50.96	5.76911e-09
50.98	5.76986e-09
51	5.77104e-09
51.02	5.77265e-09
51.04	5.7747e-09
51.06	5.77719e-09
51.08	5.78012e-09
51.1	5.78349e-09
51.12	5.78731e-09
51.14	5.79157e-09
51.16	5.79629e-09
51.18	5.80147e-09
51.2	5.8071e-09
51.22	5.8132e-09
51.24	5.81976e-09
51.26	5.8268e-09
51.28	5.83431e-09
51.3	5.8423e-09
51.32	5.85078e-09
51.34	5.85974e-09
51.36	5.86921e-09
51.38	5.87917e-09
51.4	5.88963e-09
51.42	5.90061e-09
51.44	5.91211e-09
51.46	5.92413e-09
51.48	5.93669e-09
51.5	5.94978e-09
51.52	5.96342e-09
51.54	5.97761e-09
51.56	5.99236e-09
51.58	6.00769e-09
51.6	6.02359e-09
51.62	6.04008e-09
51.64	6.05717e-09
51.66	6.07486e-09
51.68	6.09317e-09
51.7	6.11212e-09
51.72	6.1317e-09
51.74	6.15193e-09
51.76	6.17282e-09
51.78	6.1944e-09
51.8	6.21666e-09
51.82	6.23963e-09
51.84	6.26331e-09
51.86	6.28773e-09
51.88	6.3129e-09
51.9	6.33883e-09
51.92	6.36555e-09
51.94	6.39307e-09
51.96	6.42141e-09
51.98	6.4506e-09
52	6.48064e-09
52.02	6.51158e-09
52.04	6.54342e-09
52.06	6.57619e-09
52.08	6.60993e-09
52.1	6.64465e-09
52.12	6.68039e-09
52.14	6.71717e-09
52.16	6.75503e-09
52.18	6.794e-09
52.2	6.83412e-09
52.22	6.87543e-09
52.24	6.91797e-09
52.26	6.96177e-09
52.28	7.00689e-09
52.3	7.05338e-09
52.32	7.10128e-09
52.34	7.15066e-09
52.36	7.20158e-09
52.38	7.25409e-09
52.4	7.30828e-09
52.42	7.36421e-09
52.44	7.42197e-09
52.46	7.48164e-09
52.48	7.54334e-09
52.5	7.60715e-09
52.52	7.6732e-09
52.54	7.74163e-09
52.56	7.81257e-09
52.58	7.88618e-09
52.6	7.96264e-09
52.62	8.04217e-09
52.64	8.12498e-09
52.66	8.21135e-09
52.68	8.30158e-09
52.7	8.39604e-09
52.72	8.49515e-09
52.74	8.59944e-09
52.76	8.70953e-09
52.78	8.82623e-09
52.8	8.95057e-09
52.82	9.08395e-09
52.84	9.22829e-09
52.86	9.38647e-09
52.88	9.56309e-09
52.9	9.76656e-09
52.92	1.00149e-08
52.94	1.03572e-08
52.96	1.09809e-08
52.98	1.28493e-08
53	1.87698e-08
53.02	3.61025e-08
53.04	8.76491e-08
53.06	2.32845e-07
53.08	5.95899e-07
53.1	1.42203e-06
53.12	3.19002e-06
53.14	6.72019e-06
53.16	1.31447e-05
53.18	2.36395e-05
53.2	3.89005e-05
53.22	5.87606e-05
53.24	8.2402e-05
53.26	0.000108805
53.28	0.000137
53.3	0.000166145
53.32	0.00019556
53.34	0.000224724
53.36	0.000253264
53.38	0.000280924
53.4	0.000307539
53.42	0.000333009
53.44	0.00035728
53.46	0.000380332
53.48	0.000402167
53.5	0.0004228
53.52	0.00044226
53.54	0.00046058
53.56	0.000477797
53.58	0.000493952
53.6	0.000509083
53.62	0.000523231
53.64	0.000536434
53.66	0.000548731
53.68	0.000560158
53.7	0.000570751
53.72	0.000580543
53.74	0.000589567
53.76	0.000597855
53.78	0.000605436
53.8	0.000612339
53.82	0.000618592
53.84	0.000624222
53.86	0.000629254
53.88	0.000633714
53.9	0.000637624
53.92	0.000641008
53.94	0.000643888
53.96	0.000646285
53.98	0.000648219
54	0.000649711
54.02	0.000650779
54.04	0.000651442
54.06	0.000651716
54.08	0.00065162
54.1	0.00065117
54.12	0.000650381
54.14	0.000649268
54.16	0.000647847
54.18	0.000646131
54.2	0.000644135
54.22	0.00064187
54.24	0.00063935
54.26	0.000636586
54.28	0.000633592
54.3	0.000630377
54.32	0.000626953
54.34	0.000623331
54.36	0.00061952
54.38	0.000615531
54.4	0.000611372
54.42	0.000607053
54.44	0.000602583
54.46	0.00059797
54.48	0.000593222
54.5	0.000588348
54.52	0.000583354
54.54	0.000578249
54.56	0.000573039
54.58	0.000567732
54.6	0.000562333
54.62	0.00055685
54.64	0.000551288
54.66	0.000545654
54.68	0.000539954
54.7	0.000534192
54.72	0.000528375
54.74	0.000522508
54.76	0.000516595
54.78	0.000510643
54.8	0.000504654
54.82	0.000498635
54.84	0.000492589
54.86	0.000486521
54.88	0.000480434
54.9	0.000474334
54.92	0.000468223
54.94	0.000462105
54.96	0.000455985
54.98	0.000449865
55	0.000443748
55.02	0.000437639
55.04	0.000431539
55.06	0.000425453
55.08	0.000419382
55.1	0.00041333
55.12	0.000407299
55.14	0.000401292
55.16	0.000395311
55.18	0.000389358
55.2	0.000383436
55.22	0.000377546
55.24	0.000371692
55.26	0.000365874
55.28	0.000360094
55.3	0.000354355
55.32	0.000348658
55.34	0.000343005
55.36	0.000337396
55.38	0.000331834
55.4	0.000326319
55.42	0.000320853
55.44	0.000315438
55.46	0.000310074
55.48	0.000304762
55.5	0.000299503
55.52	0.000294298
55.54	0.000289148
55.56	0.000284054
55.58	0.000279016
55.6	0.000274035
55.62	0.000269112
55.64	0.000264246
55.66	0.000259439
55.68	0.000254692
55.7	0.000250003
55.72	0.000245374
55.74	0.000240804
55.76	0.000236295
55.78	0.000231846
55.8	0.000227457
55.82	0.000223128
55.84	0.00021886
55.86	0.000214652
55.88	0.000210504
55.9	0.000206417
55.92	0.000202389
55.94	0.000198422
55.96	0.000194514
55.98	0.000190666
56	0.000186877
56.02	0.000183148
56.04	0.000179477
56.06	0.000175864
56.08	0.000172309
56.1	0.000168813
56.12	0.000165373
56.14	0.00016199
56.16	0.000158664
56.18	0.000155394
56.2	0.00015218
56.22	0.00014902
56.24	0.000145915
56.26	0.000142864
56.28	0.000139867
56.3	0.000136922
56.32	0.000134031
56.34	0.000131191
56.36	0.000128402
56.38	0.000125664
56.4	0.000122976
56.42	0.000120338
56.44	0.000117749
56.46	0.000115209
56.48	0.000112716
56.5	0.00011027
56.52	0.000107871
56.54	0.000105518
56.56	0.00010321
56.58	0.000100946
56.6	9.87272e-05
56.62	9.65516e-05
56.64	9.44187e-05
56.66	9.2328e-05
56.68	9.02789e-05
56.7	8.82708e-05
56.72	8.63029e-05
56.74	8.43748e-05
56.76	8.24857e-05
56.78	8.06351e-05
56.8	7.88224e-05
56.82	7.70469e-05
56.84	7.5308e-05
56.86	7.36052e-05
56.88	7.19377e-05
56.9	7.03051e-05
56.92	6.87067e-05
56.94	6.7142e-05
56.96	6.56103e-05
56.98	6.41111e-05
57	6.26438e-05
57.02	6.12078e-05
57.04	5.98027e-05
57.06	5.84277e-05
57.08	5.70824e-05
57.1	5.57663e-05
57.12	5.44787e-05
57.14	5.32192e-05
57.16	5.19872e-05
57.18	5.07822e-05
57.2	4.96037e-05
57.22	4.84512e-05
57.24	4.73241e-05
57.26	4.62221e-05
57.28	4.51445e-05
57.3	4.4091e-05
57.32	4.30611e-05
57.34	4.20542e-05
57.36	4.10699e-05
57.38	4.01078e-05
57.4	3.91674e-05
57.42	3.82482e-05
57.44	3.735e-05
57.46	3.64721e-05
57.48	3.56142e-05
57.5	3.47759e-05
57.52	3.39568e-05
57.54	3.31564e-05
57.56	3.23745e-05
57.58	3.16105e-05
57.6	3.08641e-05
57.62	3.0135e-05
57.64	2.94227e-05
57.66	2.87269e-05
57.68	2.80473e-05
57.7	2.73835e-05
57.72	2.67352e-05
57.74	2.61019e-05
57.76	2.54835e-05
57.78	2.48795e-05
57.8	2.42897e-05
57.82	2.37137e-05
57.84	2.31513e-05
57.86	2.2602e-05
57.88	2.20658e-05
57.9	2.15421e-05
57.92	2.10309e-05
57.94	2.05317e-05
57.96	2.00443e-05
57.98	1.95685e-05
58	1.91039e-05
58.02	1.86504e-05
58.04	1.82077e-05
58.06	1.77755e-05
58.08	1.73536e-05
58.1	1.69417e-05
58.12	1.65397e-05
58.14	1.61473e-05
58.16	1.57642e-05
58.18	1.53903e-05
58.2	1.50253e-05
58.22	1.46691e-05
58.24	1.43214e-05
58.26	1.39821e-05
58.28	1.36508e-05
58.3	1.33276e-05
58.32	1.30121e-05
58.34	1.27041e-05
58.36	1.24036e-05
58.38	1.21103e-05
58.4	1.1824e-05
58.42	1.15447e-05
58.44	1.1272e-05
58.46	1.10059e-05
58.48	1.07463e-05
58.5	1.04928e-05
58.52	1.02455e-05
58.54	1.00042e-05
58.56	9.76863e-06
58.58	9.53877e-06
58.6	9.31445e-06
58.62	9.09554e-06
58.64	8.88191e-06
58.66	8.67343e-06
58.68	8.46998e-06
58.7	8.27144e-06
58.72	8.07768e-06
58.74	7.88859e-06
58.76	7.70406e-06
58.78	7.52398e-06
58.8	7.34825e-06
58.82	7.17674e-06
58.84	7.00937e-06
58.86	6.84603e-06
58.88	6.68663e-06
58.9	6.53107e-06
58.92	6.37925e-06
58.94	6.23108e-06
58.96	6.08648e-06
58.98	5.94536e-06
59	5.80763e-06
59.02	5.67321e-06
59.04	5.54202e-06
59.06	5.41399e-06
59.08	5.28902e-06
59.1	5.16706e-06
59.12	5.04802e-06
59.14	4.93184e-06
59.16	4.81844e-06
59.18	4.70775e-06
59.2	4.59972e-06
59.22	4.49427e-06
59.24	4.39134e-06
59.26	4.29087e-06
59.28	4.19281e-06
59.3	4.09708e-06
59.32	4.00364e-06
59.34	3.91242e-06
59.36	3.82338e-06
59.38	3.73646e-06
59.4	3.65161e-06
59.42	3.56877e-06
59.44	3.4879e-06
59.46	3.40896e-06
59.48	3.33188e-06
59.5	3.25664e-06
59.52	3.18317e-06
59.54	3.11145e-06
59.56	3.04142e-06
59.58	2.97305e-06
59.6	2.90629e-06
59.62	2.84111e-06
59.64	2.77746e-06
59.66	2.71531e-06
59.68	2.65463e-06
59.7	2.59537e-06
59.72	2.53751e-06
59.74	2.481e-06
59.76	2.42582e-06
59.78	2.37193e-06
59.8	2.31931e-06
59.82	2.26791e-06
59.84	2.21772e-06
59.86	2.1687e-06
59.88	2.12082e-06
59.9	2.07405e-06
59.92	2.02838e-06
59.94	1.98377e-06
59.96	1.94019e-06
59.98	1.89763e-06
60	1.85605e-06
60.02	1.81544e-06
60.04	1.77576e-06
60.06	1.737e-06
60.08	1.69914e-06
60.1	1.66215e-06
60.12	1.62602e-06
60.14	1.59071e-06
60.16	1.55622e-06
60.18	1.52252e-06
60.2	1.48959e-06
60.22	1.45742e-06
60.24	1.42598e-06
60.26	1.39527e-06
60.28	1.36525e-06
60.3	1.33592e-06
60.32	1.30726e-06
60.34	1.27925e-06
60.36	1.25188e-06
60.38	1.22513e-06
60.4	1.19898e-06
60.42	1.17343e-06
60.44	1.14846e-06
60.46	1.12406e-06
60.48	1.1002e-06
60.5	1.07688e-06
60.52	1.05409e-06
60.54	1.03181e-06
60.56	1.01004e-06
60.58	9.88747e-07
60.6	9.67937e-07
60.62	9.47593e-07
60.64	9.27705e-07
60.66	9.08261e-07
60.68	8.89252e-07
60.7	8.70667e-07
60.72	8.52496e-07
60.74	8.3473e-07
60.76	8.17358e-07
60.78	8.00372e-07
60.8	7.83763e-07
60.82	7.67522e-07
60.84	7.51641e-07
60.86	7.3611e-07
60.88	7.20923e-07
60.9	7.0607e-07
60.92	6.91544e-07
60.94	6.77338e-07
60.96	6.63444e-07
60.98	6.49855e-07
61	6.36564e-07
61.02	6.23564e-07
61.04	6.10848e-07
61.06	5.9841e-07
61.08	5.86244e-07
61.1	5.74342e-07
61.12	5.62699e-07
61.14	5.5131e-07
61.16	5.40167e-07
61.18	5.29267e-07
61.2	5.18602e-07
61.22	5.08168e-07
61.24	4.9796e-07
61.26	4.87971e-07
61.28	4.78198e-07
61.3	4.68636e-07
61.32	4.59279e-07
61.34	4.50123e-07
61.36	4.41163e-07
61.38	4.32395e-07
61.4	4.23815e-07
61.42	4.15419e-07
61.44	4.07201e-07
61.46	3.99158e-07
61.48	3.91287e-07
61.5	3.83583e-07
61.52	3.76043e-07
61.54	3.68663e-07
61.56	3.61439e-07
61.58	3.54368e-07
61.6	3.47446e-07
61.62	3.40671e-07
61.64	3.34038e-07
61.66	3.27545e-07
61.68	3.21188e-07
61.7	3.14965e-07
61.72	3.08872e-07
61.74	3.02908e-07
61.76	2.97067e-07
61.78	2.91349e-07
61.8	2.85751e-07
61.82	2.80268e-07
61.84	2.749e-07
61.86	2.69644e-07
61.88	2.64497e-07
61.9	2.59456e-07
61.92	2.5452e-07
61.94	2.49686e-07
61.96	2.44952e-07
61.98	2.40316e-07
62	2.35775e-07
62.02	2.31328e-07
62.04	2.26971e-07
62.06	2.22705e-07
62.08	2.18526e-07
62.1	2.14432e-07
62.12	2.10422e-07
62.14	2.06494e-07
62.16	2.02646e-07
62.18	1.98877e-07
62.2	1.95184e-07
62.22	1.91566e-07
62.24	1.88022e-07
62.26	1.8455e-07
62.28	1.81147e-07
62.3	1.77814e-07
62.32	1.74548e-07
62.34	1.71347e-07
62.36	1.68211e-07
62.38	1.65138e-07
62.4	1.62127e-07
62.42	1.59176e-07
62.44	1.56285e-07
62.46	1.53451e-07
62.48	1.50674e-07
62.5	1.47952e-07
62.52	1.45284e-07
62.54	1.4267e-07
62.56	1.40107e-07
62.58	1.37595e-07
62.6	1.35133e-07
62.62	1.3272e-07
62.64	1.30355e-07
62.66	1.28036e-07
62.68	1.25763e-07
62.7	1.23535e-07
62.72	1.2135e-07
62.74	1.19208e-07
62.76	1.17109e-07
62.78	1.1505e-07
62.8	1.13032e-07
62.82	1.11053e-07
62.84	1.09113e-07
62.86	1.0721e-07
62.88	1.05345e-07
62.9	1.03516e-07
62.92	1.01722e-07
62.94	9.99629e-08
62.96	9.82379e-08
62.98	9.65462e-08
63	9.48871e-08
63.02	9.326e-08
63.04	9.16642e-08
63.06	9.0099e-08
63.08	8.85639e-08
63.1	8.70581e-08
63.12	8.55811e-08
63.14	8.41324e-08
63.16	8.27113e-08
63.18	8.13172e-08
63.2	7.99497e-08
63.22	7.86081e-08
63.24	7.7292e-08
63.26	7.60008e-08
63.28	7.4734e-08
63.3	7.34911e-08
63.32	7.22717e-08
63.34	7.10752e-08
63.36	6.99012e-08
63.38	6.87493e-08
63.4	6.76189e-08
63.42	6.65097e-08
63.44	6.54213e-08
63.46	6.43532e-08
63.48	6.33049e-08
63.5	6.22762e-08
63.52	6.12665e-08
63.54	6.02757e-08
63.56	5.93031e-08
63.58	5.83486e-08
63.6	5.74117e-08
63.62	5.64921e-08
63.64	5.55894e-08
63.66	5.47033e-08
63.68	5.38335e-08
63.7	5.29796e-08
63.72	5.21414e-08
63.74	5.13185e-08
63.76	5.05106e-08
63.78	4.97174e-08
63.8	4.89386e-08
63.82	4.8174e-08
63.84	4.74233e-08
63.86	4.66861e-08
63.88	4.59623e-08
63.9	4.52515e-08
63.92	4.45536e-08
63.94	4.38682e-08
63.96	4.31951e-08
63.98	4.25341e-08
64	4.1885e-08
64.02	4.12474e-08
64.04	4.06213e-08
64.06	4.00063e-08
64.08	3.94022e-08
64.1	3.88089e-08
64.12	3.82261e-08
64.14	3.76536e-08
64.16	3.70912e-08
64.18	3.65388e-08
64.2	3.59961e-08
64.22	3.5463e-08
64.24	3.49392e-08
64.26	3.44246e-08
64.28	3.39191e-08
64.3	3.34223e-08
64.32	3.29343e-08
64.34	3.24547e-08
64.36	3.19835e-08
64.38	3.15205e-08
64.4	3.10656e-08
64.42	3.06184e-08
64.44	3.01791e-08
64.46	2.97473e-08
64.48	2.93229e-08
64.5	2.89059e-08
64.52	2.8496e-08
64.54	2.80932e-08
64.56	2.76972e-08
64.58	2.7308e-08
64.6	2.69255e-08
64.62	2.65494e-08
64.64	2.61798e-08
64.66	2.58164e-08
64.68	2.54592e-08
64.7	2.51081e-08
64.72	2.47629e-08
64.74	2.44235e-08
64.76	2.40898e-08
64.78	2.37617e-08
64.8	2.34392e-08
64.82	2.3122e-08
64.84	2.28101e-08
64.86	2.25035e-08
64.88	2.2202e-08
64.9	2.19054e-08
64.92	2.16139e-08
64.94	2.13271e-08
64.96	2.10451e-08
64.98	2.07678e-08
65	2.0495e-08
65.02	2.02267e-08
65.04	1.99629e-08
65.06	1.97034e-08
65.08	1.94481e-08
65.1	1.9197e-08
65.12	1.89501e-08
65.14	1.87071e-08
65.16	1.84681e-08
65.18	1.8233e-08
65.2	1.80017e-08
65.22	1.77742e-08
65.24	1.75503e-08
65.26	1.733e-08
65.28	1.71133e-08
65.3	1.69001e-08
65.32	1.66903e-08
65.34	1.64839e-08
65.36	1.62808e-08
65.38	1.6081e-08
65.4	1.58843e-08
65.42	1.56907e-08
65.44	1.55003e-08
65.46	1.53128e-08
65.48	1.51284e-08
65.5	1.49468e-08
65.52	1.47681e-08
65.54	1.45923e-08
65.56	1.44192e-08
65.58	1.42488e-08
65.6	1.40811e-08
65.62	1.39161e-08
65.64	1.37536e-08
65.66	1.35936e-08
65.68	1.34362e-08
65.7	1.32812e-08
65.72	1.31286e-08
65.74	1.29784e-08
65.76	1.28305e-08
65.78	1.26849e-08
65.8	1.25415e-08
65.82	1.24003e-08
65.84	1.22614e-08
65.86	1.21245e-08
65.88	1.19898e-08
65.9	1.18571e-08
65.92	1.17264e-08
65.94	1.15978e-08
65.96	1.14711e-08
65.98	1.13463e-08
66	1.12234e-08
66.02	1.11024e-08
66.04	1.09832e-08
66.06	1.08659e-08
66.08	1.07503e-08
66.1	1.06364e-08
66.12	1.05242e-08
66.14	1.04138e-08
66.16	1.0305e-08
66.18	1.01978e-08
66.2	1.00922e-08
66.22	9.98822e-09
66.24	9.88577e-09
66.26	9.78485e-09
66.28	9.68543e-09
66.3	9.58748e-09
66.32	9.49099e-09
66.34	9.39592e-09
66.36	9.30226e-09
66.38	9.20998e-09
66.4	9.11906e-09
66.42	9.02947e-09
66.44	8.94121e-09
66.46	8.85423e-09
66.48	8.76854e-09
66.5	8.68409e-09
66.52	8.60088e-09
66.54	8.51889e-09
66.56	8.43808e-09
66.58	8.35846e-09
66.6	8.27999e-09
66.62	8.20266e-09
66.64	8.12645e-09
66.66	8.05135e-09
66.68	7.97732e-09
66.7	7.90437e-09
66.72	7.83247e-09
66.74	7.76161e-09
66.76	7.69176e-09
66.78	7.62292e-09
66.8	7.55507e-09
66.82	7.48819e-09
66.84	7.42227e-09
66.86	7.35728e-09
66.88	7.29323e-09
66.9	7.23009e-09
66.92	7.16786e-09
66.94	7.1065e-09
66.96	7.04602e-09
66.98	6.9864e-09
67	6.92763e-09
67.02	6.86969e-09
67.04	6.81257e-09
67.06	6.75626e-09
67.08	6.70075e-09
67.1	6.64602e-09
67.12	6.59206e-09
67.14	6.53887e-09
67.16	6.48642e-09
67.18	6.43471e-09
67.2	6.38374e-09
67.22	6.33347e-09
67.24	6.28392e-09
67.26	6.23506e-09
67.28	6.18689e-09
67.3	6.13939e-09
67.32	6.09256e-09
67.34	6.04638e-09
67.36	6.00086e-09
67.38	5.95597e-09
67.4	5.9117e-09
67.42	5.86806e-09
67.44	5.82503e-09
67.46	5.7826e-09
67.48	5.74076e-09
67.5	5.69951e-09
67.52	5.65883e-09
67.54	5.61872e-09
67.56	5.57917e-09
67.58	5.54018e-09
67.6	5.50173e-09
67.62	5.46381e-09
67.64	5.42643e-09
67.66	5.38957e-09
67.68	5.35322e-09
67.7	5.31738e-09
67.72	5.28204e-09
67.74	5.2472e-09
67.76	5.21284e-09
67.78	5.17896e-09
67.8	5.14556e-09
67.82	5.11263e-09
67.84	5.08015e-09
67.86	5.04814e-09
67.88	5.01657e-09
67.9	4.98544e-09
67.92	4.95476e-09
67.94	4.9245e-09
67.96	4.89467e-09
67.98	4.86526e-09
68	4.83627e-09
68.02	4.80769e-09
68.04	4.77951e-09
68.06	4.75172e-09
68.08	4.72434e-09
68.1	4.69734e-09
68.12	4.67072e-09
68.14	4.64449e-09
68.16	4.61863e-09
68.18	4.59314e-09
68.2	4.56801e-09
68.22	4.54325e-09
68.24	4.51884e-09
68.26	4.49478e-09
68.28	4.47107e-09
68.3	4.4477e-09
68.32	4.42467e-09
68.34	4.40198e-09
68.36	4.37962e-09
68.38	4.35758e-09
68.4	4.33587e-09
68.42	4.31447e-09
68.44	4.2934e-09
68.46	4.27263e-09
68.48	4.25217e-09
68.5	4.23202e-09
68.52	4.21217e-09
68.54	4.19261e-09
68.56	4.17335e-09
68.58	4.15438e-09
68.6	4.1357e-09
68.62	4.1173e-09
68.64	4.09919e-09
68.66	4.08135e-09
68.68	4.06379e-09
68.7	4.0465e-09
68.72	4.02948e-09
68.74	4.01272e-09
68.76	3.99623e-09
68.78	3.98001e-09
68.8	3.96404e-09
68.82	3.94832e-09
68.84	3.93286e-09
68.86	3.91765e-09
68.88	3.90268e-09
68.9	3.88796e-09
68.92	3.87349e-09
68.94	3.85925e-09
68.96	3.84526e-09
68.98	3.8315e-09
69	3.81797e-09
69.02	3.80468e-09
69.04	3.79161e-09
69.06	3.77877e-09
69.08	3.76616e-09
69.1	3.75377e-09
69.12	3.7416e-09
69.14	3.72965e-09
69.16	3.71791e-09
69.18	3.70639e-09
69.2	3.69509e-09
69.22	3.684e-09
69.24	3.67311e-09
69.26	3.66244e-09
69.28	3.65197e-09
69.3	3.64171e-09
69.32	3.63165e-09
69.34	3.62179e-09
69.36	3.61213e-09
69.38	3.60267e-09
69.4	3.59341e-09
69.42	3.58434e-09
69.44	3.57547e-09
69.46	3.56679e-09
69.48	3.5583e-09
69.5	3.55e-09
69.52	3.54189e-09
69.54	3.53397e-09
69.56	3.52623e-09
69.58	3.51868e-09
69.6	3.51132e-09
69.62	3.50413e-09
69.64	3.49713e-09
69.66	3.49031e-09
69.68	3.48367e-09
69.7	3.47721e-09
69.72	3.47092e-09
69.74	3.46481e-09
69.76	3.45888e-09
69.78	3.45313e-09
69.8	3.44754e-09
69.82	3.44213e-09
69.84	3.4369e-09
69.86	3.43183e-09
69.88	3.42694e-09
69.9	3.42222e-09
69.92	3.41766e-09
69.94	3.41328e-09
69.96	3.40906e-09
69.98	3.40501e-09
70	3.40113e-09
70.02	3.39742e-09
70.04	3.39387e-09
70.06	3.39048e-09
70.08	3.38727e-09
70.1	3.38421e-09
70.12	3.38132e-09
70.14	3.3786e-09
70.16	3.37604e-09
70.18	3.37364e-09
70.2	3.37141e-09
70.22	3.36933e-09
70.24	3.36742e-09
70.26	3.36568e-09
70.28	3.36409e-09
70.3	3.36267e-09
70.32	3.36141e-09
70.34	3.36031e-09
70.36	3.35937e-09
70.38	3.35859e-09
70.4	3.35798e-09
70.42	3.35752e-09
70.44	3.35723e-09
70.46	3.3571e-09
70.48	3.35713e-09
70.5	3.35733e-09
70.52	3.35768e-09
70.54	3.3582e-09
70.56	3.35888e-09
70.58	3.35972e-09
70.6	3.36073e-09
70.62	3.3619e-09
70.64	3.36323e-09
70.66	3.36473e-09
70.68	3.36639e-09
70.7	3.36821e-09
70.72	3.37021e-09
70.74	3.37236e-09
70.76	3.37469e-09
70.78	3.37718e-09
70.8	3.37983e-09
70.82	3.38266e-09
70.84	3.38565e-09
70.86	3.38882e-09
70.88	3.39215e-09
70.9	3.39566e-09
70.92	3.39933e-09
70.94	3.40318e-09
70.96	3.4072e-09
70.98	3.4114e-09
71	3.41577e-09
71.02	3.42032e-09
71.04	3.42504e-09
71.06	3.42994e-09
71.08	3.43503e-09
71.1	3.44029e-09
71.12	3.44573e-09
71.14	3.45136e-09
71.16	3.45717e-09
71.18	3.46317e-09
71.2	3.46935e-09
71.22	3.47572e-09
71.24	3.48229e-09
71.26	3.48904e-09
71.28	3.49598e-09
71.3	3.50312e-09
71.32	3.51046e-09
71.34	3.51799e-09
71.36	3.52572e-09
71.38	3.53366e-09
71.4	3.54179e-09
71.42	3.55014e-09
71.44	3.55868e-09
71.46	3.56744e-09
71.48	3.57641e-09
71.5	3.58559e-09
71.52	3.59499e-09
71.54	3.6046e-09
71.56	3.61444e-09
71.58	3.62449e-09
71.6	3.63477e-09
71.62	3.64528e-09
71.64	3.65602e-09
71.66	3.66699e-09
71.68	3.6782e-09
71.7	3.68965e-09
71.72	3.70133e-09
71.74	3.71326e-09
71.76	3.72544e-09
71.78	3.73787e-09
71.8	3.75056e-09
71.82	3.7635e-09
71.84	3.7767e-09
71.86	3.79016e-09
71.88	3.8039e-09
71.9	3.8179e-09
71.92	3.83219e-09
71.94	3.84675e-09
71.96	3.86159e-09
71.98	3.87673e-09
72	3.89215e-09
72.02	3.90788e-09
72.04	3.9239e-09
72.06	3.94023e-09
72.08	3.95687e-09
72.1	3.97383e-09
72.12	3.99111e-09
72.14	4.00872e-09
72.16	4.02666e-09
72.18	4.04494e-09
72.2	4.06357e-09
72.22	4.08254e-09
72.24	4.10187e-09
72.26	4.12156e-09
72.28	4.14163e-09
72.3	4.16206e-09
72.32	4.18289e-09
72.34	4.2041e-09
72.36	4.22571e-09
72.38	4.24773e-09
72.4	4.27017e-09
72.42	4.29302e-09
72.44	4.31631e-09
72.46	4.34004e-09
72.48	4.36422e-09
72.5	4.38886e-09
72.52	4.41396e-09
72.54	4.43955e-09
72.56	4.46562e-09
72.58	4.4922e-09
72.6	4.51929e-09
72.62	4.5469e-09
72.64	4.57505e-09
72.66	4.60375e-09
72.68	4.63301e-09
72.7	4.66285e-09
72.72	4.69328e-09
72.74	4.72432e-09
72.76	4.75598e-09
72.78	4.78827e-09
72.8	4.82122e-09
72.82	4.85485e-09
72.84	4.88916e-09
72.86	4.92418e-09
72.88	4.95994e-09
72.9	4.99644e-09
72.92	5.03372e-09
72.94	5.07179e-09
72.96	5.11069e-09
72.98	5.15043e-09
73	5.19105e-09
73.02	5.23256e-09
73.04	5.27501e-09
73.06	5.31842e-09
73.08	5.36282e-09
73.1	5.40826e-09
73.12	5.45476e-09
73.14	5.50237e-09
73.16	5.55113e-09
73.18	5.60108e-09
73.2	5.65227e-09
73.22	5.70475e-09
73.24	5.75857e-09
73.26	5.8138e-09
73.28	5.87049e-09
73.3	5.92871e-09
73.32	5.98854e-09
73.34	6.05005e-09
73.36	6.11333e-09
73.38	6.17847e-09
73.4	6.24557e-09
73.42	6.31474e-09
73.44	6.3861e-09
73.46	6.45981e-09
73.48	6.53599e-09
73.5	6.61483e-09
73.52	6.69652e-09
73.54	6.78127e-09
73.56	6.86934e-09
73.58	6.96102e-09
73.6	7.05666e-09
73.62	7.15664e-09
73.64	7.26148e-09
73.66	7.37176e-09
73.68	7.48825e-09
73.7	7.61193e-09
73.72	7.74411e-09
73.74	7.88664e-09
73.76	8.04227e-09
73.78	8.21547e-09
73.8	8.41439e-09
73.82	8.65684e-09
73.84	8.9921e-09
73.86	9.61396e-09
73.88	1.14775e-08
73.9	1.73679e-08
73.92	3.48854e-08
73.94	8.75474e-08
73.96	2.35962e-07
73.98	6.0594e-07
74	1.44516e-06
74.02	3.23403e-06
74.04	6.7874e-06
74.06	1.32176e-05
74.08	2.36639e-05
74.1	3.87799e-05
74.12	5.83787e-05
74.14	8.16525e-05
74.16	0.000107606
74.18	0.000135294
74.2	0.000163898
74.22	0.000192755
74.24	0.00022136
74.26	0.000249349
74.28	0.000276473
74.3	0.000302571
74.32	0.000327545
74.34	0.000351343
74.36	0.000373944
74.38	0.00039535
74.4	0.000415576
74.42	0.000434649
74.44	0.000452602
74.46	0.000469473
74.48	0.000485299
74.5	0.00050012
74.52	0.000513974
74.54	0.000526901
74.56	0.000538937
74.58	0.000550119
74.6	0.00056048
74.62	0.000570055
74.64	0.000578876
74.66	0.000586974
74.68	0.000594378
74.7	0.000601117
74.72	0.000607217
74.74	0.000612706
74.76	0.000617609
74.78	0.000621949
74.8	0.000625751
74.82	0.000629036
74.84	0.000631827
74.86	0.000634145
74.88	0.000636009
74.9	0.000637438
74.92	0.000638453
74.94	0.00063907
74.96	0.000639307
74.98	0.000639181
75	0.000638708
75.02	0.000637903
75.04	0.000636781
75.06	0.000635357
75.08	0.000633644
75.1	0.000631657
75.12	0.000629407
75.14	0.000626907
75.16	0.00062417
75.18	0.000621206
75.2	0.000618026
75.22	0.000614643
75.24	0.000611065
75.26	0.000607303
75.28	0.000603366
75.3	0.000599264
75.32	0.000595005
75.34	0.000590599
75.36	0.000586053
75.38	0.000581376
75.4	0.000576575
75.42	0.000571657
75.44	0.000566631
75.46	0.000561503
75.48	0.00055628
75.5	0.000550968
75.52	0.000545573
75.54	0.000540102
75.56	0.000534561
75.58	0.000528955
75.6	0.00052329
75.62	0.000517571
75.64	0.000511803
75.66	0.000505992
75.68	0.000500141
75.7	0.000494256
75.72	0.000488341
75.74	0.000482401
75.76	0.000476439
75.78	0.00047046
75.8	0.000464468
75.82	0.000458466
75.84	0.000452458
75.86	0.000446448
75.88	0.000440438
75.9	0.000434432
75.92	0.000428434
75.94	0.000422446
75.96	0.000416471
75.98	0.000410512
76	0.000404572
76.02	0.000398653
76.04	0.000392758
76.06	0.000386888
76.08	0.000381047
76.1	0.000375236
76.12	0.000369458
76.14	0.000363714
76.16	0.000358007
76.18	0.000352338
76.2	0.000346708
76.22	0.00034112
76.24	0.000335576
76.26	0.000330075
76.28	0.00032462
76.3	0.000319213
76.32	0.000313854
76.34	0.000308544
76.36	0.000303285
76.38	0.000298077
76.4	0.000292922
76.42	0.00028782
76.44	0.000282772
76.46	0.000277778
76.48	0.000272841
76.5	0.000267959
76.52	0.000263135
76.54	0.000258367
76.56	0.000253657
76.58	0.000249004
76.6	0.000244411
76.62	0.000239875
76.64	0.000235399
76.66	0.000230981
76.68	0.000226623
76.7	0.000222324
76.72	0.000218084
76.74	0.000213904
76.76	0.000209783
76.78	0.000205721
76.8	0.000201718
76.82	0.000197775
76.84	0.00019389
76.86	0.000190064
76.88	0.000186297
76.9	0.000182588
76.92	0.000178936
76.94	0.000175343
76.96	0.000171807
76.98	0.000168327
77	0.000164905
77.02	0.000161539
77.04	0.000158228
77.06	0.000154973
77.08	0.000151773
77.1	0.000148628
77.12	0.000145536
77.14	0.000142499
77.16	0.000139514
77.18	0.000136582
77.2	0.000133701
77.22	0.000130872
77.24	0.000128095
77.26	0.000125367
77.28	0.000122689
77.3	0.000120061
77.32	0.000117481
77.34	0.000114949
77.36	0.000112464
77.38	0.000110027
77.4	0.000107635
77.42	0.00010529
77.44	0.000102989
77.46	0.000100733
77.48	9.85204e-05
77.5	9.63511e-05
77.52	9.42244e-05
77.54	9.21396e-05
77.56	9.00962e-05
77.58	8.80936e-05
77.6	8.6131e-05
77.62	8.42079e-05
77.64	8.23237e-05
77.66	8.04778e-05
77.68	7.86696e-05
77.7	7.68984e-05
77.72	7.51637e-05
77.74	7.34648e-05
77.76	7.18012e-05
77.78	7.01723e-05
77.8	6.85775e-05
77.82	6.70162e-05
77.84	6.54878e-05
77.86	6.39918e-05
77.88	6.25275e-05
77.9	6.10945e-05
77.92	5.96921e-05
77.94	5.83199e-05
77.96	5.69772e-05
77.98	5.56636e-05
78	5.43785e-05
78.02	5.31213e-05
78.04	5.18916e-05
78.06	5.06887e-05
78.08	4.95124e-05
78.1	4.83619e-05
78.12	4.72368e-05
78.14	4.61366e-05
78.16	4.50609e-05
78.18	4.40092e-05
78.2	4.29809e-05
78.22	4.19756e-05
78.24	4.09929e-05
78.26	4.00324e-05
78.28	3.90935e-05
78.3	3.81758e-05
78.32	3.72789e-05
78.34	3.64024e-05
78.36	3.55458e-05
78.38	3.47088e-05
78.4	3.38909e-05
78.42	3.30917e-05
78.44	3.23109e-05
78.46	3.1548e-05
78.48	3.08027e-05
78.5	3.00746e-05
78.52	2.93634e-05
78.54	2.86686e-05
78.56	2.799e-05
78.58	2.73271e-05
78.6	2.66797e-05
78.62	2.60474e-05
78.64	2.54298e-05
78.66	2.48267e-05
78.68	2.42377e-05
78.7	2.36625e-05
78.72	2.31008e-05
78.74	2.25524e-05
78.76	2.20169e-05
78.78	2.1494e-05
78.8	2.09834e-05
78.82	2.04849e-05
78.84	1.99983e-05
78.86	1.95231e-05
78.88	1.90592e-05
78.9	1.86064e-05
78.92	1.81643e-05
78.94	1.77327e-05
78.96	1.73114e-05
78.98	1.69001e-05
79	1.64987e-05
79.02	1.61068e-05
79.04	1.57243e-05
79.06	1.53509e-05
79.08	1.49865e-05
79.1	1.46308e-05
79.12	1.42836e-05
79.14	1.39448e-05
79.16	1.36141e-05
79.18	1.32913e-05
79.2	1.29763e-05
79.22	1.26688e-05
79.24	1.23688e-05
79.26	1.20759e-05
79.28	1.17901e-05
79.3	1.15112e-05
79.32	1.1239e-05
79.34	1.09733e-05
79.36	1.07141e-05
79.38	1.04611e-05
79.4	1.02142e-05
79.42	9.97326e-06
79.44	9.73812e-06
79.46	9.50866e-06
79.48	9.28474e-06
79.5	9.06622e-06
79.52	8.85297e-06
79.54	8.64487e-06
79.56	8.44179e-06
79.58	8.24361e-06
79.6	8.05021e-06
79.62	7.86148e-06
79.64	7.6773e-06
79.66	7.49757e-06
79.68	7.32217e-06
79.7	7.15101e-06
79.72	6.98397e-06
79.74	6.82096e-06
79.76	6.66188e-06
79.78	6.50664e-06
79.8	6.35514e-06
79.82	6.20728e-06
79.84	6.06299e-06
79.86	5.92217e-06
79.88	5.78474e-06
79.9	5.65062e-06
79.92	5.51973e-06
79.94	5.39198e-06
79.96	5.2673e-06
79.98	5.14562e-06
80	5.02685e-06
80.02	4.91094e-06
80.04	4.79781e-06
80.06	4.6874e-06
80.08	4.57963e-06
80.1	4.47444e-06
80.12	4.37177e-06
80.14	4.27156e-06
80.16	4.17374e-06
80.18	4.07826e-06
80.2	3.98506e-06
80.22	3.89409e-06
80.24	3.80528e-06
80.26	3.7186e-06
80.28	3.63398e-06
80.3	3.55137e-06
80.32	3.47073e-06
80.34	3.392e-06
80.36	3.31515e-06
80.38	3.24012e-06
80.4	3.16687e-06
80.42	3.09536e-06
80.44	3.02554e-06
80.46	2.95737e-06
80.48	2.89082e-06
80.5	2.82584e-06
80.52	2.76239e-06
80.54	2.70044e-06
80.56	2.63995e-06
80.58	2.58088e-06
80.6	2.52321e-06
80.62	2.46689e-06
80.64	2.41189e-06
80.66	2.35818e-06
80.68	2.30574e-06
80.7	2.25452e-06
80.72	2.2045e-06
80.74	2.15565e-06
80.76	2.10794e-06
80.78	2.06134e-06
80.8	2.01583e-06
80.82	1.97138e-06
80.84	1.92797e-06
80.86	1.88556e-06
80.88	1.84414e-06
80.9	1.80368e-06
80.92	1.76416e-06
80.94	1.72555e-06
80.96	1.68784e-06
80.98	1.651e-06
81	1.615e-06
81.02	1.57984e-06
81.04	1.54549e-06
81.06	1.51193e-06
81.08	1.47914e-06
81.1	1.4471e-06
81.12	1.4158e-06
81.14	1.38521e-06
81.16	1.35533e-06
81.18	1.32612e-06
81.2	1.29759e-06
81.22	1.2697e-06
81.24	1.24245e-06
81.26	1.21582e-06
81.28	1.1898e-06
81.3	1.16437e-06
81.32	1.13951e-06
81.34	1.11522e-06
81.36	1.09148e-06
81.38	1.06827e-06
81.4	1.04559e-06
81.42	1.02342e-06
81.44	1.00175e-06
81.46	9.80567e-07
81.48	9.5986e-07
81.5	9.39619e-07
81.52	9.19832e-07
81.54	9.00488e-07
81.56	8.81577e-07
81.58	8.63089e-07
81.6	8.45014e-07
81.62	8.27342e-07
81.64	8.10064e-07
81.66	7.9317e-07
81.68	7.76652e-07
81.7	7.605e-07
81.72	7.44707e-07
81.74	7.29263e-07
81.76	7.14161e-07
81.78	6.99393e-07
81.8	6.84951e-07
81.82	6.70827e-07
81.84	6.57014e-07
81.86	6.43505e-07
81.88	6.30293e-07
81.9	6.17371e-07
81.92	6.04732e-07
81.94	5.92369e-07
81.96	5.80277e-07
81.98	5.68449e-07
82	5.56879e-07
82.02	5.45561e-07
82.04	5.34489e-07
82.06	5.23658e-07
82.08	5.13062e-07
82.1	5.02696e-07
82.12	4.92554e-07
82.14	4.82632e-07
82.16	4.72924e-07
82.18	4.63426e-07
82.2	4.54132e-07
82.22	4.45038e-07
82.24	4.3614e-07
82.26	4.27433e-07
82.28	4.18913e-07
82.3	4.10575e-07
82.32	4.02416e-07
82.34	3.94431e-07
82.36	3.86616e-07
82.38	3.78968e-07
82.4	3.71483e-07
82.42	3.64157e-07
82.44	3.56987e-07
82.46	3.49968e-07
82.48	3.43099e-07
82.5	3.36375e-07
82.52	3.29793e-07
82.54	3.2335e-07
82.56	3.17042e-07
82.58	3.10868e-07
82.6	3.04823e-07
82.62	2.98906e-07
82.64	2.93112e-07
82.66	2.8744e-07
82.68	2.81887e-07
82.7	2.7645e-07
82.72	2.71126e-07
82.74	2.65913e-07
82.76	2.60809e-07
82.78	2.55811e-07
82.8	2.50917e-07
82.82	2.46124e-07
82.84	2.41431e-07
82.86	2.36835e-07
82.88	2.32334e-07
82.9	2.27925e-07
82.92	2.23608e-07
82.94	2.19379e-07
82.96	2.15238e-07
82.98	2.11181e-07
83	2.07208e-07
83.02	2.03316e-07
83.04	1.99504e-07
83.06	1.9577e-07
83.08	1.92111e-07
83.1	1.88528e-07
83.12	1.85017e-07
83.14	1.81578e-07
83.16	1.78209e-07
83.18	1.74908e-07
83.2	1.71673e-07
83.22	1.68505e-07
83.24	1.654e-07
83.26	1.62358e-07
83.28	1.59377e-07
83.3	1.56456e-07
83.32	1.53594e-07
83.34	1.50789e-07
83.36	1.4804e-07
83.38	1.45347e-07
83.4	1.42707e-07
83.42	1.4012e-07
83.44	1.37585e-07
83.46	1.351e-07
83.48	1.32665e-07
83.5	1.30278e-07
83.52	1.27938e-07
83.54	1.25645e-07
83.56	1.23397e-07
83.58	1.21194e-07
83.6	1.19034e-07
83.62	1.16916e-07
83.64	1.1484e-07
83.66	1.12805e-07
83.68	1.1081e-07
83.7	1.08854e-07
83.72	1.06937e-07
83.74	1.05057e-07
83.76	1.03213e-07
83.78	1.01406e-07
83.8	9.96337e-08
83.82	9.78959e-08
83.84	9.61919e-08
83.86	9.45208e-08
83.88	9.28822e-08
83.9	9.12753e-08
83.92	8.96994e-08
83.94	8.81538e-08
83.96	8.66381e-08
83.98	8.51514e-08
84	8.36934e-08
84.02	8.22633e-08
84.04	8.08606e-08
84.06	7.94847e-08
84.08	7.81352e-08
84.1	7.68113e-08
84.12	7.55126e-08
84.14	7.42387e-08
84.16	7.2989e-08
84.18	7.17629e-08
84.2	7.05601e-08
84.22	6.93801e-08
84.24	6.82222e-08
84.26	6.70863e-08
84.28	6.59717e-08
84.3	6.48781e-08
84.32	6.38051e-08
84.34	6.27521e-08
84.36	6.17188e-08
84.38	6.07049e-08
84.4	5.97099e-08
84.42	5.87335e-08
84.44	5.77752e-08
84.46	5.68348e-08
84.48	5.59118e-08
84.5	5.50059e-08
84.52	5.41168e-08
84.54	5.32441e-08
84.56	5.23875e-08
84.58	5.15467e-08
84.6	5.07213e-08
84.62	4.99112e-08
84.64	4.91158e-08
84.66	4.83351e-08
84.68	4.75686e-08
84.7	4.68161e-08
84.72	4.60773e-08
84.74	4.5352e-08
84.76	4.46398e-08
84.78	4.39406e-08
84.8	4.3254e-08
84.82	4.25799e-08
84.84	4.19179e-08
84.86	4.12678e-08
84.88	4.06295e-08
84.9	4.00027e-08
84.92	3.93871e-08
84.94	3.87825e-08
84.96	3.81887e-08
84.98	3.76056e-08
85	3.70328e-08
85.02	3.64703e-08
85.04	3.59177e-08
85.06	3.5375e-08
85.08	3.48419e-08
85.1	3.43182e-08
85.12	3.38038e-08
85.14	3.32984e-08
85.16	3.2802e-08
85.18	3.23142e-08
85.2	3.18351e-08
85.22	3.13643e-08
85.24	3.09018e-08
85.26	3.04473e-08
85.28	3.00008e-08
85.3	2.95621e-08
85.32	2.9131e-08
85.34	2.87073e-08
85.36	2.82911e-08
85.38	2.7882e-08
85.4	2.748e-08
85.42	2.70849e-08
85.44	2.66966e-08
85.46	2.6315e-08
85.48	2.59399e-08
85.5	2.55713e-08
85.52	2.5209e-08
85.54	2.48529e-08
85.56	2.45028e-08
85.58	2.41587e-08
85.6	2.38205e-08
85.62	2.34879e-08
85.64	2.31611e-08
85.66	2.28397e-08
85.68	2.25238e-08
85.7	2.22132e-08
85.72	2.19078e-08
85.74	2.16076e-08
85.76	2.13124e-08
85.78	2.10221e-08
85.8	2.07367e-08
85.82	2.0456e-08
85.84	2.01801e-08
85.86	1.99087e-08
85.88	1.96418e-08
85.9	1.93794e-08
85.92	1.91212e-08
85.94	1.88674e-08
85.96	1.86177e-08
85.98	1.83722e-08
86	1.81307e-08
86.02	1.78931e-08
86.04	1.76595e-08
86.06	1.74296e-08
86.08	1.72036e-08
86.1	1.69812e-08
86.12	1.67624e-08
86.14	1.65472e-08
86.16	1.63354e-08
86.18	1.61271e-08
86.2	1.59222e-08
86.22	1.57206e-08
86.24	1.55222e-08
86.26	1.5327e-08
86.28	1.51349e-08
86.3	1.4946e-08
86.32	1.476e-08
86.34	1.4577e-08
86.36	1.4397e-08
86.38	1.42198e-08
86.4	1.40454e-08
86.42	1.38738e-08
86.44	1.37049e-08
86.46	1.35386e-08
86.48	1.3375e-08
86.5	1.3214e-08
86.52	1.30555e-08
86.54	1.28995e-08
86.56	1.27459e-08
86.58	1.25948e-08
86.6	1.2446e-08
86.62	1.22995e-08
86.64	1.21553e-08
86.66	1.20134e-08
86.68	1.18736e-08
86.7	1.1736e-08
86.72	1.16006e-08
86.74	1.14672e-08
86.76	1.13359e-08
86.78	1.12066e-08
86.8	1.10793e-08
86.82	1.0954e-08
86.84	1.08306e-08
86.86	1.0709e-08
86.88	1.05893e-08
86.9	1.04715e-08
86.92	1.03554e-08
86.94	1.02411e-08
86.96	1.01285e-08
86.98	1.00176e-08
87	9.90845e-09
87.02	9.8009e-09
87.04	9.69498e-09
87.06	9.59064e-09
87.08	9.48787e-09
87.1	9.38664e-09
87.12	9.28693e-09
87.14	9.18871e-09
87.16	9.09195e-09
87.18	8.99663e-09
87.2	8.90273e-09
87.22	8.81022e-09
87.24	8.71909e-09
87.26	8.6293e-09
87.28	8.54084e-09
87.3	8.45369e-09
87.32	8.36781e-09
87.34	8.2832e-09
87.36	8.19984e-09
87.38	8.11769e-09
87.4	8.03675e-09
87.42	7.95699e-09
87.44	7.87839e-09
87.46	7.80094e-09
87.48	7.72462e-09
87.5	7.6494e-09
87.52	7.57528e-09
87.54	7.50223e-09
87.56	7.43024e-09
87.58	7.35928e-09
87.6	7.28935e-09
87.62	7.22043e-09
87.64	7.1525e-09
87.66	7.08554e-09
87.68	7.01954e-09
87.7	6.95449e-09
87.72	6.89037e-09
87.74	6.82716e-09
87.76	6.76486e-09
87.78	6.70344e-09
87.8	6.6429e-09
87.82	6.58321e-09
87.84	6.52438e-09
87.86	6.46637e-09
87.88	6.40919e-09
87.9	6.35282e-09
87.92	6.29724e-09
87.94	6.24244e-09
87.96	6.18842e-09
87.98	6.13516e-09
88	6.08264e-09
88.02	6.03086e-09
88.04	5.97981e-09
88.06	5.92947e-09
88.08	5.87984e-09
88.1	5.8309e-09
88.12	5.78264e-09
88.14	5.73505e-09
88.16	5.68813e-09
88.18	5.64186e-09
88.2	5.59623e-09
88.22	5.55124e-09
88.24	5.50687e-09
88.26	5.46312e-09
88.28	5.41997e-09
88.3	5.37742e-09
88.32	5.33546e-09
88.34	5.29407e-09
88.36	5.25326e-09
88.38	5.21301e-09
88.4	5.17332e-09
88.42	5.13417e-09
88.44	5.09556e-09
88.46	5.05749e-09
88.48	5.01993e-09
88.5	4.98289e-09
88.52	4.94636e-09
88.54	4.91034e-09
88.56	4.8748e-09
88.58	4.83975e-09
88.6	4.80519e-09
88.62	4.7711e-09
88.64	4.73747e-09
88.66	4.7043e-09
88.68	4.67159e-09
88.7	4.63933e-09
88.72	4.6075e-09
88.74	4.57612e-09
88.76	4.54516e-09
88.78	4.51462e-09
88.8	4.48451e-09
88.82	4.4548e-09
88.84	4.4255e-09
88.86	4.3966e-09
88.88	4.3681e-09
88.9	4.33999e-09
88.92	4.31226e-09
88.94	4.28491e-09
88.96	4.25793e-09
88.98	4.23133e-09
89	4.20509e-09
89.02	4.17921e-09
89.04	4.15368e-09
89.06	4.12851e-09
89.08	4.10368e-09
89.1	4.07919e-09
89.12	4.05504e-09
89.14	4.03122e-09
89.16	4.00773e-09
89.18	3.98457e-09
89.2	3.96172e-09
89.22	3.93919e-09
89.24	3.91697e-09
89.26	3.89506e-09
89.28	3.87345e-09
89.3	3.85215e-09
89.32	3.83113e-09
89.34	3.81042e-09
89.36	3.78999e-09
89.38	3.76985e-09
89.4	3.74998e-09
89.42	3.7304e-09
89.44	3.7111e-09
89.46	3.69206e-09
89.48	3.67329e-09
89.5	3.65479e-09
89.52	3.63655e-09
89.54	3.61857e-09
89.56	3.60085e-09
89.58	3.58338e-09
89.6	3.56616e-09
89.62	3.54919e-09
89.64	3.53246e-09
89.66	3.51597e-09
89.68	3.49972e-09
89.7	3.48371e-09
89.72	3.46793e-09
89.74	3.45238e-09
89.76	3.43706e-09
89.78	3.42197e-09
89.8	3.4071e-09
89.82	3.39245e-09
89.84	3.37802e-09
89.86	3.3638e-09
89.88	3.3498e-09
89.9	3.33601e-09
89.92	3.32243e-09
89.94	3.30905e-09
89.96	3.29588e-09
89.98	3.28291e-09
90	3.27015e-09
90.02	3.25758e-09
90.04	3.24521e-09
90.06	3.23303e-09
90.08	3.22104e-09
90.1	3.20925e-09
90.12	3.19764e-09
90.14	3.18623e-09
90.16	3.17499e-09
90.18	3.16394e-09
90.2	3.15307e-09
90.22	3.14239e-09
90.24	3.13188e-09
90.26	3.12154e-09
90.28	3.11138e-09
90.3	3.1014e-09
90.32	3.09158e-09
90.34	3.08194e-09
90.36	3.07247e-09
90.38	3.06316e-09
90.4	3.05402e-09
90.42	3.04504e-09
90.44	3.03623e-09
90.46	3.02758e-09
90.48	3.01908e-09
90.5	3.01075e-09
90.52	3.00258e-09
90.54	2.99456e-09
90.56	2.98669e-09
90.58	2.97899e-09
90.6	2.97143e-09
90.62	2.96403e-09
90.64	2.95677e-09
90.66	2.94967e-09
90.68	2.94271e-09
90.7	2.9359e-09
90.72	2.92924e-09
90.74	2.92273e-09
90.76	2.91636e-09
90.78	2.91013e-09
90.8	2.90404e-09
90.82	2.8981e-09
90.84	2.89229e-09
90.86	2.88663e-09
90.88	2.88111e-09
90.9	2.87572e-09
90.92	2.87047e-09
90.94	2.86536e-09
90.96	2.86038e-09
90.98	2.85554e-09
91	2.85083e-09
91.02	2.84626e-09
91.04	2.84182e-09
91.06	2.83751e-09
91.08	2.83334e-09
91.1	2.82929e-09
91.12	2.82538e-09
91.14	2.82159e-09
91.16	2.81794e-09
91.18	2.81441e-09
91.2	2.81101e-09
91.22	2.80775e-09
91.24	2.8046e-09
91.26	2.80159e-09
91.28	2.7987e-09
91.3	2.79594e-09
91.32	2.7933e-09
91.34	2.79079e-09
91.36	2.7884e-09
91.38	2.78614e-09
91.4	2.784e-09
91.42	2.78199e-09
91.44	2.7801e-09
91.46	2.77833e-09
91.48	2.77669e-09
91.5	2.77517e-09
91.52	2.77377e-09
91.54	2.77249e-09
91.56	2.77134e-09
91.58	2.77031e-09
91.6	2.7694e-09
91.62	2.76862e-09
91.64	2.76795e-09
91.66	2.76741e-09
91.68	2.76699e-09
91.7	2.76669e-09
91.72	2.76652e-09
91.74	2.76646e-09
91.76	2.76653e-09
91.78	2.76672e-09
91.8	2.76703e-09
91.82	2.76746e-09
91.84	2.76802e-09
91.86	2.76869e-09
91.88	2.76949e-09
91.9	2.77042e-09
91.92	2.77146e-09
91.94	2.77263e-09
91.96	2.77392e-09
91.98	2.77534e-09
92	2.77688e-09
92.02	2.77854e-09
92.04	2.78033e-09
92.06	2.78224e-09
92.08	2.78427e-09
92.1	2.78644e-09
92.12	2.78872e-09
92.14	2.79114e-09
92.16	2.79368e-09
92.18	2.79634e-09
92.2	2.79914e-09
92.22	2.80206e-09
92.24	2.80512e-09
92.26	2.8083e-09
92.28	2.81161e-09
92.3	2.81505e-09
92.32	2.81862e-09
92.34	2.82232e-09
92.36	2.82616e-09
92.38	2.83013e-09
92.4	2.83423e-09
92.42	2.83847e-09
92.44	2.84284e-09
92.46	2.84735e-09
92.48	2.852e-09
92.5	2.85678e-09
92.52	2.86171e-09
92.54	2.86677e-09
92.56	2.87197e-09
92.58	2.87732e-09
92.6	2.8828e-09
92.62	2.88843e-09
92.64	2.89421e-09
92.66	2.90013e-09
92.68	2.9062e-09
92.7	2.91242e-09
92.72	2.91878e-09
92.74	2.9253e-09
92.76	2.93197e-09
92.78	2.93879e-09
92.8	2.94577e-09
92.82	2.9529e-09
92.84	2.96019e-09
92.86	2.96764e-09
92.88	2.97525e-09
92.9	2.98303e-09
92.92	2.99096e-09
92.94	2.99906e-09
92.96	3.00733e-09
92.98	3.01577e-09
93	3.02437e-09
93.02	3.03315e-09
93.04	3.04211e-09
93.06	3.05124e-09
93.08	3.06054e-09
93.1	3.07003e-09
93.12	3.0797e-09
93.14	3.08956e-09
93.16	3.0996e-09
93.18	3.10983e-09
93.2	3.12025e-09
93.22	3.13086e-09
93.24	3.14167e-09
93.26	3.15268e-09
93.28	3.16389e-09
93.3	3.1753e-09
93.32	3.18692e-09
93.34	3.19875e-09
93.36	3.21079e-09
93.38	3.22304e-09
93.4	3.23551e-09
93.42	3.24821e-09
93.44	3.26112e-09
93.46	3.27427e-09
93.48	3.28764e-09
93.5	3.30125e-09
93.52	3.3151e-09
93.54	3.32918e-09
93.56	3.34352e-09
93.58	3.3581e-09
93.6	3.37293e-09
93.62	3.38802e-09
93.64	3.40337e-09
93.66	3.41898e-09
93.68	3.43487e-09
93.7	3.45103e-09
93.72	3.46746e-09
93.74	3.48418e-09
93.76	3.50119e-09
93.78	3.51849e-09
93.8	3.53609e-09
93.82	3.55399e-09
93.84	3.5722e-09
93.86	3.59073e-09
93.88	3.60958e-09
93.9	3.62875e-09
93.92	3.64826e-09
93.94	3.6681e-09
93.96	3.68829e-09
93.98	3.70884e-09
94	3.72974e-09
94.02	3.75101e-09
94.04	3.77266e-09
94.06	3.79469e-09
94.08	3.8171e-09
94.1	3.83992e-09
94.12	3.86314e-09
94.14	3.88678e-09
94.16	3.91084e-09
94.18	3.93534e-09
94.2	3.96028e-09
94.22	3.98568e-09
94.24	4.01154e-09
94.26	4.03788e-09
94.28	4.0647e-09
94.3	4.09202e-09
94.32	4.11986e-09
94.34	4.14821e-09
94.36	4.1771e-09
94.38	4.20655e-09
94.4	4.23656e-09
94.42	4.26714e-09
94.44	4.29833e-09
94.46	4.33012e-09
94.48	4.36254e-09
94.5	4.3956e-09
94.52	4.42933e-09
94.54	4.46374e-09
94.56	4.49886e-09
94.58	4.53469e-09
94.6	4.57128e-09
94.62	4.60863e-09
94.64	4.64677e-09
94.66	4.68573e-09
94.68	4.72554e-09
94.7	4.76622e-09
94.72	4.8078e-09
94.74	4.85031e-09
94.76	4.8938e-09
94.78	4.93828e-09
94.8	4.9838e-09
94.82	5.0304e-09
94.84	5.07813e-09
94.86	5.12702e-09
94.88	5.17712e-09
94.9	5.22848e-09
94.92	5.28117e-09
94.94	5.33523e-09
94.96	5.39074e-09
94.98	5.44775e-09
95	5.50635e-09
95.02	5.56661e-09
95.04	5.62863e-09
95.06	5.69249e-09
95.08	5.75831e-09
95.1	5.82619e-09
95.12	5.89628e-09
95.14	5.96871e-09
95.16	6.04364e-09
95.18	6.12126e-09
95.2	6.20177e-09
95.22	6.28542e-09
95.24	6.37247e-09
95.26	6.46325e-09
95.28	6.55815e-09
95.3	6.65762e-09
95.32	6.76225e-09
95.34	6.87274e-09
95.36	6.99005e-09
95.38	7.1154e-09
95.4	7.25058e-09
95.42	7.39822e-09
95.44	7.56263e-09
95.46	7.75177e-09
95.48	7.98321e-09
95.5	8.30657e-09
95.52	8.92433e-09
95.54	1.08144e-08
95.56	1.68551e-08
95.58	3.50225e-08
95.6	9.01363e-08
95.62	2.45506e-07
95.64	6.31686e-07
95.66	1.50671e-06
95.68	3.37083e-06
95.7	7.06529e-06
95.72	1.37237e-05
95.74	2.44809e-05
95.76	3.99471e-05
95.78	5.98814e-05
95.8	8.34477e-05
95.82	0.000109644
95.84	0.000137528
95.86	0.000166287
95.88	0.000195264
95.9	0.00022396
95.92	0.00025202
95.94	0.000279199
95.96	0.000305341
95.98	0.000330349
96	0.000354176
96.02	0.0003768
96.04	0.000398224
96.06	0.000418467
96.08	0.000437555
96.1	0.000455521
96.12	0.000472402
96.14	0.000488237
96.16	0.000503065
96.18	0.000516926
96.2	0.000529857
96.22	0.000541897
96.24	0.00055308
96.26	0.000563442
96.28	0.000573017
96.3	0.000581836
96.32	0.00058993
96.34	0.000597329
96.36	0.000604061
96.38	0.000610154
96.4	0.000615634
96.42	0.000620527
96.44	0.000624856
96.46	0.000628646
96.48	0.000631918
96.5	0.000634694
96.52	0.000636996
96.54	0.000638843
96.56	0.000640256
96.58	0.000641252
96.6	0.000641849
96.62	0.000642067
96.64	0.000641919
96.66	0.000641425
96.68	0.000640597
96.7	0.000639452
96.72	0.000638005
96.74	0.000636268
96.76	0.000634255
96.78	0.00063198
96.8	0.000629454
96.82	0.00062669
96.84	0.0006237
96.86	0.000620493
96.88	0.000617082
96.9	0.000613476
96.92	0.000609686
96.94	0.00060572
96.96	0.000601589
96.98	0.000597301
97	0.000592866
97.02	0.00058829
97.04	0.000583583
97.06	0.000578752
97.08	0.000573805
97.1	0.000568749
97.12	0.00056359
97.14	0.000558337
97.16	0.000552994
97.18	0.000547569
97.2	0.000542068
97.22	0.000536496
97.24	0.00053086
97.26	0.000525165
97.28	0.000519415
97.3	0.000513617
97.32	0.000507775
97.34	0.000501895
97.36	0.00049598
97.38	0.000490035
97.4	0.000484065
97.42	0.000478074
97.44	0.000472066
97.46	0.000466044
97.48	0.000460013
97.5	0.000453976
97.52	0.000447937
97.54	0.000441899
97.56	0.000435866
97.58	0.00042984
97.6	0.000423824
97.62	0.000417822
97.64	0.000411836
97.66	0.000405868
97.68	0.000399923
97.7	0.000394001
97.72	0.000388106
97.74	0.000382239
97.76	0.000376403
97.78	0.000370599
97.8	0.000364831
97.82	0.000359099
97.84	0.000353406
97.86	0.000347753
97.88	0.000342141
97.9	0.000336573
97.92	0.00033105
97.94	0.000325573
97.96	0.000320143
97.98	0.000314762
98	0.000309431
98.02	0.00030415
98.04	0.000298922
98.06	0.000293746
98.08	0.000288624
98.1	0.000283556
98.12	0.000278543
98.14	0.000273587
98.16	0.000268686
98.18	0.000263843
98.2	0.000259057
98.22	0.000254329
98.24	0.00024966
98.26	0.000245049
98.28	0.000240497
98.3	0.000236004
98.32	0.00023157
98.34	0.000227196
98.36	0.000222882
98.38	0.000218627
98.4	0.000214431
98.42	0.000210296
98.44	0.00020622
98.46	0.000202203
98.48	0.000198246
98.5	0.000194348
98.52	0.000190509
98.54	0.000186729
98.56	0.000183007
98.58	0.000179343
98.6	0.000175738
98.62	0.00017219
98.64	0.0001687
98.66	0.000165266
98.68	0.000161889
98.7	0.000158568
98.72	0.000155302
98.74	0.000152092
98.76	0.000148937
98.78	0.000145836
98.8	0.000142789
98.82	0.000139795
98.84	0.000136854
98.86	0.000133965
98.88	0.000131127
98.9	0.000128341
98.92	0.000125605
98.94	0.00012292
98.96	0.000120284
98.98	0.000117696
99	0.000115157
99.02	0.000112666
99.04	0.000110221
99.06	0.000107823
99.08	0.000105471
99.1	0.000103164
99.12	0.000100902
99.14	9.86831e-05
99.16	9.6508e-05
99.18	9.43756e-05
99.2	9.22854e-05
99.22	9.02367e-05
99.24	8.82288e-05
99.26	8.62612e-05
99.28	8.43333e-05
99.3	8.24443e-05
99.32	8.05938e-05
99.34	7.87811e-05
99.36	7.70056e-05
99.38	7.52667e-05
99.4	7.35637e-05
99.42	7.18962e-05
99.44	7.02634e-05
99.46	6.86649e-05
99.48	6.71e-05
99.5	6.55681e-05
99.52	6.40687e-05
99.54	6.26012e-05
99.56	6.1165e-05
99.58	5.97596e-05
99.6	5.83844e-05
99.62	5.70388e-05
99.64	5.57224e-05
99.66	5.44346e-05
99.68	5.31748e-05
99.7	5.19425e-05
99.72	5.07373e-05
99.74	4.95585e-05
99.76	4.84058e-05
99.78	4.72785e-05
99.8	4.61762e-05
99.82	4.50984e-05
99.84	4.40447e-05
99.86	4.30145e-05
99.88	4.20074e-05
99.9	4.1023e-05
99.92	4.00607e-05
99.94	3.91201e-05
99.96	3.82008e-05
99.98	3.73024e-05
100	3.64244e-05
100.02	3.55664e-05
100.04	3.4728e-05
100.06	3.39088e-05
100.08	3.31083e-05
100.1	3.23263e-05
100.12	3.15622e-05
100.14	3.08158e-05
100.16	3.00867e-05
100.18	2.93744e-05
100.2	2.86786e-05
100.22	2.7999e-05
100.24	2.73352e-05
100.26	2.66869e-05
100.28	2.60537e-05
100.3	2.54353e-05
100.32	2.48314e-05
100.34	2.42416e-05
100.36	2.36658e-05
100.38	2.31034e-05
100.4	2.25543e-05
100.42	2.20181e-05
100.44	2.14946e-05
100.46	2.09835e-05
100.48	2.04845e-05
100.5	1.99973e-05
100.52	1.95216e-05
100.54	1.90573e-05
100.56	1.86039e-05
100.58	1.81614e-05
100.6	1.77294e-05
100.62	1.73077e-05
100.64	1.68961e-05
100.66	1.64943e-05
100.68	1.61021e-05
100.7	1.57193e-05
100.72	1.53456e-05
100.74	1.49809e-05
100.76	1.46249e-05
100.78	1.42775e-05
100.8	1.39384e-05
100.82	1.36075e-05
100.84	1.32845e-05
100.86	1.29693e-05
100.88	1.26616e-05
100.9	1.23614e-05
100.92	1.20684e-05
100.94	1.17824e-05
100.96	1.15034e-05
100.98	1.1231e-05
101	1.09653e-05
101.02	1.07059e-05
101.04	1.04528e-05
101.06	1.02058e-05
101.08	9.9648e-06
101.1	9.72959e-06
101.12	9.50006e-06
101.14	9.27607e-06
101.16	9.0575e-06
101.18	8.8442e-06
101.2	8.63606e-06
101.22	8.43294e-06
101.24	8.23473e-06
101.26	8.04131e-06
101.28	7.85256e-06
101.3	7.66837e-06
101.32	7.48863e-06
101.34	7.31323e-06
101.36	7.14207e-06
101.38	6.97503e-06
101.4	6.81203e-06
101.42	6.65297e-06
101.44	6.49774e-06
101.46	6.34625e-06
101.48	6.19842e-06
101.5	6.05416e-06
101.52	5.91337e-06
101.54	5.77597e-06
101.56	5.64189e-06
101.58	5.51103e-06
101.6	5.38332e-06
101.62	5.25868e-06
101.64	5.13704e-06
101.66	5.01833e-06
101.68	4.90247e-06
101.7	4.78939e-06
101.72	4.67902e-06
101.74	4.5713e-06
101.76	4.46617e-06
101.78	4.36356e-06
101.8	4.2634e-06
101.82	4.16564e-06
101.84	4.07022e-06
101.86	3.97708e-06
101.88	3.88617e-06
101.9	3.79743e-06
101.92	3.7108e-06
101.94	3.62625e-06
101.96	3.5437e-06
101.98	3.46313e-06
102	3.38447e-06
102.02	3.30768e-06
102.04	3.23272e-06
102.06	3.15953e-06
102.08	3.08809e-06
102.1	3.01834e-06
102.12	2.95024e-06
102.14	2.88375e-06
102.16	2.81884e-06
102.18	2.75546e-06
102.2	2.69357e-06
102.22	2.63315e-06
102.24	2.57415e-06
102.26	2.51654e-06
102.28	2.46029e-06
102.3	2.40536e-06
102.32	2.35172e-06
102.34	2.29934e-06
102.36	2.24819e-06
102.38	2.19823e-06
102.4	2.14945e-06
102.42	2.10181e-06
102.44	2.05527e-06
102.46	2.00983e-06
102.48	1.96545e-06
102.5	1.9221e-06
102.52	1.87975e-06
102.54	1.8384e-06
102.56	1.798e-06
102.58	1.75854e-06
102.6	1.72e-06
102.62	1.68235e-06
102.64	1.64557e-06
102.66	1.60964e-06
102.68	1.57453e-06
102.7	1.54024e-06
102.72	1.50674e-06
102.74	1.47401e-06
102.76	1.44203e-06
102.78	1.41079e-06
102.8	1.38026e-06
102.82	1.35043e-06
102.84	1.32129e-06
102.86	1.29281e-06
102.88	1.26498e-06
102.9	1.23778e-06
102.92	1.21121e-06
102.94	1.18524e-06
102.96	1.15986e-06
102.98	1.13506e-06
103	1.11082e-06
103.02	1.08713e-06
103.04	1.06398e-06
103.06	1.04135e-06
103.08	1.01923e-06
103.1	9.97607e-07
103.12	9.76475e-07
103.14	9.55818e-07
103.16	9.35625e-07
103.18	9.15886e-07
103.2	8.9659e-07
103.22	8.77727e-07
103.24	8.59285e-07
103.26	8.41256e-07
103.28	8.2363e-07
103.3	8.06397e-07
103.32	7.89547e-07
103.34	7.73073e-07
103.36	7.56965e-07
103.38	7.41215e-07
103.4	7.25814e-07
103.42	7.10754e-07
103.44	6.96028e-07
103.46	6.81627e-07
103.48	6.67543e-07
103.5	6.53771e-07
103.52	6.40301e-07
103.54	6.27129e-07
103.56	6.14245e-07
103.58	6.01644e-07
103.6	5.8932e-07
103.62	5.77265e-07
103.64	5.65474e-07
103.66	5.5394e-07
103.68	5.42658e-07
103.7	5.31622e-07
103.72	5.20827e-07
103.74	5.10265e-07
103.76	4.99933e-07
103.78	4.89826e-07
103.8	4.79937e-07
103.82	4.70262e-07
103.84	4.60796e-07
103.86	4.51535e-07
103.88	4.42473e-07
103.9	4.33606e-07
103.92	4.2493e-07
103.94	4.16441e-07
103.96	4.08133e-07
103.98	4.00004e-07
104	3.92048e-07
104.02	3.84263e-07
104.04	3.76644e-07
104.06	3.69187e-07
104.08	3.61889e-07
104.1	3.54746e-07
104.12	3.47755e-07
104.14	3.40913e-07
104.16	3.34215e-07
104.18	3.2766e-07
104.2	3.21243e-07
104.22	3.14961e-07
104.24	3.08812e-07
104.26	3.02792e-07
104.28	2.96899e-07
104.3	2.9113e-07
104.32	2.85482e-07
104.34	2.79953e-07
104.36	2.74539e-07
104.38	2.69238e-07
104.4	2.64048e-07
104.42	2.58967e-07
104.44	2.53991e-07
104.46	2.49119e-07
104.48	2.44348e-07
104.5	2.39676e-07
104.52	2.35101e-07
104.54	2.3062e-07
104.56	2.26233e-07
104.58	2.21936e-07
104.6	2.17727e-07
104.62	2.13605e-07
104.64	2.09568e-07
104.66	2.05614e-07
104.68	2.01741e-07
104.7	1.97948e-07
104.72	1.94232e-07
104.74	1.90592e-07
104.76	1.87027e-07
104.78	1.83534e-07
104.8	1.80112e-07
104.82	1.7676e-07
104.84	1.73476e-07
104.86	1.70259e-07
104.88	1.67107e-07
104.9	1.64018e-07
104.92	1.60992e-07
104.94	1.58028e-07
104.96	1.55123e-07
104.98	1.52276e-07
105	1.49487e-07
105.02	1.46753e-07
105.04	1.44075e-07
105.06	1.4145e-07
105.08	1.38878e-07
105.1	1.36357e-07
105.12	1.33886e-07
105.14	1.31465e-07
105.16	1.29092e-07
105.18	1.26766e-07
105.2	1.24486e-07
105.22	1.22251e-07
105.24	1.20061e-07
105.26	1.17914e-07
105.28	1.15809e-07
105.3	1.13746e-07
105.32	1.11724e-07
105.34	1.09741e-07
105.36	1.07797e-07
105.38	1.05891e-07
105.4	1.04023e-07
105.42	1.02191e-07
105.44	1.00395e-07
105.46	9.86346e-08
105.48	9.6908e-08
105.5	9.5215e-08
105.52	9.35549e-08
105.54	9.19271e-08
105.56	9.03308e-08
105.58	8.87653e-08
105.6	8.72302e-08
105.62	8.57246e-08
105.64	8.42481e-08
105.66	8.28e-08
105.68	8.13797e-08
105.7	7.99868e-08
105.72	7.86204e-08
105.74	7.72803e-08
105.76	7.59658e-08
105.78	7.46764e-08
105.8	7.34115e-08
105.82	7.21708e-08
105.84	7.09536e-08
105.86	6.97595e-08
105.88	6.8588e-08
105.9	6.74388e-08
105.92	6.63112e-08
105.94	6.5205e-08
105.96	6.41195e-08
105.98	6.30546e-08
106	6.20096e-08
106.02	6.09842e-08
106.04	5.99781e-08
106.06	5.89908e-08
106.08	5.80219e-08
106.1	5.70711e-08
106.12	5.61381e-08
106.14	5.52224e-08
106.16	5.43237e-08
106.18	5.34416e-08
106.2	5.2576e-08
106.22	5.17263e-08
106.24	5.08923e-08
106.26	5.00737e-08
106.28	4.92702e-08
106.3	4.84815e-08
106.32	4.77072e-08
106.34	4.69471e-08
106.36	4.62009e-08
106.38	4.54684e-08
106.4	4.47493e-08
106.42	4.40432e-08
106.44	4.335e-08
106.46	4.26694e-08
106.48	4.20011e-08
106.5	4.13449e-08
106.52	4.07006e-08
106.54	4.00679e-08
106.56	3.94466e-08
106.58	3.88365e-08
106.6	3.82374e-08
106.62	3.7649e-08
106.64	3.70711e-08
106.66	3.65036e-08
106.68	3.59462e-08
106.7	3.53988e-08
106.72	3.48611e-08
106.74	3.43329e-08
106.76	3.38142e-08
106.78	3.33046e-08
106.8	3.2804e-08
106.82	3.23123e-08
106.84	3.18292e-08
106.86	3.13547e-08
106.88	3.08885e-08
106.9	3.04305e-08
106.92	2.99805e-08
106.94	2.95383e-08
106.96	2.91039e-08
106.98	2.86771e-08
107	2.82577e-08
107.02	2.78456e-08
107.04	2.74406e-08
107.06	2.70427e-08
107.08	2.66516e-08
107.1	2.62673e-08
107.12	2.58896e-08
107.14	2.55184e-08
107.16	2.51536e-08
107.18	2.47951e-08
107.2	2.44427e-08
107.22	2.40963e-08
107.24	2.37558e-08
107.26	2.34212e-08
107.28	2.30922e-08
107.3	2.27688e-08
107.32	2.24509e-08
107.34	2.21384e-08
107.36	2.18312e-08
107.38	2.15291e-08
107.4	2.12322e-08
107.42	2.09402e-08
107.44	2.06532e-08
107.46	2.03709e-08
107.48	2.00934e-08
107.5	1.98205e-08
107.52	1.95522e-08
107.54	1.92884e-08
107.56	1.90289e-08
107.58	1.87737e-08
107.6	1.85228e-08
107.62	1.8276e-08
107.64	1.80333e-08
107.66	1.77946e-08
107.68	1.75598e-08
107.7	1.73289e-08
107.72	1.71018e-08
107.74	1.68784e-08
107.76	1.66586e-08
107.78	1.64424e-08
107.8	1.62298e-08
107.82	1.60206e-08
107.84	1.58148e-08
107.86	1.56124e-08
107.88	1.54132e-08
107.9	1.52172e-08
107.92	1.50244e-08
107.94	1.48347e-08
107.96	1.46481e-08
107.98	1.44644e-08
108	1.42837e-08
108.02	1.41059e-08
108.04	1.3931e-08
108.06	1.37588e-08
108.08	1.35893e-08
108.1	1.34226e-08
108.12	1.32585e-08
108.14	1.30969e-08
108.16	1.2938e-08
108.18	1.27815e-08
108.2	1.26275e-08
108.22	1.2476e-08
108.24	1.23268e-08
108.26	1.21799e-08
108.28	1.20354e-08
108.3	1.18931e-08
108.32	1.1753e-08
108.34	1.16151e-08
108.36	1.14794e-08
108.38	1.13457e-08
108.4	1.12142e-08
108.42	1.10846e-08
108.44	1.09571e-08
108.46	1.08315e-08
108.48	1.07079e-08
108.5	1.05861e-08
108.52	1.04662e-08
108.54	1.03482e-08
108.56	1.0232e-08
108.58	1.01175e-08
108.6	1.00048e-08
108.62	9.89377e-09
108.64	9.78444e-09
108.66	9.67678e-09
108.68	9.57074e-09
108.7	9.4663e-09
108.72	9.36344e-09
108.74	9.26213e-09
108.76	9.16234e-09
108.78	9.06405e-09
108.8	8.96723e-09
108.82	8.87185e-09
108.84	8.77791e-09
108.86	8.68536e-09
108.88	8.59419e-09
108.9	8.50437e-09
108.92	8.41589e-09
108.94	8.32872e-09
108.96	8.24284e-09
108.98	8.15823e-09
109	8.07486e-09
109.02	7.99272e-09
109.04	7.91179e-09
109.06	7.83204e-09
109.08	7.75347e-09
109.1	7.67604e-09
109.12	7.59974e-09
109.14	7.52456e-09
109.16	7.45047e-09
109.18	7.37746e-09
109.2	7.30551e-09
109.22	7.2346e-09
109.24	7.16472e-09
109.26	7.09585e-09
109.28	7.02797e-09
109.3	6.96107e-09
109.32	6.89514e-09
109.34	6.83015e-09
109.36	6.76609e-09
109.38	6.70295e-09
109.4	6.64072e-09
109.42	6.57937e-09
109.44	6.5189e-09
109.46	6.45929e-09
109.48	6.40053e-09
109.5	6.34261e-09
109.52	6.2855e-09
109.54	6.22921e-09
109.56	6.17371e-09
109.58	6.119e-09
109.6	6.06506e-09
109.62	6.01188e-09
109.64	5.95945e-09
109.66	5.90776e-09
109.68	5.85679e-09
109.7	5.80654e-09
109.72	5.757e-09
109.74	5.70814e-09
109.76	5.65997e-09
109.78	5.61248e-09
109.8	5.56564e-09
109.82	5.51946e-09
109.84	5.47392e-09
109.86	5.42902e-09
109.88	5.38474e-09
109.9	5.34107e-09
109.92	5.29801e-09
109.94	5.25555e-09
109.96	5.21367e-09
109.98	5.17238e-09
110	5.13165e-09
110.02	5.09149e-09
110.04	5.05188e-09
110.06	5.01281e-09
110.08	4.97429e-09
110.1	4.93629e-09
110.12	4.89882e-09
110.14	4.86186e-09
110.16	4.82541e-09
110.18	4.78946e-09
110.2	4.754e-09
110.22	4.71903e-09
110.24	4.68454e-09
110.26	4.65052e-09
110.28	4.61696e-09
110.3	4.58387e-09
110.32	4.55123e-09
110.34	4.51903e-09
110.36	4.48727e-09
110.38	4.45595e-09
110.4	4.42505e-09
110.42	4.39458e-09
110.44	4.36452e-09
110.46	4.33487e-09
110.48	4.30563e-09
110.5	4.27679e-09
110.52	4.24834e-09
110.54	4.22027e-09
110.56	4.1926e-09
110.58	4.16529e-09
110.6	4.13836e-09
110.62	4.1118e-09
110.64	4.0856e-09
110.66	4.05976e-09
110.68	4.03427e-09
110.7	4.00913e-09
110.72	3.98433e-09
110.74	3.95988e-09
110.76	3.93575e-09
110.78	3.91196e-09
110.8	3.8885e-09
110.82	3.86535e-09
110.84	3.84252e-09
110.86	3.82001e-09
110.88	3.7978e-09
110.9	3.7759e-09
110.92	3.75431e-09
110.94	3.73301e-09
110.96	3.712e-09
110.98	3.69129e-09
111	3.67086e-09
111.02	3.65071e-09
111.04	3.63084e-09
111.06	3.61125e-09
111.08	3.59193e-09
111.1	3.57288e-09
111.12	3.5541e-09
111.14	3.53558e-09
111.16	3.51732e-09
111.18	3.49932e-09
111.2	3.48156e-09
111.22	3.46406e-09
111.24	3.44681e-09
111.26	3.4298e-09
111.28	3.41303e-09
111.3	3.3965e-09
111.32	3.38021e-09
111.34	3.36415e-09
111.36	3.34832e-09
111.38	3.33272e-09
111.4	3.31734e-09
111.42	3.30219e-09
111.44	3.28725e-09
111.46	3.27253e-09
111.48	3.25803e-09
111.5	3.24374e-09
111.52	3.22967e-09
111.54	3.2158e-09
111.56	3.20213e-09
111.58	3.18867e-09
111.6	3.17541e-09
111.62	3.16235e-09
111.64	3.14949e-09
111.66	3.13682e-09
111.68	3.12435e-09
111.7	3.11206e-09
111.72	3.09997e-09
111.74	3.08806e-09
111.76	3.07634e-09
111.78	3.0648e-09
111.8	3.05344e-09
111.82	3.04227e-09
111.84	3.03127e-09
111.86	3.02044e-09
111.88	3.0098e-09
111.9	2.99932e-09
111.92	2.98901e-09
111.94	2.97888e-09
111.96	2.96891e-09
111.98	2.95911e-09
112	2.94948e-09
112.02	2.94e-09
112.04	2.93069e-09
112.06	2.92154e-09
112.08	2.91255e-09
112.1	2.90372e-09
112.12	2.89504e-09
112.14	2.88652e-09
112.16	2.87815e-09
112.18	2.86994e-09
112.2	2.86187e-09
112.22	2.85396e-09
112.24	2.84619e-09
112.26	2.83857e-09
112.28	2.8311e-09
112.3	2.82377e-09
112.32	2.81659e-09
112.34	2.80955e-09
112.36	2.80265e-09
112.38	2.79589e-09
112.4	2.78927e-09
112.42	2.7828e-09
112.44	2.77646e-09
112.46	2.77025e-09
112.48	2.76418e-09
112.5	2.75825e-09
112.52	2.75245e-09
112.54	2.74679e-09
112.56	2.74125e-09
112.58	2.73585e-09
112.6	2.73058e-09
112.62	2.72544e-09
112.64	2.72043e-09
112.66	2.71555e-09
112.68	2.71079e-09
112.7	2.70617e-09
112.72	2.70167e-09
112.74	2.69729e-09
112.76	2.69304e-09
112.78	2.68891e-09
112.8	2.68491e-09
112.82	2.68103e-09
112.84	2.67728e-09
112.86	2.67365e-09
112.88	2.67013e-09
112.9	2.66674e-09
112.92	2.66347e-09
112.94	2.66032e-09
112.96	2.65729e-09
112.98	2.65438e-09
113	2.65159e-09
113.02	2.64892e-09
113.04	2.64636e-09
113.06	2.64392e-09
113.08	2.6416e-09
113.1	2.6394e-09
113.12	2.63731e-09
113.14	2.63534e-09
113.16	2.63349e-09
113.18	2.63175e-09
113.2	2.63013e-09
113.22	2.62862e-09
113.24	2.62723e-09
113.26	2.62595e-09
113.28	2.62479e-09
113.3	2.62374e-09
113.32	2.62281e-09
113.34	2.62199e-09
113.36	2.62128e-09
113.38	2.62069e-09
113.4	2.62022e-09
113.42	2.61986e-09
113.44	2.61961e-09
113.46	2.61947e-09
113.48	2.61945e-09
113.5	2.61955e-09
113.52	2.61976e-09
113.54	2.62008e-09
113.56	2.62052e-09
113.58	2.62107e-09
113.6	2.62173e-09
113.62	2.62251e-09
113.64	2.62341e-09
113.66	2.62442e-09
113.68	2.62554e-09
113.7	2.62678e-09
113.72	2.62814e-09
113.74	2.62961e-09
113.76	2.6312e-09
113.78	2.6329e-09
113.8	2.63472e-09
113.82	2.63666e-09
113.84	2.63872e-09
113.86	2.64089e-09
113.88	2.64318e-09
113.9	2.64559e-09
113.92	2.64812e-09
113.94	2.65076e-09
113.96	2.65353e-09
113.98	2.65642e-09
114	2.65943e-09
114.02	2.66256e-09
114.04	2.66581e-09
114.06	2.66918e-09
114.08	2.67268e-09
114.1	2.6763e-09
114.12	2.68005e-09
114.14	2.68392e-09
114.16	2.68791e-09
114.18	2.69204e-09
114.2	2.69628e-09
114.22	2.70066e-09
114.24	2.70517e-09
114.26	2.7098e-09
114.28	2.71457e-09
114.3	2.71947e-09
114.32	2.7245e-09
114.34	2.72966e-09
114.36	2.73496e-09
114.38	2.74039e-09
114.4	2.74596e-09
114.42	2.75167e-09
114.44	2.75751e-09
114.46	2.76349e-09
114.48	2.76962e-09
114.5	2.77588e-09
114.52	2.78229e-09
114.54	2.78885e-09
114.56	2.79554e-09
114.58	2.80239e-09
114.6	2.80938e-09
114.62	2.81652e-09
114.64	2.82382e-09
114.66	2.83126e-09
114.68	2.83886e-09
114.7	2.84662e-09
114.72	2.85453e-09
114.74	2.8626e-09
114.76	2.87083e-09
114.78	2.87923e-09
114.8	2.88778e-09
114.82	2.89651e-09
114.84	2.9054e-09
114.86	2.91446e-09
114.88	2.92369e-09
114.9	2.93309e-09
114.92	2.94267e-09
114.94	2.95243e-09
114.96	2.96236e-09
114.98	2.97248e-09
115	2.98278e-09
115.02	2.99327e-09
115.04	3.00395e-09
115.06	3.01482e-09
115.08	3.02588e-09
115.1	3.03714e-09
115.12	3.04859e-09
115.14	3.06025e-09
115.16	3.07212e-09
115.18	3.08419e-09
115.2	3.09647e-09
115.22	3.10896e-09
115.24	3.12167e-09
115.26	3.1346e-09
115.28	3.14776e-09
115.3	3.16113e-09
115.32	3.17474e-09
115.34	3.18859e-09
115.36	3.20266e-09
115.38	3.21698e-09
115.4	3.23155e-09
115.42	3.24636e-09
115.44	3.26142e-09
115.46	3.27674e-09
115.48	3.29232e-09
115.5	3.30817e-09
115.52	3.32429e-09
115.54	3.34068e-09
115.56	3.35735e-09
115.58	3.3743e-09
115.6	3.39154e-09
115.62	3.40908e-09
115.64	3.42692e-09
115.66	3.44506e-09
115.68	3.46351e-09
115.7	3.48228e-09
115.72	3.50138e-09
115.74	3.5208e-09
115.76	3.54056e-09
115.78	3.56066e-09
115.8	3.58111e-09
115.82	3.60192e-09
115.84	3.62309e-09
115.86	3.64463e-09
115.88	3.66655e-09
115.9	3.68886e-09
115.92	3.71156e-09
115.94	3.73467e-09
115.96	3.75819e-09
115.98	3.78213e-09
116	3.80651e-09
116.02	3.83133e-09
116.04	3.8566e-09
116.06	3.88233e-09
116.08	3.90853e-09
116.1	3.93523e-09
116.12	3.96241e-09
116.14	3.99011e-09
116.16	4.01833e-09
116.18	4.04709e-09
116.2	4.0764e-09
116.22	4.10627e-09
116.24	4.13672e-09
116.26	4.16776e-09
116.28	4.19942e-09
116.3	4.2317e-09
116.32	4.26464e-09
116.34	4.29823e-09
116.36	4.33252e-09
116.38	4.3675e-09
116.4	4.40322e-09
116.42	4.43968e-09
116.44	4.47692e-09
116.46	4.51496e-09
116.48	4.55382e-09
116.5	4.59353e-09
116.52	4.63412e-09
116.54	4.67563e-09
116.56	4.71808e-09
116.58	4.76151e-09
116.6	4.80595e-09
116.62	4.85145e-09
116.64	4.89804e-09
116.66	4.94577e-09
116.68	4.99469e-09
116.7	5.04484e-09
116.72	5.09629e-09
116.74	5.14908e-09
116.76	5.20328e-09
116.78	5.25896e-09
116.8	5.31619e-09
116.82	5.37505e-09
116.84	5.43562e-09
116.86	5.49801e-09
116.88	5.56231e-09
116.9	5.62864e-09
116.92	5.69713e-09
116.94	5.76791e-09
116.96	5.84115e-09
116.98	5.91703e-09
117	5.99575e-09
117.02	6.07755e-09
117.04	6.16271e-09
117.06	6.25153e-09
117.08	6.34441e-09
117.1	6.44181e-09
117.12	6.5443e-09
117.14	6.6526e-09
117.16	6.76767e-09
117.18	6.89076e-09
117.2	7.02367e-09
117.22	7.16913e-09
117.24	7.33164e-09
117.26	7.51969e-09
117.28	7.75263e-09
117.3	8.08733e-09
117.32	8.77435e-09
117.34	1.09308e-08
117.36	1.781e-08
117.38	3.86352e-08
117.4	1.0187e-07
117.42	2.77843e-07
117.44	7.09404e-07
117.46	1.68016e-06
117.48	3.73455e-06
117.5	7.76485e-06
117.52	1.49338e-05
117.54	2.63423e-05
117.56	4.24902e-05
117.58	6.30252e-05
117.6	8.7063e-05
117.62	0.000113599
117.64	0.000141705
117.66	0.000170587
117.68	0.000199608
117.7	0.000228291
117.72	0.000256297
117.74	0.000283394
117.76	0.000309435
117.78	0.000334333
117.8	0.000358043
117.82	0.000380547
117.84	0.000401852
117.86	0.000421977
117.88	0.000440949
117.9	0.000458803
117.92	0.000475575
117.94	0.000491305
117.96	0.000506031
117.98	0.000519794
118	0.000532631
118.02	0.000544579
118.04	0.000555675
118.06	0.000565952
118.08	0.000575445
118.1	0.000584185
118.12	0.000592203
118.14	0.000599527
118.16	0.000606188
118.18	0.000612212
118.2	0.000617625
118.22	0.000622452
118.24	0.000626718
118.26	0.000630446
118.28	0.000633658
118.3	0.000636377
118.32	0.000638623
118.34	0.000640416
118.36	0.000641775
118.38	0.00064272
118.4	0.000643267
118.42	0.000643436
118.44	0.000643241
118.46	0.0006427
118.48	0.000641828
118.5	0.00064064
118.52	0.00063915
118.54	0.000637372
118.56	0.000635319
118.58	0.000633005
118.6	0.000630441
118.62	0.00062764
118.64	0.000624614
118.66	0.000621372
118.68	0.000617927
118.7	0.000614287
118.72	0.000610465
118.74	0.000606468
118.76	0.000602306
118.78	0.000597988
118.8	0.000593523
118.82	0.000588919
118.84	0.000584185
118.86	0.000579327
118.88	0.000574353
118.9	0.000569271
118.92	0.000564088
118.94	0.00055881
118.96	0.000553444
118.98	0.000547996
119	0.000542473
119.02	0.000536879
119.04	0.000531222
119.06	0.000525506
119.08	0.000519736
119.1	0.000513919
119.12	0.000508058
119.14	0.000502159
119.16	0.000496226
119.18	0.000490264
119.2	0.000484278
119.22	0.00047827
119.24	0.000472246
119.26	0.000466209
119.28	0.000460163
119.3	0.000454112
119.32	0.000448059
119.34	0.000442008
119.36	0.000435961
119.38	0.000429922
119.4	0.000423894
119.42	0.00041788
119.44	0.000411883
119.46	0.000405905
119.48	0.000399949
119.5	0.000394017
119.52	0.000388112
119.54	0.000382236
119.56	0.000376391
119.58	0.000370579
119.6	0.000364802
119.62	0.000359062
119.64	0.000353361
119.66	0.000347701
119.68	0.000342082
119.7	0.000336508
119.72	0.000330978
119.74	0.000325495
119.76	0.000320059
119.78	0.000314673
119.8	0.000309336
119.82	0.000304051
119.84	0.000298818
119.86	0.000293638
119.88	0.000288511
119.9	0.00028344
119.92	0.000278423
119.94	0.000273463
119.96	0.00026856
119.98	0.000263713
120	0.000258925
120.02	0.000254194
120.04	0.000249522
120.06	0.000244909
120.08	0.000240355
120.1	0.00023586
120.12	0.000231425
120.14	0.000227049
120.16	0.000222733
120.18	0.000218477
120.2	0.000214281
120.22	0.000210144
120.24	0.000206067
120.26	0.00020205
120.28	0.000198092
120.3	0.000194194
120.32	0.000190354
120.34	0.000186574
120.36	0.000182852
120.38	0.000179189
120.4	0.000175583
120.42	0.000172036
120.44	0.000168545
120.46	0.000165112
120.48	0.000161735
120.5	0.000158415
120.52	0.00015515
120.54	0.000151941
120.56	0.000148786
120.58	0.000145686
120.6	0.00014264
120.62	0.000139646
120.64	0.000136706
120.66	0.000133818
120.68	0.000130982
120.7	0.000128197
120.72	0.000125462
120.74	0.000122778
120.76	0.000120143
120.78	0.000117557
120.8	0.000115019
120.82	0.000112529
120.84	0.000110086
120.86	0.000107689
120.88	0.000105338
120.9	0.000103033
120.92	0.000100772
120.94	9.8555e-05
120.96	9.63814e-05
120.98	9.42505e-05
121	9.21618e-05
121.02	9.01146e-05
121.04	8.81082e-05
121.06	8.61422e-05
121.08	8.42157e-05
121.1	8.23284e-05
121.12	8.04794e-05
121.14	7.86682e-05
121.16	7.68943e-05
121.18	7.51569e-05
121.2	7.34555e-05
121.22	7.17895e-05
121.24	7.01583e-05
121.26	6.85613e-05
121.28	6.69979e-05
121.3	6.54675e-05
121.32	6.39696e-05
121.34	6.25036e-05
121.36	6.10689e-05
121.38	5.9665e-05
121.4	5.82913e-05
121.42	5.69472e-05
121.44	5.56322e-05
121.46	5.43459e-05
121.48	5.30875e-05
121.5	5.18567e-05
121.52	5.06529e-05
121.54	4.94755e-05
121.56	4.83241e-05
121.58	4.71982e-05
121.6	4.60973e-05
121.62	4.50209e-05
121.64	4.39685e-05
121.66	4.29396e-05
121.68	4.19338e-05
121.7	4.09507e-05
121.72	3.99896e-05
121.74	3.90503e-05
121.76	3.81323e-05
121.78	3.72351e-05
121.8	3.63583e-05
121.82	3.55015e-05
121.84	3.46643e-05
121.86	3.38462e-05
121.88	3.30469e-05
121.9	3.2266e-05
121.92	3.15031e-05
121.94	3.07577e-05
121.96	3.00297e-05
121.98	2.93184e-05
122	2.86237e-05
122.02	2.79451e-05
122.04	2.72824e-05
122.06	2.6635e-05
122.08	2.60028e-05
122.1	2.53854e-05
122.12	2.47825e-05
122.14	2.41937e-05
122.16	2.36187e-05
122.18	2.30573e-05
122.2	2.2509e-05
122.22	2.19738e-05
122.24	2.14511e-05
122.26	2.09409e-05
122.28	2.04427e-05
122.3	1.99563e-05
122.32	1.94814e-05
122.34	1.90179e-05
122.36	1.85653e-05
122.38	1.81235e-05
122.4	1.76923e-05
122.42	1.72713e-05
122.44	1.68604e-05
122.46	1.64593e-05
122.48	1.60678e-05
122.5	1.56857e-05
122.52	1.53127e-05
122.54	1.49487e-05
122.56	1.45934e-05
122.58	1.42466e-05
122.6	1.39081e-05
122.62	1.35778e-05
122.64	1.32554e-05
122.66	1.29407e-05
122.68	1.26337e-05
122.7	1.2334e-05
122.72	1.20416e-05
122.74	1.17562e-05
122.76	1.14776e-05
122.78	1.12058e-05
122.8	1.09406e-05
122.82	1.06817e-05
122.84	1.04291e-05
122.86	1.01826e-05
122.88	9.94204e-06
122.9	9.7073e-06
122.92	9.47822e-06
122.94	9.25468e-06
122.96	9.03654e-06
122.98	8.82367e-06
123	8.61595e-06
123.02	8.41324e-06
123.04	8.21544e-06
123.06	8.02241e-06
123.08	7.83405e-06
123.1	7.65024e-06
123.12	7.47086e-06
123.14	7.29583e-06
123.16	7.12502e-06
123.18	6.95833e-06
123.2	6.79567e-06
123.22	6.63694e-06
123.24	6.48204e-06
123.26	6.33088e-06
123.28	6.18336e-06
123.3	6.0394e-06
123.32	5.89891e-06
123.34	5.76181e-06
123.36	5.62801e-06
123.38	5.49743e-06
123.4	5.37e-06
123.42	5.24563e-06
123.44	5.12426e-06
123.46	5.00581e-06
123.48	4.8902e-06
123.5	4.77736e-06
123.52	4.66724e-06
123.54	4.55976e-06
123.56	4.45486e-06
123.58	4.35248e-06
123.6	4.25254e-06
123.62	4.155e-06
123.64	4.0598e-06
123.66	3.96687e-06
123.68	3.87616e-06
123.7	3.78762e-06
123.72	3.70119e-06
123.74	3.61682e-06
123.76	3.53447e-06
123.78	3.45408e-06
123.8	3.3756e-06
123.82	3.29899e-06
123.84	3.2242e-06
123.86	3.15118e-06
123.88	3.0799e-06
123.9	3.01031e-06
123.92	2.94237e-06
123.94	2.87604e-06
123.96	2.81128e-06
123.98	2.74805e-06
124	2.68631e-06
124.02	2.62603e-06
124.04	2.56717e-06
124.06	2.5097e-06
124.08	2.45358e-06
124.1	2.39878e-06
124.12	2.34527e-06
124.14	2.29301e-06
124.16	2.24198e-06
124.18	2.19215e-06
124.2	2.14348e-06
124.22	2.09595e-06
124.24	2.04954e-06
124.26	2.0042e-06
124.28	1.95993e-06
124.3	1.91668e-06
124.32	1.87444e-06
124.34	1.83319e-06
124.36	1.79289e-06
124.38	1.75353e-06
124.4	1.71508e-06
124.42	1.67752e-06
124.44	1.64083e-06
124.46	1.60499e-06
124.48	1.56998e-06
124.5	1.53577e-06
124.52	1.50236e-06
124.54	1.46971e-06
124.56	1.43781e-06
124.58	1.40664e-06
124.6	1.37619e-06
124.62	1.34644e-06
124.64	1.31737e-06
124.66	1.28896e-06
124.68	1.26121e-06
124.7	1.23408e-06
124.72	1.20758e-06
124.74	1.18167e-06
124.76	1.15636e-06
124.78	1.13162e-06
124.8	1.10745e-06
124.82	1.08382e-06
124.84	1.06072e-06
124.86	1.03815e-06
124.88	1.01609e-06
124.9	9.94528e-07
124.92	9.73451e-07
124.94	9.52849e-07
124.96	9.3271e-07
124.98	9.13023e-07
125	8.93778e-07
125.02	8.74965e-07
125.04	8.56573e-07
125.06	8.38592e-07
125.08	8.21013e-07
125.1	8.03826e-07
125.12	7.87023e-07
125.14	7.70593e-07
125.16	7.54529e-07
125.18	7.38821e-07
125.2	7.23462e-07
125.22	7.08444e-07
125.24	6.93757e-07
125.26	6.79396e-07
125.28	6.65351e-07
125.3	6.51617e-07
125.32	6.38185e-07
125.34	6.25048e-07
125.36	6.12201e-07
125.38	5.99635e-07
125.4	5.87345e-07
125.42	5.75324e-07
125.44	5.63566e-07
125.46	5.52065e-07
125.48	5.40815e-07
125.5	5.2981e-07
125.52	5.19045e-07
125.54	5.08514e-07
125.56	4.98212e-07
125.58	4.88133e-07
125.6	4.78273e-07
125.62	4.68626e-07
125.64	4.59187e-07
125.66	4.49952e-07
125.68	4.40917e-07
125.7	4.32076e-07
125.72	4.23425e-07
125.74	4.14961e-07
125.76	4.06677e-07
125.78	3.98572e-07
125.8	3.9064e-07
125.82	3.82877e-07
125.84	3.75281e-07
125.86	3.67846e-07
125.88	3.6057e-07
125.9	3.53449e-07
125.92	3.46479e-07
125.94	3.39657e-07
125.96	3.3298e-07
125.98	3.26444e-07
126	3.20046e-07
126.02	3.13784e-07
126.04	3.07653e-07
126.06	3.01652e-07
126.08	2.95777e-07
126.1	2.90026e-07
126.12	2.84396e-07
126.14	2.78883e-07
126.16	2.73486e-07
126.18	2.68202e-07
126.2	2.63028e-07
126.22	2.57963e-07
126.24	2.53002e-07
126.26	2.48146e-07
126.28	2.4339e-07
126.3	2.38733e-07
126.32	2.34172e-07
126.34	2.29706e-07
126.36	2.25332e-07
126.38	2.21049e-07
126.4	2.16854e-07
126.42	2.12745e-07
126.44	2.08721e-07
126.46	2.0478e-07
126.48	2.0092e-07
126.5	1.97139e-07
126.52	1.93435e-07
126.54	1.89807e-07
126.56	1.86254e-07
126.58	1.82772e-07
126.6	1.79362e-07
126.62	1.76021e-07
126.64	1.72748e-07
126.66	1.69541e-07
126.68	1.664e-07
126.7	1.63322e-07
126.72	1.60306e-07
126.74	1.57351e-07
126.76	1.54456e-07
126.78	1.51619e-07
126.8	1.48839e-07
126.82	1.46115e-07
126.84	1.43446e-07
126.86	1.4083e-07
126.88	1.38267e-07
126.9	1.35755e-07
126.92	1.33293e-07
126.94	1.3088e-07
126.96	1.28515e-07
126.98	1.26197e-07
127	1.23925e-07
127.02	1.21699e-07
127.04	1.19516e-07
127.06	1.17377e-07
127.08	1.1528e-07
127.1	1.13224e-07
127.12	1.11209e-07
127.14	1.09233e-07
127.16	1.07296e-07
127.18	1.05398e-07
127.2	1.03536e-07
127.22	1.01711e-07
127.24	9.99217e-08
127.26	9.81672e-08
127.28	9.6447e-08
127.3	9.47602e-08
127.32	9.31063e-08
127.34	9.14845e-08
127.36	8.98942e-08
127.38	8.83346e-08
127.4	8.68052e-08
127.42	8.53053e-08
127.44	8.38344e-08
127.46	8.23917e-08
127.48	8.09769e-08
127.5	7.95892e-08
127.52	7.82281e-08
127.54	7.68931e-08
127.56	7.55837e-08
127.58	7.42992e-08
127.6	7.30393e-08
127.62	7.18033e-08
127.64	7.05909e-08
127.66	6.94015e-08
127.68	6.82346e-08
127.7	6.70899e-08
127.72	6.59668e-08
127.74	6.48649e-08
127.76	6.37838e-08
127.78	6.27231e-08
127.8	6.16823e-08
127.82	6.0661e-08
127.84	5.96589e-08
127.86	5.86756e-08
127.88	5.77106e-08
127.9	5.67637e-08
127.92	5.58345e-08
127.94	5.49225e-08
127.96	5.40275e-08
127.98	5.31491e-08
128	5.2287e-08
128.02	5.14409e-08
128.04	5.06103e-08
128.06	4.97952e-08
128.08	4.8995e-08
128.1	4.82096e-08
128.12	4.74386e-08
128.14	4.66817e-08
128.16	4.59387e-08
128.18	4.52093e-08
128.2	4.44932e-08
128.22	4.37901e-08
128.24	4.30999e-08
128.26	4.24222e-08
128.28	4.17568e-08
128.3	4.11034e-08
128.32	4.04619e-08
128.34	3.9832e-08
128.36	3.92134e-08
128.38	3.8606e-08
128.4	3.80095e-08
128.42	3.74237e-08
128.44	3.68484e-08
128.46	3.62834e-08
128.48	3.57285e-08
128.5	3.51835e-08
128.52	3.46482e-08
128.54	3.41225e-08
128.56	3.3606e-08
128.58	3.30987e-08
128.6	3.26005e-08
128.62	3.2111e-08
128.64	3.16301e-08
128.66	3.11577e-08
128.68	3.06937e-08
128.7	3.02377e-08
128.72	2.97898e-08
128.74	2.93497e-08
128.76	2.89174e-08
128.78	2.84925e-08
128.8	2.80751e-08
128.82	2.76649e-08
128.84	2.72618e-08
128.86	2.68658e-08
128.88	2.64765e-08
128.9	2.60941e-08
128.92	2.57182e-08
128.94	2.53488e-08
128.96	2.49857e-08
128.98	2.46289e-08
129	2.42782e-08
129.02	2.39335e-08
129.04	2.35947e-08
129.06	2.32616e-08
129.08	2.29343e-08
129.1	2.26125e-08
129.12	2.22962e-08
129.14	2.19852e-08
129.16	2.16795e-08
129.18	2.13789e-08
129.2	2.10835e-08
129.22	2.0793e-08
129.24	2.05073e-08
129.26	2.02265e-08
129.28	1.99504e-08
129.3	1.96789e-08
129.32	1.94119e-08
129.34	1.91494e-08
129.36	1.88912e-08
129.38	1.86374e-08
129.4	1.83877e-08
129.42	1.81422e-08
129.44	1.79008e-08
129.46	1.76633e-08
129.48	1.74297e-08
129.5	1.72e-08
129.52	1.69741e-08
129.54	1.67518e-08
129.56	1.65332e-08
129.58	1.63182e-08
129.6	1.61066e-08
129.62	1.58985e-08
129.64	1.56938e-08
129.66	1.54925e-08
129.68	1.52943e-08
129.7	1.50994e-08
129.72	1.49077e-08
129.74	1.4719e-08
129.76	1.45333e-08
129.78	1.43507e-08
129.8	1.4171e-08
129.82	1.39941e-08
129.84	1.38201e-08
129.86	1.36488e-08
129.88	1.34803e-08
129.9	1.33145e-08
129.92	1.31512e-08
129.94	1.29906e-08
129.96	1.28325e-08
129.98	1.2677e-08
130	1.25238e-08
130.02	1.23731e-08
130.04	1.22247e-08
130.06	1.20787e-08
130.08	1.1935e-08
130.1	1.17935e-08
130.12	1.16542e-08
130.14	1.15171e-08
130.16	1.13821e-08
130.18	1.12492e-08
130.2	1.11184e-08
130.22	1.09896e-08
130.24	1.08628e-08
130.26	1.07379e-08
130.28	1.0615e-08
130.3	1.04939e-08
130.32	1.03747e-08
130.34	1.02574e-08
130.36	1.01418e-08
130.38	1.0028e-08
130.4	9.91592e-09
130.42	9.80556e-09
130.44	9.69687e-09
130.46	9.58983e-09
130.48	9.48442e-09
130.5	9.38059e-09
130.52	9.27834e-09
130.54	9.17762e-09
130.56	9.07842e-09
130.58	8.98071e-09
130.6	8.88446e-09
130.62	8.78965e-09
130.64	8.69626e-09
130.66	8.60427e-09
130.68	8.51364e-09
130.7	8.42436e-09
130.72	8.33641e-09
130.74	8.24976e-09
130.76	8.16439e-09
130.78	8.08029e-09
130.8	7.99742e-09
130.82	7.91578e-09
130.84	7.83534e-09
130.86	7.75608e-09
130.88	7.67798e-09
130.9	7.60102e-09
130.92	7.52519e-09
130.94	7.45046e-09
130.96	7.37683e-09
130.98	7.30426e-09
131	7.23275e-09
131.02	7.16228e-09
131.04	7.09282e-09
131.06	7.02437e-09
131.08	6.95691e-09
131.1	6.89043e-09
131.12	6.8249e-09
131.14	6.76031e-09
131.16	6.69665e-09
131.18	6.6339e-09
131.2	6.57205e-09
131.22	6.51108e-09
131.24	6.45099e-09
131.26	6.39175e-09
131.28	6.33335e-09
131.3	6.27579e-09
131.32	6.21904e-09
131.34	6.1631e-09
131.36	6.10795e-09
131.38	6.05358e-09
131.4	5.99997e-09
131.42	5.94713e-09
131.44	5.89502e-09
131.46	5.84365e-09
131.48	5.79301e-09
131.5	5.74307e-09
131.52	5.69383e-09
131.54	5.64529e-09
131.56	5.59742e-09
131.58	5.55022e-09
131.6	5.50368e-09
131.62	5.45779e-09
131.64	5.41253e-09
131.66	5.36791e-09
131.68	5.32391e-09
131.7	5.28051e-09
131.72	5.23772e-09
131.74	5.19552e-09
131.76	5.15391e-09
131.78	5.11287e-09
131.8	5.0724e-09
131.82	5.03249e-09
131.84	4.99312e-09
131.86	4.9543e-09
131.88	4.91602e-09
131.9	4.87826e-09
131.92	4.84102e-09
131.94	4.80429e-09
131.96	4.76806e-09
131.98	4.73234e-09
132	4.6971e-09
132.02	4.66234e-09
132.04	4.62806e-09
132.06	4.59425e-09
132.08	4.5609e-09
132.1	4.52801e-09
132.12	4.49557e-09
132.14	4.46357e-09
132.16	4.432e-09
132.18	4.40087e-09
132.2	4.37016e-09
132.22	4.33987e-09
132.24	4.31e-09
132.26	4.28053e-09
132.28	4.25146e-09
132.3	4.22279e-09
132.32	4.19451e-09
132.34	4.16661e-09
132.36	4.1391e-09
132.38	4.11195e-09
132.4	4.08518e-09
132.42	4.05878e-09
132.44	4.03273e-09
132.46	4.00704e-09
132.48	3.9817e-09
132.5	3.9567e-09
132.52	3.93205e-09
132.54	3.90773e-09
132.56	3.88374e-09
132.58	3.86008e-09
132.6	3.83675e-09
132.62	3.81373e-09
132.64	3.79103e-09
132.66	3.76864e-09
132.68	3.74656e-09
132.7	3.72477e-09
132.72	3.70329e-09
132.74	3.68211e-09
132.76	3.66121e-09
132.78	3.6406e-09
132.8	3.62028e-09
132.82	3.60024e-09
132.84	3.58047e-09
132.86	3.56098e-09
132.88	3.54176e-09
132.9	3.52281e-09
132.92	3.50411e-09
132.94	3.48568e-09
132.96	3.46751e-09
132.98	3.44959e-09
133	3.43192e-09
133.02	3.4145e-09
133.04	3.39732e-09
133.06	3.38039e-09
133.08	3.3637e-09
133.1	3.34724e-09
133.12	3.33101e-09
133.14	3.31502e-09
133.16	3.29926e-09
133.18	3.28372e-09
133.2	3.2684e-09
133.22	3.2533e-09
133.24	3.23842e-09
133.26	3.22376e-09
133.28	3.20931e-09
133.3	3.19507e-09
133.32	3.18104e-09
133.34	3.16721e-09
133.36	3.15359e-09
133.38	3.14017e-09
133.4	3.12695e-09
133.42	3.11393e-09
133.44	3.1011e-09
133.46	3.08846e-09
133.48	3.07602e-09
133.5	3.06376e-09
133.52	3.0517e-09
133.54	3.03981e-09
133.56	3.02811e-09
133.58	3.01659e-09
133.6	3.00525e-09
133.62	2.99409e-09
133.64	2.9831e-09
133.66	2.97229e-09
133.68	2.96165e-09
133.7	2.95118e-09
133.72	2.94088e-09
133.74	2.93075e-09
133.76	2.92079e-09
133.78	2.91098e-09
133.8	2.90134e-09
133.82	2.89187e-09
133.84	2.88255e-09
133.86	2.87339e-09
133.88	2.86438e-09
133.9	2.85554e-09
133.92	2.84684e-09
133.94	2.8383e-09
133.96	2.82992e-09
133.98	2.82168e-09
134	2.81359e-09
134.02	2.80565e-09
134.04	2.79785e-09
134.06	2.7902e-09
134.08	2.7827e-09
134.1	2.77533e-09
134.12	2.76811e-09
134.14	2.76103e-09
134.16	2.75409e-09
134.18	2.74729e-09
134.2	2.74063e-09
134.22	2.7341e-09
134.24	2.72771e-09
134.26	2.72146e-09
134.28	2.71533e-09
134.3	2.70934e-09
134.32	2.70349e-09
134.34	2.69776e-09
134.36	2.69216e-09
134.38	2.6867e-09
134.4	2.68136e-09
134.42	2.67615e-09
134.44	2.67106e-09
134.46	2.66611e-09
134.48	2.66127e-09
134.5	2.65657e-09
134.52	2.65198e-09
134.54	2.64753e-09
134.56	2.64319e-09
134.58	2.63897e-09
134.6	2.63488e-09
134.62	2.63091e-09
134.64	2.62706e-09
134.66	2.62333e-09
134.68	2.61971e-09
134.7	2.61622e-09
134.72	2.61284e-09
134.74	2.60959e-09
134.76	2.60645e-09
134.78	2.60342e-09
134.8	2.60051e-09
134.82	2.59772e-09
134.84	2.59505e-09
134.86	2.59248e-09
134.88	2.59004e-09
134.9	2.58771e-09
134.92	2.58549e-09
134.94	2.58338e-09
134.96	2.58139e-09
134.98	2.57951e-09
135	2.57775e-09
135.02	2.5761e-09
135.04	2.57456e-09
135.06	2.57313e-09
135.08	2.57181e-09
135.1	2.57061e-09
135.12	2.56952e-09
135.14	2.56854e-09
135.16	2.56767e-09
135.18	2.56691e-09
135.2	2.56626e-09
135.22	2.56573e-09
135.24	2.5653e-09
135.26	2.56499e-09
135.28	2.56478e-09
135.3	2.56469e-09
135.32	2.56471e-09
135.34	2.56484e-09
135.36	2.56508e-09
135.38	2.56543e-09
135.4	2.56589e-09
135.42	2.56647e-09
135.44	2.56715e-09
135.46	2.56795e-09
135.48	2.56886e-09
135.5	2.56988e-09
135.52	2.57101e-09
135.54	2.57225e-09
135.56	2.57361e-09
135.58	2.57508e-09
135.6	2.57666e-09
135.62	2.57836e-09
135.64	2.58016e-09
135.66	2.58209e-09
135.68	2.58412e-09
135.7	2.58627e-09
135.72	2.58854e-09
135.74	2.59092e-09
135.76	2.59342e-09
135.78	2.59603e-09
135.8	2.59876e-09
135.82	2.6016e-09
135.84	2.60457e-09
135.86	2.60765e-09
135.88	2.61085e-09
135.9	2.61417e-09
135.92	2.61761e-09
135.94	2.62117e-09
135.96	2.62485e-09
135.98	2.62865e-09
136	2.63257e-09
136.02	2.63662e-09
136.04	2.64079e-09
136.06	2.64509e-09
136.08	2.64951e-09
136.1	2.65405e-09
136.12	2.65873e-09
136.14	2.66353e-09
136.16	2.66846e-09
136.18	2.67351e-09
136.2	2.6787e-09
136.22	2.68402e-09
136.24	2.68948e-09
136.26	2.69506e-09
136.28	2.70078e-09
136.3	2.70664e-09
136.32	2.71263e-09
136.34	2.71876e-09
136.36	2.72503e-09
136.38	2.73144e-09
136.4	2.73799e-09
136.42	2.74469e-09
136.44	2.75152e-09
136.46	2.75851e-09
136.48	2.76564e-09
136.5	2.77291e-09
136.52	2.78034e-09
136.54	2.78792e-09
136.56	2.79565e-09
136.58	2.80353e-09
136.6	2.81157e-09
136.62	2.81977e-09
136.64	2.82812e-09
136.66	2.83664e-09
136.68	2.84532e-09
136.7	2.85416e-09
136.72	2.86317e-09
136.74	2.87235e-09
136.76	2.8817e-09
136.78	2.89122e-09
136.8	2.90091e-09
136.82	2.91079e-09
136.84	2.92083e-09
136.86	2.93106e-09
136.88	2.94148e-09
136.9	2.95208e-09
136.92	2.96286e-09
136.94	2.97384e-09
136.96	2.98501e-09
136.98	2.99637e-09
137	3.00794e-09
137.02	3.0197e-09
137.04	3.03167e-09
137.06	3.04384e-09
137.08	3.05623e-09
137.1	3.06882e-09
137.12	3.08164e-09
137.14	3.09467e-09
137.16	3.10792e-09
137.18	3.1214e-09
137.2	3.13511e-09
137.22	3.14905e-09
137.24	3.16323e-09
137.26	3.17764e-09
137.28	3.19231e-09
137.3	3.20722e-09
137.32	3.22238e-09
137.34	3.2378e-09
137.36	3.25348e-09
137.38	3.26942e-09
137.4	3.28564e-09
137.42	3.30212e-09
137.44	3.31889e-09
137.46	3.33594e-09
137.48	3.35329e-09
137.5	3.37092e-09
137.52	3.38886e-09
137.54	3.4071e-09
137.56	3.42566e-09
137.58	3.44453e-09
137.6	3.46373e-09
137.62	3.48325e-09
137.64	3.50311e-09
137.66	3.52332e-09
137.68	3.54388e-09
137.7	3.56479e-09
137.72	3.58607e-09
137.74	3.60772e-09
137.76	3.62976e-09
137.78	3.65218e-09
137.8	3.675e-09
137.82	3.69822e-09
137.84	3.72186e-09
137.86	3.74593e-09
137.88	3.77043e-09
137.9	3.79537e-09
137.92	3.82077e-09
137.94	3.84663e-09
137.96	3.87297e-09
137.98	3.8998e-09
138	3.92713e-09
138.02	3.95498e-09
138.04	3.98335e-09
138.06	4.01226e-09
138.08	4.04173e-09
138.1	4.07176e-09
138.12	4.10238e-09
138.14	4.1336e-09
138.16	4.16544e-09
138.18	4.19791e-09
138.2	4.23104e-09
138.22	4.26484e-09
138.24	4.29933e-09
138.26	4.33454e-09
138.28	4.37048e-09
138.3	4.40718e-09
138.32	4.44466e-09
138.34	4.48295e-09
138.36	4.52208e-09
138.38	4.56208e-09
138.4	4.60296e-09
138.42	4.64477e-09
138.44	4.68755e-09
138.46	4.73131e-09
138.48	4.77611e-09
138.5	4.82199e-09
138.52	4.86898e-09
138.54	4.91713e-09
138.56	4.96649e-09
138.58	5.01711e-09
138.6	5.06905e-09
138.62	5.12237e-09
138.64	5.17714e-09
138.66	5.23342e-09
138.68	5.29129e-09
138.7	5.35084e-09
138.72	5.41215e-09
138.74	5.47533e-09
138.76	5.54049e-09
138.78	5.60774e-09
138.8	5.67724e-09
138.82	5.74912e-09
138.84	5.82356e-09
138.86	5.90076e-09
138.88	5.98094e-09
138.9	6.06437e-09
138.92	6.15133e-09
138.94	6.24221e-09
138.96	6.33742e-09
138.98	6.4375e-09
139	6.54313e-09
139.02	6.65516e-09
139.04	6.77475e-09
139.06	6.90352e-09
139.08	7.04384e-09
139.1	7.19956e-09
139.12	7.37764e-09
139.14	7.59303e-09
139.16	7.8865e-09
139.18	8.41424e-09
139.2	9.98867e-09
139.22	1.50871e-08
139.24	3.05237e-08
139.26	7.77041e-08
139.28	2.13256e-07
139.3	5.56441e-07
139.32	1.34306e-06
139.34	3.03583e-06
139.36	6.43453e-06
139.38	1.26533e-05
139.4	2.28633e-05
139.42	3.77779e-05
139.44	5.72614e-05
139.46	8.05226e-05
139.48	0.000106558
139.5	0.000134406
139.52	0.000163231
139.54	0.00019235
139.56	0.000221245
139.58	0.000249538
139.6	0.000276973
139.62	0.000303381
139.64	0.000328661
139.66	0.000352758
139.68	0.000375649
139.7	0.000397333
139.72	0.000417828
139.74	0.000437159
139.76	0.000455359
139.78	0.000472464
139.8	0.000488514
139.82	0.000503548
139.84	0.000517605
139.86	0.000530724
139.88	0.000542942
139.9	0.000554295
139.92	0.000564819
139.94	0.000574548
139.96	0.000583513
139.98	0.000591747
140	0.000599278
140.02	0.000606135
140.04	0.000612347
140.06	0.000617939
140.08	0.000622938
140.1	0.000627367
140.12	0.000631251
140.14	0.000634611
140.16	0.000637471
140.18	0.000639851
140.2	0.000641772
140.22	0.000643253
140.24	0.000644313
140.26	0.000644971
140.28	0.000645243
140.3	0.000645147
140.32	0.000644699
140.34	0.000643916
140.36	0.000642811
140.38	0.000641399
140.4	0.000639695
140.42	0.000637713
140.44	0.000635464
140.46	0.000632962
140.48	0.000630219
140.5	0.000627246
140.52	0.000624055
140.54	0.000620656
140.56	0.000617061
140.58	0.000613278
140.6	0.000609318
140.62	0.000605191
140.64	0.000600905
140.66	0.000596468
140.68	0.00059189
140.7	0.000587179
140.72	0.000582342
140.74	0.000577387
140.76	0.000572321
140.78	0.000567152
140.8	0.000561886
140.82	0.00055653
140.84	0.00055109
140.86	0.000545572
140.88	0.000539983
140.9	0.000534328
140.92	0.000528612
140.94	0.000522842
140.96	0.000517022
140.98	0.000511157
141	0.000505252
141.02	0.000499313
141.04	0.000493342
141.06	0.000487346
141.08	0.000481328
141.1	0.000475291
141.12	0.000469241
141.14	0.000463181
141.16	0.000457115
141.18	0.000451046
141.2	0.000444977
141.22	0.000438912
141.24	0.000432854
141.26	0.000426806
141.28	0.000420772
141.3	0.000414753
141.32	0.000408753
141.34	0.000402774
141.36	0.000396819
141.38	0.000390889
141.4	0.000384989
141.42	0.000379118
141.44	0.000373281
141.46	0.000367478
141.48	0.000361711
141.5	0.000355984
141.52	0.000350296
141.54	0.00034465
141.56	0.000339047
141.58	0.000333489
141.6	0.000327977
141.62	0.000322513
141.64	0.000317097
141.66	0.000311732
141.68	0.000306417
141.7	0.000301154
141.72	0.000295944
141.74	0.000290788
141.76	0.000285687
141.78	0.000280641
141.8	0.000275651
141.82	0.000270717
141.84	0.000265841
141.86	0.000261023
141.88	0.000256262
141.9	0.00025156
141.92	0.000246917
141.94	0.000242333
141.96	0.000237809
141.98	0.000233344
142	0.000228939
142.02	0.000224594
142.04	0.000220309
142.06	0.000216084
142.08	0.000211918
142.1	0.000207813
142.12	0.000203767
142.14	0.000199781
142.16	0.000195855
142.18	0.000191988
142.2	0.00018818
142.22	0.000184431
142.24	0.00018074
142.26	0.000177108
142.28	0.000173534
142.3	0.000170018
142.32	0.000166558
142.34	0.000163156
142.36	0.00015981
142.38	0.00015652
142.4	0.000153286
142.42	0.000150107
142.44	0.000146982
142.46	0.000143912
142.48	0.000140895
142.5	0.000137931
142.52	0.00013502
142.54	0.000132161
142.56	0.000129353
142.58	0.000126597
142.6	0.00012389
142.62	0.000121234
142.64	0.000118626
142.66	0.000116067
142.68	0.000113557
142.7	0.000111093
142.72	0.000108676
142.74	0.000106306
142.76	0.000103981
142.78	0.000101701
142.8	9.94647e-05
142.82	9.72725e-05
142.84	9.51234e-05
142.86	9.30167e-05
142.88	9.09518e-05
142.9	8.89281e-05
142.92	8.69449e-05
142.94	8.50016e-05
142.96	8.30977e-05
142.98	8.12325e-05
143	7.94054e-05
143.02	7.76157e-05
143.04	7.58629e-05
143.06	7.41464e-05
143.08	7.24655e-05
143.1	7.08197e-05
143.12	6.92084e-05
143.14	6.7631e-05
143.16	6.60868e-05
143.18	6.45754e-05
143.2	6.30961e-05
143.22	6.16483e-05
143.24	6.02316e-05
143.26	5.88454e-05
143.28	5.7489e-05
143.3	5.6162e-05
143.32	5.48638e-05
143.34	5.35938e-05
143.36	5.23516e-05
143.38	5.11367e-05
143.4	4.99484e-05
143.42	4.87863e-05
143.44	4.765e-05
143.46	4.65388e-05
143.48	4.54523e-05
143.5	4.439e-05
143.52	4.33515e-05
143.54	4.23363e-05
143.56	4.13438e-05
143.58	4.03738e-05
143.6	3.94256e-05
143.62	3.84989e-05
143.64	3.75932e-05
143.66	3.6708e-05
143.68	3.58431e-05
143.7	3.49979e-05
143.72	3.41721e-05
143.74	3.33651e-05
143.76	3.25768e-05
143.78	3.18066e-05
143.8	3.10541e-05
143.82	3.0319e-05
143.84	2.9601e-05
143.86	2.88996e-05
143.88	2.82145e-05
143.9	2.75453e-05
143.92	2.68918e-05
143.94	2.62535e-05
143.96	2.56301e-05
143.98	2.50213e-05
144	2.44268e-05
144.02	2.38463e-05
144.04	2.32794e-05
144.06	2.27259e-05
144.08	2.21854e-05
144.1	2.16577e-05
144.12	2.11424e-05
144.14	2.06394e-05
144.16	2.01483e-05
144.18	1.96688e-05
144.2	1.92007e-05
144.22	1.87438e-05
144.24	1.82977e-05
144.26	1.78622e-05
144.28	1.74372e-05
144.3	1.70222e-05
144.32	1.66172e-05
144.34	1.62219e-05
144.36	1.5836e-05
144.38	1.54594e-05
144.4	1.50918e-05
144.42	1.4733e-05
144.44	1.43828e-05
144.46	1.4041e-05
144.48	1.37075e-05
144.5	1.33819e-05
144.52	1.30642e-05
144.54	1.27541e-05
144.56	1.24515e-05
144.58	1.21562e-05
144.6	1.1868e-05
144.62	1.15868e-05
144.64	1.13123e-05
144.66	1.10444e-05
144.68	1.0783e-05
144.7	1.0528e-05
144.72	1.0279e-05
144.74	1.00361e-05
144.76	9.79909e-06
144.78	9.56777e-06
144.8	9.34204e-06
144.82	9.12177e-06
144.84	8.90682e-06
144.86	8.69706e-06
144.88	8.49237e-06
144.9	8.29263e-06
144.92	8.09772e-06
144.94	7.90752e-06
144.96	7.72191e-06
144.98	7.54079e-06
145	7.36405e-06
145.02	7.19157e-06
145.04	7.02326e-06
145.06	6.85902e-06
145.08	6.69874e-06
145.1	6.54233e-06
145.12	6.3897e-06
145.14	6.24075e-06
145.16	6.09539e-06
145.18	5.95354e-06
145.2	5.81511e-06
145.22	5.68001e-06
145.24	5.54817e-06
145.26	5.4195e-06
145.28	5.29393e-06
145.3	5.17138e-06
145.32	5.05178e-06
145.34	4.93506e-06
145.36	4.82114e-06
145.38	4.70995e-06
145.4	4.60144e-06
145.42	4.49553e-06
145.44	4.39216e-06
145.46	4.29126e-06
145.48	4.19278e-06
145.5	4.09666e-06
145.52	4.00284e-06
145.54	3.91127e-06
145.56	3.82188e-06
145.58	3.73463e-06
145.6	3.64945e-06
145.62	3.56631e-06
145.64	3.48515e-06
145.66	3.40593e-06
145.68	3.32859e-06
145.7	3.25309e-06
145.72	3.17938e-06
145.74	3.10742e-06
145.76	3.03717e-06
145.78	2.96859e-06
145.8	2.90163e-06
145.82	2.83625e-06
145.84	2.77242e-06
145.86	2.7101e-06
145.88	2.64926e-06
145.9	2.58984e-06
145.92	2.53183e-06
145.94	2.47518e-06
145.96	2.41987e-06
145.98	2.36586e-06
146	2.31311e-06
146.02	2.26161e-06
146.04	2.21131e-06
146.06	2.16219e-06
146.08	2.11422e-06
146.1	2.06737e-06
146.12	2.02161e-06
146.14	1.97692e-06
146.16	1.93328e-06
146.18	1.89065e-06
146.2	1.84901e-06
146.22	1.80834e-06
146.24	1.76862e-06
146.26	1.72981e-06
146.28	1.69191e-06
146.3	1.65488e-06
146.32	1.61871e-06
146.34	1.58338e-06
146.36	1.54886e-06
146.38	1.51514e-06
146.4	1.48219e-06
146.42	1.45e-06
146.44	1.41855e-06
146.46	1.38782e-06
146.48	1.3578e-06
146.5	1.32846e-06
146.52	1.2998e-06
146.54	1.27179e-06
146.56	1.24442e-06
146.58	1.21768e-06
146.6	1.19154e-06
146.62	1.166e-06
146.64	1.14104e-06
146.66	1.11664e-06
146.68	1.0928e-06
146.7	1.0695e-06
146.72	1.04673e-06
146.74	1.02447e-06
146.76	1.00272e-06
146.78	9.8145e-07
146.8	9.60664e-07
146.82	9.40346e-07
146.84	9.20485e-07
146.86	9.01069e-07
146.88	8.82089e-07
146.9	8.63535e-07
146.92	8.45395e-07
146.94	8.27661e-07
146.96	8.10323e-07
146.98	7.93371e-07
147	7.76797e-07
147.02	7.60592e-07
147.04	7.44747e-07
147.06	7.29254e-07
147.08	7.14104e-07
147.1	6.9929e-07
147.12	6.84803e-07
147.14	6.70636e-07
147.16	6.56783e-07
147.18	6.43234e-07
147.2	6.29984e-07
147.22	6.17025e-07
147.24	6.04351e-07
147.26	5.91955e-07
147.28	5.79831e-07
147.3	5.67972e-07
147.32	5.56372e-07
147.34	5.45025e-07
147.36	5.33926e-07
147.38	5.23069e-07
147.4	5.12448e-07
147.42	5.02058e-07
147.44	4.91894e-07
147.46	4.81949e-07
147.48	4.7222e-07
147.5	4.62702e-07
147.52	4.53389e-07
147.54	4.44277e-07
147.56	4.35362e-07
147.58	4.26638e-07
147.6	4.18102e-07
147.62	4.0975e-07
147.64	4.01576e-07
147.66	3.93578e-07
147.68	3.85751e-07
147.7	3.78091e-07
147.72	3.70594e-07
147.74	3.63257e-07
147.76	3.56077e-07
147.78	3.49049e-07
147.8	3.42171e-07
147.82	3.35438e-07
147.84	3.28849e-07
147.86	3.22398e-07
147.88	3.16084e-07
147.9	3.09903e-07
147.92	3.03853e-07
147.94	2.9793e-07
147.96	2.92132e-07
147.98	2.86455e-07
148	2.80898e-07
148.02	2.75457e-07
148.04	2.7013e-07
148.06	2.64914e-07
148.08	2.59808e-07
148.1	2.54807e-07
148.12	2.49911e-07
148.14	2.45117e-07
148.16	2.40422e-07
148.18	2.35825e-07
148.2	2.31323e-07
148.22	2.26914e-07
148.24	2.22597e-07
148.26	2.18368e-07
148.28	2.14227e-07
148.3	2.10171e-07
148.32	2.06199e-07
148.34	2.02308e-07
148.36	1.98497e-07
148.38	1.94764e-07
148.4	1.91107e-07
148.42	1.87526e-07
148.44	1.84017e-07
148.46	1.8058e-07
148.48	1.77213e-07
148.5	1.73914e-07
148.52	1.70683e-07
148.54	1.67517e-07
148.56	1.64415e-07
148.58	1.61376e-07
148.6	1.58398e-07
148.62	1.5548e-07
148.64	1.52621e-07
148.66	1.4982e-07
148.68	1.47075e-07
148.7	1.44385e-07
148.72	1.4175e-07
148.74	1.39166e-07
148.76	1.36635e-07
148.78	1.34154e-07
148.8	1.31723e-07
148.82	1.2934e-07
148.84	1.27005e-07
148.86	1.24716e-07
148.88	1.22472e-07
148.9	1.20273e-07
148.92	1.18118e-07
148.94	1.16005e-07
148.96	1.13934e-07
148.98	1.11903e-07
149	1.09913e-07
149.02	1.07962e-07
149.04	1.06049e-07
149.06	1.04174e-07
149.08	1.02335e-07
149.1	1.00532e-07
149.12	9.8765e-08
149.14	9.70321e-08
149.16	9.5333e-08
149.18	9.36669e-08
149.2	9.20332e-08
149.22	9.04313e-08
149.24	8.88603e-08
149.26	8.73198e-08
149.28	8.5809e-08
149.3	8.43274e-08
149.32	8.28743e-08
149.34	8.14492e-08
149.36	8.00516e-08
149.38	7.86807e-08
149.4	7.73361e-08
149.42	7.60173e-08
149.44	7.47237e-08
149.46	7.34547e-08
149.48	7.221e-08
149.5	7.09889e-08
149.52	6.97911e-08
149.54	6.8616e-08
149.56	6.74632e-08
149.58	6.63321e-08
149.6	6.52225e-08
149.62	6.41338e-08
149.64	6.30657e-08
149.66	6.20177e-08
149.68	6.09893e-08
149.7	5.99802e-08
149.72	5.89901e-08
149.74	5.80184e-08
149.76	5.7065e-08
149.78	5.61293e-08
149.8	5.52111e-08
149.82	5.431e-08
149.84	5.34256e-08
149.86	5.25576e-08
149.88	5.17057e-08
149.9	5.08695e-08
149.92	5.00488e-08
149.94	4.92432e-08
149.96	4.84525e-08
149.98	4.76763e-08
150	4.69143e-08
150.02	4.61663e-08
150.04	4.5432e-08
150.06	4.47112e-08
150.08	4.40035e-08
150.1	4.33086e-08
150.12	4.26264e-08
150.14	4.19567e-08
150.16	4.1299e-08
150.18	4.06533e-08
150.2	4.00192e-08
150.22	3.93966e-08
150.24	3.87852e-08
150.26	3.81848e-08
150.28	3.75952e-08
150.3	3.70162e-08
150.32	3.64476e-08
150.34	3.58891e-08
150.36	3.53406e-08
150.38	3.48019e-08
150.4	3.42727e-08
150.42	3.3753e-08
150.44	3.32425e-08
150.46	3.27411e-08
150.48	3.22485e-08
150.5	3.17646e-08
150.52	3.12892e-08
150.54	3.08223e-08
150.56	3.03635e-08
150.58	2.99128e-08
150.6	2.94699e-08
150.62	2.90349e-08
150.64	2.86074e-08
150.66	2.81874e-08
150.68	2.77747e-08
150.7	2.73691e-08
150.72	2.69706e-08
150.74	2.6579e-08
150.76	2.61942e-08
150.78	2.58161e-08
150.8	2.54444e-08
150.82	2.50792e-08
150.84	2.47202e-08
150.86	2.43674e-08
150.88	2.40206e-08
150.9	2.36798e-08
150.92	2.33447e-08
150.94	2.30154e-08
150.96	2.26917e-08
150.98	2.23735e-08
151	2.20607e-08
151.02	2.17532e-08
151.04	2.14509e-08
151.06	2.11537e-08
151.08	2.08615e-08
151.1	2.05742e-08
151.12	2.02918e-08
151.14	2.00141e-08
151.16	1.9741e-08
151.18	1.94725e-08
151.2	1.92085e-08
151.22	1.89489e-08
151.24	1.86935e-08
151.26	1.84425e-08
151.28	1.81956e-08
151.3	1.79527e-08
151.32	1.77139e-08
151.34	1.74791e-08
151.36	1.72481e-08
151.38	1.70209e-08
151.4	1.67974e-08
151.42	1.65776e-08
151.44	1.63613e-08
151.46	1.61486e-08
151.48	1.59394e-08
151.5	1.57336e-08
151.52	1.55311e-08
151.54	1.53319e-08
151.56	1.51359e-08
151.58	1.49431e-08
151.6	1.47534e-08
151.62	1.45668e-08
151.64	1.43831e-08
151.66	1.42025e-08
151.68	1.40247e-08
151.7	1.38497e-08
151.72	1.36775e-08
151.74	1.35081e-08
151.76	1.33414e-08
151.78	1.31774e-08
151.8	1.30159e-08
151.82	1.2857e-08
151.84	1.27006e-08
151.86	1.25466e-08
151.88	1.23951e-08
151.9	1.2246e-08
151.92	1.20992e-08
151.94	1.19548e-08
151.96	1.18125e-08
151.98	1.16726e-08
152	1.15347e-08
152.02	1.13991e-08
152.04	1.12655e-08
152.06	1.1134e-08
152.08	1.10046e-08
152.1	1.08771e-08
152.12	1.07516e-08
152.14	1.06281e-08
152.16	1.05064e-08
152.18	1.03867e-08
152.2	1.02687e-08
152.22	1.01526e-08
152.24	1.00382e-08
152.26	9.92561e-09
152.28	9.8147e-09
152.3	9.70549e-09
152.32	9.59793e-09
152.34	9.492e-09
152.36	9.38768e-09
152.38	9.28493e-09
152.4	9.18373e-09
152.42	9.08405e-09
152.44	8.98587e-09
152.46	8.88916e-09
152.48	8.79391e-09
152.5	8.70007e-09
152.52	8.60764e-09
152.54	8.51659e-09
152.56	8.42689e-09
152.58	8.33852e-09
152.6	8.25147e-09
152.62	8.1657e-09
152.64	8.08121e-09
152.66	7.99796e-09
152.68	7.91593e-09
152.7	7.83512e-09
152.72	7.75549e-09
152.74	7.67703e-09
152.76	7.59972e-09
152.78	7.52354e-09
152.8	7.44847e-09
152.82	7.3745e-09
152.84	7.3016e-09
152.86	7.22976e-09
152.88	7.15897e-09
152.9	7.0892e-09
152.92	7.02044e-09
152.94	6.95268e-09
152.96	6.88589e-09
152.98	6.82006e-09
153	6.75518e-09
153.02	6.69123e-09
153.04	6.6282e-09
153.06	6.56608e-09
153.08	6.50484e-09
153.1	6.44447e-09
153.12	6.38497e-09
153.14	6.32631e-09
153.16	6.26849e-09
153.18	6.21149e-09
153.2	6.15529e-09
153.22	6.0999e-09
153.24	6.04528e-09
153.26	5.99144e-09
153.28	5.93836e-09
153.3	5.88603e-09
153.32	5.83443e-09
153.34	5.78355e-09
153.36	5.7334e-09
153.38	5.68394e-09
153.4	5.63518e-09
153.42	5.5871e-09
153.44	5.53969e-09
153.46	5.49294e-09
153.48	5.44684e-09
153.5	5.40139e-09
153.52	5.35656e-09
153.54	5.31236e-09
153.56	5.26878e-09
153.58	5.22579e-09
153.6	5.18341e-09
153.62	5.14161e-09
153.64	5.10038e-09
153.66	5.05973e-09
153.68	5.01963e-09
153.7	4.98009e-09
153.72	4.9411e-09
153.74	4.90264e-09
153.76	4.8647e-09
153.78	4.82729e-09
153.8	4.7904e-09
153.82	4.75401e-09
153.84	4.71811e-09
153.86	4.68271e-09
153.88	4.6478e-09
153.9	4.61336e-09
153.92	4.57939e-09
153.94	4.54588e-09
153.96	4.51283e-09
153.98	4.48024e-09
154	4.44809e-09
154.02	4.41637e-09
154.04	4.38509e-09
154.06	4.35423e-09
154.08	4.3238e-09
154.1	4.29378e-09
154.12	4.26416e-09
154.14	4.23495e-09
154.16	4.20614e-09
154.18	4.17772e-09
154.2	4.14968e-09
154.22	4.12203e-09
154.24	4.09475e-09
154.26	4.06784e-09
154.28	4.0413e-09
154.3	4.01512e-09
154.32	3.98929e-09
154.34	3.96381e-09
154.36	3.93869e-09
154.38	3.9139e-09
154.4	3.88945e-09
154.42	3.86533e-09
154.44	3.84155e-09
154.46	3.81808e-09
154.48	3.79494e-09
154.5	3.77211e-09
154.52	3.74959e-09
154.54	3.72738e-09
154.56	3.70547e-09
154.58	3.68387e-09
154.6	3.66256e-09
154.62	3.64154e-09
154.64	3.6208e-09
154.66	3.60036e-09
154.68	3.58019e-09
154.7	3.5603e-09
154.72	3.54069e-09
154.74	3.52135e-09
154.76	3.50227e-09
154.78	3.48346e-09
154.8	3.4649e-09
154.82	3.44661e-09
154.84	3.42857e-09
154.86	3.41078e-09
154.88	3.39323e-09
154.9	3.37594e-09
154.92	3.35888e-09
154.94	3.34207e-09
154.96	3.32549e-09
154.98	3.30914e-09
155	3.29303e-09
155.02	3.27714e-09
155.04	3.26148e-09
155.06	3.24604e-09
155.08	3.23083e-09
155.1	3.21583e-09
155.12	3.20104e-09
155.14	3.18647e-09
155.16	3.17211e-09
155.18	3.15796e-09
155.2	3.14401e-09
155.22	3.13026e-09
155.24	3.11672e-09
155.26	3.10338e-09
155.28	3.09023e-09
155.3	3.07728e-09
155.32	3.06452e-09
155.34	3.05195e-09
155.36	3.03957e-09
155.38	3.02738e-09
155.4	3.01537e-09
155.42	3.00354e-09
155.44	2.99189e-09
155.46	2.98043e-09
155.48	2.96914e-09
155.5	2.95802e-09
155.52	2.94708e-09
155.54	2.93631e-09
155.56	2.92571e-09
155.58	2.91528e-09
155.6	2.90502e-09
155.62	2.89492e-09
155.64	2.88499e-09
155.66	2.87521e-09
155.68	2.8656e-09
155.7	2.85615e-09
155.72	2.84685e-09
155.74	2.83772e-09
155.76	2.82873e-09
155.78	2.8199e-09
155.8	2.81122e-09
155.82	2.80269e-09
155.84	2.79432e-09
155.86	2.78609e-09
155.88	2.778e-09
155.9	2.77006e-09
155.92	2.76227e-09
155.94	2.75462e-09
155.96	2.74711e-09
155.98	2.73974e-09
156	2.73252e-09
156.02	2.72543e-09
156.04	2.71847e-09
156.06	2.71166e-09
156.08	2.70498e-09
156.1	2.69844e-09
156.12	2.69203e-09
156.14	2.68575e-09
156.16	2.6796e-09
156.18	2.67358e-09
156.2	2.6677e-09
156.22	2.66194e-09
156.24	2.65631e-09
156.26	2.65081e-09
156.28	2.64543e-09
156.3	2.64018e-09
156.32	2.63506e-09
156.34	2.63006e-09
156.36	2.62518e-09
156.38	2.62042e-09
156.4	2.61579e-09
156.42	2.61128e-09
156.44	2.60689e-09
156.46	2.60262e-09
156.48	2.59846e-09
156.5	2.59443e-09
156.52	2.59051e-09
156.54	2.58672e-09
156.56	2.58304e-09
156.58	2.57947e-09
156.6	2.57602e-09
156.62	2.57269e-09
156.64	2.56947e-09
156.66	2.56637e-09
156.68	2.56338e-09
156.7	2.5605e-09
156.72	2.55774e-09
156.74	2.55509e-09
156.76	2.55255e-09
156.78	2.55012e-09
156.8	2.54781e-09
156.82	2.54561e-09
156.84	2.54351e-09
156.86	2.54153e-09
156.88	2.53966e-09
156.9	2.5379e-09
156.92	2.53625e-09
156.94	2.53471e-09
156.96	2.53328e-09
156.98	2.53195e-09
157	2.53074e-09
157.02	2.52963e-09
157.04	2.52864e-09
157.06	2.52775e-09
157.08	2.52697e-09
157.1	2.5263e-09
157.12	2.52574e-09
157.14	2.52528e-09
157.16	2.52494e-09
157.18	2.5247e-09
157.2	2.52457e-09
157.22	2.52454e-09
157.24	2.52463e-09
157.26	2.52482e-09
157.28	2.52512e-09
157.3	2.52554e-09
157.32	2.52605e-09
157.34	2.52668e-09
157.36	2.52742e-09
157.38	2.52826e-09
157.4	2.52921e-09
157.42	2.53027e-09
157.44	2.53144e-09
157.46	2.53272e-09
157.48	2.53411e-09
157.5	2.53561e-09
157.52	2.53722e-09
157.54	2.53894e-09
157.56	2.54077e-09
157.58	2.54271e-09
157.6	2.54477e-09
157.62	2.54693e-09
157.64	2.54921e-09
157.66	2.5516e-09
157.68	2.5541e-09
157.7	2.55671e-09
157.72	2.55944e-09
157.74	2.56228e-09
157.76	2.56524e-09
157.78	2.56831e-09
157.8	2.5715e-09
157.82	2.5748e-09
157.84	2.57822e-09
157.86	2.58176e-09
157.88	2.58541e-09
157.9	2.58919e-09
157.92	2.59308e-09
157.94	2.59709e-09
157.96	2.60123e-09
157.98	2.60548e-09
158	2.60986e-09
158.02	2.61436e-09
158.04	2.61898e-09
158.06	2.62373e-09
158.08	2.6286e-09
158.1	2.6336e-09
158.12	2.63873e-09
158.14	2.64398e-09
158.16	2.64937e-09
158.18	2.65488e-09
158.2	2.66053e-09
158.22	2.6663e-09
158.24	2.67221e-09
158.26	2.67826e-09
158.28	2.68444e-09
158.3	2.69075e-09
158.32	2.69721e-09
158.34	2.7038e-09
158.36	2.71053e-09
158.38	2.71741e-09
158.4	2.72442e-09
158.42	2.73159e-09
158.44	2.73889e-09
158.46	2.74635e-09
158.48	2.75395e-09
158.5	2.7617e-09
158.52	2.76961e-09
158.54	2.77766e-09
158.56	2.78588e-09
158.58	2.79425e-09
158.6	2.80277e-09
158.62	2.81146e-09
158.64	2.82031e-09
158.66	2.82932e-09
158.68	2.8385e-09
158.7	2.84784e-09
158.72	2.85736e-09
158.74	2.86705e-09
158.76	2.87691e-09
158.78	2.88694e-09
158.8	2.89716e-09
158.82	2.90755e-09
158.84	2.91813e-09
158.86	2.92889e-09
158.88	2.93984e-09
158.9	2.95098e-09
158.92	2.96231e-09
158.94	2.97384e-09
158.96	2.98556e-09
158.98	2.99749e-09
159	3.00962e-09
159.02	3.02195e-09
159.04	3.0345e-09
159.06	3.04726e-09
159.08	3.06023e-09
159.1	3.07342e-09
159.12	3.08684e-09
159.14	3.10048e-09
159.16	3.11435e-09
159.18	3.12845e-09
159.2	3.14279e-09
159.22	3.15737e-09
159.24	3.1722e-09
159.26	3.18727e-09
159.28	3.2026e-09
159.3	3.21818e-09
159.32	3.23402e-09
159.34	3.25013e-09
159.36	3.26651e-09
159.38	3.28317e-09
159.4	3.3001e-09
159.42	3.31732e-09
159.44	3.33484e-09
159.46	3.35264e-09
159.48	3.37075e-09
159.5	3.38917e-09
159.52	3.4079e-09
159.54	3.42694e-09
159.56	3.44631e-09
159.58	3.46602e-09
159.6	3.48606e-09
159.62	3.50645e-09
159.64	3.52719e-09
159.66	3.54829e-09
159.68	3.56975e-09
159.7	3.59159e-09
159.72	3.61382e-09
159.74	3.63643e-09
159.76	3.65944e-09
159.78	3.68287e-09
159.8	3.70671e-09
159.82	3.73097e-09
159.84	3.75568e-09
159.86	3.78083e-09
159.88	3.80644e-09
159.9	3.83252e-09
159.92	3.85908e-09
159.94	3.88614e-09
159.96	3.91369e-09
159.98	3.94177e-09
160	3.97038e-09
160.02	3.99953e-09
160.04	4.02924e-09
160.06	4.05952e-09
160.08	4.0904e-09
160.1	4.12188e-09
160.12	4.15398e-09
160.14	4.18673e-09
160.16	4.22014e-09
160.18	4.25422e-09
160.2	4.28901e-09
160.22	4.32452e-09
160.24	4.36077e-09
160.26	4.39779e-09
160.28	4.4356e-09
160.3	4.47423e-09
160.32	4.51371e-09
160.34	4.55406e-09
160.36	4.59532e-09
160.38	4.63752e-09
160.4	4.68069e-09
160.42	4.72487e-09
160.44	4.7701e-09
160.46	4.81642e-09
160.48	4.86387e-09
160.5	4.91251e-09
160.52	4.96237e-09
160.54	5.01352e-09
160.56	5.06601e-09
160.58	5.11991e-09
160.6	5.17529e-09
160.62	5.2322e-09
160.64	5.29075e-09
160.66	5.35101e-09
160.68	5.41307e-09
160.7	5.47705e-09
160.72	5.54306e-09
160.74	5.61123e-09
160.76	5.6817e-09
160.78	5.75463e-09
160.8	5.83021e-09
160.82	5.90864e-09
160.84	5.99017e-09
160.86	6.07507e-09
160.88	6.16368e-09
160.9	6.25638e-09
160.92	6.35366e-09
160.94	6.4561e-09
160.96	6.56447e-09
160.98	6.67975e-09
161	6.80331e-09
161.02	6.93706e-09
161.04	7.08399e-09
161.06	7.24918e-09
161.08	7.44253e-09
161.1	7.68789e-09
161.12	8.06049e-09
161.14	8.9347e-09
161.16	1.17349e-08
161.18	2.04995e-08
161.2	4.72102e-08
161.22	1.27544e-07
161.24	3.44902e-07
161.26	8.65701e-07
161.28	2.02142e-06
161.3	4.43268e-06
161.32	9.06914e-06
161.34	1.71208e-05
161.36	2.95992e-05
161.38	4.68073e-05
161.4	6.82279e-05
161.42	9.29201e-05
161.44	0.000119887
161.46	0.000148228
161.48	0.000177184
161.5	0.000206158
161.52	0.000234705
161.54	0.000262513
161.56	0.000289374
161.58	0.000315154
161.6	0.000339778
161.62	0.000363209
161.64	0.000385435
161.66	0.000406465
161.68	0.000426321
161.7	0.000445033
161.72	0.000462634
161.74	0.000479164
161.76	0.00049466
161.78	0.000509163
161.8	0.000522711
161.82	0.000535341
161.84	0.000547092
161.86	0.000557998
161.88	0.000568093
161.9	0.000577412
161.92	0.000585984
161.94	0.000593842
161.96	0.000601013
161.98	0.000607527
162	0.000613409
162.02	0.000618687
162.04	0.000623384
162.06	0.000627526
162.08	0.000631135
162.1	0.000634233
162.12	0.000636842
162.14	0.000638983
162.16	0.000640676
162.18	0.00064194
162.2	0.000642792
162.22	0.000643253
162.24	0.000643337
162.26	0.000643063
162.28	0.000642445
162.3	0.0006415
162.32	0.000640242
162.34	0.000638685
162.36	0.000636843
162.38	0.00063473
162.4	0.000632358
162.42	0.00062974
162.44	0.000626887
162.46	0.00062381
162.48	0.000620521
162.5	0.000617031
162.52	0.000613349
162.54	0.000609486
162.56	0.000605451
162.58	0.000601253
162.6	0.000596901
162.62	0.000592404
162.64	0.00058777
162.66	0.000583007
162.68	0.000578122
162.7	0.000573123
162.72	0.000568018
162.74	0.000562812
162.76	0.000557514
162.78	0.000552129
162.8	0.000546663
162.82	0.000541124
162.84	0.000535515
162.86	0.000529844
162.88	0.000524116
162.9	0.000518335
162.92	0.000512507
162.94	0.000506638
162.96	0.000500731
162.98	0.000494791
163	0.000488823
163.02	0.000482832
163.04	0.00047682
163.06	0.000470793
163.08	0.000464754
163.1	0.000458707
163.12	0.000452655
163.14	0.000446602
163.16	0.000440552
163.18	0.000434507
163.2	0.000428471
163.22	0.000422446
163.24	0.000416436
163.26	0.000410443
163.28	0.00040447
163.3	0.00039852
163.32	0.000392594
163.34	0.000386695
163.36	0.000380826
163.38	0.000374989
163.4	0.000369185
163.42	0.000363417
163.44	0.000357686
163.46	0.000351995
163.48	0.000346344
163.5	0.000340736
163.52	0.000335172
163.54	0.000329653
163.56	0.000324181
163.58	0.000318757
163.6	0.000313382
163.62	0.000308057
163.64	0.000302784
163.66	0.000297563
163.68	0.000292396
163.7	0.000287282
163.72	0.000282224
163.74	0.000277221
163.76	0.000272274
163.78	0.000267384
163.8	0.000262551
163.82	0.000257776
163.84	0.000253059
163.86	0.000248401
163.88	0.000243802
163.9	0.000239262
163.92	0.000234781
163.94	0.00023036
163.96	0.000225998
163.98	0.000221696
164	0.000217454
164.02	0.000213272
164.04	0.00020915
164.06	0.000205087
164.08	0.000201084
164.1	0.00019714
164.12	0.000193256
164.14	0.000189431
164.16	0.000185664
164.18	0.000181956
164.2	0.000178307
164.22	0.000174715
164.24	0.000171181
164.26	0.000167704
164.28	0.000164285
164.3	0.000160921
164.32	0.000157614
164.34	0.000154363
164.36	0.000151167
164.38	0.000148025
164.4	0.000144938
164.42	0.000141904
164.44	0.000138924
164.46	0.000135996
164.48	0.00013312
164.5	0.000130297
164.52	0.000127524
164.54	0.000124801
164.56	0.000122129
164.58	0.000119506
164.6	0.000116931
164.62	0.000114405
164.64	0.000111926
164.66	0.000109494
164.68	0.000107108
164.7	0.000104769
164.72	0.000102474
164.74	0.000100224
164.76	9.80171e-05
164.78	9.58538e-05
164.8	9.37332e-05
164.82	9.16546e-05
164.84	8.96173e-05
164.86	8.76207e-05
164.88	8.56643e-05
164.9	8.37474e-05
164.92	8.18693e-05
164.94	8.00295e-05
164.96	7.82274e-05
164.98	7.64624e-05
165	7.47338e-05
165.02	7.3041e-05
165.04	7.13835e-05
165.06	6.97606e-05
165.08	6.81719e-05
165.1	6.66165e-05
165.12	6.50941e-05
165.14	6.3604e-05
165.16	6.21457e-05
165.18	6.07185e-05
165.2	5.9322e-05
165.22	5.79555e-05
165.24	5.66186e-05
165.26	5.53107e-05
165.28	5.40312e-05
165.3	5.27796e-05
165.32	5.15554e-05
165.34	5.03581e-05
165.36	4.91871e-05
165.38	4.8042e-05
165.4	4.69223e-05
165.42	4.58274e-05
165.44	4.47569e-05
165.46	4.37103e-05
165.48	4.26871e-05
165.5	4.16869e-05
165.52	4.07092e-05
165.54	3.97535e-05
165.56	3.88195e-05
165.58	3.79066e-05
165.6	3.70144e-05
165.62	3.61426e-05
165.64	3.52906e-05
165.66	3.44581e-05
165.68	3.36447e-05
165.7	3.285e-05
165.72	3.20735e-05
165.74	3.1315e-05
165.76	3.05739e-05
165.78	2.985e-05
165.8	2.91429e-05
165.82	2.84522e-05
165.84	2.77776e-05
165.86	2.71186e-05
165.88	2.64751e-05
165.9	2.58465e-05
165.92	2.52327e-05
165.94	2.46333e-05
165.96	2.40479e-05
165.98	2.34764e-05
166	2.29182e-05
166.02	2.23732e-05
166.04	2.18411e-05
166.06	2.13215e-05
166.08	2.08143e-05
166.1	2.0319e-05
166.12	1.98355e-05
166.14	1.93635e-05
166.16	1.89027e-05
166.18	1.84529e-05
166.2	1.80137e-05
166.22	1.7585e-05
166.24	1.71666e-05
166.26	1.67582e-05
166.28	1.63595e-05
166.3	1.59703e-05
166.32	1.55905e-05
166.34	1.52197e-05
166.36	1.48579e-05
166.38	1.45047e-05
166.4	1.416e-05
166.42	1.38236e-05
166.44	1.34952e-05
166.46	1.31748e-05
166.48	1.28621e-05
166.5	1.25569e-05
166.52	1.2259e-05
166.54	1.19683e-05
166.56	1.16847e-05
166.58	1.14078e-05
166.6	1.11377e-05
166.62	1.0874e-05
166.64	1.06168e-05
166.66	1.03657e-05
166.68	1.01207e-05
166.7	9.88159e-06
166.72	9.64828e-06
166.74	9.4206e-06
166.76	9.19842e-06
166.78	8.98162e-06
166.8	8.77005e-06
166.82	8.56359e-06
166.84	8.36213e-06
166.86	8.16553e-06
166.88	7.97368e-06
166.9	7.78647e-06
166.92	7.60378e-06
166.94	7.42551e-06
166.96	7.25155e-06
166.98	7.08178e-06
167	6.91612e-06
167.02	6.75446e-06
167.04	6.5967e-06
167.06	6.44274e-06
167.08	6.29251e-06
167.1	6.14589e-06
167.12	6.00281e-06
167.14	5.86319e-06
167.16	5.72692e-06
167.18	5.59394e-06
167.2	5.46417e-06
167.22	5.33752e-06
167.24	5.21391e-06
167.26	5.09328e-06
167.28	4.97555e-06
167.3	4.86065e-06
167.32	4.74851e-06
167.34	4.63906e-06
167.36	4.53224e-06
167.38	4.42798e-06
167.4	4.32622e-06
167.42	4.22689e-06
167.44	4.12995e-06
167.46	4.03533e-06
167.48	3.94296e-06
167.5	3.85281e-06
167.52	3.76481e-06
167.54	3.67891e-06
167.56	3.59506e-06
167.58	3.51321e-06
167.6	3.43331e-06
167.62	3.35531e-06
167.64	3.27916e-06
167.66	3.20483e-06
167.68	3.13226e-06
167.7	3.06141e-06
167.72	2.99224e-06
167.74	2.92472e-06
167.76	2.85879e-06
167.78	2.79442e-06
167.8	2.73157e-06
167.82	2.67021e-06
167.84	2.61029e-06
167.86	2.55179e-06
167.88	2.49467e-06
167.9	2.43889e-06
167.92	2.38442e-06
167.94	2.33123e-06
167.96	2.27929e-06
167.98	2.22857e-06
168	2.17904e-06
168.02	2.13067e-06
168.04	2.08343e-06
168.06	2.03729e-06
168.08	1.99223e-06
168.1	1.94822e-06
168.12	1.90524e-06
168.14	1.86325e-06
168.16	1.82225e-06
168.18	1.78219e-06
168.2	1.74307e-06
168.22	1.70485e-06
168.24	1.66752e-06
168.26	1.63105e-06
168.28	1.59542e-06
168.3	1.56062e-06
168.32	1.52662e-06
168.34	1.4934e-06
168.36	1.46095e-06
168.38	1.42924e-06
168.4	1.39826e-06
168.42	1.36799e-06
168.44	1.33842e-06
168.46	1.30952e-06
168.48	1.28128e-06
168.5	1.25369e-06
168.52	1.22673e-06
168.54	1.20038e-06
168.56	1.17463e-06
168.58	1.14947e-06
168.6	1.12488e-06
168.62	1.10085e-06
168.64	1.07736e-06
168.66	1.0544e-06
168.68	1.03197e-06
168.7	1.01004e-06
168.72	9.88601e-07
168.74	9.67649e-07
168.76	9.47169e-07
168.78	9.27149e-07
168.8	9.07579e-07
168.82	8.88448e-07
168.84	8.69746e-07
168.86	8.51463e-07
168.88	8.33588e-07
168.9	8.16113e-07
168.92	7.99028e-07
168.94	7.82323e-07
168.96	7.65991e-07
168.98	7.50021e-07
169	7.34406e-07
169.02	7.19138e-07
169.04	7.04208e-07
169.06	6.89608e-07
169.08	6.75331e-07
169.1	6.6137e-07
169.12	6.47716e-07
169.14	6.34363e-07
169.16	6.21304e-07
169.18	6.08532e-07
169.2	5.9604e-07
169.22	5.83822e-07
169.24	5.71872e-07
169.26	5.60183e-07
169.28	5.48749e-07
169.3	5.37565e-07
169.32	5.26625e-07
169.34	5.15923e-07
169.36	5.05454e-07
169.38	4.95212e-07
169.4	4.85192e-07
169.42	4.75389e-07
169.44	4.65799e-07
169.46	4.56416e-07
169.48	4.47235e-07
169.5	4.38252e-07
169.52	4.29463e-07
169.54	4.20863e-07
169.56	4.12448e-07
169.58	4.04213e-07
169.6	3.96155e-07
169.62	3.8827e-07
169.64	3.80553e-07
169.66	3.73e-07
169.68	3.65609e-07
169.7	3.58376e-07
169.72	3.51296e-07
169.74	3.44367e-07
169.76	3.37585e-07
169.78	3.30947e-07
169.8	3.24449e-07
169.82	3.18089e-07
169.84	3.11863e-07
169.86	3.05768e-07
169.88	2.99802e-07
169.9	2.93962e-07
169.92	2.88244e-07
169.94	2.82646e-07
169.96	2.77166e-07
169.98	2.71801e-07
170	2.66547e-07
170.02	2.61404e-07
170.04	2.56368e-07
170.06	2.51437e-07
170.08	2.46608e-07
170.1	2.4188e-07
170.12	2.3725e-07
170.14	2.32716e-07
170.16	2.28276e-07
170.18	2.23928e-07
170.2	2.1967e-07
170.22	2.15499e-07
170.24	2.11415e-07
170.26	2.07415e-07
170.28	2.03497e-07
170.3	1.99659e-07
170.32	1.959e-07
170.34	1.92218e-07
170.36	1.88611e-07
170.38	1.85078e-07
170.4	1.81617e-07
170.42	1.78227e-07
170.44	1.74906e-07
170.46	1.71652e-07
170.48	1.68464e-07
170.5	1.65341e-07
170.52	1.62281e-07
170.54	1.59283e-07
170.56	1.56346e-07
170.58	1.53467e-07
170.6	1.50647e-07
170.62	1.47884e-07
170.64	1.45176e-07
170.66	1.42522e-07
170.68	1.39922e-07
170.7	1.37373e-07
170.72	1.34876e-07
170.74	1.32429e-07
170.76	1.3003e-07
170.78	1.27679e-07
170.8	1.25375e-07
170.82	1.23117e-07
170.84	1.20903e-07
170.86	1.18733e-07
170.88	1.16607e-07
170.9	1.14522e-07
170.92	1.12478e-07
170.94	1.10475e-07
170.96	1.08511e-07
170.98	1.06586e-07
171	1.04698e-07
171.02	1.02848e-07
171.04	1.01034e-07
171.06	9.92549e-08
171.08	9.75109e-08
171.1	9.58009e-08
171.12	9.41242e-08
171.14	9.24801e-08
171.16	9.0868e-08
171.18	8.92871e-08
171.2	8.77368e-08
171.22	8.62166e-08
171.24	8.47256e-08
171.26	8.32635e-08
171.28	8.18295e-08
171.3	8.04231e-08
171.32	7.90437e-08
171.34	7.76908e-08
171.36	7.63638e-08
171.38	7.50622e-08
171.4	7.37855e-08
171.42	7.25331e-08
171.44	7.13046e-08
171.46	7.00994e-08
171.48	6.89172e-08
171.5	6.77573e-08
171.52	6.66195e-08
171.54	6.55032e-08
171.56	6.44079e-08
171.58	6.33334e-08
171.6	6.22791e-08
171.62	6.12446e-08
171.64	6.02295e-08
171.66	5.92335e-08
171.68	5.82561e-08
171.7	5.7297e-08
171.72	5.63559e-08
171.74	5.54323e-08
171.76	5.45259e-08
171.78	5.36363e-08
171.8	5.27633e-08
171.82	5.19064e-08
171.84	5.10655e-08
171.86	5.024e-08
171.88	4.94298e-08
171.9	4.86346e-08
171.92	4.7854e-08
171.94	4.70877e-08
171.96	4.63355e-08
171.98	4.5597e-08
172	4.48721e-08
172.02	4.41604e-08
172.04	4.34617e-08
172.06	4.27757e-08
172.08	4.21022e-08
172.1	4.14409e-08
172.12	4.07916e-08
172.14	4.01541e-08
172.16	3.95281e-08
172.18	3.89133e-08
172.2	3.83097e-08
172.22	3.77169e-08
172.24	3.71347e-08
172.26	3.6563e-08
172.28	3.60016e-08
172.3	3.54501e-08
172.32	3.49085e-08
172.34	3.43766e-08
172.36	3.38541e-08
172.38	3.33409e-08
172.4	3.28368e-08
172.42	3.23417e-08
172.44	3.18553e-08
172.46	3.13774e-08
172.48	3.0908e-08
172.5	3.04469e-08
172.52	2.99939e-08
172.54	2.95488e-08
172.56	2.91115e-08
172.58	2.86818e-08
172.6	2.82597e-08
172.62	2.78449e-08
172.64	2.74373e-08
172.66	2.70368e-08
172.68	2.66433e-08
172.7	2.62566e-08
172.72	2.58765e-08
172.74	2.5503e-08
172.76	2.5136e-08
172.78	2.47753e-08
172.8	2.44207e-08
172.82	2.40723e-08
172.84	2.37298e-08
172.86	2.33932e-08
172.88	2.30623e-08
172.9	2.2737e-08
172.92	2.24173e-08
172.94	2.2103e-08
172.96	2.17941e-08
172.98	2.14903e-08
173	2.11918e-08
173.02	2.08982e-08
173.04	2.06096e-08
173.06	2.03258e-08
173.08	2.00468e-08
173.1	1.97725e-08
173.12	1.95028e-08
173.14	1.92376e-08
173.16	1.89767e-08
173.18	1.87203e-08
173.2	1.84681e-08
173.22	1.82201e-08
173.24	1.79762e-08
173.26	1.77363e-08
173.28	1.75004e-08
173.3	1.72684e-08
173.32	1.70402e-08
173.34	1.68157e-08
173.36	1.65949e-08
173.38	1.63778e-08
173.4	1.61642e-08
173.42	1.5954e-08
173.44	1.57473e-08
173.46	1.5544e-08
173.48	1.5344e-08
173.5	1.51472e-08
173.52	1.49535e-08
173.54	1.47631e-08
173.56	1.45756e-08
173.58	1.43912e-08
173.6	1.42098e-08
173.62	1.40313e-08
173.64	1.38556e-08
173.66	1.36828e-08
173.68	1.35127e-08
173.7	1.33453e-08
173.72	1.31805e-08
173.74	1.30184e-08
173.76	1.28589e-08
173.78	1.27019e-08
173.8	1.25473e-08
173.82	1.23952e-08
173.84	1.22455e-08
173.86	1.20982e-08
173.88	1.19531e-08
173.9	1.18104e-08
173.92	1.16698e-08
173.94	1.15315e-08
173.96	1.13953e-08
173.98	1.12613e-08
174	1.11293e-08
174.02	1.09993e-08
174.04	1.08714e-08
174.06	1.07455e-08
174.08	1.06215e-08
174.1	1.04994e-08
174.12	1.03791e-08
174.14	1.02608e-08
174.16	1.01442e-08
174.18	1.00294e-08
174.2	9.9164e-09
174.22	9.8051e-09
174.24	9.69549e-09
174.26	9.58755e-09
174.28	9.48125e-09
174.3	9.37655e-09
174.32	9.27344e-09
174.34	9.17189e-09
174.36	9.07186e-09
174.38	8.97334e-09
174.4	8.8763e-09
174.42	8.78071e-09
174.44	8.68656e-09
174.46	8.59381e-09
174.48	8.50245e-09
174.5	8.41244e-09
174.52	8.32378e-09
174.54	8.23643e-09
174.56	8.15038e-09
174.58	8.0656e-09
174.6	7.98207e-09
174.62	7.89977e-09
174.64	7.81869e-09
174.66	7.7388e-09
174.68	7.66008e-09
174.7	7.58252e-09
174.72	7.50609e-09
174.74	7.43077e-09
174.76	7.35656e-09
174.78	7.28343e-09
174.8	7.21136e-09
174.82	7.14034e-09
174.84	7.07034e-09
174.86	7.00136e-09
174.88	6.93338e-09
174.9	6.86638e-09
174.92	6.80034e-09
174.94	6.73526e-09
174.96	6.67111e-09
174.98	6.60788e-09
175	6.54556e-09
175.02	6.48412e-09
175.04	6.42357e-09
175.06	6.36388e-09
175.08	6.30504e-09
175.1	6.24703e-09
175.12	6.18985e-09
175.14	6.13349e-09
175.16	6.07792e-09
175.18	6.02313e-09
175.2	5.96912e-09
175.22	5.91588e-09
175.24	5.86338e-09
175.26	5.81162e-09
175.28	5.76059e-09
175.3	5.71027e-09
175.32	5.66066e-09
175.34	5.61175e-09
175.36	5.56352e-09
175.38	5.51596e-09
175.4	5.46907e-09
175.42	5.42283e-09
175.44	5.37723e-09
175.46	5.33227e-09
175.48	5.28793e-09
175.5	5.2442e-09
175.52	5.20108e-09
175.54	5.15856e-09
175.56	5.11663e-09
175.58	5.07527e-09
175.6	5.03449e-09
175.62	4.99427e-09
175.64	4.9546e-09
175.66	4.91548e-09
175.68	4.8769e-09
175.7	4.83884e-09
175.72	4.80131e-09
175.74	4.76429e-09
175.76	4.72778e-09
175.78	4.69177e-09
175.8	4.65625e-09
175.82	4.62122e-09
175.84	4.58666e-09
175.86	4.55258e-09
175.88	4.51896e-09
175.9	4.4858e-09
175.92	4.45309e-09
175.94	4.42083e-09
175.96	4.389e-09
175.98	4.35761e-09
176	4.32664e-09
176.02	4.2961e-09
176.04	4.26597e-09
176.06	4.23625e-09
176.08	4.20693e-09
176.1	4.17801e-09
176.12	4.14948e-09
176.14	4.12134e-09
176.16	4.09358e-09
176.18	4.0662e-09
176.2	4.03919e-09
176.22	4.01254e-09
176.24	3.98625e-09
176.26	3.96033e-09
176.28	3.93475e-09
176.3	3.90952e-09
176.32	3.88463e-09
176.34	3.86008e-09
176.36	3.83586e-09
176.38	3.81197e-09
176.4	3.7884e-09
176.42	3.76515e-09
176.44	3.74222e-09
176.46	3.7196e-09
176.48	3.69729e-09
176.5	3.67528e-09
176.52	3.65357e-09
176.54	3.63216e-09
176.56	3.61104e-09
176.58	3.5902e-09
176.6	3.56965e-09
176.62	3.54939e-09
176.64	3.52939e-09
176.66	3.50968e-09
176.68	3.49023e-09
176.7	3.47105e-09
176.72	3.45213e-09
176.74	3.43348e-09
176.76	3.41508e-09
176.78	3.39693e-09
176.8	3.37903e-09
176.82	3.36139e-09
176.84	3.34399e-09
176.86	3.32682e-09
176.88	3.3099e-09
176.9	3.29322e-09
176.92	3.27676e-09
176.94	3.26054e-09
176.96	3.24455e-09
176.98	3.22878e-09
177	3.21323e-09
177.02	3.1979e-09
177.04	3.18279e-09
177.06	3.16789e-09
177.08	3.15321e-09
177.1	3.13874e-09
177.12	3.12447e-09
177.14	3.11041e-09
177.16	3.09655e-09
177.18	3.08289e-09
177.2	3.06943e-09
177.22	3.05617e-09
177.24	3.0431e-09
177.26	3.03022e-09
177.28	3.01753e-09
177.3	3.00503e-09
177.32	2.99271e-09
177.34	2.98058e-09
177.36	2.96863e-09
177.38	2.95686e-09
177.4	2.94527e-09
177.42	2.93386e-09
177.44	2.92261e-09
177.46	2.91155e-09
177.48	2.90065e-09
177.5	2.88992e-09
177.52	2.87936e-09
177.54	2.86896e-09
177.56	2.85873e-09
177.58	2.84866e-09
177.6	2.83876e-09
177.62	2.82901e-09
177.64	2.81942e-09
177.66	2.80998e-09
177.68	2.8007e-09
177.7	2.79158e-09
177.72	2.78261e-09
177.74	2.77378e-09
177.76	2.76511e-09
177.78	2.75658e-09
177.8	2.74821e-09
177.82	2.73997e-09
177.84	2.73188e-09
177.86	2.72394e-09
177.88	2.71613e-09
177.9	2.70847e-09
177.92	2.70095e-09
177.94	2.69356e-09
177.96	2.68631e-09
177.98	2.6792e-09
178	2.67222e-09
178.02	2.66538e-09
178.04	2.65867e-09
178.06	2.65209e-09
178.08	2.64564e-09
178.1	2.63933e-09
178.12	2.63314e-09
178.14	2.62708e-09
178.16	2.62115e-09
178.18	2.61534e-09
178.2	2.60966e-09
178.22	2.6041e-09
178.24	2.59867e-09
178.26	2.59336e-09
178.28	2.58817e-09
178.3	2.5831e-09
178.32	2.57816e-09
178.34	2.57333e-09
178.36	2.56862e-09
178.38	2.56403e-09
178.4	2.55956e-09
178.42	2.55521e-09
178.44	2.55097e-09
178.46	2.54685e-09
178.48	2.54285e-09
178.5	2.53896e-09
178.52	2.53518e-09
178.54	2.53152e-09
178.56	2.52797e-09
178.58	2.52453e-09
178.6	2.52121e-09
178.62	2.51799e-09
178.64	2.51489e-09
178.66	2.5119e-09
178.68	2.50901e-09
178.7	2.50624e-09
178.72	2.50358e-09
178.74	2.50103e-09
178.76	2.49858e-09
178.78	2.49624e-09
178.8	2.49401e-09
178.82	2.49189e-09
178.84	2.48988e-09
178.86	2.48797e-09
178.88	2.48617e-09
178.9	2.48448e-09
178.92	2.48289e-09
178.94	2.48141e-09
178.96	2.48003e-09
178.98	2.47876e-09
179	2.47759e-09
179.02	2.47653e-09
179.04	2.47558e-09
179.06	2.47473e-09
179.08	2.47398e-09
179.1	2.47334e-09
179.12	2.4728e-09
179.14	2.47237e-09
179.16	2.47205e-09
179.18	2.47182e-09
179.2	2.4717e-09
179.22	2.47169e-09
179.24	2.47178e-09
179.26	2.47198e-09
179.28	2.47227e-09
179.3	2.47268e-09
179.32	2.47319e-09
179.34	2.4738e-09
179.36	2.47452e-09
179.38	2.47534e-09
179.4	2.47627e-09
179.42	2.4773e-09
179.44	2.47844e-09
179.46	2.47968e-09
179.48	2.48103e-09
179.5	2.48249e-09
179.52	2.48405e-09
179.54	2.48572e-09
179.56	2.48749e-09
179.58	2.48937e-09
179.6	2.49136e-09
179.62	2.49346e-09
179.64	2.49567e-09
179.66	2.49798e-09
179.68	2.5004e-09
179.7	2.50293e-09
179.72	2.50557e-09
179.74	2.50832e-09
179.76	2.51118e-09
179.78	2.51416e-09
179.8	2.51724e-09
179.82	2.52043e-09
179.84	2.52374e-09
179.86	2.52716e-09
179.88	2.5307e-09
179.9	2.53435e-09
179.92	2.53811e-09
179.94	2.54199e-09
179.96	2.54598e-09
179.98	2.5501e-09
180	2.55432e-09
180.02	2.55867e-09
180.04	2.56314e-09
180.06	2.56772e-09
180.08	2.57243e-09
180.1	2.57726e-09
180.12	2.58221e-09
180.14	2.58728e-09
180.16	2.59248e-09
180.18	2.5978e-09
180.2	2.60325e-09
180.22	2.60883e-09
180.24	2.61453e-09
180.26	2.62036e-09
180.28	2.62633e-09
180.3	2.63242e-09
180.32	2.63864e-09
180.34	2.645e-09
180.36	2.6515e-09
180.38	2.65812e-09
180.4	2.66489e-09
180.42	2.6718e-09
180.44	2.67884e-09
180.46	2.68602e-09
180.48	2.69335e-09
180.5	2.70082e-09
180.52	2.70844e-09
180.54	2.7162e-09
180.56	2.72411e-09
180.58	2.73217e-09
180.6	2.74038e-09
180.62	2.74875e-09
180.64	2.75727e-09
180.66	2.76595e-09
180.68	2.77478e-09
180.7	2.78378e-09
180.72	2.79293e-09
180.74	2.80225e-09
180.76	2.81174e-09
180.78	2.82139e-09
180.8	2.83122e-09
180.82	2.84122e-09
180.84	2.85139e-09
180.86	2.86173e-09
180.88	2.87226e-09
180.9	2.88297e-09
180.92	2.89386e-09
180.94	2.90493e-09
180.96	2.9162e-09
180.98	2.92765e-09
181	2.9393e-09
181.02	2.95115e-09
181.04	2.96319e-09
181.06	2.97544e-09
181.08	2.98789e-09
181.1	3.00056e-09
181.12	3.01343e-09
181.14	3.02651e-09
181.16	3.03982e-09
181.18	3.05334e-09
181.2	3.06709e-09
181.22	3.08107e-09
181.24	3.09528e-09
181.26	3.10972e-09
181.28	3.12441e-09
181.3	3.13933e-09
181.32	3.15451e-09
181.34	3.16993e-09
181.36	3.18561e-09
181.38	3.20156e-09
181.4	3.21776e-09
181.42	3.23424e-09
181.44	3.25099e-09
181.46	3.26801e-09
181.48	3.28533e-09
181.5	3.30293e-09
181.52	3.32082e-09
181.54	3.33902e-09
181.56	3.35752e-09
181.58	3.37634e-09
181.6	3.39547e-09
181.62	3.41492e-09
181.64	3.43471e-09
181.66	3.45483e-09
181.68	3.4753e-09
181.7	3.49612e-09
181.72	3.5173e-09
181.74	3.53884e-09
181.76	3.56076e-09
181.78	3.58306e-09
181.8	3.60575e-09
181.82	3.62884e-09
181.84	3.65233e-09
181.86	3.67625e-09
181.88	3.70059e-09
181.9	3.72536e-09
181.92	3.75059e-09
181.94	3.77627e-09
181.96	3.80241e-09
181.98	3.82904e-09
182	3.85616e-09
182.02	3.88379e-09
182.04	3.91193e-09
182.06	3.9406e-09
182.08	3.96982e-09
182.1	3.9996e-09
182.12	4.02995e-09
182.14	4.06089e-09
182.16	4.09243e-09
182.18	4.1246e-09
182.2	4.15741e-09
182.22	4.19088e-09
182.24	4.22504e-09
182.26	4.25989e-09
182.28	4.29546e-09
182.3	4.33178e-09
182.32	4.36886e-09
182.34	4.40674e-09
182.36	4.44544e-09
182.38	4.48498e-09
182.4	4.5254e-09
182.42	4.56673e-09
182.44	4.609e-09
182.46	4.65225e-09
182.48	4.6965e-09
182.5	4.74181e-09
182.52	4.7882e-09
182.54	4.83574e-09
182.56	4.88445e-09
182.58	4.93441e-09
182.6	4.98565e-09
182.62	5.03824e-09
182.64	5.09223e-09
182.66	5.14771e-09
182.68	5.20474e-09
182.7	5.2634e-09
182.72	5.32379e-09
182.74	5.38599e-09
182.76	5.45012e-09
182.78	5.51628e-09
182.8	5.58462e-09
182.82	5.65527e-09
182.84	5.72841e-09
182.86	5.80421e-09
182.88	5.8829e-09
182.9	5.96471e-09
182.92	6.04993e-09
182.94	6.13889e-09
182.96	6.23201e-09
182.98	6.32978e-09
183	6.4328e-09
183.02	6.54187e-09
183.04	6.65802e-09
183.06	6.78268e-09
183.08	6.9179e-09
183.1	7.06691e-09
183.12	7.23528e-09
183.14	7.43431e-09
183.16	7.69219e-09
183.18	8.10335e-09
183.2	9.16804e-09
183.22	1.26044e-08
183.24	2.31954e-08
183.26	5.55748e-08
183.28	1.51746e-07
183.3	4.06112e-07
183.32	1.00569e-06
183.34	2.32247e-06
183.36	5.03666e-06
183.38	1.01718e-05
183.4	1.8925e-05
183.42	3.22223e-05
183.44	5.02169e-05
183.46	7.22848e-05
183.48	9.74556e-05
183.5	0.000124741
183.52	0.000153262
183.54	0.000182286
183.56	0.00021124
183.58	0.000239706
183.6	0.000267389
183.62	0.000294097
183.64	0.000319707
183.66	0.000344151
183.68	0.000367396
183.7	0.000389436
183.72	0.000410282
183.74	0.000429957
183.76	0.000448493
183.78	0.000465924
183.8	0.000482288
183.82	0.000497625
183.84	0.000511975
183.86	0.000525375
183.88	0.000537863
183.9	0.000549477
183.92	0.000560252
183.94	0.000570222
183.96	0.000579419
183.98	0.000587875
184	0.00059562
184.02	0.000602684
184.04	0.000609094
184.06	0.000614877
184.08	0.000620059
184.1	0.000624664
184.12	0.000628717
184.14	0.000632241
184.16	0.000635258
184.18	0.000637789
184.2	0.000639854
184.22	0.000641474
184.24	0.000642668
184.26	0.000643454
184.28	0.00064385
184.3	0.000643873
184.32	0.000643539
184.34	0.000642865
184.36	0.000641865
184.38	0.000640555
184.4	0.000638948
184.42	0.000637058
184.44	0.000634899
184.46	0.000632483
184.48	0.000629822
184.5	0.000626928
184.52	0.000623812
184.54	0.000620487
184.56	0.00061696
184.58	0.000613245
184.6	0.000609349
184.62	0.000605282
184.64	0.000601055
184.66	0.000596674
184.68	0.00059215
184.7	0.00058749
184.72	0.000582701
184.74	0.000577793
184.76	0.000572772
184.78	0.000567645
184.8	0.000562419
184.82	0.000557102
184.84	0.000551698
184.86	0.000546215
184.88	0.000540659
184.9	0.000535035
184.92	0.000529349
184.94	0.000523607
184.96	0.000517813
184.98	0.000511973
185	0.000506092
185.02	0.000500174
185.04	0.000494225
185.06	0.000488248
185.08	0.000482247
185.1	0.000476228
185.12	0.000470193
185.14	0.000464147
185.16	0.000458094
185.18	0.000452037
185.2	0.000445979
185.22	0.000439924
185.24	0.000433875
185.26	0.000427836
185.28	0.000421808
185.3	0.000415796
185.32	0.000409801
185.34	0.000403826
185.36	0.000397874
185.38	0.000391948
185.4	0.000386049
185.42	0.00038018
185.44	0.000374343
185.46	0.00036854
185.48	0.000362773
185.5	0.000357044
185.52	0.000351354
185.54	0.000345706
185.56	0.0003401
185.58	0.000334538
185.6	0.000329022
185.62	0.000323553
185.64	0.000318133
185.66	0.000312762
185.68	0.000307441
185.7	0.000302172
185.72	0.000296955
185.74	0.000291792
185.76	0.000286683
185.78	0.00028163
185.8	0.000276632
185.82	0.00027169
185.84	0.000266805
185.86	0.000261978
185.88	0.000257208
185.9	0.000252497
185.92	0.000247844
185.94	0.000243251
185.96	0.000238717
185.98	0.000234242
186	0.000229827
186.02	0.000225471
186.04	0.000221176
186.06	0.00021694
186.08	0.000212764
186.1	0.000208648
186.12	0.000204592
186.14	0.000200595
186.16	0.000196658
186.18	0.00019278
186.2	0.000188961
186.22	0.000185201
186.24	0.000181499
186.26	0.000177856
186.28	0.000174271
186.3	0.000170744
186.32	0.000167273
186.34	0.00016386
186.36	0.000160503
186.38	0.000157202
186.4	0.000153957
186.42	0.000150767
186.44	0.000147632
186.46	0.000144551
186.48	0.000141524
186.5	0.000138549
186.52	0.000135628
186.54	0.000132759
186.56	0.000129941
186.58	0.000127174
186.6	0.000124457
186.62	0.000121791
186.64	0.000119173
186.66	0.000116605
186.68	0.000114084
186.7	0.000111611
186.72	0.000109185
186.74	0.000106805
186.76	0.00010447
186.78	0.000102181
186.8	9.99361e-05
186.82	9.77349e-05
186.84	9.55769e-05
186.86	9.34615e-05
186.88	9.1388e-05
186.9	8.93557e-05
186.92	8.73641e-05
186.94	8.54126e-05
186.96	8.35005e-05
186.98	8.16273e-05
187	7.97922e-05
187.02	7.79948e-05
187.04	7.62343e-05
187.06	7.45102e-05
187.08	7.28219e-05
187.1	7.11687e-05
187.12	6.95502e-05
187.14	6.79656e-05
187.16	6.64145e-05
187.18	6.48962e-05
187.2	6.34101e-05
187.22	6.19557e-05
187.24	6.05325e-05
187.26	5.91398e-05
187.28	5.77771e-05
187.3	5.64439e-05
187.32	5.51396e-05
187.34	5.38637e-05
187.36	5.26157e-05
187.38	5.13949e-05
187.4	5.0201e-05
187.42	4.90334e-05
187.44	4.78916e-05
187.46	4.67751e-05
187.48	4.56833e-05
187.5	4.46159e-05
187.52	4.35724e-05
187.54	4.25522e-05
187.56	4.15549e-05
187.58	4.05801e-05
187.6	3.96272e-05
187.62	3.8696e-05
187.64	3.77858e-05
187.66	3.68963e-05
187.68	3.6027e-05
187.7	3.51776e-05
187.72	3.43477e-05
187.74	3.35367e-05
187.76	3.27444e-05
187.78	3.19703e-05
187.8	3.1214e-05
187.82	3.04753e-05
187.84	2.97536e-05
187.86	2.90486e-05
187.88	2.836e-05
187.9	2.76875e-05
187.92	2.70306e-05
187.94	2.6389e-05
187.96	2.57625e-05
187.98	2.51506e-05
188	2.4553e-05
188.02	2.39695e-05
188.04	2.33997e-05
188.06	2.28433e-05
188.08	2.23e-05
188.1	2.17696e-05
188.12	2.12517e-05
188.14	2.0746e-05
188.16	2.02524e-05
188.18	1.97704e-05
188.2	1.92999e-05
188.22	1.88405e-05
188.24	1.83921e-05
188.26	1.79544e-05
188.28	1.75271e-05
188.3	1.711e-05
188.32	1.67029e-05
188.34	1.63055e-05
188.36	1.59176e-05
188.38	1.5539e-05
188.4	1.51694e-05
188.42	1.48088e-05
188.44	1.44567e-05
188.46	1.41132e-05
188.48	1.37778e-05
188.5	1.34506e-05
188.52	1.31312e-05
188.54	1.28195e-05
188.56	1.25153e-05
188.58	1.22184e-05
188.6	1.19287e-05
188.62	1.16459e-05
188.64	1.137e-05
188.66	1.11007e-05
188.68	1.0838e-05
188.7	1.05815e-05
188.72	1.03313e-05
188.74	1.00871e-05
188.76	9.84879e-06
188.78	9.61625e-06
188.8	9.38933e-06
188.82	9.16789e-06
188.84	8.9518e-06
188.86	8.74093e-06
188.88	8.53516e-06
188.9	8.33437e-06
188.92	8.13842e-06
188.94	7.94722e-06
188.96	7.76063e-06
188.98	7.57855e-06
189	7.40087e-06
189.02	7.22749e-06
189.04	7.05829e-06
189.06	6.89318e-06
189.08	6.73205e-06
189.1	6.57482e-06
189.12	6.42138e-06
189.14	6.27164e-06
189.16	6.12552e-06
189.18	5.98292e-06
189.2	5.84376e-06
189.22	5.70795e-06
189.24	5.57542e-06
189.26	5.44608e-06
189.28	5.31985e-06
189.3	5.19666e-06
189.32	5.07643e-06
189.34	4.95909e-06
189.36	4.84457e-06
189.38	4.73281e-06
189.4	4.62373e-06
189.42	4.51726e-06
189.44	4.41335e-06
189.46	4.31193e-06
189.48	4.21294e-06
189.5	4.11632e-06
189.52	4.02201e-06
189.54	3.92996e-06
189.56	3.84011e-06
189.58	3.7524e-06
189.6	3.66679e-06
189.62	3.58322e-06
189.64	3.50164e-06
189.66	3.42201e-06
189.68	3.34427e-06
189.7	3.26838e-06
189.72	3.19429e-06
189.74	3.12196e-06
189.76	3.05135e-06
189.78	2.98242e-06
189.8	2.91511e-06
189.82	2.8494e-06
189.84	2.78525e-06
189.86	2.72261e-06
189.88	2.66145e-06
189.9	2.60174e-06
189.92	2.54343e-06
189.94	2.4865e-06
189.96	2.4309e-06
189.98	2.37662e-06
190	2.32361e-06
190.02	2.27184e-06
190.04	2.22129e-06
190.06	2.17192e-06
190.08	2.12371e-06
190.1	2.07662e-06
190.12	2.03064e-06
190.14	1.98573e-06
190.16	1.94186e-06
190.18	1.89902e-06
190.2	1.85718e-06
190.22	1.81631e-06
190.24	1.77638e-06
190.26	1.73739e-06
190.28	1.6993e-06
190.3	1.66209e-06
190.32	1.62574e-06
190.34	1.59023e-06
190.36	1.55554e-06
190.38	1.52165e-06
190.4	1.48855e-06
190.42	1.4562e-06
190.44	1.4246e-06
190.46	1.39372e-06
190.48	1.36355e-06
190.5	1.33407e-06
190.52	1.30527e-06
190.54	1.27713e-06
190.56	1.24962e-06
190.58	1.22275e-06
190.6	1.19649e-06
190.62	1.17082e-06
190.64	1.14574e-06
190.66	1.12123e-06
190.68	1.09728e-06
190.7	1.07387e-06
190.72	1.05099e-06
190.74	1.02862e-06
190.76	1.00676e-06
190.78	9.85399e-07
190.8	9.64515e-07
190.82	9.44102e-07
190.84	9.24147e-07
190.86	9.04641e-07
190.88	8.85572e-07
190.9	8.66931e-07
190.92	8.48707e-07
190.94	8.30891e-07
190.96	8.13472e-07
190.98	7.96442e-07
191	7.79792e-07
191.02	7.63512e-07
191.04	7.47595e-07
191.06	7.3203e-07
191.08	7.16811e-07
191.1	7.01929e-07
191.12	6.87377e-07
191.14	6.73146e-07
191.16	6.5923e-07
191.18	6.4562e-07
191.2	6.3231e-07
191.22	6.19293e-07
191.24	6.06562e-07
191.26	5.94111e-07
191.28	5.81932e-07
191.3	5.7002e-07
191.32	5.58369e-07
191.34	5.46972e-07
191.36	5.35824e-07
191.38	5.24919e-07
191.4	5.14251e-07
191.42	5.03816e-07
191.44	4.93607e-07
191.46	4.83619e-07
191.48	4.73848e-07
191.5	4.64288e-07
191.52	4.54935e-07
191.54	4.45784e-07
191.56	4.3683e-07
191.58	4.28069e-07
191.6	4.19497e-07
191.62	4.11108e-07
191.64	4.029e-07
191.66	3.94868e-07
191.68	3.87007e-07
191.7	3.79315e-07
191.72	3.71787e-07
191.74	3.64419e-07
191.76	3.57209e-07
191.78	3.50152e-07
191.8	3.43245e-07
191.82	3.36484e-07
191.84	3.29867e-07
191.86	3.2339e-07
191.88	3.1705e-07
191.9	3.10844e-07
191.92	3.04769e-07
191.94	2.98822e-07
191.96	2.93e-07
191.98	2.87301e-07
192	2.81721e-07
192.02	2.76258e-07
192.04	2.7091e-07
192.06	2.65673e-07
192.08	2.60546e-07
192.1	2.55526e-07
192.12	2.50611e-07
192.14	2.45798e-07
192.16	2.41084e-07
192.18	2.36469e-07
192.2	2.3195e-07
192.22	2.27524e-07
192.24	2.2319e-07
192.26	2.18945e-07
192.28	2.14788e-07
192.3	2.10716e-07
192.32	2.06729e-07
192.34	2.02823e-07
192.36	1.98997e-07
192.38	1.9525e-07
192.4	1.9158e-07
192.42	1.87985e-07
192.44	1.84463e-07
192.46	1.81013e-07
192.48	1.77634e-07
192.5	1.74323e-07
192.52	1.71079e-07
192.54	1.67902e-07
192.56	1.64788e-07
192.58	1.61738e-07
192.6	1.5875e-07
192.62	1.55822e-07
192.64	1.52953e-07
192.66	1.50141e-07
192.68	1.47387e-07
192.7	1.44687e-07
192.72	1.42042e-07
192.74	1.3945e-07
192.76	1.3691e-07
192.78	1.3442e-07
192.8	1.31981e-07
192.82	1.2959e-07
192.84	1.27246e-07
192.86	1.24949e-07
192.88	1.22698e-07
192.9	1.20492e-07
192.92	1.18329e-07
192.94	1.16209e-07
192.96	1.14131e-07
192.98	1.12094e-07
193	1.10097e-07
193.02	1.08139e-07
193.04	1.0622e-07
193.06	1.04338e-07
193.08	1.02494e-07
193.1	1.00685e-07
193.12	9.89124e-08
193.14	9.71739e-08
193.16	9.54694e-08
193.18	9.3798e-08
193.2	9.21592e-08
193.22	9.05521e-08
193.24	8.89763e-08
193.26	8.74309e-08
193.28	8.59155e-08
193.3	8.44294e-08
193.32	8.29719e-08
193.34	8.15425e-08
193.36	8.01406e-08
193.38	7.87656e-08
193.4	7.7417e-08
193.42	7.60943e-08
193.44	7.47968e-08
193.46	7.35242e-08
193.48	7.22758e-08
193.5	7.10512e-08
193.52	6.98499e-08
193.54	6.86714e-08
193.56	6.75154e-08
193.58	6.63812e-08
193.6	6.52684e-08
193.62	6.41767e-08
193.64	6.31056e-08
193.66	6.20547e-08
193.68	6.10235e-08
193.7	6.00117e-08
193.72	5.90189e-08
193.74	5.80446e-08
193.76	5.70887e-08
193.78	5.61505e-08
193.8	5.52299e-08
193.82	5.43264e-08
193.84	5.34397e-08
193.86	5.25695e-08
193.88	5.17154e-08
193.9	5.08772e-08
193.92	5.00544e-08
193.94	4.92468e-08
193.96	4.84542e-08
193.98	4.7676e-08
194	4.69123e-08
194.02	4.61625e-08
194.04	4.54264e-08
194.06	4.47038e-08
194.08	4.39945e-08
194.1	4.3298e-08
194.12	4.26143e-08
194.14	4.1943e-08
194.16	4.12838e-08
194.18	4.06366e-08
194.2	4.00012e-08
194.22	3.93772e-08
194.24	3.87645e-08
194.26	3.81628e-08
194.28	3.75719e-08
194.3	3.69917e-08
194.32	3.64218e-08
194.34	3.58622e-08
194.36	3.53126e-08
194.38	3.47728e-08
194.4	3.42426e-08
194.42	3.37218e-08
194.44	3.32103e-08
194.46	3.27079e-08
194.48	3.22143e-08
194.5	3.17295e-08
194.52	3.12533e-08
194.54	3.07854e-08
194.56	3.03258e-08
194.58	2.98742e-08
194.6	2.94306e-08
194.62	2.89948e-08
194.64	2.85665e-08
194.66	2.81458e-08
194.68	2.77324e-08
194.7	2.73261e-08
194.72	2.6927e-08
194.74	2.65347e-08
194.76	2.61493e-08
194.78	2.57705e-08
194.8	2.53983e-08
194.82	2.50324e-08
194.84	2.46729e-08
194.86	2.43196e-08
194.88	2.39723e-08
194.9	2.36309e-08
194.92	2.32954e-08
194.94	2.29656e-08
194.96	2.26415e-08
194.98	2.23228e-08
195	2.20096e-08
195.02	2.17017e-08
195.04	2.1399e-08
195.06	2.11014e-08
195.08	2.08088e-08
195.1	2.05211e-08
195.12	2.02383e-08
195.14	1.99603e-08
195.16	1.96869e-08
195.18	1.94181e-08
195.2	1.91537e-08
195.22	1.88938e-08
195.24	1.86382e-08
195.26	1.83869e-08
195.28	1.81397e-08
195.3	1.78966e-08
195.32	1.76576e-08
195.34	1.74224e-08
195.36	1.71912e-08
195.38	1.69638e-08
195.4	1.67401e-08
195.42	1.65201e-08
195.44	1.63036e-08
195.46	1.60908e-08
195.48	1.58813e-08
195.5	1.56753e-08
195.52	1.54727e-08
195.54	1.52733e-08
195.56	1.50772e-08
195.58	1.48843e-08
195.6	1.46944e-08
195.62	1.45076e-08
195.64	1.43239e-08
195.66	1.41431e-08
195.68	1.39651e-08
195.7	1.37901e-08
195.72	1.36178e-08
195.74	1.34483e-08
195.76	1.32815e-08
195.78	1.31173e-08
195.8	1.29558e-08
195.82	1.27968e-08
195.84	1.26403e-08
195.86	1.24863e-08
195.88	1.23347e-08
195.9	1.21855e-08
195.92	1.20387e-08
195.94	1.18942e-08
195.96	1.17519e-08
195.98	1.16118e-08
196	1.1474e-08
196.02	1.13383e-08
196.04	1.12047e-08
196.06	1.10731e-08
196.08	1.09436e-08
196.1	1.08162e-08
196.12	1.06906e-08
196.14	1.05671e-08
196.16	1.04454e-08
196.18	1.03256e-08
196.2	1.02076e-08
196.22	1.00915e-08
196.24	9.97709e-09
196.26	9.86446e-09
196.28	9.75355e-09
196.3	9.64432e-09
196.32	9.53675e-09
196.34	9.43082e-09
196.36	9.32649e-09
196.38	9.22373e-09
196.4	9.12253e-09
196.42	9.02286e-09
196.44	8.92468e-09
196.46	8.82797e-09
196.48	8.73272e-09
196.5	8.63889e-09
196.52	8.54647e-09
196.54	8.45542e-09
196.56	8.36573e-09
196.58	8.27737e-09
196.6	8.19033e-09
196.62	8.10457e-09
196.64	8.02009e-09
196.66	7.93685e-09
196.68	7.85484e-09
196.7	7.77404e-09
196.72	7.69442e-09
196.74	7.61598e-09
196.76	7.53868e-09
196.78	7.46252e-09
196.8	7.38747e-09
196.82	7.31351e-09
196.84	7.24063e-09
196.86	7.16881e-09
196.88	7.09803e-09
196.9	7.02828e-09
196.92	6.95954e-09
196.94	6.89179e-09
196.96	6.82502e-09
196.98	6.75921e-09
197	6.69435e-09
197.02	6.63042e-09
197.04	6.56741e-09
197.06	6.5053e-09
197.08	6.44408e-09
197.1	6.38373e-09
197.12	6.32424e-09
197.14	6.2656e-09
197.16	6.2078e-09
197.18	6.15081e-09
197.2	6.09463e-09
197.22	6.03925e-09
197.24	5.98465e-09
197.26	5.93083e-09
197.28	5.87776e-09
197.3	5.82544e-09
197.32	5.77385e-09
197.34	5.72299e-09
197.36	5.67284e-09
197.38	5.6234e-09
197.4	5.57465e-09
197.42	5.52658e-09
197.44	5.47918e-09
197.46	5.43244e-09
197.48	5.38635e-09
197.5	5.3409e-09
197.52	5.29608e-09
197.54	5.25189e-09
197.56	5.20831e-09
197.58	5.16533e-09
197.6	5.12294e-09
197.62	5.08115e-09
197.64	5.03992e-09
197.66	4.99927e-09
197.68	4.95918e-09
197.7	4.91963e-09
197.72	4.88064e-09
197.74	4.84217e-09
197.76	4.80424e-09
197.78	4.76682e-09
197.8	4.72992e-09
197.82	4.69352e-09
197.84	4.65762e-09
197.86	4.62221e-09
197.88	4.58728e-09
197.9	4.55283e-09
197.92	4.51885e-09
197.94	4.48533e-09
197.96	4.45227e-09
197.98	4.41965e-09
198	4.38748e-09
198.02	4.35575e-09
198.04	4.32445e-09
198.06	4.29357e-09
198.08	4.26311e-09
198.1	4.23307e-09
198.12	4.20343e-09
198.14	4.17419e-09
198.16	4.14535e-09
198.18	4.1169e-09
198.2	4.08883e-09
198.22	4.06115e-09
198.24	4.03383e-09
198.26	4.00689e-09
198.28	3.98031e-09
198.3	3.95409e-09
198.32	3.92823e-09
198.34	3.90271e-09
198.36	3.87754e-09
198.38	3.85271e-09
198.4	3.82822e-09
198.42	3.80406e-09
198.44	3.78022e-09
198.46	3.75671e-09
198.48	3.73351e-09
198.5	3.71063e-09
198.52	3.68806e-09
198.54	3.66579e-09
198.56	3.64383e-09
198.58	3.62216e-09
198.6	3.60079e-09
198.62	3.57971e-09
198.64	3.55891e-09
198.66	3.5384e-09
198.68	3.51817e-09
198.7	3.49821e-09
198.72	3.47853e-09
198.74	3.45911e-09
198.76	3.43996e-09
198.78	3.42107e-09
198.8	3.40244e-09
198.82	3.38406e-09
198.84	3.36594e-09
198.86	3.34807e-09
198.88	3.33044e-09
198.9	3.31306e-09
198.92	3.29591e-09
198.94	3.27901e-09
198.96	3.26233e-09
198.98	3.24589e-09
199	3.22968e-09
199.02	3.2137e-09
199.04	3.19794e-09
199.06	3.1824e-09
199.08	3.16707e-09
199.1	3.15197e-09
199.12	3.13707e-09
199.14	3.12239e-09
199.16	3.10792e-09
199.18	3.09365e-09
199.2	3.07958e-09
199.22	3.06572e-09
199.24	3.05206e-09
199.26	3.03859e-09
199.28	3.02532e-09
199.3	3.01224e-09
199.32	2.99935e-09
199.34	2.98664e-09
199.36	2.97413e-09
199.38	2.9618e-09
199.4	2.94965e-09
199.42	2.93768e-09
199.44	2.92589e-09
199.46	2.91428e-09
199.48	2.90284e-09
199.5	2.89157e-09
199.52	2.88048e-09
199.54	2.86956e-09
199.56	2.8588e-09
199.58	2.84821e-09
199.6	2.83778e-09
199.62	2.82752e-09
199.64	2.81741e-09
199.66	2.80747e-09
199.68	2.79768e-09
199.7	2.78805e-09
199.72	2.77858e-09
199.74	2.76926e-09
199.76	2.76009e-09
199.78	2.75107e-09
199.8	2.7422e-09
199.82	2.73348e-09
199.84	2.72491e-09
199.86	2.71648e-09
199.88	2.70819e-09
199.9	2.70005e-09
199.92	2.69205e-09
199.94	2.68419e-09
199.96	2.67647e-09
199.98	2.66888e-09
200	2.66144e-09
200.02	2.65413e-09
200.04	2.64695e-09
200.06	2.63991e-09
200.08	2.63299e-09
200.1	2.62621e-09
200.12	2.61957e-09
200.14	2.61305e-09
200.16	2.60665e-09
200.18	2.60039e-09
200.2	2.59425e-09
200.22	2.58824e-09
200.24	2.58235e-09
200.26	2.57659e-09
200.28	2.57095e-09
200.3	2.56543e-09
200.32	2.56003e-09
200.34	2.55475e-09
200.36	2.5496e-09
200.38	2.54456e-09
200.4	2.53964e-09
200.42	2.53483e-09
200.44	2.53015e-09
200.46	2.52558e-09
200.48	2.52112e-09
200.5	2.51678e-09
200.52	2.51256e-09
200.54	2.50845e-09
200.56	2.50445e-09
200.58	2.50056e-09
200.6	2.49678e-09
200.62	2.49312e-09
200.64	2.48956e-09
200.66	2.48612e-09
200.68	2.48279e-09
200.7	2.47956e-09
200.72	2.47645e-09
200.74	2.47344e-09
200.76	2.47054e-09
200.78	2.46774e-09
200.8	2.46506e-09
200.82	2.46248e-09
200.84	2.46e-09
200.86	2.45763e-09
200.88	2.45537e-09
200.9	2.45321e-09
200.92	2.45116e-09
200.94	2.44921e-09
200.96	2.44737e-09
200.98	2.44563e-09
201	2.44399e-09
201.02	2.44246e-09
201.04	2.44103e-09
201.06	2.4397e-09
201.08	2.43848e-09
201.1	2.43736e-09
201.12	2.43634e-09
201.14	2.43542e-09
201.16	2.4346e-09
201.18	2.43389e-09
201.2	2.43328e-09
201.22	2.43277e-09
201.24	2.43236e-09
201.26	2.43206e-09
201.28	2.43186e-09
201.3	2.43175e-09
201.32	2.43175e-09
201.34	2.43185e-09
201.36	2.43206e-09
201.38	2.43236e-09
201.4	2.43277e-09
201.42	2.43328e-09
201.44	2.43389e-09
201.46	2.4346e-09
201.48	2.43541e-09
201.5	2.43633e-09
201.52	2.43735e-09
201.54	2.43847e-09
201.56	2.43969e-09
201.58	2.44102e-09
201.6	2.44245e-09
201.62	2.44398e-09
201.64	2.44562e-09
201.66	2.44736e-09
201.68	2.4492e-09
201.7	2.45115e-09
201.72	2.45321e-09
201.74	2.45537e-09
201.76	2.45763e-09
201.78	2.46e-09
201.8	2.46248e-09
201.82	2.46506e-09
201.84	2.46775e-09
201.86	2.47055e-09
201.88	2.47345e-09
201.9	2.47647e-09
201.92	2.47959e-09
201.94	2.48282e-09
201.96	2.48616e-09
201.98	2.48961e-09
202	2.49318e-09
202.02	2.49685e-09
202.04	2.50064e-09
202.06	2.50454e-09
202.08	2.50855e-09
202.1	2.51267e-09
202.12	2.51692e-09
202.14	2.52127e-09
202.16	2.52575e-09
202.18	2.53034e-09
202.2	2.53505e-09
202.22	2.53987e-09
202.24	2.54482e-09
202.26	2.54989e-09
202.28	2.55507e-09
202.3	2.56038e-09
202.32	2.56582e-09
202.34	2.57138e-09
202.36	2.57706e-09
202.38	2.58287e-09
202.4	2.5888e-09
202.42	2.59487e-09
202.44	2.60106e-09
202.46	2.60738e-09
202.48	2.61384e-09
202.5	2.62042e-09
202.52	2.62715e-09
202.54	2.634e-09
202.56	2.641e-09
202.58	2.64813e-09
202.6	2.6554e-09
202.62	2.66281e-09
202.64	2.67036e-09
202.66	2.67806e-09
202.68	2.6859e-09
202.7	2.69389e-09
202.72	2.70202e-09
202.74	2.71031e-09
202.76	2.71874e-09
202.78	2.72733e-09
202.8	2.73608e-09
202.82	2.74498e-09
202.84	2.75404e-09
202.86	2.76326e-09
202.88	2.77264e-09
202.9	2.78218e-09
202.92	2.7919e-09
202.94	2.80178e-09
202.96	2.81183e-09
202.98	2.82205e-09
203	2.83245e-09
203.02	2.84302e-09
203.04	2.85378e-09
203.06	2.86471e-09
203.08	2.87583e-09
203.1	2.88714e-09
203.12	2.89863e-09
203.14	2.91032e-09
203.16	2.9222e-09
203.18	2.93428e-09
203.2	2.94656e-09
203.22	2.95904e-09
203.24	2.97173e-09
203.26	2.98463e-09
203.28	2.99774e-09
203.3	3.01107e-09
203.32	3.02462e-09
203.34	3.03838e-09
203.36	3.05238e-09
203.38	3.0666e-09
203.4	3.08106e-09
203.42	3.09575e-09
203.44	3.11069e-09
203.46	3.12587e-09
203.48	3.1413e-09
203.5	3.15699e-09
203.52	3.17293e-09
203.54	3.18913e-09
203.56	3.2056e-09
203.58	3.22235e-09
203.6	3.23937e-09
203.62	3.25667e-09
203.64	3.27426e-09
203.66	3.29214e-09
203.68	3.31032e-09
203.7	3.3288e-09
203.72	3.34759e-09
203.74	3.3667e-09
203.76	3.38613e-09
203.78	3.40588e-09
203.8	3.42598e-09
203.82	3.44641e-09
203.84	3.46719e-09
203.86	3.48833e-09
203.88	3.50983e-09
203.9	3.5317e-09
203.92	3.55395e-09
203.94	3.57659e-09
203.96	3.59962e-09
203.98	3.62306e-09
204	3.64691e-09
204.02	3.67118e-09
204.04	3.69589e-09
204.06	3.72104e-09
204.08	3.74665e-09
204.1	3.77272e-09
204.12	3.79927e-09
204.14	3.8263e-09
204.16	3.85384e-09
204.18	3.88189e-09
204.2	3.91046e-09
204.22	3.93958e-09
204.24	3.96925e-09
204.26	3.99949e-09
204.28	4.03031e-09
204.3	4.06174e-09
204.32	4.09378e-09
204.34	4.12646e-09
204.36	4.1598e-09
204.38	4.19381e-09
204.4	4.22851e-09
204.42	4.26393e-09
204.44	4.30009e-09
204.46	4.33701e-09
204.48	4.37472e-09
204.5	4.41324e-09
204.52	4.4526e-09
204.54	4.49283e-09
204.56	4.53396e-09
204.58	4.57602e-09
204.6	4.61904e-09
204.62	4.66307e-09
204.64	4.70814e-09
204.66	4.75429e-09
204.68	4.80157e-09
204.7	4.85002e-09
204.72	4.89969e-09
204.74	4.95064e-09
204.76	5.00292e-09
204.78	5.0566e-09
204.8	5.11174e-09
204.82	5.16842e-09
204.84	5.22671e-09
204.86	5.28671e-09
204.88	5.3485e-09
204.9	5.4122e-09
204.92	5.4779e-09
204.94	5.54576e-09
204.96	5.6159e-09
204.98	5.68849e-09
205	5.7637e-09
205.02	5.84176e-09
205.04	5.92289e-09
205.06	6.00738e-09
205.08	6.09555e-09
205.1	6.18779e-09
205.12	6.28459e-09
205.14	6.38652e-09
205.16	6.49435e-09
205.18	6.60907e-09
205.2	6.73203e-09
205.22	6.86517e-09
205.24	7.01146e-09
205.26	7.17602e-09
205.28	7.36886e-09
205.3	7.61419e-09
205.32	7.98912e-09
205.34	8.88167e-09
205.36	1.1747e-08
205.38	2.07068e-08
205.4	4.80595e-08
205.42	1.30274e-07
205.44	3.5215e-07
205.46	8.82675e-07
205.48	2.05856e-06
205.5	4.50863e-06
205.52	9.2107e-06
205.54	1.73574e-05
205.56	2.99502e-05
205.58	4.72718e-05
205.6	6.87891e-05
205.62	9.35562e-05
205.64	0.000120577
205.66	0.000148953
205.68	0.000177929
205.7	0.000206911
205.72	0.000235457
205.74	0.000263257
205.76	0.000290106
205.78	0.000315872
205.8	0.00034048
205.82	0.000363893
205.84	0.000386101
205.86	0.000407114
205.88	0.000426952
205.9	0.000445646
205.92	0.000463231
205.94	0.000479743
205.96	0.000495224
205.98	0.000509711
206	0.000523243
206.02	0.000535859
206.04	0.000547595
206.06	0.000558487
206.08	0.000568569
206.1	0.000577874
206.12	0.000586434
206.14	0.000594279
206.16	0.000601439
206.18	0.000607941
206.2	0.000613812
206.22	0.000619078
206.24	0.000623765
206.26	0.000627896
206.28	0.000631495
206.3	0.000634583
206.32	0.000637183
206.34	0.000639314
206.36	0.000640998
206.38	0.000642252
206.4	0.000643096
206.42	0.000643548
206.44	0.000643624
206.46	0.000643341
206.48	0.000642716
206.5	0.000641763
206.52	0.000640497
206.54	0.000638933
206.56	0.000637084
206.58	0.000634963
206.6	0.000632584
206.62	0.000629959
206.64	0.000627099
206.66	0.000624016
206.68	0.000620721
206.7	0.000617224
206.72	0.000613537
206.74	0.000609668
206.76	0.000605626
206.78	0.000601423
206.8	0.000597065
206.82	0.000592563
206.84	0.000587923
206.86	0.000583155
206.88	0.000578265
206.9	0.000573261
206.92	0.00056815
206.94	0.00056294
206.96	0.000557637
206.98	0.000552247
207	0.000546777
207.02	0.000541233
207.04	0.00053562
207.06	0.000529945
207.08	0.000524212
207.1	0.000518427
207.12	0.000512596
207.14	0.000506722
207.16	0.000500811
207.18	0.000494868
207.2	0.000488897
207.22	0.000482901
207.24	0.000476886
207.26	0.000470856
207.28	0.000464814
207.3	0.000458763
207.32	0.000452708
207.34	0.000446652
207.36	0.000440599
207.38	0.000434551
207.4	0.000428512
207.42	0.000422485
207.44	0.000416472
207.46	0.000410476
207.48	0.000404501
207.5	0.000398548
207.52	0.000392619
207.54	0.000386719
207.56	0.000380847
207.58	0.000375008
207.6	0.000369202
207.62	0.000363432
207.64	0.000357699
207.66	0.000352005
207.68	0.000346353
207.7	0.000340743
207.72	0.000335177
207.74	0.000329656
207.76	0.000324183
207.78	0.000318757
207.8	0.000313381
207.82	0.000308055
207.84	0.00030278
207.86	0.000297558
207.88	0.000292389
207.9	0.000287275
207.92	0.000282215
207.94	0.000277211
207.96	0.000272263
207.98	0.000267371
208	0.000262538
208.02	0.000257762
208.04	0.000253044
208.06	0.000248385
208.08	0.000243785
208.1	0.000239244
208.12	0.000234763
208.14	0.000230341
208.16	0.000225978
208.18	0.000221676
208.2	0.000217433
208.22	0.000213251
208.24	0.000209128
208.26	0.000205065
208.28	0.000201061
208.3	0.000197117
208.32	0.000193232
208.34	0.000189406
208.36	0.00018564
208.38	0.000181931
208.4	0.000178282
208.42	0.00017469
208.44	0.000171155
208.46	0.000167679
208.48	0.000164259
208.5	0.000160895
208.52	0.000157588
208.54	0.000154336
208.56	0.00015114
208.58	0.000147998
208.6	0.000144911
208.62	0.000141877
208.64	0.000138897
208.66	0.000135969
208.68	0.000133094
208.7	0.00013027
208.72	0.000127497
208.74	0.000124775
208.76	0.000122102
208.78	0.000119479
208.8	0.000116905
208.82	0.000114379
208.84	0.0001119
208.86	0.000109468
208.88	0.000107083
208.9	0.000104743
208.92	0.000102448
208.94	0.000100198
208.96	9.79919e-05
208.98	9.58289e-05
209	9.37084e-05
209.02	9.16299e-05
209.04	8.95929e-05
209.06	8.75965e-05
209.08	8.56403e-05
209.1	8.37236e-05
209.12	8.18458e-05
209.14	8.00062e-05
209.16	7.82043e-05
209.18	7.64395e-05
209.2	7.47111e-05
209.22	7.30186e-05
209.24	7.13614e-05
209.26	6.97387e-05
209.28	6.81502e-05
209.3	6.65951e-05
209.32	6.5073e-05
209.34	6.35831e-05
209.36	6.2125e-05
209.38	6.06981e-05
209.4	5.93019e-05
209.42	5.79357e-05
209.44	5.6599e-05
209.46	5.52913e-05
209.48	5.40121e-05
209.5	5.27607e-05
209.52	5.15368e-05
209.54	5.03397e-05
209.56	4.9169e-05
209.58	4.80242e-05
209.6	4.69047e-05
209.62	4.58101e-05
209.64	4.47398e-05
209.66	4.36935e-05
209.68	4.26705e-05
209.7	4.16706e-05
209.72	4.06931e-05
209.74	3.97377e-05
209.76	3.88039e-05
209.78	3.78912e-05
209.8	3.69993e-05
209.82	3.61277e-05
209.84	3.5276e-05
209.86	3.44437e-05
209.88	3.36305e-05
209.9	3.2836e-05
209.92	3.20598e-05
209.94	3.13015e-05
209.96	3.05607e-05
209.98	2.9837e-05
210	2.91301e-05
210.02	2.84396e-05
210.04	2.77651e-05
210.06	2.71064e-05
210.08	2.6463e-05
210.1	2.58347e-05
210.12	2.52211e-05
210.14	2.46219e-05
210.16	2.40367e-05
210.18	2.34653e-05
210.2	2.29074e-05
210.22	2.23626e-05
210.24	2.18306e-05
210.26	2.13113e-05
210.28	2.08042e-05
210.3	2.03091e-05
210.32	1.98258e-05
210.34	1.93539e-05
210.36	1.88933e-05
210.38	1.84436e-05
210.4	1.80046e-05
210.42	1.75761e-05
210.44	1.71579e-05
210.46	1.67496e-05
210.48	1.6351e-05
210.5	1.5962e-05
210.52	1.55823e-05
210.54	1.52117e-05
210.56	1.485e-05
210.58	1.4497e-05
210.6	1.41524e-05
210.62	1.38162e-05
210.64	1.3488e-05
210.66	1.31677e-05
210.68	1.28551e-05
210.7	1.255e-05
210.72	1.22523e-05
210.74	1.19617e-05
210.76	1.16781e-05
210.78	1.14014e-05
210.8	1.11314e-05
210.82	1.08679e-05
210.84	1.06107e-05
210.86	1.03598e-05
210.88	1.01149e-05
210.9	9.87587e-06
210.92	9.64267e-06
210.94	9.41509e-06
210.96	9.19302e-06
210.98	8.97631e-06
211	8.76484e-06
211.02	8.55848e-06
211.04	8.35711e-06
211.06	8.1606e-06
211.08	7.96885e-06
211.1	7.78173e-06
211.12	7.59913e-06
211.14	7.42094e-06
211.16	7.24706e-06
211.18	7.07738e-06
211.2	6.9118e-06
211.22	6.75021e-06
211.24	6.59253e-06
211.26	6.43865e-06
211.28	6.28849e-06
211.3	6.14195e-06
211.32	5.99894e-06
211.34	5.85939e-06
211.36	5.72319e-06
211.38	5.59028e-06
211.4	5.46057e-06
211.42	5.33399e-06
211.44	5.21045e-06
211.46	5.08988e-06
211.48	4.97221e-06
211.5	4.85737e-06
211.52	4.74529e-06
211.54	4.6359e-06
211.56	4.52913e-06
211.58	4.42493e-06
211.6	4.32322e-06
211.62	4.22395e-06
211.64	4.12706e-06
211.66	4.03249e-06
211.68	3.94018e-06
211.7	3.85007e-06
211.72	3.76212e-06
211.74	3.67627e-06
211.76	3.59246e-06
211.78	3.51066e-06
211.8	3.4308e-06
211.82	3.35284e-06
211.84	3.27674e-06
211.86	3.20245e-06
211.88	3.12992e-06
211.9	3.05911e-06
211.92	2.98999e-06
211.94	2.9225e-06
211.96	2.85661e-06
211.98	2.79228e-06
212	2.72947e-06
212.02	2.66814e-06
212.04	2.60826e-06
212.06	2.54979e-06
212.08	2.4927e-06
212.1	2.43696e-06
212.12	2.38252e-06
212.14	2.32937e-06
212.16	2.27746e-06
212.18	2.22677e-06
212.2	2.17727e-06
212.22	2.12892e-06
212.24	2.08171e-06
212.26	2.0356e-06
212.28	1.99057e-06
212.3	1.94659e-06
212.32	1.90363e-06
212.34	1.86167e-06
212.36	1.82069e-06
212.38	1.78066e-06
212.4	1.74156e-06
212.42	1.70337e-06
212.44	1.66606e-06
212.46	1.62961e-06
212.48	1.59401e-06
212.5	1.55923e-06
212.52	1.52525e-06
212.54	1.49205e-06
212.56	1.45962e-06
212.58	1.42794e-06
212.6	1.39698e-06
212.62	1.36673e-06
212.64	1.33717e-06
212.66	1.3083e-06
212.68	1.28008e-06
212.7	1.2525e-06
212.72	1.22556e-06
212.74	1.19923e-06
212.76	1.1735e-06
212.78	1.14835e-06
212.8	1.12378e-06
212.82	1.09976e-06
212.84	1.07629e-06
212.86	1.05335e-06
212.88	1.03093e-06
212.9	1.00902e-06
212.92	9.87596e-07
212.94	9.66658e-07
212.96	9.46193e-07
212.98	9.26187e-07
213	9.06631e-07
213.02	8.87514e-07
213.04	8.68826e-07
213.06	8.50556e-07
213.08	8.32695e-07
213.1	8.15232e-07
213.12	7.9816e-07
213.14	7.81467e-07
213.16	7.65147e-07
213.18	7.49189e-07
213.2	7.33586e-07
213.22	7.18329e-07
213.24	7.03411e-07
213.26	6.88822e-07
213.28	6.74556e-07
213.3	6.60605e-07
213.32	6.46962e-07
213.34	6.3362e-07
213.36	6.20571e-07
213.38	6.07808e-07
213.4	5.95327e-07
213.42	5.83118e-07
213.44	5.71178e-07
213.46	5.59498e-07
213.48	5.48074e-07
213.5	5.36899e-07
213.52	5.25968e-07
213.54	5.15274e-07
213.56	5.04814e-07
213.58	4.9458e-07
213.6	4.84569e-07
213.62	4.74774e-07
213.64	4.65192e-07
213.66	4.55817e-07
213.68	4.46644e-07
213.7	4.37669e-07
213.72	4.28887e-07
213.74	4.20295e-07
213.76	4.11887e-07
213.78	4.03659e-07
213.8	3.95608e-07
213.82	3.8773e-07
213.84	3.80019e-07
213.86	3.72474e-07
213.88	3.6509e-07
213.9	3.57862e-07
213.92	3.50789e-07
213.94	3.43866e-07
213.96	3.37091e-07
213.98	3.30458e-07
214	3.23967e-07
214.02	3.17612e-07
214.04	3.11392e-07
214.06	3.05304e-07
214.08	2.99343e-07
214.1	2.93508e-07
214.12	2.87796e-07
214.14	2.82204e-07
214.16	2.76729e-07
214.18	2.71369e-07
214.2	2.66121e-07
214.22	2.60982e-07
214.24	2.55951e-07
214.26	2.51025e-07
214.28	2.46201e-07
214.3	2.41478e-07
214.32	2.36853e-07
214.34	2.32324e-07
214.36	2.27888e-07
214.38	2.23545e-07
214.4	2.19291e-07
214.42	2.15125e-07
214.44	2.11045e-07
214.46	2.07048e-07
214.48	2.03134e-07
214.5	1.99301e-07
214.52	1.95546e-07
214.54	1.91868e-07
214.56	1.88265e-07
214.58	1.84736e-07
214.6	1.81279e-07
214.62	1.77893e-07
214.64	1.74575e-07
214.66	1.71325e-07
214.68	1.68141e-07
214.7	1.65021e-07
214.72	1.61965e-07
214.74	1.5897e-07
214.76	1.56036e-07
214.78	1.53161e-07
214.8	1.50344e-07
214.82	1.47584e-07
214.84	1.44879e-07
214.86	1.42229e-07
214.88	1.39632e-07
214.9	1.37087e-07
214.92	1.34592e-07
214.94	1.32148e-07
214.96	1.29752e-07
214.98	1.27404e-07
215	1.25103e-07
215.02	1.22847e-07
215.04	1.20637e-07
215.06	1.1847e-07
215.08	1.16346e-07
215.1	1.14264e-07
215.12	1.12223e-07
215.14	1.10222e-07
215.16	1.08261e-07
215.18	1.06338e-07
215.2	1.04453e-07
215.22	1.02605e-07
215.24	1.00793e-07
215.26	9.9017e-08
215.28	9.72753e-08
215.3	9.55677e-08
215.32	9.38933e-08
215.34	9.22515e-08
215.36	9.06416e-08
215.38	8.9063e-08
215.4	8.75149e-08
215.42	8.59968e-08
215.44	8.4508e-08
215.46	8.3048e-08
215.48	8.1616e-08
215.5	8.02117e-08
215.52	7.88344e-08
215.54	7.74834e-08
215.56	7.61584e-08
215.58	7.48588e-08
215.6	7.3584e-08
215.62	7.23335e-08
215.64	7.11069e-08
215.66	6.99035e-08
215.68	6.87231e-08
215.7	6.75651e-08
215.72	6.64291e-08
215.74	6.53145e-08
215.76	6.4221e-08
215.78	6.31482e-08
215.8	6.20955e-08
215.82	6.10627e-08
215.84	6.00493e-08
215.86	5.90549e-08
215.88	5.80791e-08
215.9	5.71217e-08
215.92	5.61821e-08
215.94	5.526e-08
215.96	5.43551e-08
215.98	5.34671e-08
216	5.25955e-08
216.02	5.17402e-08
216.04	5.09007e-08
216.06	5.00767e-08
216.08	4.92679e-08
216.1	4.8474e-08
216.12	4.76948e-08
216.14	4.69299e-08
216.16	4.6179e-08
216.18	4.54419e-08
216.2	4.47183e-08
216.22	4.40079e-08
216.24	4.33105e-08
216.26	4.26257e-08
216.28	4.19535e-08
216.3	4.12934e-08
216.32	4.06454e-08
216.34	4.0009e-08
216.36	3.93842e-08
216.38	3.87707e-08
216.4	3.81682e-08
216.42	3.75765e-08
216.44	3.69955e-08
216.46	3.64249e-08
216.48	3.58646e-08
216.5	3.53142e-08
216.52	3.47737e-08
216.54	3.42428e-08
216.56	3.37214e-08
216.58	3.32093e-08
216.6	3.27062e-08
216.62	3.2212e-08
216.64	3.17266e-08
216.66	3.12498e-08
216.68	3.07814e-08
216.7	3.03212e-08
216.72	2.98691e-08
216.74	2.9425e-08
216.76	2.89886e-08
216.78	2.85599e-08
216.8	2.81387e-08
216.82	2.77248e-08
216.84	2.73181e-08
216.86	2.69185e-08
216.88	2.65258e-08
216.9	2.61399e-08
216.92	2.57608e-08
216.94	2.53881e-08
216.96	2.50219e-08
216.98	2.4662e-08
217	2.43083e-08
217.02	2.39606e-08
217.04	2.36189e-08
217.06	2.32831e-08
217.08	2.29529e-08
217.1	2.26285e-08
217.12	2.23095e-08
217.14	2.1996e-08
217.16	2.16877e-08
217.18	2.13847e-08
217.2	2.10869e-08
217.22	2.0794e-08
217.24	2.05061e-08
217.26	2.0223e-08
217.28	1.99447e-08
217.3	1.96711e-08
217.32	1.9402e-08
217.34	1.91374e-08
217.36	1.88773e-08
217.38	1.86215e-08
217.4	1.83699e-08
217.42	1.81225e-08
217.44	1.78793e-08
217.46	1.764e-08
217.48	1.74047e-08
217.5	1.71733e-08
217.52	1.69457e-08
217.54	1.67218e-08
217.56	1.65016e-08
217.58	1.6285e-08
217.6	1.6072e-08
217.62	1.58624e-08
217.64	1.56563e-08
217.66	1.54535e-08
217.68	1.5254e-08
217.7	1.50577e-08
217.72	1.48646e-08
217.74	1.46746e-08
217.76	1.44877e-08
217.78	1.43039e-08
217.8	1.41229e-08
217.82	1.39449e-08
217.84	1.37697e-08
217.86	1.35973e-08
217.88	1.34277e-08
217.9	1.32608e-08
217.92	1.30966e-08
217.94	1.29349e-08
217.96	1.27758e-08
217.98	1.26193e-08
218	1.24652e-08
218.02	1.23135e-08
218.04	1.21642e-08
218.06	1.20173e-08
218.08	1.18727e-08
218.1	1.17304e-08
218.12	1.15902e-08
218.14	1.14523e-08
218.16	1.13165e-08
218.18	1.11829e-08
218.2	1.10513e-08
218.22	1.09217e-08
218.24	1.07942e-08
218.26	1.06686e-08
218.28	1.0545e-08
218.3	1.04233e-08
218.32	1.03034e-08
218.34	1.01854e-08
218.36	1.00692e-08
218.38	9.95478e-09
218.4	9.8421e-09
218.42	9.73115e-09
218.44	9.62188e-09
218.46	9.51428e-09
218.48	9.40831e-09
218.5	9.30394e-09
218.52	9.20115e-09
218.54	9.09992e-09
218.56	9.00021e-09
218.58	8.902e-09
218.6	8.80527e-09
218.62	8.70998e-09
218.64	8.61613e-09
218.66	8.52368e-09
218.68	8.43261e-09
218.7	8.34289e-09
218.72	8.25451e-09
218.74	8.16744e-09
218.76	8.08167e-09
218.78	7.99716e-09
218.8	7.91391e-09
218.82	7.83188e-09
218.84	7.75106e-09
218.86	7.67143e-09
218.88	7.59296e-09
218.9	7.51565e-09
218.92	7.43947e-09
218.94	7.36441e-09
218.96	7.29043e-09
218.98	7.21754e-09
219	7.14571e-09
219.02	7.07492e-09
219.04	7.00516e-09
219.06	6.9364e-09
219.08	6.86864e-09
219.1	6.80186e-09
219.12	6.73604e-09
219.14	6.67117e-09
219.16	6.60723e-09
219.18	6.54421e-09
219.2	6.48209e-09
219.22	6.42086e-09
219.24	6.3605e-09
219.26	6.30101e-09
219.28	6.24236e-09
219.3	6.18455e-09
219.32	6.12755e-09
219.34	6.07137e-09
219.36	6.01598e-09
219.38	5.96138e-09
219.4	5.90754e-09
219.42	5.85447e-09
219.44	5.80214e-09
219.46	5.75055e-09
219.48	5.69968e-09
219.5	5.64953e-09
219.52	5.60008e-09
219.54	5.55132e-09
219.56	5.50324e-09
219.58	5.45583e-09
219.6	5.40909e-09
219.62	5.36299e-09
219.64	5.31754e-09
219.66	5.27272e-09
219.68	5.22851e-09
219.7	5.18493e-09
219.72	5.14194e-09
219.74	5.09955e-09
219.76	5.05774e-09
219.78	5.01651e-09
219.8	4.97585e-09
219.82	4.93575e-09
219.84	4.8962e-09
219.86	4.85719e-09
219.88	4.81872e-09
219.9	4.78078e-09
219.92	4.74335e-09
219.94	4.70644e-09
219.96	4.67003e-09
219.98	4.63412e-09
220	4.5987e-09
220.02	4.56377e-09
220.04	4.52931e-09
220.06	4.49531e-09
220.08	4.46178e-09
220.1	4.42871e-09
220.12	4.39609e-09
220.14	4.36391e-09
220.16	4.33216e-09
220.18	4.30085e-09
220.2	4.26996e-09
220.22	4.23949e-09
220.24	4.20943e-09
220.26	4.17977e-09
220.28	4.15052e-09
220.3	4.12167e-09
220.32	4.0932e-09
220.34	4.06512e-09
220.36	4.03742e-09
220.38	4.01009e-09
220.4	3.98313e-09
220.42	3.95654e-09
220.44	3.9303e-09
220.46	3.90442e-09
220.48	3.87889e-09
220.5	3.8537e-09
220.52	3.82885e-09
220.54	3.80433e-09
220.56	3.78015e-09
220.58	3.75629e-09
220.6	3.73276e-09
220.62	3.70954e-09
220.64	3.68664e-09
220.66	3.66405e-09
220.68	3.64176e-09
220.7	3.61977e-09
220.72	3.59808e-09
220.74	3.57668e-09
220.76	3.55558e-09
220.78	3.53475e-09
220.8	3.51422e-09
220.82	3.49396e-09
220.84	3.47397e-09
220.86	3.45426e-09
220.88	3.43481e-09
220.9	3.41563e-09
220.92	3.39671e-09
220.94	3.37805e-09
220.96	3.35965e-09
220.98	3.34149e-09
221	3.32359e-09
221.02	3.30593e-09
221.04	3.28851e-09
221.06	3.27133e-09
221.08	3.25439e-09
221.1	3.23768e-09
221.12	3.22121e-09
221.14	3.20496e-09
221.16	3.18894e-09
221.18	3.17314e-09
221.2	3.15756e-09
221.22	3.14219e-09
221.24	3.12705e-09
221.26	3.11211e-09
221.28	3.09739e-09
221.3	3.08287e-09
221.32	3.06856e-09
221.34	3.05445e-09
221.36	3.04054e-09
221.38	3.02683e-09
221.4	3.01332e-09
221.42	3e-09
221.44	2.98687e-09
221.46	2.97393e-09
221.48	2.96118e-09
221.5	2.94862e-09
221.52	2.93624e-09
221.54	2.92403e-09
221.56	2.91201e-09
221.58	2.90017e-09
221.6	2.8885e-09
221.62	2.87701e-09
221.64	2.86569e-09
221.66	2.85454e-09
221.68	2.84355e-09
221.7	2.83274e-09
221.72	2.82209e-09
221.74	2.8116e-09
221.76	2.80127e-09
221.78	2.79111e-09
221.8	2.7811e-09
221.82	2.77125e-09
221.84	2.76156e-09
221.86	2.75202e-09
221.88	2.74263e-09
221.9	2.73339e-09
221.92	2.7243e-09
221.94	2.71536e-09
221.96	2.70657e-09
221.98	2.69793e-09
222	2.68942e-09
222.02	2.68106e-09
222.04	2.67285e-09
222.06	2.66477e-09
222.08	2.65683e-09
222.1	2.64903e-09
222.12	2.64137e-09
222.14	2.63384e-09
222.16	2.62645e-09
222.18	2.61919e-09
222.2	2.61206e-09
222.22	2.60506e-09
222.24	2.5982e-09
222.26	2.59146e-09
222.28	2.58485e-09
222.3	2.57837e-09
222.32	2.57202e-09
222.34	2.56579e-09
222.36	2.55968e-09
222.38	2.5537e-09
222.4	2.54784e-09
222.42	2.5421e-09
222.44	2.53648e-09
222.46	2.53099e-09
222.48	2.52561e-09
222.5	2.52035e-09
222.52	2.51521e-09
222.54	2.51018e-09
222.56	2.50527e-09
222.58	2.50048e-09
222.6	2.4958e-09
222.62	2.49123e-09
222.64	2.48678e-09
222.66	2.48244e-09
222.68	2.47821e-09
222.7	2.4741e-09
222.72	2.47009e-09
222.74	2.4662e-09
222.76	2.46241e-09
222.78	2.45873e-09
222.8	2.45517e-09
222.82	2.45171e-09
222.84	2.44835e-09
222.86	2.44511e-09
222.88	2.44197e-09
222.9	2.43894e-09
222.92	2.43601e-09
222.94	2.43319e-09
222.96	2.43047e-09
222.98	2.42786e-09
223	2.42535e-09
223.02	2.42294e-09
223.04	2.42064e-09
223.06	2.41844e-09
223.08	2.41634e-09
223.1	2.41435e-09
223.12	2.41246e-09
223.14	2.41067e-09
223.16	2.40898e-09
223.18	2.40739e-09
223.2	2.4059e-09
223.22	2.40452e-09
223.24	2.40323e-09
223.26	2.40205e-09
223.28	2.40096e-09
223.3	2.39998e-09
223.32	2.39909e-09
223.34	2.39831e-09
223.36	2.39762e-09
223.38	2.39703e-09
223.4	2.39655e-09
223.42	2.39616e-09
223.44	2.39587e-09
223.46	2.39568e-09
223.48	2.39559e-09
223.5	2.3956e-09
223.52	2.39571e-09
223.54	2.39592e-09
223.56	2.39623e-09
223.58	2.39663e-09
223.6	2.39714e-09
223.62	2.39775e-09
223.64	2.39845e-09
223.66	2.39926e-09
223.68	2.40016e-09
223.7	2.40117e-09
223.72	2.40227e-09
223.74	2.40347e-09
223.76	2.40478e-09
223.78	2.40619e-09
223.8	2.40769e-09
223.82	2.4093e-09
223.84	2.41101e-09
223.86	2.41282e-09
223.88	2.41473e-09
223.9	2.41675e-09
223.92	2.41886e-09
223.94	2.42108e-09
223.96	2.42341e-09
223.98	2.42583e-09
224	2.42836e-09
224.02	2.431e-09
224.04	2.43374e-09
224.06	2.43658e-09
224.08	2.43953e-09
224.1	2.44259e-09
224.12	2.44575e-09
224.14	2.44902e-09
224.16	2.4524e-09
224.18	2.45589e-09
224.2	2.45948e-09
224.22	2.46318e-09
224.24	2.467e-09
224.26	2.47092e-09
224.28	2.47496e-09
224.3	2.4791e-09
224.32	2.48336e-09
224.34	2.48774e-09
224.36	2.49222e-09
224.38	2.49682e-09
224.4	2.50154e-09
224.42	2.50637e-09
224.44	2.51133e-09
224.46	2.51639e-09
224.48	2.52158e-09
224.5	2.52689e-09
224.52	2.53232e-09
224.54	2.53787e-09
224.56	2.54354e-09
224.58	2.54933e-09
224.6	2.55525e-09
224.62	2.5613e-09
224.64	2.56747e-09
224.66	2.57377e-09
224.68	2.5802e-09
224.7	2.58676e-09
224.72	2.59346e-09
224.74	2.60028e-09
224.76	2.60724e-09
224.78	2.61433e-09
224.8	2.62156e-09
224.82	2.62893e-09
224.84	2.63643e-09
224.86	2.64408e-09
224.88	2.65187e-09
224.9	2.6598e-09
224.92	2.66788e-09
224.94	2.67611e-09
224.96	2.68448e-09
224.98	2.69301e-09
225	2.70168e-09
225.02	2.71051e-09
225.04	2.7195e-09
225.06	2.72864e-09
225.08	2.73794e-09
225.1	2.7474e-09
225.12	2.75702e-09
225.14	2.76681e-09
225.16	2.77677e-09
225.18	2.7869e-09
225.2	2.79719e-09
225.22	2.80766e-09
225.24	2.81831e-09
225.26	2.82913e-09
225.28	2.84014e-09
225.3	2.85133e-09
225.32	2.8627e-09
225.34	2.87426e-09
225.36	2.88602e-09
225.38	2.89796e-09
225.4	2.9101e-09
225.42	2.92245e-09
225.44	2.93499e-09
225.46	2.94774e-09
225.48	2.9607e-09
225.5	2.97386e-09
225.52	2.98725e-09
225.54	3.00085e-09
225.56	3.01467e-09
225.58	3.02872e-09
225.6	3.043e-09
225.62	3.05751e-09
225.64	3.07225e-09
225.66	3.08724e-09
225.68	3.10246e-09
225.7	3.11794e-09
225.72	3.13367e-09
225.74	3.14966e-09
225.76	3.16591e-09
225.78	3.18242e-09
225.8	3.19921e-09
225.82	3.21627e-09
225.84	3.23361e-09
225.86	3.25124e-09
225.88	3.26916e-09
225.9	3.28737e-09
225.92	3.30589e-09
225.94	3.32472e-09
225.96	3.34386e-09
225.98	3.36332e-09
226	3.38311e-09
226.02	3.40323e-09
226.04	3.42369e-09
226.06	3.4445e-09
226.08	3.46566e-09
226.1	3.48719e-09
226.12	3.50909e-09
226.14	3.53136e-09
226.16	3.55402e-09
226.18	3.57708e-09
226.2	3.60054e-09
226.22	3.62441e-09
226.24	3.6487e-09
226.26	3.67343e-09
226.28	3.6986e-09
226.3	3.72422e-09
226.32	3.75031e-09
226.34	3.77687e-09
226.36	3.80392e-09
226.38	3.83146e-09
226.4	3.85952e-09
226.42	3.88811e-09
226.44	3.91723e-09
226.46	3.94691e-09
226.48	3.97716e-09
226.5	4.00799e-09
226.52	4.03942e-09
226.54	4.07146e-09
226.56	4.10415e-09
226.58	4.13749e-09
226.6	4.1715e-09
226.62	4.2062e-09
226.64	4.24162e-09
226.66	4.27777e-09
226.68	4.31469e-09
226.7	4.35239e-09
226.72	4.39091e-09
226.74	4.43026e-09
226.76	4.47048e-09
226.78	4.5116e-09
226.8	4.55365e-09
226.82	4.59667e-09
226.84	4.64069e-09
226.86	4.68575e-09
226.88	4.73188e-09
226.9	4.77915e-09
226.92	4.82758e-09
226.94	4.87724e-09
226.96	4.92818e-09
226.98	4.98044e-09
227	5.03411e-09
227.02	5.08923e-09
227.04	5.1459e-09
227.06	5.20418e-09
227.08	5.26416e-09
227.1	5.32594e-09
227.12	5.38962e-09
227.14	5.45532e-09
227.16	5.52316e-09
227.18	5.5933e-09
227.2	5.66588e-09
227.22	5.7411e-09
227.24	5.81917e-09
227.26	5.90031e-09
227.28	5.98482e-09
227.3	6.07303e-09
227.32	6.16533e-09
227.34	6.26219e-09
227.36	6.36423e-09
227.38	6.4722e-09
227.4	6.58711e-09
227.42	6.71034e-09
227.44	6.84387e-09
227.46	6.99077e-09
227.48	7.15633e-09
227.5	7.35107e-09
227.52	7.60082e-09
227.54	7.98968e-09
227.56	8.95285e-09
227.58	1.20558e-08
227.6	2.17003e-08
227.62	5.11896e-08
227.64	1.39425e-07
227.66	3.75455e-07
227.68	9.36189e-07
227.7	2.17406e-06
227.72	4.74134e-06
227.74	9.6376e-06
227.76	1.80593e-05
227.78	3.09755e-05
227.8	4.86098e-05
227.82	7.03859e-05
227.84	9.53456e-05
227.86	0.000122496
227.88	0.000150946
227.9	0.000179952
227.92	0.000208929
227.94	0.000237446
227.96	0.0002652
227.98	0.000291991
228	0.000317692
228.02	0.000342231
228.04	0.000365573
228.06	0.00038771
228.08	0.000408651
228.1	0.00042842
228.12	0.000447046
228.14	0.000464565
228.16	0.000481015
228.18	0.000496434
228.2	0.000510862
228.22	0.000524337
228.24	0.000536899
228.26	0.000548582
228.28	0.000559424
228.3	0.000569458
228.32	0.000578716
228.34	0.000587231
228.36	0.000595033
228.38	0.000602151
228.4	0.000608613
228.42	0.000614446
228.44	0.000619675
228.46	0.000624326
228.48	0.000628423
228.5	0.000631989
228.52	0.000635046
228.54	0.000637615
228.56	0.000639717
228.58	0.000641373
228.6	0.0006426
228.62	0.000643418
228.64	0.000643845
228.66	0.000643897
228.68	0.000643591
228.7	0.000642943
228.72	0.000641969
228.74	0.000640683
228.76	0.000639099
228.78	0.000637231
228.8	0.000635093
228.82	0.000632696
228.84	0.000630054
228.86	0.000627178
228.88	0.00062408
228.9	0.00062077
228.92	0.000617259
228.94	0.000613558
228.96	0.000609675
228.98	0.000605622
229	0.000601406
229.02	0.000597037
229.04	0.000592523
229.06	0.000587873
229.08	0.000583095
229.1	0.000578195
229.12	0.000573182
229.14	0.000568063
229.16	0.000562844
229.18	0.000557533
229.2	0.000552136
229.22	0.000546658
229.24	0.000541107
229.26	0.000535488
229.28	0.000529806
229.3	0.000524067
229.32	0.000518277
229.34	0.00051244
229.36	0.000506561
229.38	0.000500646
229.4	0.000494698
229.42	0.000488722
229.44	0.000482723
229.46	0.000476705
229.48	0.00047067
229.5	0.000464625
229.52	0.000458571
229.54	0.000452514
229.56	0.000446455
229.58	0.0004404
229.6	0.00043435
229.62	0.000428309
229.64	0.000422279
229.66	0.000416265
229.68	0.000410268
229.7	0.000404291
229.72	0.000398337
229.74	0.000392408
229.76	0.000386507
229.78	0.000380635
229.8	0.000374795
229.82	0.000368989
229.84	0.000363218
229.86	0.000357485
229.88	0.000351792
229.9	0.00034614
229.92	0.00034053
229.94	0.000334965
229.96	0.000329445
229.98	0.000323972
230	0.000318547
230.02	0.000313171
230.04	0.000307846
230.06	0.000302573
230.08	0.000297352
230.1	0.000292184
230.12	0.000287071
230.14	0.000282012
230.16	0.00027701
230.18	0.000272063
230.2	0.000267174
230.22	0.000262341
230.24	0.000257567
230.26	0.000252851
230.28	0.000248194
230.3	0.000243596
230.32	0.000239056
230.34	0.000234577
230.36	0.000230157
230.38	0.000225797
230.4	0.000221496
230.42	0.000217256
230.44	0.000213075
230.46	0.000208954
230.48	0.000204893
230.5	0.000200891
230.52	0.000196949
230.54	0.000193067
230.56	0.000189243
230.58	0.000185478
230.6	0.000181772
230.62	0.000178124
230.64	0.000174535
230.66	0.000171003
230.68	0.000167528
230.7	0.00016411
230.72	0.000160749
230.74	0.000157444
230.76	0.000154194
230.78	0.000151
230.8	0.000147861
230.82	0.000144775
230.84	0.000141744
230.86	0.000138766
230.88	0.00013584
230.9	0.000132967
230.92	0.000130145
230.94	0.000127374
230.96	0.000124654
230.98	0.000121983
231	0.000119362
231.02	0.00011679
231.04	0.000114266
231.06	0.000111789
231.08	0.000109359
231.1	0.000106976
231.12	0.000104638
231.14	0.000102345
231.16	0.000100097
231.18	9.78923e-05
231.2	9.57311e-05
231.22	9.36124e-05
231.24	9.15358e-05
231.26	8.95004e-05
231.28	8.75058e-05
231.3	8.55513e-05
231.32	8.36363e-05
231.34	8.17602e-05
231.36	7.99223e-05
231.38	7.8122e-05
231.4	7.63588e-05
231.42	7.4632e-05
231.44	7.29411e-05
231.46	7.12853e-05
231.48	6.96642e-05
231.5	6.80772e-05
231.52	6.65236e-05
231.54	6.50029e-05
231.56	6.35144e-05
231.58	6.20578e-05
231.6	6.06322e-05
231.62	5.92373e-05
231.64	5.78725e-05
231.66	5.65371e-05
231.68	5.52307e-05
231.7	5.39527e-05
231.72	5.27027e-05
231.74	5.14799e-05
231.76	5.02841e-05
231.78	4.91146e-05
231.8	4.79709e-05
231.82	4.68525e-05
231.84	4.5759e-05
231.86	4.46899e-05
231.88	4.36446e-05
231.9	4.26227e-05
231.92	4.16238e-05
231.94	4.06474e-05
231.96	3.9693e-05
231.98	3.87601e-05
232	3.78484e-05
232.02	3.69575e-05
232.04	3.60868e-05
232.06	3.5236e-05
232.08	3.44046e-05
232.1	3.35923e-05
232.12	3.27987e-05
232.14	3.20233e-05
232.16	3.12658e-05
232.18	3.05257e-05
232.2	2.98028e-05
232.22	2.90967e-05
232.24	2.8407e-05
232.26	2.77333e-05
232.28	2.70753e-05
232.3	2.64326e-05
232.32	2.5805e-05
232.34	2.51921e-05
232.36	2.45935e-05
232.38	2.4009e-05
232.4	2.34383e-05
232.42	2.28809e-05
232.44	2.23367e-05
232.46	2.18054e-05
232.48	2.12866e-05
232.5	2.07801e-05
232.52	2.02856e-05
232.54	1.98028e-05
232.56	1.93315e-05
232.58	1.88714e-05
232.6	1.84222e-05
232.62	1.79838e-05
232.64	1.75557e-05
232.66	1.71379e-05
232.68	1.67301e-05
232.7	1.6332e-05
232.72	1.59435e-05
232.74	1.55642e-05
232.76	1.51941e-05
232.78	1.48328e-05
232.8	1.44802e-05
232.82	1.4136e-05
232.84	1.38001e-05
232.86	1.34723e-05
232.88	1.31524e-05
232.9	1.28401e-05
232.92	1.25354e-05
232.94	1.2238e-05
232.96	1.19478e-05
232.98	1.16646e-05
233	1.13882e-05
233.02	1.11185e-05
233.04	1.08553e-05
233.06	1.05984e-05
233.08	1.03477e-05
233.1	1.01031e-05
233.12	9.86442e-06
233.14	9.63149e-06
233.16	9.40418e-06
233.18	9.18237e-06
233.2	8.96591e-06
233.22	8.75469e-06
233.24	8.54858e-06
233.26	8.34744e-06
233.28	8.15117e-06
233.3	7.95964e-06
233.32	7.77274e-06
233.34	7.59035e-06
233.36	7.41238e-06
233.38	7.2387e-06
233.4	7.06922e-06
233.42	6.90383e-06
233.44	6.74244e-06
233.46	6.58494e-06
233.48	6.43125e-06
233.5	6.28126e-06
233.52	6.1349e-06
233.54	5.99206e-06
233.56	5.85267e-06
233.58	5.71663e-06
233.6	5.58388e-06
233.62	5.45432e-06
233.64	5.32788e-06
233.66	5.20449e-06
233.68	5.08406e-06
233.7	4.96653e-06
233.72	4.85183e-06
233.74	4.73988e-06
233.76	4.63061e-06
233.78	4.52397e-06
233.8	4.41989e-06
233.82	4.31831e-06
233.84	4.21915e-06
233.86	4.12238e-06
233.88	4.02791e-06
233.9	3.93571e-06
233.92	3.84571e-06
233.94	3.75786e-06
233.96	3.67211e-06
233.98	3.58841e-06
234	3.50669e-06
234.02	3.42693e-06
234.04	3.34907e-06
234.06	3.27305e-06
234.08	3.19885e-06
234.1	3.1264e-06
234.12	3.05568e-06
234.14	2.98663e-06
234.16	2.91922e-06
234.18	2.85341e-06
234.2	2.78915e-06
234.22	2.72641e-06
234.24	2.66516e-06
234.26	2.60535e-06
234.28	2.54695e-06
234.3	2.48992e-06
234.32	2.43424e-06
234.34	2.37987e-06
234.36	2.32677e-06
234.38	2.27493e-06
234.4	2.22429e-06
234.42	2.17485e-06
234.44	2.12656e-06
234.46	2.0794e-06
234.48	2.03335e-06
234.5	1.98837e-06
234.52	1.94443e-06
234.54	1.90153e-06
234.56	1.85962e-06
234.58	1.81868e-06
234.6	1.7787e-06
234.62	1.73964e-06
234.64	1.70149e-06
234.66	1.66423e-06
234.68	1.62782e-06
234.7	1.59226e-06
234.72	1.55752e-06
234.74	1.52358e-06
234.76	1.49042e-06
234.78	1.45802e-06
234.8	1.42637e-06
234.82	1.39545e-06
234.84	1.36523e-06
234.86	1.33571e-06
234.88	1.30687e-06
234.9	1.27868e-06
234.92	1.25114e-06
234.94	1.22422e-06
234.96	1.19792e-06
234.98	1.17222e-06
235	1.1471e-06
235.02	1.12256e-06
235.04	1.09857e-06
235.06	1.07512e-06
235.08	1.05221e-06
235.1	1.02981e-06
235.12	1.00792e-06
235.14	9.86524e-07
235.16	9.6561e-07
235.18	9.45167e-07
235.2	9.25184e-07
235.22	9.05649e-07
235.24	8.86553e-07
235.26	8.67885e-07
235.28	8.49635e-07
235.3	8.31794e-07
235.32	8.14351e-07
235.34	7.97297e-07
235.36	7.80623e-07
235.38	7.6432e-07
235.4	7.4838e-07
235.42	7.32794e-07
235.44	7.17554e-07
235.46	7.02651e-07
235.48	6.88079e-07
235.5	6.73828e-07
235.52	6.59892e-07
235.54	6.46264e-07
235.56	6.32936e-07
235.58	6.19901e-07
235.6	6.07153e-07
235.62	5.94684e-07
235.64	5.8249e-07
235.66	5.70562e-07
235.68	5.58895e-07
235.7	5.47483e-07
235.72	5.3632e-07
235.74	5.254e-07
235.76	5.14719e-07
235.78	5.04269e-07
235.8	4.94047e-07
235.82	4.84046e-07
235.84	4.74262e-07
235.86	4.6469e-07
235.88	4.55325e-07
235.9	4.46162e-07
235.92	4.37196e-07
235.94	4.28424e-07
235.96	4.19841e-07
235.98	4.11442e-07
236	4.03223e-07
236.02	3.9518e-07
236.04	3.8731e-07
236.06	3.79608e-07
236.08	3.72071e-07
236.1	3.64694e-07
236.12	3.57475e-07
236.14	3.50409e-07
236.16	3.43493e-07
236.18	3.36725e-07
236.2	3.301e-07
236.22	3.23615e-07
236.24	3.17267e-07
236.26	3.11054e-07
236.28	3.04972e-07
236.3	2.99017e-07
236.32	2.93189e-07
236.34	2.87482e-07
236.36	2.81896e-07
236.38	2.76427e-07
236.4	2.71072e-07
236.42	2.6583e-07
236.44	2.60697e-07
236.46	2.55671e-07
236.48	2.5075e-07
236.5	2.45931e-07
236.52	2.41213e-07
236.54	2.36593e-07
236.56	2.32068e-07
236.58	2.27637e-07
236.6	2.23298e-07
236.62	2.19049e-07
236.64	2.14887e-07
236.66	2.10811e-07
236.68	2.06819e-07
236.7	2.0291e-07
236.72	1.9908e-07
236.74	1.95329e-07
236.76	1.91655e-07
236.78	1.88056e-07
236.8	1.84531e-07
236.82	1.81077e-07
236.84	1.77694e-07
236.86	1.7438e-07
236.88	1.71133e-07
236.9	1.67952e-07
236.92	1.64836e-07
236.94	1.61783e-07
236.96	1.58791e-07
236.98	1.5586e-07
237	1.52989e-07
237.02	1.50175e-07
237.04	1.47417e-07
237.06	1.44715e-07
237.08	1.42068e-07
237.1	1.39473e-07
237.12	1.3693e-07
237.14	1.34439e-07
237.16	1.31997e-07
237.18	1.29604e-07
237.2	1.27258e-07
237.22	1.24959e-07
237.24	1.22706e-07
237.26	1.20498e-07
237.28	1.18333e-07
237.3	1.16211e-07
237.32	1.14131e-07
237.34	1.12093e-07
237.36	1.10094e-07
237.38	1.08135e-07
237.4	1.06214e-07
237.42	1.04331e-07
237.44	1.02485e-07
237.46	1.00675e-07
237.48	9.89005e-08
237.5	9.71607e-08
237.52	9.54549e-08
237.54	9.37822e-08
237.56	9.21422e-08
237.58	9.05339e-08
237.6	8.89569e-08
237.62	8.74104e-08
237.64	8.58939e-08
237.66	8.44067e-08
237.68	8.29482e-08
237.7	8.15178e-08
237.72	8.01149e-08
237.74	7.8739e-08
237.76	7.73895e-08
237.78	7.60659e-08
237.8	7.47676e-08
237.82	7.34941e-08
237.84	7.2245e-08
237.86	7.10196e-08
237.88	6.98176e-08
237.9	6.86384e-08
237.92	6.74816e-08
237.94	6.63467e-08
237.96	6.52333e-08
237.98	6.4141e-08
238	6.30693e-08
238.02	6.20177e-08
238.04	6.0986e-08
238.06	5.99737e-08
238.08	5.89803e-08
238.1	5.80056e-08
238.12	5.70491e-08
238.14	5.61105e-08
238.16	5.51894e-08
238.18	5.42855e-08
238.2	5.33984e-08
238.22	5.25278e-08
238.24	5.16733e-08
238.26	5.08347e-08
238.28	5.00116e-08
238.3	4.92036e-08
238.32	4.84106e-08
238.34	4.76322e-08
238.36	4.68681e-08
238.38	4.6118e-08
238.4	4.53817e-08
238.42	4.46589e-08
238.44	4.39493e-08
238.46	4.32526e-08
238.48	4.25686e-08
238.5	4.1897e-08
238.52	4.12377e-08
238.54	4.05903e-08
238.56	3.99547e-08
238.58	3.93305e-08
238.6	3.87176e-08
238.62	3.81158e-08
238.64	3.75248e-08
238.66	3.69444e-08
238.68	3.63744e-08
238.7	3.58147e-08
238.72	3.52649e-08
238.74	3.4725e-08
238.76	3.41947e-08
238.78	3.36738e-08
238.8	3.31622e-08
238.82	3.26597e-08
238.84	3.21661e-08
238.86	3.16812e-08
238.88	3.12049e-08
238.9	3.0737e-08
238.92	3.02773e-08
238.94	2.98257e-08
238.96	2.93821e-08
238.98	2.89462e-08
239	2.85179e-08
239.02	2.80972e-08
239.04	2.76837e-08
239.06	2.72775e-08
239.08	2.68783e-08
239.1	2.64861e-08
239.12	2.61006e-08
239.14	2.57219e-08
239.16	2.53496e-08
239.18	2.49838e-08
239.2	2.46243e-08
239.22	2.4271e-08
239.24	2.39237e-08
239.26	2.35824e-08
239.28	2.32469e-08
239.3	2.29172e-08
239.32	2.2593e-08
239.34	2.22744e-08
239.36	2.19612e-08
239.38	2.16534e-08
239.4	2.13507e-08
239.42	2.10532e-08
239.44	2.07606e-08
239.46	2.0473e-08
239.48	2.01903e-08
239.5	1.99123e-08
239.52	1.9639e-08
239.54	1.93702e-08
239.56	1.91059e-08
239.58	1.88461e-08
239.6	1.85906e-08
239.62	1.83393e-08
239.64	1.80922e-08
239.66	1.78492e-08
239.68	1.76102e-08
239.7	1.73752e-08
239.72	1.7144e-08
239.74	1.69167e-08
239.76	1.6693e-08
239.78	1.64731e-08
239.8	1.62568e-08
239.82	1.6044e-08
239.84	1.58346e-08
239.86	1.56287e-08
239.88	1.54262e-08
239.9	1.52269e-08
239.92	1.50308e-08
239.94	1.4838e-08
239.96	1.46482e-08
239.98	1.44615e-08
240	1.42779e-08
240.02	1.40971e-08
240.04	1.39193e-08
240.06	1.37444e-08
240.08	1.35722e-08
240.1	1.34028e-08
240.12	1.3236e-08
240.14	1.3072e-08
240.16	1.29105e-08
240.18	1.27516e-08
240.2	1.25952e-08
240.22	1.24413e-08
240.24	1.22898e-08
240.26	1.21407e-08
240.28	1.1994e-08
240.3	1.18495e-08
240.32	1.17074e-08
240.34	1.15674e-08
240.36	1.14296e-08
240.38	1.1294e-08
240.4	1.11605e-08
240.42	1.10291e-08
240.44	1.08997e-08
240.46	1.07723e-08
240.48	1.06469e-08
240.5	1.05234e-08
240.52	1.04018e-08
240.54	1.02821e-08
240.56	1.01642e-08
240.58	1.00482e-08
240.6	9.93388e-09
240.62	9.82134e-09
240.64	9.71052e-09
240.66	9.60138e-09
240.68	9.4939e-09
240.7	9.38806e-09
240.72	9.28382e-09
240.74	9.18115e-09
240.76	9.08003e-09
240.78	8.98044e-09
240.8	8.88235e-09
240.82	8.78573e-09
240.84	8.69057e-09
240.86	8.59682e-09
240.88	8.50448e-09
240.9	8.41352e-09
240.92	8.32391e-09
240.94	8.23563e-09
240.96	8.14867e-09
240.98	8.063e-09
241	7.97859e-09
241.02	7.89543e-09
241.04	7.8135e-09
241.06	7.73278e-09
241.08	7.65324e-09
241.1	7.57487e-09
241.12	7.49765e-09
241.14	7.42156e-09
241.16	7.34659e-09
241.18	7.2727e-09
241.2	7.19989e-09
241.22	7.12815e-09
241.24	7.05744e-09
241.26	6.98776e-09
241.28	6.91909e-09
241.3	6.85141e-09
241.32	6.7847e-09
241.34	6.71896e-09
241.36	6.65417e-09
241.38	6.5903e-09
241.4	6.52736e-09
241.42	6.46531e-09
241.44	6.40415e-09
241.46	6.34386e-09
241.48	6.28444e-09
241.5	6.22586e-09
241.52	6.16811e-09
241.54	6.11118e-09
241.56	6.05506e-09
241.58	5.99974e-09
241.6	5.9452e-09
241.62	5.89142e-09
241.64	5.83841e-09
241.66	5.78614e-09
241.68	5.73461e-09
241.7	5.6838e-09
241.72	5.6337e-09
241.74	5.58431e-09
241.76	5.5356e-09
241.78	5.48758e-09
241.8	5.44022e-09
241.82	5.39353e-09
241.84	5.34749e-09
241.86	5.30208e-09
241.88	5.25731e-09
241.9	5.21315e-09
241.92	5.16961e-09
241.94	5.12667e-09
241.96	5.08433e-09
241.98	5.04257e-09
242	5.00138e-09
242.02	4.96076e-09
242.04	4.9207e-09
242.06	4.8812e-09
242.08	4.84223e-09
242.1	4.8038e-09
242.12	4.76589e-09
242.14	4.72851e-09
242.16	4.69163e-09
242.18	4.65526e-09
242.2	4.61939e-09
242.22	4.584e-09
242.24	4.5491e-09
242.26	4.51467e-09
242.28	4.48071e-09
242.3	4.44721e-09
242.32	4.41417e-09
242.34	4.38158e-09
242.36	4.34943e-09
242.38	4.31771e-09
242.4	4.28642e-09
242.42	4.25556e-09
242.44	4.22512e-09
242.46	4.19508e-09
242.48	4.16546e-09
242.5	4.13623e-09
242.52	4.1074e-09
242.54	4.07896e-09
242.56	4.0509e-09
242.58	4.02322e-09
242.6	3.99591e-09
242.62	3.96897e-09
242.64	3.9424e-09
242.66	3.91618e-09
242.68	3.89032e-09
242.7	3.8648e-09
242.72	3.83963e-09
242.74	3.8148e-09
242.76	3.7903e-09
242.78	3.76613e-09
242.8	3.74229e-09
242.82	3.71877e-09
242.84	3.69557e-09
242.86	3.67268e-09
242.88	3.6501e-09
242.9	3.62782e-09
242.92	3.60584e-09
242.94	3.58416e-09
242.96	3.56277e-09
242.98	3.54168e-09
243	3.52086e-09
243.02	3.50033e-09
243.04	3.48008e-09
243.06	3.4601e-09
243.08	3.44039e-09
243.1	3.42095e-09
243.12	3.40178e-09
243.14	3.38286e-09
243.16	3.36421e-09
243.18	3.3458e-09
243.2	3.32765e-09
243.22	3.30975e-09
243.24	3.29209e-09
243.26	3.27467e-09
243.28	3.25749e-09
243.3	3.24055e-09
243.32	3.22384e-09
243.34	3.20737e-09
243.36	3.19112e-09
243.38	3.17509e-09
243.4	3.15929e-09
243.42	3.1437e-09
243.44	3.12834e-09
243.46	3.11318e-09
243.48	3.09824e-09
243.5	3.08351e-09
243.52	3.06899e-09
243.54	3.05467e-09
243.56	3.04055e-09
243.58	3.02664e-09
243.6	3.01292e-09
243.62	2.99939e-09
243.64	2.98606e-09
243.66	2.97292e-09
243.68	2.95997e-09
243.7	2.94721e-09
243.72	2.93463e-09
243.74	2.92224e-09
243.76	2.91002e-09
243.78	2.89798e-09
243.8	2.88613e-09
243.82	2.87444e-09
243.84	2.86293e-09
243.86	2.85159e-09
243.88	2.84042e-09
243.9	2.82942e-09
243.92	2.81859e-09
243.94	2.80792e-09
243.96	2.79741e-09
243.98	2.78706e-09
244	2.77687e-09
244.02	2.76685e-09
244.04	2.75697e-09
244.06	2.74725e-09
244.08	2.73769e-09
244.1	2.72828e-09
244.12	2.71902e-09
244.14	2.7099e-09
244.16	2.70094e-09
244.18	2.69212e-09
244.2	2.68344e-09
244.22	2.67491e-09
244.24	2.66652e-09
244.26	2.65828e-09
244.28	2.65017e-09
244.3	2.6422e-09
244.32	2.63437e-09
244.34	2.62667e-09
244.36	2.61911e-09
244.38	2.61168e-09
244.4	2.60439e-09
244.42	2.59723e-09
244.44	2.59019e-09
244.46	2.58329e-09
244.48	2.57652e-09
244.5	2.56987e-09
244.52	2.56335e-09
244.54	2.55696e-09
244.56	2.55068e-09
244.58	2.54454e-09
244.6	2.53851e-09
244.62	2.53261e-09
244.64	2.52683e-09
244.66	2.52117e-09
244.68	2.51563e-09
244.7	2.5102e-09
244.72	2.5049e-09
244.74	2.49971e-09
244.76	2.49463e-09
244.78	2.48968e-09
244.8	2.48483e-09
244.82	2.4801e-09
244.84	2.47549e-09
244.86	2.47098e-09
244.88	2.46659e-09
244.9	2.46231e-09
244.92	2.45814e-09
244.94	2.45408e-09
244.96	2.45013e-09
244.98	2.44629e-09
245	2.44255e-09
245.02	2.43892e-09
245.04	2.43541e-09
245.06	2.43199e-09
245.08	2.42869e-09
245.1	2.42548e-09
245.12	2.42239e-09
245.14	2.4194e-09
245.16	2.41651e-09
245.18	2.41373e-09
245.2	2.41105e-09
245.22	2.40847e-09
245.24	2.406e-09
245.26	2.40362e-09
245.28	2.40135e-09
245.3	2.39918e-09
245.32	2.39712e-09
245.34	2.39515e-09
245.36	2.39329e-09
245.38	2.39152e-09
245.4	2.38986e-09
245.42	2.38829e-09
245.44	2.38683e-09
245.46	2.38546e-09
245.48	2.38419e-09
245.5	2.38303e-09
245.52	2.38196e-09
245.54	2.38099e-09
245.56	2.38012e-09
245.58	2.37934e-09
245.6	2.37867e-09
245.62	2.37809e-09
245.64	2.37761e-09
245.66	2.37723e-09
245.68	2.37695e-09
245.7	2.37677e-09
245.72	2.37668e-09
245.74	2.37669e-09
245.76	2.3768e-09
245.78	2.37701e-09
245.8	2.37731e-09
245.82	2.37772e-09
245.84	2.37822e-09
245.86	2.37882e-09
245.88	2.37952e-09
245.9	2.38031e-09
245.92	2.38121e-09
245.94	2.3822e-09
245.96	2.38329e-09
245.98	2.38448e-09
246	2.38577e-09
246.02	2.38716e-09
246.04	2.38865e-09
246.06	2.39024e-09
246.08	2.39193e-09
246.1	2.39372e-09
246.12	2.39561e-09
246.14	2.3976e-09
246.16	2.39969e-09
246.18	2.40188e-09
246.2	2.40417e-09
246.22	2.40657e-09
246.24	2.40907e-09
246.26	2.41167e-09
246.28	2.41437e-09
246.3	2.41718e-09
246.32	2.42009e-09
246.34	2.42311e-09
246.36	2.42623e-09
246.38	2.42946e-09
246.4	2.43279e-09
246.42	2.43623e-09
246.44	2.43978e-09
246.46	2.44343e-09
246.48	2.4472e-09
246.5	2.45107e-09
246.52	2.45505e-09
246.54	2.45914e-09
246.56	2.46334e-09
246.58	2.46766e-09
246.6	2.47209e-09
246.62	2.47663e-09
246.64	2.48128e-09
246.66	2.48605e-09
246.68	2.49093e-09
246.7	2.49593e-09
246.72	2.50105e-09
246.74	2.50628e-09
246.76	2.51163e-09
246.78	2.51711e-09
246.8	2.5227e-09
246.82	2.52842e-09
246.84	2.53425e-09
246.86	2.54022e-09
246.88	2.5463e-09
246.9	2.55252e-09
246.92	2.55886e-09
246.94	2.56532e-09
246.96	2.57192e-09
246.98	2.57865e-09
247	2.58551e-09
247.02	2.5925e-09
247.04	2.59962e-09
247.06	2.60689e-09
247.08	2.61429e-09
247.1	2.62182e-09
247.12	2.6295e-09
247.14	2.63732e-09
247.16	2.64528e-09
247.18	2.65339e-09
247.2	2.66164e-09
247.22	2.67004e-09
247.24	2.67858e-09
247.26	2.68728e-09
247.28	2.69613e-09
247.3	2.70514e-09
247.32	2.7143e-09
247.34	2.72362e-09
247.36	2.7331e-09
247.38	2.74274e-09
247.4	2.75255e-09
247.42	2.76252e-09
247.44	2.77266e-09
247.46	2.78297e-09
247.48	2.79346e-09
247.5	2.80411e-09
247.52	2.81495e-09
247.54	2.82597e-09
247.56	2.83716e-09
247.58	2.84854e-09
247.6	2.86011e-09
247.62	2.87187e-09
247.64	2.88382e-09
247.66	2.89597e-09
247.68	2.90831e-09
247.7	2.92086e-09
247.72	2.93361e-09
247.74	2.94656e-09
247.76	2.95973e-09
247.78	2.97311e-09
247.8	2.98671e-09
247.82	3.00052e-09
247.84	3.01457e-09
247.86	3.02884e-09
247.88	3.04334e-09
247.9	3.05807e-09
247.92	3.07304e-09
247.94	3.08826e-09
247.96	3.10373e-09
247.98	3.11944e-09
248	3.13541e-09
248.02	3.15164e-09
248.04	3.16814e-09
248.06	3.1849e-09
248.08	3.20194e-09
248.1	3.21926e-09
248.12	3.23686e-09
248.14	3.25476e-09
248.16	3.27294e-09
248.18	3.29143e-09
248.2	3.31023e-09
248.22	3.32934e-09
248.24	3.34877e-09
248.26	3.36852e-09
248.28	3.3886e-09
248.3	3.40903e-09
248.32	3.4298e-09
248.34	3.45092e-09
248.36	3.4724e-09
248.38	3.49425e-09
248.4	3.51648e-09
248.42	3.53909e-09
248.44	3.5621e-09
248.46	3.5855e-09
248.48	3.60932e-09
248.5	3.63355e-09
248.52	3.65822e-09
248.54	3.68333e-09
248.56	3.70888e-09
248.58	3.7349e-09
248.6	3.76139e-09
248.62	3.78837e-09
248.64	3.81584e-09
248.66	3.84382e-09
248.68	3.87233e-09
248.7	3.90137e-09
248.72	3.93096e-09
248.74	3.96111e-09
248.76	3.99185e-09
248.78	4.02318e-09
248.8	4.05513e-09
248.82	4.08771e-09
248.84	4.12094e-09
248.86	4.15484e-09
248.88	4.18943e-09
248.9	4.22473e-09
248.92	4.26076e-09
248.94	4.29755e-09
248.96	4.33512e-09
248.98	4.37349e-09
249	4.4127e-09
249.02	4.45278e-09
249.04	4.49374e-09
249.06	4.53563e-09
249.08	4.57848e-09
249.1	4.62232e-09
249.12	4.6672e-09
249.14	4.71315e-09
249.16	4.76021e-09
249.18	4.80844e-09
249.2	4.85789e-09
249.22	4.9086e-09
249.24	4.96063e-09
249.26	5.01404e-09
249.28	5.06891e-09
249.3	5.1253e-09
249.32	5.1833e-09
249.34	5.24298e-09
249.36	5.30444e-09
249.38	5.36778e-09
249.4	5.43313e-09
249.42	5.50059e-09
249.44	5.57033e-09
249.46	5.64248e-09
249.48	5.71724e-09
249.5	5.79481e-09
249.52	5.87542e-09
249.54	5.95935e-09
249.56	6.04691e-09
249.58	6.1385e-09
249.6	6.23459e-09
249.62	6.33574e-09
249.64	6.44269e-09
249.66	6.55642e-09
249.68	6.67824e-09
249.7	6.81e-09
249.72	6.9546e-09
249.74	7.11689e-09
249.76	7.30631e-09
249.78	7.54528e-09
249.8	7.9036e-09
249.82	8.72108e-09
249.84	1.13375e-08
249.86	1.95873e-08
249.88	4.47613e-08
249.9	1.20835e-07
249.92	3.28206e-07
249.94	8.27783e-07
249.96	1.94025e-06
249.98	4.27025e-06
250	8.77315e-06
250.02	1.66374e-05
250.04	2.88983e-05
250.06	4.59016e-05
250.08	6.71615e-05
250.1	9.1746e-05
250.12	0.000118655
250.14	0.00014698
250.16	0.000175955
250.18	0.000204972
250.2	0.000233581
250.22	0.000261462
250.24	0.000288402
250.26	0.000314267
250.28	0.000338977
250.3	0.000362492
250.32	0.000384802
250.34	0.000405915
250.36	0.00042585
250.38	0.000444639
250.4	0.000462314
250.42	0.000478915
250.44	0.000494479
250.46	0.000509047
250.48	0.000522657
250.5	0.000535347
250.52	0.000547154
250.54	0.000558115
250.56	0.000568262
250.58	0.000577629
250.6	0.000586249
250.62	0.000594151
250.64	0.000601365
250.66	0.000607919
250.68	0.00061384
250.7	0.000619154
250.72	0.000623886
250.74	0.00062806
250.76	0.0006317
250.78	0.000634827
250.8	0.000637464
250.82	0.000639632
250.84	0.000641349
250.86	0.000642636
250.88	0.00064351
250.9	0.000643991
250.92	0.000644094
250.94	0.000643838
250.96	0.000643237
250.98	0.000642307
251	0.000641064
251.02	0.00063952
251.04	0.000637691
251.06	0.000635589
251.08	0.000633228
251.1	0.000630619
251.12	0.000627774
251.14	0.000624705
251.16	0.000621424
251.18	0.000617939
251.2	0.000614263
251.22	0.000610405
251.24	0.000606373
251.26	0.000602179
251.28	0.00059783
251.3	0.000593335
251.32	0.000588702
251.34	0.000583939
251.36	0.000579055
251.38	0.000574056
251.4	0.00056895
251.42	0.000563743
251.44	0.000558443
251.46	0.000553056
251.48	0.000547588
251.5	0.000542045
251.52	0.000536433
251.54	0.000530758
251.56	0.000525026
251.58	0.000519241
251.6	0.000513408
251.62	0.000507534
251.64	0.000501621
251.66	0.000495676
251.68	0.000489702
251.7	0.000483704
251.72	0.000477687
251.74	0.000471653
251.76	0.000465607
251.78	0.000459552
251.8	0.000453493
251.82	0.000447433
251.84	0.000441375
251.86	0.000435322
251.88	0.000429278
251.9	0.000423245
251.92	0.000417227
251.94	0.000411226
251.96	0.000405244
251.98	0.000399285
252	0.000393351
252.02	0.000387443
252.04	0.000381566
252.06	0.000375719
252.08	0.000369907
252.1	0.000364129
252.12	0.00035839
252.14	0.000352689
252.16	0.000347029
252.18	0.000341412
252.2	0.000335838
252.22	0.00033031
252.24	0.000324829
252.26	0.000319396
252.28	0.000314012
252.3	0.000308678
252.32	0.000303396
252.34	0.000298166
252.36	0.000292989
252.38	0.000287867
252.4	0.000282799
252.42	0.000277787
252.44	0.000272831
252.46	0.000267932
252.48	0.000263091
252.5	0.000258307
252.52	0.000253581
252.54	0.000248914
252.56	0.000244306
252.58	0.000239758
252.6	0.000235268
252.62	0.000230839
252.64	0.000226469
252.66	0.000222159
252.68	0.000217909
252.7	0.000213718
252.72	0.000209588
252.74	0.000205517
252.76	0.000201506
252.78	0.000197555
252.8	0.000193663
252.82	0.00018983
252.84	0.000186056
252.86	0.00018234
252.88	0.000178683
252.9	0.000175085
252.92	0.000171544
252.94	0.00016806
252.96	0.000164633
252.98	0.000161263
253	0.000157949
253.02	0.000154691
253.04	0.000151488
253.06	0.00014834
253.08	0.000145246
253.1	0.000142207
253.12	0.00013922
253.14	0.000136286
253.16	0.000133405
253.18	0.000130575
253.2	0.000127796
253.22	0.000125068
253.24	0.00012239
253.26	0.000119761
253.28	0.000117181
253.3	0.00011465
253.32	0.000112166
253.34	0.000109729
253.36	0.000107338
253.38	0.000104993
253.4	0.000102693
253.42	0.000100438
253.44	9.82272e-05
253.46	9.60593e-05
253.48	9.39342e-05
253.5	9.18511e-05
253.52	8.98094e-05
253.54	8.78086e-05
253.56	8.58479e-05
253.58	8.39269e-05
253.6	8.20448e-05
253.62	8.02011e-05
253.64	7.83951e-05
253.66	7.66262e-05
253.68	7.48939e-05
253.7	7.31974e-05
253.72	7.15363e-05
253.74	6.991e-05
253.76	6.83177e-05
253.78	6.6759e-05
253.8	6.52333e-05
253.82	6.374e-05
253.84	6.22785e-05
253.86	6.08482e-05
253.88	5.94486e-05
253.9	5.80792e-05
253.92	5.67394e-05
253.94	5.54286e-05
253.96	5.41463e-05
253.98	5.2892e-05
254	5.16651e-05
254.02	5.04652e-05
254.04	4.92917e-05
254.06	4.81441e-05
254.08	4.70219e-05
254.1	4.59246e-05
254.12	4.48518e-05
254.14	4.38029e-05
254.16	4.27775e-05
254.18	4.17751e-05
254.2	4.07953e-05
254.22	3.98375e-05
254.24	3.89014e-05
254.26	3.79865e-05
254.28	3.70924e-05
254.3	3.62187e-05
254.32	3.53649e-05
254.34	3.45306e-05
254.36	3.37154e-05
254.38	3.29189e-05
254.4	3.21408e-05
254.42	3.13805e-05
254.44	3.06379e-05
254.46	2.99124e-05
254.48	2.92037e-05
254.5	2.85115e-05
254.52	2.78354e-05
254.54	2.7175e-05
254.56	2.65301e-05
254.58	2.59002e-05
254.6	2.5285e-05
254.62	2.46843e-05
254.64	2.40977e-05
254.66	2.35248e-05
254.68	2.29655e-05
254.7	2.24193e-05
254.72	2.1886e-05
254.74	2.13654e-05
254.76	2.0857e-05
254.78	2.03607e-05
254.8	1.98761e-05
254.82	1.94031e-05
254.84	1.89413e-05
254.86	1.84905e-05
254.88	1.80504e-05
254.9	1.76208e-05
254.92	1.72014e-05
254.94	1.67921e-05
254.96	1.63926e-05
254.98	1.60026e-05
255	1.56219e-05
255.02	1.52504e-05
255.04	1.48877e-05
255.06	1.45338e-05
255.08	1.41884e-05
255.1	1.38512e-05
255.12	1.35222e-05
255.14	1.32011e-05
255.16	1.28877e-05
255.18	1.25818e-05
255.2	1.22833e-05
255.22	1.1992e-05
255.24	1.17077e-05
255.26	1.14303e-05
255.28	1.11596e-05
255.3	1.08954e-05
255.32	1.06376e-05
255.34	1.0386e-05
255.36	1.01404e-05
255.38	9.90085e-06
255.4	9.66704e-06
255.42	9.43889e-06
255.44	9.21624e-06
255.46	8.99898e-06
255.48	8.78696e-06
255.5	8.58007e-06
255.52	8.37819e-06
255.54	8.18118e-06
255.56	7.98893e-06
255.58	7.80133e-06
255.6	7.61826e-06
255.62	7.43961e-06
255.64	7.26528e-06
255.66	7.09517e-06
255.68	6.92916e-06
255.7	6.76716e-06
255.72	6.60907e-06
255.74	6.4548e-06
255.76	6.30425e-06
255.78	6.15734e-06
255.8	6.01396e-06
255.82	5.87405e-06
255.84	5.7375e-06
255.86	5.60425e-06
255.88	5.47421e-06
255.9	5.3473e-06
255.92	5.22344e-06
255.94	5.10256e-06
255.96	4.98459e-06
255.98	4.86945e-06
256	4.75709e-06
256.02	4.64741e-06
256.04	4.54038e-06
256.06	4.4359e-06
256.08	4.33394e-06
256.1	4.23441e-06
256.12	4.13728e-06
256.14	4.04246e-06
256.16	3.94991e-06
256.18	3.85958e-06
256.2	3.7714e-06
256.22	3.68533e-06
256.24	3.60131e-06
256.26	3.5193e-06
256.28	3.43923e-06
256.3	3.36108e-06
256.32	3.28478e-06
256.34	3.2103e-06
256.36	3.13759e-06
256.38	3.0666e-06
256.4	2.9973e-06
256.42	2.92964e-06
256.44	2.86358e-06
256.46	2.79908e-06
256.48	2.73611e-06
256.5	2.67463e-06
256.52	2.6146e-06
256.54	2.55598e-06
256.56	2.49875e-06
256.58	2.44286e-06
256.6	2.38829e-06
256.62	2.335e-06
256.64	2.28296e-06
256.66	2.23214e-06
256.68	2.18251e-06
256.7	2.13404e-06
256.72	2.08671e-06
256.74	2.04049e-06
256.76	1.99534e-06
256.78	1.95125e-06
256.8	1.90818e-06
256.82	1.86612e-06
256.84	1.82504e-06
256.86	1.7849e-06
256.88	1.74571e-06
256.9	1.70742e-06
256.92	1.67001e-06
256.94	1.63348e-06
256.96	1.59778e-06
256.98	1.56292e-06
257	1.52885e-06
257.02	1.49557e-06
257.04	1.46306e-06
257.06	1.4313e-06
257.08	1.40026e-06
257.1	1.36994e-06
257.12	1.34031e-06
257.14	1.31136e-06
257.16	1.28307e-06
257.18	1.25543e-06
257.2	1.22841e-06
257.22	1.20202e-06
257.24	1.17622e-06
257.26	1.15102e-06
257.28	1.12638e-06
257.3	1.10231e-06
257.32	1.07878e-06
257.34	1.05578e-06
257.36	1.0333e-06
257.38	1.01133e-06
257.4	9.89859e-07
257.42	9.68871e-07
257.44	9.48354e-07
257.46	9.283e-07
257.48	9.08696e-07
257.5	8.89532e-07
257.52	8.70797e-07
257.54	8.52482e-07
257.56	8.34577e-07
257.58	8.17072e-07
257.6	7.99957e-07
257.62	7.83224e-07
257.64	7.66864e-07
257.66	7.50868e-07
257.68	7.35226e-07
257.7	7.19932e-07
257.72	7.04977e-07
257.74	6.90353e-07
257.76	6.76053e-07
257.78	6.62068e-07
257.8	6.48392e-07
257.82	6.35017e-07
257.84	6.21936e-07
257.86	6.09143e-07
257.88	5.96631e-07
257.9	5.84393e-07
257.92	5.72424e-07
257.94	5.60716e-07
257.96	5.49264e-07
257.98	5.38063e-07
258	5.27105e-07
258.02	5.16386e-07
258.04	5.059e-07
258.06	4.95642e-07
258.08	4.85607e-07
258.1	4.75789e-07
258.12	4.66184e-07
258.14	4.56786e-07
258.16	4.47592e-07
258.18	4.38595e-07
258.2	4.29793e-07
258.22	4.2118e-07
258.24	4.12752e-07
258.26	4.04505e-07
258.28	3.96435e-07
258.3	3.88538e-07
258.32	3.80809e-07
258.34	3.73246e-07
258.36	3.65844e-07
258.38	3.586e-07
258.4	3.5151e-07
258.42	3.44571e-07
258.44	3.3778e-07
258.46	3.31132e-07
258.48	3.24625e-07
258.5	3.18256e-07
258.52	3.12021e-07
258.54	3.05919e-07
258.56	2.99944e-07
258.58	2.94096e-07
258.6	2.8837e-07
258.62	2.82765e-07
258.64	2.77278e-07
258.66	2.71905e-07
258.68	2.66645e-07
258.7	2.61495e-07
258.72	2.56452e-07
258.74	2.51514e-07
258.76	2.4668e-07
258.78	2.41946e-07
258.8	2.3731e-07
258.82	2.3277e-07
258.84	2.28325e-07
258.86	2.23971e-07
258.88	2.19708e-07
258.9	2.15532e-07
258.92	2.11443e-07
258.94	2.07438e-07
258.96	2.03515e-07
258.98	1.99673e-07
259	1.95909e-07
259.02	1.92223e-07
259.04	1.88612e-07
259.06	1.85075e-07
259.08	1.81611e-07
259.1	1.78216e-07
259.12	1.74891e-07
259.14	1.71634e-07
259.16	1.68443e-07
259.18	1.65316e-07
259.2	1.62253e-07
259.22	1.59252e-07
259.24	1.56312e-07
259.26	1.5343e-07
259.28	1.50607e-07
259.3	1.47841e-07
259.32	1.4513e-07
259.34	1.42474e-07
259.36	1.39871e-07
259.38	1.3732e-07
259.4	1.34821e-07
259.42	1.32371e-07
259.44	1.2997e-07
259.46	1.27617e-07
259.48	1.25311e-07
259.5	1.2305e-07
259.52	1.20835e-07
259.54	1.18663e-07
259.56	1.16535e-07
259.58	1.14448e-07
259.6	1.12403e-07
259.62	1.10398e-07
259.64	1.08432e-07
259.66	1.06506e-07
259.68	1.04617e-07
259.7	1.02765e-07
259.72	1.00949e-07
259.74	9.91693e-08
259.76	9.7424e-08
259.78	9.57128e-08
259.8	9.4035e-08
259.82	9.23898e-08
259.84	9.07765e-08
259.86	8.91946e-08
259.88	8.76433e-08
259.9	8.61221e-08
259.92	8.46303e-08
259.94	8.31673e-08
259.96	8.17324e-08
259.98	8.03252e-08
260	7.89451e-08
260.02	7.75914e-08
260.04	7.62637e-08
260.06	7.49615e-08
260.08	7.3684e-08
260.1	7.24311e-08
260.12	7.1202e-08
260.14	6.99963e-08
260.16	6.88135e-08
260.18	6.76532e-08
260.2	6.65149e-08
260.22	6.53981e-08
260.24	6.43024e-08
260.26	6.32275e-08
260.28	6.21728e-08
260.3	6.1138e-08
260.32	6.01226e-08
260.34	5.91262e-08
260.36	5.81486e-08
260.38	5.71892e-08
260.4	5.62478e-08
260.42	5.5324e-08
260.44	5.44174e-08
260.46	5.35276e-08
260.48	5.26544e-08
260.5	5.17974e-08
260.52	5.09563e-08
260.54	5.01308e-08
260.56	4.93205e-08
260.58	4.85251e-08
260.6	4.77444e-08
260.62	4.69781e-08
260.64	4.62258e-08
260.66	4.54873e-08
260.68	4.47624e-08
260.7	4.40507e-08
260.72	4.3352e-08
260.74	4.2666e-08
260.76	4.19925e-08
260.78	4.13313e-08
260.8	4.0682e-08
260.82	4.00445e-08
260.84	3.94186e-08
260.86	3.88039e-08
260.88	3.82003e-08
260.9	3.76076e-08
260.92	3.70256e-08
260.94	3.6454e-08
260.96	3.58927e-08
260.98	3.53413e-08
261	3.47999e-08
261.02	3.42681e-08
261.04	3.37458e-08
261.06	3.32327e-08
261.08	3.27288e-08
261.1	3.22338e-08
261.12	3.17475e-08
261.14	3.12699e-08
261.16	3.08007e-08
261.18	3.03397e-08
261.2	2.98869e-08
261.22	2.9442e-08
261.24	2.90049e-08
261.26	2.85755e-08
261.28	2.81535e-08
261.3	2.77389e-08
261.32	2.73316e-08
261.34	2.69313e-08
261.36	2.6538e-08
261.38	2.61515e-08
261.4	2.57717e-08
261.42	2.53984e-08
261.44	2.50316e-08
261.46	2.46712e-08
261.48	2.43169e-08
261.5	2.39687e-08
261.52	2.36264e-08
261.54	2.329e-08
261.56	2.29594e-08
261.58	2.26344e-08
261.6	2.23149e-08
261.62	2.20009e-08
261.64	2.16922e-08
261.66	2.13888e-08
261.68	2.10904e-08
261.7	2.07971e-08
261.72	2.05088e-08
261.74	2.02253e-08
261.76	1.99466e-08
261.78	1.96725e-08
261.8	1.9403e-08
261.82	1.91381e-08
261.84	1.88776e-08
261.86	1.86214e-08
261.88	1.83694e-08
261.9	1.81217e-08
261.92	1.78781e-08
261.94	1.76385e-08
261.96	1.74028e-08
261.98	1.71711e-08
262	1.69431e-08
262.02	1.67189e-08
262.04	1.64984e-08
262.06	1.62816e-08
262.08	1.60682e-08
262.1	1.58584e-08
262.12	1.56519e-08
262.14	1.54488e-08
262.16	1.52491e-08
262.18	1.50525e-08
262.2	1.48592e-08
262.22	1.4669e-08
262.24	1.44818e-08
262.26	1.42977e-08
262.28	1.41165e-08
262.3	1.39382e-08
262.32	1.37628e-08
262.34	1.35902e-08
262.36	1.34204e-08
262.38	1.32533e-08
262.4	1.30888e-08
262.42	1.29269e-08
262.44	1.27677e-08
262.46	1.26109e-08
262.48	1.24566e-08
262.5	1.23048e-08
262.52	1.21553e-08
262.54	1.20082e-08
262.56	1.18634e-08
262.58	1.17209e-08
262.6	1.15806e-08
262.62	1.14425e-08
262.64	1.13066e-08
262.66	1.11727e-08
262.68	1.1041e-08
262.7	1.09113e-08
262.72	1.07836e-08
262.74	1.06579e-08
262.76	1.05341e-08
262.78	1.04122e-08
262.8	1.02922e-08
262.82	1.01741e-08
262.84	1.00578e-08
262.86	9.9432e-09
262.88	9.8304e-09
262.9	9.71931e-09
262.92	9.60992e-09
262.94	9.5022e-09
262.96	9.39611e-09
262.98	9.29162e-09
263	9.18872e-09
263.02	9.08737e-09
263.04	8.98755e-09
263.06	8.88924e-09
263.08	8.7924e-09
263.1	8.69701e-09
263.12	8.60306e-09
263.14	8.5105e-09
263.16	8.41933e-09
263.18	8.32952e-09
263.2	8.24105e-09
263.22	8.15389e-09
263.24	8.06802e-09
263.26	7.98343e-09
263.28	7.90008e-09
263.3	7.81797e-09
263.32	7.73706e-09
263.34	7.65735e-09
263.36	7.5788e-09
263.38	7.50141e-09
263.4	7.42515e-09
263.42	7.35001e-09
263.44	7.27596e-09
263.46	7.20299e-09
263.48	7.13109e-09
263.5	7.06022e-09
263.52	6.99039e-09
263.54	6.92156e-09
263.56	6.85374e-09
263.58	6.78689e-09
263.6	6.721e-09
263.62	6.65606e-09
263.64	6.59206e-09
263.66	6.52897e-09
263.68	6.46679e-09
263.7	6.4055e-09
263.72	6.34508e-09
263.74	6.28552e-09
263.76	6.22682e-09
263.78	6.16894e-09
263.8	6.11189e-09
263.82	6.05565e-09
263.84	6.00021e-09
263.86	5.94555e-09
263.88	5.89166e-09
263.9	5.83853e-09
263.92	5.78615e-09
263.94	5.7345e-09
263.96	5.68358e-09
263.98	5.63338e-09
264	5.58387e-09
264.02	5.53506e-09
264.04	5.48693e-09
264.06	5.43948e-09
264.08	5.39268e-09
264.1	5.34654e-09
264.12	5.30104e-09
264.14	5.25617e-09
264.16	5.21192e-09
264.18	5.16828e-09
264.2	5.12525e-09
264.22	5.08281e-09
264.24	5.04096e-09
264.26	4.99968e-09
264.28	4.95898e-09
264.3	4.91883e-09
264.32	4.87923e-09
264.34	4.84018e-09
264.36	4.80167e-09
264.38	4.76368e-09
264.4	4.72621e-09
264.42	4.68925e-09
264.44	4.6528e-09
264.46	4.61685e-09
264.48	4.58138e-09
264.5	4.5464e-09
264.52	4.5119e-09
264.54	4.47786e-09
264.56	4.44429e-09
264.58	4.41118e-09
264.6	4.37851e-09
264.62	4.34628e-09
264.64	4.3145e-09
264.66	4.28314e-09
264.68	4.25221e-09
264.7	4.22169e-09
264.72	4.19159e-09
264.74	4.1619e-09
264.76	4.1326e-09
264.78	4.1037e-09
264.8	4.0752e-09
264.82	4.04707e-09
264.84	4.01933e-09
264.86	3.99196e-09
264.88	3.96495e-09
264.9	3.93832e-09
264.92	3.91204e-09
264.94	3.88611e-09
264.96	3.86053e-09
264.98	3.8353e-09
265	3.81041e-09
265.02	3.78585e-09
265.04	3.76162e-09
265.06	3.73772e-09
265.08	3.71414e-09
265.1	3.69088e-09
265.12	3.66793e-09
265.14	3.64529e-09
265.16	3.62296e-09
265.18	3.60093e-09
265.2	3.57919e-09
265.22	3.55775e-09
265.24	3.53659e-09
265.26	3.51572e-09
265.28	3.49514e-09
265.3	3.47483e-09
265.32	3.4548e-09
265.34	3.43504e-09
265.36	3.41554e-09
265.38	3.39631e-09
265.4	3.37735e-09
265.42	3.35864e-09
265.44	3.34018e-09
265.46	3.32198e-09
265.48	3.30402e-09
265.5	3.28631e-09
265.52	3.26884e-09
265.54	3.25161e-09
265.56	3.23462e-09
265.58	3.21786e-09
265.6	3.20133e-09
265.62	3.18503e-09
265.64	3.16895e-09
265.66	3.15309e-09
265.68	3.13746e-09
265.7	3.12204e-09
265.72	3.10684e-09
265.74	3.09185e-09
265.76	3.07707e-09
265.78	3.06249e-09
265.8	3.04812e-09
265.82	3.03396e-09
265.84	3.01999e-09
265.86	3.00622e-09
265.88	2.99265e-09
265.9	2.97927e-09
265.92	2.96608e-09
265.94	2.95308e-09
265.96	2.94027e-09
265.98	2.92764e-09
266	2.91519e-09
266.02	2.90293e-09
266.04	2.89084e-09
266.06	2.87893e-09
266.08	2.8672e-09
266.1	2.85564e-09
266.12	2.84425e-09
266.14	2.83303e-09
266.16	2.82198e-09
266.18	2.81109e-09
266.2	2.80037e-09
266.22	2.78981e-09
266.24	2.77942e-09
266.26	2.76918e-09
266.28	2.7591e-09
266.3	2.74917e-09
266.32	2.7394e-09
266.34	2.72979e-09
266.36	2.72033e-09
266.38	2.71101e-09
266.4	2.70185e-09
266.42	2.69283e-09
266.44	2.68396e-09
266.46	2.67523e-09
266.48	2.66665e-09
266.5	2.65821e-09
266.52	2.64991e-09
266.54	2.64175e-09
266.56	2.63372e-09
266.58	2.62584e-09
266.6	2.61809e-09
266.62	2.61047e-09
266.64	2.60299e-09
266.66	2.59564e-09
266.68	2.58843e-09
266.7	2.58134e-09
266.72	2.57438e-09
266.74	2.56755e-09
266.76	2.56085e-09
266.78	2.55427e-09
266.8	2.54782e-09
266.82	2.54149e-09
266.84	2.53529e-09
266.86	2.52921e-09
266.88	2.52325e-09
266.9	2.51741e-09
266.92	2.51169e-09
266.94	2.50609e-09
266.96	2.5006e-09
266.98	2.49524e-09
267	2.48999e-09
267.02	2.48485e-09
267.04	2.47984e-09
267.06	2.47493e-09
267.08	2.47014e-09
267.1	2.46546e-09
267.12	2.4609e-09
267.14	2.45644e-09
267.16	2.4521e-09
267.18	2.44786e-09
267.2	2.44374e-09
267.22	2.43972e-09
267.24	2.43581e-09
267.26	2.43201e-09
267.28	2.42832e-09
267.3	2.42473e-09
267.32	2.42125e-09
267.34	2.41788e-09
267.36	2.41461e-09
267.38	2.41144e-09
267.4	2.40838e-09
267.42	2.40542e-09
267.44	2.40257e-09
267.46	2.39982e-09
267.48	2.39717e-09
267.5	2.39462e-09
267.52	2.39217e-09
267.54	2.38983e-09
267.56	2.38759e-09
267.58	2.38544e-09
267.6	2.3834e-09
267.62	2.38146e-09
267.64	2.37962e-09
267.66	2.37787e-09
267.68	2.37623e-09
267.7	2.37468e-09
267.72	2.37324e-09
267.74	2.37189e-09
267.76	2.37064e-09
267.78	2.36949e-09
267.8	2.36843e-09
267.82	2.36748e-09
267.84	2.36662e-09
267.86	2.36586e-09
267.88	2.3652e-09
267.9	2.36463e-09
267.92	2.36416e-09
267.94	2.36379e-09
267.96	2.36351e-09
267.98	2.36334e-09
268	2.36326e-09
268.02	2.36327e-09
268.04	2.36338e-09
268.06	2.36359e-09
268.08	2.3639e-09
268.1	2.36431e-09
268.12	2.36481e-09
268.14	2.3654e-09
268.16	2.3661e-09
268.18	2.36689e-09
268.2	2.36778e-09
268.22	2.36877e-09
268.24	2.36986e-09
268.26	2.37104e-09
268.28	2.37232e-09
268.3	2.3737e-09
268.32	2.37518e-09
268.34	2.37676e-09
268.36	2.37843e-09
268.38	2.38021e-09
268.4	2.38208e-09
268.42	2.38406e-09
268.44	2.38613e-09
268.46	2.38831e-09
268.48	2.39058e-09
268.5	2.39296e-09
268.52	2.39544e-09
268.54	2.39802e-09
268.56	2.4007e-09
268.58	2.40348e-09
268.6	2.40637e-09
268.62	2.40936e-09
268.64	2.41245e-09
268.66	2.41565e-09
268.68	2.41896e-09
268.7	2.42237e-09
268.72	2.42588e-09
268.74	2.4295e-09
268.76	2.43323e-09
268.78	2.43707e-09
268.8	2.44102e-09
268.82	2.44507e-09
268.84	2.44923e-09
268.86	2.45351e-09
268.88	2.45789e-09
268.9	2.46239e-09
268.92	2.467e-09
268.94	2.47172e-09
268.96	2.47656e-09
268.98	2.48151e-09
269	2.48658e-09
269.02	2.49177e-09
269.04	2.49707e-09
269.06	2.50249e-09
269.08	2.50803e-09
269.1	2.51369e-09
269.12	2.51947e-09
269.14	2.52537e-09
269.16	2.5314e-09
269.18	2.53755e-09
269.2	2.54383e-09
269.22	2.55023e-09
269.24	2.55676e-09
269.26	2.56342e-09
269.28	2.57021e-09
269.3	2.57713e-09
269.32	2.58419e-09
269.34	2.59138e-09
269.36	2.5987e-09
269.38	2.60616e-09
269.4	2.61376e-09
269.42	2.6215e-09
269.44	2.62938e-09
269.46	2.6374e-09
269.48	2.64556e-09
269.5	2.65387e-09
269.52	2.66233e-09
269.54	2.67094e-09
269.56	2.6797e-09
269.58	2.68861e-09
269.6	2.69767e-09
269.62	2.70689e-09
269.64	2.71627e-09
269.66	2.72581e-09
269.68	2.73551e-09
269.7	2.74537e-09
269.72	2.7554e-09
269.74	2.7656e-09
269.76	2.77597e-09
269.78	2.78651e-09
269.8	2.79722e-09
269.82	2.80811e-09
269.84	2.81919e-09
269.86	2.83044e-09
269.88	2.84188e-09
269.9	2.8535e-09
269.92	2.86532e-09
269.94	2.87733e-09
269.96	2.88953e-09
269.98	2.90193e-09
270	2.91453e-09
270.02	2.92734e-09
270.04	2.94035e-09
270.06	2.95357e-09
270.08	2.96701e-09
270.1	2.98066e-09
270.12	2.99454e-09
270.14	3.00864e-09
270.16	3.02296e-09
270.18	3.03752e-09
270.2	3.05231e-09
270.22	3.06734e-09
270.24	3.08262e-09
270.26	3.09814e-09
270.28	3.11391e-09
270.3	3.12994e-09
270.32	3.14623e-09
270.34	3.16279e-09
270.36	3.17961e-09
270.38	3.19671e-09
270.4	3.21409e-09
270.42	3.23175e-09
270.44	3.2497e-09
270.46	3.26795e-09
270.48	3.2865e-09
270.5	3.30536e-09
270.52	3.32453e-09
270.54	3.34402e-09
270.56	3.36384e-09
270.58	3.38398e-09
270.6	3.40447e-09
270.62	3.42531e-09
270.64	3.44649e-09
270.66	3.46804e-09
270.68	3.48996e-09
270.7	3.51225e-09
270.72	3.53493e-09
270.74	3.558e-09
270.76	3.58148e-09
270.78	3.60537e-09
270.8	3.62967e-09
270.82	3.65441e-09
270.84	3.67959e-09
270.86	3.70522e-09
270.88	3.73132e-09
270.9	3.75788e-09
270.92	3.78494e-09
270.94	3.81249e-09
270.96	3.84055e-09
270.98	3.86913e-09
271	3.89826e-09
271.02	3.92793e-09
271.04	3.95818e-09
271.06	3.989e-09
271.08	4.02042e-09
271.1	4.05246e-09
271.12	4.08514e-09
271.14	4.11846e-09
271.16	4.15246e-09
271.18	4.18715e-09
271.2	4.22255e-09
271.22	4.25869e-09
271.24	4.29558e-09
271.26	4.33326e-09
271.28	4.37175e-09
271.3	4.41108e-09
271.32	4.45127e-09
271.34	4.49236e-09
271.36	4.53438e-09
271.38	4.57736e-09
271.4	4.62134e-09
271.42	4.66636e-09
271.44	4.71245e-09
271.46	4.75967e-09
271.48	4.80806e-09
271.5	4.85767e-09
271.52	4.90855e-09
271.54	4.96076e-09
271.56	5.01436e-09
271.58	5.06943e-09
271.6	5.12602e-09
271.62	5.18423e-09
271.64	5.24414e-09
271.66	5.30584e-09
271.68	5.36944e-09
271.7	5.43505e-09
271.72	5.5028e-09
271.74	5.57284e-09
271.76	5.64533e-09
271.78	5.72044e-09
271.8	5.79839e-09
271.82	5.87942e-09
271.84	5.9638e-09
271.86	6.05187e-09
271.88	6.14402e-09
271.9	6.24074e-09
271.92	6.34261e-09
271.94	6.4504e-09
271.96	6.56513e-09
271.98	6.68816e-09
272	6.82147e-09
272.02	6.96813e-09
272.04	7.13344e-09
272.06	7.32793e-09
272.08	7.57747e-09
272.1	7.96655e-09
272.12	8.93325e-09
272.14	1.20502e-08
272.16	2.17381e-08
272.18	5.13752e-08
272.2	1.4005e-07
272.22	3.77139e-07
272.24	9.40179e-07
272.26	2.18292e-06
272.28	4.7598e-06
272.3	9.6727e-06
272.32	1.81192e-05
272.34	3.10665e-05
272.36	4.87334e-05
272.38	7.054e-05
272.4	9.55265e-05
272.42	0.0001227
272.44	0.000151169
272.46	0.000180191
272.48	0.000209182
272.5	0.000237709
272.52	0.000265473
272.54	0.000292272
272.56	0.00031798
272.58	0.000342525
272.6	0.000365872
272.62	0.000388014
272.64	0.000408961
272.66	0.000428734
272.68	0.000447364
272.7	0.000464887
272.72	0.00048134
272.74	0.000496762
272.76	0.000511193
272.78	0.000524672
272.8	0.000537236
272.82	0.000548922
272.84	0.000559766
272.86	0.000569801
272.88	0.000579062
272.9	0.000587579
272.92	0.000595382
272.94	0.000602502
272.96	0.000608965
272.98	0.000614799
273	0.000620029
273.02	0.000624681
273.04	0.000628779
273.06	0.000632345
273.08	0.000635402
273.1	0.000637972
273.12	0.000640074
273.14	0.000641729
273.16	0.000642956
273.18	0.000643774
273.2	0.0006442
273.22	0.000644252
273.24	0.000643945
273.26	0.000643297
273.28	0.000642322
273.3	0.000641034
273.32	0.000639449
273.34	0.00063758
273.36	0.000635441
273.38	0.000633043
273.4	0.000630399
273.42	0.000627521
273.44	0.000624421
273.46	0.00062111
273.48	0.000617597
273.5	0.000613894
273.52	0.000610009
273.54	0.000605954
273.56	0.000601736
273.58	0.000597365
273.6	0.000592849
273.62	0.000588197
273.64	0.000583416
273.66	0.000578513
273.68	0.000573498
273.7	0.000568376
273.72	0.000563155
273.74	0.000557841
273.76	0.000552441
273.78	0.000546961
273.8	0.000541407
273.82	0.000535785
273.84	0.0005301
273.86	0.000524359
273.88	0.000518565
273.9	0.000512725
273.92	0.000506844
273.94	0.000500925
273.96	0.000494975
273.98	0.000488996
274	0.000482994
274.02	0.000476972
274.04	0.000470935
274.06	0.000464886
274.08	0.00045883
274.1	0.000452769
274.12	0.000446708
274.14	0.000440649
274.16	0.000434596
274.18	0.000428551
274.2	0.000422519
274.22	0.000416502
274.24	0.000410501
274.26	0.000404522
274.28	0.000398564
274.3	0.000392632
274.32	0.000386728
274.34	0.000380853
274.36	0.00037501
274.38	0.000369201
274.4	0.000363427
274.42	0.000357691
274.44	0.000351995
274.46	0.00034634
274.48	0.000340727
274.5	0.000335159
274.52	0.000329636
274.54	0.00032416
274.56	0.000318732
274.58	0.000313354
274.6	0.000308026
274.62	0.00030275
274.64	0.000297526
274.66	0.000292355
274.68	0.000287239
274.7	0.000282178
274.72	0.000277172
274.74	0.000272223
274.76	0.000267331
274.78	0.000262496
274.8	0.00025772
274.82	0.000253001
274.84	0.000248341
274.86	0.00024374
274.88	0.000239199
274.9	0.000234717
274.92	0.000230294
274.94	0.000225932
274.96	0.000221629
274.98	0.000217386
275	0.000213203
275.02	0.00020908
275.04	0.000205016
275.06	0.000201013
275.08	0.000197068
275.1	0.000193184
275.12	0.000189358
275.14	0.000185591
275.16	0.000181883
275.18	0.000178233
275.2	0.000174642
275.22	0.000171108
275.24	0.000167631
275.26	0.000164211
275.28	0.000160848
275.3	0.000157541
275.32	0.00015429
275.34	0.000151094
275.36	0.000147952
275.38	0.000144865
275.4	0.000141832
275.42	0.000138852
275.44	0.000135925
275.46	0.00013305
275.48	0.000130227
275.5	0.000127454
275.52	0.000124732
275.54	0.00012206
275.56	0.000119438
275.58	0.000116864
275.6	0.000114338
275.62	0.00011186
275.64	0.000109429
275.66	0.000107044
275.68	0.000104705
275.7	0.000102411
275.72	0.000100161
275.74	9.79554e-05
275.76	9.57929e-05
275.78	9.36731e-05
275.8	9.15952e-05
275.82	8.95586e-05
275.84	8.75629e-05
275.86	8.56072e-05
275.88	8.36911e-05
275.9	8.18138e-05
275.92	7.99748e-05
275.94	7.81735e-05
275.96	7.64093e-05
275.98	7.46815e-05
276	7.29895e-05
276.02	7.13328e-05
276.04	6.97107e-05
276.06	6.81227e-05
276.08	6.65682e-05
276.1	6.50465e-05
276.12	6.35572e-05
276.14	6.20997e-05
276.16	6.06733e-05
276.18	5.92775e-05
276.2	5.79118e-05
276.22	5.65756e-05
276.24	5.52685e-05
276.26	5.39897e-05
276.28	5.27389e-05
276.3	5.15154e-05
276.32	5.03188e-05
276.34	4.91486e-05
276.36	4.80042e-05
276.38	4.68851e-05
276.4	4.57909e-05
276.42	4.47211e-05
276.44	4.36752e-05
276.46	4.26527e-05
276.48	4.16532e-05
276.5	4.06761e-05
276.52	3.97211e-05
276.54	3.87877e-05
276.56	3.78754e-05
276.58	3.69839e-05
276.6	3.61126e-05
276.62	3.52613e-05
276.64	3.44294e-05
276.66	3.36166e-05
276.68	3.28224e-05
276.7	3.20465e-05
276.72	3.12885e-05
276.74	3.0548e-05
276.76	2.98247e-05
276.78	2.91181e-05
276.8	2.84279e-05
276.82	2.77538e-05
276.84	2.70953e-05
276.86	2.64523e-05
276.88	2.58242e-05
276.9	2.52109e-05
276.92	2.46119e-05
276.94	2.40271e-05
276.96	2.34559e-05
276.98	2.28982e-05
277	2.23537e-05
277.02	2.1822e-05
277.04	2.13028e-05
277.06	2.0796e-05
277.08	2.03012e-05
277.1	1.98181e-05
277.12	1.93464e-05
277.14	1.8886e-05
277.16	1.84365e-05
277.18	1.79978e-05
277.2	1.75694e-05
277.22	1.71514e-05
277.24	1.67432e-05
277.26	1.63449e-05
277.28	1.59561e-05
277.3	1.55766e-05
277.32	1.52061e-05
277.34	1.48446e-05
277.36	1.44917e-05
277.38	1.41473e-05
277.4	1.38112e-05
277.42	1.34831e-05
277.44	1.3163e-05
277.46	1.28505e-05
277.48	1.25456e-05
277.5	1.2248e-05
277.52	1.19576e-05
277.54	1.16741e-05
277.56	1.13976e-05
277.58	1.11276e-05
277.6	1.08642e-05
277.62	1.06072e-05
277.64	1.03563e-05
277.66	1.01116e-05
277.68	9.87268e-06
277.7	9.63958e-06
277.72	9.4121e-06
277.74	9.19012e-06
277.76	8.97351e-06
277.78	8.76213e-06
277.8	8.55586e-06
277.82	8.35458e-06
277.84	8.15816e-06
277.86	7.96648e-06
277.88	7.77944e-06
277.9	7.59692e-06
277.92	7.41881e-06
277.94	7.245e-06
277.96	7.07539e-06
277.98	6.90987e-06
278	6.74835e-06
278.02	6.59074e-06
278.04	6.43692e-06
278.06	6.28682e-06
278.08	6.14034e-06
278.1	5.99739e-06
278.12	5.85789e-06
278.14	5.72175e-06
278.16	5.58889e-06
278.18	5.45923e-06
278.2	5.33269e-06
278.22	5.2092e-06
278.24	5.08868e-06
278.26	4.97105e-06
278.28	4.85626e-06
278.3	4.74421e-06
278.32	4.63486e-06
278.34	4.52814e-06
278.36	4.42397e-06
278.38	4.3223e-06
278.4	4.22307e-06
278.42	4.12621e-06
278.44	4.03167e-06
278.46	3.93939e-06
278.48	3.84932e-06
278.5	3.7614e-06
278.52	3.67558e-06
278.54	3.5918e-06
278.56	3.51002e-06
278.58	3.43019e-06
278.6	3.35226e-06
278.62	3.27618e-06
278.64	3.20191e-06
278.66	3.12941e-06
278.68	3.05862e-06
278.7	2.98952e-06
278.72	2.92205e-06
278.74	2.85618e-06
278.76	2.79186e-06
278.78	2.72907e-06
278.8	2.66776e-06
278.82	2.6079e-06
278.84	2.54945e-06
278.86	2.49238e-06
278.88	2.43664e-06
278.9	2.38222e-06
278.92	2.32908e-06
278.94	2.27719e-06
278.96	2.22651e-06
278.98	2.17702e-06
279	2.12869e-06
279.02	2.08149e-06
279.04	2.03539e-06
279.06	1.99037e-06
279.08	1.9464e-06
279.1	1.90345e-06
279.12	1.86151e-06
279.14	1.82053e-06
279.16	1.78051e-06
279.18	1.74142e-06
279.2	1.70324e-06
279.22	1.66594e-06
279.24	1.6295e-06
279.26	1.5939e-06
279.28	1.55913e-06
279.3	1.52516e-06
279.32	1.49197e-06
279.34	1.45954e-06
279.36	1.42786e-06
279.38	1.39691e-06
279.4	1.36667e-06
279.42	1.33712e-06
279.44	1.30824e-06
279.46	1.28003e-06
279.48	1.25246e-06
279.5	1.22552e-06
279.52	1.19919e-06
279.54	1.17347e-06
279.56	1.14833e-06
279.58	1.12376e-06
279.6	1.09974e-06
279.62	1.07627e-06
279.64	1.05334e-06
279.66	1.03092e-06
279.68	1.00901e-06
279.7	9.87589e-07
279.72	9.66655e-07
279.74	9.46191e-07
279.76	9.26188e-07
279.78	9.06635e-07
279.8	8.8752e-07
279.82	8.68833e-07
279.84	8.50565e-07
279.86	8.32705e-07
279.88	8.15244e-07
279.9	7.98173e-07
279.92	7.81482e-07
279.94	7.65163e-07
279.96	7.49207e-07
279.98	7.33605e-07
280	7.18349e-07
280.02	7.03432e-07
280.04	6.88844e-07
280.06	6.74579e-07
280.08	6.60629e-07
280.1	6.46986e-07
280.12	6.33644e-07
280.14	6.20596e-07
280.16	6.07834e-07
280.18	5.95353e-07
280.2	5.83145e-07
280.22	5.71205e-07
280.24	5.59526e-07
280.26	5.48102e-07
280.28	5.36927e-07
280.3	5.25996e-07
280.32	5.15303e-07
280.34	5.04842e-07
280.36	4.94609e-07
280.38	4.84598e-07
280.4	4.74803e-07
280.42	4.65221e-07
280.44	4.55846e-07
280.46	4.46673e-07
280.48	4.37698e-07
280.5	4.28916e-07
280.52	4.20323e-07
280.54	4.11915e-07
280.56	4.03688e-07
280.58	3.95636e-07
280.6	3.87757e-07
280.62	3.80047e-07
280.64	3.72501e-07
280.66	3.65117e-07
280.68	3.57889e-07
280.7	3.50816e-07
280.72	3.43893e-07
280.74	3.37117e-07
280.76	3.30484e-07
280.78	3.23992e-07
280.8	3.17637e-07
280.82	3.11417e-07
280.84	3.05328e-07
280.86	2.99367e-07
280.88	2.93532e-07
280.9	2.87819e-07
280.92	2.82227e-07
280.94	2.76751e-07
280.96	2.71391e-07
280.98	2.66142e-07
281	2.61003e-07
281.02	2.55972e-07
281.04	2.51045e-07
281.06	2.46221e-07
281.08	2.41497e-07
281.1	2.36872e-07
281.12	2.32342e-07
281.14	2.27906e-07
281.16	2.23562e-07
281.18	2.19308e-07
281.2	2.15141e-07
281.22	2.11061e-07
281.24	2.07064e-07
281.26	2.0315e-07
281.28	1.99316e-07
281.3	1.95561e-07
281.32	1.91882e-07
281.34	1.88279e-07
281.36	1.8475e-07
281.38	1.81292e-07
281.4	1.77905e-07
281.42	1.74587e-07
281.44	1.71336e-07
281.46	1.68152e-07
281.48	1.65032e-07
281.5	1.61975e-07
281.52	1.5898e-07
281.54	1.56046e-07
281.56	1.5317e-07
281.58	1.50353e-07
281.6	1.47593e-07
281.62	1.44887e-07
281.64	1.42237e-07
281.66	1.39639e-07
281.68	1.37093e-07
281.7	1.34599e-07
281.72	1.32154e-07
281.74	1.29758e-07
281.76	1.27409e-07
281.78	1.25108e-07
281.8	1.22852e-07
281.82	1.20641e-07
281.84	1.18473e-07
281.86	1.16349e-07
281.88	1.14267e-07
281.9	1.12225e-07
281.92	1.10224e-07
281.94	1.08263e-07
281.96	1.0634e-07
281.98	1.04454e-07
282	1.02606e-07
282.02	1.00794e-07
282.04	9.90174e-08
282.06	9.72754e-08
282.08	9.55675e-08
282.1	9.38928e-08
282.12	9.22507e-08
282.14	9.06405e-08
282.16	8.90616e-08
282.18	8.75132e-08
282.2	8.59948e-08
282.22	8.45057e-08
282.24	8.30454e-08
282.26	8.16132e-08
282.28	8.02086e-08
282.3	7.88311e-08
282.32	7.74799e-08
282.34	7.61546e-08
282.36	7.48547e-08
282.38	7.35796e-08
282.4	7.23289e-08
282.42	7.11021e-08
282.44	6.98985e-08
282.46	6.87178e-08
282.48	6.75596e-08
282.5	6.64233e-08
282.52	6.53085e-08
282.54	6.42148e-08
282.56	6.31418e-08
282.58	6.20889e-08
282.6	6.10559e-08
282.62	6.00423e-08
282.64	5.90477e-08
282.66	5.80717e-08
282.68	5.7114e-08
282.7	5.61743e-08
282.72	5.5252e-08
282.74	5.4347e-08
282.76	5.34587e-08
282.78	5.2587e-08
282.8	5.17315e-08
282.82	5.08918e-08
282.84	5.00676e-08
282.86	4.92587e-08
282.88	4.84646e-08
282.9	4.76852e-08
282.92	4.69202e-08
282.94	4.61691e-08
282.96	4.54319e-08
282.98	4.47081e-08
283	4.39976e-08
283.02	4.33e-08
283.04	4.26152e-08
283.06	4.19428e-08
283.08	4.12826e-08
283.1	4.06344e-08
283.12	3.99979e-08
283.14	3.9373e-08
283.16	3.87593e-08
283.18	3.81567e-08
283.2	3.75649e-08
283.22	3.69838e-08
283.24	3.64131e-08
283.26	3.58526e-08
283.28	3.53022e-08
283.3	3.47615e-08
283.32	3.42306e-08
283.34	3.3709e-08
283.36	3.31968e-08
283.38	3.26936e-08
283.4	3.21994e-08
283.42	3.17139e-08
283.44	3.12369e-08
283.46	3.07684e-08
283.48	3.03082e-08
283.5	2.9856e-08
283.52	2.94118e-08
283.54	2.89753e-08
283.56	2.85465e-08
283.58	2.81252e-08
283.6	2.77112e-08
283.62	2.73045e-08
283.64	2.69048e-08
283.66	2.6512e-08
283.68	2.61261e-08
283.7	2.57468e-08
283.72	2.53741e-08
283.74	2.50078e-08
283.76	2.46479e-08
283.78	2.42941e-08
283.8	2.39463e-08
283.82	2.36046e-08
283.84	2.32687e-08
283.86	2.29385e-08
283.88	2.2614e-08
283.9	2.22949e-08
283.92	2.19813e-08
283.94	2.16731e-08
283.96	2.137e-08
283.98	2.10721e-08
284	2.07792e-08
284.02	2.04912e-08
284.04	2.02081e-08
284.06	1.99297e-08
284.08	1.96561e-08
284.1	1.93869e-08
284.12	1.91223e-08
284.14	1.88621e-08
284.16	1.86063e-08
284.18	1.83547e-08
284.2	1.81073e-08
284.22	1.78639e-08
284.24	1.76247e-08
284.26	1.73893e-08
284.28	1.71579e-08
284.3	1.69302e-08
284.32	1.67063e-08
284.34	1.64861e-08
284.36	1.62695e-08
284.38	1.60564e-08
284.4	1.58468e-08
284.42	1.56406e-08
284.44	1.54378e-08
284.46	1.52382e-08
284.48	1.50419e-08
284.5	1.48488e-08
284.52	1.46588e-08
284.54	1.44719e-08
284.56	1.4288e-08
284.58	1.4107e-08
284.6	1.3929e-08
284.62	1.37538e-08
284.64	1.35814e-08
284.66	1.34117e-08
284.68	1.32448e-08
284.7	1.30805e-08
284.72	1.29188e-08
284.74	1.27597e-08
284.76	1.26031e-08
284.78	1.2449e-08
284.8	1.22974e-08
284.82	1.21481e-08
284.84	1.20011e-08
284.86	1.18565e-08
284.88	1.17141e-08
284.9	1.1574e-08
284.92	1.1436e-08
284.94	1.13002e-08
284.96	1.11666e-08
284.98	1.1035e-08
285	1.09054e-08
285.02	1.07778e-08
285.04	1.06523e-08
285.06	1.05286e-08
285.08	1.04069e-08
285.1	1.0287e-08
285.12	1.0169e-08
285.14	1.00528e-08
285.16	9.93832e-09
285.18	9.82563e-09
285.2	9.71466e-09
285.22	9.60538e-09
285.24	9.49776e-09
285.26	9.39177e-09
285.28	9.28739e-09
285.3	9.18459e-09
285.32	9.08334e-09
285.34	8.98362e-09
285.36	8.88539e-09
285.38	8.78865e-09
285.4	8.69335e-09
285.42	8.59949e-09
285.44	8.50702e-09
285.46	8.41594e-09
285.48	8.32621e-09
285.5	8.23782e-09
285.52	8.15074e-09
285.54	8.06495e-09
285.56	7.98043e-09
285.58	7.89716e-09
285.6	7.81512e-09
285.62	7.73428e-09
285.64	7.65464e-09
285.66	7.57617e-09
285.68	7.49884e-09
285.7	7.42265e-09
285.72	7.34757e-09
285.74	7.27359e-09
285.76	7.20068e-09
285.78	7.12883e-09
285.8	7.05803e-09
285.82	6.98825e-09
285.84	6.91949e-09
285.86	6.85172e-09
285.88	6.78492e-09
285.9	6.71909e-09
285.92	6.6542e-09
285.94	6.59025e-09
285.96	6.52721e-09
285.98	6.46508e-09
286	6.40384e-09
286.02	6.34347e-09
286.04	6.28396e-09
286.06	6.2253e-09
286.08	6.16747e-09
286.1	6.11046e-09
286.12	6.05426e-09
286.14	5.99886e-09
286.16	5.94424e-09
286.18	5.89039e-09
286.2	5.8373e-09
286.22	5.78495e-09
286.24	5.73335e-09
286.26	5.68246e-09
286.28	5.63229e-09
286.3	5.58283e-09
286.32	5.53405e-09
286.34	5.48595e-09
286.36	5.43853e-09
286.38	5.39177e-09
286.4	5.34566e-09
286.42	5.30018e-09
286.44	5.25534e-09
286.46	5.21112e-09
286.48	5.16752e-09
286.5	5.12451e-09
286.52	5.0821e-09
286.54	5.04028e-09
286.56	4.99903e-09
286.58	4.95835e-09
286.6	4.91822e-09
286.62	4.87865e-09
286.64	4.83963e-09
286.66	4.80113e-09
286.68	4.76317e-09
286.7	4.72572e-09
286.72	4.68879e-09
286.74	4.65236e-09
286.76	4.61642e-09
286.78	4.58098e-09
286.8	4.54602e-09
286.82	4.51154e-09
286.84	4.47752e-09
286.86	4.44397e-09
286.88	4.41087e-09
286.9	4.37822e-09
286.92	4.34601e-09
286.94	4.31424e-09
286.96	4.2829e-09
286.98	4.25198e-09
287	4.22149e-09
287.02	4.1914e-09
287.04	4.16172e-09
287.06	4.13244e-09
287.08	4.10356e-09
287.1	4.07506e-09
287.12	4.04695e-09
287.14	4.01922e-09
287.16	3.99186e-09
287.18	3.96487e-09
287.2	3.93825e-09
287.22	3.91198e-09
287.24	3.88606e-09
287.26	3.8605e-09
287.28	3.83528e-09
287.3	3.8104e-09
287.32	3.78585e-09
287.34	3.76163e-09
287.36	3.73774e-09
287.38	3.71417e-09
287.4	3.69092e-09
287.42	3.66798e-09
287.44	3.64535e-09
287.46	3.62302e-09
287.48	3.601e-09
287.5	3.57927e-09
287.52	3.55783e-09
287.54	3.53669e-09
287.56	3.51583e-09
287.58	3.49525e-09
287.6	3.47495e-09
287.62	3.45492e-09
287.64	3.43517e-09
287.66	3.41568e-09
287.68	3.39645e-09
287.7	3.37749e-09
287.72	3.35879e-09
287.74	3.34034e-09
287.76	3.32214e-09
287.78	3.30419e-09
287.8	3.28648e-09
287.82	3.26902e-09
287.84	3.25179e-09
287.86	3.2348e-09
287.88	3.21805e-09
287.9	3.20152e-09
287.92	3.18522e-09
287.94	3.16915e-09
287.96	3.1533e-09
287.98	3.13767e-09
288	3.12225e-09
288.02	3.10705e-09
288.04	3.09206e-09
288.06	3.07729e-09
288.08	3.06271e-09
288.1	3.04835e-09
288.12	3.03418e-09
288.14	3.02022e-09
288.16	3.00645e-09
288.18	2.99288e-09
288.2	2.9795e-09
288.22	2.96631e-09
288.24	2.95331e-09
288.26	2.9405e-09
288.28	2.92787e-09
288.3	2.91543e-09
288.32	2.90316e-09
288.34	2.89108e-09
288.36	2.87917e-09
288.38	2.86743e-09
288.4	2.85587e-09
288.42	2.84448e-09
288.44	2.83326e-09
288.46	2.82221e-09
288.48	2.81133e-09
288.5	2.8006e-09
288.52	2.79004e-09
288.54	2.77965e-09
288.56	2.76941e-09
288.58	2.75933e-09
288.6	2.7494e-09
288.62	2.73963e-09
288.64	2.73001e-09
288.66	2.72055e-09
288.68	2.71123e-09
288.7	2.70206e-09
288.72	2.69305e-09
288.74	2.68417e-09
288.76	2.67544e-09
288.78	2.66686e-09
288.8	2.65841e-09
288.82	2.65011e-09
288.84	2.64195e-09
288.86	2.63392e-09
288.88	2.62603e-09
288.9	2.61828e-09
288.92	2.61066e-09
288.94	2.60318e-09
288.96	2.59583e-09
288.98	2.58861e-09
289	2.58151e-09
289.02	2.57455e-09
289.04	2.56772e-09
289.06	2.56101e-09
289.08	2.55443e-09
289.1	2.54798e-09
289.12	2.54164e-09
289.14	2.53544e-09
289.16	2.52935e-09
289.18	2.52339e-09
289.2	2.51754e-09
289.22	2.51182e-09
289.24	2.50621e-09
289.26	2.50072e-09
289.28	2.49535e-09
289.3	2.4901e-09
289.32	2.48496e-09
289.34	2.47993e-09
289.36	2.47502e-09
289.38	2.47023e-09
289.4	2.46554e-09
289.42	2.46097e-09
289.44	2.45651e-09
289.46	2.45216e-09
289.48	2.44792e-09
289.5	2.44378e-09
289.52	2.43976e-09
289.54	2.43585e-09
289.56	2.43204e-09
289.58	2.42834e-09
289.6	2.42475e-09
289.62	2.42126e-09
289.64	2.41788e-09
289.66	2.4146e-09
289.68	2.41143e-09
289.7	2.40836e-09
289.72	2.40539e-09
289.74	2.40253e-09
289.76	2.39977e-09
289.78	2.39711e-09
289.8	2.39456e-09
289.82	2.3921e-09
289.84	2.38975e-09
289.86	2.3875e-09
289.88	2.38535e-09
289.9	2.3833e-09
289.92	2.38134e-09
289.94	2.37949e-09
289.96	2.37774e-09
289.98	2.37609e-09
290	2.37453e-09
290.02	2.37307e-09
290.04	2.37172e-09
290.06	2.37046e-09
290.08	2.3693e-09
290.1	2.36823e-09
290.12	2.36726e-09
290.14	2.3664e-09
290.16	2.36562e-09
290.18	2.36495e-09
290.2	2.36437e-09
290.22	2.36389e-09
290.24	2.36351e-09
290.26	2.36322e-09
290.28	2.36303e-09
290.3	2.36294e-09
290.32	2.36294e-09
290.34	2.36304e-09
290.36	2.36324e-09
290.38	2.36354e-09
290.4	2.36393e-09
290.42	2.36442e-09
290.44	2.365e-09
290.46	2.36568e-09
290.48	2.36646e-09
290.5	2.36734e-09
290.52	2.36831e-09
290.54	2.36938e-09
290.56	2.37055e-09
290.58	2.37182e-09
290.6	2.37319e-09
290.62	2.37465e-09
290.64	2.37621e-09
290.66	2.37787e-09
290.68	2.37963e-09
290.7	2.38149e-09
290.72	2.38345e-09
290.74	2.38551e-09
290.76	2.38766e-09
290.78	2.38992e-09
290.8	2.39228e-09
290.82	2.39474e-09
290.84	2.3973e-09
290.86	2.39997e-09
290.88	2.40273e-09
290.9	2.4056e-09
290.92	2.40858e-09
290.94	2.41165e-09
290.96	2.41483e-09
290.98	2.41812e-09
291	2.42151e-09
291.02	2.425e-09
291.04	2.4286e-09
291.06	2.43231e-09
291.08	2.43613e-09
291.1	2.44005e-09
291.12	2.44409e-09
291.14	2.44823e-09
291.16	2.45248e-09
291.18	2.45684e-09
291.2	2.46132e-09
291.22	2.4659e-09
291.24	2.4706e-09
291.26	2.47542e-09
291.28	2.48035e-09
291.3	2.48539e-09
291.32	2.49055e-09
291.34	2.49583e-09
291.36	2.50122e-09
291.38	2.50673e-09
291.4	2.51237e-09
291.42	2.51812e-09
291.44	2.524e-09
291.46	2.53e-09
291.48	2.53612e-09
291.5	2.54237e-09
291.52	2.54874e-09
291.54	2.55524e-09
291.56	2.56187e-09
291.58	2.56863e-09
291.6	2.57552e-09
291.62	2.58255e-09
291.64	2.5897e-09
291.66	2.59699e-09
291.68	2.60442e-09
291.7	2.61199e-09
291.72	2.61969e-09
291.74	2.62753e-09
291.76	2.63552e-09
291.78	2.64365e-09
291.8	2.65192e-09
291.82	2.66034e-09
291.84	2.66891e-09
291.86	2.67763e-09
291.88	2.6865e-09
291.9	2.69553e-09
291.92	2.70471e-09
291.94	2.71405e-09
291.96	2.72354e-09
291.98	2.7332e-09
292	2.74302e-09
292.02	2.75301e-09
292.04	2.76316e-09
292.06	2.77348e-09
292.08	2.78398e-09
292.1	2.79464e-09
292.12	2.80549e-09
292.14	2.81651e-09
292.16	2.82771e-09
292.18	2.8391e-09
292.2	2.85067e-09
292.22	2.86244e-09
292.24	2.87439e-09
292.26	2.88654e-09
292.28	2.89888e-09
292.3	2.91143e-09
292.32	2.92418e-09
292.34	2.93713e-09
292.36	2.95029e-09
292.38	2.96367e-09
292.4	2.97726e-09
292.42	2.99107e-09
292.44	3.0051e-09
292.46	3.01936e-09
292.48	3.03385e-09
292.5	3.04858e-09
292.52	3.06354e-09
292.54	3.07874e-09
292.56	3.09419e-09
292.58	3.10989e-09
292.6	3.12584e-09
292.62	3.14205e-09
292.64	3.15852e-09
292.66	3.17527e-09
292.68	3.19228e-09
292.7	3.20958e-09
292.72	3.22715e-09
292.74	3.24502e-09
292.76	3.26317e-09
292.78	3.28163e-09
292.8	3.30039e-09
292.82	3.31947e-09
292.84	3.33886e-09
292.86	3.35857e-09
292.88	3.37862e-09
292.9	3.399e-09
292.92	3.41972e-09
292.94	3.4408e-09
292.96	3.46223e-09
292.98	3.48403e-09
293	3.50621e-09
293.02	3.52876e-09
293.04	3.55171e-09
293.06	3.57506e-09
293.08	3.59881e-09
293.1	3.62298e-09
293.12	3.64758e-09
293.14	3.67262e-09
293.16	3.6981e-09
293.18	3.72404e-09
293.2	3.75046e-09
293.22	3.77735e-09
293.24	3.80474e-09
293.26	3.83263e-09
293.28	3.86104e-09
293.3	3.88999e-09
293.32	3.91948e-09
293.34	3.94954e-09
293.36	3.98017e-09
293.38	4.01139e-09
293.4	4.04322e-09
293.42	4.07568e-09
293.44	4.10879e-09
293.46	4.14256e-09
293.48	4.17701e-09
293.5	4.21217e-09
293.52	4.24806e-09
293.54	4.2847e-09
293.56	4.32211e-09
293.58	4.36032e-09
293.6	4.39936e-09
293.62	4.43926e-09
293.64	4.48003e-09
293.66	4.52173e-09
293.68	4.56438e-09
293.7	4.60801e-09
293.72	4.65267e-09
293.74	4.69839e-09
293.76	4.74521e-09
293.78	4.79319e-09
293.8	4.84237e-09
293.82	4.8928e-09
293.84	4.94454e-09
293.86	4.99765e-09
293.88	5.05219e-09
293.9	5.10824e-09
293.92	5.16587e-09
293.94	5.22517e-09
293.96	5.28622e-09
293.98	5.34914e-09
294	5.41402e-09
294.02	5.48099e-09
294.04	5.5502e-09
294.06	5.62179e-09
294.08	5.69594e-09
294.1	5.77284e-09
294.12	5.85273e-09
294.14	5.93587e-09
294.16	6.02256e-09
294.18	6.11318e-09
294.2	6.20817e-09
294.22	6.30808e-09
294.24	6.41361e-09
294.26	6.52566e-09
294.28	6.64544e-09
294.3	6.77467e-09
294.32	6.91593e-09
294.34	7.07346e-09
294.36	7.25524e-09
294.38	7.47921e-09
294.4	7.79743e-09
294.42	8.43379e-09
294.44	1.0427e-08
294.46	1.68462e-08
294.48	3.63505e-08
294.5	9.59045e-08
294.52	2.63072e-07
294.54	6.7588e-07
294.56	1.60853e-06
294.58	3.59104e-06
294.6	7.50239e-06
294.62	1.45037e-05
294.64	2.57173e-05
294.66	4.16859e-05
294.68	6.20925e-05
294.7	8.60637e-05
294.72	0.000112591
294.74	0.000140736
294.76	0.000169695
294.78	0.000198821
294.8	0.000227628
294.82	0.000255768
294.84	0.000283006
294.86	0.00030919
294.88	0.00033423
294.9	0.000358079
294.92	0.00038072
294.94	0.000402157
294.96	0.000422409
294.98	0.000441503
295	0.000459474
295.02	0.000476358
295.04	0.000492195
295.06	0.000507024
295.08	0.000520883
295.1	0.000533813
295.12	0.000545849
295.14	0.000557028
295.16	0.000567385
295.18	0.000576953
295.2	0.000585764
295.22	0.000593849
295.24	0.000601238
295.26	0.000607958
295.28	0.000614039
295.3	0.000619505
295.32	0.000624382
295.34	0.000628695
295.36	0.000632467
295.38	0.000635721
295.4	0.000638478
295.42	0.000640759
295.44	0.000642585
295.46	0.000643975
295.48	0.000644947
295.5	0.000645521
295.52	0.000645713
295.54	0.00064554
295.56	0.000645018
295.58	0.000644164
295.6	0.000642991
295.62	0.000641514
295.64	0.000639748
295.66	0.000637705
295.68	0.000635399
295.7	0.000632843
295.72	0.000630047
295.74	0.000627024
295.76	0.000623785
295.78	0.000620341
295.8	0.000616701
295.82	0.000612877
295.84	0.000608877
295.86	0.000604712
295.88	0.000600389
295.9	0.000595918
295.92	0.000591307
295.94	0.000586564
295.96	0.000581698
295.98	0.000576714
296	0.000571622
296.02	0.000566427
296.04	0.000561137
296.06	0.000555757
296.08	0.000550296
296.1	0.000544758
296.12	0.000539149
296.14	0.000533476
296.16	0.000527744
296.18	0.000521957
296.2	0.000516122
296.22	0.000510244
296.24	0.000504327
296.26	0.000498375
296.28	0.000492394
296.3	0.000486387
296.32	0.00048036
296.34	0.000474316
296.36	0.000468258
296.38	0.000462191
296.4	0.000456119
296.42	0.000450044
296.44	0.000443971
296.46	0.000437903
296.48	0.000431842
296.5	0.000425792
296.52	0.000419755
296.54	0.000413735
296.56	0.000407735
296.58	0.000401756
296.6	0.000395801
296.62	0.000389873
296.64	0.000383974
296.66	0.000378105
296.68	0.00037227
296.7	0.000366471
296.72	0.000360708
296.74	0.000354984
296.76	0.0003493
296.78	0.000343659
296.8	0.000338061
296.82	0.000332509
296.84	0.000327003
296.86	0.000321544
296.88	0.000316135
296.9	0.000310776
296.92	0.000305469
296.94	0.000300213
296.96	0.000295011
296.98	0.000289862
297	0.000284769
297.02	0.000279731
297.04	0.000274749
297.06	0.000269824
297.08	0.000264957
297.1	0.000260147
297.12	0.000255396
297.14	0.000250703
297.16	0.000246069
297.18	0.000241495
297.2	0.00023698
297.22	0.000232525
297.24	0.000228129
297.26	0.000223794
297.28	0.000219518
297.3	0.000215303
297.32	0.000211148
297.34	0.000207052
297.36	0.000203017
297.38	0.000199041
297.4	0.000195124
297.42	0.000191267
297.44	0.00018747
297.46	0.000183731
297.48	0.00018005
297.5	0.000176428
297.52	0.000172864
297.54	0.000169357
297.56	0.000165908
297.58	0.000162516
297.6	0.00015918
297.62	0.0001559
297.64	0.000152675
297.66	0.000149506
297.68	0.000146391
297.7	0.00014333
297.72	0.000140323
297.74	0.000137369
297.76	0.000134467
297.78	0.000131617
297.8	0.000128819
297.82	0.000126072
297.84	0.000123374
297.86	0.000120727
297.88	0.000118128
297.9	0.000115578
297.92	0.000113076
297.94	0.000110621
297.96	0.000108213
297.98	0.000105851
298	0.000103535
298.02	0.000101263
298.04	9.9035e-05
298.06	9.68509e-05
298.08	9.47098e-05
298.1	9.26109e-05
298.12	9.05538e-05
298.14	8.85378e-05
298.16	8.65622e-05
298.18	8.46264e-05
298.2	8.27299e-05
298.22	8.08719e-05
298.24	7.90519e-05
298.26	7.72693e-05
298.28	7.55235e-05
298.3	7.38138e-05
298.32	7.21397e-05
298.34	7.05005e-05
298.36	6.88957e-05
298.38	6.73247e-05
298.4	6.57868e-05
298.42	6.42816e-05
298.44	6.28084e-05
298.46	6.13667e-05
298.48	5.99559e-05
298.5	5.85755e-05
298.52	5.72248e-05
298.54	5.59034e-05
298.56	5.46107e-05
298.58	5.33462e-05
298.6	5.21093e-05
298.62	5.08996e-05
298.64	4.97165e-05
298.66	4.85595e-05
298.68	4.7428e-05
298.7	4.63217e-05
298.72	4.524e-05
298.74	4.41824e-05
298.76	4.31485e-05
298.78	4.21377e-05
298.8	4.11497e-05
298.82	4.0184e-05
298.84	3.924e-05
298.86	3.83175e-05
298.88	3.74158e-05
298.9	3.65347e-05
298.92	3.56737e-05
298.94	3.48324e-05
298.96	3.40103e-05
298.98	3.3207e-05
299	3.24223e-05
299.02	3.16556e-05
299.04	3.09066e-05
299.06	3.01749e-05
299.08	2.94602e-05
299.1	2.8762e-05
299.12	2.80801e-05
299.14	2.74141e-05
299.16	2.67636e-05
299.18	2.61283e-05
299.2	2.55078e-05
299.22	2.49019e-05
299.24	2.43102e-05
299.26	2.37324e-05
299.28	2.31682e-05
299.3	2.26173e-05
299.32	2.20793e-05
299.34	2.15541e-05
299.36	2.10413e-05
299.38	2.05407e-05
299.4	2.00519e-05
299.42	1.95747e-05
299.44	1.91089e-05
299.46	1.86541e-05
299.48	1.82102e-05
299.5	1.77768e-05
299.52	1.73538e-05
299.54	1.69409e-05
299.56	1.65378e-05
299.58	1.61444e-05
299.6	1.57603e-05
299.62	1.53855e-05
299.64	1.50197e-05
299.66	1.46626e-05
299.68	1.43142e-05
299.7	1.3974e-05
299.72	1.36421e-05
299.74	1.33181e-05
299.76	1.30019e-05
299.78	1.26934e-05
299.8	1.23922e-05
299.82	1.20983e-05
299.84	1.18115e-05
299.86	1.15316e-05
299.88	1.12585e-05
299.9	1.0992e-05
299.92	1.07318e-05
299.94	1.0478e-05
299.96	1.02303e-05
299.98	9.98856e-06
300	9.75267e-06
300.02	9.52248e-06
300.04	9.29785e-06
300.06	9.07865e-06
300.08	8.86474e-06
300.1	8.656e-06
300.12	8.45231e-06
300.14	8.25354e-06
300.16	8.05958e-06
300.18	7.8703e-06
300.2	7.6856e-06
300.22	7.50535e-06
300.24	7.32947e-06
300.26	7.15783e-06
300.28	6.99034e-06
300.3	6.82689e-06
300.32	6.66739e-06
300.34	6.51174e-06
300.36	6.35984e-06
300.38	6.21161e-06
300.4	6.06696e-06
300.42	5.92579e-06
300.44	5.78803e-06
300.46	5.65358e-06
300.48	5.52238e-06
300.5	5.39433e-06
300.52	5.26936e-06
300.54	5.1474e-06
300.56	5.02838e-06
300.58	4.91221e-06
300.6	4.79884e-06
300.62	4.68819e-06
300.64	4.5802e-06
300.66	4.47479e-06
300.68	4.37191e-06
300.7	4.2715e-06
300.72	4.17349e-06
300.74	4.07783e-06
300.76	3.98446e-06
300.78	3.89332e-06
300.8	3.80436e-06
300.82	3.71752e-06
300.84	3.63275e-06
300.86	3.55e-06
300.88	3.46923e-06
300.9	3.39038e-06
300.92	3.3134e-06
300.94	3.23825e-06
300.96	3.16489e-06
300.98	3.09328e-06
301	3.02336e-06
301.02	2.95509e-06
301.04	2.88845e-06
301.06	2.82338e-06
301.08	2.75985e-06
301.1	2.69782e-06
301.12	2.63726e-06
301.14	2.57812e-06
301.16	2.52038e-06
301.18	2.464e-06
301.2	2.40894e-06
301.22	2.35518e-06
301.24	2.30268e-06
301.26	2.25141e-06
301.28	2.20134e-06
301.3	2.15245e-06
301.32	2.1047e-06
301.34	2.05806e-06
301.36	2.01252e-06
301.38	1.96804e-06
301.4	1.92459e-06
301.42	1.88216e-06
301.44	1.84071e-06
301.46	1.80023e-06
301.48	1.76068e-06
301.5	1.72206e-06
301.52	1.68432e-06
301.54	1.64747e-06
301.56	1.61146e-06
301.58	1.57628e-06
301.6	1.54192e-06
301.62	1.50835e-06
301.64	1.47555e-06
301.66	1.44351e-06
301.68	1.4122e-06
301.7	1.38161e-06
301.72	1.35172e-06
301.74	1.32252e-06
301.76	1.29398e-06
301.78	1.2661e-06
301.8	1.23885e-06
301.82	1.21223e-06
301.84	1.18621e-06
301.86	1.16078e-06
301.88	1.13593e-06
301.9	1.11164e-06
301.92	1.08791e-06
301.94	1.06471e-06
301.96	1.04204e-06
301.98	1.01988e-06
302	9.98218e-07
302.02	9.77046e-07
302.04	9.56352e-07
302.06	9.36123e-07
302.08	9.16349e-07
302.1	8.97019e-07
302.12	8.78122e-07
302.14	8.59649e-07
302.16	8.41588e-07
302.18	8.23932e-07
302.2	8.06669e-07
302.22	7.89792e-07
302.24	7.7329e-07
302.26	7.57155e-07
302.28	7.41379e-07
302.3	7.25953e-07
302.32	7.10869e-07
302.34	6.96119e-07
302.36	6.81695e-07
302.38	6.6759e-07
302.4	6.53796e-07
302.42	6.40306e-07
302.44	6.27114e-07
302.46	6.14211e-07
302.48	6.01591e-07
302.5	5.89249e-07
302.52	5.77176e-07
302.54	5.65368e-07
302.56	5.53818e-07
302.58	5.42521e-07
302.6	5.31469e-07
302.62	5.20659e-07
302.64	5.10084e-07
302.66	4.99738e-07
302.68	4.89617e-07
302.7	4.79715e-07
302.72	4.70028e-07
302.74	4.6055e-07
302.76	4.51277e-07
302.78	4.42204e-07
302.8	4.33327e-07
302.82	4.24641e-07
302.84	4.16141e-07
302.86	4.07824e-07
302.88	3.99686e-07
302.9	3.91721e-07
302.92	3.83927e-07
302.94	3.763e-07
302.96	3.68836e-07
302.98	3.6153e-07
303	3.5438e-07
303.02	3.47382e-07
303.04	3.40533e-07
303.06	3.33829e-07
303.08	3.27268e-07
303.1	3.20845e-07
303.12	3.14558e-07
303.14	3.08403e-07
303.16	3.02379e-07
303.18	2.96481e-07
303.2	2.90707e-07
303.22	2.85055e-07
303.24	2.79521e-07
303.26	2.74103e-07
303.28	2.68799e-07
303.3	2.63606e-07
303.32	2.58521e-07
303.34	2.53542e-07
303.36	2.48666e-07
303.38	2.43893e-07
303.4	2.39218e-07
303.42	2.3464e-07
303.44	2.30158e-07
303.46	2.25768e-07
303.48	2.21469e-07
303.5	2.17258e-07
303.52	2.13135e-07
303.54	2.09096e-07
303.56	2.05141e-07
303.58	2.01266e-07
303.6	1.97472e-07
303.62	1.93755e-07
303.64	1.90114e-07
303.66	1.86548e-07
303.68	1.83054e-07
303.7	1.79632e-07
303.72	1.76279e-07
303.74	1.72995e-07
303.76	1.69777e-07
303.78	1.66624e-07
303.8	1.63536e-07
303.82	1.6051e-07
303.84	1.57545e-07
303.86	1.5464e-07
303.88	1.51794e-07
303.9	1.49005e-07
303.92	1.46272e-07
303.94	1.43593e-07
303.96	1.40969e-07
303.98	1.38397e-07
304	1.35877e-07
304.02	1.33407e-07
304.04	1.30986e-07
304.06	1.28614e-07
304.08	1.26289e-07
304.1	1.2401e-07
304.12	1.21776e-07
304.14	1.19587e-07
304.16	1.1744e-07
304.18	1.15337e-07
304.2	1.13275e-07
304.22	1.11253e-07
304.24	1.09272e-07
304.26	1.07329e-07
304.28	1.05425e-07
304.3	1.03558e-07
304.32	1.01728e-07
304.34	9.99331e-08
304.36	9.81736e-08
304.38	9.64484e-08
304.4	9.47569e-08
304.42	9.30983e-08
304.44	9.14719e-08
304.46	8.98771e-08
304.48	8.83133e-08
304.5	8.67797e-08
304.52	8.52757e-08
304.54	8.38008e-08
304.56	8.23543e-08
304.58	8.09357e-08
304.6	7.95445e-08
304.62	7.81798e-08
304.64	7.68414e-08
304.66	7.55286e-08
304.68	7.42409e-08
304.7	7.29778e-08
304.72	7.17388e-08
304.74	7.05234e-08
304.76	6.93311e-08
304.78	6.81614e-08
304.8	6.70139e-08
304.82	6.58882e-08
304.84	6.47837e-08
304.86	6.37001e-08
304.88	6.2637e-08
304.9	6.15939e-08
304.92	6.05703e-08
304.94	5.9566e-08
304.96	5.85805e-08
304.98	5.76135e-08
305	5.66646e-08
305.02	5.57333e-08
305.04	5.48195e-08
305.06	5.39226e-08
305.08	5.30425e-08
305.1	5.21786e-08
305.12	5.13308e-08
305.14	5.04987e-08
305.16	4.9682e-08
305.18	4.88803e-08
305.2	4.80934e-08
305.22	4.7321e-08
305.24	4.65627e-08
305.26	4.58184e-08
305.28	4.50877e-08
305.3	4.43704e-08
305.32	4.36661e-08
305.34	4.29747e-08
305.36	4.22959e-08
305.38	4.16295e-08
305.4	4.09751e-08
305.42	4.03326e-08
305.44	3.97017e-08
305.46	3.90822e-08
305.48	3.84739e-08
305.5	3.78765e-08
305.52	3.72899e-08
305.54	3.67138e-08
305.56	3.6148e-08
305.58	3.55924e-08
305.6	3.50467e-08
305.62	3.45107e-08
305.64	3.39843e-08
305.66	3.34673e-08
305.68	3.29594e-08
305.7	3.24606e-08
305.72	3.19705e-08
305.74	3.14892e-08
305.76	3.10163e-08
305.78	3.05517e-08
305.8	3.00954e-08
305.82	2.9647e-08
305.84	2.92065e-08
305.86	2.87738e-08
305.88	2.83486e-08
305.9	2.79308e-08
305.92	2.75203e-08
305.94	2.71169e-08
305.96	2.67205e-08
305.98	2.6331e-08
306	2.59483e-08
306.02	2.55722e-08
306.04	2.52025e-08
306.06	2.48393e-08
306.08	2.44823e-08
306.1	2.41314e-08
306.12	2.37865e-08
306.14	2.34475e-08
306.16	2.31144e-08
306.18	2.27869e-08
306.2	2.2465e-08
306.22	2.21486e-08
306.24	2.18375e-08
306.26	2.15317e-08
306.28	2.12311e-08
306.3	2.09356e-08
306.32	2.0645e-08
306.34	2.03594e-08
306.36	2.00785e-08
306.38	1.98024e-08
306.4	1.95309e-08
306.42	1.92639e-08
306.44	1.90014e-08
306.46	1.87432e-08
306.48	1.84894e-08
306.5	1.82398e-08
306.52	1.79943e-08
306.54	1.77529e-08
306.56	1.75155e-08
306.58	1.7282e-08
306.6	1.70523e-08
306.62	1.68265e-08
306.64	1.66043e-08
306.66	1.63858e-08
306.68	1.61708e-08
306.7	1.59594e-08
306.72	1.57514e-08
306.74	1.55468e-08
306.76	1.53455e-08
306.78	1.51475e-08
306.8	1.49527e-08
306.82	1.47611e-08
306.84	1.45725e-08
306.86	1.4387e-08
306.88	1.42045e-08
306.9	1.40249e-08
306.92	1.38482e-08
306.94	1.36743e-08
306.96	1.35032e-08
306.98	1.33348e-08
307	1.31691e-08
307.02	1.30061e-08
307.04	1.28456e-08
307.06	1.26877e-08
307.08	1.25323e-08
307.1	1.23793e-08
307.12	1.22287e-08
307.14	1.20806e-08
307.16	1.19347e-08
307.18	1.17911e-08
307.2	1.16498e-08
307.22	1.15107e-08
307.24	1.13737e-08
307.26	1.12389e-08
307.28	1.11062e-08
307.3	1.09756e-08
307.32	1.08469e-08
307.34	1.07203e-08
307.36	1.05956e-08
307.38	1.04728e-08
307.4	1.0352e-08
307.42	1.0233e-08
307.44	1.01158e-08
307.46	1.00004e-08
307.48	9.88676e-09
307.5	9.77487e-09
307.52	9.66469e-09
307.54	9.55617e-09
307.56	9.44931e-09
307.58	9.34407e-09
307.6	9.24042e-09
307.62	9.13834e-09
307.64	9.03779e-09
307.66	8.93876e-09
307.68	8.84122e-09
307.7	8.74515e-09
307.72	8.65051e-09
307.74	8.55729e-09
307.76	8.46546e-09
307.78	8.375e-09
307.8	8.28589e-09
307.82	8.1981e-09
307.84	8.11161e-09
307.86	8.02641e-09
307.88	7.94246e-09
307.9	7.85976e-09
307.92	7.77827e-09
307.94	7.69798e-09
307.96	7.61888e-09
307.98	7.54093e-09
308	7.46412e-09
308.02	7.38844e-09
308.04	7.31386e-09
308.06	7.24037e-09
308.08	7.16795e-09
308.1	7.09658e-09
308.12	7.02624e-09
308.14	6.95693e-09
308.16	6.88861e-09
308.18	6.82129e-09
308.2	6.75493e-09
308.22	6.68953e-09
308.24	6.62507e-09
308.26	6.56153e-09
308.28	6.4989e-09
308.3	6.43718e-09
308.32	6.37633e-09
308.34	6.31635e-09
308.36	6.25722e-09
308.38	6.19894e-09
308.4	6.14148e-09
308.42	6.08484e-09
308.44	6.029e-09
308.46	5.97395e-09
308.48	5.91967e-09
308.5	5.86617e-09
308.52	5.81341e-09
308.54	5.7614e-09
308.56	5.71012e-09
308.58	5.65956e-09
308.6	5.6097e-09
308.62	5.56054e-09
308.64	5.51207e-09
308.66	5.46428e-09
308.68	5.41715e-09
308.7	5.37068e-09
308.72	5.32485e-09
308.74	5.27966e-09
308.76	5.2351e-09
308.78	5.19115e-09
308.8	5.14781e-09
308.82	5.10507e-09
308.84	5.06292e-09
308.86	5.02135e-09
308.88	4.98036e-09
308.9	4.93992e-09
308.92	4.90005e-09
308.94	4.86072e-09
308.96	4.82192e-09
308.98	4.78367e-09
309	4.74593e-09
309.02	4.70871e-09
309.04	4.672e-09
309.06	4.63579e-09
309.08	4.60007e-09
309.1	4.56484e-09
309.12	4.53008e-09
309.14	4.49581e-09
309.16	4.46199e-09
309.18	4.42864e-09
309.2	4.39574e-09
309.22	4.36328e-09
309.24	4.33126e-09
309.26	4.29968e-09
309.28	4.26852e-09
309.3	4.23779e-09
309.32	4.20747e-09
309.34	4.17756e-09
309.36	4.14805e-09
309.38	4.11894e-09
309.4	4.09023e-09
309.42	4.0619e-09
309.44	4.03395e-09
309.46	4.00638e-09
309.48	3.97918e-09
309.5	3.95235e-09
309.52	3.92588e-09
309.54	3.89976e-09
309.56	3.87399e-09
309.58	3.84858e-09
309.6	3.8235e-09
309.62	3.79876e-09
309.64	3.77435e-09
309.66	3.75027e-09
309.68	3.72652e-09
309.7	3.70308e-09
309.72	3.67996e-09
309.74	3.65715e-09
309.76	3.63465e-09
309.78	3.61245e-09
309.8	3.59055e-09
309.82	3.56894e-09
309.84	3.54763e-09
309.86	3.5266e-09
309.88	3.50586e-09
309.9	3.4854e-09
309.92	3.46521e-09
309.94	3.4453e-09
309.96	3.42565e-09
309.98	3.40627e-09
310	3.38716e-09
310.02	3.3683e-09
310.04	3.3497e-09
310.06	3.33135e-09
310.08	3.31325e-09
310.1	3.2954e-09
310.12	3.27779e-09
310.14	3.26043e-09
310.16	3.2433e-09
310.18	3.2264e-09
310.2	3.20974e-09
310.22	3.19331e-09
310.24	3.1771e-09
310.26	3.16111e-09
310.28	3.14535e-09
310.3	3.1298e-09
310.32	3.11447e-09
310.34	3.09936e-09
310.36	3.08445e-09
310.38	3.06976e-09
310.4	3.05526e-09
310.42	3.04098e-09
310.44	3.02689e-09
310.46	3.013e-09
310.48	2.99931e-09
310.5	2.98581e-09
310.52	2.97251e-09
310.54	2.95939e-09
310.56	2.94646e-09
310.58	2.93372e-09
310.6	2.92116e-09
310.62	2.90879e-09
310.64	2.89659e-09
310.66	2.88457e-09
310.68	2.87273e-09
310.7	2.86106e-09
310.72	2.84956e-09
310.74	2.83823e-09
310.76	2.82708e-09
310.78	2.81609e-09
310.8	2.80526e-09
310.82	2.7946e-09
310.84	2.7841e-09
310.86	2.77376e-09
310.88	2.76357e-09
310.9	2.75355e-09
310.92	2.74368e-09
310.94	2.73396e-09
310.96	2.7244e-09
310.98	2.71498e-09
311	2.70572e-09
311.02	2.6966e-09
311.04	2.68764e-09
311.06	2.67881e-09
311.08	2.67013e-09
311.1	2.66159e-09
311.12	2.6532e-09
311.14	2.64494e-09
311.16	2.63683e-09
311.18	2.62885e-09
311.2	2.621e-09
311.22	2.61329e-09
311.24	2.60572e-09
311.26	2.59828e-09
311.28	2.59097e-09
311.3	2.58379e-09
311.32	2.57674e-09
311.34	2.56982e-09
311.36	2.56302e-09
311.38	2.55636e-09
311.4	2.54981e-09
311.42	2.5434e-09
311.44	2.5371e-09
311.46	2.53093e-09
311.48	2.52488e-09
311.5	2.51895e-09
311.52	2.51314e-09
311.54	2.50745e-09
311.56	2.50188e-09
311.58	2.49643e-09
311.6	2.49109e-09
311.62	2.48587e-09
311.64	2.48076e-09
311.66	2.47576e-09
311.68	2.47089e-09
311.7	2.46612e-09
311.72	2.46146e-09
311.74	2.45692e-09
311.76	2.45249e-09
311.78	2.44817e-09
311.8	2.44395e-09
311.82	2.43985e-09
311.84	2.43585e-09
311.86	2.43197e-09
311.88	2.42818e-09
311.9	2.42451e-09
311.92	2.42094e-09
311.94	2.41748e-09
311.96	2.41412e-09
311.98	2.41087e-09
312	2.40772e-09
312.02	2.40467e-09
312.04	2.40173e-09
312.06	2.39889e-09
312.08	2.39615e-09
312.1	2.39352e-09
312.12	2.39098e-09
312.14	2.38855e-09
312.16	2.38622e-09
312.18	2.38398e-09
312.2	2.38185e-09
312.22	2.37982e-09
312.24	2.37789e-09
312.26	2.37605e-09
312.28	2.37432e-09
312.3	2.37268e-09
312.32	2.37114e-09
312.34	2.3697e-09
312.36	2.36836e-09
312.38	2.36712e-09
312.4	2.36597e-09
312.42	2.36492e-09
312.44	2.36397e-09
312.46	2.36312e-09
312.48	2.36236e-09
312.5	2.3617e-09
312.52	2.36113e-09
312.54	2.36066e-09
312.56	2.36029e-09
312.58	2.36002e-09
312.6	2.35984e-09
312.62	2.35976e-09
312.64	2.35977e-09
312.66	2.35989e-09
312.68	2.36009e-09
312.7	2.3604e-09
312.72	2.3608e-09
312.74	2.3613e-09
312.76	2.36189e-09
312.78	2.36258e-09
312.8	2.36337e-09
312.82	2.36425e-09
312.84	2.36523e-09
312.86	2.36631e-09
312.88	2.36749e-09
312.9	2.36876e-09
312.92	2.37013e-09
312.94	2.3716e-09
312.96	2.37317e-09
312.98	2.37483e-09
313	2.3766e-09
313.02	2.37846e-09
313.04	2.38042e-09
313.06	2.38249e-09
313.08	2.38465e-09
313.1	2.38691e-09
313.12	2.38927e-09
313.14	2.39173e-09
313.16	2.3943e-09
313.18	2.39696e-09
313.2	2.39973e-09
313.22	2.4026e-09
313.24	2.40557e-09
313.26	2.40865e-09
313.28	2.41183e-09
313.3	2.41511e-09
313.32	2.4185e-09
313.34	2.42199e-09
313.36	2.42559e-09
313.38	2.4293e-09
313.4	2.43311e-09
313.42	2.43703e-09
313.44	2.44106e-09
313.46	2.4452e-09
313.48	2.44945e-09
313.5	2.45381e-09
313.52	2.45827e-09
313.54	2.46286e-09
313.56	2.46755e-09
313.58	2.47236e-09
313.6	2.47728e-09
313.62	2.48231e-09
313.64	2.48746e-09
313.66	2.49273e-09
313.68	2.49812e-09
313.7	2.50362e-09
313.72	2.50925e-09
313.74	2.51499e-09
313.76	2.52086e-09
313.78	2.52684e-09
313.8	2.53296e-09
313.82	2.53919e-09
313.84	2.54555e-09
313.86	2.55204e-09
313.88	2.55866e-09
313.9	2.56541e-09
313.92	2.57228e-09
313.94	2.57929e-09
313.96	2.58643e-09
313.98	2.59371e-09
314	2.60112e-09
314.02	2.60866e-09
314.04	2.61635e-09
314.06	2.62417e-09
314.08	2.63214e-09
314.1	2.64025e-09
314.12	2.64851e-09
314.14	2.65691e-09
314.16	2.66546e-09
314.18	2.67415e-09
314.2	2.683e-09
314.22	2.692e-09
314.24	2.70116e-09
314.26	2.71047e-09
314.28	2.71994e-09
314.3	2.72957e-09
314.32	2.73937e-09
314.34	2.74933e-09
314.36	2.75945e-09
314.38	2.76975e-09
314.4	2.78021e-09
314.42	2.79085e-09
314.44	2.80166e-09
314.46	2.81265e-09
314.48	2.82382e-09
314.5	2.83518e-09
314.52	2.84672e-09
314.54	2.85844e-09
314.56	2.87036e-09
314.58	2.88247e-09
314.6	2.89478e-09
314.62	2.90728e-09
314.64	2.91999e-09
314.66	2.93291e-09
314.68	2.94603e-09
314.7	2.95936e-09
314.72	2.97291e-09
314.74	2.98667e-09
314.76	3.00066e-09
314.78	3.01487e-09
314.8	3.02931e-09
314.82	3.04399e-09
314.84	3.0589e-09
314.86	3.07405e-09
314.88	3.08944e-09
314.9	3.10508e-09
314.92	3.12098e-09
314.94	3.13713e-09
314.96	3.15355e-09
314.98	3.17023e-09
315	3.18718e-09
315.02	3.20441e-09
315.04	3.22192e-09
315.06	3.23972e-09
315.08	3.25781e-09
315.1	3.2762e-09
315.12	3.29489e-09
315.14	3.31389e-09
315.16	3.3332e-09
315.18	3.35284e-09
315.2	3.3728e-09
315.22	3.3931e-09
315.24	3.41374e-09
315.26	3.43473e-09
315.28	3.45608e-09
315.3	3.47779e-09
315.32	3.49987e-09
315.34	3.52233e-09
315.36	3.54518e-09
315.38	3.56842e-09
315.4	3.59207e-09
315.42	3.61614e-09
315.44	3.64062e-09
315.46	3.66555e-09
315.48	3.69092e-09
315.5	3.71674e-09
315.52	3.74303e-09
315.54	3.76979e-09
315.56	3.79705e-09
315.58	3.82481e-09
315.6	3.85308e-09
315.62	3.88189e-09
315.64	3.91123e-09
315.66	3.94113e-09
315.68	3.97161e-09
315.7	4.00267e-09
315.72	4.03434e-09
315.74	4.06663e-09
315.76	4.09955e-09
315.78	4.13314e-09
315.8	4.16741e-09
315.82	4.20237e-09
315.84	4.23805e-09
315.86	4.27448e-09
315.88	4.31167e-09
315.9	4.34966e-09
315.92	4.38846e-09
315.94	4.42811e-09
315.96	4.46864e-09
315.98	4.51007e-09
316	4.55245e-09
316.02	4.5958e-09
316.04	4.64016e-09
316.06	4.68557e-09
316.08	4.73207e-09
316.1	4.77971e-09
316.12	4.82853e-09
316.14	4.87859e-09
316.16	4.92995e-09
316.18	4.98265e-09
316.2	5.03677e-09
316.22	5.09236e-09
316.24	5.14952e-09
316.26	5.20832e-09
316.28	5.26884e-09
316.3	5.33119e-09
316.32	5.39547e-09
316.34	5.4618e-09
316.36	5.53032e-09
316.38	5.60118e-09
316.4	5.67453e-09
316.42	5.75057e-09
316.44	5.82952e-09
316.46	5.91164e-09
316.48	5.9972e-09
316.5	6.08657e-09
316.52	6.18015e-09
316.54	6.27847e-09
316.56	6.38215e-09
316.58	6.49204e-09
316.6	6.60923e-09
316.62	6.73524e-09
316.64	6.87231e-09
316.66	7.02403e-09
316.68	7.19677e-09
316.7	7.40399e-09
316.72	7.68141e-09
316.74	8.15982e-09
316.76	9.54085e-09
316.78	1.40297e-08
316.8	2.7695e-08
316.82	6.95833e-08
316.84	1.9146e-07
316.86	5.04332e-07
316.88	1.22762e-06
316.9	2.79484e-06
316.92	5.97032e-06
316.94	1.18459e-05
316.96	2.16108e-05
316.98	3.60527e-05
317	5.51233e-05
317.02	7.80752e-05
317.04	0.000103909
317.06	0.000131653
317.08	0.000160453
317.1	0.000189612
317.12	0.000218591
317.14	0.000247001
317.16	0.000274574
317.18	0.000301132
317.2	0.000326569
317.22	0.000350825
317.24	0.000373875
317.26	0.000395717
317.28	0.000416364
317.3	0.000435844
317.32	0.000454188
317.34	0.000471432
317.36	0.000487615
317.38	0.000502777
317.4	0.000516957
317.42	0.000530194
317.44	0.000542524
317.46	0.000553986
317.48	0.000564613
317.5	0.000574441
317.52	0.000583501
317.54	0.000591825
317.56	0.000599442
317.58	0.000606382
317.6	0.000612673
317.62	0.00061834
317.64	0.00062341
317.66	0.000627908
317.68	0.000631857
317.7	0.000635279
317.72	0.000638198
317.74	0.000640634
317.76	0.000642608
317.78	0.00064414
317.8	0.000645248
317.82	0.000645951
317.84	0.000646266
317.86	0.000646211
317.88	0.000645802
317.9	0.000645054
317.92	0.000643983
317.94	0.000642604
317.96	0.00064093
317.98	0.000638976
318	0.000636754
318.02	0.000634276
318.04	0.000631556
318.06	0.000628605
318.08	0.000625433
318.1	0.000622053
318.12	0.000618474
318.14	0.000614707
318.16	0.000610762
318.18	0.000606647
318.2	0.000602372
318.22	0.000597946
318.24	0.000593378
318.26	0.000588674
318.28	0.000583844
318.3	0.000578895
318.32	0.000573834
318.34	0.000568669
318.36	0.000563405
318.38	0.000558051
318.4	0.000552612
318.42	0.000547095
318.44	0.000541505
318.46	0.000535849
318.48	0.000530131
318.5	0.000524358
318.52	0.000518534
318.54	0.000512665
318.56	0.000506756
318.58	0.000500811
318.6	0.000494835
318.62	0.000488832
318.64	0.000482806
318.66	0.000476763
318.68	0.000470705
318.7	0.000464636
318.72	0.00045856
318.74	0.000452482
318.76	0.000446403
318.78	0.000440328
318.8	0.00043426
318.82	0.000428201
318.84	0.000422155
318.86	0.000416125
318.88	0.000410113
318.9	0.000404122
318.92	0.000398154
318.94	0.000392212
318.96	0.000386298
318.98	0.000380415
319	0.000374564
319.02	0.000368748
319.04	0.000362968
319.06	0.000357226
319.08	0.000351524
319.1	0.000345864
319.12	0.000340247
319.14	0.000334675
319.16	0.000329149
319.18	0.00032367
319.2	0.00031824
319.22	0.00031286
319.24	0.000307531
319.26	0.000302253
319.28	0.000297029
319.3	0.000291858
319.32	0.000286742
319.34	0.000281681
319.36	0.000276677
319.38	0.000271729
319.4	0.000266838
319.42	0.000262005
319.44	0.00025723
319.46	0.000252513
319.48	0.000247856
319.5	0.000243258
319.52	0.000238719
319.54	0.00023424
319.56	0.000229821
319.58	0.000225462
319.6	0.000221163
319.62	0.000216923
319.64	0.000212744
319.66	0.000208625
319.68	0.000204566
319.7	0.000200567
319.72	0.000196627
319.74	0.000192747
319.76	0.000188926
319.78	0.000185164
319.8	0.000181461
319.82	0.000177816
319.84	0.000174229
319.86	0.0001707
319.88	0.000167229
319.9	0.000163814
319.92	0.000160456
319.94	0.000157155
319.96	0.000153909
319.98	0.000150718
320	0.000147582
320.02	0.0001445
320.04	0.000141472
320.06	0.000138498
320.08	0.000135576
320.1	0.000132706
320.12	0.000129888
320.14	0.000127121
320.16	0.000124405
320.18	0.000121738
320.2	0.000119121
320.22	0.000116552
320.24	0.000114032
320.26	0.000111559
320.28	0.000109133
320.3	0.000106753
320.32	0.000104419
320.34	0.00010213
320.36	9.98853e-05
320.38	9.76846e-05
320.4	9.5527e-05
320.42	9.3412e-05
320.44	9.1339e-05
320.46	8.93072e-05
320.48	8.73162e-05
320.5	8.53652e-05
320.52	8.34537e-05
320.54	8.15811e-05
320.56	7.97466e-05
320.58	7.79498e-05
320.6	7.61899e-05
320.62	7.44665e-05
320.64	7.27788e-05
320.66	7.11263e-05
320.68	6.95084e-05
320.7	6.79245e-05
320.72	6.63741e-05
320.74	6.48564e-05
320.76	6.33711e-05
320.78	6.19174e-05
320.8	6.04948e-05
320.82	5.91028e-05
320.84	5.77408e-05
320.86	5.64083e-05
320.88	5.51047e-05
320.9	5.38295e-05
320.92	5.25821e-05
320.94	5.1362e-05
320.96	5.01688e-05
320.98	4.90018e-05
321	4.78607e-05
321.02	4.67448e-05
321.04	4.56537e-05
321.06	4.4587e-05
321.08	4.35441e-05
321.1	4.25245e-05
321.12	4.15279e-05
321.14	4.05537e-05
321.16	3.96014e-05
321.18	3.86708e-05
321.2	3.77612e-05
321.22	3.68723e-05
321.24	3.60036e-05
321.26	3.51548e-05
321.28	3.43254e-05
321.3	3.3515e-05
321.32	3.27232e-05
321.34	3.19497e-05
321.36	3.11939e-05
321.38	3.04557e-05
321.4	2.97345e-05
321.42	2.90301e-05
321.44	2.8342e-05
321.46	2.76699e-05
321.48	2.70135e-05
321.5	2.63724e-05
321.52	2.57463e-05
321.54	2.51348e-05
321.56	2.45377e-05
321.58	2.39546e-05
321.6	2.33852e-05
321.62	2.28293e-05
321.64	2.22864e-05
321.66	2.17564e-05
321.68	2.12388e-05
321.7	2.07336e-05
321.72	2.02403e-05
321.74	1.97587e-05
321.76	1.92885e-05
321.78	1.88295e-05
321.8	1.83815e-05
321.82	1.79441e-05
321.84	1.75171e-05
321.86	1.71003e-05
321.88	1.66935e-05
321.9	1.62964e-05
321.92	1.59088e-05
321.94	1.55305e-05
321.96	1.51612e-05
321.98	1.48008e-05
322	1.44491e-05
322.02	1.41057e-05
322.04	1.37707e-05
322.06	1.34436e-05
322.08	1.31245e-05
322.1	1.2813e-05
322.12	1.2509e-05
322.14	1.22124e-05
322.16	1.19229e-05
322.18	1.16403e-05
322.2	1.13646e-05
322.22	1.10956e-05
322.24	1.0833e-05
322.26	1.05767e-05
322.28	1.03267e-05
322.3	1.00827e-05
322.32	9.84454e-06
322.34	9.61217e-06
322.36	9.38541e-06
322.38	9.16412e-06
322.4	8.94819e-06
322.42	8.73747e-06
322.44	8.53184e-06
322.46	8.33118e-06
322.48	8.13538e-06
322.5	7.9443e-06
322.52	7.75784e-06
322.54	7.57588e-06
322.56	7.39832e-06
322.58	7.22505e-06
322.6	7.05597e-06
322.62	6.89096e-06
322.64	6.72995e-06
322.66	6.57281e-06
322.68	6.41947e-06
322.7	6.26983e-06
322.72	6.1238e-06
322.74	5.98129e-06
322.76	5.84221e-06
322.78	5.70649e-06
322.8	5.57404e-06
322.82	5.44477e-06
322.84	5.31862e-06
322.86	5.1955e-06
322.88	5.07534e-06
322.9	4.95807e-06
322.92	4.84362e-06
322.94	4.73191e-06
322.96	4.62289e-06
322.98	4.51649e-06
323	4.41263e-06
323.02	4.31127e-06
323.04	4.21233e-06
323.06	4.11576e-06
323.08	4.0215e-06
323.1	3.92949e-06
323.12	3.83968e-06
323.14	3.75202e-06
323.16	3.66645e-06
323.18	3.58292e-06
323.2	3.50138e-06
323.22	3.42178e-06
323.24	3.34407e-06
323.26	3.26821e-06
323.28	3.19416e-06
323.3	3.12186e-06
323.32	3.05128e-06
323.34	2.98237e-06
323.36	2.9151e-06
323.38	2.84942e-06
323.4	2.78529e-06
323.42	2.72267e-06
323.44	2.66153e-06
323.46	2.60184e-06
323.48	2.54355e-06
323.5	2.48664e-06
323.52	2.43106e-06
323.54	2.3768e-06
323.56	2.3238e-06
323.58	2.27205e-06
323.6	2.22151e-06
323.62	2.17216e-06
323.64	2.12396e-06
323.66	2.07689e-06
323.68	2.03092e-06
323.7	1.98602e-06
323.72	1.94216e-06
323.74	1.89933e-06
323.76	1.8575e-06
323.78	1.81663e-06
323.8	1.77672e-06
323.82	1.73773e-06
323.84	1.69965e-06
323.86	1.66245e-06
323.88	1.6261e-06
323.9	1.5906e-06
323.92	1.55592e-06
323.94	1.52203e-06
323.96	1.48893e-06
323.98	1.45659e-06
324	1.42499e-06
324.02	1.39411e-06
324.04	1.36395e-06
324.06	1.33447e-06
324.08	1.30567e-06
324.1	1.27753e-06
324.12	1.25003e-06
324.14	1.22316e-06
324.16	1.1969e-06
324.18	1.17123e-06
324.2	1.14615e-06
324.22	1.12164e-06
324.24	1.09769e-06
324.26	1.07428e-06
324.28	1.0514e-06
324.3	1.02903e-06
324.32	1.00717e-06
324.34	9.85807e-07
324.36	9.64922e-07
324.38	9.44507e-07
324.4	9.24551e-07
324.42	9.05043e-07
324.44	8.85973e-07
324.46	8.6733e-07
324.48	8.49104e-07
324.5	8.31285e-07
324.52	8.13864e-07
324.54	7.96832e-07
324.56	7.80179e-07
324.58	7.63897e-07
324.6	7.47977e-07
324.62	7.3241e-07
324.64	7.17188e-07
324.66	7.02303e-07
324.68	6.87748e-07
324.7	6.73514e-07
324.72	6.59595e-07
324.74	6.45982e-07
324.76	6.32669e-07
324.78	6.19648e-07
324.8	6.06914e-07
324.82	5.94459e-07
324.84	5.82278e-07
324.86	5.70362e-07
324.88	5.58708e-07
324.9	5.47308e-07
324.92	5.36156e-07
324.94	5.25248e-07
324.96	5.14576e-07
324.98	5.04137e-07
325	4.93925e-07
325.02	4.83934e-07
325.04	4.74159e-07
325.06	4.64596e-07
325.08	4.55239e-07
325.1	4.46084e-07
325.12	4.37127e-07
325.14	4.28362e-07
325.16	4.19786e-07
325.18	4.11394e-07
325.2	4.03182e-07
325.22	3.95147e-07
325.24	3.87283e-07
325.26	3.79587e-07
325.28	3.72055e-07
325.3	3.64684e-07
325.32	3.5747e-07
325.34	3.5041e-07
325.36	3.43499e-07
325.38	3.36736e-07
325.4	3.30115e-07
325.42	3.23635e-07
325.44	3.17291e-07
325.46	3.11082e-07
325.48	3.05004e-07
325.5	2.99053e-07
325.52	2.93228e-07
325.54	2.87525e-07
325.56	2.81942e-07
325.58	2.76476e-07
325.6	2.71125e-07
325.62	2.65885e-07
325.64	2.60755e-07
325.66	2.55732e-07
325.68	2.50813e-07
325.7	2.45997e-07
325.72	2.41281e-07
325.74	2.36663e-07
325.76	2.3214e-07
325.78	2.27711e-07
325.8	2.23374e-07
325.82	2.19127e-07
325.84	2.14967e-07
325.86	2.10892e-07
325.88	2.06902e-07
325.9	2.02993e-07
325.92	1.99165e-07
325.94	1.95416e-07
325.96	1.91743e-07
325.98	1.88145e-07
326	1.8462e-07
326.02	1.81168e-07
326.04	1.77786e-07
326.06	1.74472e-07
326.08	1.71226e-07
326.1	1.68046e-07
326.12	1.64931e-07
326.14	1.61878e-07
326.16	1.58887e-07
326.18	1.55957e-07
326.2	1.53085e-07
326.22	1.50272e-07
326.24	1.47515e-07
326.26	1.44813e-07
326.28	1.42166e-07
326.3	1.39571e-07
326.32	1.37029e-07
326.34	1.34538e-07
326.36	1.32096e-07
326.38	1.29703e-07
326.4	1.27357e-07
326.42	1.25058e-07
326.44	1.22805e-07
326.46	1.20597e-07
326.48	1.18432e-07
326.5	1.1631e-07
326.52	1.1423e-07
326.54	1.12191e-07
326.56	1.10192e-07
326.58	1.08233e-07
326.6	1.06312e-07
326.62	1.04429e-07
326.64	1.02582e-07
326.66	1.00772e-07
326.68	9.89974e-08
326.7	9.72573e-08
326.72	9.55511e-08
326.74	9.38781e-08
326.76	9.22377e-08
326.78	9.06291e-08
326.8	8.90517e-08
326.82	8.75048e-08
326.84	8.59879e-08
326.86	8.45002e-08
326.88	8.30413e-08
326.9	8.16104e-08
326.92	8.02071e-08
326.94	7.88307e-08
326.96	7.74807e-08
326.98	7.61566e-08
327	7.48579e-08
327.02	7.35838e-08
327.04	7.23342e-08
327.06	7.11083e-08
327.08	6.99057e-08
327.1	6.8726e-08
327.12	6.75687e-08
327.14	6.64333e-08
327.16	6.53193e-08
327.18	6.42264e-08
327.2	6.31542e-08
327.22	6.21021e-08
327.24	6.10698e-08
327.26	6.00569e-08
327.28	5.9063e-08
327.3	5.80877e-08
327.32	5.71306e-08
327.34	5.61915e-08
327.36	5.52698e-08
327.38	5.43653e-08
327.4	5.34776e-08
327.42	5.26064e-08
327.44	5.17514e-08
327.46	5.09122e-08
327.48	5.00885e-08
327.5	4.928e-08
327.52	4.84864e-08
327.54	4.77074e-08
327.56	4.69427e-08
327.58	4.6192e-08
327.6	4.54551e-08
327.62	4.47317e-08
327.64	4.40215e-08
327.66	4.33243e-08
327.68	4.26397e-08
327.7	4.19676e-08
327.72	4.13077e-08
327.74	4.06597e-08
327.76	4.00235e-08
327.78	3.93988e-08
327.8	3.87853e-08
327.82	3.81829e-08
327.84	3.75914e-08
327.86	3.70104e-08
327.88	3.64399e-08
327.9	3.58796e-08
327.92	3.53293e-08
327.94	3.47888e-08
327.96	3.4258e-08
327.98	3.37366e-08
328	3.32244e-08
328.02	3.27214e-08
328.04	3.22272e-08
328.06	3.17418e-08
328.08	3.1265e-08
328.1	3.07966e-08
328.12	3.03364e-08
328.14	2.98843e-08
328.16	2.94401e-08
328.18	2.90037e-08
328.2	2.85749e-08
328.22	2.81537e-08
328.24	2.77397e-08
328.26	2.7333e-08
328.28	2.69333e-08
328.3	2.65406e-08
328.32	2.61547e-08
328.34	2.57754e-08
328.36	2.54027e-08
328.38	2.50364e-08
328.4	2.46764e-08
328.42	2.43226e-08
328.44	2.39749e-08
328.46	2.36331e-08
328.48	2.32972e-08
328.5	2.2967e-08
328.52	2.26424e-08
328.54	2.23233e-08
328.56	2.20097e-08
328.58	2.17014e-08
328.6	2.13983e-08
328.62	2.11003e-08
328.64	2.08074e-08
328.66	2.05193e-08
328.68	2.02362e-08
328.7	1.99578e-08
328.72	1.9684e-08
328.74	1.94148e-08
328.76	1.91502e-08
328.78	1.88899e-08
328.8	1.8634e-08
328.82	1.83823e-08
328.84	1.81348e-08
328.86	1.78914e-08
328.88	1.7652e-08
328.9	1.74166e-08
328.92	1.71851e-08
328.94	1.69573e-08
328.96	1.67334e-08
328.98	1.6513e-08
329	1.62963e-08
329.02	1.60832e-08
329.04	1.58735e-08
329.06	1.56672e-08
329.08	1.54643e-08
329.1	1.52647e-08
329.12	1.50683e-08
329.14	1.48751e-08
329.16	1.4685e-08
329.18	1.4498e-08
329.2	1.43139e-08
329.22	1.41329e-08
329.24	1.39547e-08
329.26	1.37794e-08
329.28	1.36069e-08
329.3	1.34372e-08
329.32	1.32702e-08
329.34	1.31058e-08
329.36	1.2944e-08
329.38	1.27848e-08
329.4	1.26281e-08
329.42	1.24739e-08
329.44	1.23221e-08
329.46	1.21727e-08
329.48	1.20257e-08
329.5	1.18809e-08
329.52	1.17385e-08
329.54	1.15982e-08
329.56	1.14602e-08
329.58	1.13243e-08
329.6	1.11905e-08
329.62	1.10588e-08
329.64	1.09291e-08
329.66	1.08015e-08
329.68	1.06758e-08
329.7	1.0552e-08
329.72	1.04302e-08
329.74	1.03102e-08
329.76	1.01921e-08
329.78	1.00758e-08
329.8	9.96121e-09
329.82	9.84842e-09
329.84	9.73735e-09
329.86	9.62797e-09
329.88	9.52025e-09
329.9	9.41416e-09
329.92	9.30968e-09
329.94	9.20678e-09
329.96	9.10543e-09
329.98	9.00561e-09
330	8.90728e-09
330.02	8.81044e-09
330.04	8.71505e-09
330.06	8.62108e-09
330.08	8.52852e-09
330.1	8.43733e-09
330.12	8.34751e-09
330.14	8.25902e-09
330.16	8.17184e-09
330.18	8.08596e-09
330.2	8.00135e-09
330.22	7.91798e-09
330.24	7.83584e-09
330.26	7.75492e-09
330.28	7.67518e-09
330.3	7.59661e-09
330.32	7.5192e-09
330.34	7.44291e-09
330.36	7.36774e-09
330.38	7.29367e-09
330.4	7.22067e-09
330.42	7.14873e-09
330.44	7.07784e-09
330.46	7.00798e-09
330.48	6.93912e-09
330.5	6.87126e-09
330.52	6.80438e-09
330.54	6.73846e-09
330.56	6.67349e-09
330.58	6.60945e-09
330.6	6.54633e-09
330.62	6.48411e-09
330.64	6.42278e-09
330.66	6.36233e-09
330.68	6.30274e-09
330.7	6.24399e-09
330.72	6.18608e-09
330.74	6.129e-09
330.76	6.07272e-09
330.78	6.01723e-09
330.8	5.96253e-09
330.82	5.9086e-09
330.84	5.85544e-09
330.86	5.80301e-09
330.88	5.75133e-09
330.9	5.70037e-09
330.92	5.65012e-09
330.94	5.60058e-09
330.96	5.55173e-09
330.98	5.50356e-09
331	5.45606e-09
331.02	5.40923e-09
331.04	5.36304e-09
331.06	5.3175e-09
331.08	5.27259e-09
331.1	5.2283e-09
331.12	5.18462e-09
331.14	5.14154e-09
331.16	5.09907e-09
331.18	5.05717e-09
331.2	5.01585e-09
331.22	4.97511e-09
331.24	4.93492e-09
331.26	4.89528e-09
331.28	4.85619e-09
331.3	4.81763e-09
331.32	4.7796e-09
331.34	4.74209e-09
331.36	4.70509e-09
331.38	4.6686e-09
331.4	4.6326e-09
331.42	4.5971e-09
331.44	4.56208e-09
331.46	4.52753e-09
331.48	4.49345e-09
331.5	4.45984e-09
331.52	4.42668e-09
331.54	4.39397e-09
331.56	4.36171e-09
331.58	4.32988e-09
331.6	4.29848e-09
331.62	4.26751e-09
331.64	4.23696e-09
331.66	4.20681e-09
331.68	4.17708e-09
331.7	4.14775e-09
331.72	4.11881e-09
331.74	4.09026e-09
331.76	4.0621e-09
331.78	4.03431e-09
331.8	4.0069e-09
331.82	3.97986e-09
331.84	3.95318e-09
331.86	3.92687e-09
331.88	3.9009e-09
331.9	3.87529e-09
331.92	3.85002e-09
331.94	3.82509e-09
331.96	3.80049e-09
331.98	3.77623e-09
332	3.75229e-09
332.02	3.72867e-09
332.04	3.70537e-09
332.06	3.68239e-09
332.08	3.65971e-09
332.1	3.63734e-09
332.12	3.61527e-09
332.14	3.5935e-09
332.16	3.57202e-09
332.18	3.55083e-09
332.2	3.52993e-09
332.22	3.50931e-09
332.24	3.48897e-09
332.26	3.4689e-09
332.28	3.44911e-09
332.3	3.42958e-09
332.32	3.41032e-09
332.34	3.39131e-09
332.36	3.37257e-09
332.38	3.35408e-09
332.4	3.33585e-09
332.42	3.31786e-09
332.44	3.30011e-09
332.46	3.28261e-09
332.48	3.26535e-09
332.5	3.24833e-09
332.52	3.23154e-09
332.54	3.21498e-09
332.56	3.19864e-09
332.58	3.18254e-09
332.6	3.16665e-09
332.62	3.15099e-09
332.64	3.13554e-09
332.66	3.12031e-09
332.68	3.10529e-09
332.7	3.09048e-09
332.72	3.07588e-09
332.74	3.06148e-09
332.76	3.04729e-09
332.78	3.03329e-09
332.8	3.01949e-09
332.82	3.00589e-09
332.84	2.99249e-09
332.86	2.97927e-09
332.88	2.96624e-09
332.9	2.9534e-09
332.92	2.94075e-09
332.94	2.92828e-09
332.96	2.91599e-09
332.98	2.90388e-09
333	2.89194e-09
333.02	2.88018e-09
333.04	2.8686e-09
333.06	2.85719e-09
333.08	2.84594e-09
333.1	2.83487e-09
333.12	2.82396e-09
333.14	2.81321e-09
333.16	2.80263e-09
333.18	2.79221e-09
333.2	2.78195e-09
333.22	2.77185e-09
333.24	2.76191e-09
333.26	2.75211e-09
333.28	2.74248e-09
333.3	2.73299e-09
333.32	2.72366e-09
333.34	2.71447e-09
333.36	2.70543e-09
333.38	2.69654e-09
333.4	2.6878e-09
333.42	2.67919e-09
333.44	2.67073e-09
333.46	2.66241e-09
333.48	2.65423e-09
333.5	2.64619e-09
333.52	2.63829e-09
333.54	2.63052e-09
333.56	2.62289e-09
333.58	2.61539e-09
333.6	2.60802e-09
333.62	2.60079e-09
333.64	2.59368e-09
333.66	2.58671e-09
333.68	2.57986e-09
333.7	2.57314e-09
333.72	2.56655e-09
333.74	2.56008e-09
333.76	2.55374e-09
333.78	2.54752e-09
333.8	2.54143e-09
333.82	2.53545e-09
333.84	2.5296e-09
333.86	2.52386e-09
333.88	2.51825e-09
333.9	2.51275e-09
333.92	2.50737e-09
333.94	2.50211e-09
333.96	2.49696e-09
333.98	2.49193e-09
334	2.48701e-09
334.02	2.48221e-09
334.04	2.47752e-09
334.06	2.47294e-09
334.08	2.46847e-09
334.1	2.46412e-09
334.12	2.45987e-09
334.14	2.45574e-09
334.16	2.45171e-09
334.18	2.44779e-09
334.2	2.44398e-09
334.22	2.44028e-09
334.24	2.43668e-09
334.26	2.43319e-09
334.28	2.42981e-09
334.3	2.42653e-09
334.32	2.42335e-09
334.34	2.42028e-09
334.36	2.41732e-09
334.38	2.41445e-09
334.4	2.41169e-09
334.42	2.40904e-09
334.44	2.40648e-09
334.46	2.40403e-09
334.48	2.40168e-09
334.5	2.39943e-09
334.52	2.39728e-09
334.54	2.39523e-09
334.56	2.39328e-09
334.58	2.39143e-09
334.6	2.38968e-09
334.62	2.38803e-09
334.64	2.38648e-09
334.66	2.38503e-09
334.68	2.38368e-09
334.7	2.38242e-09
334.72	2.38127e-09
334.74	2.38021e-09
334.76	2.37925e-09
334.78	2.37839e-09
334.8	2.37762e-09
334.82	2.37696e-09
334.84	2.37639e-09
334.86	2.37591e-09
334.88	2.37554e-09
334.9	2.37526e-09
334.92	2.37508e-09
334.94	2.375e-09
334.96	2.37501e-09
334.98	2.37512e-09
335	2.37533e-09
335.02	2.37564e-09
335.04	2.37604e-09
335.06	2.37654e-09
335.08	2.37714e-09
335.1	2.37783e-09
335.12	2.37863e-09
335.14	2.37952e-09
335.16	2.3805e-09
335.18	2.38159e-09
335.2	2.38278e-09
335.22	2.38406e-09
335.24	2.38544e-09
335.26	2.38692e-09
335.28	2.3885e-09
335.3	2.39017e-09
335.32	2.39195e-09
335.34	2.39383e-09
335.36	2.3958e-09
335.38	2.39788e-09
335.4	2.40006e-09
335.42	2.40234e-09
335.44	2.40471e-09
335.46	2.4072e-09
335.48	2.40978e-09
335.5	2.41246e-09
335.52	2.41525e-09
335.54	2.41814e-09
335.56	2.42114e-09
335.58	2.42424e-09
335.6	2.42744e-09
335.62	2.43075e-09
335.64	2.43416e-09
335.66	2.43768e-09
335.68	2.44131e-09
335.7	2.44505e-09
335.72	2.44889e-09
335.74	2.45284e-09
335.76	2.4569e-09
335.78	2.46107e-09
335.8	2.46535e-09
335.82	2.46974e-09
335.84	2.47425e-09
335.86	2.47887e-09
335.88	2.4836e-09
335.9	2.48844e-09
335.92	2.4934e-09
335.94	2.49847e-09
335.96	2.50367e-09
335.98	2.50898e-09
336	2.51441e-09
336.02	2.51995e-09
336.04	2.52562e-09
336.06	2.53141e-09
336.08	2.53732e-09
336.1	2.54336e-09
336.12	2.54952e-09
336.14	2.55581e-09
336.16	2.56222e-09
336.18	2.56876e-09
336.2	2.57543e-09
336.22	2.58223e-09
336.24	2.58916e-09
336.26	2.59623e-09
336.28	2.60343e-09
336.3	2.61076e-09
336.32	2.61823e-09
336.34	2.62584e-09
336.36	2.63359e-09
336.38	2.64148e-09
336.4	2.64951e-09
336.42	2.65769e-09
336.44	2.66601e-09
336.46	2.67448e-09
336.48	2.6831e-09
336.5	2.69187e-09
336.52	2.70079e-09
336.54	2.70987e-09
336.56	2.7191e-09
336.58	2.72849e-09
336.6	2.73805e-09
336.62	2.74776e-09
336.64	2.75763e-09
336.66	2.76768e-09
336.68	2.77789e-09
336.7	2.78827e-09
336.72	2.79882e-09
336.74	2.80955e-09
336.76	2.82046e-09
336.78	2.83154e-09
336.8	2.84281e-09
336.82	2.85426e-09
336.84	2.8659e-09
336.86	2.87773e-09
336.88	2.88975e-09
336.9	2.90197e-09
336.92	2.91438e-09
336.94	2.927e-09
336.96	2.93982e-09
336.98	2.95285e-09
337	2.96608e-09
337.02	2.97954e-09
337.04	2.9932e-09
337.06	3.00709e-09
337.08	3.02121e-09
337.1	3.03555e-09
337.12	3.05012e-09
337.14	3.06492e-09
337.16	3.07997e-09
337.18	3.09526e-09
337.2	3.11079e-09
337.22	3.12658e-09
337.24	3.14262e-09
337.26	3.15893e-09
337.28	3.17549e-09
337.3	3.19233e-09
337.32	3.20944e-09
337.34	3.22683e-09
337.36	3.24451e-09
337.38	3.26247e-09
337.4	3.28074e-09
337.42	3.2993e-09
337.44	3.31817e-09
337.46	3.33735e-09
337.48	3.35685e-09
337.5	3.37668e-09
337.52	3.39684e-09
337.54	3.41734e-09
337.56	3.43818e-09
337.58	3.45938e-09
337.6	3.48094e-09
337.62	3.50286e-09
337.64	3.52516e-09
337.66	3.54785e-09
337.68	3.57093e-09
337.7	3.59441e-09
337.72	3.6183e-09
337.74	3.64262e-09
337.76	3.66736e-09
337.78	3.69254e-09
337.8	3.71818e-09
337.82	3.74427e-09
337.84	3.77084e-09
337.86	3.79789e-09
337.88	3.82544e-09
337.9	3.8535e-09
337.92	3.88208e-09
337.94	3.9112e-09
337.96	3.94087e-09
337.98	3.97111e-09
338	4.00192e-09
338.02	4.03333e-09
338.04	4.06536e-09
338.06	4.09802e-09
338.08	4.13133e-09
338.1	4.16531e-09
338.12	4.19997e-09
338.14	4.23535e-09
338.16	4.27146e-09
338.18	4.30833e-09
338.2	4.34598e-09
338.22	4.38443e-09
338.24	4.42372e-09
338.26	4.46387e-09
338.28	4.50491e-09
338.3	4.54688e-09
338.32	4.5898e-09
338.34	4.63372e-09
338.36	4.67867e-09
338.38	4.7247e-09
338.4	4.77184e-09
338.42	4.82014e-09
338.44	4.86966e-09
338.46	4.92044e-09
338.48	4.97254e-09
338.5	5.02602e-09
338.52	5.08096e-09
338.54	5.13741e-09
338.56	5.19546e-09
338.58	5.2552e-09
338.6	5.31672e-09
338.62	5.38011e-09
338.64	5.4455e-09
338.66	5.51301e-09
338.68	5.58277e-09
338.7	5.65496e-09
338.72	5.72973e-09
338.74	5.8073e-09
338.76	5.88791e-09
338.78	5.97181e-09
338.8	6.05933e-09
338.82	6.15086e-09
338.84	6.24684e-09
338.86	6.34785e-09
338.88	6.45462e-09
338.9	6.56809e-09
338.92	6.68954e-09
338.94	6.82079e-09
338.96	6.96461e-09
338.98	7.12566e-09
339	7.31285e-09
339.02	7.547e-09
339.04	7.89127e-09
339.06	8.64098e-09
339.08	1.10275e-08
339.1	1.86109e-08
339.12	4.17066e-08
339.14	1.11787e-07
339.16	3.04755e-07
339.18	7.7339e-07
339.2	1.822e-06
339.22	4.02978e-06
339.24	8.32739e-06
339.26	1.58969e-05
339.28	2.78071e-05
339.3	4.44716e-05
339.32	6.54583e-05
339.34	8.98523e-05
339.36	0.000116649
339.38	0.00014493
339.4	0.000173914
339.42	0.000202983
339.44	0.000231671
339.46	0.000259652
339.48	0.000286704
339.5	0.000312687
339.52	0.000337519
339.54	0.000361157
339.56	0.000383588
339.58	0.000404819
339.6	0.00042487
339.62	0.00044377
339.64	0.000461553
339.66	0.000478257
339.68	0.000493921
339.7	0.000508584
339.72	0.000522285
339.74	0.000535063
339.76	0.000546954
339.78	0.000557995
339.8	0.000568219
339.82	0.00057766
339.84	0.00058635
339.86	0.000594319
339.88	0.000601597
339.9	0.000608213
339.92	0.000614192
339.94	0.000619562
339.96	0.000624348
339.98	0.000628573
340	0.000632262
340.02	0.000635436
340.04	0.000638117
340.06	0.000640326
340.08	0.000642083
340.1	0.000643408
340.12	0.000644319
340.14	0.000644833
340.16	0.00064497
340.18	0.000644744
340.2	0.000644172
340.22	0.00064327
340.24	0.000642052
340.26	0.000640533
340.28	0.000638727
340.3	0.000636646
340.32	0.000634305
340.34	0.000631715
340.36	0.000628888
340.38	0.000625835
340.4	0.000622569
340.42	0.000619099
340.44	0.000615435
340.46	0.000611589
340.48	0.000607568
340.5	0.000603384
340.52	0.000599044
340.54	0.000594557
340.56	0.000589931
340.58	0.000585175
340.6	0.000580296
340.62	0.000575302
340.64	0.0005702
340.66	0.000564996
340.68	0.000559699
340.7	0.000554313
340.72	0.000548846
340.74	0.000543304
340.76	0.000537692
340.78	0.000532016
340.8	0.000526282
340.82	0.000520495
340.84	0.000514661
340.86	0.000508783
340.88	0.000502867
340.9	0.000496918
340.92	0.00049094
340.94	0.000484937
340.96	0.000478914
340.98	0.000472875
341	0.000466823
341.02	0.000460762
341.04	0.000454697
341.06	0.000448629
341.08	0.000442564
341.1	0.000436503
341.12	0.000430451
341.14	0.00042441
341.16	0.000418383
341.18	0.000412373
341.2	0.000406383
341.22	0.000400414
341.24	0.00039447
341.26	0.000388554
341.28	0.000382666
341.3	0.00037681
341.32	0.000370987
341.34	0.000365199
341.36	0.000359449
341.38	0.000353737
341.4	0.000348067
341.42	0.000342439
341.44	0.000336854
341.46	0.000331315
341.48	0.000325823
341.5	0.000320378
341.52	0.000314983
341.54	0.000309638
341.56	0.000304344
341.58	0.000299103
341.6	0.000293915
341.62	0.00028878
341.64	0.000283701
341.66	0.000278678
341.68	0.00027371
341.7	0.0002688
341.72	0.000263946
341.74	0.000259151
341.76	0.000254414
341.78	0.000249736
341.8	0.000245116
341.82	0.000240556
341.84	0.000236055
341.86	0.000231614
341.88	0.000227233
341.9	0.000222912
341.92	0.00021865
341.94	0.000214449
341.96	0.000210307
341.98	0.000206226
342	0.000202204
342.02	0.000198241
342.04	0.000194339
342.06	0.000190495
342.08	0.00018671
342.1	0.000182984
342.12	0.000179317
342.14	0.000175708
342.16	0.000172157
342.18	0.000168663
342.2	0.000165226
342.22	0.000161846
342.24	0.000158522
342.26	0.000155254
342.28	0.000152042
342.3	0.000148884
342.32	0.000145781
342.34	0.000142732
342.36	0.000139736
342.38	0.000136793
342.4	0.000133903
342.42	0.000131064
342.44	0.000128276
342.46	0.00012554
342.48	0.000122853
342.5	0.000120216
342.52	0.000117628
342.54	0.000115088
342.56	0.000112596
342.58	0.000110151
342.6	0.000107752
342.62	0.0001054
342.64	0.000103092
342.66	0.00010083
342.68	9.8611e-05
342.7	9.64358e-05
342.72	9.43034e-05
342.74	9.22132e-05
342.76	9.01646e-05
342.78	8.81568e-05
342.8	8.61894e-05
342.82	8.42617e-05
342.84	8.23731e-05
342.86	8.05229e-05
342.88	7.87106e-05
342.9	7.69355e-05
342.92	7.5197e-05
342.94	7.34945e-05
342.96	7.18275e-05
342.98	7.01953e-05
343	6.85974e-05
343.02	6.7033e-05
343.04	6.55018e-05
343.06	6.4003e-05
343.08	6.25362e-05
343.1	6.11007e-05
343.12	5.9696e-05
343.14	5.83215e-05
343.16	5.69767e-05
343.18	5.5661e-05
343.2	5.43739e-05
343.22	5.31149e-05
343.24	5.18834e-05
343.26	5.0679e-05
343.28	4.9501e-05
343.3	4.83491e-05
343.32	4.72226e-05
343.34	4.61211e-05
343.36	4.50442e-05
343.38	4.39912e-05
343.4	4.29619e-05
343.42	4.19556e-05
343.44	4.09719e-05
343.46	4.00104e-05
343.48	3.90707e-05
343.5	3.81522e-05
343.52	3.72546e-05
343.54	3.63774e-05
343.56	3.55202e-05
343.58	3.46826e-05
343.6	3.38642e-05
343.62	3.30645e-05
343.64	3.22832e-05
343.66	3.152e-05
343.68	3.07743e-05
343.7	3.00459e-05
343.72	2.93344e-05
343.74	2.86393e-05
343.76	2.79605e-05
343.78	2.72974e-05
343.8	2.66498e-05
343.82	2.60173e-05
343.84	2.53996e-05
343.86	2.47964e-05
343.88	2.42073e-05
343.9	2.36321e-05
343.92	2.30704e-05
343.94	2.2522e-05
343.96	2.19865e-05
343.98	2.14636e-05
344	2.09531e-05
344.02	2.04547e-05
344.04	1.99681e-05
344.06	1.94931e-05
344.08	1.90293e-05
344.1	1.85766e-05
344.12	1.81346e-05
344.14	1.77032e-05
344.16	1.7282e-05
344.18	1.68709e-05
344.2	1.64696e-05
344.22	1.6078e-05
344.24	1.56957e-05
344.26	1.53225e-05
344.28	1.49583e-05
344.3	1.46028e-05
344.32	1.42559e-05
344.34	1.39173e-05
344.36	1.35868e-05
344.38	1.32642e-05
344.4	1.29495e-05
344.42	1.26422e-05
344.44	1.23424e-05
344.46	1.20498e-05
344.48	1.17643e-05
344.5	1.14856e-05
344.52	1.12137e-05
344.54	1.09483e-05
344.56	1.06893e-05
344.58	1.04366e-05
344.6	1.019e-05
344.62	9.9493e-06
344.64	9.71443e-06
344.66	9.48524e-06
344.68	9.26158e-06
344.7	9.04333e-06
344.72	8.83035e-06
344.74	8.62251e-06
344.76	8.4197e-06
344.78	8.22179e-06
344.8	8.02865e-06
344.82	7.84019e-06
344.84	7.65627e-06
344.86	7.4768e-06
344.88	7.30167e-06
344.9	7.13076e-06
344.92	6.96398e-06
344.94	6.80123e-06
344.96	6.6424e-06
344.98	6.48741e-06
345	6.33615e-06
345.02	6.18855e-06
345.04	6.0445e-06
345.06	5.90392e-06
345.08	5.76674e-06
345.1	5.63285e-06
345.12	5.50219e-06
345.14	5.37468e-06
345.16	5.25023e-06
345.18	5.12878e-06
345.2	5.01024e-06
345.22	4.89456e-06
345.24	4.78165e-06
345.26	4.67145e-06
345.28	4.5639e-06
345.3	4.45893e-06
345.32	4.35647e-06
345.34	4.25646e-06
345.36	4.15885e-06
345.38	4.06358e-06
345.4	3.97058e-06
345.42	3.87981e-06
345.44	3.7912e-06
345.46	3.70471e-06
345.48	3.62028e-06
345.5	3.53786e-06
345.52	3.45741e-06
345.54	3.37887e-06
345.56	3.3022e-06
345.58	3.22735e-06
345.6	3.15428e-06
345.62	3.08294e-06
345.64	3.01329e-06
345.66	2.9453e-06
345.68	2.87891e-06
345.7	2.81409e-06
345.72	2.75081e-06
345.74	2.68902e-06
345.76	2.62869e-06
345.78	2.56978e-06
345.8	2.51225e-06
345.82	2.45608e-06
345.84	2.40124e-06
345.86	2.34768e-06
345.88	2.29538e-06
345.9	2.2443e-06
345.92	2.19442e-06
345.94	2.14571e-06
345.96	2.09814e-06
345.98	2.05168e-06
346	2.0063e-06
346.02	1.96198e-06
346.04	1.9187e-06
346.06	1.87642e-06
346.08	1.83512e-06
346.1	1.79479e-06
346.12	1.75539e-06
346.14	1.7169e-06
346.16	1.6793e-06
346.18	1.64258e-06
346.2	1.6067e-06
346.22	1.57165e-06
346.24	1.53741e-06
346.26	1.50396e-06
346.28	1.47128e-06
346.3	1.43934e-06
346.32	1.40815e-06
346.34	1.37766e-06
346.36	1.34788e-06
346.38	1.31878e-06
346.4	1.29034e-06
346.42	1.26255e-06
346.44	1.2354e-06
346.46	1.20886e-06
346.48	1.18293e-06
346.5	1.15759e-06
346.52	1.13283e-06
346.54	1.10862e-06
346.56	1.08497e-06
346.58	1.06185e-06
346.6	1.03925e-06
346.62	1.01716e-06
346.64	9.95576e-07
346.66	9.74475e-07
346.68	9.53849e-07
346.7	9.33686e-07
346.72	9.13977e-07
346.74	8.94709e-07
346.76	8.75874e-07
346.78	8.5746e-07
346.8	8.39457e-07
346.82	8.21857e-07
346.84	8.0465e-07
346.86	7.87826e-07
346.88	7.71376e-07
346.9	7.55292e-07
346.92	7.39566e-07
346.94	7.24188e-07
346.96	7.09151e-07
346.98	6.94447e-07
347	6.80067e-07
347.02	6.66006e-07
347.04	6.52254e-07
347.06	6.38805e-07
347.08	6.25652e-07
347.1	6.12788e-07
347.12	6.00207e-07
347.14	5.87901e-07
347.16	5.75865e-07
347.18	5.64092e-07
347.2	5.52577e-07
347.22	5.41312e-07
347.24	5.30293e-07
347.26	5.19514e-07
347.28	5.0897e-07
347.3	4.98654e-07
347.32	4.88562e-07
347.34	4.78689e-07
347.36	4.6903e-07
347.38	4.59579e-07
347.4	4.50332e-07
347.42	4.41285e-07
347.44	4.32432e-07
347.46	4.2377e-07
347.48	4.15294e-07
347.5	4.07e-07
347.52	3.98884e-07
347.54	3.90942e-07
347.56	3.83169e-07
347.58	3.75563e-07
347.6	3.68118e-07
347.62	3.60833e-07
347.64	3.53702e-07
347.66	3.46723e-07
347.68	3.39892e-07
347.7	3.33206e-07
347.72	3.26661e-07
347.74	3.20255e-07
347.76	3.13984e-07
347.78	3.07846e-07
347.8	3.01837e-07
347.82	2.95954e-07
347.84	2.90195e-07
347.86	2.84557e-07
347.88	2.79037e-07
347.9	2.73633e-07
347.92	2.68342e-07
347.94	2.63162e-07
347.96	2.58089e-07
347.98	2.53123e-07
348	2.48259e-07
348.02	2.43497e-07
348.04	2.38834e-07
348.06	2.34267e-07
348.08	2.29795e-07
348.1	2.25416e-07
348.12	2.21127e-07
348.14	2.16926e-07
348.16	2.12813e-07
348.18	2.08783e-07
348.2	2.04837e-07
348.22	2.00972e-07
348.24	1.97186e-07
348.26	1.93477e-07
348.28	1.89845e-07
348.3	1.86286e-07
348.32	1.82801e-07
348.34	1.79386e-07
348.36	1.76041e-07
348.38	1.72764e-07
348.4	1.69553e-07
348.42	1.66407e-07
348.44	1.63326e-07
348.46	1.60306e-07
348.48	1.57348e-07
348.5	1.54449e-07
348.52	1.51608e-07
348.54	1.48825e-07
348.56	1.46098e-07
348.58	1.43425e-07
348.6	1.40806e-07
348.62	1.3824e-07
348.64	1.35724e-07
348.66	1.33259e-07
348.68	1.30844e-07
348.7	1.28476e-07
348.72	1.26155e-07
348.74	1.23881e-07
348.76	1.21651e-07
348.78	1.19466e-07
348.8	1.17324e-07
348.82	1.15225e-07
348.84	1.13167e-07
348.86	1.11149e-07
348.88	1.09171e-07
348.9	1.07232e-07
348.92	1.05332e-07
348.94	1.03468e-07
348.96	1.01641e-07
348.98	9.98495e-08
349	9.80932e-08
349.02	9.63711e-08
349.04	9.46825e-08
349.06	9.30268e-08
349.08	9.14033e-08
349.1	8.98113e-08
349.12	8.82501e-08
349.14	8.67191e-08
349.16	8.52176e-08
349.18	8.37452e-08
349.2	8.23011e-08
349.22	8.08849e-08
349.24	7.94958e-08
349.26	7.81334e-08
349.28	7.67971e-08
349.3	7.54864e-08
349.32	7.42007e-08
349.34	7.29396e-08
349.36	7.17025e-08
349.38	7.04889e-08
349.4	6.92984e-08
349.42	6.81305e-08
349.44	6.69848e-08
349.46	6.58607e-08
349.48	6.47578e-08
349.5	6.36758e-08
349.52	6.26142e-08
349.54	6.15726e-08
349.56	6.05504e-08
349.58	5.95475e-08
349.6	5.85634e-08
349.62	5.75977e-08
349.64	5.66501e-08
349.66	5.57201e-08
349.68	5.48075e-08
349.7	5.39118e-08
349.72	5.30328e-08
349.74	5.217e-08
349.76	5.13233e-08
349.78	5.04922e-08
349.8	4.96765e-08
349.82	4.88758e-08
349.84	4.80898e-08
349.86	4.73183e-08
349.88	4.6561e-08
349.9	4.58176e-08
349.92	4.50877e-08
349.94	4.43712e-08
349.96	4.36677e-08
349.98	4.29771e-08
350	4.22991e-08
350.02	4.16333e-08
350.04	4.09796e-08
350.06	4.03378e-08
350.08	3.97076e-08
350.1	3.90887e-08
350.12	3.8481e-08
350.14	3.78843e-08
350.16	3.72982e-08
350.18	3.67227e-08
350.2	3.61575e-08
350.22	3.56024e-08
350.24	3.50572e-08
350.26	3.45217e-08
350.28	3.39958e-08
350.3	3.34792e-08
350.32	3.29718e-08
350.34	3.24733e-08
350.36	3.19837e-08
350.38	3.15027e-08
350.4	3.10303e-08
350.42	3.05661e-08
350.44	3.01101e-08
350.46	2.96621e-08
350.48	2.92219e-08
350.5	2.87895e-08
350.52	2.83646e-08
350.54	2.79471e-08
350.56	2.75369e-08
350.58	2.71338e-08
350.6	2.67377e-08
350.62	2.63485e-08
350.64	2.5966e-08
350.66	2.55901e-08
350.68	2.52207e-08
350.7	2.48576e-08
350.72	2.45008e-08
350.74	2.41501e-08
350.76	2.38055e-08
350.78	2.34667e-08
350.8	2.31337e-08
350.82	2.28064e-08
350.84	2.24846e-08
350.86	2.21684e-08
350.88	2.18574e-08
350.9	2.15518e-08
350.92	2.12513e-08
350.94	2.09559e-08
350.96	2.06655e-08
350.98	2.038e-08
351	2.00992e-08
351.02	1.98232e-08
351.04	1.95518e-08
351.06	1.92849e-08
351.08	1.90225e-08
351.1	1.87644e-08
351.12	1.85107e-08
351.14	1.82611e-08
351.16	1.80157e-08
351.18	1.77744e-08
351.2	1.7537e-08
351.22	1.73035e-08
351.24	1.70739e-08
351.26	1.68481e-08
351.28	1.6626e-08
351.3	1.64075e-08
351.32	1.61926e-08
351.34	1.59812e-08
351.36	1.57732e-08
351.38	1.55687e-08
351.4	1.53674e-08
351.42	1.51694e-08
351.44	1.49747e-08
351.46	1.4783e-08
351.48	1.45945e-08
351.5	1.4409e-08
351.52	1.42265e-08
351.54	1.40469e-08
351.56	1.38701e-08
351.58	1.36963e-08
351.6	1.35252e-08
351.62	1.33568e-08
351.64	1.31911e-08
351.66	1.3028e-08
351.68	1.28675e-08
351.7	1.27096e-08
351.72	1.25541e-08
351.74	1.24011e-08
351.76	1.22506e-08
351.78	1.21023e-08
351.8	1.19565e-08
351.82	1.18129e-08
351.84	1.16715e-08
351.86	1.15324e-08
351.88	1.13954e-08
351.9	1.12605e-08
351.92	1.11278e-08
351.94	1.09971e-08
351.96	1.08684e-08
351.98	1.07418e-08
352	1.0617e-08
352.02	1.04942e-08
352.04	1.03733e-08
352.06	1.02543e-08
352.08	1.01371e-08
352.1	1.00216e-08
352.12	9.90795e-09
352.14	9.79601e-09
352.16	9.68578e-09
352.18	9.57722e-09
352.2	9.47031e-09
352.22	9.36502e-09
352.24	9.26133e-09
352.26	9.15919e-09
352.28	9.0586e-09
352.3	8.95952e-09
352.32	8.86193e-09
352.34	8.7658e-09
352.36	8.67111e-09
352.38	8.57784e-09
352.4	8.48596e-09
352.42	8.39545e-09
352.44	8.30628e-09
352.46	8.21844e-09
352.48	8.1319e-09
352.5	8.04664e-09
352.52	7.96264e-09
352.54	7.87988e-09
352.56	7.79834e-09
352.58	7.71799e-09
352.6	7.63883e-09
352.62	7.56083e-09
352.64	7.48396e-09
352.66	7.40823e-09
352.68	7.33359e-09
352.7	7.26004e-09
352.72	7.18757e-09
352.74	7.11614e-09
352.76	7.04575e-09
352.78	6.97638e-09
352.8	6.90801e-09
352.82	6.84063e-09
352.84	6.77421e-09
352.86	6.70876e-09
352.88	6.64424e-09
352.9	6.58065e-09
352.92	6.51796e-09
352.94	6.45618e-09
352.96	6.39527e-09
352.98	6.33524e-09
353	6.27606e-09
353.02	6.21772e-09
353.04	6.16021e-09
353.06	6.10351e-09
353.08	6.04761e-09
353.1	5.99251e-09
353.12	5.93818e-09
353.14	5.88462e-09
353.16	5.83181e-09
353.18	5.77974e-09
353.2	5.72841e-09
353.22	5.67779e-09
353.24	5.62788e-09
353.26	5.57867e-09
353.28	5.53015e-09
353.3	5.4823e-09
353.32	5.43512e-09
353.34	5.3886e-09
353.36	5.34272e-09
353.38	5.29748e-09
353.4	5.25287e-09
353.42	5.20887e-09
353.44	5.16548e-09
353.46	5.12269e-09
353.48	5.08049e-09
353.5	5.03887e-09
353.52	4.99782e-09
353.54	4.95734e-09
353.56	4.91741e-09
353.58	4.87804e-09
353.6	4.8392e-09
353.62	4.80089e-09
353.64	4.76311e-09
353.66	4.72584e-09
353.68	4.68908e-09
353.7	4.65282e-09
353.72	4.61706e-09
353.74	4.58178e-09
353.76	4.54698e-09
353.78	4.51266e-09
353.8	4.4788e-09
353.82	4.4454e-09
353.84	4.41246e-09
353.86	4.37996e-09
353.88	4.3479e-09
353.9	4.31627e-09
353.92	4.28507e-09
353.94	4.25429e-09
353.96	4.22393e-09
353.98	4.19398e-09
354	4.16443e-09
354.02	4.13529e-09
354.04	4.10653e-09
354.06	4.07816e-09
354.08	4.05017e-09
354.1	4.02256e-09
354.12	3.99532e-09
354.14	3.96845e-09
354.16	3.94194e-09
354.18	3.91579e-09
354.2	3.88998e-09
354.22	3.86453e-09
354.24	3.83942e-09
354.26	3.81464e-09
354.28	3.7902e-09
354.3	3.76608e-09
354.32	3.74229e-09
354.34	3.71882e-09
354.36	3.69567e-09
354.38	3.67282e-09
354.4	3.65029e-09
354.42	3.62806e-09
354.44	3.60612e-09
354.46	3.58449e-09
354.48	3.56314e-09
354.5	3.54208e-09
354.52	3.52131e-09
354.54	3.50081e-09
354.56	3.4806e-09
354.58	3.46065e-09
354.6	3.44098e-09
354.62	3.42157e-09
354.64	3.40243e-09
354.66	3.38354e-09
354.68	3.36491e-09
354.7	3.34654e-09
354.72	3.32841e-09
354.74	3.31053e-09
354.76	3.2929e-09
354.78	3.27551e-09
354.8	3.25835e-09
354.82	3.24143e-09
354.84	3.22474e-09
354.86	3.20828e-09
354.88	3.19205e-09
354.9	3.17605e-09
354.92	3.16026e-09
354.94	3.14469e-09
354.96	3.12934e-09
354.98	3.1142e-09
355	3.09927e-09
355.02	3.08455e-09
355.04	3.07004e-09
355.06	3.05573e-09
355.08	3.04163e-09
355.1	3.02772e-09
355.12	3.01401e-09
355.14	3.00049e-09
355.16	2.98717e-09
355.18	2.97403e-09
355.2	2.96109e-09
355.22	2.94833e-09
355.24	2.93575e-09
355.26	2.92336e-09
355.28	2.91115e-09
355.3	2.89911e-09
355.32	2.88726e-09
355.34	2.87557e-09
355.36	2.86406e-09
355.38	2.85272e-09
355.4	2.84155e-09
355.42	2.83055e-09
355.44	2.81971e-09
355.46	2.80903e-09
355.48	2.79852e-09
355.5	2.78817e-09
355.52	2.77797e-09
355.54	2.76794e-09
355.56	2.75806e-09
355.58	2.74833e-09
355.6	2.73876e-09
355.62	2.72933e-09
355.64	2.72006e-09
355.66	2.71094e-09
355.68	2.70196e-09
355.7	2.69313e-09
355.72	2.68444e-09
355.74	2.6759e-09
355.76	2.66749e-09
355.78	2.65923e-09
355.8	2.65111e-09
355.82	2.64312e-09
355.84	2.63528e-09
355.86	2.62756e-09
355.88	2.61998e-09
355.9	2.61254e-09
355.92	2.60523e-09
355.94	2.59804e-09
355.96	2.59099e-09
355.98	2.58407e-09
356	2.57727e-09
356.02	2.5706e-09
356.04	2.56406e-09
356.06	2.55764e-09
356.08	2.55135e-09
356.1	2.54518e-09
356.12	2.53913e-09
356.14	2.5332e-09
356.16	2.5274e-09
356.18	2.52171e-09
356.2	2.51614e-09
356.22	2.51069e-09
356.24	2.50535e-09
356.26	2.50013e-09
356.28	2.49503e-09
356.3	2.49004e-09
356.32	2.48517e-09
356.34	2.48041e-09
356.36	2.47576e-09
356.38	2.47122e-09
356.4	2.4668e-09
356.42	2.46248e-09
356.44	2.45828e-09
356.46	2.45418e-09
356.48	2.45019e-09
356.5	2.44632e-09
356.52	2.44254e-09
356.54	2.43888e-09
356.56	2.43532e-09
356.58	2.43187e-09
356.6	2.42852e-09
356.62	2.42528e-09
356.64	2.42215e-09
356.66	2.41911e-09
356.68	2.41618e-09
356.7	2.41336e-09
356.72	2.41063e-09
356.74	2.40801e-09
356.76	2.40549e-09
356.78	2.40308e-09
356.8	2.40076e-09
356.82	2.39854e-09
356.84	2.39643e-09
356.86	2.39441e-09
356.88	2.3925e-09
356.9	2.39068e-09
356.92	2.38897e-09
356.94	2.38735e-09
356.96	2.38583e-09
356.98	2.38442e-09
357	2.38309e-09
357.02	2.38187e-09
357.04	2.38075e-09
357.06	2.37972e-09
357.08	2.37879e-09
357.1	2.37796e-09
357.12	2.37723e-09
357.14	2.37659e-09
357.16	2.37605e-09
357.18	2.37561e-09
357.2	2.37527e-09
357.22	2.37502e-09
357.24	2.37487e-09
357.26	2.37482e-09
357.28	2.37486e-09
357.3	2.375e-09
357.32	2.37524e-09
357.34	2.37558e-09
357.36	2.37601e-09
357.38	2.37654e-09
357.4	2.37716e-09
357.42	2.37789e-09
357.44	2.37871e-09
357.46	2.37963e-09
357.48	2.38064e-09
357.5	2.38176e-09
357.52	2.38297e-09
357.54	2.38428e-09
357.56	2.38569e-09
357.58	2.38719e-09
357.6	2.3888e-09
357.62	2.3905e-09
357.64	2.39231e-09
357.66	2.39421e-09
357.68	2.39622e-09
357.7	2.39832e-09
357.72	2.40052e-09
357.74	2.40283e-09
357.76	2.40523e-09
357.78	2.40774e-09
357.8	2.41035e-09
357.82	2.41306e-09
357.84	2.41588e-09
357.86	2.41879e-09
357.88	2.42181e-09
357.9	2.42494e-09
357.92	2.42817e-09
357.94	2.4315e-09
357.96	2.43494e-09
357.98	2.43849e-09
358	2.44214e-09
358.02	2.44591e-09
358.04	2.44977e-09
358.06	2.45375e-09
358.08	2.45784e-09
358.1	2.46203e-09
358.12	2.46634e-09
358.14	2.47076e-09
358.16	2.47529e-09
358.18	2.47993e-09
358.2	2.48469e-09
358.22	2.48956e-09
358.24	2.49454e-09
358.26	2.49964e-09
358.28	2.50486e-09
358.3	2.51019e-09
358.32	2.51565e-09
358.34	2.52122e-09
358.36	2.52692e-09
358.38	2.53273e-09
358.4	2.53867e-09
358.42	2.54473e-09
358.44	2.55092e-09
358.46	2.55723e-09
358.48	2.56367e-09
358.5	2.57024e-09
358.52	2.57693e-09
358.54	2.58376e-09
358.56	2.59072e-09
358.58	2.59781e-09
358.6	2.60503e-09
358.62	2.61239e-09
358.64	2.61989e-09
358.66	2.62752e-09
358.68	2.6353e-09
358.7	2.64322e-09
358.72	2.65127e-09
358.74	2.65948e-09
358.76	2.66783e-09
358.78	2.67632e-09
358.8	2.68497e-09
358.82	2.69377e-09
358.84	2.70272e-09
358.86	2.71182e-09
358.88	2.72108e-09
358.9	2.7305e-09
358.92	2.74008e-09
358.94	2.74982e-09
358.96	2.75972e-09
358.98	2.76979e-09
359	2.78003e-09
359.02	2.79044e-09
359.04	2.80102e-09
359.06	2.81178e-09
359.08	2.82271e-09
359.1	2.83383e-09
359.12	2.84512e-09
359.14	2.8566e-09
359.16	2.86827e-09
359.18	2.88013e-09
359.2	2.89218e-09
359.22	2.90443e-09
359.24	2.91687e-09
359.26	2.92952e-09
359.28	2.94237e-09
359.3	2.95543e-09
359.32	2.9687e-09
359.34	2.98218e-09
359.36	2.99588e-09
359.38	3.0098e-09
359.4	3.02394e-09
359.42	3.03831e-09
359.44	3.05292e-09
359.46	3.06776e-09
359.48	3.08284e-09
359.5	3.09816e-09
359.52	3.11373e-09
359.54	3.12955e-09
359.56	3.14562e-09
359.58	3.16196e-09
359.6	3.17856e-09
359.62	3.19544e-09
359.64	3.21258e-09
359.66	3.23001e-09
359.68	3.24772e-09
359.7	3.26572e-09
359.72	3.28402e-09
359.74	3.30262e-09
359.76	3.32153e-09
359.78	3.34075e-09
359.8	3.36029e-09
359.82	3.38016e-09
359.84	3.40035e-09
359.86	3.42089e-09
359.88	3.44178e-09
359.9	3.46301e-09
359.92	3.48461e-09
359.94	3.50658e-09
359.96	3.52893e-09
359.98	3.55166e-09
360	3.57478e-09
360.02	3.5983e-09
360.04	3.62224e-09
360.06	3.6466e-09
360.08	3.67139e-09
360.1	3.69662e-09
360.12	3.7223e-09
360.14	3.74844e-09
360.16	3.77506e-09
360.18	3.80216e-09
360.2	3.82976e-09
360.22	3.85787e-09
360.24	3.88651e-09
360.26	3.91568e-09
360.28	3.9454e-09
360.3	3.97569e-09
360.32	4.00656e-09
360.34	4.03803e-09
360.36	4.07011e-09
360.38	4.10283e-09
360.4	4.1362e-09
360.42	4.17024e-09
360.44	4.20497e-09
360.46	4.24041e-09
360.48	4.27659e-09
360.5	4.31352e-09
360.52	4.35124e-09
360.54	4.38976e-09
360.56	4.42912e-09
360.58	4.46934e-09
360.6	4.51046e-09
360.62	4.5525e-09
360.64	4.5955e-09
360.66	4.6395e-09
360.68	4.68454e-09
360.7	4.73064e-09
360.72	4.77787e-09
360.74	4.82626e-09
360.76	4.87587e-09
360.78	4.92674e-09
360.8	4.97894e-09
360.82	5.03253e-09
360.84	5.08756e-09
360.86	5.14412e-09
360.88	5.20229e-09
360.9	5.26214e-09
360.92	5.32378e-09
360.94	5.3873e-09
360.96	5.45282e-09
360.98	5.52046e-09
361	5.59037e-09
361.02	5.6627e-09
361.04	5.73763e-09
361.06	5.81537e-09
361.08	5.89615e-09
361.1	5.98024e-09
361.12	6.06797e-09
361.14	6.15971e-09
361.16	6.25593e-09
361.18	6.35721e-09
361.2	6.46427e-09
361.22	6.57807e-09
361.24	6.6999e-09
361.26	6.83161e-09
361.28	6.97602e-09
361.3	7.13786e-09
361.32	7.32627e-09
361.34	7.56272e-09
361.36	7.91302e-09
361.38	8.69002e-09
361.4	1.11692e-08
361.42	1.90214e-08
361.44	4.29483e-08
361.46	1.15426e-07
361.48	3.14175e-07
361.5	7.95244e-07
361.52	1.86957e-06
361.54	4.12685e-06
361.56	8.50828e-06
361.58	1.61994e-05
361.6	2.82563e-05
361.62	4.50653e-05
361.64	6.61718e-05
361.66	9.06532e-05
361.68	0.000117506
361.7	0.000145816
361.72	0.000174808
361.74	0.000203867
361.76	0.000232533
361.78	0.000260484
361.8	0.000287501
361.82	0.000313446
361.84	0.000338237
361.86	0.000361834
361.88	0.000384225
361.9	0.000405416
361.92	0.000425428
361.94	0.00044429
361.96	0.000462037
361.98	0.000478707
362	0.000494337
362.02	0.000508968
362.04	0.000522639
362.06	0.000535387
362.08	0.00054725
362.1	0.000558264
362.12	0.000568462
362.14	0.000577879
362.16	0.000586545
362.18	0.000594492
362.2	0.000601749
362.22	0.000608344
362.24	0.000614304
362.26	0.000619656
362.28	0.000624423
362.3	0.000628632
362.32	0.000632304
362.34	0.000635463
362.36	0.000638129
362.38	0.000640325
362.4	0.000642069
362.42	0.000643381
362.44	0.000644279
362.46	0.000644783
362.48	0.000644908
362.5	0.000644672
362.52	0.00064409
362.54	0.000643178
362.56	0.000641952
362.58	0.000640424
362.6	0.00063861
362.62	0.000636523
362.64	0.000634174
362.66	0.000631577
362.68	0.000628744
362.7	0.000625686
362.72	0.000622414
362.74	0.000618938
362.76	0.00061527
362.78	0.000611419
362.8	0.000607394
362.82	0.000603206
362.84	0.000598862
362.86	0.000594372
362.88	0.000589743
362.9	0.000584984
362.92	0.000580102
362.94	0.000575105
362.96	0.000570001
362.98	0.000564796
363	0.000559496
363.02	0.000554109
363.04	0.000548641
363.06	0.000543097
363.08	0.000537484
363.1	0.000531807
363.12	0.000526073
363.14	0.000520285
363.16	0.00051445
363.18	0.000508572
363.2	0.000502656
363.22	0.000496707
363.24	0.000490729
363.26	0.000484726
363.28	0.000478704
363.3	0.000472665
363.32	0.000466613
363.34	0.000460553
363.36	0.000454488
363.38	0.000448422
363.4	0.000442357
363.42	0.000436298
363.44	0.000430247
363.46	0.000424207
363.48	0.000418181
363.5	0.000412172
363.52	0.000406183
363.54	0.000400216
363.56	0.000394274
363.58	0.000388359
363.6	0.000382473
363.62	0.000376618
363.64	0.000370797
363.66	0.000365011
363.68	0.000359262
363.7	0.000353553
363.72	0.000347884
363.74	0.000342258
363.76	0.000336676
363.78	0.000331138
363.8	0.000325648
363.82	0.000320206
363.84	0.000314812
363.86	0.000309469
363.88	0.000304178
363.9	0.000298939
363.92	0.000293752
363.94	0.000288621
363.96	0.000283543
363.98	0.000278522
364	0.000273557
364.02	0.000268648
364.04	0.000263797
364.06	0.000259004
364.08	0.000254269
364.1	0.000249593
364.12	0.000244976
364.14	0.000240418
364.16	0.000235919
364.18	0.00023148
364.2	0.000227101
364.22	0.000222782
364.24	0.000218523
364.26	0.000214324
364.28	0.000210184
364.3	0.000206105
364.32	0.000202085
364.34	0.000198125
364.36	0.000194224
364.38	0.000190382
364.4	0.0001866
364.42	0.000182876
364.44	0.00017921
364.46	0.000175603
364.48	0.000172054
364.5	0.000168562
364.52	0.000165127
364.54	0.000161749
364.56	0.000158427
364.58	0.000155161
364.6	0.00015195
364.62	0.000148794
364.64	0.000145693
364.66	0.000142646
364.68	0.000139652
364.7	0.00013671
364.72	0.000133822
364.74	0.000130985
364.76	0.000128199
364.78	0.000125464
364.8	0.000122779
364.82	0.000120143
364.84	0.000117556
364.86	0.000115018
364.88	0.000112527
364.9	0.000110084
364.92	0.000107687
364.94	0.000105336
364.96	0.00010303
364.98	0.000100769
365	9.85513e-05
365.02	9.63775e-05
365.04	9.42464e-05
365.06	9.21575e-05
365.08	9.01102e-05
365.1	8.81037e-05
365.12	8.61376e-05
365.14	8.42111e-05
365.16	8.23236e-05
365.18	8.04746e-05
365.2	7.86634e-05
365.22	7.68894e-05
365.24	7.51521e-05
365.26	7.34507e-05
365.28	7.17847e-05
365.3	7.01536e-05
365.32	6.85566e-05
365.34	6.69933e-05
365.36	6.5463e-05
365.38	6.39652e-05
365.4	6.24993e-05
365.42	6.10647e-05
365.44	5.96609e-05
365.46	5.82873e-05
365.48	5.69434e-05
365.5	5.56285e-05
365.52	5.43423e-05
365.54	5.30841e-05
365.56	5.18534e-05
365.58	5.06497e-05
365.6	4.94725e-05
365.62	4.83213e-05
365.64	4.71956e-05
365.66	4.60948e-05
365.68	4.50185e-05
365.7	4.39663e-05
365.72	4.29376e-05
365.74	4.19319e-05
365.76	4.09489e-05
365.78	3.99881e-05
365.8	3.90489e-05
365.82	3.8131e-05
365.84	3.7234e-05
365.86	3.63573e-05
365.88	3.55007e-05
365.9	3.46636e-05
365.92	3.38457e-05
365.94	3.30465e-05
365.96	3.22658e-05
365.98	3.1503e-05
366	3.07578e-05
366.02	3.00299e-05
366.04	2.93188e-05
366.06	2.86242e-05
366.08	2.79457e-05
366.1	2.72831e-05
366.12	2.66359e-05
366.14	2.60038e-05
366.16	2.53865e-05
366.18	2.47837e-05
366.2	2.4195e-05
366.22	2.36201e-05
366.24	2.30588e-05
366.26	2.25107e-05
366.28	2.19755e-05
366.3	2.1453e-05
366.32	2.09428e-05
366.34	2.04447e-05
366.36	1.99584e-05
366.38	1.94836e-05
366.4	1.90201e-05
366.42	1.85676e-05
366.44	1.8126e-05
366.46	1.76948e-05
366.48	1.72739e-05
366.5	1.6863e-05
366.52	1.6462e-05
366.54	1.60706e-05
366.56	1.56885e-05
366.58	1.53156e-05
366.6	1.49516e-05
366.62	1.45963e-05
366.64	1.42495e-05
366.66	1.39111e-05
366.68	1.35808e-05
366.7	1.32585e-05
366.72	1.29439e-05
366.74	1.26368e-05
366.76	1.23372e-05
366.78	1.20448e-05
366.8	1.17594e-05
366.82	1.14809e-05
366.84	1.12091e-05
366.86	1.09439e-05
366.88	1.0685e-05
366.9	1.04324e-05
366.92	1.01859e-05
366.94	9.9454e-06
366.96	9.71067e-06
366.98	9.4816e-06
367	9.25806e-06
367.02	9.03993e-06
367.04	8.82706e-06
367.06	8.61934e-06
367.08	8.41663e-06
367.1	8.21882e-06
367.12	8.02579e-06
367.14	7.83742e-06
367.16	7.6536e-06
367.18	7.47422e-06
367.2	7.29917e-06
367.22	7.12835e-06
367.24	6.96166e-06
367.26	6.79899e-06
367.28	6.64024e-06
367.3	6.48532e-06
367.32	6.33414e-06
367.34	6.18661e-06
367.36	6.04263e-06
367.38	5.90212e-06
367.4	5.765e-06
367.42	5.63118e-06
367.44	5.50058e-06
367.46	5.37313e-06
367.48	5.24874e-06
367.5	5.12734e-06
367.52	5.00886e-06
367.54	4.89323e-06
367.56	4.78037e-06
367.58	4.67023e-06
367.6	4.56272e-06
367.62	4.45779e-06
367.64	4.35538e-06
367.66	4.25542e-06
367.68	4.15785e-06
367.7	4.06262e-06
367.72	3.96966e-06
367.74	3.87892e-06
367.76	3.79035e-06
367.78	3.7039e-06
367.8	3.6195e-06
367.82	3.53712e-06
367.84	3.4567e-06
367.86	3.37819e-06
367.88	3.30155e-06
367.9	3.22673e-06
367.92	3.15368e-06
367.94	3.08237e-06
367.96	3.01275e-06
367.98	2.94478e-06
368	2.87842e-06
368.02	2.81363e-06
368.04	2.75037e-06
368.06	2.6886e-06
368.08	2.62829e-06
368.1	2.5694e-06
368.12	2.5119e-06
368.14	2.45575e-06
368.16	2.40092e-06
368.18	2.34738e-06
368.2	2.29509e-06
368.22	2.24403e-06
368.24	2.19417e-06
368.26	2.14547e-06
368.28	2.09792e-06
368.3	2.05147e-06
368.32	2.00611e-06
368.34	1.9618e-06
368.36	1.91853e-06
368.38	1.87627e-06
368.4	1.83498e-06
368.42	1.79466e-06
368.44	1.75527e-06
368.46	1.71679e-06
368.48	1.67921e-06
368.5	1.64249e-06
368.52	1.60662e-06
368.54	1.57158e-06
368.56	1.53735e-06
368.58	1.50391e-06
368.6	1.47123e-06
368.62	1.43931e-06
368.64	1.40812e-06
368.66	1.37764e-06
368.68	1.34787e-06
368.7	1.31877e-06
368.72	1.29034e-06
368.74	1.26256e-06
368.76	1.23541e-06
368.78	1.20888e-06
368.8	1.18296e-06
368.82	1.15762e-06
368.84	1.13286e-06
368.86	1.10866e-06
368.88	1.08501e-06
368.9	1.0619e-06
368.92	1.0393e-06
368.94	1.01722e-06
368.96	9.95636e-07
368.98	9.74538e-07
369	9.53915e-07
369.02	9.33756e-07
369.04	9.1405e-07
369.06	8.94785e-07
369.08	8.75952e-07
369.1	8.57541e-07
369.12	8.39542e-07
369.14	8.21944e-07
369.16	8.04739e-07
369.18	7.87917e-07
369.2	7.71469e-07
369.22	7.55388e-07
369.24	7.39663e-07
369.26	7.24287e-07
369.28	7.09251e-07
369.3	6.94548e-07
369.32	6.80171e-07
369.34	6.6611e-07
369.36	6.5236e-07
369.38	6.38912e-07
369.4	6.2576e-07
369.42	6.12897e-07
369.44	6.00317e-07
369.46	5.88012e-07
369.48	5.75977e-07
369.5	5.64204e-07
369.52	5.52689e-07
369.54	5.41425e-07
369.56	5.30407e-07
369.58	5.19629e-07
369.6	5.09084e-07
369.62	4.98769e-07
369.64	4.88678e-07
369.66	4.78805e-07
369.68	4.69145e-07
369.7	4.59695e-07
369.72	4.50448e-07
369.74	4.41401e-07
369.76	4.32548e-07
369.78	4.23886e-07
369.8	4.1541e-07
369.82	4.07116e-07
369.84	3.99e-07
369.86	3.91057e-07
369.88	3.83285e-07
369.9	3.75678e-07
369.92	3.68233e-07
369.94	3.60947e-07
369.96	3.53816e-07
369.98	3.46837e-07
370	3.40005e-07
370.02	3.33319e-07
370.04	3.26774e-07
370.06	3.20367e-07
370.08	3.14096e-07
370.1	3.07957e-07
370.12	3.01948e-07
370.14	2.96065e-07
370.16	2.90305e-07
370.18	2.84667e-07
370.2	2.79146e-07
370.22	2.73742e-07
370.24	2.6845e-07
370.26	2.63269e-07
370.28	2.58196e-07
370.3	2.53229e-07
370.32	2.48365e-07
370.34	2.43602e-07
370.36	2.38938e-07
370.38	2.34371e-07
370.4	2.29898e-07
370.42	2.25518e-07
370.44	2.21229e-07
370.46	2.17028e-07
370.48	2.12913e-07
370.5	2.08883e-07
370.52	2.04936e-07
370.54	2.0107e-07
370.56	1.97284e-07
370.58	1.93574e-07
370.6	1.89941e-07
370.62	1.86382e-07
370.64	1.82896e-07
370.66	1.7948e-07
370.68	1.76134e-07
370.7	1.72856e-07
370.72	1.69645e-07
370.74	1.66499e-07
370.76	1.63416e-07
370.78	1.60396e-07
370.8	1.57437e-07
370.82	1.54537e-07
370.84	1.51696e-07
370.86	1.48912e-07
370.88	1.46184e-07
370.9	1.43511e-07
370.92	1.40891e-07
370.94	1.38324e-07
370.96	1.35808e-07
370.98	1.33342e-07
371	1.30926e-07
371.02	1.28558e-07
371.04	1.26236e-07
371.06	1.23961e-07
371.08	1.21731e-07
371.1	1.19545e-07
371.12	1.17403e-07
371.14	1.15302e-07
371.16	1.13244e-07
371.18	1.11225e-07
371.2	1.09247e-07
371.22	1.07307e-07
371.24	1.05406e-07
371.26	1.03542e-07
371.28	1.01714e-07
371.3	9.99219e-08
371.32	9.81648e-08
371.34	9.64421e-08
371.36	9.47529e-08
371.38	9.30966e-08
371.4	9.14725e-08
371.42	8.98798e-08
371.44	8.8318e-08
371.46	8.67864e-08
371.48	8.52844e-08
371.5	8.38113e-08
371.52	8.23666e-08
371.54	8.09498e-08
371.56	7.95602e-08
371.58	7.81971e-08
371.6	7.68603e-08
371.62	7.5549e-08
371.64	7.42628e-08
371.66	7.30011e-08
371.68	7.17634e-08
371.7	7.05493e-08
371.72	6.93582e-08
371.74	6.81898e-08
371.76	6.70435e-08
371.78	6.59188e-08
371.8	6.48155e-08
371.82	6.37329e-08
371.84	6.26708e-08
371.86	6.16286e-08
371.88	6.0606e-08
371.9	5.96026e-08
371.92	5.86179e-08
371.94	5.76517e-08
371.96	5.67036e-08
371.98	5.57731e-08
372	5.486e-08
372.02	5.39638e-08
372.04	5.30843e-08
372.06	5.22211e-08
372.08	5.13739e-08
372.1	5.05424e-08
372.12	4.97262e-08
372.14	4.8925e-08
372.16	4.81386e-08
372.18	4.73667e-08
372.2	4.66089e-08
372.22	4.5865e-08
372.24	4.51347e-08
372.26	4.44178e-08
372.28	4.37139e-08
372.3	4.30229e-08
372.32	4.23444e-08
372.34	4.16782e-08
372.36	4.10241e-08
372.38	4.03819e-08
372.4	3.97513e-08
372.42	3.9132e-08
372.44	3.85239e-08
372.46	3.79268e-08
372.48	3.73403e-08
372.5	3.67644e-08
372.52	3.61988e-08
372.54	3.56434e-08
372.56	3.50978e-08
372.58	3.45619e-08
372.6	3.40356e-08
372.62	3.35187e-08
372.64	3.30109e-08
372.66	3.25121e-08
372.68	3.20222e-08
372.7	3.15408e-08
372.72	3.1068e-08
372.74	3.06035e-08
372.76	3.01472e-08
372.78	2.96988e-08
372.8	2.92584e-08
372.82	2.88256e-08
372.84	2.84004e-08
372.86	2.79826e-08
372.88	2.7572e-08
372.9	2.71686e-08
372.92	2.67722e-08
372.94	2.63827e-08
372.96	2.59999e-08
372.98	2.56237e-08
373	2.5254e-08
373.02	2.48907e-08
373.04	2.45336e-08
373.06	2.41826e-08
373.08	2.38377e-08
373.1	2.34986e-08
373.12	2.31653e-08
373.14	2.28377e-08
373.16	2.25157e-08
373.18	2.21992e-08
373.2	2.1888e-08
373.22	2.15821e-08
373.24	2.12814e-08
373.26	2.09857e-08
373.28	2.0695e-08
373.3	2.04092e-08
373.32	2.01282e-08
373.34	1.9852e-08
373.36	1.95803e-08
373.38	1.93132e-08
373.4	1.90505e-08
373.42	1.87922e-08
373.44	1.85382e-08
373.46	1.82885e-08
373.48	1.80428e-08
373.5	1.78013e-08
373.52	1.75637e-08
373.54	1.733e-08
373.56	1.71002e-08
373.58	1.68741e-08
373.6	1.66518e-08
373.62	1.64331e-08
373.64	1.6218e-08
373.66	1.60064e-08
373.68	1.57982e-08
373.7	1.55935e-08
373.72	1.5392e-08
373.74	1.51938e-08
373.76	1.49989e-08
373.78	1.4807e-08
373.8	1.46183e-08
373.82	1.44326e-08
373.84	1.42499e-08
373.86	1.40701e-08
373.88	1.38932e-08
373.9	1.37192e-08
373.92	1.35479e-08
373.94	1.33793e-08
373.96	1.32134e-08
373.98	1.30502e-08
374	1.28895e-08
374.02	1.27314e-08
374.04	1.25758e-08
374.06	1.24227e-08
374.08	1.22719e-08
374.1	1.21235e-08
374.12	1.19775e-08
374.14	1.18337e-08
374.16	1.16922e-08
374.18	1.15529e-08
374.2	1.14158e-08
374.22	1.12808e-08
374.24	1.11479e-08
374.26	1.10171e-08
374.28	1.08883e-08
374.3	1.07614e-08
374.32	1.06366e-08
374.34	1.05136e-08
374.36	1.03926e-08
374.38	1.02734e-08
374.4	1.0156e-08
374.42	1.00405e-08
374.44	9.92667e-09
374.46	9.8146e-09
374.48	9.70423e-09
374.5	9.59555e-09
374.52	9.48851e-09
374.54	9.38309e-09
374.56	9.27927e-09
374.58	9.17702e-09
374.6	9.0763e-09
374.62	8.9771e-09
374.64	8.87939e-09
374.66	8.78314e-09
374.68	8.68834e-09
374.7	8.59495e-09
374.72	8.50296e-09
374.74	8.41233e-09
374.76	8.32305e-09
374.78	8.2351e-09
374.8	8.14845e-09
374.82	8.06308e-09
374.84	7.97898e-09
374.86	7.89611e-09
374.88	7.81447e-09
374.9	7.73402e-09
374.92	7.65476e-09
374.94	7.57665e-09
374.96	7.49969e-09
374.98	7.42385e-09
375	7.34912e-09
375.02	7.27548e-09
375.04	7.2029e-09
375.06	7.13138e-09
375.08	7.0609e-09
375.1	6.99144e-09
375.12	6.92298e-09
375.14	6.8555e-09
375.16	6.789e-09
375.18	6.72346e-09
375.2	6.65885e-09
375.22	6.59517e-09
375.24	6.53241e-09
375.26	6.47054e-09
375.28	6.40955e-09
375.3	6.34943e-09
375.32	6.29017e-09
375.34	6.23175e-09
375.36	6.17416e-09
375.38	6.11738e-09
375.4	6.06141e-09
375.42	6.00623e-09
375.44	5.95183e-09
375.46	5.89819e-09
375.48	5.84531e-09
375.5	5.79317e-09
375.52	5.74176e-09
375.54	5.69107e-09
375.56	5.64109e-09
375.58	5.59181e-09
375.6	5.54322e-09
375.62	5.49531e-09
375.64	5.44806e-09
375.66	5.40147e-09
375.68	5.35552e-09
375.7	5.31022e-09
375.72	5.26554e-09
375.74	5.22148e-09
375.76	5.17803e-09
375.78	5.13517e-09
375.8	5.09291e-09
375.82	5.05123e-09
375.84	5.01013e-09
375.86	4.96958e-09
375.88	4.9296e-09
375.9	4.89016e-09
375.92	4.85127e-09
375.94	4.8129e-09
375.96	4.77506e-09
375.98	4.73774e-09
376	4.70093e-09
376.02	4.66462e-09
376.04	4.6288e-09
376.06	4.59347e-09
376.08	4.55862e-09
376.1	4.52425e-09
376.12	4.49034e-09
376.14	4.45689e-09
376.16	4.42389e-09
376.18	4.39134e-09
376.2	4.35924e-09
376.22	4.32756e-09
376.24	4.29632e-09
376.26	4.26549e-09
376.28	4.23509e-09
376.3	4.20509e-09
376.32	4.1755e-09
376.34	4.14631e-09
376.36	4.11751e-09
376.38	4.08909e-09
376.4	4.06107e-09
376.42	4.03341e-09
376.44	4.00613e-09
376.46	3.97922e-09
376.48	3.95267e-09
376.5	3.92648e-09
376.52	3.90063e-09
376.54	3.87514e-09
376.56	3.84999e-09
376.58	3.82518e-09
376.6	3.8007e-09
376.62	3.77655e-09
376.64	3.75272e-09
376.66	3.72921e-09
376.68	3.70602e-09
376.7	3.68315e-09
376.72	3.66058e-09
376.74	3.63831e-09
376.76	3.61634e-09
376.78	3.59467e-09
376.8	3.5733e-09
376.82	3.55221e-09
376.84	3.5314e-09
376.86	3.51088e-09
376.88	3.49063e-09
376.9	3.47065e-09
376.92	3.45095e-09
376.94	3.43151e-09
376.96	3.41234e-09
376.98	3.39343e-09
377	3.37477e-09
377.02	3.35637e-09
377.04	3.33822e-09
377.06	3.32031e-09
377.08	3.30265e-09
377.1	3.28523e-09
377.12	3.26805e-09
377.14	3.25111e-09
377.16	3.2344e-09
377.18	3.21791e-09
377.2	3.20166e-09
377.22	3.18563e-09
377.24	3.16982e-09
377.26	3.15423e-09
377.28	3.13886e-09
377.3	3.1237e-09
377.32	3.10875e-09
377.34	3.09401e-09
377.36	3.07948e-09
377.38	3.06515e-09
377.4	3.05102e-09
377.42	3.03709e-09
377.44	3.02336e-09
377.46	3.00983e-09
377.48	2.99649e-09
377.5	2.98334e-09
377.52	2.97037e-09
377.54	2.9576e-09
377.56	2.94501e-09
377.58	2.9326e-09
377.6	2.92037e-09
377.62	2.90832e-09
377.64	2.89645e-09
377.66	2.88475e-09
377.68	2.87322e-09
377.7	2.86187e-09
377.72	2.85068e-09
377.74	2.83966e-09
377.76	2.82881e-09
377.78	2.81813e-09
377.8	2.8076e-09
377.82	2.79724e-09
377.84	2.78703e-09
377.86	2.77698e-09
377.88	2.76709e-09
377.9	2.75736e-09
377.92	2.74777e-09
377.94	2.73834e-09
377.96	2.72906e-09
377.98	2.71992e-09
378	2.71094e-09
378.02	2.7021e-09
378.04	2.6934e-09
378.06	2.68485e-09
378.08	2.67644e-09
378.1	2.66817e-09
378.12	2.66004e-09
378.14	2.65205e-09
378.16	2.6442e-09
378.18	2.63648e-09
378.2	2.6289e-09
378.22	2.62145e-09
378.24	2.61413e-09
378.26	2.60694e-09
378.28	2.59988e-09
378.3	2.59296e-09
378.32	2.58616e-09
378.34	2.57949e-09
378.36	2.57294e-09
378.38	2.56652e-09
378.4	2.56023e-09
378.42	2.55405e-09
378.44	2.548e-09
378.46	2.54207e-09
378.48	2.53627e-09
378.5	2.53058e-09
378.52	2.52501e-09
378.54	2.51956e-09
378.56	2.51422e-09
378.58	2.50901e-09
378.6	2.50391e-09
378.62	2.49892e-09
378.64	2.49405e-09
378.66	2.48929e-09
378.68	2.48464e-09
378.7	2.48011e-09
378.72	2.47569e-09
378.74	2.47138e-09
378.76	2.46718e-09
378.78	2.46308e-09
378.8	2.4591e-09
378.82	2.45523e-09
378.84	2.45146e-09
378.86	2.4478e-09
378.88	2.44425e-09
378.9	2.44081e-09
378.92	2.43747e-09
378.94	2.43423e-09
378.96	2.4311e-09
378.98	2.42808e-09
379	2.42516e-09
379.02	2.42234e-09
379.04	2.41963e-09
379.06	2.41701e-09
379.08	2.4145e-09
379.1	2.4121e-09
379.12	2.40979e-09
379.14	2.40759e-09
379.16	2.40548e-09
379.18	2.40348e-09
379.2	2.40158e-09
379.22	2.39977e-09
379.24	2.39807e-09
379.26	2.39647e-09
379.28	2.39496e-09
379.3	2.39356e-09
379.32	2.39225e-09
379.34	2.39104e-09
379.36	2.38993e-09
379.38	2.38892e-09
379.4	2.38801e-09
379.42	2.3872e-09
379.44	2.38648e-09
379.46	2.38586e-09
379.48	2.38534e-09
379.5	2.38491e-09
379.52	2.38459e-09
379.54	2.38436e-09
379.56	2.38423e-09
379.58	2.38419e-09
379.6	2.38426e-09
379.62	2.38442e-09
379.64	2.38468e-09
379.66	2.38503e-09
379.68	2.38549e-09
379.7	2.38604e-09
379.72	2.38669e-09
379.74	2.38743e-09
379.76	2.38828e-09
379.78	2.38922e-09
379.8	2.39026e-09
379.82	2.3914e-09
379.84	2.39264e-09
379.86	2.39397e-09
379.88	2.39541e-09
379.9	2.39694e-09
379.92	2.39857e-09
379.94	2.40031e-09
379.96	2.40214e-09
379.98	2.40407e-09
380	2.4061e-09
380.02	2.40824e-09
380.04	2.41047e-09
380.06	2.41281e-09
380.08	2.41524e-09
380.1	2.41778e-09
380.12	2.42043e-09
380.14	2.42317e-09
380.16	2.42602e-09
380.18	2.42897e-09
380.2	2.43203e-09
380.22	2.43519e-09
380.24	2.43845e-09
380.26	2.44182e-09
380.28	2.4453e-09
380.3	2.44888e-09
380.32	2.45258e-09
380.34	2.45638e-09
380.36	2.46028e-09
380.38	2.4643e-09
380.4	2.46843e-09
380.42	2.47266e-09
380.44	2.47701e-09
380.46	2.48147e-09
380.48	2.48605e-09
380.5	2.49073e-09
380.52	2.49553e-09
380.54	2.50045e-09
380.56	2.50548e-09
380.58	2.51063e-09
380.6	2.5159e-09
380.62	2.52128e-09
380.64	2.52678e-09
380.66	2.53241e-09
380.68	2.53815e-09
380.7	2.54402e-09
380.72	2.55001e-09
380.74	2.55612e-09
380.76	2.56236e-09
380.78	2.56873e-09
380.8	2.57523e-09
380.82	2.58185e-09
380.84	2.5886e-09
380.86	2.59549e-09
380.88	2.6025e-09
380.9	2.60966e-09
380.92	2.61694e-09
380.94	2.62436e-09
380.96	2.63192e-09
380.98	2.63962e-09
381	2.64746e-09
381.02	2.65545e-09
381.04	2.66357e-09
381.06	2.67185e-09
381.08	2.68026e-09
381.1	2.68883e-09
381.12	2.69755e-09
381.14	2.70642e-09
381.16	2.71544e-09
381.18	2.72462e-09
381.2	2.73396e-09
381.22	2.74345e-09
381.24	2.75311e-09
381.26	2.76293e-09
381.28	2.77292e-09
381.3	2.78307e-09
381.32	2.79339e-09
381.34	2.80389e-09
381.36	2.81456e-09
381.38	2.8254e-09
381.4	2.83643e-09
381.42	2.84763e-09
381.44	2.85902e-09
381.46	2.8706e-09
381.48	2.88236e-09
381.5	2.89432e-09
381.52	2.90647e-09
381.54	2.91881e-09
381.56	2.93136e-09
381.58	2.94411e-09
381.6	2.95707e-09
381.62	2.97023e-09
381.64	2.98361e-09
381.66	2.99721e-09
381.68	3.01102e-09
381.7	3.02506e-09
381.72	3.03932e-09
381.74	3.05381e-09
381.76	3.06854e-09
381.78	3.0835e-09
381.8	3.09871e-09
381.82	3.11416e-09
381.84	3.12986e-09
381.86	3.14581e-09
381.88	3.16202e-09
381.9	3.1785e-09
381.92	3.19524e-09
381.94	3.21226e-09
381.96	3.22955e-09
381.98	3.24713e-09
382	3.265e-09
382.02	3.28315e-09
382.04	3.30161e-09
382.06	3.32037e-09
382.08	3.33944e-09
382.1	3.35883e-09
382.12	3.37855e-09
382.14	3.39859e-09
382.16	3.41896e-09
382.18	3.43968e-09
382.2	3.46076e-09
382.22	3.48218e-09
382.24	3.50398e-09
382.26	3.52614e-09
382.28	3.54869e-09
382.3	3.57163e-09
382.32	3.59496e-09
382.34	3.61871e-09
382.36	3.64286e-09
382.38	3.66745e-09
382.4	3.69247e-09
382.42	3.71794e-09
382.44	3.74386e-09
382.46	3.77025e-09
382.48	3.79713e-09
382.5	3.82449e-09
382.52	3.85236e-09
382.54	3.88074e-09
382.56	3.90966e-09
382.58	3.93912e-09
382.6	3.96913e-09
382.62	3.99973e-09
382.64	4.03091e-09
382.66	4.0627e-09
382.68	4.09511e-09
382.7	4.12817e-09
382.72	4.16189e-09
382.74	4.19628e-09
382.76	4.23138e-09
382.78	4.2672e-09
382.8	4.30377e-09
382.82	4.3411e-09
382.84	4.37923e-09
382.86	4.41819e-09
382.88	4.45799e-09
382.9	4.49867e-09
382.92	4.54026e-09
382.94	4.58279e-09
382.96	4.6263e-09
382.98	4.67082e-09
383	4.7164e-09
383.02	4.76307e-09
383.04	4.81089e-09
383.06	4.85989e-09
383.08	4.91013e-09
383.1	4.96167e-09
383.12	5.01456e-09
383.14	5.06887e-09
383.16	5.12466e-09
383.18	5.18201e-09
383.2	5.24101e-09
383.22	5.30174e-09
383.24	5.3643e-09
383.26	5.42879e-09
383.28	5.49535e-09
383.3	5.56409e-09
383.32	5.63516e-09
383.34	5.70874e-09
383.36	5.78502e-09
383.38	5.8642e-09
383.4	5.94655e-09
383.42	6.03235e-09
383.44	6.12195e-09
383.46	6.21577e-09
383.48	6.31431e-09
383.5	6.41822e-09
383.52	6.52831e-09
383.54	6.64568e-09
383.56	6.77182e-09
383.58	6.90896e-09
383.6	7.06059e-09
383.62	7.23294e-09
383.64	7.43901e-09
383.66	7.71289e-09
383.68	8.17693e-09
383.7	9.49122e-09
383.72	1.37582e-08
383.74	2.67623e-08
383.76	6.65937e-08
383.78	1.82974e-07
383.8	4.83451e-07
383.82	1.18056e-06
383.84	2.6951e-06
383.86	5.77479e-06
383.88	1.14993e-05
383.9	2.10627e-05
383.92	3.52835e-05
383.94	5.41534e-05
383.96	7.69473e-05
383.98	0.00010267
384	0.000130344
384.02	0.000159111
384.04	0.000188265
384.06	0.000217261
384.08	0.000245703
384.1	0.000273318
384.12	0.000299925
384.14	0.000325415
384.16	0.000349726
384.18	0.000372831
384.2	0.000394728
384.22	0.00041543
384.24	0.000434963
384.26	0.000453359
384.28	0.000470653
384.3	0.000486886
384.32	0.000502095
384.34	0.00051632
384.36	0.0005296
384.38	0.000541973
384.4	0.000553475
384.42	0.000564142
384.44	0.000574007
384.46	0.000583104
384.48	0.000591462
384.5	0.000599113
384.52	0.000606086
384.54	0.000612408
384.56	0.000618106
384.58	0.000623205
384.6	0.00062773
384.62	0.000631706
384.64	0.000635155
384.66	0.000638099
384.68	0.000640559
384.7	0.000642556
384.72	0.00064411
384.74	0.000645239
384.76	0.000645963
384.78	0.000646298
384.8	0.000646262
384.82	0.000645871
384.84	0.000645141
384.86	0.000644087
384.88	0.000642724
384.9	0.000641065
384.92	0.000639126
384.94	0.000636918
384.96	0.000634454
384.98	0.000631747
385	0.000628808
385.02	0.000625649
385.04	0.00062228
385.06	0.000618712
385.08	0.000614956
385.1	0.00061102
385.12	0.000606915
385.14	0.000602649
385.16	0.000598232
385.18	0.000593671
385.2	0.000588975
385.22	0.000584153
385.24	0.00057921
385.26	0.000574156
385.28	0.000568997
385.3	0.00056374
385.32	0.000558391
385.34	0.000552957
385.36	0.000547444
385.38	0.000541859
385.4	0.000536207
385.42	0.000530493
385.44	0.000524724
385.46	0.000518903
385.48	0.000513037
385.5	0.000507131
385.52	0.000501188
385.54	0.000495214
385.56	0.000489213
385.58	0.00048319
385.6	0.000477147
385.62	0.00047109
385.64	0.000465023
385.66	0.000458948
385.68	0.00045287
385.7	0.000446792
385.72	0.000440717
385.74	0.000434649
385.76	0.00042859
385.78	0.000422544
385.8	0.000416513
385.82	0.0004105
385.84	0.000404508
385.86	0.00039854
385.88	0.000392597
385.9	0.000386682
385.92	0.000380797
385.94	0.000374945
385.96	0.000369127
385.98	0.000363345
386	0.000357601
386.02	0.000351897
386.04	0.000346235
386.06	0.000340616
386.08	0.000335042
386.1	0.000329513
386.12	0.000324032
386.14	0.000318599
386.16	0.000313217
386.18	0.000307885
386.2	0.000302604
386.22	0.000297377
386.24	0.000292203
386.26	0.000287084
386.28	0.00028202
386.3	0.000277013
386.32	0.000272061
386.34	0.000267167
386.36	0.000262331
386.38	0.000257553
386.4	0.000252833
386.42	0.000248172
386.44	0.000243571
386.46	0.000239029
386.48	0.000234546
386.5	0.000230124
386.52	0.000225761
386.54	0.000221459
386.56	0.000217216
386.58	0.000213033
386.6	0.000208911
386.62	0.000204848
386.64	0.000200845
386.66	0.000196902
386.68	0.000193018
386.7	0.000189194
386.72	0.000185428
386.74	0.000181722
386.76	0.000178073
386.78	0.000174483
386.8	0.000170951
386.82	0.000167476
386.84	0.000164058
386.86	0.000160696
386.88	0.000157391
386.9	0.000154142
386.92	0.000150948
386.94	0.000147808
386.96	0.000144723
386.98	0.000141692
387	0.000138714
387.02	0.000135789
387.04	0.000132916
387.06	0.000130095
387.08	0.000127325
387.1	0.000124605
387.12	0.000121935
387.14	0.000119315
387.16	0.000116743
387.18	0.00011422
387.2	0.000111744
387.22	0.000109315
387.24	0.000106932
387.26	0.000104595
387.28	0.000102303
387.3	0.000100056
387.32	9.78521e-05
387.34	9.56917e-05
387.36	9.35739e-05
387.38	9.14981e-05
387.4	8.94637e-05
387.42	8.747e-05
387.44	8.55164e-05
387.46	8.36023e-05
387.48	8.1727e-05
387.5	7.989e-05
387.52	7.80907e-05
387.54	7.63284e-05
387.56	7.46025e-05
387.58	7.29124e-05
387.6	7.12575e-05
387.62	6.96373e-05
387.64	6.80511e-05
387.66	6.64984e-05
387.68	6.49785e-05
387.7	6.34909e-05
387.72	6.20351e-05
387.74	6.06104e-05
387.76	5.92162e-05
387.78	5.78522e-05
387.8	5.65176e-05
387.82	5.5212e-05
387.84	5.39348e-05
387.86	5.26854e-05
387.88	5.14635e-05
387.9	5.02683e-05
387.92	4.90995e-05
387.94	4.79565e-05
387.96	4.68389e-05
387.98	4.5746e-05
388	4.46775e-05
388.02	4.36329e-05
388.04	4.26117e-05
388.06	4.16133e-05
388.08	4.06375e-05
388.1	3.96837e-05
388.12	3.87514e-05
388.14	3.78403e-05
388.16	3.69499e-05
388.18	3.60797e-05
388.2	3.52294e-05
388.22	3.43986e-05
388.24	3.35868e-05
388.26	3.27936e-05
388.28	3.20187e-05
388.3	3.12616e-05
388.32	3.0522e-05
388.34	2.97996e-05
388.36	2.90938e-05
388.38	2.84045e-05
388.4	2.77312e-05
388.42	2.70736e-05
388.44	2.64313e-05
388.46	2.5804e-05
388.48	2.51915e-05
388.5	2.45932e-05
388.52	2.4009e-05
388.54	2.34386e-05
388.56	2.28816e-05
388.58	2.23377e-05
388.6	2.18066e-05
388.62	2.12881e-05
388.64	2.07818e-05
388.66	2.02876e-05
388.68	1.98051e-05
388.7	1.9334e-05
388.72	1.88741e-05
388.74	1.84251e-05
388.76	1.79869e-05
388.78	1.7559e-05
388.8	1.71414e-05
388.82	1.67338e-05
388.84	1.63359e-05
388.86	1.59475e-05
388.88	1.55684e-05
388.9	1.51984e-05
388.92	1.48372e-05
388.94	1.44847e-05
388.96	1.41407e-05
388.98	1.38049e-05
389	1.34772e-05
389.02	1.31574e-05
389.04	1.28453e-05
389.06	1.25406e-05
389.08	1.22434e-05
389.1	1.19532e-05
389.12	1.16701e-05
389.14	1.13938e-05
389.16	1.11241e-05
389.18	1.0861e-05
389.2	1.06042e-05
389.22	1.03536e-05
389.24	1.0109e-05
389.26	9.87034e-06
389.28	9.63745e-06
389.3	9.41019e-06
389.32	9.18841e-06
389.34	8.97198e-06
389.36	8.76079e-06
389.38	8.5547e-06
389.4	8.35358e-06
389.42	8.15732e-06
389.44	7.96581e-06
389.46	7.77892e-06
389.48	7.59654e-06
389.5	7.41857e-06
389.52	7.24489e-06
389.54	7.07541e-06
389.56	6.91002e-06
389.58	6.74862e-06
389.6	6.59112e-06
389.62	6.43741e-06
389.64	6.28741e-06
389.66	6.14103e-06
389.68	5.99818e-06
389.7	5.85877e-06
389.72	5.72272e-06
389.74	5.58994e-06
389.76	5.46036e-06
389.78	5.33389e-06
389.8	5.21047e-06
389.82	5.09002e-06
389.84	4.97246e-06
389.86	4.85772e-06
389.88	4.74574e-06
389.9	4.63644e-06
389.92	4.52977e-06
389.94	4.42565e-06
389.96	4.32403e-06
389.98	4.22484e-06
390	4.12803e-06
390.02	4.03352e-06
390.04	3.94128e-06
390.06	3.85124e-06
390.08	3.76335e-06
390.1	3.67756e-06
390.12	3.59381e-06
390.14	3.51206e-06
390.16	3.43225e-06
390.18	3.35434e-06
390.2	3.27828e-06
390.22	3.20403e-06
390.24	3.13155e-06
390.26	3.06078e-06
390.28	2.99168e-06
390.3	2.92423e-06
390.32	2.85837e-06
390.34	2.79406e-06
390.36	2.73128e-06
390.38	2.66998e-06
390.4	2.61012e-06
390.42	2.55167e-06
390.44	2.4946e-06
390.46	2.43888e-06
390.48	2.38446e-06
390.5	2.33132e-06
390.52	2.27942e-06
390.54	2.22874e-06
390.56	2.17925e-06
390.58	2.13092e-06
390.6	2.08371e-06
390.62	2.03761e-06
390.64	1.99258e-06
390.66	1.94861e-06
390.68	1.90565e-06
390.7	1.8637e-06
390.72	1.82272e-06
390.74	1.78269e-06
390.76	1.74359e-06
390.78	1.70539e-06
390.8	1.66808e-06
390.82	1.63163e-06
390.84	1.59603e-06
390.86	1.56124e-06
390.88	1.52726e-06
390.9	1.49406e-06
390.92	1.46162e-06
390.94	1.42993e-06
390.96	1.39896e-06
390.98	1.3687e-06
391	1.33914e-06
391.02	1.31025e-06
391.04	1.28203e-06
391.06	1.25444e-06
391.08	1.22749e-06
391.1	1.20115e-06
391.12	1.17541e-06
391.14	1.15025e-06
391.16	1.12566e-06
391.18	1.10164e-06
391.2	1.07815e-06
391.22	1.0552e-06
391.24	1.03277e-06
391.26	1.01084e-06
391.28	9.89406e-07
391.3	9.68455e-07
391.32	9.47976e-07
391.34	9.27957e-07
391.36	9.08388e-07
391.38	8.89257e-07
391.4	8.70554e-07
391.42	8.5227e-07
391.44	8.34395e-07
391.46	8.16918e-07
391.48	7.99831e-07
391.5	7.83125e-07
391.52	7.6679e-07
391.54	7.50817e-07
391.56	7.352e-07
391.58	7.19928e-07
391.6	7.04995e-07
391.62	6.90391e-07
391.64	6.76111e-07
391.66	6.62145e-07
391.68	6.48487e-07
391.7	6.3513e-07
391.72	6.22066e-07
391.74	6.09289e-07
391.76	5.96793e-07
391.78	5.8457e-07
391.8	5.72615e-07
391.82	5.6092e-07
391.84	5.49482e-07
391.86	5.38292e-07
391.88	5.27347e-07
391.9	5.16639e-07
391.92	5.06164e-07
391.94	4.95916e-07
391.96	4.85891e-07
391.98	4.76082e-07
392	4.66486e-07
392.02	4.57096e-07
392.04	4.4791e-07
392.06	4.38921e-07
392.08	4.30126e-07
392.1	4.21519e-07
392.12	4.13098e-07
392.14	4.04857e-07
392.16	3.96793e-07
392.18	3.88901e-07
392.2	3.81177e-07
392.22	3.73619e-07
392.24	3.66221e-07
392.26	3.58982e-07
392.28	3.51896e-07
392.3	3.4496e-07
392.32	3.38172e-07
392.34	3.31527e-07
392.36	3.25023e-07
392.38	3.18657e-07
392.4	3.12424e-07
392.42	3.06324e-07
392.44	3.00351e-07
392.46	2.94505e-07
392.48	2.88781e-07
392.5	2.83177e-07
392.52	2.7769e-07
392.54	2.72319e-07
392.56	2.6706e-07
392.58	2.6191e-07
392.6	2.56868e-07
392.62	2.51931e-07
392.64	2.47096e-07
392.66	2.42362e-07
392.68	2.37726e-07
392.7	2.33187e-07
392.72	2.28741e-07
392.74	2.24387e-07
392.76	2.20123e-07
392.78	2.15947e-07
392.8	2.11857e-07
392.82	2.07851e-07
392.84	2.03927e-07
392.86	2.00084e-07
392.88	1.9632e-07
392.9	1.92632e-07
392.92	1.8902e-07
392.94	1.85482e-07
392.96	1.82016e-07
392.98	1.7862e-07
393	1.75294e-07
393.02	1.72035e-07
393.04	1.68842e-07
393.06	1.65714e-07
393.08	1.62649e-07
393.1	1.59646e-07
393.12	1.56704e-07
393.14	1.53821e-07
393.16	1.50996e-07
393.18	1.48227e-07
393.2	1.45515e-07
393.22	1.42856e-07
393.24	1.40251e-07
393.26	1.37699e-07
393.28	1.35197e-07
393.3	1.32745e-07
393.32	1.30342e-07
393.34	1.27986e-07
393.36	1.25678e-07
393.38	1.23415e-07
393.4	1.21198e-07
393.42	1.19024e-07
393.44	1.16893e-07
393.46	1.14804e-07
393.48	1.12757e-07
393.5	1.10749e-07
393.52	1.08781e-07
393.54	1.06852e-07
393.56	1.04961e-07
393.58	1.03107e-07
393.6	1.01289e-07
393.62	9.95063e-08
393.64	9.77586e-08
393.66	9.6045e-08
393.68	9.43647e-08
393.7	9.27172e-08
393.72	9.11015e-08
393.74	8.95172e-08
393.76	8.79635e-08
393.78	8.64399e-08
393.8	8.49456e-08
393.82	8.34802e-08
393.84	8.2043e-08
393.86	8.06334e-08
393.88	7.92509e-08
393.9	7.78948e-08
393.92	7.65648e-08
393.94	7.52601e-08
393.96	7.39804e-08
393.98	7.2725e-08
394	7.14936e-08
394.02	7.02856e-08
394.04	6.91005e-08
394.06	6.79379e-08
394.08	6.67973e-08
394.1	6.56782e-08
394.12	6.45802e-08
394.14	6.3503e-08
394.16	6.24461e-08
394.18	6.1409e-08
394.2	6.03913e-08
394.22	5.93928e-08
394.24	5.84129e-08
394.26	5.74514e-08
394.28	5.65078e-08
394.3	5.55818e-08
394.32	5.4673e-08
394.34	5.37811e-08
394.36	5.29058e-08
394.38	5.20467e-08
394.4	5.12035e-08
394.42	5.03758e-08
394.44	4.95634e-08
394.46	4.8766e-08
394.48	4.79833e-08
394.5	4.72149e-08
394.52	4.64606e-08
394.54	4.57201e-08
394.56	4.49932e-08
394.58	4.42795e-08
394.6	4.35789e-08
394.62	4.28909e-08
394.64	4.22155e-08
394.66	4.15524e-08
394.68	4.09012e-08
394.7	4.02618e-08
394.72	3.9634e-08
394.74	3.90175e-08
394.76	3.84121e-08
394.78	3.78176e-08
394.8	3.72337e-08
394.82	3.66603e-08
394.84	3.60972e-08
394.86	3.55441e-08
394.88	3.50009e-08
394.9	3.44674e-08
394.92	3.39433e-08
394.94	3.34286e-08
394.96	3.2923e-08
394.98	3.24263e-08
395	3.19384e-08
395.02	3.14591e-08
395.04	3.09883e-08
395.06	3.05257e-08
395.08	3.00712e-08
395.1	2.96248e-08
395.12	2.91861e-08
395.14	2.87551e-08
395.16	2.83316e-08
395.18	2.79155e-08
395.2	2.75066e-08
395.22	2.71049e-08
395.24	2.67101e-08
395.26	2.63221e-08
395.28	2.59408e-08
395.3	2.55661e-08
395.32	2.51979e-08
395.34	2.4836e-08
395.36	2.44803e-08
395.38	2.41307e-08
395.4	2.37871e-08
395.42	2.34493e-08
395.44	2.31173e-08
395.46	2.2791e-08
395.48	2.24702e-08
395.5	2.21549e-08
395.52	2.18449e-08
395.54	2.15401e-08
395.56	2.12405e-08
395.58	2.0946e-08
395.6	2.06564e-08
395.62	2.03716e-08
395.64	2.00917e-08
395.66	1.98164e-08
395.68	1.95458e-08
395.7	1.92796e-08
395.72	1.90179e-08
395.74	1.87606e-08
395.76	1.85075e-08
395.78	1.82586e-08
395.8	1.80138e-08
395.82	1.77731e-08
395.84	1.75364e-08
395.86	1.73035e-08
395.88	1.70745e-08
395.9	1.68492e-08
395.92	1.66277e-08
395.94	1.64097e-08
395.96	1.61953e-08
395.98	1.59844e-08
396	1.5777e-08
396.02	1.55729e-08
396.04	1.53721e-08
396.06	1.51746e-08
396.08	1.49803e-08
396.1	1.47891e-08
396.12	1.4601e-08
396.14	1.44159e-08
396.16	1.42338e-08
396.18	1.40546e-08
396.2	1.38783e-08
396.22	1.37048e-08
396.24	1.3534e-08
396.26	1.3366e-08
396.28	1.32006e-08
396.3	1.30379e-08
396.32	1.28778e-08
396.34	1.27201e-08
396.36	1.2565e-08
396.38	1.24123e-08
396.4	1.2262e-08
396.42	1.21141e-08
396.44	1.19685e-08
396.46	1.18252e-08
396.48	1.16841e-08
396.5	1.15452e-08
396.52	1.14085e-08
396.54	1.12739e-08
396.56	1.11414e-08
396.58	1.10109e-08
396.6	1.08825e-08
396.62	1.07561e-08
396.64	1.06315e-08
396.66	1.0509e-08
396.68	1.03883e-08
396.7	1.02694e-08
396.72	1.01524e-08
396.74	1.00371e-08
396.76	9.92363e-09
396.78	9.81187e-09
396.8	9.70181e-09
396.82	9.59342e-09
396.84	9.48667e-09
396.86	9.38154e-09
396.88	9.27799e-09
396.9	9.17601e-09
396.92	9.07556e-09
396.94	8.97662e-09
396.96	8.87917e-09
396.98	8.78317e-09
397	8.68861e-09
397.02	8.59547e-09
397.04	8.50371e-09
397.06	8.41331e-09
397.08	8.32426e-09
397.1	8.23653e-09
397.12	8.1501e-09
397.14	8.06494e-09
397.16	7.98105e-09
397.18	7.89838e-09
397.2	7.81694e-09
397.22	7.73669e-09
397.24	7.65761e-09
397.26	7.5797e-09
397.28	7.50292e-09
397.3	7.42726e-09
397.32	7.35271e-09
397.34	7.27924e-09
397.36	7.20684e-09
397.38	7.13548e-09
397.4	7.06516e-09
397.42	6.99586e-09
397.44	6.92755e-09
397.46	6.86023e-09
397.48	6.79388e-09
397.5	6.72848e-09
397.52	6.66402e-09
397.54	6.60049e-09
397.56	6.53786e-09
397.58	6.47613e-09
397.6	6.41527e-09
397.62	6.35529e-09
397.64	6.29615e-09
397.66	6.23786e-09
397.68	6.18039e-09
397.7	6.12373e-09
397.72	6.06788e-09
397.74	6.01281e-09
397.76	5.95852e-09
397.78	5.905e-09
397.8	5.85223e-09
397.82	5.80019e-09
397.84	5.74889e-09
397.86	5.69831e-09
397.88	5.64843e-09
397.9	5.59925e-09
397.92	5.55076e-09
397.94	5.50294e-09
397.96	5.45578e-09
397.98	5.40929e-09
398	5.36343e-09
398.02	5.31821e-09
398.04	5.27362e-09
398.06	5.22965e-09
398.08	5.18628e-09
398.1	5.14351e-09
398.12	5.10133e-09
398.14	5.05973e-09
398.16	5.0187e-09
398.18	4.97824e-09
398.2	4.93833e-09
398.22	4.89896e-09
398.24	4.86014e-09
398.26	4.82185e-09
398.28	4.78408e-09
398.3	4.74683e-09
398.32	4.71008e-09
398.34	4.67384e-09
398.36	4.63809e-09
398.38	4.60282e-09
398.4	4.56804e-09
398.42	4.53372e-09
398.44	4.49988e-09
398.46	4.46649e-09
398.48	4.43355e-09
398.5	4.40106e-09
398.52	4.36901e-09
398.54	4.3374e-09
398.56	4.30621e-09
398.58	4.27544e-09
398.6	4.24509e-09
398.62	4.21514e-09
398.64	4.1856e-09
398.66	4.15646e-09
398.68	4.12772e-09
398.7	4.09935e-09
398.72	4.07138e-09
398.74	4.04377e-09
398.76	4.01654e-09
398.78	3.98968e-09
398.8	3.96317e-09
398.82	3.93703e-09
398.84	3.91123e-09
398.86	3.88578e-09
398.88	3.86068e-09
398.9	3.83591e-09
398.92	3.81147e-09
398.94	3.78737e-09
398.96	3.76358e-09
398.98	3.74012e-09
399	3.71697e-09
399.02	3.69414e-09
399.04	3.67161e-09
399.06	3.64938e-09
399.08	3.62746e-09
399.1	3.60583e-09
399.12	3.58449e-09
399.14	3.56344e-09
399.16	3.54267e-09
399.18	3.52219e-09
399.2	3.50198e-09
399.22	3.48204e-09
399.24	3.46238e-09
399.26	3.44298e-09
399.28	3.42384e-09
399.3	3.40497e-09
399.32	3.38635e-09
399.34	3.36798e-09
399.36	3.34987e-09
399.38	3.332e-09
399.4	3.31437e-09
399.42	3.29699e-09
399.44	3.27985e-09
399.46	3.26294e-09
399.48	3.24626e-09
399.5	3.22981e-09
399.52	3.21359e-09
399.54	3.1976e-09
399.56	3.18183e-09
399.58	3.16627e-09
399.6	3.15093e-09
399.62	3.13581e-09
399.64	3.12089e-09
399.66	3.10619e-09
399.68	3.09169e-09
399.7	3.0774e-09
399.72	3.0633e-09
399.74	3.04941e-09
399.76	3.03572e-09
399.78	3.02222e-09
399.8	3.00891e-09
399.82	2.99579e-09
399.84	2.98286e-09
399.86	2.97012e-09
399.88	2.95757e-09
399.9	2.94519e-09
399.92	2.933e-09
399.94	2.92098e-09
399.96	2.90914e-09
399.98	2.89748e-09
400	2.88599e-09
400.02	2.87467e-09
400.04	2.86352e-09
400.06	2.85254e-09
400.08	2.84172e-09
400.1	2.83107e-09
400.12	2.82058e-09
400.14	2.81025e-09
400.16	2.80008e-09
400.18	2.79007e-09
400.2	2.78022e-09
400.22	2.77052e-09
400.24	2.76097e-09
400.26	2.75157e-09
400.28	2.74233e-09
400.3	2.73323e-09
400.32	2.72429e-09
400.34	2.71548e-09
400.36	2.70683e-09
400.38	2.69831e-09
400.4	2.68994e-09
400.42	2.68171e-09
400.44	2.67362e-09
400.46	2.66567e-09
400.48	2.65785e-09
400.5	2.65017e-09
400.52	2.64263e-09
400.54	2.63522e-09
400.56	2.62794e-09
400.58	2.62079e-09
400.6	2.61378e-09
400.62	2.60689e-09
400.64	2.60014e-09
400.66	2.59351e-09
400.68	2.587e-09
400.7	2.58063e-09
400.72	2.57437e-09
400.74	2.56824e-09
400.76	2.56224e-09
400.78	2.55635e-09
400.8	2.55059e-09
400.82	2.54495e-09
400.84	2.53942e-09
400.86	2.53402e-09
400.88	2.52873e-09
400.9	2.52356e-09
400.92	2.5185e-09
400.94	2.51356e-09
400.96	2.50874e-09
400.98	2.50403e-09
401	2.49943e-09
401.02	2.49495e-09
401.04	2.49057e-09
401.06	2.48631e-09
401.08	2.48216e-09
401.1	2.47812e-09
401.12	2.47419e-09
401.14	2.47037e-09
401.16	2.46666e-09
401.18	2.46305e-09
401.2	2.45955e-09
401.22	2.45616e-09
401.24	2.45288e-09
401.26	2.4497e-09
401.28	2.44662e-09
401.3	2.44365e-09
401.32	2.44079e-09
401.34	2.43803e-09
401.36	2.43537e-09
401.38	2.43282e-09
401.4	2.43037e-09
401.42	2.42802e-09
401.44	2.42577e-09
401.46	2.42363e-09
401.48	2.42159e-09
401.5	2.41965e-09
401.52	2.41781e-09
401.54	2.41607e-09
401.56	2.41443e-09
401.58	2.41289e-09
401.6	2.41145e-09
401.62	2.41011e-09
401.64	2.40887e-09
401.66	2.40773e-09
401.68	2.40669e-09
401.7	2.40575e-09
401.72	2.40491e-09
401.74	2.40416e-09
401.76	2.40352e-09
401.78	2.40297e-09
401.8	2.40252e-09
401.82	2.40217e-09
401.84	2.40192e-09
401.86	2.40177e-09
401.88	2.40171e-09
401.9	2.40176e-09
401.92	2.4019e-09
401.94	2.40214e-09
401.96	2.40248e-09
401.98	2.40292e-09
402	2.40345e-09
402.02	2.40409e-09
402.04	2.40482e-09
402.06	2.40565e-09
402.08	2.40658e-09
402.1	2.40761e-09
402.12	2.40874e-09
402.14	2.40997e-09
402.16	2.41129e-09
402.18	2.41272e-09
402.2	2.41425e-09
402.22	2.41587e-09
402.24	2.4176e-09
402.26	2.41943e-09
402.28	2.42136e-09
402.3	2.42339e-09
402.32	2.42552e-09
402.34	2.42775e-09
402.36	2.43009e-09
402.38	2.43253e-09
402.4	2.43507e-09
402.42	2.43771e-09
402.44	2.44046e-09
402.46	2.44331e-09
402.48	2.44627e-09
402.5	2.44933e-09
402.52	2.4525e-09
402.54	2.45577e-09
402.56	2.45915e-09
402.58	2.46264e-09
402.6	2.46623e-09
402.62	2.46994e-09
402.64	2.47375e-09
402.66	2.47767e-09
402.68	2.4817e-09
402.7	2.48585e-09
402.72	2.4901e-09
402.74	2.49447e-09
402.76	2.49894e-09
402.78	2.50354e-09
402.8	2.50824e-09
402.82	2.51307e-09
402.84	2.518e-09
402.86	2.52306e-09
402.88	2.52823e-09
402.9	2.53352e-09
402.92	2.53893e-09
402.94	2.54446e-09
402.96	2.55012e-09
402.98	2.55589e-09
403	2.56179e-09
403.02	2.56781e-09
403.04	2.57396e-09
403.06	2.58023e-09
403.08	2.58663e-09
403.1	2.59316e-09
403.12	2.59982e-09
403.14	2.60661e-09
403.16	2.61354e-09
403.18	2.62059e-09
403.2	2.62779e-09
403.22	2.63512e-09
403.24	2.64258e-09
403.26	2.65019e-09
403.28	2.65793e-09
403.3	2.66582e-09
403.32	2.67385e-09
403.34	2.68203e-09
403.36	2.69035e-09
403.38	2.69882e-09
403.4	2.70744e-09
403.42	2.71622e-09
403.44	2.72514e-09
403.46	2.73422e-09
403.48	2.74346e-09
403.5	2.75286e-09
403.52	2.76242e-09
403.54	2.77214e-09
403.56	2.78202e-09
403.58	2.79207e-09
403.6	2.80229e-09
403.62	2.81269e-09
403.64	2.82325e-09
403.66	2.83399e-09
403.68	2.84491e-09
403.7	2.85601e-09
403.72	2.8673e-09
403.74	2.87876e-09
403.76	2.89042e-09
403.78	2.90227e-09
403.8	2.91431e-09
403.82	2.92654e-09
403.84	2.93898e-09
403.86	2.95161e-09
403.88	2.96446e-09
403.9	2.97751e-09
403.92	2.99077e-09
403.94	3.00424e-09
403.96	3.01794e-09
403.98	3.03185e-09
404	3.04599e-09
404.02	3.06036e-09
404.04	3.07496e-09
404.06	3.0898e-09
404.08	3.10487e-09
404.1	3.12019e-09
404.12	3.13576e-09
404.14	3.15158e-09
404.16	3.16766e-09
404.18	3.184e-09
404.2	3.2006e-09
404.22	3.21747e-09
404.24	3.23462e-09
404.26	3.25205e-09
404.28	3.26977e-09
404.3	3.28778e-09
404.32	3.30608e-09
404.34	3.32468e-09
404.36	3.3436e-09
404.38	3.36282e-09
404.4	3.38237e-09
404.42	3.40224e-09
404.44	3.42245e-09
404.46	3.44299e-09
404.48	3.46388e-09
404.5	3.48513e-09
404.52	3.50674e-09
404.54	3.52872e-09
404.56	3.55107e-09
404.58	3.57381e-09
404.6	3.59694e-09
404.62	3.62048e-09
404.64	3.64443e-09
404.66	3.6688e-09
404.68	3.6936e-09
404.7	3.71884e-09
404.72	3.74453e-09
404.74	3.77069e-09
404.76	3.79731e-09
404.78	3.82443e-09
404.8	3.85204e-09
404.82	3.88016e-09
404.84	3.90881e-09
404.86	3.93799e-09
404.88	3.96773e-09
404.9	3.99803e-09
404.92	4.02891e-09
404.94	4.06039e-09
404.96	4.09249e-09
404.98	4.12522e-09
405	4.1586e-09
405.02	4.19264e-09
405.04	4.22738e-09
405.06	4.26283e-09
405.08	4.29902e-09
405.1	4.33596e-09
405.12	4.37368e-09
405.14	4.4122e-09
405.16	4.45156e-09
405.18	4.49179e-09
405.2	4.5329e-09
405.22	4.57494e-09
405.24	4.61794e-09
405.26	4.66193e-09
405.28	4.70696e-09
405.3	4.75305e-09
405.32	4.80027e-09
405.34	4.84864e-09
405.36	4.89822e-09
405.38	4.94907e-09
405.4	5.00123e-09
405.42	5.05478e-09
405.44	5.10977e-09
405.46	5.16628e-09
405.48	5.22439e-09
405.5	5.28417e-09
405.52	5.34573e-09
405.54	5.40916e-09
405.56	5.47458e-09
405.58	5.5421e-09
405.6	5.61188e-09
405.62	5.68406e-09
405.64	5.75881e-09
405.66	5.83635e-09
405.68	5.9169e-09
405.7	6.00072e-09
405.72	6.08812e-09
405.74	6.17949e-09
405.76	6.27527e-09
405.78	6.37601e-09
405.8	6.48241e-09
405.82	6.59539e-09
405.84	6.71618e-09
405.86	6.8465e-09
405.88	6.98896e-09
405.9	7.14787e-09
405.92	7.3313e-09
405.94	7.55744e-09
405.96	7.87926e-09
405.98	8.52528e-09
406	1.05497e-08
406.02	1.70582e-08
406.04	3.68103e-08
406.06	9.70454e-08
406.08	2.65848e-07
406.1	6.82142e-07
406.12	1.62194e-06
406.14	3.61833e-06
406.16	7.55382e-06
406.18	1.45916e-05
406.2	2.58521e-05
406.22	4.18713e-05
406.24	6.23247e-05
406.26	8.6336e-05
406.28	0.000112896
406.3	0.000141067
406.32	0.000170045
406.34	0.000199186
406.36	0.000228004
406.38	0.000256152
406.4	0.000283396
406.42	0.000309585
406.44	0.000334628
406.46	0.00035848
406.48	0.000381123
406.5	0.000402562
406.52	0.000422815
406.54	0.000441911
406.56	0.000459883
406.58	0.000476769
406.6	0.000492607
406.62	0.000507437
406.64	0.000521299
406.66	0.00053423
406.68	0.000546268
406.7	0.000557448
406.72	0.000567807
406.74	0.000577376
406.76	0.000586189
406.78	0.000594276
406.8	0.000601667
406.82	0.000608389
406.84	0.000614471
406.86	0.000619939
406.88	0.000624818
406.9	0.000629133
406.92	0.000632907
406.94	0.000636162
406.96	0.000638921
406.98	0.000641203
407	0.000643031
407.02	0.000644422
407.04	0.000645396
407.06	0.000645971
407.08	0.000646164
407.1	0.000645993
407.12	0.000645472
407.14	0.000644618
407.16	0.000643447
407.18	0.000641971
407.2	0.000640205
407.22	0.000638164
407.24	0.000635858
407.26	0.000633302
407.28	0.000630507
407.3	0.000627484
407.32	0.000624245
407.34	0.000620801
407.36	0.000617162
407.38	0.000613337
407.4	0.000609338
407.42	0.000605172
407.44	0.000600849
407.46	0.000596378
407.48	0.000591766
407.5	0.000587023
407.52	0.000582155
407.54	0.000577171
407.56	0.000572077
407.58	0.000566882
407.6	0.00056159
407.62	0.00055621
407.64	0.000550747
407.66	0.000545207
407.68	0.000539598
407.7	0.000533923
407.72	0.000528189
407.74	0.000522401
407.76	0.000516564
407.78	0.000510684
407.8	0.000504764
407.82	0.000498811
407.84	0.000492827
407.86	0.000486819
407.88	0.000480789
407.9	0.000474742
407.92	0.000468682
407.94	0.000462613
407.96	0.000456538
407.98	0.000450461
408	0.000444385
408.02	0.000438314
408.04	0.00043225
408.06	0.000426197
408.08	0.000420158
408.1	0.000414135
408.12	0.000408132
408.14	0.00040215
408.16	0.000396192
408.18	0.000390261
408.2	0.000384359
408.22	0.000378487
408.24	0.000372649
408.26	0.000366846
408.28	0.00036108
408.3	0.000355353
408.32	0.000349666
408.34	0.000344021
408.36	0.00033842
408.38	0.000332865
408.4	0.000327355
408.42	0.000321894
408.44	0.000316481
408.46	0.000311119
408.48	0.000305808
408.5	0.000300549
408.52	0.000295343
408.54	0.000290191
408.56	0.000285094
408.58	0.000280053
408.6	0.000275067
408.62	0.000270139
408.64	0.000265268
408.66	0.000260455
408.68	0.0002557
408.7	0.000251004
408.72	0.000246367
408.74	0.000241789
408.76	0.000237271
408.78	0.000232812
408.8	0.000228413
408.82	0.000224074
408.84	0.000219796
408.86	0.000215577
408.88	0.000211418
408.9	0.000207319
408.92	0.00020328
408.94	0.000199301
408.96	0.000195381
408.98	0.000191521
409	0.00018772
409.02	0.000183978
409.04	0.000180294
409.06	0.000176669
409.08	0.000173102
409.1	0.000169592
409.12	0.000166139
409.14	0.000162744
409.16	0.000159405
409.18	0.000156122
409.2	0.000152894
409.22	0.000149722
409.24	0.000146604
409.26	0.00014354
409.28	0.00014053
409.3	0.000137573
409.32	0.000134668
409.34	0.000131815
409.36	0.000129014
409.38	0.000126264
409.4	0.000123564
409.42	0.000120914
409.44	0.000118312
409.46	0.00011576
409.48	0.000113255
409.5	0.000110797
409.52	0.000108387
409.54	0.000106022
409.56	0.000103703
409.58	0.000101428
409.6	9.9198e-05
409.62	9.70114e-05
409.64	9.48678e-05
409.66	9.27665e-05
409.68	9.0707e-05
409.7	8.86885e-05
409.72	8.67106e-05
409.74	8.47725e-05
409.76	8.28736e-05
409.78	8.10134e-05
409.8	7.91912e-05
409.82	7.74063e-05
409.84	7.56583e-05
409.86	7.39465e-05
409.88	7.22702e-05
409.9	7.06289e-05
409.92	6.9022e-05
409.94	6.74489e-05
409.96	6.59091e-05
409.98	6.44019e-05
410	6.29267e-05
410.02	6.1483e-05
410.04	6.00703e-05
410.06	5.8688e-05
410.08	5.73355e-05
410.1	5.60122e-05
410.12	5.47177e-05
410.14	5.34514e-05
410.16	5.22128e-05
410.18	5.10013e-05
410.2	4.98164e-05
410.22	4.86577e-05
410.24	4.75246e-05
410.26	4.64166e-05
410.28	4.53333e-05
410.3	4.42741e-05
410.32	4.32386e-05
410.34	4.22264e-05
410.36	4.12368e-05
410.38	4.02696e-05
410.4	3.93241e-05
410.42	3.84001e-05
410.44	3.74971e-05
410.46	3.66146e-05
410.48	3.57521e-05
410.5	3.49094e-05
410.52	3.4086e-05
410.54	3.32814e-05
410.56	3.24954e-05
410.58	3.17274e-05
410.6	3.09772e-05
410.62	3.02442e-05
410.64	2.95283e-05
410.66	2.88289e-05
410.68	2.81458e-05
410.7	2.74786e-05
410.72	2.6827e-05
410.74	2.61905e-05
410.76	2.5569e-05
410.78	2.4962e-05
410.8	2.43692e-05
410.82	2.37903e-05
410.84	2.32251e-05
410.86	2.26732e-05
410.88	2.21343e-05
410.9	2.16081e-05
410.92	2.10943e-05
410.94	2.05927e-05
410.96	2.0103e-05
410.98	1.96249e-05
411	1.91581e-05
411.02	1.87025e-05
411.04	1.82577e-05
411.06	1.78235e-05
411.08	1.73996e-05
411.1	1.69858e-05
411.12	1.65819e-05
411.14	1.61877e-05
411.16	1.58029e-05
411.18	1.54273e-05
411.2	1.50607e-05
411.22	1.47029e-05
411.24	1.43537e-05
411.26	1.40129e-05
411.28	1.36802e-05
411.3	1.33556e-05
411.32	1.30387e-05
411.34	1.27295e-05
411.36	1.24277e-05
411.38	1.21331e-05
411.4	1.18457e-05
411.42	1.15652e-05
411.44	1.12914e-05
411.46	1.10243e-05
411.48	1.07636e-05
411.5	1.05092e-05
411.52	1.02609e-05
411.54	1.00186e-05
411.56	9.78215e-06
411.58	9.55142e-06
411.6	9.32626e-06
411.62	9.10654e-06
411.64	8.89213e-06
411.66	8.68289e-06
411.68	8.47871e-06
411.7	8.27946e-06
411.72	8.08502e-06
411.74	7.89527e-06
411.76	7.71011e-06
411.78	7.52942e-06
411.8	7.3531e-06
411.82	7.18103e-06
411.84	7.01311e-06
411.86	6.84925e-06
411.88	6.68934e-06
411.9	6.53329e-06
411.92	6.381e-06
411.94	6.23238e-06
411.96	6.08735e-06
411.98	5.94581e-06
412	5.80768e-06
412.02	5.67288e-06
412.04	5.54132e-06
412.06	5.41293e-06
412.08	5.28763e-06
412.1	5.16533e-06
412.12	5.04598e-06
412.14	4.9295e-06
412.16	4.81581e-06
412.18	4.70485e-06
412.2	4.59655e-06
412.22	4.49085e-06
412.24	4.38768e-06
412.26	4.28699e-06
412.28	4.1887e-06
412.3	4.09276e-06
412.32	3.99912e-06
412.34	3.90771e-06
412.36	3.81849e-06
412.38	3.73139e-06
412.4	3.64637e-06
412.42	3.56338e-06
412.44	3.48237e-06
412.46	3.40328e-06
412.48	3.32607e-06
412.5	3.2507e-06
412.52	3.17711e-06
412.54	3.10527e-06
412.56	3.03514e-06
412.58	2.96666e-06
412.6	2.89981e-06
412.62	2.83454e-06
412.64	2.77081e-06
412.66	2.70858e-06
412.68	2.64783e-06
412.7	2.5885e-06
412.72	2.53057e-06
412.74	2.47401e-06
412.76	2.41877e-06
412.78	2.36483e-06
412.8	2.31216e-06
412.82	2.26073e-06
412.84	2.21049e-06
412.86	2.16144e-06
412.88	2.11353e-06
412.9	2.06674e-06
412.92	2.02104e-06
412.94	1.97641e-06
412.96	1.93281e-06
412.98	1.89023e-06
413	1.84864e-06
413.02	1.80802e-06
413.04	1.76834e-06
413.06	1.72958e-06
413.08	1.69171e-06
413.1	1.65472e-06
413.12	1.61859e-06
413.14	1.58329e-06
413.16	1.54881e-06
413.18	1.51511e-06
413.2	1.4822e-06
413.22	1.45004e-06
413.24	1.41862e-06
413.26	1.38792e-06
413.28	1.35792e-06
413.3	1.32861e-06
413.32	1.29996e-06
413.34	1.27198e-06
413.36	1.24463e-06
413.38	1.2179e-06
413.4	1.19178e-06
413.42	1.16626e-06
413.44	1.14132e-06
413.46	1.11694e-06
413.48	1.09311e-06
413.5	1.06982e-06
413.52	1.04706e-06
413.54	1.02482e-06
413.56	1.00307e-06
413.58	9.8182e-07
413.6	9.61044e-07
413.62	9.40735e-07
413.64	9.20882e-07
413.66	9.01475e-07
413.68	8.82502e-07
413.7	8.63955e-07
413.72	8.45821e-07
413.74	8.28093e-07
413.76	8.1076e-07
413.78	7.93813e-07
413.8	7.77244e-07
413.82	7.61043e-07
413.84	7.45201e-07
413.86	7.29711e-07
413.88	7.14564e-07
413.9	6.99752e-07
413.92	6.85267e-07
413.94	6.71102e-07
413.96	6.5725e-07
413.98	6.43702e-07
414	6.30452e-07
414.02	6.17494e-07
414.04	6.0482e-07
414.06	5.92424e-07
414.08	5.80299e-07
414.1	5.68439e-07
414.12	5.56839e-07
414.14	5.45491e-07
414.16	5.34391e-07
414.18	5.23532e-07
414.2	5.12909e-07
414.22	5.02517e-07
414.24	4.92351e-07
414.26	4.82404e-07
414.28	4.72673e-07
414.3	4.63152e-07
414.32	4.53837e-07
414.34	4.44722e-07
414.36	4.35804e-07
414.38	4.27077e-07
414.4	4.18538e-07
414.42	4.10183e-07
414.44	4.02006e-07
414.46	3.94004e-07
414.48	3.86173e-07
414.5	3.7851e-07
414.52	3.7101e-07
414.54	3.63669e-07
414.56	3.56485e-07
414.58	3.49454e-07
414.6	3.42572e-07
414.62	3.35835e-07
414.64	3.29241e-07
414.66	3.22787e-07
414.68	3.16469e-07
414.7	3.10284e-07
414.72	3.0423e-07
414.74	2.98303e-07
414.76	2.92501e-07
414.78	2.8682e-07
414.8	2.81258e-07
414.82	2.75813e-07
414.84	2.70482e-07
414.86	2.65262e-07
414.88	2.60152e-07
414.9	2.55147e-07
414.92	2.50247e-07
414.94	2.45448e-07
414.96	2.4075e-07
414.98	2.36148e-07
415	2.31642e-07
415.02	2.27229e-07
415.04	2.22908e-07
415.06	2.18675e-07
415.08	2.1453e-07
415.1	2.1047e-07
415.12	2.06493e-07
415.14	2.02598e-07
415.16	1.98783e-07
415.18	1.95046e-07
415.2	1.91386e-07
415.22	1.878e-07
415.24	1.84288e-07
415.26	1.80847e-07
415.28	1.77476e-07
415.3	1.74173e-07
415.32	1.70938e-07
415.34	1.67768e-07
415.36	1.64662e-07
415.38	1.61619e-07
415.4	1.58638e-07
415.42	1.55716e-07
415.44	1.52854e-07
415.46	1.50049e-07
415.48	1.47301e-07
415.5	1.44607e-07
415.52	1.41968e-07
415.54	1.39381e-07
415.56	1.36846e-07
415.58	1.34362e-07
415.6	1.31927e-07
415.62	1.29541e-07
415.64	1.27202e-07
415.66	1.2491e-07
415.68	1.22663e-07
415.7	1.20461e-07
415.72	1.18302e-07
415.74	1.16186e-07
415.76	1.14112e-07
415.78	1.12078e-07
415.8	1.10085e-07
415.82	1.08131e-07
415.84	1.06215e-07
415.86	1.04337e-07
415.88	1.02495e-07
415.9	1.00689e-07
415.92	9.89192e-08
415.94	9.71834e-08
415.96	9.54815e-08
415.98	9.38126e-08
416	9.21762e-08
416.02	9.05714e-08
416.04	8.89978e-08
416.06	8.74546e-08
416.08	8.59412e-08
416.1	8.44569e-08
416.12	8.30013e-08
416.14	8.15737e-08
416.16	8.01735e-08
416.18	7.88002e-08
416.2	7.74532e-08
416.22	7.61319e-08
416.24	7.48359e-08
416.26	7.35646e-08
416.28	7.23176e-08
416.3	7.10942e-08
416.32	6.98941e-08
416.34	6.87168e-08
416.36	6.75617e-08
416.38	6.64286e-08
416.4	6.53168e-08
416.42	6.4226e-08
416.44	6.31557e-08
416.46	6.21056e-08
416.48	6.10753e-08
416.5	6.00642e-08
416.52	5.9072e-08
416.54	5.80985e-08
416.56	5.71431e-08
416.58	5.62055e-08
416.6	5.52854e-08
416.62	5.43824e-08
416.64	5.34962e-08
416.66	5.26264e-08
416.68	5.17727e-08
416.7	5.09348e-08
416.72	5.01124e-08
416.74	4.93051e-08
416.76	4.85127e-08
416.78	4.77349e-08
416.8	4.69713e-08
416.82	4.62217e-08
416.84	4.54858e-08
416.86	4.47634e-08
416.88	4.40542e-08
416.9	4.33578e-08
416.92	4.26741e-08
416.94	4.20029e-08
416.96	4.13438e-08
416.98	4.06966e-08
417	4.00612e-08
417.02	3.94372e-08
417.04	3.88244e-08
417.06	3.82227e-08
417.08	3.76318e-08
417.1	3.70514e-08
417.12	3.64815e-08
417.14	3.59217e-08
417.16	3.5372e-08
417.18	3.4832e-08
417.2	3.43017e-08
417.22	3.37808e-08
417.24	3.32691e-08
417.26	3.27665e-08
417.28	3.22727e-08
417.3	3.17877e-08
417.32	3.13113e-08
417.34	3.08432e-08
417.36	3.03833e-08
417.38	2.99315e-08
417.4	2.94877e-08
417.42	2.90516e-08
417.44	2.86231e-08
417.46	2.8202e-08
417.48	2.77884e-08
417.5	2.73818e-08
417.52	2.69824e-08
417.54	2.65899e-08
417.56	2.62041e-08
417.58	2.5825e-08
417.6	2.54525e-08
417.62	2.50863e-08
417.64	2.47265e-08
417.66	2.43728e-08
417.68	2.40252e-08
417.7	2.36835e-08
417.72	2.33476e-08
417.74	2.30175e-08
417.76	2.2693e-08
417.78	2.2374e-08
417.8	2.20604e-08
417.82	2.17522e-08
417.84	2.14491e-08
417.86	2.11512e-08
417.88	2.08582e-08
417.9	2.05702e-08
417.92	2.02871e-08
417.94	2.00086e-08
417.96	1.97349e-08
417.98	1.94657e-08
418	1.9201e-08
418.02	1.89407e-08
418.04	1.86847e-08
418.06	1.8433e-08
418.08	1.81855e-08
418.1	1.7942e-08
418.12	1.77026e-08
418.14	1.74671e-08
418.16	1.72355e-08
418.18	1.70077e-08
418.2	1.67836e-08
418.22	1.65632e-08
418.24	1.63465e-08
418.26	1.61332e-08
418.28	1.59234e-08
418.3	1.57171e-08
418.32	1.5514e-08
418.34	1.53143e-08
418.36	1.51178e-08
418.38	1.49245e-08
418.4	1.47343e-08
418.42	1.45471e-08
418.44	1.4363e-08
418.46	1.41818e-08
418.48	1.40036e-08
418.5	1.38281e-08
418.52	1.36555e-08
418.54	1.34856e-08
418.56	1.33185e-08
418.58	1.31539e-08
418.6	1.2992e-08
418.62	1.28327e-08
418.64	1.26759e-08
418.66	1.25215e-08
418.68	1.23696e-08
418.7	1.222e-08
418.72	1.20729e-08
418.74	1.1928e-08
418.76	1.17854e-08
418.78	1.1645e-08
418.8	1.15068e-08
418.82	1.13707e-08
418.84	1.12368e-08
418.86	1.11049e-08
418.88	1.09751e-08
418.9	1.08473e-08
418.92	1.07214e-08
418.94	1.05975e-08
418.96	1.04755e-08
418.98	1.03554e-08
419	1.02371e-08
419.02	1.01206e-08
419.04	1.00059e-08
419.06	9.89299e-09
419.08	9.78175e-09
419.1	9.67221e-09
419.12	9.56433e-09
419.14	9.45809e-09
419.16	9.35345e-09
419.18	9.25038e-09
419.2	9.14888e-09
419.22	9.04889e-09
419.24	8.95041e-09
419.26	8.85341e-09
419.28	8.75786e-09
419.3	8.66373e-09
419.32	8.57101e-09
419.34	8.47967e-09
419.36	8.38969e-09
419.38	8.30104e-09
419.4	8.21371e-09
419.42	8.12767e-09
419.44	8.0429e-09
419.46	7.95937e-09
419.48	7.87708e-09
419.5	7.796e-09
419.52	7.71611e-09
419.54	7.63739e-09
419.56	7.55982e-09
419.58	7.48338e-09
419.6	7.40806e-09
419.62	7.33383e-09
419.64	7.26068e-09
419.66	7.1886e-09
419.68	7.11755e-09
419.7	7.04754e-09
419.72	6.97854e-09
419.74	6.91053e-09
419.76	6.8435e-09
419.78	6.77743e-09
419.8	6.71232e-09
419.82	6.64813e-09
419.84	6.58487e-09
419.86	6.52251e-09
419.88	6.46104e-09
419.9	6.40044e-09
419.92	6.34071e-09
419.94	6.28182e-09
419.96	6.22377e-09
419.98	6.16655e-09
420	6.11013e-09
420.02	6.05451e-09
420.04	5.99967e-09
420.06	5.94561e-09
420.08	5.89231e-09
420.1	5.83975e-09
420.12	5.78793e-09
420.14	5.73684e-09
420.16	5.68647e-09
420.18	5.63679e-09
420.2	5.58782e-09
420.22	5.53952e-09
420.24	5.49189e-09
420.26	5.44493e-09
420.28	5.39862e-09
420.3	5.35295e-09
420.32	5.30792e-09
420.34	5.2635e-09
420.36	5.2197e-09
420.38	5.17651e-09
420.4	5.13391e-09
420.42	5.0919e-09
420.44	5.05046e-09
420.46	5.0096e-09
420.48	4.96929e-09
420.5	4.92954e-09
420.52	4.89033e-09
420.54	4.85166e-09
420.56	4.81352e-09
420.58	4.7759e-09
420.6	4.73879e-09
420.62	4.70219e-09
420.64	4.66609e-09
420.66	4.63047e-09
420.68	4.59535e-09
420.7	4.56069e-09
420.72	4.52651e-09
420.74	4.4928e-09
420.76	4.45954e-09
420.78	4.42673e-09
420.8	4.39436e-09
420.82	4.36243e-09
420.84	4.33094e-09
420.86	4.29987e-09
420.88	4.26922e-09
420.9	4.23898e-09
420.92	4.20915e-09
420.94	4.17972e-09
420.96	4.15069e-09
420.98	4.12205e-09
421	4.09379e-09
421.02	4.06592e-09
421.04	4.03842e-09
421.06	4.01129e-09
421.08	3.98453e-09
421.1	3.95812e-09
421.12	3.93207e-09
421.14	3.90637e-09
421.16	3.88102e-09
421.18	3.85601e-09
421.2	3.83133e-09
421.22	3.80698e-09
421.24	3.78297e-09
421.26	3.75927e-09
421.28	3.73589e-09
421.3	3.71283e-09
421.32	3.69008e-09
421.34	3.66763e-09
421.36	3.64549e-09
421.38	3.62364e-09
421.4	3.60209e-09
421.42	3.58083e-09
421.44	3.55986e-09
421.46	3.53917e-09
421.48	3.51876e-09
421.5	3.49862e-09
421.52	3.47876e-09
421.54	3.45917e-09
421.56	3.43984e-09
421.58	3.42077e-09
421.6	3.40196e-09
421.62	3.38341e-09
421.64	3.36511e-09
421.66	3.34706e-09
421.68	3.32926e-09
421.7	3.3117e-09
421.72	3.29438e-09
421.74	3.2773e-09
421.76	3.26045e-09
421.78	3.24384e-09
421.8	3.22745e-09
421.82	3.21129e-09
421.84	3.19535e-09
421.86	3.17963e-09
421.88	3.16413e-09
421.9	3.14885e-09
421.92	3.13378e-09
421.94	3.11892e-09
421.96	3.10427e-09
421.98	3.08983e-09
422	3.07559e-09
422.02	3.06155e-09
422.04	3.0477e-09
422.06	3.03406e-09
422.08	3.02061e-09
422.1	3.00735e-09
422.12	2.99428e-09
422.14	2.9814e-09
422.16	2.96871e-09
422.18	2.9562e-09
422.2	2.94387e-09
422.22	2.93172e-09
422.24	2.91975e-09
422.26	2.90796e-09
422.28	2.89634e-09
422.3	2.88489e-09
422.32	2.87361e-09
422.34	2.8625e-09
422.36	2.85156e-09
422.38	2.84079e-09
422.4	2.83018e-09
422.42	2.81973e-09
422.44	2.80944e-09
422.46	2.79931e-09
422.48	2.78934e-09
422.5	2.77952e-09
422.52	2.76986e-09
422.54	2.76035e-09
422.56	2.75099e-09
422.58	2.74178e-09
422.6	2.73272e-09
422.62	2.72381e-09
422.64	2.71505e-09
422.66	2.70642e-09
422.68	2.69794e-09
422.7	2.68961e-09
422.72	2.68141e-09
422.74	2.67335e-09
422.76	2.66543e-09
422.78	2.65765e-09
422.8	2.65001e-09
422.82	2.64249e-09
422.84	2.63512e-09
422.86	2.62787e-09
422.88	2.62076e-09
422.9	2.61377e-09
422.92	2.60692e-09
422.94	2.60019e-09
422.96	2.59359e-09
422.98	2.58712e-09
423	2.58077e-09
423.02	2.57455e-09
423.04	2.56845e-09
423.06	2.56247e-09
423.08	2.55661e-09
423.1	2.55088e-09
423.12	2.54526e-09
423.14	2.53976e-09
423.16	2.53439e-09
423.18	2.52913e-09
423.2	2.52398e-09
423.22	2.51895e-09
423.24	2.51404e-09
423.26	2.50924e-09
423.28	2.50456e-09
423.3	2.49999e-09
423.32	2.49553e-09
423.34	2.49118e-09
423.36	2.48694e-09
423.38	2.48282e-09
423.4	2.4788e-09
423.42	2.4749e-09
423.44	2.4711e-09
423.46	2.46741e-09
423.48	2.46383e-09
423.5	2.46036e-09
423.52	2.45699e-09
423.54	2.45373e-09
423.56	2.45057e-09
423.58	2.44752e-09
423.6	2.44457e-09
423.62	2.44173e-09
423.64	2.43899e-09
423.66	2.43636e-09
423.68	2.43383e-09
423.7	2.4314e-09
423.72	2.42908e-09
423.74	2.42685e-09
423.76	2.42473e-09
423.78	2.42271e-09
423.8	2.42079e-09
423.82	2.41897e-09
423.84	2.41725e-09
423.86	2.41564e-09
423.88	2.41412e-09
423.9	2.4127e-09
423.92	2.41138e-09
423.94	2.41017e-09
423.96	2.40905e-09
423.98	2.40803e-09
424	2.40711e-09
424.02	2.40628e-09
424.04	2.40556e-09
424.06	2.40494e-09
424.08	2.40441e-09
424.1	2.40398e-09
424.12	2.40365e-09
424.14	2.40342e-09
424.16	2.40329e-09
424.18	2.40325e-09
424.2	2.40332e-09
424.22	2.40348e-09
424.24	2.40374e-09
424.26	2.4041e-09
424.28	2.40456e-09
424.3	2.40511e-09
424.32	2.40576e-09
424.34	2.40652e-09
424.36	2.40737e-09
424.38	2.40832e-09
424.4	2.40937e-09
424.42	2.41051e-09
424.44	2.41176e-09
424.46	2.41311e-09
424.48	2.41455e-09
424.5	2.4161e-09
424.52	2.41775e-09
424.54	2.41949e-09
424.56	2.42134e-09
424.58	2.42329e-09
424.6	2.42534e-09
424.62	2.42749e-09
424.64	2.42974e-09
424.66	2.4321e-09
424.68	2.43455e-09
424.7	2.43711e-09
424.72	2.43978e-09
424.74	2.44255e-09
424.76	2.44542e-09
424.78	2.44839e-09
424.8	2.45148e-09
424.82	2.45466e-09
424.84	2.45796e-09
424.86	2.46135e-09
424.88	2.46486e-09
424.9	2.46848e-09
424.92	2.4722e-09
424.94	2.47603e-09
424.96	2.47997e-09
424.98	2.48402e-09
425	2.48818e-09
425.02	2.49246e-09
425.04	2.49684e-09
425.06	2.50134e-09
425.08	2.50595e-09
425.1	2.51068e-09
425.12	2.51552e-09
425.14	2.52048e-09
425.16	2.52556e-09
425.18	2.53075e-09
425.2	2.53606e-09
425.22	2.54149e-09
425.24	2.54704e-09
425.26	2.55271e-09
425.28	2.55851e-09
425.3	2.56443e-09
425.32	2.57047e-09
425.34	2.57664e-09
425.36	2.58293e-09
425.38	2.58935e-09
425.4	2.5959e-09
425.42	2.60259e-09
425.44	2.6094e-09
425.46	2.61634e-09
425.48	2.62342e-09
425.5	2.63064e-09
425.52	2.63799e-09
425.54	2.64547e-09
425.56	2.6531e-09
425.58	2.66087e-09
425.6	2.66878e-09
425.62	2.67683e-09
425.64	2.68503e-09
425.66	2.69337e-09
425.68	2.70187e-09
425.7	2.71051e-09
425.72	2.71931e-09
425.74	2.72826e-09
425.76	2.73736e-09
425.78	2.74662e-09
425.8	2.75604e-09
425.82	2.76562e-09
425.84	2.77537e-09
425.86	2.78528e-09
425.88	2.79535e-09
425.9	2.8056e-09
425.92	2.81602e-09
425.94	2.82661e-09
425.96	2.83737e-09
425.98	2.84832e-09
426	2.85944e-09
426.02	2.87075e-09
426.04	2.88224e-09
426.06	2.89392e-09
426.08	2.9058e-09
426.1	2.91786e-09
426.12	2.93013e-09
426.14	2.94259e-09
426.16	2.95525e-09
426.18	2.96812e-09
426.2	2.9812e-09
426.22	2.99449e-09
426.24	3.00799e-09
426.26	3.02171e-09
426.28	3.03566e-09
426.3	3.04983e-09
426.32	3.06422e-09
426.34	3.07885e-09
426.36	3.09372e-09
426.38	3.10883e-09
426.4	3.12418e-09
426.42	3.13977e-09
426.44	3.15563e-09
426.46	3.17173e-09
426.48	3.1881e-09
426.5	3.20474e-09
426.52	3.22164e-09
426.54	3.23883e-09
426.56	3.25629e-09
426.58	3.27404e-09
426.6	3.29208e-09
426.62	3.31042e-09
426.64	3.32906e-09
426.66	3.348e-09
426.68	3.36726e-09
426.7	3.38685e-09
426.72	3.40676e-09
426.74	3.427e-09
426.76	3.44758e-09
426.78	3.46851e-09
426.8	3.4898e-09
426.82	3.51144e-09
426.84	3.53346e-09
426.86	3.55586e-09
426.88	3.57864e-09
426.9	3.60181e-09
426.92	3.62539e-09
426.94	3.64938e-09
426.96	3.67379e-09
426.98	3.69863e-09
427	3.72392e-09
427.02	3.74966e-09
427.04	3.77586e-09
427.06	3.80253e-09
427.08	3.8297e-09
427.1	3.85736e-09
427.12	3.88553e-09
427.14	3.91422e-09
427.16	3.94346e-09
427.18	3.97324e-09
427.2	4.0036e-09
427.22	4.03453e-09
427.24	4.06607e-09
427.26	4.09822e-09
427.28	4.131e-09
427.3	4.16444e-09
427.32	4.19855e-09
427.34	4.23334e-09
427.36	4.26885e-09
427.38	4.3051e-09
427.4	4.3421e-09
427.42	4.37989e-09
427.44	4.41848e-09
427.46	4.45791e-09
427.48	4.4982e-09
427.5	4.53939e-09
427.52	4.5815e-09
427.54	4.62457e-09
427.56	4.66864e-09
427.58	4.71374e-09
427.6	4.75992e-09
427.62	4.80721e-09
427.64	4.85566e-09
427.66	4.90533e-09
427.68	4.95627e-09
427.7	5.00852e-09
427.72	5.06216e-09
427.74	5.11725e-09
427.76	5.17386e-09
427.78	5.23207e-09
427.8	5.29196e-09
427.82	5.35363e-09
427.84	5.41717e-09
427.86	5.48271e-09
427.88	5.55036e-09
427.9	5.62026e-09
427.92	5.69257e-09
427.94	5.76747e-09
427.96	5.84516e-09
427.98	5.92586e-09
428	6.00984e-09
428.02	6.09742e-09
428.04	6.18898e-09
428.06	6.28496e-09
428.08	6.38591e-09
428.1	6.49255e-09
428.12	6.6058e-09
428.14	6.72689e-09
428.16	6.85756e-09
428.18	7.00045e-09
428.2	7.15991e-09
428.22	7.34414e-09
428.24	7.57166e-09
428.26	7.89675e-09
428.28	8.55595e-09
428.3	1.06268e-08
428.32	1.72741e-08
428.34	3.74505e-08
428.36	9.89368e-08
428.38	2.70836e-07
428.4	6.93858e-07
428.42	1.64768e-06
428.44	3.6715e-06
428.46	7.65448e-06
428.48	1.47629e-05
428.5	2.61111e-05
428.52	4.22191e-05
428.54	6.27476e-05
428.56	8.68142e-05
428.58	0.00011341
428.6	0.0001416
428.62	0.000170583
428.64	0.000199719
428.66	0.000228523
428.68	0.000256652
428.7	0.000283874
428.72	0.000310039
428.74	0.000335057
428.76	0.000358883
428.78	0.000381501
428.8	0.000402915
428.82	0.000423144
428.84	0.000442216
428.86	0.000460165
428.88	0.000477029
428.9	0.000492847
428.92	0.000507657
428.94	0.0005215
428.96	0.000534413
428.98	0.000546433
429	0.000557598
429.02	0.00056794
429.04	0.000577495
429.06	0.000586293
429.08	0.000594366
429.1	0.000601744
429.12	0.000608454
429.14	0.000614525
429.16	0.000619981
429.18	0.00062485
429.2	0.000629154
429.22	0.000632918
429.24	0.000636164
429.26	0.000638914
429.28	0.000641188
429.3	0.000643008
429.32	0.000644392
429.34	0.000645359
429.36	0.000645927
429.38	0.000646114
429.4	0.000645936
429.42	0.00064541
429.44	0.000644551
429.46	0.000643374
429.48	0.000641893
429.5	0.000640123
429.52	0.000638077
429.54	0.000635768
429.56	0.000633208
429.58	0.000630409
429.6	0.000627383
429.62	0.000624141
429.64	0.000620694
429.66	0.000617052
429.68	0.000613225
429.7	0.000609223
429.72	0.000605055
429.74	0.00060073
429.76	0.000596257
429.78	0.000591644
429.8	0.000586899
429.82	0.00058203
429.84	0.000577045
429.86	0.00057195
429.88	0.000566753
429.9	0.000561461
429.92	0.00055608
429.94	0.000550617
429.96	0.000545077
429.98	0.000539466
430	0.000533791
430.02	0.000528057
430.04	0.000522269
430.06	0.000516432
430.08	0.000510552
430.1	0.000504633
430.12	0.000498679
430.14	0.000492696
430.16	0.000486688
430.18	0.000480659
430.2	0.000474612
430.22	0.000468553
430.24	0.000462484
430.26	0.00045641
430.28	0.000450334
430.3	0.000444259
430.32	0.000438188
430.34	0.000432126
430.36	0.000426074
430.38	0.000420035
430.4	0.000414014
430.42	0.000408011
430.44	0.00040203
430.46	0.000396073
430.48	0.000390143
430.5	0.000384242
430.52	0.000378372
430.54	0.000372535
430.56	0.000366733
430.58	0.000360969
430.6	0.000355243
430.62	0.000349557
430.64	0.000343914
430.66	0.000338314
430.68	0.00033276
430.7	0.000327252
430.72	0.000321791
430.74	0.00031638
430.76	0.000311019
430.78	0.000305709
430.8	0.000300452
430.82	0.000295248
430.84	0.000290097
430.86	0.000285002
430.88	0.000279962
430.9	0.000274978
430.92	0.000270051
430.94	0.000265181
430.96	0.00026037
430.98	0.000255616
431	0.000250921
431.02	0.000246286
431.04	0.000241709
431.06	0.000237192
431.08	0.000232735
431.1	0.000228337
431.12	0.000224
431.14	0.000219723
431.16	0.000215505
431.18	0.000211348
431.2	0.00020725
431.22	0.000203213
431.24	0.000199235
431.26	0.000195316
431.28	0.000191457
431.3	0.000187657
431.32	0.000183916
431.34	0.000180234
431.36	0.00017661
431.38	0.000173044
431.4	0.000169535
431.42	0.000166084
431.44	0.00016269
431.46	0.000159352
431.48	0.00015607
431.5	0.000152843
431.52	0.000149672
431.54	0.000146555
431.56	0.000143492
431.58	0.000140483
431.6	0.000137527
431.62	0.000134624
431.64	0.000131772
431.66	0.000128972
431.68	0.000126223
431.7	0.000123524
431.72	0.000120874
431.74	0.000118274
431.76	0.000115722
431.78	0.000113218
431.8	0.000110762
431.82	0.000108352
431.84	0.000105988
431.86	0.000103669
431.88	0.000101396
431.9	9.91664e-05
431.92	9.69806e-05
431.94	9.48377e-05
431.96	9.27372e-05
431.98	9.06784e-05
432	8.86607e-05
432.02	8.66835e-05
432.04	8.47461e-05
432.06	8.28479e-05
432.08	8.09884e-05
432.1	7.91668e-05
432.12	7.73826e-05
432.14	7.56353e-05
432.16	7.3924e-05
432.18	7.22484e-05
432.2	7.06077e-05
432.22	6.90014e-05
432.24	6.74289e-05
432.26	6.58896e-05
432.28	6.43829e-05
432.3	6.29083e-05
432.32	6.14651e-05
432.34	6.00529e-05
432.36	5.86711e-05
432.38	5.7319e-05
432.4	5.59963e-05
432.42	5.47022e-05
432.44	5.34364e-05
432.46	5.21982e-05
432.48	5.09871e-05
432.5	4.98027e-05
432.52	4.86444e-05
432.54	4.75117e-05
432.56	4.64041e-05
432.58	4.53212e-05
432.6	4.42624e-05
432.62	4.32272e-05
432.64	4.22153e-05
432.66	4.12261e-05
432.68	4.02592e-05
432.7	3.93141e-05
432.72	3.83904e-05
432.74	3.74877e-05
432.76	3.66055e-05
432.78	3.57433e-05
432.8	3.49009e-05
432.82	3.40778e-05
432.84	3.32735e-05
432.86	3.24877e-05
432.88	3.172e-05
432.9	3.097e-05
432.92	3.02373e-05
432.94	2.95216e-05
432.96	2.88225e-05
432.98	2.81396e-05
433	2.74726e-05
433.02	2.68212e-05
433.04	2.61849e-05
433.06	2.55636e-05
433.08	2.49567e-05
433.1	2.43642e-05
433.12	2.37855e-05
433.14	2.32204e-05
433.16	2.26687e-05
433.18	2.21299e-05
433.2	2.16039e-05
433.22	2.10903e-05
433.24	2.05889e-05
433.26	2.00993e-05
433.28	1.96213e-05
433.3	1.91547e-05
433.32	1.86992e-05
433.34	1.82545e-05
433.36	1.78204e-05
433.38	1.73967e-05
433.4	1.6983e-05
433.42	1.65793e-05
433.44	1.61852e-05
433.46	1.58005e-05
433.48	1.5425e-05
433.5	1.50585e-05
433.52	1.47008e-05
433.54	1.43517e-05
433.56	1.40109e-05
433.58	1.36784e-05
433.6	1.33538e-05
433.62	1.3037e-05
433.64	1.27279e-05
433.66	1.24261e-05
433.68	1.21317e-05
433.7	1.18443e-05
433.72	1.15639e-05
433.74	1.12902e-05
433.76	1.10231e-05
433.78	1.07625e-05
433.8	1.05081e-05
433.82	1.02599e-05
433.84	1.00177e-05
433.86	9.78128e-06
433.88	9.55061e-06
433.9	9.3255e-06
433.92	9.10583e-06
433.94	8.89146e-06
433.96	8.68227e-06
433.98	8.47813e-06
434	8.27892e-06
434.02	8.08452e-06
434.04	7.89482e-06
434.06	7.7097e-06
434.08	7.52905e-06
434.1	7.35275e-06
434.12	7.18072e-06
434.14	7.01284e-06
434.16	6.849e-06
434.18	6.68913e-06
434.2	6.5331e-06
434.22	6.38084e-06
434.24	6.23225e-06
434.26	6.08724e-06
434.28	5.94573e-06
434.3	5.80763e-06
434.32	5.67284e-06
434.34	5.54131e-06
434.36	5.41294e-06
434.38	5.28765e-06
434.4	5.16538e-06
434.42	5.04605e-06
434.44	4.92958e-06
434.46	4.81591e-06
434.48	4.70497e-06
434.5	4.59668e-06
434.52	4.491e-06
434.54	4.38784e-06
434.56	4.28716e-06
434.58	4.18888e-06
434.6	4.09296e-06
434.62	3.99933e-06
434.64	3.90793e-06
434.66	3.81872e-06
434.68	3.73163e-06
434.7	3.64662e-06
434.72	3.56364e-06
434.74	3.48263e-06
434.76	3.40355e-06
434.78	3.32635e-06
434.8	3.25098e-06
434.82	3.1774e-06
434.84	3.10557e-06
434.86	3.03544e-06
434.88	2.96697e-06
434.9	2.90012e-06
434.92	2.83486e-06
434.94	2.77113e-06
434.96	2.70891e-06
434.98	2.64816e-06
435	2.58883e-06
435.02	2.53091e-06
435.04	2.47435e-06
435.06	2.41911e-06
435.08	2.36518e-06
435.1	2.31251e-06
435.12	2.26107e-06
435.14	2.21084e-06
435.16	2.16179e-06
435.18	2.11388e-06
435.2	2.06709e-06
435.22	2.02139e-06
435.24	1.97676e-06
435.26	1.93317e-06
435.28	1.89059e-06
435.3	1.849e-06
435.32	1.80837e-06
435.34	1.76869e-06
435.36	1.72993e-06
435.38	1.69207e-06
435.4	1.65508e-06
435.42	1.61894e-06
435.44	1.58364e-06
435.46	1.54916e-06
435.48	1.51546e-06
435.5	1.48255e-06
435.52	1.45039e-06
435.54	1.41896e-06
435.56	1.38826e-06
435.58	1.35826e-06
435.6	1.32895e-06
435.62	1.3003e-06
435.64	1.27232e-06
435.66	1.24496e-06
435.68	1.21824e-06
435.7	1.19212e-06
435.72	1.16659e-06
435.74	1.14164e-06
435.76	1.11726e-06
435.78	1.09344e-06
435.8	1.07015e-06
435.82	1.04739e-06
435.84	1.02514e-06
435.86	1.00339e-06
435.88	9.82134e-07
435.9	9.61356e-07
435.92	9.41044e-07
435.94	9.21189e-07
435.96	9.0178e-07
435.98	8.82805e-07
436	8.64255e-07
436.02	8.46119e-07
436.04	8.28388e-07
436.06	8.11053e-07
436.08	7.94104e-07
436.1	7.77532e-07
436.12	7.61328e-07
436.14	7.45484e-07
436.16	7.29991e-07
436.18	7.14842e-07
436.2	7.00027e-07
436.22	6.8554e-07
436.24	6.71373e-07
436.26	6.57518e-07
436.28	6.43968e-07
436.3	6.30716e-07
436.32	6.17755e-07
436.34	6.05078e-07
436.36	5.9268e-07
436.38	5.80552e-07
436.4	5.6869e-07
436.42	5.57087e-07
436.44	5.45737e-07
436.46	5.34634e-07
436.48	5.23773e-07
436.5	5.13148e-07
436.52	5.02754e-07
436.54	4.92585e-07
436.56	4.82636e-07
436.58	4.72903e-07
436.6	4.63379e-07
436.62	4.54062e-07
436.64	4.44945e-07
436.66	4.36024e-07
436.68	4.27295e-07
436.7	4.18754e-07
436.72	4.10396e-07
436.74	4.02217e-07
436.76	3.94213e-07
436.78	3.8638e-07
436.8	3.78714e-07
436.82	3.71212e-07
436.84	3.6387e-07
436.86	3.56683e-07
436.88	3.4965e-07
436.9	3.42765e-07
436.92	3.36027e-07
436.94	3.29431e-07
436.96	3.22975e-07
436.98	3.16655e-07
437	3.10468e-07
437.02	3.04412e-07
437.04	2.98483e-07
437.06	2.92678e-07
437.08	2.86996e-07
437.1	2.81432e-07
437.12	2.75985e-07
437.14	2.70652e-07
437.16	2.6543e-07
437.18	2.60318e-07
437.2	2.55311e-07
437.22	2.50409e-07
437.24	2.45609e-07
437.26	2.40909e-07
437.28	2.36305e-07
437.3	2.31798e-07
437.32	2.27383e-07
437.34	2.2306e-07
437.36	2.18825e-07
437.38	2.14678e-07
437.4	2.10617e-07
437.42	2.06639e-07
437.44	2.02742e-07
437.46	1.98925e-07
437.48	1.95187e-07
437.5	1.91525e-07
437.52	1.87937e-07
437.54	1.84423e-07
437.56	1.80981e-07
437.58	1.77608e-07
437.6	1.74304e-07
437.62	1.71067e-07
437.64	1.67896e-07
437.66	1.64789e-07
437.68	1.61745e-07
437.7	1.58762e-07
437.72	1.55839e-07
437.74	1.52975e-07
437.76	1.50169e-07
437.78	1.47419e-07
437.8	1.44724e-07
437.82	1.42084e-07
437.84	1.39496e-07
437.86	1.3696e-07
437.88	1.34474e-07
437.9	1.32038e-07
437.92	1.29651e-07
437.94	1.27311e-07
437.96	1.25017e-07
437.98	1.22769e-07
438	1.20566e-07
438.02	1.18406e-07
438.04	1.16288e-07
438.06	1.14213e-07
438.08	1.12178e-07
438.1	1.10184e-07
438.12	1.08228e-07
438.14	1.06312e-07
438.16	1.04432e-07
438.18	1.0259e-07
438.2	1.00783e-07
438.22	9.90116e-08
438.24	9.72748e-08
438.26	9.55718e-08
438.28	9.39019e-08
438.3	9.22645e-08
438.32	9.06588e-08
438.34	8.90842e-08
438.36	8.754e-08
438.38	8.60257e-08
438.4	8.45405e-08
438.42	8.3084e-08
438.44	8.16554e-08
438.46	8.02543e-08
438.48	7.88801e-08
438.5	7.75322e-08
438.52	7.62101e-08
438.54	7.49132e-08
438.56	7.36411e-08
438.58	7.23932e-08
438.6	7.1169e-08
438.62	6.99681e-08
438.64	6.87899e-08
438.66	6.76341e-08
438.68	6.65002e-08
438.7	6.53876e-08
438.72	6.4296e-08
438.74	6.3225e-08
438.76	6.21742e-08
438.78	6.1143e-08
438.8	6.01312e-08
438.82	5.91384e-08
438.84	5.81641e-08
438.86	5.7208e-08
438.88	5.62697e-08
438.9	5.53489e-08
438.92	5.44453e-08
438.94	5.35584e-08
438.96	5.26879e-08
438.98	5.18336e-08
439	5.0995e-08
439.02	5.0172e-08
439.04	4.93641e-08
439.06	4.8571e-08
439.08	4.77926e-08
439.1	4.70284e-08
439.12	4.62782e-08
439.14	4.55417e-08
439.16	4.48187e-08
439.18	4.41089e-08
439.2	4.3412e-08
439.22	4.27277e-08
439.24	4.20559e-08
439.26	4.13963e-08
439.28	4.07486e-08
439.3	4.01126e-08
439.32	3.9488e-08
439.34	3.88748e-08
439.36	3.82725e-08
439.38	3.76811e-08
439.4	3.71002e-08
439.42	3.65298e-08
439.44	3.59696e-08
439.46	3.54193e-08
439.48	3.48789e-08
439.5	3.43481e-08
439.52	3.38267e-08
439.54	3.33146e-08
439.56	3.28115e-08
439.58	3.23173e-08
439.6	3.18318e-08
439.62	3.13549e-08
439.64	3.08864e-08
439.66	3.04261e-08
439.68	2.99739e-08
439.7	2.95296e-08
439.72	2.90931e-08
439.74	2.86642e-08
439.76	2.82428e-08
439.78	2.78287e-08
439.8	2.74218e-08
439.82	2.7022e-08
439.84	2.6629e-08
439.86	2.62429e-08
439.88	2.58635e-08
439.9	2.54905e-08
439.92	2.5124e-08
439.94	2.47638e-08
439.96	2.44098e-08
439.98	2.40618e-08
440	2.37198e-08
440.02	2.33836e-08
440.04	2.30531e-08
440.06	2.27283e-08
440.08	2.2409e-08
440.1	2.20951e-08
440.12	2.17865e-08
440.14	2.14831e-08
440.16	2.11848e-08
440.18	2.08916e-08
440.2	2.06033e-08
440.22	2.03198e-08
440.24	2.00411e-08
440.26	1.9767e-08
440.28	1.94975e-08
440.3	1.92326e-08
440.32	1.8972e-08
440.34	1.87157e-08
440.36	1.84637e-08
440.38	1.82159e-08
440.4	1.79722e-08
440.42	1.77325e-08
440.44	1.74968e-08
440.46	1.72649e-08
440.48	1.70368e-08
440.5	1.68125e-08
440.52	1.65919e-08
440.54	1.63748e-08
440.56	1.61613e-08
440.58	1.59513e-08
440.6	1.57447e-08
440.62	1.55414e-08
440.64	1.53415e-08
440.66	1.51447e-08
440.68	1.49512e-08
440.7	1.47608e-08
440.72	1.45734e-08
440.74	1.4389e-08
440.76	1.42077e-08
440.78	1.40292e-08
440.8	1.38535e-08
440.82	1.36807e-08
440.84	1.35106e-08
440.86	1.33432e-08
440.88	1.31785e-08
440.9	1.30164e-08
440.92	1.28569e-08
440.94	1.26998e-08
440.96	1.25453e-08
440.98	1.23932e-08
441	1.22434e-08
441.02	1.20961e-08
441.04	1.1951e-08
441.06	1.18082e-08
441.08	1.16676e-08
441.1	1.15293e-08
441.12	1.1393e-08
441.14	1.12589e-08
441.16	1.11269e-08
441.18	1.09969e-08
441.2	1.08689e-08
441.22	1.07429e-08
441.24	1.06188e-08
441.26	1.04967e-08
441.28	1.03764e-08
441.3	1.02579e-08
441.32	1.01413e-08
441.34	1.00265e-08
441.36	9.91335e-09
441.38	9.80197e-09
441.4	9.69228e-09
441.42	9.58426e-09
441.44	9.47786e-09
441.46	9.37308e-09
441.48	9.26988e-09
441.5	9.16823e-09
441.52	9.06811e-09
441.54	8.96949e-09
441.56	8.87236e-09
441.58	8.77667e-09
441.6	8.68241e-09
441.62	8.58956e-09
441.64	8.49809e-09
441.66	8.40798e-09
441.68	8.31921e-09
441.7	8.23175e-09
441.72	8.14559e-09
441.74	8.0607e-09
441.76	7.97706e-09
441.78	7.89465e-09
441.8	7.81345e-09
441.82	7.73344e-09
441.84	7.65461e-09
441.86	7.57693e-09
441.88	7.50038e-09
441.9	7.42494e-09
441.92	7.35061e-09
441.94	7.27735e-09
441.96	7.20516e-09
441.98	7.13402e-09
442	7.0639e-09
442.02	6.99479e-09
442.04	6.92668e-09
442.06	6.85955e-09
442.08	6.79339e-09
442.1	6.72818e-09
442.12	6.6639e-09
442.14	6.60054e-09
442.16	6.53808e-09
442.18	6.47652e-09
442.2	6.41583e-09
442.22	6.35601e-09
442.24	6.29703e-09
442.26	6.2389e-09
442.28	6.18158e-09
442.3	6.12508e-09
442.32	6.06937e-09
442.34	6.01445e-09
442.36	5.9603e-09
442.38	5.90692e-09
442.4	5.85428e-09
442.42	5.80239e-09
442.44	5.75122e-09
442.46	5.70076e-09
442.48	5.65101e-09
442.5	5.60195e-09
442.52	5.55358e-09
442.54	5.50588e-09
442.56	5.45885e-09
442.58	5.41246e-09
442.6	5.36672e-09
442.62	5.32162e-09
442.64	5.27713e-09
442.66	5.23327e-09
442.68	5.19e-09
442.7	5.14734e-09
442.72	5.10526e-09
442.74	5.06376e-09
442.76	5.02283e-09
442.78	4.98246e-09
442.8	4.94264e-09
442.82	4.90337e-09
442.84	4.86464e-09
442.86	4.82644e-09
442.88	4.78875e-09
442.9	4.75159e-09
442.92	4.71493e-09
442.94	4.67876e-09
442.96	4.64309e-09
442.98	4.60791e-09
443	4.5732e-09
443.02	4.53897e-09
443.04	4.50519e-09
443.06	4.47188e-09
443.08	4.43902e-09
443.1	4.4066e-09
443.12	4.37462e-09
443.14	4.34307e-09
443.16	4.31195e-09
443.18	4.28125e-09
443.2	4.25097e-09
443.22	4.22109e-09
443.24	4.19161e-09
443.26	4.16253e-09
443.28	4.13385e-09
443.3	4.10555e-09
443.32	4.07763e-09
443.34	4.05008e-09
443.36	4.02291e-09
443.38	3.9961e-09
443.4	3.96966e-09
443.42	3.94356e-09
443.44	3.91782e-09
443.46	3.89243e-09
443.48	3.86737e-09
443.5	3.84266e-09
443.52	3.81827e-09
443.54	3.79422e-09
443.56	3.77048e-09
443.58	3.74707e-09
443.6	3.72397e-09
443.62	3.70118e-09
443.64	3.6787e-09
443.66	3.65652e-09
443.68	3.63464e-09
443.7	3.61305e-09
443.72	3.59176e-09
443.74	3.57075e-09
443.76	3.55003e-09
443.78	3.52959e-09
443.8	3.50942e-09
443.82	3.48953e-09
443.84	3.4699e-09
443.86	3.45054e-09
443.88	3.43145e-09
443.9	3.41261e-09
443.92	3.39403e-09
443.94	3.3757e-09
443.96	3.35763e-09
443.98	3.33979e-09
444	3.32221e-09
444.02	3.30486e-09
444.04	3.28775e-09
444.06	3.27088e-09
444.08	3.25424e-09
444.1	3.23783e-09
444.12	3.22164e-09
444.14	3.20568e-09
444.16	3.18994e-09
444.18	3.17442e-09
444.2	3.15912e-09
444.22	3.14402e-09
444.24	3.12914e-09
444.26	3.11447e-09
444.28	3.10001e-09
444.3	3.08574e-09
444.32	3.07168e-09
444.34	3.05782e-09
444.36	3.04416e-09
444.38	3.03069e-09
444.4	3.01742e-09
444.42	3.00433e-09
444.44	2.99143e-09
444.46	2.97872e-09
444.48	2.9662e-09
444.5	2.95385e-09
444.52	2.94169e-09
444.54	2.9297e-09
444.56	2.91789e-09
444.58	2.90626e-09
444.6	2.8948e-09
444.62	2.88351e-09
444.64	2.87239e-09
444.66	2.86144e-09
444.68	2.85065e-09
444.7	2.84002e-09
444.72	2.82956e-09
444.74	2.81926e-09
444.76	2.80912e-09
444.78	2.79914e-09
444.8	2.78932e-09
444.82	2.77964e-09
444.84	2.77013e-09
444.86	2.76076e-09
444.88	2.75154e-09
444.9	2.74247e-09
444.92	2.73356e-09
444.94	2.72478e-09
444.96	2.71615e-09
444.98	2.70767e-09
445	2.69932e-09
445.02	2.69112e-09
445.04	2.68306e-09
445.06	2.67514e-09
445.08	2.66735e-09
445.1	2.6597e-09
445.12	2.65218e-09
445.14	2.6448e-09
445.16	2.63755e-09
445.18	2.63044e-09
445.2	2.62345e-09
445.22	2.61659e-09
445.24	2.60987e-09
445.26	2.60327e-09
445.28	2.59679e-09
445.3	2.59044e-09
445.32	2.58422e-09
445.34	2.57812e-09
445.36	2.57214e-09
445.38	2.56629e-09
445.4	2.56055e-09
445.42	2.55494e-09
445.44	2.54945e-09
445.46	2.54407e-09
445.48	2.53881e-09
445.5	2.53367e-09
445.52	2.52865e-09
445.54	2.52374e-09
445.56	2.51895e-09
445.58	2.51427e-09
445.6	2.5097e-09
445.62	2.50525e-09
445.64	2.50091e-09
445.66	2.49668e-09
445.68	2.49256e-09
445.7	2.48855e-09
445.72	2.48466e-09
445.74	2.48087e-09
445.76	2.47719e-09
445.78	2.47361e-09
445.8	2.47015e-09
445.82	2.46679e-09
445.84	2.46354e-09
445.86	2.46039e-09
445.88	2.45736e-09
445.9	2.45442e-09
445.92	2.45159e-09
445.94	2.44887e-09
445.96	2.44625e-09
445.98	2.44373e-09
446	2.44131e-09
446.02	2.439e-09
446.04	2.43679e-09
446.06	2.43469e-09
446.08	2.43268e-09
446.1	2.43078e-09
446.12	2.42898e-09
446.14	2.42727e-09
446.16	2.42567e-09
446.18	2.42417e-09
446.2	2.42277e-09
446.22	2.42148e-09
446.24	2.42028e-09
446.26	2.41918e-09
446.28	2.41818e-09
446.3	2.41728e-09
446.32	2.41647e-09
446.34	2.41577e-09
446.36	2.41517e-09
446.38	2.41467e-09
446.4	2.41426e-09
446.42	2.41395e-09
446.44	2.41375e-09
446.46	2.41364e-09
446.48	2.41363e-09
446.5	2.41372e-09
446.52	2.4139e-09
446.54	2.41419e-09
446.56	2.41458e-09
446.58	2.41506e-09
446.6	2.41564e-09
446.62	2.41632e-09
446.64	2.41711e-09
446.66	2.41799e-09
446.68	2.41897e-09
446.7	2.42004e-09
446.72	2.42122e-09
446.74	2.4225e-09
446.76	2.42388e-09
446.78	2.42536e-09
446.8	2.42694e-09
446.82	2.42862e-09
446.84	2.4304e-09
446.86	2.43228e-09
446.88	2.43427e-09
446.9	2.43635e-09
446.92	2.43854e-09
446.94	2.44083e-09
446.96	2.44322e-09
446.98	2.44572e-09
447	2.44832e-09
447.02	2.45102e-09
447.04	2.45383e-09
447.06	2.45674e-09
447.08	2.45976e-09
447.1	2.46289e-09
447.12	2.46612e-09
447.14	2.46945e-09
447.16	2.4729e-09
447.18	2.47645e-09
447.2	2.48011e-09
447.22	2.48388e-09
447.24	2.48776e-09
447.26	2.49175e-09
447.28	2.49585e-09
447.3	2.50006e-09
447.32	2.50439e-09
447.34	2.50883e-09
447.36	2.51338e-09
447.38	2.51804e-09
447.4	2.52282e-09
447.42	2.52772e-09
447.44	2.53274e-09
447.46	2.53787e-09
447.48	2.54312e-09
447.5	2.54849e-09
447.52	2.55398e-09
447.54	2.55959e-09
447.56	2.56532e-09
447.58	2.57118e-09
447.6	2.57716e-09
447.62	2.58327e-09
447.64	2.5895e-09
447.66	2.59586e-09
447.68	2.60235e-09
447.7	2.60897e-09
447.72	2.61572e-09
447.74	2.62261e-09
447.76	2.62962e-09
447.78	2.63677e-09
447.8	2.64406e-09
447.82	2.65149e-09
447.84	2.65905e-09
447.86	2.66676e-09
447.88	2.6746e-09
447.9	2.68259e-09
447.92	2.69073e-09
447.94	2.69901e-09
447.96	2.70744e-09
447.98	2.71602e-09
448	2.72475e-09
448.02	2.73363e-09
448.04	2.74267e-09
448.06	2.75186e-09
448.08	2.76122e-09
448.1	2.77073e-09
448.12	2.78041e-09
448.14	2.79025e-09
448.16	2.80026e-09
448.18	2.81043e-09
448.2	2.82078e-09
448.22	2.8313e-09
448.24	2.842e-09
448.26	2.85287e-09
448.28	2.86392e-09
448.3	2.87516e-09
448.32	2.88658e-09
448.34	2.89819e-09
448.36	2.90998e-09
448.38	2.92197e-09
448.4	2.93416e-09
448.42	2.94655e-09
448.44	2.95913e-09
448.46	2.97192e-09
448.48	2.98492e-09
448.5	2.99813e-09
448.52	3.01155e-09
448.54	3.02519e-09
448.56	3.03905e-09
448.58	3.05314e-09
448.6	3.06745e-09
448.62	3.08199e-09
448.64	3.09677e-09
448.66	3.11178e-09
448.68	3.12704e-09
448.7	3.14255e-09
448.72	3.15831e-09
448.74	3.17432e-09
448.76	3.1906e-09
448.78	3.20713e-09
448.8	3.22394e-09
448.82	3.24102e-09
448.84	3.25838e-09
448.86	3.27603e-09
448.88	3.29396e-09
448.9	3.31219e-09
448.92	3.33072e-09
448.94	3.34956e-09
448.96	3.36871e-09
448.98	3.38817e-09
449	3.40797e-09
449.02	3.42809e-09
449.04	3.44855e-09
449.06	3.46936e-09
449.08	3.49051e-09
449.1	3.51203e-09
449.12	3.53391e-09
449.14	3.55617e-09
449.16	3.57881e-09
449.18	3.60185e-09
449.2	3.62528e-09
449.22	3.64912e-09
449.24	3.67338e-09
449.26	3.69807e-09
449.28	3.7232e-09
449.3	3.74878e-09
449.32	3.77481e-09
449.34	3.80132e-09
449.36	3.8283e-09
449.38	3.85578e-09
449.4	3.88377e-09
449.42	3.91228e-09
449.44	3.94132e-09
449.46	3.97091e-09
449.48	4.00105e-09
449.5	4.03178e-09
449.52	4.0631e-09
449.54	4.09503e-09
449.56	4.12758e-09
449.58	4.16078e-09
449.6	4.19464e-09
449.62	4.22919e-09
449.64	4.26444e-09
449.66	4.30041e-09
449.68	4.33714e-09
449.7	4.37464e-09
449.72	4.41293e-09
449.74	4.45205e-09
449.76	4.49202e-09
449.78	4.53288e-09
449.8	4.57465e-09
449.82	4.61736e-09
449.84	4.66106e-09
449.86	4.70577e-09
449.88	4.75155e-09
449.9	4.79842e-09
449.92	4.84644e-09
449.94	4.89565e-09
449.96	4.9461e-09
449.98	4.99785e-09
450	5.05096e-09
450.02	5.1055e-09
450.04	5.16152e-09
450.06	5.21911e-09
450.08	5.27835e-09
450.1	5.33933e-09
450.12	5.40214e-09
450.14	5.46689e-09
450.16	5.53371e-09
450.18	5.60272e-09
450.2	5.67407e-09
450.22	5.74793e-09
450.24	5.82449e-09
450.26	5.90397e-09
450.28	5.98662e-09
450.3	6.07272e-09
450.32	6.16263e-09
450.34	6.25677e-09
450.36	6.35563e-09
450.38	6.45985e-09
450.4	6.57025e-09
450.42	6.68791e-09
450.44	6.81433e-09
450.46	6.95169e-09
450.48	7.10343e-09
450.5	7.27567e-09
450.52	7.48103e-09
450.54	7.75229e-09
450.56	8.20517e-09
450.58	9.46472e-09
450.6	1.35482e-08
450.62	2.60072e-08
450.64	6.41333e-08
450.66	1.75912e-07
450.68	4.65951e-07
450.7	1.14099e-06
450.72	2.61093e-06
450.74	5.60906e-06
450.76	1.1204e-05
450.78	2.05928e-05
450.8	3.46197e-05
450.82	5.33117e-05
450.84	7.59639e-05
450.86	0.000101585
450.88	0.000129194
450.9	0.000157927
450.92	0.000187073
450.94	0.000216079
450.96	0.000244545
450.98	0.000272193
451	0.000298839
451.02	0.000324372
451.04	0.000348727
451.06	0.000371878
451.08	0.000393821
451.1	0.000414569
451.12	0.000434146
451.14	0.000452585
451.16	0.000469922
451.18	0.000486195
451.2	0.000501444
451.22	0.000515707
451.24	0.000529024
451.26	0.000541432
451.28	0.000552969
451.3	0.000563669
451.32	0.000573566
451.34	0.000582693
451.36	0.000591082
451.38	0.000598762
451.4	0.000605762
451.42	0.000612111
451.44	0.000617834
451.46	0.000622958
451.48	0.000627508
451.5	0.000631507
451.52	0.000634978
451.54	0.000637944
451.56	0.000640425
451.58	0.000642442
451.6	0.000644015
451.62	0.000645163
451.64	0.000645905
451.66	0.000646258
451.68	0.000646238
451.7	0.000645863
451.72	0.000645149
451.74	0.00064411
451.76	0.000642761
451.78	0.000641117
451.8	0.000639191
451.82	0.000636996
451.84	0.000634544
451.86	0.000631849
451.88	0.000628922
451.9	0.000625773
451.92	0.000622415
451.94	0.000618857
451.96	0.00061511
451.98	0.000611184
452	0.000607088
452.02	0.000602831
452.04	0.000598421
452.06	0.000593868
452.08	0.00058918
452.1	0.000584365
452.12	0.000579429
452.14	0.000574381
452.16	0.000569228
452.18	0.000563977
452.2	0.000558633
452.22	0.000553205
452.24	0.000547697
452.26	0.000542117
452.28	0.000536469
452.3	0.000530759
452.32	0.000524993
452.34	0.000519177
452.36	0.000513314
452.38	0.000507411
452.4	0.000501471
452.42	0.0004955
452.44	0.000489501
452.46	0.00048348
452.48	0.00047744
452.5	0.000471385
452.52	0.000465319
452.54	0.000459245
452.56	0.000453169
452.58	0.000447092
452.6	0.000441018
452.62	0.00043495
452.64	0.000428892
452.66	0.000422846
452.68	0.000416816
452.7	0.000410803
452.72	0.000404811
452.74	0.000398842
452.76	0.000392899
452.78	0.000386984
452.8	0.000381099
452.82	0.000375246
452.84	0.000369427
452.86	0.000363644
452.88	0.0003579
452.9	0.000352195
452.92	0.000346531
452.94	0.000340911
452.96	0.000335335
452.98	0.000329805
453	0.000324322
453.02	0.000318888
453.04	0.000313504
453.06	0.00030817
453.08	0.000302888
453.1	0.000297659
453.12	0.000292483
453.14	0.000287362
453.16	0.000282296
453.18	0.000277286
453.2	0.000272332
453.22	0.000267436
453.24	0.000262597
453.26	0.000257817
453.28	0.000253095
453.3	0.000248432
453.32	0.000243828
453.34	0.000239283
453.36	0.000234798
453.38	0.000230373
453.4	0.000226008
453.42	0.000221703
453.44	0.000217457
453.46	0.000213272
453.48	0.000209147
453.5	0.000205082
453.52	0.000201076
453.54	0.00019713
453.56	0.000193244
453.58	0.000189416
453.6	0.000185648
453.62	0.000181939
453.64	0.000178288
453.66	0.000174695
453.68	0.00017116
453.7	0.000167682
453.72	0.000164261
453.74	0.000160897
453.76	0.00015759
453.78	0.000154337
453.8	0.000151141
453.82	0.000147999
453.84	0.000144911
453.86	0.000141877
453.88	0.000138897
453.9	0.000135969
453.92	0.000133093
453.94	0.000130269
453.96	0.000127497
453.98	0.000124774
454	0.000122102
454.02	0.000119479
454.04	0.000116905
454.06	0.000114379
454.08	0.000111901
454.1	0.000109469
454.12	0.000107084
454.14	0.000104745
454.16	0.00010245
454.18	0.000100201
454.2	9.79948e-05
454.22	9.58321e-05
454.24	9.37121e-05
454.26	9.16341e-05
454.28	8.95974e-05
454.3	8.76015e-05
454.32	8.56457e-05
454.34	8.37295e-05
454.36	8.18521e-05
454.38	8.0013e-05
454.4	7.82116e-05
454.42	7.64472e-05
454.44	7.47193e-05
454.46	7.30272e-05
454.48	7.13704e-05
454.5	6.97482e-05
454.52	6.81601e-05
454.54	6.66055e-05
454.56	6.50838e-05
454.58	6.35943e-05
454.6	6.21367e-05
454.62	6.07102e-05
454.64	5.93143e-05
454.66	5.79485e-05
454.68	5.66122e-05
454.7	5.53049e-05
454.72	5.4026e-05
454.74	5.27751e-05
454.76	5.15515e-05
454.78	5.03547e-05
454.8	4.91844e-05
454.82	4.80398e-05
454.84	4.69206e-05
454.86	4.58263e-05
454.88	4.47563e-05
454.9	4.37103e-05
454.92	4.26876e-05
454.94	4.16879e-05
454.96	4.07107e-05
454.98	3.97555e-05
455	3.88219e-05
455.02	3.79094e-05
455.04	3.70177e-05
455.06	3.61463e-05
455.08	3.52948e-05
455.1	3.44627e-05
455.12	3.36497e-05
455.14	3.28553e-05
455.16	3.20792e-05
455.18	3.1321e-05
455.2	3.05803e-05
455.22	2.98567e-05
455.24	2.91499e-05
455.26	2.84595e-05
455.28	2.77852e-05
455.3	2.71265e-05
455.32	2.64832e-05
455.34	2.5855e-05
455.36	2.52414e-05
455.38	2.46422e-05
455.4	2.40571e-05
455.42	2.34857e-05
455.44	2.29278e-05
455.46	2.2383e-05
455.48	2.1851e-05
455.5	2.13317e-05
455.52	2.08246e-05
455.54	2.03295e-05
455.56	1.98461e-05
455.58	1.93742e-05
455.6	1.89136e-05
455.62	1.84639e-05
455.64	1.80248e-05
455.66	1.75963e-05
455.68	1.71779e-05
455.7	1.67696e-05
455.72	1.6371e-05
455.74	1.59819e-05
455.76	1.56021e-05
455.78	1.52314e-05
455.8	1.48696e-05
455.82	1.45165e-05
455.84	1.41719e-05
455.86	1.38355e-05
455.88	1.35072e-05
455.9	1.31868e-05
455.92	1.28741e-05
455.94	1.25689e-05
455.96	1.2271e-05
455.98	1.19804e-05
456	1.16967e-05
456.02	1.14198e-05
456.04	1.11497e-05
456.06	1.0886e-05
456.08	1.06287e-05
456.1	1.03776e-05
456.12	1.01326e-05
456.14	9.89349e-06
456.16	9.66015e-06
456.18	9.43243e-06
456.2	9.21022e-06
456.22	8.99337e-06
456.24	8.78175e-06
456.26	8.57525e-06
456.28	8.37373e-06
456.3	8.17708e-06
456.32	7.98517e-06
456.34	7.7979e-06
456.36	7.61515e-06
456.38	7.43682e-06
456.4	7.26278e-06
456.42	7.09295e-06
456.44	6.92722e-06
456.46	6.76548e-06
456.48	6.60765e-06
456.5	6.45362e-06
456.52	6.3033e-06
456.54	6.15661e-06
456.56	6.01346e-06
456.58	5.87375e-06
456.6	5.7374e-06
456.62	5.60434e-06
456.64	5.47448e-06
456.66	5.34774e-06
456.68	5.22405e-06
456.7	5.10333e-06
456.72	4.98551e-06
456.74	4.87052e-06
456.76	4.75829e-06
456.78	4.64875e-06
456.8	4.54184e-06
456.82	4.43749e-06
456.84	4.33564e-06
456.86	4.23622e-06
456.88	4.13919e-06
456.9	4.04447e-06
456.92	3.95202e-06
456.94	3.86177e-06
456.96	3.77368e-06
456.98	3.68769e-06
457	3.60374e-06
457.02	3.5218e-06
457.04	3.44181e-06
457.06	3.36371e-06
457.08	3.28748e-06
457.1	3.21305e-06
457.12	3.14039e-06
457.14	3.06945e-06
457.16	3.00019e-06
457.18	2.93258e-06
457.2	2.86656e-06
457.22	2.8021e-06
457.24	2.73916e-06
457.26	2.67771e-06
457.28	2.61771e-06
457.3	2.55912e-06
457.32	2.5019e-06
457.34	2.44604e-06
457.36	2.39148e-06
457.38	2.33821e-06
457.4	2.28619e-06
457.42	2.23538e-06
457.44	2.18576e-06
457.46	2.13731e-06
457.48	2.08998e-06
457.5	2.04376e-06
457.52	1.99862e-06
457.54	1.95453e-06
457.56	1.91147e-06
457.58	1.8694e-06
457.6	1.82832e-06
457.62	1.78819e-06
457.64	1.74898e-06
457.66	1.71069e-06
457.68	1.67328e-06
457.7	1.63673e-06
457.72	1.60103e-06
457.74	1.56616e-06
457.76	1.53208e-06
457.78	1.49879e-06
457.8	1.46627e-06
457.82	1.43449e-06
457.84	1.40344e-06
457.86	1.3731e-06
457.88	1.34346e-06
457.9	1.31449e-06
457.92	1.28619e-06
457.94	1.25853e-06
457.96	1.2315e-06
457.98	1.20509e-06
458	1.17927e-06
458.02	1.15405e-06
458.04	1.12939e-06
458.06	1.1053e-06
458.08	1.08175e-06
458.1	1.05873e-06
458.12	1.03623e-06
458.14	1.01424e-06
458.16	9.9275e-07
458.18	9.7174e-07
458.2	9.51202e-07
458.22	9.31125e-07
458.24	9.11499e-07
458.26	8.92313e-07
458.28	8.73556e-07
458.3	8.55219e-07
458.32	8.37291e-07
458.34	8.19763e-07
458.36	8.02626e-07
458.38	7.8587e-07
458.4	7.69487e-07
458.42	7.53467e-07
458.44	7.37803e-07
458.46	7.22486e-07
458.48	7.07508e-07
458.5	6.92861e-07
458.52	6.78537e-07
458.54	6.64529e-07
458.56	6.5083e-07
458.58	6.37432e-07
458.6	6.24328e-07
458.62	6.11512e-07
458.64	5.98977e-07
458.66	5.86717e-07
458.68	5.74724e-07
458.7	5.62994e-07
458.72	5.51519e-07
458.74	5.40295e-07
458.76	5.29315e-07
458.78	5.18574e-07
458.8	5.08066e-07
458.82	4.97786e-07
458.84	4.87728e-07
458.86	4.77888e-07
458.88	4.68261e-07
458.9	4.58842e-07
458.92	4.49626e-07
458.94	4.40608e-07
458.96	4.31785e-07
458.98	4.2315e-07
459	4.14702e-07
459.02	4.06434e-07
459.04	3.98343e-07
459.06	3.90425e-07
459.08	3.82676e-07
459.1	3.75093e-07
459.12	3.67671e-07
459.14	3.60407e-07
459.16	3.53298e-07
459.18	3.46339e-07
459.2	3.39528e-07
459.22	3.32861e-07
459.24	3.26335e-07
459.26	3.19947e-07
459.28	3.13694e-07
459.3	3.07572e-07
459.32	3.01579e-07
459.34	2.95713e-07
459.36	2.89969e-07
459.38	2.84346e-07
459.4	2.78841e-07
459.42	2.7345e-07
459.44	2.68173e-07
459.46	2.63005e-07
459.48	2.57946e-07
459.5	2.52991e-07
459.52	2.4814e-07
459.54	2.43389e-07
459.56	2.38737e-07
459.58	2.34181e-07
459.6	2.29719e-07
459.62	2.2535e-07
459.64	2.21071e-07
459.66	2.16879e-07
459.68	2.12775e-07
459.7	2.08754e-07
459.72	2.04816e-07
459.74	2.00959e-07
459.76	1.97181e-07
459.78	1.9348e-07
459.8	1.89855e-07
459.82	1.86304e-07
459.84	1.82825e-07
459.86	1.79417e-07
459.88	1.76078e-07
459.9	1.72807e-07
459.92	1.69602e-07
459.94	1.66462e-07
459.96	1.63386e-07
459.98	1.60371e-07
460	1.57418e-07
460.02	1.54524e-07
460.04	1.51688e-07
460.06	1.48909e-07
460.08	1.46186e-07
460.1	1.43518e-07
460.12	1.40903e-07
460.14	1.3834e-07
460.16	1.35829e-07
460.18	1.33367e-07
460.2	1.30955e-07
460.22	1.2859e-07
460.24	1.26273e-07
460.26	1.24001e-07
460.28	1.21775e-07
460.3	1.19592e-07
460.32	1.17453e-07
460.34	1.15356e-07
460.36	1.133e-07
460.38	1.11285e-07
460.4	1.09309e-07
460.42	1.07372e-07
460.44	1.05474e-07
460.46	1.03612e-07
460.48	1.01787e-07
460.5	9.99969e-08
460.52	9.82421e-08
460.54	9.65215e-08
460.56	9.48343e-08
460.58	9.318e-08
460.6	9.15577e-08
460.62	8.99668e-08
460.64	8.84067e-08
460.66	8.68768e-08
460.68	8.53763e-08
460.7	8.39048e-08
460.72	8.24615e-08
460.74	8.1046e-08
460.76	7.96577e-08
460.78	7.82959e-08
460.8	7.69602e-08
460.82	7.56501e-08
460.84	7.43649e-08
460.86	7.31042e-08
460.88	7.18675e-08
460.9	7.06542e-08
460.92	6.9464e-08
460.94	6.82964e-08
460.96	6.71509e-08
460.98	6.60269e-08
461	6.49242e-08
461.02	6.38423e-08
461.04	6.27807e-08
461.06	6.17391e-08
461.08	6.0717e-08
461.1	5.9714e-08
461.12	5.87298e-08
461.14	5.7764e-08
461.16	5.68162e-08
461.18	5.58861e-08
461.2	5.49732e-08
461.22	5.40774e-08
461.24	5.31981e-08
461.26	5.23351e-08
461.28	5.14881e-08
461.3	5.06567e-08
461.32	4.98406e-08
461.34	4.90395e-08
461.36	4.82532e-08
461.38	4.74813e-08
461.4	4.67235e-08
461.42	4.59797e-08
461.44	4.52494e-08
461.46	4.45324e-08
461.48	4.38285e-08
461.5	4.31373e-08
461.52	4.24588e-08
461.54	4.17925e-08
461.56	4.11383e-08
461.58	4.04959e-08
461.6	3.98651e-08
461.62	3.92457e-08
461.64	3.86374e-08
461.66	3.804e-08
461.68	3.74534e-08
461.7	3.68773e-08
461.72	3.63114e-08
461.74	3.57557e-08
461.76	3.52099e-08
461.78	3.46738e-08
461.8	3.41472e-08
461.82	3.36299e-08
461.84	3.31218e-08
461.86	3.26227e-08
461.88	3.21325e-08
461.9	3.16508e-08
461.92	3.11776e-08
461.94	3.07128e-08
461.96	3.02561e-08
461.98	2.98074e-08
462	2.93666e-08
462.02	2.89334e-08
462.04	2.85078e-08
462.06	2.80896e-08
462.08	2.76787e-08
462.1	2.72749e-08
462.12	2.68781e-08
462.14	2.64882e-08
462.16	2.6105e-08
462.18	2.57284e-08
462.2	2.53582e-08
462.22	2.49945e-08
462.24	2.4637e-08
462.26	2.42856e-08
462.28	2.39402e-08
462.3	2.36007e-08
462.32	2.3267e-08
462.34	2.2939e-08
462.36	2.26165e-08
462.38	2.22995e-08
462.4	2.19879e-08
462.42	2.16816e-08
462.44	2.13804e-08
462.46	2.10843e-08
462.48	2.07931e-08
462.5	2.05069e-08
462.52	2.02255e-08
462.54	1.99487e-08
462.56	1.96766e-08
462.58	1.94091e-08
462.6	1.9146e-08
462.62	1.88872e-08
462.64	1.86328e-08
462.66	1.83826e-08
462.68	1.81365e-08
462.7	1.78944e-08
462.72	1.76564e-08
462.74	1.74223e-08
462.76	1.7192e-08
462.78	1.69655e-08
462.8	1.67428e-08
462.82	1.65236e-08
462.84	1.63081e-08
462.86	1.6096e-08
462.88	1.58874e-08
462.9	1.56822e-08
462.92	1.54803e-08
462.94	1.52817e-08
462.96	1.50863e-08
462.98	1.4894e-08
463	1.47048e-08
463.02	1.45187e-08
463.04	1.43356e-08
463.06	1.41554e-08
463.08	1.3978e-08
463.1	1.38035e-08
463.12	1.36318e-08
463.14	1.34629e-08
463.16	1.32966e-08
463.18	1.31329e-08
463.2	1.29718e-08
463.22	1.28133e-08
463.24	1.26573e-08
463.26	1.25037e-08
463.28	1.23526e-08
463.3	1.22038e-08
463.32	1.20573e-08
463.34	1.19132e-08
463.36	1.17713e-08
463.38	1.16316e-08
463.4	1.14941e-08
463.42	1.13587e-08
463.44	1.12254e-08
463.46	1.10942e-08
463.48	1.0965e-08
463.5	1.08378e-08
463.52	1.07125e-08
463.54	1.05892e-08
463.56	1.04678e-08
463.58	1.03482e-08
463.6	1.02305e-08
463.62	1.01146e-08
463.64	1.00004e-08
463.66	9.88795e-09
463.68	9.77723e-09
463.7	9.66818e-09
463.72	9.56079e-09
463.74	9.45502e-09
463.76	9.35085e-09
463.78	9.24825e-09
463.8	9.14719e-09
463.82	9.04765e-09
463.84	8.9496e-09
463.86	8.85302e-09
463.88	8.75788e-09
463.9	8.66416e-09
463.92	8.57183e-09
463.94	8.48088e-09
463.96	8.39128e-09
463.98	8.30301e-09
464	8.21604e-09
464.02	8.13036e-09
464.04	8.04594e-09
464.06	7.96276e-09
464.08	7.88081e-09
464.1	7.80006e-09
464.12	7.72049e-09
464.14	7.64208e-09
464.16	7.56482e-09
464.18	7.48869e-09
464.2	7.41367e-09
464.22	7.33973e-09
464.24	7.26687e-09
464.26	7.19507e-09
464.28	7.1243e-09
464.3	7.05455e-09
464.32	6.98582e-09
464.34	6.91807e-09
464.36	6.85129e-09
464.38	6.78548e-09
464.4	6.72061e-09
464.42	6.65666e-09
464.44	6.59363e-09
464.46	6.5315e-09
464.48	6.47026e-09
464.5	6.40988e-09
464.52	6.35037e-09
464.54	6.29169e-09
464.56	6.23385e-09
464.58	6.17683e-09
464.6	6.12062e-09
464.62	6.06519e-09
464.64	6.01055e-09
464.66	5.95668e-09
464.68	5.90356e-09
464.7	5.85119e-09
464.72	5.79955e-09
464.74	5.74863e-09
464.76	5.69843e-09
464.78	5.64893e-09
464.8	5.60011e-09
464.82	5.55198e-09
464.84	5.50452e-09
464.86	5.45771e-09
464.88	5.41156e-09
464.9	5.36604e-09
464.92	5.32115e-09
464.94	5.27689e-09
464.96	5.23323e-09
464.98	5.19018e-09
465	5.14772e-09
465.02	5.10584e-09
465.04	5.06454e-09
465.06	5.02381e-09
465.08	4.98363e-09
465.1	4.94401e-09
465.12	4.90492e-09
465.14	4.86638e-09
465.16	4.82835e-09
465.18	4.79085e-09
465.2	4.75386e-09
465.22	4.71737e-09
465.24	4.68138e-09
465.26	4.64588e-09
465.28	4.61086e-09
465.3	4.57632e-09
465.32	4.54224e-09
465.34	4.50863e-09
465.36	4.47548e-09
465.38	4.44277e-09
465.4	4.4105e-09
465.42	4.37867e-09
465.44	4.34727e-09
465.46	4.3163e-09
465.48	4.28574e-09
465.5	4.25559e-09
465.52	4.22586e-09
465.54	4.19652e-09
465.56	4.16758e-09
465.58	4.13902e-09
465.6	4.11086e-09
465.62	4.08307e-09
465.64	4.05565e-09
465.66	4.02861e-09
465.68	4.00192e-09
465.7	3.9756e-09
465.72	3.94963e-09
465.74	3.92401e-09
465.76	3.89874e-09
465.78	3.8738e-09
465.8	3.8492e-09
465.82	3.82493e-09
465.84	3.80099e-09
465.86	3.77737e-09
465.88	3.75406e-09
465.9	3.73107e-09
465.92	3.70839e-09
465.94	3.68602e-09
465.96	3.66395e-09
465.98	3.64217e-09
466	3.62069e-09
466.02	3.5995e-09
466.04	3.57859e-09
466.06	3.55797e-09
466.08	3.53763e-09
466.1	3.51756e-09
466.12	3.49776e-09
466.14	3.47823e-09
466.16	3.45897e-09
466.18	3.43997e-09
466.2	3.42123e-09
466.22	3.40274e-09
466.24	3.3845e-09
466.26	3.36652e-09
466.28	3.34878e-09
466.3	3.33128e-09
466.32	3.31403e-09
466.34	3.29701e-09
466.36	3.28022e-09
466.38	3.26367e-09
466.4	3.24734e-09
466.42	3.23124e-09
466.44	3.21536e-09
466.46	3.19971e-09
466.48	3.18427e-09
466.5	3.16905e-09
466.52	3.15404e-09
466.54	3.13924e-09
466.56	3.12465e-09
466.58	3.11027e-09
466.6	3.09609e-09
466.62	3.08211e-09
466.64	3.06833e-09
466.66	3.05474e-09
466.68	3.04135e-09
466.7	3.02815e-09
466.72	3.01515e-09
466.74	3.00233e-09
466.76	2.98969e-09
466.78	2.97724e-09
466.8	2.96498e-09
466.82	2.95289e-09
466.84	2.94098e-09
466.86	2.92925e-09
466.88	2.91769e-09
466.9	2.9063e-09
466.92	2.89509e-09
466.94	2.88404e-09
466.96	2.87316e-09
466.98	2.86245e-09
467	2.8519e-09
467.02	2.84152e-09
467.04	2.83129e-09
467.06	2.82123e-09
467.08	2.81132e-09
467.1	2.80156e-09
467.12	2.79197e-09
467.14	2.78252e-09
467.16	2.77323e-09
467.18	2.76408e-09
467.2	2.75509e-09
467.22	2.74624e-09
467.24	2.73754e-09
467.26	2.72899e-09
467.28	2.72058e-09
467.3	2.71231e-09
467.32	2.70418e-09
467.34	2.69619e-09
467.36	2.68834e-09
467.38	2.68063e-09
467.4	2.67305e-09
467.42	2.66561e-09
467.44	2.6583e-09
467.46	2.65113e-09
467.48	2.64408e-09
467.5	2.63717e-09
467.52	2.63039e-09
467.54	2.62374e-09
467.56	2.61721e-09
467.58	2.61081e-09
467.6	2.60454e-09
467.62	2.59839e-09
467.64	2.59237e-09
467.66	2.58647e-09
467.68	2.58069e-09
467.7	2.57503e-09
467.72	2.56949e-09
467.74	2.56408e-09
467.76	2.55878e-09
467.78	2.5536e-09
467.8	2.54854e-09
467.82	2.54359e-09
467.84	2.53876e-09
467.86	2.53405e-09
467.88	2.52945e-09
467.9	2.52496e-09
467.92	2.52059e-09
467.94	2.51633e-09
467.96	2.51218e-09
467.98	2.50814e-09
468	2.50422e-09
468.02	2.5004e-09
468.04	2.4967e-09
468.06	2.4931e-09
468.08	2.48961e-09
468.1	2.48623e-09
468.12	2.48296e-09
468.14	2.47979e-09
468.16	2.47673e-09
468.18	2.47378e-09
468.2	2.47093e-09
468.22	2.46819e-09
468.24	2.46555e-09
468.26	2.46302e-09
468.28	2.46059e-09
468.3	2.45827e-09
468.32	2.45605e-09
468.34	2.45393e-09
468.36	2.45192e-09
468.38	2.45001e-09
468.4	2.4482e-09
468.42	2.44649e-09
468.44	2.44488e-09
468.46	2.44338e-09
468.48	2.44197e-09
468.5	2.44067e-09
468.52	2.43947e-09
468.54	2.43837e-09
468.56	2.43737e-09
468.58	2.43647e-09
468.6	2.43567e-09
468.62	2.43497e-09
468.64	2.43438e-09
468.66	2.43388e-09
468.68	2.43348e-09
468.7	2.43318e-09
468.72	2.43298e-09
468.74	2.43288e-09
468.76	2.43288e-09
468.78	2.43298e-09
468.8	2.43318e-09
468.82	2.43348e-09
468.84	2.43388e-09
468.86	2.43438e-09
468.88	2.43498e-09
468.9	2.43568e-09
468.92	2.43648e-09
468.94	2.43738e-09
468.96	2.43838e-09
468.98	2.43948e-09
469	2.44068e-09
469.02	2.44198e-09
469.04	2.44339e-09
469.06	2.44489e-09
469.08	2.4465e-09
469.1	2.44821e-09
469.12	2.45002e-09
469.14	2.45193e-09
469.16	2.45395e-09
469.18	2.45606e-09
469.2	2.45829e-09
469.22	2.46061e-09
469.24	2.46304e-09
469.26	2.46557e-09
469.28	2.46821e-09
469.3	2.47096e-09
469.32	2.4738e-09
469.34	2.47676e-09
469.36	2.47982e-09
469.38	2.48299e-09
469.4	2.48627e-09
469.42	2.48965e-09
469.44	2.49314e-09
469.46	2.49674e-09
469.48	2.50045e-09
469.5	2.50428e-09
469.52	2.50821e-09
469.54	2.51225e-09
469.56	2.51641e-09
469.58	2.52068e-09
469.6	2.52506e-09
469.62	2.52956e-09
469.64	2.53417e-09
469.66	2.5389e-09
469.68	2.54374e-09
469.7	2.54871e-09
469.72	2.55379e-09
469.74	2.55899e-09
469.76	2.56431e-09
469.78	2.56975e-09
469.8	2.57531e-09
469.82	2.581e-09
469.84	2.5868e-09
469.86	2.59274e-09
469.88	2.5988e-09
469.9	2.60499e-09
469.92	2.6113e-09
469.94	2.61775e-09
469.96	2.62432e-09
469.98	2.63103e-09
470	2.63787e-09
470.02	2.64484e-09
470.04	2.65195e-09
470.06	2.6592e-09
470.08	2.66658e-09
470.1	2.6741e-09
470.12	2.68177e-09
470.14	2.68958e-09
470.16	2.69753e-09
470.18	2.70562e-09
470.2	2.71386e-09
470.22	2.72225e-09
470.24	2.73079e-09
470.26	2.73949e-09
470.28	2.74833e-09
470.3	2.75734e-09
470.32	2.76649e-09
470.34	2.77581e-09
470.36	2.78529e-09
470.38	2.79493e-09
470.4	2.80474e-09
470.42	2.81471e-09
470.44	2.82485e-09
470.46	2.83517e-09
470.48	2.84565e-09
470.5	2.85631e-09
470.52	2.86715e-09
470.54	2.87818e-09
470.56	2.88938e-09
470.58	2.90077e-09
470.6	2.91234e-09
470.62	2.92411e-09
470.64	2.93607e-09
470.66	2.94822e-09
470.68	2.96058e-09
470.7	2.97313e-09
470.72	2.98589e-09
470.74	2.99886e-09
470.76	3.01204e-09
470.78	3.02543e-09
470.8	3.03904e-09
470.82	3.05287e-09
470.84	3.06693e-09
470.86	3.08121e-09
470.88	3.09573e-09
470.9	3.11047e-09
470.92	3.12546e-09
470.94	3.14069e-09
470.96	3.15617e-09
470.98	3.1719e-09
471	3.18789e-09
471.02	3.20413e-09
471.04	3.22064e-09
471.06	3.23742e-09
471.08	3.25448e-09
471.1	3.27181e-09
471.12	3.28942e-09
471.14	3.30733e-09
471.16	3.32553e-09
471.18	3.34403e-09
471.2	3.36284e-09
471.22	3.38196e-09
471.24	3.4014e-09
471.26	3.42116e-09
471.28	3.44126e-09
471.3	3.46169e-09
471.32	3.48246e-09
471.34	3.50359e-09
471.36	3.52508e-09
471.38	3.54693e-09
471.4	3.56916e-09
471.42	3.59177e-09
471.44	3.61477e-09
471.46	3.63817e-09
471.48	3.66198e-09
471.5	3.68621e-09
471.52	3.71087e-09
471.54	3.73596e-09
471.56	3.7615e-09
471.58	3.7875e-09
471.6	3.81397e-09
471.62	3.84092e-09
471.64	3.86836e-09
471.66	3.89631e-09
471.68	3.92478e-09
471.7	3.95378e-09
471.72	3.98332e-09
471.74	4.01343e-09
471.76	4.04411e-09
471.78	4.07538e-09
471.8	4.10726e-09
471.82	4.13976e-09
471.84	4.17291e-09
471.86	4.20672e-09
471.88	4.24121e-09
471.9	4.27641e-09
471.92	4.31232e-09
471.94	4.34899e-09
471.96	4.38642e-09
471.98	4.42465e-09
472	4.4637e-09
472.02	4.50361e-09
472.04	4.54439e-09
472.06	4.58607e-09
472.08	4.62871e-09
472.1	4.67232e-09
472.12	4.71694e-09
472.14	4.76262e-09
472.16	4.80939e-09
472.18	4.8573e-09
472.2	4.9064e-09
472.22	4.95673e-09
472.24	5.00836e-09
472.26	5.06133e-09
472.28	5.11572e-09
472.3	5.1716e-09
472.32	5.22902e-09
472.34	5.28809e-09
472.36	5.34888e-09
472.38	5.41149e-09
472.4	5.47602e-09
472.42	5.5426e-09
472.44	5.61136e-09
472.46	5.68243e-09
472.48	5.75599e-09
472.5	5.83222e-09
472.52	5.91133e-09
472.54	5.99356e-09
472.56	6.07921e-09
472.58	6.1686e-09
472.6	6.26214e-09
472.62	6.36032e-09
472.64	6.46375e-09
472.66	6.5732e-09
472.68	6.68971e-09
472.7	6.81468e-09
472.72	6.95014e-09
472.74	7.09925e-09
472.76	7.26746e-09
472.78	7.46569e-09
472.8	7.72096e-09
472.82	8.12233e-09
472.84	9.1359e-09
472.86	1.2403e-08
472.88	2.25065e-08
472.9	5.33608e-08
472.92	1.45315e-07
472.94	3.89925e-07
472.96	9.68799e-07
472.98	2.24363e-06
473	4.8805e-06
473.02	9.8921e-06
473.04	1.84782e-05
473.06	3.15907e-05
473.08	4.94213e-05
473.1	7.137e-05
473.12	9.64707e-05
473.14	0.000123731
473.16	0.000152263
473.18	0.000181328
473.2	0.000210345
473.22	0.000238887
473.24	0.000266656
473.26	0.000293455
473.28	0.000319159
473.3	0.000343696
473.32	0.000367035
473.34	0.000389167
473.36	0.000410102
473.38	0.000429864
473.4	0.000448483
473.42	0.000465995
473.44	0.000482438
473.46	0.00049785
473.48	0.000512272
473.5	0.000525741
473.52	0.000538296
473.54	0.000549974
473.56	0.00056081
473.58	0.000570839
473.6	0.000580092
473.62	0.000588603
473.64	0.0005964
473.66	0.000603513
473.68	0.000609971
473.7	0.000615799
473.72	0.000621024
473.74	0.000625671
473.76	0.000629764
473.78	0.000633326
473.8	0.000636379
473.82	0.000638944
473.84	0.000641042
473.86	0.000642693
473.88	0.000643917
473.9	0.000644731
473.92	0.000645153
473.94	0.000645201
473.96	0.000644891
473.98	0.000644239
474	0.00064326
474.02	0.000641969
474.04	0.00064038
474.06	0.000638508
474.08	0.000636365
474.1	0.000633963
474.12	0.000631316
474.14	0.000628435
474.16	0.000625331
474.18	0.000622016
474.2	0.000618499
474.22	0.000614792
474.24	0.000610904
474.26	0.000606845
474.28	0.000602623
474.3	0.000598248
474.32	0.000593728
474.34	0.000589071
474.36	0.000584286
474.38	0.000579379
474.4	0.000574359
474.42	0.000569233
474.44	0.000564007
474.46	0.000558689
474.48	0.000553284
474.5	0.000547799
474.52	0.00054224
474.54	0.000536613
474.56	0.000530923
474.58	0.000525176
474.6	0.000519378
474.62	0.000513532
474.64	0.000507645
474.66	0.000501721
474.68	0.000495765
474.7	0.000489781
474.72	0.000483773
474.74	0.000477745
474.76	0.000471703
474.78	0.000465648
474.8	0.000459586
474.82	0.000453519
474.84	0.000447451
474.86	0.000441386
474.88	0.000435327
474.9	0.000429277
474.92	0.000423238
474.94	0.000417215
474.96	0.000411208
474.98	0.000405222
475	0.000399259
475.02	0.00039332
475.04	0.000387409
475.06	0.000381528
475.08	0.000375679
475.1	0.000369863
475.12	0.000364083
475.14	0.000358341
475.16	0.000352638
475.18	0.000346976
475.2	0.000341357
475.22	0.000335782
475.24	0.000330253
475.26	0.00032477
475.28	0.000319336
475.3	0.000313951
475.32	0.000308617
475.34	0.000303334
475.36	0.000298104
475.38	0.000292927
475.4	0.000287805
475.42	0.000282737
475.44	0.000277725
475.46	0.00027277
475.48	0.000267871
475.5	0.00026303
475.52	0.000258247
475.54	0.000253522
475.56	0.000248856
475.58	0.000244249
475.6	0.000239701
475.62	0.000235213
475.64	0.000230784
475.66	0.000226415
475.68	0.000222106
475.7	0.000217857
475.72	0.000213668
475.74	0.000209539
475.76	0.00020547
475.78	0.00020146
475.8	0.00019751
475.82	0.000193619
475.84	0.000189788
475.86	0.000186015
475.88	0.000182301
475.9	0.000178646
475.92	0.000175049
475.94	0.000171509
475.96	0.000168027
475.98	0.000164602
476	0.000161233
476.02	0.000157921
476.04	0.000154664
476.06	0.000151463
476.08	0.000148316
476.1	0.000145224
476.12	0.000142186
476.14	0.000139201
476.16	0.000136268
476.18	0.000133388
476.2	0.00013056
476.22	0.000127783
476.24	0.000125056
476.26	0.000122379
476.28	0.000119752
476.3	0.000117173
476.32	0.000114643
476.34	0.00011216
476.36	0.000109724
476.38	0.000107335
476.4	0.000104991
476.42	0.000102693
476.44	0.000100439
476.46	9.82289e-05
476.48	9.60621e-05
476.5	9.39381e-05
476.52	9.1856e-05
476.54	8.98154e-05
476.56	8.78156e-05
476.58	8.58559e-05
476.6	8.39358e-05
476.62	8.20547e-05
476.64	8.02119e-05
476.66	7.84068e-05
476.68	7.66388e-05
476.7	7.49072e-05
476.72	7.32116e-05
476.74	7.15513e-05
476.76	6.99257e-05
476.78	6.83342e-05
476.8	6.67762e-05
476.82	6.52511e-05
476.84	6.37584e-05
476.86	6.22976e-05
476.88	6.08679e-05
476.9	5.94689e-05
476.92	5.81e-05
476.94	5.67607e-05
476.96	5.54504e-05
476.98	5.41686e-05
477	5.29148e-05
477.02	5.16884e-05
477.04	5.04889e-05
477.06	4.93157e-05
477.08	4.81685e-05
477.1	4.70467e-05
477.12	4.59497e-05
477.14	4.48772e-05
477.16	4.38286e-05
477.18	4.28035e-05
477.2	4.18014e-05
477.22	4.08218e-05
477.24	3.98642e-05
477.26	3.89283e-05
477.28	3.80137e-05
477.3	3.71197e-05
477.32	3.62461e-05
477.34	3.53925e-05
477.36	3.45583e-05
477.38	3.37432e-05
477.4	3.29468e-05
477.42	3.21688e-05
477.44	3.14086e-05
477.46	3.0666e-05
477.48	2.99406e-05
477.5	2.9232e-05
477.52	2.85398e-05
477.54	2.78637e-05
477.56	2.72033e-05
477.58	2.65583e-05
477.6	2.59284e-05
477.62	2.53132e-05
477.64	2.47125e-05
477.66	2.41258e-05
477.68	2.35529e-05
477.7	2.29935e-05
477.72	2.24472e-05
477.74	2.19139e-05
477.76	2.13931e-05
477.78	2.08846e-05
477.8	2.03882e-05
477.82	1.99035e-05
477.84	1.94304e-05
477.86	1.89684e-05
477.88	1.85175e-05
477.9	1.80772e-05
477.92	1.76475e-05
477.94	1.7228e-05
477.96	1.68185e-05
477.98	1.64188e-05
478	1.60287e-05
478.02	1.56478e-05
478.04	1.52761e-05
478.06	1.49133e-05
478.08	1.45592e-05
478.1	1.42136e-05
478.12	1.38763e-05
478.14	1.3547e-05
478.16	1.32257e-05
478.18	1.29121e-05
478.2	1.26061e-05
478.22	1.23074e-05
478.24	1.20159e-05
478.26	1.17314e-05
478.28	1.14538e-05
478.3	1.11828e-05
478.32	1.09184e-05
478.34	1.06604e-05
478.36	1.04086e-05
478.38	1.01628e-05
478.4	9.92302e-06
478.42	9.689e-06
478.44	9.46062e-06
478.46	9.23776e-06
478.48	9.02028e-06
478.5	8.80805e-06
478.52	8.60095e-06
478.54	8.39884e-06
478.56	8.20161e-06
478.58	8.00915e-06
478.6	7.82133e-06
478.62	7.63805e-06
478.64	7.45919e-06
478.66	7.28464e-06
478.68	7.11431e-06
478.7	6.94809e-06
478.72	6.78588e-06
478.74	6.62758e-06
478.76	6.47309e-06
478.78	6.32233e-06
478.8	6.17521e-06
478.82	6.03163e-06
478.84	5.8915e-06
478.86	5.75475e-06
478.88	5.62129e-06
478.9	5.49105e-06
478.92	5.36393e-06
478.94	5.23987e-06
478.96	5.11879e-06
478.98	5.00062e-06
479	4.88529e-06
479.02	4.77272e-06
479.04	4.66286e-06
479.06	4.55563e-06
479.08	4.45096e-06
479.1	4.34881e-06
479.12	4.24909e-06
479.14	4.15177e-06
479.16	4.05677e-06
479.18	3.96403e-06
479.2	3.87352e-06
479.22	3.78516e-06
479.24	3.69891e-06
479.26	3.61471e-06
479.28	3.53252e-06
479.3	3.45229e-06
479.32	3.37396e-06
479.34	3.29749e-06
479.36	3.22284e-06
479.38	3.14996e-06
479.4	3.07881e-06
479.42	3.00934e-06
479.44	2.94152e-06
479.46	2.8753e-06
479.48	2.81064e-06
479.5	2.74752e-06
479.52	2.68588e-06
479.54	2.62569e-06
479.56	2.56693e-06
479.58	2.50954e-06
479.6	2.4535e-06
479.62	2.39878e-06
479.64	2.34535e-06
479.66	2.29317e-06
479.68	2.24221e-06
479.7	2.19244e-06
479.72	2.14384e-06
479.74	2.09637e-06
479.76	2.05001e-06
479.78	2.00473e-06
479.8	1.9605e-06
479.82	1.91731e-06
479.84	1.87512e-06
479.86	1.83391e-06
479.88	1.79365e-06
479.9	1.75433e-06
479.92	1.71592e-06
479.94	1.67839e-06
479.96	1.64174e-06
479.98	1.60593e-06
480	1.57095e-06
480.02	1.53677e-06
480.04	1.50338e-06
480.06	1.47075e-06
480.08	1.43888e-06
480.1	1.40773e-06
480.12	1.3773e-06
480.14	1.34757e-06
480.16	1.31851e-06
480.18	1.29012e-06
480.2	1.26238e-06
480.22	1.23527e-06
480.24	1.20877e-06
480.26	1.18288e-06
480.28	1.15758e-06
480.3	1.13285e-06
480.32	1.10868e-06
480.34	1.08506e-06
480.36	1.06197e-06
480.38	1.0394e-06
480.4	1.01735e-06
480.42	9.95788e-07
480.44	9.74714e-07
480.46	9.54113e-07
480.48	9.33975e-07
480.5	9.14289e-07
480.52	8.95044e-07
480.54	8.7623e-07
480.56	8.57837e-07
480.58	8.39854e-07
480.6	8.22273e-07
480.62	8.05083e-07
480.64	7.88276e-07
480.66	7.71842e-07
480.68	7.55774e-07
480.7	7.40062e-07
480.72	7.24698e-07
480.74	7.09674e-07
480.76	6.94982e-07
480.78	6.80614e-07
480.8	6.66564e-07
480.82	6.52822e-07
480.84	6.39383e-07
480.86	6.2624e-07
480.88	6.13385e-07
480.9	6.00811e-07
480.92	5.88513e-07
480.94	5.76484e-07
480.96	5.64718e-07
480.98	5.53208e-07
481	5.4195e-07
481.02	5.30936e-07
481.04	5.20162e-07
481.06	5.09622e-07
481.08	4.9931e-07
481.1	4.89222e-07
481.12	4.79352e-07
481.14	4.69696e-07
481.16	4.60248e-07
481.18	4.51003e-07
481.2	4.41958e-07
481.22	4.33107e-07
481.24	4.24447e-07
481.26	4.15972e-07
481.28	4.07679e-07
481.3	3.99564e-07
481.32	3.91621e-07
481.34	3.83849e-07
481.36	3.76242e-07
481.38	3.68798e-07
481.4	3.61512e-07
481.42	3.5438e-07
481.44	3.474e-07
481.46	3.40568e-07
481.48	3.33881e-07
481.5	3.27335e-07
481.52	3.20928e-07
481.54	3.14655e-07
481.56	3.08515e-07
481.58	3.02504e-07
481.6	2.96619e-07
481.62	2.90858e-07
481.64	2.85218e-07
481.66	2.79695e-07
481.68	2.74289e-07
481.7	2.68995e-07
481.72	2.63812e-07
481.74	2.58736e-07
481.76	2.53767e-07
481.78	2.48901e-07
481.8	2.44135e-07
481.82	2.39469e-07
481.84	2.34899e-07
481.86	2.30424e-07
481.88	2.26041e-07
481.9	2.21749e-07
481.92	2.17545e-07
481.94	2.13427e-07
481.96	2.09395e-07
481.98	2.05445e-07
482	2.01576e-07
482.02	1.97786e-07
482.04	1.94074e-07
482.06	1.90437e-07
482.08	1.86875e-07
482.1	1.83386e-07
482.12	1.79967e-07
482.14	1.76618e-07
482.16	1.73337e-07
482.18	1.70122e-07
482.2	1.66973e-07
482.22	1.63887e-07
482.24	1.60863e-07
482.26	1.57901e-07
482.28	1.54998e-07
482.3	1.52154e-07
482.32	1.49366e-07
482.34	1.46635e-07
482.36	1.43958e-07
482.38	1.41335e-07
482.4	1.38765e-07
482.42	1.36246e-07
482.44	1.33777e-07
482.46	1.31357e-07
482.48	1.28985e-07
482.5	1.2666e-07
482.52	1.24382e-07
482.54	1.22149e-07
482.56	1.1996e-07
482.58	1.17814e-07
482.6	1.1571e-07
482.62	1.13648e-07
482.64	1.11627e-07
482.66	1.09645e-07
482.68	1.07702e-07
482.7	1.05797e-07
482.72	1.0393e-07
482.74	1.02099e-07
482.76	1.00304e-07
482.78	9.85437e-08
482.8	9.68178e-08
482.82	9.51255e-08
482.84	9.34661e-08
482.86	9.18388e-08
482.88	9.02431e-08
482.9	8.86781e-08
482.92	8.71435e-08
482.94	8.56384e-08
482.96	8.41624e-08
482.98	8.27147e-08
483	8.12948e-08
483.02	7.99023e-08
483.04	7.85363e-08
483.06	7.71965e-08
483.08	7.58823e-08
483.1	7.45932e-08
483.12	7.33286e-08
483.14	7.20881e-08
483.16	7.08712e-08
483.18	6.96773e-08
483.2	6.85061e-08
483.22	6.7357e-08
483.24	6.62296e-08
483.26	6.51235e-08
483.28	6.40383e-08
483.3	6.29735e-08
483.32	6.19286e-08
483.34	6.09034e-08
483.36	5.98973e-08
483.38	5.89101e-08
483.4	5.79413e-08
483.42	5.69906e-08
483.44	5.60576e-08
483.46	5.5142e-08
483.48	5.42433e-08
483.5	5.33614e-08
483.52	5.24957e-08
483.54	5.16461e-08
483.56	5.08121e-08
483.58	4.99935e-08
483.6	4.919e-08
483.62	4.84013e-08
483.64	4.7627e-08
483.66	4.68669e-08
483.68	4.61207e-08
483.7	4.53882e-08
483.72	4.4669e-08
483.74	4.39629e-08
483.76	4.32697e-08
483.78	4.2589e-08
483.8	4.19207e-08
483.82	4.12645e-08
483.84	4.06201e-08
483.86	3.99874e-08
483.88	3.9366e-08
483.9	3.87559e-08
483.92	3.81567e-08
483.94	3.75683e-08
483.96	3.69903e-08
483.98	3.64228e-08
484	3.58653e-08
484.02	3.53178e-08
484.04	3.478e-08
484.06	3.42518e-08
484.08	3.3733e-08
484.1	3.32234e-08
484.12	3.27227e-08
484.14	3.22309e-08
484.16	3.17478e-08
484.18	3.12732e-08
484.2	3.08069e-08
484.22	3.03488e-08
484.24	2.98987e-08
484.26	2.94565e-08
484.28	2.9022e-08
484.3	2.85951e-08
484.32	2.81756e-08
484.34	2.77634e-08
484.36	2.73584e-08
484.38	2.69604e-08
484.4	2.65692e-08
484.42	2.61848e-08
484.44	2.58071e-08
484.46	2.54358e-08
484.48	2.50709e-08
484.5	2.47123e-08
484.52	2.43599e-08
484.54	2.40134e-08
484.56	2.36729e-08
484.58	2.33381e-08
484.6	2.30091e-08
484.62	2.26856e-08
484.64	2.23677e-08
484.66	2.20551e-08
484.68	2.17478e-08
484.7	2.14457e-08
484.72	2.11487e-08
484.74	2.08566e-08
484.76	2.05695e-08
484.78	2.02872e-08
484.8	2.00096e-08
484.82	1.97367e-08
484.84	1.94683e-08
484.86	1.92044e-08
484.88	1.89448e-08
484.9	1.86896e-08
484.92	1.84386e-08
484.94	1.81918e-08
484.96	1.7949e-08
484.98	1.77102e-08
485	1.74754e-08
485.02	1.72444e-08
485.04	1.70172e-08
485.06	1.67937e-08
485.08	1.65739e-08
485.1	1.63577e-08
485.12	1.6145e-08
485.14	1.59357e-08
485.16	1.57299e-08
485.18	1.55274e-08
485.2	1.53281e-08
485.22	1.51321e-08
485.24	1.49393e-08
485.26	1.47495e-08
485.28	1.45628e-08
485.3	1.43791e-08
485.32	1.41984e-08
485.34	1.40205e-08
485.36	1.38455e-08
485.38	1.36732e-08
485.4	1.35037e-08
485.42	1.33369e-08
485.44	1.31727e-08
485.46	1.30112e-08
485.48	1.28522e-08
485.5	1.26957e-08
485.52	1.25416e-08
485.54	1.239e-08
485.56	1.22408e-08
485.58	1.20939e-08
485.6	1.19492e-08
485.62	1.18069e-08
485.64	1.16668e-08
485.66	1.15288e-08
485.68	1.1393e-08
485.7	1.12593e-08
485.72	1.11277e-08
485.74	1.09981e-08
485.76	1.08705e-08
485.78	1.07449e-08
485.8	1.06212e-08
485.82	1.04994e-08
485.84	1.03794e-08
485.86	1.02613e-08
485.88	1.01451e-08
485.9	1.00305e-08
485.92	9.91775e-09
485.94	9.80669e-09
485.96	9.69731e-09
485.98	9.58958e-09
486	9.48348e-09
486.02	9.37899e-09
486.04	9.27607e-09
486.06	9.1747e-09
486.08	9.07485e-09
486.1	8.97649e-09
486.12	8.87961e-09
486.14	8.78418e-09
486.16	8.69017e-09
486.18	8.59756e-09
486.2	8.50633e-09
486.22	8.41645e-09
486.24	8.3279e-09
486.26	8.24066e-09
486.28	8.15471e-09
486.3	8.07003e-09
486.32	7.9866e-09
486.34	7.90439e-09
486.36	7.82339e-09
486.38	7.74357e-09
486.4	7.66493e-09
486.42	7.58743e-09
486.44	7.51106e-09
486.46	7.4358e-09
486.48	7.36164e-09
486.5	7.28855e-09
486.52	7.21652e-09
486.54	7.14554e-09
486.56	7.07558e-09
486.58	7.00662e-09
486.6	6.93867e-09
486.62	6.87168e-09
486.64	6.80566e-09
486.66	6.74059e-09
486.68	6.67645e-09
486.7	6.61322e-09
486.72	6.5509e-09
486.74	6.48946e-09
486.76	6.4289e-09
486.78	6.3692e-09
486.8	6.31035e-09
486.82	6.25233e-09
486.84	6.19513e-09
486.86	6.13874e-09
486.88	6.08314e-09
486.9	6.02833e-09
486.92	5.97429e-09
486.94	5.92101e-09
486.96	5.86847e-09
486.98	5.81667e-09
487	5.7656e-09
487.02	5.71524e-09
487.04	5.66558e-09
487.06	5.61662e-09
487.08	5.56833e-09
487.1	5.52072e-09
487.12	5.47377e-09
487.14	5.42747e-09
487.16	5.38181e-09
487.18	5.33679e-09
487.2	5.29238e-09
487.22	5.24859e-09
487.24	5.2054e-09
487.26	5.16281e-09
487.28	5.1208e-09
487.3	5.07937e-09
487.32	5.03851e-09
487.34	4.99821e-09
487.36	4.95846e-09
487.38	4.91926e-09
487.4	4.88059e-09
487.42	4.84245e-09
487.44	4.80483e-09
487.46	4.76772e-09
487.48	4.73112e-09
487.5	4.69502e-09
487.52	4.65941e-09
487.54	4.62428e-09
487.56	4.58963e-09
487.58	4.55545e-09
487.6	4.52173e-09
487.62	4.48847e-09
487.64	4.45566e-09
487.66	4.42329e-09
487.68	4.39136e-09
487.7	4.35986e-09
487.72	4.32879e-09
487.74	4.29814e-09
487.76	4.2679e-09
487.78	4.23807e-09
487.8	4.20864e-09
487.82	4.1796e-09
487.84	4.15096e-09
487.86	4.1227e-09
487.88	4.09483e-09
487.9	4.06733e-09
487.92	4.04019e-09
487.94	4.01343e-09
487.96	3.98702e-09
487.98	3.96097e-09
488	3.93527e-09
488.02	3.90991e-09
488.04	3.8849e-09
488.06	3.86022e-09
488.08	3.83588e-09
488.1	3.81186e-09
488.12	3.78816e-09
488.14	3.76478e-09
488.16	3.74172e-09
488.18	3.71897e-09
488.2	3.69652e-09
488.22	3.67438e-09
488.24	3.65254e-09
488.26	3.63099e-09
488.28	3.60973e-09
488.3	3.58876e-09
488.32	3.56807e-09
488.34	3.54766e-09
488.36	3.52753e-09
488.38	3.50767e-09
488.4	3.48808e-09
488.42	3.46875e-09
488.44	3.44969e-09
488.46	3.43089e-09
488.48	3.41234e-09
488.5	3.39405e-09
488.52	3.376e-09
488.54	3.35821e-09
488.56	3.34065e-09
488.58	3.32334e-09
488.6	3.30627e-09
488.62	3.28943e-09
488.64	3.27282e-09
488.66	3.25644e-09
488.68	3.24029e-09
488.7	3.22436e-09
488.72	3.20866e-09
488.74	3.19317e-09
488.76	3.1779e-09
488.78	3.16284e-09
488.8	3.14799e-09
488.82	3.13335e-09
488.84	3.11892e-09
488.86	3.1047e-09
488.88	3.09067e-09
488.9	3.07684e-09
488.92	3.06321e-09
488.94	3.04978e-09
488.96	3.03654e-09
488.98	3.02349e-09
489	3.01063e-09
489.02	2.99795e-09
489.04	2.98546e-09
489.06	2.97315e-09
489.08	2.96102e-09
489.1	2.94908e-09
489.12	2.9373e-09
489.14	2.92571e-09
489.16	2.91428e-09
489.18	2.90303e-09
489.2	2.89195e-09
489.22	2.88103e-09
489.24	2.87028e-09
489.26	2.8597e-09
489.28	2.84928e-09
489.3	2.83902e-09
489.32	2.82892e-09
489.34	2.81897e-09
489.36	2.80919e-09
489.38	2.79956e-09
489.4	2.79008e-09
489.42	2.78075e-09
489.44	2.77158e-09
489.46	2.76255e-09
489.48	2.75368e-09
489.5	2.74495e-09
489.52	2.73636e-09
489.54	2.72792e-09
489.56	2.71962e-09
489.58	2.71146e-09
489.6	2.70345e-09
489.62	2.69557e-09
489.64	2.68783e-09
489.66	2.68022e-09
489.68	2.67275e-09
489.7	2.66542e-09
489.72	2.65822e-09
489.74	2.65115e-09
489.76	2.64421e-09
489.78	2.63741e-09
489.8	2.63073e-09
489.82	2.62418e-09
489.84	2.61776e-09
489.86	2.61146e-09
489.88	2.60529e-09
489.9	2.59924e-09
489.92	2.59332e-09
489.94	2.58752e-09
489.96	2.58184e-09
489.98	2.57628e-09
490	2.57084e-09
490.02	2.56552e-09
490.04	2.56032e-09
490.06	2.55524e-09
490.08	2.55028e-09
490.1	2.54543e-09
490.12	2.54069e-09
490.14	2.53607e-09
490.16	2.53157e-09
490.18	2.52718e-09
490.2	2.5229e-09
490.22	2.51873e-09
490.24	2.51468e-09
490.26	2.51074e-09
490.28	2.5069e-09
490.3	2.50318e-09
490.32	2.49957e-09
490.34	2.49606e-09
490.36	2.49267e-09
490.38	2.48938e-09
490.4	2.4862e-09
490.42	2.48312e-09
490.44	2.48016e-09
490.46	2.47729e-09
490.48	2.47454e-09
490.5	2.47189e-09
490.52	2.46934e-09
490.54	2.4669e-09
490.56	2.46456e-09
490.58	2.46233e-09
490.6	2.4602e-09
490.62	2.45817e-09
490.64	2.45625e-09
490.66	2.45443e-09
490.68	2.45271e-09
490.7	2.45109e-09
490.72	2.44957e-09
490.74	2.44816e-09
490.76	2.44685e-09
490.78	2.44564e-09
490.8	2.44453e-09
490.82	2.44352e-09
490.84	2.44261e-09
490.86	2.4418e-09
490.88	2.44109e-09
490.9	2.44048e-09
490.92	2.43998e-09
490.94	2.43957e-09
490.96	2.43926e-09
490.98	2.43905e-09
491	2.43895e-09
491.02	2.43894e-09
491.04	2.43903e-09
491.06	2.43923e-09
491.08	2.43952e-09
491.1	2.43991e-09
491.12	2.4404e-09
491.14	2.441e-09
491.16	2.44169e-09
491.18	2.44249e-09
491.2	2.44338e-09
491.22	2.44437e-09
491.24	2.44547e-09
491.26	2.44667e-09
491.28	2.44797e-09
491.3	2.44936e-09
491.32	2.45087e-09
491.34	2.45247e-09
491.36	2.45417e-09
491.38	2.45598e-09
491.4	2.45789e-09
491.42	2.4599e-09
491.44	2.46202e-09
491.46	2.46424e-09
491.48	2.46656e-09
491.5	2.46899e-09
491.52	2.47152e-09
491.54	2.47415e-09
491.56	2.4769e-09
491.58	2.47974e-09
491.6	2.4827e-09
491.62	2.48576e-09
491.64	2.48893e-09
491.66	2.4922e-09
491.68	2.49558e-09
491.7	2.49908e-09
491.72	2.50268e-09
491.74	2.50639e-09
491.76	2.51021e-09
491.78	2.51415e-09
491.8	2.51819e-09
491.82	2.52235e-09
491.84	2.52662e-09
491.86	2.531e-09
491.88	2.5355e-09
491.9	2.54012e-09
491.92	2.54485e-09
491.94	2.5497e-09
491.96	2.55466e-09
491.98	2.55974e-09
492	2.56495e-09
492.02	2.57027e-09
492.04	2.57572e-09
492.06	2.58128e-09
492.08	2.58697e-09
492.1	2.59279e-09
492.12	2.59873e-09
492.14	2.60479e-09
492.16	2.61098e-09
492.18	2.6173e-09
492.2	2.62375e-09
492.22	2.63034e-09
492.24	2.63705e-09
492.26	2.64389e-09
492.28	2.65087e-09
492.3	2.65799e-09
492.32	2.66524e-09
492.34	2.67263e-09
492.36	2.68016e-09
492.38	2.68784e-09
492.4	2.69565e-09
492.42	2.70361e-09
492.44	2.71171e-09
492.46	2.71996e-09
492.48	2.72836e-09
492.5	2.73691e-09
492.52	2.74562e-09
492.54	2.75447e-09
492.56	2.76348e-09
492.58	2.77265e-09
492.6	2.78198e-09
492.62	2.79147e-09
492.64	2.80112e-09
492.66	2.81094e-09
492.68	2.82092e-09
492.7	2.83108e-09
492.72	2.8414e-09
492.74	2.8519e-09
492.76	2.86258e-09
492.78	2.87343e-09
492.8	2.88446e-09
492.82	2.89568e-09
492.84	2.90708e-09
492.86	2.91867e-09
492.88	2.93045e-09
492.9	2.94243e-09
492.92	2.9546e-09
492.94	2.96697e-09
492.96	2.97954e-09
492.98	2.99231e-09
493	3.0053e-09
493.02	3.01849e-09
493.04	3.0319e-09
493.06	3.04553e-09
493.08	3.05938e-09
493.1	3.07345e-09
493.12	3.08775e-09
493.14	3.10229e-09
493.16	3.11705e-09
493.18	3.13206e-09
493.2	3.14731e-09
493.22	3.16281e-09
493.24	3.17856e-09
493.26	3.19457e-09
493.28	3.21083e-09
493.3	3.22736e-09
493.32	3.24417e-09
493.34	3.26124e-09
493.36	3.2786e-09
493.38	3.29624e-09
493.4	3.31417e-09
493.42	3.33239e-09
493.44	3.35092e-09
493.46	3.36975e-09
493.48	3.38889e-09
493.5	3.40836e-09
493.52	3.42815e-09
493.54	3.44827e-09
493.56	3.46873e-09
493.58	3.48953e-09
493.6	3.51069e-09
493.62	3.5322e-09
493.64	3.55408e-09
493.66	3.57634e-09
493.68	3.59898e-09
493.7	3.62201e-09
493.72	3.64545e-09
493.74	3.66929e-09
493.76	3.69355e-09
493.78	3.71824e-09
493.8	3.74336e-09
493.82	3.76894e-09
493.84	3.79497e-09
493.86	3.82148e-09
493.88	3.84846e-09
493.9	3.87594e-09
493.92	3.90393e-09
493.94	3.93243e-09
493.96	3.96147e-09
493.98	3.99106e-09
494	4.0212e-09
494.02	4.05192e-09
494.04	4.08324e-09
494.06	4.11516e-09
494.08	4.14771e-09
494.1	4.1809e-09
494.12	4.21476e-09
494.14	4.24929e-09
494.16	4.28453e-09
494.18	4.3205e-09
494.2	4.35721e-09
494.22	4.3947e-09
494.24	4.43298e-09
494.26	4.47208e-09
494.28	4.51203e-09
494.3	4.55287e-09
494.32	4.59461e-09
494.34	4.6373e-09
494.36	4.68097e-09
494.38	4.72565e-09
494.4	4.77139e-09
494.42	4.81822e-09
494.44	4.8662e-09
494.46	4.91536e-09
494.48	4.96576e-09
494.5	5.01745e-09
494.52	5.0705e-09
494.54	5.12496e-09
494.56	5.18091e-09
494.58	5.23841e-09
494.6	5.29755e-09
494.62	5.35842e-09
494.64	5.42111e-09
494.66	5.48573e-09
494.68	5.5524e-09
494.7	5.62124e-09
494.72	5.69241e-09
494.74	5.76606e-09
494.76	5.84239e-09
494.78	5.9216e-09
494.8	6.00394e-09
494.82	6.08969e-09
494.84	6.1792e-09
494.86	6.27286e-09
494.88	6.37117e-09
494.9	6.47473e-09
494.92	6.58431e-09
494.94	6.70097e-09
494.96	6.8261e-09
494.98	6.96173e-09
495	7.11103e-09
495.02	7.27945e-09
495.04	7.47793e-09
495.06	7.73353e-09
495.08	8.13539e-09
495.1	9.15014e-09
495.12	1.24205e-08
495.14	2.25317e-08
495.16	5.34034e-08
495.18	1.45396e-07
495.2	3.90082e-07
495.22	9.691e-07
495.24	2.24418e-06
495.26	4.88146e-06
495.28	9.89368e-06
495.3	1.84806e-05
495.32	3.15943e-05
495.34	4.94263e-05
495.36	7.13766e-05
495.38	9.6479e-05
495.4	0.000123741
495.42	0.000152275
495.44	0.000181342
495.46	0.00021036
495.48	0.000238904
495.5	0.000266675
495.52	0.000293475
495.54	0.00031918
495.56	0.00034372
495.58	0.00036706
495.6	0.000389193
495.62	0.00041013
495.64	0.000429893
495.66	0.000448513
495.68	0.000466026
495.7	0.00048247
495.72	0.000497884
495.74	0.000512306
495.76	0.000525777
495.78	0.000538333
495.8	0.000550012
495.82	0.000560849
495.84	0.000570879
495.86	0.000580133
495.88	0.000588644
495.9	0.000596442
495.92	0.000603557
495.94	0.000610015
495.96	0.000615844
495.98	0.000621071
496	0.000625719
496.02	0.000629812
496.04	0.000633375
496.06	0.000636428
496.08	0.000638994
496.1	0.000641093
496.12	0.000642745
496.14	0.000643969
496.16	0.000644784
496.18	0.000645207
496.2	0.000645255
496.22	0.000644946
496.24	0.000644294
496.26	0.000643316
496.28	0.000642026
496.3	0.000640438
496.32	0.000638566
496.34	0.000636423
496.36	0.000634022
496.38	0.000631375
496.4	0.000628494
496.42	0.000625391
496.44	0.000622076
496.46	0.00061856
496.48	0.000614853
496.5	0.000610965
496.52	0.000606906
496.54	0.000602685
496.56	0.00059831
496.58	0.00059379
496.6	0.000589133
496.62	0.000584348
496.64	0.000579442
496.66	0.000574422
496.68	0.000569296
496.7	0.00056407
496.72	0.000558752
496.74	0.000553347
496.76	0.000547862
496.78	0.000542303
496.8	0.000536676
496.82	0.000530986
496.84	0.000525239
496.86	0.000519441
496.88	0.000513595
496.9	0.000507708
496.92	0.000501784
496.94	0.000495828
496.96	0.000489843
496.98	0.000483835
497	0.000477807
497.02	0.000471764
497.04	0.00046571
497.06	0.000459647
497.08	0.00045358
497.1	0.000447512
497.12	0.000441447
497.14	0.000435388
497.16	0.000429337
497.18	0.000423298
497.2	0.000417274
497.22	0.000411268
497.24	0.000405281
497.26	0.000399317
497.28	0.000393379
497.3	0.000387467
497.32	0.000381586
497.34	0.000375736
497.36	0.00036992
497.38	0.000364139
497.4	0.000358397
497.42	0.000352693
497.44	0.000347031
497.46	0.000341412
497.48	0.000335836
497.5	0.000330307
497.52	0.000324824
497.54	0.000319389
497.56	0.000314004
497.58	0.000308669
497.6	0.000303386
497.62	0.000298155
497.64	0.000292978
497.66	0.000287855
497.68	0.000282787
497.7	0.000277774
497.72	0.000272818
497.74	0.000267919
497.76	0.000263077
497.78	0.000258294
497.8	0.000253568
497.82	0.000248902
497.84	0.000244294
497.86	0.000239746
497.88	0.000235257
497.9	0.000230828
497.92	0.000226459
497.94	0.00022215
497.96	0.0002179
497.98	0.00021371
498	0.000209581
498.02	0.000205511
498.04	0.000201501
498.06	0.00019755
498.08	0.000193659
498.1	0.000189827
498.12	0.000186054
498.14	0.00018234
498.16	0.000178684
498.18	0.000175086
498.2	0.000171546
498.22	0.000168063
498.24	0.000164638
498.26	0.000161269
498.28	0.000157956
498.3	0.000154699
498.32	0.000151497
498.34	0.00014835
498.36	0.000145257
498.38	0.000142218
498.4	0.000139233
498.42	0.0001363
498.44	0.00013342
498.46	0.000130591
498.48	0.000127813
498.5	0.000125086
498.52	0.000122409
498.54	0.000119781
498.56	0.000117202
498.58	0.000114671
498.6	0.000112188
498.62	0.000109752
498.64	0.000107362
498.66	0.000105018
498.68	0.000102719
498.7	0.000100465
498.72	9.82545e-05
498.74	9.60874e-05
498.76	9.39629e-05
498.78	9.18805e-05
498.8	8.98395e-05
498.82	8.78393e-05
498.84	8.58793e-05
498.86	8.39588e-05
498.88	8.20773e-05
498.9	8.02342e-05
498.92	7.84287e-05
498.94	7.66603e-05
498.96	7.49285e-05
498.98	7.32325e-05
499	7.15719e-05
499.02	6.99459e-05
499.04	6.83541e-05
499.06	6.67958e-05
499.08	6.52704e-05
499.1	6.37774e-05
499.12	6.23162e-05
499.14	6.08862e-05
499.16	5.9487e-05
499.18	5.81178e-05
499.2	5.67782e-05
499.22	5.54676e-05
499.24	5.41855e-05
499.26	5.29314e-05
499.28	5.17047e-05
499.3	5.05049e-05
499.32	4.93315e-05
499.34	4.8184e-05
499.36	4.70619e-05
499.38	4.59647e-05
499.4	4.4892e-05
499.42	4.38431e-05
499.44	4.28177e-05
499.46	4.18154e-05
499.48	4.08355e-05
499.5	3.98777e-05
499.52	3.89416e-05
499.54	3.80267e-05
499.56	3.71326e-05
499.58	3.62587e-05
499.6	3.54048e-05
499.62	3.45705e-05
499.64	3.37552e-05
499.66	3.29586e-05
499.68	3.21803e-05
499.7	3.142e-05
499.72	3.06772e-05
499.74	2.99515e-05
499.76	2.92427e-05
499.78	2.85503e-05
499.8	2.7874e-05
499.82	2.72135e-05
499.84	2.65683e-05
499.86	2.59382e-05
499.88	2.53229e-05
499.9	2.47219e-05
499.92	2.41351e-05
499.94	2.3562e-05
499.96	2.30024e-05
499.98	2.2456e-05
500	2.19225e-05
