label:AIS.O3_mslo
25000
0.02	2.84295e-08
0.04	2.80485e-08
0.06	2.76387e-08
0.08	2.72099e-08
0.1	2.67689e-08
0.12	2.63209e-08
0.14	2.58696e-08
0.16	2.5418e-08
0.18	2.49683e-08
0.2	2.45222e-08
0.22	2.4081e-08
0.24	2.36458e-08
0.26	2.32174e-08
0.28	2.27962e-08
0.3	2.2383e-08
0.32	2.19778e-08
0.34	2.15811e-08
0.36	2.11929e-08
0.38	2.08133e-08
0.4	2.04424e-08
0.42	2.00801e-08
0.44	1.97264e-08
0.46	1.93812e-08
0.48	1.90443e-08
0.5	1.87156e-08
0.52	1.8395e-08
0.54	1.80822e-08
0.56	1.77771e-08
0.58	1.74796e-08
0.6	1.71893e-08
0.62	1.69061e-08
0.64	1.66298e-08
0.66	1.63602e-08
0.68	1.60971e-08
0.7	1.58402e-08
0.72	1.55895e-08
0.74	1.53446e-08
0.76	1.51054e-08
0.78	1.48717e-08
0.8	1.46434e-08
0.82	1.44202e-08
0.84	1.4202e-08
0.86	1.39885e-08
0.88	1.37798e-08
0.9	1.35755e-08
0.92	1.33756e-08
0.94	1.31799e-08
0.96	1.29883e-08
0.98	1.28006e-08
1	1.26168e-08
1.02	1.24366e-08
1.04	1.226e-08
1.06	1.20869e-08
1.08	1.19171e-08
1.1	1.17506e-08
1.12	1.15873e-08
1.14	1.1427e-08
1.16	1.12697e-08
1.18	1.11153e-08
1.2	1.09637e-08
1.22	1.08148e-08
1.24	1.06686e-08
1.26	1.0525e-08
1.28	1.03839e-08
1.3	1.02452e-08
1.32	1.01089e-08
1.34	9.97499e-09
1.36	9.84331e-09
1.38	9.71384e-09
1.4	9.58653e-09
1.42	9.46132e-09
1.44	9.33817e-09
1.46	9.21703e-09
1.48	9.09785e-09
1.5	8.98058e-09
1.52	8.8652e-09
1.54	8.75165e-09
1.56	8.63989e-09
1.58	8.52989e-09
1.6	8.42162e-09
1.62	8.31502e-09
1.64	8.21008e-09
1.66	8.10675e-09
1.68	8.00501e-09
1.7	7.90482e-09
1.72	7.80616e-09
1.74	7.70899e-09
1.76	7.61329e-09
1.78	7.51902e-09
1.8	7.42617e-09
1.82	7.3347e-09
1.84	7.24459e-09
1.86	7.15582e-09
1.88	7.06836e-09
1.9	6.98218e-09
1.92	6.89728e-09
1.94	6.81361e-09
1.96	6.73117e-09
1.98	6.64993e-09
2	6.56987e-09
2.02	6.49097e-09
2.04	6.41321e-09
2.06	6.33657e-09
2.08	6.26104e-09
2.1	6.18659e-09
2.12	6.1132e-09
2.14	6.04087e-09
2.16	5.96957e-09
2.18	5.89928e-09
2.2	5.83e-09
2.22	5.76169e-09
2.24	5.69436e-09
2.26	5.62797e-09
2.28	5.56253e-09
2.3	5.498e-09
2.32	5.43438e-09
2.34	5.37166e-09
2.36	5.30982e-09
2.38	5.24884e-09
2.4	5.18871e-09
2.42	5.12942e-09
2.44	5.07096e-09
2.46	5.01331e-09
2.48	4.95647e-09
2.5	4.90041e-09
2.52	4.84513e-09
2.54	4.79061e-09
2.56	4.73685e-09
2.58	4.68382e-09
2.6	4.63153e-09
2.62	4.57996e-09
2.64	4.5291e-09
2.66	4.47893e-09
2.68	4.42945e-09
2.7	4.38065e-09
2.72	4.33252e-09
2.74	4.28504e-09
2.76	4.23821e-09
2.78	4.19202e-09
2.8	4.14645e-09
2.82	4.10151e-09
2.84	4.05717e-09
2.86	4.01344e-09
2.88	3.97029e-09
2.9	3.92773e-09
2.92	3.88575e-09
2.94	3.84433e-09
2.96	3.80347e-09
2.98	3.76315e-09
3	3.72338e-09
3.02	3.68414e-09
3.04	3.64543e-09
3.06	3.60724e-09
3.08	3.56956e-09
3.1	3.53237e-09
3.12	3.49569e-09
3.14	3.45949e-09
3.16	3.42378e-09
3.18	3.38854e-09
3.2	3.35377e-09
3.22	3.31946e-09
3.24	3.2856e-09
3.26	3.25219e-09
3.28	3.21922e-09
3.3	3.18669e-09
3.32	3.15459e-09
3.34	3.12291e-09
3.36	3.09164e-09
3.38	3.06079e-09
3.4	3.03034e-09
3.42	3.00028e-09
3.44	2.97063e-09
3.46	2.94136e-09
3.48	2.91247e-09
3.5	2.88396e-09
3.52	2.85582e-09
3.54	2.82804e-09
3.56	2.80063e-09
3.58	2.77357e-09
3.6	2.74687e-09
3.62	2.72051e-09
3.64	2.69449e-09
3.66	2.6688e-09
3.68	2.64345e-09
3.7	2.61842e-09
3.72	2.59372e-09
3.74	2.56933e-09
3.76	2.54526e-09
3.78	2.5215e-09
3.8	2.49804e-09
3.82	2.47488e-09
3.84	2.45202e-09
3.86	2.42945e-09
3.88	2.40716e-09
3.9	2.38517e-09
3.92	2.36345e-09
3.94	2.342e-09
3.96	2.32083e-09
3.98	2.29993e-09
4	2.2793e-09
4.02	2.25892e-09
4.04	2.2388e-09
4.06	2.21894e-09
4.08	2.19932e-09
4.1	2.17996e-09
4.12	2.16084e-09
4.14	2.14195e-09
4.16	2.12331e-09
4.18	2.1049e-09
4.2	2.08672e-09
4.22	2.06876e-09
4.24	2.05104e-09
4.26	2.03353e-09
4.28	2.01624e-09
4.3	1.99917e-09
4.32	1.98231e-09
4.34	1.96566e-09
4.36	1.94922e-09
4.38	1.93298e-09
4.4	1.91694e-09
4.42	1.9011e-09
4.44	1.88546e-09
4.46	1.87001e-09
4.48	1.85475e-09
4.5	1.83968e-09
4.52	1.8248e-09
4.54	1.81009e-09
4.56	1.79557e-09
4.58	1.78123e-09
4.6	1.76707e-09
4.62	1.75307e-09
4.64	1.73925e-09
4.66	1.7256e-09
4.68	1.71212e-09
4.7	1.6988e-09
4.72	1.68564e-09
4.74	1.67265e-09
4.76	1.65981e-09
4.78	1.64713e-09
4.8	1.6346e-09
4.82	1.62223e-09
4.84	1.61e-09
4.86	1.59793e-09
4.88	1.586e-09
4.9	1.57421e-09
4.92	1.56257e-09
4.94	1.55107e-09
4.96	1.53971e-09
4.98	1.52848e-09
5	1.5174e-09
5.02	1.50644e-09
5.04	1.49562e-09
5.06	1.48492e-09
5.08	1.47436e-09
5.1	1.46392e-09
5.12	1.45361e-09
5.14	1.44342e-09
5.16	1.43336e-09
5.18	1.42341e-09
5.2	1.41359e-09
5.22	1.40388e-09
5.24	1.39429e-09
5.26	1.38481e-09
5.28	1.37545e-09
5.3	1.3662e-09
5.32	1.35706e-09
5.34	1.34803e-09
5.36	1.3391e-09
5.38	1.33029e-09
5.4	1.32157e-09
5.42	1.31297e-09
5.44	1.30446e-09
5.46	1.29606e-09
5.48	1.28775e-09
5.5	1.27955e-09
5.52	1.27144e-09
5.54	1.26343e-09
5.56	1.25551e-09
5.58	1.24769e-09
5.6	1.23996e-09
5.62	1.23233e-09
5.64	1.22478e-09
5.66	1.21732e-09
5.68	1.20996e-09
5.7	1.20268e-09
5.72	1.19548e-09
5.74	1.18838e-09
5.76	1.18135e-09
5.78	1.17441e-09
5.8	1.16755e-09
5.82	1.16078e-09
5.84	1.15408e-09
5.86	1.14747e-09
5.88	1.14093e-09
5.9	1.13447e-09
5.92	1.12808e-09
5.94	1.12178e-09
5.96	1.11555e-09
5.98	1.10939e-09
6	1.1033e-09
6.02	1.09729e-09
6.04	1.09135e-09
6.06	1.08548e-09
6.08	1.07968e-09
6.1	1.07395e-09
6.12	1.06829e-09
6.14	1.06269e-09
6.16	1.05716e-09
6.18	1.0517e-09
6.2	1.04631e-09
6.22	1.04097e-09
6.24	1.03571e-09
6.26	1.0305e-09
6.28	1.02536e-09
6.3	1.02028e-09
6.32	1.01526e-09
6.34	1.0103e-09
6.36	1.0054e-09
6.38	1.00056e-09
6.4	9.95778e-10
6.42	9.91054e-10
6.44	9.86388e-10
6.46	9.81777e-10
6.48	9.77223e-10
6.5	9.72724e-10
6.52	9.6828e-10
6.54	9.6389e-10
6.56	9.59553e-10
6.58	9.55269e-10
6.6	9.51038e-10
6.62	9.46859e-10
6.64	9.42731e-10
6.66	9.38654e-10
6.68	9.34627e-10
6.7	9.30651e-10
6.72	9.26723e-10
6.74	9.22844e-10
6.76	9.19013e-10
6.78	9.1523e-10
6.8	9.11494e-10
6.82	9.07805e-10
6.84	9.04162e-10
6.86	9.00565e-10
6.88	8.97013e-10
6.9	8.93506e-10
6.92	8.90044e-10
6.94	8.86626e-10
6.96	8.83251e-10
6.98	8.79919e-10
7	8.7663e-10
7.02	8.73384e-10
7.04	8.70179e-10
7.06	8.67016e-10
7.08	8.63894e-10
7.1	8.60812e-10
7.12	8.57771e-10
7.14	8.5477e-10
7.16	8.51808e-10
7.18	8.48885e-10
7.2	8.46002e-10
7.22	8.43156e-10
7.24	8.40349e-10
7.26	8.37579e-10
7.28	8.34847e-10
7.3	8.32152e-10
7.32	8.29494e-10
7.34	8.26872e-10
7.36	8.24285e-10
7.38	8.21735e-10
7.4	8.1922e-10
7.42	8.1674e-10
7.44	8.14295e-10
7.46	8.11884e-10
7.48	8.09508e-10
7.5	8.07165e-10
7.52	8.04856e-10
7.54	8.0258e-10
7.56	8.00338e-10
7.58	7.98128e-10
7.6	7.9595e-10
7.62	7.93805e-10
7.64	7.91691e-10
7.66	7.89609e-10
7.68	7.87559e-10
7.7	7.85539e-10
7.72	7.83551e-10
7.74	7.81593e-10
7.76	7.79666e-10
7.78	7.77768e-10
7.8	7.75901e-10
7.82	7.74063e-10
7.84	7.72255e-10
7.86	7.70476e-10
7.88	7.68726e-10
7.9	7.67005e-10
7.92	7.65312e-10
7.94	7.63648e-10
7.96	7.62012e-10
7.98	7.60404e-10
8	7.58823e-10
8.02	7.5727e-10
8.04	7.55744e-10
8.06	7.54246e-10
8.08	7.52775e-10
8.1	7.5133e-10
8.12	7.49912e-10
8.14	7.4852e-10
8.16	7.47154e-10
8.18	7.45815e-10
8.2	7.44501e-10
8.22	7.43213e-10
8.24	7.41951e-10
8.26	7.40714e-10
8.28	7.39502e-10
8.3	7.38315e-10
8.32	7.37153e-10
8.34	7.36016e-10
8.36	7.34904e-10
8.38	7.33815e-10
8.4	7.32752e-10
8.42	7.31712e-10
8.44	7.30696e-10
8.46	7.29705e-10
8.48	7.28737e-10
8.5	7.27792e-10
8.52	7.26871e-10
8.54	7.25974e-10
8.56	7.25099e-10
8.58	7.24248e-10
8.6	7.2342e-10
8.62	7.22614e-10
8.64	7.21831e-10
8.66	7.21071e-10
8.68	7.20334e-10
8.7	7.19619e-10
8.72	7.18926e-10
8.74	7.18255e-10
8.76	7.17606e-10
8.78	7.1698e-10
8.8	7.16375e-10
8.82	7.15792e-10
8.84	7.15231e-10
8.86	7.14691e-10
8.88	7.14173e-10
8.9	7.13676e-10
8.92	7.13201e-10
8.94	7.12746e-10
8.96	7.12314e-10
8.98	7.11902e-10
9	7.11511e-10
9.02	7.11141e-10
9.04	7.10792e-10
9.06	7.10463e-10
9.08	7.10156e-10
9.1	7.09869e-10
9.12	7.09602e-10
9.14	7.09356e-10
9.16	7.09131e-10
9.18	7.08926e-10
9.2	7.08741e-10
9.22	7.08576e-10
9.24	7.08432e-10
9.26	7.08308e-10
9.28	7.08204e-10
9.3	7.0812e-10
9.32	7.08056e-10
9.34	7.08012e-10
9.36	7.07987e-10
9.38	7.07983e-10
9.4	7.07999e-10
9.42	7.08034e-10
9.44	7.08089e-10
9.46	7.08164e-10
9.48	7.08258e-10
9.5	7.08372e-10
9.52	7.08506e-10
9.54	7.08659e-10
9.56	7.08831e-10
9.58	7.09024e-10
9.6	7.09235e-10
9.62	7.09466e-10
9.64	7.09717e-10
9.66	7.09987e-10
9.68	7.10276e-10
9.7	7.10585e-10
9.72	7.10913e-10
9.74	7.11261e-10
9.76	7.11627e-10
9.78	7.12014e-10
9.8	7.12419e-10
9.82	7.12844e-10
9.84	7.13288e-10
9.86	7.13751e-10
9.88	7.14234e-10
9.9	7.14735e-10
9.92	7.15257e-10
9.94	7.15797e-10
9.96	7.16357e-10
9.98	7.16936e-10
10	7.17534e-10
10.02	7.18152e-10
10.04	7.18789e-10
10.06	7.19445e-10
10.08	7.2012e-10
10.1	7.20815e-10
10.12	7.2153e-10
10.14	7.22263e-10
10.16	7.23016e-10
10.18	7.23789e-10
10.2	7.2458e-10
10.22	7.25392e-10
10.24	7.26223e-10
10.26	7.27073e-10
10.28	7.27943e-10
10.3	7.28832e-10
10.32	7.29741e-10
10.34	7.30669e-10
10.36	7.31618e-10
10.38	7.32586e-10
10.4	7.33573e-10
10.42	7.34581e-10
10.44	7.35608e-10
10.46	7.36655e-10
10.48	7.37722e-10
10.5	7.38808e-10
10.52	7.39915e-10
10.54	7.41042e-10
10.56	7.42189e-10
10.58	7.43355e-10
10.6	7.44543e-10
10.62	7.4575e-10
10.64	7.46977e-10
10.66	7.48225e-10
10.68	7.49493e-10
10.7	7.50782e-10
10.72	7.52091e-10
10.74	7.53421e-10
10.76	7.54771e-10
10.78	7.56142e-10
10.8	7.57534e-10
10.82	7.58947e-10
10.84	7.6038e-10
10.86	7.61834e-10
10.88	7.6331e-10
10.9	7.64806e-10
10.92	7.66324e-10
10.94	7.67863e-10
10.96	7.69423e-10
10.98	7.71005e-10
11	7.72609e-10
11.02	7.74233e-10
11.04	7.7588e-10
11.06	7.77548e-10
11.08	7.79238e-10
11.1	7.8095e-10
11.12	7.82684e-10
11.14	7.84441e-10
11.16	7.86219e-10
11.18	7.8802e-10
11.2	7.89843e-10
11.22	7.91689e-10
11.24	7.93557e-10
11.26	7.95448e-10
11.28	7.97362e-10
11.3	7.99299e-10
11.32	8.01259e-10
11.34	8.03242e-10
11.36	8.05248e-10
11.38	8.07278e-10
11.4	8.09331e-10
11.42	8.11408e-10
11.44	8.13508e-10
11.46	8.15633e-10
11.48	8.17781e-10
11.5	8.19954e-10
11.52	8.22151e-10
11.54	8.24372e-10
11.56	8.26618e-10
11.58	8.28888e-10
11.6	8.31183e-10
11.62	8.33503e-10
11.64	8.35849e-10
11.66	8.38219e-10
11.68	8.40615e-10
11.7	8.43036e-10
11.72	8.45483e-10
11.74	8.47956e-10
11.76	8.50454e-10
11.78	8.52979e-10
11.8	8.5553e-10
11.82	8.58108e-10
11.84	8.60712e-10
11.86	8.63343e-10
11.88	8.66e-10
11.9	8.68685e-10
11.92	8.71397e-10
11.94	8.74137e-10
11.96	8.76904e-10
11.98	8.79699e-10
12	8.82522e-10
12.02	8.85373e-10
12.04	8.88252e-10
12.06	8.9116e-10
12.08	8.94096e-10
12.1	8.97062e-10
12.12	9.00056e-10
12.14	9.0308e-10
12.16	9.06134e-10
12.18	9.09217e-10
12.2	9.12329e-10
12.22	9.15472e-10
12.24	9.18646e-10
12.26	9.2185e-10
12.28	9.25084e-10
12.3	9.2835e-10
12.32	9.31646e-10
12.34	9.34975e-10
12.36	9.38334e-10
12.38	9.41726e-10
12.4	9.4515e-10
12.42	9.48605e-10
12.44	9.52094e-10
12.46	9.55615e-10
12.48	9.5917e-10
12.5	9.62757e-10
12.52	9.66379e-10
12.54	9.70034e-10
12.56	9.73723e-10
12.58	9.77446e-10
12.6	9.81204e-10
12.62	9.84997e-10
12.64	9.88824e-10
12.66	9.92687e-10
12.68	9.96586e-10
12.7	1.00052e-09
12.72	1.00449e-09
12.74	1.0085e-09
12.76	1.01254e-09
12.78	1.01663e-09
12.8	1.02074e-09
12.82	1.0249e-09
12.84	1.02909e-09
12.86	1.03333e-09
12.88	1.0376e-09
12.9	1.04191e-09
12.92	1.04626e-09
12.94	1.05065e-09
12.96	1.05507e-09
12.98	1.05954e-09
13	1.06405e-09
13.02	1.0686e-09
13.04	1.07319e-09
13.06	1.07783e-09
13.08	1.0825e-09
13.1	1.08722e-09
13.12	1.09198e-09
13.14	1.09678e-09
13.16	1.10163e-09
13.18	1.10652e-09
13.2	1.11145e-09
13.22	1.11643e-09
13.24	1.12145e-09
13.26	1.12652e-09
13.28	1.13163e-09
13.3	1.13679e-09
13.32	1.142e-09
13.34	1.14725e-09
13.36	1.15255e-09
13.38	1.1579e-09
13.4	1.16329e-09
13.42	1.16874e-09
13.44	1.17423e-09
13.46	1.17977e-09
13.48	1.18537e-09
13.5	1.19101e-09
13.52	1.1967e-09
13.54	1.20245e-09
13.56	1.20824e-09
13.58	1.21409e-09
13.6	1.21999e-09
13.62	1.22594e-09
13.64	1.23195e-09
13.66	1.23801e-09
13.68	1.24413e-09
13.7	1.2503e-09
13.72	1.25653e-09
13.74	1.26281e-09
13.76	1.26915e-09
13.78	1.27554e-09
13.8	1.282e-09
13.82	1.28851e-09
13.84	1.29508e-09
13.86	1.30171e-09
13.88	1.3084e-09
13.9	1.31515e-09
13.92	1.32196e-09
13.94	1.32884e-09
13.96	1.33577e-09
13.98	1.34277e-09
14	1.34983e-09
14.02	1.35696e-09
14.04	1.36415e-09
14.06	1.3714e-09
14.08	1.37872e-09
14.1	1.38611e-09
14.12	1.39357e-09
14.14	1.40109e-09
14.16	1.40868e-09
14.18	1.41634e-09
14.2	1.42407e-09
14.22	1.43187e-09
14.24	1.43974e-09
14.26	1.44769e-09
14.28	1.4557e-09
14.3	1.46379e-09
14.32	1.47196e-09
14.34	1.4802e-09
14.36	1.48851e-09
14.38	1.4969e-09
14.4	1.50537e-09
14.42	1.51392e-09
14.44	1.52254e-09
14.46	1.53125e-09
14.48	1.54003e-09
14.5	1.5489e-09
14.52	1.55785e-09
14.54	1.56688e-09
14.56	1.57599e-09
14.58	1.58519e-09
14.6	1.59448e-09
14.62	1.60385e-09
14.64	1.61331e-09
14.66	1.62285e-09
14.68	1.63249e-09
14.7	1.64222e-09
14.72	1.65203e-09
14.74	1.66194e-09
14.76	1.67195e-09
14.78	1.68204e-09
14.8	1.69223e-09
14.82	1.70252e-09
14.84	1.7129e-09
14.86	1.72339e-09
14.88	1.73397e-09
14.9	1.74465e-09
14.92	1.75543e-09
14.94	1.76632e-09
14.96	1.77731e-09
14.98	1.7884e-09
15	1.7996e-09
15.02	1.8109e-09
15.04	1.82232e-09
15.06	1.83384e-09
15.08	1.84547e-09
15.1	1.85722e-09
15.12	1.86907e-09
15.14	1.88105e-09
15.16	1.89313e-09
15.18	1.90534e-09
15.2	1.91766e-09
15.22	1.9301e-09
15.24	1.94266e-09
15.26	1.95534e-09
15.28	1.96815e-09
15.3	1.98108e-09
15.32	1.99414e-09
15.34	2.00733e-09
15.36	2.02064e-09
15.38	2.03409e-09
15.4	2.04766e-09
15.42	2.06137e-09
15.44	2.07522e-09
15.46	2.0892e-09
15.48	2.10332e-09
15.5	2.11758e-09
15.52	2.13198e-09
15.54	2.14653e-09
15.56	2.16122e-09
15.58	2.17605e-09
15.6	2.19104e-09
15.62	2.20617e-09
15.64	2.22146e-09
15.66	2.2369e-09
15.68	2.25249e-09
15.7	2.26824e-09
15.72	2.28415e-09
15.74	2.30022e-09
15.76	2.31646e-09
15.78	2.33286e-09
15.8	2.34942e-09
15.82	2.36615e-09
15.84	2.38306e-09
15.86	2.40014e-09
15.88	2.41739e-09
15.9	2.43482e-09
15.92	2.45243e-09
15.94	2.47022e-09
15.96	2.48819e-09
15.98	2.50635e-09
16	2.5247e-09
16.02	2.54323e-09
16.04	2.56196e-09
16.06	2.58089e-09
16.08	2.60001e-09
16.1	2.61934e-09
16.12	2.63886e-09
16.14	2.65859e-09
16.16	2.67853e-09
16.18	2.69868e-09
16.2	2.71904e-09
16.22	2.73962e-09
16.24	2.76042e-09
16.26	2.78143e-09
16.28	2.80268e-09
16.3	2.82414e-09
16.32	2.84584e-09
16.34	2.86777e-09
16.36	2.88994e-09
16.38	2.91235e-09
16.4	2.93499e-09
16.42	2.95788e-09
16.44	2.98103e-09
16.46	3.00442e-09
16.48	3.02806e-09
16.5	3.05197e-09
16.52	3.07614e-09
16.54	3.10057e-09
16.56	3.12527e-09
16.58	3.15024e-09
16.6	3.17549e-09
16.62	3.20102e-09
16.64	3.22683e-09
16.66	3.25293e-09
16.68	3.27932e-09
16.7	3.306e-09
16.72	3.33298e-09
16.74	3.36027e-09
16.76	3.38786e-09
16.78	3.41576e-09
16.8	3.44398e-09
16.82	3.47252e-09
16.84	3.50139e-09
16.86	3.53058e-09
16.88	3.56011e-09
16.9	3.58997e-09
16.92	3.62018e-09
16.94	3.65073e-09
16.96	3.68164e-09
16.98	3.7129e-09
17	3.74453e-09
17.02	3.77652e-09
17.04	3.80889e-09
17.06	3.84164e-09
17.08	3.87477e-09
17.1	3.90829e-09
17.12	3.9422e-09
17.14	3.97652e-09
17.16	4.01124e-09
17.18	4.04637e-09
17.2	4.08192e-09
17.22	4.1179e-09
17.24	4.15431e-09
17.26	4.19115e-09
17.28	4.22844e-09
17.3	4.26618e-09
17.32	4.30438e-09
17.34	4.34304e-09
17.36	4.38217e-09
17.38	4.42178e-09
17.4	4.46188e-09
17.42	4.50246e-09
17.44	4.54355e-09
17.46	4.58515e-09
17.48	4.62726e-09
17.5	4.66989e-09
17.52	4.71306e-09
17.54	4.75677e-09
17.56	4.80102e-09
17.58	4.84584e-09
17.6	4.89121e-09
17.62	4.93717e-09
17.64	4.98371e-09
17.66	5.03084e-09
17.68	5.07857e-09
17.7	5.12692e-09
17.72	5.17589e-09
17.74	5.22549e-09
17.76	5.27573e-09
17.78	5.32663e-09
17.8	5.37819e-09
17.82	5.43043e-09
17.84	5.48335e-09
17.86	5.53697e-09
17.88	5.5913e-09
17.9	5.64635e-09
17.92	5.70213e-09
17.94	5.75866e-09
17.96	5.81594e-09
17.98	5.874e-09
18	5.93284e-09
18.02	5.99248e-09
18.04	6.05293e-09
18.06	6.1142e-09
18.08	6.17632e-09
18.1	6.23929e-09
18.12	6.30312e-09
18.14	6.36785e-09
18.16	6.43347e-09
18.18	6.50001e-09
18.2	6.56749e-09
18.22	6.63591e-09
18.24	6.7053e-09
18.26	6.77568e-09
18.28	6.84706e-09
18.3	6.91946e-09
18.32	6.9929e-09
18.34	7.0674e-09
18.36	7.14298e-09
18.38	7.21966e-09
18.4	7.29746e-09
18.42	7.3764e-09
18.44	7.4565e-09
18.46	7.53779e-09
18.48	7.62029e-09
18.5	7.70402e-09
18.52	7.78901e-09
18.54	7.87528e-09
18.56	7.96285e-09
18.58	8.05176e-09
18.6	8.14202e-09
18.62	8.23368e-09
18.64	8.32674e-09
18.66	8.42125e-09
18.68	8.51723e-09
18.7	8.61472e-09
18.72	8.71374e-09
18.74	8.81433e-09
18.76	8.91651e-09
18.78	9.02033e-09
18.8	9.12582e-09
18.82	9.23301e-09
18.84	9.34194e-09
18.86	9.45266e-09
18.88	9.56519e-09
18.9	9.67957e-09
18.92	9.79586e-09
18.94	9.9141e-09
18.96	1.00343e-08
18.98	1.01566e-08
19	1.02809e-08
19.02	1.04073e-08
19.04	1.0536e-08
19.06	1.06668e-08
19.08	1.08e-08
19.1	1.09355e-08
19.12	1.10733e-08
19.14	1.12136e-08
19.16	1.13565e-08
19.18	1.15019e-08
19.2	1.16499e-08
19.22	1.18007e-08
19.24	1.19542e-08
19.26	1.21105e-08
19.28	1.22698e-08
19.3	1.24321e-08
19.32	1.25974e-08
19.34	1.2766e-08
19.36	1.29377e-08
19.38	1.31128e-08
19.4	1.32913e-08
19.42	1.34734e-08
19.44	1.3659e-08
19.46	1.38484e-08
19.48	1.40416e-08
19.5	1.42388e-08
19.52	1.44401e-08
19.54	1.46455e-08
19.56	1.48552e-08
19.58	1.50695e-08
19.6	1.52883e-08
19.62	1.55118e-08
19.64	1.57403e-08
19.66	1.59738e-08
19.68	1.62125e-08
19.7	1.64566e-08
19.72	1.67064e-08
19.74	1.69619e-08
19.76	1.72234e-08
19.78	1.74912e-08
19.8	1.77654e-08
19.82	1.80463e-08
19.84	1.83342e-08
19.86	1.86293e-08
19.88	1.89319e-08
19.9	1.92424e-08
19.92	1.95611e-08
19.94	1.98883e-08
19.96	2.02244e-08
19.98	2.05699e-08
20	2.09251e-08
20.02	2.12905e-08
20.04	2.16667e-08
20.06	2.20542e-08
20.08	2.24537e-08
20.1	2.28657e-08
20.12	2.32911e-08
20.14	2.37305e-08
20.16	2.41849e-08
20.18	2.46554e-08
20.2	2.51429e-08
20.22	2.56487e-08
20.24	2.61742e-08
20.26	2.67211e-08
20.28	2.72911e-08
20.3	2.78865e-08
20.32	2.85098e-08
20.34	2.91641e-08
20.36	2.98531e-08
20.38	3.05816e-08
20.4	3.13555e-08
20.42	3.21829e-08
20.44	3.30747e-08
20.46	3.40472e-08
20.48	3.51255e-08
20.5	3.63537e-08
20.52	3.78211e-08
20.54	3.97526e-08
20.56	4.2894e-08
20.58	5.08485e-08
20.6	8.7828e-08
20.62	2.3096e-07
20.64	6.44062e-07
20.66	1.7739e-06
20.68	4.42464e-06
20.7	9.68294e-06
20.72	1.91968e-05
20.74	3.53807e-05
20.76	6.07112e-05
20.78	9.63887e-05
20.8	0.000141241
20.82	0.000191821
20.84	0.00024413
20.86	0.000295134
20.88	0.000342987
20.9	0.000386717
20.92	0.000425958
20.94	0.000460839
20.96	0.000491836
20.98	0.000519568
21	0.000544639
21.02	0.000567562
21.04	0.000588749
21.06	0.000608516
21.08	0.000627099
21.1	0.000644674
21.12	0.000661371
21.14	0.000677286
21.16	0.000692488
21.18	0.000707028
21.2	0.000720942
21.22	0.000734257
21.24	0.000746993
21.26	0.000759167
21.28	0.000770792
21.3	0.000781879
21.32	0.000792438
21.34	0.000802481
21.36	0.000812016
21.38	0.000821053
21.4	0.000829602
21.42	0.000837674
21.44	0.000845277
21.46	0.000852422
21.48	0.000859119
21.5	0.000865378
21.52	0.000871208
21.54	0.00087662
21.56	0.000881623
21.58	0.000886225
21.6	0.000890438
21.62	0.000894269
21.64	0.000897727
21.66	0.000900822
21.68	0.000903561
21.7	0.000905954
21.72	0.000908008
21.74	0.000909731
21.76	0.00091113
21.78	0.000912215
21.8	0.00091299
21.82	0.000913465
21.84	0.000913646
21.86	0.00091354
21.88	0.000913153
21.9	0.000912493
21.92	0.000911567
21.94	0.00091038
21.96	0.000908939
21.98	0.000907251
22	0.000905322
22.02	0.000903158
22.04	0.000900765
22.06	0.000898149
22.08	0.000895316
22.1	0.000892273
22.12	0.000889024
22.14	0.000885576
22.16	0.000881935
22.18	0.000878106
22.2	0.000874095
22.22	0.000869907
22.24	0.000865549
22.26	0.000861025
22.28	0.000856341
22.3	0.000851503
22.32	0.000846516
22.34	0.000841386
22.36	0.000836117
22.38	0.000830716
22.4	0.000825186
22.42	0.000819534
22.44	0.000813765
22.46	0.000807883
22.48	0.000801894
22.5	0.000795802
22.52	0.000789613
22.54	0.000783331
22.56	0.000776962
22.58	0.000770509
22.6	0.000763978
22.62	0.000757373
22.64	0.000750698
22.66	0.000743959
22.68	0.00073716
22.7	0.000730305
22.72	0.000723397
22.74	0.000716442
22.76	0.000709444
22.78	0.000702406
22.8	0.000695332
22.82	0.000688227
22.84	0.000681094
22.86	0.000673936
22.88	0.000666758
22.9	0.000659563
22.92	0.000652354
22.94	0.000645134
22.96	0.000637908
22.98	0.000630678
23	0.000623446
23.02	0.000616218
23.04	0.000608994
23.06	0.000601778
23.08	0.000594573
23.1	0.000587381
23.12	0.000580206
23.14	0.000573048
23.16	0.000565912
23.18	0.000558799
23.2	0.000551711
23.22	0.000544651
23.24	0.000537621
23.26	0.000530622
23.28	0.000523658
23.3	0.000516728
23.32	0.000509836
23.34	0.000502984
23.36	0.000496171
23.38	0.000489401
23.4	0.000482675
23.42	0.000475994
23.44	0.000469359
23.46	0.000462772
23.48	0.000456235
23.5	0.000449747
23.52	0.000443311
23.54	0.000436927
23.56	0.000430596
23.58	0.00042432
23.6	0.000418098
23.62	0.000411933
23.64	0.000405824
23.66	0.000399772
23.68	0.000393778
23.7	0.000387843
23.72	0.000381967
23.74	0.00037615
23.76	0.000370394
23.78	0.000364698
23.8	0.000359062
23.82	0.000353488
23.84	0.000347975
23.86	0.000342524
23.88	0.000337134
23.9	0.000331806
23.92	0.000326541
23.94	0.000321337
23.96	0.000316196
23.98	0.000311117
24	0.0003061
24.02	0.000301146
24.04	0.000296253
24.06	0.000291423
24.08	0.000286654
24.1	0.000281947
24.12	0.000277301
24.14	0.000272717
24.16	0.000268194
24.18	0.000263732
24.2	0.00025933
24.22	0.000254988
24.24	0.000250707
24.26	0.000246485
24.28	0.000242322
24.3	0.000238218
24.32	0.000234173
24.34	0.000230186
24.36	0.000226257
24.38	0.000222385
24.4	0.00021857
24.42	0.000214811
24.44	0.000211108
24.46	0.000207461
24.48	0.000203868
24.5	0.000200331
24.52	0.000196847
24.54	0.000193417
24.56	0.000190039
24.58	0.000186715
24.6	0.000183442
24.62	0.00018022
24.64	0.00017705
24.66	0.00017393
24.68	0.000170859
24.7	0.000167838
24.72	0.000164866
24.74	0.000161941
24.76	0.000159065
24.78	0.000156235
24.8	0.000153452
24.82	0.000150714
24.84	0.000148022
24.86	0.000145375
24.88	0.000142771
24.9	0.000140212
24.92	0.000137695
24.94	0.000135221
24.96	0.000132789
24.98	0.000130398
25	0.000128048
25.02	0.000125738
25.04	0.000123468
25.06	0.000121237
25.08	0.000119045
25.1	0.00011689
25.12	0.000114773
25.14	0.000112693
25.16	0.00011065
25.18	0.000108642
25.2	0.00010667
25.22	0.000104732
25.24	0.000102829
25.26	0.000100959
25.28	9.91225e-05
25.3	9.73188e-05
25.32	9.55473e-05
25.34	9.38075e-05
25.36	9.20988e-05
25.38	9.04209e-05
25.4	8.87732e-05
25.42	8.71553e-05
25.44	8.55665e-05
25.46	8.40066e-05
25.48	8.2475e-05
25.5	8.09712e-05
25.52	7.94948e-05
25.54	7.80453e-05
25.56	7.66223e-05
25.58	7.52253e-05
25.6	7.38539e-05
25.62	7.25077e-05
25.64	7.11862e-05
25.66	6.98891e-05
25.68	6.86158e-05
25.7	6.7366e-05
25.72	6.61393e-05
25.74	6.49353e-05
25.76	6.37535e-05
25.78	6.25937e-05
25.8	6.14554e-05
25.82	6.03382e-05
25.84	5.92417e-05
25.86	5.81657e-05
25.88	5.71097e-05
25.9	5.60733e-05
25.92	5.50563e-05
25.94	5.40582e-05
25.96	5.30788e-05
25.98	5.21177e-05
26	5.11745e-05
26.02	5.0249e-05
26.04	4.93408e-05
26.06	4.84495e-05
26.08	4.7575e-05
26.1	4.67169e-05
26.12	4.58748e-05
26.14	4.50485e-05
26.16	4.42377e-05
26.18	4.34421e-05
26.2	4.26615e-05
26.22	4.18955e-05
26.24	4.11438e-05
26.26	4.04063e-05
26.28	3.96826e-05
26.3	3.89725e-05
26.32	3.82757e-05
26.34	3.7592e-05
26.36	3.69211e-05
26.38	3.62628e-05
26.4	3.56169e-05
26.42	3.49831e-05
26.44	3.43612e-05
26.46	3.37509e-05
26.48	3.31521e-05
26.5	3.25645e-05
26.52	3.19879e-05
26.54	3.14222e-05
26.56	3.0867e-05
26.58	3.03222e-05
26.6	2.97876e-05
26.62	2.92631e-05
26.64	2.87483e-05
26.66	2.82431e-05
26.68	2.77474e-05
26.7	2.7261e-05
26.72	2.67836e-05
26.74	2.63152e-05
26.76	2.58554e-05
26.78	2.54043e-05
26.8	2.49615e-05
26.82	2.4527e-05
26.84	2.41006e-05
26.86	2.36821e-05
26.88	2.32713e-05
26.9	2.28682e-05
26.92	2.24726e-05
26.94	2.20843e-05
26.96	2.17032e-05
26.98	2.13292e-05
27	2.09621e-05
27.02	2.06017e-05
27.04	2.0248e-05
27.06	1.99009e-05
27.08	1.95601e-05
27.1	1.92256e-05
27.12	1.88973e-05
27.14	1.8575e-05
27.16	1.82587e-05
27.18	1.79481e-05
27.2	1.76433e-05
27.22	1.7344e-05
27.24	1.70502e-05
27.26	1.67618e-05
27.28	1.64786e-05
27.3	1.62007e-05
27.32	1.59277e-05
27.34	1.56598e-05
27.36	1.53968e-05
27.38	1.51385e-05
27.4	1.48849e-05
27.42	1.46359e-05
27.44	1.43915e-05
27.46	1.41514e-05
27.48	1.39157e-05
27.5	1.36843e-05
27.52	1.3457e-05
27.54	1.32339e-05
27.56	1.30147e-05
27.58	1.27995e-05
27.6	1.25882e-05
27.62	1.23807e-05
27.64	1.21769e-05
27.66	1.19767e-05
27.68	1.17801e-05
27.7	1.15871e-05
27.72	1.13975e-05
27.74	1.12112e-05
27.76	1.10283e-05
27.78	1.08487e-05
27.8	1.06722e-05
27.82	1.04989e-05
27.84	1.03286e-05
27.86	1.01614e-05
27.88	9.99707e-06
27.9	9.83569e-06
27.92	9.67715e-06
27.94	9.52142e-06
27.96	9.36842e-06
27.98	9.21812e-06
28	9.07045e-06
28.02	8.92538e-06
28.04	8.78286e-06
28.06	8.64282e-06
28.08	8.50524e-06
28.1	8.37006e-06
28.12	8.23724e-06
28.14	8.10674e-06
28.16	7.9785e-06
28.18	7.8525e-06
28.2	7.72869e-06
28.22	7.60702e-06
28.24	7.48747e-06
28.26	7.36998e-06
28.28	7.25452e-06
28.3	7.14106e-06
28.32	7.02956e-06
28.34	6.91997e-06
28.36	6.81228e-06
28.38	6.70643e-06
28.4	6.6024e-06
28.42	6.50016e-06
28.44	6.39966e-06
28.46	6.30089e-06
28.48	6.2038e-06
28.5	6.10838e-06
28.52	6.01457e-06
28.54	5.92237e-06
28.56	5.83174e-06
28.58	5.74264e-06
28.6	5.65506e-06
28.62	5.56896e-06
28.64	5.48432e-06
28.66	5.40111e-06
28.68	5.31931e-06
28.7	5.23889e-06
28.72	5.15982e-06
28.74	5.08208e-06
28.76	5.00566e-06
28.78	4.93051e-06
28.8	4.85663e-06
28.82	4.78398e-06
28.84	4.71255e-06
28.86	4.64232e-06
28.88	4.57326e-06
28.9	4.50535e-06
28.92	4.43857e-06
28.94	4.3729e-06
28.96	4.30833e-06
28.98	4.24483e-06
29	4.18238e-06
29.02	4.12096e-06
29.04	4.06056e-06
29.06	4.00116e-06
29.08	3.94275e-06
29.1	3.88529e-06
29.12	3.82878e-06
29.14	3.7732e-06
29.16	3.71854e-06
29.18	3.66477e-06
29.2	3.61189e-06
29.22	3.55987e-06
29.24	3.5087e-06
29.26	3.45837e-06
29.28	3.40886e-06
29.3	3.36016e-06
29.32	3.31225e-06
29.34	3.26512e-06
29.36	3.21876e-06
29.38	3.17315e-06
29.4	3.12828e-06
29.42	3.08414e-06
29.44	3.04071e-06
29.46	2.99799e-06
29.48	2.95595e-06
29.5	2.91459e-06
29.52	2.8739e-06
29.54	2.83386e-06
29.56	2.79447e-06
29.58	2.75571e-06
29.6	2.71758e-06
29.62	2.68005e-06
29.64	2.64312e-06
29.66	2.60679e-06
29.68	2.57103e-06
29.7	2.53585e-06
29.72	2.50123e-06
29.74	2.46715e-06
29.76	2.43363e-06
29.78	2.40063e-06
29.8	2.36816e-06
29.82	2.3362e-06
29.84	2.30475e-06
29.86	2.27379e-06
29.88	2.24333e-06
29.9	2.21334e-06
29.92	2.18383e-06
29.94	2.15479e-06
29.96	2.1262e-06
29.98	2.09806e-06
30	2.07036e-06
30.02	2.0431e-06
30.04	2.01627e-06
30.06	1.98985e-06
30.08	1.96385e-06
30.1	1.93826e-06
30.12	1.91307e-06
30.14	1.88827e-06
30.16	1.86385e-06
30.18	1.83982e-06
30.2	1.81616e-06
30.22	1.79287e-06
30.24	1.76994e-06
30.26	1.74736e-06
30.28	1.72514e-06
30.3	1.70326e-06
30.32	1.68172e-06
30.34	1.66051e-06
30.36	1.63962e-06
30.38	1.61907e-06
30.4	1.59882e-06
30.42	1.57889e-06
30.44	1.55927e-06
30.46	1.53994e-06
30.48	1.52092e-06
30.5	1.50218e-06
30.52	1.48373e-06
30.54	1.46557e-06
30.56	1.44768e-06
30.58	1.43007e-06
30.6	1.41272e-06
30.62	1.39564e-06
30.64	1.37882e-06
30.66	1.36225e-06
30.68	1.34594e-06
30.7	1.32988e-06
30.72	1.31406e-06
30.74	1.29848e-06
30.76	1.28313e-06
30.78	1.26802e-06
30.8	1.25314e-06
30.82	1.23848e-06
30.84	1.22404e-06
30.86	1.20983e-06
30.88	1.19582e-06
30.9	1.18203e-06
30.92	1.16845e-06
30.94	1.15507e-06
30.96	1.14189e-06
30.98	1.12891e-06
31	1.11612e-06
31.02	1.10353e-06
31.04	1.09113e-06
31.06	1.07891e-06
31.08	1.06687e-06
31.1	1.05502e-06
31.12	1.04334e-06
31.14	1.03183e-06
31.16	1.0205e-06
31.18	1.00934e-06
31.2	9.98345e-07
31.22	9.87513e-07
31.24	9.76842e-07
31.26	9.66331e-07
31.28	9.55976e-07
31.3	9.45776e-07
31.32	9.35727e-07
31.34	9.25827e-07
31.36	9.16075e-07
31.38	9.06468e-07
31.4	8.97003e-07
31.42	8.87679e-07
31.44	8.78493e-07
31.46	8.69444e-07
31.48	8.60528e-07
31.5	8.51745e-07
31.52	8.43093e-07
31.54	8.34568e-07
31.56	8.2617e-07
31.58	8.17897e-07
31.6	8.09746e-07
31.62	8.01716e-07
31.64	7.93805e-07
31.66	7.86012e-07
31.68	7.78333e-07
31.7	7.70769e-07
31.72	7.63317e-07
31.74	7.55975e-07
31.76	7.48743e-07
31.78	7.41617e-07
31.8	7.34598e-07
31.82	7.27683e-07
31.84	7.2087e-07
31.86	7.14159e-07
31.88	7.07547e-07
31.9	7.01034e-07
31.92	6.94618e-07
31.94	6.88298e-07
31.96	6.82072e-07
31.98	6.75938e-07
32	6.69897e-07
32.02	6.63945e-07
32.04	6.58083e-07
32.06	6.52309e-07
32.08	6.46621e-07
32.1	6.41019e-07
32.12	6.35501e-07
32.14	6.30066e-07
32.16	6.24713e-07
32.18	6.1944e-07
32.2	6.14248e-07
32.22	6.09134e-07
32.24	6.04098e-07
32.26	5.99139e-07
32.28	5.94255e-07
32.3	5.89446e-07
32.32	5.8471e-07
32.34	5.80047e-07
32.36	5.75456e-07
32.38	5.70936e-07
32.4	5.66485e-07
32.42	5.62104e-07
32.44	5.5779e-07
32.46	5.53544e-07
32.48	5.49364e-07
32.5	5.4525e-07
32.52	5.41201e-07
32.54	5.37216e-07
32.56	5.33294e-07
32.58	5.29434e-07
32.6	5.25636e-07
32.62	5.21899e-07
32.64	5.18223e-07
32.66	5.14606e-07
32.68	5.11048e-07
32.7	5.07548e-07
32.72	5.04106e-07
32.74	5.00721e-07
32.76	4.97392e-07
32.78	4.94119e-07
32.8	4.90901e-07
32.82	4.87737e-07
32.84	4.84628e-07
32.86	4.81571e-07
32.88	4.78568e-07
32.9	4.75617e-07
32.92	4.72718e-07
32.94	4.6987e-07
32.96	4.67074e-07
32.98	4.64327e-07
33	4.6163e-07
33.02	4.58983e-07
33.04	4.56385e-07
33.06	4.53835e-07
33.08	4.51334e-07
33.1	4.48881e-07
33.12	4.46475e-07
33.14	4.44116e-07
33.16	4.41803e-07
33.18	4.39538e-07
33.2	4.37318e-07
33.22	4.35144e-07
33.24	4.33015e-07
33.26	4.30932e-07
33.28	4.28893e-07
33.3	4.269e-07
33.32	4.2495e-07
33.34	4.23045e-07
33.36	4.21184e-07
33.38	4.19367e-07
33.4	4.17593e-07
33.42	4.15863e-07
33.44	4.14176e-07
33.46	4.12533e-07
33.48	4.10933e-07
33.5	4.09375e-07
33.52	4.07861e-07
33.54	4.0639e-07
33.56	4.04961e-07
33.58	4.03576e-07
33.6	4.02233e-07
33.62	4.00933e-07
33.64	3.99677e-07
33.66	3.98463e-07
33.68	3.97293e-07
33.7	3.96165e-07
33.72	3.95082e-07
33.74	3.94042e-07
33.76	3.93046e-07
33.78	3.92094e-07
33.8	3.91186e-07
33.82	3.90323e-07
33.84	3.89505e-07
33.86	3.88733e-07
33.88	3.88006e-07
33.9	3.87326e-07
33.92	3.86693e-07
33.94	3.86107e-07
33.96	3.85569e-07
33.98	3.8508e-07
34	3.8464e-07
34.02	3.84251e-07
34.04	3.83912e-07
34.06	3.83626e-07
34.08	3.83393e-07
34.1	3.83214e-07
34.12	3.83091e-07
34.14	3.83025e-07
34.16	3.83017e-07
34.18	3.83068e-07
34.2	3.83182e-07
34.22	3.83359e-07
34.24	3.83601e-07
34.26	3.83912e-07
34.28	3.84293e-07
34.3	3.84748e-07
34.32	3.85279e-07
34.34	3.85891e-07
34.36	3.86586e-07
34.38	3.8737e-07
34.4	3.88247e-07
34.42	3.89223e-07
34.44	3.90304e-07
34.46	3.91498e-07
34.48	3.92814e-07
34.5	3.94262e-07
34.52	3.95853e-07
34.54	3.97602e-07
34.56	3.99527e-07
34.58	4.01649e-07
34.6	4.03996e-07
34.62	4.06604e-07
34.64	4.0952e-07
34.66	4.12812e-07
34.68	4.16578e-07
34.7	4.20972e-07
34.72	4.26261e-07
34.74	4.32963e-07
34.76	4.42284e-07
34.78	4.57633e-07
34.8	4.9021e-07
34.82	5.87434e-07
34.84	8.69263e-07
34.86	1.52997e-06
34.88	3.03663e-06
34.9	6.23584e-06
34.92	1.22442e-05
34.94	2.25611e-05
34.96	3.92999e-05
34.98	6.47344e-05
35	0.000100177
35.02	0.000144963
35.04	0.000196186
35.06	0.00024987
35.08	0.000302645
35.1	0.000352367
35.12	0.000397893
35.14	0.000438763
35.16	0.000475028
35.18	0.000507119
35.2	0.000535658
35.22	0.000561286
35.24	0.000584568
35.26	0.000605963
35.28	0.000625829
35.3	0.000644436
35.32	0.000661987
35.34	0.00067863
35.36	0.000694476
35.38	0.000709604
35.4	0.000724073
35.42	0.000737923
35.44	0.000751186
35.46	0.000763883
35.48	0.000776032
35.5	0.000787645
35.52	0.000798735
35.54	0.00080931
35.56	0.000819381
35.58	0.000828955
35.6	0.000838043
35.62	0.000846653
35.64	0.000854793
35.66	0.000862473
35.68	0.000869702
35.7	0.000876488
35.72	0.000882842
35.74	0.000888772
35.76	0.000894287
35.78	0.000899397
35.8	0.00090411
35.82	0.000908434
35.84	0.00091238
35.86	0.000915954
35.88	0.000919166
35.9	0.000922024
35.92	0.000924535
35.94	0.000926708
35.96	0.00092855
35.98	0.000930068
36	0.000931271
36.02	0.000932165
36.04	0.000932756
36.06	0.000933053
36.08	0.000933062
36.1	0.000932789
36.12	0.000932241
36.14	0.000931425
36.16	0.000930346
36.18	0.000929012
36.2	0.000927429
36.22	0.000925602
36.24	0.000923538
36.26	0.000921243
36.28	0.000918722
36.3	0.000915982
36.32	0.000913028
36.34	0.000909866
36.36	0.000906503
36.38	0.000902943
36.4	0.000899192
36.42	0.000895256
36.44	0.000891141
36.46	0.000886852
36.48	0.000882394
36.5	0.000877773
36.52	0.000872994
36.54	0.000868063
36.56	0.000862985
36.58	0.000857765
36.6	0.000852409
36.62	0.000846922
36.64	0.000841308
36.66	0.000835574
36.68	0.000829723
36.7	0.000823762
36.72	0.000817694
36.74	0.000811526
36.76	0.000805261
36.78	0.000798905
36.8	0.000792461
36.82	0.000785936
36.84	0.000779333
36.86	0.000772657
36.88	0.000765913
36.9	0.000759104
36.92	0.000752236
36.94	0.000745312
36.96	0.000738336
36.98	0.000731314
37	0.000724248
37.02	0.000717142
37.04	0.000710002
37.06	0.00070283
37.08	0.00069563
37.1	0.000688405
37.12	0.00068116
37.14	0.000673898
37.16	0.000666622
37.18	0.000659336
37.2	0.000652042
37.22	0.000644744
37.24	0.000637446
37.26	0.000630149
37.28	0.000622857
37.3	0.000615572
37.32	0.000608298
37.34	0.000601037
37.36	0.000593792
37.38	0.000586564
37.4	0.000579357
37.42	0.000572173
37.44	0.000565013
37.46	0.000557881
37.48	0.000550778
37.5	0.000543706
37.52	0.000536668
37.54	0.000529664
37.56	0.000522697
37.58	0.000515769
37.6	0.000508881
37.62	0.000502034
37.64	0.00049523
37.66	0.000488472
37.68	0.000481759
37.7	0.000475093
37.72	0.000468476
37.74	0.000461908
37.76	0.000455392
37.78	0.000448926
37.8	0.000442514
37.82	0.000436156
37.84	0.000429852
37.86	0.000423603
37.88	0.000417411
37.9	0.000411275
37.92	0.000405197
37.94	0.000399177
37.96	0.000393215
37.98	0.000387313
38	0.000381471
38.02	0.000375688
38.04	0.000369966
38.06	0.000364305
38.08	0.000358704
38.1	0.000353165
38.12	0.000347688
38.14	0.000342272
38.16	0.000336918
38.18	0.000331626
38.2	0.000326396
38.22	0.000321229
38.24	0.000316123
38.26	0.000311079
38.28	0.000306097
38.3	0.000301177
38.32	0.000296319
38.34	0.000291523
38.36	0.000286788
38.38	0.000282114
38.4	0.000277502
38.42	0.00027295
38.44	0.000268459
38.46	0.000264028
38.48	0.000259657
38.5	0.000255347
38.52	0.000251095
38.54	0.000246903
38.56	0.000242769
38.58	0.000238694
38.6	0.000234676
38.62	0.000230716
38.64	0.000226814
38.66	0.000222968
38.68	0.000219178
38.7	0.000215444
38.72	0.000211765
38.74	0.000208141
38.76	0.000204572
38.78	0.000201056
38.8	0.000197594
38.82	0.000194185
38.84	0.000190828
38.86	0.000187523
38.88	0.000184269
38.9	0.000181066
38.92	0.000177913
38.94	0.00017481
38.96	0.000171757
38.98	0.000168751
39	0.000165794
39.02	0.000162884
39.04	0.000160022
39.06	0.000157205
39.08	0.000154435
39.1	0.00015171
39.12	0.00014903
39.14	0.000146393
39.16	0.000143801
39.18	0.000141251
39.2	0.000138744
39.22	0.000136279
39.24	0.000133855
39.26	0.000131473
39.28	0.00012913
39.3	0.000126827
39.32	0.000124564
39.34	0.000122339
39.36	0.000120152
39.38	0.000118002
39.4	0.00011589
39.42	0.000113814
39.44	0.000111774
39.46	0.00010977
39.48	0.0001078
39.5	0.000105865
39.52	0.000103964
39.54	0.000102096
39.56	0.000100261
39.58	9.84585e-05
39.6	9.66876e-05
39.62	9.49481e-05
39.64	9.32395e-05
39.66	9.15613e-05
39.68	8.99129e-05
39.7	8.8294e-05
39.72	8.6704e-05
39.74	8.51425e-05
39.76	8.36091e-05
39.78	8.21032e-05
39.8	8.06244e-05
39.82	7.91723e-05
39.84	7.77464e-05
39.86	7.63464e-05
39.88	7.49716e-05
39.9	7.36219e-05
39.92	7.22966e-05
39.94	7.09955e-05
39.96	6.97181e-05
39.98	6.84639e-05
40	6.72327e-05
40.02	6.60239e-05
40.04	6.48373e-05
40.06	6.36724e-05
40.08	6.25288e-05
40.1	6.14063e-05
40.12	6.03043e-05
40.14	5.92226e-05
40.16	5.81608e-05
40.18	5.71186e-05
40.2	5.60956e-05
40.22	5.50914e-05
40.24	5.41057e-05
40.26	5.31382e-05
40.28	5.21886e-05
40.3	5.12566e-05
40.32	5.03417e-05
40.34	4.94438e-05
40.36	4.85625e-05
40.38	4.76975e-05
40.4	4.68486e-05
40.42	4.60153e-05
40.44	4.51975e-05
40.46	4.43948e-05
40.48	4.3607e-05
40.5	4.28339e-05
40.52	4.2075e-05
40.54	4.13302e-05
40.56	4.05992e-05
40.58	3.98818e-05
40.6	3.91777e-05
40.62	3.84866e-05
40.64	3.78084e-05
40.66	3.71427e-05
40.68	3.64893e-05
40.7	3.58481e-05
40.72	3.52188e-05
40.74	3.46011e-05
40.76	3.39948e-05
40.78	3.33998e-05
40.8	3.28158e-05
40.82	3.22426e-05
40.84	3.168e-05
40.86	3.11278e-05
40.88	3.05858e-05
40.9	3.00538e-05
40.92	2.95317e-05
40.94	2.90192e-05
40.96	2.85161e-05
40.98	2.80223e-05
41	2.75377e-05
41.02	2.70619e-05
41.04	2.6595e-05
41.06	2.61366e-05
41.08	2.56866e-05
41.1	2.5245e-05
41.12	2.48114e-05
41.14	2.43858e-05
41.16	2.3968e-05
41.18	2.35579e-05
41.2	2.31553e-05
41.22	2.276e-05
41.24	2.2372e-05
41.26	2.19911e-05
41.28	2.16171e-05
41.3	2.125e-05
41.32	2.08896e-05
41.34	2.05357e-05
41.36	2.01883e-05
41.38	1.98472e-05
41.4	1.95123e-05
41.42	1.91834e-05
41.44	1.88606e-05
41.46	1.85436e-05
41.48	1.82323e-05
41.5	1.79267e-05
41.52	1.76266e-05
41.54	1.73319e-05
41.56	1.70425e-05
41.58	1.67584e-05
41.6	1.64794e-05
41.62	1.62054e-05
41.64	1.59363e-05
41.66	1.5672e-05
41.68	1.54125e-05
41.7	1.51577e-05
41.72	1.49074e-05
41.74	1.46615e-05
41.76	1.44201e-05
41.78	1.4183e-05
41.8	1.39501e-05
41.82	1.37214e-05
41.84	1.34967e-05
41.86	1.3276e-05
41.88	1.30592e-05
41.9	1.28463e-05
41.92	1.26372e-05
41.94	1.24317e-05
41.96	1.22299e-05
41.98	1.20316e-05
42	1.18369e-05
42.02	1.16455e-05
42.04	1.14576e-05
42.06	1.12729e-05
42.08	1.10915e-05
42.1	1.09132e-05
42.12	1.07381e-05
42.14	1.0566e-05
42.16	1.0397e-05
42.18	1.02309e-05
42.2	1.00677e-05
42.22	9.9073e-06
42.24	9.74972e-06
42.26	9.59487e-06
42.28	9.44271e-06
42.3	9.29319e-06
42.32	9.14625e-06
42.34	9.00185e-06
42.36	8.85995e-06
42.38	8.72049e-06
42.4	8.58344e-06
42.42	8.44874e-06
42.44	8.31636e-06
42.46	8.18625e-06
42.48	8.05837e-06
42.5	7.93269e-06
42.52	7.80915e-06
42.54	7.68772e-06
42.56	7.56836e-06
42.58	7.45104e-06
42.6	7.33571e-06
42.62	7.22235e-06
42.64	7.11091e-06
42.66	7.00136e-06
42.68	6.89367e-06
42.7	6.7878e-06
42.72	6.68372e-06
42.74	6.5814e-06
42.76	6.4808e-06
42.78	6.38189e-06
42.8	6.28465e-06
42.82	6.18905e-06
42.84	6.09505e-06
42.86	6.00262e-06
42.88	5.91174e-06
42.9	5.82238e-06
42.92	5.73452e-06
42.94	5.64811e-06
42.96	5.56315e-06
42.98	5.47961e-06
43	5.39745e-06
43.02	5.31665e-06
43.04	5.2372e-06
43.06	5.15906e-06
43.08	5.08222e-06
43.1	5.00664e-06
43.12	4.93231e-06
43.14	4.85921e-06
43.16	4.78731e-06
43.18	4.7166e-06
43.2	4.64704e-06
43.22	4.57863e-06
43.24	4.51133e-06
43.26	4.44514e-06
43.28	4.38004e-06
43.3	4.31599e-06
43.32	4.25299e-06
43.34	4.19101e-06
43.36	4.13005e-06
43.38	4.07007e-06
43.4	4.01107e-06
43.42	3.95303e-06
43.44	3.89592e-06
43.46	3.83974e-06
43.48	3.78447e-06
43.5	3.73009e-06
43.52	3.67658e-06
43.54	3.62394e-06
43.56	3.57214e-06
43.58	3.52118e-06
43.6	3.47103e-06
43.62	3.42169e-06
43.64	3.37313e-06
43.66	3.32535e-06
43.68	3.27834e-06
43.7	3.23207e-06
43.72	3.18655e-06
43.74	3.14174e-06
43.76	3.09765e-06
43.78	3.05426e-06
43.8	3.01156e-06
43.82	2.96953e-06
43.84	2.92817e-06
43.86	2.88746e-06
43.88	2.84739e-06
43.9	2.80796e-06
43.92	2.76914e-06
43.94	2.73094e-06
43.96	2.69334e-06
43.98	2.65632e-06
44	2.61989e-06
44.02	2.58403e-06
44.04	2.54872e-06
44.06	2.51397e-06
44.08	2.47976e-06
44.1	2.44609e-06
44.12	2.41293e-06
44.14	2.3803e-06
44.16	2.34817e-06
44.18	2.31653e-06
44.2	2.28539e-06
44.22	2.25473e-06
44.24	2.22454e-06
44.26	2.19482e-06
44.28	2.16556e-06
44.3	2.13675e-06
44.32	2.10838e-06
44.34	2.08045e-06
44.36	2.05294e-06
44.38	2.02586e-06
44.4	1.99919e-06
44.42	1.97293e-06
44.44	1.94707e-06
44.46	1.92161e-06
44.48	1.89653e-06
44.5	1.87184e-06
44.52	1.84752e-06
44.54	1.82357e-06
44.56	1.79998e-06
44.58	1.77675e-06
44.6	1.75388e-06
44.62	1.73134e-06
44.64	1.70915e-06
44.66	1.6873e-06
44.68	1.66577e-06
44.7	1.64457e-06
44.72	1.62368e-06
44.74	1.60311e-06
44.76	1.58285e-06
44.78	1.56289e-06
44.8	1.54323e-06
44.82	1.52386e-06
44.84	1.50478e-06
44.86	1.48599e-06
44.88	1.46748e-06
44.9	1.44924e-06
44.92	1.43127e-06
44.94	1.41357e-06
44.96	1.39613e-06
44.98	1.37895e-06
45	1.36202e-06
45.02	1.34535e-06
45.04	1.32891e-06
45.06	1.31272e-06
45.08	1.29677e-06
45.1	1.28106e-06
45.12	1.26557e-06
45.14	1.25031e-06
45.16	1.23528e-06
45.18	1.22046e-06
45.2	1.20586e-06
45.22	1.19148e-06
45.24	1.1773e-06
45.26	1.16333e-06
45.28	1.14956e-06
45.3	1.136e-06
45.32	1.12263e-06
45.34	1.10945e-06
45.36	1.09646e-06
45.38	1.08367e-06
45.4	1.07105e-06
45.42	1.05862e-06
45.44	1.04637e-06
45.46	1.03429e-06
45.48	1.02239e-06
45.5	1.01066e-06
45.52	9.99097e-07
45.54	9.87699e-07
45.56	9.76463e-07
45.58	9.65389e-07
45.6	9.54472e-07
45.62	9.43711e-07
45.64	9.33103e-07
45.66	9.22645e-07
45.68	9.12336e-07
45.7	9.02173e-07
45.72	8.92154e-07
45.74	8.82277e-07
45.76	8.72539e-07
45.78	8.62938e-07
45.8	8.53473e-07
45.82	8.44141e-07
45.84	8.3494e-07
45.86	8.25869e-07
45.88	8.16924e-07
45.9	8.08105e-07
45.92	7.99409e-07
45.94	7.90835e-07
45.96	7.82381e-07
45.98	7.74044e-07
46	7.65823e-07
46.02	7.57717e-07
46.04	7.49724e-07
46.06	7.41841e-07
46.08	7.34067e-07
46.1	7.26402e-07
46.12	7.18842e-07
46.14	7.11387e-07
46.16	7.04034e-07
46.18	6.96783e-07
46.2	6.89632e-07
46.22	6.82579e-07
46.24	6.75623e-07
46.26	6.68762e-07
46.28	6.61996e-07
46.3	6.55322e-07
46.32	6.48739e-07
46.34	6.42247e-07
46.36	6.35843e-07
46.38	6.29526e-07
46.4	6.23295e-07
46.42	6.1715e-07
46.44	6.11087e-07
46.46	6.05107e-07
46.48	5.99208e-07
46.5	5.93389e-07
46.52	5.87649e-07
46.54	5.81986e-07
46.56	5.764e-07
46.58	5.70889e-07
46.6	5.65453e-07
46.62	5.6009e-07
46.64	5.54799e-07
46.66	5.49579e-07
46.68	5.44429e-07
46.7	5.39348e-07
46.72	5.34336e-07
46.74	5.2939e-07
46.76	5.24511e-07
46.78	5.19697e-07
46.8	5.14947e-07
46.82	5.10261e-07
46.84	5.05637e-07
46.86	5.01074e-07
46.88	4.96573e-07
46.9	4.92131e-07
46.92	4.87748e-07
46.94	4.83424e-07
46.96	4.79157e-07
46.98	4.74946e-07
47	4.70791e-07
47.02	4.66691e-07
47.04	4.62646e-07
47.06	4.58654e-07
47.08	4.54714e-07
47.1	4.50827e-07
47.12	4.46991e-07
47.14	4.43205e-07
47.16	4.3947e-07
47.18	4.35783e-07
47.2	4.32145e-07
47.22	4.28555e-07
47.24	4.25012e-07
47.26	4.21516e-07
47.28	4.18065e-07
47.3	4.1466e-07
47.32	4.11299e-07
47.34	4.07983e-07
47.36	4.0471e-07
47.38	4.01479e-07
47.4	3.98291e-07
47.42	3.95145e-07
47.44	3.9204e-07
47.46	3.88976e-07
47.48	3.85951e-07
47.5	3.82966e-07
47.52	3.80021e-07
47.54	3.77113e-07
47.56	3.74244e-07
47.58	3.71412e-07
47.6	3.68617e-07
47.62	3.65858e-07
47.64	3.63136e-07
47.66	3.60449e-07
47.68	3.57797e-07
47.7	3.5518e-07
47.72	3.52597e-07
47.74	3.50047e-07
47.76	3.47531e-07
47.78	3.45048e-07
47.8	3.42597e-07
47.82	3.40179e-07
47.84	3.37791e-07
47.86	3.35435e-07
47.88	3.3311e-07
47.9	3.30815e-07
47.92	3.28551e-07
47.94	3.26316e-07
47.96	3.2411e-07
47.98	3.21933e-07
48	3.19784e-07
48.02	3.17664e-07
48.04	3.15572e-07
48.06	3.13507e-07
48.08	3.11469e-07
48.1	3.09458e-07
48.12	3.07474e-07
48.14	3.05516e-07
48.16	3.03583e-07
48.18	3.01676e-07
48.2	2.99795e-07
48.22	2.97938e-07
48.24	2.96106e-07
48.26	2.94298e-07
48.28	2.92514e-07
48.3	2.90754e-07
48.32	2.89017e-07
48.34	2.87304e-07
48.36	2.85613e-07
48.38	2.83946e-07
48.4	2.823e-07
48.42	2.80677e-07
48.44	2.79075e-07
48.46	2.77495e-07
48.48	2.75937e-07
48.5	2.74399e-07
48.52	2.72883e-07
48.54	2.71387e-07
48.56	2.69911e-07
48.58	2.68456e-07
48.6	2.67021e-07
48.62	2.65605e-07
48.64	2.64209e-07
48.66	2.62832e-07
48.68	2.61475e-07
48.7	2.60136e-07
48.72	2.58816e-07
48.74	2.57514e-07
48.76	2.56231e-07
48.78	2.54965e-07
48.8	2.53718e-07
48.82	2.52488e-07
48.84	2.51276e-07
48.86	2.50081e-07
48.88	2.48904e-07
48.9	2.47743e-07
48.92	2.46599e-07
48.94	2.45472e-07
48.96	2.44361e-07
48.98	2.43267e-07
49	2.42189e-07
49.02	2.41127e-07
49.04	2.4008e-07
49.06	2.3905e-07
49.08	2.38035e-07
49.1	2.37035e-07
49.12	2.3605e-07
49.14	2.35081e-07
49.16	2.34127e-07
49.18	2.33187e-07
49.2	2.32262e-07
49.22	2.31352e-07
49.24	2.30456e-07
49.26	2.29575e-07
49.28	2.28708e-07
49.3	2.27854e-07
49.32	2.27015e-07
49.34	2.2619e-07
49.36	2.25378e-07
49.38	2.2458e-07
49.4	2.23795e-07
49.42	2.23024e-07
49.44	2.22266e-07
49.46	2.21521e-07
49.48	2.20789e-07
49.5	2.2007e-07
49.52	2.19365e-07
49.54	2.18672e-07
49.56	2.17991e-07
49.58	2.17323e-07
49.6	2.16668e-07
49.62	2.16025e-07
49.64	2.15395e-07
49.66	2.14776e-07
49.68	2.1417e-07
49.7	2.13576e-07
49.72	2.12995e-07
49.74	2.12425e-07
49.76	2.11867e-07
49.78	2.1132e-07
49.8	2.10786e-07
49.82	2.10263e-07
49.84	2.09752e-07
49.86	2.09252e-07
49.88	2.08764e-07
49.9	2.08287e-07
49.92	2.07822e-07
49.94	2.07368e-07
49.96	2.06925e-07
49.98	2.06494e-07
50	2.06073e-07
50.02	2.05664e-07
50.04	2.05266e-07
50.06	2.04879e-07
50.08	2.04503e-07
50.1	2.04138e-07
50.12	2.03783e-07
50.14	2.0344e-07
50.16	2.03108e-07
50.18	2.02786e-07
50.2	2.02475e-07
50.22	2.02175e-07
50.24	2.01886e-07
50.26	2.01608e-07
50.28	2.0134e-07
50.3	2.01083e-07
50.32	2.00837e-07
50.34	2.00601e-07
50.36	2.00376e-07
50.38	2.00161e-07
50.4	1.99958e-07
50.42	1.99764e-07
50.44	1.99582e-07
50.46	1.9941e-07
50.48	1.99249e-07
50.5	1.99098e-07
50.52	1.98958e-07
50.54	1.98829e-07
50.56	1.9871e-07
50.58	1.98602e-07
50.6	1.98505e-07
50.62	1.98418e-07
50.64	1.98342e-07
50.66	1.98277e-07
50.68	1.98223e-07
50.7	1.98179e-07
50.72	1.98146e-07
50.74	1.98124e-07
50.76	1.98113e-07
50.78	1.98113e-07
50.8	1.98124e-07
50.82	1.98146e-07
50.84	1.98179e-07
50.86	1.98223e-07
50.88	1.98279e-07
50.9	1.98345e-07
50.92	1.98423e-07
50.94	1.98512e-07
50.96	1.98613e-07
50.98	1.98725e-07
51	1.98848e-07
51.02	1.98983e-07
51.04	1.9913e-07
51.06	1.99289e-07
51.08	1.9946e-07
51.1	1.99642e-07
51.12	1.99837e-07
51.14	2.00044e-07
51.16	2.00263e-07
51.18	2.00494e-07
51.2	2.00738e-07
51.22	2.00995e-07
51.24	2.01264e-07
51.26	2.01546e-07
51.28	2.01842e-07
51.3	2.0215e-07
51.32	2.02472e-07
51.34	2.02807e-07
51.36	2.03156e-07
51.38	2.03518e-07
51.4	2.03894e-07
51.42	2.04285e-07
51.44	2.0469e-07
51.46	2.05109e-07
51.48	2.05543e-07
51.5	2.05992e-07
51.52	2.06456e-07
51.54	2.06935e-07
51.56	2.0743e-07
51.58	2.07941e-07
51.6	2.08468e-07
51.62	2.09011e-07
51.64	2.0957e-07
51.66	2.10147e-07
51.68	2.10741e-07
51.7	2.11352e-07
51.72	2.11981e-07
51.74	2.12628e-07
51.76	2.13294e-07
51.78	2.13979e-07
51.8	2.14682e-07
51.82	2.15406e-07
51.84	2.16149e-07
51.86	2.16913e-07
51.88	2.17698e-07
51.9	2.18505e-07
51.92	2.19333e-07
51.94	2.20184e-07
51.96	2.21058e-07
51.98	2.21956e-07
52	2.22877e-07
52.02	2.23824e-07
52.04	2.24796e-07
52.06	2.25794e-07
52.08	2.2682e-07
52.1	2.27873e-07
52.12	2.28955e-07
52.14	2.30066e-07
52.16	2.31207e-07
52.18	2.32381e-07
52.2	2.33586e-07
52.22	2.34825e-07
52.24	2.36099e-07
52.26	2.37409e-07
52.28	2.38757e-07
52.3	2.40144e-07
52.32	2.41571e-07
52.34	2.4304e-07
52.36	2.44553e-07
52.38	2.46112e-07
52.4	2.4772e-07
52.42	2.49378e-07
52.44	2.51089e-07
52.46	2.52856e-07
52.48	2.54682e-07
52.5	2.5657e-07
52.52	2.58525e-07
52.54	2.60549e-07
52.56	2.62649e-07
52.58	2.6483e-07
52.6	2.67096e-07
52.62	2.69456e-07
52.64	2.71918e-07
52.66	2.7449e-07
52.68	2.77185e-07
52.7	2.80014e-07
52.72	2.82994e-07
52.74	2.86145e-07
52.76	2.89491e-07
52.78	2.93065e-07
52.8	2.9691e-07
52.82	3.01087e-07
52.84	3.05681e-07
52.86	3.1083e-07
52.88	3.16764e-07
52.9	3.23932e-07
52.92	3.33351e-07
52.94	3.47814e-07
52.96	3.76303e-07
52.98	4.56131e-07
53	6.84685e-07
53.02	1.24428e-06
53.04	2.54608e-06
53.06	5.3562e-06
53.08	1.07275e-05
53.1	2.00291e-05
53.12	3.5138e-05
53.14	5.81341e-05
53.16	9.03715e-05
53.18	0.000131557
53.2	0.000179362
53.22	0.000230219
53.24	0.00028083
53.26	0.000328954
53.28	0.000373326
53.3	0.000413374
53.32	0.000449036
53.34	0.000480642
53.36	0.000508735
53.38	0.00053391
53.4	0.000556708
53.42	0.00057758
53.44	0.000596885
53.46	0.000614896
53.48	0.000631824
53.5	0.000647824
53.52	0.000663015
53.54	0.000677483
53.56	0.000691291
53.58	0.000704487
53.6	0.000717105
53.62	0.00072917
53.64	0.000740702
53.66	0.000751716
53.68	0.000762225
53.7	0.000772241
53.72	0.000781772
53.74	0.000790829
53.76	0.00079942
53.78	0.000807555
53.8	0.000815241
53.82	0.000822489
53.84	0.000829306
53.86	0.000835702
53.88	0.000841685
53.9	0.000847264
53.92	0.000852449
53.94	0.000857246
53.96	0.000861667
53.98	0.000865717
54	0.000869407
54.02	0.000872744
54.04	0.000875736
54.06	0.000878391
54.08	0.000880717
54.1	0.000882721
54.12	0.00088441
54.14	0.000885792
54.16	0.000886874
54.18	0.000887662
54.2	0.000888164
54.22	0.000888386
54.24	0.000888335
54.26	0.000888016
54.28	0.000887437
54.3	0.000886604
54.32	0.000885522
54.34	0.000884198
54.36	0.000882638
54.38	0.000880847
54.4	0.000878832
54.42	0.000876598
54.44	0.00087415
54.46	0.000871495
54.48	0.000868638
54.5	0.000865584
54.52	0.00086234
54.54	0.000858909
54.56	0.000855299
54.58	0.000851513
54.6	0.000847558
54.62	0.000843438
54.64	0.00083916
54.66	0.000834727
54.68	0.000830145
54.7	0.00082542
54.72	0.000820556
54.74	0.000815558
54.76	0.000810431
54.78	0.000805181
54.8	0.000799812
54.82	0.000794329
54.84	0.000788736
54.86	0.000783039
54.88	0.000777242
54.9	0.00077135
54.92	0.000765368
54.94	0.000759299
54.96	0.000753149
54.98	0.000746921
55	0.000740621
55.02	0.000734252
55.04	0.000727819
55.06	0.000721326
55.08	0.000714777
55.1	0.000708176
55.12	0.000701527
55.14	0.000694833
55.16	0.0006881
55.18	0.000681329
55.2	0.000674526
55.22	0.000667694
55.24	0.000660836
55.26	0.000653956
55.28	0.000647057
55.3	0.000640142
55.32	0.000633215
55.34	0.000626278
55.36	0.000619336
55.38	0.00061239
55.4	0.000605444
55.42	0.0005985
55.44	0.000591562
55.46	0.000584631
55.48	0.000577711
55.5	0.000570804
55.52	0.000563912
55.54	0.000557038
55.56	0.000550184
55.58	0.000543352
55.6	0.000536544
55.62	0.000529763
55.64	0.00052301
55.66	0.000516287
55.68	0.000509597
55.7	0.00050294
55.72	0.000496318
55.74	0.000489733
55.76	0.000483187
55.78	0.000476682
55.8	0.000470217
55.82	0.000463795
55.84	0.000457418
55.86	0.000451085
55.88	0.0004448
55.9	0.000438561
55.92	0.000432371
55.94	0.000426231
55.96	0.000420141
55.98	0.000414103
56	0.000408117
56.02	0.000402183
56.04	0.000396304
56.06	0.000390478
56.08	0.000384708
56.1	0.000378992
56.12	0.000373333
56.14	0.000367731
56.16	0.000362185
56.18	0.000356696
56.2	0.000351265
56.22	0.000345892
56.24	0.000340578
56.26	0.000335321
56.28	0.000330123
56.3	0.000324984
56.32	0.000319904
56.34	0.000314883
56.36	0.000309921
56.38	0.000305018
56.4	0.000300174
56.42	0.000295389
56.44	0.000290663
56.46	0.000285995
56.48	0.000281387
56.5	0.000276837
56.52	0.000272346
56.54	0.000267913
56.56	0.000263538
56.58	0.000259221
56.6	0.000254961
56.62	0.000250759
56.64	0.000246614
56.66	0.000242526
56.68	0.000238494
56.7	0.000234518
56.72	0.000230598
56.74	0.000226734
56.76	0.000222924
56.78	0.000219169
56.8	0.000215469
56.82	0.000211822
56.84	0.000208228
56.86	0.000204688
56.88	0.000201199
56.9	0.000197763
56.92	0.000194379
56.94	0.000191046
56.96	0.000187763
56.98	0.00018453
57	0.000181347
57.02	0.000178214
57.04	0.000175129
57.06	0.000172092
57.08	0.000169103
57.1	0.00016616
57.12	0.000163265
57.14	0.000160416
57.16	0.000157612
57.18	0.000154853
57.2	0.000152139
57.22	0.000149468
57.24	0.000146841
57.26	0.000144257
57.28	0.000141716
57.3	0.000139216
57.32	0.000136758
57.34	0.00013434
57.36	0.000131963
57.38	0.000129625
57.4	0.000127327
57.42	0.000125067
57.44	0.000122846
57.46	0.000120662
57.48	0.000118515
57.5	0.000116405
57.52	0.000114331
57.54	0.000112293
57.56	0.000110289
57.58	0.00010832
57.6	0.000106386
57.62	0.000104484
57.64	0.000102616
57.66	0.00010078
57.68	9.89768e-05
57.7	9.72048e-05
57.72	9.5464e-05
57.74	9.37537e-05
57.76	9.20736e-05
57.78	9.04231e-05
57.8	8.88019e-05
57.82	8.72095e-05
57.84	8.56453e-05
57.86	8.4109e-05
57.88	8.26001e-05
57.9	8.11182e-05
57.92	7.96628e-05
57.94	7.82336e-05
57.96	7.68299e-05
57.98	7.54516e-05
58	7.4098e-05
58.02	7.27689e-05
58.04	7.14638e-05
58.06	7.01823e-05
58.08	6.8924e-05
58.1	6.76886e-05
58.12	6.64756e-05
58.14	6.52846e-05
58.16	6.41153e-05
58.18	6.29673e-05
58.2	6.18403e-05
58.22	6.07338e-05
58.24	5.96476e-05
58.26	5.85812e-05
58.28	5.75343e-05
58.3	5.65066e-05
58.32	5.54978e-05
58.34	5.45074e-05
58.36	5.35352e-05
58.38	5.25809e-05
58.4	5.16442e-05
58.42	5.07246e-05
58.44	4.9822e-05
58.46	4.8936e-05
58.48	4.80663e-05
58.5	4.72127e-05
58.52	4.63748e-05
58.54	4.55523e-05
58.56	4.4745e-05
58.58	4.39526e-05
58.6	4.31748e-05
58.62	4.24113e-05
58.64	4.1662e-05
58.66	4.09265e-05
58.68	4.02046e-05
58.7	3.9496e-05
58.72	3.88004e-05
58.74	3.81178e-05
58.76	3.74477e-05
58.78	3.679e-05
58.8	3.61444e-05
58.82	3.55108e-05
58.84	3.48889e-05
58.86	3.42784e-05
58.88	3.36792e-05
58.9	3.3091e-05
58.92	3.25137e-05
58.94	3.19471e-05
58.96	3.13909e-05
58.98	3.08449e-05
59	3.0309e-05
59.02	2.97829e-05
59.04	2.92666e-05
59.06	2.87597e-05
59.08	2.82622e-05
59.1	2.77738e-05
59.12	2.72943e-05
59.14	2.68237e-05
59.16	2.63617e-05
59.18	2.59082e-05
59.2	2.5463e-05
59.22	2.5026e-05
59.24	2.4597e-05
59.26	2.41758e-05
59.28	2.37623e-05
59.3	2.33564e-05
59.32	2.29578e-05
59.34	2.25666e-05
59.36	2.21825e-05
59.38	2.18054e-05
59.4	2.14351e-05
59.42	2.10716e-05
59.44	2.07147e-05
59.46	2.03643e-05
59.48	2.00203e-05
59.5	1.96825e-05
59.52	1.93508e-05
59.54	1.90251e-05
59.56	1.87053e-05
59.58	1.83913e-05
59.6	1.8083e-05
59.62	1.77802e-05
59.64	1.74829e-05
59.66	1.71909e-05
59.68	1.69042e-05
59.7	1.66226e-05
59.72	1.63461e-05
59.74	1.60746e-05
59.76	1.58079e-05
59.78	1.5546e-05
59.8	1.52888e-05
59.82	1.50362e-05
59.84	1.47881e-05
59.86	1.45444e-05
59.88	1.43051e-05
59.9	1.407e-05
59.92	1.38391e-05
59.94	1.36123e-05
59.96	1.33896e-05
59.98	1.31707e-05
60	1.29558e-05
60.02	1.27446e-05
60.04	1.25372e-05
60.06	1.23335e-05
60.08	1.21333e-05
60.1	1.19366e-05
60.12	1.17435e-05
60.14	1.15537e-05
60.16	1.13672e-05
60.18	1.1184e-05
60.2	1.1004e-05
60.22	1.08272e-05
60.24	1.06534e-05
60.26	1.04827e-05
60.28	1.0315e-05
60.3	1.01501e-05
60.32	9.98819e-06
60.34	9.82904e-06
60.36	9.67265e-06
60.38	9.51897e-06
60.4	9.36795e-06
60.42	9.21954e-06
60.44	9.07369e-06
60.46	8.93036e-06
60.48	8.7895e-06
60.5	8.65106e-06
60.52	8.515e-06
60.54	8.38127e-06
60.56	8.24984e-06
60.58	8.12066e-06
60.6	7.99368e-06
60.62	7.86888e-06
60.64	7.74621e-06
60.66	7.62563e-06
60.68	7.5071e-06
60.7	7.39058e-06
60.72	7.27605e-06
60.74	7.16346e-06
60.76	7.05277e-06
60.78	6.94396e-06
60.8	6.83699e-06
60.82	6.73183e-06
60.84	6.62844e-06
60.86	6.52679e-06
60.88	6.42685e-06
60.9	6.32859e-06
60.92	6.23198e-06
60.94	6.13699e-06
60.96	6.04359e-06
60.98	5.95175e-06
61	5.86145e-06
61.02	5.77265e-06
61.04	5.68534e-06
61.06	5.59947e-06
61.08	5.51504e-06
61.1	5.432e-06
61.12	5.35035e-06
61.14	5.27005e-06
61.16	5.19107e-06
61.18	5.1134e-06
61.2	5.03702e-06
61.22	4.96189e-06
61.24	4.888e-06
61.26	4.81533e-06
61.28	4.74385e-06
61.3	4.67354e-06
61.32	4.60439e-06
61.34	4.53636e-06
61.36	4.46946e-06
61.38	4.40364e-06
61.4	4.3389e-06
61.42	4.27521e-06
61.44	4.21256e-06
61.46	4.15093e-06
61.48	4.09029e-06
61.5	4.03064e-06
61.52	3.97196e-06
61.54	3.91423e-06
61.56	3.85743e-06
61.58	3.80155e-06
61.6	3.74657e-06
61.62	3.69247e-06
61.64	3.63925e-06
61.66	3.58687e-06
61.68	3.53534e-06
61.7	3.48464e-06
61.72	3.43475e-06
61.74	3.38565e-06
61.76	3.33734e-06
61.78	3.2898e-06
61.8	3.24302e-06
61.82	3.19698e-06
61.84	3.15168e-06
61.86	3.10709e-06
61.88	3.06321e-06
61.9	3.02003e-06
61.92	2.97752e-06
61.94	2.93569e-06
61.96	2.89453e-06
61.98	2.85401e-06
62	2.81412e-06
62.02	2.77487e-06
62.04	2.73623e-06
62.06	2.6982e-06
62.08	2.66076e-06
62.1	2.62391e-06
62.12	2.58764e-06
62.14	2.55194e-06
62.16	2.51679e-06
62.18	2.48218e-06
62.2	2.44812e-06
62.22	2.41459e-06
62.24	2.38157e-06
62.26	2.34907e-06
62.28	2.31707e-06
62.3	2.28557e-06
62.32	2.25456e-06
62.34	2.22402e-06
62.36	2.19395e-06
62.38	2.16435e-06
62.4	2.1352e-06
62.42	2.1065e-06
62.44	2.07824e-06
62.46	2.05041e-06
62.48	2.02301e-06
62.5	1.99603e-06
62.52	1.96946e-06
62.54	1.9433e-06
62.56	1.91753e-06
62.58	1.89216e-06
62.6	1.86717e-06
62.62	1.84256e-06
62.64	1.81833e-06
62.66	1.79446e-06
62.68	1.77096e-06
62.7	1.7478e-06
62.72	1.725e-06
62.74	1.70255e-06
62.76	1.68043e-06
62.78	1.65864e-06
62.8	1.63718e-06
62.82	1.61604e-06
62.84	1.59522e-06
62.86	1.57471e-06
62.88	1.55451e-06
62.9	1.53461e-06
62.92	1.51501e-06
62.94	1.4957e-06
62.96	1.47668e-06
62.98	1.45793e-06
63	1.43947e-06
63.02	1.42128e-06
63.04	1.40336e-06
63.06	1.38571e-06
63.08	1.36831e-06
63.1	1.35118e-06
63.12	1.33429e-06
63.14	1.31766e-06
63.16	1.30127e-06
63.18	1.28511e-06
63.2	1.2692e-06
63.22	1.25352e-06
63.24	1.23807e-06
63.26	1.22284e-06
63.28	1.20784e-06
63.3	1.19305e-06
63.32	1.17849e-06
63.34	1.16413e-06
63.36	1.14998e-06
63.38	1.13603e-06
63.4	1.12229e-06
63.42	1.10875e-06
63.44	1.0954e-06
63.46	1.08225e-06
63.48	1.06928e-06
63.5	1.05651e-06
63.52	1.04391e-06
63.54	1.0315e-06
63.56	1.01926e-06
63.58	1.0072e-06
63.6	9.95314e-07
63.62	9.83596e-07
63.64	9.72046e-07
63.66	9.6066e-07
63.68	9.49437e-07
63.7	9.38372e-07
63.72	9.27465e-07
63.74	9.16713e-07
63.76	9.06113e-07
63.78	8.95663e-07
63.8	8.85361e-07
63.82	8.75204e-07
63.84	8.6519e-07
63.86	8.55316e-07
63.88	8.45582e-07
63.9	8.35984e-07
63.92	8.26521e-07
63.94	8.17191e-07
63.96	8.0799e-07
63.98	7.98919e-07
64	7.89973e-07
64.02	7.81153e-07
64.04	7.72455e-07
64.06	7.63877e-07
64.08	7.55419e-07
64.1	7.47078e-07
64.12	7.38853e-07
64.14	7.30741e-07
64.16	7.22741e-07
64.18	7.14851e-07
64.2	7.0707e-07
64.22	6.99396e-07
64.24	6.91827e-07
64.26	6.84362e-07
64.28	6.76999e-07
64.3	6.69737e-07
64.32	6.62574e-07
64.34	6.55509e-07
64.36	6.4854e-07
64.38	6.41666e-07
64.4	6.34886e-07
64.42	6.28197e-07
64.44	6.21599e-07
64.46	6.15091e-07
64.48	6.0867e-07
64.5	6.02336e-07
64.52	5.96088e-07
64.54	5.89923e-07
64.56	5.83842e-07
64.58	5.77842e-07
64.6	5.71923e-07
64.62	5.66083e-07
64.64	5.60321e-07
64.66	5.54637e-07
64.68	5.49028e-07
64.7	5.43494e-07
64.72	5.38034e-07
64.74	5.32646e-07
64.76	5.2733e-07
64.78	5.22084e-07
64.8	5.16908e-07
64.82	5.118e-07
64.84	5.0676e-07
64.86	5.01787e-07
64.88	4.96879e-07
64.9	4.92035e-07
64.92	4.87256e-07
64.94	4.82539e-07
64.96	4.77884e-07
64.98	4.7329e-07
65	4.68756e-07
65.02	4.64281e-07
65.04	4.59865e-07
65.06	4.55506e-07
65.08	4.51204e-07
65.1	4.46958e-07
65.12	4.42767e-07
65.14	4.38631e-07
65.16	4.34548e-07
65.18	4.30518e-07
65.2	4.2654e-07
65.22	4.22614e-07
65.24	4.18738e-07
65.26	4.14912e-07
65.28	4.11136e-07
65.3	4.07407e-07
65.32	4.03727e-07
65.34	4.00094e-07
65.36	3.96507e-07
65.38	3.92967e-07
65.4	3.89471e-07
65.42	3.86021e-07
65.44	3.82614e-07
65.46	3.7925e-07
65.48	3.7593e-07
65.5	3.72651e-07
65.52	3.69415e-07
65.54	3.66219e-07
65.56	3.63063e-07
65.58	3.59948e-07
65.6	3.56872e-07
65.62	3.53835e-07
65.64	3.50836e-07
65.66	3.47875e-07
65.68	3.44951e-07
65.7	3.42064e-07
65.72	3.39213e-07
65.74	3.36398e-07
65.76	3.33618e-07
65.78	3.30873e-07
65.8	3.28162e-07
65.82	3.25486e-07
65.84	3.22842e-07
65.86	3.20232e-07
65.88	3.17654e-07
65.9	3.15108e-07
65.92	3.12594e-07
65.94	3.10111e-07
65.96	3.07659e-07
65.98	3.05237e-07
66	3.02845e-07
66.02	3.00483e-07
66.04	2.9815e-07
66.06	2.95846e-07
66.08	2.93571e-07
66.1	2.91323e-07
66.12	2.89103e-07
66.14	2.86911e-07
66.16	2.84745e-07
66.18	2.82606e-07
66.2	2.80493e-07
66.22	2.78407e-07
66.24	2.76346e-07
66.26	2.7431e-07
66.28	2.72299e-07
66.3	2.70312e-07
66.32	2.6835e-07
66.34	2.66412e-07
66.36	2.64498e-07
66.38	2.62607e-07
66.4	2.60739e-07
66.42	2.58894e-07
66.44	2.57071e-07
66.46	2.55271e-07
66.48	2.53492e-07
66.5	2.51735e-07
66.52	2.5e-07
66.54	2.48285e-07
66.56	2.46592e-07
66.58	2.44919e-07
66.6	2.43266e-07
66.62	2.41633e-07
66.64	2.4002e-07
66.66	2.38427e-07
66.68	2.36853e-07
66.7	2.35298e-07
66.72	2.33762e-07
66.74	2.32244e-07
66.76	2.30745e-07
66.78	2.29264e-07
66.8	2.27801e-07
66.82	2.26356e-07
66.84	2.24928e-07
66.86	2.23517e-07
66.88	2.22124e-07
66.9	2.20747e-07
66.92	2.19387e-07
66.94	2.18043e-07
66.96	2.16716e-07
66.98	2.15405e-07
67	2.1411e-07
67.02	2.1283e-07
67.04	2.11566e-07
67.06	2.10317e-07
67.08	2.09083e-07
67.1	2.07864e-07
67.12	2.0666e-07
67.14	2.0547e-07
67.16	2.04295e-07
67.18	2.03135e-07
67.2	2.01988e-07
67.22	2.00855e-07
67.24	1.99736e-07
67.26	1.98631e-07
67.28	1.97539e-07
67.3	1.9646e-07
67.32	1.95395e-07
67.34	1.94342e-07
67.36	1.93302e-07
67.38	1.92275e-07
67.4	1.91261e-07
67.42	1.90259e-07
67.44	1.89269e-07
67.46	1.88291e-07
67.48	1.87326e-07
67.5	1.86372e-07
67.52	1.8543e-07
67.54	1.845e-07
67.56	1.83581e-07
67.58	1.82673e-07
67.6	1.81777e-07
67.62	1.80891e-07
67.64	1.80017e-07
67.66	1.79154e-07
67.68	1.78301e-07
67.7	1.77459e-07
67.72	1.76628e-07
67.74	1.75807e-07
67.76	1.74996e-07
67.78	1.74195e-07
67.8	1.73405e-07
67.82	1.72624e-07
67.84	1.71853e-07
67.86	1.71092e-07
67.88	1.70341e-07
67.9	1.696e-07
67.92	1.68867e-07
67.94	1.68145e-07
67.96	1.67431e-07
67.98	1.66727e-07
68	1.66031e-07
68.02	1.65345e-07
68.04	1.64668e-07
68.06	1.63999e-07
68.08	1.63339e-07
68.1	1.62688e-07
68.12	1.62046e-07
68.14	1.61412e-07
68.16	1.60786e-07
68.18	1.60169e-07
68.2	1.5956e-07
68.22	1.58959e-07
68.24	1.58366e-07
68.26	1.57781e-07
68.28	1.57204e-07
68.3	1.56635e-07
68.32	1.56074e-07
68.34	1.5552e-07
68.36	1.54974e-07
68.38	1.54436e-07
68.4	1.53905e-07
68.42	1.53382e-07
68.44	1.52866e-07
68.46	1.52357e-07
68.48	1.51856e-07
68.5	1.51362e-07
68.52	1.50875e-07
68.54	1.50395e-07
68.56	1.49922e-07
68.58	1.49456e-07
68.6	1.48997e-07
68.62	1.48544e-07
68.64	1.48099e-07
68.66	1.4766e-07
68.68	1.47228e-07
68.7	1.46803e-07
68.72	1.46384e-07
68.74	1.45971e-07
68.76	1.45565e-07
68.78	1.45166e-07
68.8	1.44773e-07
68.82	1.44386e-07
68.84	1.44005e-07
68.86	1.43631e-07
68.88	1.43263e-07
68.9	1.42901e-07
68.92	1.42545e-07
68.94	1.42195e-07
68.96	1.41851e-07
68.98	1.41513e-07
69	1.41181e-07
69.02	1.40855e-07
69.04	1.40534e-07
69.06	1.4022e-07
69.08	1.39911e-07
69.1	1.39608e-07
69.12	1.39311e-07
69.14	1.39019e-07
69.16	1.38733e-07
69.18	1.38453e-07
69.2	1.38178e-07
69.22	1.37909e-07
69.24	1.37645e-07
69.26	1.37387e-07
69.28	1.37134e-07
69.3	1.36886e-07
69.32	1.36644e-07
69.34	1.36408e-07
69.36	1.36176e-07
69.38	1.3595e-07
69.4	1.35729e-07
69.42	1.35513e-07
69.44	1.35303e-07
69.46	1.35098e-07
69.48	1.34898e-07
69.5	1.34703e-07
69.52	1.34513e-07
69.54	1.34328e-07
69.56	1.34149e-07
69.58	1.33974e-07
69.6	1.33805e-07
69.62	1.3364e-07
69.64	1.33481e-07
69.66	1.33326e-07
69.68	1.33177e-07
69.7	1.33032e-07
69.72	1.32892e-07
69.74	1.32758e-07
69.76	1.32628e-07
69.78	1.32503e-07
69.8	1.32383e-07
69.82	1.32268e-07
69.84	1.32157e-07
69.86	1.32052e-07
69.88	1.31951e-07
69.9	1.31856e-07
69.92	1.31765e-07
69.94	1.31678e-07
69.96	1.31597e-07
69.98	1.3152e-07
70	1.31449e-07
70.02	1.31381e-07
70.04	1.31319e-07
70.06	1.31262e-07
70.08	1.31209e-07
70.1	1.31161e-07
70.12	1.31118e-07
70.14	1.31079e-07
70.16	1.31045e-07
70.18	1.31016e-07
70.2	1.30992e-07
70.22	1.30973e-07
70.24	1.30958e-07
70.26	1.30948e-07
70.28	1.30943e-07
70.3	1.30942e-07
70.32	1.30946e-07
70.34	1.30955e-07
70.36	1.30969e-07
70.38	1.30988e-07
70.4	1.31011e-07
70.42	1.31039e-07
70.44	1.31072e-07
70.46	1.3111e-07
70.48	1.31152e-07
70.5	1.31199e-07
70.52	1.31251e-07
70.54	1.31308e-07
70.56	1.3137e-07
70.58	1.31437e-07
70.6	1.31508e-07
70.62	1.31585e-07
70.64	1.31666e-07
70.66	1.31752e-07
70.68	1.31844e-07
70.7	1.3194e-07
70.72	1.32041e-07
70.74	1.32147e-07
70.76	1.32258e-07
70.78	1.32374e-07
70.8	1.32495e-07
70.82	1.32621e-07
70.84	1.32753e-07
70.86	1.32889e-07
70.88	1.33031e-07
70.9	1.33178e-07
70.92	1.33329e-07
70.94	1.33487e-07
70.96	1.33649e-07
70.98	1.33817e-07
71	1.3399e-07
71.02	1.34168e-07
71.04	1.34352e-07
71.06	1.34541e-07
71.08	1.34735e-07
71.1	1.34935e-07
71.12	1.35141e-07
71.14	1.35352e-07
71.16	1.35569e-07
71.18	1.35791e-07
71.2	1.36019e-07
71.22	1.36253e-07
71.24	1.36492e-07
71.26	1.36738e-07
71.28	1.36989e-07
71.3	1.37246e-07
71.32	1.37509e-07
71.34	1.37778e-07
71.36	1.38053e-07
71.38	1.38334e-07
71.4	1.38621e-07
71.42	1.38915e-07
71.44	1.39214e-07
71.46	1.3952e-07
71.48	1.39833e-07
71.5	1.40152e-07
71.52	1.40477e-07
71.54	1.40809e-07
71.56	1.41148e-07
71.58	1.41494e-07
71.6	1.41846e-07
71.62	1.42205e-07
71.64	1.42571e-07
71.66	1.42944e-07
71.68	1.43324e-07
71.7	1.43712e-07
71.72	1.44107e-07
71.74	1.44509e-07
71.76	1.44918e-07
71.78	1.45335e-07
71.8	1.4576e-07
71.82	1.46192e-07
71.84	1.46632e-07
71.86	1.47081e-07
71.88	1.47537e-07
71.9	1.48001e-07
71.92	1.48474e-07
71.94	1.48955e-07
71.96	1.49444e-07
71.98	1.49943e-07
72	1.50449e-07
72.02	1.50965e-07
72.04	1.5149e-07
72.06	1.52024e-07
72.08	1.52567e-07
72.1	1.53119e-07
72.12	1.53682e-07
72.14	1.54253e-07
72.16	1.54835e-07
72.18	1.55427e-07
72.2	1.56029e-07
72.22	1.56641e-07
72.24	1.57264e-07
72.26	1.57898e-07
72.28	1.58542e-07
72.3	1.59198e-07
72.32	1.59865e-07
72.34	1.60543e-07
72.36	1.61234e-07
72.38	1.61936e-07
72.4	1.6265e-07
72.42	1.63377e-07
72.44	1.64117e-07
72.46	1.64869e-07
72.48	1.65635e-07
72.5	1.66414e-07
72.52	1.67206e-07
72.54	1.68013e-07
72.56	1.68834e-07
72.58	1.6967e-07
72.6	1.70521e-07
72.62	1.71387e-07
72.64	1.72269e-07
72.66	1.73166e-07
72.68	1.7408e-07
72.7	1.75011e-07
72.72	1.75959e-07
72.74	1.76925e-07
72.76	1.77909e-07
72.78	1.78911e-07
72.8	1.79933e-07
72.82	1.80974e-07
72.84	1.82034e-07
72.86	1.83116e-07
72.88	1.84219e-07
72.9	1.85343e-07
72.92	1.8649e-07
72.94	1.8766e-07
72.96	1.88854e-07
72.98	1.90073e-07
73	1.91317e-07
73.02	1.92587e-07
73.04	1.93884e-07
73.06	1.95209e-07
73.08	1.96563e-07
73.1	1.97947e-07
73.12	1.99362e-07
73.14	2.00809e-07
73.16	2.0229e-07
73.18	2.03805e-07
73.2	2.05357e-07
73.22	2.06947e-07
73.24	2.08577e-07
73.26	2.10247e-07
73.28	2.11961e-07
73.3	2.1372e-07
73.32	2.15527e-07
73.34	2.17383e-07
73.36	2.19293e-07
73.38	2.21258e-07
73.4	2.23282e-07
73.42	2.25369e-07
73.44	2.27523e-07
73.46	2.29748e-07
73.48	2.32049e-07
73.5	2.34433e-07
73.52	2.36905e-07
73.54	2.39475e-07
73.56	2.4215e-07
73.58	2.44942e-07
73.6	2.47863e-07
73.62	2.50929e-07
73.64	2.54158e-07
73.66	2.57575e-07
73.68	2.61212e-07
73.7	2.65109e-07
73.72	2.69326e-07
73.74	2.73948e-07
73.76	2.79108e-07
73.78	2.85036e-07
73.8	2.92178e-07
73.82	3.01562e-07
73.84	3.16023e-07
73.86	3.44853e-07
73.88	4.26005e-07
73.9	6.56684e-07
73.92	1.22438e-06
73.94	2.55032e-06
73.96	5.40575e-06
73.98	1.08414e-05
74	2.02228e-05
74.02	3.54092e-05
74.04	5.84298e-05
74.06	9.05679e-05
74.08	0.000131474
74.1	0.000178814
74.12	0.000229081
74.14	0.000279062
74.16	0.000326573
74.18	0.000370378
74.2	0.000409915
74.22	0.000445129
74.24	0.000476345
74.26	0.000504098
74.28	0.000528972
74.3	0.000551496
74.32	0.000572115
74.34	0.000591177
74.36	0.000608957
74.38	0.000625658
74.4	0.000641437
74.42	0.000656409
74.44	0.000670662
74.46	0.000684259
74.48	0.000697246
74.5	0.000709659
74.52	0.000721523
74.54	0.000732858
74.56	0.00074368
74.58	0.000754002
74.6	0.000763834
74.62	0.000773188
74.64	0.000782071
74.66	0.000790495
74.68	0.000798466
74.7	0.000805996
74.72	0.000813091
74.74	0.000819761
74.76	0.000826014
74.78	0.00083186
74.8	0.000837308
74.82	0.000842365
74.84	0.000847041
74.86	0.000851344
74.88	0.000855283
74.9	0.000858865
74.92	0.000862099
74.94	0.000864993
74.96	0.000867555
74.98	0.000869791
75	0.000871711
75.02	0.00087332
75.04	0.000874626
75.06	0.000875637
75.08	0.000876358
75.1	0.000876797
75.12	0.00087696
75.14	0.000876854
75.16	0.000876484
75.18	0.000875858
75.2	0.000874982
75.22	0.000873861
75.24	0.000872502
75.26	0.000870909
75.28	0.000869091
75.3	0.000867051
75.32	0.000864796
75.34	0.000862331
75.36	0.000859661
75.38	0.000856794
75.4	0.000853732
75.42	0.000850483
75.44	0.000847052
75.46	0.000843443
75.48	0.000839663
75.5	0.000835716
75.52	0.000831607
75.54	0.000827342
75.56	0.000822926
75.58	0.000818364
75.6	0.00081366
75.62	0.000808821
75.64	0.00080385
75.66	0.000798754
75.68	0.000793536
75.7	0.000788201
75.72	0.000782755
75.74	0.000777202
75.76	0.000771546
75.78	0.000765793
75.8	0.000759947
75.82	0.000754012
75.84	0.000747993
75.86	0.000741895
75.88	0.000735721
75.9	0.000729476
75.92	0.000723165
75.94	0.000716791
75.96	0.000710358
75.98	0.000703871
76	0.000697334
76.02	0.00069075
76.04	0.000684123
76.06	0.000677457
76.08	0.000670757
76.1	0.000664024
76.12	0.000657264
76.14	0.000650479
76.16	0.000643673
76.18	0.000636849
76.2	0.00063001
76.22	0.00062316
76.24	0.000616302
76.26	0.000609438
76.28	0.000602572
76.3	0.000595707
76.32	0.000588844
76.34	0.000581988
76.36	0.00057514
76.38	0.000568303
76.4	0.00056148
76.42	0.000554672
76.44	0.000547883
76.46	0.000541114
76.48	0.000534368
76.5	0.000527646
76.52	0.000520951
76.54	0.000514285
76.56	0.000507649
76.58	0.000501045
76.6	0.000494475
76.62	0.000487941
76.64	0.000481444
76.66	0.000474985
76.68	0.000468567
76.7	0.000462189
76.72	0.000455855
76.74	0.000449565
76.76	0.00044332
76.78	0.000437121
76.8	0.00043097
76.82	0.000424867
76.84	0.000418813
76.86	0.00041281
76.88	0.000406857
76.9	0.000400957
76.92	0.000395109
76.94	0.000389315
76.96	0.000383574
76.98	0.000377888
77	0.000372257
77.02	0.000366682
77.04	0.000361162
77.06	0.000355699
77.08	0.000350293
77.1	0.000344944
77.12	0.000339653
77.14	0.000334419
77.16	0.000329243
77.18	0.000324125
77.2	0.000319065
77.22	0.000314064
77.24	0.000309121
77.26	0.000304237
77.28	0.000299411
77.3	0.000294643
77.32	0.000289934
77.34	0.000285283
77.36	0.000280691
77.38	0.000276156
77.4	0.00027168
77.42	0.000267261
77.44	0.0002629
77.46	0.000258596
77.48	0.00025435
77.5	0.000250161
77.52	0.000246028
77.54	0.000241951
77.56	0.000237931
77.58	0.000233967
77.6	0.000230057
77.62	0.000226203
77.64	0.000222404
77.66	0.000218659
77.68	0.000214967
77.7	0.00021133
77.72	0.000207745
77.74	0.000204213
77.76	0.000200734
77.78	0.000197306
77.8	0.000193929
77.82	0.000190604
77.84	0.000187328
77.86	0.000184103
77.88	0.000180927
77.9	0.0001778
77.92	0.000174722
77.94	0.000171691
77.96	0.000168708
77.98	0.000165772
78	0.000162883
78.02	0.000160039
78.04	0.000157241
78.06	0.000154488
78.08	0.000151779
78.1	0.000149113
78.12	0.000146492
78.14	0.000143912
78.16	0.000141376
78.18	0.000138881
78.2	0.000136427
78.22	0.000134014
78.24	0.000131641
78.26	0.000129307
78.28	0.000127013
78.3	0.000124757
78.32	0.00012254
78.34	0.00012036
78.36	0.000118217
78.38	0.00011611
78.4	0.00011404
78.42	0.000112005
78.44	0.000110005
78.46	0.000108039
78.48	0.000106108
78.5	0.00010421
78.52	0.000102344
78.54	0.000100512
78.56	9.87112e-05
78.58	9.69422e-05
78.6	9.52042e-05
78.62	9.34967e-05
78.64	9.18194e-05
78.66	9.01717e-05
78.68	8.85532e-05
78.7	8.69634e-05
78.72	8.54018e-05
78.74	8.38681e-05
78.76	8.23617e-05
78.78	8.08822e-05
78.8	7.94293e-05
78.82	7.80024e-05
78.84	7.66011e-05
78.86	7.5225e-05
78.88	7.38738e-05
78.9	7.25469e-05
78.92	7.1244e-05
78.94	6.99647e-05
78.96	6.87085e-05
78.98	6.74752e-05
79	6.62643e-05
79.02	6.50754e-05
79.04	6.39081e-05
79.06	6.27621e-05
79.08	6.16371e-05
79.1	6.05325e-05
79.12	5.94482e-05
79.14	5.83837e-05
79.16	5.73387e-05
79.18	5.63129e-05
79.2	5.53059e-05
79.22	5.43173e-05
79.24	5.3347e-05
79.26	5.23944e-05
79.28	5.14594e-05
79.3	5.05416e-05
79.32	4.96407e-05
79.34	4.87564e-05
79.36	4.78884e-05
79.38	4.70364e-05
79.4	4.62001e-05
79.42	4.53793e-05
79.44	4.45736e-05
79.46	4.37828e-05
79.48	4.30065e-05
79.5	4.22447e-05
79.52	4.14968e-05
79.54	4.07629e-05
79.56	4.00424e-05
79.58	3.93353e-05
79.6	3.86413e-05
79.62	3.79601e-05
79.64	3.72915e-05
79.66	3.66352e-05
79.68	3.59911e-05
79.7	3.53588e-05
79.72	3.47383e-05
79.74	3.41292e-05
79.76	3.35314e-05
79.78	3.29446e-05
79.8	3.23686e-05
79.82	3.18033e-05
79.84	3.12484e-05
79.86	3.07037e-05
79.88	3.01691e-05
79.9	2.96443e-05
79.92	2.91292e-05
79.94	2.86236e-05
79.96	2.81273e-05
79.98	2.76401e-05
80	2.71619e-05
80.02	2.66925e-05
80.04	2.62317e-05
80.06	2.57794e-05
80.08	2.53354e-05
80.1	2.48995e-05
80.12	2.44716e-05
80.14	2.40516e-05
80.16	2.36392e-05
80.18	2.32344e-05
80.2	2.2837e-05
80.22	2.24469e-05
80.24	2.20638e-05
80.26	2.16878e-05
80.28	2.13186e-05
80.3	2.09562e-05
80.32	2.06003e-05
80.34	2.0251e-05
80.36	1.9908e-05
80.38	1.95712e-05
80.4	1.92405e-05
80.42	1.89158e-05
80.44	1.8597e-05
80.46	1.8284e-05
80.48	1.79766e-05
80.5	1.76748e-05
80.52	1.73784e-05
80.54	1.70874e-05
80.56	1.68016e-05
80.58	1.6521e-05
80.6	1.62454e-05
80.62	1.59748e-05
80.64	1.5709e-05
80.66	1.5448e-05
80.68	1.51917e-05
80.7	1.49399e-05
80.72	1.46927e-05
80.74	1.44499e-05
80.76	1.42114e-05
80.78	1.39772e-05
80.8	1.37471e-05
80.82	1.35211e-05
80.84	1.32992e-05
80.86	1.30811e-05
80.88	1.2867e-05
80.9	1.26566e-05
80.92	1.245e-05
80.94	1.2247e-05
80.96	1.20476e-05
80.98	1.18517e-05
81	1.16593e-05
81.02	1.14703e-05
81.04	1.12845e-05
81.06	1.11021e-05
81.08	1.09228e-05
81.1	1.07467e-05
81.12	1.05737e-05
81.14	1.04036e-05
81.16	1.02366e-05
81.18	1.00724e-05
81.2	9.91117e-06
81.22	9.75269e-06
81.24	9.59697e-06
81.26	9.44395e-06
81.28	9.29359e-06
81.3	9.14583e-06
81.32	9.00062e-06
81.34	8.85793e-06
81.36	8.71769e-06
81.38	8.57987e-06
81.4	8.44443e-06
81.42	8.31131e-06
81.44	8.18049e-06
81.46	8.0519e-06
81.48	7.92552e-06
81.5	7.8013e-06
81.52	7.67921e-06
81.54	7.5592e-06
81.56	7.44124e-06
81.58	7.32529e-06
81.6	7.21131e-06
81.62	7.09927e-06
81.64	6.98913e-06
81.66	6.88086e-06
81.68	6.77442e-06
81.7	6.66979e-06
81.72	6.56692e-06
81.74	6.46579e-06
81.76	6.36636e-06
81.78	6.26861e-06
81.8	6.1725e-06
81.82	6.07801e-06
81.84	5.9851e-06
81.86	5.89375e-06
81.88	5.80393e-06
81.9	5.71561e-06
81.92	5.62876e-06
81.94	5.54337e-06
81.96	5.4594e-06
81.98	5.37682e-06
82	5.29562e-06
82.02	5.21576e-06
82.04	5.13723e-06
82.06	5.06e-06
82.08	4.98405e-06
82.1	4.90935e-06
82.12	4.83589e-06
82.14	4.76364e-06
82.16	4.69258e-06
82.18	4.62268e-06
82.2	4.55394e-06
82.22	4.48632e-06
82.24	4.41981e-06
82.26	4.35439e-06
82.28	4.29004e-06
82.3	4.22674e-06
82.32	4.16447e-06
82.34	4.10322e-06
82.36	4.04296e-06
82.38	3.98369e-06
82.4	3.92538e-06
82.42	3.86801e-06
82.44	3.81157e-06
82.46	3.75604e-06
82.48	3.70142e-06
82.5	3.64767e-06
82.52	3.59479e-06
82.54	3.54276e-06
82.56	3.49157e-06
82.58	3.44121e-06
82.6	3.39165e-06
82.62	3.34288e-06
82.64	3.29489e-06
82.66	3.24768e-06
82.68	3.20121e-06
82.7	3.15549e-06
82.72	3.1105e-06
82.74	3.06622e-06
82.76	3.02265e-06
82.78	2.97977e-06
82.8	2.93757e-06
82.82	2.89604e-06
82.84	2.85516e-06
82.86	2.81493e-06
82.88	2.77534e-06
82.9	2.73637e-06
82.92	2.69801e-06
82.94	2.66026e-06
82.96	2.6231e-06
82.98	2.58653e-06
83	2.55052e-06
83.02	2.51509e-06
83.04	2.4802e-06
83.06	2.44586e-06
83.08	2.41206e-06
83.1	2.37878e-06
83.12	2.34603e-06
83.14	2.31378e-06
83.16	2.28203e-06
83.18	2.25077e-06
83.2	2.22e-06
83.22	2.18971e-06
83.24	2.15988e-06
83.26	2.13051e-06
83.28	2.1016e-06
83.3	2.07313e-06
83.32	2.0451e-06
83.34	2.01751e-06
83.36	1.99033e-06
83.38	1.96357e-06
83.4	1.93722e-06
83.42	1.91128e-06
83.44	1.88573e-06
83.46	1.86057e-06
83.48	1.8358e-06
83.5	1.8114e-06
83.52	1.78737e-06
83.54	1.76371e-06
83.56	1.74041e-06
83.58	1.71746e-06
83.6	1.69486e-06
83.62	1.6726e-06
83.64	1.65067e-06
83.66	1.62908e-06
83.68	1.60781e-06
83.7	1.58687e-06
83.72	1.56624e-06
83.74	1.54591e-06
83.76	1.5259e-06
83.78	1.50618e-06
83.8	1.48676e-06
83.82	1.46763e-06
83.84	1.44878e-06
83.86	1.43021e-06
83.88	1.41192e-06
83.9	1.39391e-06
83.92	1.37616e-06
83.94	1.35867e-06
83.96	1.34144e-06
83.98	1.32447e-06
84	1.30775e-06
84.02	1.29128e-06
84.04	1.27505e-06
84.06	1.25905e-06
84.08	1.2433e-06
84.1	1.22777e-06
84.12	1.21247e-06
84.14	1.1974e-06
84.16	1.18255e-06
84.18	1.16791e-06
84.2	1.15349e-06
84.22	1.13928e-06
84.24	1.12528e-06
84.26	1.11148e-06
84.28	1.09788e-06
84.3	1.08447e-06
84.32	1.07127e-06
84.34	1.05825e-06
84.36	1.04542e-06
84.38	1.03278e-06
84.4	1.02032e-06
84.42	1.00804e-06
84.44	9.95931e-07
84.46	9.84e-07
84.48	9.72241e-07
84.5	9.60651e-07
84.52	9.49226e-07
84.54	9.37965e-07
84.56	9.26865e-07
84.58	9.15922e-07
84.6	9.05136e-07
84.62	8.94504e-07
84.64	8.84022e-07
84.66	8.73689e-07
84.68	8.63503e-07
84.7	8.53461e-07
84.72	8.43561e-07
84.74	8.338e-07
84.76	8.24177e-07
84.78	8.1469e-07
84.8	8.05336e-07
84.82	7.96114e-07
84.84	7.8702e-07
84.86	7.78055e-07
84.88	7.69214e-07
84.9	7.60498e-07
84.92	7.51902e-07
84.94	7.43427e-07
84.96	7.35069e-07
84.98	7.26828e-07
85	7.18701e-07
85.02	7.10687e-07
85.04	7.02784e-07
85.06	6.9499e-07
85.08	6.87303e-07
85.1	6.79723e-07
85.12	6.72247e-07
85.14	6.64874e-07
85.16	6.57602e-07
85.18	6.5043e-07
85.2	6.43356e-07
85.22	6.3638e-07
85.24	6.29498e-07
85.26	6.2271e-07
85.28	6.16015e-07
85.3	6.09411e-07
85.32	6.02897e-07
85.34	5.96471e-07
85.36	5.90133e-07
85.38	5.8388e-07
85.4	5.77712e-07
85.42	5.71627e-07
85.44	5.65624e-07
85.46	5.59702e-07
85.48	5.5386e-07
85.5	5.48096e-07
85.52	5.4241e-07
85.54	5.368e-07
85.56	5.31265e-07
85.58	5.25804e-07
85.6	5.20416e-07
85.62	5.151e-07
85.64	5.09854e-07
85.66	5.04679e-07
85.68	4.99572e-07
85.7	4.94533e-07
85.72	4.8956e-07
85.74	4.84654e-07
85.76	4.79812e-07
85.78	4.75034e-07
85.8	4.70319e-07
85.82	4.65667e-07
85.84	4.61075e-07
85.86	4.56544e-07
85.88	4.52072e-07
85.9	4.47659e-07
85.92	4.43303e-07
85.94	4.39005e-07
85.96	4.34762e-07
85.98	4.30575e-07
86	4.26442e-07
86.02	4.22363e-07
86.04	4.18337e-07
86.06	4.14363e-07
86.08	4.10441e-07
86.1	4.06569e-07
86.12	4.02748e-07
86.14	3.98976e-07
86.16	3.95252e-07
86.18	3.91576e-07
86.2	3.87948e-07
86.22	3.84366e-07
86.24	3.8083e-07
86.26	3.77339e-07
86.28	3.73893e-07
86.3	3.70491e-07
86.32	3.67133e-07
86.34	3.63817e-07
86.36	3.60543e-07
86.38	3.57311e-07
86.4	3.5412e-07
86.42	3.5097e-07
86.44	3.47859e-07
86.46	3.44788e-07
86.48	3.41756e-07
86.5	3.38762e-07
86.52	3.35806e-07
86.54	3.32887e-07
86.56	3.30004e-07
86.58	3.27158e-07
86.6	3.24348e-07
86.62	3.21573e-07
86.64	3.18832e-07
86.66	3.16126e-07
86.68	3.13454e-07
86.7	3.10815e-07
86.72	3.08209e-07
86.74	3.05635e-07
86.76	3.03094e-07
86.78	3.00584e-07
86.8	2.98105e-07
86.82	2.95657e-07
86.84	2.93239e-07
86.86	2.90851e-07
86.88	2.88493e-07
86.9	2.86164e-07
86.92	2.83863e-07
86.94	2.81591e-07
86.96	2.79347e-07
86.98	2.77131e-07
87	2.74941e-07
87.02	2.72779e-07
87.04	2.70643e-07
87.06	2.68533e-07
87.08	2.66449e-07
87.1	2.6439e-07
87.12	2.62357e-07
87.14	2.60348e-07
87.16	2.58364e-07
87.18	2.56404e-07
87.2	2.54468e-07
87.22	2.52556e-07
87.24	2.50667e-07
87.26	2.488e-07
87.28	2.46956e-07
87.3	2.45135e-07
87.32	2.43336e-07
87.34	2.41558e-07
87.36	2.39802e-07
87.38	2.38067e-07
87.4	2.36353e-07
87.42	2.3466e-07
87.44	2.32987e-07
87.46	2.31334e-07
87.48	2.29701e-07
87.5	2.28088e-07
87.52	2.26494e-07
87.54	2.2492e-07
87.56	2.23364e-07
87.58	2.21827e-07
87.6	2.20308e-07
87.62	2.18807e-07
87.64	2.17325e-07
87.66	2.1586e-07
87.68	2.14413e-07
87.7	2.12983e-07
87.72	2.1157e-07
87.74	2.10174e-07
87.76	2.08794e-07
87.78	2.07431e-07
87.8	2.06085e-07
87.82	2.04754e-07
87.84	2.03439e-07
87.86	2.0214e-07
87.88	2.00856e-07
87.9	1.99588e-07
87.92	1.98335e-07
87.94	1.97096e-07
87.96	1.95873e-07
87.98	1.94664e-07
88	1.93469e-07
88.02	1.92288e-07
88.04	1.91122e-07
88.06	1.89969e-07
88.08	1.8883e-07
88.1	1.87705e-07
88.12	1.86593e-07
88.14	1.85494e-07
88.16	1.84409e-07
88.18	1.83336e-07
88.2	1.82276e-07
88.22	1.81228e-07
88.24	1.80193e-07
88.26	1.79171e-07
88.28	1.7816e-07
88.3	1.77162e-07
88.32	1.76175e-07
88.34	1.752e-07
88.36	1.74237e-07
88.38	1.73285e-07
88.4	1.72345e-07
88.42	1.71415e-07
88.44	1.70497e-07
88.46	1.6959e-07
88.48	1.68694e-07
88.5	1.67808e-07
88.52	1.66933e-07
88.54	1.66069e-07
88.56	1.65215e-07
88.58	1.64371e-07
88.6	1.63537e-07
88.62	1.62713e-07
88.64	1.61899e-07
88.66	1.61095e-07
88.68	1.60301e-07
88.7	1.59516e-07
88.72	1.58741e-07
88.74	1.57975e-07
88.76	1.57218e-07
88.78	1.56471e-07
88.8	1.55732e-07
88.82	1.55003e-07
88.84	1.54282e-07
88.86	1.53571e-07
88.88	1.52868e-07
88.9	1.52173e-07
88.92	1.51487e-07
88.94	1.5081e-07
88.96	1.50141e-07
88.98	1.4948e-07
89	1.48827e-07
89.02	1.48182e-07
89.04	1.47546e-07
89.06	1.46917e-07
89.08	1.46296e-07
89.1	1.45683e-07
89.12	1.45077e-07
89.14	1.4448e-07
89.16	1.43889e-07
89.18	1.43306e-07
89.2	1.42731e-07
89.22	1.42163e-07
89.24	1.41602e-07
89.26	1.41048e-07
89.28	1.40501e-07
89.3	1.39961e-07
89.32	1.39428e-07
89.34	1.38903e-07
89.36	1.38384e-07
89.38	1.37871e-07
89.4	1.37366e-07
89.42	1.36867e-07
89.44	1.36374e-07
89.46	1.35888e-07
89.48	1.35409e-07
89.5	1.34936e-07
89.52	1.34469e-07
89.54	1.34009e-07
89.56	1.33555e-07
89.58	1.33107e-07
89.6	1.32665e-07
89.62	1.32229e-07
89.64	1.31799e-07
89.66	1.31375e-07
89.68	1.30957e-07
89.7	1.30545e-07
89.72	1.30138e-07
89.74	1.29738e-07
89.76	1.29343e-07
89.78	1.28953e-07
89.8	1.2857e-07
89.82	1.28191e-07
89.84	1.27819e-07
89.86	1.27452e-07
89.88	1.2709e-07
89.9	1.26734e-07
89.92	1.26383e-07
89.94	1.26037e-07
89.96	1.25696e-07
89.98	1.25361e-07
90	1.25031e-07
90.02	1.24706e-07
90.04	1.24386e-07
90.06	1.24071e-07
90.08	1.23762e-07
90.1	1.23457e-07
90.12	1.23157e-07
90.14	1.22862e-07
90.16	1.22572e-07
90.18	1.22287e-07
90.2	1.22007e-07
90.22	1.21731e-07
90.24	1.2146e-07
90.26	1.21194e-07
90.28	1.20933e-07
90.3	1.20676e-07
90.32	1.20424e-07
90.34	1.20176e-07
90.36	1.19933e-07
90.38	1.19695e-07
90.4	1.19461e-07
90.42	1.19232e-07
90.44	1.19007e-07
90.46	1.18786e-07
90.48	1.1857e-07
90.5	1.18358e-07
90.52	1.18151e-07
90.54	1.17948e-07
90.56	1.17749e-07
90.58	1.17554e-07
90.6	1.17364e-07
90.62	1.17178e-07
90.64	1.16996e-07
90.66	1.16819e-07
90.68	1.16646e-07
90.7	1.16476e-07
90.72	1.16311e-07
90.74	1.1615e-07
90.76	1.15993e-07
90.78	1.15841e-07
90.8	1.15692e-07
90.82	1.15547e-07
90.84	1.15407e-07
90.86	1.1527e-07
90.88	1.15138e-07
90.9	1.15009e-07
90.92	1.14884e-07
90.94	1.14764e-07
90.96	1.14647e-07
90.98	1.14534e-07
91	1.14425e-07
91.02	1.1432e-07
91.04	1.14219e-07
91.06	1.14122e-07
91.08	1.14029e-07
91.1	1.13939e-07
91.12	1.13854e-07
91.14	1.13772e-07
91.16	1.13694e-07
91.18	1.1362e-07
91.2	1.1355e-07
91.22	1.13483e-07
91.24	1.13421e-07
91.26	1.13362e-07
91.28	1.13307e-07
91.3	1.13256e-07
91.32	1.13208e-07
91.34	1.13164e-07
91.36	1.13124e-07
91.38	1.13088e-07
91.4	1.13056e-07
91.42	1.13027e-07
91.44	1.13002e-07
91.46	1.12981e-07
91.48	1.12964e-07
91.5	1.1295e-07
91.52	1.1294e-07
91.54	1.12934e-07
91.56	1.12932e-07
91.58	1.12933e-07
91.6	1.12938e-07
91.62	1.12947e-07
91.64	1.1296e-07
91.66	1.12976e-07
91.68	1.12996e-07
91.7	1.1302e-07
91.72	1.13048e-07
91.74	1.13079e-07
91.76	1.13114e-07
91.78	1.13153e-07
91.8	1.13196e-07
91.82	1.13243e-07
91.84	1.13293e-07
91.86	1.13347e-07
91.88	1.13405e-07
91.9	1.13467e-07
91.92	1.13533e-07
91.94	1.13603e-07
91.96	1.13676e-07
91.98	1.13753e-07
92	1.13834e-07
92.02	1.13919e-07
92.04	1.14008e-07
92.06	1.14101e-07
92.08	1.14198e-07
92.1	1.14299e-07
92.12	1.14403e-07
92.14	1.14512e-07
92.16	1.14625e-07
92.18	1.14741e-07
92.2	1.14862e-07
92.22	1.14987e-07
92.24	1.15116e-07
92.26	1.15249e-07
92.28	1.15386e-07
92.3	1.15527e-07
92.32	1.15672e-07
92.34	1.15821e-07
92.36	1.15975e-07
92.38	1.16133e-07
92.4	1.16295e-07
92.42	1.16461e-07
92.44	1.16631e-07
92.46	1.16806e-07
92.48	1.16985e-07
92.5	1.17169e-07
92.52	1.17357e-07
92.54	1.17549e-07
92.56	1.17746e-07
92.58	1.17947e-07
92.6	1.18153e-07
92.62	1.18363e-07
92.64	1.18578e-07
92.66	1.18798e-07
92.68	1.19022e-07
92.7	1.19251e-07
92.72	1.19484e-07
92.74	1.19723e-07
92.76	1.19966e-07
92.78	1.20214e-07
92.8	1.20467e-07
92.82	1.20724e-07
92.84	1.20987e-07
92.86	1.21255e-07
92.88	1.21528e-07
92.9	1.21806e-07
92.92	1.22089e-07
92.94	1.22377e-07
92.96	1.2267e-07
92.98	1.22969e-07
93	1.23273e-07
93.02	1.23583e-07
93.04	1.23898e-07
93.06	1.24218e-07
93.08	1.24544e-07
93.1	1.24876e-07
93.12	1.25213e-07
93.14	1.25556e-07
93.16	1.25905e-07
93.18	1.2626e-07
93.2	1.26621e-07
93.22	1.26988e-07
93.24	1.27361e-07
93.26	1.2774e-07
93.28	1.28125e-07
93.3	1.28517e-07
93.32	1.28915e-07
93.34	1.2932e-07
93.36	1.29731e-07
93.38	1.30149e-07
93.4	1.30573e-07
93.42	1.31005e-07
93.44	1.31443e-07
93.46	1.31888e-07
93.48	1.3234e-07
93.5	1.328e-07
93.52	1.33267e-07
93.54	1.33741e-07
93.56	1.34223e-07
93.58	1.34712e-07
93.6	1.3521e-07
93.62	1.35715e-07
93.64	1.36228e-07
93.66	1.36749e-07
93.68	1.37278e-07
93.7	1.37816e-07
93.72	1.38362e-07
93.74	1.38917e-07
93.76	1.3948e-07
93.78	1.40053e-07
93.8	1.40634e-07
93.82	1.41225e-07
93.84	1.41825e-07
93.86	1.42435e-07
93.88	1.43054e-07
93.9	1.43683e-07
93.92	1.44322e-07
93.94	1.44972e-07
93.96	1.45632e-07
93.98	1.46302e-07
94	1.46984e-07
94.02	1.47676e-07
94.04	1.4838e-07
94.06	1.49095e-07
94.08	1.49822e-07
94.1	1.5056e-07
94.12	1.51311e-07
94.14	1.52075e-07
94.16	1.52851e-07
94.18	1.5364e-07
94.2	1.54442e-07
94.22	1.55258e-07
94.24	1.56087e-07
94.26	1.56931e-07
94.28	1.5779e-07
94.3	1.58663e-07
94.32	1.59551e-07
94.34	1.60455e-07
94.36	1.61375e-07
94.38	1.62311e-07
94.4	1.63263e-07
94.42	1.64233e-07
94.44	1.65221e-07
94.46	1.66227e-07
94.48	1.67251e-07
94.5	1.68294e-07
94.52	1.69357e-07
94.54	1.7044e-07
94.56	1.71544e-07
94.58	1.72669e-07
94.6	1.73817e-07
94.62	1.74987e-07
94.64	1.7618e-07
94.66	1.77398e-07
94.68	1.7864e-07
94.7	1.79909e-07
94.72	1.81204e-07
94.74	1.82526e-07
94.76	1.83878e-07
94.78	1.85259e-07
94.8	1.86671e-07
94.82	1.88115e-07
94.84	1.89593e-07
94.86	1.91105e-07
94.88	1.92653e-07
94.9	1.94239e-07
94.92	1.95865e-07
94.94	1.97532e-07
94.96	1.99242e-07
94.98	2.00998e-07
95	2.02802e-07
95.02	2.04657e-07
95.04	2.06565e-07
95.06	2.0853e-07
95.08	2.10554e-07
95.1	2.12643e-07
95.12	2.148e-07
95.14	2.17031e-07
95.16	2.1934e-07
95.18	2.21736e-07
95.2	2.24224e-07
95.22	2.26813e-07
95.24	2.29515e-07
95.26	2.3234e-07
95.28	2.35305e-07
95.3	2.38427e-07
95.32	2.4173e-07
95.34	2.45244e-07
95.36	2.4901e-07
95.38	2.53084e-07
95.4	2.5755e-07
95.42	2.62538e-07
95.44	2.68274e-07
95.46	2.75203e-07
95.48	2.84358e-07
95.5	2.98635e-07
95.52	3.27762e-07
95.54	4.11275e-07
95.56	6.49638e-07
95.58	1.23742e-06
95.6	2.61445e-06
95.62	5.57262e-06
95.64	1.11774e-05
95.66	2.08249e-05
95.68	3.64165e-05
95.7	5.99857e-05
95.72	9.27544e-05
95.74	0.000134249
95.76	0.000182007
95.78	0.000232475
95.8	0.000282481
95.82	0.000329903
95.84	0.000373553
95.86	0.000412906
95.88	0.000447934
95.9	0.000478983
95.92	0.000506601
95.94	0.00053137
95.96	0.000553819
95.98	0.000574385
96	0.000593414
96.02	0.000611173
96.04	0.000627865
96.06	0.000643642
96.08	0.000658618
96.1	0.000672878
96.12	0.000686484
96.14	0.000699482
96.16	0.000711906
96.18	0.000723781
96.2	0.000735126
96.22	0.000745958
96.24	0.000756288
96.26	0.000766128
96.28	0.000775488
96.3	0.000784377
96.32	0.000792804
96.34	0.000800779
96.36	0.00080831
96.38	0.000815407
96.4	0.000822077
96.42	0.00082833
96.44	0.000834175
96.46	0.00083962
96.48	0.000844674
96.5	0.000849346
96.52	0.000853644
96.54	0.000857577
96.56	0.000861153
96.58	0.000864381
96.6	0.000867267
96.62	0.000869821
96.64	0.000872049
96.66	0.000873959
96.68	0.000875558
96.7	0.000876854
96.72	0.000877853
96.74	0.000878563
96.76	0.000878989
96.78	0.00087914
96.8	0.00087902
96.82	0.000878637
96.84	0.000877996
96.86	0.000877105
96.88	0.000875969
96.9	0.000874594
96.92	0.000872985
96.94	0.00087115
96.96	0.000869093
96.98	0.00086682
97	0.000864337
97.02	0.000861649
97.04	0.000858762
97.06	0.000855682
97.08	0.000852414
97.1	0.000848962
97.12	0.000845333
97.14	0.000841532
97.16	0.000837564
97.18	0.000833435
97.2	0.000829148
97.22	0.000824711
97.24	0.000820127
97.26	0.000815401
97.28	0.00081054
97.3	0.000805547
97.32	0.000800427
97.34	0.000795187
97.36	0.000789829
97.38	0.00078436
97.4	0.000778784
97.42	0.000773105
97.44	0.000767329
97.46	0.000761459
97.48	0.000755501
97.5	0.000749459
97.52	0.000743337
97.54	0.00073714
97.56	0.000730872
97.58	0.000724537
97.6	0.000718139
97.62	0.000711683
97.64	0.000705173
97.66	0.000698613
97.68	0.000692006
97.7	0.000685356
97.72	0.000678667
97.74	0.000671944
97.76	0.000665189
97.78	0.000658406
97.8	0.000651598
97.82	0.00064477
97.84	0.000637924
97.86	0.000631063
97.88	0.000624192
97.9	0.000617312
97.92	0.000610427
97.94	0.000603539
97.96	0.000596653
97.98	0.00058977
98	0.000582893
98.02	0.000576024
98.04	0.000569167
98.06	0.000562324
98.08	0.000555497
98.1	0.000548688
98.12	0.0005419
98.14	0.000535134
98.16	0.000528394
98.18	0.00052168
98.2	0.000514995
98.22	0.000508341
98.24	0.00050172
98.26	0.000495132
98.28	0.00048858
98.3	0.000482066
98.32	0.000475591
98.34	0.000469156
98.36	0.000462762
98.38	0.000456412
98.4	0.000450106
98.42	0.000443845
98.44	0.000437631
98.46	0.000431464
98.48	0.000425347
98.5	0.000419279
98.52	0.000413261
98.54	0.000407295
98.56	0.00040138
98.58	0.000395519
98.6	0.000389711
98.62	0.000383958
98.64	0.000378259
98.66	0.000372615
98.68	0.000367028
98.7	0.000361496
98.72	0.000356022
98.74	0.000350604
98.76	0.000345244
98.78	0.000339941
98.8	0.000334696
98.82	0.00032951
98.84	0.000324382
98.86	0.000319312
98.88	0.000314301
98.9	0.000309348
98.92	0.000304454
98.94	0.000299619
98.96	0.000294842
98.98	0.000290124
99	0.000285465
99.02	0.000280864
99.04	0.000276321
99.06	0.000271836
99.08	0.00026741
99.1	0.000263041
99.12	0.00025873
99.14	0.000254477
99.16	0.00025028
99.18	0.00024614
99.2	0.000242057
99.22	0.00023803
99.24	0.00023406
99.26	0.000230144
99.28	0.000226284
99.3	0.000222479
99.32	0.000218728
99.34	0.000215031
99.36	0.000211388
99.38	0.000207798
99.4	0.000204261
99.42	0.000200777
99.44	0.000197344
99.46	0.000193963
99.48	0.000190633
99.5	0.000187353
99.52	0.000184124
99.54	0.000180944
99.56	0.000177813
99.58	0.000174731
99.6	0.000171696
99.62	0.00016871
99.64	0.00016577
99.66	0.000162877
99.68	0.00016003
99.7	0.000157229
99.72	0.000154473
99.74	0.000151761
99.76	0.000149093
99.78	0.000146468
99.8	0.000143886
99.82	0.000141347
99.84	0.00013885
99.86	0.000136393
99.88	0.000133978
99.9	0.000131603
99.92	0.000129267
99.94	0.000126971
99.96	0.000124713
99.98	0.000122494
100	0.000120312
100.02	0.000118167
100.04	0.000116059
100.06	0.000113987
100.08	0.000111951
100.1	0.000109949
100.12	0.000107983
100.14	0.00010605
100.16	0.00010415
100.18	0.000102284
100.2	0.00010045
100.22	9.86488e-05
100.24	9.68788e-05
100.26	9.51398e-05
100.28	9.34315e-05
100.3	9.17533e-05
100.32	9.01049e-05
100.34	8.84856e-05
100.36	8.68951e-05
100.38	8.53329e-05
100.4	8.37985e-05
100.42	8.22916e-05
100.44	8.08116e-05
100.46	7.93582e-05
100.48	7.79308e-05
100.5	7.65292e-05
100.52	7.51527e-05
100.54	7.38011e-05
100.56	7.2474e-05
100.58	7.11708e-05
100.6	6.98913e-05
100.62	6.86349e-05
100.64	6.74014e-05
100.66	6.61903e-05
100.68	6.50013e-05
100.7	6.38339e-05
100.72	6.26879e-05
100.74	6.15628e-05
100.76	6.04582e-05
100.78	5.93739e-05
100.8	5.83095e-05
100.82	5.72645e-05
100.84	5.62387e-05
100.86	5.52318e-05
100.88	5.42434e-05
100.9	5.32731e-05
100.92	5.23207e-05
100.94	5.13859e-05
100.96	5.04683e-05
100.98	4.95675e-05
101	4.86834e-05
101.02	4.78156e-05
101.04	4.69639e-05
101.06	4.61278e-05
101.08	4.53072e-05
101.1	4.45018e-05
101.12	4.37112e-05
101.14	4.29353e-05
101.16	4.21737e-05
101.18	4.14262e-05
101.2	4.06925e-05
101.22	3.99724e-05
101.24	3.92657e-05
101.26	3.8572e-05
101.28	3.78911e-05
101.3	3.72228e-05
101.32	3.65669e-05
101.34	3.59232e-05
101.36	3.52913e-05
101.38	3.46711e-05
101.4	3.40624e-05
101.42	3.3465e-05
101.44	3.28786e-05
101.46	3.2303e-05
101.48	3.17381e-05
101.5	3.11836e-05
101.52	3.06393e-05
101.54	3.01051e-05
101.56	2.95808e-05
101.58	2.90661e-05
101.6	2.85609e-05
101.62	2.8065e-05
101.64	2.75783e-05
101.66	2.71005e-05
101.68	2.66315e-05
101.7	2.61711e-05
101.72	2.57192e-05
101.74	2.52756e-05
101.76	2.48402e-05
101.78	2.44127e-05
101.8	2.39931e-05
101.82	2.35812e-05
101.84	2.31768e-05
101.86	2.27798e-05
101.88	2.23901e-05
101.9	2.20075e-05
101.92	2.16319e-05
101.94	2.12632e-05
101.96	2.09012e-05
101.98	2.05457e-05
102	2.01968e-05
102.02	1.98542e-05
102.04	1.95178e-05
102.06	1.91876e-05
102.08	1.88633e-05
102.1	1.85449e-05
102.12	1.82323e-05
102.14	1.79253e-05
102.16	1.76239e-05
102.18	1.7328e-05
102.2	1.70374e-05
102.22	1.6752e-05
102.24	1.64718e-05
102.26	1.61966e-05
102.28	1.59264e-05
102.3	1.5661e-05
102.32	1.54004e-05
102.34	1.51445e-05
102.36	1.48931e-05
102.38	1.46463e-05
102.4	1.44038e-05
102.42	1.41657e-05
102.44	1.39319e-05
102.46	1.37022e-05
102.48	1.34766e-05
102.5	1.3255e-05
102.52	1.30374e-05
102.54	1.28236e-05
102.56	1.26136e-05
102.58	1.24073e-05
102.6	1.22047e-05
102.62	1.20057e-05
102.64	1.18101e-05
102.66	1.16181e-05
102.68	1.14294e-05
102.7	1.1244e-05
102.72	1.10619e-05
102.74	1.0883e-05
102.76	1.07072e-05
102.78	1.05345e-05
102.8	1.03648e-05
102.82	1.01981e-05
102.84	1.00343e-05
102.86	9.87332e-06
102.88	9.71517e-06
102.9	9.55978e-06
102.92	9.40708e-06
102.94	9.25703e-06
102.96	9.10959e-06
102.98	8.96469e-06
103	8.82231e-06
103.02	8.68238e-06
103.04	8.54487e-06
103.06	8.40972e-06
103.08	8.27691e-06
103.1	8.14638e-06
103.12	8.01809e-06
103.14	7.892e-06
103.16	7.76807e-06
103.18	7.64626e-06
103.2	7.52654e-06
103.22	7.40886e-06
103.24	7.29319e-06
103.26	7.17949e-06
103.28	7.06772e-06
103.3	6.95785e-06
103.32	6.84985e-06
103.34	6.74368e-06
103.36	6.63931e-06
103.38	6.5367e-06
103.4	6.43583e-06
103.42	6.33666e-06
103.44	6.23917e-06
103.46	6.14331e-06
103.48	6.04907e-06
103.5	5.95641e-06
103.52	5.8653e-06
103.54	5.77572e-06
103.56	5.68765e-06
103.58	5.60104e-06
103.6	5.51588e-06
103.62	5.43214e-06
103.64	5.3498e-06
103.66	5.26883e-06
103.68	5.1892e-06
103.7	5.1109e-06
103.72	5.03389e-06
103.74	4.95816e-06
103.76	4.88368e-06
103.78	4.81044e-06
103.8	4.7384e-06
103.82	4.66755e-06
103.84	4.59787e-06
103.86	4.52933e-06
103.88	4.46192e-06
103.9	4.39562e-06
103.92	4.3304e-06
103.94	4.26625e-06
103.96	4.20315e-06
103.98	4.14108e-06
104	4.08003e-06
104.02	4.01997e-06
104.04	3.96088e-06
104.06	3.90276e-06
104.08	3.84558e-06
104.1	3.78933e-06
104.12	3.73399e-06
104.14	3.67954e-06
104.16	3.62598e-06
104.18	3.57328e-06
104.2	3.52143e-06
104.22	3.47041e-06
104.24	3.42022e-06
104.26	3.37083e-06
104.28	3.32224e-06
104.3	3.27442e-06
104.32	3.22737e-06
104.34	3.18108e-06
104.36	3.13552e-06
104.38	3.09069e-06
104.4	3.04657e-06
104.42	3.00316e-06
104.44	2.96044e-06
104.46	2.91839e-06
104.48	2.87702e-06
104.5	2.8363e-06
104.52	2.79622e-06
104.54	2.75678e-06
104.56	2.71796e-06
104.58	2.67975e-06
104.6	2.64214e-06
104.62	2.60513e-06
104.64	2.5687e-06
104.66	2.53284e-06
104.68	2.49754e-06
104.7	2.4628e-06
104.72	2.42859e-06
104.74	2.39493e-06
104.76	2.36179e-06
104.78	2.32916e-06
104.8	2.29705e-06
104.82	2.26543e-06
104.84	2.23431e-06
104.86	2.20366e-06
104.88	2.1735e-06
104.9	2.1438e-06
104.92	2.11456e-06
104.94	2.08577e-06
104.96	2.05742e-06
104.98	2.02951e-06
105	2.00204e-06
105.02	1.97498e-06
105.04	1.94834e-06
105.06	1.92211e-06
105.08	1.89628e-06
105.1	1.87085e-06
105.12	1.8458e-06
105.14	1.82114e-06
105.16	1.79685e-06
105.18	1.77294e-06
105.2	1.74938e-06
105.22	1.72619e-06
105.24	1.70335e-06
105.26	1.68085e-06
105.28	1.6587e-06
105.3	1.63688e-06
105.32	1.61539e-06
105.34	1.59422e-06
105.36	1.57338e-06
105.38	1.55284e-06
105.4	1.53262e-06
105.42	1.5127e-06
105.44	1.49308e-06
105.46	1.47376e-06
105.48	1.45472e-06
105.5	1.43597e-06
105.52	1.41749e-06
105.54	1.3993e-06
105.56	1.38137e-06
105.58	1.36371e-06
105.6	1.34632e-06
105.62	1.32918e-06
105.64	1.3123e-06
105.66	1.29566e-06
105.68	1.27927e-06
105.7	1.26313e-06
105.72	1.24722e-06
105.74	1.23155e-06
105.76	1.21611e-06
105.78	1.20089e-06
105.8	1.1859e-06
105.82	1.17113e-06
105.84	1.15657e-06
105.86	1.14223e-06
105.88	1.1281e-06
105.9	1.11417e-06
105.92	1.10045e-06
105.94	1.08692e-06
105.96	1.0736e-06
105.98	1.06046e-06
106	1.04752e-06
106.02	1.03476e-06
106.04	1.02219e-06
106.06	1.0098e-06
106.08	9.97594e-07
106.1	9.8556e-07
106.12	9.73699e-07
106.14	9.62009e-07
106.16	9.50487e-07
106.18	9.3913e-07
106.2	9.27936e-07
106.22	9.16902e-07
106.24	9.06026e-07
106.26	8.95305e-07
106.28	8.84737e-07
106.3	8.7432e-07
106.32	8.6405e-07
106.34	8.53927e-07
106.36	8.43947e-07
106.38	8.34108e-07
106.4	8.24409e-07
106.42	8.14846e-07
106.44	8.05419e-07
106.46	7.96124e-07
106.48	7.86961e-07
106.5	7.77926e-07
106.52	7.69017e-07
106.54	7.60234e-07
106.56	7.51574e-07
106.58	7.43035e-07
106.6	7.34615e-07
106.62	7.26312e-07
106.64	7.18125e-07
106.66	7.10052e-07
106.68	7.02091e-07
106.7	6.94241e-07
106.72	6.86499e-07
106.74	6.78865e-07
106.76	6.71336e-07
106.78	6.6391e-07
106.8	6.56588e-07
106.82	6.49366e-07
106.84	6.42243e-07
106.86	6.35218e-07
106.88	6.2829e-07
106.9	6.21456e-07
106.92	6.14716e-07
106.94	6.08068e-07
106.96	6.01511e-07
106.98	5.95043e-07
107	5.88663e-07
107.02	5.82369e-07
107.04	5.76161e-07
107.06	5.70038e-07
107.08	5.63997e-07
107.1	5.58038e-07
107.12	5.52159e-07
107.14	5.4636e-07
107.16	5.40638e-07
107.18	5.34994e-07
107.2	5.29425e-07
107.22	5.23931e-07
107.24	5.18511e-07
107.26	5.13163e-07
107.28	5.07887e-07
107.3	5.02681e-07
107.32	4.97545e-07
107.34	4.92477e-07
107.36	4.87476e-07
107.38	4.82542e-07
107.4	4.77673e-07
107.42	4.72868e-07
107.44	4.68127e-07
107.46	4.63449e-07
107.48	4.58833e-07
107.5	4.54277e-07
107.52	4.49781e-07
107.54	4.45345e-07
107.56	4.40966e-07
107.58	4.36645e-07
107.6	4.32381e-07
107.62	4.28172e-07
107.64	4.24018e-07
107.66	4.19919e-07
107.68	4.15872e-07
107.7	4.11879e-07
107.72	4.07937e-07
107.74	4.04047e-07
107.76	4.00207e-07
107.78	3.96416e-07
107.8	3.92675e-07
107.82	3.88982e-07
107.84	3.85337e-07
107.86	3.81738e-07
107.88	3.78186e-07
107.9	3.74679e-07
107.92	3.71218e-07
107.94	3.67801e-07
107.96	3.64427e-07
107.98	3.61097e-07
108	3.57809e-07
108.02	3.54563e-07
108.04	3.51359e-07
108.06	3.48195e-07
108.08	3.45072e-07
108.1	3.41988e-07
108.12	3.38943e-07
108.14	3.35937e-07
108.16	3.32969e-07
108.18	3.30038e-07
108.2	3.27144e-07
108.22	3.24287e-07
108.24	3.21466e-07
108.26	3.1868e-07
108.28	3.15929e-07
108.3	3.13213e-07
108.32	3.1053e-07
108.34	3.07882e-07
108.36	3.05266e-07
108.38	3.02683e-07
108.4	3.00132e-07
108.42	2.97613e-07
108.44	2.95126e-07
108.46	2.92669e-07
108.48	2.90243e-07
108.5	2.87847e-07
108.52	2.8548e-07
108.54	2.83143e-07
108.56	2.80835e-07
108.58	2.78555e-07
108.6	2.76304e-07
108.62	2.7408e-07
108.64	2.71883e-07
108.66	2.69714e-07
108.68	2.67571e-07
108.7	2.65455e-07
108.72	2.63364e-07
108.74	2.61299e-07
108.76	2.5926e-07
108.78	2.57245e-07
108.8	2.55255e-07
108.82	2.53289e-07
108.84	2.51347e-07
108.86	2.49429e-07
108.88	2.47534e-07
108.9	2.45662e-07
108.92	2.43813e-07
108.94	2.41986e-07
108.96	2.40182e-07
108.98	2.38399e-07
109	2.36638e-07
109.02	2.34898e-07
109.04	2.33179e-07
109.06	2.31481e-07
109.08	2.29804e-07
109.1	2.28147e-07
109.12	2.26509e-07
109.14	2.24892e-07
109.16	2.23293e-07
109.18	2.21714e-07
109.2	2.20154e-07
109.22	2.18613e-07
109.24	2.1709e-07
109.26	2.15586e-07
109.28	2.14099e-07
109.3	2.12631e-07
109.32	2.11179e-07
109.34	2.09746e-07
109.36	2.08329e-07
109.38	2.06929e-07
109.4	2.05546e-07
109.42	2.04179e-07
109.44	2.02829e-07
109.46	2.01495e-07
109.48	2.00177e-07
109.5	1.98874e-07
109.52	1.97587e-07
109.54	1.96315e-07
109.56	1.95059e-07
109.58	1.93817e-07
109.6	1.9259e-07
109.62	1.91378e-07
109.64	1.9018e-07
109.66	1.88996e-07
109.68	1.87826e-07
109.7	1.8667e-07
109.72	1.85528e-07
109.74	1.844e-07
109.76	1.83284e-07
109.78	1.82182e-07
109.8	1.81094e-07
109.82	1.80018e-07
109.84	1.78954e-07
109.86	1.77904e-07
109.88	1.76866e-07
109.9	1.7584e-07
109.92	1.74826e-07
109.94	1.73825e-07
109.96	1.72835e-07
109.98	1.71857e-07
110	1.70891e-07
110.02	1.69936e-07
110.04	1.68992e-07
110.06	1.6806e-07
110.08	1.67139e-07
110.1	1.66228e-07
110.12	1.65329e-07
110.14	1.6444e-07
110.16	1.63562e-07
110.18	1.62694e-07
110.2	1.61837e-07
110.22	1.6099e-07
110.24	1.60153e-07
110.26	1.59326e-07
110.28	1.58508e-07
110.3	1.57701e-07
110.32	1.56903e-07
110.34	1.56115e-07
110.36	1.55337e-07
110.38	1.54567e-07
110.4	1.53807e-07
110.42	1.53056e-07
110.44	1.52315e-07
110.46	1.51582e-07
110.48	1.50858e-07
110.5	1.50142e-07
110.52	1.49436e-07
110.54	1.48738e-07
110.56	1.48048e-07
110.58	1.47367e-07
110.6	1.46694e-07
110.62	1.46029e-07
110.64	1.45373e-07
110.66	1.44724e-07
110.68	1.44084e-07
110.7	1.43451e-07
110.72	1.42826e-07
110.74	1.42209e-07
110.76	1.41599e-07
110.78	1.40997e-07
110.8	1.40403e-07
110.82	1.39816e-07
110.84	1.39236e-07
110.86	1.38664e-07
110.88	1.38098e-07
110.9	1.3754e-07
110.92	1.36989e-07
110.94	1.36445e-07
110.96	1.35908e-07
110.98	1.35377e-07
111	1.34853e-07
111.02	1.34336e-07
111.04	1.33826e-07
111.06	1.33322e-07
111.08	1.32825e-07
111.1	1.32334e-07
111.12	1.3185e-07
111.14	1.31372e-07
111.16	1.309e-07
111.18	1.30435e-07
111.2	1.29975e-07
111.22	1.29522e-07
111.24	1.29075e-07
111.26	1.28633e-07
111.28	1.28198e-07
111.3	1.27769e-07
111.32	1.27345e-07
111.34	1.26927e-07
111.36	1.26515e-07
111.38	1.26108e-07
111.4	1.25708e-07
111.42	1.25312e-07
111.44	1.24923e-07
111.46	1.24539e-07
111.48	1.2416e-07
111.5	1.23786e-07
111.52	1.23418e-07
111.54	1.23056e-07
111.56	1.22698e-07
111.58	1.22346e-07
111.6	1.21999e-07
111.62	1.21657e-07
111.64	1.2132e-07
111.66	1.20988e-07
111.68	1.20662e-07
111.7	1.2034e-07
111.72	1.20023e-07
111.74	1.19711e-07
111.76	1.19404e-07
111.78	1.19102e-07
111.8	1.18804e-07
111.82	1.18512e-07
111.84	1.18224e-07
111.86	1.1794e-07
111.88	1.17662e-07
111.9	1.17388e-07
111.92	1.17118e-07
111.94	1.16854e-07
111.96	1.16593e-07
111.98	1.16337e-07
112	1.16086e-07
112.02	1.15839e-07
112.04	1.15597e-07
112.06	1.15359e-07
112.08	1.15125e-07
112.1	1.14895e-07
112.12	1.1467e-07
112.14	1.14449e-07
112.16	1.14233e-07
112.18	1.14021e-07
112.2	1.13812e-07
112.22	1.13608e-07
112.24	1.13409e-07
112.26	1.13213e-07
112.28	1.13021e-07
112.3	1.12834e-07
112.32	1.1265e-07
112.34	1.12471e-07
112.36	1.12296e-07
112.38	1.12124e-07
112.4	1.11957e-07
112.42	1.11793e-07
112.44	1.11634e-07
112.46	1.11478e-07
112.48	1.11327e-07
112.5	1.11179e-07
112.52	1.11035e-07
112.54	1.10895e-07
112.56	1.10759e-07
112.58	1.10627e-07
112.6	1.10498e-07
112.62	1.10373e-07
112.64	1.10252e-07
112.66	1.10135e-07
112.68	1.10022e-07
112.7	1.09912e-07
112.72	1.09806e-07
112.74	1.09704e-07
112.76	1.09605e-07
112.78	1.09511e-07
112.8	1.09419e-07
112.82	1.09332e-07
112.84	1.09248e-07
112.86	1.09168e-07
112.88	1.09091e-07
112.9	1.09019e-07
112.92	1.08949e-07
112.94	1.08884e-07
112.96	1.08822e-07
112.98	1.08763e-07
113	1.08709e-07
113.02	1.08657e-07
113.04	1.0861e-07
113.06	1.08566e-07
113.08	1.08525e-07
113.1	1.08489e-07
113.12	1.08455e-07
113.14	1.08426e-07
113.16	1.08399e-07
113.18	1.08377e-07
113.2	1.08358e-07
113.22	1.08342e-07
113.24	1.08331e-07
113.26	1.08322e-07
113.28	1.08317e-07
113.3	1.08316e-07
113.32	1.08319e-07
113.34	1.08324e-07
113.36	1.08334e-07
113.38	1.08347e-07
113.4	1.08364e-07
113.42	1.08384e-07
113.44	1.08407e-07
113.46	1.08435e-07
113.48	1.08466e-07
113.5	1.085e-07
113.52	1.08538e-07
113.54	1.0858e-07
113.56	1.08625e-07
113.58	1.08674e-07
113.6	1.08726e-07
113.62	1.08782e-07
113.64	1.08842e-07
113.66	1.08906e-07
113.68	1.08973e-07
113.7	1.09043e-07
113.72	1.09118e-07
113.74	1.09196e-07
113.76	1.09277e-07
113.78	1.09363e-07
113.8	1.09452e-07
113.82	1.09545e-07
113.84	1.09641e-07
113.86	1.09741e-07
113.88	1.09846e-07
113.9	1.09953e-07
113.92	1.10065e-07
113.94	1.1018e-07
113.96	1.103e-07
113.98	1.10423e-07
114	1.1055e-07
114.02	1.10681e-07
114.04	1.10816e-07
114.06	1.10954e-07
114.08	1.11097e-07
114.1	1.11243e-07
114.12	1.11394e-07
114.14	1.11549e-07
114.16	1.11707e-07
114.18	1.1187e-07
114.2	1.12037e-07
114.22	1.12207e-07
114.24	1.12382e-07
114.26	1.12561e-07
114.28	1.12745e-07
114.3	1.12932e-07
114.32	1.13124e-07
114.34	1.1332e-07
114.36	1.1352e-07
114.38	1.13725e-07
114.4	1.13934e-07
114.42	1.14147e-07
114.44	1.14365e-07
114.46	1.14587e-07
114.48	1.14814e-07
114.5	1.15045e-07
114.52	1.15281e-07
114.54	1.15521e-07
114.56	1.15766e-07
114.58	1.16016e-07
114.6	1.1627e-07
114.62	1.16529e-07
114.64	1.16793e-07
114.66	1.17062e-07
114.68	1.17336e-07
114.7	1.17615e-07
114.72	1.17898e-07
114.74	1.18187e-07
114.76	1.18481e-07
114.78	1.1878e-07
114.8	1.19084e-07
114.82	1.19393e-07
114.84	1.19708e-07
114.86	1.20028e-07
114.88	1.20354e-07
114.9	1.20685e-07
114.92	1.21021e-07
114.94	1.21363e-07
114.96	1.21711e-07
114.98	1.22064e-07
115	1.22424e-07
115.02	1.22789e-07
115.04	1.2316e-07
115.06	1.23537e-07
115.08	1.2392e-07
115.1	1.24309e-07
115.12	1.24705e-07
115.14	1.25107e-07
115.16	1.25515e-07
115.18	1.2593e-07
115.2	1.26351e-07
115.22	1.26779e-07
115.24	1.27214e-07
115.26	1.27655e-07
115.28	1.28104e-07
115.3	1.28559e-07
115.32	1.29022e-07
115.34	1.29491e-07
115.36	1.29969e-07
115.38	1.30453e-07
115.4	1.30945e-07
115.42	1.31445e-07
115.44	1.31953e-07
115.46	1.32468e-07
115.48	1.32992e-07
115.5	1.33524e-07
115.52	1.34064e-07
115.54	1.34612e-07
115.56	1.35169e-07
115.58	1.35735e-07
115.6	1.3631e-07
115.62	1.36893e-07
115.64	1.37486e-07
115.66	1.38088e-07
115.68	1.387e-07
115.7	1.39321e-07
115.72	1.39952e-07
115.74	1.40593e-07
115.76	1.41245e-07
115.78	1.41906e-07
115.8	1.42579e-07
115.82	1.43262e-07
115.84	1.43956e-07
115.86	1.44661e-07
115.88	1.45378e-07
115.9	1.46107e-07
115.92	1.46847e-07
115.94	1.476e-07
115.96	1.48365e-07
115.98	1.49143e-07
116	1.49934e-07
116.02	1.50738e-07
116.04	1.51555e-07
116.06	1.52387e-07
116.08	1.53233e-07
116.1	1.54093e-07
116.12	1.54968e-07
116.14	1.55859e-07
116.16	1.56765e-07
116.18	1.57687e-07
116.2	1.58626e-07
116.22	1.59581e-07
116.24	1.60554e-07
116.26	1.61544e-07
116.28	1.62553e-07
116.3	1.63581e-07
116.32	1.64627e-07
116.34	1.65694e-07
116.36	1.66781e-07
116.38	1.67889e-07
116.4	1.69019e-07
116.42	1.70171e-07
116.44	1.71346e-07
116.46	1.72545e-07
116.48	1.73768e-07
116.5	1.75017e-07
116.52	1.76292e-07
116.54	1.77595e-07
116.56	1.78925e-07
116.58	1.80285e-07
116.6	1.81675e-07
116.62	1.83097e-07
116.64	1.84552e-07
116.66	1.86041e-07
116.68	1.87565e-07
116.7	1.89127e-07
116.72	1.90728e-07
116.74	1.9237e-07
116.76	1.94054e-07
116.78	1.95784e-07
116.8	1.9756e-07
116.82	1.99387e-07
116.84	2.01266e-07
116.86	2.03202e-07
116.88	2.05196e-07
116.9	2.07255e-07
116.92	2.0938e-07
116.94	2.11579e-07
116.96	2.13855e-07
116.98	2.16217e-07
117	2.1867e-07
117.02	2.21224e-07
117.04	2.23889e-07
117.06	2.26678e-07
117.08	2.29605e-07
117.1	2.32689e-07
117.12	2.35954e-07
117.14	2.39429e-07
117.16	2.43158e-07
117.18	2.47198e-07
117.2	2.51634e-07
117.22	2.56604e-07
117.24	2.62348e-07
117.26	2.69347e-07
117.28	2.78754e-07
117.3	2.93874e-07
117.32	3.26389e-07
117.34	4.215e-07
117.36	6.89083e-07
117.38	1.34481e-06
117.4	2.87385e-06
117.42	6.11245e-06
117.44	1.216e-05
117.46	2.24812e-05
117.48	3.90454e-05
117.5	6.38478e-05
117.52	9.79291e-05
117.54	0.000140533
117.56	0.000188948
117.58	0.000239583
117.6	0.000289389
117.62	0.000336391
117.64	0.000379507
117.66	0.000418288
117.68	0.000452768
117.7	0.000483335
117.72	0.000510551
117.74	0.000534995
117.76	0.000557186
117.78	0.000577547
117.8	0.000596413
117.82	0.000614041
117.84	0.000630626
117.86	0.000646314
117.88	0.000661213
117.9	0.000675406
117.92	0.000688952
117.94	0.000701894
117.96	0.000714265
117.98	0.00072609
118	0.000737386
118.02	0.000748169
118.04	0.000758452
118.06	0.000768245
118.08	0.000777559
118.1	0.000786402
118.12	0.000794784
118.14	0.000802714
118.16	0.0008102
118.18	0.000817252
118.2	0.000823879
118.22	0.000830088
118.24	0.00083589
118.26	0.000841293
118.28	0.000846305
118.3	0.000850936
118.32	0.000855193
118.34	0.000859086
118.36	0.000862623
118.38	0.000865811
118.4	0.000868658
118.42	0.000871174
118.44	0.000873364
118.46	0.000875237
118.48	0.000876799
118.5	0.000878059
118.52	0.000879022
118.54	0.000879696
118.56	0.000880088
118.58	0.000880204
118.6	0.00088005
118.62	0.000879633
118.64	0.000878959
118.66	0.000878035
118.68	0.000876866
118.7	0.000875459
118.72	0.000873819
118.74	0.000871952
118.76	0.000869864
118.78	0.00086756
118.8	0.000865047
118.82	0.00086233
118.84	0.000859414
118.86	0.000856304
118.88	0.000853007
118.9	0.000849528
118.92	0.000845871
118.94	0.000842043
118.96	0.000838048
118.98	0.000833892
119	0.000829579
119.02	0.000825116
119.04	0.000820507
119.06	0.000815756
119.08	0.00081087
119.1	0.000805853
119.12	0.000800711
119.14	0.000795447
119.16	0.000790067
119.18	0.000784575
119.2	0.000778977
119.22	0.000773278
119.24	0.00076748
119.26	0.00076159
119.28	0.000755613
119.3	0.000749551
119.32	0.00074341
119.34	0.000737194
119.36	0.000730908
119.38	0.000724556
119.4	0.000718141
119.42	0.000711669
119.44	0.000705142
119.46	0.000698566
119.48	0.000691944
119.5	0.000685279
119.52	0.000678576
119.54	0.000671839
119.56	0.00066507
119.58	0.000658274
119.6	0.000651454
119.62	0.000644613
119.64	0.000637755
119.66	0.000630883
119.68	0.000624
119.7	0.00061711
119.72	0.000610215
119.74	0.000603317
119.76	0.000596421
119.78	0.000589529
119.8	0.000582643
119.82	0.000575767
119.84	0.000568901
119.86	0.00056205
119.88	0.000555216
119.9	0.0005484
119.92	0.000541606
119.94	0.000534834
119.96	0.000528087
119.98	0.000521368
120	0.000514678
120.02	0.000508019
120.04	0.000501393
120.06	0.000494801
120.08	0.000488245
120.1	0.000481727
120.12	0.000475247
120.14	0.000468809
120.16	0.000462413
120.18	0.000456059
120.2	0.000449751
120.22	0.000443488
120.24	0.000437271
120.26	0.000431103
120.28	0.000424984
120.3	0.000418914
120.32	0.000412895
120.34	0.000406927
120.36	0.000401012
120.38	0.00039515
120.4	0.000389342
120.42	0.000383588
120.44	0.000377889
120.46	0.000372246
120.48	0.000366658
120.5	0.000361127
120.52	0.000355653
120.54	0.000350236
120.56	0.000344876
120.58	0.000339574
120.6	0.000334331
120.62	0.000329145
120.64	0.000324018
120.66	0.00031895
120.68	0.00031394
120.7	0.000308989
120.72	0.000304096
120.74	0.000299263
120.76	0.000294488
120.78	0.000289772
120.8	0.000285114
120.82	0.000280515
120.84	0.000275975
120.86	0.000271493
120.88	0.000267069
120.9	0.000262702
120.92	0.000258394
120.94	0.000254142
120.96	0.000249948
120.98	0.000245811
121	0.000241731
121.02	0.000237706
121.04	0.000233738
121.06	0.000229826
121.08	0.000225968
121.1	0.000222166
121.12	0.000218418
121.14	0.000214724
121.16	0.000211084
121.18	0.000207497
121.2	0.000203963
121.22	0.000200481
121.24	0.000197051
121.26	0.000193673
121.28	0.000190346
121.3	0.000187069
121.32	0.000183843
121.34	0.000180666
121.36	0.000177538
121.38	0.000174459
121.4	0.000171428
121.42	0.000168444
121.44	0.000165508
121.46	0.000162618
121.48	0.000159774
121.5	0.000156975
121.52	0.000154222
121.54	0.000151513
121.56	0.000148848
121.58	0.000146226
121.6	0.000143648
121.62	0.000141111
121.64	0.000138617
121.66	0.000136163
121.68	0.000133751
121.7	0.000131379
121.72	0.000129046
121.74	0.000126753
121.76	0.000124498
121.78	0.000122281
121.8	0.000120102
121.82	0.00011796
121.84	0.000115855
121.86	0.000113786
121.88	0.000111752
121.9	0.000109753
121.92	0.000107789
121.94	0.000105859
121.96	0.000103962
121.98	0.000102098
122	0.000100267
122.02	9.84682e-05
122.04	9.67007e-05
122.06	9.49642e-05
122.08	9.32584e-05
122.1	9.15827e-05
122.12	8.99366e-05
122.14	8.83197e-05
122.16	8.67316e-05
122.18	8.51717e-05
122.2	8.36397e-05
122.22	8.21351e-05
122.24	8.06574e-05
122.26	7.92062e-05
122.28	7.7781e-05
122.3	7.63815e-05
122.32	7.50073e-05
122.34	7.36578e-05
122.36	7.23327e-05
122.38	7.10317e-05
122.4	6.97542e-05
122.42	6.84998e-05
122.44	6.72683e-05
122.46	6.60592e-05
122.48	6.48722e-05
122.5	6.37067e-05
122.52	6.25626e-05
122.54	6.14393e-05
122.56	6.03366e-05
122.58	5.92541e-05
122.6	5.81915e-05
122.62	5.71483e-05
122.64	5.61243e-05
122.66	5.51191e-05
122.68	5.41324e-05
122.7	5.31638e-05
122.72	5.2213e-05
122.74	5.12798e-05
122.76	5.03638e-05
122.78	4.94647e-05
122.8	4.85821e-05
122.82	4.77159e-05
122.84	4.68656e-05
122.86	4.6031e-05
122.88	4.52119e-05
122.9	4.44079e-05
122.92	4.36188e-05
122.94	4.28443e-05
122.96	4.20841e-05
122.98	4.13379e-05
123	4.06056e-05
123.02	3.98868e-05
123.04	3.91814e-05
123.06	3.84889e-05
123.08	3.78093e-05
123.1	3.71423e-05
123.12	3.64876e-05
123.14	3.58451e-05
123.16	3.52144e-05
123.18	3.45954e-05
123.2	3.39878e-05
123.22	3.33915e-05
123.24	3.28062e-05
123.26	3.22318e-05
123.28	3.16679e-05
123.3	3.11145e-05
123.32	3.05712e-05
123.34	3.00381e-05
123.36	2.95147e-05
123.38	2.9001e-05
123.4	2.84968e-05
123.42	2.80019e-05
123.44	2.75161e-05
123.46	2.70393e-05
123.48	2.65712e-05
123.5	2.61117e-05
123.52	2.56607e-05
123.54	2.5218e-05
123.56	2.47834e-05
123.58	2.43568e-05
123.6	2.3938e-05
123.62	2.35269e-05
123.64	2.31233e-05
123.66	2.27271e-05
123.68	2.23382e-05
123.7	2.19564e-05
123.72	2.15815e-05
123.74	2.12135e-05
123.76	2.08522e-05
123.78	2.04975e-05
123.8	2.01493e-05
123.82	1.98074e-05
123.84	1.94717e-05
123.86	1.91421e-05
123.88	1.88185e-05
123.9	1.85008e-05
123.92	1.81888e-05
123.94	1.78825e-05
123.96	1.75817e-05
123.98	1.72863e-05
124	1.69963e-05
124.02	1.67116e-05
124.04	1.64319e-05
124.06	1.61573e-05
124.08	1.58876e-05
124.1	1.56228e-05
124.12	1.53627e-05
124.14	1.51073e-05
124.16	1.48565e-05
124.18	1.46102e-05
124.2	1.43683e-05
124.22	1.41307e-05
124.24	1.38973e-05
124.26	1.36681e-05
124.28	1.3443e-05
124.3	1.32219e-05
124.32	1.30047e-05
124.34	1.27914e-05
124.36	1.25818e-05
124.38	1.2376e-05
124.4	1.21738e-05
124.42	1.19752e-05
124.44	1.17801e-05
124.46	1.15884e-05
124.48	1.14001e-05
124.5	1.12152e-05
124.52	1.10334e-05
124.54	1.08549e-05
124.56	1.06795e-05
124.58	1.05072e-05
124.6	1.03379e-05
124.62	1.01715e-05
124.64	1.00081e-05
124.66	9.84747e-06
124.68	9.68966e-06
124.7	9.53461e-06
124.72	9.38225e-06
124.74	9.23253e-06
124.76	9.08541e-06
124.78	8.94083e-06
124.8	8.79876e-06
124.82	8.65914e-06
124.84	8.52194e-06
124.86	8.38709e-06
124.88	8.25457e-06
124.9	8.12433e-06
124.92	7.99633e-06
124.94	7.87052e-06
124.96	7.74687e-06
124.98	7.62534e-06
125	7.50588e-06
125.02	7.38847e-06
125.04	7.27306e-06
125.06	7.15961e-06
125.08	7.0481e-06
125.1	6.93848e-06
125.12	6.83072e-06
125.14	6.7248e-06
125.16	6.62066e-06
125.18	6.51829e-06
125.2	6.41765e-06
125.22	6.31871e-06
125.24	6.22143e-06
125.26	6.1258e-06
125.28	6.03177e-06
125.3	5.93933e-06
125.32	5.84843e-06
125.34	5.75906e-06
125.36	5.67119e-06
125.38	5.58478e-06
125.4	5.49982e-06
125.42	5.41628e-06
125.44	5.33413e-06
125.46	5.25335e-06
125.48	5.17391e-06
125.5	5.09579e-06
125.52	5.01896e-06
125.54	4.94341e-06
125.56	4.86911e-06
125.58	4.79604e-06
125.6	4.72417e-06
125.62	4.65349e-06
125.64	4.58398e-06
125.66	4.51561e-06
125.68	4.44836e-06
125.7	4.38221e-06
125.72	4.31715e-06
125.74	4.25316e-06
125.76	4.19021e-06
125.78	4.12829e-06
125.8	4.06738e-06
125.82	4.00747e-06
125.84	3.94853e-06
125.86	3.89055e-06
125.88	3.83351e-06
125.9	3.77739e-06
125.92	3.72219e-06
125.94	3.66788e-06
125.96	3.61445e-06
125.98	3.56188e-06
126	3.51015e-06
126.02	3.45927e-06
126.04	3.4092e-06
126.06	3.35993e-06
126.08	3.31146e-06
126.1	3.26376e-06
126.12	3.21683e-06
126.14	3.17065e-06
126.16	3.12521e-06
126.18	3.08049e-06
126.2	3.03649e-06
126.22	2.99319e-06
126.24	2.95057e-06
126.26	2.90863e-06
126.28	2.86736e-06
126.3	2.82675e-06
126.32	2.78677e-06
126.34	2.74743e-06
126.36	2.70871e-06
126.38	2.6706e-06
126.4	2.63309e-06
126.42	2.59618e-06
126.44	2.55984e-06
126.46	2.52407e-06
126.48	2.48887e-06
126.5	2.45421e-06
126.52	2.4201e-06
126.54	2.38652e-06
126.56	2.35347e-06
126.58	2.32093e-06
126.6	2.2889e-06
126.62	2.25737e-06
126.64	2.22633e-06
126.66	2.19577e-06
126.68	2.16568e-06
126.7	2.13606e-06
126.72	2.1069e-06
126.74	2.07819e-06
126.76	2.04992e-06
126.78	2.02209e-06
126.8	1.99468e-06
126.82	1.9677e-06
126.84	1.94113e-06
126.86	1.91497e-06
126.88	1.88921e-06
126.9	1.86385e-06
126.92	1.83887e-06
126.94	1.81428e-06
126.96	1.79006e-06
126.98	1.76621e-06
127	1.74272e-06
127.02	1.71959e-06
127.04	1.69681e-06
127.06	1.67438e-06
127.08	1.65229e-06
127.1	1.63053e-06
127.12	1.6091e-06
127.14	1.588e-06
127.16	1.56721e-06
127.18	1.54674e-06
127.2	1.52657e-06
127.22	1.50671e-06
127.24	1.48714e-06
127.26	1.46787e-06
127.28	1.44889e-06
127.3	1.43019e-06
127.32	1.41177e-06
127.34	1.39363e-06
127.36	1.37576e-06
127.38	1.35815e-06
127.4	1.3408e-06
127.42	1.32371e-06
127.44	1.30688e-06
127.46	1.29029e-06
127.48	1.27396e-06
127.5	1.25786e-06
127.52	1.242e-06
127.54	1.22637e-06
127.56	1.21097e-06
127.58	1.1958e-06
127.6	1.18086e-06
127.62	1.16613e-06
127.64	1.15162e-06
127.66	1.13732e-06
127.68	1.12323e-06
127.7	1.10934e-06
127.72	1.09566e-06
127.74	1.08218e-06
127.76	1.06889e-06
127.78	1.0558e-06
127.8	1.0429e-06
127.82	1.03018e-06
127.84	1.01765e-06
127.86	1.0053e-06
127.88	9.93125e-07
127.9	9.81128e-07
127.92	9.69305e-07
127.94	9.57651e-07
127.96	9.46165e-07
127.98	9.34844e-07
128	9.23685e-07
128.02	9.12686e-07
128.04	9.01844e-07
128.06	8.91157e-07
128.08	8.80622e-07
128.1	8.70238e-07
128.12	8.60001e-07
128.14	8.4991e-07
128.16	8.39962e-07
128.18	8.30155e-07
128.2	8.20486e-07
128.22	8.10955e-07
128.24	8.01558e-07
128.26	7.92293e-07
128.28	7.83159e-07
128.3	7.74154e-07
128.32	7.65274e-07
128.34	7.5652e-07
128.36	7.47888e-07
128.38	7.39377e-07
128.4	7.30984e-07
128.42	7.22709e-07
128.44	7.1455e-07
128.46	7.06503e-07
128.48	6.98569e-07
128.5	6.90745e-07
128.52	6.83029e-07
128.54	6.7542e-07
128.56	6.67916e-07
128.58	6.60516e-07
128.6	6.53218e-07
128.62	6.4602e-07
128.64	6.38922e-07
128.66	6.31921e-07
128.68	6.25016e-07
128.7	6.18205e-07
128.72	6.11488e-07
128.74	6.04863e-07
128.76	5.98328e-07
128.78	5.91882e-07
128.8	5.85524e-07
128.82	5.79253e-07
128.84	5.73066e-07
128.86	5.66964e-07
128.88	5.60944e-07
128.9	5.55006e-07
128.92	5.49147e-07
128.94	5.43368e-07
128.96	5.37667e-07
128.98	5.32042e-07
129	5.26493e-07
129.02	5.21019e-07
129.04	5.15618e-07
129.06	5.10289e-07
129.08	5.05031e-07
129.1	4.99844e-07
129.12	4.94726e-07
129.14	4.89676e-07
129.16	4.84693e-07
129.18	4.79777e-07
129.2	4.74925e-07
129.22	4.70138e-07
129.24	4.65414e-07
129.26	4.60753e-07
129.28	4.56153e-07
129.3	4.51614e-07
129.32	4.47135e-07
129.34	4.42714e-07
129.36	4.38352e-07
129.38	4.34046e-07
129.4	4.29798e-07
129.42	4.25604e-07
129.44	4.21466e-07
129.46	4.17382e-07
129.48	4.1335e-07
129.5	4.09372e-07
129.52	4.05444e-07
129.54	4.01568e-07
129.56	3.97743e-07
129.58	3.93966e-07
129.6	3.90239e-07
129.62	3.8656e-07
129.64	3.82928e-07
129.66	3.79343e-07
129.68	3.75804e-07
129.7	3.72311e-07
129.72	3.68862e-07
129.74	3.65458e-07
129.76	3.62098e-07
129.78	3.5878e-07
129.8	3.55505e-07
129.82	3.52271e-07
129.84	3.49079e-07
129.86	3.45927e-07
129.88	3.42815e-07
129.9	3.39743e-07
129.92	3.3671e-07
129.94	3.33716e-07
129.96	3.30759e-07
129.98	3.27839e-07
130	3.24957e-07
130.02	3.2211e-07
130.04	3.193e-07
130.06	3.16525e-07
130.08	3.13785e-07
130.1	3.11079e-07
130.12	3.08407e-07
130.14	3.05769e-07
130.16	3.03163e-07
130.18	3.0059e-07
130.2	2.98049e-07
130.22	2.9554e-07
130.24	2.93062e-07
130.26	2.90615e-07
130.28	2.88198e-07
130.3	2.85812e-07
130.32	2.83455e-07
130.34	2.81127e-07
130.36	2.78827e-07
130.38	2.76557e-07
130.4	2.74314e-07
130.42	2.72099e-07
130.44	2.69911e-07
130.46	2.6775e-07
130.48	2.65616e-07
130.5	2.63507e-07
130.52	2.61425e-07
130.54	2.59368e-07
130.56	2.57337e-07
130.58	2.5533e-07
130.6	2.53348e-07
130.62	2.5139e-07
130.64	2.49455e-07
130.66	2.47545e-07
130.68	2.45657e-07
130.7	2.43793e-07
130.72	2.41951e-07
130.74	2.40132e-07
130.76	2.38334e-07
130.78	2.36559e-07
130.8	2.34804e-07
130.82	2.33072e-07
130.84	2.3136e-07
130.86	2.29668e-07
130.88	2.27997e-07
130.9	2.26346e-07
130.92	2.24716e-07
130.94	2.23104e-07
130.96	2.21512e-07
130.98	2.1994e-07
131	2.18386e-07
131.02	2.1685e-07
131.04	2.15334e-07
131.06	2.13835e-07
131.08	2.12354e-07
131.1	2.10891e-07
131.12	2.09446e-07
131.14	2.08018e-07
131.16	2.06606e-07
131.18	2.05212e-07
131.2	2.03834e-07
131.22	2.02473e-07
131.24	2.01128e-07
131.26	1.99799e-07
131.28	1.98486e-07
131.3	1.97188e-07
131.32	1.95906e-07
131.34	1.94639e-07
131.36	1.93387e-07
131.38	1.9215e-07
131.4	1.90928e-07
131.42	1.8972e-07
131.44	1.88527e-07
131.46	1.87347e-07
131.48	1.86182e-07
131.5	1.85031e-07
131.52	1.83893e-07
131.54	1.82769e-07
131.56	1.81657e-07
131.58	1.8056e-07
131.6	1.79475e-07
131.62	1.78403e-07
131.64	1.77343e-07
131.66	1.76297e-07
131.68	1.75262e-07
131.7	1.7424e-07
131.72	1.7323e-07
131.74	1.72232e-07
131.76	1.71246e-07
131.78	1.70272e-07
131.8	1.69309e-07
131.82	1.68357e-07
131.84	1.67417e-07
131.86	1.66488e-07
131.88	1.6557e-07
131.9	1.64662e-07
131.92	1.63766e-07
131.94	1.6288e-07
131.96	1.62005e-07
131.98	1.6114e-07
132	1.60286e-07
132.02	1.59441e-07
132.04	1.58607e-07
132.06	1.57783e-07
132.08	1.56968e-07
132.1	1.56163e-07
132.12	1.55368e-07
132.14	1.54583e-07
132.16	1.53806e-07
132.18	1.53039e-07
132.2	1.52282e-07
132.22	1.51533e-07
132.24	1.50793e-07
132.26	1.50063e-07
132.28	1.49341e-07
132.3	1.48627e-07
132.32	1.47923e-07
132.34	1.47227e-07
132.36	1.46539e-07
132.38	1.45859e-07
132.4	1.45188e-07
132.42	1.44525e-07
132.44	1.43871e-07
132.46	1.43224e-07
132.48	1.42585e-07
132.5	1.41954e-07
132.52	1.4133e-07
132.54	1.40714e-07
132.56	1.40106e-07
132.58	1.39506e-07
132.6	1.38912e-07
132.62	1.38327e-07
132.64	1.37748e-07
132.66	1.37177e-07
132.68	1.36612e-07
132.7	1.36055e-07
132.72	1.35505e-07
132.74	1.34962e-07
132.76	1.34425e-07
132.78	1.33896e-07
132.8	1.33373e-07
132.82	1.32857e-07
132.84	1.32347e-07
132.86	1.31844e-07
132.88	1.31347e-07
132.9	1.30857e-07
132.92	1.30373e-07
132.94	1.29896e-07
132.96	1.29424e-07
132.98	1.28959e-07
133	1.285e-07
133.02	1.28047e-07
133.04	1.276e-07
133.06	1.27159e-07
133.08	1.26723e-07
133.1	1.26294e-07
133.12	1.2587e-07
133.14	1.25453e-07
133.16	1.2504e-07
133.18	1.24634e-07
133.2	1.24233e-07
133.22	1.23837e-07
133.24	1.23447e-07
133.26	1.23063e-07
133.28	1.22684e-07
133.3	1.2231e-07
133.32	1.21941e-07
133.34	1.21578e-07
133.36	1.2122e-07
133.38	1.20867e-07
133.4	1.2052e-07
133.42	1.20177e-07
133.44	1.19839e-07
133.46	1.19507e-07
133.48	1.19179e-07
133.5	1.18857e-07
133.52	1.18539e-07
133.54	1.18226e-07
133.56	1.17918e-07
133.58	1.17614e-07
133.6	1.17316e-07
133.62	1.17022e-07
133.64	1.16733e-07
133.66	1.16448e-07
133.68	1.16168e-07
133.7	1.15893e-07
133.72	1.15622e-07
133.74	1.15356e-07
133.76	1.15094e-07
133.78	1.14836e-07
133.8	1.14583e-07
133.82	1.14335e-07
133.84	1.14091e-07
133.86	1.13851e-07
133.88	1.13615e-07
133.9	1.13384e-07
133.92	1.13157e-07
133.94	1.12934e-07
133.96	1.12715e-07
133.98	1.12501e-07
134	1.12291e-07
134.02	1.12084e-07
134.04	1.11882e-07
134.06	1.11684e-07
134.08	1.1149e-07
134.1	1.113e-07
134.12	1.11114e-07
134.14	1.10932e-07
134.16	1.10754e-07
134.18	1.1058e-07
134.2	1.1041e-07
134.22	1.10244e-07
134.24	1.10082e-07
134.26	1.09923e-07
134.28	1.09769e-07
134.3	1.09618e-07
134.32	1.09471e-07
134.34	1.09328e-07
134.36	1.09189e-07
134.38	1.09053e-07
134.4	1.08921e-07
134.42	1.08793e-07
134.44	1.08669e-07
134.46	1.08548e-07
134.48	1.08431e-07
134.5	1.08318e-07
134.52	1.08208e-07
134.54	1.08102e-07
134.56	1.08e-07
134.58	1.07901e-07
134.6	1.07806e-07
134.62	1.07715e-07
134.64	1.07627e-07
134.66	1.07543e-07
134.68	1.07462e-07
134.7	1.07385e-07
134.72	1.07312e-07
134.74	1.07242e-07
134.76	1.07175e-07
134.78	1.07112e-07
134.8	1.07053e-07
134.82	1.06997e-07
134.84	1.06945e-07
134.86	1.06896e-07
134.88	1.06851e-07
134.9	1.06809e-07
134.92	1.06771e-07
134.94	1.06736e-07
134.96	1.06704e-07
134.98	1.06677e-07
135	1.06652e-07
135.02	1.06631e-07
135.04	1.06614e-07
135.06	1.066e-07
135.08	1.0659e-07
135.1	1.06583e-07
135.12	1.06579e-07
135.14	1.06579e-07
135.16	1.06583e-07
135.18	1.0659e-07
135.2	1.066e-07
135.22	1.06614e-07
135.24	1.06632e-07
135.26	1.06653e-07
135.28	1.06677e-07
135.3	1.06705e-07
135.32	1.06736e-07
135.34	1.06771e-07
135.36	1.0681e-07
135.38	1.06852e-07
135.4	1.06897e-07
135.42	1.06946e-07
135.44	1.06999e-07
135.46	1.07055e-07
135.48	1.07114e-07
135.5	1.07177e-07
135.52	1.07244e-07
135.54	1.07314e-07
135.56	1.07388e-07
135.58	1.07466e-07
135.6	1.07547e-07
135.62	1.07632e-07
135.64	1.0772e-07
135.66	1.07812e-07
135.68	1.07907e-07
135.7	1.08007e-07
135.72	1.0811e-07
135.74	1.08216e-07
135.76	1.08327e-07
135.78	1.08441e-07
135.8	1.08559e-07
135.82	1.0868e-07
135.84	1.08805e-07
135.86	1.08935e-07
135.88	1.09067e-07
135.9	1.09204e-07
135.92	1.09345e-07
135.94	1.09489e-07
135.96	1.09638e-07
135.98	1.0979e-07
136	1.09946e-07
136.02	1.10106e-07
136.04	1.10271e-07
136.06	1.10439e-07
136.08	1.10611e-07
136.1	1.10787e-07
136.12	1.10967e-07
136.14	1.11152e-07
136.16	1.1134e-07
136.18	1.11533e-07
136.2	1.1173e-07
136.22	1.11931e-07
136.24	1.12137e-07
136.26	1.12346e-07
136.28	1.1256e-07
136.3	1.12779e-07
136.32	1.13001e-07
136.34	1.13229e-07
136.36	1.1346e-07
136.38	1.13696e-07
136.4	1.13937e-07
136.42	1.14182e-07
136.44	1.14432e-07
136.46	1.14686e-07
136.48	1.14945e-07
136.5	1.15209e-07
136.52	1.15478e-07
136.54	1.15751e-07
136.56	1.1603e-07
136.58	1.16313e-07
136.6	1.16601e-07
136.62	1.16894e-07
136.64	1.17193e-07
136.66	1.17496e-07
136.68	1.17805e-07
136.7	1.18119e-07
136.72	1.18438e-07
136.74	1.18762e-07
136.76	1.19092e-07
136.78	1.19427e-07
136.8	1.19768e-07
136.82	1.20114e-07
136.84	1.20466e-07
136.86	1.20824e-07
136.88	1.21188e-07
136.9	1.21557e-07
136.92	1.21932e-07
136.94	1.22313e-07
136.96	1.22701e-07
136.98	1.23094e-07
137	1.23494e-07
137.02	1.239e-07
137.04	1.24312e-07
137.06	1.24731e-07
137.08	1.25157e-07
137.1	1.25589e-07
137.12	1.26028e-07
137.14	1.26473e-07
137.16	1.26926e-07
137.18	1.27385e-07
137.2	1.27852e-07
137.22	1.28326e-07
137.24	1.28808e-07
137.26	1.29296e-07
137.28	1.29793e-07
137.3	1.30297e-07
137.32	1.30809e-07
137.34	1.31328e-07
137.36	1.31856e-07
137.38	1.32392e-07
137.4	1.32936e-07
137.42	1.33489e-07
137.44	1.34051e-07
137.46	1.34621e-07
137.48	1.352e-07
137.5	1.35788e-07
137.52	1.36385e-07
137.54	1.36991e-07
137.56	1.37608e-07
137.58	1.38233e-07
137.6	1.38869e-07
137.62	1.39515e-07
137.64	1.40171e-07
137.66	1.40837e-07
137.68	1.41515e-07
137.7	1.42203e-07
137.72	1.42902e-07
137.74	1.43612e-07
137.76	1.44334e-07
137.78	1.45068e-07
137.8	1.45813e-07
137.82	1.46571e-07
137.84	1.47342e-07
137.86	1.48125e-07
137.88	1.48922e-07
137.9	1.49732e-07
137.92	1.50555e-07
137.94	1.51393e-07
137.96	1.52245e-07
137.98	1.53111e-07
138	1.53993e-07
138.02	1.5489e-07
138.04	1.55803e-07
138.06	1.56732e-07
138.08	1.57677e-07
138.1	1.5864e-07
138.12	1.5962e-07
138.14	1.60618e-07
138.16	1.61635e-07
138.18	1.6267e-07
138.2	1.63725e-07
138.22	1.64801e-07
138.24	1.65897e-07
138.26	1.67014e-07
138.28	1.68153e-07
138.3	1.69315e-07
138.32	1.705e-07
138.34	1.7171e-07
138.36	1.72944e-07
138.38	1.74205e-07
138.4	1.75492e-07
138.42	1.76807e-07
138.44	1.7815e-07
138.46	1.79524e-07
138.48	1.80928e-07
138.5	1.82365e-07
138.52	1.83835e-07
138.54	1.85341e-07
138.56	1.86883e-07
138.58	1.88463e-07
138.6	1.90083e-07
138.62	1.91745e-07
138.64	1.93451e-07
138.66	1.95204e-07
138.68	1.97005e-07
138.7	1.98858e-07
138.72	2.00766e-07
138.74	2.02731e-07
138.76	2.04759e-07
138.78	2.06852e-07
138.8	2.09016e-07
138.82	2.11256e-07
138.84	2.13578e-07
138.86	2.1599e-07
138.88	2.18499e-07
138.9	2.21116e-07
138.92	2.23851e-07
138.94	2.2672e-07
138.96	2.29738e-07
138.98	2.32929e-07
139	2.36321e-07
139.02	2.39951e-07
139.04	2.43871e-07
139.06	2.48158e-07
139.08	2.52931e-07
139.1	2.58391e-07
139.12	2.64928e-07
139.14	2.73425e-07
139.16	2.86309e-07
139.18	3.11474e-07
139.2	3.82448e-07
139.22	5.89631e-07
139.24	1.1085e-06
139.26	2.33617e-06
139.28	5.0204e-06
139.3	1.0196e-05
139.32	1.92052e-05
139.34	3.38985e-05
139.36	5.63585e-05
139.38	8.79842e-05
139.4	0.000128561
139.42	0.000175845
139.44	0.000226314
139.46	0.000276669
139.48	0.000324643
139.5	0.000368941
139.52	0.000408964
139.54	0.000444627
139.56	0.00047624
139.58	0.000504337
139.6	0.000529507
139.62	0.000552289
139.64	0.000573136
139.66	0.000592404
139.68	0.000610372
139.7	0.000627249
139.72	0.000643192
139.74	0.000658322
139.76	0.000672725
139.78	0.000686467
139.8	0.000699594
139.82	0.000712142
139.84	0.000724137
139.86	0.000735599
139.88	0.000746543
139.9	0.000756983
139.92	0.000766931
139.94	0.000776395
139.96	0.000785386
139.98	0.000793912
140	0.000801983
140.02	0.000809608
140.04	0.000816795
140.06	0.000823554
140.08	0.000829892
140.1	0.00083582
140.12	0.000841346
140.14	0.000846478
140.16	0.000851226
140.18	0.000855597
140.2	0.000859601
140.22	0.000863246
140.24	0.000866539
140.26	0.00086949
140.28	0.000872105
140.3	0.000874393
140.32	0.00087636
140.34	0.000878015
140.36	0.000879364
140.38	0.000880415
140.4	0.000881174
140.42	0.000881648
140.44	0.000881844
140.46	0.000881768
140.48	0.000881427
140.5	0.000880826
140.52	0.000879973
140.54	0.000878874
140.56	0.000877533
140.58	0.000875958
140.6	0.000874154
140.62	0.000872127
140.64	0.000869882
140.66	0.000867425
140.68	0.000864763
140.7	0.000861899
140.72	0.000858841
140.74	0.000855593
140.76	0.00085216
140.78	0.000848549
140.8	0.000844764
140.82	0.00084081
140.84	0.000836694
140.86	0.000832419
140.88	0.000827992
140.9	0.000823417
140.92	0.000818699
140.94	0.000813844
140.96	0.000808857
140.98	0.000803741
141	0.000798503
141.02	0.000793147
141.04	0.000787678
141.06	0.000782101
141.08	0.000776421
141.1	0.000770641
141.12	0.000764768
141.14	0.000758805
141.16	0.000752756
141.18	0.000746627
141.2	0.000740422
141.22	0.000734145
141.24	0.0007278
141.26	0.000721392
141.28	0.000714924
141.3	0.000708402
141.32	0.000701828
141.34	0.000695206
141.36	0.000688542
141.38	0.000681838
141.4	0.000675098
141.42	0.000668325
141.44	0.000661525
141.46	0.000654699
141.48	0.000647851
141.5	0.000640985
141.52	0.000634105
141.54	0.000627212
141.56	0.000620311
141.58	0.000613404
141.6	0.000606494
141.62	0.000599585
141.64	0.000592678
141.66	0.000585777
141.68	0.000578885
141.7	0.000572004
141.72	0.000565135
141.74	0.000558283
141.76	0.000551449
141.78	0.000544635
141.8	0.000537844
141.82	0.000531077
141.84	0.000524337
141.86	0.000517625
141.88	0.000510944
141.9	0.000504296
141.92	0.000497681
141.94	0.000491102
141.96	0.00048456
141.98	0.000478057
142	0.000471595
142.02	0.000465173
142.04	0.000458795
142.06	0.000452461
142.08	0.000446173
142.1	0.000439931
142.12	0.000433737
142.14	0.000427591
142.16	0.000421495
142.18	0.000415449
142.2	0.000409455
142.22	0.000403513
142.24	0.000397624
142.26	0.000391789
142.28	0.000386008
142.3	0.000380282
142.32	0.000374611
142.34	0.000368996
142.36	0.000363438
142.38	0.000357936
142.4	0.000352492
142.42	0.000347105
142.44	0.000341776
142.46	0.000336505
142.48	0.000331292
142.5	0.000326138
142.52	0.000321043
142.54	0.000316006
142.56	0.000311028
142.58	0.000306109
142.6	0.000301248
142.62	0.000296447
142.64	0.000291704
142.66	0.000287021
142.68	0.000282396
142.7	0.000277829
142.72	0.000273321
142.74	0.000268871
142.76	0.000264479
142.78	0.000260145
142.8	0.000255869
142.82	0.00025165
142.84	0.000247488
142.86	0.000243383
142.88	0.000239334
142.9	0.000235342
142.92	0.000231405
142.94	0.000227524
142.96	0.000223698
142.98	0.000219926
143	0.000216209
143.02	0.000212546
143.04	0.000208937
143.06	0.00020538
143.08	0.000201876
143.1	0.000198425
143.12	0.000195025
143.14	0.000191676
143.16	0.000188378
143.18	0.000185131
143.2	0.000181933
143.22	0.000178785
143.24	0.000175685
143.26	0.000172634
143.28	0.00016963
143.3	0.000166674
143.32	0.000163765
143.34	0.000160902
143.36	0.000158085
143.38	0.000155313
143.4	0.000152586
143.42	0.000149902
143.44	0.000147263
143.46	0.000144667
143.48	0.000142113
143.5	0.000139601
143.52	0.000137131
143.54	0.000134702
143.56	0.000132313
143.58	0.000129964
143.6	0.000127655
143.62	0.000125385
143.64	0.000123152
143.66	0.000120958
143.68	0.000118801
143.7	0.000116681
143.72	0.000114597
143.74	0.000112549
143.76	0.000110536
143.78	0.000108558
143.8	0.000106614
143.82	0.000104704
143.84	0.000102827
143.86	0.000100983
143.88	9.91707e-05
143.9	9.73905e-05
143.92	9.56416e-05
143.94	9.39235e-05
143.96	9.22357e-05
143.98	9.05778e-05
144	8.89492e-05
144.02	8.73496e-05
144.04	8.57785e-05
144.06	8.42353e-05
144.08	8.27198e-05
144.1	8.12313e-05
144.12	7.97696e-05
144.14	7.83341e-05
144.16	7.69244e-05
144.18	7.55401e-05
144.2	7.41808e-05
144.22	7.28461e-05
144.24	7.15355e-05
144.26	7.02487e-05
144.28	6.89852e-05
144.3	6.77446e-05
144.32	6.65267e-05
144.34	6.53309e-05
144.36	6.41569e-05
144.38	6.30044e-05
144.4	6.18729e-05
144.42	6.07621e-05
144.44	5.96716e-05
144.46	5.86012e-05
144.48	5.75503e-05
144.5	5.65188e-05
144.52	5.55062e-05
144.54	5.45122e-05
144.56	5.35365e-05
144.58	5.25788e-05
144.6	5.16387e-05
144.62	5.07159e-05
144.64	4.98101e-05
144.66	4.89211e-05
144.68	4.80485e-05
144.7	4.71919e-05
144.72	4.63513e-05
144.74	4.55261e-05
144.76	4.47162e-05
144.78	4.39213e-05
144.8	4.3141e-05
144.82	4.23752e-05
144.84	4.16236e-05
144.86	4.08859e-05
144.88	4.01618e-05
144.9	3.94512e-05
144.92	3.87537e-05
144.94	3.80691e-05
144.96	3.73972e-05
144.98	3.67377e-05
145	3.60904e-05
145.02	3.54551e-05
145.04	3.48316e-05
145.06	3.42196e-05
145.08	3.36189e-05
145.1	3.30293e-05
145.12	3.24507e-05
145.14	3.18827e-05
145.16	3.13252e-05
145.18	3.0778e-05
145.2	3.0241e-05
145.22	2.97138e-05
145.24	2.91964e-05
145.26	2.86885e-05
145.28	2.819e-05
145.3	2.77007e-05
145.32	2.72204e-05
145.34	2.67489e-05
145.36	2.62861e-05
145.38	2.58318e-05
145.4	2.53859e-05
145.42	2.49482e-05
145.44	2.45185e-05
145.46	2.40967e-05
145.48	2.36826e-05
145.5	2.32761e-05
145.52	2.28771e-05
145.54	2.24854e-05
145.56	2.21008e-05
145.58	2.17233e-05
145.6	2.13526e-05
145.62	2.09888e-05
145.64	2.06315e-05
145.66	2.02808e-05
145.68	1.99364e-05
145.7	1.95984e-05
145.72	1.92664e-05
145.74	1.89405e-05
145.76	1.86205e-05
145.78	1.83063e-05
145.8	1.79979e-05
145.82	1.76949e-05
145.84	1.73975e-05
145.86	1.71054e-05
145.88	1.68187e-05
145.9	1.6537e-05
145.92	1.62605e-05
145.94	1.59889e-05
145.96	1.57223e-05
145.98	1.54604e-05
146	1.52032e-05
146.02	1.49506e-05
146.04	1.47026e-05
146.06	1.44589e-05
146.08	1.42197e-05
146.1	1.39847e-05
146.12	1.37539e-05
146.14	1.35272e-05
146.16	1.33046e-05
146.18	1.30859e-05
146.2	1.28711e-05
146.22	1.26601e-05
146.24	1.24528e-05
146.26	1.22493e-05
146.28	1.20493e-05
146.3	1.18528e-05
146.32	1.16599e-05
146.34	1.14703e-05
146.36	1.1284e-05
146.38	1.11011e-05
146.4	1.09213e-05
146.42	1.07447e-05
146.44	1.05712e-05
146.46	1.04008e-05
146.48	1.02333e-05
146.5	1.00687e-05
146.52	9.90704e-06
146.54	9.74818e-06
146.56	9.59207e-06
146.58	9.43868e-06
146.6	9.28796e-06
146.62	9.13985e-06
146.64	8.9943e-06
146.66	8.85128e-06
146.68	8.71072e-06
146.7	8.5726e-06
146.72	8.43685e-06
146.74	8.30345e-06
146.76	8.17234e-06
146.78	8.04349e-06
146.8	7.91684e-06
146.82	7.79237e-06
146.84	7.67003e-06
146.86	7.54979e-06
146.88	7.4316e-06
146.9	7.31543e-06
146.92	7.20123e-06
146.94	7.08899e-06
146.96	6.97865e-06
146.98	6.87019e-06
147	6.76356e-06
147.02	6.65875e-06
147.04	6.55571e-06
147.06	6.45441e-06
147.08	6.35483e-06
147.1	6.25692e-06
147.12	6.16066e-06
147.14	6.06603e-06
147.16	5.97298e-06
147.18	5.8815e-06
147.2	5.79155e-06
147.22	5.70311e-06
147.24	5.61615e-06
147.26	5.53064e-06
147.28	5.44656e-06
147.3	5.36389e-06
147.32	5.28259e-06
147.34	5.20264e-06
147.36	5.12402e-06
147.38	5.04671e-06
147.4	4.97067e-06
147.42	4.8959e-06
147.44	4.82236e-06
147.46	4.75004e-06
147.48	4.67892e-06
147.5	4.60896e-06
147.52	4.54016e-06
147.54	4.47248e-06
147.56	4.40592e-06
147.58	4.34045e-06
147.6	4.27606e-06
147.62	4.21271e-06
147.64	4.15041e-06
147.66	4.08912e-06
147.68	4.02883e-06
147.7	3.96952e-06
147.72	3.91118e-06
147.74	3.85379e-06
147.76	3.79732e-06
147.78	3.74178e-06
147.8	3.68713e-06
147.82	3.63337e-06
147.84	3.58047e-06
147.86	3.52843e-06
147.88	3.47723e-06
147.9	3.42686e-06
147.92	3.37729e-06
147.94	3.32852e-06
147.96	3.28053e-06
147.98	3.23331e-06
148	3.18685e-06
148.02	3.14113e-06
148.04	3.09614e-06
148.06	3.05187e-06
148.08	3.00831e-06
148.1	2.96543e-06
148.12	2.92324e-06
148.14	2.88172e-06
148.16	2.84086e-06
148.18	2.80065e-06
148.2	2.76107e-06
148.22	2.72212e-06
148.24	2.68378e-06
148.26	2.64605e-06
148.28	2.60891e-06
148.3	2.57235e-06
148.32	2.53637e-06
148.34	2.50096e-06
148.36	2.4661e-06
148.38	2.43179e-06
148.4	2.39801e-06
148.42	2.36476e-06
148.44	2.33203e-06
148.46	2.29981e-06
148.48	2.26809e-06
148.5	2.23687e-06
148.52	2.20613e-06
148.54	2.17587e-06
148.56	2.14607e-06
148.58	2.11674e-06
148.6	2.08786e-06
148.62	2.05943e-06
148.64	2.03143e-06
148.66	2.00387e-06
148.68	1.97673e-06
148.7	1.95001e-06
148.72	1.9237e-06
148.74	1.89779e-06
148.76	1.87228e-06
148.78	1.84716e-06
148.8	1.82243e-06
148.82	1.79807e-06
148.84	1.77408e-06
148.86	1.75046e-06
148.88	1.7272e-06
148.9	1.70429e-06
148.92	1.68173e-06
148.94	1.65951e-06
148.96	1.63763e-06
148.98	1.61608e-06
149	1.59486e-06
149.02	1.57395e-06
149.04	1.55336e-06
149.06	1.53308e-06
149.08	1.51311e-06
149.1	1.49344e-06
149.12	1.47406e-06
149.14	1.45497e-06
149.16	1.43617e-06
149.18	1.41764e-06
149.2	1.3994e-06
149.22	1.38143e-06
149.24	1.36372e-06
149.26	1.34628e-06
149.28	1.3291e-06
149.3	1.31217e-06
149.32	1.29549e-06
149.34	1.27907e-06
149.36	1.26288e-06
149.38	1.24693e-06
149.4	1.23122e-06
149.42	1.21574e-06
149.44	1.20049e-06
149.46	1.18546e-06
149.48	1.17065e-06
149.5	1.15606e-06
149.52	1.14168e-06
149.54	1.12752e-06
149.56	1.11356e-06
149.58	1.0998e-06
149.6	1.08625e-06
149.62	1.07289e-06
149.64	1.05973e-06
149.66	1.04676e-06
149.68	1.03397e-06
149.7	1.02137e-06
149.72	1.00896e-06
149.74	9.96719e-07
149.76	9.84658e-07
149.78	9.72772e-07
149.8	9.61057e-07
149.82	9.4951e-07
149.84	9.38129e-07
149.86	9.26912e-07
149.88	9.15855e-07
149.9	9.04956e-07
149.92	8.94213e-07
149.94	8.83624e-07
149.96	8.73185e-07
149.98	8.62895e-07
150	8.52752e-07
150.02	8.42752e-07
150.04	8.32894e-07
150.06	8.23176e-07
150.08	8.13595e-07
150.1	8.0415e-07
150.12	7.94838e-07
150.14	7.85657e-07
150.16	7.76605e-07
150.18	7.67681e-07
150.2	7.58881e-07
150.22	7.50205e-07
150.24	7.41651e-07
150.26	7.33216e-07
150.28	7.24899e-07
150.3	7.16698e-07
150.32	7.08611e-07
150.34	7.00637e-07
150.36	6.92773e-07
150.38	6.85018e-07
150.4	6.77371e-07
150.42	6.6983e-07
150.44	6.62393e-07
150.46	6.55058e-07
150.48	6.47825e-07
150.5	6.40691e-07
150.52	6.33656e-07
150.54	6.26716e-07
150.56	6.19872e-07
150.58	6.13122e-07
150.6	6.06464e-07
150.62	5.99897e-07
150.64	5.9342e-07
150.66	5.87031e-07
150.68	5.80729e-07
150.7	5.74512e-07
150.72	5.6838e-07
150.74	5.62331e-07
150.76	5.56363e-07
150.78	5.50477e-07
150.8	5.4467e-07
150.82	5.38941e-07
150.84	5.33289e-07
150.86	5.27713e-07
150.88	5.22213e-07
150.9	5.16786e-07
150.92	5.11431e-07
150.94	5.06149e-07
150.96	5.00936e-07
150.98	4.95794e-07
151	4.9072e-07
151.02	4.85713e-07
151.04	4.80773e-07
151.06	4.75899e-07
151.08	4.71089e-07
151.1	4.66343e-07
151.12	4.6166e-07
151.14	4.57039e-07
151.16	4.52478e-07
151.18	4.47978e-07
151.2	4.43537e-07
151.22	4.39154e-07
151.24	4.34829e-07
151.26	4.3056e-07
151.28	4.26347e-07
151.3	4.2219e-07
151.32	4.18086e-07
151.34	4.14036e-07
151.36	4.10039e-07
151.38	4.06094e-07
151.4	4.022e-07
151.42	3.98357e-07
151.44	3.94563e-07
151.46	3.90819e-07
151.48	3.87123e-07
151.5	3.83474e-07
151.52	3.79873e-07
151.54	3.76318e-07
151.56	3.72809e-07
151.58	3.69344e-07
151.6	3.65925e-07
151.62	3.62549e-07
151.64	3.59216e-07
151.66	3.55926e-07
151.68	3.52678e-07
151.7	3.49471e-07
151.72	3.46305e-07
151.74	3.4318e-07
151.76	3.40094e-07
151.78	3.37047e-07
151.8	3.34039e-07
151.82	3.31069e-07
151.84	3.28136e-07
151.86	3.25241e-07
151.88	3.22382e-07
151.9	3.19559e-07
151.92	3.16771e-07
151.94	3.14019e-07
151.96	3.11301e-07
151.98	3.08617e-07
152	3.05967e-07
152.02	3.0335e-07
152.04	3.00766e-07
152.06	2.98214e-07
152.08	2.95693e-07
152.1	2.93204e-07
152.12	2.90746e-07
152.14	2.88319e-07
152.16	2.85922e-07
152.18	2.83554e-07
152.2	2.81216e-07
152.22	2.78906e-07
152.24	2.76626e-07
152.26	2.74373e-07
152.28	2.72148e-07
152.3	2.69951e-07
152.32	2.6778e-07
152.34	2.65636e-07
152.36	2.63519e-07
152.38	2.61427e-07
152.4	2.59362e-07
152.42	2.57321e-07
152.44	2.55305e-07
152.46	2.53314e-07
152.48	2.51348e-07
152.5	2.49405e-07
152.52	2.47486e-07
152.54	2.4559e-07
152.56	2.43717e-07
152.58	2.41867e-07
152.6	2.4004e-07
152.62	2.38235e-07
152.64	2.36451e-07
152.66	2.34689e-07
152.68	2.32948e-07
152.7	2.31229e-07
152.72	2.2953e-07
152.74	2.27852e-07
152.76	2.26194e-07
152.78	2.24555e-07
152.8	2.22937e-07
152.82	2.21338e-07
152.84	2.19758e-07
152.86	2.18197e-07
152.88	2.16655e-07
152.9	2.15131e-07
152.92	2.13626e-07
152.94	2.12139e-07
152.96	2.10669e-07
152.98	2.09217e-07
153	2.07782e-07
153.02	2.06365e-07
153.04	2.04964e-07
153.06	2.0358e-07
153.08	2.02212e-07
153.1	2.00861e-07
153.12	1.99526e-07
153.14	1.98207e-07
153.16	1.96903e-07
153.18	1.95615e-07
153.2	1.94342e-07
153.22	1.93085e-07
153.24	1.91842e-07
153.26	1.90614e-07
153.28	1.894e-07
153.3	1.88201e-07
153.32	1.87016e-07
153.34	1.85845e-07
153.36	1.84689e-07
153.38	1.83545e-07
153.4	1.82415e-07
153.42	1.81299e-07
153.44	1.80196e-07
153.46	1.79106e-07
153.48	1.78029e-07
153.5	1.76964e-07
153.52	1.75912e-07
153.54	1.74873e-07
153.56	1.73845e-07
153.58	1.7283e-07
153.6	1.71827e-07
153.62	1.70836e-07
153.64	1.69857e-07
153.66	1.68889e-07
153.68	1.67932e-07
153.7	1.66987e-07
153.72	1.66053e-07
153.74	1.6513e-07
153.76	1.64218e-07
153.78	1.63317e-07
153.8	1.62427e-07
153.82	1.61547e-07
153.84	1.60677e-07
153.86	1.59818e-07
153.88	1.58969e-07
153.9	1.5813e-07
153.92	1.57301e-07
153.94	1.56482e-07
153.96	1.55673e-07
153.98	1.54873e-07
154	1.54083e-07
154.02	1.53302e-07
154.04	1.52531e-07
154.06	1.51769e-07
154.08	1.51016e-07
154.1	1.50271e-07
154.12	1.49536e-07
154.14	1.4881e-07
154.16	1.48092e-07
154.18	1.47383e-07
154.2	1.46683e-07
154.22	1.45991e-07
154.24	1.45307e-07
154.26	1.44632e-07
154.28	1.43965e-07
154.3	1.43305e-07
154.32	1.42654e-07
154.34	1.42011e-07
154.36	1.41376e-07
154.38	1.40748e-07
154.4	1.40128e-07
154.42	1.39516e-07
154.44	1.38911e-07
154.46	1.38313e-07
154.48	1.37723e-07
154.5	1.3714e-07
154.52	1.36565e-07
154.54	1.35996e-07
154.56	1.35435e-07
154.58	1.34881e-07
154.6	1.34333e-07
154.62	1.33793e-07
154.64	1.33259e-07
154.66	1.32732e-07
154.68	1.32211e-07
154.7	1.31697e-07
154.72	1.3119e-07
154.74	1.30689e-07
154.76	1.30195e-07
154.78	1.29707e-07
154.8	1.29225e-07
154.82	1.28749e-07
154.84	1.2828e-07
154.86	1.27817e-07
154.88	1.27359e-07
154.9	1.26908e-07
154.92	1.26463e-07
154.94	1.26023e-07
154.96	1.25589e-07
154.98	1.25162e-07
155	1.24739e-07
155.02	1.24323e-07
155.04	1.23912e-07
155.06	1.23507e-07
155.08	1.23107e-07
155.1	1.22713e-07
155.12	1.22324e-07
155.14	1.2194e-07
155.16	1.21562e-07
155.18	1.21189e-07
155.2	1.20822e-07
155.22	1.20459e-07
155.24	1.20102e-07
155.26	1.1975e-07
155.28	1.19403e-07
155.3	1.19061e-07
155.32	1.18724e-07
155.34	1.18392e-07
155.36	1.18065e-07
155.38	1.17742e-07
155.4	1.17425e-07
155.42	1.17112e-07
155.44	1.16804e-07
155.46	1.16501e-07
155.48	1.16202e-07
155.5	1.15909e-07
155.52	1.15619e-07
155.54	1.15335e-07
155.56	1.15055e-07
155.58	1.14779e-07
155.6	1.14508e-07
155.62	1.14241e-07
155.64	1.13979e-07
155.66	1.13721e-07
155.68	1.13468e-07
155.7	1.13219e-07
155.72	1.12974e-07
155.74	1.12733e-07
155.76	1.12497e-07
155.78	1.12265e-07
155.8	1.12037e-07
155.82	1.11813e-07
155.84	1.11594e-07
155.86	1.11378e-07
155.88	1.11167e-07
155.9	1.1096e-07
155.92	1.10757e-07
155.94	1.10557e-07
155.96	1.10362e-07
155.98	1.10171e-07
156	1.09984e-07
156.02	1.098e-07
156.04	1.09621e-07
156.06	1.09445e-07
156.08	1.09274e-07
156.1	1.09106e-07
156.12	1.08942e-07
156.14	1.08782e-07
156.16	1.08625e-07
156.18	1.08473e-07
156.2	1.08324e-07
156.22	1.08179e-07
156.24	1.08037e-07
156.26	1.07899e-07
156.28	1.07765e-07
156.3	1.07635e-07
156.32	1.07509e-07
156.34	1.07386e-07
156.36	1.07266e-07
156.38	1.0715e-07
156.4	1.07038e-07
156.42	1.0693e-07
156.44	1.06825e-07
156.46	1.06723e-07
156.48	1.06626e-07
156.5	1.06531e-07
156.52	1.06441e-07
156.54	1.06353e-07
156.56	1.0627e-07
156.58	1.06189e-07
156.6	1.06113e-07
156.62	1.0604e-07
156.64	1.0597e-07
156.66	1.05904e-07
156.68	1.05841e-07
156.7	1.05781e-07
156.72	1.05726e-07
156.74	1.05673e-07
156.76	1.05624e-07
156.78	1.05579e-07
156.8	1.05537e-07
156.82	1.05498e-07
156.84	1.05463e-07
156.86	1.05431e-07
156.88	1.05402e-07
156.9	1.05377e-07
156.92	1.05356e-07
156.94	1.05337e-07
156.96	1.05323e-07
156.98	1.05311e-07
157	1.05303e-07
157.02	1.05299e-07
157.04	1.05297e-07
157.06	1.053e-07
157.08	1.05305e-07
157.1	1.05314e-07
157.12	1.05327e-07
157.14	1.05342e-07
157.16	1.05362e-07
157.18	1.05384e-07
157.2	1.0541e-07
157.22	1.0544e-07
157.24	1.05473e-07
157.26	1.05509e-07
157.28	1.05549e-07
157.3	1.05592e-07
157.32	1.05639e-07
157.34	1.05689e-07
157.36	1.05742e-07
157.38	1.05799e-07
157.4	1.0586e-07
157.42	1.05924e-07
157.44	1.05991e-07
157.46	1.06062e-07
157.48	1.06137e-07
157.5	1.06214e-07
157.52	1.06296e-07
157.54	1.06381e-07
157.56	1.0647e-07
157.58	1.06562e-07
157.6	1.06657e-07
157.62	1.06757e-07
157.64	1.0686e-07
157.66	1.06966e-07
157.68	1.07076e-07
157.7	1.0719e-07
157.72	1.07307e-07
157.74	1.07429e-07
157.76	1.07553e-07
157.78	1.07682e-07
157.8	1.07814e-07
157.82	1.0795e-07
157.84	1.0809e-07
157.86	1.08233e-07
157.88	1.08381e-07
157.9	1.08532e-07
157.92	1.08687e-07
157.94	1.08846e-07
157.96	1.09009e-07
157.98	1.09175e-07
158	1.09346e-07
158.02	1.0952e-07
158.04	1.09699e-07
158.06	1.09882e-07
158.08	1.10068e-07
158.1	1.10259e-07
158.12	1.10454e-07
158.14	1.10653e-07
158.16	1.10856e-07
158.18	1.11063e-07
158.2	1.11275e-07
158.22	1.1149e-07
158.24	1.11711e-07
158.26	1.11935e-07
158.28	1.12164e-07
158.3	1.12397e-07
158.32	1.12634e-07
158.34	1.12876e-07
158.36	1.13123e-07
158.38	1.13374e-07
158.4	1.1363e-07
158.42	1.1389e-07
158.44	1.14155e-07
158.46	1.14424e-07
158.48	1.14699e-07
158.5	1.14978e-07
158.52	1.15262e-07
158.54	1.15551e-07
158.56	1.15845e-07
158.58	1.16144e-07
158.6	1.16448e-07
158.62	1.16757e-07
158.64	1.17071e-07
158.66	1.1739e-07
158.68	1.17715e-07
158.7	1.18045e-07
158.72	1.1838e-07
158.74	1.18721e-07
158.76	1.19068e-07
158.78	1.19419e-07
158.8	1.19777e-07
158.82	1.2014e-07
158.84	1.20509e-07
158.86	1.20884e-07
158.88	1.21265e-07
158.9	1.21652e-07
158.92	1.22044e-07
158.94	1.22443e-07
158.96	1.22849e-07
158.98	1.2326e-07
159	1.23678e-07
159.02	1.24102e-07
159.04	1.24533e-07
159.06	1.24971e-07
159.08	1.25415e-07
159.1	1.25866e-07
159.12	1.26324e-07
159.14	1.26789e-07
159.16	1.27262e-07
159.18	1.27741e-07
159.2	1.28228e-07
159.22	1.28723e-07
159.24	1.29224e-07
159.26	1.29734e-07
159.28	1.30252e-07
159.3	1.30777e-07
159.32	1.3131e-07
159.34	1.31852e-07
159.36	1.32402e-07
159.38	1.32961e-07
159.4	1.33528e-07
159.42	1.34104e-07
159.44	1.34688e-07
159.46	1.35282e-07
159.48	1.35886e-07
159.5	1.36498e-07
159.52	1.3712e-07
159.54	1.37752e-07
159.56	1.38394e-07
159.58	1.39046e-07
159.6	1.39708e-07
159.62	1.40381e-07
159.64	1.41064e-07
159.66	1.41759e-07
159.68	1.42464e-07
159.7	1.43181e-07
159.72	1.43909e-07
159.74	1.4465e-07
159.76	1.45402e-07
159.78	1.46167e-07
159.8	1.46944e-07
159.82	1.47735e-07
159.84	1.48538e-07
159.86	1.49355e-07
159.88	1.50186e-07
159.9	1.51031e-07
159.92	1.5189e-07
159.94	1.52765e-07
159.96	1.53654e-07
159.98	1.54559e-07
160	1.5548e-07
160.02	1.56417e-07
160.04	1.57371e-07
160.06	1.58342e-07
160.08	1.59331e-07
160.1	1.60338e-07
160.12	1.61364e-07
160.14	1.62408e-07
160.16	1.63473e-07
160.18	1.64558e-07
160.2	1.65664e-07
160.22	1.66791e-07
160.24	1.67941e-07
160.26	1.69114e-07
160.28	1.7031e-07
160.3	1.71531e-07
160.32	1.72777e-07
160.34	1.7405e-07
160.36	1.75349e-07
160.38	1.76677e-07
160.4	1.78034e-07
160.42	1.79421e-07
160.44	1.8084e-07
160.46	1.82292e-07
160.48	1.83778e-07
160.5	1.85299e-07
160.52	1.86858e-07
160.54	1.88456e-07
160.56	1.90095e-07
160.58	1.91776e-07
160.6	1.93503e-07
160.62	1.95277e-07
160.64	1.97101e-07
160.66	1.98978e-07
160.68	2.00911e-07
160.7	2.02903e-07
160.72	2.0496e-07
160.74	2.07084e-07
160.76	2.09282e-07
160.78	2.11558e-07
160.8	2.1392e-07
160.82	2.16375e-07
160.84	2.18931e-07
160.86	2.21601e-07
160.88	2.24395e-07
160.9	2.27331e-07
160.92	2.30426e-07
160.94	2.33707e-07
160.96	2.37205e-07
160.98	2.40964e-07
161	2.45048e-07
161.02	2.4955e-07
161.04	2.54622e-07
161.06	2.60539e-07
161.08	2.67875e-07
161.1	2.78059e-07
161.12	2.95351e-07
161.14	3.36291e-07
161.16	4.577e-07
161.18	7.86108e-07
161.2	1.58207e-06
161.22	3.41073e-06
161.24	7.17603e-06
161.26	1.40388e-05
161.28	2.55826e-05
161.3	4.3857e-05
161.32	7.0733e-05
161.34	0.000106903
161.36	0.000151132
161.38	0.000200367
161.4	0.000251036
161.42	0.000300328
161.44	0.000346498
161.46	0.000388631
161.48	0.000426398
161.5	0.00045993
161.52	0.000489671
161.54	0.000516197
161.56	0.000540079
161.58	0.000561815
161.6	0.000581806
161.62	0.000600369
161.64	0.000617744
161.66	0.000634112
161.68	0.000649612
161.7	0.000664344
161.72	0.000678385
161.74	0.00069179
161.76	0.0007046
161.78	0.000716845
161.8	0.000728547
161.82	0.000739725
161.84	0.000750393
161.86	0.000760563
161.88	0.000770245
161.9	0.00077945
161.92	0.000788186
161.94	0.000796463
161.96	0.00080429
161.98	0.000811675
162	0.000818628
162.02	0.000825157
162.04	0.000831272
162.06	0.00083698
162.08	0.000842292
162.1	0.000847215
162.12	0.000851758
162.14	0.00085593
162.16	0.000859739
162.18	0.000863194
162.2	0.000866302
162.22	0.000869072
162.24	0.000871511
162.26	0.000873627
162.28	0.000875427
162.3	0.000876918
162.32	0.000878108
162.34	0.000879004
162.36	0.000879611
162.38	0.000879938
162.4	0.00087999
162.42	0.000879775
162.44	0.000879298
162.46	0.000878565
162.48	0.000877583
162.5	0.000876358
162.52	0.000874896
162.54	0.000873203
162.56	0.000871284
162.58	0.000869145
162.6	0.000866792
162.62	0.000864231
162.64	0.000861467
162.66	0.000858505
162.68	0.000855351
162.7	0.000852011
162.72	0.00084849
162.74	0.000844793
162.76	0.000840925
162.78	0.000836892
162.8	0.000832699
162.82	0.000828351
162.84	0.000823853
162.86	0.000819211
162.88	0.000814428
162.9	0.000809511
162.92	0.000804465
162.94	0.000799293
162.96	0.000794002
162.98	0.000788596
163	0.000783079
163.02	0.000777457
163.04	0.000771734
163.06	0.000765915
163.08	0.000760004
163.1	0.000754006
163.12	0.000747926
163.14	0.000741768
163.16	0.000735535
163.18	0.000729234
163.2	0.000722867
163.22	0.000716438
163.24	0.000709953
163.26	0.000703415
163.28	0.000696828
163.3	0.000690196
163.32	0.000683522
163.34	0.000676811
163.36	0.000670066
163.38	0.000663291
163.4	0.00065649
163.42	0.000649665
163.44	0.00064282
163.46	0.000635959
163.48	0.000629085
163.5	0.000622201
163.52	0.000615309
163.54	0.000608414
163.56	0.000601517
163.58	0.000594623
163.6	0.000587732
163.62	0.000580849
163.64	0.000573975
163.66	0.000567114
163.68	0.000560267
163.7	0.000553438
163.72	0.000546627
163.74	0.000539838
163.76	0.000533073
163.78	0.000526334
163.8	0.000519622
163.82	0.00051294
163.84	0.000506289
163.86	0.000499671
163.88	0.000493089
163.9	0.000486542
163.92	0.000480034
163.94	0.000473565
163.96	0.000467137
163.98	0.000460752
164	0.00045441
164.02	0.000448113
164.04	0.000441862
164.06	0.000435658
164.08	0.000429502
164.1	0.000423395
164.12	0.000417338
164.14	0.000411332
164.16	0.000405378
164.18	0.000399476
164.2	0.000393628
164.22	0.000387833
164.24	0.000382093
164.26	0.000376408
164.28	0.000370779
164.3	0.000365206
164.32	0.000359689
164.34	0.00035423
164.36	0.000348827
164.38	0.000343482
164.4	0.000338195
164.42	0.000332967
164.44	0.000327796
164.46	0.000322684
164.48	0.00031763
164.5	0.000312636
164.52	0.000307699
164.54	0.000302822
164.56	0.000298004
164.58	0.000293244
164.6	0.000288543
164.62	0.0002839
164.64	0.000279316
164.66	0.000274791
164.68	0.000270323
164.7	0.000265914
164.72	0.000261563
164.74	0.000257269
164.76	0.000253032
164.78	0.000248853
164.8	0.00024473
164.82	0.000240664
164.84	0.000236654
164.86	0.000232701
164.88	0.000228802
164.9	0.000224959
164.92	0.000221171
164.94	0.000217437
164.96	0.000213757
164.98	0.00021013
165	0.000206557
165.02	0.000203036
165.04	0.000199568
165.06	0.000196152
165.08	0.000192787
165.1	0.000189473
165.12	0.000186209
165.14	0.000182996
165.16	0.000179831
165.18	0.000176716
165.2	0.000173649
165.22	0.000170631
165.24	0.000167659
165.26	0.000164735
165.28	0.000161857
165.3	0.000159025
165.32	0.000156238
165.34	0.000153496
165.36	0.000150799
165.38	0.000148145
165.4	0.000145535
165.42	0.000142967
165.44	0.000140442
165.46	0.000137958
165.48	0.000135515
165.5	0.000133113
165.52	0.000130752
165.54	0.000128429
165.56	0.000126146
165.58	0.000123901
165.6	0.000121695
165.62	0.000119525
165.64	0.000117393
165.66	0.000115297
165.68	0.000113237
165.7	0.000111212
165.72	0.000109223
165.74	0.000107268
165.76	0.000105346
165.78	0.000103458
165.8	0.000101603
165.82	9.97804e-05
165.84	9.79897e-05
165.86	9.62303e-05
165.88	9.4502e-05
165.9	9.28041e-05
165.92	9.11362e-05
165.94	8.94978e-05
165.96	8.78886e-05
165.98	8.63079e-05
166	8.47554e-05
166.02	8.32306e-05
166.04	8.17331e-05
166.06	8.02624e-05
166.08	7.88181e-05
166.1	7.73998e-05
166.12	7.6007e-05
166.14	7.46393e-05
166.16	7.32963e-05
166.18	7.19776e-05
166.2	7.06828e-05
166.22	6.94114e-05
166.24	6.81632e-05
166.26	6.69376e-05
166.28	6.57344e-05
166.3	6.45531e-05
166.32	6.33933e-05
166.34	6.22547e-05
166.36	6.11369e-05
166.38	6.00396e-05
166.4	5.89624e-05
166.42	5.79049e-05
166.44	5.68669e-05
166.46	5.58479e-05
166.48	5.48476e-05
166.5	5.38657e-05
166.52	5.29019e-05
166.54	5.19558e-05
166.56	5.10272e-05
166.58	5.01157e-05
166.6	4.9221e-05
166.62	4.83428e-05
166.64	4.74808e-05
166.66	4.66348e-05
166.68	4.58043e-05
166.7	4.49893e-05
166.72	4.41893e-05
166.74	4.3404e-05
166.76	4.26334e-05
166.78	4.18769e-05
166.8	4.11345e-05
166.82	4.04058e-05
166.84	3.96906e-05
166.86	3.89886e-05
166.88	3.82996e-05
166.9	3.76234e-05
166.92	3.69597e-05
166.94	3.63083e-05
166.96	3.56689e-05
166.98	3.50414e-05
167	3.44254e-05
167.02	3.38209e-05
167.04	3.32276e-05
167.06	3.26452e-05
167.08	3.20736e-05
167.1	3.15125e-05
167.12	3.09618e-05
167.14	3.04213e-05
167.16	2.98908e-05
167.18	2.93701e-05
167.2	2.88589e-05
167.22	2.83572e-05
167.24	2.78648e-05
167.26	2.73814e-05
167.28	2.69069e-05
167.3	2.64412e-05
167.32	2.5984e-05
167.34	2.55352e-05
167.36	2.50947e-05
167.38	2.46623e-05
167.4	2.42378e-05
167.42	2.38211e-05
167.44	2.3412e-05
167.46	2.30104e-05
167.48	2.26162e-05
167.5	2.22292e-05
167.52	2.18493e-05
167.54	2.14763e-05
167.56	2.11101e-05
167.58	2.07506e-05
167.6	2.03976e-05
167.62	2.00511e-05
167.64	1.97109e-05
167.66	1.93769e-05
167.68	1.90489e-05
167.7	1.87269e-05
167.72	1.84107e-05
167.74	1.81003e-05
167.76	1.77955e-05
167.78	1.74962e-05
167.8	1.72023e-05
167.82	1.69137e-05
167.84	1.66303e-05
167.86	1.63521e-05
167.88	1.60788e-05
167.9	1.58105e-05
167.92	1.55469e-05
167.94	1.52882e-05
167.96	1.5034e-05
167.98	1.47844e-05
168	1.45393e-05
168.02	1.42985e-05
168.04	1.40621e-05
168.06	1.38299e-05
168.08	1.36018e-05
168.1	1.33778e-05
168.12	1.31577e-05
168.14	1.29416e-05
168.16	1.27293e-05
168.18	1.25208e-05
168.2	1.2316e-05
168.22	1.21148e-05
168.24	1.19171e-05
168.26	1.1723e-05
168.28	1.15322e-05
168.3	1.13449e-05
168.32	1.11608e-05
168.34	1.09799e-05
168.36	1.08023e-05
168.38	1.06277e-05
168.4	1.04562e-05
168.42	1.02877e-05
168.44	1.01222e-05
168.46	9.95952e-06
168.48	9.79969e-06
168.5	9.64265e-06
168.52	9.48834e-06
168.54	9.33671e-06
168.56	9.18771e-06
168.58	9.0413e-06
168.6	8.89742e-06
168.62	8.75603e-06
168.64	8.61708e-06
168.66	8.48053e-06
168.68	8.34633e-06
168.7	8.21445e-06
168.72	8.08483e-06
168.74	7.95744e-06
168.76	7.83223e-06
168.78	7.70917e-06
168.8	7.58822e-06
168.82	7.46933e-06
168.84	7.35248e-06
168.86	7.23762e-06
168.88	7.12471e-06
168.9	7.01373e-06
168.92	6.90463e-06
168.94	6.79739e-06
168.96	6.69196e-06
168.98	6.58833e-06
169	6.48644e-06
169.02	6.38628e-06
169.04	6.2878e-06
169.06	6.19099e-06
169.08	6.09581e-06
169.1	6.00223e-06
169.12	5.91022e-06
169.14	5.81976e-06
169.16	5.73081e-06
169.18	5.64335e-06
169.2	5.55735e-06
169.22	5.47279e-06
169.24	5.38965e-06
169.26	5.30788e-06
169.28	5.22748e-06
169.3	5.14842e-06
169.32	5.07066e-06
169.34	4.9942e-06
169.36	4.91901e-06
169.38	4.84506e-06
169.4	4.77233e-06
169.42	4.7008e-06
169.44	4.63045e-06
169.46	4.56126e-06
169.48	4.49321e-06
169.5	4.42628e-06
169.52	4.36045e-06
169.54	4.29569e-06
169.56	4.232e-06
169.58	4.16934e-06
169.6	4.10772e-06
169.62	4.04709e-06
169.64	3.98746e-06
169.66	3.92879e-06
169.68	3.87108e-06
169.7	3.81431e-06
169.72	3.75846e-06
169.74	3.70351e-06
169.76	3.64946e-06
169.78	3.59628e-06
169.8	3.54395e-06
169.82	3.49247e-06
169.84	3.44182e-06
169.86	3.39199e-06
169.88	3.34295e-06
169.9	3.29471e-06
169.92	3.24723e-06
169.94	3.20052e-06
169.96	3.15456e-06
169.98	3.10933e-06
170	3.06482e-06
170.02	3.02102e-06
170.04	2.97792e-06
170.06	2.9355e-06
170.08	2.89376e-06
170.1	2.85268e-06
170.12	2.81226e-06
170.14	2.77247e-06
170.16	2.73331e-06
170.18	2.69477e-06
170.2	2.65684e-06
170.22	2.61951e-06
170.24	2.58276e-06
170.26	2.54659e-06
170.28	2.51099e-06
170.3	2.47595e-06
170.32	2.44146e-06
170.34	2.40751e-06
170.36	2.37409e-06
170.38	2.34119e-06
170.4	2.3088e-06
170.42	2.27692e-06
170.44	2.24553e-06
170.46	2.21464e-06
170.48	2.18422e-06
170.5	2.15427e-06
170.52	2.12479e-06
170.54	2.09576e-06
170.56	2.06719e-06
170.58	2.03905e-06
170.6	2.01135e-06
170.62	1.98407e-06
170.64	1.95721e-06
170.66	1.93077e-06
170.68	1.90473e-06
170.7	1.87909e-06
170.72	1.85385e-06
170.74	1.82899e-06
170.76	1.80451e-06
170.78	1.7804e-06
170.8	1.75666e-06
170.82	1.73329e-06
170.84	1.71026e-06
170.86	1.68759e-06
170.88	1.66527e-06
170.9	1.64328e-06
170.92	1.62162e-06
170.94	1.60029e-06
170.96	1.57928e-06
170.98	1.55859e-06
171	1.53821e-06
171.02	1.51814e-06
171.04	1.49837e-06
171.06	1.4789e-06
171.08	1.45972e-06
171.1	1.44083e-06
171.12	1.42222e-06
171.14	1.40388e-06
171.16	1.38582e-06
171.18	1.36803e-06
171.2	1.35051e-06
171.22	1.33325e-06
171.24	1.31624e-06
171.26	1.29948e-06
171.28	1.28297e-06
171.3	1.26671e-06
171.32	1.25069e-06
171.34	1.2349e-06
171.36	1.21935e-06
171.38	1.20403e-06
171.4	1.18893e-06
171.42	1.17405e-06
171.44	1.15939e-06
171.46	1.14495e-06
171.48	1.13071e-06
171.5	1.11669e-06
171.52	1.10287e-06
171.54	1.08925e-06
171.56	1.07583e-06
171.58	1.06261e-06
171.6	1.04958e-06
171.62	1.03674e-06
171.64	1.02408e-06
171.66	1.01161e-06
171.68	9.99314e-07
171.7	9.87199e-07
171.72	9.75259e-07
171.74	9.63491e-07
171.76	9.51892e-07
171.78	9.4046e-07
171.8	9.29192e-07
171.82	9.18086e-07
171.84	9.07139e-07
171.86	8.96348e-07
171.88	8.85711e-07
171.9	8.75226e-07
171.92	8.64891e-07
171.94	8.54703e-07
171.96	8.44659e-07
171.98	8.34758e-07
172	8.24997e-07
172.02	8.15375e-07
172.04	8.05888e-07
172.06	7.96535e-07
172.08	7.87315e-07
172.1	7.78224e-07
172.12	7.69261e-07
172.14	7.60424e-07
172.16	7.5171e-07
172.18	7.43119e-07
172.2	7.34648e-07
172.22	7.26296e-07
172.24	7.1806e-07
172.26	7.09939e-07
172.28	7.01931e-07
172.3	6.94034e-07
172.32	6.86246e-07
172.34	6.78567e-07
172.36	6.70994e-07
172.38	6.63526e-07
172.4	6.56161e-07
172.42	6.48898e-07
172.44	6.41734e-07
172.46	6.34669e-07
172.48	6.27702e-07
172.5	6.20829e-07
172.52	6.14051e-07
172.54	6.07366e-07
172.56	6.00772e-07
172.58	5.94269e-07
172.6	5.87853e-07
172.62	5.81526e-07
172.64	5.75284e-07
172.66	5.69127e-07
172.68	5.63053e-07
172.7	5.57062e-07
172.72	5.51152e-07
172.74	5.45321e-07
172.76	5.3957e-07
172.78	5.33895e-07
172.8	5.28298e-07
172.82	5.22775e-07
172.84	5.17326e-07
172.86	5.11951e-07
172.88	5.06647e-07
172.9	5.01415e-07
172.92	4.96252e-07
172.94	4.91158e-07
172.96	4.86132e-07
172.98	4.81173e-07
173	4.7628e-07
173.02	4.71451e-07
173.04	4.66687e-07
173.06	4.61986e-07
173.08	4.57347e-07
173.1	4.52769e-07
173.12	4.48251e-07
173.14	4.43793e-07
173.16	4.39393e-07
173.18	4.35051e-07
173.2	4.30767e-07
173.22	4.26538e-07
173.24	4.22364e-07
173.26	4.18246e-07
173.28	4.1418e-07
173.3	4.10168e-07
173.32	4.06208e-07
173.34	4.023e-07
173.36	3.98442e-07
173.38	3.94634e-07
173.4	3.90876e-07
173.42	3.87166e-07
173.44	3.83504e-07
173.46	3.79889e-07
173.48	3.76321e-07
173.5	3.72799e-07
173.52	3.69322e-07
173.54	3.6589e-07
173.56	3.62502e-07
173.58	3.59157e-07
173.6	3.55854e-07
173.62	3.52594e-07
173.64	3.49376e-07
173.66	3.46199e-07
173.68	3.43062e-07
173.7	3.39965e-07
173.72	3.36907e-07
173.74	3.33888e-07
173.76	3.30907e-07
173.78	3.27964e-07
173.8	3.25058e-07
173.82	3.22189e-07
173.84	3.19355e-07
173.86	3.16558e-07
173.88	3.13796e-07
173.9	3.11068e-07
173.92	3.08375e-07
173.94	3.05715e-07
173.96	3.03089e-07
173.98	3.00495e-07
174	2.97934e-07
174.02	2.95405e-07
174.04	2.92907e-07
174.06	2.9044e-07
174.08	2.88004e-07
174.1	2.85598e-07
174.12	2.83222e-07
174.14	2.80876e-07
174.16	2.78558e-07
174.18	2.76269e-07
174.2	2.74009e-07
174.22	2.71776e-07
174.24	2.69571e-07
174.26	2.67393e-07
174.28	2.65241e-07
174.3	2.63116e-07
174.32	2.61017e-07
174.34	2.58944e-07
174.36	2.56896e-07
174.38	2.54874e-07
174.4	2.52876e-07
174.42	2.50902e-07
174.44	2.48952e-07
174.46	2.47026e-07
174.48	2.45124e-07
174.5	2.43244e-07
174.52	2.41388e-07
174.54	2.39554e-07
174.56	2.37742e-07
174.58	2.35952e-07
174.6	2.34184e-07
174.62	2.32437e-07
174.64	2.30711e-07
174.66	2.29007e-07
174.68	2.27322e-07
174.7	2.25658e-07
174.72	2.24014e-07
174.74	2.2239e-07
174.76	2.20785e-07
174.78	2.19199e-07
174.8	2.17633e-07
174.82	2.16085e-07
174.84	2.14556e-07
174.86	2.13045e-07
174.88	2.11552e-07
174.9	2.10077e-07
174.92	2.0862e-07
174.94	2.07179e-07
174.96	2.05757e-07
174.98	2.04351e-07
175	2.02962e-07
175.02	2.01589e-07
175.04	2.00233e-07
175.06	1.98892e-07
175.08	1.97568e-07
175.1	1.9626e-07
175.12	1.94967e-07
175.14	1.93689e-07
175.16	1.92426e-07
175.18	1.91179e-07
175.2	1.89946e-07
175.22	1.88728e-07
175.24	1.87524e-07
175.26	1.86334e-07
175.28	1.85159e-07
175.3	1.83997e-07
175.32	1.82849e-07
175.34	1.81715e-07
175.36	1.80594e-07
175.38	1.79487e-07
175.4	1.78392e-07
175.42	1.7731e-07
175.44	1.76241e-07
175.46	1.75185e-07
175.48	1.74141e-07
175.5	1.7311e-07
175.52	1.7209e-07
175.54	1.71083e-07
175.56	1.70087e-07
175.58	1.69104e-07
175.6	1.68131e-07
175.62	1.67171e-07
175.64	1.66221e-07
175.66	1.65283e-07
175.68	1.64356e-07
175.7	1.6344e-07
175.72	1.62535e-07
175.74	1.6164e-07
175.76	1.60756e-07
175.78	1.59883e-07
175.8	1.59019e-07
175.82	1.58166e-07
175.84	1.57323e-07
175.86	1.5649e-07
175.88	1.55667e-07
175.9	1.54854e-07
175.92	1.5405e-07
175.94	1.53256e-07
175.96	1.52471e-07
175.98	1.51696e-07
176	1.50929e-07
176.02	1.50172e-07
176.04	1.49424e-07
176.06	1.48685e-07
176.08	1.47955e-07
176.1	1.47233e-07
176.12	1.4652e-07
176.14	1.45816e-07
176.16	1.4512e-07
176.18	1.44432e-07
176.2	1.43752e-07
176.22	1.43081e-07
176.24	1.42418e-07
176.26	1.41763e-07
176.28	1.41116e-07
176.3	1.40476e-07
176.32	1.39845e-07
176.34	1.39221e-07
176.36	1.38604e-07
176.38	1.37995e-07
176.4	1.37394e-07
176.42	1.368e-07
176.44	1.36213e-07
176.46	1.35633e-07
176.48	1.35061e-07
176.5	1.34496e-07
176.52	1.33937e-07
176.54	1.33386e-07
176.56	1.32841e-07
176.58	1.32303e-07
176.6	1.31772e-07
176.62	1.31247e-07
176.64	1.30729e-07
176.66	1.30218e-07
176.68	1.29713e-07
176.7	1.29214e-07
176.72	1.28722e-07
176.74	1.28236e-07
176.76	1.27756e-07
176.78	1.27283e-07
176.8	1.26815e-07
176.82	1.26353e-07
176.84	1.25898e-07
176.86	1.25448e-07
176.88	1.25005e-07
176.9	1.24567e-07
176.92	1.24134e-07
176.94	1.23708e-07
176.96	1.23287e-07
176.98	1.22872e-07
177	1.22462e-07
177.02	1.22058e-07
177.04	1.21659e-07
177.06	1.21266e-07
177.08	1.20878e-07
177.1	1.20495e-07
177.12	1.20118e-07
177.14	1.19745e-07
177.16	1.19378e-07
177.18	1.19017e-07
177.2	1.1866e-07
177.22	1.18308e-07
177.24	1.17961e-07
177.26	1.1762e-07
177.28	1.17283e-07
177.3	1.16951e-07
177.32	1.16624e-07
177.34	1.16301e-07
177.36	1.15984e-07
177.38	1.15671e-07
177.4	1.15363e-07
177.42	1.15059e-07
177.44	1.1476e-07
177.46	1.14466e-07
177.48	1.14176e-07
177.5	1.13891e-07
177.52	1.13611e-07
177.54	1.13334e-07
177.56	1.13062e-07
177.58	1.12795e-07
177.6	1.12532e-07
177.62	1.12273e-07
177.64	1.12019e-07
177.66	1.11769e-07
177.68	1.11523e-07
177.7	1.11281e-07
177.72	1.11043e-07
177.74	1.1081e-07
177.76	1.10581e-07
177.78	1.10355e-07
177.8	1.10134e-07
177.82	1.09917e-07
177.84	1.09704e-07
177.86	1.09495e-07
177.88	1.0929e-07
177.9	1.09089e-07
177.92	1.08892e-07
177.94	1.08698e-07
177.96	1.08509e-07
177.98	1.08324e-07
178	1.08142e-07
178.02	1.07964e-07
178.04	1.0779e-07
178.06	1.0762e-07
178.08	1.07453e-07
178.1	1.0729e-07
178.12	1.07131e-07
178.14	1.06976e-07
178.16	1.06824e-07
178.18	1.06676e-07
178.2	1.06532e-07
178.22	1.06391e-07
178.24	1.06254e-07
178.26	1.06121e-07
178.28	1.05991e-07
178.3	1.05864e-07
178.32	1.05742e-07
178.34	1.05622e-07
178.36	1.05507e-07
178.38	1.05395e-07
178.4	1.05286e-07
178.42	1.05181e-07
178.44	1.05079e-07
178.46	1.04981e-07
178.48	1.04886e-07
178.5	1.04795e-07
178.52	1.04707e-07
178.54	1.04623e-07
178.56	1.04542e-07
178.58	1.04464e-07
178.6	1.0439e-07
178.62	1.04319e-07
178.64	1.04251e-07
178.66	1.04187e-07
178.68	1.04127e-07
178.7	1.04069e-07
178.72	1.04015e-07
178.74	1.03965e-07
178.76	1.03918e-07
178.78	1.03874e-07
178.8	1.03833e-07
178.82	1.03796e-07
178.84	1.03762e-07
178.86	1.03731e-07
178.88	1.03704e-07
178.9	1.0368e-07
178.92	1.03659e-07
178.94	1.03642e-07
178.96	1.03628e-07
178.98	1.03617e-07
179	1.03609e-07
179.02	1.03605e-07
179.04	1.03604e-07
179.06	1.03607e-07
179.08	1.03612e-07
179.1	1.03621e-07
179.12	1.03634e-07
179.14	1.03649e-07
179.16	1.03668e-07
179.18	1.03691e-07
179.2	1.03716e-07
179.22	1.03745e-07
179.24	1.03777e-07
179.26	1.03813e-07
179.28	1.03852e-07
179.3	1.03894e-07
179.32	1.0394e-07
179.34	1.03989e-07
179.36	1.04041e-07
179.38	1.04096e-07
179.4	1.04155e-07
179.42	1.04218e-07
179.44	1.04284e-07
179.46	1.04353e-07
179.48	1.04425e-07
179.5	1.04501e-07
179.52	1.0458e-07
179.54	1.04663e-07
179.56	1.04749e-07
179.58	1.04839e-07
179.6	1.04932e-07
179.62	1.05029e-07
179.64	1.05129e-07
179.66	1.05233e-07
179.68	1.0534e-07
179.7	1.0545e-07
179.72	1.05565e-07
179.74	1.05682e-07
179.76	1.05804e-07
179.78	1.05929e-07
179.8	1.06057e-07
179.82	1.06189e-07
179.84	1.06325e-07
179.86	1.06465e-07
179.88	1.06608e-07
179.9	1.06755e-07
179.92	1.06905e-07
179.94	1.07059e-07
179.96	1.07217e-07
179.98	1.07379e-07
180	1.07545e-07
180.02	1.07714e-07
180.04	1.07888e-07
180.06	1.08065e-07
180.08	1.08246e-07
180.1	1.08431e-07
180.12	1.0862e-07
180.14	1.08813e-07
180.16	1.0901e-07
180.18	1.09211e-07
180.2	1.09417e-07
180.22	1.09626e-07
180.24	1.09839e-07
180.26	1.10057e-07
180.28	1.10279e-07
180.3	1.10505e-07
180.32	1.10735e-07
180.34	1.10969e-07
180.36	1.11208e-07
180.38	1.11452e-07
180.4	1.11699e-07
180.42	1.11951e-07
180.44	1.12208e-07
180.46	1.12469e-07
180.48	1.12735e-07
180.5	1.13005e-07
180.52	1.1328e-07
180.54	1.1356e-07
180.56	1.13845e-07
180.58	1.14134e-07
180.6	1.14428e-07
180.62	1.14727e-07
180.64	1.15031e-07
180.66	1.1534e-07
180.68	1.15654e-07
180.7	1.15973e-07
180.72	1.16298e-07
180.74	1.16627e-07
180.76	1.16962e-07
180.78	1.17302e-07
180.8	1.17648e-07
180.82	1.17999e-07
180.84	1.18356e-07
180.86	1.18718e-07
180.88	1.19086e-07
180.9	1.19459e-07
180.92	1.19839e-07
180.94	1.20224e-07
180.96	1.20615e-07
180.98	1.21012e-07
181	1.21416e-07
181.02	1.21825e-07
181.04	1.22241e-07
181.06	1.22663e-07
181.08	1.23092e-07
181.1	1.23527e-07
181.12	1.23969e-07
181.14	1.24417e-07
181.16	1.24873e-07
181.18	1.25335e-07
181.2	1.25804e-07
181.22	1.2628e-07
181.24	1.26764e-07
181.26	1.27255e-07
181.28	1.27753e-07
181.3	1.28259e-07
181.32	1.28772e-07
181.34	1.29293e-07
181.36	1.29823e-07
181.38	1.3036e-07
181.4	1.30905e-07
181.42	1.31459e-07
181.44	1.32021e-07
181.46	1.32592e-07
181.48	1.33172e-07
181.5	1.3376e-07
181.52	1.34358e-07
181.54	1.34964e-07
181.56	1.35581e-07
181.58	1.36206e-07
181.6	1.36842e-07
181.62	1.37487e-07
181.64	1.38142e-07
181.66	1.38808e-07
181.68	1.39484e-07
181.7	1.40171e-07
181.72	1.40869e-07
181.74	1.41578e-07
181.76	1.42298e-07
181.78	1.4303e-07
181.8	1.43773e-07
181.82	1.44529e-07
181.84	1.45297e-07
181.86	1.46078e-07
181.88	1.46872e-07
181.9	1.47678e-07
181.92	1.48499e-07
181.94	1.49333e-07
181.96	1.50181e-07
181.98	1.51044e-07
182	1.51921e-07
182.02	1.52814e-07
182.04	1.53722e-07
182.06	1.54646e-07
182.08	1.55586e-07
182.1	1.56544e-07
182.12	1.57518e-07
182.14	1.5851e-07
182.16	1.5952e-07
182.18	1.60549e-07
182.2	1.61598e-07
182.22	1.62666e-07
182.24	1.63754e-07
182.26	1.64863e-07
182.28	1.65994e-07
182.3	1.67147e-07
182.32	1.68323e-07
182.34	1.69523e-07
182.36	1.70748e-07
182.38	1.71998e-07
182.4	1.73274e-07
182.42	1.74577e-07
182.44	1.75909e-07
182.46	1.7727e-07
182.48	1.78661e-07
182.5	1.80084e-07
182.52	1.8154e-07
182.54	1.83031e-07
182.56	1.84557e-07
182.58	1.8612e-07
182.6	1.87723e-07
182.62	1.89367e-07
182.64	1.91053e-07
182.66	1.92785e-07
182.68	1.94565e-07
182.7	1.96395e-07
182.72	1.98278e-07
182.74	2.00218e-07
182.76	2.02218e-07
182.78	2.04282e-07
182.8	2.06415e-07
182.82	2.08621e-07
182.84	2.10907e-07
182.86	2.1328e-07
182.88	2.15746e-07
182.9	2.18316e-07
182.92	2.21e-07
182.94	2.23812e-07
182.96	2.26766e-07
182.98	2.29884e-07
183	2.33191e-07
183.02	2.36721e-07
183.04	2.40521e-07
183.06	2.44658e-07
183.08	2.49231e-07
183.1	2.54408e-07
183.12	2.60495e-07
183.14	2.6815e-07
183.16	2.7907e-07
183.18	2.9844e-07
183.2	3.47702e-07
183.22	4.94008e-07
183.24	8.77825e-07
183.26	1.80067e-06
183.28	3.88972e-06
183.3	8.09572e-06
183.32	1.56331e-05
183.34	2.81768e-05
183.36	4.78124e-05
183.38	7.62809e-05
183.4	0.000113987
183.42	0.000159344
183.44	0.000209094
183.46	0.000259725
183.48	0.000308609
183.5	0.000354163
183.52	0.000395584
183.54	0.00043263
183.56	0.000465495
183.58	0.00049466
183.6	0.000520708
183.62	0.000544203
183.64	0.000565625
183.66	0.000585361
183.68	0.000603714
183.7	0.000620913
183.72	0.000637133
183.74	0.000652503
183.76	0.00066712
183.78	0.000681057
183.8	0.000694365
183.82	0.000707083
183.84	0.000719241
183.86	0.00073086
183.88	0.000741957
183.9	0.000752545
183.92	0.000762638
183.94	0.000772244
183.96	0.000781374
183.98	0.000790038
184	0.000798243
184.02	0.000805999
184.04	0.000813316
184.06	0.000820201
184.08	0.000826664
184.1	0.000832713
184.12	0.000838358
184.14	0.000843606
184.16	0.000848468
184.18	0.000852952
184.2	0.000857065
184.22	0.000860817
184.24	0.000864215
184.26	0.000867268
184.28	0.000869984
184.3	0.00087237
184.32	0.000874435
184.34	0.000876184
184.36	0.000877626
184.38	0.000878767
184.4	0.000879615
184.42	0.000880176
184.44	0.000880457
184.46	0.000880465
184.48	0.000880206
184.5	0.000879686
184.52	0.000878911
184.54	0.000877888
184.56	0.000876623
184.58	0.000875121
184.6	0.000873389
184.62	0.000871433
184.64	0.000869257
184.66	0.000866868
184.68	0.000864272
184.7	0.000861473
184.72	0.000858478
184.74	0.000855291
184.76	0.000851919
184.78	0.000848367
184.8	0.000844639
184.82	0.000840742
184.84	0.00083668
184.86	0.000832458
184.88	0.000828083
184.9	0.000823558
184.92	0.00081889
184.94	0.000814082
184.96	0.000809141
184.98	0.00080407
185	0.000798876
185.02	0.000793562
185.04	0.000788135
185.06	0.000782597
185.08	0.000776955
185.1	0.000771212
185.12	0.000765375
185.14	0.000759446
185.16	0.000753431
185.18	0.000747334
185.2	0.000741159
185.22	0.000734912
185.24	0.000728595
185.26	0.000722214
185.28	0.000715773
185.3	0.000709275
185.32	0.000702724
185.34	0.000696126
185.36	0.000689482
185.38	0.000682799
185.4	0.000676078
185.42	0.000669324
185.44	0.00066254
185.46	0.000655731
185.48	0.000648898
185.5	0.000642047
185.52	0.000635179
185.54	0.000628299
185.56	0.000621409
185.58	0.000614513
185.6	0.000607613
185.62	0.000600713
185.64	0.000593814
185.66	0.000586921
185.68	0.000580035
185.7	0.000573159
185.72	0.000566296
185.74	0.000559448
185.76	0.000552617
185.78	0.000545806
185.8	0.000539017
185.82	0.000532252
185.84	0.000525513
185.86	0.000518802
185.88	0.000512121
185.9	0.000505471
185.92	0.000498855
185.94	0.000492274
185.96	0.00048573
185.98	0.000479225
186	0.000472759
186.02	0.000466334
186.04	0.000459952
186.06	0.000453613
186.08	0.00044732
186.1	0.000441073
186.12	0.000434873
186.14	0.000428721
186.16	0.000422619
186.18	0.000416567
186.2	0.000410566
186.22	0.000404617
186.24	0.00039872
186.26	0.000392877
186.28	0.000387088
186.3	0.000381354
186.32	0.000375675
186.34	0.000370051
186.36	0.000364484
186.38	0.000358974
186.4	0.00035352
186.42	0.000348124
186.44	0.000342785
186.46	0.000337505
186.48	0.000332283
186.5	0.000327119
186.52	0.000322013
186.54	0.000316966
186.56	0.000311978
186.58	0.000307049
186.6	0.000302178
186.62	0.000297367
186.64	0.000292614
186.66	0.00028792
186.68	0.000283284
186.7	0.000278707
186.72	0.000274189
186.74	0.000269728
186.76	0.000265326
186.78	0.000260981
186.8	0.000256694
186.82	0.000252465
186.84	0.000248292
186.86	0.000244177
186.88	0.000240118
186.9	0.000236115
186.92	0.000232168
186.94	0.000228276
186.96	0.00022444
186.98	0.000220658
187	0.000216931
187.02	0.000213258
187.04	0.000209638
187.06	0.000206072
187.08	0.000202558
187.1	0.000199096
187.12	0.000195687
187.14	0.000192328
187.16	0.000189021
187.18	0.000185763
187.2	0.000182556
187.22	0.000179398
187.24	0.000176289
187.26	0.000173229
187.28	0.000170216
187.3	0.000167251
187.32	0.000164333
187.34	0.000161461
187.36	0.000158635
187.38	0.000155854
187.4	0.000153118
187.42	0.000150426
187.44	0.000147778
187.46	0.000145174
187.48	0.000142611
187.5	0.000140092
187.52	0.000137613
187.54	0.000135176
187.56	0.000132779
187.58	0.000130423
187.6	0.000128106
187.62	0.000125828
187.64	0.000123588
187.66	0.000121386
187.68	0.000119222
187.7	0.000117095
187.72	0.000115004
187.74	0.000112948
187.76	0.000110929
187.78	0.000108944
187.8	0.000106993
187.82	0.000105076
187.84	0.000103193
187.86	0.000101342
187.88	9.95235e-05
187.9	9.77371e-05
187.92	9.5982e-05
187.94	9.42578e-05
187.96	9.2564e-05
187.98	9.09002e-05
188	8.92658e-05
188.02	8.76605e-05
188.04	8.60837e-05
188.06	8.4535e-05
188.08	8.3014e-05
188.1	8.15202e-05
188.12	8.00531e-05
188.14	7.86124e-05
188.16	7.71976e-05
188.18	7.58083e-05
188.2	7.4444e-05
188.22	7.31044e-05
188.24	7.17891e-05
188.26	7.04975e-05
188.28	6.92294e-05
188.3	6.79843e-05
188.32	6.67619e-05
188.34	6.55617e-05
188.36	6.43834e-05
188.38	6.32266e-05
188.4	6.20909e-05
188.42	6.0976e-05
188.44	5.98815e-05
188.46	5.88071e-05
188.48	5.77523e-05
188.5	5.67169e-05
188.52	5.57006e-05
188.54	5.47029e-05
188.56	5.37236e-05
188.58	5.27623e-05
188.6	5.18187e-05
188.62	5.08924e-05
188.64	4.99833e-05
188.66	4.9091e-05
188.68	4.82151e-05
188.7	4.73553e-05
188.72	4.65115e-05
188.74	4.56833e-05
188.76	4.48703e-05
188.78	4.40724e-05
188.8	4.32893e-05
188.82	4.25206e-05
188.84	4.17662e-05
188.86	4.10257e-05
188.88	4.0299e-05
188.9	3.95856e-05
188.92	3.88855e-05
188.94	3.81984e-05
188.96	3.7524e-05
188.98	3.6862e-05
189	3.62123e-05
189.02	3.55746e-05
189.04	3.49488e-05
189.06	3.43345e-05
189.08	3.37316e-05
189.1	3.31398e-05
189.12	3.2559e-05
189.14	3.19889e-05
189.16	3.14293e-05
189.18	3.08801e-05
189.2	3.0341e-05
189.22	2.98119e-05
189.24	2.92926e-05
189.26	2.87828e-05
189.28	2.82824e-05
189.3	2.77913e-05
189.32	2.73092e-05
189.34	2.6836e-05
189.36	2.63715e-05
189.38	2.59155e-05
189.4	2.5468e-05
189.42	2.50286e-05
189.44	2.45974e-05
189.46	2.4174e-05
189.48	2.37584e-05
189.5	2.33504e-05
189.52	2.29499e-05
189.54	2.25568e-05
189.56	2.21708e-05
189.58	2.17919e-05
189.6	2.14199e-05
189.62	2.10547e-05
189.64	2.06961e-05
189.66	2.03441e-05
189.68	1.99985e-05
189.7	1.96592e-05
189.72	1.93261e-05
189.74	1.8999e-05
189.76	1.86778e-05
189.78	1.83625e-05
189.8	1.80529e-05
189.82	1.77489e-05
189.84	1.74504e-05
189.86	1.71573e-05
189.88	1.68695e-05
189.9	1.65868e-05
189.92	1.63093e-05
189.94	1.60368e-05
189.96	1.57691e-05
189.98	1.55063e-05
190	1.52482e-05
190.02	1.49947e-05
190.04	1.47458e-05
190.06	1.45013e-05
190.08	1.42612e-05
190.1	1.40254e-05
190.12	1.37938e-05
190.14	1.35663e-05
190.16	1.33429e-05
190.18	1.31234e-05
190.2	1.29079e-05
190.22	1.26962e-05
190.24	1.24882e-05
190.26	1.22839e-05
190.28	1.20832e-05
190.3	1.18861e-05
190.32	1.16924e-05
190.34	1.15022e-05
190.36	1.13153e-05
190.38	1.11317e-05
190.4	1.09514e-05
190.42	1.07742e-05
190.44	1.06001e-05
190.46	1.0429e-05
190.48	1.0261e-05
190.5	1.00959e-05
190.52	9.93362e-06
190.54	9.77421e-06
190.56	9.61758e-06
190.58	9.46367e-06
190.6	9.31244e-06
190.62	9.16383e-06
190.64	9.01779e-06
190.66	8.87429e-06
190.68	8.73327e-06
190.7	8.59468e-06
190.72	8.45848e-06
190.74	8.32464e-06
190.76	8.19309e-06
190.78	8.06381e-06
190.8	7.93675e-06
190.82	7.81187e-06
190.84	7.68913e-06
190.86	7.56849e-06
190.88	7.44991e-06
190.9	7.33336e-06
190.92	7.2188e-06
190.94	7.10618e-06
190.96	6.99549e-06
190.98	6.88667e-06
191	6.77971e-06
191.02	6.67455e-06
191.04	6.57118e-06
191.06	6.46956e-06
191.08	6.36965e-06
191.1	6.27143e-06
191.12	6.17487e-06
191.14	6.07993e-06
191.16	5.98659e-06
191.18	5.89482e-06
191.2	5.80459e-06
191.22	5.71587e-06
191.24	5.62863e-06
191.26	5.54286e-06
191.28	5.45852e-06
191.3	5.37558e-06
191.32	5.29403e-06
191.34	5.21383e-06
191.36	5.13497e-06
191.38	5.05741e-06
191.4	4.98115e-06
191.42	4.90614e-06
191.44	4.83238e-06
191.46	4.75984e-06
191.48	4.68849e-06
191.5	4.61833e-06
191.52	4.54931e-06
191.54	4.48143e-06
191.56	4.41467e-06
191.58	4.34901e-06
191.6	4.28442e-06
191.62	4.22088e-06
191.64	4.15839e-06
191.66	4.09692e-06
191.68	4.03645e-06
191.7	3.97697e-06
191.72	3.91845e-06
191.74	3.86089e-06
191.76	3.80426e-06
191.78	3.74855e-06
191.8	3.69374e-06
191.82	3.63982e-06
191.84	3.58678e-06
191.86	3.53458e-06
191.88	3.48324e-06
191.9	3.43271e-06
191.92	3.383e-06
191.94	3.33409e-06
191.96	3.28597e-06
191.98	3.23862e-06
192	3.19202e-06
192.02	3.14617e-06
192.04	3.10106e-06
192.06	3.05666e-06
192.08	3.01297e-06
192.1	2.96998e-06
192.12	2.92767e-06
192.14	2.88604e-06
192.16	2.84506e-06
192.18	2.80474e-06
192.2	2.76505e-06
192.22	2.72599e-06
192.24	2.68755e-06
192.26	2.64971e-06
192.28	2.61247e-06
192.3	2.57582e-06
192.32	2.53974e-06
192.34	2.50423e-06
192.36	2.46928e-06
192.38	2.43487e-06
192.4	2.401e-06
192.42	2.36767e-06
192.44	2.33485e-06
192.46	2.30255e-06
192.48	2.27074e-06
192.5	2.23944e-06
192.52	2.20862e-06
192.54	2.17828e-06
192.56	2.1484e-06
192.58	2.119e-06
192.6	2.09004e-06
192.62	2.06154e-06
192.64	2.03347e-06
192.66	2.00584e-06
192.68	1.97863e-06
192.7	1.95184e-06
192.72	1.92546e-06
192.74	1.89949e-06
192.76	1.87391e-06
192.78	1.84873e-06
192.8	1.82393e-06
192.82	1.79952e-06
192.84	1.77547e-06
192.86	1.75179e-06
192.88	1.72847e-06
192.9	1.70551e-06
192.92	1.68289e-06
192.94	1.66062e-06
192.96	1.63869e-06
192.98	1.61709e-06
193	1.59581e-06
193.02	1.57485e-06
193.04	1.55422e-06
193.06	1.53389e-06
193.08	1.51387e-06
193.1	1.49415e-06
193.12	1.47472e-06
193.14	1.45559e-06
193.16	1.43674e-06
193.18	1.41818e-06
193.2	1.39989e-06
193.22	1.38188e-06
193.24	1.36413e-06
193.26	1.34665e-06
193.28	1.32943e-06
193.3	1.31247e-06
193.32	1.29575e-06
193.34	1.27929e-06
193.36	1.26306e-06
193.38	1.24708e-06
193.4	1.23133e-06
193.42	1.21582e-06
193.44	1.20053e-06
193.46	1.18547e-06
193.48	1.17063e-06
193.5	1.15601e-06
193.52	1.1416e-06
193.54	1.12741e-06
193.56	1.11342e-06
193.58	1.09963e-06
193.6	1.08605e-06
193.62	1.07266e-06
193.64	1.05947e-06
193.66	1.04647e-06
193.68	1.03366e-06
193.7	1.02104e-06
193.72	1.0086e-06
193.74	9.96335e-07
193.76	9.8425e-07
193.78	9.72339e-07
193.8	9.60601e-07
193.82	9.49031e-07
193.84	9.37627e-07
193.86	9.26388e-07
193.88	9.15309e-07
193.9	9.04389e-07
193.92	8.93625e-07
193.94	8.83015e-07
193.96	8.72557e-07
193.98	8.62247e-07
194	8.52084e-07
194.02	8.42066e-07
194.04	8.32189e-07
194.06	8.22453e-07
194.08	8.12854e-07
194.1	8.03391e-07
194.12	7.94062e-07
194.14	7.84864e-07
194.16	7.75796e-07
194.18	7.66856e-07
194.2	7.58041e-07
194.22	7.49349e-07
194.24	7.4078e-07
194.26	7.3233e-07
194.28	7.23998e-07
194.3	7.15783e-07
194.32	7.07682e-07
194.34	6.99694e-07
194.36	6.91817e-07
194.38	6.84049e-07
194.4	6.76389e-07
194.42	6.68835e-07
194.44	6.61385e-07
194.46	6.54039e-07
194.48	6.46793e-07
194.5	6.39648e-07
194.52	6.326e-07
194.54	6.2565e-07
194.56	6.18795e-07
194.58	6.12034e-07
194.6	6.05365e-07
194.62	5.98788e-07
194.64	5.923e-07
194.66	5.85901e-07
194.68	5.79589e-07
194.7	5.73363e-07
194.72	5.67221e-07
194.74	5.61163e-07
194.76	5.55186e-07
194.78	5.49291e-07
194.8	5.43475e-07
194.82	5.37738e-07
194.84	5.32078e-07
194.86	5.26494e-07
194.88	5.20985e-07
194.9	5.1555e-07
194.92	5.10188e-07
194.94	5.04898e-07
194.96	4.99678e-07
194.98	4.94528e-07
195	4.89447e-07
195.02	4.84434e-07
195.04	4.79487e-07
195.06	4.74606e-07
195.08	4.69789e-07
195.1	4.65037e-07
195.12	4.60347e-07
195.14	4.55719e-07
195.16	4.51153e-07
195.18	4.46646e-07
195.2	4.42199e-07
195.22	4.3781e-07
195.24	4.33479e-07
195.26	4.29205e-07
195.28	4.24987e-07
195.3	4.20824e-07
195.32	4.16715e-07
195.34	4.1266e-07
195.36	4.08658e-07
195.38	4.04708e-07
195.4	4.00809e-07
195.42	3.96961e-07
195.44	3.93162e-07
195.46	3.89413e-07
195.48	3.85712e-07
195.5	3.82059e-07
195.52	3.78454e-07
195.54	3.74894e-07
195.56	3.71381e-07
195.58	3.67912e-07
195.6	3.64488e-07
195.62	3.61108e-07
195.64	3.57772e-07
195.66	3.54478e-07
195.68	3.51226e-07
195.7	3.48015e-07
195.72	3.44845e-07
195.74	3.41716e-07
195.76	3.38626e-07
195.78	3.35576e-07
195.8	3.32564e-07
195.82	3.29591e-07
195.84	3.26655e-07
195.86	3.23756e-07
195.88	3.20894e-07
195.9	3.18067e-07
195.92	3.15277e-07
195.94	3.12521e-07
195.96	3.098e-07
195.98	3.07113e-07
196	3.0446e-07
196.02	3.0184e-07
196.04	2.99252e-07
196.06	2.96697e-07
196.08	2.94174e-07
196.1	2.91682e-07
196.12	2.89221e-07
196.14	2.86791e-07
196.16	2.84391e-07
196.18	2.82021e-07
196.2	2.7968e-07
196.22	2.77367e-07
196.24	2.75084e-07
196.26	2.72829e-07
196.28	2.70601e-07
196.3	2.68401e-07
196.32	2.66228e-07
196.34	2.64082e-07
196.36	2.61962e-07
196.38	2.59867e-07
196.4	2.57799e-07
196.42	2.55756e-07
196.44	2.53738e-07
196.46	2.51744e-07
196.48	2.49775e-07
196.5	2.4783e-07
196.52	2.45908e-07
196.54	2.4401e-07
196.56	2.42135e-07
196.58	2.40283e-07
196.6	2.38453e-07
196.62	2.36645e-07
196.64	2.34859e-07
196.66	2.33095e-07
196.68	2.31352e-07
196.7	2.2963e-07
196.72	2.27929e-07
196.74	2.26248e-07
196.76	2.24588e-07
196.78	2.22947e-07
196.8	2.21326e-07
196.82	2.19725e-07
196.84	2.18143e-07
196.86	2.1658e-07
196.88	2.15035e-07
196.9	2.13509e-07
196.92	2.12001e-07
196.94	2.10512e-07
196.96	2.0904e-07
196.98	2.07585e-07
197	2.06148e-07
197.02	2.04728e-07
197.04	2.03325e-07
197.06	2.01939e-07
197.08	2.00569e-07
197.1	1.99215e-07
197.12	1.97878e-07
197.14	1.96556e-07
197.16	1.9525e-07
197.18	1.9396e-07
197.2	1.92685e-07
197.22	1.91424e-07
197.24	1.90179e-07
197.26	1.88949e-07
197.28	1.87733e-07
197.3	1.86531e-07
197.32	1.85344e-07
197.34	1.8417e-07
197.36	1.83011e-07
197.38	1.81865e-07
197.4	1.80733e-07
197.42	1.79614e-07
197.44	1.78508e-07
197.46	1.77415e-07
197.48	1.76335e-07
197.5	1.75268e-07
197.52	1.74214e-07
197.54	1.73172e-07
197.56	1.72142e-07
197.58	1.71124e-07
197.6	1.70118e-07
197.62	1.69124e-07
197.64	1.68142e-07
197.66	1.67171e-07
197.68	1.66212e-07
197.7	1.65264e-07
197.72	1.64327e-07
197.74	1.63401e-07
197.76	1.62486e-07
197.78	1.61582e-07
197.8	1.60689e-07
197.82	1.59806e-07
197.84	1.58933e-07
197.86	1.58071e-07
197.88	1.57219e-07
197.9	1.56377e-07
197.92	1.55545e-07
197.94	1.54723e-07
197.96	1.5391e-07
197.98	1.53107e-07
198	1.52314e-07
198.02	1.5153e-07
198.04	1.50755e-07
198.06	1.4999e-07
198.08	1.49233e-07
198.1	1.48486e-07
198.12	1.47747e-07
198.14	1.47017e-07
198.16	1.46296e-07
198.18	1.45584e-07
198.2	1.4488e-07
198.22	1.44184e-07
198.24	1.43497e-07
198.26	1.42818e-07
198.28	1.42147e-07
198.3	1.41484e-07
198.32	1.40829e-07
198.34	1.40182e-07
198.36	1.39542e-07
198.38	1.38911e-07
198.4	1.38287e-07
198.42	1.37671e-07
198.44	1.37062e-07
198.46	1.3646e-07
198.48	1.35866e-07
198.5	1.35279e-07
198.52	1.34699e-07
198.54	1.34127e-07
198.56	1.33561e-07
198.58	1.33002e-07
198.6	1.32451e-07
198.62	1.31906e-07
198.64	1.31367e-07
198.66	1.30836e-07
198.68	1.30311e-07
198.7	1.29792e-07
198.72	1.2928e-07
198.74	1.28775e-07
198.76	1.28276e-07
198.78	1.27783e-07
198.8	1.27296e-07
198.82	1.26816e-07
198.84	1.26341e-07
198.86	1.25873e-07
198.88	1.25411e-07
198.9	1.24954e-07
198.92	1.24504e-07
198.94	1.24059e-07
198.96	1.2362e-07
198.98	1.23187e-07
199	1.2276e-07
199.02	1.22338e-07
199.04	1.21922e-07
199.06	1.21511e-07
199.08	1.21106e-07
199.1	1.20706e-07
199.12	1.20311e-07
199.14	1.19922e-07
199.16	1.19538e-07
199.18	1.19159e-07
199.2	1.18786e-07
199.22	1.18417e-07
199.24	1.18054e-07
199.26	1.17696e-07
199.28	1.17343e-07
199.3	1.16994e-07
199.32	1.16651e-07
199.34	1.16313e-07
199.36	1.15979e-07
199.38	1.1565e-07
199.4	1.15326e-07
199.42	1.15007e-07
199.44	1.14692e-07
199.46	1.14382e-07
199.48	1.14077e-07
199.5	1.13776e-07
199.52	1.1348e-07
199.54	1.13189e-07
199.56	1.12901e-07
199.58	1.12619e-07
199.6	1.1234e-07
199.62	1.12066e-07
199.64	1.11797e-07
199.66	1.11532e-07
199.68	1.11271e-07
199.7	1.11014e-07
199.72	1.10761e-07
199.74	1.10513e-07
199.76	1.10269e-07
199.78	1.10029e-07
199.8	1.09793e-07
199.82	1.09561e-07
199.84	1.09333e-07
199.86	1.0911e-07
199.88	1.0889e-07
199.9	1.08674e-07
199.92	1.08463e-07
199.94	1.08255e-07
199.96	1.08051e-07
199.98	1.07851e-07
200	1.07655e-07
200.02	1.07462e-07
200.04	1.07274e-07
200.06	1.07089e-07
200.08	1.06908e-07
200.1	1.06731e-07
200.12	1.06558e-07
200.14	1.06388e-07
200.16	1.06222e-07
200.18	1.06059e-07
200.2	1.05901e-07
200.22	1.05746e-07
200.24	1.05594e-07
200.26	1.05446e-07
200.28	1.05302e-07
200.3	1.05161e-07
200.32	1.05024e-07
200.34	1.04891e-07
200.36	1.04761e-07
200.38	1.04634e-07
200.4	1.04511e-07
200.42	1.04392e-07
200.44	1.04275e-07
200.46	1.04163e-07
200.48	1.04054e-07
200.5	1.03948e-07
200.52	1.03845e-07
200.54	1.03747e-07
200.56	1.03651e-07
200.58	1.03559e-07
200.6	1.0347e-07
200.62	1.03385e-07
200.64	1.03302e-07
200.66	1.03224e-07
200.68	1.03148e-07
200.7	1.03076e-07
200.72	1.03007e-07
200.74	1.02942e-07
200.76	1.0288e-07
200.78	1.02821e-07
200.8	1.02765e-07
200.82	1.02713e-07
200.84	1.02664e-07
200.86	1.02618e-07
200.88	1.02576e-07
200.9	1.02536e-07
200.92	1.025e-07
200.94	1.02468e-07
200.96	1.02438e-07
200.98	1.02412e-07
201	1.02389e-07
201.02	1.02369e-07
201.04	1.02353e-07
201.06	1.02339e-07
201.08	1.02329e-07
201.1	1.02322e-07
201.12	1.02319e-07
201.14	1.02318e-07
201.16	1.02321e-07
201.18	1.02327e-07
201.2	1.02337e-07
201.22	1.02349e-07
201.24	1.02365e-07
201.26	1.02384e-07
201.28	1.02406e-07
201.3	1.02432e-07
201.32	1.0246e-07
201.34	1.02492e-07
201.36	1.02527e-07
201.38	1.02566e-07
201.4	1.02608e-07
201.42	1.02653e-07
201.44	1.02701e-07
201.46	1.02752e-07
201.48	1.02807e-07
201.5	1.02865e-07
201.52	1.02927e-07
201.54	1.02991e-07
201.56	1.03059e-07
201.58	1.03131e-07
201.6	1.03205e-07
201.62	1.03283e-07
201.64	1.03365e-07
201.66	1.03449e-07
201.68	1.03537e-07
201.7	1.03629e-07
201.72	1.03724e-07
201.74	1.03822e-07
201.76	1.03924e-07
201.78	1.04029e-07
201.8	1.04137e-07
201.82	1.04249e-07
201.84	1.04365e-07
201.86	1.04484e-07
201.88	1.04606e-07
201.9	1.04732e-07
201.92	1.04862e-07
201.94	1.04995e-07
201.96	1.05131e-07
201.98	1.05272e-07
202	1.05416e-07
202.02	1.05563e-07
202.04	1.05714e-07
202.06	1.05869e-07
202.08	1.06027e-07
202.1	1.0619e-07
202.12	1.06356e-07
202.14	1.06525e-07
202.16	1.06699e-07
202.18	1.06876e-07
202.2	1.07057e-07
202.22	1.07242e-07
202.24	1.07431e-07
202.26	1.07624e-07
202.28	1.0782e-07
202.3	1.08021e-07
202.32	1.08226e-07
202.34	1.08434e-07
202.36	1.08647e-07
202.38	1.08864e-07
202.4	1.09085e-07
202.42	1.0931e-07
202.44	1.09539e-07
202.46	1.09772e-07
202.48	1.1001e-07
202.5	1.10252e-07
202.52	1.10499e-07
202.54	1.10749e-07
202.56	1.11004e-07
202.58	1.11264e-07
202.6	1.11528e-07
202.62	1.11797e-07
202.64	1.1207e-07
202.66	1.12348e-07
202.68	1.1263e-07
202.7	1.12917e-07
202.72	1.13209e-07
202.74	1.13506e-07
202.76	1.13808e-07
202.78	1.14114e-07
202.8	1.14425e-07
202.82	1.14742e-07
202.84	1.15063e-07
202.86	1.1539e-07
202.88	1.15722e-07
202.9	1.16059e-07
202.92	1.16401e-07
202.94	1.16749e-07
202.96	1.17102e-07
202.98	1.17461e-07
203	1.17825e-07
203.02	1.18194e-07
203.04	1.1857e-07
203.06	1.18951e-07
203.08	1.19338e-07
203.1	1.19731e-07
203.12	1.2013e-07
203.14	1.20535e-07
203.16	1.20946e-07
203.18	1.21363e-07
203.2	1.21787e-07
203.22	1.22217e-07
203.24	1.22653e-07
203.26	1.23097e-07
203.28	1.23546e-07
203.3	1.24003e-07
203.32	1.24466e-07
203.34	1.24936e-07
203.36	1.25414e-07
203.38	1.25898e-07
203.4	1.2639e-07
203.42	1.26889e-07
203.44	1.27396e-07
203.46	1.2791e-07
203.48	1.28432e-07
203.5	1.28962e-07
203.52	1.295e-07
203.54	1.30046e-07
203.56	1.306e-07
203.58	1.31163e-07
203.6	1.31734e-07
203.62	1.32314e-07
203.64	1.32903e-07
203.66	1.335e-07
203.68	1.34107e-07
203.7	1.34723e-07
203.72	1.35349e-07
203.74	1.35984e-07
203.76	1.3663e-07
203.78	1.37285e-07
203.8	1.3795e-07
203.82	1.38626e-07
203.84	1.39313e-07
203.86	1.4001e-07
203.88	1.40718e-07
203.9	1.41438e-07
203.92	1.42169e-07
203.94	1.42912e-07
203.96	1.43667e-07
203.98	1.44434e-07
204	1.45214e-07
204.02	1.46006e-07
204.04	1.46812e-07
204.06	1.47631e-07
204.08	1.48464e-07
204.1	1.4931e-07
204.12	1.50171e-07
204.14	1.51047e-07
204.16	1.51938e-07
204.18	1.52844e-07
204.2	1.53766e-07
204.22	1.54705e-07
204.24	1.5566e-07
204.26	1.56632e-07
204.28	1.57622e-07
204.3	1.58629e-07
204.32	1.59656e-07
204.34	1.60701e-07
204.36	1.61766e-07
204.38	1.62851e-07
204.4	1.63957e-07
204.42	1.65085e-07
204.44	1.66234e-07
204.46	1.67407e-07
204.48	1.68603e-07
204.5	1.69823e-07
204.52	1.71068e-07
204.54	1.7234e-07
204.56	1.73639e-07
204.58	1.74965e-07
204.6	1.76321e-07
204.62	1.77707e-07
204.64	1.79124e-07
204.66	1.80574e-07
204.68	1.82058e-07
204.7	1.83578e-07
204.72	1.85134e-07
204.74	1.8673e-07
204.76	1.88366e-07
204.78	1.90044e-07
204.8	1.91768e-07
204.82	1.93538e-07
204.84	1.95359e-07
204.86	1.97232e-07
204.88	1.99161e-07
204.9	2.01149e-07
204.92	2.03201e-07
204.94	2.0532e-07
204.96	2.07513e-07
204.98	2.09784e-07
205	2.1214e-07
205.02	2.14588e-07
205.04	2.17138e-07
205.06	2.19801e-07
205.08	2.22588e-07
205.1	2.25515e-07
205.12	2.28603e-07
205.14	2.31875e-07
205.16	2.35363e-07
205.18	2.39113e-07
205.2	2.43187e-07
205.22	2.4768e-07
205.24	2.52744e-07
205.26	2.58657e-07
205.28	2.66e-07
205.3	2.7623e-07
205.32	2.93702e-07
205.34	3.35516e-07
205.36	4.59711e-07
205.38	7.94492e-07
205.4	1.60557e-06
205.42	3.46648e-06
205.44	7.28774e-06
205.46	1.42368e-05
205.48	2.59097e-05
205.5	4.43639e-05
205.52	7.14567e-05
205.54	0.000107844
205.56	0.000152241
205.58	0.000201563
205.6	0.000252242
205.62	0.00030149
205.64	0.000347586
205.66	0.00038963
205.68	0.000427305
205.7	0.00046075
205.72	0.000490415
205.74	0.000516879
205.76	0.000540711
205.78	0.000562406
205.8	0.000582365
205.82	0.000600902
205.84	0.000618256
205.86	0.000634607
205.88	0.000650091
205.9	0.000664811
205.92	0.00067884
205.94	0.000692234
205.96	0.000705034
205.98	0.000717269
206	0.000728962
206.02	0.000740131
206.04	0.000750789
206.06	0.00076095
206.08	0.000770624
206.1	0.00077982
206.12	0.000788547
206.14	0.000796816
206.16	0.000804634
206.18	0.000812011
206.2	0.000818955
206.22	0.000825476
206.24	0.000831582
206.26	0.000837282
206.28	0.000842586
206.3	0.000847501
206.32	0.000852036
206.34	0.0008562
206.36	0.000860001
206.38	0.000863448
206.4	0.000866549
206.42	0.000869311
206.44	0.000871743
206.46	0.000873851
206.48	0.000875644
206.5	0.000877128
206.52	0.000878311
206.54	0.000879199
206.56	0.0008798
206.58	0.00088012
206.6	0.000880165
206.62	0.000879943
206.64	0.000879459
206.66	0.00087872
206.68	0.000877731
206.7	0.0008765
206.72	0.000875031
206.74	0.000873331
206.76	0.000871406
206.78	0.000869261
206.8	0.000866902
206.82	0.000864334
206.84	0.000861564
206.86	0.000858596
206.88	0.000855437
206.9	0.000852091
206.92	0.000848564
206.94	0.000844861
206.96	0.000840988
206.98	0.000836949
207	0.00083275
207.02	0.000828397
207.04	0.000823894
207.06	0.000819246
207.08	0.000814458
207.1	0.000809536
207.12	0.000804484
207.14	0.000799308
207.16	0.000794012
207.18	0.000788601
207.2	0.000783079
207.22	0.000777453
207.24	0.000771725
207.26	0.000765902
207.28	0.000759987
207.3	0.000753985
207.32	0.0007479
207.34	0.000741738
207.36	0.000735501
207.38	0.000729196
207.4	0.000722825
207.42	0.000716393
207.44	0.000709904
207.46	0.000703362
207.48	0.000696772
207.5	0.000690136
207.52	0.000683459
207.54	0.000676745
207.56	0.000669997
207.58	0.000663219
207.6	0.000656415
207.62	0.000649587
207.64	0.00064274
207.66	0.000635876
207.68	0.000629
207.7	0.000622113
207.72	0.000615219
207.74	0.000608321
207.76	0.000601423
207.78	0.000594526
207.8	0.000587633
207.82	0.000580748
207.84	0.000573873
207.86	0.000567009
207.88	0.000560161
207.9	0.00055333
207.92	0.000546518
207.94	0.000539728
207.96	0.000532961
207.98	0.00052622
208	0.000519507
208.02	0.000512824
208.04	0.000506172
208.06	0.000499554
208.08	0.00049297
208.1	0.000486423
208.12	0.000479914
208.14	0.000473444
208.16	0.000467016
208.18	0.000460629
208.2	0.000454287
208.22	0.000447989
208.24	0.000441738
208.26	0.000435533
208.28	0.000429377
208.3	0.00042327
208.32	0.000417213
208.34	0.000411207
208.36	0.000405252
208.38	0.000399351
208.4	0.000393502
208.42	0.000387708
208.44	0.000381968
208.46	0.000376283
208.48	0.000370654
208.5	0.000365081
208.52	0.000359565
208.54	0.000354105
208.56	0.000348703
208.58	0.000343358
208.6	0.000338072
208.62	0.000332843
208.64	0.000327673
208.66	0.000322562
208.68	0.000317509
208.7	0.000312514
208.72	0.000307579
208.74	0.000302702
208.76	0.000297884
208.78	0.000293125
208.8	0.000288425
208.82	0.000283783
208.84	0.0002792
208.86	0.000274675
208.88	0.000270208
208.9	0.0002658
208.92	0.000261449
208.94	0.000257156
208.96	0.00025292
208.98	0.000248742
209	0.00024462
209.02	0.000240555
209.04	0.000236546
209.06	0.000232593
209.08	0.000228695
209.1	0.000224853
209.12	0.000221065
209.14	0.000217332
209.16	0.000213653
209.18	0.000210028
209.2	0.000206455
209.22	0.000202936
209.24	0.000199468
209.26	0.000196053
209.28	0.000192689
209.3	0.000189376
209.32	0.000186113
209.34	0.000182901
209.36	0.000179737
209.38	0.000176623
209.4	0.000173557
209.42	0.00017054
209.44	0.000167569
209.46	0.000164646
209.48	0.000161769
209.5	0.000158938
209.52	0.000156152
209.54	0.000153411
209.56	0.000150715
209.58	0.000148062
209.6	0.000145453
209.62	0.000142886
209.64	0.000140361
209.66	0.000137879
209.68	0.000135437
209.7	0.000133036
209.72	0.000130675
209.74	0.000128354
209.76	0.000126071
209.78	0.000123827
209.8	0.000121621
209.82	0.000119453
209.84	0.000117322
209.86	0.000115227
209.88	0.000113168
209.9	0.000111144
209.92	0.000109155
209.94	0.000107201
209.96	0.00010528
209.98	0.000103393
210	0.000101539
210.02	9.9717e-05
210.04	9.79271e-05
210.06	9.61686e-05
210.08	9.4441e-05
210.1	9.27439e-05
210.12	9.10768e-05
210.14	8.94393e-05
210.16	8.78308e-05
210.18	8.62509e-05
210.2	8.46992e-05
210.22	8.31751e-05
210.24	8.16784e-05
210.26	8.02084e-05
210.28	7.87649e-05
210.3	7.73472e-05
210.32	7.59552e-05
210.34	7.45882e-05
210.36	7.32459e-05
210.38	7.19279e-05
210.4	7.06338e-05
210.42	6.93631e-05
210.44	6.81155e-05
210.46	6.68906e-05
210.48	6.5688e-05
210.5	6.45074e-05
210.52	6.33482e-05
210.54	6.22103e-05
210.56	6.10931e-05
210.58	5.99964e-05
210.6	5.89198e-05
210.62	5.78629e-05
210.64	5.68255e-05
210.66	5.5807e-05
210.68	5.48073e-05
210.7	5.3826e-05
210.72	5.28628e-05
210.74	5.19172e-05
210.76	5.09892e-05
210.78	5.00782e-05
210.8	4.9184e-05
210.82	4.83063e-05
210.84	4.74449e-05
210.86	4.65993e-05
210.88	4.57694e-05
210.9	4.49548e-05
210.92	4.41553e-05
210.94	4.33706e-05
210.96	4.26003e-05
210.98	4.18444e-05
211	4.11024e-05
211.02	4.03742e-05
211.04	3.96594e-05
211.06	3.89579e-05
211.08	3.82693e-05
211.1	3.75935e-05
211.12	3.69302e-05
211.14	3.62792e-05
211.16	3.56402e-05
211.18	3.50131e-05
211.2	3.43976e-05
211.22	3.37934e-05
211.24	3.32005e-05
211.26	3.26185e-05
211.28	3.20472e-05
211.3	3.14865e-05
211.32	3.09362e-05
211.34	3.03961e-05
211.36	2.98659e-05
211.38	2.93455e-05
211.4	2.88347e-05
211.42	2.83333e-05
211.44	2.78412e-05
211.46	2.73581e-05
211.48	2.6884e-05
211.5	2.64185e-05
211.52	2.59617e-05
211.54	2.55132e-05
211.56	2.5073e-05
211.58	2.46408e-05
211.6	2.42166e-05
211.62	2.38002e-05
211.64	2.33914e-05
211.66	2.29901e-05
211.68	2.25962e-05
211.7	2.22094e-05
211.72	2.18298e-05
211.74	2.1457e-05
211.76	2.10911e-05
211.78	2.07318e-05
211.8	2.03791e-05
211.82	2.00329e-05
211.84	1.96929e-05
211.86	1.93591e-05
211.88	1.90314e-05
211.9	1.87096e-05
211.92	1.83936e-05
211.94	1.80834e-05
211.96	1.77788e-05
211.98	1.74797e-05
212	1.7186e-05
212.02	1.68977e-05
212.04	1.66145e-05
212.06	1.63364e-05
212.08	1.60634e-05
212.1	1.57952e-05
212.12	1.55319e-05
212.14	1.52733e-05
212.16	1.50193e-05
212.18	1.47699e-05
212.2	1.4525e-05
212.22	1.42844e-05
212.24	1.40481e-05
212.26	1.38161e-05
212.28	1.35882e-05
212.3	1.33643e-05
212.32	1.31444e-05
212.34	1.29285e-05
212.36	1.27163e-05
212.38	1.2508e-05
212.4	1.23033e-05
212.42	1.21022e-05
212.44	1.19047e-05
212.46	1.17107e-05
212.48	1.15201e-05
212.5	1.13329e-05
212.52	1.1149e-05
212.54	1.09683e-05
212.56	1.07907e-05
212.58	1.06163e-05
212.6	1.04449e-05
212.62	1.02766e-05
212.64	1.01112e-05
212.66	9.94862e-06
212.68	9.78892e-06
212.7	9.63199e-06
212.72	9.4778e-06
212.74	9.32629e-06
212.76	9.17741e-06
212.78	9.03111e-06
212.8	8.88734e-06
212.82	8.74606e-06
212.84	8.60722e-06
212.86	8.47078e-06
212.88	8.33669e-06
212.9	8.20491e-06
212.92	8.0754e-06
212.94	7.94811e-06
212.96	7.823e-06
212.98	7.70004e-06
213	7.57918e-06
213.02	7.46039e-06
213.04	7.34363e-06
213.06	7.22886e-06
213.08	7.11605e-06
213.1	7.00516e-06
213.12	6.89615e-06
213.14	6.789e-06
213.16	6.68366e-06
213.18	6.5801e-06
213.2	6.4783e-06
213.22	6.37822e-06
213.24	6.27983e-06
213.26	6.1831e-06
213.28	6.088e-06
213.3	5.99449e-06
213.32	5.90256e-06
213.34	5.81217e-06
213.36	5.7233e-06
213.38	5.63592e-06
213.4	5.54999e-06
213.42	5.46551e-06
213.44	5.38243e-06
213.46	5.30074e-06
213.48	5.2204e-06
213.5	5.14141e-06
213.52	5.06372e-06
213.54	4.98733e-06
213.56	4.9122e-06
213.58	4.83831e-06
213.6	4.76564e-06
213.62	4.69418e-06
213.64	4.62389e-06
213.66	4.55476e-06
213.68	4.48677e-06
213.7	4.4199e-06
213.72	4.35412e-06
213.74	4.28943e-06
213.76	4.22579e-06
213.78	4.1632e-06
213.8	4.10162e-06
213.82	4.04105e-06
213.84	3.98147e-06
213.86	3.92286e-06
213.88	3.86521e-06
213.9	3.80849e-06
213.92	3.75269e-06
213.94	3.69779e-06
213.96	3.64378e-06
213.98	3.59065e-06
214	3.53838e-06
214.02	3.48694e-06
214.04	3.43634e-06
214.06	3.38655e-06
214.08	3.33757e-06
214.1	3.28937e-06
214.12	3.24194e-06
214.14	3.19527e-06
214.16	3.14935e-06
214.18	3.10416e-06
214.2	3.0597e-06
214.22	3.01594e-06
214.24	2.97288e-06
214.26	2.93051e-06
214.28	2.88881e-06
214.3	2.84777e-06
214.32	2.80738e-06
214.34	2.76763e-06
214.36	2.72851e-06
214.38	2.69001e-06
214.4	2.65212e-06
214.42	2.61482e-06
214.44	2.57811e-06
214.46	2.54198e-06
214.48	2.50642e-06
214.5	2.47141e-06
214.52	2.43696e-06
214.54	2.40304e-06
214.56	2.36965e-06
214.58	2.33679e-06
214.6	2.30443e-06
214.62	2.27259e-06
214.64	2.24123e-06
214.66	2.21037e-06
214.68	2.17998e-06
214.7	2.15007e-06
214.72	2.12062e-06
214.74	2.09162e-06
214.76	2.06307e-06
214.78	2.03497e-06
214.8	2.00729e-06
214.82	1.98005e-06
214.84	1.95322e-06
214.86	1.92681e-06
214.88	1.9008e-06
214.9	1.87518e-06
214.92	1.84997e-06
214.94	1.82514e-06
214.96	1.80068e-06
214.98	1.7766e-06
215	1.75289e-06
215.02	1.72954e-06
215.04	1.70654e-06
215.06	1.6839e-06
215.08	1.6616e-06
215.1	1.63963e-06
215.12	1.618e-06
215.14	1.5967e-06
215.16	1.57571e-06
215.18	1.55505e-06
215.2	1.53469e-06
215.22	1.51464e-06
215.24	1.4949e-06
215.26	1.47545e-06
215.28	1.45629e-06
215.3	1.43742e-06
215.32	1.41883e-06
215.34	1.40052e-06
215.36	1.38248e-06
215.38	1.36471e-06
215.4	1.34721e-06
215.42	1.32996e-06
215.44	1.31298e-06
215.46	1.29624e-06
215.48	1.27975e-06
215.5	1.26351e-06
215.52	1.24751e-06
215.54	1.23174e-06
215.56	1.21621e-06
215.58	1.2009e-06
215.6	1.18582e-06
215.62	1.17097e-06
215.64	1.15633e-06
215.66	1.1419e-06
215.68	1.12769e-06
215.7	1.11368e-06
215.72	1.09988e-06
215.74	1.08628e-06
215.76	1.07288e-06
215.78	1.05967e-06
215.8	1.04665e-06
215.82	1.03383e-06
215.84	1.02119e-06
215.86	1.00873e-06
215.88	9.96456e-07
215.9	9.84357e-07
215.92	9.72432e-07
215.94	9.6068e-07
215.96	9.49097e-07
215.98	9.3768e-07
216	9.26427e-07
216.02	9.15336e-07
216.04	9.04403e-07
216.06	8.93627e-07
216.08	8.83005e-07
216.1	8.72535e-07
216.12	8.62214e-07
216.14	8.52039e-07
216.16	8.4201e-07
216.18	8.32123e-07
216.2	8.22375e-07
216.22	8.12766e-07
216.24	8.03293e-07
216.26	7.93954e-07
216.28	7.84746e-07
216.3	7.75668e-07
216.32	7.66718e-07
216.34	7.57893e-07
216.36	7.49193e-07
216.38	7.40614e-07
216.4	7.32155e-07
216.42	7.23815e-07
216.44	7.15591e-07
216.46	7.07482e-07
216.48	6.99485e-07
216.5	6.916e-07
216.52	6.83824e-07
216.54	6.76156e-07
216.56	6.68595e-07
216.58	6.61138e-07
216.6	6.53784e-07
216.62	6.46531e-07
216.64	6.39378e-07
216.66	6.32324e-07
216.68	6.25367e-07
216.7	6.18505e-07
216.72	6.11737e-07
216.74	6.05062e-07
216.76	5.98479e-07
216.78	5.91985e-07
216.8	5.85579e-07
216.82	5.79261e-07
216.84	5.73029e-07
216.86	5.66882e-07
216.88	5.60818e-07
216.9	5.54836e-07
216.92	5.48935e-07
216.94	5.43114e-07
216.96	5.37371e-07
216.98	5.31706e-07
217	5.26117e-07
217.02	5.20603e-07
217.04	5.15163e-07
217.06	5.09796e-07
217.08	5.04501e-07
217.1	4.99277e-07
217.12	4.94122e-07
217.14	4.89037e-07
217.16	4.84019e-07
217.18	4.79068e-07
217.2	4.74182e-07
217.22	4.69362e-07
217.24	4.64605e-07
217.26	4.59911e-07
217.28	4.5528e-07
217.3	4.50709e-07
217.32	4.46199e-07
217.34	4.41748e-07
217.36	4.37356e-07
217.38	4.33021e-07
217.4	4.28743e-07
217.42	4.24522e-07
217.44	4.20355e-07
217.46	4.16243e-07
217.48	4.12185e-07
217.5	4.08179e-07
217.52	4.04226e-07
217.54	4.00324e-07
217.56	3.96472e-07
217.58	3.92671e-07
217.6	3.88919e-07
217.62	3.85215e-07
217.64	3.8156e-07
217.66	3.77951e-07
217.68	3.74389e-07
217.7	3.70872e-07
217.72	3.67401e-07
217.74	3.63975e-07
217.76	3.60592e-07
217.78	3.57253e-07
217.8	3.53956e-07
217.82	3.50702e-07
217.84	3.47489e-07
217.86	3.44317e-07
217.88	3.41185e-07
217.9	3.38093e-07
217.92	3.35041e-07
217.94	3.32027e-07
217.96	3.29051e-07
217.98	3.26113e-07
218	3.23212e-07
218.02	3.20347e-07
218.04	3.17519e-07
218.06	3.14726e-07
218.08	3.11968e-07
218.1	3.09245e-07
218.12	3.06557e-07
218.14	3.03901e-07
218.16	3.01279e-07
218.18	2.9869e-07
218.2	2.96133e-07
218.22	2.93608e-07
218.24	2.91114e-07
218.26	2.88652e-07
218.28	2.8622e-07
218.3	2.83818e-07
218.32	2.81446e-07
218.34	2.79103e-07
218.36	2.7679e-07
218.38	2.74504e-07
218.4	2.72247e-07
218.42	2.70018e-07
218.44	2.67817e-07
218.46	2.65642e-07
218.48	2.63494e-07
218.5	2.61373e-07
218.52	2.59277e-07
218.54	2.57207e-07
218.56	2.55162e-07
218.58	2.53143e-07
218.6	2.51148e-07
218.62	2.49177e-07
218.64	2.47231e-07
218.66	2.45308e-07
218.68	2.43408e-07
218.7	2.41532e-07
218.72	2.39678e-07
218.74	2.37847e-07
218.76	2.36038e-07
218.78	2.3425e-07
218.8	2.32485e-07
218.82	2.3074e-07
218.84	2.29017e-07
218.86	2.27315e-07
218.88	2.25633e-07
218.9	2.23971e-07
218.92	2.22329e-07
218.94	2.20707e-07
218.96	2.19104e-07
218.98	2.17521e-07
219	2.15957e-07
219.02	2.14411e-07
219.04	2.12884e-07
219.06	2.11375e-07
219.08	2.09884e-07
219.1	2.08411e-07
219.12	2.06955e-07
219.14	2.05517e-07
219.16	2.04096e-07
219.18	2.02691e-07
219.2	2.01304e-07
219.22	1.99933e-07
219.24	1.98578e-07
219.26	1.97239e-07
219.28	1.95916e-07
219.3	1.94609e-07
219.32	1.93317e-07
219.34	1.92041e-07
219.36	1.9078e-07
219.38	1.89533e-07
219.4	1.88302e-07
219.42	1.87084e-07
219.44	1.85882e-07
219.46	1.84693e-07
219.48	1.83519e-07
219.5	1.82358e-07
219.52	1.81211e-07
219.54	1.80077e-07
219.56	1.78957e-07
219.58	1.7785e-07
219.6	1.76756e-07
219.62	1.75675e-07
219.64	1.74607e-07
219.66	1.73551e-07
219.68	1.72508e-07
219.7	1.71477e-07
219.72	1.70458e-07
219.74	1.69451e-07
219.76	1.68455e-07
219.78	1.67472e-07
219.8	1.665e-07
219.82	1.65539e-07
219.84	1.6459e-07
219.86	1.63652e-07
219.88	1.62725e-07
219.9	1.61809e-07
219.92	1.60904e-07
219.94	1.60009e-07
219.96	1.59125e-07
219.98	1.58251e-07
220	1.57387e-07
220.02	1.56534e-07
220.04	1.55691e-07
220.06	1.54857e-07
220.08	1.54034e-07
220.1	1.5322e-07
220.12	1.52416e-07
220.14	1.51621e-07
220.16	1.50835e-07
220.18	1.50059e-07
220.2	1.49292e-07
220.22	1.48534e-07
220.24	1.47786e-07
220.26	1.47046e-07
220.28	1.46314e-07
220.3	1.45592e-07
220.32	1.44878e-07
220.34	1.44172e-07
220.36	1.43475e-07
220.38	1.42786e-07
220.4	1.42106e-07
220.42	1.41433e-07
220.44	1.40769e-07
220.46	1.40113e-07
220.48	1.39464e-07
220.5	1.38823e-07
220.52	1.3819e-07
220.54	1.37565e-07
220.56	1.36947e-07
220.58	1.36336e-07
220.6	1.35733e-07
220.62	1.35137e-07
220.64	1.34549e-07
220.66	1.33967e-07
220.68	1.33393e-07
220.7	1.32826e-07
220.72	1.32265e-07
220.74	1.31712e-07
220.76	1.31165e-07
220.78	1.30625e-07
220.8	1.30092e-07
220.82	1.29565e-07
220.84	1.29045e-07
220.86	1.28531e-07
220.88	1.28024e-07
220.9	1.27523e-07
220.92	1.27028e-07
220.94	1.26539e-07
220.96	1.26057e-07
220.98	1.25581e-07
221	1.25111e-07
221.02	1.24646e-07
221.04	1.24188e-07
221.06	1.23736e-07
221.08	1.23289e-07
221.1	1.22848e-07
221.12	1.22413e-07
221.14	1.21983e-07
221.16	1.21559e-07
221.18	1.21141e-07
221.2	1.20728e-07
221.22	1.20321e-07
221.24	1.19919e-07
221.26	1.19522e-07
221.28	1.19131e-07
221.3	1.18744e-07
221.32	1.18364e-07
221.34	1.17988e-07
221.36	1.17617e-07
221.38	1.17252e-07
221.4	1.16891e-07
221.42	1.16535e-07
221.44	1.16185e-07
221.46	1.15839e-07
221.48	1.15498e-07
221.5	1.15162e-07
221.52	1.14831e-07
221.54	1.14505e-07
221.56	1.14183e-07
221.58	1.13866e-07
221.6	1.13553e-07
221.62	1.13245e-07
221.64	1.12942e-07
221.66	1.12643e-07
221.68	1.12349e-07
221.7	1.12059e-07
221.72	1.11774e-07
221.74	1.11493e-07
221.76	1.11216e-07
221.78	1.10943e-07
221.8	1.10675e-07
221.82	1.10412e-07
221.84	1.10152e-07
221.86	1.09897e-07
221.88	1.09645e-07
221.9	1.09398e-07
221.92	1.09155e-07
221.94	1.08916e-07
221.96	1.08682e-07
221.98	1.08451e-07
222	1.08224e-07
222.02	1.08001e-07
222.04	1.07782e-07
222.06	1.07567e-07
222.08	1.07356e-07
222.1	1.07149e-07
222.12	1.06946e-07
222.14	1.06746e-07
222.16	1.06551e-07
222.18	1.06359e-07
222.2	1.06171e-07
222.22	1.05986e-07
222.24	1.05806e-07
222.26	1.05629e-07
222.28	1.05455e-07
222.3	1.05286e-07
222.32	1.0512e-07
222.34	1.04957e-07
222.36	1.04799e-07
222.38	1.04644e-07
222.4	1.04492e-07
222.42	1.04344e-07
222.44	1.04199e-07
222.46	1.04058e-07
222.48	1.03921e-07
222.5	1.03787e-07
222.52	1.03656e-07
222.54	1.03529e-07
222.56	1.03406e-07
222.58	1.03285e-07
222.6	1.03168e-07
222.62	1.03055e-07
222.64	1.02945e-07
222.66	1.02838e-07
222.68	1.02735e-07
222.7	1.02635e-07
222.72	1.02538e-07
222.74	1.02445e-07
222.76	1.02355e-07
222.78	1.02268e-07
222.8	1.02185e-07
222.82	1.02105e-07
222.84	1.02028e-07
222.86	1.01955e-07
222.88	1.01884e-07
222.9	1.01817e-07
222.92	1.01754e-07
222.94	1.01693e-07
222.96	1.01636e-07
222.98	1.01581e-07
223	1.01531e-07
223.02	1.01483e-07
223.04	1.01438e-07
223.06	1.01397e-07
223.08	1.01359e-07
223.1	1.01324e-07
223.12	1.01292e-07
223.14	1.01264e-07
223.16	1.01238e-07
223.18	1.01216e-07
223.2	1.01197e-07
223.22	1.01181e-07
223.24	1.01169e-07
223.26	1.01159e-07
223.28	1.01153e-07
223.3	1.0115e-07
223.32	1.0115e-07
223.34	1.01153e-07
223.36	1.01159e-07
223.38	1.01169e-07
223.4	1.01181e-07
223.42	1.01197e-07
223.44	1.01216e-07
223.46	1.01238e-07
223.48	1.01263e-07
223.5	1.01292e-07
223.52	1.01324e-07
223.54	1.01358e-07
223.56	1.01397e-07
223.58	1.01438e-07
223.6	1.01482e-07
223.62	1.0153e-07
223.64	1.01581e-07
223.66	1.01635e-07
223.68	1.01692e-07
223.7	1.01752e-07
223.72	1.01816e-07
223.74	1.01883e-07
223.76	1.01953e-07
223.78	1.02027e-07
223.8	1.02104e-07
223.82	1.02184e-07
223.84	1.02267e-07
223.86	1.02354e-07
223.88	1.02444e-07
223.9	1.02537e-07
223.92	1.02633e-07
223.94	1.02733e-07
223.96	1.02837e-07
223.98	1.02943e-07
224	1.03053e-07
224.02	1.03167e-07
224.04	1.03283e-07
224.06	1.03404e-07
224.08	1.03527e-07
224.1	1.03655e-07
224.12	1.03785e-07
224.14	1.03919e-07
224.16	1.04057e-07
224.18	1.04198e-07
224.2	1.04343e-07
224.22	1.04491e-07
224.24	1.04643e-07
224.26	1.04798e-07
224.28	1.04958e-07
224.3	1.0512e-07
224.32	1.05287e-07
224.34	1.05457e-07
224.36	1.05631e-07
224.38	1.05808e-07
224.4	1.05989e-07
224.42	1.06175e-07
224.44	1.06364e-07
224.46	1.06556e-07
224.48	1.06753e-07
224.5	1.06954e-07
224.52	1.07158e-07
224.54	1.07366e-07
224.56	1.07579e-07
224.58	1.07795e-07
224.6	1.08016e-07
224.62	1.0824e-07
224.64	1.08469e-07
224.66	1.08702e-07
224.68	1.08939e-07
224.7	1.0918e-07
224.72	1.09426e-07
224.74	1.09675e-07
224.76	1.0993e-07
224.78	1.10188e-07
224.8	1.10451e-07
224.82	1.10718e-07
224.84	1.1099e-07
224.86	1.11267e-07
224.88	1.11548e-07
224.9	1.11833e-07
224.92	1.12124e-07
224.94	1.12419e-07
224.96	1.12718e-07
224.98	1.13023e-07
225	1.13332e-07
225.02	1.13647e-07
225.04	1.13966e-07
225.06	1.14291e-07
225.08	1.1462e-07
225.1	1.14955e-07
225.12	1.15295e-07
225.14	1.1564e-07
225.16	1.1599e-07
225.18	1.16346e-07
225.2	1.16707e-07
225.22	1.17074e-07
225.24	1.17447e-07
225.26	1.17825e-07
225.28	1.18208e-07
225.3	1.18598e-07
225.32	1.18994e-07
225.34	1.19395e-07
225.36	1.19802e-07
225.38	1.20216e-07
225.4	1.20636e-07
225.42	1.21062e-07
225.44	1.21494e-07
225.46	1.21933e-07
225.48	1.22378e-07
225.5	1.2283e-07
225.52	1.23289e-07
225.54	1.23755e-07
225.56	1.24227e-07
225.58	1.24707e-07
225.6	1.25193e-07
225.62	1.25687e-07
225.64	1.26189e-07
225.66	1.26697e-07
225.68	1.27214e-07
225.7	1.27738e-07
225.72	1.2827e-07
225.74	1.28809e-07
225.76	1.29357e-07
225.78	1.29914e-07
225.8	1.30478e-07
225.82	1.31051e-07
225.84	1.31633e-07
225.86	1.32223e-07
225.88	1.32823e-07
225.9	1.33432e-07
225.92	1.3405e-07
225.94	1.34677e-07
225.96	1.35314e-07
225.98	1.35961e-07
226	1.36618e-07
226.02	1.37285e-07
226.04	1.37962e-07
226.06	1.3865e-07
226.08	1.39349e-07
226.1	1.40059e-07
226.12	1.4078e-07
226.14	1.41513e-07
226.16	1.42257e-07
226.18	1.43014e-07
226.2	1.43782e-07
226.22	1.44563e-07
226.24	1.45357e-07
226.26	1.46164e-07
226.28	1.46985e-07
226.3	1.47819e-07
226.32	1.48667e-07
226.34	1.49529e-07
226.36	1.50406e-07
226.38	1.51298e-07
226.4	1.52206e-07
226.42	1.53129e-07
226.44	1.54069e-07
226.46	1.55025e-07
226.48	1.55998e-07
226.5	1.56989e-07
226.52	1.57998e-07
226.54	1.59025e-07
226.56	1.60072e-07
226.58	1.61138e-07
226.6	1.62224e-07
226.62	1.63331e-07
226.64	1.6446e-07
226.66	1.6561e-07
226.68	1.66784e-07
226.7	1.67981e-07
226.72	1.69202e-07
226.74	1.70449e-07
226.76	1.71721e-07
226.78	1.73021e-07
226.8	1.74348e-07
226.82	1.75705e-07
226.84	1.77092e-07
226.86	1.7851e-07
226.88	1.79961e-07
226.9	1.81446e-07
226.92	1.82967e-07
226.94	1.84524e-07
226.96	1.86121e-07
226.98	1.87758e-07
227	1.89437e-07
227.02	1.91162e-07
227.04	1.92934e-07
227.06	1.94756e-07
227.08	1.9663e-07
227.1	1.98561e-07
227.12	2.00551e-07
227.14	2.02604e-07
227.16	2.04725e-07
227.18	2.0692e-07
227.2	2.09193e-07
227.22	2.11551e-07
227.24	2.14003e-07
227.26	2.16556e-07
227.28	2.19222e-07
227.3	2.22014e-07
227.32	2.24947e-07
227.34	2.2804e-07
227.36	2.3132e-07
227.38	2.34818e-07
227.4	2.38581e-07
227.42	2.42671e-07
227.44	2.47187e-07
227.46	2.52287e-07
227.48	2.5826e-07
227.5	2.65718e-07
227.52	2.76218e-07
227.54	2.94459e-07
227.56	3.39387e-07
227.58	4.73004e-07
227.6	8.28847e-07
227.62	1.68834e-06
227.64	3.6494e-06
227.66	7.64116e-06
227.68	1.48517e-05
227.7	2.69134e-05
227.72	4.58999e-05
227.74	7.36198e-05
227.76	0.000110617
227.78	0.000155468
227.8	0.000205003
227.82	0.000255674
227.84	0.000304766
227.86	0.000350623
227.88	0.000392387
227.9	0.000429778
227.92	0.000462961
227.94	0.000492398
227.96	0.000518674
227.98	0.000542353
228	0.000563925
228.02	0.000583784
228.04	0.000602239
228.06	0.000619524
228.08	0.000635817
228.1	0.000651251
228.12	0.000665926
228.14	0.000679915
228.16	0.000693272
228.18	0.000706037
228.2	0.000718239
228.22	0.0007299
228.24	0.000741038
228.26	0.000751666
228.28	0.000761797
228.3	0.000771442
228.32	0.000780609
228.34	0.000789309
228.36	0.000797549
228.38	0.000805341
228.4	0.000812691
228.42	0.000819609
228.44	0.000826104
228.46	0.000832185
228.48	0.000837861
228.5	0.00084314
228.52	0.000848031
228.54	0.000852544
228.56	0.000856685
228.58	0.000860464
228.6	0.000863889
228.62	0.000866969
228.64	0.00086971
228.66	0.000872121
228.68	0.000874209
228.7	0.000875982
228.72	0.000877447
228.74	0.000878611
228.76	0.000879481
228.78	0.000880064
228.8	0.000880366
228.82	0.000880394
228.84	0.000880154
228.86	0.000879653
228.88	0.000878898
228.9	0.000877893
228.92	0.000876646
228.94	0.000875162
228.96	0.000873447
228.98	0.000871507
229	0.000869347
229.02	0.000866974
229.04	0.000864392
229.06	0.000861608
229.08	0.000858627
229.1	0.000855455
229.12	0.000852096
229.14	0.000848557
229.16	0.000844842
229.18	0.000840956
229.2	0.000836906
229.22	0.000832696
229.24	0.000828332
229.26	0.000823818
229.28	0.000819159
229.3	0.000814362
229.32	0.00080943
229.34	0.000804369
229.36	0.000799183
229.38	0.000793878
229.4	0.000788458
229.42	0.000782928
229.44	0.000777293
229.46	0.000771557
229.48	0.000765726
229.5	0.000759804
229.52	0.000753795
229.54	0.000747703
229.56	0.000741534
229.58	0.000735291
229.6	0.000728979
229.62	0.000722603
229.64	0.000716165
229.66	0.000709671
229.68	0.000703124
229.7	0.000696529
229.72	0.000689888
229.74	0.000683207
229.76	0.000676489
229.78	0.000669737
229.8	0.000662955
229.82	0.000656147
229.84	0.000649316
229.86	0.000642466
229.88	0.000635599
229.9	0.00062872
229.92	0.000621831
229.94	0.000614935
229.96	0.000608035
229.98	0.000601134
230	0.000594235
230.02	0.000587341
230.04	0.000580455
230.06	0.000573578
230.08	0.000566714
230.1	0.000559865
230.12	0.000553032
230.14	0.00054622
230.16	0.000539429
230.18	0.000532662
230.2	0.000525921
230.22	0.000519208
230.24	0.000512525
230.26	0.000505873
230.28	0.000499255
230.3	0.000492672
230.32	0.000486125
230.34	0.000479617
230.36	0.000473148
230.38	0.00046672
230.4	0.000460335
230.42	0.000453994
230.44	0.000447697
230.46	0.000441447
230.48	0.000435244
230.5	0.000429089
230.52	0.000422983
230.54	0.000416928
230.56	0.000410923
230.58	0.000404971
230.6	0.000399071
230.62	0.000393224
230.64	0.000387432
230.66	0.000381694
230.68	0.000376011
230.7	0.000370384
230.72	0.000364813
230.74	0.000359299
230.76	0.000353841
230.78	0.000348441
230.8	0.000343099
230.82	0.000337815
230.84	0.000332589
230.86	0.000327421
230.88	0.000322312
230.9	0.000317261
230.92	0.000312269
230.94	0.000307336
230.96	0.000302462
230.98	0.000297646
231	0.00029289
231.02	0.000288192
231.04	0.000283553
231.06	0.000278972
231.08	0.00027445
231.1	0.000269986
231.12	0.00026558
231.14	0.000261231
231.16	0.000256941
231.18	0.000252708
231.2	0.000248532
231.22	0.000244413
231.24	0.00024035
231.26	0.000236344
231.28	0.000232393
231.3	0.000228498
231.32	0.000224658
231.34	0.000220873
231.36	0.000217143
231.38	0.000213466
231.4	0.000209843
231.42	0.000206273
231.44	0.000202756
231.46	0.000199292
231.48	0.000195879
231.5	0.000192517
231.52	0.000189206
231.54	0.000185946
231.56	0.000182736
231.58	0.000179575
231.6	0.000176463
231.62	0.0001734
231.64	0.000170384
231.66	0.000167416
231.68	0.000164495
231.7	0.00016162
231.72	0.000158791
231.74	0.000156008
231.76	0.000153269
231.78	0.000150575
231.8	0.000147924
231.82	0.000145317
231.84	0.000142752
231.86	0.00014023
231.88	0.000137749
231.9	0.00013531
231.92	0.000132911
231.94	0.000130552
231.96	0.000128232
231.98	0.000125952
232	0.00012371
232.02	0.000121506
232.04	0.00011934
232.06	0.00011721
232.08	0.000115117
232.1	0.00011306
232.12	0.000111038
232.14	0.000109051
232.16	0.000107098
232.18	0.000105179
232.2	0.000103294
232.22	0.000101441
232.24	9.96209e-05
232.26	9.78326e-05
232.28	9.60757e-05
232.3	9.43497e-05
232.32	9.26542e-05
232.34	9.09886e-05
232.36	8.93526e-05
232.38	8.77456e-05
232.4	8.61672e-05
232.42	8.46169e-05
232.44	8.30943e-05
232.46	8.15989e-05
232.48	8.01304e-05
232.5	7.86881e-05
232.52	7.72719e-05
232.54	7.58811e-05
232.56	7.45154e-05
232.58	7.31744e-05
232.6	7.18577e-05
232.62	7.05648e-05
232.64	6.92953e-05
232.66	6.80489e-05
232.68	6.68252e-05
232.7	6.56238e-05
232.72	6.44442e-05
232.74	6.32862e-05
232.76	6.21494e-05
232.78	6.10333e-05
232.8	5.99377e-05
232.82	5.88621e-05
232.84	5.78063e-05
232.86	5.67698e-05
232.88	5.57524e-05
232.9	5.47537e-05
232.92	5.37733e-05
232.94	5.2811e-05
232.96	5.18664e-05
232.98	5.09393e-05
233	5.00292e-05
233.02	4.91359e-05
233.04	4.82591e-05
233.06	4.73985e-05
233.08	4.65538e-05
233.1	4.57247e-05
233.12	4.49109e-05
233.14	4.41121e-05
233.16	4.33282e-05
233.18	4.25587e-05
233.2	4.18035e-05
233.22	4.10623e-05
233.24	4.03348e-05
233.26	3.96207e-05
233.28	3.89199e-05
233.3	3.8232e-05
233.32	3.75569e-05
233.34	3.68943e-05
233.36	3.62439e-05
233.38	3.56056e-05
233.4	3.49791e-05
233.42	3.43642e-05
233.44	3.37606e-05
233.46	3.31682e-05
233.48	3.25868e-05
233.5	3.20161e-05
233.52	3.1456e-05
233.54	3.09062e-05
233.56	3.03666e-05
233.58	2.9837e-05
233.6	2.93171e-05
233.62	2.88068e-05
233.64	2.8306e-05
233.66	2.78143e-05
233.68	2.73317e-05
233.7	2.6858e-05
233.72	2.63931e-05
233.74	2.59367e-05
233.76	2.54886e-05
233.78	2.50489e-05
233.8	2.46172e-05
233.82	2.41934e-05
233.84	2.37774e-05
233.86	2.3369e-05
233.88	2.29681e-05
233.9	2.25745e-05
233.92	2.21882e-05
233.94	2.18089e-05
233.96	2.14365e-05
233.98	2.10709e-05
234	2.0712e-05
234.02	2.03597e-05
234.04	2.00138e-05
234.06	1.96741e-05
234.08	1.93406e-05
234.1	1.90132e-05
234.12	1.86918e-05
234.14	1.83761e-05
234.16	1.80662e-05
234.18	1.77619e-05
234.2	1.74631e-05
234.22	1.71698e-05
234.24	1.68817e-05
234.26	1.65988e-05
234.28	1.6321e-05
234.3	1.60482e-05
234.32	1.57803e-05
234.34	1.55172e-05
234.36	1.52589e-05
234.38	1.50051e-05
234.4	1.4756e-05
234.42	1.45113e-05
234.44	1.42709e-05
234.46	1.40349e-05
234.48	1.38031e-05
234.5	1.35754e-05
234.52	1.33517e-05
234.54	1.31321e-05
234.56	1.29163e-05
234.58	1.27044e-05
234.6	1.24962e-05
234.62	1.22918e-05
234.64	1.20909e-05
234.66	1.18936e-05
234.68	1.16998e-05
234.7	1.15094e-05
234.72	1.13223e-05
234.74	1.11385e-05
234.76	1.0958e-05
234.78	1.07806e-05
234.8	1.06064e-05
234.82	1.04352e-05
234.84	1.0267e-05
234.86	1.01017e-05
234.88	9.93934e-06
234.9	9.77979e-06
234.92	9.62302e-06
234.94	9.46898e-06
234.96	9.31761e-06
234.98	9.16887e-06
235	9.02271e-06
235.02	8.87908e-06
235.04	8.73793e-06
235.06	8.59922e-06
235.08	8.46291e-06
235.1	8.32894e-06
235.12	8.19729e-06
235.14	8.06789e-06
235.16	7.94072e-06
235.18	7.81574e-06
235.2	7.69289e-06
235.22	7.57215e-06
235.24	7.45347e-06
235.26	7.33682e-06
235.28	7.22216e-06
235.3	7.10945e-06
235.32	6.99866e-06
235.34	6.88975e-06
235.36	6.7827e-06
235.38	6.67746e-06
235.4	6.574e-06
235.42	6.47229e-06
235.44	6.3723e-06
235.46	6.274e-06
235.48	6.17736e-06
235.5	6.08234e-06
235.52	5.98893e-06
235.54	5.89708e-06
235.56	5.80678e-06
235.58	5.71799e-06
235.6	5.63068e-06
235.62	5.54484e-06
235.64	5.46043e-06
235.66	5.37743e-06
235.68	5.29581e-06
235.7	5.21555e-06
235.72	5.13662e-06
235.74	5.05901e-06
235.76	4.98268e-06
235.78	4.90762e-06
235.8	4.8338e-06
235.82	4.7612e-06
235.84	4.6898e-06
235.86	4.61958e-06
235.88	4.55052e-06
235.9	4.48259e-06
235.92	4.41577e-06
235.94	4.35006e-06
235.96	4.28542e-06
235.98	4.22184e-06
236	4.1593e-06
236.02	4.09778e-06
236.04	4.03727e-06
236.06	3.97774e-06
236.08	3.91919e-06
236.1	3.86158e-06
236.12	3.80491e-06
236.14	3.74916e-06
236.16	3.69431e-06
236.18	3.64036e-06
236.2	3.58727e-06
236.22	3.53504e-06
236.24	3.48366e-06
236.26	3.4331e-06
236.28	3.38336e-06
236.3	3.33441e-06
236.32	3.28625e-06
236.34	3.23887e-06
236.36	3.19224e-06
236.38	3.14636e-06
236.4	3.10122e-06
236.42	3.05679e-06
236.44	3.01307e-06
236.46	2.97005e-06
236.48	2.92772e-06
236.5	2.88605e-06
236.52	2.84505e-06
236.54	2.8047e-06
236.56	2.76498e-06
236.58	2.7259e-06
236.6	2.68743e-06
236.62	2.64957e-06
236.64	2.61231e-06
236.66	2.57563e-06
236.68	2.53953e-06
236.7	2.504e-06
236.72	2.46903e-06
236.74	2.4346e-06
236.76	2.40071e-06
236.78	2.36736e-06
236.8	2.33452e-06
236.82	2.30219e-06
236.84	2.27037e-06
236.86	2.23905e-06
236.88	2.20821e-06
236.9	2.17785e-06
236.92	2.14796e-06
236.94	2.11854e-06
236.96	2.08957e-06
236.98	2.06104e-06
237	2.03296e-06
237.02	2.00531e-06
237.04	1.97809e-06
237.06	1.95129e-06
237.08	1.9249e-06
237.1	1.89891e-06
237.12	1.87332e-06
237.14	1.84812e-06
237.16	1.82331e-06
237.18	1.79888e-06
237.2	1.77482e-06
237.22	1.75113e-06
237.24	1.7278e-06
237.26	1.70483e-06
237.28	1.6822e-06
237.3	1.65992e-06
237.32	1.63797e-06
237.34	1.61636e-06
237.36	1.59507e-06
237.38	1.57411e-06
237.4	1.55346e-06
237.42	1.53312e-06
237.44	1.51309e-06
237.46	1.49336e-06
237.48	1.47393e-06
237.5	1.45479e-06
237.52	1.43593e-06
237.54	1.41736e-06
237.56	1.39907e-06
237.58	1.38104e-06
237.6	1.36329e-06
237.62	1.3458e-06
237.64	1.32857e-06
237.66	1.3116e-06
237.68	1.29488e-06
237.7	1.27841e-06
237.72	1.26218e-06
237.74	1.24619e-06
237.76	1.23044e-06
237.78	1.21491e-06
237.8	1.19962e-06
237.82	1.18456e-06
237.84	1.16971e-06
237.86	1.15508e-06
237.88	1.14067e-06
237.9	1.12647e-06
237.92	1.11247e-06
237.94	1.09869e-06
237.96	1.0851e-06
237.98	1.07171e-06
238	1.05851e-06
238.02	1.04551e-06
238.04	1.03269e-06
238.06	1.02006e-06
238.08	1.00762e-06
238.1	9.95352e-07
238.12	9.83263e-07
238.14	9.71349e-07
238.16	9.59607e-07
238.18	9.48033e-07
238.2	9.36626e-07
238.22	9.25383e-07
238.24	9.14302e-07
238.26	9.03379e-07
238.28	8.92612e-07
238.3	8.81999e-07
238.32	8.71538e-07
238.34	8.61225e-07
238.36	8.5106e-07
238.38	8.41039e-07
238.4	8.3116e-07
238.42	8.21421e-07
238.44	8.1182e-07
238.46	8.02355e-07
238.48	7.93024e-07
238.5	7.83824e-07
238.52	7.74754e-07
238.54	7.65811e-07
238.56	7.56994e-07
238.58	7.48301e-07
238.6	7.3973e-07
238.62	7.31278e-07
238.64	7.22945e-07
238.66	7.14728e-07
238.68	7.06626e-07
238.7	6.98636e-07
238.72	6.90758e-07
238.74	6.82989e-07
238.76	6.75327e-07
238.78	6.67772e-07
238.8	6.60322e-07
238.82	6.52974e-07
238.84	6.45727e-07
238.86	6.38581e-07
238.88	6.31533e-07
238.9	6.24581e-07
238.92	6.17726e-07
238.94	6.10964e-07
238.96	6.04294e-07
238.98	5.97716e-07
239	5.91228e-07
239.02	5.84828e-07
239.04	5.78515e-07
239.06	5.72289e-07
239.08	5.66146e-07
239.1	5.60087e-07
239.12	5.54111e-07
239.14	5.48215e-07
239.16	5.42398e-07
239.18	5.36661e-07
239.2	5.31e-07
239.22	5.25416e-07
239.24	5.19907e-07
239.26	5.14472e-07
239.28	5.09109e-07
239.3	5.03819e-07
239.32	4.98599e-07
239.34	4.93449e-07
239.36	4.88368e-07
239.38	4.83354e-07
239.4	4.78407e-07
239.42	4.73526e-07
239.44	4.68709e-07
239.46	4.63957e-07
239.48	4.59267e-07
239.5	4.54639e-07
239.52	4.50073e-07
239.54	4.45566e-07
239.56	4.41119e-07
239.58	4.3673e-07
239.6	4.32399e-07
239.62	4.28125e-07
239.64	4.23907e-07
239.66	4.19744e-07
239.68	4.15635e-07
239.7	4.11581e-07
239.72	4.07578e-07
239.74	4.03628e-07
239.76	3.9973e-07
239.78	3.95882e-07
239.8	3.92083e-07
239.82	3.88334e-07
239.84	3.84634e-07
239.86	3.80981e-07
239.88	3.77375e-07
239.9	3.73816e-07
239.92	3.70303e-07
239.94	3.66835e-07
239.96	3.63411e-07
239.98	3.60031e-07
240	3.56695e-07
240.02	3.53401e-07
240.04	3.50149e-07
240.06	3.46939e-07
240.08	3.43769e-07
240.1	3.4064e-07
240.12	3.37551e-07
240.14	3.34501e-07
240.16	3.31489e-07
240.18	3.28516e-07
240.2	3.2558e-07
240.22	3.22681e-07
240.24	3.19819e-07
240.26	3.16993e-07
240.28	3.14203e-07
240.3	3.11447e-07
240.32	3.08726e-07
240.34	3.0604e-07
240.36	3.03387e-07
240.38	3.00767e-07
240.4	2.9818e-07
240.42	2.95625e-07
240.44	2.93102e-07
240.46	2.9061e-07
240.48	2.88149e-07
240.5	2.85719e-07
240.52	2.83319e-07
240.54	2.80949e-07
240.56	2.78608e-07
240.58	2.76296e-07
240.6	2.74013e-07
240.62	2.71758e-07
240.64	2.6953e-07
240.66	2.6733e-07
240.68	2.65157e-07
240.7	2.63011e-07
240.72	2.60891e-07
240.74	2.58797e-07
240.76	2.56729e-07
240.78	2.54686e-07
240.8	2.52668e-07
240.82	2.50674e-07
240.84	2.48705e-07
240.86	2.4676e-07
240.88	2.44839e-07
240.9	2.4294e-07
240.92	2.41065e-07
240.94	2.39213e-07
240.96	2.37383e-07
240.98	2.35575e-07
241	2.33789e-07
241.02	2.32025e-07
241.04	2.30282e-07
241.06	2.2856e-07
241.08	2.26858e-07
241.1	2.25178e-07
241.12	2.23517e-07
241.14	2.21876e-07
241.16	2.20255e-07
241.18	2.18654e-07
241.2	2.17072e-07
241.22	2.15508e-07
241.24	2.13963e-07
241.26	2.12437e-07
241.28	2.10929e-07
241.3	2.09439e-07
241.32	2.07967e-07
241.34	2.06512e-07
241.36	2.05075e-07
241.38	2.03655e-07
241.4	2.02251e-07
241.42	2.00865e-07
241.44	1.99494e-07
241.46	1.9814e-07
241.48	1.96802e-07
241.5	1.9548e-07
241.52	1.94174e-07
241.54	1.92883e-07
241.56	1.91607e-07
241.58	1.90347e-07
241.6	1.89101e-07
241.62	1.8787e-07
241.64	1.86654e-07
241.66	1.85451e-07
241.68	1.84263e-07
241.7	1.8309e-07
241.72	1.81929e-07
241.74	1.80783e-07
241.76	1.7965e-07
241.78	1.7853e-07
241.8	1.77424e-07
241.82	1.7633e-07
241.84	1.7525e-07
241.86	1.74182e-07
241.88	1.73127e-07
241.9	1.72084e-07
241.92	1.71053e-07
241.94	1.70034e-07
241.96	1.69028e-07
241.98	1.68033e-07
242	1.6705e-07
242.02	1.66078e-07
242.04	1.65118e-07
242.06	1.64169e-07
242.08	1.63231e-07
242.1	1.62305e-07
242.12	1.61389e-07
242.14	1.60484e-07
242.16	1.59589e-07
242.18	1.58705e-07
242.2	1.57832e-07
242.22	1.56968e-07
242.24	1.56115e-07
242.26	1.55272e-07
242.28	1.54439e-07
242.3	1.53615e-07
242.32	1.52801e-07
242.34	1.51997e-07
242.36	1.51203e-07
242.38	1.50417e-07
242.4	1.49641e-07
242.42	1.48874e-07
242.44	1.48116e-07
242.46	1.47368e-07
242.48	1.46628e-07
242.5	1.45896e-07
242.52	1.45174e-07
242.54	1.4446e-07
242.56	1.43754e-07
242.58	1.43057e-07
242.6	1.42368e-07
242.62	1.41687e-07
242.64	1.41015e-07
242.66	1.4035e-07
242.68	1.39694e-07
242.7	1.39045e-07
242.72	1.38404e-07
242.74	1.37771e-07
242.76	1.37145e-07
242.78	1.36527e-07
242.8	1.35916e-07
242.82	1.35313e-07
242.84	1.34717e-07
242.86	1.34128e-07
242.88	1.33546e-07
242.9	1.32971e-07
242.92	1.32404e-07
242.94	1.31843e-07
242.96	1.31289e-07
242.98	1.30742e-07
243	1.30202e-07
243.02	1.29668e-07
243.04	1.29141e-07
243.06	1.2862e-07
243.08	1.28106e-07
243.1	1.27598e-07
243.12	1.27097e-07
243.14	1.26602e-07
243.16	1.26113e-07
243.18	1.2563e-07
243.2	1.25153e-07
243.22	1.24682e-07
243.24	1.24218e-07
243.26	1.23759e-07
243.28	1.23306e-07
243.3	1.22858e-07
243.32	1.22417e-07
243.34	1.21981e-07
243.36	1.21551e-07
243.38	1.21126e-07
243.4	1.20707e-07
243.42	1.20294e-07
243.44	1.19886e-07
243.46	1.19483e-07
243.48	1.19085e-07
243.5	1.18693e-07
243.52	1.18306e-07
243.54	1.17925e-07
243.56	1.17548e-07
243.58	1.17177e-07
243.6	1.1681e-07
243.62	1.16449e-07
243.64	1.16092e-07
243.66	1.15741e-07
243.68	1.15394e-07
243.7	1.15053e-07
243.72	1.14716e-07
243.74	1.14383e-07
243.76	1.14056e-07
243.78	1.13733e-07
243.8	1.13415e-07
243.82	1.13102e-07
243.84	1.12793e-07
243.86	1.12488e-07
243.88	1.12189e-07
243.9	1.11893e-07
243.92	1.11602e-07
243.94	1.11316e-07
243.96	1.11034e-07
243.98	1.10756e-07
244	1.10482e-07
244.02	1.10213e-07
244.04	1.09948e-07
244.06	1.09687e-07
244.08	1.09431e-07
244.1	1.09178e-07
244.12	1.0893e-07
244.14	1.08685e-07
244.16	1.08445e-07
244.18	1.08209e-07
244.2	1.07977e-07
244.22	1.07749e-07
244.24	1.07525e-07
244.26	1.07304e-07
244.28	1.07088e-07
244.3	1.06876e-07
244.32	1.06667e-07
244.34	1.06462e-07
244.36	1.06261e-07
244.38	1.06064e-07
244.4	1.05871e-07
244.42	1.05681e-07
244.44	1.05495e-07
244.46	1.05313e-07
244.48	1.05134e-07
244.5	1.04959e-07
244.52	1.04788e-07
244.54	1.0462e-07
244.56	1.04456e-07
244.58	1.04296e-07
244.6	1.04139e-07
244.62	1.03986e-07
244.64	1.03836e-07
244.66	1.03689e-07
244.68	1.03547e-07
244.7	1.03407e-07
244.72	1.03271e-07
244.74	1.03139e-07
244.76	1.0301e-07
244.78	1.02884e-07
244.8	1.02762e-07
244.82	1.02643e-07
244.84	1.02528e-07
244.86	1.02416e-07
244.88	1.02307e-07
244.9	1.02202e-07
244.92	1.021e-07
244.94	1.02001e-07
244.96	1.01905e-07
244.98	1.01813e-07
245	1.01724e-07
245.02	1.01639e-07
245.04	1.01556e-07
245.06	1.01477e-07
245.08	1.01401e-07
245.1	1.01329e-07
245.12	1.01259e-07
245.14	1.01193e-07
245.16	1.0113e-07
245.18	1.0107e-07
245.2	1.01014e-07
245.22	1.0096e-07
245.24	1.0091e-07
245.26	1.00863e-07
245.28	1.00819e-07
245.3	1.00778e-07
245.32	1.00741e-07
245.34	1.00706e-07
245.36	1.00675e-07
245.38	1.00647e-07
245.4	1.00622e-07
245.42	1.006e-07
245.44	1.00581e-07
245.46	1.00566e-07
245.48	1.00553e-07
245.5	1.00544e-07
245.52	1.00538e-07
245.54	1.00535e-07
245.56	1.00535e-07
245.58	1.00538e-07
245.6	1.00544e-07
245.62	1.00554e-07
245.64	1.00566e-07
245.66	1.00582e-07
245.68	1.00601e-07
245.7	1.00623e-07
245.72	1.00648e-07
245.74	1.00676e-07
245.76	1.00708e-07
245.78	1.00742e-07
245.8	1.0078e-07
245.82	1.00821e-07
245.84	1.00865e-07
245.86	1.00912e-07
245.88	1.00962e-07
245.9	1.01016e-07
245.92	1.01073e-07
245.94	1.01132e-07
245.96	1.01196e-07
245.98	1.01262e-07
246	1.01331e-07
246.02	1.01404e-07
246.04	1.0148e-07
246.06	1.01559e-07
246.08	1.01642e-07
246.1	1.01727e-07
246.12	1.01816e-07
246.14	1.01909e-07
246.16	1.02004e-07
246.18	1.02103e-07
246.2	1.02205e-07
246.22	1.02311e-07
246.24	1.02419e-07
246.26	1.02532e-07
246.28	1.02647e-07
246.3	1.02766e-07
246.32	1.02888e-07
246.34	1.03014e-07
246.36	1.03143e-07
246.38	1.03276e-07
246.4	1.03412e-07
246.42	1.03552e-07
246.44	1.03695e-07
246.46	1.03841e-07
246.48	1.03991e-07
246.5	1.04145e-07
246.52	1.04302e-07
246.54	1.04463e-07
246.56	1.04628e-07
246.58	1.04796e-07
246.6	1.04968e-07
246.62	1.05143e-07
246.64	1.05322e-07
246.66	1.05505e-07
246.68	1.05692e-07
246.7	1.05882e-07
246.72	1.06077e-07
246.74	1.06275e-07
246.76	1.06477e-07
246.78	1.06683e-07
246.8	1.06893e-07
246.82	1.07107e-07
246.84	1.07325e-07
246.86	1.07546e-07
246.88	1.07772e-07
246.9	1.08002e-07
246.92	1.08236e-07
246.94	1.08475e-07
246.96	1.08717e-07
246.98	1.08964e-07
247	1.09215e-07
247.02	1.0947e-07
247.04	1.0973e-07
247.06	1.09994e-07
247.08	1.10262e-07
247.1	1.10535e-07
247.12	1.10813e-07
247.14	1.11095e-07
247.16	1.11381e-07
247.18	1.11673e-07
247.2	1.11969e-07
247.22	1.12269e-07
247.24	1.12575e-07
247.26	1.12885e-07
247.28	1.132e-07
247.3	1.13521e-07
247.32	1.13846e-07
247.34	1.14176e-07
247.36	1.14511e-07
247.38	1.14852e-07
247.4	1.15198e-07
247.42	1.15549e-07
247.44	1.15905e-07
247.46	1.16267e-07
247.48	1.16635e-07
247.5	1.17008e-07
247.52	1.17386e-07
247.54	1.1777e-07
247.56	1.1816e-07
247.58	1.18556e-07
247.6	1.18958e-07
247.62	1.19366e-07
247.64	1.1978e-07
247.66	1.202e-07
247.68	1.20626e-07
247.7	1.21059e-07
247.72	1.21498e-07
247.74	1.21944e-07
247.76	1.22396e-07
247.78	1.22855e-07
247.8	1.2332e-07
247.82	1.23793e-07
247.84	1.24273e-07
247.86	1.24759e-07
247.88	1.25253e-07
247.9	1.25754e-07
247.92	1.26263e-07
247.94	1.26779e-07
247.96	1.27303e-07
247.98	1.27835e-07
248	1.28374e-07
248.02	1.28922e-07
248.04	1.29478e-07
248.06	1.30042e-07
248.08	1.30615e-07
248.1	1.31196e-07
248.12	1.31786e-07
248.14	1.32385e-07
248.16	1.32994e-07
248.18	1.33611e-07
248.2	1.34238e-07
248.22	1.34874e-07
248.24	1.3552e-07
248.26	1.36176e-07
248.28	1.36843e-07
248.3	1.37519e-07
248.32	1.38206e-07
248.34	1.38904e-07
248.36	1.39613e-07
248.38	1.40333e-07
248.4	1.41065e-07
248.42	1.41808e-07
248.44	1.42563e-07
248.46	1.43331e-07
248.48	1.44111e-07
248.5	1.44903e-07
248.52	1.45709e-07
248.54	1.46527e-07
248.56	1.4736e-07
248.58	1.48206e-07
248.6	1.49067e-07
248.62	1.49942e-07
248.64	1.50833e-07
248.66	1.51738e-07
248.68	1.5266e-07
248.7	1.53597e-07
248.72	1.54551e-07
248.74	1.55522e-07
248.76	1.56511e-07
248.78	1.57517e-07
248.8	1.58542e-07
248.82	1.59586e-07
248.84	1.60649e-07
248.86	1.61732e-07
248.88	1.62836e-07
248.9	1.63962e-07
248.92	1.65109e-07
248.94	1.66279e-07
248.96	1.67473e-07
248.98	1.68691e-07
249	1.69933e-07
249.02	1.71202e-07
249.04	1.72498e-07
249.06	1.73821e-07
249.08	1.75173e-07
249.1	1.76556e-07
249.12	1.77969e-07
249.14	1.79415e-07
249.16	1.80894e-07
249.18	1.82409e-07
249.2	1.83961e-07
249.22	1.85551e-07
249.24	1.87182e-07
249.26	1.88855e-07
249.28	1.90572e-07
249.3	1.92336e-07
249.32	1.9415e-07
249.34	1.96016e-07
249.36	1.97937e-07
249.38	1.99918e-07
249.4	2.01961e-07
249.42	2.04071e-07
249.44	2.06254e-07
249.46	2.08514e-07
249.48	2.10859e-07
249.5	2.13295e-07
249.52	2.15832e-07
249.54	2.1848e-07
249.56	2.21251e-07
249.58	2.24161e-07
249.6	2.27228e-07
249.62	2.30477e-07
249.64	2.3394e-07
249.66	2.37659e-07
249.68	2.41696e-07
249.7	2.46141e-07
249.72	2.51142e-07
249.74	2.56962e-07
249.76	2.64146e-07
249.78	2.74046e-07
249.8	2.90654e-07
249.82	3.2921e-07
249.84	4.43622e-07
249.86	7.56489e-07
249.88	1.51763e-06
249.9	3.27487e-06
249.92	6.91841e-06
249.94	1.35948e-05
249.96	2.48627e-05
249.98	4.27619e-05
250	6.92001e-05
250.02	0.000104951
250.04	0.000148879
250.06	0.000197992
250.08	0.0002487
250.1	0.000298139
250.12	0.000344517
250.14	0.000386884
250.16	0.000424885
250.18	0.000458633
250.2	0.00048856
250.22	0.000515243
250.24	0.000539254
250.26	0.000561096
250.28	0.000581176
250.3	0.000599814
250.32	0.000617253
250.34	0.000633678
250.36	0.000649228
250.38	0.000664007
250.4	0.000678091
250.42	0.000691536
250.44	0.000704384
250.46	0.000716665
250.48	0.000728403
250.5	0.000739615
250.52	0.000750315
250.54	0.000760517
250.56	0.000770231
250.58	0.000779466
250.6	0.000788232
250.62	0.000796538
250.64	0.000804393
250.66	0.000811806
250.68	0.000818785
250.7	0.00082534
250.72	0.00083148
250.74	0.000837213
250.76	0.000842548
250.78	0.000847494
250.8	0.000852059
250.82	0.000856253
250.84	0.000860083
250.86	0.000863558
250.88	0.000866686
250.9	0.000869474
250.92	0.000871931
250.94	0.000874065
250.96	0.000875882
250.98	0.00087739
251	0.000878595
251.02	0.000879506
251.04	0.000880129
251.06	0.00088047
251.08	0.000880536
251.1	0.000880333
251.12	0.000879868
251.14	0.000879148
251.16	0.000878178
251.18	0.000876964
251.2	0.000875512
251.22	0.000873829
251.24	0.00087192
251.26	0.00086979
251.28	0.000867446
251.3	0.000864893
251.32	0.000862136
251.34	0.000859182
251.36	0.000856035
251.38	0.000852702
251.4	0.000849186
251.42	0.000845495
251.44	0.000841633
251.46	0.000837604
251.48	0.000833416
251.5	0.000829072
251.52	0.000824578
251.54	0.000819938
251.56	0.000815159
251.58	0.000810245
251.6	0.0008052
251.62	0.000800031
251.64	0.000794741
251.66	0.000789336
251.68	0.00078382
251.7	0.000778198
251.72	0.000772476
251.74	0.000766657
251.76	0.000760746
251.78	0.000754747
251.8	0.000748666
251.82	0.000742506
251.84	0.000736273
251.86	0.000729969
251.88	0.0007236
251.9	0.00071717
251.92	0.000710682
251.94	0.000704141
251.96	0.000697551
251.98	0.000690916
252	0.000684239
252.02	0.000677525
252.04	0.000670776
252.06	0.000663997
252.08	0.000657192
252.1	0.000650363
252.12	0.000643514
252.14	0.000636648
252.16	0.000629769
252.18	0.00062288
252.2	0.000615983
252.22	0.000609083
252.24	0.000602181
252.26	0.000595281
252.28	0.000588385
252.3	0.000581496
252.32	0.000574616
252.34	0.000567749
252.36	0.000560897
252.38	0.000554061
252.4	0.000547245
252.42	0.00054045
252.44	0.000533678
252.46	0.000526933
252.48	0.000520215
252.5	0.000513526
252.52	0.000506869
252.54	0.000500245
252.56	0.000493655
252.58	0.000487103
252.6	0.000480588
252.62	0.000474113
252.64	0.000467678
252.66	0.000461286
252.68	0.000454937
252.7	0.000448634
252.72	0.000442376
252.74	0.000436165
252.76	0.000430003
252.78	0.000423889
252.8	0.000417826
252.82	0.000411813
252.84	0.000405853
252.86	0.000399945
252.88	0.00039409
252.9	0.000388289
252.92	0.000382542
252.94	0.000376851
252.96	0.000371215
252.98	0.000365636
253	0.000360113
253.02	0.000354647
253.04	0.000349238
253.06	0.000343887
253.08	0.000338594
253.1	0.000333359
253.12	0.000328182
253.14	0.000323064
253.16	0.000318005
253.18	0.000313004
253.2	0.000308062
253.22	0.000303179
253.24	0.000298355
253.26	0.000293589
253.28	0.000288882
253.3	0.000284234
253.32	0.000279645
253.34	0.000275114
253.36	0.000270641
253.38	0.000266226
253.4	0.00026187
253.42	0.000257571
253.44	0.000253329
253.46	0.000249144
253.48	0.000245017
253.5	0.000240946
253.52	0.000236931
253.54	0.000232972
253.56	0.000229069
253.58	0.000225221
253.6	0.000221428
253.62	0.000217689
253.64	0.000214005
253.66	0.000210374
253.68	0.000206796
253.7	0.000203271
253.72	0.000199799
253.74	0.000196378
253.76	0.000193009
253.78	0.000189691
253.8	0.000186423
253.82	0.000183206
253.84	0.000180038
253.86	0.000176919
253.88	0.000173848
253.9	0.000170825
253.92	0.00016785
253.94	0.000164922
253.96	0.000162041
253.98	0.000159205
254	0.000156415
254.02	0.00015367
254.04	0.000150969
254.06	0.000148312
254.08	0.000145699
254.1	0.000143128
254.12	0.000140599
254.14	0.000138112
254.16	0.000135667
254.18	0.000133262
254.2	0.000130897
254.22	0.000128572
254.24	0.000126286
254.26	0.000124038
254.28	0.000121829
254.3	0.000119657
254.32	0.000117522
254.34	0.000115423
254.36	0.000113361
254.38	0.000111334
254.4	0.000109341
254.42	0.000107384
254.44	0.00010546
254.46	0.00010357
254.48	0.000101712
254.5	9.98875e-05
254.52	9.80945e-05
254.54	9.6333e-05
254.56	9.46026e-05
254.58	9.29026e-05
254.6	9.12327e-05
254.62	8.95923e-05
254.64	8.79811e-05
254.66	8.63985e-05
254.68	8.48441e-05
254.7	8.33175e-05
254.72	8.18182e-05
254.74	8.03457e-05
254.76	7.88997e-05
254.78	7.74796e-05
254.8	7.60851e-05
254.82	7.47158e-05
254.84	7.33712e-05
254.86	7.20509e-05
254.88	7.07545e-05
254.9	6.94817e-05
254.92	6.82319e-05
254.94	6.70049e-05
254.96	6.58002e-05
254.98	6.46175e-05
255	6.34564e-05
255.02	6.23164e-05
255.04	6.11973e-05
255.06	6.00987e-05
255.08	5.90202e-05
255.1	5.79615e-05
255.12	5.69222e-05
255.14	5.5902e-05
255.16	5.49006e-05
255.18	5.39176e-05
255.2	5.29526e-05
255.22	5.20055e-05
255.24	5.10758e-05
255.26	5.01632e-05
255.28	4.92674e-05
255.3	4.83882e-05
255.32	4.75253e-05
255.34	4.66782e-05
255.36	4.58469e-05
255.38	4.50308e-05
255.4	4.42299e-05
255.42	4.34438e-05
255.44	4.26722e-05
255.46	4.19149e-05
255.48	4.11717e-05
255.5	4.04421e-05
255.52	3.97261e-05
255.54	3.90234e-05
255.56	3.83336e-05
255.58	3.76566e-05
255.6	3.69922e-05
255.62	3.634e-05
255.64	3.56999e-05
255.66	3.50717e-05
255.68	3.44551e-05
255.7	3.38499e-05
255.72	3.32559e-05
255.74	3.26728e-05
255.76	3.21006e-05
255.78	3.15389e-05
255.8	3.09876e-05
255.82	3.04465e-05
255.84	2.99154e-05
255.86	2.93941e-05
255.88	2.88824e-05
255.9	2.83802e-05
255.92	2.78872e-05
255.94	2.74033e-05
255.96	2.69283e-05
255.98	2.6462e-05
256	2.60044e-05
256.02	2.55551e-05
256.04	2.51141e-05
256.06	2.46812e-05
256.08	2.42563e-05
256.1	2.38391e-05
256.12	2.34296e-05
256.14	2.30276e-05
256.16	2.2633e-05
256.18	2.22456e-05
256.2	2.18652e-05
256.22	2.14919e-05
256.24	2.11253e-05
256.26	2.07654e-05
256.28	2.04121e-05
256.3	2.00652e-05
256.32	1.97246e-05
256.34	1.93903e-05
256.36	1.9062e-05
256.38	1.87396e-05
256.4	1.84231e-05
256.42	1.81124e-05
256.44	1.78073e-05
256.46	1.75077e-05
256.48	1.72135e-05
256.5	1.69246e-05
256.52	1.66409e-05
256.54	1.63624e-05
256.56	1.60888e-05
256.58	1.58202e-05
256.6	1.55564e-05
256.62	1.52974e-05
256.64	1.5043e-05
256.66	1.47931e-05
256.68	1.45478e-05
256.7	1.43068e-05
256.72	1.40701e-05
256.74	1.38377e-05
256.76	1.36094e-05
256.78	1.33851e-05
256.8	1.31649e-05
256.82	1.29485e-05
256.84	1.2736e-05
256.86	1.25273e-05
256.88	1.23223e-05
256.9	1.21209e-05
256.92	1.19231e-05
256.94	1.17287e-05
256.96	1.15378e-05
256.98	1.13503e-05
257	1.1166e-05
257.02	1.0985e-05
257.04	1.08072e-05
257.06	1.06324e-05
257.08	1.04608e-05
257.1	1.02921e-05
257.12	1.01264e-05
257.14	9.96362e-06
257.16	9.80365e-06
257.18	9.64647e-06
257.2	9.49201e-06
257.22	9.34025e-06
257.24	9.19111e-06
257.26	9.04457e-06
257.28	8.90056e-06
257.3	8.75904e-06
257.32	8.61997e-06
257.34	8.4833e-06
257.36	8.34898e-06
257.38	8.21698e-06
257.4	8.08725e-06
257.42	7.95974e-06
257.44	7.83443e-06
257.46	7.71126e-06
257.48	7.5902e-06
257.5	7.47122e-06
257.52	7.35426e-06
257.54	7.2393e-06
257.56	7.1263e-06
257.58	7.01523e-06
257.6	6.90604e-06
257.62	6.7987e-06
257.64	6.69319e-06
257.66	6.58946e-06
257.68	6.48749e-06
257.7	6.38725e-06
257.72	6.28869e-06
257.74	6.1918e-06
257.76	6.09654e-06
257.78	6.00289e-06
257.8	5.9108e-06
257.82	5.82027e-06
257.84	5.73125e-06
257.86	5.64372e-06
257.88	5.55766e-06
257.9	5.47303e-06
257.92	5.38982e-06
257.94	5.30799e-06
257.96	5.22753e-06
257.98	5.1484e-06
258	5.07059e-06
258.02	4.99407e-06
258.04	4.91882e-06
258.06	4.84481e-06
258.08	4.77203e-06
258.1	4.70045e-06
258.12	4.63005e-06
258.14	4.56081e-06
258.16	4.4927e-06
258.18	4.42572e-06
258.2	4.35984e-06
258.22	4.29504e-06
258.24	4.2313e-06
258.26	4.1686e-06
258.28	4.10693e-06
258.3	4.04627e-06
258.32	3.98659e-06
258.34	3.92789e-06
258.36	3.87014e-06
258.38	3.81333e-06
258.4	3.75744e-06
258.42	3.70245e-06
258.44	3.64836e-06
258.46	3.59514e-06
258.48	3.54279e-06
258.5	3.49127e-06
258.52	3.44059e-06
258.54	3.39072e-06
258.56	3.34166e-06
258.58	3.29338e-06
258.6	3.24588e-06
258.62	3.19914e-06
258.64	3.15314e-06
258.66	3.10789e-06
258.68	3.06335e-06
258.7	3.01953e-06
258.72	2.9764e-06
258.74	2.93396e-06
258.76	2.89219e-06
258.78	2.85109e-06
258.8	2.81064e-06
258.82	2.77083e-06
258.84	2.73165e-06
258.86	2.69309e-06
258.88	2.65514e-06
258.9	2.61778e-06
258.92	2.58102e-06
258.94	2.54483e-06
258.96	2.50921e-06
258.98	2.47415e-06
259	2.43964e-06
259.02	2.40567e-06
259.04	2.37223e-06
259.06	2.33932e-06
259.08	2.30692e-06
259.1	2.27502e-06
259.12	2.24362e-06
259.14	2.21271e-06
259.16	2.18227e-06
259.18	2.15231e-06
259.2	2.12282e-06
259.22	2.09378e-06
259.24	2.06519e-06
259.26	2.03704e-06
259.28	2.00932e-06
259.3	1.98204e-06
259.32	1.95517e-06
259.34	1.92871e-06
259.36	1.90266e-06
259.38	1.87702e-06
259.4	1.85176e-06
259.42	1.82689e-06
259.44	1.8024e-06
259.46	1.77829e-06
259.48	1.75454e-06
259.5	1.73115e-06
259.52	1.70812e-06
259.54	1.68544e-06
259.56	1.66311e-06
259.58	1.64111e-06
259.6	1.61945e-06
259.62	1.59811e-06
259.64	1.5771e-06
259.66	1.5564e-06
259.68	1.53602e-06
259.7	1.51594e-06
259.72	1.49616e-06
259.74	1.47669e-06
259.76	1.4575e-06
259.78	1.4386e-06
259.8	1.41998e-06
259.82	1.40165e-06
259.84	1.38358e-06
259.86	1.36579e-06
259.88	1.34826e-06
259.9	1.33099e-06
259.92	1.31398e-06
259.94	1.29722e-06
259.96	1.28071e-06
259.98	1.26444e-06
260	1.24842e-06
260.02	1.23263e-06
260.04	1.21707e-06
260.06	1.20175e-06
260.08	1.18665e-06
260.1	1.17177e-06
260.12	1.15711e-06
260.14	1.14266e-06
260.16	1.12843e-06
260.18	1.1144e-06
260.2	1.10058e-06
260.22	1.08696e-06
260.24	1.07354e-06
260.26	1.06032e-06
260.28	1.04728e-06
260.3	1.03444e-06
260.32	1.02178e-06
260.34	1.00931e-06
260.36	9.97014e-07
260.38	9.84899e-07
260.4	9.72958e-07
260.42	9.61189e-07
260.44	9.4959e-07
260.46	9.38158e-07
260.48	9.2689e-07
260.5	9.15784e-07
260.52	9.04836e-07
260.54	8.94046e-07
260.56	8.83409e-07
260.58	8.72925e-07
260.6	8.6259e-07
260.62	8.52402e-07
260.64	8.42358e-07
260.66	8.32458e-07
260.68	8.22698e-07
260.7	8.13076e-07
260.72	8.0359e-07
260.74	7.94238e-07
260.76	7.85018e-07
260.78	7.75928e-07
260.8	7.66966e-07
260.82	7.5813e-07
260.84	7.49418e-07
260.86	7.40828e-07
260.88	7.32358e-07
260.9	7.24007e-07
260.92	7.15772e-07
260.94	7.07652e-07
260.96	6.99645e-07
260.98	6.9175e-07
261	6.83964e-07
261.02	6.76286e-07
261.04	6.68715e-07
261.06	6.61248e-07
261.08	6.53885e-07
261.1	6.46623e-07
261.12	6.39461e-07
261.14	6.32398e-07
261.16	6.25432e-07
261.18	6.18561e-07
261.2	6.11785e-07
261.22	6.05101e-07
261.24	5.98509e-07
261.26	5.92007e-07
261.28	5.85594e-07
261.3	5.79268e-07
261.32	5.73028e-07
261.34	5.66872e-07
261.36	5.60801e-07
261.38	5.54811e-07
261.4	5.48903e-07
261.42	5.43075e-07
261.44	5.37325e-07
261.46	5.31652e-07
261.48	5.26057e-07
261.5	5.20536e-07
261.52	5.15089e-07
261.54	5.09716e-07
261.56	5.04414e-07
261.58	4.99184e-07
261.6	4.94023e-07
261.62	4.88931e-07
261.64	4.83907e-07
261.66	4.7895e-07
261.68	4.74058e-07
261.7	4.69232e-07
261.72	4.6447e-07
261.74	4.5977e-07
261.76	4.55133e-07
261.78	4.50557e-07
261.8	4.46041e-07
261.82	4.41585e-07
261.84	4.37187e-07
261.86	4.32848e-07
261.88	4.28565e-07
261.9	4.24338e-07
261.92	4.20166e-07
261.94	4.16049e-07
261.96	4.11986e-07
261.98	4.07976e-07
262	4.04018e-07
262.02	4.00111e-07
262.04	3.96255e-07
262.06	3.92449e-07
262.08	3.88693e-07
262.1	3.84985e-07
262.12	3.81325e-07
262.14	3.77712e-07
262.16	3.74146e-07
262.18	3.70625e-07
262.2	3.6715e-07
262.22	3.63719e-07
262.24	3.60333e-07
262.26	3.56989e-07
262.28	3.53689e-07
262.3	3.50431e-07
262.32	3.47214e-07
262.34	3.44038e-07
262.36	3.40903e-07
262.38	3.37807e-07
262.4	3.34751e-07
262.42	3.31734e-07
262.44	3.28754e-07
262.46	3.25813e-07
262.48	3.22908e-07
262.5	3.2004e-07
262.52	3.17209e-07
262.54	3.14413e-07
262.56	3.11652e-07
262.58	3.08926e-07
262.6	3.06234e-07
262.62	3.03575e-07
262.64	3.0095e-07
262.66	2.98358e-07
262.68	2.95798e-07
262.7	2.9327e-07
262.72	2.90773e-07
262.74	2.88308e-07
262.76	2.85873e-07
262.78	2.83468e-07
262.8	2.81093e-07
262.82	2.78748e-07
262.84	2.76431e-07
262.86	2.74144e-07
262.88	2.71884e-07
262.9	2.69652e-07
262.92	2.67448e-07
262.94	2.6527e-07
262.96	2.6312e-07
262.98	2.60996e-07
263	2.58898e-07
263.02	2.56825e-07
263.04	2.54778e-07
263.06	2.52756e-07
263.08	2.50759e-07
263.1	2.48786e-07
263.12	2.46837e-07
263.14	2.44911e-07
263.16	2.4301e-07
263.18	2.41131e-07
263.2	2.39275e-07
263.22	2.37441e-07
263.24	2.3563e-07
263.26	2.3384e-07
263.28	2.32072e-07
263.3	2.30326e-07
263.32	2.28601e-07
263.34	2.26896e-07
263.36	2.25212e-07
263.38	2.23548e-07
263.4	2.21904e-07
263.42	2.2028e-07
263.44	2.18675e-07
263.46	2.17089e-07
263.48	2.15523e-07
263.5	2.13975e-07
263.52	2.12446e-07
263.54	2.10935e-07
263.56	2.09442e-07
263.58	2.07967e-07
263.6	2.06509e-07
263.62	2.05069e-07
263.64	2.03646e-07
263.66	2.02239e-07
263.68	2.0085e-07
263.7	1.99477e-07
263.72	1.9812e-07
263.74	1.96779e-07
263.76	1.95455e-07
263.78	1.94146e-07
263.8	1.92852e-07
263.82	1.91574e-07
263.84	1.9031e-07
263.86	1.89062e-07
263.88	1.87829e-07
263.9	1.8661e-07
263.92	1.85405e-07
263.94	1.84215e-07
263.96	1.83038e-07
263.98	1.81876e-07
264	1.80727e-07
264.02	1.79591e-07
264.04	1.78469e-07
264.06	1.77361e-07
264.08	1.76265e-07
264.1	1.75182e-07
264.12	1.74112e-07
264.14	1.73054e-07
264.16	1.72009e-07
264.18	1.70976e-07
264.2	1.69955e-07
264.22	1.68946e-07
264.24	1.67949e-07
264.26	1.66964e-07
264.28	1.6599e-07
264.3	1.65028e-07
264.32	1.64077e-07
264.34	1.63137e-07
264.36	1.62208e-07
264.38	1.6129e-07
264.4	1.60383e-07
264.42	1.59487e-07
264.44	1.58601e-07
264.46	1.57725e-07
264.48	1.5686e-07
264.5	1.56004e-07
264.52	1.55159e-07
264.54	1.54324e-07
264.56	1.53499e-07
264.58	1.52683e-07
264.6	1.51877e-07
264.62	1.5108e-07
264.64	1.50293e-07
264.66	1.49515e-07
264.68	1.48746e-07
264.7	1.47987e-07
264.72	1.47236e-07
264.74	1.46494e-07
264.76	1.45761e-07
264.78	1.45036e-07
264.8	1.4432e-07
264.82	1.43613e-07
264.84	1.42914e-07
264.86	1.42223e-07
264.88	1.41541e-07
264.9	1.40867e-07
264.92	1.402e-07
264.94	1.39542e-07
264.96	1.38891e-07
264.98	1.38249e-07
265	1.37613e-07
265.02	1.36986e-07
265.04	1.36366e-07
265.06	1.35754e-07
265.08	1.35149e-07
265.1	1.34551e-07
265.12	1.3396e-07
265.14	1.33377e-07
265.16	1.328e-07
265.18	1.32231e-07
265.2	1.31669e-07
265.22	1.31113e-07
265.24	1.30564e-07
265.26	1.30022e-07
265.28	1.29487e-07
265.3	1.28958e-07
265.32	1.28436e-07
265.34	1.2792e-07
265.36	1.2741e-07
265.38	1.26907e-07
265.4	1.2641e-07
265.42	1.2592e-07
265.44	1.25435e-07
265.46	1.24957e-07
265.48	1.24484e-07
265.5	1.24018e-07
265.52	1.23557e-07
265.54	1.23102e-07
265.56	1.22654e-07
265.58	1.2221e-07
265.6	1.21773e-07
265.62	1.21341e-07
265.64	1.20915e-07
265.66	1.20494e-07
265.68	1.20079e-07
265.7	1.19669e-07
265.72	1.19265e-07
265.74	1.18865e-07
265.76	1.18472e-07
265.78	1.18083e-07
265.8	1.177e-07
265.82	1.17321e-07
265.84	1.16948e-07
265.86	1.1658e-07
265.88	1.16217e-07
265.9	1.15859e-07
265.92	1.15506e-07
265.94	1.15158e-07
265.96	1.14814e-07
265.98	1.14475e-07
266	1.14142e-07
266.02	1.13812e-07
266.04	1.13488e-07
266.06	1.13168e-07
266.08	1.12853e-07
266.1	1.12542e-07
266.12	1.12236e-07
266.14	1.11935e-07
266.16	1.11638e-07
266.18	1.11345e-07
266.2	1.11057e-07
266.22	1.10773e-07
266.24	1.10493e-07
266.26	1.10218e-07
266.28	1.09947e-07
266.3	1.0968e-07
266.32	1.09417e-07
266.34	1.09159e-07
266.36	1.08905e-07
266.38	1.08654e-07
266.4	1.08408e-07
266.42	1.08166e-07
266.44	1.07928e-07
266.46	1.07694e-07
266.48	1.07464e-07
266.5	1.07238e-07
266.52	1.07016e-07
266.54	1.06798e-07
266.56	1.06584e-07
266.58	1.06373e-07
266.6	1.06166e-07
266.62	1.05964e-07
266.64	1.05764e-07
266.66	1.05569e-07
266.68	1.05378e-07
266.7	1.0519e-07
266.72	1.05005e-07
266.74	1.04825e-07
266.76	1.04648e-07
266.78	1.04475e-07
266.8	1.04305e-07
266.82	1.04139e-07
266.84	1.03976e-07
266.86	1.03818e-07
266.88	1.03662e-07
266.9	1.0351e-07
266.92	1.03362e-07
266.94	1.03217e-07
266.96	1.03075e-07
266.98	1.02937e-07
267	1.02803e-07
267.02	1.02672e-07
267.04	1.02544e-07
267.06	1.02419e-07
267.08	1.02298e-07
267.1	1.02181e-07
267.12	1.02067e-07
267.14	1.01956e-07
267.16	1.01848e-07
267.18	1.01744e-07
267.2	1.01643e-07
267.22	1.01545e-07
267.24	1.0145e-07
267.26	1.01359e-07
267.28	1.01271e-07
267.3	1.01186e-07
267.32	1.01105e-07
267.34	1.01027e-07
267.36	1.00952e-07
267.38	1.0088e-07
267.4	1.00811e-07
267.42	1.00746e-07
267.44	1.00683e-07
267.46	1.00624e-07
267.48	1.00568e-07
267.5	1.00515e-07
267.52	1.00466e-07
267.54	1.00419e-07
267.56	1.00376e-07
267.58	1.00336e-07
267.6	1.00298e-07
267.62	1.00265e-07
267.64	1.00234e-07
267.66	1.00206e-07
267.68	1.00181e-07
267.7	1.0016e-07
267.72	1.00141e-07
267.74	1.00126e-07
267.76	1.00114e-07
267.78	1.00105e-07
267.8	1.00099e-07
267.82	1.00096e-07
267.84	1.00096e-07
267.86	1.001e-07
267.88	1.00106e-07
267.9	1.00116e-07
267.92	1.00128e-07
267.94	1.00144e-07
267.96	1.00163e-07
267.98	1.00185e-07
268	1.0021e-07
268.02	1.00238e-07
268.04	1.00269e-07
268.06	1.00304e-07
268.08	1.00341e-07
268.1	1.00382e-07
268.12	1.00426e-07
268.14	1.00473e-07
268.16	1.00523e-07
268.18	1.00576e-07
268.2	1.00632e-07
268.22	1.00692e-07
268.24	1.00755e-07
268.26	1.00821e-07
268.28	1.0089e-07
268.3	1.00962e-07
268.32	1.01037e-07
268.34	1.01116e-07
268.36	1.01198e-07
268.38	1.01283e-07
268.4	1.01371e-07
268.42	1.01463e-07
268.44	1.01558e-07
268.46	1.01656e-07
268.48	1.01757e-07
268.5	1.01862e-07
268.52	1.0197e-07
268.54	1.02082e-07
268.56	1.02196e-07
268.58	1.02314e-07
268.6	1.02436e-07
268.62	1.0256e-07
268.64	1.02689e-07
268.66	1.0282e-07
268.68	1.02955e-07
268.7	1.03094e-07
268.72	1.03236e-07
268.74	1.03381e-07
268.76	1.0353e-07
268.78	1.03683e-07
268.8	1.03839e-07
268.82	1.03998e-07
268.84	1.04161e-07
268.86	1.04328e-07
268.88	1.04499e-07
268.9	1.04673e-07
268.92	1.0485e-07
268.94	1.05032e-07
268.96	1.05217e-07
268.98	1.05406e-07
269	1.05599e-07
269.02	1.05795e-07
269.04	1.05996e-07
269.06	1.062e-07
269.08	1.06408e-07
269.1	1.0662e-07
269.12	1.06836e-07
269.14	1.07056e-07
269.16	1.0728e-07
269.18	1.07508e-07
269.2	1.0774e-07
269.22	1.07976e-07
269.24	1.08217e-07
269.26	1.08461e-07
269.28	1.0871e-07
269.3	1.08963e-07
269.32	1.0922e-07
269.34	1.09482e-07
269.36	1.09748e-07
269.38	1.10018e-07
269.4	1.10293e-07
269.42	1.10573e-07
269.44	1.10857e-07
269.46	1.11145e-07
269.48	1.11439e-07
269.5	1.11737e-07
269.52	1.12039e-07
269.54	1.12347e-07
269.56	1.12659e-07
269.58	1.12976e-07
269.6	1.13298e-07
269.62	1.13626e-07
269.64	1.13958e-07
269.66	1.14295e-07
269.68	1.14638e-07
269.7	1.14985e-07
269.72	1.15338e-07
269.74	1.15697e-07
269.76	1.16061e-07
269.78	1.1643e-07
269.8	1.16805e-07
269.82	1.17185e-07
269.84	1.17572e-07
269.86	1.17964e-07
269.88	1.18361e-07
269.9	1.18765e-07
269.92	1.19175e-07
269.94	1.19591e-07
269.96	1.20013e-07
269.98	1.20441e-07
270	1.20875e-07
270.02	1.21316e-07
270.04	1.21764e-07
270.06	1.22218e-07
270.08	1.22679e-07
270.1	1.23146e-07
270.12	1.23621e-07
270.14	1.24102e-07
270.16	1.24591e-07
270.18	1.25087e-07
270.2	1.2559e-07
270.22	1.26101e-07
270.24	1.26619e-07
270.26	1.27145e-07
270.28	1.27678e-07
270.3	1.2822e-07
270.32	1.2877e-07
270.34	1.29328e-07
270.36	1.29894e-07
270.38	1.30469e-07
270.4	1.31052e-07
270.42	1.31644e-07
270.44	1.32245e-07
270.46	1.32855e-07
270.48	1.33475e-07
270.5	1.34104e-07
270.52	1.34742e-07
270.54	1.3539e-07
270.56	1.36048e-07
270.58	1.36717e-07
270.6	1.37396e-07
270.62	1.38085e-07
270.64	1.38785e-07
270.66	1.39496e-07
270.68	1.40219e-07
270.7	1.40953e-07
270.72	1.41698e-07
270.74	1.42456e-07
270.76	1.43225e-07
270.78	1.44007e-07
270.8	1.44802e-07
270.82	1.4561e-07
270.84	1.46432e-07
270.86	1.47267e-07
270.88	1.48116e-07
270.9	1.48979e-07
270.92	1.49857e-07
270.94	1.5075e-07
270.96	1.51658e-07
270.98	1.52582e-07
271	1.53522e-07
271.02	1.54479e-07
271.04	1.55453e-07
271.06	1.56444e-07
271.08	1.57454e-07
271.1	1.58481e-07
271.12	1.59528e-07
271.14	1.60595e-07
271.16	1.61681e-07
271.18	1.62789e-07
271.2	1.63918e-07
271.22	1.65068e-07
271.24	1.66242e-07
271.26	1.67439e-07
271.28	1.68661e-07
271.3	1.69907e-07
271.32	1.7118e-07
271.34	1.7248e-07
271.36	1.73807e-07
271.38	1.75164e-07
271.4	1.76551e-07
271.42	1.77969e-07
271.44	1.79419e-07
271.46	1.80904e-07
271.48	1.82424e-07
271.5	1.83981e-07
271.52	1.85577e-07
271.54	1.87213e-07
271.56	1.88892e-07
271.58	1.90616e-07
271.6	1.92387e-07
271.62	1.94208e-07
271.64	1.96081e-07
271.66	1.98011e-07
271.68	1.99999e-07
271.7	2.02052e-07
271.72	2.04171e-07
271.74	2.06364e-07
271.76	2.08636e-07
271.78	2.10992e-07
271.8	2.13442e-07
271.82	2.15993e-07
271.84	2.18657e-07
271.86	2.21446e-07
271.88	2.24377e-07
271.9	2.27467e-07
271.92	2.30744e-07
271.94	2.34239e-07
271.96	2.37998e-07
271.98	2.42085e-07
272	2.46597e-07
272.02	2.51692e-07
272.04	2.57661e-07
272.06	2.65115e-07
272.08	2.75619e-07
272.1	2.9389e-07
272.12	3.39e-07
272.14	4.73237e-07
272.16	8.30526e-07
272.18	1.6935e-06
272.2	3.66207e-06
272.22	7.66688e-06
272.24	1.48977e-05
272.26	2.69904e-05
272.28	4.60213e-05
272.3	7.37964e-05
272.32	0.000110852
272.34	0.000155751
272.36	0.000205317
272.38	0.000256001
272.4	0.000305095
272.42	0.000350944
272.44	0.000392697
272.46	0.000430074
272.48	0.000463243
272.5	0.00049267
272.52	0.000518936
272.54	0.000542609
272.56	0.000564176
272.58	0.000584033
272.6	0.000602486
272.62	0.000619771
272.64	0.000636065
272.66	0.0006515
272.68	0.000666177
272.7	0.000680167
272.72	0.000693526
272.74	0.000706293
272.76	0.000718497
272.78	0.00073016
272.8	0.0007413
272.82	0.00075193
272.84	0.000762063
272.86	0.00077171
272.88	0.000780879
272.9	0.00078958
272.92	0.000797823
272.94	0.000805615
272.96	0.000812967
272.98	0.000819887
273	0.000826383
273.02	0.000832465
273.04	0.000838142
273.06	0.000843422
273.08	0.000848315
273.1	0.000852828
273.12	0.00085697
273.14	0.00086075
273.16	0.000864176
273.18	0.000867255
273.2	0.000869997
273.22	0.000872409
273.24	0.000874497
273.26	0.000876271
273.28	0.000877736
273.3	0.0008789
273.32	0.00087977
273.34	0.000880352
273.36	0.000880654
273.38	0.000880682
273.4	0.000880443
273.42	0.000879942
273.44	0.000879186
273.46	0.000878181
273.48	0.000876933
273.5	0.000875448
273.52	0.000873733
273.54	0.000871792
273.56	0.000869632
273.58	0.000867257
273.6	0.000864675
273.62	0.00086189
273.64	0.000858908
273.66	0.000855735
273.68	0.000852375
273.7	0.000848834
273.72	0.000845118
273.74	0.000841232
273.76	0.00083718
273.78	0.000832969
273.8	0.000828603
273.82	0.000824087
273.84	0.000819428
273.86	0.000814628
273.88	0.000809695
273.9	0.000804632
273.92	0.000799445
273.94	0.000794138
273.96	0.000788716
273.98	0.000783184
274	0.000777547
274.02	0.00077181
274.04	0.000765977
274.06	0.000760053
274.08	0.000754042
274.1	0.000747948
274.12	0.000741777
274.14	0.000735532
274.16	0.000729219
274.18	0.00072284
274.2	0.0007164
274.22	0.000709904
274.24	0.000703355
274.26	0.000696757
274.28	0.000690115
274.3	0.000683432
274.32	0.000676711
274.34	0.000669957
274.36	0.000663174
274.38	0.000656363
274.4	0.00064953
274.42	0.000642678
274.44	0.000635809
274.46	0.000628927
274.48	0.000622036
274.5	0.000615138
274.52	0.000608236
274.54	0.000601333
274.56	0.000594432
274.58	0.000587536
274.6	0.000580647
274.62	0.000573768
274.64	0.000566902
274.66	0.00056005
274.68	0.000553216
274.7	0.000546402
274.72	0.000539609
274.74	0.00053284
274.76	0.000526097
274.78	0.000519381
274.8	0.000512696
274.82	0.000506042
274.84	0.000499422
274.86	0.000492837
274.88	0.000486288
274.9	0.000479777
274.92	0.000473307
274.94	0.000466877
274.96	0.00046049
274.98	0.000454147
275	0.000447848
275.02	0.000441596
275.04	0.000435391
275.06	0.000429234
275.08	0.000423126
275.1	0.000417069
275.12	0.000411063
275.14	0.000405108
275.16	0.000399207
275.18	0.000393358
275.2	0.000387564
275.22	0.000381824
275.24	0.00037614
275.26	0.000370511
275.28	0.000364938
275.3	0.000359422
275.32	0.000353963
275.34	0.000348562
275.36	0.000343218
275.38	0.000337932
275.4	0.000332704
275.42	0.000327535
275.44	0.000322424
275.46	0.000317372
275.48	0.000312378
275.5	0.000307444
275.52	0.000302568
275.54	0.000297751
275.56	0.000292993
275.58	0.000288294
275.6	0.000283653
275.62	0.000279071
275.64	0.000274547
275.66	0.000270082
275.68	0.000265674
275.7	0.000261325
275.72	0.000257033
275.74	0.000252799
275.76	0.000248621
275.78	0.000244501
275.8	0.000240437
275.82	0.000236429
275.84	0.000232478
275.86	0.000228581
275.88	0.00022474
275.9	0.000220954
275.92	0.000217223
275.94	0.000213545
275.96	0.000209921
275.98	0.00020635
276	0.000202832
276.02	0.000199366
276.04	0.000195952
276.06	0.000192589
276.08	0.000189277
276.1	0.000186016
276.12	0.000182805
276.14	0.000179643
276.16	0.00017653
276.18	0.000173466
276.2	0.000170449
276.22	0.00016748
276.24	0.000164558
276.26	0.000161683
276.28	0.000158853
276.3	0.000156068
276.32	0.000153329
276.34	0.000150634
276.36	0.000147982
276.38	0.000145374
276.4	0.000142809
276.42	0.000140285
276.44	0.000137804
276.46	0.000135364
276.48	0.000132964
276.5	0.000130604
276.52	0.000128284
276.54	0.000126003
276.56	0.00012376
276.58	0.000121555
276.6	0.000119388
276.62	0.000117258
276.64	0.000115164
276.66	0.000113106
276.68	0.000111083
276.7	0.000109096
276.72	0.000107142
276.74	0.000105223
276.76	0.000103337
276.78	0.000101484
276.8	9.96629e-05
276.82	9.7874e-05
276.84	9.61165e-05
276.86	9.43899e-05
276.88	9.26938e-05
276.9	9.10277e-05
276.92	8.93911e-05
276.94	8.77835e-05
276.96	8.62046e-05
276.98	8.46537e-05
277	8.31306e-05
277.02	8.16347e-05
277.04	8.01656e-05
277.06	7.87229e-05
277.08	7.73062e-05
277.1	7.59149e-05
277.12	7.45487e-05
277.14	7.32072e-05
277.16	7.189e-05
277.18	7.05967e-05
277.2	6.93268e-05
277.22	6.80799e-05
277.24	6.68558e-05
277.26	6.56539e-05
277.28	6.44739e-05
277.3	6.33155e-05
277.32	6.21782e-05
277.34	6.10617e-05
277.36	5.99657e-05
277.38	5.88897e-05
277.4	5.78335e-05
277.42	5.67967e-05
277.44	5.57789e-05
277.46	5.47798e-05
277.48	5.3799e-05
277.5	5.28364e-05
277.52	5.18914e-05
277.54	5.09639e-05
277.56	5.00535e-05
277.58	4.91598e-05
277.6	4.82827e-05
277.62	4.74217e-05
277.64	4.65767e-05
277.66	4.57473e-05
277.68	4.49332e-05
277.7	4.41341e-05
277.72	4.33498e-05
277.74	4.25801e-05
277.76	4.18246e-05
277.78	4.1083e-05
277.8	4.03552e-05
277.82	3.96409e-05
277.84	3.89398e-05
277.86	3.82516e-05
277.88	3.75762e-05
277.9	3.69133e-05
277.92	3.62627e-05
277.94	3.56241e-05
277.96	3.49973e-05
277.98	3.43822e-05
278	3.37784e-05
278.02	3.31857e-05
278.04	3.26041e-05
278.06	3.20332e-05
278.08	3.14728e-05
278.1	3.09228e-05
278.12	3.03829e-05
278.14	2.98531e-05
278.16	2.9333e-05
278.18	2.88225e-05
278.2	2.83214e-05
278.22	2.78295e-05
278.24	2.73467e-05
278.26	2.68728e-05
278.28	2.64076e-05
278.3	2.5951e-05
278.32	2.55028e-05
278.34	2.50628e-05
278.36	2.46309e-05
278.38	2.42069e-05
278.4	2.37907e-05
278.42	2.33822e-05
278.44	2.29811e-05
278.46	2.25874e-05
278.48	2.22008e-05
278.5	2.18213e-05
278.52	2.14488e-05
278.54	2.10831e-05
278.56	2.0724e-05
278.58	2.03715e-05
278.6	2.00254e-05
278.62	1.96856e-05
278.64	1.9352e-05
278.66	1.90244e-05
278.68	1.87028e-05
278.7	1.8387e-05
278.72	1.80769e-05
278.74	1.77725e-05
278.76	1.74735e-05
278.78	1.718e-05
278.8	1.68918e-05
278.82	1.66087e-05
278.84	1.63308e-05
278.86	1.60579e-05
278.88	1.57898e-05
278.9	1.55266e-05
278.92	1.52682e-05
278.94	1.50143e-05
278.96	1.4765e-05
278.98	1.45202e-05
279	1.42797e-05
279.02	1.40436e-05
279.04	1.38116e-05
279.06	1.35838e-05
279.08	1.336e-05
279.1	1.31403e-05
279.12	1.29244e-05
279.14	1.27124e-05
279.16	1.25041e-05
279.18	1.22995e-05
279.2	1.20985e-05
279.22	1.19011e-05
279.24	1.17072e-05
279.26	1.15167e-05
279.28	1.13295e-05
279.3	1.11457e-05
279.32	1.0965e-05
279.34	1.07876e-05
279.36	1.06132e-05
279.38	1.04419e-05
279.4	1.02736e-05
279.42	1.01083e-05
279.44	9.94581e-06
279.46	9.78617e-06
279.48	9.62931e-06
279.5	9.47518e-06
279.52	9.32373e-06
279.54	9.1749e-06
279.56	9.02866e-06
279.58	8.88494e-06
279.6	8.74372e-06
279.62	8.60493e-06
279.64	8.46854e-06
279.66	8.33449e-06
279.68	8.20276e-06
279.7	8.07329e-06
279.72	7.94605e-06
279.74	7.82099e-06
279.76	7.69807e-06
279.78	7.57725e-06
279.8	7.4585e-06
279.82	7.34178e-06
279.84	7.22705e-06
279.86	7.11428e-06
279.88	7.00342e-06
279.9	6.89445e-06
279.92	6.78733e-06
279.94	6.68203e-06
279.96	6.5785e-06
279.98	6.47674e-06
280	6.37669e-06
280.02	6.27833e-06
280.04	6.18162e-06
280.06	6.08655e-06
280.08	5.99308e-06
280.1	5.90117e-06
280.12	5.81081e-06
280.14	5.72196e-06
280.16	5.63461e-06
280.18	5.54871e-06
280.2	5.46424e-06
280.22	5.38119e-06
280.24	5.29952e-06
280.26	5.21921e-06
280.28	5.14023e-06
280.3	5.06257e-06
280.32	4.9862e-06
280.34	4.91109e-06
280.36	4.83722e-06
280.38	4.76457e-06
280.4	4.69313e-06
280.42	4.62286e-06
280.44	4.55375e-06
280.46	4.48577e-06
280.48	4.41892e-06
280.5	4.35316e-06
280.52	4.28848e-06
280.54	4.22485e-06
280.56	4.16227e-06
280.58	4.10072e-06
280.6	4.04016e-06
280.62	3.98059e-06
280.64	3.922e-06
280.66	3.86435e-06
280.68	3.80765e-06
280.7	3.75186e-06
280.72	3.69698e-06
280.74	3.64298e-06
280.76	3.58986e-06
280.78	3.5376e-06
280.8	3.48617e-06
280.82	3.43558e-06
280.84	3.3858e-06
280.86	3.33683e-06
280.88	3.28864e-06
280.9	3.24122e-06
280.92	3.19456e-06
280.94	3.14865e-06
280.96	3.10347e-06
280.98	3.05901e-06
281	3.01526e-06
281.02	2.97221e-06
281.04	2.92985e-06
281.06	2.88815e-06
281.08	2.84712e-06
281.1	2.80674e-06
281.12	2.767e-06
281.14	2.72789e-06
281.16	2.68939e-06
281.18	2.65151e-06
281.2	2.61422e-06
281.22	2.57751e-06
281.24	2.54139e-06
281.26	2.50583e-06
281.28	2.47083e-06
281.3	2.43638e-06
281.32	2.40247e-06
281.34	2.36908e-06
281.36	2.33622e-06
281.38	2.30388e-06
281.4	2.27203e-06
281.42	2.24068e-06
281.44	2.20982e-06
281.46	2.17944e-06
281.48	2.14953e-06
281.5	2.12008e-06
281.52	2.09109e-06
281.54	2.06255e-06
281.56	2.03444e-06
281.58	2.00678e-06
281.6	1.97953e-06
281.62	1.95271e-06
281.64	1.9263e-06
281.66	1.90029e-06
281.68	1.87468e-06
281.7	1.84947e-06
281.72	1.82464e-06
281.74	1.80019e-06
281.76	1.77611e-06
281.78	1.7524e-06
281.8	1.72905e-06
281.82	1.70606e-06
281.84	1.68342e-06
281.86	1.66112e-06
281.88	1.63915e-06
281.9	1.61752e-06
281.92	1.59622e-06
281.94	1.57524e-06
281.96	1.55458e-06
281.98	1.53422e-06
282	1.51418e-06
282.02	1.49443e-06
282.04	1.47498e-06
282.06	1.45583e-06
282.08	1.43696e-06
282.1	1.41837e-06
282.12	1.40006e-06
282.14	1.38203e-06
282.16	1.36426e-06
282.18	1.34676e-06
282.2	1.32951e-06
282.22	1.31253e-06
282.24	1.29579e-06
282.26	1.27931e-06
282.28	1.26306e-06
282.3	1.24706e-06
282.32	1.2313e-06
282.34	1.21576e-06
282.36	1.20046e-06
282.38	1.18538e-06
282.4	1.17052e-06
282.42	1.15588e-06
282.44	1.14146e-06
282.46	1.12725e-06
282.48	1.11324e-06
282.5	1.09944e-06
282.52	1.08584e-06
282.54	1.07244e-06
282.56	1.05923e-06
282.58	1.04622e-06
282.6	1.03339e-06
282.62	1.02075e-06
282.64	1.0083e-06
282.66	9.96022e-07
282.68	9.83923e-07
282.7	9.71999e-07
282.72	9.60247e-07
282.74	9.48664e-07
282.76	9.37248e-07
282.78	9.25996e-07
282.8	9.14905e-07
282.82	9.03973e-07
282.84	8.93197e-07
282.86	8.82575e-07
282.88	8.72105e-07
282.9	8.61784e-07
282.92	8.5161e-07
282.94	8.4158e-07
282.96	8.31693e-07
282.98	8.21946e-07
283	8.12337e-07
283.02	8.02864e-07
283.04	7.93525e-07
283.06	7.84317e-07
283.08	7.75239e-07
283.1	7.66289e-07
283.12	7.57465e-07
283.14	7.48764e-07
283.16	7.40185e-07
283.18	7.31726e-07
283.2	7.23386e-07
283.22	7.15162e-07
283.24	7.07053e-07
283.26	6.99056e-07
283.28	6.91171e-07
283.3	6.83395e-07
283.32	6.75727e-07
283.34	6.68165e-07
283.36	6.60708e-07
283.38	6.53354e-07
283.4	6.46101e-07
283.42	6.38948e-07
283.44	6.31894e-07
283.46	6.24937e-07
283.48	6.18075e-07
283.5	6.11307e-07
283.52	6.04632e-07
283.54	5.98048e-07
283.56	5.91554e-07
283.58	5.85148e-07
283.6	5.7883e-07
283.62	5.72597e-07
283.64	5.6645e-07
283.66	5.60385e-07
283.68	5.54403e-07
283.7	5.48502e-07
283.72	5.42681e-07
283.74	5.36938e-07
283.76	5.31272e-07
283.78	5.25683e-07
283.8	5.20169e-07
283.82	5.14729e-07
283.84	5.09361e-07
283.86	5.04066e-07
283.88	4.98841e-07
283.9	4.93687e-07
283.92	4.88601e-07
283.94	4.83582e-07
283.96	4.78631e-07
283.98	4.73745e-07
284	4.68924e-07
284.02	4.64167e-07
284.04	4.59473e-07
284.06	4.54841e-07
284.08	4.5027e-07
284.1	4.4576e-07
284.12	4.41309e-07
284.14	4.36916e-07
284.16	4.32581e-07
284.18	4.28303e-07
284.2	4.24081e-07
284.22	4.19914e-07
284.24	4.15801e-07
284.26	4.11742e-07
284.28	4.07736e-07
284.3	4.03783e-07
284.32	3.9988e-07
284.34	3.96029e-07
284.36	3.92227e-07
284.38	3.88474e-07
284.4	3.8477e-07
284.42	3.81114e-07
284.44	3.77505e-07
284.46	3.73942e-07
284.48	3.70425e-07
284.5	3.66954e-07
284.52	3.63527e-07
284.54	3.60144e-07
284.56	3.56804e-07
284.58	3.53507e-07
284.6	3.50252e-07
284.62	3.47038e-07
284.64	3.43866e-07
284.66	3.40734e-07
284.68	3.37641e-07
284.7	3.34588e-07
284.72	3.31574e-07
284.74	3.28597e-07
284.76	3.25659e-07
284.78	3.22757e-07
284.8	3.19892e-07
284.82	3.17063e-07
284.84	3.1427e-07
284.86	3.11512e-07
284.88	3.08788e-07
284.9	3.06098e-07
284.92	3.03443e-07
284.94	3.0082e-07
284.96	2.9823e-07
284.98	2.95673e-07
285	2.93147e-07
285.02	2.90653e-07
285.04	2.8819e-07
285.06	2.85757e-07
285.08	2.83355e-07
285.1	2.80982e-07
285.12	2.78639e-07
285.14	2.76324e-07
285.16	2.74038e-07
285.18	2.71781e-07
285.2	2.69551e-07
285.22	2.67349e-07
285.24	2.65173e-07
285.26	2.63025e-07
285.28	2.60903e-07
285.3	2.58806e-07
285.32	2.56736e-07
285.34	2.5469e-07
285.36	2.5267e-07
285.38	2.50674e-07
285.4	2.48703e-07
285.42	2.46756e-07
285.44	2.44832e-07
285.46	2.42932e-07
285.48	2.41055e-07
285.5	2.392e-07
285.52	2.37368e-07
285.54	2.35558e-07
285.56	2.3377e-07
285.58	2.32004e-07
285.6	2.30259e-07
285.62	2.28535e-07
285.64	2.26831e-07
285.66	2.25149e-07
285.68	2.23486e-07
285.7	2.21843e-07
285.72	2.20221e-07
285.74	2.18617e-07
285.76	2.17033e-07
285.78	2.15468e-07
285.8	2.13921e-07
285.82	2.12393e-07
285.84	2.10883e-07
285.86	2.09391e-07
285.88	2.07917e-07
285.9	2.06461e-07
285.92	2.05021e-07
285.94	2.03599e-07
285.96	2.02194e-07
285.98	2.00806e-07
286	1.99434e-07
286.02	1.98078e-07
286.04	1.96738e-07
286.06	1.95414e-07
286.08	1.94106e-07
286.1	1.92814e-07
286.12	1.91536e-07
286.14	1.90274e-07
286.16	1.89026e-07
286.18	1.87794e-07
286.2	1.86576e-07
286.22	1.85372e-07
286.24	1.84182e-07
286.26	1.83007e-07
286.28	1.81845e-07
286.3	1.80697e-07
286.32	1.79562e-07
286.34	1.78441e-07
286.36	1.77333e-07
286.38	1.76238e-07
286.4	1.75156e-07
286.42	1.74086e-07
286.44	1.73029e-07
286.46	1.71985e-07
286.48	1.70952e-07
286.5	1.69932e-07
286.52	1.68924e-07
286.54	1.67928e-07
286.56	1.66943e-07
286.58	1.6597e-07
286.6	1.65008e-07
286.62	1.64058e-07
286.64	1.63118e-07
286.66	1.6219e-07
286.68	1.61273e-07
286.7	1.60366e-07
286.72	1.5947e-07
286.74	1.58584e-07
286.76	1.57709e-07
286.78	1.56844e-07
286.8	1.5599e-07
286.82	1.55145e-07
286.84	1.5431e-07
286.86	1.53485e-07
286.88	1.5267e-07
286.9	1.51865e-07
286.92	1.51068e-07
286.94	1.50282e-07
286.96	1.49504e-07
286.98	1.48736e-07
287	1.47976e-07
287.02	1.47226e-07
287.04	1.46484e-07
287.06	1.45752e-07
287.08	1.45028e-07
287.1	1.44312e-07
287.12	1.43605e-07
287.14	1.42906e-07
287.16	1.42216e-07
287.18	1.41534e-07
287.2	1.4086e-07
287.22	1.40194e-07
287.24	1.39536e-07
287.26	1.38885e-07
287.28	1.38243e-07
287.3	1.37608e-07
287.32	1.36981e-07
287.34	1.36361e-07
287.36	1.35749e-07
287.38	1.35144e-07
287.4	1.34547e-07
287.42	1.33956e-07
287.44	1.33373e-07
287.46	1.32797e-07
287.48	1.32228e-07
287.5	1.31666e-07
287.52	1.3111e-07
287.54	1.30562e-07
287.56	1.3002e-07
287.58	1.29485e-07
287.6	1.28956e-07
287.62	1.28434e-07
287.64	1.27918e-07
287.66	1.27409e-07
287.68	1.26906e-07
287.7	1.26409e-07
287.72	1.25919e-07
287.74	1.25434e-07
287.76	1.24956e-07
287.78	1.24484e-07
287.8	1.24017e-07
287.82	1.23557e-07
287.84	1.23102e-07
287.86	1.22654e-07
287.88	1.22211e-07
287.9	1.21773e-07
287.92	1.21341e-07
287.94	1.20915e-07
287.96	1.20495e-07
287.98	1.20079e-07
288	1.1967e-07
288.02	1.19265e-07
288.04	1.18866e-07
288.06	1.18473e-07
288.08	1.18084e-07
288.1	1.17701e-07
288.12	1.17322e-07
288.14	1.16949e-07
288.16	1.16581e-07
288.18	1.16218e-07
288.2	1.1586e-07
288.22	1.15507e-07
288.24	1.15159e-07
288.26	1.14815e-07
288.28	1.14477e-07
288.3	1.14143e-07
288.32	1.13814e-07
288.34	1.13489e-07
288.36	1.1317e-07
288.38	1.12854e-07
288.4	1.12544e-07
288.42	1.12238e-07
288.44	1.11936e-07
288.46	1.11639e-07
288.48	1.11346e-07
288.5	1.11058e-07
288.52	1.10774e-07
288.54	1.10494e-07
288.56	1.10219e-07
288.58	1.09948e-07
288.6	1.09681e-07
288.62	1.09418e-07
288.64	1.0916e-07
288.66	1.08905e-07
288.68	1.08655e-07
288.7	1.08409e-07
288.72	1.08167e-07
288.74	1.07929e-07
288.76	1.07695e-07
288.78	1.07465e-07
288.8	1.07239e-07
288.82	1.07016e-07
288.84	1.06798e-07
288.86	1.06584e-07
288.88	1.06373e-07
288.9	1.06166e-07
288.92	1.05963e-07
288.94	1.05764e-07
288.96	1.05569e-07
288.98	1.05377e-07
289	1.05189e-07
289.02	1.05005e-07
289.04	1.04824e-07
289.06	1.04647e-07
289.08	1.04473e-07
289.1	1.04304e-07
289.12	1.04137e-07
289.14	1.03975e-07
289.16	1.03816e-07
289.18	1.0366e-07
289.2	1.03508e-07
289.22	1.03359e-07
289.24	1.03214e-07
289.26	1.03073e-07
289.28	1.02934e-07
289.3	1.028e-07
289.32	1.02668e-07
289.34	1.0254e-07
289.36	1.02416e-07
289.38	1.02295e-07
289.4	1.02177e-07
289.42	1.02062e-07
289.44	1.01951e-07
289.46	1.01843e-07
289.48	1.01739e-07
289.5	1.01637e-07
289.52	1.01539e-07
289.54	1.01445e-07
289.56	1.01353e-07
289.58	1.01265e-07
289.6	1.0118e-07
289.62	1.01098e-07
289.64	1.0102e-07
289.66	1.00944e-07
289.68	1.00872e-07
289.7	1.00803e-07
289.72	1.00738e-07
289.74	1.00675e-07
289.76	1.00616e-07
289.78	1.00559e-07
289.8	1.00506e-07
289.82	1.00456e-07
289.84	1.00409e-07
289.86	1.00366e-07
289.88	1.00325e-07
289.9	1.00288e-07
289.92	1.00254e-07
289.94	1.00222e-07
289.96	1.00194e-07
289.98	1.00169e-07
290	1.00148e-07
290.02	1.00129e-07
290.04	1.00113e-07
290.06	1.00101e-07
290.08	1.00091e-07
290.1	1.00085e-07
290.12	1.00082e-07
290.14	1.00082e-07
290.16	1.00085e-07
290.18	1.00091e-07
290.2	1.001e-07
290.22	1.00112e-07
290.24	1.00127e-07
290.26	1.00146e-07
290.28	1.00167e-07
290.3	1.00192e-07
290.32	1.0022e-07
290.34	1.00251e-07
290.36	1.00285e-07
290.38	1.00322e-07
290.4	1.00362e-07
290.42	1.00405e-07
290.44	1.00452e-07
290.46	1.00501e-07
290.48	1.00554e-07
290.5	1.0061e-07
290.52	1.00669e-07
290.54	1.00731e-07
290.56	1.00797e-07
290.58	1.00865e-07
290.6	1.00937e-07
290.62	1.01012e-07
290.64	1.0109e-07
290.66	1.01171e-07
290.68	1.01256e-07
290.7	1.01344e-07
290.72	1.01435e-07
290.74	1.01529e-07
290.76	1.01627e-07
290.78	1.01727e-07
290.8	1.01831e-07
290.82	1.01939e-07
290.84	1.0205e-07
290.86	1.02164e-07
290.88	1.02281e-07
290.9	1.02402e-07
290.92	1.02526e-07
290.94	1.02654e-07
290.96	1.02785e-07
290.98	1.02919e-07
291	1.03057e-07
291.02	1.03198e-07
291.04	1.03343e-07
291.06	1.03491e-07
291.08	1.03643e-07
291.1	1.03798e-07
291.12	1.03957e-07
291.14	1.04119e-07
291.16	1.04285e-07
291.18	1.04455e-07
291.2	1.04628e-07
291.22	1.04805e-07
291.24	1.04986e-07
291.26	1.0517e-07
291.28	1.05358e-07
291.3	1.0555e-07
291.32	1.05746e-07
291.34	1.05945e-07
291.36	1.06149e-07
291.38	1.06356e-07
291.4	1.06567e-07
291.42	1.06782e-07
291.44	1.07001e-07
291.46	1.07224e-07
291.48	1.07451e-07
291.5	1.07682e-07
291.52	1.07917e-07
291.54	1.08157e-07
291.56	1.084e-07
291.58	1.08648e-07
291.6	1.089e-07
291.62	1.09156e-07
291.64	1.09417e-07
291.66	1.09682e-07
291.68	1.09951e-07
291.7	1.10225e-07
291.72	1.10503e-07
291.74	1.10786e-07
291.76	1.11074e-07
291.78	1.11366e-07
291.8	1.11662e-07
291.82	1.11964e-07
291.84	1.1227e-07
291.86	1.12581e-07
291.88	1.12897e-07
291.9	1.13218e-07
291.92	1.13544e-07
291.94	1.13874e-07
291.96	1.1421e-07
291.98	1.14551e-07
292	1.14898e-07
292.02	1.15249e-07
292.04	1.15606e-07
292.06	1.15968e-07
292.08	1.16336e-07
292.1	1.1671e-07
292.12	1.17088e-07
292.14	1.17473e-07
292.16	1.17863e-07
292.18	1.18259e-07
292.2	1.18662e-07
292.22	1.1907e-07
292.24	1.19484e-07
292.26	1.19904e-07
292.28	1.2033e-07
292.3	1.20763e-07
292.32	1.21202e-07
292.34	1.21648e-07
292.36	1.221e-07
292.38	1.22558e-07
292.4	1.23024e-07
292.42	1.23497e-07
292.44	1.23976e-07
292.46	1.24462e-07
292.48	1.24956e-07
292.5	1.25457e-07
292.52	1.25965e-07
292.54	1.26481e-07
292.56	1.27005e-07
292.58	1.27536e-07
292.6	1.28075e-07
292.62	1.28622e-07
292.64	1.29178e-07
292.66	1.29741e-07
292.68	1.30313e-07
292.7	1.30894e-07
292.72	1.31483e-07
292.74	1.32082e-07
292.76	1.32689e-07
292.78	1.33305e-07
292.8	1.33931e-07
292.82	1.34567e-07
292.84	1.35212e-07
292.86	1.35867e-07
292.88	1.36532e-07
292.9	1.37207e-07
292.92	1.37893e-07
292.94	1.3859e-07
292.96	1.39297e-07
292.98	1.40016e-07
293	1.40746e-07
293.02	1.41488e-07
293.04	1.42241e-07
293.06	1.43007e-07
293.08	1.43785e-07
293.1	1.44576e-07
293.12	1.45379e-07
293.14	1.46196e-07
293.16	1.47027e-07
293.18	1.47871e-07
293.2	1.48729e-07
293.22	1.49602e-07
293.24	1.5049e-07
293.26	1.51393e-07
293.28	1.52312e-07
293.3	1.53246e-07
293.32	1.54198e-07
293.34	1.55166e-07
293.36	1.56151e-07
293.38	1.57154e-07
293.4	1.58176e-07
293.42	1.59216e-07
293.44	1.60276e-07
293.46	1.61355e-07
293.48	1.62456e-07
293.5	1.63577e-07
293.52	1.6472e-07
293.54	1.65886e-07
293.56	1.67075e-07
293.58	1.68288e-07
293.6	1.69525e-07
293.62	1.70789e-07
293.64	1.72079e-07
293.66	1.73397e-07
293.68	1.74743e-07
293.7	1.76119e-07
293.72	1.77526e-07
293.74	1.78965e-07
293.76	1.80437e-07
293.78	1.81944e-07
293.8	1.83488e-07
293.82	1.8507e-07
293.84	1.86692e-07
293.86	1.88355e-07
293.88	1.90063e-07
293.9	1.91816e-07
293.92	1.93619e-07
293.94	1.95473e-07
293.96	1.97382e-07
293.98	1.99349e-07
294	2.01378e-07
294.02	2.03472e-07
294.04	2.05638e-07
294.06	2.0788e-07
294.08	2.10205e-07
294.1	2.1262e-07
294.12	2.15133e-07
294.14	2.17754e-07
294.16	2.20496e-07
294.18	2.23372e-07
294.2	2.26401e-07
294.22	2.29605e-07
294.24	2.33015e-07
294.26	2.3667e-07
294.28	2.40626e-07
294.3	2.44965e-07
294.32	2.49818e-07
294.34	2.55413e-07
294.36	2.62203e-07
294.38	2.71262e-07
294.4	2.85657e-07
294.42	3.16063e-07
294.44	4.05002e-07
294.46	6.5838e-07
294.48	1.28292e-06
294.5	2.747e-06
294.52	5.87187e-06
294.54	1.17446e-05
294.56	2.18081e-05
294.58	3.80197e-05
294.6	6.24082e-05
294.62	9.60936e-05
294.64	0.000138418
294.66	0.000186738
294.68	0.000237451
294.7	0.000287454
294.72	0.000334715
294.74	0.000378115
294.76	0.000417179
294.78	0.000451921
294.8	0.000482717
294.82	0.000510127
294.84	0.000534736
294.86	0.000557064
294.88	0.000577543
294.9	0.000596513
294.92	0.000614233
294.94	0.0006309
294.96	0.000646664
294.98	0.000661634
295	0.000675894
295.02	0.000689504
295.04	0.000702507
295.06	0.000714938
295.08	0.000726819
295.1	0.000738171
295.12	0.000749009
295.14	0.000759344
295.16	0.000769188
295.18	0.000778551
295.2	0.000787442
295.22	0.000795871
295.24	0.000803846
295.26	0.000811376
295.28	0.00081847
295.3	0.000825138
295.32	0.000831387
295.34	0.000837227
295.36	0.000842667
295.38	0.000847715
295.4	0.00085238
295.42	0.00085667
295.44	0.000860595
295.46	0.000864162
295.48	0.00086738
295.5	0.000870256
295.52	0.000872798
295.54	0.000875014
295.56	0.000876912
295.58	0.000878498
295.6	0.000879781
295.62	0.000880766
295.64	0.00088146
295.66	0.000881872
295.68	0.000882006
295.7	0.00088187
295.72	0.00088147
295.74	0.000880812
295.76	0.000879902
295.78	0.000878747
295.8	0.000877353
295.82	0.000875724
295.84	0.000873869
295.86	0.000871791
295.88	0.000869497
295.9	0.000866992
295.92	0.000864282
295.94	0.000861373
295.96	0.000858269
295.98	0.000854977
296	0.000851502
296.02	0.000847849
296.04	0.000844023
296.06	0.000840031
296.08	0.000835876
296.1	0.000831564
296.12	0.0008271
296.14	0.00082249
296.16	0.000817739
296.18	0.00081285
296.2	0.000807831
296.22	0.000802685
296.24	0.000797417
296.26	0.000792032
296.28	0.000786536
296.3	0.000780932
296.32	0.000775226
296.34	0.000769422
296.36	0.000763524
296.38	0.000757539
296.4	0.000751469
296.42	0.000745319
296.44	0.000739094
296.46	0.000732798
296.48	0.000726436
296.5	0.000720011
296.52	0.000713527
296.54	0.000706989
296.56	0.000700401
296.58	0.000693767
296.6	0.00068709
296.62	0.000680375
296.64	0.000673624
296.66	0.000666842
296.68	0.000660032
296.7	0.000653198
296.72	0.000646344
296.74	0.000639471
296.76	0.000632585
296.78	0.000625687
296.8	0.000618781
296.82	0.000611871
296.84	0.000604958
296.86	0.000598047
296.88	0.000591139
296.9	0.000584237
296.92	0.000577344
296.94	0.000570463
296.96	0.000563596
296.98	0.000556745
297	0.000549913
297.02	0.000543102
297.04	0.000536313
297.06	0.00052955
297.08	0.000522814
297.1	0.000516108
297.12	0.000509432
297.14	0.000502789
297.16	0.00049618
297.18	0.000489607
297.2	0.000483072
297.22	0.000476577
297.24	0.000470121
297.26	0.000463708
297.28	0.000457338
297.3	0.000451013
297.32	0.000444733
297.34	0.000438501
297.36	0.000432316
297.38	0.00042618
297.4	0.000420094
297.42	0.000414059
297.44	0.000408075
297.46	0.000402144
297.48	0.000396266
297.5	0.000390442
297.52	0.000384672
297.54	0.000378958
297.56	0.000373298
297.58	0.000367696
297.6	0.000362149
297.62	0.00035666
297.64	0.000351227
297.66	0.000345853
297.68	0.000340536
297.7	0.000335278
297.72	0.000330078
297.74	0.000324936
297.76	0.000319854
297.78	0.00031483
297.8	0.000309865
297.82	0.000304958
297.84	0.000300111
297.86	0.000295323
297.88	0.000290593
297.9	0.000285922
297.92	0.00028131
297.94	0.000276757
297.96	0.000272262
297.98	0.000267825
298	0.000263446
298.02	0.000259125
298.04	0.000254862
298.06	0.000250655
298.08	0.000246506
298.1	0.000242414
298.12	0.000238378
298.14	0.000234398
298.16	0.000230475
298.18	0.000226606
298.2	0.000222792
298.22	0.000219034
298.24	0.000215329
298.26	0.000211678
298.28	0.000208081
298.3	0.000204537
298.32	0.000201045
298.34	0.000197605
298.36	0.000194217
298.38	0.00019088
298.4	0.000187594
298.42	0.000184358
298.44	0.000181172
298.46	0.000178035
298.48	0.000174947
298.5	0.000171907
298.52	0.000168915
298.54	0.000165969
298.56	0.000163071
298.58	0.000160219
298.6	0.000157412
298.62	0.000154651
298.64	0.000151934
298.66	0.000149261
298.68	0.000146632
298.7	0.000144046
298.72	0.000141502
298.74	0.000139
298.76	0.00013654
298.78	0.00013412
298.8	0.000131741
298.82	0.000129402
298.84	0.000127101
298.86	0.00012484
298.88	0.000122617
298.9	0.000120432
298.92	0.000118283
298.94	0.000116172
298.96	0.000114097
298.98	0.000112057
299	0.000110052
299.02	0.000108082
299.04	0.000106147
299.06	0.000104244
299.08	0.000102375
299.1	0.000100539
299.12	9.87347e-05
299.14	9.6962e-05
299.16	9.52205e-05
299.18	9.35098e-05
299.2	9.18292e-05
299.22	9.01784e-05
299.24	8.85568e-05
299.26	8.69641e-05
299.28	8.53997e-05
299.3	8.38633e-05
299.32	8.23543e-05
299.34	8.08723e-05
299.36	7.94169e-05
299.38	7.79877e-05
299.4	7.65841e-05
299.42	7.52059e-05
299.44	7.38526e-05
299.46	7.25237e-05
299.48	7.12189e-05
299.5	6.99377e-05
299.52	6.86798e-05
299.54	6.74448e-05
299.56	6.62322e-05
299.58	6.50417e-05
299.6	6.3873e-05
299.62	6.27256e-05
299.64	6.15991e-05
299.66	6.04933e-05
299.68	5.94077e-05
299.7	5.8342e-05
299.72	5.72958e-05
299.74	5.62689e-05
299.76	5.52608e-05
299.78	5.42713e-05
299.8	5.33e-05
299.82	5.23466e-05
299.84	5.14107e-05
299.86	5.04921e-05
299.88	4.95904e-05
299.9	4.87053e-05
299.92	4.78366e-05
299.94	4.6984e-05
299.96	4.61471e-05
299.98	4.53256e-05
300	4.45194e-05
300.02	4.3728e-05
300.04	4.29513e-05
300.06	4.2189e-05
300.08	4.14408e-05
300.1	4.07064e-05
300.12	3.99856e-05
300.14	3.92782e-05
300.16	3.85838e-05
300.18	3.79023e-05
300.2	3.72334e-05
300.22	3.65769e-05
300.24	3.59325e-05
300.26	3.53001e-05
300.28	3.46794e-05
300.3	3.40701e-05
300.32	3.34722e-05
300.34	3.28853e-05
300.36	3.23092e-05
300.38	3.17438e-05
300.4	3.11888e-05
300.42	3.06441e-05
300.44	3.01094e-05
300.46	2.95847e-05
300.48	2.90696e-05
300.5	2.8564e-05
300.52	2.80677e-05
300.54	2.75805e-05
300.56	2.71024e-05
300.58	2.6633e-05
300.6	2.61723e-05
300.62	2.57201e-05
300.64	2.52761e-05
300.66	2.48404e-05
300.68	2.44126e-05
300.7	2.39927e-05
300.72	2.35804e-05
300.74	2.31758e-05
300.76	2.27785e-05
300.78	2.23885e-05
300.8	2.20056e-05
300.82	2.16298e-05
300.84	2.12608e-05
300.86	2.08985e-05
300.88	2.05428e-05
300.9	2.01937e-05
300.92	1.98508e-05
300.94	1.95142e-05
300.96	1.91838e-05
300.98	1.88593e-05
301	1.85407e-05
301.02	1.82279e-05
301.04	1.79208e-05
301.06	1.76192e-05
301.08	1.7323e-05
301.1	1.70322e-05
301.12	1.67467e-05
301.14	1.64663e-05
301.16	1.6191e-05
301.18	1.59206e-05
301.2	1.56551e-05
301.22	1.53943e-05
301.24	1.51382e-05
301.26	1.48868e-05
301.28	1.46398e-05
301.3	1.43972e-05
301.32	1.4159e-05
301.34	1.3925e-05
301.36	1.36952e-05
301.38	1.34695e-05
301.4	1.32478e-05
301.42	1.303e-05
301.44	1.28162e-05
301.46	1.26061e-05
301.48	1.23997e-05
301.5	1.2197e-05
301.52	1.19979e-05
301.54	1.18023e-05
301.56	1.16101e-05
301.58	1.14213e-05
301.6	1.12359e-05
301.62	1.10537e-05
301.64	1.08747e-05
301.66	1.06988e-05
301.68	1.05261e-05
301.7	1.03563e-05
301.72	1.01895e-05
301.74	1.00257e-05
301.76	9.86465e-06
301.78	9.70645e-06
301.8	9.551e-06
301.82	9.39825e-06
301.84	9.24815e-06
301.86	9.10065e-06
301.88	8.95571e-06
301.9	8.81328e-06
301.92	8.67331e-06
301.94	8.53576e-06
301.96	8.40058e-06
301.98	8.26772e-06
302	8.13716e-06
302.02	8.00883e-06
302.04	7.88271e-06
302.06	7.75875e-06
302.08	7.63692e-06
302.1	7.51716e-06
302.12	7.39946e-06
302.14	7.28376e-06
302.16	7.17003e-06
302.18	7.05825e-06
302.2	6.94836e-06
302.22	6.84034e-06
302.24	6.73415e-06
302.26	6.62976e-06
302.28	6.52714e-06
302.3	6.42625e-06
302.32	6.32707e-06
302.34	6.22956e-06
302.36	6.13369e-06
302.38	6.03944e-06
302.4	5.94677e-06
302.42	5.85566e-06
302.44	5.76607e-06
302.46	5.67799e-06
302.48	5.59138e-06
302.5	5.50621e-06
302.52	5.42247e-06
302.54	5.34012e-06
302.56	5.25915e-06
302.58	5.17952e-06
302.6	5.10122e-06
302.62	5.02421e-06
302.64	4.94848e-06
302.66	4.87401e-06
302.68	4.80077e-06
302.7	4.72873e-06
302.72	4.65789e-06
302.74	4.58821e-06
302.76	4.51968e-06
302.78	4.45228e-06
302.8	4.38598e-06
302.82	4.32077e-06
302.84	4.25663e-06
302.86	4.19354e-06
302.88	4.13148e-06
302.9	4.07043e-06
302.92	4.01038e-06
302.94	3.95131e-06
302.96	3.8932e-06
302.98	3.83603e-06
303	3.77979e-06
303.02	3.72446e-06
303.04	3.67003e-06
303.06	3.61648e-06
303.08	3.5638e-06
303.1	3.51196e-06
303.12	3.46096e-06
303.14	3.41078e-06
303.16	3.36141e-06
303.18	3.31283e-06
303.2	3.26503e-06
303.22	3.218e-06
303.24	3.17172e-06
303.26	3.12618e-06
303.28	3.08137e-06
303.3	3.03727e-06
303.32	2.99388e-06
303.34	2.95117e-06
303.36	2.90915e-06
303.38	2.86779e-06
303.4	2.82709e-06
303.42	2.78703e-06
303.44	2.74761e-06
303.46	2.70881e-06
303.48	2.67062e-06
303.5	2.63303e-06
303.52	2.59604e-06
303.54	2.55963e-06
303.56	2.52379e-06
303.58	2.48852e-06
303.6	2.45379e-06
303.62	2.41961e-06
303.64	2.38597e-06
303.66	2.35285e-06
303.68	2.32025e-06
303.7	2.28815e-06
303.72	2.25656e-06
303.74	2.22546e-06
303.76	2.19484e-06
303.78	2.16469e-06
303.8	2.13501e-06
303.82	2.1058e-06
303.84	2.07703e-06
303.86	2.04871e-06
303.88	2.02082e-06
303.9	1.99337e-06
303.92	1.96634e-06
303.94	1.93972e-06
303.96	1.91351e-06
303.98	1.8877e-06
304	1.86229e-06
304.02	1.83727e-06
304.04	1.81263e-06
304.06	1.78837e-06
304.08	1.76448e-06
304.1	1.74095e-06
304.12	1.71778e-06
304.14	1.69496e-06
304.16	1.67249e-06
304.18	1.65036e-06
304.2	1.62856e-06
304.22	1.6071e-06
304.24	1.58595e-06
304.26	1.56513e-06
304.28	1.54462e-06
304.3	1.52442e-06
304.32	1.50453e-06
304.34	1.48493e-06
304.36	1.46563e-06
304.38	1.44662e-06
304.4	1.42789e-06
304.42	1.40944e-06
304.44	1.39127e-06
304.46	1.37337e-06
304.48	1.35573e-06
304.5	1.33836e-06
304.52	1.32124e-06
304.54	1.30438e-06
304.56	1.28777e-06
304.58	1.27141e-06
304.6	1.25529e-06
304.62	1.2394e-06
304.64	1.22375e-06
304.66	1.20833e-06
304.68	1.19314e-06
304.7	1.17817e-06
304.72	1.16342e-06
304.74	1.14889e-06
304.76	1.13457e-06
304.78	1.12046e-06
304.8	1.10656e-06
304.82	1.09286e-06
304.84	1.07935e-06
304.86	1.06605e-06
304.88	1.05294e-06
304.9	1.04002e-06
304.92	1.02729e-06
304.94	1.01474e-06
304.96	1.00237e-06
304.98	9.90181e-07
305	9.78169e-07
305.02	9.6633e-07
305.04	9.54662e-07
305.06	9.43161e-07
305.08	9.31826e-07
305.1	9.20653e-07
305.12	9.09641e-07
305.14	8.98786e-07
305.16	8.88086e-07
305.18	8.77539e-07
305.2	8.67142e-07
305.22	8.56894e-07
305.24	8.46791e-07
305.26	8.36831e-07
305.28	8.27013e-07
305.3	8.17334e-07
305.32	8.07792e-07
305.34	7.98385e-07
305.36	7.8911e-07
305.38	7.79966e-07
305.4	7.70951e-07
305.42	7.62063e-07
305.44	7.53299e-07
305.46	7.44658e-07
305.48	7.36138e-07
305.5	7.27738e-07
305.52	7.19454e-07
305.54	7.11286e-07
305.56	7.03232e-07
305.58	6.9529e-07
305.6	6.87458e-07
305.62	6.79735e-07
305.64	6.72119e-07
305.66	6.64609e-07
305.68	6.57202e-07
305.7	6.49897e-07
305.72	6.42693e-07
305.74	6.35589e-07
305.76	6.28582e-07
305.78	6.21671e-07
305.8	6.14855e-07
305.82	6.08132e-07
305.84	6.01501e-07
305.86	5.94961e-07
305.88	5.8851e-07
305.9	5.82147e-07
305.92	5.7587e-07
305.94	5.69679e-07
305.96	5.63572e-07
305.98	5.57548e-07
306	5.51605e-07
306.02	5.45742e-07
306.04	5.39959e-07
306.06	5.34254e-07
306.08	5.28625e-07
306.1	5.23072e-07
306.12	5.17594e-07
306.14	5.12189e-07
306.16	5.06857e-07
306.18	5.01595e-07
306.2	4.96405e-07
306.22	4.91283e-07
306.24	4.8623e-07
306.26	4.81244e-07
306.28	4.76324e-07
306.3	4.7147e-07
306.32	4.6668e-07
306.34	4.61953e-07
306.36	4.57289e-07
306.38	4.52686e-07
306.4	4.48145e-07
306.42	4.43663e-07
306.44	4.39239e-07
306.46	4.34875e-07
306.48	4.30567e-07
306.5	4.26316e-07
306.52	4.2212e-07
306.54	4.17979e-07
306.56	4.13893e-07
306.58	4.09859e-07
306.6	4.05878e-07
306.62	4.01949e-07
306.64	3.98071e-07
306.66	3.94243e-07
306.68	3.90465e-07
306.7	3.86736e-07
306.72	3.83054e-07
306.74	3.79421e-07
306.76	3.75834e-07
306.78	3.72293e-07
306.8	3.68798e-07
306.82	3.65348e-07
306.84	3.61942e-07
306.86	3.58579e-07
306.88	3.5526e-07
306.9	3.51983e-07
306.92	3.48747e-07
306.94	3.45553e-07
306.96	3.424e-07
306.98	3.39287e-07
307	3.36213e-07
307.02	3.33178e-07
307.04	3.30182e-07
307.06	3.27223e-07
307.08	3.24302e-07
307.1	3.21418e-07
307.12	3.1857e-07
307.14	3.15758e-07
307.16	3.12982e-07
307.18	3.1024e-07
307.2	3.07532e-07
307.22	3.04859e-07
307.24	3.02219e-07
307.26	2.99611e-07
307.28	2.97037e-07
307.3	2.94494e-07
307.32	2.91984e-07
307.34	2.89504e-07
307.36	2.87055e-07
307.38	2.84637e-07
307.4	2.82248e-07
307.42	2.79889e-07
307.44	2.7756e-07
307.46	2.75259e-07
307.48	2.72986e-07
307.5	2.70742e-07
307.52	2.68525e-07
307.54	2.66335e-07
307.56	2.64172e-07
307.58	2.62036e-07
307.6	2.59926e-07
307.62	2.57842e-07
307.64	2.55783e-07
307.66	2.53749e-07
307.68	2.51741e-07
307.7	2.49756e-07
307.72	2.47796e-07
307.74	2.4586e-07
307.76	2.43947e-07
307.78	2.42057e-07
307.8	2.40191e-07
307.82	2.38347e-07
307.84	2.36525e-07
307.86	2.34725e-07
307.88	2.32947e-07
307.9	2.31191e-07
307.92	2.29455e-07
307.94	2.27741e-07
307.96	2.26047e-07
307.98	2.24374e-07
308	2.2272e-07
308.02	2.21087e-07
308.04	2.19473e-07
308.06	2.17878e-07
308.08	2.16303e-07
308.1	2.14746e-07
308.12	2.13208e-07
308.14	2.11688e-07
308.16	2.10187e-07
308.18	2.08703e-07
308.2	2.07237e-07
308.22	2.05788e-07
308.24	2.04357e-07
308.26	2.02943e-07
308.28	2.01545e-07
308.3	2.00164e-07
308.32	1.988e-07
308.34	1.97451e-07
308.36	1.96119e-07
308.38	1.94802e-07
308.4	1.93501e-07
308.42	1.92215e-07
308.44	1.90945e-07
308.46	1.89689e-07
308.48	1.88448e-07
308.5	1.87222e-07
308.52	1.86011e-07
308.54	1.84813e-07
308.56	1.8363e-07
308.58	1.82461e-07
308.6	1.81305e-07
308.62	1.80163e-07
308.64	1.79034e-07
308.66	1.77919e-07
308.68	1.76817e-07
308.7	1.75728e-07
308.72	1.74651e-07
308.74	1.73587e-07
308.76	1.72536e-07
308.78	1.71497e-07
308.8	1.7047e-07
308.82	1.69455e-07
308.84	1.68452e-07
308.86	1.67461e-07
308.88	1.66481e-07
308.9	1.65513e-07
308.92	1.64557e-07
308.94	1.63611e-07
308.96	1.62677e-07
308.98	1.61753e-07
309	1.6084e-07
309.02	1.59938e-07
309.04	1.59047e-07
309.06	1.58166e-07
309.08	1.57295e-07
309.1	1.56435e-07
309.12	1.55585e-07
309.14	1.54744e-07
309.16	1.53914e-07
309.18	1.53093e-07
309.2	1.52282e-07
309.22	1.5148e-07
309.24	1.50688e-07
309.26	1.49906e-07
309.28	1.49132e-07
309.3	1.48367e-07
309.32	1.47612e-07
309.34	1.46865e-07
309.36	1.46128e-07
309.38	1.45399e-07
309.4	1.44678e-07
309.42	1.43966e-07
309.44	1.43263e-07
309.46	1.42568e-07
309.48	1.41881e-07
309.5	1.41202e-07
309.52	1.40531e-07
309.54	1.39869e-07
309.56	1.39214e-07
309.58	1.38567e-07
309.6	1.37928e-07
309.62	1.37296e-07
309.64	1.36672e-07
309.66	1.36056e-07
309.68	1.35447e-07
309.7	1.34845e-07
309.72	1.3425e-07
309.74	1.33663e-07
309.76	1.33083e-07
309.78	1.32509e-07
309.8	1.31943e-07
309.82	1.31384e-07
309.84	1.30831e-07
309.86	1.30285e-07
309.88	1.29746e-07
309.9	1.29213e-07
309.92	1.28687e-07
309.94	1.28168e-07
309.96	1.27655e-07
309.98	1.27148e-07
310	1.26648e-07
310.02	1.26153e-07
310.04	1.25665e-07
310.06	1.25183e-07
310.08	1.24707e-07
310.1	1.24237e-07
310.12	1.23773e-07
310.14	1.23315e-07
310.16	1.22863e-07
310.18	1.22416e-07
310.2	1.21976e-07
310.22	1.2154e-07
310.24	1.21111e-07
310.26	1.20687e-07
310.28	1.20268e-07
310.3	1.19855e-07
310.32	1.19447e-07
310.34	1.19045e-07
310.36	1.18648e-07
310.38	1.18256e-07
310.4	1.1787e-07
310.42	1.17488e-07
310.44	1.17112e-07
310.46	1.16741e-07
310.48	1.16375e-07
310.5	1.16013e-07
310.52	1.15657e-07
310.54	1.15306e-07
310.56	1.14959e-07
310.58	1.14618e-07
310.6	1.14281e-07
310.62	1.13949e-07
310.64	1.13621e-07
310.66	1.13298e-07
310.68	1.1298e-07
310.7	1.12666e-07
310.72	1.12357e-07
310.74	1.12053e-07
310.76	1.11753e-07
310.78	1.11457e-07
310.8	1.11166e-07
310.82	1.10879e-07
310.84	1.10597e-07
310.86	1.10319e-07
310.88	1.10045e-07
310.9	1.09775e-07
310.92	1.0951e-07
310.94	1.09248e-07
310.96	1.08991e-07
310.98	1.08738e-07
311	1.08489e-07
311.02	1.08244e-07
311.04	1.08004e-07
311.06	1.07767e-07
311.08	1.07534e-07
311.1	1.07305e-07
311.12	1.0708e-07
311.14	1.06859e-07
311.16	1.06642e-07
311.18	1.06429e-07
311.2	1.06219e-07
311.22	1.06014e-07
311.24	1.05812e-07
311.26	1.05614e-07
311.28	1.05419e-07
311.3	1.05229e-07
311.32	1.05042e-07
311.34	1.04859e-07
311.36	1.04679e-07
311.38	1.04503e-07
311.4	1.04331e-07
311.42	1.04162e-07
311.44	1.03996e-07
311.46	1.03835e-07
311.48	1.03677e-07
311.5	1.03522e-07
311.52	1.03371e-07
311.54	1.03223e-07
311.56	1.03079e-07
311.58	1.02938e-07
311.6	1.02801e-07
311.62	1.02667e-07
311.64	1.02536e-07
311.66	1.02409e-07
311.68	1.02286e-07
311.7	1.02165e-07
311.72	1.02048e-07
311.74	1.01934e-07
311.76	1.01824e-07
311.78	1.01717e-07
311.8	1.01613e-07
311.82	1.01513e-07
311.84	1.01415e-07
311.86	1.01321e-07
311.88	1.0123e-07
311.9	1.01143e-07
311.92	1.01059e-07
311.94	1.00978e-07
311.96	1.009e-07
311.98	1.00825e-07
312	1.00753e-07
312.02	1.00685e-07
312.04	1.0062e-07
312.06	1.00558e-07
312.08	1.00499e-07
312.1	1.00443e-07
312.12	1.00391e-07
312.14	1.00342e-07
312.16	1.00295e-07
312.18	1.00252e-07
312.2	1.00212e-07
312.22	1.00175e-07
312.24	1.00141e-07
312.26	1.00111e-07
312.28	1.00083e-07
312.3	1.00059e-07
312.32	1.00037e-07
312.34	1.00019e-07
312.36	1.00004e-07
312.38	9.99916e-08
312.4	9.99826e-08
312.42	9.99767e-08
312.44	9.99738e-08
312.46	9.9974e-08
312.48	9.99773e-08
312.5	9.99837e-08
312.52	9.99932e-08
312.54	1.00006e-07
312.56	1.00021e-07
312.58	1.0004e-07
312.6	1.00062e-07
312.62	1.00087e-07
312.64	1.00115e-07
312.66	1.00146e-07
312.68	1.0018e-07
312.7	1.00218e-07
312.72	1.00258e-07
312.74	1.00302e-07
312.76	1.00348e-07
312.78	1.00398e-07
312.8	1.00451e-07
312.82	1.00507e-07
312.84	1.00566e-07
312.86	1.00629e-07
312.88	1.00694e-07
312.9	1.00763e-07
312.92	1.00835e-07
312.94	1.0091e-07
312.96	1.00988e-07
312.98	1.0107e-07
313	1.01154e-07
313.02	1.01242e-07
313.04	1.01333e-07
313.06	1.01428e-07
313.08	1.01525e-07
313.1	1.01626e-07
313.12	1.0173e-07
313.14	1.01838e-07
313.16	1.01948e-07
313.18	1.02062e-07
313.2	1.0218e-07
313.22	1.02301e-07
313.24	1.02425e-07
313.26	1.02552e-07
313.28	1.02683e-07
313.3	1.02817e-07
313.32	1.02955e-07
313.34	1.03096e-07
313.36	1.03241e-07
313.38	1.03389e-07
313.4	1.0354e-07
313.42	1.03696e-07
313.44	1.03854e-07
313.46	1.04016e-07
313.48	1.04182e-07
313.5	1.04352e-07
313.52	1.04525e-07
313.54	1.04702e-07
313.56	1.04882e-07
313.58	1.05066e-07
313.6	1.05254e-07
313.62	1.05445e-07
313.64	1.05641e-07
313.66	1.0584e-07
313.68	1.06043e-07
313.7	1.0625e-07
313.72	1.06461e-07
313.74	1.06675e-07
313.76	1.06894e-07
313.78	1.07117e-07
313.8	1.07343e-07
313.82	1.07574e-07
313.84	1.07809e-07
313.86	1.08048e-07
313.88	1.08291e-07
313.9	1.08538e-07
313.92	1.08789e-07
313.94	1.09045e-07
313.96	1.09305e-07
313.98	1.0957e-07
314	1.09838e-07
314.02	1.10112e-07
314.04	1.10389e-07
314.06	1.10671e-07
314.08	1.10958e-07
314.1	1.1125e-07
314.12	1.11546e-07
314.14	1.11846e-07
314.16	1.12152e-07
314.18	1.12462e-07
314.2	1.12777e-07
314.22	1.13097e-07
314.24	1.13422e-07
314.26	1.13752e-07
314.28	1.14088e-07
314.3	1.14428e-07
314.32	1.14773e-07
314.34	1.15124e-07
314.36	1.1548e-07
314.38	1.15841e-07
314.4	1.16208e-07
314.42	1.1658e-07
314.44	1.16958e-07
314.46	1.17342e-07
314.48	1.17731e-07
314.5	1.18126e-07
314.52	1.18527e-07
314.54	1.18934e-07
314.56	1.19347e-07
314.58	1.19766e-07
314.6	1.20191e-07
314.62	1.20622e-07
314.64	1.2106e-07
314.66	1.21504e-07
314.68	1.21955e-07
314.7	1.22413e-07
314.72	1.22877e-07
314.74	1.23348e-07
314.76	1.23826e-07
314.78	1.24311e-07
314.8	1.24803e-07
314.82	1.25302e-07
314.84	1.25809e-07
314.86	1.26323e-07
314.88	1.26845e-07
314.9	1.27374e-07
314.92	1.27912e-07
314.94	1.28457e-07
314.96	1.2901e-07
314.98	1.29572e-07
315	1.30142e-07
315.02	1.30721e-07
315.04	1.31308e-07
315.06	1.31904e-07
315.08	1.32509e-07
315.1	1.33124e-07
315.12	1.33747e-07
315.14	1.3438e-07
315.16	1.35023e-07
315.18	1.35676e-07
315.2	1.36338e-07
315.22	1.37011e-07
315.24	1.37694e-07
315.26	1.38388e-07
315.28	1.39093e-07
315.3	1.39809e-07
315.32	1.40536e-07
315.34	1.41275e-07
315.36	1.42025e-07
315.38	1.42788e-07
315.4	1.43563e-07
315.42	1.4435e-07
315.44	1.4515e-07
315.46	1.45964e-07
315.48	1.4679e-07
315.5	1.47631e-07
315.52	1.48486e-07
315.54	1.49355e-07
315.56	1.50238e-07
315.58	1.51137e-07
315.6	1.52052e-07
315.62	1.52982e-07
315.64	1.53929e-07
315.66	1.54892e-07
315.68	1.55873e-07
315.7	1.56871e-07
315.72	1.57887e-07
315.74	1.58923e-07
315.76	1.59977e-07
315.78	1.61051e-07
315.8	1.62145e-07
315.82	1.6326e-07
315.84	1.64397e-07
315.86	1.65557e-07
315.88	1.66739e-07
315.9	1.67945e-07
315.92	1.69175e-07
315.94	1.70431e-07
315.96	1.71714e-07
315.98	1.73023e-07
316	1.74361e-07
316.02	1.75728e-07
316.04	1.77126e-07
316.06	1.78555e-07
316.08	1.80018e-07
316.1	1.81515e-07
316.12	1.83048e-07
316.14	1.84618e-07
316.16	1.86228e-07
316.18	1.87879e-07
316.2	1.89573e-07
316.22	1.91312e-07
316.24	1.931e-07
316.26	1.94938e-07
316.28	1.9683e-07
316.3	1.98779e-07
316.32	2.00789e-07
316.34	2.02863e-07
316.36	2.05006e-07
316.38	2.07224e-07
316.4	2.09523e-07
316.42	2.11909e-07
316.44	2.1439e-07
316.46	2.16977e-07
316.48	2.19679e-07
316.5	2.22512e-07
316.52	2.25491e-07
316.54	2.28637e-07
316.56	2.31978e-07
316.58	2.3555e-07
316.6	2.39402e-07
316.62	2.43608e-07
316.64	2.48278e-07
316.66	2.53599e-07
316.68	2.59929e-07
316.7	2.68063e-07
316.72	2.80147e-07
316.74	3.0301e-07
316.76	3.66001e-07
316.78	5.51903e-07
316.8	1.02369e-06
316.82	2.14691e-06
316.84	4.6331e-06
316.86	9.49202e-06
316.88	1.80233e-05
316.9	3.20281e-05
316.92	5.36077e-05
316.94	8.42856e-05
316.96	0.000124048
316.98	0.00017084
317	0.000221195
317.02	0.000271729
317.04	0.000320061
317.06	0.000364808
317.08	0.000405311
317.1	0.000441437
317.12	0.000473464
317.14	0.000501914
317.16	0.000527375
317.18	0.000550396
317.2	0.000571439
317.22	0.000590871
317.24	0.000608977
317.26	0.000625973
317.28	0.000642022
317.3	0.000657246
317.32	0.000671735
317.34	0.000685557
317.36	0.00069876
317.38	0.00071138
317.4	0.000723444
317.42	0.000734973
317.44	0.000745983
317.46	0.000756487
317.48	0.000766496
317.5	0.000776021
317.52	0.000785071
317.54	0.000793656
317.56	0.000801783
317.58	0.000809463
317.6	0.000816704
317.62	0.000823515
317.64	0.000829905
317.66	0.000835882
317.68	0.000841456
317.7	0.000846636
317.72	0.00085143
317.74	0.000855846
317.76	0.000859893
317.78	0.00086358
317.8	0.000866915
317.82	0.000869905
317.84	0.00087256
317.86	0.000874885
317.88	0.000876889
317.9	0.00087858
317.92	0.000879964
317.94	0.000881048
317.96	0.00088184
317.98	0.000882345
318	0.000882572
318.02	0.000882526
318.04	0.000882214
318.06	0.000881641
318.08	0.000880815
318.1	0.000879741
318.12	0.000878426
318.14	0.000876875
318.16	0.000875094
318.18	0.000873089
318.2	0.000870866
318.22	0.000868431
318.24	0.000865788
318.26	0.000862944
318.28	0.000859904
318.3	0.000856673
318.32	0.000853258
318.34	0.000849662
318.36	0.000845892
318.38	0.000841954
318.4	0.000837851
318.42	0.000833589
318.44	0.000829174
318.46	0.000824611
318.48	0.000819904
318.5	0.000815059
318.52	0.000810081
318.54	0.000804974
318.56	0.000799744
318.58	0.000794396
318.6	0.000788934
318.62	0.000783363
318.64	0.000777688
318.66	0.000771913
318.68	0.000766044
318.7	0.000760085
318.72	0.00075404
318.74	0.000747913
318.76	0.00074171
318.78	0.000735434
318.8	0.000729091
318.82	0.000722683
318.84	0.000716215
318.86	0.000709692
318.88	0.000703117
318.9	0.000696494
318.92	0.000689828
318.94	0.000683121
318.96	0.000676378
318.98	0.000669603
319	0.000662799
319.02	0.000655969
319.04	0.000649117
319.06	0.000642246
319.08	0.000635361
319.1	0.000628463
319.12	0.000621555
319.14	0.000614642
319.16	0.000607726
319.18	0.00060081
319.2	0.000593897
319.22	0.000586989
319.24	0.000580089
319.26	0.000573199
319.28	0.000566323
319.3	0.000559463
319.32	0.00055262
319.34	0.000545797
319.36	0.000538997
319.38	0.000532222
319.4	0.000525472
319.42	0.000518751
319.44	0.000512061
319.46	0.000505403
319.48	0.000498778
319.5	0.000492189
319.52	0.000485637
319.54	0.000479124
319.56	0.000472651
319.58	0.00046622
319.6	0.000459831
319.62	0.000453487
319.64	0.000447188
319.66	0.000440935
319.68	0.00043473
319.7	0.000428574
319.72	0.000422467
319.74	0.000416411
319.76	0.000410406
319.78	0.000404453
319.8	0.000398554
319.82	0.000392707
319.84	0.000386915
319.86	0.000381178
319.88	0.000375497
319.9	0.000369871
319.92	0.000364302
319.94	0.00035879
319.96	0.000353335
319.98	0.000347937
320	0.000342597
320.02	0.000337316
320.04	0.000332092
320.06	0.000326928
320.08	0.000321822
320.1	0.000316774
320.12	0.000311786
320.14	0.000306857
320.16	0.000301986
320.18	0.000297174
320.2	0.000292422
320.22	0.000287728
320.24	0.000283093
320.26	0.000278516
320.28	0.000273999
320.3	0.000269539
320.32	0.000265137
320.34	0.000260794
320.36	0.000256508
320.38	0.00025228
320.4	0.000248108
320.42	0.000243994
320.44	0.000239936
320.46	0.000235935
320.48	0.000231989
320.5	0.000228099
320.52	0.000224264
320.54	0.000220484
320.56	0.000216759
320.58	0.000213087
320.6	0.000209469
320.62	0.000205904
320.64	0.000202392
320.66	0.000198932
320.68	0.000195524
320.7	0.000192168
320.72	0.000188862
320.74	0.000185607
320.76	0.000182402
320.78	0.000179246
320.8	0.000176139
320.82	0.00017308
320.84	0.000170069
320.86	0.000167106
320.88	0.00016419
320.9	0.00016132
320.92	0.000158496
320.94	0.000155717
320.96	0.000152983
320.98	0.000150293
321	0.000147647
321.02	0.000145045
321.04	0.000142485
321.06	0.000139967
321.08	0.00013749
321.1	0.000135055
321.12	0.000132661
321.14	0.000130306
321.16	0.000127991
321.18	0.000125715
321.2	0.000123477
321.22	0.000121277
321.24	0.000119115
321.26	0.000116989
321.28	0.0001149
321.3	0.000112847
321.32	0.000110829
321.34	0.000108845
321.36	0.000106896
321.38	0.000104981
321.4	0.0001031
321.42	0.000101251
321.44	9.94342e-05
321.46	9.76494e-05
321.48	9.5896e-05
321.5	9.41735e-05
321.52	9.24814e-05
321.54	9.08191e-05
321.56	8.91864e-05
321.58	8.75826e-05
321.6	8.60074e-05
321.62	8.44603e-05
321.64	8.29408e-05
321.66	8.14485e-05
321.68	7.99829e-05
321.7	7.85436e-05
321.72	7.71303e-05
321.74	7.57424e-05
321.76	7.43795e-05
321.78	7.30413e-05
321.8	7.17272e-05
321.82	7.0437e-05
321.84	6.91702e-05
321.86	6.79264e-05
321.88	6.67053e-05
321.9	6.55063e-05
321.92	6.43292e-05
321.94	6.31736e-05
321.96	6.20392e-05
321.98	6.09254e-05
322	5.98321e-05
322.02	5.87587e-05
322.04	5.77051e-05
322.06	5.66708e-05
322.08	5.56555e-05
322.1	5.46589e-05
322.12	5.36806e-05
322.14	5.27203e-05
322.16	5.17777e-05
322.18	5.08524e-05
322.2	4.99442e-05
322.22	4.90528e-05
322.24	4.81778e-05
322.26	4.7319e-05
322.28	4.64761e-05
322.3	4.56487e-05
322.32	4.48366e-05
322.34	4.40395e-05
322.36	4.32572e-05
322.38	4.24893e-05
322.4	4.17357e-05
322.42	4.0996e-05
322.44	4.02699e-05
322.46	3.95574e-05
322.48	3.8858e-05
322.5	3.81715e-05
322.52	3.74978e-05
322.54	3.68365e-05
322.56	3.61875e-05
322.58	3.55504e-05
322.6	3.49252e-05
322.62	3.43115e-05
322.64	3.37092e-05
322.66	3.3118e-05
322.68	3.25378e-05
322.7	3.19683e-05
322.72	3.14093e-05
322.74	3.08606e-05
322.76	3.0322e-05
322.78	2.97934e-05
322.8	2.92746e-05
322.82	2.87653e-05
322.84	2.82654e-05
322.86	2.77748e-05
322.88	2.72931e-05
322.9	2.68204e-05
322.92	2.63563e-05
322.94	2.59008e-05
322.96	2.54536e-05
322.98	2.50147e-05
323	2.45838e-05
323.02	2.41608e-05
323.04	2.37456e-05
323.06	2.3338e-05
323.08	2.29379e-05
323.1	2.2545e-05
323.12	2.21594e-05
323.14	2.17808e-05
323.16	2.14092e-05
323.18	2.10443e-05
323.2	2.0686e-05
323.22	2.03343e-05
323.24	1.9989e-05
323.26	1.965e-05
323.28	1.93172e-05
323.3	1.89903e-05
323.32	1.86695e-05
323.34	1.83544e-05
323.36	1.8045e-05
323.38	1.77413e-05
323.4	1.7443e-05
323.42	1.71501e-05
323.44	1.68626e-05
323.46	1.65801e-05
323.48	1.63028e-05
323.5	1.60305e-05
323.52	1.57631e-05
323.54	1.55005e-05
323.56	1.52425e-05
323.58	1.49893e-05
323.6	1.47405e-05
323.62	1.44962e-05
323.64	1.42563e-05
323.66	1.40206e-05
323.68	1.37892e-05
323.7	1.35619e-05
323.72	1.33386e-05
323.74	1.31193e-05
323.76	1.29039e-05
323.78	1.26923e-05
323.8	1.24845e-05
323.82	1.22803e-05
323.84	1.20798e-05
323.86	1.18828e-05
323.88	1.16893e-05
323.9	1.14991e-05
323.92	1.13124e-05
323.94	1.11289e-05
323.96	1.09486e-05
323.98	1.07715e-05
324	1.05976e-05
324.02	1.04266e-05
324.04	1.02587e-05
324.06	1.00936e-05
324.08	9.93149e-06
324.1	9.77217e-06
324.12	9.61563e-06
324.14	9.4618e-06
324.16	9.31065e-06
324.18	9.16212e-06
324.2	9.01617e-06
324.22	8.87274e-06
324.24	8.73179e-06
324.26	8.59327e-06
324.28	8.45714e-06
324.3	8.32336e-06
324.32	8.19188e-06
324.34	8.06266e-06
324.36	7.93566e-06
324.38	7.81084e-06
324.4	7.68815e-06
324.42	7.56756e-06
324.44	7.44904e-06
324.46	7.33254e-06
324.48	7.21802e-06
324.5	7.10546e-06
324.52	6.99481e-06
324.54	6.88603e-06
324.56	6.77911e-06
324.58	6.674e-06
324.6	6.57067e-06
324.62	6.46908e-06
324.64	6.36921e-06
324.66	6.27103e-06
324.68	6.1745e-06
324.7	6.0796e-06
324.72	5.98629e-06
324.74	5.89454e-06
324.76	5.80434e-06
324.78	5.71565e-06
324.8	5.62844e-06
324.82	5.54269e-06
324.84	5.45838e-06
324.86	5.37547e-06
324.88	5.29393e-06
324.9	5.21376e-06
324.92	5.13492e-06
324.94	5.05739e-06
324.96	4.98114e-06
324.98	4.90615e-06
325	4.83241e-06
325.02	4.75988e-06
325.04	4.68856e-06
325.06	4.6184e-06
325.08	4.5494e-06
325.1	4.48154e-06
325.12	4.41479e-06
325.14	4.34914e-06
325.16	4.28456e-06
325.18	4.22104e-06
325.2	4.15856e-06
325.22	4.0971e-06
325.24	4.03664e-06
325.26	3.97716e-06
325.28	3.91866e-06
325.3	3.8611e-06
325.32	3.80448e-06
325.34	3.74878e-06
325.36	3.69398e-06
325.38	3.64006e-06
325.4	3.58702e-06
325.42	3.53484e-06
325.44	3.48349e-06
325.46	3.43297e-06
325.48	3.38327e-06
325.5	3.33436e-06
325.52	3.28624e-06
325.54	3.23889e-06
325.56	3.1923e-06
325.58	3.14645e-06
325.6	3.10134e-06
325.62	3.05694e-06
325.64	3.01326e-06
325.66	2.97027e-06
325.68	2.92796e-06
325.7	2.88632e-06
325.72	2.84535e-06
325.74	2.80502e-06
325.76	2.76533e-06
325.78	2.72627e-06
325.8	2.68783e-06
325.82	2.64999e-06
325.84	2.61275e-06
325.86	2.5761e-06
325.88	2.54002e-06
325.9	2.50451e-06
325.92	2.46955e-06
325.94	2.43515e-06
325.96	2.40128e-06
325.98	2.36794e-06
326	2.33512e-06
326.02	2.30281e-06
326.04	2.271e-06
326.06	2.23969e-06
326.08	2.20887e-06
326.1	2.17853e-06
326.12	2.14865e-06
326.14	2.11924e-06
326.16	2.09028e-06
326.18	2.06177e-06
326.2	2.0337e-06
326.22	2.00607e-06
326.24	1.97885e-06
326.26	1.95206e-06
326.28	1.92568e-06
326.3	1.8997e-06
326.32	1.87412e-06
326.34	1.84894e-06
326.36	1.82413e-06
326.38	1.79971e-06
326.4	1.77566e-06
326.42	1.75198e-06
326.44	1.72865e-06
326.46	1.70568e-06
326.48	1.68306e-06
326.5	1.66079e-06
326.52	1.63885e-06
326.54	1.61724e-06
326.56	1.59596e-06
326.58	1.575e-06
326.6	1.55436e-06
326.62	1.53402e-06
326.64	1.514e-06
326.66	1.49427e-06
326.68	1.47484e-06
326.7	1.4557e-06
326.72	1.43685e-06
326.74	1.41828e-06
326.76	1.39999e-06
326.78	1.38197e-06
326.8	1.36422e-06
326.82	1.34673e-06
326.84	1.32951e-06
326.86	1.31254e-06
326.88	1.29582e-06
326.9	1.27934e-06
326.92	1.26312e-06
326.94	1.24713e-06
326.96	1.23138e-06
326.98	1.21586e-06
327	1.20057e-06
327.02	1.1855e-06
327.04	1.17065e-06
327.06	1.15603e-06
327.08	1.14161e-06
327.1	1.12741e-06
327.12	1.11342e-06
327.14	1.09963e-06
327.16	1.08604e-06
327.18	1.07265e-06
327.2	1.05945e-06
327.22	1.04645e-06
327.24	1.03363e-06
327.26	1.021e-06
327.28	1.00855e-06
327.3	9.96284e-07
327.32	9.84194e-07
327.34	9.72278e-07
327.36	9.60534e-07
327.38	9.48959e-07
327.4	9.3755e-07
327.42	9.26305e-07
327.44	9.15221e-07
327.46	9.04296e-07
327.48	8.93527e-07
327.5	8.82912e-07
327.52	8.72448e-07
327.54	8.62134e-07
327.56	8.51965e-07
327.58	8.41942e-07
327.6	8.3206e-07
327.62	8.22319e-07
327.64	8.12715e-07
327.66	8.03248e-07
327.68	7.93913e-07
327.7	7.84711e-07
327.72	7.75637e-07
327.74	7.66692e-07
327.76	7.57872e-07
327.78	7.49176e-07
327.8	7.40601e-07
327.82	7.32147e-07
327.84	7.2381e-07
327.86	7.1559e-07
327.88	7.07484e-07
327.9	6.99491e-07
327.92	6.9161e-07
327.94	6.83837e-07
327.96	6.76172e-07
327.98	6.68614e-07
328	6.6116e-07
328.02	6.53808e-07
328.04	6.46559e-07
328.06	6.39408e-07
328.08	6.32357e-07
328.1	6.25402e-07
328.12	6.18542e-07
328.14	6.11777e-07
328.16	6.05104e-07
328.18	5.98522e-07
328.2	5.9203e-07
328.22	5.85627e-07
328.24	5.7931e-07
328.26	5.7308e-07
328.28	5.66934e-07
328.3	5.60871e-07
328.32	5.54891e-07
328.34	5.48991e-07
328.36	5.43171e-07
328.38	5.37429e-07
328.4	5.31765e-07
328.42	5.26177e-07
328.44	5.20664e-07
328.46	5.15225e-07
328.48	5.09859e-07
328.5	5.04565e-07
328.52	4.99341e-07
328.54	4.94187e-07
328.56	4.89102e-07
328.58	4.84085e-07
328.6	4.79134e-07
328.62	4.74249e-07
328.64	4.69429e-07
328.66	4.64672e-07
328.68	4.59979e-07
328.7	4.55347e-07
328.72	4.50777e-07
328.74	4.46267e-07
328.76	4.41816e-07
328.78	4.37424e-07
328.8	4.33089e-07
328.82	4.28811e-07
328.84	4.24589e-07
328.86	4.20422e-07
328.88	4.1631e-07
328.9	4.12251e-07
328.92	4.08245e-07
328.94	4.04292e-07
328.96	4.00389e-07
328.98	3.96537e-07
329	3.92736e-07
329.02	3.88983e-07
329.04	3.85279e-07
329.06	3.81622e-07
329.08	3.78013e-07
329.1	3.7445e-07
329.12	3.70933e-07
329.14	3.67461e-07
329.16	3.64034e-07
329.18	3.60651e-07
329.2	3.57311e-07
329.22	3.54013e-07
329.24	3.50758e-07
329.26	3.47544e-07
329.28	3.44371e-07
329.3	3.41238e-07
329.32	3.38145e-07
329.34	3.35092e-07
329.36	3.32077e-07
329.38	3.291e-07
329.4	3.26161e-07
329.42	3.23259e-07
329.44	3.20393e-07
329.46	3.17563e-07
329.48	3.1477e-07
329.5	3.12011e-07
329.52	3.09286e-07
329.54	3.06596e-07
329.56	3.0394e-07
329.58	3.01317e-07
329.6	2.98726e-07
329.62	2.96168e-07
329.64	2.93642e-07
329.66	2.91147e-07
329.68	2.88683e-07
329.7	2.86249e-07
329.72	2.83846e-07
329.74	2.81473e-07
329.76	2.79129e-07
329.78	2.76814e-07
329.8	2.74527e-07
329.82	2.72269e-07
329.84	2.70038e-07
329.86	2.67835e-07
329.88	2.65659e-07
329.9	2.63509e-07
329.92	2.61386e-07
329.94	2.59289e-07
329.96	2.57218e-07
329.98	2.55172e-07
330	2.53151e-07
330.02	2.51154e-07
330.04	2.49182e-07
330.06	2.47234e-07
330.08	2.45309e-07
330.1	2.43408e-07
330.12	2.4153e-07
330.14	2.39674e-07
330.16	2.37842e-07
330.18	2.36031e-07
330.2	2.34242e-07
330.22	2.32475e-07
330.24	2.30729e-07
330.26	2.29004e-07
330.28	2.273e-07
330.3	2.25616e-07
330.32	2.23953e-07
330.34	2.22309e-07
330.36	2.20685e-07
330.38	2.19081e-07
330.4	2.17496e-07
330.42	2.1593e-07
330.44	2.14382e-07
330.46	2.12853e-07
330.48	2.11342e-07
330.5	2.0985e-07
330.52	2.08375e-07
330.54	2.06917e-07
330.56	2.05477e-07
330.58	2.04054e-07
330.6	2.02648e-07
330.62	2.01259e-07
330.64	1.99886e-07
330.66	1.98529e-07
330.68	1.97189e-07
330.7	1.95864e-07
330.72	1.94555e-07
330.74	1.93262e-07
330.76	1.91983e-07
330.78	1.9072e-07
330.8	1.89472e-07
330.82	1.88238e-07
330.84	1.87019e-07
330.86	1.85815e-07
330.88	1.84624e-07
330.9	1.83448e-07
330.92	1.82285e-07
330.94	1.81136e-07
330.96	1.80001e-07
330.98	1.78879e-07
331	1.7777e-07
331.02	1.76674e-07
331.04	1.75591e-07
331.06	1.74521e-07
331.08	1.73463e-07
331.1	1.72418e-07
331.12	1.71384e-07
331.14	1.70363e-07
331.16	1.69355e-07
331.18	1.68357e-07
331.2	1.67372e-07
331.22	1.66398e-07
331.24	1.65435e-07
331.26	1.64484e-07
331.28	1.63544e-07
331.3	1.62615e-07
331.32	1.61697e-07
331.34	1.60789e-07
331.36	1.59893e-07
331.38	1.59006e-07
331.4	1.58131e-07
331.42	1.57265e-07
331.44	1.56409e-07
331.46	1.55564e-07
331.48	1.54729e-07
331.5	1.53903e-07
331.52	1.53087e-07
331.54	1.52281e-07
331.56	1.51484e-07
331.58	1.50696e-07
331.6	1.49918e-07
331.62	1.49149e-07
331.64	1.48389e-07
331.66	1.47638e-07
331.68	1.46896e-07
331.7	1.46162e-07
331.72	1.45437e-07
331.74	1.44721e-07
331.76	1.44014e-07
331.78	1.43314e-07
331.8	1.42623e-07
331.82	1.4194e-07
331.84	1.41266e-07
331.86	1.40599e-07
331.88	1.3994e-07
331.9	1.3929e-07
331.92	1.38646e-07
331.94	1.38011e-07
331.96	1.37383e-07
331.98	1.36763e-07
332	1.3615e-07
332.02	1.35545e-07
332.04	1.34947e-07
332.06	1.34356e-07
332.08	1.33772e-07
332.1	1.33195e-07
332.12	1.32626e-07
332.14	1.32063e-07
332.16	1.31507e-07
332.18	1.30958e-07
332.2	1.30416e-07
332.22	1.2988e-07
332.24	1.29351e-07
332.26	1.28828e-07
332.28	1.28312e-07
332.3	1.27802e-07
332.32	1.27299e-07
332.34	1.26801e-07
332.36	1.2631e-07
332.38	1.25825e-07
332.4	1.25347e-07
332.42	1.24874e-07
332.44	1.24407e-07
332.46	1.23946e-07
332.48	1.23491e-07
332.5	1.23042e-07
332.52	1.22598e-07
332.54	1.22161e-07
332.56	1.21729e-07
332.58	1.21302e-07
332.6	1.20881e-07
332.62	1.20465e-07
332.64	1.20055e-07
332.66	1.1965e-07
332.68	1.19251e-07
332.7	1.18857e-07
332.72	1.18468e-07
332.74	1.18084e-07
332.76	1.17706e-07
332.78	1.17332e-07
332.8	1.16964e-07
332.82	1.16601e-07
332.84	1.16242e-07
332.86	1.15889e-07
332.88	1.1554e-07
332.9	1.15196e-07
332.92	1.14857e-07
332.94	1.14523e-07
332.96	1.14194e-07
332.98	1.13869e-07
333	1.13549e-07
333.02	1.13233e-07
333.04	1.12923e-07
333.06	1.12616e-07
333.08	1.12314e-07
333.1	1.12017e-07
333.12	1.11724e-07
333.14	1.11435e-07
333.16	1.11151e-07
333.18	1.10871e-07
333.2	1.10596e-07
333.22	1.10325e-07
333.24	1.10057e-07
333.26	1.09795e-07
333.28	1.09536e-07
333.3	1.09281e-07
333.32	1.09031e-07
333.34	1.08785e-07
333.36	1.08543e-07
333.38	1.08304e-07
333.4	1.0807e-07
333.42	1.0784e-07
333.44	1.07614e-07
333.46	1.07391e-07
333.48	1.07173e-07
333.5	1.06958e-07
333.52	1.06747e-07
333.54	1.06541e-07
333.56	1.06337e-07
333.58	1.06138e-07
333.6	1.05943e-07
333.62	1.05751e-07
333.64	1.05563e-07
333.66	1.05378e-07
333.68	1.05198e-07
333.7	1.0502e-07
333.72	1.04847e-07
333.74	1.04677e-07
333.76	1.04511e-07
333.78	1.04348e-07
333.8	1.04189e-07
333.82	1.04033e-07
333.84	1.03881e-07
333.86	1.03733e-07
333.88	1.03588e-07
333.9	1.03446e-07
333.92	1.03308e-07
333.94	1.03173e-07
333.96	1.03042e-07
333.98	1.02914e-07
334	1.02789e-07
334.02	1.02668e-07
334.04	1.0255e-07
334.06	1.02436e-07
334.08	1.02325e-07
334.1	1.02217e-07
334.12	1.02113e-07
334.14	1.02012e-07
334.16	1.01914e-07
334.18	1.01819e-07
334.2	1.01728e-07
334.22	1.0164e-07
334.24	1.01555e-07
334.26	1.01473e-07
334.28	1.01395e-07
334.3	1.0132e-07
334.32	1.01248e-07
334.34	1.01179e-07
334.36	1.01113e-07
334.38	1.01051e-07
334.4	1.00992e-07
334.42	1.00936e-07
334.44	1.00883e-07
334.46	1.00833e-07
334.48	1.00786e-07
334.5	1.00743e-07
334.52	1.00703e-07
334.54	1.00666e-07
334.56	1.00632e-07
334.58	1.00601e-07
334.6	1.00573e-07
334.62	1.00548e-07
334.64	1.00527e-07
334.66	1.00508e-07
334.68	1.00493e-07
334.7	1.00481e-07
334.72	1.00472e-07
334.74	1.00466e-07
334.76	1.00463e-07
334.78	1.00463e-07
334.8	1.00466e-07
334.82	1.00473e-07
334.84	1.00482e-07
334.86	1.00495e-07
334.88	1.0051e-07
334.9	1.00529e-07
334.92	1.00551e-07
334.94	1.00576e-07
334.96	1.00604e-07
334.98	1.00636e-07
335	1.0067e-07
335.02	1.00708e-07
335.04	1.00748e-07
335.06	1.00792e-07
335.08	1.00839e-07
335.1	1.00889e-07
335.12	1.00942e-07
335.14	1.00999e-07
335.16	1.01058e-07
335.18	1.01121e-07
335.2	1.01187e-07
335.22	1.01256e-07
335.24	1.01328e-07
335.26	1.01404e-07
335.28	1.01482e-07
335.3	1.01564e-07
335.32	1.0165e-07
335.34	1.01738e-07
335.36	1.0183e-07
335.38	1.01925e-07
335.4	1.02023e-07
335.42	1.02124e-07
335.44	1.02229e-07
335.46	1.02337e-07
335.48	1.02448e-07
335.5	1.02563e-07
335.52	1.02681e-07
335.54	1.02803e-07
335.56	1.02928e-07
335.58	1.03056e-07
335.6	1.03188e-07
335.62	1.03323e-07
335.64	1.03461e-07
335.66	1.03603e-07
335.68	1.03749e-07
335.7	1.03898e-07
335.72	1.0405e-07
335.74	1.04206e-07
335.76	1.04366e-07
335.78	1.04529e-07
335.8	1.04696e-07
335.82	1.04867e-07
335.84	1.05041e-07
335.86	1.05219e-07
335.88	1.054e-07
335.9	1.05585e-07
335.92	1.05774e-07
335.94	1.05967e-07
335.96	1.06164e-07
335.98	1.06364e-07
336	1.06569e-07
336.02	1.06777e-07
336.04	1.06989e-07
336.06	1.07205e-07
336.08	1.07425e-07
336.1	1.07649e-07
336.12	1.07877e-07
336.14	1.08109e-07
336.16	1.08346e-07
336.18	1.08586e-07
336.2	1.08831e-07
336.22	1.0908e-07
336.24	1.09333e-07
336.26	1.0959e-07
336.28	1.09852e-07
336.3	1.10118e-07
336.32	1.10389e-07
336.34	1.10664e-07
336.36	1.10944e-07
336.38	1.11228e-07
336.4	1.11516e-07
336.42	1.1181e-07
336.44	1.12108e-07
336.46	1.1241e-07
336.48	1.12718e-07
336.5	1.1303e-07
336.52	1.13348e-07
336.54	1.1367e-07
336.56	1.13997e-07
336.58	1.1433e-07
336.6	1.14667e-07
336.62	1.1501e-07
336.64	1.15357e-07
336.66	1.1571e-07
336.68	1.16069e-07
336.7	1.16433e-07
336.72	1.16802e-07
336.74	1.17177e-07
336.76	1.17558e-07
336.78	1.17944e-07
336.8	1.18336e-07
336.82	1.18734e-07
336.84	1.19138e-07
336.86	1.19547e-07
336.88	1.19963e-07
336.9	1.20385e-07
336.92	1.20813e-07
336.94	1.21248e-07
336.96	1.21689e-07
336.98	1.22137e-07
337	1.22591e-07
337.02	1.23051e-07
337.04	1.23519e-07
337.06	1.23994e-07
337.08	1.24475e-07
337.1	1.24964e-07
337.12	1.25459e-07
337.14	1.25963e-07
337.16	1.26473e-07
337.18	1.26991e-07
337.2	1.27517e-07
337.22	1.28051e-07
337.24	1.28592e-07
337.26	1.29142e-07
337.28	1.29699e-07
337.3	1.30266e-07
337.32	1.3084e-07
337.34	1.31423e-07
337.36	1.32015e-07
337.38	1.32616e-07
337.4	1.33226e-07
337.42	1.33845e-07
337.44	1.34474e-07
337.46	1.35112e-07
337.48	1.3576e-07
337.5	1.36418e-07
337.52	1.37086e-07
337.54	1.37765e-07
337.56	1.38453e-07
337.58	1.39153e-07
337.6	1.39864e-07
337.62	1.40586e-07
337.64	1.41319e-07
337.66	1.42064e-07
337.68	1.42821e-07
337.7	1.4359e-07
337.72	1.44372e-07
337.74	1.45166e-07
337.76	1.45974e-07
337.78	1.46794e-07
337.8	1.47628e-07
337.82	1.48477e-07
337.84	1.49339e-07
337.86	1.50216e-07
337.88	1.51108e-07
337.9	1.52015e-07
337.92	1.52938e-07
337.94	1.53877e-07
337.96	1.54833e-07
337.98	1.55806e-07
338	1.56796e-07
338.02	1.57804e-07
338.04	1.5883e-07
338.06	1.59876e-07
338.08	1.60941e-07
338.1	1.62026e-07
338.12	1.63131e-07
338.14	1.64258e-07
338.16	1.65407e-07
338.18	1.66579e-07
338.2	1.67774e-07
338.22	1.68993e-07
338.24	1.70237e-07
338.26	1.71507e-07
338.28	1.72804e-07
338.3	1.74129e-07
338.32	1.75482e-07
338.34	1.76866e-07
338.36	1.7828e-07
338.38	1.79727e-07
338.4	1.81208e-07
338.42	1.82724e-07
338.44	1.84276e-07
338.46	1.85867e-07
338.48	1.87499e-07
338.5	1.89172e-07
338.52	1.9089e-07
338.54	1.92655e-07
338.56	1.94469e-07
338.58	1.96335e-07
338.6	1.98256e-07
338.62	2.00236e-07
338.64	2.02279e-07
338.66	2.04389e-07
338.68	2.0657e-07
338.7	2.08829e-07
338.72	2.11172e-07
338.74	2.13606e-07
338.76	2.1614e-07
338.78	2.18784e-07
338.8	2.2155e-07
338.82	2.24455e-07
338.84	2.27515e-07
338.86	2.30755e-07
338.88	2.34207e-07
338.9	2.37911e-07
338.92	2.41927e-07
338.94	2.46344e-07
338.96	2.51303e-07
338.98	2.57054e-07
339	2.6411e-07
339.02	2.73723e-07
339.04	2.89545e-07
339.06	3.25073e-07
339.08	4.30157e-07
339.1	7.21728e-07
339.12	1.43382e-06
339.14	3.08703e-06
339.16	6.54929e-06
339.18	1.29462e-05
339.2	2.37968e-05
339.22	4.11174e-05
339.24	6.68644e-05
339.26	0.000101933
339.28	0.00014535
339.3	0.000194231
339.32	0.00024497
339.34	0.000294622
339.36	0.000341312
339.38	0.000384037
339.4	0.000422403
339.42	0.00045649
339.44	0.000486711
339.46	0.000513641
339.48	0.000537855
339.5	0.000559863
339.52	0.00058008
339.54	0.000598833
339.56	0.00061637
339.58	0.000632881
339.6	0.000648507
339.62	0.000663355
339.64	0.000677503
339.66	0.000691008
339.68	0.000703913
339.7	0.000716249
339.72	0.00072804
339.74	0.000739304
339.76	0.000750056
339.78	0.000760307
339.8	0.00077007
339.82	0.000779352
339.84	0.000788165
339.86	0.000796517
339.88	0.000804417
339.9	0.000811873
339.92	0.000818895
339.94	0.000825492
339.96	0.000831673
339.98	0.000837446
340	0.00084282
340.02	0.000847804
340.04	0.000852407
340.06	0.000856637
340.08	0.000860502
340.1	0.000864011
340.12	0.000867173
340.14	0.000869994
340.16	0.000872483
340.18	0.000874648
340.2	0.000876495
340.22	0.000878032
340.24	0.000879267
340.26	0.000880206
340.28	0.000880855
340.3	0.000881222
340.32	0.000881314
340.34	0.000881136
340.36	0.000880696
340.38	0.000879999
340.4	0.000879051
340.42	0.000877859
340.44	0.000876429
340.46	0.000874766
340.48	0.000872876
340.5	0.000870766
340.52	0.00086844
340.54	0.000865905
340.56	0.000863166
340.58	0.000860228
340.6	0.000857098
340.62	0.000853779
340.64	0.000850279
340.66	0.000846601
340.68	0.000842752
340.7	0.000838737
340.72	0.00083456
340.74	0.000830228
340.76	0.000825745
340.78	0.000821116
340.8	0.000816346
340.82	0.000811441
340.84	0.000806406
340.86	0.000801244
340.88	0.000795962
340.9	0.000790564
340.92	0.000785055
340.94	0.000779439
340.96	0.000773722
340.98	0.000767908
341	0.000762001
341.02	0.000756007
341.04	0.000749929
341.06	0.000743773
341.08	0.000737541
341.1	0.00073124
341.12	0.000724873
341.14	0.000718443
341.16	0.000711957
341.18	0.000705416
341.2	0.000698826
341.22	0.00069219
341.24	0.000685513
341.26	0.000678797
341.28	0.000672047
341.3	0.000665266
341.32	0.000658458
341.34	0.000651626
341.36	0.000644774
341.38	0.000637905
341.4	0.000631022
341.42	0.000624129
341.44	0.000617228
341.46	0.000610323
341.48	0.000603416
341.5	0.00059651
341.52	0.000589609
341.54	0.000582714
341.56	0.000575829
341.58	0.000568956
341.6	0.000562097
341.62	0.000555254
341.64	0.000548431
341.66	0.000541629
341.68	0.00053485
341.7	0.000528097
341.72	0.000521371
341.74	0.000514675
341.76	0.00050801
341.78	0.000501377
341.8	0.00049478
341.82	0.000488218
341.84	0.000481695
341.86	0.000475211
341.88	0.000468768
341.9	0.000462367
341.92	0.000456009
341.94	0.000449696
341.96	0.000443429
341.98	0.000437209
342	0.000431037
342.02	0.000424914
342.04	0.000418841
342.06	0.000412819
342.08	0.000406849
342.1	0.000400931
342.12	0.000395067
342.14	0.000389256
342.16	0.0003835
342.18	0.000377799
342.2	0.000372153
342.22	0.000366564
342.24	0.000361031
342.26	0.000355555
342.28	0.000350136
342.3	0.000344776
342.32	0.000339473
342.34	0.000334228
342.36	0.000329041
342.38	0.000323913
342.4	0.000318844
342.42	0.000313834
342.44	0.000308882
342.46	0.000303989
342.48	0.000299155
342.5	0.00029438
342.52	0.000289664
342.54	0.000285006
342.56	0.000280407
342.58	0.000275866
342.6	0.000271384
342.62	0.00026696
342.64	0.000262594
342.66	0.000258286
342.68	0.000254035
342.7	0.000249841
342.72	0.000245705
342.74	0.000241625
342.76	0.000237601
342.78	0.000233633
342.8	0.000229721
342.82	0.000225864
342.84	0.000222063
342.86	0.000218315
342.88	0.000214622
342.9	0.000210983
342.92	0.000207397
342.94	0.000203864
342.96	0.000200383
342.98	0.000196954
343	0.000193577
343.02	0.000190251
343.04	0.000186975
343.06	0.00018375
343.08	0.000180574
343.1	0.000177447
343.12	0.000174369
343.14	0.000171339
343.16	0.000168357
343.18	0.000165421
343.2	0.000162532
343.22	0.00015969
343.24	0.000156892
343.26	0.00015414
343.28	0.000151432
343.3	0.000148768
343.32	0.000146148
343.34	0.00014357
343.36	0.000141035
343.38	0.000138542
343.4	0.00013609
343.42	0.000133678
343.44	0.000131307
343.46	0.000128976
343.48	0.000126684
343.5	0.00012443
343.52	0.000122215
343.54	0.000120037
343.56	0.000117896
343.58	0.000115792
343.6	0.000113724
343.62	0.000111691
343.64	0.000109693
343.66	0.00010773
343.68	0.000105801
343.7	0.000103905
343.72	0.000102043
343.74	0.000100213
343.76	9.84147e-05
343.78	9.66483e-05
343.8	9.49128e-05
343.82	9.3208e-05
343.84	9.15333e-05
343.86	8.98882e-05
343.88	8.82723e-05
343.9	8.66852e-05
343.92	8.51263e-05
343.94	8.35952e-05
343.96	8.20915e-05
343.98	8.06147e-05
344	7.91644e-05
344.02	7.77401e-05
344.04	7.63415e-05
344.06	7.49681e-05
344.08	7.36195e-05
344.1	7.22953e-05
344.12	7.09951e-05
344.14	6.97184e-05
344.16	6.84649e-05
344.18	6.72341e-05
344.2	6.60258e-05
344.22	6.48395e-05
344.24	6.36748e-05
344.26	6.25314e-05
344.28	6.14089e-05
344.3	6.03069e-05
344.32	5.92251e-05
344.34	5.81631e-05
344.36	5.71206e-05
344.38	5.60972e-05
344.4	5.50927e-05
344.42	5.41066e-05
344.44	5.31386e-05
344.46	5.21885e-05
344.48	5.12559e-05
344.5	5.03404e-05
344.52	4.94418e-05
344.54	4.85599e-05
344.56	4.76941e-05
344.58	4.68444e-05
344.6	4.60104e-05
344.62	4.51918e-05
344.64	4.43883e-05
344.66	4.35997e-05
344.68	4.28256e-05
344.7	4.20659e-05
344.72	4.13202e-05
344.74	4.05883e-05
344.76	3.987e-05
344.78	3.91649e-05
344.8	3.84729e-05
344.82	3.77937e-05
344.84	3.71271e-05
344.86	3.64728e-05
344.88	3.58306e-05
344.9	3.52003e-05
344.92	3.45817e-05
344.94	3.39744e-05
344.96	3.33785e-05
344.98	3.27935e-05
345	3.22194e-05
345.02	3.16558e-05
345.04	3.11027e-05
345.06	3.05598e-05
345.08	3.00269e-05
345.1	2.95038e-05
345.12	2.89904e-05
345.14	2.84865e-05
345.16	2.79918e-05
345.18	2.75063e-05
345.2	2.70297e-05
345.22	2.65618e-05
345.24	2.61026e-05
345.26	2.56518e-05
345.28	2.52093e-05
345.3	2.4775e-05
345.32	2.43486e-05
345.34	2.393e-05
345.36	2.35191e-05
345.38	2.31157e-05
345.4	2.27197e-05
345.42	2.23309e-05
345.44	2.19493e-05
345.46	2.15746e-05
345.48	2.12067e-05
345.5	2.08456e-05
345.52	2.04911e-05
345.54	2.0143e-05
345.56	1.98012e-05
345.58	1.94657e-05
345.6	1.91362e-05
345.62	1.88127e-05
345.64	1.84951e-05
345.66	1.81833e-05
345.68	1.78771e-05
345.7	1.75764e-05
345.72	1.72812e-05
345.74	1.69913e-05
345.76	1.67066e-05
345.78	1.64271e-05
345.8	1.61525e-05
345.82	1.5883e-05
345.84	1.56182e-05
345.86	1.53583e-05
345.88	1.51029e-05
345.9	1.48522e-05
345.92	1.4606e-05
345.94	1.43641e-05
345.96	1.41266e-05
345.98	1.38933e-05
346	1.36641e-05
346.02	1.34391e-05
346.04	1.3218e-05
346.06	1.30009e-05
346.08	1.27876e-05
346.1	1.25782e-05
346.12	1.23724e-05
346.14	1.21702e-05
346.16	1.19717e-05
346.18	1.17766e-05
346.2	1.1585e-05
346.22	1.13968e-05
346.24	1.12118e-05
346.26	1.10302e-05
346.28	1.08517e-05
346.3	1.06763e-05
346.32	1.0504e-05
346.34	1.03347e-05
346.36	1.01684e-05
346.38	1.0005e-05
346.4	9.84441e-06
346.42	9.68663e-06
346.44	9.5316e-06
346.46	9.37926e-06
346.48	9.22957e-06
346.5	9.08247e-06
346.52	8.93792e-06
346.54	8.79586e-06
346.56	8.65626e-06
346.58	8.51907e-06
346.6	8.38425e-06
346.62	8.25174e-06
346.64	8.12152e-06
346.66	7.99353e-06
346.68	7.86773e-06
346.7	7.74409e-06
346.72	7.62257e-06
346.74	7.50313e-06
346.76	7.38572e-06
346.78	7.27032e-06
346.8	7.15688e-06
346.82	7.04538e-06
346.84	6.93577e-06
346.86	6.82802e-06
346.88	6.7221e-06
346.9	6.61797e-06
346.92	6.5156e-06
346.94	6.41496e-06
346.96	6.31603e-06
346.98	6.21875e-06
347	6.12312e-06
347.02	6.0291e-06
347.04	5.93665e-06
347.06	5.84576e-06
347.08	5.75639e-06
347.1	5.66852e-06
347.12	5.58212e-06
347.14	5.49715e-06
347.16	5.41361e-06
347.18	5.33146e-06
347.2	5.25068e-06
347.22	5.17124e-06
347.24	5.09311e-06
347.26	5.01629e-06
347.28	4.94073e-06
347.3	4.86643e-06
347.32	4.79336e-06
347.34	4.72149e-06
347.36	4.65081e-06
347.38	4.58129e-06
347.4	4.51291e-06
347.42	4.44566e-06
347.44	4.37951e-06
347.46	4.31445e-06
347.48	4.25045e-06
347.5	4.1875e-06
347.52	4.12558e-06
347.54	4.06466e-06
347.56	4.00474e-06
347.58	3.9458e-06
347.6	3.88781e-06
347.62	3.83077e-06
347.64	3.77465e-06
347.66	3.71944e-06
347.68	3.66513e-06
347.7	3.61169e-06
347.72	3.55912e-06
347.74	3.50739e-06
347.76	3.4565e-06
347.78	3.40642e-06
347.8	3.35715e-06
347.82	3.30868e-06
347.84	3.26097e-06
347.86	3.21404e-06
347.88	3.16785e-06
347.9	3.12241e-06
347.92	3.07768e-06
347.94	3.03368e-06
347.96	2.99037e-06
347.98	2.94775e-06
348	2.90581e-06
348.02	2.86453e-06
348.04	2.82391e-06
348.06	2.78393e-06
348.08	2.74458e-06
348.1	2.70586e-06
348.12	2.66775e-06
348.14	2.63023e-06
348.16	2.59331e-06
348.18	2.55697e-06
348.2	2.5212e-06
348.22	2.48599e-06
348.24	2.45133e-06
348.26	2.41721e-06
348.28	2.38363e-06
348.3	2.35057e-06
348.32	2.31803e-06
348.34	2.286e-06
348.36	2.25446e-06
348.38	2.22341e-06
348.4	2.19285e-06
348.42	2.16276e-06
348.44	2.13313e-06
348.46	2.10397e-06
348.48	2.07525e-06
348.5	2.04698e-06
348.52	2.01915e-06
348.54	1.99174e-06
348.56	1.96475e-06
348.58	1.93818e-06
348.6	1.91202e-06
348.62	1.88625e-06
348.64	1.86089e-06
348.66	1.83591e-06
348.68	1.81131e-06
348.7	1.78709e-06
348.72	1.76323e-06
348.74	1.73974e-06
348.76	1.71661e-06
348.78	1.69383e-06
348.8	1.6714e-06
348.82	1.6493e-06
348.84	1.62754e-06
348.86	1.60611e-06
348.88	1.585e-06
348.9	1.56421e-06
348.92	1.54373e-06
348.94	1.52357e-06
348.96	1.5037e-06
348.98	1.48413e-06
349	1.46486e-06
349.02	1.44588e-06
349.04	1.42718e-06
349.06	1.40876e-06
349.08	1.39061e-06
349.1	1.37273e-06
349.12	1.35512e-06
349.14	1.33778e-06
349.16	1.32069e-06
349.18	1.30385e-06
349.2	1.28726e-06
349.22	1.27092e-06
349.24	1.25482e-06
349.26	1.23896e-06
349.28	1.22333e-06
349.3	1.20794e-06
349.32	1.19277e-06
349.34	1.17782e-06
349.36	1.16309e-06
349.38	1.14858e-06
349.4	1.13427e-06
349.42	1.12018e-06
349.44	1.1063e-06
349.46	1.09262e-06
349.48	1.07913e-06
349.5	1.06584e-06
349.52	1.05275e-06
349.54	1.03985e-06
349.56	1.02713e-06
349.58	1.0146e-06
349.6	1.00224e-06
349.62	9.90071e-07
349.64	9.78074e-07
349.66	9.66249e-07
349.68	9.54595e-07
349.7	9.43108e-07
349.72	9.31786e-07
349.74	9.20627e-07
349.76	9.09627e-07
349.78	8.98785e-07
349.8	8.88097e-07
349.82	8.77562e-07
349.84	8.67178e-07
349.86	8.5694e-07
349.88	8.46849e-07
349.9	8.369e-07
349.92	8.27093e-07
349.94	8.17424e-07
349.96	8.07893e-07
349.98	7.98495e-07
350	7.89231e-07
350.02	7.80096e-07
350.04	7.7109e-07
350.06	7.62211e-07
350.08	7.53456e-07
350.1	7.44824e-07
350.12	7.36313e-07
350.14	7.27921e-07
350.16	7.19645e-07
350.18	7.11485e-07
350.2	7.03439e-07
350.22	6.95505e-07
350.24	6.8768e-07
350.26	6.79964e-07
350.28	6.72355e-07
350.3	6.64852e-07
350.32	6.57451e-07
350.34	6.50153e-07
350.36	6.42956e-07
350.38	6.35857e-07
350.4	6.28856e-07
350.42	6.21952e-07
350.44	6.15141e-07
350.46	6.08424e-07
350.48	6.01799e-07
350.5	5.95264e-07
350.52	5.88818e-07
350.54	5.8246e-07
350.56	5.76189e-07
350.58	5.70002e-07
350.6	5.639e-07
350.62	5.5788e-07
350.64	5.51942e-07
350.66	5.46084e-07
350.68	5.40305e-07
350.7	5.34603e-07
350.72	5.28979e-07
350.74	5.2343e-07
350.76	5.17955e-07
350.78	5.12554e-07
350.8	5.07226e-07
350.82	5.01968e-07
350.84	4.96781e-07
350.86	4.91662e-07
350.88	4.86613e-07
350.9	4.8163e-07
350.92	4.76713e-07
350.94	4.71862e-07
350.96	4.67074e-07
350.98	4.62351e-07
351	4.57689e-07
351.02	4.53089e-07
351.04	4.4855e-07
351.06	4.44071e-07
351.08	4.3965e-07
351.1	4.35287e-07
351.12	4.30982e-07
351.14	4.26733e-07
351.16	4.2254e-07
351.18	4.18401e-07
351.2	4.14316e-07
351.22	4.10285e-07
351.24	4.06306e-07
351.26	4.02378e-07
351.28	3.98502e-07
351.3	3.94676e-07
351.32	3.90899e-07
351.34	3.87172e-07
351.36	3.83492e-07
351.38	3.7986e-07
351.4	3.76274e-07
351.42	3.72735e-07
351.44	3.69241e-07
351.46	3.65792e-07
351.48	3.62388e-07
351.5	3.59026e-07
351.52	3.55708e-07
351.54	3.52432e-07
351.56	3.49198e-07
351.58	3.46005e-07
351.6	3.42853e-07
351.62	3.3974e-07
351.64	3.36667e-07
351.66	3.33634e-07
351.68	3.30638e-07
351.7	3.2768e-07
351.72	3.2476e-07
351.74	3.21877e-07
351.76	3.19029e-07
351.78	3.16218e-07
351.8	3.13442e-07
351.82	3.10701e-07
351.84	3.07994e-07
351.86	3.05321e-07
351.88	3.02681e-07
351.9	3.00075e-07
351.92	2.97501e-07
351.94	2.94959e-07
351.96	2.92448e-07
351.98	2.89969e-07
352	2.8752e-07
352.02	2.85102e-07
352.04	2.82714e-07
352.06	2.80356e-07
352.08	2.78026e-07
352.1	2.75725e-07
352.12	2.73453e-07
352.14	2.71209e-07
352.16	2.68992e-07
352.18	2.66802e-07
352.2	2.6464e-07
352.22	2.62504e-07
352.24	2.60394e-07
352.26	2.5831e-07
352.28	2.56251e-07
352.3	2.54217e-07
352.32	2.52209e-07
352.34	2.50224e-07
352.36	2.48264e-07
352.38	2.46328e-07
352.4	2.44415e-07
352.42	2.42525e-07
352.44	2.40659e-07
352.46	2.38815e-07
352.48	2.36993e-07
352.5	2.35193e-07
352.52	2.33415e-07
352.54	2.31658e-07
352.56	2.29923e-07
352.58	2.28208e-07
352.6	2.26514e-07
352.62	2.24841e-07
352.64	2.23187e-07
352.66	2.21553e-07
352.68	2.19939e-07
352.7	2.18345e-07
352.72	2.16769e-07
352.74	2.15212e-07
352.76	2.13674e-07
352.78	2.12154e-07
352.8	2.10652e-07
352.82	2.09168e-07
352.84	2.07702e-07
352.86	2.06253e-07
352.88	2.04821e-07
352.9	2.03407e-07
352.92	2.02009e-07
352.94	2.00628e-07
352.96	1.99263e-07
352.98	1.97914e-07
353	1.96581e-07
353.02	1.95264e-07
353.04	1.93963e-07
353.06	1.92677e-07
353.08	1.91406e-07
353.1	1.9015e-07
353.12	1.88909e-07
353.14	1.87683e-07
353.16	1.86471e-07
353.18	1.85273e-07
353.2	1.84089e-07
353.22	1.8292e-07
353.24	1.81764e-07
353.26	1.80622e-07
353.28	1.79493e-07
353.3	1.78377e-07
353.32	1.77274e-07
353.34	1.76185e-07
353.36	1.75108e-07
353.38	1.74044e-07
353.4	1.72992e-07
353.42	1.71953e-07
353.44	1.70925e-07
353.46	1.6991e-07
353.48	1.68907e-07
353.5	1.67916e-07
353.52	1.66936e-07
353.54	1.65967e-07
353.56	1.6501e-07
353.58	1.64064e-07
353.6	1.63129e-07
353.62	1.62206e-07
353.64	1.61293e-07
353.66	1.6039e-07
353.68	1.59499e-07
353.7	1.58617e-07
353.72	1.57746e-07
353.74	1.56886e-07
353.76	1.56035e-07
353.78	1.55194e-07
353.8	1.54364e-07
353.82	1.53543e-07
353.84	1.52731e-07
353.86	1.51929e-07
353.88	1.51137e-07
353.9	1.50354e-07
353.92	1.4958e-07
353.94	1.48815e-07
353.96	1.48059e-07
353.98	1.47313e-07
354	1.46574e-07
354.02	1.45845e-07
354.04	1.45124e-07
354.06	1.44412e-07
354.08	1.43709e-07
354.1	1.43013e-07
354.12	1.42326e-07
354.14	1.41647e-07
354.16	1.40976e-07
354.18	1.40313e-07
354.2	1.39658e-07
354.22	1.39011e-07
354.24	1.38371e-07
354.26	1.3774e-07
354.28	1.37115e-07
354.3	1.36499e-07
354.32	1.35889e-07
354.34	1.35287e-07
354.36	1.34692e-07
354.38	1.34105e-07
354.4	1.33524e-07
354.42	1.32951e-07
354.44	1.32384e-07
354.46	1.31825e-07
354.48	1.31272e-07
354.5	1.30726e-07
354.52	1.30187e-07
354.54	1.29654e-07
354.56	1.29128e-07
354.58	1.28608e-07
354.6	1.28095e-07
354.62	1.27588e-07
354.64	1.27087e-07
354.66	1.26593e-07
354.68	1.26105e-07
354.7	1.25623e-07
354.72	1.25147e-07
354.74	1.24677e-07
354.76	1.24212e-07
354.78	1.23754e-07
354.8	1.23302e-07
354.82	1.22855e-07
354.84	1.22414e-07
354.86	1.21979e-07
354.88	1.21549e-07
354.9	1.21125e-07
354.92	1.20707e-07
354.94	1.20293e-07
354.96	1.19886e-07
354.98	1.19483e-07
355	1.19086e-07
355.02	1.18694e-07
355.04	1.18308e-07
355.06	1.17926e-07
355.08	1.1755e-07
355.1	1.17179e-07
355.12	1.16813e-07
355.14	1.16451e-07
355.16	1.16095e-07
355.18	1.15744e-07
355.2	1.15397e-07
355.22	1.15056e-07
355.24	1.14719e-07
355.26	1.14387e-07
355.28	1.14059e-07
355.3	1.13737e-07
355.32	1.13419e-07
355.34	1.13105e-07
355.36	1.12796e-07
355.38	1.12492e-07
355.4	1.12192e-07
355.42	1.11896e-07
355.44	1.11605e-07
355.46	1.11318e-07
355.48	1.11036e-07
355.5	1.10758e-07
355.52	1.10484e-07
355.54	1.10215e-07
355.56	1.09949e-07
355.58	1.09688e-07
355.6	1.09431e-07
355.62	1.09179e-07
355.64	1.0893e-07
355.66	1.08685e-07
355.68	1.08445e-07
355.7	1.08208e-07
355.72	1.07975e-07
355.74	1.07747e-07
355.76	1.07522e-07
355.78	1.07301e-07
355.8	1.07085e-07
355.82	1.06872e-07
355.84	1.06662e-07
355.86	1.06457e-07
355.88	1.06255e-07
355.9	1.06058e-07
355.92	1.05864e-07
355.94	1.05673e-07
355.96	1.05487e-07
355.98	1.05304e-07
356	1.05124e-07
356.02	1.04949e-07
356.04	1.04777e-07
356.06	1.04608e-07
356.08	1.04443e-07
356.1	1.04282e-07
356.12	1.04124e-07
356.14	1.0397e-07
356.16	1.03819e-07
356.18	1.03672e-07
356.2	1.03528e-07
356.22	1.03388e-07
356.24	1.03251e-07
356.26	1.03118e-07
356.28	1.02987e-07
356.3	1.02861e-07
356.32	1.02738e-07
356.34	1.02618e-07
356.36	1.02501e-07
356.38	1.02388e-07
356.4	1.02278e-07
356.42	1.02171e-07
356.44	1.02068e-07
356.46	1.01968e-07
356.48	1.01872e-07
356.5	1.01778e-07
356.52	1.01688e-07
356.54	1.01601e-07
356.56	1.01517e-07
356.58	1.01437e-07
356.6	1.0136e-07
356.62	1.01285e-07
356.64	1.01215e-07
356.66	1.01147e-07
356.68	1.01082e-07
356.7	1.01021e-07
356.72	1.00963e-07
356.74	1.00908e-07
356.76	1.00856e-07
356.78	1.00808e-07
356.8	1.00762e-07
356.82	1.0072e-07
356.84	1.0068e-07
356.86	1.00644e-07
356.88	1.00611e-07
356.9	1.00581e-07
356.92	1.00555e-07
356.94	1.00531e-07
356.96	1.0051e-07
356.98	1.00493e-07
357	1.00479e-07
357.02	1.00467e-07
357.04	1.00459e-07
357.06	1.00454e-07
357.08	1.00452e-07
357.1	1.00453e-07
357.12	1.00458e-07
357.14	1.00465e-07
357.16	1.00476e-07
357.18	1.00489e-07
357.2	1.00506e-07
357.22	1.00526e-07
357.24	1.00548e-07
357.26	1.00574e-07
357.28	1.00603e-07
357.3	1.00636e-07
357.32	1.00671e-07
357.34	1.00709e-07
357.36	1.00751e-07
357.38	1.00796e-07
357.4	1.00843e-07
357.42	1.00894e-07
357.44	1.00949e-07
357.46	1.01006e-07
357.48	1.01066e-07
357.5	1.0113e-07
357.52	1.01197e-07
357.54	1.01267e-07
357.56	1.0134e-07
357.58	1.01416e-07
357.6	1.01496e-07
357.62	1.01578e-07
357.64	1.01664e-07
357.66	1.01754e-07
357.68	1.01846e-07
357.7	1.01942e-07
357.72	1.02041e-07
357.74	1.02143e-07
357.76	1.02249e-07
357.78	1.02358e-07
357.8	1.0247e-07
357.82	1.02586e-07
357.84	1.02704e-07
357.86	1.02827e-07
357.88	1.02952e-07
357.9	1.03081e-07
357.92	1.03214e-07
357.94	1.0335e-07
357.96	1.03489e-07
357.98	1.03632e-07
358	1.03778e-07
358.02	1.03928e-07
358.04	1.04082e-07
358.06	1.04238e-07
358.08	1.04399e-07
358.1	1.04563e-07
358.12	1.04731e-07
358.14	1.04902e-07
358.16	1.05077e-07
358.18	1.05255e-07
358.2	1.05438e-07
358.22	1.05624e-07
358.24	1.05814e-07
358.26	1.06007e-07
358.28	1.06205e-07
358.3	1.06406e-07
358.32	1.06611e-07
358.34	1.0682e-07
358.36	1.07033e-07
358.38	1.0725e-07
358.4	1.07471e-07
358.42	1.07695e-07
358.44	1.07924e-07
358.46	1.08157e-07
358.48	1.08394e-07
358.5	1.08636e-07
358.52	1.08881e-07
358.54	1.09131e-07
358.56	1.09385e-07
358.58	1.09643e-07
358.6	1.09906e-07
358.62	1.10172e-07
358.64	1.10444e-07
358.66	1.1072e-07
358.68	1.11e-07
358.7	1.11285e-07
358.72	1.11574e-07
358.74	1.11869e-07
358.76	1.12167e-07
358.78	1.12471e-07
358.8	1.12779e-07
358.82	1.13093e-07
358.84	1.13411e-07
358.86	1.13734e-07
358.88	1.14062e-07
358.9	1.14395e-07
358.92	1.14733e-07
358.94	1.15077e-07
358.96	1.15425e-07
358.98	1.15779e-07
359	1.16138e-07
359.02	1.16503e-07
359.04	1.16873e-07
359.06	1.17249e-07
359.08	1.1763e-07
359.1	1.18018e-07
359.12	1.1841e-07
359.14	1.18809e-07
359.16	1.19214e-07
359.18	1.19624e-07
359.2	1.20041e-07
359.22	1.20464e-07
359.24	1.20893e-07
359.26	1.21329e-07
359.28	1.2177e-07
359.3	1.22219e-07
359.32	1.22674e-07
359.34	1.23136e-07
359.36	1.23604e-07
359.38	1.24079e-07
359.4	1.24562e-07
359.42	1.25051e-07
359.44	1.25548e-07
359.46	1.26052e-07
359.48	1.26564e-07
359.5	1.27083e-07
359.52	1.27609e-07
359.54	1.28144e-07
359.56	1.28686e-07
359.58	1.29237e-07
359.6	1.29796e-07
359.62	1.30363e-07
359.64	1.30938e-07
359.66	1.31522e-07
359.68	1.32115e-07
359.7	1.32717e-07
359.72	1.33328e-07
359.74	1.33948e-07
359.76	1.34578e-07
359.78	1.35217e-07
359.8	1.35866e-07
359.82	1.36525e-07
359.84	1.37195e-07
359.86	1.37874e-07
359.88	1.38564e-07
359.9	1.39265e-07
359.92	1.39977e-07
359.94	1.407e-07
359.96	1.41434e-07
359.98	1.42181e-07
360	1.42939e-07
360.02	1.43709e-07
360.04	1.44492e-07
360.06	1.45287e-07
360.08	1.46096e-07
360.1	1.46918e-07
360.12	1.47753e-07
360.14	1.48603e-07
360.16	1.49467e-07
360.18	1.50345e-07
360.2	1.51238e-07
360.22	1.52147e-07
360.24	1.53071e-07
360.26	1.54012e-07
360.28	1.54969e-07
360.3	1.55943e-07
360.32	1.56935e-07
360.34	1.57944e-07
360.36	1.58972e-07
360.38	1.60019e-07
360.4	1.61086e-07
360.42	1.62172e-07
360.44	1.6328e-07
360.46	1.64408e-07
360.48	1.65559e-07
360.5	1.66732e-07
360.52	1.67929e-07
360.54	1.6915e-07
360.56	1.70396e-07
360.58	1.71668e-07
360.6	1.72967e-07
360.62	1.74293e-07
360.64	1.75649e-07
360.66	1.77035e-07
360.68	1.78451e-07
360.7	1.799e-07
360.72	1.81383e-07
360.74	1.82902e-07
360.76	1.84457e-07
360.78	1.8605e-07
360.8	1.87684e-07
360.82	1.8936e-07
360.84	1.91081e-07
360.86	1.92848e-07
360.88	1.94665e-07
360.9	1.96535e-07
360.92	1.98459e-07
360.94	2.00443e-07
360.96	2.02489e-07
360.98	2.04602e-07
361	2.06788e-07
361.02	2.09051e-07
361.04	2.11398e-07
361.06	2.13836e-07
361.08	2.16375e-07
361.1	2.19025e-07
361.12	2.21798e-07
361.14	2.24709e-07
361.16	2.27776e-07
361.18	2.31025e-07
361.2	2.34486e-07
361.22	2.38201e-07
361.24	2.42231e-07
361.26	2.46665e-07
361.28	2.51647e-07
361.3	2.57433e-07
361.32	2.64549e-07
361.34	2.74286e-07
361.36	2.90434e-07
361.38	3.27174e-07
361.4	4.36001e-07
361.42	7.36175e-07
361.44	1.46798e-06
361.46	3.16311e-06
361.48	6.69877e-06
361.5	1.32091e-05
361.52	2.42294e-05
361.54	4.17869e-05
361.56	6.78198e-05
361.58	0.000103175
361.6	0.000146813
361.62	0.000195802
361.64	0.000246542
361.66	0.000296119
361.68	0.000342692
361.7	0.00038528
361.72	0.000423504
361.74	0.000457458
361.76	0.000487565
361.78	0.000514398
361.8	0.000538534
361.82	0.000560479
361.84	0.000580644
361.86	0.000599354
361.88	0.000616856
361.9	0.000633336
361.92	0.000648935
361.94	0.000663759
361.96	0.000677886
361.98	0.000691371
362	0.000704257
362.02	0.000716575
362.04	0.000728349
362.06	0.000739596
362.08	0.000750332
362.1	0.000760567
362.12	0.000770314
362.14	0.000779582
362.16	0.000788379
362.18	0.000796717
362.2	0.000804602
362.22	0.000812045
362.24	0.000819053
362.26	0.000825637
362.28	0.000831805
362.3	0.000837565
362.32	0.000842927
362.34	0.000847899
362.36	0.00085249
362.38	0.000856708
362.4	0.000860563
362.42	0.000864061
362.44	0.000867212
362.46	0.000870023
362.48	0.000872503
362.5	0.000874657
362.52	0.000876495
362.54	0.000878023
362.56	0.000879249
362.58	0.000880178
362.6	0.000880819
362.62	0.000881178
362.64	0.000881262
362.66	0.000881077
362.68	0.000880628
362.7	0.000879924
362.72	0.000878969
362.74	0.00087777
362.76	0.000876333
362.78	0.000874664
362.8	0.000872768
362.82	0.000870651
362.84	0.00086832
362.86	0.000865779
362.88	0.000863034
362.9	0.000860091
362.92	0.000856955
362.94	0.000853631
362.96	0.000850126
362.98	0.000846443
363	0.00084259
363.02	0.00083857
363.04	0.000834389
363.06	0.000830053
363.08	0.000825566
363.1	0.000820933
363.12	0.00081616
363.14	0.000811252
363.16	0.000806213
363.18	0.000801048
363.2	0.000795763
363.22	0.000790362
363.24	0.000784851
363.26	0.000779233
363.28	0.000773513
363.3	0.000767697
363.32	0.000761788
363.34	0.000755792
363.36	0.000749712
363.38	0.000743554
363.4	0.000737322
363.42	0.000731019
363.44	0.00072465
363.46	0.00071822
363.48	0.000711732
363.5	0.000705191
363.52	0.0006986
363.54	0.000691964
363.56	0.000685285
363.58	0.000678569
363.6	0.000671819
363.62	0.000665038
363.64	0.00065823
363.66	0.000651398
363.68	0.000644546
363.7	0.000637677
363.72	0.000630795
363.74	0.000623902
363.76	0.000617002
363.78	0.000610097
363.8	0.000603191
363.82	0.000596286
363.84	0.000589386
363.86	0.000582492
363.88	0.000575608
363.9	0.000568735
363.92	0.000561877
363.94	0.000555036
363.96	0.000548214
363.98	0.000541413
364	0.000534636
364.02	0.000527884
364.04	0.00052116
364.06	0.000514465
364.08	0.000507801
364.1	0.000501171
364.12	0.000494575
364.14	0.000488015
364.16	0.000481494
364.18	0.000475011
364.2	0.00046857
364.22	0.000462171
364.24	0.000455815
364.26	0.000449504
364.28	0.000443239
364.3	0.000437021
364.32	0.000430851
364.34	0.00042473
364.36	0.000418659
364.38	0.000412639
364.4	0.000406671
364.42	0.000400755
364.44	0.000394892
364.46	0.000389084
364.48	0.00038333
364.5	0.000377631
364.52	0.000371987
364.54	0.0003664
364.56	0.000360869
364.58	0.000355395
364.6	0.000349979
364.62	0.00034462
364.64	0.000339319
364.66	0.000334077
364.68	0.000328892
364.7	0.000323766
364.72	0.000318699
364.74	0.000313691
364.76	0.000308741
364.78	0.000303851
364.8	0.000299019
364.82	0.000294246
364.84	0.000289531
364.86	0.000284876
364.88	0.000280279
364.9	0.00027574
364.92	0.00027126
364.94	0.000266838
364.96	0.000262474
364.98	0.000258168
365	0.000253919
365.02	0.000249727
365.04	0.000245592
365.06	0.000241514
365.08	0.000237492
365.1	0.000233527
365.12	0.000229616
365.14	0.000225761
365.16	0.000221962
365.18	0.000218216
365.2	0.000214525
365.22	0.000210887
365.24	0.000207303
365.26	0.000203771
365.28	0.000200292
365.3	0.000196865
365.32	0.00019349
365.34	0.000190165
365.36	0.000186891
365.38	0.000183667
365.4	0.000180493
365.42	0.000177368
365.44	0.000174291
365.46	0.000171263
365.48	0.000168282
365.5	0.000165348
365.52	0.000162461
365.54	0.000159619
365.56	0.000156823
365.58	0.000154073
365.6	0.000151366
365.62	0.000148704
365.64	0.000146085
365.66	0.000143508
365.68	0.000140974
365.7	0.000138482
365.72	0.000136031
365.74	0.000133621
365.76	0.000131251
365.78	0.000128921
365.8	0.00012663
365.82	0.000124378
365.84	0.000122163
365.86	0.000119987
365.88	0.000117847
365.9	0.000115744
365.92	0.000113677
365.94	0.000111645
365.96	0.000109648
365.98	0.000107686
366	0.000105758
366.02	0.000103864
366.04	0.000102002
366.06	0.000100173
366.08	9.83758e-05
366.1	9.66102e-05
366.12	9.48757e-05
366.14	9.31717e-05
366.16	9.14979e-05
366.18	8.98536e-05
366.2	8.82386e-05
366.22	8.66522e-05
366.24	8.50941e-05
366.26	8.35638e-05
366.28	8.20608e-05
366.3	8.05848e-05
366.32	7.91352e-05
366.34	7.77117e-05
366.36	7.63138e-05
366.38	7.49411e-05
366.4	7.35931e-05
366.42	7.22696e-05
366.44	7.097e-05
366.46	6.96939e-05
366.48	6.8441e-05
366.5	6.72109e-05
366.52	6.60032e-05
366.54	6.48174e-05
366.56	6.36533e-05
366.58	6.25105e-05
366.6	6.13885e-05
366.62	6.0287e-05
366.64	5.92057e-05
366.66	5.81443e-05
366.68	5.71023e-05
366.7	5.60794e-05
366.72	5.50753e-05
366.74	5.40897e-05
366.76	5.31222e-05
366.78	5.21725e-05
366.8	5.12403e-05
366.82	5.03253e-05
366.84	4.94271e-05
366.86	4.85455e-05
366.88	4.76802e-05
366.9	4.68309e-05
366.92	4.59973e-05
366.94	4.5179e-05
366.96	4.43759e-05
366.98	4.35876e-05
367	4.28139e-05
367.02	4.20545e-05
367.04	4.13092e-05
367.06	4.05776e-05
367.08	3.98596e-05
367.1	3.91548e-05
367.12	3.84631e-05
367.14	3.77842e-05
367.16	3.71179e-05
367.18	3.64639e-05
367.2	3.5822e-05
367.22	3.51919e-05
367.24	3.45735e-05
367.26	3.39666e-05
367.28	3.33709e-05
367.3	3.27861e-05
367.32	3.22122e-05
367.34	3.16489e-05
367.36	3.1096e-05
367.38	3.05533e-05
367.4	3.00206e-05
367.42	2.94978e-05
367.44	2.89846e-05
367.46	2.84808e-05
367.48	2.79864e-05
367.5	2.7501e-05
367.52	2.70246e-05
367.54	2.65569e-05
367.56	2.60979e-05
367.58	2.56473e-05
367.6	2.52049e-05
367.62	2.47707e-05
367.64	2.43445e-05
367.66	2.39261e-05
367.68	2.35153e-05
367.7	2.31121e-05
367.72	2.27162e-05
367.74	2.23276e-05
367.76	2.19461e-05
367.78	2.15715e-05
367.8	2.12038e-05
367.82	2.08428e-05
367.84	2.04884e-05
367.86	2.01404e-05
367.88	1.97987e-05
367.9	1.94633e-05
367.92	1.9134e-05
367.94	1.88106e-05
367.96	1.84931e-05
367.98	1.81813e-05
368	1.78752e-05
368.02	1.75747e-05
368.04	1.72795e-05
368.06	1.69897e-05
368.08	1.67051e-05
368.1	1.64257e-05
368.12	1.61512e-05
368.14	1.58817e-05
368.16	1.56171e-05
368.18	1.53572e-05
368.2	1.51019e-05
368.22	1.48513e-05
368.24	1.46051e-05
368.26	1.43633e-05
368.28	1.41258e-05
368.3	1.38926e-05
368.32	1.36635e-05
368.34	1.34385e-05
368.36	1.32175e-05
368.38	1.30005e-05
368.4	1.27873e-05
368.42	1.25778e-05
368.44	1.23721e-05
368.46	1.217e-05
368.48	1.19715e-05
368.5	1.17765e-05
368.52	1.15849e-05
368.54	1.13967e-05
368.56	1.12118e-05
368.58	1.10302e-05
368.6	1.08517e-05
368.62	1.06764e-05
368.64	1.05042e-05
368.66	1.03349e-05
368.68	1.01686e-05
368.7	1.00052e-05
368.72	9.8447e-06
368.74	9.68696e-06
368.76	9.53196e-06
368.78	9.37965e-06
368.8	9.22999e-06
368.82	9.08292e-06
368.84	8.93839e-06
368.86	8.79636e-06
368.88	8.65679e-06
368.9	8.51963e-06
368.92	8.38482e-06
368.94	8.25234e-06
368.96	8.12214e-06
368.98	7.99417e-06
369	7.8684e-06
369.02	7.74478e-06
369.04	7.62327e-06
369.06	7.50385e-06
369.08	7.38646e-06
369.1	7.27108e-06
369.12	7.15766e-06
369.14	7.04617e-06
369.16	6.93657e-06
369.18	6.82883e-06
369.2	6.72293e-06
369.22	6.61881e-06
369.24	6.51646e-06
369.26	6.41583e-06
369.28	6.31691e-06
369.3	6.21965e-06
369.32	6.12403e-06
369.34	6.03001e-06
369.36	5.93758e-06
369.38	5.84669e-06
369.4	5.75733e-06
369.42	5.66947e-06
369.44	5.58307e-06
369.46	5.49812e-06
369.48	5.41458e-06
369.5	5.33244e-06
369.52	5.25166e-06
369.54	5.17223e-06
369.56	5.09411e-06
369.58	5.01729e-06
369.6	4.94174e-06
369.62	4.86745e-06
369.64	4.79438e-06
369.66	4.72251e-06
369.68	4.65183e-06
369.7	4.58232e-06
369.72	4.51394e-06
369.74	4.4467e-06
369.76	4.38055e-06
369.78	4.31549e-06
369.8	4.25149e-06
369.82	4.18855e-06
369.84	4.12662e-06
369.86	4.06571e-06
369.88	4.00579e-06
369.9	3.94685e-06
369.92	3.88887e-06
369.94	3.83182e-06
369.96	3.77571e-06
369.98	3.7205e-06
370	3.66618e-06
370.02	3.61275e-06
370.04	3.56017e-06
370.06	3.50844e-06
370.08	3.45755e-06
370.1	3.40748e-06
370.12	3.35821e-06
370.14	3.30973e-06
370.16	3.26203e-06
370.18	3.21509e-06
370.2	3.1689e-06
370.22	3.12345e-06
370.24	3.07873e-06
370.26	3.03472e-06
370.28	2.99141e-06
370.3	2.94879e-06
370.32	2.90685e-06
370.34	2.86557e-06
370.36	2.82494e-06
370.38	2.78496e-06
370.4	2.74561e-06
370.42	2.70689e-06
370.44	2.66877e-06
370.46	2.63126e-06
370.48	2.59433e-06
370.5	2.55799e-06
370.52	2.52221e-06
370.54	2.487e-06
370.56	2.45234e-06
370.58	2.41822e-06
370.6	2.38464e-06
370.62	2.35157e-06
370.64	2.31903e-06
370.66	2.28699e-06
370.68	2.25545e-06
370.7	2.2244e-06
370.72	2.19383e-06
370.74	2.16374e-06
370.76	2.13411e-06
370.78	2.10494e-06
370.8	2.07622e-06
370.82	2.04795e-06
370.84	2.02011e-06
370.86	1.9927e-06
370.88	1.96571e-06
370.9	1.93913e-06
370.92	1.91296e-06
370.94	1.8872e-06
370.96	1.86183e-06
370.98	1.83684e-06
371	1.81224e-06
371.02	1.78802e-06
371.04	1.76416e-06
371.06	1.74066e-06
371.08	1.71753e-06
371.1	1.69474e-06
371.12	1.6723e-06
371.14	1.6502e-06
371.16	1.62844e-06
371.18	1.607e-06
371.2	1.58589e-06
371.22	1.5651e-06
371.24	1.54462e-06
371.26	1.52445e-06
371.28	1.50458e-06
371.3	1.48501e-06
371.32	1.46573e-06
371.34	1.44674e-06
371.36	1.42804e-06
371.38	1.40961e-06
371.4	1.39146e-06
371.42	1.37358e-06
371.44	1.35597e-06
371.46	1.33862e-06
371.48	1.32152e-06
371.5	1.30468e-06
371.52	1.28809e-06
371.54	1.27175e-06
371.56	1.25564e-06
371.58	1.23978e-06
371.6	1.22414e-06
371.62	1.20874e-06
371.64	1.19357e-06
371.66	1.17862e-06
371.68	1.16388e-06
371.7	1.14937e-06
371.72	1.13506e-06
371.74	1.12097e-06
371.76	1.10708e-06
371.78	1.09339e-06
371.8	1.0799e-06
371.82	1.06661e-06
371.84	1.05351e-06
371.86	1.04061e-06
371.88	1.02788e-06
371.9	1.01535e-06
371.92	1.00299e-06
371.94	9.90814e-07
371.96	9.78813e-07
371.98	9.66985e-07
372	9.55327e-07
372.02	9.43836e-07
372.04	9.3251e-07
372.06	9.21347e-07
372.08	9.10344e-07
372.1	8.99498e-07
372.12	8.88806e-07
372.14	8.78268e-07
372.16	8.67879e-07
372.18	8.57638e-07
372.2	8.47543e-07
372.22	8.37591e-07
372.24	8.2778e-07
372.26	8.18108e-07
372.28	8.08573e-07
372.3	7.99172e-07
372.32	7.89903e-07
372.34	7.80766e-07
372.36	7.71756e-07
372.38	7.62873e-07
372.4	7.54115e-07
372.42	7.4548e-07
372.44	7.36965e-07
372.46	7.28569e-07
372.48	7.2029e-07
372.5	7.12127e-07
372.52	7.04077e-07
372.54	6.9614e-07
372.56	6.88312e-07
372.58	6.80593e-07
372.6	6.7298e-07
372.62	6.65473e-07
372.64	6.5807e-07
372.66	6.50769e-07
372.68	6.43568e-07
372.7	6.36466e-07
372.72	6.29462e-07
372.74	6.22554e-07
372.76	6.15741e-07
372.78	6.09021e-07
372.8	6.02392e-07
372.82	5.95854e-07
372.84	5.89406e-07
372.86	5.83045e-07
372.88	5.7677e-07
372.9	5.70581e-07
372.92	5.64475e-07
372.94	5.58453e-07
372.96	5.52511e-07
372.98	5.4665e-07
373	5.40868e-07
373.02	5.35164e-07
373.04	5.29537e-07
373.06	5.23985e-07
373.08	5.18508e-07
373.1	5.13104e-07
373.12	5.07772e-07
373.14	5.02512e-07
373.16	4.97322e-07
373.18	4.92201e-07
373.2	4.87148e-07
373.22	4.82163e-07
373.24	4.77243e-07
373.26	4.72389e-07
373.28	4.676e-07
373.3	4.62873e-07
373.32	4.58209e-07
373.34	4.53607e-07
373.36	4.49065e-07
373.38	4.44583e-07
373.4	4.4016e-07
373.42	4.35795e-07
373.44	4.31487e-07
373.46	4.27235e-07
373.48	4.23039e-07
373.5	4.18898e-07
373.52	4.14811e-07
373.54	4.10777e-07
373.56	4.06796e-07
373.58	4.02866e-07
373.6	3.98988e-07
373.62	3.95159e-07
373.64	3.9138e-07
373.66	3.8765e-07
373.68	3.83968e-07
373.7	3.80334e-07
373.72	3.76746e-07
373.74	3.73205e-07
373.76	3.69709e-07
373.78	3.66258e-07
373.8	3.62851e-07
373.82	3.59487e-07
373.84	3.56167e-07
373.86	3.52889e-07
373.88	3.49653e-07
373.9	3.46458e-07
373.92	3.43303e-07
373.94	3.40189e-07
373.96	3.37114e-07
373.98	3.34078e-07
374	3.31081e-07
374.02	3.28121e-07
374.04	3.25199e-07
374.06	3.22313e-07
374.08	3.19464e-07
374.1	3.16651e-07
374.12	3.13873e-07
374.14	3.1113e-07
374.16	3.08421e-07
374.18	3.05746e-07
374.2	3.03105e-07
374.22	3.00497e-07
374.24	2.97921e-07
374.26	2.95377e-07
374.28	2.92865e-07
374.3	2.90384e-07
374.32	2.87933e-07
374.34	2.85514e-07
374.36	2.83124e-07
374.38	2.80763e-07
374.4	2.78432e-07
374.42	2.7613e-07
374.44	2.73856e-07
374.46	2.7161e-07
374.48	2.69392e-07
374.5	2.672e-07
374.52	2.65036e-07
374.54	2.62898e-07
374.56	2.60787e-07
374.58	2.58701e-07
374.6	2.56641e-07
374.62	2.54606e-07
374.64	2.52596e-07
374.66	2.5061e-07
374.68	2.48648e-07
374.7	2.4671e-07
374.72	2.44796e-07
374.74	2.42905e-07
374.76	2.41037e-07
374.78	2.39191e-07
374.8	2.37368e-07
374.82	2.35567e-07
374.84	2.33787e-07
374.86	2.32029e-07
374.88	2.30293e-07
374.9	2.28577e-07
374.92	2.26881e-07
374.94	2.25207e-07
374.96	2.23552e-07
374.98	2.21917e-07
375	2.20301e-07
375.02	2.18705e-07
375.04	2.17128e-07
375.06	2.1557e-07
375.08	2.14031e-07
375.1	2.12509e-07
375.12	2.11006e-07
375.14	2.09521e-07
375.16	2.08054e-07
375.18	2.06604e-07
375.2	2.05171e-07
375.22	2.03755e-07
375.24	2.02356e-07
375.26	2.00974e-07
375.28	1.99608e-07
375.3	1.98258e-07
375.32	1.96924e-07
375.34	1.95606e-07
375.36	1.94304e-07
375.38	1.93017e-07
375.4	1.91745e-07
375.42	1.90488e-07
375.44	1.89246e-07
375.46	1.88018e-07
375.48	1.86805e-07
375.5	1.85607e-07
375.52	1.84422e-07
375.54	1.83251e-07
375.56	1.82094e-07
375.58	1.80951e-07
375.6	1.79821e-07
375.62	1.78705e-07
375.64	1.77601e-07
375.66	1.76511e-07
375.68	1.75433e-07
375.7	1.74368e-07
375.72	1.73315e-07
375.74	1.72275e-07
375.76	1.71247e-07
375.78	1.70231e-07
375.8	1.69227e-07
375.82	1.68234e-07
375.84	1.67254e-07
375.86	1.66284e-07
375.88	1.65327e-07
375.9	1.6438e-07
375.92	1.63444e-07
375.94	1.6252e-07
375.96	1.61606e-07
375.98	1.60703e-07
376	1.5981e-07
376.02	1.58928e-07
376.04	1.58057e-07
376.06	1.57195e-07
376.08	1.56344e-07
376.1	1.55502e-07
376.12	1.54671e-07
376.14	1.53849e-07
376.16	1.53037e-07
376.18	1.52235e-07
376.2	1.51442e-07
376.22	1.50658e-07
376.24	1.49883e-07
376.26	1.49118e-07
376.28	1.48361e-07
376.3	1.47614e-07
376.32	1.46875e-07
376.34	1.46145e-07
376.36	1.45424e-07
376.38	1.44711e-07
376.4	1.44007e-07
376.42	1.43311e-07
376.44	1.42623e-07
376.46	1.41944e-07
376.48	1.41272e-07
376.5	1.40609e-07
376.52	1.39953e-07
376.54	1.39306e-07
376.56	1.38666e-07
376.58	1.38033e-07
376.6	1.37409e-07
376.62	1.36791e-07
376.64	1.36181e-07
376.66	1.35579e-07
376.68	1.34984e-07
376.7	1.34396e-07
376.72	1.33815e-07
376.74	1.33241e-07
376.76	1.32674e-07
376.78	1.32114e-07
376.8	1.31561e-07
376.82	1.31014e-07
376.84	1.30475e-07
376.86	1.29941e-07
376.88	1.29415e-07
376.9	1.28895e-07
376.92	1.28381e-07
376.94	1.27874e-07
376.96	1.27373e-07
376.98	1.26878e-07
377	1.2639e-07
377.02	1.25907e-07
377.04	1.25431e-07
377.06	1.2496e-07
377.08	1.24496e-07
377.1	1.24037e-07
377.12	1.23585e-07
377.14	1.23138e-07
377.16	1.22697e-07
377.18	1.22261e-07
377.2	1.21831e-07
377.22	1.21407e-07
377.24	1.20988e-07
377.26	1.20574e-07
377.28	1.20166e-07
377.3	1.19764e-07
377.32	1.19367e-07
377.34	1.18975e-07
377.36	1.18588e-07
377.38	1.18206e-07
377.4	1.1783e-07
377.42	1.17458e-07
377.44	1.17092e-07
377.46	1.16731e-07
377.48	1.16374e-07
377.5	1.16023e-07
377.52	1.15676e-07
377.54	1.15334e-07
377.56	1.14997e-07
377.58	1.14665e-07
377.6	1.14337e-07
377.62	1.14015e-07
377.64	1.13696e-07
377.66	1.13383e-07
377.68	1.13074e-07
377.7	1.12769e-07
377.72	1.12469e-07
377.74	1.12174e-07
377.76	1.11882e-07
377.78	1.11596e-07
377.8	1.11313e-07
377.82	1.11035e-07
377.84	1.10761e-07
377.86	1.10492e-07
377.88	1.10227e-07
377.9	1.09965e-07
377.92	1.09708e-07
377.94	1.09456e-07
377.96	1.09207e-07
377.98	1.08962e-07
378	1.08722e-07
378.02	1.08485e-07
378.04	1.08253e-07
378.06	1.08024e-07
378.08	1.078e-07
378.1	1.07579e-07
378.12	1.07362e-07
378.14	1.07149e-07
378.16	1.0694e-07
378.18	1.06735e-07
378.2	1.06533e-07
378.22	1.06336e-07
378.24	1.06142e-07
378.26	1.05951e-07
378.28	1.05765e-07
378.3	1.05582e-07
378.32	1.05403e-07
378.34	1.05227e-07
378.36	1.05056e-07
378.38	1.04887e-07
378.4	1.04723e-07
378.42	1.04562e-07
378.44	1.04404e-07
378.46	1.0425e-07
378.48	1.04099e-07
378.5	1.03952e-07
378.52	1.03809e-07
378.54	1.03669e-07
378.56	1.03532e-07
378.58	1.03399e-07
378.6	1.03269e-07
378.62	1.03143e-07
378.64	1.0302e-07
378.66	1.029e-07
378.68	1.02784e-07
378.7	1.02671e-07
378.72	1.02561e-07
378.74	1.02455e-07
378.76	1.02352e-07
378.78	1.02253e-07
378.8	1.02156e-07
378.82	1.02063e-07
378.84	1.01973e-07
378.86	1.01887e-07
378.88	1.01803e-07
378.9	1.01723e-07
378.92	1.01646e-07
378.94	1.01573e-07
378.96	1.01502e-07
378.98	1.01435e-07
379	1.01371e-07
379.02	1.0131e-07
379.04	1.01253e-07
379.06	1.01198e-07
379.08	1.01147e-07
379.1	1.01098e-07
379.12	1.01053e-07
379.14	1.01012e-07
379.16	1.00973e-07
379.18	1.00937e-07
379.2	1.00905e-07
379.22	1.00875e-07
379.24	1.00849e-07
379.26	1.00826e-07
379.28	1.00806e-07
379.3	1.00789e-07
379.32	1.00775e-07
379.34	1.00765e-07
379.36	1.00757e-07
379.38	1.00753e-07
379.4	1.00751e-07
379.42	1.00753e-07
379.44	1.00758e-07
379.46	1.00766e-07
379.48	1.00777e-07
379.5	1.00792e-07
379.52	1.00809e-07
379.54	1.00829e-07
379.56	1.00853e-07
379.58	1.0088e-07
379.6	1.00909e-07
379.62	1.00942e-07
379.64	1.00978e-07
379.66	1.01018e-07
379.68	1.0106e-07
379.7	1.01105e-07
379.72	1.01154e-07
379.74	1.01206e-07
379.76	1.01261e-07
379.78	1.01319e-07
379.8	1.0138e-07
379.82	1.01445e-07
379.84	1.01512e-07
379.86	1.01583e-07
379.88	1.01657e-07
379.9	1.01735e-07
379.92	1.01815e-07
379.94	1.01899e-07
379.96	1.01986e-07
379.98	1.02076e-07
380	1.02169e-07
380.02	1.02266e-07
380.04	1.02366e-07
380.06	1.02469e-07
380.08	1.02576e-07
380.1	1.02686e-07
380.12	1.02799e-07
380.14	1.02916e-07
380.16	1.03036e-07
380.18	1.0316e-07
380.2	1.03286e-07
380.22	1.03417e-07
380.24	1.0355e-07
380.26	1.03687e-07
380.28	1.03828e-07
380.3	1.03972e-07
380.32	1.04119e-07
380.34	1.04271e-07
380.36	1.04425e-07
380.38	1.04583e-07
380.4	1.04745e-07
380.42	1.0491e-07
380.44	1.05079e-07
380.46	1.05252e-07
380.48	1.05428e-07
380.5	1.05608e-07
380.52	1.05792e-07
380.54	1.0598e-07
380.56	1.06171e-07
380.58	1.06366e-07
380.6	1.06565e-07
380.62	1.06768e-07
380.64	1.06974e-07
380.66	1.07185e-07
380.68	1.07399e-07
380.7	1.07618e-07
380.72	1.0784e-07
380.74	1.08067e-07
380.76	1.08297e-07
380.78	1.08532e-07
380.8	1.08771e-07
380.82	1.09014e-07
380.84	1.09261e-07
380.86	1.09513e-07
380.88	1.09768e-07
380.9	1.10028e-07
380.92	1.10293e-07
380.94	1.10562e-07
380.96	1.10835e-07
380.98	1.11113e-07
381	1.11395e-07
381.02	1.11682e-07
381.04	1.11974e-07
381.06	1.1227e-07
381.08	1.12571e-07
381.1	1.12876e-07
381.12	1.13187e-07
381.14	1.13502e-07
381.16	1.13823e-07
381.18	1.14148e-07
381.2	1.14478e-07
381.22	1.14814e-07
381.24	1.15154e-07
381.26	1.155e-07
381.28	1.15851e-07
381.3	1.16208e-07
381.32	1.16569e-07
381.34	1.16937e-07
381.36	1.1731e-07
381.38	1.17688e-07
381.4	1.18072e-07
381.42	1.18462e-07
381.44	1.18857e-07
381.46	1.19259e-07
381.48	1.19666e-07
381.5	1.2008e-07
381.52	1.20499e-07
381.54	1.20925e-07
381.56	1.21357e-07
381.58	1.21796e-07
381.6	1.22241e-07
381.62	1.22693e-07
381.64	1.23151e-07
381.66	1.23616e-07
381.68	1.24088e-07
381.7	1.24566e-07
381.72	1.25052e-07
381.74	1.25545e-07
381.76	1.26045e-07
381.78	1.26553e-07
381.8	1.27068e-07
381.82	1.27591e-07
381.84	1.28122e-07
381.86	1.2866e-07
381.88	1.29206e-07
381.9	1.29761e-07
381.92	1.30324e-07
381.94	1.30895e-07
381.96	1.31475e-07
381.98	1.32063e-07
382	1.32661e-07
382.02	1.33267e-07
382.04	1.33883e-07
382.06	1.34508e-07
382.08	1.35142e-07
382.1	1.35786e-07
382.12	1.3644e-07
382.14	1.37104e-07
382.16	1.37778e-07
382.18	1.38463e-07
382.2	1.39159e-07
382.22	1.39865e-07
382.24	1.40582e-07
382.26	1.41311e-07
382.28	1.42051e-07
382.3	1.42803e-07
382.32	1.43568e-07
382.34	1.44344e-07
382.36	1.45133e-07
382.38	1.45935e-07
382.4	1.4675e-07
382.42	1.47579e-07
382.44	1.48421e-07
382.46	1.49278e-07
382.48	1.50149e-07
382.5	1.51035e-07
382.52	1.51936e-07
382.54	1.52852e-07
382.56	1.53785e-07
382.58	1.54733e-07
382.6	1.55699e-07
382.62	1.56682e-07
382.64	1.57682e-07
382.66	1.58701e-07
382.68	1.59738e-07
382.7	1.60795e-07
382.72	1.61871e-07
382.74	1.62968e-07
382.76	1.64086e-07
382.78	1.65225e-07
382.8	1.66387e-07
382.82	1.67572e-07
382.84	1.6878e-07
382.86	1.70014e-07
382.88	1.71272e-07
382.9	1.72557e-07
382.92	1.7387e-07
382.94	1.7521e-07
382.96	1.76581e-07
382.98	1.77981e-07
383	1.79414e-07
383.02	1.80879e-07
383.04	1.82379e-07
383.06	1.83915e-07
383.08	1.85489e-07
383.1	1.87101e-07
383.12	1.88756e-07
383.14	1.90453e-07
383.16	1.92196e-07
383.18	1.93987e-07
383.2	1.95829e-07
383.22	1.97724e-07
383.24	1.99676e-07
383.26	2.01689e-07
383.28	2.03767e-07
383.3	2.05914e-07
383.32	2.08135e-07
383.34	2.10437e-07
383.36	2.12827e-07
383.38	2.15312e-07
383.4	2.17901e-07
383.42	2.20607e-07
383.44	2.23442e-07
383.46	2.26423e-07
383.48	2.29571e-07
383.5	2.32913e-07
383.52	2.36485e-07
383.54	2.40335e-07
383.56	2.44536e-07
383.58	2.49196e-07
383.6	2.54499e-07
383.62	2.60791e-07
383.64	2.68837e-07
383.66	2.80688e-07
383.68	3.02799e-07
383.7	3.62863e-07
383.72	5.40498e-07
383.74	9.93773e-07
383.76	2.07472e-06
383.78	4.47836e-06
383.8	9.20322e-06
383.82	1.75308e-05
383.84	3.12379e-05
383.86	5.24276e-05
383.88	8.26727e-05
383.9	0.000122046
383.92	0.000168586
383.94	0.000218855
383.96	0.00026944
383.98	0.000317908
384	0.000362838
384.02	0.000403541
384.04	0.000439863
384.06	0.000472068
384.08	0.000500667
384.1	0.000526253
384.12	0.000549375
384.14	0.0005705
384.16	0.000589999
384.18	0.000608161
384.2	0.000625204
384.22	0.000641294
384.24	0.000656554
384.26	0.000671076
384.28	0.000684928
384.3	0.000698159
384.32	0.000710806
384.34	0.000722896
384.36	0.00073445
384.38	0.000745485
384.4	0.000756013
384.42	0.000766046
384.44	0.000775594
384.46	0.000784667
384.48	0.000793274
384.5	0.000801424
384.52	0.000809125
384.54	0.000816388
384.56	0.00082322
384.58	0.00082963
384.6	0.000835628
384.62	0.000841222
384.64	0.000846422
384.66	0.000851235
384.68	0.00085567
384.7	0.000859736
384.72	0.000863441
384.74	0.000866794
384.76	0.000869802
384.78	0.000872473
384.8	0.000874815
384.82	0.000876836
384.84	0.000878543
384.86	0.000879943
384.88	0.000881043
384.9	0.00088185
384.92	0.00088237
384.94	0.000882612
384.96	0.00088258
384.98	0.000882282
385	0.000881723
385.02	0.000880911
385.04	0.00087985
385.06	0.000878548
385.08	0.00087701
385.1	0.000875241
385.12	0.000873249
385.14	0.000871037
385.16	0.000868613
385.18	0.000865982
385.2	0.000863149
385.22	0.00086012
385.24	0.0008569
385.26	0.000853494
385.28	0.000849909
385.3	0.000846149
385.32	0.000842219
385.34	0.000838125
385.36	0.000833873
385.38	0.000829466
385.4	0.000824911
385.42	0.000820213
385.44	0.000815376
385.46	0.000810405
385.48	0.000805306
385.5	0.000800083
385.52	0.000794741
385.54	0.000789286
385.56	0.000783722
385.58	0.000778053
385.6	0.000772284
385.62	0.000766421
385.64	0.000760467
385.66	0.000754427
385.68	0.000748305
385.7	0.000742107
385.72	0.000735836
385.74	0.000729496
385.76	0.000723092
385.78	0.000716629
385.8	0.000710109
385.82	0.000703538
385.84	0.000696918
385.86	0.000690254
385.88	0.000683551
385.9	0.000676811
385.92	0.000670038
385.94	0.000663235
385.96	0.000656407
385.98	0.000649557
386	0.000642688
386.02	0.000635804
386.04	0.000628907
386.06	0.000622001
386.08	0.000615089
386.1	0.000608174
386.12	0.000601258
386.14	0.000594345
386.16	0.000587437
386.18	0.000580538
386.2	0.000573648
386.22	0.000566772
386.24	0.000559911
386.26	0.000553068
386.28	0.000546245
386.3	0.000539444
386.32	0.000532667
386.34	0.000525917
386.36	0.000519195
386.38	0.000512503
386.4	0.000505844
386.42	0.000499218
386.44	0.000492627
386.46	0.000486074
386.48	0.000479559
386.5	0.000473084
386.52	0.000466651
386.54	0.000460261
386.56	0.000453914
386.58	0.000447613
386.6	0.000441358
386.62	0.000435151
386.64	0.000428992
386.66	0.000422883
386.68	0.000416824
386.7	0.000410817
386.72	0.000404862
386.74	0.000398959
386.76	0.00039311
386.78	0.000387316
386.8	0.000381576
386.82	0.000375891
386.84	0.000370263
386.86	0.000364691
386.88	0.000359176
386.9	0.000353717
386.92	0.000348317
386.94	0.000342974
386.96	0.000337689
386.98	0.000332463
387	0.000327295
387.02	0.000322186
387.04	0.000317136
387.06	0.000312144
387.08	0.000307211
387.1	0.000302338
387.12	0.000297523
387.14	0.000292767
387.16	0.00028807
387.18	0.000283431
387.2	0.000278852
387.22	0.00027433
387.24	0.000269868
387.26	0.000265463
387.28	0.000261116
387.3	0.000256827
387.32	0.000252595
387.34	0.000248421
387.36	0.000244303
387.38	0.000240242
387.4	0.000236237
387.42	0.000232288
387.44	0.000228395
387.46	0.000224557
387.48	0.000220774
387.5	0.000217045
387.52	0.00021337
387.54	0.000209749
387.56	0.000206181
387.58	0.000202666
387.6	0.000199203
387.62	0.000195792
387.64	0.000192432
387.66	0.000189123
387.68	0.000185865
387.7	0.000182657
387.72	0.000179498
387.74	0.000176388
387.76	0.000173326
387.78	0.000170312
387.8	0.000167346
387.82	0.000164427
387.84	0.000161554
387.86	0.000158727
387.88	0.000155946
387.9	0.000153209
387.92	0.000150516
387.94	0.000147868
387.96	0.000145262
387.98	0.000142699
388	0.000140179
388.02	0.0001377
388.04	0.000135262
388.06	0.000132864
388.08	0.000130507
388.1	0.000128189
388.12	0.000125911
388.14	0.00012367
388.16	0.000121468
388.18	0.000119303
388.2	0.000117175
388.22	0.000115083
388.24	0.000113028
388.26	0.000111007
388.28	0.000109022
388.3	0.00010707
388.32	0.000105153
388.34	0.000103269
388.36	0.000101418
388.38	9.95991e-05
388.4	9.78121e-05
388.42	9.60565e-05
388.44	9.43318e-05
388.46	9.26375e-05
388.48	9.09732e-05
388.5	8.93383e-05
388.52	8.77325e-05
388.54	8.61552e-05
388.56	8.46061e-05
388.58	8.30846e-05
388.6	8.15903e-05
388.62	8.01228e-05
388.64	7.86816e-05
388.66	7.72664e-05
388.68	7.58766e-05
388.7	7.45119e-05
388.72	7.31718e-05
388.74	7.1856e-05
388.76	7.0564e-05
388.78	6.92954e-05
388.8	6.80499e-05
388.82	6.6827e-05
388.84	6.56263e-05
388.86	6.44476e-05
388.88	6.32903e-05
388.9	6.21542e-05
388.92	6.10389e-05
388.94	5.9944e-05
388.96	5.88691e-05
388.98	5.78139e-05
389	5.67781e-05
389.02	5.57613e-05
389.04	5.47632e-05
389.06	5.37834e-05
389.08	5.28217e-05
389.1	5.18776e-05
389.12	5.0951e-05
389.14	5.00414e-05
389.16	4.91486e-05
389.18	4.82723e-05
389.2	4.74122e-05
389.22	4.65679e-05
389.24	4.57392e-05
389.26	4.49259e-05
389.28	4.41276e-05
389.3	4.3344e-05
389.32	4.25749e-05
389.34	4.182e-05
389.36	4.10792e-05
389.38	4.0352e-05
389.4	3.96382e-05
389.42	3.89377e-05
389.44	3.82501e-05
389.46	3.75753e-05
389.48	3.69129e-05
389.5	3.62628e-05
389.52	3.56247e-05
389.54	3.49985e-05
389.56	3.43838e-05
389.58	3.37804e-05
389.6	3.31883e-05
389.62	3.2607e-05
389.64	3.20365e-05
389.66	3.14766e-05
389.68	3.0927e-05
389.7	3.03875e-05
389.72	2.9858e-05
389.74	2.93382e-05
389.76	2.88281e-05
389.78	2.83273e-05
389.8	2.78358e-05
389.82	2.73533e-05
389.84	2.68797e-05
389.86	2.64148e-05
389.88	2.59585e-05
389.9	2.55105e-05
389.92	2.50708e-05
389.94	2.46391e-05
389.96	2.42154e-05
389.98	2.37994e-05
390	2.33911e-05
390.02	2.29902e-05
390.04	2.25967e-05
390.06	2.22103e-05
390.08	2.1831e-05
390.1	2.14587e-05
390.12	2.10931e-05
390.14	2.07342e-05
390.16	2.03818e-05
390.18	2.00359e-05
390.2	1.96962e-05
390.22	1.93627e-05
390.24	1.90353e-05
390.26	1.87138e-05
390.28	1.83981e-05
390.3	1.80882e-05
390.32	1.77838e-05
390.34	1.7485e-05
390.36	1.71916e-05
390.38	1.69034e-05
390.4	1.66204e-05
390.42	1.63426e-05
390.44	1.60697e-05
390.46	1.58018e-05
390.48	1.55386e-05
390.5	1.52802e-05
390.52	1.50264e-05
390.54	1.47772e-05
390.56	1.45324e-05
390.58	1.4292e-05
390.6	1.40558e-05
390.62	1.38239e-05
390.64	1.35961e-05
390.66	1.33724e-05
390.68	1.31527e-05
390.7	1.29368e-05
390.72	1.27248e-05
390.74	1.25165e-05
390.76	1.23119e-05
390.78	1.2111e-05
390.8	1.19136e-05
390.82	1.17196e-05
390.84	1.15291e-05
390.86	1.1342e-05
390.88	1.11581e-05
390.9	1.09775e-05
390.92	1.08e-05
390.94	1.06256e-05
390.96	1.04543e-05
390.98	1.0286e-05
391	1.01206e-05
391.02	9.95813e-06
391.04	9.79847e-06
391.06	9.64158e-06
391.08	9.48742e-06
391.1	9.33594e-06
391.12	9.18709e-06
391.14	9.04081e-06
391.16	8.89706e-06
391.18	8.7558e-06
391.2	8.61697e-06
391.22	8.48054e-06
391.24	8.34646e-06
391.26	8.21469e-06
391.28	8.08518e-06
391.3	7.95789e-06
391.32	7.83278e-06
391.34	7.70982e-06
391.36	7.58896e-06
391.38	7.47016e-06
391.4	7.35339e-06
391.42	7.23862e-06
391.44	7.12579e-06
391.46	7.01488e-06
391.48	6.90586e-06
391.5	6.79869e-06
391.52	6.69333e-06
391.54	6.58976e-06
391.56	6.48794e-06
391.58	6.38783e-06
391.6	6.28942e-06
391.62	6.19266e-06
391.64	6.09753e-06
391.66	6.004e-06
391.68	5.91204e-06
391.7	5.82162e-06
391.72	5.73272e-06
391.74	5.6453e-06
391.76	5.55934e-06
391.78	5.47482e-06
391.8	5.39171e-06
391.82	5.30998e-06
391.84	5.22961e-06
391.86	5.15058e-06
391.88	5.07285e-06
391.9	4.99642e-06
391.92	4.92125e-06
391.94	4.84732e-06
391.96	4.77462e-06
391.98	4.70311e-06
392	4.63278e-06
392.02	4.56361e-06
392.04	4.49558e-06
392.06	4.42866e-06
392.08	4.36284e-06
392.1	4.2981e-06
392.12	4.23442e-06
392.14	4.17178e-06
392.16	4.11016e-06
392.18	4.04955e-06
392.2	3.98992e-06
392.22	3.93126e-06
392.24	3.87356e-06
392.26	3.81679e-06
392.28	3.76094e-06
392.3	3.706e-06
392.32	3.65195e-06
392.34	3.59877e-06
392.36	3.54644e-06
392.38	3.49496e-06
392.4	3.44431e-06
392.42	3.39448e-06
392.44	3.34544e-06
392.46	3.29719e-06
392.48	3.24972e-06
392.5	3.203e-06
392.52	3.15703e-06
392.54	3.11179e-06
392.56	3.06728e-06
392.58	3.02348e-06
392.6	2.98037e-06
392.62	2.93795e-06
392.64	2.8962e-06
392.66	2.85511e-06
392.68	2.81467e-06
392.7	2.77488e-06
392.72	2.73571e-06
392.74	2.69716e-06
392.76	2.65922e-06
392.78	2.62188e-06
392.8	2.58512e-06
392.82	2.54894e-06
392.84	2.51333e-06
392.86	2.47828e-06
392.88	2.44377e-06
392.9	2.40981e-06
392.92	2.37637e-06
392.94	2.34346e-06
392.96	2.31106e-06
392.98	2.27917e-06
393	2.24777e-06
393.02	2.21686e-06
393.04	2.18642e-06
393.06	2.15646e-06
393.08	2.12697e-06
393.1	2.09793e-06
393.12	2.06933e-06
393.14	2.04118e-06
393.16	2.01346e-06
393.18	1.98617e-06
393.2	1.9593e-06
393.22	1.93284e-06
393.24	1.90679e-06
393.26	1.88113e-06
393.28	1.85587e-06
393.3	1.831e-06
393.32	1.8065e-06
393.34	1.78238e-06
393.36	1.75862e-06
393.38	1.73523e-06
393.4	1.71219e-06
393.42	1.6895e-06
393.44	1.66716e-06
393.46	1.64515e-06
393.48	1.62348e-06
393.5	1.60213e-06
393.52	1.58111e-06
393.54	1.5604e-06
393.56	1.54001e-06
393.58	1.51992e-06
393.6	1.50013e-06
393.62	1.48065e-06
393.64	1.46145e-06
393.66	1.44254e-06
393.68	1.42391e-06
393.7	1.40556e-06
393.72	1.38748e-06
393.74	1.36968e-06
393.76	1.35214e-06
393.78	1.33486e-06
393.8	1.31783e-06
393.82	1.30106e-06
393.84	1.28453e-06
393.86	1.26825e-06
393.88	1.25222e-06
393.9	1.23641e-06
393.92	1.22084e-06
393.94	1.2055e-06
393.96	1.19039e-06
393.98	1.1755e-06
394	1.16082e-06
394.02	1.14636e-06
394.04	1.13211e-06
394.06	1.11807e-06
394.08	1.10424e-06
394.1	1.0906e-06
394.12	1.07717e-06
394.14	1.06393e-06
394.16	1.05088e-06
394.18	1.03802e-06
394.2	1.02535e-06
394.22	1.01286e-06
394.24	1.00055e-06
394.26	9.88422e-07
394.28	9.76467e-07
394.3	9.64683e-07
394.32	9.53069e-07
394.34	9.41622e-07
394.36	9.30339e-07
394.38	9.19217e-07
394.4	9.08255e-07
394.42	8.9745e-07
394.44	8.86798e-07
394.46	8.76298e-07
394.48	8.65948e-07
394.5	8.55745e-07
394.52	8.45687e-07
394.54	8.35772e-07
394.56	8.25996e-07
394.58	8.16359e-07
394.6	8.06859e-07
394.62	7.97492e-07
394.64	7.88257e-07
394.66	7.79152e-07
394.68	7.70175e-07
394.7	7.61324e-07
394.72	7.52597e-07
394.74	7.43992e-07
394.76	7.35508e-07
394.78	7.27142e-07
394.8	7.18892e-07
394.82	7.10758e-07
394.84	7.02736e-07
394.86	6.94826e-07
394.88	6.87026e-07
394.9	6.79333e-07
394.92	6.71748e-07
394.94	6.64266e-07
394.96	6.56889e-07
394.98	6.49612e-07
395	6.42436e-07
395.02	6.35359e-07
395.04	6.28379e-07
395.06	6.21494e-07
395.08	6.14704e-07
395.1	6.08006e-07
395.12	6.014e-07
395.14	5.94884e-07
395.16	5.88457e-07
395.18	5.82117e-07
395.2	5.75863e-07
395.22	5.69694e-07
395.24	5.63609e-07
395.26	5.57606e-07
395.28	5.51684e-07
395.3	5.45842e-07
395.32	5.40079e-07
395.34	5.34394e-07
395.36	5.28784e-07
395.38	5.2325e-07
395.4	5.17791e-07
395.42	5.12404e-07
395.44	5.0709e-07
395.46	5.01846e-07
395.48	4.96673e-07
395.5	4.91568e-07
395.52	4.86531e-07
395.54	4.81561e-07
395.56	4.76657e-07
395.58	4.71818e-07
395.6	4.67044e-07
395.62	4.62332e-07
395.64	4.57682e-07
395.66	4.53094e-07
395.68	4.48566e-07
395.7	4.44098e-07
395.72	4.39688e-07
395.74	4.35336e-07
395.76	4.31042e-07
395.78	4.26803e-07
395.8	4.2262e-07
395.82	4.18491e-07
395.84	4.14416e-07
395.86	4.10394e-07
395.88	4.06425e-07
395.9	4.02507e-07
395.92	3.9864e-07
395.94	3.94823e-07
395.96	3.91055e-07
395.98	3.87336e-07
396	3.83664e-07
396.02	3.80041e-07
396.04	3.76463e-07
396.06	3.72932e-07
396.08	3.69446e-07
396.1	3.66005e-07
396.12	3.62608e-07
396.14	3.59254e-07
396.16	3.55943e-07
396.18	3.52674e-07
396.2	3.49447e-07
396.22	3.46261e-07
396.24	3.43115e-07
396.26	3.4001e-07
396.28	3.36943e-07
396.3	3.33916e-07
396.32	3.30927e-07
396.34	3.27975e-07
396.36	3.25061e-07
396.38	3.22183e-07
396.4	3.19342e-07
396.42	3.16536e-07
396.44	3.13766e-07
396.46	3.1103e-07
396.48	3.08329e-07
396.5	3.05661e-07
396.52	3.03027e-07
396.54	3.00425e-07
396.56	2.97856e-07
396.58	2.95319e-07
396.6	2.92814e-07
396.62	2.90339e-07
396.64	2.87895e-07
396.66	2.85482e-07
396.68	2.83098e-07
396.7	2.80744e-07
396.72	2.78419e-07
396.74	2.76123e-07
396.76	2.73854e-07
396.78	2.71614e-07
396.8	2.69402e-07
396.82	2.67216e-07
396.84	2.65057e-07
396.86	2.62925e-07
396.88	2.60819e-07
396.9	2.58738e-07
396.92	2.56683e-07
396.94	2.54653e-07
396.96	2.52648e-07
396.98	2.50667e-07
397	2.4871e-07
397.02	2.46777e-07
397.04	2.44868e-07
397.06	2.42981e-07
397.08	2.41118e-07
397.1	2.39277e-07
397.12	2.37458e-07
397.14	2.35661e-07
397.16	2.33886e-07
397.18	2.32133e-07
397.2	2.304e-07
397.22	2.28688e-07
397.24	2.26997e-07
397.26	2.25326e-07
397.28	2.23675e-07
397.3	2.22044e-07
397.32	2.20433e-07
397.34	2.1884e-07
397.36	2.17267e-07
397.38	2.15713e-07
397.4	2.14177e-07
397.42	2.12659e-07
397.44	2.1116e-07
397.46	2.09678e-07
397.48	2.08214e-07
397.5	2.06767e-07
397.52	2.05338e-07
397.54	2.03926e-07
397.56	2.0253e-07
397.58	2.01151e-07
397.6	1.99788e-07
397.62	1.98441e-07
397.64	1.9711e-07
397.66	1.95795e-07
397.68	1.94496e-07
397.7	1.93212e-07
397.72	1.91943e-07
397.74	1.90689e-07
397.76	1.8945e-07
397.78	1.88225e-07
397.8	1.87015e-07
397.82	1.85819e-07
397.84	1.84637e-07
397.86	1.83469e-07
397.88	1.82315e-07
397.9	1.81174e-07
397.92	1.80047e-07
397.94	1.78933e-07
397.96	1.77832e-07
397.98	1.76744e-07
398	1.75668e-07
398.02	1.74606e-07
398.04	1.73555e-07
398.06	1.72518e-07
398.08	1.71492e-07
398.1	1.70478e-07
398.12	1.69476e-07
398.14	1.68486e-07
398.16	1.67508e-07
398.18	1.66541e-07
398.2	1.65585e-07
398.22	1.64641e-07
398.24	1.63707e-07
398.26	1.62785e-07
398.28	1.61873e-07
398.3	1.60972e-07
398.32	1.60082e-07
398.34	1.59202e-07
398.36	1.58332e-07
398.38	1.57472e-07
398.4	1.56623e-07
398.42	1.55784e-07
398.44	1.54954e-07
398.46	1.54134e-07
398.48	1.53324e-07
398.5	1.52524e-07
398.52	1.51732e-07
398.54	1.5095e-07
398.56	1.50178e-07
398.58	1.49414e-07
398.6	1.4866e-07
398.62	1.47914e-07
398.64	1.47177e-07
398.66	1.46449e-07
398.68	1.45729e-07
398.7	1.45018e-07
398.72	1.44316e-07
398.74	1.43621e-07
398.76	1.42935e-07
398.78	1.42258e-07
398.8	1.41588e-07
398.82	1.40926e-07
398.84	1.40272e-07
398.86	1.39626e-07
398.88	1.38988e-07
398.9	1.38357e-07
398.92	1.37734e-07
398.94	1.37118e-07
398.96	1.3651e-07
398.98	1.35909e-07
399	1.35315e-07
399.02	1.34729e-07
399.04	1.34149e-07
399.06	1.33577e-07
399.08	1.33012e-07
399.1	1.32453e-07
399.12	1.31902e-07
399.14	1.31357e-07
399.16	1.30818e-07
399.18	1.30287e-07
399.2	1.29762e-07
399.22	1.29243e-07
399.24	1.28731e-07
399.26	1.28225e-07
399.28	1.27726e-07
399.3	1.27233e-07
399.32	1.26745e-07
399.34	1.26264e-07
399.36	1.2579e-07
399.38	1.25321e-07
399.4	1.24858e-07
399.42	1.24401e-07
399.44	1.23949e-07
399.46	1.23504e-07
399.48	1.23064e-07
399.5	1.2263e-07
399.52	1.22201e-07
399.54	1.21779e-07
399.56	1.21361e-07
399.58	1.20949e-07
399.6	1.20543e-07
399.62	1.20141e-07
399.64	1.19746e-07
399.66	1.19355e-07
399.68	1.1897e-07
399.7	1.18589e-07
399.72	1.18214e-07
399.74	1.17844e-07
399.76	1.1748e-07
399.78	1.1712e-07
399.8	1.16765e-07
399.82	1.16415e-07
399.84	1.16069e-07
399.86	1.15729e-07
399.88	1.15393e-07
399.9	1.15063e-07
399.92	1.14737e-07
399.94	1.14415e-07
399.96	1.14098e-07
399.98	1.13786e-07
400	1.13479e-07
400.02	1.13176e-07
400.04	1.12877e-07
400.06	1.12583e-07
400.08	1.12293e-07
400.1	1.12008e-07
400.12	1.11727e-07
400.14	1.1145e-07
400.16	1.11178e-07
400.18	1.1091e-07
400.2	1.10646e-07
400.22	1.10387e-07
400.24	1.10131e-07
400.26	1.0988e-07
400.28	1.09633e-07
400.3	1.0939e-07
400.32	1.09151e-07
400.34	1.08916e-07
400.36	1.08685e-07
400.38	1.08458e-07
400.4	1.08235e-07
400.42	1.08015e-07
400.44	1.078e-07
400.46	1.07589e-07
400.48	1.07381e-07
400.5	1.07178e-07
400.52	1.06978e-07
400.54	1.06782e-07
400.56	1.06589e-07
400.58	1.06401e-07
400.6	1.06216e-07
400.62	1.06035e-07
400.64	1.05857e-07
400.66	1.05683e-07
400.68	1.05513e-07
400.7	1.05347e-07
400.72	1.05184e-07
400.74	1.05024e-07
400.76	1.04868e-07
400.78	1.04716e-07
400.8	1.04567e-07
400.82	1.04422e-07
400.84	1.0428e-07
400.86	1.04142e-07
400.88	1.04007e-07
400.9	1.03875e-07
400.92	1.03747e-07
400.94	1.03623e-07
400.96	1.03502e-07
400.98	1.03384e-07
401	1.03269e-07
401.02	1.03158e-07
401.04	1.03051e-07
401.06	1.02946e-07
401.08	1.02845e-07
401.1	1.02748e-07
401.12	1.02653e-07
401.14	1.02562e-07
401.16	1.02474e-07
401.18	1.0239e-07
401.2	1.02308e-07
401.22	1.0223e-07
401.24	1.02155e-07
401.26	1.02084e-07
401.28	1.02015e-07
401.3	1.0195e-07
401.32	1.01888e-07
401.34	1.01829e-07
401.36	1.01774e-07
401.38	1.01721e-07
401.4	1.01672e-07
401.42	1.01626e-07
401.44	1.01583e-07
401.46	1.01544e-07
401.48	1.01507e-07
401.5	1.01474e-07
401.52	1.01443e-07
401.54	1.01416e-07
401.56	1.01392e-07
401.58	1.01372e-07
401.6	1.01354e-07
401.62	1.0134e-07
401.64	1.01328e-07
401.66	1.0132e-07
401.68	1.01315e-07
401.7	1.01313e-07
401.72	1.01314e-07
401.74	1.01318e-07
401.76	1.01326e-07
401.78	1.01336e-07
401.8	1.0135e-07
401.82	1.01367e-07
401.84	1.01387e-07
401.86	1.0141e-07
401.88	1.01436e-07
401.9	1.01465e-07
401.92	1.01498e-07
401.94	1.01534e-07
401.96	1.01572e-07
401.98	1.01614e-07
402	1.0166e-07
402.02	1.01708e-07
402.04	1.01759e-07
402.06	1.01814e-07
402.08	1.01872e-07
402.1	1.01933e-07
402.12	1.01997e-07
402.14	1.02065e-07
402.16	1.02135e-07
402.18	1.02209e-07
402.2	1.02287e-07
402.22	1.02367e-07
402.24	1.02451e-07
402.26	1.02537e-07
402.28	1.02628e-07
402.3	1.02721e-07
402.32	1.02818e-07
402.34	1.02918e-07
402.36	1.03021e-07
402.38	1.03128e-07
402.4	1.03238e-07
402.42	1.03352e-07
402.44	1.03469e-07
402.46	1.03589e-07
402.48	1.03712e-07
402.5	1.03839e-07
402.52	1.0397e-07
402.54	1.04104e-07
402.56	1.04241e-07
402.58	1.04382e-07
402.6	1.04527e-07
402.62	1.04674e-07
402.64	1.04826e-07
402.66	1.04981e-07
402.68	1.0514e-07
402.7	1.05302e-07
402.72	1.05468e-07
402.74	1.05637e-07
402.76	1.0581e-07
402.78	1.05987e-07
402.8	1.06168e-07
402.82	1.06352e-07
402.84	1.06541e-07
402.86	1.06733e-07
402.88	1.06928e-07
402.9	1.07128e-07
402.92	1.07331e-07
402.94	1.07539e-07
402.96	1.0775e-07
402.98	1.07966e-07
403	1.08185e-07
403.02	1.08408e-07
403.04	1.08636e-07
403.06	1.08867e-07
403.08	1.09103e-07
403.1	1.09343e-07
403.12	1.09587e-07
403.14	1.09835e-07
403.16	1.10088e-07
403.18	1.10345e-07
403.2	1.10606e-07
403.22	1.10871e-07
403.24	1.11142e-07
403.26	1.11416e-07
403.28	1.11695e-07
403.3	1.11979e-07
403.32	1.12267e-07
403.34	1.1256e-07
403.36	1.12858e-07
403.38	1.1316e-07
403.4	1.13467e-07
403.42	1.13779e-07
403.44	1.14096e-07
403.46	1.14418e-07
403.48	1.14745e-07
403.5	1.15077e-07
403.52	1.15414e-07
403.54	1.15757e-07
403.56	1.16104e-07
403.58	1.16457e-07
403.6	1.16816e-07
403.62	1.17179e-07
403.64	1.17549e-07
403.66	1.17923e-07
403.68	1.18304e-07
403.7	1.1869e-07
403.72	1.19082e-07
403.74	1.1948e-07
403.76	1.19883e-07
403.78	1.20293e-07
403.8	1.20709e-07
403.82	1.21131e-07
403.84	1.21559e-07
403.86	1.21994e-07
403.88	1.22435e-07
403.9	1.22882e-07
403.92	1.23337e-07
403.94	1.23797e-07
403.96	1.24265e-07
403.98	1.2474e-07
404	1.25221e-07
404.02	1.2571e-07
404.04	1.26206e-07
404.06	1.26709e-07
404.08	1.2722e-07
404.1	1.27738e-07
404.12	1.28264e-07
404.14	1.28798e-07
404.16	1.2934e-07
404.18	1.2989e-07
404.2	1.30448e-07
404.22	1.31014e-07
404.24	1.31589e-07
404.26	1.32173e-07
404.28	1.32765e-07
404.3	1.33366e-07
404.32	1.33976e-07
404.34	1.34596e-07
404.36	1.35225e-07
404.38	1.35864e-07
404.4	1.36512e-07
404.42	1.3717e-07
404.44	1.37839e-07
404.46	1.38518e-07
404.48	1.39207e-07
404.5	1.39907e-07
404.52	1.40618e-07
404.54	1.41341e-07
404.56	1.42075e-07
404.58	1.4282e-07
404.6	1.43578e-07
404.62	1.44347e-07
404.64	1.45129e-07
404.66	1.45924e-07
404.68	1.46732e-07
404.7	1.47553e-07
404.72	1.48388e-07
404.74	1.49237e-07
404.76	1.501e-07
404.78	1.50977e-07
404.8	1.5187e-07
404.82	1.52778e-07
404.84	1.53701e-07
404.86	1.54641e-07
404.88	1.55597e-07
404.9	1.56571e-07
404.92	1.57561e-07
404.94	1.5857e-07
404.96	1.59597e-07
404.98	1.60643e-07
405	1.61708e-07
405.02	1.62794e-07
405.04	1.639e-07
405.06	1.65027e-07
405.08	1.66177e-07
405.1	1.67349e-07
405.12	1.68544e-07
405.14	1.69764e-07
405.16	1.71008e-07
405.18	1.72278e-07
405.2	1.73576e-07
405.22	1.749e-07
405.24	1.76254e-07
405.26	1.77638e-07
405.28	1.79052e-07
405.3	1.80499e-07
405.32	1.8198e-07
405.34	1.83495e-07
405.36	1.85047e-07
405.38	1.86638e-07
405.4	1.88269e-07
405.42	1.89942e-07
405.44	1.91659e-07
405.46	1.93422e-07
405.48	1.95235e-07
405.5	1.97099e-07
405.52	1.99019e-07
405.54	2.00997e-07
405.56	2.03037e-07
405.58	2.05143e-07
405.6	2.07321e-07
405.62	2.09576e-07
405.64	2.11914e-07
405.66	2.14342e-07
405.68	2.1687e-07
405.7	2.19506e-07
405.72	2.22263e-07
405.74	2.25156e-07
405.76	2.28202e-07
405.78	2.31426e-07
405.8	2.34856e-07
405.82	2.38532e-07
405.84	2.42513e-07
405.86	2.46879e-07
405.88	2.51763e-07
405.9	2.57396e-07
405.92	2.64235e-07
405.94	2.7337e-07
405.96	2.87911e-07
405.98	3.18709e-07
406	4.08799e-07
406.02	6.6491e-07
406.04	1.29532e-06
406.06	2.77158e-06
406.08	5.91807e-06
406.1	1.18243e-05
406.12	2.19378e-05
406.14	3.82202e-05
406.16	6.26976e-05
406.18	9.64777e-05
406.2	0.000138884
406.22	0.000187258
406.24	0.000237993
406.26	0.000287995
406.28	0.000335239
406.3	0.000378615
406.32	0.00041765
406.34	0.000452364
406.36	0.000483136
406.38	0.000510526
406.4	0.000535118
406.42	0.000557435
406.44	0.000577905
406.46	0.000596868
406.48	0.000614584
406.5	0.000631249
406.52	0.000647011
406.54	0.000661982
406.56	0.000676242
406.58	0.000689852
406.6	0.000702857
406.62	0.000715289
406.64	0.000727173
406.66	0.000738527
406.68	0.000749367
406.7	0.000759705
406.72	0.000769551
406.74	0.000778917
406.76	0.000787811
406.78	0.000796242
406.8	0.00080422
406.82	0.000811753
406.84	0.00081885
406.86	0.00082552
406.88	0.000831772
406.9	0.000837615
406.92	0.000843057
406.94	0.000848108
406.96	0.000852776
406.98	0.000857069
407	0.000860996
407.02	0.000864566
407.04	0.000867786
407.06	0.000870665
407.08	0.00087321
407.1	0.000875429
407.12	0.00087733
407.14	0.000878919
407.16	0.000880203
407.18	0.000881191
407.2	0.000881888
407.22	0.000882302
407.24	0.000882439
407.26	0.000882305
407.28	0.000881907
407.3	0.000881251
407.32	0.000880344
407.34	0.000879191
407.36	0.000877798
407.38	0.000876172
407.4	0.000874318
407.42	0.000872241
407.44	0.000869949
407.46	0.000867446
407.48	0.000864737
407.5	0.000861829
407.52	0.000858727
407.54	0.000855437
407.56	0.000851963
407.58	0.000848311
407.6	0.000844486
407.62	0.000840494
407.64	0.00083634
407.66	0.000832029
407.68	0.000827566
407.7	0.000822957
407.72	0.000818206
407.74	0.000813318
407.76	0.000808299
407.78	0.000803153
407.8	0.000797886
407.82	0.000792501
407.84	0.000787005
407.86	0.000781401
407.88	0.000775695
407.9	0.000769891
407.92	0.000763993
407.94	0.000758007
407.96	0.000751937
407.98	0.000745787
408	0.000739562
408.02	0.000733265
408.04	0.000726902
408.06	0.000720476
408.08	0.000713992
408.1	0.000707454
408.12	0.000700865
408.14	0.00069423
408.16	0.000687552
408.18	0.000680835
408.2	0.000674084
408.22	0.000667301
408.24	0.00066049
408.26	0.000653655
408.28	0.000646798
408.3	0.000639925
408.32	0.000633037
408.34	0.000626138
408.36	0.000619231
408.38	0.000612319
408.4	0.000605405
408.42	0.000598491
408.44	0.000591582
408.46	0.000584678
408.48	0.000577784
408.5	0.000570901
408.52	0.000564032
408.54	0.000557179
408.56	0.000550345
408.58	0.000543532
408.6	0.000536741
408.62	0.000529976
408.64	0.000523238
408.66	0.000516529
408.68	0.000509851
408.7	0.000503206
408.72	0.000496595
408.74	0.00049002
408.76	0.000483483
408.78	0.000476985
408.8	0.000470527
408.82	0.000464112
408.84	0.00045774
408.86	0.000451412
408.88	0.00044513
408.9	0.000438895
408.92	0.000432707
408.94	0.000426569
408.96	0.000420481
408.98	0.000414443
409	0.000408457
409.02	0.000402523
409.04	0.000396643
409.06	0.000390816
409.08	0.000385044
409.1	0.000379326
409.12	0.000373665
409.14	0.000368059
409.16	0.00036251
409.18	0.000357018
409.2	0.000351583
409.22	0.000346206
409.24	0.000340887
409.26	0.000335626
409.28	0.000330423
409.3	0.000325279
409.32	0.000320193
409.34	0.000315167
409.36	0.000310199
409.38	0.00030529
409.4	0.00030044
409.42	0.000295649
409.44	0.000290916
409.46	0.000286243
409.48	0.000281628
409.5	0.000277072
409.52	0.000272574
409.54	0.000268135
409.56	0.000263753
409.58	0.000259429
409.6	0.000255163
409.62	0.000250955
409.64	0.000246803
409.66	0.000242708
409.68	0.000238669
409.7	0.000234687
409.72	0.00023076
409.74	0.000226889
409.76	0.000223073
409.78	0.000219311
409.8	0.000215604
409.82	0.000211951
409.84	0.000208351
409.86	0.000204804
409.88	0.00020131
409.9	0.000197867
409.92	0.000194477
409.94	0.000191137
409.96	0.000187849
409.98	0.00018461
410	0.000181422
410.02	0.000178282
410.04	0.000175191
410.06	0.000172149
410.08	0.000169154
410.1	0.000166207
410.12	0.000163306
410.14	0.000160451
410.16	0.000157642
410.18	0.000154878
410.2	0.000152159
410.22	0.000149484
410.24	0.000146852
410.26	0.000144264
410.28	0.000141718
410.3	0.000139214
410.32	0.000136751
410.34	0.000134329
410.36	0.000131948
410.38	0.000129606
410.4	0.000127304
410.42	0.00012504
410.44	0.000122815
410.46	0.000120627
410.48	0.000118477
410.5	0.000116363
410.52	0.000114286
410.54	0.000112244
410.56	0.000110238
410.58	0.000108266
410.6	0.000106328
410.62	0.000104423
410.64	0.000102552
410.66	0.000100714
410.68	9.89077e-05
410.7	9.71331e-05
410.72	9.53896e-05
410.74	9.36769e-05
410.76	9.19944e-05
410.78	9.03417e-05
410.8	8.87183e-05
410.82	8.71237e-05
410.84	8.55575e-05
410.86	8.40192e-05
410.88	8.25084e-05
410.9	8.10247e-05
410.92	7.95675e-05
410.94	7.81365e-05
410.96	7.67312e-05
410.98	7.53513e-05
411	7.39963e-05
411.02	7.26657e-05
411.04	7.13592e-05
411.06	7.00764e-05
411.08	6.88169e-05
411.1	6.75802e-05
411.12	6.6366e-05
411.14	6.5174e-05
411.16	6.40036e-05
411.18	6.28546e-05
411.2	6.17267e-05
411.22	6.06193e-05
411.24	5.95322e-05
411.26	5.8465e-05
411.28	5.74174e-05
411.3	5.6389e-05
411.32	5.53795e-05
411.34	5.43886e-05
411.36	5.34158e-05
411.38	5.2461e-05
411.4	5.15237e-05
411.42	5.06038e-05
411.44	4.97007e-05
411.46	4.88144e-05
411.48	4.79443e-05
411.5	4.70904e-05
411.52	4.62522e-05
411.54	4.54295e-05
411.56	4.4622e-05
411.58	4.38294e-05
411.6	4.30514e-05
411.62	4.22879e-05
411.64	4.15384e-05
411.66	4.08029e-05
411.68	4.00809e-05
411.7	3.93723e-05
411.72	3.86768e-05
411.74	3.79942e-05
411.76	3.73242e-05
411.78	3.66665e-05
411.8	3.60211e-05
411.82	3.53876e-05
411.84	3.47658e-05
411.86	3.41555e-05
411.88	3.35565e-05
411.9	3.29685e-05
411.92	3.23914e-05
411.94	3.1825e-05
411.96	3.12691e-05
411.98	3.07234e-05
412	3.01877e-05
412.02	2.9662e-05
412.04	2.91459e-05
412.06	2.86394e-05
412.08	2.81422e-05
412.1	2.76542e-05
412.12	2.71751e-05
412.14	2.67049e-05
412.16	2.62433e-05
412.18	2.57901e-05
412.2	2.53454e-05
412.22	2.49087e-05
412.24	2.44801e-05
412.26	2.40594e-05
412.28	2.36463e-05
412.3	2.32408e-05
412.32	2.28428e-05
412.34	2.2452e-05
412.36	2.20684e-05
412.38	2.16917e-05
412.4	2.1322e-05
412.42	2.0959e-05
412.44	2.06026e-05
412.46	2.02527e-05
412.48	1.99091e-05
412.5	1.95718e-05
412.52	1.92406e-05
412.54	1.89155e-05
412.56	1.85962e-05
412.58	1.82827e-05
412.6	1.79749e-05
412.62	1.76727e-05
412.64	1.73759e-05
412.66	1.70845e-05
412.68	1.67983e-05
412.7	1.65173e-05
412.72	1.62413e-05
412.74	1.59703e-05
412.76	1.57042e-05
412.78	1.54428e-05
412.8	1.51862e-05
412.82	1.49341e-05
412.84	1.46866e-05
412.86	1.44434e-05
412.88	1.42047e-05
412.9	1.39701e-05
412.92	1.37398e-05
412.94	1.35135e-05
412.96	1.32913e-05
412.98	1.3073e-05
413	1.28586e-05
413.02	1.2648e-05
413.04	1.24412e-05
413.06	1.2238e-05
413.08	1.20383e-05
413.1	1.18422e-05
413.12	1.16496e-05
413.14	1.14604e-05
413.16	1.12745e-05
413.18	1.10918e-05
413.2	1.09124e-05
413.22	1.07361e-05
413.24	1.05629e-05
413.26	1.03927e-05
413.28	1.02255e-05
413.3	1.00612e-05
413.32	9.89974e-06
413.34	9.74112e-06
413.36	9.58526e-06
413.38	9.43211e-06
413.4	9.28161e-06
413.42	9.13373e-06
413.44	8.9884e-06
413.46	8.84558e-06
413.48	8.70524e-06
413.5	8.56731e-06
413.52	8.43176e-06
413.54	8.29854e-06
413.56	8.16762e-06
413.58	8.03894e-06
413.6	7.91247e-06
413.62	7.78816e-06
413.64	7.66599e-06
413.66	7.5459e-06
413.68	7.42786e-06
413.7	7.31183e-06
413.72	7.19778e-06
413.74	7.08568e-06
413.76	6.97547e-06
413.78	6.86714e-06
413.8	6.76064e-06
413.82	6.65595e-06
413.84	6.55303e-06
413.86	6.45185e-06
413.88	6.35237e-06
413.9	6.25457e-06
413.92	6.15842e-06
413.94	6.06388e-06
413.96	5.97094e-06
413.98	5.87955e-06
414	5.78969e-06
414.02	5.70134e-06
414.04	5.61447e-06
414.06	5.52904e-06
414.08	5.44504e-06
414.1	5.36244e-06
414.12	5.28122e-06
414.14	5.20134e-06
414.16	5.12279e-06
414.18	5.04554e-06
414.2	4.96958e-06
414.22	4.89487e-06
414.24	4.82139e-06
414.26	4.74913e-06
414.28	4.67806e-06
414.3	4.60815e-06
414.32	4.5394e-06
414.34	4.47178e-06
414.36	4.40527e-06
414.38	4.33984e-06
414.4	4.27549e-06
414.42	4.21219e-06
414.44	4.14993e-06
414.46	4.08868e-06
414.48	4.02843e-06
414.5	3.96916e-06
414.52	3.91085e-06
414.54	3.85349e-06
414.56	3.79706e-06
414.58	3.74155e-06
414.6	3.68693e-06
414.62	3.63319e-06
414.64	3.58033e-06
414.66	3.52831e-06
414.68	3.47714e-06
414.7	3.42678e-06
414.72	3.37724e-06
414.74	3.32849e-06
414.76	3.28052e-06
414.78	3.23333e-06
414.8	3.18688e-06
414.82	3.14118e-06
414.84	3.09621e-06
414.86	3.05195e-06
414.88	3.0084e-06
414.9	2.96554e-06
414.92	2.92336e-06
414.94	2.88186e-06
414.96	2.84101e-06
414.98	2.8008e-06
415	2.76123e-06
415.02	2.72229e-06
415.04	2.68396e-06
415.06	2.64624e-06
415.08	2.60911e-06
415.1	2.57256e-06
415.12	2.53659e-06
415.14	2.50118e-06
415.16	2.46632e-06
415.18	2.43201e-06
415.2	2.39824e-06
415.22	2.36499e-06
415.24	2.33227e-06
415.26	2.30005e-06
415.28	2.26833e-06
415.3	2.23711e-06
415.32	2.20637e-06
415.34	2.17611e-06
415.36	2.14632e-06
415.38	2.11698e-06
415.4	2.0881e-06
415.42	2.05967e-06
415.44	2.03167e-06
415.46	2.00411e-06
415.48	1.97697e-06
415.5	1.95024e-06
415.52	1.92393e-06
415.54	1.89802e-06
415.56	1.8725e-06
415.58	1.84738e-06
415.6	1.82264e-06
415.62	1.79828e-06
415.64	1.77429e-06
415.66	1.75066e-06
415.68	1.7274e-06
415.7	1.70448e-06
415.72	1.68192e-06
415.74	1.65969e-06
415.76	1.63781e-06
415.78	1.61625e-06
415.8	1.59502e-06
415.82	1.57411e-06
415.84	1.55351e-06
415.86	1.53323e-06
415.88	1.51325e-06
415.9	1.49357e-06
415.92	1.47418e-06
415.94	1.45508e-06
415.96	1.43627e-06
415.98	1.41775e-06
416	1.39949e-06
416.02	1.38151e-06
416.04	1.3638e-06
416.06	1.34635e-06
416.08	1.32916e-06
416.1	1.31222e-06
416.12	1.29554e-06
416.14	1.2791e-06
416.16	1.26291e-06
416.18	1.24695e-06
416.2	1.23123e-06
416.22	1.21574e-06
416.24	1.20048e-06
416.26	1.18544e-06
416.28	1.17063e-06
416.3	1.15603e-06
416.32	1.14164e-06
416.34	1.12747e-06
416.36	1.1135e-06
416.38	1.09973e-06
416.4	1.08617e-06
416.42	1.0728e-06
416.44	1.05963e-06
416.46	1.04665e-06
416.48	1.03386e-06
416.5	1.02125e-06
416.52	1.00882e-06
416.54	9.96576e-07
416.56	9.84507e-07
416.58	9.72611e-07
416.6	9.60886e-07
416.62	9.4933e-07
416.64	9.3794e-07
416.66	9.26714e-07
416.68	9.15647e-07
416.7	9.0474e-07
416.72	8.93988e-07
416.74	8.83389e-07
416.76	8.72941e-07
416.78	8.62642e-07
416.8	8.52489e-07
416.82	8.4248e-07
416.84	8.32613e-07
416.86	8.22886e-07
416.88	8.13296e-07
416.9	8.03842e-07
416.92	7.94521e-07
416.94	7.85331e-07
416.96	7.7627e-07
416.98	7.67336e-07
417	7.58528e-07
417.02	7.49843e-07
417.04	7.4128e-07
417.06	7.32836e-07
417.08	7.2451e-07
417.1	7.163e-07
417.12	7.08204e-07
417.14	7.00221e-07
417.16	6.92349e-07
417.18	6.84585e-07
417.2	6.7693e-07
417.22	6.6938e-07
417.24	6.61934e-07
417.26	6.54591e-07
417.28	6.47349e-07
417.3	6.40206e-07
417.32	6.33162e-07
417.34	6.26214e-07
417.36	6.19362e-07
417.38	6.12603e-07
417.4	6.05937e-07
417.42	5.99361e-07
417.44	5.92876e-07
417.46	5.86478e-07
417.48	5.80168e-07
417.5	5.73943e-07
417.52	5.67802e-07
417.54	5.61745e-07
417.56	5.55769e-07
417.58	5.49875e-07
417.6	5.44059e-07
417.62	5.38322e-07
417.64	5.32663e-07
417.66	5.27079e-07
417.68	5.2157e-07
417.7	5.16135e-07
417.72	5.10773e-07
417.74	5.05482e-07
417.76	5.00262e-07
417.78	4.95112e-07
417.8	4.9003e-07
417.82	4.85016e-07
417.84	4.80068e-07
417.86	4.75186e-07
417.88	4.70369e-07
417.9	4.65615e-07
417.92	4.60924e-07
417.94	4.56295e-07
417.96	4.51727e-07
417.98	4.47219e-07
418	4.4277e-07
418.02	4.3838e-07
418.04	4.34047e-07
418.06	4.29771e-07
418.08	4.25551e-07
418.1	4.21386e-07
418.12	4.17275e-07
418.14	4.13218e-07
418.16	4.09213e-07
418.18	4.05261e-07
418.2	4.0136e-07
418.22	3.97509e-07
418.24	3.93708e-07
418.26	3.89957e-07
418.28	3.86253e-07
418.3	3.82598e-07
418.32	3.78989e-07
418.34	3.75427e-07
418.36	3.71911e-07
418.38	3.6844e-07
418.4	3.65013e-07
418.42	3.6163e-07
418.44	3.5829e-07
418.46	3.54993e-07
418.48	3.51738e-07
418.5	3.48525e-07
418.52	3.45352e-07
418.54	3.42219e-07
418.56	3.39127e-07
418.58	3.36073e-07
418.6	3.33058e-07
418.62	3.30081e-07
418.64	3.27142e-07
418.66	3.24239e-07
418.68	3.21374e-07
418.7	3.18544e-07
418.72	3.1575e-07
418.74	3.12991e-07
418.76	3.10266e-07
418.78	3.07576e-07
418.8	3.04919e-07
418.82	3.02295e-07
418.84	2.99704e-07
418.86	2.97145e-07
418.88	2.94618e-07
418.9	2.92123e-07
418.92	2.89658e-07
418.94	2.87224e-07
418.96	2.8482e-07
418.98	2.82446e-07
419	2.80102e-07
419.02	2.77786e-07
419.04	2.75498e-07
419.06	2.73239e-07
419.08	2.71008e-07
419.1	2.68804e-07
419.12	2.66627e-07
419.14	2.64476e-07
419.16	2.62353e-07
419.18	2.60255e-07
419.2	2.58182e-07
419.22	2.56135e-07
419.24	2.54113e-07
419.26	2.52116e-07
419.28	2.50142e-07
419.3	2.48193e-07
419.32	2.46268e-07
419.34	2.44365e-07
419.36	2.42486e-07
419.38	2.4063e-07
419.4	2.38796e-07
419.42	2.36984e-07
419.44	2.35194e-07
419.46	2.33426e-07
419.48	2.31679e-07
419.5	2.29953e-07
419.52	2.28247e-07
419.54	2.26562e-07
419.56	2.24898e-07
419.58	2.23253e-07
419.6	2.21628e-07
419.62	2.20023e-07
419.64	2.18436e-07
419.66	2.16869e-07
419.68	2.1532e-07
419.7	2.1379e-07
419.72	2.12278e-07
419.74	2.10784e-07
419.76	2.09308e-07
419.78	2.0785e-07
419.8	2.06408e-07
419.82	2.04984e-07
419.84	2.03577e-07
419.86	2.02186e-07
419.88	2.00812e-07
419.9	1.99454e-07
419.92	1.98113e-07
419.94	1.96787e-07
419.96	1.95477e-07
419.98	1.94182e-07
420	1.92902e-07
420.02	1.91638e-07
420.04	1.90388e-07
420.06	1.89154e-07
420.08	1.87934e-07
420.1	1.86728e-07
420.12	1.85536e-07
420.14	1.84358e-07
420.16	1.83195e-07
420.18	1.82045e-07
420.2	1.80908e-07
420.22	1.79785e-07
420.24	1.78675e-07
420.26	1.77578e-07
420.28	1.76493e-07
420.3	1.75422e-07
420.32	1.74363e-07
420.34	1.73317e-07
420.36	1.72282e-07
420.38	1.7126e-07
420.4	1.7025e-07
420.42	1.69252e-07
420.44	1.68265e-07
420.46	1.6729e-07
420.48	1.66327e-07
420.5	1.65374e-07
420.52	1.64433e-07
420.54	1.63503e-07
420.56	1.62584e-07
420.58	1.61675e-07
420.6	1.60777e-07
420.62	1.5989e-07
420.64	1.59013e-07
420.66	1.58146e-07
420.68	1.5729e-07
420.7	1.56444e-07
420.72	1.55607e-07
420.74	1.5478e-07
420.76	1.53963e-07
420.78	1.53156e-07
420.8	1.52358e-07
420.82	1.5157e-07
420.84	1.50791e-07
420.86	1.50021e-07
420.88	1.4926e-07
420.9	1.48508e-07
420.92	1.47765e-07
420.94	1.4703e-07
420.96	1.46305e-07
420.98	1.45588e-07
421	1.44879e-07
421.02	1.44179e-07
421.04	1.43487e-07
421.06	1.42803e-07
421.08	1.42128e-07
421.1	1.4146e-07
421.12	1.40801e-07
421.14	1.40149e-07
421.16	1.39505e-07
421.18	1.38869e-07
421.2	1.38241e-07
421.22	1.3762e-07
421.24	1.37006e-07
421.26	1.364e-07
421.28	1.35801e-07
421.3	1.35209e-07
421.32	1.34625e-07
421.34	1.34048e-07
421.36	1.33477e-07
421.38	1.32914e-07
421.4	1.32357e-07
421.42	1.31808e-07
421.44	1.31265e-07
421.46	1.30728e-07
421.48	1.30198e-07
421.5	1.29675e-07
421.52	1.29158e-07
421.54	1.28648e-07
421.56	1.28144e-07
421.58	1.27646e-07
421.6	1.27155e-07
421.62	1.26669e-07
421.64	1.2619e-07
421.66	1.25717e-07
421.68	1.2525e-07
421.7	1.24788e-07
421.72	1.24333e-07
421.74	1.23883e-07
421.76	1.23439e-07
421.78	1.23001e-07
421.8	1.22569e-07
421.82	1.22142e-07
421.84	1.2172e-07
421.86	1.21304e-07
421.88	1.20894e-07
421.9	1.20489e-07
421.92	1.20089e-07
421.94	1.19695e-07
421.96	1.19305e-07
421.98	1.18921e-07
422	1.18543e-07
422.02	1.18169e-07
422.04	1.178e-07
422.06	1.17437e-07
422.08	1.17078e-07
422.1	1.16725e-07
422.12	1.16376e-07
422.14	1.16032e-07
422.16	1.15693e-07
422.18	1.15359e-07
422.2	1.15029e-07
422.22	1.14704e-07
422.24	1.14384e-07
422.26	1.14068e-07
422.28	1.13757e-07
422.3	1.13451e-07
422.32	1.13149e-07
422.34	1.12852e-07
422.36	1.12559e-07
422.38	1.1227e-07
422.4	1.11986e-07
422.42	1.11706e-07
422.44	1.11431e-07
422.46	1.1116e-07
422.48	1.10893e-07
422.5	1.1063e-07
422.52	1.10371e-07
422.54	1.10117e-07
422.56	1.09867e-07
422.58	1.09621e-07
422.6	1.09379e-07
422.62	1.09141e-07
422.64	1.08907e-07
422.66	1.08677e-07
422.68	1.08451e-07
422.7	1.08229e-07
422.72	1.08011e-07
422.74	1.07796e-07
422.76	1.07586e-07
422.78	1.07379e-07
422.8	1.07177e-07
422.82	1.06978e-07
422.84	1.06783e-07
422.86	1.06591e-07
422.88	1.06403e-07
422.9	1.06219e-07
422.92	1.06039e-07
422.94	1.05863e-07
422.96	1.0569e-07
422.98	1.0552e-07
423	1.05355e-07
423.02	1.05192e-07
423.04	1.05034e-07
423.06	1.04879e-07
423.08	1.04727e-07
423.1	1.04579e-07
423.12	1.04435e-07
423.14	1.04294e-07
423.16	1.04157e-07
423.18	1.04023e-07
423.2	1.03892e-07
423.22	1.03765e-07
423.24	1.03641e-07
423.26	1.03521e-07
423.28	1.03404e-07
423.3	1.0329e-07
423.32	1.0318e-07
423.34	1.03073e-07
423.36	1.02969e-07
423.38	1.02869e-07
423.4	1.02772e-07
423.42	1.02678e-07
423.44	1.02588e-07
423.46	1.02501e-07
423.48	1.02417e-07
423.5	1.02336e-07
423.52	1.02259e-07
423.54	1.02185e-07
423.56	1.02114e-07
423.58	1.02046e-07
423.6	1.01982e-07
423.62	1.01921e-07
423.64	1.01863e-07
423.66	1.01808e-07
423.68	1.01756e-07
423.7	1.01707e-07
423.72	1.01662e-07
423.74	1.0162e-07
423.76	1.01581e-07
423.78	1.01545e-07
423.8	1.01512e-07
423.82	1.01483e-07
423.84	1.01456e-07
423.86	1.01433e-07
423.88	1.01413e-07
423.9	1.01396e-07
423.92	1.01382e-07
423.94	1.01372e-07
423.96	1.01364e-07
423.98	1.0136e-07
424	1.01358e-07
424.02	1.0136e-07
424.04	1.01365e-07
424.06	1.01373e-07
424.08	1.01384e-07
424.1	1.01398e-07
424.12	1.01416e-07
424.14	1.01437e-07
424.16	1.0146e-07
424.18	1.01487e-07
424.2	1.01517e-07
424.22	1.0155e-07
424.24	1.01587e-07
424.26	1.01626e-07
424.28	1.01669e-07
424.3	1.01714e-07
424.32	1.01763e-07
424.34	1.01815e-07
424.36	1.01871e-07
424.38	1.01929e-07
424.4	1.01991e-07
424.42	1.02056e-07
424.44	1.02124e-07
424.46	1.02195e-07
424.48	1.0227e-07
424.5	1.02347e-07
424.52	1.02428e-07
424.54	1.02513e-07
424.56	1.026e-07
424.58	1.02691e-07
424.6	1.02785e-07
424.62	1.02883e-07
424.64	1.02983e-07
424.66	1.03087e-07
424.68	1.03195e-07
424.7	1.03305e-07
424.72	1.03419e-07
424.74	1.03537e-07
424.76	1.03658e-07
424.78	1.03782e-07
424.8	1.03909e-07
424.82	1.0404e-07
424.84	1.04175e-07
424.86	1.04313e-07
424.88	1.04455e-07
424.9	1.046e-07
424.92	1.04748e-07
424.94	1.049e-07
424.96	1.05056e-07
424.98	1.05215e-07
425	1.05378e-07
425.02	1.05544e-07
425.04	1.05714e-07
425.06	1.05888e-07
425.08	1.06066e-07
425.1	1.06247e-07
425.12	1.06432e-07
425.14	1.06621e-07
425.16	1.06813e-07
425.18	1.0701e-07
425.2	1.0721e-07
425.22	1.07414e-07
425.24	1.07622e-07
425.26	1.07834e-07
425.28	1.0805e-07
425.3	1.0827e-07
425.32	1.08494e-07
425.34	1.08722e-07
425.36	1.08954e-07
425.38	1.0919e-07
425.4	1.09431e-07
425.42	1.09676e-07
425.44	1.09924e-07
425.46	1.10178e-07
425.48	1.10435e-07
425.5	1.10697e-07
425.52	1.10963e-07
425.54	1.11234e-07
425.56	1.11509e-07
425.58	1.11789e-07
425.6	1.12073e-07
425.62	1.12362e-07
425.64	1.12656e-07
425.66	1.12954e-07
425.68	1.13257e-07
425.7	1.13565e-07
425.72	1.13878e-07
425.74	1.14195e-07
425.76	1.14518e-07
425.78	1.14846e-07
425.8	1.15178e-07
425.82	1.15516e-07
425.84	1.15859e-07
425.86	1.16207e-07
425.88	1.16561e-07
425.9	1.1692e-07
425.92	1.17284e-07
425.94	1.17654e-07
425.96	1.1803e-07
425.98	1.18411e-07
426	1.18798e-07
426.02	1.1919e-07
426.04	1.19589e-07
426.06	1.19993e-07
426.08	1.20404e-07
426.1	1.2082e-07
426.12	1.21243e-07
426.14	1.21672e-07
426.16	1.22108e-07
426.18	1.22549e-07
426.2	1.22998e-07
426.22	1.23453e-07
426.24	1.23914e-07
426.26	1.24383e-07
426.28	1.24858e-07
426.3	1.2534e-07
426.32	1.2583e-07
426.34	1.26327e-07
426.36	1.26831e-07
426.38	1.27342e-07
426.4	1.27862e-07
426.42	1.28388e-07
426.44	1.28923e-07
426.46	1.29466e-07
426.48	1.30016e-07
426.5	1.30575e-07
426.52	1.31142e-07
426.54	1.31718e-07
426.56	1.32303e-07
426.58	1.32896e-07
426.6	1.33498e-07
426.62	1.34109e-07
426.64	1.3473e-07
426.66	1.35359e-07
426.68	1.35999e-07
426.7	1.36648e-07
426.72	1.37308e-07
426.74	1.37977e-07
426.76	1.38657e-07
426.78	1.39347e-07
426.8	1.40049e-07
426.82	1.40761e-07
426.84	1.41484e-07
426.86	1.42219e-07
426.88	1.42966e-07
426.9	1.43724e-07
426.92	1.44495e-07
426.94	1.45278e-07
426.96	1.46074e-07
426.98	1.46883e-07
427	1.47705e-07
427.02	1.48541e-07
427.04	1.49391e-07
427.06	1.50255e-07
427.08	1.51134e-07
427.1	1.52028e-07
427.12	1.52937e-07
427.14	1.53862e-07
427.16	1.54803e-07
427.18	1.55761e-07
427.2	1.56735e-07
427.22	1.57727e-07
427.24	1.58737e-07
427.26	1.59766e-07
427.28	1.60813e-07
427.3	1.6188e-07
427.32	1.62967e-07
427.34	1.64074e-07
427.36	1.65203e-07
427.38	1.66354e-07
427.4	1.67528e-07
427.42	1.68725e-07
427.44	1.69946e-07
427.46	1.71192e-07
427.48	1.72464e-07
427.5	1.73763e-07
427.52	1.7509e-07
427.54	1.76445e-07
427.56	1.77831e-07
427.58	1.79247e-07
427.6	1.80696e-07
427.62	1.82179e-07
427.64	1.83696e-07
427.66	1.85251e-07
427.68	1.86844e-07
427.7	1.88477e-07
427.72	1.90152e-07
427.74	1.91871e-07
427.76	1.93637e-07
427.78	1.95452e-07
427.8	1.9732e-07
427.82	1.99242e-07
427.84	2.01223e-07
427.86	2.03266e-07
427.88	2.05376e-07
427.9	2.07557e-07
427.92	2.09815e-07
427.94	2.12157e-07
427.96	2.14589e-07
427.98	2.17121e-07
428	2.19761e-07
428.02	2.22523e-07
428.04	2.25422e-07
428.06	2.28474e-07
428.08	2.31704e-07
428.1	2.35141e-07
428.12	2.38826e-07
428.14	2.42816e-07
428.16	2.47194e-07
428.18	2.52094e-07
428.2	2.57749e-07
428.22	2.64624e-07
428.24	2.7383e-07
428.26	2.88545e-07
428.28	3.19942e-07
428.3	4.11939e-07
428.32	6.72655e-07
428.34	1.31357e-06
428.36	2.81269e-06
428.38	6.00043e-06
428.4	1.1971e-05
428.42	2.21815e-05
428.44	3.86016e-05
428.46	6.32494e-05
428.48	9.72056e-05
428.5	0.000139754
428.52	0.000188204
428.54	0.000238947
428.56	0.000288907
428.58	0.000336081
428.6	0.000379373
428.62	0.000418321
428.64	0.000452952
428.66	0.000483651
428.68	0.000510981
428.7	0.000535524
428.72	0.0005578
428.74	0.000578238
428.76	0.000597174
428.78	0.000614867
428.8	0.000631513
428.82	0.000647259
428.84	0.000662215
428.86	0.000676462
428.88	0.00069006
428.9	0.000703053
428.92	0.000715474
428.94	0.000727347
428.96	0.000738691
428.98	0.000749521
429	0.000759849
429.02	0.000769686
429.04	0.000779043
429.06	0.000787928
429.08	0.00079635
429.1	0.000804319
429.12	0.000811844
429.14	0.000818933
429.16	0.000825595
429.18	0.000831839
429.2	0.000837674
429.22	0.000843109
429.24	0.000848153
429.26	0.000852813
429.28	0.0008571
429.3	0.000861021
429.32	0.000864584
429.34	0.000867798
429.36	0.000870671
429.38	0.00087321
429.4	0.000875423
429.42	0.000877318
429.44	0.000878902
429.46	0.000880181
429.48	0.000881163
429.5	0.000881856
429.52	0.000882264
429.54	0.000882396
429.56	0.000882258
429.58	0.000881856
429.6	0.000881196
429.62	0.000880284
429.64	0.000879127
429.66	0.00087773
429.68	0.0008761
429.7	0.000874243
429.72	0.000872163
429.74	0.000869867
429.76	0.000867361
429.78	0.000864649
429.8	0.000861738
429.82	0.000858633
429.84	0.00085534
429.86	0.000851863
429.88	0.000848208
429.9	0.000844381
429.92	0.000840387
429.94	0.000836231
429.96	0.000831917
429.98	0.000827452
430	0.000822841
430.02	0.000818088
430.04	0.000813198
430.06	0.000808178
430.08	0.00080303
430.1	0.000797761
430.12	0.000792375
430.14	0.000786877
430.16	0.000781272
430.18	0.000775565
430.2	0.00076976
430.22	0.000763861
430.24	0.000757874
430.26	0.000751803
430.28	0.000745653
430.3	0.000739427
430.32	0.00073313
430.34	0.000726766
430.36	0.00072034
430.38	0.000713855
430.4	0.000707317
430.42	0.000700728
430.44	0.000694092
430.46	0.000687414
430.48	0.000680698
430.5	0.000673946
430.52	0.000667163
430.54	0.000660353
430.56	0.000653518
430.58	0.000646662
430.6	0.000639789
430.62	0.000632901
430.64	0.000626003
430.66	0.000619096
430.68	0.000612185
430.7	0.000605271
430.72	0.000598358
430.74	0.000591449
430.76	0.000584547
430.78	0.000577653
430.8	0.000570771
430.82	0.000563903
430.84	0.000557051
430.86	0.000550218
430.88	0.000543405
430.9	0.000536616
430.92	0.000529852
430.94	0.000523115
430.96	0.000516407
430.98	0.000509731
431	0.000503086
431.02	0.000496477
431.04	0.000489903
431.06	0.000483367
431.08	0.00047687
431.1	0.000470414
431.12	0.000463999
431.14	0.000457628
431.16	0.000451302
431.18	0.000445021
431.2	0.000438787
431.22	0.000432602
431.24	0.000426465
431.26	0.000420377
431.28	0.000414341
431.3	0.000408356
431.32	0.000402424
431.34	0.000396545
431.36	0.000390719
431.38	0.000384948
431.4	0.000379232
431.42	0.000373572
431.44	0.000367968
431.46	0.00036242
431.48	0.00035693
431.5	0.000351496
431.52	0.00034612
431.54	0.000340802
431.56	0.000335543
431.58	0.000330341
431.6	0.000325198
431.62	0.000320114
431.64	0.000315089
431.66	0.000310122
431.68	0.000305215
431.7	0.000300366
431.72	0.000295576
431.74	0.000290845
431.76	0.000286173
431.78	0.00028156
431.8	0.000277005
431.82	0.000272508
431.84	0.00026807
431.86	0.00026369
431.88	0.000259367
431.9	0.000255102
431.92	0.000250895
431.94	0.000246744
431.96	0.00024265
431.98	0.000238613
432	0.000234632
432.02	0.000230706
432.04	0.000226836
432.06	0.000223021
432.08	0.00021926
432.1	0.000215554
432.12	0.000211902
432.14	0.000208303
432.16	0.000204757
432.18	0.000201264
432.2	0.000197823
432.22	0.000194433
432.24	0.000191095
432.26	0.000187807
432.28	0.000184569
432.3	0.000181382
432.32	0.000178243
432.34	0.000175153
432.36	0.000172112
432.38	0.000169118
432.4	0.000166171
432.42	0.000163271
432.44	0.000160417
432.46	0.000157609
432.48	0.000154846
432.5	0.000152128
432.52	0.000149454
432.54	0.000146823
432.56	0.000144235
432.58	0.00014169
432.6	0.000139186
432.62	0.000136724
432.64	0.000134303
432.66	0.000131922
432.68	0.000129581
432.7	0.00012728
432.72	0.000125017
432.74	0.000122792
432.76	0.000120605
432.78	0.000118456
432.8	0.000116343
432.82	0.000114266
432.84	0.000112225
432.86	0.000110218
432.88	0.000108247
432.9	0.00010631
432.92	0.000104406
432.94	0.000102535
432.96	0.000100698
432.98	9.88918e-05
433	9.71177e-05
433.02	9.53747e-05
433.04	9.36625e-05
433.06	9.19805e-05
433.08	9.03282e-05
433.1	8.87052e-05
433.12	8.71111e-05
433.14	8.55453e-05
433.16	8.40074e-05
433.18	8.2497e-05
433.2	8.10136e-05
433.22	7.95569e-05
433.24	7.81262e-05
433.26	7.67214e-05
433.28	7.53418e-05
433.3	7.39871e-05
433.32	7.26569e-05
433.34	7.13507e-05
433.36	7.00682e-05
433.38	6.8809e-05
433.4	6.75726e-05
433.42	6.63588e-05
433.44	6.5167e-05
433.46	6.3997e-05
433.48	6.28483e-05
433.5	6.17206e-05
433.52	6.06135e-05
433.54	5.95266e-05
433.56	5.84597e-05
433.58	5.74123e-05
433.6	5.63842e-05
433.62	5.53749e-05
433.64	5.43842e-05
433.66	5.34117e-05
433.68	5.24571e-05
433.7	5.152e-05
433.72	5.06003e-05
433.74	4.96974e-05
433.76	4.88112e-05
433.78	4.79414e-05
433.8	4.70876e-05
433.82	4.62496e-05
433.84	4.54271e-05
433.86	4.46197e-05
433.88	4.38273e-05
433.9	4.30495e-05
433.92	4.22861e-05
433.94	4.15369e-05
433.96	4.08014e-05
433.98	4.00796e-05
434	3.93711e-05
434.02	3.86758e-05
434.04	3.79933e-05
434.06	3.73234e-05
434.08	3.66659e-05
434.1	3.60206e-05
434.12	3.53872e-05
434.14	3.47655e-05
434.16	3.41553e-05
434.18	3.35564e-05
434.2	3.29685e-05
434.22	3.23915e-05
434.24	3.18252e-05
434.26	3.12693e-05
434.28	3.07237e-05
434.3	3.01882e-05
434.32	2.96625e-05
434.34	2.91466e-05
434.36	2.86401e-05
434.38	2.8143e-05
434.4	2.7655e-05
434.42	2.7176e-05
434.44	2.67058e-05
434.46	2.62443e-05
434.48	2.57912e-05
434.5	2.53465e-05
434.52	2.491e-05
434.54	2.44814e-05
434.56	2.40607e-05
434.58	2.36477e-05
434.6	2.32423e-05
434.62	2.28443e-05
434.64	2.24535e-05
434.66	2.20699e-05
434.68	2.16934e-05
434.7	2.13236e-05
434.72	2.09607e-05
434.74	2.06043e-05
434.76	2.02544e-05
434.78	1.99109e-05
434.8	1.95736e-05
434.82	1.92425e-05
434.84	1.89174e-05
434.86	1.85981e-05
434.88	1.82847e-05
434.9	1.79769e-05
434.92	1.76747e-05
434.94	1.73779e-05
434.96	1.70865e-05
434.98	1.68003e-05
435	1.65193e-05
435.02	1.62434e-05
435.04	1.59724e-05
435.06	1.57063e-05
435.08	1.5445e-05
435.1	1.51883e-05
435.12	1.49363e-05
435.14	1.46888e-05
435.16	1.44456e-05
435.18	1.42069e-05
435.2	1.39723e-05
435.22	1.3742e-05
435.24	1.35158e-05
435.26	1.32936e-05
435.28	1.30753e-05
435.3	1.28609e-05
435.32	1.26503e-05
435.34	1.24434e-05
435.36	1.22402e-05
435.38	1.20406e-05
435.4	1.18445e-05
435.42	1.16519e-05
435.44	1.14626e-05
435.46	1.12767e-05
435.48	1.10941e-05
435.5	1.09146e-05
435.52	1.07383e-05
435.54	1.05651e-05
435.56	1.0395e-05
435.58	1.02277e-05
435.6	1.00634e-05
435.62	9.90202e-06
435.64	9.74339e-06
435.66	9.58753e-06
435.68	9.43438e-06
435.7	9.28388e-06
435.72	9.13598e-06
435.74	8.99065e-06
435.76	8.84783e-06
435.78	8.70748e-06
435.8	8.56955e-06
435.82	8.43399e-06
435.84	8.30077e-06
435.86	8.16984e-06
435.88	8.04115e-06
435.9	7.91467e-06
435.92	7.79036e-06
435.94	7.66818e-06
435.96	7.54808e-06
435.98	7.43004e-06
436	7.314e-06
436.02	7.19995e-06
436.04	7.08783e-06
436.06	6.97762e-06
436.08	6.86928e-06
436.1	6.76277e-06
436.12	6.65807e-06
436.14	6.55514e-06
436.16	6.45395e-06
436.18	6.35446e-06
436.2	6.25665e-06
436.22	6.16049e-06
436.24	6.06595e-06
436.26	5.97299e-06
436.28	5.88159e-06
436.3	5.79173e-06
436.32	5.70337e-06
436.34	5.61648e-06
436.36	5.53105e-06
436.38	5.44704e-06
436.4	5.36443e-06
436.42	5.28319e-06
436.44	5.2033e-06
436.46	5.12474e-06
436.48	5.04749e-06
436.5	4.97151e-06
436.52	4.89679e-06
436.54	4.8233e-06
436.56	4.75103e-06
436.58	4.67995e-06
436.6	4.61003e-06
436.62	4.54127e-06
436.64	4.47364e-06
436.66	4.40711e-06
436.68	4.34168e-06
436.7	4.27732e-06
436.72	4.21401e-06
436.74	4.15173e-06
436.76	4.09047e-06
436.78	4.03021e-06
436.8	3.97093e-06
436.82	3.91261e-06
436.84	3.85524e-06
436.86	3.7988e-06
436.88	3.74328e-06
436.9	3.68865e-06
436.92	3.6349e-06
436.94	3.58203e-06
436.96	3.53e-06
436.98	3.47881e-06
437	3.42845e-06
437.02	3.3789e-06
437.04	3.33014e-06
437.06	3.28216e-06
437.08	3.23495e-06
437.1	3.18849e-06
437.12	3.14278e-06
437.14	3.0978e-06
437.16	3.05353e-06
437.18	3.00997e-06
437.2	2.9671e-06
437.22	2.92492e-06
437.24	2.8834e-06
437.26	2.84254e-06
437.28	2.80232e-06
437.3	2.76275e-06
437.32	2.72379e-06
437.34	2.68545e-06
437.36	2.64772e-06
437.38	2.61058e-06
437.4	2.57402e-06
437.42	2.53804e-06
437.44	2.50262e-06
437.46	2.46775e-06
437.48	2.43344e-06
437.5	2.39965e-06
437.52	2.3664e-06
437.54	2.33366e-06
437.56	2.30143e-06
437.58	2.26971e-06
437.6	2.23848e-06
437.62	2.20773e-06
437.64	2.17746e-06
437.66	2.14765e-06
437.68	2.11831e-06
437.7	2.08942e-06
437.72	2.06098e-06
437.74	2.03298e-06
437.76	2.0054e-06
437.78	1.97825e-06
437.8	1.95152e-06
437.82	1.9252e-06
437.84	1.89928e-06
437.86	1.87376e-06
437.88	1.84862e-06
437.9	1.82388e-06
437.92	1.79951e-06
437.94	1.77551e-06
437.96	1.75187e-06
437.98	1.7286e-06
438	1.70568e-06
438.02	1.6831e-06
438.04	1.66087e-06
438.06	1.63898e-06
438.08	1.61741e-06
438.1	1.59617e-06
438.12	1.57525e-06
438.14	1.55465e-06
438.16	1.53436e-06
438.18	1.51437e-06
438.2	1.49468e-06
438.22	1.47529e-06
438.24	1.45618e-06
438.26	1.43737e-06
438.28	1.41883e-06
438.3	1.40057e-06
438.32	1.38258e-06
438.34	1.36486e-06
438.36	1.3474e-06
438.38	1.33021e-06
438.4	1.31326e-06
438.42	1.29657e-06
438.44	1.28013e-06
438.46	1.26393e-06
438.48	1.24796e-06
438.5	1.23224e-06
438.52	1.21674e-06
438.54	1.20147e-06
438.56	1.18643e-06
438.58	1.17161e-06
438.6	1.157e-06
438.62	1.14261e-06
438.64	1.12843e-06
438.66	1.11445e-06
438.68	1.10068e-06
438.7	1.08711e-06
438.72	1.07374e-06
438.74	1.06056e-06
438.76	1.04757e-06
438.78	1.03477e-06
438.8	1.02216e-06
438.82	1.00973e-06
438.84	9.97473e-07
438.86	9.85398e-07
438.88	9.73496e-07
438.9	9.61766e-07
438.92	9.50204e-07
438.94	9.38808e-07
438.96	9.27576e-07
438.98	9.16504e-07
439	9.05591e-07
439.02	8.94833e-07
439.04	8.84229e-07
439.06	8.73775e-07
439.08	8.63471e-07
439.1	8.53313e-07
439.12	8.43299e-07
439.14	8.33426e-07
439.16	8.23694e-07
439.18	8.14099e-07
439.2	8.04639e-07
439.22	7.95313e-07
439.24	7.86118e-07
439.26	7.77052e-07
439.28	7.68114e-07
439.3	7.593e-07
439.32	7.50611e-07
439.34	7.42042e-07
439.36	7.33594e-07
439.38	7.25263e-07
439.4	7.17048e-07
439.42	7.08948e-07
439.44	7.0096e-07
439.46	6.93083e-07
439.48	6.85315e-07
439.5	6.77655e-07
439.52	6.701e-07
439.54	6.6265e-07
439.56	6.55303e-07
439.58	6.48056e-07
439.6	6.40909e-07
439.62	6.33861e-07
439.64	6.26909e-07
439.66	6.20052e-07
439.68	6.13289e-07
439.7	6.06619e-07
439.72	6.00039e-07
439.74	5.93549e-07
439.76	5.87148e-07
439.78	5.80833e-07
439.8	5.74604e-07
439.82	5.6846e-07
439.84	5.62399e-07
439.86	5.56419e-07
439.88	5.50521e-07
439.9	5.44702e-07
439.92	5.38961e-07
439.94	5.33298e-07
439.96	5.2771e-07
439.98	5.22198e-07
440	5.16759e-07
440.02	5.11393e-07
440.04	5.06099e-07
440.06	5.00875e-07
440.08	4.95721e-07
440.1	4.90636e-07
440.12	4.85618e-07
440.14	4.80667e-07
440.16	4.75782e-07
440.18	4.70961e-07
440.2	4.66204e-07
440.22	4.6151e-07
440.24	4.56877e-07
440.26	4.52306e-07
440.28	4.47795e-07
440.3	4.43343e-07
440.32	4.3895e-07
440.34	4.34614e-07
440.36	4.30335e-07
440.38	4.26111e-07
440.4	4.21943e-07
440.42	4.17829e-07
440.44	4.13769e-07
440.46	4.09762e-07
440.48	4.05806e-07
440.5	4.01902e-07
440.52	3.98049e-07
440.54	3.94245e-07
440.56	3.90491e-07
440.58	3.86785e-07
440.6	3.83126e-07
440.62	3.79515e-07
440.64	3.7595e-07
440.66	3.72431e-07
440.68	3.68957e-07
440.7	3.65528e-07
440.72	3.62142e-07
440.74	3.588e-07
440.76	3.555e-07
440.78	3.52243e-07
440.8	3.49027e-07
440.82	3.45851e-07
440.84	3.42716e-07
440.86	3.39621e-07
440.88	3.36565e-07
440.9	3.33548e-07
440.92	3.30568e-07
440.94	3.27627e-07
440.96	3.24722e-07
440.98	3.21854e-07
441	3.19022e-07
441.02	3.16225e-07
441.04	3.13464e-07
441.06	3.10737e-07
441.08	3.08044e-07
441.1	3.05385e-07
441.12	3.0276e-07
441.14	3.00166e-07
441.16	2.97605e-07
441.18	2.95076e-07
441.2	2.92579e-07
441.22	2.90112e-07
441.24	2.87676e-07
441.26	2.8527e-07
441.28	2.82894e-07
441.3	2.80547e-07
441.32	2.78229e-07
441.34	2.7594e-07
441.36	2.73679e-07
441.38	2.71446e-07
441.4	2.6924e-07
441.42	2.67061e-07
441.44	2.64909e-07
441.46	2.62783e-07
441.48	2.60683e-07
441.5	2.58609e-07
441.52	2.5656e-07
441.54	2.54536e-07
441.56	2.52537e-07
441.58	2.50562e-07
441.6	2.48611e-07
441.62	2.46684e-07
441.64	2.4478e-07
441.66	2.42899e-07
441.68	2.41041e-07
441.7	2.39205e-07
441.72	2.37392e-07
441.74	2.356e-07
441.76	2.3383e-07
441.78	2.32082e-07
441.8	2.30354e-07
441.82	2.28647e-07
441.84	2.26961e-07
441.86	2.25295e-07
441.88	2.23649e-07
441.9	2.22022e-07
441.92	2.20415e-07
441.94	2.18827e-07
441.96	2.17259e-07
441.98	2.15709e-07
442	2.14177e-07
442.02	2.12664e-07
442.04	2.11168e-07
442.06	2.09691e-07
442.08	2.08231e-07
442.1	2.06788e-07
442.12	2.05363e-07
442.14	2.03954e-07
442.16	2.02562e-07
442.18	2.01187e-07
442.2	1.99828e-07
442.22	1.98485e-07
442.24	1.97158e-07
442.26	1.95846e-07
442.28	1.9455e-07
442.3	1.9327e-07
442.32	1.92004e-07
442.34	1.90753e-07
442.36	1.89518e-07
442.38	1.88296e-07
442.4	1.87089e-07
442.42	1.85896e-07
442.44	1.84718e-07
442.46	1.83553e-07
442.48	1.82402e-07
442.5	1.81264e-07
442.52	1.8014e-07
442.54	1.79029e-07
442.56	1.7793e-07
442.58	1.76845e-07
442.6	1.75773e-07
442.62	1.74713e-07
442.64	1.73665e-07
442.66	1.7263e-07
442.68	1.71607e-07
442.7	1.70596e-07
442.72	1.69597e-07
442.74	1.68609e-07
442.76	1.67633e-07
442.78	1.66669e-07
442.8	1.65716e-07
442.82	1.64774e-07
442.84	1.63843e-07
442.86	1.62922e-07
442.88	1.62013e-07
442.9	1.61114e-07
442.92	1.60226e-07
442.94	1.59349e-07
442.96	1.58481e-07
442.98	1.57624e-07
443	1.56777e-07
443.02	1.55939e-07
443.04	1.55112e-07
443.06	1.54294e-07
443.08	1.53486e-07
443.1	1.52688e-07
443.12	1.51898e-07
443.14	1.51118e-07
443.16	1.50348e-07
443.18	1.49586e-07
443.2	1.48833e-07
443.22	1.4809e-07
443.24	1.47355e-07
443.26	1.46628e-07
443.28	1.45911e-07
443.3	1.45202e-07
443.32	1.44501e-07
443.34	1.43808e-07
443.36	1.43124e-07
443.38	1.42448e-07
443.4	1.4178e-07
443.42	1.4112e-07
443.44	1.40468e-07
443.46	1.39823e-07
443.48	1.39186e-07
443.5	1.38557e-07
443.52	1.37936e-07
443.54	1.37322e-07
443.56	1.36715e-07
443.58	1.36116e-07
443.6	1.35524e-07
443.62	1.34939e-07
443.64	1.34361e-07
443.66	1.3379e-07
443.68	1.33226e-07
443.7	1.32669e-07
443.72	1.32119e-07
443.74	1.31576e-07
443.76	1.31039e-07
443.78	1.30509e-07
443.8	1.29985e-07
443.82	1.29468e-07
443.84	1.28957e-07
443.86	1.28453e-07
443.88	1.27955e-07
443.9	1.27463e-07
443.92	1.26977e-07
443.94	1.26498e-07
443.96	1.26024e-07
443.98	1.25556e-07
444	1.25095e-07
444.02	1.24639e-07
444.04	1.24189e-07
444.06	1.23745e-07
444.08	1.23306e-07
444.1	1.22874e-07
444.12	1.22446e-07
444.14	1.22025e-07
444.16	1.21609e-07
444.18	1.21198e-07
444.2	1.20793e-07
444.22	1.20393e-07
444.24	1.19998e-07
444.26	1.19609e-07
444.28	1.19225e-07
444.3	1.18846e-07
444.32	1.18472e-07
444.34	1.18103e-07
444.36	1.17739e-07
444.38	1.1738e-07
444.4	1.17027e-07
444.42	1.16678e-07
444.44	1.16334e-07
444.46	1.15995e-07
444.48	1.1566e-07
444.5	1.15331e-07
444.52	1.15006e-07
444.54	1.14685e-07
444.56	1.1437e-07
444.58	1.14059e-07
444.6	1.13752e-07
444.62	1.1345e-07
444.64	1.13153e-07
444.66	1.1286e-07
444.68	1.12572e-07
444.7	1.12287e-07
444.72	1.12008e-07
444.74	1.11732e-07
444.76	1.11461e-07
444.78	1.11194e-07
444.8	1.10931e-07
444.82	1.10673e-07
444.84	1.10419e-07
444.86	1.10168e-07
444.88	1.09922e-07
444.9	1.0968e-07
444.92	1.09442e-07
444.94	1.09209e-07
444.96	1.08979e-07
444.98	1.08753e-07
445	1.08531e-07
445.02	1.08313e-07
445.04	1.08099e-07
445.06	1.07888e-07
445.08	1.07682e-07
445.1	1.0748e-07
445.12	1.07281e-07
445.14	1.07086e-07
445.16	1.06895e-07
445.18	1.06707e-07
445.2	1.06523e-07
445.22	1.06343e-07
445.24	1.06167e-07
445.26	1.05994e-07
445.28	1.05825e-07
445.3	1.0566e-07
445.32	1.05498e-07
445.34	1.0534e-07
445.36	1.05185e-07
445.38	1.05034e-07
445.4	1.04886e-07
445.42	1.04742e-07
445.44	1.04601e-07
445.46	1.04464e-07
445.48	1.0433e-07
445.5	1.042e-07
445.52	1.04073e-07
445.54	1.0395e-07
445.56	1.0383e-07
445.58	1.03713e-07
445.6	1.036e-07
445.62	1.0349e-07
445.64	1.03384e-07
445.66	1.03281e-07
445.68	1.03181e-07
445.7	1.03084e-07
445.72	1.02991e-07
445.74	1.02901e-07
445.76	1.02814e-07
445.78	1.02731e-07
445.8	1.02651e-07
445.82	1.02574e-07
445.84	1.02501e-07
445.86	1.0243e-07
445.88	1.02363e-07
445.9	1.02299e-07
445.92	1.02238e-07
445.94	1.02181e-07
445.96	1.02127e-07
445.98	1.02076e-07
446	1.02028e-07
446.02	1.01983e-07
446.04	1.01941e-07
446.06	1.01903e-07
446.08	1.01868e-07
446.1	1.01836e-07
446.12	1.01807e-07
446.14	1.01781e-07
446.16	1.01759e-07
446.18	1.01739e-07
446.2	1.01723e-07
446.22	1.0171e-07
446.24	1.017e-07
446.26	1.01693e-07
446.28	1.01689e-07
446.3	1.01689e-07
446.32	1.01692e-07
446.34	1.01697e-07
446.36	1.01706e-07
446.38	1.01718e-07
446.4	1.01733e-07
446.42	1.01752e-07
446.44	1.01773e-07
446.46	1.01798e-07
446.48	1.01826e-07
446.5	1.01856e-07
446.52	1.01891e-07
446.54	1.01928e-07
446.56	1.01968e-07
446.58	1.02012e-07
446.6	1.02059e-07
446.62	1.02109e-07
446.64	1.02162e-07
446.66	1.02218e-07
446.68	1.02277e-07
446.7	1.0234e-07
446.72	1.02406e-07
446.74	1.02475e-07
446.76	1.02548e-07
446.78	1.02623e-07
446.8	1.02702e-07
446.82	1.02784e-07
446.84	1.0287e-07
446.86	1.02959e-07
446.88	1.03051e-07
446.9	1.03146e-07
446.92	1.03245e-07
446.94	1.03347e-07
446.96	1.03452e-07
446.98	1.0356e-07
447	1.03672e-07
447.02	1.03788e-07
447.04	1.03907e-07
447.06	1.04029e-07
447.08	1.04154e-07
447.1	1.04283e-07
447.12	1.04416e-07
447.14	1.04552e-07
447.16	1.04691e-07
447.18	1.04834e-07
447.2	1.04981e-07
447.22	1.05131e-07
447.24	1.05285e-07
447.26	1.05442e-07
447.28	1.05603e-07
447.3	1.05767e-07
447.32	1.05935e-07
447.34	1.06107e-07
447.36	1.06282e-07
447.38	1.06462e-07
447.4	1.06645e-07
447.42	1.06831e-07
447.44	1.07022e-07
447.46	1.07216e-07
447.48	1.07414e-07
447.5	1.07617e-07
447.52	1.07823e-07
447.54	1.08032e-07
447.56	1.08246e-07
447.58	1.08464e-07
447.6	1.08686e-07
447.62	1.08912e-07
447.64	1.09142e-07
447.66	1.09377e-07
447.68	1.09615e-07
447.7	1.09858e-07
447.72	1.10104e-07
447.74	1.10355e-07
447.76	1.10611e-07
447.78	1.10871e-07
447.8	1.11135e-07
447.82	1.11403e-07
447.84	1.11676e-07
447.86	1.11954e-07
447.88	1.12236e-07
447.9	1.12523e-07
447.92	1.12814e-07
447.94	1.1311e-07
447.96	1.13411e-07
447.98	1.13717e-07
448	1.14027e-07
448.02	1.14343e-07
448.04	1.14663e-07
448.06	1.14989e-07
448.08	1.15319e-07
448.1	1.15655e-07
448.12	1.15995e-07
448.14	1.16341e-07
448.16	1.16692e-07
448.18	1.17049e-07
448.2	1.17411e-07
448.22	1.17779e-07
448.24	1.18152e-07
448.26	1.1853e-07
448.28	1.18915e-07
448.3	1.19305e-07
448.32	1.19701e-07
448.34	1.20103e-07
448.36	1.20511e-07
448.38	1.20925e-07
448.4	1.21345e-07
448.42	1.21771e-07
448.44	1.22204e-07
448.46	1.22643e-07
448.48	1.23089e-07
448.5	1.23541e-07
448.52	1.24e-07
448.54	1.24465e-07
448.56	1.24938e-07
448.58	1.25417e-07
448.6	1.25904e-07
448.62	1.26398e-07
448.64	1.26899e-07
448.66	1.27407e-07
448.68	1.27924e-07
448.7	1.28447e-07
448.72	1.28979e-07
448.74	1.29518e-07
448.76	1.30066e-07
448.78	1.30621e-07
448.8	1.31185e-07
448.82	1.31757e-07
448.84	1.32338e-07
448.86	1.32928e-07
448.88	1.33527e-07
448.9	1.34134e-07
448.92	1.34751e-07
448.94	1.35377e-07
448.96	1.36013e-07
448.98	1.36658e-07
449	1.37314e-07
449.02	1.37979e-07
449.04	1.38655e-07
449.06	1.39341e-07
449.08	1.40038e-07
449.1	1.40746e-07
449.12	1.41465e-07
449.14	1.42196e-07
449.16	1.42938e-07
449.18	1.43692e-07
449.2	1.44458e-07
449.22	1.45236e-07
449.24	1.46027e-07
449.26	1.46831e-07
449.28	1.47648e-07
449.3	1.48479e-07
449.32	1.49323e-07
449.34	1.50182e-07
449.36	1.51055e-07
449.38	1.51943e-07
449.4	1.52846e-07
449.42	1.53765e-07
449.44	1.54699e-07
449.46	1.5565e-07
449.48	1.56618e-07
449.5	1.57604e-07
449.52	1.58607e-07
449.54	1.59628e-07
449.56	1.60668e-07
449.58	1.61727e-07
449.6	1.62806e-07
449.62	1.63906e-07
449.64	1.65026e-07
449.66	1.66169e-07
449.68	1.67333e-07
449.7	1.68521e-07
449.72	1.69733e-07
449.74	1.70969e-07
449.76	1.72231e-07
449.78	1.73519e-07
449.8	1.74835e-07
449.82	1.76179e-07
449.84	1.77553e-07
449.86	1.78957e-07
449.88	1.80393e-07
449.9	1.81862e-07
449.92	1.83366e-07
449.94	1.84905e-07
449.96	1.86483e-07
449.98	1.881e-07
450	1.89758e-07
450.02	1.91459e-07
450.04	1.93207e-07
450.06	1.95002e-07
450.08	1.96848e-07
450.1	1.98748e-07
450.12	2.00704e-07
450.14	2.02722e-07
450.16	2.04804e-07
450.18	2.06956e-07
450.2	2.09182e-07
450.22	2.11489e-07
450.24	2.13883e-07
450.26	2.16373e-07
450.28	2.18967e-07
450.3	2.21677e-07
450.32	2.24517e-07
450.34	2.27503e-07
450.36	2.30655e-07
450.38	2.34001e-07
450.4	2.37575e-07
450.42	2.41428e-07
450.44	2.45628e-07
450.46	2.50284e-07
450.48	2.55575e-07
450.5	2.6184e-07
450.52	2.6982e-07
450.54	2.81486e-07
450.56	3.02997e-07
450.58	3.60645e-07
450.6	5.3134e-07
450.62	9.69104e-07
450.64	2.01448e-06
450.66	4.34798e-06
450.68	8.95819e-06
450.7	1.71114e-05
450.72	3.05629e-05
450.74	5.14155e-05
450.76	8.12827e-05
450.78	0.000120313
450.8	0.000166622
450.82	0.000216808
450.84	0.000267429
450.86	0.00031601
450.88	0.000361093
450.9	0.000401967
450.92	0.000438459
450.94	0.000470816
450.96	0.000499546
450.98	0.000525239
451	0.000548449
451.02	0.000569644
451.04	0.000589201
451.06	0.000607411
451.08	0.000624495
451.1	0.000640619
451.12	0.00065591
451.14	0.00067046
451.16	0.000684337
451.18	0.000697592
451.2	0.000710262
451.22	0.000722374
451.24	0.00073395
451.26	0.000745005
451.28	0.000755553
451.3	0.000765606
451.32	0.000775174
451.34	0.000784266
451.36	0.000792892
451.38	0.000801061
451.4	0.000808781
451.42	0.000816062
451.44	0.000822912
451.46	0.000829341
451.48	0.000835356
451.5	0.000840967
451.52	0.000846184
451.54	0.000851013
451.56	0.000855465
451.58	0.000859547
451.6	0.000863268
451.62	0.000866636
451.64	0.000869659
451.66	0.000872345
451.68	0.000874702
451.7	0.000876738
451.72	0.000878459
451.74	0.000879872
451.76	0.000880986
451.78	0.000881806
451.8	0.00088234
451.82	0.000882595
451.84	0.000882576
451.86	0.00088229
451.88	0.000881744
451.9	0.000880943
451.92	0.000879894
451.94	0.000878604
451.96	0.000877077
451.98	0.000875319
452	0.000873338
452.02	0.000871137
452.04	0.000868723
452.06	0.000866102
452.08	0.000863279
452.1	0.00086026
452.12	0.000857049
452.14	0.000853653
452.16	0.000850077
452.18	0.000846326
452.2	0.000842405
452.22	0.00083832
452.24	0.000834075
452.26	0.000829677
452.28	0.00082513
452.3	0.000820439
452.32	0.000815609
452.34	0.000810646
452.36	0.000805553
452.38	0.000800337
452.4	0.000795002
452.42	0.000789553
452.44	0.000783995
452.46	0.000778332
452.48	0.000772569
452.5	0.000766711
452.52	0.000760762
452.54	0.000754727
452.56	0.000748611
452.58	0.000742417
452.6	0.000736151
452.62	0.000729815
452.64	0.000723416
452.66	0.000716956
452.68	0.00071044
452.7	0.000703872
452.72	0.000697256
452.74	0.000690596
452.76	0.000683895
452.78	0.000677158
452.8	0.000670387
452.82	0.000663587
452.84	0.000656762
452.86	0.000649914
452.88	0.000643047
452.9	0.000636164
452.92	0.000629269
452.94	0.000622365
452.96	0.000615454
452.98	0.00060854
453	0.000601625
453.02	0.000594713
453.04	0.000587806
453.06	0.000580907
453.08	0.000574018
453.1	0.000567142
453.12	0.000560282
453.14	0.000553439
453.16	0.000546616
453.18	0.000539815
453.2	0.000533038
453.22	0.000526287
453.24	0.000519565
453.26	0.000512873
453.28	0.000506212
453.3	0.000499586
453.32	0.000492995
453.34	0.00048644
453.36	0.000479924
453.38	0.000473449
453.4	0.000467014
453.42	0.000460622
453.44	0.000454274
453.46	0.000447972
453.48	0.000441716
453.5	0.000435507
453.52	0.000429346
453.54	0.000423236
453.56	0.000417175
453.58	0.000411166
453.6	0.000405209
453.62	0.000399304
453.64	0.000393453
453.66	0.000387657
453.68	0.000381915
453.7	0.000376228
453.72	0.000370598
453.74	0.000365023
453.76	0.000359506
453.78	0.000354046
453.8	0.000348643
453.82	0.000343297
453.84	0.00033801
453.86	0.000332782
453.88	0.000327611
453.9	0.0003225
453.92	0.000317447
453.94	0.000312453
453.96	0.000307517
453.98	0.000302641
454	0.000297824
454.02	0.000293065
454.04	0.000288366
454.06	0.000283725
454.08	0.000279142
454.1	0.000274619
454.12	0.000270153
454.14	0.000265746
454.16	0.000261396
454.18	0.000257104
454.2	0.00025287
454.22	0.000248693
454.24	0.000244572
454.26	0.000240509
454.28	0.000236501
454.3	0.00023255
454.32	0.000228654
454.34	0.000224813
454.36	0.000221027
454.38	0.000217296
454.4	0.000213618
454.42	0.000209995
454.44	0.000206424
454.46	0.000202906
454.48	0.000199441
454.5	0.000196027
454.52	0.000192665
454.54	0.000189353
454.56	0.000186092
454.58	0.000182881
454.6	0.00017972
454.62	0.000176607
454.64	0.000173543
454.66	0.000170527
454.68	0.000167559
454.7	0.000164637
454.72	0.000161762
454.74	0.000158932
454.76	0.000156148
454.78	0.000153409
454.8	0.000150714
454.82	0.000148063
454.84	0.000145455
454.86	0.00014289
454.88	0.000140367
454.9	0.000137886
454.92	0.000135445
454.94	0.000133046
454.96	0.000130686
454.98	0.000128366
455	0.000126085
455.02	0.000123843
455.04	0.000121638
455.06	0.000119471
455.08	0.000117341
455.1	0.000115248
455.12	0.00011319
455.14	0.000111167
455.16	0.00010918
455.18	0.000107226
455.2	0.000105307
455.22	0.000103421
455.24	0.000101568
455.26	9.9747e-05
455.28	9.79581e-05
455.3	9.62006e-05
455.32	9.44741e-05
455.34	9.27779e-05
455.36	9.11118e-05
455.38	8.94751e-05
455.4	8.78675e-05
455.42	8.62884e-05
455.44	8.47375e-05
455.46	8.32143e-05
455.48	8.17183e-05
455.5	8.0249e-05
455.52	7.88062e-05
455.54	7.73893e-05
455.56	7.59979e-05
455.58	7.46315e-05
455.6	7.32898e-05
455.62	7.19724e-05
455.64	7.06789e-05
455.66	6.94087e-05
455.68	6.81617e-05
455.7	6.69373e-05
455.72	6.57352e-05
455.74	6.45549e-05
455.76	6.33962e-05
455.78	6.22587e-05
455.8	6.11419e-05
455.82	6.00456e-05
455.84	5.89693e-05
455.86	5.79128e-05
455.88	5.68756e-05
455.9	5.58575e-05
455.92	5.48581e-05
455.94	5.3877e-05
455.96	5.2914e-05
455.98	5.19687e-05
456	5.10408e-05
456.02	5.013e-05
456.04	4.9236e-05
456.06	4.83585e-05
456.08	4.74972e-05
456.1	4.66518e-05
456.12	4.5822e-05
456.14	4.50075e-05
456.16	4.4208e-05
456.18	4.34234e-05
456.2	4.26532e-05
456.22	4.18973e-05
456.24	4.11553e-05
456.26	4.04271e-05
456.28	3.97123e-05
456.3	3.90108e-05
456.32	3.83222e-05
456.34	3.76464e-05
456.36	3.6983e-05
456.38	3.6332e-05
456.4	3.5693e-05
456.42	3.50657e-05
456.44	3.44501e-05
456.46	3.38459e-05
456.48	3.32528e-05
456.5	3.26707e-05
456.52	3.20993e-05
456.54	3.15385e-05
456.56	3.09881e-05
456.58	3.04478e-05
456.6	2.99174e-05
456.62	2.93969e-05
456.64	2.88859e-05
456.66	2.83844e-05
456.68	2.78921e-05
456.7	2.74088e-05
456.72	2.69345e-05
456.74	2.64688e-05
456.76	2.60118e-05
456.78	2.55631e-05
456.8	2.51226e-05
456.82	2.46903e-05
456.84	2.42659e-05
456.86	2.38492e-05
456.88	2.34402e-05
456.9	2.30386e-05
456.92	2.26445e-05
456.94	2.22575e-05
456.96	2.18775e-05
456.98	2.15046e-05
457	2.11384e-05
457.02	2.07789e-05
457.04	2.04259e-05
457.06	2.00794e-05
457.08	1.97391e-05
457.1	1.94051e-05
457.12	1.90771e-05
457.14	1.8755e-05
457.16	1.84388e-05
457.18	1.81283e-05
457.2	1.78234e-05
457.22	1.7524e-05
457.24	1.72301e-05
457.26	1.69414e-05
457.28	1.6658e-05
457.3	1.63796e-05
457.32	1.61063e-05
457.34	1.58378e-05
457.36	1.55742e-05
457.38	1.53153e-05
457.4	1.50611e-05
457.42	1.48114e-05
457.44	1.45661e-05
457.46	1.43253e-05
457.48	1.40887e-05
457.5	1.38564e-05
457.52	1.36281e-05
457.54	1.3404e-05
457.56	1.31838e-05
457.58	1.29676e-05
457.6	1.27552e-05
457.62	1.25465e-05
457.64	1.23415e-05
457.66	1.21402e-05
457.68	1.19424e-05
457.7	1.17481e-05
457.72	1.15572e-05
457.74	1.13697e-05
457.76	1.11855e-05
457.78	1.10045e-05
457.8	1.08267e-05
457.82	1.0652e-05
457.84	1.04803e-05
457.86	1.03117e-05
457.88	1.0146e-05
457.9	9.98316e-06
457.92	9.82318e-06
457.94	9.66598e-06
457.96	9.51151e-06
457.98	9.35972e-06
458	9.21057e-06
458.02	9.06399e-06
458.04	8.91995e-06
458.06	8.7784e-06
458.08	8.63929e-06
458.1	8.50258e-06
458.12	8.36823e-06
458.14	8.23618e-06
458.16	8.1064e-06
458.18	7.97885e-06
458.2	7.85348e-06
458.22	7.73026e-06
458.24	7.60915e-06
458.26	7.4901e-06
458.28	7.37309e-06
458.3	7.25807e-06
458.32	7.145e-06
458.34	7.03386e-06
458.36	6.92461e-06
458.38	6.8172e-06
458.4	6.71162e-06
458.42	6.60782e-06
458.44	6.50578e-06
458.46	6.40546e-06
458.48	6.30683e-06
458.5	6.20986e-06
458.52	6.11452e-06
458.54	6.02079e-06
458.56	5.92862e-06
458.58	5.83801e-06
458.6	5.7489e-06
458.62	5.66129e-06
458.64	5.57515e-06
458.66	5.49043e-06
458.68	5.40714e-06
458.7	5.32522e-06
458.72	5.24467e-06
458.74	5.16546e-06
458.76	5.08756e-06
458.78	5.01095e-06
458.8	4.93561e-06
458.82	4.86151e-06
458.84	4.78864e-06
458.86	4.71697e-06
458.88	4.64648e-06
458.9	4.57715e-06
458.92	4.50895e-06
458.94	4.44188e-06
458.96	4.37591e-06
458.98	4.31101e-06
459	4.24718e-06
459.02	4.18439e-06
459.04	4.12263e-06
459.06	4.06187e-06
459.08	4.0021e-06
459.1	3.9433e-06
459.12	3.88546e-06
459.14	3.82856e-06
459.16	3.77258e-06
459.18	3.7175e-06
459.2	3.66332e-06
459.22	3.61001e-06
459.24	3.55756e-06
459.26	3.50595e-06
459.28	3.45518e-06
459.3	3.40522e-06
459.32	3.35606e-06
459.34	3.30769e-06
459.36	3.2601e-06
459.38	3.21326e-06
459.4	3.16718e-06
459.42	3.12183e-06
459.44	3.07721e-06
459.46	3.03329e-06
459.48	2.99007e-06
459.5	2.94754e-06
459.52	2.90569e-06
459.54	2.8645e-06
459.56	2.82396e-06
459.58	2.78406e-06
459.6	2.74479e-06
459.62	2.70614e-06
459.64	2.6681e-06
459.66	2.63066e-06
459.68	2.59381e-06
459.7	2.55754e-06
459.72	2.52183e-06
459.74	2.48669e-06
459.76	2.45209e-06
459.78	2.41804e-06
459.8	2.38452e-06
459.82	2.35152e-06
459.84	2.31903e-06
459.86	2.28705e-06
459.88	2.25557e-06
459.9	2.22457e-06
459.92	2.19406e-06
459.94	2.16402e-06
459.96	2.13444e-06
459.98	2.10532e-06
460	2.07665e-06
460.02	2.04842e-06
460.04	2.02063e-06
460.06	1.99326e-06
460.08	1.96632e-06
460.1	1.93978e-06
460.12	1.91366e-06
460.14	1.88793e-06
460.16	1.8626e-06
460.18	1.83765e-06
460.2	1.81309e-06
460.22	1.7889e-06
460.24	1.76508e-06
460.26	1.74162e-06
460.28	1.71851e-06
460.3	1.69576e-06
460.32	1.67335e-06
460.34	1.65129e-06
460.36	1.62955e-06
460.38	1.60814e-06
460.4	1.58706e-06
460.42	1.56629e-06
460.44	1.54584e-06
460.46	1.52569e-06
460.48	1.50585e-06
460.5	1.4863e-06
460.52	1.46705e-06
460.54	1.44808e-06
460.56	1.4294e-06
460.58	1.411e-06
460.6	1.39287e-06
460.62	1.37501e-06
460.64	1.35742e-06
460.66	1.34008e-06
460.68	1.32301e-06
460.7	1.30619e-06
460.72	1.28961e-06
460.74	1.27328e-06
460.76	1.2572e-06
460.78	1.24135e-06
460.8	1.22573e-06
460.82	1.21034e-06
460.84	1.19518e-06
460.86	1.18024e-06
460.88	1.16552e-06
460.9	1.15102e-06
460.92	1.13673e-06
460.94	1.12264e-06
460.96	1.10877e-06
460.98	1.09509e-06
461	1.08161e-06
461.02	1.06833e-06
461.04	1.05524e-06
461.06	1.04234e-06
461.08	1.02963e-06
461.1	1.0171e-06
461.12	1.00476e-06
461.14	9.92588e-07
461.16	9.80594e-07
461.18	9.68773e-07
461.2	9.57122e-07
461.22	9.45638e-07
461.24	9.34318e-07
461.26	9.23161e-07
461.28	9.12163e-07
461.3	9.01323e-07
461.32	8.90637e-07
461.34	8.80103e-07
461.36	8.69719e-07
461.38	8.59483e-07
461.4	8.49392e-07
461.42	8.39443e-07
461.44	8.29636e-07
461.46	8.19967e-07
461.48	8.10435e-07
461.5	8.01037e-07
461.52	7.91772e-07
461.54	7.82637e-07
461.56	7.73629e-07
461.58	7.64749e-07
461.6	7.55993e-07
461.62	7.47359e-07
461.64	7.38846e-07
461.66	7.30451e-07
461.68	7.22174e-07
461.7	7.14011e-07
461.72	7.05963e-07
461.74	6.98026e-07
461.76	6.90199e-07
461.78	6.8248e-07
461.8	6.74868e-07
461.82	6.67361e-07
461.84	6.59957e-07
461.86	6.52656e-07
461.88	6.45455e-07
461.9	6.38353e-07
461.92	6.31348e-07
461.94	6.2444e-07
461.96	6.17625e-07
461.98	6.10904e-07
462	6.04275e-07
462.02	5.97736e-07
462.04	5.91286e-07
462.06	5.84924e-07
462.08	5.78648e-07
462.1	5.72457e-07
462.12	5.6635e-07
462.14	5.60325e-07
462.16	5.54382e-07
462.18	5.48519e-07
462.2	5.42735e-07
462.22	5.37029e-07
462.24	5.314e-07
462.26	5.25846e-07
462.28	5.20366e-07
462.3	5.1496e-07
462.32	5.09626e-07
462.34	5.04363e-07
462.36	4.99171e-07
462.38	4.94047e-07
462.4	4.88992e-07
462.42	4.84004e-07
462.44	4.79082e-07
462.46	4.74225e-07
462.48	4.69432e-07
462.5	4.64703e-07
462.52	4.60036e-07
462.54	4.55431e-07
462.56	4.50886e-07
462.58	4.46401e-07
462.6	4.41974e-07
462.62	4.37606e-07
462.64	4.33295e-07
462.66	4.2904e-07
462.68	4.24841e-07
462.7	4.20697e-07
462.72	4.16607e-07
462.74	4.12569e-07
462.76	4.08585e-07
462.78	4.04652e-07
462.8	4.00769e-07
462.82	3.96938e-07
462.84	3.93155e-07
462.86	3.89422e-07
462.88	3.85736e-07
462.9	3.82099e-07
462.92	3.78507e-07
462.94	3.74962e-07
462.96	3.71463e-07
462.98	3.68008e-07
463	3.64597e-07
463.02	3.61231e-07
463.04	3.57907e-07
463.06	3.54625e-07
463.08	3.51385e-07
463.1	3.48186e-07
463.12	3.45028e-07
463.14	3.4191e-07
463.16	3.38832e-07
463.18	3.35792e-07
463.2	3.32791e-07
463.22	3.29828e-07
463.24	3.26902e-07
463.26	3.24013e-07
463.28	3.2116e-07
463.3	3.18343e-07
463.32	3.15561e-07
463.34	3.12815e-07
463.36	3.10102e-07
463.38	3.07424e-07
463.4	3.04779e-07
463.42	3.02167e-07
463.44	2.99587e-07
463.46	2.9704e-07
463.48	2.94524e-07
463.5	2.92039e-07
463.52	2.89585e-07
463.54	2.87162e-07
463.56	2.84769e-07
463.58	2.82405e-07
463.6	2.8007e-07
463.62	2.77764e-07
463.64	2.75487e-07
463.66	2.73237e-07
463.68	2.71015e-07
463.7	2.68821e-07
463.72	2.66653e-07
463.74	2.64512e-07
463.76	2.62397e-07
463.78	2.60307e-07
463.8	2.58244e-07
463.82	2.56205e-07
463.84	2.54192e-07
463.86	2.52202e-07
463.88	2.50237e-07
463.9	2.48296e-07
463.92	2.46379e-07
463.94	2.44484e-07
463.96	2.42613e-07
463.98	2.40764e-07
464	2.38937e-07
464.02	2.37133e-07
464.04	2.3535e-07
464.06	2.33589e-07
464.08	2.31849e-07
464.1	2.3013e-07
464.12	2.28432e-07
464.14	2.26754e-07
464.16	2.25096e-07
464.18	2.23458e-07
464.2	2.21839e-07
464.22	2.2024e-07
464.24	2.1866e-07
464.26	2.17099e-07
464.28	2.15556e-07
464.3	2.14032e-07
464.32	2.12526e-07
464.34	2.11038e-07
464.36	2.09568e-07
464.38	2.08115e-07
464.4	2.06679e-07
464.42	2.05261e-07
464.44	2.03859e-07
464.46	2.02474e-07
464.48	2.01105e-07
464.5	1.99752e-07
464.52	1.98416e-07
464.54	1.97095e-07
464.56	1.9579e-07
464.58	1.945e-07
464.6	1.93226e-07
464.62	1.91966e-07
464.64	1.90722e-07
464.66	1.89492e-07
464.68	1.88276e-07
464.7	1.87075e-07
464.72	1.85888e-07
464.74	1.84715e-07
464.76	1.83555e-07
464.78	1.8241e-07
464.8	1.81277e-07
464.82	1.80159e-07
464.84	1.79053e-07
464.86	1.7796e-07
464.88	1.7688e-07
464.9	1.75813e-07
464.92	1.74758e-07
464.94	1.73715e-07
464.96	1.72685e-07
464.98	1.71667e-07
465	1.70661e-07
465.02	1.69666e-07
465.04	1.68683e-07
465.06	1.67712e-07
465.08	1.66752e-07
465.1	1.65804e-07
465.12	1.64866e-07
465.14	1.6394e-07
465.16	1.63024e-07
465.18	1.62119e-07
465.2	1.61225e-07
465.22	1.60341e-07
465.24	1.59467e-07
465.26	1.58604e-07
465.28	1.57751e-07
465.3	1.56908e-07
465.32	1.56075e-07
465.34	1.55251e-07
465.36	1.54438e-07
465.38	1.53634e-07
465.4	1.52839e-07
465.42	1.52054e-07
465.44	1.51278e-07
465.46	1.50511e-07
465.48	1.49753e-07
465.5	1.49004e-07
465.52	1.48264e-07
465.54	1.47532e-07
465.56	1.4681e-07
465.58	1.46096e-07
465.6	1.4539e-07
465.62	1.44693e-07
465.64	1.44004e-07
465.66	1.43323e-07
465.68	1.42651e-07
465.7	1.41986e-07
465.72	1.41329e-07
465.74	1.4068e-07
465.76	1.40039e-07
465.78	1.39406e-07
465.8	1.3878e-07
465.82	1.38162e-07
465.84	1.37551e-07
465.86	1.36948e-07
465.88	1.36352e-07
465.9	1.35763e-07
465.92	1.35181e-07
465.94	1.34606e-07
465.96	1.34038e-07
465.98	1.33478e-07
466	1.32924e-07
466.02	1.32377e-07
466.04	1.31836e-07
466.06	1.31302e-07
466.08	1.30775e-07
466.1	1.30255e-07
466.12	1.2974e-07
466.14	1.29233e-07
466.16	1.28731e-07
466.18	1.28236e-07
466.2	1.27747e-07
466.22	1.27264e-07
466.24	1.26787e-07
466.26	1.26317e-07
466.28	1.25852e-07
466.3	1.25393e-07
466.32	1.2494e-07
466.34	1.24493e-07
466.36	1.24052e-07
466.38	1.23616e-07
466.4	1.23186e-07
466.42	1.22761e-07
466.44	1.22342e-07
466.46	1.21929e-07
466.48	1.21521e-07
466.5	1.21118e-07
466.52	1.20721e-07
466.54	1.20329e-07
466.56	1.19942e-07
466.58	1.19561e-07
466.6	1.19185e-07
466.62	1.18813e-07
466.64	1.18447e-07
466.66	1.18086e-07
466.68	1.1773e-07
466.7	1.17379e-07
466.72	1.17033e-07
466.74	1.16691e-07
466.76	1.16355e-07
466.78	1.16023e-07
466.8	1.15696e-07
466.82	1.15374e-07
466.84	1.15056e-07
466.86	1.14743e-07
466.88	1.14434e-07
466.9	1.1413e-07
466.92	1.13831e-07
466.94	1.13536e-07
466.96	1.13246e-07
466.98	1.1296e-07
467	1.12678e-07
467.02	1.12401e-07
467.04	1.12128e-07
467.06	1.1186e-07
467.08	1.11595e-07
467.1	1.11335e-07
467.12	1.11079e-07
467.14	1.10827e-07
467.16	1.1058e-07
467.18	1.10336e-07
467.2	1.10097e-07
467.22	1.09862e-07
467.24	1.0963e-07
467.26	1.09403e-07
467.28	1.0918e-07
467.3	1.0896e-07
467.32	1.08745e-07
467.34	1.08533e-07
467.36	1.08326e-07
467.38	1.08122e-07
467.4	1.07922e-07
467.42	1.07726e-07
467.44	1.07533e-07
467.46	1.07345e-07
467.48	1.0716e-07
467.5	1.06979e-07
467.52	1.06801e-07
467.54	1.06628e-07
467.56	1.06458e-07
467.58	1.06291e-07
467.6	1.06128e-07
467.62	1.05969e-07
467.64	1.05814e-07
467.66	1.05662e-07
467.68	1.05513e-07
467.7	1.05368e-07
467.72	1.05227e-07
467.74	1.05089e-07
467.76	1.04954e-07
467.78	1.04823e-07
467.8	1.04696e-07
467.82	1.04572e-07
467.84	1.04451e-07
467.86	1.04334e-07
467.88	1.0422e-07
467.9	1.0411e-07
467.92	1.04003e-07
467.94	1.03899e-07
467.96	1.03799e-07
467.98	1.03702e-07
468	1.03608e-07
468.02	1.03518e-07
468.04	1.03431e-07
468.06	1.03347e-07
468.08	1.03267e-07
468.1	1.0319e-07
468.12	1.03116e-07
468.14	1.03045e-07
468.16	1.02978e-07
468.18	1.02914e-07
468.2	1.02853e-07
468.22	1.02795e-07
468.24	1.02741e-07
468.26	1.0269e-07
468.28	1.02642e-07
468.3	1.02597e-07
468.32	1.02556e-07
468.34	1.02517e-07
468.36	1.02482e-07
468.38	1.0245e-07
468.4	1.02421e-07
468.42	1.02396e-07
468.44	1.02373e-07
468.46	1.02354e-07
468.48	1.02338e-07
468.5	1.02325e-07
468.52	1.02315e-07
468.54	1.02309e-07
468.56	1.02305e-07
468.58	1.02305e-07
468.6	1.02308e-07
468.62	1.02314e-07
468.64	1.02324e-07
468.66	1.02336e-07
468.68	1.02352e-07
468.7	1.0237e-07
468.72	1.02392e-07
468.74	1.02418e-07
468.76	1.02446e-07
468.78	1.02477e-07
468.8	1.02512e-07
468.82	1.0255e-07
468.84	1.02591e-07
468.86	1.02635e-07
468.88	1.02683e-07
468.9	1.02734e-07
468.92	1.02787e-07
468.94	1.02845e-07
468.96	1.02905e-07
468.98	1.02969e-07
469	1.03035e-07
469.02	1.03106e-07
469.04	1.03179e-07
469.06	1.03256e-07
469.08	1.03335e-07
469.1	1.03419e-07
469.12	1.03505e-07
469.14	1.03595e-07
469.16	1.03688e-07
469.18	1.03785e-07
469.2	1.03884e-07
469.22	1.03988e-07
469.24	1.04094e-07
469.26	1.04204e-07
469.28	1.04317e-07
469.3	1.04434e-07
469.32	1.04554e-07
469.34	1.04678e-07
469.36	1.04805e-07
469.38	1.04935e-07
469.4	1.05069e-07
469.42	1.05207e-07
469.44	1.05348e-07
469.46	1.05493e-07
469.48	1.05641e-07
469.5	1.05793e-07
469.52	1.05948e-07
469.54	1.06107e-07
469.56	1.06269e-07
469.58	1.06436e-07
469.6	1.06606e-07
469.62	1.06779e-07
469.64	1.06957e-07
469.66	1.07138e-07
469.68	1.07323e-07
469.7	1.07512e-07
469.72	1.07704e-07
469.74	1.07901e-07
469.76	1.08101e-07
469.78	1.08306e-07
469.8	1.08514e-07
469.82	1.08726e-07
469.84	1.08942e-07
469.86	1.09163e-07
469.88	1.09387e-07
469.9	1.09616e-07
469.92	1.09848e-07
469.94	1.10085e-07
469.96	1.10326e-07
469.98	1.10571e-07
470	1.10821e-07
470.02	1.11075e-07
470.04	1.11333e-07
470.06	1.11596e-07
470.08	1.11863e-07
470.1	1.12134e-07
470.12	1.1241e-07
470.14	1.12691e-07
470.16	1.12976e-07
470.18	1.13266e-07
470.2	1.13561e-07
470.22	1.1386e-07
470.24	1.14165e-07
470.26	1.14474e-07
470.28	1.14788e-07
470.3	1.15107e-07
470.32	1.1543e-07
470.34	1.15759e-07
470.36	1.16094e-07
470.38	1.16433e-07
470.4	1.16778e-07
470.42	1.17127e-07
470.44	1.17483e-07
470.46	1.17843e-07
470.48	1.18209e-07
470.5	1.18581e-07
470.52	1.18958e-07
470.54	1.19342e-07
470.56	1.1973e-07
470.58	1.20125e-07
470.6	1.20526e-07
470.62	1.20932e-07
470.64	1.21345e-07
470.66	1.21764e-07
470.68	1.22189e-07
470.7	1.2262e-07
470.72	1.23058e-07
470.74	1.23502e-07
470.76	1.23953e-07
470.78	1.24411e-07
470.8	1.24875e-07
470.82	1.25346e-07
470.84	1.25824e-07
470.86	1.2631e-07
470.88	1.26802e-07
470.9	1.27302e-07
470.92	1.27809e-07
470.94	1.28324e-07
470.96	1.28846e-07
470.98	1.29377e-07
471	1.29915e-07
471.02	1.30461e-07
471.04	1.31015e-07
471.06	1.31578e-07
471.08	1.32149e-07
471.1	1.32728e-07
471.12	1.33316e-07
471.14	1.33914e-07
471.16	1.3452e-07
471.18	1.35135e-07
471.2	1.3576e-07
471.22	1.36394e-07
471.24	1.37038e-07
471.26	1.37692e-07
471.28	1.38356e-07
471.3	1.39031e-07
471.32	1.39716e-07
471.34	1.40411e-07
471.36	1.41118e-07
471.38	1.41835e-07
471.4	1.42564e-07
471.42	1.43304e-07
471.44	1.44057e-07
471.46	1.44821e-07
471.48	1.45598e-07
471.5	1.46387e-07
471.52	1.47189e-07
471.54	1.48005e-07
471.56	1.48834e-07
471.58	1.49676e-07
471.6	1.50533e-07
471.62	1.51404e-07
471.64	1.5229e-07
471.66	1.53192e-07
471.68	1.54109e-07
471.7	1.55041e-07
471.72	1.5599e-07
471.74	1.56956e-07
471.76	1.57939e-07
471.78	1.5894e-07
471.8	1.59959e-07
471.82	1.60997e-07
471.84	1.62054e-07
471.86	1.6313e-07
471.88	1.64227e-07
471.9	1.65345e-07
471.92	1.66485e-07
471.94	1.67647e-07
471.96	1.68832e-07
471.98	1.70041e-07
472	1.71274e-07
472.02	1.72533e-07
472.04	1.73818e-07
472.06	1.7513e-07
472.08	1.7647e-07
472.1	1.7784e-07
472.12	1.79241e-07
472.14	1.80673e-07
472.16	1.82137e-07
472.18	1.83637e-07
472.2	1.85172e-07
472.22	1.86744e-07
472.24	1.88356e-07
472.26	1.90009e-07
472.28	1.91704e-07
472.3	1.93445e-07
472.32	1.95234e-07
472.34	1.97073e-07
472.36	1.98966e-07
472.38	2.00914e-07
472.4	2.02923e-07
472.42	2.04996e-07
472.44	2.07138e-07
472.46	2.09353e-07
472.48	2.11648e-07
472.5	2.14029e-07
472.52	2.16505e-07
472.54	2.19083e-07
472.56	2.21775e-07
472.58	2.24594e-07
472.6	2.27556e-07
472.62	2.30681e-07
472.64	2.33994e-07
472.66	2.37528e-07
472.68	2.41331e-07
472.7	2.45468e-07
472.72	2.50036e-07
472.74	2.55201e-07
472.76	2.61259e-07
472.78	2.68845e-07
472.8	2.79587e-07
472.82	2.98414e-07
472.84	3.45433e-07
472.86	4.85151e-07
472.88	8.54424e-07
472.9	1.74384e-06
472.92	3.76527e-06
472.94	7.85851e-06
472.96	1.5224e-05
472.98	2.75151e-05
473	4.68153e-05
473.02	7.49064e-05
473.04	0.000112271
473.06	0.000157406
473.08	0.000207097
473.1	0.000257804
473.12	0.00030685
473.14	0.00035261
473.16	0.000394254
473.18	0.000431518
473.2	0.000464581
473.22	0.000493917
473.24	0.000520109
473.26	0.000543723
473.28	0.000565244
473.3	0.000585066
473.32	0.000603492
473.34	0.000620755
473.36	0.000637033
473.38	0.000652456
473.4	0.000667123
473.42	0.000681107
473.44	0.00069446
473.46	0.000707222
473.48	0.000719422
473.5	0.000731082
473.52	0.000742219
473.54	0.000752848
473.56	0.000762979
473.58	0.000772624
473.6	0.000781792
473.62	0.000790492
473.64	0.000798733
473.66	0.000806525
473.68	0.000813876
473.7	0.000820795
473.72	0.000827291
473.74	0.000833373
473.76	0.00083905
473.78	0.00084433
473.8	0.000849222
473.82	0.000853735
473.84	0.000857878
473.86	0.000861658
473.88	0.000865084
473.9	0.000868164
473.92	0.000870906
473.94	0.000873318
473.96	0.000875407
473.98	0.00087718
474	0.000878646
474.02	0.00087981
474.04	0.00088068
474.06	0.000881263
474.08	0.000881565
474.1	0.000881593
474.12	0.000881354
474.14	0.000880853
474.16	0.000880097
474.18	0.000879092
474.2	0.000877844
474.22	0.000876359
474.24	0.000874643
474.26	0.000872702
474.28	0.000870541
474.3	0.000868167
474.32	0.000865584
474.34	0.000862798
474.36	0.000859815
474.38	0.000856641
474.4	0.00085328
474.42	0.000849738
474.44	0.000846021
474.46	0.000842133
474.48	0.00083808
474.5	0.000833868
474.52	0.0008295
474.54	0.000824983
474.56	0.000820321
474.58	0.00081552
474.6	0.000810585
474.62	0.00080552
474.64	0.000800331
474.66	0.000795022
474.68	0.000789598
474.7	0.000784064
474.72	0.000778425
474.74	0.000772685
474.76	0.000766849
474.78	0.000760922
474.8	0.000754908
474.82	0.000748812
474.84	0.000742638
474.86	0.000736391
474.88	0.000730074
474.9	0.000723692
474.92	0.00071725
474.94	0.00071075
474.96	0.000704198
474.98	0.000697598
475	0.000690952
475.02	0.000684265
475.04	0.000677541
475.06	0.000670784
475.08	0.000663997
475.1	0.000657183
475.12	0.000650346
475.14	0.00064349
475.16	0.000636617
475.18	0.000629732
475.2	0.000622837
475.22	0.000615934
475.24	0.000609028
475.26	0.000602122
475.28	0.000595217
475.3	0.000588316
475.32	0.000581424
475.34	0.000574541
475.36	0.00056767
475.38	0.000560814
475.4	0.000553976
475.42	0.000547157
475.44	0.00054036
475.46	0.000533586
475.48	0.000526839
475.5	0.000520119
475.52	0.00051343
475.54	0.000506771
475.56	0.000500146
475.58	0.000493556
475.6	0.000487003
475.62	0.000480488
475.64	0.000474013
475.66	0.000467579
475.68	0.000461187
475.7	0.000454839
475.72	0.000448536
475.74	0.000442279
475.76	0.000436069
475.78	0.000429907
475.8	0.000423795
475.82	0.000417733
475.84	0.000411722
475.86	0.000405763
475.88	0.000399856
475.9	0.000394003
475.92	0.000388204
475.94	0.000382459
475.96	0.00037677
475.98	0.000371136
476	0.000365559
476.02	0.000360038
476.04	0.000354574
476.06	0.000349168
476.08	0.000343819
476.1	0.000338528
476.12	0.000333296
476.14	0.000328121
476.16	0.000323006
476.18	0.000317949
476.2	0.000312951
476.22	0.000308011
476.24	0.000303131
476.26	0.000298309
476.28	0.000293546
476.3	0.000288842
476.32	0.000284196
476.34	0.000279609
476.36	0.000275081
476.38	0.000270611
476.4	0.000266199
476.42	0.000261845
476.44	0.000257548
476.46	0.000253309
476.48	0.000249127
476.5	0.000245002
476.52	0.000240933
476.54	0.000236921
476.56	0.000232965
476.58	0.000229064
476.6	0.000225218
476.62	0.000221428
476.64	0.000217691
476.66	0.000214009
476.68	0.000210381
476.7	0.000206805
476.72	0.000203283
476.74	0.000199812
476.76	0.000196394
476.78	0.000193027
476.8	0.000189711
476.82	0.000186445
476.84	0.00018323
476.86	0.000180064
476.88	0.000176946
476.9	0.000173878
476.92	0.000170857
476.94	0.000167884
476.96	0.000164958
476.98	0.000162078
477	0.000159244
477.02	0.000156456
477.04	0.000153712
477.06	0.000151013
477.08	0.000148357
477.1	0.000145745
477.12	0.000143176
477.14	0.000140649
477.16	0.000138163
477.18	0.000135719
477.2	0.000133315
477.22	0.000130952
477.24	0.000128628
477.26	0.000126343
477.28	0.000124097
477.3	0.000121888
477.32	0.000119717
477.34	0.000117583
477.36	0.000115486
477.38	0.000113424
477.4	0.000111398
477.42	0.000109407
477.44	0.00010745
477.46	0.000105527
477.48	0.000103638
477.5	0.000101781
477.52	9.99572e-05
477.54	9.8165e-05
477.56	9.64042e-05
477.58	9.46744e-05
477.6	9.2975e-05
477.62	9.13057e-05
477.64	8.96659e-05
477.66	8.80552e-05
477.68	8.64731e-05
477.7	8.49192e-05
477.72	8.3393e-05
477.74	8.18941e-05
477.76	8.0422e-05
477.78	7.89763e-05
477.8	7.75566e-05
477.82	7.61624e-05
477.84	7.47933e-05
477.86	7.3449e-05
477.88	7.21289e-05
477.9	7.08328e-05
477.92	6.95601e-05
477.94	6.83105e-05
477.96	6.70836e-05
477.98	6.58791e-05
478	6.46964e-05
478.02	6.35354e-05
478.04	6.23955e-05
478.06	6.12764e-05
478.08	6.01779e-05
478.1	5.90994e-05
478.12	5.80406e-05
478.14	5.70013e-05
478.16	5.59811e-05
478.18	5.49795e-05
478.2	5.39964e-05
478.22	5.30314e-05
478.24	5.20841e-05
478.26	5.11543e-05
478.28	5.02416e-05
478.3	4.93457e-05
478.32	4.84663e-05
478.34	4.76031e-05
478.36	4.67559e-05
478.38	4.59243e-05
478.4	4.51081e-05
478.42	4.43069e-05
478.44	4.35206e-05
478.46	4.27487e-05
478.48	4.19912e-05
478.5	4.12476e-05
478.52	4.05178e-05
478.54	3.98015e-05
478.56	3.90984e-05
478.58	3.84084e-05
478.6	3.77311e-05
478.62	3.70663e-05
478.64	3.64138e-05
478.66	3.57734e-05
478.68	3.51448e-05
478.7	3.45278e-05
478.72	3.39223e-05
478.74	3.33279e-05
478.76	3.27445e-05
478.78	3.21719e-05
478.8	3.16098e-05
478.82	3.10581e-05
478.84	3.05166e-05
478.86	2.99851e-05
478.88	2.94634e-05
478.9	2.89513e-05
478.92	2.84487e-05
478.94	2.79553e-05
478.96	2.74709e-05
478.98	2.69955e-05
479	2.65289e-05
479.02	2.60708e-05
479.04	2.56211e-05
479.06	2.51797e-05
479.08	2.47463e-05
479.1	2.4321e-05
479.12	2.39034e-05
479.14	2.34934e-05
479.16	2.3091e-05
479.18	2.26959e-05
479.2	2.23081e-05
479.22	2.19273e-05
479.24	2.15535e-05
479.26	2.11865e-05
479.28	2.08261e-05
479.3	2.04724e-05
479.32	2.01251e-05
479.34	1.97841e-05
479.36	1.94492e-05
479.38	1.91205e-05
479.4	1.87977e-05
479.42	1.84808e-05
479.44	1.81696e-05
479.46	1.7864e-05
479.48	1.7564e-05
479.5	1.72693e-05
479.52	1.698e-05
479.54	1.66959e-05
479.56	1.64169e-05
479.58	1.6143e-05
479.6	1.58739e-05
479.62	1.56097e-05
479.64	1.53502e-05
479.66	1.50954e-05
479.68	1.48451e-05
479.7	1.45993e-05
479.72	1.43579e-05
479.74	1.41208e-05
479.76	1.3888e-05
479.78	1.36592e-05
479.8	1.34346e-05
479.82	1.32139e-05
479.84	1.29972e-05
479.86	1.27843e-05
479.88	1.25751e-05
479.9	1.23697e-05
479.92	1.21679e-05
479.94	1.19697e-05
479.96	1.17749e-05
479.98	1.15836e-05
480	1.13957e-05
480.02	1.1211e-05
480.04	1.10296e-05
480.06	1.08514e-05
480.08	1.06763e-05
480.1	1.05043e-05
480.12	1.03352e-05
480.14	1.01691e-05
480.16	1.00059e-05
480.18	9.8456e-06
480.2	9.68804e-06
480.22	9.53322e-06
480.24	9.38109e-06
480.26	9.23159e-06
480.28	9.08469e-06
480.3	8.94032e-06
480.32	8.79845e-06
480.34	8.65902e-06
480.36	8.522e-06
480.38	8.38734e-06
480.4	8.25499e-06
480.42	8.12491e-06
480.44	7.99707e-06
480.46	7.87142e-06
480.48	7.74792e-06
480.5	7.62653e-06
480.52	7.50721e-06
480.54	7.38993e-06
480.56	7.27464e-06
480.58	7.16132e-06
480.6	7.04993e-06
480.62	6.94042e-06
480.64	6.83277e-06
480.66	6.72695e-06
480.68	6.62292e-06
480.7	6.52064e-06
480.72	6.42009e-06
480.74	6.32124e-06
480.76	6.22405e-06
480.78	6.12849e-06
480.8	6.03454e-06
480.82	5.94217e-06
480.84	5.85134e-06
480.86	5.76204e-06
480.88	5.67423e-06
480.9	5.58788e-06
480.92	5.50298e-06
480.94	5.41949e-06
480.96	5.33739e-06
480.98	5.25666e-06
481	5.17726e-06
481.02	5.09918e-06
481.04	5.0224e-06
481.06	4.94689e-06
481.08	4.87262e-06
481.1	4.79958e-06
481.12	4.72775e-06
481.14	4.6571e-06
481.16	4.58761e-06
481.18	4.51926e-06
481.2	4.45203e-06
481.22	4.38591e-06
481.24	4.32087e-06
481.26	4.25689e-06
481.28	4.19396e-06
481.3	4.13205e-06
481.32	4.07116e-06
481.34	4.01125e-06
481.36	3.95232e-06
481.38	3.89435e-06
481.4	3.83731e-06
481.42	3.7812e-06
481.44	3.726e-06
481.46	3.67169e-06
481.48	3.61826e-06
481.5	3.56569e-06
481.52	3.51397e-06
481.54	3.46308e-06
481.56	3.413e-06
481.58	3.36374e-06
481.6	3.31526e-06
481.62	3.26755e-06
481.64	3.22061e-06
481.66	3.17442e-06
481.68	3.12897e-06
481.7	3.08425e-06
481.72	3.04023e-06
481.74	2.99691e-06
481.76	2.95429e-06
481.78	2.91234e-06
481.8	2.87105e-06
481.82	2.83042e-06
481.84	2.79043e-06
481.86	2.75107e-06
481.88	2.71234e-06
481.9	2.67421e-06
481.92	2.63668e-06
481.94	2.59975e-06
481.96	2.56339e-06
481.98	2.5276e-06
482	2.49238e-06
482.02	2.45771e-06
482.04	2.42357e-06
482.06	2.38997e-06
482.08	2.3569e-06
482.1	2.32434e-06
482.12	2.29229e-06
482.14	2.26073e-06
482.16	2.22967e-06
482.18	2.19908e-06
482.2	2.16897e-06
482.22	2.13933e-06
482.24	2.11014e-06
482.26	2.08141e-06
482.28	2.05311e-06
482.3	2.02526e-06
482.32	1.99783e-06
482.34	1.97082e-06
482.36	1.94423e-06
482.38	1.91804e-06
482.4	1.89226e-06
482.42	1.86687e-06
482.44	1.84186e-06
482.46	1.81724e-06
482.48	1.793e-06
482.5	1.76912e-06
482.52	1.74561e-06
482.54	1.72245e-06
482.56	1.69965e-06
482.58	1.67719e-06
482.6	1.65507e-06
482.62	1.63328e-06
482.64	1.61183e-06
482.66	1.5907e-06
482.68	1.56988e-06
482.7	1.54938e-06
482.72	1.52919e-06
482.74	1.5093e-06
482.76	1.48971e-06
482.78	1.47041e-06
482.8	1.4514e-06
482.82	1.43268e-06
482.84	1.41423e-06
482.86	1.39606e-06
482.88	1.37816e-06
482.9	1.36053e-06
482.92	1.34316e-06
482.94	1.32604e-06
482.96	1.30918e-06
482.98	1.29257e-06
483	1.2762e-06
483.02	1.26008e-06
483.04	1.24419e-06
483.06	1.22854e-06
483.08	1.21312e-06
483.1	1.19792e-06
483.12	1.18295e-06
483.14	1.16819e-06
483.16	1.15366e-06
483.18	1.13933e-06
483.2	1.12522e-06
483.22	1.11131e-06
483.24	1.0976e-06
483.26	1.08409e-06
483.28	1.07078e-06
483.3	1.05766e-06
483.32	1.04473e-06
483.34	1.03199e-06
483.36	1.01943e-06
483.38	1.00706e-06
483.4	9.94862e-07
483.42	9.82841e-07
483.44	9.70993e-07
483.46	9.59315e-07
483.48	9.47805e-07
483.5	9.36459e-07
483.52	9.25276e-07
483.54	9.14254e-07
483.56	9.03388e-07
483.58	8.92678e-07
483.6	8.8212e-07
483.62	8.71712e-07
483.64	8.61452e-07
483.66	8.51338e-07
483.68	8.41367e-07
483.7	8.31537e-07
483.72	8.21846e-07
483.74	8.12291e-07
483.76	8.02872e-07
483.78	7.93585e-07
483.8	7.84429e-07
483.82	7.75401e-07
483.84	7.665e-07
483.86	7.57724e-07
483.88	7.4907e-07
483.9	7.40537e-07
483.92	7.32123e-07
483.94	7.23827e-07
483.96	7.15646e-07
483.98	7.07579e-07
484	6.99623e-07
484.02	6.91778e-07
484.04	6.84042e-07
484.06	6.76412e-07
484.08	6.68888e-07
484.1	6.61467e-07
484.12	6.54149e-07
484.14	6.46931e-07
484.16	6.39813e-07
484.18	6.32792e-07
484.2	6.25868e-07
484.22	6.19038e-07
484.24	6.12301e-07
484.26	6.05656e-07
484.28	5.99102e-07
484.3	5.92637e-07
484.32	5.8626e-07
484.34	5.7997e-07
484.36	5.73765e-07
484.38	5.67644e-07
484.4	5.61605e-07
484.42	5.55649e-07
484.44	5.49772e-07
484.46	5.43975e-07
484.48	5.38255e-07
484.5	5.32613e-07
484.52	5.27046e-07
484.54	5.21554e-07
484.56	5.16135e-07
484.58	5.10789e-07
484.6	5.05514e-07
484.62	5.0031e-07
484.64	4.95174e-07
484.66	4.90107e-07
484.68	4.85107e-07
484.7	4.80174e-07
484.72	4.75306e-07
484.74	4.70502e-07
484.76	4.65762e-07
484.78	4.61084e-07
484.8	4.56468e-07
484.82	4.51913e-07
484.84	4.47417e-07
484.86	4.42981e-07
484.88	4.38602e-07
484.9	4.34281e-07
484.92	4.30017e-07
484.94	4.25808e-07
484.96	4.21654e-07
484.98	4.17554e-07
485	4.13508e-07
485.02	4.09514e-07
485.04	4.05572e-07
485.06	4.0168e-07
485.08	3.9784e-07
485.1	3.94049e-07
485.12	3.90306e-07
485.14	3.86613e-07
485.16	3.82966e-07
485.18	3.79367e-07
485.2	3.75813e-07
485.22	3.72306e-07
485.24	3.68843e-07
485.26	3.65424e-07
485.28	3.6205e-07
485.3	3.58718e-07
485.32	3.55429e-07
485.34	3.52181e-07
485.36	3.48975e-07
485.38	3.4581e-07
485.4	3.42685e-07
485.42	3.39599e-07
485.44	3.36552e-07
485.46	3.33544e-07
485.48	3.30574e-07
485.5	3.27641e-07
485.52	3.24745e-07
485.54	3.21886e-07
485.56	3.19063e-07
485.58	3.16274e-07
485.6	3.13521e-07
485.62	3.10803e-07
485.64	3.08118e-07
485.66	3.05467e-07
485.68	3.02848e-07
485.7	3.00263e-07
485.72	2.9771e-07
485.74	2.95188e-07
485.76	2.92697e-07
485.78	2.90238e-07
485.8	2.87809e-07
485.82	2.8541e-07
485.84	2.8304e-07
485.86	2.807e-07
485.88	2.78389e-07
485.9	2.76106e-07
485.92	2.73851e-07
485.94	2.71624e-07
485.96	2.69425e-07
485.98	2.67252e-07
486	2.65106e-07
486.02	2.62986e-07
486.04	2.60892e-07
486.06	2.58823e-07
486.08	2.5678e-07
486.1	2.54761e-07
486.12	2.52768e-07
486.14	2.50798e-07
486.16	2.48852e-07
486.18	2.4693e-07
486.2	2.45031e-07
486.22	2.43156e-07
486.24	2.41302e-07
486.26	2.39472e-07
486.28	2.37663e-07
486.3	2.35876e-07
486.32	2.34111e-07
486.34	2.32367e-07
486.36	2.30643e-07
486.38	2.28941e-07
486.4	2.27259e-07
486.42	2.25597e-07
486.44	2.23955e-07
486.46	2.22333e-07
486.48	2.2073e-07
486.5	2.19146e-07
486.52	2.17582e-07
486.54	2.16036e-07
486.56	2.14508e-07
486.58	2.12998e-07
486.6	2.11507e-07
486.62	2.10033e-07
486.64	2.08577e-07
486.66	2.07138e-07
486.68	2.05716e-07
486.7	2.04311e-07
486.72	2.02922e-07
486.74	2.0155e-07
486.76	2.00194e-07
486.78	1.98855e-07
486.8	1.97531e-07
486.82	1.96223e-07
486.84	1.9493e-07
486.86	1.93652e-07
486.88	1.9239e-07
486.9	1.91142e-07
486.92	1.89909e-07
486.94	1.88691e-07
486.96	1.87487e-07
486.98	1.86297e-07
487	1.85121e-07
487.02	1.83959e-07
487.04	1.82811e-07
487.06	1.81676e-07
487.08	1.80554e-07
487.1	1.79446e-07
487.12	1.7835e-07
487.14	1.77268e-07
487.16	1.76198e-07
487.18	1.7514e-07
487.2	1.74096e-07
487.22	1.73063e-07
487.24	1.72042e-07
487.26	1.71034e-07
487.28	1.70037e-07
487.3	1.69052e-07
487.32	1.68078e-07
487.34	1.67116e-07
487.36	1.66165e-07
487.38	1.65225e-07
487.4	1.64297e-07
487.42	1.63379e-07
487.44	1.62472e-07
487.46	1.61575e-07
487.48	1.60689e-07
487.5	1.59814e-07
487.52	1.58948e-07
487.54	1.58093e-07
487.56	1.57248e-07
487.58	1.56413e-07
487.6	1.55587e-07
487.62	1.54772e-07
487.64	1.53966e-07
487.66	1.53169e-07
487.68	1.52382e-07
487.7	1.51604e-07
487.72	1.50835e-07
487.74	1.50076e-07
487.76	1.49325e-07
487.78	1.48583e-07
487.8	1.4785e-07
487.82	1.47125e-07
487.84	1.4641e-07
487.86	1.45702e-07
487.88	1.45003e-07
487.9	1.44313e-07
487.92	1.4363e-07
487.94	1.42956e-07
487.96	1.4229e-07
487.98	1.41632e-07
488	1.40981e-07
488.02	1.40338e-07
488.04	1.39704e-07
488.06	1.39076e-07
488.08	1.38456e-07
488.1	1.37844e-07
488.12	1.37239e-07
488.14	1.36642e-07
488.16	1.36051e-07
488.18	1.35468e-07
488.2	1.34892e-07
488.22	1.34323e-07
488.24	1.33761e-07
488.26	1.33205e-07
488.28	1.32657e-07
488.3	1.32115e-07
488.32	1.3158e-07
488.34	1.31052e-07
488.36	1.3053e-07
488.38	1.30014e-07
488.4	1.29505e-07
488.42	1.29002e-07
488.44	1.28506e-07
488.46	1.28016e-07
488.48	1.27532e-07
488.5	1.27054e-07
488.52	1.26582e-07
488.54	1.26116e-07
488.56	1.25656e-07
488.58	1.25202e-07
488.6	1.24753e-07
488.62	1.24311e-07
488.64	1.23874e-07
488.66	1.23443e-07
488.68	1.23017e-07
488.7	1.22597e-07
488.72	1.22183e-07
488.74	1.21774e-07
488.76	1.2137e-07
488.78	1.20972e-07
488.8	1.20579e-07
488.82	1.20191e-07
488.84	1.19809e-07
488.86	1.19431e-07
488.88	1.19059e-07
488.9	1.18692e-07
488.92	1.1833e-07
488.94	1.17973e-07
488.96	1.17621e-07
488.98	1.17274e-07
489	1.16931e-07
489.02	1.16594e-07
489.04	1.16261e-07
489.06	1.15933e-07
489.08	1.1561e-07
489.1	1.15292e-07
489.12	1.14978e-07
489.14	1.14668e-07
489.16	1.14364e-07
489.18	1.14064e-07
489.2	1.13768e-07
489.22	1.13477e-07
489.24	1.1319e-07
489.26	1.12908e-07
489.28	1.1263e-07
489.3	1.12356e-07
489.32	1.12086e-07
489.34	1.11821e-07
489.36	1.11561e-07
489.38	1.11304e-07
489.4	1.11051e-07
489.42	1.10803e-07
489.44	1.10559e-07
489.46	1.10319e-07
489.48	1.10083e-07
489.5	1.09851e-07
489.52	1.09623e-07
489.54	1.09399e-07
489.56	1.09179e-07
489.58	1.08963e-07
489.6	1.08751e-07
489.62	1.08542e-07
489.64	1.08338e-07
489.66	1.08137e-07
489.68	1.07941e-07
489.7	1.07748e-07
489.72	1.07558e-07
489.74	1.07373e-07
489.76	1.07191e-07
489.78	1.07013e-07
489.8	1.06839e-07
489.82	1.06668e-07
489.84	1.06501e-07
489.86	1.06338e-07
489.88	1.06178e-07
489.9	1.06022e-07
489.92	1.0587e-07
489.94	1.05721e-07
489.96	1.05575e-07
489.98	1.05433e-07
490	1.05295e-07
490.02	1.0516e-07
490.04	1.05029e-07
490.06	1.04901e-07
490.08	1.04776e-07
490.1	1.04655e-07
490.12	1.04538e-07
490.14	1.04423e-07
490.16	1.04312e-07
490.18	1.04205e-07
490.2	1.04101e-07
490.22	1.04e-07
490.24	1.03903e-07
490.26	1.03809e-07
490.28	1.03718e-07
490.3	1.03631e-07
490.32	1.03547e-07
490.34	1.03466e-07
490.36	1.03388e-07
490.38	1.03314e-07
490.4	1.03243e-07
490.42	1.03175e-07
490.44	1.03111e-07
490.46	1.0305e-07
490.48	1.02992e-07
490.5	1.02937e-07
490.52	1.02886e-07
490.54	1.02837e-07
490.56	1.02792e-07
490.58	1.0275e-07
490.6	1.02712e-07
490.62	1.02676e-07
490.64	1.02644e-07
490.66	1.02615e-07
490.68	1.02589e-07
490.7	1.02567e-07
490.72	1.02547e-07
490.74	1.02531e-07
490.76	1.02518e-07
490.78	1.02508e-07
490.8	1.02501e-07
490.82	1.02497e-07
490.84	1.02497e-07
490.86	1.02499e-07
490.88	1.02505e-07
490.9	1.02514e-07
490.92	1.02527e-07
490.94	1.02542e-07
490.96	1.02561e-07
490.98	1.02582e-07
491	1.02607e-07
491.02	1.02635e-07
491.04	1.02667e-07
491.06	1.02701e-07
491.08	1.02739e-07
491.1	1.0278e-07
491.12	1.02824e-07
491.14	1.02871e-07
491.16	1.02922e-07
491.18	1.02976e-07
491.2	1.03033e-07
491.22	1.03093e-07
491.24	1.03156e-07
491.26	1.03223e-07
491.28	1.03293e-07
491.3	1.03366e-07
491.32	1.03443e-07
491.34	1.03523e-07
491.36	1.03606e-07
491.38	1.03692e-07
491.4	1.03782e-07
491.42	1.03875e-07
491.44	1.03971e-07
491.46	1.04071e-07
491.48	1.04174e-07
491.5	1.04281e-07
491.52	1.04391e-07
491.54	1.04504e-07
491.56	1.04621e-07
491.58	1.04741e-07
491.6	1.04864e-07
491.62	1.04991e-07
491.64	1.05122e-07
491.66	1.05256e-07
491.68	1.05393e-07
491.7	1.05534e-07
491.72	1.05679e-07
491.74	1.05827e-07
491.76	1.05979e-07
491.78	1.06134e-07
491.8	1.06293e-07
491.82	1.06456e-07
491.84	1.06622e-07
491.86	1.06792e-07
491.88	1.06966e-07
491.9	1.07143e-07
491.92	1.07325e-07
491.94	1.0751e-07
491.96	1.07698e-07
491.98	1.07891e-07
492	1.08088e-07
492.02	1.08288e-07
492.04	1.08492e-07
492.06	1.08701e-07
492.08	1.08913e-07
492.1	1.09129e-07
492.12	1.0935e-07
492.14	1.09574e-07
492.16	1.09803e-07
492.18	1.10036e-07
492.2	1.10273e-07
492.22	1.10514e-07
492.24	1.10759e-07
492.26	1.11009e-07
492.28	1.11263e-07
492.3	1.11521e-07
492.32	1.11784e-07
492.34	1.12051e-07
492.36	1.12323e-07
492.38	1.12599e-07
492.4	1.1288e-07
492.42	1.13165e-07
492.44	1.13456e-07
492.46	1.1375e-07
492.48	1.1405e-07
492.5	1.14354e-07
492.52	1.14664e-07
492.54	1.14978e-07
492.56	1.15297e-07
492.58	1.15621e-07
492.6	1.1595e-07
492.62	1.16285e-07
492.64	1.16624e-07
492.66	1.16969e-07
492.68	1.17319e-07
492.7	1.17675e-07
492.72	1.18036e-07
492.74	1.18402e-07
492.76	1.18774e-07
492.78	1.19152e-07
492.8	1.19535e-07
492.82	1.19924e-07
492.84	1.20319e-07
492.86	1.2072e-07
492.88	1.21127e-07
492.9	1.2154e-07
492.92	1.21959e-07
492.94	1.22384e-07
492.96	1.22816e-07
492.98	1.23254e-07
493	1.23699e-07
493.02	1.2415e-07
493.04	1.24608e-07
493.06	1.25073e-07
493.08	1.25544e-07
493.1	1.26023e-07
493.12	1.26508e-07
493.14	1.27001e-07
493.16	1.27502e-07
493.18	1.28009e-07
493.2	1.28524e-07
493.22	1.29047e-07
493.24	1.29578e-07
493.26	1.30116e-07
493.28	1.30663e-07
493.3	1.31218e-07
493.32	1.31781e-07
493.34	1.32352e-07
493.36	1.32932e-07
493.38	1.33521e-07
493.4	1.34119e-07
493.42	1.34725e-07
493.44	1.35341e-07
493.46	1.35967e-07
493.48	1.36602e-07
493.5	1.37246e-07
493.52	1.37901e-07
493.54	1.38565e-07
493.56	1.3924e-07
493.58	1.39926e-07
493.6	1.40622e-07
493.62	1.41329e-07
493.64	1.42047e-07
493.66	1.42776e-07
493.68	1.43518e-07
493.7	1.4427e-07
493.72	1.45036e-07
493.74	1.45813e-07
493.76	1.46603e-07
493.78	1.47406e-07
493.8	1.48222e-07
493.82	1.49052e-07
493.84	1.49895e-07
493.86	1.50753e-07
493.88	1.51625e-07
493.9	1.52511e-07
493.92	1.53414e-07
493.94	1.54331e-07
493.96	1.55265e-07
493.98	1.56215e-07
494	1.57181e-07
494.02	1.58165e-07
494.04	1.59167e-07
494.06	1.60187e-07
494.08	1.61225e-07
494.1	1.62283e-07
494.12	1.63361e-07
494.14	1.64459e-07
494.16	1.65578e-07
494.18	1.66718e-07
494.2	1.67881e-07
494.22	1.69067e-07
494.24	1.70277e-07
494.26	1.71512e-07
494.28	1.72771e-07
494.3	1.74058e-07
494.32	1.75371e-07
494.34	1.76713e-07
494.36	1.78084e-07
494.38	1.79485e-07
494.4	1.80919e-07
494.42	1.82385e-07
494.44	1.83885e-07
494.46	1.85422e-07
494.48	1.86996e-07
494.5	1.88609e-07
494.52	1.90263e-07
494.54	1.9196e-07
494.56	1.93703e-07
494.58	1.95493e-07
494.6	1.97334e-07
494.62	1.99228e-07
494.64	2.01178e-07
494.66	2.03189e-07
494.68	2.05264e-07
494.7	2.07407e-07
494.72	2.09625e-07
494.74	2.11922e-07
494.76	2.14305e-07
494.78	2.16782e-07
494.8	2.19363e-07
494.82	2.22057e-07
494.84	2.24879e-07
494.86	2.27843e-07
494.88	2.30971e-07
494.9	2.34286e-07
494.92	2.37824e-07
494.94	2.41631e-07
494.96	2.45771e-07
494.98	2.50343e-07
495	2.55512e-07
495.02	2.61576e-07
495.04	2.69169e-07
495.06	2.7992e-07
495.08	2.98765e-07
495.1	3.45823e-07
495.12	4.85631e-07
495.14	8.55084e-07
495.16	1.74482e-06
495.18	3.7668e-06
495.2	7.86088e-06
495.22	1.52275e-05
495.24	2.75203e-05
495.26	4.68223e-05
495.28	7.49155e-05
495.3	0.000112282
495.32	0.00015742
495.34	0.000207112
495.36	0.000257821
495.38	0.000306869
495.4	0.00035263
495.42	0.000394275
495.44	0.00043154
495.46	0.000464604
495.48	0.00049394
495.5	0.000520133
495.52	0.000543748
495.54	0.00056527
495.56	0.000585091
495.58	0.000603518
495.6	0.000620782
495.62	0.00063706
495.64	0.000652484
495.66	0.000667152
495.68	0.000681136
495.7	0.00069449
495.72	0.000707253
495.74	0.000719454
495.76	0.000731115
495.78	0.000742253
495.8	0.000752882
495.82	0.000763014
495.84	0.00077266
495.86	0.000781828
495.88	0.000790529
495.9	0.000798772
495.92	0.000806564
495.94	0.000813916
495.96	0.000820836
495.98	0.000827333
496	0.000833416
496.02	0.000839093
496.04	0.000844374
496.06	0.000849267
496.08	0.000853781
496.1	0.000857924
496.12	0.000861705
496.14	0.000865132
496.16	0.000868213
496.18	0.000870956
496.2	0.000873368
496.22	0.000875458
496.24	0.000877233
496.26	0.000878699
496.28	0.000879864
496.3	0.000880735
496.32	0.000881318
496.34	0.000881621
496.36	0.00088165
496.38	0.000881411
496.4	0.000880911
496.42	0.000880155
496.44	0.000879151
496.46	0.000877904
496.48	0.00087642
496.5	0.000874704
496.52	0.000872764
496.54	0.000870603
496.56	0.000868229
496.58	0.000865647
496.6	0.000862862
496.62	0.00085988
496.64	0.000856706
496.66	0.000853345
496.68	0.000849804
496.7	0.000846087
496.72	0.0008422
496.74	0.000838147
496.76	0.000833935
496.78	0.000829568
496.8	0.000825051
496.82	0.00082039
496.84	0.000815589
496.86	0.000810654
496.88	0.000805589
496.9	0.0008004
496.92	0.000795091
496.94	0.000789668
496.96	0.000784134
496.98	0.000778495
497	0.000772756
497.02	0.00076692
497.04	0.000760993
497.06	0.00075498
497.08	0.000748884
497.1	0.00074271
497.12	0.000736463
497.14	0.000730146
497.16	0.000723764
497.18	0.000717322
497.2	0.000710822
497.22	0.00070427
497.24	0.000697669
497.26	0.000691024
497.28	0.000684337
497.3	0.000677613
497.32	0.000670856
497.34	0.000664068
497.36	0.000657255
497.38	0.000650418
497.4	0.000643562
497.42	0.000636689
497.44	0.000629803
497.46	0.000622908
497.48	0.000616006
497.5	0.0006091
497.52	0.000602193
497.54	0.000595287
497.56	0.000588387
497.58	0.000581494
497.6	0.000574611
497.62	0.00056774
497.64	0.000560884
497.66	0.000554046
497.68	0.000547226
497.7	0.000540429
497.72	0.000533655
497.74	0.000526908
497.76	0.000520188
497.78	0.000513498
497.8	0.000506839
497.82	0.000500214
497.84	0.000493624
497.86	0.00048707
497.88	0.000480555
497.9	0.000474079
497.92	0.000467645
497.94	0.000461252
497.96	0.000454904
497.98	0.000448601
498	0.000442343
498.02	0.000436133
498.04	0.000429971
498.06	0.000423858
498.08	0.000417796
498.1	0.000411785
498.12	0.000405825
498.14	0.000399918
498.16	0.000394064
498.18	0.000388265
498.2	0.00038252
498.22	0.00037683
498.24	0.000371196
498.26	0.000365618
498.28	0.000360097
498.3	0.000354633
498.32	0.000349226
498.34	0.000343877
498.36	0.000338586
498.38	0.000333353
498.4	0.000328178
498.42	0.000323062
498.44	0.000318005
498.46	0.000313006
498.48	0.000308066
498.5	0.000303185
498.52	0.000298363
498.54	0.0002936
498.56	0.000288895
498.58	0.000284249
498.6	0.000279662
498.62	0.000275133
498.64	0.000270662
498.66	0.00026625
498.68	0.000261895
498.7	0.000257598
498.72	0.000253359
498.74	0.000249176
498.76	0.000245051
498.78	0.000240982
498.8	0.000236969
498.82	0.000233012
498.84	0.000229111
498.86	0.000225265
498.88	0.000221474
498.9	0.000217737
498.92	0.000214055
498.94	0.000210426
498.96	0.00020685
498.98	0.000203327
499	0.000199856
499.02	0.000196437
499.04	0.00019307
499.06	0.000189753
499.08	0.000186487
499.1	0.000183271
499.12	0.000180105
499.14	0.000176987
499.16	0.000173918
499.18	0.000170897
499.2	0.000167923
499.22	0.000164997
499.24	0.000162116
499.26	0.000159282
499.28	0.000156493
499.3	0.000153749
499.32	0.00015105
499.34	0.000148394
499.36	0.000145781
499.38	0.000143212
499.4	0.000140684
499.42	0.000138198
499.44	0.000135754
499.46	0.00013335
499.48	0.000130986
499.5	0.000128661
499.52	0.000126376
499.54	0.000124129
499.56	0.000121921
499.58	0.00011975
499.6	0.000117615
499.62	0.000115517
499.64	0.000113456
499.66	0.000111429
499.68	0.000109438
499.7	0.00010748
499.72	0.000105557
499.74	0.000103667
499.76	0.00010181
499.78	9.99859e-05
499.8	9.81933e-05
499.82	9.64322e-05
499.84	9.4702e-05
499.86	9.30024e-05
499.88	9.13327e-05
499.9	8.96926e-05
499.92	8.80816e-05
499.94	8.64992e-05
499.96	8.4945e-05
499.98	8.34185e-05
500	8.19192e-05
