label:AIS.O4_mslo
25000
0.02	5.40578e-10
0.04	5.33199e-10
0.06	5.25764e-10
0.08	5.18294e-10
0.1	5.10803e-10
0.12	5.03307e-10
0.14	4.95819e-10
0.16	4.88353e-10
0.18	4.80921e-10
0.2	4.73537e-10
0.22	4.66213e-10
0.24	4.5896e-10
0.26	4.51788e-10
0.28	4.44708e-10
0.3	4.37727e-10
0.32	4.30855e-10
0.34	4.24098e-10
0.36	4.17461e-10
0.38	4.1095e-10
0.4	4.04569e-10
0.42	3.98322e-10
0.44	3.92211e-10
0.46	3.86239e-10
0.48	3.80406e-10
0.5	3.74714e-10
0.52	3.69162e-10
0.54	3.6375e-10
0.56	3.58477e-10
0.58	3.53342e-10
0.6	3.48343e-10
0.62	3.43479e-10
0.64	3.38747e-10
0.66	3.34144e-10
0.68	3.29669e-10
0.7	3.25317e-10
0.72	3.21086e-10
0.74	3.16973e-10
0.76	3.12975e-10
0.78	3.09087e-10
0.8	3.05308e-10
0.82	3.01632e-10
0.84	2.98058e-10
0.86	2.94581e-10
0.88	2.91199e-10
0.9	2.87907e-10
0.92	2.84704e-10
0.94	2.81584e-10
0.96	2.78546e-10
0.98	2.75586e-10
1	2.72701e-10
1.02	2.69888e-10
1.04	2.67144e-10
1.06	2.64467e-10
1.08	2.61854e-10
1.1	2.59301e-10
1.12	2.56808e-10
1.14	2.54371e-10
1.16	2.51988e-10
1.18	2.49656e-10
1.2	2.47374e-10
1.22	2.4514e-10
1.24	2.42951e-10
1.26	2.40806e-10
1.28	2.38702e-10
1.3	2.36639e-10
1.32	2.34615e-10
1.34	2.32627e-10
1.36	2.30675e-10
1.38	2.28757e-10
1.4	2.26871e-10
1.42	2.25017e-10
1.44	2.23193e-10
1.46	2.21398e-10
1.48	2.19631e-10
1.5	2.1789e-10
1.52	2.16176e-10
1.54	2.14486e-10
1.56	2.12821e-10
1.58	2.11178e-10
1.6	2.09558e-10
1.62	2.07959e-10
1.64	2.06381e-10
1.66	2.04823e-10
1.68	2.03285e-10
1.7	2.01766e-10
1.72	2.00265e-10
1.74	1.98781e-10
1.76	1.97315e-10
1.78	1.95866e-10
1.8	1.94432e-10
1.82	1.93015e-10
1.84	1.91613e-10
1.86	1.90225e-10
1.88	1.88852e-10
1.9	1.87494e-10
1.92	1.86149e-10
1.94	1.84818e-10
1.96	1.835e-10
1.98	1.82195e-10
2	1.80902e-10
2.02	1.79622e-10
2.04	1.78354e-10
2.06	1.77098e-10
2.08	1.75853e-10
2.1	1.7462e-10
2.12	1.73398e-10
2.14	1.72187e-10
2.16	1.70987e-10
2.18	1.69797e-10
2.2	1.68618e-10
2.22	1.67449e-10
2.24	1.6629e-10
2.26	1.65141e-10
2.28	1.64002e-10
2.3	1.62872e-10
2.32	1.61752e-10
2.34	1.60642e-10
2.36	1.5954e-10
2.38	1.58448e-10
2.4	1.57365e-10
2.42	1.56291e-10
2.44	1.55225e-10
2.46	1.54168e-10
2.48	1.5312e-10
2.5	1.5208e-10
2.52	1.51049e-10
2.54	1.50026e-10
2.56	1.49011e-10
2.58	1.48004e-10
2.6	1.47005e-10
2.62	1.46014e-10
2.64	1.45031e-10
2.66	1.44056e-10
2.68	1.43088e-10
2.7	1.42128e-10
2.72	1.41176e-10
2.74	1.4023e-10
2.76	1.39293e-10
2.78	1.38362e-10
2.8	1.37439e-10
2.82	1.36523e-10
2.84	1.35614e-10
2.86	1.34713e-10
2.88	1.33818e-10
2.9	1.3293e-10
2.92	1.32049e-10
2.94	1.31175e-10
2.96	1.30307e-10
2.98	1.29447e-10
3	1.28592e-10
3.02	1.27745e-10
3.04	1.26903e-10
3.06	1.26069e-10
3.08	1.25241e-10
3.1	1.24419e-10
3.12	1.23603e-10
3.14	1.22793e-10
3.16	1.2199e-10
3.18	1.21193e-10
3.2	1.20402e-10
3.22	1.19616e-10
3.24	1.18838e-10
3.26	1.18064e-10
3.28	1.17297e-10
3.3	1.16536e-10
3.32	1.1578e-10
3.34	1.15029e-10
3.36	1.14285e-10
3.38	1.13547e-10
3.4	1.12814e-10
3.42	1.12086e-10
3.44	1.11364e-10
3.46	1.10647e-10
3.48	1.09936e-10
3.5	1.0923e-10
3.52	1.0853e-10
3.54	1.07835e-10
3.56	1.07145e-10
3.58	1.0646e-10
3.6	1.0578e-10
3.62	1.05106e-10
3.64	1.04436e-10
3.66	1.03772e-10
3.68	1.03112e-10
3.7	1.02458e-10
3.72	1.01808e-10
3.74	1.01164e-10
3.76	1.00523e-10
3.78	9.98886e-11
3.8	9.9258e-11
3.82	9.86327e-11
3.84	9.80115e-11
3.86	9.73953e-11
3.88	9.67837e-11
3.9	9.61767e-11
3.92	9.5574e-11
3.94	9.4976e-11
3.96	9.43822e-11
3.98	9.37932e-11
4	9.32083e-11
4.02	9.26279e-11
4.04	9.20518e-11
4.06	9.148e-11
4.08	9.09124e-11
4.1	9.03489e-11
4.12	8.97897e-11
4.14	8.9235e-11
4.16	8.8684e-11
4.18	8.81372e-11
4.2	8.75944e-11
4.22	8.70558e-11
4.24	8.65211e-11
4.26	8.59904e-11
4.28	8.54636e-11
4.3	8.49405e-11
4.32	8.44217e-11
4.34	8.39065e-11
4.36	8.33952e-11
4.38	8.28875e-11
4.4	8.23837e-11
4.42	8.18836e-11
4.44	8.13871e-11
4.46	8.08946e-11
4.48	8.04053e-11
4.5	7.99199e-11
4.52	7.94378e-11
4.54	7.89595e-11
4.56	7.84847e-11
4.58	7.80133e-11
4.6	7.75453e-11
4.62	7.70808e-11
4.64	7.66198e-11
4.66	7.61622e-11
4.68	7.5708e-11
4.7	7.5257e-11
4.72	7.48095e-11
4.74	7.43652e-11
4.76	7.39241e-11
4.78	7.34861e-11
4.8	7.30516e-11
4.82	7.26201e-11
4.84	7.21918e-11
4.86	7.17665e-11
4.88	7.13445e-11
4.9	7.09254e-11
4.92	7.05097e-11
4.94	7.00971e-11
4.96	6.96871e-11
4.98	6.92801e-11
5	6.88762e-11
5.02	6.84753e-11
5.04	6.80773e-11
5.06	6.7682e-11
5.08	6.729e-11
5.1	6.69006e-11
5.12	6.65139e-11
5.14	6.61303e-11
5.16	6.57493e-11
5.18	6.53712e-11
5.2	6.49958e-11
5.22	6.46234e-11
5.24	6.42532e-11
5.26	6.38859e-11
5.28	6.35212e-11
5.3	6.31593e-11
5.32	6.28e-11
5.34	6.24433e-11
5.36	6.20892e-11
5.38	6.17375e-11
5.4	6.13885e-11
5.42	6.1042e-11
5.44	6.06979e-11
5.46	6.03565e-11
5.48	6.00173e-11
5.5	5.96809e-11
5.52	5.93465e-11
5.54	5.9015e-11
5.56	5.86858e-11
5.58	5.83586e-11
5.6	5.80341e-11
5.62	5.77119e-11
5.64	5.73919e-11
5.66	5.70744e-11
5.68	5.6759e-11
5.7	5.64459e-11
5.72	5.61349e-11
5.74	5.58263e-11
5.76	5.55201e-11
5.78	5.52159e-11
5.8	5.4914e-11
5.82	5.46142e-11
5.84	5.43166e-11
5.86	5.40211e-11
5.88	5.37276e-11
5.9	5.34365e-11
5.92	5.31472e-11
5.94	5.28601e-11
5.96	5.25749e-11
5.98	5.2292e-11
6	5.20111e-11
6.02	5.17321e-11
6.04	5.14551e-11
6.06	5.11802e-11
6.08	5.09072e-11
6.1	5.06362e-11
6.12	5.03671e-11
6.14	5.00999e-11
6.16	4.98347e-11
6.18	4.95711e-11
6.2	4.93098e-11
6.22	4.90502e-11
6.24	4.87923e-11
6.26	4.85366e-11
6.28	4.82822e-11
6.3	4.80302e-11
6.32	4.77795e-11
6.34	4.7531e-11
6.36	4.72842e-11
6.38	4.70389e-11
6.4	4.67956e-11
6.42	4.6554e-11
6.44	4.63139e-11
6.46	4.60756e-11
6.48	4.58392e-11
6.5	4.56044e-11
6.52	4.53712e-11
6.54	4.51394e-11
6.56	4.49097e-11
6.58	4.46814e-11
6.6	4.44547e-11
6.62	4.42298e-11
6.64	4.40065e-11
6.66	4.37845e-11
6.68	4.35644e-11
6.7	4.33456e-11
6.72	4.31285e-11
6.74	4.29129e-11
6.76	4.26988e-11
6.78	4.24862e-11
6.8	4.22753e-11
6.82	4.20658e-11
6.84	4.18576e-11
6.86	4.16511e-11
6.88	4.1446e-11
6.9	4.12425e-11
6.92	4.104e-11
6.94	4.08395e-11
6.96	4.06401e-11
6.98	4.04422e-11
7	4.02454e-11
7.02	4.00504e-11
7.04	3.98567e-11
7.06	3.96643e-11
7.08	3.94733e-11
7.1	3.92837e-11
7.12	3.90952e-11
7.14	3.89084e-11
7.16	3.87226e-11
7.18	3.85384e-11
7.2	3.83552e-11
7.22	3.81736e-11
7.24	3.79929e-11
7.26	3.7814e-11
7.28	3.7636e-11
7.3	3.74595e-11
7.32	3.72839e-11
7.34	3.71099e-11
7.36	3.69373e-11
7.38	3.67653e-11
7.4	3.6595e-11
7.42	3.64257e-11
7.44	3.62575e-11
7.46	3.60906e-11
7.48	3.5925e-11
7.5	3.57605e-11
7.52	3.55972e-11
7.54	3.5435e-11
7.56	3.52739e-11
7.58	3.51141e-11
7.6	3.49552e-11
7.62	3.47979e-11
7.64	3.46412e-11
7.66	3.44857e-11
7.68	3.43314e-11
7.7	3.41782e-11
7.72	3.40261e-11
7.74	3.38751e-11
7.76	3.37249e-11
7.78	3.35761e-11
7.8	3.34283e-11
7.82	3.32813e-11
7.84	3.31358e-11
7.86	3.29911e-11
7.88	3.28474e-11
7.9	3.27046e-11
7.92	3.25632e-11
7.94	3.24224e-11
7.96	3.22829e-11
7.98	3.21442e-11
8	3.20066e-11
8.02	3.18697e-11
8.04	3.17342e-11
8.06	3.15995e-11
8.08	3.14658e-11
8.1	3.13329e-11
8.12	3.12011e-11
8.14	3.10701e-11
8.16	3.09401e-11
8.18	3.08108e-11
8.2	3.06828e-11
8.22	3.05556e-11
8.24	3.04292e-11
8.26	3.03038e-11
8.28	3.01794e-11
8.3	3.00558e-11
8.32	2.99329e-11
8.34	2.9811e-11
8.36	2.969e-11
8.38	2.95701e-11
8.4	2.94508e-11
8.42	2.93323e-11
8.44	2.92149e-11
8.46	2.90983e-11
8.48	2.89823e-11
8.5	2.88673e-11
8.52	2.87532e-11
8.54	2.86396e-11
8.56	2.85271e-11
8.58	2.84154e-11
8.6	2.83044e-11
8.62	2.81944e-11
8.64	2.80851e-11
8.66	2.79767e-11
8.68	2.78689e-11
8.7	2.77619e-11
8.72	2.76558e-11
8.74	2.75504e-11
8.76	2.74456e-11
8.78	2.73419e-11
8.8	2.72388e-11
8.82	2.71364e-11
8.84	2.70346e-11
8.86	2.69339e-11
8.88	2.68337e-11
8.9	2.67345e-11
8.92	2.66357e-11
8.94	2.65379e-11
8.96	2.64406e-11
8.98	2.6344e-11
9	2.62482e-11
9.02	2.6153e-11
9.04	2.60587e-11
9.06	2.59649e-11
9.08	2.58721e-11
9.1	2.57795e-11
9.12	2.5688e-11
9.14	2.55973e-11
9.16	2.55068e-11
9.18	2.54173e-11
9.2	2.53286e-11
9.22	2.52404e-11
9.24	2.51527e-11
9.26	2.50658e-11
9.28	2.49795e-11
9.3	2.48938e-11
9.32	2.4809e-11
9.34	2.47247e-11
9.36	2.46409e-11
9.38	2.45578e-11
9.4	2.44754e-11
9.42	2.4394e-11
9.44	2.43125e-11
9.46	2.4232e-11
9.48	2.41519e-11
9.5	2.40725e-11
9.52	2.3994e-11
9.54	2.39157e-11
9.56	2.38382e-11
9.58	2.37614e-11
9.6	2.36851e-11
9.62	2.36094e-11
9.64	2.35344e-11
9.66	2.34597e-11
9.68	2.33858e-11
9.7	2.33123e-11
9.72	2.32397e-11
9.74	2.31673e-11
9.76	2.30956e-11
9.78	2.30246e-11
9.8	2.29541e-11
9.82	2.28841e-11
9.84	2.28145e-11
9.86	2.27458e-11
9.88	2.26773e-11
9.9	2.26097e-11
9.92	2.25425e-11
9.94	2.24757e-11
9.96	2.24097e-11
9.98	2.2344e-11
10	2.22789e-11
10.02	2.22143e-11
10.04	2.21504e-11
10.06	2.20867e-11
10.08	2.20238e-11
10.1	2.19614e-11
10.12	2.18994e-11
10.14	2.18381e-11
10.16	2.17771e-11
10.18	2.17168e-11
10.2	2.16567e-11
10.22	2.15974e-11
10.24	2.15385e-11
10.26	2.14802e-11
10.28	2.14222e-11
10.3	2.13648e-11
10.32	2.13078e-11
10.34	2.12516e-11
10.36	2.11957e-11
10.38	2.11403e-11
10.4	2.10851e-11
10.42	2.10306e-11
10.44	2.09767e-11
10.46	2.09232e-11
10.48	2.08702e-11
10.5	2.08176e-11
10.52	2.07656e-11
10.54	2.07139e-11
10.56	2.06625e-11
10.58	2.06118e-11
10.6	2.05615e-11
10.62	2.05118e-11
10.64	2.04624e-11
10.66	2.04133e-11
10.68	2.0365e-11
10.7	2.03172e-11
10.72	2.02694e-11
10.74	2.02224e-11
10.76	2.01758e-11
10.78	2.01296e-11
10.8	2.00838e-11
10.82	2.00386e-11
10.84	1.99937e-11
10.86	1.99494e-11
10.88	1.99052e-11
10.9	1.98616e-11
10.92	1.98185e-11
10.94	1.97756e-11
10.96	1.97334e-11
10.98	1.96916e-11
11	1.96499e-11
11.02	1.96089e-11
11.04	1.95685e-11
11.06	1.95284e-11
11.08	1.94886e-11
11.1	1.94491e-11
11.12	1.941e-11
11.14	1.93717e-11
11.16	1.93336e-11
11.18	1.9296e-11
11.2	1.92587e-11
11.22	1.92217e-11
11.24	1.91853e-11
11.26	1.9149e-11
11.28	1.91134e-11
11.3	1.90782e-11
11.32	1.90435e-11
11.34	1.90089e-11
11.36	1.89749e-11
11.38	1.89413e-11
11.4	1.89079e-11
11.42	1.8875e-11
11.44	1.88425e-11
11.46	1.88106e-11
11.48	1.87787e-11
11.5	1.87475e-11
11.52	1.87166e-11
11.54	1.86862e-11
11.56	1.8656e-11
11.58	1.86262e-11
11.6	1.85969e-11
11.62	1.85677e-11
11.64	1.85392e-11
11.66	1.85111e-11
11.68	1.84832e-11
11.7	1.84557e-11
11.72	1.84288e-11
11.74	1.84021e-11
11.76	1.83759e-11
11.78	1.83497e-11
11.8	1.83243e-11
11.82	1.82993e-11
11.84	1.82743e-11
11.86	1.825e-11
11.88	1.8226e-11
11.9	1.82022e-11
11.92	1.81788e-11
11.94	1.81561e-11
11.96	1.81334e-11
11.98	1.81111e-11
12	1.80893e-11
12.02	1.80679e-11
12.04	1.80468e-11
12.06	1.80263e-11
12.08	1.80059e-11
12.1	1.79859e-11
12.12	1.79662e-11
12.14	1.7947e-11
12.16	1.79282e-11
12.18	1.79097e-11
12.2	1.78917e-11
12.22	1.78741e-11
12.24	1.78564e-11
12.26	1.78393e-11
12.28	1.78228e-11
12.3	1.78065e-11
12.32	1.77907e-11
12.34	1.7775e-11
12.36	1.77598e-11
12.38	1.7745e-11
12.4	1.77305e-11
12.42	1.77163e-11
12.44	1.77026e-11
12.46	1.76891e-11
12.48	1.76762e-11
12.5	1.76636e-11
12.52	1.76513e-11
12.54	1.76394e-11
12.56	1.76276e-11
12.58	1.76165e-11
12.6	1.76056e-11
12.62	1.75951e-11
12.64	1.75852e-11
12.66	1.75753e-11
12.68	1.75659e-11
12.7	1.75569e-11
12.72	1.75482e-11
12.74	1.754e-11
12.76	1.75321e-11
12.78	1.75245e-11
12.8	1.75174e-11
12.82	1.75105e-11
12.84	1.75037e-11
12.86	1.74978e-11
12.88	1.74922e-11
12.9	1.74867e-11
12.92	1.74817e-11
12.94	1.74772e-11
12.96	1.7473e-11
12.98	1.74691e-11
13	1.74654e-11
13.02	1.74623e-11
13.04	1.74595e-11
13.06	1.74572e-11
13.08	1.7455e-11
13.1	1.74536e-11
13.12	1.74521e-11
13.14	1.74511e-11
13.16	1.74505e-11
13.18	1.74503e-11
13.2	1.74508e-11
13.22	1.74514e-11
13.24	1.74522e-11
13.26	1.74536e-11
13.28	1.74555e-11
13.3	1.74576e-11
13.32	1.746e-11
13.34	1.74629e-11
13.36	1.74662e-11
13.38	1.74698e-11
13.4	1.74737e-11
13.42	1.74781e-11
13.44	1.74828e-11
13.46	1.74881e-11
13.48	1.74937e-11
13.5	1.74998e-11
13.52	1.75061e-11
13.54	1.75127e-11
13.56	1.752e-11
13.58	1.75278e-11
13.6	1.75354e-11
13.62	1.75438e-11
13.64	1.75525e-11
13.66	1.75619e-11
13.68	1.75713e-11
13.7	1.75814e-11
13.72	1.75916e-11
13.74	1.76024e-11
13.76	1.76138e-11
13.78	1.76252e-11
13.8	1.76373e-11
13.82	1.76497e-11
13.84	1.76625e-11
13.86	1.76757e-11
13.88	1.76893e-11
13.9	1.77036e-11
13.92	1.77181e-11
13.94	1.7733e-11
13.96	1.77485e-11
13.98	1.77644e-11
14	1.77805e-11
14.02	1.77972e-11
14.04	1.78145e-11
14.06	1.7832e-11
14.08	1.78502e-11
14.1	1.78685e-11
14.12	1.78873e-11
14.14	1.79068e-11
14.16	1.79266e-11
14.18	1.79468e-11
14.2	1.79674e-11
14.22	1.79885e-11
14.24	1.80101e-11
14.26	1.80322e-11
14.28	1.80546e-11
14.3	1.80778e-11
14.32	1.81011e-11
14.34	1.81249e-11
14.36	1.81494e-11
14.38	1.81744e-11
14.4	1.81996e-11
14.42	1.82254e-11
14.44	1.82518e-11
14.46	1.82789e-11
14.48	1.83061e-11
14.5	1.8334e-11
14.52	1.83624e-11
14.54	1.83912e-11
14.56	1.84205e-11
14.58	1.84502e-11
14.6	1.84809e-11
14.62	1.85115e-11
14.64	1.85429e-11
14.66	1.85749e-11
14.68	1.86073e-11
14.7	1.86401e-11
14.72	1.86736e-11
14.74	1.87078e-11
14.76	1.87424e-11
14.78	1.87776e-11
14.8	1.88133e-11
14.82	1.88494e-11
14.84	1.88861e-11
14.86	1.89238e-11
14.88	1.89615e-11
14.9	1.9e-11
14.92	1.90392e-11
14.94	1.90788e-11
14.96	1.91191e-11
14.98	1.91596e-11
15	1.92012e-11
15.02	1.92431e-11
15.04	1.92859e-11
15.06	1.93288e-11
15.08	1.93729e-11
15.1	1.94173e-11
15.12	1.94621e-11
15.14	1.95079e-11
15.16	1.95542e-11
15.18	1.96011e-11
15.2	1.96487e-11
15.22	1.9697e-11
15.24	1.97459e-11
15.26	1.97956e-11
15.28	1.98456e-11
15.3	1.98966e-11
15.32	1.99479e-11
15.34	2.00004e-11
15.36	2.00532e-11
15.38	2.01068e-11
15.4	2.01613e-11
15.42	2.02162e-11
15.44	2.02719e-11
15.46	2.03283e-11
15.48	2.03857e-11
15.5	2.04434e-11
15.52	2.05021e-11
15.54	2.05617e-11
15.56	2.06218e-11
15.58	2.06826e-11
15.6	2.07444e-11
15.62	2.08066e-11
15.64	2.08698e-11
15.66	2.09339e-11
15.68	2.09988e-11
15.7	2.10644e-11
15.72	2.1131e-11
15.74	2.11982e-11
15.76	2.12663e-11
15.78	2.13351e-11
15.8	2.14049e-11
15.82	2.14755e-11
15.84	2.15471e-11
15.86	2.16192e-11
15.88	2.16926e-11
15.9	2.17666e-11
15.92	2.18415e-11
15.94	2.19174e-11
15.96	2.19944e-11
15.98	2.20721e-11
16	2.21507e-11
16.02	2.22303e-11
16.04	2.2311e-11
16.06	2.23925e-11
16.08	2.24751e-11
16.1	2.25585e-11
16.12	2.26432e-11
16.14	2.27287e-11
16.16	2.28152e-11
16.18	2.29028e-11
16.2	2.29912e-11
16.22	2.30809e-11
16.24	2.31719e-11
16.26	2.32636e-11
16.28	2.33564e-11
16.3	2.34502e-11
16.32	2.35453e-11
16.34	2.36416e-11
16.36	2.37389e-11
16.38	2.38373e-11
16.4	2.39372e-11
16.42	2.40381e-11
16.44	2.414e-11
16.46	2.42432e-11
16.48	2.43475e-11
16.5	2.44534e-11
16.52	2.45603e-11
16.54	2.46684e-11
16.56	2.47781e-11
16.58	2.48887e-11
16.6	2.5001e-11
16.62	2.51144e-11
16.64	2.52291e-11
16.66	2.53453e-11
16.68	2.54629e-11
16.7	2.55817e-11
16.72	2.57017e-11
16.74	2.58236e-11
16.76	2.59467e-11
16.78	2.60713e-11
16.8	2.61974e-11
16.82	2.6325e-11
16.84	2.64541e-11
16.86	2.65846e-11
16.88	2.67169e-11
16.9	2.68507e-11
16.92	2.69859e-11
16.94	2.7123e-11
16.96	2.72615e-11
16.98	2.74017e-11
17	2.75439e-11
17.02	2.76874e-11
17.04	2.78328e-11
17.06	2.798e-11
17.08	2.8129e-11
17.1	2.82795e-11
17.12	2.84321e-11
17.14	2.85864e-11
17.16	2.87425e-11
17.18	2.89007e-11
17.2	2.90607e-11
17.22	2.92227e-11
17.24	2.93865e-11
17.26	2.95526e-11
17.28	2.97206e-11
17.3	2.98904e-11
17.32	3.00626e-11
17.34	3.0237e-11
17.36	3.04133e-11
17.38	3.05917e-11
17.4	3.07726e-11
17.42	3.09555e-11
17.44	3.11409e-11
17.46	3.13285e-11
17.48	3.15179e-11
17.5	3.17104e-11
17.52	3.19053e-11
17.54	3.21023e-11
17.56	3.23017e-11
17.58	3.2504e-11
17.6	3.27086e-11
17.62	3.29155e-11
17.64	3.31256e-11
17.66	3.33382e-11
17.68	3.35533e-11
17.7	3.37713e-11
17.72	3.39919e-11
17.74	3.42157e-11
17.76	3.44421e-11
17.78	3.46715e-11
17.8	3.49037e-11
17.82	3.51391e-11
17.84	3.53776e-11
17.86	3.5619e-11
17.88	3.58639e-11
17.9	3.61116e-11
17.92	3.63627e-11
17.94	3.66172e-11
17.96	3.68752e-11
17.98	3.71364e-11
18	3.7401e-11
18.02	3.76694e-11
18.04	3.79411e-11
18.06	3.82165e-11
18.08	3.84957e-11
18.1	3.87787e-11
18.12	3.90655e-11
18.14	3.93561e-11
18.16	3.96506e-11
18.18	3.99494e-11
18.2	4.02521e-11
18.22	4.05592e-11
18.24	4.08704e-11
18.26	4.11856e-11
18.28	4.15057e-11
18.3	4.18299e-11
18.32	4.2159e-11
18.34	4.24926e-11
18.36	4.28307e-11
18.38	4.31738e-11
18.4	4.35219e-11
18.42	4.38748e-11
18.44	4.42328e-11
18.46	4.4596e-11
18.48	4.49642e-11
18.5	4.5338e-11
18.52	4.57172e-11
18.54	4.6102e-11
18.56	4.64923e-11
18.58	4.68884e-11
18.6	4.72905e-11
18.62	4.76985e-11
18.64	4.81127e-11
18.66	4.8533e-11
18.68	4.89597e-11
18.7	4.93927e-11
18.72	4.98325e-11
18.74	5.02792e-11
18.76	5.07324e-11
18.78	5.11927e-11
18.8	5.16604e-11
18.82	5.21353e-11
18.84	5.26173e-11
18.86	5.31072e-11
18.88	5.36048e-11
18.9	5.41101e-11
18.92	5.46236e-11
18.94	5.51456e-11
18.96	5.56759e-11
18.98	5.62147e-11
19	5.67628e-11
19.02	5.73194e-11
19.04	5.78853e-11
19.06	5.84608e-11
19.08	5.90458e-11
19.1	5.96404e-11
19.12	6.02453e-11
19.14	6.08603e-11
19.16	6.14862e-11
19.18	6.21227e-11
19.2	6.27703e-11
19.22	6.34292e-11
19.24	6.40994e-11
19.26	6.47819e-11
19.28	6.54766e-11
19.3	6.61834e-11
19.32	6.69033e-11
19.34	6.7636e-11
19.36	6.83822e-11
19.38	6.91423e-11
19.4	6.99164e-11
19.42	7.07049e-11
19.44	7.15085e-11
19.46	7.23274e-11
19.48	7.31619e-11
19.5	7.40124e-11
19.52	7.48799e-11
19.54	7.57641e-11
19.56	7.66662e-11
19.58	7.7586e-11
19.6	7.85245e-11
19.62	7.94822e-11
19.64	8.04597e-11
19.66	8.14574e-11
19.68	8.2476e-11
19.7	8.35165e-11
19.72	8.45788e-11
19.74	8.56648e-11
19.76	8.6774e-11
19.78	8.79081e-11
19.8	8.90674e-11
19.82	9.02531e-11
19.84	9.14661e-11
19.86	9.27074e-11
19.88	9.39778e-11
19.9	9.52785e-11
19.92	9.66107e-11
19.94	9.7976e-11
19.96	9.93752e-11
19.98	1.0081e-10
20	1.02281e-10
20.02	1.03791e-10
20.04	1.05342e-10
20.06	1.06934e-10
20.08	1.08571e-10
20.1	1.10254e-10
20.12	1.11985e-10
20.14	1.13768e-10
20.16	1.15604e-10
20.18	1.17498e-10
20.2	1.19452e-10
20.22	1.21469e-10
20.24	1.23555e-10
20.26	1.25714e-10
20.28	1.27952e-10
20.3	1.30273e-10
20.32	1.32686e-10
20.34	1.35198e-10
20.36	1.3782e-10
20.38	1.40564e-10
20.4	1.43443e-10
20.42	1.46478e-10
20.44	1.49693e-10
20.46	1.53123e-10
20.48	1.56818e-10
20.5	1.60865e-10
20.52	1.65417e-10
20.54	1.70832e-10
20.56	1.78207e-10
20.58	1.92759e-10
20.6	2.45844e-10
20.62	4.31307e-10
20.64	9.89764e-10
20.66	2.77405e-09
20.68	7.96838e-09
20.7	2.11565e-08
20.72	5.24199e-08
20.74	1.23369e-07
20.76	2.72855e-07
20.78	5.55842e-07
20.8	1.02873e-06
20.82	1.72324e-06
20.84	2.63597e-06
20.86	3.74234e-06
20.88	5.01077e-06
20.9	6.40871e-06
20.92	7.90488e-06
20.94	9.47076e-06
20.96	1.10816e-05
20.98	1.27165e-05
21	1.43581e-05
21.02	1.59926e-05
21.04	1.76083e-05
21.06	1.91964e-05
21.08	2.07494e-05
21.1	2.22618e-05
21.12	2.37293e-05
21.14	2.51488e-05
21.16	2.6518e-05
21.18	2.78356e-05
21.2	2.91007e-05
21.22	3.03131e-05
21.24	3.1473e-05
21.26	3.25809e-05
21.28	3.36375e-05
21.3	3.4644e-05
21.32	3.56013e-05
21.34	3.65109e-05
21.36	3.7374e-05
21.38	3.8192e-05
21.4	3.89665e-05
21.42	3.96989e-05
21.44	4.03906e-05
21.46	4.10432e-05
21.48	4.16582e-05
21.5	4.2237e-05
21.52	4.2781e-05
21.54	4.32916e-05
21.56	4.37702e-05
21.58	4.42181e-05
21.6	4.46367e-05
21.62	4.50271e-05
21.64	4.53906e-05
21.66	4.57283e-05
21.68	4.60414e-05
21.7	4.63309e-05
21.72	4.65979e-05
21.74	4.68435e-05
21.76	4.70685e-05
21.78	4.72738e-05
21.8	4.74604e-05
21.82	4.76292e-05
21.84	4.77808e-05
21.86	4.7916e-05
21.88	4.80357e-05
21.9	4.81404e-05
21.92	4.82308e-05
21.94	4.83076e-05
21.96	4.83713e-05
21.98	4.84225e-05
22	4.84618e-05
22.02	4.84895e-05
22.04	4.85063e-05
22.06	4.85126e-05
22.08	4.85086e-05
22.1	4.8495e-05
22.12	4.8472e-05
22.14	4.84401e-05
22.16	4.83994e-05
22.18	4.83505e-05
22.2	4.82934e-05
22.22	4.82287e-05
22.24	4.81564e-05
22.26	4.80769e-05
22.28	4.79904e-05
22.3	4.78971e-05
22.32	4.77973e-05
22.34	4.76911e-05
22.36	4.75788e-05
22.38	4.74605e-05
22.4	4.73364e-05
22.42	4.72067e-05
22.44	4.70715e-05
22.46	4.6931e-05
22.48	4.67853e-05
22.5	4.66347e-05
22.52	4.64792e-05
22.54	4.63189e-05
22.56	4.6154e-05
22.58	4.59847e-05
22.6	4.5811e-05
22.62	4.56331e-05
22.64	4.5451e-05
22.66	4.5265e-05
22.68	4.50751e-05
22.7	4.48814e-05
22.72	4.46841e-05
22.74	4.44833e-05
22.76	4.4279e-05
22.78	4.40714e-05
22.8	4.38605e-05
22.82	4.36466e-05
22.84	4.34297e-05
22.86	4.32098e-05
22.88	4.29872e-05
22.9	4.27619e-05
22.92	4.2534e-05
22.94	4.23036e-05
22.96	4.20709e-05
22.98	4.18358e-05
23	4.15986e-05
23.02	4.13593e-05
23.04	4.1118e-05
23.06	4.08748e-05
23.08	4.06298e-05
23.1	4.03832e-05
23.12	4.01349e-05
23.14	3.98852e-05
23.16	3.9634e-05
23.18	3.93815e-05
23.2	3.91278e-05
23.22	3.8873e-05
23.24	3.86171e-05
23.26	3.83602e-05
23.28	3.81025e-05
23.3	3.7844e-05
23.32	3.75848e-05
23.34	3.7325e-05
23.36	3.70646e-05
23.38	3.68038e-05
23.4	3.65426e-05
23.42	3.62811e-05
23.44	3.60194e-05
23.46	3.57575e-05
23.48	3.54955e-05
23.5	3.52336e-05
23.52	3.49716e-05
23.54	3.47098e-05
23.56	3.44482e-05
23.58	3.41868e-05
23.6	3.39258e-05
23.62	3.36651e-05
23.64	3.34048e-05
23.66	3.31451e-05
23.68	3.28859e-05
23.7	3.26272e-05
23.72	3.23693e-05
23.74	3.2112e-05
23.76	3.18555e-05
23.78	3.15997e-05
23.8	3.13448e-05
23.82	3.10908e-05
23.84	3.08377e-05
23.86	3.05856e-05
23.88	3.03344e-05
23.9	3.00843e-05
23.92	2.98353e-05
23.94	2.95874e-05
23.96	2.93407e-05
23.98	2.90951e-05
24	2.88507e-05
24.02	2.86075e-05
24.04	2.83656e-05
24.06	2.8125e-05
24.08	2.78857e-05
24.1	2.76477e-05
24.12	2.74111e-05
24.14	2.71759e-05
24.16	2.6942e-05
24.18	2.67096e-05
24.2	2.64786e-05
24.22	2.6249e-05
24.24	2.60209e-05
24.26	2.57943e-05
24.28	2.55691e-05
24.3	2.53455e-05
24.32	2.51234e-05
24.34	2.49028e-05
24.36	2.46837e-05
24.38	2.44662e-05
24.4	2.42502e-05
24.42	2.40357e-05
24.44	2.38229e-05
24.46	2.36116e-05
24.48	2.34018e-05
24.5	2.31937e-05
24.52	2.29871e-05
24.54	2.27821e-05
24.56	2.25786e-05
24.58	2.23768e-05
24.6	2.21765e-05
24.62	2.19778e-05
24.64	2.17807e-05
24.66	2.15852e-05
24.68	2.13912e-05
24.7	2.11989e-05
24.72	2.10081e-05
24.74	2.08188e-05
24.76	2.06312e-05
24.78	2.04451e-05
24.8	2.02606e-05
24.82	2.00776e-05
24.84	1.98961e-05
24.86	1.97163e-05
24.88	1.95379e-05
24.9	1.93611e-05
24.92	1.91858e-05
24.94	1.9012e-05
24.96	1.88398e-05
24.98	1.8669e-05
25	1.84998e-05
25.02	1.8332e-05
25.04	1.81657e-05
25.06	1.80009e-05
25.08	1.78376e-05
25.1	1.76757e-05
25.12	1.75153e-05
25.14	1.73563e-05
25.16	1.71987e-05
25.18	1.70426e-05
25.2	1.68879e-05
25.22	1.67346e-05
25.24	1.65827e-05
25.26	1.64321e-05
25.28	1.6283e-05
25.3	1.61352e-05
25.32	1.59888e-05
25.34	1.58437e-05
25.36	1.57e-05
25.38	1.55576e-05
25.4	1.54165e-05
25.42	1.52767e-05
25.44	1.51382e-05
25.46	1.5001e-05
25.48	1.48651e-05
25.5	1.47304e-05
25.52	1.45971e-05
25.54	1.44649e-05
25.56	1.4334e-05
25.58	1.42043e-05
25.6	1.40759e-05
25.62	1.39486e-05
25.64	1.38226e-05
25.66	1.36977e-05
25.68	1.35741e-05
25.7	1.34515e-05
25.72	1.33302e-05
25.74	1.321e-05
25.76	1.30909e-05
25.78	1.29729e-05
25.8	1.28561e-05
25.82	1.27404e-05
25.84	1.26258e-05
25.86	1.25122e-05
25.88	1.23998e-05
25.9	1.22884e-05
25.92	1.21781e-05
25.94	1.20688e-05
25.96	1.19606e-05
25.98	1.18534e-05
26	1.17472e-05
26.02	1.1642e-05
26.04	1.15378e-05
26.06	1.14346e-05
26.08	1.13324e-05
26.1	1.12312e-05
26.12	1.1131e-05
26.14	1.10317e-05
26.16	1.09333e-05
26.18	1.08359e-05
26.2	1.07394e-05
26.22	1.06439e-05
26.24	1.05492e-05
26.26	1.04555e-05
26.28	1.03626e-05
26.3	1.02706e-05
26.32	1.01796e-05
26.34	1.00893e-05
26.36	9.99997e-06
26.38	9.91147e-06
26.4	9.82381e-06
26.42	9.73698e-06
26.44	9.65099e-06
26.46	9.56581e-06
26.48	9.48145e-06
26.5	9.39789e-06
26.52	9.31512e-06
26.54	9.23315e-06
26.56	9.15196e-06
26.58	9.07154e-06
26.6	8.99189e-06
26.62	8.91299e-06
26.64	8.83485e-06
26.66	8.75745e-06
26.68	8.68079e-06
26.7	8.60486e-06
26.72	8.52965e-06
26.74	8.45516e-06
26.76	8.38137e-06
26.78	8.30829e-06
26.8	8.2359e-06
26.82	8.16419e-06
26.84	8.09317e-06
26.86	8.02283e-06
26.88	7.95315e-06
26.9	7.88413e-06
26.92	7.81577e-06
26.94	7.74805e-06
26.96	7.68098e-06
26.98	7.61454e-06
27	7.54873e-06
27.02	7.48355e-06
27.04	7.41898e-06
27.06	7.35503e-06
27.08	7.29167e-06
27.1	7.22892e-06
27.12	7.16676e-06
27.14	7.10519e-06
27.16	7.0442e-06
27.18	6.98379e-06
27.2	6.92395e-06
27.22	6.86467e-06
27.24	6.80595e-06
27.26	6.74778e-06
27.28	6.69016e-06
27.3	6.63309e-06
27.32	6.57655e-06
27.34	6.52055e-06
27.36	6.46507e-06
27.38	6.41012e-06
27.4	6.35568e-06
27.42	6.30175e-06
27.44	6.24833e-06
27.46	6.19541e-06
27.48	6.14299e-06
27.5	6.09106e-06
27.52	6.03962e-06
27.54	5.98866e-06
27.56	5.93818e-06
27.58	5.88818e-06
27.6	5.83864e-06
27.62	5.78956e-06
27.64	5.74095e-06
27.66	5.69279e-06
27.68	5.64508e-06
27.7	5.59782e-06
27.72	5.55099e-06
27.74	5.50461e-06
27.76	5.45866e-06
27.78	5.41314e-06
27.8	5.36805e-06
27.82	5.32337e-06
27.84	5.27911e-06
27.86	5.23527e-06
27.88	5.19183e-06
27.9	5.1488e-06
27.92	5.10617e-06
27.94	5.06394e-06
27.96	5.0221e-06
27.98	4.98065e-06
28	4.93959e-06
28.02	4.89891e-06
28.04	4.85861e-06
28.06	4.81868e-06
28.08	4.77912e-06
28.1	4.73993e-06
28.12	4.70111e-06
28.14	4.66264e-06
28.16	4.62454e-06
28.18	4.58678e-06
28.2	4.54938e-06
28.22	4.51233e-06
28.24	4.47561e-06
28.26	4.43924e-06
28.28	4.40321e-06
28.3	4.36751e-06
28.32	4.33214e-06
28.34	4.2971e-06
28.36	4.26238e-06
28.38	4.22799e-06
28.4	4.19391e-06
28.42	4.16015e-06
28.44	4.12671e-06
28.46	4.09357e-06
28.48	4.06074e-06
28.5	4.02821e-06
28.52	3.99598e-06
28.54	3.96405e-06
28.56	3.93242e-06
28.58	3.90108e-06
28.6	3.87003e-06
28.62	3.83927e-06
28.64	3.80879e-06
28.66	3.77859e-06
28.68	3.74867e-06
28.7	3.71903e-06
28.72	3.68966e-06
28.74	3.66057e-06
28.76	3.63174e-06
28.78	3.60318e-06
28.8	3.57488e-06
28.82	3.54685e-06
28.84	3.51907e-06
28.86	3.49155e-06
28.88	3.46429e-06
28.9	3.43728e-06
28.92	3.41051e-06
28.94	3.384e-06
28.96	3.35773e-06
28.98	3.3317e-06
29	3.30592e-06
29.02	3.28037e-06
29.04	3.25506e-06
29.06	3.22998e-06
29.08	3.20513e-06
29.1	3.18052e-06
29.12	3.15613e-06
29.14	3.13197e-06
29.16	3.10803e-06
29.18	3.08432e-06
29.2	3.06082e-06
29.22	3.03754e-06
29.24	3.01448e-06
29.26	2.99164e-06
29.28	2.969e-06
29.3	2.94657e-06
29.32	2.92436e-06
29.34	2.90235e-06
29.36	2.88054e-06
29.38	2.85894e-06
29.4	2.83754e-06
29.42	2.81634e-06
29.44	2.79533e-06
29.46	2.77453e-06
29.48	2.75391e-06
29.5	2.73349e-06
29.52	2.71326e-06
29.54	2.69322e-06
29.56	2.67337e-06
29.58	2.6537e-06
29.6	2.63422e-06
29.62	2.61492e-06
29.64	2.5958e-06
29.66	2.57687e-06
29.68	2.55811e-06
29.7	2.53952e-06
29.72	2.52112e-06
29.74	2.50289e-06
29.76	2.48483e-06
29.78	2.46694e-06
29.8	2.44922e-06
29.82	2.43167e-06
29.84	2.41428e-06
29.86	2.39707e-06
29.88	2.38001e-06
29.9	2.36313e-06
29.92	2.3464e-06
29.94	2.32983e-06
29.96	2.31342e-06
29.98	2.29717e-06
30	2.28108e-06
30.02	2.26515e-06
30.04	2.24937e-06
30.06	2.23374e-06
30.08	2.21826e-06
30.1	2.20294e-06
30.12	2.18777e-06
30.14	2.17274e-06
30.16	2.15787e-06
30.18	2.14314e-06
30.2	2.12856e-06
30.22	2.11412e-06
30.24	2.09983e-06
30.26	2.08568e-06
30.28	2.07168e-06
30.3	2.05781e-06
30.32	2.04409e-06
30.34	2.03051e-06
30.36	2.01706e-06
30.38	2.00376e-06
30.4	1.99059e-06
30.42	1.97757e-06
30.44	1.96467e-06
30.46	1.95192e-06
30.48	1.9393e-06
30.5	1.92681e-06
30.52	1.91446e-06
30.54	1.90224e-06
30.56	1.89016e-06
30.58	1.87821e-06
30.6	1.86639e-06
30.62	1.8547e-06
30.64	1.84315e-06
30.66	1.83173e-06
30.68	1.82044e-06
30.7	1.80928e-06
30.72	1.79825e-06
30.74	1.78736e-06
30.76	1.7766e-06
30.78	1.76597e-06
30.8	1.75547e-06
30.82	1.74511e-06
30.84	1.73488e-06
30.86	1.72478e-06
30.88	1.71482e-06
30.9	1.705e-06
30.92	1.69531e-06
30.94	1.68576e-06
30.96	1.67635e-06
30.98	1.66709e-06
31	1.65796e-06
31.02	1.64899e-06
31.04	1.64016e-06
31.06	1.63148e-06
31.08	1.62297e-06
31.1	1.61461e-06
31.12	1.60641e-06
31.14	1.59839e-06
31.16	1.59054e-06
31.18	1.58288e-06
31.2	1.57542e-06
31.22	1.56816e-06
31.24	1.56112e-06
31.26	1.55432e-06
31.28	1.54777e-06
31.3	1.54152e-06
31.32	1.53559e-06
31.34	1.53003e-06
31.36	1.52492e-06
31.38	1.52037e-06
31.4	1.51656e-06
31.42	1.51382e-06
31.44	1.51288e-06
31.46	1.51553e-06
31.48	1.52662e-06
31.5	1.55957e-06
31.52	1.62945e-06
31.54	1.74565e-06
31.56	1.93052e-06
31.58	2.21445e-06
31.6	2.63342e-06
31.62	3.24516e-06
31.64	4.14463e-06
31.66	5.45789e-06
31.68	7.31607e-06
31.7	9.81669e-06
31.72	1.29713e-05
31.74	1.66907e-05
31.76	2.08376e-05
31.78	2.52799e-05
31.8	2.99056e-05
31.82	3.46212e-05
31.84	3.93495e-05
31.86	4.40285e-05
31.88	4.86103e-05
31.9	5.30594e-05
31.92	5.73504e-05
31.94	6.1466e-05
31.96	6.53955e-05
31.98	6.91329e-05
32	7.26762e-05
32.02	7.6026e-05
32.04	7.91855e-05
32.06	8.21594e-05
32.08	8.49536e-05
32.1	8.75747e-05
32.12	9.00302e-05
32.14	9.23274e-05
32.16	9.44741e-05
32.18	9.64777e-05
32.2	9.83459e-05
32.22	0.000100086
32.24	0.000101705
32.26	0.000103209
32.28	0.000104605
32.3	0.000105899
32.32	0.000107097
32.34	0.000108204
32.36	0.000109226
32.38	0.000110167
32.4	0.000111032
32.42	0.000111825
32.44	0.00011255
32.46	0.000113211
32.48	0.000113812
32.5	0.000114356
32.52	0.000114847
32.54	0.000115286
32.56	0.000115677
32.58	0.000116023
32.6	0.000116326
32.62	0.000116589
32.64	0.000116812
32.66	0.000117
32.68	0.000117152
32.7	0.000117272
32.72	0.000117361
32.74	0.000117421
32.76	0.000117452
32.78	0.000117457
32.8	0.000117436
32.82	0.000117392
32.84	0.000117324
32.86	0.000117234
32.88	0.000117123
32.9	0.000116992
32.92	0.000116843
32.94	0.000116674
32.96	0.000116488
32.98	0.000116286
33	0.000116067
33.02	0.000115832
33.04	0.000115582
33.06	0.000115318
33.08	0.00011504
33.1	0.000114749
33.12	0.000114444
33.14	0.000114127
33.16	0.000113798
33.18	0.000113456
33.2	0.000113104
33.22	0.00011274
33.24	0.000112365
33.26	0.00011198
33.28	0.000111585
33.3	0.00011118
33.32	0.000110765
33.34	0.00011034
33.36	0.000109907
33.38	0.000109465
33.4	0.000109014
33.42	0.000108554
33.44	0.000108087
33.46	0.000107611
33.48	0.000107128
33.5	0.000106637
33.52	0.000106139
33.54	0.000105634
33.56	0.000105122
33.58	0.000104603
33.6	0.000104078
33.62	0.000103547
33.64	0.000103009
33.66	0.000102466
33.68	0.000101917
33.7	0.000101362
33.72	0.000100802
33.74	0.000100238
33.76	9.9668e-05
33.78	9.90937e-05
33.8	9.8515e-05
33.82	9.79321e-05
33.84	9.73452e-05
33.86	9.67544e-05
33.88	9.616e-05
33.9	9.55621e-05
33.92	9.4961e-05
33.94	9.43569e-05
33.96	9.37499e-05
33.98	9.31402e-05
34	9.25281e-05
34.02	9.19137e-05
34.04	9.12972e-05
34.06	9.06788e-05
34.08	9.00586e-05
34.1	8.94369e-05
34.12	8.88139e-05
34.14	8.81896e-05
34.16	8.75644e-05
34.18	8.69383e-05
34.2	8.63115e-05
34.22	8.56842e-05
34.24	8.50565e-05
34.26	8.44286e-05
34.28	8.38007e-05
34.3	8.31729e-05
34.32	8.25454e-05
34.34	8.19183e-05
34.36	8.12918e-05
34.38	8.06659e-05
34.4	8.00409e-05
34.42	7.94168e-05
34.44	7.87938e-05
34.46	7.81721e-05
34.48	7.75516e-05
34.5	7.69327e-05
34.52	7.63153e-05
34.54	7.56995e-05
34.56	7.50856e-05
34.58	7.44736e-05
34.6	7.38636e-05
34.62	7.32557e-05
34.64	7.26499e-05
34.66	7.20465e-05
34.68	7.14454e-05
34.7	7.08468e-05
34.72	7.02507e-05
34.74	6.96572e-05
34.76	6.90665e-05
34.78	6.84785e-05
34.8	6.78933e-05
34.82	6.7311e-05
34.84	6.67317e-05
34.86	6.61554e-05
34.88	6.55822e-05
34.9	6.50121e-05
34.92	6.44452e-05
34.94	6.38816e-05
34.96	6.33212e-05
34.98	6.27641e-05
35	6.22105e-05
35.02	6.16602e-05
35.04	6.11133e-05
35.06	6.057e-05
35.08	6.00301e-05
35.1	5.94938e-05
35.12	5.8961e-05
35.14	5.84319e-05
35.16	5.79063e-05
35.18	5.73844e-05
35.2	5.68661e-05
35.22	5.63515e-05
35.24	5.58406e-05
35.26	5.53334e-05
35.28	5.48299e-05
35.3	5.43301e-05
35.32	5.38341e-05
35.34	5.33418e-05
35.36	5.28532e-05
35.38	5.23684e-05
35.4	5.18874e-05
35.42	5.14101e-05
35.44	5.09365e-05
35.46	5.04668e-05
35.48	5.00007e-05
35.5	4.95384e-05
35.52	4.90799e-05
35.54	4.86251e-05
35.56	4.8174e-05
35.58	4.77267e-05
35.6	4.72831e-05
35.62	4.68432e-05
35.64	4.64069e-05
35.66	4.59744e-05
35.68	4.55456e-05
35.7	4.51204e-05
35.72	4.46988e-05
35.74	4.42809e-05
35.76	4.38666e-05
35.78	4.3456e-05
35.8	4.30489e-05
35.82	4.26454e-05
35.84	4.22454e-05
35.86	4.1849e-05
35.88	4.14561e-05
35.9	4.10667e-05
35.92	4.06808e-05
35.94	4.02983e-05
35.96	3.99193e-05
35.98	3.95437e-05
36	3.91716e-05
36.02	3.88028e-05
36.04	3.84373e-05
36.06	3.80752e-05
36.08	3.77165e-05
36.1	3.7361e-05
36.12	3.70088e-05
36.14	3.66599e-05
36.16	3.63141e-05
36.18	3.59716e-05
36.2	3.56323e-05
36.22	3.52961e-05
36.24	3.49631e-05
36.26	3.46332e-05
36.28	3.43064e-05
36.3	3.39826e-05
36.32	3.36619e-05
36.34	3.33443e-05
36.36	3.30296e-05
36.38	3.27179e-05
36.4	3.24091e-05
36.42	3.21033e-05
36.44	3.18004e-05
36.46	3.15003e-05
36.48	3.12031e-05
36.5	3.09088e-05
36.52	3.06172e-05
36.54	3.03284e-05
36.56	3.00424e-05
36.58	2.97592e-05
36.6	2.94786e-05
36.62	2.92007e-05
36.64	2.89255e-05
36.66	2.8653e-05
36.68	2.83831e-05
36.7	2.81157e-05
36.72	2.7851e-05
36.74	2.75887e-05
36.76	2.73291e-05
36.78	2.70719e-05
36.8	2.68172e-05
36.82	2.65649e-05
36.84	2.63151e-05
36.86	2.60678e-05
36.88	2.58228e-05
36.9	2.55801e-05
36.92	2.53399e-05
36.94	2.51019e-05
36.96	2.48663e-05
36.98	2.46329e-05
37	2.44018e-05
37.02	2.4173e-05
37.04	2.39464e-05
37.06	2.37219e-05
37.08	2.34997e-05
37.1	2.32796e-05
37.12	2.30616e-05
37.14	2.28458e-05
37.16	2.2632e-05
37.18	2.24203e-05
37.2	2.22107e-05
37.22	2.20031e-05
37.24	2.17976e-05
37.26	2.1594e-05
37.28	2.13924e-05
37.3	2.11928e-05
37.32	2.09951e-05
37.34	2.07994e-05
37.36	2.06055e-05
37.38	2.04135e-05
37.4	2.02234e-05
37.42	2.00351e-05
37.44	1.98487e-05
37.46	1.9664e-05
37.48	1.94812e-05
37.5	1.93002e-05
37.52	1.91208e-05
37.54	1.89433e-05
37.56	1.87674e-05
37.58	1.85933e-05
37.6	1.84209e-05
37.62	1.82501e-05
37.64	1.8081e-05
37.66	1.79135e-05
37.68	1.77477e-05
37.7	1.75834e-05
37.72	1.74208e-05
37.74	1.72597e-05
37.76	1.71002e-05
37.78	1.69422e-05
37.8	1.67858e-05
37.82	1.66309e-05
37.84	1.64774e-05
37.86	1.63255e-05
37.88	1.6175e-05
37.9	1.6026e-05
37.92	1.58784e-05
37.94	1.57323e-05
37.96	1.55875e-05
37.98	1.54442e-05
38	1.53022e-05
38.02	1.51616e-05
38.04	1.50224e-05
38.06	1.48845e-05
38.08	1.4748e-05
38.1	1.46127e-05
38.12	1.44788e-05
38.14	1.43461e-05
38.16	1.42148e-05
38.18	1.40846e-05
38.2	1.39558e-05
38.22	1.38282e-05
38.24	1.37018e-05
38.26	1.35766e-05
38.28	1.34526e-05
38.3	1.33298e-05
38.32	1.32082e-05
38.34	1.30878e-05
38.36	1.29685e-05
38.38	1.28504e-05
38.4	1.27334e-05
38.42	1.26175e-05
38.44	1.25027e-05
38.46	1.2389e-05
38.48	1.22764e-05
38.5	1.21649e-05
38.52	1.20545e-05
38.54	1.19451e-05
38.56	1.18367e-05
38.58	1.17294e-05
38.6	1.16231e-05
38.62	1.15178e-05
38.64	1.14136e-05
38.66	1.13103e-05
38.68	1.1208e-05
38.7	1.11067e-05
38.72	1.10063e-05
38.74	1.09069e-05
38.76	1.08085e-05
38.78	1.0711e-05
38.8	1.06144e-05
38.82	1.05187e-05
38.84	1.0424e-05
38.86	1.03301e-05
38.88	1.02371e-05
38.9	1.0145e-05
38.92	1.00538e-05
38.94	9.96348e-06
38.96	9.87399e-06
38.98	9.78534e-06
39	9.69753e-06
39.02	9.61056e-06
39.04	9.5244e-06
39.06	9.43907e-06
39.08	9.35453e-06
39.1	9.2708e-06
39.12	9.18786e-06
39.14	9.1057e-06
39.16	9.02431e-06
39.18	8.9437e-06
39.2	8.86384e-06
39.22	8.78474e-06
39.24	8.70638e-06
39.26	8.62876e-06
39.28	8.55187e-06
39.3	8.4757e-06
39.32	8.40025e-06
39.34	8.32551e-06
39.36	8.25147e-06
39.38	8.17812e-06
39.4	8.10547e-06
39.42	8.0335e-06
39.44	7.9622e-06
39.46	7.89157e-06
39.48	7.8216e-06
39.5	7.75229e-06
39.52	7.68363e-06
39.54	7.61561e-06
39.56	7.54823e-06
39.58	7.48147e-06
39.6	7.41535e-06
39.62	7.34984e-06
39.64	7.28494e-06
39.66	7.22065e-06
39.68	7.15695e-06
39.7	7.09386e-06
39.72	7.03135e-06
39.74	6.96942e-06
39.76	6.90807e-06
39.78	6.84729e-06
39.8	6.78708e-06
39.82	6.72743e-06
39.84	6.66834e-06
39.86	6.60979e-06
39.88	6.55179e-06
39.9	6.49433e-06
39.92	6.4374e-06
39.94	6.381e-06
39.96	6.32512e-06
39.98	6.26976e-06
40	6.21492e-06
40.02	6.16058e-06
40.04	6.10675e-06
40.06	6.05341e-06
40.08	6.00057e-06
40.1	5.94822e-06
40.12	5.89635e-06
40.14	5.84497e-06
40.16	5.79406e-06
40.18	5.74361e-06
40.2	5.69364e-06
40.22	5.64413e-06
40.24	5.59507e-06
40.26	5.54646e-06
40.28	5.49831e-06
40.3	5.4506e-06
40.32	5.40332e-06
40.34	5.35649e-06
40.36	5.31008e-06
40.38	5.2641e-06
40.4	5.21855e-06
40.42	5.17341e-06
40.44	5.12869e-06
40.46	5.08438e-06
40.48	5.04048e-06
40.5	4.99698e-06
40.52	4.95388e-06
40.54	4.91117e-06
40.56	4.86886e-06
40.58	4.82693e-06
40.6	4.78539e-06
40.62	4.74423e-06
40.64	4.70345e-06
40.66	4.66304e-06
40.68	4.623e-06
40.7	4.58333e-06
40.72	4.54401e-06
40.74	4.50506e-06
40.76	4.46647e-06
40.78	4.42822e-06
40.8	4.39033e-06
40.82	4.35278e-06
40.84	4.31557e-06
40.86	4.27871e-06
40.88	4.24218e-06
40.9	4.20598e-06
40.92	4.17011e-06
40.94	4.13457e-06
40.96	4.09935e-06
40.98	4.06446e-06
41	4.02988e-06
41.02	3.99561e-06
41.04	3.96166e-06
41.06	3.92801e-06
41.08	3.89467e-06
41.1	3.86163e-06
41.12	3.82889e-06
41.14	3.79645e-06
41.16	3.76431e-06
41.18	3.73245e-06
41.2	3.70088e-06
41.22	3.6696e-06
41.24	3.6386e-06
41.26	3.60789e-06
41.28	3.57745e-06
41.3	3.54728e-06
41.32	3.51739e-06
41.34	3.48777e-06
41.36	3.45842e-06
41.38	3.42933e-06
41.4	3.4005e-06
41.42	3.37194e-06
41.44	3.34363e-06
41.46	3.31557e-06
41.48	3.28777e-06
41.5	3.26022e-06
41.52	3.23292e-06
41.54	3.20586e-06
41.56	3.17905e-06
41.58	3.15248e-06
41.6	3.12615e-06
41.62	3.10005e-06
41.64	3.07419e-06
41.66	3.04856e-06
41.68	3.02316e-06
41.7	2.99799e-06
41.72	2.97304e-06
41.74	2.94832e-06
41.76	2.92382e-06
41.78	2.89954e-06
41.8	2.87547e-06
41.82	2.85162e-06
41.84	2.82799e-06
41.86	2.80457e-06
41.88	2.78135e-06
41.9	2.75835e-06
41.92	2.73555e-06
41.94	2.71295e-06
41.96	2.69055e-06
41.98	2.66836e-06
42	2.64636e-06
42.02	2.62456e-06
42.04	2.60295e-06
42.06	2.58154e-06
42.08	2.56031e-06
42.1	2.53928e-06
42.12	2.51843e-06
42.14	2.49777e-06
42.16	2.47729e-06
42.18	2.457e-06
42.2	2.43688e-06
42.22	2.41694e-06
42.24	2.39718e-06
42.26	2.3776e-06
42.28	2.35819e-06
42.3	2.33895e-06
42.32	2.31988e-06
42.34	2.30098e-06
42.36	2.28225e-06
42.38	2.26369e-06
42.4	2.24529e-06
42.42	2.22705e-06
42.44	2.20897e-06
42.46	2.19106e-06
42.48	2.1733e-06
42.5	2.1557e-06
42.52	2.13825e-06
42.54	2.12096e-06
42.56	2.10382e-06
42.58	2.08683e-06
42.6	2.07e-06
42.62	2.05331e-06
42.64	2.03676e-06
42.66	2.02037e-06
42.68	2.00412e-06
42.7	1.98801e-06
42.72	1.97204e-06
42.74	1.95621e-06
42.76	1.94053e-06
42.78	1.92498e-06
42.8	1.90956e-06
42.82	1.89429e-06
42.84	1.87914e-06
42.86	1.86413e-06
42.88	1.84925e-06
42.9	1.83451e-06
42.92	1.81989e-06
42.94	1.8054e-06
42.96	1.79103e-06
42.98	1.7768e-06
43	1.76268e-06
43.02	1.74869e-06
43.04	1.73483e-06
43.06	1.72108e-06
43.08	1.70746e-06
43.1	1.69395e-06
43.12	1.68056e-06
43.14	1.66729e-06
43.16	1.65413e-06
43.18	1.64109e-06
43.2	1.62816e-06
43.22	1.61535e-06
43.24	1.60265e-06
43.26	1.59005e-06
43.28	1.57757e-06
43.3	1.5652e-06
43.32	1.55293e-06
43.34	1.54077e-06
43.36	1.52872e-06
43.38	1.51677e-06
43.4	1.50492e-06
43.42	1.49318e-06
43.44	1.48154e-06
43.46	1.47e-06
43.48	1.45856e-06
43.5	1.44722e-06
43.52	1.43598e-06
43.54	1.42484e-06
43.56	1.41379e-06
43.58	1.40284e-06
43.6	1.39198e-06
43.62	1.38122e-06
43.64	1.37055e-06
43.66	1.35997e-06
43.68	1.34948e-06
43.7	1.33909e-06
43.72	1.32878e-06
43.74	1.31856e-06
43.76	1.30844e-06
43.78	1.29839e-06
43.8	1.28844e-06
43.82	1.27857e-06
43.84	1.26879e-06
43.86	1.25909e-06
43.88	1.24947e-06
43.9	1.23994e-06
43.92	1.23049e-06
43.94	1.22112e-06
43.96	1.21183e-06
43.98	1.20262e-06
44	1.19349e-06
44.02	1.18444e-06
44.04	1.17546e-06
44.06	1.16657e-06
44.08	1.15774e-06
44.1	1.149e-06
44.12	1.14033e-06
44.14	1.13173e-06
44.16	1.12321e-06
44.18	1.11476e-06
44.2	1.10639e-06
44.22	1.09808e-06
44.24	1.08985e-06
44.26	1.08168e-06
44.28	1.07359e-06
44.3	1.06557e-06
44.32	1.05761e-06
44.34	1.04972e-06
44.36	1.0419e-06
44.38	1.03415e-06
44.4	1.02646e-06
44.42	1.01884e-06
44.44	1.01128e-06
44.46	1.00379e-06
44.48	9.96363e-07
44.5	9.88997e-07
44.52	9.81695e-07
44.54	9.74455e-07
44.56	9.67276e-07
44.58	9.60159e-07
44.6	9.53102e-07
44.62	9.46105e-07
44.64	9.39168e-07
44.66	9.3229e-07
44.68	9.2547e-07
44.7	9.18708e-07
44.72	9.12003e-07
44.74	9.05356e-07
44.76	8.98765e-07
44.78	8.92229e-07
44.8	8.8575e-07
44.82	8.79325e-07
44.84	8.72955e-07
44.86	8.66638e-07
44.88	8.60375e-07
44.9	8.54165e-07
44.92	8.48008e-07
44.94	8.41903e-07
44.96	8.3585e-07
44.98	8.29847e-07
45	8.23896e-07
45.02	8.17995e-07
45.04	8.12144e-07
45.06	8.06342e-07
45.08	8.00589e-07
45.1	7.94885e-07
45.12	7.89229e-07
45.14	7.83621e-07
45.16	7.7806e-07
45.18	7.72546e-07
45.2	7.67079e-07
45.22	7.61657e-07
45.24	7.56282e-07
45.26	7.50952e-07
45.28	7.45666e-07
45.3	7.40426e-07
45.32	7.35229e-07
45.34	7.30076e-07
45.36	7.24967e-07
45.38	7.19901e-07
45.4	7.14877e-07
45.42	7.09895e-07
45.44	7.04956e-07
45.46	7.00058e-07
45.48	6.95201e-07
45.5	6.90386e-07
45.52	6.8561e-07
45.54	6.80875e-07
45.56	6.7618e-07
45.58	6.71524e-07
45.6	6.66907e-07
45.62	6.62329e-07
45.64	6.5779e-07
45.66	6.53289e-07
45.68	6.48825e-07
45.7	6.44399e-07
45.72	6.40011e-07
45.74	6.35659e-07
45.76	6.31344e-07
45.78	6.27065e-07
45.8	6.22822e-07
45.82	6.18614e-07
45.84	6.14442e-07
45.86	6.10305e-07
45.88	6.06203e-07
45.9	6.02135e-07
45.92	5.98101e-07
45.94	5.94101e-07
45.96	5.90135e-07
45.98	5.86202e-07
46	5.82302e-07
46.02	5.78435e-07
46.04	5.74601e-07
46.06	5.70798e-07
46.08	5.67028e-07
46.1	5.63289e-07
46.12	5.59582e-07
46.14	5.55906e-07
46.16	5.52261e-07
46.18	5.48646e-07
46.2	5.45062e-07
46.22	5.41508e-07
46.24	5.37984e-07
46.26	5.34489e-07
46.28	5.31024e-07
46.3	5.27588e-07
46.32	5.24181e-07
46.34	5.20803e-07
46.36	5.17453e-07
46.38	5.14132e-07
46.4	5.10838e-07
46.42	5.07572e-07
46.44	5.04334e-07
46.46	5.01123e-07
46.48	4.97939e-07
46.5	4.94782e-07
46.52	4.91652e-07
46.54	4.88548e-07
46.56	4.8547e-07
46.58	4.82419e-07
46.6	4.79393e-07
46.62	4.76393e-07
46.64	4.73418e-07
46.66	4.70469e-07
46.68	4.67544e-07
46.7	4.64645e-07
46.72	4.6177e-07
46.74	4.58919e-07
46.76	4.56093e-07
46.78	4.5329e-07
46.8	4.50512e-07
46.82	4.47757e-07
46.84	4.45026e-07
46.86	4.42318e-07
46.88	4.39633e-07
46.9	4.36971e-07
46.92	4.34332e-07
46.94	4.31716e-07
46.96	4.29122e-07
46.98	4.2655e-07
47	4.24e-07
47.02	4.21473e-07
47.04	4.18967e-07
47.06	4.16482e-07
47.08	4.1402e-07
47.1	4.11578e-07
47.12	4.09157e-07
47.14	4.06758e-07
47.16	4.04379e-07
47.18	4.02021e-07
47.2	3.99684e-07
47.22	3.97367e-07
47.24	3.9507e-07
47.26	3.92793e-07
47.28	3.90536e-07
47.3	3.88299e-07
47.32	3.86082e-07
47.34	3.83884e-07
47.36	3.81706e-07
47.38	3.79546e-07
47.4	3.77406e-07
47.42	3.75285e-07
47.44	3.73183e-07
47.46	3.711e-07
47.48	3.69035e-07
47.5	3.66988e-07
47.52	3.6496e-07
47.54	3.62951e-07
47.56	3.60959e-07
47.58	3.58985e-07
47.6	3.5703e-07
47.62	3.55092e-07
47.64	3.53172e-07
47.66	3.51269e-07
47.68	3.49384e-07
47.7	3.47516e-07
47.72	3.45666e-07
47.74	3.43833e-07
47.76	3.42016e-07
47.78	3.40217e-07
47.8	3.38435e-07
47.82	3.36669e-07
47.84	3.3492e-07
47.86	3.33188e-07
47.88	3.31472e-07
47.9	3.29773e-07
47.92	3.2809e-07
47.94	3.26423e-07
47.96	3.24773e-07
47.98	3.23138e-07
48	3.2152e-07
48.02	3.19918e-07
48.04	3.18331e-07
48.06	3.16761e-07
48.08	3.15206e-07
48.1	3.13667e-07
48.12	3.12144e-07
48.14	3.10636e-07
48.16	3.09144e-07
48.18	3.07667e-07
48.2	3.06206e-07
48.22	3.04761e-07
48.24	3.0333e-07
48.26	3.01915e-07
48.28	3.00516e-07
48.3	2.99131e-07
48.32	2.97762e-07
48.34	2.96409e-07
48.36	2.9507e-07
48.38	2.93747e-07
48.4	2.92439e-07
48.42	2.91146e-07
48.44	2.89868e-07
48.46	2.88605e-07
48.48	2.87358e-07
48.5	2.86126e-07
48.52	2.8491e-07
48.54	2.83708e-07
48.56	2.82522e-07
48.58	2.81351e-07
48.6	2.80196e-07
48.62	2.79056e-07
48.64	2.77932e-07
48.66	2.76824e-07
48.68	2.75731e-07
48.7	2.74654e-07
48.72	2.73593e-07
48.74	2.72548e-07
48.76	2.71519e-07
48.78	2.70507e-07
48.8	2.69511e-07
48.82	2.68531e-07
48.84	2.67569e-07
48.86	2.66624e-07
48.88	2.65696e-07
48.9	2.64785e-07
48.92	2.63893e-07
48.94	2.63019e-07
48.96	2.62163e-07
48.98	2.61326e-07
49	2.60509e-07
49.02	2.59712e-07
49.04	2.58935e-07
49.06	2.58179e-07
49.08	2.57445e-07
49.1	2.56733e-07
49.12	2.56045e-07
49.14	2.5538e-07
49.16	2.54742e-07
49.18	2.54129e-07
49.2	2.53545e-07
49.22	2.52991e-07
49.24	2.52468e-07
49.26	2.51979e-07
49.28	2.51527e-07
49.3	2.51115e-07
49.32	2.50747e-07
49.34	2.50428e-07
49.36	2.50166e-07
49.38	2.49967e-07
49.4	2.49846e-07
49.42	2.49818e-07
49.44	2.49911e-07
49.46	2.50169e-07
49.48	2.50675e-07
49.5	2.51615e-07
49.52	2.5346e-07
49.54	2.57623e-07
49.56	2.67768e-07
49.58	2.88023e-07
49.6	3.22988e-07
49.62	3.81849e-07
49.64	4.78296e-07
49.66	6.32082e-07
49.68	8.76186e-07
49.7	1.26427e-06
49.72	1.87017e-06
49.74	2.77657e-06
49.76	4.05182e-06
49.78	5.71731e-06
49.8	7.73709e-06
49.82	1.00443e-05
49.84	1.25687e-05
49.86	1.52468e-05
49.88	1.80226e-05
49.9	2.08484e-05
49.92	2.36844e-05
49.94	2.64985e-05
49.96	2.92657e-05
49.98	3.19668e-05
50	3.45874e-05
50.02	3.71171e-05
50.04	3.95486e-05
50.06	4.18774e-05
50.08	4.41008e-05
50.1	4.62178e-05
50.12	4.82289e-05
50.14	5.01355e-05
50.16	5.19397e-05
50.18	5.36443e-05
50.2	5.52525e-05
50.22	5.67677e-05
50.24	5.81936e-05
50.26	5.95338e-05
50.28	6.07922e-05
50.3	6.19725e-05
50.32	6.30783e-05
50.34	6.41132e-05
50.36	6.50807e-05
50.38	6.59841e-05
50.4	6.68267e-05
50.42	6.76115e-05
50.44	6.83416e-05
50.46	6.90197e-05
50.48	6.96484e-05
50.5	7.02305e-05
50.52	7.07682e-05
50.54	7.12638e-05
50.56	7.17197e-05
50.58	7.21377e-05
50.6	7.252e-05
50.62	7.28682e-05
50.64	7.31842e-05
50.66	7.34697e-05
50.68	7.37261e-05
50.7	7.39549e-05
50.72	7.41576e-05
50.74	7.43354e-05
50.76	7.44897e-05
50.78	7.46214e-05
50.8	7.47318e-05
50.82	7.48219e-05
50.84	7.48926e-05
50.86	7.49448e-05
50.88	7.49794e-05
50.9	7.49973e-05
50.92	7.49991e-05
50.94	7.49856e-05
50.96	7.49574e-05
50.98	7.49151e-05
51	7.48594e-05
51.02	7.47908e-05
51.04	7.47098e-05
51.06	7.46169e-05
51.08	7.45125e-05
51.1	7.4397e-05
51.12	7.42709e-05
51.14	7.41346e-05
51.16	7.39883e-05
51.18	7.38325e-05
51.2	7.36674e-05
51.22	7.34933e-05
51.24	7.33105e-05
51.26	7.31193e-05
51.28	7.29199e-05
51.3	7.27126e-05
51.32	7.24975e-05
51.34	7.2275e-05
51.36	7.20451e-05
51.38	7.18082e-05
51.4	7.15643e-05
51.42	7.13137e-05
51.44	7.10566e-05
51.46	7.07931e-05
51.48	7.05234e-05
51.5	7.02477e-05
51.52	6.99661e-05
51.54	6.96788e-05
51.56	6.93859e-05
51.58	6.90877e-05
51.6	6.87841e-05
51.62	6.84755e-05
51.64	6.81619e-05
51.66	6.78435e-05
51.68	6.75204e-05
51.7	6.71928e-05
51.72	6.68608e-05
51.74	6.65245e-05
51.76	6.61842e-05
51.78	6.58399e-05
51.8	6.54918e-05
51.82	6.51401e-05
51.84	6.47848e-05
51.86	6.44261e-05
51.88	6.40641e-05
51.9	6.36991e-05
51.92	6.3331e-05
51.94	6.29602e-05
51.96	6.25866e-05
51.98	6.22105e-05
52	6.18319e-05
52.02	6.1451e-05
52.04	6.1068e-05
52.06	6.06829e-05
52.08	6.02959e-05
52.1	5.99072e-05
52.12	5.95168e-05
52.14	5.91249e-05
52.16	5.87316e-05
52.18	5.8337e-05
52.2	5.79413e-05
52.22	5.75445e-05
52.24	5.71469e-05
52.26	5.67484e-05
52.28	5.63493e-05
52.3	5.59497e-05
52.32	5.55495e-05
52.34	5.5149e-05
52.36	5.47483e-05
52.38	5.43475e-05
52.4	5.39466e-05
52.42	5.35458e-05
52.44	5.31452e-05
52.46	5.27448e-05
52.48	5.23448e-05
52.5	5.19452e-05
52.52	5.15462e-05
52.54	5.11478e-05
52.56	5.075e-05
52.58	5.03531e-05
52.6	4.99571e-05
52.62	4.9562e-05
52.64	4.91679e-05
52.66	4.87749e-05
52.68	4.8383e-05
52.7	4.79924e-05
52.72	4.7603e-05
52.74	4.72151e-05
52.76	4.68285e-05
52.78	4.64434e-05
52.8	4.60598e-05
52.82	4.56779e-05
52.84	4.52975e-05
52.86	4.49188e-05
52.88	4.45419e-05
52.9	4.41668e-05
52.92	4.37934e-05
52.94	4.3422e-05
52.96	4.30524e-05
52.98	4.26848e-05
53	4.23191e-05
53.02	4.19555e-05
53.04	4.15939e-05
53.06	4.12343e-05
53.08	4.08769e-05
53.1	4.05216e-05
53.12	4.01685e-05
53.14	3.98175e-05
53.16	3.94687e-05
53.18	3.91222e-05
53.2	3.87779e-05
53.22	3.84358e-05
53.24	3.80961e-05
53.26	3.77586e-05
53.28	3.74234e-05
53.3	3.70906e-05
53.32	3.67601e-05
53.34	3.64319e-05
53.36	3.61061e-05
53.38	3.57826e-05
53.4	3.54615e-05
53.42	3.51428e-05
53.44	3.48264e-05
53.46	3.45124e-05
53.48	3.42008e-05
53.5	3.38916e-05
53.52	3.35848e-05
53.54	3.32804e-05
53.56	3.29783e-05
53.58	3.26787e-05
53.6	3.23814e-05
53.62	3.20865e-05
53.64	3.1794e-05
53.66	3.15038e-05
53.68	3.1216e-05
53.7	3.09306e-05
53.72	3.06476e-05
53.74	3.03669e-05
53.76	3.00885e-05
53.78	2.98125e-05
53.8	2.95388e-05
53.82	2.92675e-05
53.84	2.89984e-05
53.86	2.87317e-05
53.88	2.84672e-05
53.9	2.82051e-05
53.92	2.79452e-05
53.94	2.76875e-05
53.96	2.74322e-05
53.98	2.7179e-05
54	2.69281e-05
54.02	2.66794e-05
54.04	2.64329e-05
54.06	2.61886e-05
54.08	2.59465e-05
54.1	2.57065e-05
54.12	2.54687e-05
54.14	2.5233e-05
54.16	2.49995e-05
54.18	2.47681e-05
54.2	2.45387e-05
54.22	2.43115e-05
54.24	2.40863e-05
54.26	2.38632e-05
54.28	2.36421e-05
54.3	2.34231e-05
54.32	2.3206e-05
54.34	2.2991e-05
54.36	2.27779e-05
54.38	2.25669e-05
54.4	2.23577e-05
54.42	2.21505e-05
54.44	2.19453e-05
54.46	2.17419e-05
54.48	2.15404e-05
54.5	2.13408e-05
54.52	2.11431e-05
54.54	2.09472e-05
54.56	2.07532e-05
54.58	2.0561e-05
54.6	2.03705e-05
54.62	2.01819e-05
54.64	1.99951e-05
54.66	1.981e-05
54.68	1.96266e-05
54.7	1.9445e-05
54.72	1.92651e-05
54.74	1.90869e-05
54.76	1.89104e-05
54.78	1.87355e-05
54.8	1.85623e-05
54.82	1.83908e-05
54.84	1.82208e-05
54.86	1.80525e-05
54.88	1.78858e-05
54.9	1.77207e-05
54.92	1.75571e-05
54.94	1.73951e-05
54.96	1.72346e-05
54.98	1.70757e-05
55	1.69183e-05
55.02	1.67624e-05
55.04	1.66079e-05
55.06	1.64549e-05
55.08	1.63034e-05
55.1	1.61534e-05
55.12	1.60047e-05
55.14	1.58575e-05
55.16	1.57117e-05
55.18	1.55673e-05
55.2	1.54242e-05
55.22	1.52826e-05
55.24	1.51423e-05
55.26	1.50033e-05
55.28	1.48656e-05
55.3	1.47293e-05
55.32	1.45942e-05
55.34	1.44605e-05
55.36	1.4328e-05
55.38	1.41968e-05
55.4	1.40669e-05
55.42	1.39381e-05
55.44	1.38107e-05
55.46	1.36844e-05
55.48	1.35593e-05
55.5	1.34355e-05
55.52	1.33128e-05
55.54	1.31913e-05
55.56	1.30709e-05
55.58	1.29517e-05
55.6	1.28337e-05
55.62	1.27167e-05
55.64	1.26009e-05
55.66	1.24862e-05
55.68	1.23726e-05
55.7	1.226e-05
55.72	1.21485e-05
55.74	1.20381e-05
55.76	1.19288e-05
55.78	1.18205e-05
55.8	1.17132e-05
55.82	1.16069e-05
55.84	1.15017e-05
55.86	1.13974e-05
55.88	1.12942e-05
55.9	1.11919e-05
55.92	1.10906e-05
55.94	1.09903e-05
55.96	1.08909e-05
55.98	1.07924e-05
56	1.06949e-05
56.02	1.05983e-05
56.04	1.05027e-05
56.06	1.04079e-05
56.08	1.03141e-05
56.1	1.02211e-05
56.12	1.0129e-05
56.14	1.00378e-05
56.16	9.94743e-06
56.18	9.85794e-06
56.2	9.76929e-06
56.22	9.68148e-06
56.24	9.5945e-06
56.26	9.50834e-06
56.28	9.423e-06
56.3	9.33847e-06
56.32	9.25473e-06
56.34	9.17178e-06
56.36	9.08961e-06
56.38	9.00822e-06
56.4	8.9276e-06
56.42	8.84774e-06
56.44	8.76863e-06
56.46	8.69027e-06
56.48	8.61264e-06
56.5	8.53574e-06
56.52	8.45957e-06
56.54	8.38412e-06
56.56	8.30937e-06
56.58	8.23532e-06
56.6	8.16197e-06
56.62	8.08931e-06
56.64	8.01734e-06
56.66	7.94603e-06
56.68	7.8754e-06
56.7	7.80543e-06
56.72	7.73611e-06
56.74	7.66744e-06
56.76	7.59942e-06
56.78	7.53203e-06
56.8	7.46527e-06
56.82	7.39914e-06
56.84	7.33363e-06
56.86	7.26872e-06
56.88	7.20443e-06
56.9	7.14073e-06
56.92	7.07763e-06
56.94	7.01512e-06
56.96	6.95319e-06
56.98	6.89183e-06
57	6.83105e-06
57.02	6.77084e-06
57.04	6.71118e-06
57.06	6.65208e-06
57.08	6.59354e-06
57.1	6.53553e-06
57.12	6.47806e-06
57.14	6.42113e-06
57.16	6.36473e-06
57.18	6.30885e-06
57.2	6.25349e-06
57.22	6.19864e-06
57.24	6.1443e-06
57.26	6.09046e-06
57.28	6.03713e-06
57.3	5.98428e-06
57.32	5.93193e-06
57.34	5.88006e-06
57.36	5.82867e-06
57.38	5.77775e-06
57.4	5.72731e-06
57.42	5.67733e-06
57.44	5.62781e-06
57.46	5.57875e-06
57.48	5.53014e-06
57.5	5.48198e-06
57.52	5.43427e-06
57.54	5.38699e-06
57.56	5.34015e-06
57.58	5.29374e-06
57.6	5.24776e-06
57.62	5.2022e-06
57.64	5.15706e-06
57.66	5.11233e-06
57.68	5.06802e-06
57.7	5.02411e-06
57.72	4.98061e-06
57.74	4.9375e-06
57.76	4.89479e-06
57.78	4.85247e-06
57.8	4.81054e-06
57.82	4.769e-06
57.84	4.72783e-06
57.86	4.68704e-06
57.88	4.64662e-06
57.9	4.60658e-06
57.92	4.5669e-06
57.94	4.52758e-06
57.96	4.48862e-06
57.98	4.45002e-06
58	4.41177e-06
58.02	4.37387e-06
58.04	4.33631e-06
58.06	4.2991e-06
58.08	4.26222e-06
58.1	4.22569e-06
58.12	4.18948e-06
58.14	4.1536e-06
58.16	4.11805e-06
58.18	4.08283e-06
58.2	4.04792e-06
58.22	4.01333e-06
58.24	3.97906e-06
58.26	3.94509e-06
58.28	3.91144e-06
58.3	3.87809e-06
58.32	3.84504e-06
58.34	3.81229e-06
58.36	3.77984e-06
58.38	3.74769e-06
58.4	3.71582e-06
58.42	3.68424e-06
58.44	3.65295e-06
58.46	3.62194e-06
58.48	3.59121e-06
58.5	3.56076e-06
58.52	3.53058e-06
58.54	3.50068e-06
58.56	3.47105e-06
58.58	3.44168e-06
58.6	3.41258e-06
58.62	3.38374e-06
58.64	3.35516e-06
58.66	3.32684e-06
58.68	3.29877e-06
58.7	3.27096e-06
58.72	3.24339e-06
58.74	3.21608e-06
58.76	3.18901e-06
58.78	3.16218e-06
58.8	3.13559e-06
58.82	3.10925e-06
58.84	3.08314e-06
58.86	3.05726e-06
58.88	3.03161e-06
58.9	3.0062e-06
58.92	2.98101e-06
58.94	2.95605e-06
58.96	2.93131e-06
58.98	2.9068e-06
59	2.8825e-06
59.02	2.85842e-06
59.04	2.83455e-06
59.06	2.8109e-06
59.08	2.78746e-06
59.1	2.76423e-06
59.12	2.74121e-06
59.14	2.71839e-06
59.16	2.69578e-06
59.18	2.67336e-06
59.2	2.65115e-06
59.22	2.62913e-06
59.24	2.60731e-06
59.26	2.58569e-06
59.28	2.56426e-06
59.3	2.54301e-06
59.32	2.52196e-06
59.34	2.50109e-06
59.36	2.48041e-06
59.38	2.45992e-06
59.4	2.4396e-06
59.42	2.41947e-06
59.44	2.39951e-06
59.46	2.37973e-06
59.48	2.36013e-06
59.5	2.3407e-06
59.52	2.32144e-06
59.54	2.30235e-06
59.56	2.28343e-06
59.58	2.26468e-06
59.6	2.24609e-06
59.62	2.22767e-06
59.64	2.20941e-06
59.66	2.19132e-06
59.68	2.17338e-06
59.7	2.1556e-06
59.72	2.13798e-06
59.74	2.12051e-06
59.76	2.1032e-06
59.78	2.08604e-06
59.8	2.06903e-06
59.82	2.05217e-06
59.84	2.03545e-06
59.86	2.01889e-06
59.88	2.00247e-06
59.9	1.9862e-06
59.92	1.97007e-06
59.94	1.95408e-06
59.96	1.93823e-06
59.98	1.92252e-06
60	1.90694e-06
60.02	1.89151e-06
60.04	1.87621e-06
60.06	1.86104e-06
60.08	1.84601e-06
60.1	1.83111e-06
60.12	1.81634e-06
60.14	1.80169e-06
60.16	1.78718e-06
60.18	1.77279e-06
60.2	1.75853e-06
60.22	1.74439e-06
60.24	1.73038e-06
60.26	1.71649e-06
60.28	1.70272e-06
60.3	1.68907e-06
60.32	1.67554e-06
60.34	1.66212e-06
60.36	1.64883e-06
60.38	1.63565e-06
60.4	1.62258e-06
60.42	1.60963e-06
60.44	1.59679e-06
60.46	1.58406e-06
60.48	1.57144e-06
60.5	1.55894e-06
60.52	1.54654e-06
60.54	1.53425e-06
60.56	1.52206e-06
60.58	1.50998e-06
60.6	1.49801e-06
60.62	1.48614e-06
60.64	1.47437e-06
60.66	1.4627e-06
60.68	1.45114e-06
60.7	1.43967e-06
60.72	1.42831e-06
60.74	1.41704e-06
60.76	1.40587e-06
60.78	1.39479e-06
60.8	1.38381e-06
60.82	1.37293e-06
60.84	1.36214e-06
60.86	1.35144e-06
60.88	1.34084e-06
60.9	1.33033e-06
60.92	1.3199e-06
60.94	1.30957e-06
60.96	1.29933e-06
60.98	1.28917e-06
61	1.2791e-06
61.02	1.26912e-06
61.04	1.25922e-06
61.06	1.24941e-06
61.08	1.23968e-06
61.1	1.23004e-06
61.12	1.22048e-06
61.14	1.211e-06
61.16	1.2016e-06
61.18	1.19228e-06
61.2	1.18305e-06
61.22	1.17389e-06
61.24	1.16481e-06
61.26	1.1558e-06
61.28	1.14688e-06
61.3	1.13803e-06
61.32	1.12926e-06
61.34	1.12056e-06
61.36	1.11193e-06
61.38	1.10338e-06
61.4	1.0949e-06
61.42	1.0865e-06
61.44	1.07816e-06
61.46	1.0699e-06
61.48	1.06171e-06
61.5	1.05358e-06
61.52	1.04553e-06
61.54	1.03754e-06
61.56	1.02963e-06
61.58	1.02178e-06
61.6	1.01399e-06
61.62	1.00627e-06
61.64	9.98621e-07
61.66	9.91034e-07
61.68	9.83511e-07
61.7	9.76052e-07
61.72	9.68656e-07
61.74	9.61322e-07
61.76	9.54051e-07
61.78	9.46841e-07
61.8	9.39692e-07
61.82	9.32603e-07
61.84	9.25575e-07
61.86	9.18606e-07
61.88	9.11696e-07
61.9	9.04844e-07
61.92	8.98049e-07
61.94	8.91313e-07
61.96	8.84633e-07
61.98	8.78009e-07
62	8.71441e-07
62.02	8.64928e-07
62.04	8.58471e-07
62.06	8.52067e-07
62.08	8.45717e-07
62.1	8.39421e-07
62.12	8.33178e-07
62.14	8.26987e-07
62.16	8.20848e-07
62.18	8.14761e-07
62.2	8.08724e-07
62.22	8.02739e-07
62.24	7.96803e-07
62.26	7.90917e-07
62.28	7.85081e-07
62.3	7.79293e-07
62.32	7.73554e-07
62.34	7.67863e-07
62.36	7.62219e-07
62.38	7.56623e-07
62.4	7.51073e-07
62.42	7.4557e-07
62.44	7.40112e-07
62.46	7.347e-07
62.48	7.29334e-07
62.5	7.24012e-07
62.52	7.18734e-07
62.54	7.135e-07
62.56	7.0831e-07
62.58	7.03164e-07
62.6	6.9806e-07
62.62	6.92998e-07
62.64	6.87978e-07
62.66	6.83001e-07
62.68	6.78064e-07
62.7	6.73169e-07
62.72	6.68314e-07
62.74	6.635e-07
62.76	6.58725e-07
62.78	6.5399e-07
62.8	6.49294e-07
62.82	6.44638e-07
62.84	6.40019e-07
62.86	6.3544e-07
62.88	6.30897e-07
62.9	6.26393e-07
62.92	6.21926e-07
62.94	6.17495e-07
62.96	6.13102e-07
62.98	6.08744e-07
63	6.04423e-07
63.02	6.00137e-07
63.04	5.95887e-07
63.06	5.91671e-07
63.08	5.87491e-07
63.1	5.83345e-07
63.12	5.79233e-07
63.14	5.75155e-07
63.16	5.7111e-07
63.18	5.67099e-07
63.2	5.63121e-07
63.22	5.59175e-07
63.24	5.55262e-07
63.26	5.51381e-07
63.28	5.47532e-07
63.3	5.43715e-07
63.32	5.39929e-07
63.34	5.36174e-07
63.36	5.32449e-07
63.38	5.28756e-07
63.4	5.25093e-07
63.42	5.21459e-07
63.44	5.17856e-07
63.46	5.14282e-07
63.48	5.10737e-07
63.5	5.07221e-07
63.52	5.03734e-07
63.54	5.00276e-07
63.56	4.96846e-07
63.58	4.93443e-07
63.6	4.90069e-07
63.62	4.86722e-07
63.64	4.83403e-07
63.66	4.80111e-07
63.68	4.76845e-07
63.7	4.73606e-07
63.72	4.70394e-07
63.74	4.67208e-07
63.76	4.64048e-07
63.78	4.60913e-07
63.8	4.57804e-07
63.82	4.54721e-07
63.84	4.51662e-07
63.86	4.48629e-07
63.88	4.4562e-07
63.9	4.42636e-07
63.92	4.39675e-07
63.94	4.36739e-07
63.96	4.33827e-07
63.98	4.30939e-07
64	4.28074e-07
64.02	4.25232e-07
64.04	4.22414e-07
64.06	4.19618e-07
64.08	4.16845e-07
64.1	4.14094e-07
64.12	4.11366e-07
64.14	4.0866e-07
64.16	4.05976e-07
64.18	4.03314e-07
64.2	4.00673e-07
64.22	3.98054e-07
64.24	3.95455e-07
64.26	3.92878e-07
64.28	3.90322e-07
64.3	3.87787e-07
64.32	3.85272e-07
64.34	3.82777e-07
64.36	3.80303e-07
64.38	3.77849e-07
64.4	3.75414e-07
64.42	3.73e-07
64.44	3.70605e-07
64.46	3.68229e-07
64.48	3.65872e-07
64.5	3.63535e-07
64.52	3.61216e-07
64.54	3.58916e-07
64.56	3.56635e-07
64.58	3.54372e-07
64.6	3.52128e-07
64.62	3.49902e-07
64.64	3.47693e-07
64.66	3.45503e-07
64.68	3.4333e-07
64.7	3.41175e-07
64.72	3.39037e-07
64.74	3.36917e-07
64.76	3.34813e-07
64.78	3.32727e-07
64.8	3.30658e-07
64.82	3.28605e-07
64.84	3.26569e-07
64.86	3.24549e-07
64.88	3.22546e-07
64.9	3.20559e-07
64.92	3.18588e-07
64.94	3.16633e-07
64.96	3.14693e-07
64.98	3.1277e-07
65	3.10862e-07
65.02	3.08969e-07
65.04	3.07092e-07
65.06	3.0523e-07
65.08	3.03383e-07
65.1	3.01551e-07
65.12	2.99734e-07
65.14	2.97931e-07
65.16	2.96143e-07
65.18	2.9437e-07
65.2	2.92611e-07
65.22	2.90866e-07
65.24	2.89136e-07
65.26	2.87419e-07
65.28	2.85717e-07
65.3	2.84028e-07
65.32	2.82353e-07
65.34	2.80691e-07
65.36	2.79043e-07
65.38	2.77409e-07
65.4	2.75788e-07
65.42	2.7418e-07
65.44	2.72585e-07
65.46	2.71003e-07
65.48	2.69434e-07
65.5	2.67877e-07
65.52	2.66334e-07
65.54	2.64803e-07
65.56	2.63284e-07
65.58	2.61778e-07
65.6	2.60285e-07
65.62	2.58803e-07
65.64	2.57334e-07
65.66	2.55877e-07
65.68	2.54431e-07
65.7	2.52998e-07
65.72	2.51576e-07
65.74	2.50166e-07
65.76	2.48767e-07
65.78	2.47381e-07
65.8	2.46005e-07
65.82	2.44641e-07
65.84	2.43288e-07
65.86	2.41946e-07
65.88	2.40616e-07
65.9	2.39296e-07
65.92	2.37988e-07
65.94	2.3669e-07
65.96	2.35403e-07
65.98	2.34127e-07
66	2.32861e-07
66.02	2.31606e-07
66.04	2.30361e-07
66.06	2.29127e-07
66.08	2.27903e-07
66.1	2.2669e-07
66.12	2.25486e-07
66.14	2.24293e-07
66.16	2.2311e-07
66.18	2.21937e-07
66.2	2.20773e-07
66.22	2.1962e-07
66.24	2.18476e-07
66.26	2.17342e-07
66.28	2.16218e-07
66.3	2.15103e-07
66.32	2.13998e-07
66.34	2.12903e-07
66.36	2.11816e-07
66.38	2.10739e-07
66.4	2.09672e-07
66.42	2.08613e-07
66.44	2.07564e-07
66.46	2.06524e-07
66.48	2.05493e-07
66.5	2.04471e-07
66.52	2.03457e-07
66.54	2.02453e-07
66.56	2.01458e-07
66.58	2.00471e-07
66.6	1.99493e-07
66.62	1.98524e-07
66.64	1.97563e-07
66.66	1.96611e-07
66.68	1.95668e-07
66.7	1.94733e-07
66.72	1.93806e-07
66.74	1.92888e-07
66.76	1.91978e-07
66.78	1.91076e-07
66.8	1.90183e-07
66.82	1.89298e-07
66.84	1.88421e-07
66.86	1.87552e-07
66.88	1.86692e-07
66.9	1.85839e-07
66.92	1.84995e-07
66.94	1.84158e-07
66.96	1.83329e-07
66.98	1.82509e-07
67	1.81696e-07
67.02	1.80891e-07
67.04	1.80093e-07
67.06	1.79304e-07
67.08	1.78522e-07
67.1	1.77748e-07
67.12	1.76982e-07
67.14	1.76223e-07
67.16	1.75472e-07
67.18	1.74729e-07
67.2	1.73993e-07
67.22	1.73265e-07
67.24	1.72544e-07
67.26	1.71831e-07
67.28	1.71125e-07
67.3	1.70427e-07
67.32	1.69736e-07
67.34	1.69053e-07
67.36	1.68377e-07
67.38	1.67709e-07
67.4	1.67048e-07
67.42	1.66394e-07
67.44	1.65748e-07
67.46	1.65109e-07
67.48	1.64478e-07
67.5	1.63854e-07
67.52	1.63238e-07
67.54	1.62629e-07
67.56	1.62027e-07
67.58	1.61432e-07
67.6	1.60846e-07
67.62	1.60266e-07
67.64	1.59694e-07
67.66	1.59129e-07
67.68	1.58572e-07
67.7	1.58023e-07
67.72	1.57481e-07
67.74	1.56946e-07
67.76	1.56419e-07
67.78	1.559e-07
67.8	1.55388e-07
67.82	1.54884e-07
67.84	1.54388e-07
67.86	1.53899e-07
67.88	1.53418e-07
67.9	1.52946e-07
67.92	1.52481e-07
67.94	1.52024e-07
67.96	1.51575e-07
67.98	1.51135e-07
68	1.50703e-07
68.02	1.50279e-07
68.04	1.49864e-07
68.06	1.49457e-07
68.08	1.49059e-07
68.1	1.4867e-07
68.12	1.4829e-07
68.14	1.47919e-07
68.16	1.47557e-07
68.18	1.47205e-07
68.2	1.46863e-07
68.22	1.46531e-07
68.24	1.46208e-07
68.26	1.45897e-07
68.28	1.45596e-07
68.3	1.45306e-07
68.32	1.45028e-07
68.34	1.44761e-07
68.36	1.44507e-07
68.38	1.44265e-07
68.4	1.44037e-07
68.42	1.43823e-07
68.44	1.43624e-07
68.46	1.4344e-07
68.48	1.43272e-07
68.5	1.43122e-07
68.52	1.4299e-07
68.54	1.42878e-07
68.56	1.42788e-07
68.58	1.42722e-07
68.6	1.42683e-07
68.62	1.42673e-07
68.64	1.42696e-07
68.66	1.42758e-07
68.68	1.42866e-07
68.7	1.43029e-07
68.72	1.43265e-07
68.74	1.43596e-07
68.76	1.44068e-07
68.78	1.44779e-07
68.8	1.45965e-07
68.82	1.48314e-07
68.84	1.53951e-07
68.86	1.65685e-07
68.88	1.86637e-07
68.9	2.22823e-07
68.92	2.84135e-07
68.94	3.85181e-07
68.96	5.49879e-07
68.98	8.18467e-07
69	1.25016e-06
69.02	1.91683e-06
69.04	2.88651e-06
69.06	4.19559e-06
69.08	5.83012e-06
69.1	7.74021e-06
69.12	9.86613e-06
69.14	1.21513e-05
69.16	1.45453e-05
69.18	1.70038e-05
69.2	1.94896e-05
69.22	2.19721e-05
69.24	2.44269e-05
69.26	2.68348e-05
69.28	2.91814e-05
69.3	3.14557e-05
69.32	3.36498e-05
69.34	3.57583e-05
69.36	3.77776e-05
69.38	3.97061e-05
69.4	4.1543e-05
69.42	4.32889e-05
69.44	4.49451e-05
69.46	4.65135e-05
69.48	4.79965e-05
69.5	4.93967e-05
69.52	5.07171e-05
69.54	5.19606e-05
69.56	5.31305e-05
69.58	5.42298e-05
69.6	5.52618e-05
69.62	5.62294e-05
69.64	5.71357e-05
69.66	5.79837e-05
69.68	5.87761e-05
69.7	5.95158e-05
69.72	6.02052e-05
69.74	6.0847e-05
69.76	6.14435e-05
69.78	6.1997e-05
69.8	6.25098e-05
69.82	6.29838e-05
69.84	6.34211e-05
69.86	6.38235e-05
69.88	6.41928e-05
69.9	6.45308e-05
69.92	6.48388e-05
69.94	6.51186e-05
69.96	6.53715e-05
69.98	6.55989e-05
70	6.58021e-05
70.02	6.59822e-05
70.04	6.61404e-05
70.06	6.62777e-05
70.08	6.63953e-05
70.1	6.6494e-05
70.12	6.65747e-05
70.14	6.66382e-05
70.16	6.66855e-05
70.18	6.67171e-05
70.2	6.67339e-05
70.22	6.67365e-05
70.24	6.67254e-05
70.26	6.67013e-05
70.28	6.66647e-05
70.3	6.66162e-05
70.32	6.65562e-05
70.34	6.64851e-05
70.36	6.64034e-05
70.38	6.63115e-05
70.4	6.62098e-05
70.42	6.60985e-05
70.44	6.59781e-05
70.46	6.58488e-05
70.48	6.5711e-05
70.5	6.55648e-05
70.52	6.54106e-05
70.54	6.52487e-05
70.56	6.50792e-05
70.58	6.49024e-05
70.6	6.47184e-05
70.62	6.45275e-05
70.64	6.43299e-05
70.66	6.41258e-05
70.68	6.39153e-05
70.7	6.36986e-05
70.72	6.34759e-05
70.74	6.32473e-05
70.76	6.3013e-05
70.78	6.27731e-05
70.8	6.25279e-05
70.82	6.22773e-05
70.84	6.20216e-05
70.86	6.1761e-05
70.88	6.14955e-05
70.9	6.12253e-05
70.92	6.09505e-05
70.94	6.06712e-05
70.96	6.03877e-05
70.98	6.00999e-05
71	5.98082e-05
71.02	5.95125e-05
71.04	5.9213e-05
71.06	5.89098e-05
71.08	5.86031e-05
71.1	5.8293e-05
71.12	5.79796e-05
71.14	5.76631e-05
71.16	5.73436e-05
71.18	5.70211e-05
71.2	5.66959e-05
71.22	5.6368e-05
71.24	5.60375e-05
71.26	5.57047e-05
71.28	5.53696e-05
71.3	5.50323e-05
71.32	5.4693e-05
71.34	5.43518e-05
71.36	5.40088e-05
71.38	5.36641e-05
71.4	5.33178e-05
71.42	5.297e-05
71.44	5.2621e-05
71.46	5.22707e-05
71.48	5.19192e-05
71.5	5.15668e-05
71.52	5.12135e-05
71.54	5.08594e-05
71.56	5.05046e-05
71.58	5.01492e-05
71.6	4.97933e-05
71.62	4.9437e-05
71.64	4.90805e-05
71.66	4.87237e-05
71.68	4.83669e-05
71.7	4.801e-05
71.72	4.76533e-05
71.74	4.72967e-05
71.76	4.69403e-05
71.78	4.65843e-05
71.8	4.62287e-05
71.82	4.58736e-05
71.84	4.55191e-05
71.86	4.51652e-05
71.88	4.4812e-05
71.9	4.44596e-05
71.92	4.41081e-05
71.94	4.37575e-05
71.96	4.34079e-05
71.98	4.30593e-05
72	4.27119e-05
72.02	4.23656e-05
72.04	4.20205e-05
72.06	4.16767e-05
72.08	4.13343e-05
72.1	4.09932e-05
72.12	4.06535e-05
72.14	4.03153e-05
72.16	3.99786e-05
72.18	3.96435e-05
72.2	3.93099e-05
72.22	3.8978e-05
72.24	3.86478e-05
72.26	3.83193e-05
72.28	3.79925e-05
72.3	3.76675e-05
72.32	3.73443e-05
72.34	3.70229e-05
72.36	3.67033e-05
72.38	3.63857e-05
72.4	3.60699e-05
72.42	3.57561e-05
72.44	3.54442e-05
72.46	3.51343e-05
72.48	3.48264e-05
72.5	3.45205e-05
72.52	3.42165e-05
72.54	3.39147e-05
72.56	3.36148e-05
72.58	3.33171e-05
72.6	3.30214e-05
72.62	3.27277e-05
72.64	3.24362e-05
72.66	3.21468e-05
72.68	3.18594e-05
72.7	3.15742e-05
72.72	3.12911e-05
72.74	3.10101e-05
72.76	3.07312e-05
72.78	3.04544e-05
72.8	3.01798e-05
72.82	2.99073e-05
72.84	2.96369e-05
72.86	2.93686e-05
72.88	2.91025e-05
72.9	2.88385e-05
72.92	2.85766e-05
72.94	2.83168e-05
72.96	2.80591e-05
72.98	2.78035e-05
73	2.75501e-05
73.02	2.72987e-05
73.04	2.70494e-05
73.06	2.68022e-05
73.08	2.65571e-05
73.1	2.63141e-05
73.12	2.60731e-05
73.14	2.58342e-05
73.16	2.55973e-05
73.18	2.53625e-05
73.2	2.51296e-05
73.22	2.48988e-05
73.24	2.46701e-05
73.26	2.44433e-05
73.28	2.42185e-05
73.3	2.39957e-05
73.32	2.37748e-05
73.34	2.35559e-05
73.36	2.3339e-05
73.38	2.3124e-05
73.4	2.29109e-05
73.42	2.26997e-05
73.44	2.24904e-05
73.46	2.2283e-05
73.48	2.20775e-05
73.5	2.18738e-05
73.52	2.1672e-05
73.54	2.1472e-05
73.56	2.12739e-05
73.58	2.10776e-05
73.6	2.0883e-05
73.62	2.06903e-05
73.64	2.04993e-05
73.66	2.03101e-05
73.68	2.01226e-05
73.7	1.99368e-05
73.72	1.97528e-05
73.74	1.95705e-05
73.76	1.93899e-05
73.78	1.92109e-05
73.8	1.90336e-05
73.82	1.8858e-05
73.84	1.8684e-05
73.86	1.85117e-05
73.88	1.83409e-05
73.9	1.81718e-05
73.92	1.80042e-05
73.94	1.78382e-05
73.96	1.76738e-05
73.98	1.75109e-05
74	1.73495e-05
74.02	1.71897e-05
74.04	1.70314e-05
74.06	1.68745e-05
74.08	1.67192e-05
74.1	1.65653e-05
74.12	1.64129e-05
74.14	1.62619e-05
74.16	1.61123e-05
74.18	1.59642e-05
74.2	1.58175e-05
74.22	1.56721e-05
74.24	1.55281e-05
74.26	1.53855e-05
74.28	1.52443e-05
74.3	1.51044e-05
74.32	1.49658e-05
74.34	1.48285e-05
74.36	1.46926e-05
74.38	1.45579e-05
74.4	1.44245e-05
74.42	1.42924e-05
74.44	1.41615e-05
74.46	1.40319e-05
74.48	1.39035e-05
74.5	1.37764e-05
74.52	1.36504e-05
74.54	1.35257e-05
74.56	1.34021e-05
74.58	1.32797e-05
74.6	1.31585e-05
74.62	1.30384e-05
74.64	1.29195e-05
74.66	1.28017e-05
74.68	1.2685e-05
74.7	1.25694e-05
74.72	1.2455e-05
74.74	1.23416e-05
74.76	1.22293e-05
74.78	1.21181e-05
74.8	1.20079e-05
74.82	1.18988e-05
74.84	1.17907e-05
74.86	1.16836e-05
74.88	1.15776e-05
74.9	1.14725e-05
74.92	1.13685e-05
74.94	1.12655e-05
74.96	1.11634e-05
74.98	1.10623e-05
75	1.09622e-05
75.02	1.0863e-05
75.04	1.07647e-05
75.06	1.06674e-05
75.08	1.0571e-05
75.1	1.04756e-05
75.12	1.0381e-05
75.14	1.02873e-05
75.16	1.01946e-05
75.18	1.01026e-05
75.2	1.00116e-05
75.22	9.92144e-06
75.24	9.83213e-06
75.26	9.74365e-06
75.28	9.65602e-06
75.3	9.56921e-06
75.32	9.48322e-06
75.34	9.39805e-06
75.36	9.31368e-06
75.38	9.23011e-06
75.4	9.14733e-06
75.42	9.06533e-06
75.44	8.9841e-06
75.46	8.90364e-06
75.48	8.82394e-06
75.5	8.74498e-06
75.52	8.66678e-06
75.54	8.58931e-06
75.56	8.51257e-06
75.58	8.43655e-06
75.6	8.36124e-06
75.62	8.28665e-06
75.64	8.21275e-06
75.66	8.13955e-06
75.68	8.06704e-06
75.7	7.99521e-06
75.72	7.92405e-06
75.74	7.85356e-06
75.76	7.78374e-06
75.78	7.71456e-06
75.8	7.64604e-06
75.82	7.57815e-06
75.84	7.51091e-06
75.86	7.44429e-06
75.88	7.37829e-06
75.9	7.31292e-06
75.92	7.24815e-06
75.94	7.18399e-06
75.96	7.12043e-06
75.98	7.05746e-06
76	6.99508e-06
76.02	6.93328e-06
76.04	6.87206e-06
76.06	6.81141e-06
76.08	6.75132e-06
76.1	6.6918e-06
76.12	6.63283e-06
76.14	6.5744e-06
76.16	6.51652e-06
76.18	6.45918e-06
76.2	6.40237e-06
76.22	6.34609e-06
76.24	6.29034e-06
76.26	6.2351e-06
76.28	6.18037e-06
76.3	6.12615e-06
76.32	6.07243e-06
76.34	6.01921e-06
76.36	5.96649e-06
76.38	5.91425e-06
76.4	5.8625e-06
76.42	5.81122e-06
76.44	5.76042e-06
76.46	5.71009e-06
76.48	5.66023e-06
76.5	5.61082e-06
76.52	5.56187e-06
76.54	5.51337e-06
76.56	5.46532e-06
76.58	5.41772e-06
76.6	5.37055e-06
76.62	5.32382e-06
76.64	5.27751e-06
76.66	5.23164e-06
76.68	5.18618e-06
76.7	5.14115e-06
76.72	5.09653e-06
76.74	5.05231e-06
76.76	5.00851e-06
76.78	4.96511e-06
76.8	4.9221e-06
76.82	4.87949e-06
76.84	4.83727e-06
76.86	4.79544e-06
76.88	4.75399e-06
76.9	4.71292e-06
76.92	4.67223e-06
76.94	4.63191e-06
76.96	4.59196e-06
76.98	4.55237e-06
77	4.51315e-06
77.02	4.47428e-06
77.04	4.43577e-06
77.06	4.39761e-06
77.08	4.3598e-06
77.1	4.32234e-06
77.12	4.28521e-06
77.14	4.24843e-06
77.16	4.21198e-06
77.18	4.17586e-06
77.2	4.14007e-06
77.22	4.1046e-06
77.24	4.06946e-06
77.26	4.03464e-06
77.28	4.00014e-06
77.3	3.96594e-06
77.32	3.93206e-06
77.34	3.89849e-06
77.36	3.86522e-06
77.38	3.83225e-06
77.4	3.79959e-06
77.42	3.76721e-06
77.44	3.73513e-06
77.46	3.70335e-06
77.48	3.67185e-06
77.5	3.64063e-06
77.52	3.6097e-06
77.54	3.57904e-06
77.56	3.54867e-06
77.58	3.51857e-06
77.6	3.48874e-06
77.62	3.45918e-06
77.64	3.42988e-06
77.66	3.40085e-06
77.68	3.37209e-06
77.7	3.34358e-06
77.72	3.31533e-06
77.74	3.28733e-06
77.76	3.25958e-06
77.78	3.23209e-06
77.8	3.20484e-06
77.82	3.17784e-06
77.84	3.15107e-06
77.86	3.12455e-06
77.88	3.09827e-06
77.9	3.07223e-06
77.92	3.04641e-06
77.94	3.02083e-06
77.96	2.99548e-06
77.98	2.97036e-06
78	2.94546e-06
78.02	2.92078e-06
78.04	2.89633e-06
78.06	2.87209e-06
78.08	2.84807e-06
78.1	2.82426e-06
78.12	2.80067e-06
78.14	2.77729e-06
78.16	2.75412e-06
78.18	2.73115e-06
78.2	2.70839e-06
78.22	2.68583e-06
78.24	2.66348e-06
78.26	2.64132e-06
78.28	2.61936e-06
78.3	2.59759e-06
78.32	2.57602e-06
78.34	2.55464e-06
78.36	2.53345e-06
78.38	2.51245e-06
78.4	2.49164e-06
78.42	2.47101e-06
78.44	2.45057e-06
78.46	2.4303e-06
78.48	2.41022e-06
78.5	2.39031e-06
78.52	2.37058e-06
78.54	2.35103e-06
78.56	2.33164e-06
78.58	2.31243e-06
78.6	2.29339e-06
78.62	2.27452e-06
78.64	2.25582e-06
78.66	2.23728e-06
78.68	2.2189e-06
78.7	2.20069e-06
78.72	2.18264e-06
78.74	2.16474e-06
78.76	2.14701e-06
78.78	2.12943e-06
78.8	2.11201e-06
78.82	2.09474e-06
78.84	2.07762e-06
78.86	2.06065e-06
78.88	2.04384e-06
78.9	2.02717e-06
78.92	2.01064e-06
78.94	1.99427e-06
78.96	1.97803e-06
78.98	1.96194e-06
79	1.94599e-06
79.02	1.93018e-06
79.04	1.91451e-06
79.06	1.89898e-06
79.08	1.88358e-06
79.1	1.86832e-06
79.12	1.85319e-06
79.14	1.83819e-06
79.16	1.82333e-06
79.18	1.80859e-06
79.2	1.79399e-06
79.22	1.77951e-06
79.24	1.76516e-06
79.26	1.75093e-06
79.28	1.73683e-06
79.3	1.72285e-06
79.32	1.709e-06
79.34	1.69526e-06
79.36	1.68164e-06
79.38	1.66815e-06
79.4	1.65477e-06
79.42	1.6415e-06
79.44	1.62835e-06
79.46	1.61532e-06
79.48	1.6024e-06
79.5	1.58959e-06
79.52	1.5769e-06
79.54	1.56431e-06
79.56	1.55183e-06
79.58	1.53947e-06
79.6	1.5272e-06
79.62	1.51505e-06
79.64	1.503e-06
79.66	1.49105e-06
79.68	1.47921e-06
79.7	1.46747e-06
79.72	1.45584e-06
79.74	1.4443e-06
79.76	1.43286e-06
79.78	1.42152e-06
79.8	1.41028e-06
79.82	1.39914e-06
79.84	1.38809e-06
79.86	1.37714e-06
79.88	1.36628e-06
79.9	1.35552e-06
79.92	1.34485e-06
79.94	1.33427e-06
79.96	1.32378e-06
79.98	1.31339e-06
80	1.30308e-06
80.02	1.29286e-06
80.04	1.28273e-06
80.06	1.27268e-06
80.08	1.26273e-06
80.1	1.25285e-06
80.12	1.24307e-06
80.14	1.23336e-06
80.16	1.22374e-06
80.18	1.2142e-06
80.2	1.20475e-06
80.22	1.19537e-06
80.24	1.18608e-06
80.26	1.17686e-06
80.28	1.16773e-06
80.3	1.15867e-06
80.32	1.14969e-06
80.34	1.14078e-06
80.36	1.13195e-06
80.38	1.1232e-06
80.4	1.11452e-06
80.42	1.10592e-06
80.44	1.09739e-06
80.46	1.08893e-06
80.48	1.08054e-06
80.5	1.07223e-06
80.52	1.06399e-06
80.54	1.05581e-06
80.56	1.04771e-06
80.58	1.03967e-06
80.6	1.03171e-06
80.62	1.02381e-06
80.64	1.01598e-06
80.66	1.00821e-06
80.68	1.00051e-06
80.7	9.92876e-07
80.72	9.85307e-07
80.74	9.77801e-07
80.76	9.7036e-07
80.78	9.62981e-07
80.8	9.55665e-07
80.82	9.4841e-07
80.84	9.41217e-07
80.86	9.34085e-07
80.88	9.27013e-07
80.9	9.20001e-07
80.92	9.13048e-07
80.94	9.06153e-07
80.96	8.99317e-07
80.98	8.92539e-07
81	8.85818e-07
81.02	8.79153e-07
81.04	8.72544e-07
81.06	8.65992e-07
81.08	8.59494e-07
81.1	8.53051e-07
81.12	8.46662e-07
81.14	8.40327e-07
81.16	8.34045e-07
81.18	8.27816e-07
81.2	8.21639e-07
81.22	8.15514e-07
81.24	8.0944e-07
81.26	8.03417e-07
81.28	7.97445e-07
81.3	7.91523e-07
81.32	7.8565e-07
81.34	7.79827e-07
81.36	7.74052e-07
81.38	7.68326e-07
81.4	7.62647e-07
81.42	7.57016e-07
81.44	7.51432e-07
81.46	7.45894e-07
81.48	7.40403e-07
81.5	7.34958e-07
81.52	7.29558e-07
81.54	7.24203e-07
81.56	7.18892e-07
81.58	7.13626e-07
81.6	7.08404e-07
81.62	7.03225e-07
81.64	6.98089e-07
81.66	6.92996e-07
81.68	6.87946e-07
81.7	6.82937e-07
81.72	6.7797e-07
81.74	6.73044e-07
81.76	6.68159e-07
81.78	6.63314e-07
81.8	6.5851e-07
81.82	6.53745e-07
81.84	6.4902e-07
81.86	6.44334e-07
81.88	6.39687e-07
81.9	6.35079e-07
81.92	6.30508e-07
81.94	6.25975e-07
81.96	6.2148e-07
81.98	6.17022e-07
82	6.126e-07
82.02	6.08216e-07
82.04	6.03867e-07
82.06	5.99554e-07
82.08	5.95277e-07
82.1	5.91035e-07
82.12	5.86828e-07
82.14	5.82656e-07
82.16	5.78518e-07
82.18	5.74414e-07
82.2	5.70344e-07
82.22	5.66307e-07
82.24	5.62303e-07
82.26	5.58333e-07
82.28	5.54395e-07
82.3	5.50489e-07
82.32	5.46615e-07
82.34	5.42773e-07
82.36	5.38963e-07
82.38	5.35184e-07
82.4	5.31436e-07
82.42	5.27719e-07
82.44	5.24032e-07
82.46	5.20375e-07
82.48	5.16748e-07
82.5	5.13151e-07
82.52	5.09583e-07
82.54	5.06045e-07
82.56	5.02535e-07
82.58	4.99054e-07
82.6	4.95601e-07
82.62	4.92177e-07
82.64	4.8878e-07
82.66	4.85412e-07
82.68	4.82071e-07
82.7	4.78756e-07
82.72	4.75469e-07
82.74	4.72209e-07
82.76	4.68976e-07
82.78	4.65768e-07
82.8	4.62587e-07
82.82	4.59432e-07
82.84	4.56302e-07
82.86	4.53198e-07
82.88	4.50119e-07
82.9	4.47065e-07
82.92	4.44036e-07
82.94	4.41031e-07
82.96	4.38051e-07
82.98	4.35095e-07
83	4.32163e-07
83.02	4.29255e-07
83.04	4.2637e-07
83.06	4.23509e-07
83.08	4.20671e-07
83.1	4.17856e-07
83.12	4.15063e-07
83.14	4.12294e-07
83.16	4.09546e-07
83.18	4.06821e-07
83.2	4.04119e-07
83.22	4.01437e-07
83.24	3.98778e-07
83.26	3.9614e-07
83.28	3.93523e-07
83.3	3.90928e-07
83.32	3.88354e-07
83.34	3.858e-07
83.36	3.83267e-07
83.38	3.80754e-07
83.4	3.78262e-07
83.42	3.7579e-07
83.44	3.73337e-07
83.46	3.70905e-07
83.48	3.68492e-07
83.5	3.66098e-07
83.52	3.63724e-07
83.54	3.61369e-07
83.56	3.59033e-07
83.58	3.56716e-07
83.6	3.54417e-07
83.62	3.52137e-07
83.64	3.49876e-07
83.66	3.47632e-07
83.68	3.45407e-07
83.7	3.43199e-07
83.72	3.4101e-07
83.74	3.38837e-07
83.76	3.36683e-07
83.78	3.34545e-07
83.8	3.32425e-07
83.82	3.30322e-07
83.84	3.28236e-07
83.86	3.26167e-07
83.88	3.24114e-07
83.9	3.22078e-07
83.92	3.20058e-07
83.94	3.18054e-07
83.96	3.16067e-07
83.98	3.14095e-07
84	3.12139e-07
84.02	3.10199e-07
84.04	3.08275e-07
84.06	3.06366e-07
84.08	3.04472e-07
84.1	3.02594e-07
84.12	3.00731e-07
84.14	2.98882e-07
84.16	2.97049e-07
84.18	2.9523e-07
84.2	2.93426e-07
84.22	2.91636e-07
84.24	2.89861e-07
84.26	2.881e-07
84.28	2.86353e-07
84.3	2.84621e-07
84.32	2.82902e-07
84.34	2.81197e-07
84.36	2.79506e-07
84.38	2.77828e-07
84.4	2.76164e-07
84.42	2.74513e-07
84.44	2.72876e-07
84.46	2.71251e-07
84.48	2.6964e-07
84.5	2.68042e-07
84.52	2.66457e-07
84.54	2.64884e-07
84.56	2.63324e-07
84.58	2.61777e-07
84.6	2.60242e-07
84.62	2.58719e-07
84.64	2.57209e-07
84.66	2.55711e-07
84.68	2.54226e-07
84.7	2.52752e-07
84.72	2.5129e-07
84.74	2.4984e-07
84.76	2.48401e-07
84.78	2.46975e-07
84.8	2.45559e-07
84.82	2.44156e-07
84.84	2.42763e-07
84.86	2.41382e-07
84.88	2.40013e-07
84.9	2.38654e-07
84.92	2.37306e-07
84.94	2.3597e-07
84.96	2.34644e-07
84.98	2.33329e-07
85	2.32025e-07
85.02	2.30731e-07
85.04	2.29448e-07
85.06	2.28175e-07
85.08	2.26913e-07
85.1	2.25661e-07
85.12	2.2442e-07
85.14	2.23188e-07
85.16	2.21967e-07
85.18	2.20756e-07
85.2	2.19554e-07
85.22	2.18363e-07
85.24	2.17181e-07
85.26	2.16009e-07
85.28	2.14847e-07
85.3	2.13695e-07
85.32	2.12552e-07
85.34	2.11418e-07
85.36	2.10294e-07
85.38	2.09179e-07
85.4	2.08073e-07
85.42	2.06977e-07
85.44	2.0589e-07
85.46	2.04812e-07
85.48	2.03743e-07
85.5	2.02683e-07
85.52	2.01631e-07
85.54	2.00589e-07
85.56	1.99555e-07
85.58	1.98531e-07
85.6	1.97514e-07
85.62	1.96507e-07
85.64	1.95508e-07
85.66	1.94517e-07
85.68	1.93535e-07
85.7	1.92561e-07
85.72	1.91596e-07
85.74	1.90639e-07
85.76	1.8969e-07
85.78	1.88749e-07
85.8	1.87817e-07
85.82	1.86892e-07
85.84	1.85976e-07
85.86	1.85067e-07
85.88	1.84167e-07
85.9	1.83274e-07
85.92	1.82389e-07
85.94	1.81512e-07
85.96	1.80643e-07
85.98	1.79782e-07
86	1.78928e-07
86.02	1.78081e-07
86.04	1.77243e-07
86.06	1.76411e-07
86.08	1.75588e-07
86.1	1.74771e-07
86.12	1.73963e-07
86.14	1.73161e-07
86.16	1.72367e-07
86.18	1.7158e-07
86.2	1.70801e-07
86.22	1.70028e-07
86.24	1.69263e-07
86.26	1.68505e-07
86.28	1.67754e-07
86.3	1.6701e-07
86.32	1.66274e-07
86.34	1.65544e-07
86.36	1.64821e-07
86.38	1.64106e-07
86.4	1.63397e-07
86.42	1.62695e-07
86.44	1.62e-07
86.46	1.61312e-07
86.48	1.60631e-07
86.5	1.59956e-07
86.52	1.59289e-07
86.54	1.58628e-07
86.56	1.57974e-07
86.58	1.57326e-07
86.6	1.56686e-07
86.62	1.56052e-07
86.64	1.55424e-07
86.66	1.54804e-07
86.68	1.5419e-07
86.7	1.53583e-07
86.72	1.52982e-07
86.74	1.52388e-07
86.76	1.518e-07
86.78	1.5122e-07
86.8	1.50645e-07
86.82	1.50078e-07
86.84	1.49517e-07
86.86	1.48962e-07
86.88	1.48414e-07
86.9	1.47873e-07
86.92	1.47338e-07
86.94	1.4681e-07
86.96	1.46289e-07
86.98	1.45774e-07
87	1.45266e-07
87.02	1.44764e-07
87.04	1.44269e-07
87.06	1.43781e-07
87.08	1.43299e-07
87.1	1.42824e-07
87.12	1.42356e-07
87.14	1.41895e-07
87.16	1.41441e-07
87.18	1.40993e-07
87.2	1.40552e-07
87.22	1.40118e-07
87.24	1.39691e-07
87.26	1.39272e-07
87.28	1.38859e-07
87.3	1.38453e-07
87.32	1.38055e-07
87.34	1.37664e-07
87.36	1.3728e-07
87.38	1.36903e-07
87.4	1.36535e-07
87.42	1.36173e-07
87.44	1.3582e-07
87.46	1.35474e-07
87.48	1.35136e-07
87.5	1.34807e-07
87.52	1.34485e-07
87.54	1.34172e-07
87.56	1.33868e-07
87.58	1.33572e-07
87.6	1.33286e-07
87.62	1.33008e-07
87.64	1.3274e-07
87.66	1.32481e-07
87.68	1.32233e-07
87.7	1.31994e-07
87.72	1.31767e-07
87.74	1.3155e-07
87.76	1.31345e-07
87.78	1.31151e-07
87.8	1.3097e-07
87.82	1.30802e-07
87.84	1.30648e-07
87.86	1.30509e-07
87.88	1.30384e-07
87.9	1.30277e-07
87.92	1.30187e-07
87.94	1.30116e-07
87.96	1.30065e-07
87.98	1.30038e-07
88	1.30036e-07
88.02	1.30063e-07
88.04	1.30122e-07
88.06	1.3022e-07
88.08	1.30363e-07
88.1	1.30563e-07
88.12	1.30837e-07
88.14	1.31213e-07
88.16	1.31749e-07
88.18	1.32569e-07
88.2	1.34009e-07
88.22	1.37146e-07
88.24	1.44382e-07
88.26	1.58442e-07
88.28	1.83101e-07
88.3	2.25663e-07
88.32	2.97343e-07
88.34	4.15276e-07
88.36	6.08651e-07
88.38	9.24761e-07
88.4	1.42837e-06
88.42	2.1918e-06
88.44	3.27349e-06
88.46	4.69008e-06
88.48	6.41061e-06
88.5	8.37981e-06
88.52	1.05396e-05
88.54	1.28368e-05
88.56	1.5224e-05
88.58	1.76604e-05
88.6	2.0112e-05
88.62	2.2551e-05
88.64	2.49555e-05
88.66	2.73085e-05
88.68	2.95972e-05
88.7	3.18118e-05
88.72	3.39457e-05
88.74	3.59941e-05
88.76	3.79543e-05
88.78	3.98248e-05
88.8	4.16055e-05
88.82	4.32972e-05
88.84	4.49014e-05
88.86	4.642e-05
88.88	4.78555e-05
88.9	4.92106e-05
88.92	5.04881e-05
88.94	5.16912e-05
88.96	5.28228e-05
88.98	5.3886e-05
89	5.4884e-05
89.02	5.58196e-05
89.04	5.66958e-05
89.06	5.75155e-05
89.08	5.82814e-05
89.1	5.89961e-05
89.12	5.96622e-05
89.14	6.0282e-05
89.16	6.08581e-05
89.18	6.13924e-05
89.2	6.18872e-05
89.22	6.23445e-05
89.24	6.27661e-05
89.26	6.31539e-05
89.28	6.35096e-05
89.3	6.38348e-05
89.32	6.4131e-05
89.34	6.43998e-05
89.36	6.46425e-05
89.38	6.48603e-05
89.4	6.50547e-05
89.42	6.52266e-05
89.44	6.53772e-05
89.46	6.55076e-05
89.48	6.56187e-05
89.5	6.57115e-05
89.52	6.57867e-05
89.54	6.58453e-05
89.56	6.5888e-05
89.58	6.59155e-05
89.6	6.59285e-05
89.62	6.59276e-05
89.64	6.59135e-05
89.66	6.58866e-05
89.68	6.58476e-05
89.7	6.57969e-05
89.72	6.57349e-05
89.74	6.56622e-05
89.76	6.55791e-05
89.78	6.5486e-05
89.8	6.53833e-05
89.82	6.52712e-05
89.84	6.51502e-05
89.86	6.50205e-05
89.88	6.48824e-05
89.9	6.47362e-05
89.92	6.45822e-05
89.94	6.44204e-05
89.96	6.42513e-05
89.98	6.4075e-05
90	6.38917e-05
90.02	6.37016e-05
90.04	6.35049e-05
90.06	6.33018e-05
90.08	6.30924e-05
90.1	6.2877e-05
90.12	6.26556e-05
90.14	6.24285e-05
90.16	6.21957e-05
90.18	6.19575e-05
90.2	6.1714e-05
90.22	6.14653e-05
90.24	6.12115e-05
90.26	6.09529e-05
90.28	6.06895e-05
90.3	6.04214e-05
90.32	6.01489e-05
90.34	5.9872e-05
90.36	5.95909e-05
90.38	5.93057e-05
90.4	5.90164e-05
90.42	5.87234e-05
90.44	5.84266e-05
90.46	5.81263e-05
90.48	5.78225e-05
90.5	5.75153e-05
90.52	5.72049e-05
90.54	5.68915e-05
90.56	5.65751e-05
90.58	5.62558e-05
90.6	5.59338e-05
90.62	5.56093e-05
90.64	5.52822e-05
90.66	5.49529e-05
90.68	5.46213e-05
90.7	5.42876e-05
90.72	5.39519e-05
90.74	5.36143e-05
90.76	5.3275e-05
90.78	5.29341e-05
90.8	5.25916e-05
90.82	5.22477e-05
90.84	5.19025e-05
90.86	5.15562e-05
90.88	5.12088e-05
90.9	5.08604e-05
90.92	5.05111e-05
90.94	5.01611e-05
90.96	4.98105e-05
90.98	4.94593e-05
91	4.91076e-05
91.02	4.87556e-05
91.04	4.84033e-05
91.06	4.80509e-05
91.08	4.76984e-05
91.1	4.73459e-05
91.12	4.69935e-05
91.14	4.66413e-05
91.16	4.62894e-05
91.18	4.59378e-05
91.2	4.55867e-05
91.22	4.5236e-05
91.24	4.4886e-05
91.26	4.45366e-05
91.28	4.41879e-05
91.3	4.38401e-05
91.32	4.34931e-05
91.34	4.31471e-05
91.36	4.2802e-05
91.38	4.2458e-05
91.4	4.21151e-05
91.42	4.17733e-05
91.44	4.14328e-05
91.46	4.10936e-05
91.48	4.07557e-05
91.5	4.04192e-05
91.52	4.0084e-05
91.54	3.97504e-05
91.56	3.94182e-05
91.58	3.90876e-05
91.6	3.87586e-05
91.62	3.84313e-05
91.64	3.81055e-05
91.66	3.77815e-05
91.68	3.74592e-05
91.7	3.71386e-05
91.72	3.68199e-05
91.74	3.65029e-05
91.76	3.61878e-05
91.78	3.58746e-05
91.8	3.55632e-05
91.82	3.52538e-05
91.84	3.49463e-05
91.86	3.46407e-05
91.88	3.43371e-05
91.9	3.40355e-05
91.92	3.37359e-05
91.94	3.34383e-05
91.96	3.31427e-05
91.98	3.28491e-05
92	3.25576e-05
92.02	3.22682e-05
92.04	3.19808e-05
92.06	3.16955e-05
92.08	3.14123e-05
92.1	3.11311e-05
92.12	3.08521e-05
92.14	3.05751e-05
92.16	3.03002e-05
92.18	3.00274e-05
92.2	2.97568e-05
92.22	2.94882e-05
92.24	2.92217e-05
92.26	2.89573e-05
92.28	2.86951e-05
92.3	2.84349e-05
92.32	2.81768e-05
92.34	2.79208e-05
92.36	2.76668e-05
92.38	2.7415e-05
92.4	2.71652e-05
92.42	2.69175e-05
92.44	2.66719e-05
92.46	2.64283e-05
92.48	2.61867e-05
92.5	2.59473e-05
92.52	2.57098e-05
92.54	2.54744e-05
92.56	2.5241e-05
92.58	2.50096e-05
92.6	2.47802e-05
92.62	2.45528e-05
92.64	2.43273e-05
92.66	2.41039e-05
92.68	2.38824e-05
92.7	2.36628e-05
92.72	2.34452e-05
92.74	2.32296e-05
92.76	2.30158e-05
92.78	2.2804e-05
92.8	2.2594e-05
92.82	2.23859e-05
92.84	2.21797e-05
92.86	2.19754e-05
92.88	2.17729e-05
92.9	2.15722e-05
92.92	2.13734e-05
92.94	2.11764e-05
92.96	2.09811e-05
92.98	2.07877e-05
93	2.0596e-05
93.02	2.04061e-05
93.04	2.02179e-05
93.06	2.00315e-05
93.08	1.98468e-05
93.1	1.96638e-05
93.12	1.94825e-05
93.14	1.93029e-05
93.16	1.91249e-05
93.18	1.89486e-05
93.2	1.87739e-05
93.22	1.86009e-05
93.24	1.84294e-05
93.26	1.82596e-05
93.28	1.80914e-05
93.3	1.79247e-05
93.32	1.77596e-05
93.34	1.75961e-05
93.36	1.74341e-05
93.38	1.72736e-05
93.4	1.71146e-05
93.42	1.69571e-05
93.44	1.68011e-05
93.46	1.66466e-05
93.48	1.64935e-05
93.5	1.63419e-05
93.52	1.61917e-05
93.54	1.60429e-05
93.56	1.58956e-05
93.58	1.57496e-05
93.6	1.5605e-05
93.62	1.54618e-05
93.64	1.53199e-05
93.66	1.51794e-05
93.68	1.50402e-05
93.7	1.49024e-05
93.72	1.47658e-05
93.74	1.46306e-05
93.76	1.44966e-05
93.78	1.43639e-05
93.8	1.42325e-05
93.82	1.41023e-05
93.84	1.39733e-05
93.86	1.38456e-05
93.88	1.37191e-05
93.9	1.35938e-05
93.92	1.34696e-05
93.94	1.33467e-05
93.96	1.32249e-05
93.98	1.31043e-05
94	1.29848e-05
94.02	1.28665e-05
94.04	1.27493e-05
94.06	1.26332e-05
94.08	1.25182e-05
94.1	1.24044e-05
94.12	1.22915e-05
94.14	1.21798e-05
94.16	1.20691e-05
94.18	1.19595e-05
94.2	1.18509e-05
94.22	1.17434e-05
94.24	1.16369e-05
94.26	1.15313e-05
94.28	1.14268e-05
94.3	1.13233e-05
94.32	1.12208e-05
94.34	1.11192e-05
94.36	1.10186e-05
94.38	1.0919e-05
94.4	1.08203e-05
94.42	1.07225e-05
94.44	1.06257e-05
94.46	1.05298e-05
94.48	1.04348e-05
94.5	1.03407e-05
94.52	1.02474e-05
94.54	1.01551e-05
94.56	1.00636e-05
94.58	9.97306e-06
94.6	9.88332e-06
94.62	9.79443e-06
94.64	9.70639e-06
94.66	9.61918e-06
94.68	9.53279e-06
94.7	9.44721e-06
94.72	9.36245e-06
94.74	9.27849e-06
94.76	9.19531e-06
94.78	9.11293e-06
94.8	9.03132e-06
94.82	8.95048e-06
94.84	8.8704e-06
94.86	8.79107e-06
94.88	8.7125e-06
94.9	8.63466e-06
94.92	8.55756e-06
94.94	8.48118e-06
94.96	8.40552e-06
94.98	8.33057e-06
95	8.25632e-06
95.02	8.18278e-06
95.04	8.10992e-06
95.06	8.03775e-06
95.08	7.96625e-06
95.1	7.89543e-06
95.12	7.82527e-06
95.14	7.75577e-06
95.16	7.68691e-06
95.18	7.61871e-06
95.2	7.55114e-06
95.22	7.4842e-06
95.24	7.41789e-06
95.26	7.3522e-06
95.28	7.28713e-06
95.3	7.22266e-06
95.32	7.15879e-06
95.34	7.09552e-06
95.36	7.03284e-06
95.38	6.97075e-06
95.4	6.90923e-06
95.42	6.84829e-06
95.44	6.78791e-06
95.46	6.7281e-06
95.48	6.66884e-06
95.5	6.61014e-06
95.52	6.55198e-06
95.54	6.49436e-06
95.56	6.43728e-06
95.58	6.38073e-06
95.6	6.3247e-06
95.62	6.2692e-06
95.64	6.2142e-06
95.66	6.15972e-06
95.68	6.10574e-06
95.7	6.05227e-06
95.72	5.99928e-06
95.74	5.94679e-06
95.76	5.89479e-06
95.78	5.84326e-06
95.8	5.79222e-06
95.82	5.74164e-06
95.84	5.69153e-06
95.86	5.64188e-06
95.88	5.5927e-06
95.9	5.54396e-06
95.92	5.49568e-06
95.94	5.44784e-06
95.96	5.40044e-06
95.98	5.35348e-06
96	5.30695e-06
96.02	5.26085e-06
96.04	5.21517e-06
96.06	5.16991e-06
96.08	5.12507e-06
96.1	5.08064e-06
96.12	5.03662e-06
96.14	4.993e-06
96.16	4.94979e-06
96.18	4.90697e-06
96.2	4.86454e-06
96.22	4.8225e-06
96.24	4.78085e-06
96.26	4.73957e-06
96.28	4.69868e-06
96.3	4.65816e-06
96.32	4.61801e-06
96.34	4.57823e-06
96.36	4.53881e-06
96.38	4.49975e-06
96.4	4.46105e-06
96.42	4.4227e-06
96.44	4.3847e-06
96.46	4.34705e-06
96.48	4.30974e-06
96.5	4.27277e-06
96.52	4.23613e-06
96.54	4.19984e-06
96.56	4.16387e-06
96.58	4.12823e-06
96.6	4.09291e-06
96.62	4.05791e-06
96.64	4.02323e-06
96.66	3.98887e-06
96.68	3.95482e-06
96.7	3.92108e-06
96.72	3.88764e-06
96.74	3.85451e-06
96.76	3.82167e-06
96.78	3.78914e-06
96.8	3.7569e-06
96.82	3.72495e-06
96.84	3.69329e-06
96.86	3.66192e-06
96.88	3.63083e-06
96.9	3.60002e-06
96.92	3.56949e-06
96.94	3.53923e-06
96.96	3.50925e-06
96.98	3.47954e-06
97	3.4501e-06
97.02	3.42092e-06
97.04	3.392e-06
97.06	3.36335e-06
97.08	3.33495e-06
97.1	3.30681e-06
97.12	3.27893e-06
97.14	3.25129e-06
97.16	3.2239e-06
97.18	3.19676e-06
97.2	3.16986e-06
97.22	3.14321e-06
97.24	3.11679e-06
97.26	3.09061e-06
97.28	3.06466e-06
97.3	3.03895e-06
97.32	3.01347e-06
97.34	2.98821e-06
97.36	2.96319e-06
97.38	2.93838e-06
97.4	2.9138e-06
97.42	2.88944e-06
97.44	2.86529e-06
97.46	2.84136e-06
97.48	2.81765e-06
97.5	2.79415e-06
97.52	2.77085e-06
97.54	2.74777e-06
97.56	2.72489e-06
97.58	2.70221e-06
97.6	2.67974e-06
97.62	2.65746e-06
97.64	2.63539e-06
97.66	2.61351e-06
97.68	2.59183e-06
97.7	2.57034e-06
97.72	2.54904e-06
97.74	2.52792e-06
97.76	2.507e-06
97.78	2.48626e-06
97.8	2.46571e-06
97.82	2.44534e-06
97.84	2.42515e-06
97.86	2.40514e-06
97.88	2.3853e-06
97.9	2.36564e-06
97.92	2.34616e-06
97.94	2.32685e-06
97.96	2.30771e-06
97.98	2.28874e-06
98	2.26993e-06
98.02	2.25129e-06
98.04	2.23282e-06
98.06	2.21451e-06
98.08	2.19636e-06
98.1	2.17837e-06
98.12	2.16054e-06
98.14	2.14287e-06
98.16	2.12536e-06
98.18	2.10799e-06
98.2	2.09078e-06
98.22	2.07373e-06
98.24	2.05682e-06
98.26	2.04006e-06
98.28	2.02345e-06
98.3	2.00698e-06
98.32	1.99066e-06
98.34	1.97448e-06
98.36	1.95845e-06
98.38	1.94255e-06
98.4	1.9268e-06
98.42	1.91118e-06
98.44	1.8957e-06
98.46	1.88035e-06
98.48	1.86514e-06
98.5	1.85006e-06
98.52	1.83512e-06
98.54	1.8203e-06
98.56	1.80562e-06
98.58	1.79106e-06
98.6	1.77663e-06
98.62	1.76233e-06
98.64	1.74815e-06
98.66	1.73409e-06
98.68	1.72016e-06
98.7	1.70635e-06
98.72	1.69266e-06
98.74	1.67909e-06
98.76	1.66564e-06
98.78	1.6523e-06
98.8	1.63908e-06
98.82	1.62597e-06
98.84	1.61298e-06
98.86	1.6001e-06
98.88	1.58734e-06
98.9	1.57468e-06
98.92	1.56214e-06
98.94	1.5497e-06
98.96	1.53737e-06
98.98	1.52515e-06
99	1.51303e-06
99.02	1.50102e-06
99.04	1.48911e-06
99.06	1.47731e-06
99.08	1.46561e-06
99.1	1.454e-06
99.12	1.4425e-06
99.14	1.4311e-06
99.16	1.4198e-06
99.18	1.40859e-06
99.2	1.39749e-06
99.22	1.38647e-06
99.24	1.37555e-06
99.26	1.36473e-06
99.28	1.354e-06
99.3	1.34336e-06
99.32	1.33282e-06
99.34	1.32236e-06
99.36	1.31199e-06
99.38	1.30172e-06
99.4	1.29153e-06
99.42	1.28143e-06
99.44	1.27141e-06
99.46	1.26148e-06
99.48	1.25164e-06
99.5	1.24188e-06
99.52	1.23221e-06
99.54	1.22262e-06
99.56	1.21311e-06
99.58	1.20368e-06
99.6	1.19433e-06
99.62	1.18506e-06
99.64	1.17587e-06
99.66	1.16676e-06
99.68	1.15773e-06
99.7	1.14878e-06
99.72	1.1399e-06
99.74	1.13109e-06
99.76	1.12237e-06
99.78	1.11371e-06
99.8	1.10513e-06
99.82	1.09663e-06
99.84	1.08819e-06
99.86	1.07983e-06
99.88	1.07154e-06
99.9	1.06332e-06
99.92	1.05517e-06
99.94	1.04709e-06
99.96	1.03907e-06
99.98	1.03113e-06
100	1.02325e-06
100.02	1.01544e-06
100.04	1.0077e-06
100.06	1.00002e-06
100.08	9.92406e-07
100.1	9.84857e-07
100.12	9.77372e-07
100.14	9.6995e-07
100.16	9.62591e-07
100.18	9.55295e-07
100.2	9.4806e-07
100.22	9.40886e-07
100.24	9.33773e-07
100.26	9.2672e-07
100.28	9.19727e-07
100.3	9.12792e-07
100.32	9.05916e-07
100.34	8.99098e-07
100.36	8.92337e-07
100.38	8.85634e-07
100.4	8.78986e-07
100.42	8.72395e-07
100.44	8.65859e-07
100.46	8.59379e-07
100.48	8.52952e-07
100.5	8.4658e-07
100.52	8.40261e-07
100.54	8.33995e-07
100.56	8.27782e-07
100.58	8.21621e-07
100.6	8.15511e-07
100.62	8.09453e-07
100.64	8.03445e-07
100.66	7.97488e-07
100.68	7.91581e-07
100.7	7.85723e-07
100.72	7.79914e-07
100.74	7.74154e-07
100.76	7.68441e-07
100.78	7.62777e-07
100.8	7.5716e-07
100.82	7.51589e-07
100.84	7.46065e-07
100.86	7.40587e-07
100.88	7.35155e-07
100.9	7.29768e-07
100.92	7.24426e-07
100.94	7.19129e-07
100.96	7.13875e-07
100.98	7.08666e-07
101	7.03499e-07
101.02	6.98376e-07
101.04	6.93295e-07
101.06	6.88256e-07
101.08	6.83259e-07
101.1	6.78304e-07
101.12	6.73389e-07
101.14	6.68516e-07
101.16	6.63683e-07
101.18	6.58889e-07
101.2	6.54136e-07
101.22	6.49422e-07
101.24	6.44747e-07
101.26	6.4011e-07
101.28	6.35512e-07
101.3	6.30952e-07
101.32	6.2643e-07
101.34	6.21945e-07
101.36	6.17497e-07
101.38	6.13086e-07
101.4	6.08711e-07
101.42	6.04372e-07
101.44	6.00069e-07
101.46	5.95801e-07
101.48	5.91569e-07
101.5	5.87371e-07
101.52	5.83208e-07
101.54	5.79079e-07
101.56	5.74984e-07
101.58	5.70923e-07
101.6	5.66895e-07
101.62	5.62901e-07
101.64	5.58939e-07
101.66	5.55009e-07
101.68	5.51112e-07
101.7	5.47247e-07
101.72	5.43414e-07
101.74	5.39612e-07
101.76	5.35841e-07
101.78	5.32101e-07
101.8	5.28391e-07
101.82	5.24712e-07
101.84	5.21063e-07
101.86	5.17444e-07
101.88	5.13855e-07
101.9	5.10295e-07
101.92	5.06764e-07
101.94	5.03262e-07
101.96	4.99788e-07
101.98	4.96343e-07
102	4.92926e-07
102.02	4.89536e-07
102.04	4.86175e-07
102.06	4.8284e-07
102.08	4.79533e-07
102.1	4.76253e-07
102.12	4.73e-07
102.14	4.69773e-07
102.16	4.66572e-07
102.18	4.63398e-07
102.2	4.60249e-07
102.22	4.57126e-07
102.24	4.54028e-07
102.26	4.50955e-07
102.28	4.47908e-07
102.3	4.44885e-07
102.32	4.41887e-07
102.34	4.38913e-07
102.36	4.35963e-07
102.38	4.33037e-07
102.4	4.30134e-07
102.42	4.27256e-07
102.44	4.244e-07
102.46	4.21568e-07
102.48	4.18759e-07
102.5	4.15972e-07
102.52	4.13208e-07
102.54	4.10467e-07
102.56	4.07747e-07
102.58	4.0505e-07
102.6	4.02374e-07
102.62	3.9972e-07
102.64	3.97088e-07
102.66	3.94477e-07
102.68	3.91887e-07
102.7	3.89317e-07
102.72	3.86769e-07
102.74	3.84241e-07
102.76	3.81734e-07
102.78	3.79246e-07
102.8	3.76779e-07
102.82	3.74332e-07
102.84	3.71905e-07
102.86	3.69497e-07
102.88	3.67108e-07
102.9	3.64739e-07
102.92	3.62389e-07
102.94	3.60058e-07
102.96	3.57745e-07
102.98	3.55452e-07
103	3.53176e-07
103.02	3.50919e-07
103.04	3.48681e-07
103.06	3.4646e-07
103.08	3.44257e-07
103.1	3.42072e-07
103.12	3.39904e-07
103.14	3.37754e-07
103.16	3.35622e-07
103.18	3.33506e-07
103.2	3.31407e-07
103.22	3.29326e-07
103.24	3.27261e-07
103.26	3.25213e-07
103.28	3.23181e-07
103.3	3.21165e-07
103.32	3.19166e-07
103.34	3.17183e-07
103.36	3.15216e-07
103.38	3.13264e-07
103.4	3.11329e-07
103.42	3.09408e-07
103.44	3.07504e-07
103.46	3.05615e-07
103.48	3.0374e-07
103.5	3.01881e-07
103.52	3.00037e-07
103.54	2.98208e-07
103.56	2.96394e-07
103.58	2.94594e-07
103.6	2.92808e-07
103.62	2.91037e-07
103.64	2.89281e-07
103.66	2.87538e-07
103.68	2.85809e-07
103.7	2.84095e-07
103.72	2.82394e-07
103.74	2.80707e-07
103.76	2.79033e-07
103.78	2.77373e-07
103.8	2.75727e-07
103.82	2.74094e-07
103.84	2.72473e-07
103.86	2.70866e-07
103.88	2.69272e-07
103.9	2.67691e-07
103.92	2.66123e-07
103.94	2.64567e-07
103.96	2.63024e-07
103.98	2.61493e-07
104	2.59975e-07
104.02	2.58469e-07
104.04	2.56975e-07
104.06	2.55494e-07
104.08	2.54024e-07
104.1	2.52567e-07
104.12	2.51121e-07
104.14	2.49687e-07
104.16	2.48264e-07
104.18	2.46853e-07
104.2	2.45454e-07
104.22	2.44066e-07
104.24	2.42689e-07
104.26	2.41324e-07
104.28	2.39969e-07
104.3	2.38626e-07
104.32	2.37294e-07
104.34	2.35972e-07
104.36	2.34662e-07
104.38	2.33362e-07
104.4	2.32073e-07
104.42	2.30794e-07
104.44	2.29526e-07
104.46	2.28269e-07
104.48	2.27021e-07
104.5	2.25784e-07
104.52	2.24558e-07
104.54	2.23341e-07
104.56	2.22134e-07
104.58	2.20938e-07
104.6	2.19751e-07
104.62	2.18574e-07
104.64	2.17407e-07
104.66	2.1625e-07
104.68	2.15102e-07
104.7	2.13964e-07
104.72	2.12835e-07
104.74	2.11716e-07
104.76	2.10606e-07
104.78	2.09506e-07
104.8	2.08415e-07
104.82	2.07333e-07
104.84	2.0626e-07
104.86	2.05196e-07
104.88	2.04141e-07
104.9	2.03095e-07
104.92	2.02058e-07
104.94	2.0103e-07
104.96	2.00011e-07
104.98	1.99e-07
105	1.97998e-07
105.02	1.97005e-07
105.04	1.9602e-07
105.06	1.95043e-07
105.08	1.94076e-07
105.1	1.93116e-07
105.12	1.92165e-07
105.14	1.91222e-07
105.16	1.90288e-07
105.18	1.89361e-07
105.2	1.88443e-07
105.22	1.87533e-07
105.24	1.86631e-07
105.26	1.85737e-07
105.28	1.84851e-07
105.3	1.83972e-07
105.32	1.83102e-07
105.34	1.8224e-07
105.36	1.81385e-07
105.38	1.80538e-07
105.4	1.79699e-07
105.42	1.78867e-07
105.44	1.78043e-07
105.46	1.77227e-07
105.48	1.76418e-07
105.5	1.75617e-07
105.52	1.74823e-07
105.54	1.74036e-07
105.56	1.73257e-07
105.58	1.72486e-07
105.6	1.71722e-07
105.62	1.70965e-07
105.64	1.70215e-07
105.66	1.69473e-07
105.68	1.68738e-07
105.7	1.6801e-07
105.72	1.67289e-07
105.74	1.66575e-07
105.76	1.65869e-07
105.78	1.65169e-07
105.8	1.64477e-07
105.82	1.63791e-07
105.84	1.63113e-07
105.86	1.62442e-07
105.88	1.61778e-07
105.9	1.6112e-07
105.92	1.6047e-07
105.94	1.59827e-07
105.96	1.5919e-07
105.98	1.58561e-07
106	1.57938e-07
106.02	1.57322e-07
106.04	1.56713e-07
106.06	1.56111e-07
106.08	1.55516e-07
106.1	1.54928e-07
106.12	1.54347e-07
106.14	1.53772e-07
106.16	1.53205e-07
106.18	1.52644e-07
106.2	1.5209e-07
106.22	1.51543e-07
106.24	1.51003e-07
106.26	1.5047e-07
106.28	1.49944e-07
106.3	1.49424e-07
106.32	1.48912e-07
106.34	1.48407e-07
106.36	1.47908e-07
106.38	1.47417e-07
106.4	1.46933e-07
106.42	1.46456e-07
106.44	1.45986e-07
106.46	1.45523e-07
106.48	1.45067e-07
106.5	1.44619e-07
106.52	1.44178e-07
106.54	1.43744e-07
106.56	1.43318e-07
106.58	1.42899e-07
106.6	1.42488e-07
106.62	1.42085e-07
106.64	1.41689e-07
106.66	1.41301e-07
106.68	1.40921e-07
106.7	1.40549e-07
106.72	1.40185e-07
106.74	1.3983e-07
106.76	1.39483e-07
106.78	1.39144e-07
106.8	1.38815e-07
106.82	1.38494e-07
106.84	1.38182e-07
106.86	1.3788e-07
106.88	1.37587e-07
106.9	1.37304e-07
106.92	1.37031e-07
106.94	1.36768e-07
106.96	1.36517e-07
106.98	1.36276e-07
107	1.36047e-07
107.02	1.35829e-07
107.04	1.35624e-07
107.06	1.35433e-07
107.08	1.35254e-07
107.1	1.35091e-07
107.12	1.34942e-07
107.14	1.3481e-07
107.16	1.34695e-07
107.18	1.34599e-07
107.2	1.34523e-07
107.22	1.34468e-07
107.24	1.34439e-07
107.26	1.34436e-07
107.28	1.34464e-07
107.3	1.34527e-07
107.32	1.34631e-07
107.34	1.34786e-07
107.36	1.35003e-07
107.38	1.35304e-07
107.4	1.35724e-07
107.42	1.36336e-07
107.44	1.37314e-07
107.46	1.39134e-07
107.48	1.43407e-07
107.5	1.52764e-07
107.52	1.7003e-07
107.54	2.00058e-07
107.56	2.51492e-07
107.58	3.37185e-07
107.6	4.7754e-07
107.62	7.07454e-07
107.64	1.08091e-06
107.66	1.66731e-06
107.68	2.53823e-06
107.7	3.74178e-06
107.72	5.27804e-06
107.74	7.10454e-06
107.76	9.16278e-06
107.78	1.13952e-05
107.8	1.37499e-05
107.82	1.61812e-05
107.84	1.86499e-05
107.86	2.11239e-05
107.88	2.3577e-05
107.9	2.5989e-05
107.92	2.83441e-05
107.94	3.06304e-05
107.96	3.28394e-05
107.98	3.49649e-05
108	3.70028e-05
108.02	3.89509e-05
108.04	4.08082e-05
108.06	4.2575e-05
108.08	4.42523e-05
108.1	4.58418e-05
108.12	4.73457e-05
108.14	4.87665e-05
108.16	5.01072e-05
108.18	5.13706e-05
108.2	5.25598e-05
108.22	5.3678e-05
108.24	5.47282e-05
108.26	5.57135e-05
108.28	5.66369e-05
108.3	5.75014e-05
108.32	5.83098e-05
108.34	5.90649e-05
108.36	5.97691e-05
108.38	6.04252e-05
108.4	6.10355e-05
108.42	6.16023e-05
108.44	6.21279e-05
108.46	6.26142e-05
108.48	6.30633e-05
108.5	6.34771e-05
108.52	6.38574e-05
108.54	6.42059e-05
108.56	6.45241e-05
108.58	6.48137e-05
108.6	6.50761e-05
108.62	6.53126e-05
108.64	6.55245e-05
108.66	6.57131e-05
108.68	6.58795e-05
108.7	6.60248e-05
108.72	6.61499e-05
108.74	6.6256e-05
108.76	6.63439e-05
108.78	6.64144e-05
108.8	6.64684e-05
108.82	6.65065e-05
108.84	6.65297e-05
108.86	6.65384e-05
108.88	6.65333e-05
108.9	6.6515e-05
108.92	6.64841e-05
108.94	6.64411e-05
108.96	6.63865e-05
108.98	6.63207e-05
109	6.62442e-05
109.02	6.61573e-05
109.04	6.60605e-05
109.06	6.59541e-05
109.08	6.58384e-05
109.1	6.57138e-05
109.12	6.55805e-05
109.14	6.54389e-05
109.16	6.52891e-05
109.18	6.51315e-05
109.2	6.49662e-05
109.22	6.47936e-05
109.24	6.46137e-05
109.26	6.44269e-05
109.28	6.42333e-05
109.3	6.40331e-05
109.32	6.38265e-05
109.34	6.36136e-05
109.36	6.33946e-05
109.38	6.31697e-05
109.4	6.29391e-05
109.42	6.27028e-05
109.44	6.2461e-05
109.46	6.2214e-05
109.48	6.19617e-05
109.5	6.17045e-05
109.52	6.14423e-05
109.54	6.11754e-05
109.56	6.09038e-05
109.58	6.06277e-05
109.6	6.03473e-05
109.62	6.00626e-05
109.64	5.97739e-05
109.66	5.94811e-05
109.68	5.91845e-05
109.7	5.88842e-05
109.72	5.85804e-05
109.74	5.8273e-05
109.76	5.79623e-05
109.78	5.76485e-05
109.8	5.73315e-05
109.82	5.70116e-05
109.84	5.66888e-05
109.86	5.63634e-05
109.88	5.60354e-05
109.9	5.57049e-05
109.92	5.53721e-05
109.94	5.5037e-05
109.96	5.46999e-05
109.98	5.43608e-05
110	5.40199e-05
110.02	5.36772e-05
110.04	5.33329e-05
110.06	5.29871e-05
110.08	5.26399e-05
110.1	5.22914e-05
110.12	5.19418e-05
110.14	5.15911e-05
110.16	5.12395e-05
110.18	5.0887e-05
110.2	5.05338e-05
110.22	5.01799e-05
110.24	4.98256e-05
110.26	4.94707e-05
110.28	4.91156e-05
110.3	4.87602e-05
110.32	4.84047e-05
110.34	4.80492e-05
110.36	4.76936e-05
110.38	4.73382e-05
110.4	4.6983e-05
110.42	4.66282e-05
110.44	4.62736e-05
110.46	4.59196e-05
110.48	4.55661e-05
110.5	4.52131e-05
110.52	4.48609e-05
110.54	4.45094e-05
110.56	4.41588e-05
110.58	4.3809e-05
110.6	4.34602e-05
110.62	4.31124e-05
110.64	4.27657e-05
110.66	4.24201e-05
110.68	4.20757e-05
110.7	4.17326e-05
110.72	4.13907e-05
110.74	4.10502e-05
110.76	4.07111e-05
110.78	4.03734e-05
110.8	4.00373e-05
110.82	3.97026e-05
110.84	3.93696e-05
110.86	3.90381e-05
110.88	3.87083e-05
110.9	3.83801e-05
110.92	3.80537e-05
110.94	3.7729e-05
110.96	3.74061e-05
110.98	3.70851e-05
111	3.67658e-05
111.02	3.64484e-05
111.04	3.61329e-05
111.06	3.58193e-05
111.08	3.55077e-05
111.1	3.51979e-05
111.12	3.48902e-05
111.14	3.45844e-05
111.16	3.42807e-05
111.18	3.39789e-05
111.2	3.36792e-05
111.22	3.33816e-05
111.24	3.3086e-05
111.26	3.27924e-05
111.28	3.25009e-05
111.3	3.22115e-05
111.32	3.19242e-05
111.34	3.1639e-05
111.36	3.13559e-05
111.38	3.10749e-05
111.4	3.07961e-05
111.42	3.05193e-05
111.44	3.02446e-05
111.46	2.99721e-05
111.48	2.97017e-05
111.5	2.94334e-05
111.52	2.91672e-05
111.54	2.89031e-05
111.56	2.86411e-05
111.58	2.83813e-05
111.6	2.81235e-05
111.62	2.78679e-05
111.64	2.76143e-05
111.66	2.73628e-05
111.68	2.71134e-05
111.7	2.68661e-05
111.72	2.66209e-05
111.74	2.63777e-05
111.76	2.61366e-05
111.78	2.58975e-05
111.8	2.56605e-05
111.82	2.54255e-05
111.84	2.51926e-05
111.86	2.49616e-05
111.88	2.47327e-05
111.9	2.45057e-05
111.92	2.42807e-05
111.94	2.40578e-05
111.96	2.38367e-05
111.98	2.36177e-05
112	2.34005e-05
112.02	2.31853e-05
112.04	2.29721e-05
112.06	2.27607e-05
112.08	2.25512e-05
112.1	2.23436e-05
112.12	2.21379e-05
112.14	2.1934e-05
112.16	2.1732e-05
112.18	2.15318e-05
112.2	2.13335e-05
112.22	2.11369e-05
112.24	2.09422e-05
112.26	2.07492e-05
112.28	2.0558e-05
112.3	2.03686e-05
112.32	2.01809e-05
112.34	1.99949e-05
112.36	1.98107e-05
112.38	1.96282e-05
112.4	1.94473e-05
112.42	1.92681e-05
112.44	1.90906e-05
112.46	1.89148e-05
112.48	1.87406e-05
112.5	1.8568e-05
112.52	1.8397e-05
112.54	1.82276e-05
112.56	1.80598e-05
112.58	1.78936e-05
112.6	1.7729e-05
112.62	1.75658e-05
112.64	1.74043e-05
112.66	1.72442e-05
112.68	1.70856e-05
112.7	1.69286e-05
112.72	1.6773e-05
112.74	1.66189e-05
112.76	1.64662e-05
112.78	1.6315e-05
112.8	1.61652e-05
112.82	1.60168e-05
112.84	1.58699e-05
112.86	1.57243e-05
112.88	1.55801e-05
112.9	1.54373e-05
112.92	1.52958e-05
112.94	1.51556e-05
112.96	1.50168e-05
112.98	1.48793e-05
113	1.47432e-05
113.02	1.46083e-05
113.04	1.44746e-05
113.06	1.43423e-05
113.08	1.42112e-05
113.1	1.40814e-05
113.12	1.39527e-05
113.14	1.38254e-05
113.16	1.36992e-05
113.18	1.35742e-05
113.2	1.34504e-05
113.22	1.33278e-05
113.24	1.32063e-05
113.26	1.3086e-05
113.28	1.29669e-05
113.3	1.28489e-05
113.32	1.2732e-05
113.34	1.26162e-05
113.36	1.25015e-05
113.38	1.23879e-05
113.4	1.22754e-05
113.42	1.21639e-05
113.44	1.20535e-05
113.46	1.19442e-05
113.48	1.18359e-05
113.5	1.17286e-05
113.52	1.16224e-05
113.54	1.15171e-05
113.56	1.14129e-05
113.58	1.13096e-05
113.6	1.12073e-05
113.62	1.1106e-05
113.64	1.10057e-05
113.66	1.09063e-05
113.68	1.08078e-05
113.7	1.07103e-05
113.72	1.06137e-05
113.74	1.0518e-05
113.76	1.04233e-05
113.78	1.03294e-05
113.8	1.02364e-05
113.82	1.01443e-05
113.84	1.00531e-05
113.86	9.96268e-06
113.88	9.87316e-06
113.9	9.78448e-06
113.92	9.69664e-06
113.94	9.60964e-06
113.96	9.52345e-06
113.98	9.43808e-06
114	9.35351e-06
114.02	9.26974e-06
114.04	9.18676e-06
114.06	9.10457e-06
114.08	9.02314e-06
114.1	8.94249e-06
114.12	8.86259e-06
114.14	8.78345e-06
114.16	8.70505e-06
114.18	8.62739e-06
114.2	8.55046e-06
114.22	8.47425e-06
114.24	8.39875e-06
114.26	8.32397e-06
114.28	8.24989e-06
114.3	8.1765e-06
114.32	8.10381e-06
114.34	8.03179e-06
114.36	7.96045e-06
114.38	7.88978e-06
114.4	7.81977e-06
114.42	7.75041e-06
114.44	7.6817e-06
114.46	7.61364e-06
114.48	7.54621e-06
114.5	7.47942e-06
114.52	7.41324e-06
114.54	7.34769e-06
114.56	7.28275e-06
114.58	7.21841e-06
114.6	7.15468e-06
114.62	7.09153e-06
114.64	7.02898e-06
114.66	6.96701e-06
114.68	6.90562e-06
114.7	6.8448e-06
114.72	6.78454e-06
114.74	6.72485e-06
114.76	6.66571e-06
114.78	6.60711e-06
114.8	6.54907e-06
114.82	6.49156e-06
114.84	6.43459e-06
114.86	6.37814e-06
114.88	6.32222e-06
114.9	6.26682e-06
114.92	6.21193e-06
114.94	6.15755e-06
114.96	6.10367e-06
114.98	6.05029e-06
115	5.99741e-06
115.02	5.94501e-06
115.04	5.8931e-06
115.06	5.84167e-06
115.08	5.79071e-06
115.1	5.74023e-06
115.12	5.69021e-06
115.14	5.64065e-06
115.16	5.59154e-06
115.18	5.5429e-06
115.2	5.49469e-06
115.22	5.44694e-06
115.24	5.39962e-06
115.26	5.35274e-06
115.28	5.30628e-06
115.3	5.26026e-06
115.32	5.21466e-06
115.34	5.16948e-06
115.36	5.12471e-06
115.38	5.08035e-06
115.4	5.0364e-06
115.42	4.99286e-06
115.44	4.94971e-06
115.46	4.90696e-06
115.48	4.8646e-06
115.5	4.82262e-06
115.52	4.78103e-06
115.54	4.73983e-06
115.56	4.69899e-06
115.58	4.65854e-06
115.6	4.61845e-06
115.62	4.57872e-06
115.64	4.53936e-06
115.66	4.50036e-06
115.68	4.46172e-06
115.7	4.42343e-06
115.72	4.38548e-06
115.74	4.34788e-06
115.76	4.31063e-06
115.78	4.27371e-06
115.8	4.23713e-06
115.82	4.20088e-06
115.84	4.16496e-06
115.86	4.12937e-06
115.88	4.0941e-06
115.9	4.05915e-06
115.92	4.02452e-06
115.94	3.99021e-06
115.96	3.9562e-06
115.98	3.9225e-06
116	3.88911e-06
116.02	3.85602e-06
116.04	3.82323e-06
116.06	3.79073e-06
116.08	3.75853e-06
116.1	3.72663e-06
116.12	3.69501e-06
116.14	3.66367e-06
116.16	3.63262e-06
116.18	3.60185e-06
116.2	3.57135e-06
116.22	3.54114e-06
116.24	3.51119e-06
116.26	3.48151e-06
116.28	3.45211e-06
116.3	3.42296e-06
116.32	3.39408e-06
116.34	3.36546e-06
116.36	3.33709e-06
116.38	3.30899e-06
116.4	3.28113e-06
116.42	3.25352e-06
116.44	3.22616e-06
116.46	3.19905e-06
116.48	3.17218e-06
116.5	3.14555e-06
116.52	3.11916e-06
116.54	3.09301e-06
116.56	3.06709e-06
116.58	3.0414e-06
116.6	3.01595e-06
116.62	2.99072e-06
116.64	2.96571e-06
116.66	2.94093e-06
116.68	2.91638e-06
116.7	2.89204e-06
116.72	2.86792e-06
116.74	2.84401e-06
116.76	2.82032e-06
116.78	2.79683e-06
116.8	2.77356e-06
116.82	2.7505e-06
116.84	2.72764e-06
116.86	2.70498e-06
116.88	2.68253e-06
116.9	2.66027e-06
116.92	2.63821e-06
116.94	2.61635e-06
116.96	2.59469e-06
116.98	2.57321e-06
117	2.55193e-06
117.02	2.53084e-06
117.04	2.50993e-06
117.06	2.48921e-06
117.08	2.46867e-06
117.1	2.44831e-06
117.12	2.42814e-06
117.14	2.40814e-06
117.16	2.38832e-06
117.18	2.36867e-06
117.2	2.3492e-06
117.22	2.3299e-06
117.24	2.31078e-06
117.26	2.29182e-06
117.28	2.27303e-06
117.3	2.2544e-06
117.32	2.23594e-06
117.34	2.21764e-06
117.36	2.1995e-06
117.38	2.18152e-06
117.4	2.16371e-06
117.42	2.14604e-06
117.44	2.12854e-06
117.46	2.11118e-06
117.48	2.09398e-06
117.5	2.07693e-06
117.52	2.06004e-06
117.54	2.04329e-06
117.56	2.02668e-06
117.58	2.01022e-06
117.6	1.99391e-06
117.62	1.97774e-06
117.64	1.96171e-06
117.66	1.94582e-06
117.68	1.93008e-06
117.7	1.91447e-06
117.72	1.89899e-06
117.74	1.88365e-06
117.76	1.86845e-06
117.78	1.85338e-06
117.8	1.83844e-06
117.82	1.82363e-06
117.84	1.80895e-06
117.86	1.79439e-06
117.88	1.77997e-06
117.9	1.76567e-06
117.92	1.7515e-06
117.94	1.73745e-06
117.96	1.72352e-06
117.98	1.70971e-06
118	1.69602e-06
118.02	1.68245e-06
118.04	1.669e-06
118.06	1.65567e-06
118.08	1.64245e-06
118.1	1.62935e-06
118.12	1.61636e-06
118.14	1.60349e-06
118.16	1.59072e-06
118.18	1.57807e-06
118.2	1.56553e-06
118.22	1.55309e-06
118.24	1.54076e-06
118.26	1.52854e-06
118.28	1.51643e-06
118.3	1.50442e-06
118.32	1.49251e-06
118.34	1.48071e-06
118.36	1.46901e-06
118.38	1.45741e-06
118.4	1.44591e-06
118.42	1.43451e-06
118.44	1.4232e-06
118.46	1.412e-06
118.48	1.40089e-06
118.5	1.38988e-06
118.52	1.37896e-06
118.54	1.36814e-06
118.56	1.35741e-06
118.58	1.34677e-06
118.6	1.33622e-06
118.62	1.32576e-06
118.64	1.3154e-06
118.66	1.30512e-06
118.68	1.29493e-06
118.7	1.28483e-06
118.72	1.27481e-06
118.74	1.26488e-06
118.76	1.25504e-06
118.78	1.24528e-06
118.8	1.2356e-06
118.82	1.22601e-06
118.84	1.2165e-06
118.86	1.20707e-06
118.88	1.19772e-06
118.9	1.18845e-06
118.92	1.17926e-06
118.94	1.17015e-06
118.96	1.16111e-06
118.98	1.15215e-06
119	1.14327e-06
119.02	1.13447e-06
119.04	1.12574e-06
119.06	1.11708e-06
119.08	1.1085e-06
119.1	1.09999e-06
119.12	1.09156e-06
119.14	1.08319e-06
119.16	1.0749e-06
119.18	1.06667e-06
119.2	1.05852e-06
119.22	1.05044e-06
119.24	1.04242e-06
119.26	1.03447e-06
119.28	1.02659e-06
119.3	1.01878e-06
119.32	1.01103e-06
119.34	1.00335e-06
119.36	9.95734e-07
119.38	9.88182e-07
119.4	9.80693e-07
119.42	9.73268e-07
119.44	9.65906e-07
119.46	9.58606e-07
119.48	9.51367e-07
119.5	9.4419e-07
119.52	9.37073e-07
119.54	9.30017e-07
119.56	9.2302e-07
119.58	9.16081e-07
119.6	9.09201e-07
119.62	9.0238e-07
119.64	8.95615e-07
119.66	8.88908e-07
119.68	8.82256e-07
119.7	8.75661e-07
119.72	8.69121e-07
119.74	8.62637e-07
119.76	8.56206e-07
119.78	8.4983e-07
119.8	8.43507e-07
119.82	8.37237e-07
119.84	8.3102e-07
119.86	8.24854e-07
119.88	8.18741e-07
119.9	8.12678e-07
119.92	8.06666e-07
119.94	8.00705e-07
119.96	7.94793e-07
119.98	7.88931e-07
120	7.83118e-07
120.02	7.77353e-07
120.04	7.71637e-07
120.06	7.65968e-07
120.08	7.60346e-07
120.1	7.54772e-07
120.12	7.49243e-07
120.14	7.43761e-07
120.16	7.38325e-07
120.18	7.32933e-07
120.2	7.27587e-07
120.22	7.22285e-07
120.24	7.17027e-07
120.26	7.11813e-07
120.28	7.06642e-07
120.3	7.01514e-07
120.32	6.96428e-07
120.34	6.91385e-07
120.36	6.86384e-07
120.38	6.81424e-07
120.4	6.76505e-07
120.42	6.71627e-07
120.44	6.66789e-07
120.46	6.61992e-07
120.48	6.57234e-07
120.5	6.52515e-07
120.52	6.47836e-07
120.54	6.43195e-07
120.56	6.38592e-07
120.58	6.34027e-07
120.6	6.29501e-07
120.62	6.25011e-07
120.64	6.20559e-07
120.66	6.16143e-07
120.68	6.11763e-07
120.7	6.0742e-07
120.72	6.03112e-07
120.74	5.9884e-07
120.76	5.94603e-07
120.78	5.90401e-07
120.8	5.86234e-07
120.82	5.82101e-07
120.84	5.78001e-07
120.86	5.73936e-07
120.88	5.69903e-07
120.9	5.65904e-07
120.92	5.61938e-07
120.94	5.58004e-07
120.96	5.54103e-07
120.98	5.50233e-07
121	5.46395e-07
121.02	5.42589e-07
121.04	5.38813e-07
121.06	5.35069e-07
121.08	5.31355e-07
121.1	5.27672e-07
121.12	5.24019e-07
121.14	5.20395e-07
121.16	5.16802e-07
121.18	5.13237e-07
121.2	5.09702e-07
121.22	5.06196e-07
121.24	5.02718e-07
121.26	4.99268e-07
121.28	4.95847e-07
121.3	4.92454e-07
121.32	4.89088e-07
121.34	4.85749e-07
121.36	4.82438e-07
121.38	4.79154e-07
121.4	4.75897e-07
121.42	4.72666e-07
121.44	4.69461e-07
121.46	4.66282e-07
121.48	4.6313e-07
121.5	4.60002e-07
121.52	4.56901e-07
121.54	4.53824e-07
121.56	4.50773e-07
121.58	4.47746e-07
121.6	4.44744e-07
121.62	4.41766e-07
121.64	4.38812e-07
121.66	4.35882e-07
121.68	4.32976e-07
121.7	4.30094e-07
121.72	4.27235e-07
121.74	4.24399e-07
121.76	4.21586e-07
121.78	4.18795e-07
121.8	4.16028e-07
121.82	4.13283e-07
121.84	4.1056e-07
121.86	4.07859e-07
121.88	4.0518e-07
121.9	4.02522e-07
121.92	3.99886e-07
121.94	3.97271e-07
121.96	3.94678e-07
121.98	3.92105e-07
122	3.89553e-07
122.02	3.87022e-07
122.04	3.84512e-07
122.06	3.82021e-07
122.08	3.79551e-07
122.1	3.771e-07
122.12	3.7467e-07
122.14	3.72258e-07
122.16	3.69867e-07
122.18	3.67495e-07
122.2	3.65141e-07
122.22	3.62807e-07
122.24	3.60492e-07
122.26	3.58195e-07
122.28	3.55917e-07
122.3	3.53657e-07
122.32	3.51415e-07
122.34	3.49192e-07
122.36	3.46986e-07
122.38	3.44798e-07
122.4	3.42628e-07
122.42	3.40475e-07
122.44	3.3834e-07
122.46	3.36222e-07
122.48	3.3412e-07
122.5	3.32036e-07
122.52	3.29969e-07
122.54	3.27918e-07
122.56	3.25884e-07
122.58	3.23866e-07
122.6	3.21864e-07
122.62	3.19879e-07
122.64	3.17909e-07
122.66	3.15956e-07
122.68	3.14018e-07
122.7	3.12096e-07
122.72	3.10189e-07
122.74	3.08297e-07
122.76	3.06421e-07
122.78	3.0456e-07
122.8	3.02714e-07
122.82	3.00883e-07
122.84	2.99067e-07
122.86	2.97265e-07
122.88	2.95478e-07
122.9	2.93705e-07
122.92	2.91947e-07
122.94	2.90203e-07
122.96	2.88472e-07
122.98	2.86756e-07
123	2.85054e-07
123.02	2.83365e-07
123.04	2.81691e-07
123.06	2.80029e-07
123.08	2.78381e-07
123.1	2.76747e-07
123.12	2.75126e-07
123.14	2.73517e-07
123.16	2.71922e-07
123.18	2.7034e-07
123.2	2.68771e-07
123.22	2.67214e-07
123.24	2.6567e-07
123.26	2.64138e-07
123.28	2.62619e-07
123.3	2.61113e-07
123.32	2.59618e-07
123.34	2.58136e-07
123.36	2.56666e-07
123.38	2.55208e-07
123.4	2.53761e-07
123.42	2.52327e-07
123.44	2.50904e-07
123.46	2.49493e-07
123.48	2.48093e-07
123.5	2.46705e-07
123.52	2.45328e-07
123.54	2.43963e-07
123.56	2.42609e-07
123.58	2.41265e-07
123.6	2.39933e-07
123.62	2.38612e-07
123.64	2.37302e-07
123.66	2.36003e-07
123.68	2.34714e-07
123.7	2.33436e-07
123.72	2.32168e-07
123.74	2.30911e-07
123.76	2.29665e-07
123.78	2.28428e-07
123.8	2.27202e-07
123.82	2.25987e-07
123.84	2.24781e-07
123.86	2.23586e-07
123.88	2.224e-07
123.9	2.21224e-07
123.92	2.20059e-07
123.94	2.18903e-07
123.96	2.17757e-07
123.98	2.1662e-07
124	2.15493e-07
124.02	2.14376e-07
124.04	2.13268e-07
124.06	2.12169e-07
124.08	2.1108e-07
124.1	2.1e-07
124.12	2.08929e-07
124.14	2.07867e-07
124.16	2.06815e-07
124.18	2.05772e-07
124.2	2.04737e-07
124.22	2.03712e-07
124.24	2.02695e-07
124.26	2.01687e-07
124.28	2.00688e-07
124.3	1.99698e-07
124.32	1.98716e-07
124.34	1.97743e-07
124.36	1.96779e-07
124.38	1.95823e-07
124.4	1.94875e-07
124.42	1.93936e-07
124.44	1.93005e-07
124.46	1.92083e-07
124.48	1.91169e-07
124.5	1.90263e-07
124.52	1.89365e-07
124.54	1.88476e-07
124.56	1.87594e-07
124.58	1.86721e-07
124.6	1.85855e-07
124.62	1.84998e-07
124.64	1.84148e-07
124.66	1.83306e-07
124.68	1.82473e-07
124.7	1.81647e-07
124.72	1.80828e-07
124.74	1.80018e-07
124.76	1.79215e-07
124.78	1.7842e-07
124.8	1.77633e-07
124.82	1.76853e-07
124.84	1.76081e-07
124.86	1.75316e-07
124.88	1.74559e-07
124.9	1.73809e-07
124.92	1.73067e-07
124.94	1.72333e-07
124.96	1.71605e-07
124.98	1.70885e-07
125	1.70173e-07
125.02	1.69468e-07
125.04	1.6877e-07
125.06	1.6808e-07
125.08	1.67396e-07
125.1	1.66721e-07
125.12	1.66052e-07
125.14	1.65391e-07
125.16	1.64737e-07
125.18	1.6409e-07
125.2	1.6345e-07
125.22	1.62818e-07
125.24	1.62193e-07
125.26	1.61575e-07
125.28	1.60964e-07
125.3	1.60361e-07
125.32	1.59765e-07
125.34	1.59175e-07
125.36	1.58594e-07
125.38	1.58019e-07
125.4	1.57452e-07
125.42	1.56892e-07
125.44	1.56339e-07
125.46	1.55794e-07
125.48	1.55255e-07
125.5	1.54725e-07
125.52	1.54201e-07
125.54	1.53685e-07
125.56	1.53176e-07
125.58	1.52675e-07
125.6	1.52182e-07
125.62	1.51696e-07
125.64	1.51217e-07
125.66	1.50746e-07
125.68	1.50283e-07
125.7	1.49828e-07
125.72	1.4938e-07
125.74	1.4894e-07
125.76	1.48509e-07
125.78	1.48085e-07
125.8	1.4767e-07
125.82	1.47262e-07
125.84	1.46864e-07
125.86	1.46473e-07
125.88	1.46092e-07
125.9	1.45719e-07
125.92	1.45355e-07
125.94	1.45e-07
125.96	1.44654e-07
125.98	1.44318e-07
126	1.43991e-07
126.02	1.43675e-07
126.04	1.43368e-07
126.06	1.43072e-07
126.08	1.42787e-07
126.1	1.42512e-07
126.12	1.4225e-07
126.14	1.41999e-07
126.16	1.4176e-07
126.18	1.41534e-07
126.2	1.41322e-07
126.22	1.41123e-07
126.24	1.4094e-07
126.26	1.40772e-07
126.28	1.4062e-07
126.3	1.40487e-07
126.32	1.40372e-07
126.34	1.40278e-07
126.36	1.40206e-07
126.38	1.40158e-07
126.4	1.40138e-07
126.42	1.40149e-07
126.44	1.40195e-07
126.46	1.40282e-07
126.48	1.40418e-07
126.5	1.40616e-07
126.52	1.40893e-07
126.54	1.41283e-07
126.56	1.41846e-07
126.58	1.42726e-07
126.6	1.44299e-07
126.62	1.47801e-07
126.64	1.55811e-07
126.66	1.71184e-07
126.68	1.98018e-07
126.7	2.44124e-07
126.72	3.21321e-07
126.74	4.47743e-07
126.76	6.54333e-07
126.78	9.90693e-07
126.8	1.52369e-06
126.82	2.32659e-06
126.84	3.45635e-06
126.86	4.92573e-06
126.88	6.70002e-06
126.9	8.72192e-06
126.92	1.09324e-05
126.94	1.32778e-05
126.96	1.57103e-05
126.98	1.81891e-05
127	2.068e-05
127.02	2.31554e-05
127.04	2.55935e-05
127.06	2.79776e-05
127.08	3.02947e-05
127.1	3.25356e-05
127.12	3.46935e-05
127.14	3.67639e-05
127.16	3.87442e-05
127.18	4.06331e-05
127.2	4.24307e-05
127.22	4.41379e-05
127.24	4.57561e-05
127.26	4.72876e-05
127.28	4.87349e-05
127.3	5.01008e-05
127.32	5.13882e-05
127.34	5.26002e-05
127.36	5.374e-05
127.38	5.48107e-05
127.4	5.58154e-05
127.42	5.67572e-05
127.44	5.76391e-05
127.46	5.84639e-05
127.48	5.92343e-05
127.5	5.99532e-05
127.52	6.0623e-05
127.54	6.12463e-05
127.56	6.18253e-05
127.58	6.23623e-05
127.6	6.28594e-05
127.62	6.33188e-05
127.64	6.37422e-05
127.66	6.41315e-05
127.68	6.44884e-05
127.7	6.48147e-05
127.72	6.51118e-05
127.74	6.53812e-05
127.76	6.56243e-05
127.78	6.58425e-05
127.8	6.60369e-05
127.82	6.62088e-05
127.84	6.63592e-05
127.86	6.64893e-05
127.88	6.65999e-05
127.9	6.6692e-05
127.92	6.67665e-05
127.94	6.68243e-05
127.96	6.6866e-05
127.98	6.68924e-05
128	6.69041e-05
128.02	6.6902e-05
128.04	6.68864e-05
128.06	6.6858e-05
128.08	6.68174e-05
128.1	6.6765e-05
128.12	6.67013e-05
128.14	6.66266e-05
128.16	6.65416e-05
128.18	6.64464e-05
128.2	6.63415e-05
128.22	6.62273e-05
128.24	6.6104e-05
128.26	6.59719e-05
128.28	6.58314e-05
128.3	6.56827e-05
128.32	6.5526e-05
128.34	6.53616e-05
128.36	6.51897e-05
128.38	6.50106e-05
128.4	6.48244e-05
128.42	6.46314e-05
128.44	6.44316e-05
128.46	6.42254e-05
128.48	6.40129e-05
128.5	6.37942e-05
128.52	6.35696e-05
128.54	6.33391e-05
128.56	6.31029e-05
128.58	6.28612e-05
128.6	6.26142e-05
128.62	6.23619e-05
128.64	6.21045e-05
128.66	6.18421e-05
128.68	6.1575e-05
128.7	6.13031e-05
128.72	6.10267e-05
128.74	6.07459e-05
128.76	6.04608e-05
128.78	6.01716e-05
128.8	5.98783e-05
128.82	5.95812e-05
128.84	5.92803e-05
128.86	5.89757e-05
128.88	5.86677e-05
128.9	5.83562e-05
128.92	5.80415e-05
128.94	5.77237e-05
128.96	5.74029e-05
128.98	5.70793e-05
129	5.67528e-05
129.02	5.64238e-05
129.04	5.60922e-05
129.06	5.57583e-05
129.08	5.54222e-05
129.1	5.50839e-05
129.12	5.47435e-05
129.14	5.44013e-05
129.16	5.40574e-05
129.18	5.37117e-05
129.2	5.33646e-05
129.22	5.3016e-05
129.24	5.26661e-05
129.26	5.2315e-05
129.28	5.19628e-05
129.3	5.16096e-05
129.32	5.12556e-05
129.34	5.09008e-05
129.36	5.05453e-05
129.38	5.01893e-05
129.4	4.98328e-05
129.42	4.9476e-05
129.44	4.91189e-05
129.46	4.87616e-05
129.48	4.84043e-05
129.5	4.8047e-05
129.52	4.76897e-05
129.54	4.73327e-05
129.56	4.6976e-05
129.58	4.66196e-05
129.6	4.62636e-05
129.62	4.59082e-05
129.64	4.55534e-05
129.66	4.51992e-05
129.68	4.48458e-05
129.7	4.44931e-05
129.72	4.41414e-05
129.74	4.37906e-05
129.76	4.34408e-05
129.78	4.3092e-05
129.8	4.27444e-05
129.82	4.2398e-05
129.84	4.20528e-05
129.86	4.17089e-05
129.88	4.13663e-05
129.9	4.10252e-05
129.92	4.06854e-05
129.94	4.03472e-05
129.96	4.00105e-05
129.98	3.96753e-05
130	3.93417e-05
130.02	3.90098e-05
130.04	3.86796e-05
130.06	3.83511e-05
130.08	3.80243e-05
130.1	3.76994e-05
130.12	3.73762e-05
130.14	3.70548e-05
130.16	3.67354e-05
130.18	3.64178e-05
130.2	3.61021e-05
130.22	3.57884e-05
130.24	3.54766e-05
130.26	3.51667e-05
130.28	3.48589e-05
130.3	3.45531e-05
130.32	3.42493e-05
130.34	3.39475e-05
130.36	3.36478e-05
130.38	3.33502e-05
130.4	3.30546e-05
130.42	3.27611e-05
130.44	3.24697e-05
130.46	3.21804e-05
130.48	3.18932e-05
130.5	3.16081e-05
130.52	3.13251e-05
130.54	3.10442e-05
130.56	3.07655e-05
130.58	3.04889e-05
130.6	3.02144e-05
130.62	2.9942e-05
130.64	2.96718e-05
130.66	2.94037e-05
130.68	2.91377e-05
130.7	2.88738e-05
130.72	2.86121e-05
130.74	2.83524e-05
130.76	2.80949e-05
130.78	2.78395e-05
130.8	2.75862e-05
130.82	2.73349e-05
130.84	2.70858e-05
130.86	2.68388e-05
130.88	2.65938e-05
130.9	2.63509e-05
130.92	2.611e-05
130.94	2.58712e-05
130.96	2.56345e-05
130.98	2.53998e-05
131	2.51671e-05
131.02	2.49364e-05
131.04	2.47078e-05
131.06	2.44811e-05
131.08	2.42564e-05
131.1	2.40337e-05
131.12	2.3813e-05
131.14	2.35942e-05
131.16	2.33774e-05
131.18	2.31625e-05
131.2	2.29495e-05
131.22	2.27384e-05
131.24	2.25292e-05
131.26	2.23219e-05
131.28	2.21165e-05
131.3	2.19129e-05
131.32	2.17112e-05
131.34	2.15113e-05
131.36	2.13133e-05
131.38	2.1117e-05
131.4	2.09226e-05
131.42	2.07299e-05
131.44	2.0539e-05
131.46	2.03498e-05
131.48	2.01624e-05
131.5	1.99767e-05
131.52	1.97928e-05
131.54	1.96105e-05
131.56	1.94299e-05
131.58	1.9251e-05
131.6	1.90738e-05
131.62	1.88982e-05
131.64	1.87243e-05
131.66	1.8552e-05
131.68	1.83813e-05
131.7	1.82122e-05
131.72	1.80446e-05
131.74	1.78787e-05
131.76	1.77143e-05
131.78	1.75514e-05
131.8	1.73901e-05
131.82	1.72303e-05
131.84	1.7072e-05
131.86	1.69151e-05
131.88	1.67598e-05
131.9	1.66059e-05
131.92	1.64535e-05
131.94	1.63025e-05
131.96	1.6153e-05
131.98	1.60048e-05
132	1.58581e-05
132.02	1.57127e-05
132.04	1.55688e-05
132.06	1.54261e-05
132.08	1.52849e-05
132.1	1.5145e-05
132.12	1.50064e-05
132.14	1.48691e-05
132.16	1.47331e-05
132.18	1.45984e-05
132.2	1.4465e-05
132.22	1.43328e-05
132.24	1.4202e-05
132.26	1.40723e-05
132.28	1.39439e-05
132.3	1.38167e-05
132.32	1.36907e-05
132.34	1.35659e-05
132.36	1.34423e-05
132.38	1.33199e-05
132.4	1.31986e-05
132.42	1.30785e-05
132.44	1.29595e-05
132.46	1.28417e-05
132.48	1.27249e-05
132.5	1.26093e-05
132.52	1.24948e-05
132.54	1.23814e-05
132.56	1.2269e-05
132.58	1.21577e-05
132.6	1.20475e-05
132.62	1.19383e-05
132.64	1.18301e-05
132.66	1.1723e-05
132.68	1.16169e-05
132.7	1.15118e-05
132.72	1.14077e-05
132.74	1.13046e-05
132.76	1.12025e-05
132.78	1.11013e-05
132.8	1.10011e-05
132.82	1.09018e-05
132.84	1.08035e-05
132.86	1.07061e-05
132.88	1.06096e-05
132.9	1.05141e-05
132.92	1.04194e-05
132.94	1.03257e-05
132.96	1.02328e-05
132.98	1.01408e-05
133	1.00497e-05
133.02	9.95945e-06
133.04	9.87004e-06
133.06	9.78148e-06
133.08	9.69375e-06
133.1	9.60686e-06
133.12	9.52078e-06
133.14	9.43551e-06
133.16	9.35105e-06
133.18	9.26738e-06
133.2	9.1845e-06
133.22	9.10241e-06
133.24	9.02108e-06
133.26	8.94052e-06
133.28	8.86072e-06
133.3	8.78167e-06
133.32	8.70336e-06
133.34	8.62579e-06
133.36	8.54895e-06
133.38	8.47283e-06
133.4	8.39742e-06
133.42	8.32273e-06
133.44	8.24873e-06
133.46	8.17542e-06
133.48	8.10281e-06
133.5	8.03087e-06
133.52	7.95961e-06
133.54	7.88901e-06
133.56	7.81908e-06
133.58	7.7498e-06
133.6	7.68116e-06
133.62	7.61317e-06
133.64	7.54582e-06
133.66	7.47909e-06
133.68	7.41298e-06
133.7	7.3475e-06
133.72	7.28262e-06
133.74	7.21835e-06
133.76	7.15468e-06
133.78	7.0916e-06
133.8	7.02911e-06
133.82	6.9672e-06
133.84	6.90586e-06
133.86	6.8451e-06
133.88	6.7849e-06
133.9	6.72526e-06
133.92	6.66618e-06
133.94	6.60764e-06
133.96	6.54965e-06
133.98	6.4922e-06
134	6.43528e-06
134.02	6.37888e-06
134.04	6.32301e-06
134.06	6.26766e-06
134.08	6.21282e-06
134.1	6.15848e-06
134.12	6.10465e-06
134.14	6.05132e-06
134.16	5.99848e-06
134.18	5.94613e-06
134.2	5.89426e-06
134.22	5.84287e-06
134.24	5.79195e-06
134.26	5.74151e-06
134.28	5.69153e-06
134.3	5.64201e-06
134.32	5.59294e-06
134.34	5.54433e-06
134.36	5.49617e-06
134.38	5.44845e-06
134.4	5.40116e-06
134.42	5.35432e-06
134.44	5.3079e-06
134.46	5.26191e-06
134.48	5.21634e-06
134.5	5.17119e-06
134.52	5.12645e-06
134.54	5.08213e-06
134.56	5.03821e-06
134.58	4.99469e-06
134.6	4.95157e-06
134.62	4.90885e-06
134.64	4.86652e-06
134.66	4.82457e-06
134.68	4.78301e-06
134.7	4.74183e-06
134.72	4.70102e-06
134.74	4.66059e-06
134.76	4.62052e-06
134.78	4.58082e-06
134.8	4.54149e-06
134.82	4.50251e-06
134.84	4.46389e-06
134.86	4.42562e-06
134.88	4.38769e-06
134.9	4.35012e-06
134.92	4.31288e-06
134.94	4.27598e-06
134.96	4.23942e-06
134.98	4.20319e-06
135	4.16729e-06
135.02	4.13172e-06
135.04	4.09647e-06
135.06	4.06154e-06
135.08	4.02692e-06
135.1	3.99262e-06
135.12	3.95863e-06
135.14	3.92495e-06
135.16	3.89157e-06
135.18	3.8585e-06
135.2	3.82572e-06
135.22	3.79324e-06
135.24	3.76105e-06
135.26	3.72916e-06
135.28	3.69755e-06
135.3	3.66623e-06
135.32	3.63519e-06
135.34	3.60443e-06
135.36	3.57395e-06
135.38	3.54374e-06
135.4	3.51381e-06
135.42	3.48414e-06
135.44	3.45474e-06
135.46	3.42561e-06
135.48	3.39674e-06
135.5	3.36812e-06
135.52	3.33977e-06
135.54	3.31167e-06
135.56	3.28382e-06
135.58	3.25622e-06
135.6	3.22887e-06
135.62	3.20177e-06
135.64	3.1749e-06
135.66	3.14828e-06
135.68	3.1219e-06
135.7	3.09575e-06
135.72	3.06984e-06
135.74	3.04416e-06
135.76	3.01871e-06
135.78	2.99348e-06
135.8	2.96849e-06
135.82	2.94371e-06
135.84	2.91916e-06
135.86	2.89482e-06
135.88	2.8707e-06
135.9	2.8468e-06
135.92	2.82311e-06
135.94	2.79963e-06
135.96	2.77637e-06
135.98	2.7533e-06
136	2.73045e-06
136.02	2.70779e-06
136.04	2.68534e-06
136.06	2.66309e-06
136.08	2.64104e-06
136.1	2.61918e-06
136.12	2.59751e-06
136.14	2.57604e-06
136.16	2.55476e-06
136.18	2.53367e-06
136.2	2.51276e-06
136.22	2.49204e-06
136.24	2.4715e-06
136.26	2.45115e-06
136.28	2.43097e-06
136.3	2.41097e-06
136.32	2.39115e-06
136.34	2.37151e-06
136.36	2.35204e-06
136.38	2.33274e-06
136.4	2.31361e-06
136.42	2.29465e-06
136.44	2.27586e-06
136.46	2.25723e-06
136.48	2.23877e-06
136.5	2.22047e-06
136.52	2.20233e-06
136.54	2.18435e-06
136.56	2.16653e-06
136.58	2.14887e-06
136.6	2.13136e-06
136.62	2.114e-06
136.64	2.0968e-06
136.66	2.07975e-06
136.68	2.06285e-06
136.7	2.0461e-06
136.72	2.02949e-06
136.74	2.01303e-06
136.76	1.99672e-06
136.78	1.98054e-06
136.8	1.96451e-06
136.82	1.94862e-06
136.84	1.93287e-06
136.86	1.91726e-06
136.88	1.90178e-06
136.9	1.88644e-06
136.92	1.87123e-06
136.94	1.85616e-06
136.96	1.84121e-06
136.98	1.8264e-06
137	1.81172e-06
137.02	1.79716e-06
137.04	1.78273e-06
137.06	1.76843e-06
137.08	1.75425e-06
137.1	1.74019e-06
137.12	1.72626e-06
137.14	1.71245e-06
137.16	1.69876e-06
137.18	1.68519e-06
137.2	1.67173e-06
137.22	1.6584e-06
137.24	1.64517e-06
137.26	1.63207e-06
137.28	1.61907e-06
137.3	1.60619e-06
137.32	1.59342e-06
137.34	1.58077e-06
137.36	1.56822e-06
137.38	1.55578e-06
137.4	1.54345e-06
137.42	1.53122e-06
137.44	1.5191e-06
137.46	1.50709e-06
137.48	1.49517e-06
137.5	1.48337e-06
137.52	1.47166e-06
137.54	1.46005e-06
137.56	1.44855e-06
137.58	1.43714e-06
137.6	1.42583e-06
137.62	1.41462e-06
137.64	1.40351e-06
137.66	1.39249e-06
137.68	1.38157e-06
137.7	1.37074e-06
137.72	1.36e-06
137.74	1.34936e-06
137.76	1.33881e-06
137.78	1.32834e-06
137.8	1.31797e-06
137.82	1.30769e-06
137.84	1.29749e-06
137.86	1.28739e-06
137.88	1.27737e-06
137.9	1.26743e-06
137.92	1.25758e-06
137.94	1.24781e-06
137.96	1.23813e-06
137.98	1.22853e-06
138	1.21902e-06
138.02	1.20958e-06
138.04	1.20022e-06
138.06	1.19095e-06
138.08	1.18175e-06
138.1	1.17263e-06
138.12	1.16359e-06
138.14	1.15463e-06
138.16	1.14574e-06
138.18	1.13693e-06
138.2	1.1282e-06
138.22	1.11953e-06
138.24	1.11095e-06
138.26	1.10243e-06
138.28	1.09399e-06
138.3	1.08562e-06
138.32	1.07732e-06
138.34	1.06909e-06
138.36	1.06093e-06
138.38	1.05284e-06
138.4	1.04482e-06
138.42	1.03686e-06
138.44	1.02898e-06
138.46	1.02116e-06
138.48	1.0134e-06
138.5	1.00572e-06
138.52	9.98093e-07
138.54	9.90534e-07
138.56	9.8304e-07
138.58	9.75609e-07
138.6	9.6824e-07
138.62	9.60934e-07
138.64	9.53689e-07
138.66	9.46506e-07
138.68	9.39383e-07
138.7	9.3232e-07
138.72	9.25316e-07
138.74	9.18372e-07
138.76	9.11486e-07
138.78	9.04658e-07
138.8	8.97887e-07
138.82	8.91174e-07
138.84	8.84516e-07
138.86	8.77915e-07
138.88	8.71369e-07
138.9	8.64878e-07
138.92	8.58441e-07
138.94	8.52059e-07
138.96	8.4573e-07
138.98	8.39453e-07
139	8.3323e-07
139.02	8.27058e-07
139.04	8.20939e-07
139.06	8.1487e-07
139.08	8.08852e-07
139.1	8.02885e-07
139.12	7.96967e-07
139.14	7.91099e-07
139.16	7.85279e-07
139.18	7.79509e-07
139.2	7.73786e-07
139.22	7.68111e-07
139.24	7.62484e-07
139.26	7.56903e-07
139.28	7.51368e-07
139.3	7.4588e-07
139.32	7.40438e-07
139.34	7.3504e-07
139.36	7.29688e-07
139.38	7.2438e-07
139.4	7.19116e-07
139.42	7.13896e-07
139.44	7.08719e-07
139.46	7.03585e-07
139.48	6.98494e-07
139.5	6.93445e-07
139.52	6.88438e-07
139.54	6.83472e-07
139.56	6.78547e-07
139.58	6.73663e-07
139.6	6.6882e-07
139.62	6.64016e-07
139.64	6.59253e-07
139.66	6.54528e-07
139.68	6.49843e-07
139.7	6.45196e-07
139.72	6.40588e-07
139.74	6.36018e-07
139.76	6.31485e-07
139.78	6.2699e-07
139.8	6.22532e-07
139.82	6.1811e-07
139.84	6.13725e-07
139.86	6.09377e-07
139.88	6.05063e-07
139.9	6.00786e-07
139.92	5.96543e-07
139.94	5.92336e-07
139.96	5.88163e-07
139.98	5.84024e-07
140	5.79919e-07
140.02	5.75848e-07
140.04	5.7181e-07
140.06	5.67806e-07
140.08	5.63834e-07
140.1	5.59895e-07
140.12	5.55988e-07
140.14	5.52113e-07
140.16	5.4827e-07
140.18	5.44458e-07
140.2	5.40678e-07
140.22	5.36928e-07
140.24	5.33209e-07
140.26	5.29521e-07
140.28	5.25862e-07
140.3	5.22234e-07
140.32	5.18635e-07
140.34	5.15065e-07
140.36	5.11525e-07
140.38	5.08013e-07
140.4	5.0453e-07
140.42	5.01076e-07
140.44	4.97649e-07
140.46	4.94251e-07
140.48	4.9088e-07
140.5	4.87537e-07
140.52	4.84221e-07
140.54	4.80932e-07
140.56	4.77669e-07
140.58	4.74433e-07
140.6	4.71224e-07
140.62	4.6804e-07
140.64	4.64883e-07
140.66	4.61751e-07
140.68	4.58644e-07
140.7	4.55563e-07
140.72	4.52507e-07
140.74	4.49475e-07
140.76	4.46468e-07
140.78	4.43486e-07
140.8	4.40527e-07
140.82	4.37593e-07
140.84	4.34683e-07
140.86	4.31795e-07
140.88	4.28932e-07
140.9	4.26091e-07
140.92	4.23274e-07
140.94	4.20479e-07
140.96	4.17707e-07
140.98	4.14958e-07
141	4.1223e-07
141.02	4.09525e-07
141.04	4.06841e-07
141.06	4.04179e-07
141.08	4.01539e-07
141.1	3.9892e-07
141.12	3.96322e-07
141.14	3.93746e-07
141.16	3.9119e-07
141.18	3.88654e-07
141.2	3.86139e-07
141.22	3.83645e-07
141.24	3.8117e-07
141.26	3.78716e-07
141.28	3.76281e-07
141.3	3.73866e-07
141.32	3.7147e-07
141.34	3.69094e-07
141.36	3.66737e-07
141.38	3.64398e-07
141.4	3.62079e-07
141.42	3.59779e-07
141.44	3.57496e-07
141.46	3.55233e-07
141.48	3.52987e-07
141.5	3.5076e-07
141.52	3.48551e-07
141.54	3.46359e-07
141.56	3.44185e-07
141.58	3.42028e-07
141.6	3.39889e-07
141.62	3.37768e-07
141.64	3.35663e-07
141.66	3.33575e-07
141.68	3.31504e-07
141.7	3.2945e-07
141.72	3.27412e-07
141.74	3.25391e-07
141.76	3.23385e-07
141.78	3.21397e-07
141.8	3.19424e-07
141.82	3.17467e-07
141.84	3.15525e-07
141.86	3.136e-07
141.88	3.1169e-07
141.9	3.09795e-07
141.92	3.07916e-07
141.94	3.06052e-07
141.96	3.04202e-07
141.98	3.02368e-07
142	3.00548e-07
142.02	2.98744e-07
142.04	2.96953e-07
142.06	2.95178e-07
142.08	2.93416e-07
142.1	2.91669e-07
142.12	2.89936e-07
142.14	2.88217e-07
142.16	2.86511e-07
142.18	2.8482e-07
142.2	2.83142e-07
142.22	2.81478e-07
142.24	2.79827e-07
142.26	2.7819e-07
142.28	2.76566e-07
142.3	2.74955e-07
142.32	2.73357e-07
142.34	2.71772e-07
142.36	2.702e-07
142.38	2.68641e-07
142.4	2.67094e-07
142.42	2.6556e-07
142.44	2.64039e-07
142.46	2.6253e-07
142.48	2.61033e-07
142.5	2.59548e-07
142.52	2.58076e-07
142.54	2.56615e-07
142.56	2.55166e-07
142.58	2.5373e-07
142.6	2.52305e-07
142.62	2.50891e-07
142.64	2.49489e-07
142.66	2.48099e-07
142.68	2.4672e-07
142.7	2.45352e-07
142.72	2.43996e-07
142.74	2.42651e-07
142.76	2.41317e-07
142.78	2.39994e-07
142.8	2.38681e-07
142.82	2.3738e-07
142.84	2.36089e-07
142.86	2.34809e-07
142.88	2.3354e-07
142.9	2.32281e-07
142.92	2.31033e-07
142.94	2.29795e-07
142.96	2.28567e-07
142.98	2.2735e-07
143	2.26143e-07
143.02	2.24946e-07
143.04	2.23759e-07
143.06	2.22581e-07
143.08	2.21414e-07
143.1	2.20257e-07
143.12	2.19109e-07
143.14	2.17971e-07
143.16	2.16843e-07
143.18	2.15724e-07
143.2	2.14615e-07
143.22	2.13515e-07
143.24	2.12425e-07
143.26	2.11344e-07
143.28	2.10272e-07
143.3	2.09209e-07
143.32	2.08156e-07
143.34	2.07111e-07
143.36	2.06076e-07
143.38	2.0505e-07
143.4	2.04032e-07
143.42	2.03024e-07
143.44	2.02024e-07
143.46	2.01033e-07
143.48	2.00051e-07
143.5	1.99077e-07
143.52	1.98112e-07
143.54	1.97155e-07
143.56	1.96207e-07
143.58	1.95268e-07
143.6	1.94337e-07
143.62	1.93414e-07
143.64	1.925e-07
143.66	1.91593e-07
143.68	1.90696e-07
143.7	1.89806e-07
143.72	1.88924e-07
143.74	1.88051e-07
143.76	1.87185e-07
143.78	1.86328e-07
143.8	1.85479e-07
143.82	1.84637e-07
143.84	1.83804e-07
143.86	1.82978e-07
143.88	1.8216e-07
143.9	1.8135e-07
143.92	1.80548e-07
143.94	1.79753e-07
143.96	1.78967e-07
143.98	1.78188e-07
144	1.77416e-07
144.02	1.76652e-07
144.04	1.75896e-07
144.06	1.75148e-07
144.08	1.74407e-07
144.1	1.73673e-07
144.12	1.72947e-07
144.14	1.72228e-07
144.16	1.71517e-07
144.18	1.70814e-07
144.2	1.70117e-07
144.22	1.69429e-07
144.24	1.68747e-07
144.26	1.68073e-07
144.28	1.67406e-07
144.3	1.66747e-07
144.32	1.66095e-07
144.34	1.65451e-07
144.36	1.64813e-07
144.38	1.64183e-07
144.4	1.63561e-07
144.42	1.62946e-07
144.44	1.62338e-07
144.46	1.61737e-07
144.48	1.61144e-07
144.5	1.60558e-07
144.52	1.59979e-07
144.54	1.59408e-07
144.56	1.58844e-07
144.58	1.58288e-07
144.6	1.57739e-07
144.62	1.57198e-07
144.64	1.56664e-07
144.66	1.56137e-07
144.68	1.55618e-07
144.7	1.55107e-07
144.72	1.54603e-07
144.74	1.54107e-07
144.76	1.53618e-07
144.78	1.53138e-07
144.8	1.52665e-07
144.82	1.522e-07
144.84	1.51743e-07
144.86	1.51294e-07
144.88	1.50853e-07
144.9	1.5042e-07
144.92	1.49996e-07
144.94	1.49579e-07
144.96	1.49172e-07
144.98	1.48773e-07
145	1.48383e-07
145.02	1.48001e-07
145.04	1.47629e-07
145.06	1.47266e-07
145.08	1.46912e-07
145.1	1.46568e-07
145.12	1.46233e-07
145.14	1.45909e-07
145.16	1.45595e-07
145.18	1.45291e-07
145.2	1.44998e-07
145.22	1.44717e-07
145.24	1.44447e-07
145.26	1.44189e-07
145.28	1.43943e-07
145.3	1.4371e-07
145.32	1.43491e-07
145.34	1.43286e-07
145.36	1.43096e-07
145.38	1.42922e-07
145.4	1.42764e-07
145.42	1.42624e-07
145.44	1.42503e-07
145.46	1.42403e-07
145.48	1.42325e-07
145.5	1.42272e-07
145.52	1.42246e-07
145.54	1.42251e-07
145.56	1.42291e-07
145.58	1.42372e-07
145.6	1.42502e-07
145.62	1.42692e-07
145.64	1.42961e-07
145.66	1.43338e-07
145.68	1.43881e-07
145.7	1.44722e-07
145.72	1.46198e-07
145.74	1.49388e-07
145.76	1.56817e-07
145.78	1.71363e-07
145.8	1.96826e-07
145.82	2.40627e-07
145.84	3.14148e-07
145.86	4.34617e-07
145.88	6.31268e-07
145.9	9.51622e-07
145.92	1.46112e-06
145.94	2.23331e-06
145.96	3.32855e-06
145.98	4.76542e-06
146	6.51342e-06
146.02	8.51627e-06
146.04	1.07144e-05
146.06	1.30533e-05
146.08	1.54844e-05
146.1	1.79659e-05
146.12	2.04629e-05
146.14	2.2947e-05
146.16	2.53958e-05
146.18	2.77919e-05
146.2	3.01221e-05
146.22	3.23766e-05
146.24	3.45485e-05
146.26	3.6633e-05
146.28	3.86274e-05
146.3	4.05303e-05
146.32	4.23414e-05
146.34	4.40618e-05
146.36	4.56928e-05
146.38	4.72366e-05
146.4	4.86957e-05
146.42	5.00729e-05
146.44	5.13711e-05
146.46	5.25934e-05
146.48	5.3743e-05
146.5	5.4823e-05
146.52	5.58365e-05
146.54	5.67866e-05
146.56	5.76764e-05
146.58	5.85087e-05
146.6	5.92862e-05
146.62	6.00118e-05
146.64	6.0688e-05
146.66	6.13172e-05
146.68	6.19019e-05
146.7	6.24443e-05
146.72	6.29465e-05
146.74	6.34106e-05
146.76	6.38385e-05
146.78	6.42321e-05
146.8	6.45931e-05
146.82	6.49231e-05
146.84	6.52238e-05
146.86	6.54966e-05
146.88	6.5743e-05
146.9	6.59642e-05
146.92	6.61615e-05
146.94	6.63361e-05
146.96	6.64891e-05
146.98	6.66215e-05
147	6.67344e-05
147.02	6.68287e-05
147.04	6.69053e-05
147.06	6.69649e-05
147.08	6.70084e-05
147.1	6.70366e-05
147.12	6.705e-05
147.14	6.70494e-05
147.16	6.70353e-05
147.18	6.70083e-05
147.2	6.6969e-05
147.22	6.69178e-05
147.24	6.68552e-05
147.26	6.67817e-05
147.28	6.66977e-05
147.3	6.66035e-05
147.32	6.64996e-05
147.34	6.63862e-05
147.36	6.62637e-05
147.38	6.61325e-05
147.4	6.59927e-05
147.42	6.58447e-05
147.44	6.56886e-05
147.46	6.55249e-05
147.48	6.53536e-05
147.5	6.5175e-05
147.52	6.49893e-05
147.54	6.47968e-05
147.56	6.45975e-05
147.58	6.43917e-05
147.6	6.41796e-05
147.62	6.39612e-05
147.64	6.37369e-05
147.66	6.35067e-05
147.68	6.32708e-05
147.7	6.30294e-05
147.72	6.27825e-05
147.74	6.25304e-05
147.76	6.22732e-05
147.78	6.2011e-05
147.8	6.1744e-05
147.82	6.14722e-05
147.84	6.11959e-05
147.86	6.09151e-05
147.88	6.063e-05
147.9	6.03408e-05
147.92	6.00475e-05
147.94	5.97503e-05
147.96	5.94493e-05
147.98	5.91446e-05
148	5.88365e-05
148.02	5.85249e-05
148.04	5.821e-05
148.06	5.7892e-05
148.08	5.7571e-05
148.1	5.72471e-05
148.12	5.69204e-05
148.14	5.65911e-05
148.16	5.62593e-05
148.18	5.59251e-05
148.2	5.55886e-05
148.22	5.52499e-05
148.24	5.49092e-05
148.26	5.45666e-05
148.28	5.42222e-05
148.3	5.38762e-05
148.32	5.35286e-05
148.34	5.31795e-05
148.36	5.28291e-05
148.38	5.24775e-05
148.4	5.21248e-05
148.42	5.17711e-05
148.44	5.14165e-05
148.46	5.10612e-05
148.48	5.07051e-05
148.5	5.03485e-05
148.52	4.99914e-05
148.54	4.9634e-05
148.56	4.92762e-05
148.58	4.89183e-05
148.6	4.85603e-05
148.62	4.82023e-05
148.64	4.78444e-05
148.66	4.74867e-05
148.68	4.71293e-05
148.7	4.67722e-05
148.72	4.64155e-05
148.74	4.60593e-05
148.76	4.57037e-05
148.78	4.53488e-05
148.8	4.49946e-05
148.82	4.46412e-05
148.84	4.42887e-05
148.86	4.39371e-05
148.88	4.35865e-05
148.9	4.32369e-05
148.92	4.28885e-05
148.94	4.25413e-05
148.96	4.21953e-05
148.98	4.18505e-05
149	4.15072e-05
149.02	4.11652e-05
149.04	4.08246e-05
149.06	4.04855e-05
149.08	4.01479e-05
149.1	3.98119e-05
149.12	3.94775e-05
149.14	3.91448e-05
149.16	3.88137e-05
149.18	3.84843e-05
149.2	3.81567e-05
149.22	3.78308e-05
149.24	3.75068e-05
149.26	3.71846e-05
149.28	3.68643e-05
149.3	3.65458e-05
149.32	3.62293e-05
149.34	3.59147e-05
149.36	3.5602e-05
149.38	3.52913e-05
149.4	3.49826e-05
149.42	3.46759e-05
149.44	3.43713e-05
149.46	3.40687e-05
149.48	3.37681e-05
149.5	3.34696e-05
149.52	3.31731e-05
149.54	3.28788e-05
149.56	3.25865e-05
149.58	3.22964e-05
149.6	3.20083e-05
149.62	3.17224e-05
149.64	3.14386e-05
149.66	3.11569e-05
149.68	3.08773e-05
149.7	3.05998e-05
149.72	3.03245e-05
149.74	3.00513e-05
149.76	2.97802e-05
149.78	2.95113e-05
149.8	2.92445e-05
149.82	2.89798e-05
149.84	2.87173e-05
149.86	2.84568e-05
149.88	2.81985e-05
149.9	2.79423e-05
149.92	2.76882e-05
149.94	2.74361e-05
149.96	2.71862e-05
149.98	2.69384e-05
150	2.66926e-05
150.02	2.6449e-05
150.04	2.62073e-05
150.06	2.59678e-05
150.08	2.57303e-05
150.1	2.54948e-05
150.12	2.52614e-05
150.14	2.503e-05
150.16	2.48006e-05
150.18	2.45732e-05
150.2	2.43478e-05
150.22	2.41243e-05
150.24	2.39029e-05
150.26	2.36834e-05
150.28	2.34658e-05
150.3	2.32502e-05
150.32	2.30365e-05
150.34	2.28247e-05
150.36	2.26149e-05
150.38	2.24069e-05
150.4	2.22008e-05
150.42	2.19965e-05
150.44	2.17941e-05
150.46	2.15936e-05
150.48	2.13948e-05
150.5	2.11979e-05
150.52	2.10028e-05
150.54	2.08095e-05
150.56	2.06179e-05
150.58	2.04281e-05
150.6	2.02401e-05
150.62	2.00538e-05
150.64	1.98692e-05
150.66	1.96863e-05
150.68	1.95051e-05
150.7	1.93256e-05
150.72	1.91477e-05
150.74	1.89716e-05
150.76	1.8797e-05
150.78	1.86241e-05
150.8	1.84528e-05
150.82	1.82831e-05
150.84	1.8115e-05
150.86	1.79485e-05
150.88	1.77835e-05
150.9	1.762e-05
150.92	1.74582e-05
150.94	1.72978e-05
150.96	1.71389e-05
150.98	1.69816e-05
151	1.68257e-05
151.02	1.66713e-05
151.04	1.65183e-05
151.06	1.63668e-05
151.08	1.62167e-05
151.1	1.6068e-05
151.12	1.59208e-05
151.14	1.57749e-05
151.16	1.56304e-05
151.18	1.54873e-05
151.2	1.53455e-05
151.22	1.52051e-05
151.24	1.5066e-05
151.26	1.49282e-05
151.28	1.47918e-05
151.3	1.46566e-05
151.32	1.45227e-05
151.34	1.43901e-05
151.36	1.42587e-05
151.38	1.41286e-05
151.4	1.39997e-05
151.42	1.38721e-05
151.44	1.37456e-05
151.46	1.36204e-05
151.48	1.34963e-05
151.5	1.33735e-05
151.52	1.32517e-05
151.54	1.31312e-05
151.56	1.30118e-05
151.58	1.28935e-05
151.6	1.27764e-05
151.62	1.26603e-05
151.64	1.25454e-05
151.66	1.24315e-05
151.68	1.23188e-05
151.7	1.22071e-05
151.72	1.20964e-05
151.74	1.19868e-05
151.76	1.18783e-05
151.78	1.17708e-05
151.8	1.16643e-05
151.82	1.15588e-05
151.84	1.14543e-05
151.86	1.13508e-05
151.88	1.12483e-05
151.9	1.11467e-05
151.92	1.10462e-05
151.94	1.09465e-05
151.96	1.08478e-05
151.98	1.07501e-05
152	1.06533e-05
152.02	1.05574e-05
152.04	1.04624e-05
152.06	1.03683e-05
152.08	1.0275e-05
152.1	1.01827e-05
152.12	1.00912e-05
152.14	1.00006e-05
152.16	9.9109e-06
152.18	9.82201e-06
152.2	9.73395e-06
152.22	9.64673e-06
152.24	9.56033e-06
152.26	9.47474e-06
152.28	9.38996e-06
152.3	9.30597e-06
152.32	9.22278e-06
152.34	9.14038e-06
152.36	9.05874e-06
152.38	8.97788e-06
152.4	8.89777e-06
152.42	8.81843e-06
152.44	8.73982e-06
152.46	8.66195e-06
152.48	8.58482e-06
152.5	8.50841e-06
152.52	8.43271e-06
152.54	8.35773e-06
152.56	8.28345e-06
152.58	8.20986e-06
152.6	8.13697e-06
152.62	8.06476e-06
152.64	7.99322e-06
152.66	7.92236e-06
152.68	7.85215e-06
152.7	7.78261e-06
152.72	7.71371e-06
152.74	7.64546e-06
152.76	7.57784e-06
152.78	7.51086e-06
152.8	7.4445e-06
152.82	7.37876e-06
152.84	7.31363e-06
152.86	7.24911e-06
152.88	7.18519e-06
152.9	7.12187e-06
152.92	7.05913e-06
152.94	6.99698e-06
152.96	6.93541e-06
152.98	6.87441e-06
153	6.81398e-06
153.02	6.75411e-06
153.04	6.69479e-06
153.06	6.63603e-06
153.08	6.57781e-06
153.1	6.52013e-06
153.12	6.46299e-06
153.14	6.40637e-06
153.16	6.35028e-06
153.18	6.29471e-06
153.2	6.23965e-06
153.22	6.18511e-06
153.24	6.13106e-06
153.26	6.07752e-06
153.28	6.02447e-06
153.3	5.97191e-06
153.32	5.91984e-06
153.34	5.86825e-06
153.36	5.81713e-06
153.38	5.76649e-06
153.4	5.71631e-06
153.42	5.66659e-06
153.44	5.61733e-06
153.46	5.56853e-06
153.48	5.52017e-06
153.5	5.47226e-06
153.52	5.42479e-06
153.54	5.37776e-06
153.56	5.33116e-06
153.58	5.28498e-06
153.6	5.23923e-06
153.62	5.1939e-06
153.64	5.14898e-06
153.66	5.10448e-06
153.68	5.06039e-06
153.7	5.01669e-06
153.72	4.9734e-06
153.74	4.93051e-06
153.76	4.888e-06
153.78	4.84589e-06
153.8	4.80416e-06
153.82	4.76281e-06
153.84	4.72184e-06
153.86	4.68125e-06
153.88	4.64102e-06
153.9	4.60116e-06
153.92	4.56166e-06
153.94	4.52253e-06
153.96	4.48375e-06
153.98	4.44532e-06
154	4.40725e-06
154.02	4.36952e-06
154.04	4.33213e-06
154.06	4.29508e-06
154.08	4.25837e-06
154.1	4.222e-06
154.12	4.18595e-06
154.14	4.15023e-06
154.16	4.11483e-06
154.18	4.07976e-06
154.2	4.045e-06
154.22	4.01056e-06
154.24	3.97643e-06
154.26	3.94261e-06
154.28	3.9091e-06
154.3	3.87589e-06
154.32	3.84298e-06
154.34	3.81036e-06
154.36	3.77804e-06
154.38	3.74602e-06
154.4	3.71428e-06
154.42	3.68283e-06
154.44	3.65166e-06
154.46	3.62077e-06
154.48	3.59017e-06
154.5	3.55983e-06
154.52	3.52977e-06
154.54	3.49999e-06
154.56	3.47046e-06
154.58	3.44121e-06
154.6	3.41222e-06
154.62	3.38349e-06
154.64	3.35501e-06
154.66	3.32679e-06
154.68	3.29883e-06
154.7	3.27112e-06
154.72	3.24365e-06
154.74	3.21643e-06
154.76	3.18946e-06
154.78	3.16273e-06
154.8	3.13623e-06
154.82	3.10998e-06
154.84	3.08395e-06
154.86	3.05817e-06
154.88	3.03261e-06
154.9	3.00728e-06
154.92	2.98217e-06
154.94	2.95729e-06
154.96	2.93264e-06
154.98	2.9082e-06
155	2.88398e-06
155.02	2.85998e-06
155.04	2.83619e-06
155.06	2.81261e-06
155.08	2.78924e-06
155.1	2.76608e-06
155.12	2.74313e-06
155.14	2.72038e-06
155.16	2.69783e-06
155.18	2.67548e-06
155.2	2.65334e-06
155.22	2.63138e-06
155.24	2.60963e-06
155.26	2.58806e-06
155.28	2.56669e-06
155.3	2.54551e-06
155.32	2.52451e-06
155.34	2.5037e-06
155.36	2.48308e-06
155.38	2.46264e-06
155.4	2.44237e-06
155.42	2.42229e-06
155.44	2.40239e-06
155.46	2.38266e-06
155.48	2.3631e-06
155.5	2.34372e-06
155.52	2.32451e-06
155.54	2.30547e-06
155.56	2.28659e-06
155.58	2.26789e-06
155.6	2.24934e-06
155.62	2.23096e-06
155.64	2.21275e-06
155.66	2.19469e-06
155.68	2.17679e-06
155.7	2.15905e-06
155.72	2.14147e-06
155.74	2.12404e-06
155.76	2.10676e-06
155.78	2.08964e-06
155.8	2.07266e-06
155.82	2.05583e-06
155.84	2.03916e-06
155.86	2.02262e-06
155.88	2.00624e-06
155.9	1.98999e-06
155.92	1.97389e-06
155.94	1.95793e-06
155.96	1.94211e-06
155.98	1.92643e-06
156	1.91088e-06
156.02	1.89547e-06
156.04	1.8802e-06
156.06	1.86506e-06
156.08	1.85005e-06
156.1	1.83517e-06
156.12	1.82042e-06
156.14	1.8058e-06
156.16	1.79131e-06
156.18	1.77694e-06
156.2	1.7627e-06
156.22	1.74859e-06
156.24	1.73459e-06
156.26	1.72072e-06
156.28	1.70697e-06
156.3	1.69333e-06
156.32	1.67982e-06
156.34	1.66642e-06
156.36	1.65314e-06
156.38	1.63998e-06
156.4	1.62693e-06
156.42	1.61399e-06
156.44	1.60116e-06
156.46	1.58845e-06
156.48	1.57584e-06
156.5	1.56335e-06
156.52	1.55096e-06
156.54	1.53868e-06
156.56	1.52651e-06
156.58	1.51444e-06
156.6	1.50247e-06
156.62	1.49061e-06
156.64	1.47885e-06
156.66	1.46719e-06
156.68	1.45564e-06
156.7	1.44418e-06
156.72	1.43282e-06
156.74	1.42156e-06
156.76	1.4104e-06
156.78	1.39933e-06
156.8	1.38835e-06
156.82	1.37748e-06
156.84	1.36669e-06
156.86	1.356e-06
156.88	1.3454e-06
156.9	1.33489e-06
156.92	1.32447e-06
156.94	1.31414e-06
156.96	1.3039e-06
156.98	1.29374e-06
157	1.28368e-06
157.02	1.2737e-06
157.04	1.2638e-06
157.06	1.25399e-06
157.08	1.24426e-06
157.1	1.23462e-06
157.12	1.22506e-06
157.14	1.21558e-06
157.16	1.20618e-06
157.18	1.19686e-06
157.2	1.18763e-06
157.22	1.17847e-06
157.24	1.16938e-06
157.26	1.16038e-06
157.28	1.15145e-06
157.3	1.1426e-06
157.32	1.13382e-06
157.34	1.12512e-06
157.36	1.11649e-06
157.38	1.10794e-06
157.4	1.09946e-06
157.42	1.09105e-06
157.44	1.08271e-06
157.46	1.07444e-06
157.48	1.06624e-06
157.5	1.05812e-06
157.52	1.05006e-06
157.54	1.04207e-06
157.56	1.03414e-06
157.58	1.02629e-06
157.6	1.0185e-06
157.62	1.01077e-06
157.64	1.00311e-06
157.66	9.95521e-07
157.68	9.87992e-07
157.7	9.80526e-07
157.72	9.73123e-07
157.74	9.65782e-07
157.76	9.58504e-07
157.78	9.51286e-07
157.8	9.4413e-07
157.82	9.37034e-07
157.84	9.29997e-07
157.86	9.2302e-07
157.88	9.16102e-07
157.9	9.09242e-07
157.92	9.02439e-07
157.94	8.95694e-07
157.96	8.89005e-07
157.98	8.82372e-07
158	8.75796e-07
158.02	8.69274e-07
158.04	8.62807e-07
158.06	8.56394e-07
158.08	8.50035e-07
158.1	8.43729e-07
158.12	8.37476e-07
158.14	8.31275e-07
158.16	8.25126e-07
158.18	8.19029e-07
158.2	8.12982e-07
158.22	8.06986e-07
158.24	8.0104e-07
158.26	7.95144e-07
158.28	7.89297e-07
158.3	7.83499e-07
158.32	7.77749e-07
158.34	7.72046e-07
158.36	7.66392e-07
158.38	7.60784e-07
158.4	7.55224e-07
158.42	7.49709e-07
158.44	7.4424e-07
158.46	7.38817e-07
158.48	7.33439e-07
158.5	7.28105e-07
158.52	7.22816e-07
158.54	7.17571e-07
158.56	7.12369e-07
158.58	7.0721e-07
158.6	7.02094e-07
158.62	6.97021e-07
158.64	6.91989e-07
158.66	6.86999e-07
158.68	6.82051e-07
158.7	6.77143e-07
158.72	6.72276e-07
158.74	6.6745e-07
158.76	6.62663e-07
158.78	6.57915e-07
158.8	6.53207e-07
158.82	6.48538e-07
158.84	6.43907e-07
158.86	6.39315e-07
158.88	6.3476e-07
158.9	6.30243e-07
158.92	6.25763e-07
158.94	6.2132e-07
158.96	6.16913e-07
158.98	6.12543e-07
159	6.08208e-07
159.02	6.0391e-07
159.04	5.99646e-07
159.06	5.95418e-07
159.08	5.91225e-07
159.1	5.87065e-07
159.12	5.8294e-07
159.14	5.78849e-07
159.16	5.74792e-07
159.18	5.70767e-07
159.2	5.66776e-07
159.22	5.62817e-07
159.24	5.58891e-07
159.26	5.54997e-07
159.28	5.51135e-07
159.3	5.47304e-07
159.32	5.43505e-07
159.34	5.39737e-07
159.36	5.35999e-07
159.38	5.32292e-07
159.4	5.28615e-07
159.42	5.24969e-07
159.44	5.21352e-07
159.46	5.17765e-07
159.48	5.14206e-07
159.5	5.10677e-07
159.52	5.07177e-07
159.54	5.03705e-07
159.56	5.00262e-07
159.58	4.96846e-07
159.6	4.93459e-07
159.62	4.90098e-07
159.64	4.86766e-07
159.66	4.8346e-07
159.68	4.80181e-07
159.7	4.76929e-07
159.72	4.73703e-07
159.74	4.70504e-07
159.76	4.6733e-07
159.78	4.64182e-07
159.8	4.6106e-07
159.82	4.57963e-07
159.84	4.54891e-07
159.86	4.51845e-07
159.88	4.48822e-07
159.9	4.45825e-07
159.92	4.42851e-07
159.94	4.39902e-07
159.96	4.36977e-07
159.98	4.34075e-07
160	4.31196e-07
160.02	4.28342e-07
160.04	4.2551e-07
160.06	4.22701e-07
160.08	4.19914e-07
160.1	4.17151e-07
160.12	4.14409e-07
160.14	4.1169e-07
160.16	4.08993e-07
160.18	4.06317e-07
160.2	4.03663e-07
160.22	4.01031e-07
160.24	3.9842e-07
160.26	3.9583e-07
160.28	3.9326e-07
160.3	3.90712e-07
160.32	3.88184e-07
160.34	3.85677e-07
160.36	3.83189e-07
160.38	3.80722e-07
160.4	3.78275e-07
160.42	3.75847e-07
160.44	3.73439e-07
160.46	3.7105e-07
160.48	3.68681e-07
160.5	3.6633e-07
160.52	3.63999e-07
160.54	3.61686e-07
160.56	3.59392e-07
160.58	3.57117e-07
160.6	3.5486e-07
160.62	3.52621e-07
160.64	3.50399e-07
160.66	3.48196e-07
160.68	3.46011e-07
160.7	3.43843e-07
160.72	3.41693e-07
160.74	3.3956e-07
160.76	3.37444e-07
160.78	3.35345e-07
160.8	3.33263e-07
160.82	3.31198e-07
160.84	3.29149e-07
160.86	3.27117e-07
160.88	3.25102e-07
160.9	3.23102e-07
160.92	3.21119e-07
160.94	3.19151e-07
160.96	3.172e-07
160.98	3.15264e-07
161	3.13344e-07
161.02	3.11439e-07
161.04	3.09549e-07
161.06	3.07675e-07
161.08	3.05816e-07
161.1	3.03972e-07
161.12	3.02143e-07
161.14	3.00328e-07
161.16	2.98528e-07
161.18	2.96743e-07
161.2	2.94972e-07
161.22	2.93215e-07
161.24	2.91473e-07
161.26	2.89744e-07
161.28	2.8803e-07
161.3	2.86329e-07
161.32	2.84642e-07
161.34	2.82969e-07
161.36	2.81309e-07
161.38	2.79663e-07
161.4	2.7803e-07
161.42	2.7641e-07
161.44	2.74804e-07
161.46	2.7321e-07
161.48	2.7163e-07
161.5	2.70062e-07
161.52	2.68507e-07
161.54	2.66964e-07
161.56	2.65434e-07
161.58	2.63917e-07
161.6	2.62412e-07
161.62	2.60919e-07
161.64	2.59438e-07
161.66	2.57969e-07
161.68	2.56513e-07
161.7	2.55068e-07
161.72	2.53635e-07
161.74	2.52213e-07
161.76	2.50804e-07
161.78	2.49406e-07
161.8	2.48019e-07
161.82	2.46644e-07
161.84	2.4528e-07
161.86	2.43927e-07
161.88	2.42585e-07
161.9	2.41255e-07
161.92	2.39935e-07
161.94	2.38626e-07
161.96	2.37328e-07
161.98	2.36041e-07
162	2.34764e-07
162.02	2.33498e-07
162.04	2.32243e-07
162.06	2.30998e-07
162.08	2.29763e-07
162.1	2.28539e-07
162.12	2.27325e-07
162.14	2.26121e-07
162.16	2.24927e-07
162.18	2.23743e-07
162.2	2.22569e-07
162.22	2.21404e-07
162.24	2.2025e-07
162.26	2.19106e-07
162.28	2.17971e-07
162.3	2.16845e-07
162.32	2.15729e-07
162.34	2.14623e-07
162.36	2.13526e-07
162.38	2.12439e-07
162.4	2.11361e-07
162.42	2.10292e-07
162.44	2.09232e-07
162.46	2.08181e-07
162.48	2.0714e-07
162.5	2.06107e-07
162.52	2.05084e-07
162.54	2.04069e-07
162.56	2.03063e-07
162.58	2.02066e-07
162.6	2.01078e-07
162.62	2.00098e-07
162.64	1.99127e-07
162.66	1.98165e-07
162.68	1.97211e-07
162.7	1.96265e-07
162.72	1.95328e-07
162.74	1.944e-07
162.76	1.9348e-07
162.78	1.92568e-07
162.8	1.91664e-07
162.82	1.90769e-07
162.84	1.89882e-07
162.86	1.89003e-07
162.88	1.88132e-07
162.9	1.87269e-07
162.92	1.86414e-07
162.94	1.85567e-07
162.96	1.84728e-07
162.98	1.83897e-07
163	1.83074e-07
163.02	1.82258e-07
163.04	1.81451e-07
163.06	1.80651e-07
163.08	1.79859e-07
163.1	1.79075e-07
163.12	1.78298e-07
163.14	1.77529e-07
163.16	1.76768e-07
163.18	1.76014e-07
163.2	1.75268e-07
163.22	1.74529e-07
163.24	1.73798e-07
163.26	1.73074e-07
163.28	1.72358e-07
163.3	1.71649e-07
163.32	1.70948e-07
163.34	1.70254e-07
163.36	1.69568e-07
163.38	1.68889e-07
163.4	1.68217e-07
163.42	1.67553e-07
163.44	1.66896e-07
163.46	1.66246e-07
163.48	1.65604e-07
163.5	1.64969e-07
163.52	1.64342e-07
163.54	1.63722e-07
163.56	1.63109e-07
163.58	1.62503e-07
163.6	1.61905e-07
163.62	1.61314e-07
163.64	1.60731e-07
163.66	1.60155e-07
163.68	1.59586e-07
163.7	1.59025e-07
163.72	1.58471e-07
163.74	1.57925e-07
163.76	1.57386e-07
163.78	1.56855e-07
163.8	1.56331e-07
163.82	1.55815e-07
163.84	1.55306e-07
163.86	1.54805e-07
163.88	1.54311e-07
163.9	1.53826e-07
163.92	1.53348e-07
163.94	1.52878e-07
163.96	1.52416e-07
163.98	1.51962e-07
164	1.51516e-07
164.02	1.51078e-07
164.04	1.50648e-07
164.06	1.50227e-07
164.08	1.49814e-07
164.1	1.4941e-07
164.12	1.49014e-07
164.14	1.48627e-07
164.16	1.48249e-07
164.18	1.4788e-07
164.2	1.47521e-07
164.22	1.47171e-07
164.24	1.46831e-07
164.26	1.465e-07
164.28	1.4618e-07
164.3	1.4587e-07
164.32	1.45571e-07
164.34	1.45282e-07
164.36	1.45005e-07
164.38	1.4474e-07
164.4	1.44487e-07
164.42	1.44247e-07
164.44	1.4402e-07
164.46	1.43807e-07
164.48	1.43608e-07
164.5	1.43424e-07
164.52	1.43257e-07
164.54	1.43107e-07
164.56	1.42975e-07
164.58	1.42863e-07
164.6	1.42772e-07
164.62	1.42704e-07
164.64	1.42662e-07
164.66	1.42649e-07
164.68	1.42669e-07
164.7	1.42725e-07
164.72	1.42826e-07
164.74	1.4298e-07
164.76	1.432e-07
164.78	1.4351e-07
164.8	1.43947e-07
164.82	1.44591e-07
164.84	1.4563e-07
164.86	1.47588e-07
164.88	1.52217e-07
164.9	1.62268e-07
164.92	1.80677e-07
164.94	2.12583e-07
164.96	2.66998e-07
164.98	3.57242e-07
165	5.04526e-07
165.02	7.45016e-07
165.04	1.13413e-06
165.06	1.74235e-06
165.08	2.64125e-06
165.1	3.87729e-06
165.12	5.44787e-06
165.14	7.30847e-06
165.16	9.39959e-06
165.18	1.16632e-05
165.2	1.40472e-05
165.22	1.65056e-05
165.24	1.89995e-05
165.26	2.14964e-05
165.28	2.39707e-05
165.3	2.64019e-05
165.32	2.87746e-05
165.34	3.10769e-05
165.36	3.33003e-05
165.38	3.54388e-05
165.4	3.74886e-05
165.42	3.94473e-05
165.44	4.13143e-05
165.46	4.30898e-05
165.48	4.47748e-05
165.5	4.63713e-05
165.52	4.78815e-05
165.54	4.9308e-05
165.56	5.06537e-05
165.58	5.19216e-05
165.6	5.31148e-05
165.62	5.42366e-05
165.64	5.529e-05
165.66	5.62781e-05
165.68	5.72041e-05
165.7	5.80708e-05
165.72	5.88811e-05
165.74	5.96378e-05
165.76	6.03436e-05
165.78	6.10009e-05
165.8	6.16123e-05
165.82	6.218e-05
165.84	6.27063e-05
165.86	6.31932e-05
165.88	6.36428e-05
165.9	6.4057e-05
165.92	6.44375e-05
165.94	6.47862e-05
165.96	6.51045e-05
165.98	6.5394e-05
166	6.56563e-05
166.02	6.58926e-05
166.04	6.61042e-05
166.06	6.62925e-05
166.08	6.64585e-05
166.1	6.66033e-05
166.12	6.6728e-05
166.14	6.68335e-05
166.16	6.69207e-05
166.18	6.69905e-05
166.2	6.70438e-05
166.22	6.70812e-05
166.24	6.71035e-05
166.26	6.71114e-05
166.28	6.71054e-05
166.3	6.70862e-05
166.32	6.70544e-05
166.34	6.70104e-05
166.36	6.69547e-05
166.38	6.68878e-05
166.4	6.68101e-05
166.42	6.67221e-05
166.44	6.66241e-05
166.46	6.65165e-05
166.48	6.63995e-05
166.5	6.62736e-05
166.52	6.61389e-05
166.54	6.59959e-05
166.56	6.58447e-05
166.58	6.56856e-05
166.6	6.55189e-05
166.62	6.53447e-05
166.64	6.51633e-05
166.66	6.49749e-05
166.68	6.47797e-05
166.7	6.45778e-05
166.72	6.43695e-05
166.74	6.41549e-05
166.76	6.39342e-05
166.78	6.37075e-05
166.8	6.3475e-05
166.82	6.32369e-05
166.84	6.29933e-05
166.86	6.27443e-05
166.88	6.24901e-05
166.9	6.22308e-05
166.92	6.19666e-05
166.94	6.16977e-05
166.96	6.1424e-05
166.98	6.11459e-05
167	6.08633e-05
167.02	6.05765e-05
167.04	6.02856e-05
167.06	5.99906e-05
167.08	5.96918e-05
167.1	5.93893e-05
167.12	5.90831e-05
167.14	5.87735e-05
167.16	5.84605e-05
167.18	5.81442e-05
167.2	5.78249e-05
167.22	5.75026e-05
167.24	5.71775e-05
167.26	5.68496e-05
167.28	5.65191e-05
167.3	5.61862e-05
167.32	5.58509e-05
167.34	5.55133e-05
167.36	5.51737e-05
167.38	5.48321e-05
167.4	5.44886e-05
167.42	5.41434e-05
167.44	5.37965e-05
167.46	5.34481e-05
167.48	5.30983e-05
167.5	5.27473e-05
167.52	5.2395e-05
167.54	5.20417e-05
167.56	5.16874e-05
167.58	5.13323e-05
167.6	5.09765e-05
167.62	5.062e-05
167.64	5.0263e-05
167.66	4.99055e-05
167.68	4.95477e-05
167.7	4.91897e-05
167.72	4.88315e-05
167.74	4.84733e-05
167.76	4.81151e-05
167.78	4.7757e-05
167.8	4.73991e-05
167.82	4.70416e-05
167.84	4.66844e-05
167.86	4.63277e-05
167.88	4.59715e-05
167.9	4.56159e-05
167.92	4.5261e-05
167.94	4.49068e-05
167.96	4.45535e-05
167.98	4.42011e-05
168	4.38496e-05
168.02	4.34992e-05
168.04	4.31498e-05
168.06	4.28016e-05
168.08	4.24546e-05
168.1	4.21088e-05
168.12	4.17644e-05
168.14	4.14212e-05
168.16	4.10795e-05
168.18	4.07393e-05
168.2	4.04005e-05
168.22	4.00633e-05
168.24	3.97276e-05
168.26	3.93936e-05
168.28	3.90613e-05
168.3	3.87306e-05
168.32	3.84016e-05
168.34	3.80744e-05
168.36	3.7749e-05
168.38	3.74254e-05
168.4	3.71037e-05
168.42	3.67838e-05
168.44	3.64659e-05
168.46	3.61498e-05
168.48	3.58357e-05
168.5	3.55235e-05
168.52	3.52134e-05
168.54	3.49052e-05
168.56	3.4599e-05
168.58	3.42949e-05
168.6	3.39928e-05
168.62	3.36928e-05
168.64	3.33949e-05
168.66	3.3099e-05
168.68	3.28052e-05
168.7	3.25135e-05
168.72	3.22239e-05
168.74	3.19364e-05
168.76	3.1651e-05
168.78	3.13678e-05
168.8	3.10867e-05
168.82	3.08077e-05
168.84	3.05308e-05
168.86	3.0256e-05
168.88	2.99834e-05
168.9	2.97129e-05
168.92	2.94446e-05
168.94	2.91784e-05
168.96	2.89143e-05
168.98	2.86523e-05
169	2.83924e-05
169.02	2.81347e-05
169.04	2.7879e-05
169.06	2.76255e-05
169.08	2.73741e-05
169.1	2.71247e-05
169.12	2.68775e-05
169.14	2.66323e-05
169.16	2.63892e-05
169.18	2.61481e-05
169.2	2.59091e-05
169.22	2.56722e-05
169.24	2.54373e-05
169.26	2.52044e-05
169.28	2.49736e-05
169.3	2.47447e-05
169.32	2.45179e-05
169.34	2.4293e-05
169.36	2.40701e-05
169.38	2.38492e-05
169.4	2.36302e-05
169.42	2.34132e-05
169.44	2.31982e-05
169.46	2.2985e-05
169.48	2.27737e-05
169.5	2.25644e-05
169.52	2.23569e-05
169.54	2.21513e-05
169.56	2.19476e-05
169.58	2.17457e-05
169.6	2.15456e-05
169.62	2.13474e-05
169.64	2.1151e-05
169.66	2.09564e-05
169.68	2.07635e-05
169.7	2.05725e-05
169.72	2.03831e-05
169.74	2.01956e-05
169.76	2.00097e-05
169.78	1.98256e-05
169.8	1.96432e-05
169.82	1.94625e-05
169.84	1.92834e-05
169.86	1.9106e-05
169.88	1.89303e-05
169.9	1.87562e-05
169.92	1.85837e-05
169.94	1.84129e-05
169.96	1.82436e-05
169.98	1.80759e-05
170	1.79098e-05
170.02	1.77452e-05
170.04	1.75822e-05
170.06	1.74208e-05
170.08	1.72608e-05
170.1	1.71023e-05
170.12	1.69454e-05
170.14	1.67899e-05
170.16	1.66359e-05
170.18	1.64833e-05
170.2	1.63322e-05
170.22	1.61825e-05
170.24	1.60342e-05
170.26	1.58873e-05
170.28	1.57418e-05
170.3	1.55977e-05
170.32	1.54549e-05
170.34	1.53135e-05
170.36	1.51735e-05
170.38	1.50347e-05
170.4	1.48973e-05
170.42	1.47612e-05
170.44	1.46263e-05
170.46	1.44928e-05
170.48	1.43605e-05
170.5	1.42295e-05
170.52	1.40997e-05
170.54	1.39711e-05
170.56	1.38438e-05
170.58	1.37177e-05
170.6	1.35927e-05
170.62	1.3469e-05
170.64	1.33464e-05
170.66	1.3225e-05
170.68	1.31048e-05
170.7	1.29857e-05
170.72	1.28677e-05
170.74	1.27508e-05
170.76	1.26351e-05
170.78	1.25204e-05
170.8	1.24068e-05
170.82	1.22944e-05
170.84	1.21829e-05
170.86	1.20726e-05
170.88	1.19633e-05
170.9	1.1855e-05
170.92	1.17477e-05
170.94	1.16415e-05
170.96	1.15363e-05
170.98	1.1432e-05
171	1.13288e-05
171.02	1.12265e-05
171.04	1.11252e-05
171.06	1.10249e-05
171.08	1.09255e-05
171.1	1.08271e-05
171.12	1.07296e-05
171.14	1.0633e-05
171.16	1.05373e-05
171.18	1.04425e-05
171.2	1.03486e-05
171.22	1.02556e-05
171.24	1.01635e-05
171.26	1.00723e-05
171.28	9.98191e-06
171.3	9.89238e-06
171.32	9.8037e-06
171.34	9.71585e-06
171.36	9.62883e-06
171.38	9.54264e-06
171.4	9.45725e-06
171.42	9.37267e-06
171.44	9.28889e-06
171.46	9.20589e-06
171.48	9.12368e-06
171.5	9.04224e-06
171.52	8.96157e-06
171.54	8.88165e-06
171.56	8.80249e-06
171.58	8.72406e-06
171.6	8.64638e-06
171.62	8.56942e-06
171.64	8.49319e-06
171.66	8.41767e-06
171.68	8.34286e-06
171.7	8.26875e-06
171.72	8.19534e-06
171.74	8.12261e-06
171.76	8.05057e-06
171.78	7.97919e-06
171.8	7.90849e-06
171.82	7.83845e-06
171.84	7.76906e-06
171.86	7.70032e-06
171.88	7.63222e-06
171.9	7.56476e-06
171.92	7.49793e-06
171.94	7.43172e-06
171.96	7.36612e-06
171.98	7.30114e-06
172	7.23677e-06
172.02	7.17299e-06
172.04	7.10981e-06
172.06	7.04722e-06
172.08	6.98521e-06
172.1	6.92377e-06
172.12	6.86291e-06
172.14	6.80261e-06
172.16	6.74287e-06
172.18	6.68369e-06
172.2	6.62505e-06
172.22	6.56696e-06
172.24	6.50941e-06
172.26	6.45239e-06
172.28	6.3959e-06
172.3	6.33993e-06
172.32	6.28448e-06
172.34	6.22954e-06
172.36	6.17512e-06
172.38	6.12119e-06
172.4	6.06776e-06
172.42	6.01483e-06
172.44	5.96238e-06
172.46	5.91042e-06
172.48	5.85894e-06
172.5	5.80793e-06
172.52	5.7574e-06
172.54	5.70732e-06
172.56	5.65771e-06
172.58	5.60856e-06
172.6	5.55986e-06
172.62	5.5116e-06
172.64	5.46379e-06
172.66	5.41642e-06
172.68	5.36949e-06
172.7	5.32298e-06
172.72	5.27691e-06
172.74	5.23125e-06
172.76	5.18601e-06
172.78	5.14119e-06
172.8	5.09678e-06
172.82	5.05278e-06
172.84	5.00918e-06
172.86	4.96597e-06
172.88	4.92317e-06
172.9	4.88075e-06
172.92	4.83872e-06
172.94	4.79708e-06
172.96	4.75581e-06
172.98	4.71493e-06
173	4.67441e-06
173.02	4.63427e-06
173.04	4.59449e-06
173.06	4.55507e-06
173.08	4.51602e-06
173.1	4.47732e-06
173.12	4.43897e-06
173.14	4.40097e-06
173.16	4.36331e-06
173.18	4.326e-06
173.2	4.28903e-06
173.22	4.25239e-06
173.24	4.21608e-06
173.26	4.18011e-06
173.28	4.14446e-06
173.3	4.10913e-06
173.32	4.07413e-06
173.34	4.03944e-06
173.36	4.00507e-06
173.38	3.971e-06
173.4	3.93725e-06
173.42	3.9038e-06
173.44	3.87065e-06
173.46	3.8378e-06
173.48	3.80525e-06
173.5	3.773e-06
173.52	3.74103e-06
173.54	3.70935e-06
173.56	3.67796e-06
173.58	3.64686e-06
173.6	3.61603e-06
173.62	3.58548e-06
173.64	3.5552e-06
173.66	3.5252e-06
173.68	3.49547e-06
173.7	3.466e-06
173.72	3.4368e-06
173.74	3.40786e-06
173.76	3.37919e-06
173.78	3.35077e-06
173.8	3.3226e-06
173.82	3.29469e-06
173.84	3.26703e-06
173.86	3.23961e-06
173.88	3.21244e-06
173.9	3.18552e-06
173.92	3.15883e-06
173.94	3.13239e-06
173.96	3.10618e-06
173.98	3.08021e-06
174	3.05446e-06
174.02	3.02895e-06
174.04	3.00367e-06
174.06	2.97861e-06
174.08	2.95377e-06
174.1	2.92916e-06
174.12	2.90477e-06
174.14	2.88059e-06
174.16	2.85663e-06
174.18	2.83288e-06
174.2	2.80935e-06
174.22	2.78602e-06
174.24	2.7629e-06
174.26	2.73999e-06
174.28	2.71728e-06
174.3	2.69477e-06
174.32	2.67246e-06
174.34	2.65035e-06
174.36	2.62844e-06
174.38	2.60672e-06
174.4	2.58519e-06
174.42	2.56386e-06
174.44	2.54271e-06
174.46	2.52175e-06
174.48	2.50098e-06
174.5	2.48039e-06
174.52	2.45998e-06
174.54	2.43975e-06
174.56	2.4197e-06
174.58	2.39983e-06
174.6	2.38014e-06
174.62	2.36061e-06
174.64	2.34126e-06
174.66	2.32209e-06
174.68	2.30308e-06
174.7	2.28423e-06
174.72	2.26556e-06
174.74	2.24705e-06
174.76	2.2287e-06
174.78	2.21051e-06
174.8	2.19248e-06
174.82	2.17461e-06
174.84	2.1569e-06
174.86	2.13935e-06
174.88	2.12195e-06
174.9	2.1047e-06
174.92	2.0876e-06
174.94	2.07065e-06
174.96	2.05385e-06
174.98	2.0372e-06
175	2.0207e-06
175.02	2.00433e-06
175.04	1.98812e-06
175.06	1.97204e-06
175.08	1.95611e-06
175.1	1.94031e-06
175.12	1.92465e-06
175.14	1.90913e-06
175.16	1.89375e-06
175.18	1.8785e-06
175.2	1.86338e-06
175.22	1.84839e-06
175.24	1.83354e-06
175.26	1.81881e-06
175.28	1.80421e-06
175.3	1.78974e-06
175.32	1.7754e-06
175.34	1.76118e-06
175.36	1.74708e-06
175.38	1.73311e-06
175.4	1.71926e-06
175.42	1.70553e-06
175.44	1.69192e-06
175.46	1.67842e-06
175.48	1.66504e-06
175.5	1.65178e-06
175.52	1.63864e-06
175.54	1.62561e-06
175.56	1.61269e-06
175.58	1.59988e-06
175.6	1.58718e-06
175.62	1.5746e-06
175.64	1.56212e-06
175.66	1.54975e-06
175.68	1.53749e-06
175.7	1.52533e-06
175.72	1.51328e-06
175.74	1.50133e-06
175.76	1.48949e-06
175.78	1.47775e-06
175.8	1.4661e-06
175.82	1.45456e-06
175.84	1.44312e-06
175.86	1.43178e-06
175.88	1.42053e-06
175.9	1.40939e-06
175.92	1.39833e-06
175.94	1.38738e-06
175.96	1.37651e-06
175.98	1.36574e-06
176	1.35506e-06
176.02	1.34448e-06
176.04	1.33398e-06
176.06	1.32358e-06
176.08	1.31326e-06
176.1	1.30303e-06
176.12	1.29289e-06
176.14	1.28284e-06
176.16	1.27287e-06
176.18	1.26299e-06
176.2	1.2532e-06
176.22	1.24348e-06
176.24	1.23385e-06
176.26	1.2243e-06
176.28	1.21484e-06
176.3	1.20545e-06
176.32	1.19614e-06
176.34	1.18692e-06
176.36	1.17777e-06
176.38	1.1687e-06
176.4	1.15971e-06
176.42	1.15079e-06
176.44	1.14195e-06
176.46	1.13318e-06
176.48	1.12449e-06
176.5	1.11588e-06
176.52	1.10733e-06
176.54	1.09886e-06
176.56	1.09046e-06
176.58	1.08213e-06
176.6	1.07388e-06
176.62	1.06569e-06
176.64	1.05757e-06
176.66	1.04952e-06
176.68	1.04154e-06
176.7	1.03363e-06
176.72	1.02578e-06
176.74	1.018e-06
176.76	1.01029e-06
176.78	1.00264e-06
176.8	9.95053e-07
176.82	9.87532e-07
176.84	9.80075e-07
176.86	9.72681e-07
176.88	9.65349e-07
176.9	9.58079e-07
176.92	9.5087e-07
176.94	9.43722e-07
176.96	9.36634e-07
176.98	9.29606e-07
177	9.22637e-07
177.02	9.15727e-07
177.04	9.08874e-07
177.06	9.02079e-07
177.08	8.95342e-07
177.1	8.8866e-07
177.12	8.82035e-07
177.14	8.75466e-07
177.16	8.68951e-07
177.18	8.62491e-07
177.2	8.56085e-07
177.22	8.49733e-07
177.24	8.43434e-07
177.26	8.37188e-07
177.28	8.30994e-07
177.3	8.24852e-07
177.32	8.18761e-07
177.34	8.12721e-07
177.36	8.06731e-07
177.38	8.00792e-07
177.4	7.94902e-07
177.42	7.89061e-07
177.44	7.83268e-07
177.46	7.77524e-07
177.48	7.71828e-07
177.5	7.66179e-07
177.52	7.60578e-07
177.54	7.55023e-07
177.56	7.49514e-07
177.58	7.44051e-07
177.6	7.38633e-07
177.62	7.3326e-07
177.64	7.27932e-07
177.66	7.22648e-07
177.68	7.17408e-07
177.7	7.12211e-07
177.72	7.07058e-07
177.74	7.01947e-07
177.76	6.96878e-07
177.78	6.91852e-07
177.8	6.86867e-07
177.82	6.81923e-07
177.84	6.7702e-07
177.86	6.72158e-07
177.88	6.67335e-07
177.9	6.62553e-07
177.92	6.5781e-07
177.94	6.53106e-07
177.96	6.48441e-07
177.98	6.43815e-07
178	6.39227e-07
178.02	6.34676e-07
178.04	6.30163e-07
178.06	6.25687e-07
178.08	6.21248e-07
178.1	6.16846e-07
178.12	6.12479e-07
178.14	6.08149e-07
178.16	6.03854e-07
178.18	5.99594e-07
178.2	5.9537e-07
178.22	5.9118e-07
178.24	5.87024e-07
178.26	5.82903e-07
178.28	5.78815e-07
178.3	5.74761e-07
178.32	5.7074e-07
178.34	5.66752e-07
178.36	5.62797e-07
178.38	5.58874e-07
178.4	5.54983e-07
178.42	5.51124e-07
178.44	5.47296e-07
178.46	5.435e-07
178.48	5.39735e-07
178.5	5.36001e-07
178.52	5.32297e-07
178.54	5.28623e-07
178.56	5.24979e-07
178.58	5.21365e-07
178.6	5.17781e-07
178.62	5.14225e-07
178.64	5.10699e-07
178.66	5.07201e-07
178.68	5.03732e-07
178.7	5.00291e-07
178.72	4.96878e-07
178.74	4.93493e-07
178.76	4.90136e-07
178.78	4.86805e-07
178.8	4.83502e-07
178.82	4.80226e-07
178.84	4.76976e-07
178.86	4.73753e-07
178.88	4.70555e-07
178.9	4.67384e-07
178.92	4.64239e-07
178.94	4.61119e-07
178.96	4.58024e-07
178.98	4.54954e-07
179	4.51909e-07
179.02	4.48889e-07
179.04	4.45894e-07
179.06	4.42922e-07
179.08	4.39975e-07
179.1	4.37051e-07
179.12	4.34152e-07
179.14	4.31275e-07
179.16	4.28422e-07
179.18	4.25592e-07
179.2	4.22785e-07
179.22	4.20001e-07
179.24	4.17239e-07
179.26	4.14499e-07
179.28	4.11781e-07
179.3	4.09086e-07
179.32	4.06412e-07
179.34	4.0376e-07
179.36	4.01129e-07
179.38	3.98519e-07
179.4	3.95931e-07
179.42	3.93363e-07
179.44	3.90816e-07
179.46	3.8829e-07
179.48	3.85784e-07
179.5	3.83298e-07
179.52	3.80832e-07
179.54	3.78386e-07
179.56	3.7596e-07
179.58	3.73553e-07
179.6	3.71166e-07
179.62	3.68797e-07
179.64	3.66448e-07
179.66	3.64118e-07
179.68	3.61807e-07
179.7	3.59514e-07
179.72	3.5724e-07
179.74	3.54984e-07
179.76	3.52746e-07
179.78	3.50526e-07
179.8	3.48324e-07
179.82	3.4614e-07
179.84	3.43973e-07
179.86	3.41824e-07
179.88	3.39692e-07
179.9	3.37577e-07
179.92	3.35479e-07
179.94	3.33398e-07
179.96	3.31334e-07
179.98	3.29286e-07
180	3.27255e-07
180.02	3.2524e-07
180.04	3.23242e-07
180.06	3.21259e-07
180.08	3.19293e-07
180.1	3.17342e-07
180.12	3.15407e-07
180.14	3.13488e-07
180.16	3.11584e-07
180.18	3.09695e-07
180.2	3.07822e-07
180.22	3.05963e-07
180.24	3.0412e-07
180.26	3.02291e-07
180.28	3.00478e-07
180.3	2.98678e-07
180.32	2.96894e-07
180.34	2.95123e-07
180.36	2.93367e-07
180.38	2.91626e-07
180.4	2.89898e-07
180.42	2.88184e-07
180.44	2.86484e-07
180.46	2.84798e-07
180.48	2.83125e-07
180.5	2.81466e-07
180.52	2.7982e-07
180.54	2.78188e-07
180.56	2.76569e-07
180.58	2.74963e-07
180.6	2.7337e-07
180.62	2.71789e-07
180.64	2.70222e-07
180.66	2.68667e-07
180.68	2.67125e-07
180.7	2.65596e-07
180.72	2.64079e-07
180.74	2.62574e-07
180.76	2.61082e-07
180.78	2.59601e-07
180.8	2.58133e-07
180.82	2.56677e-07
180.84	2.55232e-07
180.86	2.538e-07
180.88	2.52379e-07
180.9	2.50969e-07
180.92	2.49572e-07
180.94	2.48185e-07
180.96	2.4681e-07
180.98	2.45447e-07
181	2.44094e-07
181.02	2.42753e-07
181.04	2.41423e-07
181.06	2.40103e-07
181.08	2.38795e-07
181.1	2.37497e-07
181.12	2.3621e-07
181.14	2.34934e-07
181.16	2.33668e-07
181.18	2.32413e-07
181.2	2.31168e-07
181.22	2.29933e-07
181.24	2.28709e-07
181.26	2.27495e-07
181.28	2.26291e-07
181.3	2.25098e-07
181.32	2.23914e-07
181.34	2.2274e-07
181.36	2.21576e-07
181.38	2.20422e-07
181.4	2.19277e-07
181.42	2.18143e-07
181.44	2.17018e-07
181.46	2.15902e-07
181.48	2.14796e-07
181.5	2.13699e-07
181.52	2.12612e-07
181.54	2.11534e-07
181.56	2.10465e-07
181.58	2.09405e-07
181.6	2.08354e-07
181.62	2.07313e-07
181.64	2.06281e-07
181.66	2.05257e-07
181.68	2.04242e-07
181.7	2.03237e-07
181.72	2.0224e-07
181.74	2.01251e-07
181.76	2.00272e-07
181.78	1.99301e-07
181.8	1.98338e-07
181.82	1.97385e-07
181.84	1.96439e-07
181.86	1.95502e-07
181.88	1.94574e-07
181.9	1.93654e-07
181.92	1.92742e-07
181.94	1.91838e-07
181.96	1.90943e-07
181.98	1.90056e-07
182	1.89176e-07
182.02	1.88306e-07
182.04	1.87443e-07
182.06	1.86588e-07
182.08	1.85741e-07
182.1	1.84902e-07
182.12	1.84071e-07
182.14	1.83247e-07
182.16	1.82432e-07
182.18	1.81624e-07
182.2	1.80824e-07
182.22	1.80032e-07
182.24	1.79248e-07
182.26	1.78471e-07
182.28	1.77702e-07
182.3	1.76941e-07
182.32	1.76187e-07
182.34	1.7544e-07
182.36	1.74702e-07
182.38	1.7397e-07
182.4	1.73247e-07
182.42	1.7253e-07
182.44	1.71821e-07
182.46	1.7112e-07
182.48	1.70426e-07
182.5	1.69739e-07
182.52	1.6906e-07
182.54	1.68389e-07
182.56	1.67724e-07
182.58	1.67067e-07
182.6	1.66417e-07
182.62	1.65775e-07
182.64	1.6514e-07
182.66	1.64512e-07
182.68	1.63892e-07
182.7	1.63279e-07
182.72	1.62673e-07
182.74	1.62075e-07
182.76	1.61484e-07
182.78	1.609e-07
182.8	1.60324e-07
182.82	1.59755e-07
182.84	1.59194e-07
182.86	1.5864e-07
182.88	1.58093e-07
182.9	1.57554e-07
182.92	1.57022e-07
182.94	1.56498e-07
182.96	1.55981e-07
182.98	1.55472e-07
183	1.54971e-07
183.02	1.54477e-07
183.04	1.53991e-07
183.06	1.53513e-07
183.08	1.53043e-07
183.1	1.5258e-07
183.12	1.52126e-07
183.14	1.5168e-07
183.16	1.51241e-07
183.18	1.50811e-07
183.2	1.5039e-07
183.22	1.49976e-07
183.24	1.49571e-07
183.26	1.49175e-07
183.28	1.48788e-07
183.3	1.4841e-07
183.32	1.4804e-07
183.34	1.4768e-07
183.36	1.4733e-07
183.38	1.46989e-07
183.4	1.46658e-07
183.42	1.46337e-07
183.44	1.46026e-07
183.46	1.45726e-07
183.48	1.45437e-07
183.5	1.45159e-07
183.52	1.44893e-07
183.54	1.44639e-07
183.56	1.44398e-07
183.58	1.4417e-07
183.6	1.43956e-07
183.62	1.43756e-07
183.64	1.43571e-07
183.66	1.43402e-07
183.68	1.4325e-07
183.7	1.43116e-07
183.72	1.43002e-07
183.74	1.42909e-07
183.76	1.42839e-07
183.78	1.42795e-07
183.8	1.42779e-07
183.82	1.42794e-07
183.84	1.42847e-07
183.86	1.42942e-07
183.88	1.43089e-07
183.9	1.43301e-07
183.92	1.43598e-07
183.94	1.44016e-07
183.96	1.44626e-07
183.98	1.45596e-07
184	1.47376e-07
184.02	1.51482e-07
184.04	1.60611e-07
184.06	1.7766e-07
184.08	2.07279e-07
184.1	2.57945e-07
184.12	3.42281e-07
184.14	4.80021e-07
184.16	7.04887e-07
184.18	1.06966e-06
184.2	1.64326e-06
184.22	2.49829e-06
184.24	3.68631e-06
184.26	5.21178e-06
184.28	7.03434e-06
184.3	9.09527e-06
184.32	1.1336e-05
184.34	1.37037e-05
184.36	1.61515e-05
184.38	1.86396e-05
184.4	2.11347e-05
184.42	2.36104e-05
184.44	2.60455e-05
184.46	2.8424e-05
184.48	3.07337e-05
184.5	3.29655e-05
184.52	3.51133e-05
184.54	3.71727e-05
184.56	3.91416e-05
184.58	4.10187e-05
184.6	4.28044e-05
184.62	4.44996e-05
184.64	4.61061e-05
184.66	4.7626e-05
184.68	4.90619e-05
184.7	5.04167e-05
184.72	5.16934e-05
184.74	5.28951e-05
184.76	5.4025e-05
184.78	5.50862e-05
184.8	5.60818e-05
184.82	5.70148e-05
184.84	5.78883e-05
184.86	5.87051e-05
184.88	5.94679e-05
184.9	6.01795e-05
184.92	6.08424e-05
184.94	6.14591e-05
184.96	6.20319e-05
184.98	6.25629e-05
185	6.30544e-05
185.02	6.35084e-05
185.04	6.39267e-05
185.06	6.43112e-05
185.08	6.46636e-05
185.1	6.49854e-05
185.12	6.52784e-05
185.14	6.55439e-05
185.16	6.57833e-05
185.18	6.59979e-05
185.2	6.6189e-05
185.22	6.63577e-05
185.24	6.65051e-05
185.26	6.66323e-05
185.28	6.67402e-05
185.3	6.68297e-05
185.32	6.69018e-05
185.34	6.69571e-05
185.36	6.69966e-05
185.38	6.70209e-05
185.4	6.70306e-05
185.42	6.70265e-05
185.44	6.70091e-05
185.46	6.69789e-05
185.48	6.69366e-05
185.5	6.68825e-05
185.52	6.68172e-05
185.54	6.67411e-05
185.56	6.66546e-05
185.58	6.6558e-05
185.6	6.64518e-05
185.62	6.63362e-05
185.64	6.62116e-05
185.66	6.60783e-05
185.68	6.59366e-05
185.7	6.57867e-05
185.72	6.56289e-05
185.74	6.54634e-05
185.76	6.52905e-05
185.78	6.51103e-05
185.8	6.49231e-05
185.82	6.4729e-05
185.84	6.45283e-05
185.86	6.43211e-05
185.88	6.41076e-05
185.9	6.3888e-05
185.92	6.36625e-05
185.94	6.34311e-05
185.96	6.3194e-05
185.98	6.29514e-05
186	6.27035e-05
186.02	6.24504e-05
186.04	6.21921e-05
186.06	6.1929e-05
186.08	6.1661e-05
186.1	6.13884e-05
186.12	6.11112e-05
186.14	6.08296e-05
186.16	6.05437e-05
186.18	6.02537e-05
186.2	5.99597e-05
186.22	5.96618e-05
186.24	5.93602e-05
186.26	5.90549e-05
186.28	5.87461e-05
186.3	5.8434e-05
186.32	5.81186e-05
186.34	5.78002e-05
186.36	5.74787e-05
186.38	5.71543e-05
186.4	5.68273e-05
186.42	5.64976e-05
186.44	5.61654e-05
186.46	5.58309e-05
186.48	5.54941e-05
186.5	5.51552e-05
186.52	5.48143e-05
186.54	5.44715e-05
186.56	5.4127e-05
186.58	5.37808e-05
186.6	5.3433e-05
186.62	5.30839e-05
186.64	5.27335e-05
186.66	5.23818e-05
186.68	5.20291e-05
186.7	5.16755e-05
186.72	5.13209e-05
186.74	5.09657e-05
186.76	5.06097e-05
186.78	5.02532e-05
186.8	4.98963e-05
186.82	4.9539e-05
186.84	4.91815e-05
186.86	4.88238e-05
186.88	4.8466e-05
186.9	4.81083e-05
186.92	4.77507e-05
186.94	4.73932e-05
186.96	4.70361e-05
186.98	4.66793e-05
187	4.6323e-05
187.02	4.59672e-05
187.04	4.5612e-05
187.06	4.52574e-05
187.08	4.49037e-05
187.1	4.45507e-05
187.12	4.41986e-05
187.14	4.38475e-05
187.16	4.34973e-05
187.18	4.31483e-05
187.2	4.28004e-05
187.22	4.24536e-05
187.24	4.21081e-05
187.26	4.17639e-05
187.28	4.14211e-05
187.3	4.10796e-05
187.32	4.07396e-05
187.34	4.04011e-05
187.36	4.00641e-05
187.38	3.97286e-05
187.4	3.93948e-05
187.42	3.90627e-05
187.44	3.87322e-05
187.46	3.84034e-05
187.48	3.80764e-05
187.5	3.77512e-05
187.52	3.74278e-05
187.54	3.71062e-05
187.56	3.67865e-05
187.58	3.64687e-05
187.6	3.61527e-05
187.62	3.58388e-05
187.64	3.55268e-05
187.66	3.52167e-05
187.68	3.49087e-05
187.7	3.46026e-05
187.72	3.42986e-05
187.74	3.39966e-05
187.76	3.36967e-05
187.78	3.33989e-05
187.8	3.31031e-05
187.82	3.28094e-05
187.84	3.25178e-05
187.86	3.22282e-05
187.88	3.19408e-05
187.9	3.16555e-05
187.92	3.13724e-05
187.94	3.10913e-05
187.96	3.08124e-05
187.98	3.05356e-05
188	3.02609e-05
188.02	2.99883e-05
188.04	2.97179e-05
188.06	2.94496e-05
188.08	2.91834e-05
188.1	2.89194e-05
188.12	2.86574e-05
188.14	2.83976e-05
188.16	2.81399e-05
188.18	2.78843e-05
188.2	2.76308e-05
188.22	2.73794e-05
188.24	2.71301e-05
188.26	2.68828e-05
188.28	2.66377e-05
188.3	2.63946e-05
188.32	2.61536e-05
188.34	2.59146e-05
188.36	2.56777e-05
188.38	2.54428e-05
188.4	2.52099e-05
188.42	2.49791e-05
188.44	2.47502e-05
188.46	2.45234e-05
188.48	2.42986e-05
188.5	2.40757e-05
188.52	2.38548e-05
188.54	2.36358e-05
188.56	2.34188e-05
188.58	2.32037e-05
188.6	2.29906e-05
188.62	2.27793e-05
188.64	2.257e-05
188.66	2.23625e-05
188.68	2.21569e-05
188.7	2.19531e-05
188.72	2.17513e-05
188.74	2.15512e-05
188.76	2.1353e-05
188.78	2.11565e-05
188.8	2.09619e-05
188.82	2.07691e-05
188.84	2.0578e-05
188.86	2.03886e-05
188.88	2.02011e-05
188.9	2.00152e-05
188.92	1.98311e-05
188.94	1.96487e-05
188.96	1.94679e-05
188.98	1.92889e-05
189	1.91115e-05
189.02	1.89357e-05
189.04	1.87616e-05
189.06	1.85891e-05
189.08	1.84182e-05
189.1	1.82489e-05
189.12	1.80812e-05
189.14	1.79151e-05
189.16	1.77505e-05
189.18	1.75875e-05
189.2	1.7426e-05
189.22	1.7266e-05
189.24	1.71076e-05
189.26	1.69506e-05
189.28	1.67951e-05
189.3	1.6641e-05
189.32	1.64885e-05
189.34	1.63373e-05
189.36	1.61876e-05
189.38	1.60393e-05
189.4	1.58924e-05
189.42	1.57469e-05
189.44	1.56027e-05
189.46	1.54599e-05
189.48	1.53185e-05
189.5	1.51784e-05
189.52	1.50397e-05
189.54	1.49022e-05
189.56	1.47661e-05
189.58	1.46312e-05
189.6	1.44977e-05
189.62	1.43654e-05
189.64	1.42343e-05
189.66	1.41045e-05
189.68	1.39759e-05
189.7	1.38486e-05
189.72	1.37224e-05
189.74	1.35975e-05
189.76	1.34737e-05
189.78	1.33511e-05
189.8	1.32297e-05
189.82	1.31094e-05
189.84	1.29903e-05
189.86	1.28723e-05
189.88	1.27554e-05
189.9	1.26396e-05
189.92	1.25249e-05
189.94	1.24114e-05
189.96	1.22988e-05
189.98	1.21874e-05
190	1.2077e-05
190.02	1.19677e-05
190.04	1.18594e-05
190.06	1.17521e-05
190.08	1.16459e-05
190.1	1.15406e-05
190.12	1.14363e-05
190.14	1.13331e-05
190.16	1.12308e-05
190.18	1.11295e-05
190.2	1.10291e-05
190.22	1.09297e-05
190.24	1.08312e-05
190.26	1.07337e-05
190.28	1.06371e-05
190.3	1.05414e-05
190.32	1.04466e-05
190.34	1.03527e-05
190.36	1.02597e-05
190.38	1.01676e-05
190.4	1.00763e-05
190.42	9.98589e-06
190.44	9.89634e-06
190.46	9.80764e-06
190.48	9.71977e-06
190.5	9.63274e-06
190.52	9.54652e-06
190.54	9.46111e-06
190.56	9.37651e-06
190.58	9.29271e-06
190.6	9.20969e-06
190.62	9.12746e-06
190.64	9.04599e-06
190.66	8.9653e-06
190.68	8.88536e-06
190.7	8.80618e-06
190.72	8.72774e-06
190.74	8.65003e-06
190.76	8.57306e-06
190.78	8.4968e-06
190.8	8.42126e-06
190.82	8.34643e-06
190.84	8.2723e-06
190.86	8.19887e-06
190.88	8.12612e-06
190.9	8.05406e-06
190.92	7.98266e-06
190.94	7.91194e-06
190.96	7.84188e-06
190.98	7.77247e-06
191	7.70371e-06
191.02	7.63559e-06
191.04	7.56811e-06
191.06	7.50126e-06
191.08	7.43503e-06
191.1	7.36942e-06
191.12	7.30442e-06
191.14	7.24002e-06
191.16	7.17623e-06
191.18	7.11303e-06
191.2	7.05042e-06
191.22	6.98839e-06
191.24	6.92693e-06
191.26	6.86605e-06
191.28	6.80573e-06
191.3	6.74598e-06
191.32	6.68677e-06
191.34	6.62812e-06
191.36	6.57001e-06
191.38	6.51244e-06
191.4	6.4554e-06
191.42	6.39889e-06
191.44	6.34291e-06
191.46	6.28744e-06
191.48	6.23249e-06
191.5	6.17804e-06
191.52	6.1241e-06
191.54	6.07065e-06
191.56	6.0177e-06
191.58	5.96524e-06
191.6	5.91326e-06
191.62	5.86176e-06
191.64	5.81073e-06
191.66	5.76018e-06
191.68	5.71009e-06
191.7	5.66046e-06
191.72	5.61129e-06
191.74	5.56258e-06
191.76	5.5143e-06
191.78	5.46648e-06
191.8	5.41909e-06
191.82	5.37214e-06
191.84	5.32562e-06
191.86	5.27952e-06
191.88	5.23385e-06
191.9	5.1886e-06
191.92	5.14376e-06
191.94	5.09933e-06
191.96	5.05531e-06
191.98	5.0117e-06
192	4.96848e-06
192.02	4.92566e-06
192.04	4.88322e-06
192.06	4.84118e-06
192.08	4.79952e-06
192.1	4.75824e-06
192.12	4.71734e-06
192.14	4.67681e-06
192.16	4.63665e-06
192.18	4.59686e-06
192.2	4.55742e-06
192.22	4.51835e-06
192.24	4.47964e-06
192.26	4.44127e-06
192.28	4.40326e-06
192.3	4.36559e-06
192.32	4.32826e-06
192.34	4.29127e-06
192.36	4.25462e-06
192.38	4.2183e-06
192.4	4.18231e-06
192.42	4.14665e-06
192.44	4.11131e-06
192.46	4.07629e-06
192.48	4.04159e-06
192.5	4.0072e-06
192.52	3.97312e-06
192.54	3.93935e-06
192.56	3.90589e-06
192.58	3.87273e-06
192.6	3.83987e-06
192.62	3.8073e-06
192.64	3.77503e-06
192.66	3.74306e-06
192.68	3.71136e-06
192.7	3.67996e-06
192.72	3.64884e-06
192.74	3.618e-06
192.76	3.58743e-06
192.78	3.55715e-06
192.8	3.52713e-06
192.82	3.49739e-06
192.84	3.46791e-06
192.86	3.43869e-06
192.88	3.40974e-06
192.9	3.38105e-06
192.92	3.35262e-06
192.94	3.32444e-06
192.96	3.29652e-06
192.98	3.26884e-06
193	3.24142e-06
193.02	3.21424e-06
193.04	3.1873e-06
193.06	3.1606e-06
193.08	3.13414e-06
193.1	3.10792e-06
193.12	3.08194e-06
193.14	3.05618e-06
193.16	3.03066e-06
193.18	3.00536e-06
193.2	2.98029e-06
193.22	2.95545e-06
193.24	2.93082e-06
193.26	2.90642e-06
193.28	2.88223e-06
193.3	2.85826e-06
193.32	2.8345e-06
193.34	2.81095e-06
193.36	2.78762e-06
193.38	2.76449e-06
193.4	2.74156e-06
193.42	2.71884e-06
193.44	2.69632e-06
193.46	2.674e-06
193.48	2.65188e-06
193.5	2.62996e-06
193.52	2.60823e-06
193.54	2.58669e-06
193.56	2.56534e-06
193.58	2.54419e-06
193.6	2.52322e-06
193.62	2.50243e-06
193.64	2.48183e-06
193.66	2.46141e-06
193.68	2.44118e-06
193.7	2.42112e-06
193.72	2.40124e-06
193.74	2.38153e-06
193.76	2.362e-06
193.78	2.34264e-06
193.8	2.32345e-06
193.82	2.30443e-06
193.84	2.28558e-06
193.86	2.26689e-06
193.88	2.24837e-06
193.9	2.23001e-06
193.92	2.21182e-06
193.94	2.19378e-06
193.96	2.1759e-06
193.98	2.15818e-06
194	2.14062e-06
194.02	2.1232e-06
194.04	2.10595e-06
194.06	2.08884e-06
194.08	2.07188e-06
194.1	2.05508e-06
194.12	2.03842e-06
194.14	2.0219e-06
194.16	2.00553e-06
194.18	1.9893e-06
194.2	1.97322e-06
194.22	1.95728e-06
194.24	1.94147e-06
194.26	1.92581e-06
194.28	1.91028e-06
194.3	1.89488e-06
194.32	1.87962e-06
194.34	1.8645e-06
194.36	1.8495e-06
194.38	1.83464e-06
194.4	1.8199e-06
194.42	1.8053e-06
194.44	1.79082e-06
194.46	1.77647e-06
194.48	1.76224e-06
194.5	1.74814e-06
194.52	1.73415e-06
194.54	1.7203e-06
194.56	1.70656e-06
194.58	1.69294e-06
194.6	1.67943e-06
194.62	1.66605e-06
194.64	1.65278e-06
194.66	1.63963e-06
194.68	1.62659e-06
194.7	1.61366e-06
194.72	1.60085e-06
194.74	1.58814e-06
194.76	1.57555e-06
194.78	1.56307e-06
194.8	1.55069e-06
194.82	1.53842e-06
194.84	1.52626e-06
194.86	1.5142e-06
194.88	1.50224e-06
194.9	1.49039e-06
194.92	1.47864e-06
194.94	1.46699e-06
194.96	1.45544e-06
194.98	1.444e-06
195	1.43265e-06
195.02	1.42139e-06
195.04	1.41024e-06
195.06	1.39918e-06
195.08	1.38821e-06
195.1	1.37734e-06
195.12	1.36657e-06
195.14	1.35588e-06
195.16	1.34529e-06
195.18	1.33479e-06
195.2	1.32438e-06
195.22	1.31405e-06
195.24	1.30382e-06
195.26	1.29367e-06
195.28	1.28361e-06
195.3	1.27364e-06
195.32	1.26375e-06
195.34	1.25395e-06
195.36	1.24423e-06
195.38	1.23459e-06
195.4	1.22504e-06
195.42	1.21557e-06
195.44	1.20617e-06
195.46	1.19686e-06
195.48	1.18763e-06
195.5	1.17847e-06
195.52	1.1694e-06
195.54	1.1604e-06
195.56	1.15148e-06
195.58	1.14263e-06
195.6	1.13386e-06
195.62	1.12516e-06
195.64	1.11654e-06
195.66	1.10799e-06
195.68	1.09952e-06
195.7	1.09111e-06
195.72	1.08278e-06
195.74	1.07451e-06
195.76	1.06632e-06
195.78	1.0582e-06
195.8	1.05014e-06
195.82	1.04216e-06
195.84	1.03424e-06
195.86	1.02639e-06
195.88	1.0186e-06
195.9	1.01088e-06
195.92	1.00323e-06
195.94	9.95636e-07
195.96	9.8811e-07
195.98	9.80648e-07
196	9.73249e-07
196.02	9.65912e-07
196.04	9.58637e-07
196.06	9.51423e-07
196.08	9.4427e-07
196.1	9.37177e-07
196.12	9.30143e-07
196.14	9.23169e-07
196.16	9.16254e-07
196.18	9.09397e-07
196.2	9.02597e-07
196.22	8.95854e-07
196.24	8.89168e-07
196.26	8.82538e-07
196.28	8.75964e-07
196.3	8.69445e-07
196.32	8.6298e-07
196.34	8.5657e-07
196.36	8.50213e-07
196.38	8.4391e-07
196.4	8.37659e-07
196.42	8.3146e-07
196.44	8.25313e-07
196.46	8.19218e-07
196.48	8.13174e-07
196.5	8.07179e-07
196.52	8.01235e-07
196.54	7.95341e-07
196.56	7.89496e-07
196.58	7.83699e-07
196.6	7.77951e-07
196.62	7.7225e-07
196.64	7.66597e-07
196.66	7.60991e-07
196.68	7.55432e-07
196.7	7.49919e-07
196.72	7.44452e-07
196.74	7.3903e-07
196.76	7.33653e-07
196.78	7.28321e-07
196.8	7.23032e-07
196.82	7.17788e-07
196.84	7.12588e-07
196.86	7.0743e-07
196.88	7.02315e-07
196.9	6.97243e-07
196.92	6.92212e-07
196.94	6.87223e-07
196.96	6.82276e-07
196.98	6.77369e-07
197	6.72503e-07
197.02	6.67676e-07
197.04	6.6289e-07
197.06	6.58144e-07
197.08	6.53436e-07
197.1	6.48767e-07
197.12	6.44137e-07
197.14	6.39545e-07
197.16	6.34991e-07
197.18	6.30474e-07
197.2	6.25995e-07
197.22	6.21552e-07
197.24	6.17146e-07
197.26	6.12776e-07
197.28	6.08442e-07
197.3	6.04144e-07
197.32	5.9988e-07
197.34	5.95652e-07
197.36	5.91459e-07
197.38	5.873e-07
197.4	5.83175e-07
197.42	5.79084e-07
197.44	5.75026e-07
197.46	5.71002e-07
197.48	5.67011e-07
197.5	5.63052e-07
197.52	5.59126e-07
197.54	5.55231e-07
197.56	5.51369e-07
197.58	5.47538e-07
197.6	5.43739e-07
197.62	5.3997e-07
197.64	5.36233e-07
197.66	5.32526e-07
197.68	5.28849e-07
197.7	5.25202e-07
197.72	5.21585e-07
197.74	5.17997e-07
197.76	5.14438e-07
197.78	5.10909e-07
197.8	5.07408e-07
197.82	5.03936e-07
197.84	5.00492e-07
197.86	4.97076e-07
197.88	4.93688e-07
197.9	4.90327e-07
197.92	4.86994e-07
197.94	4.83687e-07
197.96	4.80408e-07
197.98	4.77155e-07
198	4.73929e-07
198.02	4.70729e-07
198.04	4.67555e-07
198.06	4.64406e-07
198.08	4.61283e-07
198.1	4.58185e-07
198.12	4.55113e-07
198.14	4.52065e-07
198.16	4.49042e-07
198.18	4.46044e-07
198.2	4.4307e-07
198.22	4.40119e-07
198.24	4.37193e-07
198.26	4.34291e-07
198.28	4.31411e-07
198.3	4.28556e-07
198.32	4.25723e-07
198.34	4.22913e-07
198.36	4.20126e-07
198.38	4.17361e-07
198.4	4.14619e-07
198.42	4.11898e-07
198.44	4.092e-07
198.46	4.06524e-07
198.48	4.03869e-07
198.5	4.01235e-07
198.52	3.98623e-07
198.54	3.96032e-07
198.56	3.93461e-07
198.58	3.90912e-07
198.6	3.88383e-07
198.62	3.85874e-07
198.64	3.83385e-07
198.66	3.80917e-07
198.68	3.78468e-07
198.7	3.7604e-07
198.72	3.7363e-07
198.74	3.7124e-07
198.76	3.6887e-07
198.78	3.66518e-07
198.8	3.64185e-07
198.82	3.61872e-07
198.84	3.59576e-07
198.86	3.57299e-07
198.88	3.55041e-07
198.9	3.52801e-07
198.92	3.50578e-07
198.94	3.48374e-07
198.96	3.46187e-07
198.98	3.44018e-07
199	3.41866e-07
199.02	3.39732e-07
199.04	3.37614e-07
199.06	3.35514e-07
199.08	3.33431e-07
199.1	3.31364e-07
199.12	3.29314e-07
199.14	3.27281e-07
199.16	3.25263e-07
199.18	3.23262e-07
199.2	3.21277e-07
199.22	3.19309e-07
199.24	3.17355e-07
199.26	3.15418e-07
199.28	3.13496e-07
199.3	3.1159e-07
199.32	3.09699e-07
199.34	3.07823e-07
199.36	3.05962e-07
199.38	3.04117e-07
199.4	3.02286e-07
199.42	3.0047e-07
199.44	2.98668e-07
199.46	2.96881e-07
199.48	2.95108e-07
199.5	2.9335e-07
199.52	2.91606e-07
199.54	2.89876e-07
199.56	2.8816e-07
199.58	2.86457e-07
199.6	2.84769e-07
199.62	2.83094e-07
199.64	2.81432e-07
199.66	2.79784e-07
199.68	2.7815e-07
199.7	2.76528e-07
199.72	2.7492e-07
199.74	2.73324e-07
199.76	2.71742e-07
199.78	2.70172e-07
199.8	2.68615e-07
199.82	2.67071e-07
199.84	2.65539e-07
199.86	2.6402e-07
199.88	2.62513e-07
199.9	2.61018e-07
199.92	2.59535e-07
199.94	2.58065e-07
199.96	2.56606e-07
199.98	2.55159e-07
200	2.53724e-07
200.02	2.52301e-07
200.04	2.5089e-07
200.06	2.4949e-07
200.08	2.48101e-07
200.1	2.46724e-07
200.12	2.45358e-07
200.14	2.44003e-07
200.16	2.42659e-07
200.18	2.41326e-07
200.2	2.40005e-07
200.22	2.38694e-07
200.24	2.37394e-07
200.26	2.36104e-07
200.28	2.34826e-07
200.3	2.33558e-07
200.32	2.323e-07
200.34	2.31053e-07
200.36	2.29816e-07
200.38	2.28589e-07
200.4	2.27373e-07
200.42	2.26167e-07
200.44	2.2497e-07
200.46	2.23784e-07
200.48	2.22608e-07
200.5	2.21442e-07
200.52	2.20285e-07
200.54	2.19138e-07
200.56	2.18001e-07
200.58	2.16873e-07
200.6	2.15755e-07
200.62	2.14646e-07
200.64	2.13547e-07
200.66	2.12457e-07
200.68	2.11376e-07
200.7	2.10305e-07
200.72	2.09243e-07
200.74	2.0819e-07
200.76	2.07146e-07
200.78	2.0611e-07
200.8	2.05084e-07
200.82	2.04067e-07
200.84	2.03059e-07
200.86	2.02059e-07
200.88	2.01068e-07
200.9	2.00086e-07
200.92	1.99112e-07
200.94	1.98147e-07
200.96	1.9719e-07
200.98	1.96242e-07
201	1.95302e-07
201.02	1.94371e-07
201.04	1.93448e-07
201.06	1.92533e-07
201.08	1.91627e-07
201.1	1.90728e-07
201.12	1.89838e-07
201.14	1.88956e-07
201.16	1.88082e-07
201.18	1.87216e-07
201.2	1.86358e-07
201.22	1.85508e-07
201.24	1.84666e-07
201.26	1.83832e-07
201.28	1.83006e-07
201.3	1.82187e-07
201.32	1.81376e-07
201.34	1.80573e-07
201.36	1.79778e-07
201.38	1.7899e-07
201.4	1.7821e-07
201.42	1.77437e-07
201.44	1.76672e-07
201.46	1.75915e-07
201.48	1.75165e-07
201.5	1.74423e-07
201.52	1.73688e-07
201.54	1.7296e-07
201.56	1.7224e-07
201.58	1.71528e-07
201.6	1.70823e-07
201.62	1.70125e-07
201.64	1.69434e-07
201.66	1.68751e-07
201.68	1.68075e-07
201.7	1.67407e-07
201.72	1.66746e-07
201.74	1.66092e-07
201.76	1.65445e-07
201.78	1.64806e-07
201.8	1.64173e-07
201.82	1.63549e-07
201.84	1.62931e-07
201.86	1.62321e-07
201.88	1.61718e-07
201.9	1.61122e-07
201.92	1.60533e-07
201.94	1.59952e-07
201.96	1.59378e-07
201.98	1.58811e-07
202	1.58252e-07
202.02	1.577e-07
202.04	1.57155e-07
202.06	1.56618e-07
202.08	1.56088e-07
202.1	1.55566e-07
202.12	1.55051e-07
202.14	1.54543e-07
202.16	1.54043e-07
202.18	1.53551e-07
202.2	1.53066e-07
202.22	1.52589e-07
202.24	1.52119e-07
202.26	1.51658e-07
202.28	1.51204e-07
202.3	1.50758e-07
202.32	1.5032e-07
202.34	1.4989e-07
202.36	1.49469e-07
202.38	1.49055e-07
202.4	1.4865e-07
202.42	1.48254e-07
202.44	1.47866e-07
202.46	1.47487e-07
202.48	1.47117e-07
202.5	1.46756e-07
202.52	1.46404e-07
202.54	1.46062e-07
202.56	1.45729e-07
202.58	1.45406e-07
202.6	1.45093e-07
202.62	1.4479e-07
202.64	1.44499e-07
202.66	1.44218e-07
202.68	1.43948e-07
202.7	1.4369e-07
202.72	1.43445e-07
202.74	1.43212e-07
202.76	1.42992e-07
202.78	1.42786e-07
202.8	1.42595e-07
202.82	1.42419e-07
202.84	1.42259e-07
202.86	1.42116e-07
202.88	1.41992e-07
202.9	1.41888e-07
202.92	1.41805e-07
202.94	1.41746e-07
202.96	1.41712e-07
202.98	1.41708e-07
203	1.41737e-07
203.02	1.41804e-07
203.04	1.41916e-07
203.06	1.42083e-07
203.08	1.4232e-07
203.1	1.4265e-07
203.12	1.43116e-07
203.14	1.4381e-07
203.16	1.44953e-07
203.18	1.47177e-07
203.2	1.52512e-07
203.22	1.63754e-07
203.24	1.83945e-07
203.26	2.18866e-07
203.28	2.78184e-07
203.3	3.76161e-07
203.32	5.36029e-07
203.34	7.97094e-07
203.36	1.21787e-06
203.38	1.87027e-06
203.4	2.8237e-06
203.42	4.11736e-06
203.44	5.73999e-06
203.46	7.64272e-06
203.48	9.76565e-06
203.5	1.20517e-05
203.52	1.44498e-05
203.54	1.69152e-05
203.56	1.94101e-05
203.58	2.19034e-05
203.6	2.43702e-05
203.62	2.6791e-05
203.64	2.91512e-05
203.66	3.14394e-05
203.68	3.36476e-05
203.7	3.57702e-05
203.72	3.78037e-05
203.74	3.9746e-05
203.76	4.15966e-05
203.78	4.33559e-05
203.8	4.50251e-05
203.82	4.66062e-05
203.84	4.81015e-05
203.86	4.95135e-05
203.88	5.08454e-05
203.9	5.21e-05
203.92	5.32806e-05
203.94	5.43902e-05
203.96	5.54321e-05
203.98	5.64093e-05
204	5.73248e-05
204.02	5.81816e-05
204.04	5.89826e-05
204.06	5.97304e-05
204.08	6.04277e-05
204.1	6.10771e-05
204.12	6.16809e-05
204.14	6.22415e-05
204.16	6.2761e-05
204.18	6.32415e-05
204.2	6.3685e-05
204.22	6.40935e-05
204.24	6.44686e-05
204.26	6.48121e-05
204.28	6.51255e-05
204.3	6.54105e-05
204.32	6.56684e-05
204.34	6.59006e-05
204.36	6.61084e-05
204.38	6.6293e-05
204.4	6.64555e-05
204.42	6.6597e-05
204.44	6.67186e-05
204.46	6.68211e-05
204.48	6.69056e-05
204.5	6.69728e-05
204.52	6.70235e-05
204.54	6.70586e-05
204.56	6.70786e-05
204.58	6.70843e-05
204.6	6.70763e-05
204.62	6.70552e-05
204.64	6.70214e-05
204.66	6.69757e-05
204.68	6.69183e-05
204.7	6.68498e-05
204.72	6.67706e-05
204.74	6.66811e-05
204.76	6.65817e-05
204.78	6.64727e-05
204.8	6.63545e-05
204.82	6.62273e-05
204.84	6.60915e-05
204.86	6.59473e-05
204.88	6.5795e-05
204.9	6.56349e-05
204.92	6.54671e-05
204.94	6.5292e-05
204.96	6.51096e-05
204.98	6.49203e-05
205	6.47242e-05
205.02	6.45214e-05
205.04	6.43123e-05
205.06	6.40969e-05
205.08	6.38754e-05
205.1	6.3648e-05
205.12	6.34148e-05
205.14	6.31759e-05
205.16	6.29316e-05
205.18	6.2682e-05
205.2	6.24272e-05
205.22	6.21673e-05
205.24	6.19026e-05
205.26	6.1633e-05
205.28	6.13589e-05
205.3	6.10802e-05
205.32	6.07971e-05
205.34	6.05098e-05
205.36	6.02184e-05
205.38	5.99231e-05
205.4	5.96239e-05
205.42	5.93209e-05
205.44	5.90144e-05
205.46	5.87044e-05
205.48	5.83911e-05
205.5	5.80745e-05
205.52	5.77549e-05
205.54	5.74324e-05
205.56	5.7107e-05
205.58	5.67789e-05
205.6	5.64482e-05
205.62	5.6115e-05
205.64	5.57796e-05
205.66	5.54419e-05
205.68	5.51021e-05
205.7	5.47604e-05
205.72	5.44168e-05
205.74	5.40715e-05
205.76	5.37246e-05
205.78	5.33762e-05
205.8	5.30264e-05
205.82	5.26753e-05
205.84	5.23231e-05
205.86	5.19698e-05
205.88	5.16156e-05
205.9	5.12606e-05
205.92	5.09048e-05
205.94	5.05484e-05
205.96	5.01915e-05
205.98	4.98342e-05
206	4.94765e-05
206.02	4.91186e-05
206.04	4.87606e-05
206.06	4.84026e-05
206.08	4.80446e-05
206.1	4.76867e-05
206.12	4.73291e-05
206.14	4.69718e-05
206.16	4.66148e-05
206.18	4.62584e-05
206.2	4.59025e-05
206.22	4.55472e-05
206.24	4.51926e-05
206.26	4.48387e-05
206.28	4.44857e-05
206.3	4.41336e-05
206.32	4.37825e-05
206.34	4.34324e-05
206.36	4.30834e-05
206.38	4.27356e-05
206.4	4.23889e-05
206.42	4.20435e-05
206.44	4.16994e-05
206.46	4.13567e-05
206.48	4.10154e-05
206.5	4.06755e-05
206.52	4.03372e-05
206.54	4.00004e-05
206.56	3.96652e-05
206.58	3.93316e-05
206.6	3.89996e-05
206.62	3.86694e-05
206.64	3.83409e-05
206.66	3.80141e-05
206.68	3.76892e-05
206.7	3.7366e-05
206.72	3.70447e-05
206.74	3.67253e-05
206.76	3.64078e-05
206.78	3.60922e-05
206.8	3.57786e-05
206.82	3.54669e-05
206.84	3.51572e-05
206.86	3.48495e-05
206.88	3.45438e-05
206.9	3.42401e-05
206.92	3.39385e-05
206.94	3.36389e-05
206.96	3.33414e-05
206.98	3.3046e-05
207	3.27527e-05
207.02	3.24615e-05
207.04	3.21723e-05
207.06	3.18853e-05
207.08	3.16004e-05
207.1	3.13176e-05
207.12	3.1037e-05
207.14	3.07584e-05
207.16	3.0482e-05
207.18	3.02077e-05
207.2	2.99356e-05
207.22	2.96656e-05
207.24	2.93977e-05
207.26	2.91319e-05
207.28	2.88683e-05
207.3	2.86067e-05
207.32	2.83473e-05
207.34	2.809e-05
207.36	2.78348e-05
207.38	2.75817e-05
207.4	2.73307e-05
207.42	2.70818e-05
207.44	2.6835e-05
207.46	2.65902e-05
207.48	2.63476e-05
207.5	2.6107e-05
207.52	2.58684e-05
207.54	2.56319e-05
207.56	2.53974e-05
207.58	2.51649e-05
207.6	2.49345e-05
207.62	2.4706e-05
207.64	2.44796e-05
207.66	2.42551e-05
207.68	2.40327e-05
207.7	2.38121e-05
207.72	2.35936e-05
207.74	2.33769e-05
207.76	2.31623e-05
207.78	2.29495e-05
207.8	2.27386e-05
207.82	2.25296e-05
207.84	2.23225e-05
207.86	2.21173e-05
207.88	2.1914e-05
207.9	2.17124e-05
207.92	2.15127e-05
207.94	2.13149e-05
207.96	2.11188e-05
207.98	2.09245e-05
208	2.0732e-05
208.02	2.05413e-05
208.04	2.03524e-05
208.06	2.01651e-05
208.08	1.99796e-05
208.1	1.97958e-05
208.12	1.96137e-05
208.14	1.94333e-05
208.16	1.92546e-05
208.18	1.90776e-05
208.2	1.89021e-05
208.22	1.87284e-05
208.24	1.85562e-05
208.26	1.83856e-05
208.28	1.82167e-05
208.3	1.80493e-05
208.32	1.78835e-05
208.34	1.77192e-05
208.36	1.75565e-05
208.38	1.73953e-05
208.4	1.72357e-05
208.42	1.70775e-05
208.44	1.69208e-05
208.46	1.67656e-05
208.48	1.66119e-05
208.5	1.64596e-05
208.52	1.63087e-05
208.54	1.61593e-05
208.56	1.60112e-05
208.58	1.58646e-05
208.6	1.57194e-05
208.62	1.55755e-05
208.64	1.5433e-05
208.66	1.52919e-05
208.68	1.51521e-05
208.7	1.50136e-05
208.72	1.48764e-05
208.74	1.47405e-05
208.76	1.46059e-05
208.78	1.44726e-05
208.8	1.43405e-05
208.82	1.42097e-05
208.84	1.40802e-05
208.86	1.39518e-05
208.88	1.38247e-05
208.9	1.36988e-05
208.92	1.35741e-05
208.94	1.34506e-05
208.96	1.33282e-05
208.98	1.3207e-05
209	1.3087e-05
209.02	1.29681e-05
209.04	1.28503e-05
209.06	1.27336e-05
209.08	1.26181e-05
209.1	1.25036e-05
209.12	1.23903e-05
209.14	1.2278e-05
209.16	1.21667e-05
209.18	1.20566e-05
209.2	1.19474e-05
209.22	1.18393e-05
209.24	1.17323e-05
209.26	1.16262e-05
209.28	1.15212e-05
209.3	1.14171e-05
209.32	1.1314e-05
209.34	1.12119e-05
209.36	1.11108e-05
209.38	1.10106e-05
209.4	1.09114e-05
209.42	1.08131e-05
209.44	1.07158e-05
209.46	1.06194e-05
209.48	1.05238e-05
209.5	1.04292e-05
209.52	1.03355e-05
209.54	1.02427e-05
209.56	1.01507e-05
209.58	1.00596e-05
209.6	9.96937e-06
209.62	9.87999e-06
209.64	9.79145e-06
209.66	9.70375e-06
209.68	9.61687e-06
209.7	9.53082e-06
209.72	9.44557e-06
209.74	9.36113e-06
209.76	9.27748e-06
209.78	9.19461e-06
209.8	9.11253e-06
209.82	9.03122e-06
209.84	8.95067e-06
209.86	8.87088e-06
209.88	8.79185e-06
209.9	8.71355e-06
209.92	8.63599e-06
209.94	8.55915e-06
209.96	8.48304e-06
209.98	8.40764e-06
210	8.33294e-06
210.02	8.25895e-06
210.04	8.18565e-06
210.06	8.11303e-06
210.08	8.0411e-06
210.1	7.96984e-06
210.12	7.89924e-06
210.14	7.82931e-06
210.16	7.76002e-06
210.18	7.69139e-06
210.2	7.6234e-06
210.22	7.55604e-06
210.24	7.4893e-06
210.26	7.4232e-06
210.28	7.3577e-06
210.3	7.29282e-06
210.32	7.22854e-06
210.34	7.16486e-06
210.36	7.10177e-06
210.38	7.03927e-06
210.4	6.97735e-06
210.42	6.91601e-06
210.44	6.85524e-06
210.46	6.79503e-06
210.48	6.73538e-06
210.5	6.67628e-06
210.52	6.61773e-06
210.54	6.55972e-06
210.56	6.50226e-06
210.58	6.44532e-06
210.6	6.38891e-06
210.62	6.33302e-06
210.64	6.27765e-06
210.66	6.2228e-06
210.68	6.16844e-06
210.7	6.1146e-06
210.72	6.06124e-06
210.74	6.00839e-06
210.76	5.95602e-06
210.78	5.90413e-06
210.8	5.85272e-06
210.82	5.80178e-06
210.84	5.75132e-06
210.86	5.70132e-06
210.88	5.65177e-06
210.9	5.60269e-06
210.92	5.55405e-06
210.94	5.50587e-06
210.96	5.45812e-06
210.98	5.41082e-06
211	5.36395e-06
211.02	5.31751e-06
211.04	5.27149e-06
211.06	5.2259e-06
211.08	5.18073e-06
211.1	5.13596e-06
211.12	5.09161e-06
211.14	5.04767e-06
211.16	5.00413e-06
211.18	4.96098e-06
211.2	4.91823e-06
211.22	4.87587e-06
211.24	4.8339e-06
211.26	4.79231e-06
211.28	4.7511e-06
211.3	4.71027e-06
211.32	4.66981e-06
211.34	4.62972e-06
211.36	4.58999e-06
211.38	4.55063e-06
211.4	4.51162e-06
211.42	4.47297e-06
211.44	4.43467e-06
211.46	4.39672e-06
211.48	4.35911e-06
211.5	4.32185e-06
211.52	4.28492e-06
211.54	4.24833e-06
211.56	4.21207e-06
211.58	4.17614e-06
211.6	4.14054e-06
211.62	4.10526e-06
211.64	4.0703e-06
211.66	4.03565e-06
211.68	4.00132e-06
211.7	3.9673e-06
211.72	3.93359e-06
211.74	3.90018e-06
211.76	3.86707e-06
211.78	3.83427e-06
211.8	3.80176e-06
211.82	3.76954e-06
211.84	3.73761e-06
211.86	3.70597e-06
211.88	3.67462e-06
211.9	3.64355e-06
211.92	3.61276e-06
211.94	3.58225e-06
211.96	3.55201e-06
211.98	3.52204e-06
212	3.49235e-06
212.02	3.46292e-06
212.04	3.43375e-06
212.06	3.40485e-06
212.08	3.3762e-06
212.1	3.34782e-06
212.12	3.31968e-06
212.14	3.2918e-06
212.16	3.26417e-06
212.18	3.23679e-06
212.2	3.20965e-06
212.22	3.18276e-06
212.24	3.15611e-06
212.26	3.12969e-06
212.28	3.10351e-06
212.3	3.07757e-06
212.32	3.05186e-06
212.34	3.02637e-06
212.36	3.00112e-06
212.38	2.97609e-06
212.4	2.95128e-06
212.42	2.92669e-06
212.44	2.90233e-06
212.46	2.87818e-06
212.48	2.85424e-06
212.5	2.83052e-06
212.52	2.80701e-06
212.54	2.78371e-06
212.56	2.76062e-06
212.58	2.73773e-06
212.6	2.71505e-06
212.62	2.69256e-06
212.64	2.67028e-06
212.66	2.64819e-06
212.68	2.6263e-06
212.7	2.60461e-06
212.72	2.5831e-06
212.74	2.56179e-06
212.76	2.54067e-06
212.78	2.51973e-06
212.8	2.49898e-06
212.82	2.47841e-06
212.84	2.45802e-06
212.86	2.43781e-06
212.88	2.41779e-06
212.9	2.39794e-06
212.92	2.37826e-06
212.94	2.35876e-06
212.96	2.33943e-06
212.98	2.32027e-06
213	2.30128e-06
213.02	2.28246e-06
213.04	2.2638e-06
213.06	2.24531e-06
213.08	2.22697e-06
213.1	2.20881e-06
213.12	2.1908e-06
213.14	2.17295e-06
213.16	2.15525e-06
213.18	2.13771e-06
213.2	2.12033e-06
213.22	2.1031e-06
213.24	2.08602e-06
213.26	2.06908e-06
213.28	2.0523e-06
213.3	2.03567e-06
213.32	2.01918e-06
213.34	2.00283e-06
213.36	1.98663e-06
213.38	1.97057e-06
213.4	1.95465e-06
213.42	1.93887e-06
213.44	1.92323e-06
213.46	1.90772e-06
213.48	1.89235e-06
213.5	1.87711e-06
213.52	1.86201e-06
213.54	1.84704e-06
213.56	1.83219e-06
213.58	1.81748e-06
213.6	1.8029e-06
213.62	1.78844e-06
213.64	1.77411e-06
213.66	1.7599e-06
213.68	1.74582e-06
213.7	1.73186e-06
213.72	1.71802e-06
213.74	1.7043e-06
213.76	1.6907e-06
213.78	1.67722e-06
213.8	1.66385e-06
213.82	1.6506e-06
213.84	1.63747e-06
213.86	1.62445e-06
213.88	1.61154e-06
213.9	1.59875e-06
213.92	1.58606e-06
213.94	1.57349e-06
213.96	1.56102e-06
213.98	1.54866e-06
214	1.53641e-06
214.02	1.52426e-06
214.04	1.51222e-06
214.06	1.50028e-06
214.08	1.48845e-06
214.1	1.47671e-06
214.12	1.46508e-06
214.14	1.45355e-06
214.16	1.44212e-06
214.18	1.43079e-06
214.2	1.41955e-06
214.22	1.40841e-06
214.24	1.39737e-06
214.26	1.38642e-06
214.28	1.37556e-06
214.3	1.3648e-06
214.32	1.35413e-06
214.34	1.34355e-06
214.36	1.33307e-06
214.38	1.32267e-06
214.4	1.31236e-06
214.42	1.30214e-06
214.44	1.29201e-06
214.46	1.28196e-06
214.48	1.272e-06
214.5	1.26213e-06
214.52	1.25234e-06
214.54	1.24263e-06
214.56	1.23301e-06
214.58	1.22347e-06
214.6	1.21401e-06
214.62	1.20463e-06
214.64	1.19533e-06
214.66	1.18611e-06
214.68	1.17697e-06
214.7	1.16791e-06
214.72	1.15892e-06
214.74	1.15001e-06
214.76	1.14117e-06
214.78	1.13242e-06
214.8	1.12373e-06
214.82	1.11512e-06
214.84	1.10658e-06
214.86	1.09812e-06
214.88	1.08972e-06
214.9	1.0814e-06
214.92	1.07315e-06
214.94	1.06497e-06
214.96	1.05686e-06
214.98	1.04881e-06
215	1.04084e-06
215.02	1.03293e-06
215.04	1.02509e-06
215.06	1.01731e-06
215.08	1.0096e-06
215.1	1.00196e-06
215.12	9.94377e-07
215.14	9.86862e-07
215.16	9.79409e-07
215.18	9.7202e-07
215.2	9.64693e-07
215.22	9.57427e-07
215.24	9.50223e-07
215.26	9.43079e-07
215.28	9.35995e-07
215.3	9.28971e-07
215.32	9.22006e-07
215.34	9.151e-07
215.36	9.08252e-07
215.38	9.01461e-07
215.4	8.94727e-07
215.42	8.8805e-07
215.44	8.81428e-07
215.46	8.74863e-07
215.48	8.68352e-07
215.5	8.61896e-07
215.52	8.55494e-07
215.54	8.49145e-07
215.56	8.4285e-07
215.58	8.36607e-07
215.6	8.30416e-07
215.62	8.24277e-07
215.64	8.1819e-07
215.66	8.12153e-07
215.68	8.06166e-07
215.7	8.0023e-07
215.72	7.94343e-07
215.74	7.88505e-07
215.76	7.82716e-07
215.78	7.76975e-07
215.8	7.71282e-07
215.82	7.65636e-07
215.84	7.60037e-07
215.86	7.54484e-07
215.88	7.48978e-07
215.9	7.43518e-07
215.92	7.38103e-07
215.94	7.32732e-07
215.96	7.27407e-07
215.98	7.22125e-07
216	7.16888e-07
216.02	7.11693e-07
216.04	7.06542e-07
216.06	7.01434e-07
216.08	6.96367e-07
216.1	6.91343e-07
216.12	6.8636e-07
216.14	6.81419e-07
216.16	6.76518e-07
216.18	6.71658e-07
216.2	6.66837e-07
216.22	6.62057e-07
216.24	6.57316e-07
216.26	6.52614e-07
216.28	6.47951e-07
216.3	6.43327e-07
216.32	6.3874e-07
216.34	6.34191e-07
216.36	6.2968e-07
216.38	6.25206e-07
216.4	6.20769e-07
216.42	6.16368e-07
216.44	6.12003e-07
216.46	6.07674e-07
216.48	6.03381e-07
216.5	5.99123e-07
216.52	5.949e-07
216.54	5.90711e-07
216.56	5.86557e-07
216.58	5.82437e-07
216.6	5.78351e-07
216.62	5.74298e-07
216.64	5.70278e-07
216.66	5.66292e-07
216.68	5.62338e-07
216.7	5.58416e-07
216.72	5.54526e-07
216.74	5.50668e-07
216.76	5.46842e-07
216.78	5.43047e-07
216.8	5.39283e-07
216.82	5.35549e-07
216.84	5.31846e-07
216.86	5.28173e-07
216.88	5.24531e-07
216.9	5.20918e-07
216.92	5.17334e-07
216.94	5.1378e-07
216.96	5.10254e-07
216.98	5.06757e-07
217	5.03289e-07
217.02	4.99849e-07
217.04	4.96436e-07
217.06	4.93052e-07
217.08	4.89695e-07
217.1	4.86366e-07
217.12	4.83063e-07
217.14	4.79787e-07
217.16	4.76538e-07
217.18	4.73315e-07
217.2	4.70118e-07
217.22	4.66948e-07
217.24	4.63803e-07
217.26	4.60683e-07
217.28	4.57589e-07
217.3	4.5452e-07
217.32	4.51475e-07
217.34	4.48455e-07
217.36	4.4546e-07
217.38	4.42489e-07
217.4	4.39542e-07
217.42	4.36619e-07
217.44	4.33719e-07
217.46	4.30843e-07
217.48	4.2799e-07
217.5	4.25161e-07
217.52	4.22354e-07
217.54	4.19569e-07
217.56	4.16807e-07
217.58	4.14068e-07
217.6	4.1135e-07
217.62	4.08655e-07
217.64	4.05981e-07
217.66	4.03329e-07
217.68	4.00698e-07
217.7	3.98089e-07
217.72	3.955e-07
217.74	3.92932e-07
217.76	3.90385e-07
217.78	3.87859e-07
217.8	3.85352e-07
217.82	3.82866e-07
217.84	3.804e-07
217.86	3.77954e-07
217.88	3.75528e-07
217.9	3.73121e-07
217.92	3.70733e-07
217.94	3.68365e-07
217.96	3.66015e-07
217.98	3.63685e-07
218	3.61373e-07
218.02	3.5908e-07
218.04	3.56806e-07
218.06	3.54549e-07
218.08	3.52311e-07
218.1	3.50091e-07
218.12	3.47888e-07
218.14	3.45703e-07
218.16	3.43536e-07
218.18	3.41386e-07
218.2	3.39254e-07
218.22	3.37139e-07
218.24	3.3504e-07
218.26	3.32959e-07
218.28	3.30894e-07
218.3	3.28846e-07
218.32	3.26814e-07
218.34	3.24799e-07
218.36	3.22799e-07
218.38	3.20816e-07
218.4	3.18849e-07
218.42	3.16897e-07
218.44	3.14962e-07
218.46	3.13042e-07
218.48	3.11137e-07
218.5	3.09247e-07
218.52	3.07373e-07
218.54	3.05514e-07
218.56	3.0367e-07
218.58	3.0184e-07
218.6	3.00026e-07
218.62	2.98225e-07
218.64	2.9644e-07
218.66	2.94669e-07
218.68	2.92912e-07
218.7	2.91169e-07
218.72	2.8944e-07
218.74	2.87725e-07
218.76	2.86024e-07
218.78	2.84337e-07
218.8	2.82663e-07
218.82	2.81003e-07
218.84	2.79356e-07
218.86	2.77722e-07
218.88	2.76102e-07
218.9	2.74495e-07
218.92	2.729e-07
218.94	2.71319e-07
218.96	2.6975e-07
218.98	2.68195e-07
219	2.66651e-07
219.02	2.6512e-07
219.04	2.63602e-07
219.06	2.62096e-07
219.08	2.60602e-07
219.1	2.5912e-07
219.12	2.57651e-07
219.14	2.56193e-07
219.16	2.54747e-07
219.18	2.53313e-07
219.2	2.5189e-07
219.22	2.50479e-07
219.24	2.4908e-07
219.26	2.47692e-07
219.28	2.46316e-07
219.3	2.4495e-07
219.32	2.43596e-07
219.34	2.42253e-07
219.36	2.40921e-07
219.38	2.396e-07
219.4	2.3829e-07
219.42	2.3699e-07
219.44	2.35701e-07
219.46	2.34423e-07
219.48	2.33155e-07
219.5	2.31898e-07
219.52	2.30651e-07
219.54	2.29415e-07
219.56	2.28189e-07
219.58	2.26973e-07
219.6	2.25767e-07
219.62	2.24571e-07
219.64	2.23385e-07
219.66	2.22209e-07
219.68	2.21043e-07
219.7	2.19887e-07
219.72	2.1874e-07
219.74	2.17603e-07
219.76	2.16475e-07
219.78	2.15357e-07
219.8	2.14249e-07
219.82	2.1315e-07
219.84	2.1206e-07
219.86	2.10979e-07
219.88	2.09908e-07
219.9	2.08846e-07
219.92	2.07793e-07
219.94	2.06749e-07
219.96	2.05713e-07
219.98	2.04687e-07
220	2.0367e-07
220.02	2.02661e-07
220.04	2.01661e-07
220.06	2.0067e-07
220.08	1.99688e-07
220.1	1.98714e-07
220.12	1.97748e-07
220.14	1.96792e-07
220.16	1.95843e-07
220.18	1.94903e-07
220.2	1.93971e-07
220.22	1.93048e-07
220.24	1.92133e-07
220.26	1.91226e-07
220.28	1.90327e-07
220.3	1.89436e-07
220.32	1.88554e-07
220.34	1.87679e-07
220.36	1.86813e-07
220.38	1.85954e-07
220.4	1.85103e-07
220.42	1.84261e-07
220.44	1.83426e-07
220.46	1.82599e-07
220.48	1.81779e-07
220.5	1.80967e-07
220.52	1.80163e-07
220.54	1.79367e-07
220.56	1.78579e-07
220.58	1.77797e-07
220.6	1.77024e-07
220.62	1.76258e-07
220.64	1.755e-07
220.66	1.74749e-07
220.68	1.74005e-07
220.7	1.73269e-07
220.72	1.7254e-07
220.74	1.71819e-07
220.76	1.71105e-07
220.78	1.70399e-07
220.8	1.69699e-07
220.82	1.69007e-07
220.84	1.68323e-07
220.86	1.67645e-07
220.88	1.66975e-07
220.9	1.66312e-07
220.92	1.65657e-07
220.94	1.65008e-07
220.96	1.64367e-07
220.98	1.63733e-07
221	1.63106e-07
221.02	1.62487e-07
221.04	1.61874e-07
221.06	1.61269e-07
221.08	1.60671e-07
221.1	1.6008e-07
221.12	1.59497e-07
221.14	1.5892e-07
221.16	1.58351e-07
221.18	1.57789e-07
221.2	1.57235e-07
221.22	1.56687e-07
221.24	1.56147e-07
221.26	1.55614e-07
221.28	1.55089e-07
221.3	1.54571e-07
221.32	1.5406e-07
221.34	1.53557e-07
221.36	1.53061e-07
221.38	1.52573e-07
221.4	1.52092e-07
221.42	1.51619e-07
221.44	1.51153e-07
221.46	1.50695e-07
221.48	1.50245e-07
221.5	1.49803e-07
221.52	1.49369e-07
221.54	1.48943e-07
221.56	1.48525e-07
221.58	1.48115e-07
221.6	1.47713e-07
221.62	1.4732e-07
221.64	1.46935e-07
221.66	1.46559e-07
221.68	1.46192e-07
221.7	1.45834e-07
221.72	1.45485e-07
221.74	1.45145e-07
221.76	1.44815e-07
221.78	1.44494e-07
221.8	1.44184e-07
221.82	1.43884e-07
221.84	1.43594e-07
221.86	1.43315e-07
221.88	1.43047e-07
221.9	1.42791e-07
221.92	1.42547e-07
221.94	1.42316e-07
221.96	1.42097e-07
221.98	1.41892e-07
222	1.41702e-07
222.02	1.41526e-07
222.04	1.41367e-07
222.06	1.41224e-07
222.08	1.411e-07
222.1	1.40995e-07
222.12	1.40911e-07
222.14	1.4085e-07
222.16	1.40815e-07
222.18	1.40808e-07
222.2	1.40833e-07
222.22	1.40895e-07
222.24	1.41001e-07
222.26	1.4116e-07
222.28	1.41384e-07
222.3	1.41697e-07
222.32	1.42137e-07
222.34	1.42782e-07
222.36	1.43821e-07
222.38	1.45777e-07
222.4	1.504e-07
222.42	1.6042e-07
222.44	1.78756e-07
222.46	2.10549e-07
222.48	2.64792e-07
222.5	3.54793e-07
222.52	5.01768e-07
222.54	7.41901e-07
222.56	1.13059e-06
222.58	1.7382e-06
222.6	2.63611e-06
222.62	3.87045e-06
222.64	5.43831e-06
222.66	7.29517e-06
222.68	9.38171e-06
222.7	1.16401e-05
222.72	1.40184e-05
222.74	1.64709e-05
222.76	1.89587e-05
222.78	2.14495e-05
222.8	2.39177e-05
222.82	2.6343e-05
222.84	2.87099e-05
222.86	3.10067e-05
222.88	3.32248e-05
222.9	3.53583e-05
222.92	3.74033e-05
222.94	3.93576e-05
222.96	4.12204e-05
222.98	4.29919e-05
223	4.46733e-05
223.02	4.62664e-05
223.04	4.77734e-05
223.06	4.91969e-05
223.08	5.05398e-05
223.1	5.18052e-05
223.12	5.29961e-05
223.14	5.41157e-05
223.16	5.51671e-05
223.18	5.61534e-05
223.2	5.70777e-05
223.22	5.79429e-05
223.24	5.87518e-05
223.26	5.95073e-05
223.28	6.02119e-05
223.3	6.08682e-05
223.32	6.14787e-05
223.34	6.20456e-05
223.36	6.25711e-05
223.38	6.30574e-05
223.4	6.35065e-05
223.42	6.39201e-05
223.44	6.43003e-05
223.46	6.46485e-05
223.48	6.49666e-05
223.5	6.52559e-05
223.52	6.5518e-05
223.54	6.57542e-05
223.56	6.59658e-05
223.58	6.6154e-05
223.6	6.632e-05
223.62	6.64649e-05
223.64	6.65897e-05
223.66	6.66954e-05
223.68	6.67828e-05
223.7	6.68529e-05
223.72	6.69064e-05
223.74	6.69441e-05
223.76	6.69667e-05
223.78	6.69749e-05
223.8	6.69693e-05
223.82	6.69505e-05
223.84	6.6919e-05
223.86	6.68755e-05
223.88	6.68202e-05
223.9	6.67538e-05
223.92	6.66767e-05
223.94	6.65891e-05
223.96	6.64917e-05
223.98	6.63845e-05
224	6.62681e-05
224.02	6.61428e-05
224.04	6.60087e-05
224.06	6.58663e-05
224.08	6.57157e-05
224.1	6.55573e-05
224.12	6.53912e-05
224.14	6.52176e-05
224.16	6.50369e-05
224.18	6.48492e-05
224.2	6.46546e-05
224.22	6.44534e-05
224.24	6.42458e-05
224.26	6.40319e-05
224.28	6.38119e-05
224.3	6.35859e-05
224.32	6.33541e-05
224.34	6.31167e-05
224.36	6.28738e-05
224.38	6.26256e-05
224.4	6.23722e-05
224.42	6.21137e-05
224.44	6.18503e-05
224.46	6.1582e-05
224.48	6.13092e-05
224.5	6.10318e-05
224.52	6.075e-05
224.54	6.0464e-05
224.56	6.01738e-05
224.58	5.98797e-05
224.6	5.95817e-05
224.62	5.92799e-05
224.64	5.89746e-05
224.66	5.86657e-05
224.68	5.83535e-05
224.7	5.80381e-05
224.72	5.77196e-05
224.74	5.73981e-05
224.76	5.70738e-05
224.78	5.67468e-05
224.8	5.64171e-05
224.82	5.6085e-05
224.84	5.57505e-05
224.86	5.54138e-05
224.88	5.5075e-05
224.9	5.47342e-05
224.92	5.43915e-05
224.94	5.40471e-05
224.96	5.37011e-05
224.98	5.33535e-05
225	5.30046e-05
225.02	5.26543e-05
225.04	5.23029e-05
225.06	5.19504e-05
225.08	5.1597e-05
225.1	5.12427e-05
225.12	5.08876e-05
225.14	5.0532e-05
225.16	5.01757e-05
225.18	4.98191e-05
225.2	4.94621e-05
225.22	4.91049e-05
225.24	4.87475e-05
225.26	4.83901e-05
225.28	4.80327e-05
225.3	4.76754e-05
225.32	4.73183e-05
225.34	4.69615e-05
225.36	4.66051e-05
225.38	4.62492e-05
225.4	4.58938e-05
225.42	4.5539e-05
225.44	4.51848e-05
225.46	4.48315e-05
225.48	4.44789e-05
225.5	4.41273e-05
225.52	4.37765e-05
225.54	4.34269e-05
225.56	4.30782e-05
225.58	4.27308e-05
225.6	4.23845e-05
225.62	4.20394e-05
225.64	4.16957e-05
225.66	4.13533e-05
225.68	4.10123e-05
225.7	4.06728e-05
225.72	4.03347e-05
225.74	3.99982e-05
225.76	3.96633e-05
225.78	3.93299e-05
225.8	3.89983e-05
225.82	3.86683e-05
225.84	3.834e-05
225.86	3.80135e-05
225.88	3.76887e-05
225.9	3.73658e-05
225.92	3.70447e-05
225.94	3.67255e-05
225.96	3.64082e-05
225.98	3.60928e-05
226	3.57793e-05
226.02	3.54678e-05
226.04	3.51583e-05
226.06	3.48507e-05
226.08	3.45452e-05
226.1	3.42417e-05
226.12	3.39402e-05
226.14	3.36408e-05
226.16	3.33434e-05
226.18	3.30481e-05
226.2	3.27549e-05
226.22	3.24638e-05
226.24	3.21748e-05
226.26	3.18879e-05
226.28	3.16031e-05
226.3	3.13204e-05
226.32	3.10398e-05
226.34	3.07613e-05
226.36	3.0485e-05
226.38	3.02108e-05
226.4	2.99387e-05
226.42	2.96688e-05
226.44	2.94009e-05
226.46	2.91352e-05
226.48	2.88717e-05
226.5	2.86102e-05
226.52	2.83508e-05
226.54	2.80936e-05
226.56	2.78384e-05
226.58	2.75854e-05
226.6	2.73344e-05
226.62	2.70856e-05
226.64	2.68388e-05
226.66	2.65941e-05
226.68	2.63514e-05
226.7	2.61108e-05
226.72	2.58723e-05
226.74	2.56358e-05
226.76	2.54013e-05
226.78	2.51689e-05
226.8	2.49385e-05
226.82	2.47101e-05
226.84	2.44836e-05
226.86	2.42592e-05
226.88	2.40367e-05
226.9	2.38162e-05
226.92	2.35977e-05
226.94	2.33811e-05
226.96	2.31664e-05
226.98	2.29536e-05
227	2.27427e-05
227.02	2.25338e-05
227.04	2.23267e-05
227.06	2.21215e-05
227.08	2.19181e-05
227.1	2.17166e-05
227.12	2.15169e-05
227.14	2.1319e-05
227.16	2.1123e-05
227.18	2.09287e-05
227.2	2.07362e-05
227.22	2.05455e-05
227.24	2.03565e-05
227.26	2.01693e-05
227.28	1.99838e-05
227.3	1.98e-05
227.32	1.96179e-05
227.34	1.94375e-05
227.36	1.92587e-05
227.38	1.90817e-05
227.4	1.89062e-05
227.42	1.87324e-05
227.44	1.85603e-05
227.46	1.83897e-05
227.48	1.82207e-05
227.5	1.80534e-05
227.52	1.78875e-05
227.54	1.77233e-05
227.56	1.75605e-05
227.58	1.73993e-05
227.6	1.72396e-05
227.62	1.70815e-05
227.64	1.69248e-05
227.66	1.67695e-05
227.68	1.66158e-05
227.7	1.64635e-05
227.72	1.63126e-05
227.74	1.61632e-05
227.76	1.60151e-05
227.78	1.58685e-05
227.8	1.57232e-05
227.82	1.55794e-05
227.84	1.54368e-05
227.86	1.52957e-05
227.88	1.51558e-05
227.9	1.50173e-05
227.92	1.48801e-05
227.94	1.47442e-05
227.96	1.46096e-05
227.98	1.44763e-05
228	1.43442e-05
228.02	1.42134e-05
228.04	1.40838e-05
228.06	1.39555e-05
228.08	1.38284e-05
228.1	1.37024e-05
228.12	1.35777e-05
228.14	1.34542e-05
228.16	1.33318e-05
228.18	1.32106e-05
228.2	1.30905e-05
228.22	1.29716e-05
228.24	1.28538e-05
228.26	1.27371e-05
228.28	1.26216e-05
228.3	1.25071e-05
228.32	1.23937e-05
228.34	1.22814e-05
228.36	1.21701e-05
228.38	1.206e-05
228.4	1.19508e-05
228.42	1.18427e-05
228.44	1.17356e-05
228.46	1.16295e-05
228.48	1.15245e-05
228.5	1.14204e-05
228.52	1.13173e-05
228.54	1.12152e-05
228.56	1.11141e-05
228.58	1.10139e-05
228.6	1.09146e-05
228.62	1.08163e-05
228.64	1.0719e-05
228.66	1.06225e-05
228.68	1.0527e-05
228.7	1.04324e-05
228.72	1.03386e-05
228.74	1.02458e-05
228.76	1.01538e-05
228.78	1.00627e-05
228.8	9.97243e-06
228.82	9.88303e-06
228.84	9.79448e-06
228.86	9.70676e-06
228.88	9.61987e-06
228.9	9.53379e-06
228.92	9.44853e-06
228.94	9.36407e-06
228.96	9.28041e-06
228.98	9.19753e-06
229	9.11543e-06
229.02	9.03411e-06
229.04	8.95355e-06
229.06	8.87374e-06
229.08	8.79469e-06
229.1	8.71638e-06
229.12	8.6388e-06
229.14	8.56195e-06
229.16	8.48582e-06
229.18	8.4104e-06
229.2	8.3357e-06
229.22	8.26169e-06
229.24	8.18837e-06
229.26	8.11575e-06
229.28	8.0438e-06
229.3	7.97252e-06
229.32	7.90191e-06
229.34	7.83196e-06
229.36	7.76266e-06
229.38	7.69402e-06
229.4	7.62601e-06
229.42	7.55863e-06
229.44	7.49189e-06
229.46	7.42577e-06
229.48	7.36026e-06
229.5	7.29536e-06
229.52	7.23107e-06
229.54	7.16738e-06
229.56	7.10428e-06
229.58	7.04176e-06
229.6	6.97983e-06
229.62	6.91847e-06
229.64	6.85769e-06
229.66	6.79746e-06
229.68	6.7378e-06
229.7	6.67869e-06
229.72	6.62013e-06
229.74	6.56211e-06
229.76	6.50463e-06
229.78	6.44768e-06
229.8	6.39125e-06
229.82	6.33535e-06
229.84	6.27997e-06
229.86	6.2251e-06
229.88	6.17074e-06
229.9	6.11688e-06
229.92	6.06351e-06
229.94	6.01064e-06
229.96	5.95826e-06
229.98	5.90636e-06
230	5.85494e-06
230.02	5.80399e-06
230.04	5.75351e-06
230.06	5.7035e-06
230.08	5.65395e-06
230.1	5.60485e-06
230.12	5.5562e-06
230.14	5.508e-06
230.16	5.46025e-06
230.18	5.41293e-06
230.2	5.36605e-06
230.22	5.3196e-06
230.24	5.27357e-06
230.26	5.22797e-06
230.28	5.18278e-06
230.3	5.13801e-06
230.32	5.09365e-06
230.34	5.04969e-06
230.36	5.00614e-06
230.38	4.96298e-06
230.4	4.92022e-06
230.42	4.87785e-06
230.44	4.83587e-06
230.46	4.79427e-06
230.48	4.75305e-06
230.5	4.7122e-06
230.52	4.67173e-06
230.54	4.63163e-06
230.56	4.59189e-06
230.58	4.55252e-06
230.6	4.5135e-06
230.62	4.47484e-06
230.64	4.43653e-06
230.66	4.39857e-06
230.68	4.36095e-06
230.7	4.32368e-06
230.72	4.28674e-06
230.74	4.25014e-06
230.76	4.21387e-06
230.78	4.17793e-06
230.8	4.14232e-06
230.82	4.10702e-06
230.84	4.07205e-06
230.86	4.0374e-06
230.88	4.00306e-06
230.9	3.96903e-06
230.92	3.9353e-06
230.94	3.90189e-06
230.96	3.86877e-06
230.98	3.83595e-06
231	3.80343e-06
231.02	3.77121e-06
231.04	3.73927e-06
231.06	3.70762e-06
231.08	3.67626e-06
231.1	3.64518e-06
231.12	3.61438e-06
231.14	3.58386e-06
231.16	3.55361e-06
231.18	3.52364e-06
231.2	3.49393e-06
231.22	3.46449e-06
231.24	3.43532e-06
231.26	3.4064e-06
231.28	3.37775e-06
231.3	3.34936e-06
231.32	3.32121e-06
231.34	3.29333e-06
231.36	3.26569e-06
231.38	3.2383e-06
231.4	3.21115e-06
231.42	3.18425e-06
231.44	3.15759e-06
231.46	3.13116e-06
231.48	3.10497e-06
231.5	3.07902e-06
231.52	3.0533e-06
231.54	3.02781e-06
231.56	3.00255e-06
231.58	2.97751e-06
231.6	2.95269e-06
231.62	2.9281e-06
231.64	2.90372e-06
231.66	2.87957e-06
231.68	2.85562e-06
231.7	2.8319e-06
231.72	2.80838e-06
231.74	2.78507e-06
231.76	2.76197e-06
231.78	2.73907e-06
231.8	2.71638e-06
231.82	2.69389e-06
231.84	2.6716e-06
231.86	2.6495e-06
231.88	2.6276e-06
231.9	2.6059e-06
231.92	2.58439e-06
231.94	2.56307e-06
231.96	2.54194e-06
231.98	2.52099e-06
232	2.50023e-06
232.02	2.47966e-06
232.04	2.45926e-06
232.06	2.43905e-06
232.08	2.41901e-06
232.1	2.39916e-06
232.12	2.37947e-06
232.14	2.35996e-06
232.16	2.34063e-06
232.18	2.32146e-06
232.2	2.30246e-06
232.22	2.28363e-06
232.24	2.26497e-06
232.26	2.24647e-06
232.28	2.22813e-06
232.3	2.20996e-06
232.32	2.19194e-06
232.34	2.17408e-06
232.36	2.15638e-06
232.38	2.13884e-06
232.4	2.12144e-06
232.42	2.10421e-06
232.44	2.08712e-06
232.46	2.07018e-06
232.48	2.05339e-06
232.5	2.03675e-06
232.52	2.02025e-06
232.54	2.0039e-06
232.56	1.98769e-06
232.58	1.97163e-06
232.6	1.9557e-06
232.62	1.93991e-06
232.64	1.92426e-06
232.66	1.90875e-06
232.68	1.89337e-06
232.7	1.87813e-06
232.72	1.86302e-06
232.74	1.84804e-06
232.76	1.8332e-06
232.78	1.81848e-06
232.8	1.80389e-06
232.82	1.78943e-06
232.84	1.77509e-06
232.86	1.76088e-06
232.88	1.74679e-06
232.9	1.73282e-06
232.92	1.71897e-06
232.94	1.70525e-06
232.96	1.69164e-06
232.98	1.67816e-06
233	1.66479e-06
233.02	1.65153e-06
233.04	1.63839e-06
233.06	1.62537e-06
233.08	1.61245e-06
233.1	1.59965e-06
233.12	1.58696e-06
233.14	1.57438e-06
233.16	1.56191e-06
233.18	1.54954e-06
233.2	1.53729e-06
233.22	1.52513e-06
233.24	1.51309e-06
233.26	1.50114e-06
233.28	1.4893e-06
233.3	1.47757e-06
233.32	1.46593e-06
233.34	1.45439e-06
233.36	1.44296e-06
233.38	1.43162e-06
233.4	1.42038e-06
233.42	1.40923e-06
233.44	1.39818e-06
233.46	1.38723e-06
233.48	1.37637e-06
233.5	1.3656e-06
233.52	1.35493e-06
233.54	1.34434e-06
233.56	1.33385e-06
233.58	1.32345e-06
233.6	1.31314e-06
233.62	1.30291e-06
233.64	1.29278e-06
233.66	1.28273e-06
233.68	1.27276e-06
233.7	1.26288e-06
233.72	1.25309e-06
233.74	1.24338e-06
233.76	1.23375e-06
233.78	1.2242e-06
233.8	1.21474e-06
233.82	1.20536e-06
233.84	1.19605e-06
233.86	1.18683e-06
233.88	1.17768e-06
233.9	1.16861e-06
233.92	1.15962e-06
233.94	1.15071e-06
233.96	1.14187e-06
233.98	1.13311e-06
234	1.12442e-06
234.02	1.1158e-06
234.04	1.10726e-06
234.06	1.09879e-06
234.08	1.09039e-06
234.1	1.08207e-06
234.12	1.07381e-06
234.14	1.06563e-06
234.16	1.05751e-06
234.18	1.04946e-06
234.2	1.04148e-06
234.22	1.03357e-06
234.24	1.02572e-06
234.26	1.01795e-06
234.28	1.01023e-06
234.3	1.00258e-06
234.32	9.95e-07
234.34	9.8748e-07
234.36	9.80024e-07
234.38	9.72631e-07
234.4	9.653e-07
234.42	9.5803e-07
234.44	9.50822e-07
234.46	9.43675e-07
234.48	9.36588e-07
234.5	9.2956e-07
234.52	9.22591e-07
234.54	9.15681e-07
234.56	9.0883e-07
234.58	9.02035e-07
234.6	8.95298e-07
234.62	8.88617e-07
234.64	8.81992e-07
234.66	8.75423e-07
234.68	8.68908e-07
234.7	8.62449e-07
234.72	8.56043e-07
234.74	8.49691e-07
234.76	8.43392e-07
234.78	8.37146e-07
234.8	8.30952e-07
234.82	8.2481e-07
234.84	8.18719e-07
234.86	8.12679e-07
234.88	8.06689e-07
234.9	8.00749e-07
234.92	7.94859e-07
234.94	7.89018e-07
234.96	7.83225e-07
234.98	7.77481e-07
235	7.71785e-07
235.02	7.66136e-07
235.04	7.60534e-07
235.06	7.54978e-07
235.08	7.49469e-07
235.1	7.44005e-07
235.12	7.38587e-07
235.14	7.33214e-07
235.16	7.27885e-07
235.18	7.22601e-07
235.2	7.1736e-07
235.22	7.12163e-07
235.24	7.07008e-07
235.26	7.01897e-07
235.28	6.96828e-07
235.3	6.918e-07
235.32	6.86815e-07
235.34	6.8187e-07
235.36	6.76967e-07
235.38	6.72103e-07
235.4	6.6728e-07
235.42	6.62497e-07
235.44	6.57753e-07
235.46	6.53049e-07
235.48	6.48383e-07
235.5	6.43756e-07
235.52	6.39166e-07
235.54	6.34615e-07
235.56	6.30101e-07
235.58	6.25624e-07
235.6	6.21184e-07
235.62	6.1678e-07
235.64	6.12413e-07
235.66	6.08081e-07
235.68	6.03786e-07
235.7	5.99525e-07
235.72	5.95299e-07
235.74	5.91108e-07
235.76	5.86951e-07
235.78	5.82829e-07
235.8	5.7874e-07
235.82	5.74685e-07
235.84	5.70662e-07
235.86	5.66673e-07
235.88	5.62717e-07
235.9	5.58792e-07
235.92	5.549e-07
235.94	5.5104e-07
235.96	5.47211e-07
235.98	5.43414e-07
236	5.39647e-07
236.02	5.35911e-07
236.04	5.32206e-07
236.06	5.28531e-07
236.08	5.24886e-07
236.1	5.2127e-07
236.12	5.17684e-07
236.14	5.14128e-07
236.16	5.106e-07
236.18	5.07101e-07
236.2	5.0363e-07
236.22	5.00188e-07
236.24	4.96773e-07
236.26	4.93386e-07
236.28	4.90027e-07
236.3	4.86695e-07
236.32	4.83391e-07
236.34	4.80113e-07
236.36	4.76861e-07
236.38	4.73636e-07
236.4	4.70437e-07
236.42	4.67265e-07
236.44	4.64117e-07
236.46	4.60996e-07
236.48	4.57899e-07
236.5	4.54828e-07
236.52	4.51782e-07
236.54	4.4876e-07
236.56	4.45762e-07
236.58	4.42789e-07
236.6	4.3984e-07
236.62	4.36915e-07
236.64	4.34013e-07
236.66	4.31135e-07
236.68	4.2828e-07
236.7	4.25449e-07
236.72	4.2264e-07
236.74	4.19853e-07
236.76	4.1709e-07
236.78	4.14348e-07
236.8	4.11629e-07
236.82	4.08931e-07
236.84	4.06256e-07
236.86	4.03601e-07
236.88	4.00969e-07
236.9	3.98357e-07
236.92	3.95767e-07
236.94	3.93197e-07
236.96	3.90648e-07
236.98	3.8812e-07
237	3.85612e-07
237.02	3.83124e-07
237.04	3.80656e-07
237.06	3.78208e-07
237.08	3.7578e-07
237.1	3.73371e-07
237.12	3.70982e-07
237.14	3.68612e-07
237.16	3.6626e-07
237.18	3.63928e-07
237.2	3.61615e-07
237.22	3.5932e-07
237.24	3.57043e-07
237.26	3.54785e-07
237.28	3.52545e-07
237.3	3.50323e-07
237.32	3.48119e-07
237.34	3.45933e-07
237.36	3.43764e-07
237.38	3.41612e-07
237.4	3.39478e-07
237.42	3.37361e-07
237.44	3.35261e-07
237.46	3.33178e-07
237.48	3.31112e-07
237.5	3.29062e-07
237.52	3.27028e-07
237.54	3.25011e-07
237.56	3.23011e-07
237.58	3.21026e-07
237.6	3.19057e-07
237.62	3.17104e-07
237.64	3.15167e-07
237.66	3.13245e-07
237.68	3.11339e-07
237.7	3.09448e-07
237.72	3.07572e-07
237.74	3.05711e-07
237.76	3.03865e-07
237.78	3.02034e-07
237.8	3.00218e-07
237.82	2.98416e-07
237.84	2.96629e-07
237.86	2.94856e-07
237.88	2.93098e-07
237.9	2.91354e-07
237.92	2.89623e-07
237.94	2.87907e-07
237.96	2.86205e-07
237.98	2.84516e-07
238	2.8284e-07
238.02	2.81179e-07
238.04	2.7953e-07
238.06	2.77895e-07
238.08	2.76274e-07
238.1	2.74665e-07
238.12	2.73069e-07
238.14	2.71486e-07
238.16	2.69916e-07
238.18	2.68359e-07
238.2	2.66814e-07
238.22	2.65282e-07
238.24	2.63762e-07
238.26	2.62255e-07
238.28	2.6076e-07
238.3	2.59276e-07
238.32	2.57805e-07
238.34	2.56346e-07
238.36	2.54899e-07
238.38	2.53463e-07
238.4	2.5204e-07
238.42	2.50627e-07
238.44	2.49227e-07
238.46	2.47837e-07
238.48	2.46459e-07
238.5	2.45093e-07
238.52	2.43737e-07
238.54	2.42393e-07
238.56	2.41059e-07
238.58	2.39737e-07
238.6	2.38425e-07
238.62	2.37124e-07
238.64	2.35834e-07
238.66	2.34555e-07
238.68	2.33286e-07
238.7	2.32027e-07
238.72	2.30779e-07
238.74	2.29541e-07
238.76	2.28314e-07
238.78	2.27097e-07
238.8	2.25889e-07
238.82	2.24692e-07
238.84	2.23505e-07
238.86	2.22328e-07
238.88	2.2116e-07
238.9	2.20003e-07
238.92	2.18855e-07
238.94	2.17716e-07
238.96	2.16588e-07
238.98	2.15468e-07
239	2.14358e-07
239.02	2.13258e-07
239.04	2.12167e-07
239.06	2.11085e-07
239.08	2.10012e-07
239.1	2.08949e-07
239.12	2.07894e-07
239.14	2.06849e-07
239.16	2.05813e-07
239.18	2.04785e-07
239.2	2.03766e-07
239.22	2.02757e-07
239.24	2.01755e-07
239.26	2.00763e-07
239.28	1.99779e-07
239.3	1.98804e-07
239.32	1.97837e-07
239.34	1.96879e-07
239.36	1.95929e-07
239.38	1.94988e-07
239.4	1.94055e-07
239.42	1.9313e-07
239.44	1.92214e-07
239.46	1.91306e-07
239.48	1.90406e-07
239.5	1.89514e-07
239.52	1.8863e-07
239.54	1.87754e-07
239.56	1.86886e-07
239.58	1.86026e-07
239.6	1.85174e-07
239.62	1.8433e-07
239.64	1.83494e-07
239.66	1.82665e-07
239.68	1.81844e-07
239.7	1.81031e-07
239.72	1.80226e-07
239.74	1.79428e-07
239.76	1.78638e-07
239.78	1.77856e-07
239.8	1.77081e-07
239.82	1.76314e-07
239.84	1.75554e-07
239.86	1.74801e-07
239.88	1.74057e-07
239.9	1.73319e-07
239.92	1.72589e-07
239.94	1.71866e-07
239.96	1.71151e-07
239.98	1.70443e-07
240	1.69742e-07
240.02	1.69049e-07
240.04	1.68363e-07
240.06	1.67684e-07
240.08	1.67012e-07
240.1	1.66348e-07
240.12	1.65691e-07
240.14	1.65041e-07
240.16	1.64398e-07
240.18	1.63762e-07
240.2	1.63134e-07
240.22	1.62513e-07
240.24	1.61899e-07
240.26	1.61292e-07
240.28	1.60692e-07
240.3	1.601e-07
240.32	1.59514e-07
240.34	1.58936e-07
240.36	1.58365e-07
240.38	1.57802e-07
240.4	1.57245e-07
240.42	1.56696e-07
240.44	1.56154e-07
240.46	1.5562e-07
240.48	1.55092e-07
240.5	1.54572e-07
240.52	1.54059e-07
240.54	1.53554e-07
240.56	1.53056e-07
240.58	1.52566e-07
240.6	1.52083e-07
240.62	1.51608e-07
240.64	1.5114e-07
240.66	1.5068e-07
240.68	1.50228e-07
240.7	1.49783e-07
240.72	1.49346e-07
240.74	1.48918e-07
240.76	1.48497e-07
240.78	1.48085e-07
240.8	1.4768e-07
240.82	1.47284e-07
240.84	1.46897e-07
240.86	1.46518e-07
240.88	1.46148e-07
240.9	1.45786e-07
240.92	1.45434e-07
240.94	1.45091e-07
240.96	1.44758e-07
240.98	1.44434e-07
241	1.44119e-07
241.02	1.43815e-07
241.04	1.43522e-07
241.06	1.43239e-07
241.08	1.42967e-07
241.1	1.42706e-07
241.12	1.42457e-07
241.14	1.42221e-07
241.16	1.41997e-07
241.18	1.41787e-07
241.2	1.4159e-07
241.22	1.41408e-07
241.24	1.41242e-07
241.26	1.41092e-07
241.28	1.40959e-07
241.3	1.40846e-07
241.32	1.40752e-07
241.34	1.40681e-07
241.36	1.40634e-07
241.38	1.40614e-07
241.4	1.40623e-07
241.42	1.40668e-07
241.44	1.40752e-07
241.46	1.40884e-07
241.48	1.41075e-07
241.5	1.41342e-07
241.52	1.41714e-07
241.54	1.42246e-07
241.56	1.43057e-07
241.58	1.44462e-07
241.6	1.47433e-07
241.62	1.54413e-07
241.64	1.68257e-07
241.66	1.92565e-07
241.68	2.34441e-07
241.7	3.04918e-07
241.72	4.2058e-07
241.74	6.09446e-07
241.76	9.17468e-07
241.78	1.40883e-06
241.8	2.15686e-06
241.82	3.22379e-06
241.84	4.63197e-06
241.86	6.35408e-06
241.88	8.33497e-06
241.9	1.05151e-05
241.92	1.28396e-05
241.94	1.52596e-05
241.96	1.77329e-05
241.98	2.02242e-05
242	2.27046e-05
242.02	2.51514e-05
242.04	2.75469e-05
242.06	2.98775e-05
242.08	3.21334e-05
242.1	3.43074e-05
242.12	3.63946e-05
242.14	3.8392e-05
242.16	4.02983e-05
242.18	4.2113e-05
242.2	4.38371e-05
242.22	4.5472e-05
242.24	4.70197e-05
242.26	4.84827e-05
242.28	4.98637e-05
242.3	5.11657e-05
242.32	5.23918e-05
242.34	5.3545e-05
242.36	5.46287e-05
242.38	5.56457e-05
242.4	5.65993e-05
242.42	5.74924e-05
242.44	5.83279e-05
242.46	5.91087e-05
242.48	5.98373e-05
242.5	6.05164e-05
242.52	6.11486e-05
242.54	6.17361e-05
242.56	6.22811e-05
242.58	6.2786e-05
242.6	6.32527e-05
242.62	6.36831e-05
242.64	6.40791e-05
242.66	6.44424e-05
242.68	6.47748e-05
242.7	6.50777e-05
242.72	6.53527e-05
242.74	6.56012e-05
242.76	6.58244e-05
242.78	6.60238e-05
242.8	6.62003e-05
242.82	6.63552e-05
242.84	6.64896e-05
242.86	6.66043e-05
242.88	6.67004e-05
242.9	6.67788e-05
242.92	6.68402e-05
242.94	6.68854e-05
242.96	6.69152e-05
242.98	6.69303e-05
243	6.69313e-05
243.02	6.69188e-05
243.04	6.68934e-05
243.06	6.68557e-05
243.08	6.6806e-05
243.1	6.6745e-05
243.12	6.6673e-05
243.14	6.65905e-05
243.16	6.64978e-05
243.18	6.63953e-05
243.2	6.62834e-05
243.22	6.61624e-05
243.24	6.60325e-05
243.26	6.58942e-05
243.28	6.57475e-05
243.3	6.55929e-05
243.32	6.54305e-05
243.34	6.52606e-05
243.36	6.50834e-05
243.38	6.48991e-05
243.4	6.47079e-05
243.42	6.451e-05
243.44	6.43055e-05
243.46	6.40947e-05
243.48	6.38777e-05
243.5	6.36547e-05
243.52	6.34258e-05
243.54	6.31912e-05
243.56	6.29511e-05
243.58	6.27055e-05
243.6	6.24547e-05
243.62	6.21987e-05
243.64	6.19377e-05
243.66	6.16719e-05
243.68	6.14014e-05
243.7	6.11263e-05
243.72	6.08468e-05
243.74	6.05629e-05
243.76	6.02749e-05
243.78	5.99828e-05
243.8	5.96868e-05
243.82	5.9387e-05
243.84	5.90835e-05
243.86	5.87764e-05
243.88	5.8466e-05
243.9	5.81523e-05
243.92	5.78354e-05
243.94	5.75155e-05
243.96	5.71927e-05
243.98	5.68671e-05
244	5.65389e-05
244.02	5.62081e-05
244.04	5.58749e-05
244.06	5.55395e-05
244.08	5.52018e-05
244.1	5.48622e-05
244.12	5.45206e-05
244.14	5.41772e-05
244.16	5.38321e-05
244.18	5.34855e-05
244.2	5.31374e-05
244.22	5.27879e-05
244.24	5.24372e-05
244.26	5.20855e-05
244.28	5.17327e-05
244.3	5.1379e-05
244.32	5.10245e-05
244.34	5.06693e-05
244.36	5.03136e-05
244.38	4.99573e-05
244.4	4.96007e-05
244.42	4.92438e-05
244.44	4.88867e-05
244.46	4.85295e-05
244.48	4.81723e-05
244.5	4.78151e-05
244.52	4.74582e-05
244.54	4.71015e-05
244.56	4.67451e-05
244.58	4.63892e-05
244.6	4.60337e-05
244.62	4.56788e-05
244.64	4.53246e-05
244.66	4.49711e-05
244.68	4.46183e-05
244.7	4.42665e-05
244.72	4.39155e-05
244.74	4.35655e-05
244.76	4.32166e-05
244.78	4.28688e-05
244.8	4.25222e-05
244.82	4.21768e-05
244.84	4.18326e-05
244.86	4.14898e-05
244.88	4.11484e-05
244.9	4.08083e-05
244.92	4.04698e-05
244.94	4.01328e-05
244.96	3.97973e-05
244.98	3.94634e-05
245	3.91311e-05
245.02	3.88006e-05
245.04	3.84717e-05
245.06	3.81445e-05
245.08	3.78192e-05
245.1	3.74956e-05
245.12	3.71738e-05
245.14	3.68539e-05
245.16	3.65359e-05
245.18	3.62198e-05
245.2	3.59056e-05
245.22	3.55934e-05
245.24	3.52831e-05
245.26	3.49748e-05
245.28	3.46685e-05
245.3	3.43642e-05
245.32	3.4062e-05
245.34	3.37618e-05
245.36	3.34636e-05
245.38	3.31676e-05
245.4	3.28736e-05
245.42	3.25816e-05
245.44	3.22918e-05
245.46	3.20041e-05
245.48	3.17185e-05
245.5	3.1435e-05
245.52	3.11536e-05
245.54	3.08743e-05
245.56	3.05971e-05
245.58	3.03221e-05
245.6	3.00492e-05
245.62	2.97784e-05
245.64	2.95098e-05
245.66	2.92432e-05
245.68	2.89788e-05
245.7	2.87165e-05
245.72	2.84563e-05
245.74	2.81983e-05
245.76	2.79423e-05
245.78	2.76884e-05
245.8	2.74366e-05
245.82	2.71869e-05
245.84	2.69393e-05
245.86	2.66938e-05
245.88	2.64503e-05
245.9	2.62089e-05
245.92	2.59696e-05
245.94	2.57323e-05
245.96	2.5497e-05
245.98	2.52638e-05
246	2.50326e-05
246.02	2.48033e-05
246.04	2.45761e-05
246.06	2.43509e-05
246.08	2.41276e-05
246.1	2.39064e-05
246.12	2.3687e-05
246.14	2.34696e-05
246.16	2.32542e-05
246.18	2.30407e-05
246.2	2.2829e-05
246.22	2.26193e-05
246.24	2.24115e-05
246.26	2.22055e-05
246.28	2.20014e-05
246.3	2.17991e-05
246.32	2.15987e-05
246.34	2.14001e-05
246.36	2.12033e-05
246.38	2.10083e-05
246.4	2.08151e-05
246.42	2.06237e-05
246.44	2.0434e-05
246.46	2.02461e-05
246.48	2.00599e-05
246.5	1.98754e-05
246.52	1.96926e-05
246.54	1.95115e-05
246.56	1.93321e-05
246.58	1.91544e-05
246.6	1.89783e-05
246.62	1.88038e-05
246.64	1.8631e-05
246.66	1.84598e-05
246.68	1.82902e-05
246.7	1.81222e-05
246.72	1.79557e-05
246.74	1.77908e-05
246.76	1.76275e-05
246.78	1.74656e-05
246.8	1.73054e-05
246.82	1.71466e-05
246.84	1.69893e-05
246.86	1.68334e-05
246.88	1.66791e-05
246.9	1.65262e-05
246.92	1.63747e-05
246.94	1.62247e-05
246.96	1.60761e-05
246.98	1.59289e-05
247	1.57831e-05
247.02	1.56387e-05
247.04	1.54956e-05
247.06	1.53539e-05
247.08	1.52135e-05
247.1	1.50745e-05
247.12	1.49367e-05
247.14	1.48003e-05
247.16	1.46652e-05
247.18	1.45313e-05
247.2	1.43987e-05
247.22	1.42674e-05
247.24	1.41373e-05
247.26	1.40085e-05
247.28	1.38809e-05
247.3	1.37545e-05
247.32	1.36292e-05
247.34	1.35052e-05
247.36	1.33824e-05
247.38	1.32607e-05
247.4	1.31402e-05
247.42	1.30208e-05
247.44	1.29025e-05
247.46	1.27854e-05
247.48	1.26694e-05
247.5	1.25544e-05
247.52	1.24406e-05
247.54	1.23279e-05
247.56	1.22162e-05
247.58	1.21056e-05
247.6	1.1996e-05
247.62	1.18875e-05
247.64	1.178e-05
247.66	1.16735e-05
247.68	1.1568e-05
247.7	1.14635e-05
247.72	1.136e-05
247.74	1.12575e-05
247.76	1.1156e-05
247.78	1.10554e-05
247.8	1.09558e-05
247.82	1.08571e-05
247.84	1.07593e-05
247.86	1.06625e-05
247.88	1.05666e-05
247.9	1.04716e-05
247.92	1.03775e-05
247.94	1.02843e-05
247.96	1.0192e-05
247.98	1.01005e-05
248	1.00099e-05
248.02	9.92014e-06
248.04	9.83125e-06
248.06	9.74318e-06
248.08	9.65595e-06
248.1	9.56954e-06
248.12	9.48395e-06
248.14	9.39916e-06
248.16	9.31517e-06
248.18	9.23197e-06
248.2	9.14955e-06
248.22	9.06791e-06
248.24	8.98704e-06
248.26	8.90692e-06
248.28	8.82756e-06
248.3	8.74894e-06
248.32	8.67106e-06
248.34	8.59391e-06
248.36	8.51749e-06
248.38	8.44178e-06
248.4	8.36678e-06
248.42	8.29249e-06
248.44	8.21889e-06
248.46	8.14598e-06
248.48	8.07375e-06
248.5	8.00219e-06
248.52	7.93131e-06
248.54	7.86109e-06
248.56	7.79152e-06
248.58	7.72261e-06
248.6	7.65434e-06
248.62	7.5867e-06
248.64	7.5197e-06
248.66	7.45332e-06
248.68	7.38756e-06
248.7	7.32241e-06
248.72	7.25787e-06
248.74	7.19393e-06
248.76	7.13058e-06
248.78	7.06783e-06
248.8	7.00565e-06
248.82	6.94406e-06
248.84	6.88304e-06
248.86	6.82258e-06
248.88	6.76269e-06
248.9	6.70335e-06
248.92	6.64456e-06
248.94	6.58632e-06
248.96	6.52861e-06
248.98	6.47144e-06
249	6.4148e-06
249.02	6.35869e-06
249.04	6.30309e-06
249.06	6.24801e-06
249.08	6.19343e-06
249.1	6.13937e-06
249.12	6.0858e-06
249.14	6.03272e-06
249.16	5.98014e-06
249.18	5.92804e-06
249.2	5.87642e-06
249.22	5.82527e-06
249.24	5.7746e-06
249.26	5.72439e-06
249.28	5.67465e-06
249.3	5.62536e-06
249.32	5.57653e-06
249.34	5.52815e-06
249.36	5.48021e-06
249.38	5.43271e-06
249.4	5.38565e-06
249.42	5.33901e-06
249.44	5.29281e-06
249.46	5.24703e-06
249.48	5.20167e-06
249.5	5.15673e-06
249.52	5.1122e-06
249.54	5.06807e-06
249.56	5.02435e-06
249.58	4.98103e-06
249.6	4.9381e-06
249.62	4.89557e-06
249.64	4.85343e-06
249.66	4.81167e-06
249.68	4.77029e-06
249.7	4.72929e-06
249.72	4.68866e-06
249.74	4.64841e-06
249.76	4.60852e-06
249.78	4.56899e-06
249.8	4.52982e-06
249.82	4.49101e-06
249.84	4.45256e-06
249.86	4.41445e-06
249.88	4.37669e-06
249.9	4.33927e-06
249.92	4.3022e-06
249.94	4.26545e-06
249.96	4.22905e-06
249.98	4.19297e-06
250	4.15722e-06
250.02	4.12179e-06
250.04	4.08669e-06
250.06	4.0519e-06
250.08	4.01743e-06
250.1	3.98327e-06
250.12	3.94942e-06
250.14	3.91587e-06
250.16	3.88263e-06
250.18	3.84969e-06
250.2	3.81705e-06
250.22	3.7847e-06
250.24	3.75264e-06
250.26	3.72087e-06
250.28	3.68939e-06
250.3	3.65819e-06
250.32	3.62727e-06
250.34	3.59664e-06
250.36	3.56627e-06
250.38	3.53618e-06
250.4	3.50636e-06
250.42	3.47681e-06
250.44	3.44753e-06
250.46	3.4185e-06
250.48	3.38974e-06
250.5	3.36124e-06
250.52	3.33299e-06
250.54	3.305e-06
250.56	3.27725e-06
250.58	3.24976e-06
250.6	3.22251e-06
250.62	3.1955e-06
250.64	3.16874e-06
250.66	3.14222e-06
250.68	3.11593e-06
250.7	3.08988e-06
250.72	3.06406e-06
250.74	3.03847e-06
250.76	3.01311e-06
250.78	2.98798e-06
250.8	2.96307e-06
250.82	2.93838e-06
250.84	2.91392e-06
250.86	2.88967e-06
250.88	2.86564e-06
250.9	2.84182e-06
250.92	2.81821e-06
250.94	2.79481e-06
250.96	2.77162e-06
250.98	2.74864e-06
251	2.72586e-06
251.02	2.70329e-06
251.04	2.68091e-06
251.06	2.65873e-06
251.08	2.63675e-06
251.1	2.61497e-06
251.12	2.59338e-06
251.14	2.57198e-06
251.16	2.55076e-06
251.18	2.52974e-06
251.2	2.5089e-06
251.22	2.48825e-06
251.24	2.46778e-06
251.26	2.44749e-06
251.28	2.42738e-06
251.3	2.40745e-06
251.32	2.38769e-06
251.34	2.36811e-06
251.36	2.3487e-06
251.38	2.32946e-06
251.4	2.31039e-06
251.42	2.29149e-06
251.44	2.27275e-06
251.46	2.25418e-06
251.48	2.23578e-06
251.5	2.21753e-06
251.52	2.19945e-06
251.54	2.18152e-06
251.56	2.16376e-06
251.58	2.14615e-06
251.6	2.12869e-06
251.62	2.11139e-06
251.64	2.09424e-06
251.66	2.07723e-06
251.68	2.06038e-06
251.7	2.04368e-06
251.72	2.02712e-06
251.74	2.01071e-06
251.76	1.99444e-06
251.78	1.97831e-06
251.8	1.96232e-06
251.82	1.94648e-06
251.84	1.93077e-06
251.86	1.9152e-06
251.88	1.89977e-06
251.9	1.88447e-06
251.92	1.8693e-06
251.94	1.85426e-06
251.96	1.83936e-06
251.98	1.82459e-06
252	1.80994e-06
252.02	1.79543e-06
252.04	1.78104e-06
252.06	1.76677e-06
252.08	1.75263e-06
252.1	1.73861e-06
252.12	1.72471e-06
252.14	1.71094e-06
252.16	1.69728e-06
252.18	1.68374e-06
252.2	1.67032e-06
252.22	1.65702e-06
252.24	1.64383e-06
252.26	1.63076e-06
252.28	1.61779e-06
252.3	1.60495e-06
252.32	1.59221e-06
252.34	1.57958e-06
252.36	1.56706e-06
252.38	1.55465e-06
252.4	1.54235e-06
252.42	1.53015e-06
252.44	1.51806e-06
252.46	1.50607e-06
252.48	1.49419e-06
252.5	1.48241e-06
252.52	1.47073e-06
252.54	1.45915e-06
252.56	1.44767e-06
252.58	1.43629e-06
252.6	1.425e-06
252.62	1.41382e-06
252.64	1.40273e-06
252.66	1.39173e-06
252.68	1.38083e-06
252.7	1.37003e-06
252.72	1.35931e-06
252.74	1.34869e-06
252.76	1.33816e-06
252.78	1.32772e-06
252.8	1.31737e-06
252.82	1.30711e-06
252.84	1.29693e-06
252.86	1.28685e-06
252.88	1.27685e-06
252.9	1.26693e-06
252.92	1.2571e-06
252.94	1.24735e-06
252.96	1.23769e-06
252.98	1.22811e-06
253	1.21861e-06
253.02	1.20919e-06
253.04	1.19985e-06
253.06	1.19059e-06
253.08	1.18141e-06
253.1	1.17231e-06
253.12	1.16329e-06
253.14	1.15434e-06
253.16	1.14547e-06
253.18	1.13667e-06
253.2	1.12795e-06
253.22	1.11931e-06
253.24	1.11073e-06
253.26	1.10223e-06
253.28	1.0938e-06
253.3	1.08545e-06
253.32	1.07716e-06
253.34	1.06894e-06
253.36	1.0608e-06
253.38	1.05272e-06
253.4	1.04471e-06
253.42	1.03677e-06
253.44	1.0289e-06
253.46	1.02109e-06
253.48	1.01335e-06
253.5	1.00567e-06
253.52	9.9806e-07
253.54	9.90512e-07
253.56	9.83029e-07
253.58	9.75608e-07
253.6	9.6825e-07
253.62	9.60955e-07
253.64	9.5372e-07
253.66	9.46547e-07
253.68	9.39433e-07
253.7	9.3238e-07
253.72	9.25386e-07
253.74	9.18451e-07
253.76	9.11574e-07
253.78	9.04755e-07
253.8	8.97993e-07
253.82	8.91287e-07
253.84	8.84638e-07
253.86	8.78045e-07
253.88	8.71507e-07
253.9	8.65024e-07
253.92	8.58595e-07
253.94	8.5222e-07
253.96	8.45898e-07
253.98	8.39629e-07
254	8.33412e-07
254.02	8.27248e-07
254.04	8.21134e-07
254.06	8.15072e-07
254.08	8.09061e-07
254.1	8.03099e-07
254.12	7.97188e-07
254.14	7.91325e-07
254.16	7.85512e-07
254.18	7.79747e-07
254.2	7.74029e-07
254.22	7.6836e-07
254.24	7.62737e-07
254.26	7.57162e-07
254.28	7.51632e-07
254.3	7.46149e-07
254.32	7.40711e-07
254.34	7.35318e-07
254.36	7.2997e-07
254.38	7.24666e-07
254.4	7.19407e-07
254.42	7.14191e-07
254.44	7.09018e-07
254.46	7.03888e-07
254.48	6.988e-07
254.5	6.93754e-07
254.52	6.88751e-07
254.54	6.83788e-07
254.56	6.78867e-07
254.58	6.73986e-07
254.6	6.69145e-07
254.62	6.64345e-07
254.64	6.59584e-07
254.66	6.54862e-07
254.68	6.50179e-07
254.7	6.45535e-07
254.72	6.40929e-07
254.74	6.36361e-07
254.76	6.31831e-07
254.78	6.27338e-07
254.8	6.22882e-07
254.82	6.18462e-07
254.84	6.14079e-07
254.86	6.09732e-07
254.88	6.0542e-07
254.9	6.01144e-07
254.92	5.96903e-07
254.94	5.92697e-07
254.96	5.88525e-07
254.98	5.84388e-07
255	5.80284e-07
255.02	5.76214e-07
255.04	5.72177e-07
255.06	5.68173e-07
255.08	5.64202e-07
255.1	5.60264e-07
255.12	5.56358e-07
255.14	5.52483e-07
255.16	5.48641e-07
255.18	5.44829e-07
255.2	5.41049e-07
255.22	5.373e-07
255.24	5.33581e-07
255.26	5.29893e-07
255.28	5.26234e-07
255.3	5.22606e-07
255.32	5.19007e-07
255.34	5.15437e-07
255.36	5.11897e-07
255.38	5.08385e-07
255.4	5.04902e-07
255.42	5.01447e-07
255.44	4.9802e-07
255.46	4.94621e-07
255.48	4.9125e-07
255.5	4.87906e-07
255.52	4.84589e-07
255.54	4.81299e-07
255.56	4.78036e-07
255.58	4.74799e-07
255.6	4.71589e-07
255.62	4.68404e-07
255.64	4.65246e-07
255.66	4.62112e-07
255.68	4.59005e-07
255.7	4.55922e-07
255.72	4.52865e-07
255.74	4.49832e-07
255.76	4.46824e-07
255.78	4.4384e-07
255.8	4.4088e-07
255.82	4.37944e-07
255.84	4.35032e-07
255.86	4.32143e-07
255.88	4.29278e-07
255.9	4.26436e-07
255.92	4.23617e-07
255.94	4.2082e-07
255.96	4.18046e-07
255.98	4.15295e-07
256	4.12566e-07
256.02	4.09858e-07
256.04	4.07173e-07
256.06	4.04509e-07
256.08	4.01867e-07
256.1	3.99246e-07
256.12	3.96646e-07
256.14	3.94067e-07
256.16	3.91508e-07
256.18	3.88971e-07
256.2	3.86453e-07
256.22	3.83956e-07
256.24	3.81479e-07
256.26	3.79022e-07
256.28	3.76585e-07
256.3	3.74168e-07
256.32	3.71769e-07
256.34	3.69391e-07
256.36	3.67031e-07
256.38	3.6469e-07
256.4	3.62368e-07
256.42	3.60064e-07
256.44	3.5778e-07
256.46	3.55513e-07
256.48	3.53265e-07
256.5	3.51035e-07
256.52	3.48822e-07
256.54	3.46628e-07
256.56	3.44451e-07
256.58	3.42291e-07
256.6	3.40149e-07
256.62	3.38024e-07
256.64	3.35916e-07
256.66	3.33825e-07
256.68	3.31751e-07
256.7	3.29694e-07
256.72	3.27653e-07
256.74	3.25628e-07
256.76	3.2362e-07
256.78	3.21627e-07
256.8	3.19651e-07
256.82	3.17691e-07
256.84	3.15746e-07
256.86	3.13817e-07
256.88	3.11903e-07
256.9	3.10005e-07
256.92	3.08122e-07
256.94	3.06254e-07
256.96	3.04402e-07
256.98	3.02564e-07
257	3.0074e-07
257.02	2.98932e-07
257.04	2.97138e-07
257.06	2.95358e-07
257.08	2.93593e-07
257.1	2.91842e-07
257.12	2.90105e-07
257.14	2.88382e-07
257.16	2.86673e-07
257.18	2.84977e-07
257.2	2.83296e-07
257.22	2.81627e-07
257.24	2.79973e-07
257.26	2.78331e-07
257.28	2.76703e-07
257.3	2.75088e-07
257.32	2.73486e-07
257.34	2.71897e-07
257.36	2.70321e-07
257.38	2.68757e-07
257.4	2.67206e-07
257.42	2.65668e-07
257.44	2.64142e-07
257.46	2.62628e-07
257.48	2.61127e-07
257.5	2.59638e-07
257.52	2.58161e-07
257.54	2.56696e-07
257.56	2.55242e-07
257.58	2.53801e-07
257.6	2.52371e-07
257.62	2.50953e-07
257.64	2.49547e-07
257.66	2.48152e-07
257.68	2.46768e-07
257.7	2.45395e-07
257.72	2.44034e-07
257.74	2.42684e-07
257.76	2.41345e-07
257.78	2.40017e-07
257.8	2.387e-07
257.82	2.37393e-07
257.84	2.36098e-07
257.86	2.34813e-07
257.88	2.33538e-07
257.9	2.32274e-07
257.92	2.31021e-07
257.94	2.29778e-07
257.96	2.28545e-07
257.98	2.27322e-07
258	2.26109e-07
258.02	2.24907e-07
258.04	2.23714e-07
258.06	2.22532e-07
258.08	2.21359e-07
258.1	2.20196e-07
258.12	2.19043e-07
258.14	2.17899e-07
258.16	2.16765e-07
258.18	2.1564e-07
258.2	2.14525e-07
258.22	2.1342e-07
258.24	2.12323e-07
258.26	2.11236e-07
258.28	2.10159e-07
258.3	2.0909e-07
258.32	2.0803e-07
258.34	2.0698e-07
258.36	2.05938e-07
258.38	2.04905e-07
258.4	2.03882e-07
258.42	2.02867e-07
258.44	2.0186e-07
258.46	2.00863e-07
258.48	1.99874e-07
258.5	1.98894e-07
258.52	1.97922e-07
258.54	1.96959e-07
258.56	1.96004e-07
258.58	1.95057e-07
258.6	1.94119e-07
258.62	1.9319e-07
258.64	1.92268e-07
258.66	1.91355e-07
258.68	1.90449e-07
258.7	1.89552e-07
258.72	1.88663e-07
258.74	1.87782e-07
258.76	1.86909e-07
258.78	1.86044e-07
258.8	1.85187e-07
258.82	1.84338e-07
258.84	1.83496e-07
258.86	1.82663e-07
258.88	1.81837e-07
258.9	1.81019e-07
258.92	1.80208e-07
258.94	1.79405e-07
258.96	1.7861e-07
258.98	1.77822e-07
259	1.77042e-07
259.02	1.76269e-07
259.04	1.75504e-07
259.06	1.74746e-07
259.08	1.73996e-07
259.1	1.73253e-07
259.12	1.72518e-07
259.14	1.7179e-07
259.16	1.71069e-07
259.18	1.70355e-07
259.2	1.69649e-07
259.22	1.6895e-07
259.24	1.68258e-07
259.26	1.67574e-07
259.28	1.66896e-07
259.3	1.66226e-07
259.32	1.65563e-07
259.34	1.64907e-07
259.36	1.64259e-07
259.38	1.63617e-07
259.4	1.62983e-07
259.42	1.62356e-07
259.44	1.61735e-07
259.46	1.61122e-07
259.48	1.60516e-07
259.5	1.59918e-07
259.52	1.59326e-07
259.54	1.58741e-07
259.56	1.58164e-07
259.58	1.57594e-07
259.6	1.5703e-07
259.62	1.56474e-07
259.64	1.55926e-07
259.66	1.55384e-07
259.68	1.54849e-07
259.7	1.54322e-07
259.72	1.53802e-07
259.74	1.53289e-07
259.76	1.52784e-07
259.78	1.52286e-07
259.8	1.51795e-07
259.82	1.51312e-07
259.84	1.50836e-07
259.86	1.50368e-07
259.88	1.49907e-07
259.9	1.49454e-07
259.92	1.49008e-07
259.94	1.4857e-07
259.96	1.4814e-07
259.98	1.47718e-07
260	1.47304e-07
260.02	1.46898e-07
260.04	1.46501e-07
260.06	1.46111e-07
260.08	1.4573e-07
260.1	1.45358e-07
260.12	1.44994e-07
260.14	1.44639e-07
260.16	1.44293e-07
260.18	1.43956e-07
260.2	1.43629e-07
260.22	1.43311e-07
260.24	1.43003e-07
260.26	1.42705e-07
260.28	1.42418e-07
260.3	1.42141e-07
260.32	1.41875e-07
260.34	1.4162e-07
260.36	1.41378e-07
260.38	1.41147e-07
260.4	1.4093e-07
260.42	1.40725e-07
260.44	1.40535e-07
260.46	1.40359e-07
260.48	1.40199e-07
260.5	1.40056e-07
260.52	1.3993e-07
260.54	1.39823e-07
260.56	1.39736e-07
260.58	1.39672e-07
260.6	1.39632e-07
260.62	1.3962e-07
260.64	1.39638e-07
260.66	1.39692e-07
260.68	1.39786e-07
260.7	1.3993e-07
260.72	1.40135e-07
260.74	1.40421e-07
260.76	1.40818e-07
260.78	1.41391e-07
260.8	1.42281e-07
260.82	1.4387e-07
260.84	1.47407e-07
260.86	1.55472e-07
260.88	1.70913e-07
260.9	1.97856e-07
260.92	2.44138e-07
260.94	3.21606e-07
260.96	4.48464e-07
260.98	6.5578e-07
261	9.93269e-07
261.02	1.52781e-06
261.04	2.33248e-06
261.06	3.46379e-06
261.08	4.93394e-06
261.1	6.70792e-06
261.12	8.72847e-06
261.14	1.09368e-05
261.16	1.32791e-05
261.18	1.57082e-05
261.2	1.8183e-05
261.22	2.06698e-05
261.24	2.31409e-05
261.26	2.55746e-05
261.28	2.79542e-05
261.3	3.02671e-05
261.32	3.25037e-05
261.34	3.46575e-05
261.36	3.6724e-05
261.38	3.87005e-05
261.4	4.05859e-05
261.42	4.23801e-05
261.44	4.4084e-05
261.46	4.56992e-05
261.48	4.72279e-05
261.5	4.86725e-05
261.52	5.00359e-05
261.54	5.13211e-05
261.56	5.2531e-05
261.58	5.36688e-05
261.6	5.47378e-05
261.62	5.57409e-05
261.64	5.66812e-05
261.66	5.75617e-05
261.68	5.83852e-05
261.7	5.91546e-05
261.72	5.98725e-05
261.74	6.05415e-05
261.76	6.1164e-05
261.78	6.17424e-05
261.8	6.22788e-05
261.82	6.27755e-05
261.84	6.32345e-05
261.86	6.36576e-05
261.88	6.40467e-05
261.9	6.44035e-05
261.92	6.47297e-05
261.94	6.50268e-05
261.96	6.52963e-05
261.98	6.55396e-05
262	6.57579e-05
262.02	6.59526e-05
262.04	6.61248e-05
262.06	6.62755e-05
262.08	6.6406e-05
262.1	6.6517e-05
262.12	6.66096e-05
262.14	6.66846e-05
262.16	6.67429e-05
262.18	6.67851e-05
262.2	6.68121e-05
262.22	6.68246e-05
262.24	6.6823e-05
262.26	6.68081e-05
262.28	6.67805e-05
262.3	6.67406e-05
262.32	6.66889e-05
262.34	6.66259e-05
262.36	6.65521e-05
262.38	6.64678e-05
262.4	6.63735e-05
262.42	6.62695e-05
262.44	6.61561e-05
262.46	6.60336e-05
262.48	6.59024e-05
262.5	6.57628e-05
262.52	6.56149e-05
262.54	6.54591e-05
262.56	6.52957e-05
262.58	6.51247e-05
262.6	6.49465e-05
262.62	6.47612e-05
262.64	6.45691e-05
262.66	6.43703e-05
262.68	6.4165e-05
262.7	6.39534e-05
262.72	6.37357e-05
262.74	6.3512e-05
262.76	6.32824e-05
262.78	6.30472e-05
262.8	6.28065e-05
262.82	6.25604e-05
262.84	6.2309e-05
262.86	6.20526e-05
262.88	6.17912e-05
262.9	6.15249e-05
262.92	6.1254e-05
262.94	6.09786e-05
262.96	6.06987e-05
262.98	6.04146e-05
263	6.01263e-05
263.02	5.98339e-05
263.04	5.95377e-05
263.06	5.92377e-05
263.08	5.89341e-05
263.1	5.8627e-05
263.12	5.83164e-05
263.14	5.80027e-05
263.16	5.76858e-05
263.18	5.73659e-05
263.2	5.70431e-05
263.22	5.67175e-05
263.24	5.63894e-05
263.26	5.60587e-05
263.28	5.57257e-05
263.3	5.53904e-05
263.32	5.50529e-05
263.34	5.47135e-05
263.36	5.43721e-05
263.38	5.4029e-05
263.4	5.36842e-05
263.42	5.33378e-05
263.44	5.299e-05
263.46	5.2641e-05
263.48	5.22907e-05
263.5	5.19393e-05
263.52	5.15869e-05
263.54	5.12336e-05
263.56	5.08796e-05
263.58	5.05249e-05
263.6	5.01697e-05
263.62	4.98139e-05
263.64	4.94579e-05
263.66	4.91015e-05
263.68	4.8745e-05
263.7	4.83883e-05
263.72	4.80317e-05
263.74	4.76752e-05
263.76	4.73189e-05
263.78	4.69628e-05
263.8	4.66071e-05
263.82	4.62519e-05
263.84	4.58971e-05
263.86	4.55429e-05
263.88	4.51894e-05
263.9	4.48366e-05
263.92	4.44846e-05
263.94	4.41335e-05
263.96	4.37833e-05
263.98	4.34341e-05
264	4.3086e-05
264.02	4.27389e-05
264.04	4.23931e-05
264.06	4.20485e-05
264.08	4.17051e-05
264.1	4.13631e-05
264.12	4.10225e-05
264.14	4.06833e-05
264.16	4.03456e-05
264.18	4.00094e-05
264.2	3.96748e-05
264.22	3.93418e-05
264.24	3.90104e-05
264.26	3.86806e-05
264.28	3.83526e-05
264.3	3.80263e-05
264.32	3.77018e-05
264.34	3.73791e-05
264.36	3.70582e-05
264.38	3.67392e-05
264.4	3.64221e-05
264.42	3.61068e-05
264.44	3.57935e-05
264.46	3.54822e-05
264.48	3.51728e-05
264.5	3.48653e-05
264.52	3.45599e-05
264.54	3.42565e-05
264.56	3.39552e-05
264.58	3.36558e-05
264.6	3.33585e-05
264.62	3.30633e-05
264.64	3.27702e-05
264.66	3.24792e-05
264.68	3.21902e-05
264.7	3.19033e-05
264.72	3.16186e-05
264.74	3.13359e-05
264.76	3.10554e-05
264.78	3.0777e-05
264.8	3.05007e-05
264.82	3.02265e-05
264.84	2.99544e-05
264.86	2.96845e-05
264.88	2.94166e-05
264.9	2.91509e-05
264.92	2.88873e-05
264.94	2.86258e-05
264.96	2.83665e-05
264.98	2.81092e-05
265	2.7854e-05
265.02	2.7601e-05
265.04	2.735e-05
265.06	2.71011e-05
265.08	2.68543e-05
265.1	2.66095e-05
265.12	2.63668e-05
265.14	2.61262e-05
265.16	2.58876e-05
265.18	2.56511e-05
265.2	2.54166e-05
265.22	2.51841e-05
265.24	2.49536e-05
265.26	2.47251e-05
265.28	2.44987e-05
265.3	2.42742e-05
265.32	2.40516e-05
265.34	2.38311e-05
265.36	2.36125e-05
265.38	2.33958e-05
265.4	2.3181e-05
265.42	2.29682e-05
265.44	2.27573e-05
265.46	2.25482e-05
265.48	2.23411e-05
265.5	2.21358e-05
265.52	2.19323e-05
265.54	2.17308e-05
265.56	2.1531e-05
265.58	2.1333e-05
265.6	2.11369e-05
265.62	2.09426e-05
265.64	2.075e-05
265.66	2.05592e-05
265.68	2.03701e-05
265.7	2.01828e-05
265.72	1.99972e-05
265.74	1.98134e-05
265.76	1.96312e-05
265.78	1.94507e-05
265.8	1.92719e-05
265.82	1.90948e-05
265.84	1.89193e-05
265.86	1.87454e-05
265.88	1.85731e-05
265.9	1.84025e-05
265.92	1.82334e-05
265.94	1.8066e-05
265.96	1.79001e-05
265.98	1.77357e-05
266	1.75729e-05
266.02	1.74116e-05
266.04	1.72519e-05
266.06	1.70936e-05
266.08	1.69368e-05
266.1	1.67815e-05
266.12	1.66277e-05
266.14	1.64753e-05
266.16	1.63244e-05
266.18	1.61749e-05
266.2	1.60267e-05
266.22	1.588e-05
266.24	1.57347e-05
266.26	1.55907e-05
266.28	1.54481e-05
266.3	1.53069e-05
266.32	1.5167e-05
266.34	1.50284e-05
266.36	1.48911e-05
266.38	1.47552e-05
266.4	1.46205e-05
266.42	1.44871e-05
266.44	1.43549e-05
266.46	1.42241e-05
266.48	1.40944e-05
266.5	1.3966e-05
266.52	1.38388e-05
266.54	1.37128e-05
266.56	1.3588e-05
266.58	1.34644e-05
266.6	1.33419e-05
266.62	1.32206e-05
266.64	1.31005e-05
266.66	1.29815e-05
266.68	1.28637e-05
266.7	1.27469e-05
266.72	1.26313e-05
266.74	1.25167e-05
266.76	1.24033e-05
266.78	1.22909e-05
266.8	1.21796e-05
266.82	1.20693e-05
266.84	1.19601e-05
266.86	1.1852e-05
266.88	1.17448e-05
266.9	1.16387e-05
266.92	1.15335e-05
266.94	1.14294e-05
266.96	1.13263e-05
266.98	1.12241e-05
267	1.11229e-05
267.02	1.10226e-05
267.04	1.09233e-05
267.06	1.0825e-05
267.08	1.07275e-05
267.1	1.0631e-05
267.12	1.05354e-05
267.14	1.04407e-05
267.16	1.03469e-05
267.18	1.0254e-05
267.2	1.0162e-05
267.22	1.00708e-05
267.24	9.98053e-06
267.26	9.89107e-06
267.28	9.80246e-06
267.3	9.71469e-06
267.32	9.62774e-06
267.34	9.54161e-06
267.36	9.45629e-06
267.38	9.37178e-06
267.4	9.28806e-06
267.42	9.20513e-06
267.44	9.12298e-06
267.46	9.0416e-06
267.48	8.96098e-06
267.5	8.88113e-06
267.52	8.80202e-06
267.54	8.72365e-06
267.56	8.64603e-06
267.58	8.56913e-06
267.6	8.49295e-06
267.62	8.41748e-06
267.64	8.34272e-06
267.66	8.26867e-06
267.68	8.1953e-06
267.7	8.12262e-06
267.72	8.05063e-06
267.74	7.9793e-06
267.76	7.90864e-06
267.78	7.83865e-06
267.8	7.7693e-06
267.82	7.70061e-06
267.84	7.63255e-06
267.86	7.56513e-06
267.88	7.49834e-06
267.9	7.43217e-06
267.92	7.36662e-06
267.94	7.30168e-06
267.96	7.23734e-06
267.98	7.1736e-06
268	7.11046e-06
268.02	7.0479e-06
268.04	6.98592e-06
268.06	6.92452e-06
268.08	6.86369e-06
268.1	6.80343e-06
268.12	6.74372e-06
268.14	6.68457e-06
268.16	6.62597e-06
268.18	6.56791e-06
268.2	6.51038e-06
268.22	6.45339e-06
268.24	6.39693e-06
268.26	6.34099e-06
268.28	6.28557e-06
268.3	6.23066e-06
268.32	6.17626e-06
268.34	6.12236e-06
268.36	6.06895e-06
268.38	6.01604e-06
268.4	5.96362e-06
268.42	5.91168e-06
268.44	5.86022e-06
268.46	5.80924e-06
268.48	5.75872e-06
268.5	5.70867e-06
268.52	5.65908e-06
268.54	5.60995e-06
268.56	5.56127e-06
268.58	5.51303e-06
268.6	5.46524e-06
268.62	5.41789e-06
268.64	5.37097e-06
268.66	5.32448e-06
268.68	5.27842e-06
268.7	5.23279e-06
268.72	5.18756e-06
268.74	5.14276e-06
268.76	5.09836e-06
268.78	5.05437e-06
268.8	5.01079e-06
268.82	4.9676e-06
268.84	4.9248e-06
268.86	4.8824e-06
268.88	4.84038e-06
268.9	4.79875e-06
268.92	4.7575e-06
268.94	4.71662e-06
268.96	4.67612e-06
268.98	4.63599e-06
269	4.59622e-06
269.02	4.55681e-06
269.04	4.51777e-06
269.06	4.47907e-06
269.08	4.44073e-06
269.1	4.40274e-06
269.12	4.3651e-06
269.14	4.32779e-06
269.16	4.29083e-06
269.18	4.2542e-06
269.2	4.2179e-06
269.22	4.18193e-06
269.24	4.14629e-06
269.26	4.11097e-06
269.28	4.07597e-06
269.3	4.04129e-06
269.32	4.00692e-06
269.34	3.97286e-06
269.36	3.93911e-06
269.38	3.90566e-06
269.4	3.87252e-06
269.42	3.83968e-06
269.44	3.80713e-06
269.46	3.77488e-06
269.48	3.74292e-06
269.5	3.71124e-06
269.52	3.67986e-06
269.54	3.64875e-06
269.56	3.61792e-06
269.58	3.58738e-06
269.6	3.5571e-06
269.62	3.5271e-06
269.64	3.49737e-06
269.66	3.46791e-06
269.68	3.43871e-06
269.7	3.40977e-06
269.72	3.38109e-06
269.74	3.35267e-06
269.76	3.32451e-06
269.78	3.2966e-06
269.8	3.26894e-06
269.82	3.24152e-06
269.84	3.21435e-06
269.86	3.18743e-06
269.88	3.16074e-06
269.9	3.1343e-06
269.92	3.10809e-06
269.94	3.08211e-06
269.96	3.05637e-06
269.98	3.03085e-06
270	3.00557e-06
270.02	2.98051e-06
270.04	2.95567e-06
270.06	2.93106e-06
270.08	2.90666e-06
270.1	2.88248e-06
270.12	2.85852e-06
270.14	2.83477e-06
270.16	2.81123e-06
270.18	2.7879e-06
270.2	2.76478e-06
270.22	2.74186e-06
270.24	2.71915e-06
270.26	2.69664e-06
270.28	2.67433e-06
270.3	2.65221e-06
270.32	2.6303e-06
270.34	2.60857e-06
270.36	2.58704e-06
270.38	2.5657e-06
270.4	2.54455e-06
270.42	2.52359e-06
270.44	2.50281e-06
270.46	2.48221e-06
270.48	2.4618e-06
270.5	2.44157e-06
270.52	2.42152e-06
270.54	2.40164e-06
270.56	2.38194e-06
270.58	2.36241e-06
270.6	2.34306e-06
270.62	2.32387e-06
270.64	2.30486e-06
270.66	2.28601e-06
270.68	2.26733e-06
270.7	2.24881e-06
270.72	2.23046e-06
270.74	2.21227e-06
270.76	2.19423e-06
270.78	2.17636e-06
270.8	2.15864e-06
270.82	2.14108e-06
270.84	2.12367e-06
270.86	2.10642e-06
270.88	2.08931e-06
270.9	2.07236e-06
270.92	2.05556e-06
270.94	2.0389e-06
270.96	2.02239e-06
270.98	2.00602e-06
271	1.98979e-06
271.02	1.97371e-06
271.04	1.95777e-06
271.06	1.94197e-06
271.08	1.9263e-06
271.1	1.91078e-06
271.12	1.89539e-06
271.14	1.88013e-06
271.16	1.865e-06
271.18	1.85001e-06
271.2	1.83515e-06
271.22	1.82042e-06
271.24	1.80581e-06
271.26	1.79133e-06
271.28	1.77698e-06
271.3	1.76276e-06
271.32	1.74865e-06
271.34	1.73467e-06
271.36	1.72081e-06
271.38	1.70708e-06
271.4	1.69346e-06
271.42	1.67996e-06
271.44	1.66657e-06
271.46	1.6533e-06
271.48	1.64015e-06
271.5	1.62711e-06
271.52	1.61419e-06
271.54	1.60137e-06
271.56	1.58867e-06
271.58	1.57607e-06
271.6	1.56359e-06
271.62	1.55121e-06
271.64	1.53894e-06
271.66	1.52678e-06
271.68	1.51472e-06
271.7	1.50277e-06
271.72	1.49091e-06
271.74	1.47916e-06
271.76	1.46751e-06
271.78	1.45597e-06
271.8	1.44452e-06
271.82	1.43317e-06
271.84	1.42191e-06
271.86	1.41076e-06
271.88	1.3997e-06
271.9	1.38873e-06
271.92	1.37786e-06
271.94	1.36708e-06
271.96	1.3564e-06
271.98	1.34581e-06
272	1.3353e-06
272.02	1.32489e-06
272.04	1.31457e-06
272.06	1.30433e-06
272.08	1.29418e-06
272.1	1.28412e-06
272.12	1.27415e-06
272.14	1.26426e-06
272.16	1.25445e-06
272.18	1.24473e-06
272.2	1.23509e-06
272.22	1.22554e-06
272.24	1.21606e-06
272.26	1.20667e-06
272.28	1.19736e-06
272.3	1.18812e-06
272.32	1.17897e-06
272.34	1.16989e-06
272.36	1.16089e-06
272.38	1.15196e-06
272.4	1.14312e-06
272.42	1.13434e-06
272.44	1.12564e-06
272.46	1.11702e-06
272.48	1.10847e-06
272.5	1.09999e-06
272.52	1.09158e-06
272.54	1.08325e-06
272.56	1.07498e-06
272.58	1.06679e-06
272.6	1.05866e-06
272.62	1.05061e-06
272.64	1.04262e-06
272.66	1.0347e-06
272.68	1.02684e-06
272.7	1.01906e-06
272.72	1.01133e-06
272.74	1.00368e-06
272.76	9.96085e-07
272.78	9.88557e-07
272.8	9.81092e-07
272.82	9.7369e-07
272.84	9.66351e-07
272.86	9.59074e-07
272.88	9.51858e-07
272.9	9.44702e-07
272.92	9.37607e-07
272.94	9.30572e-07
272.96	9.23595e-07
272.98	9.16677e-07
273	9.09818e-07
273.02	9.03016e-07
273.04	8.96271e-07
273.06	8.89582e-07
273.08	8.8295e-07
273.1	8.76373e-07
273.12	8.69851e-07
273.14	8.63384e-07
273.16	8.56971e-07
273.18	8.50612e-07
273.2	8.44306e-07
273.22	8.38053e-07
273.24	8.31851e-07
273.26	8.25702e-07
273.28	8.19604e-07
273.3	8.13557e-07
273.32	8.0756e-07
273.34	8.01614e-07
273.36	7.95717e-07
273.38	7.89869e-07
273.4	7.84069e-07
273.42	7.78319e-07
273.44	7.72615e-07
273.46	7.6696e-07
273.48	7.61351e-07
273.5	7.55789e-07
273.52	7.50273e-07
273.54	7.44803e-07
273.56	7.39379e-07
273.58	7.33999e-07
273.6	7.28664e-07
273.62	7.23373e-07
273.64	7.18126e-07
273.66	7.12923e-07
273.68	7.07763e-07
273.7	7.02645e-07
273.72	6.9757e-07
273.74	6.92536e-07
273.76	6.87545e-07
273.78	6.82594e-07
273.8	6.77685e-07
273.82	6.72815e-07
273.84	6.67987e-07
273.86	6.63198e-07
273.88	6.58448e-07
273.9	6.53738e-07
273.92	6.49066e-07
273.94	6.44433e-07
273.96	6.39838e-07
273.98	6.35281e-07
274	6.30762e-07
274.02	6.26279e-07
274.04	6.21834e-07
274.06	6.17425e-07
274.08	6.13052e-07
274.1	6.08715e-07
274.12	6.04414e-07
274.14	6.00148e-07
274.16	5.95917e-07
274.18	5.91721e-07
274.2	5.87559e-07
274.22	5.83431e-07
274.24	5.79337e-07
274.26	5.75276e-07
274.28	5.71249e-07
274.3	5.67255e-07
274.32	5.63293e-07
274.34	5.59364e-07
274.36	5.55467e-07
274.38	5.51602e-07
274.4	5.47768e-07
274.42	5.43966e-07
274.44	5.40194e-07
274.46	5.36454e-07
274.48	5.32744e-07
274.5	5.29064e-07
274.52	5.25414e-07
274.54	5.21794e-07
274.56	5.18203e-07
274.58	5.14642e-07
274.6	5.1111e-07
274.62	5.07606e-07
274.64	5.04131e-07
274.66	5.00684e-07
274.68	4.97265e-07
274.7	4.93874e-07
274.72	4.9051e-07
274.74	4.87174e-07
274.76	4.83865e-07
274.78	4.80582e-07
274.8	4.77327e-07
274.82	4.74097e-07
274.84	4.70894e-07
274.86	4.67717e-07
274.88	4.64566e-07
274.9	4.6144e-07
274.92	4.58339e-07
274.94	4.55264e-07
274.96	4.52213e-07
274.98	4.49187e-07
275	4.46186e-07
275.02	4.43209e-07
275.04	4.40256e-07
275.06	4.37327e-07
275.08	4.34421e-07
275.1	4.31539e-07
275.12	4.2868e-07
275.14	4.25844e-07
275.16	4.23032e-07
275.18	4.20241e-07
275.2	4.17474e-07
275.22	4.14729e-07
275.24	4.12005e-07
275.26	4.09304e-07
275.28	4.06625e-07
275.3	4.03967e-07
275.32	4.0133e-07
275.34	3.98715e-07
275.36	3.96121e-07
275.38	3.93548e-07
275.4	3.90995e-07
275.42	3.88463e-07
275.44	3.85952e-07
275.46	3.8346e-07
275.48	3.80989e-07
275.5	3.78537e-07
275.52	3.76105e-07
275.54	3.73693e-07
275.56	3.713e-07
275.58	3.68927e-07
275.6	3.66572e-07
275.62	3.64237e-07
275.64	3.6192e-07
275.66	3.59621e-07
275.68	3.57342e-07
275.7	3.5508e-07
275.72	3.52837e-07
275.74	3.50612e-07
275.76	3.48404e-07
275.78	3.46214e-07
275.8	3.44042e-07
275.82	3.41887e-07
275.84	3.3975e-07
275.86	3.3763e-07
275.88	3.35527e-07
275.9	3.3344e-07
275.92	3.31371e-07
275.94	3.29318e-07
275.96	3.27281e-07
275.98	3.25261e-07
276	3.23257e-07
276.02	3.21269e-07
276.04	3.19297e-07
276.06	3.17341e-07
276.08	3.15401e-07
276.1	3.13476e-07
276.12	3.11566e-07
276.14	3.09672e-07
276.16	3.07794e-07
276.18	3.0593e-07
276.2	3.04081e-07
276.22	3.02247e-07
276.24	3.00428e-07
276.26	2.98623e-07
276.28	2.96833e-07
276.3	2.95058e-07
276.32	2.93296e-07
276.34	2.91549e-07
276.36	2.89816e-07
276.38	2.88097e-07
276.4	2.86391e-07
276.42	2.84699e-07
276.44	2.83021e-07
276.46	2.81357e-07
276.48	2.79706e-07
276.5	2.78068e-07
276.52	2.76443e-07
276.54	2.74832e-07
276.56	2.73233e-07
276.58	2.71648e-07
276.6	2.70075e-07
276.62	2.68515e-07
276.64	2.66967e-07
276.66	2.65432e-07
276.68	2.6391e-07
276.7	2.62399e-07
276.72	2.60901e-07
276.74	2.59416e-07
276.76	2.57942e-07
276.78	2.5648e-07
276.8	2.5503e-07
276.82	2.53592e-07
276.84	2.52165e-07
276.86	2.5075e-07
276.88	2.49347e-07
276.9	2.47955e-07
276.92	2.46574e-07
276.94	2.45205e-07
276.96	2.43847e-07
276.98	2.425e-07
277	2.41164e-07
277.02	2.39839e-07
277.04	2.38524e-07
277.06	2.37221e-07
277.08	2.35928e-07
277.1	2.34646e-07
277.12	2.33374e-07
277.14	2.32113e-07
277.16	2.30863e-07
277.18	2.29622e-07
277.2	2.28392e-07
277.22	2.27172e-07
277.24	2.25962e-07
277.26	2.24763e-07
277.28	2.23573e-07
277.3	2.22393e-07
277.32	2.21223e-07
277.34	2.20062e-07
277.36	2.18912e-07
277.38	2.17771e-07
277.4	2.16639e-07
277.42	2.15518e-07
277.44	2.14405e-07
277.46	2.13302e-07
277.48	2.12208e-07
277.5	2.11124e-07
277.52	2.10049e-07
277.54	2.08982e-07
277.56	2.07925e-07
277.58	2.06877e-07
277.6	2.05838e-07
277.62	2.04808e-07
277.64	2.03787e-07
277.66	2.02774e-07
277.68	2.0177e-07
277.7	2.00775e-07
277.72	1.99789e-07
277.74	1.98811e-07
277.76	1.97842e-07
277.78	1.96881e-07
277.8	1.95928e-07
277.82	1.94984e-07
277.84	1.94049e-07
277.86	1.93121e-07
277.88	1.92202e-07
277.9	1.91291e-07
277.92	1.90388e-07
277.94	1.89494e-07
277.96	1.88607e-07
277.98	1.87728e-07
278	1.86858e-07
278.02	1.85995e-07
278.04	1.8514e-07
278.06	1.84293e-07
278.08	1.83454e-07
278.1	1.82622e-07
278.12	1.81799e-07
278.14	1.80983e-07
278.16	1.80175e-07
278.18	1.79374e-07
278.2	1.78581e-07
278.22	1.77796e-07
278.24	1.77018e-07
278.26	1.76247e-07
278.28	1.75484e-07
278.3	1.74729e-07
278.32	1.73981e-07
278.34	1.7324e-07
278.36	1.72507e-07
278.38	1.71781e-07
278.4	1.71063e-07
278.42	1.70351e-07
278.44	1.69647e-07
278.46	1.68951e-07
278.48	1.68261e-07
278.5	1.67579e-07
278.52	1.66904e-07
278.54	1.66236e-07
278.56	1.65576e-07
278.58	1.64922e-07
278.6	1.64276e-07
278.62	1.63637e-07
278.64	1.63005e-07
278.66	1.6238e-07
278.68	1.61762e-07
278.7	1.61151e-07
278.72	1.60548e-07
278.74	1.59952e-07
278.76	1.59362e-07
278.78	1.5878e-07
278.8	1.58205e-07
278.82	1.57638e-07
278.84	1.57077e-07
278.86	1.56523e-07
278.88	1.55977e-07
278.9	1.55438e-07
278.92	1.54906e-07
278.94	1.54382e-07
278.96	1.53864e-07
278.98	1.53354e-07
279	1.52852e-07
279.02	1.52356e-07
279.04	1.51868e-07
279.06	1.51388e-07
279.08	1.50915e-07
279.1	1.50449e-07
279.12	1.49992e-07
279.14	1.49541e-07
279.16	1.49099e-07
279.18	1.48664e-07
279.2	1.48238e-07
279.22	1.47819e-07
279.24	1.47408e-07
279.26	1.47006e-07
279.28	1.46611e-07
279.3	1.46225e-07
279.32	1.45848e-07
279.34	1.45479e-07
279.36	1.45119e-07
279.38	1.44768e-07
279.4	1.44426e-07
279.42	1.44094e-07
279.44	1.43771e-07
279.46	1.43457e-07
279.48	1.43154e-07
279.5	1.42861e-07
279.52	1.42578e-07
279.54	1.42306e-07
279.56	1.42046e-07
279.58	1.41797e-07
279.6	1.4156e-07
279.62	1.41336e-07
279.64	1.41125e-07
279.66	1.40927e-07
279.68	1.40744e-07
279.7	1.40576e-07
279.72	1.40424e-07
279.74	1.4029e-07
279.76	1.40173e-07
279.78	1.40077e-07
279.8	1.40002e-07
279.82	1.3995e-07
279.84	1.39924e-07
279.86	1.39928e-07
279.88	1.39964e-07
279.9	1.40039e-07
279.92	1.40159e-07
279.94	1.40334e-07
279.96	1.4058e-07
279.98	1.40921e-07
280	1.41402e-07
280.02	1.4212e-07
280.04	1.43314e-07
280.06	1.4568e-07
280.08	1.51357e-07
280.1	1.63146e-07
280.12	1.84166e-07
280.14	2.20507e-07
280.16	2.82139e-07
280.18	3.83812e-07
280.2	5.49827e-07
280.22	8.21071e-07
280.24	1.25751e-06
280.26	1.93159e-06
280.28	2.91128e-06
280.3	4.2318e-06
280.32	5.87773e-06
280.34	7.79838e-06
280.36	9.93391e-06
280.38	1.22278e-05
280.4	1.46296e-05
280.42	1.70953e-05
280.44	1.95876e-05
280.46	2.2076e-05
280.48	2.45363e-05
280.5	2.69493e-05
280.52	2.93008e-05
280.54	3.15797e-05
280.56	3.37783e-05
280.58	3.58911e-05
280.6	3.79147e-05
280.62	3.98472e-05
280.64	4.16882e-05
280.66	4.34381e-05
280.68	4.50983e-05
280.7	4.66707e-05
280.72	4.81576e-05
280.74	4.95617e-05
280.76	5.0886e-05
280.78	5.21334e-05
280.8	5.33071e-05
280.82	5.44103e-05
280.84	5.54461e-05
280.86	5.64175e-05
280.88	5.73276e-05
280.9	5.81793e-05
280.92	5.89754e-05
280.94	5.97187e-05
280.96	6.04118e-05
280.98	6.10571e-05
281	6.16572e-05
281.02	6.22142e-05
281.04	6.27304e-05
281.06	6.32079e-05
281.08	6.36485e-05
281.1	6.40543e-05
281.12	6.44268e-05
281.14	6.4768e-05
281.16	6.50792e-05
281.18	6.53621e-05
281.2	6.56181e-05
281.22	6.58485e-05
281.24	6.60546e-05
281.26	6.62376e-05
281.28	6.63987e-05
281.3	6.65389e-05
281.32	6.66592e-05
281.34	6.67606e-05
281.36	6.68439e-05
281.38	6.69101e-05
281.4	6.696e-05
281.42	6.69941e-05
281.44	6.70134e-05
281.46	6.70183e-05
281.48	6.70097e-05
281.5	6.69879e-05
281.52	6.69536e-05
281.54	6.69073e-05
281.56	6.68495e-05
281.58	6.67805e-05
281.6	6.67009e-05
281.62	6.66111e-05
281.64	6.65113e-05
281.66	6.6402e-05
281.68	6.62835e-05
281.7	6.6156e-05
281.72	6.602e-05
281.74	6.58756e-05
281.76	6.57231e-05
281.78	6.55628e-05
281.8	6.53949e-05
281.82	6.52197e-05
281.84	6.50372e-05
281.86	6.48478e-05
281.88	6.46516e-05
281.9	6.44488e-05
281.92	6.42397e-05
281.94	6.40242e-05
281.96	6.38027e-05
281.98	6.35753e-05
282	6.33421e-05
282.02	6.31033e-05
282.04	6.28591e-05
282.06	6.26095e-05
282.08	6.23547e-05
282.1	6.20949e-05
282.12	6.18303e-05
282.14	6.15608e-05
282.16	6.12867e-05
282.18	6.10082e-05
282.2	6.07253e-05
282.22	6.04381e-05
282.24	6.01468e-05
282.26	5.98516e-05
282.28	5.95526e-05
282.3	5.92498e-05
282.32	5.89435e-05
282.34	5.86337e-05
282.36	5.83205e-05
282.38	5.80042e-05
282.4	5.76848e-05
282.42	5.73625e-05
282.44	5.70373e-05
282.46	5.67095e-05
282.48	5.6379e-05
282.5	5.60462e-05
282.52	5.5711e-05
282.54	5.53736e-05
282.56	5.50341e-05
282.58	5.46927e-05
282.6	5.43494e-05
282.62	5.40044e-05
282.64	5.36578e-05
282.66	5.33097e-05
282.68	5.29602e-05
282.7	5.26095e-05
282.72	5.22576e-05
282.74	5.19047e-05
282.76	5.15509e-05
282.78	5.11962e-05
282.8	5.08408e-05
282.82	5.04848e-05
282.84	5.01283e-05
282.86	4.97713e-05
282.88	4.94141e-05
282.9	4.90566e-05
282.92	4.8699e-05
282.94	4.83414e-05
282.96	4.79838e-05
282.98	4.76264e-05
283	4.72692e-05
283.02	4.69123e-05
283.04	4.65558e-05
283.06	4.61997e-05
283.08	4.58443e-05
283.1	4.54894e-05
283.12	4.51353e-05
283.14	4.47819e-05
283.16	4.44294e-05
283.18	4.40777e-05
283.2	4.37271e-05
283.22	4.33774e-05
283.24	4.30289e-05
283.26	4.26815e-05
283.28	4.23353e-05
283.3	4.19904e-05
283.32	4.16468e-05
283.34	4.13045e-05
283.36	4.09637e-05
283.38	4.06243e-05
283.4	4.02864e-05
283.42	3.99501e-05
283.44	3.96153e-05
283.46	3.92822e-05
283.48	3.89507e-05
283.5	3.8621e-05
283.52	3.82929e-05
283.54	3.79666e-05
283.56	3.76422e-05
283.58	3.73195e-05
283.6	3.69987e-05
283.62	3.66797e-05
283.64	3.63627e-05
283.66	3.60476e-05
283.68	3.57344e-05
283.7	3.54232e-05
283.72	3.51139e-05
283.74	3.48067e-05
283.76	3.45014e-05
283.78	3.41982e-05
283.8	3.38971e-05
283.82	3.3598e-05
283.84	3.33009e-05
283.86	3.3006e-05
283.88	3.27131e-05
283.9	3.24223e-05
283.92	3.21336e-05
283.94	3.1847e-05
283.96	3.15626e-05
283.98	3.12802e-05
284	3.1e-05
284.02	3.07219e-05
284.04	3.04459e-05
284.06	3.01721e-05
284.08	2.99003e-05
284.1	2.96307e-05
284.12	2.93632e-05
284.14	2.90979e-05
284.16	2.88346e-05
284.18	2.85735e-05
284.2	2.83145e-05
284.22	2.80576e-05
284.24	2.78028e-05
284.26	2.75501e-05
284.28	2.72995e-05
284.3	2.7051e-05
284.32	2.68045e-05
284.34	2.65602e-05
284.36	2.63179e-05
284.38	2.60776e-05
284.4	2.58394e-05
284.42	2.56033e-05
284.44	2.53692e-05
284.46	2.51371e-05
284.48	2.4907e-05
284.5	2.46789e-05
284.52	2.44528e-05
284.54	2.42287e-05
284.56	2.40066e-05
284.58	2.37864e-05
284.6	2.35682e-05
284.62	2.33519e-05
284.64	2.31375e-05
284.66	2.29251e-05
284.68	2.27145e-05
284.7	2.25059e-05
284.72	2.22991e-05
284.74	2.20942e-05
284.76	2.18911e-05
284.78	2.16899e-05
284.8	2.14906e-05
284.82	2.1293e-05
284.84	2.10972e-05
284.86	2.09032e-05
284.88	2.0711e-05
284.9	2.05206e-05
284.92	2.03319e-05
284.94	2.0145e-05
284.96	1.99598e-05
284.98	1.97763e-05
285	1.95944e-05
285.02	1.94143e-05
285.04	1.92359e-05
285.06	1.90591e-05
285.08	1.88839e-05
285.1	1.87104e-05
285.12	1.85385e-05
285.14	1.83682e-05
285.16	1.81995e-05
285.18	1.80323e-05
285.2	1.78668e-05
285.22	1.77028e-05
285.24	1.75403e-05
285.26	1.73793e-05
285.28	1.72199e-05
285.3	1.7062e-05
285.32	1.69055e-05
285.34	1.67505e-05
285.36	1.6597e-05
285.38	1.64449e-05
285.4	1.62943e-05
285.42	1.61451e-05
285.44	1.59973e-05
285.46	1.58508e-05
285.48	1.57058e-05
285.5	1.55622e-05
285.52	1.54199e-05
285.54	1.52789e-05
285.56	1.51393e-05
285.58	1.5001e-05
285.6	1.4864e-05
285.62	1.47283e-05
285.64	1.45939e-05
285.66	1.44608e-05
285.68	1.43289e-05
285.7	1.41983e-05
285.72	1.40689e-05
285.74	1.39407e-05
285.76	1.38138e-05
285.78	1.36881e-05
285.8	1.35635e-05
285.82	1.34402e-05
285.84	1.3318e-05
285.86	1.3197e-05
285.88	1.30771e-05
285.9	1.29583e-05
285.92	1.28407e-05
285.94	1.27242e-05
285.96	1.26088e-05
285.98	1.24945e-05
286	1.23813e-05
286.02	1.22691e-05
286.04	1.2158e-05
286.06	1.2048e-05
286.08	1.1939e-05
286.1	1.18311e-05
286.12	1.17241e-05
286.14	1.16182e-05
286.16	1.15133e-05
286.18	1.14094e-05
286.2	1.13064e-05
286.22	1.12045e-05
286.24	1.11035e-05
286.26	1.10034e-05
286.28	1.09043e-05
286.3	1.08062e-05
286.32	1.0709e-05
286.34	1.06126e-05
286.36	1.05172e-05
286.38	1.04227e-05
286.4	1.03291e-05
286.42	1.02364e-05
286.44	1.01446e-05
286.46	1.00536e-05
286.48	9.96345e-06
286.5	9.87418e-06
286.52	9.78574e-06
286.54	9.69815e-06
286.56	9.61137e-06
286.58	9.52542e-06
286.6	9.44027e-06
286.62	9.35592e-06
286.64	9.27237e-06
286.66	9.18961e-06
286.68	9.10762e-06
286.7	9.0264e-06
286.72	8.94595e-06
286.74	8.86625e-06
286.76	8.7873e-06
286.78	8.70909e-06
286.8	8.63162e-06
286.82	8.55487e-06
286.84	8.47884e-06
286.86	8.40353e-06
286.88	8.32892e-06
286.9	8.255e-06
286.92	8.18178e-06
286.94	8.10925e-06
286.96	8.03739e-06
286.98	7.96621e-06
287	7.89569e-06
287.02	7.82583e-06
287.04	7.75662e-06
287.06	7.68806e-06
287.08	7.62013e-06
287.1	7.55285e-06
287.12	7.48618e-06
287.14	7.42014e-06
287.16	7.35472e-06
287.18	7.2899e-06
287.2	7.22569e-06
287.22	7.16208e-06
287.24	7.09905e-06
287.26	7.03662e-06
287.28	6.97476e-06
287.3	6.91348e-06
287.32	6.85276e-06
287.34	6.79261e-06
287.36	6.73302e-06
287.38	6.67398e-06
287.4	6.61549e-06
287.42	6.55754e-06
287.44	6.50013e-06
287.46	6.44325e-06
287.48	6.38689e-06
287.5	6.33106e-06
287.52	6.27574e-06
287.54	6.22093e-06
287.56	6.16663e-06
287.58	6.11283e-06
287.6	6.05953e-06
287.62	6.00672e-06
287.64	5.9544e-06
287.66	5.90256e-06
287.68	5.8512e-06
287.7	5.80031e-06
287.72	5.74989e-06
287.74	5.69993e-06
287.76	5.65043e-06
287.78	5.60139e-06
287.8	5.5528e-06
287.82	5.50465e-06
287.84	5.45695e-06
287.86	5.40968e-06
287.88	5.36285e-06
287.9	5.31645e-06
287.92	5.27048e-06
287.94	5.22492e-06
287.96	5.17978e-06
287.98	5.13506e-06
288	5.09074e-06
288.02	5.04684e-06
288.04	5.00333e-06
288.06	4.96022e-06
288.08	4.9175e-06
288.1	4.87518e-06
288.12	4.83324e-06
288.14	4.79168e-06
288.16	4.7505e-06
288.18	4.7097e-06
288.2	4.66927e-06
288.22	4.62921e-06
288.24	4.58951e-06
288.26	4.55018e-06
288.28	4.5112e-06
288.3	4.47258e-06
288.32	4.43431e-06
288.34	4.39639e-06
288.36	4.35881e-06
288.38	4.32157e-06
288.4	4.28467e-06
288.42	4.2481e-06
288.44	4.21187e-06
288.46	4.17597e-06
288.48	4.14039e-06
288.5	4.10513e-06
288.52	4.07019e-06
288.54	4.03557e-06
288.56	4.00126e-06
288.58	3.96726e-06
288.6	3.93357e-06
288.62	3.90019e-06
288.64	3.8671e-06
288.66	3.83432e-06
288.68	3.80183e-06
288.7	3.76963e-06
288.72	3.73772e-06
288.74	3.70611e-06
288.76	3.67477e-06
288.78	3.64372e-06
288.8	3.61295e-06
288.82	3.58245e-06
288.84	3.55223e-06
288.86	3.52228e-06
288.88	3.4926e-06
288.9	3.46319e-06
288.92	3.43404e-06
288.94	3.40515e-06
288.96	3.37653e-06
288.98	3.34816e-06
289	3.32004e-06
289.02	3.29217e-06
289.04	3.26456e-06
289.06	3.23719e-06
289.08	3.21007e-06
289.1	3.18319e-06
289.12	3.15655e-06
289.14	3.13015e-06
289.16	3.10398e-06
289.18	3.07805e-06
289.2	3.05235e-06
289.22	3.02688e-06
289.24	3.00164e-06
289.26	2.97662e-06
289.28	2.95182e-06
289.3	2.92725e-06
289.32	2.90289e-06
289.34	2.87876e-06
289.36	2.85483e-06
289.38	2.83112e-06
289.4	2.80762e-06
289.42	2.78433e-06
289.44	2.76125e-06
289.46	2.73837e-06
289.48	2.71569e-06
289.5	2.69322e-06
289.52	2.67095e-06
289.54	2.64887e-06
289.56	2.62699e-06
289.58	2.6053e-06
289.6	2.5838e-06
289.62	2.5625e-06
289.64	2.54138e-06
289.66	2.52045e-06
289.68	2.49971e-06
289.7	2.47915e-06
289.72	2.45877e-06
289.74	2.43857e-06
289.76	2.41855e-06
289.78	2.3987e-06
289.8	2.37904e-06
289.82	2.35954e-06
289.84	2.34022e-06
289.86	2.32106e-06
289.88	2.30208e-06
289.9	2.28326e-06
289.92	2.26461e-06
289.94	2.24612e-06
289.96	2.2278e-06
289.98	2.20963e-06
290	2.19163e-06
290.02	2.17378e-06
290.04	2.15609e-06
290.06	2.13856e-06
290.08	2.12118e-06
290.1	2.10395e-06
290.12	2.08687e-06
290.14	2.06995e-06
290.16	2.05317e-06
290.18	2.03654e-06
290.2	2.02005e-06
290.22	2.00371e-06
290.24	1.98751e-06
290.26	1.97145e-06
290.28	1.95554e-06
290.3	1.93976e-06
290.32	1.92412e-06
290.34	1.90862e-06
290.36	1.89325e-06
290.38	1.87801e-06
290.4	1.86291e-06
290.42	1.84794e-06
290.44	1.8331e-06
290.46	1.81839e-06
290.48	1.80381e-06
290.5	1.78936e-06
290.52	1.77503e-06
290.54	1.76082e-06
290.56	1.74674e-06
290.58	1.73278e-06
290.6	1.71894e-06
290.62	1.70523e-06
290.64	1.69163e-06
290.66	1.67815e-06
290.68	1.66478e-06
290.7	1.65153e-06
290.72	1.6384e-06
290.74	1.62538e-06
290.76	1.61248e-06
290.78	1.59968e-06
290.8	1.587e-06
290.82	1.57442e-06
290.84	1.56195e-06
290.86	1.5496e-06
290.88	1.53734e-06
290.9	1.5252e-06
290.92	1.51316e-06
290.94	1.50122e-06
290.96	1.48938e-06
290.98	1.47765e-06
291	1.46602e-06
291.02	1.45449e-06
291.04	1.44306e-06
291.06	1.43172e-06
291.08	1.42049e-06
291.1	1.40935e-06
291.12	1.3983e-06
291.14	1.38735e-06
291.16	1.3765e-06
291.18	1.36574e-06
291.2	1.35507e-06
291.22	1.34449e-06
291.24	1.334e-06
291.26	1.3236e-06
291.28	1.31329e-06
291.3	1.30307e-06
291.32	1.29294e-06
291.34	1.28289e-06
291.36	1.27293e-06
291.38	1.26306e-06
291.4	1.25327e-06
291.42	1.24356e-06
291.44	1.23393e-06
291.46	1.22439e-06
291.48	1.21493e-06
291.5	1.20555e-06
291.52	1.19625e-06
291.54	1.18703e-06
291.56	1.17789e-06
291.58	1.16882e-06
291.6	1.15983e-06
291.62	1.15092e-06
291.64	1.14209e-06
291.66	1.13332e-06
291.68	1.12464e-06
291.7	1.11603e-06
291.72	1.10749e-06
291.74	1.09902e-06
291.76	1.09062e-06
291.78	1.0823e-06
291.8	1.07405e-06
291.82	1.06586e-06
291.84	1.05775e-06
291.86	1.0497e-06
291.88	1.04172e-06
291.9	1.03381e-06
291.92	1.02597e-06
291.94	1.01819e-06
291.96	1.01048e-06
291.98	1.00284e-06
292	9.95255e-07
292.02	9.87737e-07
292.04	9.80282e-07
292.06	9.72891e-07
292.08	9.65561e-07
292.1	9.58293e-07
292.12	9.51087e-07
292.14	9.43941e-07
292.16	9.36855e-07
292.18	9.29829e-07
292.2	9.22861e-07
292.22	9.15953e-07
292.24	9.09102e-07
292.26	9.02309e-07
292.28	8.95572e-07
292.3	8.88893e-07
292.32	8.82269e-07
292.34	8.75701e-07
292.36	8.69188e-07
292.38	8.62729e-07
292.4	8.56324e-07
292.42	8.49973e-07
292.44	8.43675e-07
292.46	8.3743e-07
292.48	8.31237e-07
292.5	8.25095e-07
292.52	8.19005e-07
292.54	8.12966e-07
292.56	8.06977e-07
292.58	8.01037e-07
292.6	7.95148e-07
292.62	7.89307e-07
292.64	7.83515e-07
292.66	7.77772e-07
292.68	7.72076e-07
292.7	7.66427e-07
292.72	7.60825e-07
292.74	7.5527e-07
292.76	7.49761e-07
292.78	7.44298e-07
292.8	7.3888e-07
292.82	7.33507e-07
292.84	7.28179e-07
292.86	7.22895e-07
292.88	7.17654e-07
292.9	7.12457e-07
292.92	7.07303e-07
292.94	7.02192e-07
292.96	6.97123e-07
292.98	6.92096e-07
293	6.8711e-07
293.02	6.82166e-07
293.04	6.77262e-07
293.06	6.72399e-07
293.08	6.67576e-07
293.1	6.62793e-07
293.12	6.58049e-07
293.14	6.53344e-07
293.16	6.48679e-07
293.18	6.44051e-07
293.2	6.39462e-07
293.22	6.3491e-07
293.24	6.30396e-07
293.26	6.25919e-07
293.28	6.21479e-07
293.3	6.17075e-07
293.32	6.12707e-07
293.34	6.08375e-07
293.36	6.04079e-07
293.38	5.99818e-07
293.4	5.95592e-07
293.42	5.91401e-07
293.44	5.87244e-07
293.46	5.83121e-07
293.48	5.79032e-07
293.5	5.74976e-07
293.52	5.70954e-07
293.54	5.66964e-07
293.56	5.63007e-07
293.58	5.59082e-07
293.6	5.5519e-07
293.62	5.51329e-07
293.64	5.475e-07
293.66	5.43702e-07
293.68	5.39935e-07
293.7	5.36198e-07
293.72	5.32492e-07
293.74	5.28817e-07
293.76	5.25171e-07
293.78	5.21555e-07
293.8	5.17969e-07
293.82	5.14411e-07
293.84	5.10883e-07
293.86	5.07383e-07
293.88	5.03912e-07
293.9	5.00469e-07
293.92	4.97054e-07
293.94	4.93666e-07
293.96	4.90307e-07
293.98	4.86974e-07
294	4.83669e-07
294.02	4.8039e-07
294.04	4.77138e-07
294.06	4.73912e-07
294.08	4.70713e-07
294.1	4.67539e-07
294.12	4.64391e-07
294.14	4.61268e-07
294.16	4.58171e-07
294.18	4.55099e-07
294.2	4.52052e-07
294.22	4.49029e-07
294.24	4.46031e-07
294.26	4.43057e-07
294.28	4.40107e-07
294.3	4.37181e-07
294.32	4.34279e-07
294.34	4.314e-07
294.36	4.28544e-07
294.38	4.25712e-07
294.4	4.22902e-07
294.42	4.20115e-07
294.44	4.1735e-07
294.46	4.14608e-07
294.48	4.11887e-07
294.5	4.09189e-07
294.52	4.06513e-07
294.54	4.03858e-07
294.56	4.01224e-07
294.58	3.98611e-07
294.6	3.9602e-07
294.62	3.9345e-07
294.64	3.909e-07
294.66	3.8837e-07
294.68	3.85861e-07
294.7	3.83373e-07
294.72	3.80904e-07
294.74	3.78455e-07
294.76	3.76026e-07
294.78	3.73616e-07
294.8	3.71225e-07
294.82	3.68854e-07
294.84	3.66502e-07
294.86	3.64169e-07
294.88	3.61855e-07
294.9	3.59559e-07
294.92	3.57281e-07
294.94	3.55022e-07
294.96	3.52781e-07
294.98	3.50558e-07
295	3.48353e-07
295.02	3.46166e-07
295.04	3.43996e-07
295.06	3.41843e-07
295.08	3.39708e-07
295.1	3.3759e-07
295.12	3.35489e-07
295.14	3.33405e-07
295.16	3.31337e-07
295.18	3.29286e-07
295.2	3.27252e-07
295.22	3.25234e-07
295.24	3.23232e-07
295.26	3.21246e-07
295.28	3.19276e-07
295.3	3.17322e-07
295.32	3.15383e-07
295.34	3.1346e-07
295.36	3.11553e-07
295.38	3.09661e-07
295.4	3.07784e-07
295.42	3.05922e-07
295.44	3.04075e-07
295.46	3.02243e-07
295.48	3.00426e-07
295.5	2.98623e-07
295.52	2.96835e-07
295.54	2.95061e-07
295.56	2.93301e-07
295.58	2.91556e-07
295.6	2.89824e-07
295.62	2.88107e-07
295.64	2.86403e-07
295.66	2.84713e-07
295.68	2.83037e-07
295.7	2.81374e-07
295.72	2.79725e-07
295.74	2.78089e-07
295.76	2.76466e-07
295.78	2.74856e-07
295.8	2.73259e-07
295.82	2.71675e-07
295.84	2.70104e-07
295.86	2.68545e-07
295.88	2.66999e-07
295.9	2.65466e-07
295.92	2.63945e-07
295.94	2.62436e-07
295.96	2.6094e-07
295.98	2.59455e-07
296	2.57983e-07
296.02	2.56523e-07
296.04	2.55074e-07
296.06	2.53637e-07
296.08	2.52212e-07
296.1	2.50799e-07
296.12	2.49397e-07
296.14	2.48006e-07
296.16	2.46627e-07
296.18	2.45259e-07
296.2	2.43903e-07
296.22	2.42557e-07
296.24	2.41222e-07
296.26	2.39899e-07
296.28	2.38586e-07
296.3	2.37284e-07
296.32	2.35992e-07
296.34	2.34711e-07
296.36	2.33441e-07
296.38	2.32181e-07
296.4	2.30932e-07
296.42	2.29693e-07
296.44	2.28464e-07
296.46	2.27246e-07
296.48	2.26037e-07
296.5	2.24839e-07
296.52	2.2365e-07
296.54	2.22472e-07
296.56	2.21303e-07
296.58	2.20144e-07
296.6	2.18995e-07
296.62	2.17855e-07
296.64	2.16725e-07
296.66	2.15604e-07
296.68	2.14493e-07
296.7	2.13391e-07
296.72	2.12299e-07
296.74	2.11216e-07
296.76	2.10142e-07
296.78	2.09077e-07
296.8	2.08021e-07
296.82	2.06974e-07
296.84	2.05936e-07
296.86	2.04907e-07
296.88	2.03887e-07
296.9	2.02876e-07
296.92	2.01873e-07
296.94	2.0088e-07
296.96	1.99894e-07
296.98	1.98918e-07
297	1.9795e-07
297.02	1.9699e-07
297.04	1.96039e-07
297.06	1.95096e-07
297.08	1.94161e-07
297.1	1.93235e-07
297.12	1.92317e-07
297.14	1.91408e-07
297.16	1.90506e-07
297.18	1.89613e-07
297.2	1.88727e-07
297.22	1.8785e-07
297.24	1.8698e-07
297.26	1.86119e-07
297.28	1.85265e-07
297.3	1.84419e-07
297.32	1.83582e-07
297.34	1.82751e-07
297.36	1.81929e-07
297.38	1.81114e-07
297.4	1.80307e-07
297.42	1.79508e-07
297.44	1.78716e-07
297.46	1.77932e-07
297.48	1.77156e-07
297.5	1.76387e-07
297.52	1.75625e-07
297.54	1.74871e-07
297.56	1.74124e-07
297.58	1.73385e-07
297.6	1.72653e-07
297.62	1.71929e-07
297.64	1.71211e-07
297.66	1.70502e-07
297.68	1.69799e-07
297.7	1.69104e-07
297.72	1.68416e-07
297.74	1.67735e-07
297.76	1.67061e-07
297.78	1.66395e-07
297.8	1.65736e-07
297.82	1.65084e-07
297.84	1.64439e-07
297.86	1.63801e-07
297.88	1.63171e-07
297.9	1.62547e-07
297.92	1.61931e-07
297.94	1.61322e-07
297.96	1.6072e-07
297.98	1.60126e-07
298	1.59538e-07
298.02	1.58957e-07
298.04	1.58384e-07
298.06	1.57818e-07
298.08	1.57259e-07
298.1	1.56708e-07
298.12	1.56163e-07
298.14	1.55626e-07
298.16	1.55096e-07
298.18	1.54573e-07
298.2	1.54058e-07
298.22	1.53549e-07
298.24	1.53049e-07
298.26	1.52555e-07
298.28	1.5207e-07
298.3	1.51591e-07
298.32	1.5112e-07
298.34	1.50657e-07
298.36	1.50202e-07
298.38	1.49754e-07
298.4	1.49314e-07
298.42	1.48881e-07
298.44	1.48457e-07
298.46	1.48041e-07
298.48	1.47633e-07
298.5	1.47233e-07
298.52	1.46841e-07
298.54	1.46458e-07
298.56	1.46084e-07
298.58	1.45718e-07
298.6	1.45361e-07
298.62	1.45013e-07
298.64	1.44675e-07
298.66	1.44346e-07
298.68	1.44026e-07
298.7	1.43717e-07
298.72	1.43417e-07
298.74	1.43128e-07
298.76	1.4285e-07
298.78	1.42582e-07
298.8	1.42327e-07
298.82	1.42083e-07
298.84	1.41851e-07
298.86	1.41632e-07
298.88	1.41427e-07
298.9	1.41235e-07
298.92	1.41059e-07
298.94	1.40898e-07
298.96	1.40754e-07
298.98	1.40627e-07
299	1.4052e-07
299.02	1.40433e-07
299.04	1.40368e-07
299.06	1.40329e-07
299.08	1.40316e-07
299.1	1.40335e-07
299.12	1.40389e-07
299.14	1.40485e-07
299.16	1.40631e-07
299.18	1.40838e-07
299.2	1.41127e-07
299.22	1.4153e-07
299.24	1.4211e-07
299.26	1.43017e-07
299.28	1.44644e-07
299.3	1.48291e-07
299.32	1.56565e-07
299.34	1.72325e-07
299.36	1.99798e-07
299.38	2.46952e-07
299.4	3.25789e-07
299.42	4.54812e-07
299.44	6.65625e-07
299.46	1.00858e-06
299.48	1.55102e-06
299.5	2.366e-06
299.52	3.50912e-06
299.54	4.99101e-06
299.56	6.77551e-06
299.58	8.80501e-06
299.6	1.10207e-05
299.62	1.33691e-05
299.64	1.58028e-05
299.66	1.82812e-05
299.68	2.07706e-05
299.7	2.32435e-05
299.72	2.56783e-05
299.74	2.80586e-05
299.76	3.03716e-05
299.78	3.2608e-05
299.8	3.47613e-05
299.82	3.68271e-05
299.84	3.88028e-05
299.86	4.06872e-05
299.88	4.24803e-05
299.9	4.41831e-05
299.92	4.57971e-05
299.94	4.73246e-05
299.96	4.87681e-05
299.98	5.01303e-05
300	5.14142e-05
300.02	5.26229e-05
300.04	5.37597e-05
300.06	5.48275e-05
300.08	5.58295e-05
300.1	5.67688e-05
300.12	5.76483e-05
300.14	5.84708e-05
300.16	5.92393e-05
300.18	5.99563e-05
300.2	6.06244e-05
300.22	6.12461e-05
300.24	6.18236e-05
300.26	6.23594e-05
300.28	6.28553e-05
300.3	6.33136e-05
300.32	6.3736e-05
300.34	6.41245e-05
300.36	6.44807e-05
300.38	6.48063e-05
300.4	6.51028e-05
300.42	6.53718e-05
300.44	6.56145e-05
300.46	6.58323e-05
300.48	6.60265e-05
300.5	6.61982e-05
300.52	6.63486e-05
300.54	6.64785e-05
300.56	6.65892e-05
300.58	6.66814e-05
300.6	6.6756e-05
300.62	6.68139e-05
300.64	6.68557e-05
300.66	6.68824e-05
300.68	6.68944e-05
300.7	6.68926e-05
300.72	6.68774e-05
300.74	6.68494e-05
300.76	6.68091e-05
300.78	6.67571e-05
300.8	6.66939e-05
300.82	6.66197e-05
300.84	6.65351e-05
300.86	6.64405e-05
300.88	6.63362e-05
300.9	6.62225e-05
300.92	6.60997e-05
300.94	6.59682e-05
300.96	6.58283e-05
300.98	6.56801e-05
301	6.55241e-05
301.02	6.53603e-05
301.04	6.5189e-05
301.06	6.50105e-05
301.08	6.4825e-05
301.1	6.46325e-05
301.12	6.44335e-05
301.14	6.42279e-05
301.16	6.4016e-05
301.18	6.3798e-05
301.2	6.35739e-05
301.22	6.33441e-05
301.24	6.31086e-05
301.26	6.28675e-05
301.28	6.26211e-05
301.3	6.23694e-05
301.32	6.21127e-05
301.34	6.1851e-05
301.36	6.15844e-05
301.38	6.13132e-05
301.4	6.10374e-05
301.42	6.07573e-05
301.44	6.04728e-05
301.46	6.01842e-05
301.48	5.98915e-05
301.5	5.9595e-05
301.52	5.92947e-05
301.54	5.89907e-05
301.56	5.86832e-05
301.58	5.83724e-05
301.6	5.80583e-05
301.62	5.77411e-05
301.64	5.74208e-05
301.66	5.70977e-05
301.68	5.67719e-05
301.7	5.64434e-05
301.72	5.61124e-05
301.74	5.5779e-05
301.76	5.54434e-05
301.78	5.51056e-05
301.8	5.47658e-05
301.82	5.44241e-05
301.84	5.40807e-05
301.86	5.37355e-05
301.88	5.33889e-05
301.9	5.30408e-05
301.92	5.26913e-05
301.94	5.23407e-05
301.96	5.1989e-05
301.98	5.16363e-05
302	5.12827e-05
302.02	5.09284e-05
302.04	5.05734e-05
302.06	5.02178e-05
302.08	4.98618e-05
302.1	4.95054e-05
302.12	4.91487e-05
302.14	4.87918e-05
302.16	4.84349e-05
302.18	4.8078e-05
302.2	4.77212e-05
302.22	4.73645e-05
302.24	4.70082e-05
302.26	4.66522e-05
302.28	4.62966e-05
302.3	4.59415e-05
302.32	4.5587e-05
302.34	4.52332e-05
302.36	4.48801e-05
302.38	4.45278e-05
302.4	4.41764e-05
302.42	4.38259e-05
302.44	4.34764e-05
302.46	4.3128e-05
302.48	4.27807e-05
302.5	4.24346e-05
302.52	4.20897e-05
302.54	4.17461e-05
302.56	4.14038e-05
302.58	4.10629e-05
302.6	4.07234e-05
302.62	4.03854e-05
302.64	4.0049e-05
302.66	3.97141e-05
302.68	3.93808e-05
302.7	3.90491e-05
302.72	3.87191e-05
302.74	3.83908e-05
302.76	3.80643e-05
302.78	3.77395e-05
302.8	3.74165e-05
302.82	3.70954e-05
302.84	3.67761e-05
302.86	3.64587e-05
302.88	3.61432e-05
302.9	3.58297e-05
302.92	3.55181e-05
302.94	3.52084e-05
302.96	3.49007e-05
302.98	3.45951e-05
303	3.42914e-05
303.02	3.39898e-05
303.04	3.36903e-05
303.06	3.33927e-05
303.08	3.30973e-05
303.1	3.28039e-05
303.12	3.25126e-05
303.14	3.22234e-05
303.16	3.19364e-05
303.18	3.16514e-05
303.2	3.13685e-05
303.22	3.10877e-05
303.24	3.08091e-05
303.26	3.05326e-05
303.28	3.02581e-05
303.3	2.99859e-05
303.32	2.97157e-05
303.34	2.94477e-05
303.36	2.91817e-05
303.38	2.89179e-05
303.4	2.86562e-05
303.42	2.83967e-05
303.44	2.81392e-05
303.46	2.78838e-05
303.48	2.76305e-05
303.5	2.73793e-05
303.52	2.71302e-05
303.54	2.68832e-05
303.56	2.66383e-05
303.58	2.63954e-05
303.6	2.61546e-05
303.62	2.59158e-05
303.64	2.56791e-05
303.66	2.54444e-05
303.68	2.52117e-05
303.7	2.4981e-05
303.72	2.47524e-05
303.74	2.45257e-05
303.76	2.4301e-05
303.78	2.40783e-05
303.8	2.38575e-05
303.82	2.36387e-05
303.84	2.34219e-05
303.86	2.3207e-05
303.88	2.29939e-05
303.9	2.27828e-05
303.92	2.25736e-05
303.94	2.23663e-05
303.96	2.21608e-05
303.98	2.19572e-05
304	2.17555e-05
304.02	2.15555e-05
304.04	2.13574e-05
304.06	2.11611e-05
304.08	2.09666e-05
304.1	2.07739e-05
304.12	2.05829e-05
304.14	2.03937e-05
304.16	2.02062e-05
304.18	2.00205e-05
304.2	1.98364e-05
304.22	1.96541e-05
304.24	1.94735e-05
304.26	1.92945e-05
304.28	1.91172e-05
304.3	1.89415e-05
304.32	1.87675e-05
304.34	1.85951e-05
304.36	1.84243e-05
304.38	1.82551e-05
304.4	1.80875e-05
304.42	1.79215e-05
304.44	1.7757e-05
304.46	1.7594e-05
304.48	1.74326e-05
304.5	1.72727e-05
304.52	1.71143e-05
304.54	1.69574e-05
304.56	1.68019e-05
304.58	1.66479e-05
304.6	1.64954e-05
304.62	1.63443e-05
304.64	1.61947e-05
304.66	1.60464e-05
304.68	1.58996e-05
304.7	1.57541e-05
304.72	1.561e-05
304.74	1.54673e-05
304.76	1.53259e-05
304.78	1.51859e-05
304.8	1.50472e-05
304.82	1.49098e-05
304.84	1.47737e-05
304.86	1.46389e-05
304.88	1.45053e-05
304.9	1.43731e-05
304.92	1.42421e-05
304.94	1.41123e-05
304.96	1.39838e-05
304.98	1.38564e-05
305	1.37303e-05
305.02	1.36054e-05
305.04	1.34817e-05
305.06	1.33591e-05
305.08	1.32377e-05
305.1	1.31175e-05
305.12	1.29984e-05
305.14	1.28804e-05
305.16	1.27635e-05
305.18	1.26478e-05
305.2	1.25331e-05
305.22	1.24196e-05
305.24	1.23071e-05
305.26	1.21956e-05
305.28	1.20853e-05
305.3	1.1976e-05
305.32	1.18677e-05
305.34	1.17604e-05
305.36	1.16542e-05
305.38	1.15489e-05
305.4	1.14447e-05
305.42	1.13414e-05
305.44	1.12392e-05
305.46	1.11379e-05
305.48	1.10375e-05
305.5	1.09381e-05
305.52	1.08397e-05
305.54	1.07421e-05
305.56	1.06455e-05
305.58	1.05498e-05
305.6	1.0455e-05
305.62	1.03611e-05
305.64	1.02681e-05
305.66	1.0176e-05
305.68	1.00847e-05
305.7	9.99434e-06
305.72	9.90479e-06
305.74	9.81609e-06
305.76	9.72822e-06
305.78	9.64118e-06
305.8	9.55496e-06
305.82	9.46956e-06
305.84	9.38495e-06
305.86	9.30114e-06
305.88	9.21812e-06
305.9	9.13589e-06
305.92	9.05442e-06
305.94	8.97372e-06
305.96	8.89378e-06
305.98	8.81459e-06
306	8.73614e-06
306.02	8.65842e-06
306.04	8.58144e-06
306.06	8.50518e-06
306.08	8.42963e-06
306.1	8.35479e-06
306.12	8.28065e-06
306.14	8.20721e-06
306.16	8.13445e-06
306.18	8.06237e-06
306.2	7.99097e-06
306.22	7.92023e-06
306.24	7.85016e-06
306.26	7.78074e-06
306.28	7.71196e-06
306.3	7.64383e-06
306.32	7.57634e-06
306.34	7.50947e-06
306.36	7.44323e-06
306.38	7.3776e-06
306.4	7.31259e-06
306.42	7.24818e-06
306.44	7.18437e-06
306.46	7.12115e-06
306.48	7.05852e-06
306.5	6.99647e-06
306.52	6.935e-06
306.54	6.8741e-06
306.56	6.81377e-06
306.58	6.75399e-06
306.6	6.69477e-06
306.62	6.6361e-06
306.64	6.57797e-06
306.66	6.52038e-06
306.68	6.46333e-06
306.7	6.4068e-06
306.72	6.35079e-06
306.74	6.29531e-06
306.76	6.24033e-06
306.78	6.18586e-06
306.8	6.1319e-06
306.82	6.07843e-06
306.84	6.02546e-06
306.86	5.97298e-06
306.88	5.92098e-06
306.9	5.86946e-06
306.92	5.81841e-06
306.94	5.76783e-06
306.96	5.71772e-06
306.98	5.66807e-06
307	5.61888e-06
307.02	5.57014e-06
307.04	5.52185e-06
307.06	5.474e-06
307.08	5.42659e-06
307.1	5.37961e-06
307.12	5.33307e-06
307.14	5.28695e-06
307.16	5.24125e-06
307.18	5.19598e-06
307.2	5.15112e-06
307.22	5.10666e-06
307.24	5.06262e-06
307.26	5.01898e-06
307.28	4.97574e-06
307.3	4.93289e-06
307.32	4.89043e-06
307.34	4.84836e-06
307.36	4.80668e-06
307.38	4.76538e-06
307.4	4.72445e-06
307.42	4.68389e-06
307.44	4.64371e-06
307.46	4.60389e-06
307.48	4.56443e-06
307.5	4.52534e-06
307.52	4.48659e-06
307.54	4.4482e-06
307.56	4.41016e-06
307.58	4.37247e-06
307.6	4.33512e-06
307.62	4.2981e-06
307.64	4.26143e-06
307.66	4.22508e-06
307.68	4.18907e-06
307.7	4.15338e-06
307.72	4.11801e-06
307.74	4.08297e-06
307.76	4.04824e-06
307.78	4.01382e-06
307.8	3.97972e-06
307.82	3.94593e-06
307.84	3.91244e-06
307.86	3.87925e-06
307.88	3.84636e-06
307.9	3.81377e-06
307.92	3.78148e-06
307.94	3.74947e-06
307.96	3.71775e-06
307.98	3.68632e-06
308	3.65518e-06
308.02	3.62431e-06
308.04	3.59372e-06
308.06	3.56341e-06
308.08	3.53336e-06
308.1	3.50359e-06
308.12	3.47409e-06
308.14	3.44485e-06
308.16	3.41587e-06
308.18	3.38716e-06
308.2	3.3587e-06
308.22	3.33049e-06
308.24	3.30254e-06
308.26	3.27484e-06
308.28	3.24739e-06
308.3	3.22018e-06
308.32	3.19322e-06
308.34	3.1665e-06
308.36	3.14001e-06
308.38	3.11377e-06
308.4	3.08776e-06
308.42	3.06198e-06
308.44	3.03643e-06
308.46	3.01111e-06
308.48	2.98601e-06
308.5	2.96114e-06
308.52	2.93649e-06
308.54	2.91206e-06
308.56	2.88784e-06
308.58	2.86385e-06
308.6	2.84006e-06
308.62	2.81649e-06
308.64	2.79313e-06
308.66	2.76997e-06
308.68	2.74702e-06
308.7	2.72428e-06
308.72	2.70173e-06
308.74	2.67939e-06
308.76	2.65724e-06
308.78	2.63529e-06
308.8	2.61354e-06
308.82	2.59198e-06
308.84	2.5706e-06
308.86	2.54942e-06
308.88	2.52843e-06
308.9	2.50762e-06
308.92	2.48699e-06
308.94	2.46655e-06
308.96	2.44629e-06
308.98	2.42621e-06
309	2.4063e-06
309.02	2.38657e-06
309.04	2.36701e-06
309.06	2.34763e-06
309.08	2.32842e-06
309.1	2.30937e-06
309.12	2.2905e-06
309.14	2.27179e-06
309.16	2.25324e-06
309.18	2.23486e-06
309.2	2.21664e-06
309.22	2.19858e-06
309.24	2.18068e-06
309.26	2.16293e-06
309.28	2.14534e-06
309.3	2.12791e-06
309.32	2.11063e-06
309.34	2.0935e-06
309.36	2.07652e-06
309.38	2.05969e-06
309.4	2.043e-06
309.42	2.02647e-06
309.44	2.01007e-06
309.46	1.99382e-06
309.48	1.97772e-06
309.5	1.96175e-06
309.52	1.94592e-06
309.54	1.93023e-06
309.56	1.91468e-06
309.58	1.89927e-06
309.6	1.88398e-06
309.62	1.86884e-06
309.64	1.85382e-06
309.66	1.83893e-06
309.68	1.82418e-06
309.7	1.80955e-06
309.72	1.79505e-06
309.74	1.78068e-06
309.76	1.76643e-06
309.78	1.7523e-06
309.8	1.7383e-06
309.82	1.72442e-06
309.84	1.71066e-06
309.86	1.69702e-06
309.88	1.68349e-06
309.9	1.67009e-06
309.92	1.6568e-06
309.94	1.64362e-06
309.96	1.63056e-06
309.98	1.61762e-06
310	1.60478e-06
310.02	1.59206e-06
310.04	1.57944e-06
310.06	1.56694e-06
310.08	1.55454e-06
310.1	1.54225e-06
310.12	1.53006e-06
310.14	1.51799e-06
310.16	1.50601e-06
310.18	1.49414e-06
310.2	1.48237e-06
310.22	1.4707e-06
310.24	1.45913e-06
310.26	1.44767e-06
310.28	1.4363e-06
310.3	1.42502e-06
310.32	1.41385e-06
310.34	1.40277e-06
310.36	1.39179e-06
310.38	1.3809e-06
310.4	1.3701e-06
310.42	1.3594e-06
310.44	1.34879e-06
310.46	1.33827e-06
310.48	1.32784e-06
310.5	1.31749e-06
310.52	1.30724e-06
310.54	1.29708e-06
310.56	1.287e-06
310.58	1.27701e-06
310.6	1.2671e-06
310.62	1.25728e-06
310.64	1.24754e-06
310.66	1.23788e-06
310.68	1.22831e-06
310.7	1.21882e-06
310.72	1.20941e-06
310.74	1.20008e-06
310.76	1.19083e-06
310.78	1.18166e-06
310.8	1.17257e-06
310.82	1.16355e-06
310.84	1.15461e-06
310.86	1.14575e-06
310.88	1.13696e-06
310.9	1.12824e-06
310.92	1.1196e-06
310.94	1.11104e-06
310.96	1.10254e-06
310.98	1.09412e-06
311	1.08577e-06
311.02	1.07749e-06
311.04	1.06928e-06
311.06	1.06114e-06
311.08	1.05307e-06
311.1	1.04507e-06
311.12	1.03713e-06
311.14	1.02926e-06
311.16	1.02146e-06
311.18	1.01373e-06
311.2	1.00606e-06
311.22	9.98451e-07
311.24	9.90909e-07
311.26	9.83431e-07
311.28	9.76016e-07
311.3	9.68663e-07
311.32	9.61372e-07
311.34	9.54143e-07
311.36	9.46974e-07
311.38	9.39866e-07
311.4	9.32818e-07
311.42	9.25828e-07
311.44	9.18898e-07
311.46	9.12025e-07
311.48	9.05211e-07
311.5	8.98453e-07
311.52	8.91752e-07
311.54	8.85107e-07
311.56	8.78518e-07
311.58	8.71984e-07
311.6	8.65505e-07
311.62	8.5908e-07
311.64	8.52709e-07
311.66	8.46391e-07
311.68	8.40126e-07
311.7	8.33913e-07
311.72	8.27752e-07
311.74	8.21643e-07
311.76	8.15584e-07
311.78	8.09576e-07
311.8	8.03618e-07
311.82	7.9771e-07
311.84	7.9185e-07
311.86	7.8604e-07
311.88	7.80278e-07
311.9	7.74564e-07
311.92	7.68898e-07
311.94	7.63278e-07
311.96	7.57705e-07
311.98	7.52179e-07
312	7.46698e-07
312.02	7.41263e-07
312.04	7.35873e-07
312.06	7.30528e-07
312.08	7.25227e-07
312.1	7.1997e-07
312.12	7.14756e-07
312.14	7.09585e-07
312.16	7.04458e-07
312.18	6.99373e-07
312.2	6.94329e-07
312.22	6.89328e-07
312.24	6.84368e-07
312.26	6.79448e-07
312.28	6.7457e-07
312.3	6.69731e-07
312.32	6.64933e-07
312.34	6.60174e-07
312.36	6.55454e-07
312.38	6.50773e-07
312.4	6.46131e-07
312.42	6.41527e-07
312.44	6.36961e-07
312.46	6.32432e-07
312.48	6.27941e-07
312.5	6.23487e-07
312.52	6.19069e-07
312.54	6.14687e-07
312.56	6.10342e-07
312.58	6.06032e-07
312.6	6.01757e-07
312.62	5.97517e-07
312.64	5.93313e-07
312.66	5.89142e-07
312.68	5.85006e-07
312.7	5.80904e-07
312.72	5.76835e-07
312.74	5.728e-07
312.76	5.68797e-07
312.78	5.64828e-07
312.8	5.6089e-07
312.82	5.56985e-07
312.84	5.53112e-07
312.86	5.49271e-07
312.88	5.4546e-07
312.9	5.41681e-07
312.92	5.37933e-07
312.94	5.34215e-07
312.96	5.30528e-07
312.98	5.2687e-07
313	5.23243e-07
313.02	5.19645e-07
313.04	5.16076e-07
313.06	5.12536e-07
313.08	5.09025e-07
313.1	5.05543e-07
313.12	5.02089e-07
313.14	4.98663e-07
313.16	4.95264e-07
313.18	4.91894e-07
313.2	4.8855e-07
313.22	4.85234e-07
313.24	4.81945e-07
313.26	4.78683e-07
313.28	4.75446e-07
313.3	4.72237e-07
313.32	4.69053e-07
313.34	4.65895e-07
313.36	4.62762e-07
313.38	4.59655e-07
313.4	4.56573e-07
313.42	4.53516e-07
313.44	4.50484e-07
313.46	4.47476e-07
313.48	4.44492e-07
313.5	4.41533e-07
313.52	4.38597e-07
313.54	4.35686e-07
313.56	4.32797e-07
313.58	4.29932e-07
313.6	4.27091e-07
313.62	4.24272e-07
313.64	4.21476e-07
313.66	4.18702e-07
313.68	4.15951e-07
313.7	4.13222e-07
313.72	4.10515e-07
313.74	4.07829e-07
313.76	4.05166e-07
313.78	4.02524e-07
313.8	3.99903e-07
313.82	3.97303e-07
313.84	3.94724e-07
313.86	3.92166e-07
313.88	3.89628e-07
313.9	3.87111e-07
313.92	3.84614e-07
313.94	3.82138e-07
313.96	3.79681e-07
313.98	3.77244e-07
314	3.74826e-07
314.02	3.72428e-07
314.04	3.70049e-07
314.06	3.67689e-07
314.08	3.65349e-07
314.1	3.63027e-07
314.12	3.60723e-07
314.14	3.58439e-07
314.16	3.56172e-07
314.18	3.53924e-07
314.2	3.51694e-07
314.22	3.49481e-07
314.24	3.47287e-07
314.26	3.4511e-07
314.28	3.4295e-07
314.3	3.40808e-07
314.32	3.38683e-07
314.34	3.36575e-07
314.36	3.34484e-07
314.38	3.3241e-07
314.4	3.30352e-07
314.42	3.28311e-07
314.44	3.26287e-07
314.46	3.24278e-07
314.48	3.22286e-07
314.5	3.2031e-07
314.52	3.18349e-07
314.54	3.16404e-07
314.56	3.14475e-07
314.58	3.12562e-07
314.6	3.10663e-07
314.62	3.0878e-07
314.64	3.06912e-07
314.66	3.05059e-07
314.68	3.03221e-07
314.7	3.01398e-07
314.72	2.9959e-07
314.74	2.97795e-07
314.76	2.96016e-07
314.78	2.9425e-07
314.8	2.92499e-07
314.82	2.90762e-07
314.84	2.89039e-07
314.86	2.8733e-07
314.88	2.85634e-07
314.9	2.83952e-07
314.92	2.82284e-07
314.94	2.80629e-07
314.96	2.78988e-07
314.98	2.7736e-07
315	2.75744e-07
315.02	2.74142e-07
315.04	2.72553e-07
315.06	2.70977e-07
315.08	2.69413e-07
315.1	2.67862e-07
315.12	2.66324e-07
315.14	2.64798e-07
315.16	2.63284e-07
315.18	2.61783e-07
315.2	2.60293e-07
315.22	2.58816e-07
315.24	2.57351e-07
315.26	2.55898e-07
315.28	2.54456e-07
315.3	2.53027e-07
315.32	2.51609e-07
315.34	2.50202e-07
315.36	2.48807e-07
315.38	2.47423e-07
315.4	2.46051e-07
315.42	2.4469e-07
315.44	2.4334e-07
315.46	2.42001e-07
315.48	2.40672e-07
315.5	2.39355e-07
315.52	2.38049e-07
315.54	2.36753e-07
315.56	2.35468e-07
315.58	2.34194e-07
315.6	2.3293e-07
315.62	2.31676e-07
315.64	2.30433e-07
315.66	2.292e-07
315.68	2.27978e-07
315.7	2.26765e-07
315.72	2.25563e-07
315.74	2.24371e-07
315.76	2.23188e-07
315.78	2.22015e-07
315.8	2.20853e-07
315.82	2.19699e-07
315.84	2.18556e-07
315.86	2.17422e-07
315.88	2.16298e-07
315.9	2.15183e-07
315.92	2.14078e-07
315.94	2.12981e-07
315.96	2.11895e-07
315.98	2.10817e-07
316	2.09749e-07
316.02	2.08689e-07
316.04	2.07639e-07
316.06	2.06598e-07
316.08	2.05565e-07
316.1	2.04542e-07
316.12	2.03527e-07
316.14	2.02521e-07
316.16	2.01524e-07
316.18	2.00536e-07
316.2	1.99556e-07
316.22	1.98585e-07
316.24	1.97622e-07
316.26	1.96667e-07
316.28	1.95721e-07
316.3	1.94784e-07
316.32	1.93855e-07
316.34	1.92933e-07
316.36	1.92021e-07
316.38	1.91116e-07
316.4	1.9022e-07
316.42	1.89331e-07
316.44	1.88451e-07
316.46	1.87579e-07
316.48	1.86714e-07
316.5	1.85858e-07
316.52	1.85009e-07
316.54	1.84168e-07
316.56	1.83336e-07
316.58	1.8251e-07
316.6	1.81693e-07
316.62	1.80883e-07
316.64	1.80081e-07
316.66	1.79287e-07
316.68	1.785e-07
316.7	1.77721e-07
316.72	1.76949e-07
316.74	1.76185e-07
316.76	1.75428e-07
316.78	1.74679e-07
316.8	1.73937e-07
316.82	1.73203e-07
316.84	1.72476e-07
316.86	1.71756e-07
316.88	1.71044e-07
316.9	1.70339e-07
316.92	1.69642e-07
316.94	1.68951e-07
316.96	1.68268e-07
316.98	1.67592e-07
317	1.66923e-07
317.02	1.66262e-07
317.04	1.65608e-07
317.06	1.64961e-07
317.08	1.64321e-07
317.1	1.63688e-07
317.12	1.63063e-07
317.14	1.62445e-07
317.16	1.61833e-07
317.18	1.61229e-07
317.2	1.60633e-07
317.22	1.60043e-07
317.24	1.59461e-07
317.26	1.58885e-07
317.28	1.58317e-07
317.3	1.57756e-07
317.32	1.57203e-07
317.34	1.56656e-07
317.36	1.56117e-07
317.38	1.55585e-07
317.4	1.55061e-07
317.42	1.54544e-07
317.44	1.54034e-07
317.46	1.53531e-07
317.48	1.53036e-07
317.5	1.52549e-07
317.52	1.52069e-07
317.54	1.51596e-07
317.56	1.51131e-07
317.58	1.50674e-07
317.6	1.50225e-07
317.62	1.49783e-07
317.64	1.49349e-07
317.66	1.48923e-07
317.68	1.48506e-07
317.7	1.48096e-07
317.72	1.47695e-07
317.74	1.47302e-07
317.76	1.46917e-07
317.78	1.46542e-07
317.8	1.46174e-07
317.82	1.45816e-07
317.84	1.45467e-07
317.86	1.45127e-07
317.88	1.44797e-07
317.9	1.44476e-07
317.92	1.44165e-07
317.94	1.43865e-07
317.96	1.43575e-07
317.98	1.43295e-07
318	1.43027e-07
318.02	1.4277e-07
318.04	1.42525e-07
318.06	1.42293e-07
318.08	1.42073e-07
318.1	1.41867e-07
318.12	1.41675e-07
318.14	1.41497e-07
318.16	1.41336e-07
318.18	1.41191e-07
318.2	1.41064e-07
318.22	1.40956e-07
318.24	1.40869e-07
318.26	1.40804e-07
318.28	1.40764e-07
318.3	1.40752e-07
318.32	1.4077e-07
318.34	1.40825e-07
318.36	1.40921e-07
318.38	1.41067e-07
318.4	1.41276e-07
318.42	1.41566e-07
318.44	1.41971e-07
318.46	1.42555e-07
318.48	1.43469e-07
318.5	1.45112e-07
318.52	1.48807e-07
318.54	1.57173e-07
318.56	1.73075e-07
318.58	2.00781e-07
318.6	2.48317e-07
318.62	3.27752e-07
318.64	4.57716e-07
318.66	6.70032e-07
318.68	1.01532e-06
318.7	1.56111e-06
318.72	2.38044e-06
318.74	3.52855e-06
318.76	5.01542e-06
318.78	6.80446e-06
318.8	8.83789e-06
318.82	1.10569e-05
318.84	1.3408e-05
318.86	1.5844e-05
318.88	1.83242e-05
318.9	2.08149e-05
318.92	2.32889e-05
318.94	2.57245e-05
318.96	2.81053e-05
318.98	3.04187e-05
319	3.26553e-05
319.02	3.48087e-05
319.04	3.68744e-05
319.06	3.88499e-05
319.08	4.07341e-05
319.1	4.2527e-05
319.12	4.42295e-05
319.14	4.58432e-05
319.16	4.73704e-05
319.18	4.88134e-05
319.2	5.01753e-05
319.22	5.14588e-05
319.24	5.26672e-05
319.26	5.38036e-05
319.28	5.4871e-05
319.3	5.58727e-05
319.32	5.68116e-05
319.34	5.76907e-05
319.36	5.8513e-05
319.38	5.92811e-05
319.4	5.99978e-05
319.42	6.06656e-05
319.44	6.1287e-05
319.46	6.18643e-05
319.48	6.23997e-05
319.5	6.28954e-05
319.52	6.33534e-05
319.54	6.37756e-05
319.56	6.41638e-05
319.58	6.45198e-05
319.6	6.48452e-05
319.62	6.51415e-05
319.64	6.54103e-05
319.66	6.56528e-05
319.68	6.58705e-05
319.7	6.60645e-05
319.72	6.6236e-05
319.74	6.63862e-05
319.76	6.6516e-05
319.78	6.66264e-05
319.8	6.67185e-05
319.82	6.67929e-05
319.84	6.68506e-05
319.86	6.68924e-05
319.88	6.69189e-05
319.9	6.69308e-05
319.92	6.69288e-05
319.94	6.69134e-05
319.96	6.68853e-05
319.98	6.68449e-05
320	6.67928e-05
320.02	6.67294e-05
320.04	6.66551e-05
320.06	6.65704e-05
320.08	6.64757e-05
320.1	6.63712e-05
320.12	6.62574e-05
320.14	6.61345e-05
320.16	6.60029e-05
320.18	6.58628e-05
320.2	6.57145e-05
320.22	6.55583e-05
320.24	6.53944e-05
320.26	6.5223e-05
320.28	6.50444e-05
320.3	6.48587e-05
320.32	6.46661e-05
320.34	6.44669e-05
320.36	6.42612e-05
320.38	6.40491e-05
320.4	6.3831e-05
320.42	6.36068e-05
320.44	6.33768e-05
320.46	6.31412e-05
320.48	6.29e-05
320.5	6.26534e-05
320.52	6.24016e-05
320.54	6.21447e-05
320.56	6.18828e-05
320.58	6.16161e-05
320.6	6.13448e-05
320.62	6.10689e-05
320.64	6.07885e-05
320.66	6.05039e-05
320.68	6.02151e-05
320.7	5.99223e-05
320.72	5.96256e-05
320.74	5.93251e-05
320.76	5.9021e-05
320.78	5.87134e-05
320.8	5.84024e-05
320.82	5.80881e-05
320.84	5.77708e-05
320.86	5.74504e-05
320.88	5.71271e-05
320.9	5.68011e-05
320.92	5.64724e-05
320.94	5.61413e-05
320.96	5.58077e-05
320.98	5.54719e-05
321	5.5134e-05
321.02	5.4794e-05
321.04	5.44522e-05
321.06	5.41086e-05
321.08	5.37633e-05
321.1	5.34164e-05
321.12	5.30682e-05
321.14	5.27186e-05
321.16	5.23678e-05
321.18	5.20159e-05
321.2	5.16631e-05
321.22	5.13093e-05
321.24	5.09548e-05
321.26	5.05996e-05
321.28	5.02439e-05
321.3	4.98877e-05
321.32	4.95311e-05
321.34	4.91743e-05
321.36	4.88173e-05
321.38	4.84602e-05
321.4	4.81031e-05
321.42	4.77461e-05
321.44	4.73893e-05
321.46	4.70328e-05
321.48	4.66767e-05
321.5	4.63209e-05
321.52	4.59657e-05
321.54	4.5611e-05
321.56	4.52571e-05
321.58	4.49038e-05
321.6	4.45514e-05
321.62	4.41998e-05
321.64	4.38492e-05
321.66	4.34995e-05
321.68	4.3151e-05
321.7	4.28035e-05
321.72	4.24572e-05
321.74	4.21122e-05
321.76	4.17684e-05
321.78	4.1426e-05
321.8	4.10849e-05
321.82	4.07453e-05
321.84	4.04072e-05
321.86	4.00706e-05
321.88	3.97355e-05
321.9	3.94021e-05
321.92	3.90703e-05
321.94	3.87401e-05
321.96	3.84117e-05
321.98	3.8085e-05
322	3.77601e-05
322.02	3.7437e-05
322.04	3.71157e-05
322.06	3.67963e-05
322.08	3.64788e-05
322.1	3.61632e-05
322.12	3.58495e-05
322.14	3.55377e-05
322.16	3.52279e-05
322.18	3.49201e-05
322.2	3.46143e-05
322.22	3.43106e-05
322.24	3.40088e-05
322.26	3.37091e-05
322.28	3.34115e-05
322.3	3.31159e-05
322.32	3.28224e-05
322.34	3.2531e-05
322.36	3.22417e-05
322.38	3.19545e-05
322.4	3.16693e-05
322.42	3.13863e-05
322.44	3.11055e-05
322.46	3.08267e-05
322.48	3.055e-05
322.5	3.02755e-05
322.52	3.00031e-05
322.54	2.97328e-05
322.56	2.94647e-05
322.58	2.91986e-05
322.6	2.89347e-05
322.62	2.86729e-05
322.64	2.84132e-05
322.66	2.81556e-05
322.68	2.79001e-05
322.7	2.76467e-05
322.72	2.73954e-05
322.74	2.71462e-05
322.76	2.68991e-05
322.78	2.6654e-05
322.8	2.64111e-05
322.82	2.61701e-05
322.84	2.59312e-05
322.86	2.56944e-05
322.88	2.54596e-05
322.9	2.52268e-05
322.92	2.4996e-05
322.94	2.47673e-05
322.96	2.45405e-05
322.98	2.43157e-05
323	2.40929e-05
323.02	2.38721e-05
323.04	2.36532e-05
323.06	2.34362e-05
323.08	2.32212e-05
323.1	2.30081e-05
323.12	2.27969e-05
323.14	2.25875e-05
323.16	2.23801e-05
323.18	2.21746e-05
323.2	2.19709e-05
323.22	2.1769e-05
323.24	2.1569e-05
323.26	2.13708e-05
323.28	2.11744e-05
323.3	2.09798e-05
323.32	2.07869e-05
323.34	2.05959e-05
323.36	2.04066e-05
323.38	2.0219e-05
323.4	2.00332e-05
323.42	1.98491e-05
323.44	1.96667e-05
323.46	1.94859e-05
323.48	1.93069e-05
323.5	1.91295e-05
323.52	1.89537e-05
323.54	1.87796e-05
323.56	1.86071e-05
323.58	1.84363e-05
323.6	1.8267e-05
323.62	1.80993e-05
323.64	1.79332e-05
323.66	1.77686e-05
323.68	1.76056e-05
323.7	1.74441e-05
323.72	1.72841e-05
323.74	1.71256e-05
323.76	1.69686e-05
323.78	1.68131e-05
323.8	1.6659e-05
323.82	1.65064e-05
323.84	1.63553e-05
323.86	1.62055e-05
323.88	1.60572e-05
323.9	1.59103e-05
323.92	1.57647e-05
323.94	1.56206e-05
323.96	1.54778e-05
323.98	1.53363e-05
324	1.51962e-05
324.02	1.50574e-05
324.04	1.492e-05
324.06	1.47838e-05
324.08	1.46489e-05
324.1	1.45153e-05
324.12	1.4383e-05
324.14	1.42519e-05
324.16	1.41221e-05
324.18	1.39935e-05
324.2	1.38661e-05
324.22	1.37399e-05
324.24	1.36149e-05
324.26	1.34911e-05
324.28	1.33685e-05
324.3	1.3247e-05
324.32	1.31267e-05
324.34	1.30075e-05
324.36	1.28895e-05
324.38	1.27726e-05
324.4	1.26568e-05
324.42	1.25421e-05
324.44	1.24284e-05
324.46	1.23159e-05
324.48	1.22044e-05
324.5	1.2094e-05
324.52	1.19846e-05
324.54	1.18763e-05
324.56	1.17689e-05
324.58	1.16626e-05
324.6	1.15573e-05
324.62	1.1453e-05
324.64	1.13497e-05
324.66	1.12474e-05
324.68	1.1146e-05
324.7	1.10456e-05
324.72	1.09462e-05
324.74	1.08477e-05
324.76	1.07501e-05
324.78	1.06534e-05
324.8	1.05577e-05
324.82	1.04628e-05
324.84	1.03689e-05
324.86	1.02758e-05
324.88	1.01836e-05
324.9	1.00923e-05
324.92	1.00019e-05
324.94	9.91228e-06
324.96	9.82353e-06
324.98	9.73561e-06
325	9.64852e-06
325.02	9.56225e-06
325.04	9.47679e-06
325.06	9.39214e-06
325.08	9.30829e-06
325.1	9.22522e-06
325.12	9.14293e-06
325.14	9.06142e-06
325.16	8.98067e-06
325.18	8.90068e-06
325.2	8.82144e-06
325.22	8.74295e-06
325.24	8.66519e-06
325.26	8.58816e-06
325.28	8.51185e-06
325.3	8.43626e-06
325.32	8.36137e-06
325.34	8.28719e-06
325.36	8.2137e-06
325.38	8.1409e-06
325.4	8.06878e-06
325.42	7.99733e-06
325.44	7.92656e-06
325.46	7.85644e-06
325.48	7.78697e-06
325.5	7.71816e-06
325.52	7.64999e-06
325.54	7.58245e-06
325.56	7.51554e-06
325.58	7.44926e-06
325.6	7.38359e-06
325.62	7.31854e-06
325.64	7.25409e-06
325.66	7.19024e-06
325.68	7.12698e-06
325.7	7.06431e-06
325.72	7.00223e-06
325.74	6.94072e-06
325.76	6.87978e-06
325.78	6.81941e-06
325.8	6.7596e-06
325.82	6.70034e-06
325.84	6.64163e-06
325.86	6.58346e-06
325.88	6.52584e-06
325.9	6.46874e-06
325.92	6.41218e-06
325.94	6.35614e-06
325.96	6.30062e-06
325.98	6.24561e-06
326	6.1911e-06
326.02	6.1371e-06
326.04	6.0836e-06
326.06	6.0306e-06
326.08	5.97808e-06
326.1	5.92604e-06
326.12	5.87449e-06
326.14	5.82341e-06
326.16	5.7728e-06
326.18	5.72266e-06
326.2	5.67298e-06
326.22	5.62375e-06
326.24	5.57498e-06
326.26	5.52665e-06
326.28	5.47877e-06
326.3	5.43133e-06
326.32	5.38432e-06
326.34	5.33775e-06
326.36	5.2916e-06
326.38	5.24587e-06
326.4	5.20056e-06
326.42	5.15567e-06
326.44	5.11119e-06
326.46	5.06712e-06
326.48	5.02345e-06
326.5	4.98017e-06
326.52	4.9373e-06
326.54	4.89481e-06
326.56	4.85271e-06
326.58	4.811e-06
326.6	4.76967e-06
326.62	4.72871e-06
326.64	4.68813e-06
326.66	4.64792e-06
326.68	4.60807e-06
326.7	4.56859e-06
326.72	4.52946e-06
326.74	4.4907e-06
326.76	4.45228e-06
326.78	4.41421e-06
326.8	4.37649e-06
326.82	4.33911e-06
326.84	4.30207e-06
326.86	4.26537e-06
326.88	4.229e-06
326.9	4.19296e-06
326.92	4.15724e-06
326.94	4.12185e-06
326.96	4.08678e-06
326.98	4.05203e-06
327	4.01759e-06
327.02	3.98346e-06
327.04	3.94964e-06
327.06	3.91613e-06
327.08	3.88292e-06
327.1	3.85001e-06
327.12	3.81739e-06
327.14	3.78507e-06
327.16	3.75305e-06
327.18	3.72131e-06
327.2	3.68985e-06
327.22	3.65868e-06
327.24	3.62779e-06
327.26	3.59718e-06
327.28	3.56684e-06
327.3	3.53678e-06
327.32	3.50699e-06
327.34	3.47746e-06
327.36	3.4482e-06
327.38	3.4192e-06
327.4	3.39046e-06
327.42	3.36198e-06
327.44	3.33376e-06
327.46	3.30579e-06
327.48	3.27807e-06
327.5	3.25059e-06
327.52	3.22337e-06
327.54	3.19638e-06
327.56	3.16964e-06
327.58	3.14314e-06
327.6	3.11687e-06
327.62	3.09084e-06
327.64	3.06504e-06
327.66	3.03947e-06
327.68	3.01413e-06
327.7	2.98901e-06
327.72	2.96412e-06
327.74	2.93945e-06
327.76	2.915e-06
327.78	2.89077e-06
327.8	2.86676e-06
327.82	2.84295e-06
327.84	2.81936e-06
327.86	2.79598e-06
327.88	2.77281e-06
327.9	2.74984e-06
327.92	2.72708e-06
327.94	2.70452e-06
327.96	2.68215e-06
327.98	2.65999e-06
328	2.63802e-06
328.02	2.61625e-06
328.04	2.59467e-06
328.06	2.57328e-06
328.08	2.55209e-06
328.1	2.53107e-06
328.12	2.51025e-06
328.14	2.48961e-06
328.16	2.46915e-06
328.18	2.44887e-06
328.2	2.42877e-06
328.22	2.40885e-06
328.24	2.3891e-06
328.26	2.36953e-06
328.28	2.35013e-06
328.3	2.3309e-06
328.32	2.31184e-06
328.34	2.29295e-06
328.36	2.27423e-06
328.38	2.25566e-06
328.4	2.23727e-06
328.42	2.21903e-06
328.44	2.20096e-06
328.46	2.18304e-06
328.48	2.16528e-06
328.5	2.14768e-06
328.52	2.13023e-06
328.54	2.11293e-06
328.56	2.09579e-06
328.58	2.0788e-06
328.6	2.06195e-06
328.62	2.04525e-06
328.64	2.0287e-06
328.66	2.01229e-06
328.68	1.99603e-06
328.7	1.97991e-06
328.72	1.96393e-06
328.74	1.94809e-06
328.76	1.93239e-06
328.78	1.91682e-06
328.8	1.90139e-06
328.82	1.8861e-06
328.84	1.87094e-06
328.86	1.85591e-06
328.88	1.84101e-06
328.9	1.82624e-06
328.92	1.8116e-06
328.94	1.79709e-06
328.96	1.7827e-06
328.98	1.76844e-06
329	1.7543e-06
329.02	1.74029e-06
329.04	1.72639e-06
329.06	1.71262e-06
329.08	1.69897e-06
329.1	1.68543e-06
329.12	1.67202e-06
329.14	1.65871e-06
329.16	1.64553e-06
329.18	1.63246e-06
329.2	1.6195e-06
329.22	1.60665e-06
329.24	1.59392e-06
329.26	1.58129e-06
329.28	1.56877e-06
329.3	1.55637e-06
329.32	1.54407e-06
329.34	1.53187e-06
329.36	1.51978e-06
329.38	1.50779e-06
329.4	1.49591e-06
329.42	1.48413e-06
329.44	1.47245e-06
329.46	1.46088e-06
329.48	1.4494e-06
329.5	1.43802e-06
329.52	1.42674e-06
329.54	1.41555e-06
329.56	1.40446e-06
329.58	1.39347e-06
329.6	1.38257e-06
329.62	1.37176e-06
329.64	1.36105e-06
329.66	1.35043e-06
329.68	1.3399e-06
329.7	1.32946e-06
329.72	1.31911e-06
329.74	1.30884e-06
329.76	1.29867e-06
329.78	1.28858e-06
329.8	1.27858e-06
329.82	1.26867e-06
329.84	1.25883e-06
329.86	1.24909e-06
329.88	1.23942e-06
329.9	1.22984e-06
329.92	1.22034e-06
329.94	1.21092e-06
329.96	1.20158e-06
329.98	1.19232e-06
330	1.18314e-06
330.02	1.17404e-06
330.04	1.16502e-06
330.06	1.15607e-06
330.08	1.1472e-06
330.1	1.1384e-06
330.12	1.12968e-06
330.14	1.12103e-06
330.16	1.11246e-06
330.18	1.10395e-06
330.2	1.09552e-06
330.22	1.08717e-06
330.24	1.07888e-06
330.26	1.07066e-06
330.28	1.06251e-06
330.3	1.05443e-06
330.32	1.04642e-06
330.34	1.03848e-06
330.36	1.0306e-06
330.38	1.02279e-06
330.4	1.01505e-06
330.42	1.00737e-06
330.44	9.9976e-07
330.46	9.92211e-07
330.48	9.84725e-07
330.5	9.77303e-07
330.52	9.69943e-07
330.54	9.62645e-07
330.56	9.55408e-07
330.58	9.48233e-07
330.6	9.41117e-07
330.62	9.34062e-07
330.64	9.27065e-07
330.66	9.20128e-07
330.68	9.13249e-07
330.7	9.06427e-07
330.72	8.99663e-07
330.74	8.92955e-07
330.76	8.86304e-07
330.78	8.79708e-07
330.8	8.73168e-07
330.82	8.66682e-07
330.84	8.60251e-07
330.86	8.53873e-07
330.88	8.47549e-07
330.9	8.41277e-07
330.92	8.35058e-07
330.94	8.28891e-07
330.96	8.22775e-07
330.98	8.1671e-07
331	8.10696e-07
331.02	8.04732e-07
331.04	7.98817e-07
331.06	7.92952e-07
331.08	7.87136e-07
331.1	7.81368e-07
331.12	7.75648e-07
331.14	7.69976e-07
331.16	7.6435e-07
331.18	7.58772e-07
331.2	7.5324e-07
331.22	7.47753e-07
331.24	7.42313e-07
331.26	7.36917e-07
331.28	7.31566e-07
331.3	7.2626e-07
331.32	7.20997e-07
331.34	7.15778e-07
331.36	7.10602e-07
331.38	7.05469e-07
331.4	7.00378e-07
331.42	6.9533e-07
331.44	6.90323e-07
331.46	6.85358e-07
331.48	6.80433e-07
331.5	6.75549e-07
331.52	6.70706e-07
331.54	6.65902e-07
331.56	6.61138e-07
331.58	6.56414e-07
331.6	6.51728e-07
331.62	6.47081e-07
331.64	6.42472e-07
331.66	6.37901e-07
331.68	6.33367e-07
331.7	6.28871e-07
331.72	6.24412e-07
331.74	6.19989e-07
331.76	6.15603e-07
331.78	6.11252e-07
331.8	6.06938e-07
331.82	6.02659e-07
331.84	5.98415e-07
331.86	5.94205e-07
331.88	5.9003e-07
331.9	5.8589e-07
331.92	5.81783e-07
331.94	5.7771e-07
331.96	5.7367e-07
331.98	5.69663e-07
332	5.65689e-07
332.02	5.61748e-07
332.04	5.57838e-07
332.06	5.53961e-07
332.08	5.50115e-07
332.1	5.46301e-07
332.12	5.42517e-07
332.14	5.38765e-07
332.16	5.35043e-07
332.18	5.31352e-07
332.2	5.2769e-07
332.22	5.24058e-07
332.24	5.20456e-07
332.26	5.16884e-07
332.28	5.1334e-07
332.3	5.09825e-07
332.32	5.06339e-07
332.34	5.02881e-07
332.36	4.99451e-07
332.38	4.96049e-07
332.4	4.92675e-07
332.42	4.89328e-07
332.44	4.86008e-07
332.46	4.82715e-07
332.48	4.79449e-07
332.5	4.76209e-07
332.52	4.72995e-07
332.54	4.69808e-07
332.56	4.66646e-07
332.58	4.6351e-07
332.6	4.604e-07
332.62	4.57314e-07
332.64	4.54254e-07
332.66	4.51218e-07
332.68	4.48207e-07
332.7	4.4522e-07
332.72	4.42257e-07
332.74	4.39318e-07
332.76	4.36403e-07
332.78	4.33511e-07
332.8	4.30643e-07
332.82	4.27798e-07
332.84	4.24976e-07
332.86	4.22177e-07
332.88	4.194e-07
332.9	4.16646e-07
332.92	4.13913e-07
332.94	4.11203e-07
332.96	4.08515e-07
332.98	4.05848e-07
333	4.03203e-07
333.02	4.00579e-07
333.04	3.97976e-07
333.06	3.95394e-07
333.08	3.92833e-07
333.1	3.90293e-07
333.12	3.87773e-07
333.14	3.85273e-07
333.16	3.82794e-07
333.18	3.80334e-07
333.2	3.77894e-07
333.22	3.75474e-07
333.24	3.73073e-07
333.26	3.70691e-07
333.28	3.68329e-07
333.3	3.65985e-07
333.32	3.6366e-07
333.34	3.61354e-07
333.36	3.59067e-07
333.38	3.56798e-07
333.4	3.54547e-07
333.42	3.52314e-07
333.44	3.50099e-07
333.46	3.47902e-07
333.48	3.45723e-07
333.5	3.43561e-07
333.52	3.41416e-07
333.54	3.39289e-07
333.56	3.37178e-07
333.58	3.35085e-07
333.6	3.33008e-07
333.62	3.30948e-07
333.64	3.28905e-07
333.66	3.26878e-07
333.68	3.24867e-07
333.7	3.22872e-07
333.72	3.20893e-07
333.74	3.18931e-07
333.76	3.16984e-07
333.78	3.15052e-07
333.8	3.13136e-07
333.82	3.11236e-07
333.84	3.09351e-07
333.86	3.07481e-07
333.88	3.05626e-07
333.9	3.03785e-07
333.92	3.0196e-07
333.94	3.00149e-07
333.96	2.98353e-07
333.98	2.96571e-07
334	2.94804e-07
334.02	2.93051e-07
334.04	2.91311e-07
334.06	2.89586e-07
334.08	2.87875e-07
334.1	2.86178e-07
334.12	2.84494e-07
334.14	2.82824e-07
334.16	2.81167e-07
334.18	2.79523e-07
334.2	2.77893e-07
334.22	2.76276e-07
334.24	2.74672e-07
334.26	2.73081e-07
334.28	2.71503e-07
334.3	2.69938e-07
334.32	2.68385e-07
334.34	2.66845e-07
334.36	2.65317e-07
334.38	2.63802e-07
334.4	2.62298e-07
334.42	2.60808e-07
334.44	2.59329e-07
334.46	2.57862e-07
334.48	2.56407e-07
334.5	2.54964e-07
334.52	2.53533e-07
334.54	2.52113e-07
334.56	2.50705e-07
334.58	2.49308e-07
334.6	2.47923e-07
334.62	2.46549e-07
334.64	2.45186e-07
334.66	2.43834e-07
334.68	2.42494e-07
334.7	2.41164e-07
334.72	2.39846e-07
334.74	2.38538e-07
334.76	2.37241e-07
334.78	2.35954e-07
334.8	2.34678e-07
334.82	2.33413e-07
334.84	2.32158e-07
334.86	2.30914e-07
334.88	2.2968e-07
334.9	2.28456e-07
334.92	2.27242e-07
334.94	2.26038e-07
334.96	2.24844e-07
334.98	2.23661e-07
335	2.22487e-07
335.02	2.21323e-07
335.04	2.20168e-07
335.06	2.19024e-07
335.08	2.17889e-07
335.1	2.16763e-07
335.12	2.15647e-07
335.14	2.14541e-07
335.16	2.13443e-07
335.18	2.12356e-07
335.2	2.11277e-07
335.22	2.10207e-07
335.24	2.09147e-07
335.26	2.08096e-07
335.28	2.07053e-07
335.3	2.0602e-07
335.32	2.04996e-07
335.34	2.0398e-07
335.36	2.02973e-07
335.38	2.01975e-07
335.4	2.00986e-07
335.42	2.00005e-07
335.44	1.99033e-07
335.46	1.98069e-07
335.48	1.97114e-07
335.5	1.96167e-07
335.52	1.95228e-07
335.54	1.94298e-07
335.56	1.93377e-07
335.58	1.92463e-07
335.6	1.91558e-07
335.62	1.9066e-07
335.64	1.89771e-07
335.66	1.8889e-07
335.68	1.88017e-07
335.7	1.87152e-07
335.72	1.86295e-07
335.74	1.85446e-07
335.76	1.84605e-07
335.78	1.83771e-07
335.8	1.82945e-07
335.82	1.82127e-07
335.84	1.81317e-07
335.86	1.80515e-07
335.88	1.7972e-07
335.9	1.78933e-07
335.92	1.78153e-07
335.94	1.77381e-07
335.96	1.76616e-07
335.98	1.75859e-07
336	1.7511e-07
336.02	1.74368e-07
336.04	1.73633e-07
336.06	1.72906e-07
336.08	1.72186e-07
336.1	1.71473e-07
336.12	1.70768e-07
336.14	1.7007e-07
336.16	1.69379e-07
336.18	1.68696e-07
336.2	1.6802e-07
336.22	1.67351e-07
336.24	1.6669e-07
336.26	1.66036e-07
336.28	1.65389e-07
336.3	1.64749e-07
336.32	1.64116e-07
336.34	1.63491e-07
336.36	1.62873e-07
336.38	1.62262e-07
336.4	1.61658e-07
336.42	1.61061e-07
336.44	1.60472e-07
336.46	1.5989e-07
336.48	1.59315e-07
336.5	1.58747e-07
336.52	1.58186e-07
336.54	1.57633e-07
336.56	1.57087e-07
336.58	1.56549e-07
336.6	1.56017e-07
336.62	1.55493e-07
336.64	1.54977e-07
336.66	1.54467e-07
336.68	1.53966e-07
336.7	1.53471e-07
336.72	1.52985e-07
336.74	1.52505e-07
336.76	1.52034e-07
336.78	1.5157e-07
336.8	1.51114e-07
336.82	1.50665e-07
336.84	1.50225e-07
336.86	1.49792e-07
336.88	1.49368e-07
336.9	1.48952e-07
336.92	1.48544e-07
336.94	1.48144e-07
336.96	1.47752e-07
336.98	1.4737e-07
337	1.46996e-07
337.02	1.4663e-07
337.04	1.46274e-07
337.06	1.45927e-07
337.08	1.4559e-07
337.1	1.45262e-07
337.12	1.44944e-07
337.14	1.44636e-07
337.16	1.44338e-07
337.18	1.44051e-07
337.2	1.43774e-07
337.22	1.4351e-07
337.24	1.43256e-07
337.26	1.43015e-07
337.28	1.42787e-07
337.3	1.42572e-07
337.32	1.4237e-07
337.34	1.42183e-07
337.36	1.42012e-07
337.38	1.41856e-07
337.4	1.41718e-07
337.42	1.41598e-07
337.44	1.41498e-07
337.46	1.4142e-07
337.48	1.41365e-07
337.5	1.41336e-07
337.52	1.41336e-07
337.54	1.4137e-07
337.56	1.41442e-07
337.58	1.41558e-07
337.6	1.41731e-07
337.62	1.41973e-07
337.64	1.42309e-07
337.66	1.42784e-07
337.68	1.4349e-07
337.7	1.44656e-07
337.72	1.4694e-07
337.74	1.52421e-07
337.76	1.63904e-07
337.78	1.84463e-07
337.8	2.20009e-07
337.82	2.80344e-07
337.84	3.79937e-07
337.86	5.4247e-07
337.88	8.07925e-07
337.9	1.23548e-06
337.92	1.89734e-06
337.94	2.86246e-06
337.96	4.16848e-06
337.98	5.80241e-06
338	7.71456e-06
338.02	9.84496e-06
338.04	1.21367e-05
338.06	1.45389e-05
338.08	1.70071e-05
338.1	1.95035e-05
338.12	2.19974e-05
338.14	2.44641e-05
338.16	2.68843e-05
338.18	2.92434e-05
338.2	3.15301e-05
338.22	3.37367e-05
338.24	3.58575e-05
338.26	3.7889e-05
338.28	3.98293e-05
338.3	4.16779e-05
338.32	4.34352e-05
338.34	4.51025e-05
338.36	4.66817e-05
338.38	4.81751e-05
338.4	4.95854e-05
338.42	5.09156e-05
338.44	5.21687e-05
338.46	5.33478e-05
338.48	5.4456e-05
338.5	5.54966e-05
338.52	5.64726e-05
338.54	5.7387e-05
338.56	5.82428e-05
338.58	5.90428e-05
338.6	5.97897e-05
338.62	6.04862e-05
338.64	6.11348e-05
338.66	6.1738e-05
338.68	6.22979e-05
338.7	6.28169e-05
338.72	6.32969e-05
338.74	6.374e-05
338.76	6.4148e-05
338.78	6.45228e-05
338.8	6.48659e-05
338.82	6.51791e-05
338.84	6.54639e-05
338.86	6.57216e-05
338.88	6.59536e-05
338.9	6.61613e-05
338.92	6.63457e-05
338.94	6.65081e-05
338.96	6.66496e-05
338.98	6.67711e-05
339	6.68737e-05
339.02	6.69581e-05
339.04	6.70253e-05
339.06	6.70761e-05
339.08	6.71112e-05
339.1	6.71312e-05
339.12	6.7137e-05
339.14	6.71291e-05
339.16	6.7108e-05
339.18	6.70744e-05
339.2	6.70287e-05
339.22	6.69714e-05
339.24	6.69031e-05
339.26	6.6824e-05
339.28	6.67346e-05
339.3	6.66353e-05
339.32	6.65264e-05
339.34	6.64083e-05
339.36	6.62812e-05
339.38	6.61455e-05
339.4	6.60014e-05
339.42	6.58492e-05
339.44	6.56892e-05
339.46	6.55215e-05
339.48	6.53465e-05
339.5	6.51642e-05
339.52	6.4975e-05
339.54	6.4779e-05
339.56	6.45763e-05
339.58	6.43673e-05
339.6	6.41519e-05
339.62	6.39305e-05
339.64	6.37032e-05
339.66	6.347e-05
339.68	6.32313e-05
339.7	6.2987e-05
339.72	6.27374e-05
339.74	6.24826e-05
339.76	6.22228e-05
339.78	6.19581e-05
339.8	6.16886e-05
339.82	6.14144e-05
339.84	6.11358e-05
339.86	6.08527e-05
339.88	6.05654e-05
339.9	6.0274e-05
339.92	5.99787e-05
339.94	5.96794e-05
339.96	5.93765e-05
339.98	5.90699e-05
340	5.87599e-05
340.02	5.84466e-05
340.04	5.813e-05
340.06	5.78103e-05
340.08	5.74877e-05
340.1	5.71623e-05
340.12	5.68342e-05
340.14	5.65034e-05
340.16	5.61702e-05
340.18	5.58347e-05
340.2	5.5497e-05
340.22	5.51571e-05
340.24	5.48153e-05
340.26	5.44717e-05
340.28	5.41263e-05
340.3	5.37793e-05
340.32	5.34308e-05
340.34	5.30809e-05
340.36	5.27298e-05
340.38	5.23774e-05
340.4	5.20241e-05
340.42	5.16698e-05
340.44	5.13146e-05
340.46	5.09588e-05
340.48	5.06023e-05
340.5	5.02453e-05
340.52	4.98878e-05
340.54	4.95301e-05
340.56	4.91721e-05
340.58	4.88139e-05
340.6	4.84558e-05
340.62	4.80977e-05
340.64	4.77397e-05
340.66	4.73819e-05
340.68	4.70245e-05
340.7	4.66674e-05
340.72	4.63109e-05
340.74	4.59548e-05
340.76	4.55994e-05
340.78	4.52447e-05
340.8	4.48907e-05
340.82	4.45376e-05
340.84	4.41853e-05
340.86	4.38341e-05
340.88	4.34839e-05
340.9	4.31347e-05
340.92	4.27867e-05
340.94	4.24399e-05
340.96	4.20944e-05
340.98	4.17502e-05
341	4.14073e-05
341.02	4.10659e-05
341.04	4.07259e-05
341.06	4.03874e-05
341.08	4.00504e-05
341.1	3.9715e-05
341.12	3.93813e-05
341.14	3.90492e-05
341.16	3.87188e-05
341.18	3.83901e-05
341.2	3.80632e-05
341.22	3.77381e-05
341.24	3.74148e-05
341.26	3.70934e-05
341.28	3.67738e-05
341.3	3.64562e-05
341.32	3.61404e-05
341.34	3.58266e-05
341.36	3.55148e-05
341.38	3.52049e-05
341.4	3.48971e-05
341.42	3.45912e-05
341.44	3.42874e-05
341.46	3.39856e-05
341.48	3.36859e-05
341.5	3.33883e-05
341.52	3.30927e-05
341.54	3.27992e-05
341.56	3.25078e-05
341.58	3.22185e-05
341.6	3.19313e-05
341.62	3.16463e-05
341.64	3.13633e-05
341.66	3.10825e-05
341.68	3.08038e-05
341.7	3.05272e-05
341.72	3.02528e-05
341.74	2.99805e-05
341.76	2.97103e-05
341.78	2.94422e-05
341.8	2.91763e-05
341.82	2.89125e-05
341.84	2.86508e-05
341.86	2.83912e-05
341.88	2.81338e-05
341.9	2.78784e-05
341.92	2.76251e-05
341.94	2.7374e-05
341.96	2.71249e-05
341.98	2.68779e-05
342	2.6633e-05
342.02	2.63902e-05
342.04	2.61494e-05
342.06	2.59107e-05
342.08	2.5674e-05
342.1	2.54393e-05
342.12	2.52067e-05
342.14	2.49761e-05
342.16	2.47475e-05
342.18	2.45209e-05
342.2	2.42963e-05
342.22	2.40736e-05
342.24	2.38529e-05
342.26	2.36342e-05
342.28	2.34174e-05
342.3	2.32026e-05
342.32	2.29896e-05
342.34	2.27786e-05
342.36	2.25694e-05
342.38	2.23622e-05
342.4	2.21568e-05
342.42	2.19533e-05
342.44	2.17516e-05
342.46	2.15517e-05
342.48	2.13537e-05
342.5	2.11575e-05
342.52	2.0963e-05
342.54	2.07704e-05
342.56	2.05795e-05
342.58	2.03903e-05
342.6	2.0203e-05
342.62	2.00173e-05
342.64	1.98333e-05
342.66	1.96511e-05
342.68	1.94705e-05
342.7	1.92916e-05
342.72	1.91144e-05
342.74	1.89388e-05
342.76	1.87649e-05
342.78	1.85926e-05
342.8	1.84219e-05
342.82	1.82527e-05
342.84	1.80852e-05
342.86	1.79192e-05
342.88	1.77548e-05
342.9	1.75919e-05
342.92	1.74306e-05
342.94	1.72707e-05
342.96	1.71124e-05
342.98	1.69556e-05
343	1.68002e-05
343.02	1.66463e-05
343.04	1.64939e-05
343.06	1.63428e-05
343.08	1.61932e-05
343.1	1.60451e-05
343.12	1.58983e-05
343.14	1.57529e-05
343.16	1.56089e-05
343.18	1.54662e-05
343.2	1.53249e-05
343.22	1.51849e-05
343.24	1.50463e-05
343.26	1.4909e-05
343.28	1.47729e-05
343.3	1.46382e-05
343.32	1.45047e-05
343.34	1.43725e-05
343.36	1.42415e-05
343.38	1.41118e-05
343.4	1.39833e-05
343.42	1.38561e-05
343.44	1.373e-05
343.46	1.36052e-05
343.48	1.34815e-05
343.5	1.3359e-05
343.52	1.32376e-05
343.54	1.31174e-05
343.56	1.29984e-05
343.58	1.28805e-05
343.6	1.27637e-05
343.62	1.2648e-05
343.64	1.25334e-05
343.66	1.24198e-05
343.68	1.23074e-05
343.7	1.2196e-05
343.72	1.20857e-05
343.74	1.19764e-05
343.76	1.18682e-05
343.78	1.1761e-05
343.8	1.16548e-05
343.82	1.15496e-05
343.84	1.14454e-05
343.86	1.13422e-05
343.88	1.12399e-05
343.9	1.11387e-05
343.92	1.10384e-05
343.94	1.0939e-05
343.96	1.08406e-05
343.98	1.07431e-05
344	1.06465e-05
344.02	1.05509e-05
344.04	1.04561e-05
344.06	1.03622e-05
344.08	1.02693e-05
344.1	1.01772e-05
344.12	1.00859e-05
344.14	9.99558e-06
344.16	9.90607e-06
344.18	9.81739e-06
344.2	9.72956e-06
344.22	9.64255e-06
344.24	9.55636e-06
344.26	9.47098e-06
344.28	9.3864e-06
344.3	9.30262e-06
344.32	9.21963e-06
344.34	9.13742e-06
344.36	9.05598e-06
344.38	8.9753e-06
344.4	8.89539e-06
344.42	8.81622e-06
344.44	8.73779e-06
344.46	8.66011e-06
344.48	8.58315e-06
344.5	8.50691e-06
344.52	8.43138e-06
344.54	8.35656e-06
344.56	8.28244e-06
344.58	8.20902e-06
344.6	8.13628e-06
344.62	8.06422e-06
344.64	7.99284e-06
344.66	7.92212e-06
344.68	7.85207e-06
344.7	7.78266e-06
344.72	7.71391e-06
344.74	7.6458e-06
344.76	7.57832e-06
344.78	7.51147e-06
344.8	7.44524e-06
344.82	7.37963e-06
344.84	7.31463e-06
344.86	7.25023e-06
344.88	7.18644e-06
344.9	7.12324e-06
344.92	7.06062e-06
344.94	6.99859e-06
344.96	6.93713e-06
344.98	6.87624e-06
345	6.81592e-06
345.02	6.75616e-06
345.04	6.69695e-06
345.06	6.63829e-06
345.08	6.58017e-06
345.1	6.52259e-06
345.12	6.46554e-06
345.14	6.40903e-06
345.16	6.35303e-06
345.18	6.29755e-06
345.2	6.24259e-06
345.22	6.18813e-06
345.24	6.13417e-06
345.26	6.08071e-06
345.28	6.02775e-06
345.3	5.97527e-06
345.32	5.92328e-06
345.34	5.87177e-06
345.36	5.82073e-06
345.38	5.77016e-06
345.4	5.72005e-06
345.42	5.67041e-06
345.44	5.62122e-06
345.46	5.57249e-06
345.48	5.5242e-06
345.5	5.47635e-06
345.52	5.42895e-06
345.54	5.38198e-06
345.56	5.33544e-06
345.58	5.28933e-06
345.6	5.24364e-06
345.62	5.19836e-06
345.64	5.1535e-06
345.66	5.10906e-06
345.68	5.06502e-06
345.7	5.02138e-06
345.72	4.97814e-06
345.74	4.93529e-06
345.76	4.89284e-06
345.78	4.85077e-06
345.8	4.80909e-06
345.82	4.76779e-06
345.84	4.72686e-06
345.86	4.68631e-06
345.88	4.64613e-06
345.9	4.60631e-06
345.92	4.56685e-06
345.94	4.52776e-06
345.96	4.48902e-06
345.98	4.45063e-06
346	4.41259e-06
346.02	4.37489e-06
346.04	4.33754e-06
346.06	4.30053e-06
346.08	4.26385e-06
346.1	4.22751e-06
346.12	4.19149e-06
346.14	4.1558e-06
346.16	4.12043e-06
346.18	4.08539e-06
346.2	4.05066e-06
346.22	4.01624e-06
346.24	3.98214e-06
346.26	3.94834e-06
346.28	3.91485e-06
346.3	3.88167e-06
346.32	3.84878e-06
346.34	3.81619e-06
346.36	3.78389e-06
346.38	3.75188e-06
346.4	3.72016e-06
346.42	3.68873e-06
346.44	3.65758e-06
346.46	3.62671e-06
346.48	3.59612e-06
346.5	3.5658e-06
346.52	3.53576e-06
346.54	3.50598e-06
346.56	3.47648e-06
346.58	3.44724e-06
346.6	3.41826e-06
346.62	3.38954e-06
346.64	3.36107e-06
346.66	3.33287e-06
346.68	3.30491e-06
346.7	3.27721e-06
346.72	3.24975e-06
346.74	3.22254e-06
346.76	3.19558e-06
346.78	3.16885e-06
346.8	3.14236e-06
346.82	3.11611e-06
346.84	3.0901e-06
346.86	3.06431e-06
346.88	3.03876e-06
346.9	3.01344e-06
346.92	2.98834e-06
346.94	2.96346e-06
346.96	2.93881e-06
346.98	2.91437e-06
347	2.89015e-06
347.02	2.86615e-06
347.04	2.84236e-06
347.06	2.81879e-06
347.08	2.79542e-06
347.1	2.77226e-06
347.12	2.7493e-06
347.14	2.72655e-06
347.16	2.70401e-06
347.18	2.68166e-06
347.2	2.65951e-06
347.22	2.63755e-06
347.24	2.61579e-06
347.26	2.59423e-06
347.28	2.57285e-06
347.3	2.55166e-06
347.32	2.53066e-06
347.34	2.50985e-06
347.36	2.48922e-06
347.38	2.46877e-06
347.4	2.4485e-06
347.42	2.42842e-06
347.44	2.4085e-06
347.46	2.38877e-06
347.48	2.36921e-06
347.5	2.34982e-06
347.52	2.3306e-06
347.54	2.31155e-06
347.56	2.29267e-06
347.58	2.27395e-06
347.6	2.2554e-06
347.62	2.23702e-06
347.64	2.21879e-06
347.66	2.20072e-06
347.68	2.18282e-06
347.7	2.16507e-06
347.72	2.14747e-06
347.74	2.13003e-06
347.76	2.11275e-06
347.78	2.09561e-06
347.8	2.07863e-06
347.82	2.06179e-06
347.84	2.0451e-06
347.86	2.02856e-06
347.88	2.01216e-06
347.9	1.9959e-06
347.92	1.97979e-06
347.94	1.96382e-06
347.96	1.94799e-06
347.98	1.93229e-06
348	1.91673e-06
348.02	1.90131e-06
348.04	1.88602e-06
348.06	1.87087e-06
348.08	1.85585e-06
348.1	1.84096e-06
348.12	1.82619e-06
348.14	1.81156e-06
348.16	1.79705e-06
348.18	1.78267e-06
348.2	1.76842e-06
348.22	1.75429e-06
348.24	1.74028e-06
348.26	1.72639e-06
348.28	1.71263e-06
348.3	1.69898e-06
348.32	1.68545e-06
348.34	1.67204e-06
348.36	1.65874e-06
348.38	1.64556e-06
348.4	1.6325e-06
348.42	1.61954e-06
348.44	1.6067e-06
348.46	1.59397e-06
348.48	1.58135e-06
348.5	1.56884e-06
348.52	1.55644e-06
348.54	1.54414e-06
348.56	1.53195e-06
348.58	1.51987e-06
348.6	1.50789e-06
348.62	1.49601e-06
348.64	1.48423e-06
348.66	1.47256e-06
348.68	1.46099e-06
348.7	1.44951e-06
348.72	1.43814e-06
348.74	1.42686e-06
348.76	1.41568e-06
348.78	1.4046e-06
348.8	1.39361e-06
348.82	1.38271e-06
348.84	1.37191e-06
348.86	1.3612e-06
348.88	1.35058e-06
348.9	1.34006e-06
348.92	1.32962e-06
348.94	1.31927e-06
348.96	1.30901e-06
348.98	1.29884e-06
349	1.28876e-06
349.02	1.27876e-06
349.04	1.26885e-06
349.06	1.25902e-06
349.08	1.24928e-06
349.1	1.23962e-06
349.12	1.23004e-06
349.14	1.22054e-06
349.16	1.21113e-06
349.18	1.20179e-06
349.2	1.19254e-06
349.22	1.18336e-06
349.24	1.17426e-06
349.26	1.16524e-06
349.28	1.15629e-06
349.3	1.14742e-06
349.32	1.13863e-06
349.34	1.12991e-06
349.36	1.12127e-06
349.38	1.11269e-06
349.4	1.10419e-06
349.42	1.09577e-06
349.44	1.08741e-06
349.46	1.07913e-06
349.48	1.07091e-06
349.5	1.06277e-06
349.52	1.05469e-06
349.54	1.04668e-06
349.56	1.03874e-06
349.58	1.03087e-06
349.6	1.02306e-06
349.62	1.01532e-06
349.64	1.00764e-06
349.66	1.00003e-06
349.68	9.92485e-07
349.7	9.85001e-07
349.72	9.77581e-07
349.74	9.70223e-07
349.76	9.62927e-07
349.78	9.55692e-07
349.8	9.48519e-07
349.82	9.41405e-07
349.84	9.34352e-07
349.86	9.27357e-07
349.88	9.20422e-07
349.9	9.13544e-07
349.92	9.06724e-07
349.94	8.99962e-07
349.96	8.93256e-07
349.98	8.86606e-07
350	8.80012e-07
350.02	8.73473e-07
350.04	8.66989e-07
350.06	8.60559e-07
350.08	8.54183e-07
350.1	8.4786e-07
350.12	8.4159e-07
350.14	8.35373e-07
350.16	8.29207e-07
350.18	8.23092e-07
350.2	8.17029e-07
350.22	8.11016e-07
350.24	8.05053e-07
350.26	7.9914e-07
350.28	7.93276e-07
350.3	7.87461e-07
350.32	7.81695e-07
350.34	7.75976e-07
350.36	7.70305e-07
350.38	7.64681e-07
350.4	7.59103e-07
350.42	7.53572e-07
350.44	7.48087e-07
350.46	7.42647e-07
350.48	7.37253e-07
350.5	7.31903e-07
350.52	7.26597e-07
350.54	7.21336e-07
350.56	7.16118e-07
350.58	7.10943e-07
350.6	7.05811e-07
350.62	7.00721e-07
350.64	6.95673e-07
350.66	6.90667e-07
350.68	6.85703e-07
350.7	6.80779e-07
350.72	6.75896e-07
350.74	6.71054e-07
350.76	6.66251e-07
350.78	6.61488e-07
350.8	6.56764e-07
350.82	6.52079e-07
350.84	6.47432e-07
350.86	6.42824e-07
350.88	6.38253e-07
350.9	6.33721e-07
350.92	6.29225e-07
350.94	6.24767e-07
350.96	6.20345e-07
350.98	6.15959e-07
351	6.11609e-07
351.02	6.07295e-07
351.04	6.03017e-07
351.06	5.98773e-07
351.08	5.94564e-07
351.1	5.9039e-07
351.12	5.8625e-07
351.14	5.82144e-07
351.16	5.78071e-07
351.18	5.74032e-07
351.2	5.70026e-07
351.22	5.66052e-07
351.24	5.62111e-07
351.26	5.58202e-07
351.28	5.54325e-07
351.3	5.5048e-07
351.32	5.46666e-07
351.34	5.42883e-07
351.36	5.39131e-07
351.38	5.35409e-07
351.4	5.31718e-07
351.42	5.28057e-07
351.44	5.24426e-07
351.46	5.20824e-07
351.48	5.17252e-07
351.5	5.13708e-07
351.52	5.10194e-07
351.54	5.06708e-07
351.56	5.0325e-07
351.58	4.99821e-07
351.6	4.96419e-07
351.62	4.93045e-07
351.64	4.89698e-07
351.66	4.86378e-07
351.68	4.83086e-07
351.7	4.7982e-07
351.72	4.7658e-07
351.74	4.73367e-07
351.76	4.7018e-07
351.78	4.67018e-07
351.8	4.63883e-07
351.82	4.60772e-07
351.84	4.57687e-07
351.86	4.54627e-07
351.88	4.51591e-07
351.9	4.4858e-07
351.92	4.45593e-07
351.94	4.42631e-07
351.96	4.39692e-07
351.98	4.36777e-07
352	4.33886e-07
352.02	4.31018e-07
352.04	4.28173e-07
352.06	4.25351e-07
352.08	4.22552e-07
352.1	4.19775e-07
352.12	4.17021e-07
352.14	4.14289e-07
352.16	4.11579e-07
352.18	4.0889e-07
352.2	4.06224e-07
352.22	4.03579e-07
352.24	4.00955e-07
352.26	3.98352e-07
352.28	3.95771e-07
352.3	3.9321e-07
352.32	3.90669e-07
352.34	3.88149e-07
352.36	3.8565e-07
352.38	3.8317e-07
352.4	3.80711e-07
352.42	3.78271e-07
352.44	3.7585e-07
352.46	3.7345e-07
352.48	3.71068e-07
352.5	3.68706e-07
352.52	3.66362e-07
352.54	3.64038e-07
352.56	3.61732e-07
352.58	3.59444e-07
352.6	3.57175e-07
352.62	3.54925e-07
352.64	3.52692e-07
352.66	3.50477e-07
352.68	3.4828e-07
352.7	3.461e-07
352.72	3.43938e-07
352.74	3.41794e-07
352.76	3.39667e-07
352.78	3.37556e-07
352.8	3.35463e-07
352.82	3.33386e-07
352.84	3.31326e-07
352.86	3.29283e-07
352.88	3.27256e-07
352.9	3.25245e-07
352.92	3.23251e-07
352.94	3.21272e-07
352.96	3.19309e-07
352.98	3.17362e-07
353	3.15431e-07
353.02	3.13515e-07
353.04	3.11615e-07
353.06	3.0973e-07
353.08	3.0786e-07
353.1	3.06005e-07
353.12	3.04165e-07
353.14	3.02339e-07
353.16	3.00529e-07
353.18	2.98732e-07
353.2	2.96951e-07
353.22	2.95183e-07
353.24	2.9343e-07
353.26	2.91691e-07
353.28	2.89966e-07
353.3	2.88255e-07
353.32	2.86558e-07
353.34	2.84874e-07
353.36	2.83204e-07
353.38	2.81547e-07
353.4	2.79904e-07
353.42	2.78274e-07
353.44	2.76657e-07
353.46	2.75053e-07
353.48	2.73462e-07
353.5	2.71884e-07
353.52	2.70319e-07
353.54	2.68766e-07
353.56	2.67226e-07
353.58	2.65699e-07
353.6	2.64183e-07
353.62	2.6268e-07
353.64	2.6119e-07
353.66	2.59711e-07
353.68	2.58244e-07
353.7	2.5679e-07
353.72	2.55347e-07
353.74	2.53915e-07
353.76	2.52496e-07
353.78	2.51088e-07
353.8	2.49691e-07
353.82	2.48306e-07
353.84	2.46933e-07
353.86	2.4557e-07
353.88	2.44219e-07
353.9	2.42878e-07
353.92	2.41549e-07
353.94	2.40231e-07
353.96	2.38923e-07
353.98	2.37626e-07
354	2.3634e-07
354.02	2.35065e-07
354.04	2.33799e-07
354.06	2.32545e-07
354.08	2.31301e-07
354.1	2.30067e-07
354.12	2.28843e-07
354.14	2.2763e-07
354.16	2.26426e-07
354.18	2.25233e-07
354.2	2.24049e-07
354.22	2.22876e-07
354.24	2.21712e-07
354.26	2.20558e-07
354.28	2.19414e-07
354.3	2.18279e-07
354.32	2.17154e-07
354.34	2.16039e-07
354.36	2.14932e-07
354.38	2.13836e-07
354.4	2.12748e-07
354.42	2.1167e-07
354.44	2.10601e-07
354.46	2.09541e-07
354.48	2.0849e-07
354.5	2.07448e-07
354.52	2.06415e-07
354.54	2.05392e-07
354.56	2.04376e-07
354.58	2.0337e-07
354.6	2.02373e-07
354.62	2.01384e-07
354.64	2.00403e-07
354.66	1.99432e-07
354.68	1.98469e-07
354.7	1.97514e-07
354.72	1.96568e-07
354.74	1.9563e-07
354.76	1.94701e-07
354.78	1.9378e-07
354.8	1.92867e-07
354.82	1.91962e-07
354.84	1.91066e-07
354.86	1.90177e-07
354.88	1.89297e-07
354.9	1.88425e-07
354.92	1.8756e-07
354.94	1.86704e-07
354.96	1.85856e-07
354.98	1.85015e-07
355	1.84183e-07
355.02	1.83358e-07
355.04	1.82541e-07
355.06	1.81732e-07
355.08	1.8093e-07
355.1	1.80136e-07
355.12	1.7935e-07
355.14	1.78571e-07
355.16	1.778e-07
355.18	1.77037e-07
355.2	1.76281e-07
355.22	1.75532e-07
355.24	1.74791e-07
355.26	1.74058e-07
355.28	1.73332e-07
355.3	1.72613e-07
355.32	1.71902e-07
355.34	1.71198e-07
355.36	1.70501e-07
355.38	1.69812e-07
355.4	1.6913e-07
355.42	1.68456e-07
355.44	1.67788e-07
355.46	1.67128e-07
355.48	1.66476e-07
355.5	1.6583e-07
355.52	1.65192e-07
355.54	1.64561e-07
355.56	1.63937e-07
355.58	1.63321e-07
355.6	1.62711e-07
355.62	1.62109e-07
355.64	1.61515e-07
355.66	1.60927e-07
355.68	1.60347e-07
355.7	1.59774e-07
355.72	1.59208e-07
355.74	1.5865e-07
355.76	1.58099e-07
355.78	1.57555e-07
355.8	1.57019e-07
355.82	1.5649e-07
355.84	1.55969e-07
355.86	1.55454e-07
355.88	1.54948e-07
355.9	1.54449e-07
355.92	1.53957e-07
355.94	1.53473e-07
355.96	1.52997e-07
355.98	1.52529e-07
356	1.52068e-07
356.02	1.51615e-07
356.04	1.5117e-07
356.06	1.50733e-07
356.08	1.50304e-07
356.1	1.49883e-07
356.12	1.4947e-07
356.14	1.49066e-07
356.16	1.48671e-07
356.18	1.48283e-07
356.2	1.47905e-07
356.22	1.47536e-07
356.24	1.47175e-07
356.26	1.46824e-07
356.28	1.46482e-07
356.3	1.4615e-07
356.32	1.45828e-07
356.34	1.45516e-07
356.36	1.45214e-07
356.38	1.44922e-07
356.4	1.44642e-07
356.42	1.44373e-07
356.44	1.44116e-07
356.46	1.43871e-07
356.48	1.43638e-07
356.5	1.43419e-07
356.52	1.43213e-07
356.54	1.43022e-07
356.56	1.42846e-07
356.58	1.42686e-07
356.6	1.42544e-07
356.62	1.42419e-07
356.64	1.42315e-07
356.66	1.42232e-07
356.68	1.42172e-07
356.7	1.42138e-07
356.72	1.42133e-07
356.74	1.4216e-07
356.76	1.42225e-07
356.78	1.42334e-07
356.8	1.42497e-07
356.82	1.42727e-07
356.84	1.43048e-07
356.86	1.43499e-07
356.88	1.44164e-07
356.9	1.4524e-07
356.92	1.47285e-07
356.94	1.52147e-07
356.96	1.62594e-07
356.98	1.81586e-07
357	2.14477e-07
357.02	2.70499e-07
357.04	3.6328e-07
357.06	5.14693e-07
357.08	7.61965e-07
357.1	1.1616e-06
357.12	1.78465e-06
357.14	2.7021e-06
357.16	3.95805e-06
357.18	5.54693e-06
357.2	7.42263e-06
357.22	9.52545e-06
357.24	1.17977e-05
357.26	1.41875e-05
357.28	1.66493e-05
357.3	1.91446e-05
357.32	2.16415e-05
357.34	2.41143e-05
357.36	2.65431e-05
357.38	2.89126e-05
357.4	3.12113e-05
357.42	3.34306e-05
357.44	3.55648e-05
357.46	3.76101e-05
357.48	3.95644e-05
357.5	4.14269e-05
357.52	4.31979e-05
357.54	4.48786e-05
357.56	4.64709e-05
357.58	4.7977e-05
357.6	4.93996e-05
357.62	5.07416e-05
357.64	5.2006e-05
357.66	5.31959e-05
357.68	5.43146e-05
357.7	5.5365e-05
357.72	5.63504e-05
357.74	5.72738e-05
357.76	5.81381e-05
357.78	5.89461e-05
357.8	5.97008e-05
357.82	6.04046e-05
357.84	6.10601e-05
357.86	6.16699e-05
357.88	6.22361e-05
357.9	6.27609e-05
357.92	6.32466e-05
357.94	6.3695e-05
357.96	6.41081e-05
357.98	6.44876e-05
358	6.48354e-05
358.02	6.51529e-05
358.04	6.54417e-05
358.06	6.57033e-05
358.08	6.59391e-05
358.1	6.61502e-05
358.12	6.6338e-05
358.14	6.65036e-05
358.16	6.66481e-05
358.18	6.67725e-05
358.2	6.68778e-05
358.22	6.69649e-05
358.24	6.70346e-05
358.26	6.70877e-05
358.28	6.71251e-05
358.3	6.71474e-05
358.32	6.71552e-05
358.34	6.71493e-05
358.36	6.71301e-05
358.38	6.70984e-05
358.4	6.70544e-05
358.42	6.69989e-05
358.44	6.69321e-05
358.46	6.68546e-05
358.48	6.67667e-05
358.5	6.66689e-05
358.52	6.65614e-05
358.54	6.64447e-05
358.56	6.63189e-05
358.58	6.61845e-05
358.6	6.60417e-05
358.62	6.58907e-05
358.64	6.57318e-05
358.66	6.55653e-05
358.68	6.53914e-05
358.7	6.52102e-05
358.72	6.5022e-05
358.74	6.4827e-05
358.76	6.46253e-05
358.78	6.44172e-05
358.8	6.42028e-05
358.82	6.39823e-05
358.84	6.37559e-05
358.86	6.35236e-05
358.88	6.32857e-05
358.9	6.30422e-05
358.92	6.27935e-05
358.94	6.25395e-05
358.96	6.22804e-05
358.98	6.20164e-05
359	6.17476e-05
359.02	6.14741e-05
359.04	6.11962e-05
359.06	6.09138e-05
359.08	6.06271e-05
359.1	6.03363e-05
359.12	6.00415e-05
359.14	5.97429e-05
359.16	5.94405e-05
359.18	5.91345e-05
359.2	5.8825e-05
359.22	5.85121e-05
359.24	5.8196e-05
359.26	5.78768e-05
359.28	5.75546e-05
359.3	5.72296e-05
359.32	5.69018e-05
359.34	5.65715e-05
359.36	5.62386e-05
359.38	5.59034e-05
359.4	5.5566e-05
359.42	5.52265e-05
359.44	5.48849e-05
359.46	5.45415e-05
359.48	5.41964e-05
359.5	5.38496e-05
359.52	5.35013e-05
359.54	5.31516e-05
359.56	5.28006e-05
359.58	5.24484e-05
359.6	5.20951e-05
359.62	5.17409e-05
359.64	5.13859e-05
359.66	5.10301e-05
359.68	5.06736e-05
359.7	5.03167e-05
359.72	4.99592e-05
359.74	4.96015e-05
359.76	4.92435e-05
359.78	4.88853e-05
359.8	4.85271e-05
359.82	4.8169e-05
359.84	4.78109e-05
359.86	4.74531e-05
359.88	4.70955e-05
359.9	4.67384e-05
359.92	4.63817e-05
359.94	4.60255e-05
359.96	4.56699e-05
359.98	4.5315e-05
360	4.49609e-05
360.02	4.46076e-05
360.04	4.42552e-05
360.06	4.39037e-05
360.08	4.35533e-05
360.1	4.32039e-05
360.12	4.28557e-05
360.14	4.25086e-05
360.16	4.21628e-05
360.18	4.18184e-05
360.2	4.14752e-05
360.22	4.11335e-05
360.24	4.07932e-05
360.26	4.04544e-05
360.28	4.01172e-05
360.3	3.97815e-05
360.32	3.94475e-05
360.34	3.9115e-05
360.36	3.87843e-05
360.38	3.84553e-05
360.4	3.81281e-05
360.42	3.78027e-05
360.44	3.7479e-05
360.46	3.71572e-05
360.48	3.68373e-05
360.5	3.65193e-05
360.52	3.62032e-05
360.54	3.5889e-05
360.56	3.55768e-05
360.58	3.52666e-05
360.6	3.49584e-05
360.62	3.46522e-05
360.64	3.4348e-05
360.66	3.40458e-05
360.68	3.37457e-05
360.7	3.34477e-05
360.72	3.31517e-05
360.74	3.28579e-05
360.76	3.25661e-05
360.78	3.22764e-05
360.8	3.19889e-05
360.82	3.17034e-05
360.84	3.14201e-05
360.86	3.11389e-05
360.88	3.08598e-05
360.9	3.05828e-05
360.92	3.0308e-05
360.94	3.00353e-05
360.96	2.97647e-05
360.98	2.94962e-05
361	2.92299e-05
361.02	2.89657e-05
361.04	2.87036e-05
361.06	2.84437e-05
361.08	2.81858e-05
361.1	2.79301e-05
361.12	2.76764e-05
361.14	2.74249e-05
361.16	2.71754e-05
361.18	2.69281e-05
361.2	2.66828e-05
361.22	2.64395e-05
361.24	2.61984e-05
361.26	2.59593e-05
361.28	2.57222e-05
361.3	2.54872e-05
361.32	2.52542e-05
361.34	2.50232e-05
361.36	2.47942e-05
361.38	2.45673e-05
361.4	2.43423e-05
361.42	2.41193e-05
361.44	2.38982e-05
361.46	2.36791e-05
361.48	2.3462e-05
361.5	2.32468e-05
361.52	2.30335e-05
361.54	2.28221e-05
361.56	2.26126e-05
361.58	2.2405e-05
361.6	2.21993e-05
361.62	2.19954e-05
361.64	2.17934e-05
361.66	2.15932e-05
361.68	2.13948e-05
361.7	2.11982e-05
361.72	2.10035e-05
361.74	2.08105e-05
361.76	2.06193e-05
361.78	2.04298e-05
361.8	2.02421e-05
361.82	2.00561e-05
361.84	1.98718e-05
361.86	1.96893e-05
361.88	1.95084e-05
361.9	1.93292e-05
361.92	1.91517e-05
361.94	1.89758e-05
361.96	1.88015e-05
361.98	1.86289e-05
362	1.84579e-05
362.02	1.82885e-05
362.04	1.81206e-05
362.06	1.79544e-05
362.08	1.77896e-05
362.1	1.76265e-05
362.12	1.74648e-05
362.14	1.73047e-05
362.16	1.71461e-05
362.18	1.6989e-05
362.2	1.68333e-05
362.22	1.66792e-05
362.24	1.65264e-05
362.26	1.63752e-05
362.28	1.62253e-05
362.3	1.60768e-05
362.32	1.59298e-05
362.34	1.57841e-05
362.36	1.56399e-05
362.38	1.54969e-05
362.4	1.53554e-05
362.42	1.52152e-05
362.44	1.50763e-05
362.46	1.49387e-05
362.48	1.48024e-05
362.5	1.46674e-05
362.52	1.45337e-05
362.54	1.44012e-05
362.56	1.427e-05
362.58	1.41401e-05
362.6	1.40114e-05
362.62	1.38839e-05
362.64	1.37576e-05
362.66	1.36325e-05
362.68	1.35086e-05
362.7	1.33859e-05
362.72	1.32643e-05
362.74	1.31439e-05
362.76	1.30246e-05
362.78	1.29065e-05
362.8	1.27894e-05
362.82	1.26735e-05
362.84	1.25587e-05
362.86	1.2445e-05
362.88	1.23323e-05
362.9	1.22207e-05
362.92	1.21102e-05
362.94	1.20007e-05
362.96	1.18923e-05
362.98	1.17849e-05
363	1.16785e-05
363.02	1.15731e-05
363.04	1.14687e-05
363.06	1.13653e-05
363.08	1.12629e-05
363.1	1.11614e-05
363.12	1.10609e-05
363.14	1.09614e-05
363.16	1.08628e-05
363.18	1.07651e-05
363.2	1.06683e-05
363.22	1.05725e-05
363.24	1.04776e-05
363.26	1.03835e-05
363.28	1.02904e-05
363.3	1.01981e-05
363.32	1.01067e-05
363.34	1.00162e-05
363.36	9.9265e-06
363.38	9.83766e-06
363.4	9.74966e-06
363.42	9.66248e-06
363.44	9.57613e-06
363.46	9.49059e-06
363.48	9.40585e-06
363.5	9.32191e-06
363.52	9.23876e-06
363.54	9.1564e-06
363.56	9.0748e-06
363.58	8.99397e-06
363.6	8.9139e-06
363.62	8.83458e-06
363.64	8.75601e-06
363.66	8.67817e-06
363.68	8.60107e-06
363.7	8.52468e-06
363.72	8.44901e-06
363.74	8.37405e-06
363.76	8.29979e-06
363.78	8.22622e-06
363.8	8.15335e-06
363.82	8.08115e-06
363.84	8.00963e-06
363.86	7.93878e-06
363.88	7.86859e-06
363.9	7.79905e-06
363.92	7.73017e-06
363.94	7.66192e-06
363.96	7.59431e-06
363.98	7.52733e-06
364	7.46098e-06
364.02	7.39524e-06
364.04	7.33012e-06
364.06	7.2656e-06
364.08	7.20168e-06
364.1	7.13835e-06
364.12	7.07562e-06
364.14	7.01346e-06
364.16	6.95189e-06
364.18	6.89088e-06
364.2	6.83044e-06
364.22	6.77056e-06
364.24	6.71124e-06
364.26	6.65247e-06
364.28	6.59424e-06
364.3	6.53654e-06
364.32	6.47939e-06
364.34	6.42276e-06
364.36	6.36665e-06
364.38	6.31107e-06
364.4	6.25599e-06
364.42	6.20143e-06
364.44	6.14737e-06
364.46	6.09381e-06
364.48	6.04074e-06
364.5	5.98816e-06
364.52	5.93607e-06
364.54	5.88445e-06
364.56	5.83331e-06
364.58	5.78264e-06
364.6	5.73244e-06
364.62	5.6827e-06
364.64	5.63342e-06
364.66	5.58459e-06
364.68	5.5362e-06
364.7	5.48826e-06
364.72	5.44077e-06
364.74	5.3937e-06
364.76	5.34707e-06
364.78	5.30087e-06
364.8	5.25509e-06
364.82	5.20972e-06
364.84	5.16478e-06
364.86	5.12024e-06
364.88	5.07611e-06
364.9	5.03239e-06
364.92	4.98906e-06
364.94	4.94613e-06
364.96	4.9036e-06
364.98	4.86145e-06
365	4.81968e-06
365.02	4.7783e-06
365.04	4.73729e-06
365.06	4.69666e-06
365.08	4.6564e-06
365.1	4.6165e-06
365.12	4.57696e-06
365.14	4.53779e-06
365.16	4.49897e-06
365.18	4.46051e-06
365.2	4.42239e-06
365.22	4.38462e-06
365.24	4.34719e-06
365.26	4.31011e-06
365.28	4.27336e-06
365.3	4.23694e-06
365.32	4.20085e-06
365.34	4.16509e-06
365.36	4.12965e-06
365.38	4.09453e-06
365.4	4.05974e-06
365.42	4.02525e-06
365.44	3.99108e-06
365.46	3.95721e-06
365.48	3.92366e-06
365.5	3.8904e-06
365.52	3.85745e-06
365.54	3.82479e-06
365.56	3.79243e-06
365.58	3.76035e-06
365.6	3.72857e-06
365.62	3.69708e-06
365.64	3.66586e-06
365.66	3.63493e-06
365.68	3.60428e-06
365.7	3.5739e-06
365.72	3.54379e-06
365.74	3.51396e-06
365.76	3.48439e-06
365.78	3.45509e-06
365.8	3.42605e-06
365.82	3.39727e-06
365.84	3.36875e-06
365.86	3.34049e-06
365.88	3.31248e-06
365.9	3.28472e-06
365.92	3.25721e-06
365.94	3.22994e-06
365.96	3.20292e-06
365.98	3.17614e-06
366	3.1496e-06
366.02	3.12329e-06
366.04	3.09722e-06
366.06	3.07139e-06
366.08	3.04578e-06
366.1	3.0204e-06
366.12	2.99525e-06
366.14	2.97033e-06
366.16	2.94562e-06
366.18	2.92114e-06
366.2	2.89687e-06
366.22	2.87282e-06
366.24	2.84898e-06
366.26	2.82535e-06
366.28	2.80194e-06
366.3	2.77873e-06
366.32	2.75573e-06
366.34	2.73293e-06
366.36	2.71034e-06
366.38	2.68794e-06
366.4	2.66574e-06
366.42	2.64374e-06
366.44	2.62194e-06
366.46	2.60033e-06
366.48	2.57891e-06
366.5	2.55768e-06
366.52	2.53663e-06
366.54	2.51577e-06
366.56	2.4951e-06
366.58	2.47461e-06
366.6	2.4543e-06
366.62	2.43417e-06
366.64	2.41422e-06
366.66	2.39444e-06
366.68	2.37484e-06
366.7	2.35541e-06
366.72	2.33615e-06
366.74	2.31706e-06
366.76	2.29814e-06
366.78	2.27939e-06
366.8	2.2608e-06
366.82	2.24237e-06
366.84	2.2241e-06
366.86	2.206e-06
366.88	2.18806e-06
366.9	2.17027e-06
366.92	2.15264e-06
366.94	2.13516e-06
366.96	2.11784e-06
366.98	2.10067e-06
367	2.08364e-06
367.02	2.06677e-06
367.04	2.05005e-06
367.06	2.03347e-06
367.08	2.01704e-06
367.1	2.00075e-06
367.12	1.9846e-06
367.14	1.96859e-06
367.16	1.95273e-06
367.18	1.937e-06
367.2	1.92141e-06
367.22	1.90595e-06
367.24	1.89063e-06
367.26	1.87544e-06
367.28	1.86039e-06
367.3	1.84547e-06
367.32	1.83067e-06
367.34	1.81601e-06
367.36	1.80147e-06
367.38	1.78706e-06
367.4	1.77277e-06
367.42	1.75861e-06
367.44	1.74457e-06
367.46	1.73066e-06
367.48	1.71686e-06
367.5	1.70319e-06
367.52	1.68963e-06
367.54	1.67619e-06
367.56	1.66286e-06
367.58	1.64965e-06
367.6	1.63656e-06
367.62	1.62358e-06
367.64	1.61071e-06
367.66	1.59795e-06
367.68	1.58531e-06
367.7	1.57277e-06
367.72	1.56034e-06
367.74	1.54801e-06
367.76	1.5358e-06
367.78	1.52369e-06
367.8	1.51168e-06
367.82	1.49978e-06
367.84	1.48798e-06
367.86	1.47628e-06
367.88	1.46468e-06
367.9	1.45318e-06
367.92	1.44178e-06
367.94	1.43048e-06
367.96	1.41927e-06
367.98	1.40816e-06
368	1.39715e-06
368.02	1.38623e-06
368.04	1.3754e-06
368.06	1.36467e-06
368.08	1.35403e-06
368.1	1.34348e-06
368.12	1.33302e-06
368.14	1.32265e-06
368.16	1.31237e-06
368.18	1.30218e-06
368.2	1.29207e-06
368.22	1.28205e-06
368.24	1.27212e-06
368.26	1.26227e-06
368.28	1.2525e-06
368.3	1.24282e-06
368.32	1.23322e-06
368.34	1.2237e-06
368.36	1.21427e-06
368.38	1.20491e-06
368.4	1.19563e-06
368.42	1.18644e-06
368.44	1.17732e-06
368.46	1.16828e-06
368.48	1.15931e-06
368.5	1.15042e-06
368.52	1.14161e-06
368.54	1.13287e-06
368.56	1.1242e-06
368.58	1.11561e-06
368.6	1.1071e-06
368.62	1.09865e-06
368.64	1.09028e-06
368.66	1.08197e-06
368.68	1.07374e-06
368.7	1.06557e-06
368.72	1.05748e-06
368.74	1.04945e-06
368.76	1.04149e-06
368.78	1.0336e-06
368.8	1.02578e-06
368.82	1.01802e-06
368.84	1.01033e-06
368.86	1.0027e-06
368.88	9.95135e-07
368.9	9.87635e-07
368.92	9.80198e-07
368.94	9.72823e-07
368.96	9.65511e-07
368.98	9.5826e-07
369	9.5107e-07
369.02	9.4394e-07
369.04	9.36871e-07
369.06	9.2986e-07
369.08	9.22909e-07
369.1	9.16016e-07
369.12	9.0918e-07
369.14	9.02402e-07
369.16	8.95681e-07
369.18	8.89016e-07
369.2	8.82407e-07
369.22	8.75854e-07
369.24	8.69355e-07
369.26	8.6291e-07
369.28	8.56519e-07
369.3	8.50182e-07
369.32	8.43897e-07
369.34	8.37665e-07
369.36	8.31486e-07
369.38	8.25357e-07
369.4	8.1928e-07
369.42	8.13253e-07
369.44	8.07277e-07
369.46	8.0135e-07
369.48	7.95473e-07
369.5	7.89644e-07
369.52	7.83864e-07
369.54	7.78132e-07
369.56	7.72448e-07
369.58	7.66811e-07
369.6	7.61221e-07
369.62	7.55677e-07
369.64	7.50179e-07
369.66	7.44727e-07
369.68	7.3932e-07
369.7	7.33957e-07
369.72	7.28639e-07
369.74	7.23366e-07
369.76	7.18135e-07
369.78	7.12949e-07
369.8	7.07805e-07
369.82	7.02703e-07
369.84	6.97644e-07
369.86	6.92626e-07
369.88	6.8765e-07
369.9	6.82715e-07
369.92	6.77821e-07
369.94	6.72967e-07
369.96	6.68153e-07
369.98	6.63378e-07
370	6.58643e-07
370.02	6.53947e-07
370.04	6.4929e-07
370.06	6.44671e-07
370.08	6.4009e-07
370.1	6.35546e-07
370.12	6.3104e-07
370.14	6.26571e-07
370.16	6.22139e-07
370.18	6.17743e-07
370.2	6.13383e-07
370.22	6.09059e-07
370.24	6.0477e-07
370.26	6.00517e-07
370.28	5.96298e-07
370.3	5.92114e-07
370.32	5.87964e-07
370.34	5.83848e-07
370.36	5.79766e-07
370.38	5.75717e-07
370.4	5.71701e-07
370.42	5.67718e-07
370.44	5.63768e-07
370.46	5.5985e-07
370.48	5.55964e-07
370.5	5.52109e-07
370.52	5.48286e-07
370.54	5.44494e-07
370.56	5.40733e-07
370.58	5.37003e-07
370.6	5.33303e-07
370.62	5.29633e-07
370.64	5.25994e-07
370.66	5.22383e-07
370.68	5.18802e-07
370.7	5.15251e-07
370.72	5.11728e-07
370.74	5.08233e-07
370.76	5.04768e-07
370.78	5.0133e-07
370.8	4.9792e-07
370.82	4.94538e-07
370.84	4.91183e-07
370.86	4.87856e-07
370.88	4.84555e-07
370.9	4.81281e-07
370.92	4.78034e-07
370.94	4.74813e-07
370.96	4.71618e-07
370.98	4.6845e-07
371	4.65306e-07
371.02	4.62188e-07
371.04	4.59096e-07
371.06	4.56028e-07
371.08	4.52985e-07
371.1	4.49967e-07
371.12	4.46973e-07
371.14	4.44003e-07
371.16	4.41058e-07
371.18	4.38136e-07
371.2	4.35238e-07
371.22	4.32363e-07
371.24	4.29511e-07
371.26	4.26682e-07
371.28	4.23876e-07
371.3	4.21093e-07
371.32	4.18332e-07
371.34	4.15594e-07
371.36	4.12877e-07
371.38	4.10182e-07
371.4	4.07509e-07
371.42	4.04858e-07
371.44	4.02228e-07
371.46	3.99619e-07
371.48	3.97031e-07
371.5	3.94464e-07
371.52	3.91918e-07
371.54	3.89392e-07
371.56	3.86886e-07
371.58	3.844e-07
371.6	3.81935e-07
371.62	3.79489e-07
371.64	3.77063e-07
371.66	3.74657e-07
371.68	3.72269e-07
371.7	3.69901e-07
371.72	3.67552e-07
371.74	3.65222e-07
371.76	3.62911e-07
371.78	3.60618e-07
371.8	3.58343e-07
371.82	3.56087e-07
371.84	3.53849e-07
371.86	3.51629e-07
371.88	3.49426e-07
371.9	3.47242e-07
371.92	3.45075e-07
371.94	3.42925e-07
371.96	3.40793e-07
371.98	3.38677e-07
372	3.36579e-07
372.02	3.34497e-07
372.04	3.32432e-07
372.06	3.30384e-07
372.08	3.28352e-07
372.1	3.26337e-07
372.12	3.24337e-07
372.14	3.22354e-07
372.16	3.20387e-07
372.18	3.18435e-07
372.2	3.16499e-07
372.22	3.14579e-07
372.24	3.12674e-07
372.26	3.10784e-07
372.28	3.0891e-07
372.3	3.0705e-07
372.32	3.05206e-07
372.34	3.03376e-07
372.36	3.01561e-07
372.38	2.99761e-07
372.4	2.97975e-07
372.42	2.96204e-07
372.44	2.94446e-07
372.46	2.92703e-07
372.48	2.90974e-07
372.5	2.89259e-07
372.52	2.87558e-07
372.54	2.8587e-07
372.56	2.84196e-07
372.58	2.82535e-07
372.6	2.80888e-07
372.62	2.79254e-07
372.64	2.77634e-07
372.66	2.76026e-07
372.68	2.74432e-07
372.7	2.7285e-07
372.72	2.71281e-07
372.74	2.69725e-07
372.76	2.68181e-07
372.78	2.6665e-07
372.8	2.65131e-07
372.82	2.63625e-07
372.84	2.62131e-07
372.86	2.60649e-07
372.88	2.59179e-07
372.9	2.57721e-07
372.92	2.56274e-07
372.94	2.5484e-07
372.96	2.53417e-07
372.98	2.52006e-07
373	2.50606e-07
373.02	2.49218e-07
373.04	2.47841e-07
373.06	2.46476e-07
373.08	2.45121e-07
373.1	2.43778e-07
373.12	2.42446e-07
373.14	2.41125e-07
373.16	2.39814e-07
373.18	2.38514e-07
373.2	2.37225e-07
373.22	2.35947e-07
373.24	2.34679e-07
373.26	2.33422e-07
373.28	2.32175e-07
373.3	2.30939e-07
373.32	2.29712e-07
373.34	2.28496e-07
373.36	2.2729e-07
373.38	2.26094e-07
373.4	2.24909e-07
373.42	2.23733e-07
373.44	2.22566e-07
373.46	2.2141e-07
373.48	2.20263e-07
373.5	2.19127e-07
373.52	2.17999e-07
373.54	2.16881e-07
373.56	2.15773e-07
373.58	2.14674e-07
373.6	2.13584e-07
373.62	2.12504e-07
373.64	2.11433e-07
373.66	2.10371e-07
373.68	2.09318e-07
373.7	2.08274e-07
373.72	2.07239e-07
373.74	2.06213e-07
373.76	2.05196e-07
373.78	2.04188e-07
373.8	2.03189e-07
373.82	2.02198e-07
373.84	2.01216e-07
373.86	2.00243e-07
373.88	1.99278e-07
373.9	1.98322e-07
373.92	1.97374e-07
373.94	1.96435e-07
373.96	1.95504e-07
373.98	1.94581e-07
374	1.93667e-07
374.02	1.92761e-07
374.04	1.91863e-07
374.06	1.90973e-07
374.08	1.90091e-07
374.1	1.89218e-07
374.12	1.88352e-07
374.14	1.87495e-07
374.16	1.86645e-07
374.18	1.85804e-07
374.2	1.8497e-07
374.22	1.84144e-07
374.24	1.83326e-07
374.26	1.82516e-07
374.28	1.81713e-07
374.3	1.80919e-07
374.32	1.80131e-07
374.34	1.79352e-07
374.36	1.7858e-07
374.38	1.77816e-07
374.4	1.77059e-07
374.42	1.7631e-07
374.44	1.75569e-07
374.46	1.74835e-07
374.48	1.74108e-07
374.5	1.73389e-07
374.52	1.72677e-07
374.54	1.71973e-07
374.56	1.71276e-07
374.58	1.70587e-07
374.6	1.69904e-07
374.62	1.6923e-07
374.64	1.68562e-07
374.66	1.67902e-07
374.68	1.6725e-07
374.7	1.66604e-07
374.72	1.65966e-07
374.74	1.65335e-07
374.76	1.64712e-07
374.78	1.64096e-07
374.8	1.63487e-07
374.82	1.62885e-07
374.84	1.62291e-07
374.86	1.61704e-07
374.88	1.61124e-07
374.9	1.60552e-07
374.92	1.59987e-07
374.94	1.5943e-07
374.96	1.5888e-07
374.98	1.58337e-07
375	1.57802e-07
375.02	1.57274e-07
375.04	1.56754e-07
375.06	1.56241e-07
375.08	1.55736e-07
375.1	1.55238e-07
375.12	1.54748e-07
375.14	1.54266e-07
375.16	1.53792e-07
375.18	1.53325e-07
375.2	1.52866e-07
375.22	1.52416e-07
375.24	1.51973e-07
375.26	1.51538e-07
375.28	1.51112e-07
375.3	1.50694e-07
375.32	1.50284e-07
375.34	1.49883e-07
375.36	1.49491e-07
375.38	1.49107e-07
375.4	1.48733e-07
375.42	1.48367e-07
375.44	1.48011e-07
375.46	1.47664e-07
375.48	1.47327e-07
375.5	1.46999e-07
375.52	1.46682e-07
375.54	1.46375e-07
375.56	1.46079e-07
375.58	1.45794e-07
375.6	1.4552e-07
375.62	1.45258e-07
375.64	1.45008e-07
375.66	1.44771e-07
375.68	1.44547e-07
375.7	1.44337e-07
375.72	1.44141e-07
375.74	1.4396e-07
375.76	1.43796e-07
375.78	1.43648e-07
375.8	1.43519e-07
375.82	1.4341e-07
375.84	1.43322e-07
375.86	1.43257e-07
375.88	1.43218e-07
375.9	1.43207e-07
375.92	1.43229e-07
375.94	1.43287e-07
375.96	1.4339e-07
375.98	1.43545e-07
376	1.43766e-07
376.02	1.44074e-07
376.04	1.44507e-07
376.06	1.45139e-07
376.08	1.4615e-07
376.1	1.48025e-07
376.12	1.52401e-07
376.14	1.62012e-07
376.16	1.79777e-07
376.18	2.10595e-07
376.2	2.63222e-07
376.22	3.5064e-07
376.24	4.93325e-07
376.26	7.26244e-07
376.28	1.10356e-06
376.3	1.69508e-06
376.32	2.57302e-06
376.34	3.78652e-06
376.36	5.33646e-06
376.38	7.18029e-06
376.4	9.25879e-06
376.42	1.15136e-05
376.44	1.38921e-05
376.46	1.6348e-05
376.48	1.88417e-05
376.5	2.13404e-05
376.52	2.3818e-05
376.54	2.62538e-05
376.56	2.86319e-05
376.58	3.09403e-05
376.6	3.31703e-05
376.62	3.53156e-05
376.64	3.73724e-05
376.66	3.93383e-05
376.68	4.12123e-05
376.7	4.29948e-05
376.72	4.46868e-05
376.74	4.629e-05
376.76	4.78067e-05
376.78	4.92396e-05
376.8	5.05914e-05
376.82	5.18652e-05
376.84	5.30642e-05
376.86	5.41914e-05
376.88	5.525e-05
376.9	5.62432e-05
376.92	5.7174e-05
376.94	5.80453e-05
376.96	5.88601e-05
376.98	5.96211e-05
377	6.03309e-05
377.02	6.09922e-05
377.04	6.16073e-05
377.06	6.21786e-05
377.08	6.27084e-05
377.1	6.31986e-05
377.12	6.36514e-05
377.14	6.40686e-05
377.16	6.44521e-05
377.18	6.48035e-05
377.2	6.51246e-05
377.22	6.54167e-05
377.24	6.56815e-05
377.26	6.59202e-05
377.28	6.61342e-05
377.3	6.63248e-05
377.32	6.64929e-05
377.34	6.66399e-05
377.36	6.67666e-05
377.38	6.68741e-05
377.4	6.69632e-05
377.42	6.7035e-05
377.44	6.709e-05
377.46	6.71292e-05
377.48	6.71532e-05
377.5	6.71627e-05
377.52	6.71584e-05
377.54	6.71408e-05
377.56	6.71104e-05
377.58	6.70679e-05
377.6	6.70137e-05
377.62	6.69483e-05
377.64	6.6872e-05
377.66	6.67853e-05
377.68	6.66886e-05
377.7	6.65823e-05
377.72	6.64666e-05
377.74	6.63419e-05
377.76	6.62085e-05
377.78	6.60667e-05
377.8	6.59166e-05
377.82	6.57587e-05
377.84	6.55931e-05
377.86	6.542e-05
377.88	6.52397e-05
377.9	6.50523e-05
377.92	6.48581e-05
377.94	6.46573e-05
377.96	6.44499e-05
377.98	6.42363e-05
378	6.40165e-05
378.02	6.37908e-05
378.04	6.35592e-05
378.06	6.33219e-05
378.08	6.30792e-05
378.1	6.2831e-05
378.12	6.25777e-05
378.14	6.23192e-05
378.16	6.20558e-05
378.18	6.17876e-05
378.2	6.15147e-05
378.22	6.12373e-05
378.24	6.09554e-05
378.26	6.06693e-05
378.28	6.0379e-05
378.3	6.00847e-05
378.32	5.97865e-05
378.34	5.94846e-05
378.36	5.9179e-05
378.38	5.88699e-05
378.4	5.85575e-05
378.42	5.82418e-05
378.44	5.79229e-05
378.46	5.76011e-05
378.48	5.72764e-05
378.5	5.6949e-05
378.52	5.6619e-05
378.54	5.62864e-05
378.56	5.59515e-05
378.58	5.56144e-05
378.6	5.52751e-05
378.62	5.49338e-05
378.64	5.45906e-05
378.66	5.42457e-05
378.68	5.38991e-05
378.7	5.3551e-05
378.72	5.32015e-05
378.74	5.28506e-05
378.76	5.24986e-05
378.78	5.21455e-05
378.8	5.17914e-05
378.82	5.14364e-05
378.84	5.10807e-05
378.86	5.07244e-05
378.88	5.03675e-05
378.9	5.00101e-05
378.92	4.96524e-05
378.94	4.92944e-05
378.96	4.89363e-05
378.98	4.85781e-05
379	4.82199e-05
379.02	4.78619e-05
379.04	4.7504e-05
379.06	4.71464e-05
379.08	4.67892e-05
379.1	4.64324e-05
379.12	4.60762e-05
379.14	4.57205e-05
379.16	4.53656e-05
379.18	4.50113e-05
379.2	4.46579e-05
379.22	4.43054e-05
379.24	4.39538e-05
379.26	4.36032e-05
379.28	4.32537e-05
379.3	4.29054e-05
379.32	4.25582e-05
379.34	4.22122e-05
379.36	4.18676e-05
379.38	4.15243e-05
379.4	4.11824e-05
379.42	4.08419e-05
379.44	4.05029e-05
379.46	4.01655e-05
379.48	3.98296e-05
379.5	3.94954e-05
379.52	3.91627e-05
379.54	3.88318e-05
379.56	3.85026e-05
379.58	3.81751e-05
379.6	3.78495e-05
379.62	3.75256e-05
379.64	3.72036e-05
379.66	3.68834e-05
379.68	3.65652e-05
379.7	3.62488e-05
379.72	3.59344e-05
379.74	3.5622e-05
379.76	3.53115e-05
379.78	3.5003e-05
379.8	3.46965e-05
379.82	3.43921e-05
379.84	3.40897e-05
379.86	3.37893e-05
379.88	3.3491e-05
379.9	3.31948e-05
379.92	3.29006e-05
379.94	3.26086e-05
379.96	3.23187e-05
379.98	3.20308e-05
380	3.17451e-05
380.02	3.14615e-05
380.04	3.118e-05
380.06	3.09006e-05
380.08	3.06234e-05
380.1	3.03483e-05
380.12	3.00753e-05
380.14	2.98045e-05
380.16	2.95357e-05
380.18	2.92691e-05
380.2	2.90047e-05
380.22	2.87423e-05
380.24	2.84821e-05
380.26	2.8224e-05
380.28	2.79679e-05
380.3	2.7714e-05
380.32	2.74622e-05
380.34	2.72125e-05
380.36	2.69648e-05
380.38	2.67193e-05
380.4	2.64758e-05
380.42	2.62343e-05
380.44	2.5995e-05
380.46	2.57576e-05
380.48	2.55224e-05
380.5	2.52891e-05
380.52	2.50578e-05
380.54	2.48286e-05
380.56	2.46014e-05
380.58	2.43761e-05
380.6	2.41529e-05
380.62	2.39316e-05
380.64	2.37122e-05
380.66	2.34948e-05
380.68	2.32793e-05
380.7	2.30658e-05
380.72	2.28542e-05
380.74	2.26444e-05
380.76	2.24366e-05
380.78	2.22306e-05
380.8	2.20265e-05
380.82	2.18242e-05
380.84	2.16237e-05
380.86	2.14251e-05
380.88	2.12283e-05
380.9	2.10333e-05
380.92	2.08401e-05
380.94	2.06486e-05
380.96	2.04589e-05
380.98	2.0271e-05
381	2.00848e-05
381.02	1.99003e-05
381.04	1.97175e-05
381.06	1.95364e-05
381.08	1.9357e-05
381.1	1.91792e-05
381.12	1.90031e-05
381.14	1.88286e-05
381.16	1.86558e-05
381.18	1.84845e-05
381.2	1.83149e-05
381.22	1.81469e-05
381.24	1.79804e-05
381.26	1.78155e-05
381.28	1.76521e-05
381.3	1.74902e-05
381.32	1.73299e-05
381.34	1.71711e-05
381.36	1.70138e-05
381.38	1.68579e-05
381.4	1.67035e-05
381.42	1.65506e-05
381.44	1.63991e-05
381.46	1.62491e-05
381.48	1.61004e-05
381.5	1.59532e-05
381.52	1.58074e-05
381.54	1.56629e-05
381.56	1.55198e-05
381.58	1.5378e-05
381.6	1.52376e-05
381.62	1.50985e-05
381.64	1.49608e-05
381.66	1.48243e-05
381.68	1.46891e-05
381.7	1.45552e-05
381.72	1.44226e-05
381.74	1.42913e-05
381.76	1.41611e-05
381.78	1.40322e-05
381.8	1.39046e-05
381.82	1.37781e-05
381.84	1.36529e-05
381.86	1.35288e-05
381.88	1.34059e-05
381.9	1.32842e-05
381.92	1.31636e-05
381.94	1.30441e-05
381.96	1.29258e-05
381.98	1.28087e-05
382	1.26926e-05
382.02	1.25776e-05
382.04	1.24637e-05
382.06	1.23509e-05
382.08	1.22392e-05
382.1	1.21285e-05
382.12	1.20189e-05
382.14	1.19103e-05
382.16	1.18028e-05
382.18	1.16962e-05
382.2	1.15907e-05
382.22	1.14861e-05
382.24	1.13826e-05
382.26	1.128e-05
382.28	1.11784e-05
382.3	1.10778e-05
382.32	1.09781e-05
382.34	1.08794e-05
382.36	1.07816e-05
382.38	1.06847e-05
382.4	1.05887e-05
382.42	1.04937e-05
382.44	1.03995e-05
382.46	1.03062e-05
382.48	1.02138e-05
382.5	1.01223e-05
382.52	1.00316e-05
382.54	9.94181e-06
382.56	9.85285e-06
382.58	9.76473e-06
382.6	9.67743e-06
382.62	9.59096e-06
382.64	9.5053e-06
382.66	9.42044e-06
382.68	9.33639e-06
382.7	9.25312e-06
382.72	9.17064e-06
382.74	9.08893e-06
382.76	9.00799e-06
382.78	8.92781e-06
382.8	8.84838e-06
382.82	8.76969e-06
382.84	8.69175e-06
382.86	8.61453e-06
382.88	8.53804e-06
382.9	8.46226e-06
382.92	8.3872e-06
382.94	8.31283e-06
382.96	8.23917e-06
382.98	8.16619e-06
383	8.09389e-06
383.02	8.02227e-06
383.04	7.95131e-06
383.06	7.88102e-06
383.08	7.81139e-06
383.1	7.7424e-06
383.12	7.67406e-06
383.14	7.60636e-06
383.16	7.53928e-06
383.18	7.47284e-06
383.2	7.40701e-06
383.22	7.34179e-06
383.24	7.27718e-06
383.26	7.21317e-06
383.28	7.14975e-06
383.3	7.08693e-06
383.32	7.02468e-06
383.34	6.96302e-06
383.36	6.90193e-06
383.38	6.8414e-06
383.4	6.78143e-06
383.42	6.72203e-06
383.44	6.66317e-06
383.46	6.60485e-06
383.48	6.54708e-06
383.5	6.48984e-06
383.52	6.43313e-06
383.54	6.37694e-06
383.56	6.32128e-06
383.58	6.26613e-06
383.6	6.21148e-06
383.62	6.15734e-06
383.64	6.1037e-06
383.66	6.05056e-06
383.68	5.9979e-06
383.7	5.94573e-06
383.72	5.89404e-06
383.74	5.84283e-06
383.76	5.79209e-06
383.78	5.74181e-06
383.8	5.692e-06
383.82	5.64264e-06
383.84	5.59374e-06
383.86	5.54529e-06
383.88	5.49728e-06
383.9	5.44971e-06
383.92	5.40258e-06
383.94	5.35588e-06
383.96	5.30961e-06
383.98	5.26376e-06
384	5.21833e-06
384.02	5.17332e-06
384.04	5.12872e-06
384.06	5.08452e-06
384.08	5.04074e-06
384.1	4.99735e-06
384.12	4.95435e-06
384.14	4.91175e-06
384.16	4.86954e-06
384.18	4.82771e-06
384.2	4.78627e-06
384.22	4.7452e-06
384.24	4.70451e-06
384.26	4.66418e-06
384.28	4.62423e-06
384.3	4.58464e-06
384.32	4.5454e-06
384.34	4.50653e-06
384.36	4.468e-06
384.38	4.42983e-06
384.4	4.39201e-06
384.42	4.35452e-06
384.44	4.31738e-06
384.46	4.28057e-06
384.48	4.2441e-06
384.5	4.20796e-06
384.52	4.17214e-06
384.54	4.13665e-06
384.56	4.10148e-06
384.58	4.06663e-06
384.6	4.0321e-06
384.62	3.99787e-06
384.64	3.96396e-06
384.66	3.93035e-06
384.68	3.89704e-06
384.7	3.86404e-06
384.72	3.83133e-06
384.74	3.79892e-06
384.76	3.7668e-06
384.78	3.73497e-06
384.8	3.70342e-06
384.82	3.67216e-06
384.84	3.64119e-06
384.86	3.61049e-06
384.88	3.58006e-06
384.9	3.54991e-06
384.92	3.52003e-06
384.94	3.49042e-06
384.96	3.46107e-06
384.98	3.43199e-06
385	3.40317e-06
385.02	3.3746e-06
385.04	3.3463e-06
385.06	3.31824e-06
385.08	3.29044e-06
385.1	3.26288e-06
385.12	3.23558e-06
385.14	3.20851e-06
385.16	3.18169e-06
385.18	3.15511e-06
385.2	3.12876e-06
385.22	3.10265e-06
385.24	3.07678e-06
385.26	3.05113e-06
385.28	3.02572e-06
385.3	3.00053e-06
385.32	2.97556e-06
385.34	2.95082e-06
385.36	2.92629e-06
385.38	2.90199e-06
385.4	2.8779e-06
385.42	2.85402e-06
385.44	2.83036e-06
385.46	2.80691e-06
385.48	2.78367e-06
385.5	2.76063e-06
385.52	2.73779e-06
385.54	2.71516e-06
385.56	2.69273e-06
385.58	2.6705e-06
385.6	2.64847e-06
385.62	2.62663e-06
385.64	2.60498e-06
385.66	2.58353e-06
385.68	2.56226e-06
385.7	2.54119e-06
385.72	2.5203e-06
385.74	2.49959e-06
385.76	2.47907e-06
385.78	2.45873e-06
385.8	2.43856e-06
385.82	2.41858e-06
385.84	2.39877e-06
385.86	2.37914e-06
385.88	2.35968e-06
385.9	2.34039e-06
385.92	2.32127e-06
385.94	2.30232e-06
385.96	2.28353e-06
385.98	2.26491e-06
386	2.24646e-06
386.02	2.22816e-06
386.04	2.21003e-06
386.06	2.19206e-06
386.08	2.17424e-06
386.1	2.15658e-06
386.12	2.13908e-06
386.14	2.12173e-06
386.16	2.10453e-06
386.18	2.08748e-06
386.2	2.07058e-06
386.22	2.05383e-06
386.24	2.03722e-06
386.26	2.02076e-06
386.28	2.00445e-06
386.3	1.98827e-06
386.32	1.97224e-06
386.34	1.95635e-06
386.36	1.9406e-06
386.38	1.92498e-06
386.4	1.9095e-06
386.42	1.89415e-06
386.44	1.87894e-06
386.46	1.86386e-06
386.48	1.84892e-06
386.5	1.8341e-06
386.52	1.81941e-06
386.54	1.80485e-06
386.56	1.79042e-06
386.58	1.77611e-06
386.6	1.76192e-06
386.62	1.74786e-06
386.64	1.73392e-06
386.66	1.7201e-06
386.68	1.7064e-06
386.7	1.69282e-06
386.72	1.67936e-06
386.74	1.66601e-06
386.76	1.65278e-06
386.78	1.63967e-06
386.8	1.62667e-06
386.82	1.61377e-06
386.84	1.601e-06
386.86	1.58833e-06
386.88	1.57577e-06
386.9	1.56332e-06
386.92	1.55098e-06
386.94	1.53874e-06
386.96	1.52661e-06
386.98	1.51458e-06
387	1.50266e-06
387.02	1.49084e-06
387.04	1.47912e-06
387.06	1.4675e-06
387.08	1.45598e-06
387.1	1.44456e-06
387.12	1.43324e-06
387.14	1.42202e-06
387.16	1.41089e-06
387.18	1.39986e-06
387.2	1.38892e-06
387.22	1.37808e-06
387.24	1.36733e-06
387.26	1.35667e-06
387.28	1.3461e-06
387.3	1.33562e-06
387.32	1.32524e-06
387.34	1.31494e-06
387.36	1.30473e-06
387.38	1.2946e-06
387.4	1.28457e-06
387.42	1.27462e-06
387.44	1.26475e-06
387.46	1.25497e-06
387.48	1.24527e-06
387.5	1.23566e-06
387.52	1.22612e-06
387.54	1.21667e-06
387.56	1.2073e-06
387.58	1.198e-06
387.6	1.18879e-06
387.62	1.17966e-06
387.64	1.1706e-06
387.66	1.16162e-06
387.68	1.15271e-06
387.7	1.14389e-06
387.72	1.13513e-06
387.74	1.12645e-06
387.76	1.11785e-06
387.78	1.10931e-06
387.8	1.10085e-06
387.82	1.09246e-06
387.84	1.08415e-06
387.86	1.0759e-06
387.88	1.06772e-06
387.9	1.05961e-06
387.92	1.05157e-06
387.94	1.0436e-06
387.96	1.0357e-06
387.98	1.02786e-06
388	1.02009e-06
388.02	1.01238e-06
388.04	1.00474e-06
388.06	9.9716e-07
388.08	9.89647e-07
388.1	9.82197e-07
388.12	9.7481e-07
388.14	9.67485e-07
388.16	9.60221e-07
388.18	9.53019e-07
388.2	9.45877e-07
388.22	9.38795e-07
388.24	9.31772e-07
388.26	9.24809e-07
388.28	9.17903e-07
388.3	9.11056e-07
388.32	9.04266e-07
388.34	8.97533e-07
388.36	8.90857e-07
388.38	8.84236e-07
388.4	8.77671e-07
388.42	8.7116e-07
388.44	8.64705e-07
388.46	8.58303e-07
388.48	8.51954e-07
388.5	8.45659e-07
388.52	8.39416e-07
388.54	8.33225e-07
388.56	8.27086e-07
388.58	8.20998e-07
388.6	8.1496e-07
388.62	8.08973e-07
388.64	8.03036e-07
388.66	7.97148e-07
388.68	7.91309e-07
388.7	7.85519e-07
388.72	7.79777e-07
388.74	7.74083e-07
388.76	7.68436e-07
388.78	7.62835e-07
388.8	7.57282e-07
388.82	7.51774e-07
388.84	7.46312e-07
388.86	7.40895e-07
388.88	7.35523e-07
388.9	7.30196e-07
388.92	7.24913e-07
388.94	7.19673e-07
388.96	7.14477e-07
388.98	7.09324e-07
389	7.04213e-07
389.02	6.99145e-07
389.04	6.94118e-07
389.06	6.89133e-07
389.08	6.84189e-07
389.1	6.79286e-07
389.12	6.74423e-07
389.14	6.696e-07
389.16	6.64818e-07
389.18	6.60074e-07
389.2	6.5537e-07
389.22	6.50704e-07
389.24	6.46076e-07
389.26	6.41487e-07
389.28	6.36935e-07
389.3	6.32421e-07
389.32	6.27944e-07
389.34	6.23504e-07
389.36	6.191e-07
389.38	6.14732e-07
389.4	6.104e-07
389.42	6.06103e-07
389.44	6.01842e-07
389.46	5.97616e-07
389.48	5.93424e-07
389.5	5.89267e-07
389.52	5.85143e-07
389.54	5.81053e-07
389.56	5.76997e-07
389.58	5.72974e-07
389.6	5.68984e-07
389.62	5.65026e-07
389.64	5.61101e-07
389.66	5.57208e-07
389.68	5.53346e-07
389.7	5.49516e-07
389.72	5.45717e-07
389.74	5.4195e-07
389.76	5.38212e-07
389.78	5.34506e-07
389.8	5.30829e-07
389.82	5.27183e-07
389.84	5.23566e-07
389.86	5.19978e-07
389.88	5.1642e-07
389.9	5.1289e-07
389.92	5.0939e-07
389.94	5.05917e-07
389.96	5.02473e-07
389.98	4.99057e-07
390	4.95669e-07
390.02	4.92308e-07
390.04	4.88974e-07
390.06	4.85668e-07
390.08	4.82388e-07
390.1	4.79135e-07
390.12	4.75908e-07
390.14	4.72707e-07
390.16	4.69532e-07
390.18	4.66383e-07
390.2	4.63259e-07
390.22	4.60161e-07
390.24	4.57088e-07
390.26	4.54039e-07
390.28	4.51015e-07
390.3	4.48016e-07
390.32	4.45041e-07
390.34	4.42089e-07
390.36	4.39162e-07
390.38	4.36258e-07
390.4	4.33378e-07
390.42	4.30521e-07
390.44	4.27687e-07
390.46	4.24876e-07
390.48	4.22087e-07
390.5	4.19321e-07
390.52	4.16578e-07
390.54	4.13856e-07
390.56	4.11156e-07
390.58	4.08478e-07
390.6	4.05822e-07
390.62	4.03187e-07
390.64	4.00573e-07
390.66	3.9798e-07
390.68	3.95408e-07
390.7	3.92857e-07
390.72	3.90327e-07
390.74	3.87816e-07
390.76	3.85326e-07
390.78	3.82856e-07
390.8	3.80406e-07
390.82	3.77975e-07
390.84	3.75564e-07
390.86	3.73172e-07
390.88	3.708e-07
390.9	3.68446e-07
390.92	3.66112e-07
390.94	3.63796e-07
390.96	3.61499e-07
390.98	3.5922e-07
391	3.56959e-07
391.02	3.54717e-07
391.04	3.52493e-07
391.06	3.50286e-07
391.08	3.48098e-07
391.1	3.45926e-07
391.12	3.43773e-07
391.14	3.41636e-07
391.16	3.39517e-07
391.18	3.37414e-07
391.2	3.35329e-07
391.22	3.3326e-07
391.24	3.31208e-07
391.26	3.29172e-07
391.28	3.27153e-07
391.3	3.2515e-07
391.32	3.23163e-07
391.34	3.21192e-07
391.36	3.19237e-07
391.38	3.17297e-07
391.4	3.15373e-07
391.42	3.13465e-07
391.44	3.11571e-07
391.46	3.09693e-07
391.48	3.07831e-07
391.5	3.05983e-07
391.52	3.0415e-07
391.54	3.02331e-07
391.56	3.00527e-07
391.58	2.98738e-07
391.6	2.96963e-07
391.62	2.95203e-07
391.64	2.93456e-07
391.66	2.91724e-07
391.68	2.90006e-07
391.7	2.88301e-07
391.72	2.8661e-07
391.74	2.84933e-07
391.76	2.8327e-07
391.78	2.81619e-07
391.8	2.79983e-07
391.82	2.78359e-07
391.84	2.76748e-07
391.86	2.75151e-07
391.88	2.73566e-07
391.9	2.71994e-07
391.92	2.70435e-07
391.94	2.68889e-07
391.96	2.67355e-07
391.98	2.65833e-07
392	2.64324e-07
392.02	2.62827e-07
392.04	2.61342e-07
392.06	2.59869e-07
392.08	2.58409e-07
392.1	2.5696e-07
392.12	2.55523e-07
392.14	2.54098e-07
392.16	2.52684e-07
392.18	2.51282e-07
392.2	2.49891e-07
392.22	2.48512e-07
392.24	2.47143e-07
392.26	2.45787e-07
392.28	2.44441e-07
392.3	2.43106e-07
392.32	2.41783e-07
392.34	2.4047e-07
392.36	2.39168e-07
392.38	2.37876e-07
392.4	2.36596e-07
392.42	2.35326e-07
392.44	2.34066e-07
392.46	2.32817e-07
392.48	2.31578e-07
392.5	2.3035e-07
392.52	2.29132e-07
392.54	2.27924e-07
392.56	2.26726e-07
392.58	2.25538e-07
392.6	2.2436e-07
392.62	2.23192e-07
392.64	2.22033e-07
392.66	2.20885e-07
392.68	2.19746e-07
392.7	2.18616e-07
392.72	2.17497e-07
392.74	2.16386e-07
392.76	2.15285e-07
392.78	2.14194e-07
392.8	2.13112e-07
392.82	2.12039e-07
392.84	2.10975e-07
392.86	2.09921e-07
392.88	2.08875e-07
392.9	2.07838e-07
392.92	2.06811e-07
392.94	2.05792e-07
392.96	2.04783e-07
392.98	2.03782e-07
393	2.02789e-07
393.02	2.01806e-07
393.04	2.00831e-07
393.06	1.99865e-07
393.08	1.98907e-07
393.1	1.97958e-07
393.12	1.97017e-07
393.14	1.96084e-07
393.16	1.9516e-07
393.18	1.94245e-07
393.2	1.93337e-07
393.22	1.92438e-07
393.24	1.91547e-07
393.26	1.90664e-07
393.28	1.89789e-07
393.3	1.88923e-07
393.32	1.88064e-07
393.34	1.87213e-07
393.36	1.86371e-07
393.38	1.85536e-07
393.4	1.84709e-07
393.42	1.8389e-07
393.44	1.83078e-07
393.46	1.82275e-07
393.48	1.81479e-07
393.5	1.80691e-07
393.52	1.79911e-07
393.54	1.79138e-07
393.56	1.78373e-07
393.58	1.77615e-07
393.6	1.76866e-07
393.62	1.76123e-07
393.64	1.75388e-07
393.66	1.74661e-07
393.68	1.73941e-07
393.7	1.73229e-07
393.72	1.72524e-07
393.74	1.71827e-07
393.76	1.71137e-07
393.78	1.70454e-07
393.8	1.69779e-07
393.82	1.69111e-07
393.84	1.6845e-07
393.86	1.67797e-07
393.88	1.67151e-07
393.9	1.66513e-07
393.92	1.65882e-07
393.94	1.65258e-07
393.96	1.64642e-07
393.98	1.64033e-07
394	1.63431e-07
394.02	1.62837e-07
394.04	1.6225e-07
394.06	1.6167e-07
394.08	1.61098e-07
394.1	1.60533e-07
394.12	1.59976e-07
394.14	1.59426e-07
394.16	1.58884e-07
394.18	1.58349e-07
394.2	1.57821e-07
394.22	1.57301e-07
394.24	1.56789e-07
394.26	1.56284e-07
394.28	1.55787e-07
394.3	1.55298e-07
394.32	1.54817e-07
394.34	1.54343e-07
394.36	1.53877e-07
394.38	1.5342e-07
394.4	1.5297e-07
394.42	1.52528e-07
394.44	1.52095e-07
394.46	1.5167e-07
394.48	1.51253e-07
394.5	1.50845e-07
394.52	1.50445e-07
394.54	1.50055e-07
394.56	1.49673e-07
394.58	1.493e-07
394.6	1.48936e-07
394.62	1.48582e-07
394.64	1.48237e-07
394.66	1.47903e-07
394.68	1.47578e-07
394.7	1.47264e-07
394.72	1.4696e-07
394.74	1.46667e-07
394.76	1.46385e-07
394.78	1.46115e-07
394.8	1.45856e-07
394.82	1.45611e-07
394.84	1.45378e-07
394.86	1.45159e-07
394.88	1.44953e-07
394.9	1.44763e-07
394.92	1.44589e-07
394.94	1.44431e-07
394.96	1.44291e-07
394.98	1.4417e-07
395	1.44069e-07
395.02	1.43991e-07
395.04	1.43937e-07
395.06	1.4391e-07
395.08	1.43914e-07
395.1	1.43952e-07
395.12	1.44031e-07
395.14	1.44157e-07
395.16	1.44342e-07
395.18	1.44602e-07
395.2	1.44965e-07
395.22	1.45482e-07
395.24	1.46267e-07
395.26	1.47605e-07
395.28	1.50359e-07
395.3	1.56908e-07
395.32	1.70135e-07
395.34	1.93456e-07
395.36	2.33643e-07
395.38	3.01396e-07
395.4	4.12641e-07
395.42	5.9403e-07
395.44	8.89745e-07
395.46	1.36267e-06
395.48	2.08624e-06
395.5	3.12541e-06
395.52	4.50776e-06
395.54	6.21027e-06
395.56	8.17893e-06
395.58	1.03537e-05
395.6	1.26786e-05
395.62	1.5104e-05
395.64	1.75868e-05
395.66	2.00906e-05
395.68	2.2586e-05
395.7	2.50495e-05
395.72	2.74627e-05
395.74	2.98118e-05
395.76	3.20865e-05
395.78	3.42794e-05
395.8	3.63853e-05
395.82	3.84011e-05
395.84	4.03252e-05
395.86	4.21574e-05
395.88	4.38982e-05
395.9	4.55492e-05
395.92	4.71123e-05
395.94	4.859e-05
395.96	4.99851e-05
395.98	5.13004e-05
396	5.25392e-05
396.02	5.37045e-05
396.04	5.47995e-05
396.06	5.58273e-05
396.08	5.67911e-05
396.1	5.76938e-05
396.12	5.85384e-05
396.14	5.93277e-05
396.16	6.00645e-05
396.18	6.07513e-05
396.2	6.13906e-05
396.22	6.19849e-05
396.24	6.25364e-05
396.26	6.30474e-05
396.28	6.35197e-05
396.3	6.39555e-05
396.32	6.43566e-05
396.34	6.47247e-05
396.36	6.50616e-05
396.38	6.53688e-05
396.4	6.56478e-05
396.42	6.59e-05
396.44	6.61268e-05
396.46	6.63294e-05
396.48	6.65091e-05
396.5	6.6667e-05
396.52	6.68041e-05
396.54	6.69214e-05
396.56	6.702e-05
396.58	6.71006e-05
396.6	6.71641e-05
396.62	6.72114e-05
396.64	6.7243e-05
396.66	6.72599e-05
396.68	6.72625e-05
396.7	6.72516e-05
396.72	6.72276e-05
396.74	6.71911e-05
396.76	6.71427e-05
396.78	6.70828e-05
396.8	6.70119e-05
396.82	6.69303e-05
396.84	6.68385e-05
396.86	6.67369e-05
396.88	6.66257e-05
396.9	6.65054e-05
396.92	6.63761e-05
396.94	6.62383e-05
396.96	6.60922e-05
396.98	6.5938e-05
397	6.57759e-05
397.02	6.56063e-05
397.04	6.54294e-05
397.06	6.52453e-05
397.08	6.50542e-05
397.1	6.48564e-05
397.12	6.4652e-05
397.14	6.44411e-05
397.16	6.42241e-05
397.18	6.4001e-05
397.2	6.3772e-05
397.22	6.35372e-05
397.24	6.32968e-05
397.26	6.3051e-05
397.28	6.27999e-05
397.3	6.25436e-05
397.32	6.22822e-05
397.34	6.2016e-05
397.36	6.1745e-05
397.38	6.14694e-05
397.4	6.11893e-05
397.42	6.09049e-05
397.44	6.06163e-05
397.46	6.03235e-05
397.48	6.00268e-05
397.5	5.97263e-05
397.52	5.9422e-05
397.54	5.91142e-05
397.56	5.8803e-05
397.58	5.84884e-05
397.6	5.81707e-05
397.62	5.78499e-05
397.64	5.75261e-05
397.66	5.71995e-05
397.68	5.68703e-05
397.7	5.65385e-05
397.72	5.62043e-05
397.74	5.58677e-05
397.76	5.5529e-05
397.78	5.51882e-05
397.8	5.48454e-05
397.82	5.45008e-05
397.84	5.41545e-05
397.86	5.38066e-05
397.88	5.34573e-05
397.9	5.31065e-05
397.92	5.27546e-05
397.94	5.24015e-05
397.96	5.20473e-05
397.98	5.16923e-05
398	5.13364e-05
398.02	5.09798e-05
398.04	5.06226e-05
398.06	5.02649e-05
398.08	4.99069e-05
398.1	4.95485e-05
398.12	4.91899e-05
398.14	4.88312e-05
398.16	4.84725e-05
398.18	4.81138e-05
398.2	4.77553e-05
398.22	4.7397e-05
398.24	4.70391e-05
398.26	4.66816e-05
398.28	4.63245e-05
398.3	4.5968e-05
398.32	4.56122e-05
398.34	4.5257e-05
398.36	4.49027e-05
398.38	4.45492e-05
398.4	4.41966e-05
398.42	4.3845e-05
398.44	4.34944e-05
398.46	4.3145e-05
398.48	4.27967e-05
398.5	4.24496e-05
398.52	4.21038e-05
398.54	4.17593e-05
398.56	4.14162e-05
398.58	4.10745e-05
398.6	4.07343e-05
398.62	4.03956e-05
398.64	4.00584e-05
398.66	3.97228e-05
398.68	3.93889e-05
398.7	3.90566e-05
398.72	3.87261e-05
398.74	3.83973e-05
398.76	3.80702e-05
398.78	3.7745e-05
398.8	3.74215e-05
398.82	3.71e-05
398.84	3.67803e-05
398.86	3.64625e-05
398.88	3.61467e-05
398.9	3.58328e-05
398.92	3.55208e-05
398.94	3.52109e-05
398.96	3.4903e-05
398.98	3.4597e-05
399	3.42932e-05
399.02	3.39913e-05
399.04	3.36916e-05
399.06	3.33939e-05
399.08	3.30983e-05
399.1	3.28047e-05
399.12	3.25133e-05
399.14	3.2224e-05
399.16	3.19368e-05
399.18	3.16517e-05
399.2	3.13687e-05
399.22	3.10879e-05
399.24	3.08092e-05
399.26	3.05326e-05
399.28	3.02582e-05
399.3	2.99858e-05
399.32	2.97157e-05
399.34	2.94476e-05
399.36	2.91817e-05
399.38	2.89179e-05
399.4	2.86562e-05
399.42	2.83966e-05
399.44	2.81392e-05
399.46	2.78838e-05
399.48	2.76306e-05
399.5	2.73794e-05
399.52	2.71304e-05
399.54	2.68834e-05
399.56	2.66385e-05
399.58	2.63957e-05
399.6	2.6155e-05
399.62	2.59162e-05
399.64	2.56796e-05
399.66	2.5445e-05
399.68	2.52124e-05
399.7	2.49818e-05
399.72	2.47532e-05
399.74	2.45266e-05
399.76	2.4302e-05
399.78	2.40794e-05
399.8	2.38588e-05
399.82	2.36401e-05
399.84	2.34233e-05
399.86	2.32085e-05
399.88	2.29956e-05
399.9	2.27846e-05
399.92	2.25755e-05
399.94	2.23682e-05
399.96	2.21629e-05
399.98	2.19594e-05
400	2.17577e-05
400.02	2.15579e-05
400.04	2.13599e-05
400.06	2.11637e-05
400.08	2.09693e-05
400.1	2.07767e-05
400.12	2.05858e-05
400.14	2.03967e-05
400.16	2.02094e-05
400.18	2.00237e-05
400.2	1.98398e-05
400.22	1.96576e-05
400.24	1.9477e-05
400.26	1.92982e-05
400.28	1.9121e-05
400.3	1.89454e-05
400.32	1.87715e-05
400.34	1.85992e-05
400.36	1.84285e-05
400.38	1.82594e-05
400.4	1.80919e-05
400.42	1.7926e-05
400.44	1.77616e-05
400.46	1.75987e-05
400.48	1.74374e-05
400.5	1.72776e-05
400.52	1.71193e-05
400.54	1.69624e-05
400.56	1.68071e-05
400.58	1.66532e-05
400.6	1.65008e-05
400.62	1.63498e-05
400.64	1.62002e-05
400.66	1.6052e-05
400.68	1.59053e-05
400.7	1.57599e-05
400.72	1.56159e-05
400.74	1.54733e-05
400.76	1.5332e-05
400.78	1.5192e-05
400.8	1.50534e-05
400.82	1.4916e-05
400.84	1.478e-05
400.86	1.46453e-05
400.88	1.45118e-05
400.9	1.43796e-05
400.92	1.42487e-05
400.94	1.4119e-05
400.96	1.39905e-05
400.98	1.38633e-05
401	1.37372e-05
401.02	1.36124e-05
401.04	1.34887e-05
401.06	1.33662e-05
401.08	1.32448e-05
401.1	1.31247e-05
401.12	1.30056e-05
401.14	1.28877e-05
401.16	1.27709e-05
401.18	1.26552e-05
401.2	1.25406e-05
401.22	1.24271e-05
401.24	1.23146e-05
401.26	1.22032e-05
401.28	1.20929e-05
401.3	1.19837e-05
401.32	1.18754e-05
401.34	1.17682e-05
401.36	1.1662e-05
401.38	1.15568e-05
401.4	1.14526e-05
401.42	1.13494e-05
401.44	1.12472e-05
401.46	1.11459e-05
401.48	1.10456e-05
401.5	1.09462e-05
401.52	1.08478e-05
401.54	1.07503e-05
401.56	1.06537e-05
401.58	1.0558e-05
401.6	1.04633e-05
401.62	1.03694e-05
401.64	1.02764e-05
401.66	1.01843e-05
401.68	1.00931e-05
401.7	1.00027e-05
401.72	9.9132e-06
401.74	9.82452e-06
401.76	9.73667e-06
401.78	9.64965e-06
401.8	9.56345e-06
401.82	9.47806e-06
401.84	9.39348e-06
401.86	9.30969e-06
401.88	9.22668e-06
401.9	9.14446e-06
401.92	9.06301e-06
401.94	8.98232e-06
401.96	8.90239e-06
401.98	8.82321e-06
402	8.74478e-06
402.02	8.66708e-06
402.04	8.5901e-06
402.06	8.51385e-06
402.08	8.43831e-06
402.1	8.36348e-06
402.12	8.28935e-06
402.14	8.21591e-06
402.16	8.14316e-06
402.18	8.07108e-06
402.2	7.99969e-06
402.22	7.92895e-06
402.24	7.85888e-06
402.26	7.78946e-06
402.28	7.72069e-06
402.3	7.65256e-06
402.32	7.58507e-06
402.34	7.5182e-06
402.36	7.45196e-06
402.38	7.38633e-06
402.4	7.32132e-06
402.42	7.2569e-06
402.44	7.19309e-06
402.46	7.12987e-06
402.48	7.06724e-06
402.5	7.00519e-06
402.52	6.94371e-06
402.54	6.88281e-06
402.56	6.82247e-06
402.58	6.76269e-06
402.6	6.70346e-06
402.62	6.64478e-06
402.64	6.58665e-06
402.66	6.52905e-06
402.68	6.47198e-06
402.7	6.41545e-06
402.72	6.35943e-06
402.74	6.30393e-06
402.76	6.24895e-06
402.78	6.19447e-06
402.8	6.1405e-06
402.82	6.08702e-06
402.84	6.03404e-06
402.86	5.98154e-06
402.88	5.92953e-06
402.9	5.878e-06
402.92	5.82694e-06
402.94	5.77635e-06
402.96	5.72622e-06
402.98	5.67656e-06
403	5.62735e-06
403.02	5.5786e-06
403.04	5.53029e-06
403.06	5.48243e-06
403.08	5.435e-06
403.1	5.38801e-06
403.12	5.34145e-06
403.14	5.29532e-06
403.16	5.24961e-06
403.18	5.20431e-06
403.2	5.15944e-06
403.22	5.11497e-06
403.24	5.07091e-06
403.26	5.02725e-06
403.28	4.98399e-06
403.3	4.94112e-06
403.32	4.89865e-06
403.34	4.85656e-06
403.36	4.81486e-06
403.38	4.77354e-06
403.4	4.73259e-06
403.42	4.69202e-06
403.44	4.65181e-06
403.46	4.61197e-06
403.48	4.5725e-06
403.5	4.53338e-06
403.52	4.49462e-06
403.54	4.45621e-06
403.56	4.41815e-06
403.58	4.38044e-06
403.6	4.34306e-06
403.62	4.30603e-06
403.64	4.26933e-06
403.66	4.23296e-06
403.68	4.19693e-06
403.7	4.16122e-06
403.72	4.12583e-06
403.74	4.09076e-06
403.76	4.05602e-06
403.78	4.02158e-06
403.8	3.98746e-06
403.82	3.95364e-06
403.84	3.92013e-06
403.86	3.88692e-06
403.88	3.85401e-06
403.9	3.8214e-06
403.92	3.78908e-06
403.94	3.75705e-06
403.96	3.72531e-06
403.98	3.69386e-06
404	3.66269e-06
404.02	3.6318e-06
404.04	3.60119e-06
404.06	3.57085e-06
404.08	3.54079e-06
404.1	3.51099e-06
404.12	3.48147e-06
404.14	3.4522e-06
404.16	3.42321e-06
404.18	3.39447e-06
404.2	3.36598e-06
404.22	3.33776e-06
404.24	3.30978e-06
404.26	3.28206e-06
404.28	3.25458e-06
404.3	3.22735e-06
404.32	3.20037e-06
404.34	3.17362e-06
404.36	3.14712e-06
404.38	3.12085e-06
404.4	3.09481e-06
404.42	3.06901e-06
404.44	3.04343e-06
404.46	3.01809e-06
404.48	2.99297e-06
404.5	2.96808e-06
404.52	2.9434e-06
404.54	2.91895e-06
404.56	2.89471e-06
404.58	2.87069e-06
404.6	2.84688e-06
404.62	2.82329e-06
404.64	2.7999e-06
404.66	2.77672e-06
404.68	2.75375e-06
404.7	2.73098e-06
404.72	2.70841e-06
404.74	2.68604e-06
404.76	2.66388e-06
404.78	2.6419e-06
404.8	2.62012e-06
404.82	2.59854e-06
404.84	2.57714e-06
404.86	2.55594e-06
404.88	2.53492e-06
404.9	2.51409e-06
404.92	2.49344e-06
404.94	2.47297e-06
404.96	2.45269e-06
404.98	2.43258e-06
405	2.41265e-06
405.02	2.3929e-06
405.04	2.37332e-06
405.06	2.35391e-06
405.08	2.33468e-06
405.1	2.31561e-06
405.12	2.29671e-06
405.14	2.27798e-06
405.16	2.25941e-06
405.18	2.24101e-06
405.2	2.22276e-06
405.22	2.20468e-06
405.24	2.18676e-06
405.26	2.16899e-06
405.28	2.15138e-06
405.3	2.13392e-06
405.32	2.11662e-06
405.34	2.09946e-06
405.36	2.08246e-06
405.38	2.06561e-06
405.4	2.0489e-06
405.42	2.03234e-06
405.44	2.01593e-06
405.46	1.99966e-06
405.48	1.98353e-06
405.5	1.96754e-06
405.52	1.95169e-06
405.54	1.93598e-06
405.56	1.9204e-06
405.58	1.90497e-06
405.6	1.88966e-06
405.62	1.87449e-06
405.64	1.85945e-06
405.66	1.84455e-06
405.68	1.82977e-06
405.7	1.81512e-06
405.72	1.8006e-06
405.74	1.7862e-06
405.76	1.77193e-06
405.78	1.75779e-06
405.8	1.74376e-06
405.82	1.72986e-06
405.84	1.71608e-06
405.86	1.70242e-06
405.88	1.68887e-06
405.9	1.67544e-06
405.92	1.66213e-06
405.94	1.64894e-06
405.96	1.63586e-06
405.98	1.62289e-06
406	1.61003e-06
406.02	1.59729e-06
406.04	1.58465e-06
406.06	1.57213e-06
406.08	1.55971e-06
406.1	1.5474e-06
406.12	1.5352e-06
406.14	1.5231e-06
406.16	1.5111e-06
406.18	1.49921e-06
406.2	1.48742e-06
406.22	1.47573e-06
406.24	1.46414e-06
406.26	1.45266e-06
406.28	1.44127e-06
406.3	1.42998e-06
406.32	1.41878e-06
406.34	1.40768e-06
406.36	1.39668e-06
406.38	1.38577e-06
406.4	1.37496e-06
406.42	1.36423e-06
406.44	1.3536e-06
406.46	1.34306e-06
406.48	1.33261e-06
406.5	1.32225e-06
406.52	1.31198e-06
406.54	1.3018e-06
406.56	1.2917e-06
406.58	1.28169e-06
406.6	1.27176e-06
406.62	1.26192e-06
406.64	1.25217e-06
406.66	1.24249e-06
406.68	1.2329e-06
406.7	1.22339e-06
406.72	1.21397e-06
406.74	1.20462e-06
406.76	1.19535e-06
406.78	1.18616e-06
406.8	1.17705e-06
406.82	1.16801e-06
406.84	1.15906e-06
406.86	1.15018e-06
406.88	1.14137e-06
406.9	1.13264e-06
406.92	1.12398e-06
406.94	1.1154e-06
406.96	1.10689e-06
406.98	1.09845e-06
407	1.09008e-06
407.02	1.08178e-06
407.04	1.07356e-06
407.06	1.0654e-06
407.08	1.05731e-06
407.1	1.04929e-06
407.12	1.04134e-06
407.14	1.03345e-06
407.16	1.02564e-06
407.18	1.01788e-06
407.2	1.0102e-06
407.22	1.00257e-06
407.24	9.95017e-07
407.26	9.87522e-07
407.28	9.80091e-07
407.3	9.72722e-07
407.32	9.65416e-07
407.34	9.5817e-07
407.36	9.50986e-07
407.38	9.43862e-07
407.4	9.36797e-07
407.42	9.29792e-07
407.44	9.22846e-07
407.46	9.15958e-07
407.48	9.09128e-07
407.5	9.02355e-07
407.52	8.95639e-07
407.54	8.88979e-07
407.56	8.82375e-07
407.58	8.75826e-07
407.6	8.69332e-07
407.62	8.62892e-07
407.64	8.56506e-07
407.66	8.50173e-07
407.68	8.43893e-07
407.7	8.37665e-07
407.72	8.3149e-07
407.74	8.25366e-07
407.76	8.19293e-07
407.78	8.1327e-07
407.8	8.07298e-07
407.82	8.01375e-07
407.84	7.95502e-07
407.86	7.89677e-07
407.88	7.83901e-07
407.9	7.78173e-07
407.92	7.72493e-07
407.94	7.6686e-07
407.96	7.61273e-07
407.98	7.55733e-07
408	7.50239e-07
408.02	7.4479e-07
408.04	7.39386e-07
408.06	7.34028e-07
408.08	7.28713e-07
408.1	7.23443e-07
408.12	7.18216e-07
408.14	7.13032e-07
408.16	7.07891e-07
408.18	7.02793e-07
408.2	6.97737e-07
408.22	6.92722e-07
408.24	6.87749e-07
408.26	6.82817e-07
408.28	6.77926e-07
408.3	6.73075e-07
408.32	6.68264e-07
408.34	6.63492e-07
408.36	6.5876e-07
408.38	6.54067e-07
408.4	6.49412e-07
408.42	6.44796e-07
408.44	6.40218e-07
408.46	6.35677e-07
408.48	6.31174e-07
408.5	6.26707e-07
408.52	6.22277e-07
408.54	6.17884e-07
408.56	6.13526e-07
408.58	6.09205e-07
408.6	6.04918e-07
408.62	6.00667e-07
408.64	5.96451e-07
408.66	5.92269e-07
408.68	5.88122e-07
408.7	5.84008e-07
408.72	5.79928e-07
408.74	5.75881e-07
408.76	5.71867e-07
408.78	5.67887e-07
408.8	5.63938e-07
408.82	5.60022e-07
408.84	5.56138e-07
408.86	5.52286e-07
408.88	5.48465e-07
408.9	5.44675e-07
408.92	5.40916e-07
408.94	5.37187e-07
408.96	5.33489e-07
408.98	5.29821e-07
409	5.26183e-07
409.02	5.22575e-07
409.04	5.18996e-07
409.06	5.15446e-07
409.08	5.11924e-07
409.1	5.08432e-07
409.12	5.04968e-07
409.14	5.01531e-07
409.16	4.98123e-07
409.18	4.94743e-07
409.2	4.9139e-07
409.22	4.88064e-07
409.24	4.84765e-07
409.26	4.81492e-07
409.28	4.78247e-07
409.3	4.75027e-07
409.32	4.71834e-07
409.34	4.68666e-07
409.36	4.65524e-07
409.38	4.62408e-07
409.4	4.59316e-07
409.42	4.5625e-07
409.44	4.53209e-07
409.46	4.50192e-07
409.48	4.47199e-07
409.5	4.44231e-07
409.52	4.41286e-07
409.54	4.38366e-07
409.56	4.35469e-07
409.58	4.32595e-07
409.6	4.29744e-07
409.62	4.26917e-07
409.64	4.24112e-07
409.66	4.2133e-07
409.68	4.1857e-07
409.7	4.15832e-07
409.72	4.13117e-07
409.74	4.10423e-07
409.76	4.07751e-07
409.78	4.05101e-07
409.8	4.02472e-07
409.82	3.99864e-07
409.84	3.97277e-07
409.86	3.94711e-07
409.88	3.92165e-07
409.9	3.8964e-07
409.92	3.87136e-07
409.94	3.84651e-07
409.96	3.82186e-07
409.98	3.79742e-07
410	3.77316e-07
410.02	3.74911e-07
410.04	3.72524e-07
410.06	3.70157e-07
410.08	3.67809e-07
410.1	3.6548e-07
410.12	3.63169e-07
410.14	3.60877e-07
410.16	3.58603e-07
410.18	3.56348e-07
410.2	3.5411e-07
410.22	3.51891e-07
410.24	3.49689e-07
410.26	3.47505e-07
410.28	3.45339e-07
410.3	3.4319e-07
410.32	3.41058e-07
410.34	3.38944e-07
410.36	3.36846e-07
410.38	3.34765e-07
410.4	3.32701e-07
410.42	3.30653e-07
410.44	3.28622e-07
410.46	3.26607e-07
410.48	3.24608e-07
410.5	3.22626e-07
410.52	3.20659e-07
410.54	3.18708e-07
410.56	3.16773e-07
410.58	3.14853e-07
410.6	3.12949e-07
410.62	3.1106e-07
410.64	3.09186e-07
410.66	3.07327e-07
410.68	3.05483e-07
410.7	3.03654e-07
410.72	3.01839e-07
410.74	3.0004e-07
410.76	2.98254e-07
410.78	2.96483e-07
410.8	2.94727e-07
410.82	2.92984e-07
410.84	2.91255e-07
410.86	2.89541e-07
410.88	2.8784e-07
410.9	2.86153e-07
410.92	2.84479e-07
410.94	2.82819e-07
410.96	2.81172e-07
410.98	2.79539e-07
411	2.77919e-07
411.02	2.76312e-07
411.04	2.74718e-07
411.06	2.73136e-07
411.08	2.71568e-07
411.1	2.70012e-07
411.12	2.68469e-07
411.14	2.66938e-07
411.16	2.6542e-07
411.18	2.63914e-07
411.2	2.6242e-07
411.22	2.60939e-07
411.24	2.59469e-07
411.26	2.58012e-07
411.28	2.56566e-07
411.3	2.55132e-07
411.32	2.5371e-07
411.34	2.52299e-07
411.36	2.509e-07
411.38	2.49512e-07
411.4	2.48135e-07
411.42	2.4677e-07
411.44	2.45416e-07
411.46	2.44074e-07
411.48	2.42742e-07
411.5	2.41421e-07
411.52	2.40111e-07
411.54	2.38811e-07
411.56	2.37523e-07
411.58	2.36245e-07
411.6	2.34978e-07
411.62	2.33721e-07
411.64	2.32474e-07
411.66	2.31238e-07
411.68	2.30012e-07
411.7	2.28797e-07
411.72	2.27591e-07
411.74	2.26396e-07
411.76	2.2521e-07
411.78	2.24035e-07
411.8	2.22869e-07
411.82	2.21713e-07
411.84	2.20567e-07
411.86	2.19431e-07
411.88	2.18304e-07
411.9	2.17186e-07
411.92	2.16078e-07
411.94	2.1498e-07
411.96	2.13891e-07
411.98	2.12811e-07
412	2.1174e-07
412.02	2.10679e-07
412.04	2.09626e-07
412.06	2.08583e-07
412.08	2.07549e-07
412.1	2.06523e-07
412.12	2.05507e-07
412.14	2.04499e-07
412.16	2.035e-07
412.18	2.0251e-07
412.2	2.01529e-07
412.22	2.00556e-07
412.24	1.99591e-07
412.26	1.98636e-07
412.28	1.97689e-07
412.3	1.9675e-07
412.32	1.95819e-07
412.34	1.94897e-07
412.36	1.93984e-07
412.38	1.93078e-07
412.4	1.92181e-07
412.42	1.91292e-07
412.44	1.90411e-07
412.46	1.89538e-07
412.48	1.88673e-07
412.5	1.87816e-07
412.52	1.86967e-07
412.54	1.86126e-07
412.56	1.85293e-07
412.58	1.84468e-07
412.6	1.83651e-07
412.62	1.82841e-07
412.64	1.82039e-07
412.66	1.81245e-07
412.68	1.80459e-07
412.7	1.7968e-07
412.72	1.78909e-07
412.74	1.78146e-07
412.76	1.7739e-07
412.78	1.76642e-07
412.8	1.75901e-07
412.82	1.75168e-07
412.84	1.74442e-07
412.86	1.73724e-07
412.88	1.73013e-07
412.9	1.7231e-07
412.92	1.71614e-07
412.94	1.70925e-07
412.96	1.70244e-07
412.98	1.6957e-07
413	1.68904e-07
413.02	1.68245e-07
413.04	1.67593e-07
413.06	1.66949e-07
413.08	1.66312e-07
413.1	1.65682e-07
413.12	1.6506e-07
413.14	1.64445e-07
413.16	1.63837e-07
413.18	1.63237e-07
413.2	1.62644e-07
413.22	1.62058e-07
413.24	1.6148e-07
413.26	1.60909e-07
413.28	1.60346e-07
413.3	1.5979e-07
413.32	1.59241e-07
413.34	1.587e-07
413.36	1.58166e-07
413.38	1.5764e-07
413.4	1.57121e-07
413.42	1.5661e-07
413.44	1.56107e-07
413.46	1.55611e-07
413.48	1.55123e-07
413.5	1.54643e-07
413.52	1.54171e-07
413.54	1.53706e-07
413.56	1.53249e-07
413.58	1.52801e-07
413.6	1.5236e-07
413.62	1.51928e-07
413.64	1.51504e-07
413.66	1.51089e-07
413.68	1.50682e-07
413.7	1.50283e-07
413.72	1.49894e-07
413.74	1.49513e-07
413.76	1.49141e-07
413.78	1.48779e-07
413.8	1.48426e-07
413.82	1.48082e-07
413.84	1.47748e-07
413.86	1.47425e-07
413.88	1.47111e-07
413.9	1.46808e-07
413.92	1.46516e-07
413.94	1.46236e-07
413.96	1.45967e-07
413.98	1.45709e-07
414	1.45465e-07
414.02	1.45233e-07
414.04	1.45015e-07
414.06	1.44811e-07
414.08	1.44621e-07
414.1	1.44448e-07
414.12	1.44291e-07
414.14	1.44152e-07
414.16	1.44032e-07
414.18	1.43933e-07
414.2	1.43855e-07
414.22	1.43803e-07
414.24	1.43777e-07
414.26	1.43782e-07
414.28	1.43822e-07
414.3	1.43901e-07
414.32	1.44029e-07
414.34	1.44216e-07
414.36	1.44478e-07
414.38	1.44844e-07
414.4	1.45366e-07
414.42	1.46158e-07
414.44	1.47512e-07
414.46	1.50314e-07
414.48	1.56962e-07
414.5	1.70344e-07
414.52	1.93912e-07
414.54	2.34516e-07
414.56	3.02937e-07
414.58	4.15246e-07
414.6	5.98393e-07
414.62	8.96957e-07
414.64	1.37415e-06
414.66	2.10346e-06
414.68	3.14937e-06
414.7	4.53843e-06
414.72	6.24668e-06
414.74	8.2198e-06
414.76	1.03978e-05
414.78	1.27248e-05
414.8	1.51513e-05
414.82	1.76345e-05
414.84	2.0138e-05
414.86	2.26325e-05
414.88	2.50947e-05
414.9	2.75064e-05
414.92	2.98537e-05
414.94	3.21265e-05
414.96	3.43172e-05
414.98	3.6421e-05
415	3.84347e-05
415.02	4.03567e-05
415.04	4.21868e-05
415.06	4.39256e-05
415.08	4.55746e-05
415.1	4.71358e-05
415.12	4.86116e-05
415.14	5.00049e-05
415.16	5.13186e-05
415.18	5.25557e-05
415.2	5.37194e-05
415.22	5.4813e-05
415.24	5.58394e-05
415.26	5.68019e-05
415.28	5.77034e-05
415.3	5.85468e-05
415.32	5.93351e-05
415.34	6.00708e-05
415.36	6.07566e-05
415.38	6.13951e-05
415.4	6.19885e-05
415.42	6.25392e-05
415.44	6.30494e-05
415.46	6.3521e-05
415.48	6.39561e-05
415.5	6.43566e-05
415.52	6.47241e-05
415.54	6.50604e-05
415.56	6.53671e-05
415.58	6.56456e-05
415.6	6.58974e-05
415.62	6.61238e-05
415.64	6.6326e-05
415.66	6.65053e-05
415.68	6.66629e-05
415.7	6.67996e-05
415.72	6.69167e-05
415.74	6.70149e-05
415.76	6.70953e-05
415.78	6.71586e-05
415.8	6.72056e-05
415.82	6.72371e-05
415.84	6.72537e-05
415.86	6.72562e-05
415.88	6.7245e-05
415.9	6.72209e-05
415.92	6.71843e-05
415.94	6.71357e-05
415.96	6.70757e-05
415.98	6.70047e-05
416	6.6923e-05
416.02	6.68311e-05
416.04	6.67293e-05
416.06	6.66181e-05
416.08	6.64976e-05
416.1	6.63683e-05
416.12	6.62304e-05
416.14	6.60842e-05
416.16	6.593e-05
416.18	6.57679e-05
416.2	6.55982e-05
416.22	6.54212e-05
416.24	6.52371e-05
416.26	6.5046e-05
416.28	6.48481e-05
416.3	6.46436e-05
416.32	6.44328e-05
416.34	6.42157e-05
416.36	6.39926e-05
416.38	6.37636e-05
416.4	6.35288e-05
416.42	6.32884e-05
416.44	6.30425e-05
416.46	6.27914e-05
416.48	6.25351e-05
416.5	6.22737e-05
416.52	6.20075e-05
416.54	6.17365e-05
416.56	6.14609e-05
416.58	6.11808e-05
416.6	6.08964e-05
416.62	6.06077e-05
416.64	6.0315e-05
416.66	6.00183e-05
416.68	5.97178e-05
416.7	5.94136e-05
416.72	5.91058e-05
416.74	5.87945e-05
416.76	5.848e-05
416.78	5.81622e-05
416.8	5.78415e-05
416.82	5.75177e-05
416.84	5.71912e-05
416.86	5.6862e-05
416.88	5.65302e-05
416.9	5.6196e-05
416.92	5.58595e-05
416.94	5.55208e-05
416.96	5.518e-05
416.98	5.48373e-05
417	5.44927e-05
417.02	5.41465e-05
417.04	5.37986e-05
417.06	5.34493e-05
417.08	5.30986e-05
417.1	5.27467e-05
417.12	5.23936e-05
417.14	5.20395e-05
417.16	5.16845e-05
417.18	5.13287e-05
417.2	5.09722e-05
417.22	5.0615e-05
417.24	5.02574e-05
417.26	4.98994e-05
417.28	4.95411e-05
417.3	4.91825e-05
417.32	4.88239e-05
417.34	4.84652e-05
417.36	4.81066e-05
417.38	4.77482e-05
417.4	4.739e-05
417.42	4.70321e-05
417.44	4.66746e-05
417.46	4.63177e-05
417.48	4.59612e-05
417.5	4.56055e-05
417.52	4.52504e-05
417.54	4.48961e-05
417.56	4.45427e-05
417.58	4.41902e-05
417.6	4.38386e-05
417.62	4.34881e-05
417.64	4.31388e-05
417.66	4.27905e-05
417.68	4.24435e-05
417.7	4.20978e-05
417.72	4.17534e-05
417.74	4.14103e-05
417.76	4.10687e-05
417.78	4.07286e-05
417.8	4.03899e-05
417.82	4.00528e-05
417.84	3.97173e-05
417.86	3.93835e-05
417.88	3.90513e-05
417.9	3.87208e-05
417.92	3.8392e-05
417.94	3.80651e-05
417.96	3.77399e-05
417.98	3.74166e-05
418	3.70951e-05
418.02	3.67755e-05
418.04	3.64577e-05
418.06	3.6142e-05
418.08	3.58281e-05
418.1	3.55163e-05
418.12	3.52064e-05
418.14	3.48986e-05
418.16	3.45927e-05
418.18	3.42889e-05
418.2	3.39871e-05
418.22	3.36874e-05
418.24	3.33898e-05
418.26	3.30943e-05
418.28	3.28008e-05
418.3	3.25095e-05
418.32	3.22202e-05
418.34	3.19331e-05
418.36	3.16481e-05
418.38	3.13652e-05
418.4	3.10844e-05
418.42	3.08057e-05
418.44	3.05292e-05
418.46	3.02548e-05
418.48	2.99826e-05
418.5	2.97125e-05
418.52	2.94445e-05
418.54	2.91786e-05
418.56	2.89149e-05
418.58	2.86532e-05
418.6	2.83937e-05
418.62	2.81364e-05
418.64	2.78811e-05
418.66	2.76279e-05
418.68	2.73768e-05
418.7	2.71278e-05
418.72	2.68809e-05
418.74	2.66361e-05
418.76	2.63933e-05
418.78	2.61526e-05
418.8	2.5914e-05
418.82	2.56773e-05
418.84	2.54428e-05
418.86	2.52102e-05
418.88	2.49797e-05
418.9	2.47512e-05
418.92	2.45247e-05
418.94	2.43001e-05
418.96	2.40775e-05
418.98	2.38569e-05
419	2.36383e-05
419.02	2.34216e-05
419.04	2.32068e-05
419.06	2.29939e-05
419.08	2.2783e-05
419.1	2.25739e-05
419.12	2.23667e-05
419.14	2.21614e-05
419.16	2.1958e-05
419.18	2.17564e-05
419.2	2.15566e-05
419.22	2.13586e-05
419.24	2.11625e-05
419.26	2.09681e-05
419.28	2.07755e-05
419.3	2.05847e-05
419.32	2.03956e-05
419.34	2.02083e-05
419.36	2.00227e-05
419.38	1.98388e-05
419.4	1.96567e-05
419.42	1.94762e-05
419.44	1.92973e-05
419.46	1.91202e-05
419.48	1.89447e-05
419.5	1.87708e-05
419.52	1.85985e-05
419.54	1.84279e-05
419.56	1.82588e-05
419.58	1.80913e-05
419.6	1.79254e-05
419.62	1.7761e-05
419.64	1.75982e-05
419.66	1.74369e-05
419.68	1.72771e-05
419.7	1.71189e-05
419.72	1.69621e-05
419.74	1.68068e-05
419.76	1.66529e-05
419.78	1.65005e-05
419.8	1.63495e-05
419.82	1.62e-05
419.84	1.60519e-05
419.86	1.59051e-05
419.88	1.57598e-05
419.9	1.56158e-05
419.92	1.54732e-05
419.94	1.53319e-05
419.96	1.5192e-05
419.98	1.50534e-05
420	1.49161e-05
420.02	1.47801e-05
420.04	1.46453e-05
420.06	1.45119e-05
420.08	1.43797e-05
420.1	1.42488e-05
420.12	1.41191e-05
420.14	1.39907e-05
420.16	1.38634e-05
420.18	1.37374e-05
420.2	1.36126e-05
420.22	1.34889e-05
420.24	1.33665e-05
420.26	1.32451e-05
420.28	1.3125e-05
420.3	1.30059e-05
420.32	1.2888e-05
420.34	1.27712e-05
420.36	1.26556e-05
420.38	1.2541e-05
420.4	1.24275e-05
420.42	1.23151e-05
420.44	1.22037e-05
420.46	1.20934e-05
420.48	1.19841e-05
420.5	1.18759e-05
420.52	1.17687e-05
420.54	1.16625e-05
420.56	1.15574e-05
420.58	1.14532e-05
420.6	1.135e-05
420.62	1.12477e-05
420.64	1.11465e-05
420.66	1.10462e-05
420.68	1.09468e-05
420.7	1.08484e-05
420.72	1.07509e-05
420.74	1.06544e-05
420.76	1.05587e-05
420.78	1.0464e-05
420.8	1.03701e-05
420.82	1.02772e-05
420.84	1.01851e-05
420.86	1.00938e-05
420.88	1.00035e-05
420.9	9.91396e-06
420.92	9.82529e-06
420.94	9.73745e-06
420.96	9.65044e-06
420.98	9.56425e-06
421	9.47888e-06
421.02	9.3943e-06
421.04	9.31052e-06
421.06	9.22752e-06
421.08	9.14531e-06
421.1	9.06387e-06
421.12	8.98319e-06
421.14	8.90327e-06
421.16	8.8241e-06
421.18	8.74567e-06
421.2	8.66797e-06
421.22	8.59101e-06
421.24	8.51476e-06
421.26	8.43923e-06
421.28	8.3644e-06
421.3	8.29028e-06
421.32	8.21685e-06
421.34	8.1441e-06
421.36	8.07204e-06
421.38	8.00064e-06
421.4	7.92992e-06
421.42	7.85985e-06
421.44	7.79044e-06
421.46	7.72167e-06
421.48	7.65355e-06
421.5	7.58606e-06
421.52	7.5192e-06
421.54	7.45296e-06
421.56	7.38734e-06
421.58	7.32233e-06
421.6	7.25792e-06
421.62	7.19411e-06
421.64	7.1309e-06
421.66	7.06827e-06
421.68	7.00622e-06
421.7	6.94475e-06
421.72	6.88385e-06
421.74	6.82351e-06
421.76	6.76373e-06
421.78	6.70451e-06
421.8	6.64584e-06
421.82	6.5877e-06
421.84	6.53011e-06
421.86	6.47305e-06
421.88	6.41651e-06
421.9	6.3605e-06
421.92	6.30501e-06
421.94	6.25003e-06
421.96	6.19555e-06
421.98	6.14158e-06
422	6.0881e-06
422.02	6.03512e-06
422.04	5.98263e-06
422.06	5.93062e-06
422.08	5.87909e-06
422.1	5.82803e-06
422.12	5.77744e-06
422.14	5.72732e-06
422.16	5.67766e-06
422.18	5.62845e-06
422.2	5.5797e-06
422.22	5.53139e-06
422.24	5.48353e-06
422.26	5.4361e-06
422.28	5.38912e-06
422.3	5.34256e-06
422.32	5.29642e-06
422.34	5.25071e-06
422.36	5.20542e-06
422.38	5.16054e-06
422.4	5.11608e-06
422.42	5.07202e-06
422.44	5.02836e-06
422.46	4.9851e-06
422.48	4.94223e-06
422.5	4.89976e-06
422.52	4.85767e-06
422.54	4.81597e-06
422.56	4.77465e-06
422.58	4.7337e-06
422.6	4.69313e-06
422.62	4.65292e-06
422.64	4.61309e-06
422.66	4.57361e-06
422.68	4.53449e-06
422.7	4.49573e-06
422.72	4.45732e-06
422.74	4.41926e-06
422.76	4.38154e-06
422.78	4.34417e-06
422.8	4.30714e-06
422.82	4.27044e-06
422.84	4.23407e-06
422.86	4.19803e-06
422.88	4.16232e-06
422.9	4.12693e-06
422.92	4.09187e-06
422.94	4.05712e-06
422.96	4.02268e-06
422.98	3.98855e-06
423	3.95474e-06
423.02	3.92123e-06
423.04	3.88802e-06
423.06	3.85511e-06
423.08	3.82249e-06
423.1	3.79017e-06
423.12	3.75814e-06
423.14	3.7264e-06
423.16	3.69495e-06
423.18	3.66378e-06
423.2	3.63289e-06
423.22	3.60227e-06
423.24	3.57194e-06
423.26	3.54187e-06
423.28	3.51207e-06
423.3	3.48255e-06
423.32	3.45328e-06
423.34	3.42428e-06
423.36	3.39554e-06
423.38	3.36706e-06
423.4	3.33883e-06
423.42	3.31085e-06
423.44	3.28313e-06
423.46	3.25565e-06
423.48	3.22842e-06
423.5	3.20143e-06
423.52	3.17468e-06
423.54	3.14817e-06
423.56	3.1219e-06
423.58	3.09586e-06
423.6	3.07006e-06
423.62	3.04448e-06
423.64	3.01914e-06
423.66	2.99402e-06
423.68	2.96912e-06
423.7	2.94444e-06
423.72	2.91999e-06
423.74	2.89575e-06
423.76	2.87172e-06
423.78	2.84791e-06
423.8	2.82432e-06
423.82	2.80093e-06
423.84	2.77775e-06
423.86	2.75477e-06
423.88	2.732e-06
423.9	2.70943e-06
423.92	2.68706e-06
423.94	2.66489e-06
423.96	2.64292e-06
423.98	2.62113e-06
424	2.59955e-06
424.02	2.57815e-06
424.04	2.55694e-06
424.06	2.53592e-06
424.08	2.51509e-06
424.1	2.49444e-06
424.12	2.47397e-06
424.14	2.45368e-06
424.16	2.43357e-06
424.18	2.41364e-06
424.2	2.39388e-06
424.22	2.3743e-06
424.24	2.35489e-06
424.26	2.33565e-06
424.28	2.31659e-06
424.3	2.29768e-06
424.32	2.27895e-06
424.34	2.26038e-06
424.36	2.24197e-06
424.38	2.22373e-06
424.4	2.20564e-06
424.42	2.18771e-06
424.44	2.16994e-06
424.46	2.15233e-06
424.48	2.13487e-06
424.5	2.11756e-06
424.52	2.10041e-06
424.54	2.0834e-06
424.56	2.06655e-06
424.58	2.04984e-06
424.6	2.03328e-06
424.62	2.01686e-06
424.64	2.00059e-06
424.66	1.98445e-06
424.68	1.96846e-06
424.7	1.95261e-06
424.72	1.9369e-06
424.74	1.92132e-06
424.76	1.90588e-06
424.78	1.89057e-06
424.8	1.8754e-06
424.82	1.86036e-06
424.84	1.84545e-06
424.86	1.83067e-06
424.88	1.81602e-06
424.9	1.80149e-06
424.92	1.7871e-06
424.94	1.77282e-06
424.96	1.75867e-06
424.98	1.74465e-06
425	1.73074e-06
425.02	1.71696e-06
425.04	1.70329e-06
425.06	1.68975e-06
425.08	1.67632e-06
425.1	1.663e-06
425.12	1.64981e-06
425.14	1.63672e-06
425.16	1.62375e-06
425.18	1.61089e-06
425.2	1.59815e-06
425.22	1.58551e-06
425.24	1.57298e-06
425.26	1.56056e-06
425.28	1.54825e-06
425.3	1.53604e-06
425.32	1.52394e-06
425.34	1.51194e-06
425.36	1.50005e-06
425.38	1.48825e-06
425.4	1.47656e-06
425.42	1.46497e-06
425.44	1.45348e-06
425.46	1.44209e-06
425.48	1.4308e-06
425.5	1.4196e-06
425.52	1.4085e-06
425.54	1.39749e-06
425.56	1.38658e-06
425.58	1.37576e-06
425.6	1.36504e-06
425.62	1.35441e-06
425.64	1.34386e-06
425.66	1.33341e-06
425.68	1.32305e-06
425.7	1.31277e-06
425.72	1.30259e-06
425.74	1.29249e-06
425.76	1.28248e-06
425.78	1.27255e-06
425.8	1.26271e-06
425.82	1.25295e-06
425.84	1.24327e-06
425.86	1.23368e-06
425.88	1.22417e-06
425.9	1.21474e-06
425.92	1.20538e-06
425.94	1.19611e-06
425.96	1.18692e-06
425.98	1.17781e-06
426	1.16877e-06
426.02	1.15981e-06
426.04	1.15093e-06
426.06	1.14212e-06
426.08	1.13339e-06
426.1	1.12473e-06
426.12	1.11614e-06
426.14	1.10763e-06
426.16	1.09919e-06
426.18	1.09082e-06
426.2	1.08252e-06
426.22	1.07429e-06
426.24	1.06613e-06
426.26	1.05804e-06
426.28	1.05002e-06
426.3	1.04206e-06
426.32	1.03417e-06
426.34	1.02635e-06
426.36	1.0186e-06
426.38	1.01091e-06
426.4	1.00329e-06
426.42	9.95725e-07
426.44	9.88229e-07
426.46	9.80795e-07
426.48	9.73424e-07
426.5	9.66115e-07
426.52	9.58868e-07
426.54	9.51681e-07
426.56	9.44555e-07
426.58	9.37488e-07
426.6	9.30481e-07
426.62	9.23533e-07
426.64	9.16643e-07
426.66	9.0981e-07
426.68	9.03035e-07
426.7	8.96317e-07
426.72	8.89655e-07
426.74	8.83048e-07
426.76	8.76497e-07
426.78	8.70001e-07
426.8	8.63559e-07
426.82	8.57171e-07
426.84	8.50836e-07
426.86	8.44554e-07
426.88	8.38324e-07
426.9	8.32147e-07
426.92	8.2602e-07
426.94	8.19945e-07
426.96	8.13921e-07
426.98	8.07947e-07
427	8.02022e-07
427.02	7.96147e-07
427.04	7.9032e-07
427.06	7.84542e-07
427.08	7.78812e-07
427.1	7.7313e-07
427.12	7.67494e-07
427.14	7.61906e-07
427.16	7.56364e-07
427.18	7.50867e-07
427.2	7.45417e-07
427.22	7.40011e-07
427.24	7.34651e-07
427.26	7.29334e-07
427.28	7.24062e-07
427.3	7.18833e-07
427.32	7.13648e-07
427.34	7.08505e-07
427.36	7.03405e-07
427.38	6.98347e-07
427.4	6.9333e-07
427.42	6.88355e-07
427.44	6.83422e-07
427.46	6.78528e-07
427.48	6.73676e-07
427.5	6.68863e-07
427.52	6.64089e-07
427.54	6.59356e-07
427.56	6.5466e-07
427.58	6.50004e-07
427.6	6.45386e-07
427.62	6.40806e-07
427.64	6.36263e-07
427.66	6.31758e-07
427.68	6.2729e-07
427.7	6.22858e-07
427.72	6.18463e-07
427.74	6.14104e-07
427.76	6.09781e-07
427.78	6.05493e-07
427.8	6.0124e-07
427.82	5.97022e-07
427.84	5.92838e-07
427.86	5.88689e-07
427.88	5.84574e-07
427.9	5.80492e-07
427.92	5.76444e-07
427.94	5.72429e-07
427.96	5.68446e-07
427.98	5.64496e-07
428	5.60578e-07
428.02	5.56693e-07
428.04	5.52839e-07
428.06	5.49016e-07
428.08	5.45225e-07
428.1	5.41464e-07
428.12	5.37734e-07
428.14	5.34035e-07
428.16	5.30365e-07
428.18	5.26726e-07
428.2	5.23115e-07
428.22	5.19535e-07
428.24	5.15983e-07
428.26	5.12461e-07
428.28	5.08967e-07
428.3	5.05501e-07
428.32	5.02063e-07
428.34	4.98654e-07
428.36	4.95272e-07
428.38	4.91917e-07
428.4	4.8859e-07
428.42	4.85289e-07
428.44	4.82016e-07
428.46	4.78768e-07
428.48	4.75548e-07
428.5	4.72353e-07
428.52	4.69184e-07
428.54	4.66041e-07
428.56	4.62923e-07
428.58	4.5983e-07
428.6	4.56762e-07
428.62	4.5372e-07
428.64	4.50701e-07
428.66	4.47707e-07
428.68	4.44738e-07
428.7	4.41792e-07
428.72	4.3887e-07
428.74	4.35972e-07
428.76	4.33097e-07
428.78	4.30245e-07
428.8	4.27416e-07
428.82	4.2461e-07
428.84	4.21826e-07
428.86	4.19065e-07
428.88	4.16327e-07
428.9	4.1361e-07
428.92	4.10915e-07
428.94	4.08242e-07
428.96	4.05591e-07
428.98	4.0296e-07
429	4.00351e-07
429.02	3.97763e-07
429.04	3.95196e-07
429.06	3.92649e-07
429.08	3.90123e-07
429.1	3.87617e-07
429.12	3.85131e-07
429.14	3.82666e-07
429.16	3.8022e-07
429.18	3.77793e-07
429.2	3.75387e-07
429.22	3.72999e-07
429.24	3.70631e-07
429.26	3.68282e-07
429.28	3.65951e-07
429.3	3.6364e-07
429.32	3.61346e-07
429.34	3.59072e-07
429.36	3.56815e-07
429.38	3.54577e-07
429.4	3.52357e-07
429.42	3.50154e-07
429.44	3.47969e-07
429.46	3.45802e-07
429.48	3.43652e-07
429.5	3.41519e-07
429.52	3.39403e-07
429.54	3.37305e-07
429.56	3.35223e-07
429.58	3.33158e-07
429.6	3.31109e-07
429.62	3.29077e-07
429.64	3.27062e-07
429.66	3.25062e-07
429.68	3.23078e-07
429.7	3.21111e-07
429.72	3.19159e-07
429.74	3.17223e-07
429.76	3.15302e-07
429.78	3.13397e-07
429.8	3.11507e-07
429.82	3.09632e-07
429.84	3.07773e-07
429.86	3.05928e-07
429.88	3.04098e-07
429.9	3.02283e-07
429.92	3.00482e-07
429.94	2.98696e-07
429.96	2.96925e-07
429.98	2.95167e-07
430	2.93424e-07
430.02	2.91695e-07
430.04	2.89979e-07
430.06	2.88278e-07
430.08	2.8659e-07
430.1	2.84916e-07
430.12	2.83255e-07
430.14	2.81607e-07
430.16	2.79973e-07
430.18	2.78353e-07
430.2	2.76745e-07
430.22	2.7515e-07
430.24	2.73568e-07
430.26	2.71999e-07
430.28	2.70443e-07
430.3	2.68899e-07
430.32	2.67368e-07
430.34	2.65849e-07
430.36	2.64343e-07
430.38	2.62848e-07
430.4	2.61366e-07
430.42	2.59896e-07
430.44	2.58438e-07
430.46	2.56992e-07
430.48	2.55557e-07
430.5	2.54134e-07
430.52	2.52723e-07
430.54	2.51324e-07
430.56	2.49935e-07
430.58	2.48559e-07
430.6	2.47193e-07
430.62	2.45839e-07
430.64	2.44495e-07
430.66	2.43163e-07
430.68	2.41842e-07
430.7	2.40532e-07
430.72	2.39232e-07
430.74	2.37943e-07
430.76	2.36665e-07
430.78	2.35397e-07
430.8	2.3414e-07
430.82	2.32893e-07
430.84	2.31657e-07
430.86	2.30431e-07
430.88	2.29215e-07
430.9	2.28009e-07
430.92	2.26813e-07
430.94	2.25628e-07
430.96	2.24452e-07
430.98	2.23286e-07
431	2.2213e-07
431.02	2.20984e-07
431.04	2.19847e-07
431.06	2.1872e-07
431.08	2.17602e-07
431.1	2.16494e-07
431.12	2.15396e-07
431.14	2.14307e-07
431.16	2.13227e-07
431.18	2.12156e-07
431.2	2.11094e-07
431.22	2.10042e-07
431.24	2.08999e-07
431.26	2.07964e-07
431.28	2.06939e-07
431.3	2.05922e-07
431.32	2.04915e-07
431.34	2.03916e-07
431.36	2.02926e-07
431.38	2.01945e-07
431.4	2.00972e-07
431.42	2.00008e-07
431.44	1.99052e-07
431.46	1.98105e-07
431.48	1.97167e-07
431.5	1.96236e-07
431.52	1.95315e-07
431.54	1.94401e-07
431.56	1.93496e-07
431.58	1.92599e-07
431.6	1.9171e-07
431.62	1.90829e-07
431.64	1.89957e-07
431.66	1.89092e-07
431.68	1.88236e-07
431.7	1.87387e-07
431.72	1.86547e-07
431.74	1.85714e-07
431.76	1.84889e-07
431.78	1.84073e-07
431.8	1.83264e-07
431.82	1.82462e-07
431.84	1.81669e-07
431.86	1.80883e-07
431.88	1.80105e-07
431.9	1.79334e-07
431.92	1.78572e-07
431.94	1.77817e-07
431.96	1.77069e-07
431.98	1.76329e-07
432	1.75597e-07
432.02	1.74872e-07
432.04	1.74154e-07
432.06	1.73444e-07
432.08	1.72742e-07
432.1	1.72047e-07
432.12	1.71359e-07
432.14	1.70679e-07
432.16	1.70006e-07
432.18	1.69341e-07
432.2	1.68683e-07
432.22	1.68033e-07
432.24	1.6739e-07
432.26	1.66754e-07
432.28	1.66125e-07
432.3	1.65504e-07
432.32	1.64891e-07
432.34	1.64285e-07
432.36	1.63686e-07
432.38	1.63094e-07
432.4	1.6251e-07
432.42	1.61934e-07
432.44	1.61364e-07
432.46	1.60803e-07
432.48	1.60248e-07
432.5	1.59701e-07
432.52	1.59162e-07
432.54	1.5863e-07
432.56	1.58106e-07
432.58	1.5759e-07
432.6	1.57081e-07
432.62	1.5658e-07
432.64	1.56086e-07
432.66	1.55601e-07
432.68	1.55123e-07
432.7	1.54653e-07
432.72	1.54191e-07
432.74	1.53737e-07
432.76	1.53292e-07
432.78	1.52854e-07
432.8	1.52425e-07
432.82	1.52004e-07
432.84	1.51592e-07
432.86	1.51188e-07
432.88	1.50794e-07
432.9	1.50408e-07
432.92	1.50031e-07
432.94	1.49663e-07
432.96	1.49305e-07
432.98	1.48956e-07
433	1.48618e-07
433.02	1.48289e-07
433.04	1.4797e-07
433.06	1.47662e-07
433.08	1.47365e-07
433.1	1.47079e-07
433.12	1.46805e-07
433.14	1.46542e-07
433.16	1.46292e-07
433.18	1.46055e-07
433.2	1.45831e-07
433.22	1.45622e-07
433.24	1.45427e-07
433.26	1.45247e-07
433.28	1.45084e-07
433.3	1.44939e-07
433.32	1.44813e-07
433.34	1.44706e-07
433.36	1.44622e-07
433.38	1.44562e-07
433.4	1.44528e-07
433.42	1.44524e-07
433.44	1.44553e-07
433.46	1.44622e-07
433.48	1.44736e-07
433.5	1.44906e-07
433.52	1.45148e-07
433.54	1.45485e-07
433.56	1.45961e-07
433.58	1.46671e-07
433.6	1.47842e-07
433.62	1.50129e-07
433.64	1.55613e-07
433.66	1.67137e-07
433.68	1.87788e-07
433.7	2.23464e-07
433.72	2.83975e-07
433.74	3.83777e-07
433.76	5.46453e-07
433.78	8.11844e-07
433.8	1.23905e-06
433.82	1.9004e-06
433.84	2.86527e-06
433.86	4.17213e-06
433.88	5.80871e-06
433.9	7.72538e-06
433.92	9.8619e-06
433.94	1.2161e-05
433.96	1.45715e-05
433.98	1.70486e-05
434	1.95544e-05
434.02	2.20579e-05
434.04	2.45342e-05
434.06	2.69639e-05
434.08	2.93321e-05
434.1	3.16279e-05
434.12	3.38431e-05
434.14	3.59722e-05
434.16	3.80116e-05
434.18	3.99595e-05
434.2	4.18152e-05
434.22	4.35792e-05
434.24	4.52528e-05
434.26	4.68379e-05
434.28	4.83369e-05
434.3	4.97525e-05
434.32	5.10875e-05
434.34	5.23452e-05
434.36	5.35286e-05
434.38	5.46408e-05
434.4	5.56851e-05
434.42	5.66646e-05
434.44	5.75823e-05
434.46	5.84411e-05
434.48	5.92439e-05
434.5	5.99935e-05
434.52	6.06925e-05
434.54	6.13434e-05
434.56	6.19487e-05
434.58	6.25106e-05
434.6	6.30314e-05
434.62	6.35132e-05
434.64	6.39578e-05
434.66	6.43674e-05
434.68	6.47435e-05
434.7	6.5088e-05
434.72	6.54023e-05
434.74	6.56882e-05
434.76	6.59469e-05
434.78	6.61798e-05
434.8	6.63883e-05
434.82	6.65736e-05
434.84	6.67367e-05
434.86	6.68788e-05
434.88	6.70009e-05
434.9	6.7104e-05
434.92	6.71889e-05
434.94	6.72566e-05
434.96	6.73077e-05
434.98	6.73431e-05
435	6.73635e-05
435.02	6.73695e-05
435.04	6.73618e-05
435.06	6.73409e-05
435.08	6.73074e-05
435.1	6.72618e-05
435.12	6.72046e-05
435.14	6.71363e-05
435.16	6.70572e-05
435.18	6.69678e-05
435.2	6.68684e-05
435.22	6.67594e-05
435.24	6.66411e-05
435.26	6.65139e-05
435.28	6.6378e-05
435.3	6.62338e-05
435.32	6.60814e-05
435.34	6.59211e-05
435.36	6.57532e-05
435.38	6.55778e-05
435.4	6.53952e-05
435.42	6.52057e-05
435.44	6.50093e-05
435.46	6.48062e-05
435.48	6.45968e-05
435.5	6.4381e-05
435.52	6.41591e-05
435.54	6.39313e-05
435.56	6.36977e-05
435.58	6.34584e-05
435.6	6.32136e-05
435.62	6.29635e-05
435.64	6.27082e-05
435.66	6.24477e-05
435.68	6.21824e-05
435.7	6.19123e-05
435.72	6.16375e-05
435.74	6.13582e-05
435.76	6.10745e-05
435.78	6.07865e-05
435.8	6.04944e-05
435.82	6.01983e-05
435.84	5.98983e-05
435.86	5.95946e-05
435.88	5.92873e-05
435.9	5.89765e-05
435.92	5.86624e-05
435.94	5.8345e-05
435.96	5.80245e-05
435.98	5.77011e-05
436	5.73748e-05
436.02	5.70458e-05
436.04	5.67142e-05
436.06	5.63801e-05
436.08	5.60437e-05
436.1	5.57051e-05
436.12	5.53643e-05
436.14	5.50216e-05
436.16	5.4677e-05
436.18	5.43307e-05
436.2	5.39827e-05
436.22	5.36332e-05
436.24	5.32824e-05
436.26	5.29302e-05
436.28	5.25769e-05
436.3	5.22226e-05
436.32	5.18672e-05
436.34	5.15111e-05
436.36	5.11542e-05
436.38	5.07967e-05
436.4	5.04386e-05
436.42	5.00802e-05
436.44	4.97214e-05
436.46	4.93623e-05
436.48	4.90031e-05
436.5	4.86439e-05
436.52	4.82848e-05
436.54	4.79257e-05
436.56	4.75669e-05
436.58	4.72084e-05
436.6	4.68502e-05
436.62	4.64926e-05
436.64	4.61354e-05
436.66	4.57789e-05
436.68	4.54231e-05
436.7	4.50681e-05
436.72	4.47139e-05
436.74	4.43605e-05
436.76	4.40082e-05
436.78	4.36569e-05
436.8	4.33066e-05
436.82	4.29576e-05
436.84	4.26097e-05
436.86	4.22631e-05
436.88	4.19177e-05
436.9	4.15738e-05
436.92	4.12312e-05
436.94	4.08902e-05
436.96	4.05506e-05
436.98	4.02125e-05
437	3.98761e-05
437.02	3.95413e-05
437.04	3.92081e-05
437.06	3.88766e-05
437.08	3.85469e-05
437.1	3.82189e-05
437.12	3.78928e-05
437.14	3.75684e-05
437.16	3.72459e-05
437.18	3.69253e-05
437.2	3.66066e-05
437.22	3.62898e-05
437.24	3.59749e-05
437.26	3.5662e-05
437.28	3.53511e-05
437.3	3.50423e-05
437.32	3.47354e-05
437.34	3.44305e-05
437.36	3.41277e-05
437.38	3.3827e-05
437.4	3.35283e-05
437.42	3.32318e-05
437.44	3.29373e-05
437.46	3.26449e-05
437.48	3.23546e-05
437.5	3.20665e-05
437.52	3.17804e-05
437.54	3.14965e-05
437.56	3.12147e-05
437.58	3.0935e-05
437.6	3.06575e-05
437.62	3.03821e-05
437.64	3.01088e-05
437.66	2.98377e-05
437.68	2.95687e-05
437.7	2.93018e-05
437.72	2.90371e-05
437.74	2.87745e-05
437.76	2.8514e-05
437.78	2.82556e-05
437.8	2.79993e-05
437.82	2.77452e-05
437.84	2.74931e-05
437.86	2.72431e-05
437.88	2.69953e-05
437.9	2.67495e-05
437.92	2.65058e-05
437.94	2.62641e-05
437.96	2.60245e-05
437.98	2.5787e-05
438	2.55515e-05
438.02	2.5318e-05
438.04	2.50866e-05
438.06	2.48571e-05
438.08	2.46297e-05
438.1	2.44042e-05
438.12	2.41808e-05
438.14	2.39593e-05
438.16	2.37397e-05
438.18	2.35221e-05
438.2	2.33065e-05
438.22	2.30928e-05
438.24	2.28809e-05
438.26	2.2671e-05
438.28	2.2463e-05
438.3	2.22568e-05
438.32	2.20526e-05
438.34	2.18501e-05
438.36	2.16495e-05
438.38	2.14507e-05
438.4	2.12538e-05
438.42	2.10586e-05
438.44	2.08652e-05
438.46	2.06736e-05
438.48	2.04837e-05
438.5	2.02956e-05
438.52	2.01093e-05
438.54	1.99246e-05
438.56	1.97417e-05
438.58	1.95604e-05
438.6	1.93808e-05
438.62	1.92029e-05
438.64	1.90267e-05
438.66	1.88521e-05
438.68	1.86791e-05
438.7	1.85077e-05
438.72	1.83379e-05
438.74	1.81697e-05
438.76	1.80031e-05
438.78	1.78381e-05
438.8	1.76745e-05
438.82	1.75126e-05
438.84	1.73521e-05
438.86	1.71932e-05
438.88	1.70357e-05
438.9	1.68797e-05
438.92	1.67252e-05
438.94	1.65722e-05
438.96	1.64206e-05
438.98	1.62704e-05
439	1.61216e-05
439.02	1.59742e-05
439.04	1.58283e-05
439.06	1.56837e-05
439.08	1.55404e-05
439.1	1.53986e-05
439.12	1.5258e-05
439.14	1.51188e-05
439.16	1.4981e-05
439.18	1.48444e-05
439.2	1.47091e-05
439.22	1.45751e-05
439.24	1.44423e-05
439.26	1.43109e-05
439.28	1.41806e-05
439.3	1.40516e-05
439.32	1.39238e-05
439.34	1.37973e-05
439.36	1.36719e-05
439.38	1.35477e-05
439.4	1.34247e-05
439.42	1.33029e-05
439.44	1.31822e-05
439.46	1.30626e-05
439.48	1.29442e-05
439.5	1.28269e-05
439.52	1.27107e-05
439.54	1.25957e-05
439.56	1.24817e-05
439.58	1.23688e-05
439.6	1.22569e-05
439.62	1.21462e-05
439.64	1.20364e-05
439.66	1.19277e-05
439.68	1.18201e-05
439.7	1.17134e-05
439.72	1.16078e-05
439.74	1.15032e-05
439.76	1.13995e-05
439.78	1.12969e-05
439.8	1.11952e-05
439.82	1.10944e-05
439.84	1.09946e-05
439.86	1.08958e-05
439.88	1.07979e-05
439.9	1.07009e-05
439.92	1.06049e-05
439.94	1.05097e-05
439.96	1.04154e-05
439.98	1.03221e-05
440	1.02296e-05
440.02	1.0138e-05
440.04	1.00472e-05
440.06	9.95731e-06
440.08	9.86825e-06
440.1	9.78004e-06
440.12	9.69266e-06
440.14	9.60609e-06
440.16	9.52034e-06
440.18	9.4354e-06
440.2	9.35126e-06
440.22	9.26791e-06
440.24	9.18534e-06
440.26	9.10354e-06
440.28	9.02251e-06
440.3	8.94225e-06
440.32	8.86273e-06
440.34	8.78396e-06
440.36	8.70593e-06
440.38	8.62863e-06
440.4	8.55206e-06
440.42	8.4762e-06
440.44	8.40105e-06
440.46	8.32661e-06
440.48	8.25286e-06
440.5	8.1798e-06
440.52	8.10742e-06
440.54	8.03572e-06
440.56	7.96469e-06
440.58	7.89432e-06
440.6	7.8246e-06
440.62	7.75554e-06
440.64	7.68712e-06
440.66	7.61934e-06
440.68	7.55219e-06
440.7	7.48567e-06
440.72	7.41976e-06
440.74	7.35447e-06
440.76	7.28978e-06
440.78	7.2257e-06
440.8	7.16221e-06
440.82	7.09931e-06
440.84	7.03699e-06
440.86	6.97526e-06
440.88	6.91409e-06
440.9	6.85349e-06
440.92	6.79346e-06
440.94	6.73398e-06
440.96	6.67505e-06
440.98	6.61666e-06
441	6.55882e-06
441.02	6.50151e-06
441.04	6.44473e-06
441.06	6.38848e-06
441.08	6.33274e-06
441.1	6.27752e-06
441.12	6.22281e-06
441.14	6.16861e-06
441.16	6.1149e-06
441.18	6.06169e-06
441.2	6.00897e-06
441.22	5.95673e-06
441.24	5.90498e-06
441.26	5.8537e-06
441.28	5.80289e-06
441.3	5.75255e-06
441.32	5.70268e-06
441.34	5.65326e-06
441.36	5.60429e-06
441.38	5.55578e-06
441.4	5.50771e-06
441.42	5.46008e-06
441.44	5.41288e-06
441.46	5.36612e-06
441.48	5.31979e-06
441.5	5.27388e-06
441.52	5.22839e-06
441.54	5.18332e-06
441.56	5.13866e-06
441.58	5.09441e-06
441.6	5.05056e-06
441.62	5.00712e-06
441.64	4.96407e-06
441.66	4.92141e-06
441.68	4.87914e-06
441.7	4.83726e-06
441.72	4.79575e-06
441.74	4.75463e-06
441.76	4.71388e-06
441.78	4.6735e-06
441.8	4.63349e-06
441.82	4.59385e-06
441.84	4.55456e-06
441.86	4.51563e-06
441.88	4.47705e-06
441.9	4.43883e-06
441.92	4.40095e-06
441.94	4.36341e-06
441.96	4.32622e-06
441.98	4.28936e-06
442	4.25283e-06
442.02	4.21664e-06
442.04	4.18077e-06
442.06	4.14523e-06
442.08	4.11001e-06
442.1	4.07511e-06
442.12	4.04053e-06
442.14	4.00625e-06
442.16	3.97229e-06
442.18	3.93863e-06
442.2	3.90528e-06
442.22	3.87222e-06
442.24	3.83947e-06
442.26	3.80701e-06
442.28	3.77484e-06
442.3	3.74296e-06
442.32	3.71137e-06
442.34	3.68007e-06
442.36	3.64904e-06
442.38	3.6183e-06
442.4	3.58782e-06
442.42	3.55763e-06
442.44	3.5277e-06
442.46	3.49805e-06
442.48	3.46866e-06
442.5	3.43953e-06
442.52	3.41066e-06
442.54	3.38206e-06
442.56	3.3537e-06
442.58	3.32561e-06
442.6	3.29776e-06
442.62	3.27016e-06
442.64	3.24281e-06
442.66	3.21571e-06
442.68	3.18884e-06
442.7	3.16222e-06
442.72	3.13584e-06
442.74	3.10968e-06
442.76	3.08377e-06
442.78	3.05808e-06
442.8	3.03262e-06
442.82	3.00739e-06
442.84	2.98239e-06
442.86	2.9576e-06
442.88	2.93304e-06
442.9	2.9087e-06
442.92	2.88457e-06
442.94	2.86066e-06
442.96	2.83696e-06
442.98	2.81347e-06
443	2.79018e-06
443.02	2.76711e-06
443.04	2.74424e-06
443.06	2.72157e-06
443.08	2.6991e-06
443.1	2.67684e-06
443.12	2.65477e-06
443.14	2.63289e-06
443.16	2.61121e-06
443.18	2.58972e-06
443.2	2.56842e-06
443.22	2.54731e-06
443.24	2.52638e-06
443.26	2.50564e-06
443.28	2.48508e-06
443.3	2.46471e-06
443.32	2.44451e-06
443.34	2.42449e-06
443.36	2.40465e-06
443.38	2.38498e-06
443.4	2.36549e-06
443.42	2.34617e-06
443.44	2.32701e-06
443.46	2.30803e-06
443.48	2.28921e-06
443.5	2.27056e-06
443.52	2.25207e-06
443.54	2.23375e-06
443.56	2.21558e-06
443.58	2.19758e-06
443.6	2.17973e-06
443.62	2.16204e-06
443.64	2.1445e-06
443.66	2.12712e-06
443.68	2.10989e-06
443.7	2.09281e-06
443.72	2.07588e-06
443.74	2.0591e-06
443.76	2.04247e-06
443.78	2.02598e-06
443.8	2.00963e-06
443.82	1.99343e-06
443.84	1.97737e-06
443.86	1.96145e-06
443.88	1.94567e-06
443.9	1.93002e-06
443.92	1.91451e-06
443.94	1.89914e-06
443.96	1.8839e-06
443.98	1.86879e-06
444	1.85382e-06
444.02	1.83897e-06
444.04	1.82426e-06
444.06	1.80967e-06
444.08	1.79521e-06
444.1	1.78087e-06
444.12	1.76666e-06
444.14	1.75257e-06
444.16	1.73861e-06
444.18	1.72476e-06
444.2	1.71104e-06
444.22	1.69743e-06
444.24	1.68395e-06
444.26	1.67057e-06
444.28	1.65732e-06
444.3	1.64418e-06
444.32	1.63115e-06
444.34	1.61824e-06
444.36	1.60543e-06
444.38	1.59274e-06
444.4	1.58016e-06
444.42	1.56768e-06
444.44	1.55531e-06
444.46	1.54305e-06
444.48	1.5309e-06
444.5	1.51885e-06
444.52	1.5069e-06
444.54	1.49506e-06
444.56	1.48332e-06
444.58	1.47168e-06
444.6	1.46013e-06
444.62	1.44869e-06
444.64	1.43735e-06
444.66	1.4261e-06
444.68	1.41495e-06
444.7	1.4039e-06
444.72	1.39294e-06
444.74	1.38208e-06
444.76	1.3713e-06
444.78	1.36062e-06
444.8	1.35003e-06
444.82	1.33954e-06
444.84	1.32913e-06
444.86	1.31881e-06
444.88	1.30858e-06
444.9	1.29843e-06
444.92	1.28838e-06
444.94	1.27841e-06
444.96	1.26852e-06
444.98	1.25872e-06
445	1.249e-06
445.02	1.23936e-06
445.04	1.22981e-06
445.06	1.22034e-06
445.08	1.21095e-06
445.1	1.20163e-06
445.12	1.1924e-06
445.14	1.18325e-06
445.16	1.17417e-06
445.18	1.16517e-06
445.2	1.15625e-06
445.22	1.1474e-06
445.24	1.13863e-06
445.26	1.12993e-06
445.28	1.12131e-06
445.3	1.11276e-06
445.32	1.10428e-06
445.34	1.09587e-06
445.36	1.08754e-06
445.38	1.07927e-06
445.4	1.07108e-06
445.42	1.06295e-06
445.44	1.05489e-06
445.46	1.0469e-06
445.48	1.03898e-06
445.5	1.03113e-06
445.52	1.02334e-06
445.54	1.01561e-06
445.56	1.00796e-06
445.58	1.00036e-06
445.6	9.92833e-07
445.62	9.85366e-07
445.64	9.77963e-07
445.66	9.70622e-07
445.68	9.63342e-07
445.7	9.56124e-07
445.72	9.48966e-07
445.74	9.41868e-07
445.76	9.3483e-07
445.78	9.27851e-07
445.8	9.20931e-07
445.82	9.14068e-07
445.84	9.07263e-07
445.86	9.00515e-07
445.88	8.93823e-07
445.9	8.87188e-07
445.92	8.80608e-07
445.94	8.74083e-07
445.96	8.67612e-07
445.98	8.61196e-07
446	8.54833e-07
446.02	8.48523e-07
446.04	8.42266e-07
446.06	8.36061e-07
446.08	8.29908e-07
446.1	8.23806e-07
446.12	8.17754e-07
446.14	8.11754e-07
446.16	8.05803e-07
446.18	7.99901e-07
446.2	7.94049e-07
446.22	7.88245e-07
446.24	7.8249e-07
446.26	7.76782e-07
446.28	7.71122e-07
446.3	7.65509e-07
446.32	7.59942e-07
446.34	7.54422e-07
446.36	7.48947e-07
446.38	7.43517e-07
446.4	7.38133e-07
446.42	7.32793e-07
446.44	7.27497e-07
446.46	7.22245e-07
446.48	7.17037e-07
446.5	7.11871e-07
446.52	7.06749e-07
446.54	7.01668e-07
446.56	6.9663e-07
446.58	6.91633e-07
446.6	6.86677e-07
446.62	6.81762e-07
446.64	6.76887e-07
446.66	6.72053e-07
446.68	6.67259e-07
446.7	6.62504e-07
446.72	6.57788e-07
446.74	6.53111e-07
446.76	6.48472e-07
446.78	6.43872e-07
446.8	6.39309e-07
446.82	6.34784e-07
446.84	6.30296e-07
446.86	6.25845e-07
446.88	6.2143e-07
446.9	6.17052e-07
446.92	6.12709e-07
446.94	6.08402e-07
446.96	6.0413e-07
446.98	5.99893e-07
447	5.95691e-07
447.02	5.91524e-07
447.04	5.8739e-07
447.06	5.8329e-07
447.08	5.79224e-07
447.1	5.75191e-07
447.12	5.71191e-07
447.14	5.67223e-07
447.16	5.63288e-07
447.18	5.59385e-07
447.2	5.55514e-07
447.22	5.51674e-07
447.24	5.47866e-07
447.26	5.44089e-07
447.28	5.40342e-07
447.3	5.36626e-07
447.32	5.32941e-07
447.34	5.29285e-07
447.36	5.25659e-07
447.38	5.22062e-07
447.4	5.18495e-07
447.42	5.14957e-07
447.44	5.11447e-07
447.46	5.07966e-07
447.48	5.04513e-07
447.5	5.01088e-07
447.52	4.97691e-07
447.54	4.94322e-07
447.56	4.9098e-07
447.58	4.87664e-07
447.6	4.84376e-07
447.62	4.81115e-07
447.64	4.77879e-07
447.66	4.74671e-07
447.68	4.71488e-07
447.7	4.6833e-07
447.72	4.65199e-07
447.74	4.62092e-07
447.76	4.59011e-07
447.78	4.55955e-07
447.8	4.52923e-07
447.82	4.49916e-07
447.84	4.46933e-07
447.86	4.43974e-07
447.88	4.41039e-07
447.9	4.38128e-07
447.92	4.3524e-07
447.94	4.32376e-07
447.96	4.29534e-07
447.98	4.26716e-07
448	4.2392e-07
448.02	4.21147e-07
448.04	4.18396e-07
448.06	4.15667e-07
448.08	4.1296e-07
448.1	4.10275e-07
448.12	4.07612e-07
448.14	4.0497e-07
448.16	4.0235e-07
448.18	3.9975e-07
448.2	3.97171e-07
448.22	3.94613e-07
448.24	3.92076e-07
448.26	3.89559e-07
448.28	3.87062e-07
448.3	3.84586e-07
448.32	3.82129e-07
448.34	3.79692e-07
448.36	3.77275e-07
448.38	3.74877e-07
448.4	3.72498e-07
448.42	3.70138e-07
448.44	3.67798e-07
448.46	3.65476e-07
448.48	3.63172e-07
448.5	3.60888e-07
448.52	3.58621e-07
448.54	3.56373e-07
448.56	3.54143e-07
448.58	3.51931e-07
448.6	3.49736e-07
448.62	3.47559e-07
448.64	3.454e-07
448.66	3.43258e-07
448.68	3.41133e-07
448.7	3.39025e-07
448.72	3.36934e-07
448.74	3.3486e-07
448.76	3.32802e-07
448.78	3.30761e-07
448.8	3.28737e-07
448.82	3.26728e-07
448.84	3.24736e-07
448.86	3.2276e-07
448.88	3.20799e-07
448.9	3.18855e-07
448.92	3.16926e-07
448.94	3.15012e-07
448.96	3.13114e-07
448.98	3.11231e-07
449	3.09363e-07
449.02	3.07511e-07
449.04	3.05673e-07
449.06	3.0385e-07
449.08	3.02041e-07
449.1	3.00248e-07
449.12	2.98468e-07
449.14	2.96703e-07
449.16	2.94952e-07
449.18	2.93215e-07
449.2	2.91493e-07
449.22	2.89784e-07
449.24	2.88089e-07
449.26	2.86407e-07
449.28	2.84739e-07
449.3	2.83085e-07
449.32	2.81444e-07
449.34	2.79816e-07
449.36	2.78201e-07
449.38	2.766e-07
449.4	2.75011e-07
449.42	2.73435e-07
449.44	2.71872e-07
449.46	2.70322e-07
449.48	2.68784e-07
449.5	2.67259e-07
449.52	2.65746e-07
449.54	2.64245e-07
449.56	2.62757e-07
449.58	2.61281e-07
449.6	2.59816e-07
449.62	2.58364e-07
449.64	2.56923e-07
449.66	2.55495e-07
449.68	2.54077e-07
449.7	2.52672e-07
449.72	2.51278e-07
449.74	2.49895e-07
449.76	2.48524e-07
449.78	2.47164e-07
449.8	2.45815e-07
449.82	2.44477e-07
449.84	2.43151e-07
449.86	2.41835e-07
449.88	2.4053e-07
449.9	2.39236e-07
449.92	2.37952e-07
449.94	2.36679e-07
449.96	2.35417e-07
449.98	2.34165e-07
450	2.32924e-07
450.02	2.31693e-07
450.04	2.30472e-07
450.06	2.29261e-07
450.08	2.28061e-07
450.1	2.2687e-07
450.12	2.2569e-07
450.14	2.24519e-07
450.16	2.23358e-07
450.18	2.22207e-07
450.2	2.21066e-07
450.22	2.19935e-07
450.24	2.18813e-07
450.26	2.177e-07
450.28	2.16597e-07
450.3	2.15504e-07
450.32	2.1442e-07
450.34	2.13345e-07
450.36	2.12279e-07
450.38	2.11223e-07
450.4	2.10176e-07
450.42	2.09137e-07
450.44	2.08108e-07
450.46	2.07088e-07
450.48	2.06076e-07
450.5	2.05074e-07
450.52	2.0408e-07
450.54	2.03095e-07
450.56	2.02119e-07
450.58	2.01151e-07
450.6	2.00192e-07
450.62	1.99242e-07
450.64	1.983e-07
450.66	1.97366e-07
450.68	1.96441e-07
450.7	1.95525e-07
450.72	1.94616e-07
450.74	1.93716e-07
450.76	1.92824e-07
450.78	1.91941e-07
450.8	1.91065e-07
450.82	1.90198e-07
450.84	1.89338e-07
450.86	1.88487e-07
450.88	1.87644e-07
450.9	1.86809e-07
450.92	1.85981e-07
450.94	1.85162e-07
450.96	1.8435e-07
450.98	1.83547e-07
451	1.82751e-07
451.02	1.81963e-07
451.04	1.81183e-07
451.06	1.8041e-07
451.08	1.79645e-07
451.1	1.78888e-07
451.12	1.78138e-07
451.14	1.77396e-07
451.16	1.76662e-07
451.18	1.75935e-07
451.2	1.75216e-07
451.22	1.74504e-07
451.24	1.738e-07
451.26	1.73104e-07
451.28	1.72415e-07
451.3	1.71733e-07
451.32	1.71059e-07
451.34	1.70393e-07
451.36	1.69733e-07
451.38	1.69082e-07
451.4	1.68438e-07
451.42	1.67801e-07
451.44	1.67172e-07
451.46	1.6655e-07
451.48	1.65935e-07
451.5	1.65328e-07
451.52	1.64729e-07
451.54	1.64137e-07
451.56	1.63552e-07
451.58	1.62975e-07
451.6	1.62406e-07
451.62	1.61844e-07
451.64	1.6129e-07
451.66	1.60743e-07
451.68	1.60204e-07
451.7	1.59672e-07
451.72	1.59149e-07
451.74	1.58633e-07
451.76	1.58124e-07
451.78	1.57624e-07
451.8	1.57131e-07
451.82	1.56647e-07
451.84	1.5617e-07
451.86	1.55701e-07
451.88	1.55241e-07
451.9	1.54789e-07
451.92	1.54345e-07
451.94	1.53909e-07
451.96	1.53482e-07
451.98	1.53063e-07
452	1.52654e-07
452.02	1.52253e-07
452.04	1.51861e-07
452.06	1.51478e-07
452.08	1.51104e-07
452.1	1.5074e-07
452.12	1.50386e-07
452.14	1.50041e-07
452.16	1.49706e-07
452.18	1.49382e-07
452.2	1.49069e-07
452.22	1.48766e-07
452.24	1.48475e-07
452.26	1.48195e-07
452.28	1.47927e-07
452.3	1.47672e-07
452.32	1.4743e-07
452.34	1.47201e-07
452.36	1.46986e-07
452.38	1.46786e-07
452.4	1.46602e-07
452.42	1.46434e-07
452.44	1.46284e-07
452.46	1.46153e-07
452.48	1.46042e-07
452.5	1.45953e-07
452.52	1.45887e-07
452.54	1.45849e-07
452.56	1.4584e-07
452.58	1.45864e-07
452.6	1.45927e-07
452.62	1.46036e-07
452.64	1.462e-07
452.66	1.46434e-07
452.68	1.46762e-07
452.7	1.47225e-07
452.72	1.4791e-07
452.74	1.4903e-07
452.76	1.51178e-07
452.78	1.56302e-07
452.8	1.67234e-07
452.82	1.86998e-07
452.84	2.21167e-07
452.86	2.79226e-07
452.88	3.75141e-07
452.9	5.31423e-07
452.92	7.86286e-07
452.94	1.19728e-06
452.96	1.8361e-06
452.98	2.77342e-06
453	4.05166e-06
453.02	5.66296e-06
453.04	7.55977e-06
453.06	9.68192e-06
453.08	1.19716e-05
453.1	1.43769e-05
453.12	1.68526e-05
453.14	1.936e-05
453.16	2.18674e-05
453.18	2.43494e-05
453.2	2.67863e-05
453.22	2.91628e-05
453.24	3.14674e-05
453.26	3.3692e-05
453.28	3.58307e-05
453.3	3.78799e-05
453.32	3.98374e-05
453.34	4.17027e-05
453.36	4.34761e-05
453.38	4.51588e-05
453.4	4.67528e-05
453.42	4.82603e-05
453.44	4.96841e-05
453.46	5.1027e-05
453.48	5.22921e-05
453.5	5.34826e-05
453.52	5.46017e-05
453.54	5.56524e-05
453.56	5.6638e-05
453.58	5.75615e-05
453.6	5.84258e-05
453.62	5.92338e-05
453.64	5.99883e-05
453.66	6.0692e-05
453.68	6.13473e-05
453.7	6.19568e-05
453.72	6.25226e-05
453.74	6.30472e-05
453.76	6.35324e-05
453.78	6.39805e-05
453.8	6.43931e-05
453.82	6.47723e-05
453.84	6.51195e-05
453.86	6.54366e-05
453.88	6.57249e-05
453.9	6.5986e-05
453.92	6.62212e-05
453.94	6.64318e-05
453.96	6.66191e-05
453.98	6.67841e-05
454	6.6928e-05
454.02	6.70519e-05
454.04	6.71566e-05
454.06	6.7243e-05
454.08	6.73121e-05
454.1	6.73646e-05
454.12	6.74013e-05
454.14	6.7423e-05
454.16	6.74302e-05
454.18	6.74236e-05
454.2	6.74037e-05
454.22	6.73712e-05
454.24	6.73266e-05
454.26	6.72703e-05
454.28	6.72029e-05
454.3	6.71246e-05
454.32	6.7036e-05
454.34	6.69374e-05
454.36	6.68291e-05
454.38	6.67116e-05
454.4	6.6585e-05
454.42	6.64498e-05
454.44	6.63061e-05
454.46	6.61543e-05
454.48	6.59946e-05
454.5	6.58272e-05
454.52	6.56523e-05
454.54	6.54703e-05
454.56	6.52812e-05
454.58	6.50852e-05
454.6	6.48826e-05
454.62	6.46735e-05
454.64	6.44582e-05
454.66	6.42367e-05
454.68	6.40092e-05
454.7	6.37759e-05
454.72	6.3537e-05
454.74	6.32925e-05
454.76	6.30427e-05
454.78	6.27876e-05
454.8	6.25275e-05
454.82	6.22624e-05
454.84	6.19925e-05
454.86	6.17179e-05
454.88	6.14388e-05
454.9	6.11553e-05
454.92	6.08675e-05
454.94	6.05756e-05
454.96	6.02796e-05
454.98	5.99798e-05
455	5.96762e-05
455.02	5.9369e-05
455.04	5.90583e-05
455.06	5.87442e-05
455.08	5.84269e-05
455.1	5.81065e-05
455.12	5.77831e-05
455.14	5.74568e-05
455.16	5.71278e-05
455.18	5.67962e-05
455.2	5.64621e-05
455.22	5.61256e-05
455.24	5.57869e-05
455.26	5.54461e-05
455.28	5.51033e-05
455.3	5.47587e-05
455.32	5.44122e-05
455.34	5.40641e-05
455.36	5.37146e-05
455.38	5.33636e-05
455.4	5.30113e-05
455.42	5.26578e-05
455.44	5.23033e-05
455.46	5.19478e-05
455.48	5.15914e-05
455.5	5.12343e-05
455.52	5.08766e-05
455.54	5.05183e-05
455.56	5.01596e-05
455.58	4.98006e-05
455.6	4.94413e-05
455.62	4.90819e-05
455.64	4.87224e-05
455.66	4.83629e-05
455.68	4.80036e-05
455.7	4.76445e-05
455.72	4.72856e-05
455.74	4.69272e-05
455.76	4.65692e-05
455.78	4.62118e-05
455.8	4.58549e-05
455.82	4.54988e-05
455.84	4.51434e-05
455.86	4.47888e-05
455.88	4.44351e-05
455.9	4.40824e-05
455.92	4.37307e-05
455.94	4.33801e-05
455.96	4.30306e-05
455.98	4.26824e-05
456	4.23354e-05
456.02	4.19897e-05
456.04	4.16453e-05
456.06	4.13024e-05
456.08	4.09609e-05
456.1	4.06209e-05
456.12	4.02824e-05
456.14	3.99456e-05
456.16	3.96103e-05
456.18	3.92767e-05
456.2	3.89449e-05
456.22	3.86147e-05
456.24	3.82863e-05
456.26	3.79597e-05
456.28	3.76349e-05
456.3	3.7312e-05
456.32	3.69909e-05
456.34	3.66718e-05
456.36	3.63545e-05
456.38	3.60393e-05
456.4	3.57259e-05
456.42	3.54146e-05
456.44	3.51053e-05
456.46	3.47979e-05
456.48	3.44927e-05
456.5	3.41894e-05
456.52	3.38883e-05
456.54	3.35892e-05
456.56	3.32921e-05
456.58	3.29972e-05
456.6	3.27044e-05
456.62	3.24137e-05
456.64	3.21251e-05
456.66	3.18386e-05
456.68	3.15542e-05
456.7	3.1272e-05
456.72	3.09919e-05
456.74	3.0714e-05
456.76	3.04381e-05
456.78	3.01644e-05
456.8	2.98929e-05
456.82	2.96234e-05
456.84	2.93561e-05
456.86	2.9091e-05
456.88	2.88279e-05
456.9	2.8567e-05
456.92	2.83082e-05
456.94	2.80516e-05
456.96	2.7797e-05
456.98	2.75445e-05
457	2.72941e-05
457.02	2.70459e-05
457.04	2.67997e-05
457.06	2.65555e-05
457.08	2.63135e-05
457.1	2.60735e-05
457.12	2.58356e-05
457.14	2.55997e-05
457.16	2.53658e-05
457.18	2.5134e-05
457.2	2.49041e-05
457.22	2.46763e-05
457.24	2.44505e-05
457.26	2.42267e-05
457.28	2.40048e-05
457.3	2.37849e-05
457.32	2.35669e-05
457.34	2.33509e-05
457.36	2.31368e-05
457.38	2.29246e-05
457.4	2.27143e-05
457.42	2.25059e-05
457.44	2.22994e-05
457.46	2.20948e-05
457.48	2.1892e-05
457.5	2.1691e-05
457.52	2.14919e-05
457.54	2.12946e-05
457.56	2.10991e-05
457.58	2.09054e-05
457.6	2.07134e-05
457.62	2.05232e-05
457.64	2.03348e-05
457.66	2.01481e-05
457.68	1.99631e-05
457.7	1.97798e-05
457.72	1.95983e-05
457.74	1.94184e-05
457.76	1.92401e-05
457.78	1.90636e-05
457.8	1.88887e-05
457.82	1.87154e-05
457.84	1.85437e-05
457.86	1.83736e-05
457.88	1.82051e-05
457.9	1.80382e-05
457.92	1.78728e-05
457.94	1.7709e-05
457.96	1.75468e-05
457.98	1.7386e-05
458	1.72268e-05
458.02	1.7069e-05
458.04	1.69128e-05
458.06	1.6758e-05
458.08	1.66046e-05
458.1	1.64528e-05
458.12	1.63023e-05
458.14	1.61533e-05
458.16	1.60056e-05
458.18	1.58594e-05
458.2	1.57145e-05
458.22	1.55711e-05
458.24	1.54289e-05
458.26	1.52881e-05
458.28	1.51487e-05
458.3	1.50105e-05
458.32	1.48737e-05
458.34	1.47382e-05
458.36	1.46039e-05
458.38	1.44709e-05
458.4	1.43392e-05
458.42	1.42087e-05
458.44	1.40795e-05
458.46	1.39515e-05
458.48	1.38247e-05
458.5	1.36991e-05
458.52	1.35746e-05
458.54	1.34514e-05
458.56	1.33293e-05
458.58	1.32084e-05
458.6	1.30887e-05
458.62	1.297e-05
458.64	1.28525e-05
458.66	1.27361e-05
458.68	1.26208e-05
458.7	1.25066e-05
458.72	1.23935e-05
458.74	1.22815e-05
458.76	1.21705e-05
458.78	1.20606e-05
458.8	1.19517e-05
458.82	1.18438e-05
458.84	1.1737e-05
458.86	1.16311e-05
458.88	1.15263e-05
458.9	1.14225e-05
458.92	1.13196e-05
458.94	1.12177e-05
458.96	1.11168e-05
458.98	1.10168e-05
459	1.09178e-05
459.02	1.08197e-05
459.04	1.07226e-05
459.06	1.06263e-05
459.08	1.0531e-05
459.1	1.04365e-05
459.12	1.0343e-05
459.14	1.02503e-05
459.16	1.01585e-05
459.18	1.00676e-05
459.2	9.97754e-06
459.22	9.88832e-06
459.24	9.79994e-06
459.26	9.71239e-06
459.28	9.62566e-06
459.3	9.53975e-06
459.32	9.45465e-06
459.34	9.37035e-06
459.36	9.28684e-06
459.38	9.20411e-06
459.4	9.12216e-06
459.42	9.04098e-06
459.44	8.96056e-06
459.46	8.8809e-06
459.48	8.80198e-06
459.5	8.7238e-06
459.52	8.64635e-06
459.54	8.56963e-06
459.56	8.49363e-06
459.58	8.41834e-06
459.6	8.34375e-06
459.62	8.26986e-06
459.64	8.19666e-06
459.66	8.12414e-06
459.68	8.05231e-06
459.7	7.98114e-06
459.72	7.91063e-06
459.74	7.84079e-06
459.76	7.77159e-06
459.78	7.70304e-06
459.8	7.63513e-06
459.82	7.56785e-06
459.84	7.5012e-06
459.86	7.43517e-06
459.88	7.36975e-06
459.9	7.30494e-06
459.92	7.24073e-06
459.94	7.17712e-06
459.96	7.1141e-06
459.98	7.05166e-06
460	6.98981e-06
460.02	6.92852e-06
460.04	6.86781e-06
460.06	6.80766e-06
460.08	6.74806e-06
460.1	6.68902e-06
460.12	6.63052e-06
460.14	6.57257e-06
460.16	6.51515e-06
460.18	6.45826e-06
460.2	6.4019e-06
460.22	6.34605e-06
460.24	6.29073e-06
460.26	6.23591e-06
460.28	6.1816e-06
460.3	6.12779e-06
460.32	6.07447e-06
460.34	6.02165e-06
460.36	5.96931e-06
460.38	5.91746e-06
460.4	5.86608e-06
460.42	5.81518e-06
460.44	5.76474e-06
460.46	5.71476e-06
460.48	5.66525e-06
460.5	5.61619e-06
460.52	5.56758e-06
460.54	5.51941e-06
460.56	5.47169e-06
460.58	5.42441e-06
460.6	5.37755e-06
460.62	5.33113e-06
460.64	5.28513e-06
460.66	5.23955e-06
460.68	5.19439e-06
460.7	5.14965e-06
460.72	5.10531e-06
460.74	5.06137e-06
460.76	5.01784e-06
460.78	4.97471e-06
460.8	4.93197e-06
460.82	4.88961e-06
460.84	4.84765e-06
460.86	4.80606e-06
460.88	4.76486e-06
460.9	4.72403e-06
460.92	4.68357e-06
460.94	4.64348e-06
460.96	4.60376e-06
460.98	4.56439e-06
461	4.52539e-06
461.02	4.48673e-06
461.04	4.44843e-06
461.06	4.41048e-06
461.08	4.37287e-06
461.1	4.3356e-06
461.12	4.29867e-06
461.14	4.26207e-06
461.16	4.22581e-06
461.18	4.18987e-06
461.2	4.15426e-06
461.22	4.11897e-06
461.24	4.084e-06
461.26	4.04934e-06
461.28	4.015e-06
461.3	3.98097e-06
461.32	3.94724e-06
461.34	3.91382e-06
461.36	3.8807e-06
461.38	3.84788e-06
461.4	3.81536e-06
461.42	3.78313e-06
461.44	3.75119e-06
461.46	3.71953e-06
461.48	3.68816e-06
461.5	3.65707e-06
461.52	3.62627e-06
461.54	3.59574e-06
461.56	3.56548e-06
461.58	3.53549e-06
461.6	3.50578e-06
461.62	3.47633e-06
461.64	3.44714e-06
461.66	3.41822e-06
461.68	3.38955e-06
461.7	3.36114e-06
461.72	3.33299e-06
461.74	3.30509e-06
461.76	3.27744e-06
461.78	3.25003e-06
461.8	3.22287e-06
461.82	3.19595e-06
461.84	3.16927e-06
461.86	3.14283e-06
461.88	3.11663e-06
461.9	3.09066e-06
461.92	3.06492e-06
461.94	3.03941e-06
461.96	3.01413e-06
461.98	2.98908e-06
462	2.96424e-06
462.02	2.93963e-06
462.04	2.91524e-06
462.06	2.89106e-06
462.08	2.8671e-06
462.1	2.84335e-06
462.12	2.81981e-06
462.14	2.79648e-06
462.16	2.77336e-06
462.18	2.75044e-06
462.2	2.72773e-06
462.22	2.70522e-06
462.24	2.6829e-06
462.26	2.66079e-06
462.28	2.63887e-06
462.3	2.61714e-06
462.32	2.59561e-06
462.34	2.57426e-06
462.36	2.55311e-06
462.38	2.53214e-06
462.4	2.51135e-06
462.42	2.49076e-06
462.44	2.47034e-06
462.46	2.4501e-06
462.48	2.43004e-06
462.5	2.41016e-06
462.52	2.39045e-06
462.54	2.37091e-06
462.56	2.35155e-06
462.58	2.33236e-06
462.6	2.31334e-06
462.62	2.29448e-06
462.64	2.27579e-06
462.66	2.25727e-06
462.68	2.2389e-06
462.7	2.2207e-06
462.72	2.20266e-06
462.74	2.18477e-06
462.76	2.16705e-06
462.78	2.14947e-06
462.8	2.13206e-06
462.82	2.11479e-06
462.84	2.09767e-06
462.86	2.08071e-06
462.88	2.06389e-06
462.9	2.04722e-06
462.92	2.0307e-06
462.94	2.01432e-06
462.96	1.99808e-06
462.98	1.98199e-06
463	1.96604e-06
463.02	1.95022e-06
463.04	1.93454e-06
463.06	1.919e-06
463.08	1.9036e-06
463.1	1.88833e-06
463.12	1.87319e-06
463.14	1.85818e-06
463.16	1.8433e-06
463.18	1.82856e-06
463.2	1.81394e-06
463.22	1.79945e-06
463.24	1.78508e-06
463.26	1.77084e-06
463.28	1.75672e-06
463.3	1.74273e-06
463.32	1.72885e-06
463.34	1.7151e-06
463.36	1.70147e-06
463.38	1.68795e-06
463.4	1.67455e-06
463.42	1.66127e-06
463.44	1.6481e-06
463.46	1.63504e-06
463.48	1.6221e-06
463.5	1.60927e-06
463.52	1.59655e-06
463.54	1.58394e-06
463.56	1.57144e-06
463.58	1.55905e-06
463.6	1.54676e-06
463.62	1.53458e-06
463.64	1.5225e-06
463.66	1.51053e-06
463.68	1.49866e-06
463.7	1.4869e-06
463.72	1.47523e-06
463.74	1.46366e-06
463.76	1.4522e-06
463.78	1.44083e-06
463.8	1.42956e-06
463.82	1.41839e-06
463.84	1.40731e-06
463.86	1.39633e-06
463.88	1.38544e-06
463.9	1.37464e-06
463.92	1.36394e-06
463.94	1.35333e-06
463.96	1.34281e-06
463.98	1.33238e-06
464	1.32204e-06
464.02	1.31178e-06
464.04	1.30162e-06
464.06	1.29154e-06
464.08	1.28154e-06
464.1	1.27164e-06
464.12	1.26181e-06
464.14	1.25208e-06
464.16	1.24242e-06
464.18	1.23284e-06
464.2	1.22335e-06
464.22	1.21394e-06
464.24	1.20461e-06
464.26	1.19536e-06
464.28	1.18618e-06
464.3	1.17709e-06
464.32	1.16807e-06
464.34	1.15912e-06
464.36	1.15026e-06
464.38	1.14147e-06
464.4	1.13275e-06
464.42	1.12411e-06
464.44	1.11554e-06
464.46	1.10704e-06
464.48	1.09862e-06
464.5	1.09026e-06
464.52	1.08198e-06
464.54	1.07377e-06
464.56	1.06562e-06
464.58	1.05755e-06
464.6	1.04954e-06
464.62	1.0416e-06
464.64	1.03373e-06
464.66	1.02592e-06
464.68	1.01818e-06
464.7	1.01051e-06
464.72	1.0029e-06
464.74	9.95351e-07
464.76	9.87868e-07
464.78	9.80448e-07
464.8	9.73091e-07
464.82	9.65795e-07
464.84	9.58561e-07
464.86	9.51388e-07
464.88	9.44274e-07
464.9	9.37221e-07
464.92	9.30226e-07
464.94	9.2329e-07
464.96	9.16413e-07
464.98	9.09593e-07
465	9.0283e-07
465.02	8.96123e-07
465.04	8.89473e-07
465.06	8.82879e-07
465.08	8.76339e-07
465.1	8.69854e-07
465.12	8.63423e-07
465.14	8.57046e-07
465.16	8.50723e-07
465.18	8.44451e-07
465.2	8.38233e-07
465.22	8.32066e-07
465.24	8.2595e-07
465.26	8.19886e-07
465.28	8.13871e-07
465.3	8.07907e-07
465.32	8.01993e-07
465.34	7.96127e-07
465.36	7.90311e-07
465.38	7.84543e-07
465.4	7.78822e-07
465.42	7.73149e-07
465.44	7.67524e-07
465.46	7.61944e-07
465.48	7.56411e-07
465.5	7.50924e-07
465.52	7.45483e-07
465.54	7.40086e-07
465.56	7.34734e-07
465.58	7.29427e-07
465.6	7.24163e-07
465.62	7.18943e-07
465.64	7.13766e-07
465.66	7.08631e-07
465.68	7.0354e-07
465.7	6.9849e-07
465.72	6.93481e-07
465.74	6.88514e-07
465.76	6.83588e-07
465.78	6.78703e-07
465.8	6.73858e-07
465.82	6.69053e-07
465.84	6.64287e-07
465.86	6.59561e-07
465.88	6.54873e-07
465.9	6.50224e-07
465.92	6.45613e-07
465.94	6.4104e-07
465.96	6.36505e-07
465.98	6.32006e-07
466	6.27545e-07
466.02	6.2312e-07
466.04	6.18732e-07
466.06	6.1438e-07
466.08	6.10063e-07
466.1	6.05781e-07
466.12	6.01535e-07
466.14	5.97323e-07
466.16	5.93146e-07
466.18	5.89003e-07
466.2	5.84894e-07
466.22	5.80818e-07
466.24	5.76776e-07
466.26	5.72767e-07
466.28	5.6879e-07
466.3	5.64846e-07
466.32	5.60934e-07
466.34	5.57054e-07
466.36	5.53206e-07
466.38	5.49389e-07
466.4	5.45603e-07
466.42	5.41848e-07
466.44	5.38124e-07
466.46	5.34429e-07
466.48	5.30765e-07
466.5	5.27131e-07
466.52	5.23526e-07
466.54	5.19951e-07
466.56	5.16404e-07
466.58	5.12887e-07
466.6	5.09398e-07
466.62	5.05937e-07
466.64	5.02504e-07
466.66	4.99099e-07
466.68	4.95722e-07
466.7	4.92372e-07
466.72	4.8905e-07
466.74	4.85754e-07
466.76	4.82485e-07
466.78	4.79242e-07
466.8	4.76026e-07
466.82	4.72836e-07
466.84	4.69671e-07
466.86	4.66532e-07
466.88	4.63419e-07
466.9	4.6033e-07
466.92	4.57267e-07
466.94	4.54228e-07
466.96	4.51214e-07
466.98	4.48224e-07
467	4.45259e-07
467.02	4.42317e-07
467.04	4.39399e-07
467.06	4.36505e-07
467.08	4.33634e-07
467.1	4.30786e-07
467.12	4.27961e-07
467.14	4.25159e-07
467.16	4.22379e-07
467.18	4.19622e-07
467.2	4.16887e-07
467.22	4.14174e-07
467.24	4.11483e-07
467.26	4.08813e-07
467.28	4.06165e-07
467.3	4.03539e-07
467.32	4.00933e-07
467.34	3.98348e-07
467.36	3.95785e-07
467.38	3.93241e-07
467.4	3.90719e-07
467.42	3.88216e-07
467.44	3.85734e-07
467.46	3.83271e-07
467.48	3.80829e-07
467.5	3.78406e-07
467.52	3.76002e-07
467.54	3.73618e-07
467.56	3.71253e-07
467.58	3.68907e-07
467.6	3.6658e-07
467.62	3.64271e-07
467.64	3.61981e-07
467.66	3.59709e-07
467.68	3.57456e-07
467.7	3.55221e-07
467.72	3.53003e-07
467.74	3.50804e-07
467.76	3.48622e-07
467.78	3.46458e-07
467.8	3.44311e-07
467.82	3.42181e-07
467.84	3.40068e-07
467.86	3.37972e-07
467.88	3.35893e-07
467.9	3.33831e-07
467.92	3.31785e-07
467.94	3.29756e-07
467.96	3.27743e-07
467.98	3.25746e-07
468	3.23766e-07
468.02	3.21801e-07
468.04	3.19852e-07
468.06	3.17918e-07
468.08	3.16001e-07
468.1	3.14098e-07
468.12	3.12211e-07
468.14	3.10339e-07
468.16	3.08482e-07
468.18	3.0664e-07
468.2	3.04813e-07
468.22	3.03e-07
468.24	3.01202e-07
468.26	2.99419e-07
468.28	2.9765e-07
468.3	2.95895e-07
468.32	2.94154e-07
468.34	2.92428e-07
468.36	2.90715e-07
468.38	2.89016e-07
468.4	2.87331e-07
468.42	2.85659e-07
468.44	2.84001e-07
468.46	2.82356e-07
468.48	2.80725e-07
468.5	2.79106e-07
468.52	2.77501e-07
468.54	2.75909e-07
468.56	2.7433e-07
468.58	2.72763e-07
468.6	2.7121e-07
468.62	2.69668e-07
468.64	2.6814e-07
468.66	2.66623e-07
468.68	2.6512e-07
468.7	2.63628e-07
468.72	2.62148e-07
468.74	2.60681e-07
468.76	2.59225e-07
468.78	2.57782e-07
468.8	2.5635e-07
468.82	2.54929e-07
468.84	2.53521e-07
468.86	2.52124e-07
468.88	2.50738e-07
468.9	2.49364e-07
468.92	2.48001e-07
468.94	2.46649e-07
468.96	2.45309e-07
468.98	2.43979e-07
469	2.42661e-07
469.02	2.41353e-07
469.04	2.40056e-07
469.06	2.3877e-07
469.08	2.37494e-07
469.1	2.36229e-07
469.12	2.34975e-07
469.14	2.33731e-07
469.16	2.32497e-07
469.18	2.31274e-07
469.2	2.30061e-07
469.22	2.28858e-07
469.24	2.27665e-07
469.26	2.26482e-07
469.28	2.25309e-07
469.3	2.24146e-07
469.32	2.22993e-07
469.34	2.21849e-07
469.36	2.20716e-07
469.38	2.19592e-07
469.4	2.18477e-07
469.42	2.17372e-07
469.44	2.16276e-07
469.46	2.1519e-07
469.48	2.14113e-07
469.5	2.13046e-07
469.52	2.11987e-07
469.54	2.10938e-07
469.56	2.09898e-07
469.58	2.08867e-07
469.6	2.07845e-07
469.62	2.06831e-07
469.64	2.05827e-07
469.66	2.04832e-07
469.68	2.03845e-07
469.7	2.02867e-07
469.72	2.01898e-07
469.74	2.00937e-07
469.76	1.99985e-07
469.78	1.99041e-07
469.8	1.98106e-07
469.82	1.9718e-07
469.84	1.96262e-07
469.86	1.95352e-07
469.88	1.9445e-07
469.9	1.93557e-07
469.92	1.92672e-07
469.94	1.91795e-07
469.96	1.90927e-07
469.98	1.90066e-07
470	1.89214e-07
470.02	1.88369e-07
470.04	1.87533e-07
470.06	1.86705e-07
470.08	1.85884e-07
470.1	1.85072e-07
470.12	1.84267e-07
470.14	1.8347e-07
470.16	1.82681e-07
470.18	1.819e-07
470.2	1.81127e-07
470.22	1.80361e-07
470.24	1.79603e-07
470.26	1.78853e-07
470.28	1.7811e-07
470.3	1.77375e-07
470.32	1.76648e-07
470.34	1.75929e-07
470.36	1.75216e-07
470.38	1.74512e-07
470.4	1.73815e-07
470.42	1.73126e-07
470.44	1.72444e-07
470.46	1.7177e-07
470.48	1.71103e-07
470.5	1.70444e-07
470.52	1.69792e-07
470.54	1.69148e-07
470.56	1.68511e-07
470.58	1.67882e-07
470.6	1.6726e-07
470.62	1.66646e-07
470.64	1.66039e-07
470.66	1.6544e-07
470.68	1.64848e-07
470.7	1.64264e-07
470.72	1.63688e-07
470.74	1.63119e-07
470.76	1.62558e-07
470.78	1.62004e-07
470.8	1.61458e-07
470.82	1.6092e-07
470.84	1.6039e-07
470.86	1.59867e-07
470.88	1.59352e-07
470.9	1.58845e-07
470.92	1.58346e-07
470.94	1.57855e-07
470.96	1.57372e-07
470.98	1.56897e-07
471	1.5643e-07
471.02	1.55971e-07
471.04	1.55521e-07
471.06	1.55079e-07
471.08	1.54645e-07
471.1	1.54221e-07
471.12	1.53805e-07
471.14	1.53397e-07
471.16	1.52999e-07
471.18	1.5261e-07
471.2	1.52231e-07
471.22	1.5186e-07
471.24	1.515e-07
471.26	1.51149e-07
471.28	1.50809e-07
471.3	1.50478e-07
471.32	1.50159e-07
471.34	1.4985e-07
471.36	1.49552e-07
471.38	1.49266e-07
471.4	1.48992e-07
471.42	1.48731e-07
471.44	1.48482e-07
471.46	1.48247e-07
471.48	1.48026e-07
471.5	1.47819e-07
471.52	1.47628e-07
471.54	1.47454e-07
471.56	1.47297e-07
471.58	1.47158e-07
471.6	1.47039e-07
471.62	1.46942e-07
471.64	1.46869e-07
471.66	1.46821e-07
471.68	1.46803e-07
471.7	1.46816e-07
471.72	1.46868e-07
471.74	1.46963e-07
471.76	1.4711e-07
471.78	1.47324e-07
471.8	1.47624e-07
471.82	1.48046e-07
471.84	1.48661e-07
471.86	1.49635e-07
471.88	1.51412e-07
471.9	1.55477e-07
471.92	1.64562e-07
471.94	1.8161e-07
471.96	2.1121e-07
471.98	2.61804e-07
472	3.4597e-07
472.02	4.83257e-07
472.04	7.07043e-07
472.06	1.06979e-06
472.08	1.64037e-06
472.1	2.49186e-06
472.12	3.67714e-06
472.14	5.20223e-06
472.16	7.02748e-06
472.18	9.09397e-06
472.2	1.13427e-05
472.22	1.37201e-05
472.24	1.61792e-05
472.26	1.86795e-05
472.28	2.11876e-05
472.3	2.36765e-05
472.32	2.61251e-05
472.34	2.85169e-05
472.36	3.08396e-05
472.38	3.30843e-05
472.4	3.52444e-05
472.42	3.73158e-05
472.44	3.92961e-05
472.46	4.11842e-05
472.48	4.29803e-05
472.5	4.46854e-05
472.52	4.63012e-05
472.54	4.783e-05
472.56	4.92743e-05
472.58	5.0637e-05
472.6	5.19212e-05
472.62	5.313e-05
472.64	5.42665e-05
472.66	5.5334e-05
472.68	5.63355e-05
472.7	5.72741e-05
472.72	5.81528e-05
472.74	5.89746e-05
472.76	5.97421e-05
472.78	6.04582e-05
472.8	6.11253e-05
472.82	6.17459e-05
472.84	6.23223e-05
472.86	6.28569e-05
472.88	6.33517e-05
472.9	6.38088e-05
472.92	6.42301e-05
472.94	6.46174e-05
472.96	6.49724e-05
472.98	6.52968e-05
473	6.55921e-05
473.02	6.58599e-05
473.04	6.61014e-05
473.06	6.6318e-05
473.08	6.6511e-05
473.1	6.66815e-05
473.12	6.68306e-05
473.14	6.69593e-05
473.16	6.70687e-05
473.18	6.71597e-05
473.2	6.7233e-05
473.22	6.72897e-05
473.24	6.73303e-05
473.26	6.73557e-05
473.28	6.73665e-05
473.3	6.73634e-05
473.32	6.73469e-05
473.34	6.73176e-05
473.36	6.72761e-05
473.38	6.72228e-05
473.4	6.71582e-05
473.42	6.70827e-05
473.44	6.69967e-05
473.46	6.69007e-05
473.48	6.6795e-05
473.5	6.66799e-05
473.52	6.65557e-05
473.54	6.64228e-05
473.56	6.62814e-05
473.58	6.61318e-05
473.6	6.59742e-05
473.62	6.58089e-05
473.64	6.56361e-05
473.66	6.5456e-05
473.68	6.52689e-05
473.7	6.50749e-05
473.72	6.48742e-05
473.74	6.4667e-05
473.76	6.44534e-05
473.78	6.42337e-05
473.8	6.40079e-05
473.82	6.37764e-05
473.84	6.35391e-05
473.86	6.32963e-05
473.88	6.30481e-05
473.9	6.27946e-05
473.92	6.2536e-05
473.94	6.22724e-05
473.96	6.2004e-05
473.98	6.17309e-05
474	6.14533e-05
474.02	6.11712e-05
474.04	6.08848e-05
474.06	6.05942e-05
474.08	6.02995e-05
474.1	6.0001e-05
474.12	5.96987e-05
474.14	5.93927e-05
474.16	5.90832e-05
474.18	5.87703e-05
474.2	5.84542e-05
474.22	5.81349e-05
474.24	5.78126e-05
474.26	5.74874e-05
474.28	5.71594e-05
474.3	5.68288e-05
474.32	5.64957e-05
474.34	5.61602e-05
474.36	5.58224e-05
474.38	5.54825e-05
474.4	5.51405e-05
474.42	5.47967e-05
474.44	5.44511e-05
474.46	5.41038e-05
474.48	5.37549e-05
474.5	5.34047e-05
474.52	5.30531e-05
474.54	5.27003e-05
474.56	5.23464e-05
474.58	5.19915e-05
474.6	5.16357e-05
474.62	5.12792e-05
474.64	5.0922e-05
474.66	5.05642e-05
474.68	5.0206e-05
474.7	4.98474e-05
474.72	4.94885e-05
474.74	4.91295e-05
474.76	4.87704e-05
474.78	4.84113e-05
474.8	4.80523e-05
474.82	4.76935e-05
474.84	4.7335e-05
474.86	4.69768e-05
474.88	4.6619e-05
474.9	4.62618e-05
474.92	4.59052e-05
474.94	4.55492e-05
474.96	4.5194e-05
474.98	4.48396e-05
475	4.4486e-05
475.02	4.41334e-05
475.04	4.37818e-05
475.06	4.34313e-05
475.08	4.30819e-05
475.1	4.27337e-05
475.12	4.23867e-05
475.14	4.2041e-05
475.16	4.16967e-05
475.18	4.13537e-05
475.2	4.10122e-05
475.22	4.06722e-05
475.24	4.03337e-05
475.26	3.99967e-05
475.28	3.96614e-05
475.3	3.93277e-05
475.32	3.89957e-05
475.34	3.86655e-05
475.36	3.8337e-05
475.38	3.80102e-05
475.4	3.76853e-05
475.42	3.73622e-05
475.44	3.7041e-05
475.46	3.67217e-05
475.48	3.64043e-05
475.5	3.60888e-05
475.52	3.57753e-05
475.54	3.54638e-05
475.56	3.51542e-05
475.58	3.48467e-05
475.6	3.45412e-05
475.62	3.42378e-05
475.64	3.39364e-05
475.66	3.3637e-05
475.68	3.33398e-05
475.7	3.30446e-05
475.72	3.27516e-05
475.74	3.24606e-05
475.76	3.21717e-05
475.78	3.1885e-05
475.8	3.16004e-05
475.82	3.13179e-05
475.84	3.10375e-05
475.86	3.07593e-05
475.88	3.04832e-05
475.9	3.02092e-05
475.92	2.99374e-05
475.94	2.96677e-05
475.96	2.94001e-05
475.98	2.91347e-05
476	2.88713e-05
476.02	2.86101e-05
476.04	2.83511e-05
476.06	2.80941e-05
476.08	2.78392e-05
476.1	2.75865e-05
476.12	2.73358e-05
476.14	2.70872e-05
476.16	2.68407e-05
476.18	2.65963e-05
476.2	2.6354e-05
476.22	2.61137e-05
476.24	2.58755e-05
476.26	2.56393e-05
476.28	2.54051e-05
476.3	2.5173e-05
476.32	2.49429e-05
476.34	2.47148e-05
476.36	2.44887e-05
476.38	2.42645e-05
476.4	2.40424e-05
476.42	2.38222e-05
476.44	2.36039e-05
476.46	2.33876e-05
476.48	2.31732e-05
476.5	2.29608e-05
476.52	2.27502e-05
476.54	2.25415e-05
476.56	2.23347e-05
476.58	2.21298e-05
476.6	2.19267e-05
476.62	2.17255e-05
476.64	2.15261e-05
476.66	2.13285e-05
476.68	2.11327e-05
476.7	2.09387e-05
476.72	2.07465e-05
476.74	2.0556e-05
476.76	2.03673e-05
476.78	2.01804e-05
476.8	1.99951e-05
476.82	1.98116e-05
476.84	1.96298e-05
476.86	1.94496e-05
476.88	1.92711e-05
476.9	1.90943e-05
476.92	1.89191e-05
476.94	1.87456e-05
476.96	1.85736e-05
476.98	1.84033e-05
477	1.82346e-05
477.02	1.80674e-05
477.04	1.79018e-05
477.06	1.77377e-05
477.08	1.75752e-05
477.1	1.74142e-05
477.12	1.72548e-05
477.14	1.70968e-05
477.16	1.69403e-05
477.18	1.67853e-05
477.2	1.66317e-05
477.22	1.64796e-05
477.24	1.63289e-05
477.26	1.61797e-05
477.28	1.60318e-05
477.3	1.58853e-05
477.32	1.57403e-05
477.34	1.55965e-05
477.36	1.54542e-05
477.38	1.53132e-05
477.4	1.51735e-05
477.42	1.50352e-05
477.44	1.48981e-05
477.46	1.47624e-05
477.48	1.46279e-05
477.5	1.44947e-05
477.52	1.43628e-05
477.54	1.42321e-05
477.56	1.41027e-05
477.58	1.39745e-05
477.6	1.38475e-05
477.62	1.37217e-05
477.64	1.35971e-05
477.66	1.34736e-05
477.68	1.33514e-05
477.7	1.32303e-05
477.72	1.31103e-05
477.74	1.29915e-05
477.76	1.28738e-05
477.78	1.27573e-05
477.8	1.26418e-05
477.82	1.25274e-05
477.84	1.24141e-05
477.86	1.23019e-05
477.88	1.21907e-05
477.9	1.20806e-05
477.92	1.19716e-05
477.94	1.18635e-05
477.96	1.17565e-05
477.98	1.16505e-05
478	1.15455e-05
478.02	1.14415e-05
478.04	1.13385e-05
478.06	1.12365e-05
478.08	1.11354e-05
478.1	1.10353e-05
478.12	1.09361e-05
478.14	1.08378e-05
478.16	1.07405e-05
478.18	1.06441e-05
478.2	1.05486e-05
478.22	1.0454e-05
478.24	1.03603e-05
478.26	1.02675e-05
478.28	1.01756e-05
478.3	1.00845e-05
478.32	9.99432e-06
478.34	9.90495e-06
478.36	9.81643e-06
478.38	9.72874e-06
478.4	9.64188e-06
478.42	9.55583e-06
478.44	9.47059e-06
478.46	9.38615e-06
478.48	9.30251e-06
478.5	9.21965e-06
478.52	9.13757e-06
478.54	9.05626e-06
478.56	8.97571e-06
478.58	8.89592e-06
478.6	8.81687e-06
478.62	8.73857e-06
478.64	8.661e-06
478.66	8.58416e-06
478.68	8.50803e-06
478.7	8.43262e-06
478.72	8.35791e-06
478.74	8.2839e-06
478.76	8.21059e-06
478.78	8.13795e-06
478.8	8.066e-06
478.82	7.99472e-06
478.84	7.9241e-06
478.86	7.85414e-06
478.88	7.78484e-06
478.9	7.71618e-06
478.92	7.64816e-06
478.94	7.58077e-06
478.96	7.51401e-06
478.98	7.44787e-06
479	7.38235e-06
479.02	7.31743e-06
479.04	7.25312e-06
479.06	7.18941e-06
479.08	7.12628e-06
479.1	7.06375e-06
479.12	7.00179e-06
479.14	6.94041e-06
479.16	6.8796e-06
479.18	6.81935e-06
479.2	6.75966e-06
479.22	6.70052e-06
479.24	6.64193e-06
479.26	6.58388e-06
479.28	6.52636e-06
479.3	6.46938e-06
479.32	6.41293e-06
479.34	6.35699e-06
479.36	6.30158e-06
479.38	6.24667e-06
479.4	6.19227e-06
479.42	6.13837e-06
479.44	6.08497e-06
479.46	6.03206e-06
479.48	5.97964e-06
479.5	5.9277e-06
479.52	5.87624e-06
479.54	5.82525e-06
479.56	5.77473e-06
479.58	5.72468e-06
479.6	5.67508e-06
479.62	5.62594e-06
479.64	5.57725e-06
479.66	5.52901e-06
479.68	5.48121e-06
479.7	5.43384e-06
479.72	5.38692e-06
479.74	5.34042e-06
479.76	5.29434e-06
479.78	5.24869e-06
479.8	5.20346e-06
479.82	5.15864e-06
479.84	5.11422e-06
479.86	5.07022e-06
479.88	5.02661e-06
479.9	4.98341e-06
479.92	4.9406e-06
479.94	4.89818e-06
479.96	4.85614e-06
479.98	4.81449e-06
480	4.77322e-06
480.02	4.73232e-06
480.04	4.6918e-06
480.06	4.65164e-06
480.08	4.61185e-06
480.1	4.57242e-06
480.12	4.53335e-06
480.14	4.49463e-06
480.16	4.45627e-06
480.18	4.41825e-06
480.2	4.38058e-06
480.22	4.34325e-06
480.24	4.30626e-06
480.26	4.2696e-06
480.28	4.23327e-06
480.3	4.19728e-06
480.32	4.1616e-06
480.34	4.12626e-06
480.36	4.09123e-06
480.38	4.05652e-06
480.4	4.02212e-06
480.42	3.98803e-06
480.44	3.95425e-06
480.46	3.92077e-06
480.48	3.8876e-06
480.5	3.85472e-06
480.52	3.82214e-06
480.54	3.78986e-06
480.56	3.75786e-06
480.58	3.72616e-06
480.6	3.69474e-06
480.62	3.6636e-06
480.64	3.63274e-06
480.66	3.60215e-06
480.68	3.57185e-06
480.7	3.54181e-06
480.72	3.51205e-06
480.74	3.48255e-06
480.76	3.45331e-06
480.78	3.42434e-06
480.8	3.39563e-06
480.82	3.36717e-06
480.84	3.33897e-06
480.86	3.31102e-06
480.88	3.28332e-06
480.9	3.25587e-06
480.92	3.22866e-06
480.94	3.2017e-06
480.96	3.17498e-06
480.98	3.1485e-06
481	3.12225e-06
481.02	3.09623e-06
481.04	3.07045e-06
481.06	3.0449e-06
481.08	3.01958e-06
481.1	2.99448e-06
481.12	2.9696e-06
481.14	2.94495e-06
481.16	2.92051e-06
481.18	2.8963e-06
481.2	2.87229e-06
481.22	2.84851e-06
481.24	2.82493e-06
481.26	2.80156e-06
481.28	2.7784e-06
481.3	2.75544e-06
481.32	2.73269e-06
481.34	2.71014e-06
481.36	2.68779e-06
481.38	2.66563e-06
481.4	2.64367e-06
481.42	2.62191e-06
481.44	2.60034e-06
481.46	2.57896e-06
481.48	2.55777e-06
481.5	2.53677e-06
481.52	2.51595e-06
481.54	2.49531e-06
481.56	2.47486e-06
481.58	2.45459e-06
481.6	2.43449e-06
481.62	2.41458e-06
481.64	2.39484e-06
481.66	2.37527e-06
481.68	2.35587e-06
481.7	2.33665e-06
481.72	2.31759e-06
481.74	2.2987e-06
481.76	2.27998e-06
481.78	2.26142e-06
481.8	2.24303e-06
481.82	2.2248e-06
481.84	2.20672e-06
481.86	2.18881e-06
481.88	2.17105e-06
481.9	2.15345e-06
481.92	2.136e-06
481.94	2.1187e-06
481.96	2.10156e-06
481.98	2.08457e-06
482	2.06772e-06
482.02	2.05102e-06
482.04	2.03447e-06
482.06	2.01806e-06
482.08	2.0018e-06
482.1	1.98567e-06
482.12	1.96969e-06
482.14	1.95385e-06
482.16	1.93815e-06
482.18	1.92258e-06
482.2	1.90715e-06
482.22	1.89185e-06
482.24	1.87668e-06
482.26	1.86165e-06
482.28	1.84675e-06
482.3	1.83198e-06
482.32	1.81733e-06
482.34	1.80282e-06
482.36	1.78843e-06
482.38	1.77416e-06
482.4	1.76002e-06
482.42	1.746e-06
482.44	1.7321e-06
482.46	1.71832e-06
482.48	1.70466e-06
482.5	1.69112e-06
482.52	1.6777e-06
482.54	1.66439e-06
482.56	1.6512e-06
482.58	1.63812e-06
482.6	1.62516e-06
482.62	1.61231e-06
482.64	1.59957e-06
482.66	1.58693e-06
482.68	1.57441e-06
482.7	1.562e-06
482.72	1.54969e-06
482.74	1.53748e-06
482.76	1.52539e-06
482.78	1.51339e-06
482.8	1.50151e-06
482.82	1.48972e-06
482.84	1.47803e-06
482.86	1.46645e-06
482.88	1.45496e-06
482.9	1.44357e-06
482.92	1.43228e-06
482.94	1.42109e-06
482.96	1.40999e-06
482.98	1.39899e-06
483	1.38808e-06
483.02	1.37727e-06
483.04	1.36654e-06
483.06	1.35591e-06
483.08	1.34538e-06
483.1	1.33493e-06
483.12	1.32457e-06
483.14	1.3143e-06
483.16	1.30411e-06
483.18	1.29402e-06
483.2	1.28401e-06
483.22	1.27408e-06
483.24	1.26424e-06
483.26	1.25448e-06
483.28	1.24481e-06
483.3	1.23522e-06
483.32	1.22571e-06
483.34	1.21628e-06
483.36	1.20693e-06
483.38	1.19766e-06
483.4	1.18847e-06
483.42	1.17936e-06
483.44	1.17033e-06
483.46	1.16137e-06
483.48	1.15249e-06
483.5	1.14368e-06
483.52	1.13495e-06
483.54	1.12629e-06
483.56	1.1177e-06
483.58	1.10919e-06
483.6	1.10075e-06
483.62	1.09238e-06
483.64	1.08408e-06
483.66	1.07586e-06
483.68	1.0677e-06
483.7	1.05961e-06
483.72	1.05159e-06
483.74	1.04363e-06
483.76	1.03575e-06
483.78	1.02793e-06
483.8	1.02017e-06
483.82	1.01248e-06
483.84	1.00486e-06
483.86	9.97301e-07
483.88	9.89805e-07
483.9	9.82372e-07
483.92	9.75001e-07
483.94	9.67692e-07
483.96	9.60445e-07
483.98	9.53258e-07
484	9.46132e-07
484.02	9.39066e-07
484.04	9.32059e-07
484.06	9.2511e-07
484.08	9.1822e-07
484.1	9.11388e-07
484.12	9.04612e-07
484.14	8.97894e-07
484.16	8.91231e-07
484.18	8.84625e-07
484.2	8.78073e-07
484.22	8.71577e-07
484.24	8.65134e-07
484.26	8.58746e-07
484.28	8.5241e-07
484.3	8.46128e-07
484.32	8.39898e-07
484.34	8.3372e-07
484.36	8.27593e-07
484.38	8.21517e-07
484.4	8.15492e-07
484.42	8.09517e-07
484.44	8.03592e-07
484.46	7.97716e-07
484.48	7.91889e-07
484.5	7.8611e-07
484.52	7.80379e-07
484.54	7.74696e-07
484.56	7.6906e-07
484.58	7.6347e-07
484.6	7.57927e-07
484.62	7.5243e-07
484.64	7.46979e-07
484.66	7.41572e-07
484.68	7.36211e-07
484.7	7.30893e-07
484.72	7.2562e-07
484.74	7.2039e-07
484.76	7.15204e-07
484.78	7.1006e-07
484.8	7.04959e-07
484.82	6.99899e-07
484.84	6.94882e-07
484.86	6.89906e-07
484.88	6.84971e-07
484.9	6.80077e-07
484.92	6.75223e-07
484.94	6.70408e-07
484.96	6.65634e-07
484.98	6.60899e-07
485	6.56203e-07
485.02	6.51545e-07
485.04	6.46926e-07
485.06	6.42344e-07
485.08	6.378e-07
485.1	6.33294e-07
485.12	6.28824e-07
485.14	6.24392e-07
485.16	6.19995e-07
485.18	6.15635e-07
485.2	6.1131e-07
485.22	6.0702e-07
485.24	6.02766e-07
485.26	5.98547e-07
485.28	5.94362e-07
485.3	5.90211e-07
485.32	5.86094e-07
485.34	5.82011e-07
485.36	5.77962e-07
485.38	5.73945e-07
485.4	5.69961e-07
485.42	5.6601e-07
485.44	5.62091e-07
485.46	5.58203e-07
485.48	5.54348e-07
485.5	5.50524e-07
485.52	5.46731e-07
485.54	5.42969e-07
485.56	5.39237e-07
485.58	5.35536e-07
485.6	5.31865e-07
485.62	5.28224e-07
485.64	5.24613e-07
485.66	5.21031e-07
485.68	5.17478e-07
485.7	5.13953e-07
485.72	5.10458e-07
485.74	5.06991e-07
485.76	5.03552e-07
485.78	5.0014e-07
485.8	4.96757e-07
485.82	4.93401e-07
485.84	4.90072e-07
485.86	4.8677e-07
485.88	4.83495e-07
485.9	4.80246e-07
485.92	4.77024e-07
485.94	4.73828e-07
485.96	4.70657e-07
485.98	4.67512e-07
486	4.64393e-07
486.02	4.61299e-07
486.04	4.5823e-07
486.06	4.55186e-07
486.08	4.52166e-07
486.1	4.4917e-07
486.12	4.46199e-07
486.14	4.43252e-07
486.16	4.40329e-07
486.18	4.37429e-07
486.2	4.34552e-07
486.22	4.31699e-07
486.24	4.28869e-07
486.26	4.26061e-07
486.28	4.23277e-07
486.3	4.20514e-07
486.32	4.17774e-07
486.34	4.15056e-07
486.36	4.1236e-07
486.38	4.09685e-07
486.4	4.07032e-07
486.42	4.04401e-07
486.44	4.0179e-07
486.46	3.99201e-07
486.48	3.96632e-07
486.5	3.94084e-07
486.52	3.91557e-07
486.54	3.89049e-07
486.56	3.86562e-07
486.58	3.84095e-07
486.6	3.81648e-07
486.62	3.79221e-07
486.64	3.76812e-07
486.66	3.74424e-07
486.68	3.72054e-07
486.7	3.69704e-07
486.72	3.67372e-07
486.74	3.65059e-07
486.76	3.62765e-07
486.78	3.60489e-07
486.8	3.58231e-07
486.82	3.55992e-07
486.84	3.5377e-07
486.86	3.51566e-07
486.88	3.4938e-07
486.9	3.47212e-07
486.92	3.45061e-07
486.94	3.42927e-07
486.96	3.4081e-07
486.98	3.38711e-07
487	3.36628e-07
487.02	3.34562e-07
487.04	3.32512e-07
487.06	3.30479e-07
487.08	3.28462e-07
487.1	3.26462e-07
487.12	3.24477e-07
487.14	3.22509e-07
487.16	3.20556e-07
487.18	3.18619e-07
487.2	3.16697e-07
487.22	3.14791e-07
487.24	3.12901e-07
487.26	3.11025e-07
487.28	3.09165e-07
487.3	3.07319e-07
487.32	3.05488e-07
487.34	3.03673e-07
487.36	3.01871e-07
487.38	3.00084e-07
487.4	2.98312e-07
487.42	2.96554e-07
487.44	2.9481e-07
487.46	2.9308e-07
487.48	2.91364e-07
487.5	2.89662e-07
487.52	2.87973e-07
487.54	2.86299e-07
487.56	2.84637e-07
487.58	2.8299e-07
487.6	2.81355e-07
487.62	2.79734e-07
487.64	2.78126e-07
487.66	2.7653e-07
487.68	2.74948e-07
487.7	2.73379e-07
487.72	2.71822e-07
487.74	2.70278e-07
487.76	2.68746e-07
487.78	2.67227e-07
487.8	2.65721e-07
487.82	2.64226e-07
487.84	2.62744e-07
487.86	2.61273e-07
487.88	2.59815e-07
487.9	2.58369e-07
487.92	2.56934e-07
487.94	2.55511e-07
487.96	2.541e-07
487.98	2.527e-07
488	2.51312e-07
488.02	2.49936e-07
488.04	2.4857e-07
488.06	2.47216e-07
488.08	2.45873e-07
488.1	2.44541e-07
488.12	2.4322e-07
488.14	2.41909e-07
488.16	2.4061e-07
488.18	2.39321e-07
488.2	2.38044e-07
488.22	2.36776e-07
488.24	2.3552e-07
488.26	2.34273e-07
488.28	2.33037e-07
488.3	2.31812e-07
488.32	2.30596e-07
488.34	2.29391e-07
488.36	2.28196e-07
488.38	2.27011e-07
488.4	2.25836e-07
488.42	2.24671e-07
488.44	2.23516e-07
488.46	2.2237e-07
488.48	2.21234e-07
488.5	2.20108e-07
488.52	2.18992e-07
488.54	2.17885e-07
488.56	2.16787e-07
488.58	2.15699e-07
488.6	2.1462e-07
488.62	2.1355e-07
488.64	2.1249e-07
488.66	2.11439e-07
488.68	2.10397e-07
488.7	2.09364e-07
488.72	2.0834e-07
488.74	2.07325e-07
488.76	2.06319e-07
488.78	2.05322e-07
488.8	2.04333e-07
488.82	2.03354e-07
488.84	2.02383e-07
488.86	2.0142e-07
488.88	2.00467e-07
488.9	1.99522e-07
488.92	1.98585e-07
488.94	1.97657e-07
488.96	1.96737e-07
488.98	1.95826e-07
489	1.94923e-07
489.02	1.94028e-07
489.04	1.93141e-07
489.06	1.92263e-07
489.08	1.91393e-07
489.1	1.90531e-07
489.12	1.89677e-07
489.14	1.88832e-07
489.16	1.87994e-07
489.18	1.87164e-07
489.2	1.86342e-07
489.22	1.85529e-07
489.24	1.84723e-07
489.26	1.83925e-07
489.28	1.83134e-07
489.3	1.82352e-07
489.32	1.81577e-07
489.34	1.80811e-07
489.36	1.80052e-07
489.38	1.793e-07
489.4	1.78557e-07
489.42	1.77821e-07
489.44	1.77092e-07
489.46	1.76372e-07
489.48	1.75658e-07
489.5	1.74953e-07
489.52	1.74255e-07
489.54	1.73565e-07
489.56	1.72882e-07
489.58	1.72207e-07
489.6	1.71539e-07
489.62	1.70879e-07
489.64	1.70227e-07
489.66	1.69582e-07
489.68	1.68944e-07
489.7	1.68314e-07
489.72	1.67692e-07
489.74	1.67077e-07
489.76	1.6647e-07
489.78	1.6587e-07
489.8	1.65278e-07
489.82	1.64693e-07
489.84	1.64116e-07
489.86	1.63547e-07
489.88	1.62985e-07
489.9	1.62431e-07
489.92	1.61885e-07
489.94	1.61346e-07
489.96	1.60815e-07
489.98	1.60292e-07
490	1.59777e-07
490.02	1.5927e-07
490.04	1.5877e-07
490.06	1.58279e-07
490.08	1.57796e-07
490.1	1.57321e-07
490.12	1.56854e-07
490.14	1.56395e-07
490.16	1.55945e-07
490.18	1.55503e-07
490.2	1.5507e-07
490.22	1.54646e-07
490.24	1.5423e-07
490.26	1.53823e-07
490.28	1.53425e-07
490.3	1.53037e-07
490.32	1.52658e-07
490.34	1.52288e-07
490.36	1.51928e-07
490.38	1.51578e-07
490.4	1.51238e-07
490.42	1.50909e-07
490.44	1.50591e-07
490.46	1.50283e-07
490.48	1.49987e-07
490.5	1.49702e-07
490.52	1.4943e-07
490.54	1.4917e-07
490.56	1.48923e-07
490.58	1.4869e-07
490.6	1.48471e-07
490.62	1.48267e-07
490.64	1.48079e-07
490.66	1.47907e-07
490.68	1.47753e-07
490.7	1.47619e-07
490.72	1.47504e-07
490.74	1.47412e-07
490.76	1.47343e-07
490.78	1.47302e-07
490.8	1.4729e-07
490.82	1.47311e-07
490.84	1.47372e-07
490.86	1.47478e-07
490.88	1.4764e-07
490.9	1.47872e-07
490.92	1.48197e-07
490.94	1.48657e-07
490.96	1.49338e-07
490.98	1.50447e-07
491	1.52562e-07
491.02	1.57596e-07
491.04	1.68386e-07
491.06	1.87955e-07
491.08	2.21783e-07
491.1	2.79272e-07
491.12	3.74262e-07
491.14	5.28963e-07
491.16	7.8111e-07
491.18	1.1878e-06
491.2	1.82053e-06
491.22	2.75041e-06
491.24	4.02109e-06
491.26	5.62615e-06
491.28	7.51869e-06
491.3	9.6385e-06
491.32	1.19275e-05
491.34	1.43336e-05
491.36	1.68112e-05
491.38	1.93215e-05
491.4	2.18325e-05
491.42	2.43187e-05
491.44	2.676e-05
491.46	2.91412e-05
491.48	3.14506e-05
491.5	3.368e-05
491.52	3.58235e-05
491.54	3.78774e-05
491.56	3.98395e-05
491.58	4.17092e-05
491.6	4.34869e-05
491.62	4.51738e-05
491.64	4.67717e-05
491.66	4.82829e-05
491.68	4.97102e-05
491.7	5.10565e-05
491.72	5.23248e-05
491.74	5.35183e-05
491.76	5.46402e-05
491.78	5.56936e-05
491.8	5.66817e-05
491.82	5.76076e-05
491.84	5.84741e-05
491.86	5.92842e-05
491.88	6.00407e-05
491.9	6.07462e-05
491.92	6.14033e-05
491.94	6.20143e-05
491.96	6.25817e-05
491.98	6.31077e-05
492	6.35943e-05
492.02	6.40436e-05
492.04	6.44575e-05
492.06	6.48377e-05
492.08	6.5186e-05
492.1	6.5504e-05
492.12	6.57933e-05
492.14	6.60552e-05
492.16	6.62913e-05
492.18	6.65026e-05
492.2	6.66906e-05
492.22	6.68563e-05
492.24	6.70008e-05
492.26	6.71252e-05
492.28	6.72305e-05
492.3	6.73174e-05
492.32	6.7387e-05
492.34	6.744e-05
492.36	6.74771e-05
492.38	6.74991e-05
492.4	6.75067e-05
492.42	6.75004e-05
492.44	6.74809e-05
492.46	6.74487e-05
492.48	6.74043e-05
492.5	6.73483e-05
492.52	6.7281e-05
492.54	6.7203e-05
492.56	6.71145e-05
492.58	6.70161e-05
492.6	6.6908e-05
492.62	6.67906e-05
492.64	6.66642e-05
492.66	6.6529e-05
492.68	6.63855e-05
492.7	6.62337e-05
492.72	6.60741e-05
492.74	6.59068e-05
492.76	6.5732e-05
492.78	6.55499e-05
492.8	6.53609e-05
492.82	6.51649e-05
492.84	6.49623e-05
492.86	6.47533e-05
492.88	6.45379e-05
492.9	6.43164e-05
492.92	6.40889e-05
492.94	6.38556e-05
492.96	6.36166e-05
492.98	6.33721e-05
493	6.31222e-05
493.02	6.2867e-05
493.04	6.26068e-05
493.06	6.23416e-05
493.08	6.20716e-05
493.1	6.17969e-05
493.12	6.15177e-05
493.14	6.12341e-05
493.16	6.09462e-05
493.18	6.06541e-05
493.2	6.0358e-05
493.22	6.0058e-05
493.24	5.97543e-05
493.26	5.94469e-05
493.28	5.9136e-05
493.3	5.88218e-05
493.32	5.85043e-05
493.34	5.81836e-05
493.36	5.786e-05
493.38	5.75336e-05
493.4	5.72043e-05
493.42	5.68725e-05
493.44	5.65382e-05
493.46	5.62015e-05
493.48	5.58626e-05
493.5	5.55215e-05
493.52	5.51784e-05
493.54	5.48335e-05
493.56	5.44868e-05
493.58	5.41385e-05
493.6	5.37886e-05
493.62	5.34373e-05
493.64	5.30848e-05
493.66	5.2731e-05
493.68	5.23762e-05
493.7	5.20204e-05
493.72	5.16637e-05
493.74	5.13063e-05
493.76	5.09483e-05
493.78	5.05897e-05
493.8	5.02307e-05
493.82	4.98713e-05
493.84	4.95117e-05
493.86	4.91519e-05
493.88	4.87921e-05
493.9	4.84323e-05
493.92	4.80726e-05
493.94	4.77131e-05
493.96	4.73539e-05
493.98	4.69951e-05
494	4.66368e-05
494.02	4.6279e-05
494.04	4.59218e-05
494.06	4.55653e-05
494.08	4.52095e-05
494.1	4.48546e-05
494.12	4.45005e-05
494.14	4.41475e-05
494.16	4.37954e-05
494.18	4.34444e-05
494.2	4.30946e-05
494.22	4.27459e-05
494.24	4.23985e-05
494.26	4.20524e-05
494.28	4.17077e-05
494.3	4.13644e-05
494.32	4.10225e-05
494.34	4.06822e-05
494.36	4.03433e-05
494.38	4.00061e-05
494.4	3.96704e-05
494.42	3.93365e-05
494.44	3.90042e-05
494.46	3.86737e-05
494.48	3.83449e-05
494.5	3.80179e-05
494.52	3.76927e-05
494.54	3.73694e-05
494.56	3.7048e-05
494.58	3.67284e-05
494.6	3.64108e-05
494.62	3.60952e-05
494.64	3.57815e-05
494.66	3.54697e-05
494.68	3.516e-05
494.7	3.48523e-05
494.72	3.45467e-05
494.74	3.42431e-05
494.76	3.39415e-05
494.78	3.36421e-05
494.8	3.33447e-05
494.82	3.30494e-05
494.84	3.27562e-05
494.86	3.24651e-05
494.88	3.21761e-05
494.9	3.18893e-05
494.92	3.16046e-05
494.94	3.1322e-05
494.96	3.10415e-05
494.98	3.07632e-05
495	3.0487e-05
495.02	3.0213e-05
495.04	2.9941e-05
495.06	2.96713e-05
495.08	2.94036e-05
495.1	2.91381e-05
495.12	2.88747e-05
495.14	2.86135e-05
495.16	2.83543e-05
495.18	2.80973e-05
495.2	2.78424e-05
495.22	2.75896e-05
495.24	2.73389e-05
495.26	2.70903e-05
495.28	2.68437e-05
495.3	2.65993e-05
495.32	2.63569e-05
495.34	2.61166e-05
495.36	2.58783e-05
495.38	2.56421e-05
495.4	2.54079e-05
495.42	2.51758e-05
495.44	2.49456e-05
495.46	2.47175e-05
495.48	2.44913e-05
495.5	2.42672e-05
495.52	2.4045e-05
495.54	2.38248e-05
495.56	2.36065e-05
495.58	2.33902e-05
495.6	2.31758e-05
495.62	2.29633e-05
495.64	2.27528e-05
495.66	2.25441e-05
495.68	2.23373e-05
495.7	2.21323e-05
495.72	2.19292e-05
495.74	2.1728e-05
495.76	2.15286e-05
495.78	2.1331e-05
495.8	2.11352e-05
495.82	2.09412e-05
495.84	2.0749e-05
495.86	2.05585e-05
495.88	2.03698e-05
495.9	2.01828e-05
495.92	1.99976e-05
495.94	1.98141e-05
495.96	1.96322e-05
495.98	1.94521e-05
496	1.92736e-05
496.02	1.90968e-05
496.04	1.89216e-05
496.06	1.8748e-05
496.08	1.85761e-05
496.1	1.84058e-05
496.12	1.8237e-05
496.14	1.80699e-05
496.16	1.79043e-05
496.18	1.77402e-05
496.2	1.75777e-05
496.22	1.74167e-05
496.24	1.72572e-05
496.26	1.70993e-05
496.28	1.69428e-05
496.3	1.67877e-05
496.32	1.66342e-05
496.34	1.64821e-05
496.36	1.63314e-05
496.38	1.61821e-05
496.4	1.60343e-05
496.42	1.58878e-05
496.44	1.57427e-05
496.46	1.5599e-05
496.48	1.54567e-05
496.5	1.53157e-05
496.52	1.5176e-05
496.54	1.50377e-05
496.56	1.49006e-05
496.58	1.47649e-05
496.6	1.46304e-05
496.62	1.44972e-05
496.64	1.43653e-05
496.66	1.42346e-05
496.68	1.41052e-05
496.7	1.3977e-05
496.72	1.385e-05
496.74	1.37242e-05
496.76	1.35996e-05
496.78	1.34761e-05
496.8	1.33539e-05
496.82	1.32328e-05
496.84	1.31128e-05
496.86	1.2994e-05
496.88	1.28763e-05
496.9	1.27597e-05
496.92	1.26443e-05
496.94	1.25299e-05
496.96	1.24166e-05
496.98	1.23044e-05
497	1.21932e-05
497.02	1.20831e-05
497.04	1.1974e-05
497.06	1.1866e-05
497.08	1.1759e-05
497.1	1.1653e-05
497.12	1.1548e-05
497.14	1.1444e-05
497.16	1.1341e-05
497.18	1.12389e-05
497.2	1.11379e-05
497.22	1.10377e-05
497.24	1.09385e-05
497.26	1.08403e-05
497.28	1.0743e-05
497.3	1.06466e-05
497.32	1.05511e-05
497.34	1.04565e-05
497.36	1.03628e-05
497.38	1.027e-05
497.4	1.0178e-05
497.42	1.0087e-05
497.44	9.99676e-06
497.46	9.90739e-06
497.48	9.81886e-06
497.5	9.73117e-06
497.52	9.6443e-06
497.54	9.55825e-06
497.56	9.47301e-06
497.58	9.38857e-06
497.6	9.30492e-06
497.62	9.22206e-06
497.64	9.13997e-06
497.66	9.05866e-06
497.68	8.97811e-06
497.7	8.89831e-06
497.72	8.81926e-06
497.74	8.74095e-06
497.76	8.66338e-06
497.78	8.58653e-06
497.8	8.5104e-06
497.82	8.43498e-06
497.84	8.36027e-06
497.86	8.28626e-06
497.88	8.21294e-06
497.9	8.1403e-06
497.92	8.06834e-06
497.94	7.99705e-06
497.96	7.92643e-06
497.98	7.85647e-06
498	7.78716e-06
498.02	7.71849e-06
498.04	7.65046e-06
498.06	7.58307e-06
498.08	7.51631e-06
498.1	7.45016e-06
498.12	7.38463e-06
498.14	7.31971e-06
498.16	7.25539e-06
498.18	7.19167e-06
498.2	7.12855e-06
498.22	7.066e-06
498.24	7.00404e-06
498.26	6.94265e-06
498.28	6.88184e-06
498.3	6.82158e-06
498.32	6.76188e-06
498.34	6.70274e-06
498.36	6.64414e-06
498.38	6.58609e-06
498.4	6.52857e-06
498.42	6.47158e-06
498.44	6.41512e-06
498.46	6.35918e-06
498.48	6.30376e-06
498.5	6.24884e-06
498.52	6.19444e-06
498.54	6.14053e-06
498.56	6.08713e-06
498.58	6.03421e-06
498.6	5.98178e-06
498.62	5.92984e-06
498.64	5.87837e-06
498.66	5.82737e-06
498.68	5.77685e-06
498.7	5.72678e-06
498.72	5.67718e-06
498.74	5.62803e-06
498.76	5.57934e-06
498.78	5.53109e-06
498.8	5.48328e-06
498.82	5.43591e-06
498.84	5.38898e-06
498.86	5.34247e-06
498.88	5.29639e-06
498.9	5.25073e-06
498.92	5.20549e-06
498.94	5.16066e-06
498.96	5.11625e-06
498.98	5.07223e-06
499	5.02862e-06
499.02	4.98541e-06
499.04	4.94259e-06
499.06	4.90016e-06
499.08	4.85812e-06
499.1	4.81646e-06
499.12	4.77518e-06
499.14	4.73428e-06
499.16	4.69375e-06
499.18	4.65359e-06
499.2	4.61379e-06
499.22	4.57435e-06
499.24	4.53527e-06
499.26	4.49655e-06
499.28	4.45818e-06
499.3	4.42016e-06
499.32	4.38248e-06
499.34	4.34514e-06
499.36	4.30814e-06
499.38	4.27148e-06
499.4	4.23514e-06
499.42	4.19914e-06
499.44	4.16346e-06
499.46	4.12811e-06
499.48	4.09307e-06
499.5	4.05835e-06
499.52	4.02395e-06
499.54	3.98985e-06
499.56	3.95607e-06
499.58	3.92258e-06
499.6	3.8894e-06
499.62	3.85652e-06
499.64	3.82394e-06
499.66	3.79164e-06
499.68	3.75964e-06
499.7	3.72793e-06
499.72	3.6965e-06
499.74	3.66536e-06
499.76	3.63449e-06
499.78	3.6039e-06
499.8	3.57359e-06
499.82	3.54354e-06
499.84	3.51377e-06
499.86	3.48427e-06
499.88	3.45503e-06
499.9	3.42605e-06
499.92	3.39733e-06
499.94	3.36886e-06
499.96	3.34066e-06
499.98	3.3127e-06
500	3.285e-06
