label:AIS.O3_mslo
25000
0.02	2.84426e-08
0.04	2.80845e-08
0.06	2.77051e-08
0.08	2.73133e-08
0.1	2.69151e-08
0.12	2.65153e-08
0.14	2.61171e-08
0.16	2.5723e-08
0.18	2.53349e-08
0.2	2.49541e-08
0.22	2.45816e-08
0.24	2.42182e-08
0.26	2.38643e-08
0.28	2.35203e-08
0.3	2.31865e-08
0.32	2.28628e-08
0.34	2.25493e-08
0.36	2.22459e-08
0.38	2.19524e-08
0.4	2.16688e-08
0.42	2.13949e-08
0.44	2.11302e-08
0.46	2.08747e-08
0.48	2.0628e-08
0.5	2.03898e-08
0.52	2.01599e-08
0.54	1.99378e-08
0.56	1.97234e-08
0.58	1.95163e-08
0.6	1.93162e-08
0.62	1.91228e-08
0.64	1.89358e-08
0.66	1.87549e-08
0.68	1.85799e-08
0.7	1.84104e-08
0.72	1.82461e-08
0.74	1.80869e-08
0.76	1.79325e-08
0.78	1.77827e-08
0.8	1.76371e-08
0.82	1.74957e-08
0.84	1.73581e-08
0.86	1.72242e-08
0.88	1.70938e-08
0.9	1.69668e-08
0.92	1.68429e-08
0.94	1.67219e-08
0.96	1.66038e-08
0.98	1.64884e-08
1	1.63755e-08
1.02	1.6265e-08
1.04	1.61568e-08
1.06	1.60508e-08
1.08	1.59469e-08
1.1	1.58449e-08
1.12	1.57447e-08
1.14	1.56463e-08
1.16	1.55496e-08
1.18	1.54545e-08
1.2	1.5361e-08
1.22	1.52688e-08
1.24	1.51781e-08
1.26	1.50886e-08
1.28	1.50005e-08
1.3	1.49135e-08
1.32	1.48276e-08
1.34	1.47429e-08
1.36	1.46592e-08
1.38	1.45765e-08
1.4	1.44948e-08
1.42	1.4414e-08
1.44	1.43341e-08
1.46	1.42551e-08
1.48	1.41769e-08
1.5	1.40995e-08
1.52	1.40228e-08
1.54	1.39469e-08
1.56	1.38718e-08
1.58	1.37973e-08
1.6	1.37235e-08
1.62	1.36503e-08
1.64	1.35778e-08
1.66	1.35059e-08
1.68	1.34346e-08
1.7	1.33639e-08
1.72	1.32937e-08
1.74	1.32241e-08
1.76	1.3155e-08
1.78	1.30865e-08
1.8	1.30185e-08
1.82	1.2951e-08
1.84	1.2884e-08
1.86	1.28175e-08
1.88	1.27514e-08
1.9	1.26858e-08
1.92	1.26207e-08
1.94	1.25561e-08
1.96	1.24918e-08
1.98	1.24281e-08
2	1.23647e-08
2.02	1.23018e-08
2.04	1.22393e-08
2.06	1.21772e-08
2.08	1.21155e-08
2.1	1.20542e-08
2.12	1.19933e-08
2.14	1.19328e-08
2.16	1.18726e-08
2.18	1.18129e-08
2.2	1.17536e-08
2.22	1.16946e-08
2.24	1.1636e-08
2.26	1.15777e-08
2.28	1.15198e-08
2.3	1.14623e-08
2.32	1.14051e-08
2.34	1.13483e-08
2.36	1.12918e-08
2.38	1.12357e-08
2.4	1.11799e-08
2.42	1.11245e-08
2.44	1.10694e-08
2.46	1.10146e-08
2.48	1.09602e-08
2.5	1.09061e-08
2.52	1.08523e-08
2.54	1.07988e-08
2.56	1.07457e-08
2.58	1.06929e-08
2.6	1.06404e-08
2.62	1.05882e-08
2.64	1.05363e-08
2.66	1.04847e-08
2.68	1.04335e-08
2.7	1.03825e-08
2.72	1.03318e-08
2.74	1.02815e-08
2.76	1.02314e-08
2.78	1.01817e-08
2.8	1.01322e-08
2.82	1.00831e-08
2.84	1.00342e-08
2.86	9.9856e-09
2.88	9.9373e-09
2.9	9.88929e-09
2.92	9.84156e-09
2.94	9.79411e-09
2.96	9.74694e-09
2.98	9.70005e-09
3	9.65343e-09
3.02	9.60709e-09
3.04	9.56102e-09
3.06	9.51523e-09
3.08	9.4697e-09
3.1	9.42444e-09
3.12	9.37945e-09
3.14	9.33472e-09
3.16	9.29025e-09
3.18	9.24605e-09
3.2	9.2021e-09
3.22	9.15841e-09
3.24	9.11498e-09
3.26	9.07181e-09
3.28	9.02888e-09
3.3	8.98621e-09
3.32	8.94379e-09
3.34	8.90161e-09
3.36	8.85968e-09
3.38	8.818e-09
3.4	8.77656e-09
3.42	8.73537e-09
3.44	8.69441e-09
3.46	8.6537e-09
3.48	8.61322e-09
3.5	8.57298e-09
3.52	8.53298e-09
3.54	8.4932e-09
3.56	8.45366e-09
3.58	8.41436e-09
3.6	8.37528e-09
3.62	8.33642e-09
3.64	8.2978e-09
3.66	8.2594e-09
3.68	8.22123e-09
3.7	8.18327e-09
3.72	8.14554e-09
3.74	8.10803e-09
3.76	8.07074e-09
3.78	8.03366e-09
3.8	7.9968e-09
3.82	7.96016e-09
3.84	7.92373e-09
3.86	7.88751e-09
3.88	7.8515e-09
3.9	7.8157e-09
3.92	7.78011e-09
3.94	7.74472e-09
3.96	7.70955e-09
3.98	7.67457e-09
4	7.6398e-09
4.02	7.60524e-09
4.04	7.57087e-09
4.06	7.5367e-09
4.08	7.50273e-09
4.1	7.46896e-09
4.12	7.43539e-09
4.14	7.40201e-09
4.16	7.36882e-09
4.18	7.33583e-09
4.2	7.30303e-09
4.22	7.27042e-09
4.24	7.23799e-09
4.26	7.20576e-09
4.28	7.17371e-09
4.3	7.14185e-09
4.32	7.11017e-09
4.34	7.07868e-09
4.36	7.04737e-09
4.38	7.01624e-09
4.4	6.98529e-09
4.42	6.95453e-09
4.44	6.92393e-09
4.46	6.89352e-09
4.48	6.86328e-09
4.5	6.83322e-09
4.52	6.80333e-09
4.54	6.77362e-09
4.56	6.74408e-09
4.58	6.71471e-09
4.6	6.6855e-09
4.62	6.65647e-09
4.64	6.62761e-09
4.66	6.59891e-09
4.68	6.57038e-09
4.7	6.54201e-09
4.72	6.51381e-09
4.74	6.48577e-09
4.76	6.45789e-09
4.78	6.43018e-09
4.8	6.40262e-09
4.82	6.37522e-09
4.84	6.34799e-09
4.86	6.32091e-09
4.88	6.29398e-09
4.9	6.26721e-09
4.92	6.2406e-09
4.94	6.21414e-09
4.96	6.18783e-09
4.98	6.16168e-09
5	6.13568e-09
5.02	6.10982e-09
5.04	6.08412e-09
5.06	6.05856e-09
5.08	6.03315e-09
5.1	6.00789e-09
5.12	5.98278e-09
5.14	5.95781e-09
5.16	5.93298e-09
5.18	5.9083e-09
5.2	5.88376e-09
5.22	5.85936e-09
5.24	5.8351e-09
5.26	5.81098e-09
5.28	5.78701e-09
5.3	5.76317e-09
5.32	5.73946e-09
5.34	5.7159e-09
5.36	5.69247e-09
5.38	5.66917e-09
5.4	5.64601e-09
5.42	5.62299e-09
5.44	5.60009e-09
5.46	5.57733e-09
5.48	5.5547e-09
5.5	5.5322e-09
5.52	5.50984e-09
5.54	5.4876e-09
5.56	5.46548e-09
5.58	5.4435e-09
5.6	5.42164e-09
5.62	5.39991e-09
5.64	5.37831e-09
5.66	5.35683e-09
5.68	5.33547e-09
5.7	5.31424e-09
5.72	5.29313e-09
5.74	5.27214e-09
5.76	5.25127e-09
5.78	5.23052e-09
5.8	5.2099e-09
5.82	5.18939e-09
5.84	5.169e-09
5.86	5.14873e-09
5.88	5.12857e-09
5.9	5.10854e-09
5.92	5.08861e-09
5.94	5.06881e-09
5.96	5.04911e-09
5.98	5.02954e-09
6	5.01007e-09
6.02	4.99072e-09
6.04	4.97148e-09
6.06	4.95235e-09
6.08	4.93333e-09
6.1	4.91442e-09
6.12	4.89562e-09
6.14	4.87693e-09
6.16	4.85835e-09
6.18	4.83987e-09
6.2	4.8215e-09
6.22	4.80324e-09
6.24	4.78509e-09
6.26	4.76704e-09
6.28	4.74909e-09
6.3	4.73125e-09
6.32	4.71351e-09
6.34	4.69588e-09
6.36	4.67834e-09
6.38	4.66091e-09
6.4	4.64358e-09
6.42	4.62635e-09
6.44	4.60922e-09
6.46	4.59219e-09
6.48	4.57526e-09
6.5	4.55843e-09
6.52	4.54169e-09
6.54	4.52506e-09
6.56	4.50852e-09
6.58	4.49207e-09
6.6	4.47572e-09
6.62	4.45947e-09
6.64	4.44331e-09
6.66	4.42725e-09
6.68	4.41127e-09
6.7	4.3954e-09
6.72	4.37961e-09
6.74	4.36392e-09
6.76	4.34832e-09
6.78	4.33281e-09
6.8	4.31739e-09
6.82	4.30206e-09
6.84	4.28682e-09
6.86	4.27167e-09
6.88	4.2566e-09
6.9	4.24163e-09
6.92	4.22674e-09
6.94	4.21194e-09
6.96	4.19723e-09
6.98	4.1826e-09
7	4.16806e-09
7.02	4.15361e-09
7.04	4.13924e-09
7.06	4.12495e-09
7.08	4.11075e-09
7.1	4.09663e-09
7.12	4.0826e-09
7.14	4.06865e-09
7.16	4.05478e-09
7.18	4.04099e-09
7.2	4.02728e-09
7.22	4.01366e-09
7.24	4.00011e-09
7.26	3.98664e-09
7.28	3.97326e-09
7.3	3.95995e-09
7.32	3.94672e-09
7.34	3.93358e-09
7.36	3.9205e-09
7.38	3.90751e-09
7.4	3.89459e-09
7.42	3.88175e-09
7.44	3.86899e-09
7.46	3.8563e-09
7.48	3.84369e-09
7.5	3.83115e-09
7.52	3.81869e-09
7.54	3.80631e-09
7.56	3.79399e-09
7.58	3.78175e-09
7.6	3.76959e-09
7.62	3.75749e-09
7.64	3.74547e-09
7.66	3.73352e-09
7.68	3.72164e-09
7.7	3.70984e-09
7.72	3.6981e-09
7.74	3.68644e-09
7.76	3.67485e-09
7.78	3.66332e-09
7.8	3.65187e-09
7.82	3.64048e-09
7.84	3.62917e-09
7.86	3.61792e-09
7.88	3.60674e-09
7.9	3.59563e-09
7.92	3.58459e-09
7.94	3.57361e-09
7.96	3.5627e-09
7.98	3.55186e-09
8	3.54108e-09
8.02	3.53037e-09
8.04	3.51972e-09
8.06	3.50914e-09
8.08	3.49863e-09
8.1	3.48818e-09
8.12	3.47779e-09
8.14	3.46747e-09
8.16	3.45721e-09
8.18	3.44701e-09
8.2	3.43688e-09
8.22	3.42681e-09
8.24	3.4168e-09
8.26	3.40686e-09
8.28	3.39698e-09
8.3	3.38715e-09
8.32	3.37739e-09
8.34	3.36769e-09
8.36	3.35805e-09
8.38	3.34848e-09
8.4	3.33896e-09
8.42	3.3295e-09
8.44	3.3201e-09
8.46	3.31076e-09
8.48	3.30148e-09
8.5	3.29226e-09
8.52	3.28309e-09
8.54	3.27399e-09
8.56	3.26494e-09
8.58	3.25595e-09
8.6	3.24702e-09
8.62	3.23814e-09
8.64	3.22932e-09
8.66	3.22056e-09
8.68	3.21185e-09
8.7	3.2032e-09
8.72	3.19461e-09
8.74	3.18607e-09
8.76	3.17759e-09
8.78	3.16916e-09
8.8	3.16079e-09
8.82	3.15247e-09
8.84	3.1442e-09
8.86	3.13599e-09
8.88	3.12783e-09
8.9	3.11973e-09
8.92	3.11168e-09
8.94	3.10368e-09
8.96	3.09574e-09
8.98	3.08785e-09
9	3.08001e-09
9.02	3.07222e-09
9.04	3.06449e-09
9.06	3.05681e-09
9.08	3.04918e-09
9.1	3.0416e-09
9.12	3.03407e-09
9.14	3.02659e-09
9.16	3.01916e-09
9.18	3.01179e-09
9.2	3.00446e-09
9.22	2.99718e-09
9.24	2.98996e-09
9.26	2.98278e-09
9.28	2.97565e-09
9.3	2.96858e-09
9.32	2.96155e-09
9.34	2.95457e-09
9.36	2.94763e-09
9.38	2.94075e-09
9.4	2.93392e-09
9.42	2.92713e-09
9.44	2.92039e-09
9.46	2.9137e-09
9.48	2.90706e-09
9.5	2.90046e-09
9.52	2.89391e-09
9.54	2.88741e-09
9.56	2.88095e-09
9.58	2.87454e-09
9.6	2.86818e-09
9.62	2.86187e-09
9.64	2.8556e-09
9.66	2.84937e-09
9.68	2.84319e-09
9.7	2.83706e-09
9.72	2.83097e-09
9.74	2.82493e-09
9.76	2.81894e-09
9.78	2.81298e-09
9.8	2.80708e-09
9.82	2.80121e-09
9.84	2.79539e-09
9.86	2.78962e-09
9.88	2.78389e-09
9.9	2.77821e-09
9.92	2.77256e-09
9.94	2.76696e-09
9.96	2.76141e-09
9.98	2.7559e-09
10	2.75043e-09
10.02	2.74501e-09
10.04	2.73962e-09
10.06	2.73428e-09
10.08	2.72899e-09
10.1	2.72373e-09
10.12	2.71852e-09
10.14	2.71335e-09
10.16	2.70823e-09
10.18	2.70314e-09
10.2	2.6981e-09
10.22	2.6931e-09
10.24	2.68814e-09
10.26	2.68322e-09
10.28	2.67834e-09
10.3	2.6735e-09
10.32	2.66871e-09
10.34	2.66396e-09
10.36	2.65924e-09
10.38	2.65457e-09
10.4	2.64994e-09
10.42	2.64535e-09
10.44	2.6408e-09
10.46	2.63629e-09
10.48	2.63182e-09
10.5	2.62739e-09
10.52	2.623e-09
10.54	2.61865e-09
10.56	2.61434e-09
10.58	2.61007e-09
10.6	2.60584e-09
10.62	2.60165e-09
10.64	2.59749e-09
10.66	2.59338e-09
10.68	2.58931e-09
10.7	2.58527e-09
10.72	2.58128e-09
10.74	2.57732e-09
10.76	2.5734e-09
10.78	2.56953e-09
10.8	2.56569e-09
10.82	2.56188e-09
10.84	2.55812e-09
10.86	2.5544e-09
10.88	2.55071e-09
10.9	2.54706e-09
10.92	2.54345e-09
10.94	2.53988e-09
10.96	2.53635e-09
10.98	2.53285e-09
11	2.52939e-09
11.02	2.52597e-09
11.04	2.52259e-09
11.06	2.51925e-09
11.08	2.51594e-09
11.1	2.51267e-09
11.12	2.50944e-09
11.14	2.50624e-09
11.16	2.50308e-09
11.18	2.49996e-09
11.2	2.49688e-09
11.22	2.49384e-09
11.24	2.49083e-09
11.26	2.48786e-09
11.28	2.48492e-09
11.3	2.48202e-09
11.32	2.47916e-09
11.34	2.47634e-09
11.36	2.47355e-09
11.38	2.4708e-09
11.4	2.46809e-09
11.42	2.46541e-09
11.44	2.46277e-09
11.46	2.46017e-09
11.48	2.4576e-09
11.5	2.45507e-09
11.52	2.45258e-09
11.54	2.45012e-09
11.56	2.4477e-09
11.58	2.44531e-09
11.6	2.44296e-09
11.62	2.44065e-09
11.64	2.43838e-09
11.66	2.43614e-09
11.68	2.43393e-09
11.7	2.43177e-09
11.72	2.42964e-09
11.74	2.42754e-09
11.76	2.42548e-09
11.78	2.42346e-09
11.8	2.42147e-09
11.82	2.41952e-09
11.84	2.41761e-09
11.86	2.41573e-09
11.88	2.41389e-09
11.9	2.41209e-09
11.92	2.41032e-09
11.94	2.40858e-09
11.96	2.40689e-09
11.98	2.40523e-09
12	2.4036e-09
12.02	2.40201e-09
12.04	2.40046e-09
12.06	2.39894e-09
12.08	2.39746e-09
12.1	2.39602e-09
12.12	2.39461e-09
12.14	2.39324e-09
12.16	2.3919e-09
12.18	2.3906e-09
12.2	2.38934e-09
12.22	2.38811e-09
12.24	2.38692e-09
12.26	2.38577e-09
12.28	2.38465e-09
12.3	2.38357e-09
12.32	2.38252e-09
12.34	2.38151e-09
12.36	2.38054e-09
12.38	2.3796e-09
12.4	2.3787e-09
12.42	2.37784e-09
12.44	2.37701e-09
12.46	2.37622e-09
12.48	2.37547e-09
12.5	2.37475e-09
12.52	2.37407e-09
12.54	2.37342e-09
12.56	2.37282e-09
12.58	2.37225e-09
12.6	2.37171e-09
12.62	2.37122e-09
12.64	2.37076e-09
12.66	2.37034e-09
12.68	2.36995e-09
12.7	2.3696e-09
12.72	2.36929e-09
12.74	2.36902e-09
12.76	2.36878e-09
12.78	2.36858e-09
12.8	2.36842e-09
12.82	2.3683e-09
12.84	2.36821e-09
12.86	2.36817e-09
12.88	2.36815e-09
12.9	2.36818e-09
12.92	2.36825e-09
12.94	2.36835e-09
12.96	2.36849e-09
12.98	2.36867e-09
13	2.36889e-09
13.02	2.36915e-09
13.04	2.36944e-09
13.06	2.36978e-09
13.08	2.37015e-09
13.1	2.37056e-09
13.12	2.37101e-09
13.14	2.3715e-09
13.16	2.37203e-09
13.18	2.3726e-09
13.2	2.3732e-09
13.22	2.37385e-09
13.24	2.37454e-09
13.26	2.37526e-09
13.28	2.37603e-09
13.3	2.37683e-09
13.32	2.37768e-09
13.34	2.37856e-09
13.36	2.37949e-09
13.38	2.38046e-09
13.4	2.38146e-09
13.42	2.38251e-09
13.44	2.3836e-09
13.46	2.38473e-09
13.48	2.3859e-09
13.5	2.38711e-09
13.52	2.38836e-09
13.54	2.38966e-09
13.56	2.391e-09
13.58	2.39237e-09
13.6	2.3938e-09
13.62	2.39526e-09
13.64	2.39676e-09
13.66	2.39831e-09
13.68	2.3999e-09
13.7	2.40154e-09
13.72	2.40321e-09
13.74	2.40493e-09
13.76	2.4067e-09
13.78	2.4085e-09
13.8	2.41035e-09
13.82	2.41225e-09
13.84	2.41419e-09
13.86	2.41617e-09
13.88	2.4182e-09
13.9	2.42027e-09
13.92	2.42239e-09
13.94	2.42455e-09
13.96	2.42676e-09
13.98	2.42902e-09
14	2.43132e-09
14.02	2.43366e-09
14.04	2.43606e-09
14.06	2.4385e-09
14.08	2.44098e-09
14.1	2.44351e-09
14.12	2.44609e-09
14.14	2.44872e-09
14.16	2.4514e-09
14.18	2.45412e-09
14.2	2.45689e-09
14.22	2.45971e-09
14.24	2.46258e-09
14.26	2.4655e-09
14.28	2.46847e-09
14.3	2.47149e-09
14.32	2.47455e-09
14.34	2.47767e-09
14.36	2.48084e-09
14.38	2.48405e-09
14.4	2.48732e-09
14.42	2.49064e-09
14.44	2.49402e-09
14.46	2.49744e-09
14.48	2.50092e-09
14.5	2.50444e-09
14.52	2.50803e-09
14.54	2.51166e-09
14.56	2.51535e-09
14.58	2.51909e-09
14.6	2.52289e-09
14.62	2.52674e-09
14.64	2.53064e-09
14.66	2.5346e-09
14.68	2.53862e-09
14.7	2.54269e-09
14.72	2.54682e-09
14.74	2.551e-09
14.76	2.55525e-09
14.78	2.55954e-09
14.8	2.5639e-09
14.82	2.56832e-09
14.84	2.57279e-09
14.86	2.57732e-09
14.88	2.58191e-09
14.9	2.58657e-09
14.92	2.59128e-09
14.94	2.59605e-09
14.96	2.60088e-09
14.98	2.60578e-09
15	2.61073e-09
15.02	2.61575e-09
15.04	2.62084e-09
15.06	2.62598e-09
15.08	2.63119e-09
15.1	2.63646e-09
15.12	2.6418e-09
15.14	2.6472e-09
15.16	2.65267e-09
15.18	2.6582e-09
15.2	2.66381e-09
15.22	2.66947e-09
15.24	2.67521e-09
15.26	2.68101e-09
15.28	2.68688e-09
15.3	2.69283e-09
15.32	2.69884e-09
15.34	2.70492e-09
15.36	2.71107e-09
15.38	2.7173e-09
15.4	2.72359e-09
15.42	2.72996e-09
15.44	2.7364e-09
15.46	2.74292e-09
15.48	2.74951e-09
15.5	2.75617e-09
15.52	2.76291e-09
15.54	2.76973e-09
15.56	2.77662e-09
15.58	2.78359e-09
15.6	2.79064e-09
15.62	2.79777e-09
15.64	2.80498e-09
15.66	2.81226e-09
15.68	2.81963e-09
15.7	2.82708e-09
15.72	2.83461e-09
15.74	2.84223e-09
15.76	2.84993e-09
15.78	2.85771e-09
15.8	2.86558e-09
15.82	2.87353e-09
15.84	2.88157e-09
15.86	2.8897e-09
15.88	2.89792e-09
15.9	2.90622e-09
15.92	2.91462e-09
15.94	2.92311e-09
15.96	2.93168e-09
15.98	2.94036e-09
16	2.94912e-09
16.02	2.95798e-09
16.04	2.96693e-09
16.06	2.97598e-09
16.08	2.98512e-09
16.1	2.99437e-09
16.12	3.00371e-09
16.14	3.01315e-09
16.16	3.0227e-09
16.18	3.03234e-09
16.2	3.04209e-09
16.22	3.05194e-09
16.24	3.06189e-09
16.26	3.07195e-09
16.28	3.08212e-09
16.3	3.0924e-09
16.32	3.10278e-09
16.34	3.11327e-09
16.36	3.12388e-09
16.38	3.1346e-09
16.4	3.14543e-09
16.42	3.15637e-09
16.44	3.16743e-09
16.46	3.17861e-09
16.48	3.1899e-09
16.5	3.20132e-09
16.52	3.21285e-09
16.54	3.22451e-09
16.56	3.23629e-09
16.58	3.2482e-09
16.6	3.26023e-09
16.62	3.27238e-09
16.64	3.28467e-09
16.66	3.29708e-09
16.68	3.30963e-09
16.7	3.32231e-09
16.72	3.33512e-09
16.74	3.34807e-09
16.76	3.36116e-09
16.78	3.37438e-09
16.8	3.38775e-09
16.82	3.40125e-09
16.84	3.4149e-09
16.86	3.4287e-09
16.88	3.44264e-09
16.9	3.45673e-09
16.92	3.47097e-09
16.94	3.48536e-09
16.96	3.4999e-09
16.98	3.5146e-09
17	3.52946e-09
17.02	3.54447e-09
17.04	3.55965e-09
17.06	3.57498e-09
17.08	3.59049e-09
17.1	3.60615e-09
17.12	3.62199e-09
17.14	3.638e-09
17.16	3.65418e-09
17.18	3.67053e-09
17.2	3.68706e-09
17.22	3.70377e-09
17.24	3.72066e-09
17.26	3.73773e-09
17.28	3.75499e-09
17.3	3.77244e-09
17.32	3.79007e-09
17.34	3.8079e-09
17.36	3.82592e-09
17.38	3.84414e-09
17.4	3.86256e-09
17.42	3.88119e-09
17.44	3.90001e-09
17.46	3.91905e-09
17.48	3.93829e-09
17.5	3.95775e-09
17.52	3.97742e-09
17.54	3.99731e-09
17.56	4.01743e-09
17.58	4.03777e-09
17.6	4.05833e-09
17.62	4.07913e-09
17.64	4.10015e-09
17.66	4.12142e-09
17.68	4.14292e-09
17.7	4.16467e-09
17.72	4.18666e-09
17.74	4.20891e-09
17.76	4.2314e-09
17.78	4.25416e-09
17.8	4.27717e-09
17.82	4.30045e-09
17.84	4.32399e-09
17.86	4.34781e-09
17.88	4.3719e-09
17.9	4.39627e-09
17.92	4.42092e-09
17.94	4.44586e-09
17.96	4.47109e-09
17.98	4.49662e-09
18	4.52244e-09
18.02	4.54857e-09
18.04	4.57501e-09
18.06	4.60177e-09
18.08	4.62884e-09
18.1	4.65623e-09
18.12	4.68395e-09
18.14	4.712e-09
18.16	4.74039e-09
18.18	4.76913e-09
18.2	4.79821e-09
18.22	4.82764e-09
18.24	4.85744e-09
18.26	4.8876e-09
18.28	4.91813e-09
18.3	4.94903e-09
18.32	4.98032e-09
18.34	5.012e-09
18.36	5.04407e-09
18.38	5.07654e-09
18.4	5.10942e-09
18.42	5.14271e-09
18.44	5.17643e-09
18.46	5.21057e-09
18.48	5.24515e-09
18.5	5.28017e-09
18.52	5.31564e-09
18.54	5.35157e-09
18.56	5.38797e-09
18.58	5.42483e-09
18.6	5.46218e-09
18.62	5.50003e-09
18.64	5.53837e-09
18.66	5.57722e-09
18.68	5.61658e-09
18.7	5.65647e-09
18.72	5.6969e-09
18.74	5.73788e-09
18.76	5.7794e-09
18.78	5.8215e-09
18.8	5.86417e-09
18.82	5.90743e-09
18.84	5.95129e-09
18.86	5.99576e-09
18.88	6.04085e-09
18.9	6.08657e-09
18.92	6.13295e-09
18.94	6.17997e-09
18.96	6.22768e-09
18.98	6.27606e-09
19	6.32515e-09
19.02	6.37495e-09
19.04	6.42548e-09
19.06	6.47676e-09
19.08	6.52879e-09
19.1	6.58159e-09
19.12	6.63519e-09
19.14	6.6896e-09
19.16	6.74484e-09
19.18	6.80092e-09
19.2	6.85786e-09
19.22	6.91568e-09
19.24	6.97441e-09
19.26	7.03406e-09
19.28	7.09466e-09
19.3	7.15622e-09
19.32	7.21877e-09
19.34	7.28234e-09
19.36	7.34694e-09
19.38	7.41261e-09
19.4	7.47937e-09
19.42	7.54724e-09
19.44	7.61626e-09
19.46	7.68645e-09
19.48	7.75785e-09
19.5	7.83049e-09
19.52	7.9044e-09
19.54	7.97961e-09
19.56	8.05616e-09
19.58	8.13409e-09
19.6	8.21344e-09
19.62	8.29425e-09
19.64	8.37656e-09
19.66	8.46041e-09
19.68	8.54586e-09
19.7	8.63295e-09
19.72	8.72173e-09
19.74	8.81226e-09
19.76	8.9046e-09
19.78	8.9988e-09
19.8	9.09493e-09
19.82	9.19305e-09
19.84	9.29324e-09
19.86	9.39558e-09
19.88	9.50013e-09
19.9	9.60698e-09
19.92	9.71624e-09
19.94	9.82798e-09
19.96	9.94231e-09
19.98	1.00594e-08
20	1.01792e-08
20.02	1.0302e-08
20.04	1.04279e-08
20.06	1.0557e-08
20.08	1.06896e-08
20.1	1.08257e-08
20.12	1.09655e-08
20.14	1.11094e-08
20.16	1.12574e-08
20.18	1.141e-08
20.2	1.15673e-08
20.22	1.17297e-08
20.24	1.18976e-08
20.26	1.20714e-08
20.28	1.22515e-08
20.3	1.24387e-08
20.32	1.26335e-08
20.34	1.28369e-08
20.36	1.30497e-08
20.38	1.32733e-08
20.4	1.35093e-08
20.42	1.37598e-08
20.44	1.4028e-08
20.46	1.43181e-08
20.48	1.46372e-08
20.5	1.49974e-08
20.52	1.5423e-08
20.54	1.59743e-08
20.56	1.68375e-08
20.58	1.87257e-08
20.6	2.51276e-08
20.62	4.45359e-08
20.64	9.12718e-08
20.66	2.04868e-07
20.68	4.56534e-07
20.7	9.44858e-07
20.72	1.82826e-06
20.74	3.36467e-06
20.76	5.87686e-06
20.78	9.63604e-06
20.8	1.47139e-05
20.82	2.08935e-05
20.84	2.77782e-05
20.86	3.49803e-05
20.88	4.21993e-05
20.9	4.92192e-05
20.92	5.58926e-05
20.94	6.2135e-05
20.96	6.79179e-05
20.98	7.32504e-05
21	7.81617e-05
21.02	8.26881e-05
21.04	8.6867e-05
21.06	9.07334e-05
21.08	9.43194e-05
21.1	9.76535e-05
21.12	0.000100761
21.14	0.000103664
21.16	0.000106381
21.18	0.00010893
21.2	0.000111326
21.22	0.000113581
21.24	0.000115706
21.26	0.000117711
21.28	0.000119605
21.3	0.000121396
21.32	0.000123089
21.34	0.000124691
21.36	0.000126207
21.38	0.000127643
21.4	0.000129002
21.42	0.000130289
21.44	0.000131508
21.46	0.000132662
21.48	0.000133754
21.5	0.000134787
21.52	0.000135765
21.54	0.00013669
21.56	0.000137564
21.58	0.00013839
21.6	0.000139171
21.62	0.000139907
21.64	0.000140603
21.66	0.000141258
21.68	0.000141876
21.7	0.000142457
21.72	0.000143003
21.74	0.000143516
21.76	0.000143998
21.78	0.000144449
21.8	0.00014487
21.82	0.000145263
21.84	0.00014563
21.86	0.00014597
21.88	0.000146284
21.9	0.000146574
21.92	0.000146841
21.94	0.000147084
21.96	0.000147306
21.98	0.000147505
22	0.000147683
22.02	0.000147841
22.04	0.000147979
22.06	0.000148097
22.08	0.000148196
22.1	0.000148275
22.12	0.000148336
22.14	0.000148379
22.16	0.000148404
22.18	0.000148412
22.2	0.000148402
22.22	0.000148374
22.24	0.00014833
22.26	0.000148269
22.28	0.000148192
22.3	0.000148098
22.32	0.000147988
22.34	0.000147862
22.36	0.000147721
22.38	0.000147564
22.4	0.000147391
22.42	0.000147204
22.44	0.000147001
22.46	0.000146784
22.48	0.000146552
22.5	0.000146305
22.52	0.000146045
22.54	0.00014577
22.56	0.000145482
22.58	0.00014518
22.6	0.000144864
22.62	0.000144536
22.64	0.000144194
22.66	0.00014384
22.68	0.000143473
22.7	0.000143094
22.72	0.000142703
22.74	0.000142301
22.76	0.000141886
22.78	0.000141461
22.8	0.000141024
22.82	0.000140577
22.84	0.00014012
22.86	0.000139652
22.88	0.000139174
22.9	0.000138687
22.92	0.00013819
22.94	0.000137684
22.96	0.000137169
22.98	0.000136646
23	0.000136115
23.02	0.000135575
23.04	0.000135028
23.06	0.000134473
23.08	0.000133911
23.1	0.000133343
23.12	0.000132768
23.14	0.000132186
23.16	0.000131598
23.18	0.000131005
23.2	0.000130406
23.22	0.000129802
23.24	0.000129193
23.26	0.000128579
23.28	0.00012796
23.3	0.000127337
23.32	0.000126711
23.34	0.00012608
23.36	0.000125446
23.38	0.000124809
23.4	0.000124168
23.42	0.000123525
23.44	0.00012288
23.46	0.000122231
23.48	0.000121581
23.5	0.000120929
23.52	0.000120275
23.54	0.000119619
23.56	0.000118962
23.58	0.000118303
23.6	0.000117644
23.62	0.000116984
23.64	0.000116323
23.66	0.000115662
23.68	0.000115
23.7	0.000114339
23.72	0.000113677
23.74	0.000113015
23.76	0.000112354
23.78	0.000111693
23.8	0.000111033
23.82	0.000110373
23.84	0.000109714
23.86	0.000109056
23.88	0.000108399
23.9	0.000107744
23.92	0.000107089
23.94	0.000106436
23.96	0.000105785
23.98	0.000105135
24	0.000104487
24.02	0.000103841
24.04	0.000103196
24.06	0.000102553
24.08	0.000101913
24.1	0.000101275
24.12	0.000100638
24.14	0.000100005
24.16	9.9373e-05
24.18	9.87439e-05
24.2	9.81172e-05
24.22	9.7493e-05
24.24	9.68714e-05
24.26	9.62524e-05
24.28	9.56362e-05
24.3	9.50226e-05
24.32	9.44119e-05
24.34	9.38039e-05
24.36	9.31988e-05
24.38	9.25967e-05
24.4	9.19974e-05
24.42	9.14012e-05
24.44	9.08079e-05
24.46	9.02177e-05
24.48	8.96306e-05
24.5	8.90465e-05
24.52	8.84655e-05
24.54	8.78877e-05
24.56	8.73131e-05
24.58	8.67416e-05
24.6	8.61733e-05
24.62	8.56082e-05
24.64	8.50464e-05
24.66	8.44878e-05
24.68	8.39324e-05
24.7	8.33803e-05
24.72	8.28315e-05
24.74	8.22859e-05
24.76	8.17437e-05
24.78	8.12047e-05
24.8	8.0669e-05
24.82	8.01366e-05
24.84	7.96075e-05
24.86	7.90817e-05
24.88	7.85592e-05
24.9	7.804e-05
24.92	7.75241e-05
24.94	7.70114e-05
24.96	7.65021e-05
24.98	7.59961e-05
25	7.54933e-05
25.02	7.49938e-05
25.04	7.44976e-05
25.06	7.40046e-05
25.08	7.35149e-05
25.1	7.30284e-05
25.12	7.25452e-05
25.14	7.20652e-05
25.16	7.15884e-05
25.18	7.11148e-05
25.2	7.06444e-05
25.22	7.01772e-05
25.24	6.97132e-05
25.26	6.92523e-05
25.28	6.87946e-05
25.3	6.834e-05
25.32	6.78885e-05
25.34	6.74401e-05
25.36	6.69948e-05
25.38	6.65526e-05
25.4	6.61135e-05
25.42	6.56774e-05
25.44	6.52443e-05
25.46	6.48143e-05
25.48	6.43872e-05
25.5	6.39632e-05
25.52	6.35421e-05
25.54	6.3124e-05
25.56	6.27088e-05
25.58	6.22965e-05
25.6	6.18872e-05
25.62	6.14807e-05
25.64	6.10771e-05
25.66	6.06764e-05
25.68	6.02785e-05
25.7	5.98834e-05
25.72	5.94912e-05
25.74	5.91017e-05
25.76	5.8715e-05
25.78	5.8331e-05
25.8	5.79498e-05
25.82	5.75713e-05
25.84	5.71955e-05
25.86	5.68224e-05
25.88	5.64519e-05
25.9	5.60841e-05
25.92	5.57189e-05
25.94	5.53564e-05
25.96	5.49964e-05
25.98	5.46391e-05
26	5.42843e-05
26.02	5.3932e-05
26.04	5.35823e-05
26.06	5.3235e-05
26.08	5.28903e-05
26.1	5.2548e-05
26.12	5.22082e-05
26.14	5.18709e-05
26.16	5.1536e-05
26.18	5.12034e-05
26.2	5.08733e-05
26.22	5.05456e-05
26.24	5.02202e-05
26.26	4.98971e-05
26.28	4.95764e-05
26.3	4.9258e-05
26.32	4.89419e-05
26.34	4.8628e-05
26.36	4.83164e-05
26.38	4.80071e-05
26.4	4.76999e-05
26.42	4.7395e-05
26.44	4.70923e-05
26.46	4.67918e-05
26.48	4.64934e-05
26.5	4.61972e-05
26.52	4.59031e-05
26.54	4.56111e-05
26.56	4.53212e-05
26.58	4.50334e-05
26.6	4.47477e-05
26.62	4.4464e-05
26.64	4.41824e-05
26.66	4.39028e-05
26.68	4.36252e-05
26.7	4.33496e-05
26.72	4.3076e-05
26.74	4.28044e-05
26.76	4.25347e-05
26.78	4.22669e-05
26.8	4.20011e-05
26.82	4.17371e-05
26.84	4.14751e-05
26.86	4.1215e-05
26.88	4.09567e-05
26.9	4.07002e-05
26.92	4.04456e-05
26.94	4.01929e-05
26.96	3.99419e-05
26.98	3.96928e-05
27	3.94454e-05
27.02	3.91998e-05
27.04	3.8956e-05
27.06	3.87139e-05
27.08	3.84735e-05
27.1	3.82349e-05
27.12	3.7998e-05
27.14	3.77627e-05
27.16	3.75292e-05
27.18	3.72973e-05
27.2	3.70671e-05
27.22	3.68385e-05
27.24	3.66116e-05
27.26	3.63863e-05
27.28	3.61625e-05
27.3	3.59404e-05
27.32	3.57199e-05
27.34	3.5501e-05
27.36	3.52836e-05
27.38	3.50678e-05
27.4	3.48535e-05
27.42	3.46407e-05
27.44	3.44295e-05
27.46	3.42197e-05
27.48	3.40115e-05
27.5	3.38048e-05
27.52	3.35995e-05
27.54	3.33957e-05
27.56	3.31933e-05
27.58	3.29924e-05
27.6	3.27929e-05
27.62	3.25948e-05
27.64	3.23982e-05
27.66	3.22029e-05
27.68	3.20091e-05
27.7	3.18166e-05
27.72	3.16255e-05
27.74	3.14357e-05
27.76	3.12473e-05
27.78	3.10603e-05
27.8	3.08746e-05
27.82	3.06902e-05
27.84	3.05071e-05
27.86	3.03253e-05
27.88	3.01448e-05
27.9	2.99656e-05
27.92	2.97877e-05
27.94	2.9611e-05
27.96	2.94356e-05
27.98	2.92615e-05
28	2.90886e-05
28.02	2.89169e-05
28.04	2.87464e-05
28.06	2.85772e-05
28.08	2.84091e-05
28.1	2.82423e-05
28.12	2.80766e-05
28.14	2.79122e-05
28.16	2.77489e-05
28.18	2.75867e-05
28.2	2.74258e-05
28.22	2.72659e-05
28.24	2.71072e-05
28.26	2.69497e-05
28.28	2.67932e-05
28.3	2.66379e-05
28.32	2.64837e-05
28.34	2.63306e-05
28.36	2.61786e-05
28.38	2.60276e-05
28.4	2.58778e-05
28.42	2.5729e-05
28.44	2.55813e-05
28.46	2.54346e-05
28.48	2.5289e-05
28.5	2.51444e-05
28.52	2.50009e-05
28.54	2.48584e-05
28.56	2.47169e-05
28.58	2.45765e-05
28.6	2.4437e-05
28.62	2.42985e-05
28.64	2.41611e-05
28.66	2.40246e-05
28.68	2.38891e-05
28.7	2.37546e-05
28.72	2.3621e-05
28.74	2.34884e-05
28.76	2.33568e-05
28.78	2.32261e-05
28.8	2.30963e-05
28.82	2.29675e-05
28.84	2.28397e-05
28.86	2.27127e-05
28.88	2.25867e-05
28.9	2.24616e-05
28.92	2.23373e-05
28.94	2.2214e-05
28.96	2.20916e-05
28.98	2.19701e-05
29	2.18495e-05
29.02	2.17297e-05
29.04	2.16108e-05
29.06	2.14928e-05
29.08	2.13757e-05
29.1	2.12594e-05
29.12	2.11439e-05
29.14	2.10293e-05
29.16	2.09156e-05
29.18	2.08027e-05
29.2	2.06906e-05
29.22	2.05793e-05
29.24	2.04689e-05
29.26	2.03593e-05
29.28	2.02505e-05
29.3	2.01425e-05
29.32	2.00353e-05
29.34	1.99289e-05
29.36	1.98233e-05
29.38	1.97185e-05
29.4	1.96145e-05
29.42	1.95113e-05
29.44	1.94088e-05
29.46	1.93072e-05
29.48	1.92063e-05
29.5	1.91061e-05
29.52	1.90067e-05
29.54	1.89081e-05
29.56	1.88102e-05
29.58	1.87131e-05
29.6	1.86167e-05
29.62	1.85211e-05
29.64	1.84262e-05
29.66	1.8332e-05
29.68	1.82386e-05
29.7	1.81459e-05
29.72	1.80539e-05
29.74	1.79626e-05
29.76	1.78721e-05
29.78	1.77823e-05
29.8	1.76932e-05
29.82	1.76048e-05
29.84	1.75171e-05
29.86	1.74301e-05
29.88	1.73438e-05
29.9	1.72582e-05
29.92	1.71733e-05
29.94	1.70891e-05
29.96	1.70056e-05
29.98	1.69228e-05
30	1.68406e-05
30.02	1.67592e-05
30.04	1.66784e-05
30.06	1.65983e-05
30.08	1.65189e-05
30.1	1.64402e-05
30.12	1.63622e-05
30.14	1.62848e-05
30.16	1.62081e-05
30.18	1.61321e-05
30.2	1.60567e-05
30.22	1.5982e-05
30.24	1.5908e-05
30.26	1.58347e-05
30.28	1.5762e-05
30.3	1.569e-05
30.32	1.56187e-05
30.34	1.55481e-05
30.36	1.54781e-05
30.38	1.54088e-05
30.4	1.53401e-05
30.42	1.52722e-05
30.44	1.52049e-05
30.46	1.51383e-05
30.48	1.50724e-05
30.5	1.50072e-05
30.52	1.49426e-05
30.54	1.48788e-05
30.56	1.48156e-05
30.58	1.47532e-05
30.6	1.46914e-05
30.62	1.46304e-05
30.64	1.457e-05
30.66	1.45104e-05
30.68	1.44516e-05
30.7	1.43934e-05
30.72	1.4336e-05
30.74	1.42794e-05
30.76	1.42235e-05
30.78	1.41684e-05
30.8	1.41141e-05
30.82	1.40606e-05
30.84	1.40079e-05
30.86	1.3956e-05
30.88	1.3905e-05
30.9	1.38549e-05
30.92	1.38057e-05
30.94	1.37574e-05
30.96	1.37101e-05
30.98	1.36637e-05
31	1.36184e-05
31.02	1.35742e-05
31.04	1.3531e-05
31.06	1.3489e-05
31.08	1.34483e-05
31.1	1.34089e-05
31.12	1.33708e-05
31.14	1.33343e-05
31.16	1.32993e-05
31.18	1.32661e-05
31.2	1.32347e-05
31.22	1.32055e-05
31.24	1.31787e-05
31.26	1.31545e-05
31.28	1.31334e-05
31.3	1.3116e-05
31.32	1.31029e-05
31.34	1.30954e-05
31.36	1.30951e-05
31.38	1.31045e-05
31.4	1.31284e-05
31.42	1.3176e-05
31.44	1.32685e-05
31.46	1.346e-05
31.48	1.3868e-05
31.5	1.46601e-05
31.52	1.59162e-05
31.54	1.7636e-05
31.56	2.00085e-05
31.58	2.33075e-05
31.6	2.77276e-05
31.62	3.34756e-05
31.64	4.08955e-05
31.66	5.03492e-05
31.68	6.1991e-05
31.7	7.56159e-05
31.72	9.06034e-05
31.74	0.000106095
31.76	0.000121328
31.78	0.000135785
31.8	0.000149165
31.82	0.000161308
31.84	0.000172163
31.86	0.000181769
31.88	0.00019023
31.9	0.000197681
31.92	0.000204257
31.94	0.000210088
31.96	0.000215284
31.98	0.000219941
32	0.00022414
32.02	0.000227947
32.04	0.00023142
32.06	0.000234603
32.08	0.000237536
32.1	0.000240251
32.12	0.000242773
32.14	0.000245125
32.16	0.000247324
32.18	0.000249385
32.2	0.000251321
32.22	0.00025314
32.24	0.000254853
32.26	0.000256467
32.28	0.000257988
32.3	0.000259422
32.32	0.000260774
32.34	0.000262048
32.36	0.000263248
32.38	0.000264379
32.4	0.000265442
32.42	0.000266441
32.44	0.00026738
32.46	0.000268261
32.48	0.000269086
32.5	0.000269857
32.52	0.000270577
32.54	0.000271248
32.56	0.000271872
32.58	0.000272451
32.6	0.000272986
32.62	0.000273478
32.64	0.00027393
32.66	0.000274343
32.68	0.000274718
32.7	0.000275056
32.72	0.000275358
32.74	0.000275626
32.76	0.00027586
32.78	0.000276061
32.8	0.000276229
32.82	0.000276367
32.84	0.000276473
32.86	0.00027655
32.88	0.000276597
32.9	0.000276615
32.92	0.000276604
32.94	0.000276565
32.96	0.000276498
32.98	0.000276403
33	0.000276282
33.02	0.000276133
33.04	0.000275958
33.06	0.000275756
33.08	0.000275528
33.1	0.000275275
33.12	0.000274995
33.14	0.00027469
33.16	0.00027436
33.18	0.000274005
33.2	0.000273625
33.22	0.00027322
33.24	0.000272791
33.26	0.000272338
33.28	0.000271861
33.3	0.00027136
33.32	0.000270835
33.34	0.000270288
33.36	0.000269717
33.38	0.000269123
33.4	0.000268508
33.42	0.00026787
33.44	0.00026721
33.46	0.000266529
33.48	0.000265826
33.5	0.000265103
33.52	0.000264359
33.54	0.000263595
33.56	0.000262812
33.58	0.000262009
33.6	0.000261187
33.62	0.000260346
33.64	0.000259487
33.66	0.000258611
33.68	0.000257717
33.7	0.000256807
33.72	0.000255879
33.74	0.000254936
33.76	0.000253978
33.78	0.000253004
33.8	0.000252015
33.82	0.000251012
33.84	0.000249996
33.86	0.000248966
33.88	0.000247923
33.9	0.000246868
33.92	0.000245801
33.94	0.000244722
33.96	0.000243633
33.98	0.000242532
34	0.000241422
34.02	0.000240302
34.04	0.000239172
34.06	0.000238034
34.08	0.000236888
34.1	0.000235733
34.12	0.000234571
34.14	0.000233402
34.16	0.000232226
34.18	0.000231044
34.2	0.000229856
34.22	0.000228662
34.24	0.000227463
34.26	0.00022626
34.28	0.000225052
34.3	0.00022384
34.32	0.000222625
34.34	0.000221406
34.36	0.000220184
34.38	0.00021896
34.4	0.000217733
34.42	0.000216505
34.44	0.000215275
34.46	0.000214043
34.48	0.00021281
34.5	0.000211577
34.52	0.000210343
34.54	0.000209109
34.56	0.000207875
34.58	0.000206641
34.6	0.000205408
34.62	0.000204176
34.64	0.000202945
34.66	0.000201715
34.68	0.000200486
34.7	0.00019926
34.72	0.000198035
34.74	0.000196812
34.76	0.000195592
34.78	0.000194374
34.8	0.000193159
34.82	0.000191947
34.84	0.000190738
34.86	0.000189532
34.88	0.00018833
34.9	0.000187131
34.92	0.000185935
34.94	0.000184744
34.96	0.000183556
34.98	0.000182373
35	0.000181193
35.02	0.000180018
35.04	0.000178848
35.06	0.000177682
35.08	0.000176521
35.1	0.000175364
35.12	0.000174212
35.14	0.000173065
35.16	0.000171924
35.18	0.000170787
35.2	0.000169655
35.22	0.000168529
35.24	0.000167408
35.26	0.000166292
35.28	0.000165182
35.3	0.000164077
35.32	0.000162978
35.34	0.000161885
35.36	0.000160797
35.38	0.000159714
35.4	0.000158638
35.42	0.000157567
35.44	0.000156502
35.46	0.000155443
35.48	0.00015439
35.5	0.000153343
35.52	0.000152302
35.54	0.000151266
35.56	0.000150237
35.58	0.000149214
35.6	0.000148196
35.62	0.000147185
35.64	0.00014618
35.66	0.00014518
35.68	0.000144187
35.7	0.0001432
35.72	0.000142219
35.74	0.000141244
35.76	0.000140275
35.78	0.000139312
35.8	0.000138355
35.82	0.000137404
35.84	0.000136459
35.86	0.00013552
35.88	0.000134588
35.9	0.000133661
35.92	0.00013274
35.94	0.000131826
35.96	0.000130917
35.98	0.000130014
36	0.000129118
36.02	0.000128227
36.04	0.000127342
36.06	0.000126463
36.08	0.00012559
36.1	0.000124723
36.12	0.000123861
36.14	0.000123006
36.16	0.000122156
36.18	0.000121312
36.2	0.000120474
36.22	0.000119642
36.24	0.000118815
36.26	0.000117994
36.28	0.000117178
36.3	0.000116369
36.32	0.000115565
36.34	0.000114766
36.36	0.000113973
36.38	0.000113186
36.4	0.000112404
36.42	0.000111627
36.44	0.000110856
36.46	0.000110091
36.48	0.000109331
36.5	0.000108576
36.52	0.000107826
36.54	0.000107082
36.56	0.000106343
36.58	0.000105609
36.6	0.000104881
36.62	0.000104157
36.64	0.000103439
36.66	0.000102726
36.68	0.000102018
36.7	0.000101315
36.72	0.000100617
36.74	9.99243e-05
36.76	9.92363e-05
36.78	9.85533e-05
36.8	9.78751e-05
36.82	9.72018e-05
36.84	9.65333e-05
36.86	9.58697e-05
36.88	9.52108e-05
36.9	9.45566e-05
36.92	9.39071e-05
36.94	9.32623e-05
36.96	9.26222e-05
36.98	9.19866e-05
37	9.13557e-05
37.02	9.07293e-05
37.04	9.01074e-05
37.06	8.949e-05
37.08	8.8877e-05
37.1	8.82685e-05
37.12	8.76643e-05
37.14	8.70646e-05
37.16	8.64691e-05
37.18	8.5878e-05
37.2	8.52911e-05
37.22	8.47085e-05
37.24	8.413e-05
37.26	8.35558e-05
37.28	8.29857e-05
37.3	8.24197e-05
37.32	8.18579e-05
37.34	8.13001e-05
37.36	8.07463e-05
37.38	8.01965e-05
37.4	7.96507e-05
37.42	7.91088e-05
37.44	7.85709e-05
37.46	7.80369e-05
37.48	7.75067e-05
37.5	7.69803e-05
37.52	7.64577e-05
37.54	7.5939e-05
37.56	7.54239e-05
37.58	7.49126e-05
37.6	7.4405e-05
37.62	7.3901e-05
37.64	7.34007e-05
37.66	7.2904e-05
37.68	7.24109e-05
37.7	7.19213e-05
37.72	7.14353e-05
37.74	7.09527e-05
37.76	7.04737e-05
37.78	6.99981e-05
37.8	6.95259e-05
37.82	6.90571e-05
37.84	6.85917e-05
37.86	6.81297e-05
37.88	6.7671e-05
37.9	6.72156e-05
37.92	6.67634e-05
37.94	6.63145e-05
37.96	6.58689e-05
37.98	6.54264e-05
38	6.49871e-05
38.02	6.4551e-05
38.04	6.4118e-05
38.06	6.36881e-05
38.08	6.32613e-05
38.1	6.28376e-05
38.12	6.24169e-05
38.14	6.19992e-05
38.16	6.15845e-05
38.18	6.11728e-05
38.2	6.0764e-05
38.22	6.03582e-05
38.24	5.99552e-05
38.26	5.95551e-05
38.28	5.91579e-05
38.3	5.87636e-05
38.32	5.8372e-05
38.34	5.79833e-05
38.36	5.75973e-05
38.38	5.72141e-05
38.4	5.68336e-05
38.42	5.64558e-05
38.44	5.60807e-05
38.46	5.57083e-05
38.48	5.53386e-05
38.5	5.49714e-05
38.52	5.46069e-05
38.54	5.4245e-05
38.56	5.38856e-05
38.58	5.35289e-05
38.6	5.31746e-05
38.62	5.28229e-05
38.64	5.24736e-05
38.66	5.21268e-05
38.68	5.17825e-05
38.7	5.14407e-05
38.72	5.11012e-05
38.74	5.07642e-05
38.76	5.04295e-05
38.78	5.00973e-05
38.8	4.97673e-05
38.82	4.94397e-05
38.84	4.91145e-05
38.86	4.87915e-05
38.88	4.84708e-05
38.9	4.81524e-05
38.92	4.78362e-05
38.94	4.75222e-05
38.96	4.72105e-05
38.98	4.6901e-05
39	4.65936e-05
39.02	4.62884e-05
39.04	4.59854e-05
39.06	4.56845e-05
39.08	4.53857e-05
39.1	4.5089e-05
39.12	4.47944e-05
39.14	4.45019e-05
39.16	4.42114e-05
39.18	4.3923e-05
39.2	4.36365e-05
39.22	4.33521e-05
39.24	4.30697e-05
39.26	4.27893e-05
39.28	4.25109e-05
39.3	4.22344e-05
39.32	4.19598e-05
39.34	4.16872e-05
39.36	4.14164e-05
39.38	4.11476e-05
39.4	4.08806e-05
39.42	4.06155e-05
39.44	4.03523e-05
39.46	4.00909e-05
39.48	3.98313e-05
39.5	3.95735e-05
39.52	3.93176e-05
39.54	3.90634e-05
39.56	3.8811e-05
39.58	3.85604e-05
39.6	3.83115e-05
39.62	3.80643e-05
39.64	3.78189e-05
39.66	3.75751e-05
39.68	3.73331e-05
39.7	3.70927e-05
39.72	3.6854e-05
39.74	3.6617e-05
39.76	3.63816e-05
39.78	3.61479e-05
39.8	3.59158e-05
39.82	3.56853e-05
39.84	3.54564e-05
39.86	3.5229e-05
39.88	3.50033e-05
39.9	3.47791e-05
39.92	3.45565e-05
39.94	3.43354e-05
39.96	3.41159e-05
39.98	3.38978e-05
40	3.36813e-05
40.02	3.34663e-05
40.04	3.32527e-05
40.06	3.30407e-05
40.08	3.28301e-05
40.1	3.26209e-05
40.12	3.24132e-05
40.14	3.2207e-05
40.16	3.20021e-05
40.18	3.17987e-05
40.2	3.15967e-05
40.22	3.13961e-05
40.24	3.11968e-05
40.26	3.09989e-05
40.28	3.08024e-05
40.3	3.06073e-05
40.32	3.04134e-05
40.34	3.0221e-05
40.36	3.00298e-05
40.38	2.984e-05
40.4	2.96514e-05
40.42	2.94642e-05
40.44	2.92782e-05
40.46	2.90935e-05
40.48	2.89101e-05
40.5	2.8728e-05
40.52	2.85471e-05
40.54	2.83674e-05
40.56	2.8189e-05
40.58	2.80118e-05
40.6	2.78358e-05
40.62	2.7661e-05
40.64	2.74874e-05
40.66	2.7315e-05
40.68	2.71438e-05
40.7	2.69737e-05
40.72	2.68048e-05
40.74	2.66371e-05
40.76	2.64705e-05
40.78	2.6305e-05
40.8	2.61407e-05
40.82	2.59775e-05
40.84	2.58154e-05
40.86	2.56545e-05
40.88	2.54946e-05
40.9	2.53358e-05
40.92	2.51781e-05
40.94	2.50215e-05
40.96	2.48659e-05
40.98	2.47114e-05
41	2.45579e-05
41.02	2.44055e-05
41.04	2.42542e-05
41.06	2.41038e-05
41.08	2.39545e-05
41.1	2.38062e-05
41.12	2.36589e-05
41.14	2.35126e-05
41.16	2.33673e-05
41.18	2.3223e-05
41.2	2.30797e-05
41.22	2.29373e-05
41.24	2.27959e-05
41.26	2.26555e-05
41.28	2.2516e-05
41.3	2.23775e-05
41.32	2.22399e-05
41.34	2.21032e-05
41.36	2.19675e-05
41.38	2.18327e-05
41.4	2.16988e-05
41.42	2.15658e-05
41.44	2.14337e-05
41.46	2.13025e-05
41.48	2.11722e-05
41.5	2.10427e-05
41.52	2.09142e-05
41.54	2.07865e-05
41.56	2.06596e-05
41.58	2.05337e-05
41.6	2.04085e-05
41.62	2.02843e-05
41.64	2.01608e-05
41.66	2.00382e-05
41.68	1.99164e-05
41.7	1.97955e-05
41.72	1.96753e-05
41.74	1.9556e-05
41.76	1.94375e-05
41.78	1.93197e-05
41.8	1.92028e-05
41.82	1.90867e-05
41.84	1.89713e-05
41.86	1.88567e-05
41.88	1.87429e-05
41.9	1.86298e-05
41.92	1.85175e-05
41.94	1.8406e-05
41.96	1.82952e-05
41.98	1.81851e-05
42	1.80758e-05
42.02	1.79672e-05
42.04	1.78594e-05
42.06	1.77523e-05
42.08	1.76459e-05
42.1	1.75402e-05
42.12	1.74352e-05
42.14	1.73309e-05
42.16	1.72273e-05
42.18	1.71245e-05
42.2	1.70223e-05
42.22	1.69208e-05
42.24	1.68199e-05
42.26	1.67198e-05
42.28	1.66203e-05
42.3	1.65215e-05
42.32	1.64233e-05
42.34	1.63258e-05
42.36	1.62289e-05
42.38	1.61327e-05
42.4	1.60372e-05
42.42	1.59423e-05
42.44	1.5848e-05
42.46	1.57543e-05
42.48	1.56613e-05
42.5	1.55689e-05
42.52	1.54771e-05
42.54	1.53859e-05
42.56	1.52953e-05
42.58	1.52054e-05
42.6	1.5116e-05
42.62	1.50272e-05
42.64	1.4939e-05
42.66	1.48515e-05
42.68	1.47644e-05
42.7	1.4678e-05
42.72	1.45922e-05
42.74	1.45069e-05
42.76	1.44222e-05
42.78	1.4338e-05
42.8	1.42544e-05
42.82	1.41714e-05
42.84	1.40889e-05
42.86	1.4007e-05
42.88	1.39256e-05
42.9	1.38447e-05
42.92	1.37644e-05
42.94	1.36846e-05
42.96	1.36054e-05
42.98	1.35267e-05
43	1.34485e-05
43.02	1.33708e-05
43.04	1.32936e-05
43.06	1.3217e-05
43.08	1.31408e-05
43.1	1.30652e-05
43.12	1.29901e-05
43.14	1.29154e-05
43.16	1.28413e-05
43.18	1.27676e-05
43.2	1.26945e-05
43.22	1.26218e-05
43.24	1.25496e-05
43.26	1.24779e-05
43.28	1.24066e-05
43.3	1.23358e-05
43.32	1.22655e-05
43.34	1.21957e-05
43.36	1.21263e-05
43.38	1.20574e-05
43.4	1.19889e-05
43.42	1.19209e-05
43.44	1.18534e-05
43.46	1.17862e-05
43.48	1.17196e-05
43.5	1.16533e-05
43.52	1.15875e-05
43.54	1.15222e-05
43.56	1.14573e-05
43.58	1.13928e-05
43.6	1.13287e-05
43.62	1.1265e-05
43.64	1.12018e-05
43.66	1.1139e-05
43.68	1.10766e-05
43.7	1.10146e-05
43.72	1.0953e-05
43.74	1.08919e-05
43.76	1.08311e-05
43.78	1.07707e-05
43.8	1.07108e-05
43.82	1.06512e-05
43.84	1.0592e-05
43.86	1.05332e-05
43.88	1.04748e-05
43.9	1.04168e-05
43.92	1.03592e-05
43.94	1.03019e-05
43.96	1.0245e-05
43.98	1.01885e-05
44	1.01324e-05
44.02	1.00766e-05
44.04	1.00212e-05
44.06	9.96618e-06
44.08	9.91152e-06
44.1	9.85721e-06
44.12	9.80325e-06
44.14	9.74966e-06
44.16	9.69641e-06
44.18	9.64352e-06
44.2	9.59097e-06
44.22	9.53877e-06
44.24	9.48692e-06
44.26	9.4354e-06
44.28	9.38423e-06
44.3	9.33339e-06
44.32	9.28288e-06
44.34	9.23271e-06
44.36	9.18286e-06
44.38	9.13335e-06
44.4	9.08416e-06
44.42	9.03529e-06
44.44	8.98675e-06
44.46	8.93852e-06
44.48	8.89062e-06
44.5	8.84302e-06
44.52	8.79574e-06
44.54	8.74877e-06
44.56	8.70212e-06
44.58	8.65576e-06
44.6	8.60971e-06
44.62	8.56397e-06
44.64	8.51852e-06
44.66	8.47338e-06
44.68	8.42853e-06
44.7	8.38398e-06
44.72	8.33972e-06
44.74	8.29575e-06
44.76	8.25207e-06
44.78	8.20868e-06
44.8	8.16557e-06
44.82	8.12275e-06
44.84	8.0802e-06
44.86	8.03794e-06
44.88	7.99596e-06
44.9	7.95425e-06
44.92	7.91282e-06
44.94	7.87166e-06
44.96	7.83077e-06
44.98	7.79015e-06
45	7.7498e-06
45.02	7.70971e-06
45.04	7.66989e-06
45.06	7.63033e-06
45.08	7.59103e-06
45.1	7.55199e-06
45.12	7.51321e-06
45.14	7.47468e-06
45.16	7.43641e-06
45.18	7.39839e-06
45.2	7.36062e-06
45.22	7.3231e-06
45.24	7.28583e-06
45.26	7.2488e-06
45.28	7.21202e-06
45.3	7.17548e-06
45.32	7.13918e-06
45.34	7.10313e-06
45.36	7.06731e-06
45.38	7.03172e-06
45.4	6.99638e-06
45.42	6.96126e-06
45.44	6.92638e-06
45.46	6.89173e-06
45.48	6.85731e-06
45.5	6.82312e-06
45.52	6.78916e-06
45.54	6.75542e-06
45.56	6.7219e-06
45.58	6.68861e-06
45.6	6.65554e-06
45.62	6.62268e-06
45.64	6.59005e-06
45.66	6.55763e-06
45.68	6.52543e-06
45.7	6.49344e-06
45.72	6.46167e-06
45.74	6.43011e-06
45.76	6.39875e-06
45.78	6.36761e-06
45.8	6.33668e-06
45.82	6.30595e-06
45.84	6.27543e-06
45.86	6.24511e-06
45.88	6.21499e-06
45.9	6.18508e-06
45.92	6.15537e-06
45.94	6.12585e-06
45.96	6.09654e-06
45.98	6.06742e-06
46	6.03849e-06
46.02	6.00977e-06
46.04	5.98123e-06
46.06	5.95289e-06
46.08	5.92474e-06
46.1	5.89677e-06
46.12	5.869e-06
46.14	5.84142e-06
46.16	5.81402e-06
46.18	5.78681e-06
46.2	5.75978e-06
46.22	5.73293e-06
46.24	5.70627e-06
46.26	5.67979e-06
46.28	5.65349e-06
46.3	5.62737e-06
46.32	5.60143e-06
46.34	5.57566e-06
46.36	5.55007e-06
46.38	5.52466e-06
46.4	5.49942e-06
46.42	5.47436e-06
46.44	5.44946e-06
46.46	5.42474e-06
46.48	5.40019e-06
46.5	5.37581e-06
46.52	5.3516e-06
46.54	5.32755e-06
46.56	5.30367e-06
46.58	5.27996e-06
46.6	5.25641e-06
46.62	5.23303e-06
46.64	5.20981e-06
46.66	5.18675e-06
46.68	5.16386e-06
46.7	5.14112e-06
46.72	5.11855e-06
46.74	5.09613e-06
46.76	5.07387e-06
46.78	5.05177e-06
46.8	5.02983e-06
46.82	5.00804e-06
46.84	4.98641e-06
46.86	4.96493e-06
46.88	4.94361e-06
46.9	4.92244e-06
46.92	4.90142e-06
46.94	4.88055e-06
46.96	4.85983e-06
46.98	4.83926e-06
47	4.81885e-06
47.02	4.79858e-06
47.04	4.77846e-06
47.06	4.75848e-06
47.08	4.73866e-06
47.1	4.71897e-06
47.12	4.69944e-06
47.14	4.68005e-06
47.16	4.6608e-06
47.18	4.6417e-06
47.2	4.62274e-06
47.22	4.60392e-06
47.24	4.58524e-06
47.26	4.5667e-06
47.28	4.54831e-06
47.3	4.53006e-06
47.32	4.51194e-06
47.34	4.49396e-06
47.36	4.47613e-06
47.38	4.45843e-06
47.4	4.44086e-06
47.42	4.42344e-06
47.44	4.40615e-06
47.46	4.389e-06
47.48	4.37198e-06
47.5	4.3551e-06
47.52	4.33836e-06
47.54	4.32175e-06
47.56	4.30527e-06
47.58	4.28892e-06
47.6	4.27272e-06
47.62	4.25664e-06
47.64	4.24069e-06
47.66	4.22488e-06
47.68	4.2092e-06
47.7	4.19366e-06
47.72	4.17824e-06
47.74	4.16296e-06
47.76	4.14781e-06
47.78	4.13278e-06
47.8	4.11789e-06
47.82	4.10313e-06
47.84	4.0885e-06
47.86	4.074e-06
47.88	4.05964e-06
47.9	4.0454e-06
47.92	4.03129e-06
47.94	4.01731e-06
47.96	4.00346e-06
47.98	3.98975e-06
48	3.97616e-06
48.02	3.9627e-06
48.04	3.94938e-06
48.06	3.93618e-06
48.08	3.92311e-06
48.1	3.91018e-06
48.12	3.89738e-06
48.14	3.8847e-06
48.16	3.87216e-06
48.18	3.85976e-06
48.2	3.84748e-06
48.22	3.83534e-06
48.24	3.82333e-06
48.26	3.81145e-06
48.28	3.79971e-06
48.3	3.7881e-06
48.32	3.77663e-06
48.34	3.76529e-06
48.36	3.75409e-06
48.38	3.74303e-06
48.4	3.7321e-06
48.42	3.72132e-06
48.44	3.71068e-06
48.46	3.70018e-06
48.48	3.68982e-06
48.5	3.6796e-06
48.52	3.66953e-06
48.54	3.65961e-06
48.56	3.64984e-06
48.58	3.64021e-06
48.6	3.63074e-06
48.62	3.62142e-06
48.64	3.61226e-06
48.66	3.60326e-06
48.68	3.59442e-06
48.7	3.58574e-06
48.72	3.57722e-06
48.74	3.56888e-06
48.76	3.56071e-06
48.78	3.55271e-06
48.8	3.5449e-06
48.82	3.53727e-06
48.84	3.52983e-06
48.86	3.52258e-06
48.88	3.51553e-06
48.9	3.50868e-06
48.92	3.50204e-06
48.94	3.49563e-06
48.96	3.48944e-06
48.98	3.48348e-06
49	3.47776e-06
49.02	3.4723e-06
49.04	3.46711e-06
49.06	3.46219e-06
49.08	3.45757e-06
49.1	3.45325e-06
49.12	3.44926e-06
49.14	3.44562e-06
49.16	3.44236e-06
49.18	3.43949e-06
49.2	3.43706e-06
49.22	3.4351e-06
49.24	3.43366e-06
49.26	3.4328e-06
49.28	3.43257e-06
49.3	3.43308e-06
49.32	3.43442e-06
49.34	3.43673e-06
49.36	3.44021e-06
49.38	3.4451e-06
49.4	3.45178e-06
49.42	3.46081e-06
49.44	3.47309e-06
49.46	3.49027e-06
49.48	3.51564e-06
49.5	3.55684e-06
49.52	3.63289e-06
49.54	3.78362e-06
49.56	4.07037e-06
49.58	4.54232e-06
49.6	5.25346e-06
49.62	6.33289e-06
49.64	7.9486e-06
49.66	1.02638e-05
49.68	1.34864e-05
49.7	1.79068e-05
49.72	2.38175e-05
49.74	3.13754e-05
49.76	4.04865e-05
49.78	5.07522e-05
49.8	6.15926e-05
49.82	7.247e-05
49.84	8.29963e-05
49.86	9.29212e-05
49.88	0.000102096
49.9	0.000110453
49.92	0.000117993
49.94	0.000124766
49.96	0.000130844
49.98	0.000136305
50	0.000141226
50.02	0.000145675
50.04	0.000149715
50.06	0.000153396
50.08	0.000156765
50.1	0.000159861
50.12	0.000162716
50.14	0.000165359
50.16	0.000167814
50.18	0.000170101
50.2	0.000172238
50.22	0.000174238
50.24	0.000176114
50.26	0.000177877
50.28	0.000179536
50.3	0.000181099
50.32	0.000182572
50.34	0.000183961
50.36	0.000185273
50.38	0.000186511
50.4	0.000187679
50.42	0.000188783
50.44	0.000189824
50.46	0.000190807
50.48	0.000191734
50.5	0.000192608
50.52	0.000193431
50.54	0.000194207
50.56	0.000194936
50.58	0.000195622
50.6	0.000196266
50.62	0.000196869
50.64	0.000197434
50.66	0.000197963
50.68	0.000198455
50.7	0.000198914
50.72	0.000199339
50.74	0.000199733
50.76	0.000200096
50.78	0.000200429
50.8	0.000200734
50.82	0.000201011
50.84	0.00020126
50.86	0.000201484
50.88	0.000201681
50.9	0.000201853
50.92	0.000202001
50.94	0.000202125
50.96	0.000202225
50.98	0.000202301
51	0.000202355
51.02	0.000202387
51.04	0.000202396
51.06	0.000202383
51.08	0.000202349
51.1	0.000202294
51.12	0.000202218
51.14	0.00020212
51.16	0.000202002
51.18	0.000201864
51.2	0.000201705
51.22	0.000201527
51.24	0.000201328
51.26	0.00020111
51.28	0.000200872
51.3	0.000200615
51.32	0.000200339
51.34	0.000200044
51.36	0.000199731
51.38	0.000199398
51.4	0.000199048
51.42	0.000198679
51.44	0.000198293
51.46	0.000197888
51.48	0.000197467
51.5	0.000197028
51.52	0.000196572
51.54	0.0001961
51.56	0.000195611
51.58	0.000195106
51.6	0.000194585
51.62	0.000194048
51.64	0.000193496
51.66	0.00019293
51.68	0.000192348
51.7	0.000191752
51.72	0.000191143
51.74	0.000190519
51.76	0.000189882
51.78	0.000189232
51.8	0.000188569
51.82	0.000187894
51.84	0.000187207
51.86	0.000186508
51.88	0.000185798
51.9	0.000185077
51.92	0.000184345
51.94	0.000183603
51.96	0.000182851
51.98	0.000182089
52	0.000181318
52.02	0.000180538
52.04	0.00017975
52.06	0.000178954
52.08	0.000178149
52.1	0.000177337
52.12	0.000176518
52.14	0.000175692
52.16	0.00017486
52.18	0.000174021
52.2	0.000173177
52.22	0.000172327
52.24	0.000171472
52.26	0.000170611
52.28	0.000169747
52.3	0.000168878
52.32	0.000168005
52.34	0.000167128
52.36	0.000166248
52.38	0.000165364
52.4	0.000164478
52.42	0.000163589
52.44	0.000162698
52.46	0.000161804
52.48	0.000160909
52.5	0.000160012
52.52	0.000159114
52.54	0.000158214
52.56	0.000157314
52.58	0.000156413
52.6	0.000155512
52.62	0.00015461
52.64	0.000153708
52.66	0.000152806
52.68	0.000151905
52.7	0.000151004
52.72	0.000150103
52.74	0.000149204
52.76	0.000148306
52.78	0.000147408
52.8	0.000146512
52.82	0.000145618
52.84	0.000144725
52.86	0.000143834
52.88	0.000142945
52.9	0.000142058
52.92	0.000141173
52.94	0.000140291
52.96	0.00013941
52.98	0.000138533
53	0.000137658
53.02	0.000136786
53.04	0.000135916
53.06	0.00013505
53.08	0.000134186
53.1	0.000133326
53.12	0.000132469
53.14	0.000131615
53.16	0.000130765
53.18	0.000129918
53.2	0.000129074
53.22	0.000128234
53.24	0.000127398
53.26	0.000126566
53.28	0.000125737
53.3	0.000124912
53.32	0.000124091
53.34	0.000123273
53.36	0.00012246
53.38	0.000121651
53.4	0.000120846
53.42	0.000120044
53.44	0.000119247
53.46	0.000118455
53.48	0.000117666
53.5	0.000116881
53.52	0.000116101
53.54	0.000115325
53.56	0.000114553
53.58	0.000113786
53.6	0.000113023
53.62	0.000112264
53.64	0.00011151
53.66	0.00011076
53.68	0.000110014
53.7	0.000109273
53.72	0.000108536
53.74	0.000107803
53.76	0.000107075
53.78	0.000106351
53.8	0.000105632
53.82	0.000104917
53.84	0.000104207
53.86	0.000103501
53.88	0.000102799
53.9	0.000102102
53.92	0.000101409
53.94	0.000100721
53.96	0.000100037
53.98	9.93569e-05
54	9.86817e-05
54.02	9.80108e-05
54.04	9.73442e-05
54.06	9.6682e-05
54.08	9.60241e-05
54.1	9.53706e-05
54.12	9.47213e-05
54.14	9.40764e-05
54.16	9.34357e-05
54.18	9.27994e-05
54.2	9.21672e-05
54.22	9.15393e-05
54.24	9.09157e-05
54.26	9.02962e-05
54.28	8.9681e-05
54.3	8.90699e-05
54.32	8.84629e-05
54.34	8.78601e-05
54.36	8.72614e-05
54.38	8.66669e-05
54.4	8.60764e-05
54.42	8.54899e-05
54.44	8.49075e-05
54.46	8.43291e-05
54.48	8.37547e-05
54.5	8.31843e-05
54.52	8.26179e-05
54.54	8.20554e-05
54.56	8.14968e-05
54.58	8.09421e-05
54.6	8.03913e-05
54.62	7.98443e-05
54.64	7.93012e-05
54.66	7.87618e-05
54.68	7.82263e-05
54.7	7.76945e-05
54.72	7.71664e-05
54.74	7.66421e-05
54.76	7.61215e-05
54.78	7.56045e-05
54.8	7.50912e-05
54.82	7.45815e-05
54.84	7.40754e-05
54.86	7.35729e-05
54.88	7.3074e-05
54.9	7.25786e-05
54.92	7.20867e-05
54.94	7.15983e-05
54.96	7.11133e-05
54.98	7.06318e-05
55	7.01538e-05
55.02	6.96791e-05
55.04	6.92078e-05
55.06	6.87399e-05
55.08	6.82752e-05
55.1	6.78139e-05
55.12	6.73559e-05
55.14	6.69012e-05
55.16	6.64497e-05
55.18	6.60014e-05
55.2	6.55563e-05
55.22	6.51143e-05
55.24	6.46756e-05
55.26	6.42399e-05
55.28	6.38074e-05
55.3	6.3378e-05
55.32	6.29516e-05
55.34	6.25282e-05
55.36	6.21079e-05
55.38	6.16906e-05
55.4	6.12763e-05
55.42	6.08649e-05
55.44	6.04564e-05
55.46	6.00509e-05
55.48	5.96482e-05
55.5	5.92485e-05
55.52	5.88516e-05
55.54	5.84575e-05
55.56	5.80662e-05
55.58	5.76777e-05
55.6	5.7292e-05
55.62	5.6909e-05
55.64	5.65288e-05
55.66	5.61513e-05
55.68	5.57765e-05
55.7	5.54043e-05
55.72	5.50348e-05
55.74	5.46679e-05
55.76	5.43036e-05
55.78	5.3942e-05
55.8	5.35829e-05
55.82	5.32263e-05
55.84	5.28723e-05
55.86	5.25208e-05
55.88	5.21718e-05
55.9	5.18253e-05
55.92	5.14813e-05
55.94	5.11396e-05
55.96	5.08005e-05
55.98	5.04637e-05
56	5.01293e-05
56.02	4.97973e-05
56.04	4.94676e-05
56.06	4.91403e-05
56.08	4.88153e-05
56.1	4.84926e-05
56.12	4.81722e-05
56.14	4.78541e-05
56.16	4.75382e-05
56.18	4.72245e-05
56.2	4.69131e-05
56.22	4.66039e-05
56.24	4.62968e-05
56.26	4.59919e-05
56.28	4.56892e-05
56.3	4.53886e-05
56.32	4.50901e-05
56.34	4.47938e-05
56.36	4.44995e-05
56.38	4.42073e-05
56.4	4.39172e-05
56.42	4.36291e-05
56.44	4.3343e-05
56.46	4.3059e-05
56.48	4.27769e-05
56.5	4.24969e-05
56.52	4.22188e-05
56.54	4.19426e-05
56.56	4.16684e-05
56.58	4.13961e-05
56.6	4.11258e-05
56.62	4.08573e-05
56.64	4.05907e-05
56.66	4.0326e-05
56.68	4.00632e-05
56.7	3.98021e-05
56.72	3.95429e-05
56.74	3.92856e-05
56.76	3.903e-05
56.78	3.87762e-05
56.8	3.85242e-05
56.82	3.8274e-05
56.84	3.80255e-05
56.86	3.77787e-05
56.88	3.75337e-05
56.9	3.72903e-05
56.92	3.70487e-05
56.94	3.68087e-05
56.96	3.65705e-05
56.98	3.63339e-05
57	3.60989e-05
57.02	3.58656e-05
57.04	3.56338e-05
57.06	3.54038e-05
57.08	3.51753e-05
57.1	3.49484e-05
57.12	3.4723e-05
57.14	3.44993e-05
57.16	3.42771e-05
57.18	3.40564e-05
57.2	3.38373e-05
57.22	3.36196e-05
57.24	3.34035e-05
57.26	3.31889e-05
57.28	3.29758e-05
57.3	3.27642e-05
57.32	3.2554e-05
57.34	3.23453e-05
57.36	3.2138e-05
57.38	3.19321e-05
57.4	3.17277e-05
57.42	3.15247e-05
57.44	3.13231e-05
57.46	3.11229e-05
57.48	3.09241e-05
57.5	3.07266e-05
57.52	3.05305e-05
57.54	3.03357e-05
57.56	3.01423e-05
57.58	2.99503e-05
57.6	2.97595e-05
57.62	2.95701e-05
57.64	2.93819e-05
57.66	2.91951e-05
57.68	2.90095e-05
57.7	2.88253e-05
57.72	2.86423e-05
57.74	2.84605e-05
57.76	2.828e-05
57.78	2.81007e-05
57.8	2.79227e-05
57.82	2.77459e-05
57.84	2.75703e-05
57.86	2.73959e-05
57.88	2.72227e-05
57.9	2.70506e-05
57.92	2.68798e-05
57.94	2.67101e-05
57.96	2.65416e-05
57.98	2.63743e-05
58	2.62081e-05
58.02	2.6043e-05
58.04	2.5879e-05
58.06	2.57162e-05
58.08	2.55545e-05
58.1	2.53939e-05
58.12	2.52344e-05
58.14	2.50759e-05
58.16	2.49186e-05
58.18	2.47623e-05
58.2	2.46071e-05
58.22	2.44529e-05
58.24	2.42998e-05
58.26	2.41478e-05
58.28	2.39968e-05
58.3	2.38468e-05
58.32	2.36978e-05
58.34	2.35498e-05
58.36	2.34029e-05
58.38	2.32569e-05
58.4	2.31119e-05
58.42	2.29679e-05
58.44	2.28249e-05
58.46	2.26829e-05
58.48	2.25418e-05
58.5	2.24017e-05
58.52	2.22625e-05
58.54	2.21243e-05
58.56	2.1987e-05
58.58	2.18506e-05
58.6	2.17152e-05
58.62	2.15807e-05
58.64	2.14471e-05
58.66	2.13144e-05
58.68	2.11826e-05
58.7	2.10516e-05
58.72	2.09216e-05
58.74	2.07924e-05
58.76	2.06642e-05
58.78	2.05367e-05
58.8	2.04102e-05
58.82	2.02845e-05
58.84	2.01596e-05
58.86	2.00356e-05
58.88	1.99124e-05
58.9	1.97901e-05
58.92	1.96685e-05
58.94	1.95478e-05
58.96	1.94279e-05
58.98	1.93089e-05
59	1.91906e-05
59.02	1.90731e-05
59.04	1.89564e-05
59.06	1.88404e-05
59.08	1.87253e-05
59.1	1.86109e-05
59.12	1.84973e-05
59.14	1.83845e-05
59.16	1.82724e-05
59.18	1.81611e-05
59.2	1.80505e-05
59.22	1.79407e-05
59.24	1.78316e-05
59.26	1.77232e-05
59.28	1.76155e-05
59.3	1.75086e-05
59.32	1.74024e-05
59.34	1.72969e-05
59.36	1.71921e-05
59.38	1.7088e-05
59.4	1.69846e-05
59.42	1.68819e-05
59.44	1.67799e-05
59.46	1.66785e-05
59.48	1.65779e-05
59.5	1.64779e-05
59.52	1.63785e-05
59.54	1.62799e-05
59.56	1.61819e-05
59.58	1.60845e-05
59.6	1.59878e-05
59.62	1.58918e-05
59.64	1.57963e-05
59.66	1.57016e-05
59.68	1.56074e-05
59.7	1.55139e-05
59.72	1.5421e-05
59.74	1.53287e-05
59.76	1.5237e-05
59.78	1.5146e-05
59.8	1.50555e-05
59.82	1.49657e-05
59.84	1.48764e-05
59.86	1.47877e-05
59.88	1.46997e-05
59.9	1.46122e-05
59.92	1.45252e-05
59.94	1.44389e-05
59.96	1.43531e-05
59.98	1.4268e-05
60	1.41833e-05
60.02	1.40993e-05
60.04	1.40157e-05
60.06	1.39328e-05
60.08	1.38504e-05
60.1	1.37685e-05
60.12	1.36872e-05
60.14	1.36064e-05
60.16	1.35261e-05
60.18	1.34464e-05
60.2	1.33672e-05
60.22	1.32885e-05
60.24	1.32104e-05
60.26	1.31328e-05
60.28	1.30556e-05
60.3	1.2979e-05
60.32	1.29029e-05
60.34	1.28273e-05
60.36	1.27522e-05
60.38	1.26776e-05
60.4	1.26035e-05
60.42	1.25298e-05
60.44	1.24567e-05
60.46	1.2384e-05
60.48	1.23118e-05
60.5	1.22401e-05
60.52	1.21689e-05
60.54	1.20981e-05
60.56	1.20278e-05
60.58	1.19579e-05
60.6	1.18885e-05
60.62	1.18196e-05
60.64	1.17511e-05
60.66	1.16831e-05
60.68	1.16155e-05
60.7	1.15484e-05
60.72	1.14817e-05
60.74	1.14154e-05
60.76	1.13496e-05
60.78	1.12842e-05
60.8	1.12192e-05
60.82	1.11547e-05
60.84	1.10905e-05
60.86	1.10268e-05
60.88	1.09635e-05
60.9	1.09007e-05
60.92	1.08382e-05
60.94	1.07762e-05
60.96	1.07145e-05
60.98	1.06533e-05
61	1.05924e-05
61.02	1.0532e-05
61.04	1.04719e-05
61.06	1.04123e-05
61.08	1.0353e-05
61.1	1.02941e-05
61.12	1.02356e-05
61.14	1.01775e-05
61.16	1.01198e-05
61.18	1.00624e-05
61.2	1.00054e-05
61.22	9.9488e-06
61.24	9.89256e-06
61.26	9.83667e-06
61.28	9.78116e-06
61.3	9.726e-06
61.32	9.6712e-06
61.34	9.61676e-06
61.36	9.56267e-06
61.38	9.50894e-06
61.4	9.45555e-06
61.42	9.40251e-06
61.44	9.34982e-06
61.46	9.29747e-06
61.48	9.24545e-06
61.5	9.19378e-06
61.52	9.14244e-06
61.54	9.09143e-06
61.56	9.04076e-06
61.58	8.99041e-06
61.6	8.94039e-06
61.62	8.89069e-06
61.64	8.84132e-06
61.66	8.79227e-06
61.68	8.74353e-06
61.7	8.69511e-06
61.72	8.647e-06
61.74	8.59921e-06
61.76	8.55172e-06
61.78	8.50454e-06
61.8	8.45767e-06
61.82	8.4111e-06
61.84	8.36483e-06
61.86	8.31886e-06
61.88	8.27319e-06
61.9	8.22781e-06
61.92	8.18273e-06
61.94	8.13793e-06
61.96	8.09343e-06
61.98	8.04921e-06
62	8.00528e-06
62.02	7.96164e-06
62.04	7.91827e-06
62.06	7.87519e-06
62.08	7.83238e-06
62.1	7.78985e-06
62.12	7.74759e-06
62.14	7.7056e-06
62.16	7.66389e-06
62.18	7.62244e-06
62.2	7.58126e-06
62.22	7.54035e-06
62.24	7.4997e-06
62.26	7.45931e-06
62.28	7.41918e-06
62.3	7.37931e-06
62.32	7.3397e-06
62.34	7.30034e-06
62.36	7.26124e-06
62.38	7.22238e-06
62.4	7.18378e-06
62.42	7.14542e-06
62.44	7.10731e-06
62.46	7.06945e-06
62.48	7.03183e-06
62.5	6.99445e-06
62.52	6.95731e-06
62.54	6.92041e-06
62.56	6.88374e-06
62.58	6.84731e-06
62.6	6.81112e-06
62.62	6.77516e-06
62.64	6.73942e-06
62.66	6.70392e-06
62.68	6.66865e-06
62.7	6.6336e-06
62.72	6.59877e-06
62.74	6.56417e-06
62.76	6.52979e-06
62.78	6.49564e-06
62.8	6.4617e-06
62.82	6.42798e-06
62.84	6.39447e-06
62.86	6.36118e-06
62.88	6.3281e-06
62.9	6.29523e-06
62.92	6.26258e-06
62.94	6.23013e-06
62.96	6.19789e-06
62.98	6.16586e-06
63	6.13404e-06
63.02	6.10241e-06
63.04	6.07099e-06
63.06	6.03977e-06
63.08	6.00875e-06
63.1	5.97793e-06
63.12	5.94731e-06
63.14	5.91688e-06
63.16	5.88665e-06
63.18	5.85661e-06
63.2	5.82676e-06
63.22	5.79711e-06
63.24	5.76764e-06
63.26	5.73836e-06
63.28	5.70927e-06
63.3	5.68037e-06
63.32	5.65165e-06
63.34	5.62311e-06
63.36	5.59476e-06
63.38	5.56659e-06
63.4	5.5386e-06
63.42	5.51078e-06
63.44	5.48315e-06
63.46	5.45569e-06
63.48	5.42841e-06
63.5	5.4013e-06
63.52	5.37437e-06
63.54	5.34761e-06
63.56	5.32102e-06
63.58	5.2946e-06
63.6	5.26835e-06
63.62	5.24226e-06
63.64	5.21635e-06
63.66	5.1906e-06
63.68	5.16501e-06
63.7	5.13959e-06
63.72	5.11433e-06
63.74	5.08924e-06
63.76	5.0643e-06
63.78	5.03953e-06
63.8	5.01491e-06
63.82	4.99045e-06
63.84	4.96615e-06
63.86	4.942e-06
63.88	4.91801e-06
63.9	4.89417e-06
63.92	4.87048e-06
63.94	4.84695e-06
63.96	4.82357e-06
63.98	4.80034e-06
64	4.77725e-06
64.02	4.75432e-06
64.04	4.73153e-06
64.06	4.70889e-06
64.08	4.68639e-06
64.1	4.66404e-06
64.12	4.64183e-06
64.14	4.61977e-06
64.16	4.59784e-06
64.18	4.57606e-06
64.2	4.55442e-06
64.22	4.53292e-06
64.24	4.51155e-06
64.26	4.49033e-06
64.28	4.46924e-06
64.3	4.44828e-06
64.32	4.42746e-06
64.34	4.40678e-06
64.36	4.38623e-06
64.38	4.36581e-06
64.4	4.34552e-06
64.42	4.32537e-06
64.44	4.30534e-06
64.46	4.28545e-06
64.48	4.26568e-06
64.5	4.24604e-06
64.52	4.22653e-06
64.54	4.20715e-06
64.56	4.18789e-06
64.58	4.16875e-06
64.6	4.14974e-06
64.62	4.13086e-06
64.64	4.11209e-06
64.66	4.09345e-06
64.68	4.07493e-06
64.7	4.05653e-06
64.72	4.03825e-06
64.74	4.02009e-06
64.76	4.00205e-06
64.78	3.98412e-06
64.8	3.96631e-06
64.82	3.94862e-06
64.84	3.93105e-06
64.86	3.91359e-06
64.88	3.89624e-06
64.9	3.87901e-06
64.92	3.86189e-06
64.94	3.84488e-06
64.96	3.82799e-06
64.98	3.8112e-06
65	3.79453e-06
65.02	3.77797e-06
65.04	3.76151e-06
65.06	3.74517e-06
65.08	3.72893e-06
65.1	3.7128e-06
65.12	3.69678e-06
65.14	3.68086e-06
65.16	3.66505e-06
65.18	3.64934e-06
65.2	3.63374e-06
65.22	3.61825e-06
65.24	3.60285e-06
65.26	3.58756e-06
65.28	3.57237e-06
65.3	3.55729e-06
65.32	3.5423e-06
65.34	3.52741e-06
65.36	3.51263e-06
65.38	3.49794e-06
65.4	3.48336e-06
65.42	3.46887e-06
65.44	3.45448e-06
65.46	3.44019e-06
65.48	3.42599e-06
65.5	3.41189e-06
65.52	3.39789e-06
65.54	3.38398e-06
65.56	3.37017e-06
65.58	3.35645e-06
65.6	3.34283e-06
65.62	3.3293e-06
65.64	3.31586e-06
65.66	3.30251e-06
65.68	3.28926e-06
65.7	3.2761e-06
65.72	3.26303e-06
65.74	3.25005e-06
65.76	3.23716e-06
65.78	3.22437e-06
65.8	3.21166e-06
65.82	3.19904e-06
65.84	3.18651e-06
65.86	3.17406e-06
65.88	3.16171e-06
65.9	3.14944e-06
65.92	3.13726e-06
65.94	3.12517e-06
65.96	3.11316e-06
65.98	3.10124e-06
66	3.0894e-06
66.02	3.07765e-06
66.04	3.06599e-06
66.06	3.05441e-06
66.08	3.04291e-06
66.1	3.03149e-06
66.12	3.02016e-06
66.14	3.00892e-06
66.16	2.99775e-06
66.18	2.98667e-06
66.2	2.97567e-06
66.22	2.96475e-06
66.24	2.95392e-06
66.26	2.94316e-06
66.28	2.93249e-06
66.3	2.92189e-06
66.32	2.91138e-06
66.34	2.90095e-06
66.36	2.89059e-06
66.38	2.88032e-06
66.4	2.87012e-06
66.42	2.86e-06
66.44	2.84997e-06
66.46	2.84001e-06
66.48	2.83013e-06
66.5	2.82032e-06
66.52	2.8106e-06
66.54	2.80095e-06
66.56	2.79138e-06
66.58	2.78189e-06
66.6	2.77247e-06
66.62	2.76313e-06
66.64	2.75387e-06
66.66	2.74468e-06
66.68	2.73557e-06
66.7	2.72653e-06
66.72	2.71758e-06
66.74	2.70869e-06
66.76	2.69989e-06
66.78	2.69115e-06
66.8	2.6825e-06
66.82	2.67392e-06
66.84	2.66541e-06
66.86	2.65698e-06
66.88	2.64862e-06
66.9	2.64034e-06
66.92	2.63213e-06
66.94	2.624e-06
66.96	2.61595e-06
66.98	2.60796e-06
67	2.60006e-06
67.02	2.59222e-06
67.04	2.58447e-06
67.06	2.57678e-06
67.08	2.56918e-06
67.1	2.56164e-06
67.12	2.55418e-06
67.14	2.5468e-06
67.16	2.53949e-06
67.18	2.53226e-06
67.2	2.5251e-06
67.22	2.51802e-06
67.24	2.51101e-06
67.26	2.50408e-06
67.28	2.49722e-06
67.3	2.49044e-06
67.32	2.48374e-06
67.34	2.47711e-06
67.36	2.47056e-06
67.38	2.46408e-06
67.4	2.45769e-06
67.42	2.45137e-06
67.44	2.44513e-06
67.46	2.43897e-06
67.48	2.43288e-06
67.5	2.42688e-06
67.52	2.42095e-06
67.54	2.41511e-06
67.56	2.40934e-06
67.58	2.40366e-06
67.6	2.39806e-06
67.62	2.39254e-06
67.64	2.38711e-06
67.66	2.38176e-06
67.68	2.37649e-06
67.7	2.37131e-06
67.72	2.36622e-06
67.74	2.36121e-06
67.76	2.35629e-06
67.78	2.35146e-06
67.8	2.34672e-06
67.82	2.34207e-06
67.84	2.33752e-06
67.86	2.33306e-06
67.88	2.32869e-06
67.9	2.32442e-06
67.92	2.32026e-06
67.94	2.31619e-06
67.96	2.31222e-06
67.98	2.30836e-06
68	2.30461e-06
68.02	2.30096e-06
68.04	2.29742e-06
68.06	2.294e-06
68.08	2.2907e-06
68.1	2.28752e-06
68.12	2.28445e-06
68.14	2.28152e-06
68.16	2.27872e-06
68.18	2.27605e-06
68.2	2.27352e-06
68.22	2.27113e-06
68.24	2.2689e-06
68.26	2.26682e-06
68.28	2.26491e-06
68.3	2.26316e-06
68.32	2.2616e-06
68.34	2.26022e-06
68.36	2.25904e-06
68.38	2.25806e-06
68.4	2.25732e-06
68.42	2.2568e-06
68.44	2.25655e-06
68.46	2.25656e-06
68.48	2.25687e-06
68.5	2.25751e-06
68.52	2.2585e-06
68.54	2.25989e-06
68.56	2.26171e-06
68.58	2.26403e-06
68.6	2.26692e-06
68.62	2.27048e-06
68.64	2.27481e-06
68.66	2.28011e-06
68.68	2.28659e-06
68.7	2.29463e-06
68.72	2.30478e-06
68.74	2.31806e-06
68.76	2.33639e-06
68.78	2.36411e-06
68.8	2.41194e-06
68.82	2.50364e-06
68.84	2.68317e-06
68.86	2.99504e-06
68.88	3.48342e-06
68.9	4.244e-06
68.92	5.42007e-06
68.94	7.16312e-06
68.96	9.65193e-06
68.98	1.31397e-05
69	1.79135e-05
69.02	2.41771e-05
69.04	3.19372e-05
69.06	4.09245e-05
69.08	5.06489e-05
69.1	6.05954e-05
69.12	7.03634e-05
69.14	7.96827e-05
69.16	8.83832e-05
69.18	9.63745e-05
69.2	0.000103634
69.22	0.000110188
69.24	0.000116094
69.26	0.000121419
69.28	0.000126229
69.3	0.000130587
69.32	0.000134548
69.34	0.000138163
69.36	0.000141474
69.38	0.000144517
69.4	0.000147324
69.42	0.000149922
69.44	0.000152335
69.46	0.000154582
69.48	0.000156679
69.5	0.000158643
69.52	0.000160483
69.54	0.000162212
69.56	0.000163838
69.58	0.000165369
69.6	0.000166811
69.62	0.000168172
69.64	0.000169455
69.66	0.000170667
69.68	0.000171811
69.7	0.00017289
69.72	0.00017391
69.74	0.000174872
69.76	0.00017578
69.78	0.000176636
69.8	0.000177444
69.82	0.000178205
69.84	0.000178921
69.86	0.000179595
69.88	0.000180228
69.9	0.000180823
69.92	0.00018138
69.94	0.000181902
69.96	0.000182389
69.98	0.000182844
70	0.000183267
70.02	0.00018366
70.04	0.000184023
70.06	0.000184358
70.08	0.000184665
70.1	0.000184946
70.12	0.000185201
70.14	0.000185431
70.16	0.000185636
70.18	0.000185818
70.2	0.000185976
70.22	0.000186111
70.24	0.000186224
70.26	0.000186315
70.28	0.000186384
70.3	0.000186432
70.32	0.00018646
70.34	0.000186466
70.36	0.000186453
70.38	0.000186419
70.4	0.000186365
70.42	0.000186292
70.44	0.0001862
70.46	0.000186088
70.48	0.000185957
70.5	0.000185808
70.52	0.00018564
70.54	0.000185453
70.56	0.000185248
70.58	0.000185025
70.6	0.000184785
70.62	0.000184526
70.64	0.00018425
70.66	0.000183956
70.68	0.000183646
70.7	0.000183318
70.72	0.000182973
70.74	0.000182612
70.76	0.000182235
70.78	0.000181842
70.8	0.000181432
70.82	0.000181007
70.84	0.000180567
70.86	0.000180111
70.88	0.000179641
70.9	0.000179155
70.92	0.000178656
70.94	0.000178142
70.96	0.000177615
70.98	0.000177074
71	0.00017652
71.02	0.000175953
71.04	0.000175374
71.06	0.000174782
71.08	0.000174178
71.1	0.000173562
71.12	0.000172935
71.14	0.000172298
71.16	0.000171649
71.18	0.00017099
71.2	0.000170321
71.22	0.000169642
71.24	0.000168954
71.26	0.000168257
71.28	0.000167551
71.3	0.000166837
71.32	0.000166114
71.34	0.000165384
71.36	0.000164647
71.38	0.000163902
71.4	0.00016315
71.42	0.000162392
71.44	0.000161628
71.46	0.000160858
71.48	0.000160082
71.5	0.000159301
71.52	0.000158515
71.54	0.000157725
71.56	0.00015693
71.58	0.000156131
71.6	0.000155328
71.62	0.000154521
71.64	0.000153711
71.66	0.000152898
71.68	0.000152083
71.7	0.000151264
71.72	0.000150444
71.74	0.000149621
71.76	0.000148797
71.78	0.000147971
71.8	0.000147143
71.82	0.000146315
71.84	0.000145485
71.86	0.000144655
71.88	0.000143824
71.9	0.000142993
71.92	0.000142161
71.94	0.00014133
71.96	0.000140499
71.98	0.000139668
72	0.000138838
72.02	0.000138009
72.04	0.00013718
72.06	0.000136353
72.08	0.000135527
72.1	0.000134702
72.12	0.000133878
72.14	0.000133056
72.16	0.000132236
72.18	0.000131418
72.2	0.000130601
72.22	0.000129787
72.24	0.000128975
72.26	0.000128165
72.28	0.000127357
72.3	0.000126552
72.32	0.00012575
72.34	0.00012495
72.36	0.000124154
72.38	0.00012336
72.4	0.000122568
72.42	0.00012178
72.44	0.000120995
72.46	0.000120214
72.48	0.000119435
72.5	0.00011866
72.52	0.000117888
72.54	0.000117119
72.56	0.000116354
72.58	0.000115592
72.6	0.000114834
72.62	0.00011408
72.64	0.000113329
72.66	0.000112582
72.68	0.000111838
72.7	0.000111099
72.72	0.000110363
72.74	0.000109631
72.76	0.000108902
72.78	0.000108178
72.8	0.000107458
72.82	0.000106741
72.84	0.000106028
72.86	0.00010532
72.88	0.000104615
72.9	0.000103915
72.92	0.000103218
72.94	0.000102525
72.96	0.000101837
72.98	0.000101152
73	0.000100472
73.02	9.97953e-05
73.04	9.9123e-05
73.06	9.84547e-05
73.08	9.77904e-05
73.1	9.71303e-05
73.12	9.64742e-05
73.14	9.58222e-05
73.16	9.51742e-05
73.18	9.45303e-05
73.2	9.38905e-05
73.22	9.32547e-05
73.24	9.2623e-05
73.26	9.19953e-05
73.28	9.13717e-05
73.3	9.07521e-05
73.32	9.01365e-05
73.34	8.95249e-05
73.36	8.89174e-05
73.38	8.83138e-05
73.4	8.77142e-05
73.42	8.71185e-05
73.44	8.65268e-05
73.46	8.59391e-05
73.48	8.53553e-05
73.5	8.47754e-05
73.52	8.41994e-05
73.54	8.36273e-05
73.56	8.3059e-05
73.58	8.24946e-05
73.6	8.1934e-05
73.62	8.13773e-05
73.64	8.08243e-05
73.66	8.02751e-05
73.68	7.97297e-05
73.7	7.91881e-05
73.72	7.86501e-05
73.74	7.81159e-05
73.76	7.75854e-05
73.78	7.70585e-05
73.8	7.65353e-05
73.82	7.60157e-05
73.84	7.54998e-05
73.86	7.49874e-05
73.88	7.44786e-05
73.9	7.39734e-05
73.92	7.34716e-05
73.94	7.29734e-05
73.96	7.24787e-05
73.98	7.19875e-05
74	7.14997e-05
74.02	7.10154e-05
74.04	7.05344e-05
74.06	7.00569e-05
74.08	6.95827e-05
74.1	6.91118e-05
74.12	6.86443e-05
74.14	6.81801e-05
74.16	6.77191e-05
74.18	6.72615e-05
74.2	6.6807e-05
74.22	6.63558e-05
74.24	6.59078e-05
74.26	6.5463e-05
74.28	6.50213e-05
74.3	6.45827e-05
74.32	6.41473e-05
74.34	6.3715e-05
74.36	6.32857e-05
74.38	6.28595e-05
74.4	6.24363e-05
74.42	6.20161e-05
74.44	6.15989e-05
74.46	6.11847e-05
74.48	6.07735e-05
74.5	6.03651e-05
74.52	5.99597e-05
74.54	5.95571e-05
74.56	5.91575e-05
74.58	5.87606e-05
74.6	5.83666e-05
74.62	5.79754e-05
74.64	5.7587e-05
74.66	5.72013e-05
74.68	5.68184e-05
74.7	5.64383e-05
74.72	5.60608e-05
74.74	5.5686e-05
74.76	5.53139e-05
74.78	5.49444e-05
74.8	5.45776e-05
74.82	5.42134e-05
74.84	5.38518e-05
74.86	5.34927e-05
74.88	5.31362e-05
74.9	5.27823e-05
74.92	5.24308e-05
74.94	5.20819e-05
74.96	5.17354e-05
74.98	5.13914e-05
75	5.10498e-05
75.02	5.07107e-05
75.04	5.0374e-05
75.06	5.00397e-05
75.08	4.97077e-05
75.1	4.93781e-05
75.12	4.90509e-05
75.14	4.87259e-05
75.16	4.84033e-05
75.18	4.8083e-05
75.2	4.77649e-05
75.22	4.74491e-05
75.24	4.71355e-05
75.26	4.68241e-05
75.28	4.6515e-05
75.3	4.6208e-05
75.32	4.59032e-05
75.34	4.56006e-05
75.36	4.53001e-05
75.38	4.50017e-05
75.4	4.47054e-05
75.42	4.44113e-05
75.44	4.41192e-05
75.46	4.38291e-05
75.48	4.35411e-05
75.5	4.32552e-05
75.52	4.29712e-05
75.54	4.26893e-05
75.56	4.24093e-05
75.58	4.21314e-05
75.6	4.18553e-05
75.62	4.15813e-05
75.64	4.13091e-05
75.66	4.10389e-05
75.68	4.07705e-05
75.7	4.05041e-05
75.72	4.02395e-05
75.74	3.99768e-05
75.76	3.97159e-05
75.78	3.94568e-05
75.8	3.91996e-05
75.82	3.89442e-05
75.84	3.86905e-05
75.86	3.84387e-05
75.88	3.81886e-05
75.9	3.79402e-05
75.92	3.76936e-05
75.94	3.74487e-05
75.96	3.72056e-05
75.98	3.69641e-05
76	3.67243e-05
76.02	3.64862e-05
76.04	3.62497e-05
76.06	3.60149e-05
76.08	3.57818e-05
76.1	3.55503e-05
76.12	3.53203e-05
76.14	3.5092e-05
76.16	3.48653e-05
76.18	3.46401e-05
76.2	3.44165e-05
76.22	3.41945e-05
76.24	3.3974e-05
76.26	3.37551e-05
76.28	3.35376e-05
76.3	3.33217e-05
76.32	3.31073e-05
76.34	3.28944e-05
76.36	3.26829e-05
76.38	3.24729e-05
76.4	3.22644e-05
76.42	3.20573e-05
76.44	3.18516e-05
76.46	3.16474e-05
76.48	3.14446e-05
76.5	3.12432e-05
76.52	3.10431e-05
76.54	3.08445e-05
76.56	3.06472e-05
76.58	3.04513e-05
76.6	3.02568e-05
76.62	3.00635e-05
76.64	2.98717e-05
76.66	2.96811e-05
76.68	2.94919e-05
76.7	2.93039e-05
76.72	2.91173e-05
76.74	2.89319e-05
76.76	2.87479e-05
76.78	2.8565e-05
76.8	2.83835e-05
76.82	2.82032e-05
76.84	2.80241e-05
76.86	2.78463e-05
76.88	2.76697e-05
76.9	2.74942e-05
76.92	2.732e-05
76.94	2.7147e-05
76.96	2.69752e-05
76.98	2.68046e-05
77	2.66351e-05
77.02	2.64668e-05
77.04	2.62996e-05
77.06	2.61336e-05
77.08	2.59687e-05
77.1	2.5805e-05
77.12	2.56424e-05
77.14	2.54808e-05
77.16	2.53204e-05
77.18	2.51611e-05
77.2	2.50029e-05
77.22	2.48457e-05
77.24	2.46896e-05
77.26	2.45346e-05
77.28	2.43807e-05
77.3	2.42278e-05
77.32	2.40759e-05
77.34	2.39251e-05
77.36	2.37753e-05
77.38	2.36265e-05
77.4	2.34787e-05
77.42	2.33319e-05
77.44	2.31862e-05
77.46	2.30414e-05
77.48	2.28976e-05
77.5	2.27548e-05
77.52	2.26129e-05
77.54	2.2472e-05
77.56	2.23321e-05
77.58	2.21931e-05
77.6	2.20551e-05
77.62	2.1918e-05
77.64	2.17818e-05
77.66	2.16465e-05
77.68	2.15122e-05
77.7	2.13788e-05
77.72	2.12462e-05
77.74	2.11146e-05
77.76	2.09839e-05
77.78	2.0854e-05
77.8	2.07251e-05
77.82	2.05969e-05
77.84	2.04697e-05
77.86	2.03433e-05
77.88	2.02178e-05
77.9	2.00931e-05
77.92	1.99693e-05
77.94	1.98463e-05
77.96	1.97241e-05
77.98	1.96027e-05
78	1.94822e-05
78.02	1.93625e-05
78.04	1.92436e-05
78.06	1.91254e-05
78.08	1.90081e-05
78.1	1.88916e-05
78.12	1.87758e-05
78.14	1.86609e-05
78.16	1.85467e-05
78.18	1.84332e-05
78.2	1.83205e-05
78.22	1.82086e-05
78.24	1.80975e-05
78.26	1.7987e-05
78.28	1.78774e-05
78.3	1.77684e-05
78.32	1.76602e-05
78.34	1.75527e-05
78.36	1.74459e-05
78.38	1.73399e-05
78.4	1.72345e-05
78.42	1.71299e-05
78.44	1.7026e-05
78.46	1.69227e-05
78.48	1.68201e-05
78.5	1.67183e-05
78.52	1.66171e-05
78.54	1.65166e-05
78.56	1.64167e-05
78.58	1.63175e-05
78.6	1.6219e-05
78.62	1.61212e-05
78.64	1.6024e-05
78.66	1.59274e-05
78.68	1.58315e-05
78.7	1.57362e-05
78.72	1.56416e-05
78.74	1.55476e-05
78.76	1.54542e-05
78.78	1.53614e-05
78.8	1.52693e-05
78.82	1.51777e-05
78.84	1.50868e-05
78.86	1.49965e-05
78.88	1.49068e-05
78.9	1.48176e-05
78.92	1.47291e-05
78.94	1.46412e-05
78.96	1.45538e-05
78.98	1.4467e-05
79	1.43808e-05
79.02	1.42952e-05
79.04	1.42101e-05
79.06	1.41256e-05
79.08	1.40417e-05
79.1	1.39583e-05
79.12	1.38754e-05
79.14	1.37931e-05
79.16	1.37114e-05
79.18	1.36302e-05
79.2	1.35495e-05
79.22	1.34694e-05
79.24	1.33898e-05
79.26	1.33107e-05
79.28	1.32322e-05
79.3	1.31541e-05
79.32	1.30766e-05
79.34	1.29996e-05
79.36	1.29231e-05
79.38	1.28471e-05
79.4	1.27716e-05
79.42	1.26966e-05
79.44	1.26221e-05
79.46	1.25481e-05
79.48	1.24745e-05
79.5	1.24015e-05
79.52	1.23289e-05
79.54	1.22569e-05
79.56	1.21852e-05
79.58	1.21141e-05
79.6	1.20434e-05
79.62	1.19732e-05
79.64	1.19035e-05
79.66	1.18342e-05
79.68	1.17654e-05
79.7	1.1697e-05
79.72	1.1629e-05
79.74	1.15616e-05
79.76	1.14945e-05
79.78	1.14279e-05
79.8	1.13617e-05
79.82	1.1296e-05
79.84	1.12307e-05
79.86	1.11658e-05
79.88	1.11014e-05
79.9	1.10373e-05
79.92	1.09737e-05
79.94	1.09105e-05
79.96	1.08477e-05
79.98	1.07854e-05
80	1.07234e-05
80.02	1.06618e-05
80.04	1.06007e-05
80.06	1.05399e-05
80.08	1.04795e-05
80.1	1.04196e-05
80.12	1.036e-05
80.14	1.03008e-05
80.16	1.0242e-05
80.18	1.01836e-05
80.2	1.01256e-05
80.22	1.00679e-05
80.24	1.00106e-05
80.26	9.95369e-06
80.28	9.89715e-06
80.3	9.84098e-06
80.32	9.78517e-06
80.34	9.72972e-06
80.36	9.67464e-06
80.38	9.61991e-06
80.4	9.56554e-06
80.42	9.51152e-06
80.44	9.45786e-06
80.46	9.40454e-06
80.48	9.35157e-06
80.5	9.29894e-06
80.52	9.24665e-06
80.54	9.1947e-06
80.56	9.14309e-06
80.58	9.09181e-06
80.6	9.04087e-06
80.62	8.99026e-06
80.64	8.93997e-06
80.66	8.89001e-06
80.68	8.84037e-06
80.7	8.79106e-06
80.72	8.74206e-06
80.74	8.69338e-06
80.76	8.64502e-06
80.78	8.59697e-06
80.8	8.54923e-06
80.82	8.5018e-06
80.84	8.45467e-06
80.86	8.40785e-06
80.88	8.36133e-06
80.9	8.31511e-06
80.92	8.26919e-06
80.94	8.22357e-06
80.96	8.17824e-06
80.98	8.13321e-06
81	8.08846e-06
81.02	8.044e-06
81.04	7.99983e-06
81.06	7.95595e-06
81.08	7.91235e-06
81.1	7.86903e-06
81.12	7.82598e-06
81.14	7.78322e-06
81.16	7.74073e-06
81.18	7.69851e-06
81.2	7.65657e-06
81.22	7.61489e-06
81.24	7.57348e-06
81.26	7.53234e-06
81.28	7.49147e-06
81.3	7.45085e-06
81.32	7.4105e-06
81.34	7.37041e-06
81.36	7.33057e-06
81.38	7.29099e-06
81.4	7.25167e-06
81.42	7.21259e-06
81.44	7.17377e-06
81.46	7.1352e-06
81.48	7.09687e-06
81.5	7.05879e-06
81.52	7.02096e-06
81.54	6.98336e-06
81.56	6.94601e-06
81.58	6.9089e-06
81.6	6.87202e-06
81.62	6.83538e-06
81.64	6.79898e-06
81.66	6.76281e-06
81.68	6.72687e-06
81.7	6.69116e-06
81.72	6.65568e-06
81.74	6.62042e-06
81.76	6.5854e-06
81.78	6.55059e-06
81.8	6.51601e-06
81.82	6.48165e-06
81.84	6.44751e-06
81.86	6.41359e-06
81.88	6.37988e-06
81.9	6.34639e-06
81.92	6.31311e-06
81.94	6.28005e-06
81.96	6.2472e-06
81.98	6.21455e-06
82	6.18212e-06
82.02	6.14989e-06
82.04	6.11787e-06
82.06	6.08605e-06
82.08	6.05444e-06
82.1	6.02303e-06
82.12	5.99182e-06
82.14	5.9608e-06
82.16	5.92999e-06
82.18	5.89937e-06
82.2	5.86895e-06
82.22	5.83872e-06
82.24	5.80868e-06
82.26	5.77884e-06
82.28	5.74918e-06
82.3	5.71972e-06
82.32	5.69044e-06
82.34	5.66135e-06
82.36	5.63244e-06
82.38	5.60372e-06
82.4	5.57518e-06
82.42	5.54683e-06
82.44	5.51865e-06
82.46	5.49065e-06
82.48	5.46284e-06
82.5	5.43519e-06
82.52	5.40773e-06
82.54	5.38044e-06
82.56	5.35332e-06
82.58	5.32638e-06
82.6	5.29961e-06
82.62	5.27301e-06
82.64	5.24658e-06
82.66	5.22031e-06
82.68	5.19422e-06
82.7	5.16829e-06
82.72	5.14252e-06
82.74	5.11692e-06
82.76	5.09149e-06
82.78	5.06621e-06
82.8	5.0411e-06
82.82	5.01614e-06
82.84	4.99135e-06
82.86	4.96671e-06
82.88	4.94223e-06
82.9	4.9179e-06
82.92	4.89373e-06
82.94	4.86972e-06
82.96	4.84586e-06
82.98	4.82215e-06
83	4.79859e-06
83.02	4.77518e-06
83.04	4.75192e-06
83.06	4.72881e-06
83.08	4.70584e-06
83.1	4.68302e-06
83.12	4.66035e-06
83.14	4.63782e-06
83.16	4.61544e-06
83.18	4.5932e-06
83.2	4.5711e-06
83.22	4.54914e-06
83.24	4.52732e-06
83.26	4.50564e-06
83.28	4.4841e-06
83.3	4.4627e-06
83.32	4.44144e-06
83.34	4.42031e-06
83.36	4.39931e-06
83.38	4.37845e-06
83.4	4.35772e-06
83.42	4.33713e-06
83.44	4.31667e-06
83.46	4.29633e-06
83.48	4.27613e-06
83.5	4.25606e-06
83.52	4.23612e-06
83.54	4.2163e-06
83.56	4.19661e-06
83.58	4.17705e-06
83.6	4.15761e-06
83.62	4.1383e-06
83.64	4.11911e-06
83.66	4.10004e-06
83.68	4.0811e-06
83.7	4.06228e-06
83.72	4.04358e-06
83.74	4.025e-06
83.76	4.00654e-06
83.78	3.9882e-06
83.8	3.96998e-06
83.82	3.95187e-06
83.84	3.93388e-06
83.86	3.91601e-06
83.88	3.89825e-06
83.9	3.88061e-06
83.92	3.86308e-06
83.94	3.84566e-06
83.96	3.82836e-06
83.98	3.81117e-06
84	3.79409e-06
84.02	3.77712e-06
84.04	3.76026e-06
84.06	3.74351e-06
84.08	3.72687e-06
84.1	3.71034e-06
84.12	3.69391e-06
84.14	3.67759e-06
84.16	3.66138e-06
84.18	3.64527e-06
84.2	3.62927e-06
84.22	3.61338e-06
84.24	3.59758e-06
84.26	3.58189e-06
84.28	3.56631e-06
84.3	3.55082e-06
84.32	3.53544e-06
84.34	3.52015e-06
84.36	3.50497e-06
84.38	3.48989e-06
84.4	3.47491e-06
84.42	3.46002e-06
84.44	3.44524e-06
84.46	3.43055e-06
84.48	3.41595e-06
84.5	3.40146e-06
84.52	3.38706e-06
84.54	3.37276e-06
84.56	3.35855e-06
84.58	3.34443e-06
84.6	3.33041e-06
84.62	3.31649e-06
84.64	3.30265e-06
84.66	3.28891e-06
84.68	3.27526e-06
84.7	3.2617e-06
84.72	3.24824e-06
84.74	3.23486e-06
84.76	3.22158e-06
84.78	3.20838e-06
84.8	3.19527e-06
84.82	3.18225e-06
84.84	3.16932e-06
84.86	3.15648e-06
84.88	3.14372e-06
84.9	3.13105e-06
84.92	3.11847e-06
84.94	3.10597e-06
84.96	3.09356e-06
84.98	3.08124e-06
85	3.06899e-06
85.02	3.05684e-06
85.04	3.04476e-06
85.06	3.03277e-06
85.08	3.02087e-06
85.1	3.00904e-06
85.12	2.9973e-06
85.14	2.98564e-06
85.16	2.97406e-06
85.18	2.96257e-06
85.2	2.95115e-06
85.22	2.93981e-06
85.24	2.92856e-06
85.26	2.91738e-06
85.28	2.90628e-06
85.3	2.89527e-06
85.32	2.88433e-06
85.34	2.87347e-06
85.36	2.86268e-06
85.38	2.85198e-06
85.4	2.84135e-06
85.42	2.8308e-06
85.44	2.82032e-06
85.46	2.80992e-06
85.48	2.7996e-06
85.5	2.78935e-06
85.52	2.77918e-06
85.54	2.76909e-06
85.56	2.75907e-06
85.58	2.74912e-06
85.6	2.73925e-06
85.62	2.72945e-06
85.64	2.71972e-06
85.66	2.71007e-06
85.68	2.70049e-06
85.7	2.69099e-06
85.72	2.68156e-06
85.74	2.6722e-06
85.76	2.66291e-06
85.78	2.65369e-06
85.8	2.64455e-06
85.82	2.63548e-06
85.84	2.62648e-06
85.86	2.61755e-06
85.88	2.60869e-06
85.9	2.5999e-06
85.92	2.59118e-06
85.94	2.58254e-06
85.96	2.57396e-06
85.98	2.56545e-06
86	2.55702e-06
86.02	2.54865e-06
86.04	2.54035e-06
86.06	2.53213e-06
86.08	2.52397e-06
86.1	2.51588e-06
86.12	2.50786e-06
86.14	2.49991e-06
86.16	2.49202e-06
86.18	2.48421e-06
86.2	2.47647e-06
86.22	2.46879e-06
86.24	2.46118e-06
86.26	2.45364e-06
86.28	2.44617e-06
86.3	2.43877e-06
86.32	2.43144e-06
86.34	2.42417e-06
86.36	2.41697e-06
86.38	2.40984e-06
86.4	2.40278e-06
86.42	2.39579e-06
86.44	2.38887e-06
86.46	2.38201e-06
86.48	2.37522e-06
86.5	2.3685e-06
86.52	2.36186e-06
86.54	2.35527e-06
86.56	2.34876e-06
86.58	2.34232e-06
86.6	2.33594e-06
86.62	2.32964e-06
86.64	2.3234e-06
86.66	2.31724e-06
86.68	2.31114e-06
86.7	2.30511e-06
86.72	2.29916e-06
86.74	2.29327e-06
86.76	2.28745e-06
86.78	2.28171e-06
86.8	2.27604e-06
86.82	2.27044e-06
86.84	2.26491e-06
86.86	2.25945e-06
86.88	2.25407e-06
86.9	2.24875e-06
86.92	2.24352e-06
86.94	2.23836e-06
86.96	2.23327e-06
86.98	2.22825e-06
87	2.22332e-06
87.02	2.21846e-06
87.04	2.21367e-06
87.06	2.20897e-06
87.08	2.20434e-06
87.1	2.1998e-06
87.12	2.19533e-06
87.14	2.19095e-06
87.16	2.18664e-06
87.18	2.18242e-06
87.2	2.17829e-06
87.22	2.17424e-06
87.24	2.17028e-06
87.26	2.1664e-06
87.28	2.16262e-06
87.3	2.15893e-06
87.32	2.15532e-06
87.34	2.15182e-06
87.36	2.14841e-06
87.38	2.1451e-06
87.4	2.14189e-06
87.42	2.13878e-06
87.44	2.13577e-06
87.46	2.13288e-06
87.48	2.13009e-06
87.5	2.12742e-06
87.52	2.12486e-06
87.54	2.12243e-06
87.56	2.12012e-06
87.58	2.11793e-06
87.6	2.11588e-06
87.62	2.11397e-06
87.64	2.1122e-06
87.66	2.11058e-06
87.68	2.10912e-06
87.7	2.10782e-06
87.72	2.10669e-06
87.74	2.10574e-06
87.76	2.10498e-06
87.78	2.10442e-06
87.8	2.10408e-06
87.82	2.10397e-06
87.84	2.1041e-06
87.86	2.1045e-06
87.88	2.10519e-06
87.9	2.1062e-06
87.92	2.10756e-06
87.94	2.1093e-06
87.96	2.11148e-06
87.98	2.11415e-06
88	2.11739e-06
88.02	2.1213e-06
88.04	2.12601e-06
88.06	2.13171e-06
88.08	2.13864e-06
88.1	2.14722e-06
88.12	2.15812e-06
88.14	2.17255e-06
88.16	2.19299e-06
88.18	2.22536e-06
88.2	2.28403e-06
88.22	2.39921e-06
88.24	2.61603e-06
88.26	2.97545e-06
88.28	3.536e-06
88.3	4.4152e-06
88.32	5.76087e-06
88.34	7.72747e-06
88.36	1.05215e-05
88.38	1.44211e-05
88.4	1.96949e-05
88.42	2.64815e-05
88.44	3.4683e-05
88.46	4.39265e-05
88.48	5.36918e-05
88.5	6.3506e-05
88.52	7.30269e-05
88.54	8.20299e-05
88.56	9.03793e-05
88.58	9.80132e-05
88.6	0.000104931
88.62	0.000111174
88.64	0.000116802
88.66	0.000121882
88.68	0.000126479
88.7	0.000130652
88.72	0.000134454
88.74	0.000137929
88.76	0.000141117
88.78	0.000144053
88.8	0.000146766
88.82	0.000149282
88.84	0.000151621
88.86	0.000153802
88.88	0.000155841
88.9	0.000157751
88.92	0.000159543
88.94	0.000161228
88.96	0.000162813
88.98	0.000164306
89	0.000165714
89.02	0.000167042
89.04	0.000168295
89.06	0.000169478
89.08	0.000170595
89.1	0.00017165
89.12	0.000172646
89.14	0.000173586
89.16	0.000174473
89.18	0.00017531
89.2	0.000176098
89.22	0.000176841
89.24	0.000177541
89.26	0.000178198
89.28	0.000178817
89.3	0.000179397
89.32	0.00017994
89.34	0.000180449
89.36	0.000180925
89.38	0.000181368
89.4	0.00018178
89.42	0.000182162
89.44	0.000182515
89.46	0.000182841
89.48	0.000183139
89.5	0.000183411
89.52	0.000183658
89.54	0.00018388
89.56	0.000184078
89.58	0.000184252
89.6	0.000184404
89.62	0.000184532
89.64	0.000184639
89.66	0.000184724
89.68	0.000184788
89.7	0.00018483
89.72	0.000184852
89.74	0.000184854
89.76	0.000184836
89.78	0.000184797
89.8	0.000184739
89.82	0.000184662
89.84	0.000184566
89.86	0.00018445
89.88	0.000184316
89.9	0.000184163
89.92	0.000183991
89.94	0.000183802
89.96	0.000183594
89.98	0.000183368
90	0.000183125
90.02	0.000182864
90.04	0.000182585
90.06	0.00018229
90.08	0.000181977
90.1	0.000181648
90.12	0.000181302
90.14	0.000180939
90.16	0.000180561
90.18	0.000180166
90.2	0.000179756
90.22	0.000179331
90.24	0.00017889
90.26	0.000178434
90.28	0.000177963
90.3	0.000177478
90.32	0.000176979
90.34	0.000176466
90.36	0.000175939
90.38	0.000175399
90.4	0.000174846
90.42	0.00017428
90.44	0.000173702
90.46	0.000173112
90.48	0.00017251
90.5	0.000171896
90.52	0.000171272
90.54	0.000170636
90.56	0.00016999
90.58	0.000169334
90.6	0.000168668
90.62	0.000167992
90.64	0.000167307
90.66	0.000166614
90.68	0.000165911
90.7	0.000165201
90.72	0.000164482
90.74	0.000163756
90.76	0.000163023
90.78	0.000162282
90.8	0.000161535
90.82	0.000160782
90.84	0.000160023
90.86	0.000159258
90.88	0.000158487
90.9	0.000157711
90.92	0.000156931
90.94	0.000156146
90.96	0.000155356
90.98	0.000154563
91	0.000153766
91.02	0.000152965
91.04	0.000152162
91.06	0.000151355
91.08	0.000150546
91.1	0.000149734
91.12	0.00014892
91.14	0.000148104
91.16	0.000147286
91.18	0.000146467
91.2	0.000145646
91.22	0.000144825
91.24	0.000144002
91.26	0.000143179
91.28	0.000142355
91.3	0.000141531
91.32	0.000140707
91.34	0.000139884
91.36	0.00013906
91.38	0.000138237
91.4	0.000137414
91.42	0.000136592
91.44	0.000135772
91.46	0.000134952
91.48	0.000134133
91.5	0.000133316
91.52	0.0001325
91.54	0.000131686
91.56	0.000130874
91.58	0.000130063
91.6	0.000129255
91.62	0.000128448
91.64	0.000127644
91.66	0.000126842
91.68	0.000126043
91.7	0.000125246
91.72	0.000124451
91.74	0.00012366
91.76	0.000122871
91.78	0.000122085
91.8	0.000121302
91.82	0.000120522
91.84	0.000119745
91.86	0.000118971
91.88	0.0001182
91.9	0.000117433
91.92	0.000116669
91.94	0.000115908
91.96	0.000115151
91.98	0.000114397
92	0.000113647
92.02	0.000112901
92.04	0.000112158
92.06	0.000111418
92.08	0.000110683
92.1	0.000109951
92.12	0.000109223
92.14	0.000108499
92.16	0.000107778
92.18	0.000107061
92.2	0.000106349
92.22	0.00010564
92.24	0.000104935
92.26	0.000104234
92.28	0.000103537
92.3	0.000102844
92.32	0.000102155
92.34	0.00010147
92.36	0.000100789
92.38	0.000100112
92.4	9.94385e-05
92.42	9.87694e-05
92.44	9.81044e-05
92.46	9.74434e-05
92.48	9.67864e-05
92.5	9.61335e-05
92.52	9.54846e-05
92.54	9.48398e-05
92.56	9.41989e-05
92.58	9.35621e-05
92.6	9.29294e-05
92.62	9.23006e-05
92.64	9.16759e-05
92.66	9.10551e-05
92.68	9.04384e-05
92.7	8.98256e-05
92.72	8.92169e-05
92.74	8.86121e-05
92.76	8.80112e-05
92.78	8.74143e-05
92.8	8.68214e-05
92.82	8.62324e-05
92.84	8.56473e-05
92.86	8.50661e-05
92.88	8.44888e-05
92.9	8.39153e-05
92.92	8.33457e-05
92.94	8.278e-05
92.96	8.22181e-05
92.98	8.16599e-05
93	8.11056e-05
93.02	8.05551e-05
93.04	8.00083e-05
93.06	7.94653e-05
93.08	7.89259e-05
93.1	7.83903e-05
93.12	7.78584e-05
93.14	7.73302e-05
93.16	7.68056e-05
93.18	7.62846e-05
93.2	7.57672e-05
93.22	7.52535e-05
93.24	7.47433e-05
93.26	7.42366e-05
93.28	7.37335e-05
93.3	7.32339e-05
93.32	7.27378e-05
93.34	7.22452e-05
93.36	7.1756e-05
93.38	7.12703e-05
93.4	7.07879e-05
93.42	7.0309e-05
93.44	6.98334e-05
93.46	6.93612e-05
93.48	6.88923e-05
93.5	6.84267e-05
93.52	6.79644e-05
93.54	6.75054e-05
93.56	6.70496e-05
93.58	6.65971e-05
93.6	6.61477e-05
93.62	6.57015e-05
93.64	6.52585e-05
93.66	6.48186e-05
93.68	6.43819e-05
93.7	6.39482e-05
93.72	6.35176e-05
93.74	6.30901e-05
93.76	6.26656e-05
93.78	6.22442e-05
93.8	6.18257e-05
93.82	6.14102e-05
93.84	6.09976e-05
93.86	6.0588e-05
93.88	6.01813e-05
93.9	5.97775e-05
93.92	5.93766e-05
93.94	5.89785e-05
93.96	5.85833e-05
93.98	5.81908e-05
94	5.78012e-05
94.02	5.74143e-05
94.04	5.70302e-05
94.06	5.66489e-05
94.08	5.62702e-05
94.1	5.58942e-05
94.12	5.55209e-05
94.14	5.51503e-05
94.16	5.47823e-05
94.18	5.44169e-05
94.2	5.40541e-05
94.22	5.36939e-05
94.24	5.33363e-05
94.26	5.29812e-05
94.28	5.26286e-05
94.3	5.22786e-05
94.32	5.1931e-05
94.34	5.15859e-05
94.36	5.12432e-05
94.38	5.0903e-05
94.4	5.05652e-05
94.42	5.02298e-05
94.44	4.98968e-05
94.46	4.95661e-05
94.48	4.92378e-05
94.5	4.89118e-05
94.52	4.85881e-05
94.54	4.82668e-05
94.56	4.79477e-05
94.58	4.76308e-05
94.6	4.73162e-05
94.62	4.70039e-05
94.64	4.66937e-05
94.66	4.63857e-05
94.68	4.60799e-05
94.7	4.57763e-05
94.72	4.54748e-05
94.74	4.51755e-05
94.76	4.48783e-05
94.78	4.45831e-05
94.8	4.42901e-05
94.82	4.39991e-05
94.84	4.37102e-05
94.86	4.34233e-05
94.88	4.31384e-05
94.9	4.28555e-05
94.92	4.25747e-05
94.94	4.22958e-05
94.96	4.20189e-05
94.98	4.17439e-05
95	4.14708e-05
95.02	4.11997e-05
95.04	4.09305e-05
95.06	4.06632e-05
95.08	4.03977e-05
95.1	4.01341e-05
95.12	3.98724e-05
95.14	3.96125e-05
95.16	3.93544e-05
95.18	3.90981e-05
95.2	3.88437e-05
95.22	3.8591e-05
95.24	3.834e-05
95.26	3.80909e-05
95.28	3.78434e-05
95.3	3.75978e-05
95.32	3.73538e-05
95.34	3.71115e-05
95.36	3.68709e-05
95.38	3.6632e-05
95.4	3.63948e-05
95.42	3.61592e-05
95.44	3.59253e-05
95.46	3.5693e-05
95.48	3.54623e-05
95.5	3.52332e-05
95.52	3.50057e-05
95.54	3.47798e-05
95.56	3.45555e-05
95.58	3.43327e-05
95.6	3.41115e-05
95.62	3.38918e-05
95.64	3.36737e-05
95.66	3.3457e-05
95.68	3.32419e-05
95.7	3.30282e-05
95.72	3.28161e-05
95.74	3.26054e-05
95.76	3.23962e-05
95.78	3.21884e-05
95.8	3.1982e-05
95.82	3.17771e-05
95.84	3.15736e-05
95.86	3.13715e-05
95.88	3.11708e-05
95.9	3.09715e-05
95.92	3.07736e-05
95.94	3.0577e-05
95.96	3.03818e-05
95.98	3.01879e-05
96	2.99954e-05
96.02	2.98042e-05
96.04	2.96143e-05
96.06	2.94258e-05
96.08	2.92385e-05
96.1	2.90525e-05
96.12	2.88678e-05
96.14	2.86844e-05
96.16	2.85022e-05
96.18	2.83213e-05
96.2	2.81416e-05
96.22	2.79632e-05
96.24	2.7786e-05
96.26	2.761e-05
96.28	2.74352e-05
96.3	2.72616e-05
96.32	2.70892e-05
96.34	2.6918e-05
96.36	2.67479e-05
96.38	2.6579e-05
96.4	2.64113e-05
96.42	2.62447e-05
96.44	2.60793e-05
96.46	2.5915e-05
96.48	2.57518e-05
96.5	2.55897e-05
96.52	2.54287e-05
96.54	2.52689e-05
96.56	2.51101e-05
96.58	2.49524e-05
96.6	2.47958e-05
96.62	2.46402e-05
96.64	2.44857e-05
96.66	2.43323e-05
96.68	2.41799e-05
96.7	2.40286e-05
96.72	2.38782e-05
96.74	2.37289e-05
96.76	2.35807e-05
96.78	2.34334e-05
96.8	2.32871e-05
96.82	2.31418e-05
96.84	2.29975e-05
96.86	2.28542e-05
96.88	2.27119e-05
96.9	2.25705e-05
96.92	2.24301e-05
96.94	2.22906e-05
96.96	2.21521e-05
96.98	2.20145e-05
97	2.18779e-05
97.02	2.17421e-05
97.04	2.16073e-05
97.06	2.14734e-05
97.08	2.13405e-05
97.1	2.12084e-05
97.12	2.10772e-05
97.14	2.09469e-05
97.16	2.08174e-05
97.18	2.06889e-05
97.2	2.05612e-05
97.22	2.04344e-05
97.24	2.03084e-05
97.26	2.01833e-05
97.28	2.0059e-05
97.3	1.99356e-05
97.32	1.9813e-05
97.34	1.96912e-05
97.36	1.95702e-05
97.38	1.94501e-05
97.4	1.93307e-05
97.42	1.92122e-05
97.44	1.90944e-05
97.46	1.89775e-05
97.48	1.88613e-05
97.5	1.87459e-05
97.52	1.86313e-05
97.54	1.85175e-05
97.56	1.84044e-05
97.58	1.82921e-05
97.6	1.81805e-05
97.62	1.80697e-05
97.64	1.79597e-05
97.66	1.78503e-05
97.68	1.77417e-05
97.7	1.76338e-05
97.72	1.75267e-05
97.74	1.74203e-05
97.76	1.73145e-05
97.78	1.72095e-05
97.8	1.71052e-05
97.82	1.70016e-05
97.84	1.68986e-05
97.86	1.67964e-05
97.88	1.66949e-05
97.9	1.6594e-05
97.92	1.64938e-05
97.94	1.63942e-05
97.96	1.62954e-05
97.98	1.61971e-05
98	1.60996e-05
98.02	1.60027e-05
98.04	1.59064e-05
98.06	1.58108e-05
98.08	1.57158e-05
98.1	1.56215e-05
98.12	1.55277e-05
98.14	1.54346e-05
98.16	1.53421e-05
98.18	1.52503e-05
98.2	1.5159e-05
98.22	1.50684e-05
98.24	1.49783e-05
98.26	1.48889e-05
98.28	1.48e-05
98.3	1.47117e-05
98.32	1.4624e-05
98.34	1.45369e-05
98.36	1.44504e-05
98.38	1.43645e-05
98.4	1.42791e-05
98.42	1.41943e-05
98.44	1.411e-05
98.46	1.40263e-05
98.48	1.39432e-05
98.5	1.38606e-05
98.52	1.37785e-05
98.54	1.3697e-05
98.56	1.36161e-05
98.58	1.35356e-05
98.6	1.34557e-05
98.62	1.33764e-05
98.64	1.32975e-05
98.66	1.32192e-05
98.68	1.31414e-05
98.7	1.30641e-05
98.72	1.29873e-05
98.74	1.2911e-05
98.76	1.28352e-05
98.78	1.276e-05
98.8	1.26852e-05
98.82	1.26109e-05
98.84	1.25371e-05
98.86	1.24638e-05
98.88	1.23909e-05
98.9	1.23186e-05
98.92	1.22467e-05
98.94	1.21753e-05
98.96	1.21044e-05
98.98	1.20339e-05
99	1.19639e-05
99.02	1.18943e-05
99.04	1.18252e-05
99.06	1.17566e-05
99.08	1.16884e-05
99.1	1.16207e-05
99.12	1.15534e-05
99.14	1.14865e-05
99.16	1.14201e-05
99.18	1.13541e-05
99.2	1.12885e-05
99.22	1.12234e-05
99.24	1.11587e-05
99.26	1.10944e-05
99.28	1.10306e-05
99.3	1.09672e-05
99.32	1.09041e-05
99.34	1.08415e-05
99.36	1.07793e-05
99.38	1.07175e-05
99.4	1.06561e-05
99.42	1.05951e-05
99.44	1.05345e-05
99.46	1.04743e-05
99.48	1.04145e-05
99.5	1.03551e-05
99.52	1.02961e-05
99.54	1.02375e-05
99.56	1.01792e-05
99.58	1.01213e-05
99.6	1.00638e-05
99.62	1.00067e-05
99.64	9.94992e-06
99.66	9.89353e-06
99.68	9.8375e-06
99.7	9.78185e-06
99.72	9.72655e-06
99.74	9.67161e-06
99.76	9.61703e-06
99.78	9.5628e-06
99.8	9.50893e-06
99.82	9.45541e-06
99.84	9.40223e-06
99.86	9.3494e-06
99.88	9.29691e-06
99.9	9.24476e-06
99.92	9.19295e-06
99.94	9.14147e-06
99.96	9.09033e-06
99.98	9.03952e-06
100	8.98904e-06
100.02	8.93889e-06
100.04	8.88906e-06
100.06	8.83955e-06
100.08	8.79037e-06
100.1	8.7415e-06
100.12	8.69295e-06
100.14	8.64471e-06
100.16	8.59678e-06
100.18	8.54917e-06
100.2	8.50186e-06
100.22	8.45486e-06
100.24	8.40816e-06
100.26	8.36176e-06
100.28	8.31566e-06
100.3	8.26986e-06
100.32	8.22436e-06
100.34	8.17914e-06
100.36	8.13423e-06
100.38	8.0896e-06
100.4	8.04525e-06
100.42	8.0012e-06
100.44	7.95742e-06
100.46	7.91393e-06
100.48	7.87072e-06
100.5	7.82779e-06
100.52	7.78514e-06
100.54	7.74275e-06
100.56	7.70065e-06
100.58	7.65881e-06
100.6	7.61724e-06
100.62	7.57594e-06
100.64	7.5349e-06
100.66	7.49413e-06
100.68	7.45362e-06
100.7	7.41337e-06
100.72	7.37338e-06
100.74	7.33365e-06
100.76	7.29417e-06
100.78	7.25494e-06
100.8	7.21597e-06
100.82	7.17724e-06
100.84	7.13877e-06
100.86	7.10054e-06
100.88	7.06255e-06
100.9	7.02481e-06
100.92	6.98731e-06
100.94	6.95006e-06
100.96	6.91304e-06
100.98	6.87625e-06
101	6.83971e-06
101.02	6.8034e-06
101.04	6.76731e-06
101.06	6.73147e-06
101.08	6.69585e-06
101.1	6.66045e-06
101.12	6.62529e-06
101.14	6.59035e-06
101.16	6.55563e-06
101.18	6.52114e-06
101.2	6.48686e-06
101.22	6.45281e-06
101.24	6.41897e-06
101.26	6.38535e-06
101.28	6.35194e-06
101.3	6.31875e-06
101.32	6.28577e-06
101.34	6.253e-06
101.36	6.22044e-06
101.38	6.18809e-06
101.4	6.15594e-06
101.42	6.124e-06
101.44	6.09226e-06
101.46	6.06073e-06
101.48	6.0294e-06
101.5	5.99826e-06
101.52	5.96733e-06
101.54	5.93659e-06
101.56	5.90605e-06
101.58	5.8757e-06
101.6	5.84555e-06
101.62	5.81559e-06
101.64	5.78582e-06
101.66	5.75624e-06
101.68	5.72685e-06
101.7	5.69765e-06
101.72	5.66863e-06
101.74	5.6398e-06
101.76	5.61115e-06
101.78	5.58269e-06
101.8	5.5544e-06
101.82	5.5263e-06
101.84	5.49837e-06
101.86	5.47063e-06
101.88	5.44306e-06
101.9	5.41566e-06
101.92	5.38844e-06
101.94	5.3614e-06
101.96	5.33452e-06
101.98	5.30782e-06
102	5.28129e-06
102.02	5.25493e-06
102.04	5.22873e-06
102.06	5.2027e-06
102.08	5.17684e-06
102.1	5.15115e-06
102.12	5.12561e-06
102.14	5.10024e-06
102.16	5.07503e-06
102.18	5.04999e-06
102.2	5.0251e-06
102.22	5.00037e-06
102.24	4.9758e-06
102.26	4.95138e-06
102.28	4.92712e-06
102.3	4.90302e-06
102.32	4.87906e-06
102.34	4.85527e-06
102.36	4.83162e-06
102.38	4.80813e-06
102.4	4.78478e-06
102.42	4.76158e-06
102.44	4.73854e-06
102.46	4.71563e-06
102.48	4.69288e-06
102.5	4.67027e-06
102.52	4.6478e-06
102.54	4.62548e-06
102.56	4.6033e-06
102.58	4.58127e-06
102.6	4.55937e-06
102.62	4.53762e-06
102.64	4.516e-06
102.66	4.49452e-06
102.68	4.47318e-06
102.7	4.45197e-06
102.72	4.4309e-06
102.74	4.40997e-06
102.76	4.38917e-06
102.78	4.3685e-06
102.8	4.34797e-06
102.82	4.32757e-06
102.84	4.3073e-06
102.86	4.28716e-06
102.88	4.26714e-06
102.9	4.24726e-06
102.92	4.2275e-06
102.94	4.20787e-06
102.96	4.18837e-06
102.98	4.16899e-06
103	4.14974e-06
103.02	4.13061e-06
103.04	4.11161e-06
103.06	4.09272e-06
103.08	4.07396e-06
103.1	4.05532e-06
103.12	4.0368e-06
103.14	4.0184e-06
103.16	4.00012e-06
103.18	3.98196e-06
103.2	3.96391e-06
103.22	3.94598e-06
103.24	3.92817e-06
103.26	3.91047e-06
103.28	3.89289e-06
103.3	3.87542e-06
103.32	3.85806e-06
103.34	3.84082e-06
103.36	3.82369e-06
103.38	3.80667e-06
103.4	3.78976e-06
103.42	3.77296e-06
103.44	3.75627e-06
103.46	3.73969e-06
103.48	3.72321e-06
103.5	3.70685e-06
103.52	3.69059e-06
103.54	3.67444e-06
103.56	3.65839e-06
103.58	3.64245e-06
103.6	3.62662e-06
103.62	3.61089e-06
103.64	3.59526e-06
103.66	3.57973e-06
103.68	3.56431e-06
103.7	3.54899e-06
103.72	3.53377e-06
103.74	3.51865e-06
103.76	3.50363e-06
103.78	3.4887e-06
103.8	3.47388e-06
103.82	3.45916e-06
103.84	3.44453e-06
103.86	3.43001e-06
103.88	3.41557e-06
103.9	3.40124e-06
103.92	3.387e-06
103.94	3.37285e-06
103.96	3.3588e-06
103.98	3.34485e-06
104	3.33099e-06
104.02	3.31722e-06
104.04	3.30354e-06
104.06	3.28996e-06
104.08	3.27647e-06
104.1	3.26307e-06
104.12	3.24976e-06
104.14	3.23654e-06
104.16	3.22341e-06
104.18	3.21037e-06
104.2	3.19742e-06
104.22	3.18456e-06
104.24	3.17178e-06
104.26	3.1591e-06
104.28	3.1465e-06
104.3	3.13399e-06
104.32	3.12156e-06
104.34	3.10922e-06
104.36	3.09696e-06
104.38	3.0848e-06
104.4	3.07271e-06
104.42	3.06071e-06
104.44	3.04879e-06
104.46	3.03696e-06
104.48	3.02521e-06
104.5	3.01355e-06
104.52	3.00196e-06
104.54	2.99046e-06
104.56	2.97904e-06
104.58	2.9677e-06
104.6	2.95644e-06
104.62	2.94526e-06
104.64	2.93417e-06
104.66	2.92315e-06
104.68	2.91221e-06
104.7	2.90135e-06
104.72	2.89057e-06
104.74	2.87987e-06
104.76	2.86925e-06
104.78	2.85871e-06
104.8	2.84824e-06
104.82	2.83785e-06
104.84	2.82754e-06
104.86	2.8173e-06
104.88	2.80714e-06
104.9	2.79706e-06
104.92	2.78706e-06
104.94	2.77712e-06
104.96	2.76727e-06
104.98	2.75749e-06
105	2.74778e-06
105.02	2.73815e-06
105.04	2.7286e-06
105.06	2.71912e-06
105.08	2.70971e-06
105.1	2.70037e-06
105.12	2.69111e-06
105.14	2.68193e-06
105.16	2.67281e-06
105.18	2.66377e-06
105.2	2.6548e-06
105.22	2.64591e-06
105.24	2.63708e-06
105.26	2.62833e-06
105.28	2.61965e-06
105.3	2.61105e-06
105.32	2.60251e-06
105.34	2.59405e-06
105.36	2.58566e-06
105.38	2.57734e-06
105.4	2.56909e-06
105.42	2.56091e-06
105.44	2.5528e-06
105.46	2.54476e-06
105.48	2.5368e-06
105.5	2.5289e-06
105.52	2.52108e-06
105.54	2.51333e-06
105.56	2.50564e-06
105.58	2.49803e-06
105.6	2.49049e-06
105.62	2.48302e-06
105.64	2.47562e-06
105.66	2.46829e-06
105.68	2.46103e-06
105.7	2.45384e-06
105.72	2.44672e-06
105.74	2.43968e-06
105.76	2.4327e-06
105.78	2.4258e-06
105.8	2.41896e-06
105.82	2.4122e-06
105.84	2.4055e-06
105.86	2.39888e-06
105.88	2.39233e-06
105.9	2.38585e-06
105.92	2.37945e-06
105.94	2.37311e-06
105.96	2.36685e-06
105.98	2.36066e-06
106	2.35454e-06
106.02	2.3485e-06
106.04	2.34253e-06
106.06	2.33663e-06
106.08	2.33081e-06
106.1	2.32506e-06
106.12	2.31938e-06
106.14	2.31378e-06
106.16	2.30826e-06
106.18	2.30281e-06
106.2	2.29744e-06
106.22	2.29214e-06
106.24	2.28693e-06
106.26	2.28179e-06
106.28	2.27673e-06
106.3	2.27175e-06
106.32	2.26685e-06
106.34	2.26203e-06
106.36	2.2573e-06
106.38	2.25264e-06
106.4	2.24808e-06
106.42	2.24359e-06
106.44	2.23919e-06
106.46	2.23488e-06
106.48	2.23066e-06
106.5	2.22653e-06
106.52	2.22248e-06
106.54	2.21853e-06
106.56	2.21468e-06
106.58	2.21092e-06
106.6	2.20726e-06
106.62	2.20369e-06
106.64	2.20023e-06
106.66	2.19687e-06
106.68	2.19362e-06
106.7	2.19048e-06
106.72	2.18745e-06
106.74	2.18453e-06
106.76	2.18173e-06
106.78	2.17905e-06
106.8	2.17649e-06
106.82	2.17406e-06
106.84	2.17177e-06
106.86	2.16961e-06
106.88	2.1676e-06
106.9	2.16573e-06
106.92	2.16402e-06
106.94	2.16247e-06
106.96	2.16109e-06
106.98	2.15989e-06
107	2.15887e-06
107.02	2.15806e-06
107.04	2.15745e-06
107.06	2.15707e-06
107.08	2.15693e-06
107.1	2.15705e-06
107.12	2.15744e-06
107.14	2.15814e-06
107.16	2.15917e-06
107.18	2.16057e-06
107.2	2.16238e-06
107.22	2.16466e-06
107.24	2.16746e-06
107.26	2.17086e-06
107.28	2.17499e-06
107.3	2.17999e-06
107.32	2.18606e-06
107.34	2.19351e-06
107.36	2.20281e-06
107.38	2.21478e-06
107.4	2.23094e-06
107.42	2.25458e-06
107.44	2.29371e-06
107.46	2.36717e-06
107.48	2.51291e-06
107.5	2.7764e-06
107.52	3.198e-06
107.54	3.8549e-06
107.56	4.88038e-06
107.58	6.42475e-06
107.6	8.6531e-06
107.62	1.17986e-05
107.64	1.61509e-05
107.66	2.19512e-05
107.68	2.92728e-05
107.7	3.79251e-05
107.72	4.74627e-05
107.74	5.73581e-05
107.76	6.71748e-05
107.78	7.66099e-05
107.8	8.54689e-05
107.82	9.36407e-05
107.84	0.000101085
107.86	0.000107817
107.88	0.000113887
107.9	0.00011936
107.92	0.000124302
107.94	0.000128778
107.96	0.000132845
107.98	0.000136553
108	0.000139947
108.02	0.000143064
108.04	0.000145938
108.06	0.000148597
108.08	0.000151065
108.1	0.000153362
108.12	0.000155505
108.14	0.000157511
108.16	0.00015939
108.18	0.000161155
108.2	0.000162815
108.22	0.000164378
108.24	0.00016585
108.26	0.000167239
108.28	0.000168549
108.3	0.000169786
108.32	0.000170954
108.34	0.000172057
108.36	0.000173099
108.38	0.000174082
108.4	0.00017501
108.42	0.000175886
108.44	0.000176712
108.46	0.000177491
108.48	0.000178224
108.5	0.000178915
108.52	0.000179564
108.54	0.000180174
108.56	0.000180747
108.58	0.000181283
108.6	0.000181785
108.62	0.000182253
108.64	0.00018269
108.66	0.000183096
108.68	0.000183472
108.7	0.000183819
108.72	0.000184139
108.74	0.000184431
108.76	0.000184698
108.78	0.000184939
108.8	0.000185156
108.82	0.000185348
108.84	0.000185517
108.86	0.000185664
108.88	0.000185787
108.9	0.000185889
108.92	0.000185968
108.94	0.000186027
108.96	0.000186064
108.98	0.000186081
109	0.000186078
109.02	0.000186054
109.04	0.00018601
109.06	0.000185947
109.08	0.000185865
109.1	0.000185763
109.12	0.000185642
109.14	0.000185502
109.16	0.000185343
109.18	0.000185166
109.2	0.000184971
109.22	0.000184757
109.24	0.000184526
109.26	0.000184276
109.28	0.000184009
109.3	0.000183725
109.32	0.000183423
109.34	0.000183105
109.36	0.000182769
109.38	0.000182417
109.4	0.000182048
109.42	0.000181664
109.44	0.000181263
109.46	0.000180846
109.48	0.000180414
109.5	0.000179967
109.52	0.000179505
109.54	0.000179028
109.56	0.000178536
109.58	0.00017803
109.6	0.000177511
109.62	0.000176978
109.64	0.000176431
109.66	0.000175872
109.68	0.000175299
109.7	0.000174715
109.72	0.000174118
109.74	0.000173509
109.76	0.00017289
109.78	0.000172258
109.8	0.000171616
109.82	0.000170964
109.84	0.000170301
109.86	0.000169629
109.88	0.000168947
109.9	0.000168256
109.92	0.000167556
109.94	0.000166847
109.96	0.00016613
109.98	0.000165406
110	0.000164673
110.02	0.000163934
110.04	0.000163187
110.06	0.000162434
110.08	0.000161675
110.1	0.00016091
110.12	0.000160139
110.14	0.000159362
110.16	0.000158581
110.18	0.000157795
110.2	0.000157004
110.22	0.000156209
110.24	0.00015541
110.26	0.000154607
110.28	0.000153801
110.3	0.000152991
110.32	0.000152179
110.34	0.000151364
110.36	0.000150547
110.38	0.000149728
110.4	0.000148907
110.42	0.000148084
110.44	0.000147259
110.46	0.000146433
110.48	0.000145607
110.5	0.000144779
110.52	0.000143951
110.54	0.000143122
110.56	0.000142293
110.58	0.000141465
110.6	0.000140636
110.62	0.000139807
110.64	0.000138979
110.66	0.000138152
110.68	0.000137326
110.7	0.0001365
110.72	0.000135676
110.74	0.000134852
110.76	0.000134031
110.78	0.00013321
110.8	0.000132392
110.82	0.000131575
110.84	0.00013076
110.86	0.000129947
110.88	0.000129136
110.9	0.000128328
110.92	0.000127522
110.94	0.000126718
110.96	0.000125917
110.98	0.000125118
111	0.000124323
111.02	0.00012353
111.04	0.00012274
111.06	0.000121952
111.08	0.000121168
111.1	0.000120387
111.12	0.00011961
111.14	0.000118835
111.16	0.000118064
111.18	0.000117296
111.2	0.000116532
111.22	0.000115771
111.24	0.000115013
111.26	0.000114259
111.28	0.000113509
111.3	0.000112762
111.32	0.00011202
111.34	0.00011128
111.36	0.000110545
111.38	0.000109813
111.4	0.000109085
111.42	0.000108361
111.44	0.000107641
111.46	0.000106925
111.48	0.000106213
111.5	0.000105505
111.52	0.0001048
111.54	0.0001041
111.56	0.000103403
111.58	0.000102711
111.6	0.000102023
111.62	0.000101338
111.64	0.000100658
111.66	9.99817e-05
111.68	9.93095e-05
111.7	9.86413e-05
111.72	9.79771e-05
111.74	9.7317e-05
111.76	9.6661e-05
111.78	9.6009e-05
111.8	9.53611e-05
111.82	9.47172e-05
111.84	9.40774e-05
111.86	9.34416e-05
111.88	9.28099e-05
111.9	9.21822e-05
111.92	9.15585e-05
111.94	9.09388e-05
111.96	9.03232e-05
111.98	8.97115e-05
112	8.91039e-05
112.02	8.85002e-05
112.04	8.79005e-05
112.06	8.73047e-05
112.08	8.67129e-05
112.1	8.6125e-05
112.12	8.55411e-05
112.14	8.4961e-05
112.16	8.43848e-05
112.18	8.38125e-05
112.2	8.32441e-05
112.22	8.26795e-05
112.24	8.21188e-05
112.26	8.15618e-05
112.28	8.10087e-05
112.3	8.04593e-05
112.32	7.99137e-05
112.34	7.93718e-05
112.36	7.88336e-05
112.38	7.82992e-05
112.4	7.77684e-05
112.42	7.72413e-05
112.44	7.67178e-05
112.46	7.6198e-05
112.48	7.56818e-05
112.5	7.51692e-05
112.52	7.46601e-05
112.54	7.41546e-05
112.56	7.36526e-05
112.58	7.31541e-05
112.6	7.26591e-05
112.62	7.21676e-05
112.64	7.16795e-05
112.66	7.11949e-05
112.68	7.07136e-05
112.7	7.02358e-05
112.72	6.97613e-05
112.74	6.92901e-05
112.76	6.88223e-05
112.78	6.83578e-05
112.8	6.78965e-05
112.82	6.74385e-05
112.84	6.69838e-05
112.86	6.65322e-05
112.88	6.60839e-05
112.9	6.56387e-05
112.92	6.51967e-05
112.94	6.47578e-05
112.96	6.43221e-05
112.98	6.38894e-05
113	6.34598e-05
113.02	6.30332e-05
113.04	6.26097e-05
113.06	6.21892e-05
113.08	6.17717e-05
113.1	6.13571e-05
113.12	6.09455e-05
113.14	6.05368e-05
113.16	6.0131e-05
113.18	5.97281e-05
113.2	5.93281e-05
113.22	5.89309e-05
113.24	5.85365e-05
113.26	5.81449e-05
113.28	5.77562e-05
113.3	5.73702e-05
113.32	5.69869e-05
113.34	5.66064e-05
113.36	5.62285e-05
113.38	5.58534e-05
113.4	5.54809e-05
113.42	5.51111e-05
113.44	5.47439e-05
113.46	5.43793e-05
113.48	5.40173e-05
113.5	5.36579e-05
113.52	5.3301e-05
113.54	5.29466e-05
113.56	5.25948e-05
113.58	5.22455e-05
113.6	5.18987e-05
113.62	5.15543e-05
113.64	5.12124e-05
113.66	5.08729e-05
113.68	5.05358e-05
113.7	5.02011e-05
113.72	4.98687e-05
113.74	4.95388e-05
113.76	4.92111e-05
113.78	4.88858e-05
113.8	4.85628e-05
113.82	4.82421e-05
113.84	4.79236e-05
113.86	4.76074e-05
113.88	4.72935e-05
113.9	4.69817e-05
113.92	4.66722e-05
113.94	4.63648e-05
113.96	4.60597e-05
113.98	4.57566e-05
114	4.54557e-05
114.02	4.5157e-05
114.04	4.48603e-05
114.06	4.45658e-05
114.08	4.42733e-05
114.1	4.39829e-05
114.12	4.36945e-05
114.14	4.34082e-05
114.16	4.31239e-05
114.18	4.28415e-05
114.2	4.25612e-05
114.22	4.22828e-05
114.24	4.20064e-05
114.26	4.1732e-05
114.28	4.14594e-05
114.3	4.11888e-05
114.32	4.09201e-05
114.34	4.06533e-05
114.36	4.03883e-05
114.38	4.01252e-05
114.4	3.98639e-05
114.42	3.96045e-05
114.44	3.93469e-05
114.46	3.90911e-05
114.48	3.88371e-05
114.5	3.85848e-05
114.52	3.83343e-05
114.54	3.80856e-05
114.56	3.78386e-05
114.58	3.75934e-05
114.6	3.73498e-05
114.62	3.7108e-05
114.64	3.68678e-05
114.66	3.66293e-05
114.68	3.63925e-05
114.7	3.61573e-05
114.72	3.59238e-05
114.74	3.56918e-05
114.76	3.54616e-05
114.78	3.52329e-05
114.8	3.50058e-05
114.82	3.47802e-05
114.84	3.45563e-05
114.86	3.43339e-05
114.88	3.4113e-05
114.9	3.38937e-05
114.92	3.36759e-05
114.94	3.34596e-05
114.96	3.32448e-05
114.98	3.30315e-05
115	3.28196e-05
115.02	3.26093e-05
115.04	3.24004e-05
115.06	3.21929e-05
115.08	3.19869e-05
115.1	3.17823e-05
115.12	3.15791e-05
115.14	3.13773e-05
115.16	3.11769e-05
115.18	3.09779e-05
115.2	3.07803e-05
115.22	3.0584e-05
115.24	3.03891e-05
115.26	3.01955e-05
115.28	3.00033e-05
115.3	2.98124e-05
115.32	2.96228e-05
115.34	2.94345e-05
115.36	2.92475e-05
115.38	2.90618e-05
115.4	2.88773e-05
115.42	2.86941e-05
115.44	2.85122e-05
115.46	2.83316e-05
115.48	2.81521e-05
115.5	2.79739e-05
115.52	2.7797e-05
115.54	2.76212e-05
115.56	2.74467e-05
115.58	2.72733e-05
115.6	2.71011e-05
115.62	2.69301e-05
115.64	2.67603e-05
115.66	2.65917e-05
115.68	2.64241e-05
115.7	2.62578e-05
115.72	2.60926e-05
115.74	2.59285e-05
115.76	2.57655e-05
115.78	2.56036e-05
115.8	2.54429e-05
115.82	2.52832e-05
115.84	2.51246e-05
115.86	2.49671e-05
115.88	2.48107e-05
115.9	2.46554e-05
115.92	2.45011e-05
115.94	2.43478e-05
115.96	2.41956e-05
115.98	2.40444e-05
116	2.38943e-05
116.02	2.37452e-05
116.04	2.35971e-05
116.06	2.345e-05
116.08	2.33039e-05
116.1	2.31587e-05
116.12	2.30146e-05
116.14	2.28715e-05
116.16	2.27293e-05
116.18	2.25881e-05
116.2	2.24478e-05
116.22	2.23085e-05
116.24	2.21701e-05
116.26	2.20327e-05
116.28	2.18962e-05
116.3	2.17606e-05
116.32	2.1626e-05
116.34	2.14922e-05
116.36	2.13594e-05
116.38	2.12274e-05
116.4	2.10964e-05
116.42	2.09662e-05
116.44	2.08369e-05
116.46	2.07085e-05
116.48	2.05809e-05
116.5	2.04542e-05
116.52	2.03284e-05
116.54	2.02034e-05
116.56	2.00792e-05
116.58	1.99559e-05
116.6	1.98334e-05
116.62	1.97118e-05
116.64	1.95909e-05
116.66	1.94709e-05
116.68	1.93517e-05
116.7	1.92333e-05
116.72	1.91156e-05
116.74	1.89988e-05
116.76	1.88827e-05
116.78	1.87675e-05
116.8	1.86529e-05
116.82	1.85392e-05
116.84	1.84262e-05
116.86	1.8314e-05
116.88	1.82026e-05
116.9	1.80918e-05
116.92	1.79819e-05
116.94	1.78726e-05
116.96	1.77641e-05
116.98	1.76563e-05
117	1.75493e-05
117.02	1.74429e-05
117.04	1.73373e-05
117.06	1.72324e-05
117.08	1.71281e-05
117.1	1.70246e-05
117.12	1.69217e-05
117.14	1.68196e-05
117.16	1.67181e-05
117.18	1.66173e-05
117.2	1.65172e-05
117.22	1.64177e-05
117.24	1.63189e-05
117.26	1.62208e-05
117.28	1.61233e-05
117.3	1.60265e-05
117.32	1.59303e-05
117.34	1.58347e-05
117.36	1.57398e-05
117.38	1.56455e-05
117.4	1.55519e-05
117.42	1.54588e-05
117.44	1.53664e-05
117.46	1.52746e-05
117.48	1.51834e-05
117.5	1.50928e-05
117.52	1.50028e-05
117.54	1.49134e-05
117.56	1.48246e-05
117.58	1.47364e-05
117.6	1.46488e-05
117.62	1.45618e-05
117.64	1.44753e-05
117.66	1.43894e-05
117.68	1.43041e-05
117.7	1.42193e-05
117.72	1.41351e-05
117.74	1.40515e-05
117.76	1.39684e-05
117.78	1.38858e-05
117.8	1.38038e-05
117.82	1.37224e-05
117.84	1.36414e-05
117.86	1.35611e-05
117.88	1.34812e-05
117.9	1.34019e-05
117.92	1.33231e-05
117.94	1.32448e-05
117.96	1.3167e-05
117.98	1.30898e-05
118	1.3013e-05
118.02	1.29368e-05
118.04	1.2861e-05
118.06	1.27858e-05
118.08	1.2711e-05
118.1	1.26368e-05
118.12	1.2563e-05
118.14	1.24897e-05
118.16	1.24169e-05
118.18	1.23446e-05
118.2	1.22728e-05
118.22	1.22014e-05
118.24	1.21305e-05
118.26	1.20601e-05
118.28	1.19901e-05
118.3	1.19206e-05
118.32	1.18515e-05
118.34	1.17829e-05
118.36	1.17147e-05
118.38	1.1647e-05
118.4	1.15797e-05
118.42	1.15129e-05
118.44	1.14465e-05
118.46	1.13805e-05
118.48	1.1315e-05
118.5	1.12499e-05
118.52	1.11852e-05
118.54	1.1121e-05
118.56	1.10572e-05
118.58	1.09938e-05
118.6	1.09307e-05
118.62	1.08682e-05
118.64	1.0806e-05
118.66	1.07442e-05
118.68	1.06828e-05
118.7	1.06219e-05
118.72	1.05613e-05
118.74	1.05011e-05
118.76	1.04413e-05
118.78	1.03819e-05
118.8	1.03229e-05
118.82	1.02643e-05
118.84	1.0206e-05
118.86	1.01482e-05
118.88	1.00907e-05
118.9	1.00336e-05
118.92	9.97683e-06
118.94	9.92046e-06
118.96	9.86445e-06
118.98	9.8088e-06
119	9.75352e-06
119.02	9.6986e-06
119.04	9.64403e-06
119.06	9.58982e-06
119.08	9.53595e-06
119.1	9.48244e-06
119.12	9.42928e-06
119.14	9.37646e-06
119.16	9.32398e-06
119.18	9.27184e-06
119.2	9.22004e-06
119.22	9.16858e-06
119.24	9.11745e-06
119.26	9.06665e-06
119.28	9.01617e-06
119.3	8.96603e-06
119.32	8.91621e-06
119.34	8.86671e-06
119.36	8.81753e-06
119.38	8.76867e-06
119.4	8.72013e-06
119.42	8.6719e-06
119.44	8.62398e-06
119.46	8.57637e-06
119.48	8.52907e-06
119.5	8.48207e-06
119.52	8.43538e-06
119.54	8.38899e-06
119.56	8.3429e-06
119.58	8.2971e-06
119.6	8.2516e-06
119.62	8.2064e-06
119.64	8.16148e-06
119.66	8.11686e-06
119.68	8.07252e-06
119.7	8.02847e-06
119.72	7.9847e-06
119.74	7.94121e-06
119.76	7.89801e-06
119.78	7.85508e-06
119.8	7.81242e-06
119.82	7.77005e-06
119.84	7.72794e-06
119.86	7.68611e-06
119.88	7.64454e-06
119.9	7.60324e-06
119.92	7.56221e-06
119.94	7.52144e-06
119.96	7.48093e-06
119.98	7.44069e-06
120	7.4007e-06
120.02	7.36097e-06
120.04	7.32149e-06
120.06	7.28226e-06
120.08	7.24329e-06
120.1	7.20457e-06
120.12	7.1661e-06
120.14	7.12787e-06
120.16	7.08989e-06
120.18	7.05215e-06
120.2	7.01465e-06
120.22	6.97739e-06
120.24	6.94038e-06
120.26	6.9036e-06
120.28	6.86705e-06
120.3	6.83074e-06
120.32	6.79466e-06
120.34	6.75881e-06
120.36	6.72319e-06
120.38	6.6878e-06
120.4	6.65264e-06
120.42	6.6177e-06
120.44	6.58298e-06
120.46	6.54849e-06
120.48	6.51422e-06
120.5	6.48016e-06
120.52	6.44633e-06
120.54	6.41271e-06
120.56	6.3793e-06
120.58	6.34611e-06
120.6	6.31313e-06
120.62	6.28036e-06
120.64	6.2478e-06
120.66	6.21545e-06
120.68	6.1833e-06
120.7	6.15136e-06
120.72	6.11963e-06
120.74	6.08809e-06
120.76	6.05676e-06
120.78	6.02563e-06
120.8	5.9947e-06
120.82	5.96396e-06
120.84	5.93342e-06
120.86	5.90308e-06
120.88	5.87292e-06
120.9	5.84297e-06
120.92	5.8132e-06
120.94	5.78362e-06
120.96	5.75423e-06
120.98	5.72503e-06
121	5.69601e-06
121.02	5.66718e-06
121.04	5.63854e-06
121.06	5.61007e-06
121.08	5.58179e-06
121.1	5.55369e-06
121.12	5.52577e-06
121.14	5.49802e-06
121.16	5.47046e-06
121.18	5.44307e-06
121.2	5.41585e-06
121.22	5.38881e-06
121.24	5.36194e-06
121.26	5.33524e-06
121.28	5.30871e-06
121.3	5.28235e-06
121.32	5.25616e-06
121.34	5.23013e-06
121.36	5.20427e-06
121.38	5.17858e-06
121.4	5.15305e-06
121.42	5.12768e-06
121.44	5.10248e-06
121.46	5.07744e-06
121.48	5.05255e-06
121.5	5.02783e-06
121.52	5.00326e-06
121.54	4.97885e-06
121.56	4.9546e-06
121.58	4.9305e-06
121.6	4.90655e-06
121.62	4.88276e-06
121.64	4.85912e-06
121.66	4.83563e-06
121.68	4.81229e-06
121.7	4.7891e-06
121.72	4.76606e-06
121.74	4.74316e-06
121.76	4.72041e-06
121.78	4.69781e-06
121.8	4.67535e-06
121.82	4.65304e-06
121.84	4.63087e-06
121.86	4.60884e-06
121.88	4.58695e-06
121.9	4.56521e-06
121.92	4.5436e-06
121.94	4.52213e-06
121.96	4.5008e-06
121.98	4.4796e-06
122	4.45854e-06
122.02	4.43762e-06
122.04	4.41683e-06
122.06	4.39617e-06
122.08	4.37565e-06
122.1	4.35526e-06
122.12	4.335e-06
122.14	4.31487e-06
122.16	4.29487e-06
122.18	4.275e-06
122.2	4.25525e-06
122.22	4.23564e-06
122.24	4.21615e-06
122.26	4.19678e-06
122.28	4.17754e-06
122.3	4.15843e-06
122.32	4.13944e-06
122.34	4.12057e-06
122.36	4.10182e-06
122.38	4.0832e-06
122.4	4.06469e-06
122.42	4.04631e-06
122.44	4.02804e-06
122.46	4.00989e-06
122.48	3.99187e-06
122.5	3.97395e-06
122.52	3.95616e-06
122.54	3.93848e-06
122.56	3.92091e-06
122.58	3.90346e-06
122.6	3.88613e-06
122.62	3.8689e-06
122.64	3.85179e-06
122.66	3.83479e-06
122.68	3.8179e-06
122.7	3.80112e-06
122.72	3.78446e-06
122.74	3.7679e-06
122.76	3.75145e-06
122.78	3.73511e-06
122.8	3.71887e-06
122.82	3.70274e-06
122.84	3.68672e-06
122.86	3.67081e-06
122.88	3.655e-06
122.9	3.63929e-06
122.92	3.62369e-06
122.94	3.60819e-06
122.96	3.59279e-06
122.98	3.5775e-06
123	3.56231e-06
123.02	3.54721e-06
123.04	3.53222e-06
123.06	3.51733e-06
123.08	3.50254e-06
123.1	3.48785e-06
123.12	3.47325e-06
123.14	3.45876e-06
123.16	3.44436e-06
123.18	3.43006e-06
123.2	3.41585e-06
123.22	3.40174e-06
123.24	3.38773e-06
123.26	3.37381e-06
123.28	3.35998e-06
123.3	3.34625e-06
123.32	3.33261e-06
123.34	3.31906e-06
123.36	3.30561e-06
123.38	3.29225e-06
123.4	3.27898e-06
123.42	3.2658e-06
123.44	3.25271e-06
123.46	3.23972e-06
123.48	3.22681e-06
123.5	3.21399e-06
123.52	3.20126e-06
123.54	3.18862e-06
123.56	3.17607e-06
123.58	3.1636e-06
123.6	3.15122e-06
123.62	3.13893e-06
123.64	3.12672e-06
123.66	3.1146e-06
123.68	3.10257e-06
123.7	3.09062e-06
123.72	3.07876e-06
123.74	3.06698e-06
123.76	3.05528e-06
123.78	3.04367e-06
123.8	3.03214e-06
123.82	3.0207e-06
123.84	3.00934e-06
123.86	2.99806e-06
123.88	2.98686e-06
123.9	2.97574e-06
123.92	2.96471e-06
123.94	2.95375e-06
123.96	2.94288e-06
123.98	2.93209e-06
124	2.92137e-06
124.02	2.91074e-06
124.04	2.90018e-06
124.06	2.88971e-06
124.08	2.87931e-06
124.1	2.869e-06
124.12	2.85876e-06
124.14	2.8486e-06
124.16	2.83851e-06
124.18	2.82851e-06
124.2	2.81858e-06
124.22	2.80873e-06
124.24	2.79895e-06
124.26	2.78926e-06
124.28	2.77963e-06
124.3	2.77009e-06
124.32	2.76062e-06
124.34	2.75123e-06
124.36	2.74191e-06
124.38	2.73266e-06
124.4	2.7235e-06
124.42	2.7144e-06
124.44	2.70539e-06
124.46	2.69644e-06
124.48	2.68757e-06
124.5	2.67878e-06
124.52	2.67006e-06
124.54	2.66141e-06
124.56	2.65284e-06
124.58	2.64434e-06
124.6	2.63592e-06
124.62	2.62757e-06
124.64	2.61929e-06
124.66	2.61109e-06
124.68	2.60296e-06
124.7	2.5949e-06
124.72	2.58692e-06
124.74	2.57901e-06
124.76	2.57117e-06
124.78	2.5634e-06
124.8	2.55571e-06
124.82	2.5481e-06
124.84	2.54055e-06
124.86	2.53308e-06
124.88	2.52568e-06
124.9	2.51836e-06
124.92	2.51111e-06
124.94	2.50393e-06
124.96	2.49683e-06
124.98	2.4898e-06
125	2.48284e-06
125.02	2.47596e-06
125.04	2.46915e-06
125.06	2.46242e-06
125.08	2.45576e-06
125.1	2.44917e-06
125.12	2.44267e-06
125.14	2.43623e-06
125.16	2.42987e-06
125.18	2.42359e-06
125.2	2.41738e-06
125.22	2.41125e-06
125.24	2.4052e-06
125.26	2.39922e-06
125.28	2.39333e-06
125.3	2.38751e-06
125.32	2.38176e-06
125.34	2.3761e-06
125.36	2.37052e-06
125.38	2.36502e-06
125.4	2.35959e-06
125.42	2.35425e-06
125.44	2.349e-06
125.46	2.34382e-06
125.48	2.33873e-06
125.5	2.33372e-06
125.52	2.3288e-06
125.54	2.32397e-06
125.56	2.31922e-06
125.58	2.31456e-06
125.6	2.30999e-06
125.62	2.30551e-06
125.64	2.30113e-06
125.66	2.29683e-06
125.68	2.29263e-06
125.7	2.28853e-06
125.72	2.28453e-06
125.74	2.28063e-06
125.76	2.27683e-06
125.78	2.27313e-06
125.8	2.26954e-06
125.82	2.26606e-06
125.84	2.26269e-06
125.86	2.25943e-06
125.88	2.25629e-06
125.9	2.25327e-06
125.92	2.25038e-06
125.94	2.24761e-06
125.96	2.24497e-06
125.98	2.24247e-06
126	2.24011e-06
126.02	2.23789e-06
126.04	2.23582e-06
126.06	2.23392e-06
126.08	2.23217e-06
126.1	2.2306e-06
126.12	2.22921e-06
126.14	2.22801e-06
126.16	2.22701e-06
126.18	2.22623e-06
126.2	2.22567e-06
126.22	2.22535e-06
126.24	2.2253e-06
126.26	2.22552e-06
126.28	2.22605e-06
126.3	2.22692e-06
126.32	2.22815e-06
126.34	2.22979e-06
126.36	2.23189e-06
126.38	2.23452e-06
126.4	2.23775e-06
126.42	2.24168e-06
126.44	2.24647e-06
126.46	2.2523e-06
126.48	2.25945e-06
126.5	2.26836e-06
126.52	2.27976e-06
126.54	2.29496e-06
126.56	2.31671e-06
126.58	2.35155e-06
126.6	2.41538e-06
126.62	2.54119e-06
126.64	2.77573e-06
126.66	3.16021e-06
126.68	3.75723e-06
126.7	4.68993e-06
126.72	6.10867e-06
126.74	8.1707e-06
126.76	1.10896e-05
126.78	1.51488e-05
126.8	2.06134e-05
126.82	2.76078e-05
126.84	3.60107e-05
126.86	4.54264e-05
126.88	5.53252e-05
126.9	6.52373e-05
126.92	7.48272e-05
126.94	8.38759e-05
126.96	9.22534e-05
126.98	9.99027e-05
127	0.000106828
127.02	0.000113073
127.04	0.000118702
127.06	0.000123781
127.08	0.000128376
127.1	0.000132547
127.12	0.000136346
127.14	0.000139819
127.16	0.000143006
127.18	0.000145942
127.2	0.000148655
127.22	0.00015117
127.24	0.00015351
127.26	0.000155692
127.28	0.000157733
127.3	0.000159644
127.32	0.000161438
127.34	0.000163125
127.36	0.000164712
127.38	0.000166208
127.4	0.000167618
127.42	0.000168949
127.44	0.000170205
127.46	0.00017139
127.48	0.00017251
127.5	0.000173568
127.52	0.000174566
127.54	0.000175509
127.56	0.000176398
127.58	0.000177237
127.6	0.000178028
127.62	0.000178773
127.64	0.000179475
127.66	0.000180135
127.68	0.000180755
127.7	0.000181338
127.72	0.000181883
127.74	0.000182394
127.76	0.000182871
127.78	0.000183316
127.8	0.00018373
127.82	0.000184113
127.84	0.000184468
127.86	0.000184795
127.88	0.000185094
127.9	0.000185368
127.92	0.000185615
127.94	0.000185838
127.96	0.000186037
127.98	0.000186212
128	0.000186364
128.02	0.000186493
128.04	0.0001866
128.06	0.000186685
128.08	0.000186748
128.1	0.000186791
128.12	0.000186812
128.14	0.000186814
128.16	0.000186795
128.18	0.000186756
128.2	0.000186697
128.22	0.000186618
128.24	0.000186521
128.26	0.000186404
128.28	0.000186268
128.3	0.000186113
128.32	0.00018594
128.34	0.000185749
128.36	0.000185539
128.38	0.000185311
128.4	0.000185065
128.42	0.000184801
128.44	0.00018452
128.46	0.000184222
128.48	0.000183906
128.5	0.000183574
128.52	0.000183225
128.54	0.000182859
128.56	0.000182477
128.58	0.000182079
128.6	0.000181665
128.62	0.000181235
128.64	0.00018079
128.66	0.00018033
128.68	0.000179855
128.7	0.000179365
128.72	0.000178861
128.74	0.000178344
128.76	0.000177812
128.78	0.000177267
128.8	0.000176709
128.82	0.000176138
128.84	0.000175554
128.86	0.000174959
128.88	0.000174351
128.9	0.000173732
128.92	0.000173102
128.94	0.00017246
128.96	0.000171808
128.98	0.000171146
129	0.000170474
129.02	0.000169792
129.04	0.000169101
129.06	0.0001684
129.08	0.000167692
129.1	0.000166975
129.12	0.000166249
129.14	0.000165517
129.16	0.000164777
129.18	0.000164029
129.2	0.000163276
129.22	0.000162515
129.24	0.000161749
129.26	0.000160977
129.28	0.000160199
129.3	0.000159416
129.32	0.000158629
129.34	0.000157836
129.36	0.00015704
129.38	0.000156239
129.4	0.000155434
129.42	0.000154626
129.44	0.000153815
129.46	0.000153001
129.48	0.000152184
129.5	0.000151365
129.52	0.000150543
129.54	0.00014972
129.56	0.000148894
129.58	0.000148068
129.6	0.000147239
129.62	0.00014641
129.64	0.00014558
129.66	0.000144749
129.68	0.000143918
129.7	0.000143086
129.72	0.000142255
129.74	0.000141423
129.76	0.000140592
129.78	0.000139761
129.8	0.00013893
129.82	0.000138101
129.84	0.000137272
129.86	0.000136445
129.88	0.000135619
129.9	0.000134794
129.92	0.00013397
129.94	0.000133148
129.96	0.000132328
129.98	0.00013151
130	0.000130694
130.02	0.00012988
130.04	0.000129068
130.06	0.000128258
130.08	0.000127451
130.1	0.000126647
130.12	0.000125845
130.14	0.000125046
130.16	0.000124249
130.18	0.000123456
130.2	0.000122665
130.22	0.000121877
130.24	0.000121093
130.26	0.000120312
130.28	0.000119534
130.3	0.000118759
130.32	0.000117987
130.34	0.000117219
130.36	0.000116455
130.38	0.000115694
130.4	0.000114936
130.42	0.000114183
130.44	0.000113432
130.46	0.000112686
130.48	0.000111943
130.5	0.000111204
130.52	0.000110469
130.54	0.000109738
130.56	0.00010901
130.58	0.000108286
130.6	0.000107567
130.62	0.000106851
130.64	0.000106139
130.66	0.000105431
130.68	0.000104727
130.7	0.000104027
130.72	0.000103331
130.74	0.000102639
130.76	0.000101952
130.78	0.000101268
130.8	0.000100588
130.82	9.99123e-05
130.84	9.92406e-05
130.86	9.8573e-05
130.88	9.79095e-05
130.9	9.725e-05
130.92	9.65947e-05
130.94	9.59433e-05
130.96	9.52961e-05
130.98	9.46529e-05
131	9.40137e-05
131.02	9.33786e-05
131.04	9.27476e-05
131.06	9.21205e-05
131.08	9.14976e-05
131.1	9.08786e-05
131.12	9.02637e-05
131.14	8.96527e-05
131.16	8.90458e-05
131.18	8.84428e-05
131.2	8.78439e-05
131.22	8.72488e-05
131.24	8.66577e-05
131.26	8.60706e-05
131.28	8.54874e-05
131.3	8.49081e-05
131.32	8.43326e-05
131.34	8.37611e-05
131.36	8.31934e-05
131.38	8.26295e-05
131.4	8.20695e-05
131.42	8.15133e-05
131.44	8.09608e-05
131.46	8.04122e-05
131.48	7.98673e-05
131.5	7.93261e-05
131.52	7.87887e-05
131.54	7.8255e-05
131.56	7.77249e-05
131.58	7.71985e-05
131.6	7.66758e-05
131.62	7.61567e-05
131.64	7.56412e-05
131.66	7.51292e-05
131.68	7.46209e-05
131.7	7.4116e-05
131.72	7.36147e-05
131.74	7.3117e-05
131.76	7.26226e-05
131.78	7.21318e-05
131.8	7.16444e-05
131.82	7.11604e-05
131.84	7.06798e-05
131.86	7.02026e-05
131.88	6.97288e-05
131.9	6.92583e-05
131.92	6.87911e-05
131.94	6.83272e-05
131.96	6.78666e-05
131.98	6.74092e-05
132	6.69551e-05
132.02	6.65042e-05
132.04	6.60565e-05
132.06	6.56119e-05
132.08	6.51705e-05
132.1	6.47322e-05
132.12	6.4297e-05
132.14	6.38649e-05
132.16	6.34359e-05
132.18	6.30099e-05
132.2	6.2587e-05
132.22	6.2167e-05
132.24	6.175e-05
132.26	6.1336e-05
132.28	6.0925e-05
132.3	6.05168e-05
132.32	6.01116e-05
132.34	5.97092e-05
132.36	5.93097e-05
132.38	5.8913e-05
132.4	5.85192e-05
132.42	5.81281e-05
132.44	5.77398e-05
132.46	5.73543e-05
132.48	5.69715e-05
132.5	5.65915e-05
132.52	5.62141e-05
132.54	5.58395e-05
132.56	5.54675e-05
132.58	5.50981e-05
132.6	5.47314e-05
132.62	5.43672e-05
132.64	5.40057e-05
132.66	5.36467e-05
132.68	5.32903e-05
132.7	5.29364e-05
132.72	5.2585e-05
132.74	5.22361e-05
132.76	5.18897e-05
132.78	5.15457e-05
132.8	5.12042e-05
132.82	5.08651e-05
132.84	5.05284e-05
132.86	5.01941e-05
132.88	4.98622e-05
132.9	4.95326e-05
132.92	4.92053e-05
132.94	4.88804e-05
132.96	4.85578e-05
132.98	4.82374e-05
133	4.79193e-05
133.02	4.76035e-05
133.04	4.72899e-05
133.06	4.69785e-05
133.08	4.66693e-05
133.1	4.63623e-05
133.12	4.60574e-05
133.14	4.57548e-05
133.16	4.54542e-05
133.18	4.51558e-05
133.2	4.48594e-05
133.22	4.45652e-05
133.24	4.4273e-05
133.26	4.39829e-05
133.28	4.36949e-05
133.3	4.34088e-05
133.32	4.31248e-05
133.34	4.28428e-05
133.36	4.25627e-05
133.38	4.22847e-05
133.4	4.20085e-05
133.42	4.17344e-05
133.44	4.14621e-05
133.46	4.11917e-05
133.48	4.09233e-05
133.5	4.06567e-05
133.52	4.0392e-05
133.54	4.01292e-05
133.56	3.98682e-05
133.58	3.9609e-05
133.6	3.93516e-05
133.62	3.9096e-05
133.64	3.88423e-05
133.66	3.85903e-05
133.68	3.834e-05
133.7	3.80915e-05
133.72	3.78448e-05
133.74	3.75997e-05
133.76	3.73564e-05
133.78	3.71148e-05
133.8	3.68748e-05
133.82	3.66365e-05
133.84	3.63999e-05
133.86	3.6165e-05
133.88	3.59316e-05
133.9	3.56999e-05
133.92	3.54698e-05
133.94	3.52413e-05
133.96	3.50144e-05
133.98	3.47891e-05
134	3.45653e-05
134.02	3.43431e-05
134.04	3.41224e-05
134.06	3.39032e-05
134.08	3.36856e-05
134.1	3.34695e-05
134.12	3.32549e-05
134.14	3.30417e-05
134.16	3.28301e-05
134.18	3.26199e-05
134.2	3.24111e-05
134.22	3.22038e-05
134.24	3.1998e-05
134.26	3.17935e-05
134.28	3.15905e-05
134.3	3.13888e-05
134.32	3.11886e-05
134.34	3.09897e-05
134.36	3.07922e-05
134.38	3.05961e-05
134.4	3.04013e-05
134.42	3.02079e-05
134.44	3.00158e-05
134.46	2.9825e-05
134.48	2.96355e-05
134.5	2.94474e-05
134.52	2.92605e-05
134.54	2.90749e-05
134.56	2.88906e-05
134.58	2.87075e-05
134.6	2.85257e-05
134.62	2.83452e-05
134.64	2.81659e-05
134.66	2.79878e-05
134.68	2.78109e-05
134.7	2.76353e-05
134.72	2.74608e-05
134.74	2.72876e-05
134.76	2.71155e-05
134.78	2.69446e-05
134.8	2.67749e-05
134.82	2.66063e-05
134.84	2.64389e-05
134.86	2.62727e-05
134.88	2.61075e-05
134.9	2.59435e-05
134.92	2.57806e-05
134.94	2.56189e-05
134.96	2.54582e-05
134.98	2.52986e-05
135	2.51401e-05
135.02	2.49827e-05
135.04	2.48264e-05
135.06	2.46711e-05
135.08	2.45169e-05
135.1	2.43637e-05
135.12	2.42116e-05
135.14	2.40605e-05
135.16	2.39104e-05
135.18	2.37614e-05
135.2	2.36133e-05
135.22	2.34663e-05
135.24	2.33203e-05
135.26	2.31752e-05
135.28	2.30311e-05
135.3	2.28881e-05
135.32	2.27459e-05
135.34	2.26048e-05
135.36	2.24646e-05
135.38	2.23253e-05
135.4	2.2187e-05
135.42	2.20497e-05
135.44	2.19132e-05
135.46	2.17777e-05
135.48	2.16431e-05
135.5	2.15094e-05
135.52	2.13766e-05
135.54	2.12447e-05
135.56	2.11137e-05
135.58	2.09836e-05
135.6	2.08543e-05
135.62	2.07259e-05
135.64	2.05984e-05
135.66	2.04718e-05
135.68	2.0346e-05
135.7	2.0221e-05
135.72	2.00969e-05
135.74	1.99736e-05
135.76	1.98512e-05
135.78	1.97296e-05
135.8	1.96088e-05
135.82	1.94888e-05
135.84	1.93696e-05
135.86	1.92512e-05
135.88	1.91336e-05
135.9	1.90168e-05
135.92	1.89007e-05
135.94	1.87855e-05
135.96	1.8671e-05
135.98	1.85573e-05
136	1.84444e-05
136.02	1.83322e-05
136.04	1.82208e-05
136.06	1.81101e-05
136.08	1.80001e-05
136.1	1.78909e-05
136.12	1.77824e-05
136.14	1.76747e-05
136.16	1.75676e-05
136.18	1.74613e-05
136.2	1.73557e-05
136.22	1.72508e-05
136.24	1.71465e-05
136.26	1.7043e-05
136.28	1.69402e-05
136.3	1.68381e-05
136.32	1.67366e-05
136.34	1.66358e-05
136.36	1.65357e-05
136.38	1.64363e-05
136.4	1.63375e-05
136.42	1.62394e-05
136.44	1.61419e-05
136.46	1.60451e-05
136.48	1.59489e-05
136.5	1.58533e-05
136.52	1.57584e-05
136.54	1.56642e-05
136.56	1.55705e-05
136.58	1.54775e-05
136.6	1.53851e-05
136.62	1.52933e-05
136.64	1.52021e-05
136.66	1.51115e-05
136.68	1.50215e-05
136.7	1.49321e-05
136.72	1.48433e-05
136.74	1.47551e-05
136.76	1.46675e-05
136.78	1.45805e-05
136.8	1.4494e-05
136.82	1.44081e-05
136.84	1.43228e-05
136.86	1.4238e-05
136.88	1.41538e-05
136.9	1.40702e-05
136.92	1.39871e-05
136.94	1.39045e-05
136.96	1.38225e-05
136.98	1.37411e-05
137	1.36602e-05
137.02	1.35798e-05
137.04	1.34999e-05
137.06	1.34206e-05
137.08	1.33418e-05
137.1	1.32635e-05
137.12	1.31857e-05
137.14	1.31085e-05
137.16	1.30317e-05
137.18	1.29555e-05
137.2	1.28797e-05
137.22	1.28045e-05
137.24	1.27297e-05
137.26	1.26555e-05
137.28	1.25817e-05
137.3	1.25084e-05
137.32	1.24356e-05
137.34	1.23633e-05
137.36	1.22914e-05
137.38	1.222e-05
137.4	1.21491e-05
137.42	1.20787e-05
137.44	1.20087e-05
137.46	1.19392e-05
137.48	1.18701e-05
137.5	1.18015e-05
137.52	1.17333e-05
137.54	1.16656e-05
137.56	1.15983e-05
137.58	1.15315e-05
137.6	1.1465e-05
137.62	1.13991e-05
137.64	1.13335e-05
137.66	1.12684e-05
137.68	1.12037e-05
137.7	1.11395e-05
137.72	1.10756e-05
137.74	1.10122e-05
137.76	1.09492e-05
137.78	1.08866e-05
137.8	1.08244e-05
137.82	1.07626e-05
137.84	1.07012e-05
137.86	1.06402e-05
137.88	1.05797e-05
137.9	1.05195e-05
137.92	1.04597e-05
137.94	1.04003e-05
137.96	1.03412e-05
137.98	1.02826e-05
138	1.02243e-05
138.02	1.01664e-05
138.04	1.01089e-05
138.06	1.00518e-05
138.08	9.99505e-06
138.1	9.93866e-06
138.12	9.88264e-06
138.14	9.82698e-06
138.16	9.77168e-06
138.18	9.71674e-06
138.2	9.66215e-06
138.22	9.60792e-06
138.24	9.55404e-06
138.26	9.50052e-06
138.28	9.44733e-06
138.3	9.3945e-06
138.32	9.342e-06
138.34	9.28985e-06
138.36	9.23803e-06
138.38	9.18655e-06
138.4	9.1354e-06
138.42	9.08458e-06
138.44	9.03409e-06
138.46	8.98393e-06
138.48	8.93409e-06
138.5	8.88457e-06
138.52	8.83538e-06
138.54	8.7865e-06
138.56	8.73794e-06
138.58	8.68969e-06
138.6	8.64175e-06
138.62	8.59412e-06
138.64	8.5468e-06
138.66	8.49979e-06
138.68	8.45308e-06
138.7	8.40667e-06
138.72	8.36055e-06
138.74	8.31474e-06
138.76	8.26922e-06
138.78	8.224e-06
138.8	8.17906e-06
138.82	8.13442e-06
138.84	8.09006e-06
138.86	8.04599e-06
138.88	8.0022e-06
138.9	7.9587e-06
138.92	7.91547e-06
138.94	7.87252e-06
138.96	7.82985e-06
138.98	7.78745e-06
139	7.74533e-06
139.02	7.70347e-06
139.04	7.66189e-06
139.06	7.62057e-06
139.08	7.57952e-06
139.1	7.53873e-06
139.12	7.4982e-06
139.14	7.45793e-06
139.16	7.41792e-06
139.18	7.37817e-06
139.2	7.33867e-06
139.22	7.29943e-06
139.24	7.26044e-06
139.26	7.2217e-06
139.28	7.1832e-06
139.3	7.14495e-06
139.32	7.10695e-06
139.34	7.06919e-06
139.36	7.03168e-06
139.38	6.9944e-06
139.4	6.95736e-06
139.42	6.92056e-06
139.44	6.884e-06
139.46	6.84766e-06
139.48	6.81157e-06
139.5	6.7757e-06
139.52	6.74006e-06
139.54	6.70465e-06
139.56	6.66946e-06
139.58	6.6345e-06
139.6	6.59977e-06
139.62	6.56525e-06
139.64	6.53096e-06
139.66	6.49689e-06
139.68	6.46303e-06
139.7	6.42939e-06
139.72	6.39597e-06
139.74	6.36275e-06
139.76	6.32976e-06
139.78	6.29697e-06
139.8	6.26439e-06
139.82	6.23202e-06
139.84	6.19985e-06
139.86	6.16789e-06
139.88	6.13614e-06
139.9	6.10458e-06
139.92	6.07323e-06
139.94	6.04208e-06
139.96	6.01113e-06
139.98	5.98037e-06
140	5.94981e-06
140.02	5.91945e-06
140.04	5.88928e-06
140.06	5.8593e-06
140.08	5.82951e-06
140.1	5.79992e-06
140.12	5.77051e-06
140.14	5.74129e-06
140.16	5.71226e-06
140.18	5.68341e-06
140.2	5.65474e-06
140.22	5.62626e-06
140.24	5.59796e-06
140.26	5.56984e-06
140.28	5.5419e-06
140.3	5.51414e-06
140.32	5.48655e-06
140.34	5.45914e-06
140.36	5.43191e-06
140.38	5.40484e-06
140.4	5.37796e-06
140.42	5.35124e-06
140.44	5.32469e-06
140.46	5.29831e-06
140.48	5.27211e-06
140.5	5.24606e-06
140.52	5.22019e-06
140.54	5.19448e-06
140.56	5.16893e-06
140.58	5.14355e-06
140.6	5.11832e-06
140.62	5.09326e-06
140.64	5.06836e-06
140.66	5.04362e-06
140.68	5.01904e-06
140.7	4.99461e-06
140.72	4.97034e-06
140.74	4.94622e-06
140.76	4.92226e-06
140.78	4.89845e-06
140.8	4.8748e-06
140.82	4.85129e-06
140.84	4.82794e-06
140.86	4.80473e-06
140.88	4.78167e-06
140.9	4.75876e-06
140.92	4.736e-06
140.94	4.71338e-06
140.96	4.69091e-06
140.98	4.66858e-06
141	4.64639e-06
141.02	4.62435e-06
141.04	4.60245e-06
141.06	4.58069e-06
141.08	4.55906e-06
141.1	4.53758e-06
141.12	4.51623e-06
141.14	4.49502e-06
141.16	4.47395e-06
141.18	4.45301e-06
141.2	4.43221e-06
141.22	4.41154e-06
141.24	4.391e-06
141.26	4.3706e-06
141.28	4.35032e-06
141.3	4.33018e-06
141.32	4.31017e-06
141.34	4.29028e-06
141.36	4.27053e-06
141.38	4.2509e-06
141.4	4.2314e-06
141.42	4.21202e-06
141.44	4.19277e-06
141.46	4.17364e-06
141.48	4.15464e-06
141.5	4.13576e-06
141.52	4.117e-06
141.54	4.09836e-06
141.56	4.07985e-06
141.58	4.06145e-06
141.6	4.04318e-06
141.62	4.02502e-06
141.64	4.00698e-06
141.66	3.98906e-06
141.68	3.97125e-06
141.7	3.95356e-06
141.72	3.93599e-06
141.74	3.91852e-06
141.76	3.90118e-06
141.78	3.88395e-06
141.8	3.86682e-06
141.82	3.84982e-06
141.84	3.83292e-06
141.86	3.81613e-06
141.88	3.79946e-06
141.9	3.78289e-06
141.92	3.76643e-06
141.94	3.75008e-06
141.96	3.73384e-06
141.98	3.7177e-06
142	3.70168e-06
142.02	3.68575e-06
142.04	3.66994e-06
142.06	3.65422e-06
142.08	3.63861e-06
142.1	3.62311e-06
142.12	3.60771e-06
142.14	3.59241e-06
142.16	3.57721e-06
142.18	3.56211e-06
142.2	3.54711e-06
142.22	3.53222e-06
142.24	3.51742e-06
142.26	3.50272e-06
142.28	3.48813e-06
142.3	3.47363e-06
142.32	3.45922e-06
142.34	3.44492e-06
142.36	3.43071e-06
142.38	3.41659e-06
142.4	3.40258e-06
142.42	3.38865e-06
142.44	3.37483e-06
142.46	3.36109e-06
142.48	3.34745e-06
142.5	3.33391e-06
142.52	3.32045e-06
142.54	3.30709e-06
142.56	3.29382e-06
142.58	3.28064e-06
142.6	3.26755e-06
142.62	3.25455e-06
142.64	3.24165e-06
142.66	3.22883e-06
142.68	3.2161e-06
142.7	3.20346e-06
142.72	3.19091e-06
142.74	3.17844e-06
142.76	3.16607e-06
142.78	3.15378e-06
142.8	3.14157e-06
142.82	3.12946e-06
142.84	3.11743e-06
142.86	3.10548e-06
142.88	3.09362e-06
142.9	3.08185e-06
142.92	3.07016e-06
142.94	3.05855e-06
142.96	3.04703e-06
142.98	3.03559e-06
143	3.02423e-06
143.02	3.01296e-06
143.04	3.00177e-06
143.06	2.99066e-06
143.08	2.97963e-06
143.1	2.96868e-06
143.12	2.95782e-06
143.14	2.94703e-06
143.16	2.93633e-06
143.18	2.9257e-06
143.2	2.91516e-06
143.22	2.9047e-06
143.24	2.89431e-06
143.26	2.884e-06
143.28	2.87378e-06
143.3	2.86363e-06
143.32	2.85356e-06
143.34	2.84357e-06
143.36	2.83365e-06
143.38	2.82381e-06
143.4	2.81405e-06
143.42	2.80437e-06
143.44	2.79476e-06
143.46	2.78524e-06
143.48	2.77578e-06
143.5	2.76641e-06
143.52	2.75711e-06
143.54	2.74788e-06
143.56	2.73873e-06
143.58	2.72966e-06
143.6	2.72066e-06
143.62	2.71174e-06
143.64	2.70289e-06
143.66	2.69412e-06
143.68	2.68542e-06
143.7	2.6768e-06
143.72	2.66825e-06
143.74	2.65978e-06
143.76	2.65138e-06
143.78	2.64305e-06
143.8	2.6348e-06
143.82	2.62663e-06
143.84	2.61852e-06
143.86	2.61049e-06
143.88	2.60254e-06
143.9	2.59466e-06
143.92	2.58686e-06
143.94	2.57912e-06
143.96	2.57147e-06
143.98	2.56388e-06
144	2.55637e-06
144.02	2.54894e-06
144.04	2.54158e-06
144.06	2.53429e-06
144.08	2.52708e-06
144.1	2.51994e-06
144.12	2.51288e-06
144.14	2.50589e-06
144.16	2.49898e-06
144.18	2.49214e-06
144.2	2.48538e-06
144.22	2.47869e-06
144.24	2.47208e-06
144.26	2.46555e-06
144.28	2.45909e-06
144.3	2.45271e-06
144.32	2.4464e-06
144.34	2.44017e-06
144.36	2.43402e-06
144.38	2.42795e-06
144.4	2.42196e-06
144.42	2.41604e-06
144.44	2.41021e-06
144.46	2.40445e-06
144.48	2.39878e-06
144.5	2.39319e-06
144.52	2.38767e-06
144.54	2.38225e-06
144.56	2.3769e-06
144.58	2.37164e-06
144.6	2.36646e-06
144.62	2.36137e-06
144.64	2.35636e-06
144.66	2.35144e-06
144.68	2.34661e-06
144.7	2.34187e-06
144.72	2.33722e-06
144.74	2.33266e-06
144.76	2.32819e-06
144.78	2.32382e-06
144.8	2.31954e-06
144.82	2.31537e-06
144.84	2.31129e-06
144.86	2.30731e-06
144.88	2.30343e-06
144.9	2.29966e-06
144.92	2.296e-06
144.94	2.29245e-06
144.96	2.289e-06
144.98	2.28568e-06
145	2.28247e-06
145.02	2.27938e-06
145.04	2.27642e-06
145.06	2.27358e-06
145.08	2.27088e-06
145.1	2.26831e-06
145.12	2.26588e-06
145.14	2.2636e-06
145.16	2.26147e-06
145.18	2.2595e-06
145.2	2.2577e-06
145.22	2.25607e-06
145.24	2.25462e-06
145.26	2.25336e-06
145.28	2.2523e-06
145.3	2.25146e-06
145.32	2.25085e-06
145.34	2.25047e-06
145.36	2.25036e-06
145.38	2.25053e-06
145.4	2.25101e-06
145.42	2.25182e-06
145.44	2.25299e-06
145.46	2.25458e-06
145.48	2.25662e-06
145.5	2.25919e-06
145.52	2.26235e-06
145.54	2.26622e-06
145.56	2.27092e-06
145.58	2.27665e-06
145.6	2.28368e-06
145.62	2.29243e-06
145.64	2.30358e-06
145.66	2.31837e-06
145.68	2.33934e-06
145.7	2.37243e-06
145.72	2.43227e-06
145.74	2.54954e-06
145.76	2.77121e-06
145.78	3.13939e-06
145.8	3.71089e-06
145.82	4.60325e-06
145.84	5.96633e-06
145.86	7.95518e-06
145.88	1.07747e-05
145.9	1.47031e-05
145.92	2.0014e-05
145.94	2.68528e-05
145.96	3.51295e-05
145.98	4.44747e-05
146	5.43621e-05
146.02	6.43083e-05
146.04	7.3962e-05
146.06	8.30928e-05
146.08	9.15615e-05
146.1	9.93034e-05
146.12	0.000106317
146.14	0.000112643
146.16	0.000118343
146.18	0.000123485
146.2	0.000128136
146.22	0.000132355
146.24	0.000136197
146.26	0.000139707
146.28	0.000142927
146.3	0.000145891
146.32	0.000148629
146.34	0.000151167
146.36	0.000153527
146.38	0.000155727
146.4	0.000157784
146.42	0.00015971
146.44	0.000161518
146.46	0.000163217
146.48	0.000164816
146.5	0.000166323
146.52	0.000167743
146.54	0.000169083
146.56	0.000170348
146.58	0.000171543
146.6	0.000172671
146.62	0.000173736
146.64	0.000174741
146.66	0.000175691
146.68	0.000176587
146.7	0.000177432
146.72	0.000178229
146.74	0.000178981
146.76	0.000179688
146.78	0.000180353
146.8	0.000180979
146.82	0.000181566
146.84	0.000182116
146.86	0.000182631
146.88	0.000183113
146.9	0.000183562
146.92	0.00018398
146.94	0.000184367
146.96	0.000184726
146.98	0.000185056
147	0.00018536
147.02	0.000185636
147.04	0.000185887
147.06	0.000186114
147.08	0.000186315
147.1	0.000186493
147.12	0.000186648
147.14	0.00018678
147.16	0.00018689
147.18	0.000186978
147.2	0.000187044
147.22	0.00018709
147.24	0.000187114
147.26	0.000187118
147.28	0.000187101
147.3	0.000187065
147.32	0.000187008
147.34	0.000186932
147.36	0.000186837
147.38	0.000186723
147.4	0.000186589
147.42	0.000186437
147.44	0.000186266
147.46	0.000186076
147.48	0.000185868
147.5	0.000185643
147.52	0.000185399
147.54	0.000185137
147.56	0.000184858
147.58	0.000184561
147.6	0.000184248
147.62	0.000183917
147.64	0.000183569
147.66	0.000183205
147.68	0.000182825
147.7	0.000182428
147.72	0.000182016
147.74	0.000181588
147.76	0.000181144
147.78	0.000180685
147.8	0.000180212
147.82	0.000179724
147.84	0.000179221
147.86	0.000178704
147.88	0.000178174
147.9	0.00017763
147.92	0.000177073
147.94	0.000176503
147.96	0.00017592
147.98	0.000175325
148	0.000174719
148.02	0.0001741
148.04	0.00017347
148.06	0.00017283
148.08	0.000172178
148.1	0.000171516
148.12	0.000170845
148.14	0.000170163
148.16	0.000169472
148.18	0.000168773
148.2	0.000168064
148.22	0.000167347
148.24	0.000166622
148.26	0.00016589
148.28	0.000165149
148.3	0.000164402
148.32	0.000163648
148.34	0.000162888
148.36	0.000162121
148.38	0.000161349
148.4	0.000160571
148.42	0.000159788
148.44	0.000159
148.46	0.000158207
148.48	0.00015741
148.5	0.000156609
148.52	0.000155804
148.54	0.000154996
148.56	0.000154184
148.58	0.000153369
148.6	0.000152551
148.62	0.000151731
148.64	0.000150909
148.66	0.000150085
148.68	0.000149259
148.7	0.000148431
148.72	0.000147602
148.74	0.000146772
148.76	0.000145941
148.78	0.000145109
148.8	0.000144277
148.82	0.000143444
148.84	0.000142611
148.86	0.000141779
148.88	0.000140946
148.9	0.000140114
148.92	0.000139283
148.94	0.000138452
148.96	0.000137622
148.98	0.000136794
149	0.000135966
149.02	0.00013514
149.04	0.000134315
149.06	0.000133492
149.08	0.000132671
149.1	0.000131851
149.12	0.000131034
149.14	0.000130218
149.16	0.000129405
149.18	0.000128594
149.2	0.000127786
149.22	0.00012698
149.24	0.000126176
149.26	0.000125376
149.28	0.000124578
149.3	0.000123783
149.32	0.000122991
149.34	0.000122202
149.36	0.000121416
149.38	0.000120633
149.4	0.000119854
149.42	0.000119078
149.44	0.000118305
149.46	0.000117535
149.48	0.000116769
149.5	0.000116007
149.52	0.000115248
149.54	0.000114492
149.56	0.000113741
149.58	0.000112993
149.6	0.000112248
149.62	0.000111508
149.64	0.000110771
149.66	0.000110038
149.68	0.000109309
149.7	0.000108584
149.72	0.000107863
149.74	0.000107146
149.76	0.000106432
149.78	0.000105723
149.8	0.000105017
149.82	0.000104316
149.84	0.000103619
149.86	0.000102925
149.88	0.000102236
149.9	0.00010155
149.92	0.000100869
149.94	0.000100192
149.96	9.95188e-05
149.98	9.88497e-05
150	9.81847e-05
150.02	9.75238e-05
150.04	9.68669e-05
150.06	9.62141e-05
150.08	9.55654e-05
150.1	9.49207e-05
150.12	9.42801e-05
150.14	9.36435e-05
150.16	9.3011e-05
150.18	9.23826e-05
150.2	9.17581e-05
150.22	9.11377e-05
150.24	9.05214e-05
150.26	8.9909e-05
150.28	8.93006e-05
150.3	8.86963e-05
150.32	8.80959e-05
150.34	8.74994e-05
150.36	8.6907e-05
150.38	8.63184e-05
150.4	8.57338e-05
150.42	8.51531e-05
150.44	8.45763e-05
150.46	8.40034e-05
150.48	8.34343e-05
150.5	8.28691e-05
150.52	8.23077e-05
150.54	8.17501e-05
150.56	8.11964e-05
150.58	8.06464e-05
150.6	8.01001e-05
150.62	7.95577e-05
150.64	7.90189e-05
150.66	7.84839e-05
150.68	7.79525e-05
150.7	7.74248e-05
150.72	7.69008e-05
150.74	7.63804e-05
150.76	7.58636e-05
150.78	7.53504e-05
150.8	7.48407e-05
150.82	7.43347e-05
150.84	7.38321e-05
150.86	7.33331e-05
150.88	7.28375e-05
150.9	7.23454e-05
150.92	7.18568e-05
150.94	7.13716e-05
150.96	7.08898e-05
150.98	7.04114e-05
151	6.99364e-05
151.02	6.94647e-05
151.04	6.89963e-05
151.06	6.85312e-05
151.08	6.80694e-05
151.1	6.76109e-05
151.12	6.71556e-05
151.14	6.67035e-05
151.16	6.62546e-05
151.18	6.58089e-05
151.2	6.53664e-05
151.22	6.4927e-05
151.24	6.44907e-05
151.26	6.40575e-05
151.28	6.36273e-05
151.3	6.32002e-05
151.32	6.27762e-05
151.34	6.23551e-05
151.36	6.19371e-05
151.38	6.1522e-05
151.4	6.11098e-05
151.42	6.07006e-05
151.44	6.02943e-05
151.46	5.98909e-05
151.48	5.94903e-05
151.5	5.90926e-05
151.52	5.86977e-05
151.54	5.83056e-05
151.56	5.79163e-05
151.58	5.75298e-05
151.6	5.7146e-05
151.62	5.6765e-05
151.64	5.63866e-05
151.66	5.60109e-05
151.68	5.56379e-05
151.7	5.52676e-05
151.72	5.48999e-05
151.74	5.45348e-05
151.76	5.41723e-05
151.78	5.38123e-05
151.8	5.34549e-05
151.82	5.31001e-05
151.84	5.27478e-05
151.86	5.23979e-05
151.88	5.20506e-05
151.9	5.17057e-05
151.92	5.13633e-05
151.94	5.10232e-05
151.96	5.06856e-05
151.98	5.03504e-05
152	5.00176e-05
152.02	4.96871e-05
152.04	4.9359e-05
152.06	4.90331e-05
152.08	4.87096e-05
152.1	4.83884e-05
152.12	4.80695e-05
152.14	4.77528e-05
152.16	4.74383e-05
152.18	4.7126e-05
152.2	4.6816e-05
152.22	4.65082e-05
152.24	4.62025e-05
152.26	4.5899e-05
152.28	4.55976e-05
152.3	4.52983e-05
152.32	4.50012e-05
152.34	4.47062e-05
152.36	4.44132e-05
152.38	4.41223e-05
152.4	4.38334e-05
152.42	4.35466e-05
152.44	4.32618e-05
152.46	4.2979e-05
152.48	4.26981e-05
152.5	4.24193e-05
152.52	4.21424e-05
152.54	4.18674e-05
152.56	4.15944e-05
152.58	4.13233e-05
152.6	4.10541e-05
152.62	4.07868e-05
152.64	4.05214e-05
152.66	4.02578e-05
152.68	3.9996e-05
152.7	3.97361e-05
152.72	3.9478e-05
152.74	3.92218e-05
152.76	3.89673e-05
152.78	3.87146e-05
152.8	3.84636e-05
152.82	3.82144e-05
152.84	3.79669e-05
152.86	3.77212e-05
152.88	3.74772e-05
152.9	3.72349e-05
152.92	3.69942e-05
152.94	3.67553e-05
152.96	3.6518e-05
152.98	3.62824e-05
153	3.60484e-05
153.02	3.5816e-05
153.04	3.55852e-05
153.06	3.53561e-05
153.08	3.51285e-05
153.1	3.49026e-05
153.12	3.46781e-05
153.14	3.44553e-05
153.16	3.4234e-05
153.18	3.40142e-05
153.2	3.37959e-05
153.22	3.35792e-05
153.24	3.3364e-05
153.26	3.31502e-05
153.28	3.29379e-05
153.3	3.27271e-05
153.32	3.25178e-05
153.34	3.23099e-05
153.36	3.21034e-05
153.38	3.18984e-05
153.4	3.16948e-05
153.42	3.14925e-05
153.44	3.12917e-05
153.46	3.10923e-05
153.48	3.08942e-05
153.5	3.06975e-05
153.52	3.05022e-05
153.54	3.03082e-05
153.56	3.01155e-05
153.58	2.99241e-05
153.6	2.97341e-05
153.62	2.95454e-05
153.64	2.9358e-05
153.66	2.91718e-05
153.68	2.8987e-05
153.7	2.88034e-05
153.72	2.86211e-05
153.74	2.844e-05
153.76	2.82601e-05
153.78	2.80815e-05
153.8	2.79042e-05
153.82	2.7728e-05
153.84	2.7553e-05
153.86	2.73793e-05
153.88	2.72067e-05
153.9	2.70353e-05
153.92	2.68651e-05
153.94	2.6696e-05
153.96	2.65281e-05
153.98	2.63613e-05
154	2.61957e-05
154.02	2.60312e-05
154.04	2.58678e-05
154.06	2.57056e-05
154.08	2.55444e-05
154.1	2.53844e-05
154.12	2.52254e-05
154.14	2.50675e-05
154.16	2.49107e-05
154.18	2.4755e-05
154.2	2.46003e-05
154.22	2.44467e-05
154.24	2.42941e-05
154.26	2.41425e-05
154.28	2.3992e-05
154.3	2.38425e-05
154.32	2.3694e-05
154.34	2.35465e-05
154.36	2.34001e-05
154.38	2.32546e-05
154.4	2.31101e-05
154.42	2.29666e-05
154.44	2.2824e-05
154.46	2.26824e-05
154.48	2.25418e-05
154.5	2.24021e-05
154.52	2.22634e-05
154.54	2.21256e-05
154.56	2.19888e-05
154.58	2.18528e-05
154.6	2.17178e-05
154.62	2.15837e-05
154.64	2.14505e-05
154.66	2.13182e-05
154.68	2.11868e-05
154.7	2.10563e-05
154.72	2.09266e-05
154.74	2.07978e-05
154.76	2.06699e-05
154.78	2.05429e-05
154.8	2.04167e-05
154.82	2.02914e-05
154.84	2.01669e-05
154.86	2.00432e-05
154.88	1.99204e-05
154.9	1.97984e-05
154.92	1.96772e-05
154.94	1.95568e-05
154.96	1.94373e-05
154.98	1.93185e-05
155	1.92006e-05
155.02	1.90834e-05
155.04	1.8967e-05
155.06	1.88514e-05
155.08	1.87366e-05
155.1	1.86225e-05
155.12	1.85092e-05
155.14	1.83967e-05
155.16	1.82849e-05
155.18	1.81738e-05
155.2	1.80636e-05
155.22	1.7954e-05
155.24	1.78452e-05
155.26	1.77371e-05
155.28	1.76297e-05
155.3	1.7523e-05
155.32	1.74171e-05
155.34	1.73118e-05
155.36	1.72073e-05
155.38	1.71035e-05
155.4	1.70003e-05
155.42	1.68978e-05
155.44	1.67961e-05
155.46	1.6695e-05
155.48	1.65945e-05
155.5	1.64948e-05
155.52	1.63957e-05
155.54	1.62972e-05
155.56	1.61995e-05
155.58	1.61023e-05
155.6	1.60058e-05
155.62	1.591e-05
155.64	1.58148e-05
155.66	1.57202e-05
155.68	1.56263e-05
155.7	1.55329e-05
155.72	1.54402e-05
155.74	1.53481e-05
155.76	1.52567e-05
155.78	1.51658e-05
155.8	1.50755e-05
155.82	1.49858e-05
155.84	1.48968e-05
155.86	1.48083e-05
155.88	1.47204e-05
155.9	1.4633e-05
155.92	1.45463e-05
155.94	1.44601e-05
155.96	1.43745e-05
155.98	1.42895e-05
156	1.4205e-05
156.02	1.41211e-05
156.04	1.40377e-05
156.06	1.39549e-05
156.08	1.38727e-05
156.1	1.37909e-05
156.12	1.37098e-05
156.14	1.36291e-05
156.16	1.3549e-05
156.18	1.34694e-05
156.2	1.33903e-05
156.22	1.33118e-05
156.24	1.32338e-05
156.26	1.31563e-05
156.28	1.30793e-05
156.3	1.30028e-05
156.32	1.29268e-05
156.34	1.28513e-05
156.36	1.27763e-05
156.38	1.27018e-05
156.4	1.26278e-05
156.42	1.25542e-05
156.44	1.24812e-05
156.46	1.24086e-05
156.48	1.23365e-05
156.5	1.22649e-05
156.52	1.21938e-05
156.54	1.21231e-05
156.56	1.20529e-05
156.58	1.19831e-05
156.6	1.19138e-05
156.62	1.1845e-05
156.64	1.17766e-05
156.66	1.17086e-05
156.68	1.16411e-05
156.7	1.1574e-05
156.72	1.15074e-05
156.74	1.14412e-05
156.76	1.13755e-05
156.78	1.13101e-05
156.8	1.12452e-05
156.82	1.11808e-05
156.84	1.11167e-05
156.86	1.10531e-05
156.88	1.09898e-05
156.9	1.0927e-05
156.92	1.08646e-05
156.94	1.08026e-05
156.96	1.0741e-05
156.98	1.06798e-05
157	1.0619e-05
157.02	1.05587e-05
157.04	1.04987e-05
157.06	1.0439e-05
157.08	1.03798e-05
157.1	1.0321e-05
157.12	1.02625e-05
157.14	1.02044e-05
157.16	1.01467e-05
157.18	1.00894e-05
157.2	1.00325e-05
157.22	9.97588e-06
157.24	9.91967e-06
157.26	9.86382e-06
157.28	9.80833e-06
157.3	9.7532e-06
157.32	9.69843e-06
157.34	9.64402e-06
157.36	9.58995e-06
157.38	9.53624e-06
157.4	9.48288e-06
157.42	9.42986e-06
157.44	9.37719e-06
157.46	9.32485e-06
157.48	9.27286e-06
157.5	9.2212e-06
157.52	9.16987e-06
157.54	9.11888e-06
157.56	9.06822e-06
157.58	9.01788e-06
157.6	8.96787e-06
157.62	8.91818e-06
157.64	8.86882e-06
157.66	8.81977e-06
157.68	8.77104e-06
157.7	8.72262e-06
157.72	8.67452e-06
157.74	8.62673e-06
157.76	8.57924e-06
157.78	8.53206e-06
157.8	8.48519e-06
157.82	8.43862e-06
157.84	8.39235e-06
157.86	8.34637e-06
157.88	8.3007e-06
157.9	8.25531e-06
157.92	8.21022e-06
157.94	8.16542e-06
157.96	8.12091e-06
157.98	8.07668e-06
158	8.03274e-06
158.02	7.98909e-06
158.04	7.94571e-06
158.06	7.90261e-06
158.08	7.85979e-06
158.1	7.81724e-06
158.12	7.77497e-06
158.14	7.73297e-06
158.16	7.69123e-06
158.18	7.64977e-06
158.2	7.60857e-06
158.22	7.56764e-06
158.24	7.52697e-06
158.26	7.48656e-06
158.28	7.44641e-06
158.3	7.40651e-06
158.32	7.36688e-06
158.34	7.32749e-06
158.36	7.28836e-06
158.38	7.24948e-06
158.4	7.21085e-06
158.42	7.17247e-06
158.44	7.13433e-06
158.46	7.09644e-06
158.48	7.05879e-06
158.5	7.02138e-06
158.52	6.98421e-06
158.54	6.94727e-06
158.56	6.91058e-06
158.58	6.87411e-06
158.6	6.83789e-06
158.62	6.80189e-06
158.64	6.76612e-06
158.66	6.73058e-06
158.68	6.69527e-06
158.7	6.66019e-06
158.72	6.62533e-06
158.74	6.59069e-06
158.76	6.55627e-06
158.78	6.52207e-06
158.8	6.48809e-06
158.82	6.45433e-06
158.84	6.42079e-06
158.86	6.38745e-06
158.88	6.35433e-06
158.9	6.32143e-06
158.92	6.28873e-06
158.94	6.25624e-06
158.96	6.22396e-06
158.98	6.19188e-06
159	6.16001e-06
159.02	6.12834e-06
159.04	6.09687e-06
159.06	6.06561e-06
159.08	6.03454e-06
159.1	6.00368e-06
159.12	5.973e-06
159.14	5.94253e-06
159.16	5.91225e-06
159.18	5.88216e-06
159.2	5.85226e-06
159.22	5.82256e-06
159.24	5.79304e-06
159.26	5.76371e-06
159.28	5.73457e-06
159.3	5.70561e-06
159.32	5.67684e-06
159.34	5.64825e-06
159.36	5.61985e-06
159.38	5.59162e-06
159.4	5.56358e-06
159.42	5.53571e-06
159.44	5.50802e-06
159.46	5.48051e-06
159.48	5.45318e-06
159.5	5.42601e-06
159.52	5.39902e-06
159.54	5.37221e-06
159.56	5.34556e-06
159.58	5.31908e-06
159.6	5.29278e-06
159.62	5.26664e-06
159.64	5.24066e-06
159.66	5.21486e-06
159.68	5.18921e-06
159.7	5.16373e-06
159.72	5.13842e-06
159.74	5.11326e-06
159.76	5.08827e-06
159.78	5.06343e-06
159.8	5.03875e-06
159.82	5.01423e-06
159.84	4.98987e-06
159.86	4.96566e-06
159.88	4.94161e-06
159.9	4.91771e-06
159.92	4.89396e-06
159.94	4.87037e-06
159.96	4.84692e-06
159.98	4.82363e-06
160	4.80048e-06
160.02	4.77749e-06
160.04	4.75463e-06
160.06	4.73193e-06
160.08	4.70937e-06
160.1	4.68695e-06
160.12	4.66468e-06
160.14	4.64255e-06
160.16	4.62057e-06
160.18	4.59872e-06
160.2	4.57701e-06
160.22	4.55545e-06
160.24	4.53402e-06
160.26	4.51272e-06
160.28	4.49157e-06
160.3	4.47055e-06
160.32	4.44967e-06
160.34	4.42891e-06
160.36	4.4083e-06
160.38	4.38781e-06
160.4	4.36746e-06
160.42	4.34724e-06
160.44	4.32715e-06
160.46	4.30718e-06
160.48	4.28735e-06
160.5	4.26764e-06
160.52	4.24806e-06
160.54	4.22861e-06
160.56	4.20928e-06
160.58	4.19008e-06
160.6	4.171e-06
160.62	4.15205e-06
160.64	4.13321e-06
160.66	4.1145e-06
160.68	4.09591e-06
160.7	4.07744e-06
160.72	4.05909e-06
160.74	4.04086e-06
160.76	4.02275e-06
160.78	4.00476e-06
160.8	3.98688e-06
160.82	3.96912e-06
160.84	3.95147e-06
160.86	3.93394e-06
160.88	3.91652e-06
160.9	3.89922e-06
160.92	3.88203e-06
160.94	3.86495e-06
160.96	3.84799e-06
160.98	3.83113e-06
161	3.81439e-06
161.02	3.79775e-06
161.04	3.78123e-06
161.06	3.76481e-06
161.08	3.7485e-06
161.1	3.7323e-06
161.12	3.71621e-06
161.14	3.70022e-06
161.16	3.68433e-06
161.18	3.66856e-06
161.2	3.65288e-06
161.22	3.63731e-06
161.24	3.62185e-06
161.26	3.60648e-06
161.28	3.59122e-06
161.3	3.57606e-06
161.32	3.561e-06
161.34	3.54604e-06
161.36	3.53118e-06
161.38	3.51642e-06
161.4	3.50176e-06
161.42	3.4872e-06
161.44	3.47274e-06
161.46	3.45837e-06
161.48	3.4441e-06
161.5	3.42993e-06
161.52	3.41585e-06
161.54	3.40187e-06
161.56	3.38798e-06
161.58	3.37419e-06
161.6	3.36049e-06
161.62	3.34688e-06
161.64	3.33337e-06
161.66	3.31995e-06
161.68	3.30662e-06
161.7	3.29338e-06
161.72	3.28024e-06
161.74	3.26718e-06
161.76	3.25422e-06
161.78	3.24134e-06
161.8	3.22856e-06
161.82	3.21586e-06
161.84	3.20325e-06
161.86	3.19074e-06
161.88	3.1783e-06
161.9	3.16596e-06
161.92	3.1537e-06
161.94	3.14153e-06
161.96	3.12945e-06
161.98	3.11745e-06
162	3.10553e-06
162.02	3.0937e-06
162.04	3.08196e-06
162.06	3.0703e-06
162.08	3.05872e-06
162.1	3.04723e-06
162.12	3.03582e-06
162.14	3.0245e-06
162.16	3.01325e-06
162.18	3.00209e-06
162.2	2.99101e-06
162.22	2.98001e-06
162.24	2.9691e-06
162.26	2.95826e-06
162.28	2.94751e-06
162.3	2.93683e-06
162.32	2.92624e-06
162.34	2.91572e-06
162.36	2.90529e-06
162.38	2.89493e-06
162.4	2.88465e-06
162.42	2.87445e-06
162.44	2.86433e-06
162.46	2.85429e-06
162.48	2.84433e-06
162.5	2.83444e-06
162.52	2.82463e-06
162.54	2.8149e-06
162.56	2.80525e-06
162.58	2.79567e-06
162.6	2.78617e-06
162.62	2.77674e-06
162.64	2.76739e-06
162.66	2.75812e-06
162.68	2.74892e-06
162.7	2.7398e-06
162.72	2.73076e-06
162.74	2.72179e-06
162.76	2.71289e-06
162.78	2.70407e-06
162.8	2.69533e-06
162.82	2.68666e-06
162.84	2.67806e-06
162.86	2.66954e-06
162.88	2.6611e-06
162.9	2.65273e-06
162.92	2.64443e-06
162.94	2.63621e-06
162.96	2.62806e-06
162.98	2.61998e-06
163	2.61198e-06
163.02	2.60406e-06
163.04	2.5962e-06
163.06	2.58843e-06
163.08	2.58072e-06
163.1	2.57309e-06
163.12	2.56554e-06
163.14	2.55806e-06
163.16	2.55065e-06
163.18	2.54332e-06
163.2	2.53606e-06
163.22	2.52888e-06
163.24	2.52177e-06
163.26	2.51473e-06
163.28	2.50778e-06
163.3	2.50089e-06
163.32	2.49408e-06
163.34	2.48735e-06
163.36	2.48069e-06
163.38	2.47411e-06
163.4	2.46761e-06
163.42	2.46118e-06
163.44	2.45483e-06
163.46	2.44855e-06
163.48	2.44235e-06
163.5	2.43624e-06
163.52	2.43019e-06
163.54	2.42423e-06
163.56	2.41835e-06
163.58	2.41255e-06
163.6	2.40682e-06
163.62	2.40118e-06
163.64	2.39562e-06
163.66	2.39014e-06
163.68	2.38475e-06
163.7	2.37943e-06
163.72	2.37421e-06
163.74	2.36906e-06
163.76	2.364e-06
163.78	2.35903e-06
163.8	2.35415e-06
163.82	2.34936e-06
163.84	2.34465e-06
163.86	2.34004e-06
163.88	2.33552e-06
163.9	2.33109e-06
163.92	2.32676e-06
163.94	2.32253e-06
163.96	2.31839e-06
163.98	2.31435e-06
164	2.31042e-06
164.02	2.30659e-06
164.04	2.30286e-06
164.06	2.29924e-06
164.08	2.29574e-06
164.1	2.29234e-06
164.12	2.28907e-06
164.14	2.28591e-06
164.16	2.28288e-06
164.18	2.27997e-06
164.2	2.27719e-06
164.22	2.27454e-06
164.24	2.27203e-06
164.26	2.26967e-06
164.28	2.26746e-06
164.3	2.2654e-06
164.32	2.2635e-06
164.34	2.26177e-06
164.36	2.26022e-06
164.38	2.25885e-06
164.4	2.25768e-06
164.42	2.25671e-06
164.44	2.25597e-06
164.46	2.25546e-06
164.48	2.2552e-06
164.5	2.25521e-06
164.52	2.25551e-06
164.54	2.25613e-06
164.56	2.25709e-06
164.58	2.25844e-06
164.6	2.26022e-06
164.62	2.26248e-06
164.64	2.26529e-06
164.66	2.26874e-06
164.68	2.27294e-06
164.7	2.27806e-06
164.72	2.2843e-06
164.74	2.29199e-06
164.76	2.30163e-06
164.78	2.3141e-06
164.8	2.33101e-06
164.82	2.35591e-06
164.84	2.39742e-06
164.86	2.4757e-06
164.88	2.63074e-06
164.9	2.90875e-06
164.92	3.35062e-06
164.94	4.03707e-06
164.96	5.10455e-06
164.98	6.70458e-06
165	9.00478e-06
165.02	1.22425e-05
165.04	1.67082e-05
165.06	2.26377e-05
165.08	3.00925e-05
165.1	3.88665e-05
165.12	4.85026e-05
165.14	5.84712e-05
165.16	6.83393e-05
165.18	7.78083e-05
165.2	8.66877e-05
165.22	9.48698e-05
165.24	0.000102317
165.26	0.000109049
165.28	0.000115115
165.3	0.000120583
165.32	0.00012552
165.34	0.000129991
165.36	0.000134052
165.38	0.000137755
165.4	0.000141144
165.42	0.000144257
165.44	0.000147127
165.46	0.000149783
165.48	0.000152247
165.5	0.000154541
165.52	0.000156682
165.54	0.000158685
165.56	0.000160563
165.58	0.000162326
165.6	0.000163985
165.62	0.000165546
165.64	0.000167018
165.66	0.000168406
165.68	0.000169716
165.7	0.000170952
165.72	0.00017212
165.74	0.000173223
165.76	0.000174264
165.78	0.000175247
165.8	0.000176176
165.82	0.000177052
165.84	0.000177878
165.86	0.000178657
165.88	0.000179391
165.9	0.000180082
165.92	0.000180732
165.94	0.000181342
165.96	0.000181915
165.98	0.000182452
166	0.000182954
166.02	0.000183423
166.04	0.00018386
166.06	0.000184266
166.08	0.000184643
166.1	0.00018499
166.12	0.00018531
166.14	0.000185604
166.16	0.000185871
166.18	0.000186112
166.2	0.000186329
166.22	0.000186522
166.24	0.000186691
166.26	0.000186838
166.28	0.000186961
166.3	0.000187063
166.32	0.000187143
166.34	0.000187201
166.36	0.000187239
166.38	0.000187255
166.4	0.000187251
166.42	0.000187227
166.44	0.000187183
166.46	0.00018712
166.48	0.000187037
166.5	0.000186934
166.52	0.000186812
166.54	0.000186672
166.56	0.000186512
166.58	0.000186334
166.6	0.000186138
166.62	0.000185924
166.64	0.000185691
166.66	0.00018544
166.68	0.000185172
166.7	0.000184886
166.72	0.000184583
166.74	0.000184263
166.76	0.000183926
166.78	0.000183572
166.8	0.000183202
166.82	0.000182815
166.84	0.000182412
166.86	0.000181994
166.88	0.00018156
166.9	0.00018111
166.92	0.000180646
166.94	0.000180167
166.96	0.000179673
166.98	0.000179165
167	0.000178643
167.02	0.000178107
167.04	0.000177558
167.06	0.000176996
167.08	0.000176421
167.1	0.000175833
167.12	0.000175234
167.14	0.000174622
167.16	0.000173999
167.18	0.000173365
167.2	0.00017272
167.22	0.000172064
167.24	0.000171398
167.26	0.000170723
167.28	0.000170037
167.3	0.000169343
167.32	0.000168639
167.34	0.000167927
167.36	0.000167207
167.38	0.000166479
167.4	0.000165743
167.42	0.000165
167.44	0.00016425
167.46	0.000163493
167.48	0.00016273
167.5	0.000161961
167.52	0.000161186
167.54	0.000160406
167.56	0.000159621
167.58	0.000158831
167.6	0.000158036
167.62	0.000157237
167.64	0.000156434
167.66	0.000155627
167.68	0.000154817
167.7	0.000154004
167.72	0.000153187
167.74	0.000152369
167.76	0.000151547
167.78	0.000150724
167.8	0.000149898
167.82	0.000149071
167.84	0.000148243
167.86	0.000147413
167.88	0.000146582
167.9	0.00014575
167.92	0.000144918
167.94	0.000144085
167.96	0.000143252
167.98	0.000142419
168	0.000141586
168.02	0.000140753
168.04	0.000139921
168.06	0.000139089
168.08	0.000138258
168.1	0.000137429
168.12	0.0001366
168.14	0.000135772
168.16	0.000134946
168.18	0.000134122
168.2	0.000133299
168.22	0.000132478
168.24	0.000131659
168.26	0.000130841
168.28	0.000130026
168.3	0.000129214
168.32	0.000128403
168.34	0.000127595
168.36	0.00012679
168.38	0.000125987
168.4	0.000125187
168.42	0.00012439
168.44	0.000123595
168.46	0.000122804
168.48	0.000122016
168.5	0.000121231
168.52	0.000120449
168.54	0.00011967
168.56	0.000118895
168.58	0.000118123
168.6	0.000117354
168.62	0.000116589
168.64	0.000115827
168.66	0.000115069
168.68	0.000114315
168.7	0.000113564
168.72	0.000112817
168.74	0.000112074
168.76	0.000111334
168.78	0.000110598
168.8	0.000109867
168.82	0.000109139
168.84	0.000108414
168.86	0.000107694
168.88	0.000106978
168.9	0.000106266
168.92	0.000105557
168.94	0.000104853
168.96	0.000104153
168.98	0.000103456
169	0.000102764
169.02	0.000102076
169.04	0.000101391
169.06	0.000100711
169.08	0.000100035
169.1	9.93631e-05
169.12	9.86952e-05
169.14	9.80313e-05
169.16	9.73714e-05
169.18	9.67157e-05
169.2	9.6064e-05
169.22	9.54163e-05
169.24	9.47728e-05
169.26	9.41333e-05
169.28	9.34978e-05
169.3	9.28664e-05
169.32	9.22391e-05
169.34	9.16158e-05
169.36	9.09965e-05
169.38	9.03812e-05
169.4	8.97699e-05
169.42	8.91626e-05
169.44	8.85594e-05
169.46	8.796e-05
169.48	8.73647e-05
169.5	8.67733e-05
169.52	8.61858e-05
169.54	8.56023e-05
169.56	8.50226e-05
169.58	8.44469e-05
169.6	8.3875e-05
169.62	8.3307e-05
169.64	8.27429e-05
169.66	8.21825e-05
169.68	8.1626e-05
169.7	8.10732e-05
169.72	8.05243e-05
169.74	7.99791e-05
169.76	7.94376e-05
169.78	7.88999e-05
169.8	7.83658e-05
169.82	7.78355e-05
169.84	7.73088e-05
169.86	7.67857e-05
169.88	7.62663e-05
169.9	7.57505e-05
169.92	7.52383e-05
169.94	7.47296e-05
169.96	7.42245e-05
169.98	7.37229e-05
170	7.32248e-05
170.02	7.27302e-05
170.04	7.2239e-05
170.06	7.17513e-05
170.08	7.1267e-05
170.1	7.07862e-05
170.12	7.03087e-05
170.14	6.98345e-05
170.16	6.93637e-05
170.18	6.88962e-05
170.2	6.8432e-05
170.22	6.79711e-05
170.24	6.75134e-05
170.26	6.7059e-05
170.28	6.66078e-05
170.3	6.61598e-05
170.32	6.57149e-05
170.34	6.52732e-05
170.36	6.48346e-05
170.38	6.43991e-05
170.4	6.39667e-05
170.42	6.35374e-05
170.44	6.31111e-05
170.46	6.26879e-05
170.48	6.22676e-05
170.5	6.18503e-05
170.52	6.1436e-05
170.54	6.10247e-05
170.56	6.06162e-05
170.58	6.02107e-05
170.6	5.9808e-05
170.62	5.94082e-05
170.64	5.90112e-05
170.66	5.86171e-05
170.68	5.82257e-05
170.7	5.78371e-05
170.72	5.74513e-05
170.74	5.70683e-05
170.76	5.66879e-05
170.78	5.63103e-05
170.8	5.59353e-05
170.82	5.5563e-05
170.84	5.51933e-05
170.86	5.48263e-05
170.88	5.44618e-05
170.9	5.41e-05
170.92	5.37407e-05
170.94	5.3384e-05
170.96	5.30298e-05
170.98	5.26781e-05
171	5.23289e-05
171.02	5.19822e-05
171.04	5.16379e-05
171.06	5.12961e-05
171.08	5.09567e-05
171.1	5.06197e-05
171.12	5.02851e-05
171.14	4.99529e-05
171.16	4.9623e-05
171.18	4.92955e-05
171.2	4.89702e-05
171.22	4.86473e-05
171.24	4.83266e-05
171.26	4.80083e-05
171.28	4.76921e-05
171.3	4.73782e-05
171.32	4.70665e-05
171.34	4.67571e-05
171.36	4.64498e-05
171.38	4.61446e-05
171.4	4.58417e-05
171.42	4.55408e-05
171.44	4.52421e-05
171.46	4.49455e-05
171.48	4.46509e-05
171.5	4.43585e-05
171.52	4.40681e-05
171.54	4.37797e-05
171.56	4.34934e-05
171.58	4.32091e-05
171.6	4.29268e-05
171.62	4.26464e-05
171.64	4.23681e-05
171.66	4.20916e-05
171.68	4.18172e-05
171.7	4.15446e-05
171.72	4.1274e-05
171.74	4.10052e-05
171.76	4.07384e-05
171.78	4.04734e-05
171.8	4.02103e-05
171.82	3.9949e-05
171.84	3.96895e-05
171.86	3.94319e-05
171.88	3.9176e-05
171.9	3.8922e-05
171.92	3.86697e-05
171.94	3.84191e-05
171.96	3.81704e-05
171.98	3.79233e-05
172	3.7678e-05
172.02	3.74344e-05
172.04	3.71925e-05
172.06	3.69523e-05
172.08	3.67137e-05
172.1	3.64768e-05
172.12	3.62416e-05
172.14	3.6008e-05
172.16	3.5776e-05
172.18	3.55456e-05
172.2	3.53168e-05
172.22	3.50896e-05
172.24	3.4864e-05
172.26	3.464e-05
172.28	3.44175e-05
172.3	3.41965e-05
172.32	3.39771e-05
172.34	3.37592e-05
172.36	3.35428e-05
172.38	3.33279e-05
172.4	3.31145e-05
172.42	3.29026e-05
172.44	3.26921e-05
172.46	3.24831e-05
172.48	3.22756e-05
172.5	3.20694e-05
172.52	3.18647e-05
172.54	3.16614e-05
172.56	3.14595e-05
172.58	3.1259e-05
172.6	3.10599e-05
172.62	3.08621e-05
172.64	3.06658e-05
172.66	3.04707e-05
172.68	3.0277e-05
172.7	3.00847e-05
172.72	2.98936e-05
172.74	2.97039e-05
172.76	2.95155e-05
172.78	2.93283e-05
172.8	2.91425e-05
172.82	2.89579e-05
172.84	2.87746e-05
172.86	2.85926e-05
172.88	2.84118e-05
172.9	2.82322e-05
172.92	2.80539e-05
172.94	2.78768e-05
172.96	2.77009e-05
172.98	2.75262e-05
173	2.73527e-05
173.02	2.71804e-05
173.04	2.70092e-05
173.06	2.68393e-05
173.08	2.66705e-05
173.1	2.65028e-05
173.12	2.63363e-05
173.14	2.61709e-05
173.16	2.60067e-05
173.18	2.58435e-05
173.2	2.56815e-05
173.22	2.55206e-05
173.24	2.53608e-05
173.26	2.52021e-05
173.28	2.50444e-05
173.3	2.48878e-05
173.32	2.47323e-05
173.34	2.45779e-05
173.36	2.44245e-05
173.38	2.42721e-05
173.4	2.41208e-05
173.42	2.39705e-05
173.44	2.38212e-05
173.46	2.36729e-05
173.48	2.35257e-05
173.5	2.33794e-05
173.52	2.32341e-05
173.54	2.30899e-05
173.56	2.29465e-05
173.58	2.28042e-05
173.6	2.26628e-05
173.62	2.25224e-05
173.64	2.23829e-05
173.66	2.22444e-05
173.68	2.21068e-05
173.7	2.19701e-05
173.72	2.18344e-05
173.74	2.16996e-05
173.76	2.15656e-05
173.78	2.14326e-05
173.8	2.13005e-05
173.82	2.11693e-05
173.84	2.1039e-05
173.86	2.09095e-05
173.88	2.07809e-05
173.9	2.06532e-05
173.92	2.05263e-05
173.94	2.04003e-05
173.96	2.02751e-05
173.98	2.01508e-05
174	2.00273e-05
174.02	1.99047e-05
174.04	1.97828e-05
174.06	1.96618e-05
174.08	1.95416e-05
174.1	1.94222e-05
174.12	1.93036e-05
174.14	1.91858e-05
174.16	1.90688e-05
174.18	1.89526e-05
174.2	1.88371e-05
174.22	1.87225e-05
174.24	1.86086e-05
174.26	1.84954e-05
174.28	1.8383e-05
174.3	1.82714e-05
174.32	1.81605e-05
174.34	1.80503e-05
174.36	1.79409e-05
174.38	1.78323e-05
174.4	1.77243e-05
174.42	1.76171e-05
174.44	1.75105e-05
174.46	1.74047e-05
174.48	1.72996e-05
174.5	1.71952e-05
174.52	1.70915e-05
174.54	1.69885e-05
174.56	1.68862e-05
174.58	1.67845e-05
174.6	1.66836e-05
174.62	1.65833e-05
174.64	1.64836e-05
174.66	1.63847e-05
174.68	1.62863e-05
174.7	1.61887e-05
174.72	1.60917e-05
174.74	1.59953e-05
174.76	1.58996e-05
174.78	1.58045e-05
174.8	1.571e-05
174.82	1.56162e-05
174.84	1.5523e-05
174.86	1.54304e-05
174.88	1.53384e-05
174.9	1.52471e-05
174.92	1.51563e-05
174.94	1.50662e-05
174.96	1.49766e-05
174.98	1.48876e-05
175	1.47992e-05
175.02	1.47115e-05
175.04	1.46242e-05
175.06	1.45376e-05
175.08	1.44515e-05
175.1	1.4366e-05
175.12	1.42811e-05
175.14	1.41967e-05
175.16	1.41129e-05
175.18	1.40297e-05
175.2	1.39469e-05
175.22	1.38648e-05
175.24	1.37832e-05
175.26	1.37021e-05
175.28	1.36215e-05
175.3	1.35415e-05
175.32	1.3462e-05
175.34	1.3383e-05
175.36	1.33046e-05
175.38	1.32267e-05
175.4	1.31492e-05
175.42	1.30723e-05
175.44	1.29959e-05
175.46	1.292e-05
175.48	1.28446e-05
175.5	1.27697e-05
175.52	1.26953e-05
175.54	1.26213e-05
175.56	1.25479e-05
175.58	1.24749e-05
175.6	1.24025e-05
175.62	1.23305e-05
175.64	1.22589e-05
175.66	1.21878e-05
175.68	1.21172e-05
175.7	1.20471e-05
175.72	1.19774e-05
175.74	1.19082e-05
175.76	1.18394e-05
175.78	1.17711e-05
175.8	1.17032e-05
175.82	1.16358e-05
175.84	1.15688e-05
175.86	1.15023e-05
175.88	1.14361e-05
175.9	1.13705e-05
175.92	1.13052e-05
175.94	1.12404e-05
175.96	1.1176e-05
175.98	1.1112e-05
176	1.10484e-05
176.02	1.09853e-05
176.04	1.09225e-05
176.06	1.08602e-05
176.08	1.07982e-05
176.1	1.07367e-05
176.12	1.06756e-05
176.14	1.06149e-05
176.16	1.05545e-05
176.18	1.04946e-05
176.2	1.04351e-05
176.22	1.03759e-05
176.24	1.03171e-05
176.26	1.02587e-05
176.28	1.02007e-05
176.3	1.01431e-05
176.32	1.00858e-05
176.34	1.00289e-05
176.36	9.97239e-06
176.38	9.91623e-06
176.4	9.86044e-06
176.42	9.80501e-06
176.44	9.74994e-06
176.46	9.69522e-06
176.48	9.64086e-06
176.5	9.58685e-06
176.52	9.5332e-06
176.54	9.47989e-06
176.56	9.42692e-06
176.58	9.3743e-06
176.6	9.32202e-06
176.62	9.27008e-06
176.64	9.21847e-06
176.66	9.16719e-06
176.68	9.11625e-06
176.7	9.06564e-06
176.72	9.01535e-06
176.74	8.96539e-06
176.76	8.91575e-06
176.78	8.86644e-06
176.8	8.81744e-06
176.82	8.76875e-06
176.84	8.72039e-06
176.86	8.67233e-06
176.88	8.62458e-06
176.9	8.57714e-06
176.92	8.53001e-06
176.94	8.48318e-06
176.96	8.43665e-06
176.98	8.39042e-06
177	8.34449e-06
177.02	8.29886e-06
177.04	8.25352e-06
177.06	8.20847e-06
177.08	8.16371e-06
177.1	8.11924e-06
177.12	8.07505e-06
177.14	8.03115e-06
177.16	7.98753e-06
177.18	7.9442e-06
177.2	7.90114e-06
177.22	7.85835e-06
177.24	7.81585e-06
177.26	7.77361e-06
177.28	7.73165e-06
177.3	7.68995e-06
177.32	7.64853e-06
177.34	7.60736e-06
177.36	7.56647e-06
177.38	7.52583e-06
177.4	7.48546e-06
177.42	7.44534e-06
177.44	7.40549e-06
177.46	7.36588e-06
177.48	7.32653e-06
177.5	7.28744e-06
177.52	7.24859e-06
177.54	7.20999e-06
177.56	7.17164e-06
177.58	7.13354e-06
177.6	7.09568e-06
177.62	7.05806e-06
177.64	7.02068e-06
177.66	6.98354e-06
177.68	6.94664e-06
177.7	6.90997e-06
177.72	6.87354e-06
177.74	6.83734e-06
177.76	6.80137e-06
177.78	6.76564e-06
177.8	6.73013e-06
177.82	6.69485e-06
177.84	6.65979e-06
177.86	6.62496e-06
177.88	6.59035e-06
177.9	6.55596e-06
177.92	6.52179e-06
177.94	6.48784e-06
177.96	6.4541e-06
177.98	6.42058e-06
178	6.38728e-06
178.02	6.35418e-06
178.04	6.3213e-06
178.06	6.28863e-06
178.08	6.25616e-06
178.1	6.22391e-06
178.12	6.19186e-06
178.14	6.16001e-06
178.16	6.12837e-06
178.18	6.09692e-06
178.2	6.06568e-06
178.22	6.03464e-06
178.24	6.0038e-06
178.26	5.97315e-06
178.28	5.94269e-06
178.3	5.91244e-06
178.32	5.88237e-06
178.34	5.8525e-06
178.36	5.82281e-06
178.38	5.79332e-06
178.4	5.76401e-06
178.42	5.73489e-06
178.44	5.70596e-06
178.46	5.67721e-06
178.48	5.64864e-06
178.5	5.62025e-06
178.52	5.59205e-06
178.54	5.56402e-06
178.56	5.53618e-06
178.58	5.50851e-06
178.6	5.48102e-06
178.62	5.4537e-06
178.64	5.42656e-06
178.66	5.39959e-06
178.68	5.37279e-06
178.7	5.34616e-06
178.72	5.3197e-06
178.74	5.29341e-06
178.76	5.26729e-06
178.78	5.24133e-06
178.8	5.21554e-06
178.82	5.18992e-06
178.84	5.16446e-06
178.86	5.13915e-06
178.88	5.11402e-06
178.9	5.08904e-06
178.92	5.06422e-06
178.94	5.03956e-06
178.96	5.01505e-06
178.98	4.99071e-06
179	4.96651e-06
179.02	4.94248e-06
179.04	4.91859e-06
179.06	4.89486e-06
179.08	4.87128e-06
179.1	4.84785e-06
179.12	4.82457e-06
179.14	4.80144e-06
179.16	4.77846e-06
179.18	4.75562e-06
179.2	4.73293e-06
179.22	4.71038e-06
179.24	4.68798e-06
179.26	4.66572e-06
179.28	4.64361e-06
179.3	4.62163e-06
179.32	4.5998e-06
179.34	4.57811e-06
179.36	4.55655e-06
179.38	4.53514e-06
179.4	4.51386e-06
179.42	4.49271e-06
179.44	4.47171e-06
179.46	4.45083e-06
179.48	4.43009e-06
179.5	4.40949e-06
179.52	4.38902e-06
179.54	4.36867e-06
179.56	4.34846e-06
179.58	4.32838e-06
179.6	4.30843e-06
179.62	4.28861e-06
179.64	4.26891e-06
179.66	4.24934e-06
179.68	4.2299e-06
179.7	4.21059e-06
179.72	4.19139e-06
179.74	4.17233e-06
179.76	4.15338e-06
179.78	4.13456e-06
179.8	4.11586e-06
179.82	4.09728e-06
179.84	4.07882e-06
179.86	4.06048e-06
179.88	4.04226e-06
179.9	4.02415e-06
179.92	4.00617e-06
179.94	3.9883e-06
179.96	3.97055e-06
179.98	3.95291e-06
180	3.93539e-06
180.02	3.91798e-06
180.04	3.90068e-06
180.06	3.8835e-06
180.08	3.86643e-06
180.1	3.84948e-06
180.12	3.83263e-06
180.14	3.81589e-06
180.16	3.79927e-06
180.18	3.78275e-06
180.2	3.76634e-06
180.22	3.75004e-06
180.24	3.73384e-06
180.26	3.71775e-06
180.28	3.70177e-06
180.3	3.6859e-06
180.32	3.67013e-06
180.34	3.65446e-06
180.36	3.6389e-06
180.38	3.62344e-06
180.4	3.60808e-06
180.42	3.59282e-06
180.44	3.57767e-06
180.46	3.56262e-06
180.48	3.54767e-06
180.5	3.53281e-06
180.52	3.51806e-06
180.54	3.50341e-06
180.56	3.48885e-06
180.58	3.47439e-06
180.6	3.46003e-06
180.62	3.44577e-06
180.64	3.4316e-06
180.66	3.41753e-06
180.68	3.40355e-06
180.7	3.38967e-06
180.72	3.37588e-06
180.74	3.36219e-06
180.76	3.34859e-06
180.78	3.33508e-06
180.8	3.32166e-06
180.82	3.30834e-06
180.84	3.29511e-06
180.86	3.28197e-06
180.88	3.26892e-06
180.9	3.25596e-06
180.92	3.24309e-06
180.94	3.23031e-06
180.96	3.21761e-06
180.98	3.20501e-06
181	3.19249e-06
181.02	3.18007e-06
181.04	3.16773e-06
181.06	3.15547e-06
181.08	3.14331e-06
181.1	3.13122e-06
181.12	3.11923e-06
181.14	3.10732e-06
181.16	3.09549e-06
181.18	3.08375e-06
181.2	3.0721e-06
181.22	3.06053e-06
181.24	3.04904e-06
181.26	3.03763e-06
181.28	3.02631e-06
181.3	3.01507e-06
181.32	3.00391e-06
181.34	2.99283e-06
181.36	2.98184e-06
181.38	2.97092e-06
181.4	2.96009e-06
181.42	2.94934e-06
181.44	2.93867e-06
181.46	2.92808e-06
181.48	2.91756e-06
181.5	2.90713e-06
181.52	2.89678e-06
181.54	2.8865e-06
181.56	2.87631e-06
181.58	2.86619e-06
181.6	2.85615e-06
181.62	2.84619e-06
181.64	2.8363e-06
181.66	2.8265e-06
181.68	2.81677e-06
181.7	2.80711e-06
181.72	2.79754e-06
181.74	2.78804e-06
181.76	2.77862e-06
181.78	2.76927e-06
181.8	2.76e-06
181.82	2.7508e-06
181.84	2.74168e-06
181.86	2.73264e-06
181.88	2.72367e-06
181.9	2.71478e-06
181.92	2.70596e-06
181.94	2.69722e-06
181.96	2.68855e-06
181.98	2.67995e-06
182	2.67143e-06
182.02	2.66299e-06
182.04	2.65462e-06
182.06	2.64632e-06
182.08	2.6381e-06
182.1	2.62995e-06
182.12	2.62188e-06
182.14	2.61388e-06
182.16	2.60595e-06
182.18	2.5981e-06
182.2	2.59032e-06
182.22	2.58262e-06
182.24	2.57499e-06
182.26	2.56744e-06
182.28	2.55996e-06
182.3	2.55255e-06
182.32	2.54522e-06
182.34	2.53796e-06
182.36	2.53078e-06
182.38	2.52367e-06
182.4	2.51663e-06
182.42	2.50967e-06
182.44	2.50279e-06
182.46	2.49598e-06
182.48	2.48925e-06
182.5	2.48259e-06
182.52	2.47601e-06
182.54	2.4695e-06
182.56	2.46307e-06
182.58	2.45672e-06
182.6	2.45045e-06
182.62	2.44425e-06
182.64	2.43813e-06
182.66	2.43209e-06
182.68	2.42612e-06
182.7	2.42024e-06
182.72	2.41443e-06
182.74	2.40871e-06
182.76	2.40306e-06
182.78	2.3975e-06
182.8	2.39202e-06
182.82	2.38662e-06
182.84	2.38131e-06
182.86	2.37608e-06
182.88	2.37093e-06
182.9	2.36587e-06
182.92	2.3609e-06
182.94	2.35601e-06
182.96	2.35122e-06
182.98	2.34651e-06
183	2.34189e-06
183.02	2.33737e-06
183.04	2.33294e-06
183.06	2.3286e-06
183.08	2.32436e-06
183.1	2.32022e-06
183.12	2.31618e-06
183.14	2.31224e-06
183.16	2.3084e-06
183.18	2.30467e-06
183.2	2.30105e-06
183.22	2.29754e-06
183.24	2.29414e-06
183.26	2.29086e-06
183.28	2.28769e-06
183.3	2.28465e-06
183.32	2.28173e-06
183.34	2.27894e-06
183.36	2.27629e-06
183.38	2.27377e-06
183.4	2.2714e-06
183.42	2.26917e-06
183.44	2.2671e-06
183.46	2.26519e-06
183.48	2.26345e-06
183.5	2.26188e-06
183.52	2.2605e-06
183.54	2.25931e-06
183.56	2.25833e-06
183.58	2.25756e-06
183.6	2.25703e-06
183.62	2.25674e-06
183.64	2.25673e-06
183.66	2.257e-06
183.68	2.25758e-06
183.7	2.25851e-06
183.72	2.25982e-06
183.74	2.26154e-06
183.76	2.26375e-06
183.78	2.26649e-06
183.8	2.26987e-06
183.82	2.27398e-06
183.84	2.27897e-06
183.86	2.28506e-06
183.88	2.29255e-06
183.9	2.30191e-06
183.92	2.31394e-06
183.94	2.33014e-06
183.96	2.35366e-06
183.98	2.39214e-06
184	2.46378e-06
184.02	2.60552e-06
184.04	2.86411e-06
184.06	3.28022e-06
184.08	3.92595e-06
184.1	4.93215e-06
184.12	6.45007e-06
184.14	8.64183e-06
184.16	1.17336e-05
184.18	1.60135e-05
184.2	2.17316e-05
184.22	2.89793e-05
184.24	3.759e-05
184.26	4.71328e-05
184.28	5.70762e-05
184.3	6.69698e-05
184.32	7.64981e-05
184.34	8.54578e-05
184.36	9.37311e-05
184.38	0.000101272
184.4	0.000108092
184.42	0.00011424
184.44	0.000119781
184.46	0.000124782
184.48	0.000129309
184.5	0.000133419
184.52	0.000137165
184.54	0.000140592
184.56	0.000143737
184.58	0.000146636
184.6	0.000149316
184.62	0.000151803
184.64	0.000154117
184.66	0.000156276
184.68	0.000158295
184.7	0.000160187
184.72	0.000161964
184.74	0.000163634
184.76	0.000165207
184.78	0.000166688
184.8	0.000168086
184.82	0.000169405
184.84	0.000170649
184.86	0.000171825
184.88	0.000172935
184.9	0.000173983
184.92	0.000174973
184.94	0.000175908
184.96	0.00017679
184.98	0.000177621
185	0.000178406
185.02	0.000179145
185.04	0.000179841
185.06	0.000180495
185.08	0.00018111
185.1	0.000181687
185.12	0.000182228
185.14	0.000182734
185.16	0.000183207
185.18	0.000183647
185.2	0.000184057
185.22	0.000184437
185.24	0.000184788
185.26	0.000185112
185.28	0.000185408
185.3	0.000185678
185.32	0.000185923
185.34	0.000186143
185.36	0.000186338
185.38	0.000186511
185.4	0.00018666
185.42	0.000186786
185.44	0.000186891
185.46	0.000186973
185.48	0.000187034
185.5	0.000187075
185.52	0.000187094
185.54	0.000187093
185.56	0.000187071
185.58	0.00018703
185.6	0.000186969
185.62	0.000186889
185.64	0.000186789
185.66	0.00018667
185.68	0.000186532
185.7	0.000186375
185.72	0.0001862
185.74	0.000186006
185.76	0.000185794
185.78	0.000185564
185.8	0.000185316
185.82	0.00018505
185.84	0.000184767
185.86	0.000184467
185.88	0.000184149
185.9	0.000183814
185.92	0.000183463
185.94	0.000183095
185.96	0.000182711
185.98	0.000182311
186	0.000181895
186.02	0.000181463
186.04	0.000181016
186.06	0.000180554
186.08	0.000180078
186.1	0.000179586
186.12	0.00017908
186.14	0.000178561
186.16	0.000178027
186.18	0.000177481
186.2	0.000176921
186.22	0.000176348
186.24	0.000175763
186.26	0.000175165
186.28	0.000174556
186.3	0.000173935
186.32	0.000173303
186.34	0.00017266
186.36	0.000172006
186.38	0.000171343
186.4	0.000170669
186.42	0.000169985
186.44	0.000169293
186.46	0.000168591
186.48	0.000167881
186.5	0.000167163
186.52	0.000166436
186.54	0.000165702
186.56	0.000164961
186.58	0.000164212
186.6	0.000163457
186.62	0.000162696
186.64	0.000161928
186.66	0.000161155
186.68	0.000160376
186.7	0.000159592
186.72	0.000158803
186.74	0.00015801
186.76	0.000157212
186.78	0.00015641
186.8	0.000155605
186.82	0.000154796
186.84	0.000153984
186.86	0.000153169
186.88	0.000152351
186.9	0.000151531
186.92	0.000150708
186.94	0.000149884
186.96	0.000149058
186.98	0.00014823
187	0.000147401
187.02	0.000146571
187.04	0.000145741
187.06	0.000144909
187.08	0.000144077
187.1	0.000143245
187.12	0.000142412
187.14	0.00014158
187.16	0.000140748
187.18	0.000139917
187.2	0.000139086
187.22	0.000138256
187.24	0.000137427
187.26	0.000136599
187.28	0.000135772
187.3	0.000134946
187.32	0.000134122
187.34	0.0001333
187.36	0.000132479
187.38	0.000131661
187.4	0.000130844
187.42	0.00013003
187.44	0.000129217
187.46	0.000128407
187.48	0.0001276
187.5	0.000126795
187.52	0.000125993
187.54	0.000125193
187.56	0.000124396
187.58	0.000123602
187.6	0.000122811
187.62	0.000122023
187.64	0.000121238
187.66	0.000120457
187.68	0.000119678
187.7	0.000118903
187.72	0.000118131
187.74	0.000117363
187.76	0.000116598
187.78	0.000115837
187.8	0.000115079
187.82	0.000114325
187.84	0.000113575
187.86	0.000112828
187.88	0.000112085
187.9	0.000111345
187.92	0.00011061
187.94	0.000109878
187.96	0.00010915
187.98	0.000108426
188	0.000107706
188.02	0.00010699
188.04	0.000106278
188.06	0.00010557
188.08	0.000104866
188.1	0.000104165
188.12	0.000103469
188.14	0.000102777
188.16	0.000102089
188.18	0.000101405
188.2	0.000100725
188.22	0.000100049
188.24	9.93767e-05
188.26	9.87088e-05
188.28	9.8045e-05
188.3	9.73852e-05
188.32	9.67295e-05
188.34	9.60779e-05
188.36	9.54304e-05
188.38	9.47869e-05
188.4	9.41474e-05
188.42	9.3512e-05
188.44	9.28807e-05
188.46	9.22534e-05
188.48	9.16301e-05
188.5	9.10109e-05
188.52	9.03956e-05
188.54	8.97844e-05
188.56	8.91772e-05
188.58	8.85739e-05
188.6	8.79747e-05
188.62	8.73793e-05
188.64	8.6788e-05
188.66	8.62005e-05
188.68	8.5617e-05
188.7	8.50374e-05
188.72	8.44616e-05
188.74	8.38898e-05
188.76	8.33218e-05
188.78	8.27576e-05
188.8	8.21973e-05
188.82	8.16408e-05
188.84	8.10881e-05
188.86	8.05391e-05
188.88	7.99939e-05
188.9	7.94524e-05
188.92	7.89147e-05
188.94	7.83807e-05
188.96	7.78503e-05
188.98	7.73236e-05
189	7.68005e-05
189.02	7.62811e-05
189.04	7.57653e-05
189.06	7.5253e-05
189.08	7.47444e-05
189.1	7.42392e-05
189.12	7.37376e-05
189.14	7.32395e-05
189.16	7.27449e-05
189.18	7.22537e-05
189.2	7.1766e-05
189.22	7.12817e-05
189.24	7.08008e-05
189.26	7.03233e-05
189.28	6.98491e-05
189.3	6.93783e-05
189.32	6.89108e-05
189.34	6.84466e-05
189.36	6.79856e-05
189.38	6.75279e-05
189.4	6.70735e-05
189.42	6.66222e-05
189.44	6.61742e-05
189.46	6.57293e-05
189.48	6.52876e-05
189.5	6.48489e-05
189.52	6.44134e-05
189.54	6.3981e-05
189.56	6.35517e-05
189.58	6.31254e-05
189.6	6.27021e-05
189.62	6.22818e-05
189.64	6.18645e-05
189.66	6.14501e-05
189.68	6.10387e-05
189.7	6.06302e-05
189.72	6.02247e-05
189.74	5.9822e-05
189.76	5.94221e-05
189.78	5.90251e-05
189.8	5.86309e-05
189.82	5.82395e-05
189.84	5.78509e-05
189.86	5.74651e-05
189.88	5.7082e-05
189.9	5.67016e-05
189.92	5.63239e-05
189.94	5.59489e-05
189.96	5.55766e-05
189.98	5.52069e-05
190	5.48398e-05
190.02	5.44753e-05
190.04	5.41134e-05
190.06	5.37541e-05
190.08	5.33973e-05
190.1	5.30431e-05
190.12	5.26914e-05
190.14	5.23422e-05
190.16	5.19954e-05
190.18	5.16511e-05
190.2	5.13092e-05
190.22	5.09698e-05
190.24	5.06328e-05
190.26	5.02981e-05
190.28	4.99659e-05
190.3	4.96359e-05
190.32	4.93083e-05
190.34	4.89831e-05
190.36	4.86601e-05
190.38	4.83394e-05
190.4	4.8021e-05
190.42	4.77048e-05
190.44	4.73909e-05
190.46	4.70791e-05
190.48	4.67696e-05
190.5	4.64623e-05
190.52	4.61571e-05
190.54	4.58541e-05
190.56	4.55532e-05
190.58	4.52544e-05
190.6	4.49578e-05
190.62	4.46632e-05
190.64	4.43707e-05
190.66	4.40803e-05
190.68	4.37919e-05
190.7	4.35055e-05
190.72	4.32211e-05
190.74	4.29388e-05
190.76	4.26584e-05
190.78	4.238e-05
190.8	4.21035e-05
190.82	4.1829e-05
190.84	4.15564e-05
190.86	4.12858e-05
190.88	4.1017e-05
190.9	4.07501e-05
190.92	4.04851e-05
190.94	4.02219e-05
190.96	3.99605e-05
190.98	3.9701e-05
191	3.94433e-05
191.02	3.91875e-05
191.04	3.89334e-05
191.06	3.8681e-05
191.08	3.84305e-05
191.1	3.81816e-05
191.12	3.79346e-05
191.14	3.76892e-05
191.16	3.74455e-05
191.18	3.72036e-05
191.2	3.69633e-05
191.22	3.67247e-05
191.24	3.64878e-05
191.26	3.62525e-05
191.28	3.60188e-05
191.3	3.57868e-05
191.32	3.55564e-05
191.34	3.53276e-05
191.36	3.51004e-05
191.38	3.48747e-05
191.4	3.46506e-05
191.42	3.44281e-05
191.44	3.42071e-05
191.46	3.39876e-05
191.48	3.37697e-05
191.5	3.35533e-05
191.52	3.33383e-05
191.54	3.31249e-05
191.56	3.29129e-05
191.58	3.27024e-05
191.6	3.24933e-05
191.62	3.22857e-05
191.64	3.20796e-05
191.66	3.18748e-05
191.68	3.16715e-05
191.7	3.14695e-05
191.72	3.1269e-05
191.74	3.10698e-05
191.76	3.0872e-05
191.78	3.06756e-05
191.8	3.04805e-05
191.82	3.02868e-05
191.84	3.00944e-05
191.86	2.99033e-05
191.88	2.97135e-05
191.9	2.95251e-05
191.92	2.93379e-05
191.94	2.9152e-05
191.96	2.89674e-05
191.98	2.87841e-05
192	2.8602e-05
192.02	2.84211e-05
192.04	2.82415e-05
192.06	2.80631e-05
192.08	2.7886e-05
192.1	2.77101e-05
192.12	2.75353e-05
192.14	2.73618e-05
192.16	2.71894e-05
192.18	2.70183e-05
192.2	2.68482e-05
192.22	2.66794e-05
192.24	2.65117e-05
192.26	2.63452e-05
192.28	2.61797e-05
192.3	2.60155e-05
192.32	2.58523e-05
192.34	2.56902e-05
192.36	2.55293e-05
192.38	2.53694e-05
192.4	2.52107e-05
192.42	2.5053e-05
192.44	2.48964e-05
192.46	2.47408e-05
192.48	2.45863e-05
192.5	2.44329e-05
192.52	2.42805e-05
192.54	2.41291e-05
192.56	2.39788e-05
192.58	2.38294e-05
192.6	2.36811e-05
192.62	2.35338e-05
192.64	2.33875e-05
192.66	2.32422e-05
192.68	2.30979e-05
192.7	2.29545e-05
192.72	2.28122e-05
192.74	2.26707e-05
192.76	2.25303e-05
192.78	2.23908e-05
192.8	2.22522e-05
192.82	2.21146e-05
192.84	2.19779e-05
192.86	2.18421e-05
192.88	2.17072e-05
192.9	2.15733e-05
192.92	2.14402e-05
192.94	2.13081e-05
192.96	2.11768e-05
192.98	2.10464e-05
193	2.09169e-05
193.02	2.07883e-05
193.04	2.06605e-05
193.06	2.05336e-05
193.08	2.04076e-05
193.1	2.02824e-05
193.12	2.0158e-05
193.14	2.00345e-05
193.16	1.99118e-05
193.18	1.97899e-05
193.2	1.96689e-05
193.22	1.95486e-05
193.24	1.94292e-05
193.26	1.93106e-05
193.28	1.91927e-05
193.3	1.90757e-05
193.32	1.89594e-05
193.34	1.88439e-05
193.36	1.87292e-05
193.38	1.86153e-05
193.4	1.85021e-05
193.42	1.83897e-05
193.44	1.8278e-05
193.46	1.81671e-05
193.48	1.80569e-05
193.5	1.79475e-05
193.52	1.78387e-05
193.54	1.77307e-05
193.56	1.76235e-05
193.58	1.75169e-05
193.6	1.74111e-05
193.62	1.73059e-05
193.64	1.72015e-05
193.66	1.70978e-05
193.68	1.69947e-05
193.7	1.68923e-05
193.72	1.67907e-05
193.74	1.66897e-05
193.76	1.65893e-05
193.78	1.64897e-05
193.8	1.63907e-05
193.82	1.62923e-05
193.84	1.61946e-05
193.86	1.60976e-05
193.88	1.60012e-05
193.9	1.59054e-05
193.92	1.58103e-05
193.94	1.57158e-05
193.96	1.5622e-05
193.98	1.55287e-05
194	1.54361e-05
194.02	1.53441e-05
194.04	1.52527e-05
194.06	1.51619e-05
194.08	1.50717e-05
194.1	1.49821e-05
194.12	1.48931e-05
194.14	1.48047e-05
194.16	1.47169e-05
194.18	1.46296e-05
194.2	1.45429e-05
194.22	1.44568e-05
194.24	1.43713e-05
194.26	1.42864e-05
194.28	1.4202e-05
194.3	1.41181e-05
194.32	1.40348e-05
194.34	1.39521e-05
194.36	1.38699e-05
194.38	1.37882e-05
194.4	1.37071e-05
194.42	1.36265e-05
194.44	1.35465e-05
194.46	1.34669e-05
194.48	1.33879e-05
194.5	1.33095e-05
194.52	1.32315e-05
194.54	1.3154e-05
194.56	1.30771e-05
194.58	1.30007e-05
194.6	1.29247e-05
194.62	1.28493e-05
194.64	1.27744e-05
194.66	1.26999e-05
194.68	1.26259e-05
194.7	1.25525e-05
194.72	1.24795e-05
194.74	1.2407e-05
194.76	1.23349e-05
194.78	1.22634e-05
194.8	1.21923e-05
194.82	1.21216e-05
194.84	1.20515e-05
194.86	1.19818e-05
194.88	1.19125e-05
194.9	1.18437e-05
194.92	1.17754e-05
194.94	1.17075e-05
194.96	1.164e-05
194.98	1.1573e-05
195	1.15064e-05
195.02	1.14402e-05
195.04	1.13745e-05
195.06	1.13093e-05
195.08	1.12444e-05
195.1	1.118e-05
195.12	1.11159e-05
195.14	1.10523e-05
195.16	1.09892e-05
195.18	1.09264e-05
195.2	1.0864e-05
195.22	1.08021e-05
195.24	1.07405e-05
195.26	1.06794e-05
195.28	1.06186e-05
195.3	1.05582e-05
195.32	1.04983e-05
195.34	1.04387e-05
195.36	1.03795e-05
195.38	1.03207e-05
195.4	1.02623e-05
195.42	1.02042e-05
195.44	1.01466e-05
195.46	1.00893e-05
195.48	1.00324e-05
195.5	9.97582e-06
195.52	9.91964e-06
195.54	9.86382e-06
195.56	9.80836e-06
195.58	9.75327e-06
195.6	9.69853e-06
195.62	9.64414e-06
195.64	9.59011e-06
195.66	9.53642e-06
195.68	9.48309e-06
195.7	9.43009e-06
195.72	9.37745e-06
195.74	9.32514e-06
195.76	9.27317e-06
195.78	9.22154e-06
195.8	9.17024e-06
195.82	9.11927e-06
195.84	9.06863e-06
195.86	9.01832e-06
195.88	8.96833e-06
195.9	8.91867e-06
195.92	8.86933e-06
195.94	8.8203e-06
195.96	8.77159e-06
195.98	8.7232e-06
196	8.67512e-06
196.02	8.62735e-06
196.04	8.57988e-06
196.06	8.53272e-06
196.08	8.48587e-06
196.1	8.43932e-06
196.12	8.39306e-06
196.14	8.34711e-06
196.16	8.30145e-06
196.18	8.25608e-06
196.2	8.21101e-06
196.22	8.16623e-06
196.24	8.12173e-06
196.26	8.07752e-06
196.28	8.0336e-06
196.3	7.98996e-06
196.32	7.94659e-06
196.34	7.90351e-06
196.36	7.8607e-06
196.38	7.81817e-06
196.4	7.77591e-06
196.42	7.73393e-06
196.44	7.69221e-06
196.46	7.65076e-06
196.48	7.60957e-06
196.5	7.56865e-06
196.52	7.52799e-06
196.54	7.4876e-06
196.56	7.44746e-06
196.58	7.40758e-06
196.6	7.36795e-06
196.62	7.32858e-06
196.64	7.28946e-06
196.66	7.25059e-06
196.68	7.21197e-06
196.7	7.17359e-06
196.72	7.13546e-06
196.74	7.09758e-06
196.76	7.05994e-06
196.78	7.02254e-06
196.8	6.98538e-06
196.82	6.94845e-06
196.84	6.91176e-06
196.86	6.87531e-06
196.88	6.83909e-06
196.9	6.8031e-06
196.92	6.76734e-06
196.94	6.73181e-06
196.96	6.6965e-06
196.98	6.66142e-06
197	6.62657e-06
197.02	6.59194e-06
197.04	6.55753e-06
197.06	6.52333e-06
197.08	6.48936e-06
197.1	6.4556e-06
197.12	6.42206e-06
197.14	6.38873e-06
197.16	6.35562e-06
197.18	6.32271e-06
197.2	6.29002e-06
197.22	6.25753e-06
197.24	6.22526e-06
197.26	6.19318e-06
197.28	6.16131e-06
197.3	6.12965e-06
197.32	6.09818e-06
197.34	6.06692e-06
197.36	6.03586e-06
197.38	6.00499e-06
197.4	5.97432e-06
197.42	5.94385e-06
197.44	5.91357e-06
197.46	5.88348e-06
197.48	5.85358e-06
197.5	5.82388e-06
197.52	5.79436e-06
197.54	5.76503e-06
197.56	5.73589e-06
197.58	5.70694e-06
197.6	5.67817e-06
197.62	5.64958e-06
197.64	5.62117e-06
197.66	5.59295e-06
197.68	5.5649e-06
197.7	5.53703e-06
197.72	5.50934e-06
197.74	5.48183e-06
197.76	5.45449e-06
197.78	5.42733e-06
197.8	5.40033e-06
197.82	5.37352e-06
197.84	5.34687e-06
197.86	5.32039e-06
197.88	5.29408e-06
197.9	5.26793e-06
197.92	5.24196e-06
197.94	5.21615e-06
197.96	5.1905e-06
197.98	5.16502e-06
198	5.1397e-06
198.02	5.11454e-06
198.04	5.08954e-06
198.06	5.0647e-06
198.08	5.04001e-06
198.1	5.01549e-06
198.12	4.99112e-06
198.14	4.96691e-06
198.16	4.94285e-06
198.18	4.91895e-06
198.2	4.89519e-06
198.22	4.87159e-06
198.24	4.84814e-06
198.26	4.82484e-06
198.28	4.80169e-06
198.3	4.77868e-06
198.32	4.75583e-06
198.34	4.73312e-06
198.36	4.71055e-06
198.38	4.68813e-06
198.4	4.66585e-06
198.42	4.64371e-06
198.44	4.62172e-06
198.46	4.59986e-06
198.48	4.57815e-06
198.5	4.55657e-06
198.52	4.53514e-06
198.54	4.51384e-06
198.56	4.49267e-06
198.58	4.47164e-06
198.6	4.45075e-06
198.62	4.42999e-06
198.64	4.40936e-06
198.66	4.38887e-06
198.68	4.36851e-06
198.7	4.34828e-06
198.72	4.32818e-06
198.74	4.3082e-06
198.76	4.28836e-06
198.78	4.26864e-06
198.8	4.24905e-06
198.82	4.22959e-06
198.84	4.21025e-06
198.86	4.19104e-06
198.88	4.17195e-06
198.9	4.15298e-06
198.92	4.13414e-06
198.94	4.11542e-06
198.96	4.09682e-06
198.98	4.07833e-06
199	4.05997e-06
199.02	4.04173e-06
199.04	4.02361e-06
199.06	4.0056e-06
199.08	3.98771e-06
199.1	3.96994e-06
199.12	3.95228e-06
199.14	3.93473e-06
199.16	3.9173e-06
199.18	3.89999e-06
199.2	3.88278e-06
199.22	3.86569e-06
199.24	3.84871e-06
199.26	3.83185e-06
199.28	3.81509e-06
199.3	3.79844e-06
199.32	3.7819e-06
199.34	3.76547e-06
199.36	3.74914e-06
199.38	3.73293e-06
199.4	3.71682e-06
199.42	3.70081e-06
199.44	3.68492e-06
199.46	3.66912e-06
199.48	3.65343e-06
199.5	3.63785e-06
199.52	3.62236e-06
199.54	3.60698e-06
199.56	3.59171e-06
199.58	3.57653e-06
199.6	3.56145e-06
199.62	3.54648e-06
199.64	3.5316e-06
199.66	3.51683e-06
199.68	3.50215e-06
199.7	3.48757e-06
199.72	3.47309e-06
199.74	3.4587e-06
199.76	3.44442e-06
199.78	3.43022e-06
199.8	3.41613e-06
199.82	3.40213e-06
199.84	3.38822e-06
199.86	3.37441e-06
199.88	3.36069e-06
199.9	3.34707e-06
199.92	3.33354e-06
199.94	3.3201e-06
199.96	3.30675e-06
199.98	3.29349e-06
200	3.28032e-06
200.02	3.26725e-06
200.04	3.25426e-06
200.06	3.24137e-06
200.08	3.22856e-06
200.1	3.21585e-06
200.12	3.20322e-06
200.14	3.19067e-06
200.16	3.17822e-06
200.18	3.16585e-06
200.2	3.15357e-06
200.22	3.14138e-06
200.24	3.12927e-06
200.26	3.11725e-06
200.28	3.10531e-06
200.3	3.09346e-06
200.32	3.08169e-06
200.34	3.07001e-06
200.36	3.05841e-06
200.38	3.04689e-06
200.4	3.03546e-06
200.42	3.02411e-06
200.44	3.01284e-06
200.46	3.00165e-06
200.48	2.99055e-06
200.5	2.97952e-06
200.52	2.96858e-06
200.54	2.95772e-06
200.56	2.94693e-06
200.58	2.93623e-06
200.6	2.92561e-06
200.62	2.91507e-06
200.64	2.9046e-06
200.66	2.89422e-06
200.68	2.88391e-06
200.7	2.87368e-06
200.72	2.86354e-06
200.74	2.85346e-06
200.76	2.84347e-06
200.78	2.83355e-06
200.8	2.82371e-06
200.82	2.81395e-06
200.84	2.80426e-06
200.86	2.79465e-06
200.88	2.78512e-06
200.9	2.77566e-06
200.92	2.76628e-06
200.94	2.75697e-06
200.96	2.74774e-06
200.98	2.73859e-06
201	2.72951e-06
201.02	2.7205e-06
201.04	2.71157e-06
201.06	2.70271e-06
201.08	2.69393e-06
201.1	2.68523e-06
201.12	2.67659e-06
201.14	2.66803e-06
201.16	2.65955e-06
201.18	2.65114e-06
201.2	2.6428e-06
201.22	2.63454e-06
201.24	2.62635e-06
201.26	2.61823e-06
201.28	2.61019e-06
201.3	2.60222e-06
201.32	2.59432e-06
201.34	2.5865e-06
201.36	2.57875e-06
201.38	2.57108e-06
201.4	2.56348e-06
201.42	2.55595e-06
201.44	2.54849e-06
201.46	2.54111e-06
201.48	2.5338e-06
201.5	2.52657e-06
201.52	2.51941e-06
201.54	2.51232e-06
201.56	2.50531e-06
201.58	2.49837e-06
201.6	2.49151e-06
201.62	2.48472e-06
201.64	2.47801e-06
201.66	2.47137e-06
201.68	2.4648e-06
201.7	2.45832e-06
201.72	2.4519e-06
201.74	2.44557e-06
201.76	2.43931e-06
201.78	2.43312e-06
201.8	2.42701e-06
201.82	2.42098e-06
201.84	2.41503e-06
201.86	2.40916e-06
201.88	2.40336e-06
201.9	2.39765e-06
201.92	2.39201e-06
201.94	2.38645e-06
201.96	2.38098e-06
201.98	2.37559e-06
202	2.37027e-06
202.02	2.36505e-06
202.04	2.3599e-06
202.06	2.35484e-06
202.08	2.34987e-06
202.1	2.34498e-06
202.12	2.34018e-06
202.14	2.33546e-06
202.16	2.33084e-06
202.18	2.32631e-06
202.2	2.32187e-06
202.22	2.31752e-06
202.24	2.31327e-06
202.26	2.30911e-06
202.28	2.30506e-06
202.3	2.3011e-06
202.32	2.29724e-06
202.34	2.29349e-06
202.36	2.28984e-06
202.38	2.2863e-06
202.4	2.28287e-06
202.42	2.27956e-06
202.44	2.27636e-06
202.46	2.27328e-06
202.48	2.27032e-06
202.5	2.26748e-06
202.52	2.26478e-06
202.54	2.26221e-06
202.56	2.25978e-06
202.58	2.2575e-06
202.6	2.25536e-06
202.62	2.25338e-06
202.64	2.25156e-06
202.66	2.24991e-06
202.68	2.24843e-06
202.7	2.24715e-06
202.72	2.24606e-06
202.74	2.24517e-06
202.76	2.24451e-06
202.78	2.24409e-06
202.8	2.24391e-06
202.82	2.24401e-06
202.84	2.2444e-06
202.86	2.24512e-06
202.88	2.24618e-06
202.9	2.24764e-06
202.92	2.24953e-06
202.94	2.25191e-06
202.96	2.25485e-06
202.98	2.25845e-06
203	2.26282e-06
203.02	2.26813e-06
203.04	2.27461e-06
203.06	2.2826e-06
203.08	2.29266e-06
203.1	2.30573e-06
203.12	2.32366e-06
203.14	2.35051e-06
203.16	2.39636e-06
203.18	2.48392e-06
203.2	2.65636e-06
203.22	2.95882e-06
203.24	3.43405e-06
203.26	4.1739e-06
203.28	5.32038e-06
203.3	7.02504e-06
203.32	9.46414e-06
203.34	1.28883e-05
203.36	1.75877e-05
203.38	2.3776e-05
203.4	3.14745e-05
203.42	4.04282e-05
203.44	5.01524e-05
203.46	6.01259e-05
203.48	6.99393e-05
203.5	7.93149e-05
203.52	8.80775e-05
203.54	9.61323e-05
203.56	0.000103453
203.58	0.000110065
203.6	0.000116023
203.62	0.000121395
203.64	0.000126247
203.66	0.000130644
203.68	0.00013464
203.7	0.000138287
203.72	0.000141626
203.74	0.000144695
203.76	0.000147527
203.78	0.000150148
203.8	0.000152582
203.82	0.000154849
203.84	0.000156965
203.86	0.000158946
203.88	0.000160804
203.9	0.000162549
203.92	0.000164191
203.94	0.000165737
203.96	0.000167194
203.98	0.000168569
204	0.000169866
204.02	0.000171091
204.04	0.000172247
204.06	0.00017334
204.08	0.000174371
204.1	0.000175345
204.12	0.000176265
204.14	0.000177133
204.16	0.000177951
204.18	0.000178722
204.2	0.000179449
204.22	0.000180133
204.24	0.000180777
204.26	0.000181381
204.28	0.000181948
204.3	0.000182479
204.32	0.000182976
204.34	0.00018344
204.36	0.000183872
204.38	0.000184273
204.4	0.000184645
204.42	0.000184988
204.44	0.000185304
204.46	0.000185593
204.48	0.000185856
204.5	0.000186094
204.52	0.000186307
204.54	0.000186496
204.56	0.000186662
204.58	0.000186805
204.6	0.000186925
204.62	0.000187023
204.64	0.0001871
204.66	0.000187155
204.68	0.000187189
204.7	0.000187203
204.72	0.000187196
204.74	0.000187169
204.76	0.000187122
204.78	0.000187056
204.8	0.000186969
204.82	0.000186864
204.84	0.00018674
204.86	0.000186596
204.88	0.000186434
204.9	0.000186253
204.92	0.000186054
204.94	0.000185837
204.96	0.000185601
204.98	0.000185348
205	0.000185077
205.02	0.000184789
205.04	0.000184483
205.06	0.000184161
205.08	0.000183821
205.1	0.000183465
205.12	0.000183092
205.14	0.000182703
205.16	0.000182298
205.18	0.000181877
205.2	0.000181441
205.22	0.000180989
205.24	0.000180523
205.26	0.000180041
205.28	0.000179545
205.3	0.000179035
205.32	0.000178511
205.34	0.000177974
205.36	0.000177423
205.38	0.000176859
205.4	0.000176282
205.42	0.000175693
205.44	0.000175091
205.46	0.000174478
205.48	0.000173854
205.5	0.000173218
205.52	0.000172572
205.54	0.000171915
205.56	0.000171247
205.58	0.00017057
205.6	0.000169884
205.62	0.000169188
205.64	0.000168484
205.66	0.000167771
205.68	0.000167049
205.7	0.00016632
205.72	0.000165584
205.74	0.00016484
205.76	0.000164089
205.78	0.000163331
205.8	0.000162568
205.82	0.000161798
205.84	0.000161023
205.86	0.000160242
205.88	0.000159456
205.9	0.000158665
205.92	0.00015787
205.94	0.000157071
205.96	0.000156268
205.98	0.000155461
206	0.00015465
206.02	0.000153837
206.04	0.000153021
206.06	0.000152202
206.08	0.00015138
206.1	0.000150557
206.12	0.000149731
206.14	0.000148904
206.16	0.000148076
206.18	0.000147246
206.2	0.000146416
206.22	0.000145584
206.24	0.000144752
206.26	0.000143919
206.28	0.000143087
206.3	0.000142254
206.32	0.000141421
206.34	0.000140589
206.36	0.000139757
206.38	0.000138926
206.4	0.000138096
206.42	0.000137266
206.44	0.000136438
206.46	0.000135611
206.48	0.000134786
206.5	0.000133962
206.52	0.00013314
206.54	0.000132319
206.56	0.000131501
206.58	0.000130684
206.6	0.00012987
206.62	0.000129058
206.64	0.000128248
206.66	0.000127441
206.68	0.000126636
206.7	0.000125834
206.72	0.000125035
206.74	0.000124239
206.76	0.000123445
206.78	0.000122655
206.8	0.000121867
206.82	0.000121083
206.84	0.000120302
206.86	0.000119524
206.88	0.000118749
206.9	0.000117978
206.92	0.00011721
206.94	0.000116446
206.96	0.000115686
206.98	0.000114928
207	0.000114175
207.02	0.000113425
207.04	0.000112679
207.06	0.000111937
207.08	0.000111198
207.1	0.000110463
207.12	0.000109732
207.14	0.000109005
207.16	0.000108282
207.18	0.000107563
207.2	0.000106847
207.22	0.000106136
207.24	0.000105428
207.26	0.000104725
207.28	0.000104026
207.3	0.00010333
207.32	0.000102639
207.34	0.000101951
207.36	0.000101268
207.38	0.000100589
207.4	9.99137e-05
207.42	9.92426e-05
207.44	9.85755e-05
207.46	9.79125e-05
207.48	9.72536e-05
207.5	9.65987e-05
207.52	9.59479e-05
207.54	9.53012e-05
207.56	9.46586e-05
207.58	9.402e-05
207.6	9.33854e-05
207.62	9.27549e-05
207.64	9.21284e-05
207.66	9.1506e-05
207.68	9.08876e-05
207.7	9.02732e-05
207.72	8.96628e-05
207.74	8.90564e-05
207.76	8.8454e-05
207.78	8.78555e-05
207.8	8.7261e-05
207.82	8.66705e-05
207.84	8.60838e-05
207.86	8.55011e-05
207.88	8.49223e-05
207.9	8.43474e-05
207.92	8.37764e-05
207.94	8.32092e-05
207.96	8.26458e-05
207.98	8.20863e-05
208	8.15306e-05
208.02	8.09786e-05
208.04	8.04305e-05
208.06	7.98861e-05
208.08	7.93454e-05
208.1	7.88084e-05
208.12	7.82752e-05
208.14	7.77456e-05
208.16	7.72196e-05
208.18	7.66974e-05
208.2	7.61787e-05
208.22	7.56636e-05
208.24	7.51521e-05
208.26	7.46442e-05
208.28	7.41398e-05
208.3	7.36389e-05
208.32	7.31416e-05
208.34	7.26477e-05
208.36	7.21572e-05
208.38	7.16702e-05
208.4	7.11866e-05
208.42	7.07065e-05
208.44	7.02296e-05
208.46	6.97562e-05
208.48	6.92861e-05
208.5	6.88193e-05
208.52	6.83557e-05
208.54	6.78955e-05
208.56	6.74385e-05
208.58	6.69847e-05
208.6	6.65341e-05
208.62	6.60867e-05
208.64	6.56425e-05
208.66	6.52014e-05
208.68	6.47635e-05
208.7	6.43286e-05
208.72	6.38968e-05
208.74	6.34681e-05
208.76	6.30424e-05
208.78	6.26198e-05
208.8	6.22001e-05
208.82	6.17835e-05
208.84	6.13697e-05
208.86	6.09589e-05
208.88	6.05511e-05
208.9	6.01461e-05
208.92	5.9744e-05
208.94	5.93447e-05
208.96	5.89483e-05
208.98	5.85547e-05
209	5.81639e-05
209.02	5.77759e-05
209.04	5.73906e-05
209.06	5.70081e-05
209.08	5.66282e-05
209.1	5.62511e-05
209.12	5.58767e-05
209.14	5.55049e-05
209.16	5.51357e-05
209.18	5.47692e-05
209.2	5.44053e-05
209.22	5.40439e-05
209.24	5.36851e-05
209.26	5.33289e-05
209.28	5.29752e-05
209.3	5.2624e-05
209.32	5.22753e-05
209.34	5.1929e-05
209.36	5.15852e-05
209.38	5.12439e-05
209.4	5.09049e-05
209.42	5.05684e-05
209.44	5.02342e-05
209.46	4.99025e-05
209.48	4.9573e-05
209.5	4.92459e-05
209.52	4.89211e-05
209.54	4.85986e-05
209.56	4.82784e-05
209.58	4.79604e-05
209.6	4.76447e-05
209.62	4.73312e-05
209.64	4.702e-05
209.66	4.67109e-05
209.68	4.6404e-05
209.7	4.60993e-05
209.72	4.57967e-05
209.74	4.54962e-05
209.76	4.51979e-05
209.78	4.49017e-05
209.8	4.46075e-05
209.82	4.43154e-05
209.84	4.40254e-05
209.86	4.37374e-05
209.88	4.34515e-05
209.9	4.31675e-05
209.92	4.28856e-05
209.94	4.26056e-05
209.96	4.23276e-05
209.98	4.20515e-05
210	4.17774e-05
210.02	4.15052e-05
210.04	4.12349e-05
210.06	4.09665e-05
210.08	4.07e-05
210.1	4.04353e-05
210.12	4.01725e-05
210.14	3.99116e-05
210.16	3.96524e-05
210.18	3.93951e-05
210.2	3.91396e-05
210.22	3.88858e-05
210.24	3.86339e-05
210.26	3.83836e-05
210.28	3.81352e-05
210.3	3.78884e-05
210.32	3.76434e-05
210.34	3.74001e-05
210.36	3.71585e-05
210.38	3.69186e-05
210.4	3.66803e-05
210.42	3.64437e-05
210.44	3.62087e-05
210.46	3.59754e-05
210.48	3.57437e-05
210.5	3.55136e-05
210.52	3.52851e-05
210.54	3.50582e-05
210.56	3.48329e-05
210.58	3.46091e-05
210.6	3.43869e-05
210.62	3.41662e-05
210.64	3.3947e-05
210.66	3.37294e-05
210.68	3.35132e-05
210.7	3.32986e-05
210.72	3.30854e-05
210.74	3.28738e-05
210.76	3.26635e-05
210.78	3.24548e-05
210.8	3.22475e-05
210.82	3.20416e-05
210.84	3.18371e-05
210.86	3.1634e-05
210.88	3.14324e-05
210.9	3.12321e-05
210.92	3.10332e-05
210.94	3.08357e-05
210.96	3.06395e-05
210.98	3.04447e-05
211	3.02512e-05
211.02	3.00591e-05
211.04	2.98682e-05
211.06	2.96787e-05
211.08	2.94905e-05
211.1	2.93036e-05
211.12	2.9118e-05
211.14	2.89336e-05
211.16	2.87505e-05
211.18	2.85687e-05
211.2	2.83881e-05
211.22	2.82087e-05
211.24	2.80306e-05
211.26	2.78536e-05
211.28	2.76779e-05
211.3	2.75034e-05
211.32	2.73301e-05
211.34	2.7158e-05
211.36	2.69871e-05
211.38	2.68173e-05
211.4	2.66486e-05
211.42	2.64812e-05
211.44	2.63148e-05
211.46	2.61496e-05
211.48	2.59856e-05
211.5	2.58226e-05
211.52	2.56608e-05
211.54	2.55e-05
211.56	2.53404e-05
211.58	2.51818e-05
211.6	2.50244e-05
211.62	2.48679e-05
211.64	2.47126e-05
211.66	2.45583e-05
211.68	2.44051e-05
211.7	2.42529e-05
211.72	2.41017e-05
211.74	2.39516e-05
211.76	2.38024e-05
211.78	2.36543e-05
211.8	2.35072e-05
211.82	2.33611e-05
211.84	2.3216e-05
211.86	2.30718e-05
211.88	2.29287e-05
211.9	2.27865e-05
211.92	2.26452e-05
211.94	2.25049e-05
211.96	2.23656e-05
211.98	2.22272e-05
212	2.20898e-05
212.02	2.19532e-05
212.04	2.18176e-05
212.06	2.16829e-05
212.08	2.15491e-05
212.1	2.14163e-05
212.12	2.12843e-05
212.14	2.11532e-05
212.16	2.1023e-05
212.18	2.08936e-05
212.2	2.07652e-05
212.22	2.06376e-05
212.24	2.05108e-05
212.26	2.03849e-05
212.28	2.02599e-05
212.3	2.01357e-05
212.32	2.00123e-05
212.34	1.98898e-05
212.36	1.97681e-05
212.38	1.96472e-05
212.4	1.95271e-05
212.42	1.94078e-05
212.44	1.92893e-05
212.46	1.91716e-05
212.48	1.90547e-05
212.5	1.89386e-05
212.52	1.88233e-05
212.54	1.87087e-05
212.56	1.85949e-05
212.58	1.84818e-05
212.6	1.83696e-05
212.62	1.8258e-05
212.64	1.81472e-05
212.66	1.80372e-05
212.68	1.79279e-05
212.7	1.78193e-05
212.72	1.77114e-05
212.74	1.76043e-05
212.76	1.74979e-05
212.78	1.73922e-05
212.8	1.72871e-05
212.82	1.71828e-05
212.84	1.70792e-05
212.86	1.69763e-05
212.88	1.68741e-05
212.9	1.67725e-05
212.92	1.66716e-05
212.94	1.65714e-05
212.96	1.64719e-05
212.98	1.6373e-05
213	1.62747e-05
213.02	1.61772e-05
213.04	1.60802e-05
213.06	1.5984e-05
213.08	1.58883e-05
213.1	1.57933e-05
213.12	1.56989e-05
213.14	1.56052e-05
213.16	1.55121e-05
213.18	1.54195e-05
213.2	1.53276e-05
213.22	1.52364e-05
213.24	1.51457e-05
213.26	1.50556e-05
213.28	1.49661e-05
213.3	1.48772e-05
213.32	1.47889e-05
213.34	1.47012e-05
213.36	1.4614e-05
213.38	1.45275e-05
213.4	1.44415e-05
213.42	1.4356e-05
213.44	1.42712e-05
213.46	1.41869e-05
213.48	1.41031e-05
213.5	1.40199e-05
213.52	1.39373e-05
213.54	1.38552e-05
213.56	1.37736e-05
213.58	1.36926e-05
213.6	1.36121e-05
213.62	1.35322e-05
213.64	1.34527e-05
213.66	1.33738e-05
213.68	1.32954e-05
213.7	1.32175e-05
213.72	1.31402e-05
213.74	1.30633e-05
213.76	1.2987e-05
213.78	1.29111e-05
213.8	1.28358e-05
213.82	1.27609e-05
213.84	1.26866e-05
213.86	1.26127e-05
213.88	1.25393e-05
213.9	1.24664e-05
213.92	1.2394e-05
213.94	1.2322e-05
213.96	1.22505e-05
213.98	1.21795e-05
214	1.2109e-05
214.02	1.20389e-05
214.04	1.19692e-05
214.06	1.19001e-05
214.08	1.18313e-05
214.1	1.17631e-05
214.12	1.16952e-05
214.14	1.16279e-05
214.16	1.15609e-05
214.18	1.14944e-05
214.2	1.14283e-05
214.22	1.13627e-05
214.24	1.12975e-05
214.26	1.12327e-05
214.28	1.11683e-05
214.3	1.11044e-05
214.32	1.10409e-05
214.34	1.09777e-05
214.36	1.0915e-05
214.38	1.08527e-05
214.4	1.07909e-05
214.42	1.07294e-05
214.44	1.06683e-05
214.46	1.06076e-05
214.48	1.05473e-05
214.5	1.04874e-05
214.52	1.04279e-05
214.54	1.03688e-05
214.56	1.031e-05
214.58	1.02517e-05
214.6	1.01937e-05
214.62	1.01361e-05
214.64	1.00789e-05
214.66	1.0022e-05
214.68	9.96551e-06
214.7	9.90939e-06
214.72	9.85363e-06
214.74	9.79823e-06
214.76	9.74319e-06
214.78	9.68851e-06
214.8	9.63418e-06
214.82	9.58021e-06
214.84	9.52658e-06
214.86	9.4733e-06
214.88	9.42037e-06
214.9	9.36778e-06
214.92	9.31552e-06
214.94	9.26361e-06
214.96	9.21203e-06
214.98	9.16079e-06
215	9.10987e-06
215.02	9.05929e-06
215.04	9.00903e-06
215.06	8.95909e-06
215.08	8.90948e-06
215.1	8.86019e-06
215.12	8.81122e-06
215.14	8.76256e-06
215.16	8.71421e-06
215.18	8.66618e-06
215.2	8.61846e-06
215.22	8.57104e-06
215.24	8.52393e-06
215.26	8.47713e-06
215.28	8.43062e-06
215.3	8.38442e-06
215.32	8.33851e-06
215.34	8.2929e-06
215.36	8.24758e-06
215.38	8.20255e-06
215.4	8.15781e-06
215.42	8.11336e-06
215.44	8.0692e-06
215.46	8.02532e-06
215.48	7.98172e-06
215.5	7.9384e-06
215.52	7.89536e-06
215.54	7.8526e-06
215.56	7.81011e-06
215.58	7.76789e-06
215.6	7.72594e-06
215.62	7.68427e-06
215.64	7.64286e-06
215.66	7.60171e-06
215.68	7.56083e-06
215.7	7.52022e-06
215.72	7.47986e-06
215.74	7.43976e-06
215.76	7.39992e-06
215.78	7.36033e-06
215.8	7.32099e-06
215.82	7.28191e-06
215.84	7.24308e-06
215.86	7.2045e-06
215.88	7.16616e-06
215.9	7.12807e-06
215.92	7.09022e-06
215.94	7.05262e-06
215.96	7.01525e-06
215.98	6.97812e-06
216	6.94123e-06
216.02	6.90458e-06
216.04	6.86816e-06
216.06	6.83198e-06
216.08	6.79602e-06
216.1	6.76029e-06
216.12	6.7248e-06
216.14	6.68952e-06
216.16	6.65448e-06
216.18	6.61966e-06
216.2	6.58506e-06
216.22	6.55068e-06
216.24	6.51652e-06
216.26	6.48257e-06
216.28	6.44885e-06
216.3	6.41534e-06
216.32	6.38204e-06
216.34	6.34895e-06
216.36	6.31608e-06
216.38	6.28342e-06
216.4	6.25096e-06
216.42	6.21871e-06
216.44	6.18666e-06
216.46	6.15483e-06
216.48	6.12319e-06
216.5	6.09175e-06
216.52	6.06052e-06
216.54	6.02948e-06
216.56	5.99864e-06
216.58	5.968e-06
216.6	5.93755e-06
216.62	5.9073e-06
216.64	5.87724e-06
216.66	5.84737e-06
216.68	5.81769e-06
216.7	5.7882e-06
216.72	5.75889e-06
216.74	5.72978e-06
216.76	5.70085e-06
216.78	5.6721e-06
216.8	5.64354e-06
216.82	5.61515e-06
216.84	5.58695e-06
216.86	5.55893e-06
216.88	5.53108e-06
216.9	5.50342e-06
216.92	5.47593e-06
216.94	5.44861e-06
216.96	5.42147e-06
216.98	5.3945e-06
217	5.3677e-06
217.02	5.34108e-06
217.04	5.31462e-06
217.06	5.28833e-06
217.08	5.26221e-06
217.1	5.23625e-06
217.12	5.21046e-06
217.14	5.18483e-06
217.16	5.15937e-06
217.18	5.13407e-06
217.2	5.10893e-06
217.22	5.08395e-06
217.24	5.05913e-06
217.26	5.03447e-06
217.28	5.00996e-06
217.3	4.98561e-06
217.32	4.96142e-06
217.34	4.93738e-06
217.36	4.91349e-06
217.38	4.88976e-06
217.4	4.86617e-06
217.42	4.84274e-06
217.44	4.81946e-06
217.46	4.79632e-06
217.48	4.77333e-06
217.5	4.75049e-06
217.52	4.7278e-06
217.54	4.70525e-06
217.56	4.68284e-06
217.58	4.66058e-06
217.6	4.63846e-06
217.62	4.61648e-06
217.64	4.59464e-06
217.66	4.57294e-06
217.68	4.55138e-06
217.7	4.52995e-06
217.72	4.50867e-06
217.74	4.48752e-06
217.76	4.4665e-06
217.78	4.44563e-06
217.8	4.42488e-06
217.82	4.40427e-06
217.84	4.38379e-06
217.86	4.36344e-06
217.88	4.34322e-06
217.9	4.32313e-06
217.92	4.30317e-06
217.94	4.28334e-06
217.96	4.26363e-06
217.98	4.24406e-06
218	4.2246e-06
218.02	4.20528e-06
218.04	4.18607e-06
218.06	4.167e-06
218.08	4.14804e-06
218.1	4.12921e-06
218.12	4.1105e-06
218.14	4.09191e-06
218.16	4.07343e-06
218.18	4.05508e-06
218.2	4.03685e-06
218.22	4.01874e-06
218.24	4.00074e-06
218.26	3.98286e-06
218.28	3.96509e-06
218.3	3.94744e-06
218.32	3.92991e-06
218.34	3.91249e-06
218.36	3.89518e-06
218.38	3.87798e-06
218.4	3.8609e-06
218.42	3.84393e-06
218.44	3.82707e-06
218.46	3.81032e-06
218.48	3.79368e-06
218.5	3.77714e-06
218.52	3.76072e-06
218.54	3.7444e-06
218.56	3.72819e-06
218.58	3.71209e-06
218.6	3.69609e-06
218.62	3.6802e-06
218.64	3.66441e-06
218.66	3.64873e-06
218.68	3.63315e-06
218.7	3.61767e-06
218.72	3.6023e-06
218.74	3.58702e-06
218.76	3.57185e-06
218.78	3.55678e-06
218.8	3.54181e-06
218.82	3.52694e-06
218.84	3.51216e-06
218.86	3.49749e-06
218.88	3.48291e-06
218.9	3.46844e-06
218.92	3.45405e-06
218.94	3.43977e-06
218.96	3.42558e-06
218.98	3.41149e-06
219	3.39749e-06
219.02	3.38358e-06
219.04	3.36977e-06
219.06	3.35606e-06
219.08	3.34244e-06
219.1	3.3289e-06
219.12	3.31547e-06
219.14	3.30212e-06
219.16	3.28886e-06
219.18	3.2757e-06
219.2	3.26262e-06
219.22	3.24964e-06
219.24	3.23674e-06
219.26	3.22394e-06
219.28	3.21122e-06
219.3	3.19859e-06
219.32	3.18605e-06
219.34	3.17359e-06
219.36	3.16122e-06
219.38	3.14894e-06
219.4	3.13675e-06
219.42	3.12464e-06
219.44	3.11261e-06
219.46	3.10067e-06
219.48	3.08882e-06
219.5	3.07705e-06
219.52	3.06536e-06
219.54	3.05376e-06
219.56	3.04224e-06
219.58	3.0308e-06
219.6	3.01944e-06
219.62	3.00817e-06
219.64	2.99698e-06
219.66	2.98587e-06
219.68	2.97484e-06
219.7	2.96389e-06
219.72	2.95302e-06
219.74	2.94223e-06
219.76	2.93153e-06
219.78	2.9209e-06
219.8	2.91035e-06
219.82	2.89988e-06
219.84	2.88949e-06
219.86	2.87917e-06
219.88	2.86894e-06
219.9	2.85878e-06
219.92	2.8487e-06
219.94	2.8387e-06
219.96	2.82877e-06
219.98	2.81892e-06
220	2.80915e-06
220.02	2.79945e-06
220.04	2.78983e-06
220.06	2.78029e-06
220.08	2.77082e-06
220.1	2.76143e-06
220.12	2.75211e-06
220.14	2.74287e-06
220.16	2.7337e-06
220.18	2.72461e-06
220.2	2.71559e-06
220.22	2.70665e-06
220.24	2.69778e-06
220.26	2.68898e-06
220.28	2.68026e-06
220.3	2.67161e-06
220.32	2.66304e-06
220.34	2.65454e-06
220.36	2.64611e-06
220.38	2.63776e-06
220.4	2.62948e-06
220.42	2.62127e-06
220.44	2.61314e-06
220.46	2.60508e-06
220.48	2.59709e-06
220.5	2.58918e-06
220.52	2.58133e-06
220.54	2.57357e-06
220.56	2.56587e-06
220.58	2.55825e-06
220.6	2.5507e-06
220.62	2.54322e-06
220.64	2.53582e-06
220.66	2.52849e-06
220.68	2.52123e-06
220.7	2.51405e-06
220.72	2.50693e-06
220.74	2.4999e-06
220.76	2.49293e-06
220.78	2.48604e-06
220.8	2.47923e-06
220.82	2.47248e-06
220.84	2.46582e-06
220.86	2.45922e-06
220.88	2.4527e-06
220.9	2.44626e-06
220.92	2.43989e-06
220.94	2.4336e-06
220.96	2.42738e-06
220.98	2.42124e-06
221	2.41517e-06
221.02	2.40918e-06
221.04	2.40327e-06
221.06	2.39744e-06
221.08	2.39168e-06
221.1	2.38601e-06
221.12	2.38041e-06
221.14	2.37489e-06
221.16	2.36945e-06
221.18	2.3641e-06
221.2	2.35882e-06
221.22	2.35363e-06
221.24	2.34852e-06
221.26	2.34349e-06
221.28	2.33855e-06
221.3	2.3337e-06
221.32	2.32893e-06
221.34	2.32425e-06
221.36	2.31966e-06
221.38	2.31515e-06
221.4	2.31074e-06
221.42	2.30643e-06
221.44	2.3022e-06
221.46	2.29807e-06
221.48	2.29404e-06
221.5	2.29011e-06
221.52	2.28628e-06
221.54	2.28255e-06
221.56	2.27893e-06
221.58	2.27541e-06
221.6	2.272e-06
221.62	2.26871e-06
221.64	2.26553e-06
221.66	2.26246e-06
221.68	2.25952e-06
221.7	2.25671e-06
221.72	2.25402e-06
221.74	2.25146e-06
221.76	2.24904e-06
221.78	2.24677e-06
221.8	2.24464e-06
221.82	2.24266e-06
221.84	2.24085e-06
221.86	2.2392e-06
221.88	2.23773e-06
221.9	2.23644e-06
221.92	2.23535e-06
221.94	2.23446e-06
221.96	2.23379e-06
221.98	2.23335e-06
222	2.23316e-06
222.02	2.23323e-06
222.04	2.2336e-06
222.06	2.23428e-06
222.08	2.2353e-06
222.1	2.23671e-06
222.12	2.23854e-06
222.14	2.24085e-06
222.16	2.24371e-06
222.18	2.24721e-06
222.2	2.25145e-06
222.22	2.25659e-06
222.24	2.26286e-06
222.26	2.27057e-06
222.28	2.28022e-06
222.3	2.29268e-06
222.32	2.30957e-06
222.34	2.33443e-06
222.36	2.37588e-06
222.38	2.45404e-06
222.4	2.60879e-06
222.42	2.88611e-06
222.44	3.32687e-06
222.46	4.01211e-06
222.48	5.07817e-06
222.5	6.67627e-06
222.52	8.97422e-06
222.54	1.22096e-05
222.56	1.66729e-05
222.58	2.25988e-05
222.6	3.00474e-05
222.62	3.88115e-05
222.64	4.84334e-05
222.66	5.83848e-05
222.68	6.82344e-05
222.7	7.7685e-05
222.72	8.65466e-05
222.74	9.47121e-05
222.76	0.000102145
222.78	0.000108863
222.8	0.000114919
222.82	0.000120377
222.84	0.000125306
222.86	0.000129769
222.88	0.000133825
222.9	0.000137522
222.92	0.000140907
222.94	0.000144016
222.96	0.000146883
222.98	0.000149535
223	0.000151996
223.02	0.000154288
223.04	0.000156427
223.06	0.000158428
223.08	0.000160304
223.1	0.000162066
223.12	0.000163723
223.14	0.000165283
223.16	0.000166754
223.18	0.000168141
223.2	0.00016945
223.22	0.000170685
223.24	0.000171852
223.26	0.000172954
223.28	0.000173995
223.3	0.000174978
223.32	0.000175905
223.34	0.000176781
223.36	0.000177607
223.38	0.000178385
223.4	0.000179119
223.42	0.000179809
223.44	0.000180459
223.46	0.000181069
223.48	0.000181642
223.5	0.000182179
223.52	0.000182681
223.54	0.00018315
223.56	0.000183587
223.58	0.000183993
223.6	0.00018437
223.62	0.000184718
223.64	0.000185038
223.66	0.000185331
223.68	0.000185599
223.7	0.000185841
223.72	0.000186058
223.74	0.000186251
223.76	0.000186421
223.78	0.000186567
223.8	0.000186691
223.82	0.000186793
223.84	0.000186874
223.86	0.000186933
223.88	0.000186971
223.9	0.000186988
223.92	0.000186985
223.94	0.000186961
223.96	0.000186918
223.98	0.000186855
224	0.000186772
224.02	0.00018667
224.04	0.00018655
224.06	0.00018641
224.08	0.000186251
224.1	0.000186074
224.12	0.000185878
224.14	0.000185664
224.16	0.000185433
224.18	0.000185183
224.2	0.000184916
224.22	0.000184631
224.24	0.000184329
224.26	0.000184009
224.28	0.000183673
224.3	0.00018332
224.32	0.000182951
224.34	0.000182565
224.36	0.000182163
224.38	0.000181746
224.4	0.000181313
224.42	0.000180865
224.44	0.000180401
224.46	0.000179923
224.48	0.00017943
224.5	0.000178923
224.52	0.000178402
224.54	0.000177868
224.56	0.00017732
224.58	0.000176759
224.6	0.000176185
224.62	0.000175599
224.64	0.000175
224.66	0.00017439
224.68	0.000173768
224.7	0.000173135
224.72	0.000172491
224.74	0.000171837
224.76	0.000171173
224.78	0.000170498
224.8	0.000169814
224.82	0.000169121
224.84	0.000168419
224.86	0.000167708
224.88	0.000166989
224.9	0.000166262
224.92	0.000165528
224.94	0.000164786
224.96	0.000164037
224.98	0.000163282
225	0.00016252
225.02	0.000161752
225.04	0.000160979
225.06	0.0001602
225.08	0.000159416
225.1	0.000158627
225.12	0.000157834
225.14	0.000157036
225.16	0.000156234
225.18	0.000155429
225.2	0.00015462
225.22	0.000153808
225.24	0.000152994
225.26	0.000152176
225.28	0.000151356
225.3	0.000150534
225.32	0.00014971
225.34	0.000148884
225.36	0.000148057
225.38	0.000147228
225.4	0.000146399
225.42	0.000145568
225.44	0.000144737
225.46	0.000143906
225.48	0.000143074
225.5	0.000142242
225.52	0.000141411
225.54	0.000140579
225.56	0.000139749
225.58	0.000138918
225.6	0.000138089
225.62	0.00013726
225.64	0.000136433
225.66	0.000135607
225.68	0.000134782
225.7	0.000133959
225.72	0.000133137
225.74	0.000132318
225.76	0.0001315
225.78	0.000130684
225.8	0.00012987
225.82	0.000129059
225.84	0.000128249
225.86	0.000127443
225.88	0.000126639
225.9	0.000125837
225.92	0.000125038
225.94	0.000124242
225.96	0.000123449
225.98	0.000122659
226	0.000121872
226.02	0.000121088
226.04	0.000120308
226.06	0.00011953
226.08	0.000118756
226.1	0.000117985
226.12	0.000117218
226.14	0.000116454
226.16	0.000115693
226.18	0.000114936
226.2	0.000114183
226.22	0.000113434
226.24	0.000112688
226.26	0.000111946
226.28	0.000111207
226.3	0.000110473
226.32	0.000109742
226.34	0.000109015
226.36	0.000108292
226.38	0.000107573
226.4	0.000106858
226.42	0.000106146
226.44	0.000105439
226.46	0.000104736
226.48	0.000104037
226.5	0.000103341
226.52	0.00010265
226.54	0.000101963
226.56	0.00010128
226.58	0.000100601
226.6	9.99254e-05
226.62	9.92544e-05
226.64	9.85874e-05
226.66	9.79245e-05
226.68	9.72657e-05
226.7	9.66109e-05
226.72	9.59602e-05
226.74	9.53135e-05
226.76	9.46709e-05
226.78	9.40324e-05
226.8	9.33979e-05
226.82	9.27674e-05
226.84	9.2141e-05
226.86	9.15186e-05
226.88	9.09002e-05
226.9	9.02859e-05
226.92	8.96755e-05
226.94	8.90691e-05
226.96	8.84667e-05
226.98	8.78683e-05
227	8.72738e-05
227.02	8.66833e-05
227.04	8.60967e-05
227.06	8.5514e-05
227.08	8.49352e-05
227.1	8.43603e-05
227.12	8.37893e-05
227.14	8.32221e-05
227.16	8.26588e-05
227.18	8.20992e-05
227.2	8.15435e-05
227.22	8.09916e-05
227.24	8.04434e-05
227.26	7.9899e-05
227.28	7.93583e-05
227.3	7.88213e-05
227.32	7.82881e-05
227.34	7.77585e-05
227.36	7.72325e-05
227.38	7.67102e-05
227.4	7.61915e-05
227.42	7.56764e-05
227.44	7.51649e-05
227.46	7.4657e-05
227.48	7.41526e-05
227.5	7.36517e-05
227.52	7.31543e-05
227.54	7.26604e-05
227.56	7.21699e-05
227.58	7.16829e-05
227.6	7.11993e-05
227.62	7.07191e-05
227.64	7.02423e-05
227.66	6.97688e-05
227.68	6.92986e-05
227.7	6.88318e-05
227.72	6.83682e-05
227.74	6.7908e-05
227.76	6.74509e-05
227.78	6.69971e-05
227.8	6.65465e-05
227.82	6.60991e-05
227.84	6.56549e-05
227.86	6.52137e-05
227.88	6.47758e-05
227.9	6.43409e-05
227.92	6.39091e-05
227.94	6.34803e-05
227.96	6.30546e-05
227.98	6.26319e-05
228	6.22122e-05
228.02	6.17955e-05
228.04	6.13818e-05
228.06	6.09709e-05
228.08	6.0563e-05
228.1	6.0158e-05
228.12	5.97559e-05
228.14	5.93566e-05
228.16	5.89602e-05
228.18	5.85665e-05
228.2	5.81757e-05
228.22	5.77876e-05
228.24	5.74023e-05
228.26	5.70197e-05
228.28	5.66399e-05
228.3	5.62627e-05
228.32	5.58882e-05
228.34	5.55164e-05
228.36	5.51472e-05
228.38	5.47807e-05
228.4	5.44167e-05
228.42	5.40553e-05
228.44	5.36965e-05
228.46	5.33402e-05
228.48	5.29865e-05
228.5	5.26352e-05
228.52	5.22865e-05
228.54	5.19402e-05
228.56	5.15964e-05
228.58	5.1255e-05
228.6	5.0916e-05
228.62	5.05795e-05
228.64	5.02453e-05
228.66	4.99135e-05
228.68	4.9584e-05
228.7	4.92568e-05
228.72	4.8932e-05
228.74	4.86095e-05
228.76	4.82892e-05
228.78	4.79712e-05
228.8	4.76555e-05
228.82	4.73419e-05
228.84	4.70306e-05
228.86	4.67215e-05
228.88	4.64146e-05
228.9	4.61098e-05
228.92	4.58072e-05
228.94	4.55067e-05
228.96	4.52084e-05
228.98	4.49121e-05
229	4.46179e-05
229.02	4.43258e-05
229.04	4.40358e-05
229.06	4.37477e-05
229.08	4.34618e-05
229.1	4.31778e-05
229.12	4.28958e-05
229.14	4.26158e-05
229.16	4.23377e-05
229.18	4.20616e-05
229.2	4.17875e-05
229.22	4.15153e-05
229.24	4.12449e-05
229.26	4.09765e-05
229.28	4.071e-05
229.3	4.04453e-05
229.32	4.01824e-05
229.34	3.99214e-05
229.36	3.96623e-05
229.38	3.94049e-05
229.4	3.91493e-05
229.42	3.88956e-05
229.44	3.86436e-05
229.46	3.83933e-05
229.48	3.81448e-05
229.5	3.7898e-05
229.52	3.7653e-05
229.54	3.74097e-05
229.56	3.7168e-05
229.58	3.6928e-05
229.6	3.66898e-05
229.62	3.64531e-05
229.64	3.62181e-05
229.66	3.59848e-05
229.68	3.5753e-05
229.7	3.55229e-05
229.72	3.52944e-05
229.74	3.50674e-05
229.76	3.48421e-05
229.78	3.46183e-05
229.8	3.4396e-05
229.82	3.41753e-05
229.84	3.39561e-05
229.86	3.37384e-05
229.88	3.35223e-05
229.9	3.33076e-05
229.92	3.30944e-05
229.94	3.28827e-05
229.96	3.26724e-05
229.98	3.24637e-05
230	3.22563e-05
230.02	3.20504e-05
230.04	3.18459e-05
230.06	3.16428e-05
230.08	3.14411e-05
230.1	3.12408e-05
230.12	3.10419e-05
230.14	3.08443e-05
230.16	3.06481e-05
230.18	3.04533e-05
230.2	3.02598e-05
230.22	3.00676e-05
230.24	2.98767e-05
230.26	2.96872e-05
230.28	2.94989e-05
230.3	2.9312e-05
230.32	2.91263e-05
230.34	2.89419e-05
230.36	2.87588e-05
230.38	2.85769e-05
230.4	2.83963e-05
230.42	2.82169e-05
230.44	2.80388e-05
230.46	2.78618e-05
230.48	2.76861e-05
230.5	2.75116e-05
230.52	2.73382e-05
230.54	2.71661e-05
230.56	2.69951e-05
230.58	2.68253e-05
230.6	2.66566e-05
230.62	2.64891e-05
230.64	2.63228e-05
230.66	2.61575e-05
230.68	2.59934e-05
230.7	2.58305e-05
230.72	2.56686e-05
230.74	2.55078e-05
230.76	2.53482e-05
230.78	2.51896e-05
230.8	2.50321e-05
230.82	2.48756e-05
230.84	2.47202e-05
230.86	2.45659e-05
230.88	2.44127e-05
230.9	2.42604e-05
230.92	2.41092e-05
230.94	2.39591e-05
230.96	2.38099e-05
230.98	2.36618e-05
231	2.35146e-05
231.02	2.33685e-05
231.04	2.32233e-05
231.06	2.30792e-05
231.08	2.2936e-05
231.1	2.27937e-05
231.12	2.26525e-05
231.14	2.25122e-05
231.16	2.23728e-05
231.18	2.22344e-05
231.2	2.20969e-05
231.22	2.19604e-05
231.24	2.18247e-05
231.26	2.169e-05
231.28	2.15562e-05
231.3	2.14233e-05
231.32	2.12913e-05
231.34	2.11602e-05
231.36	2.10299e-05
231.38	2.09006e-05
231.4	2.07721e-05
231.42	2.06444e-05
231.44	2.05177e-05
231.46	2.03918e-05
231.48	2.02667e-05
231.5	2.01425e-05
231.52	2.00191e-05
231.54	1.98965e-05
231.56	1.97748e-05
231.58	1.96538e-05
231.6	1.95337e-05
231.62	1.94144e-05
231.64	1.92959e-05
231.66	1.91782e-05
231.68	1.90613e-05
231.7	1.89451e-05
231.72	1.88298e-05
231.74	1.87152e-05
231.76	1.86013e-05
231.78	1.84883e-05
231.8	1.8376e-05
231.82	1.82644e-05
231.84	1.81536e-05
231.86	1.80435e-05
231.88	1.79342e-05
231.9	1.78256e-05
231.92	1.77177e-05
231.94	1.76105e-05
231.96	1.75041e-05
231.98	1.73983e-05
232	1.72933e-05
232.02	1.7189e-05
232.04	1.70853e-05
232.06	1.69824e-05
232.08	1.68801e-05
232.1	1.67785e-05
232.12	1.66776e-05
232.14	1.65774e-05
232.16	1.64778e-05
232.18	1.63789e-05
232.2	1.62807e-05
232.22	1.61831e-05
232.24	1.60861e-05
232.26	1.59898e-05
232.28	1.58942e-05
232.3	1.57991e-05
232.32	1.57047e-05
232.34	1.5611e-05
232.36	1.55178e-05
232.38	1.54253e-05
232.4	1.53333e-05
232.42	1.5242e-05
232.44	1.51513e-05
232.46	1.50612e-05
232.48	1.49717e-05
232.5	1.48828e-05
232.52	1.47945e-05
232.54	1.47067e-05
232.56	1.46196e-05
232.58	1.4533e-05
232.6	1.44469e-05
232.62	1.43615e-05
232.64	1.42766e-05
232.66	1.41923e-05
232.68	1.41085e-05
232.7	1.40253e-05
232.72	1.39426e-05
232.74	1.38605e-05
232.76	1.37789e-05
232.78	1.36979e-05
232.8	1.36174e-05
232.82	1.35374e-05
232.84	1.34579e-05
232.86	1.3379e-05
232.88	1.33006e-05
232.9	1.32227e-05
232.92	1.31453e-05
232.94	1.30684e-05
232.96	1.29921e-05
232.98	1.29162e-05
233	1.28408e-05
233.02	1.2766e-05
233.04	1.26916e-05
233.06	1.26177e-05
233.08	1.25443e-05
233.1	1.24713e-05
233.12	1.23989e-05
233.14	1.23269e-05
233.16	1.22554e-05
233.18	1.21844e-05
233.2	1.21138e-05
233.22	1.20437e-05
233.24	1.1974e-05
233.26	1.19049e-05
233.28	1.18361e-05
233.3	1.17678e-05
233.32	1.17e-05
233.34	1.16326e-05
233.36	1.15656e-05
233.38	1.14991e-05
233.4	1.1433e-05
233.42	1.13673e-05
233.44	1.13021e-05
233.46	1.12373e-05
233.48	1.11729e-05
233.5	1.11089e-05
233.52	1.10454e-05
233.54	1.09823e-05
233.56	1.09195e-05
233.58	1.08572e-05
233.6	1.07953e-05
233.62	1.07338e-05
233.64	1.06727e-05
233.66	1.0612e-05
233.68	1.05517e-05
233.7	1.04918e-05
233.72	1.04323e-05
233.74	1.03731e-05
233.76	1.03143e-05
233.78	1.0256e-05
233.8	1.0198e-05
233.82	1.01404e-05
233.84	1.00831e-05
233.86	1.00262e-05
233.88	9.96972e-06
233.9	9.91358e-06
233.92	9.8578e-06
233.94	9.80239e-06
233.96	9.74733e-06
233.98	9.69263e-06
234	9.63829e-06
234.02	9.58429e-06
234.04	9.53065e-06
234.06	9.47735e-06
234.08	9.4244e-06
234.1	9.37179e-06
234.12	9.31952e-06
234.14	9.26759e-06
234.16	9.216e-06
234.18	9.16473e-06
234.2	9.1138e-06
234.22	9.0632e-06
234.24	9.01292e-06
234.26	8.96297e-06
234.28	8.91334e-06
234.3	8.86403e-06
234.32	8.81504e-06
234.34	8.76637e-06
234.36	8.71801e-06
234.38	8.66996e-06
234.4	8.62222e-06
234.42	8.57479e-06
234.44	8.52766e-06
234.46	8.48084e-06
234.48	8.43432e-06
234.5	8.3881e-06
234.52	8.34217e-06
234.54	8.29654e-06
234.56	8.25121e-06
234.58	8.20616e-06
234.6	8.16141e-06
234.62	8.11694e-06
234.64	8.07276e-06
234.66	8.02887e-06
234.68	7.98525e-06
234.7	7.94192e-06
234.72	7.89886e-06
234.74	7.85608e-06
234.76	7.81358e-06
234.78	7.77134e-06
234.8	7.72938e-06
234.82	7.68769e-06
234.84	7.64626e-06
234.86	7.60511e-06
234.88	7.56421e-06
234.9	7.52358e-06
234.92	7.4832e-06
234.94	7.44309e-06
234.96	7.40323e-06
234.98	7.36363e-06
235	7.32428e-06
235.02	7.28518e-06
235.04	7.24633e-06
235.06	7.20774e-06
235.08	7.16938e-06
235.1	7.13128e-06
235.12	7.09342e-06
235.14	7.0558e-06
235.16	7.01842e-06
235.18	6.98127e-06
235.2	6.94437e-06
235.22	6.9077e-06
235.24	6.87127e-06
235.26	6.83507e-06
235.28	6.7991e-06
235.3	6.76336e-06
235.32	6.72784e-06
235.34	6.69256e-06
235.36	6.6575e-06
235.38	6.62266e-06
235.4	6.58805e-06
235.42	6.55365e-06
235.44	6.51948e-06
235.46	6.48552e-06
235.48	6.45178e-06
235.5	6.41826e-06
235.52	6.38494e-06
235.54	6.35185e-06
235.56	6.31896e-06
235.58	6.28628e-06
235.6	6.25381e-06
235.62	6.22154e-06
235.64	6.18949e-06
235.66	6.15763e-06
235.68	6.12598e-06
235.7	6.09453e-06
235.72	6.06328e-06
235.74	6.03223e-06
235.76	6.00138e-06
235.78	5.97072e-06
235.8	5.94026e-06
235.82	5.91e-06
235.84	5.87992e-06
235.86	5.85004e-06
235.88	5.82035e-06
235.9	5.79084e-06
235.92	5.76153e-06
235.94	5.7324e-06
235.96	5.70345e-06
235.98	5.67469e-06
236	5.64611e-06
236.02	5.61772e-06
236.04	5.5895e-06
236.06	5.56147e-06
236.08	5.53361e-06
236.1	5.50593e-06
236.12	5.47843e-06
236.14	5.4511e-06
236.16	5.42394e-06
236.18	5.39696e-06
236.2	5.37015e-06
236.22	5.34351e-06
236.24	5.31704e-06
236.26	5.29074e-06
236.28	5.26461e-06
236.3	5.23864e-06
236.32	5.21283e-06
236.34	5.1872e-06
236.36	5.16172e-06
236.38	5.13641e-06
236.4	5.11125e-06
236.42	5.08626e-06
236.44	5.06143e-06
236.46	5.03675e-06
236.48	5.01223e-06
236.5	4.98787e-06
236.52	4.96367e-06
236.54	4.93961e-06
236.56	4.91571e-06
236.58	4.89197e-06
236.6	4.86837e-06
236.62	4.84493e-06
236.64	4.82163e-06
236.66	4.79848e-06
236.68	4.77548e-06
236.7	4.75263e-06
236.72	4.72992e-06
236.74	4.70736e-06
236.76	4.68494e-06
236.78	4.66267e-06
236.8	4.64054e-06
236.82	4.61854e-06
236.84	4.59669e-06
236.86	4.57498e-06
236.88	4.55341e-06
236.9	4.53197e-06
236.92	4.51068e-06
236.94	4.48952e-06
236.96	4.46849e-06
236.98	4.4476e-06
237	4.42684e-06
237.02	4.40622e-06
237.04	4.38572e-06
237.06	4.36536e-06
237.08	4.34513e-06
237.1	4.32503e-06
237.12	4.30506e-06
237.14	4.28522e-06
237.16	4.2655e-06
237.18	4.24591e-06
237.2	4.22645e-06
237.22	4.20711e-06
237.24	4.1879e-06
237.26	4.16881e-06
237.28	4.14984e-06
237.3	4.131e-06
237.32	4.11227e-06
237.34	4.09367e-06
237.36	4.07519e-06
237.38	4.05683e-06
237.4	4.03858e-06
237.42	4.02046e-06
237.44	4.00245e-06
237.46	3.98455e-06
237.48	3.96678e-06
237.5	3.94912e-06
237.52	3.93157e-06
237.54	3.91414e-06
237.56	3.89682e-06
237.58	3.87961e-06
237.6	3.86252e-06
237.62	3.84554e-06
237.64	3.82866e-06
237.66	3.8119e-06
237.68	3.79525e-06
237.7	3.77871e-06
237.72	3.76227e-06
237.74	3.74594e-06
237.76	3.72972e-06
237.78	3.71361e-06
237.8	3.6976e-06
237.82	3.68169e-06
237.84	3.66589e-06
237.86	3.6502e-06
237.88	3.63461e-06
237.9	3.61912e-06
237.92	3.60373e-06
237.94	3.58845e-06
237.96	3.57327e-06
237.98	3.55818e-06
238	3.5432e-06
238.02	3.52832e-06
238.04	3.51354e-06
238.06	3.49885e-06
238.08	3.48426e-06
238.1	3.46977e-06
238.12	3.45538e-06
238.14	3.44109e-06
238.16	3.42689e-06
238.18	3.41278e-06
238.2	3.39877e-06
238.22	3.38486e-06
238.24	3.37104e-06
238.26	3.35731e-06
238.28	3.34367e-06
238.3	3.33013e-06
238.32	3.31668e-06
238.34	3.30332e-06
238.36	3.29006e-06
238.38	3.27688e-06
238.4	3.26379e-06
238.42	3.2508e-06
238.44	3.23789e-06
238.46	3.22507e-06
238.48	3.21234e-06
238.5	3.1997e-06
238.52	3.18715e-06
238.54	3.17468e-06
238.56	3.1623e-06
238.58	3.15001e-06
238.6	3.1378e-06
238.62	3.12568e-06
238.64	3.11365e-06
238.66	3.10169e-06
238.68	3.08983e-06
238.7	3.07805e-06
238.72	3.06635e-06
238.74	3.05473e-06
238.76	3.0432e-06
238.78	3.03175e-06
238.8	3.02038e-06
238.82	3.0091e-06
238.84	2.9979e-06
238.86	2.98677e-06
238.88	2.97573e-06
238.9	2.96477e-06
238.92	2.95389e-06
238.94	2.94309e-06
238.96	2.93237e-06
238.98	2.92173e-06
239	2.91117e-06
239.02	2.90069e-06
239.04	2.89028e-06
239.06	2.87996e-06
239.08	2.86971e-06
239.1	2.85954e-06
239.12	2.84945e-06
239.14	2.83943e-06
239.16	2.82949e-06
239.18	2.81963e-06
239.2	2.80985e-06
239.22	2.80014e-06
239.24	2.79051e-06
239.26	2.78095e-06
239.28	2.77147e-06
239.3	2.76206e-06
239.32	2.75273e-06
239.34	2.74348e-06
239.36	2.73429e-06
239.38	2.72519e-06
239.4	2.71616e-06
239.42	2.7072e-06
239.44	2.69832e-06
239.46	2.68951e-06
239.48	2.68077e-06
239.5	2.67211e-06
239.52	2.66352e-06
239.54	2.65501e-06
239.56	2.64657e-06
239.58	2.6382e-06
239.6	2.62991e-06
239.62	2.62168e-06
239.64	2.61354e-06
239.66	2.60546e-06
239.68	2.59746e-06
239.7	2.58953e-06
239.72	2.58167e-06
239.74	2.57389e-06
239.76	2.56618e-06
239.78	2.55854e-06
239.8	2.55097e-06
239.82	2.54348e-06
239.84	2.53606e-06
239.86	2.52871e-06
239.88	2.52144e-06
239.9	2.51424e-06
239.92	2.50711e-06
239.94	2.50006e-06
239.96	2.49308e-06
239.98	2.48617e-06
240	2.47933e-06
240.02	2.47257e-06
240.04	2.46589e-06
240.06	2.45928e-06
240.08	2.45274e-06
240.1	2.44628e-06
240.12	2.43989e-06
240.14	2.43357e-06
240.16	2.42734e-06
240.18	2.42117e-06
240.2	2.41509e-06
240.22	2.40908e-06
240.24	2.40315e-06
240.26	2.39729e-06
240.28	2.39152e-06
240.3	2.38582e-06
240.32	2.3802e-06
240.34	2.37466e-06
240.36	2.36919e-06
240.38	2.36381e-06
240.4	2.35851e-06
240.42	2.3533e-06
240.44	2.34816e-06
240.46	2.34311e-06
240.48	2.33814e-06
240.5	2.33326e-06
240.52	2.32846e-06
240.54	2.32376e-06
240.56	2.31913e-06
240.58	2.3146e-06
240.6	2.31016e-06
240.62	2.30581e-06
240.64	2.30156e-06
240.66	2.2974e-06
240.68	2.29333e-06
240.7	2.28936e-06
240.72	2.2855e-06
240.74	2.28173e-06
240.76	2.27807e-06
240.78	2.27451e-06
240.8	2.27106e-06
240.82	2.26773e-06
240.84	2.2645e-06
240.86	2.2614e-06
240.88	2.25841e-06
240.9	2.25554e-06
240.92	2.2528e-06
240.94	2.25019e-06
240.96	2.24772e-06
240.98	2.24539e-06
241	2.2432e-06
241.02	2.24116e-06
241.04	2.23927e-06
241.06	2.23756e-06
241.08	2.23601e-06
241.1	2.23464e-06
241.12	2.23346e-06
241.14	2.23248e-06
241.16	2.23171e-06
241.18	2.23117e-06
241.2	2.23086e-06
241.22	2.23081e-06
241.24	2.23105e-06
241.26	2.23158e-06
241.28	2.23244e-06
241.3	2.23366e-06
241.32	2.23529e-06
241.34	2.23737e-06
241.36	2.23996e-06
241.38	2.24314e-06
241.4	2.24701e-06
241.42	2.2517e-06
241.44	2.25739e-06
241.46	2.26435e-06
241.48	2.27298e-06
241.5	2.28394e-06
241.52	2.2984e-06
241.54	2.31873e-06
241.56	2.35048e-06
241.58	2.4073e-06
241.6	2.51816e-06
241.62	2.72953e-06
241.64	3.08401e-06
241.66	3.63496e-06
241.68	4.49556e-06
241.7	5.81456e-06
241.72	7.74565e-06
241.74	1.0488e-05
241.76	1.43155e-05
241.78	1.9506e-05
241.8	2.62183e-05
241.82	3.43829e-05
241.84	4.365e-05
241.86	5.34985e-05
241.88	6.3438e-05
241.9	7.31076e-05
241.92	8.22695e-05
241.94	9.07784e-05
241.96	9.85648e-05
241.98	0.000105623
242	0.00011199
242.02	0.000117728
242.04	0.000122905
242.06	0.000127585
242.08	0.000131831
242.1	0.000135696
242.12	0.000139226
242.14	0.000142464
242.16	0.000145444
242.18	0.000148196
242.2	0.000150747
242.22	0.000153118
242.24	0.000155328
242.26	0.000157394
242.28	0.000159329
242.3	0.000161145
242.32	0.000162851
242.34	0.000164456
242.36	0.000165969
242.38	0.000167395
242.4	0.000168741
242.42	0.000170011
242.44	0.00017121
242.46	0.000172343
242.48	0.000173412
242.5	0.000174422
242.52	0.000175376
242.54	0.000176276
242.56	0.000177125
242.58	0.000177926
242.6	0.000178681
242.62	0.000179391
242.64	0.00018006
242.66	0.000180689
242.68	0.000181279
242.7	0.000181833
242.72	0.000182351
242.74	0.000182836
242.76	0.000183288
242.78	0.000183708
242.8	0.000184099
242.82	0.00018446
242.84	0.000184794
242.86	0.0001851
242.88	0.000185379
242.9	0.000185633
242.92	0.000185862
242.94	0.000186066
242.96	0.000186247
242.98	0.000186404
243	0.000186539
243.02	0.000186651
243.04	0.000186742
243.06	0.000186811
243.08	0.000186859
243.1	0.000186886
243.12	0.000186892
243.14	0.000186878
243.16	0.000186844
243.18	0.00018679
243.2	0.000186717
243.22	0.000186624
243.24	0.000186513
243.26	0.000186382
243.28	0.000186232
243.3	0.000186063
243.32	0.000185877
243.34	0.000185671
243.36	0.000185448
243.38	0.000185207
243.4	0.000184948
243.42	0.000184672
243.44	0.000184378
243.46	0.000184066
243.48	0.000183738
243.5	0.000183393
243.52	0.000183032
243.54	0.000182654
243.56	0.00018226
243.58	0.00018185
243.6	0.000181425
243.62	0.000180984
243.64	0.000180527
243.66	0.000180056
243.68	0.000179571
243.7	0.000179071
243.72	0.000178556
243.74	0.000178028
243.76	0.000177487
243.78	0.000176932
243.8	0.000176365
243.82	0.000175785
243.84	0.000175192
243.86	0.000174588
243.88	0.000173972
243.9	0.000173344
243.92	0.000172706
243.94	0.000172056
243.96	0.000171397
243.98	0.000170727
244	0.000170048
244.02	0.00016936
244.04	0.000168662
244.06	0.000167956
244.08	0.000167241
244.1	0.000166518
244.12	0.000165787
244.14	0.000165049
244.16	0.000164304
244.18	0.000163552
244.2	0.000162794
244.22	0.000162029
244.24	0.000161259
244.26	0.000160483
244.28	0.000159702
244.3	0.000158915
244.32	0.000158124
244.34	0.000157329
244.36	0.00015653
244.38	0.000155727
244.4	0.00015492
244.42	0.00015411
244.44	0.000153297
244.46	0.000152481
244.48	0.000151662
244.5	0.000150842
244.52	0.000150019
244.54	0.000149194
244.56	0.000148368
244.58	0.000147541
244.6	0.000146712
244.62	0.000145882
244.64	0.000145052
244.66	0.000144221
244.68	0.00014339
244.7	0.000142559
244.72	0.000141727
244.74	0.000140896
244.76	0.000140066
244.78	0.000139235
244.8	0.000138406
244.82	0.000137577
244.84	0.00013675
244.86	0.000135924
244.88	0.000135099
244.9	0.000134275
244.92	0.000133453
244.94	0.000132633
244.96	0.000131815
244.98	0.000130998
245	0.000130184
245.02	0.000129372
245.04	0.000128562
245.06	0.000127755
245.08	0.00012695
245.1	0.000126148
245.12	0.000125348
245.14	0.000124551
245.16	0.000123757
245.18	0.000122966
245.2	0.000122178
245.22	0.000121393
245.24	0.000120611
245.26	0.000119833
245.28	0.000119057
245.3	0.000118285
245.32	0.000117517
245.34	0.000116751
245.36	0.00011599
245.38	0.000115232
245.4	0.000114477
245.42	0.000113726
245.44	0.000112979
245.46	0.000112236
245.48	0.000111496
245.5	0.00011076
245.52	0.000110028
245.54	0.0001093
245.56	0.000108575
245.58	0.000107855
245.6	0.000107138
245.62	0.000106425
245.64	0.000105717
245.66	0.000105012
245.68	0.000104311
245.7	0.000103614
245.72	0.000102921
245.74	0.000102233
245.76	0.000101548
245.78	0.000100867
245.8	0.000100191
245.82	9.95183e-05
245.84	9.88498e-05
245.86	9.81853e-05
245.88	9.7525e-05
245.9	9.68687e-05
245.92	9.62164e-05
245.94	9.55682e-05
245.96	9.49241e-05
245.98	9.4284e-05
246	9.3648e-05
246.02	9.3016e-05
246.04	9.2388e-05
246.06	9.17641e-05
246.08	9.11442e-05
246.1	9.05283e-05
246.12	8.99164e-05
246.14	8.93085e-05
246.16	8.87046e-05
246.18	8.81046e-05
246.2	8.75086e-05
246.22	8.69166e-05
246.24	8.63285e-05
246.26	8.57443e-05
246.28	8.5164e-05
246.3	8.45876e-05
246.32	8.40151e-05
246.34	8.34464e-05
246.36	8.28816e-05
246.38	8.23206e-05
246.4	8.17634e-05
246.42	8.121e-05
246.44	8.06604e-05
246.46	8.01145e-05
246.48	7.95724e-05
246.5	7.9034e-05
246.52	7.84993e-05
246.54	7.79683e-05
246.56	7.74409e-05
246.58	7.69172e-05
246.6	7.63971e-05
246.62	7.58807e-05
246.64	7.53678e-05
246.66	7.48584e-05
246.68	7.43527e-05
246.7	7.38504e-05
246.72	7.33516e-05
246.74	7.28564e-05
246.76	7.23646e-05
246.78	7.18762e-05
246.8	7.13913e-05
246.82	7.09098e-05
246.84	7.04316e-05
246.86	6.99568e-05
246.88	6.94854e-05
246.9	6.90173e-05
246.92	6.85524e-05
246.94	6.80909e-05
246.96	6.76326e-05
246.98	6.71775e-05
247	6.67256e-05
247.02	6.6277e-05
247.04	6.58315e-05
247.06	6.53892e-05
247.08	6.495e-05
247.1	6.45139e-05
247.12	6.40809e-05
247.14	6.36509e-05
247.16	6.3224e-05
247.18	6.28002e-05
247.2	6.23793e-05
247.22	6.19614e-05
247.24	6.15465e-05
247.26	6.11345e-05
247.28	6.07255e-05
247.3	6.03193e-05
247.32	5.99161e-05
247.34	5.95157e-05
247.36	5.91181e-05
247.38	5.87234e-05
247.4	5.83315e-05
247.42	5.79423e-05
247.44	5.75559e-05
247.46	5.71723e-05
247.48	5.67913e-05
247.5	5.64131e-05
247.52	5.60376e-05
247.54	5.56647e-05
247.56	5.52945e-05
247.58	5.49269e-05
247.6	5.45619e-05
247.62	5.41995e-05
247.64	5.38397e-05
247.66	5.34824e-05
247.68	5.31277e-05
247.7	5.27755e-05
247.72	5.24257e-05
247.74	5.20785e-05
247.76	5.17337e-05
247.78	5.13914e-05
247.8	5.10514e-05
247.82	5.07139e-05
247.84	5.03788e-05
247.86	5.0046e-05
247.88	4.97156e-05
247.9	4.93876e-05
247.92	4.90618e-05
247.94	4.87384e-05
247.96	4.84172e-05
247.98	4.80983e-05
248	4.77817e-05
248.02	4.74673e-05
248.04	4.71551e-05
248.06	4.68452e-05
248.08	4.65374e-05
248.1	4.62318e-05
248.12	4.59283e-05
248.14	4.5627e-05
248.16	4.53278e-05
248.18	4.50307e-05
248.2	4.47357e-05
248.22	4.44427e-05
248.24	4.41519e-05
248.26	4.3863e-05
248.28	4.35762e-05
248.3	4.32915e-05
248.32	4.30087e-05
248.34	4.27279e-05
248.36	4.24491e-05
248.38	4.21722e-05
248.4	4.18973e-05
248.42	4.16243e-05
248.44	4.13532e-05
248.46	4.1084e-05
248.48	4.08167e-05
248.5	4.05513e-05
248.52	4.02877e-05
248.54	4.0026e-05
248.56	3.97661e-05
248.58	3.9508e-05
248.6	3.92518e-05
248.62	3.89973e-05
248.64	3.87446e-05
248.66	3.84936e-05
248.68	3.82444e-05
248.7	3.7997e-05
248.72	3.77512e-05
248.74	3.75072e-05
248.76	3.72649e-05
248.78	3.70243e-05
248.8	3.67853e-05
248.82	3.6548e-05
248.84	3.63124e-05
248.86	3.60784e-05
248.88	3.5846e-05
248.9	3.56152e-05
248.92	3.5386e-05
248.94	3.51585e-05
248.96	3.49325e-05
248.98	3.4708e-05
249	3.44852e-05
249.02	3.42638e-05
249.04	3.4044e-05
249.06	3.38258e-05
249.08	3.3609e-05
249.1	3.33937e-05
249.12	3.31799e-05
249.14	3.29676e-05
249.16	3.27568e-05
249.18	3.25474e-05
249.2	3.23395e-05
249.22	3.2133e-05
249.24	3.19279e-05
249.26	3.17243e-05
249.28	3.1522e-05
249.3	3.13212e-05
249.32	3.11217e-05
249.34	3.09236e-05
249.36	3.07268e-05
249.38	3.05315e-05
249.4	3.03374e-05
249.42	3.01447e-05
249.44	2.99533e-05
249.46	2.97633e-05
249.48	2.95745e-05
249.5	2.9387e-05
249.52	2.92008e-05
249.54	2.90159e-05
249.56	2.88323e-05
249.58	2.86499e-05
249.6	2.84688e-05
249.62	2.82889e-05
249.64	2.81103e-05
249.66	2.79328e-05
249.68	2.77566e-05
249.7	2.75816e-05
249.72	2.74078e-05
249.74	2.72351e-05
249.76	2.70637e-05
249.78	2.68934e-05
249.8	2.67243e-05
249.82	2.65563e-05
249.84	2.63895e-05
249.86	2.62238e-05
249.88	2.60593e-05
249.9	2.58958e-05
249.92	2.57335e-05
249.94	2.55723e-05
249.96	2.54122e-05
249.98	2.52532e-05
250	2.50952e-05
250.02	2.49384e-05
250.04	2.47826e-05
250.06	2.46278e-05
250.08	2.44741e-05
250.1	2.43215e-05
250.12	2.41698e-05
250.14	2.40193e-05
250.16	2.38697e-05
250.18	2.37211e-05
250.2	2.35736e-05
250.22	2.34271e-05
250.24	2.32815e-05
250.26	2.31369e-05
250.28	2.29933e-05
250.3	2.28507e-05
250.32	2.27091e-05
250.34	2.25684e-05
250.36	2.24286e-05
250.38	2.22898e-05
250.4	2.2152e-05
250.42	2.2015e-05
250.44	2.1879e-05
250.46	2.17439e-05
250.48	2.16098e-05
250.5	2.14765e-05
250.52	2.13441e-05
250.54	2.12126e-05
250.56	2.1082e-05
250.58	2.09523e-05
250.6	2.08235e-05
250.62	2.06955e-05
250.64	2.05684e-05
250.66	2.04421e-05
250.68	2.03167e-05
250.7	2.01921e-05
250.72	2.00684e-05
250.74	1.99455e-05
250.76	1.98234e-05
250.78	1.97022e-05
250.8	1.95817e-05
250.82	1.94621e-05
250.84	1.93432e-05
250.86	1.92252e-05
250.88	1.91079e-05
250.9	1.89915e-05
250.92	1.88758e-05
250.94	1.87609e-05
250.96	1.86468e-05
250.98	1.85334e-05
251	1.84208e-05
251.02	1.83089e-05
251.04	1.81978e-05
251.06	1.80874e-05
251.08	1.79778e-05
251.1	1.78689e-05
251.12	1.77607e-05
251.14	1.76532e-05
251.16	1.75465e-05
251.18	1.74404e-05
251.2	1.73351e-05
251.22	1.72305e-05
251.24	1.71266e-05
251.26	1.70233e-05
251.28	1.69208e-05
251.3	1.68189e-05
251.32	1.67178e-05
251.34	1.66172e-05
251.36	1.65174e-05
251.38	1.64182e-05
251.4	1.63197e-05
251.42	1.62218e-05
251.44	1.61246e-05
251.46	1.60281e-05
251.48	1.59321e-05
251.5	1.58368e-05
251.52	1.57422e-05
251.54	1.56481e-05
251.56	1.55547e-05
251.58	1.54619e-05
251.6	1.53698e-05
251.62	1.52782e-05
251.64	1.51873e-05
251.66	1.50969e-05
251.68	1.50071e-05
251.7	1.4918e-05
251.72	1.48294e-05
251.74	1.47414e-05
251.76	1.4654e-05
251.78	1.45672e-05
251.8	1.44809e-05
251.82	1.43952e-05
251.84	1.43101e-05
251.86	1.42256e-05
251.88	1.41416e-05
251.9	1.40581e-05
251.92	1.39752e-05
251.94	1.38929e-05
251.96	1.38111e-05
251.98	1.37298e-05
252	1.36491e-05
252.02	1.35689e-05
252.04	1.34892e-05
252.06	1.34101e-05
252.08	1.33314e-05
252.1	1.32533e-05
252.12	1.31757e-05
252.14	1.30986e-05
252.16	1.30221e-05
252.18	1.2946e-05
252.2	1.28704e-05
252.22	1.27953e-05
252.24	1.27207e-05
252.26	1.26466e-05
252.28	1.2573e-05
252.3	1.24999e-05
252.32	1.24273e-05
252.34	1.23551e-05
252.36	1.22834e-05
252.38	1.22121e-05
252.4	1.21414e-05
252.42	1.20711e-05
252.44	1.20012e-05
252.46	1.19319e-05
252.48	1.18629e-05
252.5	1.17944e-05
252.52	1.17264e-05
252.54	1.16588e-05
252.56	1.15917e-05
252.58	1.1525e-05
252.6	1.14587e-05
252.62	1.13928e-05
252.64	1.13274e-05
252.66	1.12625e-05
252.68	1.11979e-05
252.7	1.11338e-05
252.72	1.107e-05
252.74	1.10067e-05
252.76	1.09438e-05
252.78	1.08813e-05
252.8	1.08193e-05
252.82	1.07576e-05
252.84	1.06963e-05
252.86	1.06354e-05
252.88	1.0575e-05
252.9	1.05149e-05
252.92	1.04552e-05
252.94	1.03959e-05
252.96	1.0337e-05
252.98	1.02784e-05
253	1.02203e-05
253.02	1.01625e-05
253.04	1.01051e-05
253.06	1.00481e-05
253.08	9.99139e-06
253.1	9.93509e-06
253.12	9.87916e-06
253.14	9.8236e-06
253.16	9.76839e-06
253.18	9.71354e-06
253.2	9.65904e-06
253.22	9.6049e-06
253.24	9.55111e-06
253.26	9.49766e-06
253.28	9.44456e-06
253.3	9.39181e-06
253.32	9.33939e-06
253.34	9.28732e-06
253.36	9.23558e-06
253.38	9.18418e-06
253.4	9.13311e-06
253.42	9.08236e-06
253.44	9.03195e-06
253.46	8.98186e-06
253.48	8.93209e-06
253.5	8.88265e-06
253.52	8.83352e-06
253.54	8.78471e-06
253.56	8.73622e-06
253.58	8.68804e-06
253.6	8.64016e-06
253.62	8.5926e-06
253.64	8.54534e-06
253.66	8.49839e-06
253.68	8.45174e-06
253.7	8.40539e-06
253.72	8.35934e-06
253.74	8.31359e-06
253.76	8.26813e-06
253.78	8.22296e-06
253.8	8.17808e-06
253.82	8.13349e-06
253.84	8.08919e-06
253.86	8.04517e-06
253.88	8.00144e-06
253.9	7.95798e-06
253.92	7.91481e-06
253.94	7.87191e-06
253.96	7.82929e-06
253.98	7.78694e-06
254	7.74486e-06
254.02	7.70305e-06
254.04	7.66151e-06
254.06	7.62024e-06
254.08	7.57923e-06
254.1	7.53848e-06
254.12	7.49799e-06
254.14	7.45777e-06
254.16	7.4178e-06
254.18	7.37809e-06
254.2	7.33863e-06
254.22	7.29942e-06
254.24	7.26047e-06
254.26	7.22176e-06
254.28	7.1833e-06
254.3	7.14509e-06
254.32	7.10712e-06
254.34	7.06939e-06
254.36	7.03191e-06
254.38	6.99466e-06
254.4	6.95766e-06
254.42	6.92089e-06
254.44	6.88435e-06
254.46	6.84805e-06
254.48	6.81198e-06
254.5	6.77614e-06
254.52	6.74052e-06
254.54	6.70514e-06
254.56	6.66998e-06
254.58	6.63505e-06
254.6	6.60033e-06
254.62	6.56584e-06
254.64	6.53157e-06
254.66	6.49752e-06
254.68	6.46368e-06
254.7	6.43007e-06
254.72	6.39666e-06
254.74	6.36347e-06
254.76	6.33049e-06
254.78	6.29772e-06
254.8	6.26515e-06
254.82	6.2328e-06
254.84	6.20065e-06
254.86	6.16871e-06
254.88	6.13697e-06
254.9	6.10543e-06
254.92	6.07409e-06
254.94	6.04295e-06
254.96	6.01201e-06
254.98	5.98127e-06
255	5.95072e-06
255.02	5.92037e-06
255.04	5.89021e-06
255.06	5.86024e-06
255.08	5.83046e-06
255.1	5.80087e-06
255.12	5.77147e-06
255.14	5.74226e-06
255.16	5.71323e-06
255.18	5.68439e-06
255.2	5.65573e-06
255.22	5.62725e-06
255.24	5.59896e-06
255.26	5.57084e-06
255.28	5.5429e-06
255.3	5.51514e-06
255.32	5.48756e-06
255.34	5.46015e-06
255.36	5.43292e-06
255.38	5.40586e-06
255.4	5.37897e-06
255.42	5.35225e-06
255.44	5.32571e-06
255.46	5.29933e-06
255.48	5.27312e-06
255.5	5.24707e-06
255.52	5.22119e-06
255.54	5.19548e-06
255.56	5.16993e-06
255.58	5.14454e-06
255.6	5.11932e-06
255.62	5.09425e-06
255.64	5.06934e-06
255.66	5.0446e-06
255.68	5.02001e-06
255.7	4.99557e-06
255.72	4.97129e-06
255.74	4.94717e-06
255.76	4.9232e-06
255.78	4.89938e-06
255.8	4.87572e-06
255.82	4.8522e-06
255.84	4.82884e-06
255.86	4.80562e-06
255.88	4.78255e-06
255.9	4.75963e-06
255.92	4.73686e-06
255.94	4.71423e-06
255.96	4.69174e-06
255.98	4.6694e-06
256	4.6472e-06
256.02	4.62514e-06
256.04	4.60322e-06
256.06	4.58145e-06
256.08	4.55981e-06
256.1	4.53831e-06
256.12	4.51695e-06
256.14	4.49572e-06
256.16	4.47463e-06
256.18	4.45367e-06
256.2	4.43285e-06
256.22	4.41216e-06
256.24	4.39161e-06
256.26	4.37119e-06
256.28	4.35089e-06
256.3	4.33073e-06
256.32	4.3107e-06
256.34	4.29079e-06
256.36	4.27101e-06
256.38	4.25136e-06
256.4	4.23184e-06
256.42	4.21244e-06
256.44	4.19316e-06
256.46	4.17401e-06
256.48	4.15499e-06
256.5	4.13608e-06
256.52	4.1173e-06
256.54	4.09864e-06
256.56	4.0801e-06
256.58	4.06168e-06
256.6	4.04337e-06
256.62	4.02519e-06
256.64	4.00712e-06
256.66	3.98917e-06
256.68	3.97134e-06
256.7	3.95362e-06
256.72	3.93602e-06
256.74	3.91853e-06
256.76	3.90115e-06
256.78	3.88389e-06
256.8	3.86674e-06
256.82	3.8497e-06
256.84	3.83277e-06
256.86	3.81595e-06
256.88	3.79924e-06
256.9	3.78264e-06
256.92	3.76615e-06
256.94	3.74977e-06
256.96	3.73349e-06
256.98	3.71732e-06
257	3.70126e-06
257.02	3.6853e-06
257.04	3.66945e-06
257.06	3.6537e-06
257.08	3.63805e-06
257.1	3.62251e-06
257.12	3.60707e-06
257.14	3.59173e-06
257.16	3.57649e-06
257.18	3.56136e-06
257.2	3.54632e-06
257.22	3.53139e-06
257.24	3.51655e-06
257.26	3.50181e-06
257.28	3.48717e-06
257.3	3.47263e-06
257.32	3.45818e-06
257.34	3.44383e-06
257.36	3.42958e-06
257.38	3.41542e-06
257.4	3.40136e-06
257.42	3.3874e-06
257.44	3.37352e-06
257.46	3.35974e-06
257.48	3.34606e-06
257.5	3.33246e-06
257.52	3.31896e-06
257.54	3.30555e-06
257.56	3.29223e-06
257.58	3.279e-06
257.6	3.26587e-06
257.62	3.25282e-06
257.64	3.23986e-06
257.66	3.22699e-06
257.68	3.21421e-06
257.7	3.20152e-06
257.72	3.18891e-06
257.74	3.17639e-06
257.76	3.16396e-06
257.78	3.15162e-06
257.8	3.13936e-06
257.82	3.12719e-06
257.84	3.1151e-06
257.86	3.1031e-06
257.88	3.09118e-06
257.9	3.07935e-06
257.92	3.0676e-06
257.94	3.05593e-06
257.96	3.04435e-06
257.98	3.03285e-06
258	3.02143e-06
258.02	3.01009e-06
258.04	2.99884e-06
258.06	2.98766e-06
258.08	2.97657e-06
258.1	2.96556e-06
258.12	2.95463e-06
258.14	2.94377e-06
258.16	2.933e-06
258.18	2.92231e-06
258.2	2.9117e-06
258.22	2.90116e-06
258.24	2.8907e-06
258.26	2.88033e-06
258.28	2.87003e-06
258.3	2.8598e-06
258.32	2.84966e-06
258.34	2.83959e-06
258.36	2.8296e-06
258.38	2.81968e-06
258.4	2.80985e-06
258.42	2.80008e-06
258.44	2.7904e-06
258.46	2.78079e-06
258.48	2.77125e-06
258.5	2.76179e-06
258.52	2.7524e-06
258.54	2.74309e-06
258.56	2.73386e-06
258.58	2.7247e-06
258.6	2.71561e-06
258.62	2.7066e-06
258.64	2.69766e-06
258.66	2.68879e-06
258.68	2.68e-06
258.7	2.67128e-06
258.72	2.66264e-06
258.74	2.65406e-06
258.76	2.64556e-06
258.78	2.63714e-06
258.8	2.62879e-06
258.82	2.6205e-06
258.84	2.6123e-06
258.86	2.60416e-06
258.88	2.5961e-06
258.9	2.58811e-06
258.92	2.58019e-06
258.94	2.57234e-06
258.96	2.56457e-06
258.98	2.55687e-06
259	2.54924e-06
259.02	2.54168e-06
259.04	2.5342e-06
259.06	2.52679e-06
259.08	2.51945e-06
259.1	2.51218e-06
259.12	2.50499e-06
259.14	2.49787e-06
259.16	2.49082e-06
259.18	2.48384e-06
259.2	2.47694e-06
259.22	2.4701e-06
259.24	2.46335e-06
259.26	2.45666e-06
259.28	2.45005e-06
259.3	2.44351e-06
259.32	2.43705e-06
259.34	2.43066e-06
259.36	2.42435e-06
259.38	2.41811e-06
259.4	2.41194e-06
259.42	2.40585e-06
259.44	2.39984e-06
259.46	2.3939e-06
259.48	2.38804e-06
259.5	2.38226e-06
259.52	2.37655e-06
259.54	2.37092e-06
259.56	2.36537e-06
259.58	2.3599e-06
259.6	2.3545e-06
259.62	2.34919e-06
259.64	2.34396e-06
259.66	2.33881e-06
259.68	2.33374e-06
259.7	2.32876e-06
259.72	2.32386e-06
259.74	2.31904e-06
259.76	2.31431e-06
259.78	2.30967e-06
259.8	2.30511e-06
259.82	2.30064e-06
259.84	2.29627e-06
259.86	2.29198e-06
259.88	2.28779e-06
259.9	2.28369e-06
259.92	2.27969e-06
259.94	2.27579e-06
259.96	2.27198e-06
259.98	2.26828e-06
260	2.26468e-06
260.02	2.26119e-06
260.04	2.2578e-06
260.06	2.25453e-06
260.08	2.25137e-06
260.1	2.24832e-06
260.12	2.2454e-06
260.14	2.24259e-06
260.16	2.23992e-06
260.18	2.23737e-06
260.2	2.23496e-06
260.22	2.23269e-06
260.24	2.23056e-06
260.26	2.22859e-06
260.28	2.22677e-06
260.3	2.22512e-06
260.32	2.22363e-06
260.34	2.22233e-06
260.36	2.22122e-06
260.38	2.22031e-06
260.4	2.21961e-06
260.42	2.21914e-06
260.44	2.21891e-06
260.46	2.21894e-06
260.48	2.21925e-06
260.5	2.21987e-06
260.52	2.22082e-06
260.54	2.22214e-06
260.56	2.22386e-06
260.58	2.22605e-06
260.6	2.22876e-06
260.62	2.23208e-06
260.64	2.2361e-06
260.66	2.24097e-06
260.68	2.24689e-06
260.7	2.25413e-06
260.72	2.26314e-06
260.74	2.27464e-06
260.76	2.28996e-06
260.78	2.31187e-06
260.8	2.34696e-06
260.82	2.41124e-06
260.84	2.53785e-06
260.86	2.77346e-06
260.88	3.15919e-06
260.9	3.75822e-06
260.92	4.69401e-06
260.94	6.11679e-06
260.96	8.18395e-06
260.98	1.11097e-05
261	1.51775e-05
261.02	2.0651e-05
261.04	2.76523e-05
261.06	3.60575e-05
261.08	4.5469e-05
261.1	5.53578e-05
261.12	6.5256e-05
261.14	7.48299e-05
261.16	8.38619e-05
261.18	9.22228e-05
261.2	9.98566e-05
261.22	0.000106768
261.24	0.000113
261.26	0.000118618
261.28	0.000123687
261.3	0.000128274
261.32	0.000132437
261.34	0.00013623
261.36	0.000139698
261.38	0.00014288
261.4	0.000145811
261.42	0.00014852
261.44	0.000151032
261.46	0.000153369
261.48	0.000155548
261.5	0.000157586
261.52	0.000159496
261.54	0.000161288
261.56	0.000162973
261.58	0.000164559
261.6	0.000166053
261.62	0.000167462
261.64	0.000168792
261.66	0.000170047
261.68	0.000171232
261.7	0.000172351
261.72	0.000173408
261.74	0.000174406
261.76	0.000175348
261.78	0.000176238
261.8	0.000177077
261.82	0.000177868
261.84	0.000178614
261.86	0.000179316
261.88	0.000179976
261.9	0.000180597
261.92	0.000181179
261.94	0.000181726
261.96	0.000182237
261.98	0.000182715
262	0.000183161
262.02	0.000183575
262.04	0.00018396
262.06	0.000184315
262.08	0.000184643
262.1	0.000184944
262.12	0.000185218
262.14	0.000185467
262.16	0.000185691
262.18	0.000185891
262.2	0.000186067
262.22	0.00018622
262.24	0.00018635
262.26	0.000186459
262.28	0.000186545
262.3	0.00018661
262.32	0.000186654
262.34	0.000186677
262.36	0.00018668
262.38	0.000186662
262.4	0.000186625
262.42	0.000186567
262.44	0.000186491
262.46	0.000186394
262.48	0.000186279
262.5	0.000186145
262.52	0.000185992
262.54	0.00018582
262.56	0.00018563
262.58	0.000185422
262.6	0.000185196
262.62	0.000184952
262.64	0.00018469
262.66	0.00018441
262.68	0.000184113
262.7	0.0001838
262.72	0.000183469
262.74	0.000183121
262.76	0.000182757
262.78	0.000182377
262.8	0.00018198
262.82	0.000181568
262.84	0.00018114
262.86	0.000180697
262.88	0.000180238
262.9	0.000179765
262.92	0.000179277
262.94	0.000178775
262.96	0.000178259
262.98	0.000177729
263	0.000177186
263.02	0.000176629
263.04	0.00017606
263.06	0.000175478
263.08	0.000174884
263.1	0.000174278
263.12	0.000173661
263.14	0.000173032
263.16	0.000172392
263.18	0.000171742
263.2	0.000171081
263.22	0.000170411
263.24	0.000169731
263.26	0.000169041
263.28	0.000168343
263.3	0.000167635
263.32	0.00016692
263.34	0.000166197
263.36	0.000165465
263.38	0.000164727
263.4	0.000163981
263.42	0.000163229
263.44	0.00016247
263.46	0.000161706
263.48	0.000160935
263.5	0.000160159
263.52	0.000159378
263.54	0.000158592
263.56	0.000157801
263.58	0.000157006
263.6	0.000156206
263.62	0.000155404
263.64	0.000154597
263.66	0.000153787
263.68	0.000152975
263.7	0.000152159
263.72	0.000151341
263.74	0.000150521
263.76	0.000149699
263.78	0.000148875
263.8	0.00014805
263.82	0.000147223
263.84	0.000146395
263.86	0.000145566
263.88	0.000144737
263.9	0.000143907
263.92	0.000143077
263.94	0.000142246
263.96	0.000141416
263.98	0.000140586
264	0.000139757
264.02	0.000138928
264.04	0.000138099
264.06	0.000137272
264.08	0.000136446
264.1	0.000135621
264.12	0.000134797
264.14	0.000133975
264.16	0.000133154
264.18	0.000132335
264.2	0.000131518
264.22	0.000130703
264.24	0.00012989
264.26	0.00012908
264.28	0.000128271
264.3	0.000127465
264.32	0.000126662
264.34	0.000125861
264.36	0.000125063
264.38	0.000124267
264.4	0.000123475
264.42	0.000122685
264.44	0.000121899
264.46	0.000121115
264.48	0.000120335
264.5	0.000119558
264.52	0.000118784
264.54	0.000118014
264.56	0.000117247
264.58	0.000116483
264.6	0.000115723
264.62	0.000114967
264.64	0.000114214
264.66	0.000113464
264.68	0.000112719
264.7	0.000111977
264.72	0.000111239
264.74	0.000110504
264.76	0.000109774
264.78	0.000109047
264.8	0.000108324
264.82	0.000107605
264.84	0.00010689
264.86	0.000106179
264.88	0.000105472
264.9	0.000104769
264.92	0.00010407
264.94	0.000103375
264.96	0.000102683
264.98	0.000101996
265	0.000101313
265.02	0.000100634
265.04	9.99591e-05
265.06	9.92881e-05
265.08	9.86212e-05
265.1	9.79583e-05
265.12	9.72995e-05
265.14	9.66447e-05
265.16	9.5994e-05
265.18	9.53474e-05
265.2	9.47048e-05
265.22	9.40662e-05
265.24	9.34317e-05
265.26	9.28013e-05
265.28	9.21748e-05
265.3	9.15524e-05
265.32	9.0934e-05
265.34	9.03196e-05
265.36	8.97092e-05
265.38	8.91028e-05
265.4	8.85003e-05
265.42	8.79018e-05
265.44	8.73073e-05
265.46	8.67167e-05
265.48	8.613e-05
265.5	8.55473e-05
265.52	8.49684e-05
265.54	8.43934e-05
265.56	8.38223e-05
265.58	8.32551e-05
265.6	8.26916e-05
265.62	8.2132e-05
265.64	8.15762e-05
265.66	8.10242e-05
265.68	8.04759e-05
265.7	7.99314e-05
265.72	7.93907e-05
265.74	7.88536e-05
265.76	7.83202e-05
265.78	7.77905e-05
265.8	7.72645e-05
265.82	7.67421e-05
265.84	7.62233e-05
265.86	7.57081e-05
265.88	7.51965e-05
265.9	7.46884e-05
265.92	7.41839e-05
265.94	7.36829e-05
265.96	7.31854e-05
265.98	7.26914e-05
266	7.22008e-05
266.02	7.17137e-05
266.04	7.123e-05
266.06	7.07497e-05
266.08	7.02727e-05
266.1	6.97991e-05
266.12	6.93289e-05
266.14	6.88619e-05
266.16	6.83982e-05
266.18	6.79378e-05
266.2	6.74807e-05
266.22	6.70268e-05
266.24	6.65761e-05
266.26	6.61285e-05
266.28	6.56842e-05
266.3	6.52429e-05
266.32	6.48048e-05
266.34	6.43698e-05
266.36	6.39379e-05
266.38	6.3509e-05
266.4	6.30832e-05
266.42	6.26604e-05
266.44	6.22406e-05
266.46	6.18238e-05
266.48	6.14099e-05
266.5	6.0999e-05
266.52	6.05909e-05
266.54	6.01858e-05
266.56	5.97836e-05
266.58	5.93842e-05
266.6	5.89876e-05
266.62	5.85939e-05
266.64	5.82029e-05
266.66	5.78147e-05
266.68	5.74293e-05
266.7	5.70466e-05
266.72	5.66666e-05
266.74	5.62894e-05
266.76	5.59148e-05
266.78	5.55428e-05
266.8	5.51735e-05
266.82	5.48069e-05
266.84	5.44428e-05
266.86	5.40813e-05
266.88	5.37224e-05
266.9	5.3366e-05
266.92	5.30121e-05
266.94	5.26608e-05
266.96	5.23119e-05
266.98	5.19655e-05
267	5.16216e-05
267.02	5.12801e-05
267.04	5.0941e-05
267.06	5.06043e-05
267.08	5.027e-05
267.1	4.99381e-05
267.12	4.96085e-05
267.14	4.92813e-05
267.16	4.89563e-05
267.18	4.86337e-05
267.2	4.83133e-05
267.22	4.79952e-05
267.24	4.76794e-05
267.26	4.73657e-05
267.28	4.70543e-05
267.3	4.67451e-05
267.32	4.64381e-05
267.34	4.61332e-05
267.36	4.58305e-05
267.38	4.55299e-05
267.4	4.52314e-05
267.42	4.49351e-05
267.44	4.46408e-05
267.46	4.43486e-05
267.48	4.40584e-05
267.5	4.37703e-05
267.52	4.34842e-05
267.54	4.32001e-05
267.56	4.2918e-05
267.58	4.26379e-05
267.6	4.23598e-05
267.62	4.20836e-05
267.64	4.18094e-05
267.66	4.1537e-05
267.68	4.12666e-05
267.7	4.09981e-05
267.72	4.07314e-05
267.74	4.04666e-05
267.76	4.02037e-05
267.78	3.99426e-05
267.8	3.96834e-05
267.82	3.94259e-05
267.84	3.91702e-05
267.86	3.89164e-05
267.88	3.86643e-05
267.9	3.84139e-05
267.92	3.81653e-05
267.94	3.79185e-05
267.96	3.76733e-05
267.98	3.74299e-05
268	3.71882e-05
268.02	3.69481e-05
268.04	3.67097e-05
268.06	3.6473e-05
268.08	3.62379e-05
268.1	3.60045e-05
268.12	3.57726e-05
268.14	3.55424e-05
268.16	3.53138e-05
268.18	3.50868e-05
268.2	3.48613e-05
268.22	3.46374e-05
268.24	3.44151e-05
268.26	3.41943e-05
268.28	3.3975e-05
268.3	3.37573e-05
268.32	3.3541e-05
268.34	3.33262e-05
268.36	3.3113e-05
268.38	3.29012e-05
268.4	3.26908e-05
268.42	3.2482e-05
268.44	3.22745e-05
268.46	3.20685e-05
268.48	3.18639e-05
268.5	3.16608e-05
268.52	3.1459e-05
268.54	3.12586e-05
268.56	3.10596e-05
268.58	3.0862e-05
268.6	3.06657e-05
268.62	3.04708e-05
268.64	3.02772e-05
268.66	3.00849e-05
268.68	2.9894e-05
268.7	2.97044e-05
268.72	2.9516e-05
268.74	2.9329e-05
268.76	2.91433e-05
268.78	2.89588e-05
268.8	2.87756e-05
268.82	2.85936e-05
268.84	2.84129e-05
268.86	2.82335e-05
268.88	2.80552e-05
268.9	2.78782e-05
268.92	2.77024e-05
268.94	2.75278e-05
268.96	2.73544e-05
268.98	2.71821e-05
269	2.70111e-05
269.02	2.68412e-05
269.04	2.66725e-05
269.06	2.65049e-05
269.08	2.63385e-05
269.1	2.61732e-05
269.12	2.6009e-05
269.14	2.58459e-05
269.16	2.5684e-05
269.18	2.55232e-05
269.2	2.53634e-05
269.22	2.52048e-05
269.24	2.50472e-05
269.26	2.48907e-05
269.28	2.47352e-05
269.3	2.45808e-05
269.32	2.44275e-05
269.34	2.42752e-05
269.36	2.41239e-05
269.38	2.39737e-05
269.4	2.38245e-05
269.42	2.36762e-05
269.44	2.3529e-05
269.46	2.33828e-05
269.48	2.32376e-05
269.5	2.30934e-05
269.52	2.29501e-05
269.54	2.28078e-05
269.56	2.26665e-05
269.58	2.25261e-05
269.6	2.23867e-05
269.62	2.22482e-05
269.64	2.21106e-05
269.66	2.1974e-05
269.68	2.18383e-05
269.7	2.17035e-05
269.72	2.15697e-05
269.74	2.14367e-05
269.76	2.13046e-05
269.78	2.11734e-05
269.8	2.10431e-05
269.82	2.09137e-05
269.84	2.07851e-05
269.86	2.06574e-05
269.88	2.05306e-05
269.9	2.04046e-05
269.92	2.02795e-05
269.94	2.01552e-05
269.96	2.00318e-05
269.98	1.99091e-05
270	1.97873e-05
270.02	1.96663e-05
270.04	1.95462e-05
270.06	1.94268e-05
270.08	1.93082e-05
270.1	1.91904e-05
270.12	1.90735e-05
270.14	1.89573e-05
270.16	1.88418e-05
270.18	1.87272e-05
270.2	1.86133e-05
270.22	1.85002e-05
270.24	1.83878e-05
270.26	1.82762e-05
270.28	1.81653e-05
270.3	1.80552e-05
270.32	1.79458e-05
270.34	1.78371e-05
270.36	1.77292e-05
270.38	1.76219e-05
270.4	1.75154e-05
270.42	1.74096e-05
270.44	1.73046e-05
270.46	1.72002e-05
270.48	1.70965e-05
270.5	1.69935e-05
270.52	1.68911e-05
270.54	1.67895e-05
270.56	1.66885e-05
270.58	1.65883e-05
270.6	1.64886e-05
270.62	1.63897e-05
270.64	1.62914e-05
270.66	1.61937e-05
270.68	1.60967e-05
270.7	1.60004e-05
270.72	1.59046e-05
270.74	1.58095e-05
270.76	1.57151e-05
270.78	1.56213e-05
270.8	1.55281e-05
270.82	1.54355e-05
270.84	1.53435e-05
270.86	1.52521e-05
270.88	1.51614e-05
270.9	1.50712e-05
270.92	1.49817e-05
270.94	1.48927e-05
270.96	1.48043e-05
270.98	1.47165e-05
271	1.46293e-05
271.02	1.45426e-05
271.04	1.44566e-05
271.06	1.43711e-05
271.08	1.42861e-05
271.1	1.42018e-05
271.12	1.41179e-05
271.14	1.40347e-05
271.16	1.3952e-05
271.18	1.38698e-05
271.2	1.37882e-05
271.22	1.37071e-05
271.24	1.36265e-05
271.26	1.35465e-05
271.28	1.3467e-05
271.3	1.3388e-05
271.32	1.33095e-05
271.34	1.32316e-05
271.36	1.31542e-05
271.38	1.30772e-05
271.4	1.30008e-05
271.42	1.29249e-05
271.44	1.28495e-05
271.46	1.27746e-05
271.48	1.27001e-05
271.5	1.26262e-05
271.52	1.25527e-05
271.54	1.24798e-05
271.56	1.24073e-05
271.58	1.23353e-05
271.6	1.22637e-05
271.62	1.21926e-05
271.64	1.2122e-05
271.66	1.20519e-05
271.68	1.19822e-05
271.7	1.19129e-05
271.72	1.18441e-05
271.74	1.17758e-05
271.76	1.17079e-05
271.78	1.16405e-05
271.8	1.15735e-05
271.82	1.15069e-05
271.84	1.14407e-05
271.86	1.1375e-05
271.88	1.13098e-05
271.9	1.12449e-05
271.92	1.11805e-05
271.94	1.11165e-05
271.96	1.10529e-05
271.98	1.09897e-05
272	1.0927e-05
272.02	1.08646e-05
272.04	1.08027e-05
272.06	1.07411e-05
272.08	1.068e-05
272.1	1.06192e-05
272.12	1.05589e-05
272.14	1.04989e-05
272.16	1.04393e-05
272.18	1.03802e-05
272.2	1.03214e-05
272.22	1.02629e-05
272.24	1.02049e-05
272.26	1.01472e-05
272.28	1.00899e-05
272.3	1.0033e-05
272.32	9.97648e-06
272.34	9.9203e-06
272.36	9.86449e-06
272.38	9.80903e-06
272.4	9.75394e-06
272.42	9.6992e-06
272.44	9.64481e-06
272.46	9.59078e-06
272.48	9.5371e-06
272.5	9.48377e-06
272.52	9.43078e-06
272.54	9.37813e-06
272.56	9.32582e-06
272.58	9.27385e-06
272.6	9.22222e-06
272.62	9.17092e-06
272.64	9.11995e-06
272.66	9.06931e-06
272.68	9.019e-06
272.7	8.96901e-06
272.72	8.91934e-06
272.74	8.87e-06
272.76	8.82097e-06
272.78	8.77226e-06
272.8	8.72386e-06
272.82	8.67578e-06
272.84	8.62801e-06
272.86	8.58054e-06
272.88	8.53338e-06
272.9	8.48652e-06
272.92	8.43996e-06
272.94	8.39371e-06
272.96	8.34775e-06
272.98	8.30208e-06
273	8.25671e-06
273.02	8.21164e-06
273.04	8.16685e-06
273.06	8.12235e-06
273.08	8.07813e-06
273.1	8.0342e-06
273.12	7.99056e-06
273.14	7.94719e-06
273.16	7.9041e-06
273.18	7.86129e-06
273.2	7.81875e-06
273.22	7.77648e-06
273.24	7.73449e-06
273.26	7.69276e-06
273.28	7.65131e-06
273.3	7.61011e-06
273.32	7.56918e-06
273.34	7.52852e-06
273.36	7.48811e-06
273.38	7.44797e-06
273.4	7.40808e-06
273.42	7.36844e-06
273.44	7.32906e-06
273.46	7.28993e-06
273.48	7.25105e-06
273.5	7.21242e-06
273.52	7.17404e-06
273.54	7.1359e-06
273.56	7.09801e-06
273.58	7.06036e-06
273.6	7.02295e-06
273.62	6.98578e-06
273.64	6.94884e-06
273.66	6.91214e-06
273.68	6.87568e-06
273.7	6.83945e-06
273.72	6.80345e-06
273.74	6.76768e-06
273.76	6.73213e-06
273.78	6.69682e-06
273.8	6.66173e-06
273.82	6.62686e-06
273.84	6.59222e-06
273.86	6.55779e-06
273.88	6.52359e-06
273.9	6.4896e-06
273.92	6.45583e-06
273.94	6.42228e-06
273.96	6.38894e-06
273.98	6.35581e-06
274	6.32289e-06
274.02	6.29019e-06
274.04	6.25769e-06
274.06	6.22539e-06
274.08	6.19331e-06
274.1	6.16143e-06
274.12	6.12975e-06
274.14	6.09827e-06
274.16	6.06699e-06
274.18	6.03591e-06
274.2	6.00503e-06
274.22	5.97435e-06
274.24	5.94386e-06
274.26	5.91357e-06
274.28	5.88346e-06
274.3	5.85355e-06
274.32	5.82383e-06
274.34	5.7943e-06
274.36	5.76496e-06
274.38	5.7358e-06
274.4	5.70683e-06
274.42	5.67804e-06
274.44	5.64944e-06
274.46	5.62101e-06
274.48	5.59277e-06
274.5	5.56471e-06
274.52	5.53683e-06
274.54	5.50912e-06
274.56	5.48159e-06
274.58	5.45424e-06
274.6	5.42705e-06
274.62	5.40005e-06
274.64	5.37321e-06
274.66	5.34654e-06
274.68	5.32005e-06
274.7	5.29372e-06
274.72	5.26756e-06
274.74	5.24156e-06
274.76	5.21573e-06
274.78	5.19007e-06
274.8	5.16457e-06
274.82	5.13923e-06
274.84	5.11405e-06
274.86	5.08903e-06
274.88	5.06418e-06
274.9	5.03947e-06
274.92	5.01493e-06
274.94	4.99054e-06
274.96	4.96631e-06
274.98	4.94223e-06
275	4.91831e-06
275.02	4.89454e-06
275.04	4.87092e-06
275.06	4.84745e-06
275.08	4.82413e-06
275.1	4.80096e-06
275.12	4.77793e-06
275.14	4.75505e-06
275.16	4.73232e-06
275.18	4.70973e-06
275.2	4.68729e-06
275.22	4.66499e-06
275.24	4.64283e-06
275.26	4.62082e-06
275.28	4.59894e-06
275.3	4.57721e-06
275.32	4.55561e-06
275.34	4.53415e-06
275.36	4.51283e-06
275.38	4.49164e-06
275.4	4.47059e-06
275.42	4.44968e-06
275.44	4.4289e-06
275.46	4.40825e-06
275.48	4.38773e-06
275.5	4.36735e-06
275.52	4.34709e-06
275.54	4.32697e-06
275.56	4.30697e-06
275.58	4.28711e-06
275.6	4.26737e-06
275.62	4.24775e-06
275.64	4.22827e-06
275.66	4.20891e-06
275.68	4.18967e-06
275.7	4.17055e-06
275.72	4.15156e-06
275.74	4.1327e-06
275.76	4.11395e-06
275.78	4.09532e-06
275.8	4.07682e-06
275.82	4.05843e-06
275.84	4.04016e-06
275.86	4.02201e-06
275.88	4.00398e-06
275.9	3.98607e-06
275.92	3.96827e-06
275.94	3.95058e-06
275.96	3.93301e-06
275.98	3.91556e-06
276	3.89822e-06
276.02	3.88099e-06
276.04	3.86387e-06
276.06	3.84686e-06
276.08	3.82997e-06
276.1	3.81318e-06
276.12	3.7965e-06
276.14	3.77994e-06
276.16	3.76348e-06
276.18	3.74713e-06
276.2	3.73088e-06
276.22	3.71475e-06
276.24	3.69871e-06
276.26	3.68279e-06
276.28	3.66696e-06
276.3	3.65125e-06
276.32	3.63563e-06
276.34	3.62012e-06
276.36	3.60471e-06
276.38	3.5894e-06
276.4	3.5742e-06
276.42	3.55909e-06
276.44	3.54408e-06
276.46	3.52918e-06
276.48	3.51437e-06
276.5	3.49966e-06
276.52	3.48505e-06
276.54	3.47054e-06
276.56	3.45612e-06
276.58	3.4418e-06
276.6	3.42758e-06
276.62	3.41345e-06
276.64	3.39942e-06
276.66	3.38548e-06
276.68	3.37163e-06
276.7	3.35788e-06
276.72	3.34422e-06
276.74	3.33066e-06
276.76	3.31718e-06
276.78	3.3038e-06
276.8	3.29051e-06
276.82	3.27731e-06
276.84	3.2642e-06
276.86	3.25118e-06
276.88	3.23825e-06
276.9	3.22541e-06
276.92	3.21265e-06
276.94	3.19999e-06
276.96	3.18741e-06
276.98	3.17492e-06
277	3.16251e-06
277.02	3.1502e-06
277.04	3.13796e-06
277.06	3.12582e-06
277.08	3.11376e-06
277.1	3.10178e-06
277.12	3.08989e-06
277.14	3.07808e-06
277.16	3.06636e-06
277.18	3.05472e-06
277.2	3.04316e-06
277.22	3.03168e-06
277.24	3.02029e-06
277.26	3.00898e-06
277.28	2.99775e-06
277.3	2.9866e-06
277.32	2.97554e-06
277.34	2.96455e-06
277.36	2.95364e-06
277.38	2.94282e-06
277.4	2.93207e-06
277.42	2.9214e-06
277.44	2.91081e-06
277.46	2.9003e-06
277.48	2.88987e-06
277.5	2.87952e-06
277.52	2.86924e-06
277.54	2.85905e-06
277.56	2.84892e-06
277.58	2.83888e-06
277.6	2.82891e-06
277.62	2.81902e-06
277.64	2.80921e-06
277.66	2.79947e-06
277.68	2.78981e-06
277.7	2.78023e-06
277.72	2.77071e-06
277.74	2.76128e-06
277.76	2.75192e-06
277.78	2.74263e-06
277.8	2.73342e-06
277.82	2.72429e-06
277.84	2.71522e-06
277.86	2.70623e-06
277.88	2.69732e-06
277.9	2.68848e-06
277.92	2.67971e-06
277.94	2.67102e-06
277.96	2.6624e-06
277.98	2.65385e-06
278	2.64538e-06
278.02	2.63698e-06
278.04	2.62865e-06
278.06	2.62039e-06
278.08	2.61221e-06
278.1	2.6041e-06
278.12	2.59606e-06
278.14	2.5881e-06
278.16	2.58021e-06
278.18	2.57239e-06
278.2	2.56464e-06
278.22	2.55696e-06
278.24	2.54936e-06
278.26	2.54183e-06
278.28	2.53437e-06
278.3	2.52699e-06
278.32	2.51967e-06
278.34	2.51243e-06
278.36	2.50526e-06
278.38	2.49817e-06
278.4	2.49115e-06
278.42	2.4842e-06
278.44	2.47732e-06
278.46	2.47052e-06
278.48	2.46379e-06
278.5	2.45713e-06
278.52	2.45055e-06
278.54	2.44404e-06
278.56	2.43761e-06
278.58	2.43125e-06
278.6	2.42496e-06
278.62	2.41875e-06
278.64	2.41261e-06
278.66	2.40655e-06
278.68	2.40057e-06
278.7	2.39466e-06
278.72	2.38883e-06
278.74	2.38308e-06
278.76	2.3774e-06
278.78	2.37181e-06
278.8	2.36629e-06
278.82	2.36085e-06
278.84	2.35549e-06
278.86	2.35021e-06
278.88	2.34501e-06
278.9	2.3399e-06
278.92	2.33487e-06
278.94	2.32992e-06
278.96	2.32505e-06
278.98	2.32027e-06
279	2.31558e-06
279.02	2.31098e-06
279.04	2.30646e-06
279.06	2.30203e-06
279.08	2.2977e-06
279.1	2.29346e-06
279.12	2.28931e-06
279.14	2.28525e-06
279.16	2.2813e-06
279.18	2.27744e-06
279.2	2.27368e-06
279.22	2.27003e-06
279.24	2.26648e-06
279.26	2.26303e-06
279.28	2.2597e-06
279.3	2.25648e-06
279.32	2.25337e-06
279.34	2.25039e-06
279.36	2.24752e-06
279.38	2.24478e-06
279.4	2.24217e-06
279.42	2.23969e-06
279.44	2.23734e-06
279.46	2.23515e-06
279.48	2.2331e-06
279.5	2.2312e-06
279.52	2.22946e-06
279.54	2.2279e-06
279.56	2.22651e-06
279.58	2.2253e-06
279.6	2.22429e-06
279.62	2.22349e-06
279.64	2.22291e-06
279.66	2.22256e-06
279.68	2.22247e-06
279.7	2.22265e-06
279.72	2.22312e-06
279.74	2.22391e-06
279.76	2.22505e-06
279.78	2.22659e-06
279.8	2.22856e-06
279.82	2.23102e-06
279.84	2.23405e-06
279.86	2.23773e-06
279.88	2.2422e-06
279.9	2.24761e-06
279.92	2.2542e-06
279.94	2.26234e-06
279.96	2.27259e-06
279.98	2.28594e-06
280	2.30434e-06
280.02	2.33215e-06
280.04	2.38017e-06
280.06	2.47244e-06
280.08	2.65316e-06
280.1	2.96681e-06
280.12	3.45783e-06
280.14	4.22351e-06
280.16	5.40792e-06
280.18	7.16267e-06
280.2	9.66911e-06
280.22	1.31845e-05
280.24	1.79975e-05
280.26	2.43097e-05
280.28	3.21211e-05
280.3	4.11523e-05
280.32	5.09071e-05
280.34	6.08708e-05
280.36	7.06462e-05
280.38	7.9966e-05
280.4	8.86627e-05
280.42	9.66479e-05
280.44	0.0001039
280.46	0.000110449
280.48	0.000116351
280.5	0.000121673
280.52	0.000126481
280.54	0.00013084
280.56	0.000134803
280.58	0.000138421
280.6	0.000141735
280.62	0.000144783
280.64	0.000147595
280.66	0.000150199
280.68	0.000152619
280.7	0.000154872
280.72	0.000156977
280.74	0.000158948
280.76	0.000160796
280.78	0.000162533
280.8	0.000164167
280.82	0.000165705
280.84	0.000167156
280.86	0.000168524
280.88	0.000169816
280.9	0.000171035
280.92	0.000172187
280.94	0.000173274
280.96	0.000174302
280.98	0.000175272
281	0.000176187
281.02	0.000177051
281.04	0.000177866
281.06	0.000178634
281.08	0.000179358
281.1	0.000180039
281.12	0.00018068
281.14	0.000181282
281.16	0.000181846
281.18	0.000182375
281.2	0.00018287
281.22	0.000183331
281.24	0.000183761
281.26	0.000184161
281.28	0.000184531
281.3	0.000184873
281.32	0.000185187
281.34	0.000185474
281.36	0.000185736
281.38	0.000185972
281.4	0.000186184
281.42	0.000186372
281.44	0.000186536
281.46	0.000186678
281.48	0.000186797
281.5	0.000186894
281.52	0.000186969
281.54	0.000187024
281.56	0.000187057
281.58	0.000187069
281.6	0.000187062
281.62	0.000187034
281.64	0.000186986
281.66	0.000186918
281.68	0.000186831
281.7	0.000186725
281.72	0.000186599
281.74	0.000186455
281.76	0.000186292
281.78	0.000186111
281.8	0.000185911
281.82	0.000185693
281.84	0.000185456
281.86	0.000185203
281.88	0.000184931
281.9	0.000184642
281.92	0.000184336
281.94	0.000184012
281.96	0.000183672
281.98	0.000183315
282	0.000182942
282.02	0.000182552
282.04	0.000182146
282.06	0.000181725
282.08	0.000181288
282.1	0.000180836
282.12	0.000180369
282.14	0.000179887
282.16	0.000179391
282.18	0.00017888
282.2	0.000178356
282.22	0.000177818
282.24	0.000177267
282.26	0.000176702
282.28	0.000176125
282.3	0.000175536
282.32	0.000174934
282.34	0.000174321
282.36	0.000173696
282.38	0.000173061
282.4	0.000172414
282.42	0.000171757
282.44	0.00017109
282.46	0.000170413
282.48	0.000169726
282.5	0.000169031
282.52	0.000168326
282.54	0.000167613
282.56	0.000166892
282.58	0.000166163
282.6	0.000165427
282.62	0.000164683
282.64	0.000163932
282.66	0.000163175
282.68	0.000162412
282.7	0.000161642
282.72	0.000160867
282.74	0.000160087
282.76	0.000159301
282.78	0.000158511
282.8	0.000157717
282.82	0.000156918
282.84	0.000156115
282.86	0.000155308
282.88	0.000154499
282.9	0.000153686
282.92	0.00015287
282.94	0.000152052
282.96	0.000151231
282.98	0.000150408
283	0.000149583
283.02	0.000148757
283.04	0.000147929
283.06	0.0001471
283.08	0.00014627
283.1	0.000145439
283.12	0.000144608
283.14	0.000143776
283.16	0.000142944
283.18	0.000142112
283.2	0.00014128
283.22	0.000140449
283.24	0.000139618
283.26	0.000138788
283.28	0.000137958
283.3	0.00013713
283.32	0.000136302
283.34	0.000135476
283.36	0.000134652
283.38	0.000133829
283.4	0.000133007
283.42	0.000132188
283.44	0.00013137
283.46	0.000130555
283.48	0.000129741
283.5	0.00012893
283.52	0.000128121
283.54	0.000127315
283.56	0.000126511
283.58	0.00012571
283.6	0.000124912
283.62	0.000124116
283.64	0.000123324
283.66	0.000122534
283.68	0.000121748
283.7	0.000120964
283.72	0.000120184
283.74	0.000119407
283.76	0.000118634
283.78	0.000117863
283.8	0.000117097
283.82	0.000116333
283.84	0.000115573
283.86	0.000114817
283.88	0.000114065
283.9	0.000113316
283.92	0.000112571
283.94	0.000111829
283.96	0.000111092
283.98	0.000110358
284	0.000109628
284.02	0.000108902
284.04	0.000108179
284.06	0.000107461
284.08	0.000106746
284.1	0.000106036
284.12	0.00010533
284.14	0.000104627
284.16	0.000103929
284.18	0.000103234
284.2	0.000102544
284.22	0.000101857
284.24	0.000101175
284.26	0.000100496
284.28	9.9822e-05
284.3	9.91518e-05
284.32	9.84856e-05
284.34	9.78235e-05
284.36	9.71655e-05
284.38	9.65115e-05
284.4	9.58615e-05
284.42	9.52157e-05
284.44	9.45739e-05
284.46	9.39361e-05
284.48	9.33024e-05
284.5	9.26728e-05
284.52	9.20471e-05
284.54	9.14255e-05
284.56	9.08079e-05
284.58	9.01943e-05
284.6	8.95848e-05
284.62	8.89792e-05
284.64	8.83776e-05
284.66	8.77799e-05
284.68	8.71862e-05
284.7	8.65964e-05
284.72	8.60106e-05
284.74	8.54287e-05
284.76	8.48506e-05
284.78	8.42765e-05
284.8	8.37062e-05
284.82	8.31398e-05
284.84	8.25772e-05
284.86	8.20184e-05
284.88	8.14634e-05
284.9	8.09122e-05
284.92	8.03648e-05
284.94	7.98211e-05
284.96	7.92811e-05
284.98	7.87449e-05
285	7.82123e-05
285.02	7.76834e-05
285.04	7.71582e-05
285.06	7.66366e-05
285.08	7.61186e-05
285.1	7.56042e-05
285.12	7.50934e-05
285.14	7.45861e-05
285.16	7.40824e-05
285.18	7.35822e-05
285.2	7.30855e-05
285.22	7.25922e-05
285.24	7.21024e-05
285.26	7.1616e-05
285.28	7.11331e-05
285.3	7.06535e-05
285.32	7.01773e-05
285.34	6.97045e-05
285.36	6.9235e-05
285.38	6.87687e-05
285.4	6.83058e-05
285.42	6.78462e-05
285.44	6.73897e-05
285.46	6.69365e-05
285.48	6.64865e-05
285.5	6.60397e-05
285.52	6.55961e-05
285.54	6.51556e-05
285.56	6.47182e-05
285.58	6.42838e-05
285.6	6.38526e-05
285.62	6.34244e-05
285.64	6.29993e-05
285.66	6.25772e-05
285.68	6.2158e-05
285.7	6.17419e-05
285.72	6.13287e-05
285.74	6.09184e-05
285.76	6.0511e-05
285.78	6.01065e-05
285.8	5.97049e-05
285.82	5.93062e-05
285.84	5.89103e-05
285.86	5.85171e-05
285.88	5.81268e-05
285.9	5.77393e-05
285.92	5.73544e-05
285.94	5.69724e-05
285.96	5.6593e-05
285.98	5.62163e-05
286	5.58423e-05
286.02	5.5471e-05
286.04	5.51023e-05
286.06	5.47362e-05
286.08	5.43727e-05
286.1	5.40118e-05
286.12	5.36534e-05
286.14	5.32976e-05
286.16	5.29443e-05
286.18	5.25935e-05
286.2	5.22452e-05
286.22	5.18994e-05
286.24	5.1556e-05
286.26	5.1215e-05
286.28	5.08765e-05
286.3	5.05403e-05
286.32	5.02066e-05
286.34	4.98752e-05
286.36	4.95461e-05
286.38	4.92194e-05
286.4	4.88949e-05
286.42	4.85728e-05
286.44	4.82529e-05
286.46	4.79353e-05
286.48	4.762e-05
286.5	4.73069e-05
286.52	4.69959e-05
286.54	4.66872e-05
286.56	4.63806e-05
286.58	4.60763e-05
286.6	4.5774e-05
286.62	4.54739e-05
286.64	4.51759e-05
286.66	4.488e-05
286.68	4.45861e-05
286.7	4.42944e-05
286.72	4.40047e-05
286.74	4.3717e-05
286.76	4.34314e-05
286.78	4.31477e-05
286.8	4.28661e-05
286.82	4.25864e-05
286.84	4.23087e-05
286.86	4.20329e-05
286.88	4.17591e-05
286.9	4.14872e-05
286.92	4.12172e-05
286.94	4.0949e-05
286.96	4.06828e-05
286.98	4.04184e-05
287	4.01559e-05
287.02	3.98952e-05
287.04	3.96363e-05
287.06	3.93793e-05
287.08	3.9124e-05
287.1	3.88705e-05
287.12	3.86188e-05
287.14	3.83688e-05
287.16	3.81206e-05
287.18	3.78741e-05
287.2	3.76293e-05
287.22	3.73863e-05
287.24	3.71449e-05
287.26	3.69052e-05
287.28	3.66672e-05
287.3	3.64308e-05
287.32	3.61961e-05
287.34	3.5963e-05
287.36	3.57315e-05
287.38	3.55016e-05
287.4	3.52733e-05
287.42	3.50466e-05
287.44	3.48215e-05
287.46	3.4598e-05
287.48	3.43759e-05
287.5	3.41555e-05
287.52	3.39365e-05
287.54	3.37191e-05
287.56	3.35031e-05
287.58	3.32887e-05
287.6	3.30758e-05
287.62	3.28643e-05
287.64	3.26542e-05
287.66	3.24457e-05
287.68	3.22385e-05
287.7	3.20328e-05
287.72	3.18285e-05
287.74	3.16257e-05
287.76	3.14242e-05
287.78	3.12241e-05
287.8	3.10254e-05
287.82	3.0828e-05
287.84	3.0632e-05
287.86	3.04374e-05
287.88	3.02441e-05
287.9	3.00521e-05
287.92	2.98614e-05
287.94	2.96721e-05
287.96	2.9484e-05
287.98	2.92973e-05
288	2.91118e-05
288.02	2.89276e-05
288.04	2.87446e-05
288.06	2.85629e-05
288.08	2.83825e-05
288.1	2.82033e-05
288.12	2.80253e-05
288.14	2.78485e-05
288.16	2.7673e-05
288.18	2.74986e-05
288.2	2.73254e-05
288.22	2.71534e-05
288.24	2.69826e-05
288.26	2.6813e-05
288.28	2.66445e-05
288.3	2.64771e-05
288.32	2.6311e-05
288.34	2.61459e-05
288.36	2.59819e-05
288.38	2.58191e-05
288.4	2.56574e-05
288.42	2.54968e-05
288.44	2.53373e-05
288.46	2.51788e-05
288.48	2.50215e-05
288.5	2.48652e-05
288.52	2.47099e-05
288.54	2.45558e-05
288.56	2.44026e-05
288.58	2.42505e-05
288.6	2.40995e-05
288.62	2.39494e-05
288.64	2.38004e-05
288.66	2.36524e-05
288.68	2.35054e-05
288.7	2.33594e-05
288.72	2.32144e-05
288.74	2.30703e-05
288.76	2.29273e-05
288.78	2.27852e-05
288.8	2.2644e-05
288.82	2.25038e-05
288.84	2.23646e-05
288.86	2.22263e-05
288.88	2.2089e-05
288.9	2.19525e-05
288.92	2.1817e-05
288.94	2.16824e-05
288.96	2.15487e-05
288.98	2.14159e-05
289	2.1284e-05
289.02	2.1153e-05
289.04	2.10229e-05
289.06	2.08936e-05
289.08	2.07652e-05
289.1	2.06377e-05
289.12	2.05111e-05
289.14	2.03852e-05
289.16	2.02603e-05
289.18	2.01361e-05
289.2	2.00129e-05
289.22	1.98904e-05
289.24	1.97687e-05
289.26	1.96479e-05
289.28	1.95279e-05
289.3	1.94087e-05
289.32	1.92903e-05
289.34	1.91726e-05
289.36	1.90558e-05
289.38	1.89398e-05
289.4	1.88245e-05
289.42	1.871e-05
289.44	1.85962e-05
289.46	1.84833e-05
289.48	1.8371e-05
289.5	1.82596e-05
289.52	1.81488e-05
289.54	1.80389e-05
289.56	1.79296e-05
289.58	1.78211e-05
289.6	1.77133e-05
289.62	1.76062e-05
289.64	1.74998e-05
289.66	1.73942e-05
289.68	1.72892e-05
289.7	1.7185e-05
289.72	1.70814e-05
289.74	1.69785e-05
289.76	1.68763e-05
289.78	1.67748e-05
289.8	1.6674e-05
289.82	1.65738e-05
289.84	1.64743e-05
289.86	1.63755e-05
289.88	1.62773e-05
289.9	1.61798e-05
289.92	1.60829e-05
289.94	1.59867e-05
289.96	1.58911e-05
289.98	1.57961e-05
290	1.57018e-05
290.02	1.56081e-05
290.04	1.5515e-05
290.06	1.54225e-05
290.08	1.53307e-05
290.1	1.52394e-05
290.12	1.51488e-05
290.14	1.50587e-05
290.16	1.49693e-05
290.18	1.48804e-05
290.2	1.47921e-05
290.22	1.47044e-05
290.24	1.46173e-05
290.26	1.45308e-05
290.28	1.44448e-05
290.3	1.43594e-05
290.32	1.42746e-05
290.34	1.41903e-05
290.36	1.41066e-05
290.38	1.40235e-05
290.4	1.39408e-05
290.42	1.38588e-05
290.44	1.37772e-05
290.46	1.36963e-05
290.48	1.36158e-05
290.5	1.35359e-05
290.52	1.34565e-05
290.54	1.33776e-05
290.56	1.32992e-05
290.58	1.32214e-05
290.6	1.3144e-05
290.62	1.30672e-05
290.64	1.29909e-05
290.66	1.29151e-05
290.68	1.28397e-05
290.7	1.27649e-05
290.72	1.26906e-05
290.74	1.26167e-05
290.76	1.25433e-05
290.78	1.24704e-05
290.8	1.2398e-05
290.82	1.23261e-05
290.84	1.22546e-05
290.86	1.21836e-05
290.88	1.21131e-05
290.9	1.2043e-05
290.92	1.19734e-05
290.94	1.19043e-05
290.96	1.18356e-05
290.98	1.17673e-05
291	1.16995e-05
291.02	1.16321e-05
291.04	1.15652e-05
291.06	1.14987e-05
291.08	1.14327e-05
291.1	1.1367e-05
291.12	1.13018e-05
291.14	1.12371e-05
291.16	1.11727e-05
291.18	1.11088e-05
291.2	1.10453e-05
291.22	1.09822e-05
291.24	1.09195e-05
291.26	1.08572e-05
291.28	1.07953e-05
291.3	1.07338e-05
291.32	1.06728e-05
291.34	1.06121e-05
291.36	1.05518e-05
291.38	1.04919e-05
291.4	1.04324e-05
291.42	1.03733e-05
291.44	1.03146e-05
291.46	1.02562e-05
291.48	1.01982e-05
291.5	1.01407e-05
291.52	1.00834e-05
291.54	1.00266e-05
291.56	9.9701e-06
291.58	9.91399e-06
291.6	9.85823e-06
291.62	9.80284e-06
291.64	9.74781e-06
291.66	9.69313e-06
291.68	9.63881e-06
291.7	9.58484e-06
291.72	9.53122e-06
291.74	9.47795e-06
291.76	9.42501e-06
291.78	9.37243e-06
291.8	9.32018e-06
291.82	9.26827e-06
291.84	9.21669e-06
291.86	9.16545e-06
291.88	9.11454e-06
291.9	9.06396e-06
291.92	9.0137e-06
291.94	8.96377e-06
291.96	8.91416e-06
291.98	8.86487e-06
292	8.8159e-06
292.02	8.76724e-06
292.04	8.7189e-06
292.06	8.67087e-06
292.08	8.62314e-06
292.1	8.57573e-06
292.12	8.52862e-06
292.14	8.48181e-06
292.16	8.43531e-06
292.18	8.3891e-06
292.2	8.34319e-06
292.22	8.29758e-06
292.24	8.25226e-06
292.26	8.20723e-06
292.28	8.16249e-06
292.3	8.11804e-06
292.32	8.07387e-06
292.34	8.02999e-06
292.36	7.98639e-06
292.38	7.94307e-06
292.4	7.90003e-06
292.42	7.85726e-06
292.44	7.81477e-06
292.46	7.77255e-06
292.48	7.7306e-06
292.5	7.68892e-06
292.52	7.6475e-06
292.54	7.60636e-06
292.56	7.56547e-06
292.58	7.52485e-06
292.6	7.48449e-06
292.62	7.44438e-06
292.64	7.40454e-06
292.66	7.36495e-06
292.68	7.32561e-06
292.7	7.28652e-06
292.72	7.24768e-06
292.74	7.20909e-06
292.76	7.17075e-06
292.78	7.13265e-06
292.8	7.0948e-06
292.82	7.05719e-06
292.84	7.01982e-06
292.86	6.98268e-06
292.88	6.94579e-06
292.9	6.90913e-06
292.92	6.8727e-06
292.94	6.83651e-06
292.96	6.80055e-06
292.98	6.76481e-06
293	6.72931e-06
293.02	6.69403e-06
293.04	6.65898e-06
293.06	6.62415e-06
293.08	6.58954e-06
293.1	6.55515e-06
293.12	6.52098e-06
293.14	6.48703e-06
293.16	6.4533e-06
293.18	6.41978e-06
293.2	6.38647e-06
293.22	6.35338e-06
293.24	6.3205e-06
293.26	6.28782e-06
293.28	6.25536e-06
293.3	6.2231e-06
293.32	6.19104e-06
293.34	6.15919e-06
293.36	6.12755e-06
293.38	6.0961e-06
293.4	6.06486e-06
293.42	6.03381e-06
293.44	6.00296e-06
293.46	5.97231e-06
293.48	5.94185e-06
293.5	5.91159e-06
293.52	5.88152e-06
293.54	5.85164e-06
293.56	5.82195e-06
293.58	5.79245e-06
293.6	5.76313e-06
293.62	5.73401e-06
293.64	5.70506e-06
293.66	5.67631e-06
293.68	5.64773e-06
293.7	5.61934e-06
293.72	5.59112e-06
293.74	5.56309e-06
293.76	5.53524e-06
293.78	5.50756e-06
293.8	5.48005e-06
293.82	5.45273e-06
293.84	5.42557e-06
293.86	5.39859e-06
293.88	5.37178e-06
293.9	5.34514e-06
293.92	5.31867e-06
293.94	5.29237e-06
293.96	5.26624e-06
293.98	5.24027e-06
294	5.21447e-06
294.02	5.18883e-06
294.04	5.16335e-06
294.06	5.13804e-06
294.08	5.11289e-06
294.1	5.08789e-06
294.12	5.06306e-06
294.14	5.03838e-06
294.16	5.01387e-06
294.18	4.9895e-06
294.2	4.9653e-06
294.22	4.94124e-06
294.24	4.91734e-06
294.26	4.89359e-06
294.28	4.87e-06
294.3	4.84655e-06
294.32	4.82325e-06
294.34	4.8001e-06
294.36	4.7771e-06
294.38	4.75425e-06
294.4	4.73154e-06
294.42	4.70897e-06
294.44	4.68655e-06
294.46	4.66428e-06
294.48	4.64214e-06
294.5	4.62015e-06
294.52	4.59829e-06
294.54	4.57658e-06
294.56	4.55501e-06
294.58	4.53357e-06
294.6	4.51227e-06
294.62	4.4911e-06
294.64	4.47007e-06
294.66	4.44918e-06
294.68	4.42842e-06
294.7	4.40779e-06
294.72	4.3873e-06
294.74	4.36693e-06
294.76	4.3467e-06
294.78	4.32659e-06
294.8	4.30662e-06
294.82	4.28677e-06
294.84	4.26705e-06
294.86	4.24746e-06
294.88	4.22799e-06
294.9	4.20865e-06
294.92	4.18943e-06
294.94	4.17034e-06
294.96	4.15136e-06
294.98	4.13252e-06
295	4.11379e-06
295.02	4.09518e-06
295.04	4.07669e-06
295.06	4.05833e-06
295.08	4.04008e-06
295.1	4.02195e-06
295.12	4.00393e-06
295.14	3.98604e-06
295.16	3.96825e-06
295.18	3.95059e-06
295.2	3.93304e-06
295.22	3.9156e-06
295.24	3.89827e-06
295.26	3.88106e-06
295.28	3.86396e-06
295.3	3.84697e-06
295.32	3.8301e-06
295.34	3.81333e-06
295.36	3.79667e-06
295.38	3.78012e-06
295.4	3.76368e-06
295.42	3.74734e-06
295.44	3.73111e-06
295.46	3.71499e-06
295.48	3.69898e-06
295.5	3.68307e-06
295.52	3.66726e-06
295.54	3.65156e-06
295.56	3.63596e-06
295.58	3.62047e-06
295.6	3.60507e-06
295.62	3.58978e-06
295.64	3.57459e-06
295.66	3.5595e-06
295.68	3.54451e-06
295.7	3.52962e-06
295.72	3.51483e-06
295.74	3.50014e-06
295.76	3.48555e-06
295.78	3.47105e-06
295.8	3.45665e-06
295.82	3.44234e-06
295.84	3.42814e-06
295.86	3.41402e-06
295.88	3.40001e-06
295.9	3.38608e-06
295.92	3.37225e-06
295.94	3.35852e-06
295.96	3.34487e-06
295.98	3.33132e-06
296	3.31786e-06
296.02	3.3045e-06
296.04	3.29122e-06
296.06	3.27804e-06
296.08	3.26494e-06
296.1	3.25194e-06
296.12	3.23902e-06
296.14	3.22619e-06
296.16	3.21345e-06
296.18	3.2008e-06
296.2	3.18824e-06
296.22	3.17576e-06
296.24	3.16337e-06
296.26	3.15107e-06
296.28	3.13886e-06
296.3	3.12672e-06
296.32	3.11468e-06
296.34	3.10272e-06
296.36	3.09084e-06
296.38	3.07905e-06
296.4	3.06734e-06
296.42	3.05571e-06
296.44	3.04417e-06
296.46	3.03271e-06
296.48	3.02133e-06
296.5	3.01003e-06
296.52	2.99882e-06
296.54	2.98769e-06
296.56	2.97663e-06
296.58	2.96566e-06
296.6	2.95477e-06
296.62	2.94396e-06
296.64	2.93323e-06
296.66	2.92257e-06
296.68	2.912e-06
296.7	2.90151e-06
296.72	2.89109e-06
296.74	2.88075e-06
296.76	2.87049e-06
296.78	2.86031e-06
296.8	2.8502e-06
296.82	2.84017e-06
296.84	2.83022e-06
296.86	2.82035e-06
296.88	2.81055e-06
296.9	2.80083e-06
296.92	2.79118e-06
296.94	2.78161e-06
296.96	2.77211e-06
296.98	2.76269e-06
297	2.75335e-06
297.02	2.74408e-06
297.04	2.73488e-06
297.06	2.72576e-06
297.08	2.71671e-06
297.1	2.70774e-06
297.12	2.69884e-06
297.14	2.69002e-06
297.16	2.68127e-06
297.18	2.67259e-06
297.2	2.66399e-06
297.22	2.65545e-06
297.24	2.647e-06
297.26	2.63861e-06
297.28	2.6303e-06
297.3	2.62206e-06
297.32	2.6139e-06
297.34	2.6058e-06
297.36	2.59778e-06
297.38	2.58983e-06
297.4	2.58196e-06
297.42	2.57416e-06
297.44	2.56643e-06
297.46	2.55877e-06
297.48	2.55118e-06
297.5	2.54367e-06
297.52	2.53623e-06
297.54	2.52886e-06
297.56	2.52157e-06
297.58	2.51435e-06
297.6	2.5072e-06
297.62	2.50012e-06
297.64	2.49312e-06
297.66	2.48619e-06
297.68	2.47933e-06
297.7	2.47255e-06
297.72	2.46584e-06
297.74	2.4592e-06
297.76	2.45264e-06
297.78	2.44615e-06
297.8	2.43974e-06
297.82	2.4334e-06
297.84	2.42713e-06
297.86	2.42095e-06
297.88	2.41483e-06
297.9	2.4088e-06
297.92	2.40284e-06
297.94	2.39695e-06
297.96	2.39114e-06
297.98	2.38541e-06
298	2.37976e-06
298.02	2.37419e-06
298.04	2.3687e-06
298.06	2.36328e-06
298.08	2.35795e-06
298.1	2.3527e-06
298.12	2.34753e-06
298.14	2.34244e-06
298.16	2.33744e-06
298.18	2.33252e-06
298.2	2.32768e-06
298.22	2.32293e-06
298.24	2.31827e-06
298.26	2.3137e-06
298.28	2.30921e-06
298.3	2.30482e-06
298.32	2.30052e-06
298.34	2.29631e-06
298.36	2.2922e-06
298.38	2.28818e-06
298.4	2.28426e-06
298.42	2.28044e-06
298.44	2.27672e-06
298.46	2.27311e-06
298.48	2.2696e-06
298.5	2.2662e-06
298.52	2.26291e-06
298.54	2.25974e-06
298.56	2.25668e-06
298.58	2.25375e-06
298.6	2.25093e-06
298.62	2.24824e-06
298.64	2.24569e-06
298.66	2.24327e-06
298.68	2.24099e-06
298.7	2.23885e-06
298.72	2.23687e-06
298.74	2.23505e-06
298.76	2.23339e-06
298.78	2.2319e-06
298.8	2.23059e-06
298.82	2.22948e-06
298.84	2.22856e-06
298.86	2.22786e-06
298.88	2.22739e-06
298.9	2.22716e-06
298.92	2.22719e-06
298.94	2.22751e-06
298.96	2.22813e-06
298.98	2.22909e-06
299	2.23042e-06
299.02	2.23216e-06
299.04	2.23436e-06
299.06	2.23709e-06
299.08	2.24043e-06
299.1	2.24448e-06
299.12	2.24939e-06
299.14	2.25536e-06
299.16	2.26266e-06
299.18	2.27176e-06
299.2	2.28338e-06
299.22	2.29888e-06
299.24	2.32112e-06
299.26	2.35687e-06
299.28	2.42259e-06
299.3	2.55219e-06
299.32	2.7924e-06
299.34	3.18424e-06
299.36	3.79258e-06
299.38	4.74249e-06
299.4	6.18446e-06
299.42	8.27676e-06
299.44	1.12361e-05
299.46	1.5347e-05
299.48	2.08709e-05
299.5	2.79239e-05
299.52	3.63735e-05
299.54	4.58148e-05
299.56	5.57178e-05
299.58	6.5618e-05
299.6	7.51852e-05
299.62	8.42049e-05
299.64	9.255e-05
299.66	0.000100167
299.68	0.000107061
299.7	0.000113278
299.72	0.00011888
299.74	0.000123937
299.76	0.000128513
299.78	0.000132666
299.8	0.00013645
299.82	0.00013991
299.84	0.000143086
299.86	0.000146011
299.88	0.000148715
299.9	0.000151222
299.92	0.000153555
299.94	0.000155731
299.96	0.000157766
299.98	0.000159672
300	0.000161462
300.02	0.000163145
300.04	0.000164728
300.06	0.000166221
300.08	0.000167628
300.1	0.000168956
300.12	0.000170209
300.14	0.000171393
300.16	0.000172511
300.18	0.000173567
300.2	0.000174564
300.22	0.000175505
300.24	0.000176394
300.26	0.000177232
300.28	0.000178022
300.3	0.000178767
300.32	0.000179468
300.34	0.000180128
300.36	0.000180748
300.38	0.00018133
300.4	0.000181875
300.42	0.000182386
300.44	0.000182864
300.46	0.000183309
300.48	0.000183723
300.5	0.000184107
300.52	0.000184462
300.54	0.000184789
300.56	0.00018509
300.58	0.000185364
300.6	0.000185612
300.62	0.000185836
300.64	0.000186035
300.66	0.000186211
300.68	0.000186363
300.7	0.000186493
300.72	0.000186601
300.74	0.000186687
300.76	0.000186752
300.78	0.000186796
300.8	0.000186818
300.82	0.000186821
300.84	0.000186803
300.86	0.000186765
300.88	0.000186707
300.9	0.00018663
300.92	0.000186533
300.94	0.000186418
300.96	0.000186283
300.98	0.000186129
301	0.000185957
301.02	0.000185767
301.04	0.000185558
301.06	0.000185332
301.08	0.000185087
301.1	0.000184825
301.12	0.000184545
301.14	0.000184247
301.16	0.000183933
301.18	0.000183602
301.2	0.000183254
301.22	0.000182889
301.24	0.000182508
301.26	0.000182111
301.28	0.000181698
301.3	0.00018127
301.32	0.000180826
301.34	0.000180367
301.36	0.000179893
301.38	0.000179405
301.4	0.000178902
301.42	0.000178386
301.44	0.000177855
301.46	0.000177311
301.48	0.000176754
301.5	0.000176185
301.52	0.000175602
301.54	0.000175008
301.56	0.000174401
301.58	0.000173783
301.6	0.000173154
301.62	0.000172513
301.64	0.000171863
301.66	0.000171201
301.68	0.00017053
301.7	0.00016985
301.72	0.000169159
301.74	0.00016846
301.76	0.000167753
301.78	0.000167037
301.8	0.000166313
301.82	0.000165581
301.84	0.000164842
301.86	0.000164096
301.88	0.000163343
301.9	0.000162584
301.92	0.000161819
301.94	0.000161047
301.96	0.000160271
301.98	0.000159489
302	0.000158702
302.02	0.000157911
302.04	0.000157115
302.06	0.000156316
302.08	0.000155512
302.1	0.000154705
302.12	0.000153895
302.14	0.000153082
302.16	0.000152266
302.18	0.000151448
302.2	0.000150627
302.22	0.000149804
302.24	0.00014898
302.26	0.000148154
302.28	0.000147327
302.3	0.000146498
302.32	0.000145669
302.34	0.000144839
302.36	0.000144009
302.38	0.000143178
302.4	0.000142347
302.42	0.000141516
302.44	0.000140686
302.46	0.000139856
302.48	0.000139026
302.5	0.000138198
302.52	0.00013737
302.54	0.000136543
302.56	0.000135718
302.58	0.000134894
302.6	0.000134071
302.62	0.00013325
302.64	0.000132431
302.66	0.000131613
302.68	0.000130798
302.7	0.000129984
302.72	0.000129173
302.74	0.000128364
302.76	0.000127558
302.78	0.000126754
302.8	0.000125953
302.82	0.000125154
302.84	0.000124359
302.86	0.000123566
302.88	0.000122776
302.9	0.000121989
302.92	0.000121205
302.94	0.000120424
302.96	0.000119647
302.98	0.000118873
303	0.000118102
303.02	0.000117334
303.04	0.00011657
303.06	0.00011581
303.08	0.000115053
303.1	0.0001143
303.12	0.00011355
303.14	0.000112804
303.16	0.000112062
303.18	0.000111323
303.2	0.000110589
303.22	0.000109858
303.24	0.000109131
303.26	0.000108407
303.28	0.000107688
303.3	0.000106973
303.32	0.000106261
303.34	0.000105554
303.36	0.00010485
303.38	0.000104151
303.4	0.000103455
303.42	0.000102764
303.44	0.000102076
303.46	0.000101393
303.48	0.000100713
303.5	0.000100038
303.52	9.93667e-05
303.54	9.86994e-05
303.56	9.80362e-05
303.58	9.7377e-05
303.6	9.67219e-05
303.62	9.60709e-05
303.64	9.54239e-05
303.66	9.4781e-05
303.68	9.41421e-05
303.7	9.35073e-05
303.72	9.28765e-05
303.74	9.22497e-05
303.76	9.1627e-05
303.78	9.10082e-05
303.8	9.03935e-05
303.82	8.97828e-05
303.84	8.91761e-05
303.86	8.85733e-05
303.88	8.79745e-05
303.9	8.73797e-05
303.92	8.67888e-05
303.94	8.62018e-05
303.96	8.56187e-05
303.98	8.50396e-05
304	8.44643e-05
304.02	8.38929e-05
304.04	8.33253e-05
304.06	8.27616e-05
304.08	8.22017e-05
304.1	8.16456e-05
304.12	8.10932e-05
304.14	8.05447e-05
304.16	7.99999e-05
304.18	7.94588e-05
304.2	7.89215e-05
304.22	7.83878e-05
304.24	7.78578e-05
304.26	7.73315e-05
304.28	7.68088e-05
304.3	7.62897e-05
304.32	7.57743e-05
304.34	7.52624e-05
304.36	7.4754e-05
304.38	7.42492e-05
304.4	7.3748e-05
304.42	7.32502e-05
304.44	7.27559e-05
304.46	7.2265e-05
304.48	7.17776e-05
304.5	7.12936e-05
304.52	7.0813e-05
304.54	7.03358e-05
304.56	6.9862e-05
304.58	6.93914e-05
304.6	6.89242e-05
304.62	6.84603e-05
304.64	6.79996e-05
304.66	6.75422e-05
304.68	6.7088e-05
304.7	6.6637e-05
304.72	6.61892e-05
304.74	6.57446e-05
304.76	6.53031e-05
304.78	6.48648e-05
304.8	6.44295e-05
304.82	6.39974e-05
304.84	6.35682e-05
304.86	6.31422e-05
304.88	6.27191e-05
304.9	6.2299e-05
304.92	6.1882e-05
304.94	6.14678e-05
304.96	6.10567e-05
304.98	6.06484e-05
305	6.0243e-05
305.02	5.98405e-05
305.04	5.94409e-05
305.06	5.90441e-05
305.08	5.86501e-05
305.1	5.82589e-05
305.12	5.78705e-05
305.14	5.74848e-05
305.16	5.71019e-05
305.18	5.67217e-05
305.2	5.63442e-05
305.22	5.59694e-05
305.24	5.55972e-05
305.26	5.52277e-05
305.28	5.48607e-05
305.3	5.44964e-05
305.32	5.41347e-05
305.34	5.37756e-05
305.36	5.34189e-05
305.38	5.30649e-05
305.4	5.27133e-05
305.42	5.23642e-05
305.44	5.20176e-05
305.46	5.16734e-05
305.48	5.13317e-05
305.5	5.09924e-05
305.52	5.06555e-05
305.54	5.0321e-05
305.56	4.99889e-05
305.58	4.96591e-05
305.6	4.93316e-05
305.62	4.90064e-05
305.64	4.86836e-05
305.66	4.8363e-05
305.68	4.80447e-05
305.7	4.77286e-05
305.72	4.74148e-05
305.74	4.71032e-05
305.76	4.67938e-05
305.78	4.64865e-05
305.8	4.61814e-05
305.82	4.58785e-05
305.84	4.55777e-05
305.86	4.52791e-05
305.88	4.49825e-05
305.9	4.4688e-05
305.92	4.43956e-05
305.94	4.41052e-05
305.96	4.38169e-05
305.98	4.35306e-05
306	4.32464e-05
306.02	4.29641e-05
306.04	4.26838e-05
306.06	4.24054e-05
306.08	4.2129e-05
306.1	4.18546e-05
306.12	4.15821e-05
306.14	4.13115e-05
306.16	4.10427e-05
306.18	4.07759e-05
306.2	4.05109e-05
306.22	4.02478e-05
306.24	3.99865e-05
306.26	3.97271e-05
306.28	3.94695e-05
306.3	3.92136e-05
306.32	3.89596e-05
306.34	3.87073e-05
306.36	3.84568e-05
306.38	3.8208e-05
306.4	3.79609e-05
306.42	3.77156e-05
306.44	3.7472e-05
306.46	3.72301e-05
306.48	3.69899e-05
306.5	3.67513e-05
306.52	3.65144e-05
306.54	3.62791e-05
306.56	3.60455e-05
306.58	3.58135e-05
306.6	3.55831e-05
306.62	3.53543e-05
306.64	3.51271e-05
306.66	3.49015e-05
306.68	3.46774e-05
306.7	3.44549e-05
306.72	3.42339e-05
306.74	3.40145e-05
306.76	3.37966e-05
306.78	3.35802e-05
306.8	3.33652e-05
306.82	3.31518e-05
306.84	3.29398e-05
306.86	3.27294e-05
306.88	3.25203e-05
306.9	3.23127e-05
306.92	3.21065e-05
306.94	3.19018e-05
306.96	3.16985e-05
306.98	3.14965e-05
307	3.1296e-05
307.02	3.10968e-05
307.04	3.0899e-05
307.06	3.07026e-05
307.08	3.05075e-05
307.1	3.03138e-05
307.12	3.01214e-05
307.14	2.99303e-05
307.16	2.97405e-05
307.18	2.9552e-05
307.2	2.93648e-05
307.22	2.91789e-05
307.24	2.89943e-05
307.26	2.8811e-05
307.28	2.86289e-05
307.3	2.8448e-05
307.32	2.82684e-05
307.34	2.809e-05
307.36	2.79128e-05
307.38	2.77369e-05
307.4	2.75621e-05
307.42	2.73886e-05
307.44	2.72162e-05
307.46	2.7045e-05
307.48	2.6875e-05
307.5	2.67061e-05
307.52	2.65384e-05
307.54	2.63718e-05
307.56	2.62064e-05
307.58	2.60421e-05
307.6	2.58789e-05
307.62	2.57168e-05
307.64	2.55558e-05
307.66	2.53959e-05
307.68	2.52371e-05
307.7	2.50794e-05
307.72	2.49228e-05
307.74	2.47672e-05
307.76	2.46127e-05
307.78	2.44592e-05
307.8	2.43068e-05
307.82	2.41554e-05
307.84	2.4005e-05
307.86	2.38556e-05
307.88	2.37073e-05
307.9	2.356e-05
307.92	2.34136e-05
307.94	2.32683e-05
307.96	2.31239e-05
307.98	2.29805e-05
308	2.28381e-05
308.02	2.26966e-05
308.04	2.25561e-05
308.06	2.24166e-05
308.08	2.2278e-05
308.1	2.21403e-05
308.12	2.20036e-05
308.14	2.18677e-05
308.16	2.17328e-05
308.18	2.15988e-05
308.2	2.14657e-05
308.22	2.13335e-05
308.24	2.12022e-05
308.26	2.10718e-05
308.28	2.09423e-05
308.3	2.08136e-05
308.32	2.06858e-05
308.34	2.05588e-05
308.36	2.04327e-05
308.38	2.03075e-05
308.4	2.01831e-05
308.42	2.00595e-05
308.44	1.99368e-05
308.46	1.98149e-05
308.48	1.96937e-05
308.5	1.95735e-05
308.52	1.9454e-05
308.54	1.93353e-05
308.56	1.92174e-05
308.58	1.91003e-05
308.6	1.8984e-05
308.62	1.88685e-05
308.64	1.87537e-05
308.66	1.86397e-05
308.68	1.85265e-05
308.7	1.8414e-05
308.72	1.83023e-05
308.74	1.81913e-05
308.76	1.8081e-05
308.78	1.79715e-05
308.8	1.78628e-05
308.82	1.77547e-05
308.84	1.76474e-05
308.86	1.75408e-05
308.88	1.74349e-05
308.9	1.73297e-05
308.92	1.72252e-05
308.94	1.71214e-05
308.96	1.70183e-05
308.98	1.69159e-05
309	1.68141e-05
309.02	1.67131e-05
309.04	1.66127e-05
309.06	1.6513e-05
309.08	1.64139e-05
309.1	1.63155e-05
309.12	1.62177e-05
309.14	1.61206e-05
309.16	1.60242e-05
309.18	1.59284e-05
309.2	1.58332e-05
309.22	1.57386e-05
309.24	1.56447e-05
309.26	1.55514e-05
309.28	1.54587e-05
309.3	1.53667e-05
309.32	1.52752e-05
309.34	1.51844e-05
309.36	1.50941e-05
309.38	1.50045e-05
309.4	1.49154e-05
309.42	1.48269e-05
309.44	1.4739e-05
309.46	1.46517e-05
309.48	1.4565e-05
309.5	1.44788e-05
309.52	1.43932e-05
309.54	1.43082e-05
309.56	1.42238e-05
309.58	1.41398e-05
309.6	1.40565e-05
309.62	1.39737e-05
309.64	1.38914e-05
309.66	1.38097e-05
309.68	1.37285e-05
309.7	1.36479e-05
309.72	1.35678e-05
309.74	1.34882e-05
309.76	1.34091e-05
309.78	1.33306e-05
309.8	1.32526e-05
309.82	1.3175e-05
309.84	1.3098e-05
309.86	1.30215e-05
309.88	1.29455e-05
309.9	1.287e-05
309.92	1.2795e-05
309.94	1.27205e-05
309.96	1.26465e-05
309.98	1.2573e-05
310	1.24999e-05
310.02	1.24273e-05
310.04	1.23552e-05
310.06	1.22836e-05
310.08	1.22124e-05
310.1	1.21418e-05
310.12	1.20715e-05
310.14	1.20018e-05
310.16	1.19324e-05
310.18	1.18636e-05
310.2	1.17952e-05
310.22	1.17272e-05
310.24	1.16597e-05
310.26	1.15926e-05
310.28	1.15259e-05
310.3	1.14597e-05
310.32	1.1394e-05
310.34	1.13286e-05
310.36	1.12637e-05
310.38	1.11992e-05
310.4	1.11351e-05
310.42	1.10714e-05
310.44	1.10082e-05
310.46	1.09454e-05
310.48	1.08829e-05
310.5	1.08209e-05
310.52	1.07593e-05
310.54	1.06981e-05
310.56	1.06373e-05
310.58	1.05769e-05
310.6	1.05168e-05
310.62	1.04572e-05
310.64	1.03979e-05
310.66	1.03391e-05
310.68	1.02806e-05
310.7	1.02225e-05
310.72	1.01647e-05
310.74	1.01074e-05
310.76	1.00504e-05
310.78	9.9938e-06
310.8	9.93755e-06
310.82	9.88167e-06
310.84	9.82615e-06
310.86	9.77099e-06
310.88	9.71618e-06
310.9	9.66174e-06
310.92	9.60764e-06
310.94	9.55389e-06
310.96	9.50049e-06
310.98	9.44744e-06
311	9.39473e-06
311.02	9.34236e-06
311.04	9.29033e-06
311.06	9.23864e-06
311.08	9.18727e-06
311.1	9.13624e-06
311.12	9.08554e-06
311.14	9.03517e-06
311.16	8.98512e-06
311.18	8.9354e-06
311.2	8.88599e-06
311.22	8.83691e-06
311.24	8.78814e-06
311.26	8.73968e-06
311.28	8.69154e-06
311.3	8.6437e-06
311.32	8.59618e-06
311.34	8.54896e-06
311.36	8.50204e-06
311.38	8.45543e-06
311.4	8.40912e-06
311.42	8.3631e-06
311.44	8.31738e-06
311.46	8.27196e-06
311.48	8.22682e-06
311.5	8.18198e-06
311.52	8.13742e-06
311.54	8.09315e-06
311.56	8.04917e-06
311.58	8.00547e-06
311.6	7.96205e-06
311.62	7.9189e-06
311.64	7.87604e-06
311.66	7.83344e-06
311.68	7.79113e-06
311.7	7.74908e-06
311.72	7.7073e-06
311.74	7.66579e-06
311.76	7.62455e-06
311.78	7.58357e-06
311.8	7.54285e-06
311.82	7.50239e-06
311.84	7.4622e-06
311.86	7.42226e-06
311.88	7.38257e-06
311.9	7.34314e-06
311.92	7.30396e-06
311.94	7.26503e-06
311.96	7.22635e-06
311.98	7.18792e-06
312	7.14973e-06
312.02	7.11179e-06
312.04	7.07409e-06
312.06	7.03663e-06
312.08	6.99941e-06
312.1	6.96243e-06
312.12	6.92568e-06
312.14	6.88917e-06
312.16	6.85289e-06
312.18	6.81685e-06
312.2	6.78103e-06
312.22	6.74544e-06
312.24	6.71008e-06
312.26	6.67494e-06
312.28	6.64003e-06
312.3	6.60534e-06
312.32	6.57087e-06
312.34	6.53662e-06
312.36	6.50259e-06
312.38	6.46878e-06
312.4	6.43518e-06
312.42	6.4018e-06
312.44	6.36862e-06
312.46	6.33566e-06
312.48	6.30291e-06
312.5	6.27037e-06
312.52	6.23804e-06
312.54	6.20591e-06
312.56	6.17398e-06
312.58	6.14226e-06
312.6	6.11074e-06
312.62	6.07942e-06
312.64	6.0483e-06
312.66	6.01738e-06
312.68	5.98666e-06
312.7	5.95613e-06
312.72	5.92579e-06
312.74	5.89565e-06
312.76	5.8657e-06
312.78	5.83594e-06
312.8	5.80637e-06
312.82	5.77698e-06
312.84	5.74779e-06
312.86	5.71878e-06
312.88	5.68995e-06
312.9	5.66131e-06
312.92	5.63285e-06
312.94	5.60457e-06
312.96	5.57647e-06
312.98	5.54854e-06
313	5.5208e-06
313.02	5.49323e-06
313.04	5.46584e-06
313.06	5.43862e-06
313.08	5.41158e-06
313.1	5.3847e-06
313.12	5.358e-06
313.14	5.33147e-06
313.16	5.3051e-06
313.18	5.27891e-06
313.2	5.25288e-06
313.22	5.22701e-06
313.24	5.20131e-06
313.26	5.17578e-06
313.28	5.1504e-06
313.3	5.12519e-06
313.32	5.10014e-06
313.34	5.07525e-06
313.36	5.05051e-06
313.38	5.02593e-06
313.4	5.00151e-06
313.42	4.97725e-06
313.44	4.95314e-06
313.46	4.92918e-06
313.48	4.90537e-06
313.5	4.88172e-06
313.52	4.85822e-06
313.54	4.83487e-06
313.56	4.81166e-06
313.58	4.7886e-06
313.6	4.7657e-06
313.62	4.74293e-06
313.64	4.72031e-06
313.66	4.69784e-06
313.68	4.67551e-06
313.7	4.65332e-06
313.72	4.63127e-06
313.74	4.60937e-06
313.76	4.5876e-06
313.78	4.56597e-06
313.8	4.54449e-06
313.82	4.52313e-06
313.84	4.50192e-06
313.86	4.48084e-06
313.88	4.4599e-06
313.9	4.43908e-06
313.92	4.41841e-06
313.94	4.39786e-06
313.96	4.37745e-06
313.98	4.35717e-06
314	4.33701e-06
314.02	4.31699e-06
314.04	4.2971e-06
314.06	4.27733e-06
314.08	4.25769e-06
314.1	4.23817e-06
314.12	4.21878e-06
314.14	4.19952e-06
314.16	4.18038e-06
314.18	4.16136e-06
314.2	4.14247e-06
314.22	4.1237e-06
314.24	4.10504e-06
314.26	4.08651e-06
314.28	4.0681e-06
314.3	4.04981e-06
314.32	4.03163e-06
314.34	4.01358e-06
314.36	3.99564e-06
314.38	3.97781e-06
314.4	3.9601e-06
314.42	3.94251e-06
314.44	3.92503e-06
314.46	3.90766e-06
314.48	3.89041e-06
314.5	3.87327e-06
314.52	3.85624e-06
314.54	3.83932e-06
314.56	3.82251e-06
314.58	3.80581e-06
314.6	3.78922e-06
314.62	3.77274e-06
314.64	3.75636e-06
314.66	3.7401e-06
314.68	3.72394e-06
314.7	3.70788e-06
314.72	3.69193e-06
314.74	3.67609e-06
314.76	3.66035e-06
314.78	3.64471e-06
314.8	3.62918e-06
314.82	3.61375e-06
314.84	3.59842e-06
314.86	3.58319e-06
314.88	3.56807e-06
314.9	3.55304e-06
314.92	3.53811e-06
314.94	3.52329e-06
314.96	3.50856e-06
314.98	3.49393e-06
315	3.4794e-06
315.02	3.46496e-06
315.04	3.45062e-06
315.06	3.43638e-06
315.08	3.42223e-06
315.1	3.40818e-06
315.12	3.39422e-06
315.14	3.38036e-06
315.16	3.36659e-06
315.18	3.35291e-06
315.2	3.33933e-06
315.22	3.32584e-06
315.24	3.31244e-06
315.26	3.29913e-06
315.28	3.28591e-06
315.3	3.27278e-06
315.32	3.25975e-06
315.34	3.2468e-06
315.36	3.23394e-06
315.38	3.22117e-06
315.4	3.20849e-06
315.42	3.19589e-06
315.44	3.18339e-06
315.46	3.17097e-06
315.48	3.15863e-06
315.5	3.14639e-06
315.52	3.13423e-06
315.54	3.12215e-06
315.56	3.11016e-06
315.58	3.09825e-06
315.6	3.08643e-06
315.62	3.07469e-06
315.64	3.06304e-06
315.66	3.05147e-06
315.68	3.03998e-06
315.7	3.02857e-06
315.72	3.01725e-06
315.74	3.006e-06
315.76	2.99484e-06
315.78	2.98376e-06
315.8	2.97276e-06
315.82	2.96185e-06
315.84	2.95101e-06
315.86	2.94025e-06
315.88	2.92957e-06
315.9	2.91897e-06
315.92	2.90845e-06
315.94	2.89801e-06
315.96	2.88764e-06
315.98	2.87736e-06
316	2.86715e-06
316.02	2.85702e-06
316.04	2.84696e-06
316.06	2.83699e-06
316.08	2.82709e-06
316.1	2.81726e-06
316.12	2.80752e-06
316.14	2.79785e-06
316.16	2.78825e-06
316.18	2.77873e-06
316.2	2.76929e-06
316.22	2.75992e-06
316.24	2.75063e-06
316.26	2.74141e-06
316.28	2.73226e-06
316.3	2.72319e-06
316.32	2.7142e-06
316.34	2.70528e-06
316.36	2.69643e-06
316.38	2.68766e-06
316.4	2.67896e-06
316.42	2.67033e-06
316.44	2.66178e-06
316.46	2.6533e-06
316.48	2.64489e-06
316.5	2.63656e-06
316.52	2.6283e-06
316.54	2.62011e-06
316.56	2.612e-06
316.58	2.60396e-06
316.6	2.59599e-06
316.62	2.58809e-06
316.64	2.58027e-06
316.66	2.57252e-06
316.68	2.56484e-06
316.7	2.55724e-06
316.72	2.54971e-06
316.74	2.54225e-06
316.76	2.53486e-06
316.78	2.52755e-06
316.8	2.52031e-06
316.82	2.51314e-06
316.84	2.50605e-06
316.86	2.49902e-06
316.88	2.49208e-06
316.9	2.4852e-06
316.92	2.4784e-06
316.94	2.47167e-06
316.96	2.46502e-06
316.98	2.45844e-06
317	2.45193e-06
317.02	2.4455e-06
317.04	2.43915e-06
317.06	2.43287e-06
317.08	2.42666e-06
317.1	2.42053e-06
317.12	2.41448e-06
317.14	2.4085e-06
317.16	2.4026e-06
317.18	2.39678e-06
317.2	2.39104e-06
317.22	2.38537e-06
317.24	2.37978e-06
317.26	2.37428e-06
317.28	2.36885e-06
317.3	2.3635e-06
317.32	2.35823e-06
317.34	2.35305e-06
317.36	2.34795e-06
317.38	2.34293e-06
317.4	2.338e-06
317.42	2.33315e-06
317.44	2.32839e-06
317.46	2.32371e-06
317.48	2.31913e-06
317.5	2.31463e-06
317.52	2.31022e-06
317.54	2.30591e-06
317.56	2.30169e-06
317.58	2.29756e-06
317.6	2.29353e-06
317.62	2.2896e-06
317.64	2.28577e-06
317.66	2.28205e-06
317.68	2.27842e-06
317.7	2.2749e-06
317.72	2.2715e-06
317.74	2.2682e-06
317.76	2.26501e-06
317.78	2.26195e-06
317.8	2.259e-06
317.82	2.25618e-06
317.84	2.25348e-06
317.86	2.25092e-06
317.88	2.24849e-06
317.9	2.2462e-06
317.92	2.24406e-06
317.94	2.24207e-06
317.96	2.24024e-06
317.98	2.23858e-06
318	2.23708e-06
318.02	2.23577e-06
318.04	2.23465e-06
318.06	2.23374e-06
318.08	2.23303e-06
318.1	2.23256e-06
318.12	2.23233e-06
318.14	2.23236e-06
318.16	2.23267e-06
318.18	2.2333e-06
318.2	2.23426e-06
318.22	2.23559e-06
318.24	2.23733e-06
318.26	2.23954e-06
318.28	2.24228e-06
318.3	2.24563e-06
318.32	2.24969e-06
318.34	2.25462e-06
318.36	2.2606e-06
318.38	2.26794e-06
318.4	2.27707e-06
318.42	2.28874e-06
318.44	2.30433e-06
318.46	2.32672e-06
318.48	2.36277e-06
318.5	2.42912e-06
318.52	2.56001e-06
318.54	2.80222e-06
318.56	3.19672e-06
318.58	3.80911e-06
318.6	4.76508e-06
318.62	6.21527e-06
318.64	8.31831e-06
318.66	1.12919e-05
318.68	1.5421e-05
318.7	2.09661e-05
318.72	2.80407e-05
318.74	3.6509e-05
318.76	4.59631e-05
318.78	5.58727e-05
318.8	6.57746e-05
318.82	7.53399e-05
318.84	8.43554e-05
318.86	9.26948e-05
318.88	0.000100305
318.9	0.000107193
318.92	0.000113404
318.94	0.000119001
318.96	0.000124053
318.98	0.000128624
319	0.000132774
319.02	0.000136555
319.04	0.000140012
319.06	0.000143185
319.08	0.000146107
319.1	0.000148809
319.12	0.000151315
319.14	0.000153646
319.16	0.000155821
319.18	0.000157854
319.2	0.00015976
319.22	0.000161548
319.24	0.00016323
319.26	0.000164813
319.28	0.000166305
319.3	0.000167711
319.32	0.000169039
319.34	0.000170292
319.36	0.000171475
319.38	0.000172592
319.4	0.000173648
319.42	0.000174644
319.44	0.000175585
319.46	0.000176473
319.48	0.000177311
319.5	0.000178101
319.52	0.000178845
319.54	0.000179546
319.56	0.000180206
319.58	0.000180825
319.6	0.000181407
319.62	0.000181953
319.64	0.000182463
319.66	0.00018294
319.68	0.000183385
319.7	0.000183799
319.72	0.000184183
319.74	0.000184538
319.76	0.000184865
319.78	0.000185166
319.8	0.000185439
319.82	0.000185688
319.84	0.000185911
319.86	0.00018611
319.88	0.000186286
319.9	0.000186439
319.92	0.000186568
319.94	0.000186676
319.96	0.000186762
319.98	0.000186827
320	0.00018687
320.02	0.000186893
320.04	0.000186895
320.06	0.000186877
320.08	0.000186839
320.1	0.000186781
320.12	0.000186703
320.14	0.000186607
320.16	0.000186491
320.18	0.000186356
320.2	0.000186203
320.22	0.00018603
320.24	0.00018584
320.26	0.000185631
320.28	0.000185404
320.3	0.000185159
320.32	0.000184897
320.34	0.000184616
320.36	0.000184319
320.38	0.000184004
320.4	0.000183673
320.42	0.000183325
320.44	0.00018296
320.46	0.000182579
320.48	0.000182181
320.5	0.000181768
320.52	0.00018134
320.54	0.000180896
320.56	0.000180436
320.58	0.000179962
320.6	0.000179474
320.62	0.000178971
320.64	0.000178454
320.66	0.000177923
320.68	0.000177379
320.7	0.000176822
320.72	0.000176252
320.74	0.000175669
320.76	0.000175075
320.78	0.000174468
320.8	0.00017385
320.82	0.00017322
320.84	0.000172579
320.86	0.000171928
320.88	0.000171267
320.9	0.000170595
320.92	0.000169914
320.94	0.000169224
320.96	0.000168525
320.98	0.000167817
321	0.000167101
321.02	0.000166376
321.04	0.000165644
321.06	0.000164905
321.08	0.000164159
321.1	0.000163406
321.12	0.000162646
321.14	0.000161881
321.16	0.000161109
321.18	0.000160332
321.2	0.00015955
321.22	0.000158763
321.24	0.000157972
321.26	0.000157176
321.28	0.000156376
321.3	0.000155572
321.32	0.000154765
321.34	0.000153954
321.36	0.000153141
321.38	0.000152325
321.4	0.000151506
321.42	0.000150685
321.44	0.000149862
321.46	0.000149038
321.48	0.000148212
321.5	0.000147384
321.52	0.000146556
321.54	0.000145726
321.56	0.000144896
321.58	0.000144065
321.6	0.000143234
321.62	0.000142403
321.64	0.000141572
321.66	0.000140742
321.68	0.000139911
321.7	0.000139082
321.72	0.000138253
321.74	0.000137425
321.76	0.000136598
321.78	0.000135772
321.8	0.000134947
321.82	0.000134125
321.84	0.000133303
321.86	0.000132484
321.88	0.000131666
321.9	0.00013085
321.92	0.000130037
321.94	0.000129225
321.96	0.000128416
321.98	0.00012761
322	0.000126806
322.02	0.000126004
322.04	0.000125205
322.06	0.000124409
322.08	0.000123616
322.1	0.000122826
322.12	0.000122039
322.14	0.000121255
322.16	0.000120474
322.18	0.000119696
322.2	0.000118922
322.22	0.000118151
322.24	0.000117383
322.26	0.000116619
322.28	0.000115858
322.3	0.000115101
322.32	0.000114348
322.34	0.000113598
322.36	0.000112852
322.38	0.000112109
322.4	0.000111371
322.42	0.000110636
322.44	0.000109905
322.46	0.000109177
322.48	0.000108454
322.5	0.000107734
322.52	0.000107019
322.54	0.000106307
322.56	0.000105599
322.58	0.000104896
322.6	0.000104196
322.62	0.0001035
322.64	0.000102809
322.66	0.000102121
322.68	0.000101437
322.7	0.000100758
322.72	0.000100082
322.74	9.94106e-05
322.76	9.87432e-05
322.78	9.80798e-05
322.8	9.74204e-05
322.82	9.67651e-05
322.84	9.61139e-05
322.86	9.54667e-05
322.88	9.48236e-05
322.9	9.41846e-05
322.92	9.35495e-05
322.94	9.29186e-05
322.96	9.22916e-05
322.98	9.16687e-05
323	9.10498e-05
323.02	9.04349e-05
323.04	8.9824e-05
323.06	8.92171e-05
323.08	8.86141e-05
323.1	8.80152e-05
323.12	8.74202e-05
323.14	8.68291e-05
323.16	8.62419e-05
323.18	8.56587e-05
323.2	8.50794e-05
323.22	8.45039e-05
323.24	8.39323e-05
323.26	8.33646e-05
323.28	8.28007e-05
323.3	8.22406e-05
323.32	8.16843e-05
323.34	8.11318e-05
323.36	8.05831e-05
323.38	8.00382e-05
323.4	7.94969e-05
323.42	7.89594e-05
323.44	7.84256e-05
323.46	7.78954e-05
323.48	7.73689e-05
323.5	7.68461e-05
323.52	7.63268e-05
323.54	7.58112e-05
323.56	7.52992e-05
323.58	7.47907e-05
323.6	7.42857e-05
323.62	7.37843e-05
323.64	7.32863e-05
323.66	7.27919e-05
323.68	7.23009e-05
323.7	7.18133e-05
323.72	7.13292e-05
323.74	7.08484e-05
323.76	7.03711e-05
323.78	6.98971e-05
323.8	6.94264e-05
323.82	6.8959e-05
323.84	6.84949e-05
323.86	6.80341e-05
323.88	6.75765e-05
323.9	6.71222e-05
323.92	6.66711e-05
323.94	6.62231e-05
323.96	6.57784e-05
323.98	6.53367e-05
324	6.48982e-05
324.02	6.44628e-05
324.04	6.40305e-05
324.06	6.36013e-05
324.08	6.3175e-05
324.1	6.27518e-05
324.12	6.23316e-05
324.14	6.19144e-05
324.16	6.15002e-05
324.18	6.10888e-05
324.2	6.06804e-05
324.22	6.02749e-05
324.24	5.98723e-05
324.26	5.94725e-05
324.28	5.90756e-05
324.3	5.86814e-05
324.32	5.82901e-05
324.34	5.79016e-05
324.36	5.75158e-05
324.38	5.71327e-05
324.4	5.67524e-05
324.42	5.63747e-05
324.44	5.59998e-05
324.46	5.56275e-05
324.48	5.52578e-05
324.5	5.48908e-05
324.52	5.45263e-05
324.54	5.41645e-05
324.56	5.38052e-05
324.58	5.34485e-05
324.6	5.30943e-05
324.62	5.27426e-05
324.64	5.23933e-05
324.66	5.20466e-05
324.68	5.17023e-05
324.7	5.13605e-05
324.72	5.10211e-05
324.74	5.0684e-05
324.76	5.03494e-05
324.78	5.00171e-05
324.8	4.96872e-05
324.82	4.93596e-05
324.84	4.90343e-05
324.86	4.87114e-05
324.88	4.83907e-05
324.9	4.80722e-05
324.92	4.77561e-05
324.94	4.74421e-05
324.96	4.71304e-05
324.98	4.68208e-05
325	4.65135e-05
325.02	4.62083e-05
325.04	4.59053e-05
325.06	4.56044e-05
325.08	4.53056e-05
325.1	4.50089e-05
325.12	4.47143e-05
325.14	4.44218e-05
325.16	4.41313e-05
325.18	4.38429e-05
325.2	4.35565e-05
325.22	4.32721e-05
325.24	4.29897e-05
325.26	4.27093e-05
325.28	4.24308e-05
325.3	4.21543e-05
325.32	4.18798e-05
325.34	4.16071e-05
325.36	4.13364e-05
325.38	4.10676e-05
325.4	4.08007e-05
325.42	4.05356e-05
325.44	4.02724e-05
325.46	4.0011e-05
325.48	3.97514e-05
325.5	3.94937e-05
325.52	3.92377e-05
325.54	3.89836e-05
325.56	3.87312e-05
325.58	3.84806e-05
325.6	3.82317e-05
325.62	3.79845e-05
325.64	3.77391e-05
325.66	3.74954e-05
325.68	3.72534e-05
325.7	3.70131e-05
325.72	3.67744e-05
325.74	3.65374e-05
325.76	3.6302e-05
325.78	3.60683e-05
325.8	3.58362e-05
325.82	3.56057e-05
325.84	3.53769e-05
325.86	3.51496e-05
325.88	3.49238e-05
325.9	3.46997e-05
325.92	3.44771e-05
325.94	3.4256e-05
325.96	3.40365e-05
325.98	3.38184e-05
326	3.36019e-05
326.02	3.33869e-05
326.04	3.31734e-05
326.06	3.29613e-05
326.08	3.27508e-05
326.1	3.25416e-05
326.12	3.23339e-05
326.14	3.21277e-05
326.16	3.19228e-05
326.18	3.17194e-05
326.2	3.15174e-05
326.22	3.13168e-05
326.24	3.11175e-05
326.26	3.09196e-05
326.28	3.07231e-05
326.3	3.05279e-05
326.32	3.03341e-05
326.34	3.01416e-05
326.36	2.99504e-05
326.38	2.97606e-05
326.4	2.9572e-05
326.42	2.93848e-05
326.44	2.91988e-05
326.46	2.90141e-05
326.48	2.88306e-05
326.5	2.86484e-05
326.52	2.84675e-05
326.54	2.82878e-05
326.56	2.81093e-05
326.58	2.79321e-05
326.6	2.77561e-05
326.62	2.75812e-05
326.64	2.74076e-05
326.66	2.72351e-05
326.68	2.70639e-05
326.7	2.68937e-05
326.72	2.67248e-05
326.74	2.6557e-05
326.76	2.63904e-05
326.78	2.62248e-05
326.8	2.60605e-05
326.82	2.58972e-05
326.84	2.5735e-05
326.86	2.5574e-05
326.88	2.5414e-05
326.9	2.52551e-05
326.92	2.50973e-05
326.94	2.49406e-05
326.96	2.4785e-05
326.98	2.46304e-05
327	2.44768e-05
327.02	2.43243e-05
327.04	2.41728e-05
327.06	2.40224e-05
327.08	2.3873e-05
327.1	2.37246e-05
327.12	2.35772e-05
327.14	2.34307e-05
327.16	2.32853e-05
327.18	2.31409e-05
327.2	2.29974e-05
327.22	2.28549e-05
327.24	2.27134e-05
327.26	2.25728e-05
327.28	2.24332e-05
327.3	2.22945e-05
327.32	2.21568e-05
327.34	2.202e-05
327.36	2.18841e-05
327.38	2.17491e-05
327.4	2.16151e-05
327.42	2.14819e-05
327.44	2.13496e-05
327.46	2.12183e-05
327.48	2.10878e-05
327.5	2.09582e-05
327.52	2.08294e-05
327.54	2.07015e-05
327.56	2.05745e-05
327.58	2.04484e-05
327.6	2.03231e-05
327.62	2.01986e-05
327.64	2.0075e-05
327.66	1.99521e-05
327.68	1.98302e-05
327.7	1.9709e-05
327.72	1.95886e-05
327.74	1.94691e-05
327.76	1.93504e-05
327.78	1.92324e-05
327.8	1.91152e-05
327.82	1.89989e-05
327.84	1.88833e-05
327.86	1.87685e-05
327.88	1.86544e-05
327.9	1.85411e-05
327.92	1.84286e-05
327.94	1.83168e-05
327.96	1.82057e-05
327.98	1.80954e-05
328	1.79859e-05
328.02	1.78771e-05
328.04	1.7769e-05
328.06	1.76616e-05
328.08	1.75549e-05
328.1	1.74489e-05
328.12	1.73437e-05
328.14	1.72391e-05
328.16	1.71353e-05
328.18	1.70321e-05
328.2	1.69297e-05
328.22	1.68279e-05
328.24	1.67267e-05
328.26	1.66263e-05
328.28	1.65265e-05
328.3	1.64274e-05
328.32	1.63289e-05
328.34	1.62311e-05
328.36	1.6134e-05
328.38	1.60375e-05
328.4	1.59416e-05
328.42	1.58464e-05
328.44	1.57518e-05
328.46	1.56578e-05
328.48	1.55644e-05
328.5	1.54717e-05
328.52	1.53796e-05
328.54	1.52881e-05
328.56	1.51972e-05
328.58	1.51069e-05
328.6	1.50172e-05
328.62	1.49281e-05
328.64	1.48395e-05
328.66	1.47516e-05
328.68	1.46642e-05
328.7	1.45775e-05
328.72	1.44912e-05
328.74	1.44056e-05
328.76	1.43205e-05
328.78	1.4236e-05
328.8	1.41521e-05
328.82	1.40687e-05
328.84	1.39858e-05
328.86	1.39035e-05
328.88	1.38217e-05
328.9	1.37405e-05
328.92	1.36598e-05
328.94	1.35797e-05
328.96	1.35e-05
328.98	1.34209e-05
329	1.33423e-05
329.02	1.32643e-05
329.04	1.31867e-05
329.06	1.31097e-05
329.08	1.30331e-05
329.1	1.29571e-05
329.12	1.28815e-05
329.14	1.28065e-05
329.16	1.27319e-05
329.18	1.26579e-05
329.2	1.25843e-05
329.22	1.25112e-05
329.24	1.24386e-05
329.26	1.23664e-05
329.28	1.22947e-05
329.3	1.22235e-05
329.32	1.21528e-05
329.34	1.20825e-05
329.36	1.20127e-05
329.38	1.19434e-05
329.4	1.18745e-05
329.42	1.1806e-05
329.44	1.1738e-05
329.46	1.16704e-05
329.48	1.16033e-05
329.5	1.15366e-05
329.52	1.14704e-05
329.54	1.14046e-05
329.56	1.13392e-05
329.58	1.12742e-05
329.6	1.12097e-05
329.62	1.11455e-05
329.64	1.10818e-05
329.66	1.10186e-05
329.68	1.09557e-05
329.7	1.08932e-05
329.72	1.08312e-05
329.74	1.07695e-05
329.76	1.07083e-05
329.78	1.06474e-05
329.8	1.05869e-05
329.82	1.05269e-05
329.84	1.04672e-05
329.86	1.04079e-05
329.88	1.0349e-05
329.9	1.02905e-05
329.92	1.02323e-05
329.94	1.01746e-05
329.96	1.01172e-05
329.98	1.00602e-05
330	1.00035e-05
330.02	9.94723e-06
330.04	9.89132e-06
330.06	9.83576e-06
330.08	9.78057e-06
330.1	9.72573e-06
330.12	9.67124e-06
330.14	9.61711e-06
330.16	9.56333e-06
330.18	9.5099e-06
330.2	9.45681e-06
330.22	9.40407e-06
330.24	9.35167e-06
330.26	9.2996e-06
330.28	9.24787e-06
330.3	9.19648e-06
330.32	9.14541e-06
330.34	9.09468e-06
330.36	9.04427e-06
330.38	8.99419e-06
330.4	8.94444e-06
330.42	8.895e-06
330.44	8.84588e-06
330.46	8.79708e-06
330.48	8.74859e-06
330.5	8.70042e-06
330.52	8.65255e-06
330.54	8.60499e-06
330.56	8.55774e-06
330.58	8.5108e-06
330.6	8.46415e-06
330.62	8.41781e-06
330.64	8.37176e-06
330.66	8.32601e-06
330.68	8.28056e-06
330.7	8.23539e-06
330.72	8.19052e-06
330.74	8.14594e-06
330.76	8.10164e-06
330.78	8.05762e-06
330.8	8.01389e-06
330.82	7.97044e-06
330.84	7.92727e-06
330.86	7.88437e-06
330.88	7.84175e-06
330.9	7.79941e-06
330.92	7.75733e-06
330.94	7.71552e-06
330.96	7.67399e-06
330.98	7.63271e-06
331	7.59171e-06
331.02	7.55096e-06
331.04	7.51048e-06
331.06	7.47025e-06
331.08	7.43028e-06
331.1	7.39057e-06
331.12	7.35111e-06
331.14	7.31191e-06
331.16	7.27295e-06
331.18	7.23425e-06
331.2	7.19579e-06
331.22	7.15758e-06
331.24	7.11961e-06
331.26	7.08188e-06
331.28	7.0444e-06
331.3	7.00715e-06
331.32	6.97014e-06
331.34	6.93337e-06
331.36	6.89683e-06
331.38	6.86053e-06
331.4	6.82446e-06
331.42	6.78862e-06
331.44	6.753e-06
331.46	6.71762e-06
331.48	6.68246e-06
331.5	6.64752e-06
331.52	6.61281e-06
331.54	6.57831e-06
331.56	6.54404e-06
331.58	6.50999e-06
331.6	6.47615e-06
331.62	6.44253e-06
331.64	6.40912e-06
331.66	6.37592e-06
331.68	6.34294e-06
331.7	6.31017e-06
331.72	6.2776e-06
331.74	6.24524e-06
331.76	6.21309e-06
331.78	6.18115e-06
331.8	6.1494e-06
331.82	6.11786e-06
331.84	6.08652e-06
331.86	6.05538e-06
331.88	6.02443e-06
331.9	5.99369e-06
331.92	5.96313e-06
331.94	5.93278e-06
331.96	5.90261e-06
331.98	5.87264e-06
332	5.84286e-06
332.02	5.81327e-06
332.04	5.78386e-06
332.06	5.75465e-06
332.08	5.72562e-06
332.1	5.69677e-06
332.12	5.66811e-06
332.14	5.63962e-06
332.16	5.61132e-06
332.18	5.5832e-06
332.2	5.55526e-06
332.22	5.5275e-06
332.24	5.49991e-06
332.26	5.4725e-06
332.28	5.44526e-06
332.3	5.4182e-06
332.32	5.3913e-06
332.34	5.36458e-06
332.36	5.33803e-06
332.38	5.31165e-06
332.4	5.28543e-06
332.42	5.25938e-06
332.44	5.2335e-06
332.46	5.20778e-06
332.48	5.18223e-06
332.5	5.15683e-06
332.52	5.1316e-06
332.54	5.10653e-06
332.56	5.08162e-06
332.58	5.05687e-06
332.6	5.03228e-06
332.62	5.00784e-06
332.64	4.98355e-06
332.66	4.95943e-06
332.68	4.93545e-06
332.7	4.91163e-06
332.72	4.88796e-06
332.74	4.86444e-06
332.76	4.84107e-06
332.78	4.81785e-06
332.8	4.79478e-06
332.82	4.77185e-06
332.84	4.74907e-06
332.86	4.72644e-06
332.88	4.70395e-06
332.9	4.6816e-06
332.92	4.65939e-06
332.94	4.63733e-06
332.96	4.61541e-06
332.98	4.59363e-06
333	4.57199e-06
333.02	4.55048e-06
333.04	4.52912e-06
333.06	4.50789e-06
333.08	4.48679e-06
333.1	4.46583e-06
333.12	4.44501e-06
333.14	4.42431e-06
333.16	4.40375e-06
333.18	4.38333e-06
333.2	4.36303e-06
333.22	4.34286e-06
333.24	4.32282e-06
333.26	4.30291e-06
333.28	4.28313e-06
333.3	4.26348e-06
333.32	4.24395e-06
333.34	4.22455e-06
333.36	4.20527e-06
333.38	4.18612e-06
333.4	4.16709e-06
333.42	4.14818e-06
333.44	4.12939e-06
333.46	4.11073e-06
333.48	4.09218e-06
333.5	4.07376e-06
333.52	4.05545e-06
333.54	4.03727e-06
333.56	4.0192e-06
333.58	4.00124e-06
333.6	3.98341e-06
333.62	3.96568e-06
333.64	3.94808e-06
333.66	3.93059e-06
333.68	3.91321e-06
333.7	3.89594e-06
333.72	3.87879e-06
333.74	3.86175e-06
333.76	3.84482e-06
333.78	3.828e-06
333.8	3.81129e-06
333.82	3.79468e-06
333.84	3.77819e-06
333.86	3.76181e-06
333.88	3.74553e-06
333.9	3.72936e-06
333.92	3.71329e-06
333.94	3.69733e-06
333.96	3.68148e-06
333.98	3.66573e-06
334	3.65008e-06
334.02	3.63454e-06
334.04	3.6191e-06
334.06	3.60376e-06
334.08	3.58852e-06
334.1	3.57338e-06
334.12	3.55835e-06
334.14	3.54341e-06
334.16	3.52858e-06
334.18	3.51384e-06
334.2	3.4992e-06
334.22	3.48466e-06
334.24	3.47021e-06
334.26	3.45586e-06
334.28	3.44161e-06
334.3	3.42746e-06
334.32	3.4134e-06
334.34	3.39943e-06
334.36	3.38556e-06
334.38	3.37178e-06
334.4	3.3581e-06
334.42	3.3445e-06
334.44	3.331e-06
334.46	3.3176e-06
334.48	3.30428e-06
334.5	3.29106e-06
334.52	3.27792e-06
334.54	3.26488e-06
334.56	3.25192e-06
334.58	3.23905e-06
334.6	3.22628e-06
334.62	3.21359e-06
334.64	3.20099e-06
334.66	3.18847e-06
334.68	3.17605e-06
334.7	3.16371e-06
334.72	3.15145e-06
334.74	3.13929e-06
334.76	3.12721e-06
334.78	3.11521e-06
334.8	3.1033e-06
334.82	3.09147e-06
334.84	3.07972e-06
334.86	3.06806e-06
334.88	3.05649e-06
334.9	3.04499e-06
334.92	3.03358e-06
334.94	3.02225e-06
334.96	3.01101e-06
334.98	2.99984e-06
335	2.98876e-06
335.02	2.97775e-06
335.04	2.96683e-06
335.06	2.95599e-06
335.08	2.94522e-06
335.1	2.93454e-06
335.12	2.92394e-06
335.14	2.91341e-06
335.16	2.90296e-06
335.18	2.8926e-06
335.2	2.88231e-06
335.22	2.8721e-06
335.24	2.86196e-06
335.26	2.85191e-06
335.28	2.84193e-06
335.3	2.83202e-06
335.32	2.8222e-06
335.34	2.81245e-06
335.36	2.80278e-06
335.38	2.79318e-06
335.4	2.78366e-06
335.42	2.77421e-06
335.44	2.76484e-06
335.46	2.75555e-06
335.48	2.74633e-06
335.5	2.73718e-06
335.52	2.72811e-06
335.54	2.71912e-06
335.56	2.7102e-06
335.58	2.70135e-06
335.6	2.69257e-06
335.62	2.68388e-06
335.64	2.67525e-06
335.66	2.6667e-06
335.68	2.65822e-06
335.7	2.64981e-06
335.72	2.64148e-06
335.74	2.63322e-06
335.76	2.62504e-06
335.78	2.61693e-06
335.8	2.60889e-06
335.82	2.60092e-06
335.84	2.59303e-06
335.86	2.58521e-06
335.88	2.57746e-06
335.9	2.56979e-06
335.92	2.56218e-06
335.94	2.55466e-06
335.96	2.5472e-06
335.98	2.53982e-06
336	2.53251e-06
336.02	2.52527e-06
336.04	2.51811e-06
336.06	2.51102e-06
336.08	2.504e-06
336.1	2.49706e-06
336.12	2.49019e-06
336.14	2.4834e-06
336.16	2.47668e-06
336.18	2.47003e-06
336.2	2.46346e-06
336.22	2.45696e-06
336.24	2.45054e-06
336.26	2.44419e-06
336.28	2.43792e-06
336.3	2.43172e-06
336.32	2.4256e-06
336.34	2.41956e-06
336.36	2.41359e-06
336.38	2.40771e-06
336.4	2.40189e-06
336.42	2.39616e-06
336.44	2.39051e-06
336.46	2.38493e-06
336.48	2.37944e-06
336.5	2.37402e-06
336.52	2.36869e-06
336.54	2.36344e-06
336.56	2.35827e-06
336.58	2.35318e-06
336.6	2.34818e-06
336.62	2.34326e-06
336.64	2.33843e-06
336.66	2.33369e-06
336.68	2.32904e-06
336.7	2.32447e-06
336.72	2.31999e-06
336.74	2.31561e-06
336.76	2.31132e-06
336.78	2.30712e-06
336.8	2.30302e-06
336.82	2.29902e-06
336.84	2.29511e-06
336.86	2.29131e-06
336.88	2.28761e-06
336.9	2.28402e-06
336.92	2.28053e-06
336.94	2.27716e-06
336.96	2.27389e-06
336.98	2.27074e-06
337	2.26772e-06
337.02	2.26481e-06
337.04	2.26203e-06
337.06	2.25938e-06
337.08	2.25686e-06
337.1	2.25448e-06
337.12	2.25224e-06
337.14	2.25016e-06
337.16	2.24823e-06
337.18	2.24646e-06
337.2	2.24485e-06
337.22	2.24343e-06
337.24	2.24219e-06
337.26	2.24115e-06
337.28	2.24032e-06
337.3	2.23971e-06
337.32	2.23933e-06
337.34	2.23921e-06
337.36	2.23935e-06
337.38	2.2398e-06
337.4	2.24056e-06
337.42	2.24168e-06
337.44	2.24318e-06
337.46	2.24513e-06
337.48	2.24756e-06
337.5	2.25056e-06
337.52	2.25422e-06
337.54	2.25865e-06
337.56	2.26403e-06
337.58	2.27058e-06
337.6	2.27866e-06
337.62	2.28883e-06
337.64	2.30205e-06
337.66	2.3202e-06
337.68	2.34749e-06
337.7	2.39427e-06
337.72	2.48382e-06
337.74	2.65983e-06
337.76	2.96726e-06
337.78	3.44945e-06
337.8	4.2005e-06
337.82	5.36342e-06
337.84	7.08986e-06
337.86	9.55813e-06
337.88	1.30218e-05
337.9	1.77707e-05
337.92	2.40139e-05
337.94	3.17644e-05
337.96	4.07568e-05
337.98	5.05011e-05
338	6.04783e-05
338.02	7.02834e-05
338.04	7.9643e-05
338.06	8.83849e-05
338.08	9.64167e-05
338.1	0.000103714
338.12	0.000110305
338.14	0.000116244
338.16	0.000121598
338.18	0.000126436
338.2	0.000130819
338.22	0.000134805
338.24	0.000138442
338.26	0.000141773
338.28	0.000144835
338.3	0.000147661
338.32	0.000150277
338.34	0.000152707
338.36	0.00015497
338.38	0.000157083
338.4	0.000159062
338.42	0.000160917
338.44	0.00016266
338.46	0.0001643
338.48	0.000165845
338.5	0.000167301
338.52	0.000168674
338.54	0.00016997
338.56	0.000171194
338.58	0.00017235
338.6	0.000173442
338.62	0.000174473
338.64	0.000175447
338.66	0.000176366
338.68	0.000177234
338.7	0.000178052
338.72	0.000178823
338.74	0.00017955
338.76	0.000180234
338.78	0.000180877
338.8	0.000181482
338.82	0.000182049
338.84	0.00018258
338.86	0.000183077
338.88	0.000183541
338.9	0.000183974
338.92	0.000184375
338.94	0.000184748
338.96	0.000185091
338.98	0.000185407
339	0.000185697
339.02	0.00018596
339.04	0.000186198
339.06	0.000186412
339.08	0.000186601
339.1	0.000186768
339.12	0.000186911
339.14	0.000187031
339.16	0.00018713
339.18	0.000187207
339.2	0.000187263
339.22	0.000187297
339.24	0.000187311
339.26	0.000187305
339.28	0.000187278
339.3	0.000187231
339.32	0.000187165
339.34	0.000187079
339.36	0.000186974
339.38	0.00018685
339.4	0.000186707
339.42	0.000186545
339.44	0.000186365
339.46	0.000186166
339.48	0.000185949
339.5	0.000185714
339.52	0.000185461
339.54	0.00018519
339.56	0.000184902
339.58	0.000184597
339.6	0.000184274
339.62	0.000183935
339.64	0.000183579
339.66	0.000183206
339.68	0.000182817
339.7	0.000182412
339.72	0.000181992
339.74	0.000181555
339.76	0.000181104
339.78	0.000180637
339.8	0.000180156
339.82	0.00017966
339.84	0.00017915
339.86	0.000178626
339.88	0.000178089
339.9	0.000177538
339.92	0.000176974
339.94	0.000176397
339.96	0.000175808
339.98	0.000175207
340	0.000174594
340.02	0.000173969
340.04	0.000173334
340.06	0.000172687
340.08	0.00017203
340.1	0.000171363
340.12	0.000170686
340.14	0.00017
340.16	0.000169304
340.18	0.0001686
340.2	0.000167886
340.22	0.000167165
340.24	0.000166436
340.26	0.000165699
340.28	0.000164955
340.3	0.000164205
340.32	0.000163447
340.34	0.000162683
340.36	0.000161914
340.38	0.000161138
340.4	0.000160358
340.42	0.000159572
340.44	0.000158781
340.46	0.000157986
340.48	0.000157187
340.5	0.000156383
340.52	0.000155576
340.54	0.000154766
340.56	0.000153953
340.58	0.000153136
340.6	0.000152317
340.62	0.000151496
340.64	0.000150672
340.66	0.000149847
340.68	0.00014902
340.7	0.000148191
340.72	0.000147362
340.74	0.000146531
340.76	0.000145699
340.78	0.000144867
340.8	0.000144035
340.82	0.000143202
340.84	0.000142369
340.86	0.000141536
340.88	0.000140704
340.9	0.000139872
340.92	0.000139041
340.94	0.000138211
340.96	0.000137381
340.98	0.000136553
341	0.000135726
341.02	0.000134901
341.04	0.000134077
341.06	0.000133255
341.08	0.000132434
341.1	0.000131615
341.12	0.000130799
341.14	0.000129985
341.16	0.000129173
341.18	0.000128363
341.2	0.000127556
341.22	0.000126751
341.24	0.000125949
341.26	0.000125149
341.28	0.000124353
341.3	0.000123559
341.32	0.000122769
341.34	0.000121981
341.36	0.000121197
341.38	0.000120416
341.4	0.000119638
341.42	0.000118863
341.44	0.000118092
341.46	0.000117324
341.48	0.00011656
341.5	0.000115799
341.52	0.000115042
341.54	0.000114288
341.56	0.000113538
341.58	0.000112792
341.6	0.00011205
341.62	0.000111311
341.64	0.000110576
341.66	0.000109845
341.68	0.000109118
341.7	0.000108395
341.72	0.000107675
341.74	0.00010696
341.76	0.000106248
341.78	0.000105541
341.8	0.000104837
341.82	0.000104138
341.84	0.000103442
341.86	0.000102751
341.88	0.000102063
341.9	0.00010138
341.92	0.000100701
341.94	0.000100025
341.96	9.9354e-05
341.98	9.86868e-05
342	9.80237e-05
342.02	9.73647e-05
342.04	9.67097e-05
342.06	9.60588e-05
342.08	9.54119e-05
342.1	9.47692e-05
342.12	9.41304e-05
342.14	9.34957e-05
342.16	9.28651e-05
342.18	9.22385e-05
342.2	9.16159e-05
342.22	9.09974e-05
342.24	9.03829e-05
342.26	8.97723e-05
342.28	8.91658e-05
342.3	8.85632e-05
342.32	8.79646e-05
342.34	8.737e-05
342.36	8.67793e-05
342.38	8.61925e-05
342.4	8.56097e-05
342.42	8.50307e-05
342.44	8.44556e-05
342.46	8.38844e-05
342.48	8.33171e-05
342.5	8.27536e-05
342.52	8.21939e-05
342.54	8.1638e-05
342.56	8.10859e-05
342.58	8.05376e-05
342.6	7.9993e-05
342.62	7.94522e-05
342.64	7.8915e-05
342.66	7.83816e-05
342.68	7.78519e-05
342.7	7.73257e-05
342.72	7.68033e-05
342.74	7.62844e-05
342.76	7.57692e-05
342.78	7.52575e-05
342.8	7.47494e-05
342.82	7.42448e-05
342.84	7.37438e-05
342.86	7.32462e-05
342.88	7.27522e-05
342.9	7.22615e-05
342.92	7.17744e-05
342.94	7.12906e-05
342.96	7.08102e-05
342.98	7.03332e-05
343	6.98596e-05
343.02	6.93892e-05
343.04	6.89222e-05
343.06	6.84585e-05
343.08	6.79981e-05
343.1	6.75409e-05
343.12	6.70869e-05
343.14	6.66361e-05
343.16	6.61885e-05
343.18	6.57441e-05
343.2	6.53028e-05
343.22	6.48647e-05
343.24	6.44296e-05
343.26	6.39976e-05
343.28	6.35687e-05
343.3	6.31428e-05
343.32	6.27199e-05
343.34	6.23001e-05
343.36	6.18832e-05
343.38	6.14693e-05
343.4	6.10583e-05
343.42	6.06502e-05
343.44	6.0245e-05
343.46	5.98427e-05
343.48	5.94432e-05
343.5	5.90466e-05
343.52	5.86527e-05
343.54	5.82617e-05
343.56	5.78735e-05
343.58	5.7488e-05
343.6	5.71052e-05
343.62	5.67252e-05
343.64	5.63478e-05
343.66	5.59732e-05
343.68	5.56012e-05
343.7	5.52318e-05
343.72	5.4865e-05
343.74	5.45009e-05
343.76	5.41393e-05
343.78	5.37803e-05
343.8	5.34238e-05
343.82	5.30699e-05
343.84	5.27185e-05
343.86	5.23695e-05
343.88	5.20231e-05
343.9	5.1679e-05
343.92	5.13375e-05
343.94	5.09983e-05
343.96	5.06615e-05
343.98	5.03271e-05
344	4.99951e-05
344.02	4.96655e-05
344.04	4.93381e-05
344.06	4.90131e-05
344.08	4.86904e-05
344.1	4.83699e-05
344.12	4.80517e-05
344.14	4.77358e-05
344.16	4.7422e-05
344.18	4.71105e-05
344.2	4.68012e-05
344.22	4.64941e-05
344.24	4.61891e-05
344.26	4.58863e-05
344.28	4.55856e-05
344.3	4.52871e-05
344.32	4.49906e-05
344.34	4.46962e-05
344.36	4.44039e-05
344.38	4.41137e-05
344.4	4.38254e-05
344.42	4.35392e-05
344.44	4.32551e-05
344.46	4.29729e-05
344.48	4.26927e-05
344.5	4.24144e-05
344.52	4.21381e-05
344.54	4.18638e-05
344.56	4.15913e-05
344.58	4.13208e-05
344.6	4.10522e-05
344.62	4.07854e-05
344.64	4.05205e-05
344.66	4.02575e-05
344.68	3.99963e-05
344.7	3.97369e-05
344.72	3.94793e-05
344.74	3.92236e-05
344.76	3.89696e-05
344.78	3.87174e-05
344.8	3.84669e-05
344.82	3.82182e-05
344.84	3.79713e-05
344.86	3.7726e-05
344.88	3.74825e-05
344.9	3.72406e-05
344.92	3.70004e-05
344.94	3.67619e-05
344.96	3.65251e-05
344.98	3.62899e-05
345	3.60563e-05
345.02	3.58244e-05
345.04	3.55941e-05
345.06	3.53653e-05
345.08	3.51382e-05
345.1	3.49126e-05
345.12	3.46886e-05
345.14	3.44661e-05
345.16	3.42452e-05
345.18	3.40258e-05
345.2	3.38079e-05
345.22	3.35916e-05
345.24	3.33767e-05
345.26	3.31633e-05
345.28	3.29514e-05
345.3	3.2741e-05
345.32	3.2532e-05
345.34	3.23244e-05
345.36	3.21183e-05
345.38	3.19136e-05
345.4	3.17103e-05
345.42	3.15084e-05
345.44	3.13079e-05
345.46	3.11087e-05
345.48	3.0911e-05
345.5	3.07146e-05
345.52	3.05195e-05
345.54	3.03258e-05
345.56	3.01335e-05
345.58	2.99424e-05
345.6	2.97527e-05
345.62	2.95642e-05
345.64	2.93771e-05
345.66	2.91912e-05
345.68	2.90066e-05
345.7	2.88233e-05
345.72	2.86412e-05
345.74	2.84604e-05
345.76	2.82808e-05
345.78	2.81024e-05
345.8	2.79253e-05
345.82	2.77494e-05
345.84	2.75747e-05
345.86	2.74011e-05
345.88	2.72288e-05
345.9	2.70576e-05
345.92	2.68876e-05
345.94	2.67187e-05
345.96	2.6551e-05
345.98	2.63845e-05
346	2.62191e-05
346.02	2.60548e-05
346.04	2.58916e-05
346.06	2.57295e-05
346.08	2.55686e-05
346.1	2.54087e-05
346.12	2.52499e-05
346.14	2.50922e-05
346.16	2.49356e-05
346.18	2.478e-05
346.2	2.46255e-05
346.22	2.44721e-05
346.24	2.43197e-05
346.26	2.41683e-05
346.28	2.40179e-05
346.3	2.38686e-05
346.32	2.37202e-05
346.34	2.35729e-05
346.36	2.34266e-05
346.38	2.32812e-05
346.4	2.31369e-05
346.42	2.29935e-05
346.44	2.28511e-05
346.46	2.27096e-05
346.48	2.25692e-05
346.5	2.24296e-05
346.52	2.2291e-05
346.54	2.21533e-05
346.56	2.20166e-05
346.58	2.18808e-05
346.6	2.17459e-05
346.62	2.16119e-05
346.64	2.14788e-05
346.66	2.13466e-05
346.68	2.12153e-05
346.7	2.10849e-05
346.72	2.09553e-05
346.74	2.08267e-05
346.76	2.06989e-05
346.78	2.05719e-05
346.8	2.04458e-05
346.82	2.03206e-05
346.84	2.01962e-05
346.86	2.00726e-05
346.88	1.99499e-05
346.9	1.98279e-05
346.92	1.97068e-05
346.94	1.95865e-05
346.96	1.94671e-05
346.98	1.93484e-05
347	1.92305e-05
347.02	1.91134e-05
347.04	1.89971e-05
347.06	1.88815e-05
347.08	1.87668e-05
347.1	1.86528e-05
347.12	1.85395e-05
347.14	1.84271e-05
347.16	1.83153e-05
347.18	1.82043e-05
347.2	1.80941e-05
347.22	1.79846e-05
347.24	1.78758e-05
347.26	1.77678e-05
347.28	1.76604e-05
347.3	1.75538e-05
347.32	1.74479e-05
347.34	1.73427e-05
347.36	1.72382e-05
347.38	1.71344e-05
347.4	1.70313e-05
347.42	1.69289e-05
347.44	1.68271e-05
347.46	1.67261e-05
347.48	1.66257e-05
347.5	1.65259e-05
347.52	1.64269e-05
347.54	1.63284e-05
347.56	1.62307e-05
347.58	1.61336e-05
347.6	1.60371e-05
347.62	1.59413e-05
347.64	1.58461e-05
347.66	1.57515e-05
347.68	1.56576e-05
347.7	1.55643e-05
347.72	1.54716e-05
347.74	1.53795e-05
347.76	1.52881e-05
347.78	1.51972e-05
347.8	1.51069e-05
347.82	1.50173e-05
347.84	1.49282e-05
347.86	1.48397e-05
347.88	1.47518e-05
347.9	1.46645e-05
347.92	1.45778e-05
347.94	1.44916e-05
347.96	1.4406e-05
347.98	1.43209e-05
348	1.42365e-05
348.02	1.41526e-05
348.04	1.40692e-05
348.06	1.39864e-05
348.08	1.39041e-05
348.1	1.38224e-05
348.12	1.37412e-05
348.14	1.36605e-05
348.16	1.35804e-05
348.18	1.35008e-05
348.2	1.34217e-05
348.22	1.33432e-05
348.24	1.32651e-05
348.26	1.31876e-05
348.28	1.31106e-05
348.3	1.30341e-05
348.32	1.29581e-05
348.34	1.28825e-05
348.36	1.28075e-05
348.38	1.2733e-05
348.4	1.2659e-05
348.42	1.25854e-05
348.44	1.25123e-05
348.46	1.24398e-05
348.48	1.23676e-05
348.5	1.2296e-05
348.52	1.22248e-05
348.54	1.21541e-05
348.56	1.20839e-05
348.58	1.20141e-05
348.6	1.19448e-05
348.62	1.18759e-05
348.64	1.18074e-05
348.66	1.17395e-05
348.68	1.16719e-05
348.7	1.16048e-05
348.72	1.15382e-05
348.74	1.14719e-05
348.76	1.14062e-05
348.78	1.13408e-05
348.8	1.12759e-05
348.82	1.12113e-05
348.84	1.11472e-05
348.86	1.10836e-05
348.88	1.10203e-05
348.9	1.09575e-05
348.92	1.0895e-05
348.94	1.0833e-05
348.96	1.07713e-05
348.98	1.07101e-05
349	1.06493e-05
349.02	1.05888e-05
349.04	1.05288e-05
349.06	1.04691e-05
349.08	1.04099e-05
349.1	1.0351e-05
349.12	1.02925e-05
349.14	1.02344e-05
349.16	1.01766e-05
349.18	1.01193e-05
349.2	1.00623e-05
349.22	1.00056e-05
349.24	9.94937e-06
349.26	9.89347e-06
349.28	9.83793e-06
349.3	9.78276e-06
349.32	9.72794e-06
349.34	9.67347e-06
349.36	9.61936e-06
349.38	9.5656e-06
349.4	9.51218e-06
349.42	9.45911e-06
349.44	9.40639e-06
349.46	9.354e-06
349.48	9.30195e-06
349.5	9.25024e-06
349.52	9.19886e-06
349.54	9.14782e-06
349.56	9.0971e-06
349.58	9.04671e-06
349.6	8.99665e-06
349.62	8.94691e-06
349.64	8.89749e-06
349.66	8.84838e-06
349.68	8.7996e-06
349.7	8.75113e-06
349.72	8.70297e-06
349.74	8.65512e-06
349.76	8.60757e-06
349.78	8.56034e-06
349.8	8.51341e-06
349.82	8.46678e-06
349.84	8.42045e-06
349.86	8.37442e-06
349.88	8.32868e-06
349.9	8.28324e-06
349.92	8.23809e-06
349.94	8.19323e-06
349.96	8.14866e-06
349.98	8.10437e-06
350	8.06037e-06
350.02	8.01665e-06
350.04	7.97322e-06
350.06	7.93006e-06
350.08	7.88718e-06
350.1	7.84457e-06
350.12	7.80223e-06
350.14	7.76017e-06
350.16	7.71838e-06
350.18	7.67685e-06
350.2	7.63559e-06
350.22	7.5946e-06
350.24	7.55386e-06
350.26	7.51339e-06
350.28	7.47318e-06
350.3	7.43322e-06
350.32	7.39352e-06
350.34	7.35407e-06
350.36	7.31488e-06
350.38	7.27594e-06
350.4	7.23724e-06
350.42	7.19879e-06
350.44	7.16059e-06
350.46	7.12263e-06
350.48	7.08492e-06
350.5	7.04744e-06
350.52	7.01021e-06
350.54	6.97321e-06
350.56	6.93645e-06
350.58	6.89992e-06
350.6	6.86363e-06
350.62	6.82757e-06
350.64	6.79173e-06
350.66	6.75613e-06
350.68	6.72075e-06
350.7	6.6856e-06
350.72	6.65068e-06
350.74	6.61597e-06
350.76	6.58149e-06
350.78	6.54723e-06
350.8	6.51318e-06
350.82	6.47935e-06
350.84	6.44574e-06
350.86	6.41234e-06
350.88	6.37915e-06
350.9	6.34618e-06
350.92	6.31341e-06
350.94	6.28086e-06
350.96	6.24851e-06
350.98	6.21637e-06
351	6.18443e-06
351.02	6.15269e-06
351.04	6.12116e-06
351.06	6.08983e-06
351.08	6.05869e-06
351.1	6.02776e-06
351.12	5.99702e-06
351.14	5.96647e-06
351.16	5.93613e-06
351.18	5.90597e-06
351.2	5.87601e-06
351.22	5.84623e-06
351.24	5.81665e-06
351.26	5.78725e-06
351.28	5.75804e-06
351.3	5.72902e-06
351.32	5.70018e-06
351.34	5.67152e-06
351.36	5.64305e-06
351.38	5.61476e-06
351.4	5.58664e-06
351.42	5.55871e-06
351.44	5.53095e-06
351.46	5.50337e-06
351.48	5.47597e-06
351.5	5.44874e-06
351.52	5.42168e-06
351.54	5.39479e-06
351.56	5.36808e-06
351.58	5.34153e-06
351.6	5.31516e-06
351.62	5.28895e-06
351.64	5.26291e-06
351.66	5.23703e-06
351.68	5.21132e-06
351.7	5.18577e-06
351.72	5.16038e-06
351.74	5.13516e-06
351.76	5.1101e-06
351.78	5.08519e-06
351.8	5.06045e-06
351.82	5.03586e-06
351.84	5.01143e-06
351.86	4.98715e-06
351.88	4.96303e-06
351.9	4.93906e-06
351.92	4.91524e-06
351.94	4.89158e-06
351.96	4.86807e-06
351.98	4.8447e-06
352	4.82149e-06
352.02	4.79842e-06
352.04	4.7755e-06
352.06	4.75273e-06
352.08	4.7301e-06
352.1	4.70762e-06
352.12	4.68527e-06
352.14	4.66308e-06
352.16	4.64102e-06
352.18	4.6191e-06
352.2	4.59733e-06
352.22	4.57569e-06
352.24	4.55419e-06
352.26	4.53283e-06
352.28	4.51161e-06
352.3	4.49052e-06
352.32	4.46957e-06
352.34	4.44875e-06
352.36	4.42806e-06
352.38	4.40751e-06
352.4	4.38709e-06
352.42	4.36679e-06
352.44	4.34663e-06
352.46	4.3266e-06
352.48	4.3067e-06
352.5	4.28692e-06
352.52	4.26728e-06
352.54	4.24775e-06
352.56	4.22836e-06
352.58	4.20908e-06
352.6	4.18994e-06
352.62	4.17091e-06
352.64	4.15201e-06
352.66	4.13323e-06
352.68	4.11457e-06
352.7	4.09603e-06
352.72	4.07761e-06
352.74	4.05931e-06
352.76	4.04113e-06
352.78	4.02307e-06
352.8	4.00512e-06
352.82	3.98729e-06
352.84	3.96958e-06
352.86	3.95198e-06
352.88	3.93449e-06
352.9	3.91712e-06
352.92	3.89986e-06
352.94	3.88271e-06
352.96	3.86568e-06
352.98	3.84875e-06
353	3.83194e-06
353.02	3.81523e-06
353.04	3.79864e-06
353.06	3.78215e-06
353.08	3.76577e-06
353.1	3.7495e-06
353.12	3.73334e-06
353.14	3.71728e-06
353.16	3.70133e-06
353.18	3.68548e-06
353.2	3.66973e-06
353.22	3.65409e-06
353.24	3.63856e-06
353.26	3.62312e-06
353.28	3.60779e-06
353.3	3.59256e-06
353.32	3.57743e-06
353.34	3.5624e-06
353.36	3.54747e-06
353.38	3.53264e-06
353.4	3.51791e-06
353.42	3.50328e-06
353.44	3.48875e-06
353.46	3.47431e-06
353.48	3.45997e-06
353.5	3.44572e-06
353.52	3.43158e-06
353.54	3.41752e-06
353.56	3.40356e-06
353.58	3.3897e-06
353.6	3.37593e-06
353.62	3.36225e-06
353.64	3.34867e-06
353.66	3.33518e-06
353.68	3.32178e-06
353.7	3.30847e-06
353.72	3.29525e-06
353.74	3.28212e-06
353.76	3.26909e-06
353.78	3.25614e-06
353.8	3.24328e-06
353.82	3.23051e-06
353.84	3.21783e-06
353.86	3.20524e-06
353.88	3.19274e-06
353.9	3.18032e-06
353.92	3.16799e-06
353.94	3.15574e-06
353.96	3.14358e-06
353.98	3.13151e-06
354	3.11952e-06
354.02	3.10762e-06
354.04	3.0958e-06
354.06	3.08407e-06
354.08	3.07242e-06
354.1	3.06085e-06
354.12	3.04937e-06
354.14	3.03796e-06
354.16	3.02665e-06
354.18	3.01541e-06
354.2	3.00425e-06
354.22	2.99318e-06
354.24	2.98219e-06
354.26	2.97127e-06
354.28	2.96044e-06
354.3	2.94969e-06
354.32	2.93902e-06
354.34	2.92842e-06
354.36	2.91791e-06
354.38	2.90748e-06
354.4	2.89712e-06
354.42	2.88684e-06
354.44	2.87664e-06
354.46	2.86652e-06
354.48	2.85648e-06
354.5	2.84651e-06
354.52	2.83662e-06
354.54	2.82681e-06
354.56	2.81707e-06
354.58	2.80741e-06
354.6	2.79783e-06
354.62	2.78832e-06
354.64	2.77889e-06
354.66	2.76953e-06
354.68	2.76025e-06
354.7	2.75105e-06
354.72	2.74192e-06
354.74	2.73286e-06
354.76	2.72388e-06
354.78	2.71497e-06
354.8	2.70614e-06
354.82	2.69738e-06
354.84	2.6887e-06
354.86	2.68009e-06
354.88	2.67155e-06
354.9	2.66309e-06
354.92	2.6547e-06
354.94	2.64639e-06
354.96	2.63815e-06
354.98	2.62998e-06
355	2.62189e-06
355.02	2.61386e-06
355.04	2.60592e-06
355.06	2.59804e-06
355.08	2.59024e-06
355.1	2.58251e-06
355.12	2.57486e-06
355.14	2.56728e-06
355.16	2.55977e-06
355.18	2.55234e-06
355.2	2.54498e-06
355.22	2.53769e-06
355.24	2.53047e-06
355.26	2.52333e-06
355.28	2.51627e-06
355.3	2.50927e-06
355.32	2.50236e-06
355.34	2.49551e-06
355.36	2.48874e-06
355.38	2.48205e-06
355.4	2.47543e-06
355.42	2.46888e-06
355.44	2.46241e-06
355.46	2.45601e-06
355.48	2.44969e-06
355.5	2.44345e-06
355.52	2.43729e-06
355.54	2.4312e-06
355.56	2.42518e-06
355.58	2.41925e-06
355.6	2.41339e-06
355.62	2.40761e-06
355.64	2.40191e-06
355.66	2.39629e-06
355.68	2.39075e-06
355.7	2.38529e-06
355.72	2.37992e-06
355.74	2.37462e-06
355.76	2.36941e-06
355.78	2.36428e-06
355.8	2.35923e-06
355.82	2.35428e-06
355.84	2.3494e-06
355.86	2.34462e-06
355.88	2.33992e-06
355.9	2.33531e-06
355.92	2.33079e-06
355.94	2.32637e-06
355.96	2.32203e-06
355.98	2.31779e-06
356	2.31365e-06
356.02	2.30961e-06
356.04	2.30566e-06
356.06	2.30182e-06
356.08	2.29808e-06
356.1	2.29445e-06
356.12	2.29092e-06
356.14	2.2875e-06
356.16	2.2842e-06
356.18	2.28101e-06
356.2	2.27794e-06
356.22	2.27499e-06
356.24	2.27217e-06
356.26	2.26948e-06
356.28	2.26692e-06
356.3	2.2645e-06
356.32	2.26222e-06
356.34	2.2601e-06
356.36	2.25812e-06
356.38	2.25631e-06
356.4	2.25467e-06
356.42	2.2532e-06
356.44	2.25192e-06
356.46	2.25083e-06
356.48	2.24995e-06
356.5	2.24929e-06
356.52	2.24887e-06
356.54	2.24869e-06
356.56	2.24879e-06
356.58	2.24918e-06
356.6	2.24988e-06
356.62	2.25094e-06
356.64	2.25238e-06
356.66	2.25425e-06
356.68	2.25661e-06
356.7	2.25952e-06
356.72	2.26307e-06
356.74	2.26738e-06
356.76	2.27262e-06
356.78	2.27899e-06
356.8	2.28683e-06
356.82	2.29666e-06
356.84	2.30938e-06
356.86	2.32667e-06
356.88	2.35224e-06
356.9	2.39517e-06
356.92	2.47646e-06
356.94	2.63727e-06
356.96	2.92348e-06
356.98	3.37639e-06
357	4.08046e-06
357.02	5.17422e-06
357.04	6.80918e-06
357.06	9.1557e-06
357.08	1.24558e-05
357.1	1.70005e-05
357.12	2.30186e-05
357.14	3.05584e-05
357.16	3.93971e-05
357.18	4.90672e-05
357.2	5.90414e-05
357.22	6.88945e-05
357.24	7.8335e-05
357.26	8.71775e-05
357.28	9.53188e-05
357.3	0.000102725
357.32	0.000109418
357.34	0.00011545
357.36	0.000120887
357.38	0.000125797
357.4	0.000130244
357.42	0.000134284
357.44	0.00013797
357.46	0.000141344
357.48	0.000144443
357.5	0.000147302
357.52	0.000149947
357.54	0.000152402
357.56	0.000154689
357.58	0.000156823
357.6	0.000158821
357.62	0.000160693
357.64	0.000162452
357.66	0.000164106
357.68	0.000165664
357.7	0.000167133
357.72	0.000168518
357.74	0.000169825
357.76	0.000171059
357.78	0.000172225
357.8	0.000173326
357.82	0.000174366
357.84	0.000175347
357.86	0.000176274
357.88	0.000177149
357.9	0.000177975
357.92	0.000178753
357.94	0.000179486
357.96	0.000180176
357.98	0.000180825
358	0.000181435
358.02	0.000182008
358.04	0.000182545
358.06	0.000183047
358.08	0.000183515
358.1	0.000183952
358.12	0.000184359
358.14	0.000184735
358.16	0.000185083
358.18	0.000185404
358.2	0.000185697
358.22	0.000185964
358.24	0.000186206
358.26	0.000186423
358.28	0.000186617
358.3	0.000186786
358.32	0.000186933
358.34	0.000187057
358.36	0.000187159
358.38	0.000187239
358.4	0.000187298
358.42	0.000187336
358.44	0.000187353
358.46	0.00018735
358.48	0.000187326
358.5	0.000187283
358.52	0.00018722
358.54	0.000187137
358.56	0.000187035
358.58	0.000186914
358.6	0.000186773
358.62	0.000186615
358.64	0.000186437
358.66	0.000186241
358.68	0.000186027
358.7	0.000185795
358.72	0.000185544
358.74	0.000185277
358.76	0.000184991
358.78	0.000184689
358.8	0.000184369
358.82	0.000184032
358.84	0.000183678
358.86	0.000183308
358.88	0.000182922
358.9	0.00018252
358.92	0.000182102
358.94	0.000181668
358.96	0.000181219
358.98	0.000180755
359	0.000180276
359.02	0.000179782
359.04	0.000179274
359.06	0.000178752
359.08	0.000178217
359.1	0.000177668
359.12	0.000177106
359.14	0.000176532
359.16	0.000175944
359.18	0.000175345
359.2	0.000174734
359.22	0.000174111
359.24	0.000173477
359.26	0.000172832
359.28	0.000172177
359.3	0.000171511
359.32	0.000170836
359.34	0.000170151
359.36	0.000169457
359.38	0.000168753
359.4	0.000168042
359.42	0.000167322
359.44	0.000166594
359.46	0.000165858
359.48	0.000165115
359.5	0.000164365
359.52	0.000163609
359.54	0.000162846
359.56	0.000162077
359.58	0.000161303
359.6	0.000160523
359.62	0.000159738
359.64	0.000158948
359.66	0.000158153
359.68	0.000157355
359.7	0.000156552
359.72	0.000155745
359.74	0.000154936
359.76	0.000154123
359.78	0.000153307
359.8	0.000152488
359.82	0.000151667
359.84	0.000150844
359.86	0.000150018
359.88	0.000149192
359.9	0.000148363
359.92	0.000147534
359.94	0.000146703
359.96	0.000145871
359.98	0.000145039
360	0.000144207
360.02	0.000143374
360.04	0.000142541
360.06	0.000141708
360.08	0.000140876
360.1	0.000140044
360.12	0.000139213
360.14	0.000138382
360.16	0.000137552
360.18	0.000136724
360.2	0.000135897
360.22	0.000135071
360.24	0.000134247
360.26	0.000133424
360.28	0.000132603
360.3	0.000131784
360.32	0.000130967
360.34	0.000130152
360.36	0.00012934
360.38	0.00012853
360.4	0.000127722
360.42	0.000126917
360.44	0.000126114
360.46	0.000125314
360.48	0.000124517
360.5	0.000123723
360.52	0.000122932
360.54	0.000122144
360.56	0.000121359
360.58	0.000120577
360.6	0.000119799
360.62	0.000119024
360.64	0.000118252
360.66	0.000117483
360.68	0.000116718
360.7	0.000115957
360.72	0.000115199
360.74	0.000114445
360.76	0.000113694
360.78	0.000112947
360.8	0.000112204
360.82	0.000111465
360.84	0.000110729
360.86	0.000109997
360.88	0.00010927
360.9	0.000108546
360.92	0.000107825
360.94	0.000107109
360.96	0.000106397
360.98	0.000105689
361	0.000104985
361.02	0.000104284
361.04	0.000103588
361.06	0.000102896
361.08	0.000102208
361.1	0.000101524
361.12	0.000100843
361.14	0.000100167
361.16	9.94955e-05
361.18	9.88275e-05
361.2	9.81637e-05
361.22	9.75039e-05
361.24	9.68482e-05
361.26	9.61966e-05
361.28	9.5549e-05
361.3	9.49054e-05
361.32	9.4266e-05
361.34	9.36306e-05
361.36	9.29992e-05
361.38	9.23719e-05
361.4	9.17486e-05
361.42	9.11293e-05
361.44	9.0514e-05
361.46	8.99027e-05
361.48	8.92955e-05
361.5	8.86922e-05
361.52	8.80929e-05
361.54	8.74975e-05
361.56	8.69061e-05
361.58	8.63186e-05
361.6	8.5735e-05
361.62	8.51554e-05
361.64	8.45796e-05
361.66	8.40077e-05
361.68	8.34396e-05
361.7	8.28754e-05
361.72	8.2315e-05
361.74	8.17584e-05
361.76	8.12057e-05
361.78	8.06566e-05
361.8	8.01114e-05
361.82	7.95698e-05
361.84	7.9032e-05
361.86	7.84979e-05
361.88	7.79675e-05
361.9	7.74407e-05
361.92	7.69176e-05
361.94	7.63981e-05
361.96	7.58821e-05
361.98	7.53698e-05
362	7.48611e-05
362.02	7.43558e-05
362.04	7.38541e-05
362.06	7.33559e-05
362.08	7.28612e-05
362.1	7.23699e-05
362.12	7.18821e-05
362.14	7.13977e-05
362.16	7.09167e-05
362.18	7.04391e-05
362.2	6.99648e-05
362.22	6.94939e-05
362.24	6.90262e-05
362.26	6.85619e-05
362.28	6.81008e-05
362.3	6.7643e-05
362.32	6.71885e-05
362.34	6.67371e-05
362.36	6.62889e-05
362.38	6.58439e-05
362.4	6.5402e-05
362.42	6.49633e-05
362.44	6.45276e-05
362.46	6.40951e-05
362.48	6.36656e-05
362.5	6.32391e-05
362.52	6.28157e-05
362.54	6.23953e-05
362.56	6.19778e-05
362.58	6.15633e-05
362.6	6.11518e-05
362.62	6.07431e-05
362.64	6.03374e-05
362.66	5.99345e-05
362.68	5.95345e-05
362.7	5.91374e-05
362.72	5.8743e-05
362.74	5.83515e-05
362.76	5.79627e-05
362.78	5.75767e-05
362.8	5.71934e-05
362.82	5.68128e-05
362.84	5.6435e-05
362.86	5.60598e-05
362.88	5.56873e-05
362.9	5.53174e-05
362.92	5.49501e-05
362.94	5.45855e-05
362.96	5.42234e-05
362.98	5.38639e-05
363	5.3507e-05
363.02	5.31525e-05
363.04	5.28006e-05
363.06	5.24512e-05
363.08	5.21043e-05
363.1	5.17598e-05
363.12	5.14177e-05
363.14	5.10781e-05
363.16	5.07409e-05
363.18	5.0406e-05
363.2	5.00735e-05
363.22	4.97434e-05
363.24	4.94156e-05
363.26	4.90901e-05
363.28	4.8767e-05
363.3	4.84461e-05
363.32	4.81274e-05
363.34	4.7811e-05
363.36	4.74969e-05
363.38	4.7185e-05
363.4	4.68752e-05
363.42	4.65677e-05
363.44	4.62623e-05
363.46	4.5959e-05
363.48	4.56579e-05
363.5	4.5359e-05
363.52	4.50621e-05
363.54	4.47673e-05
363.56	4.44746e-05
363.58	4.41839e-05
363.6	4.38953e-05
363.62	4.36087e-05
363.64	4.33241e-05
363.66	4.30415e-05
363.68	4.27609e-05
363.7	4.24823e-05
363.72	4.22056e-05
363.74	4.19309e-05
363.76	4.1658e-05
363.78	4.13871e-05
363.8	4.11181e-05
363.82	4.0851e-05
363.84	4.05857e-05
363.86	4.03223e-05
363.88	4.00608e-05
363.9	3.9801e-05
363.92	3.95431e-05
363.94	3.9287e-05
363.96	3.90326e-05
363.98	3.87801e-05
364	3.85293e-05
364.02	3.82802e-05
364.04	3.80329e-05
364.06	3.77873e-05
364.08	3.75434e-05
364.1	3.73012e-05
364.12	3.70607e-05
364.14	3.68219e-05
364.16	3.65847e-05
364.18	3.63491e-05
364.2	3.61153e-05
364.22	3.5883e-05
364.24	3.56523e-05
364.26	3.54233e-05
364.28	3.51958e-05
364.3	3.49699e-05
364.32	3.47456e-05
364.34	3.45228e-05
364.36	3.43016e-05
364.38	3.40819e-05
364.4	3.38637e-05
364.42	3.3647e-05
364.44	3.34318e-05
364.46	3.32181e-05
364.48	3.30059e-05
364.5	3.27952e-05
364.52	3.25859e-05
364.54	3.2378e-05
364.56	3.21716e-05
364.58	3.19666e-05
364.6	3.1763e-05
364.62	3.15608e-05
364.64	3.136e-05
364.66	3.11606e-05
364.68	3.09626e-05
364.7	3.07659e-05
364.72	3.05706e-05
364.74	3.03766e-05
364.76	3.01839e-05
364.78	2.99926e-05
364.8	2.98026e-05
364.82	2.96139e-05
364.84	2.94265e-05
364.86	2.92403e-05
364.88	2.90555e-05
364.9	2.88719e-05
364.92	2.86895e-05
364.94	2.85084e-05
364.96	2.83286e-05
364.98	2.815e-05
365	2.79726e-05
365.02	2.77964e-05
365.04	2.76214e-05
365.06	2.74476e-05
365.08	2.7275e-05
365.1	2.71036e-05
365.12	2.69334e-05
365.14	2.67643e-05
365.16	2.65963e-05
365.18	2.64295e-05
365.2	2.62639e-05
365.22	2.60993e-05
365.24	2.59359e-05
365.26	2.57736e-05
365.28	2.56124e-05
365.3	2.54523e-05
365.32	2.52933e-05
365.34	2.51354e-05
365.36	2.49785e-05
365.38	2.48227e-05
365.4	2.4668e-05
365.42	2.45143e-05
365.44	2.43617e-05
365.46	2.42101e-05
365.48	2.40595e-05
365.5	2.39099e-05
365.52	2.37614e-05
365.54	2.36138e-05
365.56	2.34673e-05
365.58	2.33217e-05
365.6	2.31772e-05
365.62	2.30336e-05
365.64	2.28909e-05
365.66	2.27493e-05
365.68	2.26086e-05
365.7	2.24688e-05
365.72	2.233e-05
365.74	2.21922e-05
365.76	2.20552e-05
365.78	2.19192e-05
365.8	2.17841e-05
365.82	2.16499e-05
365.84	2.15166e-05
365.86	2.13842e-05
365.88	2.12527e-05
365.9	2.11221e-05
365.92	2.09924e-05
365.94	2.08635e-05
365.96	2.07355e-05
365.98	2.06084e-05
366	2.04821e-05
366.02	2.03567e-05
366.04	2.02321e-05
366.06	2.01083e-05
366.08	1.99854e-05
366.1	1.98633e-05
366.12	1.9742e-05
366.14	1.96215e-05
366.16	1.95019e-05
366.18	1.9383e-05
366.2	1.92649e-05
366.22	1.91477e-05
366.24	1.90312e-05
366.26	1.89155e-05
366.28	1.88005e-05
366.3	1.86864e-05
366.32	1.85729e-05
366.34	1.84603e-05
366.36	1.83484e-05
366.38	1.82373e-05
366.4	1.81268e-05
366.42	1.80172e-05
366.44	1.79082e-05
366.46	1.78e-05
366.48	1.76925e-05
366.5	1.75857e-05
366.52	1.74797e-05
366.54	1.73743e-05
366.56	1.72697e-05
366.58	1.71657e-05
366.6	1.70624e-05
366.62	1.69598e-05
366.64	1.68579e-05
366.66	1.67567e-05
366.68	1.66562e-05
366.7	1.65563e-05
366.72	1.64571e-05
366.74	1.63585e-05
366.76	1.62606e-05
366.78	1.61633e-05
366.8	1.60667e-05
366.82	1.59708e-05
366.84	1.58754e-05
366.86	1.57807e-05
366.88	1.56866e-05
366.9	1.55932e-05
366.92	1.55004e-05
366.94	1.54081e-05
366.96	1.53165e-05
366.98	1.52255e-05
367	1.51351e-05
367.02	1.50453e-05
367.04	1.49561e-05
367.06	1.48675e-05
367.08	1.47795e-05
367.1	1.4692e-05
367.12	1.46051e-05
367.14	1.45188e-05
367.16	1.44331e-05
367.18	1.43479e-05
367.2	1.42633e-05
367.22	1.41793e-05
367.24	1.40958e-05
367.26	1.40128e-05
367.28	1.39304e-05
367.3	1.38486e-05
367.32	1.37673e-05
367.34	1.36865e-05
367.36	1.36062e-05
367.38	1.35265e-05
367.4	1.34473e-05
367.42	1.33686e-05
367.44	1.32905e-05
367.46	1.32128e-05
367.48	1.31357e-05
367.5	1.3059e-05
367.52	1.29829e-05
367.54	1.29073e-05
367.56	1.28321e-05
367.58	1.27575e-05
367.6	1.26834e-05
367.62	1.26097e-05
367.64	1.25365e-05
367.66	1.24638e-05
367.68	1.23916e-05
367.7	1.23198e-05
367.72	1.22485e-05
367.74	1.21777e-05
367.76	1.21074e-05
367.78	1.20375e-05
367.8	1.1968e-05
367.82	1.1899e-05
367.84	1.18305e-05
367.86	1.17624e-05
367.88	1.16948e-05
367.9	1.16276e-05
367.92	1.15608e-05
367.94	1.14945e-05
367.96	1.14286e-05
367.98	1.13631e-05
368	1.12981e-05
368.02	1.12335e-05
368.04	1.11693e-05
368.06	1.11055e-05
368.08	1.10421e-05
368.1	1.09792e-05
368.12	1.09166e-05
368.14	1.08545e-05
368.16	1.07928e-05
368.18	1.07314e-05
368.2	1.06705e-05
368.22	1.061e-05
368.24	1.05498e-05
368.26	1.04901e-05
368.28	1.04307e-05
368.3	1.03717e-05
368.32	1.03131e-05
368.34	1.02549e-05
368.36	1.01971e-05
368.38	1.01396e-05
368.4	1.00825e-05
368.42	1.00258e-05
368.44	9.96947e-06
368.46	9.91349e-06
368.48	9.85786e-06
368.5	9.8026e-06
368.52	9.74769e-06
368.54	9.69314e-06
368.56	9.63894e-06
368.58	9.58509e-06
368.6	9.53159e-06
368.62	9.47844e-06
368.64	9.42563e-06
368.66	9.37316e-06
368.68	9.32102e-06
368.7	9.26923e-06
368.72	9.21777e-06
368.74	9.16664e-06
368.76	9.11584e-06
368.78	9.06537e-06
368.8	9.01523e-06
368.82	8.9654e-06
368.84	8.9159e-06
368.86	8.86672e-06
368.88	8.81786e-06
368.9	8.76931e-06
368.92	8.72107e-06
368.94	8.67314e-06
368.96	8.62552e-06
368.98	8.57821e-06
369	8.5312e-06
369.02	8.4845e-06
369.04	8.4381e-06
369.06	8.39199e-06
369.08	8.34618e-06
369.1	8.30066e-06
369.12	8.25544e-06
369.14	8.21051e-06
369.16	8.16587e-06
369.18	8.12151e-06
369.2	8.07744e-06
369.22	8.03365e-06
369.24	7.99014e-06
369.26	7.94691e-06
369.28	7.90396e-06
369.3	7.86128e-06
369.32	7.81888e-06
369.34	7.77674e-06
369.36	7.73488e-06
369.38	7.69329e-06
369.4	7.65196e-06
369.42	7.6109e-06
369.44	7.5701e-06
369.46	7.52956e-06
369.48	7.48928e-06
369.5	7.44926e-06
369.52	7.4095e-06
369.54	7.36998e-06
369.56	7.33073e-06
369.58	7.29172e-06
369.6	7.25296e-06
369.62	7.21445e-06
369.64	7.17619e-06
369.66	7.13817e-06
369.68	7.10039e-06
369.7	7.06285e-06
369.72	7.02556e-06
369.74	6.9885e-06
369.76	6.95168e-06
369.78	6.91509e-06
369.8	6.87874e-06
369.82	6.84262e-06
369.84	6.80673e-06
369.86	6.77106e-06
369.88	6.73563e-06
369.9	6.70042e-06
369.92	6.66544e-06
369.94	6.63067e-06
369.96	6.59613e-06
369.98	6.56182e-06
370	6.52771e-06
370.02	6.49383e-06
370.04	6.46016e-06
370.06	6.42671e-06
370.08	6.39347e-06
370.1	6.36044e-06
370.12	6.32762e-06
370.14	6.29501e-06
370.16	6.26261e-06
370.18	6.23041e-06
370.2	6.19842e-06
370.22	6.16663e-06
370.24	6.13505e-06
370.26	6.10366e-06
370.28	6.07248e-06
370.3	6.04149e-06
370.32	6.0107e-06
370.34	5.98011e-06
370.36	5.94971e-06
370.38	5.91951e-06
370.4	5.88949e-06
370.42	5.85967e-06
370.44	5.83004e-06
370.46	5.80059e-06
370.48	5.77133e-06
370.5	5.74226e-06
370.52	5.71338e-06
370.54	5.68467e-06
370.56	5.65615e-06
370.58	5.62781e-06
370.6	5.59965e-06
370.62	5.57167e-06
370.64	5.54387e-06
370.66	5.51625e-06
370.68	5.4888e-06
370.7	5.46152e-06
370.72	5.43442e-06
370.74	5.40749e-06
370.76	5.38073e-06
370.78	5.35414e-06
370.8	5.32772e-06
370.82	5.30147e-06
370.84	5.27539e-06
370.86	5.24947e-06
370.88	5.22372e-06
370.9	5.19813e-06
370.92	5.1727e-06
370.94	5.14743e-06
370.96	5.12233e-06
370.98	5.09738e-06
371	5.0726e-06
371.02	5.04797e-06
371.04	5.0235e-06
371.06	4.99918e-06
371.08	4.97502e-06
371.1	4.95101e-06
371.12	4.92716e-06
371.14	4.90346e-06
371.16	4.87991e-06
371.18	4.8565e-06
371.2	4.83325e-06
371.22	4.81015e-06
371.24	4.78719e-06
371.26	4.76438e-06
371.28	4.74172e-06
371.3	4.71919e-06
371.32	4.69682e-06
371.34	4.67458e-06
371.36	4.65249e-06
371.38	4.63054e-06
371.4	4.60873e-06
371.42	4.58706e-06
371.44	4.56553e-06
371.46	4.54413e-06
371.48	4.52287e-06
371.5	4.50175e-06
371.52	4.48076e-06
371.54	4.45991e-06
371.56	4.43919e-06
371.58	4.41861e-06
371.6	4.39815e-06
371.62	4.37783e-06
371.64	4.35764e-06
371.66	4.33757e-06
371.68	4.31764e-06
371.7	4.29783e-06
371.72	4.27815e-06
371.74	4.2586e-06
371.76	4.23917e-06
371.78	4.21987e-06
371.8	4.20069e-06
371.82	4.18164e-06
371.84	4.16271e-06
371.86	4.1439e-06
371.88	4.12521e-06
371.9	4.10664e-06
371.92	4.0882e-06
371.94	4.06987e-06
371.96	4.05166e-06
371.98	4.03357e-06
372	4.01559e-06
372.02	3.99773e-06
372.04	3.97999e-06
372.06	3.96237e-06
372.08	3.94485e-06
372.1	3.92745e-06
372.12	3.91017e-06
372.14	3.893e-06
372.16	3.87593e-06
372.18	3.85898e-06
372.2	3.84215e-06
372.22	3.82542e-06
372.24	3.8088e-06
372.26	3.79229e-06
372.28	3.77588e-06
372.3	3.75959e-06
372.32	3.7434e-06
372.34	3.72732e-06
372.36	3.71134e-06
372.38	3.69547e-06
372.4	3.6797e-06
372.42	3.66404e-06
372.44	3.64848e-06
372.46	3.63303e-06
372.48	3.61767e-06
372.5	3.60242e-06
372.52	3.58727e-06
372.54	3.57222e-06
372.56	3.55727e-06
372.58	3.54242e-06
372.6	3.52767e-06
372.62	3.51301e-06
372.64	3.49846e-06
372.66	3.484e-06
372.68	3.46964e-06
372.7	3.45538e-06
372.72	3.44121e-06
372.74	3.42714e-06
372.76	3.41316e-06
372.78	3.39928e-06
372.8	3.38549e-06
372.82	3.3718e-06
372.84	3.35819e-06
372.86	3.34469e-06
372.88	3.33127e-06
372.9	3.31794e-06
372.92	3.30471e-06
372.94	3.29157e-06
372.96	3.27851e-06
372.98	3.26555e-06
373	3.25268e-06
373.02	3.23989e-06
373.04	3.2272e-06
373.06	3.21459e-06
373.08	3.20207e-06
373.1	3.18964e-06
373.12	3.17729e-06
373.14	3.16503e-06
373.16	3.15286e-06
373.18	3.14078e-06
373.2	3.12878e-06
373.22	3.11686e-06
373.24	3.10503e-06
373.26	3.09328e-06
373.28	3.08162e-06
373.3	3.07004e-06
373.32	3.05854e-06
373.34	3.04713e-06
373.36	3.0358e-06
373.38	3.02455e-06
373.4	3.01339e-06
373.42	3.0023e-06
373.44	2.9913e-06
373.46	2.98038e-06
373.48	2.96954e-06
373.5	2.95877e-06
373.52	2.94809e-06
373.54	2.93749e-06
373.56	2.92697e-06
373.58	2.91653e-06
373.6	2.90616e-06
373.62	2.89588e-06
373.64	2.88567e-06
373.66	2.87554e-06
373.68	2.86549e-06
373.7	2.85552e-06
373.72	2.84563e-06
373.74	2.83581e-06
373.76	2.82607e-06
373.78	2.8164e-06
373.8	2.80681e-06
373.82	2.7973e-06
373.84	2.78786e-06
373.86	2.7785e-06
373.88	2.76922e-06
373.9	2.76001e-06
373.92	2.75088e-06
373.94	2.74182e-06
373.96	2.73284e-06
373.98	2.72393e-06
374	2.7151e-06
374.02	2.70634e-06
374.04	2.69765e-06
374.06	2.68904e-06
374.08	2.68051e-06
374.1	2.67205e-06
374.12	2.66366e-06
374.14	2.65535e-06
374.16	2.64711e-06
374.18	2.63894e-06
374.2	2.63085e-06
374.22	2.62284e-06
374.24	2.61489e-06
374.26	2.60702e-06
374.28	2.59923e-06
374.3	2.5915e-06
374.32	2.58385e-06
374.34	2.57628e-06
374.36	2.56878e-06
374.38	2.56135e-06
374.4	2.554e-06
374.42	2.54672e-06
374.44	2.53951e-06
374.46	2.53238e-06
374.48	2.52533e-06
374.5	2.51834e-06
374.52	2.51144e-06
374.54	2.5046e-06
374.56	2.49784e-06
374.58	2.49116e-06
374.6	2.48456e-06
374.62	2.47802e-06
374.64	2.47157e-06
374.66	2.46519e-06
374.68	2.45889e-06
374.7	2.45266e-06
374.72	2.44651e-06
374.74	2.44044e-06
374.76	2.43445e-06
374.78	2.42853e-06
374.8	2.4227e-06
374.82	2.41694e-06
374.84	2.41126e-06
374.86	2.40567e-06
374.88	2.40015e-06
374.9	2.39472e-06
374.92	2.38937e-06
374.94	2.3841e-06
374.96	2.37892e-06
374.98	2.37382e-06
375	2.36881e-06
375.02	2.36388e-06
375.04	2.35904e-06
375.06	2.3543e-06
375.08	2.34963e-06
375.1	2.34507e-06
375.12	2.34059e-06
375.14	2.3362e-06
375.16	2.33192e-06
375.18	2.32772e-06
375.2	2.32363e-06
375.22	2.31964e-06
375.24	2.31574e-06
375.26	2.31195e-06
375.28	2.30827e-06
375.3	2.3047e-06
375.32	2.30123e-06
375.34	2.29788e-06
375.36	2.29464e-06
375.38	2.29153e-06
375.4	2.28853e-06
375.42	2.28567e-06
375.44	2.28293e-06
375.46	2.28032e-06
375.48	2.27785e-06
375.5	2.27553e-06
375.52	2.27336e-06
375.54	2.27134e-06
375.56	2.26948e-06
375.58	2.26779e-06
375.6	2.26627e-06
375.62	2.26495e-06
375.64	2.26381e-06
375.66	2.26289e-06
375.68	2.26218e-06
375.7	2.26171e-06
375.72	2.26148e-06
375.74	2.26153e-06
375.76	2.26186e-06
375.78	2.26251e-06
375.8	2.26351e-06
375.82	2.26489e-06
375.84	2.2667e-06
375.86	2.26898e-06
375.88	2.27182e-06
375.9	2.27528e-06
375.92	2.2795e-06
375.94	2.28461e-06
375.96	2.29084e-06
375.98	2.2985e-06
376	2.30807e-06
376.02	2.32039e-06
376.04	2.33703e-06
376.06	2.36132e-06
376.08	2.40141e-06
376.1	2.47649e-06
376.12	2.62514e-06
376.14	2.89394e-06
376.16	3.32362e-06
376.18	3.99052e-06
376.2	5.02853e-06
376.22	6.58914e-06
376.24	8.83711e-06
376.26	1.20043e-05
376.28	1.63805e-05
376.3	2.2209e-05
376.32	2.95666e-05
376.34	3.82668e-05
376.36	4.78647e-05
376.38	5.7829e-05
376.4	6.77175e-05
376.42	7.72231e-05
376.44	8.61489e-05
376.46	9.4382e-05
376.48	0.000101881
376.5	0.000108661
376.52	0.000114772
376.54	0.000120279
376.56	0.000125251
376.58	0.000129752
376.6	0.000133841
376.62	0.000137567
376.64	0.000140977
376.66	0.000144108
376.68	0.000146994
376.7	0.000149664
376.72	0.000152141
376.74	0.000154447
376.76	0.000156599
376.78	0.000158612
376.8	0.000160498
376.82	0.00016227
376.84	0.000163936
376.86	0.000165505
376.88	0.000166984
376.9	0.000168378
376.92	0.000169694
376.94	0.000170937
376.96	0.00017211
376.98	0.000173218
377	0.000174265
377.02	0.000175253
377.04	0.000176186
377.06	0.000177067
377.08	0.000177898
377.1	0.000178681
377.12	0.00017942
377.14	0.000180115
377.16	0.000180769
377.18	0.000181383
377.2	0.00018196
377.22	0.0001825
377.24	0.000183006
377.26	0.000183479
377.28	0.00018392
377.3	0.000184329
377.32	0.000184709
377.34	0.000185061
377.36	0.000185384
377.38	0.00018568
377.4	0.000185951
377.42	0.000186195
377.44	0.000186416
377.46	0.000186612
377.48	0.000186784
377.5	0.000186933
377.52	0.00018706
377.54	0.000187165
377.56	0.000187247
377.58	0.000187309
377.6	0.000187349
377.62	0.000187369
377.64	0.000187368
377.66	0.000187347
377.68	0.000187306
377.7	0.000187245
377.72	0.000187164
377.74	0.000187064
377.76	0.000186946
377.78	0.000186808
377.8	0.000186651
377.82	0.000186476
377.84	0.000186282
377.86	0.00018607
377.88	0.00018584
377.9	0.000185592
377.92	0.000185326
377.94	0.000185043
377.96	0.000184743
377.98	0.000184425
378	0.00018409
378.02	0.000183739
378.04	0.000183371
378.06	0.000182986
378.08	0.000182586
378.1	0.00018217
378.12	0.000181738
378.14	0.000181291
378.16	0.000180828
378.18	0.000180351
378.2	0.000179859
378.22	0.000179353
378.24	0.000178833
378.26	0.0001783
378.28	0.000177752
378.3	0.000177192
378.32	0.000176619
378.34	0.000176033
378.36	0.000175436
378.38	0.000174826
378.4	0.000174205
378.42	0.000173572
378.44	0.000172929
378.46	0.000172275
378.48	0.00017161
378.5	0.000170936
378.52	0.000170252
378.54	0.000169559
378.56	0.000168857
378.58	0.000168146
378.6	0.000167427
378.62	0.0001667
378.64	0.000165966
378.66	0.000165224
378.68	0.000164475
378.7	0.000163719
378.72	0.000162957
378.74	0.000162189
378.76	0.000161416
378.78	0.000160636
378.8	0.000159852
378.82	0.000159063
378.84	0.000158269
378.86	0.00015747
378.88	0.000156668
378.9	0.000155862
378.92	0.000155053
378.94	0.00015424
378.96	0.000153425
378.98	0.000152606
379	0.000151786
379.02	0.000150963
379.04	0.000150138
379.06	0.000149311
379.08	0.000148483
379.1	0.000147654
379.12	0.000146823
379.14	0.000145992
379.16	0.00014516
379.18	0.000144327
379.2	0.000143494
379.22	0.000142662
379.24	0.000141829
379.26	0.000140996
379.28	0.000140164
379.3	0.000139333
379.32	0.000138502
379.34	0.000137673
379.36	0.000136844
379.38	0.000136017
379.4	0.000135191
379.42	0.000134366
379.44	0.000133544
379.46	0.000132723
379.48	0.000131903
379.5	0.000131086
379.52	0.000130271
379.54	0.000129458
379.56	0.000128648
379.58	0.00012784
379.6	0.000127034
379.62	0.000126232
379.64	0.000125431
379.66	0.000124634
379.68	0.00012384
379.7	0.000123048
379.72	0.00012226
379.74	0.000121474
379.76	0.000120692
379.78	0.000119913
379.8	0.000119138
379.82	0.000118365
379.84	0.000117597
379.86	0.000116831
379.88	0.000116069
379.9	0.000115311
379.92	0.000114556
379.94	0.000113805
379.96	0.000113058
379.98	0.000112314
380	0.000111575
380.02	0.000110839
380.04	0.000110106
380.06	0.000109378
380.08	0.000108654
380.1	0.000107933
380.12	0.000107216
380.14	0.000106504
380.16	0.000105795
380.18	0.00010509
380.2	0.000104389
380.22	0.000103693
380.24	0.000103
380.26	0.000102311
380.28	0.000101627
380.3	0.000100946
380.32	0.00010027
380.34	9.95971e-05
380.36	9.89287e-05
380.38	9.82643e-05
380.4	9.76041e-05
380.42	9.69478e-05
380.44	9.62957e-05
380.46	9.56476e-05
380.48	9.50036e-05
380.5	9.43636e-05
380.52	9.37277e-05
380.54	9.30958e-05
380.56	9.2468e-05
380.58	9.18442e-05
380.6	9.12244e-05
380.62	9.06086e-05
380.64	8.99969e-05
380.66	8.93891e-05
380.68	8.87853e-05
380.7	8.81855e-05
380.72	8.75896e-05
380.74	8.69977e-05
380.76	8.64097e-05
380.78	8.58257e-05
380.8	8.52455e-05
380.82	8.46692e-05
380.84	8.40968e-05
380.86	8.35283e-05
380.88	8.29636e-05
380.9	8.24027e-05
380.92	8.18457e-05
380.94	8.12924e-05
380.96	8.07429e-05
380.98	8.01972e-05
381	7.96552e-05
381.02	7.91169e-05
381.04	7.85823e-05
381.06	7.80514e-05
381.08	7.75241e-05
381.1	7.70005e-05
381.12	7.64806e-05
381.14	7.59642e-05
381.16	7.54514e-05
381.18	7.49422e-05
381.2	7.44365e-05
381.22	7.39344e-05
381.24	7.34357e-05
381.26	7.29405e-05
381.28	7.24488e-05
381.3	7.19606e-05
381.32	7.14757e-05
381.34	7.09943e-05
381.36	7.05162e-05
381.38	7.00415e-05
381.4	6.95701e-05
381.42	6.91021e-05
381.44	6.86373e-05
381.46	6.81758e-05
381.48	6.77176e-05
381.5	6.72626e-05
381.52	6.68108e-05
381.54	6.63622e-05
381.56	6.59168e-05
381.58	6.54745e-05
381.6	6.50353e-05
381.62	6.45993e-05
381.64	6.41663e-05
381.66	6.37364e-05
381.68	6.33095e-05
381.7	6.28857e-05
381.72	6.24649e-05
381.74	6.2047e-05
381.76	6.16322e-05
381.78	6.12202e-05
381.8	6.08112e-05
381.82	6.04051e-05
381.84	6.00018e-05
381.86	5.96014e-05
381.88	5.92039e-05
381.9	5.88092e-05
381.92	5.84172e-05
381.94	5.80281e-05
381.96	5.76417e-05
381.98	5.72581e-05
382	5.68771e-05
382.02	5.64989e-05
382.04	5.61234e-05
382.06	5.57505e-05
382.08	5.53803e-05
382.1	5.50126e-05
382.12	5.46476e-05
382.14	5.42852e-05
382.16	5.39254e-05
382.18	5.35681e-05
382.2	5.32133e-05
382.22	5.28611e-05
382.24	5.25113e-05
382.26	5.2164e-05
382.28	5.18192e-05
382.3	5.14768e-05
382.32	5.11368e-05
382.34	5.07993e-05
382.36	5.04641e-05
382.38	5.01313e-05
382.4	4.98009e-05
382.42	4.94727e-05
382.44	4.91469e-05
382.46	4.88234e-05
382.48	4.85022e-05
382.5	4.81833e-05
382.52	4.78666e-05
382.54	4.75521e-05
382.56	4.72399e-05
382.58	4.69298e-05
382.6	4.6622e-05
382.62	4.63163e-05
382.64	4.60128e-05
382.66	4.57114e-05
382.68	4.54121e-05
382.7	4.51149e-05
382.72	4.48198e-05
382.74	4.45268e-05
382.76	4.42359e-05
382.78	4.39469e-05
382.8	4.36601e-05
382.82	4.33752e-05
382.84	4.30923e-05
382.86	4.28115e-05
382.88	4.25325e-05
382.9	4.22556e-05
382.92	4.19806e-05
382.94	4.17075e-05
382.96	4.14363e-05
382.98	4.1167e-05
383	4.08996e-05
383.02	4.06341e-05
383.04	4.03704e-05
383.06	4.01086e-05
383.08	3.98486e-05
383.1	3.95904e-05
383.12	3.9334e-05
383.14	3.90794e-05
383.16	3.88266e-05
383.18	3.85755e-05
383.2	3.83262e-05
383.22	3.80787e-05
383.24	3.78328e-05
383.26	3.75887e-05
383.28	3.73462e-05
383.3	3.71055e-05
383.32	3.68664e-05
383.34	3.6629e-05
383.36	3.63932e-05
383.38	3.61591e-05
383.4	3.59266e-05
383.42	3.56957e-05
383.44	3.54664e-05
383.46	3.52387e-05
383.48	3.50125e-05
383.5	3.4788e-05
383.52	3.4565e-05
383.54	3.43435e-05
383.56	3.41236e-05
383.58	3.39052e-05
383.6	3.36883e-05
383.62	3.34729e-05
383.64	3.3259e-05
383.66	3.30465e-05
383.68	3.28356e-05
383.7	3.2626e-05
383.72	3.2418e-05
383.74	3.22113e-05
383.76	3.20061e-05
383.78	3.18023e-05
383.8	3.15999e-05
383.82	3.13989e-05
383.84	3.11993e-05
383.86	3.10011e-05
383.88	3.08042e-05
383.9	3.06087e-05
383.92	3.04145e-05
383.94	3.02216e-05
383.96	3.00301e-05
383.98	2.98399e-05
384	2.9651e-05
384.02	2.94633e-05
384.04	2.9277e-05
384.06	2.9092e-05
384.08	2.89082e-05
384.1	2.87256e-05
384.12	2.85444e-05
384.14	2.83643e-05
384.16	2.81855e-05
384.18	2.80079e-05
384.2	2.78316e-05
384.22	2.76564e-05
384.24	2.74824e-05
384.26	2.73096e-05
384.28	2.7138e-05
384.3	2.69676e-05
384.32	2.67983e-05
384.34	2.66302e-05
384.36	2.64632e-05
384.38	2.62974e-05
384.4	2.61327e-05
384.42	2.59691e-05
384.44	2.58066e-05
384.46	2.56453e-05
384.48	2.5485e-05
384.5	2.53258e-05
384.52	2.51677e-05
384.54	2.50107e-05
384.56	2.48547e-05
384.58	2.46998e-05
384.6	2.4546e-05
384.62	2.43932e-05
384.64	2.42414e-05
384.66	2.40907e-05
384.68	2.39409e-05
384.7	2.37922e-05
384.72	2.36445e-05
384.74	2.34978e-05
384.76	2.33521e-05
384.78	2.32074e-05
384.8	2.30636e-05
384.82	2.29209e-05
384.84	2.2779e-05
384.86	2.26382e-05
384.88	2.24983e-05
384.9	2.23593e-05
384.92	2.22213e-05
384.94	2.20842e-05
384.96	2.19481e-05
384.98	2.18128e-05
385	2.16785e-05
385.02	2.1545e-05
385.04	2.14125e-05
385.06	2.12809e-05
385.08	2.11501e-05
385.1	2.10202e-05
385.12	2.08912e-05
385.14	2.07631e-05
385.16	2.06358e-05
385.18	2.05094e-05
385.2	2.03838e-05
385.22	2.02591e-05
385.24	2.01352e-05
385.26	2.00121e-05
385.28	1.98899e-05
385.3	1.97685e-05
385.32	1.96479e-05
385.34	1.95281e-05
385.36	1.94091e-05
385.38	1.92909e-05
385.4	1.91735e-05
385.42	1.90569e-05
385.44	1.8941e-05
385.46	1.88259e-05
385.48	1.87116e-05
385.5	1.85981e-05
385.52	1.84853e-05
385.54	1.83733e-05
385.56	1.8262e-05
385.58	1.81515e-05
385.6	1.80417e-05
385.62	1.79326e-05
385.64	1.78243e-05
385.66	1.77167e-05
385.68	1.76098e-05
385.7	1.75036e-05
385.72	1.73981e-05
385.74	1.72934e-05
385.76	1.71893e-05
385.78	1.70859e-05
385.8	1.69832e-05
385.82	1.68812e-05
385.84	1.67798e-05
385.86	1.66792e-05
385.88	1.65792e-05
385.9	1.64798e-05
385.92	1.63812e-05
385.94	1.62832e-05
385.96	1.61858e-05
385.98	1.60891e-05
386	1.5993e-05
386.02	1.58975e-05
386.04	1.58027e-05
386.06	1.57085e-05
386.08	1.5615e-05
386.1	1.5522e-05
386.12	1.54297e-05
386.14	1.5338e-05
386.16	1.52469e-05
386.18	1.51564e-05
386.2	1.50665e-05
386.22	1.49772e-05
386.24	1.48885e-05
386.26	1.48003e-05
386.28	1.47128e-05
386.3	1.46258e-05
386.32	1.45394e-05
386.34	1.44536e-05
386.36	1.43683e-05
386.38	1.42836e-05
386.4	1.41994e-05
386.42	1.41158e-05
386.44	1.40328e-05
386.46	1.39503e-05
386.48	1.38684e-05
386.5	1.37869e-05
386.52	1.37061e-05
386.54	1.36257e-05
386.56	1.35459e-05
386.58	1.34666e-05
386.6	1.33878e-05
386.62	1.33096e-05
386.64	1.32319e-05
386.66	1.31546e-05
386.68	1.30779e-05
386.7	1.30017e-05
386.72	1.2926e-05
386.74	1.28507e-05
386.76	1.2776e-05
386.78	1.27018e-05
386.8	1.2628e-05
386.82	1.25548e-05
386.84	1.2482e-05
386.86	1.24097e-05
386.88	1.23378e-05
386.9	1.22664e-05
386.92	1.21955e-05
386.94	1.21251e-05
386.96	1.20551e-05
386.98	1.19856e-05
387	1.19165e-05
387.02	1.18479e-05
387.04	1.17797e-05
387.06	1.1712e-05
387.08	1.16447e-05
387.1	1.15779e-05
387.12	1.15115e-05
387.14	1.14455e-05
387.16	1.138e-05
387.18	1.13149e-05
387.2	1.12502e-05
387.22	1.11859e-05
387.24	1.1122e-05
387.26	1.10586e-05
387.28	1.09956e-05
387.3	1.0933e-05
387.32	1.08707e-05
387.34	1.08089e-05
387.36	1.07475e-05
387.38	1.06865e-05
387.4	1.06259e-05
387.42	1.05657e-05
387.44	1.05059e-05
387.46	1.04465e-05
387.48	1.03874e-05
387.5	1.03287e-05
387.52	1.02705e-05
387.54	1.02126e-05
387.56	1.0155e-05
387.58	1.00979e-05
387.6	1.00411e-05
387.62	9.98466e-06
387.64	9.9286e-06
387.66	9.87291e-06
387.68	9.81758e-06
387.7	9.7626e-06
387.72	9.70799e-06
387.74	9.65372e-06
387.76	9.59981e-06
387.78	9.54624e-06
387.8	9.49302e-06
387.82	9.44015e-06
387.84	9.38761e-06
387.86	9.33542e-06
387.88	9.28356e-06
387.9	9.23204e-06
387.92	9.18085e-06
387.94	9.12999e-06
387.96	9.07945e-06
387.98	9.02925e-06
388	8.97936e-06
388.02	8.9298e-06
388.04	8.88056e-06
388.06	8.83163e-06
388.08	8.78302e-06
388.1	8.73473e-06
388.12	8.68674e-06
388.14	8.63907e-06
388.16	8.59169e-06
388.18	8.54463e-06
388.2	8.49787e-06
388.22	8.4514e-06
388.24	8.40524e-06
388.26	8.35938e-06
388.28	8.3138e-06
388.3	8.26853e-06
388.32	8.22354e-06
388.34	8.17884e-06
388.36	8.13443e-06
388.38	8.0903e-06
388.4	8.04646e-06
388.42	8.00289e-06
388.44	7.95961e-06
388.46	7.9166e-06
388.48	7.87387e-06
388.5	7.83142e-06
388.52	7.78923e-06
388.54	7.74732e-06
388.56	7.70567e-06
388.58	7.6643e-06
388.6	7.62318e-06
388.62	7.58233e-06
388.64	7.54174e-06
388.66	7.50141e-06
388.68	7.46134e-06
388.7	7.42153e-06
388.72	7.38197e-06
388.74	7.34266e-06
388.76	7.3036e-06
388.78	7.2648e-06
388.8	7.22624e-06
388.82	7.18792e-06
388.84	7.14986e-06
388.86	7.11203e-06
388.88	7.07445e-06
388.9	7.03711e-06
388.92	7e-06
388.94	6.96313e-06
388.96	6.9265e-06
388.98	6.8901e-06
389	6.85394e-06
389.02	6.818e-06
389.04	6.78229e-06
389.06	6.74681e-06
389.08	6.71156e-06
389.1	6.67653e-06
389.12	6.64173e-06
389.14	6.60714e-06
389.16	6.57278e-06
389.18	6.53863e-06
389.2	6.50471e-06
389.22	6.471e-06
389.24	6.4375e-06
389.26	6.40422e-06
389.28	6.37115e-06
389.3	6.33829e-06
389.32	6.30564e-06
389.34	6.27319e-06
389.36	6.24096e-06
389.38	6.20892e-06
389.4	6.1771e-06
389.42	6.14547e-06
389.44	6.11405e-06
389.46	6.08282e-06
389.48	6.0518e-06
389.5	6.02097e-06
389.52	5.99034e-06
389.54	5.9599e-06
389.56	5.92965e-06
389.58	5.8996e-06
389.6	5.86974e-06
389.62	5.84007e-06
389.64	5.81059e-06
389.66	5.78129e-06
389.68	5.75219e-06
389.7	5.72326e-06
389.72	5.69452e-06
389.74	5.66597e-06
389.76	5.63759e-06
389.78	5.6094e-06
389.8	5.58138e-06
389.82	5.55354e-06
389.84	5.52588e-06
389.86	5.4984e-06
389.88	5.47109e-06
389.9	5.44395e-06
389.92	5.41699e-06
389.94	5.39019e-06
389.96	5.36357e-06
389.98	5.33712e-06
390	5.31083e-06
390.02	5.28472e-06
390.04	5.25876e-06
390.06	5.23298e-06
390.08	5.20736e-06
390.1	5.1819e-06
390.12	5.1566e-06
390.14	5.13146e-06
390.16	5.10648e-06
390.18	5.08167e-06
390.2	5.05701e-06
390.22	5.0325e-06
390.24	5.00816e-06
390.26	4.98397e-06
390.28	4.95993e-06
390.3	4.93604e-06
390.32	4.91231e-06
390.34	4.88873e-06
390.36	4.8653e-06
390.38	4.84202e-06
390.4	4.81888e-06
390.42	4.7959e-06
390.44	4.77306e-06
390.46	4.75036e-06
390.48	4.72781e-06
390.5	4.70541e-06
390.52	4.68315e-06
390.54	4.66103e-06
390.56	4.63905e-06
390.58	4.61721e-06
390.6	4.59551e-06
390.62	4.57395e-06
390.64	4.55253e-06
390.66	4.53124e-06
390.68	4.51009e-06
390.7	4.48908e-06
390.72	4.4682e-06
390.74	4.44746e-06
390.76	4.42684e-06
390.78	4.40636e-06
390.8	4.38602e-06
390.82	4.3658e-06
390.84	4.34571e-06
390.86	4.32575e-06
390.88	4.30592e-06
390.9	4.28621e-06
390.92	4.26664e-06
390.94	4.24718e-06
390.96	4.22786e-06
390.98	4.20866e-06
391	4.18958e-06
391.02	4.17062e-06
391.04	4.15179e-06
391.06	4.13308e-06
391.08	4.11449e-06
391.1	4.09602e-06
391.12	4.07767e-06
391.14	4.05944e-06
391.16	4.04132e-06
391.18	4.02332e-06
391.2	4.00544e-06
391.22	3.98768e-06
391.24	3.97003e-06
391.26	3.9525e-06
391.28	3.93508e-06
391.3	3.91777e-06
391.32	3.90058e-06
391.34	3.8835e-06
391.36	3.86652e-06
391.38	3.84966e-06
391.4	3.83291e-06
391.42	3.81627e-06
391.44	3.79974e-06
391.46	3.78332e-06
391.48	3.76701e-06
391.5	3.7508e-06
391.52	3.7347e-06
391.54	3.7187e-06
391.56	3.70281e-06
391.58	3.68703e-06
391.6	3.67134e-06
391.62	3.65577e-06
391.64	3.64029e-06
391.66	3.62492e-06
391.68	3.60965e-06
391.7	3.59448e-06
391.72	3.57941e-06
391.74	3.56445e-06
391.76	3.54958e-06
391.78	3.53481e-06
391.8	3.52014e-06
391.82	3.50557e-06
391.84	3.49109e-06
391.86	3.47672e-06
391.88	3.46244e-06
391.9	3.44825e-06
391.92	3.43417e-06
391.94	3.42017e-06
391.96	3.40627e-06
391.98	3.39247e-06
392	3.37876e-06
392.02	3.36514e-06
392.04	3.35162e-06
392.06	3.33819e-06
392.08	3.32485e-06
392.1	3.3116e-06
392.12	3.29844e-06
392.14	3.28537e-06
392.16	3.2724e-06
392.18	3.25951e-06
392.2	3.24671e-06
392.22	3.234e-06
392.24	3.22138e-06
392.26	3.20885e-06
392.28	3.1964e-06
392.3	3.18405e-06
392.32	3.17177e-06
392.34	3.15959e-06
392.36	3.14749e-06
392.38	3.13548e-06
392.4	3.12355e-06
392.42	3.11171e-06
392.44	3.09995e-06
392.46	3.08828e-06
392.48	3.07668e-06
392.5	3.06518e-06
392.52	3.05375e-06
392.54	3.04241e-06
392.56	3.03115e-06
392.58	3.01998e-06
392.6	3.00888e-06
392.62	2.99787e-06
392.64	2.98694e-06
392.66	2.97609e-06
392.68	2.96532e-06
392.7	2.95463e-06
392.72	2.94402e-06
392.74	2.93348e-06
392.76	2.92303e-06
392.78	2.91266e-06
392.8	2.90237e-06
392.82	2.89215e-06
392.84	2.88202e-06
392.86	2.87196e-06
392.88	2.86198e-06
392.9	2.85208e-06
392.92	2.84225e-06
392.94	2.8325e-06
392.96	2.82283e-06
392.98	2.81324e-06
393	2.80372e-06
393.02	2.79428e-06
393.04	2.78491e-06
393.06	2.77562e-06
393.08	2.76641e-06
393.1	2.75727e-06
393.12	2.7482e-06
393.14	2.73922e-06
393.16	2.7303e-06
393.18	2.72147e-06
393.2	2.7127e-06
393.22	2.70402e-06
393.24	2.6954e-06
393.26	2.68686e-06
393.28	2.6784e-06
393.3	2.67001e-06
393.32	2.6617e-06
393.34	2.65345e-06
393.36	2.64529e-06
393.38	2.63719e-06
393.4	2.62918e-06
393.42	2.62123e-06
393.44	2.61336e-06
393.46	2.60556e-06
393.48	2.59784e-06
393.5	2.59019e-06
393.52	2.58262e-06
393.54	2.57512e-06
393.56	2.56769e-06
393.58	2.56034e-06
393.6	2.55306e-06
393.62	2.54586e-06
393.64	2.53873e-06
393.66	2.53167e-06
393.68	2.52469e-06
393.7	2.51779e-06
393.72	2.51096e-06
393.74	2.50421e-06
393.76	2.49753e-06
393.78	2.49093e-06
393.8	2.4844e-06
393.82	2.47795e-06
393.84	2.47158e-06
393.86	2.46528e-06
393.88	2.45906e-06
393.9	2.45292e-06
393.92	2.44686e-06
393.94	2.44088e-06
393.96	2.43497e-06
393.98	2.42914e-06
394	2.4234e-06
394.02	2.41773e-06
394.04	2.41215e-06
394.06	2.40665e-06
394.08	2.40123e-06
394.1	2.39589e-06
394.12	2.39064e-06
394.14	2.38547e-06
394.16	2.38038e-06
394.18	2.37539e-06
394.2	2.37048e-06
394.22	2.36566e-06
394.24	2.36093e-06
394.26	2.35628e-06
394.28	2.35174e-06
394.3	2.34728e-06
394.32	2.34292e-06
394.34	2.33865e-06
394.36	2.33449e-06
394.38	2.33042e-06
394.4	2.32645e-06
394.42	2.32259e-06
394.44	2.31883e-06
394.46	2.31517e-06
394.48	2.31163e-06
394.5	2.3082e-06
394.52	2.30489e-06
394.54	2.30169e-06
394.56	2.29861e-06
394.58	2.29566e-06
394.6	2.29284e-06
394.62	2.29014e-06
394.64	2.28759e-06
394.66	2.28517e-06
394.68	2.2829e-06
394.7	2.28079e-06
394.72	2.27883e-06
394.74	2.27704e-06
394.76	2.27542e-06
394.78	2.27398e-06
394.8	2.27273e-06
394.82	2.27168e-06
394.84	2.27085e-06
394.86	2.27024e-06
394.88	2.26988e-06
394.9	2.26977e-06
394.92	2.26994e-06
394.94	2.27042e-06
394.96	2.27123e-06
394.98	2.2724e-06
395	2.27398e-06
395.02	2.27601e-06
395.04	2.27855e-06
395.06	2.28168e-06
395.08	2.2855e-06
395.1	2.29013e-06
395.12	2.29576e-06
395.14	2.30265e-06
395.16	2.31117e-06
395.18	2.32197e-06
395.2	2.33615e-06
395.22	2.35595e-06
395.24	2.38646e-06
395.26	2.44033e-06
395.28	2.54482e-06
395.3	2.74633e-06
395.32	3.08852e-06
395.34	3.62068e-06
395.36	4.4504e-06
395.38	5.72566e-06
395.4	7.5994e-06
395.42	1.02636e-05
395.44	1.39865e-05
395.46	1.90515e-05
395.48	2.56352e-05
395.5	3.36954e-05
395.52	4.29082e-05
395.54	5.27585e-05
395.56	6.27438e-05
395.58	7.24878e-05
395.6	8.17408e-05
395.62	9.03487e-05
395.64	9.82347e-05
395.66	0.000105387
395.68	0.000111841
395.7	0.000117656
395.72	0.0001229
395.74	0.00012764
395.76	0.000131937
395.78	0.000135847
395.8	0.000139418
395.82	0.00014269
395.84	0.000145701
395.86	0.000148481
395.88	0.000151056
395.9	0.000153449
395.92	0.00015568
395.94	0.000157764
395.96	0.000159716
395.98	0.000161547
396	0.000163267
396.02	0.000164886
396.04	0.000166411
396.06	0.000167849
396.08	0.000169206
396.1	0.000170487
396.12	0.000171696
396.14	0.000172838
396.16	0.000173917
396.18	0.000174936
396.2	0.000175897
396.22	0.000176805
396.24	0.000177662
396.26	0.00017847
396.28	0.000179232
396.3	0.00017995
396.32	0.000180625
396.34	0.00018126
396.36	0.000181856
396.38	0.000182416
396.4	0.00018294
396.42	0.00018343
396.44	0.000183887
396.46	0.000184312
396.48	0.000184708
396.5	0.000185074
396.52	0.000185412
396.54	0.000185722
396.56	0.000186006
396.58	0.000186264
396.6	0.000186496
396.62	0.000186705
396.64	0.000186889
396.66	0.00018705
396.68	0.000187188
396.7	0.000187304
396.72	0.000187398
396.74	0.00018747
396.76	0.000187521
396.78	0.000187551
396.8	0.000187561
396.82	0.00018755
396.84	0.000187519
396.86	0.000187468
396.88	0.000187397
396.9	0.000187307
396.92	0.000187197
396.94	0.000187069
396.96	0.000186921
396.98	0.000186755
397	0.000186571
397.02	0.000186367
397.04	0.000186146
397.06	0.000185907
397.08	0.00018565
397.1	0.000185375
397.12	0.000185083
397.14	0.000184773
397.16	0.000184447
397.18	0.000184103
397.2	0.000183743
397.22	0.000183367
397.24	0.000182974
397.26	0.000182565
397.28	0.000182141
397.3	0.000181701
397.32	0.000181245
397.34	0.000180775
397.36	0.00018029
397.38	0.000179791
397.4	0.000179277
397.42	0.00017875
397.44	0.000178209
397.46	0.000177654
397.48	0.000177087
397.5	0.000176507
397.52	0.000175915
397.54	0.00017531
397.56	0.000174694
397.58	0.000174067
397.6	0.000173428
397.62	0.000172779
397.64	0.000172119
397.66	0.000171449
397.68	0.000170769
397.7	0.00017008
397.72	0.000169382
397.74	0.000168674
397.76	0.000167959
397.78	0.000167235
397.8	0.000166504
397.82	0.000165765
397.84	0.000165018
397.86	0.000164265
397.88	0.000163506
397.9	0.00016274
397.92	0.000161968
397.94	0.000161191
397.96	0.000160408
397.98	0.000159621
398	0.000158828
398.02	0.000158031
398.04	0.00015723
398.06	0.000156426
398.08	0.000155617
398.1	0.000154805
398.12	0.00015399
398.14	0.000153173
398.16	0.000152352
398.18	0.00015153
398.2	0.000150705
398.22	0.000149878
398.24	0.00014905
398.26	0.00014822
398.28	0.00014739
398.3	0.000146558
398.32	0.000145725
398.34	0.000144892
398.36	0.000144059
398.38	0.000143225
398.4	0.000142392
398.42	0.000141558
398.44	0.000140725
398.46	0.000139893
398.48	0.000139061
398.5	0.00013823
398.52	0.0001374
398.54	0.000136571
398.56	0.000135744
398.58	0.000134918
398.6	0.000134093
398.62	0.000133271
398.64	0.00013245
398.66	0.000131631
398.68	0.000130814
398.7	0.000129999
398.72	0.000129187
398.74	0.000128377
398.76	0.000127569
398.78	0.000126764
398.8	0.000125962
398.82	0.000125163
398.84	0.000124366
398.86	0.000123572
398.88	0.000122781
398.9	0.000121994
398.92	0.000121209
398.94	0.000120428
398.96	0.00011965
398.98	0.000118875
399	0.000118104
399.02	0.000117336
399.04	0.000116572
399.06	0.000115811
399.08	0.000115054
399.1	0.0001143
399.12	0.00011355
399.14	0.000112804
399.16	0.000112062
399.18	0.000111323
399.2	0.000110588
399.22	0.000109857
399.24	0.00010913
399.26	0.000108407
399.28	0.000107688
399.3	0.000106972
399.32	0.000106261
399.34	0.000105553
399.36	0.00010485
399.38	0.000104151
399.4	0.000103455
399.42	0.000102764
399.44	0.000102077
399.46	0.000101393
399.48	0.000100714
399.5	0.000100039
399.52	9.93678e-05
399.54	9.87008e-05
399.56	9.80379e-05
399.58	9.7379e-05
399.6	9.67242e-05
399.62	9.60734e-05
399.64	9.54267e-05
399.66	9.47841e-05
399.68	9.41455e-05
399.7	9.3511e-05
399.72	9.28806e-05
399.74	9.22541e-05
399.76	9.16317e-05
399.78	9.10133e-05
399.8	9.0399e-05
399.82	8.97886e-05
399.84	8.91822e-05
399.86	8.85799e-05
399.88	8.79814e-05
399.9	8.7387e-05
399.92	8.67964e-05
399.94	8.62098e-05
399.96	8.56272e-05
399.98	8.50484e-05
400	8.44735e-05
400.02	8.39025e-05
400.04	8.33353e-05
400.06	8.27719e-05
400.08	8.22124e-05
400.1	8.16567e-05
400.12	8.11048e-05
400.14	8.05566e-05
400.16	8.00122e-05
400.18	7.94715e-05
400.2	7.89346e-05
400.22	7.84013e-05
400.24	7.78717e-05
400.26	7.73457e-05
400.28	7.68234e-05
400.3	7.63048e-05
400.32	7.57897e-05
400.34	7.52781e-05
400.36	7.47702e-05
400.38	7.42658e-05
400.4	7.37649e-05
400.42	7.32675e-05
400.44	7.27735e-05
400.46	7.22831e-05
400.48	7.1796e-05
400.5	7.13124e-05
400.52	7.08321e-05
400.54	7.03553e-05
400.56	6.98818e-05
400.58	6.94116e-05
400.6	6.89447e-05
400.62	6.84811e-05
400.64	6.80208e-05
400.66	6.75637e-05
400.68	6.71099e-05
400.7	6.66592e-05
400.72	6.62117e-05
400.74	6.57674e-05
400.76	6.53263e-05
400.78	6.48882e-05
400.8	6.44533e-05
400.82	6.40214e-05
400.84	6.35926e-05
400.86	6.31668e-05
400.88	6.27441e-05
400.9	6.23243e-05
400.92	6.19075e-05
400.94	6.14937e-05
400.96	6.10828e-05
400.98	6.06748e-05
401	6.02697e-05
401.02	5.98675e-05
401.04	5.94681e-05
401.06	5.90716e-05
401.08	5.86778e-05
401.1	5.82869e-05
401.12	5.78987e-05
401.14	5.75133e-05
401.16	5.71306e-05
401.18	5.67507e-05
401.2	5.63734e-05
401.22	5.59988e-05
401.24	5.56269e-05
401.26	5.52576e-05
401.28	5.48909e-05
401.3	5.45268e-05
401.32	5.41653e-05
401.34	5.38064e-05
401.36	5.345e-05
401.38	5.30961e-05
401.4	5.27447e-05
401.42	5.23958e-05
401.44	5.20494e-05
401.46	5.17055e-05
401.48	5.13639e-05
401.5	5.10248e-05
401.52	5.06881e-05
401.54	5.03538e-05
401.56	5.00218e-05
401.58	4.96922e-05
401.6	4.93649e-05
401.62	4.90399e-05
401.64	4.87172e-05
401.66	4.83968e-05
401.68	4.80786e-05
401.7	4.77627e-05
401.72	4.7449e-05
401.74	4.71376e-05
401.76	4.68283e-05
401.78	4.65212e-05
401.8	4.62163e-05
401.82	4.59135e-05
401.84	4.56128e-05
401.86	4.53143e-05
401.88	4.50178e-05
401.9	4.47235e-05
401.92	4.44312e-05
401.94	4.4141e-05
401.96	4.38528e-05
401.98	4.35666e-05
402	4.32824e-05
402.02	4.30003e-05
402.04	4.27201e-05
402.06	4.24418e-05
402.08	4.21655e-05
402.1	4.18912e-05
402.12	4.16188e-05
402.14	4.13483e-05
402.16	4.10796e-05
402.18	4.08129e-05
402.2	4.0548e-05
402.22	4.0285e-05
402.24	4.00238e-05
402.26	3.97644e-05
402.28	3.95068e-05
402.3	3.92511e-05
402.32	3.89971e-05
402.34	3.87449e-05
402.36	3.84944e-05
402.38	3.82457e-05
402.4	3.79988e-05
402.42	3.77535e-05
402.44	3.751e-05
402.46	3.72681e-05
402.48	3.70279e-05
402.5	3.67894e-05
402.52	3.65526e-05
402.54	3.63174e-05
402.56	3.60838e-05
402.58	3.58519e-05
402.6	3.56215e-05
402.62	3.53928e-05
402.64	3.51656e-05
402.66	3.494e-05
402.68	3.4716e-05
402.7	3.44935e-05
402.72	3.42726e-05
402.74	3.40532e-05
402.76	3.38353e-05
402.78	3.36189e-05
402.8	3.3404e-05
402.82	3.31906e-05
402.84	3.29787e-05
402.86	3.27682e-05
402.88	3.25592e-05
402.9	3.23516e-05
402.92	3.21455e-05
402.94	3.19407e-05
402.96	3.17374e-05
402.98	3.15355e-05
403	3.1335e-05
403.02	3.11358e-05
403.04	3.0938e-05
403.06	3.07416e-05
403.08	3.05465e-05
403.1	3.03528e-05
403.12	3.01604e-05
403.14	2.99693e-05
403.16	2.97796e-05
403.18	2.95911e-05
403.2	2.94039e-05
403.22	2.9218e-05
403.24	2.90334e-05
403.26	2.885e-05
403.28	2.86679e-05
403.3	2.84871e-05
403.32	2.83074e-05
403.34	2.81291e-05
403.36	2.79519e-05
403.38	2.77759e-05
403.4	2.76012e-05
403.42	2.74276e-05
403.44	2.72552e-05
403.46	2.7084e-05
403.48	2.6914e-05
403.5	2.67451e-05
403.52	2.65773e-05
403.54	2.64107e-05
403.56	2.62453e-05
403.58	2.6081e-05
403.6	2.59178e-05
403.62	2.57557e-05
403.64	2.55947e-05
403.66	2.54348e-05
403.68	2.52759e-05
403.7	2.51182e-05
403.72	2.49615e-05
403.74	2.48059e-05
403.76	2.46514e-05
403.78	2.44979e-05
403.8	2.43454e-05
403.82	2.4194e-05
403.84	2.40436e-05
403.86	2.38942e-05
403.88	2.37458e-05
403.9	2.35985e-05
403.92	2.34521e-05
403.94	2.33067e-05
403.96	2.31623e-05
403.98	2.30189e-05
404	2.28764e-05
404.02	2.27349e-05
404.04	2.25944e-05
404.06	2.24548e-05
404.08	2.23162e-05
404.1	2.21785e-05
404.12	2.20417e-05
404.14	2.19058e-05
404.16	2.17709e-05
404.18	2.16368e-05
404.2	2.15037e-05
404.22	2.13715e-05
404.24	2.12401e-05
404.26	2.11096e-05
404.28	2.09801e-05
404.3	2.08513e-05
404.32	2.07235e-05
404.34	2.05965e-05
404.36	2.04704e-05
404.38	2.03451e-05
404.4	2.02206e-05
404.42	2.0097e-05
404.44	1.99742e-05
404.46	1.98522e-05
404.48	1.97311e-05
404.5	1.96107e-05
404.52	1.94912e-05
404.54	1.93725e-05
404.56	1.92545e-05
404.58	1.91374e-05
404.6	1.9021e-05
404.62	1.89054e-05
404.64	1.87906e-05
404.66	1.86766e-05
404.68	1.85633e-05
404.7	1.84508e-05
404.72	1.8339e-05
404.74	1.8228e-05
404.76	1.81177e-05
404.78	1.80081e-05
404.8	1.78993e-05
404.82	1.77912e-05
404.84	1.76838e-05
404.86	1.75772e-05
404.88	1.74712e-05
404.9	1.7366e-05
404.92	1.72614e-05
404.94	1.71576e-05
404.96	1.70544e-05
404.98	1.69519e-05
405	1.68501e-05
405.02	1.6749e-05
405.04	1.66486e-05
405.06	1.65488e-05
405.08	1.64497e-05
405.1	1.63512e-05
405.12	1.62534e-05
405.14	1.61562e-05
405.16	1.60597e-05
405.18	1.59638e-05
405.2	1.58686e-05
405.22	1.5774e-05
405.24	1.568e-05
405.26	1.55867e-05
405.28	1.54939e-05
405.3	1.54018e-05
405.32	1.53103e-05
405.34	1.52194e-05
405.36	1.5129e-05
405.38	1.50393e-05
405.4	1.49502e-05
405.42	1.48617e-05
405.44	1.47737e-05
405.46	1.46864e-05
405.48	1.45996e-05
405.5	1.45134e-05
405.52	1.44277e-05
405.54	1.43426e-05
405.56	1.42581e-05
405.58	1.41741e-05
405.6	1.40907e-05
405.62	1.40079e-05
405.64	1.39255e-05
405.66	1.38438e-05
405.68	1.37625e-05
405.7	1.36818e-05
405.72	1.36016e-05
405.74	1.3522e-05
405.76	1.34429e-05
405.78	1.33643e-05
405.8	1.32862e-05
405.82	1.32086e-05
405.84	1.31315e-05
405.86	1.3055e-05
405.88	1.29789e-05
405.9	1.29033e-05
405.92	1.28283e-05
405.94	1.27537e-05
405.96	1.26796e-05
405.98	1.2606e-05
406	1.25329e-05
406.02	1.24603e-05
406.04	1.23881e-05
406.06	1.23164e-05
406.08	1.22452e-05
406.1	1.21744e-05
406.12	1.21041e-05
406.14	1.20343e-05
406.16	1.19649e-05
406.18	1.1896e-05
406.2	1.18275e-05
406.22	1.17595e-05
406.24	1.16919e-05
406.26	1.16248e-05
406.28	1.15581e-05
406.3	1.14918e-05
406.32	1.1426e-05
406.34	1.13606e-05
406.36	1.12956e-05
406.38	1.1231e-05
406.4	1.11669e-05
406.42	1.11032e-05
406.44	1.10398e-05
406.46	1.09769e-05
406.48	1.09145e-05
406.5	1.08524e-05
406.52	1.07907e-05
406.54	1.07294e-05
406.56	1.06685e-05
406.58	1.06081e-05
406.6	1.0548e-05
406.62	1.04883e-05
406.64	1.0429e-05
406.66	1.037e-05
406.68	1.03115e-05
406.7	1.02533e-05
406.72	1.01955e-05
406.74	1.01381e-05
406.76	1.00811e-05
406.78	1.00244e-05
406.8	9.9681e-06
406.82	9.91216e-06
406.84	9.85658e-06
406.86	9.80136e-06
406.88	9.74649e-06
406.9	9.69199e-06
406.92	9.63783e-06
406.94	9.58403e-06
406.96	9.53057e-06
406.98	9.47746e-06
407	9.42469e-06
407.02	9.37226e-06
407.04	9.32017e-06
407.06	9.26841e-06
407.08	9.217e-06
407.1	9.16591e-06
407.12	9.11515e-06
407.14	9.06472e-06
407.16	9.01461e-06
407.18	8.96483e-06
407.2	8.91537e-06
407.22	8.86622e-06
407.24	8.81739e-06
407.26	8.76888e-06
407.28	8.72068e-06
407.3	8.67279e-06
407.32	8.62521e-06
407.34	8.57793e-06
407.36	8.53096e-06
407.38	8.48429e-06
407.4	8.43792e-06
407.42	8.39185e-06
407.44	8.34607e-06
407.46	8.30059e-06
407.48	8.2554e-06
407.5	8.2105e-06
407.52	8.16589e-06
407.54	8.12157e-06
407.56	8.07753e-06
407.58	8.03377e-06
407.6	7.99029e-06
407.62	7.9471e-06
407.64	7.90417e-06
407.66	7.86153e-06
407.68	7.81916e-06
407.7	7.77705e-06
407.72	7.73522e-06
407.74	7.69366e-06
407.76	7.65236e-06
407.78	7.61133e-06
407.8	7.57056e-06
407.82	7.53005e-06
407.84	7.4898e-06
407.86	7.4498e-06
407.88	7.41007e-06
407.9	7.37058e-06
407.92	7.33135e-06
407.94	7.29237e-06
407.96	7.25364e-06
407.98	7.21516e-06
408	7.17692e-06
408.02	7.13892e-06
408.04	7.10117e-06
408.06	7.06366e-06
408.08	7.02639e-06
408.1	6.98936e-06
408.12	6.95256e-06
408.14	6.916e-06
408.16	6.87967e-06
408.18	6.84358e-06
408.2	6.80771e-06
408.22	6.77207e-06
408.24	6.73666e-06
408.26	6.70147e-06
408.28	6.66651e-06
408.3	6.63177e-06
408.32	6.59726e-06
408.34	6.56296e-06
408.36	6.52888e-06
408.38	6.49502e-06
408.4	6.46137e-06
408.42	6.42794e-06
408.44	6.39472e-06
408.46	6.36171e-06
408.48	6.32892e-06
408.5	6.29633e-06
408.52	6.26395e-06
408.54	6.23177e-06
408.56	6.1998e-06
408.58	6.16803e-06
408.6	6.13647e-06
408.62	6.1051e-06
408.64	6.07394e-06
408.66	6.04297e-06
408.68	6.0122e-06
408.7	5.98163e-06
408.72	5.95125e-06
408.74	5.92106e-06
408.76	5.89107e-06
408.78	5.86126e-06
408.8	5.83165e-06
408.82	5.80222e-06
408.84	5.77298e-06
408.86	5.74393e-06
408.88	5.71506e-06
408.9	5.68637e-06
408.92	5.65787e-06
408.94	5.62955e-06
408.96	5.60141e-06
408.98	5.57344e-06
409	5.54566e-06
409.02	5.51805e-06
409.04	5.49061e-06
409.06	5.46336e-06
409.08	5.43627e-06
409.1	5.40936e-06
409.12	5.38261e-06
409.14	5.35604e-06
409.16	5.32964e-06
409.18	5.3034e-06
409.2	5.27733e-06
409.22	5.25143e-06
409.24	5.22569e-06
409.26	5.20012e-06
409.28	5.1747e-06
409.3	5.14945e-06
409.32	5.12436e-06
409.34	5.09943e-06
409.36	5.07466e-06
409.38	5.05005e-06
409.4	5.02559e-06
409.42	5.00129e-06
409.44	4.97714e-06
409.46	4.95315e-06
409.48	4.92931e-06
409.5	4.90562e-06
409.52	4.88208e-06
409.54	4.85869e-06
409.56	4.83545e-06
409.58	4.81236e-06
409.6	4.78942e-06
409.62	4.76662e-06
409.64	4.74397e-06
409.66	4.72146e-06
409.68	4.6991e-06
409.7	4.67688e-06
409.72	4.6548e-06
409.74	4.63286e-06
409.76	4.61106e-06
409.78	4.5894e-06
409.8	4.56788e-06
409.82	4.5465e-06
409.84	4.52525e-06
409.86	4.50414e-06
409.88	4.48317e-06
409.9	4.46233e-06
409.92	4.44162e-06
409.94	4.42104e-06
409.96	4.4006e-06
409.98	4.38029e-06
410	4.36011e-06
410.02	4.34005e-06
410.04	4.32013e-06
410.06	4.30034e-06
410.08	4.28067e-06
410.1	4.26113e-06
410.12	4.24171e-06
410.14	4.22242e-06
410.16	4.20325e-06
410.18	4.18421e-06
410.2	4.16529e-06
410.22	4.14649e-06
410.24	4.12781e-06
410.26	4.10925e-06
410.28	4.09082e-06
410.3	4.0725e-06
410.32	4.0543e-06
410.34	4.03622e-06
410.36	4.01826e-06
410.38	4.00041e-06
410.4	3.98268e-06
410.42	3.96506e-06
410.44	3.94756e-06
410.46	3.93017e-06
410.48	3.91289e-06
410.5	3.89573e-06
410.52	3.87868e-06
410.54	3.86174e-06
410.56	3.84491e-06
410.58	3.82819e-06
410.6	3.81158e-06
410.62	3.79508e-06
410.64	3.77868e-06
410.66	3.7624e-06
410.68	3.74622e-06
410.7	3.73015e-06
410.72	3.71418e-06
410.74	3.69832e-06
410.76	3.68256e-06
410.78	3.66691e-06
410.8	3.65136e-06
410.82	3.63591e-06
410.84	3.62057e-06
410.86	3.60533e-06
410.88	3.59018e-06
410.9	3.57514e-06
410.92	3.5602e-06
410.94	3.54536e-06
410.96	3.53062e-06
410.98	3.51598e-06
411	3.50143e-06
411.02	3.48698e-06
411.04	3.47263e-06
411.06	3.45838e-06
411.08	3.44422e-06
411.1	3.43016e-06
411.12	3.41619e-06
411.14	3.40231e-06
411.16	3.38853e-06
411.18	3.37485e-06
411.2	3.36126e-06
411.22	3.34776e-06
411.24	3.33435e-06
411.26	3.32103e-06
411.28	3.30781e-06
411.3	3.29467e-06
411.32	3.28163e-06
411.34	3.26868e-06
411.36	3.25581e-06
411.38	3.24304e-06
411.4	3.23035e-06
411.42	3.21775e-06
411.44	3.20524e-06
411.46	3.19282e-06
411.48	3.18048e-06
411.5	3.16823e-06
411.52	3.15607e-06
411.54	3.14399e-06
411.56	3.132e-06
411.58	3.1201e-06
411.6	3.10827e-06
411.62	3.09654e-06
411.64	3.08488e-06
411.66	3.07331e-06
411.68	3.06183e-06
411.7	3.05043e-06
411.72	3.0391e-06
411.74	3.02787e-06
411.76	3.01671e-06
411.78	3.00564e-06
411.8	2.99464e-06
411.82	2.98373e-06
411.84	2.9729e-06
411.86	2.96215e-06
411.88	2.95148e-06
411.9	2.94089e-06
411.92	2.93037e-06
411.94	2.91994e-06
411.96	2.90959e-06
411.98	2.89931e-06
412	2.88912e-06
412.02	2.879e-06
412.04	2.86896e-06
412.06	2.859e-06
412.08	2.84911e-06
412.1	2.8393e-06
412.12	2.82957e-06
412.14	2.81992e-06
412.16	2.81034e-06
412.18	2.80084e-06
412.2	2.79142e-06
412.22	2.78207e-06
412.24	2.7728e-06
412.26	2.7636e-06
412.28	2.75448e-06
412.3	2.74543e-06
412.32	2.73646e-06
412.34	2.72757e-06
412.36	2.71874e-06
412.38	2.71e-06
412.4	2.70133e-06
412.42	2.69273e-06
412.44	2.68421e-06
412.46	2.67576e-06
412.48	2.66739e-06
412.5	2.65909e-06
412.52	2.65086e-06
412.54	2.64271e-06
412.56	2.63463e-06
412.58	2.62663e-06
412.6	2.6187e-06
412.62	2.61084e-06
412.64	2.60306e-06
412.66	2.59535e-06
412.68	2.58772e-06
412.7	2.58016e-06
412.72	2.57267e-06
412.74	2.56526e-06
412.76	2.55792e-06
412.78	2.55066e-06
412.8	2.54347e-06
412.82	2.53636e-06
412.84	2.52932e-06
412.86	2.52235e-06
412.88	2.51546e-06
412.9	2.50865e-06
412.92	2.50191e-06
412.94	2.49524e-06
412.96	2.48865e-06
412.98	2.48214e-06
413	2.4757e-06
413.02	2.46934e-06
413.04	2.46306e-06
413.06	2.45686e-06
413.08	2.45073e-06
413.1	2.44468e-06
413.12	2.43871e-06
413.14	2.43281e-06
413.16	2.427e-06
413.18	2.42127e-06
413.2	2.41562e-06
413.22	2.41004e-06
413.24	2.40455e-06
413.26	2.39915e-06
413.28	2.39382e-06
413.3	2.38858e-06
413.32	2.38342e-06
413.34	2.37835e-06
413.36	2.37337e-06
413.38	2.36847e-06
413.4	2.36366e-06
413.42	2.35894e-06
413.44	2.35431e-06
413.46	2.34978e-06
413.48	2.34533e-06
413.5	2.34098e-06
413.52	2.33673e-06
413.54	2.33257e-06
413.56	2.32852e-06
413.58	2.32456e-06
413.6	2.32071e-06
413.62	2.31696e-06
413.64	2.31332e-06
413.66	2.30979e-06
413.68	2.30637e-06
413.7	2.30306e-06
413.72	2.29988e-06
413.74	2.29681e-06
413.76	2.29387e-06
413.78	2.29106e-06
413.8	2.28838e-06
413.82	2.28583e-06
413.84	2.28343e-06
413.86	2.28117e-06
413.88	2.27907e-06
413.9	2.27712e-06
413.92	2.27534e-06
413.94	2.27373e-06
413.96	2.2723e-06
413.98	2.27107e-06
414	2.27003e-06
414.02	2.26921e-06
414.04	2.26861e-06
414.06	2.26826e-06
414.08	2.26817e-06
414.1	2.26835e-06
414.12	2.26884e-06
414.14	2.26966e-06
414.16	2.27085e-06
414.18	2.27244e-06
414.2	2.27449e-06
414.22	2.27704e-06
414.24	2.28019e-06
414.26	2.28403e-06
414.28	2.28869e-06
414.3	2.29434e-06
414.32	2.30126e-06
414.34	2.30983e-06
414.36	2.32068e-06
414.38	2.33495e-06
414.4	2.35489e-06
414.42	2.38571e-06
414.44	2.44025e-06
414.46	2.54617e-06
414.48	2.75001e-06
414.5	3.09527e-06
414.52	3.63196e-06
414.54	4.46892e-06
414.56	5.75442e-06
414.58	7.64159e-06
414.6	1.03239e-05
414.62	1.40709e-05
414.64	1.91651e-05
414.66	2.57796e-05
414.68	3.38669e-05
414.7	4.30971e-05
414.72	5.29538e-05
414.74	6.29361e-05
414.76	7.2671e-05
414.78	8.19108e-05
414.8	9.05034e-05
414.82	9.83733e-05
414.84	0.00010551
414.86	0.000111949
414.88	0.000117751
414.9	0.000122984
414.92	0.000127714
414.94	0.000132003
414.96	0.000135905
414.98	0.000139469
415	0.000142736
415.02	0.000145742
415.04	0.000148517
415.06	0.000151088
415.08	0.000153478
415.1	0.000155706
415.12	0.000157787
415.14	0.000159736
415.16	0.000161565
415.18	0.000163283
415.2	0.000164901
415.22	0.000166424
415.24	0.000167861
415.26	0.000169216
415.28	0.000170495
415.3	0.000171703
415.32	0.000172844
415.34	0.000173922
415.36	0.000174939
415.38	0.0001759
415.4	0.000176808
415.42	0.000177664
415.44	0.000178471
415.46	0.000179232
415.48	0.000179949
415.5	0.000180623
415.52	0.000181258
415.54	0.000181854
415.56	0.000182412
415.58	0.000182936
415.6	0.000183425
415.62	0.000183882
415.64	0.000184307
415.66	0.000184702
415.68	0.000185068
415.7	0.000185405
415.72	0.000185715
415.74	0.000185999
415.76	0.000186256
415.78	0.000186489
415.8	0.000186697
415.82	0.000186881
415.84	0.000187042
415.86	0.00018718
415.88	0.000187295
415.9	0.000187389
415.92	0.000187461
415.94	0.000187512
415.96	0.000187541
415.98	0.000187551
416	0.000187539
416.02	0.000187508
416.04	0.000187457
416.06	0.000187386
416.08	0.000187296
416.1	0.000187186
416.12	0.000187057
416.14	0.00018691
416.16	0.000186743
416.18	0.000186558
416.2	0.000186355
416.22	0.000186134
416.24	0.000185894
416.26	0.000185637
416.28	0.000185362
416.3	0.00018507
416.32	0.00018476
416.34	0.000184433
416.36	0.00018409
416.38	0.00018373
416.4	0.000183353
416.42	0.00018296
416.44	0.000182551
416.46	0.000182126
416.48	0.000181686
416.5	0.000181231
416.52	0.000180761
416.54	0.000180275
416.56	0.000179776
416.58	0.000179262
416.6	0.000178735
416.62	0.000178194
416.64	0.000177639
416.66	0.000177072
416.68	0.000176492
416.7	0.000175899
416.72	0.000175295
416.74	0.000174679
416.76	0.000174051
416.78	0.000173412
416.8	0.000172763
416.82	0.000172103
416.84	0.000171433
416.86	0.000170753
416.88	0.000170064
416.9	0.000169366
416.92	0.000168659
416.94	0.000167943
416.96	0.000167219
416.98	0.000166488
417	0.000165749
417.02	0.000165003
417.04	0.00016425
417.06	0.00016349
417.08	0.000162724
417.1	0.000161953
417.12	0.000161175
417.14	0.000160393
417.16	0.000159605
417.18	0.000158813
417.2	0.000158016
417.22	0.000157215
417.24	0.00015641
417.26	0.000155602
417.28	0.00015479
417.3	0.000153975
417.32	0.000153158
417.34	0.000152337
417.36	0.000151515
417.38	0.00015069
417.4	0.000149864
417.42	0.000149036
417.44	0.000148206
417.46	0.000147375
417.48	0.000146544
417.5	0.000145711
417.52	0.000144878
417.54	0.000144045
417.56	0.000143212
417.58	0.000142378
417.6	0.000141545
417.62	0.000140712
417.64	0.00013988
417.66	0.000139048
417.68	0.000138217
417.7	0.000137387
417.72	0.000136559
417.74	0.000135731
417.76	0.000134906
417.78	0.000134081
417.8	0.000133259
417.82	0.000132438
417.84	0.000131619
417.86	0.000130802
417.88	0.000129988
417.9	0.000129176
417.92	0.000128366
417.94	0.000127558
417.96	0.000126754
417.98	0.000125951
418	0.000125152
418.02	0.000124356
418.04	0.000123562
418.06	0.000122771
418.08	0.000121984
418.1	0.0001212
418.12	0.000120418
418.14	0.000119641
418.16	0.000118866
418.18	0.000118095
418.2	0.000117327
418.22	0.000116563
418.24	0.000115802
418.26	0.000115045
418.28	0.000114292
418.3	0.000113542
418.32	0.000112796
418.34	0.000112054
418.36	0.000111315
418.38	0.000110581
418.4	0.00010985
418.42	0.000109123
418.44	0.0001084
418.46	0.000107681
418.48	0.000106965
418.5	0.000106254
418.52	0.000105547
418.54	0.000104844
418.56	0.000104144
418.58	0.000103449
418.6	0.000102758
418.62	0.000102071
418.64	0.000101388
418.66	0.000100708
418.68	0.000100033
418.7	9.93625e-05
418.72	9.86956e-05
418.74	9.80328e-05
418.76	9.73741e-05
418.78	9.67194e-05
418.8	9.60688e-05
418.82	9.54222e-05
418.84	9.47797e-05
418.86	9.41413e-05
418.88	9.35069e-05
418.9	9.28766e-05
418.92	9.22503e-05
418.94	9.1628e-05
418.96	9.10097e-05
418.98	9.03955e-05
419	8.97853e-05
419.02	8.9179e-05
419.04	8.85767e-05
419.06	8.79784e-05
419.08	8.73841e-05
419.1	8.67937e-05
419.12	8.62072e-05
419.14	8.56246e-05
419.16	8.5046e-05
419.18	8.44712e-05
419.2	8.39003e-05
419.22	8.33332e-05
419.24	8.277e-05
419.26	8.22106e-05
419.28	8.1655e-05
419.3	8.11032e-05
419.32	8.05551e-05
419.34	8.00108e-05
419.36	7.94702e-05
419.38	7.89334e-05
419.4	7.84002e-05
419.42	7.78707e-05
419.44	7.73449e-05
419.46	7.68227e-05
419.48	7.63041e-05
419.5	7.57891e-05
419.52	7.52777e-05
419.54	7.47698e-05
419.56	7.42655e-05
419.58	7.37647e-05
419.6	7.32673e-05
419.62	7.27735e-05
419.64	7.22831e-05
419.66	7.17962e-05
419.68	7.13126e-05
419.7	7.08325e-05
419.72	7.03557e-05
419.74	6.98823e-05
419.76	6.94122e-05
419.78	6.89454e-05
419.8	6.84819e-05
419.82	6.80216e-05
419.84	6.75646e-05
419.86	6.71109e-05
419.88	6.66603e-05
419.9	6.62129e-05
419.92	6.57687e-05
419.94	6.53276e-05
419.96	6.48896e-05
419.98	6.44547e-05
420	6.40229e-05
420.02	6.35942e-05
420.04	6.31685e-05
420.06	6.27458e-05
420.08	6.23261e-05
420.1	6.19094e-05
420.12	6.14956e-05
420.14	6.10848e-05
420.16	6.06769e-05
420.18	6.02719e-05
420.2	5.98697e-05
420.22	5.94704e-05
420.24	5.90739e-05
420.26	5.86802e-05
420.28	5.82894e-05
420.3	5.79013e-05
420.32	5.75159e-05
420.34	5.71333e-05
420.36	5.67534e-05
420.38	5.63762e-05
420.4	5.60016e-05
420.42	5.56298e-05
420.44	5.52605e-05
420.46	5.48939e-05
420.48	5.45299e-05
420.5	5.41684e-05
420.52	5.38095e-05
420.54	5.34532e-05
420.56	5.30993e-05
420.58	5.2748e-05
420.6	5.23992e-05
420.62	5.20528e-05
420.64	5.17089e-05
420.66	5.13674e-05
420.68	5.10284e-05
420.7	5.06917e-05
420.72	5.03574e-05
420.74	5.00255e-05
420.76	4.96959e-05
420.78	4.93687e-05
420.8	4.90437e-05
420.82	4.87211e-05
420.84	4.84007e-05
420.86	4.80826e-05
420.88	4.77667e-05
420.9	4.74531e-05
420.92	4.71416e-05
420.94	4.68324e-05
420.96	4.65254e-05
420.98	4.62205e-05
421	4.59177e-05
421.02	4.56171e-05
421.04	4.53186e-05
421.06	4.50222e-05
421.08	4.47279e-05
421.1	4.44356e-05
421.12	4.41454e-05
421.14	4.38572e-05
421.16	4.35711e-05
421.18	4.3287e-05
421.2	4.30048e-05
421.22	4.27247e-05
421.24	4.24465e-05
421.26	4.21702e-05
421.28	4.18959e-05
421.3	4.16235e-05
421.32	4.1353e-05
421.34	4.10844e-05
421.36	4.08177e-05
421.38	4.05529e-05
421.4	4.02899e-05
421.42	4.00287e-05
421.44	3.97693e-05
421.46	3.95118e-05
421.48	3.92561e-05
421.5	3.90021e-05
421.52	3.87499e-05
421.54	3.84995e-05
421.56	3.82508e-05
421.58	3.80039e-05
421.6	3.77586e-05
421.62	3.75151e-05
421.64	3.72733e-05
421.66	3.70331e-05
421.68	3.67946e-05
421.7	3.65578e-05
421.72	3.63226e-05
421.74	3.60891e-05
421.76	3.58572e-05
421.78	3.56268e-05
421.8	3.53981e-05
421.82	3.5171e-05
421.84	3.49454e-05
421.86	3.47214e-05
421.88	3.44989e-05
421.9	3.4278e-05
421.92	3.40586e-05
421.94	3.38408e-05
421.96	3.36244e-05
421.98	3.34095e-05
422	3.31961e-05
422.02	3.29842e-05
422.04	3.27737e-05
422.06	3.25647e-05
422.08	3.23572e-05
422.1	3.2151e-05
422.12	3.19463e-05
422.14	3.1743e-05
422.16	3.15411e-05
422.18	3.13406e-05
422.2	3.11415e-05
422.22	3.09437e-05
422.24	3.07473e-05
422.26	3.05522e-05
422.28	3.03585e-05
422.3	3.01661e-05
422.32	2.99751e-05
422.34	2.97853e-05
422.36	2.95968e-05
422.38	2.94097e-05
422.4	2.92238e-05
422.42	2.90392e-05
422.44	2.88558e-05
422.46	2.86737e-05
422.48	2.84929e-05
422.5	2.83133e-05
422.52	2.81349e-05
422.54	2.79577e-05
422.56	2.77818e-05
422.58	2.7607e-05
422.6	2.74334e-05
422.62	2.72611e-05
422.64	2.70899e-05
422.66	2.69198e-05
422.68	2.6751e-05
422.7	2.65832e-05
422.72	2.64166e-05
422.74	2.62512e-05
422.76	2.60869e-05
422.78	2.59237e-05
422.8	2.57616e-05
422.82	2.56006e-05
422.84	2.54407e-05
422.86	2.52819e-05
422.88	2.51241e-05
422.9	2.49675e-05
422.92	2.48119e-05
422.94	2.46573e-05
422.96	2.45038e-05
422.98	2.43514e-05
423	2.41999e-05
423.02	2.40495e-05
423.04	2.39002e-05
423.06	2.37518e-05
423.08	2.36044e-05
423.1	2.34581e-05
423.12	2.33127e-05
423.14	2.31683e-05
423.16	2.30249e-05
423.18	2.28824e-05
423.2	2.27409e-05
423.22	2.26004e-05
423.24	2.24608e-05
423.26	2.23222e-05
423.28	2.21844e-05
423.3	2.20477e-05
423.32	2.19118e-05
423.34	2.17769e-05
423.36	2.16428e-05
423.38	2.15097e-05
423.4	2.13775e-05
423.42	2.12461e-05
423.44	2.11156e-05
423.46	2.09861e-05
423.48	2.08573e-05
423.5	2.07295e-05
423.52	2.06025e-05
423.54	2.04763e-05
423.56	2.03511e-05
423.58	2.02266e-05
423.6	2.0103e-05
423.62	1.99802e-05
423.64	1.98582e-05
423.66	1.97371e-05
423.68	1.96167e-05
423.7	1.94972e-05
423.72	1.93785e-05
423.74	1.92605e-05
423.76	1.91434e-05
423.78	1.9027e-05
423.8	1.89114e-05
423.82	1.87966e-05
423.84	1.86826e-05
423.86	1.85693e-05
423.88	1.84567e-05
423.9	1.8345e-05
423.92	1.82339e-05
423.94	1.81236e-05
423.96	1.80141e-05
423.98	1.79053e-05
424	1.77972e-05
424.02	1.76898e-05
424.04	1.75831e-05
424.06	1.74771e-05
424.08	1.73719e-05
424.1	1.72673e-05
424.12	1.71635e-05
424.14	1.70603e-05
424.16	1.69578e-05
424.18	1.6856e-05
424.2	1.67549e-05
424.22	1.66545e-05
424.24	1.65547e-05
424.26	1.64556e-05
424.28	1.63571e-05
424.3	1.62593e-05
424.32	1.61621e-05
424.34	1.60656e-05
424.36	1.59697e-05
424.38	1.58745e-05
424.4	1.57799e-05
424.42	1.56859e-05
424.44	1.55925e-05
424.46	1.54998e-05
424.48	1.54077e-05
424.5	1.53161e-05
424.52	1.52252e-05
424.54	1.51349e-05
424.56	1.50452e-05
424.58	1.49561e-05
424.6	1.48675e-05
424.62	1.47796e-05
424.64	1.46922e-05
424.66	1.46054e-05
424.68	1.45192e-05
424.7	1.44335e-05
424.72	1.43484e-05
424.74	1.42639e-05
424.76	1.41799e-05
424.78	1.40965e-05
424.8	1.40136e-05
424.82	1.39313e-05
424.84	1.38495e-05
424.86	1.37683e-05
424.88	1.36876e-05
424.9	1.36074e-05
424.92	1.35277e-05
424.94	1.34486e-05
424.96	1.337e-05
424.98	1.32919e-05
425	1.32143e-05
425.02	1.31372e-05
425.04	1.30607e-05
425.06	1.29846e-05
425.08	1.2909e-05
425.1	1.2834e-05
425.12	1.27594e-05
425.14	1.26853e-05
425.16	1.26117e-05
425.18	1.25386e-05
425.2	1.24659e-05
425.22	1.23938e-05
425.24	1.23221e-05
425.26	1.22508e-05
425.28	1.21801e-05
425.3	1.21098e-05
425.32	1.20399e-05
425.34	1.19706e-05
425.36	1.19016e-05
425.38	1.18331e-05
425.4	1.17651e-05
425.42	1.16975e-05
425.44	1.16304e-05
425.46	1.15637e-05
425.48	1.14974e-05
425.5	1.14315e-05
425.52	1.13661e-05
425.54	1.13011e-05
425.56	1.12366e-05
425.58	1.11724e-05
425.6	1.11087e-05
425.62	1.10454e-05
425.64	1.09825e-05
425.66	1.092e-05
425.68	1.08579e-05
425.7	1.07962e-05
425.72	1.07349e-05
425.74	1.0674e-05
425.76	1.06135e-05
425.78	1.05534e-05
425.8	1.04937e-05
425.82	1.04344e-05
425.84	1.03755e-05
425.86	1.03169e-05
425.88	1.02588e-05
425.9	1.0201e-05
425.92	1.01435e-05
425.94	1.00865e-05
425.96	1.00298e-05
425.98	9.9735e-06
426	9.91755e-06
426.02	9.86197e-06
426.04	9.80674e-06
426.06	9.75187e-06
426.08	9.69736e-06
426.1	9.64319e-06
426.12	9.58938e-06
426.14	9.53592e-06
426.16	9.4828e-06
426.18	9.43002e-06
426.2	9.37759e-06
426.22	9.32549e-06
426.24	9.27373e-06
426.26	9.2223e-06
426.28	9.17121e-06
426.3	9.12044e-06
426.32	9.07e-06
426.34	9.01989e-06
426.36	8.9701e-06
426.38	8.92063e-06
426.4	8.87148e-06
426.42	8.82265e-06
426.44	8.77413e-06
426.46	8.72592e-06
426.48	8.67802e-06
426.5	8.63043e-06
426.52	8.58315e-06
426.54	8.53617e-06
426.56	8.4895e-06
426.58	8.44312e-06
426.6	8.39704e-06
426.62	8.35126e-06
426.64	8.30577e-06
426.66	8.26058e-06
426.68	8.21567e-06
426.7	8.17105e-06
426.72	8.12672e-06
426.74	8.08268e-06
426.76	8.03891e-06
426.78	7.99543e-06
426.8	7.95222e-06
426.82	7.9093e-06
426.84	7.86664e-06
426.86	7.82426e-06
426.88	7.78216e-06
426.9	7.74032e-06
426.92	7.69875e-06
426.94	7.65744e-06
426.96	7.61641e-06
426.98	7.57563e-06
427	7.53511e-06
427.02	7.49486e-06
427.04	7.45486e-06
427.06	7.41511e-06
427.08	7.37562e-06
427.1	7.33638e-06
427.12	7.2974e-06
427.14	7.25866e-06
427.16	7.22017e-06
427.18	7.18193e-06
427.2	7.14393e-06
427.22	7.10617e-06
427.24	7.06865e-06
427.26	7.03138e-06
427.28	6.99434e-06
427.3	6.95753e-06
427.32	6.92097e-06
427.34	6.88463e-06
427.36	6.84853e-06
427.38	6.81266e-06
427.4	6.77701e-06
427.42	6.7416e-06
427.44	6.7064e-06
427.46	6.67144e-06
427.48	6.63669e-06
427.5	6.60217e-06
427.52	6.56787e-06
427.54	6.53378e-06
427.56	6.49992e-06
427.58	6.46626e-06
427.6	6.43283e-06
427.62	6.3996e-06
427.64	6.36659e-06
427.66	6.33379e-06
427.68	6.30119e-06
427.7	6.2688e-06
427.72	6.23662e-06
427.74	6.20465e-06
427.76	6.17287e-06
427.78	6.1413e-06
427.8	6.10993e-06
427.82	6.07876e-06
427.84	6.04779e-06
427.86	6.01702e-06
427.88	5.98644e-06
427.9	5.95605e-06
427.92	5.92586e-06
427.94	5.89586e-06
427.96	5.86605e-06
427.98	5.83643e-06
428	5.807e-06
428.02	5.77776e-06
428.04	5.7487e-06
428.06	5.71982e-06
428.08	5.69113e-06
428.1	5.66262e-06
428.12	5.6343e-06
428.14	5.60615e-06
428.16	5.57818e-06
428.18	5.55039e-06
428.2	5.52278e-06
428.22	5.49534e-06
428.24	5.46808e-06
428.26	5.44099e-06
428.28	5.41407e-06
428.3	5.38732e-06
428.32	5.36075e-06
428.34	5.33434e-06
428.36	5.3081e-06
428.38	5.28202e-06
428.4	5.25612e-06
428.42	5.23037e-06
428.44	5.20479e-06
428.46	5.17938e-06
428.48	5.15412e-06
428.5	5.12903e-06
428.52	5.1041e-06
428.54	5.07932e-06
428.56	5.0547e-06
428.58	5.03024e-06
428.6	5.00593e-06
428.62	4.98178e-06
428.64	4.95779e-06
428.66	4.93394e-06
428.68	4.91025e-06
428.7	4.88671e-06
428.72	4.86332e-06
428.74	4.84007e-06
428.76	4.81698e-06
428.78	4.79403e-06
428.8	4.77123e-06
428.82	4.74858e-06
428.84	4.72607e-06
428.86	4.7037e-06
428.88	4.68147e-06
428.9	4.65939e-06
428.92	4.63745e-06
428.94	4.61565e-06
428.96	4.59399e-06
428.98	4.57246e-06
429	4.55108e-06
429.02	4.52983e-06
429.04	4.50872e-06
429.06	4.48774e-06
429.08	4.46689e-06
429.1	4.44618e-06
429.12	4.42561e-06
429.14	4.40516e-06
429.16	4.38485e-06
429.18	4.36466e-06
429.2	4.34461e-06
429.22	4.32468e-06
429.24	4.30488e-06
429.26	4.28521e-06
429.28	4.26567e-06
429.3	4.24625e-06
429.32	4.22696e-06
429.34	4.20779e-06
429.36	4.18875e-06
429.38	4.16982e-06
429.4	4.15102e-06
429.42	4.13234e-06
429.44	4.11378e-06
429.46	4.09535e-06
429.48	4.07703e-06
429.5	4.05883e-06
429.52	4.04074e-06
429.54	4.02278e-06
429.56	4.00493e-06
429.58	3.9872e-06
429.6	3.96958e-06
429.62	3.95207e-06
429.64	3.93468e-06
429.66	3.91741e-06
429.68	3.90024e-06
429.7	3.88319e-06
429.72	3.86625e-06
429.74	3.84942e-06
429.76	3.8327e-06
429.78	3.81609e-06
429.8	3.79959e-06
429.82	3.78319e-06
429.84	3.76691e-06
429.86	3.75073e-06
429.88	3.73466e-06
429.9	3.71869e-06
429.92	3.70283e-06
429.94	3.68707e-06
429.96	3.67142e-06
429.98	3.65587e-06
430	3.64042e-06
430.02	3.62508e-06
430.04	3.60984e-06
430.06	3.59469e-06
430.08	3.57965e-06
430.1	3.56471e-06
430.12	3.54987e-06
430.14	3.53513e-06
430.16	3.52049e-06
430.18	3.50595e-06
430.2	3.4915e-06
430.22	3.47715e-06
430.24	3.4629e-06
430.26	3.44874e-06
430.28	3.43468e-06
430.3	3.42071e-06
430.32	3.40684e-06
430.34	3.39306e-06
430.36	3.37938e-06
430.38	3.36579e-06
430.4	3.35229e-06
430.42	3.33888e-06
430.44	3.32557e-06
430.46	3.31235e-06
430.48	3.29921e-06
430.5	3.28617e-06
430.52	3.27322e-06
430.54	3.26036e-06
430.56	3.24759e-06
430.58	3.23491e-06
430.6	3.22231e-06
430.62	3.2098e-06
430.64	3.19738e-06
430.66	3.18505e-06
430.68	3.17281e-06
430.7	3.16065e-06
430.72	3.14857e-06
430.74	3.13659e-06
430.76	3.12468e-06
430.78	3.11287e-06
430.8	3.10113e-06
430.82	3.08948e-06
430.84	3.07792e-06
430.86	3.06644e-06
430.88	3.05504e-06
430.9	3.04372e-06
430.92	3.03249e-06
430.94	3.02134e-06
430.96	3.01027e-06
430.98	2.99928e-06
431	2.98838e-06
431.02	2.97755e-06
431.04	2.9668e-06
431.06	2.95614e-06
431.08	2.94555e-06
431.1	2.93505e-06
431.12	2.92462e-06
431.14	2.91428e-06
431.16	2.90401e-06
431.18	2.89382e-06
431.2	2.88371e-06
431.22	2.87368e-06
431.24	2.86372e-06
431.26	2.85385e-06
431.28	2.84405e-06
431.3	2.83432e-06
431.32	2.82468e-06
431.34	2.81511e-06
431.36	2.80562e-06
431.38	2.7962e-06
431.4	2.78686e-06
431.42	2.7776e-06
431.44	2.76841e-06
431.46	2.7593e-06
431.48	2.75026e-06
431.5	2.7413e-06
431.52	2.73242e-06
431.54	2.72361e-06
431.56	2.71487e-06
431.58	2.70621e-06
431.6	2.69763e-06
431.62	2.68912e-06
431.64	2.68068e-06
431.66	2.67232e-06
431.68	2.66403e-06
431.7	2.65582e-06
431.72	2.64768e-06
431.74	2.63962e-06
431.76	2.63163e-06
431.78	2.62371e-06
431.8	2.61587e-06
431.82	2.6081e-06
431.84	2.60041e-06
431.86	2.59279e-06
431.88	2.58525e-06
431.9	2.57778e-06
431.92	2.57038e-06
431.94	2.56306e-06
431.96	2.55582e-06
431.98	2.54865e-06
432	2.54155e-06
432.02	2.53453e-06
432.04	2.52758e-06
432.06	2.52071e-06
432.08	2.51392e-06
432.1	2.5072e-06
432.12	2.50055e-06
432.14	2.49399e-06
432.16	2.4875e-06
432.18	2.48108e-06
432.2	2.47474e-06
432.22	2.46849e-06
432.24	2.4623e-06
432.26	2.4562e-06
432.28	2.45018e-06
432.3	2.44423e-06
432.32	2.43837e-06
432.34	2.43258e-06
432.36	2.42687e-06
432.38	2.42125e-06
432.4	2.41571e-06
432.42	2.41025e-06
432.44	2.40487e-06
432.46	2.39958e-06
432.48	2.39437e-06
432.5	2.38925e-06
432.52	2.38422e-06
432.54	2.37927e-06
432.56	2.37441e-06
432.58	2.36964e-06
432.6	2.36496e-06
432.62	2.36037e-06
432.64	2.35588e-06
432.66	2.35148e-06
432.68	2.34717e-06
432.7	2.34296e-06
432.72	2.33886e-06
432.74	2.33485e-06
432.76	2.33095e-06
432.78	2.32715e-06
432.8	2.32346e-06
432.82	2.31987e-06
432.84	2.3164e-06
432.86	2.31305e-06
432.88	2.30981e-06
432.9	2.30669e-06
432.92	2.3037e-06
432.94	2.30083e-06
432.96	2.29809e-06
432.98	2.29549e-06
433	2.29304e-06
433.02	2.29072e-06
433.04	2.28856e-06
433.06	2.28655e-06
433.08	2.28471e-06
433.1	2.28304e-06
433.12	2.28155e-06
433.14	2.28025e-06
433.16	2.27915e-06
433.18	2.27826e-06
433.2	2.27759e-06
433.22	2.27717e-06
433.24	2.27699e-06
433.26	2.2771e-06
433.28	2.2775e-06
433.3	2.27823e-06
433.32	2.27931e-06
433.34	2.28079e-06
433.36	2.28271e-06
433.38	2.28513e-06
433.4	2.28813e-06
433.42	2.29178e-06
433.44	2.29622e-06
433.46	2.30162e-06
433.48	2.3082e-06
433.5	2.31632e-06
433.52	2.32655e-06
433.54	2.33985e-06
433.56	2.3581e-06
433.58	2.38549e-06
433.6	2.43235e-06
433.62	2.52194e-06
433.64	2.69813e-06
433.66	3.00631e-06
433.68	3.48957e-06
433.7	4.24119e-06
433.72	5.40425e-06
433.74	7.13079e-06
433.76	9.59831e-06
433.78	1.30593e-05
433.8	1.7804e-05
433.82	2.4044e-05
433.84	3.17957e-05
433.86	4.0798e-05
433.88	5.05618e-05
433.9	6.05655e-05
433.92	7.0401e-05
433.94	7.97922e-05
433.96	8.85653e-05
433.98	9.66267e-05
434	0.000103951
434.02	0.000110565
434.04	0.000116525
434.06	0.000121898
434.08	0.000126751
434.1	0.000131148
434.12	0.000135144
434.14	0.000138791
434.16	0.000142131
434.18	0.000145201
434.2	0.000148033
434.22	0.000150655
434.24	0.00015309
434.26	0.000155358
434.28	0.000157476
434.3	0.000159459
434.32	0.000161318
434.34	0.000163065
434.36	0.000164708
434.38	0.000166256
434.4	0.000167715
434.42	0.000169091
434.44	0.00017039
434.46	0.000171617
434.48	0.000172775
434.5	0.000173869
434.52	0.000174903
434.54	0.000175879
434.56	0.0001768
434.58	0.00017767
434.6	0.00017849
434.62	0.000179264
434.64	0.000179992
434.66	0.000180678
434.68	0.000181323
434.7	0.000181929
434.72	0.000182498
434.74	0.000183031
434.76	0.00018353
434.78	0.000183995
434.8	0.000184429
434.82	0.000184832
434.84	0.000185206
434.86	0.000185551
434.88	0.000185869
434.9	0.000186159
434.92	0.000186424
434.94	0.000186663
434.96	0.000186878
434.98	0.000187068
435	0.000187236
435.02	0.00018738
435.04	0.000187501
435.06	0.000187601
435.08	0.000187679
435.1	0.000187735
435.12	0.000187771
435.14	0.000187785
435.16	0.00018778
435.18	0.000187754
435.2	0.000187708
435.22	0.000187642
435.24	0.000187557
435.26	0.000187452
435.28	0.000187329
435.3	0.000187186
435.32	0.000187025
435.34	0.000186845
435.36	0.000186646
435.38	0.000186429
435.4	0.000186195
435.42	0.000185942
435.44	0.000185671
435.46	0.000185383
435.48	0.000185078
435.5	0.000184756
435.52	0.000184416
435.54	0.00018406
435.56	0.000183687
435.58	0.000183298
435.6	0.000182893
435.62	0.000182473
435.64	0.000182036
435.66	0.000181584
435.68	0.000181118
435.7	0.000180636
435.72	0.00018014
435.74	0.000179629
435.76	0.000179105
435.78	0.000178567
435.8	0.000178015
435.82	0.000177451
435.84	0.000176874
435.86	0.000176284
435.88	0.000175682
435.9	0.000175068
435.92	0.000174443
435.94	0.000173807
435.96	0.000173159
435.98	0.000172502
436	0.000171834
436.02	0.000171156
436.04	0.000170468
436.06	0.000169772
436.08	0.000169066
436.1	0.000168352
436.12	0.00016763
436.14	0.000166899
436.16	0.000166162
436.18	0.000165417
436.2	0.000164665
436.22	0.000163906
436.24	0.000163141
436.26	0.00016237
436.28	0.000161593
436.3	0.000160811
436.32	0.000160024
436.34	0.000159232
436.36	0.000158436
436.38	0.000157635
436.4	0.00015683
436.42	0.000156022
436.44	0.00015521
436.46	0.000154395
436.48	0.000153577
436.5	0.000152757
436.52	0.000151934
436.54	0.000151109
436.56	0.000150282
436.58	0.000149454
436.6	0.000148624
436.62	0.000147792
436.64	0.00014696
436.66	0.000146127
436.68	0.000145293
436.7	0.000144459
436.72	0.000143625
436.74	0.00014279
436.76	0.000141956
436.78	0.000141122
436.8	0.000140288
436.82	0.000139456
436.84	0.000138624
436.86	0.000137793
436.88	0.000136963
436.9	0.000136134
436.92	0.000135307
436.94	0.000134481
436.96	0.000133657
436.98	0.000132835
437	0.000132015
437.02	0.000131197
437.04	0.00013038
437.06	0.000129567
437.08	0.000128755
437.1	0.000127946
437.12	0.00012714
437.14	0.000126336
437.16	0.000125535
437.18	0.000124737
437.2	0.000123942
437.22	0.000123149
437.24	0.00012236
437.26	0.000121574
437.28	0.000120791
437.3	0.000120011
437.32	0.000119235
437.34	0.000118462
437.36	0.000117692
437.38	0.000116926
437.4	0.000116164
437.42	0.000115405
437.44	0.00011465
437.46	0.000113898
437.48	0.00011315
437.5	0.000112406
437.52	0.000111666
437.54	0.000110929
437.56	0.000110196
437.58	0.000109467
437.6	0.000108742
437.62	0.000108021
437.64	0.000107304
437.66	0.000106591
437.68	0.000105882
437.7	0.000105177
437.72	0.000104476
437.74	0.000103778
437.76	0.000103085
437.78	0.000102396
437.8	0.000101711
437.82	0.00010103
437.84	0.000100353
437.86	9.96804e-05
437.88	9.90116e-05
437.9	9.83468e-05
437.92	9.76862e-05
437.94	9.70296e-05
437.96	9.63771e-05
437.98	9.57287e-05
438	9.50843e-05
438.02	9.4444e-05
438.04	9.38078e-05
438.06	9.31756e-05
438.08	9.25474e-05
438.1	9.19233e-05
438.12	9.13032e-05
438.14	9.06871e-05
438.16	9.00751e-05
438.18	8.9467e-05
438.2	8.88629e-05
438.22	8.82628e-05
438.24	8.76667e-05
438.26	8.70745e-05
438.28	8.64862e-05
438.3	8.59019e-05
438.32	8.53215e-05
438.34	8.47449e-05
438.36	8.41723e-05
438.38	8.36035e-05
438.4	8.30385e-05
438.42	8.24774e-05
438.44	8.19201e-05
438.46	8.13665e-05
438.48	8.08168e-05
438.5	8.02708e-05
438.52	7.97285e-05
438.54	7.919e-05
438.56	7.86552e-05
438.58	7.8124e-05
438.6	7.75965e-05
438.62	7.70727e-05
438.64	7.65525e-05
438.66	7.60359e-05
438.68	7.55229e-05
438.7	7.50134e-05
438.72	7.45075e-05
438.74	7.40051e-05
438.76	7.35062e-05
438.78	7.30108e-05
438.8	7.25189e-05
438.82	7.20304e-05
438.84	7.15453e-05
438.86	7.10637e-05
438.88	7.05854e-05
438.9	7.01105e-05
438.92	6.96389e-05
438.94	6.91706e-05
438.96	6.87056e-05
438.98	6.82439e-05
439	6.77855e-05
439.02	6.73302e-05
439.04	6.68782e-05
439.06	6.64294e-05
439.08	6.59838e-05
439.1	6.55413e-05
439.12	6.51019e-05
439.14	6.46657e-05
439.16	6.42325e-05
439.18	6.38024e-05
439.2	6.33753e-05
439.22	6.29513e-05
439.24	6.25302e-05
439.26	6.21122e-05
439.28	6.16971e-05
439.3	6.12849e-05
439.32	6.08757e-05
439.34	6.04694e-05
439.36	6.00659e-05
439.38	5.96653e-05
439.4	5.92676e-05
439.42	5.88727e-05
439.44	5.84805e-05
439.46	5.80912e-05
439.48	5.77046e-05
439.5	5.73207e-05
439.52	5.69396e-05
439.54	5.65612e-05
439.56	5.61855e-05
439.58	5.58124e-05
439.6	5.54419e-05
439.62	5.50741e-05
439.64	5.47089e-05
439.66	5.43463e-05
439.68	5.39863e-05
439.7	5.36288e-05
439.72	5.32738e-05
439.74	5.29214e-05
439.76	5.25714e-05
439.78	5.22239e-05
439.8	5.18789e-05
439.82	5.15363e-05
439.84	5.11962e-05
439.86	5.08584e-05
439.88	5.0523e-05
439.9	5.01901e-05
439.92	4.98594e-05
439.94	4.95311e-05
439.96	4.92051e-05
439.98	4.88814e-05
440	4.856e-05
440.02	4.82409e-05
440.04	4.7924e-05
440.06	4.76094e-05
440.08	4.72969e-05
440.1	4.69867e-05
440.12	4.66786e-05
440.14	4.63728e-05
440.16	4.6069e-05
440.18	4.57675e-05
440.2	4.5468e-05
440.22	4.51706e-05
440.24	4.48754e-05
440.26	4.45822e-05
440.28	4.4291e-05
440.3	4.40019e-05
440.32	4.37149e-05
440.34	4.34298e-05
440.36	4.31468e-05
440.38	4.28657e-05
440.4	4.25866e-05
440.42	4.23095e-05
440.44	4.20343e-05
440.46	4.1761e-05
440.48	4.14896e-05
440.5	4.12202e-05
440.52	4.09526e-05
440.54	4.06869e-05
440.56	4.0423e-05
440.58	4.0161e-05
440.6	3.99008e-05
440.62	3.96425e-05
440.64	3.93859e-05
440.66	3.91311e-05
440.68	3.88781e-05
440.7	3.86269e-05
440.72	3.83774e-05
440.74	3.81297e-05
440.76	3.78837e-05
440.78	3.76393e-05
440.8	3.73967e-05
440.82	3.71558e-05
440.84	3.69165e-05
440.86	3.6679e-05
440.88	3.6443e-05
440.9	3.62087e-05
440.92	3.5976e-05
440.94	3.5745e-05
440.96	3.55155e-05
440.98	3.52876e-05
441	3.50613e-05
441.02	3.48366e-05
441.04	3.46134e-05
441.06	3.43918e-05
441.08	3.41717e-05
441.1	3.39531e-05
441.12	3.37361e-05
441.14	3.35205e-05
441.16	3.33064e-05
441.18	3.30938e-05
441.2	3.28827e-05
441.22	3.2673e-05
441.24	3.24648e-05
441.26	3.2258e-05
441.28	3.20526e-05
441.3	3.18486e-05
441.32	3.16461e-05
441.34	3.14449e-05
441.36	3.12451e-05
441.38	3.10467e-05
441.4	3.08497e-05
441.42	3.0654e-05
441.44	3.04597e-05
441.46	3.02666e-05
441.48	3.0075e-05
441.5	2.98846e-05
441.52	2.96955e-05
441.54	2.95077e-05
441.56	2.93213e-05
441.58	2.91361e-05
441.6	2.89521e-05
441.62	2.87694e-05
441.64	2.8588e-05
441.66	2.84078e-05
441.68	2.82288e-05
441.7	2.80511e-05
441.72	2.78746e-05
441.74	2.76993e-05
441.76	2.75251e-05
441.78	2.73522e-05
441.8	2.71805e-05
441.82	2.70099e-05
441.84	2.68405e-05
441.86	2.66722e-05
441.88	2.65051e-05
441.9	2.63391e-05
441.92	2.61742e-05
441.94	2.60105e-05
441.96	2.58479e-05
441.98	2.56864e-05
442	2.5526e-05
442.02	2.53666e-05
442.04	2.52084e-05
442.06	2.50512e-05
442.08	2.48951e-05
442.1	2.47401e-05
442.12	2.45861e-05
442.14	2.44331e-05
442.16	2.42812e-05
442.18	2.41303e-05
442.2	2.39805e-05
442.22	2.38316e-05
442.24	2.36838e-05
442.26	2.35369e-05
442.28	2.33911e-05
442.3	2.32462e-05
442.32	2.31023e-05
442.34	2.29594e-05
442.36	2.28175e-05
442.38	2.26765e-05
442.4	2.25365e-05
442.42	2.23974e-05
442.44	2.22592e-05
442.46	2.2122e-05
442.48	2.19857e-05
442.5	2.18503e-05
442.52	2.17158e-05
442.54	2.15823e-05
442.56	2.14496e-05
442.58	2.13178e-05
442.6	2.11869e-05
442.62	2.10569e-05
442.64	2.09278e-05
442.66	2.07995e-05
442.68	2.06721e-05
442.7	2.05456e-05
442.72	2.04199e-05
442.74	2.0295e-05
442.76	2.0171e-05
442.78	2.00478e-05
442.8	1.99255e-05
442.82	1.98039e-05
442.84	1.96832e-05
442.86	1.95633e-05
442.88	1.94441e-05
442.9	1.93258e-05
442.92	1.92083e-05
442.94	1.90916e-05
442.96	1.89756e-05
442.98	1.88604e-05
443	1.8746e-05
443.02	1.86323e-05
443.04	1.85194e-05
443.06	1.84073e-05
443.08	1.82959e-05
443.1	1.81853e-05
443.12	1.80753e-05
443.14	1.79662e-05
443.16	1.78577e-05
443.18	1.775e-05
443.2	1.7643e-05
443.22	1.75367e-05
443.24	1.74311e-05
443.26	1.73262e-05
443.28	1.7222e-05
443.3	1.71185e-05
443.32	1.70157e-05
443.34	1.69136e-05
443.36	1.68121e-05
443.38	1.67113e-05
443.4	1.66112e-05
443.42	1.65118e-05
443.44	1.6413e-05
443.46	1.63149e-05
443.48	1.62174e-05
443.5	1.61206e-05
443.52	1.60244e-05
443.54	1.59288e-05
443.56	1.58339e-05
443.58	1.57396e-05
443.6	1.56459e-05
443.62	1.55529e-05
443.64	1.54605e-05
443.66	1.53686e-05
443.68	1.52774e-05
443.7	1.51868e-05
443.72	1.50968e-05
443.74	1.50074e-05
443.76	1.49186e-05
443.78	1.48303e-05
443.8	1.47427e-05
443.82	1.46556e-05
443.84	1.45691e-05
443.86	1.44832e-05
443.88	1.43978e-05
443.9	1.4313e-05
443.92	1.42287e-05
443.94	1.4145e-05
443.96	1.40619e-05
443.98	1.39793e-05
444	1.38973e-05
444.02	1.38157e-05
444.04	1.37348e-05
444.06	1.36543e-05
444.08	1.35744e-05
444.1	1.3495e-05
444.12	1.34162e-05
444.14	1.33378e-05
444.16	1.326e-05
444.18	1.31827e-05
444.2	1.31058e-05
444.22	1.30295e-05
444.24	1.29537e-05
444.26	1.28784e-05
444.28	1.28036e-05
444.3	1.27293e-05
444.32	1.26554e-05
444.34	1.25821e-05
444.36	1.25092e-05
444.38	1.24368e-05
444.4	1.23648e-05
444.42	1.22934e-05
444.44	1.22224e-05
444.46	1.21519e-05
444.48	1.20818e-05
444.5	1.20122e-05
444.52	1.1943e-05
444.54	1.18743e-05
444.56	1.18061e-05
444.58	1.17383e-05
444.6	1.16709e-05
444.62	1.1604e-05
444.64	1.15375e-05
444.66	1.14714e-05
444.68	1.14058e-05
444.7	1.13406e-05
444.72	1.12758e-05
444.74	1.12114e-05
444.76	1.11475e-05
444.78	1.1084e-05
444.8	1.10209e-05
444.82	1.09582e-05
444.84	1.08959e-05
444.86	1.0834e-05
444.88	1.07725e-05
444.9	1.07114e-05
444.92	1.06508e-05
444.94	1.05905e-05
444.96	1.05306e-05
444.98	1.0471e-05
445	1.04119e-05
445.02	1.03532e-05
445.04	1.02948e-05
445.06	1.02368e-05
445.08	1.01792e-05
445.1	1.0122e-05
445.12	1.00651e-05
445.14	1.00086e-05
445.16	9.95249e-06
445.18	9.89673e-06
445.2	9.84132e-06
445.22	9.78627e-06
445.24	9.73158e-06
445.26	9.67724e-06
445.28	9.62325e-06
445.3	9.56961e-06
445.32	9.51632e-06
445.34	9.46337e-06
445.36	9.41077e-06
445.38	9.3585e-06
445.4	9.30657e-06
445.42	9.25498e-06
445.44	9.20371e-06
445.46	9.15278e-06
445.48	9.10218e-06
445.5	9.0519e-06
445.52	9.00195e-06
445.54	8.95232e-06
445.56	8.90301e-06
445.58	8.85402e-06
445.6	8.80534e-06
445.62	8.75697e-06
445.64	8.70892e-06
445.66	8.66118e-06
445.68	8.61374e-06
445.7	8.56661e-06
445.72	8.51978e-06
445.74	8.47325e-06
445.76	8.42702e-06
445.78	8.38109e-06
445.8	8.33545e-06
445.82	8.29011e-06
445.84	8.24506e-06
445.86	8.20029e-06
445.88	8.15582e-06
445.9	8.11163e-06
445.92	8.06772e-06
445.94	8.0241e-06
445.96	7.98075e-06
445.98	7.93768e-06
446	7.89489e-06
446.02	7.85237e-06
446.04	7.81013e-06
446.06	7.76815e-06
446.08	7.72645e-06
446.1	7.68501e-06
446.12	7.64384e-06
446.14	7.60293e-06
446.16	7.56228e-06
446.18	7.52189e-06
446.2	7.48176e-06
446.22	7.44189e-06
446.24	7.40227e-06
446.26	7.3629e-06
446.28	7.32379e-06
446.3	7.28492e-06
446.32	7.24631e-06
446.34	7.20794e-06
446.36	7.16982e-06
446.38	7.13194e-06
446.4	7.0943e-06
446.42	7.0569e-06
446.44	7.01974e-06
446.46	6.98282e-06
446.48	6.94613e-06
446.5	6.90968e-06
446.52	6.87346e-06
446.54	6.83747e-06
446.56	6.80171e-06
446.58	6.76617e-06
446.6	6.73087e-06
446.62	6.69579e-06
446.64	6.66093e-06
446.66	6.62629e-06
446.68	6.59188e-06
446.7	6.55768e-06
446.72	6.52371e-06
446.74	6.48994e-06
446.76	6.4564e-06
446.78	6.42307e-06
446.8	6.38994e-06
446.82	6.35704e-06
446.84	6.32433e-06
446.86	6.29184e-06
446.88	6.25956e-06
446.9	6.22748e-06
446.92	6.1956e-06
446.94	6.16393e-06
446.96	6.13246e-06
446.98	6.10118e-06
447	6.07011e-06
447.02	6.03924e-06
447.04	6.00856e-06
447.06	5.97807e-06
447.08	5.94778e-06
447.1	5.91769e-06
447.12	5.88778e-06
447.14	5.85806e-06
447.16	5.82854e-06
447.18	5.7992e-06
447.2	5.77005e-06
447.22	5.74108e-06
447.24	5.7123e-06
447.26	5.68369e-06
447.28	5.65528e-06
447.3	5.62704e-06
447.32	5.59898e-06
447.34	5.5711e-06
447.36	5.5434e-06
447.38	5.51587e-06
447.4	5.48852e-06
447.42	5.46134e-06
447.44	5.43434e-06
447.46	5.4075e-06
447.48	5.38084e-06
447.5	5.35435e-06
447.52	5.32802e-06
447.54	5.30186e-06
447.56	5.27587e-06
447.58	5.25005e-06
447.6	5.22439e-06
447.62	5.19889e-06
447.64	5.17355e-06
447.66	5.14838e-06
447.68	5.12336e-06
447.7	5.09851e-06
447.72	5.07381e-06
447.74	5.04927e-06
447.76	5.02489e-06
447.78	5.00066e-06
447.8	4.97658e-06
447.82	4.95266e-06
447.84	4.92889e-06
447.86	4.90528e-06
447.88	4.88181e-06
447.9	4.85849e-06
447.92	4.83533e-06
447.94	4.81231e-06
447.96	4.78943e-06
447.98	4.7667e-06
448	4.74412e-06
448.02	4.72168e-06
448.04	4.69939e-06
448.06	4.67724e-06
448.08	4.65522e-06
448.1	4.63335e-06
448.12	4.61162e-06
448.14	4.59003e-06
448.16	4.56858e-06
448.18	4.54726e-06
448.2	4.52608e-06
448.22	4.50504e-06
448.24	4.48413e-06
448.26	4.46335e-06
448.28	4.44271e-06
448.3	4.4222e-06
448.32	4.40182e-06
448.34	4.38157e-06
448.36	4.36146e-06
448.38	4.34147e-06
448.4	4.32161e-06
448.42	4.30188e-06
448.44	4.28227e-06
448.46	4.26279e-06
448.48	4.24344e-06
448.5	4.22421e-06
448.52	4.2051e-06
448.54	4.18612e-06
448.56	4.16726e-06
448.58	4.14853e-06
448.6	4.12991e-06
448.62	4.11141e-06
448.64	4.09304e-06
448.66	4.07478e-06
448.68	4.05664e-06
448.7	4.03862e-06
448.72	4.02072e-06
448.74	4.00293e-06
448.76	3.98526e-06
448.78	3.9677e-06
448.8	3.95026e-06
448.82	3.93293e-06
448.84	3.91571e-06
448.86	3.89861e-06
448.88	3.88161e-06
448.9	3.86473e-06
448.92	3.84796e-06
448.94	3.8313e-06
448.96	3.81475e-06
448.98	3.7983e-06
449	3.78197e-06
449.02	3.76574e-06
449.04	3.74962e-06
449.06	3.73361e-06
449.08	3.7177e-06
449.1	3.70189e-06
449.12	3.68619e-06
449.14	3.6706e-06
449.16	3.6551e-06
449.18	3.63971e-06
449.2	3.62443e-06
449.22	3.60924e-06
449.24	3.59416e-06
449.26	3.57917e-06
449.28	3.56429e-06
449.3	3.5495e-06
449.32	3.53482e-06
449.34	3.52023e-06
449.36	3.50574e-06
449.38	3.49135e-06
449.4	3.47706e-06
449.42	3.46286e-06
449.44	3.44876e-06
449.46	3.43475e-06
449.48	3.42084e-06
449.5	3.40702e-06
449.52	3.3933e-06
449.54	3.37967e-06
449.56	3.36613e-06
449.58	3.35269e-06
449.6	3.33934e-06
449.62	3.32608e-06
449.64	3.31291e-06
449.66	3.29984e-06
449.68	3.28685e-06
449.7	3.27395e-06
449.72	3.26114e-06
449.74	3.24843e-06
449.76	3.2358e-06
449.78	3.22326e-06
449.8	3.2108e-06
449.82	3.19844e-06
449.84	3.18616e-06
449.86	3.17397e-06
449.88	3.16186e-06
449.9	3.14985e-06
449.92	3.13791e-06
449.94	3.12606e-06
449.96	3.1143e-06
449.98	3.10262e-06
450	3.09103e-06
450.02	3.07952e-06
450.04	3.06809e-06
450.06	3.05675e-06
450.08	3.04549e-06
450.1	3.03431e-06
450.12	3.02321e-06
450.14	3.0122e-06
450.16	3.00126e-06
450.18	2.99041e-06
450.2	2.97964e-06
450.22	2.96895e-06
450.24	2.95834e-06
450.26	2.94781e-06
450.28	2.93736e-06
450.3	2.92699e-06
450.32	2.9167e-06
450.34	2.90649e-06
450.36	2.89636e-06
450.38	2.88631e-06
450.4	2.87633e-06
450.42	2.86643e-06
450.44	2.85661e-06
450.46	2.84687e-06
450.48	2.83721e-06
450.5	2.82762e-06
450.52	2.81811e-06
450.54	2.80868e-06
450.56	2.79932e-06
450.58	2.79004e-06
450.6	2.78084e-06
450.62	2.77171e-06
450.64	2.76266e-06
450.66	2.75368e-06
450.68	2.74478e-06
450.7	2.73596e-06
450.72	2.72721e-06
450.74	2.71853e-06
450.76	2.70994e-06
450.78	2.70141e-06
450.8	2.69297e-06
450.82	2.68459e-06
450.84	2.6763e-06
450.86	2.66807e-06
450.88	2.65993e-06
450.9	2.65185e-06
450.92	2.64386e-06
450.94	2.63593e-06
450.96	2.62808e-06
450.98	2.62031e-06
451	2.61261e-06
451.02	2.60499e-06
451.04	2.59744e-06
451.06	2.58997e-06
451.08	2.58257e-06
451.1	2.57525e-06
451.12	2.568e-06
451.14	2.56083e-06
451.16	2.55373e-06
451.18	2.54671e-06
451.2	2.53976e-06
451.22	2.53289e-06
451.24	2.5261e-06
451.26	2.51939e-06
451.28	2.51275e-06
451.3	2.50618e-06
451.32	2.4997e-06
451.34	2.49329e-06
451.36	2.48696e-06
451.38	2.48071e-06
451.4	2.47454e-06
451.42	2.46845e-06
451.44	2.46244e-06
451.46	2.4565e-06
451.48	2.45065e-06
451.5	2.44488e-06
451.52	2.43919e-06
451.54	2.43358e-06
451.56	2.42806e-06
451.58	2.42262e-06
451.6	2.41726e-06
451.62	2.41199e-06
451.64	2.40681e-06
451.66	2.40171e-06
451.68	2.3967e-06
451.7	2.39178e-06
451.72	2.38695e-06
451.74	2.38221e-06
451.76	2.37756e-06
451.78	2.37301e-06
451.8	2.36855e-06
451.82	2.36419e-06
451.84	2.35993e-06
451.86	2.35576e-06
451.88	2.3517e-06
451.9	2.34774e-06
451.92	2.34389e-06
451.94	2.34014e-06
451.96	2.3365e-06
451.98	2.33298e-06
452	2.32957e-06
452.02	2.32628e-06
452.04	2.32311e-06
452.06	2.32006e-06
452.08	2.31715e-06
452.1	2.31436e-06
452.12	2.31171e-06
452.14	2.3092e-06
452.16	2.30684e-06
452.18	2.30463e-06
452.2	2.30258e-06
452.22	2.30069e-06
452.24	2.29897e-06
452.26	2.29743e-06
452.28	2.29608e-06
452.3	2.29494e-06
452.32	2.294e-06
452.34	2.29328e-06
452.36	2.29281e-06
452.38	2.29259e-06
452.4	2.29265e-06
452.42	2.293e-06
452.44	2.29368e-06
452.46	2.29472e-06
452.48	2.29615e-06
452.5	2.29802e-06
452.52	2.30038e-06
452.54	2.30331e-06
452.56	2.3069e-06
452.58	2.31127e-06
452.6	2.31658e-06
452.62	2.32306e-06
452.64	2.33105e-06
452.66	2.3411e-06
452.68	2.35412e-06
452.7	2.37189e-06
452.72	2.39831e-06
452.74	2.44294e-06
452.76	2.52774e-06
452.78	2.69517e-06
452.8	2.99129e-06
452.82	3.45791e-06
452.84	4.18257e-06
452.86	5.30584e-06
452.88	6.97979e-06
452.9	9.37709e-06
452.92	1.27433e-05
452.94	1.73696e-05
452.96	2.34794e-05
452.98	3.11105e-05
453	4.00271e-05
453.02	4.97533e-05
453.04	5.9762e-05
453.06	6.96326e-05
453.08	7.9078e-05
453.1	8.79165e-05
453.12	9.60478e-05
453.14	0.000103441
453.16	0.00011012
453.18	0.000116138
453.2	0.000121562
453.22	0.00012646
453.24	0.000130896
453.26	0.000134927
453.28	0.000138604
453.3	0.00014197
453.32	0.000145063
453.34	0.000147915
453.36	0.000150555
453.38	0.000153006
453.4	0.000155288
453.42	0.000157419
453.44	0.000159413
453.46	0.000161283
453.48	0.000163039
453.5	0.000164691
453.52	0.000166247
453.54	0.000167713
453.56	0.000169097
453.58	0.000170402
453.6	0.000171635
453.62	0.0001728
453.64	0.000173899
453.66	0.000174938
453.68	0.000175919
453.7	0.000176845
453.72	0.000177719
453.74	0.000178544
453.76	0.000179322
453.78	0.000180054
453.8	0.000180744
453.82	0.000181393
453.84	0.000182002
453.86	0.000182574
453.88	0.000183111
453.9	0.000183612
453.92	0.000184081
453.94	0.000184517
453.96	0.000184923
453.98	0.0001853
454	0.000185647
454.02	0.000185967
454.04	0.00018626
454.06	0.000186527
454.08	0.000186769
454.1	0.000186986
454.12	0.000187178
454.14	0.000187348
454.16	0.000187494
454.18	0.000187618
454.2	0.000187719
454.22	0.000187799
454.24	0.000187857
454.26	0.000187895
454.28	0.000187911
454.3	0.000187907
454.32	0.000187883
454.34	0.000187839
454.36	0.000187775
454.38	0.000187692
454.4	0.000187589
454.42	0.000187467
454.44	0.000187326
454.46	0.000187166
454.48	0.000186988
454.5	0.000186791
454.52	0.000186576
454.54	0.000186342
454.56	0.000186091
454.58	0.000185822
454.6	0.000185536
454.62	0.000185232
454.64	0.000184911
454.66	0.000184573
454.68	0.000184218
454.7	0.000183847
454.72	0.000183459
454.74	0.000183056
454.76	0.000182636
454.78	0.000182201
454.8	0.00018175
454.82	0.000181285
454.84	0.000180804
454.86	0.000180309
454.88	0.0001798
454.9	0.000179276
454.92	0.000178739
454.94	0.000178189
454.96	0.000177625
454.98	0.000177049
455	0.00017646
455.02	0.000175859
455.04	0.000175246
455.06	0.000174622
455.08	0.000173986
455.1	0.000173339
455.12	0.000172682
455.14	0.000172015
455.16	0.000171338
455.18	0.000170651
455.2	0.000169955
455.22	0.00016925
455.24	0.000168536
455.26	0.000167814
455.28	0.000167084
455.3	0.000166347
455.32	0.000165602
455.34	0.00016485
455.36	0.000164092
455.38	0.000163327
455.4	0.000162556
455.42	0.00016178
455.44	0.000160998
455.46	0.000160211
455.48	0.000159419
455.5	0.000158622
455.52	0.000157822
455.54	0.000157017
455.56	0.000156208
455.58	0.000155397
455.6	0.000154582
455.62	0.000153764
455.64	0.000152943
455.66	0.00015212
455.68	0.000151295
455.7	0.000150467
455.72	0.000149639
455.74	0.000148808
455.76	0.000147977
455.78	0.000147144
455.8	0.00014631
455.82	0.000145476
455.84	0.000144642
455.86	0.000143807
455.88	0.000142972
455.9	0.000142137
455.92	0.000141303
455.94	0.000140469
455.96	0.000139636
455.98	0.000138803
456	0.000137971
456.02	0.000137141
456.04	0.000136312
456.06	0.000135484
456.08	0.000134658
456.1	0.000133833
456.12	0.00013301
456.14	0.000132189
456.16	0.000131371
456.18	0.000130554
456.2	0.000129739
456.22	0.000128927
456.24	0.000128118
456.26	0.00012731
456.28	0.000126506
456.3	0.000125704
456.32	0.000124905
456.34	0.000124109
456.36	0.000123316
456.38	0.000122526
456.4	0.000121739
456.42	0.000120956
456.44	0.000120175
456.46	0.000119398
456.48	0.000118624
456.5	0.000117854
456.52	0.000117087
456.54	0.000116324
456.56	0.000115564
456.58	0.000114808
456.6	0.000114056
456.62	0.000113307
456.64	0.000112562
456.66	0.000111821
456.68	0.000111084
456.7	0.00011035
456.72	0.000109621
456.74	0.000108895
456.76	0.000108173
456.78	0.000107455
456.8	0.000106741
456.82	0.000106031
456.84	0.000105325
456.86	0.000104623
456.88	0.000103925
456.9	0.000103231
456.92	0.000102541
456.94	0.000101855
456.96	0.000101174
456.98	0.000100496
457	9.98223e-05
457.02	9.91527e-05
457.04	9.84872e-05
457.06	9.78258e-05
457.08	9.71684e-05
457.1	9.65151e-05
457.12	9.58659e-05
457.14	9.52207e-05
457.16	9.45797e-05
457.18	9.39426e-05
457.2	9.33097e-05
457.22	9.26807e-05
457.24	9.20559e-05
457.26	9.1435e-05
457.28	9.08182e-05
457.3	9.02053e-05
457.32	8.95965e-05
457.34	8.89917e-05
457.36	8.83908e-05
457.38	8.77939e-05
457.4	8.7201e-05
457.42	8.6612e-05
457.44	8.60269e-05
457.46	8.54458e-05
457.48	8.48685e-05
457.5	8.42951e-05
457.52	8.37256e-05
457.54	8.31599e-05
457.56	8.2598e-05
457.58	8.204e-05
457.6	8.14858e-05
457.62	8.09353e-05
457.64	8.03886e-05
457.66	7.98457e-05
457.68	7.93064e-05
457.7	7.87709e-05
457.72	7.82391e-05
457.74	7.77109e-05
457.76	7.71864e-05
457.78	7.66655e-05
457.8	7.61482e-05
457.82	7.56345e-05
457.84	7.51244e-05
457.86	7.46178e-05
457.88	7.41148e-05
457.9	7.36152e-05
457.92	7.31192e-05
457.94	7.26266e-05
457.96	7.21374e-05
457.98	7.16517e-05
458	7.11694e-05
458.02	7.06905e-05
458.04	7.02149e-05
458.06	6.97427e-05
458.08	6.92738e-05
458.1	6.88082e-05
458.12	6.83459e-05
458.14	6.78868e-05
458.16	6.7431e-05
458.18	6.69784e-05
458.2	6.6529e-05
458.22	6.60827e-05
458.24	6.56397e-05
458.26	6.51997e-05
458.28	6.47628e-05
458.3	6.43291e-05
458.32	6.38984e-05
458.34	6.34708e-05
458.36	6.30462e-05
458.38	6.26245e-05
458.4	6.22059e-05
458.42	6.17903e-05
458.44	6.13776e-05
458.46	6.09678e-05
458.48	6.05609e-05
458.5	6.01569e-05
458.52	5.97558e-05
458.54	5.93575e-05
458.56	5.8962e-05
458.58	5.85693e-05
458.6	5.81795e-05
458.62	5.77923e-05
458.64	5.7408e-05
458.66	5.70263e-05
458.68	5.66474e-05
458.7	5.62711e-05
458.72	5.58976e-05
458.74	5.55266e-05
458.76	5.51583e-05
458.78	5.47926e-05
458.8	5.44295e-05
458.82	5.40689e-05
458.84	5.3711e-05
458.86	5.33555e-05
458.88	5.30026e-05
458.9	5.26521e-05
458.92	5.23042e-05
458.94	5.19587e-05
458.96	5.16156e-05
458.98	5.1275e-05
459	5.09368e-05
459.02	5.0601e-05
459.04	5.02675e-05
459.06	4.99364e-05
459.08	4.96076e-05
459.1	4.92812e-05
459.12	4.89571e-05
459.14	4.86352e-05
459.16	4.83156e-05
459.18	4.79983e-05
459.2	4.76832e-05
459.22	4.73704e-05
459.24	4.70597e-05
459.26	4.67512e-05
459.28	4.64449e-05
459.3	4.61408e-05
459.32	4.58388e-05
459.34	4.55389e-05
459.36	4.52411e-05
459.38	4.49454e-05
459.4	4.46518e-05
459.42	4.43603e-05
459.44	4.40708e-05
459.46	4.37833e-05
459.48	4.34979e-05
459.5	4.32144e-05
459.52	4.2933e-05
459.54	4.26535e-05
459.56	4.23759e-05
459.58	4.21004e-05
459.6	4.18267e-05
459.62	4.1555e-05
459.64	4.12851e-05
459.66	4.10172e-05
459.68	4.07511e-05
459.7	4.04869e-05
459.72	4.02245e-05
459.74	3.99639e-05
459.76	3.97052e-05
459.78	3.94483e-05
459.8	3.91932e-05
459.82	3.89398e-05
459.84	3.86882e-05
459.86	3.84384e-05
459.88	3.81903e-05
459.9	3.79439e-05
459.92	3.76993e-05
459.94	3.74563e-05
459.96	3.7215e-05
459.98	3.69754e-05
460	3.67375e-05
460.02	3.65012e-05
460.04	3.62666e-05
460.06	3.60336e-05
460.08	3.58022e-05
460.1	3.55724e-05
460.12	3.53442e-05
460.14	3.51176e-05
460.16	3.48925e-05
460.18	3.46691e-05
460.2	3.44471e-05
460.22	3.42267e-05
460.24	3.40078e-05
460.26	3.37904e-05
460.28	3.35746e-05
460.3	3.33602e-05
460.32	3.31473e-05
460.34	3.29358e-05
460.36	3.27259e-05
460.38	3.25173e-05
460.4	3.23102e-05
460.42	3.21046e-05
460.44	3.19003e-05
460.46	3.16975e-05
460.48	3.1496e-05
460.5	3.1296e-05
460.52	3.10973e-05
460.54	3.08999e-05
460.56	3.0704e-05
460.58	3.05093e-05
460.6	3.03161e-05
460.62	3.01241e-05
460.64	2.99334e-05
460.66	2.97441e-05
460.68	2.95561e-05
460.7	2.93693e-05
460.72	2.91838e-05
460.74	2.89996e-05
460.76	2.88167e-05
460.78	2.8635e-05
460.8	2.84545e-05
460.82	2.82753e-05
460.84	2.80973e-05
460.86	2.79206e-05
460.88	2.7745e-05
460.9	2.75706e-05
460.92	2.73974e-05
460.94	2.72254e-05
460.96	2.70546e-05
460.98	2.68849e-05
461	2.67164e-05
461.02	2.65491e-05
461.04	2.63828e-05
461.06	2.62177e-05
461.08	2.60538e-05
461.1	2.58909e-05
461.12	2.57292e-05
461.14	2.55685e-05
461.16	2.5409e-05
461.18	2.52505e-05
461.2	2.50931e-05
461.22	2.49367e-05
461.24	2.47815e-05
461.26	2.46273e-05
461.28	2.44741e-05
461.3	2.4322e-05
461.32	2.41708e-05
461.34	2.40208e-05
461.36	2.38717e-05
461.38	2.37236e-05
461.4	2.35766e-05
461.42	2.34305e-05
461.44	2.32854e-05
461.46	2.31414e-05
461.48	2.29982e-05
461.5	2.28561e-05
461.52	2.27149e-05
461.54	2.25746e-05
461.56	2.24353e-05
461.58	2.2297e-05
461.6	2.21596e-05
461.62	2.20231e-05
461.64	2.18875e-05
461.66	2.17528e-05
461.68	2.1619e-05
461.7	2.14862e-05
461.72	2.13542e-05
461.74	2.12231e-05
461.76	2.10929e-05
461.78	2.09636e-05
461.8	2.08352e-05
461.82	2.07076e-05
461.84	2.05808e-05
461.86	2.04549e-05
461.88	2.03299e-05
461.9	2.02057e-05
461.92	2.00823e-05
461.94	1.99598e-05
461.96	1.98381e-05
461.98	1.97171e-05
462	1.9597e-05
462.02	1.94778e-05
462.04	1.93593e-05
462.06	1.92416e-05
462.08	1.91246e-05
462.1	1.90085e-05
462.12	1.88931e-05
462.14	1.87786e-05
462.16	1.86647e-05
462.18	1.85517e-05
462.2	1.84394e-05
462.22	1.83278e-05
462.24	1.8217e-05
462.26	1.81069e-05
462.28	1.79976e-05
462.3	1.78889e-05
462.32	1.77811e-05
462.34	1.76739e-05
462.36	1.75674e-05
462.38	1.74617e-05
462.4	1.73566e-05
462.42	1.72523e-05
462.44	1.71486e-05
462.46	1.70457e-05
462.48	1.69434e-05
462.5	1.68418e-05
462.52	1.67408e-05
462.54	1.66406e-05
462.56	1.6541e-05
462.58	1.64421e-05
462.6	1.63438e-05
462.62	1.62462e-05
462.64	1.61492e-05
462.66	1.60528e-05
462.68	1.59571e-05
462.7	1.58621e-05
462.72	1.57676e-05
462.74	1.56738e-05
462.76	1.55807e-05
462.78	1.54881e-05
462.8	1.53961e-05
462.82	1.53048e-05
462.84	1.5214e-05
462.86	1.51239e-05
462.88	1.50343e-05
462.9	1.49454e-05
462.92	1.4857e-05
462.94	1.47692e-05
462.96	1.4682e-05
462.98	1.45953e-05
463	1.45093e-05
463.02	1.44238e-05
463.04	1.43389e-05
463.06	1.42545e-05
463.08	1.41707e-05
463.1	1.40874e-05
463.12	1.40047e-05
463.14	1.39225e-05
463.16	1.38409e-05
463.18	1.37598e-05
463.2	1.36792e-05
463.22	1.35992e-05
463.24	1.35197e-05
463.26	1.34407e-05
463.28	1.33622e-05
463.3	1.32842e-05
463.32	1.32068e-05
463.34	1.31299e-05
463.36	1.30534e-05
463.38	1.29775e-05
463.4	1.29021e-05
463.42	1.28271e-05
463.44	1.27527e-05
463.46	1.26787e-05
463.48	1.26053e-05
463.5	1.25323e-05
463.52	1.24598e-05
463.54	1.23877e-05
463.56	1.23162e-05
463.58	1.22451e-05
463.6	1.21744e-05
463.62	1.21042e-05
463.64	1.20345e-05
463.66	1.19653e-05
463.68	1.18964e-05
463.7	1.18281e-05
463.72	1.17602e-05
463.74	1.16927e-05
463.76	1.16257e-05
463.78	1.15591e-05
463.8	1.14929e-05
463.82	1.14272e-05
463.84	1.13619e-05
463.86	1.1297e-05
463.88	1.12325e-05
463.9	1.11685e-05
463.92	1.11049e-05
463.94	1.10417e-05
463.96	1.09789e-05
463.98	1.09165e-05
464	1.08545e-05
464.02	1.07929e-05
464.04	1.07318e-05
464.06	1.0671e-05
464.08	1.06106e-05
464.1	1.05506e-05
464.12	1.0491e-05
464.14	1.04318e-05
464.16	1.03729e-05
464.18	1.03145e-05
464.2	1.02564e-05
464.22	1.01987e-05
464.24	1.01414e-05
464.26	1.00844e-05
464.28	1.00278e-05
464.3	9.97162e-06
464.32	9.91576e-06
464.34	9.86027e-06
464.36	9.80513e-06
464.38	9.75035e-06
464.4	9.69593e-06
464.42	9.64186e-06
464.44	9.58813e-06
464.46	9.53476e-06
464.48	9.48172e-06
464.5	9.42903e-06
464.52	9.37668e-06
464.54	9.32467e-06
464.56	9.273e-06
464.58	9.22166e-06
464.6	9.17064e-06
464.62	9.11996e-06
464.64	9.06961e-06
464.66	9.01957e-06
464.68	8.96987e-06
464.7	8.92048e-06
464.72	8.87141e-06
464.74	8.82265e-06
464.76	8.77421e-06
464.78	8.72608e-06
464.8	8.67826e-06
464.82	8.63075e-06
464.84	8.58354e-06
464.86	8.53664e-06
464.88	8.49003e-06
464.9	8.44373e-06
464.92	8.39773e-06
464.94	8.35202e-06
464.96	8.3066e-06
464.98	8.26148e-06
465	8.21665e-06
465.02	8.1721e-06
465.04	8.12784e-06
465.06	8.08386e-06
465.08	8.04017e-06
465.1	7.99675e-06
465.12	7.95362e-06
465.14	7.91076e-06
465.16	7.86817e-06
465.18	7.82586e-06
465.2	7.78382e-06
465.22	7.74204e-06
465.24	7.70054e-06
465.26	7.6593e-06
465.28	7.61833e-06
465.3	7.57761e-06
465.32	7.53716e-06
465.34	7.49696e-06
465.36	7.45703e-06
465.38	7.41735e-06
465.4	7.37792e-06
465.42	7.33874e-06
465.44	7.29982e-06
465.46	7.26114e-06
465.48	7.22271e-06
465.5	7.18452e-06
465.52	7.14658e-06
465.54	7.10888e-06
465.56	7.07142e-06
465.58	7.03421e-06
465.6	6.99722e-06
465.62	6.96048e-06
465.64	6.92397e-06
465.66	6.88769e-06
465.68	6.85164e-06
465.7	6.81582e-06
465.72	6.78023e-06
465.74	6.74487e-06
465.76	6.70973e-06
465.78	6.67482e-06
465.8	6.64013e-06
465.82	6.60566e-06
465.84	6.57141e-06
465.86	6.53738e-06
465.88	6.50356e-06
465.9	6.46996e-06
465.92	6.43658e-06
465.94	6.4034e-06
465.96	6.37044e-06
465.98	6.33769e-06
466	6.30514e-06
466.02	6.27281e-06
466.04	6.24067e-06
466.06	6.20875e-06
466.08	6.17702e-06
466.1	6.1455e-06
466.12	6.11418e-06
466.14	6.08306e-06
466.16	6.05213e-06
466.18	6.0214e-06
466.2	5.99087e-06
466.22	5.96053e-06
466.24	5.93039e-06
466.26	5.90043e-06
466.28	5.87067e-06
466.3	5.8411e-06
466.32	5.81171e-06
466.34	5.78251e-06
466.36	5.7535e-06
466.38	5.72467e-06
466.4	5.69602e-06
466.42	5.66756e-06
466.44	5.63927e-06
466.46	5.61117e-06
466.48	5.58324e-06
466.5	5.5555e-06
466.52	5.52793e-06
466.54	5.50053e-06
466.56	5.47331e-06
466.58	5.44626e-06
466.6	5.41939e-06
466.62	5.39268e-06
466.64	5.36615e-06
466.66	5.33978e-06
466.68	5.31358e-06
466.7	5.28755e-06
466.72	5.26168e-06
466.74	5.23598e-06
466.76	5.21044e-06
466.78	5.18506e-06
466.8	5.15985e-06
466.82	5.13479e-06
466.84	5.1099e-06
466.86	5.08516e-06
466.88	5.06058e-06
466.9	5.03616e-06
466.92	5.01189e-06
466.94	4.98778e-06
466.96	4.96382e-06
466.98	4.94002e-06
467	4.91636e-06
467.02	4.89286e-06
467.04	4.8695e-06
467.06	4.8463e-06
467.08	4.82324e-06
467.1	4.80033e-06
467.12	4.77757e-06
467.14	4.75495e-06
467.16	4.73248e-06
467.18	4.71015e-06
467.2	4.68796e-06
467.22	4.66591e-06
467.24	4.64401e-06
467.26	4.62224e-06
467.28	4.60062e-06
467.3	4.57913e-06
467.32	4.55778e-06
467.34	4.53657e-06
467.36	4.51549e-06
467.38	4.49455e-06
467.4	4.47374e-06
467.42	4.45307e-06
467.44	4.43253e-06
467.46	4.41212e-06
467.48	4.39184e-06
467.5	4.37169e-06
467.52	4.35167e-06
467.54	4.33178e-06
467.56	4.31202e-06
467.58	4.29238e-06
467.6	4.27287e-06
467.62	4.25349e-06
467.64	4.23423e-06
467.66	4.2151e-06
467.68	4.19609e-06
467.7	4.1772e-06
467.72	4.15843e-06
467.74	4.13979e-06
467.76	4.12126e-06
467.78	4.10286e-06
467.8	4.08458e-06
467.82	4.06641e-06
467.84	4.04836e-06
467.86	4.03043e-06
467.88	4.01262e-06
467.9	3.99492e-06
467.92	3.97733e-06
467.94	3.95986e-06
467.96	3.94251e-06
467.98	3.92527e-06
468	3.90814e-06
468.02	3.89112e-06
468.04	3.87421e-06
468.06	3.85742e-06
468.08	3.84073e-06
468.1	3.82416e-06
468.12	3.80769e-06
468.14	3.79133e-06
468.16	3.77508e-06
468.18	3.75893e-06
468.2	3.7429e-06
468.22	3.72696e-06
468.24	3.71114e-06
468.26	3.69541e-06
468.28	3.6798e-06
468.3	3.66428e-06
468.32	3.64887e-06
468.34	3.63356e-06
468.36	3.61835e-06
468.38	3.60325e-06
468.4	3.58824e-06
468.42	3.57334e-06
468.44	3.55854e-06
468.46	3.54383e-06
468.48	3.52922e-06
468.5	3.51471e-06
468.52	3.5003e-06
468.54	3.48599e-06
468.56	3.47177e-06
468.58	3.45765e-06
468.6	3.44363e-06
468.62	3.4297e-06
468.64	3.41586e-06
468.66	3.40212e-06
468.68	3.38847e-06
468.7	3.37492e-06
468.72	3.36146e-06
468.74	3.34809e-06
468.76	3.33482e-06
468.78	3.32163e-06
468.8	3.30854e-06
468.82	3.29554e-06
468.84	3.28262e-06
468.86	3.2698e-06
468.88	3.25707e-06
468.9	3.24442e-06
468.92	3.23187e-06
468.94	3.2194e-06
468.96	3.20702e-06
468.98	3.19473e-06
469	3.18252e-06
469.02	3.1704e-06
469.04	3.15837e-06
469.06	3.14642e-06
469.08	3.13456e-06
469.1	3.12279e-06
469.12	3.1111e-06
469.14	3.09949e-06
469.16	3.08797e-06
469.18	3.07653e-06
469.2	3.06517e-06
469.22	3.0539e-06
469.24	3.04271e-06
469.26	3.03161e-06
469.28	3.02058e-06
469.3	3.00964e-06
469.32	2.99878e-06
469.34	2.988e-06
469.36	2.9773e-06
469.38	2.96668e-06
469.4	2.95614e-06
469.42	2.94568e-06
469.44	2.9353e-06
469.46	2.92501e-06
469.48	2.91479e-06
469.5	2.90465e-06
469.52	2.89459e-06
469.54	2.8846e-06
469.56	2.8747e-06
469.58	2.86487e-06
469.6	2.85512e-06
469.62	2.84545e-06
469.64	2.83586e-06
469.66	2.82635e-06
469.68	2.81691e-06
469.7	2.80755e-06
469.72	2.79826e-06
469.74	2.78906e-06
469.76	2.77992e-06
469.78	2.77087e-06
469.8	2.76189e-06
469.82	2.75299e-06
469.84	2.74416e-06
469.86	2.73541e-06
469.88	2.72674e-06
469.9	2.71814e-06
469.92	2.70961e-06
469.94	2.70117e-06
469.96	2.69279e-06
469.98	2.6845e-06
470	2.67628e-06
470.02	2.66813e-06
470.04	2.66006e-06
470.06	2.65206e-06
470.08	2.64414e-06
470.1	2.6363e-06
470.12	2.62853e-06
470.14	2.62083e-06
470.16	2.61321e-06
470.18	2.60567e-06
470.2	2.5982e-06
470.22	2.59081e-06
470.24	2.58349e-06
470.26	2.57625e-06
470.28	2.56908e-06
470.3	2.56199e-06
470.32	2.55498e-06
470.34	2.54805e-06
470.36	2.54119e-06
470.38	2.5344e-06
470.4	2.5277e-06
470.42	2.52107e-06
470.44	2.51452e-06
470.46	2.50805e-06
470.48	2.50165e-06
470.5	2.49534e-06
470.52	2.4891e-06
470.54	2.48294e-06
470.56	2.47687e-06
470.58	2.47087e-06
470.6	2.46495e-06
470.62	2.45912e-06
470.64	2.45337e-06
470.66	2.4477e-06
470.68	2.44211e-06
470.7	2.43661e-06
470.72	2.43119e-06
470.74	2.42586e-06
470.76	2.42062e-06
470.78	2.41546e-06
470.8	2.41039e-06
470.82	2.4054e-06
470.84	2.40051e-06
470.86	2.39571e-06
470.88	2.39101e-06
470.9	2.38639e-06
470.92	2.38187e-06
470.94	2.37745e-06
470.96	2.37313e-06
470.98	2.3689e-06
471	2.36478e-06
471.02	2.36076e-06
471.04	2.35685e-06
471.06	2.35304e-06
471.08	2.34934e-06
471.1	2.34576e-06
471.12	2.34229e-06
471.14	2.33894e-06
471.16	2.33571e-06
471.18	2.3326e-06
471.2	2.32962e-06
471.22	2.32677e-06
471.24	2.32406e-06
471.26	2.32149e-06
471.28	2.31906e-06
471.3	2.31678e-06
471.32	2.31466e-06
471.34	2.31271e-06
471.36	2.31092e-06
471.38	2.30931e-06
471.4	2.30789e-06
471.42	2.30667e-06
471.44	2.30566e-06
471.46	2.30486e-06
471.48	2.30431e-06
471.5	2.304e-06
471.52	2.30397e-06
471.54	2.30423e-06
471.56	2.30481e-06
471.58	2.30574e-06
471.6	2.30705e-06
471.62	2.30879e-06
471.64	2.31101e-06
471.66	2.31378e-06
471.68	2.31718e-06
471.7	2.32133e-06
471.72	2.32638e-06
471.74	2.33253e-06
471.76	2.3401e-06
471.78	2.34955e-06
471.8	2.36169e-06
471.82	2.37799e-06
471.84	2.40159e-06
471.86	2.44001e-06
471.88	2.51129e-06
471.9	2.6521e-06
471.92	2.90984e-06
471.94	3.32546e-06
471.96	3.96924e-06
471.98	4.9713e-06
472	6.48347e-06
472.02	8.66707e-06
472.04	1.1746e-05
472.06	1.6008e-05
472.08	2.17065e-05
472.1	2.89393e-05
472.12	3.75479e-05
472.14	4.71064e-05
472.16	5.70813e-05
472.18	6.70163e-05
472.2	7.65912e-05
472.22	8.55992e-05
472.24	9.39199e-05
472.26	0.000101505
472.28	0.000108366
472.3	0.00011455
472.32	0.000120122
472.34	0.00012515
472.36	0.0001297
472.38	0.000133831
472.4	0.000137594
472.42	0.000141036
472.44	0.000144196
472.46	0.000147107
472.48	0.000149798
472.5	0.000152295
472.52	0.000154618
472.54	0.000156785
472.56	0.000158812
472.58	0.000160712
472.6	0.000162495
472.62	0.000164172
472.64	0.000165751
472.66	0.000167239
472.68	0.000168642
472.7	0.000169966
472.72	0.000171217
472.74	0.000172397
472.76	0.000173512
472.78	0.000174566
472.8	0.00017556
472.82	0.000176499
472.84	0.000177386
472.86	0.000178222
472.88	0.000179011
472.9	0.000179754
472.92	0.000180454
472.94	0.000181112
472.96	0.000181731
472.98	0.000182312
473	0.000182856
473.02	0.000183366
473.04	0.000183843
473.06	0.000184287
473.08	0.0001847
473.1	0.000185083
473.12	0.000185438
473.14	0.000185764
473.16	0.000186064
473.18	0.000186337
473.2	0.000186585
473.22	0.000186807
473.24	0.000187006
473.26	0.000187181
473.28	0.000187333
473.3	0.000187462
473.32	0.000187569
473.34	0.000187654
473.36	0.000187718
473.38	0.00018776
473.4	0.000187782
473.42	0.000187783
473.44	0.000187764
473.46	0.000187725
473.48	0.000187666
473.5	0.000187588
473.52	0.00018749
473.54	0.000187373
473.56	0.000187237
473.58	0.000187082
473.6	0.000186908
473.62	0.000186716
473.64	0.000186506
473.66	0.000186277
473.68	0.000186031
473.7	0.000185766
473.72	0.000185485
473.74	0.000185185
473.76	0.000184869
473.78	0.000184536
473.8	0.000184185
473.82	0.000183818
473.84	0.000183435
473.86	0.000183036
473.88	0.000182621
473.9	0.00018219
473.92	0.000181744
473.94	0.000181282
473.96	0.000180806
473.98	0.000180315
474	0.00017981
474.02	0.00017929
474.04	0.000178757
474.06	0.000178211
474.08	0.000177651
474.1	0.000177078
474.12	0.000176493
474.14	0.000175895
474.16	0.000175286
474.18	0.000174665
474.2	0.000174033
474.22	0.000173389
474.24	0.000172735
474.26	0.000172071
474.28	0.000171397
474.3	0.000170713
474.32	0.00017002
474.34	0.000169318
474.36	0.000168607
474.38	0.000167887
474.4	0.00016716
474.42	0.000166425
474.44	0.000165683
474.46	0.000164933
474.48	0.000164177
474.5	0.000163415
474.52	0.000162646
474.54	0.000161872
474.56	0.000161092
474.58	0.000160307
474.6	0.000159517
474.62	0.000158722
474.64	0.000157923
474.66	0.00015712
474.68	0.000156313
474.7	0.000155503
474.72	0.000154689
474.74	0.000153872
474.76	0.000153053
474.78	0.000152231
474.8	0.000151407
474.82	0.000150581
474.84	0.000149753
474.86	0.000148924
474.88	0.000148093
474.9	0.000147262
474.92	0.000146429
474.94	0.000145596
474.96	0.000144762
474.98	0.000143928
475	0.000143093
475.02	0.000142259
475.04	0.000141425
475.06	0.000140592
475.08	0.000139759
475.1	0.000138927
475.12	0.000138096
475.14	0.000137266
475.16	0.000136437
475.18	0.000135609
475.2	0.000134783
475.22	0.000133959
475.24	0.000133136
475.26	0.000132316
475.28	0.000131497
475.3	0.00013068
475.32	0.000129866
475.34	0.000129054
475.36	0.000128244
475.38	0.000127437
475.4	0.000126632
475.42	0.00012583
475.44	0.000125031
475.46	0.000124235
475.48	0.000123442
475.5	0.000122652
475.52	0.000121865
475.54	0.000121081
475.56	0.0001203
475.58	0.000119523
475.6	0.000118749
475.62	0.000117978
475.64	0.000117211
475.66	0.000116448
475.68	0.000115688
475.7	0.000114931
475.72	0.000114178
475.74	0.000113429
475.76	0.000112684
475.78	0.000111942
475.8	0.000111205
475.82	0.000110471
475.84	0.000109741
475.86	0.000109014
475.88	0.000108292
475.9	0.000107574
475.92	0.000106859
475.94	0.000106149
475.96	0.000105442
475.98	0.00010474
476	0.000104041
476.02	0.000103347
476.04	0.000102657
476.06	0.00010197
476.08	0.000101288
476.1	0.00010061
476.12	9.99356e-05
476.14	9.92655e-05
476.16	9.85994e-05
476.18	9.79374e-05
476.2	9.72795e-05
476.22	9.66257e-05
476.24	9.5976e-05
476.26	9.53303e-05
476.28	9.46886e-05
476.3	9.40511e-05
476.32	9.34175e-05
476.34	9.2788e-05
476.36	9.21626e-05
476.38	9.15412e-05
476.4	9.09238e-05
476.42	9.03104e-05
476.44	8.9701e-05
476.46	8.90956e-05
476.48	8.84942e-05
476.5	8.78967e-05
476.52	8.73032e-05
476.54	8.67137e-05
476.56	8.6128e-05
476.58	8.55463e-05
476.6	8.49685e-05
476.62	8.43945e-05
476.64	8.38244e-05
476.66	8.32582e-05
476.68	8.26958e-05
476.7	8.21372e-05
476.72	8.15824e-05
476.74	8.10314e-05
476.76	8.04841e-05
476.78	7.99406e-05
476.8	7.94008e-05
476.82	7.88648e-05
476.84	7.83324e-05
476.86	7.78037e-05
476.88	7.72786e-05
476.9	7.67572e-05
476.92	7.62393e-05
476.94	7.57251e-05
476.96	7.52144e-05
476.98	7.47073e-05
477	7.42038e-05
477.02	7.37037e-05
477.04	7.32071e-05
477.06	7.2714e-05
477.08	7.22243e-05
477.1	7.17381e-05
477.12	7.12553e-05
477.14	7.07758e-05
477.16	7.02998e-05
477.18	6.9827e-05
477.2	6.93576e-05
477.22	6.88915e-05
477.24	6.84287e-05
477.26	6.79691e-05
477.28	6.75128e-05
477.3	6.70597e-05
477.32	6.66098e-05
477.34	6.61631e-05
477.36	6.57195e-05
477.38	6.52791e-05
477.4	6.48417e-05
477.42	6.44075e-05
477.44	6.39763e-05
477.46	6.35482e-05
477.48	6.31231e-05
477.5	6.27011e-05
477.52	6.2282e-05
477.54	6.18659e-05
477.56	6.14527e-05
477.58	6.10424e-05
477.6	6.06351e-05
477.62	6.02307e-05
477.64	5.98291e-05
477.66	5.94303e-05
477.68	5.90344e-05
477.7	5.86413e-05
477.72	5.8251e-05
477.74	5.78635e-05
477.76	5.74787e-05
477.78	5.70966e-05
477.8	5.67172e-05
477.82	5.63405e-05
477.84	5.59665e-05
477.86	5.55952e-05
477.88	5.52264e-05
477.9	5.48603e-05
477.92	5.44968e-05
477.94	5.41359e-05
477.96	5.37775e-05
477.98	5.34216e-05
478	5.30683e-05
478.02	5.27174e-05
478.04	5.23691e-05
478.06	5.20232e-05
478.08	5.16798e-05
478.1	5.13387e-05
478.12	5.10001e-05
478.14	5.06639e-05
478.16	5.03301e-05
478.18	4.99986e-05
478.2	4.96695e-05
478.22	4.93427e-05
478.24	4.90182e-05
478.26	4.86959e-05
478.28	4.8376e-05
478.3	4.80583e-05
478.32	4.77429e-05
478.34	4.74296e-05
478.36	4.71186e-05
478.38	4.68098e-05
478.4	4.65031e-05
478.42	4.61986e-05
478.44	4.58963e-05
478.46	4.5596e-05
478.48	4.52979e-05
478.5	4.50019e-05
478.52	4.4708e-05
478.54	4.44161e-05
478.56	4.41263e-05
478.58	4.38385e-05
478.6	4.35527e-05
478.62	4.32689e-05
478.64	4.29871e-05
478.66	4.27073e-05
478.68	4.24295e-05
478.7	4.21536e-05
478.72	4.18796e-05
478.74	4.16075e-05
478.76	4.13374e-05
478.78	4.10691e-05
478.8	4.08027e-05
478.82	4.05382e-05
478.84	4.02755e-05
478.86	4.00147e-05
478.88	3.97556e-05
478.9	3.94984e-05
478.92	3.9243e-05
478.94	3.89894e-05
478.96	3.87375e-05
478.98	3.84873e-05
479	3.8239e-05
479.02	3.79923e-05
479.04	3.77474e-05
479.06	3.75041e-05
479.08	3.72626e-05
479.1	3.70227e-05
479.12	3.67845e-05
479.14	3.65479e-05
479.16	3.6313e-05
479.18	3.60798e-05
479.2	3.58481e-05
479.22	3.5618e-05
479.24	3.53896e-05
479.26	3.51627e-05
479.28	3.49374e-05
479.3	3.47136e-05
479.32	3.44914e-05
479.34	3.42707e-05
479.36	3.40516e-05
479.38	3.3834e-05
479.4	3.36178e-05
479.42	3.34032e-05
479.44	3.31901e-05
479.46	3.29784e-05
479.48	3.27682e-05
479.5	3.25594e-05
479.52	3.2352e-05
479.54	3.21461e-05
479.56	3.19416e-05
479.58	3.17386e-05
479.6	3.15369e-05
479.62	3.13366e-05
479.64	3.11376e-05
479.66	3.09401e-05
479.68	3.07439e-05
479.7	3.0549e-05
479.72	3.03555e-05
479.74	3.01633e-05
479.76	2.99725e-05
479.78	2.97829e-05
479.8	2.95946e-05
479.82	2.94077e-05
479.84	2.9222e-05
479.86	2.90375e-05
479.88	2.88544e-05
479.9	2.86725e-05
479.92	2.84918e-05
479.94	2.83124e-05
479.96	2.81342e-05
479.98	2.79572e-05
480	2.77814e-05
480.02	2.76068e-05
480.04	2.74334e-05
480.06	2.72612e-05
480.08	2.70902e-05
480.1	2.69203e-05
480.12	2.67516e-05
480.14	2.6584e-05
480.16	2.64176e-05
480.18	2.62523e-05
480.2	2.60882e-05
480.22	2.59251e-05
480.24	2.57632e-05
480.26	2.56023e-05
480.28	2.54426e-05
480.3	2.52839e-05
480.32	2.51263e-05
480.34	2.49698e-05
480.36	2.48144e-05
480.38	2.466e-05
480.4	2.45066e-05
480.42	2.43543e-05
480.44	2.4203e-05
480.46	2.40527e-05
480.48	2.39035e-05
480.5	2.37552e-05
480.52	2.3608e-05
480.54	2.34618e-05
480.56	2.33165e-05
480.58	2.31723e-05
480.6	2.3029e-05
480.62	2.28866e-05
480.64	2.27453e-05
480.66	2.26049e-05
480.68	2.24654e-05
480.7	2.23269e-05
480.72	2.21893e-05
480.74	2.20526e-05
480.76	2.19169e-05
480.78	2.1782e-05
480.8	2.16481e-05
480.82	2.15151e-05
480.84	2.1383e-05
480.86	2.12517e-05
480.88	2.11214e-05
480.9	2.09919e-05
480.92	2.08633e-05
480.94	2.07355e-05
480.96	2.06086e-05
480.98	2.04826e-05
481	2.03574e-05
481.02	2.0233e-05
481.04	2.01095e-05
481.06	1.99868e-05
481.08	1.9865e-05
481.1	1.97439e-05
481.12	1.96237e-05
481.14	1.95042e-05
481.16	1.93856e-05
481.18	1.92677e-05
481.2	1.91507e-05
481.22	1.90344e-05
481.24	1.89189e-05
481.26	1.88042e-05
481.28	1.86902e-05
481.3	1.8577e-05
481.32	1.84646e-05
481.34	1.83529e-05
481.36	1.82419e-05
481.38	1.81317e-05
481.4	1.80222e-05
481.42	1.79135e-05
481.44	1.78054e-05
481.46	1.76981e-05
481.48	1.75915e-05
481.5	1.74857e-05
481.52	1.73805e-05
481.54	1.7276e-05
481.56	1.71722e-05
481.58	1.70691e-05
481.6	1.69667e-05
481.62	1.6865e-05
481.64	1.67639e-05
481.66	1.66636e-05
481.68	1.65638e-05
481.7	1.64648e-05
481.72	1.63664e-05
481.74	1.62686e-05
481.76	1.61715e-05
481.78	1.60751e-05
481.8	1.59793e-05
481.82	1.58841e-05
481.84	1.57895e-05
481.86	1.56956e-05
481.88	1.56023e-05
481.9	1.55096e-05
481.92	1.54176e-05
481.94	1.53261e-05
481.96	1.52352e-05
481.98	1.5145e-05
482	1.50553e-05
482.02	1.49662e-05
482.04	1.48778e-05
482.06	1.47899e-05
482.08	1.47025e-05
482.1	1.46158e-05
482.12	1.45296e-05
482.14	1.4444e-05
482.16	1.4359e-05
482.18	1.42745e-05
482.2	1.41906e-05
482.22	1.41072e-05
482.24	1.40244e-05
482.26	1.39421e-05
482.28	1.38604e-05
482.3	1.37792e-05
482.32	1.36985e-05
482.34	1.36184e-05
482.36	1.35387e-05
482.38	1.34597e-05
482.4	1.33811e-05
482.42	1.3303e-05
482.44	1.32255e-05
482.46	1.31485e-05
482.48	1.30719e-05
482.5	1.29959e-05
482.52	1.29204e-05
482.54	1.28454e-05
482.56	1.27708e-05
482.58	1.26968e-05
482.6	1.26232e-05
482.62	1.25501e-05
482.64	1.24775e-05
482.66	1.24054e-05
482.68	1.23337e-05
482.7	1.22625e-05
482.72	1.21918e-05
482.74	1.21215e-05
482.76	1.20517e-05
482.78	1.19824e-05
482.8	1.19135e-05
482.82	1.1845e-05
482.84	1.1777e-05
482.86	1.17095e-05
482.88	1.16423e-05
482.9	1.15757e-05
482.92	1.15094e-05
482.94	1.14436e-05
482.96	1.13782e-05
482.98	1.13133e-05
483	1.12487e-05
483.02	1.11846e-05
483.04	1.11209e-05
483.06	1.10576e-05
483.08	1.09947e-05
483.1	1.09323e-05
483.12	1.08702e-05
483.14	1.08085e-05
483.16	1.07473e-05
483.18	1.06864e-05
483.2	1.0626e-05
483.22	1.05659e-05
483.24	1.05062e-05
483.26	1.04469e-05
483.28	1.0388e-05
483.3	1.03295e-05
483.32	1.02713e-05
483.34	1.02136e-05
483.36	1.01562e-05
483.38	1.00991e-05
483.4	1.00425e-05
483.42	9.98618e-06
483.44	9.93025e-06
483.46	9.87469e-06
483.48	9.81948e-06
483.5	9.76463e-06
483.52	9.71014e-06
483.54	9.65599e-06
483.56	9.6022e-06
483.58	9.54876e-06
483.6	9.49565e-06
483.62	9.4429e-06
483.64	9.39048e-06
483.66	9.3384e-06
483.68	9.28666e-06
483.7	9.23525e-06
483.72	9.18417e-06
483.74	9.13342e-06
483.76	9.083e-06
483.78	9.03291e-06
483.8	8.98313e-06
483.82	8.93368e-06
483.84	8.88454e-06
483.86	8.83572e-06
483.88	8.78722e-06
483.9	8.73903e-06
483.92	8.69115e-06
483.94	8.64357e-06
483.96	8.5963e-06
483.98	8.54934e-06
484	8.50267e-06
484.02	8.45631e-06
484.04	8.41025e-06
484.06	8.36448e-06
484.08	8.319e-06
484.1	8.27382e-06
484.12	8.22893e-06
484.14	8.18432e-06
484.16	8.14e-06
484.18	8.09597e-06
484.2	8.05221e-06
484.22	8.00874e-06
484.24	7.96555e-06
484.26	7.92263e-06
484.28	7.87999e-06
484.3	7.83762e-06
484.32	7.79553e-06
484.34	7.7537e-06
484.36	7.71214e-06
484.38	7.67085e-06
484.4	7.62982e-06
484.42	7.58905e-06
484.44	7.54854e-06
484.46	7.5083e-06
484.48	7.46831e-06
484.5	7.42857e-06
484.52	7.38909e-06
484.54	7.34986e-06
484.56	7.31089e-06
484.58	7.27216e-06
484.6	7.23368e-06
484.62	7.19544e-06
484.64	7.15745e-06
484.66	7.1197e-06
484.68	7.08219e-06
484.7	7.04493e-06
484.72	7.0079e-06
484.74	6.9711e-06
484.76	6.93454e-06
484.78	6.89821e-06
484.8	6.86212e-06
484.82	6.82625e-06
484.84	6.79062e-06
484.86	6.75521e-06
484.88	6.72003e-06
484.9	6.68507e-06
484.92	6.65033e-06
484.94	6.61581e-06
484.96	6.58152e-06
484.98	6.54744e-06
485	6.51358e-06
485.02	6.47994e-06
485.04	6.4465e-06
485.06	6.41329e-06
485.08	6.38028e-06
485.1	6.34748e-06
485.12	6.3149e-06
485.14	6.28252e-06
485.16	6.25034e-06
485.18	6.21837e-06
485.2	6.18661e-06
485.22	6.15504e-06
485.24	6.12368e-06
485.26	6.09251e-06
485.28	6.06155e-06
485.3	6.03078e-06
485.32	6.00021e-06
485.34	5.96983e-06
485.36	5.93964e-06
485.38	5.90965e-06
485.4	5.87985e-06
485.42	5.85023e-06
485.44	5.82081e-06
485.46	5.79157e-06
485.48	5.76252e-06
485.5	5.73365e-06
485.52	5.70496e-06
485.54	5.67646e-06
485.56	5.64814e-06
485.58	5.62e-06
485.6	5.59204e-06
485.62	5.56425e-06
485.64	5.53665e-06
485.66	5.50921e-06
485.68	5.48196e-06
485.7	5.45487e-06
485.72	5.42796e-06
485.74	5.40122e-06
485.76	5.37465e-06
485.78	5.34825e-06
485.8	5.32201e-06
485.82	5.29594e-06
485.84	5.27004e-06
485.86	5.24431e-06
485.88	5.21873e-06
485.9	5.19332e-06
485.92	5.16807e-06
485.94	5.14299e-06
485.96	5.11806e-06
485.98	5.09329e-06
486	5.06868e-06
486.02	5.04422e-06
486.04	5.01992e-06
486.06	4.99578e-06
486.08	4.97179e-06
486.1	4.94795e-06
486.12	4.92426e-06
486.14	4.90073e-06
486.16	4.87734e-06
486.18	4.85411e-06
486.2	4.83102e-06
486.22	4.80808e-06
486.24	4.78529e-06
486.26	4.76264e-06
486.28	4.74013e-06
486.3	4.71777e-06
486.32	4.69556e-06
486.34	4.67348e-06
486.36	4.65155e-06
486.38	4.62975e-06
486.4	4.6081e-06
486.42	4.58658e-06
486.44	4.5652e-06
486.46	4.54396e-06
486.48	4.52286e-06
486.5	4.50189e-06
486.52	4.48105e-06
486.54	4.46035e-06
486.56	4.43978e-06
486.58	4.41934e-06
486.6	4.39904e-06
486.62	4.37886e-06
486.64	4.35881e-06
486.66	4.3389e-06
486.68	4.31911e-06
486.7	4.29945e-06
486.72	4.27991e-06
486.74	4.2605e-06
486.76	4.24122e-06
486.78	4.22206e-06
486.8	4.20302e-06
486.82	4.18411e-06
486.84	4.16532e-06
486.86	4.14665e-06
486.88	4.1281e-06
486.9	4.10967e-06
486.92	4.09137e-06
486.94	4.07318e-06
486.96	4.0551e-06
486.98	4.03715e-06
487	4.01931e-06
487.02	4.00159e-06
487.04	3.98398e-06
487.06	3.96649e-06
487.08	3.94911e-06
487.1	3.93185e-06
487.12	3.91469e-06
487.14	3.89765e-06
487.16	3.88072e-06
487.18	3.86391e-06
487.2	3.8472e-06
487.22	3.8306e-06
487.24	3.81411e-06
487.26	3.79773e-06
487.28	3.78146e-06
487.3	3.76529e-06
487.32	3.74923e-06
487.34	3.73328e-06
487.36	3.71743e-06
487.38	3.70169e-06
487.4	3.68605e-06
487.42	3.67052e-06
487.44	3.65509e-06
487.46	3.63976e-06
487.48	3.62453e-06
487.5	3.60941e-06
487.52	3.59438e-06
487.54	3.57946e-06
487.56	3.56463e-06
487.58	3.54991e-06
487.6	3.53528e-06
487.62	3.52076e-06
487.64	3.50633e-06
487.66	3.49199e-06
487.68	3.47776e-06
487.7	3.46362e-06
487.72	3.44958e-06
487.74	3.43563e-06
487.76	3.42178e-06
487.78	3.40802e-06
487.8	3.39435e-06
487.82	3.38078e-06
487.84	3.36731e-06
487.86	3.35392e-06
487.88	3.34063e-06
487.9	3.32743e-06
487.92	3.31432e-06
487.94	3.3013e-06
487.96	3.28837e-06
487.98	3.27553e-06
488	3.26278e-06
488.02	3.25012e-06
488.04	3.23755e-06
488.06	3.22507e-06
488.08	3.21267e-06
488.1	3.20036e-06
488.12	3.18814e-06
488.14	3.17601e-06
488.16	3.16396e-06
488.18	3.152e-06
488.2	3.14013e-06
488.22	3.12834e-06
488.24	3.11663e-06
488.26	3.10501e-06
488.28	3.09347e-06
488.3	3.08202e-06
488.32	3.07065e-06
488.34	3.05937e-06
488.36	3.04816e-06
488.38	3.03704e-06
488.4	3.02601e-06
488.42	3.01505e-06
488.44	3.00418e-06
488.46	2.99338e-06
488.48	2.98267e-06
488.5	2.97204e-06
488.52	2.96149e-06
488.54	2.95102e-06
488.56	2.94063e-06
488.58	2.93032e-06
488.6	2.92009e-06
488.62	2.90994e-06
488.64	2.89987e-06
488.66	2.88987e-06
488.68	2.87996e-06
488.7	2.87012e-06
488.72	2.86036e-06
488.74	2.85068e-06
488.76	2.84108e-06
488.78	2.83155e-06
488.8	2.82211e-06
488.82	2.81273e-06
488.84	2.80344e-06
488.86	2.79422e-06
488.88	2.78508e-06
488.9	2.77602e-06
488.92	2.76703e-06
488.94	2.75812e-06
488.96	2.74929e-06
488.98	2.74053e-06
489	2.73185e-06
489.02	2.72324e-06
489.04	2.71471e-06
489.06	2.70625e-06
489.08	2.69787e-06
489.1	2.68957e-06
489.12	2.68134e-06
489.14	2.67318e-06
489.16	2.66511e-06
489.18	2.6571e-06
489.2	2.64918e-06
489.22	2.64133e-06
489.24	2.63355e-06
489.26	2.62585e-06
489.28	2.61822e-06
489.3	2.61068e-06
489.32	2.6032e-06
489.34	2.5958e-06
489.36	2.58848e-06
489.38	2.58124e-06
489.4	2.57407e-06
489.42	2.56698e-06
489.44	2.55996e-06
489.46	2.55302e-06
489.48	2.54616e-06
489.5	2.53937e-06
489.52	2.53266e-06
489.54	2.52603e-06
489.56	2.51948e-06
489.58	2.513e-06
489.6	2.50661e-06
489.62	2.50029e-06
489.64	2.49405e-06
489.66	2.4879e-06
489.68	2.48182e-06
489.7	2.47582e-06
489.72	2.46991e-06
489.74	2.46407e-06
489.76	2.45832e-06
489.78	2.45265e-06
489.8	2.44707e-06
489.82	2.44157e-06
489.84	2.43615e-06
489.86	2.43083e-06
489.88	2.42558e-06
489.9	2.42043e-06
489.92	2.41536e-06
489.94	2.41038e-06
489.96	2.4055e-06
489.98	2.4007e-06
490	2.396e-06
490.02	2.3914e-06
490.04	2.38688e-06
490.06	2.38247e-06
490.08	2.37815e-06
490.1	2.37394e-06
490.12	2.36983e-06
490.14	2.36582e-06
490.16	2.36191e-06
490.18	2.35812e-06
490.2	2.35443e-06
490.22	2.35086e-06
490.24	2.34741e-06
490.26	2.34407e-06
490.28	2.34086e-06
490.3	2.33777e-06
490.32	2.33481e-06
490.34	2.33198e-06
490.36	2.32929e-06
490.38	2.32674e-06
490.4	2.32433e-06
490.42	2.32208e-06
490.44	2.31999e-06
490.46	2.31806e-06
490.48	2.31631e-06
490.5	2.31474e-06
490.52	2.31336e-06
490.54	2.31217e-06
490.56	2.3112e-06
490.58	2.31046e-06
490.6	2.30995e-06
490.62	2.3097e-06
490.64	2.30973e-06
490.66	2.31006e-06
490.68	2.31072e-06
490.7	2.31173e-06
490.72	2.31313e-06
490.74	2.31498e-06
490.76	2.31732e-06
490.78	2.32024e-06
490.8	2.32381e-06
490.82	2.32816e-06
490.84	2.33346e-06
490.86	2.33992e-06
490.88	2.34789e-06
490.9	2.35791e-06
490.92	2.37089e-06
490.94	2.38857e-06
490.96	2.41479e-06
490.98	2.45891e-06
491	2.54255e-06
491.02	2.70778e-06
491.04	3.00097e-06
491.06	3.46369e-06
491.08	4.18165e-06
491.1	5.29469e-06
491.12	6.95501e-06
491.14	9.33388e-06
491.16	1.26746e-05
491.18	1.72683e-05
491.2	2.33419e-05
491.22	3.09401e-05
491.24	3.98351e-05
491.26	4.95552e-05
491.28	5.95717e-05
491.3	6.94594e-05
491.32	7.89278e-05
491.34	8.77923e-05
491.36	9.59506e-05
491.38	0.00010337
491.4	0.000110073
491.42	0.000116112
491.44	0.000121555
491.46	0.000126469
491.48	0.000130919
491.5	0.000134963
491.52	0.00013865
491.54	0.000142026
491.56	0.000145126
491.58	0.000147986
491.6	0.000150632
491.62	0.000153088
491.64	0.000155375
491.66	0.000157511
491.68	0.000159509
491.7	0.000161382
491.72	0.000163142
491.74	0.000164797
491.76	0.000166355
491.78	0.000167824
491.8	0.00016921
491.82	0.000170518
491.84	0.000171754
491.86	0.00017292
491.88	0.000174022
491.9	0.000175062
491.92	0.000176045
491.94	0.000176973
491.96	0.000177849
491.98	0.000178675
492	0.000179454
492.02	0.000180188
492.04	0.000180879
492.06	0.000181529
492.08	0.00018214
492.1	0.000182714
492.12	0.000183251
492.14	0.000183754
492.16	0.000184223
492.18	0.000184661
492.2	0.000185068
492.22	0.000185445
492.24	0.000185794
492.26	0.000186115
492.28	0.000186409
492.3	0.000186677
492.32	0.000186919
492.34	0.000187137
492.36	0.00018733
492.38	0.0001875
492.4	0.000187647
492.42	0.000187772
492.44	0.000187874
492.46	0.000187955
492.48	0.000188014
492.5	0.000188052
492.52	0.000188069
492.54	0.000188066
492.56	0.000188042
492.58	0.000187999
492.6	0.000187935
492.62	0.000187853
492.64	0.00018775
492.66	0.000187629
492.68	0.000187488
492.7	0.000187329
492.72	0.000187151
492.74	0.000186955
492.76	0.00018674
492.78	0.000186507
492.8	0.000186257
492.82	0.000185988
492.84	0.000185702
492.86	0.000185399
492.88	0.000185078
492.9	0.00018474
492.92	0.000184386
492.94	0.000184015
492.96	0.000183628
492.98	0.000183224
493	0.000182805
493.02	0.00018237
493.04	0.00018192
493.06	0.000181454
493.08	0.000180974
493.1	0.000180479
493.12	0.00017997
493.14	0.000179447
493.16	0.00017891
493.18	0.00017836
493.2	0.000177796
493.22	0.00017722
493.24	0.000176631
493.26	0.00017603
493.28	0.000175417
493.3	0.000174793
493.32	0.000174157
493.34	0.000173511
493.36	0.000172853
493.38	0.000172186
493.4	0.000171509
493.42	0.000170822
493.44	0.000170125
493.46	0.00016942
493.48	0.000168706
493.5	0.000167984
493.52	0.000167254
493.54	0.000166517
493.56	0.000165772
493.58	0.00016502
493.6	0.000164261
493.62	0.000163496
493.64	0.000162725
493.66	0.000161948
493.68	0.000161166
493.7	0.000160379
493.72	0.000159587
493.74	0.00015879
493.76	0.000157989
493.78	0.000157184
493.8	0.000156375
493.82	0.000155563
493.84	0.000154747
493.86	0.000153929
493.88	0.000153108
493.9	0.000152284
493.92	0.000151459
493.94	0.000150631
493.96	0.000149802
493.98	0.000148971
494	0.000148139
494.02	0.000147305
494.04	0.000146471
494.06	0.000145637
494.08	0.000144802
494.1	0.000143966
494.12	0.000143131
494.14	0.000142296
494.16	0.000141461
494.18	0.000140626
494.2	0.000139792
494.22	0.000138959
494.24	0.000138127
494.26	0.000137296
494.28	0.000136466
494.3	0.000135638
494.32	0.000134811
494.34	0.000133986
494.36	0.000133163
494.38	0.000132341
494.4	0.000131522
494.42	0.000130704
494.44	0.000129889
494.46	0.000129076
494.48	0.000128266
494.5	0.000127458
494.52	0.000126653
494.54	0.000125851
494.56	0.000125051
494.58	0.000124255
494.6	0.000123461
494.62	0.000122671
494.64	0.000121883
494.66	0.000121099
494.68	0.000120318
494.7	0.00011954
494.72	0.000118766
494.74	0.000117995
494.76	0.000117227
494.78	0.000116463
494.8	0.000115703
494.82	0.000114946
494.84	0.000114193
494.86	0.000113444
494.88	0.000112698
494.9	0.000111956
494.92	0.000111218
494.94	0.000110484
494.96	0.000109754
494.98	0.000109028
495	0.000108305
495.02	0.000107587
495.04	0.000106872
495.06	0.000106161
495.08	0.000105455
495.1	0.000104752
495.12	0.000104053
495.14	0.000103359
495.16	0.000102668
495.18	0.000101982
495.2	0.0001013
495.22	0.000100621
495.24	9.99469e-05
495.26	9.92767e-05
495.28	9.86106e-05
495.3	9.79485e-05
495.32	9.72906e-05
495.34	9.66367e-05
495.36	9.59869e-05
495.38	9.53411e-05
495.4	9.46994e-05
495.42	9.40618e-05
495.44	9.34282e-05
495.46	9.27987e-05
495.48	9.21732e-05
495.5	9.15517e-05
495.52	9.09343e-05
495.54	9.03209e-05
495.56	8.97115e-05
495.58	8.91061e-05
495.6	8.85046e-05
495.62	8.79071e-05
495.64	8.73136e-05
495.66	8.6724e-05
495.68	8.61384e-05
495.7	8.55567e-05
495.72	8.49788e-05
495.74	8.44048e-05
495.76	8.38348e-05
495.78	8.32685e-05
495.8	8.27061e-05
495.82	8.21475e-05
495.84	8.15927e-05
495.86	8.10417e-05
495.88	8.04945e-05
495.9	7.9951e-05
495.92	7.94112e-05
495.94	7.88751e-05
495.96	7.83427e-05
495.98	7.7814e-05
496	7.7289e-05
496.02	7.67676e-05
496.04	7.62497e-05
496.06	7.57355e-05
496.08	7.52249e-05
496.1	7.47178e-05
496.12	7.42142e-05
496.14	7.37141e-05
496.16	7.32176e-05
496.18	7.27245e-05
496.2	7.22348e-05
496.22	7.17486e-05
496.24	7.12658e-05
496.26	7.07864e-05
496.28	7.03103e-05
496.3	6.98376e-05
496.32	6.93682e-05
496.34	6.89021e-05
496.36	6.84393e-05
496.38	6.79798e-05
496.4	6.75235e-05
496.42	6.70704e-05
496.44	6.66205e-05
496.46	6.61738e-05
496.48	6.57302e-05
496.5	6.52898e-05
496.52	6.48525e-05
496.54	6.44182e-05
496.56	6.39871e-05
496.58	6.3559e-05
496.6	6.31339e-05
496.62	6.27118e-05
496.64	6.22928e-05
496.66	6.18767e-05
496.68	6.14635e-05
496.7	6.10533e-05
496.72	6.0646e-05
496.74	6.02415e-05
496.76	5.984e-05
496.78	5.94412e-05
496.8	5.90453e-05
496.82	5.86522e-05
496.84	5.82619e-05
496.86	5.78744e-05
496.88	5.74896e-05
496.9	5.71075e-05
496.92	5.67282e-05
496.94	5.63515e-05
496.96	5.59775e-05
496.98	5.56061e-05
497	5.52374e-05
497.02	5.48713e-05
497.04	5.45078e-05
497.06	5.41469e-05
497.08	5.37885e-05
497.1	5.34326e-05
497.12	5.30793e-05
497.14	5.27285e-05
497.16	5.23801e-05
497.18	5.20342e-05
497.2	5.16908e-05
497.22	5.13498e-05
497.24	5.10112e-05
497.26	5.0675e-05
497.28	5.03411e-05
497.3	5.00097e-05
497.32	4.96805e-05
497.34	4.93537e-05
497.36	4.90292e-05
497.38	4.8707e-05
497.4	4.8387e-05
497.42	4.80693e-05
497.44	4.77539e-05
497.46	4.74407e-05
497.48	4.71297e-05
497.5	4.68208e-05
497.52	4.65142e-05
497.54	4.62097e-05
497.56	4.59073e-05
497.58	4.56071e-05
497.6	4.5309e-05
497.62	4.50129e-05
497.64	4.4719e-05
497.66	4.44271e-05
497.68	4.41373e-05
497.7	4.38495e-05
497.72	4.35637e-05
497.74	4.32799e-05
497.76	4.29981e-05
497.78	4.27183e-05
497.8	4.24404e-05
497.82	4.21645e-05
497.84	4.18906e-05
497.86	4.16185e-05
497.88	4.13483e-05
497.9	4.10801e-05
497.92	4.08137e-05
497.94	4.05491e-05
497.96	4.02864e-05
497.98	4.00256e-05
498	3.97665e-05
498.02	3.95093e-05
498.04	3.92539e-05
498.06	3.90002e-05
498.08	3.87483e-05
498.1	3.84982e-05
498.12	3.82498e-05
498.14	3.80031e-05
498.16	3.77582e-05
498.18	3.75149e-05
498.2	3.72734e-05
498.22	3.70335e-05
498.24	3.67953e-05
498.26	3.65587e-05
498.28	3.63238e-05
498.3	3.60905e-05
498.32	3.58588e-05
498.34	3.56288e-05
498.36	3.54003e-05
498.38	3.51734e-05
498.4	3.49481e-05
498.42	3.47243e-05
498.44	3.45021e-05
498.46	3.42814e-05
498.48	3.40622e-05
498.5	3.38446e-05
498.52	3.36285e-05
498.54	3.34138e-05
498.56	3.32006e-05
498.58	3.29889e-05
498.6	3.27787e-05
498.62	3.25699e-05
498.64	3.23626e-05
498.66	3.21566e-05
498.68	3.19521e-05
498.7	3.1749e-05
498.72	3.15473e-05
498.74	3.1347e-05
498.76	3.11481e-05
498.78	3.09505e-05
498.8	3.07543e-05
498.82	3.05594e-05
498.84	3.03659e-05
498.86	3.01737e-05
498.88	2.99828e-05
498.9	2.97932e-05
498.92	2.96049e-05
498.94	2.94179e-05
498.96	2.92322e-05
498.98	2.90478e-05
499	2.88646e-05
499.02	2.86827e-05
499.04	2.8502e-05
499.06	2.83226e-05
499.08	2.81443e-05
499.1	2.79673e-05
499.12	2.77915e-05
499.14	2.76169e-05
499.16	2.74435e-05
499.18	2.72713e-05
499.2	2.71003e-05
499.22	2.69304e-05
499.24	2.67616e-05
499.26	2.65941e-05
499.28	2.64276e-05
499.3	2.62623e-05
499.32	2.60981e-05
499.34	2.59351e-05
499.36	2.57731e-05
499.38	2.56123e-05
499.4	2.54525e-05
499.42	2.52938e-05
499.44	2.51362e-05
499.46	2.49797e-05
499.48	2.48242e-05
499.5	2.46698e-05
499.52	2.45164e-05
499.54	2.43641e-05
499.56	2.42127e-05
499.58	2.40625e-05
499.6	2.39132e-05
499.62	2.3765e-05
499.64	2.36177e-05
499.66	2.34714e-05
499.68	2.33262e-05
499.7	2.31819e-05
499.72	2.30386e-05
499.74	2.28962e-05
499.76	2.27548e-05
499.78	2.26144e-05
499.8	2.24749e-05
499.82	2.23364e-05
499.84	2.21988e-05
499.86	2.20621e-05
499.88	2.19263e-05
499.9	2.17915e-05
499.92	2.16575e-05
499.94	2.15245e-05
499.96	2.13924e-05
499.98	2.12611e-05
500	2.11307e-05
