label:AIS.O4_mslo
25000
0.02	5.4038e-10
0.04	5.32672e-10
0.06	5.24816e-10
0.08	5.16846e-10
0.1	5.08787e-10
0.12	5.00659e-10
0.14	4.92481e-10
0.16	4.84271e-10
0.18	4.76047e-10
0.2	4.67825e-10
0.22	4.5962e-10
0.24	4.51449e-10
0.26	4.43324e-10
0.28	4.35258e-10
0.3	4.27263e-10
0.32	4.1935e-10
0.34	4.11528e-10
0.36	4.03806e-10
0.38	3.96192e-10
0.4	3.88691e-10
0.42	3.8131e-10
0.44	3.74054e-10
0.46	3.66927e-10
0.48	3.59931e-10
0.5	3.5307e-10
0.52	3.46345e-10
0.54	3.39757e-10
0.56	3.33308e-10
0.58	3.26997e-10
0.6	3.20824e-10
0.62	3.14789e-10
0.64	3.0889e-10
0.66	3.03126e-10
0.68	2.97495e-10
0.7	2.91996e-10
0.72	2.86627e-10
0.74	2.81385e-10
0.76	2.76267e-10
0.78	2.71272e-10
0.8	2.66397e-10
0.82	2.61638e-10
0.84	2.56994e-10
0.86	2.52461e-10
0.88	2.48036e-10
0.9	2.43717e-10
0.92	2.39501e-10
0.94	2.35385e-10
0.96	2.31366e-10
0.98	2.27442e-10
1	2.23609e-10
1.02	2.19865e-10
1.04	2.16208e-10
1.06	2.12634e-10
1.08	2.09142e-10
1.1	2.05729e-10
1.12	2.02392e-10
1.14	1.99129e-10
1.16	1.95938e-10
1.18	1.92816e-10
1.2	1.89763e-10
1.22	1.86774e-10
1.24	1.8385e-10
1.26	1.80987e-10
1.28	1.78183e-10
1.3	1.75438e-10
1.32	1.72748e-10
1.34	1.70114e-10
1.36	1.67532e-10
1.38	1.65002e-10
1.4	1.62522e-10
1.42	1.6009e-10
1.44	1.57705e-10
1.46	1.55366e-10
1.48	1.53072e-10
1.5	1.50821e-10
1.52	1.48613e-10
1.54	1.46445e-10
1.56	1.44317e-10
1.58	1.42228e-10
1.6	1.40177e-10
1.62	1.38163e-10
1.64	1.36185e-10
1.66	1.34242e-10
1.68	1.32333e-10
1.7	1.30457e-10
1.72	1.28614e-10
1.74	1.26803e-10
1.76	1.25023e-10
1.78	1.23273e-10
1.8	1.21553e-10
1.82	1.19861e-10
1.84	1.18198e-10
1.86	1.16562e-10
1.88	1.14954e-10
1.9	1.13372e-10
1.92	1.11816e-10
1.94	1.10285e-10
1.96	1.08779e-10
1.98	1.07298e-10
2	1.0584e-10
2.02	1.04405e-10
2.04	1.02994e-10
2.06	1.01604e-10
2.08	1.00237e-10
2.1	9.88915e-11
2.12	9.75671e-11
2.14	9.62629e-11
2.16	9.49795e-11
2.18	9.37159e-11
2.2	9.24717e-11
2.22	9.12469e-11
2.24	9.00409e-11
2.26	8.88533e-11
2.28	8.76842e-11
2.3	8.65325e-11
2.32	8.53986e-11
2.34	8.42819e-11
2.36	8.31819e-11
2.38	8.20986e-11
2.4	8.10319e-11
2.42	7.99809e-11
2.44	7.89459e-11
2.46	7.79262e-11
2.48	7.69219e-11
2.5	7.59328e-11
2.52	7.49581e-11
2.54	7.39976e-11
2.56	7.30519e-11
2.58	7.212e-11
2.6	7.12017e-11
2.62	7.02971e-11
2.64	6.9406e-11
2.66	6.85276e-11
2.68	6.76623e-11
2.7	6.68098e-11
2.72	6.59695e-11
2.74	6.51417e-11
2.76	6.43257e-11
2.78	6.35219e-11
2.8	6.27295e-11
2.82	6.19489e-11
2.84	6.11793e-11
2.86	6.0421e-11
2.88	5.96735e-11
2.9	5.8937e-11
2.92	5.8211e-11
2.94	5.74956e-11
2.96	5.67904e-11
2.98	5.60951e-11
3	5.541e-11
3.02	5.47348e-11
3.04	5.40689e-11
3.06	5.34129e-11
3.08	5.2766e-11
3.1	5.21284e-11
3.12	5.14997e-11
3.14	5.08802e-11
3.16	5.02695e-11
3.18	4.96672e-11
3.2	4.90735e-11
3.22	4.84882e-11
3.24	4.79112e-11
3.26	4.73421e-11
3.28	4.67813e-11
3.3	4.62282e-11
3.32	4.56833e-11
3.34	4.51456e-11
3.36	4.46155e-11
3.38	4.40928e-11
3.4	4.35776e-11
3.42	4.30694e-11
3.44	4.25683e-11
3.46	4.20742e-11
3.48	4.15869e-11
3.5	4.11065e-11
3.52	4.06327e-11
3.54	4.01656e-11
3.56	3.9705e-11
3.58	3.92505e-11
3.6	3.88027e-11
3.62	3.83608e-11
3.64	3.7925e-11
3.66	3.74951e-11
3.68	3.70711e-11
3.7	3.66531e-11
3.72	3.62407e-11
3.74	3.5834e-11
3.76	3.54328e-11
3.78	3.5037e-11
3.8	3.46468e-11
3.82	3.42616e-11
3.84	3.38821e-11
3.86	3.35074e-11
3.88	3.31381e-11
3.9	3.27735e-11
3.92	3.24138e-11
3.94	3.20595e-11
3.96	3.17092e-11
3.98	3.13642e-11
4	3.10237e-11
4.02	3.06878e-11
4.04	3.03563e-11
4.06	3.00295e-11
4.08	2.97068e-11
4.1	2.93887e-11
4.12	2.90747e-11
4.14	2.87648e-11
4.16	2.84591e-11
4.18	2.81576e-11
4.2	2.78598e-11
4.22	2.75664e-11
4.24	2.72766e-11
4.26	2.69906e-11
4.28	2.67086e-11
4.3	2.64301e-11
4.32	2.61555e-11
4.34	2.58846e-11
4.36	2.5617e-11
4.38	2.5353e-11
4.4	2.50926e-11
4.42	2.48356e-11
4.44	2.45819e-11
4.46	2.43316e-11
4.48	2.40846e-11
4.5	2.38406e-11
4.52	2.36e-11
4.54	2.33624e-11
4.56	2.31278e-11
4.58	2.28964e-11
4.6	2.2668e-11
4.62	2.24426e-11
4.64	2.22202e-11
4.66	2.20008e-11
4.68	2.17838e-11
4.7	2.15698e-11
4.72	2.13587e-11
4.74	2.11502e-11
4.76	2.09442e-11
4.78	2.07409e-11
4.8	2.05406e-11
4.82	2.03425e-11
4.84	2.01471e-11
4.86	1.99542e-11
4.88	1.97638e-11
4.9	1.95756e-11
4.92	1.939e-11
4.94	1.92067e-11
4.96	1.90255e-11
4.98	1.8847e-11
5	1.86705e-11
5.02	1.84964e-11
5.04	1.83244e-11
5.06	1.81547e-11
5.08	1.79872e-11
5.1	1.78215e-11
5.12	1.76578e-11
5.14	1.74966e-11
5.16	1.73373e-11
5.18	1.718e-11
5.2	1.70245e-11
5.22	1.68709e-11
5.24	1.67196e-11
5.26	1.657e-11
5.28	1.64221e-11
5.3	1.62761e-11
5.32	1.61319e-11
5.34	1.59898e-11
5.36	1.58492e-11
5.38	1.57104e-11
5.4	1.55732e-11
5.42	1.54378e-11
5.44	1.5304e-11
5.46	1.51722e-11
5.48	1.50417e-11
5.5	1.4913e-11
5.52	1.47855e-11
5.54	1.46598e-11
5.56	1.45356e-11
5.58	1.44132e-11
5.6	1.4292e-11
5.62	1.41726e-11
5.64	1.40542e-11
5.66	1.39376e-11
5.68	1.38224e-11
5.7	1.37086e-11
5.72	1.3596e-11
5.74	1.34848e-11
5.76	1.33752e-11
5.78	1.32666e-11
5.8	1.31593e-11
5.82	1.30537e-11
5.84	1.29491e-11
5.86	1.28457e-11
5.88	1.27438e-11
5.9	1.2643e-11
5.92	1.25435e-11
5.94	1.24449e-11
5.96	1.23481e-11
5.98	1.22519e-11
6	1.21572e-11
6.02	1.20633e-11
6.04	1.19707e-11
6.06	1.18793e-11
6.08	1.17887e-11
6.1	1.16994e-11
6.12	1.16111e-11
6.14	1.1524e-11
6.16	1.14379e-11
6.18	1.13526e-11
6.2	1.12684e-11
6.22	1.11855e-11
6.24	1.11033e-11
6.26	1.10223e-11
6.28	1.09422e-11
6.3	1.0863e-11
6.32	1.07845e-11
6.34	1.07072e-11
6.36	1.06307e-11
6.38	1.05553e-11
6.4	1.04807e-11
6.42	1.04068e-11
6.44	1.03337e-11
6.46	1.02619e-11
6.48	1.01906e-11
6.5	1.01203e-11
6.52	1.00508e-11
6.54	9.98203e-12
6.56	9.914e-12
6.58	9.84723e-12
6.6	9.78074e-12
6.62	9.71528e-12
6.64	9.65045e-12
6.66	9.58663e-12
6.68	9.52309e-12
6.7	9.46073e-12
6.72	9.39902e-12
6.74	9.33823e-12
6.76	9.2777e-12
6.78	9.21837e-12
6.8	9.15919e-12
6.82	9.10106e-12
6.84	9.04363e-12
6.86	8.98666e-12
6.88	8.93062e-12
6.9	8.87488e-12
6.92	8.82007e-12
6.94	8.76593e-12
6.96	8.71238e-12
6.98	8.65923e-12
7	8.60686e-12
7.02	8.55528e-12
7.04	8.50416e-12
7.06	8.45364e-12
7.08	8.40371e-12
7.1	8.35435e-12
7.12	8.30559e-12
7.14	8.2572e-12
7.16	8.20958e-12
7.18	8.16268e-12
7.2	8.11601e-12
7.22	8.07012e-12
7.24	8.02475e-12
7.26	7.97979e-12
7.28	7.93548e-12
7.3	7.89162e-12
7.32	7.84845e-12
7.34	7.80547e-12
7.36	7.76313e-12
7.38	7.72148e-12
7.4	7.68014e-12
7.42	7.63931e-12
7.44	7.59894e-12
7.46	7.55913e-12
7.48	7.51965e-12
7.5	7.48064e-12
7.52	7.44225e-12
7.54	7.4043e-12
7.56	7.36653e-12
7.58	7.32948e-12
7.6	7.29279e-12
7.62	7.25651e-12
7.64	7.22093e-12
7.66	7.18526e-12
7.68	7.15025e-12
7.7	7.11562e-12
7.72	7.08169e-12
7.74	7.048e-12
7.76	7.01463e-12
7.78	6.9818e-12
7.8	6.94906e-12
7.82	6.91708e-12
7.84	6.8855e-12
7.86	6.85403e-12
7.88	6.82332e-12
7.9	6.79246e-12
7.92	6.76224e-12
7.94	6.73261e-12
7.96	6.70305e-12
7.98	6.67393e-12
8	6.64532e-12
8.02	6.61669e-12
8.04	6.58878e-12
8.06	6.56109e-12
8.08	6.53365e-12
8.1	6.50671e-12
8.12	6.48013e-12
8.14	6.45385e-12
8.16	6.42783e-12
8.18	6.40219e-12
8.2	6.37679e-12
8.22	6.35176e-12
8.24	6.32712e-12
8.26	6.3028e-12
8.28	6.27866e-12
8.3	6.25484e-12
8.32	6.23163e-12
8.34	6.20827e-12
8.36	6.18533e-12
8.38	6.16281e-12
8.4	6.14049e-12
8.42	6.11845e-12
8.44	6.09687e-12
8.46	6.0756e-12
8.48	6.05447e-12
8.5	6.03358e-12
8.52	6.01289e-12
8.54	5.99289e-12
8.56	5.97284e-12
8.58	5.95317e-12
8.6	5.9335e-12
8.62	5.91462e-12
8.64	5.89564e-12
8.66	5.87711e-12
8.68	5.85863e-12
8.7	5.8404e-12
8.72	5.8229e-12
8.74	5.80522e-12
8.76	5.78774e-12
8.78	5.77085e-12
8.8	5.75382e-12
8.82	5.73746e-12
8.84	5.72115e-12
8.86	5.70482e-12
8.88	5.68899e-12
8.9	5.67355e-12
8.92	5.65801e-12
8.94	5.64286e-12
8.96	5.62808e-12
8.98	5.61353e-12
9	5.59899e-12
9.02	5.58479e-12
9.04	5.57078e-12
9.06	5.55711e-12
9.08	5.54344e-12
9.1	5.53033e-12
9.12	5.51721e-12
9.14	5.5042e-12
9.16	5.49181e-12
9.18	5.47932e-12
9.2	5.46725e-12
9.22	5.45497e-12
9.24	5.44325e-12
9.26	5.43176e-12
9.28	5.42022e-12
9.3	5.40904e-12
9.32	5.39813e-12
9.34	5.38738e-12
9.36	5.37703e-12
9.38	5.36665e-12
9.4	5.35663e-12
9.42	5.34654e-12
9.44	5.3369e-12
9.46	5.32731e-12
9.48	5.31805e-12
9.5	5.30889e-12
9.52	5.29983e-12
9.54	5.29125e-12
9.56	5.28276e-12
9.58	5.27438e-12
9.6	5.26634e-12
9.62	5.25839e-12
9.64	5.25031e-12
9.66	5.2429e-12
9.68	5.23564e-12
9.7	5.22834e-12
9.72	5.2211e-12
9.74	5.2141e-12
9.76	5.2077e-12
9.78	5.20108e-12
9.8	5.19472e-12
9.82	5.18868e-12
9.84	5.18288e-12
9.86	5.17712e-12
9.88	5.17151e-12
9.9	5.16601e-12
9.92	5.16086e-12
9.94	5.15594e-12
9.96	5.1511e-12
9.98	5.14655e-12
10	5.14199e-12
10.02	5.13748e-12
10.04	5.13338e-12
10.06	5.12948e-12
10.08	5.1256e-12
10.1	5.12197e-12
10.12	5.11846e-12
10.14	5.11534e-12
10.16	5.11235e-12
10.18	5.10922e-12
10.2	5.10665e-12
10.22	5.10405e-12
10.24	5.10181e-12
10.26	5.09925e-12
10.28	5.09719e-12
10.3	5.09549e-12
10.32	5.09374e-12
10.34	5.09197e-12
10.36	5.09058e-12
10.38	5.08935e-12
10.4	5.0884e-12
10.42	5.0875e-12
10.44	5.08667e-12
10.46	5.08611e-12
10.48	5.08583e-12
10.5	5.0857e-12
10.52	5.08552e-12
10.54	5.08563e-12
10.56	5.0858e-12
10.58	5.08644e-12
10.6	5.08694e-12
10.62	5.0877e-12
10.64	5.08864e-12
10.66	5.08982e-12
10.68	5.09108e-12
10.7	5.09253e-12
10.72	5.09391e-12
10.74	5.09566e-12
10.76	5.09771e-12
10.78	5.09991e-12
10.8	5.10204e-12
10.82	5.10445e-12
10.84	5.10728e-12
10.86	5.10991e-12
10.88	5.11301e-12
10.9	5.11599e-12
10.92	5.11921e-12
10.94	5.12265e-12
10.96	5.12619e-12
10.98	5.13003e-12
11	5.13404e-12
11.02	5.13816e-12
11.04	5.14226e-12
11.06	5.14682e-12
11.08	5.15136e-12
11.1	5.15599e-12
11.12	5.16092e-12
11.14	5.16614e-12
11.16	5.17154e-12
11.18	5.17696e-12
11.2	5.18263e-12
11.22	5.18832e-12
11.24	5.19439e-12
11.26	5.20039e-12
11.28	5.20679e-12
11.3	5.21332e-12
11.32	5.21986e-12
11.34	5.2267e-12
11.36	5.2336e-12
11.38	5.2408e-12
11.4	5.24821e-12
11.42	5.25576e-12
11.44	5.26343e-12
11.46	5.27132e-12
11.48	5.27955e-12
11.5	5.28778e-12
11.52	5.29615e-12
11.54	5.30474e-12
11.56	5.31354e-12
11.58	5.3225e-12
11.6	5.33173e-12
11.62	5.34087e-12
11.64	5.3505e-12
11.66	5.36015e-12
11.68	5.37e-12
11.7	5.38001e-12
11.72	5.39034e-12
11.74	5.40069e-12
11.76	5.41141e-12
11.78	5.4222e-12
11.8	5.43335e-12
11.82	5.44434e-12
11.84	5.45577e-12
11.86	5.4672e-12
11.88	5.47898e-12
11.9	5.49092e-12
11.92	5.50327e-12
11.94	5.51553e-12
11.96	5.52828e-12
11.98	5.54097e-12
12	5.5539e-12
12.02	5.56699e-12
12.04	5.58028e-12
12.06	5.59382e-12
12.08	5.60779e-12
12.1	5.62178e-12
12.12	5.63582e-12
12.14	5.65029e-12
12.16	5.66488e-12
12.18	5.67964e-12
12.2	5.69459e-12
12.22	5.70986e-12
12.24	5.72544e-12
12.26	5.74111e-12
12.28	5.75686e-12
12.3	5.77312e-12
12.32	5.78938e-12
12.34	5.80586e-12
12.36	5.8226e-12
12.38	5.83978e-12
12.4	5.85694e-12
12.42	5.87437e-12
12.44	5.89208e-12
12.46	5.9099e-12
12.48	5.92827e-12
12.5	5.94657e-12
12.52	5.96511e-12
12.54	5.98398e-12
12.56	6.00305e-12
12.58	6.02241e-12
12.6	6.04207e-12
12.62	6.0618e-12
12.64	6.08198e-12
12.66	6.10233e-12
12.68	6.12292e-12
12.7	6.1437e-12
12.72	6.16492e-12
12.74	6.18607e-12
12.76	6.20769e-12
12.78	6.22949e-12
12.8	6.25164e-12
12.82	6.274e-12
12.84	6.29697e-12
12.86	6.31954e-12
12.88	6.34302e-12
12.9	6.36642e-12
12.92	6.39005e-12
12.94	6.41402e-12
12.96	6.43857e-12
12.98	6.4629e-12
13	6.48798e-12
13.02	6.51318e-12
13.04	6.53853e-12
13.06	6.56442e-12
13.08	6.59036e-12
13.1	6.61673e-12
13.12	6.64336e-12
13.14	6.67044e-12
13.16	6.69759e-12
13.18	6.72526e-12
13.2	6.75312e-12
13.22	6.78135e-12
13.24	6.80993e-12
13.26	6.83885e-12
13.28	6.86792e-12
13.3	6.89755e-12
13.32	6.92725e-12
13.34	6.9572e-12
13.36	6.98766e-12
13.38	7.01868e-12
13.4	7.05e-12
13.42	7.08121e-12
13.44	7.11322e-12
13.46	7.14534e-12
13.48	7.17805e-12
13.5	7.21097e-12
13.52	7.24434e-12
13.54	7.27795e-12
13.56	7.31213e-12
13.58	7.34637e-12
13.6	7.38103e-12
13.62	7.41645e-12
13.64	7.45177e-12
13.66	7.48797e-12
13.68	7.52419e-12
13.7	7.56072e-12
13.72	7.59806e-12
13.74	7.63563e-12
13.76	7.67356e-12
13.78	7.71162e-12
13.8	7.75073e-12
13.82	7.78988e-12
13.84	7.82944e-12
13.86	7.86947e-12
13.88	7.91005e-12
13.9	7.95102e-12
13.92	7.99232e-12
13.94	8.03421e-12
13.96	8.07632e-12
13.98	8.11917e-12
14	8.16248e-12
14.02	8.20599e-12
14.04	8.25013e-12
14.06	8.2948e-12
14.08	8.33989e-12
14.1	8.38556e-12
14.12	8.43167e-12
14.14	8.47826e-12
14.16	8.52541e-12
14.18	8.57297e-12
14.2	8.62102e-12
14.22	8.66958e-12
14.24	8.71877e-12
14.26	8.76852e-12
14.28	8.81878e-12
14.3	8.86947e-12
14.32	8.9208e-12
14.34	8.97273e-12
14.36	9.02499e-12
14.38	9.07815e-12
14.4	9.1317e-12
14.42	9.1859e-12
14.44	9.24064e-12
14.46	9.29618e-12
14.48	9.35211e-12
14.5	9.40875e-12
14.52	9.46576e-12
14.54	9.52387e-12
14.56	9.5821e-12
14.58	9.64137e-12
14.6	9.70106e-12
14.62	9.76144e-12
14.64	9.8227e-12
14.66	9.88416e-12
14.68	9.94665e-12
14.7	1.00099e-11
14.72	1.00736e-11
14.74	1.0138e-11
14.76	1.02032e-11
14.78	1.02692e-11
14.8	1.03357e-11
14.82	1.04032e-11
14.84	1.04714e-11
14.86	1.05403e-11
14.88	1.06099e-11
14.9	1.06803e-11
14.92	1.07517e-11
14.94	1.08236e-11
14.96	1.08965e-11
14.98	1.09701e-11
15	1.10445e-11
15.02	1.11198e-11
15.04	1.11958e-11
15.06	1.12729e-11
15.08	1.13507e-11
15.1	1.14292e-11
15.12	1.15088e-11
15.14	1.15894e-11
15.16	1.16706e-11
15.18	1.17529e-11
15.2	1.18362e-11
15.22	1.19203e-11
15.24	1.20053e-11
15.26	1.20915e-11
15.28	1.21786e-11
15.3	1.22667e-11
15.32	1.23559e-11
15.34	1.24459e-11
15.36	1.2537e-11
15.38	1.26292e-11
15.4	1.27224e-11
15.42	1.28166e-11
15.44	1.29118e-11
15.46	1.30084e-11
15.48	1.31059e-11
15.5	1.32047e-11
15.52	1.33045e-11
15.54	1.34054e-11
15.56	1.35076e-11
15.58	1.36109e-11
15.6	1.37156e-11
15.62	1.38213e-11
15.64	1.39283e-11
15.66	1.40365e-11
15.68	1.41462e-11
15.7	1.4257e-11
15.72	1.43689e-11
15.74	1.44826e-11
15.76	1.45972e-11
15.78	1.47133e-11
15.8	1.48309e-11
15.82	1.49498e-11
15.84	1.50701e-11
15.86	1.51918e-11
15.88	1.53153e-11
15.9	1.54399e-11
15.92	1.55661e-11
15.94	1.5694e-11
15.96	1.5823e-11
15.98	1.59538e-11
16	1.60863e-11
16.02	1.62202e-11
16.04	1.63559e-11
16.06	1.64931e-11
16.08	1.6632e-11
16.1	1.67727e-11
16.12	1.6915e-11
16.14	1.70588e-11
16.16	1.72049e-11
16.18	1.73526e-11
16.2	1.75021e-11
16.22	1.76534e-11
16.24	1.78064e-11
16.26	1.79616e-11
16.28	1.81185e-11
16.3	1.82776e-11
16.32	1.84385e-11
16.34	1.86016e-11
16.36	1.87666e-11
16.38	1.89336e-11
16.4	1.91026e-11
16.42	1.92739e-11
16.44	1.94475e-11
16.46	1.9623e-11
16.48	1.98009e-11
16.5	1.99811e-11
16.52	2.01635e-11
16.54	2.03484e-11
16.56	2.05355e-11
16.58	2.0725e-11
16.6	2.09171e-11
16.62	2.11116e-11
16.64	2.13084e-11
16.66	2.15081e-11
16.68	2.17104e-11
16.7	2.19151e-11
16.72	2.21226e-11
16.74	2.23327e-11
16.76	2.25458e-11
16.78	2.27613e-11
16.8	2.298e-11
16.82	2.32014e-11
16.84	2.34256e-11
16.86	2.36531e-11
16.88	2.38835e-11
16.9	2.41168e-11
16.92	2.43537e-11
16.94	2.45933e-11
16.96	2.48363e-11
16.98	2.50826e-11
17	2.53322e-11
17.02	2.5585e-11
17.04	2.58416e-11
17.06	2.61014e-11
17.08	2.63649e-11
17.1	2.6632e-11
17.12	2.69028e-11
17.14	2.71775e-11
17.16	2.74556e-11
17.18	2.77379e-11
17.2	2.80237e-11
17.22	2.83137e-11
17.24	2.86078e-11
17.26	2.8906e-11
17.28	2.92085e-11
17.3	2.9515e-11
17.32	2.98261e-11
17.34	3.01414e-11
17.36	3.04613e-11
17.38	3.07858e-11
17.4	3.11149e-11
17.42	3.14487e-11
17.44	3.1787e-11
17.46	3.21305e-11
17.48	3.24789e-11
17.5	3.28323e-11
17.52	3.31909e-11
17.54	3.35546e-11
17.56	3.39236e-11
17.58	3.42982e-11
17.6	3.46782e-11
17.62	3.50639e-11
17.64	3.54554e-11
17.66	3.58528e-11
17.68	3.62556e-11
17.7	3.66647e-11
17.72	3.708e-11
17.74	3.75014e-11
17.76	3.79291e-11
17.78	3.83635e-11
17.8	3.88044e-11
17.82	3.92521e-11
17.84	3.97064e-11
17.86	4.01679e-11
17.88	4.06364e-11
17.9	4.1112e-11
17.92	4.15952e-11
17.94	4.2086e-11
17.96	4.25841e-11
17.98	4.30905e-11
18	4.36043e-11
18.02	4.41265e-11
18.04	4.4657e-11
18.06	4.51958e-11
18.08	4.57432e-11
18.1	4.62991e-11
18.12	4.68641e-11
18.14	4.74382e-11
18.16	4.8022e-11
18.18	4.8615e-11
18.2	4.92173e-11
18.22	4.98298e-11
18.24	5.04523e-11
18.26	5.1085e-11
18.28	5.17281e-11
18.3	5.23819e-11
18.32	5.30469e-11
18.34	5.37229e-11
18.36	5.44098e-11
18.38	5.51087e-11
18.4	5.58194e-11
18.42	5.65423e-11
18.44	5.72771e-11
18.46	5.80248e-11
18.48	5.87855e-11
18.5	5.95592e-11
18.52	6.03462e-11
18.54	6.11472e-11
18.56	6.19619e-11
18.58	6.27912e-11
18.6	6.3635e-11
18.62	6.44939e-11
18.64	6.5368e-11
18.66	6.62579e-11
18.68	6.71636e-11
18.7	6.80858e-11
18.72	6.90247e-11
18.74	6.99807e-11
18.76	7.09543e-11
18.78	7.19458e-11
18.8	7.29559e-11
18.82	7.39843e-11
18.84	7.50324e-11
18.86	7.61e-11
18.88	7.71878e-11
18.9	7.82959e-11
18.92	7.94256e-11
18.94	8.0577e-11
18.96	8.17504e-11
18.98	8.29466e-11
19	8.41661e-11
19.02	8.54096e-11
19.04	8.66778e-11
19.06	8.79708e-11
19.08	8.92897e-11
19.1	9.06352e-11
19.12	9.20075e-11
19.14	9.34079e-11
19.16	9.48371e-11
19.18	9.62955e-11
19.2	9.77841e-11
19.22	9.93037e-11
19.24	1.00855e-10
19.26	1.02439e-10
19.28	1.04057e-10
19.3	1.05709e-10
19.32	1.07397e-10
19.34	1.09122e-10
19.36	1.10884e-10
19.38	1.12685e-10
19.4	1.14525e-10
19.42	1.16407e-10
19.44	1.18331e-10
19.46	1.20299e-10
19.48	1.22312e-10
19.5	1.24371e-10
19.52	1.26478e-10
19.54	1.28634e-10
19.56	1.30841e-10
19.58	1.33101e-10
19.6	1.35414e-10
19.62	1.37784e-10
19.64	1.40212e-10
19.66	1.427e-10
19.68	1.4525e-10
19.7	1.47864e-10
19.72	1.50545e-10
19.74	1.53295e-10
19.76	1.56116e-10
19.78	1.59011e-10
19.8	1.61984e-10
19.82	1.65036e-10
19.84	1.68171e-10
19.86	1.71393e-10
19.88	1.74705e-10
19.9	1.78111e-10
19.92	1.81614e-10
19.94	1.85219e-10
19.96	1.8893e-10
19.98	1.92753e-10
20	1.96692e-10
20.02	2.00753e-10
20.04	2.04943e-10
20.06	2.09266e-10
20.08	2.1373e-10
20.1	2.18344e-10
20.12	2.23114e-10
20.14	2.2805e-10
20.16	2.33162e-10
20.18	2.3846e-10
20.2	2.43957e-10
20.22	2.49665e-10
20.24	2.556e-10
20.26	2.61778e-10
20.28	2.68219e-10
20.3	2.74943e-10
20.32	2.81977e-10
20.34	2.8935e-10
20.36	2.97098e-10
20.38	3.05263e-10
20.4	3.139e-10
20.42	3.23077e-10
20.44	3.32886e-10
20.46	3.43453e-10
20.48	3.5497e-10
20.5	3.67749e-10
20.52	3.82381e-10
20.54	4.00265e-10
20.56	4.25987e-10
20.58	4.85737e-10
20.6	7.71513e-10
20.62	2.07712e-09
20.64	7.08037e-09
20.66	2.58873e-08
20.68	8.56025e-08
20.7	2.44981e-07
20.72	6.35353e-07
20.74	1.53508e-06
20.76	3.42789e-06
20.78	6.96017e-06
20.8	1.27246e-05
20.82	2.09476e-05
20.84	3.143e-05
20.86	4.3756e-05
20.88	5.74666e-05
20.9	7.2127e-05
20.92	8.73539e-05
20.94	0.00010283
20.96	0.000118307
20.98	0.000133598
21	0.00014857
21.02	0.000163125
21.04	0.000177199
21.06	0.000190749
21.08	0.000203748
21.1	0.000216181
21.12	0.000228044
21.14	0.000239338
21.16	0.00025007
21.18	0.00026025
21.2	0.000269891
21.22	0.000279006
21.24	0.000287611
21.26	0.00029572
21.28	0.00030335
21.3	0.000310516
21.32	0.000317234
21.34	0.00032352
21.36	0.000329389
21.38	0.000334855
21.4	0.000339934
21.42	0.000344639
21.44	0.000348985
21.46	0.000352984
21.48	0.00035665
21.5	0.000359995
21.52	0.000363033
21.54	0.000365774
21.56	0.00036823
21.58	0.000370413
21.6	0.000372334
21.62	0.000374002
21.64	0.000375429
21.66	0.000376623
21.68	0.000377595
21.7	0.000378353
21.72	0.000378907
21.74	0.000379264
21.76	0.000379433
21.78	0.000379423
21.8	0.000379239
21.82	0.000378891
21.84	0.000378385
21.86	0.000377727
21.88	0.000376925
21.9	0.000375984
21.92	0.00037491
21.94	0.00037371
21.96	0.000372389
21.98	0.000370953
22	0.000369406
22.02	0.000367754
22.04	0.000366001
22.06	0.000364153
22.08	0.000362213
22.1	0.000360186
22.12	0.000358076
22.14	0.000355888
22.16	0.000353624
22.18	0.000351289
22.2	0.000348887
22.22	0.00034642
22.24	0.000343893
22.26	0.000341309
22.28	0.00033867
22.3	0.00033598
22.32	0.000333242
22.34	0.000330458
22.36	0.000327632
22.38	0.000324767
22.4	0.000321864
22.42	0.000318926
22.44	0.000315957
22.46	0.000312957
22.48	0.000309931
22.5	0.000306879
22.52	0.000303804
22.54	0.000300709
22.56	0.000297595
22.58	0.000294464
22.6	0.000291318
22.62	0.00028816
22.64	0.000284991
22.66	0.000281812
22.68	0.000278627
22.7	0.000275435
22.72	0.000272239
22.74	0.000269041
22.76	0.000265842
22.78	0.000262643
22.8	0.000259447
22.82	0.000256254
22.84	0.000253065
22.86	0.000249882
22.88	0.000246707
22.9	0.00024354
22.92	0.000240383
22.94	0.000237237
22.96	0.000234103
22.98	0.000230981
23	0.000227873
23.02	0.000224781
23.04	0.000221704
23.06	0.000218644
23.08	0.000215601
23.1	0.000212577
23.12	0.000209572
23.14	0.000206586
23.16	0.000203622
23.18	0.000200678
23.2	0.000197757
23.22	0.000194858
23.24	0.000191981
23.26	0.000189129
23.28	0.000186301
23.3	0.000183497
23.32	0.000180718
23.34	0.000177964
23.36	0.000175237
23.38	0.000172535
23.4	0.00016986
23.42	0.000167212
23.44	0.000164591
23.46	0.000161997
23.48	0.00015943
23.5	0.000156892
23.52	0.000154381
23.54	0.000151898
23.56	0.000149444
23.58	0.000147018
23.6	0.00014462
23.62	0.000142251
23.64	0.000139911
23.66	0.000137599
23.68	0.000135316
23.7	0.000133062
23.72	0.000130836
23.74	0.000128639
23.76	0.00012647
23.78	0.00012433
23.8	0.000122218
23.82	0.000120135
23.84	0.00011808
23.86	0.000116054
23.88	0.000114055
23.9	0.000112084
23.92	0.000110141
23.94	0.000108226
23.96	0.000106339
23.98	0.000104478
24	0.000102645
24.02	0.000100839
24.04	9.90598e-05
24.06	9.73071e-05
24.08	9.55808e-05
24.1	9.38807e-05
24.12	9.22065e-05
24.14	9.05581e-05
24.16	8.89352e-05
24.18	8.73377e-05
24.2	8.57651e-05
24.22	8.42174e-05
24.24	8.26943e-05
24.26	8.11954e-05
24.28	7.97207e-05
24.3	7.82697e-05
24.32	7.68423e-05
24.34	7.54383e-05
24.36	7.40572e-05
24.38	7.26989e-05
24.4	7.13632e-05
24.42	7.00496e-05
24.44	6.87581e-05
24.46	6.74882e-05
24.48	6.62398e-05
24.5	6.50125e-05
24.52	6.38062e-05
24.54	6.26204e-05
24.56	6.1455e-05
24.58	6.03097e-05
24.6	5.91842e-05
24.62	5.80783e-05
24.64	5.69916e-05
24.66	5.59239e-05
24.68	5.4875e-05
24.7	5.38446e-05
24.72	5.28323e-05
24.74	5.1838e-05
24.76	5.08614e-05
24.78	4.99022e-05
24.8	4.89602e-05
24.82	4.8035e-05
24.84	4.71265e-05
24.86	4.62344e-05
24.88	4.53585e-05
24.9	4.44984e-05
24.92	4.3654e-05
24.94	4.2825e-05
24.96	4.20112e-05
24.98	4.12122e-05
25	4.0428e-05
25.02	3.96582e-05
25.04	3.89025e-05
25.06	3.81609e-05
25.08	3.7433e-05
25.1	3.67186e-05
25.12	3.60175e-05
25.14	3.53295e-05
25.16	3.46543e-05
25.18	3.39918e-05
25.2	3.33416e-05
25.22	3.27037e-05
25.24	3.20778e-05
25.26	3.14637e-05
25.28	3.08612e-05
25.3	3.027e-05
25.32	2.969e-05
25.34	2.91211e-05
25.36	2.85629e-05
25.38	2.80154e-05
25.4	2.74782e-05
25.42	2.69513e-05
25.44	2.64345e-05
25.46	2.59275e-05
25.48	2.54303e-05
25.5	2.49425e-05
25.52	2.44641e-05
25.54	2.39949e-05
25.56	2.35347e-05
25.58	2.30834e-05
25.6	2.26407e-05
25.62	2.22066e-05
25.64	2.17808e-05
25.66	2.13632e-05
25.68	2.09537e-05
25.7	2.05522e-05
25.72	2.01584e-05
25.74	1.97722e-05
25.76	1.93935e-05
25.78	1.90221e-05
25.8	1.86579e-05
25.82	1.83008e-05
25.84	1.79507e-05
25.86	1.76073e-05
25.88	1.72706e-05
25.9	1.69405e-05
25.92	1.66168e-05
25.94	1.62993e-05
25.96	1.59881e-05
25.98	1.56829e-05
26	1.53837e-05
26.02	1.50903e-05
26.04	1.48026e-05
26.06	1.45205e-05
26.08	1.42439e-05
26.1	1.39728e-05
26.12	1.37069e-05
26.14	1.34462e-05
26.16	1.31906e-05
26.18	1.29399e-05
26.2	1.26942e-05
26.22	1.24533e-05
26.24	1.22171e-05
26.26	1.19854e-05
26.28	1.17583e-05
26.3	1.15357e-05
26.32	1.13174e-05
26.34	1.11033e-05
26.36	1.08934e-05
26.38	1.06877e-05
26.4	1.04859e-05
26.42	1.02881e-05
26.44	1.00941e-05
26.46	9.90394e-06
26.48	9.71747e-06
26.5	9.53464e-06
26.52	9.35537e-06
26.54	9.1796e-06
26.56	9.00725e-06
26.58	8.83826e-06
26.6	8.67257e-06
26.62	8.5101e-06
26.64	8.35079e-06
26.66	8.19458e-06
26.68	8.04141e-06
26.7	7.89123e-06
26.72	7.74396e-06
26.74	7.59955e-06
26.76	7.45795e-06
26.78	7.3191e-06
26.8	7.18294e-06
26.82	7.04943e-06
26.84	6.91851e-06
26.86	6.79012e-06
26.88	6.66422e-06
26.9	6.54076e-06
26.92	6.41969e-06
26.94	6.30097e-06
26.96	6.18454e-06
26.98	6.07036e-06
27	5.95838e-06
27.02	5.84857e-06
27.04	5.74088e-06
27.06	5.63527e-06
27.08	5.53169e-06
27.1	5.43011e-06
27.12	5.33048e-06
27.14	5.23277e-06
27.16	5.13694e-06
27.18	5.04295e-06
27.2	4.95077e-06
27.22	4.86036e-06
27.24	4.77168e-06
27.26	4.6847e-06
27.28	4.59939e-06
27.3	4.51572e-06
27.32	4.43364e-06
27.34	4.35314e-06
27.36	4.27417e-06
27.38	4.19671e-06
27.4	4.12073e-06
27.42	4.0462e-06
27.44	3.97309e-06
27.46	3.90137e-06
27.48	3.83101e-06
27.5	3.762e-06
27.52	3.69429e-06
27.54	3.62787e-06
27.56	3.56272e-06
27.58	3.49879e-06
27.6	3.43608e-06
27.62	3.37456e-06
27.64	3.3142e-06
27.66	3.25498e-06
27.68	3.19688e-06
27.7	3.13988e-06
27.72	3.08395e-06
27.74	3.02908e-06
27.76	2.97524e-06
27.78	2.92241e-06
27.8	2.87057e-06
27.82	2.81971e-06
27.84	2.7698e-06
27.86	2.72083e-06
27.88	2.67278e-06
27.9	2.62563e-06
27.92	2.57936e-06
27.94	2.53395e-06
27.96	2.48939e-06
27.98	2.44567e-06
28	2.40276e-06
28.02	2.36065e-06
28.04	2.31932e-06
28.06	2.27876e-06
28.08	2.23896e-06
28.1	2.19989e-06
28.12	2.16155e-06
28.14	2.12393e-06
28.16	2.08699e-06
28.18	2.05075e-06
28.2	2.01517e-06
28.22	1.98025e-06
28.24	1.94597e-06
28.26	1.91233e-06
28.28	1.87931e-06
28.3	1.84689e-06
28.32	1.81507e-06
28.34	1.78384e-06
28.36	1.75318e-06
28.38	1.72309e-06
28.4	1.69354e-06
28.42	1.66454e-06
28.44	1.63607e-06
28.46	1.60811e-06
28.48	1.58067e-06
28.5	1.55373e-06
28.52	1.52729e-06
28.54	1.50132e-06
28.56	1.47583e-06
28.58	1.4508e-06
28.6	1.42622e-06
28.62	1.40209e-06
28.64	1.37841e-06
28.66	1.35514e-06
28.68	1.33231e-06
28.7	1.30988e-06
28.72	1.28786e-06
28.74	1.26624e-06
28.76	1.24501e-06
28.78	1.22416e-06
28.8	1.20368e-06
28.82	1.18358e-06
28.84	1.16384e-06
28.86	1.14445e-06
28.88	1.12541e-06
28.9	1.10671e-06
28.92	1.08835e-06
28.94	1.07031e-06
28.96	1.0526e-06
28.98	1.0352e-06
29	1.01812e-06
29.02	1.00134e-06
29.04	9.8486e-07
29.06	9.68673e-07
29.08	9.52774e-07
29.1	9.37158e-07
29.12	9.21819e-07
29.14	9.06752e-07
29.16	8.91952e-07
29.18	8.77415e-07
29.2	8.63135e-07
29.22	8.49107e-07
29.24	8.35328e-07
29.26	8.21791e-07
29.28	8.08493e-07
29.3	7.9543e-07
29.32	7.82596e-07
29.34	7.69988e-07
29.36	7.57602e-07
29.38	7.45433e-07
29.4	7.33477e-07
29.42	7.21731e-07
29.44	7.1019e-07
29.46	6.98852e-07
29.48	6.87711e-07
29.5	6.76765e-07
29.52	6.6601e-07
29.54	6.55442e-07
29.56	6.45058e-07
29.58	6.34855e-07
29.6	6.24829e-07
29.62	6.14977e-07
29.64	6.05296e-07
29.66	5.95783e-07
29.68	5.86434e-07
29.7	5.77247e-07
29.72	5.68219e-07
29.74	5.59347e-07
29.76	5.50628e-07
29.78	5.42059e-07
29.8	5.33637e-07
29.82	5.2536e-07
29.84	5.17226e-07
29.86	5.09231e-07
29.88	5.01373e-07
29.9	4.9365e-07
29.92	4.86059e-07
29.94	4.78598e-07
29.96	4.71265e-07
29.98	4.64056e-07
30	4.56971e-07
30.02	4.50006e-07
30.04	4.4316e-07
30.06	4.3643e-07
30.08	4.29815e-07
30.1	4.23312e-07
30.12	4.16919e-07
30.14	4.10634e-07
30.16	4.04456e-07
30.18	3.98383e-07
30.2	3.92411e-07
30.22	3.86541e-07
30.24	3.8077e-07
30.26	3.75096e-07
30.28	3.69517e-07
30.3	3.64033e-07
30.32	3.5864e-07
30.34	3.53338e-07
30.36	3.48125e-07
30.38	3.42999e-07
30.4	3.37959e-07
30.42	3.33003e-07
30.44	3.2813e-07
30.46	3.23339e-07
30.48	3.18627e-07
30.5	3.13994e-07
30.52	3.09438e-07
30.54	3.04958e-07
30.56	3.00552e-07
30.58	2.96219e-07
30.6	2.91959e-07
30.62	2.87769e-07
30.64	2.83648e-07
30.66	2.79595e-07
30.68	2.7561e-07
30.7	2.7169e-07
30.72	2.67835e-07
30.74	2.64043e-07
30.76	2.60314e-07
30.78	2.56646e-07
30.8	2.53038e-07
30.82	2.4949e-07
30.84	2.46e-07
30.86	2.42567e-07
30.88	2.39191e-07
30.9	2.35869e-07
30.92	2.32602e-07
30.94	2.29388e-07
30.96	2.26227e-07
30.98	2.23117e-07
31	2.20058e-07
31.02	2.17049e-07
31.04	2.14089e-07
31.06	2.11176e-07
31.08	2.08311e-07
31.1	2.05493e-07
31.12	2.0272e-07
31.14	1.99992e-07
31.16	1.97309e-07
31.18	1.94668e-07
31.2	1.92071e-07
31.22	1.89515e-07
31.24	1.87e-07
31.26	1.84527e-07
31.28	1.82092e-07
31.3	1.79697e-07
31.32	1.77341e-07
31.34	1.75022e-07
31.36	1.72741e-07
31.38	1.70496e-07
31.4	1.68288e-07
31.42	1.66114e-07
31.44	1.63976e-07
31.46	1.61871e-07
31.48	1.59801e-07
31.5	1.57763e-07
31.52	1.55758e-07
31.54	1.53785e-07
31.56	1.51844e-07
31.58	1.49933e-07
31.6	1.48053e-07
31.62	1.46203e-07
31.64	1.44382e-07
31.66	1.4259e-07
31.68	1.40827e-07
31.7	1.39091e-07
31.72	1.37383e-07
31.74	1.35703e-07
31.76	1.34049e-07
31.78	1.32421e-07
31.8	1.30819e-07
31.82	1.29242e-07
31.84	1.27691e-07
31.86	1.26164e-07
31.88	1.24661e-07
31.9	1.23182e-07
31.92	1.21726e-07
31.94	1.20293e-07
31.96	1.18883e-07
31.98	1.17496e-07
32	1.1613e-07
32.02	1.14786e-07
32.04	1.13463e-07
32.06	1.12161e-07
32.08	1.10879e-07
32.1	1.09618e-07
32.12	1.08377e-07
32.14	1.07155e-07
32.16	1.05953e-07
32.18	1.0477e-07
32.2	1.03606e-07
32.22	1.0246e-07
32.24	1.01332e-07
32.26	1.00222e-07
32.28	9.91295e-08
32.3	9.80545e-08
32.32	9.69966e-08
32.34	9.59555e-08
32.36	9.49309e-08
32.38	9.39227e-08
32.4	9.29306e-08
32.42	9.19543e-08
32.44	9.09937e-08
32.46	9.00484e-08
32.48	8.91182e-08
32.5	8.8203e-08
32.52	8.73025e-08
32.54	8.64165e-08
32.56	8.55448e-08
32.58	8.46872e-08
32.6	8.38435e-08
32.62	8.30135e-08
32.64	8.2197e-08
32.66	8.13938e-08
32.68	8.06037e-08
32.7	7.98266e-08
32.72	7.90623e-08
32.74	7.83106e-08
32.76	7.75714e-08
32.78	7.68444e-08
32.8	7.61295e-08
32.82	7.54267e-08
32.84	7.47356e-08
32.86	7.40562e-08
32.88	7.33883e-08
32.9	7.27318e-08
32.92	7.20865e-08
32.94	7.14523e-08
32.96	7.08292e-08
32.98	7.02168e-08
33	6.96152e-08
33.02	6.90243e-08
33.04	6.84438e-08
33.06	6.78737e-08
33.08	6.73139e-08
33.1	6.67642e-08
33.12	6.62247e-08
33.14	6.56951e-08
33.16	6.51754e-08
33.18	6.46656e-08
33.2	6.41654e-08
33.22	6.36749e-08
33.24	6.3194e-08
33.26	6.27226e-08
33.28	6.22606e-08
33.3	6.1808e-08
33.32	6.13648e-08
33.34	6.09308e-08
33.36	6.05061e-08
33.38	6.00905e-08
33.4	5.96842e-08
33.42	5.9287e-08
33.44	5.88989e-08
33.46	5.85199e-08
33.48	5.81501e-08
33.5	5.77894e-08
33.52	5.74378e-08
33.54	5.70954e-08
33.56	5.67622e-08
33.58	5.64383e-08
33.6	5.61237e-08
33.62	5.58185e-08
33.64	5.55228e-08
33.66	5.52366e-08
33.68	5.49602e-08
33.7	5.46937e-08
33.72	5.44372e-08
33.74	5.4191e-08
33.76	5.39553e-08
33.78	5.37303e-08
33.8	5.35164e-08
33.82	5.3314e-08
33.84	5.31235e-08
33.86	5.29453e-08
33.88	5.27802e-08
33.9	5.26289e-08
33.92	5.24921e-08
33.94	5.2371e-08
33.96	5.22669e-08
33.98	5.21814e-08
34	5.21166e-08
34.02	5.20753e-08
34.04	5.20614e-08
34.06	5.20803e-08
34.08	5.21404e-08
34.1	5.22558e-08
34.12	5.24535e-08
34.14	5.27948e-08
34.16	5.3457e-08
34.18	5.51625e-08
34.2	6.07022e-08
34.22	7.49872e-08
34.24	1.07043e-07
34.26	1.8187e-07
34.28	3.51551e-07
34.3	7.12204e-07
34.32	1.45051e-06
34.34	2.91675e-06
34.36	5.66502e-06
34.38	1.03895e-05
34.4	1.77083e-05
34.42	2.7846e-05
34.44	4.0541e-05
34.46	5.52726e-05
34.48	7.14799e-05
34.5	8.86489e-05
34.52	0.000106337
34.54	0.000124184
34.56	0.000141912
34.58	0.000159317
34.6	0.000176255
34.62	0.000192628
34.64	0.000208372
34.66	0.00022345
34.68	0.000237841
34.7	0.00025154
34.72	0.000264551
34.74	0.000276883
34.76	0.000288553
34.78	0.000299578
34.8	0.000309979
34.82	0.000319777
34.84	0.000328993
34.86	0.000337649
34.88	0.000345767
34.9	0.000353368
34.92	0.000360471
34.94	0.000367096
34.96	0.000373263
34.98	0.00037899
35	0.000384293
35.02	0.000389191
35.04	0.000393699
35.06	0.000397834
35.08	0.00040161
35.1	0.000405041
35.12	0.000408142
35.14	0.000410926
35.16	0.000413406
35.18	0.000415594
35.2	0.000417502
35.22	0.000419143
35.24	0.000420526
35.26	0.000421662
35.28	0.000422563
35.3	0.000423236
35.32	0.000423693
35.34	0.000423942
35.36	0.000423992
35.38	0.000423851
35.4	0.000423527
35.42	0.000423029
35.44	0.000422363
35.46	0.000421537
35.48	0.000420557
35.5	0.000419431
35.52	0.000418165
35.54	0.000416764
35.56	0.000415235
35.58	0.000413584
35.6	0.000411816
35.62	0.000409936
35.64	0.000407949
35.66	0.000405861
35.68	0.000403675
35.7	0.000401397
35.72	0.000399031
35.74	0.000396581
35.76	0.000394052
35.78	0.000391446
35.8	0.000388769
35.82	0.000386023
35.84	0.000383213
35.86	0.000380342
35.88	0.000377413
35.9	0.000374429
35.92	0.000371394
35.94	0.00036831
35.96	0.000365182
35.98	0.00036201
36	0.000358799
36.02	0.000355551
36.04	0.000352269
36.06	0.000348955
36.08	0.000345612
36.1	0.000342242
36.12	0.000338847
36.14	0.000335431
36.16	0.000331994
36.18	0.000328539
36.2	0.000325069
36.22	0.000321584
36.24	0.000318089
36.26	0.000314583
36.28	0.000311069
36.3	0.000307549
36.32	0.000304025
36.34	0.000300498
36.36	0.00029697
36.38	0.000293443
36.4	0.000289918
36.42	0.000286396
36.44	0.000282879
36.46	0.000279369
36.48	0.000275866
36.5	0.000272373
36.52	0.00026889
36.54	0.000265419
36.56	0.00026196
36.58	0.000258516
36.6	0.000255086
36.62	0.000251672
36.64	0.000248276
36.66	0.000244897
36.68	0.000241537
36.7	0.000238197
36.72	0.000234878
36.74	0.00023158
36.76	0.000228304
36.78	0.000225051
36.8	0.000221822
36.82	0.000218617
36.84	0.000215437
36.86	0.000212282
36.88	0.000209154
36.9	0.000206052
36.92	0.000202976
36.94	0.000199929
36.96	0.000196909
36.98	0.000193918
37	0.000190955
37.02	0.000188021
37.04	0.000185117
37.06	0.000182242
37.08	0.000179397
37.1	0.000176582
37.12	0.000173797
37.14	0.000171043
37.16	0.00016832
37.18	0.000165627
37.2	0.000162965
37.22	0.000160334
37.24	0.000157734
37.26	0.000155166
37.28	0.000152628
37.3	0.000150122
37.32	0.000147647
37.34	0.000145203
37.36	0.00014279
37.38	0.000140408
37.4	0.000138058
37.42	0.000135738
37.44	0.000133449
37.46	0.000131191
37.48	0.000128964
37.5	0.000126767
37.52	0.0001246
37.54	0.000122464
37.56	0.000120358
37.58	0.000118281
37.6	0.000116235
37.62	0.000114218
37.64	0.00011223
37.66	0.000110272
37.68	0.000108342
37.7	0.000106441
37.72	0.000104569
37.74	0.000102725
37.76	0.000100908
37.78	9.91199e-05
37.8	9.7359e-05
37.82	9.56254e-05
37.84	9.39188e-05
37.86	9.22389e-05
37.88	9.05855e-05
37.9	8.89583e-05
37.92	8.7357e-05
37.94	8.57814e-05
37.96	8.42311e-05
37.98	8.27059e-05
38	8.12056e-05
38.02	7.97298e-05
38.04	7.82783e-05
38.06	7.68507e-05
38.08	7.54467e-05
38.1	7.40662e-05
38.12	7.27087e-05
38.14	7.13741e-05
38.16	7.00619e-05
38.18	6.8772e-05
38.2	6.7504e-05
38.22	6.62577e-05
38.24	6.50327e-05
38.26	6.38287e-05
38.28	6.26456e-05
38.3	6.14829e-05
38.32	6.03405e-05
38.34	5.9218e-05
38.36	5.81151e-05
38.38	5.70315e-05
38.4	5.59671e-05
38.42	5.49214e-05
38.44	5.38942e-05
38.46	5.28853e-05
38.48	5.18944e-05
38.5	5.09211e-05
38.52	4.99653e-05
38.54	4.90267e-05
38.56	4.81049e-05
38.58	4.71998e-05
38.6	4.6311e-05
38.62	4.54384e-05
38.64	4.45816e-05
38.66	4.37405e-05
38.68	4.29147e-05
38.7	4.2104e-05
38.72	4.13081e-05
38.74	4.05269e-05
38.76	3.97601e-05
38.78	3.90074e-05
38.8	3.82686e-05
38.82	3.75435e-05
38.84	3.68319e-05
38.86	3.61335e-05
38.88	3.5448e-05
38.9	3.47754e-05
38.92	3.41153e-05
38.94	3.34675e-05
38.96	3.28319e-05
38.98	3.22082e-05
39	3.15962e-05
39.02	3.09957e-05
39.04	3.04066e-05
39.06	2.98285e-05
39.08	2.92614e-05
39.1	2.8705e-05
39.12	2.81591e-05
39.14	2.76235e-05
39.16	2.70982e-05
39.18	2.65828e-05
39.2	2.60772e-05
39.22	2.55812e-05
39.24	2.50946e-05
39.26	2.46174e-05
39.28	2.41492e-05
39.3	2.369e-05
39.32	2.32396e-05
39.34	2.27978e-05
39.36	2.23644e-05
39.38	2.19394e-05
39.4	2.15224e-05
39.42	2.11135e-05
39.44	2.07125e-05
39.46	2.03191e-05
39.48	1.99333e-05
39.5	1.9555e-05
39.52	1.91839e-05
39.54	1.88199e-05
39.56	1.8463e-05
39.58	1.81129e-05
39.6	1.77696e-05
39.62	1.7433e-05
39.64	1.71028e-05
39.66	1.67789e-05
39.68	1.64614e-05
39.7	1.61499e-05
39.72	1.58445e-05
39.74	1.5545e-05
39.76	1.52513e-05
39.78	1.49632e-05
39.8	1.46807e-05
39.82	1.44037e-05
39.84	1.4132e-05
39.86	1.38656e-05
39.88	1.36044e-05
39.9	1.33482e-05
39.92	1.30969e-05
39.94	1.28505e-05
39.96	1.26089e-05
39.98	1.2372e-05
40	1.21396e-05
40.02	1.19118e-05
40.04	1.16883e-05
40.06	1.14692e-05
40.08	1.12543e-05
40.1	1.10435e-05
40.12	1.08369e-05
40.14	1.06342e-05
40.16	1.04354e-05
40.18	1.02405e-05
40.2	1.00494e-05
40.22	9.86192e-06
40.24	9.67809e-06
40.26	9.4978e-06
40.28	9.321e-06
40.3	9.14761e-06
40.32	8.97756e-06
40.34	8.8108e-06
40.36	8.64725e-06
40.38	8.48685e-06
40.4	8.32954e-06
40.42	8.17526e-06
40.44	8.02396e-06
40.46	7.87556e-06
40.48	7.73002e-06
40.5	7.58728e-06
40.52	7.44728e-06
40.54	7.30998e-06
40.56	7.17531e-06
40.58	7.04322e-06
40.6	6.91367e-06
40.62	6.78661e-06
40.64	6.66198e-06
40.66	6.53974e-06
40.68	6.41984e-06
40.7	6.30223e-06
40.72	6.18688e-06
40.74	6.07373e-06
40.76	5.96274e-06
40.78	5.85388e-06
40.8	5.74709e-06
40.82	5.64234e-06
40.84	5.53959e-06
40.86	5.43879e-06
40.88	5.33992e-06
40.9	5.24292e-06
40.92	5.14778e-06
40.94	5.05444e-06
40.96	4.96287e-06
40.98	4.87305e-06
41	4.78492e-06
41.02	4.69847e-06
41.04	4.61366e-06
41.06	4.53045e-06
41.08	4.44882e-06
41.1	4.36873e-06
41.12	4.29016e-06
41.14	4.21307e-06
41.16	4.13743e-06
41.18	4.06322e-06
41.2	3.99041e-06
41.22	3.91897e-06
41.24	3.84888e-06
41.26	3.7801e-06
41.28	3.71262e-06
41.3	3.6464e-06
41.32	3.58143e-06
41.34	3.51768e-06
41.36	3.45512e-06
41.38	3.39373e-06
41.4	3.33349e-06
41.42	3.27437e-06
41.44	3.21636e-06
41.46	3.15944e-06
41.48	3.10357e-06
41.5	3.04875e-06
41.52	2.99495e-06
41.54	2.94215e-06
41.56	2.89033e-06
41.58	2.83947e-06
41.6	2.78956e-06
41.62	2.74057e-06
41.64	2.69249e-06
41.66	2.6453e-06
41.68	2.59899e-06
41.7	2.55353e-06
41.72	2.50891e-06
41.74	2.46511e-06
41.76	2.42213e-06
41.78	2.37993e-06
41.8	2.33851e-06
41.82	2.29786e-06
41.84	2.25795e-06
41.86	2.21877e-06
41.88	2.18032e-06
41.9	2.14256e-06
41.92	2.1055e-06
41.94	2.06912e-06
41.96	2.03341e-06
41.98	1.99835e-06
42	1.96392e-06
42.02	1.93013e-06
42.04	1.89695e-06
42.06	1.86438e-06
42.08	1.8324e-06
42.1	1.801e-06
42.12	1.77018e-06
42.14	1.73991e-06
42.16	1.71019e-06
42.18	1.68101e-06
42.2	1.65236e-06
42.22	1.62422e-06
42.24	1.5966e-06
42.26	1.56948e-06
42.28	1.54284e-06
42.3	1.51668e-06
42.32	1.491e-06
42.34	1.46578e-06
42.36	1.44101e-06
42.38	1.41669e-06
42.4	1.3928e-06
42.42	1.36935e-06
42.44	1.34631e-06
42.46	1.32369e-06
42.48	1.30147e-06
42.5	1.27965e-06
42.52	1.25821e-06
42.54	1.23716e-06
42.56	1.21649e-06
42.58	1.19619e-06
42.6	1.17624e-06
42.62	1.15665e-06
42.64	1.13741e-06
42.66	1.11851e-06
42.68	1.09995e-06
42.7	1.08171e-06
42.72	1.0638e-06
42.74	1.0462e-06
42.76	1.02892e-06
42.78	1.01194e-06
42.8	9.95262e-07
42.82	9.78877e-07
42.84	9.6278e-07
42.86	9.46967e-07
42.88	9.31431e-07
42.9	9.16169e-07
42.92	9.01175e-07
42.94	8.86443e-07
42.96	8.7197e-07
42.98	8.5775e-07
43	8.43779e-07
43.02	8.30052e-07
43.04	8.16564e-07
43.06	8.03312e-07
43.08	7.90291e-07
43.1	7.77496e-07
43.12	7.64924e-07
43.14	7.52571e-07
43.16	7.40432e-07
43.18	7.28504e-07
43.2	7.16782e-07
43.22	7.05263e-07
43.24	6.93944e-07
43.26	6.8282e-07
43.28	6.71889e-07
43.3	6.61146e-07
43.32	6.50588e-07
43.34	6.40212e-07
43.36	6.30015e-07
43.38	6.19993e-07
43.4	6.10143e-07
43.42	6.00462e-07
43.44	5.90947e-07
43.46	5.81595e-07
43.48	5.72403e-07
43.5	5.63369e-07
43.52	5.54488e-07
43.54	5.45759e-07
43.56	5.37179e-07
43.58	5.28745e-07
43.6	5.20455e-07
43.62	5.12305e-07
43.64	5.04294e-07
43.66	4.96419e-07
43.68	4.88677e-07
43.7	4.81067e-07
43.72	4.73585e-07
43.74	4.6623e-07
43.76	4.58999e-07
43.78	4.5189e-07
43.8	4.44901e-07
43.82	4.38029e-07
43.84	4.31273e-07
43.86	4.24631e-07
43.88	4.181e-07
43.9	4.11679e-07
43.92	4.05366e-07
43.94	3.99158e-07
43.96	3.93054e-07
43.98	3.87052e-07
44	3.8115e-07
44.02	3.75347e-07
44.04	3.6964e-07
44.06	3.64029e-07
44.08	3.58511e-07
44.1	3.53084e-07
44.12	3.47748e-07
44.14	3.425e-07
44.16	3.37339e-07
44.18	3.32263e-07
44.2	3.27272e-07
44.22	3.22362e-07
44.24	3.17534e-07
44.26	3.12786e-07
44.28	3.08115e-07
44.3	3.03522e-07
44.32	2.99004e-07
44.34	2.9456e-07
44.36	2.90189e-07
44.38	2.8589e-07
44.4	2.81661e-07
44.42	2.77502e-07
44.44	2.7341e-07
44.46	2.69385e-07
44.48	2.65426e-07
44.5	2.61532e-07
44.52	2.57701e-07
44.54	2.53932e-07
44.56	2.50224e-07
44.58	2.46576e-07
44.6	2.42988e-07
44.62	2.39458e-07
44.64	2.35985e-07
44.66	2.32568e-07
44.68	2.29206e-07
44.7	2.25899e-07
44.72	2.22644e-07
44.74	2.19443e-07
44.76	2.16292e-07
44.78	2.13193e-07
44.8	2.10143e-07
44.82	2.07142e-07
44.84	2.04188e-07
44.86	2.01283e-07
44.88	1.98423e-07
44.9	1.9561e-07
44.92	1.92841e-07
44.94	1.90116e-07
44.96	1.87435e-07
44.98	1.84796e-07
45	1.822e-07
45.02	1.79644e-07
45.04	1.77129e-07
45.06	1.74654e-07
45.08	1.72218e-07
45.1	1.6982e-07
45.12	1.6746e-07
45.14	1.65138e-07
45.16	1.62852e-07
45.18	1.60602e-07
45.2	1.58387e-07
45.22	1.56207e-07
45.24	1.54061e-07
45.26	1.51949e-07
45.28	1.4987e-07
45.3	1.47824e-07
45.32	1.45809e-07
45.34	1.43826e-07
45.36	1.41874e-07
45.38	1.39952e-07
45.4	1.3806e-07
45.42	1.36197e-07
45.44	1.34363e-07
45.46	1.32558e-07
45.48	1.3078e-07
45.5	1.29031e-07
45.52	1.27308e-07
45.54	1.25611e-07
45.56	1.23941e-07
45.58	1.22297e-07
45.6	1.20678e-07
45.62	1.19083e-07
45.64	1.17513e-07
45.66	1.15968e-07
45.68	1.14446e-07
45.7	1.12947e-07
45.72	1.11471e-07
45.74	1.10017e-07
45.76	1.08586e-07
45.78	1.07177e-07
45.8	1.05789e-07
45.82	1.04422e-07
45.84	1.03075e-07
45.86	1.0175e-07
45.88	1.00444e-07
45.9	9.91578e-08
45.92	9.78911e-08
45.94	9.66436e-08
45.96	9.54149e-08
45.98	9.42047e-08
46	9.30127e-08
46.02	9.18385e-08
46.04	9.0682e-08
46.06	8.95428e-08
46.08	8.84206e-08
46.1	8.73153e-08
46.12	8.62264e-08
46.14	8.51537e-08
46.16	8.4097e-08
46.18	8.30561e-08
46.2	8.20306e-08
46.22	8.10203e-08
46.24	8.00251e-08
46.26	7.90445e-08
46.28	7.80785e-08
46.3	7.71267e-08
46.32	7.6189e-08
46.34	7.52651e-08
46.36	7.43548e-08
46.38	7.34579e-08
46.4	7.25741e-08
46.42	7.17034e-08
46.44	7.08453e-08
46.46	6.99999e-08
46.48	6.91668e-08
46.5	6.83459e-08
46.52	6.7537e-08
46.54	6.67398e-08
46.56	6.59543e-08
46.58	6.51802e-08
46.6	6.44173e-08
46.62	6.36655e-08
46.64	6.29246e-08
46.66	6.21944e-08
46.68	6.14747e-08
46.7	6.07655e-08
46.72	6.00665e-08
46.74	5.93776e-08
46.76	5.86985e-08
46.78	5.80293e-08
46.8	5.73697e-08
46.82	5.67195e-08
46.84	5.60786e-08
46.86	5.54469e-08
46.88	5.48243e-08
46.9	5.42105e-08
46.92	5.36055e-08
46.94	5.30091e-08
46.96	5.24212e-08
46.98	5.18417e-08
47	5.12704e-08
47.02	5.07072e-08
47.04	5.0152e-08
47.06	4.96047e-08
47.08	4.90651e-08
47.1	4.85331e-08
47.12	4.80087e-08
47.14	4.74916e-08
47.16	4.69818e-08
47.18	4.64792e-08
47.2	4.59837e-08
47.22	4.54951e-08
47.24	4.50134e-08
47.26	4.45384e-08
47.28	4.40701e-08
47.3	4.36083e-08
47.32	4.3153e-08
47.34	4.2704e-08
47.36	4.22613e-08
47.38	4.18248e-08
47.4	4.13944e-08
47.42	4.09699e-08
47.44	4.05513e-08
47.46	4.01386e-08
47.48	3.97316e-08
47.5	3.93302e-08
47.52	3.89343e-08
47.54	3.8544e-08
47.56	3.8159e-08
47.58	3.77794e-08
47.6	3.7405e-08
47.62	3.70358e-08
47.64	3.66716e-08
47.66	3.63125e-08
47.68	3.59583e-08
47.7	3.56089e-08
47.72	3.52644e-08
47.74	3.49246e-08
47.76	3.45894e-08
47.78	3.42589e-08
47.8	3.39328e-08
47.82	3.36113e-08
47.84	3.32941e-08
47.86	3.29813e-08
47.88	3.26727e-08
47.9	3.23684e-08
47.92	3.20682e-08
47.94	3.17721e-08
47.96	3.148e-08
47.98	3.11919e-08
48	3.09077e-08
48.02	3.06274e-08
48.04	3.03509e-08
48.06	3.00782e-08
48.08	2.98091e-08
48.1	2.95438e-08
48.12	2.9282e-08
48.14	2.90238e-08
48.16	2.8769e-08
48.18	2.85178e-08
48.2	2.82699e-08
48.22	2.80254e-08
48.24	2.77842e-08
48.26	2.75463e-08
48.28	2.73116e-08
48.3	2.70801e-08
48.32	2.68517e-08
48.34	2.66264e-08
48.36	2.64042e-08
48.38	2.61849e-08
48.4	2.59687e-08
48.42	2.57553e-08
48.44	2.55449e-08
48.46	2.53373e-08
48.48	2.51325e-08
48.5	2.49305e-08
48.52	2.47313e-08
48.54	2.45347e-08
48.56	2.43408e-08
48.58	2.41496e-08
48.6	2.39609e-08
48.62	2.37748e-08
48.64	2.35913e-08
48.66	2.34102e-08
48.68	2.32316e-08
48.7	2.30554e-08
48.72	2.28816e-08
48.74	2.27102e-08
48.76	2.25412e-08
48.78	2.23744e-08
48.8	2.221e-08
48.82	2.20478e-08
48.84	2.18878e-08
48.86	2.173e-08
48.88	2.15744e-08
48.9	2.14209e-08
48.92	2.12695e-08
48.94	2.11202e-08
48.96	2.0973e-08
48.98	2.08279e-08
49	2.06847e-08
49.02	2.05436e-08
49.04	2.04044e-08
49.06	2.02671e-08
49.08	2.01318e-08
49.1	1.99983e-08
49.12	1.98668e-08
49.14	1.97371e-08
49.16	1.96092e-08
49.18	1.94831e-08
49.2	1.93589e-08
49.22	1.92364e-08
49.24	1.91156e-08
49.26	1.89966e-08
49.28	1.88793e-08
49.3	1.87636e-08
49.32	1.86497e-08
49.34	1.85374e-08
49.36	1.84267e-08
49.38	1.83177e-08
49.4	1.82102e-08
49.42	1.81044e-08
49.44	1.80001e-08
49.46	1.78973e-08
49.48	1.77961e-08
49.5	1.76964e-08
49.52	1.75983e-08
49.54	1.75016e-08
49.56	1.74063e-08
49.58	1.73126e-08
49.6	1.72203e-08
49.62	1.71294e-08
49.64	1.70399e-08
49.66	1.69519e-08
49.68	1.68652e-08
49.7	1.67799e-08
49.72	1.6696e-08
49.74	1.66134e-08
49.76	1.65322e-08
49.78	1.64523e-08
49.8	1.63737e-08
49.82	1.62965e-08
49.84	1.62205e-08
49.86	1.61458e-08
49.88	1.60724e-08
49.9	1.60003e-08
49.92	1.59294e-08
49.94	1.58597e-08
49.96	1.57914e-08
49.98	1.57242e-08
50	1.56582e-08
50.02	1.55935e-08
50.04	1.553e-08
50.06	1.54677e-08
50.08	1.54065e-08
50.1	1.53466e-08
50.12	1.52878e-08
50.14	1.52302e-08
50.16	1.51737e-08
50.18	1.51184e-08
50.2	1.50643e-08
50.22	1.50113e-08
50.24	1.49594e-08
50.26	1.49087e-08
50.28	1.48591e-08
50.3	1.48106e-08
50.32	1.47633e-08
50.34	1.47171e-08
50.36	1.4672e-08
50.38	1.46279e-08
50.4	1.4585e-08
50.42	1.45432e-08
50.44	1.45026e-08
50.46	1.4463e-08
50.48	1.44245e-08
50.5	1.43871e-08
50.52	1.43508e-08
50.54	1.43156e-08
50.56	1.42815e-08
50.58	1.42485e-08
50.6	1.42165e-08
50.62	1.41857e-08
50.64	1.4156e-08
50.66	1.41274e-08
50.68	1.40998e-08
50.7	1.40734e-08
50.72	1.40481e-08
50.74	1.40239e-08
50.76	1.40008e-08
50.78	1.39789e-08
50.8	1.3958e-08
50.82	1.39383e-08
50.84	1.39197e-08
50.86	1.39022e-08
50.88	1.38859e-08
50.9	1.38708e-08
50.92	1.38568e-08
50.94	1.3844e-08
50.96	1.38323e-08
50.98	1.38219e-08
51	1.38127e-08
51.02	1.38046e-08
51.04	1.37978e-08
51.06	1.37922e-08
51.08	1.37879e-08
51.1	1.37848e-08
51.12	1.37831e-08
51.14	1.37826e-08
51.16	1.37834e-08
51.18	1.37856e-08
51.2	1.37891e-08
51.22	1.3794e-08
51.24	1.38003e-08
51.26	1.3808e-08
51.28	1.38172e-08
51.3	1.38279e-08
51.32	1.384e-08
51.34	1.38537e-08
51.36	1.3869e-08
51.38	1.38859e-08
51.4	1.39044e-08
51.42	1.39246e-08
51.44	1.39466e-08
51.46	1.39703e-08
51.48	1.39958e-08
51.5	1.40232e-08
51.52	1.40526e-08
51.54	1.4084e-08
51.56	1.41174e-08
51.58	1.41529e-08
51.6	1.41907e-08
51.62	1.42308e-08
51.64	1.42732e-08
51.66	1.43182e-08
51.68	1.43658e-08
51.7	1.44161e-08
51.72	1.44692e-08
51.74	1.45254e-08
51.76	1.45847e-08
51.78	1.46474e-08
51.8	1.47136e-08
51.82	1.47837e-08
51.84	1.48578e-08
51.86	1.49362e-08
51.88	1.50195e-08
51.9	1.51078e-08
51.92	1.52019e-08
51.94	1.53021e-08
51.96	1.54094e-08
51.98	1.55246e-08
52	1.56488e-08
52.02	1.57838e-08
52.04	1.59317e-08
52.06	1.60957e-08
52.08	1.62811e-08
52.1	1.64968e-08
52.12	1.67615e-08
52.14	1.71226e-08
52.16	1.77375e-08
52.18	1.93713e-08
52.2	2.39868e-08
52.22	3.56211e-08
52.24	6.51896e-08
52.26	1.40233e-07
52.28	3.17038e-07
52.3	7.03106e-07
52.32	1.50667e-06
52.34	3.09362e-06
52.36	5.99268e-06
52.38	1.07994e-05
52.4	1.79491e-05
52.42	2.74886e-05
52.44	3.91065e-05
52.46	5.23427e-05
52.48	6.67318e-05
52.5	8.18539e-05
52.52	9.73518e-05
52.54	0.000112938
52.56	0.000128391
52.58	0.00014355
52.6	0.000158298
52.62	0.000172555
52.64	0.00018627
52.66	0.000199411
52.68	0.000211959
52.7	0.00022391
52.72	0.000235265
52.74	0.000246033
52.76	0.000256225
52.78	0.000265856
52.8	0.000274944
52.82	0.000283505
52.84	0.000291558
52.86	0.000299121
52.88	0.000306213
52.9	0.000312851
52.92	0.000319052
52.94	0.000324835
52.96	0.000330215
52.98	0.000335208
53	0.000339829
53.02	0.000344095
53.04	0.000348018
53.06	0.000351612
53.08	0.000354891
53.1	0.000357868
53.12	0.000360555
53.14	0.000362963
53.16	0.000365105
53.18	0.000366991
53.2	0.000368631
53.22	0.000370036
53.24	0.000371215
53.26	0.000372178
53.28	0.000372934
53.3	0.000373492
53.32	0.000373859
53.34	0.000374044
53.36	0.000374055
53.38	0.000373899
53.4	0.000373583
53.42	0.000373114
53.44	0.000372498
53.46	0.000371743
53.48	0.000370853
53.5	0.000369835
53.52	0.000368694
53.54	0.000367436
53.56	0.000366066
53.58	0.000364589
53.6	0.00036301
53.62	0.000361333
53.64	0.000359563
53.66	0.000357704
53.68	0.000355761
53.7	0.000353736
53.72	0.000351635
53.74	0.000349461
53.76	0.000347217
53.78	0.000344907
53.8	0.000342534
53.82	0.000340102
53.84	0.000337614
53.86	0.000335072
53.88	0.00033248
53.9	0.000329841
53.92	0.000327156
53.94	0.00032443
53.96	0.000321664
53.98	0.000318862
54	0.000316024
54.02	0.000313155
54.04	0.000310256
54.06	0.00030733
54.08	0.000304378
54.1	0.000301403
54.12	0.000298406
54.14	0.000295391
54.16	0.000292358
54.18	0.00028931
54.2	0.000286249
54.22	0.000283175
54.24	0.000280092
54.26	0.000277
54.28	0.000273902
54.3	0.000270798
54.32	0.000267691
54.34	0.000264582
54.36	0.000261472
54.38	0.000258363
54.4	0.000255256
54.42	0.000252152
54.44	0.000249054
54.46	0.000245961
54.48	0.000242875
54.5	0.000239797
54.52	0.000236729
54.54	0.000233671
54.56	0.000230625
54.58	0.000227591
54.6	0.00022457
54.62	0.000221564
54.64	0.000218573
54.66	0.000215598
54.68	0.000212639
54.7	0.000209698
54.72	0.000206776
54.74	0.000203873
54.76	0.000200989
54.78	0.000198125
54.8	0.000195283
54.82	0.000192462
54.84	0.000189663
54.86	0.000186887
54.88	0.000184133
54.9	0.000181403
54.92	0.000178697
54.94	0.000176015
54.96	0.000173358
54.98	0.000170726
55	0.000168119
55.02	0.000165538
55.04	0.000162983
55.06	0.000160454
55.08	0.000157951
55.1	0.000155474
55.12	0.000153025
55.14	0.000150602
55.16	0.000148207
55.18	0.000145838
55.2	0.000143497
55.22	0.000141183
55.24	0.000138897
55.26	0.000136638
55.28	0.000134406
55.3	0.000132202
55.32	0.000130025
55.34	0.000127876
55.36	0.000125755
55.38	0.00012366
55.4	0.000121593
55.42	0.000119554
55.44	0.000117541
55.46	0.000115556
55.48	0.000113597
55.5	0.000111666
55.52	0.000109761
55.54	0.000107883
55.56	0.000106031
55.58	0.000104206
55.6	0.000102407
55.62	0.000100633
55.64	9.88859e-05
55.66	9.71641e-05
55.68	9.54678e-05
55.7	9.37968e-05
55.72	9.21507e-05
55.74	9.05296e-05
55.76	8.8933e-05
55.78	8.73609e-05
55.8	8.5813e-05
55.82	8.4289e-05
55.84	8.27888e-05
55.86	8.13121e-05
55.88	7.98586e-05
55.9	7.84282e-05
55.92	7.70206e-05
55.94	7.56355e-05
55.96	7.42728e-05
55.98	7.29321e-05
56	7.16132e-05
56.02	7.03158e-05
56.04	6.90398e-05
56.06	6.77848e-05
56.08	6.65506e-05
56.1	6.53369e-05
56.12	6.41436e-05
56.14	6.29702e-05
56.16	6.18167e-05
56.18	6.06826e-05
56.2	5.95678e-05
56.22	5.84721e-05
56.24	5.7395e-05
56.26	5.63365e-05
56.28	5.52962e-05
56.3	5.4274e-05
56.32	5.32694e-05
56.34	5.22823e-05
56.36	5.13125e-05
56.38	5.03597e-05
56.4	4.94236e-05
56.42	4.8504e-05
56.44	4.76007e-05
56.46	4.67134e-05
56.48	4.58418e-05
56.5	4.49858e-05
56.52	4.41451e-05
56.54	4.33195e-05
56.56	4.25086e-05
56.58	4.17124e-05
56.6	4.09306e-05
56.62	4.01629e-05
56.64	3.94091e-05
56.66	3.8669e-05
56.68	3.79424e-05
56.7	3.7229e-05
56.72	3.65287e-05
56.74	3.58412e-05
56.76	3.51664e-05
56.78	3.45039e-05
56.8	3.38537e-05
56.82	3.32155e-05
56.84	3.2589e-05
56.86	3.19742e-05
56.88	3.13708e-05
56.9	3.07785e-05
56.92	3.01974e-05
56.94	2.9627e-05
56.96	2.90673e-05
56.98	2.8518e-05
57	2.79791e-05
57.02	2.74502e-05
57.04	2.69312e-05
57.06	2.6422e-05
57.08	2.59224e-05
57.1	2.54322e-05
57.12	2.49512e-05
57.14	2.44794e-05
57.16	2.40164e-05
57.18	2.35622e-05
57.2	2.31166e-05
57.22	2.26794e-05
57.24	2.22505e-05
57.26	2.18298e-05
57.28	2.14171e-05
57.3	2.10122e-05
57.32	2.0615e-05
57.34	2.02254e-05
57.36	1.98432e-05
57.38	1.94683e-05
57.4	1.91005e-05
57.42	1.87398e-05
57.44	1.8386e-05
57.46	1.80389e-05
57.48	1.76985e-05
57.5	1.73646e-05
57.52	1.70371e-05
57.54	1.67158e-05
57.56	1.64007e-05
57.58	1.60917e-05
57.6	1.57886e-05
57.62	1.54913e-05
57.64	1.51997e-05
57.66	1.49137e-05
57.68	1.46332e-05
57.7	1.43581e-05
57.72	1.40883e-05
57.74	1.38236e-05
57.76	1.35641e-05
57.78	1.33095e-05
57.8	1.30599e-05
57.82	1.2815e-05
57.84	1.25749e-05
57.86	1.23393e-05
57.88	1.21083e-05
57.9	1.18817e-05
57.92	1.16595e-05
57.94	1.14416e-05
57.96	1.12279e-05
57.98	1.10183e-05
58	1.08127e-05
58.02	1.0611e-05
58.04	1.04133e-05
58.06	1.02193e-05
58.08	1.00291e-05
58.1	9.84251e-06
58.12	9.65952e-06
58.14	9.48005e-06
58.16	9.30403e-06
58.18	9.13139e-06
58.2	8.96207e-06
58.22	8.796e-06
58.24	8.63311e-06
58.26	8.47335e-06
58.28	8.31666e-06
58.3	8.16297e-06
58.32	8.01223e-06
58.34	7.86437e-06
58.36	7.71935e-06
58.38	7.57711e-06
58.4	7.43759e-06
58.42	7.30074e-06
58.44	7.16651e-06
58.46	7.03485e-06
58.48	6.90571e-06
58.5	6.77903e-06
58.52	6.65477e-06
58.54	6.53288e-06
58.56	6.41332e-06
58.58	6.29604e-06
58.6	6.181e-06
58.62	6.06815e-06
58.64	5.95745e-06
58.66	5.84885e-06
58.68	5.74232e-06
58.7	5.63782e-06
58.72	5.5353e-06
58.74	5.43474e-06
58.76	5.33608e-06
58.78	5.23929e-06
58.8	5.14434e-06
58.82	5.05118e-06
58.84	4.9598e-06
58.86	4.87014e-06
58.88	4.78218e-06
58.9	4.69588e-06
58.92	4.61121e-06
58.94	4.52814e-06
58.96	4.44664e-06
58.98	4.36668e-06
59	4.28822e-06
59.02	4.21124e-06
59.04	4.13571e-06
59.06	4.0616e-06
59.08	3.98888e-06
59.1	3.91753e-06
59.12	3.84752e-06
59.14	3.77883e-06
59.16	3.71142e-06
59.18	3.64527e-06
59.2	3.58036e-06
59.22	3.51667e-06
59.24	3.45416e-06
59.26	3.39283e-06
59.28	3.33264e-06
59.3	3.27357e-06
59.32	3.2156e-06
59.34	3.15871e-06
59.36	3.10288e-06
59.38	3.04809e-06
59.4	2.99432e-06
59.42	2.94155e-06
59.44	2.88975e-06
59.46	2.83892e-06
59.48	2.78902e-06
59.5	2.74005e-06
59.52	2.69199e-06
59.54	2.64481e-06
59.56	2.59851e-06
59.58	2.55305e-06
59.6	2.50844e-06
59.62	2.46465e-06
59.64	2.42167e-06
59.66	2.37947e-06
59.68	2.33805e-06
59.7	2.2974e-06
59.72	2.25749e-06
59.74	2.21831e-06
59.76	2.17984e-06
59.78	2.14209e-06
59.8	2.10502e-06
59.82	2.06863e-06
59.84	2.0329e-06
59.86	1.99783e-06
59.88	1.9634e-06
59.9	1.92959e-06
59.92	1.8964e-06
59.94	1.86381e-06
59.96	1.83182e-06
59.98	1.8004e-06
60	1.76956e-06
60.02	1.73928e-06
60.04	1.70954e-06
60.06	1.68034e-06
60.08	1.65167e-06
60.1	1.62352e-06
60.12	1.59588e-06
60.14	1.56873e-06
60.16	1.54207e-06
60.18	1.5159e-06
60.2	1.49019e-06
60.22	1.46495e-06
60.24	1.44016e-06
60.26	1.41582e-06
60.28	1.39191e-06
60.3	1.36843e-06
60.32	1.34537e-06
60.34	1.32272e-06
60.36	1.30048e-06
60.38	1.27864e-06
60.4	1.25718e-06
60.42	1.23611e-06
60.44	1.21541e-06
60.46	1.19508e-06
60.48	1.17512e-06
60.5	1.1555e-06
60.52	1.13624e-06
60.54	1.11732e-06
60.56	1.09873e-06
60.58	1.08047e-06
60.6	1.06253e-06
60.62	1.04491e-06
60.64	1.02761e-06
60.66	1.0106e-06
60.68	9.93901e-07
60.7	9.77493e-07
60.72	9.61373e-07
60.74	9.45537e-07
60.76	9.29979e-07
60.78	9.14694e-07
60.8	8.99676e-07
60.82	8.84922e-07
60.84	8.70427e-07
60.86	8.56184e-07
60.88	8.42191e-07
60.9	8.28442e-07
60.92	8.14933e-07
60.94	8.01659e-07
60.96	7.88616e-07
60.98	7.758e-07
61	7.63207e-07
61.02	7.50833e-07
61.04	7.38673e-07
61.06	7.26724e-07
61.08	7.14982e-07
61.1	7.03443e-07
61.12	6.92104e-07
61.14	6.8096e-07
61.16	6.70009e-07
61.18	6.59247e-07
61.2	6.4867e-07
61.22	6.38275e-07
61.24	6.28059e-07
61.26	6.18018e-07
61.28	6.0815e-07
61.3	5.9845e-07
61.32	5.88918e-07
61.34	5.79548e-07
61.36	5.70338e-07
61.38	5.61286e-07
61.4	5.52388e-07
61.42	5.43643e-07
61.44	5.35046e-07
61.46	5.26595e-07
61.48	5.18289e-07
61.5	5.10123e-07
61.52	5.02096e-07
61.54	4.94205e-07
61.56	4.86448e-07
61.58	4.78822e-07
61.6	4.71326e-07
61.62	4.63956e-07
61.64	4.5671e-07
61.66	4.49587e-07
61.68	4.42583e-07
61.7	4.35698e-07
61.72	4.28928e-07
61.74	4.22272e-07
61.76	4.15728e-07
61.78	4.09294e-07
61.8	4.02968e-07
61.82	3.96747e-07
61.84	3.90631e-07
61.86	3.84616e-07
61.88	3.78703e-07
61.9	3.72887e-07
61.92	3.67169e-07
61.94	3.61546e-07
61.96	3.56016e-07
61.98	3.50579e-07
62	3.45231e-07
62.02	3.39973e-07
62.04	3.34801e-07
62.06	3.29715e-07
62.08	3.24713e-07
62.1	3.19794e-07
62.12	3.14956e-07
62.14	3.10198e-07
62.16	3.05518e-07
62.18	3.00916e-07
62.2	2.96388e-07
62.22	2.91936e-07
62.24	2.87556e-07
62.26	2.83248e-07
62.28	2.79011e-07
62.3	2.74843e-07
62.32	2.70743e-07
62.34	2.66711e-07
62.36	2.62744e-07
62.38	2.58841e-07
62.4	2.55003e-07
62.42	2.51226e-07
62.44	2.47512e-07
62.46	2.43857e-07
62.48	2.40262e-07
62.5	2.36725e-07
62.52	2.33245e-07
62.54	2.29822e-07
62.56	2.26454e-07
62.58	2.2314e-07
62.6	2.1988e-07
62.62	2.16672e-07
62.64	2.13516e-07
62.66	2.1041e-07
62.68	2.07355e-07
62.7	2.04349e-07
62.72	2.0139e-07
62.74	1.98479e-07
62.76	1.95615e-07
62.78	1.92797e-07
62.8	1.90023e-07
62.82	1.87294e-07
62.84	1.84608e-07
62.86	1.81965e-07
62.88	1.79364e-07
62.9	1.76804e-07
62.92	1.74285e-07
62.94	1.71806e-07
62.96	1.69366e-07
62.98	1.66965e-07
63	1.64601e-07
63.02	1.62275e-07
63.04	1.59986e-07
63.06	1.57733e-07
63.08	1.55515e-07
63.1	1.53332e-07
63.12	1.51183e-07
63.14	1.49068e-07
63.16	1.46986e-07
63.18	1.44937e-07
63.2	1.42919e-07
63.22	1.40934e-07
63.24	1.38979e-07
63.26	1.37055e-07
63.28	1.3516e-07
63.3	1.33295e-07
63.32	1.31459e-07
63.34	1.29652e-07
63.36	1.27873e-07
63.38	1.26121e-07
63.4	1.24396e-07
63.42	1.22698e-07
63.44	1.21026e-07
63.46	1.1938e-07
63.48	1.17759e-07
63.5	1.16163e-07
63.52	1.14592e-07
63.54	1.13045e-07
63.56	1.11521e-07
63.58	1.10021e-07
63.6	1.08544e-07
63.62	1.07089e-07
63.64	1.05657e-07
63.66	1.04246e-07
63.68	1.02857e-07
63.7	1.01489e-07
63.72	1.00142e-07
63.74	9.88153e-08
63.76	9.75088e-08
63.78	9.6222e-08
63.8	9.49546e-08
63.82	9.37064e-08
63.84	9.24771e-08
63.86	9.12663e-08
63.88	9.00737e-08
63.9	8.8899e-08
63.92	8.7742e-08
63.94	8.66024e-08
63.96	8.54798e-08
63.98	8.43741e-08
64	8.32848e-08
64.02	8.22119e-08
64.04	8.11549e-08
64.06	8.01137e-08
64.08	7.9088e-08
64.1	7.80776e-08
64.12	7.70821e-08
64.14	7.61014e-08
64.16	7.51352e-08
64.18	7.41834e-08
64.2	7.32456e-08
64.22	7.23216e-08
64.24	7.14113e-08
64.26	7.05143e-08
64.28	6.96306e-08
64.3	6.87598e-08
64.32	6.79018e-08
64.34	6.70564e-08
64.36	6.62234e-08
64.38	6.54025e-08
64.4	6.45936e-08
64.42	6.37966e-08
64.44	6.30111e-08
64.46	6.22371e-08
64.48	6.14743e-08
64.5	6.07226e-08
64.52	5.99818e-08
64.54	5.92517e-08
64.56	5.85321e-08
64.58	5.7823e-08
64.6	5.71241e-08
64.62	5.64353e-08
64.64	5.57564e-08
64.66	5.50872e-08
64.68	5.44277e-08
64.7	5.37776e-08
64.72	5.31368e-08
64.74	5.25052e-08
64.76	5.18826e-08
64.78	5.12689e-08
64.8	5.06639e-08
64.82	5.00676e-08
64.84	4.94797e-08
64.86	4.89002e-08
64.88	4.83289e-08
64.9	4.77657e-08
64.92	4.72105e-08
64.94	4.66631e-08
64.96	4.61234e-08
64.98	4.55914e-08
65	4.50668e-08
65.02	4.45497e-08
65.04	4.40397e-08
65.06	4.3537e-08
65.08	4.30413e-08
65.1	4.25525e-08
65.12	4.20705e-08
65.14	4.15953e-08
65.16	4.11267e-08
65.18	4.06647e-08
65.2	4.0209e-08
65.22	3.97597e-08
65.24	3.93166e-08
65.26	3.88797e-08
65.28	3.84488e-08
65.3	3.80239e-08
65.32	3.76048e-08
65.34	3.71915e-08
65.36	3.67839e-08
65.38	3.6382e-08
65.4	3.59855e-08
65.42	3.55945e-08
65.44	3.52088e-08
65.46	3.48284e-08
65.48	3.44533e-08
65.5	3.40832e-08
65.52	3.37182e-08
65.54	3.33582e-08
65.56	3.3003e-08
65.58	3.26527e-08
65.6	3.23072e-08
65.62	3.19663e-08
65.64	3.163e-08
65.66	3.12983e-08
65.68	3.09711e-08
65.7	3.06483e-08
65.72	3.03298e-08
65.74	3.00157e-08
65.76	2.97057e-08
65.78	2.93999e-08
65.8	2.90982e-08
65.82	2.88006e-08
65.84	2.85069e-08
65.86	2.82172e-08
65.88	2.79313e-08
65.9	2.76492e-08
65.92	2.73709e-08
65.94	2.70963e-08
65.96	2.68254e-08
65.98	2.6558e-08
66	2.62942e-08
66.02	2.60339e-08
66.04	2.5777e-08
66.06	2.55235e-08
66.08	2.52734e-08
66.1	2.50266e-08
66.12	2.4783e-08
66.14	2.45426e-08
66.16	2.43053e-08
66.18	2.40712e-08
66.2	2.38402e-08
66.22	2.36122e-08
66.24	2.33871e-08
66.26	2.3165e-08
66.28	2.29458e-08
66.3	2.27294e-08
66.32	2.25159e-08
66.34	2.23052e-08
66.36	2.20971e-08
66.38	2.18918e-08
66.4	2.16892e-08
66.42	2.14891e-08
66.44	2.12917e-08
66.46	2.10968e-08
66.48	2.09044e-08
66.5	2.07145e-08
66.52	2.05271e-08
66.54	2.03421e-08
66.56	2.01594e-08
66.58	1.99791e-08
66.6	1.98011e-08
66.62	1.96254e-08
66.64	1.9452e-08
66.66	1.92807e-08
66.68	1.91117e-08
66.7	1.89448e-08
66.72	1.878e-08
66.74	1.86174e-08
66.76	1.84568e-08
66.78	1.82982e-08
66.8	1.81417e-08
66.82	1.79872e-08
66.84	1.78346e-08
66.86	1.7684e-08
66.88	1.75352e-08
66.9	1.73884e-08
66.92	1.72434e-08
66.94	1.71003e-08
66.96	1.69589e-08
66.98	1.68194e-08
67	1.66816e-08
67.02	1.65455e-08
67.04	1.64112e-08
67.06	1.62785e-08
67.08	1.61476e-08
67.1	1.60182e-08
67.12	1.58905e-08
67.14	1.57644e-08
67.16	1.56399e-08
67.18	1.5517e-08
67.2	1.53955e-08
67.22	1.52757e-08
67.24	1.51573e-08
67.26	1.50404e-08
67.28	1.49249e-08
67.3	1.48109e-08
67.32	1.46984e-08
67.34	1.45872e-08
67.36	1.44774e-08
67.38	1.4369e-08
67.4	1.4262e-08
67.42	1.41563e-08
67.44	1.40519e-08
67.46	1.39488e-08
67.48	1.3847e-08
67.5	1.37465e-08
67.52	1.36472e-08
67.54	1.35491e-08
67.56	1.34523e-08
67.58	1.33567e-08
67.6	1.32623e-08
67.62	1.31691e-08
67.64	1.3077e-08
67.66	1.29861e-08
67.68	1.28963e-08
67.7	1.28076e-08
67.72	1.27201e-08
67.74	1.26336e-08
67.76	1.25482e-08
67.78	1.24639e-08
67.8	1.23806e-08
67.82	1.22984e-08
67.84	1.22172e-08
67.86	1.2137e-08
67.88	1.20578e-08
67.9	1.19796e-08
67.92	1.19024e-08
67.94	1.18262e-08
67.96	1.17509e-08
67.98	1.16766e-08
68	1.16032e-08
68.02	1.15307e-08
68.04	1.14591e-08
68.06	1.13885e-08
68.08	1.13187e-08
68.1	1.12498e-08
68.12	1.11818e-08
68.14	1.11146e-08
68.16	1.10483e-08
68.18	1.09829e-08
68.2	1.09182e-08
68.22	1.08544e-08
68.24	1.07914e-08
68.26	1.07293e-08
68.28	1.06679e-08
68.3	1.06073e-08
68.32	1.05474e-08
68.34	1.04884e-08
68.36	1.04301e-08
68.38	1.03725e-08
68.4	1.03157e-08
68.42	1.02597e-08
68.44	1.02043e-08
68.46	1.01497e-08
68.48	1.00958e-08
68.5	1.00426e-08
68.52	9.99012e-09
68.54	9.93832e-09
68.56	9.88719e-09
68.58	9.83675e-09
68.6	9.78697e-09
68.62	9.73786e-09
68.64	9.68941e-09
68.66	9.6416e-09
68.68	9.59444e-09
68.7	9.54791e-09
68.72	9.50202e-09
68.74	9.45675e-09
68.76	9.4121e-09
68.78	9.36806e-09
68.8	9.32462e-09
68.82	9.28179e-09
68.84	9.23955e-09
68.86	9.1979e-09
68.88	9.15684e-09
68.9	9.11635e-09
68.92	9.07644e-09
68.94	9.03709e-09
68.96	8.99831e-09
68.98	8.96009e-09
69	8.92242e-09
69.02	8.88529e-09
69.04	8.84871e-09
69.06	8.81267e-09
69.08	8.77717e-09
69.1	8.74219e-09
69.12	8.70774e-09
69.14	8.67381e-09
69.16	8.64039e-09
69.18	8.60749e-09
69.2	8.5751e-09
69.22	8.54321e-09
69.24	8.51182e-09
69.26	8.48093e-09
69.28	8.45053e-09
69.3	8.42063e-09
69.32	8.3912e-09
69.34	8.36226e-09
69.36	8.3338e-09
69.38	8.30582e-09
69.4	8.2783e-09
69.42	8.25126e-09
69.44	8.22468e-09
69.46	8.19857e-09
69.48	8.17291e-09
69.5	8.14771e-09
69.52	8.12297e-09
69.54	8.09868e-09
69.56	8.07484e-09
69.58	8.05144e-09
69.6	8.02849e-09
69.62	8.00598e-09
69.64	7.9839e-09
69.66	7.96227e-09
69.68	7.94107e-09
69.7	7.9203e-09
69.72	7.89996e-09
69.74	7.88005e-09
69.76	7.86057e-09
69.78	7.84151e-09
69.8	7.82287e-09
69.82	7.80466e-09
69.84	7.78686e-09
69.86	7.76948e-09
69.88	7.75252e-09
69.9	7.73597e-09
69.92	7.71984e-09
69.94	7.70412e-09
69.96	7.68881e-09
69.98	7.67391e-09
70	7.65942e-09
70.02	7.64534e-09
70.04	7.63166e-09
70.06	7.61839e-09
70.08	7.60553e-09
70.1	7.59307e-09
70.12	7.58101e-09
70.14	7.56936e-09
70.16	7.55811e-09
70.18	7.54727e-09
70.2	7.53683e-09
70.22	7.52679e-09
70.24	7.51715e-09
70.26	7.50792e-09
70.28	7.49909e-09
70.3	7.49066e-09
70.32	7.48263e-09
70.34	7.47501e-09
70.36	7.46779e-09
70.38	7.46098e-09
70.4	7.45457e-09
70.42	7.44856e-09
70.44	7.44296e-09
70.46	7.43777e-09
70.48	7.43299e-09
70.5	7.42862e-09
70.52	7.42465e-09
70.54	7.4211e-09
70.56	7.41796e-09
70.58	7.41524e-09
70.6	7.41293e-09
70.62	7.41104e-09
70.64	7.40957e-09
70.66	7.40853e-09
70.68	7.4079e-09
70.7	7.40771e-09
70.72	7.40794e-09
70.74	7.4086e-09
70.76	7.40969e-09
70.78	7.41122e-09
70.8	7.41319e-09
70.82	7.4156e-09
70.84	7.41846e-09
70.86	7.42176e-09
70.88	7.42552e-09
70.9	7.42973e-09
70.92	7.4344e-09
70.94	7.43954e-09
70.96	7.44514e-09
70.98	7.45121e-09
71	7.45776e-09
71.02	7.46479e-09
71.04	7.4723e-09
71.06	7.48031e-09
71.08	7.48881e-09
71.1	7.49781e-09
71.12	7.50732e-09
71.14	7.51735e-09
71.16	7.52789e-09
71.18	7.53896e-09
71.2	7.55056e-09
71.22	7.5627e-09
71.24	7.57538e-09
71.26	7.58862e-09
71.28	7.60242e-09
71.3	7.6168e-09
71.32	7.63175e-09
71.34	7.64729e-09
71.36	7.66343e-09
71.38	7.68017e-09
71.4	7.69753e-09
71.42	7.71552e-09
71.44	7.73414e-09
71.46	7.75341e-09
71.48	7.77335e-09
71.5	7.79396e-09
71.52	7.81526e-09
71.54	7.83725e-09
71.56	7.85996e-09
71.58	7.8834e-09
71.6	7.90758e-09
71.62	7.93252e-09
71.64	7.95824e-09
71.66	7.98476e-09
71.68	8.01208e-09
71.7	8.04024e-09
71.72	8.06925e-09
71.74	8.09914e-09
71.76	8.12992e-09
71.78	8.16162e-09
71.8	8.19426e-09
71.82	8.22788e-09
71.84	8.26249e-09
71.86	8.29812e-09
71.88	8.33482e-09
71.9	8.3726e-09
71.92	8.41151e-09
71.94	8.45158e-09
71.96	8.49284e-09
71.98	8.53535e-09
72	8.57914e-09
72.02	8.62426e-09
72.04	8.67076e-09
72.06	8.71869e-09
72.08	8.76811e-09
72.1	8.81909e-09
72.12	8.87168e-09
72.14	8.92597e-09
72.16	8.98202e-09
72.18	9.03993e-09
72.2	9.09979e-09
72.22	9.1617e-09
72.24	9.22576e-09
72.26	9.29212e-09
72.28	9.36089e-09
72.3	9.43224e-09
72.32	9.50634e-09
72.34	9.58338e-09
72.36	9.66358e-09
72.38	9.74721e-09
72.4	9.83456e-09
72.42	9.92596e-09
72.44	1.00219e-08
72.46	1.01227e-08
72.48	1.02292e-08
72.5	1.03421e-08
72.52	1.04623e-08
72.54	1.05913e-08
72.56	1.0731e-08
72.58	1.08842e-08
72.6	1.10557e-08
72.62	1.12539e-08
72.64	1.14976e-08
72.66	1.18378e-08
72.68	1.24664e-08
72.7	1.42343e-08
72.72	1.91692e-08
72.74	3.19463e-08
72.76	6.58669e-08
72.78	1.52936e-07
72.8	3.56879e-07
72.82	8.00652e-07
72.84	1.71955e-06
72.86	3.50898e-06
72.88	6.70815e-06
72.9	1.18761e-05
72.92	1.93519e-05
72.94	2.90818e-05
72.96	4.07153e-05
72.98	5.38025e-05
73	6.79051e-05
73.02	8.2633e-05
73.04	9.76582e-05
73.06	0.000112719
73.08	0.000127617
73.1	0.000142205
73.12	0.000156382
73.14	0.000170075
73.16	0.000183239
73.18	0.000195844
73.2	0.000207877
73.22	0.000219334
73.24	0.000230216
73.26	0.000240532
73.28	0.000250295
73.3	0.000259518
73.32	0.000268218
73.34	0.000276411
73.36	0.000284116
73.38	0.00029135
73.4	0.000298129
73.42	0.000304473
73.44	0.000310396
73.46	0.000315916
73.48	0.000321048
73.5	0.000325809
73.52	0.000330211
73.54	0.000334271
73.56	0.000338001
73.58	0.000341415
73.6	0.000344526
73.62	0.000347346
73.64	0.000349887
73.66	0.00035216
73.68	0.000354176
73.7	0.000355946
73.72	0.00035748
73.74	0.000358788
73.76	0.000359879
73.78	0.000360762
73.8	0.000361446
73.82	0.000361939
73.84	0.000362249
73.86	0.000362385
73.88	0.000362353
73.9	0.00036216
73.92	0.000361814
73.94	0.000361321
73.96	0.000360687
73.98	0.000359919
74	0.000359022
74.02	0.000358002
74.04	0.000356865
74.06	0.000355614
74.08	0.000354257
74.1	0.000352796
74.12	0.000351238
74.14	0.000349586
74.16	0.000347845
74.18	0.000346019
74.2	0.000344112
74.22	0.000342127
74.24	0.000340069
74.26	0.00033794
74.28	0.000335745
74.3	0.000333487
74.32	0.000331169
74.34	0.000328795
74.36	0.000326366
74.38	0.000323887
74.4	0.000321359
74.42	0.000318786
74.44	0.000316171
74.46	0.000313515
74.48	0.000310822
74.5	0.000308094
74.52	0.000305333
74.54	0.000302542
74.56	0.000299722
74.58	0.000296876
74.6	0.000294006
74.62	0.000291115
74.64	0.000288203
74.66	0.000285273
74.68	0.000282328
74.7	0.000279367
74.72	0.000276395
74.74	0.000273411
74.76	0.000270418
74.78	0.000267418
74.8	0.000264411
74.82	0.0002614
74.84	0.000258386
74.86	0.00025537
74.88	0.000252355
74.9	0.00024934
74.92	0.000246328
74.94	0.000243319
74.96	0.000240316
74.98	0.000237318
75	0.000234328
75.02	0.000231346
75.04	0.000228374
75.06	0.000225412
75.08	0.000222461
75.1	0.000219523
75.12	0.000216598
75.14	0.000213687
75.16	0.000210791
75.18	0.000207911
75.2	0.000205048
75.22	0.000202202
75.24	0.000199374
75.26	0.000196564
75.28	0.000193774
75.3	0.000191004
75.32	0.000188254
75.34	0.000185526
75.36	0.000182819
75.38	0.000180134
75.4	0.000177471
75.42	0.000174831
75.44	0.000172215
75.46	0.000169623
75.48	0.000167054
75.5	0.00016451
75.52	0.00016199
75.54	0.000159496
75.56	0.000157027
75.58	0.000154583
75.6	0.000152165
75.62	0.000149773
75.64	0.000147406
75.66	0.000145066
75.68	0.000142752
75.7	0.000140465
75.72	0.000138204
75.74	0.00013597
75.76	0.000133762
75.78	0.000131581
75.8	0.000129427
75.82	0.000127299
75.84	0.000125198
75.86	0.000123123
75.88	0.000121076
75.9	0.000119055
75.92	0.00011706
75.94	0.000115092
75.96	0.00011315
75.98	0.000111234
76	0.000109345
76.02	0.000107482
76.04	0.000105644
76.06	0.000103833
76.08	0.000102047
76.1	0.000100287
76.12	9.85514e-05
76.14	9.68415e-05
76.16	9.51566e-05
76.18	9.34965e-05
76.2	9.18611e-05
76.22	9.02501e-05
76.24	8.86633e-05
76.26	8.71006e-05
76.28	8.55617e-05
76.3	8.40464e-05
76.32	8.25546e-05
76.34	8.10859e-05
76.36	7.96402e-05
76.38	7.82172e-05
76.4	7.68167e-05
76.42	7.54385e-05
76.44	7.40824e-05
76.46	7.2748e-05
76.48	7.14352e-05
76.5	7.01437e-05
76.52	6.88733e-05
76.54	6.76237e-05
76.56	6.63947e-05
76.58	6.5186e-05
76.6	6.39974e-05
76.62	6.28287e-05
76.64	6.16795e-05
76.66	6.05497e-05
76.68	5.9439e-05
76.7	5.83471e-05
76.72	5.72739e-05
76.74	5.62189e-05
76.76	5.51821e-05
76.78	5.41631e-05
76.8	5.31618e-05
76.82	5.21778e-05
76.84	5.12109e-05
76.86	5.02609e-05
76.88	4.93275e-05
76.9	4.84105e-05
76.92	4.75096e-05
76.94	4.66247e-05
76.96	4.57555e-05
76.98	4.49017e-05
77	4.40631e-05
77.02	4.32394e-05
77.04	4.24306e-05
77.06	4.16362e-05
77.08	4.08562e-05
77.1	4.00902e-05
77.12	3.93381e-05
77.14	3.85996e-05
77.16	3.78745e-05
77.18	3.71626e-05
77.2	3.64638e-05
77.22	3.57776e-05
77.24	3.51041e-05
77.26	3.44429e-05
77.28	3.37939e-05
77.3	3.31568e-05
77.32	3.25315e-05
77.34	3.19178e-05
77.36	3.13154e-05
77.38	3.07242e-05
77.4	3.01439e-05
77.42	2.95745e-05
77.44	2.90157e-05
77.46	2.84673e-05
77.48	2.79292e-05
77.5	2.74011e-05
77.52	2.68829e-05
77.54	2.63745e-05
77.56	2.58756e-05
77.58	2.53861e-05
77.6	2.49058e-05
77.62	2.44346e-05
77.64	2.39723e-05
77.66	2.35187e-05
77.68	2.30737e-05
77.7	2.26371e-05
77.72	2.22088e-05
77.74	2.17886e-05
77.76	2.13764e-05
77.78	2.0972e-05
77.8	2.05753e-05
77.82	2.01862e-05
77.84	1.98045e-05
77.86	1.943e-05
77.88	1.90627e-05
77.9	1.87025e-05
77.92	1.83491e-05
77.94	1.80024e-05
77.96	1.76624e-05
77.98	1.73289e-05
78	1.70018e-05
78.02	1.66809e-05
78.04	1.63662e-05
78.06	1.60575e-05
78.08	1.57547e-05
78.1	1.54578e-05
78.12	1.51665e-05
78.14	1.48809e-05
78.16	1.46007e-05
78.18	1.43259e-05
78.2	1.40564e-05
78.22	1.37921e-05
78.24	1.35329e-05
78.26	1.32786e-05
78.28	1.30292e-05
78.3	1.27847e-05
78.32	1.25448e-05
78.34	1.23095e-05
78.36	1.20788e-05
78.38	1.18525e-05
78.4	1.16306e-05
78.42	1.14129e-05
78.44	1.11995e-05
78.46	1.09901e-05
78.48	1.07848e-05
78.5	1.05834e-05
78.52	1.03859e-05
78.54	1.01921e-05
78.56	1.00022e-05
78.58	9.81584e-06
78.6	9.63309e-06
78.62	9.45386e-06
78.64	9.27807e-06
78.66	9.10566e-06
78.68	8.93657e-06
78.7	8.77072e-06
78.72	8.60806e-06
78.74	8.44853e-06
78.76	8.29206e-06
78.78	8.13859e-06
78.8	7.98806e-06
78.82	7.84042e-06
78.84	7.69561e-06
78.86	7.55358e-06
78.88	7.41427e-06
78.9	7.27763e-06
78.92	7.14361e-06
78.94	7.01215e-06
78.96	6.88321e-06
78.98	6.75673e-06
79	6.63267e-06
79.02	6.51098e-06
79.04	6.39162e-06
79.06	6.27453e-06
79.08	6.15968e-06
79.1	6.04702e-06
79.12	5.93651e-06
79.14	5.8281e-06
79.16	5.72176e-06
79.18	5.61744e-06
79.2	5.51511e-06
79.22	5.41472e-06
79.24	5.31624e-06
79.26	5.21963e-06
79.28	5.12486e-06
79.3	5.03188e-06
79.32	4.94067e-06
79.34	4.85119e-06
79.36	4.7634e-06
79.38	4.67727e-06
79.4	4.59277e-06
79.42	4.50987e-06
79.44	4.42854e-06
79.46	4.34874e-06
79.48	4.27045e-06
79.5	4.19363e-06
79.52	4.11826e-06
79.54	4.04431e-06
79.56	3.97175e-06
79.58	3.90056e-06
79.6	3.83071e-06
79.62	3.76216e-06
79.64	3.69491e-06
79.66	3.62891e-06
79.68	3.56416e-06
79.7	3.50061e-06
79.72	3.43826e-06
79.74	3.37707e-06
79.76	3.31702e-06
79.78	3.2581e-06
79.8	3.20028e-06
79.82	3.14353e-06
79.84	3.08785e-06
79.86	3.0332e-06
79.88	2.97956e-06
79.9	2.92693e-06
79.92	2.87527e-06
79.94	2.82457e-06
79.96	2.77481e-06
79.98	2.72597e-06
80	2.67804e-06
80.02	2.63099e-06
80.04	2.58482e-06
80.06	2.5395e-06
80.08	2.49501e-06
80.1	2.45135e-06
80.12	2.40849e-06
80.14	2.36642e-06
80.16	2.32512e-06
80.18	2.28459e-06
80.2	2.24479e-06
80.22	2.20573e-06
80.24	2.16739e-06
80.26	2.12975e-06
80.28	2.0928e-06
80.3	2.05653e-06
80.32	2.02092e-06
80.34	1.98596e-06
80.36	1.95163e-06
80.38	1.91794e-06
80.4	1.88486e-06
80.42	1.85238e-06
80.44	1.82049e-06
80.46	1.78919e-06
80.48	1.75845e-06
80.5	1.72827e-06
80.52	1.69864e-06
80.54	1.66954e-06
80.56	1.64097e-06
80.58	1.61292e-06
80.6	1.58538e-06
80.62	1.55833e-06
80.64	1.53177e-06
80.66	1.5057e-06
80.68	1.48009e-06
80.7	1.45494e-06
80.72	1.43024e-06
80.74	1.40599e-06
80.76	1.38218e-06
80.78	1.35879e-06
80.8	1.33582e-06
80.82	1.31326e-06
80.84	1.29111e-06
80.86	1.26936e-06
80.88	1.24799e-06
80.9	1.227e-06
80.92	1.20639e-06
80.94	1.18614e-06
80.96	1.16626e-06
80.98	1.14673e-06
81	1.12755e-06
81.02	1.10871e-06
81.04	1.0902e-06
81.06	1.07202e-06
81.08	1.05416e-06
81.1	1.03662e-06
81.12	1.01939e-06
81.14	1.00247e-06
81.16	9.85841e-07
81.18	9.69507e-07
81.2	9.53462e-07
81.22	9.37699e-07
81.24	9.22214e-07
81.26	9.07e-07
81.28	8.92055e-07
81.3	8.77371e-07
81.32	8.62945e-07
81.34	8.48772e-07
81.36	8.34847e-07
81.38	8.21166e-07
81.4	8.07724e-07
81.42	7.94516e-07
81.44	7.81539e-07
81.46	7.68789e-07
81.48	7.5626e-07
81.5	7.43949e-07
81.52	7.31853e-07
81.54	7.19966e-07
81.56	7.08286e-07
81.58	6.96808e-07
81.6	6.85529e-07
81.62	6.74446e-07
81.64	6.63554e-07
81.66	6.5285e-07
81.68	6.42331e-07
81.7	6.31994e-07
81.72	6.21834e-07
81.74	6.1185e-07
81.76	6.02037e-07
81.78	5.92393e-07
81.8	5.82915e-07
81.82	5.73599e-07
81.84	5.64443e-07
81.86	5.55444e-07
81.88	5.46599e-07
81.9	5.37905e-07
81.92	5.29359e-07
81.94	5.20959e-07
81.96	5.12703e-07
81.98	5.04587e-07
82	4.96609e-07
82.02	4.88767e-07
82.04	4.81058e-07
82.06	4.7348e-07
82.08	4.66031e-07
82.1	4.58707e-07
82.12	4.51508e-07
82.14	4.4443e-07
82.16	4.37472e-07
82.18	4.30632e-07
82.2	4.23906e-07
82.22	4.17295e-07
82.24	4.10794e-07
82.26	4.04403e-07
82.28	3.98119e-07
82.3	3.9194e-07
82.32	3.85865e-07
82.34	3.79892e-07
82.36	3.74019e-07
82.38	3.68245e-07
82.4	3.62566e-07
82.42	3.56983e-07
82.44	3.51492e-07
82.46	3.46093e-07
82.48	3.40784e-07
82.5	3.35564e-07
82.52	3.3043e-07
82.54	3.25381e-07
82.56	3.20416e-07
82.58	3.15533e-07
82.6	3.10731e-07
82.62	3.06008e-07
82.64	3.01364e-07
82.66	2.96796e-07
82.68	2.92303e-07
82.7	2.87885e-07
82.72	2.83539e-07
82.74	2.79265e-07
82.76	2.75061e-07
82.78	2.70926e-07
82.8	2.66858e-07
82.82	2.62858e-07
82.84	2.58923e-07
82.86	2.55052e-07
82.88	2.51244e-07
82.9	2.47499e-07
82.92	2.43814e-07
82.94	2.4019e-07
82.96	2.36625e-07
82.98	2.33117e-07
83	2.29667e-07
83.02	2.26272e-07
83.04	2.22933e-07
83.06	2.19648e-07
83.08	2.16415e-07
83.1	2.13235e-07
83.12	2.10107e-07
83.14	2.07029e-07
83.16	2.04e-07
83.18	2.01021e-07
83.2	1.98089e-07
83.22	1.95204e-07
83.24	1.92366e-07
83.26	1.89573e-07
83.28	1.86824e-07
83.3	1.8412e-07
83.32	1.81459e-07
83.34	1.78841e-07
83.36	1.76264e-07
83.38	1.73729e-07
83.4	1.71233e-07
83.42	1.68778e-07
83.44	1.66361e-07
83.46	1.63983e-07
83.48	1.61642e-07
83.5	1.59339e-07
83.52	1.57072e-07
83.54	1.54841e-07
83.56	1.52645e-07
83.58	1.50484e-07
83.6	1.48356e-07
83.62	1.46263e-07
83.64	1.44202e-07
83.66	1.42173e-07
83.68	1.40177e-07
83.7	1.38212e-07
83.72	1.36277e-07
83.74	1.34373e-07
83.76	1.32498e-07
83.78	1.30653e-07
83.8	1.28836e-07
83.82	1.27048e-07
83.84	1.25288e-07
83.86	1.23555e-07
83.88	1.21849e-07
83.9	1.20169e-07
83.92	1.18516e-07
83.94	1.16887e-07
83.96	1.15285e-07
83.98	1.13706e-07
84	1.12153e-07
84.02	1.10623e-07
84.04	1.09117e-07
84.06	1.07634e-07
84.08	1.06173e-07
84.1	1.04735e-07
84.12	1.0332e-07
84.14	1.01925e-07
84.16	1.00553e-07
84.18	9.92006e-08
84.2	9.78694e-08
84.22	9.65584e-08
84.24	9.52674e-08
84.26	9.3996e-08
84.28	9.27439e-08
84.3	9.15108e-08
84.32	9.02965e-08
84.34	8.91005e-08
84.36	8.79225e-08
84.38	8.67624e-08
84.4	8.56198e-08
84.42	8.44944e-08
84.44	8.33859e-08
84.46	8.22941e-08
84.48	8.12187e-08
84.5	8.01594e-08
84.52	7.9116e-08
84.54	7.80882e-08
84.56	7.70757e-08
84.58	7.60784e-08
84.6	7.5096e-08
84.62	7.41282e-08
84.64	7.31747e-08
84.66	7.22355e-08
84.68	7.13102e-08
84.7	7.03986e-08
84.72	6.95005e-08
84.74	6.86157e-08
84.76	6.7744e-08
84.78	6.68851e-08
84.8	6.60389e-08
84.82	6.52051e-08
84.84	6.43836e-08
84.86	6.35742e-08
84.88	6.27766e-08
84.9	6.19907e-08
84.92	6.12164e-08
84.94	6.04533e-08
84.96	5.97014e-08
84.98	5.89604e-08
85	5.82303e-08
85.02	5.75107e-08
85.04	5.68017e-08
85.06	5.61029e-08
85.08	5.54142e-08
85.1	5.47355e-08
85.12	5.40666e-08
85.14	5.34074e-08
85.16	5.27577e-08
85.18	5.21173e-08
85.2	5.14862e-08
85.22	5.08641e-08
85.24	5.0251e-08
85.26	4.96466e-08
85.28	4.90509e-08
85.3	4.84638e-08
85.32	4.7885e-08
85.34	4.73145e-08
85.36	4.67521e-08
85.38	4.61977e-08
85.4	4.56512e-08
85.42	4.51124e-08
85.44	4.45813e-08
85.46	4.40577e-08
85.48	4.35415e-08
85.5	4.30326e-08
85.52	4.25309e-08
85.54	4.20363e-08
85.56	4.15486e-08
85.58	4.10678e-08
85.6	4.05937e-08
85.62	4.01263e-08
85.64	3.96655e-08
85.66	3.9211e-08
85.68	3.8763e-08
85.7	3.83211e-08
85.72	3.78855e-08
85.74	3.74559e-08
85.76	3.70323e-08
85.78	3.66145e-08
85.8	3.62026e-08
85.82	3.57963e-08
85.84	3.53957e-08
85.86	3.50006e-08
85.88	3.4611e-08
85.9	3.42268e-08
85.92	3.38478e-08
85.94	3.3474e-08
85.96	3.31054e-08
85.98	3.27418e-08
86	3.23833e-08
86.02	3.20296e-08
86.04	3.16807e-08
86.06	3.13366e-08
86.08	3.09972e-08
86.1	3.06625e-08
86.12	3.03322e-08
86.14	3.00065e-08
86.16	2.96852e-08
86.18	2.93682e-08
86.2	2.90555e-08
86.22	2.87471e-08
86.24	2.84428e-08
86.26	2.81426e-08
86.28	2.78464e-08
86.3	2.75543e-08
86.32	2.7266e-08
86.34	2.69817e-08
86.36	2.67011e-08
86.38	2.64243e-08
86.4	2.61512e-08
86.42	2.58817e-08
86.44	2.56159e-08
86.46	2.53535e-08
86.48	2.50947e-08
86.5	2.48393e-08
86.52	2.45873e-08
86.54	2.43386e-08
86.56	2.40932e-08
86.58	2.38511e-08
86.6	2.36121e-08
86.62	2.33763e-08
86.64	2.31436e-08
86.66	2.2914e-08
86.68	2.26874e-08
86.7	2.24638e-08
86.72	2.22431e-08
86.74	2.20253e-08
86.76	2.18103e-08
86.78	2.15982e-08
86.8	2.13888e-08
86.82	2.11821e-08
86.84	2.09782e-08
86.86	2.07768e-08
86.88	2.05781e-08
86.9	2.0382e-08
86.92	2.01884e-08
86.94	1.99974e-08
86.96	1.98088e-08
86.98	1.96226e-08
87	1.94388e-08
87.02	1.92574e-08
87.04	1.90784e-08
87.06	1.89016e-08
87.08	1.87271e-08
87.1	1.85549e-08
87.12	1.83848e-08
87.14	1.82169e-08
87.16	1.80512e-08
87.18	1.78876e-08
87.2	1.77261e-08
87.22	1.75666e-08
87.24	1.74092e-08
87.26	1.72538e-08
87.28	1.71003e-08
87.3	1.69488e-08
87.32	1.67993e-08
87.34	1.66516e-08
87.36	1.65058e-08
87.38	1.63618e-08
87.4	1.62196e-08
87.42	1.60793e-08
87.44	1.59407e-08
87.46	1.58038e-08
87.48	1.56687e-08
87.5	1.55353e-08
87.52	1.54035e-08
87.54	1.52734e-08
87.56	1.5145e-08
87.58	1.50181e-08
87.6	1.48928e-08
87.62	1.47691e-08
87.64	1.4647e-08
87.66	1.45263e-08
87.68	1.44072e-08
87.7	1.42896e-08
87.72	1.41734e-08
87.74	1.40587e-08
87.76	1.39454e-08
87.78	1.38335e-08
87.8	1.37229e-08
87.82	1.36138e-08
87.84	1.3506e-08
87.86	1.33996e-08
87.88	1.32944e-08
87.9	1.31906e-08
87.92	1.30881e-08
87.94	1.29868e-08
87.96	1.28868e-08
87.98	1.2788e-08
88	1.26904e-08
88.02	1.2594e-08
88.04	1.24988e-08
88.06	1.24048e-08
88.08	1.2312e-08
88.1	1.22203e-08
88.12	1.21297e-08
88.14	1.20402e-08
88.16	1.19518e-08
88.18	1.18646e-08
88.2	1.17783e-08
88.22	1.16932e-08
88.24	1.16091e-08
88.26	1.1526e-08
88.28	1.14439e-08
88.3	1.13629e-08
88.32	1.12828e-08
88.34	1.12038e-08
88.36	1.11257e-08
88.38	1.10485e-08
88.4	1.09723e-08
88.42	1.0897e-08
88.44	1.08227e-08
88.46	1.07493e-08
88.48	1.06767e-08
88.5	1.06051e-08
88.52	1.05343e-08
88.54	1.04644e-08
88.56	1.03954e-08
88.58	1.03272e-08
88.6	1.02598e-08
88.62	1.01933e-08
88.64	1.01276e-08
88.66	1.00627e-08
88.68	9.99859e-09
88.7	9.93528e-09
88.72	9.87274e-09
88.74	9.81097e-09
88.76	9.74996e-09
88.78	9.68971e-09
88.8	9.6302e-09
88.82	9.57142e-09
88.84	9.51337e-09
88.86	9.45603e-09
88.88	9.39941e-09
88.9	9.34349e-09
88.92	9.28826e-09
88.94	9.23372e-09
88.96	9.17985e-09
88.98	9.12666e-09
89	9.07413e-09
89.02	9.02225e-09
89.04	8.97102e-09
89.06	8.92044e-09
89.08	8.87048e-09
89.1	8.82116e-09
89.12	8.77245e-09
89.14	8.72436e-09
89.16	8.67687e-09
89.18	8.62998e-09
89.2	8.58369e-09
89.22	8.53799e-09
89.24	8.49286e-09
89.26	8.44831e-09
89.28	8.40433e-09
89.3	8.36091e-09
89.32	8.31805e-09
89.34	8.27574e-09
89.36	8.23397e-09
89.38	8.19275e-09
89.4	8.15206e-09
89.42	8.1119e-09
89.44	8.07226e-09
89.46	8.03314e-09
89.48	7.99453e-09
89.5	7.95643e-09
89.52	7.91883e-09
89.54	7.88173e-09
89.56	7.84513e-09
89.58	7.80901e-09
89.6	7.77338e-09
89.62	7.73822e-09
89.64	7.70354e-09
89.66	7.66933e-09
89.68	7.63559e-09
89.7	7.60231e-09
89.72	7.56948e-09
89.74	7.53711e-09
89.76	7.50518e-09
89.78	7.4737e-09
89.8	7.44267e-09
89.82	7.41206e-09
89.84	7.3819e-09
89.86	7.35216e-09
89.88	7.32284e-09
89.9	7.29395e-09
89.92	7.26548e-09
89.94	7.23742e-09
89.96	7.20977e-09
89.98	7.18253e-09
90	7.1557e-09
90.02	7.12926e-09
90.04	7.10323e-09
90.06	7.07759e-09
90.08	7.05234e-09
90.1	7.02749e-09
90.12	7.00301e-09
90.14	6.97893e-09
90.16	6.95522e-09
90.18	6.93189e-09
90.2	6.90893e-09
90.22	6.88635e-09
90.24	6.86414e-09
90.26	6.84229e-09
90.28	6.82081e-09
90.3	6.79969e-09
90.32	6.77893e-09
90.34	6.75853e-09
90.36	6.73849e-09
90.38	6.71879e-09
90.4	6.69945e-09
90.42	6.68046e-09
90.44	6.66181e-09
90.46	6.64351e-09
90.48	6.62555e-09
90.5	6.60794e-09
90.52	6.59066e-09
90.54	6.57372e-09
90.56	6.55712e-09
90.58	6.54085e-09
90.6	6.52491e-09
90.62	6.5093e-09
90.64	6.49402e-09
90.66	6.47907e-09
90.68	6.46445e-09
90.7	6.45015e-09
90.72	6.43618e-09
90.74	6.42253e-09
90.76	6.4092e-09
90.78	6.39619e-09
90.8	6.3835e-09
90.82	6.37113e-09
90.84	6.35907e-09
90.86	6.34733e-09
90.88	6.33591e-09
90.9	6.3248e-09
90.92	6.31401e-09
90.94	6.30352e-09
90.96	6.29336e-09
90.98	6.2835e-09
91	6.27395e-09
91.02	6.26471e-09
91.04	6.25579e-09
91.06	6.24717e-09
91.08	6.23887e-09
91.1	6.23087e-09
91.12	6.22318e-09
91.14	6.2158e-09
91.16	6.20873e-09
91.18	6.20197e-09
91.2	6.19552e-09
91.22	6.18937e-09
91.24	6.18354e-09
91.26	6.17801e-09
91.28	6.17279e-09
91.3	6.16789e-09
91.32	6.16329e-09
91.34	6.159e-09
91.36	6.15502e-09
91.38	6.15136e-09
91.4	6.14801e-09
91.42	6.14497e-09
91.44	6.14224e-09
91.46	6.13983e-09
91.48	6.13773e-09
91.5	6.13596e-09
91.52	6.13449e-09
91.54	6.13335e-09
91.56	6.13253e-09
91.58	6.13202e-09
91.6	6.13184e-09
91.62	6.13198e-09
91.64	6.13245e-09
91.66	6.13325e-09
91.68	6.13437e-09
91.7	6.13583e-09
91.72	6.13762e-09
91.74	6.13974e-09
91.76	6.14219e-09
91.78	6.14499e-09
91.8	6.14813e-09
91.82	6.15161e-09
91.84	6.15543e-09
91.86	6.15961e-09
91.88	6.16413e-09
91.9	6.16901e-09
91.92	6.17425e-09
91.94	6.17984e-09
91.96	6.1858e-09
91.98	6.19212e-09
92	6.19881e-09
92.02	6.20588e-09
92.04	6.21332e-09
92.06	6.22114e-09
92.08	6.22935e-09
92.1	6.23794e-09
92.12	6.24693e-09
92.14	6.25631e-09
92.16	6.2661e-09
92.18	6.27629e-09
92.2	6.28689e-09
92.22	6.29791e-09
92.24	6.30935e-09
92.26	6.32122e-09
92.28	6.33352e-09
92.3	6.34626e-09
92.32	6.35945e-09
92.34	6.37308e-09
92.36	6.38717e-09
92.38	6.40173e-09
92.4	6.41676e-09
92.42	6.43227e-09
92.44	6.44827e-09
92.46	6.46476e-09
92.48	6.48175e-09
92.5	6.49926e-09
92.52	6.51728e-09
92.54	6.53583e-09
92.56	6.55493e-09
92.58	6.57457e-09
92.6	6.59478e-09
92.62	6.61555e-09
92.64	6.6369e-09
92.66	6.65885e-09
92.68	6.68141e-09
92.7	6.70458e-09
92.72	6.72838e-09
92.74	6.75283e-09
92.76	6.77794e-09
92.78	6.80373e-09
92.8	6.8302e-09
92.82	6.85739e-09
92.84	6.88529e-09
92.86	6.91394e-09
92.88	6.94336e-09
92.9	6.97355e-09
92.92	7.00454e-09
92.94	7.03636e-09
92.96	7.06903e-09
92.98	7.10257e-09
93	7.137e-09
93.02	7.17236e-09
93.04	7.20867e-09
93.06	7.24597e-09
93.08	7.28428e-09
93.1	7.32363e-09
93.12	7.36407e-09
93.14	7.40563e-09
93.16	7.44835e-09
93.18	7.49228e-09
93.2	7.53746e-09
93.22	7.58394e-09
93.24	7.63177e-09
93.26	7.68102e-09
93.28	7.73173e-09
93.3	7.78399e-09
93.32	7.83785e-09
93.34	7.89341e-09
93.36	7.95073e-09
93.38	8.00993e-09
93.4	8.07109e-09
93.42	8.13434e-09
93.44	8.1998e-09
93.46	8.26761e-09
93.48	8.33793e-09
93.5	8.41093e-09
93.52	8.48682e-09
93.54	8.56584e-09
93.56	8.64825e-09
93.58	8.73438e-09
93.6	8.8246e-09
93.62	8.91936e-09
93.64	9.01924e-09
93.66	9.12494e-09
93.68	9.23739e-09
93.7	9.35782e-09
93.72	9.48797e-09
93.74	9.63046e-09
93.76	9.78952e-09
93.78	9.97292e-09
93.8	1.01976e-08
93.82	1.05099e-08
93.84	1.10858e-08
93.86	1.27156e-08
93.88	1.73274e-08
93.9	2.9432e-08
93.92	6.20135e-08
93.94	1.46566e-07
93.96	3.46074e-07
93.98	7.82575e-07
94	1.69076e-06
94.02	3.46669e-06
94.04	6.65213e-06
94.06	1.18098e-05
94.08	1.92813e-05
94.1	2.90132e-05
94.12	4.06546e-05
94.14	5.37553e-05
94.16	6.78762e-05
94.18	8.26263e-05
94.2	9.76766e-05
94.22	0.000112765
94.24	0.000127692
94.26	0.000142311
94.28	0.000156518
94.3	0.000170243
94.32	0.000183438
94.34	0.000196076
94.36	0.000208141
94.38	0.000219628
94.4	0.000230541
94.42	0.000240888
94.44	0.000250681
94.46	0.000259933
94.48	0.000268662
94.5	0.000276883
94.52	0.000284614
94.54	0.000291874
94.56	0.000298679
94.58	0.000305046
94.6	0.000310992
94.62	0.000316534
94.64	0.000321688
94.66	0.000326468
94.68	0.00033089
94.7	0.000334967
94.72	0.000338714
94.74	0.000342145
94.76	0.000345271
94.78	0.000348104
94.8	0.000350658
94.82	0.000352944
94.84	0.000354971
94.86	0.000356752
94.88	0.000358295
94.9	0.000359612
94.92	0.000360711
94.94	0.000361601
94.96	0.000362291
94.98	0.000362791
95	0.000363106
95.02	0.000363246
95.04	0.000363218
95.06	0.000363029
95.08	0.000362685
95.1	0.000362194
95.12	0.000361562
95.14	0.000360795
95.16	0.000359899
95.18	0.000358879
95.2	0.000357741
95.22	0.00035649
95.24	0.000355131
95.26	0.000353669
95.28	0.000352108
95.3	0.000350454
95.32	0.00034871
95.34	0.000346881
95.36	0.00034497
95.38	0.000342981
95.4	0.000340919
95.42	0.000338786
95.44	0.000336587
95.46	0.000334324
95.48	0.000332001
95.5	0.00032962
95.52	0.000327186
95.54	0.000324701
95.56	0.000322167
95.58	0.000319588
95.6	0.000316966
95.62	0.000314304
95.64	0.000311604
95.66	0.000308869
95.68	0.000306101
95.7	0.000303302
95.72	0.000300475
95.74	0.000297622
95.76	0.000294744
95.78	0.000291845
95.8	0.000288925
95.82	0.000285988
95.84	0.000283034
95.86	0.000280066
95.88	0.000277085
95.9	0.000274093
95.92	0.000271092
95.94	0.000268083
95.96	0.000265068
95.98	0.000262048
96	0.000259026
96.02	0.000256002
96.04	0.000252977
96.06	0.000249954
96.08	0.000246933
96.1	0.000243916
96.12	0.000240904
96.14	0.000237898
96.16	0.000234899
96.18	0.000231909
96.2	0.000228928
96.22	0.000225957
96.24	0.000222998
96.26	0.000220052
96.28	0.000217118
96.3	0.000214199
96.32	0.000211295
96.34	0.000208407
96.36	0.000205535
96.38	0.000202681
96.4	0.000199844
96.42	0.000197027
96.44	0.000194229
96.46	0.00019145
96.48	0.000188693
96.5	0.000185956
96.52	0.000183241
96.54	0.000180549
96.56	0.000177878
96.58	0.000175231
96.6	0.000172607
96.62	0.000170007
96.64	0.000167432
96.66	0.00016488
96.68	0.000162354
96.7	0.000159852
96.72	0.000157376
96.74	0.000154925
96.76	0.0001525
96.78	0.000150101
96.8	0.000147728
96.82	0.000145381
96.84	0.000143061
96.86	0.000140767
96.88	0.0001385
96.9	0.00013626
96.92	0.000134046
96.94	0.000131859
96.96	0.000129698
96.98	0.000127565
97	0.000125458
97.02	0.000123378
97.04	0.000121324
97.06	0.000119298
97.08	0.000117298
97.1	0.000115324
97.12	0.000113377
97.14	0.000111457
97.16	0.000109562
97.18	0.000107694
97.2	0.000105852
97.22	0.000104035
97.24	0.000102244
97.26	0.000100479
97.28	9.87398e-05
97.3	9.70254e-05
97.32	9.53361e-05
97.34	9.36717e-05
97.36	9.2032e-05
97.38	9.04168e-05
97.4	8.8826e-05
97.42	8.72593e-05
97.44	8.57165e-05
97.46	8.41974e-05
97.48	8.27018e-05
97.5	8.12294e-05
97.52	7.97801e-05
97.54	7.83536e-05
97.56	7.69496e-05
97.58	7.5568e-05
97.6	7.42085e-05
97.62	7.28709e-05
97.64	7.15549e-05
97.66	7.02603e-05
97.68	6.89868e-05
97.7	6.77342e-05
97.72	6.65023e-05
97.74	6.52907e-05
97.76	6.40993e-05
97.78	6.29278e-05
97.8	6.1776e-05
97.82	6.06436e-05
97.84	5.95303e-05
97.86	5.84359e-05
97.88	5.73602e-05
97.9	5.63028e-05
97.92	5.52637e-05
97.94	5.42424e-05
97.96	5.32388e-05
97.98	5.22526e-05
98	5.12836e-05
98.02	5.03315e-05
98.04	4.93961e-05
98.06	4.84771e-05
98.08	4.75743e-05
98.1	4.66875e-05
98.12	4.58164e-05
98.14	4.49608e-05
98.16	4.41204e-05
98.18	4.32951e-05
98.2	4.24845e-05
98.22	4.16885e-05
98.24	4.09069e-05
98.26	4.01394e-05
98.28	3.93857e-05
98.3	3.86457e-05
98.32	3.79192e-05
98.34	3.72059e-05
98.36	3.65057e-05
98.38	3.58182e-05
98.4	3.51434e-05
98.42	3.44809e-05
98.44	3.38307e-05
98.46	3.31924e-05
98.48	3.25659e-05
98.5	3.1951e-05
98.52	3.13475e-05
98.54	3.07552e-05
98.56	3.01739e-05
98.58	2.96035e-05
98.6	2.90436e-05
98.62	2.84943e-05
98.64	2.79552e-05
98.66	2.74262e-05
98.68	2.69071e-05
98.7	2.63978e-05
98.72	2.58981e-05
98.74	2.54077e-05
98.76	2.49266e-05
98.78	2.44546e-05
98.8	2.39915e-05
98.82	2.35372e-05
98.84	2.30915e-05
98.86	2.26542e-05
98.88	2.22252e-05
98.9	2.18043e-05
98.92	2.13915e-05
98.94	2.09865e-05
98.96	2.05892e-05
98.98	2.01995e-05
99	1.98172e-05
99.02	1.94422e-05
99.04	1.90744e-05
99.06	1.87136e-05
99.08	1.83596e-05
99.1	1.80125e-05
99.12	1.7672e-05
99.14	1.7338e-05
99.16	1.70104e-05
99.18	1.66891e-05
99.2	1.6374e-05
99.22	1.60649e-05
99.24	1.57618e-05
99.26	1.54644e-05
99.28	1.51728e-05
99.3	1.48868e-05
99.32	1.46062e-05
99.34	1.43311e-05
99.36	1.40613e-05
99.38	1.37966e-05
99.4	1.35371e-05
99.42	1.32825e-05
99.44	1.30328e-05
99.46	1.2788e-05
99.48	1.25478e-05
99.5	1.23123e-05
99.52	1.20813e-05
99.54	1.18548e-05
99.56	1.16326e-05
99.58	1.14147e-05
99.6	1.1201e-05
99.62	1.09915e-05
99.64	1.07859e-05
99.66	1.05843e-05
99.68	1.03866e-05
99.7	1.01927e-05
99.72	1.00025e-05
99.74	9.81604e-06
99.76	9.63313e-06
99.78	9.45373e-06
99.8	9.27778e-06
99.82	9.10522e-06
99.84	8.93598e-06
99.86	8.76999e-06
99.88	8.6072e-06
99.9	8.44753e-06
99.92	8.29093e-06
99.94	8.13733e-06
99.96	7.98669e-06
99.98	7.83894e-06
100	7.69402e-06
100.02	7.55189e-06
100.04	7.41248e-06
100.06	7.27574e-06
100.08	7.14162e-06
100.1	7.01008e-06
100.12	6.88105e-06
100.14	6.75449e-06
100.16	6.63035e-06
100.18	6.50859e-06
100.2	6.38915e-06
100.22	6.272e-06
100.24	6.15708e-06
100.26	6.04436e-06
100.28	5.93379e-06
100.3	5.82532e-06
100.32	5.71893e-06
100.34	5.61456e-06
100.36	5.51217e-06
100.38	5.41174e-06
100.4	5.31322e-06
100.42	5.21657e-06
100.44	5.12175e-06
100.46	5.02874e-06
100.48	4.93749e-06
100.5	4.84798e-06
100.52	4.76015e-06
100.54	4.674e-06
100.56	4.58947e-06
100.58	4.50655e-06
100.6	4.42519e-06
100.62	4.34537e-06
100.64	4.26705e-06
100.66	4.19022e-06
100.68	4.11483e-06
100.7	4.04087e-06
100.72	3.96829e-06
100.74	3.89709e-06
100.76	3.82722e-06
100.78	3.75867e-06
100.8	3.6914e-06
100.82	3.6254e-06
100.84	3.56064e-06
100.86	3.49709e-06
100.88	3.43473e-06
100.9	3.37353e-06
100.92	3.31349e-06
100.94	3.25456e-06
100.96	3.19674e-06
100.98	3.13999e-06
101	3.08431e-06
101.02	3.02966e-06
101.04	2.97603e-06
101.06	2.92339e-06
101.08	2.87174e-06
101.1	2.82104e-06
101.12	2.77129e-06
101.14	2.72246e-06
101.16	2.67453e-06
101.18	2.6275e-06
101.2	2.58133e-06
101.22	2.53602e-06
101.24	2.49154e-06
101.26	2.44789e-06
101.28	2.40504e-06
101.3	2.36298e-06
101.32	2.32169e-06
101.34	2.28117e-06
101.36	2.24139e-06
101.38	2.20234e-06
101.4	2.16401e-06
101.42	2.12639e-06
101.44	2.08945e-06
101.46	2.05319e-06
101.48	2.01759e-06
101.5	1.98265e-06
101.52	1.94834e-06
101.54	1.91466e-06
101.56	1.88159e-06
101.58	1.84913e-06
101.6	1.81726e-06
101.62	1.78597e-06
101.64	1.75525e-06
101.66	1.72509e-06
101.68	1.69547e-06
101.7	1.66639e-06
101.72	1.63784e-06
101.74	1.60981e-06
101.76	1.58228e-06
101.78	1.55525e-06
101.8	1.52871e-06
101.82	1.50265e-06
101.84	1.47706e-06
101.86	1.45193e-06
101.88	1.42725e-06
101.9	1.40302e-06
101.92	1.37922e-06
101.94	1.35585e-06
101.96	1.3329e-06
101.98	1.31037e-06
102	1.28823e-06
102.02	1.26649e-06
102.04	1.24514e-06
102.06	1.22418e-06
102.08	1.20358e-06
102.1	1.18336e-06
102.12	1.16349e-06
102.14	1.14398e-06
102.16	1.12482e-06
102.18	1.10599e-06
102.2	1.0875e-06
102.22	1.06934e-06
102.24	1.05151e-06
102.26	1.03398e-06
102.28	1.01677e-06
102.3	9.99865e-07
102.32	9.83256e-07
102.34	9.66941e-07
102.36	9.50914e-07
102.38	9.3517e-07
102.4	9.19703e-07
102.42	9.04508e-07
102.44	8.8958e-07
102.46	8.74915e-07
102.48	8.60507e-07
102.5	8.46352e-07
102.52	8.32445e-07
102.54	8.18782e-07
102.56	8.05358e-07
102.58	7.92168e-07
102.6	7.79209e-07
102.62	7.66475e-07
102.64	7.53964e-07
102.66	7.41671e-07
102.68	7.29592e-07
102.7	7.17723e-07
102.72	7.0606e-07
102.74	6.94599e-07
102.76	6.83337e-07
102.78	6.72271e-07
102.8	6.61396e-07
102.82	6.50709e-07
102.84	6.40207e-07
102.86	6.29886e-07
102.88	6.19743e-07
102.9	6.09775e-07
102.92	5.99979e-07
102.94	5.90351e-07
102.96	5.80889e-07
102.98	5.71589e-07
103	5.62449e-07
103.02	5.53466e-07
103.04	5.44636e-07
103.06	5.35958e-07
103.08	5.27428e-07
103.1	5.19044e-07
103.12	5.10803e-07
103.14	5.02702e-07
103.16	4.9474e-07
103.18	4.86913e-07
103.2	4.79219e-07
103.22	4.71656e-07
103.24	4.64221e-07
103.26	4.56912e-07
103.28	4.49727e-07
103.3	4.42664e-07
103.32	4.3572e-07
103.34	4.28894e-07
103.36	4.22183e-07
103.38	4.15585e-07
103.4	4.09099e-07
103.42	4.02721e-07
103.44	3.96451e-07
103.46	3.90286e-07
103.48	3.84225e-07
103.5	3.78265e-07
103.52	3.72406e-07
103.54	3.66644e-07
103.56	3.60979e-07
103.58	3.55408e-07
103.6	3.49931e-07
103.62	3.44545e-07
103.64	3.39249e-07
103.66	3.34041e-07
103.68	3.28919e-07
103.7	3.23883e-07
103.72	3.1893e-07
103.74	3.1406e-07
103.76	3.0927e-07
103.78	3.04559e-07
103.8	2.99927e-07
103.82	2.95371e-07
103.84	2.9089e-07
103.86	2.86483e-07
103.88	2.82149e-07
103.9	2.77886e-07
103.92	2.73693e-07
103.94	2.6957e-07
103.96	2.65513e-07
103.98	2.61524e-07
104	2.576e-07
104.02	2.5374e-07
104.04	2.49943e-07
104.06	2.46208e-07
104.08	2.42535e-07
104.1	2.38921e-07
104.12	2.35366e-07
104.14	2.31869e-07
104.16	2.28429e-07
104.18	2.25045e-07
104.2	2.21715e-07
104.22	2.1844e-07
104.24	2.15218e-07
104.26	2.12048e-07
104.28	2.08929e-07
104.3	2.05861e-07
104.32	2.02842e-07
104.34	1.99871e-07
104.36	1.96949e-07
104.38	1.94073e-07
104.4	1.91244e-07
104.42	1.88461e-07
104.44	1.85722e-07
104.46	1.83026e-07
104.48	1.80374e-07
104.5	1.77765e-07
104.52	1.75197e-07
104.54	1.7267e-07
104.56	1.70183e-07
104.58	1.67736e-07
104.6	1.65328e-07
104.62	1.62958e-07
104.64	1.60626e-07
104.66	1.58331e-07
104.68	1.56072e-07
104.7	1.53849e-07
104.72	1.51661e-07
104.74	1.49508e-07
104.76	1.47388e-07
104.78	1.45302e-07
104.8	1.43249e-07
104.82	1.41229e-07
104.84	1.3924e-07
104.86	1.37282e-07
104.88	1.35355e-07
104.9	1.33458e-07
104.92	1.31591e-07
104.94	1.29753e-07
104.96	1.27943e-07
104.98	1.26162e-07
105	1.24409e-07
105.02	1.22683e-07
105.04	1.20984e-07
105.06	1.19311e-07
105.08	1.17664e-07
105.1	1.16043e-07
105.12	1.14447e-07
105.14	1.12875e-07
105.16	1.11328e-07
105.18	1.09805e-07
105.2	1.08305e-07
105.22	1.06828e-07
105.24	1.05374e-07
105.26	1.03943e-07
105.28	1.02533e-07
105.3	1.01145e-07
105.32	9.97784e-08
105.34	9.84325e-08
105.36	9.71073e-08
105.38	9.58022e-08
105.4	9.45171e-08
105.42	9.32515e-08
105.44	9.20052e-08
105.46	9.07778e-08
105.48	8.95691e-08
105.5	8.83787e-08
105.52	8.72063e-08
105.54	8.60517e-08
105.56	8.49145e-08
105.58	8.37945e-08
105.6	8.26913e-08
105.62	8.16048e-08
105.64	8.05346e-08
105.66	7.94805e-08
105.68	7.84423e-08
105.7	7.74195e-08
105.72	7.64121e-08
105.74	7.54198e-08
105.76	7.44423e-08
105.78	7.34794e-08
105.8	7.25308e-08
105.82	7.15964e-08
105.84	7.06759e-08
105.86	6.9769e-08
105.88	6.88756e-08
105.9	6.79954e-08
105.92	6.71282e-08
105.94	6.62739e-08
105.96	6.54322e-08
105.98	6.46029e-08
106	6.37858e-08
106.02	6.29807e-08
106.04	6.21875e-08
106.06	6.14059e-08
106.08	6.06358e-08
106.1	5.98769e-08
106.12	5.91292e-08
106.14	5.83923e-08
106.16	5.76663e-08
106.18	5.69508e-08
106.2	5.62457e-08
106.22	5.55509e-08
106.24	5.48661e-08
106.26	5.41913e-08
106.28	5.35263e-08
106.3	5.28709e-08
106.32	5.2225e-08
106.34	5.15884e-08
106.36	5.09609e-08
106.38	5.03425e-08
106.4	4.9733e-08
106.42	4.91323e-08
106.44	4.85402e-08
106.46	4.79565e-08
106.48	4.73813e-08
106.5	4.68142e-08
106.52	4.62552e-08
106.54	4.57042e-08
106.56	4.51611e-08
106.58	4.46257e-08
106.6	4.40979e-08
106.62	4.35776e-08
106.64	4.30646e-08
106.66	4.2559e-08
106.68	4.20604e-08
106.7	4.15689e-08
106.72	4.10844e-08
106.74	4.06067e-08
106.76	4.01357e-08
106.78	3.96713e-08
106.8	3.92134e-08
106.82	3.8762e-08
106.84	3.83168e-08
106.86	3.78779e-08
106.88	3.74452e-08
106.9	3.70184e-08
106.92	3.65976e-08
106.94	3.61827e-08
106.96	3.57735e-08
106.98	3.537e-08
107	3.49721e-08
107.02	3.45798e-08
107.04	3.41928e-08
107.06	3.38112e-08
107.08	3.34348e-08
107.1	3.30637e-08
107.12	3.26976e-08
107.14	3.23366e-08
107.16	3.19805e-08
107.18	3.16293e-08
107.2	3.1283e-08
107.22	3.09413e-08
107.24	3.06044e-08
107.26	3.0272e-08
107.28	2.99441e-08
107.3	2.96208e-08
107.32	2.93018e-08
107.34	2.89871e-08
107.36	2.86767e-08
107.38	2.83705e-08
107.4	2.80685e-08
107.42	2.77705e-08
107.44	2.74765e-08
107.46	2.71866e-08
107.48	2.69005e-08
107.5	2.66182e-08
107.52	2.63398e-08
107.54	2.60651e-08
107.56	2.5794e-08
107.58	2.55266e-08
107.6	2.52628e-08
107.62	2.50025e-08
107.64	2.47456e-08
107.66	2.44922e-08
107.68	2.42421e-08
107.7	2.39954e-08
107.72	2.37519e-08
107.74	2.35117e-08
107.76	2.32746e-08
107.78	2.30407e-08
107.8	2.28098e-08
107.82	2.2582e-08
107.84	2.23572e-08
107.86	2.21354e-08
107.88	2.19164e-08
107.9	2.17004e-08
107.92	2.14871e-08
107.94	2.12767e-08
107.96	2.1069e-08
107.98	2.0864e-08
108	2.06617e-08
108.02	2.04621e-08
108.04	2.0265e-08
108.06	2.00705e-08
108.08	1.98785e-08
108.1	1.9689e-08
108.12	1.9502e-08
108.14	1.93174e-08
108.16	1.91351e-08
108.18	1.89552e-08
108.2	1.87777e-08
108.22	1.86024e-08
108.24	1.84294e-08
108.26	1.82586e-08
108.28	1.809e-08
108.3	1.79236e-08
108.32	1.77592e-08
108.34	1.7597e-08
108.36	1.74369e-08
108.38	1.72788e-08
108.4	1.71227e-08
108.42	1.69687e-08
108.44	1.68165e-08
108.46	1.66663e-08
108.48	1.65181e-08
108.5	1.63717e-08
108.52	1.62271e-08
108.54	1.60844e-08
108.56	1.59435e-08
108.58	1.58043e-08
108.6	1.5667e-08
108.62	1.55313e-08
108.64	1.53974e-08
108.66	1.52652e-08
108.68	1.51346e-08
108.7	1.50056e-08
108.72	1.48783e-08
108.74	1.47526e-08
108.76	1.46284e-08
108.78	1.45058e-08
108.8	1.43848e-08
108.82	1.42652e-08
108.84	1.41471e-08
108.86	1.40306e-08
108.88	1.39154e-08
108.9	1.38017e-08
108.92	1.36894e-08
108.94	1.35786e-08
108.96	1.3469e-08
108.98	1.33609e-08
109	1.32541e-08
109.02	1.31486e-08
109.04	1.30444e-08
109.06	1.29415e-08
109.08	1.28399e-08
109.1	1.27396e-08
109.12	1.26404e-08
109.14	1.25426e-08
109.16	1.24459e-08
109.18	1.23504e-08
109.2	1.22561e-08
109.22	1.21629e-08
109.24	1.20709e-08
109.26	1.198e-08
109.28	1.18903e-08
109.3	1.18016e-08
109.32	1.1714e-08
109.34	1.16276e-08
109.36	1.15421e-08
109.38	1.14578e-08
109.4	1.13744e-08
109.42	1.12921e-08
109.44	1.12108e-08
109.46	1.11305e-08
109.48	1.10511e-08
109.5	1.09728e-08
109.52	1.08954e-08
109.54	1.08189e-08
109.56	1.07434e-08
109.58	1.06688e-08
109.6	1.05952e-08
109.62	1.05224e-08
109.64	1.04505e-08
109.66	1.03795e-08
109.68	1.03094e-08
109.7	1.02401e-08
109.72	1.01717e-08
109.74	1.01041e-08
109.76	1.00374e-08
109.78	9.97141e-09
109.8	9.90628e-09
109.82	9.84195e-09
109.84	9.7784e-09
109.86	9.71564e-09
109.88	9.65365e-09
109.9	9.59242e-09
109.92	9.53194e-09
109.94	9.4722e-09
109.96	9.4132e-09
109.98	9.35493e-09
110	9.29737e-09
110.02	9.24052e-09
110.04	9.18438e-09
110.06	9.12893e-09
110.08	9.07416e-09
110.1	9.02007e-09
110.12	8.96665e-09
110.14	8.91389e-09
110.16	8.86179e-09
110.18	8.81033e-09
110.2	8.75951e-09
110.22	8.70933e-09
110.24	8.65977e-09
110.26	8.61083e-09
110.28	8.5625e-09
110.3	8.51478e-09
110.32	8.46766e-09
110.34	8.42113e-09
110.36	8.37518e-09
110.38	8.32981e-09
110.4	8.28502e-09
110.42	8.24079e-09
110.44	8.19713e-09
110.46	8.15401e-09
110.48	8.11145e-09
110.5	8.06943e-09
110.52	8.02795e-09
110.54	7.987e-09
110.56	7.94658e-09
110.58	7.90668e-09
110.6	7.86729e-09
110.62	7.82841e-09
110.64	7.79004e-09
110.66	7.75217e-09
110.68	7.71479e-09
110.7	7.67791e-09
110.72	7.64151e-09
110.74	7.60559e-09
110.76	7.57014e-09
110.78	7.53517e-09
110.8	7.50066e-09
110.82	7.46662e-09
110.84	7.43303e-09
110.86	7.3999e-09
110.88	7.36722e-09
110.9	7.33498e-09
110.92	7.30318e-09
110.94	7.27182e-09
110.96	7.24089e-09
110.98	7.21039e-09
111	7.18032e-09
111.02	7.15067e-09
111.04	7.12143e-09
111.06	7.09261e-09
111.08	7.0642e-09
111.1	7.0362e-09
111.12	7.0086e-09
111.14	6.9814e-09
111.16	6.95459e-09
111.18	6.92818e-09
111.2	6.90216e-09
111.22	6.87653e-09
111.24	6.85128e-09
111.26	6.82641e-09
111.28	6.80192e-09
111.3	6.77781e-09
111.32	6.75406e-09
111.34	6.73069e-09
111.36	6.70768e-09
111.38	6.68504e-09
111.4	6.66276e-09
111.42	6.64083e-09
111.44	6.61927e-09
111.46	6.59805e-09
111.48	6.57719e-09
111.5	6.55668e-09
111.52	6.53651e-09
111.54	6.51669e-09
111.56	6.49721e-09
111.58	6.47807e-09
111.6	6.45927e-09
111.62	6.4408e-09
111.64	6.42267e-09
111.66	6.40487e-09
111.68	6.3874e-09
111.7	6.37026e-09
111.72	6.35344e-09
111.74	6.33695e-09
111.76	6.32079e-09
111.78	6.30494e-09
111.8	6.28941e-09
111.82	6.27421e-09
111.84	6.25931e-09
111.86	6.24474e-09
111.88	6.23047e-09
111.9	6.21653e-09
111.92	6.20289e-09
111.94	6.18956e-09
111.96	6.17654e-09
111.98	6.16383e-09
112	6.15142e-09
112.02	6.13932e-09
112.04	6.12753e-09
112.06	6.11604e-09
112.08	6.10485e-09
112.1	6.09396e-09
112.12	6.08337e-09
112.14	6.07309e-09
112.16	6.0631e-09
112.18	6.05342e-09
112.2	6.04403e-09
112.22	6.03494e-09
112.24	6.02615e-09
112.26	6.01765e-09
112.28	6.00946e-09
112.3	6.00155e-09
112.32	5.99395e-09
112.34	5.98664e-09
112.36	5.97962e-09
112.38	5.97291e-09
112.4	5.96648e-09
112.42	5.96036e-09
112.44	5.95453e-09
112.46	5.94899e-09
112.48	5.94375e-09
112.5	5.93881e-09
112.52	5.93416e-09
112.54	5.92981e-09
112.56	5.92576e-09
112.58	5.922e-09
112.6	5.91855e-09
112.62	5.91539e-09
112.64	5.91253e-09
112.66	5.90998e-09
112.68	5.90772e-09
112.7	5.90577e-09
112.72	5.90412e-09
112.74	5.90277e-09
112.76	5.90173e-09
112.78	5.90099e-09
112.8	5.90056e-09
112.82	5.90044e-09
112.84	5.90063e-09
112.86	5.90114e-09
112.88	5.90195e-09
112.9	5.90308e-09
112.92	5.90453e-09
112.94	5.90629e-09
112.96	5.90838e-09
112.98	5.91078e-09
113	5.91352e-09
113.02	5.91657e-09
113.04	5.91996e-09
113.06	5.92368e-09
113.08	5.92773e-09
113.1	5.93211e-09
113.12	5.93684e-09
113.14	5.9419e-09
113.16	5.94731e-09
113.18	5.95307e-09
113.2	5.95917e-09
113.22	5.96563e-09
113.24	5.97245e-09
113.26	5.97962e-09
113.28	5.98716e-09
113.3	5.99507e-09
113.32	6.00335e-09
113.34	6.01201e-09
113.36	6.02104e-09
113.38	6.03046e-09
113.4	6.04026e-09
113.42	6.05046e-09
113.44	6.06106e-09
113.46	6.07206e-09
113.48	6.08347e-09
113.5	6.09529e-09
113.52	6.10753e-09
113.54	6.1202e-09
113.56	6.1333e-09
113.58	6.14683e-09
113.6	6.16081e-09
113.62	6.17524e-09
113.64	6.19012e-09
113.66	6.20547e-09
113.68	6.22129e-09
113.7	6.2376e-09
113.72	6.25439e-09
113.74	6.27167e-09
113.76	6.28946e-09
113.78	6.30777e-09
113.8	6.32659e-09
113.82	6.34596e-09
113.84	6.36586e-09
113.86	6.38632e-09
113.88	6.40734e-09
113.9	6.42894e-09
113.92	6.45113e-09
113.94	6.47392e-09
113.96	6.49732e-09
113.98	6.52135e-09
114	6.54602e-09
114.02	6.57135e-09
114.04	6.59735e-09
114.06	6.62404e-09
114.08	6.65143e-09
114.1	6.67954e-09
114.12	6.7084e-09
114.14	6.73801e-09
114.16	6.76841e-09
114.18	6.7996e-09
114.2	6.83162e-09
114.22	6.86449e-09
114.24	6.89824e-09
114.26	6.93288e-09
114.28	6.96845e-09
114.3	7.00497e-09
114.32	7.04249e-09
114.34	7.08102e-09
114.36	7.12061e-09
114.38	7.16129e-09
114.4	7.2031e-09
114.42	7.24609e-09
114.44	7.29029e-09
114.46	7.33577e-09
114.48	7.38256e-09
114.5	7.43073e-09
114.52	7.48033e-09
114.54	7.53143e-09
114.56	7.5841e-09
114.58	7.63841e-09
114.6	7.69446e-09
114.62	7.75233e-09
114.64	7.81211e-09
114.66	7.87393e-09
114.68	7.9379e-09
114.7	8.00417e-09
114.72	8.07288e-09
114.74	8.14421e-09
114.76	8.21836e-09
114.78	8.29555e-09
114.8	8.37606e-09
114.82	8.46019e-09
114.84	8.5483e-09
114.86	8.64086e-09
114.88	8.7384e-09
114.9	8.84162e-09
114.92	8.95143e-09
114.94	9.06902e-09
114.96	9.1961e-09
114.98	9.33523e-09
115	9.49056e-09
115.02	9.66972e-09
115.04	9.8894e-09
115.06	1.01956e-08
115.08	1.07644e-08
115.1	1.23854e-08
115.12	1.69914e-08
115.14	2.91284e-08
115.16	6.19401e-08
115.18	1.47261e-07
115.2	3.48697e-07
115.22	7.89799e-07
115.24	1.7084e-06
115.26	3.50523e-06
115.28	6.72676e-06
115.3	1.19371e-05
115.32	1.94727e-05
115.34	2.92722e-05
115.36	4.09794e-05
115.38	5.41421e-05
115.4	6.83205e-05
115.42	8.31235e-05
115.44	9.8222e-05
115.46	0.000113354
115.48	0.000128322
115.5	0.000142978
115.52	0.00015722
115.54	0.000170978
115.56	0.000184203
115.58	0.00019687
115.6	0.000208962
115.62	0.000220475
115.64	0.000231412
115.66	0.000241782
115.68	0.000251597
115.7	0.00026087
115.72	0.000269619
115.74	0.000277859
115.76	0.000285608
115.78	0.000292885
115.8	0.000299706
115.82	0.000306088
115.84	0.000312049
115.86	0.000317604
115.88	0.00032277
115.9	0.000327562
115.92	0.000331995
115.94	0.000336082
115.96	0.000339839
115.98	0.000343277
116	0.000346411
116.02	0.000349252
116.04	0.000351812
116.06	0.000354103
116.08	0.000356135
116.1	0.00035792
116.12	0.000359467
116.14	0.000360787
116.16	0.000361888
116.18	0.00036278
116.2	0.000363472
116.22	0.000363971
116.24	0.000364287
116.26	0.000364427
116.28	0.000364398
116.3	0.000364207
116.32	0.000363862
116.34	0.000363369
116.36	0.000362734
116.38	0.000361964
116.4	0.000361064
116.42	0.000360041
116.44	0.000358898
116.46	0.000357643
116.48	0.000356279
116.5	0.000354812
116.52	0.000353247
116.54	0.000351587
116.56	0.000349837
116.58	0.000348001
116.6	0.000346084
116.62	0.000344089
116.64	0.000342019
116.66	0.000339879
116.68	0.000337673
116.7	0.000335402
116.72	0.000333071
116.74	0.000330683
116.76	0.000328241
116.78	0.000325747
116.8	0.000323205
116.82	0.000320617
116.84	0.000317986
116.86	0.000315315
116.88	0.000312607
116.9	0.000309862
116.92	0.000307085
116.94	0.000304277
116.96	0.000301441
116.98	0.000298578
117	0.000295691
117.02	0.000292782
117.04	0.000289853
117.06	0.000286905
117.08	0.000283942
117.1	0.000280963
117.12	0.000277973
117.14	0.000274971
117.16	0.00027196
117.18	0.000268941
117.2	0.000265916
117.22	0.000262886
117.24	0.000259854
117.26	0.00025682
117.28	0.000253785
117.3	0.000250752
117.32	0.000247721
117.34	0.000244694
117.36	0.000241672
117.38	0.000238656
117.4	0.000235647
117.42	0.000232647
117.44	0.000229656
117.46	0.000226676
117.48	0.000223707
117.5	0.00022075
117.52	0.000217807
117.54	0.000214878
117.56	0.000211965
117.58	0.000209067
117.6	0.000206185
117.62	0.000203322
117.64	0.000200476
117.66	0.000197649
117.68	0.000194842
117.7	0.000192054
117.72	0.000189288
117.74	0.000186542
117.76	0.000183818
117.78	0.000181117
117.8	0.000178438
117.82	0.000175782
117.84	0.000173149
117.86	0.000170541
117.88	0.000167957
117.9	0.000165397
117.92	0.000162862
117.94	0.000160352
117.96	0.000157868
117.98	0.000155409
118	0.000152976
118.02	0.000150569
118.04	0.000148188
118.06	0.000145834
118.08	0.000143506
118.1	0.000141205
118.12	0.00013893
118.14	0.000136682
118.16	0.000134461
118.18	0.000132267
118.2	0.0001301
118.22	0.000127959
118.24	0.000125845
118.26	0.000123759
118.28	0.000121699
118.3	0.000119665
118.32	0.000117659
118.34	0.000115679
118.36	0.000113726
118.38	0.000111799
118.4	0.000109898
118.42	0.000108024
118.44	0.000106176
118.46	0.000104353
118.48	0.000102557
118.5	0.000100786
118.52	9.90408e-05
118.54	9.73209e-05
118.56	9.56261e-05
118.58	9.39564e-05
118.6	9.23114e-05
118.62	9.06911e-05
118.64	8.90952e-05
118.66	8.75234e-05
118.68	8.59757e-05
118.7	8.44517e-05
118.72	8.29513e-05
118.74	8.14743e-05
118.76	8.00203e-05
118.78	7.85892e-05
118.8	7.71808e-05
118.82	7.57948e-05
118.84	7.4431e-05
118.86	7.30891e-05
118.88	7.17689e-05
118.9	7.04702e-05
118.92	6.91927e-05
118.94	6.79361e-05
118.96	6.67003e-05
118.98	6.54849e-05
119	6.42898e-05
119.02	6.31146e-05
119.04	6.19591e-05
119.06	6.08231e-05
119.08	5.97063e-05
119.1	5.86085e-05
119.12	5.75294e-05
119.14	5.64687e-05
119.16	5.54263e-05
119.18	5.44018e-05
119.2	5.33951e-05
119.22	5.24058e-05
119.24	5.14338e-05
119.26	5.04787e-05
119.28	4.95404e-05
119.3	4.86185e-05
119.32	4.77129e-05
119.34	4.68233e-05
119.36	4.59495e-05
119.38	4.50913e-05
119.4	4.42483e-05
119.42	4.34204e-05
119.44	4.26074e-05
119.46	4.18089e-05
119.48	4.10249e-05
119.5	4.0255e-05
119.52	3.9499e-05
119.54	3.87567e-05
119.56	3.8028e-05
119.58	3.73125e-05
119.6	3.66101e-05
119.62	3.59205e-05
119.64	3.52436e-05
119.66	3.45792e-05
119.68	3.39269e-05
119.7	3.32867e-05
119.72	3.26583e-05
119.74	3.20415e-05
119.76	3.14362e-05
119.78	3.08421e-05
119.8	3.0259e-05
119.82	2.96868e-05
119.84	2.91253e-05
119.86	2.85743e-05
119.88	2.80336e-05
119.9	2.7503e-05
119.92	2.69824e-05
119.94	2.64715e-05
119.96	2.59703e-05
119.98	2.54785e-05
120	2.49959e-05
120.02	2.45225e-05
120.04	2.4058e-05
120.06	2.36023e-05
120.08	2.31553e-05
120.1	2.27167e-05
120.12	2.22864e-05
120.14	2.18643e-05
120.16	2.14502e-05
120.18	2.1044e-05
120.2	2.06456e-05
120.22	2.02547e-05
120.24	1.98713e-05
120.26	1.94952e-05
120.28	1.91262e-05
120.3	1.87644e-05
120.32	1.84094e-05
120.34	1.80613e-05
120.36	1.77198e-05
120.38	1.73848e-05
120.4	1.70563e-05
120.42	1.6734e-05
120.44	1.6418e-05
120.46	1.6108e-05
120.48	1.58039e-05
120.5	1.55057e-05
120.52	1.52133e-05
120.54	1.49264e-05
120.56	1.46451e-05
120.58	1.43691e-05
120.6	1.40985e-05
120.62	1.38331e-05
120.64	1.35728e-05
120.66	1.33175e-05
120.68	1.30671e-05
120.7	1.28216e-05
120.72	1.25807e-05
120.74	1.23445e-05
120.76	1.21129e-05
120.78	1.18857e-05
120.8	1.16629e-05
120.82	1.14444e-05
120.84	1.12301e-05
120.86	1.10199e-05
120.88	1.08138e-05
120.9	1.06116e-05
120.92	1.04134e-05
120.94	1.02189e-05
120.96	1.00282e-05
120.98	9.84118e-06
121	9.65775e-06
121.02	9.47785e-06
121.04	9.30141e-06
121.06	9.12836e-06
121.08	8.95865e-06
121.1	8.7922e-06
121.12	8.62895e-06
121.14	8.46883e-06
121.16	8.3118e-06
121.18	8.15778e-06
121.2	8.00672e-06
121.22	7.85856e-06
121.24	7.71324e-06
121.26	7.57071e-06
121.28	7.43092e-06
121.3	7.29381e-06
121.32	7.15932e-06
121.34	7.02741e-06
121.36	6.89803e-06
121.38	6.77113e-06
121.4	6.64665e-06
121.42	6.52455e-06
121.44	6.40479e-06
121.46	6.28732e-06
121.48	6.17209e-06
121.5	6.05906e-06
121.52	5.94819e-06
121.54	5.83943e-06
121.56	5.73275e-06
121.58	5.6281e-06
121.6	5.52544e-06
121.62	5.42474e-06
121.64	5.32595e-06
121.66	5.22904e-06
121.68	5.13398e-06
121.7	5.04071e-06
121.72	4.94922e-06
121.74	4.85947e-06
121.76	4.77141e-06
121.78	4.68503e-06
121.8	4.60028e-06
121.82	4.51713e-06
121.84	4.43556e-06
121.86	4.35553e-06
121.88	4.27701e-06
121.9	4.19997e-06
121.92	4.12439e-06
121.94	4.05023e-06
121.96	3.97746e-06
121.98	3.90607e-06
122	3.83602e-06
122.02	3.76729e-06
122.04	3.69985e-06
122.06	3.63368e-06
122.08	3.56875e-06
122.1	3.50503e-06
122.12	3.44251e-06
122.14	3.38116e-06
122.16	3.32096e-06
122.18	3.26188e-06
122.2	3.20391e-06
122.22	3.14702e-06
122.24	3.09119e-06
122.26	3.0364e-06
122.28	2.98264e-06
122.3	2.92987e-06
122.32	2.87808e-06
122.34	2.82726e-06
122.36	2.77738e-06
122.38	2.72843e-06
122.4	2.68038e-06
122.42	2.63323e-06
122.44	2.58694e-06
122.46	2.54152e-06
122.48	2.49693e-06
122.5	2.45316e-06
122.52	2.41021e-06
122.54	2.36804e-06
122.56	2.32666e-06
122.58	2.28603e-06
122.6	2.24616e-06
122.62	2.20701e-06
122.64	2.16859e-06
122.66	2.13087e-06
122.68	2.09384e-06
122.7	2.05749e-06
122.72	2.02181e-06
122.74	1.98678e-06
122.76	1.95239e-06
122.78	1.91862e-06
122.8	1.88548e-06
122.82	1.85294e-06
122.84	1.82099e-06
122.86	1.78962e-06
122.88	1.75883e-06
122.9	1.72859e-06
122.92	1.6989e-06
122.94	1.66976e-06
122.96	1.64114e-06
122.98	1.61303e-06
123	1.58544e-06
123.02	1.55835e-06
123.04	1.53175e-06
123.06	1.50562e-06
123.08	1.47997e-06
123.1	1.45478e-06
123.12	1.43005e-06
123.14	1.40576e-06
123.16	1.38191e-06
123.18	1.35848e-06
123.2	1.33548e-06
123.22	1.31289e-06
123.24	1.2907e-06
123.26	1.26891e-06
123.28	1.24751e-06
123.3	1.2265e-06
123.32	1.20586e-06
123.34	1.18558e-06
123.36	1.16567e-06
123.38	1.14612e-06
123.4	1.12691e-06
123.42	1.10804e-06
123.44	1.08951e-06
123.46	1.07131e-06
123.48	1.05343e-06
123.5	1.03587e-06
123.52	1.01862e-06
123.54	1.00167e-06
123.56	9.85029e-07
123.58	9.68677e-07
123.6	9.52614e-07
123.62	9.36835e-07
123.64	9.21333e-07
123.66	9.06105e-07
123.68	8.91144e-07
123.7	8.76446e-07
123.72	8.62007e-07
123.74	8.4782e-07
123.76	8.33883e-07
123.78	8.2019e-07
123.8	8.06736e-07
123.82	7.93517e-07
123.84	7.8053e-07
123.86	7.67769e-07
123.88	7.55231e-07
123.9	7.42911e-07
123.92	7.30806e-07
123.94	7.18911e-07
123.96	7.07223e-07
123.98	6.95738e-07
124	6.84452e-07
124.02	6.73362e-07
124.04	6.62464e-07
124.06	6.51755e-07
124.08	6.4123e-07
124.1	6.30888e-07
124.12	6.20724e-07
124.14	6.10735e-07
124.16	6.00918e-07
124.18	5.91271e-07
124.2	5.81789e-07
124.22	5.7247e-07
124.24	5.63311e-07
124.26	5.54309e-07
124.28	5.45461e-07
124.3	5.36765e-07
124.32	5.28218e-07
124.34	5.19816e-07
124.36	5.11559e-07
124.38	5.03442e-07
124.4	4.95463e-07
124.42	4.8762e-07
124.44	4.79911e-07
124.46	4.72332e-07
124.48	4.64883e-07
124.5	4.5756e-07
124.52	4.50361e-07
124.54	4.43283e-07
124.56	4.36326e-07
124.58	4.29486e-07
124.6	4.22762e-07
124.62	4.16151e-07
124.64	4.09652e-07
124.66	4.03262e-07
124.68	3.9698e-07
124.7	3.90803e-07
124.72	3.8473e-07
124.74	3.78759e-07
124.76	3.72888e-07
124.78	3.67116e-07
124.8	3.6144e-07
124.82	3.55859e-07
124.84	3.50371e-07
124.86	3.44975e-07
124.88	3.39669e-07
124.9	3.34451e-07
124.92	3.2932e-07
124.94	3.24274e-07
124.96	3.19312e-07
124.98	3.14433e-07
125	3.09634e-07
125.02	3.04915e-07
125.04	3.00274e-07
125.06	2.9571e-07
125.08	2.91221e-07
125.1	2.86806e-07
125.12	2.82464e-07
125.14	2.78193e-07
125.16	2.73993e-07
125.18	2.69862e-07
125.2	2.65799e-07
125.22	2.61802e-07
125.24	2.57871e-07
125.26	2.54005e-07
125.28	2.50201e-07
125.3	2.4646e-07
125.32	2.4278e-07
125.34	2.3916e-07
125.36	2.35599e-07
125.38	2.32096e-07
125.4	2.2865e-07
125.42	2.2526e-07
125.44	2.21925e-07
125.46	2.18644e-07
125.48	2.15416e-07
125.5	2.12241e-07
125.52	2.09117e-07
125.54	2.06043e-07
125.56	2.0302e-07
125.58	2.00044e-07
125.6	1.97117e-07
125.62	1.94237e-07
125.64	1.91403e-07
125.66	1.88615e-07
125.68	1.85872e-07
125.7	1.83172e-07
125.72	1.80516e-07
125.74	1.77902e-07
125.76	1.7533e-07
125.78	1.72799e-07
125.8	1.70309e-07
125.82	1.67858e-07
125.84	1.65446e-07
125.86	1.63072e-07
125.88	1.60737e-07
125.9	1.58438e-07
125.92	1.56176e-07
125.94	1.53949e-07
125.96	1.51758e-07
125.98	1.49602e-07
126	1.47479e-07
126.02	1.4539e-07
126.04	1.43334e-07
126.06	1.4131e-07
126.08	1.39318e-07
126.1	1.37358e-07
126.12	1.35428e-07
126.14	1.33528e-07
126.16	1.31658e-07
126.18	1.29818e-07
126.2	1.28006e-07
126.22	1.26222e-07
126.24	1.24466e-07
126.26	1.22738e-07
126.28	1.21036e-07
126.3	1.19361e-07
126.32	1.17712e-07
126.34	1.16089e-07
126.36	1.14491e-07
126.38	1.12917e-07
126.4	1.11368e-07
126.42	1.09842e-07
126.44	1.08341e-07
126.46	1.06862e-07
126.48	1.05406e-07
126.5	1.03973e-07
126.52	1.02561e-07
126.54	1.01171e-07
126.56	9.98027e-08
126.58	9.84552e-08
126.6	9.71282e-08
126.62	9.58215e-08
126.64	9.45348e-08
126.66	9.32676e-08
126.68	9.20198e-08
126.7	9.07909e-08
126.72	8.95807e-08
126.74	8.83889e-08
126.76	8.72151e-08
126.78	8.60591e-08
126.8	8.49205e-08
126.82	8.37992e-08
126.84	8.26948e-08
126.86	8.1607e-08
126.88	8.05356e-08
126.9	7.94803e-08
126.92	7.84408e-08
126.94	7.7417e-08
126.96	7.64085e-08
126.98	7.5415e-08
127	7.44365e-08
127.02	7.34725e-08
127.04	7.25229e-08
127.06	7.15875e-08
127.08	7.06659e-08
127.1	6.97581e-08
127.12	6.88637e-08
127.14	6.79826e-08
127.16	6.71146e-08
127.18	6.62594e-08
127.2	6.54168e-08
127.22	6.45867e-08
127.24	6.37687e-08
127.26	6.29629e-08
127.28	6.21689e-08
127.3	6.13865e-08
127.32	6.06156e-08
127.34	5.98561e-08
127.36	5.91076e-08
127.38	5.83701e-08
127.4	5.76433e-08
127.42	5.69272e-08
127.44	5.62214e-08
127.46	5.5526e-08
127.48	5.48406e-08
127.5	5.41652e-08
127.52	5.34996e-08
127.54	5.28436e-08
127.56	5.21972e-08
127.58	5.156e-08
127.6	5.0932e-08
127.62	5.03131e-08
127.64	4.97031e-08
127.66	4.91019e-08
127.68	4.85093e-08
127.7	4.79252e-08
127.72	4.73494e-08
127.74	4.67819e-08
127.76	4.62225e-08
127.78	4.56711e-08
127.8	4.51276e-08
127.82	4.45918e-08
127.84	4.40636e-08
127.86	4.35429e-08
127.88	4.30295e-08
127.9	4.25235e-08
127.92	4.20246e-08
127.94	4.15328e-08
127.96	4.10479e-08
127.98	4.05698e-08
128	4.00985e-08
128.02	3.96338e-08
128.04	3.91757e-08
128.06	3.87239e-08
128.08	3.82785e-08
128.1	3.78393e-08
128.12	3.74063e-08
128.14	3.69793e-08
128.16	3.65582e-08
128.18	3.6143e-08
128.2	3.57336e-08
128.22	3.53299e-08
128.24	3.49318e-08
128.26	3.45392e-08
128.28	3.4152e-08
128.3	3.37702e-08
128.32	3.33936e-08
128.34	3.30223e-08
128.36	3.2656e-08
128.38	3.22948e-08
128.4	3.19386e-08
128.42	3.15872e-08
128.44	3.12407e-08
128.46	3.08989e-08
128.48	3.05617e-08
128.5	3.02292e-08
128.52	2.99012e-08
128.54	2.95777e-08
128.56	2.92585e-08
128.58	2.89438e-08
128.6	2.86332e-08
128.62	2.83269e-08
128.64	2.80247e-08
128.66	2.77266e-08
128.68	2.74326e-08
128.7	2.71425e-08
128.72	2.68563e-08
128.74	2.65739e-08
128.76	2.62954e-08
128.78	2.60206e-08
128.8	2.57495e-08
128.82	2.5482e-08
128.84	2.5218e-08
128.86	2.49576e-08
128.88	2.47007e-08
128.9	2.44472e-08
128.92	2.4197e-08
128.94	2.39502e-08
128.96	2.37067e-08
128.98	2.34664e-08
129	2.32293e-08
129.02	2.29953e-08
129.04	2.27644e-08
129.06	2.25365e-08
129.08	2.23116e-08
129.1	2.20897e-08
129.12	2.18708e-08
129.14	2.16547e-08
129.16	2.14414e-08
129.18	2.12309e-08
129.2	2.10232e-08
129.22	2.08182e-08
129.24	2.06158e-08
129.26	2.04161e-08
129.28	2.0219e-08
129.3	2.00245e-08
129.32	1.98325e-08
129.34	1.96429e-08
129.36	1.94559e-08
129.38	1.92712e-08
129.4	1.9089e-08
129.42	1.89091e-08
129.44	1.87315e-08
129.46	1.85562e-08
129.48	1.83832e-08
129.5	1.82123e-08
129.52	1.80437e-08
129.54	1.78773e-08
129.56	1.77129e-08
129.58	1.75507e-08
129.6	1.73906e-08
129.62	1.72325e-08
129.64	1.70764e-08
129.66	1.69223e-08
129.68	1.67702e-08
129.7	1.662e-08
129.72	1.64717e-08
129.74	1.63253e-08
129.76	1.61807e-08
129.78	1.6038e-08
129.8	1.58971e-08
129.82	1.5758e-08
129.84	1.56206e-08
129.86	1.54849e-08
129.88	1.5351e-08
129.9	1.52188e-08
129.92	1.50882e-08
129.94	1.49592e-08
129.96	1.48319e-08
129.98	1.47062e-08
130	1.4582e-08
130.02	1.44594e-08
130.04	1.43384e-08
130.06	1.42188e-08
130.08	1.41008e-08
130.1	1.39842e-08
130.12	1.3869e-08
130.14	1.37553e-08
130.16	1.36431e-08
130.18	1.35322e-08
130.2	1.34227e-08
130.22	1.33145e-08
130.24	1.32077e-08
130.26	1.31022e-08
130.28	1.29981e-08
130.3	1.28952e-08
130.32	1.27936e-08
130.34	1.26932e-08
130.36	1.25941e-08
130.38	1.24962e-08
130.4	1.23995e-08
130.42	1.2304e-08
130.44	1.22097e-08
130.46	1.21166e-08
130.48	1.20246e-08
130.5	1.19337e-08
130.52	1.18439e-08
130.54	1.17553e-08
130.56	1.16677e-08
130.58	1.15812e-08
130.6	1.14958e-08
130.62	1.14114e-08
130.64	1.13281e-08
130.66	1.12458e-08
130.68	1.11644e-08
130.7	1.10841e-08
130.72	1.10048e-08
130.74	1.09264e-08
130.76	1.0849e-08
130.78	1.07726e-08
130.8	1.06971e-08
130.82	1.06225e-08
130.84	1.05488e-08
130.86	1.0476e-08
130.88	1.04041e-08
130.9	1.03331e-08
130.92	1.0263e-08
130.94	1.01937e-08
130.96	1.01253e-08
130.98	1.00577e-08
131	9.99091e-09
131.02	9.92496e-09
131.04	9.85982e-09
131.06	9.79547e-09
131.08	9.73192e-09
131.1	9.66914e-09
131.12	9.60713e-09
131.14	9.54588e-09
131.16	9.48539e-09
131.18	9.42563e-09
131.2	9.36662e-09
131.22	9.30832e-09
131.24	9.25075e-09
131.26	9.19388e-09
131.28	9.13771e-09
131.3	9.08224e-09
131.32	9.02745e-09
131.34	8.97333e-09
131.36	8.91989e-09
131.38	8.8671e-09
131.4	8.81497e-09
131.42	8.76349e-09
131.44	8.71264e-09
131.46	8.66243e-09
131.48	8.61284e-09
131.5	8.56387e-09
131.52	8.5155e-09
131.54	8.46775e-09
131.56	8.42059e-09
131.58	8.37402e-09
131.6	8.32804e-09
131.62	8.28263e-09
131.64	8.2378e-09
131.66	8.19353e-09
131.68	8.14982e-09
131.7	8.10667e-09
131.72	8.06406e-09
131.74	8.022e-09
131.76	7.98047e-09
131.78	7.93947e-09
131.8	7.899e-09
131.82	7.85905e-09
131.84	7.81961e-09
131.86	7.78068e-09
131.88	7.74225e-09
131.9	7.70433e-09
131.92	7.66689e-09
131.94	7.62995e-09
131.96	7.59349e-09
131.98	7.55751e-09
132	7.522e-09
132.02	7.48697e-09
132.04	7.4524e-09
132.06	7.41829e-09
132.08	7.38463e-09
132.1	7.35143e-09
132.12	7.31867e-09
132.14	7.28636e-09
132.16	7.25449e-09
132.18	7.22305e-09
132.2	7.19205e-09
132.22	7.16147e-09
132.24	7.13132e-09
132.26	7.10158e-09
132.28	7.07226e-09
132.3	7.04336e-09
132.32	7.01486e-09
132.34	6.98677e-09
132.36	6.95908e-09
132.38	6.93179e-09
132.4	6.90489e-09
132.42	6.87838e-09
132.44	6.85227e-09
132.46	6.82653e-09
132.48	6.80118e-09
132.5	6.77621e-09
132.52	6.75162e-09
132.54	6.7274e-09
132.56	6.70354e-09
132.58	6.68006e-09
132.6	6.65694e-09
132.62	6.63418e-09
132.64	6.61178e-09
132.66	6.58974e-09
132.68	6.56806e-09
132.7	6.54672e-09
132.72	6.52573e-09
132.74	6.50509e-09
132.76	6.4848e-09
132.78	6.46484e-09
132.8	6.44523e-09
132.82	6.42596e-09
132.84	6.40701e-09
132.86	6.38841e-09
132.88	6.37013e-09
132.9	6.35219e-09
132.92	6.33457e-09
132.94	6.31728e-09
132.96	6.30031e-09
132.98	6.28366e-09
133	6.26734e-09
133.02	6.25133e-09
133.04	6.23564e-09
133.06	6.22027e-09
133.08	6.20521e-09
133.1	6.19046e-09
133.12	6.17603e-09
133.14	6.1619e-09
133.16	6.14808e-09
133.18	6.13457e-09
133.2	6.12137e-09
133.22	6.10847e-09
133.24	6.09587e-09
133.26	6.08357e-09
133.28	6.07158e-09
133.3	6.05989e-09
133.32	6.0485e-09
133.34	6.0374e-09
133.36	6.02661e-09
133.38	6.01611e-09
133.4	6.00591e-09
133.42	5.996e-09
133.44	5.98639e-09
133.46	5.97707e-09
133.48	5.96805e-09
133.5	5.95932e-09
133.52	5.95088e-09
133.54	5.94274e-09
133.56	5.93489e-09
133.58	5.92733e-09
133.6	5.92006e-09
133.62	5.91308e-09
133.64	5.9064e-09
133.66	5.9e-09
133.68	5.8939e-09
133.7	5.88809e-09
133.72	5.88257e-09
133.74	5.87735e-09
133.76	5.87241e-09
133.78	5.86777e-09
133.8	5.86342e-09
133.82	5.85936e-09
133.84	5.8556e-09
133.86	5.85213e-09
133.88	5.84895e-09
133.9	5.84607e-09
133.92	5.84349e-09
133.94	5.8412e-09
133.96	5.83921e-09
133.98	5.83752e-09
134	5.83613e-09
134.02	5.83504e-09
134.04	5.83425e-09
134.06	5.83376e-09
134.08	5.83358e-09
134.1	5.8337e-09
134.12	5.83413e-09
134.14	5.83487e-09
134.16	5.83592e-09
134.18	5.83728e-09
134.2	5.83895e-09
134.22	5.84093e-09
134.24	5.84324e-09
134.26	5.84586e-09
134.28	5.84881e-09
134.3	5.85207e-09
134.32	5.85567e-09
134.34	5.85959e-09
134.36	5.86384e-09
134.38	5.86842e-09
134.4	5.87334e-09
134.42	5.87859e-09
134.44	5.88419e-09
134.46	5.89014e-09
134.48	5.89643e-09
134.5	5.90307e-09
134.52	5.91006e-09
134.54	5.91741e-09
134.56	5.92513e-09
134.58	5.9332e-09
134.6	5.94165e-09
134.62	5.95047e-09
134.64	5.95967e-09
134.66	5.96924e-09
134.68	5.97921e-09
134.7	5.98956e-09
134.72	6.00031e-09
134.74	6.01146e-09
134.76	6.02302e-09
134.78	6.03499e-09
134.8	6.04737e-09
134.82	6.06018e-09
134.84	6.07341e-09
134.86	6.08708e-09
134.88	6.1012e-09
134.9	6.11576e-09
134.92	6.13077e-09
134.94	6.14625e-09
134.96	6.1622e-09
134.98	6.17863e-09
135	6.19554e-09
135.02	6.21295e-09
135.04	6.23086e-09
135.06	6.24928e-09
135.08	6.26822e-09
135.1	6.2877e-09
135.12	6.30772e-09
135.14	6.32829e-09
135.16	6.34942e-09
135.18	6.37113e-09
135.2	6.39343e-09
135.22	6.41632e-09
135.24	6.43983e-09
135.26	6.46397e-09
135.28	6.48875e-09
135.3	6.51418e-09
135.32	6.54028e-09
135.34	6.56707e-09
135.36	6.59457e-09
135.38	6.62278e-09
135.4	6.65174e-09
135.42	6.68146e-09
135.44	6.71196e-09
135.46	6.74326e-09
135.48	6.77539e-09
135.5	6.80837e-09
135.52	6.84222e-09
135.54	6.87697e-09
135.56	6.91265e-09
135.58	6.94929e-09
135.6	6.98692e-09
135.62	7.02558e-09
135.64	7.06529e-09
135.66	7.1061e-09
135.68	7.14805e-09
135.7	7.19117e-09
135.72	7.23552e-09
135.74	7.28115e-09
135.76	7.3281e-09
135.78	7.37643e-09
135.8	7.42621e-09
135.82	7.4775e-09
135.84	7.53038e-09
135.86	7.58491e-09
135.88	7.64118e-09
135.9	7.6993e-09
135.92	7.75936e-09
135.94	7.82147e-09
135.96	7.88576e-09
135.98	7.95238e-09
136	8.02148e-09
136.02	8.09324e-09
136.04	8.16787e-09
136.06	8.24561e-09
136.08	8.32673e-09
136.1	8.41156e-09
136.12	8.50048e-09
136.14	8.59398e-09
136.16	8.69264e-09
136.18	8.79721e-09
136.2	8.90866e-09
136.22	9.02833e-09
136.24	9.15816e-09
136.26	9.30107e-09
136.28	9.46204e-09
136.3	9.65067e-09
136.32	9.88954e-09
136.34	1.02467e-08
136.36	1.10294e-08
136.38	1.33108e-08
136.4	1.95904e-08
136.42	3.62861e-08
136.44	8.13893e-08
136.46	1.95367e-07
136.48	4.56931e-07
136.5	1.02036e-06
136.52	2.17387e-06
136.54	4.37265e-06
136.56	8.18953e-06
136.58	1.41421e-05
136.6	2.24399e-05
136.62	3.2901e-05
136.64	4.5119e-05
136.66	5.86399e-05
136.68	7.30389e-05
136.7	8.7945e-05
136.72	0.000103052
136.74	0.000118121
136.76	0.000132972
136.78	0.000147475
136.8	0.000161539
136.82	0.0001751
136.84	0.000188121
136.86	0.000200577
136.88	0.000212457
136.9	0.000223761
136.92	0.000234492
136.94	0.00024466
136.96	0.000254279
136.98	0.000263363
137	0.000271927
137.02	0.000279991
137.04	0.00028757
137.06	0.000294683
137.08	0.000301347
137.1	0.000307579
137.12	0.000313395
137.14	0.000318811
137.16	0.000323844
137.18	0.000328509
137.2	0.000332819
137.22	0.000336789
137.24	0.000340434
137.26	0.000343765
137.28	0.000346796
137.3	0.000349538
137.32	0.000352004
137.34	0.000354205
137.36	0.000356151
137.38	0.000357853
137.4	0.000359322
137.42	0.000360566
137.44	0.000361595
137.46	0.000362418
137.48	0.000363044
137.5	0.000363481
137.52	0.000363737
137.54	0.00036382
137.56	0.000363737
137.58	0.000363494
137.6	0.0003631
137.62	0.000362559
137.64	0.00036188
137.66	0.000361067
137.68	0.000360127
137.7	0.000359065
137.72	0.000357886
137.74	0.000356596
137.76	0.000355199
137.78	0.000353701
137.8	0.000352106
137.82	0.000350418
137.84	0.000348641
137.86	0.000346781
137.88	0.00034484
137.9	0.000342823
137.92	0.000340732
137.94	0.000338573
137.96	0.000336348
137.98	0.00033406
138	0.000331714
138.02	0.000329311
138.04	0.000326854
138.06	0.000324348
138.08	0.000321794
138.1	0.000319196
138.12	0.000316556
138.14	0.000313876
138.16	0.000311159
138.18	0.000308408
138.2	0.000305624
138.22	0.000302811
138.24	0.00029997
138.26	0.000297103
138.28	0.000294213
138.3	0.000291302
138.32	0.000288371
138.34	0.000285422
138.36	0.000282458
138.38	0.00027948
138.4	0.00027649
138.42	0.00027349
138.44	0.00027048
138.46	0.000267464
138.48	0.000264442
138.5	0.000261417
138.52	0.000258388
138.54	0.000255358
138.56	0.000252329
138.58	0.000249301
138.6	0.000246277
138.62	0.000243256
138.64	0.00024024
138.66	0.000237232
138.68	0.00023423
138.7	0.000231238
138.72	0.000228255
138.74	0.000225283
138.76	0.000222323
138.78	0.000219376
138.8	0.000216443
138.82	0.000213523
138.84	0.00021062
138.86	0.000207732
138.88	0.000204861
138.9	0.000202008
138.92	0.000199173
138.94	0.000196358
138.96	0.000193562
138.98	0.000190786
139	0.000188031
139.02	0.000185297
139.04	0.000182585
139.06	0.000179895
139.08	0.000177228
139.1	0.000174585
139.12	0.000171965
139.14	0.000169369
139.16	0.000166797
139.18	0.00016425
139.2	0.000161727
139.22	0.00015923
139.24	0.000156759
139.26	0.000154313
139.28	0.000151892
139.3	0.000149498
139.32	0.000147131
139.34	0.000144789
139.36	0.000142474
139.38	0.000140186
139.4	0.000137924
139.42	0.000135689
139.44	0.00013348
139.46	0.000131299
139.48	0.000129144
139.5	0.000127016
139.52	0.000124915
139.54	0.000122841
139.56	0.000120794
139.58	0.000118773
139.6	0.000116779
139.62	0.000114811
139.64	0.00011287
139.66	0.000110956
139.68	0.000109067
139.7	0.000107205
139.72	0.000105369
139.74	0.000103558
139.76	0.000101774
139.78	0.000100015
139.8	9.8281e-05
139.82	9.65726e-05
139.84	9.48892e-05
139.86	9.32308e-05
139.88	9.1597e-05
139.9	8.99878e-05
139.92	8.84028e-05
139.94	8.68419e-05
139.96	8.5305e-05
139.98	8.37916e-05
140	8.23018e-05
140.02	8.08351e-05
140.04	7.93915e-05
140.06	7.79706e-05
140.08	7.65723e-05
140.1	7.51963e-05
140.12	7.38423e-05
140.14	7.25101e-05
140.16	7.11996e-05
140.18	6.99103e-05
140.2	6.86422e-05
140.22	6.73949e-05
140.24	6.61682e-05
140.26	6.49618e-05
140.28	6.37756e-05
140.3	6.26092e-05
140.32	6.14624e-05
140.34	6.03349e-05
140.36	5.92265e-05
140.38	5.8137e-05
140.4	5.70661e-05
140.42	5.60136e-05
140.44	5.49791e-05
140.46	5.39625e-05
140.48	5.29635e-05
140.5	5.19818e-05
140.52	5.10173e-05
140.54	5.00696e-05
140.56	4.91386e-05
140.58	4.82239e-05
140.6	4.73254e-05
140.62	4.64428e-05
140.64	4.55758e-05
140.66	4.47243e-05
140.68	4.3888e-05
140.7	4.30666e-05
140.72	4.226e-05
140.74	4.14679e-05
140.76	4.069e-05
140.78	3.99263e-05
140.8	3.91763e-05
140.82	3.844e-05
140.84	3.77171e-05
140.86	3.70074e-05
140.88	3.63106e-05
140.9	3.56266e-05
140.92	3.49551e-05
140.94	3.4296e-05
140.96	3.3649e-05
140.98	3.3014e-05
141	3.23907e-05
141.02	3.17789e-05
141.04	3.11785e-05
141.06	3.05892e-05
141.08	3.00109e-05
141.1	2.94434e-05
141.12	2.88865e-05
141.14	2.834e-05
141.16	2.78037e-05
141.18	2.72775e-05
141.2	2.67611e-05
141.22	2.62544e-05
141.24	2.57573e-05
141.26	2.52696e-05
141.28	2.4791e-05
141.3	2.43215e-05
141.32	2.38608e-05
141.34	2.34089e-05
141.36	2.29655e-05
141.38	2.25306e-05
141.4	2.21038e-05
141.42	2.16852e-05
141.44	2.12746e-05
141.46	2.08718e-05
141.48	2.04766e-05
141.5	2.0089e-05
141.52	1.97087e-05
141.54	1.93358e-05
141.56	1.89699e-05
141.58	1.8611e-05
141.6	1.8259e-05
141.62	1.79138e-05
141.64	1.75751e-05
141.66	1.72429e-05
141.68	1.69171e-05
141.7	1.65976e-05
141.72	1.62842e-05
141.74	1.59767e-05
141.76	1.56752e-05
141.78	1.53795e-05
141.8	1.50895e-05
141.82	1.4805e-05
141.84	1.4526e-05
141.86	1.42524e-05
141.88	1.39841e-05
141.9	1.37209e-05
141.92	1.34627e-05
141.94	1.32096e-05
141.96	1.29613e-05
141.98	1.27178e-05
142	1.24789e-05
142.02	1.22447e-05
142.04	1.2015e-05
142.06	1.17897e-05
142.08	1.15688e-05
142.1	1.13521e-05
142.12	1.11395e-05
142.14	1.09311e-05
142.16	1.07267e-05
142.18	1.05262e-05
142.2	1.03296e-05
142.22	1.01368e-05
142.24	9.94768e-06
142.26	9.7622e-06
142.28	9.5803e-06
142.3	9.40189e-06
142.32	9.22692e-06
142.34	9.05531e-06
142.36	8.88701e-06
142.38	8.72194e-06
142.4	8.56004e-06
142.42	8.40126e-06
142.44	8.24552e-06
142.46	8.09278e-06
142.48	7.94297e-06
142.5	7.79604e-06
142.52	7.65192e-06
142.54	7.51058e-06
142.56	7.37194e-06
142.58	7.23596e-06
142.6	7.10258e-06
142.62	6.97176e-06
142.64	6.84345e-06
142.66	6.71759e-06
142.68	6.59414e-06
142.7	6.47305e-06
142.72	6.35427e-06
142.74	6.23777e-06
142.76	6.12349e-06
142.78	6.01139e-06
142.8	5.90142e-06
142.82	5.79356e-06
142.84	5.68775e-06
142.86	5.58396e-06
142.88	5.48214e-06
142.9	5.38226e-06
142.92	5.28428e-06
142.94	5.18817e-06
142.96	5.09388e-06
142.98	5.00138e-06
143	4.91063e-06
143.02	4.82161e-06
143.04	4.73427e-06
143.06	4.64859e-06
143.08	4.56453e-06
143.1	4.48206e-06
143.12	4.40115e-06
143.14	4.32176e-06
143.16	4.24388e-06
143.18	4.16747e-06
143.2	4.0925e-06
143.22	4.01894e-06
143.24	3.94676e-06
143.26	3.87595e-06
143.28	3.80646e-06
143.3	3.73829e-06
143.32	3.67139e-06
143.34	3.60575e-06
143.36	3.54134e-06
143.38	3.47814e-06
143.4	3.41612e-06
143.42	3.35526e-06
143.44	3.29554e-06
143.46	3.23694e-06
143.48	3.17943e-06
143.5	3.123e-06
143.52	3.06761e-06
143.54	3.01326e-06
143.56	2.95993e-06
143.58	2.90758e-06
143.6	2.85621e-06
143.62	2.80579e-06
143.64	2.7563e-06
143.66	2.70774e-06
143.68	2.66007e-06
143.7	2.61329e-06
143.72	2.56738e-06
143.74	2.52231e-06
143.76	2.47807e-06
143.78	2.43466e-06
143.8	2.39204e-06
143.82	2.35021e-06
143.84	2.30915e-06
143.86	2.26884e-06
143.88	2.22928e-06
143.9	2.19044e-06
143.92	2.15232e-06
143.94	2.1149e-06
143.96	2.07816e-06
143.98	2.0421e-06
144	2.00669e-06
144.02	1.97193e-06
144.04	1.93781e-06
144.06	1.90431e-06
144.08	1.87143e-06
144.1	1.83914e-06
144.12	1.80744e-06
144.14	1.77632e-06
144.16	1.74576e-06
144.18	1.71576e-06
144.2	1.6863e-06
144.22	1.65738e-06
144.24	1.62899e-06
144.26	1.6011e-06
144.28	1.57372e-06
144.3	1.54684e-06
144.32	1.52044e-06
144.34	1.49452e-06
144.36	1.46907e-06
144.38	1.44407e-06
144.4	1.41953e-06
144.42	1.39543e-06
144.44	1.37176e-06
144.46	1.34851e-06
144.48	1.32568e-06
144.5	1.30327e-06
144.52	1.28125e-06
144.54	1.25963e-06
144.56	1.23839e-06
144.58	1.21754e-06
144.6	1.19706e-06
144.62	1.17694e-06
144.64	1.15718e-06
144.66	1.13777e-06
144.68	1.11871e-06
144.7	1.09999e-06
144.72	1.0816e-06
144.74	1.06353e-06
144.76	1.04579e-06
144.78	1.02836e-06
144.8	1.01124e-06
144.82	9.94425e-07
144.84	9.77905e-07
144.86	9.61677e-07
144.88	9.45736e-07
144.9	9.30075e-07
144.92	9.1469e-07
144.94	8.99576e-07
144.96	8.84728e-07
144.98	8.70141e-07
145	8.5581e-07
145.02	8.4173e-07
145.04	8.27897e-07
145.06	8.14307e-07
145.08	8.00954e-07
145.1	7.87834e-07
145.12	7.74944e-07
145.14	7.62278e-07
145.16	7.49833e-07
145.18	7.37606e-07
145.2	7.2559e-07
145.22	7.13784e-07
145.24	7.02183e-07
145.26	6.90784e-07
145.28	6.79582e-07
145.3	6.68574e-07
145.32	6.57757e-07
145.34	6.47127e-07
145.36	6.3668e-07
145.38	6.26414e-07
145.4	6.16325e-07
145.42	6.0641e-07
145.44	5.96666e-07
145.46	5.87089e-07
145.48	5.77677e-07
145.5	5.68427e-07
145.52	5.59335e-07
145.54	5.504e-07
145.56	5.41617e-07
145.58	5.32985e-07
145.6	5.245e-07
145.62	5.1616e-07
145.64	5.07963e-07
145.66	4.99905e-07
145.68	4.91985e-07
145.7	4.842e-07
145.72	4.76547e-07
145.74	4.69023e-07
145.76	4.61628e-07
145.78	4.54358e-07
145.8	4.47212e-07
145.82	4.40186e-07
145.84	4.33279e-07
145.86	4.26489e-07
145.88	4.19814e-07
145.9	4.13251e-07
145.92	4.06799e-07
145.94	4.00455e-07
145.96	3.94218e-07
145.98	3.88086e-07
146	3.82057e-07
146.02	3.76129e-07
146.04	3.70301e-07
146.06	3.6457e-07
146.08	3.58935e-07
146.1	3.53394e-07
146.12	3.47945e-07
146.14	3.42588e-07
146.16	3.3732e-07
146.18	3.32139e-07
146.2	3.27045e-07
146.22	3.22036e-07
146.24	3.17109e-07
146.26	3.12265e-07
146.28	3.075e-07
146.3	3.02815e-07
146.32	2.98207e-07
146.34	2.93675e-07
146.36	2.89219e-07
146.38	2.84835e-07
146.4	2.80524e-07
146.42	2.76284e-07
146.44	2.72114e-07
146.46	2.68012e-07
146.48	2.63977e-07
146.5	2.60009e-07
146.52	2.56106e-07
146.54	2.52267e-07
146.56	2.4849e-07
146.58	2.44775e-07
146.6	2.41121e-07
146.62	2.37527e-07
146.64	2.33991e-07
146.66	2.30513e-07
146.68	2.27091e-07
146.7	2.23725e-07
146.72	2.20413e-07
146.74	2.17156e-07
146.76	2.13951e-07
146.78	2.10798e-07
146.8	2.07695e-07
146.82	2.04644e-07
146.84	2.01641e-07
146.86	1.98687e-07
146.88	1.9578e-07
146.9	1.9292e-07
146.92	1.90106e-07
146.94	1.87337e-07
146.96	1.84613e-07
146.98	1.81932e-07
147	1.79295e-07
147.02	1.76699e-07
147.04	1.74145e-07
147.06	1.71632e-07
147.08	1.69158e-07
147.1	1.66725e-07
147.12	1.64329e-07
147.14	1.61972e-07
147.16	1.59653e-07
147.18	1.5737e-07
147.2	1.55123e-07
147.22	1.52912e-07
147.24	1.50736e-07
147.26	1.48595e-07
147.28	1.46487e-07
147.3	1.44412e-07
147.32	1.4237e-07
147.34	1.40361e-07
147.36	1.38382e-07
147.38	1.36435e-07
147.4	1.34519e-07
147.42	1.32632e-07
147.44	1.30775e-07
147.46	1.28947e-07
147.48	1.27148e-07
147.5	1.25376e-07
147.52	1.23632e-07
147.54	1.21916e-07
147.56	1.20226e-07
147.58	1.18562e-07
147.6	1.16925e-07
147.62	1.15312e-07
147.64	1.13725e-07
147.66	1.12162e-07
147.68	1.10623e-07
147.7	1.09108e-07
147.72	1.07616e-07
147.74	1.06148e-07
147.76	1.04702e-07
147.78	1.03278e-07
147.8	1.01876e-07
147.82	1.00496e-07
147.84	9.91365e-08
147.86	9.7798e-08
147.88	9.648e-08
147.9	9.51822e-08
147.92	9.39041e-08
147.94	9.26455e-08
147.96	9.14061e-08
147.98	9.01855e-08
148	8.89834e-08
148.02	8.77996e-08
148.04	8.66337e-08
148.06	8.54854e-08
148.08	8.43545e-08
148.1	8.32407e-08
148.12	8.21437e-08
148.14	8.10632e-08
148.16	7.9999e-08
148.18	7.89507e-08
148.2	7.79183e-08
148.22	7.69012e-08
148.24	7.58995e-08
148.26	7.49127e-08
148.28	7.39406e-08
148.3	7.29831e-08
148.32	7.20398e-08
148.34	7.11106e-08
148.36	7.01952e-08
148.38	6.92934e-08
148.4	6.8405e-08
148.42	6.75297e-08
148.44	6.66674e-08
148.46	6.58179e-08
148.48	6.49809e-08
148.5	6.41563e-08
148.52	6.33438e-08
148.54	6.25433e-08
148.56	6.17545e-08
148.58	6.09773e-08
148.6	6.02115e-08
148.62	5.9457e-08
148.64	5.87134e-08
148.66	5.79808e-08
148.68	5.72588e-08
148.7	5.65474e-08
148.72	5.58463e-08
148.74	5.51554e-08
148.76	5.44746e-08
148.78	5.38036e-08
148.8	5.31423e-08
148.82	5.24907e-08
148.84	5.18484e-08
148.86	5.12154e-08
148.88	5.05916e-08
148.9	4.99767e-08
148.92	4.93707e-08
148.94	4.87734e-08
148.96	4.81847e-08
148.98	4.76044e-08
149	4.70324e-08
149.02	4.64686e-08
149.04	4.59128e-08
149.06	4.5365e-08
149.08	4.4825e-08
149.1	4.42926e-08
149.12	4.37679e-08
149.14	4.32506e-08
149.16	4.27406e-08
149.18	4.22378e-08
149.2	4.17422e-08
149.22	4.12535e-08
149.24	4.07718e-08
149.26	4.02968e-08
149.28	3.98285e-08
149.3	3.93668e-08
149.32	3.89116e-08
149.34	3.84628e-08
149.36	3.80202e-08
149.38	3.75839e-08
149.4	3.71536e-08
149.42	3.67294e-08
149.44	3.6311e-08
149.46	3.58985e-08
149.48	3.54917e-08
149.5	3.50906e-08
149.52	3.4695e-08
149.54	3.43049e-08
149.56	3.39202e-08
149.58	3.35409e-08
149.6	3.31667e-08
149.62	3.27977e-08
149.64	3.24338e-08
149.66	3.20749e-08
149.68	3.17209e-08
149.7	3.13718e-08
149.72	3.10275e-08
149.74	3.06878e-08
149.76	3.03528e-08
149.78	3.00224e-08
149.8	2.96965e-08
149.82	2.9375e-08
149.84	2.90579e-08
149.86	2.87451e-08
149.88	2.84366e-08
149.9	2.81322e-08
149.92	2.78319e-08
149.94	2.75357e-08
149.96	2.72435e-08
149.98	2.69552e-08
150	2.66708e-08
150.02	2.63903e-08
150.04	2.61135e-08
150.06	2.58404e-08
150.08	2.55709e-08
150.1	2.53051e-08
150.12	2.50428e-08
150.14	2.47841e-08
150.16	2.45287e-08
150.18	2.42768e-08
150.2	2.40282e-08
150.22	2.3783e-08
150.24	2.35409e-08
150.26	2.33021e-08
150.28	2.30665e-08
150.3	2.28339e-08
150.32	2.26045e-08
150.34	2.2378e-08
150.36	2.21546e-08
150.38	2.1934e-08
150.4	2.17164e-08
150.42	2.15016e-08
150.44	2.12897e-08
150.46	2.10805e-08
150.48	2.0874e-08
150.5	2.06703e-08
150.52	2.04692e-08
150.54	2.02707e-08
150.56	2.00748e-08
150.58	1.98815e-08
150.6	1.96906e-08
150.62	1.95023e-08
150.64	1.93163e-08
150.66	1.91328e-08
150.68	1.89517e-08
150.7	1.87729e-08
150.72	1.85964e-08
150.74	1.84221e-08
150.76	1.82502e-08
150.78	1.80804e-08
150.8	1.79128e-08
150.82	1.77473e-08
150.84	1.7584e-08
150.86	1.74227e-08
150.88	1.72636e-08
150.9	1.71064e-08
150.92	1.69513e-08
150.94	1.67981e-08
150.96	1.66469e-08
150.98	1.64976e-08
151	1.63502e-08
151.02	1.62046e-08
151.04	1.60609e-08
151.06	1.59191e-08
151.08	1.5779e-08
151.1	1.56407e-08
151.12	1.55041e-08
151.14	1.53693e-08
151.16	1.52361e-08
151.18	1.51047e-08
151.2	1.49748e-08
151.22	1.48466e-08
151.24	1.47201e-08
151.26	1.45951e-08
151.28	1.44716e-08
151.3	1.43498e-08
151.32	1.42294e-08
151.34	1.41105e-08
151.36	1.39932e-08
151.38	1.38773e-08
151.4	1.37628e-08
151.42	1.36497e-08
151.44	1.35381e-08
151.46	1.34279e-08
151.48	1.3319e-08
151.5	1.32114e-08
151.52	1.31052e-08
151.54	1.30004e-08
151.56	1.28968e-08
151.58	1.27945e-08
151.6	1.26934e-08
151.62	1.25936e-08
151.64	1.24951e-08
151.66	1.23977e-08
151.68	1.23016e-08
151.7	1.22066e-08
151.72	1.21128e-08
151.74	1.20202e-08
151.76	1.19287e-08
151.78	1.18383e-08
151.8	1.1749e-08
151.82	1.16609e-08
151.84	1.15738e-08
151.86	1.14878e-08
151.88	1.14028e-08
151.9	1.13189e-08
151.92	1.1236e-08
151.94	1.11541e-08
151.96	1.10732e-08
151.98	1.09933e-08
152	1.09144e-08
152.02	1.08365e-08
152.04	1.07595e-08
152.06	1.06834e-08
152.08	1.06083e-08
152.1	1.05341e-08
152.12	1.04608e-08
152.14	1.03884e-08
152.16	1.03169e-08
152.18	1.02462e-08
152.2	1.01764e-08
152.22	1.01075e-08
152.24	1.00394e-08
152.26	9.97213e-09
152.28	9.90569e-09
152.3	9.84006e-09
152.32	9.77524e-09
152.34	9.7112e-09
152.36	9.64795e-09
152.38	9.58547e-09
152.4	9.52376e-09
152.42	9.4628e-09
152.44	9.40258e-09
152.46	9.34311e-09
152.48	9.28436e-09
152.5	9.22633e-09
152.52	9.16902e-09
152.54	9.1124e-09
152.56	9.05649e-09
152.58	9.00126e-09
152.6	8.9467e-09
152.62	8.89282e-09
152.64	8.83961e-09
152.66	8.78705e-09
152.68	8.73513e-09
152.7	8.68386e-09
152.72	8.63323e-09
152.74	8.58322e-09
152.76	8.53383e-09
152.78	8.48505e-09
152.8	8.43688e-09
152.82	8.3893e-09
152.84	8.34232e-09
152.86	8.29593e-09
152.88	8.25012e-09
152.9	8.20488e-09
152.92	8.1602e-09
152.94	8.11609e-09
152.96	8.07253e-09
152.98	8.02952e-09
153	7.98706e-09
153.02	7.94513e-09
153.04	7.90373e-09
153.06	7.86286e-09
153.08	7.82251e-09
153.1	7.78268e-09
153.12	7.74336e-09
153.14	7.70454e-09
153.16	7.66622e-09
153.18	7.62839e-09
153.2	7.59105e-09
153.22	7.5542e-09
153.24	7.51783e-09
153.26	7.48193e-09
153.28	7.4465e-09
153.3	7.41154e-09
153.32	7.37704e-09
153.34	7.34299e-09
153.36	7.3094e-09
153.38	7.27625e-09
153.4	7.24355e-09
153.42	7.21129e-09
153.44	7.17946e-09
153.46	7.14806e-09
153.48	7.11709e-09
153.5	7.08654e-09
153.52	7.05641e-09
153.54	7.0267e-09
153.56	6.9974e-09
153.58	6.96851e-09
153.6	6.94002e-09
153.62	6.91193e-09
153.64	6.88424e-09
153.66	6.85694e-09
153.68	6.83003e-09
153.7	6.80352e-09
153.72	6.77738e-09
153.74	6.75163e-09
153.76	6.72625e-09
153.78	6.70125e-09
153.8	6.67662e-09
153.82	6.65236e-09
153.84	6.62846e-09
153.86	6.60493e-09
153.88	6.58175e-09
153.9	6.55894e-09
153.92	6.53648e-09
153.94	6.51437e-09
153.96	6.49261e-09
153.98	6.4712e-09
154	6.45013e-09
154.02	6.42941e-09
154.04	6.40902e-09
154.06	6.38897e-09
154.08	6.36926e-09
154.1	6.34988e-09
154.12	6.33083e-09
154.14	6.31211e-09
154.16	6.29372e-09
154.18	6.27565e-09
154.2	6.2579e-09
154.22	6.24048e-09
154.24	6.22337e-09
154.26	6.20659e-09
154.28	6.19011e-09
154.3	6.17395e-09
154.32	6.15811e-09
154.34	6.14257e-09
154.36	6.12734e-09
154.38	6.11242e-09
154.4	6.0978e-09
154.42	6.08349e-09
154.44	6.06949e-09
154.46	6.05578e-09
154.48	6.04237e-09
154.5	6.02927e-09
154.52	6.01646e-09
154.54	6.00395e-09
154.56	5.99173e-09
154.58	5.97981e-09
154.6	5.96819e-09
154.62	5.95685e-09
154.64	5.94581e-09
154.66	5.93506e-09
154.68	5.9246e-09
154.7	5.91443e-09
154.72	5.90455e-09
154.74	5.89495e-09
154.76	5.88565e-09
154.78	5.87663e-09
154.8	5.86789e-09
154.82	5.85944e-09
154.84	5.85128e-09
154.86	5.84341e-09
154.88	5.83582e-09
154.9	5.82851e-09
154.92	5.82149e-09
154.94	5.81475e-09
154.96	5.80829e-09
154.98	5.80212e-09
155	5.79624e-09
155.02	5.79064e-09
155.04	5.78532e-09
155.06	5.78029e-09
155.08	5.77554e-09
155.1	5.77107e-09
155.12	5.7669e-09
155.14	5.763e-09
155.16	5.7594e-09
155.18	5.75608e-09
155.2	5.75304e-09
155.22	5.7503e-09
155.24	5.74784e-09
155.26	5.74567e-09
155.28	5.7438e-09
155.3	5.74221e-09
155.32	5.74092e-09
155.34	5.73991e-09
155.36	5.73921e-09
155.38	5.73879e-09
155.4	5.73868e-09
155.42	5.73886e-09
155.44	5.73934e-09
155.46	5.74012e-09
155.48	5.7412e-09
155.5	5.74258e-09
155.52	5.74427e-09
155.54	5.74627e-09
155.56	5.74858e-09
155.58	5.75119e-09
155.6	5.75412e-09
155.62	5.75737e-09
155.64	5.76093e-09
155.66	5.76481e-09
155.68	5.76901e-09
155.7	5.77353e-09
155.72	5.77838e-09
155.74	5.78356e-09
155.76	5.78908e-09
155.78	5.79492e-09
155.8	5.80111e-09
155.82	5.80764e-09
155.84	5.81451e-09
155.86	5.82173e-09
155.88	5.8293e-09
155.9	5.83722e-09
155.92	5.8455e-09
155.94	5.85415e-09
155.96	5.86316e-09
155.98	5.87254e-09
156	5.8823e-09
156.02	5.89244e-09
156.04	5.90296e-09
156.06	5.91387e-09
156.08	5.92517e-09
156.1	5.93688e-09
156.12	5.94898e-09
156.14	5.9615e-09
156.16	5.97444e-09
156.18	5.98779e-09
156.2	6.00157e-09
156.22	6.01579e-09
156.24	6.03045e-09
156.26	6.04556e-09
156.28	6.06112e-09
156.3	6.07715e-09
156.32	6.09365e-09
156.34	6.11062e-09
156.36	6.12808e-09
156.38	6.14604e-09
156.4	6.1645e-09
156.42	6.18348e-09
156.44	6.20298e-09
156.46	6.22301e-09
156.48	6.24359e-09
156.5	6.26472e-09
156.52	6.28642e-09
156.54	6.3087e-09
156.56	6.33157e-09
156.58	6.35504e-09
156.6	6.37913e-09
156.62	6.40385e-09
156.64	6.42921e-09
156.66	6.45524e-09
156.68	6.48195e-09
156.7	6.50934e-09
156.72	6.53745e-09
156.74	6.56629e-09
156.76	6.59588e-09
156.78	6.62624e-09
156.8	6.65739e-09
156.82	6.68935e-09
156.84	6.72215e-09
156.86	6.7558e-09
156.88	6.79035e-09
156.9	6.82581e-09
156.92	6.86221e-09
156.94	6.89959e-09
156.96	6.93798e-09
156.98	6.9774e-09
157	7.01791e-09
157.02	7.05953e-09
157.04	7.10231e-09
157.06	7.1463e-09
157.08	7.19154e-09
157.1	7.23808e-09
157.12	7.28598e-09
157.14	7.3353e-09
157.16	7.3861e-09
157.18	7.43846e-09
157.2	7.49244e-09
157.22	7.54813e-09
157.24	7.60563e-09
157.26	7.66503e-09
157.28	7.72643e-09
157.3	7.78997e-09
157.32	7.85578e-09
157.34	7.92402e-09
157.36	7.99485e-09
157.38	8.06848e-09
157.4	8.14513e-09
157.42	8.22506e-09
157.44	8.30859e-09
157.46	8.39608e-09
157.48	8.48799e-09
157.5	8.58486e-09
157.52	8.68739e-09
157.54	8.79649e-09
157.56	8.91337e-09
157.58	9.03978e-09
157.6	9.1783e-09
157.62	9.33321e-09
157.64	9.51246e-09
157.66	9.73369e-09
157.68	1.00466e-08
157.7	1.06493e-08
157.72	1.23872e-08
157.74	1.73063e-08
157.76	3.03081e-08
157.78	6.5557e-08
157.8	1.5678e-07
157.82	3.70824e-07
157.84	8.37963e-07
157.86	1.80777e-06
157.88	3.69487e-06
157.9	7.05448e-06
157.92	1.24434e-05
157.94	2.01696e-05
157.96	3.01409e-05
157.98	4.19862e-05
158	5.52518e-05
158.02	6.95006e-05
158.04	8.43458e-05
158.06	9.94636e-05
158.08	0.000114597
158.1	0.000129553
158.12	0.000144188
158.14	0.000158402
158.16	0.000172127
158.18	0.000185317
158.2	0.000197946
158.22	0.00021
158.24	0.000221475
158.26	0.000232375
158.28	0.000242708
158.3	0.000252486
158.32	0.000261725
158.34	0.000270439
158.36	0.000278647
158.38	0.000286365
158.4	0.000293611
158.42	0.000300402
158.44	0.000306756
158.46	0.00031269
158.48	0.00031822
158.5	0.00032336
158.52	0.000328128
158.54	0.000332538
158.56	0.000336603
158.58	0.000340338
158.6	0.000343756
158.62	0.00034687
158.64	0.000349692
158.66	0.000352233
158.68	0.000354507
158.7	0.000356522
158.72	0.00035829
158.74	0.000359821
158.76	0.000361126
158.78	0.000362212
158.8	0.00036309
158.82	0.000363768
158.84	0.000364255
158.86	0.000364558
158.88	0.000364685
158.9	0.000364644
158.92	0.000364442
158.94	0.000364086
158.96	0.000363582
158.98	0.000362937
159	0.000362157
159.02	0.000361247
159.04	0.000360214
159.06	0.000359063
159.08	0.000357799
159.1	0.000356426
159.12	0.000354951
159.14	0.000353377
159.16	0.00035171
159.18	0.000349952
159.2	0.000348109
159.22	0.000346185
159.24	0.000344183
159.26	0.000342107
159.28	0.000339961
159.3	0.000337748
159.32	0.000335471
159.34	0.000333135
159.36	0.000330741
159.38	0.000328293
159.4	0.000325794
159.42	0.000323247
159.44	0.000320654
159.46	0.000318019
159.48	0.000315343
159.5	0.00031263
159.52	0.000309881
159.54	0.000307099
159.56	0.000304287
159.58	0.000301447
159.6	0.00029858
159.62	0.00029569
159.64	0.000292777
159.66	0.000289844
159.68	0.000286894
159.7	0.000283927
159.72	0.000280945
159.74	0.000277952
159.76	0.000274947
159.78	0.000271933
159.8	0.000268911
159.82	0.000265884
159.84	0.000262852
159.86	0.000259817
159.88	0.000256781
159.9	0.000253744
159.92	0.000250709
159.94	0.000247676
159.96	0.000244647
159.98	0.000241623
160	0.000238605
160.02	0.000235595
160.04	0.000232593
160.06	0.000229601
160.08	0.000226619
160.1	0.000223649
160.12	0.000220691
160.14	0.000217747
160.16	0.000214817
160.18	0.000211902
160.2	0.000209004
160.22	0.000206122
160.24	0.000203257
160.26	0.000200411
160.28	0.000197583
160.3	0.000194775
160.32	0.000191987
160.34	0.00018922
160.36	0.000186474
160.38	0.00018375
160.4	0.000181048
160.42	0.000178368
160.44	0.000175712
160.46	0.00017308
160.48	0.000170471
160.5	0.000167886
160.52	0.000165327
160.54	0.000162792
160.56	0.000160282
160.58	0.000157798
160.6	0.000155339
160.62	0.000152906
160.64	0.000150499
160.66	0.000148119
160.68	0.000145765
160.7	0.000143437
160.72	0.000141136
160.74	0.000138862
160.76	0.000136614
160.78	0.000134393
160.8	0.000132199
160.82	0.000130032
160.84	0.000127892
160.86	0.000125779
160.88	0.000123693
160.9	0.000121633
160.92	0.0001196
160.94	0.000117594
160.96	0.000115615
160.98	0.000113662
161	0.000111736
161.02	0.000109836
161.04	0.000107962
161.06	0.000106114
161.08	0.000104293
161.1	0.000102497
161.12	0.000100727
161.14	9.8982e-05
161.16	9.72627e-05
161.18	9.55686e-05
161.2	9.38995e-05
161.22	9.22552e-05
161.24	9.06354e-05
161.26	8.90402e-05
161.28	8.74691e-05
161.3	8.5922e-05
161.32	8.43987e-05
161.34	8.28989e-05
161.36	8.14225e-05
161.38	7.99692e-05
161.4	7.85388e-05
161.42	7.71311e-05
161.44	7.57457e-05
161.46	7.43826e-05
161.48	7.30413e-05
161.5	7.17218e-05
161.52	7.04237e-05
161.54	6.91469e-05
161.56	6.7891e-05
161.58	6.66558e-05
161.6	6.5441e-05
161.62	6.42465e-05
161.64	6.3072e-05
161.66	6.19171e-05
161.68	6.07817e-05
161.7	5.96656e-05
161.72	5.85684e-05
161.74	5.74899e-05
161.76	5.64298e-05
161.78	5.5388e-05
161.8	5.43642e-05
161.82	5.3358e-05
161.84	5.23693e-05
161.86	5.13978e-05
161.88	5.04433e-05
161.9	4.95056e-05
161.92	4.85843e-05
161.94	4.76793e-05
161.96	4.67902e-05
161.98	4.5917e-05
162	4.50593e-05
162.02	4.42168e-05
162.04	4.33895e-05
162.06	4.25769e-05
162.08	4.1779e-05
162.1	4.09955e-05
162.12	4.02261e-05
162.14	3.94706e-05
162.16	3.87288e-05
162.18	3.80006e-05
162.2	3.72856e-05
162.22	3.65836e-05
162.24	3.58946e-05
162.26	3.52181e-05
162.28	3.45541e-05
162.3	3.39023e-05
162.32	3.32625e-05
162.34	3.26345e-05
162.36	3.20182e-05
162.38	3.14133e-05
162.4	3.08196e-05
162.42	3.02369e-05
162.44	2.96652e-05
162.46	2.9104e-05
162.48	2.85534e-05
162.5	2.80131e-05
162.52	2.74829e-05
162.54	2.69626e-05
162.56	2.64521e-05
162.58	2.59512e-05
162.6	2.54598e-05
162.62	2.49776e-05
162.64	2.45045e-05
162.66	2.40404e-05
162.68	2.3585e-05
162.7	2.31383e-05
162.72	2.27e-05
162.74	2.227e-05
162.76	2.18482e-05
162.78	2.14345e-05
162.8	2.10286e-05
162.82	2.06304e-05
162.84	2.02398e-05
162.86	1.98567e-05
162.88	1.94808e-05
162.9	1.91122e-05
162.92	1.87506e-05
162.94	1.83959e-05
162.96	1.8048e-05
162.98	1.77068e-05
163	1.7372e-05
163.02	1.70438e-05
163.04	1.67218e-05
163.06	1.64059e-05
163.08	1.60962e-05
163.1	1.57924e-05
163.12	1.54944e-05
163.14	1.52021e-05
163.16	1.49155e-05
163.18	1.46344e-05
163.2	1.43586e-05
163.22	1.40882e-05
163.24	1.3823e-05
163.26	1.35629e-05
163.28	1.33078e-05
163.3	1.30576e-05
163.32	1.28122e-05
163.34	1.25716e-05
163.36	1.23356e-05
163.38	1.21041e-05
163.4	1.18771e-05
163.42	1.16544e-05
163.44	1.14361e-05
163.46	1.12219e-05
163.48	1.10119e-05
163.5	1.08059e-05
163.52	1.06039e-05
163.54	1.04058e-05
163.56	1.02115e-05
163.58	1.0021e-05
163.6	9.83406e-06
163.62	9.65077e-06
163.64	9.471e-06
163.66	9.29469e-06
163.68	9.12177e-06
163.7	8.95219e-06
163.72	8.78586e-06
163.74	8.62273e-06
163.76	8.46273e-06
163.78	8.30581e-06
163.8	8.15191e-06
163.82	8.00096e-06
163.84	7.85291e-06
163.86	7.7077e-06
163.88	7.56527e-06
163.9	7.42558e-06
163.92	7.28857e-06
163.94	7.15418e-06
163.96	7.02237e-06
163.98	6.89308e-06
164	6.76627e-06
164.02	6.64188e-06
164.04	6.51988e-06
164.06	6.4002e-06
164.08	6.28281e-06
164.1	6.16767e-06
164.12	6.05472e-06
164.14	5.94393e-06
164.16	5.83525e-06
164.18	5.72865e-06
164.2	5.62407e-06
164.22	5.52149e-06
164.24	5.42086e-06
164.26	5.32214e-06
164.28	5.2253e-06
164.3	5.1303e-06
164.32	5.0371e-06
164.34	4.94568e-06
164.36	4.85599e-06
164.38	4.76799e-06
164.4	4.68167e-06
164.42	4.59698e-06
164.44	4.51389e-06
164.46	4.43238e-06
164.48	4.3524e-06
164.5	4.27394e-06
164.52	4.19695e-06
164.54	4.12142e-06
164.56	4.04732e-06
164.58	3.9746e-06
164.6	3.90326e-06
164.62	3.83326e-06
164.64	3.76458e-06
164.66	3.69719e-06
164.68	3.63106e-06
164.7	3.56617e-06
164.72	3.5025e-06
164.74	3.44002e-06
164.76	3.37871e-06
164.78	3.31855e-06
164.8	3.25952e-06
164.82	3.20159e-06
164.84	3.14473e-06
164.86	3.08894e-06
164.88	3.03419e-06
164.9	2.98046e-06
164.92	2.92773e-06
164.94	2.87598e-06
164.96	2.82519e-06
164.98	2.77535e-06
165	2.72643e-06
165.02	2.67841e-06
165.04	2.63129e-06
165.06	2.58503e-06
165.08	2.53964e-06
165.1	2.49508e-06
165.12	2.45135e-06
165.14	2.40842e-06
165.16	2.36628e-06
165.18	2.32492e-06
165.2	2.28433e-06
165.22	2.24448e-06
165.24	2.20536e-06
165.26	2.16696e-06
165.28	2.12926e-06
165.3	2.09226e-06
165.32	2.05594e-06
165.34	2.02028e-06
165.36	1.98527e-06
165.38	1.9509e-06
165.4	1.91716e-06
165.42	1.88404e-06
165.44	1.85152e-06
165.46	1.81959e-06
165.48	1.78824e-06
165.5	1.75747e-06
165.52	1.72725e-06
165.54	1.69758e-06
165.56	1.66845e-06
165.58	1.63985e-06
165.6	1.61177e-06
165.62	1.5842e-06
165.64	1.55712e-06
165.66	1.53054e-06
165.68	1.50443e-06
165.7	1.4788e-06
165.72	1.45362e-06
165.74	1.4289e-06
165.76	1.40463e-06
165.78	1.38079e-06
165.8	1.35738e-06
165.82	1.33439e-06
165.84	1.31182e-06
165.86	1.28965e-06
165.88	1.26787e-06
165.9	1.24649e-06
165.92	1.22548e-06
165.94	1.20486e-06
165.96	1.1846e-06
165.98	1.1647e-06
166	1.14516e-06
166.02	1.12596e-06
166.04	1.10711e-06
166.06	1.08859e-06
166.08	1.0704e-06
166.1	1.05253e-06
166.12	1.03498e-06
166.14	1.01774e-06
166.16	1.00081e-06
166.18	9.84171e-07
166.2	9.6783e-07
166.22	9.51778e-07
166.24	9.36008e-07
166.26	9.20517e-07
166.28	9.05298e-07
166.3	8.90347e-07
166.32	8.75659e-07
166.34	8.61229e-07
166.36	8.47052e-07
166.38	8.33123e-07
166.4	8.19439e-07
166.42	8.05994e-07
166.44	7.92784e-07
166.46	7.79805e-07
166.48	7.67052e-07
166.5	7.54522e-07
166.52	7.42211e-07
166.54	7.30113e-07
166.56	7.18226e-07
166.58	7.06546e-07
166.6	6.95069e-07
166.62	6.8379e-07
166.64	6.72707e-07
166.66	6.61816e-07
166.68	6.51114e-07
166.7	6.40597e-07
166.72	6.30261e-07
166.74	6.20103e-07
166.76	6.10121e-07
166.78	6.00311e-07
166.8	5.9067e-07
166.82	5.81194e-07
166.84	5.71881e-07
166.86	5.62729e-07
166.88	5.53733e-07
166.9	5.44891e-07
166.92	5.36201e-07
166.94	5.27659e-07
166.96	5.19263e-07
166.98	5.11011e-07
167	5.029e-07
167.02	4.94926e-07
167.04	4.87089e-07
167.06	4.79385e-07
167.08	4.71811e-07
167.1	4.64367e-07
167.12	4.57049e-07
167.14	4.49855e-07
167.16	4.42782e-07
167.18	4.3583e-07
167.2	4.28995e-07
167.22	4.22275e-07
167.24	4.15669e-07
167.26	4.09174e-07
167.28	4.02789e-07
167.3	3.96511e-07
167.32	3.90338e-07
167.34	3.8427e-07
167.36	3.78303e-07
167.38	3.72436e-07
167.4	3.66668e-07
167.42	3.60996e-07
167.44	3.55419e-07
167.46	3.49935e-07
167.48	3.44542e-07
167.5	3.3924e-07
167.52	3.34026e-07
167.54	3.28899e-07
167.56	3.23857e-07
167.58	3.18898e-07
167.6	3.14022e-07
167.62	3.09227e-07
167.64	3.04512e-07
167.66	2.99874e-07
167.68	2.95313e-07
167.7	2.90828e-07
167.72	2.86416e-07
167.74	2.82077e-07
167.76	2.7781e-07
167.78	2.73613e-07
167.8	2.69485e-07
167.82	2.65425e-07
167.84	2.61431e-07
167.86	2.57503e-07
167.88	2.53639e-07
167.9	2.49839e-07
167.92	2.461e-07
167.94	2.42423e-07
167.96	2.38806e-07
167.98	2.35248e-07
168	2.31747e-07
168.02	2.28304e-07
168.04	2.24917e-07
168.06	2.21584e-07
168.08	2.18306e-07
168.1	2.15081e-07
168.12	2.11908e-07
168.14	2.08787e-07
168.16	2.05716e-07
168.18	2.02694e-07
168.2	1.99721e-07
168.22	1.96797e-07
168.24	1.93919e-07
168.26	1.91087e-07
168.28	1.88301e-07
168.3	1.8556e-07
168.32	1.82863e-07
168.34	1.80209e-07
168.36	1.77597e-07
168.38	1.75028e-07
168.4	1.72499e-07
168.42	1.7001e-07
168.44	1.67562e-07
168.46	1.65152e-07
168.48	1.6278e-07
168.5	1.60447e-07
168.52	1.5815e-07
168.54	1.5589e-07
168.56	1.53665e-07
168.58	1.51476e-07
168.6	1.49321e-07
168.62	1.47201e-07
168.64	1.45113e-07
168.66	1.43059e-07
168.68	1.41037e-07
168.7	1.39047e-07
168.72	1.37088e-07
168.74	1.3516e-07
168.76	1.33262e-07
168.78	1.31394e-07
168.8	1.29555e-07
168.82	1.27745e-07
168.84	1.25963e-07
168.86	1.24209e-07
168.88	1.22482e-07
168.9	1.20782e-07
168.92	1.19108e-07
168.94	1.17461e-07
168.96	1.15839e-07
168.98	1.14242e-07
169	1.1267e-07
169.02	1.11122e-07
169.04	1.09598e-07
169.06	1.08098e-07
169.08	1.06621e-07
169.1	1.05166e-07
169.12	1.03734e-07
169.14	1.02324e-07
169.16	1.00936e-07
169.18	9.95687e-08
169.2	9.82225e-08
169.22	9.68968e-08
169.24	9.55915e-08
169.26	9.4306e-08
169.28	9.30402e-08
169.3	9.17936e-08
169.32	9.0566e-08
169.34	8.93571e-08
169.36	8.81665e-08
169.38	8.69939e-08
169.4	8.58391e-08
169.42	8.47018e-08
169.44	8.35817e-08
169.46	8.24784e-08
169.48	8.13918e-08
169.5	8.03216e-08
169.52	7.92674e-08
169.54	7.82291e-08
169.56	7.72064e-08
169.58	7.6199e-08
169.6	7.52066e-08
169.62	7.42292e-08
169.64	7.32663e-08
169.66	7.23178e-08
169.68	7.13834e-08
169.7	7.04629e-08
169.72	6.95561e-08
169.74	6.86628e-08
169.76	6.77827e-08
169.78	6.69157e-08
169.8	6.60614e-08
169.82	6.52199e-08
169.84	6.43907e-08
169.86	6.35738e-08
169.88	6.27689e-08
169.9	6.19758e-08
169.92	6.11944e-08
169.94	6.04245e-08
169.96	5.96658e-08
169.98	5.89182e-08
170	5.81816e-08
170.02	5.74558e-08
170.04	5.67405e-08
170.06	5.60357e-08
170.08	5.53411e-08
170.1	5.46566e-08
170.12	5.3982e-08
170.14	5.33173e-08
170.16	5.26621e-08
170.18	5.20165e-08
170.2	5.13801e-08
170.22	5.0753e-08
170.24	5.01349e-08
170.26	4.95257e-08
170.28	4.89252e-08
170.3	4.83334e-08
170.32	4.77501e-08
170.34	4.71751e-08
170.36	4.66084e-08
170.38	4.60497e-08
170.4	4.5499e-08
170.42	4.49562e-08
170.44	4.44211e-08
170.46	4.38936e-08
170.48	4.33737e-08
170.5	4.28611e-08
170.52	4.23557e-08
170.54	4.18575e-08
170.56	4.13664e-08
170.58	4.08822e-08
170.6	4.04048e-08
170.62	3.99341e-08
170.64	3.94701e-08
170.66	3.90126e-08
170.68	3.85615e-08
170.7	3.81167e-08
170.72	3.76781e-08
170.74	3.72457e-08
170.76	3.68193e-08
170.78	3.63989e-08
170.8	3.59843e-08
170.82	3.55755e-08
170.84	3.51724e-08
170.86	3.47748e-08
170.88	3.43828e-08
170.9	3.39962e-08
170.92	3.3615e-08
170.94	3.3239e-08
170.96	3.28682e-08
170.98	3.25025e-08
171	3.21418e-08
171.02	3.17861e-08
171.04	3.14353e-08
171.06	3.10893e-08
171.08	3.0748e-08
171.1	3.04114e-08
171.12	3.00793e-08
171.14	2.97518e-08
171.16	2.94288e-08
171.18	2.91102e-08
171.2	2.87959e-08
171.22	2.84858e-08
171.24	2.818e-08
171.26	2.78783e-08
171.28	2.75807e-08
171.3	2.72871e-08
171.32	2.69974e-08
171.34	2.67117e-08
171.36	2.64298e-08
171.38	2.61517e-08
171.4	2.58773e-08
171.42	2.56066e-08
171.44	2.53395e-08
171.46	2.5076e-08
171.48	2.4816e-08
171.5	2.45595e-08
171.52	2.43064e-08
171.54	2.40567e-08
171.56	2.38102e-08
171.58	2.35671e-08
171.6	2.33272e-08
171.62	2.30904e-08
171.64	2.28568e-08
171.66	2.26263e-08
171.68	2.23988e-08
171.7	2.21743e-08
171.72	2.19528e-08
171.74	2.17341e-08
171.76	2.15184e-08
171.78	2.13054e-08
171.8	2.10953e-08
171.82	2.08879e-08
171.84	2.06832e-08
171.86	2.04812e-08
171.88	2.02818e-08
171.9	2.00851e-08
171.92	1.98908e-08
171.94	1.96991e-08
171.96	1.95099e-08
171.98	1.93231e-08
172	1.91388e-08
172.02	1.89568e-08
172.04	1.87772e-08
172.06	1.85999e-08
172.08	1.84249e-08
172.1	1.82521e-08
172.12	1.80816e-08
172.14	1.79133e-08
172.16	1.77471e-08
172.18	1.7583e-08
172.2	1.7421e-08
172.22	1.72611e-08
172.24	1.71033e-08
172.26	1.69474e-08
172.28	1.67936e-08
172.3	1.66417e-08
172.32	1.64917e-08
172.34	1.63437e-08
172.36	1.61975e-08
172.38	1.60531e-08
172.4	1.59106e-08
172.42	1.57699e-08
172.44	1.5631e-08
172.46	1.54938e-08
172.48	1.53584e-08
172.5	1.52247e-08
172.52	1.50926e-08
172.54	1.49622e-08
172.56	1.48334e-08
172.58	1.47063e-08
172.6	1.45808e-08
172.62	1.44568e-08
172.64	1.43343e-08
172.66	1.42134e-08
172.68	1.40941e-08
172.7	1.39762e-08
172.72	1.38597e-08
172.74	1.37447e-08
172.76	1.36312e-08
172.78	1.35191e-08
172.8	1.34083e-08
172.82	1.32989e-08
172.84	1.31909e-08
172.86	1.30842e-08
172.88	1.29789e-08
172.9	1.28748e-08
172.92	1.27721e-08
172.94	1.26706e-08
172.96	1.25703e-08
172.98	1.24713e-08
173	1.23735e-08
173.02	1.22769e-08
173.04	1.21815e-08
173.06	1.20873e-08
173.08	1.19942e-08
173.1	1.19023e-08
173.12	1.18115e-08
173.14	1.17218e-08
173.16	1.16332e-08
173.18	1.15457e-08
173.2	1.14593e-08
173.22	1.13739e-08
173.24	1.12896e-08
173.26	1.12063e-08
173.28	1.11241e-08
173.3	1.10428e-08
173.32	1.09625e-08
173.34	1.08832e-08
173.36	1.08049e-08
173.38	1.07275e-08
173.4	1.06511e-08
173.42	1.05756e-08
173.44	1.0501e-08
173.46	1.04274e-08
173.48	1.03546e-08
173.5	1.02827e-08
173.52	1.02117e-08
173.54	1.01416e-08
173.56	1.00723e-08
173.58	1.00038e-08
173.6	9.93622e-09
173.62	9.86943e-09
173.64	9.80346e-09
173.66	9.73829e-09
173.68	9.67392e-09
173.7	9.61033e-09
173.72	9.54751e-09
173.74	9.48546e-09
173.76	9.42417e-09
173.78	9.36363e-09
173.8	9.30382e-09
173.82	9.24474e-09
173.84	9.18639e-09
173.86	9.12874e-09
173.88	9.07181e-09
173.9	9.01556e-09
173.92	8.96001e-09
173.94	8.90514e-09
173.96	8.85094e-09
173.98	8.7974e-09
174	8.74452e-09
174.02	8.69229e-09
174.04	8.6407e-09
174.06	8.58975e-09
174.08	8.53942e-09
174.1	8.48972e-09
174.12	8.44062e-09
174.14	8.39214e-09
174.16	8.34425e-09
174.18	8.29696e-09
174.2	8.25025e-09
174.22	8.20413e-09
174.24	8.15857e-09
174.26	8.11359e-09
174.28	8.06916e-09
174.3	8.02529e-09
174.32	7.98197e-09
174.34	7.9392e-09
174.36	7.89696e-09
174.38	7.85525e-09
174.4	7.81407e-09
174.42	7.7734e-09
174.44	7.73326e-09
174.46	7.69362e-09
174.48	7.65449e-09
174.5	7.61585e-09
174.52	7.57771e-09
174.54	7.54006e-09
174.56	7.50289e-09
174.58	7.4662e-09
174.6	7.42999e-09
174.62	7.39424e-09
174.64	7.35896e-09
174.66	7.32414e-09
174.68	7.28977e-09
174.7	7.25586e-09
174.72	7.22239e-09
174.74	7.18936e-09
174.76	7.15677e-09
174.78	7.12462e-09
174.8	7.09289e-09
174.82	7.06159e-09
174.84	7.03072e-09
174.86	7.00026e-09
174.88	6.97021e-09
174.9	6.94057e-09
174.92	6.91135e-09
174.94	6.88252e-09
174.96	6.85409e-09
174.98	6.82606e-09
175	6.79842e-09
175.02	6.77117e-09
175.04	6.7443e-09
175.06	6.71782e-09
175.08	6.69171e-09
175.1	6.66598e-09
175.12	6.64063e-09
175.14	6.61564e-09
175.16	6.59102e-09
175.18	6.56676e-09
175.2	6.54286e-09
175.22	6.51932e-09
175.24	6.49614e-09
175.26	6.47331e-09
175.28	6.45082e-09
175.3	6.42869e-09
175.32	6.4069e-09
175.34	6.38544e-09
175.36	6.36433e-09
175.38	6.34356e-09
175.4	6.32312e-09
175.42	6.30301e-09
175.44	6.28323e-09
175.46	6.26378e-09
175.48	6.24466e-09
175.5	6.22586e-09
175.52	6.20738e-09
175.54	6.18921e-09
175.56	6.17137e-09
175.58	6.15384e-09
175.6	6.13663e-09
175.62	6.11972e-09
175.64	6.10313e-09
175.66	6.08684e-09
175.68	6.07086e-09
175.7	6.05519e-09
175.72	6.03981e-09
175.74	6.02474e-09
175.76	6.00997e-09
175.78	5.9955e-09
175.8	5.98132e-09
175.82	5.96744e-09
175.84	5.95386e-09
175.86	5.94057e-09
175.88	5.92757e-09
175.9	5.91486e-09
175.92	5.90243e-09
175.94	5.8903e-09
175.96	5.87846e-09
175.98	5.8669e-09
176	5.85563e-09
176.02	5.84464e-09
176.04	5.83393e-09
176.06	5.82351e-09
176.08	5.81337e-09
176.1	5.80351e-09
176.12	5.79393e-09
176.14	5.78463e-09
176.16	5.77561e-09
176.18	5.76687e-09
176.2	5.75841e-09
176.22	5.75022e-09
176.24	5.74232e-09
176.26	5.73469e-09
176.28	5.72733e-09
176.3	5.72025e-09
176.32	5.71345e-09
176.34	5.70693e-09
176.36	5.70068e-09
176.38	5.69471e-09
176.4	5.68901e-09
176.42	5.68359e-09
176.44	5.67844e-09
176.46	5.67357e-09
176.48	5.66898e-09
176.5	5.66466e-09
176.52	5.66062e-09
176.54	5.65686e-09
176.56	5.65338e-09
176.58	5.65017e-09
176.6	5.64724e-09
176.62	5.6446e-09
176.64	5.64223e-09
176.66	5.64014e-09
176.68	5.63833e-09
176.7	5.63681e-09
176.72	5.63557e-09
176.74	5.63461e-09
176.76	5.63394e-09
176.78	5.63356e-09
176.8	5.63346e-09
176.82	5.63365e-09
176.84	5.63413e-09
176.86	5.6349e-09
176.88	5.63596e-09
176.9	5.63732e-09
176.92	5.63898e-09
176.94	5.64093e-09
176.96	5.64318e-09
176.98	5.64573e-09
177	5.64858e-09
177.02	5.65174e-09
177.04	5.65521e-09
177.06	5.65898e-09
177.08	5.66307e-09
177.1	5.66747e-09
177.12	5.67219e-09
177.14	5.67722e-09
177.16	5.68258e-09
177.18	5.68826e-09
177.2	5.69426e-09
177.22	5.7006e-09
177.24	5.70727e-09
177.26	5.71427e-09
177.28	5.72162e-09
177.3	5.7293e-09
177.32	5.73734e-09
177.34	5.74572e-09
177.36	5.75446e-09
177.38	5.76355e-09
177.4	5.77301e-09
177.42	5.78283e-09
177.44	5.79303e-09
177.46	5.8036e-09
177.48	5.81455e-09
177.5	5.82588e-09
177.52	5.8376e-09
177.54	5.84972e-09
177.56	5.86224e-09
177.58	5.87516e-09
177.6	5.8885e-09
177.62	5.90226e-09
177.64	5.91643e-09
177.66	5.93104e-09
177.68	5.94609e-09
177.7	5.96158e-09
177.72	5.97753e-09
177.74	5.99393e-09
177.76	6.0108e-09
177.78	6.02815e-09
177.8	6.04598e-09
177.82	6.0643e-09
177.84	6.08312e-09
177.86	6.10245e-09
177.88	6.12231e-09
177.9	6.14269e-09
177.92	6.16362e-09
177.94	6.1851e-09
177.96	6.20714e-09
177.98	6.22976e-09
178	6.25297e-09
178.02	6.27678e-09
178.04	6.30121e-09
178.06	6.32626e-09
178.08	6.35196e-09
178.1	6.37832e-09
178.12	6.40535e-09
178.14	6.43307e-09
178.16	6.46151e-09
178.18	6.49067e-09
178.2	6.52058e-09
178.22	6.55126e-09
178.24	6.58273e-09
178.26	6.61501e-09
178.28	6.64813e-09
178.3	6.68211e-09
178.32	6.71698e-09
178.34	6.75276e-09
178.36	6.78949e-09
178.38	6.82719e-09
178.4	6.8659e-09
178.42	6.90566e-09
178.44	6.94649e-09
178.46	6.98845e-09
178.48	7.03157e-09
178.5	7.0759e-09
178.52	7.12148e-09
178.54	7.16838e-09
178.56	7.21664e-09
178.58	7.26632e-09
178.6	7.3175e-09
178.62	7.37024e-09
178.64	7.42462e-09
178.66	7.48072e-09
178.68	7.53864e-09
178.7	7.59847e-09
178.72	7.66034e-09
178.74	7.72436e-09
178.76	7.79068e-09
178.78	7.85945e-09
178.8	7.93086e-09
178.82	8.0051e-09
178.84	8.08242e-09
178.86	8.16308e-09
178.88	8.24741e-09
178.9	8.33579e-09
178.92	8.4287e-09
178.94	8.52673e-09
178.96	8.6306e-09
178.98	8.7413e-09
179	8.86017e-09
179.02	8.98911e-09
179.04	9.13108e-09
179.06	9.29105e-09
179.08	9.47873e-09
179.1	9.71705e-09
179.12	1.00758e-08
179.14	1.0875e-08
179.16	1.3207e-08
179.18	1.96152e-08
179.2	3.67065e-08
179.22	8.29268e-08
179.24	1.99525e-07
179.26	4.66659e-07
179.28	1.04159e-06
179.3	2.21726e-06
179.32	4.45365e-06
179.34	8.32534e-06
179.36	1.43444e-05
179.38	2.27082e-05
179.4	3.32249e-05
179.42	4.54847e-05
179.44	5.90341e-05
179.46	7.34495e-05
179.48	8.83623e-05
179.5	0.000103468
179.52	0.00011853
179.54	0.00013337
179.56	0.000147858
179.58	0.000161905
179.6	0.000175449
179.62	0.000188451
179.64	0.000200889
179.66	0.000212751
179.68	0.000224037
179.7	0.000234751
179.72	0.000244902
179.74	0.000254504
179.76	0.000263572
179.78	0.000272121
179.8	0.00028017
179.82	0.000287736
179.84	0.000294835
179.86	0.000301486
179.88	0.000307706
179.9	0.00031351
179.92	0.000318915
179.94	0.000323938
179.96	0.000328592
179.98	0.000332892
180	0.000336854
180.02	0.000340489
180.04	0.000343812
180.06	0.000346834
180.08	0.000349569
180.1	0.000352027
180.12	0.000354221
180.14	0.00035616
180.16	0.000357856
180.18	0.000359318
180.2	0.000360557
180.22	0.00036158
180.24	0.000362398
180.26	0.000363019
180.28	0.000363451
180.3	0.000363702
180.32	0.000363781
180.34	0.000363693
180.36	0.000363446
180.38	0.000363048
180.4	0.000362504
180.42	0.000361821
180.44	0.000361005
180.46	0.000360062
180.48	0.000358996
180.5	0.000357815
180.52	0.000356522
180.54	0.000355123
180.56	0.000353622
180.58	0.000352024
180.6	0.000350334
180.62	0.000348556
180.64	0.000346693
180.66	0.000344751
180.68	0.000342732
180.7	0.00034064
180.72	0.000338479
180.74	0.000336252
180.76	0.000333963
180.78	0.000331615
180.8	0.000329211
180.82	0.000326754
180.84	0.000324246
180.86	0.000321692
180.88	0.000319092
180.9	0.000316451
180.92	0.00031377
180.94	0.000311053
180.96	0.000308301
180.98	0.000305517
181	0.000302703
181.02	0.000299861
181.04	0.000296994
181.06	0.000294104
181.08	0.000291192
181.1	0.000288261
181.12	0.000285312
181.14	0.000282348
181.16	0.00027937
181.18	0.00027638
181.2	0.000273379
181.22	0.00027037
181.24	0.000267354
181.26	0.000264332
181.28	0.000261307
181.3	0.000258278
181.32	0.000255249
181.34	0.00025222
181.36	0.000249192
181.38	0.000246168
181.4	0.000243147
181.42	0.000240132
181.44	0.000237124
181.46	0.000234123
181.48	0.000231131
181.5	0.000228149
181.52	0.000225178
181.54	0.000222218
181.56	0.000219271
181.58	0.000216338
181.6	0.00021342
181.62	0.000210517
181.64	0.00020763
181.66	0.00020476
181.68	0.000201907
181.7	0.000199073
181.72	0.000196258
181.74	0.000193463
181.76	0.000190687
181.78	0.000187933
181.8	0.0001852
181.82	0.000182489
181.84	0.0001798
181.86	0.000177134
181.88	0.000174491
181.9	0.000171872
181.92	0.000169277
181.94	0.000166706
181.96	0.000164159
181.98	0.000161638
182	0.000159142
182.02	0.000156671
182.04	0.000154226
182.06	0.000151807
182.08	0.000149413
182.1	0.000147046
182.12	0.000144706
182.14	0.000142392
182.16	0.000140104
182.18	0.000137843
182.2	0.000135609
182.22	0.000133402
182.24	0.000131221
182.26	0.000129067
182.28	0.00012694
182.3	0.00012484
182.32	0.000122767
182.34	0.000120721
182.36	0.000118701
182.38	0.000116708
182.4	0.000114741
182.42	0.000112801
182.44	0.000110887
182.46	0.000108999
182.48	0.000107138
182.5	0.000105303
182.52	0.000103493
182.54	0.000101709
182.56	9.99511e-05
182.58	9.82183e-05
182.6	9.65108e-05
182.62	9.48283e-05
182.64	9.31707e-05
182.66	9.15378e-05
182.68	8.99294e-05
182.7	8.83453e-05
182.72	8.67852e-05
182.74	8.52491e-05
182.76	8.37366e-05
182.78	8.22475e-05
182.8	8.07817e-05
182.82	7.93388e-05
182.84	7.79187e-05
182.86	7.65212e-05
182.88	7.51459e-05
182.9	7.37927e-05
182.92	7.24613e-05
182.94	7.11515e-05
182.96	6.9863e-05
182.98	6.85956e-05
183	6.7349e-05
183.02	6.6123e-05
183.04	6.49174e-05
183.06	6.37318e-05
183.08	6.25661e-05
183.1	6.142e-05
183.12	6.02932e-05
183.14	5.91855e-05
183.16	5.80967e-05
183.18	5.70264e-05
183.2	5.59745e-05
183.22	5.49407e-05
183.24	5.39247e-05
183.26	5.29263e-05
183.28	5.19453e-05
183.3	5.09813e-05
183.32	5.00343e-05
183.34	4.91038e-05
183.36	4.81897e-05
183.38	4.72918e-05
183.4	4.64097e-05
183.42	4.55433e-05
183.44	4.46923e-05
183.46	4.38566e-05
183.48	4.30357e-05
183.5	4.22297e-05
183.52	4.14381e-05
183.54	4.06607e-05
183.56	3.98975e-05
183.58	3.9148e-05
183.6	3.84122e-05
183.62	3.76898e-05
183.64	3.69805e-05
183.66	3.62842e-05
183.68	3.56007e-05
183.7	3.49296e-05
183.72	3.4271e-05
183.74	3.36244e-05
183.76	3.29898e-05
183.78	3.2367e-05
183.8	3.17556e-05
183.82	3.11556e-05
183.84	3.05668e-05
183.86	2.99889e-05
183.88	2.94217e-05
183.9	2.88652e-05
183.92	2.8319e-05
183.94	2.77831e-05
183.96	2.72573e-05
183.98	2.67413e-05
184	2.6235e-05
184.02	2.57382e-05
184.04	2.52508e-05
184.06	2.47726e-05
184.08	2.43034e-05
184.1	2.3843e-05
184.12	2.33914e-05
184.14	2.29484e-05
184.16	2.25137e-05
184.18	2.20873e-05
184.2	2.1669e-05
184.22	2.12587e-05
184.24	2.08561e-05
184.26	2.04612e-05
184.28	2.00739e-05
184.3	1.96939e-05
184.32	1.93212e-05
184.34	1.89556e-05
184.36	1.8597e-05
184.38	1.82453e-05
184.4	1.79002e-05
184.42	1.75618e-05
184.44	1.72299e-05
184.46	1.69043e-05
184.48	1.6585e-05
184.5	1.62718e-05
184.52	1.59646e-05
184.54	1.56634e-05
184.56	1.53679e-05
184.58	1.5078e-05
184.6	1.47938e-05
184.62	1.4515e-05
184.64	1.42416e-05
184.66	1.39734e-05
184.68	1.37104e-05
184.7	1.34524e-05
184.72	1.31995e-05
184.74	1.29514e-05
184.76	1.2708e-05
184.78	1.24694e-05
184.8	1.22353e-05
184.82	1.20058e-05
184.84	1.17807e-05
184.86	1.15599e-05
184.88	1.13433e-05
184.9	1.1131e-05
184.92	1.09227e-05
184.94	1.07185e-05
184.96	1.05181e-05
184.98	1.03217e-05
185	1.0129e-05
185.02	9.93999e-06
185.04	9.75465e-06
185.06	9.57288e-06
185.08	9.39461e-06
185.1	9.21977e-06
185.12	9.04829e-06
185.14	8.8801e-06
185.16	8.71516e-06
185.18	8.55338e-06
185.2	8.39471e-06
185.22	8.2391e-06
185.24	8.08647e-06
185.26	7.93677e-06
185.28	7.78994e-06
185.3	7.64594e-06
185.32	7.50469e-06
185.34	7.36616e-06
185.36	7.23028e-06
185.38	7.097e-06
185.4	6.96628e-06
185.42	6.83806e-06
185.44	6.71229e-06
185.46	6.58893e-06
185.48	6.46793e-06
185.5	6.34924e-06
185.52	6.23282e-06
185.54	6.11863e-06
185.56	6.00661e-06
185.58	5.89673e-06
185.6	5.78894e-06
185.62	5.68321e-06
185.64	5.5795e-06
185.66	5.47776e-06
185.68	5.37795e-06
185.7	5.28004e-06
185.72	5.184e-06
185.74	5.08978e-06
185.76	4.99735e-06
185.78	4.90667e-06
185.8	4.81771e-06
185.82	4.73044e-06
185.84	4.64482e-06
185.86	4.56082e-06
185.88	4.47841e-06
185.9	4.39756e-06
185.92	4.31823e-06
185.94	4.24041e-06
185.96	4.16405e-06
185.98	4.08913e-06
186	4.01563e-06
186.02	3.94351e-06
186.04	3.87275e-06
186.06	3.80331e-06
186.08	3.73519e-06
186.1	3.66834e-06
186.12	3.60275e-06
186.14	3.53839e-06
186.16	3.47523e-06
186.18	3.41326e-06
186.2	3.35244e-06
186.22	3.29277e-06
186.24	3.23421e-06
186.26	3.17674e-06
186.28	3.12035e-06
186.3	3.06501e-06
186.32	3.0107e-06
186.34	2.9574e-06
186.36	2.90509e-06
186.38	2.85376e-06
186.4	2.80337e-06
186.42	2.75393e-06
186.44	2.7054e-06
186.46	2.65777e-06
186.48	2.61102e-06
186.5	2.56514e-06
186.52	2.52011e-06
186.54	2.4759e-06
186.56	2.43252e-06
186.58	2.38993e-06
186.6	2.34813e-06
186.62	2.3071e-06
186.64	2.26683e-06
186.66	2.22729e-06
186.68	2.18849e-06
186.7	2.15039e-06
186.72	2.113e-06
186.74	2.07629e-06
186.76	2.04025e-06
186.78	2.00487e-06
186.8	1.97014e-06
186.82	1.93604e-06
186.84	1.90257e-06
186.86	1.86971e-06
186.88	1.83744e-06
186.9	1.80577e-06
186.92	1.77467e-06
186.94	1.74414e-06
186.96	1.71416e-06
186.98	1.68472e-06
187	1.65582e-06
187.02	1.62745e-06
187.04	1.59958e-06
187.06	1.57223e-06
187.08	1.54536e-06
187.1	1.51898e-06
187.12	1.49308e-06
187.14	1.46765e-06
187.16	1.44267e-06
187.18	1.41815e-06
187.2	1.39406e-06
187.22	1.37041e-06
187.24	1.34718e-06
187.26	1.32437e-06
187.28	1.30197e-06
187.3	1.27997e-06
187.32	1.25837e-06
187.34	1.23715e-06
187.36	1.21631e-06
187.38	1.19584e-06
187.4	1.17574e-06
187.42	1.15599e-06
187.44	1.1366e-06
187.46	1.11755e-06
187.48	1.09885e-06
187.5	1.08047e-06
187.52	1.06242e-06
187.54	1.04469e-06
187.56	1.02728e-06
187.58	1.01017e-06
187.6	9.93364e-07
187.62	9.76857e-07
187.64	9.60642e-07
187.66	9.44712e-07
187.68	9.29064e-07
187.7	9.13691e-07
187.72	8.98589e-07
187.74	8.83752e-07
187.76	8.69177e-07
187.78	8.54857e-07
187.8	8.40788e-07
187.82	8.26966e-07
187.84	8.13386e-07
187.86	8.00043e-07
187.88	7.86934e-07
187.9	7.74054e-07
187.92	7.61398e-07
187.94	7.48963e-07
187.96	7.36745e-07
187.98	7.2474e-07
188	7.12943e-07
188.02	7.01351e-07
188.04	6.89961e-07
188.06	6.78768e-07
188.08	6.67769e-07
188.1	6.5696e-07
188.12	6.46339e-07
188.14	6.35901e-07
188.16	6.25643e-07
188.18	6.15562e-07
188.2	6.05655e-07
188.22	5.95919e-07
188.24	5.8635e-07
188.26	5.76946e-07
188.28	5.67703e-07
188.3	5.58619e-07
188.32	5.49691e-07
188.34	5.40916e-07
188.36	5.32291e-07
188.38	5.23813e-07
188.4	5.1548e-07
188.42	5.0729e-07
188.44	4.99239e-07
188.46	4.91325e-07
188.48	4.83547e-07
188.5	4.759e-07
188.52	4.68383e-07
188.54	4.60994e-07
188.56	4.53731e-07
188.58	4.4659e-07
188.6	4.39571e-07
188.62	4.3267e-07
188.64	4.25885e-07
188.66	4.19216e-07
188.68	4.12659e-07
188.7	4.06212e-07
188.72	3.99874e-07
188.74	3.93643e-07
188.76	3.87516e-07
188.78	3.81492e-07
188.8	3.7557e-07
188.82	3.69746e-07
188.84	3.64021e-07
188.86	3.58391e-07
188.88	3.52855e-07
188.9	3.47411e-07
188.92	3.42059e-07
188.94	3.36796e-07
188.96	3.3162e-07
188.98	3.2653e-07
189	3.21525e-07
189.02	3.16604e-07
189.04	3.11764e-07
189.06	3.07004e-07
189.08	3.02323e-07
189.1	2.97719e-07
189.12	2.93192e-07
189.14	2.88739e-07
189.16	2.8436e-07
189.18	2.80053e-07
189.2	2.75817e-07
189.22	2.7165e-07
189.24	2.67553e-07
189.26	2.63522e-07
189.28	2.59558e-07
189.3	2.55658e-07
189.32	2.51823e-07
189.34	2.4805e-07
189.36	2.44339e-07
189.38	2.40688e-07
189.4	2.37098e-07
189.42	2.33565e-07
189.44	2.3009e-07
189.46	2.26672e-07
189.48	2.23309e-07
189.5	2.20001e-07
189.52	2.16747e-07
189.54	2.13545e-07
189.56	2.10395e-07
189.58	2.07296e-07
189.6	2.04248e-07
189.62	2.01248e-07
189.64	1.98297e-07
189.66	1.95393e-07
189.68	1.92536e-07
189.7	1.89725e-07
189.72	1.86959e-07
189.74	1.84238e-07
189.76	1.8156e-07
189.78	1.78925e-07
189.8	1.76332e-07
189.82	1.73781e-07
189.84	1.71271e-07
189.86	1.688e-07
189.88	1.66369e-07
189.9	1.63976e-07
189.92	1.61622e-07
189.94	1.59305e-07
189.96	1.57025e-07
189.98	1.54781e-07
190	1.52572e-07
190.02	1.50398e-07
190.04	1.48259e-07
190.06	1.46154e-07
190.08	1.44082e-07
190.1	1.42042e-07
190.12	1.40035e-07
190.14	1.38059e-07
190.16	1.36114e-07
190.18	1.34199e-07
190.2	1.32315e-07
190.22	1.3046e-07
190.24	1.28634e-07
190.26	1.26837e-07
190.28	1.25068e-07
190.3	1.23326e-07
190.32	1.21612e-07
190.34	1.19924e-07
190.36	1.18262e-07
190.38	1.16627e-07
190.4	1.15016e-07
190.42	1.13431e-07
190.44	1.1187e-07
190.46	1.10333e-07
190.48	1.0882e-07
190.5	1.0733e-07
190.52	1.05864e-07
190.54	1.04419e-07
190.56	1.02997e-07
190.58	1.01597e-07
190.6	1.00219e-07
190.62	9.88613e-08
190.64	9.75246e-08
190.66	9.62083e-08
190.68	9.49122e-08
190.7	9.36358e-08
190.72	9.23789e-08
190.74	9.11412e-08
190.76	8.99222e-08
190.78	8.87218e-08
190.8	8.75396e-08
190.82	8.63753e-08
190.84	8.52286e-08
190.86	8.40993e-08
190.88	8.2987e-08
190.9	8.18915e-08
190.92	8.08125e-08
190.94	7.97498e-08
190.96	7.87031e-08
190.98	7.7672e-08
191	7.66565e-08
191.02	7.56561e-08
191.04	7.46707e-08
191.06	7.37001e-08
191.08	7.27439e-08
191.1	7.18021e-08
191.12	7.08742e-08
191.14	6.99601e-08
191.16	6.90597e-08
191.18	6.81726e-08
191.2	6.72987e-08
191.22	6.64377e-08
191.24	6.55894e-08
191.26	6.47537e-08
191.28	6.39303e-08
191.3	6.3119e-08
191.32	6.23197e-08
191.34	6.15322e-08
191.36	6.07562e-08
191.38	5.99916e-08
191.4	5.92382e-08
191.42	5.84958e-08
191.44	5.77643e-08
191.46	5.70435e-08
191.48	5.63332e-08
191.5	5.56332e-08
191.52	5.49435e-08
191.54	5.42637e-08
191.56	5.35938e-08
191.58	5.29337e-08
191.6	5.2283e-08
191.62	5.16418e-08
191.64	5.10099e-08
191.66	5.03871e-08
191.68	4.97732e-08
191.7	4.91682e-08
191.72	4.85719e-08
191.74	4.79842e-08
191.76	4.74048e-08
191.78	4.68338e-08
191.8	4.6271e-08
191.82	4.57162e-08
191.84	4.51693e-08
191.86	4.46302e-08
191.88	4.40988e-08
191.9	4.35749e-08
191.92	4.30585e-08
191.94	4.25494e-08
191.96	4.20475e-08
191.98	4.15527e-08
192	4.1065e-08
192.02	4.05841e-08
192.04	4.01099e-08
192.06	3.96425e-08
192.08	3.91816e-08
192.1	3.87272e-08
192.12	3.82792e-08
192.14	3.78375e-08
192.16	3.74019e-08
192.18	3.69725e-08
192.2	3.6549e-08
192.22	3.61314e-08
192.24	3.57197e-08
192.26	3.53136e-08
192.28	3.49132e-08
192.3	3.45184e-08
192.32	3.4129e-08
192.34	3.37451e-08
192.36	3.33664e-08
192.38	3.2993e-08
192.4	3.26247e-08
192.42	3.22615e-08
192.44	3.19032e-08
192.46	3.15499e-08
192.48	3.12015e-08
192.5	3.08578e-08
192.52	3.05188e-08
192.54	3.01845e-08
192.56	2.98547e-08
192.58	2.95294e-08
192.6	2.92086e-08
192.62	2.88921e-08
192.64	2.85799e-08
192.66	2.8272e-08
192.68	2.79682e-08
192.7	2.76685e-08
192.72	2.73729e-08
192.74	2.70813e-08
192.76	2.67936e-08
192.78	2.65098e-08
192.8	2.62297e-08
192.82	2.59535e-08
192.84	2.5681e-08
192.86	2.54121e-08
192.88	2.51468e-08
192.9	2.48851e-08
192.92	2.46268e-08
192.94	2.4372e-08
192.96	2.41206e-08
192.98	2.38725e-08
193	2.36278e-08
193.02	2.33862e-08
193.04	2.31479e-08
193.06	2.29127e-08
193.08	2.26807e-08
193.1	2.24517e-08
193.12	2.22257e-08
193.14	2.20027e-08
193.16	2.17826e-08
193.18	2.15654e-08
193.2	2.13511e-08
193.22	2.11396e-08
193.24	2.09309e-08
193.26	2.07248e-08
193.28	2.05215e-08
193.3	2.03208e-08
193.32	2.01228e-08
193.34	1.99273e-08
193.36	1.97343e-08
193.38	1.95439e-08
193.4	1.93559e-08
193.42	1.91704e-08
193.44	1.89873e-08
193.46	1.88065e-08
193.48	1.86281e-08
193.5	1.84519e-08
193.52	1.82781e-08
193.54	1.81064e-08
193.56	1.7937e-08
193.58	1.77697e-08
193.6	1.76046e-08
193.62	1.74416e-08
193.64	1.72807e-08
193.66	1.71219e-08
193.68	1.6965e-08
193.7	1.68102e-08
193.72	1.66574e-08
193.74	1.65064e-08
193.76	1.63574e-08
193.78	1.62103e-08
193.8	1.60651e-08
193.82	1.59217e-08
193.84	1.57801e-08
193.86	1.56403e-08
193.88	1.55023e-08
193.9	1.5366e-08
193.92	1.52314e-08
193.94	1.50985e-08
193.96	1.49673e-08
193.98	1.48377e-08
194	1.47098e-08
194.02	1.45835e-08
194.04	1.44587e-08
194.06	1.43355e-08
194.08	1.42139e-08
194.1	1.40937e-08
194.12	1.39751e-08
194.14	1.38579e-08
194.16	1.37423e-08
194.18	1.3628e-08
194.2	1.35152e-08
194.22	1.34037e-08
194.24	1.32937e-08
194.26	1.3185e-08
194.28	1.30776e-08
194.3	1.29716e-08
194.32	1.28669e-08
194.34	1.27635e-08
194.36	1.26614e-08
194.38	1.25605e-08
194.4	1.24608e-08
194.42	1.23624e-08
194.44	1.22653e-08
194.46	1.21693e-08
194.48	1.20744e-08
194.5	1.19808e-08
194.52	1.18883e-08
194.54	1.17969e-08
194.56	1.17067e-08
194.58	1.16175e-08
194.6	1.15295e-08
194.62	1.14425e-08
194.64	1.13566e-08
194.66	1.12717e-08
194.68	1.11879e-08
194.7	1.11051e-08
194.72	1.10233e-08
194.74	1.09425e-08
194.76	1.08627e-08
194.78	1.07839e-08
194.8	1.0706e-08
194.82	1.06291e-08
194.84	1.05531e-08
194.86	1.0478e-08
194.88	1.04039e-08
194.9	1.03306e-08
194.92	1.02583e-08
194.94	1.01868e-08
194.96	1.01162e-08
194.98	1.00465e-08
195	9.97756e-09
195.02	9.9095e-09
195.04	9.84226e-09
195.06	9.77584e-09
195.08	9.71023e-09
195.1	9.64542e-09
195.12	9.58139e-09
195.14	9.51815e-09
195.16	9.45567e-09
195.18	9.39395e-09
195.2	9.33298e-09
195.22	9.27275e-09
195.24	9.21326e-09
195.26	9.15449e-09
195.28	9.09644e-09
195.3	9.03909e-09
195.32	8.98244e-09
195.34	8.92648e-09
195.36	8.87121e-09
195.38	8.81661e-09
195.4	8.76267e-09
195.42	8.7094e-09
195.44	8.65678e-09
195.46	8.6048e-09
195.48	8.55346e-09
195.5	8.50274e-09
195.52	8.45265e-09
195.54	8.40318e-09
195.56	8.35431e-09
195.58	8.30604e-09
195.6	8.25837e-09
195.62	8.21129e-09
195.64	8.16479e-09
195.66	8.11886e-09
195.68	8.0735e-09
195.7	8.0287e-09
195.72	7.98446e-09
195.74	7.94077e-09
195.76	7.89763e-09
195.78	7.85502e-09
195.8	7.81294e-09
195.82	7.7714e-09
195.84	7.73037e-09
195.86	7.68986e-09
195.88	7.64986e-09
195.9	7.61036e-09
195.92	7.57136e-09
195.94	7.53286e-09
195.96	7.49485e-09
195.98	7.45732e-09
196	7.42026e-09
196.02	7.38369e-09
196.04	7.34758e-09
196.06	7.31194e-09
196.08	7.27676e-09
196.1	7.24203e-09
196.12	7.20775e-09
196.14	7.17392e-09
196.16	7.14053e-09
196.18	7.10758e-09
196.2	7.07507e-09
196.22	7.04298e-09
196.24	7.01132e-09
196.26	6.98008e-09
196.28	6.94925e-09
196.3	6.91884e-09
196.32	6.88884e-09
196.34	6.85924e-09
196.36	6.83005e-09
196.38	6.80125e-09
196.4	6.77285e-09
196.42	6.74484e-09
196.44	6.71722e-09
196.46	6.68998e-09
196.48	6.66312e-09
196.5	6.63664e-09
196.52	6.61054e-09
196.54	6.5848e-09
196.56	6.55944e-09
196.58	6.53443e-09
196.6	6.50979e-09
196.62	6.48551e-09
196.64	6.46159e-09
196.66	6.43802e-09
196.68	6.41479e-09
196.7	6.39192e-09
196.72	6.36939e-09
196.74	6.3472e-09
196.76	6.32535e-09
196.78	6.30384e-09
196.8	6.28267e-09
196.82	6.26182e-09
196.84	6.24131e-09
196.86	6.22112e-09
196.88	6.20126e-09
196.9	6.18172e-09
196.92	6.1625e-09
196.94	6.1436e-09
196.96	6.12501e-09
196.98	6.10674e-09
197	6.08879e-09
197.02	6.07114e-09
197.04	6.0538e-09
197.06	6.03677e-09
197.08	6.02004e-09
197.1	6.00361e-09
197.12	5.98749e-09
197.14	5.97166e-09
197.16	5.95614e-09
197.18	5.94091e-09
197.2	5.92597e-09
197.22	5.91133e-09
197.24	5.89698e-09
197.26	5.88291e-09
197.28	5.86914e-09
197.3	5.85566e-09
197.32	5.84246e-09
197.34	5.82955e-09
197.36	5.81692e-09
197.38	5.80457e-09
197.4	5.7925e-09
197.42	5.78072e-09
197.44	5.76921e-09
197.46	5.75798e-09
197.48	5.74703e-09
197.5	5.73636e-09
197.52	5.72596e-09
197.54	5.71584e-09
197.56	5.70599e-09
197.58	5.69642e-09
197.6	5.68712e-09
197.62	5.67809e-09
197.64	5.66933e-09
197.66	5.66084e-09
197.68	5.65262e-09
197.7	5.64468e-09
197.72	5.637e-09
197.74	5.62959e-09
197.76	5.62245e-09
197.78	5.61558e-09
197.8	5.60898e-09
197.82	5.60265e-09
197.84	5.59658e-09
197.86	5.59079e-09
197.88	5.58526e-09
197.9	5.58e-09
197.92	5.57501e-09
197.94	5.57029e-09
197.96	5.56583e-09
197.98	5.56165e-09
198	5.55773e-09
198.02	5.55408e-09
198.04	5.55071e-09
198.06	5.5476e-09
198.08	5.54477e-09
198.1	5.5422e-09
198.12	5.53991e-09
198.14	5.53789e-09
198.16	5.53614e-09
198.18	5.53467e-09
198.2	5.53347e-09
198.22	5.53255e-09
198.24	5.53191e-09
198.26	5.53154e-09
198.28	5.53145e-09
198.3	5.53165e-09
198.32	5.53212e-09
198.34	5.53288e-09
198.36	5.53392e-09
198.38	5.53524e-09
198.4	5.53686e-09
198.42	5.53876e-09
198.44	5.54095e-09
198.46	5.54343e-09
198.48	5.54621e-09
198.5	5.54928e-09
198.52	5.55265e-09
198.54	5.55633e-09
198.56	5.5603e-09
198.58	5.56457e-09
198.6	5.56916e-09
198.62	5.57405e-09
198.64	5.57925e-09
198.66	5.58476e-09
198.68	5.5906e-09
198.7	5.59675e-09
198.72	5.60322e-09
198.74	5.61002e-09
198.76	5.61715e-09
198.78	5.62461e-09
198.8	5.6324e-09
198.82	5.64053e-09
198.84	5.64901e-09
198.86	5.65783e-09
198.88	5.667e-09
198.9	5.67652e-09
198.92	5.6864e-09
198.94	5.69665e-09
198.96	5.70726e-09
198.98	5.71824e-09
199	5.7296e-09
199.02	5.74134e-09
199.04	5.75346e-09
199.06	5.76598e-09
199.08	5.77889e-09
199.1	5.79221e-09
199.12	5.80593e-09
199.14	5.82007e-09
199.16	5.83464e-09
199.18	5.84962e-09
199.2	5.86505e-09
199.22	5.88091e-09
199.24	5.89723e-09
199.26	5.914e-09
199.28	5.93123e-09
199.3	5.94894e-09
199.32	5.96713e-09
199.34	5.98581e-09
199.36	6.00499e-09
199.38	6.02467e-09
199.4	6.04488e-09
199.42	6.06561e-09
199.44	6.08689e-09
199.46	6.10871e-09
199.48	6.1311e-09
199.5	6.15406e-09
199.52	6.17761e-09
199.54	6.20176e-09
199.56	6.22652e-09
199.58	6.25191e-09
199.6	6.27794e-09
199.62	6.30463e-09
199.64	6.332e-09
199.66	6.36006e-09
199.68	6.38883e-09
199.7	6.41833e-09
199.72	6.44858e-09
199.74	6.47959e-09
199.76	6.5114e-09
199.78	6.54402e-09
199.8	6.57748e-09
199.82	6.6118e-09
199.84	6.64701e-09
199.86	6.68313e-09
199.88	6.72021e-09
199.9	6.75826e-09
199.92	6.79733e-09
199.94	6.83744e-09
199.96	6.87865e-09
199.98	6.92097e-09
200	6.96447e-09
200.02	7.00918e-09
200.04	7.05516e-09
200.06	7.10246e-09
200.08	7.15113e-09
200.1	7.20124e-09
200.12	7.25285e-09
200.14	7.30604e-09
200.16	7.36089e-09
200.18	7.41748e-09
200.2	7.4759e-09
200.22	7.53627e-09
200.24	7.59869e-09
200.26	7.66331e-09
200.28	7.73025e-09
200.3	7.79969e-09
200.32	7.87182e-09
200.34	7.94683e-09
200.36	8.02499e-09
200.38	8.10658e-09
200.4	8.19193e-09
200.42	8.28147e-09
200.44	8.37569e-09
200.46	8.47522e-09
200.48	8.58086e-09
200.5	8.6937e-09
200.52	8.81522e-09
200.54	8.94763e-09
200.56	9.09437e-09
200.58	9.26159e-09
200.6	9.46198e-09
200.62	9.72809e-09
200.64	1.01709e-08
200.66	1.13417e-08
200.68	1.47321e-08
200.7	2.37621e-08
200.72	4.81379e-08
200.74	1.13034e-07
200.76	2.70966e-07
200.78	6.23445e-07
200.8	1.36902e-06
200.82	2.85974e-06
200.84	5.60829e-06
200.86	1.01959e-05
200.88	1.7051e-05
200.9	2.62272e-05
200.92	3.74305e-05
200.94	5.02204e-05
200.96	6.41483e-05
200.98	7.88072e-05
201	9.38495e-05
201.02	0.000108994
201.04	0.000124025
201.06	0.000138783
201.08	0.000153153
201.1	0.000167056
201.12	0.000180439
201.14	0.000193269
201.16	0.000205529
201.18	0.00021721
201.2	0.000228315
201.22	0.000238849
201.24	0.000248825
201.26	0.000258255
201.28	0.000267155
201.3	0.000275543
201.32	0.000283435
201.34	0.000290849
201.36	0.000297802
201.38	0.000304312
201.4	0.000310395
201.42	0.000316068
201.44	0.000321348
201.46	0.000326249
201.48	0.000330786
201.5	0.000334974
201.52	0.000338828
201.54	0.000342359
201.56	0.000345582
201.58	0.000348508
201.6	0.00035115
201.62	0.000353519
201.64	0.000355627
201.66	0.000357484
201.68	0.000359101
201.7	0.000360487
201.72	0.000361652
201.74	0.000362605
201.76	0.000363355
201.78	0.000363911
201.8	0.00036428
201.82	0.000364471
201.84	0.000364491
201.86	0.000364348
201.88	0.000364048
201.9	0.000363598
201.92	0.000363004
201.94	0.000362273
201.96	0.000361411
201.98	0.000360424
202	0.000359316
202.02	0.000358093
202.04	0.000356761
202.06	0.000355324
202.08	0.000353786
202.1	0.000352154
202.12	0.00035043
202.14	0.000348619
202.16	0.000346725
202.18	0.000344752
202.2	0.000342704
202.22	0.000340584
202.24	0.000338396
202.26	0.000336144
202.28	0.00033383
202.3	0.000331458
202.32	0.000329031
202.34	0.000326552
202.36	0.000324023
202.38	0.000321448
202.4	0.000318829
202.42	0.00031617
202.44	0.000313471
202.46	0.000310736
202.48	0.000307968
202.5	0.000305168
202.52	0.000302339
202.54	0.000299484
202.56	0.000296603
202.58	0.0002937
202.6	0.000290776
202.62	0.000287833
202.64	0.000284873
202.66	0.000281898
202.68	0.00027891
202.7	0.000275911
202.72	0.000272902
202.74	0.000269884
202.76	0.00026686
202.78	0.000263831
202.8	0.000260799
202.82	0.000257764
202.84	0.000254729
202.86	0.000251694
202.88	0.000248662
202.9	0.000245633
202.92	0.000242608
202.94	0.00023959
202.96	0.000236578
202.98	0.000233574
203	0.00023058
203.02	0.000227595
203.04	0.000224622
203.06	0.000221661
203.08	0.000218713
203.1	0.000215779
203.12	0.00021286
203.14	0.000209957
203.16	0.00020707
203.18	0.0002042
203.2	0.000201348
203.22	0.000198515
203.24	0.000195701
203.26	0.000192907
203.28	0.000190134
203.3	0.000187381
203.32	0.00018465
203.34	0.000181941
203.36	0.000179255
203.38	0.000176591
203.4	0.000173951
203.42	0.000171335
203.44	0.000168743
203.46	0.000166175
203.48	0.000163632
203.5	0.000161114
203.52	0.000158622
203.54	0.000156155
203.56	0.000153713
203.58	0.000151298
203.6	0.000148909
203.62	0.000146546
203.64	0.00014421
203.66	0.0001419
203.68	0.000139617
203.7	0.000137361
203.72	0.000135131
203.74	0.000132929
203.76	0.000130753
203.78	0.000128604
203.8	0.000126482
203.82	0.000124387
203.84	0.000122318
203.86	0.000120277
203.88	0.000118262
203.9	0.000116274
203.92	0.000114312
203.94	0.000112377
203.96	0.000110468
203.98	0.000108586
204	0.00010673
204.02	0.000104899
204.04	0.000103095
204.06	0.000101316
204.08	9.9563e-05
204.1	9.78353e-05
204.12	9.61329e-05
204.14	9.44554e-05
204.16	9.28029e-05
204.18	9.1175e-05
204.2	8.95716e-05
204.22	8.79924e-05
204.24	8.64373e-05
204.26	8.49061e-05
204.28	8.33985e-05
204.3	8.19143e-05
204.32	8.04533e-05
204.34	7.90153e-05
204.36	7.76e-05
204.38	7.62072e-05
204.4	7.48366e-05
204.42	7.34881e-05
204.44	7.21613e-05
204.46	7.08561e-05
204.48	6.95721e-05
204.5	6.83092e-05
204.52	6.70671e-05
204.54	6.58456e-05
204.56	6.46443e-05
204.58	6.34631e-05
204.6	6.23016e-05
204.62	6.11598e-05
204.64	6.00372e-05
204.66	5.89336e-05
204.68	5.78489e-05
204.7	5.67827e-05
204.72	5.57348e-05
204.74	5.47049e-05
204.76	5.36929e-05
204.78	5.26983e-05
204.8	5.17211e-05
204.82	5.0761e-05
204.84	4.98176e-05
204.86	4.88908e-05
204.88	4.79804e-05
204.9	4.7086e-05
204.92	4.62075e-05
204.94	4.53445e-05
204.96	4.4497e-05
204.98	4.36646e-05
205	4.28471e-05
205.02	4.20443e-05
205.04	4.1256e-05
205.06	4.04818e-05
205.08	3.97217e-05
205.1	3.89754e-05
205.12	3.82426e-05
205.14	3.75232e-05
205.16	3.68169e-05
205.18	3.61235e-05
205.2	3.54428e-05
205.22	3.47747e-05
205.24	3.41188e-05
205.26	3.3475e-05
205.28	3.28431e-05
205.3	3.22228e-05
205.32	3.16141e-05
205.34	3.10167e-05
205.36	3.04304e-05
205.38	2.98549e-05
205.4	2.92903e-05
205.42	2.87361e-05
205.44	2.81924e-05
205.46	2.76588e-05
205.48	2.71352e-05
205.5	2.66215e-05
205.52	2.61174e-05
205.54	2.56228e-05
205.56	2.51375e-05
205.58	2.46614e-05
205.6	2.41942e-05
205.62	2.3736e-05
205.64	2.32863e-05
205.66	2.28452e-05
205.68	2.24125e-05
205.7	2.1988e-05
205.72	2.15716e-05
205.74	2.1163e-05
205.76	2.07623e-05
205.78	2.03692e-05
205.8	1.99835e-05
205.82	1.96053e-05
205.84	1.92342e-05
205.86	1.88703e-05
205.88	1.85133e-05
205.9	1.81631e-05
205.92	1.78197e-05
205.94	1.74828e-05
205.96	1.71524e-05
205.98	1.68283e-05
206	1.65104e-05
206.02	1.61986e-05
206.04	1.58928e-05
206.06	1.55929e-05
206.08	1.52987e-05
206.1	1.50102e-05
206.12	1.47273e-05
206.14	1.44497e-05
206.16	1.41776e-05
206.18	1.39106e-05
206.2	1.36488e-05
206.22	1.3392e-05
206.24	1.31402e-05
206.26	1.28932e-05
206.28	1.2651e-05
206.3	1.24134e-05
206.32	1.21805e-05
206.34	1.1952e-05
206.36	1.17279e-05
206.38	1.15081e-05
206.4	1.12925e-05
206.42	1.10812e-05
206.44	1.08738e-05
206.46	1.06705e-05
206.48	1.04711e-05
206.5	1.02755e-05
206.52	1.00837e-05
206.54	9.89561e-06
206.56	9.71112e-06
206.58	9.53018e-06
206.6	9.35272e-06
206.62	9.17868e-06
206.64	9.00799e-06
206.66	8.84057e-06
206.68	8.67638e-06
206.7	8.51535e-06
206.72	8.35741e-06
206.74	8.2025e-06
206.76	8.05057e-06
206.78	7.90155e-06
206.8	7.7554e-06
206.82	7.61205e-06
206.84	7.47145e-06
206.86	7.33355e-06
206.88	7.19829e-06
206.9	7.06563e-06
206.92	6.9355e-06
206.94	6.80786e-06
206.96	6.68267e-06
206.98	6.55988e-06
207	6.43943e-06
207.02	6.32128e-06
207.04	6.20539e-06
207.06	6.09172e-06
207.08	5.98021e-06
207.1	5.87083e-06
207.12	5.76354e-06
207.14	5.65829e-06
207.16	5.55504e-06
207.18	5.45376e-06
207.2	5.35441e-06
207.22	5.25695e-06
207.24	5.16134e-06
207.26	5.06755e-06
207.28	4.97553e-06
207.3	4.88527e-06
207.32	4.79671e-06
207.34	4.70984e-06
207.36	4.6246e-06
207.38	4.54099e-06
207.4	4.45895e-06
207.42	4.37846e-06
207.44	4.2995e-06
207.46	4.22202e-06
207.48	4.14601e-06
207.5	4.07143e-06
207.52	3.99826e-06
207.54	3.92646e-06
207.56	3.85602e-06
207.58	3.7869e-06
207.6	3.71908e-06
207.62	3.65253e-06
207.64	3.58724e-06
207.66	3.52316e-06
207.68	3.46029e-06
207.7	3.39859e-06
207.72	3.33805e-06
207.74	3.27865e-06
207.76	3.22035e-06
207.78	3.16314e-06
207.8	3.107e-06
207.82	3.0519e-06
207.84	2.99783e-06
207.86	2.94477e-06
207.88	2.8927e-06
207.9	2.84159e-06
207.92	2.79143e-06
207.94	2.74221e-06
207.96	2.69389e-06
207.98	2.64648e-06
208	2.59994e-06
208.02	2.55426e-06
208.04	2.50942e-06
208.06	2.46542e-06
208.08	2.42222e-06
208.1	2.37982e-06
208.12	2.33821e-06
208.14	2.29736e-06
208.16	2.25726e-06
208.18	2.2179e-06
208.2	2.17927e-06
208.22	2.14134e-06
208.24	2.10411e-06
208.26	2.06756e-06
208.28	2.03168e-06
208.3	1.99646e-06
208.32	1.96188e-06
208.34	1.92793e-06
208.36	1.8946e-06
208.38	1.86188e-06
208.4	1.82976e-06
208.42	1.79822e-06
208.44	1.76726e-06
208.46	1.73686e-06
208.48	1.70701e-06
208.5	1.67771e-06
208.52	1.64893e-06
208.54	1.62068e-06
208.56	1.59294e-06
208.58	1.5657e-06
208.6	1.53895e-06
208.62	1.51269e-06
208.64	1.4869e-06
208.66	1.46157e-06
208.68	1.43671e-06
208.7	1.41228e-06
208.72	1.3883e-06
208.74	1.36475e-06
208.76	1.34163e-06
208.78	1.31892e-06
208.8	1.29661e-06
208.82	1.27471e-06
208.84	1.25319e-06
208.86	1.23207e-06
208.88	1.21131e-06
208.9	1.19093e-06
208.92	1.17092e-06
208.94	1.15126e-06
208.96	1.13195e-06
208.98	1.11298e-06
209	1.09436e-06
209.02	1.07606e-06
209.04	1.05809e-06
209.06	1.04043e-06
209.08	1.02309e-06
209.1	1.00606e-06
209.12	9.89323e-07
209.14	9.72886e-07
209.16	9.56739e-07
209.18	9.40877e-07
209.2	9.25295e-07
209.22	9.09987e-07
209.24	8.94949e-07
209.26	8.80175e-07
209.28	8.65661e-07
209.3	8.51401e-07
209.32	8.37392e-07
209.34	8.23628e-07
209.36	8.10105e-07
209.38	7.96818e-07
209.4	7.83764e-07
209.42	7.70938e-07
209.44	7.58336e-07
209.46	7.45953e-07
209.48	7.33786e-07
209.5	7.21831e-07
209.52	7.10083e-07
209.54	6.9854e-07
209.56	6.87197e-07
209.58	6.76051e-07
209.6	6.65098e-07
209.62	6.54334e-07
209.64	6.43757e-07
209.66	6.33362e-07
209.68	6.23147e-07
209.7	6.13108e-07
209.72	6.03242e-07
209.74	5.93546e-07
209.76	5.84017e-07
209.78	5.74652e-07
209.8	5.65447e-07
209.82	5.56401e-07
209.84	5.4751e-07
209.86	5.3877e-07
209.88	5.30181e-07
209.9	5.21738e-07
209.92	5.1344e-07
209.94	5.05283e-07
209.96	4.97265e-07
209.98	4.89384e-07
210	4.81637e-07
210.02	4.74022e-07
210.04	4.66536e-07
210.06	4.59177e-07
210.08	4.51943e-07
210.1	4.44832e-07
210.12	4.37841e-07
210.14	4.30968e-07
210.16	4.24212e-07
210.18	4.17569e-07
210.2	4.11039e-07
210.22	4.04618e-07
210.24	3.98306e-07
210.26	3.921e-07
210.28	3.85998e-07
210.3	3.79999e-07
210.32	3.74101e-07
210.34	3.68301e-07
210.36	3.62598e-07
210.38	3.56991e-07
210.4	3.51477e-07
210.42	3.46056e-07
210.44	3.40725e-07
210.46	3.35483e-07
210.48	3.30328e-07
210.5	3.25259e-07
210.52	3.20274e-07
210.54	3.15372e-07
210.56	3.10552e-07
210.58	3.05811e-07
210.6	3.01149e-07
210.62	2.96564e-07
210.64	2.92054e-07
210.66	2.87619e-07
210.68	2.83258e-07
210.7	2.78968e-07
210.72	2.74749e-07
210.74	2.70599e-07
210.76	2.66517e-07
210.78	2.62503e-07
210.8	2.58554e-07
210.82	2.5467e-07
210.84	2.5085e-07
210.86	2.47092e-07
210.88	2.43396e-07
210.9	2.3976e-07
210.92	2.36183e-07
210.94	2.32665e-07
210.96	2.29204e-07
210.98	2.25799e-07
211	2.2245e-07
211.02	2.19155e-07
211.04	2.15913e-07
211.06	2.12724e-07
211.08	2.09587e-07
211.1	2.065e-07
211.12	2.03463e-07
211.14	2.00475e-07
211.16	1.97536e-07
211.18	1.94644e-07
211.2	1.91798e-07
211.22	1.88998e-07
211.24	1.86243e-07
211.26	1.83532e-07
211.28	1.80865e-07
211.3	1.7824e-07
211.32	1.75658e-07
211.34	1.73116e-07
211.36	1.70616e-07
211.38	1.68155e-07
211.4	1.65733e-07
211.42	1.6335e-07
211.44	1.61005e-07
211.46	1.58697e-07
211.48	1.56425e-07
211.5	1.5419e-07
211.52	1.5199e-07
211.54	1.49825e-07
211.56	1.47694e-07
211.58	1.45597e-07
211.6	1.43532e-07
211.62	1.41501e-07
211.64	1.39501e-07
211.66	1.37533e-07
211.68	1.35595e-07
211.7	1.33688e-07
211.72	1.31811e-07
211.74	1.29964e-07
211.76	1.28145e-07
211.78	1.26354e-07
211.8	1.24592e-07
211.82	1.22857e-07
211.84	1.21149e-07
211.86	1.19468e-07
211.88	1.17812e-07
211.9	1.16183e-07
211.92	1.14579e-07
211.94	1.12999e-07
211.96	1.11444e-07
211.98	1.09913e-07
212	1.08406e-07
212.02	1.06922e-07
212.04	1.05461e-07
212.06	1.04022e-07
212.08	1.02606e-07
212.1	1.01211e-07
212.12	9.98375e-08
212.14	9.84852e-08
212.16	9.71536e-08
212.18	9.58423e-08
212.2	9.45511e-08
212.22	9.32795e-08
212.24	9.20274e-08
212.26	9.07943e-08
212.28	8.95799e-08
212.3	8.8384e-08
212.32	8.72063e-08
212.34	8.60464e-08
212.36	8.4904e-08
212.38	8.37789e-08
212.4	8.26709e-08
212.42	8.15795e-08
212.44	8.05046e-08
212.46	7.94458e-08
212.48	7.8403e-08
212.5	7.73758e-08
212.52	7.63641e-08
212.54	7.53675e-08
212.56	7.43858e-08
212.58	7.34188e-08
212.6	7.24662e-08
212.62	7.15278e-08
212.64	7.06034e-08
212.66	6.96928e-08
212.68	6.87957e-08
212.7	6.79119e-08
212.72	6.70412e-08
212.74	6.61834e-08
212.76	6.53383e-08
212.78	6.45057e-08
212.8	6.36854e-08
212.82	6.28772e-08
212.84	6.20808e-08
212.86	6.12962e-08
212.88	6.05231e-08
212.9	5.97613e-08
212.92	5.90107e-08
212.94	5.82711e-08
212.96	5.75423e-08
212.98	5.68242e-08
213	5.61165e-08
213.02	5.54191e-08
213.04	5.47319e-08
213.06	5.40546e-08
213.08	5.33872e-08
213.1	5.27295e-08
213.12	5.20812e-08
213.14	5.14424e-08
213.16	5.08128e-08
213.18	5.01923e-08
213.2	4.95807e-08
213.22	4.89779e-08
213.24	4.83838e-08
213.26	4.77982e-08
213.28	4.7221e-08
213.3	4.6652e-08
213.32	4.60913e-08
213.34	4.55385e-08
213.36	4.49936e-08
213.38	4.44565e-08
213.4	4.3927e-08
213.42	4.3405e-08
213.44	4.28905e-08
213.46	4.23833e-08
213.48	4.18832e-08
213.5	4.13902e-08
213.52	4.09042e-08
213.54	4.04251e-08
213.56	3.99527e-08
213.58	3.94869e-08
213.6	3.90278e-08
213.62	3.8575e-08
213.64	3.81286e-08
213.66	3.76885e-08
213.68	3.72545e-08
213.7	3.68266e-08
213.72	3.64046e-08
213.74	3.59886e-08
213.76	3.55783e-08
213.78	3.51737e-08
213.8	3.47748e-08
213.82	3.43814e-08
213.84	3.39934e-08
213.86	3.36108e-08
213.88	3.32335e-08
213.9	3.28614e-08
213.92	3.24945e-08
213.94	3.21326e-08
213.96	3.17756e-08
213.98	3.14236e-08
214	3.10764e-08
214.02	3.07339e-08
214.04	3.03962e-08
214.06	3.0063e-08
214.08	2.97344e-08
214.1	2.94103e-08
214.12	2.90906e-08
214.14	2.87752e-08
214.16	2.84642e-08
214.18	2.81573e-08
214.2	2.78546e-08
214.22	2.7556e-08
214.24	2.72614e-08
214.26	2.69708e-08
214.28	2.66842e-08
214.3	2.64014e-08
214.32	2.61223e-08
214.34	2.58471e-08
214.36	2.55755e-08
214.38	2.53076e-08
214.4	2.50432e-08
214.42	2.47824e-08
214.44	2.45251e-08
214.46	2.42711e-08
214.48	2.40206e-08
214.5	2.37734e-08
214.52	2.35295e-08
214.54	2.32888e-08
214.56	2.30513e-08
214.58	2.2817e-08
214.6	2.25857e-08
214.62	2.23576e-08
214.64	2.21324e-08
214.66	2.19101e-08
214.68	2.16908e-08
214.7	2.14744e-08
214.72	2.12608e-08
214.74	2.10501e-08
214.76	2.0842e-08
214.78	2.06367e-08
214.8	2.04341e-08
214.82	2.02341e-08
214.84	2.00367e-08
214.86	1.98419e-08
214.88	1.96497e-08
214.9	1.94599e-08
214.92	1.92725e-08
214.94	1.90876e-08
214.96	1.89051e-08
214.98	1.8725e-08
215	1.85472e-08
215.02	1.83716e-08
215.04	1.81984e-08
215.06	1.80273e-08
215.08	1.78585e-08
215.1	1.76918e-08
215.12	1.75272e-08
215.14	1.73648e-08
215.16	1.72044e-08
215.18	1.70461e-08
215.2	1.68898e-08
215.22	1.67355e-08
215.24	1.65832e-08
215.26	1.64328e-08
215.28	1.62843e-08
215.3	1.61376e-08
215.32	1.59929e-08
215.34	1.585e-08
215.36	1.57089e-08
215.38	1.55695e-08
215.4	1.5432e-08
215.42	1.52961e-08
215.44	1.5162e-08
215.46	1.50295e-08
215.48	1.48988e-08
215.5	1.47696e-08
215.52	1.46421e-08
215.54	1.45162e-08
215.56	1.43918e-08
215.58	1.42691e-08
215.6	1.41478e-08
215.62	1.40281e-08
215.64	1.39098e-08
215.66	1.3793e-08
215.68	1.36777e-08
215.7	1.35638e-08
215.72	1.34513e-08
215.74	1.33403e-08
215.76	1.32306e-08
215.78	1.31222e-08
215.8	1.30152e-08
215.82	1.29095e-08
215.84	1.28052e-08
215.86	1.27021e-08
215.88	1.26003e-08
215.9	1.24997e-08
215.92	1.24004e-08
215.94	1.23023e-08
215.96	1.22054e-08
215.98	1.21097e-08
216	1.20152e-08
216.02	1.19218e-08
216.04	1.18296e-08
216.06	1.17385e-08
216.08	1.16485e-08
216.1	1.15597e-08
216.12	1.14719e-08
216.14	1.13852e-08
216.16	1.12995e-08
216.18	1.12149e-08
216.2	1.11313e-08
216.22	1.10488e-08
216.24	1.09672e-08
216.26	1.08867e-08
216.28	1.08071e-08
216.3	1.07285e-08
216.32	1.06509e-08
216.34	1.05742e-08
216.36	1.04984e-08
216.38	1.04236e-08
216.4	1.03496e-08
216.42	1.02766e-08
216.44	1.02044e-08
216.46	1.01332e-08
216.48	1.00627e-08
216.5	9.99319e-09
216.52	9.92448e-09
216.54	9.85661e-09
216.56	9.78955e-09
216.58	9.72332e-09
216.6	9.65788e-09
216.62	9.59324e-09
216.64	9.52939e-09
216.66	9.4663e-09
216.68	9.40399e-09
216.7	9.34243e-09
216.72	9.28162e-09
216.74	9.22154e-09
216.76	9.1622e-09
216.78	9.10358e-09
216.8	9.04567e-09
216.82	8.98846e-09
216.84	8.93195e-09
216.86	8.87613e-09
216.88	8.82098e-09
216.9	8.76651e-09
216.92	8.7127e-09
216.94	8.65955e-09
216.96	8.60705e-09
216.98	8.55519e-09
217	8.50396e-09
217.02	8.45336e-09
217.04	8.40337e-09
217.06	8.354e-09
217.08	8.30524e-09
217.1	8.25707e-09
217.12	8.2095e-09
217.14	8.16251e-09
217.16	8.1161e-09
217.18	8.07026e-09
217.2	8.02498e-09
217.22	7.98027e-09
217.24	7.93611e-09
217.26	7.8925e-09
217.28	7.84943e-09
217.3	7.80689e-09
217.32	7.76488e-09
217.34	7.7234e-09
217.36	7.68244e-09
217.38	7.64199e-09
217.4	7.60205e-09
217.42	7.56261e-09
217.44	7.52366e-09
217.46	7.48521e-09
217.48	7.44724e-09
217.5	7.40976e-09
217.52	7.37275e-09
217.54	7.33621e-09
217.56	7.30014e-09
217.58	7.26454e-09
217.6	7.22939e-09
217.62	7.19469e-09
217.64	7.16044e-09
217.66	7.12664e-09
217.68	7.09327e-09
217.7	7.06034e-09
217.72	7.02784e-09
217.74	6.99577e-09
217.76	6.96412e-09
217.78	6.93288e-09
217.8	6.90207e-09
217.82	6.87166e-09
217.84	6.84166e-09
217.86	6.81206e-09
217.88	6.78287e-09
217.9	6.75406e-09
217.92	6.72565e-09
217.94	6.69763e-09
217.96	6.67e-09
217.98	6.64274e-09
218	6.61587e-09
218.02	6.58936e-09
218.04	6.56323e-09
218.06	6.53747e-09
218.08	6.51208e-09
218.1	6.48704e-09
218.12	6.46237e-09
218.14	6.43805e-09
218.16	6.41408e-09
218.18	6.39047e-09
218.2	6.3672e-09
218.22	6.34428e-09
218.24	6.3217e-09
218.26	6.29946e-09
218.28	6.27755e-09
218.3	6.25598e-09
218.32	6.23474e-09
218.34	6.21384e-09
218.36	6.19325e-09
218.38	6.173e-09
218.4	6.15306e-09
218.42	6.13345e-09
218.44	6.11415e-09
218.46	6.09517e-09
218.48	6.0765e-09
218.5	6.05814e-09
218.52	6.04009e-09
218.54	6.02235e-09
218.56	6.00492e-09
218.58	5.98779e-09
218.6	5.97096e-09
218.62	5.95443e-09
218.64	5.9382e-09
218.66	5.92226e-09
218.68	5.90662e-09
218.7	5.89127e-09
218.72	5.87621e-09
218.74	5.86145e-09
218.76	5.84697e-09
218.78	5.83278e-09
218.8	5.81887e-09
218.82	5.80525e-09
218.84	5.79191e-09
218.86	5.77886e-09
218.88	5.76608e-09
218.9	5.75358e-09
218.92	5.74136e-09
218.94	5.72942e-09
218.96	5.71776e-09
218.98	5.70636e-09
219	5.69525e-09
219.02	5.6844e-09
219.04	5.67383e-09
219.06	5.66353e-09
219.08	5.6535e-09
219.1	5.64373e-09
219.12	5.63424e-09
219.14	5.62502e-09
219.16	5.61606e-09
219.18	5.60737e-09
219.2	5.59895e-09
219.22	5.59079e-09
219.24	5.5829e-09
219.26	5.57527e-09
219.28	5.56791e-09
219.3	5.56081e-09
219.32	5.55398e-09
219.34	5.54741e-09
219.36	5.5411e-09
219.38	5.53506e-09
219.4	5.52928e-09
219.42	5.52376e-09
219.44	5.51851e-09
219.46	5.51352e-09
219.48	5.5088e-09
219.5	5.50434e-09
219.52	5.50014e-09
219.54	5.49621e-09
219.56	5.49254e-09
219.58	5.48913e-09
219.6	5.486e-09
219.62	5.48312e-09
219.64	5.48052e-09
219.66	5.47818e-09
219.68	5.47611e-09
219.7	5.4743e-09
219.72	5.47277e-09
219.74	5.4715e-09
219.76	5.47051e-09
219.78	5.46978e-09
219.8	5.46933e-09
219.82	5.46916e-09
219.84	5.46925e-09
219.86	5.46963e-09
219.88	5.47028e-09
219.9	5.4712e-09
219.92	5.47241e-09
219.94	5.4739e-09
219.96	5.47567e-09
219.98	5.47772e-09
220	5.48007e-09
220.02	5.48269e-09
220.04	5.48561e-09
220.06	5.48882e-09
220.08	5.49232e-09
220.1	5.49612e-09
220.12	5.50021e-09
220.14	5.5046e-09
220.16	5.5093e-09
220.18	5.5143e-09
220.2	5.5196e-09
220.22	5.52522e-09
220.24	5.53115e-09
220.26	5.53739e-09
220.28	5.54395e-09
220.3	5.55082e-09
220.32	5.55803e-09
220.34	5.56556e-09
220.36	5.57342e-09
220.38	5.58161e-09
220.4	5.59014e-09
220.42	5.59901e-09
220.44	5.60823e-09
220.46	5.61779e-09
220.48	5.62771e-09
220.5	5.63798e-09
220.52	5.64862e-09
220.54	5.65962e-09
220.56	5.67099e-09
220.58	5.68274e-09
220.6	5.69487e-09
220.62	5.70739e-09
220.64	5.72029e-09
220.66	5.7336e-09
220.68	5.7473e-09
220.7	5.76142e-09
220.72	5.77595e-09
220.74	5.7909e-09
220.76	5.80628e-09
220.78	5.82209e-09
220.8	5.83835e-09
220.82	5.85506e-09
220.84	5.87222e-09
220.86	5.88985e-09
220.88	5.90796e-09
220.9	5.92655e-09
220.92	5.94563e-09
220.94	5.96521e-09
220.96	5.9853e-09
220.98	6.00591e-09
221	6.02706e-09
221.02	6.04875e-09
221.04	6.07099e-09
221.06	6.09379e-09
221.08	6.11718e-09
221.1	6.14115e-09
221.12	6.16573e-09
221.14	6.19093e-09
221.16	6.21676e-09
221.18	6.24324e-09
221.2	6.27039e-09
221.22	6.29821e-09
221.24	6.32673e-09
221.26	6.35597e-09
221.28	6.38595e-09
221.3	6.41668e-09
221.32	6.44819e-09
221.34	6.48049e-09
221.36	6.51363e-09
221.38	6.5476e-09
221.4	6.58246e-09
221.42	6.61821e-09
221.44	6.65489e-09
221.46	6.69253e-09
221.48	6.73117e-09
221.5	6.77084e-09
221.52	6.81157e-09
221.54	6.8534e-09
221.56	6.89638e-09
221.58	6.94054e-09
221.6	6.98595e-09
221.62	7.03265e-09
221.64	7.08069e-09
221.66	7.13013e-09
221.68	7.18104e-09
221.7	7.23349e-09
221.72	7.28755e-09
221.74	7.34331e-09
221.76	7.40086e-09
221.78	7.4603e-09
221.8	7.52173e-09
221.82	7.58529e-09
221.84	7.6511e-09
221.86	7.71933e-09
221.88	7.79015e-09
221.9	7.86375e-09
221.92	7.94037e-09
221.94	8.02028e-09
221.96	8.10379e-09
221.98	8.19127e-09
222	8.2832e-09
222.02	8.38012e-09
222.04	8.48277e-09
222.06	8.59208e-09
222.08	8.70934e-09
222.1	8.83639e-09
222.12	8.97604e-09
222.14	9.13299e-09
222.16	9.31631e-09
222.18	9.54704e-09
222.2	9.8879e-09
222.22	1.06168e-08
222.24	1.27446e-08
222.26	1.86529e-08
222.28	3.43999e-08
222.3	7.71334e-08
222.32	1.85874e-07
222.34	4.36763e-07
222.36	9.79082e-07
222.38	2.09352e-06
222.4	4.22803e-06
222.42	7.95334e-06
222.44	1.3796e-05
222.46	2.19845e-05
222.48	3.23523e-05
222.5	4.44991e-05
222.52	5.79705e-05
222.54	7.23396e-05
222.56	8.72325e-05
222.58	0.00010234
222.6	0.000117419
222.62	0.000132288
222.64	0.000146815
222.66	0.000160905
222.68	0.000174497
222.7	0.000187549
222.72	0.000200037
222.74	0.00021195
222.76	0.000223286
222.78	0.00023405
222.8	0.00024425
222.82	0.000253899
222.84	0.000263013
222.86	0.000271607
222.88	0.000279699
222.9	0.000287306
222.92	0.000294445
222.94	0.000301134
222.96	0.000307391
222.98	0.00031323
223	0.00031867
223.02	0.000323724
223.04	0.00032841
223.06	0.00033274
223.08	0.00033673
223.1	0.000340393
223.12	0.000343742
223.14	0.00034679
223.16	0.000349548
223.18	0.00035203
223.2	0.000354245
223.22	0.000356206
223.24	0.000357922
223.26	0.000359403
223.28	0.000360659
223.3	0.000361701
223.32	0.000362535
223.34	0.000363172
223.36	0.000363619
223.38	0.000363885
223.4	0.000363977
223.42	0.000363902
223.44	0.000363668
223.46	0.000363281
223.48	0.000362749
223.5	0.000362077
223.52	0.00036127
223.54	0.000360337
223.56	0.00035928
223.58	0.000358107
223.6	0.000356823
223.62	0.000355431
223.64	0.000353938
223.66	0.000352347
223.68	0.000350663
223.7	0.000348891
223.72	0.000347034
223.74	0.000345096
223.76	0.000343082
223.78	0.000340995
223.8	0.000338838
223.82	0.000336616
223.84	0.00033433
223.86	0.000331986
223.88	0.000329584
223.9	0.00032713
223.92	0.000324625
223.94	0.000322073
223.96	0.000319475
223.98	0.000316836
224	0.000314157
224.02	0.000311441
224.04	0.00030869
224.06	0.000305907
224.08	0.000303094
224.1	0.000300252
224.12	0.000297386
224.14	0.000294496
224.16	0.000291584
224.18	0.000288652
224.2	0.000285703
224.22	0.000282739
224.24	0.00027976
224.26	0.000276769
224.28	0.000273768
224.3	0.000270757
224.32	0.00026774
224.34	0.000264717
224.36	0.00026169
224.38	0.00025866
224.4	0.000255629
224.42	0.000252598
224.44	0.000249568
224.46	0.000246542
224.48	0.000243519
224.5	0.000240502
224.52	0.000237491
224.54	0.000234488
224.56	0.000231493
224.58	0.000228509
224.6	0.000225535
224.62	0.000222573
224.64	0.000219623
224.66	0.000216687
224.68	0.000213766
224.7	0.00021086
224.72	0.00020797
224.74	0.000205097
224.76	0.000202241
224.78	0.000199404
224.8	0.000196586
224.82	0.000193787
224.84	0.000191009
224.86	0.000188251
224.88	0.000185515
224.9	0.0001828
224.92	0.000180108
224.94	0.000177438
224.96	0.000174792
224.98	0.00017217
225	0.000169571
225.02	0.000166996
225.04	0.000164447
225.06	0.000161922
225.08	0.000159422
225.1	0.000156948
225.12	0.000154499
225.14	0.000152077
225.16	0.00014968
225.18	0.00014731
225.2	0.000144966
225.22	0.000142648
225.24	0.000140357
225.26	0.000138093
225.28	0.000135855
225.3	0.000133644
225.32	0.00013146
225.34	0.000129303
225.36	0.000127173
225.38	0.00012507
225.4	0.000122993
225.42	0.000120943
225.44	0.00011892
225.46	0.000116924
225.48	0.000114954
225.5	0.000113011
225.52	0.000111094
225.54	0.000109203
225.56	0.000107338
225.58	0.0001055
225.6	0.000103687
225.62	0.000101901
225.64	0.000100139
225.66	9.84036e-05
225.68	9.66931e-05
225.7	9.50078e-05
225.72	9.33473e-05
225.74	9.17115e-05
225.76	9.01003e-05
225.78	8.85134e-05
225.8	8.69506e-05
225.82	8.54117e-05
225.84	8.38965e-05
225.86	8.24048e-05
225.88	8.09363e-05
225.9	7.94909e-05
225.92	7.80682e-05
225.94	7.66681e-05
225.96	7.52904e-05
225.98	7.39347e-05
226	7.26009e-05
226.02	7.12887e-05
226.04	6.99978e-05
226.06	6.8728e-05
226.08	6.74792e-05
226.1	6.62509e-05
226.12	6.5043e-05
226.14	6.38553e-05
226.16	6.26874e-05
226.18	6.15391e-05
226.2	6.04102e-05
226.22	5.93004e-05
226.24	5.82095e-05
226.26	5.71373e-05
226.28	5.60833e-05
226.3	5.50476e-05
226.32	5.40296e-05
226.34	5.30294e-05
226.36	5.20464e-05
226.38	5.10807e-05
226.4	5.01318e-05
226.42	4.91995e-05
226.44	4.82837e-05
226.46	4.7384e-05
226.48	4.65003e-05
226.5	4.56322e-05
226.52	4.47796e-05
226.54	4.39422e-05
226.56	4.31198e-05
226.58	4.23121e-05
226.6	4.1519e-05
226.62	4.07402e-05
226.64	3.99754e-05
226.66	3.92245e-05
226.68	3.84872e-05
226.7	3.77634e-05
226.72	3.70527e-05
226.74	3.63551e-05
226.76	3.56702e-05
226.78	3.49978e-05
226.8	3.43379e-05
226.82	3.36901e-05
226.84	3.30542e-05
226.86	3.24301e-05
226.88	3.18176e-05
226.9	3.12164e-05
226.92	3.06264e-05
226.94	3.00473e-05
226.96	2.94791e-05
226.98	2.89214e-05
227	2.83742e-05
227.02	2.78372e-05
227.04	2.73103e-05
227.06	2.67933e-05
227.08	2.6286e-05
227.1	2.57882e-05
227.12	2.52998e-05
227.14	2.48207e-05
227.16	2.43505e-05
227.18	2.38893e-05
227.2	2.34368e-05
227.22	2.29929e-05
227.24	2.25573e-05
227.26	2.21301e-05
227.28	2.1711e-05
227.3	2.12998e-05
227.32	2.08964e-05
227.34	2.05008e-05
227.36	2.01126e-05
227.38	1.97319e-05
227.4	1.93585e-05
227.42	1.89921e-05
227.44	1.86328e-05
227.46	1.82804e-05
227.48	1.79347e-05
227.5	1.75956e-05
227.52	1.7263e-05
227.54	1.69368e-05
227.56	1.66168e-05
227.58	1.6303e-05
227.6	1.59952e-05
227.62	1.56933e-05
227.64	1.53972e-05
227.66	1.51068e-05
227.68	1.4822e-05
227.7	1.45427e-05
227.72	1.42687e-05
227.74	1.4e-05
227.76	1.37365e-05
227.78	1.3478e-05
227.8	1.32245e-05
227.82	1.29759e-05
227.84	1.27321e-05
227.86	1.2493e-05
227.88	1.22585e-05
227.9	1.20285e-05
227.92	1.18029e-05
227.94	1.15817e-05
227.96	1.13647e-05
227.98	1.11519e-05
228	1.09433e-05
228.02	1.07386e-05
228.04	1.05379e-05
228.06	1.0341e-05
228.08	1.01479e-05
228.1	9.95858e-06
228.12	9.77288e-06
228.14	9.59075e-06
228.16	9.41212e-06
228.18	9.23693e-06
228.2	9.06511e-06
228.22	8.8966e-06
228.24	8.73133e-06
228.26	8.56923e-06
228.28	8.41025e-06
228.3	8.25433e-06
228.32	8.1014e-06
228.34	7.9514e-06
228.36	7.80429e-06
228.38	7.66e-06
228.4	7.51848e-06
228.42	7.37967e-06
228.44	7.24352e-06
228.46	7.10999e-06
228.48	6.97901e-06
228.5	6.85053e-06
228.52	6.72452e-06
228.54	6.60092e-06
228.56	6.47968e-06
228.58	6.36076e-06
228.6	6.24412e-06
228.62	6.1297e-06
228.64	6.01746e-06
228.66	5.90737e-06
228.68	5.79937e-06
228.7	5.69344e-06
228.72	5.58952e-06
228.74	5.48758e-06
228.76	5.38758e-06
228.78	5.28948e-06
228.8	5.19325e-06
228.82	5.09885e-06
228.84	5.00624e-06
228.86	4.91538e-06
228.88	4.82625e-06
228.9	4.73881e-06
228.92	4.65303e-06
228.94	4.56887e-06
228.96	4.4863e-06
228.98	4.40529e-06
229	4.32581e-06
229.02	4.24784e-06
229.04	4.17134e-06
229.06	4.09628e-06
229.08	4.02263e-06
229.1	3.95037e-06
229.12	3.87947e-06
229.14	3.80991e-06
229.16	3.74165e-06
229.18	3.67468e-06
229.2	3.60896e-06
229.22	3.54447e-06
229.24	3.4812e-06
229.26	3.41911e-06
229.28	3.35818e-06
229.3	3.29839e-06
229.32	3.23972e-06
229.34	3.18214e-06
229.36	3.12564e-06
229.38	3.0702e-06
229.4	3.01578e-06
229.42	2.96238e-06
229.44	2.90998e-06
229.46	2.85855e-06
229.48	2.80807e-06
229.5	2.75853e-06
229.52	2.70991e-06
229.54	2.66219e-06
229.56	2.61536e-06
229.58	2.56939e-06
229.6	2.52427e-06
229.62	2.47999e-06
229.64	2.43652e-06
229.66	2.39386e-06
229.68	2.35198e-06
229.7	2.31087e-06
229.72	2.27052e-06
229.74	2.23091e-06
229.76	2.19203e-06
229.78	2.15387e-06
229.8	2.1164e-06
229.82	2.07963e-06
229.84	2.04352e-06
229.86	2.00808e-06
229.88	1.97328e-06
229.9	1.93913e-06
229.92	1.90559e-06
229.94	1.87267e-06
229.96	1.84034e-06
229.98	1.80861e-06
230	1.77745e-06
230.02	1.74687e-06
230.04	1.71683e-06
230.06	1.68734e-06
230.08	1.65839e-06
230.1	1.62996e-06
230.12	1.60205e-06
230.14	1.57464e-06
230.16	1.54773e-06
230.18	1.52131e-06
230.2	1.49536e-06
230.22	1.46988e-06
230.24	1.44486e-06
230.26	1.42029e-06
230.28	1.39616e-06
230.3	1.37246e-06
230.32	1.34919e-06
230.34	1.32634e-06
230.36	1.3039e-06
230.38	1.28186e-06
230.4	1.26022e-06
230.42	1.23896e-06
230.44	1.21809e-06
230.46	1.19758e-06
230.48	1.17744e-06
230.5	1.15767e-06
230.52	1.13824e-06
230.54	1.11916e-06
230.56	1.10042e-06
230.58	1.08201e-06
230.6	1.06393e-06
230.62	1.04617e-06
230.64	1.02872e-06
230.66	1.01158e-06
230.68	9.94752e-07
230.7	9.78216e-07
230.72	9.61972e-07
230.74	9.46015e-07
230.76	9.30339e-07
230.78	9.1494e-07
230.8	8.99812e-07
230.82	8.8495e-07
230.84	8.70349e-07
230.86	8.56004e-07
230.88	8.41911e-07
230.9	8.28066e-07
230.92	8.14462e-07
230.94	8.01097e-07
230.96	7.87966e-07
230.98	7.75063e-07
231	7.62386e-07
231.02	7.49931e-07
231.04	7.37692e-07
231.06	7.25666e-07
231.08	7.13849e-07
231.1	7.02238e-07
231.12	6.90829e-07
231.14	6.79617e-07
231.16	6.686e-07
231.18	6.57773e-07
231.2	6.47134e-07
231.22	6.36679e-07
231.24	6.26404e-07
231.26	6.16307e-07
231.28	6.06383e-07
231.3	5.96631e-07
231.32	5.87046e-07
231.34	5.77627e-07
231.36	5.68369e-07
231.38	5.5927e-07
231.4	5.50327e-07
231.42	5.41538e-07
231.44	5.32898e-07
231.46	5.24407e-07
231.48	5.16061e-07
231.5	5.07857e-07
231.52	4.99793e-07
231.54	4.91867e-07
231.56	4.84076e-07
231.58	4.76417e-07
231.6	4.68888e-07
231.62	4.61488e-07
231.64	4.54213e-07
231.66	4.47061e-07
231.68	4.4003e-07
231.7	4.33118e-07
231.72	4.26323e-07
231.74	4.19643e-07
231.76	4.13076e-07
231.78	4.06619e-07
231.8	4.00271e-07
231.82	3.9403e-07
231.84	3.87894e-07
231.86	3.81861e-07
231.88	3.7593e-07
231.9	3.70097e-07
231.92	3.64363e-07
231.94	3.58724e-07
231.96	3.5318e-07
231.98	3.47728e-07
232	3.42368e-07
232.02	3.37096e-07
232.04	3.31913e-07
232.06	3.26816e-07
232.08	3.21803e-07
232.1	3.16874e-07
232.12	3.12027e-07
232.14	3.0726e-07
232.16	3.02572e-07
232.18	2.97962e-07
232.2	2.93428e-07
232.22	2.88968e-07
232.24	2.84583e-07
232.26	2.8027e-07
232.28	2.76027e-07
232.3	2.71855e-07
232.32	2.67751e-07
232.34	2.63715e-07
232.36	2.59745e-07
232.38	2.5584e-07
232.4	2.51999e-07
232.42	2.48221e-07
232.44	2.44504e-07
232.46	2.40849e-07
232.48	2.37253e-07
232.5	2.33716e-07
232.52	2.30236e-07
232.54	2.26813e-07
232.56	2.23446e-07
232.58	2.20133e-07
232.6	2.16874e-07
232.62	2.13668e-07
232.64	2.10514e-07
232.66	2.07411e-07
232.68	2.04358e-07
232.7	2.01354e-07
232.72	1.98399e-07
232.74	1.95491e-07
232.76	1.92631e-07
232.78	1.89816e-07
232.8	1.87046e-07
232.82	1.84321e-07
232.84	1.8164e-07
232.86	1.79002e-07
232.88	1.76406e-07
232.9	1.73851e-07
232.92	1.71337e-07
232.94	1.68863e-07
232.96	1.66429e-07
232.98	1.64034e-07
233	1.61676e-07
233.02	1.59356e-07
233.04	1.57073e-07
233.06	1.54826e-07
233.08	1.52615e-07
233.1	1.50439e-07
233.12	1.48297e-07
233.14	1.46189e-07
233.16	1.44114e-07
233.18	1.42072e-07
233.2	1.40062e-07
233.22	1.38084e-07
233.24	1.36137e-07
233.26	1.3422e-07
233.28	1.32333e-07
233.3	1.30476e-07
233.32	1.28648e-07
233.34	1.26849e-07
233.36	1.25078e-07
233.38	1.23334e-07
233.4	1.21617e-07
233.42	1.19928e-07
233.44	1.18264e-07
233.46	1.16627e-07
233.48	1.15014e-07
233.5	1.13427e-07
233.52	1.11864e-07
233.54	1.10326e-07
233.56	1.08811e-07
233.58	1.0732e-07
233.6	1.05851e-07
233.62	1.04406e-07
233.64	1.02982e-07
233.66	1.01581e-07
233.68	1.00201e-07
233.7	9.88416e-08
233.72	9.75035e-08
233.74	9.61858e-08
233.76	9.48883e-08
233.78	9.36107e-08
233.8	9.23525e-08
233.82	9.11134e-08
233.84	8.98932e-08
233.86	8.86916e-08
233.88	8.75082e-08
233.9	8.63427e-08
233.92	8.51949e-08
233.94	8.40645e-08
233.96	8.29512e-08
233.98	8.18546e-08
234	8.07746e-08
234.02	7.97109e-08
234.04	7.86631e-08
234.06	7.76311e-08
234.08	7.66146e-08
234.1	7.56133e-08
234.12	7.46271e-08
234.14	7.36555e-08
234.16	7.26985e-08
234.18	7.17558e-08
234.2	7.08271e-08
234.22	6.99123e-08
234.24	6.9011e-08
234.26	6.81232e-08
234.28	6.72485e-08
234.3	6.63868e-08
234.32	6.55378e-08
234.34	6.47014e-08
234.36	6.38773e-08
234.38	6.30654e-08
234.4	6.22655e-08
234.42	6.14773e-08
234.44	6.07007e-08
234.46	5.99355e-08
234.48	5.91815e-08
234.5	5.84386e-08
234.52	5.77065e-08
234.54	5.69852e-08
234.56	5.62743e-08
234.58	5.55738e-08
234.6	5.48836e-08
234.62	5.42033e-08
234.64	5.3533e-08
234.66	5.28723e-08
234.68	5.22212e-08
234.7	5.15796e-08
234.72	5.09472e-08
234.74	5.0324e-08
234.76	4.97097e-08
234.78	4.91043e-08
234.8	4.85076e-08
234.82	4.79195e-08
234.84	4.73398e-08
234.86	4.67684e-08
234.88	4.62052e-08
234.9	4.56501e-08
234.92	4.51029e-08
234.94	4.45635e-08
234.96	4.40317e-08
234.98	4.35076e-08
235	4.29908e-08
235.02	4.24815e-08
235.04	4.19793e-08
235.06	4.14842e-08
235.08	4.09962e-08
235.1	4.0515e-08
235.12	4.00407e-08
235.14	3.9573e-08
235.16	3.91119e-08
235.18	3.86573e-08
235.2	3.8209e-08
235.22	3.77671e-08
235.24	3.73313e-08
235.26	3.69016e-08
235.28	3.64779e-08
235.3	3.60602e-08
235.32	3.56482e-08
235.34	3.5242e-08
235.36	3.48415e-08
235.38	3.44464e-08
235.4	3.40569e-08
235.42	3.36728e-08
235.44	3.3294e-08
235.46	3.29204e-08
235.48	3.25519e-08
235.5	3.21886e-08
235.52	3.18302e-08
235.54	3.14768e-08
235.56	3.11282e-08
235.58	3.07844e-08
235.6	3.04453e-08
235.62	3.01109e-08
235.64	2.9781e-08
235.66	2.94556e-08
235.68	2.91346e-08
235.7	2.8818e-08
235.72	2.85057e-08
235.74	2.81977e-08
235.76	2.78938e-08
235.78	2.75941e-08
235.8	2.72984e-08
235.82	2.70066e-08
235.84	2.67189e-08
235.86	2.6435e-08
235.88	2.61549e-08
235.9	2.58786e-08
235.92	2.5606e-08
235.94	2.5337e-08
235.96	2.50717e-08
235.98	2.48099e-08
236	2.45516e-08
236.02	2.42967e-08
236.04	2.40452e-08
236.06	2.37971e-08
236.08	2.35523e-08
236.1	2.33107e-08
236.12	2.30723e-08
236.14	2.28371e-08
236.16	2.2605e-08
236.18	2.2376e-08
236.2	2.215e-08
236.22	2.19269e-08
236.24	2.17068e-08
236.26	2.14896e-08
236.28	2.12752e-08
236.3	2.10637e-08
236.32	2.08549e-08
236.34	2.06489e-08
236.36	2.04455e-08
236.38	2.02448e-08
236.4	2.00467e-08
236.42	1.98512e-08
236.44	1.96582e-08
236.46	1.94678e-08
236.48	1.92798e-08
236.5	1.90942e-08
236.52	1.89111e-08
236.54	1.87303e-08
236.56	1.85518e-08
236.58	1.83757e-08
236.6	1.82018e-08
236.62	1.80301e-08
236.64	1.78607e-08
236.66	1.76934e-08
236.68	1.75283e-08
236.7	1.73653e-08
236.72	1.72043e-08
236.74	1.70455e-08
236.76	1.68886e-08
236.78	1.67338e-08
236.8	1.65809e-08
236.82	1.643e-08
236.84	1.6281e-08
236.86	1.61339e-08
236.88	1.59886e-08
236.9	1.58452e-08
236.92	1.57036e-08
236.94	1.55638e-08
236.96	1.54257e-08
236.98	1.52894e-08
237	1.51548e-08
237.02	1.50219e-08
237.04	1.48907e-08
237.06	1.47611e-08
237.08	1.46332e-08
237.1	1.45068e-08
237.12	1.4382e-08
237.14	1.42588e-08
237.16	1.41372e-08
237.18	1.4017e-08
237.2	1.38984e-08
237.22	1.37812e-08
237.24	1.36655e-08
237.26	1.35512e-08
237.28	1.34383e-08
237.3	1.33269e-08
237.32	1.32168e-08
237.34	1.31081e-08
237.36	1.30007e-08
237.38	1.28947e-08
237.4	1.27899e-08
237.42	1.26865e-08
237.44	1.25843e-08
237.46	1.24834e-08
237.48	1.23838e-08
237.5	1.22853e-08
237.52	1.21881e-08
237.54	1.20921e-08
237.56	1.19972e-08
237.58	1.19036e-08
237.6	1.1811e-08
237.62	1.17196e-08
237.64	1.16293e-08
237.66	1.15402e-08
237.68	1.14521e-08
237.7	1.13651e-08
237.72	1.12791e-08
237.74	1.11942e-08
237.76	1.11104e-08
237.78	1.10275e-08
237.8	1.09457e-08
237.82	1.08648e-08
237.84	1.0785e-08
237.86	1.07061e-08
237.88	1.06282e-08
237.9	1.05512e-08
237.92	1.04752e-08
237.94	1.04001e-08
237.96	1.03259e-08
237.98	1.02526e-08
238	1.01802e-08
238.02	1.01086e-08
238.04	1.0038e-08
238.06	9.96814e-09
238.08	9.89918e-09
238.1	9.83105e-09
238.12	9.76375e-09
238.14	9.69727e-09
238.16	9.63159e-09
238.18	9.5667e-09
238.2	9.50261e-09
238.22	9.43929e-09
238.24	9.37673e-09
238.26	9.31494e-09
238.28	9.25389e-09
238.3	9.19358e-09
238.32	9.13401e-09
238.34	9.07515e-09
238.36	9.01701e-09
238.38	8.95958e-09
238.4	8.90284e-09
238.42	8.84679e-09
238.44	8.79142e-09
238.46	8.73673e-09
238.48	8.6827e-09
238.5	8.62933e-09
238.52	8.5766e-09
238.54	8.52452e-09
238.56	8.47307e-09
238.58	8.42225e-09
238.6	8.37205e-09
238.62	8.32247e-09
238.64	8.27349e-09
238.66	8.22511e-09
238.68	8.17732e-09
238.7	8.13011e-09
238.72	8.08349e-09
238.74	8.03744e-09
238.76	7.99195e-09
238.78	7.94703e-09
238.8	7.90266e-09
238.82	7.85883e-09
238.84	7.81555e-09
238.86	7.7728e-09
238.88	7.73059e-09
238.9	7.6889e-09
238.92	7.64772e-09
238.94	7.60706e-09
238.96	7.56691e-09
238.98	7.52726e-09
239	7.48811e-09
239.02	7.44945e-09
239.04	7.41127e-09
239.06	7.37358e-09
239.08	7.33636e-09
239.1	7.29962e-09
239.12	7.26334e-09
239.14	7.22752e-09
239.16	7.19216e-09
239.18	7.15725e-09
239.2	7.12279e-09
239.22	7.08877e-09
239.24	7.0552e-09
239.26	7.02205e-09
239.28	6.98934e-09
239.3	6.95705e-09
239.32	6.92519e-09
239.34	6.89374e-09
239.36	6.86271e-09
239.38	6.83209e-09
239.4	6.80187e-09
239.42	6.77206e-09
239.44	6.74264e-09
239.46	6.71362e-09
239.48	6.68499e-09
239.5	6.65675e-09
239.52	6.62889e-09
239.54	6.60142e-09
239.56	6.57432e-09
239.58	6.54759e-09
239.6	6.52124e-09
239.62	6.49525e-09
239.64	6.46962e-09
239.66	6.44436e-09
239.68	6.41946e-09
239.7	6.39491e-09
239.72	6.37071e-09
239.74	6.34686e-09
239.76	6.32336e-09
239.78	6.3002e-09
239.8	6.27738e-09
239.82	6.2549e-09
239.84	6.23275e-09
239.86	6.21094e-09
239.88	6.18946e-09
239.9	6.1683e-09
239.92	6.14747e-09
239.94	6.12696e-09
239.96	6.10678e-09
239.98	6.08691e-09
240	6.06736e-09
240.02	6.04812e-09
240.04	6.02919e-09
240.06	6.01057e-09
240.08	5.99226e-09
240.1	5.97425e-09
240.12	5.95655e-09
240.14	5.93915e-09
240.16	5.92205e-09
240.18	5.90524e-09
240.2	5.88873e-09
240.22	5.87252e-09
240.24	5.85659e-09
240.26	5.84096e-09
240.28	5.82562e-09
240.3	5.81056e-09
240.32	5.79579e-09
240.34	5.7813e-09
240.36	5.7671e-09
240.38	5.75318e-09
240.4	5.73954e-09
240.42	5.72617e-09
240.44	5.71309e-09
240.46	5.70027e-09
240.48	5.68774e-09
240.5	5.67548e-09
240.52	5.66349e-09
240.54	5.65177e-09
240.56	5.64032e-09
240.58	5.62915e-09
240.6	5.61824e-09
240.62	5.60759e-09
240.64	5.59722e-09
240.66	5.58711e-09
240.68	5.57727e-09
240.7	5.56768e-09
240.72	5.55837e-09
240.74	5.54931e-09
240.76	5.54052e-09
240.78	5.53199e-09
240.8	5.52373e-09
240.82	5.51572e-09
240.84	5.50797e-09
240.86	5.50048e-09
240.88	5.49325e-09
240.9	5.48628e-09
240.92	5.47957e-09
240.94	5.47312e-09
240.96	5.46693e-09
240.98	5.46099e-09
241	5.45532e-09
241.02	5.4499e-09
241.04	5.44474e-09
241.06	5.43983e-09
241.08	5.43519e-09
241.1	5.4308e-09
241.12	5.42668e-09
241.14	5.42281e-09
241.16	5.4192e-09
241.18	5.41585e-09
241.2	5.41276e-09
241.22	5.40993e-09
241.24	5.40736e-09
241.26	5.40505e-09
241.28	5.403e-09
241.3	5.40122e-09
241.32	5.3997e-09
241.34	5.39844e-09
241.36	5.39745e-09
241.38	5.39673e-09
241.4	5.39627e-09
241.42	5.39608e-09
241.44	5.39615e-09
241.46	5.3965e-09
241.48	5.39712e-09
241.5	5.39801e-09
241.52	5.39917e-09
241.54	5.40061e-09
241.56	5.40232e-09
241.58	5.40431e-09
241.6	5.40659e-09
241.62	5.40914e-09
241.64	5.41197e-09
241.66	5.41509e-09
241.68	5.4185e-09
241.7	5.42219e-09
241.72	5.42618e-09
241.74	5.43046e-09
241.76	5.43503e-09
241.78	5.4399e-09
241.8	5.44506e-09
241.82	5.45054e-09
241.84	5.45631e-09
241.86	5.46239e-09
241.88	5.46878e-09
241.9	5.47549e-09
241.92	5.48251e-09
241.94	5.48985e-09
241.96	5.49751e-09
241.98	5.50549e-09
242	5.51381e-09
242.02	5.52246e-09
242.04	5.53144e-09
242.06	5.54076e-09
242.08	5.55043e-09
242.1	5.56044e-09
242.12	5.57081e-09
242.14	5.58153e-09
242.16	5.59262e-09
242.18	5.60407e-09
242.2	5.61589e-09
242.22	5.62808e-09
242.24	5.64066e-09
242.26	5.65362e-09
242.28	5.66697e-09
242.3	5.68072e-09
242.32	5.69487e-09
242.34	5.70944e-09
242.36	5.72442e-09
242.38	5.73982e-09
242.4	5.75565e-09
242.42	5.77192e-09
242.44	5.78863e-09
242.46	5.80579e-09
242.48	5.82342e-09
242.5	5.84151e-09
242.52	5.86007e-09
242.54	5.87913e-09
242.56	5.89867e-09
242.58	5.91872e-09
242.6	5.93929e-09
242.62	5.96038e-09
242.64	5.982e-09
242.66	6.00417e-09
242.68	6.0269e-09
242.7	6.0502e-09
242.72	6.07408e-09
242.74	6.09856e-09
242.76	6.12365e-09
242.78	6.14936e-09
242.8	6.17571e-09
242.82	6.20272e-09
242.84	6.2304e-09
242.86	6.25877e-09
242.88	6.28784e-09
242.9	6.31764e-09
242.92	6.34818e-09
242.94	6.3795e-09
242.96	6.41159e-09
242.98	6.4445e-09
243	6.47825e-09
243.02	6.51285e-09
243.04	6.54834e-09
243.06	6.58475e-09
243.08	6.62211e-09
243.1	6.66044e-09
243.12	6.69978e-09
243.14	6.74018e-09
243.16	6.78165e-09
243.18	6.82426e-09
243.2	6.86803e-09
243.22	6.91302e-09
243.24	6.95928e-09
243.26	7.00686e-09
243.28	7.05581e-09
243.3	7.10621e-09
243.32	7.15812e-09
243.34	7.21161e-09
243.36	7.26676e-09
243.38	7.32366e-09
243.4	7.38242e-09
243.42	7.44312e-09
243.44	7.5059e-09
243.46	7.57088e-09
243.48	7.63822e-09
243.5	7.70808e-09
243.52	7.78065e-09
243.54	7.85616e-09
243.56	7.93485e-09
243.58	8.01703e-09
243.6	8.10304e-09
243.62	8.19333e-09
243.64	8.28841e-09
243.66	8.38896e-09
243.68	8.49584e-09
243.7	8.6102e-09
243.72	8.73369e-09
243.74	8.86875e-09
243.76	9.01936e-09
243.78	9.19284e-09
243.8	9.40518e-09
243.82	9.70043e-09
243.84	1.02477e-08
243.86	1.18108e-08
243.88	1.62786e-08
243.9	2.81193e-08
243.92	6.03123e-08
243.94	1.44415e-07
243.96	3.43595e-07
243.98	7.80756e-07
244	1.69308e-06
244.02	3.48124e-06
244.04	6.69275e-06
244.06	1.18939e-05
244.08	1.94234e-05
244.1	2.92211e-05
244.12	4.09308e-05
244.14	5.41003e-05
244.16	6.8289e-05
244.18	8.31053e-05
244.2	9.82193e-05
244.22	0.000113369
244.24	0.000128354
244.26	0.00014303
244.28	0.000157291
244.3	0.000171068
244.32	0.000184313
244.34	0.000196999
244.36	0.000209111
244.38	0.000220643
244.4	0.000231599
244.42	0.000241988
244.44	0.00025182
244.46	0.000261111
244.48	0.000269876
244.5	0.000278133
244.52	0.000285899
244.54	0.00029319
244.56	0.000300026
244.58	0.000306423
244.6	0.000312397
244.62	0.000317966
244.64	0.000323144
244.66	0.000327948
244.68	0.000332392
244.7	0.000336491
244.72	0.000340258
244.74	0.000343706
244.76	0.000346849
244.78	0.000349699
244.8	0.000352267
244.82	0.000354566
244.84	0.000356605
244.86	0.000358397
244.88	0.000359951
244.9	0.000361276
244.92	0.000362383
244.94	0.00036328
244.96	0.000363977
244.98	0.000364481
245	0.000364801
245.02	0.000364944
245.04	0.000364918
245.06	0.000364731
245.08	0.000364388
245.1	0.000363897
245.12	0.000363265
245.14	0.000362496
245.16	0.000361598
245.18	0.000360575
245.2	0.000359434
245.22	0.000358179
245.24	0.000356816
245.26	0.000355349
245.28	0.000353783
245.3	0.000352123
245.32	0.000350373
245.34	0.000348536
245.36	0.000346618
245.38	0.000344622
245.4	0.000342551
245.42	0.00034041
245.44	0.000338201
245.46	0.000335929
245.48	0.000333596
245.5	0.000331206
245.52	0.000328761
245.54	0.000326265
245.56	0.00032372
245.58	0.00032113
245.6	0.000318496
245.62	0.000315822
245.64	0.00031311
245.66	0.000310363
245.68	0.000307582
245.7	0.000304771
245.72	0.000301931
245.74	0.000299065
245.76	0.000296174
245.78	0.000293261
245.8	0.000290328
245.82	0.000287377
245.84	0.000284409
245.86	0.000281427
245.88	0.000278432
245.9	0.000275426
245.92	0.00027241
245.94	0.000269387
245.96	0.000266358
245.98	0.000263324
246	0.000260287
246.02	0.000257248
246.04	0.000254209
246.06	0.000251172
246.08	0.000248136
246.1	0.000245104
246.12	0.000242078
246.14	0.000239057
246.16	0.000236044
246.18	0.000233039
246.2	0.000230043
246.22	0.000227058
246.24	0.000224084
246.26	0.000221123
246.28	0.000218175
246.3	0.000215242
246.32	0.000212323
246.34	0.000209421
246.36	0.000206535
246.38	0.000203667
246.4	0.000200816
246.42	0.000197985
246.44	0.000195173
246.46	0.000192381
246.48	0.000189609
246.5	0.000186859
246.52	0.000184131
246.54	0.000181425
246.56	0.000178741
246.58	0.000176081
246.6	0.000173444
246.62	0.000170831
246.64	0.000168242
246.66	0.000165678
246.68	0.000163139
246.7	0.000160625
246.72	0.000158136
246.74	0.000155673
246.76	0.000153236
246.78	0.000150825
246.8	0.00014844
246.82	0.000146082
246.84	0.00014375
246.86	0.000141445
246.88	0.000139166
246.9	0.000136914
246.92	0.000134689
246.94	0.000132491
246.96	0.00013032
246.98	0.000128176
247	0.000126059
247.02	0.000123968
247.04	0.000121905
247.06	0.000119868
247.08	0.000117858
247.1	0.000115875
247.12	0.000113918
247.14	0.000111988
247.16	0.000110084
247.18	0.000108206
247.2	0.000106355
247.22	0.000104529
247.24	0.00010273
247.26	0.000100956
247.28	9.92076e-05
247.3	9.74847e-05
247.32	9.5787e-05
247.34	9.41143e-05
247.36	9.24665e-05
247.38	9.08434e-05
247.4	8.92447e-05
247.42	8.76702e-05
247.44	8.61198e-05
247.46	8.45932e-05
247.48	8.30902e-05
247.5	8.16106e-05
247.52	8.01541e-05
247.54	7.87206e-05
247.56	7.73097e-05
247.58	7.59213e-05
247.6	7.45552e-05
247.62	7.3211e-05
247.64	7.18885e-05
247.66	7.05875e-05
247.68	6.93078e-05
247.7	6.80491e-05
247.72	6.68111e-05
247.74	6.55937e-05
247.76	6.43965e-05
247.78	6.32193e-05
247.8	6.20618e-05
247.82	6.09239e-05
247.84	5.98052e-05
247.86	5.87055e-05
247.88	5.76245e-05
247.9	5.6562e-05
247.92	5.55178e-05
247.94	5.44916e-05
247.96	5.34831e-05
247.98	5.24922e-05
248	5.15185e-05
248.02	5.05618e-05
248.04	4.96218e-05
248.06	4.86984e-05
248.08	4.77913e-05
248.1	4.69002e-05
248.12	4.60249e-05
248.14	4.51652e-05
248.16	4.43208e-05
248.18	4.34915e-05
248.2	4.26771e-05
248.22	4.18773e-05
248.24	4.10919e-05
248.26	4.03207e-05
248.28	3.95635e-05
248.3	3.882e-05
248.32	3.809e-05
248.34	3.73733e-05
248.36	3.66697e-05
248.38	3.5979e-05
248.4	3.53009e-05
248.42	3.46353e-05
248.44	3.3982e-05
248.46	3.33407e-05
248.48	3.27113e-05
248.5	3.20934e-05
248.52	3.14871e-05
248.54	3.0892e-05
248.56	3.0308e-05
248.58	2.97348e-05
248.6	2.91724e-05
248.62	2.86204e-05
248.64	2.80788e-05
248.66	2.75474e-05
248.68	2.70259e-05
248.7	2.65142e-05
248.72	2.60121e-05
248.74	2.55195e-05
248.76	2.50361e-05
248.78	2.45619e-05
248.8	2.40967e-05
248.82	2.36402e-05
248.84	2.31924e-05
248.86	2.27531e-05
248.88	2.23221e-05
248.9	2.18993e-05
248.92	2.14845e-05
248.94	2.10777e-05
248.96	2.06785e-05
248.98	2.0287e-05
249	1.9903e-05
249.02	1.95262e-05
249.04	1.91567e-05
249.06	1.87942e-05
249.08	1.84387e-05
249.1	1.809e-05
249.12	1.77479e-05
249.14	1.74124e-05
249.16	1.70833e-05
249.18	1.67605e-05
249.2	1.6444e-05
249.22	1.61334e-05
249.24	1.58289e-05
249.26	1.55302e-05
249.28	1.52373e-05
249.3	1.49499e-05
249.32	1.46681e-05
249.34	1.43918e-05
249.36	1.41207e-05
249.38	1.38548e-05
249.4	1.35941e-05
249.42	1.33384e-05
249.44	1.30876e-05
249.46	1.28416e-05
249.48	1.26004e-05
249.5	1.23638e-05
249.52	1.21318e-05
249.54	1.19043e-05
249.56	1.16811e-05
249.58	1.14622e-05
249.6	1.12475e-05
249.62	1.1037e-05
249.64	1.08306e-05
249.66	1.06281e-05
249.68	1.04295e-05
249.7	1.02347e-05
249.72	1.00437e-05
249.74	9.85636e-06
249.76	9.67262e-06
249.78	9.49243e-06
249.8	9.3157e-06
249.82	9.14237e-06
249.84	8.97238e-06
249.86	8.80565e-06
249.88	8.64214e-06
249.9	8.48176e-06
249.92	8.32447e-06
249.94	8.1702e-06
249.96	8.01889e-06
249.98	7.87049e-06
250	7.72493e-06
250.02	7.58217e-06
250.04	7.44215e-06
250.06	7.30481e-06
250.08	7.1701e-06
250.1	7.03798e-06
250.12	6.90838e-06
250.14	6.78127e-06
250.16	6.65659e-06
250.18	6.53429e-06
250.2	6.41433e-06
250.22	6.29667e-06
250.24	6.18125e-06
250.26	6.06804e-06
250.28	5.95698e-06
250.3	5.84805e-06
250.32	5.74119e-06
250.34	5.63637e-06
250.36	5.53354e-06
250.38	5.43268e-06
250.4	5.33373e-06
250.42	5.23666e-06
250.44	5.14144e-06
250.46	5.04802e-06
250.48	4.95638e-06
250.5	4.86648e-06
250.52	4.77828e-06
250.54	4.69175e-06
250.56	4.60686e-06
250.58	4.52358e-06
250.6	4.44187e-06
250.62	4.36171e-06
250.64	4.28306e-06
250.66	4.2059e-06
250.68	4.13019e-06
250.7	4.05591e-06
250.72	3.98303e-06
250.74	3.91152e-06
250.76	3.84136e-06
250.78	3.77252e-06
250.8	3.70497e-06
250.82	3.63868e-06
250.84	3.57365e-06
250.86	3.50983e-06
250.88	3.4472e-06
250.9	3.38575e-06
250.92	3.32545e-06
250.94	3.26628e-06
250.96	3.20821e-06
250.98	3.15123e-06
251	3.09531e-06
251.02	3.04043e-06
251.04	2.98658e-06
251.06	2.93373e-06
251.08	2.88186e-06
251.1	2.83095e-06
251.12	2.78099e-06
251.14	2.73196e-06
251.16	2.68383e-06
251.18	2.6366e-06
251.2	2.59024e-06
251.22	2.54474e-06
251.24	2.50008e-06
251.26	2.45625e-06
251.28	2.41322e-06
251.3	2.37099e-06
251.32	2.32954e-06
251.34	2.28885e-06
251.36	2.2489e-06
251.38	2.2097e-06
251.4	2.17121e-06
251.42	2.13343e-06
251.44	2.09634e-06
251.46	2.05993e-06
251.48	2.02419e-06
251.5	1.98911e-06
251.52	1.95466e-06
251.54	1.92084e-06
251.56	1.88765e-06
251.58	1.85505e-06
251.6	1.82305e-06
251.62	1.79164e-06
251.64	1.76079e-06
251.66	1.73051e-06
251.68	1.70077e-06
251.7	1.67158e-06
251.72	1.64291e-06
251.74	1.61477e-06
251.76	1.58713e-06
251.78	1.56e-06
251.8	1.53335e-06
251.82	1.50719e-06
251.84	1.4815e-06
251.86	1.45627e-06
251.88	1.43149e-06
251.9	1.40717e-06
251.92	1.38328e-06
251.94	1.35981e-06
251.96	1.33677e-06
251.98	1.31415e-06
252	1.29193e-06
252.02	1.27011e-06
252.04	1.24867e-06
252.06	1.22762e-06
252.08	1.20695e-06
252.1	1.18665e-06
252.12	1.16671e-06
252.14	1.14712e-06
252.16	1.12788e-06
252.18	1.10899e-06
252.2	1.09043e-06
252.22	1.0722e-06
252.24	1.05429e-06
252.26	1.03671e-06
252.28	1.01943e-06
252.3	1.00246e-06
252.32	9.85787e-07
252.34	9.69411e-07
252.36	9.53324e-07
252.38	9.37521e-07
252.4	9.21996e-07
252.42	9.06745e-07
252.44	8.91762e-07
252.46	8.77042e-07
252.48	8.62581e-07
252.5	8.48374e-07
252.52	8.34416e-07
252.54	8.20703e-07
252.56	8.07229e-07
252.58	7.93992e-07
252.6	7.80985e-07
252.62	7.68206e-07
252.64	7.55649e-07
252.66	7.43312e-07
252.68	7.31189e-07
252.7	7.19278e-07
252.72	7.07573e-07
252.74	6.96071e-07
252.76	6.8477e-07
252.78	6.73664e-07
252.8	6.6275e-07
252.82	6.52026e-07
252.84	6.41487e-07
252.86	6.3113e-07
252.88	6.20952e-07
252.9	6.10949e-07
252.92	6.01119e-07
252.94	5.91458e-07
252.96	5.81963e-07
252.98	5.72631e-07
253	5.6346e-07
253.02	5.54446e-07
253.04	5.45586e-07
253.06	5.36879e-07
253.08	5.2832e-07
253.1	5.19907e-07
253.12	5.11639e-07
253.14	5.03511e-07
253.16	4.95522e-07
253.18	4.87669e-07
253.2	4.79949e-07
253.22	4.72361e-07
253.24	4.64902e-07
253.26	4.5757e-07
253.28	4.50361e-07
253.3	4.43275e-07
253.32	4.36309e-07
253.34	4.29461e-07
253.36	4.22728e-07
253.38	4.16109e-07
253.4	4.09602e-07
253.42	4.03204e-07
253.44	3.96914e-07
253.46	3.9073e-07
253.48	3.8465e-07
253.5	3.78672e-07
253.52	3.72794e-07
253.54	3.67015e-07
253.56	3.61332e-07
253.58	3.55745e-07
253.6	3.5025e-07
253.62	3.44848e-07
253.64	3.39536e-07
253.66	3.34312e-07
253.68	3.29175e-07
253.7	3.24124e-07
253.72	3.19157e-07
253.74	3.14272e-07
253.76	3.09468e-07
253.78	3.04744e-07
253.8	3.00098e-07
253.82	2.95528e-07
253.84	2.91035e-07
253.86	2.86615e-07
253.88	2.82269e-07
253.9	2.77994e-07
253.92	2.7379e-07
253.94	2.69654e-07
253.96	2.65587e-07
253.98	2.61586e-07
254	2.57651e-07
254.02	2.53781e-07
254.04	2.49974e-07
254.06	2.46229e-07
254.08	2.42545e-07
254.1	2.38922e-07
254.12	2.35358e-07
254.14	2.31851e-07
254.16	2.28402e-07
254.18	2.25009e-07
254.2	2.21671e-07
254.22	2.18388e-07
254.24	2.15157e-07
254.26	2.11979e-07
254.28	2.08852e-07
254.3	2.05776e-07
254.32	2.0275e-07
254.34	1.99772e-07
254.36	1.96843e-07
254.38	1.9396e-07
254.4	1.91125e-07
254.42	1.88334e-07
254.44	1.85589e-07
254.46	1.82887e-07
254.48	1.80229e-07
254.5	1.77613e-07
254.52	1.75039e-07
254.54	1.72507e-07
254.56	1.70015e-07
254.58	1.67562e-07
254.6	1.65149e-07
254.62	1.62774e-07
254.64	1.60436e-07
254.66	1.58136e-07
254.68	1.55872e-07
254.7	1.53645e-07
254.72	1.51452e-07
254.74	1.49294e-07
254.76	1.47171e-07
254.78	1.4508e-07
254.8	1.43023e-07
254.82	1.40998e-07
254.84	1.39005e-07
254.86	1.37044e-07
254.88	1.35113e-07
254.9	1.33212e-07
254.92	1.31342e-07
254.94	1.295e-07
254.96	1.27688e-07
254.98	1.25903e-07
255	1.24147e-07
255.02	1.22418e-07
255.04	1.20715e-07
255.06	1.1904e-07
255.08	1.1739e-07
255.1	1.15766e-07
255.12	1.14167e-07
255.14	1.12593e-07
255.16	1.11043e-07
255.18	1.09518e-07
255.2	1.08015e-07
255.22	1.06536e-07
255.24	1.0508e-07
255.26	1.03646e-07
255.28	1.02234e-07
255.3	1.00844e-07
255.32	9.94755e-08
255.34	9.81277e-08
255.36	9.68006e-08
255.38	9.54937e-08
255.4	9.42068e-08
255.42	9.29395e-08
255.44	9.16915e-08
255.46	9.04625e-08
255.48	8.92522e-08
255.5	8.80603e-08
255.52	8.68865e-08
255.54	8.57305e-08
255.56	8.45919e-08
255.58	8.34706e-08
255.6	8.23662e-08
255.62	8.12785e-08
255.64	8.02071e-08
255.66	7.91519e-08
255.68	7.81126e-08
255.7	7.70888e-08
255.72	7.60804e-08
255.74	7.50871e-08
255.76	7.41087e-08
255.78	7.31449e-08
255.8	7.21955e-08
255.82	7.12602e-08
255.84	7.03389e-08
255.86	6.94313e-08
255.88	6.85372e-08
255.9	6.76563e-08
255.92	6.67885e-08
255.94	6.59336e-08
255.96	6.50913e-08
255.98	6.42614e-08
256	6.34438e-08
256.02	6.26383e-08
256.04	6.18446e-08
256.06	6.10625e-08
256.08	6.0292e-08
256.1	5.95327e-08
256.12	5.87846e-08
256.14	5.80475e-08
256.16	5.73211e-08
256.18	5.66053e-08
256.2	5.58999e-08
256.22	5.52049e-08
256.24	5.45199e-08
256.26	5.38449e-08
256.28	5.31797e-08
256.3	5.25241e-08
256.32	5.1878e-08
256.34	5.12413e-08
256.36	5.06138e-08
256.38	4.99953e-08
256.4	4.93857e-08
256.42	4.87849e-08
256.44	4.81927e-08
256.46	4.76091e-08
256.48	4.70338e-08
256.5	4.64667e-08
256.52	4.59078e-08
256.54	4.53568e-08
256.56	4.48137e-08
256.58	4.42784e-08
256.6	4.37507e-08
256.62	4.32304e-08
256.64	4.27176e-08
256.66	4.2212e-08
256.68	4.17136e-08
256.7	4.12222e-08
256.72	4.07378e-08
256.74	4.02603e-08
256.76	3.97894e-08
256.78	3.93252e-08
256.8	3.88675e-08
256.82	3.84163e-08
256.84	3.79713e-08
256.86	3.75326e-08
256.88	3.71001e-08
256.9	3.66736e-08
256.92	3.6253e-08
256.94	3.58383e-08
256.96	3.54294e-08
256.98	3.50261e-08
257	3.46285e-08
257.02	3.42364e-08
257.04	3.38497e-08
257.06	3.34684e-08
257.08	3.30923e-08
257.1	3.27214e-08
257.12	3.23556e-08
257.14	3.19949e-08
257.16	3.16391e-08
257.18	3.12883e-08
257.2	3.09422e-08
257.22	3.06009e-08
257.24	3.02642e-08
257.26	2.99321e-08
257.28	2.96046e-08
257.3	2.92816e-08
257.32	2.89629e-08
257.34	2.86486e-08
257.36	2.83385e-08
257.38	2.80326e-08
257.4	2.77309e-08
257.42	2.74333e-08
257.44	2.71397e-08
257.46	2.685e-08
257.48	2.65643e-08
257.5	2.62824e-08
257.52	2.60043e-08
257.54	2.57299e-08
257.56	2.54592e-08
257.58	2.51921e-08
257.6	2.49287e-08
257.62	2.46687e-08
257.64	2.44122e-08
257.66	2.41591e-08
257.68	2.39094e-08
257.7	2.3663e-08
257.72	2.34199e-08
257.74	2.318e-08
257.76	2.29432e-08
257.78	2.27096e-08
257.8	2.24791e-08
257.82	2.22517e-08
257.84	2.20272e-08
257.86	2.18057e-08
257.88	2.15871e-08
257.9	2.13714e-08
257.92	2.11585e-08
257.94	2.09484e-08
257.96	2.0741e-08
257.98	2.05364e-08
258	2.03344e-08
258.02	2.01351e-08
258.04	1.99383e-08
258.06	1.97441e-08
258.08	1.95525e-08
258.1	1.93633e-08
258.12	1.91766e-08
258.14	1.89922e-08
258.16	1.88103e-08
258.18	1.86307e-08
258.2	1.84535e-08
258.22	1.82785e-08
258.24	1.81058e-08
258.26	1.79353e-08
258.28	1.77669e-08
258.3	1.76008e-08
258.32	1.74368e-08
258.34	1.72748e-08
258.36	1.7115e-08
258.38	1.69571e-08
258.4	1.68013e-08
258.42	1.66475e-08
258.44	1.64956e-08
258.46	1.63457e-08
258.48	1.61977e-08
258.5	1.60515e-08
258.52	1.59072e-08
258.54	1.57647e-08
258.56	1.56241e-08
258.58	1.54852e-08
258.6	1.5348e-08
258.62	1.52126e-08
258.64	1.50789e-08
258.66	1.49468e-08
258.68	1.48164e-08
258.7	1.46877e-08
258.72	1.45606e-08
258.74	1.4435e-08
258.76	1.43111e-08
258.78	1.41886e-08
258.8	1.40677e-08
258.82	1.39484e-08
258.84	1.38305e-08
258.86	1.3714e-08
258.88	1.35991e-08
258.9	1.34855e-08
258.92	1.33734e-08
258.94	1.32626e-08
258.96	1.31532e-08
258.98	1.30452e-08
259	1.29385e-08
259.02	1.28331e-08
259.04	1.27291e-08
259.06	1.26263e-08
259.08	1.25248e-08
259.1	1.24245e-08
259.12	1.23255e-08
259.14	1.22276e-08
259.16	1.2131e-08
259.18	1.20356e-08
259.2	1.19413e-08
259.22	1.18482e-08
259.24	1.17563e-08
259.26	1.16654e-08
259.28	1.15757e-08
259.3	1.14871e-08
259.32	1.13995e-08
259.34	1.13131e-08
259.36	1.12277e-08
259.38	1.11433e-08
259.4	1.10599e-08
259.42	1.09776e-08
259.44	1.08963e-08
259.46	1.08159e-08
259.48	1.07366e-08
259.5	1.06582e-08
259.52	1.05807e-08
259.54	1.05042e-08
259.56	1.04286e-08
259.58	1.0354e-08
259.6	1.02802e-08
259.62	1.02074e-08
259.64	1.01354e-08
259.66	1.00643e-08
259.68	9.99403e-09
259.7	9.92464e-09
259.72	9.85609e-09
259.74	9.78838e-09
259.76	9.72148e-09
259.78	9.65539e-09
259.8	9.5901e-09
259.82	9.5256e-09
259.84	9.46189e-09
259.86	9.39894e-09
259.88	9.33676e-09
259.9	9.27533e-09
259.92	9.21464e-09
259.94	9.15469e-09
259.96	9.09547e-09
259.98	9.03696e-09
260	8.97916e-09
260.02	8.92207e-09
260.04	8.86566e-09
260.06	8.80994e-09
260.08	8.7549e-09
260.1	8.70052e-09
260.12	8.64681e-09
260.14	8.59375e-09
260.16	8.54133e-09
260.18	8.48955e-09
260.2	8.4384e-09
260.22	8.38788e-09
260.24	8.33797e-09
260.26	8.28867e-09
260.28	8.23997e-09
260.3	8.19187e-09
260.32	8.14435e-09
260.34	8.09742e-09
260.36	8.05106e-09
260.38	8.00528e-09
260.4	7.96005e-09
260.42	7.91538e-09
260.44	7.87127e-09
260.46	7.82769e-09
260.48	7.78466e-09
260.5	7.74216e-09
260.52	7.70018e-09
260.54	7.65873e-09
260.56	7.61779e-09
260.58	7.57736e-09
260.6	7.53743e-09
260.62	7.49801e-09
260.64	7.45907e-09
260.66	7.42063e-09
260.68	7.38267e-09
260.7	7.34519e-09
260.72	7.30818e-09
260.74	7.27164e-09
260.76	7.23556e-09
260.78	7.19995e-09
260.8	7.16478e-09
260.82	7.13007e-09
260.84	7.0958e-09
260.86	7.06197e-09
260.88	7.02858e-09
260.9	6.99562e-09
260.92	6.96309e-09
260.94	6.93099e-09
260.96	6.8993e-09
260.98	6.86803e-09
261	6.83717e-09
261.02	6.80671e-09
261.04	6.77666e-09
261.06	6.74701e-09
261.08	6.71776e-09
261.1	6.6889e-09
261.12	6.66042e-09
261.14	6.63234e-09
261.16	6.60463e-09
261.18	6.5773e-09
261.2	6.55035e-09
261.22	6.52377e-09
261.24	6.49756e-09
261.26	6.47171e-09
261.28	6.44623e-09
261.3	6.4211e-09
261.32	6.39633e-09
261.34	6.37191e-09
261.36	6.34784e-09
261.38	6.32412e-09
261.4	6.30075e-09
261.42	6.27771e-09
261.44	6.25502e-09
261.46	6.23265e-09
261.48	6.21063e-09
261.5	6.18893e-09
261.52	6.16756e-09
261.54	6.14652e-09
261.56	6.1258e-09
261.58	6.1054e-09
261.6	6.08532e-09
261.62	6.06556e-09
261.64	6.04611e-09
261.66	6.02697e-09
261.68	6.00814e-09
261.7	5.98962e-09
261.72	5.97141e-09
261.74	5.9535e-09
261.76	5.93589e-09
261.78	5.91857e-09
261.8	5.90156e-09
261.82	5.88484e-09
261.84	5.86842e-09
261.86	5.85229e-09
261.88	5.83645e-09
261.9	5.8209e-09
261.92	5.80563e-09
261.94	5.79065e-09
261.96	5.77596e-09
261.98	5.76155e-09
262	5.74741e-09
262.02	5.73356e-09
262.04	5.71999e-09
262.06	5.70669e-09
262.08	5.69367e-09
262.1	5.68093e-09
262.12	5.66845e-09
262.14	5.65625e-09
262.16	5.64432e-09
262.18	5.63266e-09
262.2	5.62127e-09
262.22	5.61015e-09
262.24	5.59929e-09
262.26	5.5887e-09
262.28	5.57838e-09
262.3	5.56832e-09
262.32	5.55852e-09
262.34	5.54899e-09
262.36	5.53971e-09
262.38	5.5307e-09
262.4	5.52195e-09
262.42	5.51346e-09
262.44	5.50523e-09
262.46	5.49726e-09
262.48	5.48955e-09
262.5	5.48209e-09
262.52	5.47489e-09
262.54	5.46795e-09
262.56	5.46127e-09
262.58	5.45485e-09
262.6	5.44868e-09
262.62	5.44277e-09
262.64	5.43711e-09
262.66	5.43172e-09
262.68	5.42658e-09
262.7	5.42169e-09
262.72	5.41706e-09
262.74	5.41269e-09
262.76	5.40858e-09
262.78	5.40472e-09
262.8	5.40112e-09
262.82	5.39778e-09
262.84	5.39469e-09
262.86	5.39187e-09
262.88	5.3893e-09
262.9	5.387e-09
262.92	5.38495e-09
262.94	5.38317e-09
262.96	5.38164e-09
262.98	5.38038e-09
263	5.37938e-09
263.02	5.37865e-09
263.04	5.37818e-09
263.06	5.37798e-09
263.08	5.37804e-09
263.1	5.37837e-09
263.12	5.37897e-09
263.14	5.37984e-09
263.16	5.38099e-09
263.18	5.3824e-09
263.2	5.38409e-09
263.22	5.38606e-09
263.24	5.3883e-09
263.26	5.39082e-09
263.28	5.39363e-09
263.3	5.39671e-09
263.32	5.40008e-09
263.34	5.40374e-09
263.36	5.40768e-09
263.38	5.41192e-09
263.4	5.41645e-09
263.42	5.42127e-09
263.44	5.42639e-09
263.46	5.43181e-09
263.48	5.43753e-09
263.5	5.44356e-09
263.52	5.44989e-09
263.54	5.45653e-09
263.56	5.46349e-09
263.58	5.47077e-09
263.6	5.47836e-09
263.62	5.48628e-09
263.64	5.49452e-09
263.66	5.50309e-09
263.68	5.512e-09
263.7	5.52124e-09
263.72	5.53082e-09
263.74	5.54075e-09
263.76	5.55103e-09
263.78	5.56166e-09
263.8	5.57265e-09
263.82	5.584e-09
263.84	5.59572e-09
263.86	5.60781e-09
263.88	5.62027e-09
263.9	5.63312e-09
263.92	5.64636e-09
263.94	5.65999e-09
263.96	5.67403e-09
263.98	5.68846e-09
264	5.70331e-09
264.02	5.71858e-09
264.04	5.73427e-09
264.06	5.7504e-09
264.08	5.76696e-09
264.1	5.78398e-09
264.12	5.80144e-09
264.14	5.81937e-09
264.16	5.83778e-09
264.18	5.85666e-09
264.2	5.87603e-09
264.22	5.8959e-09
264.24	5.91628e-09
264.26	5.93718e-09
264.28	5.9586e-09
264.3	5.98057e-09
264.32	6.00309e-09
264.34	6.02617e-09
264.36	6.04983e-09
264.38	6.07408e-09
264.4	6.09893e-09
264.42	6.1244e-09
264.44	6.1505e-09
264.46	6.17724e-09
264.48	6.20465e-09
264.5	6.23274e-09
264.52	6.26153e-09
264.54	6.29103e-09
264.56	6.32126e-09
264.58	6.35226e-09
264.6	6.38402e-09
264.62	6.41659e-09
264.64	6.44998e-09
264.66	6.48422e-09
264.68	6.51933e-09
264.7	6.55535e-09
264.72	6.59229e-09
264.74	6.6302e-09
264.76	6.6691e-09
264.78	6.70904e-09
264.8	6.75003e-09
264.82	6.79214e-09
264.84	6.83539e-09
264.86	6.87984e-09
264.88	6.92553e-09
264.9	6.97252e-09
264.92	7.02085e-09
264.94	7.07059e-09
264.96	7.12181e-09
264.98	7.17458e-09
265	7.22897e-09
265.02	7.28507e-09
265.04	7.34297e-09
265.06	7.40277e-09
265.08	7.46459e-09
265.1	7.52855e-09
265.12	7.59479e-09
265.14	7.66347e-09
265.16	7.73477e-09
265.18	7.8089e-09
265.2	7.88609e-09
265.22	7.96662e-09
265.24	8.05082e-09
265.26	8.13907e-09
265.28	8.23187e-09
265.3	8.3298e-09
265.32	8.43363e-09
265.34	8.54437e-09
265.36	8.6634e-09
265.38	8.79275e-09
265.4	8.93557e-09
265.42	9.09729e-09
265.44	9.28882e-09
265.46	9.53707e-09
265.48	9.92845e-09
265.5	1.08858e-08
265.52	1.36763e-08
265.54	2.12194e-08
265.56	4.15113e-08
265.58	9.61381e-08
265.6	2.31657e-07
265.62	5.3813e-07
265.64	1.19244e-06
265.66	2.51681e-06
265.68	4.99884e-06
265.7	9.21976e-06
265.72	1.56538e-05
265.74	2.44261e-05
265.76	3.529e-05
265.78	4.7818e-05
265.8	6.15585e-05
265.82	7.60961e-05
265.84	9.10729e-05
265.86	0.000106197
265.88	0.000121241
265.9	0.000136036
265.92	0.000150462
265.94	0.000164434
265.96	0.000177894
265.98	0.000190807
266	0.000203153
266.02	0.000214922
266.04	0.000226114
266.06	0.000236736
266.08	0.000246797
266.1	0.000256312
266.12	0.000265294
266.14	0.000273762
266.16	0.000281731
266.18	0.00028922
266.2	0.000296245
266.22	0.000302825
266.24	0.000308976
266.26	0.000314714
266.28	0.000320056
266.3	0.000325018
266.32	0.000329613
266.34	0.000333858
266.36	0.000337765
266.38	0.000341349
266.4	0.000344622
266.42	0.000347596
266.44	0.000350285
266.46	0.000352699
266.48	0.00035485
266.5	0.000356749
266.52	0.000358406
266.54	0.00035983
266.56	0.000361032
266.58	0.000362021
266.6	0.000362806
266.62	0.000363395
266.64	0.000363796
266.66	0.000364018
266.68	0.000364067
266.7	0.000363953
266.72	0.00036368
266.74	0.000363256
266.76	0.000362688
266.78	0.000361982
266.8	0.000361144
266.82	0.000360179
266.84	0.000359093
266.86	0.000357891
266.88	0.00035658
266.9	0.000355162
266.92	0.000353644
266.94	0.000352029
266.96	0.000350323
266.98	0.000348529
267	0.000346652
267.02	0.000344694
267.04	0.000342662
267.06	0.000340556
267.08	0.000338383
267.1	0.000336144
267.12	0.000333843
267.14	0.000331484
267.16	0.000329069
267.18	0.000326601
267.2	0.000324084
267.22	0.00032152
267.24	0.000318912
267.26	0.000316262
267.28	0.000313573
267.3	0.000310847
267.32	0.000308088
267.34	0.000305297
267.36	0.000302476
267.38	0.000299628
267.4	0.000296755
267.42	0.000293858
267.44	0.000290941
267.46	0.000288005
267.48	0.000285051
267.5	0.000282082
267.52	0.0002791
267.54	0.000276105
267.56	0.000273101
267.58	0.000270088
267.6	0.000267069
267.62	0.000264044
267.64	0.000261015
267.66	0.000257985
267.68	0.000254953
267.7	0.000251921
267.72	0.000248892
267.74	0.000245866
267.76	0.000242844
267.78	0.000239827
267.8	0.000236818
267.82	0.000233816
267.84	0.000230823
267.86	0.00022784
267.88	0.000224869
267.9	0.000221909
267.92	0.000218962
267.94	0.000216029
267.96	0.000213111
267.98	0.000210208
268	0.000207321
268.02	0.000204452
268.04	0.0002016
268.06	0.000198767
268.08	0.000195953
268.1	0.000193158
268.12	0.000190384
268.14	0.000187631
268.16	0.0001849
268.18	0.00018219
268.2	0.000179503
268.22	0.000176838
268.24	0.000174197
268.26	0.00017158
268.28	0.000168987
268.3	0.000166418
268.32	0.000163873
268.34	0.000161354
268.36	0.00015886
268.38	0.000156391
268.4	0.000153949
268.42	0.000151532
268.44	0.000149141
268.46	0.000146777
268.48	0.000144438
268.5	0.000142127
268.52	0.000139842
268.54	0.000137584
268.56	0.000135352
268.58	0.000133147
268.6	0.000130969
268.62	0.000128818
268.64	0.000126694
268.66	0.000124597
268.68	0.000122526
268.7	0.000120483
268.72	0.000118465
268.74	0.000116475
268.76	0.000114511
268.78	0.000112574
268.8	0.000110663
268.82	0.000108778
268.84	0.00010692
268.86	0.000105087
268.88	0.00010328
268.9	0.000101499
268.92	9.9744e-05
268.94	9.8014e-05
268.96	9.63093e-05
268.98	9.46296e-05
269	9.29747e-05
269.02	9.13446e-05
269.04	8.97389e-05
269.06	8.81575e-05
269.08	8.66002e-05
269.1	8.50668e-05
269.12	8.35569e-05
269.14	8.20706e-05
269.16	8.06074e-05
269.18	7.91672e-05
269.2	7.77497e-05
269.22	7.63547e-05
269.24	7.4982e-05
269.26	7.36314e-05
269.28	7.23025e-05
269.3	7.09952e-05
269.32	6.97092e-05
269.34	6.84442e-05
269.36	6.72001e-05
269.38	6.59765e-05
269.4	6.47732e-05
269.42	6.359e-05
269.44	6.24267e-05
269.46	6.12828e-05
269.48	6.01583e-05
269.5	5.90529e-05
269.52	5.79663e-05
269.54	5.68982e-05
269.56	5.58485e-05
269.58	5.48168e-05
269.6	5.3803e-05
269.62	5.28067e-05
269.64	5.18277e-05
269.66	5.08658e-05
269.68	4.99207e-05
269.7	4.89923e-05
269.72	4.80802e-05
269.74	4.71841e-05
269.76	4.6304e-05
269.78	4.54395e-05
269.8	4.45904e-05
269.82	4.37564e-05
269.84	4.29374e-05
269.86	4.21331e-05
269.88	4.13432e-05
269.9	4.05676e-05
269.92	3.98061e-05
269.94	3.90583e-05
269.96	3.83241e-05
269.98	3.76033e-05
270	3.68956e-05
270.02	3.62009e-05
270.04	3.55189e-05
270.06	3.48494e-05
270.08	3.41922e-05
270.1	3.35472e-05
270.12	3.2914e-05
270.14	3.22926e-05
270.16	3.16826e-05
270.18	3.1084e-05
270.2	3.04965e-05
270.22	2.99199e-05
270.24	2.93541e-05
270.26	2.87989e-05
270.28	2.8254e-05
270.3	2.77193e-05
270.32	2.71947e-05
270.34	2.66799e-05
270.36	2.61748e-05
270.38	2.56792e-05
270.4	2.51929e-05
270.42	2.47158e-05
270.44	2.42477e-05
270.46	2.37885e-05
270.48	2.33379e-05
270.5	2.28959e-05
270.52	2.24623e-05
270.54	2.20369e-05
270.56	2.16195e-05
270.58	2.12102e-05
270.6	2.08086e-05
270.62	2.04146e-05
270.64	2.00282e-05
270.66	1.96491e-05
270.68	1.92773e-05
270.7	1.89126e-05
270.72	1.85548e-05
270.74	1.82039e-05
270.76	1.78597e-05
270.78	1.75221e-05
270.8	1.7191e-05
270.82	1.68662e-05
270.84	1.65476e-05
270.86	1.62352e-05
270.88	1.59287e-05
270.9	1.56281e-05
270.92	1.53333e-05
270.94	1.50442e-05
270.96	1.47606e-05
270.98	1.44825e-05
271	1.42097e-05
271.02	1.39422e-05
271.04	1.36798e-05
271.06	1.34225e-05
271.08	1.31701e-05
271.1	1.29226e-05
271.12	1.26798e-05
271.14	1.24418e-05
271.16	1.22083e-05
271.18	1.19793e-05
271.2	1.17547e-05
271.22	1.15344e-05
271.24	1.13184e-05
271.26	1.11065e-05
271.28	1.08988e-05
271.3	1.0695e-05
271.32	1.04951e-05
271.34	1.02991e-05
271.36	1.01069e-05
271.38	9.91836e-06
271.4	9.73346e-06
271.42	9.55211e-06
271.44	9.37426e-06
271.46	9.19983e-06
271.48	9.02875e-06
271.5	8.86096e-06
271.52	8.6964e-06
271.54	8.535e-06
271.56	8.3767e-06
271.58	8.22145e-06
271.6	8.06917e-06
271.62	7.91982e-06
271.64	7.77334e-06
271.66	7.62967e-06
271.68	7.48875e-06
271.7	7.35054e-06
271.72	7.21497e-06
271.74	7.082e-06
271.76	6.95158e-06
271.78	6.82366e-06
271.8	6.69818e-06
271.82	6.5751e-06
271.84	6.45438e-06
271.86	6.33596e-06
271.88	6.21981e-06
271.9	6.10587e-06
271.92	5.99411e-06
271.94	5.88448e-06
271.96	5.77694e-06
271.98	5.67145e-06
272	5.56797e-06
272.02	5.46646e-06
272.04	5.36688e-06
272.06	5.26919e-06
272.08	5.17336e-06
272.1	5.07936e-06
272.12	4.98713e-06
272.14	4.89665e-06
272.16	4.8079e-06
272.18	4.72082e-06
272.2	4.63539e-06
272.22	4.55158e-06
272.24	4.46935e-06
272.26	4.38868e-06
272.28	4.30953e-06
272.3	4.23188e-06
272.32	4.15569e-06
272.34	4.08094e-06
272.36	4.00759e-06
272.38	3.93563e-06
272.4	3.86502e-06
272.42	3.79574e-06
272.44	3.72776e-06
272.46	3.66106e-06
272.48	3.59561e-06
272.5	3.53139e-06
272.52	3.46837e-06
272.54	3.40653e-06
272.56	3.34585e-06
272.58	3.2863e-06
272.6	3.22787e-06
272.62	3.17053e-06
272.64	3.11425e-06
272.66	3.05903e-06
272.68	3.00484e-06
272.7	2.95165e-06
272.72	2.89945e-06
272.74	2.84823e-06
272.76	2.79795e-06
272.78	2.74861e-06
272.8	2.70018e-06
272.82	2.65265e-06
272.84	2.606e-06
272.86	2.56022e-06
272.88	2.51528e-06
272.9	2.47117e-06
272.92	2.42787e-06
272.94	2.38538e-06
272.96	2.34366e-06
272.98	2.30272e-06
273	2.26253e-06
273.02	2.22307e-06
273.04	2.18435e-06
273.06	2.14633e-06
273.08	2.10901e-06
273.1	2.07237e-06
273.12	2.03641e-06
273.14	2.0011e-06
273.16	1.96644e-06
273.18	1.93242e-06
273.2	1.89901e-06
273.22	1.86621e-06
273.24	1.83401e-06
273.26	1.8024e-06
273.28	1.77137e-06
273.3	1.74089e-06
273.32	1.71097e-06
273.34	1.6816e-06
273.36	1.65276e-06
273.38	1.62444e-06
273.4	1.59663e-06
273.42	1.56932e-06
273.44	1.54251e-06
273.46	1.51619e-06
273.48	1.49034e-06
273.5	1.46495e-06
273.52	1.44002e-06
273.54	1.41555e-06
273.56	1.39151e-06
273.58	1.3679e-06
273.6	1.34472e-06
273.62	1.32195e-06
273.64	1.2996e-06
273.66	1.27764e-06
273.68	1.25608e-06
273.7	1.2349e-06
273.72	1.2141e-06
273.74	1.19367e-06
273.76	1.1736e-06
273.78	1.1539e-06
273.8	1.13454e-06
273.82	1.11553e-06
273.84	1.09686e-06
273.86	1.07852e-06
273.88	1.0605e-06
273.9	1.04281e-06
273.92	1.02542e-06
273.94	1.00835e-06
273.96	9.91575e-07
273.98	9.75099e-07
274	9.58913e-07
274.02	9.43013e-07
274.04	9.27394e-07
274.06	9.1205e-07
274.08	8.96975e-07
274.1	8.82166e-07
274.12	8.67617e-07
274.14	8.53323e-07
274.16	8.3928e-07
274.18	8.25483e-07
274.2	8.11928e-07
274.22	7.9861e-07
274.24	7.85524e-07
274.26	7.72668e-07
274.28	7.60035e-07
274.3	7.47623e-07
274.32	7.35427e-07
274.34	7.23443e-07
274.36	7.11667e-07
274.38	7.00096e-07
274.4	6.88726e-07
274.42	6.77553e-07
274.44	6.66574e-07
274.46	6.55784e-07
274.48	6.45182e-07
274.5	6.34762e-07
274.52	6.24523e-07
274.54	6.1446e-07
274.56	6.04571e-07
274.58	5.94851e-07
274.6	5.85299e-07
274.62	5.75912e-07
274.64	5.66685e-07
274.66	5.57617e-07
274.68	5.48704e-07
274.7	5.39944e-07
274.72	5.31334e-07
274.74	5.22871e-07
274.76	5.14553e-07
274.78	5.06377e-07
274.8	4.9834e-07
274.82	4.9044e-07
274.84	4.82674e-07
274.86	4.75041e-07
274.88	4.67537e-07
274.9	4.60161e-07
274.92	4.5291e-07
274.94	4.45782e-07
274.96	4.38774e-07
274.98	4.31885e-07
275	4.25112e-07
275.02	4.18454e-07
275.04	4.11908e-07
275.06	4.05472e-07
275.08	3.99145e-07
275.1	3.92924e-07
275.12	3.86808e-07
275.14	3.80794e-07
275.16	3.74882e-07
275.18	3.69068e-07
275.2	3.63352e-07
275.22	3.57732e-07
275.24	3.52205e-07
275.26	3.46771e-07
275.28	3.41427e-07
275.3	3.36173e-07
275.32	3.31006e-07
275.34	3.25924e-07
275.36	3.20928e-07
275.38	3.16014e-07
275.4	3.11182e-07
275.42	3.0643e-07
275.44	3.01757e-07
275.46	2.97161e-07
275.48	2.92641e-07
275.5	2.88196e-07
275.52	2.83824e-07
275.54	2.79524e-07
275.56	2.75295e-07
275.58	2.71135e-07
275.6	2.67044e-07
275.62	2.6302e-07
275.64	2.59062e-07
275.66	2.55169e-07
275.68	2.5134e-07
275.7	2.47573e-07
275.72	2.43868e-07
275.74	2.40224e-07
275.76	2.36639e-07
275.78	2.33112e-07
275.8	2.29643e-07
275.82	2.2623e-07
275.84	2.22873e-07
275.86	2.1957e-07
275.88	2.16321e-07
275.9	2.13125e-07
275.92	2.0998e-07
275.94	2.06886e-07
275.96	2.03842e-07
275.98	2.00847e-07
276	1.97901e-07
276.02	1.95002e-07
276.04	1.9215e-07
276.06	1.89343e-07
276.08	1.86582e-07
276.1	1.83865e-07
276.12	1.81191e-07
276.14	1.7856e-07
276.16	1.75972e-07
276.18	1.73425e-07
276.2	1.70918e-07
276.22	1.68452e-07
276.24	1.66024e-07
276.26	1.63636e-07
276.28	1.61285e-07
276.3	1.58972e-07
276.32	1.56695e-07
276.34	1.54455e-07
276.36	1.5225e-07
276.38	1.50079e-07
276.4	1.47944e-07
276.42	1.45842e-07
276.44	1.43773e-07
276.46	1.41736e-07
276.48	1.39732e-07
276.5	1.37759e-07
276.52	1.35818e-07
276.54	1.33906e-07
276.56	1.32025e-07
276.58	1.30173e-07
276.6	1.2835e-07
276.62	1.26556e-07
276.64	1.24789e-07
276.66	1.2305e-07
276.68	1.21339e-07
276.7	1.19654e-07
276.72	1.17995e-07
276.74	1.16361e-07
276.76	1.14753e-07
276.78	1.13171e-07
276.8	1.11612e-07
276.82	1.10078e-07
276.84	1.08567e-07
276.86	1.0708e-07
276.88	1.05615e-07
276.9	1.04174e-07
276.92	1.02754e-07
276.94	1.01356e-07
276.96	9.99796e-08
276.98	9.86243e-08
277	9.72898e-08
277.02	9.59756e-08
277.04	9.46815e-08
277.06	9.34072e-08
277.08	9.21523e-08
277.1	9.09165e-08
277.12	8.96995e-08
277.14	8.8501e-08
277.16	8.73207e-08
277.18	8.61582e-08
277.2	8.50134e-08
277.22	8.38859e-08
277.24	8.27754e-08
277.26	8.16817e-08
277.28	8.06044e-08
277.3	7.95434e-08
277.32	7.84983e-08
277.34	7.74689e-08
277.36	7.6455e-08
277.38	7.54562e-08
277.4	7.44725e-08
277.42	7.35034e-08
277.44	7.25488e-08
277.46	7.16084e-08
277.48	7.0682e-08
277.5	6.97694e-08
277.52	6.88704e-08
277.54	6.79848e-08
277.56	6.71122e-08
277.58	6.62526e-08
277.6	6.54057e-08
277.62	6.45714e-08
277.64	6.37493e-08
277.66	6.29394e-08
277.68	6.21414e-08
277.7	6.13551e-08
277.72	6.05804e-08
277.74	5.9817e-08
277.76	5.90648e-08
277.78	5.83237e-08
277.8	5.75934e-08
277.82	5.68737e-08
277.84	5.61646e-08
277.86	5.54657e-08
277.88	5.47771e-08
277.9	5.40984e-08
277.92	5.34296e-08
277.94	5.27705e-08
277.96	5.2121e-08
277.98	5.14808e-08
278	5.08499e-08
278.02	5.02281e-08
278.04	4.96153e-08
278.06	4.90113e-08
278.08	4.84159e-08
278.1	4.78292e-08
278.12	4.72508e-08
278.14	4.66807e-08
278.16	4.61188e-08
278.18	4.55649e-08
278.2	4.50189e-08
278.22	4.44807e-08
278.24	4.39502e-08
278.26	4.34272e-08
278.28	4.29116e-08
278.3	4.24034e-08
278.32	4.19023e-08
278.34	4.14084e-08
278.36	4.09214e-08
278.38	4.04413e-08
278.4	3.9968e-08
278.42	3.95013e-08
278.44	3.90412e-08
278.46	3.85876e-08
278.48	3.81403e-08
278.5	3.76993e-08
278.52	3.72645e-08
278.54	3.68357e-08
278.56	3.64129e-08
278.58	3.59961e-08
278.6	3.5585e-08
278.62	3.51796e-08
278.64	3.47799e-08
278.66	3.43858e-08
278.68	3.39971e-08
278.7	3.36137e-08
278.72	3.32357e-08
278.74	3.28629e-08
278.76	3.24952e-08
278.78	3.21326e-08
278.8	3.1775e-08
278.82	3.14223e-08
278.84	3.10744e-08
278.86	3.07313e-08
278.88	3.03929e-08
278.9	3.00591e-08
278.92	2.97299e-08
278.94	2.94052e-08
278.96	2.90849e-08
278.98	2.87689e-08
279	2.84573e-08
279.02	2.81498e-08
279.04	2.78466e-08
279.06	2.75474e-08
279.08	2.72523e-08
279.1	2.69612e-08
279.12	2.66739e-08
279.14	2.63906e-08
279.16	2.61111e-08
279.18	2.58353e-08
279.2	2.55632e-08
279.22	2.52948e-08
279.24	2.50299e-08
279.26	2.47686e-08
279.28	2.45108e-08
279.3	2.42565e-08
279.32	2.40055e-08
279.34	2.37578e-08
279.36	2.35135e-08
279.38	2.32723e-08
279.4	2.30344e-08
279.42	2.27996e-08
279.44	2.2568e-08
279.46	2.23394e-08
279.48	2.21138e-08
279.5	2.18911e-08
279.52	2.16714e-08
279.54	2.14546e-08
279.56	2.12406e-08
279.58	2.10295e-08
279.6	2.08211e-08
279.62	2.06154e-08
279.64	2.04124e-08
279.66	2.02121e-08
279.68	2.00143e-08
279.7	1.98192e-08
279.72	1.96265e-08
279.74	1.94364e-08
279.76	1.92488e-08
279.78	1.90635e-08
279.8	1.88807e-08
279.82	1.87002e-08
279.84	1.85221e-08
279.86	1.83462e-08
279.88	1.81726e-08
279.9	1.80013e-08
279.92	1.78321e-08
279.94	1.76651e-08
279.96	1.75003e-08
279.98	1.73375e-08
280	1.71769e-08
280.02	1.70183e-08
280.04	1.68617e-08
280.06	1.67071e-08
280.08	1.65545e-08
280.1	1.64038e-08
280.12	1.6255e-08
280.14	1.61082e-08
280.16	1.59631e-08
280.18	1.582e-08
280.2	1.56786e-08
280.22	1.5539e-08
280.24	1.54012e-08
280.26	1.52651e-08
280.28	1.51307e-08
280.3	1.4998e-08
280.32	1.4867e-08
280.34	1.47376e-08
280.36	1.46098e-08
280.38	1.44837e-08
280.4	1.43591e-08
280.42	1.42361e-08
280.44	1.41146e-08
280.46	1.39946e-08
280.48	1.38761e-08
280.5	1.37591e-08
280.52	1.36436e-08
280.54	1.35295e-08
280.56	1.34168e-08
280.58	1.33055e-08
280.6	1.31956e-08
280.62	1.3087e-08
280.64	1.29798e-08
280.66	1.28739e-08
280.68	1.27693e-08
280.7	1.26661e-08
280.72	1.2564e-08
280.74	1.24633e-08
280.76	1.23638e-08
280.78	1.22655e-08
280.8	1.21684e-08
280.82	1.20725e-08
280.84	1.19778e-08
280.86	1.18842e-08
280.88	1.17918e-08
280.9	1.17005e-08
280.92	1.16103e-08
280.94	1.15213e-08
280.96	1.14333e-08
280.98	1.13464e-08
281	1.12606e-08
281.02	1.11758e-08
281.04	1.1092e-08
281.06	1.10093e-08
281.08	1.09275e-08
281.1	1.08468e-08
281.12	1.0767e-08
281.14	1.06883e-08
281.16	1.06104e-08
281.18	1.05335e-08
281.2	1.04576e-08
281.22	1.03826e-08
281.24	1.03084e-08
281.26	1.02352e-08
281.28	1.01629e-08
281.3	1.00914e-08
281.32	1.00209e-08
281.34	9.95112e-09
281.36	9.88223e-09
281.38	9.81418e-09
281.4	9.74694e-09
281.42	9.68053e-09
281.44	9.61492e-09
281.46	9.5501e-09
281.48	9.48606e-09
281.5	9.4228e-09
281.52	9.36031e-09
281.54	9.29857e-09
281.56	9.23758e-09
281.58	9.17733e-09
281.6	9.11781e-09
281.62	9.05901e-09
281.64	9.00092e-09
281.66	8.94353e-09
281.68	8.88684e-09
281.7	8.83084e-09
281.72	8.77552e-09
281.74	8.72086e-09
281.76	8.66688e-09
281.78	8.61354e-09
281.8	8.56086e-09
281.82	8.50881e-09
281.84	8.4574e-09
281.86	8.40662e-09
281.88	8.35645e-09
281.9	8.3069e-09
281.92	8.25795e-09
281.94	8.2096e-09
281.96	8.16183e-09
281.98	8.11466e-09
282	8.06806e-09
282.02	8.02203e-09
282.04	7.97657e-09
282.06	7.93167e-09
282.08	7.88732e-09
282.1	7.84351e-09
282.12	7.80025e-09
282.14	7.75752e-09
282.16	7.71532e-09
282.18	7.67364e-09
282.2	7.63248e-09
282.22	7.59183e-09
282.24	7.55169e-09
282.26	7.51205e-09
282.28	7.4729e-09
282.3	7.43425e-09
282.32	7.39608e-09
282.34	7.35839e-09
282.36	7.32118e-09
282.38	7.28443e-09
282.4	7.24815e-09
282.42	7.21234e-09
282.44	7.17697e-09
282.46	7.14206e-09
282.48	7.1076e-09
282.5	7.07358e-09
282.52	7.03999e-09
282.54	7.00684e-09
282.56	6.97412e-09
282.58	6.94183e-09
282.6	6.90995e-09
282.62	6.87849e-09
282.64	6.84745e-09
282.66	6.81681e-09
282.68	6.78658e-09
282.7	6.75675e-09
282.72	6.72732e-09
282.74	6.69828e-09
282.76	6.66963e-09
282.78	6.64137e-09
282.8	6.61349e-09
282.82	6.58598e-09
282.84	6.55886e-09
282.86	6.53211e-09
282.88	6.50573e-09
282.9	6.47971e-09
282.92	6.45406e-09
282.94	6.42876e-09
282.96	6.40383e-09
282.98	6.37924e-09
283	6.35501e-09
283.02	6.33113e-09
283.04	6.30759e-09
283.06	6.28439e-09
283.08	6.26153e-09
283.1	6.23901e-09
283.12	6.21683e-09
283.14	6.19497e-09
283.16	6.17344e-09
283.18	6.15224e-09
283.2	6.13137e-09
283.22	6.11081e-09
283.24	6.09058e-09
283.26	6.07066e-09
283.28	6.05106e-09
283.3	6.03176e-09
283.32	6.01278e-09
283.34	5.99411e-09
283.36	5.97574e-09
283.38	5.95768e-09
283.4	5.93992e-09
283.42	5.92245e-09
283.44	5.90529e-09
283.46	5.88842e-09
283.48	5.87185e-09
283.5	5.85557e-09
283.52	5.83958e-09
283.54	5.82388e-09
283.56	5.80847e-09
283.58	5.79334e-09
283.6	5.77849e-09
283.62	5.76393e-09
283.64	5.74965e-09
283.66	5.73566e-09
283.68	5.72193e-09
283.7	5.70849e-09
283.72	5.69532e-09
283.74	5.68243e-09
283.76	5.66981e-09
283.78	5.65746e-09
283.8	5.64538e-09
283.82	5.63358e-09
283.84	5.62204e-09
283.86	5.61077e-09
283.88	5.59976e-09
283.9	5.58903e-09
283.92	5.57855e-09
283.94	5.56834e-09
283.96	5.5584e-09
283.98	5.54872e-09
284	5.53929e-09
284.02	5.53013e-09
284.04	5.52123e-09
284.06	5.51259e-09
284.08	5.50421e-09
284.1	5.49609e-09
284.12	5.48823e-09
284.14	5.48062e-09
284.16	5.47327e-09
284.18	5.46618e-09
284.2	5.45934e-09
284.22	5.45277e-09
284.24	5.44644e-09
284.26	5.44038e-09
284.28	5.43457e-09
284.3	5.42901e-09
284.32	5.42371e-09
284.34	5.41867e-09
284.36	5.41389e-09
284.38	5.40936e-09
284.4	5.40508e-09
284.42	5.40106e-09
284.44	5.3973e-09
284.46	5.3938e-09
284.48	5.39055e-09
284.5	5.38756e-09
284.52	5.38483e-09
284.54	5.38235e-09
284.56	5.38014e-09
284.58	5.37818e-09
284.6	5.37649e-09
284.62	5.37506e-09
284.64	5.37389e-09
284.66	5.37298e-09
284.68	5.37233e-09
284.7	5.37195e-09
284.72	5.37183e-09
284.74	5.37199e-09
284.76	5.3724e-09
284.78	5.37309e-09
284.8	5.37405e-09
284.82	5.37528e-09
284.84	5.37678e-09
284.86	5.37855e-09
284.88	5.3806e-09
284.9	5.38293e-09
284.92	5.38554e-09
284.94	5.38842e-09
284.96	5.39159e-09
284.98	5.39504e-09
285	5.39878e-09
285.02	5.40281e-09
285.04	5.40713e-09
285.06	5.41174e-09
285.08	5.41664e-09
285.1	5.42184e-09
285.12	5.42734e-09
285.14	5.43315e-09
285.16	5.43925e-09
285.18	5.44567e-09
285.2	5.45239e-09
285.22	5.45943e-09
285.24	5.46679e-09
285.26	5.47446e-09
285.28	5.48246e-09
285.3	5.49078e-09
285.32	5.49943e-09
285.34	5.50842e-09
285.36	5.51774e-09
285.38	5.52741e-09
285.4	5.53741e-09
285.42	5.54777e-09
285.44	5.55848e-09
285.46	5.56955e-09
285.48	5.58099e-09
285.5	5.59278e-09
285.52	5.60496e-09
285.54	5.61751e-09
285.56	5.63044e-09
285.58	5.64376e-09
285.6	5.65747e-09
285.62	5.67159e-09
285.64	5.68611e-09
285.66	5.70104e-09
285.68	5.71639e-09
285.7	5.73217e-09
285.72	5.74838e-09
285.74	5.76503e-09
285.76	5.78213e-09
285.78	5.79968e-09
285.8	5.8177e-09
285.82	5.83619e-09
285.84	5.85516e-09
285.86	5.87462e-09
285.88	5.89458e-09
285.9	5.91504e-09
285.92	5.93603e-09
285.94	5.95755e-09
285.96	5.97961e-09
285.98	6.00222e-09
286	6.0254e-09
286.02	6.04916e-09
286.04	6.0735e-09
286.06	6.09845e-09
286.08	6.12402e-09
286.1	6.15022e-09
286.12	6.17706e-09
286.14	6.20457e-09
286.16	6.23277e-09
286.18	6.26166e-09
286.2	6.29127e-09
286.22	6.32162e-09
286.24	6.35272e-09
286.26	6.3846e-09
286.28	6.41729e-09
286.3	6.4508e-09
286.32	6.48516e-09
286.34	6.52039e-09
286.36	6.55654e-09
286.38	6.59361e-09
286.4	6.63165e-09
286.42	6.67069e-09
286.44	6.71076e-09
286.46	6.7519e-09
286.48	6.79416e-09
286.5	6.83756e-09
286.52	6.88217e-09
286.54	6.92802e-09
286.56	6.97517e-09
286.58	7.02367e-09
286.6	7.0736e-09
286.62	7.12501e-09
286.64	7.17797e-09
286.66	7.23256e-09
286.68	7.28887e-09
286.7	7.34699e-09
286.72	7.40703e-09
286.74	7.46909e-09
286.76	7.53331e-09
286.78	7.59982e-09
286.8	7.66879e-09
286.82	7.74041e-09
286.84	7.81487e-09
286.86	7.89242e-09
286.88	7.97334e-09
286.9	8.05797e-09
286.92	8.1467e-09
286.94	8.24003e-09
286.96	8.33857e-09
286.98	8.4431e-09
287	8.55466e-09
287.02	8.6747e-09
287.04	8.80532e-09
287.06	8.94985e-09
287.08	9.11409e-09
287.1	9.30996e-09
287.12	9.5675e-09
287.14	9.98693e-09
287.16	1.10668e-08
287.18	1.42051e-08
287.2	2.26122e-08
287.22	4.53038e-08
287.24	1.06039e-07
287.26	2.54992e-07
287.28	5.89151e-07
287.3	1.29868e-06
287.32	2.72448e-06
287.34	5.37039e-06
287.36	9.81883e-06
287.38	1.65168e-05
287.4	2.55446e-05
287.42	3.66252e-05
287.44	4.93223e-05
287.46	6.31857e-05
287.48	7.78053e-05
287.5	9.28293e-05
287.52	0.000107972
287.54	0.000123014
287.56	0.000137792
287.58	0.000152189
287.6	0.000166123
287.62	0.000179541
287.64	0.000192408
287.66	0.000204705
287.68	0.000216424
287.7	0.000227567
287.72	0.000238139
287.74	0.000248151
287.76	0.000257617
287.78	0.000266553
287.8	0.000274975
287.82	0.0002829
287.84	0.000290345
287.86	0.00029733
287.88	0.000303869
287.9	0.000309982
287.92	0.000315683
287.94	0.000320989
287.96	0.000325916
287.98	0.000330478
288	0.00033469
288.02	0.000338566
288.04	0.00034212
288.06	0.000345364
288.08	0.000348311
288.1	0.000350973
288.12	0.000353361
288.14	0.000355487
288.16	0.000357362
288.18	0.000358995
288.2	0.000360397
288.22	0.000361578
288.24	0.000362546
288.26	0.00036331
288.28	0.00036388
288.3	0.000364262
288.32	0.000364466
288.34	0.000364498
288.36	0.000364366
288.38	0.000364077
288.4	0.000363638
288.42	0.000363055
288.44	0.000362334
288.46	0.000361481
288.48	0.000360502
288.5	0.000359403
288.52	0.000358189
288.54	0.000356864
288.56	0.000355435
288.58	0.000353905
288.6	0.000352279
288.62	0.000350562
288.64	0.000348757
288.66	0.000346869
288.68	0.000344902
288.7	0.000342859
288.72	0.000340745
288.74	0.000338562
288.76	0.000336314
288.78	0.000334005
288.8	0.000331637
288.82	0.000329214
288.84	0.000326739
288.86	0.000324214
288.88	0.000321642
288.9	0.000319027
288.92	0.00031637
288.94	0.000313674
288.96	0.000310942
288.98	0.000308177
289	0.000305379
289.02	0.000302552
289.04	0.000299699
289.06	0.00029682
289.08	0.000293918
289.1	0.000290996
289.12	0.000288054
289.14	0.000285096
289.16	0.000282122
289.18	0.000279135
289.2	0.000276136
289.22	0.000273128
289.24	0.000270111
289.26	0.000267088
289.28	0.000264059
289.3	0.000261027
289.32	0.000257992
289.34	0.000254957
289.36	0.000251922
289.38	0.00024889
289.4	0.000245861
289.42	0.000242836
289.44	0.000239817
289.46	0.000236804
289.48	0.0002338
289.5	0.000230805
289.52	0.00022782
289.54	0.000224846
289.56	0.000221884
289.58	0.000218935
289.6	0.000216
289.62	0.00021308
289.64	0.000210176
289.66	0.000207287
289.68	0.000204416
289.7	0.000201563
289.72	0.000198729
289.74	0.000195913
289.76	0.000193118
289.78	0.000190343
289.8	0.000187589
289.82	0.000184856
289.84	0.000182146
289.86	0.000179457
289.88	0.000176792
289.9	0.000174151
289.92	0.000171532
289.94	0.000168939
289.96	0.000166369
289.98	0.000163824
290	0.000161305
290.02	0.00015881
290.04	0.000156341
290.06	0.000153898
290.08	0.000151481
290.1	0.00014909
290.12	0.000146726
290.14	0.000144388
290.16	0.000142076
290.18	0.000139791
290.2	0.000137533
290.22	0.000135301
290.24	0.000133096
290.26	0.000130919
290.28	0.000128768
290.3	0.000126644
290.32	0.000124547
290.34	0.000122476
290.36	0.000120433
290.38	0.000118416
290.4	0.000116426
290.42	0.000114462
290.44	0.000112525
290.46	0.000110615
290.48	0.00010873
290.5	0.000106872
290.52	0.00010504
290.54	0.000103234
290.56	0.000101453
290.58	9.96982e-05
290.6	9.79687e-05
290.62	9.62644e-05
290.64	9.45851e-05
290.66	9.29308e-05
290.68	9.13011e-05
290.7	8.96959e-05
290.72	8.8115e-05
290.74	8.65582e-05
290.76	8.50252e-05
290.78	8.35159e-05
290.8	8.20301e-05
290.82	8.05674e-05
290.84	7.91277e-05
290.86	7.77107e-05
290.88	7.63163e-05
290.9	7.49441e-05
290.92	7.3594e-05
290.94	7.22656e-05
290.96	7.09588e-05
290.98	6.96734e-05
291	6.84089e-05
291.02	6.71653e-05
291.04	6.59423e-05
291.06	6.47395e-05
291.08	6.35568e-05
291.1	6.2394e-05
291.12	6.12507e-05
291.14	6.01267e-05
291.16	5.90218e-05
291.18	5.79356e-05
291.2	5.68681e-05
291.22	5.58188e-05
291.24	5.47877e-05
291.26	5.37743e-05
291.28	5.27785e-05
291.3	5.18e-05
291.32	5.08386e-05
291.34	4.9894e-05
291.36	4.8966e-05
291.38	4.80543e-05
291.4	4.71588e-05
291.42	4.62791e-05
291.44	4.5415e-05
291.46	4.45663e-05
291.48	4.37328e-05
291.5	4.29142e-05
291.52	4.21104e-05
291.54	4.13209e-05
291.56	4.05458e-05
291.58	3.97846e-05
291.6	3.90372e-05
291.62	3.83034e-05
291.64	3.7583e-05
291.66	3.68757e-05
291.68	3.61814e-05
291.7	3.54998e-05
291.72	3.48307e-05
291.74	3.41739e-05
291.76	3.35292e-05
291.78	3.28964e-05
291.8	3.22753e-05
291.82	3.16657e-05
291.84	3.10674e-05
291.86	3.04802e-05
291.88	2.9904e-05
291.9	2.93385e-05
291.92	2.87836e-05
291.94	2.8239e-05
291.96	2.77046e-05
291.98	2.71803e-05
292	2.66658e-05
292.02	2.6161e-05
292.04	2.56657e-05
292.06	2.51797e-05
292.08	2.47028e-05
292.1	2.4235e-05
292.12	2.37761e-05
292.14	2.33258e-05
292.16	2.2884e-05
292.18	2.24506e-05
292.2	2.20255e-05
292.22	2.16084e-05
292.24	2.11993e-05
292.26	2.07979e-05
292.28	2.04042e-05
292.3	2.0018e-05
292.32	1.96392e-05
292.34	1.92675e-05
292.36	1.8903e-05
292.38	1.85455e-05
292.4	1.81948e-05
292.42	1.78508e-05
292.44	1.75134e-05
292.46	1.71824e-05
292.48	1.68578e-05
292.5	1.65395e-05
292.52	1.62272e-05
292.54	1.59209e-05
292.56	1.56205e-05
292.58	1.53259e-05
292.6	1.5037e-05
292.62	1.47535e-05
292.64	1.44756e-05
292.66	1.4203e-05
292.68	1.39356e-05
292.7	1.36734e-05
292.72	1.34162e-05
292.74	1.3164e-05
292.76	1.29166e-05
292.78	1.2674e-05
292.8	1.2436e-05
292.82	1.22027e-05
292.84	1.19738e-05
292.86	1.17493e-05
292.88	1.15292e-05
292.9	1.13133e-05
292.92	1.11016e-05
292.94	1.08939e-05
292.96	1.06902e-05
292.98	1.04905e-05
293	1.02946e-05
293.02	1.01025e-05
293.04	9.91405e-06
293.06	9.72925e-06
293.08	9.54801e-06
293.1	9.37025e-06
293.12	9.19592e-06
293.14	9.02494e-06
293.16	8.85724e-06
293.18	8.69277e-06
293.2	8.53146e-06
293.22	8.37325e-06
293.24	8.21808e-06
293.26	8.06589e-06
293.28	7.91662e-06
293.3	7.77022e-06
293.32	7.62662e-06
293.34	7.48578e-06
293.36	7.34764e-06
293.38	7.21215e-06
293.4	7.07925e-06
293.42	6.9489e-06
293.44	6.82104e-06
293.46	6.69563e-06
293.48	6.57262e-06
293.5	6.45196e-06
293.52	6.33361e-06
293.54	6.21751e-06
293.56	6.10364e-06
293.58	5.99193e-06
293.6	5.88236e-06
293.62	5.77487e-06
293.64	5.66944e-06
293.66	5.56601e-06
293.68	5.46455e-06
293.7	5.36502e-06
293.72	5.26738e-06
293.74	5.1716e-06
293.76	5.07764e-06
293.78	4.98546e-06
293.8	4.89503e-06
293.82	4.80631e-06
293.84	4.71928e-06
293.86	4.63389e-06
293.88	4.55012e-06
293.9	4.46793e-06
293.92	4.3873e-06
293.94	4.30819e-06
293.96	4.23057e-06
293.98	4.15442e-06
294	4.0797e-06
294.02	4.00639e-06
294.04	3.93446e-06
294.06	3.86389e-06
294.08	3.79464e-06
294.1	3.72669e-06
294.12	3.66002e-06
294.14	3.5946e-06
294.16	3.5304e-06
294.18	3.46741e-06
294.2	3.4056e-06
294.22	3.34495e-06
294.24	3.28543e-06
294.26	3.22702e-06
294.28	3.1697e-06
294.3	3.11345e-06
294.32	3.05825e-06
294.34	3.00408e-06
294.36	2.95092e-06
294.38	2.89874e-06
294.4	2.84754e-06
294.42	2.79728e-06
294.44	2.74796e-06
294.46	2.69955e-06
294.48	2.65204e-06
294.5	2.60541e-06
294.52	2.55964e-06
294.54	2.51472e-06
294.56	2.47063e-06
294.58	2.42735e-06
294.6	2.38487e-06
294.62	2.34317e-06
294.64	2.30225e-06
294.66	2.26207e-06
294.68	2.22263e-06
294.7	2.18392e-06
294.72	2.14592e-06
294.74	2.10861e-06
294.76	2.07199e-06
294.78	2.03604e-06
294.8	2.00074e-06
294.82	1.9661e-06
294.84	1.93208e-06
294.86	1.89869e-06
294.88	1.8659e-06
294.9	1.83371e-06
294.92	1.80211e-06
294.94	1.77109e-06
294.96	1.74062e-06
294.98	1.71072e-06
295	1.68135e-06
295.02	1.65252e-06
295.04	1.62421e-06
295.06	1.59641e-06
295.08	1.56911e-06
295.1	1.54231e-06
295.12	1.51599e-06
295.14	1.49015e-06
295.16	1.46477e-06
295.18	1.43985e-06
295.2	1.41538e-06
295.22	1.39135e-06
295.24	1.36775e-06
295.26	1.34458e-06
295.28	1.32182e-06
295.3	1.29947e-06
295.32	1.27752e-06
295.34	1.25596e-06
295.36	1.23479e-06
295.38	1.21399e-06
295.4	1.19357e-06
295.42	1.17351e-06
295.44	1.15381e-06
295.46	1.13446e-06
295.48	1.11545e-06
295.5	1.09679e-06
295.52	1.07845e-06
295.54	1.06044e-06
295.56	1.04275e-06
295.58	1.02537e-06
295.6	1.0083e-06
295.62	9.91529e-07
295.64	9.75057e-07
295.66	9.58875e-07
295.68	9.42979e-07
295.7	9.27363e-07
295.72	9.12023e-07
295.74	8.96952e-07
295.76	8.82146e-07
295.78	8.676e-07
295.8	8.53309e-07
295.82	8.3927e-07
295.84	8.25476e-07
295.86	8.11923e-07
295.88	7.98608e-07
295.9	7.85525e-07
295.92	7.72671e-07
295.94	7.60041e-07
295.96	7.47631e-07
295.98	7.35437e-07
296	7.23455e-07
296.02	7.11682e-07
296.04	7.00113e-07
296.06	6.88745e-07
296.08	6.77574e-07
296.1	6.66597e-07
296.12	6.55809e-07
296.14	6.45208e-07
296.16	6.34791e-07
296.18	6.24553e-07
296.2	6.14492e-07
296.22	6.04604e-07
296.24	5.94886e-07
296.26	5.85336e-07
296.28	5.75949e-07
296.3	5.66724e-07
296.32	5.57657e-07
296.34	5.48746e-07
296.36	5.39987e-07
296.38	5.31378e-07
296.4	5.22916e-07
296.42	5.14599e-07
296.44	5.06424e-07
296.46	4.98388e-07
296.48	4.90489e-07
296.5	4.82724e-07
296.52	4.75092e-07
296.54	4.67589e-07
296.56	4.60213e-07
296.58	4.52963e-07
296.6	4.45835e-07
296.62	4.38828e-07
296.64	4.3194e-07
296.66	4.25168e-07
296.68	4.1851e-07
296.7	4.11965e-07
296.72	4.0553e-07
296.74	3.99203e-07
296.76	3.92982e-07
296.78	3.86867e-07
296.8	3.80853e-07
296.82	3.74941e-07
296.84	3.69128e-07
296.86	3.63412e-07
296.88	3.57792e-07
296.9	3.52266e-07
296.92	3.46832e-07
296.94	3.41488e-07
296.96	3.36234e-07
296.98	3.31067e-07
297	3.25986e-07
297.02	3.2099e-07
297.04	3.16076e-07
297.06	3.11245e-07
297.08	3.06493e-07
297.1	3.0182e-07
297.12	2.97224e-07
297.14	2.92704e-07
297.16	2.88259e-07
297.18	2.83887e-07
297.2	2.79587e-07
297.22	2.75358e-07
297.24	2.71198e-07
297.26	2.67107e-07
297.28	2.63083e-07
297.3	2.59125e-07
297.32	2.55232e-07
297.34	2.51403e-07
297.36	2.47636e-07
297.38	2.43931e-07
297.4	2.40286e-07
297.42	2.36701e-07
297.44	2.33175e-07
297.46	2.29705e-07
297.48	2.26292e-07
297.5	2.22935e-07
297.52	2.19632e-07
297.54	2.16383e-07
297.56	2.13186e-07
297.58	2.10041e-07
297.6	2.06947e-07
297.62	2.03903e-07
297.64	2.00908e-07
297.66	1.97962e-07
297.68	1.95062e-07
297.7	1.9221e-07
297.72	1.89403e-07
297.74	1.86642e-07
297.76	1.83924e-07
297.78	1.81251e-07
297.8	1.7862e-07
297.82	1.76031e-07
297.84	1.73483e-07
297.86	1.70977e-07
297.88	1.6851e-07
297.9	1.66082e-07
297.92	1.63693e-07
297.94	1.61342e-07
297.96	1.59029e-07
297.98	1.56752e-07
298	1.54511e-07
298.02	1.52306e-07
298.04	1.50136e-07
298.06	1.48e-07
298.08	1.45897e-07
298.1	1.43828e-07
298.12	1.41791e-07
298.14	1.39787e-07
298.16	1.37814e-07
298.18	1.35872e-07
298.2	1.3396e-07
298.22	1.32079e-07
298.24	1.30226e-07
298.26	1.28403e-07
298.28	1.26609e-07
298.3	1.24842e-07
298.32	1.23103e-07
298.34	1.21391e-07
298.36	1.19705e-07
298.38	1.18046e-07
298.4	1.16412e-07
298.42	1.14804e-07
298.44	1.13221e-07
298.46	1.11662e-07
298.48	1.10128e-07
298.5	1.08617e-07
298.52	1.07129e-07
298.54	1.05664e-07
298.56	1.04222e-07
298.58	1.02802e-07
298.6	1.01404e-07
298.62	1.00027e-07
298.64	9.86718e-08
298.66	9.7337e-08
298.68	9.60225e-08
298.7	9.47281e-08
298.72	9.34535e-08
298.74	9.21983e-08
298.76	9.09622e-08
298.78	8.97449e-08
298.8	8.85461e-08
298.82	8.73655e-08
298.84	8.62028e-08
298.86	8.50577e-08
298.88	8.39298e-08
298.9	8.28191e-08
298.92	8.1725e-08
298.94	8.06475e-08
298.96	7.95862e-08
298.98	7.85408e-08
299	7.75112e-08
299.02	7.64969e-08
299.04	7.54979e-08
299.06	7.45138e-08
299.08	7.35445e-08
299.1	7.25896e-08
299.12	7.16489e-08
299.14	7.07223e-08
299.16	6.98094e-08
299.18	6.89102e-08
299.2	6.80242e-08
299.22	6.71514e-08
299.24	6.62915e-08
299.26	6.54444e-08
299.28	6.46097e-08
299.3	6.37874e-08
299.32	6.29772e-08
299.34	6.21789e-08
299.36	6.13924e-08
299.38	6.06174e-08
299.4	5.98538e-08
299.42	5.91014e-08
299.44	5.836e-08
299.46	5.76294e-08
299.48	5.69095e-08
299.5	5.62001e-08
299.52	5.5501e-08
299.54	5.48121e-08
299.56	5.41332e-08
299.58	5.34641e-08
299.6	5.28048e-08
299.62	5.2155e-08
299.64	5.15146e-08
299.66	5.08835e-08
299.68	5.02614e-08
299.7	4.96484e-08
299.72	4.90441e-08
299.74	4.84485e-08
299.76	4.78615e-08
299.78	4.72829e-08
299.8	4.67126e-08
299.82	4.61505e-08
299.84	4.55963e-08
299.86	4.50501e-08
299.88	4.45117e-08
299.9	4.39809e-08
299.92	4.34577e-08
299.94	4.29419e-08
299.96	4.24335e-08
299.98	4.19322e-08
300	4.1438e-08
300.02	4.09508e-08
300.04	4.04705e-08
300.06	3.9997e-08
300.08	3.95301e-08
300.1	3.90698e-08
300.12	3.8616e-08
300.14	3.81685e-08
300.16	3.77273e-08
300.18	3.72922e-08
300.2	3.68633e-08
300.22	3.64403e-08
300.24	3.60233e-08
300.26	3.5612e-08
300.28	3.52064e-08
300.3	3.48065e-08
300.32	3.44122e-08
300.34	3.40233e-08
300.36	3.36398e-08
300.38	3.32615e-08
300.4	3.28885e-08
300.42	3.25207e-08
300.44	3.21579e-08
300.46	3.18001e-08
300.48	3.14472e-08
300.5	3.10992e-08
300.52	3.07559e-08
300.54	3.04173e-08
300.56	3.00834e-08
300.58	2.9754e-08
300.6	2.94291e-08
300.62	2.91086e-08
300.64	2.87925e-08
300.66	2.84806e-08
300.68	2.8173e-08
300.7	2.78696e-08
300.72	2.75703e-08
300.74	2.7275e-08
300.76	2.69837e-08
300.78	2.66963e-08
300.8	2.64128e-08
300.82	2.61331e-08
300.84	2.58572e-08
300.86	2.55849e-08
300.88	2.53164e-08
300.9	2.50514e-08
300.92	2.47899e-08
300.94	2.4532e-08
300.96	2.42774e-08
300.98	2.40263e-08
301	2.37785e-08
301.02	2.3534e-08
301.04	2.32927e-08
301.06	2.30547e-08
301.08	2.28197e-08
301.1	2.25879e-08
301.12	2.23592e-08
301.14	2.21334e-08
301.16	2.19107e-08
301.18	2.16908e-08
301.2	2.14739e-08
301.22	2.12598e-08
301.24	2.10485e-08
301.26	2.08399e-08
301.28	2.06341e-08
301.3	2.0431e-08
301.32	2.02305e-08
301.34	2.00327e-08
301.36	1.98374e-08
301.38	1.96446e-08
301.4	1.94544e-08
301.42	1.92666e-08
301.44	1.90812e-08
301.46	1.88983e-08
301.48	1.87177e-08
301.5	1.85394e-08
301.52	1.83634e-08
301.54	1.81897e-08
301.56	1.80183e-08
301.58	1.7849e-08
301.6	1.76819e-08
301.62	1.75169e-08
301.64	1.73541e-08
301.66	1.71933e-08
301.68	1.70346e-08
301.7	1.68779e-08
301.72	1.67232e-08
301.74	1.65705e-08
301.76	1.64197e-08
301.78	1.62708e-08
301.8	1.61238e-08
301.82	1.59787e-08
301.84	1.58354e-08
301.86	1.56939e-08
301.88	1.55542e-08
301.9	1.54163e-08
301.92	1.52801e-08
301.94	1.51456e-08
301.96	1.50128e-08
301.98	1.48817e-08
302	1.47522e-08
302.02	1.46244e-08
302.04	1.44981e-08
302.06	1.43734e-08
302.08	1.42503e-08
302.1	1.41288e-08
302.12	1.40087e-08
302.14	1.38901e-08
302.16	1.3773e-08
302.18	1.36574e-08
302.2	1.35432e-08
302.22	1.34304e-08
302.24	1.3319e-08
302.26	1.3209e-08
302.28	1.31004e-08
302.3	1.29931e-08
302.32	1.28871e-08
302.34	1.27824e-08
302.36	1.26791e-08
302.38	1.2577e-08
302.4	1.24761e-08
302.42	1.23765e-08
302.44	1.22781e-08
302.46	1.2181e-08
302.48	1.2085e-08
302.5	1.19902e-08
302.52	1.18965e-08
302.54	1.18041e-08
302.56	1.17127e-08
302.58	1.16225e-08
302.6	1.15333e-08
302.62	1.14453e-08
302.64	1.13583e-08
302.66	1.12724e-08
302.68	1.11875e-08
302.7	1.11037e-08
302.72	1.10209e-08
302.74	1.09391e-08
302.76	1.08582e-08
302.78	1.07784e-08
302.8	1.06996e-08
302.82	1.06217e-08
302.84	1.05447e-08
302.86	1.04687e-08
302.88	1.03936e-08
302.9	1.03194e-08
302.92	1.02461e-08
302.94	1.01737e-08
302.96	1.01022e-08
302.98	1.00316e-08
303	9.96176e-09
303.02	9.8928e-09
303.04	9.82469e-09
303.06	9.75739e-09
303.08	9.69091e-09
303.1	9.62523e-09
303.12	9.56035e-09
303.14	9.49626e-09
303.16	9.43294e-09
303.18	9.37038e-09
303.2	9.30859e-09
303.22	9.24754e-09
303.24	9.18723e-09
303.26	9.12764e-09
303.28	9.06878e-09
303.3	9.01064e-09
303.32	8.9532e-09
303.34	8.89645e-09
303.36	8.84039e-09
303.38	8.78501e-09
303.4	8.7303e-09
303.42	8.67626e-09
303.44	8.62287e-09
303.46	8.57013e-09
303.48	8.51803e-09
303.5	8.46657e-09
303.52	8.41573e-09
303.54	8.36551e-09
303.56	8.31591e-09
303.58	8.2669e-09
303.6	8.2185e-09
303.62	8.17069e-09
303.64	8.12346e-09
303.66	8.07681e-09
303.68	8.03073e-09
303.7	7.98522e-09
303.72	7.94027e-09
303.74	7.89587e-09
303.76	7.85202e-09
303.78	7.8087e-09
303.8	7.76593e-09
303.82	7.72368e-09
303.84	7.68195e-09
303.86	7.64075e-09
303.88	7.60005e-09
303.9	7.55986e-09
303.92	7.52018e-09
303.94	7.48098e-09
303.96	7.44228e-09
303.98	7.40407e-09
304	7.36634e-09
304.02	7.32908e-09
304.04	7.29229e-09
304.06	7.25597e-09
304.08	7.22011e-09
304.1	7.1847e-09
304.12	7.14975e-09
304.14	7.11524e-09
304.16	7.08118e-09
304.18	7.04755e-09
304.2	7.01436e-09
304.22	6.9816e-09
304.24	6.94926e-09
304.26	6.91734e-09
304.28	6.88584e-09
304.3	6.85476e-09
304.32	6.82408e-09
304.34	6.79381e-09
304.36	6.76394e-09
304.38	6.73446e-09
304.4	6.70539e-09
304.42	6.6767e-09
304.44	6.6484e-09
304.46	6.62048e-09
304.48	6.59294e-09
304.5	6.56578e-09
304.52	6.53898e-09
304.54	6.51256e-09
304.56	6.48651e-09
304.58	6.46082e-09
304.6	6.43549e-09
304.62	6.41052e-09
304.64	6.3859e-09
304.66	6.36163e-09
304.68	6.33771e-09
304.7	6.31413e-09
304.72	6.2909e-09
304.74	6.268e-09
304.76	6.24545e-09
304.78	6.22322e-09
304.8	6.20133e-09
304.82	6.17977e-09
304.84	6.15854e-09
304.86	6.13763e-09
304.88	6.11704e-09
304.9	6.09677e-09
304.92	6.07681e-09
304.94	6.05718e-09
304.96	6.03785e-09
304.98	6.01883e-09
305	6.00013e-09
305.02	5.98173e-09
305.04	5.96363e-09
305.06	5.94583e-09
305.08	5.92834e-09
305.1	5.91114e-09
305.12	5.89424e-09
305.14	5.87763e-09
305.16	5.86132e-09
305.18	5.8453e-09
305.2	5.82956e-09
305.22	5.81412e-09
305.24	5.79896e-09
305.26	5.78408e-09
305.28	5.76949e-09
305.3	5.75518e-09
305.32	5.74114e-09
305.34	5.72739e-09
305.36	5.71391e-09
305.38	5.70071e-09
305.4	5.68779e-09
305.42	5.67514e-09
305.44	5.66276e-09
305.46	5.65065e-09
305.48	5.63881e-09
305.5	5.62724e-09
305.52	5.61593e-09
305.54	5.6049e-09
305.56	5.59413e-09
305.58	5.58362e-09
305.6	5.57338e-09
305.62	5.5634e-09
305.64	5.55369e-09
305.66	5.54424e-09
305.68	5.53504e-09
305.7	5.52611e-09
305.72	5.51744e-09
305.74	5.50903e-09
305.76	5.50087e-09
305.78	5.49298e-09
305.8	5.48534e-09
305.82	5.47796e-09
305.84	5.47083e-09
305.86	5.46397e-09
305.88	5.45735e-09
305.9	5.451e-09
305.92	5.4449e-09
305.94	5.43906e-09
305.96	5.43347e-09
305.98	5.42814e-09
306	5.42307e-09
306.02	5.41825e-09
306.04	5.41368e-09
306.06	5.40937e-09
306.08	5.40532e-09
306.1	5.40153e-09
306.12	5.39799e-09
306.14	5.39471e-09
306.16	5.39168e-09
306.18	5.38892e-09
306.2	5.38641e-09
306.22	5.38416e-09
306.24	5.38217e-09
306.26	5.38044e-09
306.28	5.37898e-09
306.3	5.37777e-09
306.32	5.37682e-09
306.34	5.37614e-09
306.36	5.37573e-09
306.38	5.37557e-09
306.4	5.37569e-09
306.42	5.37607e-09
306.44	5.37672e-09
306.46	5.37764e-09
306.48	5.37883e-09
306.5	5.38029e-09
306.52	5.38203e-09
306.54	5.38404e-09
306.56	5.38633e-09
306.58	5.3889e-09
306.6	5.39174e-09
306.62	5.39487e-09
306.64	5.39828e-09
306.66	5.40198e-09
306.68	5.40597e-09
306.7	5.41024e-09
306.72	5.41481e-09
306.74	5.41967e-09
306.76	5.42483e-09
306.78	5.43029e-09
306.8	5.43605e-09
306.82	5.44211e-09
306.84	5.44848e-09
306.86	5.45516e-09
306.88	5.46215e-09
306.9	5.46946e-09
306.92	5.47708e-09
306.94	5.48503e-09
306.96	5.49331e-09
306.98	5.50191e-09
307	5.51084e-09
307.02	5.52012e-09
307.04	5.52973e-09
307.06	5.53968e-09
307.08	5.54999e-09
307.1	5.56064e-09
307.12	5.57166e-09
307.14	5.58303e-09
307.16	5.59477e-09
307.18	5.60689e-09
307.2	5.61938e-09
307.22	5.63225e-09
307.24	5.64551e-09
307.26	5.65916e-09
307.28	5.67321e-09
307.3	5.68766e-09
307.32	5.70253e-09
307.34	5.71781e-09
307.36	5.73352e-09
307.38	5.74966e-09
307.4	5.76624e-09
307.42	5.78326e-09
307.44	5.80074e-09
307.46	5.81868e-09
307.48	5.83709e-09
307.5	5.85598e-09
307.52	5.87536e-09
307.54	5.89523e-09
307.56	5.91562e-09
307.58	5.93652e-09
307.6	5.95794e-09
307.62	5.97991e-09
307.64	6.00243e-09
307.66	6.02551e-09
307.68	6.04916e-09
307.7	6.0734e-09
307.72	6.09825e-09
307.74	6.1237e-09
307.76	6.14979e-09
307.78	6.17652e-09
307.8	6.20392e-09
307.82	6.23199e-09
307.84	6.26076e-09
307.86	6.29023e-09
307.88	6.32045e-09
307.9	6.35141e-09
307.92	6.38315e-09
307.94	6.41569e-09
307.96	6.44905e-09
307.98	6.48325e-09
308	6.51832e-09
308.02	6.55429e-09
308.04	6.59119e-09
308.06	6.62905e-09
308.08	6.6679e-09
308.1	6.70777e-09
308.12	6.74871e-09
308.14	6.79075e-09
308.16	6.83393e-09
308.18	6.8783e-09
308.2	6.92391e-09
308.22	6.9708e-09
308.24	7.01904e-09
308.26	7.06868e-09
308.28	7.11979e-09
308.3	7.17244e-09
308.32	7.2267e-09
308.34	7.28266e-09
308.36	7.34041e-09
308.38	7.40005e-09
308.4	7.46169e-09
308.42	7.52546e-09
308.44	7.59149e-09
308.46	7.65995e-09
308.48	7.731e-09
308.5	7.80484e-09
308.52	7.88173e-09
308.54	7.96191e-09
308.56	8.04572e-09
308.58	8.13354e-09
308.6	8.22583e-09
308.62	8.32318e-09
308.64	8.42633e-09
308.66	8.53624e-09
308.68	8.65425e-09
308.7	8.78229e-09
308.72	8.92331e-09
308.74	9.08236e-09
308.76	9.26936e-09
308.78	9.50803e-09
308.8	9.87177e-09
308.82	1.07054e-08
308.84	1.31407e-08
308.86	1.98102e-08
308.88	3.76778e-08
308.9	8.60326e-08
308.92	2.07567e-07
308.94	4.85114e-07
308.96	1.0814e-06
308.98	2.29792e-06
309	4.60327e-06
309.02	8.57518e-06
309.04	1.4716e-05
309.06	2.32021e-05
309.08	3.38247e-05
309.1	4.61681e-05
309.12	5.9779e-05
309.14	7.42361e-05
309.16	8.91736e-05
309.18	0.000104291
309.2	0.000119354
309.22	0.000134186
309.24	0.000148662
309.26	0.000162693
309.28	0.000176219
309.3	0.000189201
309.32	0.000201617
309.34	0.000213458
309.36	0.000224722
309.38	0.000235414
309.4	0.000245545
309.42	0.000255127
309.44	0.000264175
309.46	0.000272706
309.48	0.000280736
309.5	0.000288284
309.52	0.000295367
309.54	0.000302002
309.56	0.000308206
309.58	0.000313995
309.6	0.000319387
309.62	0.000324395
309.64	0.000329036
309.66	0.000333325
309.68	0.000337274
309.7	0.000340898
309.72	0.000344209
309.74	0.000347221
309.76	0.000349946
309.78	0.000352394
309.8	0.000354578
309.82	0.000356508
309.84	0.000358195
309.86	0.000359649
309.88	0.000360879
309.9	0.000361895
309.92	0.000362705
309.94	0.000363319
309.96	0.000363744
309.98	0.000363988
310	0.00036406
310.02	0.000363966
310.04	0.000363713
310.06	0.000363309
310.08	0.000362759
310.1	0.000362071
310.12	0.000361249
310.14	0.0003603
310.16	0.00035923
310.18	0.000358043
310.2	0.000356745
310.22	0.000355342
310.24	0.000353836
310.26	0.000352234
310.28	0.00035054
310.3	0.000348757
310.32	0.00034689
310.34	0.000344944
310.36	0.00034292
310.38	0.000340825
310.4	0.00033866
310.42	0.00033643
310.44	0.000334137
310.46	0.000331786
310.48	0.000329378
310.5	0.000326917
310.52	0.000324406
310.54	0.000321848
310.56	0.000319246
310.58	0.000316602
310.6	0.000313918
310.62	0.000311197
310.64	0.000308442
310.66	0.000305655
310.68	0.000302839
310.7	0.000299994
310.72	0.000297124
310.74	0.000294231
310.76	0.000291317
310.78	0.000288383
310.8	0.000285432
310.82	0.000282465
310.84	0.000279484
310.86	0.000276492
310.88	0.000273489
310.9	0.000270478
310.92	0.000267459
310.94	0.000264435
310.96	0.000261407
310.98	0.000258377
311	0.000255345
311.02	0.000252314
311.04	0.000249285
311.06	0.000246258
311.08	0.000243236
311.1	0.000240219
311.12	0.000237209
311.14	0.000234206
311.16	0.000231212
311.18	0.000228228
311.2	0.000225255
311.22	0.000222294
311.24	0.000219346
311.26	0.000216411
311.28	0.000213491
311.3	0.000210586
311.32	0.000207698
311.34	0.000204826
311.36	0.000201972
311.38	0.000199137
311.4	0.000196321
311.42	0.000193524
311.44	0.000190747
311.46	0.000187992
311.48	0.000185258
311.5	0.000182545
311.52	0.000179855
311.54	0.000177188
311.56	0.000174544
311.58	0.000171924
311.6	0.000169327
311.62	0.000166755
311.64	0.000164208
311.66	0.000161686
311.68	0.000159189
311.7	0.000156717
311.72	0.000154271
311.74	0.000151851
311.76	0.000149457
311.78	0.000147089
311.8	0.000144748
311.82	0.000142433
311.84	0.000140144
311.86	0.000137883
311.88	0.000135648
311.9	0.00013344
311.92	0.000131258
311.94	0.000129104
311.96	0.000126976
311.98	0.000124876
312	0.000122802
312.02	0.000120755
312.04	0.000118734
312.06	0.000116741
312.08	0.000114773
312.1	0.000112833
312.12	0.000110918
312.14	0.00010903
312.16	0.000107168
312.18	0.000105333
312.2	0.000103523
312.22	0.000101738
312.24	9.99797e-05
312.26	9.82465e-05
312.28	9.65385e-05
312.3	9.48557e-05
312.32	9.31977e-05
312.34	9.15644e-05
312.36	8.99556e-05
312.38	8.83711e-05
312.4	8.68107e-05
312.42	8.52742e-05
312.44	8.37614e-05
312.46	8.2272e-05
312.48	8.08058e-05
312.5	7.93627e-05
312.52	7.79423e-05
312.54	7.65444e-05
312.56	7.51689e-05
312.58	7.38154e-05
312.6	7.24837e-05
312.62	7.11737e-05
312.64	6.98849e-05
312.66	6.86172e-05
312.68	6.73704e-05
312.7	6.61442e-05
312.72	6.49383e-05
312.74	6.37525e-05
312.76	6.25866e-05
312.78	6.14402e-05
312.8	6.03132e-05
312.82	5.92053e-05
312.84	5.81163e-05
312.86	5.70458e-05
312.88	5.59937e-05
312.9	5.49597e-05
312.92	5.39435e-05
312.94	5.29449e-05
312.96	5.19637e-05
312.98	5.09996e-05
313	5.00523e-05
313.02	4.91217e-05
313.04	4.82074e-05
313.06	4.73093e-05
313.08	4.64271e-05
313.1	4.55605e-05
313.12	4.47094e-05
313.14	4.38734e-05
313.16	4.30524e-05
313.18	4.22462e-05
313.2	4.14544e-05
313.22	4.0677e-05
313.24	3.99136e-05
313.26	3.9164e-05
313.28	3.8428e-05
313.3	3.77054e-05
313.32	3.6996e-05
313.34	3.62996e-05
313.36	3.56159e-05
313.38	3.49447e-05
313.4	3.42859e-05
313.42	3.36392e-05
313.44	3.30045e-05
313.46	3.23815e-05
313.48	3.177e-05
313.5	3.11699e-05
313.52	3.05809e-05
313.54	3.00029e-05
313.56	2.94356e-05
313.58	2.88789e-05
313.6	2.83327e-05
313.62	2.77966e-05
313.64	2.72706e-05
313.66	2.67545e-05
313.68	2.62481e-05
313.7	2.57512e-05
313.72	2.52637e-05
313.74	2.47853e-05
313.76	2.4316e-05
313.78	2.38556e-05
313.8	2.34038e-05
313.82	2.29607e-05
313.84	2.25259e-05
313.86	2.20994e-05
313.88	2.1681e-05
313.9	2.12705e-05
313.92	2.08678e-05
313.94	2.04729e-05
313.96	2.00854e-05
313.98	1.97053e-05
314	1.93325e-05
314.02	1.89668e-05
314.04	1.86081e-05
314.06	1.82562e-05
314.08	1.79111e-05
314.1	1.75726e-05
314.12	1.72406e-05
314.14	1.69149e-05
314.16	1.65955e-05
314.18	1.62822e-05
314.2	1.59749e-05
314.22	1.56735e-05
314.24	1.53779e-05
314.26	1.5088e-05
314.28	1.48036e-05
314.3	1.45247e-05
314.32	1.42512e-05
314.34	1.39829e-05
314.36	1.37198e-05
314.38	1.34618e-05
314.4	1.32087e-05
314.42	1.29605e-05
314.44	1.27171e-05
314.46	1.24784e-05
314.48	1.22442e-05
314.5	1.20146e-05
314.52	1.17894e-05
314.54	1.15685e-05
314.56	1.13519e-05
314.58	1.11394e-05
314.6	1.09311e-05
314.62	1.07267e-05
314.64	1.05263e-05
314.66	1.03297e-05
314.68	1.0137e-05
314.7	9.94789e-06
314.72	9.76247e-06
314.74	9.58061e-06
314.76	9.40226e-06
314.78	9.22733e-06
314.8	9.05577e-06
314.82	8.8875e-06
314.84	8.72247e-06
314.86	8.56062e-06
314.88	8.40187e-06
314.9	8.24617e-06
314.92	8.09346e-06
314.94	7.94368e-06
314.96	7.79678e-06
314.98	7.6527e-06
315	7.51138e-06
315.02	7.37276e-06
315.04	7.23681e-06
315.06	7.10346e-06
315.08	6.97266e-06
315.1	6.84437e-06
315.12	6.71853e-06
315.14	6.5951e-06
315.16	6.47402e-06
315.18	6.35526e-06
315.2	6.23877e-06
315.22	6.12451e-06
315.24	6.01242e-06
315.26	5.90247e-06
315.28	5.79462e-06
315.3	5.68882e-06
315.32	5.58504e-06
315.34	5.48323e-06
315.36	5.38336e-06
315.38	5.28539e-06
315.4	5.18928e-06
315.42	5.09499e-06
315.44	5.0025e-06
315.46	4.91176e-06
315.48	4.82274e-06
315.5	4.7354e-06
315.52	4.64972e-06
315.54	4.56566e-06
315.56	4.48319e-06
315.58	4.40228e-06
315.6	4.3229e-06
315.62	4.24502e-06
315.64	4.1686e-06
315.66	4.09363e-06
315.68	4.02007e-06
315.7	3.94789e-06
315.72	3.87708e-06
315.74	3.80759e-06
315.76	3.73941e-06
315.78	3.67251e-06
315.8	3.60686e-06
315.82	3.54245e-06
315.84	3.47924e-06
315.86	3.41722e-06
315.88	3.35635e-06
315.9	3.29663e-06
315.92	3.23802e-06
315.94	3.18051e-06
315.96	3.12406e-06
315.98	3.06867e-06
316	3.01432e-06
316.02	2.96097e-06
316.04	2.90862e-06
316.06	2.85724e-06
316.08	2.80681e-06
316.1	2.75732e-06
316.12	2.70874e-06
316.14	2.66107e-06
316.16	2.61428e-06
316.18	2.56835e-06
316.2	2.52328e-06
316.22	2.47903e-06
316.24	2.43561e-06
316.26	2.39298e-06
316.28	2.35114e-06
316.3	2.31007e-06
316.32	2.26976e-06
316.34	2.23018e-06
316.36	2.19134e-06
316.38	2.1532e-06
316.4	2.11577e-06
316.42	2.07902e-06
316.44	2.04295e-06
316.46	2.00753e-06
316.48	1.97277e-06
316.5	1.93864e-06
316.52	1.90513e-06
316.54	1.87223e-06
316.56	1.83993e-06
316.58	1.80822e-06
316.6	1.77709e-06
316.62	1.74652e-06
316.64	1.71651e-06
316.66	1.68705e-06
316.68	1.65811e-06
316.7	1.62971e-06
316.72	1.60181e-06
316.74	1.57442e-06
316.76	1.54753e-06
316.78	1.52112e-06
316.8	1.49519e-06
316.82	1.46973e-06
316.84	1.44472e-06
316.86	1.42017e-06
316.88	1.39605e-06
316.9	1.37238e-06
316.92	1.34912e-06
316.94	1.32628e-06
316.96	1.30386e-06
316.98	1.28183e-06
317	1.2602e-06
317.02	1.23895e-06
317.04	1.21809e-06
317.06	1.1976e-06
317.08	1.17747e-06
317.1	1.1577e-06
317.12	1.13828e-06
317.14	1.11921e-06
317.16	1.10048e-06
317.18	1.08208e-06
317.2	1.06401e-06
317.22	1.04626e-06
317.24	1.02882e-06
317.26	1.01169e-06
317.28	9.94865e-07
317.3	9.78336e-07
317.32	9.62099e-07
317.34	9.46149e-07
317.36	9.3048e-07
317.38	9.15087e-07
317.4	8.99964e-07
317.42	8.85108e-07
317.44	8.70513e-07
317.46	8.56173e-07
317.48	8.42085e-07
317.5	8.28244e-07
317.52	8.14646e-07
317.54	8.01285e-07
317.56	7.88158e-07
317.58	7.7526e-07
317.6	7.62587e-07
317.62	7.50134e-07
317.64	7.37899e-07
317.66	7.25877e-07
317.68	7.14063e-07
317.7	7.02455e-07
317.72	6.91048e-07
317.74	6.79839e-07
317.76	6.68824e-07
317.78	6.58e-07
317.8	6.47363e-07
317.82	6.3691e-07
317.84	6.26638e-07
317.86	6.16542e-07
317.88	6.06621e-07
317.9	5.9687e-07
317.92	5.87287e-07
317.94	5.77869e-07
317.96	5.68612e-07
317.98	5.59515e-07
318	5.50573e-07
318.02	5.41784e-07
318.04	5.33146e-07
318.06	5.24656e-07
318.08	5.1631e-07
318.1	5.08107e-07
318.12	5.00044e-07
318.14	4.92118e-07
318.16	4.84327e-07
318.18	4.76669e-07
318.2	4.6914e-07
318.22	4.6174e-07
318.24	4.54465e-07
318.26	4.47313e-07
318.28	4.40282e-07
318.3	4.33371e-07
318.32	4.26576e-07
318.34	4.19895e-07
318.36	4.13328e-07
318.38	4.06871e-07
318.4	4.00523e-07
318.42	3.94281e-07
318.44	3.88145e-07
318.46	3.82111e-07
318.48	3.76179e-07
318.5	3.70346e-07
318.52	3.64611e-07
318.54	3.58972e-07
318.56	3.53427e-07
318.58	3.47975e-07
318.6	3.42613e-07
318.62	3.37341e-07
318.64	3.32157e-07
318.66	3.27059e-07
318.68	3.22046e-07
318.7	3.17116e-07
318.72	3.12267e-07
318.74	3.07499e-07
318.76	3.0281e-07
318.78	2.98199e-07
318.8	2.93664e-07
318.82	2.89204e-07
318.84	2.84817e-07
318.86	2.80503e-07
318.88	2.76259e-07
318.9	2.72086e-07
318.92	2.67981e-07
318.94	2.63943e-07
318.96	2.59972e-07
318.98	2.56066e-07
319	2.52224e-07
319.02	2.48444e-07
319.04	2.44727e-07
319.06	2.4107e-07
319.08	2.37473e-07
319.1	2.33934e-07
319.12	2.30453e-07
319.14	2.27029e-07
319.16	2.2366e-07
319.18	2.20346e-07
319.2	2.17086e-07
319.22	2.13879e-07
319.24	2.10723e-07
319.26	2.07619e-07
319.28	2.04564e-07
319.3	2.01559e-07
319.32	1.98603e-07
319.34	1.95694e-07
319.36	1.92832e-07
319.38	1.90016e-07
319.4	1.87245e-07
319.42	1.84519e-07
319.44	1.81836e-07
319.46	1.79196e-07
319.48	1.76599e-07
319.5	1.74043e-07
319.52	1.71527e-07
319.54	1.69052e-07
319.56	1.66617e-07
319.58	1.6422e-07
319.6	1.61861e-07
319.62	1.5954e-07
319.64	1.57255e-07
319.66	1.55007e-07
319.68	1.52795e-07
319.7	1.50617e-07
319.72	1.48474e-07
319.74	1.46364e-07
319.76	1.44288e-07
319.78	1.42245e-07
319.8	1.40233e-07
319.82	1.38254e-07
319.84	1.36305e-07
319.86	1.34387e-07
319.88	1.32499e-07
319.9	1.30641e-07
319.92	1.28812e-07
319.94	1.27011e-07
319.96	1.25239e-07
319.98	1.23494e-07
320	1.21776e-07
320.02	1.20085e-07
320.04	1.1842e-07
320.06	1.16781e-07
320.08	1.15168e-07
320.1	1.13579e-07
320.12	1.12015e-07
320.14	1.10475e-07
320.16	1.08959e-07
320.18	1.07467e-07
320.2	1.05997e-07
320.22	1.0455e-07
320.24	1.03126e-07
320.26	1.01723e-07
320.28	1.00341e-07
320.3	9.89813e-08
320.32	9.7642e-08
320.34	9.63232e-08
320.36	9.50245e-08
320.38	9.37456e-08
320.4	9.24863e-08
320.42	9.12461e-08
320.44	9.00247e-08
320.46	8.8822e-08
320.48	8.76374e-08
320.5	8.64708e-08
320.52	8.53219e-08
320.54	8.41904e-08
320.56	8.30759e-08
320.58	8.19783e-08
320.6	8.08972e-08
320.62	7.98324e-08
320.64	7.87836e-08
320.66	7.77505e-08
320.68	7.67329e-08
320.7	7.57306e-08
320.72	7.47433e-08
320.74	7.37707e-08
320.76	7.28127e-08
320.78	7.18689e-08
320.8	7.09392e-08
320.82	7.00234e-08
320.84	6.91211e-08
320.86	6.82323e-08
320.88	6.73566e-08
320.9	6.64939e-08
320.92	6.5644e-08
320.94	6.48066e-08
320.96	6.39816e-08
320.98	6.31687e-08
321	6.23678e-08
321.02	6.15787e-08
321.04	6.08012e-08
321.06	6.00351e-08
321.08	5.92802e-08
321.1	5.85363e-08
321.12	5.78034e-08
321.14	5.70811e-08
321.16	5.63694e-08
321.18	5.5668e-08
321.2	5.49769e-08
321.22	5.42958e-08
321.24	5.36245e-08
321.26	5.29631e-08
321.28	5.23111e-08
321.3	5.16687e-08
321.32	5.10355e-08
321.34	5.04114e-08
321.36	4.97963e-08
321.38	4.91901e-08
321.4	4.85926e-08
321.42	4.80037e-08
321.44	4.74232e-08
321.46	4.6851e-08
321.48	4.62871e-08
321.5	4.57311e-08
321.52	4.51832e-08
321.54	4.4643e-08
321.56	4.41105e-08
321.58	4.35856e-08
321.6	4.30681e-08
321.62	4.2558e-08
321.64	4.20551e-08
321.66	4.15594e-08
321.68	4.10706e-08
321.7	4.05887e-08
321.72	4.01137e-08
321.74	3.96453e-08
321.76	3.91835e-08
321.78	3.87282e-08
321.8	3.82793e-08
321.82	3.78366e-08
321.84	3.74002e-08
321.86	3.69698e-08
321.88	3.65455e-08
321.9	3.61271e-08
321.92	3.57145e-08
321.94	3.53077e-08
321.96	3.49065e-08
321.98	3.45108e-08
322	3.41207e-08
322.02	3.37359e-08
322.04	3.33565e-08
322.06	3.29823e-08
322.08	3.26133e-08
322.1	3.22493e-08
322.12	3.18904e-08
322.14	3.15364e-08
322.16	3.11872e-08
322.18	3.08428e-08
322.2	3.05031e-08
322.22	3.01681e-08
322.24	2.98377e-08
322.26	2.95117e-08
322.28	2.91902e-08
322.3	2.88731e-08
322.32	2.85603e-08
322.34	2.82517e-08
322.36	2.79473e-08
322.38	2.7647e-08
322.4	2.73508e-08
322.42	2.70585e-08
322.44	2.67702e-08
322.46	2.64858e-08
322.48	2.62053e-08
322.5	2.59284e-08
322.52	2.56553e-08
322.54	2.53859e-08
322.56	2.51201e-08
322.58	2.48578e-08
322.6	2.4599e-08
322.62	2.43436e-08
322.64	2.40917e-08
322.66	2.38431e-08
322.68	2.35978e-08
322.7	2.33558e-08
322.72	2.3117e-08
322.74	2.28813e-08
322.76	2.26488e-08
322.78	2.24193e-08
322.8	2.21928e-08
322.82	2.19694e-08
322.84	2.17488e-08
322.86	2.15312e-08
322.88	2.13164e-08
322.9	2.11044e-08
322.92	2.08952e-08
322.94	2.06888e-08
322.96	2.0485e-08
322.98	2.02839e-08
323	2.00854e-08
323.02	1.98895e-08
323.04	1.96961e-08
323.06	1.95053e-08
323.08	1.93169e-08
323.1	1.91309e-08
323.12	1.89474e-08
323.14	1.87662e-08
323.16	1.85874e-08
323.18	1.84109e-08
323.2	1.82366e-08
323.22	1.80646e-08
323.24	1.78948e-08
323.26	1.77272e-08
323.28	1.75617e-08
323.3	1.73983e-08
323.32	1.7237e-08
323.34	1.70778e-08
323.36	1.69206e-08
323.38	1.67655e-08
323.4	1.66122e-08
323.42	1.6461e-08
323.44	1.63116e-08
323.46	1.61642e-08
323.48	1.60186e-08
323.5	1.58748e-08
323.52	1.57329e-08
323.54	1.55928e-08
323.56	1.54544e-08
323.58	1.53178e-08
323.6	1.51829e-08
323.62	1.50497e-08
323.64	1.49182e-08
323.66	1.47883e-08
323.68	1.466e-08
323.7	1.45334e-08
323.72	1.44083e-08
323.74	1.42848e-08
323.76	1.41628e-08
323.78	1.40424e-08
323.8	1.39234e-08
323.82	1.3806e-08
323.84	1.369e-08
323.86	1.35754e-08
323.88	1.34623e-08
323.9	1.33505e-08
323.92	1.32402e-08
323.94	1.31312e-08
323.96	1.30235e-08
323.98	1.29172e-08
324	1.28122e-08
324.02	1.27085e-08
324.04	1.26061e-08
324.06	1.25049e-08
324.08	1.2405e-08
324.1	1.23063e-08
324.12	1.22089e-08
324.14	1.21126e-08
324.16	1.20175e-08
324.18	1.19235e-08
324.2	1.18308e-08
324.22	1.17391e-08
324.24	1.16486e-08
324.26	1.15592e-08
324.28	1.14708e-08
324.3	1.13836e-08
324.32	1.12974e-08
324.34	1.12122e-08
324.36	1.11281e-08
324.38	1.10451e-08
324.4	1.0963e-08
324.42	1.08819e-08
324.44	1.08018e-08
324.46	1.07227e-08
324.48	1.06446e-08
324.5	1.05674e-08
324.52	1.04911e-08
324.54	1.04158e-08
324.56	1.03414e-08
324.58	1.02678e-08
324.6	1.01952e-08
324.62	1.01235e-08
324.64	1.00526e-08
324.66	9.98256e-09
324.68	9.91338e-09
324.7	9.84504e-09
324.72	9.77753e-09
324.74	9.71083e-09
324.76	9.64494e-09
324.78	9.57985e-09
324.8	9.51555e-09
324.82	9.45202e-09
324.84	9.38926e-09
324.86	9.32726e-09
324.88	9.26601e-09
324.9	9.2055e-09
324.92	9.14572e-09
324.94	9.08667e-09
324.96	9.02833e-09
324.98	8.9707e-09
325	8.91376e-09
325.02	8.85752e-09
325.04	8.80196e-09
325.06	8.74707e-09
325.08	8.69284e-09
325.1	8.63928e-09
325.12	8.58636e-09
325.14	8.53409e-09
325.16	8.48245e-09
325.18	8.43144e-09
325.2	8.38105e-09
325.22	8.33128e-09
325.24	8.28211e-09
325.26	8.23354e-09
325.28	8.18557e-09
325.3	8.13818e-09
325.32	8.09137e-09
325.34	8.04513e-09
325.36	7.99946e-09
325.38	7.95435e-09
325.4	7.9098e-09
325.42	7.8658e-09
325.44	7.82233e-09
325.46	7.77941e-09
325.48	7.73701e-09
325.5	7.69514e-09
325.52	7.65379e-09
325.54	7.61295e-09
325.56	7.57262e-09
325.58	7.53279e-09
325.6	7.49346e-09
325.62	7.45462e-09
325.64	7.41626e-09
325.66	7.37839e-09
325.68	7.341e-09
325.7	7.30408e-09
325.72	7.26762e-09
325.74	7.23163e-09
325.76	7.19609e-09
325.78	7.16101e-09
325.8	7.12637e-09
325.82	7.09218e-09
325.84	7.05843e-09
325.86	7.02511e-09
325.88	6.99222e-09
325.9	6.95976e-09
325.92	6.92772e-09
325.94	6.8961e-09
325.96	6.8649e-09
325.98	6.8341e-09
326	6.80371e-09
326.02	6.77372e-09
326.04	6.74413e-09
326.06	6.71493e-09
326.08	6.68613e-09
326.1	6.65771e-09
326.12	6.62968e-09
326.14	6.60203e-09
326.16	6.57475e-09
326.18	6.54785e-09
326.2	6.52132e-09
326.22	6.49516e-09
326.24	6.46936e-09
326.26	6.44392e-09
326.28	6.41884e-09
326.3	6.39411e-09
326.32	6.36973e-09
326.34	6.34571e-09
326.36	6.32203e-09
326.38	6.29869e-09
326.4	6.27569e-09
326.42	6.25303e-09
326.44	6.2307e-09
326.46	6.20871e-09
326.48	6.18705e-09
326.5	6.16571e-09
326.52	6.1447e-09
326.54	6.12401e-09
326.56	6.10364e-09
326.58	6.08359e-09
326.6	6.06385e-09
326.62	6.04442e-09
326.64	6.02531e-09
326.66	6.00651e-09
326.68	5.98801e-09
326.7	5.96981e-09
326.72	5.95192e-09
326.74	5.93433e-09
326.76	5.91704e-09
326.78	5.90004e-09
326.8	5.88334e-09
326.82	5.86693e-09
326.84	5.85081e-09
326.86	5.83498e-09
326.88	5.81944e-09
326.9	5.80419e-09
326.92	5.78922e-09
326.94	5.77453e-09
326.96	5.76013e-09
326.98	5.746e-09
327	5.73216e-09
327.02	5.71859e-09
327.04	5.7053e-09
327.06	5.69228e-09
327.08	5.67954e-09
327.1	5.66706e-09
327.12	5.65486e-09
327.14	5.64293e-09
327.16	5.63127e-09
327.18	5.61987e-09
327.2	5.60875e-09
327.22	5.59789e-09
327.24	5.58729e-09
327.26	5.57696e-09
327.28	5.56689e-09
327.3	5.55708e-09
327.32	5.54754e-09
327.34	5.53825e-09
327.36	5.52923e-09
327.38	5.52046e-09
327.4	5.51196e-09
327.42	5.50371e-09
327.44	5.49572e-09
327.46	5.48799e-09
327.48	5.48052e-09
327.5	5.4733e-09
327.52	5.46634e-09
327.54	5.45964e-09
327.56	5.45319e-09
327.58	5.447e-09
327.6	5.44106e-09
327.62	5.43538e-09
327.64	5.42996e-09
327.66	5.42479e-09
327.68	5.41987e-09
327.7	5.41521e-09
327.72	5.41081e-09
327.74	5.40666e-09
327.76	5.40277e-09
327.78	5.39913e-09
327.8	5.39575e-09
327.82	5.39263e-09
327.84	5.38977e-09
327.86	5.38716e-09
327.88	5.38481e-09
327.9	5.38272e-09
327.92	5.38089e-09
327.94	5.37932e-09
327.96	5.37801e-09
327.98	5.37696e-09
328	5.37618e-09
328.02	5.37566e-09
328.04	5.3754e-09
328.06	5.37541e-09
328.08	5.37568e-09
328.1	5.37623e-09
328.12	5.37704e-09
328.14	5.37812e-09
328.16	5.37947e-09
328.18	5.3811e-09
328.2	5.383e-09
328.22	5.38517e-09
328.24	5.38762e-09
328.26	5.39036e-09
328.28	5.39337e-09
328.3	5.39666e-09
328.32	5.40024e-09
328.34	5.40411e-09
328.36	5.40826e-09
328.38	5.41271e-09
328.4	5.41744e-09
328.42	5.42248e-09
328.44	5.42781e-09
328.46	5.43344e-09
328.48	5.43937e-09
328.5	5.44561e-09
328.52	5.45215e-09
328.54	5.45901e-09
328.56	5.46618e-09
328.58	5.47367e-09
328.6	5.48148e-09
328.62	5.48961e-09
328.64	5.49807e-09
328.66	5.50686e-09
328.68	5.51598e-09
328.7	5.52544e-09
328.72	5.53524e-09
328.74	5.54539e-09
328.76	5.55589e-09
328.78	5.56675e-09
328.8	5.57796e-09
328.82	5.58954e-09
328.84	5.60148e-09
328.86	5.6138e-09
328.88	5.6265e-09
328.9	5.63958e-09
328.92	5.65305e-09
328.94	5.66692e-09
328.96	5.68119e-09
328.98	5.69586e-09
329	5.71095e-09
329.02	5.72647e-09
329.04	5.74241e-09
329.06	5.75878e-09
329.08	5.77559e-09
329.1	5.79286e-09
329.12	5.81058e-09
329.14	5.82877e-09
329.16	5.84744e-09
329.18	5.86658e-09
329.2	5.88622e-09
329.22	5.90636e-09
329.24	5.92702e-09
329.26	5.94819e-09
329.28	5.9699e-09
329.3	5.99215e-09
329.32	6.01496e-09
329.34	6.03834e-09
329.36	6.0623e-09
329.38	6.08685e-09
329.4	6.11201e-09
329.42	6.13779e-09
329.44	6.16421e-09
329.46	6.19128e-09
329.48	6.21902e-09
329.5	6.24744e-09
329.52	6.27657e-09
329.54	6.30642e-09
329.56	6.33701e-09
329.58	6.36837e-09
329.6	6.40051e-09
329.62	6.43346e-09
329.64	6.46724e-09
329.66	6.50188e-09
329.68	6.5374e-09
329.7	6.57383e-09
329.72	6.6112e-09
329.74	6.64955e-09
329.76	6.68891e-09
329.78	6.72931e-09
329.8	6.77078e-09
329.82	6.81338e-09
329.84	6.85715e-09
329.86	6.90212e-09
329.88	6.94836e-09
329.9	6.9959e-09
329.92	7.04482e-09
329.94	7.09517e-09
329.96	7.14703e-09
329.98	7.20045e-09
330	7.25553e-09
330.02	7.31234e-09
330.04	7.37099e-09
330.06	7.43159e-09
330.08	7.49424e-09
330.1	7.55908e-09
330.12	7.62625e-09
330.14	7.69592e-09
330.16	7.76828e-09
330.18	7.84354e-09
330.2	7.92196e-09
330.22	8.00382e-09
330.24	8.08947e-09
330.26	8.17933e-09
330.28	8.27392e-09
330.3	8.37389e-09
330.32	8.48006e-09
330.34	8.59355e-09
330.36	8.71593e-09
330.38	8.84952e-09
330.4	8.99804e-09
330.42	9.16823e-09
330.44	9.37445e-09
330.46	9.65506e-09
330.48	1.01495e-08
330.5	1.15268e-08
330.52	1.54942e-08
330.54	2.60155e-08
330.56	5.45689e-08
330.58	1.29863e-07
330.6	3.10286e-07
330.62	7.09064e-07
330.64	1.54635e-06
330.66	3.20239e-06
330.68	6.21157e-06
330.7	1.11501e-05
330.72	1.83981e-05
330.74	2.79438e-05
330.76	3.9455e-05
330.78	5.24826e-05
330.8	6.65817e-05
330.82	8.13532e-05
330.84	9.64591e-05
330.86	0.000111629
330.88	0.000126655
330.9	0.000141387
330.92	0.000155715
330.94	0.000169565
330.96	0.000182888
330.98	0.000195653
331	0.000207845
331.02	0.000219457
331.04	0.000230492
331.06	0.000240958
331.08	0.000250866
331.1	0.00026023
331.12	0.000269066
331.14	0.000277391
331.16	0.000285222
331.18	0.000292578
331.2	0.000299475
331.22	0.00030593
331.24	0.000311961
331.26	0.000317584
331.28	0.000322814
331.3	0.000327668
331.32	0.00033216
331.34	0.000336305
331.36	0.000340116
331.38	0.000343607
331.4	0.00034679
331.42	0.000349679
331.44	0.000352285
331.46	0.000354619
331.48	0.000356693
331.5	0.000358518
331.52	0.000360103
331.54	0.000361458
331.56	0.000362594
331.58	0.000363519
331.6	0.000364242
331.62	0.000364771
331.64	0.000365115
331.66	0.000365281
331.68	0.000365277
331.7	0.00036511
331.72	0.000364788
331.74	0.000364316
331.76	0.000363701
331.78	0.00036295
331.8	0.000362068
331.82	0.000361061
331.84	0.000359935
331.86	0.000358694
331.88	0.000357344
331.9	0.00035589
331.92	0.000354336
331.94	0.000352687
331.96	0.000350948
331.98	0.000349121
332	0.000347213
332.02	0.000345225
332.04	0.000343163
332.06	0.00034103
332.08	0.000338829
332.1	0.000336563
332.12	0.000334237
332.14	0.000331853
332.16	0.000329413
332.18	0.000326922
332.2	0.000324383
332.22	0.000321796
332.24	0.000319167
332.26	0.000316496
332.28	0.000313788
332.3	0.000311043
332.32	0.000308265
332.34	0.000305455
332.36	0.000302617
332.38	0.000299752
332.4	0.000296863
332.42	0.000293951
332.44	0.000291018
332.46	0.000288067
332.48	0.0002851
332.5	0.000282117
332.52	0.000279121
332.54	0.000276115
332.56	0.000273098
332.58	0.000270074
332.6	0.000267043
332.62	0.000264007
332.64	0.000260968
332.66	0.000257928
332.68	0.000254886
332.7	0.000251846
332.72	0.000248808
332.74	0.000245773
332.76	0.000242743
332.78	0.00023972
332.8	0.000236703
332.82	0.000233694
332.84	0.000230695
332.86	0.000227706
332.88	0.000224728
332.9	0.000221763
332.92	0.000218811
332.94	0.000215873
332.96	0.00021295
332.98	0.000210043
333	0.000207153
333.02	0.000204279
333.04	0.000201424
333.06	0.000198588
333.08	0.000195771
333.1	0.000192974
333.12	0.000190197
333.14	0.000187442
333.16	0.000184708
333.18	0.000181997
333.2	0.000179308
333.22	0.000176642
333.24	0.000173999
333.26	0.000171381
333.28	0.000168787
333.3	0.000166217
333.32	0.000163672
333.34	0.000161152
333.36	0.000158658
333.38	0.000156189
333.4	0.000153746
333.42	0.00015133
333.44	0.000148939
333.46	0.000146575
333.48	0.000144237
333.5	0.000141926
333.52	0.000139642
333.54	0.000137385
333.56	0.000135154
333.58	0.00013295
333.6	0.000130773
333.62	0.000128623
333.64	0.0001265
333.66	0.000124404
333.68	0.000122335
333.7	0.000120293
333.72	0.000118277
333.74	0.000116288
333.76	0.000114326
333.78	0.000112391
333.8	0.000110481
333.82	0.000108598
333.84	0.000106741
333.86	0.000104911
333.88	0.000103106
333.9	0.000101327
333.92	9.95732e-05
333.94	9.78452e-05
333.96	9.61424e-05
333.98	9.44646e-05
334	9.28118e-05
334.02	9.11836e-05
334.04	8.958e-05
334.06	8.80006e-05
334.08	8.64453e-05
334.1	8.49139e-05
334.12	8.34061e-05
334.14	8.19218e-05
334.16	8.04607e-05
334.18	7.90225e-05
334.2	7.76071e-05
334.22	7.62142e-05
334.24	7.48435e-05
334.26	7.34949e-05
334.28	7.21681e-05
334.3	7.08628e-05
334.32	6.95788e-05
334.34	6.83159e-05
334.36	6.70737e-05
334.38	6.58522e-05
334.4	6.46509e-05
334.42	6.34697e-05
334.44	6.23082e-05
334.46	6.11664e-05
334.48	6.00438e-05
334.5	5.89403e-05
334.52	5.78556e-05
334.54	5.67894e-05
334.56	5.57415e-05
334.58	5.47117e-05
334.6	5.36996e-05
334.62	5.27052e-05
334.64	5.1728e-05
334.66	5.07678e-05
334.68	4.98245e-05
334.7	4.88978e-05
334.72	4.79874e-05
334.74	4.70931e-05
334.76	4.62146e-05
334.78	4.53517e-05
334.8	4.45042e-05
334.82	4.36719e-05
334.84	4.28545e-05
334.86	4.20517e-05
334.88	4.12634e-05
334.9	4.04893e-05
334.92	3.97293e-05
334.94	3.8983e-05
334.96	3.82503e-05
334.98	3.75309e-05
335	3.68246e-05
335.02	3.61313e-05
335.04	3.54507e-05
335.06	3.47825e-05
335.08	3.41267e-05
335.1	3.34829e-05
335.12	3.28511e-05
335.14	3.22309e-05
335.16	3.16222e-05
335.18	3.10248e-05
335.2	3.04385e-05
335.22	2.98631e-05
335.24	2.92985e-05
335.26	2.87444e-05
335.28	2.82006e-05
335.3	2.76671e-05
335.32	2.71435e-05
335.34	2.66298e-05
335.36	2.61257e-05
335.38	2.56311e-05
335.4	2.51459e-05
335.42	2.46698e-05
335.44	2.42027e-05
335.46	2.37444e-05
335.48	2.32948e-05
335.5	2.28537e-05
335.52	2.2421e-05
335.54	2.19965e-05
335.56	2.158e-05
335.58	2.11715e-05
335.6	2.07707e-05
335.62	2.03776e-05
335.64	1.9992e-05
335.66	1.96137e-05
335.68	1.92427e-05
335.7	1.88787e-05
335.72	1.85217e-05
335.74	1.81715e-05
335.76	1.78281e-05
335.78	1.74912e-05
335.8	1.71607e-05
335.82	1.68366e-05
335.84	1.65187e-05
335.86	1.62069e-05
335.88	1.59011e-05
335.9	1.56012e-05
335.92	1.5307e-05
335.94	1.50184e-05
335.96	1.47355e-05
335.98	1.44579e-05
336	1.41857e-05
336.02	1.39187e-05
336.04	1.36569e-05
336.06	1.34001e-05
336.08	1.31482e-05
336.1	1.29012e-05
336.12	1.2659e-05
336.14	1.24214e-05
336.16	1.21883e-05
336.18	1.19598e-05
336.2	1.17357e-05
336.22	1.15159e-05
336.24	1.13003e-05
336.26	1.10888e-05
336.28	1.08815e-05
336.3	1.06781e-05
336.32	1.04787e-05
336.34	1.0283e-05
336.36	1.00912e-05
336.38	9.90304e-06
336.4	9.7185e-06
336.42	9.53752e-06
336.44	9.36001e-06
336.46	9.18592e-06
336.48	9.01518e-06
336.5	8.84772e-06
336.52	8.68348e-06
336.54	8.5224e-06
336.56	8.36441e-06
336.58	8.20945e-06
336.6	8.05747e-06
336.62	7.90841e-06
336.64	7.76221e-06
336.66	7.61881e-06
336.68	7.47816e-06
336.7	7.34021e-06
336.72	7.2049e-06
336.74	7.07218e-06
336.76	6.942e-06
336.78	6.81432e-06
336.8	6.68908e-06
336.82	6.56623e-06
336.84	6.44573e-06
336.86	6.32753e-06
336.88	6.21159e-06
336.9	6.09786e-06
336.92	5.9863e-06
336.94	5.87687e-06
336.96	5.76953e-06
336.98	5.66423e-06
337	5.56093e-06
337.02	5.4596e-06
337.04	5.3602e-06
337.06	5.26268e-06
337.08	5.16702e-06
337.1	5.07318e-06
337.12	4.98112e-06
337.14	4.8908e-06
337.16	4.80219e-06
337.18	4.71526e-06
337.2	4.62998e-06
337.22	4.54631e-06
337.24	4.46423e-06
337.26	4.38369e-06
337.28	4.30468e-06
337.3	4.22715e-06
337.32	4.15109e-06
337.34	4.07646e-06
337.36	4.00324e-06
337.38	3.9314e-06
337.4	3.8609e-06
337.42	3.79174e-06
337.44	3.72387e-06
337.46	3.65727e-06
337.48	3.59193e-06
337.5	3.52781e-06
337.52	3.46489e-06
337.54	3.40314e-06
337.56	3.34256e-06
337.58	3.2831e-06
337.6	3.22476e-06
337.62	3.16751e-06
337.64	3.11132e-06
337.66	3.05618e-06
337.68	3.00207e-06
337.7	2.94896e-06
337.72	2.89684e-06
337.74	2.84569e-06
337.76	2.79549e-06
337.78	2.74622e-06
337.8	2.69787e-06
337.82	2.6504e-06
337.84	2.60382e-06
337.86	2.5581e-06
337.88	2.51323e-06
337.9	2.46918e-06
337.92	2.42594e-06
337.94	2.38351e-06
337.96	2.34185e-06
337.98	2.30096e-06
338	2.26082e-06
338.02	2.22143e-06
338.04	2.18275e-06
338.06	2.14478e-06
338.08	2.10751e-06
338.1	2.07093e-06
338.12	2.03501e-06
338.14	1.99975e-06
338.16	1.96513e-06
338.18	1.93115e-06
338.2	1.89779e-06
338.22	1.86503e-06
338.24	1.83287e-06
338.26	1.8013e-06
338.28	1.7703e-06
338.3	1.73987e-06
338.32	1.70999e-06
338.34	1.68065e-06
338.36	1.65184e-06
338.38	1.62355e-06
338.4	1.59578e-06
338.42	1.5685e-06
338.44	1.54172e-06
338.46	1.51543e-06
338.48	1.48961e-06
338.5	1.46425e-06
338.52	1.43935e-06
338.54	1.4149e-06
338.56	1.39089e-06
338.58	1.36731e-06
338.6	1.34415e-06
338.62	1.32141e-06
338.64	1.29908e-06
338.66	1.27714e-06
338.68	1.2556e-06
338.7	1.23445e-06
338.72	1.21367e-06
338.74	1.19326e-06
338.76	1.17321e-06
338.78	1.15353e-06
338.8	1.13419e-06
338.82	1.1152e-06
338.84	1.09654e-06
338.86	1.07822e-06
338.88	1.06022e-06
338.9	1.04254e-06
338.92	1.02518e-06
338.94	1.00812e-06
338.96	9.91359e-07
338.98	9.74897e-07
339	9.58726e-07
339.02	9.42841e-07
339.04	9.27235e-07
339.06	9.11903e-07
339.08	8.96842e-07
339.1	8.82045e-07
339.12	8.67508e-07
339.14	8.53226e-07
339.16	8.39195e-07
339.18	8.25409e-07
339.2	8.11864e-07
339.22	7.98556e-07
339.24	7.85481e-07
339.26	7.72634e-07
339.28	7.60011e-07
339.3	7.47608e-07
339.32	7.3542e-07
339.34	7.23445e-07
339.36	7.11678e-07
339.38	7.00115e-07
339.4	6.88753e-07
339.42	6.77587e-07
339.44	6.66615e-07
339.46	6.55833e-07
339.48	6.45237e-07
339.5	6.34825e-07
339.52	6.24592e-07
339.54	6.14535e-07
339.56	6.04652e-07
339.58	5.94938e-07
339.6	5.85392e-07
339.62	5.7601e-07
339.64	5.66788e-07
339.66	5.57725e-07
339.68	5.48817e-07
339.7	5.40062e-07
339.72	5.31457e-07
339.74	5.22998e-07
339.76	5.14684e-07
339.78	5.06512e-07
339.8	4.98479e-07
339.82	4.90583e-07
339.84	4.82821e-07
339.86	4.75191e-07
339.88	4.6769e-07
339.9	4.60317e-07
339.92	4.53069e-07
339.94	4.45944e-07
339.96	4.38939e-07
339.98	4.32053e-07
340	4.25283e-07
340.02	4.18627e-07
340.04	4.12083e-07
340.06	4.0565e-07
340.08	3.99325e-07
340.1	3.93106e-07
340.12	3.86992e-07
340.14	3.8098e-07
340.16	3.75069e-07
340.18	3.69257e-07
340.2	3.63543e-07
340.22	3.57924e-07
340.24	3.52399e-07
340.26	3.46966e-07
340.28	3.41623e-07
340.3	3.3637e-07
340.32	3.31204e-07
340.34	3.26124e-07
340.36	3.21128e-07
340.38	3.16216e-07
340.4	3.11384e-07
340.42	3.06633e-07
340.44	3.01961e-07
340.46	2.97365e-07
340.48	2.92846e-07
340.5	2.88401e-07
340.52	2.8403e-07
340.54	2.7973e-07
340.56	2.75502e-07
340.58	2.71342e-07
340.6	2.67252e-07
340.62	2.63228e-07
340.64	2.5927e-07
340.66	2.55377e-07
340.68	2.51548e-07
340.7	2.47782e-07
340.72	2.44077e-07
340.74	2.40432e-07
340.76	2.36847e-07
340.78	2.3332e-07
340.8	2.29851e-07
340.82	2.26438e-07
340.84	2.23081e-07
340.86	2.19778e-07
340.88	2.16528e-07
340.9	2.13331e-07
340.92	2.10186e-07
340.94	2.07092e-07
340.96	2.04048e-07
340.98	2.01053e-07
341	1.98106e-07
341.02	1.95206e-07
341.04	1.92354e-07
341.06	1.89547e-07
341.08	1.86785e-07
341.1	1.84067e-07
341.12	1.81393e-07
341.14	1.78762e-07
341.16	1.76173e-07
341.18	1.73625e-07
341.2	1.71118e-07
341.22	1.6865e-07
341.24	1.66222e-07
341.26	1.63833e-07
341.28	1.61482e-07
341.3	1.59168e-07
341.32	1.5689e-07
341.34	1.54649e-07
341.36	1.52444e-07
341.38	1.50273e-07
341.4	1.48136e-07
341.42	1.46033e-07
341.44	1.43963e-07
341.46	1.41926e-07
341.48	1.39921e-07
341.5	1.37948e-07
341.52	1.36005e-07
341.54	1.34093e-07
341.56	1.32211e-07
341.58	1.30358e-07
341.6	1.28534e-07
341.62	1.26739e-07
341.64	1.24972e-07
341.66	1.23232e-07
341.68	1.21519e-07
341.7	1.19833e-07
341.72	1.18173e-07
341.74	1.16539e-07
341.76	1.14931e-07
341.78	1.13347e-07
341.8	1.11787e-07
341.82	1.10252e-07
341.84	1.08741e-07
341.86	1.07252e-07
341.88	1.05787e-07
341.9	1.04344e-07
341.92	1.02924e-07
341.94	1.01525e-07
341.96	1.00148e-07
341.98	9.87913e-08
342	9.74558e-08
342.02	9.61408e-08
342.04	9.48458e-08
342.06	9.35705e-08
342.08	9.23147e-08
342.1	9.1078e-08
342.12	8.986e-08
342.14	8.86606e-08
342.16	8.74794e-08
342.18	8.6316e-08
342.2	8.51702e-08
342.22	8.40418e-08
342.24	8.29304e-08
342.26	8.18357e-08
342.28	8.07576e-08
342.3	7.96956e-08
342.32	7.86496e-08
342.34	7.76194e-08
342.36	7.66045e-08
342.38	7.56049e-08
342.4	7.46202e-08
342.42	7.36502e-08
342.44	7.26947e-08
342.46	7.17534e-08
342.48	7.08261e-08
342.5	6.99127e-08
342.52	6.90128e-08
342.54	6.81262e-08
342.56	6.72528e-08
342.58	6.63923e-08
342.6	6.55446e-08
342.62	6.47093e-08
342.64	6.38864e-08
342.66	6.30756e-08
342.68	6.22767e-08
342.7	6.14896e-08
342.72	6.0714e-08
342.74	5.99498e-08
342.76	5.91968e-08
342.78	5.84548e-08
342.8	5.77237e-08
342.82	5.70032e-08
342.84	5.62932e-08
342.86	5.55936e-08
342.88	5.49041e-08
342.9	5.42246e-08
342.92	5.3555e-08
342.94	5.28951e-08
342.96	5.22448e-08
342.98	5.16038e-08
343	5.09721e-08
343.02	5.03495e-08
343.04	4.97359e-08
343.06	4.91311e-08
343.08	4.8535e-08
343.1	4.79475e-08
343.12	4.73683e-08
343.14	4.67975e-08
343.16	4.62348e-08
343.18	4.56802e-08
343.2	4.51334e-08
343.22	4.45945e-08
343.24	4.40632e-08
343.26	4.35395e-08
343.28	4.30232e-08
343.3	4.25142e-08
343.32	4.20125e-08
343.34	4.15178e-08
343.36	4.10301e-08
343.38	4.05493e-08
343.4	4.00753e-08
343.42	3.96079e-08
343.44	3.91471e-08
343.46	3.86928e-08
343.48	3.82448e-08
343.5	3.78031e-08
343.52	3.73676e-08
343.54	3.69382e-08
343.56	3.65148e-08
343.58	3.60973e-08
343.6	3.56855e-08
343.62	3.52795e-08
343.64	3.48792e-08
343.66	3.44844e-08
343.68	3.4095e-08
343.7	3.3711e-08
343.72	3.33324e-08
343.74	3.2959e-08
343.76	3.25907e-08
343.78	3.22274e-08
343.8	3.18692e-08
343.82	3.15159e-08
343.84	3.11674e-08
343.86	3.08237e-08
343.88	3.04847e-08
343.9	3.01504e-08
343.92	2.98206e-08
343.94	2.94953e-08
343.96	2.91744e-08
343.98	2.88579e-08
344	2.85456e-08
344.02	2.82376e-08
344.04	2.79338e-08
344.06	2.76341e-08
344.08	2.73384e-08
344.1	2.70467e-08
344.12	2.6759e-08
344.14	2.64751e-08
344.16	2.6195e-08
344.18	2.59187e-08
344.2	2.56461e-08
344.22	2.53772e-08
344.24	2.51118e-08
344.26	2.485e-08
344.28	2.45917e-08
344.3	2.43368e-08
344.32	2.40853e-08
344.34	2.38372e-08
344.36	2.35923e-08
344.38	2.33507e-08
344.4	2.31123e-08
344.42	2.2877e-08
344.44	2.26449e-08
344.46	2.24158e-08
344.48	2.21897e-08
344.5	2.19666e-08
344.52	2.17465e-08
344.54	2.15292e-08
344.56	2.13148e-08
344.58	2.11032e-08
344.6	2.08943e-08
344.62	2.06882e-08
344.64	2.04848e-08
344.66	2.0284e-08
344.68	2.00858e-08
344.7	1.98902e-08
344.72	1.96972e-08
344.74	1.95066e-08
344.76	1.93185e-08
344.78	1.91329e-08
344.8	1.89496e-08
344.82	1.87688e-08
344.84	1.85902e-08
344.86	1.84139e-08
344.88	1.824e-08
344.9	1.80682e-08
344.92	1.78987e-08
344.94	1.77313e-08
344.96	1.7566e-08
344.98	1.74029e-08
345	1.72419e-08
345.02	1.70829e-08
345.04	1.6926e-08
345.06	1.6771e-08
345.08	1.6618e-08
345.1	1.6467e-08
345.12	1.63178e-08
345.14	1.61706e-08
345.16	1.60252e-08
345.18	1.58817e-08
345.2	1.574e-08
345.22	1.56e-08
345.24	1.54619e-08
345.26	1.53254e-08
345.28	1.51907e-08
345.3	1.50577e-08
345.32	1.49263e-08
345.34	1.47966e-08
345.36	1.46685e-08
345.38	1.45421e-08
345.4	1.44172e-08
345.42	1.42938e-08
345.44	1.4172e-08
345.46	1.40517e-08
345.48	1.3933e-08
345.5	1.38157e-08
345.52	1.36998e-08
345.54	1.35854e-08
345.56	1.34724e-08
345.58	1.33608e-08
345.6	1.32506e-08
345.62	1.31418e-08
345.64	1.30342e-08
345.66	1.29281e-08
345.68	1.28232e-08
345.7	1.27196e-08
345.72	1.26173e-08
345.74	1.25163e-08
345.76	1.24165e-08
345.78	1.23179e-08
345.8	1.22206e-08
345.82	1.21244e-08
345.84	1.20294e-08
345.86	1.19356e-08
345.88	1.18429e-08
345.9	1.17514e-08
345.92	1.1661e-08
345.94	1.15717e-08
345.96	1.14835e-08
345.98	1.13963e-08
346	1.13102e-08
346.02	1.12252e-08
346.04	1.11412e-08
346.06	1.10582e-08
346.08	1.09762e-08
346.1	1.08953e-08
346.12	1.08153e-08
346.14	1.07363e-08
346.16	1.06582e-08
346.18	1.05811e-08
346.2	1.05049e-08
346.22	1.04297e-08
346.24	1.03553e-08
346.26	1.02819e-08
346.28	1.02094e-08
346.3	1.01377e-08
346.32	1.00669e-08
346.34	9.99695e-09
346.36	9.92785e-09
346.38	9.85959e-09
346.4	9.79215e-09
346.42	9.72554e-09
346.44	9.65972e-09
346.46	9.5947e-09
346.48	9.53047e-09
346.5	9.46702e-09
346.52	9.40433e-09
346.54	9.34241e-09
346.56	9.28123e-09
346.58	9.22079e-09
346.6	9.16108e-09
346.62	9.1021e-09
346.64	9.04383e-09
346.66	8.98626e-09
346.68	8.92939e-09
346.7	8.87321e-09
346.72	8.81771e-09
346.74	8.76289e-09
346.76	8.70873e-09
346.78	8.65523e-09
346.8	8.60237e-09
346.82	8.55016e-09
346.84	8.49859e-09
346.86	8.44764e-09
346.88	8.39731e-09
346.9	8.3476e-09
346.92	8.29849e-09
346.94	8.24998e-09
346.96	8.20206e-09
346.98	8.15473e-09
347	8.10798e-09
347.02	8.0618e-09
347.04	8.01619e-09
347.06	7.97114e-09
347.08	7.92665e-09
347.1	7.8827e-09
347.12	7.83929e-09
347.14	7.79642e-09
347.16	7.75408e-09
347.18	7.71226e-09
347.2	7.67096e-09
347.22	7.63018e-09
347.24	7.5899e-09
347.26	7.55013e-09
347.28	7.51085e-09
347.3	7.47207e-09
347.32	7.43377e-09
347.34	7.39595e-09
347.36	7.35861e-09
347.38	7.32175e-09
347.4	7.28534e-09
347.42	7.2494e-09
347.44	7.21392e-09
347.46	7.17889e-09
347.48	7.14431e-09
347.5	7.11017e-09
347.52	7.07647e-09
347.54	7.04321e-09
347.56	7.01038e-09
347.58	6.97797e-09
347.6	6.94598e-09
347.62	6.91442e-09
347.64	6.88327e-09
347.66	6.85252e-09
347.68	6.82219e-09
347.7	6.79225e-09
347.72	6.76272e-09
347.74	6.73358e-09
347.76	6.70483e-09
347.78	6.67647e-09
347.8	6.64849e-09
347.82	6.62089e-09
347.84	6.59367e-09
347.86	6.56683e-09
347.88	6.54035e-09
347.9	6.51424e-09
347.92	6.4885e-09
347.94	6.46312e-09
347.96	6.43809e-09
347.98	6.41342e-09
348	6.38911e-09
348.02	6.36514e-09
348.04	6.34151e-09
348.06	6.31824e-09
348.08	6.2953e-09
348.1	6.2727e-09
348.12	6.25043e-09
348.14	6.2285e-09
348.16	6.2069e-09
348.18	6.18562e-09
348.2	6.16467e-09
348.22	6.14404e-09
348.24	6.12374e-09
348.26	6.10375e-09
348.28	6.08407e-09
348.3	6.06471e-09
348.32	6.04566e-09
348.34	6.02692e-09
348.36	6.00849e-09
348.38	5.99036e-09
348.4	5.97254e-09
348.42	5.95501e-09
348.44	5.93779e-09
348.46	5.92086e-09
348.48	5.90423e-09
348.5	5.88789e-09
348.52	5.87184e-09
348.54	5.85609e-09
348.56	5.84062e-09
348.58	5.82544e-09
348.6	5.81054e-09
348.62	5.79593e-09
348.64	5.7816e-09
348.66	5.76755e-09
348.68	5.75378e-09
348.7	5.74029e-09
348.72	5.72708e-09
348.74	5.71414e-09
348.76	5.70147e-09
348.78	5.68908e-09
348.8	5.67696e-09
348.82	5.66512e-09
348.84	5.65354e-09
348.86	5.64223e-09
348.88	5.63118e-09
348.9	5.62041e-09
348.92	5.6099e-09
348.94	5.59966e-09
348.96	5.58968e-09
348.98	5.57996e-09
349	5.57051e-09
349.02	5.56132e-09
349.04	5.55239e-09
349.06	5.54372e-09
349.08	5.53531e-09
349.1	5.52716e-09
349.12	5.51927e-09
349.14	5.51164e-09
349.16	5.50427e-09
349.18	5.49715e-09
349.2	5.4903e-09
349.22	5.4837e-09
349.24	5.47736e-09
349.26	5.47127e-09
349.28	5.46545e-09
349.3	5.45988e-09
349.32	5.45456e-09
349.34	5.4495e-09
349.36	5.44471e-09
349.38	5.44016e-09
349.4	5.43588e-09
349.42	5.43185e-09
349.44	5.42808e-09
349.46	5.42457e-09
349.48	5.42131e-09
349.5	5.41832e-09
349.52	5.41558e-09
349.54	5.4131e-09
349.56	5.41089e-09
349.58	5.40893e-09
349.6	5.40724e-09
349.62	5.40581e-09
349.64	5.40464e-09
349.66	5.40373e-09
349.68	5.40309e-09
349.7	5.40272e-09
349.72	5.40261e-09
349.74	5.40276e-09
349.76	5.40319e-09
349.78	5.40389e-09
349.8	5.40486e-09
349.82	5.4061e-09
349.84	5.40761e-09
349.86	5.4094e-09
349.88	5.41147e-09
349.9	5.41382e-09
349.92	5.41644e-09
349.94	5.41935e-09
349.96	5.42254e-09
349.98	5.42601e-09
350	5.42978e-09
350.02	5.43383e-09
350.04	5.43817e-09
350.06	5.44281e-09
350.08	5.44774e-09
350.1	5.45297e-09
350.12	5.45851e-09
350.14	5.46434e-09
350.16	5.47048e-09
350.18	5.47694e-09
350.2	5.4837e-09
350.22	5.49077e-09
350.24	5.49817e-09
350.26	5.50589e-09
350.28	5.51392e-09
350.3	5.52229e-09
350.32	5.53099e-09
350.34	5.54002e-09
350.36	5.5494e-09
350.38	5.55911e-09
350.4	5.56917e-09
350.42	5.57958e-09
350.44	5.59035e-09
350.46	5.60148e-09
350.48	5.61297e-09
350.5	5.62483e-09
350.52	5.63706e-09
350.54	5.64967e-09
350.56	5.66267e-09
350.58	5.67606e-09
350.6	5.68984e-09
350.62	5.70403e-09
350.64	5.71862e-09
350.66	5.73363e-09
350.68	5.74906e-09
350.7	5.76491e-09
350.72	5.7812e-09
350.74	5.79794e-09
350.76	5.81512e-09
350.78	5.83276e-09
350.8	5.85087e-09
350.82	5.86945e-09
350.84	5.88851e-09
350.86	5.90807e-09
350.88	5.92813e-09
350.9	5.9487e-09
350.92	5.96979e-09
350.94	5.99141e-09
350.96	6.01358e-09
350.98	6.0363e-09
351	6.0596e-09
351.02	6.08347e-09
351.04	6.10793e-09
351.06	6.133e-09
351.08	6.15869e-09
351.1	6.18502e-09
351.12	6.212e-09
351.14	6.23965e-09
351.16	6.26798e-09
351.18	6.29701e-09
351.2	6.32677e-09
351.22	6.35726e-09
351.24	6.38852e-09
351.26	6.42056e-09
351.28	6.4534e-09
351.3	6.48708e-09
351.32	6.5216e-09
351.34	6.55701e-09
351.36	6.59333e-09
351.38	6.63059e-09
351.4	6.66882e-09
351.42	6.70805e-09
351.44	6.74831e-09
351.46	6.78966e-09
351.48	6.83212e-09
351.5	6.87574e-09
351.52	6.92057e-09
351.54	6.96664e-09
351.56	7.01403e-09
351.58	7.06278e-09
351.6	7.11295e-09
351.62	7.16461e-09
351.64	7.21784e-09
351.66	7.27271e-09
351.68	7.3293e-09
351.7	7.38772e-09
351.72	7.44806e-09
351.74	7.51044e-09
351.76	7.57499e-09
351.78	7.64185e-09
351.8	7.71118e-09
351.82	7.78317e-09
351.84	7.85802e-09
351.86	7.93599e-09
351.88	8.01735e-09
351.9	8.10244e-09
351.92	8.19166e-09
351.94	8.28552e-09
351.96	8.38463e-09
351.98	8.48978e-09
352	8.60204e-09
352.02	8.72285e-09
352.04	8.85438e-09
352.06	9e-09
352.08	9.16568e-09
352.1	9.36368e-09
352.12	9.62523e-09
352.14	1.00556e-08
352.16	1.11793e-08
352.18	1.44407e-08
352.2	2.31532e-08
352.22	4.66782e-08
352.24	1.09494e-07
352.26	2.62966e-07
352.28	6.06393e-07
352.3	1.3343e-06
352.32	2.7936e-06
352.34	5.49325e-06
352.36	1.00158e-05
352.38	1.67994e-05
352.4	2.59105e-05
352.42	3.7063e-05
352.44	4.98179e-05
352.46	6.37254e-05
352.48	7.83766e-05
352.5	9.34218e-05
352.52	0.000108578
352.54	0.000123626
352.56	0.000138405
352.58	0.000152799
352.6	0.000166728
352.62	0.000180139
352.64	0.000192997
352.66	0.000205285
352.68	0.000216994
352.7	0.000228127
352.72	0.000238689
352.74	0.000248691
352.76	0.000258147
352.78	0.000267073
352.8	0.000275485
352.82	0.0002834
352.84	0.000290837
352.86	0.000297812
352.88	0.000304343
352.9	0.000310447
352.92	0.000316141
352.94	0.000321439
352.96	0.000326358
352.98	0.000330913
353	0.000335119
353.02	0.000338988
353.04	0.000342535
353.06	0.000345773
353.08	0.000348714
353.1	0.00035137
353.12	0.000353752
353.14	0.000355873
353.16	0.000357742
353.18	0.000359371
353.2	0.000360768
353.22	0.000361943
353.24	0.000362907
353.26	0.000363667
353.28	0.000364232
353.3	0.00036461
353.32	0.000364809
353.34	0.000364838
353.36	0.000364702
353.38	0.000364409
353.4	0.000363966
353.42	0.000363379
353.44	0.000362654
353.46	0.000361798
353.48	0.000360816
353.5	0.000359713
353.52	0.000358495
353.54	0.000357168
353.56	0.000355735
353.58	0.000354202
353.6	0.000352573
353.62	0.000350852
353.64	0.000349044
353.66	0.000347154
353.68	0.000345183
353.7	0.000343138
353.72	0.00034102
353.74	0.000338835
353.76	0.000336584
353.78	0.000334272
353.8	0.000331902
353.82	0.000329476
353.84	0.000326998
353.86	0.00032447
353.88	0.000321896
353.9	0.000319277
353.92	0.000316618
353.94	0.00031392
353.96	0.000311185
353.98	0.000308417
354	0.000305617
354.02	0.000302787
354.04	0.000299931
354.06	0.00029705
354.08	0.000294146
354.1	0.00029122
354.12	0.000288277
354.14	0.000285316
354.16	0.00028234
354.18	0.00027935
354.2	0.000276349
354.22	0.000273338
354.24	0.000270319
354.26	0.000267293
354.28	0.000264262
354.3	0.000261228
354.32	0.000258191
354.34	0.000255153
354.36	0.000252117
354.38	0.000249082
354.4	0.00024605
354.42	0.000243023
354.44	0.000240002
354.46	0.000236988
354.48	0.000233981
354.5	0.000230984
354.52	0.000227997
354.54	0.000225021
354.56	0.000222057
354.58	0.000219106
354.6	0.000216169
354.62	0.000213247
354.64	0.00021034
354.66	0.00020745
354.68	0.000204577
354.7	0.000201722
354.72	0.000198886
354.74	0.000196068
354.76	0.000193271
354.78	0.000190494
354.8	0.000187738
354.82	0.000185004
354.84	0.000182291
354.86	0.000179601
354.88	0.000176935
354.9	0.000174291
354.92	0.000171671
354.94	0.000169076
354.96	0.000166504
354.98	0.000163958
355	0.000161437
355.02	0.000158941
355.04	0.00015647
355.06	0.000154026
355.08	0.000151607
355.1	0.000149214
355.12	0.000146848
355.14	0.000144508
355.16	0.000142195
355.18	0.000139909
355.2	0.000137649
355.22	0.000135416
355.24	0.00013321
355.26	0.000131031
355.28	0.000128878
355.3	0.000126753
355.32	0.000124654
355.34	0.000122583
355.36	0.000120538
355.38	0.00011852
355.4	0.000116528
355.42	0.000114563
355.44	0.000112625
355.46	0.000110713
355.48	0.000108828
355.5	0.000106968
355.52	0.000105135
355.54	0.000103327
355.56	0.000101545
355.58	9.97893e-05
355.6	9.80586e-05
355.62	9.63531e-05
355.64	9.46727e-05
355.66	9.30172e-05
355.68	9.13864e-05
355.7	8.97802e-05
355.72	8.81982e-05
355.74	8.66402e-05
355.76	8.51062e-05
355.78	8.35958e-05
355.8	8.21089e-05
355.82	8.06452e-05
355.84	7.92045e-05
355.86	7.77865e-05
355.88	7.63911e-05
355.9	7.50179e-05
355.92	7.36668e-05
355.94	7.23375e-05
355.96	7.10298e-05
355.98	6.97433e-05
356	6.8478e-05
356.02	6.72334e-05
356.04	6.60095e-05
356.06	6.48058e-05
356.08	6.36223e-05
356.1	6.24585e-05
356.12	6.13144e-05
356.14	6.01895e-05
356.16	5.90838e-05
356.18	5.79968e-05
356.2	5.69284e-05
356.22	5.58784e-05
356.24	5.48464e-05
356.26	5.38322e-05
356.28	5.28356e-05
356.3	5.18564e-05
356.32	5.08942e-05
356.34	4.99489e-05
356.36	4.90201e-05
356.38	4.81077e-05
356.4	4.72114e-05
356.42	4.6331e-05
356.44	4.54663e-05
356.46	4.46169e-05
356.48	4.37827e-05
356.5	4.29634e-05
356.52	4.21589e-05
356.54	4.13688e-05
356.56	4.0593e-05
356.58	3.98311e-05
356.6	3.90832e-05
356.62	3.83487e-05
356.64	3.76277e-05
356.66	3.69198e-05
356.68	3.62249e-05
356.7	3.55426e-05
356.72	3.48729e-05
356.74	3.42155e-05
356.76	3.35703e-05
356.78	3.29369e-05
356.8	3.23152e-05
356.82	3.17051e-05
356.84	3.11063e-05
356.86	3.05186e-05
356.88	2.99418e-05
356.9	2.93758e-05
356.92	2.88203e-05
356.94	2.82753e-05
356.96	2.77404e-05
356.98	2.72156e-05
357	2.67006e-05
357.02	2.61953e-05
357.04	2.56995e-05
357.06	2.5213e-05
357.08	2.47357e-05
357.1	2.42675e-05
357.12	2.3808e-05
357.14	2.33573e-05
357.16	2.29151e-05
357.18	2.24813e-05
357.2	2.20557e-05
357.22	2.16382e-05
357.24	2.12287e-05
357.26	2.08269e-05
357.28	2.04328e-05
357.3	2.00462e-05
357.32	1.9667e-05
357.34	1.9295e-05
357.36	1.89301e-05
357.38	1.85721e-05
357.4	1.82211e-05
357.42	1.78767e-05
357.44	1.75389e-05
357.46	1.72076e-05
357.48	1.68827e-05
357.5	1.6564e-05
357.52	1.62513e-05
357.54	1.59447e-05
357.56	1.5644e-05
357.58	1.53491e-05
357.6	1.50598e-05
357.62	1.4776e-05
357.64	1.44978e-05
357.66	1.42248e-05
357.68	1.39572e-05
357.7	1.36946e-05
357.72	1.34371e-05
357.74	1.31846e-05
357.76	1.2937e-05
357.78	1.26941e-05
357.8	1.24558e-05
357.82	1.22222e-05
357.84	1.1993e-05
357.86	1.17683e-05
357.88	1.15479e-05
357.9	1.13318e-05
357.92	1.11198e-05
357.94	1.09118e-05
357.96	1.07079e-05
357.98	1.05079e-05
358	1.03118e-05
358.02	1.01194e-05
358.04	9.93076e-06
358.06	9.74573e-06
358.08	9.56426e-06
358.1	9.38627e-06
358.12	9.21171e-06
358.14	9.04051e-06
358.16	8.8726e-06
358.18	8.70791e-06
358.2	8.54639e-06
358.22	8.38797e-06
358.24	8.23259e-06
358.26	8.0802e-06
358.28	7.93073e-06
358.3	7.78413e-06
358.32	7.64033e-06
358.34	7.4993e-06
358.36	7.36097e-06
358.38	7.22529e-06
358.4	7.09221e-06
358.42	6.96168e-06
358.44	6.83364e-06
358.46	6.70805e-06
358.48	6.58487e-06
358.5	6.46403e-06
358.52	6.34551e-06
358.54	6.22925e-06
358.56	6.11521e-06
358.58	6.00334e-06
358.6	5.89361e-06
358.62	5.78597e-06
358.64	5.68038e-06
358.66	5.5768e-06
358.68	5.47519e-06
358.7	5.37551e-06
358.72	5.27772e-06
358.74	5.1818e-06
358.76	5.08769e-06
358.78	4.99537e-06
358.8	4.9048e-06
358.82	4.81595e-06
358.84	4.72878e-06
358.86	4.64326e-06
358.88	4.55936e-06
358.9	4.47704e-06
358.92	4.39628e-06
358.94	4.31705e-06
358.96	4.23931e-06
358.98	4.16303e-06
359	4.0882e-06
359.02	4.01477e-06
359.04	3.94272e-06
359.06	3.87203e-06
359.08	3.80267e-06
359.1	3.73461e-06
359.12	3.66783e-06
359.14	3.6023e-06
359.16	3.538e-06
359.18	3.47491e-06
359.2	3.41299e-06
359.22	3.35223e-06
359.24	3.29261e-06
359.26	3.2341e-06
359.28	3.17669e-06
359.3	3.12034e-06
359.32	3.06505e-06
359.34	3.01078e-06
359.36	2.95753e-06
359.38	2.90526e-06
359.4	2.85397e-06
359.42	2.80362e-06
359.44	2.75422e-06
359.46	2.70572e-06
359.48	2.65813e-06
359.5	2.61141e-06
359.52	2.56556e-06
359.54	2.52056e-06
359.56	2.47639e-06
359.58	2.43303e-06
359.6	2.39047e-06
359.62	2.3487e-06
359.64	2.30769e-06
359.66	2.26744e-06
359.68	2.22793e-06
359.7	2.18915e-06
359.72	2.15107e-06
359.74	2.1137e-06
359.76	2.07701e-06
359.78	2.04099e-06
359.8	2.00562e-06
359.82	1.97091e-06
359.84	1.93683e-06
359.86	1.90337e-06
359.88	1.87052e-06
359.9	1.83827e-06
359.92	1.80661e-06
359.94	1.77552e-06
359.96	1.745e-06
359.98	1.71503e-06
360	1.68561e-06
360.02	1.65672e-06
360.04	1.62835e-06
360.06	1.6005e-06
360.08	1.57315e-06
360.1	1.54629e-06
360.12	1.51992e-06
360.14	1.49402e-06
360.16	1.46859e-06
360.18	1.44362e-06
360.2	1.4191e-06
360.22	1.39502e-06
360.24	1.37137e-06
360.26	1.34815e-06
360.28	1.32534e-06
360.3	1.30294e-06
360.32	1.28095e-06
360.34	1.25934e-06
360.36	1.23813e-06
360.38	1.21729e-06
360.4	1.19682e-06
360.42	1.17672e-06
360.44	1.15698e-06
360.46	1.13758e-06
360.48	1.11854e-06
360.5	1.09983e-06
360.52	1.08145e-06
360.54	1.0634e-06
360.56	1.04567e-06
360.58	1.02825e-06
360.6	1.01114e-06
360.62	9.94337e-07
360.64	9.77827e-07
360.66	9.61609e-07
360.68	9.45677e-07
360.7	9.30026e-07
360.72	9.1465e-07
360.74	8.99545e-07
360.76	8.84705e-07
360.78	8.70126e-07
360.8	8.55802e-07
360.82	8.4173e-07
360.84	8.27904e-07
360.86	8.14319e-07
360.88	8.00973e-07
360.9	7.87859e-07
360.92	7.74975e-07
360.94	7.62315e-07
360.96	7.49875e-07
360.98	7.37652e-07
361	7.25642e-07
361.02	7.1384e-07
361.04	7.02244e-07
361.06	6.90848e-07
361.08	6.7965e-07
361.1	6.68646e-07
361.12	6.57832e-07
361.14	6.47205e-07
361.16	6.36762e-07
361.18	6.26498e-07
361.2	6.16412e-07
361.22	6.065e-07
361.24	5.96758e-07
361.26	5.87183e-07
361.28	5.77773e-07
361.3	5.68525e-07
361.32	5.59435e-07
361.34	5.50501e-07
361.36	5.4172e-07
361.38	5.33089e-07
361.4	5.24605e-07
361.42	5.16267e-07
361.44	5.0807e-07
361.46	5.00014e-07
361.48	4.92094e-07
361.5	4.84309e-07
361.52	4.76657e-07
361.54	4.69134e-07
361.56	4.61739e-07
361.58	4.54469e-07
361.6	4.47323e-07
361.62	4.40297e-07
361.64	4.3339e-07
361.66	4.266e-07
361.68	4.19925e-07
361.7	4.13362e-07
361.72	4.06909e-07
361.74	4.00565e-07
361.76	3.94328e-07
361.78	3.88195e-07
361.8	3.82166e-07
361.82	3.76237e-07
361.84	3.70408e-07
361.86	3.64676e-07
361.88	3.5904e-07
361.9	3.53499e-07
361.92	3.4805e-07
361.94	3.42691e-07
361.96	3.37422e-07
361.98	3.32241e-07
362	3.27146e-07
362.02	3.22135e-07
362.04	3.17207e-07
362.06	3.12362e-07
362.08	3.07596e-07
362.1	3.0291e-07
362.12	2.98301e-07
362.14	2.93768e-07
362.16	2.89309e-07
362.18	2.84925e-07
362.2	2.80612e-07
362.22	2.76371e-07
362.24	2.72199e-07
362.26	2.68096e-07
362.28	2.6406e-07
362.3	2.6009e-07
362.32	2.56186e-07
362.34	2.52345e-07
362.36	2.48567e-07
362.38	2.44851e-07
362.4	2.41195e-07
362.42	2.37599e-07
362.44	2.34062e-07
362.46	2.30582e-07
362.48	2.27159e-07
362.5	2.23791e-07
362.52	2.20478e-07
362.54	2.17219e-07
362.56	2.14012e-07
362.58	2.10858e-07
362.6	2.07754e-07
362.62	2.047e-07
362.64	2.01696e-07
362.66	1.9874e-07
362.68	1.95832e-07
362.7	1.9297e-07
362.72	1.90155e-07
362.74	1.87384e-07
362.76	1.84659e-07
362.78	1.81976e-07
362.8	1.79337e-07
362.82	1.7674e-07
362.84	1.74184e-07
362.86	1.71669e-07
362.88	1.69195e-07
362.9	1.66759e-07
362.92	1.64362e-07
362.94	1.62004e-07
362.96	1.59683e-07
362.98	1.57398e-07
363	1.5515e-07
363.02	1.52938e-07
363.04	1.5076e-07
363.06	1.48617e-07
363.08	1.46508e-07
363.1	1.44431e-07
363.12	1.42388e-07
363.14	1.40377e-07
363.16	1.38397e-07
363.18	1.36448e-07
363.2	1.3453e-07
363.22	1.32642e-07
363.24	1.30784e-07
363.26	1.28954e-07
363.28	1.27154e-07
363.3	1.25381e-07
363.32	1.23636e-07
363.34	1.21918e-07
363.36	1.20226e-07
363.38	1.18561e-07
363.4	1.16922e-07
363.42	1.15308e-07
363.44	1.1372e-07
363.46	1.12155e-07
363.48	1.10615e-07
363.5	1.09099e-07
363.52	1.07606e-07
363.54	1.06136e-07
363.56	1.04689e-07
363.58	1.03264e-07
363.6	1.01861e-07
363.62	1.00479e-07
363.64	9.91187e-08
363.66	9.77791e-08
363.68	9.64598e-08
363.7	9.51608e-08
363.72	9.38815e-08
363.74	9.26217e-08
363.76	9.13811e-08
363.78	9.01594e-08
363.8	8.89561e-08
363.82	8.77712e-08
363.84	8.66041e-08
363.86	8.54548e-08
363.88	8.43228e-08
363.9	8.32078e-08
363.92	8.21097e-08
363.94	8.10282e-08
363.96	7.99629e-08
363.98	7.89135e-08
364	7.788e-08
364.02	7.68619e-08
364.04	7.58591e-08
364.06	7.48713e-08
364.08	7.38982e-08
364.1	7.29397e-08
364.12	7.19954e-08
364.14	7.10652e-08
364.16	7.01488e-08
364.18	6.92461e-08
364.2	6.83567e-08
364.22	6.74805e-08
364.24	6.66173e-08
364.26	6.57668e-08
364.28	6.49289e-08
364.3	6.41033e-08
364.32	6.32899e-08
364.34	6.24885e-08
364.36	6.16989e-08
364.38	6.09208e-08
364.4	6.01541e-08
364.42	5.93987e-08
364.44	5.86543e-08
364.46	5.79208e-08
364.48	5.7198e-08
364.5	5.64858e-08
364.52	5.57839e-08
364.54	5.50922e-08
364.56	5.44105e-08
364.58	5.37388e-08
364.6	5.30767e-08
364.62	5.24243e-08
364.64	5.17813e-08
364.66	5.11475e-08
364.68	5.05229e-08
364.7	4.99073e-08
364.72	4.93006e-08
364.74	4.87025e-08
364.76	4.81131e-08
364.78	4.75321e-08
364.8	4.69594e-08
364.82	4.63949e-08
364.84	4.58384e-08
364.86	4.52899e-08
364.88	4.47492e-08
364.9	4.42162e-08
364.92	4.36908e-08
364.94	4.31728e-08
364.96	4.26622e-08
364.98	4.21588e-08
365	4.16625e-08
365.02	4.11732e-08
365.04	4.06908e-08
365.06	4.02153e-08
365.08	3.97464e-08
365.1	3.92841e-08
365.12	3.88283e-08
365.14	3.83788e-08
365.16	3.79357e-08
365.18	3.74988e-08
365.2	3.70679e-08
365.22	3.66431e-08
365.24	3.62242e-08
365.26	3.58111e-08
365.28	3.54038e-08
365.3	3.50021e-08
365.32	3.4606e-08
365.34	3.42154e-08
365.36	3.38302e-08
365.38	3.34503e-08
365.4	3.30756e-08
365.42	3.27061e-08
365.44	3.23417e-08
365.46	3.19823e-08
365.48	3.16278e-08
365.5	3.12782e-08
365.52	3.09333e-08
365.54	3.05932e-08
365.56	3.02577e-08
365.58	2.99268e-08
365.6	2.96004e-08
365.62	2.92785e-08
365.64	2.89609e-08
365.66	2.86476e-08
365.68	2.83386e-08
365.7	2.80338e-08
365.72	2.77331e-08
365.74	2.74364e-08
365.76	2.71438e-08
365.78	2.68551e-08
365.8	2.65702e-08
365.82	2.62892e-08
365.84	2.6012e-08
365.86	2.57385e-08
365.88	2.54686e-08
365.9	2.52024e-08
365.92	2.49397e-08
365.94	2.46805e-08
365.96	2.44248e-08
365.98	2.41725e-08
366	2.39235e-08
366.02	2.36778e-08
366.04	2.34354e-08
366.06	2.31962e-08
366.08	2.29601e-08
366.1	2.27272e-08
366.12	2.24973e-08
366.14	2.22705e-08
366.16	2.20467e-08
366.18	2.18258e-08
366.2	2.16078e-08
366.22	2.13926e-08
366.24	2.11803e-08
366.26	2.09707e-08
366.28	2.07639e-08
366.3	2.05598e-08
366.32	2.03583e-08
366.34	2.01595e-08
366.36	1.99632e-08
366.38	1.97695e-08
366.4	1.95783e-08
366.42	1.93896e-08
366.44	1.92034e-08
366.46	1.90195e-08
366.48	1.8838e-08
366.5	1.86588e-08
366.52	1.8482e-08
366.54	1.83074e-08
366.56	1.81351e-08
366.58	1.79649e-08
366.6	1.7797e-08
366.62	1.76312e-08
366.64	1.74675e-08
366.66	1.73059e-08
366.68	1.71464e-08
366.7	1.69889e-08
366.72	1.68334e-08
366.74	1.66799e-08
366.76	1.65284e-08
366.78	1.63787e-08
366.8	1.6231e-08
366.82	1.60851e-08
366.84	1.59411e-08
366.86	1.57989e-08
366.88	1.56585e-08
366.9	1.55198e-08
366.92	1.53829e-08
366.94	1.52478e-08
366.96	1.51143e-08
366.98	1.49825e-08
367	1.48523e-08
367.02	1.47238e-08
367.04	1.45969e-08
367.06	1.44716e-08
367.08	1.43478e-08
367.1	1.42256e-08
367.12	1.41049e-08
367.14	1.39857e-08
367.16	1.3868e-08
367.18	1.37517e-08
367.2	1.36369e-08
367.22	1.35235e-08
367.24	1.34116e-08
367.26	1.3301e-08
367.28	1.31918e-08
367.3	1.30839e-08
367.32	1.29773e-08
367.34	1.28721e-08
367.36	1.27682e-08
367.38	1.26655e-08
367.4	1.25642e-08
367.42	1.2464e-08
367.44	1.23651e-08
367.46	1.22674e-08
367.48	1.21709e-08
367.5	1.20756e-08
367.52	1.19815e-08
367.54	1.18885e-08
367.56	1.17966e-08
367.58	1.17059e-08
367.6	1.16163e-08
367.62	1.15277e-08
367.64	1.14403e-08
367.66	1.13539e-08
367.68	1.12686e-08
367.7	1.11843e-08
367.72	1.1101e-08
367.74	1.10188e-08
367.76	1.09375e-08
367.78	1.08573e-08
367.8	1.0778e-08
367.82	1.06996e-08
367.84	1.06223e-08
367.86	1.05458e-08
367.88	1.04703e-08
367.9	1.03957e-08
367.92	1.0322e-08
367.94	1.02492e-08
367.96	1.01773e-08
367.98	1.01063e-08
368	1.00361e-08
368.02	9.96674e-09
368.04	9.89825e-09
368.06	9.83058e-09
368.08	9.76373e-09
368.1	9.69769e-09
368.12	9.63245e-09
368.14	9.56799e-09
368.16	9.50432e-09
368.18	9.44141e-09
368.2	9.37927e-09
368.22	9.31788e-09
368.24	9.25723e-09
368.26	9.19732e-09
368.28	9.13813e-09
368.3	9.07966e-09
368.32	9.02189e-09
368.34	8.96483e-09
368.36	8.90845e-09
368.38	8.85276e-09
368.4	8.79775e-09
368.42	8.7434e-09
368.44	8.68971e-09
368.46	8.63668e-09
368.48	8.58429e-09
368.5	8.53253e-09
368.52	8.48141e-09
368.54	8.43091e-09
368.56	8.38102e-09
368.58	8.33174e-09
368.6	8.28307e-09
368.62	8.23499e-09
368.64	8.18749e-09
368.66	8.14058e-09
368.68	8.09424e-09
368.7	8.04848e-09
368.72	8.00327e-09
368.74	7.95862e-09
368.76	7.91452e-09
368.78	7.87097e-09
368.8	7.82795e-09
368.82	7.78546e-09
368.84	7.7435e-09
368.86	7.70206e-09
368.88	7.66114e-09
368.9	7.62073e-09
368.92	7.58082e-09
368.94	7.54141e-09
368.96	7.50249e-09
368.98	7.46406e-09
369	7.42612e-09
369.02	7.38865e-09
369.04	7.35166e-09
369.06	7.31513e-09
369.08	7.27907e-09
369.1	7.24347e-09
369.12	7.20832e-09
369.14	7.17362e-09
369.16	7.13937e-09
369.18	7.10556e-09
369.2	7.07218e-09
369.22	7.03924e-09
369.24	7.00672e-09
369.26	6.97463e-09
369.28	6.94296e-09
369.3	6.9117e-09
369.32	6.88086e-09
369.34	6.85042e-09
369.36	6.82039e-09
369.38	6.79075e-09
369.4	6.76152e-09
369.42	6.73267e-09
369.44	6.70422e-09
369.46	6.67615e-09
369.48	6.64846e-09
369.5	6.62115e-09
369.52	6.59422e-09
369.54	6.56766e-09
369.56	6.54147e-09
369.58	6.51564e-09
369.6	6.49018e-09
369.62	6.46507e-09
369.64	6.44032e-09
369.66	6.41593e-09
369.68	6.39189e-09
369.7	6.36819e-09
369.72	6.34484e-09
369.74	6.32183e-09
369.76	6.29915e-09
369.78	6.27682e-09
369.8	6.25482e-09
369.82	6.23315e-09
369.84	6.21181e-09
369.86	6.1908e-09
369.88	6.1701e-09
369.9	6.14974e-09
369.92	6.12969e-09
369.94	6.10995e-09
369.96	6.09054e-09
369.98	6.07143e-09
370	6.05264e-09
370.02	6.03415e-09
370.04	6.01597e-09
370.06	5.99809e-09
370.08	5.98052e-09
370.1	5.96325e-09
370.12	5.94627e-09
370.14	5.9296e-09
370.16	5.91321e-09
370.18	5.89712e-09
370.2	5.88132e-09
370.22	5.86581e-09
370.24	5.85059e-09
370.26	5.83566e-09
370.28	5.82101e-09
370.3	5.80664e-09
370.32	5.79256e-09
370.34	5.77876e-09
370.36	5.76523e-09
370.38	5.75199e-09
370.4	5.73902e-09
370.42	5.72633e-09
370.44	5.71391e-09
370.46	5.70176e-09
370.48	5.68989e-09
370.5	5.67829e-09
370.52	5.66696e-09
370.54	5.65589e-09
370.56	5.6451e-09
370.58	5.63457e-09
370.6	5.62431e-09
370.62	5.61431e-09
370.64	5.60458e-09
370.66	5.59512e-09
370.68	5.58591e-09
370.7	5.57697e-09
370.72	5.56829e-09
370.74	5.55987e-09
370.76	5.55172e-09
370.78	5.54382e-09
370.8	5.53619e-09
370.82	5.52881e-09
370.84	5.5217e-09
370.86	5.51484e-09
370.88	5.50824e-09
370.9	5.5019e-09
370.92	5.49582e-09
370.94	5.49e-09
370.96	5.48443e-09
370.98	5.47913e-09
371	5.47408e-09
371.02	5.46929e-09
371.04	5.46476e-09
371.06	5.46048e-09
371.08	5.45647e-09
371.1	5.45271e-09
371.12	5.44922e-09
371.14	5.44598e-09
371.16	5.44301e-09
371.18	5.44029e-09
371.2	5.43784e-09
371.22	5.43565e-09
371.24	5.43372e-09
371.26	5.43205e-09
371.28	5.43064e-09
371.3	5.4295e-09
371.32	5.42863e-09
371.34	5.42802e-09
371.36	5.42768e-09
371.38	5.42761e-09
371.4	5.42781e-09
371.42	5.42827e-09
371.44	5.42901e-09
371.46	5.43002e-09
371.48	5.43131e-09
371.5	5.43287e-09
371.52	5.43471e-09
371.54	5.43682e-09
371.56	5.43922e-09
371.58	5.4419e-09
371.6	5.44486e-09
371.62	5.44811e-09
371.64	5.45164e-09
371.66	5.45547e-09
371.68	5.45958e-09
371.7	5.46399e-09
371.72	5.46869e-09
371.74	5.4737e-09
371.76	5.479e-09
371.78	5.4846e-09
371.8	5.49051e-09
371.82	5.49673e-09
371.84	5.50326e-09
371.86	5.51011e-09
371.88	5.51727e-09
371.9	5.52475e-09
371.92	5.53255e-09
371.94	5.54068e-09
371.96	5.54914e-09
371.98	5.55794e-09
372	5.56707e-09
372.02	5.57654e-09
372.04	5.58636e-09
372.06	5.59653e-09
372.08	5.60705e-09
372.1	5.61793e-09
372.12	5.62917e-09
372.14	5.64078e-09
372.16	5.65276e-09
372.18	5.66512e-09
372.2	5.67786e-09
372.22	5.69098e-09
372.24	5.70451e-09
372.26	5.71843e-09
372.28	5.73275e-09
372.3	5.74749e-09
372.32	5.76265e-09
372.34	5.77823e-09
372.36	5.79424e-09
372.38	5.81069e-09
372.4	5.82758e-09
372.42	5.84493e-09
372.44	5.86275e-09
372.46	5.88103e-09
372.48	5.89979e-09
372.5	5.91904e-09
372.52	5.93879e-09
372.54	5.95904e-09
372.56	5.97981e-09
372.58	6.00111e-09
372.6	6.02294e-09
372.62	6.04533e-09
372.64	6.06828e-09
372.66	6.0918e-09
372.68	6.1159e-09
372.7	6.14061e-09
372.72	6.16593e-09
372.74	6.19187e-09
372.76	6.21846e-09
372.78	6.24571e-09
372.8	6.27364e-09
372.82	6.30225e-09
372.84	6.33158e-09
372.86	6.36164e-09
372.88	6.39245e-09
372.9	6.42403e-09
372.92	6.4564e-09
372.94	6.48959e-09
372.96	6.52361e-09
372.98	6.55851e-09
373	6.59429e-09
373.02	6.631e-09
373.04	6.66866e-09
373.06	6.70731e-09
373.08	6.74697e-09
373.1	6.78769e-09
373.12	6.8295e-09
373.14	6.87244e-09
373.16	6.91656e-09
373.18	6.96191e-09
373.2	7.00853e-09
373.22	7.05648e-09
373.24	7.10582e-09
373.26	7.15661e-09
373.28	7.20893e-09
373.3	7.26283e-09
373.32	7.31841e-09
373.34	7.37575e-09
373.36	7.43496e-09
373.38	7.49613e-09
373.4	7.55939e-09
373.42	7.62488e-09
373.44	7.69274e-09
373.46	7.76314e-09
373.48	7.83627e-09
373.5	7.91236e-09
373.52	7.99167e-09
373.54	8.07449e-09
373.56	8.16119e-09
373.58	8.2522e-09
373.6	8.34805e-09
373.62	8.44944e-09
373.64	8.55722e-09
373.66	8.67259e-09
373.68	8.79721e-09
373.7	8.93359e-09
373.72	9.08583e-09
373.74	9.26151e-09
373.76	9.47733e-09
373.78	9.77985e-09
373.8	1.03516e-08
373.82	1.19947e-08
373.84	1.66737e-08
373.86	2.90696e-08
373.88	6.27645e-08
373.9	1.50434e-07
373.92	3.57141e-07
373.94	8.09643e-07
373.96	1.75182e-06
373.98	3.59229e-06
374	6.8837e-06
374.02	1.21885e-05
374.04	1.98298e-05
374.06	2.97298e-05
374.08	4.1524e-05
374.1	5.47586e-05
374.12	6.89945e-05
374.14	8.38421e-05
374.16	9.89745e-05
374.18	0.000114132
374.2	0.000129118
374.22	0.000143788
374.24	0.00015804
374.26	0.000171805
374.28	0.000185036
374.3	0.000197706
374.32	0.000209801
374.34	0.000221317
374.36	0.000232257
374.38	0.000242629
374.4	0.000252445
374.42	0.00026172
374.44	0.00027047
374.46	0.000278712
374.48	0.000286463
374.5	0.000293742
374.52	0.000300564
374.54	0.000306948
374.56	0.000312911
374.58	0.000318467
374.6	0.000323635
374.62	0.000328428
374.64	0.000332862
374.66	0.000336951
374.68	0.000340708
374.7	0.000344148
374.72	0.000347282
374.74	0.000350124
374.76	0.000352684
374.78	0.000354975
374.8	0.000357008
374.82	0.000358792
374.84	0.000360339
374.86	0.000361658
374.88	0.000362759
374.9	0.00036365
374.92	0.000364341
374.94	0.00036484
374.96	0.000365154
374.98	0.000365293
375	0.000365262
375.02	0.00036507
375.04	0.000364723
375.06	0.000364227
375.08	0.00036359
375.1	0.000362818
375.12	0.000361915
375.14	0.000360889
375.16	0.000359744
375.18	0.000358485
375.2	0.000357118
375.22	0.000355648
375.24	0.000354079
375.26	0.000352415
375.28	0.000350662
375.3	0.000348822
375.32	0.000346901
375.34	0.000344901
375.36	0.000342828
375.38	0.000340683
375.4	0.000338472
375.42	0.000336197
375.44	0.000333861
375.46	0.000331468
375.48	0.000329021
375.5	0.000326522
375.52	0.000323975
375.54	0.000321382
375.56	0.000318746
375.58	0.000316069
375.6	0.000313355
375.62	0.000310605
375.64	0.000307822
375.66	0.000305008
375.68	0.000302166
375.7	0.000299297
375.72	0.000296404
375.74	0.000293489
375.76	0.000290554
375.78	0.0002876
375.8	0.00028463
375.82	0.000281646
375.84	0.000278649
375.86	0.00027564
375.88	0.000272623
375.9	0.000269598
375.92	0.000266566
375.94	0.00026353
375.96	0.000260491
375.98	0.00025745
376	0.00025441
376.02	0.00025137
376.04	0.000248332
376.06	0.000245299
376.08	0.00024227
376.1	0.000239247
376.12	0.000236232
376.14	0.000233225
376.16	0.000230228
376.18	0.000227241
376.2	0.000224265
376.22	0.000221302
376.24	0.000218353
376.26	0.000215417
376.28	0.000212497
376.3	0.000209593
376.32	0.000206705
376.34	0.000203835
376.36	0.000200983
376.38	0.00019815
376.4	0.000195336
376.42	0.000192543
376.44	0.00018977
376.46	0.000187018
376.48	0.000184288
376.5	0.00018158
376.52	0.000178895
376.54	0.000176233
376.56	0.000173595
376.58	0.00017098
376.6	0.00016839
376.62	0.000165824
376.64	0.000163284
376.66	0.000160768
376.68	0.000158278
376.7	0.000155814
376.72	0.000153375
376.74	0.000150963
376.76	0.000148576
376.78	0.000146217
376.8	0.000143883
376.82	0.000141577
376.84	0.000139297
376.86	0.000137044
376.88	0.000134817
376.9	0.000132618
376.92	0.000130446
376.94	0.0001283
376.96	0.000126182
376.98	0.00012409
377	0.000122025
377.02	0.000119987
377.04	0.000117976
377.06	0.000115991
377.08	0.000114033
377.1	0.000112102
377.12	0.000110197
377.14	0.000108318
377.16	0.000106465
377.18	0.000104639
377.2	0.000102838
377.22	0.000101063
377.24	9.93137e-05
377.26	9.75897e-05
377.28	9.58909e-05
377.3	9.42172e-05
377.32	9.25683e-05
377.34	9.09441e-05
377.36	8.93443e-05
377.38	8.77688e-05
377.4	8.62173e-05
377.42	8.46897e-05
377.44	8.31856e-05
377.46	8.1705e-05
377.48	8.02475e-05
377.5	7.8813e-05
377.52	7.74011e-05
377.54	7.60117e-05
377.56	7.46446e-05
377.58	7.32994e-05
377.6	7.1976e-05
377.62	7.06741e-05
377.64	6.93934e-05
377.66	6.81338e-05
377.68	6.68949e-05
377.7	6.56765e-05
377.72	6.44784e-05
377.74	6.33003e-05
377.76	6.21419e-05
377.78	6.10031e-05
377.8	5.98835e-05
377.82	5.87829e-05
377.84	5.77011e-05
377.86	5.66378e-05
377.88	5.55927e-05
377.9	5.45657e-05
377.92	5.35564e-05
377.94	5.25646e-05
377.96	5.15901e-05
377.98	5.06325e-05
378	4.96918e-05
378.02	4.87676e-05
378.04	4.78597e-05
378.06	4.69678e-05
378.08	4.60918e-05
378.1	4.52313e-05
378.12	4.43861e-05
378.14	4.35561e-05
378.16	4.27409e-05
378.18	4.19404e-05
378.2	4.11543e-05
378.22	4.03823e-05
378.24	3.96244e-05
378.26	3.88802e-05
378.28	3.81495e-05
378.3	3.74321e-05
378.32	3.67278e-05
378.34	3.60364e-05
378.36	3.53577e-05
378.38	3.46914e-05
378.4	3.40374e-05
378.42	3.33955e-05
378.44	3.27654e-05
378.46	3.21469e-05
378.48	3.15399e-05
378.5	3.09442e-05
378.52	3.03596e-05
378.54	2.97858e-05
378.56	2.92227e-05
378.58	2.86702e-05
378.6	2.8128e-05
378.62	2.75959e-05
378.64	2.70738e-05
378.66	2.65616e-05
378.68	2.60589e-05
378.7	2.55657e-05
378.72	2.50818e-05
378.74	2.4607e-05
378.76	2.41412e-05
378.78	2.36842e-05
378.8	2.32359e-05
378.82	2.2796e-05
378.84	2.23645e-05
378.86	2.19412e-05
378.88	2.15259e-05
378.9	2.11186e-05
378.92	2.07189e-05
378.94	2.03269e-05
378.96	1.99424e-05
378.98	1.95651e-05
379	1.91951e-05
379.02	1.88322e-05
379.04	1.84762e-05
379.06	1.8127e-05
379.08	1.77844e-05
379.1	1.74485e-05
379.12	1.71189e-05
379.14	1.67957e-05
379.16	1.64787e-05
379.18	1.61678e-05
379.2	1.58628e-05
379.22	1.55637e-05
379.24	1.52703e-05
379.26	1.49826e-05
379.28	1.47003e-05
379.3	1.44236e-05
379.32	1.41521e-05
379.34	1.38858e-05
379.36	1.36247e-05
379.38	1.33686e-05
379.4	1.31174e-05
379.42	1.28711e-05
379.44	1.26295e-05
379.46	1.23925e-05
379.48	1.21601e-05
379.5	1.19322e-05
379.52	1.17087e-05
379.54	1.14895e-05
379.56	1.12745e-05
379.58	1.10636e-05
379.6	1.08568e-05
379.62	1.0654e-05
379.64	1.0455e-05
379.66	1.02599e-05
379.68	1.00686e-05
379.7	9.88095e-06
379.72	9.6969e-06
379.74	9.51639e-06
379.76	9.33935e-06
379.78	9.16572e-06
379.8	8.99542e-06
379.82	8.8284e-06
379.84	8.66459e-06
379.86	8.50392e-06
379.88	8.34634e-06
379.9	8.19178e-06
379.92	8.04019e-06
379.94	7.89151e-06
379.96	7.74569e-06
379.98	7.60265e-06
380	7.46237e-06
380.02	7.32476e-06
380.04	7.1898e-06
380.06	7.05742e-06
380.08	6.92757e-06
380.1	6.8002e-06
380.12	6.67528e-06
380.14	6.55274e-06
380.16	6.43254e-06
380.18	6.31463e-06
380.2	6.19898e-06
380.22	6.08554e-06
380.24	5.97425e-06
380.26	5.86509e-06
380.28	5.75801e-06
380.3	5.65297e-06
380.32	5.54992e-06
380.34	5.44884e-06
380.36	5.34968e-06
380.38	5.2524e-06
380.4	5.15697e-06
380.42	5.06335e-06
380.44	4.97151e-06
380.46	4.88141e-06
380.48	4.79302e-06
380.5	4.70629e-06
380.52	4.62121e-06
380.54	4.53774e-06
380.56	4.45585e-06
380.58	4.3755e-06
380.6	4.29668e-06
380.62	4.21933e-06
380.64	4.14345e-06
380.66	4.06899e-06
380.68	3.99594e-06
380.7	3.92426e-06
380.72	3.85393e-06
380.74	3.78492e-06
380.76	3.71721e-06
380.78	3.65076e-06
380.8	3.58557e-06
380.82	3.52159e-06
380.84	3.45881e-06
380.86	3.39721e-06
380.88	3.33676e-06
380.9	3.27744e-06
380.92	3.21922e-06
380.94	3.1621e-06
380.96	3.10603e-06
380.98	3.05101e-06
381	2.99702e-06
381.02	2.94403e-06
381.04	2.89203e-06
381.06	2.84099e-06
381.08	2.79089e-06
381.1	2.74173e-06
381.12	2.69348e-06
381.14	2.64612e-06
381.16	2.59963e-06
381.18	2.55401e-06
381.2	2.50923e-06
381.22	2.46527e-06
381.24	2.42213e-06
381.26	2.37978e-06
381.28	2.33821e-06
381.3	2.29741e-06
381.32	2.25735e-06
381.34	2.21803e-06
381.36	2.17944e-06
381.38	2.14155e-06
381.4	2.10435e-06
381.42	2.06784e-06
381.44	2.032e-06
381.46	1.99681e-06
381.48	1.96226e-06
381.5	1.92834e-06
381.52	1.89505e-06
381.54	1.86236e-06
381.56	1.83026e-06
381.58	1.79875e-06
381.6	1.76781e-06
381.62	1.73744e-06
381.64	1.70761e-06
381.66	1.67833e-06
381.68	1.64958e-06
381.7	1.62134e-06
381.72	1.59362e-06
381.74	1.5664e-06
381.76	1.53967e-06
381.78	1.51343e-06
381.8	1.48765e-06
381.82	1.46234e-06
381.84	1.43749e-06
381.86	1.41308e-06
381.88	1.38912e-06
381.9	1.36558e-06
381.92	1.34247e-06
381.94	1.31977e-06
381.96	1.29747e-06
381.98	1.27558e-06
382	1.25407e-06
382.02	1.23295e-06
382.04	1.21221e-06
382.06	1.19184e-06
382.08	1.17183e-06
382.1	1.15218e-06
382.12	1.13288e-06
382.14	1.11392e-06
382.16	1.09529e-06
382.18	1.077e-06
382.2	1.05903e-06
382.22	1.04138e-06
382.24	1.02405e-06
382.26	1.00702e-06
382.28	9.90288e-07
382.3	9.73854e-07
382.32	9.57709e-07
382.34	9.4185e-07
382.36	9.26269e-07
382.38	9.10963e-07
382.4	8.95926e-07
382.42	8.81153e-07
382.44	8.66639e-07
382.46	8.5238e-07
382.48	8.38371e-07
382.5	8.24607e-07
382.52	8.11084e-07
382.54	7.97797e-07
382.56	7.84742e-07
382.58	7.71914e-07
382.6	7.59311e-07
382.62	7.46927e-07
382.64	7.34758e-07
382.66	7.22801e-07
382.68	7.11051e-07
382.7	6.99506e-07
382.72	6.8816e-07
382.74	6.77011e-07
382.76	6.66056e-07
382.78	6.55289e-07
382.8	6.44709e-07
382.82	6.34311e-07
382.84	6.24093e-07
382.86	6.1405e-07
382.88	6.04181e-07
382.9	5.94481e-07
382.92	5.84949e-07
382.94	5.75579e-07
382.96	5.66371e-07
382.98	5.5732e-07
383	5.48425e-07
383.02	5.39681e-07
383.04	5.31087e-07
383.06	5.2264e-07
383.08	5.14337e-07
383.1	5.06176e-07
383.12	4.98153e-07
383.14	4.90268e-07
383.16	4.82516e-07
383.18	4.74896e-07
383.2	4.67405e-07
383.22	4.60041e-07
383.24	4.52802e-07
383.26	4.45686e-07
383.28	4.3869e-07
383.3	4.31812e-07
383.32	4.2505e-07
383.34	4.18403e-07
383.36	4.11867e-07
383.38	4.05441e-07
383.4	3.99124e-07
383.42	3.92913e-07
383.44	3.86805e-07
383.46	3.80801e-07
383.48	3.74897e-07
383.5	3.69092e-07
383.52	3.63384e-07
383.54	3.57771e-07
383.56	3.52252e-07
383.58	3.46825e-07
383.6	3.41489e-07
383.62	3.36241e-07
383.64	3.31081e-07
383.66	3.26006e-07
383.68	3.21016e-07
383.7	3.16109e-07
383.72	3.11283e-07
383.74	3.06536e-07
383.76	3.01869e-07
383.78	2.97278e-07
383.8	2.92763e-07
383.82	2.88323e-07
383.84	2.83956e-07
383.86	2.79661e-07
383.88	2.75436e-07
383.9	2.71281e-07
383.92	2.67194e-07
383.94	2.63174e-07
383.96	2.5922e-07
383.98	2.55331e-07
384	2.51506e-07
384.02	2.47743e-07
384.04	2.44041e-07
384.06	2.404e-07
384.08	2.36818e-07
384.1	2.33294e-07
384.12	2.29828e-07
384.14	2.26418e-07
384.16	2.23063e-07
384.18	2.19763e-07
384.2	2.16517e-07
384.22	2.13322e-07
384.24	2.1018e-07
384.26	2.07088e-07
384.28	2.04046e-07
384.3	2.01054e-07
384.32	1.98109e-07
384.34	1.95212e-07
384.36	1.92361e-07
384.38	1.89557e-07
384.4	1.86797e-07
384.42	1.84081e-07
384.44	1.81409e-07
384.46	1.7878e-07
384.48	1.76192e-07
384.5	1.73646e-07
384.52	1.71141e-07
384.54	1.68675e-07
384.56	1.66249e-07
384.58	1.63861e-07
384.6	1.61512e-07
384.62	1.59199e-07
384.64	1.56923e-07
384.66	1.54684e-07
384.68	1.52479e-07
384.7	1.5031e-07
384.72	1.48174e-07
384.74	1.46073e-07
384.76	1.44004e-07
384.78	1.41968e-07
384.8	1.39964e-07
384.82	1.37992e-07
384.84	1.3605e-07
384.86	1.34139e-07
384.88	1.32258e-07
384.9	1.30406e-07
384.92	1.28583e-07
384.94	1.26789e-07
384.96	1.25023e-07
384.98	1.23284e-07
385	1.21572e-07
385.02	1.19886e-07
385.04	1.18227e-07
385.06	1.16594e-07
385.08	1.14986e-07
385.1	1.13403e-07
385.12	1.11844e-07
385.14	1.10309e-07
385.16	1.08798e-07
385.18	1.07311e-07
385.2	1.05846e-07
385.22	1.04404e-07
385.24	1.02984e-07
385.26	1.01585e-07
385.28	1.00208e-07
385.3	9.88526e-08
385.32	9.75175e-08
385.34	9.62029e-08
385.36	9.49082e-08
385.38	9.36333e-08
385.4	9.23779e-08
385.42	9.11415e-08
385.44	8.99238e-08
385.46	8.87247e-08
385.48	8.75437e-08
385.5	8.63806e-08
385.52	8.52351e-08
385.54	8.41069e-08
385.56	8.29957e-08
385.58	8.19013e-08
385.6	8.08233e-08
385.62	7.97615e-08
385.64	7.87157e-08
385.66	7.76856e-08
385.68	7.66709e-08
385.7	7.56713e-08
385.72	7.46868e-08
385.74	7.37169e-08
385.76	7.27615e-08
385.78	7.18203e-08
385.8	7.08931e-08
385.82	6.99797e-08
385.84	6.90799e-08
385.86	6.81934e-08
385.88	6.732e-08
385.9	6.64595e-08
385.92	6.56118e-08
385.94	6.47766e-08
385.96	6.39536e-08
385.98	6.31428e-08
386	6.2344e-08
386.02	6.15568e-08
386.04	6.07812e-08
386.06	6.0017e-08
386.08	5.92639e-08
386.1	5.85219e-08
386.12	5.77907e-08
386.14	5.70701e-08
386.16	5.63601e-08
386.18	5.56604e-08
386.2	5.49708e-08
386.22	5.42913e-08
386.24	5.36216e-08
386.26	5.29616e-08
386.28	5.23112e-08
386.3	5.16701e-08
386.32	5.10383e-08
386.34	5.04156e-08
386.36	4.98019e-08
386.38	4.91969e-08
386.4	4.86007e-08
386.42	4.8013e-08
386.44	4.74338e-08
386.46	4.68628e-08
386.48	4.63e-08
386.5	4.57452e-08
386.52	4.51983e-08
386.54	4.46592e-08
386.56	4.41278e-08
386.58	4.36039e-08
386.6	4.30874e-08
386.62	4.25783e-08
386.64	4.20764e-08
386.66	4.15815e-08
386.68	4.10937e-08
386.7	4.06127e-08
386.72	4.01385e-08
386.74	3.9671e-08
386.76	3.921e-08
386.78	3.87555e-08
386.8	3.83074e-08
386.82	3.78655e-08
386.84	3.74298e-08
386.86	3.70002e-08
386.88	3.65766e-08
386.9	3.61589e-08
386.92	3.5747e-08
386.94	3.53408e-08
386.96	3.49402e-08
386.98	3.45452e-08
387	3.41557e-08
387.02	3.37715e-08
387.04	3.33926e-08
387.06	3.3019e-08
387.08	3.26505e-08
387.1	3.22871e-08
387.12	3.19287e-08
387.14	3.15752e-08
387.16	3.12265e-08
387.18	3.08826e-08
387.2	3.05434e-08
387.22	3.02088e-08
387.24	2.98788e-08
387.26	2.95533e-08
387.28	2.92322e-08
387.3	2.89155e-08
387.32	2.86031e-08
387.34	2.82949e-08
387.36	2.79908e-08
387.38	2.76909e-08
387.4	2.7395e-08
387.42	2.71031e-08
387.44	2.68152e-08
387.46	2.65311e-08
387.48	2.62508e-08
387.5	2.59743e-08
387.52	2.57015e-08
387.54	2.54324e-08
387.56	2.51668e-08
387.58	2.49048e-08
387.6	2.46463e-08
387.62	2.43912e-08
387.64	2.41395e-08
387.66	2.38911e-08
387.68	2.36461e-08
387.7	2.34043e-08
387.72	2.31657e-08
387.74	2.29302e-08
387.76	2.26978e-08
387.78	2.24686e-08
387.8	2.22423e-08
387.82	2.2019e-08
387.84	2.17986e-08
387.86	2.15812e-08
387.88	2.13665e-08
387.9	2.11547e-08
387.92	2.09457e-08
387.94	2.07394e-08
387.96	2.05357e-08
387.98	2.03348e-08
388	2.01364e-08
388.02	1.99406e-08
388.04	1.97474e-08
388.06	1.95566e-08
388.08	1.93684e-08
388.1	1.91825e-08
388.12	1.89991e-08
388.14	1.8818e-08
388.16	1.86393e-08
388.18	1.84628e-08
388.2	1.82887e-08
388.22	1.81167e-08
388.24	1.7947e-08
388.26	1.77795e-08
388.28	1.7614e-08
388.3	1.74507e-08
388.32	1.72895e-08
388.34	1.71304e-08
388.36	1.69732e-08
388.38	1.68181e-08
388.4	1.66649e-08
388.42	1.65137e-08
388.44	1.63644e-08
388.46	1.6217e-08
388.48	1.60715e-08
388.5	1.59278e-08
388.52	1.57859e-08
388.54	1.56458e-08
388.56	1.55074e-08
388.58	1.53708e-08
388.6	1.52359e-08
388.62	1.51028e-08
388.64	1.49712e-08
388.66	1.48414e-08
388.68	1.47131e-08
388.7	1.45865e-08
388.72	1.44614e-08
388.74	1.43379e-08
388.76	1.4216e-08
388.78	1.40955e-08
388.8	1.39766e-08
388.82	1.38591e-08
388.84	1.37431e-08
388.86	1.36286e-08
388.88	1.35154e-08
388.9	1.34037e-08
388.92	1.32933e-08
388.94	1.31843e-08
388.96	1.30767e-08
388.98	1.29704e-08
389	1.28654e-08
389.02	1.27617e-08
389.04	1.26592e-08
389.06	1.2558e-08
389.08	1.24581e-08
389.1	1.23594e-08
389.12	1.22619e-08
389.14	1.21656e-08
389.16	1.20705e-08
389.18	1.19765e-08
389.2	1.18837e-08
389.22	1.17921e-08
389.24	1.17015e-08
389.26	1.16121e-08
389.28	1.15237e-08
389.3	1.14364e-08
389.32	1.13502e-08
389.34	1.12651e-08
389.36	1.11809e-08
389.38	1.10978e-08
389.4	1.10157e-08
389.42	1.09347e-08
389.44	1.08546e-08
389.46	1.07754e-08
389.48	1.06972e-08
389.5	1.062e-08
389.52	1.05437e-08
389.54	1.04684e-08
389.56	1.03939e-08
389.58	1.03204e-08
389.6	1.02477e-08
389.62	1.01759e-08
389.64	1.0105e-08
389.66	1.0035e-08
389.68	9.96577e-09
389.7	9.8974e-09
389.72	9.82986e-09
389.74	9.76314e-09
389.76	9.69722e-09
389.78	9.6321e-09
389.8	9.56777e-09
389.82	9.50422e-09
389.84	9.44144e-09
389.86	9.37941e-09
389.88	9.31814e-09
389.9	9.2576e-09
389.92	9.1978e-09
389.94	9.13872e-09
389.96	9.08036e-09
389.98	9.0227e-09
390	8.96575e-09
390.02	8.90948e-09
390.04	8.85389e-09
390.06	8.79898e-09
390.08	8.74474e-09
390.1	8.69115e-09
390.12	8.63821e-09
390.14	8.58592e-09
390.16	8.53426e-09
390.18	8.48323e-09
390.2	8.43283e-09
390.22	8.38303e-09
390.24	8.33385e-09
390.26	8.28526e-09
390.28	8.23727e-09
390.3	8.18987e-09
390.32	8.14304e-09
390.34	8.0968e-09
390.36	8.05111e-09
390.38	8.00599e-09
390.4	7.96143e-09
390.42	7.91741e-09
390.44	7.87394e-09
390.46	7.831e-09
390.48	7.78859e-09
390.5	7.74672e-09
390.52	7.70536e-09
390.54	7.66451e-09
390.56	7.62417e-09
390.58	7.58434e-09
390.6	7.545e-09
390.62	7.50616e-09
390.64	7.46781e-09
390.66	7.42994e-09
390.68	7.39254e-09
390.7	7.35562e-09
390.72	7.31917e-09
390.74	7.28318e-09
390.76	7.24764e-09
390.78	7.21256e-09
390.8	7.17793e-09
390.82	7.14375e-09
390.84	7.11001e-09
390.86	7.0767e-09
390.88	7.04382e-09
390.9	7.01137e-09
390.92	6.97934e-09
390.94	6.94773e-09
390.96	6.91654e-09
390.98	6.88576e-09
391	6.85539e-09
391.02	6.82542e-09
391.04	6.79585e-09
391.06	6.76667e-09
391.08	6.73789e-09
391.1	6.70949e-09
391.12	6.68148e-09
391.14	6.65386e-09
391.16	6.62661e-09
391.18	6.59973e-09
391.2	6.57323e-09
391.22	6.5471e-09
391.24	6.52133e-09
391.26	6.49592e-09
391.28	6.47088e-09
391.3	6.44619e-09
391.32	6.42185e-09
391.34	6.39786e-09
391.36	6.37422e-09
391.38	6.35092e-09
391.4	6.32797e-09
391.42	6.30535e-09
391.44	6.28307e-09
391.46	6.26113e-09
391.48	6.23951e-09
391.5	6.21823e-09
391.52	6.19727e-09
391.54	6.17663e-09
391.56	6.15632e-09
391.58	6.13632e-09
391.6	6.11664e-09
391.62	6.09728e-09
391.64	6.07823e-09
391.66	6.05948e-09
391.68	6.04105e-09
391.7	6.02292e-09
391.72	6.0051e-09
391.74	5.98758e-09
391.76	5.97036e-09
391.78	5.95344e-09
391.8	5.93681e-09
391.82	5.92048e-09
391.84	5.90444e-09
391.86	5.8887e-09
391.88	5.87324e-09
391.9	5.85807e-09
391.92	5.84319e-09
391.94	5.82859e-09
391.96	5.81428e-09
391.98	5.80025e-09
392	5.7865e-09
392.02	5.77303e-09
392.04	5.75984e-09
392.06	5.74692e-09
392.08	5.73428e-09
392.1	5.72192e-09
392.12	5.70982e-09
392.14	5.698e-09
392.16	5.68646e-09
392.18	5.67518e-09
392.2	5.66417e-09
392.22	5.65343e-09
392.24	5.64295e-09
392.26	5.63275e-09
392.28	5.6228e-09
392.3	5.61313e-09
392.32	5.60372e-09
392.34	5.59457e-09
392.36	5.58568e-09
392.38	5.57706e-09
392.4	5.5687e-09
392.42	5.5606e-09
392.44	5.55276e-09
392.46	5.54518e-09
392.48	5.53786e-09
392.5	5.5308e-09
392.52	5.524e-09
392.54	5.51746e-09
392.56	5.51118e-09
392.58	5.50516e-09
392.6	5.49939e-09
392.62	5.49389e-09
392.64	5.48864e-09
392.66	5.48365e-09
392.68	5.47892e-09
392.7	5.47445e-09
392.72	5.47024e-09
392.74	5.46629e-09
392.76	5.46259e-09
392.78	5.45916e-09
392.8	5.45599e-09
392.82	5.45308e-09
392.84	5.45043e-09
392.86	5.44804e-09
392.88	5.44591e-09
392.9	5.44405e-09
392.92	5.44244e-09
392.94	5.44111e-09
392.96	5.44004e-09
392.98	5.43923e-09
393	5.43869e-09
393.02	5.43842e-09
393.04	5.43842e-09
393.06	5.43869e-09
393.08	5.43923e-09
393.1	5.44004e-09
393.12	5.44112e-09
393.14	5.44248e-09
393.16	5.44412e-09
393.18	5.44603e-09
393.2	5.44822e-09
393.22	5.4507e-09
393.24	5.45345e-09
393.26	5.4565e-09
393.28	5.45982e-09
393.3	5.46344e-09
393.32	5.46734e-09
393.34	5.47154e-09
393.36	5.47603e-09
393.38	5.48082e-09
393.4	5.48591e-09
393.42	5.4913e-09
393.44	5.497e-09
393.46	5.503e-09
393.48	5.50931e-09
393.5	5.51593e-09
393.52	5.52287e-09
393.54	5.53012e-09
393.56	5.5377e-09
393.58	5.5456e-09
393.6	5.55383e-09
393.62	5.56239e-09
393.64	5.57129e-09
393.66	5.58052e-09
393.68	5.5901e-09
393.7	5.60002e-09
393.72	5.6103e-09
393.74	5.62093e-09
393.76	5.63192e-09
393.78	5.64328e-09
393.8	5.655e-09
393.82	5.6671e-09
393.84	5.67957e-09
393.86	5.69243e-09
393.88	5.70569e-09
393.9	5.71933e-09
393.92	5.73338e-09
393.94	5.74784e-09
393.96	5.76271e-09
393.98	5.77799e-09
394	5.79371e-09
394.02	5.80986e-09
394.04	5.82645e-09
394.06	5.8435e-09
394.08	5.86099e-09
394.1	5.87896e-09
394.12	5.89739e-09
394.14	5.91631e-09
394.16	5.93572e-09
394.18	5.95563e-09
394.2	5.97605e-09
394.22	5.99699e-09
394.24	6.01846e-09
394.26	6.04047e-09
394.28	6.06304e-09
394.3	6.08617e-09
394.32	6.10988e-09
394.34	6.13418e-09
394.36	6.15908e-09
394.38	6.1846e-09
394.4	6.21076e-09
394.42	6.23756e-09
394.44	6.26503e-09
394.46	6.29317e-09
394.48	6.32202e-09
394.5	6.35158e-09
394.52	6.38188e-09
394.54	6.41294e-09
394.56	6.44477e-09
394.58	6.4774e-09
394.6	6.51086e-09
394.62	6.54517e-09
394.64	6.58034e-09
394.66	6.61642e-09
394.68	6.65344e-09
394.7	6.69141e-09
394.72	6.73038e-09
394.74	6.77037e-09
394.76	6.81144e-09
394.78	6.8536e-09
394.8	6.89692e-09
394.82	6.94143e-09
394.84	6.98717e-09
394.86	7.03421e-09
394.88	7.08259e-09
394.9	7.13238e-09
394.92	7.18364e-09
394.94	7.23645e-09
394.96	7.29086e-09
394.98	7.34698e-09
395	7.40489e-09
395.02	7.46469e-09
395.04	7.52649e-09
395.06	7.59042e-09
395.08	7.65661e-09
395.1	7.72522e-09
395.12	7.79643e-09
395.14	7.87043e-09
395.16	7.94745e-09
395.18	8.02776e-09
395.2	8.11169e-09
395.22	8.1996e-09
395.24	8.29196e-09
395.26	8.38934e-09
395.28	8.49245e-09
395.3	8.60226e-09
395.32	8.72003e-09
395.34	8.84764e-09
395.36	8.98789e-09
395.38	9.14554e-09
395.4	9.32973e-09
395.42	9.56178e-09
395.44	9.90546e-09
395.46	1.06451e-08
395.48	1.28052e-08
395.5	1.87949e-08
395.52	3.47631e-08
395.54	7.80846e-08
395.56	1.88177e-07
395.58	4.419e-07
395.6	9.90025e-07
395.62	2.11573e-06
395.64	4.2698e-06
395.66	8.02471e-06
395.68	1.39054e-05
395.7	2.21351e-05
395.72	3.25422e-05
395.74	4.47239e-05
395.76	5.82256e-05
395.78	7.26203e-05
395.8	8.75346e-05
395.82	0.00010266
395.84	0.000117754
395.86	0.000132636
395.88	0.000147173
395.9	0.000161273
395.92	0.000174872
395.94	0.000187931
395.96	0.000200426
395.98	0.000212345
396	0.000223687
396.02	0.000234455
396.04	0.00024466
396.06	0.000254315
396.08	0.000263433
396.1	0.000272031
396.12	0.000280127
396.14	0.000287738
396.16	0.000294882
396.18	0.000301575
396.2	0.000307835
396.22	0.000313678
396.24	0.000319121
396.26	0.000324179
396.28	0.000328868
396.3	0.000333202
396.32	0.000337195
396.34	0.00034086
396.36	0.000344212
396.38	0.000347263
396.4	0.000350024
396.42	0.000352508
396.44	0.000354726
396.46	0.000356689
396.48	0.000358407
396.5	0.00035989
396.52	0.000361149
396.54	0.000362191
396.56	0.000363028
396.58	0.000363666
396.6	0.000364115
396.62	0.000364382
396.64	0.000364475
396.66	0.000364401
396.68	0.000364168
396.7	0.000363783
396.72	0.000363251
396.74	0.000362579
396.76	0.000361773
396.78	0.00036084
396.8	0.000359784
396.82	0.000358611
396.84	0.000357326
396.86	0.000355935
396.88	0.000354441
396.9	0.00035285
396.92	0.000351166
396.94	0.000349393
396.96	0.000347536
396.98	0.000345598
397	0.000343583
397.02	0.000341494
397.04	0.000339337
397.06	0.000337113
397.08	0.000334827
397.1	0.000332481
397.12	0.000330078
397.14	0.000327622
397.16	0.000325116
397.18	0.000322562
397.2	0.000319963
397.22	0.000317321
397.24	0.00031464
397.26	0.000311922
397.28	0.000309169
397.3	0.000306384
397.32	0.000303569
397.34	0.000300726
397.36	0.000297857
397.38	0.000294964
397.4	0.00029205
397.42	0.000289116
397.44	0.000286164
397.46	0.000283197
397.48	0.000280215
397.5	0.000277222
397.52	0.000274218
397.54	0.000271204
397.56	0.000268184
397.58	0.000265158
397.6	0.000262128
397.62	0.000259095
397.64	0.000256061
397.66	0.000253027
397.68	0.000249994
397.7	0.000246965
397.72	0.000243939
397.74	0.000240918
397.76	0.000237904
397.78	0.000234898
397.8	0.0002319
397.82	0.000228912
397.84	0.000225935
397.86	0.000222969
397.88	0.000220016
397.9	0.000217077
397.92	0.000214152
397.94	0.000211243
397.96	0.000208349
397.98	0.000205473
398	0.000202614
398.02	0.000199773
398.04	0.000196951
398.06	0.000194149
398.08	0.000191367
398.1	0.000188606
398.12	0.000185866
398.14	0.000183148
398.16	0.000180453
398.18	0.00017778
398.2	0.00017513
398.22	0.000172504
398.24	0.000169902
398.26	0.000167324
398.28	0.000164771
398.3	0.000162243
398.32	0.000159739
398.34	0.000157262
398.36	0.00015481
398.38	0.000152384
398.4	0.000149984
398.42	0.00014761
398.44	0.000145263
398.46	0.000142942
398.48	0.000140647
398.5	0.00013838
398.52	0.000136139
398.54	0.000133925
398.56	0.000131738
398.58	0.000129577
398.6	0.000127444
398.62	0.000125337
398.64	0.000123258
398.66	0.000121205
398.68	0.000119179
398.7	0.000117179
398.72	0.000115206
398.74	0.00011326
398.76	0.00011134
398.78	0.000109446
398.8	0.000107579
398.82	0.000105737
398.84	0.000103922
398.86	0.000102132
398.88	0.000100368
398.9	9.86293e-05
398.92	9.6916e-05
398.94	9.52278e-05
398.96	9.35645e-05
398.98	9.1926e-05
399	9.0312e-05
399.02	8.87224e-05
399.04	8.7157e-05
399.06	8.56154e-05
399.08	8.40976e-05
399.1	8.26033e-05
399.12	8.11323e-05
399.14	7.96843e-05
399.16	7.82591e-05
399.18	7.68565e-05
399.2	7.54763e-05
399.22	7.41182e-05
399.24	7.27819e-05
399.26	7.14673e-05
399.28	7.01741e-05
399.3	6.8902e-05
399.32	6.76508e-05
399.34	6.64202e-05
399.36	6.52101e-05
399.38	6.40201e-05
399.4	6.285e-05
399.42	6.16995e-05
399.44	6.05685e-05
399.46	5.94566e-05
399.48	5.83635e-05
399.5	5.72892e-05
399.52	5.62332e-05
399.54	5.51954e-05
399.56	5.41754e-05
399.58	5.31732e-05
399.6	5.21883e-05
399.62	5.12206e-05
399.64	5.02697e-05
399.66	4.93356e-05
399.68	4.84179e-05
399.7	4.75164e-05
399.72	4.66308e-05
399.74	4.57609e-05
399.76	4.49065e-05
399.78	4.40673e-05
399.8	4.32432e-05
399.82	4.24338e-05
399.84	4.1639e-05
399.86	4.08585e-05
399.88	4.00921e-05
399.9	3.93395e-05
399.92	3.86006e-05
399.94	3.78752e-05
399.96	3.7163e-05
399.98	3.64638e-05
400	3.57773e-05
400.02	3.51035e-05
400.04	3.44421e-05
400.06	3.37928e-05
400.08	3.31555e-05
400.1	3.25299e-05
400.12	3.1916e-05
400.14	3.13134e-05
400.16	3.0722e-05
400.18	3.01416e-05
400.2	2.9572e-05
400.22	2.9013e-05
400.24	2.84645e-05
400.26	2.79262e-05
400.28	2.73981e-05
400.3	2.68798e-05
400.32	2.63712e-05
400.34	2.58723e-05
400.36	2.53827e-05
400.38	2.49023e-05
400.4	2.4431e-05
400.42	2.39686e-05
400.44	2.3515e-05
400.46	2.30699e-05
400.48	2.26333e-05
400.5	2.2205e-05
400.52	2.17848e-05
400.54	2.13725e-05
400.56	2.09681e-05
400.58	2.05714e-05
400.6	2.01823e-05
400.62	1.98006e-05
400.64	1.94261e-05
400.66	1.90588e-05
400.68	1.86986e-05
400.7	1.83452e-05
400.72	1.79985e-05
400.74	1.76585e-05
400.76	1.7325e-05
400.78	1.69979e-05
400.8	1.66771e-05
400.82	1.63624e-05
400.84	1.60537e-05
400.86	1.5751e-05
400.88	1.54541e-05
400.9	1.51628e-05
400.92	1.48772e-05
400.94	1.45971e-05
400.96	1.43223e-05
400.98	1.40528e-05
401	1.37886e-05
401.02	1.35293e-05
401.04	1.32751e-05
401.06	1.30258e-05
401.08	1.27812e-05
401.1	1.25414e-05
401.12	1.23062e-05
401.14	1.20755e-05
401.16	1.18493e-05
401.18	1.16274e-05
401.2	1.14097e-05
401.22	1.11963e-05
401.24	1.0987e-05
401.26	1.07817e-05
401.28	1.05803e-05
401.3	1.03829e-05
401.32	1.01892e-05
401.34	9.99923e-06
401.36	9.81294e-06
401.38	9.63023e-06
401.4	9.45103e-06
401.42	9.27528e-06
401.44	9.10291e-06
401.46	8.93384e-06
401.48	8.76803e-06
401.5	8.60541e-06
401.52	8.4459e-06
401.54	8.28946e-06
401.56	8.13603e-06
401.58	7.98553e-06
401.6	7.83793e-06
401.62	7.69315e-06
401.64	7.55115e-06
401.66	7.41187e-06
401.68	7.27526e-06
401.7	7.14126e-06
401.72	7.00983e-06
401.74	6.88092e-06
401.76	6.75447e-06
401.78	6.63043e-06
401.8	6.50877e-06
401.82	6.38943e-06
401.84	6.27237e-06
401.86	6.15755e-06
401.88	6.04491e-06
401.9	5.93442e-06
401.92	5.82604e-06
401.94	5.71972e-06
401.96	5.61542e-06
401.98	5.51311e-06
402	5.41274e-06
402.02	5.31428e-06
402.04	5.2177e-06
402.06	5.12294e-06
402.08	5.02998e-06
402.1	4.93879e-06
402.12	4.84932e-06
402.14	4.76155e-06
402.16	4.67544e-06
402.18	4.59096e-06
402.2	4.50808e-06
402.22	4.42676e-06
402.24	4.34697e-06
402.26	4.2687e-06
402.28	4.19189e-06
402.3	4.11654e-06
402.32	4.0426e-06
402.34	3.97006e-06
402.36	3.89888e-06
402.38	3.82904e-06
402.4	3.76051e-06
402.42	3.69327e-06
402.44	3.62728e-06
402.46	3.56254e-06
402.48	3.49901e-06
402.5	3.43666e-06
402.52	3.37548e-06
402.54	3.31545e-06
402.56	3.25654e-06
402.58	3.19872e-06
402.6	3.14199e-06
402.62	3.08631e-06
402.64	3.03167e-06
402.66	2.97804e-06
402.68	2.92541e-06
402.7	2.87376e-06
402.72	2.82307e-06
402.74	2.77332e-06
402.76	2.72449e-06
402.78	2.67657e-06
402.8	2.62953e-06
402.82	2.58336e-06
402.84	2.53805e-06
402.86	2.49357e-06
402.88	2.44991e-06
402.9	2.40706e-06
402.92	2.36499e-06
402.94	2.3237e-06
402.96	2.28317e-06
402.98	2.24339e-06
403	2.20433e-06
403.02	2.166e-06
403.04	2.12836e-06
403.06	2.09142e-06
403.08	2.05515e-06
403.1	2.01954e-06
403.12	1.98459e-06
403.14	1.95027e-06
403.16	1.91658e-06
403.18	1.8835e-06
403.2	1.85103e-06
403.22	1.81915e-06
403.24	1.78784e-06
403.26	1.75711e-06
403.28	1.72693e-06
403.3	1.6973e-06
403.32	1.66821e-06
403.34	1.63965e-06
403.36	1.6116e-06
403.38	1.58406e-06
403.4	1.55702e-06
403.42	1.53047e-06
403.44	1.50439e-06
403.46	1.47878e-06
403.48	1.45364e-06
403.5	1.42895e-06
403.52	1.4047e-06
403.54	1.38089e-06
403.56	1.3575e-06
403.58	1.33454e-06
403.6	1.31199e-06
403.62	1.28984e-06
403.64	1.26808e-06
403.66	1.24672e-06
403.68	1.22573e-06
403.7	1.20513e-06
403.72	1.18488e-06
403.74	1.165e-06
403.76	1.14548e-06
403.78	1.1263e-06
403.8	1.10746e-06
403.82	1.08895e-06
403.84	1.07078e-06
403.86	1.05292e-06
403.88	1.03539e-06
403.9	1.01816e-06
403.92	1.00124e-06
403.94	9.84613e-07
403.96	9.68283e-07
403.98	9.5224e-07
404	9.3648e-07
404.02	9.20998e-07
404.04	9.05788e-07
404.06	8.90845e-07
404.08	8.76164e-07
404.1	8.61741e-07
404.12	8.47571e-07
404.14	8.33649e-07
404.16	8.19971e-07
404.18	8.06532e-07
404.2	7.93327e-07
404.22	7.80353e-07
404.24	7.67605e-07
404.26	7.55079e-07
404.28	7.42772e-07
404.3	7.30678e-07
404.32	7.18795e-07
404.34	7.07117e-07
404.36	6.95643e-07
404.38	6.84367e-07
404.4	6.73286e-07
404.42	6.62397e-07
404.44	6.51697e-07
404.46	6.41181e-07
404.48	6.30847e-07
404.5	6.2069e-07
404.52	6.10709e-07
404.54	6.009e-07
404.56	5.91259e-07
404.58	5.81783e-07
404.6	5.72471e-07
404.62	5.63318e-07
404.64	5.54322e-07
404.66	5.4548e-07
404.68	5.36789e-07
404.7	5.28246e-07
404.72	5.1985e-07
404.74	5.11597e-07
404.76	5.03484e-07
404.78	4.95509e-07
404.8	4.8767e-07
404.82	4.79965e-07
404.84	4.7239e-07
404.86	4.64944e-07
404.88	4.57624e-07
404.9	4.50427e-07
404.92	4.43353e-07
404.94	4.36398e-07
404.96	4.29561e-07
404.98	4.22839e-07
405	4.1623e-07
405.02	4.09733e-07
405.04	4.03345e-07
405.06	3.97064e-07
405.08	3.90889e-07
405.1	3.84818e-07
405.12	3.78848e-07
405.14	3.72978e-07
405.16	3.67207e-07
405.18	3.61532e-07
405.2	3.55952e-07
405.22	3.50465e-07
405.24	3.45069e-07
405.26	3.39763e-07
405.28	3.34546e-07
405.3	3.29415e-07
405.32	3.2437e-07
405.34	3.19408e-07
405.36	3.14529e-07
405.38	3.0973e-07
405.4	3.05011e-07
405.42	3.0037e-07
405.44	2.95806e-07
405.46	2.91316e-07
405.48	2.86901e-07
405.5	2.82559e-07
405.52	2.78288e-07
405.54	2.74087e-07
405.56	2.69956e-07
405.58	2.65892e-07
405.6	2.61894e-07
405.62	2.57963e-07
405.64	2.54095e-07
405.66	2.50291e-07
405.68	2.46549e-07
405.7	2.42868e-07
405.72	2.39247e-07
405.74	2.35685e-07
405.76	2.32181e-07
405.78	2.28734e-07
405.8	2.25343e-07
405.82	2.22007e-07
405.84	2.18725e-07
405.86	2.15496e-07
405.88	2.12319e-07
405.9	2.09194e-07
405.92	2.06119e-07
405.94	2.03094e-07
405.96	2.00118e-07
405.98	1.97189e-07
406	1.94308e-07
406.02	1.91473e-07
406.04	1.88683e-07
406.06	1.85938e-07
406.08	1.83237e-07
406.1	1.80579e-07
406.12	1.77964e-07
406.14	1.75391e-07
406.16	1.72858e-07
406.18	1.70367e-07
406.2	1.67914e-07
406.22	1.65501e-07
406.24	1.63126e-07
406.26	1.60789e-07
406.28	1.58488e-07
406.3	1.56225e-07
406.32	1.53997e-07
406.34	1.51804e-07
406.36	1.49646e-07
406.38	1.47522e-07
406.4	1.45431e-07
406.42	1.43374e-07
406.44	1.41348e-07
406.46	1.39355e-07
406.48	1.37393e-07
406.5	1.35461e-07
406.52	1.3356e-07
406.54	1.31689e-07
406.56	1.29846e-07
406.58	1.28033e-07
406.6	1.26248e-07
406.62	1.24491e-07
406.64	1.22761e-07
406.66	1.21058e-07
406.68	1.19381e-07
406.7	1.1773e-07
406.72	1.16105e-07
406.74	1.14506e-07
406.76	1.1293e-07
406.78	1.1138e-07
406.8	1.09853e-07
406.82	1.0835e-07
406.84	1.06869e-07
406.86	1.05412e-07
406.88	1.03977e-07
406.9	1.02564e-07
406.92	1.01173e-07
406.94	9.98028e-08
406.96	9.84538e-08
406.98	9.71254e-08
407	9.58172e-08
407.02	9.4529e-08
407.04	9.32605e-08
407.06	9.20112e-08
407.08	9.07809e-08
407.1	8.95693e-08
407.12	8.83761e-08
407.14	8.72009e-08
407.16	8.60436e-08
407.18	8.49037e-08
407.2	8.3781e-08
407.22	8.26752e-08
407.24	8.15861e-08
407.26	8.05134e-08
407.28	7.94567e-08
407.3	7.8416e-08
407.32	7.73908e-08
407.34	7.6381e-08
407.36	7.53863e-08
407.38	7.44065e-08
407.4	7.34413e-08
407.42	7.24904e-08
407.44	7.15537e-08
407.46	7.0631e-08
407.48	6.97219e-08
407.5	6.88264e-08
407.52	6.79441e-08
407.54	6.70748e-08
407.56	6.62184e-08
407.58	6.53747e-08
407.6	6.45434e-08
407.62	6.37243e-08
407.64	6.29173e-08
407.66	6.21222e-08
407.68	6.13387e-08
407.7	6.05667e-08
407.72	5.9806e-08
407.74	5.90565e-08
407.76	5.83179e-08
407.78	5.759e-08
407.8	5.68728e-08
407.82	5.6166e-08
407.84	5.54695e-08
407.86	5.47831e-08
407.88	5.41067e-08
407.9	5.34401e-08
407.92	5.27831e-08
407.94	5.21356e-08
407.96	5.14974e-08
407.98	5.08685e-08
408	5.02486e-08
408.02	4.96376e-08
408.04	4.90354e-08
408.06	4.84419e-08
408.08	4.78568e-08
408.1	4.72801e-08
408.12	4.67117e-08
408.14	4.61514e-08
408.16	4.55991e-08
408.18	4.50546e-08
408.2	4.45179e-08
408.22	4.39888e-08
408.24	4.34672e-08
408.26	4.29531e-08
408.28	4.24462e-08
408.3	4.19464e-08
408.32	4.14537e-08
408.34	4.0968e-08
408.36	4.04891e-08
408.38	4.0017e-08
408.4	3.95515e-08
408.42	3.90925e-08
408.44	3.86399e-08
408.46	3.81937e-08
408.48	3.77537e-08
408.5	3.73199e-08
408.52	3.68921e-08
408.54	3.64703e-08
408.56	3.60544e-08
408.58	3.56442e-08
408.6	3.52397e-08
408.62	3.48409e-08
408.64	3.44475e-08
408.66	3.40596e-08
408.68	3.36771e-08
408.7	3.32998e-08
408.72	3.29277e-08
408.74	3.25608e-08
408.76	3.21989e-08
408.78	3.18419e-08
408.8	3.14899e-08
408.82	3.11426e-08
408.84	3.08002e-08
408.86	3.04624e-08
408.88	3.01292e-08
408.9	2.98005e-08
408.92	2.94763e-08
408.94	2.91565e-08
408.96	2.88411e-08
408.98	2.85299e-08
409	2.8223e-08
409.02	2.79202e-08
409.04	2.76214e-08
409.06	2.73268e-08
409.08	2.7036e-08
409.1	2.67492e-08
409.12	2.64663e-08
409.14	2.61871e-08
409.16	2.59117e-08
409.18	2.564e-08
409.2	2.53719e-08
409.22	2.51074e-08
409.24	2.48464e-08
409.26	2.45889e-08
409.28	2.43348e-08
409.3	2.40841e-08
409.32	2.38367e-08
409.34	2.35926e-08
409.36	2.33517e-08
409.38	2.3114e-08
409.4	2.28795e-08
409.42	2.2648e-08
409.44	2.24196e-08
409.46	2.21942e-08
409.48	2.19718e-08
409.5	2.17522e-08
409.52	2.15356e-08
409.54	2.13218e-08
409.56	2.11108e-08
409.58	2.09025e-08
409.6	2.0697e-08
409.62	2.04941e-08
409.64	2.02939e-08
409.66	2.00963e-08
409.68	1.99012e-08
409.7	1.97087e-08
409.72	1.95187e-08
409.74	1.93311e-08
409.76	1.9146e-08
409.78	1.89632e-08
409.8	1.87828e-08
409.82	1.86047e-08
409.84	1.84289e-08
409.86	1.82554e-08
409.88	1.80841e-08
409.9	1.7915e-08
409.92	1.7748e-08
409.94	1.75832e-08
409.96	1.74205e-08
409.98	1.72599e-08
410	1.71013e-08
410.02	1.69447e-08
410.04	1.67901e-08
410.06	1.66375e-08
410.08	1.64868e-08
410.1	1.63381e-08
410.12	1.61912e-08
410.14	1.60462e-08
410.16	1.5903e-08
410.18	1.57616e-08
410.2	1.5622e-08
410.22	1.54841e-08
410.24	1.5348e-08
410.26	1.52136e-08
410.28	1.50809e-08
410.3	1.49498e-08
410.32	1.48204e-08
410.34	1.46926e-08
410.36	1.45664e-08
410.38	1.44418e-08
410.4	1.43187e-08
410.42	1.41972e-08
410.44	1.40771e-08
410.46	1.39586e-08
410.48	1.38416e-08
410.5	1.37259e-08
410.52	1.36118e-08
410.54	1.3499e-08
410.56	1.33877e-08
410.58	1.32777e-08
410.6	1.31691e-08
410.62	1.30618e-08
410.64	1.29558e-08
410.66	1.28512e-08
410.68	1.27478e-08
410.7	1.26457e-08
410.72	1.25449e-08
410.74	1.24453e-08
410.76	1.23469e-08
410.78	1.22497e-08
410.8	1.21537e-08
410.82	1.20589e-08
410.84	1.19653e-08
410.86	1.18728e-08
410.88	1.17814e-08
410.9	1.16912e-08
410.92	1.1602e-08
410.94	1.1514e-08
410.96	1.1427e-08
410.98	1.13411e-08
411	1.12562e-08
411.02	1.11723e-08
411.04	1.10895e-08
411.06	1.10077e-08
411.08	1.09269e-08
411.1	1.0847e-08
411.12	1.07681e-08
411.14	1.06902e-08
411.16	1.06133e-08
411.18	1.05372e-08
411.2	1.04621e-08
411.22	1.03879e-08
411.24	1.03146e-08
411.26	1.02422e-08
411.28	1.01706e-08
411.3	1.00999e-08
411.32	1.00301e-08
411.34	9.96114e-09
411.36	9.893e-09
411.38	9.82568e-09
411.4	9.75917e-09
411.42	9.69347e-09
411.44	9.62856e-09
411.46	9.56444e-09
411.48	9.5011e-09
411.5	9.43852e-09
411.52	9.37669e-09
411.54	9.31562e-09
411.56	9.25528e-09
411.58	9.19567e-09
411.6	9.13679e-09
411.62	9.07862e-09
411.64	9.02115e-09
411.66	8.96438e-09
411.68	8.90829e-09
411.7	8.85289e-09
411.72	8.79816e-09
411.74	8.74409e-09
411.76	8.69068e-09
411.78	8.63791e-09
411.8	8.58579e-09
411.82	8.5343e-09
411.84	8.48345e-09
411.86	8.4332e-09
411.88	8.38358e-09
411.9	8.33455e-09
411.92	8.28613e-09
411.94	8.2383e-09
411.96	8.19105e-09
411.98	8.14438e-09
412	8.09829e-09
412.02	8.05276e-09
412.04	8.00779e-09
412.06	7.96338e-09
412.08	7.91951e-09
412.1	7.87618e-09
412.12	7.83339e-09
412.14	7.79113e-09
412.16	7.7494e-09
412.18	7.70818e-09
412.2	7.66747e-09
412.22	7.62728e-09
412.24	7.58758e-09
412.26	7.54839e-09
412.28	7.50968e-09
412.3	7.47146e-09
412.32	7.43372e-09
412.34	7.39646e-09
412.36	7.35967e-09
412.38	7.32335e-09
412.4	7.28749e-09
412.42	7.25208e-09
412.44	7.21713e-09
412.46	7.18263e-09
412.48	7.14857e-09
412.5	7.11495e-09
412.52	7.08176e-09
412.54	7.04901e-09
412.56	7.01668e-09
412.58	6.98478e-09
412.6	6.95329e-09
412.62	6.92222e-09
412.64	6.89156e-09
412.66	6.8613e-09
412.68	6.83145e-09
412.7	6.80199e-09
412.72	6.77294e-09
412.74	6.74427e-09
412.76	6.71599e-09
412.78	6.6881e-09
412.8	6.66058e-09
412.82	6.63345e-09
412.84	6.60669e-09
412.86	6.5803e-09
412.88	6.55428e-09
412.9	6.52862e-09
412.92	6.50333e-09
412.94	6.47839e-09
412.96	6.45381e-09
412.98	6.42958e-09
413	6.4057e-09
413.02	6.38217e-09
413.04	6.35898e-09
413.06	6.33614e-09
413.08	6.31363e-09
413.1	6.29146e-09
413.12	6.26962e-09
413.14	6.24811e-09
413.16	6.22693e-09
413.18	6.20608e-09
413.2	6.18555e-09
413.22	6.16534e-09
413.24	6.14545e-09
413.26	6.12588e-09
413.28	6.10662e-09
413.3	6.08768e-09
413.32	6.06904e-09
413.34	6.05072e-09
413.36	6.03269e-09
413.38	6.01498e-09
413.4	5.99756e-09
413.42	5.98045e-09
413.44	5.96363e-09
413.46	5.94711e-09
413.48	5.93089e-09
413.5	5.91496e-09
413.52	5.89932e-09
413.54	5.88396e-09
413.56	5.8689e-09
413.58	5.85413e-09
413.6	5.83964e-09
413.62	5.82543e-09
413.64	5.81151e-09
413.66	5.79787e-09
413.68	5.7845e-09
413.7	5.77142e-09
413.72	5.75861e-09
413.74	5.74608e-09
413.76	5.73382e-09
413.78	5.72184e-09
413.8	5.71013e-09
413.82	5.69869e-09
413.84	5.68752e-09
413.86	5.67663e-09
413.88	5.666e-09
413.9	5.65563e-09
413.92	5.64554e-09
413.94	5.63571e-09
413.96	5.62615e-09
413.98	5.61685e-09
414	5.60782e-09
414.02	5.59904e-09
414.04	5.59054e-09
414.06	5.58229e-09
414.08	5.57431e-09
414.1	5.56659e-09
414.12	5.55913e-09
414.14	5.55193e-09
414.16	5.54499e-09
414.18	5.53831e-09
414.2	5.53189e-09
414.22	5.52573e-09
414.24	5.51983e-09
414.26	5.51419e-09
414.28	5.50881e-09
414.3	5.50369e-09
414.32	5.49883e-09
414.34	5.49423e-09
414.36	5.48989e-09
414.38	5.48581e-09
414.4	5.48199e-09
414.42	5.47843e-09
414.44	5.47513e-09
414.46	5.47209e-09
414.48	5.46931e-09
414.5	5.4668e-09
414.52	5.46455e-09
414.54	5.46256e-09
414.56	5.46084e-09
414.58	5.45938e-09
414.6	5.45819e-09
414.62	5.45726e-09
414.64	5.4566e-09
414.66	5.45622e-09
414.68	5.45609e-09
414.7	5.45624e-09
414.72	5.45667e-09
414.74	5.45736e-09
414.76	5.45833e-09
414.78	5.45957e-09
414.8	5.46109e-09
414.82	5.46289e-09
414.84	5.46497e-09
414.86	5.46733e-09
414.88	5.46997e-09
414.9	5.4729e-09
414.92	5.47611e-09
414.94	5.47961e-09
414.96	5.48341e-09
414.98	5.48749e-09
415	5.49187e-09
415.02	5.49655e-09
415.04	5.50153e-09
415.06	5.5068e-09
415.08	5.51239e-09
415.1	5.51828e-09
415.12	5.52447e-09
415.14	5.53098e-09
415.16	5.53781e-09
415.18	5.54495e-09
415.2	5.55242e-09
415.22	5.56021e-09
415.24	5.56833e-09
415.26	5.57677e-09
415.28	5.58556e-09
415.3	5.59468e-09
415.32	5.60414e-09
415.34	5.61396e-09
415.36	5.62412e-09
415.38	5.63463e-09
415.4	5.64551e-09
415.42	5.65675e-09
415.44	5.66836e-09
415.46	5.68034e-09
415.48	5.6927e-09
415.5	5.70544e-09
415.52	5.71858e-09
415.54	5.7321e-09
415.56	5.74603e-09
415.58	5.76037e-09
415.6	5.77512e-09
415.62	5.79028e-09
415.64	5.80588e-09
415.66	5.8219e-09
415.68	5.83837e-09
415.7	5.85528e-09
415.72	5.87265e-09
415.74	5.89049e-09
415.76	5.90879e-09
415.78	5.92758e-09
415.8	5.94685e-09
415.82	5.96663e-09
415.84	5.98691e-09
415.86	6.00771e-09
415.88	6.02904e-09
415.9	6.05091e-09
415.92	6.07333e-09
415.94	6.09631e-09
415.96	6.11987e-09
415.98	6.14402e-09
416	6.16876e-09
416.02	6.19413e-09
416.04	6.22012e-09
416.06	6.24676e-09
416.08	6.27405e-09
416.1	6.30203e-09
416.12	6.3307e-09
416.14	6.36008e-09
416.16	6.3902e-09
416.18	6.42106e-09
416.2	6.4527e-09
416.22	6.48514e-09
416.24	6.51839e-09
416.26	6.55248e-09
416.28	6.58745e-09
416.3	6.62331e-09
416.32	6.66009e-09
416.34	6.69782e-09
416.36	6.73655e-09
416.38	6.77629e-09
416.4	6.81709e-09
416.42	6.85899e-09
416.44	6.90202e-09
416.46	6.94623e-09
416.48	6.99167e-09
416.5	7.03839e-09
416.52	7.08644e-09
416.54	7.13589e-09
416.56	7.18678e-09
416.58	7.2392e-09
416.6	7.29322e-09
416.62	7.34891e-09
416.64	7.40637e-09
416.66	7.4657e-09
416.68	7.52699e-09
416.7	7.59038e-09
416.72	7.656e-09
416.74	7.72399e-09
416.76	7.79452e-09
416.78	7.8678e-09
416.8	7.94403e-09
416.82	8.02348e-09
416.84	8.10644e-09
416.86	8.19329e-09
416.88	8.28444e-09
416.9	8.38045e-09
416.92	8.48197e-09
416.94	8.58988e-09
416.96	8.70537e-09
416.98	8.83007e-09
417	8.96649e-09
417.02	9.11865e-09
417.04	9.29402e-09
417.06	9.50892e-09
417.08	9.80847e-09
417.1	1.03672e-08
417.12	1.19659e-08
417.14	1.65276e-08
417.16	2.8603e-08
417.18	6.14042e-08
417.2	1.46923e-07
417.22	3.49059e-07
417.24	7.92188e-07
417.26	1.7161e-06
417.28	3.5247e-06
417.3	6.76796e-06
417.32	1.20114e-05
417.34	1.95885e-05
417.36	2.94327e-05
417.38	4.11843e-05
417.4	5.43899e-05
417.42	6.86091e-05
417.44	8.34505e-05
417.46	9.85852e-05
417.48	0.000113752
417.5	0.000128751
417.52	0.000143438
417.54	0.000157709
417.56	0.000171494
417.58	0.000184746
417.6	0.000197438
417.62	0.000209555
417.64	0.000221092
417.66	0.000232052
417.68	0.000242445
417.7	0.000252281
417.72	0.000261575
417.74	0.000270344
417.76	0.000278604
417.78	0.000286372
417.8	0.000293667
417.82	0.000300506
417.84	0.000306905
417.86	0.000312882
417.88	0.000318453
417.9	0.000323634
417.92	0.000328441
417.94	0.000332887
417.96	0.000336988
417.98	0.000340757
418	0.000344208
418.02	0.000347353
418.04	0.000350204
418.06	0.000352775
418.08	0.000355075
418.1	0.000357116
418.12	0.00035891
418.14	0.000360465
418.16	0.000361792
418.18	0.0003629
418.2	0.000363798
418.22	0.000364496
418.24	0.000365001
418.26	0.000365322
418.28	0.000365466
418.3	0.000365441
418.32	0.000365254
418.34	0.000364912
418.36	0.000364422
418.38	0.000363789
418.4	0.000363021
418.42	0.000362123
418.44	0.000361101
418.46	0.000359959
418.48	0.000358704
418.5	0.000357341
418.52	0.000355874
418.54	0.000354307
418.56	0.000352647
418.58	0.000350895
418.6	0.000349058
418.62	0.000347139
418.64	0.000345142
418.66	0.00034307
418.68	0.000340928
418.7	0.000338718
418.72	0.000336445
418.74	0.00033411
418.76	0.000331719
418.78	0.000329272
418.8	0.000326775
418.82	0.000324228
418.84	0.000321636
418.86	0.000319001
418.88	0.000316325
418.9	0.000313611
418.92	0.000310861
418.94	0.000308079
418.96	0.000305265
418.98	0.000302423
419	0.000299554
419.02	0.000296661
419.04	0.000293746
419.06	0.00029081
419.08	0.000287856
419.1	0.000284886
419.12	0.000281901
419.14	0.000278903
419.16	0.000275894
419.18	0.000272876
419.2	0.00026985
419.22	0.000266818
419.24	0.000263781
419.26	0.000260741
419.28	0.000257699
419.3	0.000254657
419.32	0.000251616
419.34	0.000248578
419.36	0.000245543
419.38	0.000242513
419.4	0.000239489
419.42	0.000236472
419.44	0.000233464
419.46	0.000230465
419.48	0.000227476
419.5	0.000224499
419.52	0.000221535
419.54	0.000218584
419.56	0.000215647
419.58	0.000212725
419.6	0.000209819
419.62	0.000206929
419.64	0.000204057
419.66	0.000201203
419.68	0.000198368
419.7	0.000195553
419.72	0.000192757
419.74	0.000189983
419.76	0.000187229
419.78	0.000184497
419.8	0.000181787
419.82	0.0001791
419.84	0.000176436
419.86	0.000173796
419.88	0.000171179
419.9	0.000168587
419.92	0.00016602
419.94	0.000163477
419.96	0.000160959
419.98	0.000158467
420	0.000156001
420.02	0.00015356
420.04	0.000151146
420.06	0.000148758
420.08	0.000146396
420.1	0.00014406
420.12	0.000141752
420.14	0.00013947
420.16	0.000137215
420.18	0.000134986
420.2	0.000132785
420.22	0.000130611
420.24	0.000128463
420.26	0.000126342
420.28	0.000124249
420.3	0.000122182
420.32	0.000120142
420.34	0.000118129
420.36	0.000116142
420.38	0.000114182
420.4	0.000112249
420.42	0.000110342
420.44	0.000108462
420.46	0.000106607
420.48	0.000104779
420.5	0.000102976
420.52	0.000101199
420.54	9.9448e-05
420.56	9.77221e-05
420.58	9.60215e-05
420.6	9.4346e-05
420.62	9.26954e-05
420.64	9.10694e-05
420.66	8.94679e-05
420.68	8.78906e-05
420.7	8.63374e-05
420.72	8.48081e-05
420.74	8.33024e-05
420.76	8.18201e-05
420.78	8.0361e-05
420.8	7.89248e-05
420.82	7.75113e-05
420.84	7.61204e-05
420.86	7.47516e-05
420.88	7.34049e-05
420.9	7.20799e-05
420.92	7.07765e-05
420.94	6.94943e-05
420.96	6.82332e-05
420.98	6.69928e-05
421	6.5773e-05
421.02	6.45734e-05
421.04	6.33939e-05
421.06	6.22341e-05
421.08	6.10939e-05
421.1	5.99729e-05
421.12	5.8871e-05
421.14	5.77878e-05
421.16	5.67232e-05
421.18	5.56768e-05
421.2	5.46485e-05
421.22	5.36379e-05
421.24	5.26449e-05
421.26	5.16691e-05
421.28	5.07104e-05
421.3	4.97684e-05
421.32	4.8843e-05
421.34	4.79339e-05
421.36	4.70409e-05
421.38	4.61637e-05
421.4	4.53021e-05
421.42	4.44558e-05
421.44	4.36247e-05
421.46	4.28084e-05
421.48	4.20068e-05
421.5	4.12197e-05
421.52	4.04467e-05
421.54	3.96877e-05
421.56	3.89425e-05
421.58	3.82108e-05
421.6	3.74925e-05
421.62	3.67872e-05
421.64	3.60949e-05
421.66	3.54152e-05
421.68	3.4748e-05
421.7	3.40931e-05
421.72	3.34503e-05
421.74	3.28193e-05
421.76	3.22e-05
421.78	3.15921e-05
421.8	3.09956e-05
421.82	3.04101e-05
421.84	2.98355e-05
421.86	2.92716e-05
421.88	2.87183e-05
421.9	2.81753e-05
421.92	2.76425e-05
421.94	2.71196e-05
421.96	2.66066e-05
421.98	2.61032e-05
422	2.56093e-05
422.02	2.51247e-05
422.04	2.46492e-05
422.06	2.41828e-05
422.08	2.37251e-05
422.1	2.32761e-05
422.12	2.28356e-05
422.14	2.24034e-05
422.16	2.19794e-05
422.18	2.15635e-05
422.2	2.11555e-05
422.22	2.07553e-05
422.24	2.03627e-05
422.26	1.99776e-05
422.28	1.95998e-05
422.3	1.92292e-05
422.32	1.88657e-05
422.34	1.85091e-05
422.36	1.81594e-05
422.38	1.78163e-05
422.4	1.74798e-05
422.42	1.71498e-05
422.44	1.68261e-05
422.46	1.65086e-05
422.48	1.61971e-05
422.5	1.58917e-05
422.52	1.55921e-05
422.54	1.52982e-05
422.56	1.501e-05
422.58	1.47274e-05
422.6	1.44502e-05
422.62	1.41782e-05
422.64	1.39116e-05
422.66	1.365e-05
422.68	1.33935e-05
422.7	1.31419e-05
422.72	1.28952e-05
422.74	1.26532e-05
422.76	1.24158e-05
422.78	1.21831e-05
422.8	1.19548e-05
422.82	1.17309e-05
422.84	1.15113e-05
422.86	1.12959e-05
422.88	1.10847e-05
422.9	1.08776e-05
422.92	1.06744e-05
422.94	1.04751e-05
422.96	1.02797e-05
422.98	1.00881e-05
423	9.90008e-06
423.02	9.71572e-06
423.04	9.53491e-06
423.06	9.35757e-06
423.08	9.18364e-06
423.1	9.01306e-06
423.12	8.84575e-06
423.14	8.68165e-06
423.16	8.52071e-06
423.18	8.36286e-06
423.2	8.20804e-06
423.22	8.05618e-06
423.24	7.90725e-06
423.26	7.76116e-06
423.28	7.61788e-06
423.3	7.47735e-06
423.32	7.33951e-06
423.34	7.2043e-06
423.36	7.07169e-06
423.38	6.94161e-06
423.4	6.81402e-06
423.42	6.68887e-06
423.44	6.56611e-06
423.46	6.4457e-06
423.48	6.32759e-06
423.5	6.21173e-06
423.52	6.09808e-06
423.54	5.98659e-06
423.56	5.87724e-06
423.58	5.76996e-06
423.6	5.66473e-06
423.62	5.5615e-06
423.64	5.46023e-06
423.66	5.36089e-06
423.68	5.26343e-06
423.7	5.16783e-06
423.72	5.07404e-06
423.74	4.98203e-06
423.76	4.89176e-06
423.78	4.8032e-06
423.8	4.71632e-06
423.82	4.63108e-06
423.84	4.54745e-06
423.86	4.46541e-06
423.88	4.38491e-06
423.9	4.30593e-06
423.92	4.22845e-06
423.94	4.15242e-06
423.96	4.07782e-06
423.98	4.00463e-06
424	3.93282e-06
424.02	3.86235e-06
424.04	3.79321e-06
424.06	3.72537e-06
424.08	3.6588e-06
424.1	3.59347e-06
424.12	3.52938e-06
424.14	3.46648e-06
424.16	3.40476e-06
424.18	3.34419e-06
424.2	3.28475e-06
424.22	3.22642e-06
424.24	3.16918e-06
424.26	3.11301e-06
424.28	3.05789e-06
424.3	3.00378e-06
424.32	2.95069e-06
424.34	2.89858e-06
424.36	2.84744e-06
424.38	2.79725e-06
424.4	2.74799e-06
424.42	2.69964e-06
424.44	2.65219e-06
424.46	2.60561e-06
424.48	2.5599e-06
424.5	2.51503e-06
424.52	2.47098e-06
424.54	2.42775e-06
424.56	2.38532e-06
424.58	2.34366e-06
424.6	2.30278e-06
424.62	2.26264e-06
424.64	2.22324e-06
424.66	2.18457e-06
424.68	2.1466e-06
424.7	2.10933e-06
424.72	2.07274e-06
424.74	2.03683e-06
424.76	2.00156e-06
424.78	1.96695e-06
424.8	1.93296e-06
424.82	1.89959e-06
424.84	1.86684e-06
424.86	1.83467e-06
424.88	1.8031e-06
424.9	1.77209e-06
424.92	1.74165e-06
424.94	1.71177e-06
424.96	1.68242e-06
424.98	1.65361e-06
425	1.62532e-06
425.02	1.59753e-06
425.04	1.57026e-06
425.06	1.54347e-06
425.08	1.51717e-06
425.1	1.49134e-06
425.12	1.46598e-06
425.14	1.44107e-06
425.16	1.41661e-06
425.18	1.39259e-06
425.2	1.369e-06
425.22	1.34584e-06
425.24	1.32309e-06
425.26	1.30075e-06
425.28	1.27881e-06
425.3	1.25726e-06
425.32	1.23609e-06
425.34	1.2153e-06
425.36	1.19489e-06
425.38	1.17483e-06
425.4	1.15514e-06
425.42	1.13579e-06
425.44	1.11679e-06
425.46	1.09813e-06
425.48	1.07979e-06
425.5	1.06178e-06
425.52	1.0441e-06
425.54	1.02672e-06
425.56	1.00965e-06
425.58	9.92883e-07
425.6	9.76412e-07
425.62	9.60231e-07
425.64	9.44335e-07
425.66	9.2872e-07
425.68	9.13379e-07
425.7	8.98307e-07
425.72	8.835e-07
425.74	8.68953e-07
425.76	8.54661e-07
425.78	8.4062e-07
425.8	8.26824e-07
425.82	8.13269e-07
425.84	7.99952e-07
425.86	7.86866e-07
425.88	7.74009e-07
425.9	7.61376e-07
425.92	7.48963e-07
425.94	7.36766e-07
425.96	7.24781e-07
425.98	7.13003e-07
426	7.01431e-07
426.02	6.90058e-07
426.04	6.78883e-07
426.06	6.67901e-07
426.08	6.57109e-07
426.1	6.46504e-07
426.12	6.36081e-07
426.14	6.25838e-07
426.16	6.15772e-07
426.18	6.05879e-07
426.2	5.96156e-07
426.22	5.866e-07
426.24	5.77208e-07
426.26	5.67977e-07
426.28	5.58905e-07
426.3	5.49987e-07
426.32	5.41223e-07
426.34	5.32608e-07
426.36	5.2414e-07
426.38	5.15817e-07
426.4	5.07635e-07
426.42	4.99593e-07
426.44	4.91688e-07
426.46	4.83917e-07
426.48	4.76278e-07
426.5	4.68768e-07
426.52	4.61386e-07
426.54	4.54129e-07
426.56	4.46995e-07
426.58	4.39982e-07
426.6	4.33086e-07
426.62	4.26308e-07
426.64	4.19643e-07
426.66	4.13091e-07
426.68	4.06649e-07
426.7	4.00316e-07
426.72	3.94088e-07
426.74	3.87966e-07
426.76	3.81946e-07
426.78	3.76027e-07
426.8	3.70207e-07
426.82	3.64484e-07
426.84	3.58857e-07
426.86	3.53324e-07
426.88	3.47883e-07
426.9	3.42532e-07
426.92	3.37271e-07
426.94	3.32098e-07
426.96	3.2701e-07
426.98	3.22007e-07
427	3.17086e-07
427.02	3.12247e-07
427.04	3.07489e-07
427.06	3.02809e-07
427.08	2.98206e-07
427.1	2.93679e-07
427.12	2.89227e-07
427.14	2.84849e-07
427.16	2.80542e-07
427.18	2.76306e-07
427.2	2.7214e-07
427.22	2.68042e-07
427.24	2.64011e-07
427.26	2.60047e-07
427.28	2.56147e-07
427.3	2.52311e-07
427.32	2.48538e-07
427.34	2.44826e-07
427.36	2.41175e-07
427.38	2.37584e-07
427.4	2.3405e-07
427.42	2.30575e-07
427.44	2.27155e-07
427.46	2.23791e-07
427.48	2.20482e-07
427.5	2.17227e-07
427.52	2.14024e-07
427.54	2.10872e-07
427.56	2.07772e-07
427.58	2.04722e-07
427.6	2.01721e-07
427.62	1.98768e-07
427.64	1.95863e-07
427.66	1.93004e-07
427.68	1.90191e-07
427.7	1.87424e-07
427.72	1.847e-07
427.74	1.82021e-07
427.76	1.79384e-07
427.78	1.76789e-07
427.8	1.74236e-07
427.82	1.71723e-07
427.84	1.69251e-07
427.86	1.66818e-07
427.88	1.64423e-07
427.9	1.62066e-07
427.92	1.59747e-07
427.94	1.57465e-07
427.96	1.55219e-07
427.98	1.53008e-07
428	1.50832e-07
428.02	1.4869e-07
428.04	1.46583e-07
428.06	1.44508e-07
428.08	1.42466e-07
428.1	1.40456e-07
428.12	1.38478e-07
428.14	1.36531e-07
428.16	1.34614e-07
428.18	1.32727e-07
428.2	1.3087e-07
428.22	1.29042e-07
428.24	1.27242e-07
428.26	1.2547e-07
428.28	1.23726e-07
428.3	1.22009e-07
428.32	1.20319e-07
428.34	1.18655e-07
428.36	1.17017e-07
428.38	1.15404e-07
428.4	1.13816e-07
428.42	1.12252e-07
428.44	1.10713e-07
428.46	1.09198e-07
428.48	1.07705e-07
428.5	1.06236e-07
428.52	1.04789e-07
428.54	1.03365e-07
428.56	1.01962e-07
428.58	1.00581e-07
428.6	9.92214e-08
428.62	9.78822e-08
428.64	9.65634e-08
428.66	9.52648e-08
428.68	9.3986e-08
428.7	9.27266e-08
428.72	9.14863e-08
428.74	9.02649e-08
428.76	8.9062e-08
428.78	8.78773e-08
428.8	8.67106e-08
428.82	8.55615e-08
428.84	8.44297e-08
428.86	8.3315e-08
428.88	8.22171e-08
428.9	8.11357e-08
428.92	8.00706e-08
428.94	7.90214e-08
428.96	7.7988e-08
428.98	7.69701e-08
429	7.59673e-08
429.02	7.49796e-08
429.04	7.40066e-08
429.06	7.30481e-08
429.08	7.21039e-08
429.1	7.11737e-08
429.12	7.02573e-08
429.14	6.93546e-08
429.16	6.84652e-08
429.18	6.7589e-08
429.2	6.67257e-08
429.22	6.58752e-08
429.24	6.50372e-08
429.26	6.42116e-08
429.28	6.33981e-08
429.3	6.25966e-08
429.32	6.18069e-08
429.34	6.10287e-08
429.36	6.02619e-08
429.38	5.95064e-08
429.4	5.87618e-08
429.42	5.80282e-08
429.44	5.73052e-08
429.46	5.65928e-08
429.48	5.58907e-08
429.5	5.51989e-08
429.52	5.4517e-08
429.54	5.38451e-08
429.56	5.31829e-08
429.58	5.25302e-08
429.6	5.1887e-08
429.62	5.1253e-08
429.64	5.06282e-08
429.66	5.00124e-08
429.68	4.94054e-08
429.7	4.88071e-08
429.72	4.82174e-08
429.74	4.76362e-08
429.76	4.70632e-08
429.78	4.64984e-08
429.8	4.59417e-08
429.82	4.5393e-08
429.84	4.4852e-08
429.86	4.43187e-08
429.88	4.3793e-08
429.9	4.32748e-08
429.92	4.27638e-08
429.94	4.22602e-08
429.96	4.17636e-08
429.98	4.1274e-08
430	4.07913e-08
430.02	4.03155e-08
430.04	3.98463e-08
430.06	3.93837e-08
430.08	3.89275e-08
430.1	3.84778e-08
430.12	3.80344e-08
430.14	3.75971e-08
430.16	3.7166e-08
430.18	3.67409e-08
430.2	3.63216e-08
430.22	3.59082e-08
430.24	3.55006e-08
430.26	3.50986e-08
430.28	3.47022e-08
430.3	3.43112e-08
430.32	3.39257e-08
430.34	3.35454e-08
430.36	3.31704e-08
430.38	3.28006e-08
430.4	3.24359e-08
430.42	3.20761e-08
430.44	3.17213e-08
430.46	3.13714e-08
430.48	3.10262e-08
430.5	3.06858e-08
430.52	3.035e-08
430.54	3.00187e-08
430.56	2.9692e-08
430.58	2.93697e-08
430.6	2.90518e-08
430.62	2.87382e-08
430.64	2.84289e-08
430.66	2.81237e-08
430.68	2.78227e-08
430.7	2.75257e-08
430.72	2.72327e-08
430.74	2.69437e-08
430.76	2.66585e-08
430.78	2.63772e-08
430.8	2.60996e-08
430.82	2.58258e-08
430.84	2.55556e-08
430.86	2.52891e-08
430.88	2.5026e-08
430.9	2.47665e-08
430.92	2.45105e-08
430.94	2.42578e-08
430.96	2.40085e-08
430.98	2.37625e-08
431	2.35198e-08
431.02	2.32803e-08
431.04	2.30439e-08
431.06	2.28107e-08
431.08	2.25805e-08
431.1	2.23534e-08
431.12	2.21292e-08
431.14	2.1908e-08
431.16	2.16897e-08
431.18	2.14742e-08
431.2	2.12616e-08
431.22	2.10517e-08
431.24	2.08446e-08
431.26	2.06402e-08
431.28	2.04384e-08
431.3	2.02393e-08
431.32	2.00427e-08
431.34	1.98487e-08
431.36	1.96572e-08
431.38	1.94682e-08
431.4	1.92817e-08
431.42	1.90975e-08
431.44	1.89157e-08
431.46	1.87363e-08
431.48	1.85591e-08
431.5	1.83843e-08
431.52	1.82116e-08
431.54	1.80412e-08
431.56	1.7873e-08
431.58	1.77069e-08
431.6	1.7543e-08
431.62	1.73811e-08
431.64	1.72213e-08
431.66	1.70636e-08
431.68	1.69078e-08
431.7	1.6754e-08
431.72	1.66022e-08
431.74	1.64523e-08
431.76	1.63043e-08
431.78	1.61582e-08
431.8	1.60139e-08
431.82	1.58714e-08
431.84	1.57307e-08
431.86	1.55918e-08
431.88	1.54547e-08
431.9	1.53193e-08
431.92	1.51855e-08
431.94	1.50535e-08
431.96	1.49231e-08
431.98	1.47943e-08
432	1.46672e-08
432.02	1.45416e-08
432.04	1.44176e-08
432.06	1.42951e-08
432.08	1.41742e-08
432.1	1.40548e-08
432.12	1.39368e-08
432.14	1.38203e-08
432.16	1.37053e-08
432.18	1.35917e-08
432.2	1.34795e-08
432.22	1.33687e-08
432.24	1.32592e-08
432.26	1.31511e-08
432.28	1.30444e-08
432.3	1.29389e-08
432.32	1.28348e-08
432.34	1.27319e-08
432.36	1.26303e-08
432.38	1.253e-08
432.4	1.24309e-08
432.42	1.2333e-08
432.44	1.22363e-08
432.46	1.21408e-08
432.48	1.20464e-08
432.5	1.19532e-08
432.52	1.18612e-08
432.54	1.17703e-08
432.56	1.16804e-08
432.58	1.15917e-08
432.6	1.15041e-08
432.62	1.14175e-08
432.64	1.1332e-08
432.66	1.12475e-08
432.68	1.11641e-08
432.7	1.10816e-08
432.72	1.10002e-08
432.74	1.09198e-08
432.76	1.08403e-08
432.78	1.07618e-08
432.8	1.06842e-08
432.82	1.06076e-08
432.84	1.0532e-08
432.86	1.04572e-08
432.88	1.03833e-08
432.9	1.03104e-08
432.92	1.02383e-08
432.94	1.01671e-08
432.96	1.00968e-08
432.98	1.00273e-08
433	9.95861e-09
433.02	9.89079e-09
433.04	9.82378e-09
433.06	9.75759e-09
433.08	9.6922e-09
433.1	9.6276e-09
433.12	9.56379e-09
433.14	9.50074e-09
433.16	9.43846e-09
433.18	9.37693e-09
433.2	9.31614e-09
433.22	9.25609e-09
433.24	9.19677e-09
433.26	9.13816e-09
433.28	9.08027e-09
433.3	9.02307e-09
433.32	8.96657e-09
433.34	8.91076e-09
433.36	8.85562e-09
433.38	8.80115e-09
433.4	8.74734e-09
433.42	8.69419e-09
433.44	8.64168e-09
433.46	8.58981e-09
433.48	8.53858e-09
433.5	8.48796e-09
433.52	8.43797e-09
433.54	8.38858e-09
433.56	8.3398e-09
433.58	8.29161e-09
433.6	8.24402e-09
433.62	8.197e-09
433.64	8.15057e-09
433.66	8.1047e-09
433.68	8.0594e-09
433.7	8.01465e-09
433.72	7.97046e-09
433.74	7.92681e-09
433.76	7.88371e-09
433.78	7.84113e-09
433.8	7.79909e-09
433.82	7.75757e-09
433.84	7.71656e-09
433.86	7.67607e-09
433.88	7.63608e-09
433.9	7.59659e-09
433.92	7.5576e-09
433.94	7.5191e-09
433.96	7.48108e-09
433.98	7.44354e-09
434	7.40648e-09
434.02	7.36989e-09
434.04	7.33376e-09
434.06	7.2981e-09
434.08	7.26289e-09
434.1	7.22813e-09
434.12	7.19382e-09
434.14	7.15995e-09
434.16	7.12652e-09
434.18	7.09352e-09
434.2	7.06096e-09
434.22	7.02881e-09
434.24	6.99709e-09
434.26	6.96579e-09
434.28	6.9349e-09
434.3	6.90442e-09
434.32	6.87435e-09
434.34	6.84468e-09
434.36	6.8154e-09
434.38	6.78653e-09
434.4	6.75804e-09
434.42	6.72994e-09
434.44	6.70222e-09
434.46	6.67488e-09
434.48	6.64792e-09
434.5	6.62134e-09
434.52	6.59512e-09
434.54	6.56928e-09
434.56	6.54379e-09
434.58	6.51867e-09
434.6	6.49391e-09
434.62	6.4695e-09
434.64	6.44544e-09
434.66	6.42174e-09
434.68	6.39838e-09
434.7	6.37536e-09
434.72	6.35269e-09
434.74	6.33035e-09
434.76	6.30835e-09
434.78	6.28668e-09
434.8	6.26535e-09
434.82	6.24434e-09
434.84	6.22365e-09
434.86	6.2033e-09
434.88	6.18326e-09
434.9	6.16354e-09
434.92	6.14414e-09
434.94	6.12505e-09
434.96	6.10628e-09
434.98	6.08781e-09
435	6.06965e-09
435.02	6.0518e-09
435.04	6.03426e-09
435.06	6.01701e-09
435.08	6.00007e-09
435.1	5.98343e-09
435.12	5.96708e-09
435.14	5.95103e-09
435.16	5.93527e-09
435.18	5.91981e-09
435.2	5.90463e-09
435.22	5.88974e-09
435.24	5.87514e-09
435.26	5.86083e-09
435.28	5.8468e-09
435.3	5.83305e-09
435.32	5.81959e-09
435.34	5.80641e-09
435.36	5.7935e-09
435.38	5.78087e-09
435.4	5.76852e-09
435.42	5.75645e-09
435.44	5.74465e-09
435.46	5.73312e-09
435.48	5.72187e-09
435.5	5.71089e-09
435.52	5.70017e-09
435.54	5.68973e-09
435.56	5.67956e-09
435.58	5.66965e-09
435.6	5.66002e-09
435.62	5.65064e-09
435.64	5.64154e-09
435.66	5.6327e-09
435.68	5.62413e-09
435.7	5.61582e-09
435.72	5.60777e-09
435.74	5.59999e-09
435.76	5.59247e-09
435.78	5.58521e-09
435.8	5.57822e-09
435.82	5.57148e-09
435.84	5.56501e-09
435.86	5.5588e-09
435.88	5.55286e-09
435.9	5.54717e-09
435.92	5.54174e-09
435.94	5.53658e-09
435.96	5.53168e-09
435.98	5.52704e-09
436	5.52266e-09
436.02	5.51855e-09
436.04	5.51469e-09
436.06	5.5111e-09
436.08	5.50777e-09
436.1	5.50471e-09
436.12	5.50191e-09
436.14	5.49937e-09
436.16	5.4971e-09
436.18	5.49509e-09
436.2	5.49335e-09
436.22	5.49188e-09
436.24	5.49067e-09
436.26	5.48973e-09
436.28	5.48907e-09
436.3	5.48867e-09
436.32	5.48854e-09
436.34	5.48869e-09
436.36	5.48911e-09
436.38	5.4898e-09
436.4	5.49077e-09
436.42	5.49202e-09
436.44	5.49355e-09
436.46	5.49535e-09
436.48	5.49744e-09
436.5	5.49982e-09
436.52	5.50247e-09
436.54	5.50542e-09
436.56	5.50865e-09
436.58	5.51218e-09
436.6	5.51599e-09
436.62	5.5201e-09
436.64	5.52451e-09
436.66	5.52922e-09
436.68	5.53423e-09
436.7	5.53954e-09
436.72	5.54516e-09
436.74	5.55109e-09
436.76	5.55734e-09
436.78	5.56389e-09
436.8	5.57076e-09
436.82	5.57796e-09
436.84	5.58548e-09
436.86	5.59332e-09
436.88	5.6015e-09
436.9	5.61001e-09
436.92	5.61886e-09
436.94	5.62805e-09
436.96	5.63758e-09
436.98	5.64746e-09
437	5.6577e-09
437.02	5.6683e-09
437.04	5.67925e-09
437.06	5.69058e-09
437.08	5.70228e-09
437.1	5.71435e-09
437.12	5.7268e-09
437.14	5.73964e-09
437.16	5.75288e-09
437.18	5.76651e-09
437.2	5.78055e-09
437.22	5.795e-09
437.24	5.80986e-09
437.26	5.82515e-09
437.28	5.84086e-09
437.3	5.85702e-09
437.32	5.87362e-09
437.34	5.89067e-09
437.36	5.90818e-09
437.38	5.92616e-09
437.4	5.94461e-09
437.42	5.96355e-09
437.44	5.98298e-09
437.46	6.00292e-09
437.48	6.02337e-09
437.5	6.04435e-09
437.52	6.06585e-09
437.54	6.08791e-09
437.56	6.11052e-09
437.58	6.1337e-09
437.6	6.15746e-09
437.62	6.18182e-09
437.64	6.20678e-09
437.66	6.23236e-09
437.68	6.25859e-09
437.7	6.28546e-09
437.72	6.313e-09
437.74	6.34123e-09
437.76	6.37016e-09
437.78	6.39981e-09
437.8	6.4302e-09
437.82	6.46136e-09
437.84	6.49329e-09
437.86	6.52603e-09
437.88	6.5596e-09
437.9	6.59402e-09
437.92	6.62932e-09
437.94	6.66553e-09
437.96	6.70267e-09
437.98	6.74078e-09
438	6.7799e-09
438.02	6.82004e-09
438.04	6.86126e-09
438.06	6.90359e-09
438.08	6.94708e-09
438.1	6.99176e-09
438.12	7.03769e-09
438.14	7.08492e-09
438.16	7.13351e-09
438.18	7.18351e-09
438.2	7.23499e-09
438.22	7.28802e-09
438.24	7.34267e-09
438.26	7.39904e-09
438.28	7.45721e-09
438.3	7.51728e-09
438.32	7.57937e-09
438.34	7.6436e-09
438.36	7.7101e-09
438.38	7.77904e-09
438.4	7.85059e-09
438.42	7.92495e-09
438.44	8.00236e-09
438.46	8.08309e-09
438.48	8.16745e-09
438.5	8.25583e-09
438.52	8.34869e-09
438.54	8.44661e-09
438.56	8.55032e-09
438.58	8.66078e-09
438.6	8.77929e-09
438.62	8.90773e-09
438.64	9.04899e-09
438.66	9.20789e-09
438.68	9.39383e-09
438.7	9.62879e-09
438.72	9.97902e-09
438.74	1.07438e-08
438.76	1.29768e-08
438.78	1.91454e-08
438.8	3.55933e-08
438.82	8.01596e-08
438.84	1.93061e-07
438.86	4.52592e-07
438.88	1.01239e-06
438.9	2.16008e-06
438.92	4.35093e-06
438.94	8.15903e-06
438.96	1.41044e-05
438.98	2.23992e-05
439	3.28627e-05
439.02	4.50884e-05
439.04	5.86218e-05
439.06	7.30372e-05
439.08	8.79628e-05
439.1	0.000103092
439.12	0.000118184
439.14	0.000133059
439.16	0.000147586
439.18	0.000161674
439.2	0.000175261
439.22	0.000188306
439.24	0.000200786
439.26	0.00021269
439.28	0.000224017
439.3	0.000234771
439.32	0.000244962
439.34	0.000254602
439.36	0.000263707
439.38	0.000272292
439.4	0.000280375
439.42	0.000287974
439.44	0.000295106
439.46	0.000301788
439.48	0.000308037
439.5	0.00031387
439.52	0.000319303
439.54	0.000324352
439.56	0.000329031
439.58	0.000333356
439.6	0.000337341
439.62	0.000340999
439.64	0.000344343
439.66	0.000347386
439.68	0.000350141
439.7	0.000352618
439.72	0.00035483
439.74	0.000356786
439.76	0.000358499
439.78	0.000359976
439.8	0.00036123
439.82	0.000362268
439.84	0.000363099
439.86	0.000363733
439.88	0.000364177
439.9	0.00036444
439.92	0.000364529
439.94	0.000364452
439.96	0.000364215
439.98	0.000363826
440	0.000363291
440.02	0.000362616
440.04	0.000361808
440.06	0.000360872
440.08	0.000359813
440.1	0.000358638
440.12	0.000357351
440.14	0.000355957
440.16	0.000354461
440.18	0.000352868
440.2	0.000351182
440.22	0.000349407
440.24	0.000347548
440.26	0.000345608
440.28	0.000343591
440.3	0.000341502
440.32	0.000339342
440.34	0.000337117
440.36	0.00033483
440.38	0.000332482
440.4	0.000330079
440.42	0.000327622
440.44	0.000325114
440.46	0.000322559
440.48	0.000319959
440.5	0.000317317
440.52	0.000314635
440.54	0.000311916
440.56	0.000309163
440.58	0.000306377
440.6	0.000303561
440.62	0.000300717
440.64	0.000297847
440.66	0.000294954
440.68	0.00029204
440.7	0.000289105
440.72	0.000286153
440.74	0.000283186
440.76	0.000280204
440.78	0.00027721
440.8	0.000274205
440.82	0.000271192
440.84	0.000268171
440.86	0.000265145
440.88	0.000262115
440.9	0.000259082
440.92	0.000256048
440.94	0.000253014
440.96	0.000249981
440.98	0.000246951
441	0.000243925
441.02	0.000240905
441.04	0.000237891
441.06	0.000234885
441.08	0.000231887
441.1	0.000228899
441.12	0.000225922
441.14	0.000222956
441.16	0.000220003
441.18	0.000217064
441.2	0.00021414
441.22	0.00021123
441.24	0.000208337
441.26	0.000205461
441.28	0.000202602
441.3	0.000199761
441.32	0.00019694
441.34	0.000194138
441.36	0.000191356
441.38	0.000188595
441.4	0.000185856
441.42	0.000183138
441.44	0.000180443
441.46	0.00017777
441.48	0.000175121
441.5	0.000172495
441.52	0.000169893
441.54	0.000167315
441.56	0.000164762
441.58	0.000162234
441.6	0.000159732
441.62	0.000157254
441.64	0.000154803
441.66	0.000152377
441.68	0.000149977
441.7	0.000147604
441.72	0.000145257
441.74	0.000142936
441.76	0.000140642
441.78	0.000138375
441.8	0.000136134
441.82	0.00013392
441.84	0.000131733
441.86	0.000129573
441.88	0.00012744
441.9	0.000125334
441.92	0.000123254
441.94	0.000121202
441.96	0.000119176
441.98	0.000117177
442	0.000115204
442.02	0.000113258
442.04	0.000111338
442.06	0.000109445
442.08	0.000107577
442.1	0.000105736
442.12	0.000103921
442.14	0.000102132
442.16	0.000100368
442.18	9.86293e-05
442.2	9.69163e-05
442.22	9.52283e-05
442.24	9.35653e-05
442.26	9.1927e-05
442.28	9.03132e-05
442.3	8.87238e-05
442.32	8.71586e-05
442.34	8.56172e-05
442.36	8.40996e-05
442.38	8.26055e-05
442.4	8.11346e-05
442.42	7.96868e-05
442.44	7.82619e-05
442.46	7.68594e-05
442.48	7.54794e-05
442.5	7.41214e-05
442.52	7.27853e-05
442.54	7.14709e-05
442.56	7.01778e-05
442.58	6.89059e-05
442.6	6.76548e-05
442.62	6.64244e-05
442.64	6.52144e-05
442.66	6.40245e-05
442.68	6.28546e-05
442.7	6.17042e-05
442.72	6.05733e-05
442.74	5.94615e-05
442.76	5.83686e-05
442.78	5.72943e-05
442.8	5.62385e-05
442.82	5.52007e-05
442.84	5.41809e-05
442.86	5.31787e-05
442.88	5.21939e-05
442.9	5.12263e-05
442.92	5.02755e-05
442.94	4.93415e-05
442.96	4.84238e-05
442.98	4.75224e-05
443	4.66369e-05
443.02	4.57671e-05
443.04	4.49127e-05
443.06	4.40736e-05
443.08	4.32495e-05
443.1	4.24402e-05
443.12	4.16454e-05
443.14	4.0865e-05
443.16	4.00986e-05
443.18	3.93461e-05
443.2	3.86072e-05
443.22	3.78818e-05
443.24	3.71696e-05
443.26	3.64705e-05
443.28	3.57841e-05
443.3	3.51102e-05
443.32	3.44488e-05
443.34	3.37996e-05
443.36	3.31623e-05
443.38	3.25367e-05
443.4	3.19228e-05
443.42	3.13202e-05
443.44	3.07288e-05
443.46	3.01484e-05
443.48	2.95789e-05
443.5	2.90199e-05
443.52	2.84714e-05
443.54	2.79331e-05
443.56	2.74049e-05
443.58	2.68866e-05
443.6	2.63781e-05
443.62	2.58791e-05
443.64	2.53895e-05
443.66	2.49091e-05
443.68	2.44378e-05
443.7	2.39754e-05
443.72	2.35218e-05
443.74	2.30767e-05
443.76	2.26401e-05
443.78	2.22117e-05
443.8	2.17915e-05
443.82	2.13792e-05
443.84	2.09748e-05
443.86	2.05781e-05
443.88	2.01889e-05
443.9	1.98072e-05
443.92	1.94327e-05
443.94	1.90654e-05
443.96	1.87051e-05
443.98	1.83516e-05
444	1.8005e-05
444.02	1.76649e-05
444.04	1.73314e-05
444.06	1.70043e-05
444.08	1.66834e-05
444.1	1.63687e-05
444.12	1.606e-05
444.14	1.57572e-05
444.16	1.54602e-05
444.18	1.5169e-05
444.2	1.48833e-05
444.22	1.46031e-05
444.24	1.43283e-05
444.26	1.40588e-05
444.28	1.37945e-05
444.3	1.35352e-05
444.32	1.3281e-05
444.34	1.30316e-05
444.36	1.2787e-05
444.38	1.25472e-05
444.4	1.23119e-05
444.42	1.20812e-05
444.44	1.18549e-05
444.46	1.16329e-05
444.48	1.14153e-05
444.5	1.12018e-05
444.52	1.09924e-05
444.54	1.07871e-05
444.56	1.05857e-05
444.58	1.03882e-05
444.6	1.01945e-05
444.62	1.00045e-05
444.64	9.81814e-06
444.66	9.63539e-06
444.68	9.45615e-06
444.7	9.28035e-06
444.72	9.10794e-06
444.74	8.93884e-06
444.76	8.77298e-06
444.78	8.61031e-06
444.8	8.45077e-06
444.82	8.29429e-06
444.84	8.14081e-06
444.86	7.99027e-06
444.88	7.84262e-06
444.9	7.6978e-06
444.92	7.55576e-06
444.94	7.41644e-06
444.96	7.27979e-06
444.98	7.14575e-06
445	7.01428e-06
445.02	6.88532e-06
445.04	6.75883e-06
445.06	6.63476e-06
445.08	6.51305e-06
445.1	6.39367e-06
445.12	6.27657e-06
445.14	6.16171e-06
445.16	6.04903e-06
445.18	5.9385e-06
445.2	5.83008e-06
445.22	5.72372e-06
445.24	5.61938e-06
445.26	5.51703e-06
445.28	5.41663e-06
445.3	5.31813e-06
445.32	5.22151e-06
445.34	5.12671e-06
445.36	5.03372e-06
445.38	4.94249e-06
445.4	4.85298e-06
445.42	4.76518e-06
445.44	4.67903e-06
445.46	4.59451e-06
445.48	4.51159e-06
445.5	4.43023e-06
445.52	4.35042e-06
445.54	4.2721e-06
445.56	4.19527e-06
445.58	4.11988e-06
445.6	4.04591e-06
445.62	3.97333e-06
445.64	3.90212e-06
445.66	3.83224e-06
445.68	3.76368e-06
445.7	3.6964e-06
445.72	3.63038e-06
445.74	3.56561e-06
445.76	3.50204e-06
445.78	3.43966e-06
445.8	3.37845e-06
445.82	3.31839e-06
445.84	3.25944e-06
445.86	3.2016e-06
445.88	3.14483e-06
445.9	3.08912e-06
445.92	3.03445e-06
445.94	2.9808e-06
445.96	2.92814e-06
445.98	2.87646e-06
446	2.82574e-06
446.02	2.77596e-06
446.04	2.7271e-06
446.06	2.67915e-06
446.08	2.63208e-06
446.1	2.58589e-06
446.12	2.54054e-06
446.14	2.49604e-06
446.16	2.45235e-06
446.18	2.40947e-06
446.2	2.36738e-06
446.22	2.32607e-06
446.24	2.28551e-06
446.26	2.2457e-06
446.28	2.20662e-06
446.3	2.16826e-06
446.32	2.1306e-06
446.34	2.09363e-06
446.36	2.05733e-06
446.38	2.0217e-06
446.4	1.98672e-06
446.42	1.95238e-06
446.44	1.91867e-06
446.46	1.88557e-06
446.48	1.85307e-06
446.5	1.82117e-06
446.52	1.78984e-06
446.54	1.75909e-06
446.56	1.72889e-06
446.58	1.69924e-06
446.6	1.67013e-06
446.62	1.64154e-06
446.64	1.61347e-06
446.66	1.58591e-06
446.68	1.55885e-06
446.7	1.53227e-06
446.72	1.50618e-06
446.74	1.48055e-06
446.76	1.45539e-06
446.78	1.43068e-06
446.8	1.40641e-06
446.82	1.38258e-06
446.84	1.35918e-06
446.86	1.33619e-06
446.88	1.31362e-06
446.9	1.29145e-06
446.92	1.26968e-06
446.94	1.2483e-06
446.96	1.2273e-06
446.98	1.20667e-06
447	1.18641e-06
447.02	1.16651e-06
447.04	1.14697e-06
447.06	1.12777e-06
447.08	1.10892e-06
447.1	1.0904e-06
447.12	1.0722e-06
447.14	1.05433e-06
447.16	1.03678e-06
447.18	1.01954e-06
447.2	1.0026e-06
447.22	9.8596e-07
447.24	9.69614e-07
447.26	9.53557e-07
447.28	9.37782e-07
447.3	9.22285e-07
447.32	9.0706e-07
447.34	8.92103e-07
447.36	8.77409e-07
447.38	8.62972e-07
447.4	8.48788e-07
447.42	8.34852e-07
447.44	8.2116e-07
447.46	8.07708e-07
447.48	7.9449e-07
447.5	7.81503e-07
447.52	7.68742e-07
447.54	7.56203e-07
447.56	7.43883e-07
447.58	7.31777e-07
447.6	7.19881e-07
447.62	7.08192e-07
447.64	6.96705e-07
447.66	6.85417e-07
447.68	6.74325e-07
447.7	6.63424e-07
447.72	6.52712e-07
447.74	6.42185e-07
447.76	6.3184e-07
447.78	6.21672e-07
447.8	6.1168e-07
447.82	6.0186e-07
447.84	5.92208e-07
447.86	5.82722e-07
447.88	5.73399e-07
447.9	5.64236e-07
447.92	5.5523e-07
447.94	5.46377e-07
447.96	5.37676e-07
447.98	5.29124e-07
448	5.20718e-07
448.02	5.12455e-07
448.04	5.04333e-07
448.06	4.96349e-07
448.08	4.88501e-07
448.1	4.80786e-07
448.12	4.73202e-07
448.14	4.65747e-07
448.16	4.58418e-07
448.18	4.51213e-07
448.2	4.4413e-07
448.22	4.37166e-07
448.24	4.30321e-07
448.26	4.2359e-07
448.28	4.16973e-07
448.3	4.10468e-07
448.32	4.04072e-07
448.34	3.97783e-07
448.36	3.916e-07
448.38	3.85521e-07
448.4	3.79544e-07
448.42	3.73666e-07
448.44	3.67887e-07
448.46	3.62205e-07
448.48	3.56617e-07
448.5	3.51123e-07
448.52	3.4572e-07
448.54	3.40408e-07
448.56	3.35183e-07
448.58	3.30046e-07
448.6	3.24993e-07
448.62	3.20025e-07
448.64	3.15139e-07
448.66	3.10334e-07
448.68	3.05608e-07
448.7	3.00961e-07
448.72	2.9639e-07
448.74	2.91894e-07
448.76	2.87473e-07
448.78	2.83124e-07
448.8	2.78847e-07
448.82	2.74641e-07
448.84	2.70503e-07
448.86	2.66433e-07
448.88	2.6243e-07
448.9	2.58493e-07
448.92	2.5462e-07
448.94	2.5081e-07
448.96	2.47062e-07
448.98	2.43376e-07
449	2.39749e-07
449.02	2.36182e-07
449.04	2.32673e-07
449.06	2.2922e-07
449.08	2.25824e-07
449.1	2.22483e-07
449.12	2.19196e-07
449.14	2.15962e-07
449.16	2.12781e-07
449.18	2.09651e-07
449.2	2.06571e-07
449.22	2.03541e-07
449.24	2.0056e-07
449.26	1.97627e-07
449.28	1.94741e-07
449.3	1.91901e-07
449.32	1.89107e-07
449.34	1.86358e-07
449.36	1.83653e-07
449.38	1.80991e-07
449.4	1.78371e-07
449.42	1.75794e-07
449.44	1.73257e-07
449.46	1.70761e-07
449.48	1.68305e-07
449.5	1.65887e-07
449.52	1.63508e-07
449.54	1.61167e-07
449.56	1.58863e-07
449.58	1.56596e-07
449.6	1.54364e-07
449.62	1.52167e-07
449.64	1.50006e-07
449.66	1.47878e-07
449.68	1.45784e-07
449.7	1.43723e-07
449.72	1.41694e-07
449.74	1.39697e-07
449.76	1.37731e-07
449.78	1.35796e-07
449.8	1.33892e-07
449.82	1.32017e-07
449.84	1.30172e-07
449.86	1.28355e-07
449.88	1.26567e-07
449.9	1.24806e-07
449.92	1.23073e-07
449.94	1.21367e-07
449.96	1.19687e-07
449.98	1.18034e-07
450	1.16406e-07
450.02	1.14803e-07
450.04	1.13225e-07
450.06	1.11671e-07
450.08	1.10141e-07
450.1	1.08635e-07
450.12	1.07152e-07
450.14	1.05692e-07
450.16	1.04255e-07
450.18	1.02839e-07
450.2	1.01445e-07
450.22	1.00072e-07
450.24	9.87207e-08
450.26	9.73897e-08
450.28	9.6079e-08
450.3	9.47883e-08
450.32	9.35173e-08
450.34	9.22656e-08
450.36	9.10329e-08
450.38	8.98189e-08
450.4	8.86232e-08
450.42	8.74457e-08
450.44	8.6286e-08
450.46	8.51439e-08
450.48	8.40189e-08
450.5	8.29109e-08
450.52	8.18196e-08
450.54	8.07446e-08
450.56	7.96859e-08
450.58	7.8643e-08
450.6	7.76157e-08
450.62	7.66038e-08
450.64	7.5607e-08
450.66	7.46251e-08
450.68	7.36579e-08
450.7	7.27051e-08
450.72	7.17664e-08
450.74	7.08417e-08
450.76	6.99307e-08
450.78	6.90332e-08
450.8	6.81491e-08
450.82	6.7278e-08
450.84	6.64197e-08
450.86	6.55741e-08
450.88	6.4741e-08
450.9	6.39202e-08
450.92	6.31114e-08
450.94	6.23145e-08
450.96	6.15293e-08
450.98	6.07557e-08
451	5.99933e-08
451.02	5.92421e-08
451.04	5.85018e-08
451.06	5.77724e-08
451.08	5.70535e-08
451.1	5.63451e-08
451.12	5.56471e-08
451.14	5.49591e-08
451.16	5.42811e-08
451.18	5.3613e-08
451.2	5.29545e-08
451.22	5.23055e-08
451.24	5.16659e-08
451.26	5.10355e-08
451.28	5.04142e-08
451.3	4.98018e-08
451.32	4.91982e-08
451.34	4.86032e-08
451.36	4.80168e-08
451.38	4.74388e-08
451.4	4.6869e-08
451.42	4.63073e-08
451.44	4.57537e-08
451.46	4.52079e-08
451.48	4.46699e-08
451.5	4.41396e-08
451.52	4.36167e-08
451.54	4.31013e-08
451.56	4.25932e-08
451.58	4.20922e-08
451.6	4.15983e-08
451.62	4.11114e-08
451.64	4.06313e-08
451.66	4.0158e-08
451.68	3.96914e-08
451.7	3.92312e-08
451.72	3.87776e-08
451.74	3.83302e-08
451.76	3.78892e-08
451.78	3.74543e-08
451.8	3.70254e-08
451.82	3.66025e-08
451.84	3.61855e-08
451.86	3.57743e-08
451.88	3.53688e-08
451.9	3.49689e-08
451.92	3.45746e-08
451.94	3.41857e-08
451.96	3.38021e-08
451.98	3.34239e-08
452	3.30508e-08
452.02	3.26829e-08
452.04	3.23201e-08
452.06	3.19622e-08
452.08	3.16092e-08
452.1	3.12611e-08
452.12	3.09177e-08
452.14	3.0579e-08
452.16	3.02449e-08
452.18	2.99154e-08
452.2	2.95903e-08
452.22	2.92697e-08
452.24	2.89534e-08
452.26	2.86414e-08
452.28	2.83336e-08
452.3	2.803e-08
452.32	2.77304e-08
452.34	2.7435e-08
452.36	2.71434e-08
452.38	2.68558e-08
452.4	2.65721e-08
452.42	2.62922e-08
452.44	2.6016e-08
452.46	2.57435e-08
452.48	2.54747e-08
452.5	2.52095e-08
452.52	2.49477e-08
452.54	2.46895e-08
452.56	2.44347e-08
452.58	2.41833e-08
452.6	2.39352e-08
452.62	2.36904e-08
452.64	2.34489e-08
452.66	2.32105e-08
452.68	2.29753e-08
452.7	2.27432e-08
452.72	2.25141e-08
452.74	2.22881e-08
452.76	2.2065e-08
452.78	2.18448e-08
452.8	2.16276e-08
452.82	2.14131e-08
452.84	2.12015e-08
452.86	2.09927e-08
452.88	2.07865e-08
452.9	2.05831e-08
452.92	2.03823e-08
452.94	2.01841e-08
452.96	1.99884e-08
452.98	1.97953e-08
453	1.96048e-08
453.02	1.94166e-08
453.04	1.92309e-08
453.06	1.90476e-08
453.08	1.88667e-08
453.1	1.86881e-08
453.12	1.85118e-08
453.14	1.83377e-08
453.16	1.81659e-08
453.18	1.79963e-08
453.2	1.78288e-08
453.22	1.76635e-08
453.24	1.75003e-08
453.26	1.73392e-08
453.28	1.71801e-08
453.3	1.70231e-08
453.32	1.6868e-08
453.34	1.67149e-08
453.36	1.65638e-08
453.38	1.64146e-08
453.4	1.62672e-08
453.42	1.61217e-08
453.44	1.59781e-08
453.46	1.58363e-08
453.48	1.56962e-08
453.5	1.5558e-08
453.52	1.54214e-08
453.54	1.52866e-08
453.56	1.51535e-08
453.58	1.5022e-08
453.6	1.48922e-08
453.62	1.4764e-08
453.64	1.46374e-08
453.66	1.45124e-08
453.68	1.43889e-08
453.7	1.4267e-08
453.72	1.41466e-08
453.74	1.40277e-08
453.76	1.39102e-08
453.78	1.37943e-08
453.8	1.36797e-08
453.82	1.35666e-08
453.84	1.34549e-08
453.86	1.33446e-08
453.88	1.32356e-08
453.9	1.3128e-08
453.92	1.30217e-08
453.94	1.29167e-08
453.96	1.2813e-08
453.98	1.27106e-08
454	1.26094e-08
454.02	1.25095e-08
454.04	1.24108e-08
454.06	1.23133e-08
454.08	1.2217e-08
454.1	1.21219e-08
454.12	1.2028e-08
454.14	1.19352e-08
454.16	1.18435e-08
454.18	1.1753e-08
454.2	1.16635e-08
454.22	1.15752e-08
454.24	1.14879e-08
454.26	1.14017e-08
454.28	1.13166e-08
454.3	1.12324e-08
454.32	1.11493e-08
454.34	1.10673e-08
454.36	1.09862e-08
454.38	1.09061e-08
454.4	1.08269e-08
454.42	1.07488e-08
454.44	1.06715e-08
454.46	1.05952e-08
454.48	1.05199e-08
454.5	1.04454e-08
454.52	1.03719e-08
454.54	1.02992e-08
454.56	1.02274e-08
454.58	1.01565e-08
454.6	1.00865e-08
454.62	1.00173e-08
454.64	9.94892e-09
454.66	9.88138e-09
454.68	9.81466e-09
454.7	9.74874e-09
454.72	9.68362e-09
454.74	9.61929e-09
454.76	9.55574e-09
454.78	9.49295e-09
454.8	9.43093e-09
454.82	9.36966e-09
454.84	9.30912e-09
454.86	9.24932e-09
454.88	9.19025e-09
454.9	9.13189e-09
454.92	9.07423e-09
454.94	9.01728e-09
454.96	8.96101e-09
454.98	8.90543e-09
455	8.85052e-09
455.02	8.79628e-09
455.04	8.7427e-09
455.06	8.68977e-09
455.08	8.63748e-09
455.1	8.58583e-09
455.12	8.53481e-09
455.14	8.48441e-09
455.16	8.43462e-09
455.18	8.38545e-09
455.2	8.33687e-09
455.22	8.28889e-09
455.24	8.24149e-09
455.26	8.19468e-09
455.28	8.14844e-09
455.3	8.10277e-09
455.32	8.05766e-09
455.34	8.01311e-09
455.36	7.96911e-09
455.38	7.92565e-09
455.4	7.88273e-09
455.42	7.84034e-09
455.44	7.79848e-09
455.46	7.75714e-09
455.48	7.71631e-09
455.5	7.676e-09
455.52	7.63619e-09
455.54	7.59687e-09
455.56	7.55805e-09
455.58	7.51972e-09
455.6	7.48188e-09
455.62	7.44451e-09
455.64	7.40761e-09
455.66	7.37119e-09
455.68	7.33523e-09
455.7	7.29972e-09
455.72	7.26468e-09
455.74	7.23008e-09
455.76	7.19593e-09
455.78	7.16222e-09
455.8	7.12894e-09
455.82	7.0961e-09
455.84	7.06369e-09
455.86	7.0317e-09
455.88	7.00013e-09
455.9	6.96898e-09
455.92	6.93824e-09
455.94	6.90791e-09
455.96	6.87799e-09
455.98	6.84846e-09
456	6.81934e-09
456.02	6.7906e-09
456.04	6.76226e-09
456.06	6.7343e-09
456.08	6.70673e-09
456.1	6.67953e-09
456.12	6.65271e-09
456.14	6.62627e-09
456.16	6.60019e-09
456.18	6.57449e-09
456.2	6.54914e-09
456.22	6.52416e-09
456.24	6.49953e-09
456.26	6.47526e-09
456.28	6.45134e-09
456.3	6.42777e-09
456.32	6.40454e-09
456.34	6.38166e-09
456.36	6.35912e-09
456.38	6.33691e-09
456.4	6.31505e-09
456.42	6.29351e-09
456.44	6.27231e-09
456.46	6.25143e-09
456.48	6.23088e-09
456.5	6.21065e-09
456.52	6.19074e-09
456.54	6.17115e-09
456.56	6.15188e-09
456.58	6.13292e-09
456.6	6.11428e-09
456.62	6.09594e-09
456.64	6.07791e-09
456.66	6.06019e-09
456.68	6.04277e-09
456.7	6.02566e-09
456.72	6.00884e-09
456.74	5.99233e-09
456.76	5.97611e-09
456.78	5.96018e-09
456.8	5.94455e-09
456.82	5.92922e-09
456.84	5.91417e-09
456.86	5.89941e-09
456.88	5.88494e-09
456.9	5.87075e-09
456.92	5.85685e-09
456.94	5.84323e-09
456.96	5.8299e-09
456.98	5.81684e-09
457	5.80406e-09
457.02	5.79157e-09
457.04	5.77934e-09
457.06	5.7674e-09
457.08	5.75573e-09
457.1	5.74433e-09
457.12	5.73321e-09
457.14	5.72236e-09
457.16	5.71178e-09
457.18	5.70147e-09
457.2	5.69142e-09
457.22	5.68165e-09
457.24	5.67215e-09
457.26	5.66291e-09
457.28	5.65394e-09
457.3	5.64523e-09
457.32	5.63679e-09
457.34	5.62862e-09
457.36	5.62071e-09
457.38	5.61306e-09
457.4	5.60568e-09
457.42	5.59856e-09
457.44	5.59171e-09
457.46	5.58511e-09
457.48	5.57878e-09
457.5	5.57272e-09
457.52	5.56691e-09
457.54	5.56137e-09
457.56	5.55609e-09
457.58	5.55107e-09
457.6	5.54631e-09
457.62	5.54182e-09
457.64	5.53759e-09
457.66	5.53362e-09
457.68	5.52992e-09
457.7	5.52648e-09
457.72	5.52331e-09
457.74	5.52039e-09
457.76	5.51775e-09
457.78	5.51537e-09
457.8	5.51325e-09
457.82	5.51141e-09
457.84	5.50983e-09
457.86	5.50851e-09
457.88	5.50747e-09
457.9	5.5067e-09
457.92	5.5062e-09
457.94	5.50597e-09
457.96	5.50601e-09
457.98	5.50633e-09
458	5.50692e-09
458.02	5.50779e-09
458.04	5.50894e-09
458.06	5.51036e-09
458.08	5.51207e-09
458.1	5.51406e-09
458.12	5.51634e-09
458.14	5.51889e-09
458.16	5.52174e-09
458.18	5.52488e-09
458.2	5.5283e-09
458.22	5.53202e-09
458.24	5.53604e-09
458.26	5.54035e-09
458.28	5.54496e-09
458.3	5.54988e-09
458.32	5.5551e-09
458.34	5.56062e-09
458.36	5.56645e-09
458.38	5.5726e-09
458.4	5.57906e-09
458.42	5.58584e-09
458.44	5.59294e-09
458.46	5.60036e-09
458.48	5.60812e-09
458.5	5.6162e-09
458.52	5.62461e-09
458.54	5.63337e-09
458.56	5.64246e-09
458.58	5.6519e-09
458.6	5.66169e-09
458.62	5.67183e-09
458.64	5.68233e-09
458.66	5.69319e-09
458.68	5.70442e-09
458.7	5.71602e-09
458.72	5.728e-09
458.74	5.74036e-09
458.76	5.7531e-09
458.78	5.76624e-09
458.8	5.77977e-09
458.82	5.79371e-09
458.84	5.80806e-09
458.86	5.82282e-09
458.88	5.83801e-09
458.9	5.85363e-09
458.92	5.86968e-09
458.94	5.88618e-09
458.96	5.90312e-09
458.98	5.92053e-09
459	5.9384e-09
459.02	5.95675e-09
459.04	5.97558e-09
459.06	5.99491e-09
459.08	6.01473e-09
459.1	6.03507e-09
459.12	6.05593e-09
459.14	6.07733e-09
459.16	6.09927e-09
459.18	6.12176e-09
459.2	6.14482e-09
459.22	6.16846e-09
459.24	6.19269e-09
459.26	6.21753e-09
459.28	6.24299e-09
459.3	6.26908e-09
459.32	6.29582e-09
459.34	6.32323e-09
459.36	6.35132e-09
459.38	6.38011e-09
459.4	6.40961e-09
459.42	6.43986e-09
459.44	6.47086e-09
459.46	6.50264e-09
459.48	6.53522e-09
459.5	6.56863e-09
459.52	6.60288e-09
459.54	6.63801e-09
459.56	6.67404e-09
459.58	6.711e-09
459.6	6.74892e-09
459.62	6.78784e-09
459.64	6.82779e-09
459.66	6.8688e-09
459.68	6.91091e-09
459.7	6.95417e-09
459.72	6.99862e-09
459.74	7.04431e-09
459.76	7.09128e-09
459.78	7.1396e-09
459.8	7.18932e-09
459.82	7.24051e-09
459.84	7.29323e-09
459.86	7.34757e-09
459.88	7.40359e-09
459.9	7.4614e-09
459.92	7.52109e-09
459.94	7.58277e-09
459.96	7.64656e-09
459.98	7.7126e-09
460	7.78104e-09
460.02	7.85205e-09
460.04	7.92583e-09
460.06	8.00259e-09
460.08	8.08261e-09
460.1	8.1662e-09
460.12	8.2537e-09
460.14	8.34558e-09
460.16	8.44237e-09
460.18	8.54477e-09
460.2	8.65367e-09
460.22	8.77028e-09
460.24	8.89632e-09
460.26	9.03437e-09
460.28	9.18866e-09
460.3	9.36709e-09
460.32	9.58723e-09
460.34	9.89866e-09
460.36	1.05002e-08
460.38	1.22374e-08
460.4	1.71598e-08
460.42	3.01944e-08
460.44	6.55945e-08
460.46	1.57262e-07
460.48	3.72349e-07
460.5	8.41856e-07
460.52	1.81685e-06
460.54	3.71412e-06
460.56	7.09098e-06
460.58	1.25046e-05
460.6	2.02603e-05
460.62	3.02624e-05
460.64	4.21376e-05
460.66	5.54314e-05
460.68	6.97065e-05
460.7	8.45761e-05
460.72	9.97164e-05
460.74	0.000114871
460.76	0.000129846
460.78	0.000144499
460.8	0.000158731
460.82	0.000172472
460.84	0.000185678
460.86	0.000198322
460.88	0.000210391
460.9	0.00022188
460.92	0.000232794
460.94	0.00024314
460.96	0.000252931
460.98	0.000262182
461	0.000270909
461.02	0.000279128
461.04	0.000286858
461.06	0.000294115
461.08	0.000300917
461.1	0.000307282
461.12	0.000313226
461.14	0.000318766
461.16	0.000323916
461.18	0.000328694
461.2	0.000333112
461.22	0.000337186
461.24	0.00034093
461.26	0.000344356
461.28	0.000347477
461.3	0.000350307
461.32	0.000352856
461.34	0.000355136
461.36	0.000357158
461.38	0.000358932
461.4	0.00036047
461.42	0.00036178
461.44	0.000362872
461.46	0.000363755
461.48	0.000364438
461.5	0.000364929
461.52	0.000365236
461.54	0.000365368
461.56	0.000365331
461.58	0.000365132
461.6	0.000364779
461.62	0.000364278
461.64	0.000363636
461.66	0.000362859
461.68	0.000361952
461.7	0.000360921
461.72	0.000359771
461.74	0.000358509
461.76	0.000357138
461.78	0.000355664
461.8	0.000354091
461.82	0.000352424
461.84	0.000350668
461.86	0.000348825
461.88	0.000346901
461.9	0.000344899
461.92	0.000342823
461.94	0.000340676
461.96	0.000338463
461.98	0.000336186
462	0.000333848
462.02	0.000331453
462.04	0.000329004
462.06	0.000326504
462.08	0.000323955
462.1	0.00032136
462.12	0.000318723
462.14	0.000316045
462.16	0.00031333
462.18	0.000310579
462.2	0.000307795
462.22	0.00030498
462.24	0.000302137
462.26	0.000299267
462.28	0.000296374
462.3	0.000293458
462.32	0.000290522
462.34	0.000287568
462.36	0.000284598
462.38	0.000281613
462.4	0.000278615
462.42	0.000275607
462.44	0.000272589
462.46	0.000269564
462.48	0.000266532
462.5	0.000263496
462.52	0.000260457
462.54	0.000257416
462.56	0.000254376
462.58	0.000251336
462.6	0.000248299
462.62	0.000245265
462.64	0.000242237
462.66	0.000239214
462.68	0.000236199
462.7	0.000233193
462.72	0.000230195
462.74	0.000227209
462.76	0.000224234
462.78	0.000221271
462.8	0.000218322
462.82	0.000215387
462.84	0.000212467
462.86	0.000209564
462.88	0.000206676
462.9	0.000203807
462.92	0.000200955
462.94	0.000198123
462.96	0.000195309
462.98	0.000192516
463	0.000189744
463.02	0.000186993
463.04	0.000184263
463.06	0.000181556
463.08	0.000178872
463.1	0.00017621
463.12	0.000173573
463.14	0.000170959
463.16	0.000168369
463.18	0.000165804
463.2	0.000163264
463.22	0.000160749
463.24	0.00015826
463.26	0.000155796
463.28	0.000153358
463.3	0.000150946
463.32	0.000148561
463.34	0.000146202
463.36	0.000143869
463.38	0.000141563
463.4	0.000139284
463.42	0.000137031
463.44	0.000134806
463.46	0.000132607
463.48	0.000130435
463.5	0.00012829
463.52	0.000126172
463.54	0.000124081
463.56	0.000122017
463.58	0.000119979
463.6	0.000117969
463.62	0.000115985
463.64	0.000114027
463.66	0.000112096
463.68	0.000110192
463.7	0.000108314
463.72	0.000106462
463.74	0.000104636
463.76	0.000102835
463.78	0.000101061
463.8	9.93121e-05
463.82	9.75886e-05
463.84	9.58903e-05
463.86	9.4217e-05
463.88	9.25686e-05
463.9	9.09448e-05
463.92	8.93455e-05
463.94	8.77704e-05
463.96	8.62194e-05
463.98	8.46921e-05
464	8.31885e-05
464.02	8.17083e-05
464.04	8.02512e-05
464.06	7.8817e-05
464.08	7.74056e-05
464.1	7.60165e-05
464.12	7.46497e-05
464.14	7.33049e-05
464.16	7.19818e-05
464.18	7.06802e-05
464.2	6.93999e-05
464.22	6.81405e-05
464.24	6.6902e-05
464.26	6.56839e-05
464.28	6.4486e-05
464.3	6.33082e-05
464.32	6.21501e-05
464.34	6.10115e-05
464.36	5.98922e-05
464.38	5.87918e-05
464.4	5.77103e-05
464.42	5.66472e-05
464.44	5.56023e-05
464.46	5.45755e-05
464.48	5.35664e-05
464.5	5.25748e-05
464.52	5.16004e-05
464.54	5.06431e-05
464.56	4.97025e-05
464.58	4.87785e-05
464.6	4.78707e-05
464.62	4.6979e-05
464.64	4.61031e-05
464.66	4.52427e-05
464.68	4.43977e-05
464.7	4.35678e-05
464.72	4.27527e-05
464.74	4.19523e-05
464.76	4.11663e-05
464.78	4.03945e-05
464.8	3.96366e-05
464.82	3.88925e-05
464.84	3.81619e-05
464.86	3.74446e-05
464.88	3.67403e-05
464.9	3.6049e-05
464.92	3.53703e-05
464.94	3.47041e-05
464.96	3.40502e-05
464.98	3.34083e-05
465	3.27782e-05
465.02	3.21598e-05
465.04	3.15528e-05
465.06	3.09571e-05
465.08	3.03725e-05
465.1	2.97988e-05
465.12	2.92357e-05
465.14	2.86832e-05
465.16	2.8141e-05
465.18	2.76089e-05
465.2	2.70868e-05
465.22	2.65745e-05
465.24	2.60719e-05
465.26	2.55787e-05
465.28	2.50948e-05
465.3	2.462e-05
465.32	2.41542e-05
465.34	2.36971e-05
465.36	2.32488e-05
465.38	2.28089e-05
465.4	2.23773e-05
465.42	2.1954e-05
465.44	2.15387e-05
465.46	2.11313e-05
465.48	2.07316e-05
465.5	2.03395e-05
465.52	1.99549e-05
465.54	1.95777e-05
465.56	1.92076e-05
465.58	1.88446e-05
465.6	1.84885e-05
465.62	1.81393e-05
465.64	1.77967e-05
465.66	1.74607e-05
465.68	1.71311e-05
465.7	1.68078e-05
465.72	1.64907e-05
465.74	1.61797e-05
465.76	1.58747e-05
465.78	1.55755e-05
465.8	1.52821e-05
465.82	1.49942e-05
465.84	1.4712e-05
465.86	1.44351e-05
465.88	1.41636e-05
465.9	1.38973e-05
465.92	1.36361e-05
465.94	1.33799e-05
465.96	1.31286e-05
465.98	1.28822e-05
466	1.26405e-05
466.02	1.24035e-05
466.04	1.2171e-05
466.06	1.1943e-05
466.08	1.17194e-05
466.1	1.15001e-05
466.12	1.1285e-05
466.14	1.10741e-05
466.16	1.08672e-05
466.18	1.06643e-05
466.2	1.04653e-05
466.22	1.02701e-05
466.24	1.00787e-05
466.26	9.89096e-06
466.28	9.70683e-06
466.3	9.52624e-06
466.32	9.34913e-06
466.34	9.17541e-06
466.36	9.00503e-06
466.38	8.83793e-06
466.4	8.67404e-06
466.42	8.51329e-06
466.44	8.35563e-06
466.46	8.20099e-06
466.48	8.04932e-06
466.5	7.90056e-06
466.52	7.75466e-06
466.54	7.61155e-06
466.56	7.47118e-06
466.58	7.33349e-06
466.6	7.19845e-06
466.62	7.06599e-06
466.64	6.93606e-06
466.66	6.80862e-06
466.68	6.68361e-06
466.7	6.561e-06
466.72	6.44072e-06
466.74	6.32274e-06
466.76	6.20701e-06
466.78	6.09349e-06
466.8	5.98213e-06
466.82	5.87289e-06
466.84	5.76573e-06
466.86	5.66062e-06
466.88	5.5575e-06
466.9	5.45634e-06
466.92	5.35711e-06
466.94	5.25976e-06
466.96	5.16425e-06
466.98	5.07056e-06
467	4.97865e-06
467.02	4.88847e-06
467.04	4.80001e-06
467.06	4.71322e-06
467.08	4.62807e-06
467.1	4.54453e-06
467.12	4.46257e-06
467.14	4.38215e-06
467.16	4.30325e-06
467.18	4.22584e-06
467.2	4.14989e-06
467.22	4.07537e-06
467.24	4.00225e-06
467.26	3.93051e-06
467.28	3.86011e-06
467.3	3.79104e-06
467.32	3.72326e-06
467.34	3.65675e-06
467.36	3.59149e-06
467.38	3.52745e-06
467.4	3.46461e-06
467.42	3.40295e-06
467.44	3.34244e-06
467.46	3.28305e-06
467.48	3.22478e-06
467.5	3.16759e-06
467.52	3.11147e-06
467.54	3.05639e-06
467.56	3.00234e-06
467.58	2.94929e-06
467.6	2.89723e-06
467.62	2.84614e-06
467.64	2.79599e-06
467.66	2.74677e-06
467.68	2.69846e-06
467.7	2.65105e-06
467.72	2.60451e-06
467.74	2.55883e-06
467.76	2.514e-06
467.78	2.46999e-06
467.8	2.4268e-06
467.82	2.38439e-06
467.84	2.34277e-06
467.86	2.30192e-06
467.88	2.26182e-06
467.9	2.22245e-06
467.92	2.1838e-06
467.94	2.14587e-06
467.96	2.10863e-06
467.98	2.07206e-06
468	2.03617e-06
468.02	2.00094e-06
468.04	1.96635e-06
468.06	1.93238e-06
468.08	1.89904e-06
468.1	1.86631e-06
468.12	1.83417e-06
468.14	1.80261e-06
468.16	1.77163e-06
468.18	1.74121e-06
468.2	1.71135e-06
468.22	1.68202e-06
468.24	1.65323e-06
468.26	1.62495e-06
468.28	1.59719e-06
468.3	1.56993e-06
468.32	1.54316e-06
468.34	1.51688e-06
468.36	1.49106e-06
468.38	1.46572e-06
468.4	1.44083e-06
468.42	1.41638e-06
468.44	1.39238e-06
468.46	1.3688e-06
468.48	1.34565e-06
468.5	1.32292e-06
468.52	1.30059e-06
468.54	1.27866e-06
468.56	1.25712e-06
468.58	1.23597e-06
468.6	1.21519e-06
468.62	1.19479e-06
468.64	1.17474e-06
468.66	1.15506e-06
468.68	1.13572e-06
468.7	1.11673e-06
468.72	1.09808e-06
468.74	1.07975e-06
468.76	1.06175e-06
468.78	1.04407e-06
468.8	1.02671e-06
468.82	1.00965e-06
468.84	9.92887e-07
468.86	9.76424e-07
468.88	9.60251e-07
468.9	9.44362e-07
468.92	9.28753e-07
468.94	9.13419e-07
468.96	8.98354e-07
468.98	8.83554e-07
469	8.69013e-07
469.02	8.54728e-07
469.04	8.40692e-07
469.06	8.26902e-07
469.08	8.13352e-07
469.1	8.0004e-07
469.12	7.8696e-07
469.14	7.74107e-07
469.16	7.61479e-07
469.18	7.4907e-07
469.2	7.36878e-07
469.22	7.24897e-07
469.24	7.13124e-07
469.26	7.01555e-07
469.28	6.90186e-07
469.3	6.79015e-07
469.32	6.68036e-07
469.34	6.57248e-07
469.36	6.46646e-07
469.38	6.36226e-07
469.4	6.25986e-07
469.42	6.15923e-07
469.44	6.06032e-07
469.46	5.96312e-07
469.48	5.86759e-07
469.5	5.77369e-07
469.52	5.68141e-07
469.54	5.5907e-07
469.56	5.50155e-07
469.58	5.41393e-07
469.6	5.3278e-07
469.62	5.24314e-07
469.64	5.15992e-07
469.66	5.07812e-07
469.68	4.99772e-07
469.7	4.91868e-07
469.72	4.84098e-07
469.74	4.76461e-07
469.76	4.68953e-07
469.78	4.61572e-07
469.8	4.54316e-07
469.82	4.47183e-07
469.84	4.4017e-07
469.86	4.33276e-07
469.88	4.26498e-07
469.9	4.19834e-07
469.92	4.13283e-07
469.94	4.06842e-07
469.96	4.00509e-07
469.98	3.94282e-07
470	3.8816e-07
470.02	3.82141e-07
470.04	3.76222e-07
470.06	3.70402e-07
470.08	3.6468e-07
470.1	3.59053e-07
470.12	3.5352e-07
470.14	3.48079e-07
470.16	3.42729e-07
470.18	3.37468e-07
470.2	3.32295e-07
470.22	3.27207e-07
470.24	3.22204e-07
470.26	3.17283e-07
470.28	3.12444e-07
470.3	3.07685e-07
470.32	3.03005e-07
470.34	2.98403e-07
470.36	2.93876e-07
470.38	2.89423e-07
470.4	2.85044e-07
470.42	2.80737e-07
470.44	2.76501e-07
470.46	2.72335e-07
470.48	2.68237e-07
470.5	2.64205e-07
470.52	2.6024e-07
470.54	2.5634e-07
470.56	2.52504e-07
470.58	2.4873e-07
470.6	2.45018e-07
470.62	2.41367e-07
470.64	2.37774e-07
470.66	2.34241e-07
470.68	2.30764e-07
470.7	2.27344e-07
470.72	2.2398e-07
470.74	2.2067e-07
470.76	2.17414e-07
470.78	2.1421e-07
470.8	2.11058e-07
470.82	2.07957e-07
470.84	2.04907e-07
470.86	2.01905e-07
470.88	1.98951e-07
470.9	1.96045e-07
470.92	1.93186e-07
470.94	1.90373e-07
470.96	1.87604e-07
470.98	1.8488e-07
471	1.822e-07
471.02	1.79562e-07
471.04	1.76967e-07
471.06	1.74413e-07
471.08	1.71899e-07
471.1	1.69426e-07
471.12	1.66992e-07
471.14	1.64597e-07
471.16	1.62239e-07
471.18	1.59919e-07
471.2	1.57636e-07
471.22	1.55389e-07
471.24	1.53177e-07
471.26	1.51001e-07
471.28	1.48858e-07
471.3	1.4675e-07
471.32	1.44674e-07
471.34	1.42631e-07
471.36	1.40621e-07
471.38	1.38642e-07
471.4	1.36694e-07
471.42	1.34776e-07
471.44	1.32888e-07
471.46	1.3103e-07
471.48	1.29201e-07
471.5	1.27401e-07
471.52	1.25628e-07
471.54	1.23883e-07
471.56	1.22165e-07
471.58	1.20474e-07
471.6	1.18809e-07
471.62	1.1717e-07
471.64	1.15556e-07
471.66	1.13967e-07
471.68	1.12403e-07
471.7	1.10863e-07
471.72	1.09347e-07
471.74	1.07854e-07
471.76	1.06384e-07
471.78	1.04936e-07
471.8	1.03511e-07
471.82	1.02107e-07
471.84	1.00725e-07
471.86	9.93646e-08
471.88	9.80246e-08
471.9	9.6705e-08
471.92	9.54056e-08
471.94	9.41259e-08
471.96	9.28657e-08
471.98	9.16246e-08
472	9.04024e-08
472.02	8.91987e-08
472.04	8.80132e-08
472.06	8.68456e-08
472.08	8.56957e-08
472.1	8.45631e-08
472.12	8.34476e-08
472.14	8.23489e-08
472.16	8.12667e-08
472.18	8.02008e-08
472.2	7.91509e-08
472.22	7.81166e-08
472.24	7.70979e-08
472.26	7.60944e-08
472.28	7.51059e-08
472.3	7.41321e-08
472.32	7.31729e-08
472.34	7.22279e-08
472.36	7.1297e-08
472.38	7.03798e-08
472.4	6.94763e-08
472.42	6.85862e-08
472.44	6.77092e-08
472.46	6.68452e-08
472.48	6.5994e-08
472.5	6.51553e-08
472.52	6.43289e-08
472.54	6.35147e-08
472.56	6.27125e-08
472.58	6.1922e-08
472.6	6.11431e-08
472.62	6.03757e-08
472.64	5.96194e-08
472.66	5.88742e-08
472.68	5.81399e-08
472.7	5.74162e-08
472.72	5.67031e-08
472.74	5.60004e-08
472.76	5.53078e-08
472.78	5.46253e-08
472.8	5.39527e-08
472.82	5.32898e-08
472.84	5.26365e-08
472.86	5.19926e-08
472.88	5.1358e-08
472.9	5.07325e-08
472.92	5.0116e-08
472.94	4.95084e-08
472.96	4.89095e-08
472.98	4.83192e-08
473	4.77373e-08
473.02	4.71637e-08
473.04	4.65983e-08
473.06	4.6041e-08
473.08	4.54916e-08
473.1	4.49501e-08
473.12	4.44162e-08
473.14	4.38899e-08
473.16	4.3371e-08
473.18	4.28595e-08
473.2	4.23553e-08
473.22	4.18581e-08
473.24	4.1368e-08
473.26	4.08847e-08
473.28	4.04083e-08
473.3	3.99385e-08
473.32	3.94754e-08
473.34	3.90187e-08
473.36	3.85684e-08
473.38	3.81244e-08
473.4	3.76866e-08
473.42	3.72549e-08
473.44	3.68293e-08
473.46	3.64095e-08
473.48	3.59956e-08
473.5	3.55874e-08
473.52	3.51849e-08
473.54	3.4788e-08
473.56	3.43965e-08
473.58	3.40105e-08
473.6	3.36297e-08
473.62	3.32542e-08
473.64	3.28839e-08
473.66	3.25187e-08
473.68	3.21584e-08
473.7	3.18032e-08
473.72	3.14527e-08
473.74	3.11071e-08
473.76	3.07662e-08
473.78	3.04299e-08
473.8	3.00982e-08
473.82	2.9771e-08
473.84	2.94483e-08
473.86	2.91299e-08
473.88	2.88159e-08
473.9	2.85061e-08
473.92	2.82005e-08
473.94	2.7899e-08
473.96	2.76016e-08
473.98	2.73082e-08
474	2.70187e-08
474.02	2.67331e-08
474.04	2.64514e-08
474.06	2.61734e-08
474.08	2.58992e-08
474.1	2.56286e-08
474.12	2.53616e-08
474.14	2.50982e-08
474.16	2.48383e-08
474.18	2.45818e-08
474.2	2.43288e-08
474.22	2.40791e-08
474.24	2.38327e-08
474.26	2.35896e-08
474.28	2.33497e-08
474.3	2.31129e-08
474.32	2.28793e-08
474.34	2.26488e-08
474.36	2.24213e-08
474.38	2.21967e-08
474.4	2.19752e-08
474.42	2.17565e-08
474.44	2.15407e-08
474.46	2.13277e-08
474.48	2.11175e-08
474.5	2.091e-08
474.52	2.07052e-08
474.54	2.05031e-08
474.56	2.03037e-08
474.58	2.01068e-08
474.6	1.99125e-08
474.62	1.97206e-08
474.64	1.95313e-08
474.66	1.93444e-08
474.68	1.91599e-08
474.7	1.89778e-08
474.72	1.87981e-08
474.74	1.86206e-08
474.76	1.84454e-08
474.78	1.82725e-08
474.8	1.81018e-08
474.82	1.79333e-08
474.84	1.77669e-08
474.86	1.76027e-08
474.88	1.74405e-08
474.9	1.72804e-08
474.92	1.71224e-08
474.94	1.69663e-08
474.96	1.68123e-08
474.98	1.66602e-08
475	1.651e-08
475.02	1.63617e-08
475.04	1.62153e-08
475.06	1.60707e-08
475.08	1.5928e-08
475.1	1.57871e-08
475.12	1.56479e-08
475.14	1.55105e-08
475.16	1.53748e-08
475.18	1.52408e-08
475.2	1.51085e-08
475.22	1.49779e-08
475.24	1.48489e-08
475.26	1.47215e-08
475.28	1.45957e-08
475.3	1.44714e-08
475.32	1.43487e-08
475.34	1.42276e-08
475.36	1.41079e-08
475.38	1.39897e-08
475.4	1.3873e-08
475.42	1.37578e-08
475.44	1.36439e-08
475.46	1.35315e-08
475.48	1.34205e-08
475.5	1.33108e-08
475.52	1.32025e-08
475.54	1.30955e-08
475.56	1.29899e-08
475.58	1.28855e-08
475.6	1.27825e-08
475.62	1.26807e-08
475.64	1.25801e-08
475.66	1.24808e-08
475.68	1.23827e-08
475.7	1.22858e-08
475.72	1.21901e-08
475.74	1.20955e-08
475.76	1.20022e-08
475.78	1.19099e-08
475.8	1.18188e-08
475.82	1.17288e-08
475.84	1.16399e-08
475.86	1.15521e-08
475.88	1.14653e-08
475.9	1.13797e-08
475.92	1.1295e-08
475.94	1.12114e-08
475.96	1.11288e-08
475.98	1.10472e-08
476	1.09666e-08
476.02	1.08869e-08
476.04	1.08083e-08
476.06	1.07306e-08
476.08	1.06538e-08
476.1	1.0578e-08
476.12	1.0503e-08
476.14	1.0429e-08
476.16	1.03559e-08
476.18	1.02837e-08
476.2	1.02123e-08
476.22	1.01418e-08
476.24	1.00722e-08
476.26	1.00034e-08
476.28	9.93545e-09
476.3	9.86831e-09
476.32	9.80198e-09
476.34	9.73646e-09
476.36	9.67172e-09
476.38	9.60777e-09
476.4	9.5446e-09
476.42	9.48218e-09
476.44	9.42053e-09
476.46	9.35961e-09
476.48	9.29944e-09
476.5	9.23999e-09
476.52	9.18127e-09
476.54	9.12325e-09
476.56	9.06594e-09
476.58	9.00933e-09
476.6	8.9534e-09
476.62	8.89814e-09
476.64	8.84356e-09
476.66	8.78965e-09
476.68	8.73638e-09
476.7	8.68377e-09
476.72	8.6318e-09
476.74	8.58046e-09
476.76	8.52974e-09
476.78	8.47964e-09
476.8	8.43016e-09
476.82	8.38128e-09
476.84	8.333e-09
476.86	8.28531e-09
476.88	8.2382e-09
476.9	8.19167e-09
476.92	8.14572e-09
476.94	8.10033e-09
476.96	8.0555e-09
476.98	8.01122e-09
477	7.96749e-09
477.02	7.9243e-09
477.04	7.88165e-09
477.06	7.83952e-09
477.08	7.79792e-09
477.1	7.75684e-09
477.12	7.71627e-09
477.14	7.67621e-09
477.16	7.63665e-09
477.18	7.59759e-09
477.2	7.55902e-09
477.22	7.52093e-09
477.24	7.48333e-09
477.26	7.44621e-09
477.28	7.40955e-09
477.3	7.37336e-09
477.32	7.33764e-09
477.34	7.30237e-09
477.36	7.26756e-09
477.38	7.23319e-09
477.4	7.19927e-09
477.42	7.16578e-09
477.44	7.13274e-09
477.46	7.10012e-09
477.48	7.06793e-09
477.5	7.03616e-09
477.52	7.00482e-09
477.54	6.97388e-09
477.56	6.94336e-09
477.58	6.91325e-09
477.6	6.88354e-09
477.62	6.85423e-09
477.64	6.82531e-09
477.66	6.79679e-09
477.68	6.76865e-09
477.7	6.7409e-09
477.72	6.71354e-09
477.74	6.68655e-09
477.76	6.65993e-09
477.78	6.63369e-09
477.8	6.60782e-09
477.82	6.58232e-09
477.84	6.55717e-09
477.86	6.53239e-09
477.88	6.50796e-09
477.9	6.48389e-09
477.92	6.46017e-09
477.94	6.43679e-09
477.96	6.41376e-09
477.98	6.39108e-09
478	6.36873e-09
478.02	6.34672e-09
478.04	6.32505e-09
478.06	6.3037e-09
478.08	6.28269e-09
478.1	6.26201e-09
478.12	6.24165e-09
478.14	6.22161e-09
478.16	6.20189e-09
478.18	6.1825e-09
478.2	6.16342e-09
478.22	6.14465e-09
478.24	6.12619e-09
478.26	6.10805e-09
478.28	6.09021e-09
478.3	6.07267e-09
478.32	6.05545e-09
478.34	6.03852e-09
478.36	6.0219e-09
478.38	6.00557e-09
478.4	5.98954e-09
478.42	5.9738e-09
478.44	5.95836e-09
478.46	5.94321e-09
478.48	5.92836e-09
478.5	5.91379e-09
478.52	5.8995e-09
478.54	5.88551e-09
478.56	5.8718e-09
478.58	5.85837e-09
478.6	5.84522e-09
478.62	5.83236e-09
478.64	5.81978e-09
478.66	5.80747e-09
478.68	5.79544e-09
478.7	5.78369e-09
478.72	5.77221e-09
478.74	5.76101e-09
478.76	5.75008e-09
478.78	5.73942e-09
478.8	5.72904e-09
478.82	5.71893e-09
478.84	5.70908e-09
478.86	5.69951e-09
478.88	5.6902e-09
478.9	5.68117e-09
478.92	5.6724e-09
478.94	5.66389e-09
478.96	5.65566e-09
478.98	5.64769e-09
479	5.63998e-09
479.02	5.63254e-09
479.04	5.62537e-09
479.06	5.61846e-09
479.08	5.61181e-09
479.1	5.60543e-09
479.12	5.59931e-09
479.14	5.59346e-09
479.16	5.58787e-09
479.18	5.58254e-09
479.2	5.57748e-09
479.22	5.57268e-09
479.24	5.56815e-09
479.26	5.56388e-09
479.28	5.55987e-09
479.3	5.55613e-09
479.32	5.55266e-09
479.34	5.54945e-09
479.36	5.5465e-09
479.38	5.54382e-09
479.4	5.54141e-09
479.42	5.53927e-09
479.44	5.5374e-09
479.46	5.53579e-09
479.48	5.53446e-09
479.5	5.53339e-09
479.52	5.5326e-09
479.54	5.53208e-09
479.56	5.53183e-09
479.58	5.53186e-09
479.6	5.53216e-09
479.62	5.53274e-09
479.64	5.5336e-09
479.66	5.53474e-09
479.68	5.53615e-09
479.7	5.53785e-09
479.72	5.53984e-09
479.74	5.54211e-09
479.76	5.54467e-09
479.78	5.54751e-09
479.8	5.55065e-09
479.82	5.55408e-09
479.84	5.5578e-09
479.86	5.56182e-09
479.88	5.56614e-09
479.9	5.57077e-09
479.92	5.57569e-09
479.94	5.58092e-09
479.96	5.58646e-09
479.98	5.59231e-09
480	5.59848e-09
480.02	5.60496e-09
480.04	5.61176e-09
480.06	5.61888e-09
480.08	5.62633e-09
480.1	5.63411e-09
480.12	5.64222e-09
480.14	5.65067e-09
480.16	5.65945e-09
480.18	5.66858e-09
480.2	5.67806e-09
480.22	5.68789e-09
480.24	5.69807e-09
480.26	5.70862e-09
480.28	5.71952e-09
480.3	5.7308e-09
480.32	5.74245e-09
480.34	5.75448e-09
480.36	5.76689e-09
480.38	5.77969e-09
480.4	5.79289e-09
480.42	5.80649e-09
480.44	5.82049e-09
480.46	5.83491e-09
480.48	5.84974e-09
480.5	5.865e-09
480.52	5.88069e-09
480.54	5.89682e-09
480.56	5.9134e-09
480.58	5.93043e-09
480.6	5.94792e-09
480.62	5.96588e-09
480.64	5.98432e-09
480.66	6.00325e-09
480.68	6.02267e-09
480.7	6.0426e-09
480.72	6.06305e-09
480.74	6.08402e-09
480.76	6.10552e-09
480.78	6.12758e-09
480.8	6.15019e-09
480.82	6.17338e-09
480.84	6.19714e-09
480.86	6.22151e-09
480.88	6.24648e-09
480.9	6.27208e-09
480.92	6.29832e-09
480.94	6.32521e-09
480.96	6.35277e-09
480.98	6.38103e-09
481	6.40998e-09
481.02	6.43966e-09
481.04	6.47008e-09
481.06	6.50126e-09
481.08	6.53323e-09
481.1	6.56601e-09
481.12	6.59962e-09
481.14	6.63408e-09
481.16	6.66943e-09
481.18	6.70568e-09
481.2	6.74288e-09
481.22	6.78104e-09
481.24	6.82021e-09
481.26	6.86041e-09
481.28	6.90169e-09
481.3	6.94408e-09
481.32	6.98763e-09
481.34	7.03239e-09
481.36	7.07839e-09
481.38	7.12569e-09
481.4	7.17435e-09
481.42	7.22443e-09
481.44	7.27599e-09
481.46	7.32911e-09
481.48	7.38385e-09
481.5	7.4403e-09
481.52	7.49856e-09
481.54	7.55873e-09
481.56	7.62091e-09
481.58	7.68524e-09
481.6	7.75184e-09
481.62	7.82088e-09
481.64	7.89253e-09
481.66	7.967e-09
481.68	8.04451e-09
481.7	8.12533e-09
481.72	8.20979e-09
481.74	8.29826e-09
481.76	8.3912e-09
481.78	8.48919e-09
481.8	8.59294e-09
481.82	8.70341e-09
481.84	8.82188e-09
481.86	8.95021e-09
481.88	9.09121e-09
481.9	9.24959e-09
481.92	9.43439e-09
481.94	9.66657e-09
481.96	1.00083e-08
481.98	1.07331e-08
482	1.28473e-08
482.02	1.87214e-08
482.04	3.43464e-08
482.06	7.6709e-08
482.08	1.84553e-07
482.1	4.33516e-07
482.12	9.71862e-07
482.14	2.07881e-06
482.16	4.20117e-06
482.18	7.91009e-06
482.2	1.37353e-05
482.22	2.19107e-05
482.24	3.22735e-05
482.26	4.44239e-05
482.28	5.79068e-05
482.3	7.22937e-05
482.32	8.72095e-05
482.34	0.000102343
482.36	0.000117452
482.38	0.000132351
482.4	0.000146908
482.42	0.00016103
482.44	0.000174653
482.46	0.000187735
482.48	0.000200253
482.5	0.000212195
482.52	0.000223559
482.54	0.00023435
482.56	0.000244577
482.58	0.000254251
482.6	0.00026339
482.62	0.000272008
482.64	0.000280122
482.66	0.000287751
482.68	0.000294912
482.7	0.000301621
482.72	0.000307897
482.74	0.000313756
482.76	0.000319213
482.78	0.000324286
482.8	0.000328988
482.82	0.000333334
482.84	0.00033734
482.86	0.000341018
482.88	0.000344381
482.9	0.000347442
482.92	0.000350214
482.94	0.000352708
482.96	0.000354936
482.98	0.000356908
483	0.000358635
483.02	0.000360126
483.04	0.000361393
483.06	0.000362444
483.08	0.000363287
483.1	0.000363933
483.12	0.000364388
483.14	0.000364661
483.16	0.000364761
483.18	0.000364693
483.2	0.000364465
483.22	0.000364085
483.24	0.000363558
483.26	0.000362891
483.28	0.00036209
483.3	0.00036116
483.32	0.000360108
483.34	0.000358939
483.36	0.000357658
483.38	0.00035627
483.4	0.000354779
483.42	0.000353191
483.44	0.000351509
483.46	0.000349739
483.48	0.000347884
483.5	0.000345948
483.52	0.000343935
483.54	0.000341849
483.56	0.000339693
483.58	0.00033747
483.6	0.000335185
483.62	0.00033284
483.64	0.000330439
483.66	0.000327984
483.68	0.000325478
483.7	0.000322924
483.72	0.000320326
483.74	0.000317685
483.76	0.000315004
483.78	0.000312286
483.8	0.000309533
483.82	0.000306748
483.84	0.000303932
483.86	0.000301088
483.88	0.000298219
483.9	0.000295326
483.92	0.000292411
483.94	0.000289476
483.96	0.000286524
483.98	0.000283555
484	0.000280573
484.02	0.000277578
484.04	0.000274573
484.06	0.000271558
484.08	0.000268537
484.1	0.000265509
484.12	0.000262477
484.14	0.000259443
484.16	0.000256407
484.18	0.000253371
484.2	0.000250337
484.22	0.000247306
484.24	0.000244278
484.26	0.000241255
484.28	0.000238239
484.3	0.000235231
484.32	0.000232231
484.34	0.000229241
484.36	0.000226261
484.38	0.000223294
484.4	0.000220338
484.42	0.000217397
484.44	0.00021447
484.46	0.000211558
484.48	0.000208662
484.5	0.000205783
484.52	0.000202921
484.54	0.000200078
484.56	0.000197254
484.58	0.000194449
484.6	0.000191665
484.62	0.000188901
484.64	0.000186159
484.66	0.000183438
484.68	0.00018074
484.7	0.000178064
484.72	0.000175412
484.74	0.000172783
484.76	0.000170178
484.78	0.000167597
484.8	0.000165041
484.82	0.00016251
484.84	0.000160005
484.86	0.000157524
484.88	0.00015507
484.9	0.000152641
484.92	0.000150238
484.94	0.000147861
484.96	0.000145511
484.98	0.000143188
485	0.000140891
485.02	0.00013862
485.04	0.000136377
485.06	0.00013416
485.08	0.00013197
485.1	0.000129807
485.12	0.000127671
485.14	0.000125562
485.16	0.000123479
485.18	0.000121424
485.2	0.000119395
485.22	0.000117393
485.24	0.000115417
485.26	0.000113468
485.28	0.000111546
485.3	0.000109649
485.32	0.000107779
485.34	0.000105935
485.36	0.000104117
485.38	0.000102325
485.4	0.000100559
485.42	9.88176e-05
485.44	9.71019e-05
485.46	9.54113e-05
485.48	9.37456e-05
485.5	9.21047e-05
485.52	9.04884e-05
485.54	8.88964e-05
485.56	8.73286e-05
485.58	8.57848e-05
485.6	8.42647e-05
485.62	8.27681e-05
485.64	8.12948e-05
485.66	7.98446e-05
485.68	7.84172e-05
485.7	7.70125e-05
485.72	7.56301e-05
485.74	7.42698e-05
485.76	7.29315e-05
485.78	7.16148e-05
485.8	7.03195e-05
485.82	6.90453e-05
485.84	6.77921e-05
485.86	6.65596e-05
485.88	6.53474e-05
485.9	6.41555e-05
485.92	6.29834e-05
485.94	6.18311e-05
485.96	6.06981e-05
485.98	5.95843e-05
486	5.84895e-05
486.02	5.74133e-05
486.04	5.63555e-05
486.06	5.53159e-05
486.08	5.42942e-05
486.1	5.32902e-05
486.12	5.23036e-05
486.14	5.13341e-05
486.16	5.03816e-05
486.18	4.94458e-05
486.2	4.85265e-05
486.22	4.76234e-05
486.24	4.67362e-05
486.26	4.58647e-05
486.28	4.50088e-05
486.3	4.41681e-05
486.32	4.33424e-05
486.34	4.25316e-05
486.36	4.17353e-05
486.38	4.09533e-05
486.4	4.01855e-05
486.42	3.94315e-05
486.44	3.86912e-05
486.46	3.79644e-05
486.48	3.72508e-05
486.5	3.65503e-05
486.52	3.58625e-05
486.54	3.51874e-05
486.56	3.45247e-05
486.58	3.38741e-05
486.6	3.32356e-05
486.62	3.26088e-05
486.64	3.19936e-05
486.66	3.13899e-05
486.68	3.07973e-05
486.7	3.02157e-05
486.72	2.9645e-05
486.74	2.90849e-05
486.76	2.85353e-05
486.78	2.79959e-05
486.8	2.74667e-05
486.82	2.69473e-05
486.84	2.64377e-05
486.86	2.59377e-05
486.88	2.54471e-05
486.9	2.49658e-05
486.92	2.44935e-05
486.94	2.40301e-05
486.96	2.35755e-05
486.98	2.31295e-05
487	2.2692e-05
487.02	2.22627e-05
487.04	2.18416e-05
487.06	2.14285e-05
487.08	2.10232e-05
487.1	2.06257e-05
487.12	2.02357e-05
487.14	1.98531e-05
487.16	1.94779e-05
487.18	1.91098e-05
487.2	1.87487e-05
487.22	1.83945e-05
487.24	1.80471e-05
487.26	1.77063e-05
487.28	1.73721e-05
487.3	1.70442e-05
487.32	1.67227e-05
487.34	1.64073e-05
487.36	1.60979e-05
487.38	1.57945e-05
487.4	1.54969e-05
487.42	1.5205e-05
487.44	1.49187e-05
487.46	1.46379e-05
487.48	1.43625e-05
487.5	1.40924e-05
487.52	1.38275e-05
487.54	1.35677e-05
487.56	1.33129e-05
487.58	1.30629e-05
487.6	1.28178e-05
487.62	1.25774e-05
487.64	1.23416e-05
487.66	1.21104e-05
487.68	1.18836e-05
487.7	1.16612e-05
487.72	1.1443e-05
487.74	1.12291e-05
487.76	1.10192e-05
487.78	1.08134e-05
487.8	1.06116e-05
487.82	1.04136e-05
487.84	1.02195e-05
487.86	1.0029e-05
487.88	9.84229e-06
487.9	9.65912e-06
487.92	9.47948e-06
487.94	9.30329e-06
487.96	9.13048e-06
487.98	8.96099e-06
488	8.79476e-06
488.02	8.63172e-06
488.04	8.4718e-06
488.06	8.31496e-06
488.08	8.16113e-06
488.1	8.01025e-06
488.12	7.86226e-06
488.14	7.71711e-06
488.16	7.57474e-06
488.18	7.43509e-06
488.2	7.29812e-06
488.22	7.16377e-06
488.24	7.032e-06
488.26	6.90274e-06
488.28	6.77595e-06
488.3	6.65159e-06
488.32	6.5296e-06
488.34	6.40994e-06
488.36	6.29257e-06
488.38	6.17743e-06
488.4	6.06449e-06
488.42	5.9537e-06
488.44	5.84502e-06
488.46	5.73841e-06
488.48	5.63383e-06
488.5	5.53124e-06
488.52	5.43059e-06
488.54	5.33186e-06
488.56	5.23501e-06
488.58	5.13999e-06
488.6	5.04677e-06
488.62	4.95532e-06
488.64	4.8656e-06
488.66	4.77758e-06
488.68	4.69123e-06
488.7	4.60651e-06
488.72	4.52339e-06
488.74	4.44184e-06
488.76	4.36183e-06
488.78	4.28332e-06
488.8	4.2063e-06
488.82	4.13073e-06
488.84	4.05658e-06
488.86	3.98383e-06
488.88	3.91244e-06
488.9	3.84239e-06
488.92	3.77366e-06
488.94	3.70622e-06
488.96	3.64005e-06
488.98	3.57511e-06
489	3.51139e-06
489.02	3.44886e-06
489.04	3.3875e-06
489.06	3.32728e-06
489.08	3.26819e-06
489.1	3.21021e-06
489.12	3.1533e-06
489.14	3.09745e-06
489.16	3.04265e-06
489.18	2.98886e-06
489.2	2.93607e-06
489.22	2.88426e-06
489.24	2.83341e-06
489.26	2.78351e-06
489.28	2.73453e-06
489.3	2.68646e-06
489.32	2.63927e-06
489.34	2.59296e-06
489.36	2.5475e-06
489.38	2.50289e-06
489.4	2.45909e-06
489.42	2.4161e-06
489.44	2.37391e-06
489.46	2.33249e-06
489.48	2.29183e-06
489.5	2.25192e-06
489.52	2.21274e-06
489.54	2.17428e-06
489.56	2.13652e-06
489.58	2.09946e-06
489.6	2.06307e-06
489.62	2.02735e-06
489.64	1.99228e-06
489.66	1.95785e-06
489.68	1.92405e-06
489.7	1.89087e-06
489.72	1.85829e-06
489.74	1.8263e-06
489.76	1.79489e-06
489.78	1.76406e-06
489.8	1.73378e-06
489.82	1.70406e-06
489.84	1.67487e-06
489.86	1.64621e-06
489.88	1.61807e-06
489.9	1.59043e-06
489.92	1.5633e-06
489.94	1.53666e-06
489.96	1.51049e-06
489.98	1.4848e-06
490	1.45957e-06
490.02	1.43479e-06
490.04	1.41046e-06
490.06	1.38657e-06
490.08	1.3631e-06
490.1	1.34006e-06
490.12	1.31743e-06
490.14	1.2952e-06
490.16	1.27337e-06
490.18	1.25193e-06
490.2	1.23088e-06
490.22	1.2102e-06
490.24	1.18988e-06
490.26	1.16993e-06
490.28	1.15034e-06
490.3	1.13109e-06
490.32	1.11218e-06
490.34	1.09361e-06
490.36	1.07537e-06
490.38	1.05745e-06
490.4	1.03985e-06
490.42	1.02256e-06
490.44	1.00558e-06
490.46	9.88895e-07
490.48	9.72505e-07
490.5	9.56404e-07
490.52	9.40586e-07
490.54	9.25047e-07
490.56	9.09781e-07
490.58	8.94783e-07
490.6	8.80049e-07
490.62	8.65572e-07
490.64	8.5135e-07
490.66	8.37376e-07
490.68	8.23646e-07
490.7	8.10157e-07
490.72	7.96903e-07
490.74	7.8388e-07
490.76	7.71084e-07
490.78	7.58511e-07
490.8	7.46157e-07
490.82	7.34017e-07
490.84	7.22088e-07
490.86	7.10366e-07
490.88	6.98848e-07
490.9	6.87529e-07
490.92	6.76405e-07
490.94	6.65474e-07
490.96	6.54732e-07
490.98	6.44176e-07
491	6.33801e-07
491.02	6.23605e-07
491.04	6.13585e-07
491.06	6.03737e-07
491.08	5.94058e-07
491.1	5.84546e-07
491.12	5.75196e-07
491.14	5.66007e-07
491.16	5.56975e-07
491.18	5.48098e-07
491.2	5.39373e-07
491.22	5.30796e-07
491.24	5.22366e-07
491.26	5.14079e-07
491.28	5.05934e-07
491.3	4.97927e-07
491.32	4.90056e-07
491.34	4.82319e-07
491.36	4.74714e-07
491.38	4.67237e-07
491.4	4.59887e-07
491.42	4.52661e-07
491.44	4.45558e-07
491.46	4.38574e-07
491.48	4.31709e-07
491.5	4.24959e-07
491.52	4.18323e-07
491.54	4.11799e-07
491.56	4.05384e-07
491.58	3.99077e-07
491.6	3.92876e-07
491.62	3.86779e-07
491.64	3.80784e-07
491.66	3.7489e-07
491.68	3.69094e-07
491.7	3.63394e-07
491.72	3.57791e-07
491.74	3.5228e-07
491.76	3.46861e-07
491.78	3.41533e-07
491.8	3.36293e-07
491.82	3.3114e-07
491.84	3.26073e-07
491.86	3.2109e-07
491.88	3.16189e-07
491.9	3.1137e-07
491.92	3.0663e-07
491.94	3.01969e-07
491.96	2.97384e-07
491.98	2.92875e-07
492	2.88441e-07
492.02	2.84079e-07
492.04	2.79789e-07
492.06	2.7557e-07
492.08	2.7142e-07
492.1	2.67337e-07
492.12	2.63322e-07
492.14	2.59373e-07
492.16	2.55488e-07
492.18	2.51667e-07
492.2	2.47908e-07
492.22	2.4421e-07
492.24	2.40573e-07
492.26	2.36994e-07
492.28	2.33474e-07
492.3	2.30012e-07
492.32	2.26605e-07
492.34	2.23253e-07
492.36	2.19956e-07
492.38	2.16713e-07
492.4	2.13521e-07
492.42	2.10381e-07
492.44	2.07292e-07
492.46	2.04253e-07
492.48	2.01263e-07
492.5	1.9832e-07
492.52	1.95425e-07
492.54	1.92577e-07
492.56	1.89774e-07
492.58	1.87016e-07
492.6	1.84303e-07
492.62	1.81632e-07
492.64	1.79005e-07
492.66	1.76419e-07
492.68	1.73874e-07
492.7	1.71371e-07
492.72	1.68906e-07
492.74	1.66481e-07
492.76	1.64095e-07
492.78	1.61746e-07
492.8	1.59435e-07
492.82	1.5716e-07
492.84	1.54921e-07
492.86	1.52718e-07
492.88	1.50549e-07
492.9	1.48415e-07
492.92	1.46314e-07
492.94	1.44246e-07
492.96	1.42211e-07
492.98	1.40207e-07
493	1.38235e-07
493.02	1.36294e-07
493.04	1.34384e-07
493.06	1.32503e-07
493.08	1.30651e-07
493.1	1.28829e-07
493.12	1.27035e-07
493.14	1.25269e-07
493.16	1.2353e-07
493.18	1.21818e-07
493.2	1.20133e-07
493.22	1.18474e-07
493.24	1.16841e-07
493.26	1.15232e-07
493.28	1.13649e-07
493.3	1.1209e-07
493.32	1.10556e-07
493.34	1.09045e-07
493.36	1.07557e-07
493.38	1.06092e-07
493.4	1.04649e-07
493.42	1.03229e-07
493.44	1.0183e-07
493.46	1.00453e-07
493.48	9.90972e-08
493.5	9.77617e-08
493.52	9.64467e-08
493.54	9.51517e-08
493.56	9.38764e-08
493.58	9.26205e-08
493.6	9.13836e-08
493.62	9.01655e-08
493.64	8.89659e-08
493.66	8.77844e-08
493.68	8.66208e-08
493.7	8.54748e-08
493.72	8.4346e-08
493.74	8.32342e-08
493.76	8.21392e-08
493.78	8.10606e-08
493.8	7.99983e-08
493.82	7.89518e-08
493.84	7.7921e-08
493.86	7.69057e-08
493.88	7.59055e-08
493.9	7.49202e-08
493.92	7.39497e-08
493.94	7.29936e-08
493.96	7.20517e-08
493.98	7.11238e-08
494	7.02096e-08
494.02	6.93091e-08
494.04	6.84218e-08
494.06	6.75477e-08
494.08	6.66865e-08
494.1	6.5838e-08
494.12	6.5002e-08
494.14	6.41783e-08
494.16	6.33667e-08
494.18	6.2567e-08
494.2	6.17791e-08
494.22	6.10027e-08
494.24	6.02376e-08
494.26	5.94837e-08
494.28	5.87409e-08
494.3	5.80089e-08
494.32	5.72875e-08
494.34	5.65766e-08
494.36	5.58761e-08
494.38	5.51857e-08
494.4	5.45053e-08
494.42	5.38348e-08
494.44	5.31739e-08
494.46	5.25226e-08
494.48	5.18807e-08
494.5	5.12481e-08
494.52	5.06245e-08
494.54	5.00099e-08
494.56	4.94042e-08
494.58	4.88071e-08
494.6	4.82186e-08
494.62	4.76384e-08
494.64	4.70666e-08
494.66	4.65029e-08
494.68	4.59473e-08
494.7	4.53996e-08
494.72	4.48596e-08
494.74	4.43273e-08
494.76	4.38026e-08
494.78	4.32853e-08
494.8	4.27753e-08
494.82	4.22725e-08
494.84	4.17768e-08
494.86	4.12881e-08
494.88	4.08063e-08
494.9	4.03312e-08
494.92	3.98629e-08
494.94	3.94011e-08
494.96	3.89457e-08
494.98	3.84967e-08
495	3.8054e-08
495.02	3.76175e-08
495.04	3.71871e-08
495.06	3.67626e-08
495.08	3.63441e-08
495.1	3.59313e-08
495.12	3.55243e-08
495.14	3.51229e-08
495.16	3.47271e-08
495.18	3.43368e-08
495.2	3.39518e-08
495.22	3.35721e-08
495.24	3.31977e-08
495.26	3.28284e-08
495.28	3.24642e-08
495.3	3.2105e-08
495.32	3.17506e-08
495.34	3.14012e-08
495.36	3.10565e-08
495.38	3.07165e-08
495.4	3.03812e-08
495.42	3.00504e-08
495.44	2.97241e-08
495.46	2.94022e-08
495.48	2.90848e-08
495.5	2.87716e-08
495.52	2.84626e-08
495.54	2.81578e-08
495.56	2.78571e-08
495.58	2.75605e-08
495.6	2.72679e-08
495.62	2.69792e-08
495.64	2.66944e-08
495.66	2.64134e-08
495.68	2.61361e-08
495.7	2.58626e-08
495.72	2.55927e-08
495.74	2.53265e-08
495.76	2.50637e-08
495.78	2.48045e-08
495.8	2.45487e-08
495.82	2.42963e-08
495.84	2.40473e-08
495.86	2.38015e-08
495.88	2.3559e-08
495.9	2.33197e-08
495.92	2.30836e-08
495.94	2.28506e-08
495.96	2.26206e-08
495.98	2.23937e-08
496	2.21697e-08
496.02	2.19487e-08
496.04	2.17306e-08
496.06	2.15153e-08
496.08	2.13029e-08
496.1	2.10932e-08
496.12	2.08862e-08
496.14	2.0682e-08
496.16	2.04804e-08
496.18	2.02814e-08
496.2	2.0085e-08
496.22	1.98911e-08
496.24	1.96998e-08
496.26	1.95109e-08
496.28	1.93245e-08
496.3	1.91404e-08
496.32	1.89588e-08
496.34	1.87795e-08
496.36	1.86024e-08
496.38	1.84277e-08
496.4	1.82552e-08
496.42	1.80849e-08
496.44	1.79168e-08
496.46	1.77508e-08
496.48	1.75869e-08
496.5	1.74252e-08
496.52	1.72654e-08
496.54	1.71078e-08
496.56	1.69521e-08
496.58	1.67984e-08
496.6	1.66466e-08
496.62	1.64968e-08
496.64	1.63489e-08
496.66	1.62028e-08
496.68	1.60586e-08
496.7	1.59162e-08
496.72	1.57756e-08
496.74	1.56367e-08
496.76	1.54996e-08
496.78	1.53643e-08
496.8	1.52306e-08
496.82	1.50986e-08
496.84	1.49682e-08
496.86	1.48395e-08
496.88	1.47124e-08
496.9	1.45869e-08
496.92	1.44629e-08
496.94	1.43405e-08
496.96	1.42196e-08
496.98	1.41002e-08
497	1.39823e-08
497.02	1.38658e-08
497.04	1.37508e-08
497.06	1.36372e-08
497.08	1.35251e-08
497.1	1.34143e-08
497.12	1.33049e-08
497.14	1.31968e-08
497.16	1.30901e-08
497.18	1.29846e-08
497.2	1.28805e-08
497.22	1.27777e-08
497.24	1.26761e-08
497.26	1.25758e-08
497.28	1.24767e-08
497.3	1.23788e-08
497.32	1.22821e-08
497.34	1.21866e-08
497.36	1.20922e-08
497.38	1.19991e-08
497.4	1.1907e-08
497.42	1.18161e-08
497.44	1.17263e-08
497.46	1.16376e-08
497.48	1.155e-08
497.5	1.14634e-08
497.52	1.13779e-08
497.54	1.12934e-08
497.56	1.121e-08
497.58	1.11275e-08
497.6	1.10461e-08
497.62	1.09657e-08
497.64	1.08862e-08
497.66	1.08077e-08
497.68	1.07302e-08
497.7	1.06536e-08
497.72	1.05779e-08
497.74	1.05031e-08
497.76	1.04293e-08
497.78	1.03563e-08
497.8	1.02842e-08
497.82	1.0213e-08
497.84	1.01427e-08
497.86	1.00732e-08
497.88	1.00045e-08
497.9	9.93672e-09
497.92	9.86972e-09
497.94	9.80353e-09
497.96	9.73814e-09
497.98	9.67354e-09
498	9.60972e-09
498.02	9.54668e-09
498.04	9.48439e-09
498.06	9.42286e-09
498.08	9.36208e-09
498.1	9.30203e-09
498.12	9.24271e-09
498.14	9.18411e-09
498.16	9.12622e-09
498.18	9.06903e-09
498.2	9.01253e-09
498.22	8.95672e-09
498.24	8.90158e-09
498.26	8.84712e-09
498.28	8.79331e-09
498.3	8.74016e-09
498.32	8.68766e-09
498.34	8.6358e-09
498.36	8.58457e-09
498.38	8.53396e-09
498.4	8.48397e-09
498.42	8.43459e-09
498.44	8.38582e-09
498.46	8.33764e-09
498.48	8.29005e-09
498.5	8.24305e-09
498.52	8.19662e-09
498.54	8.15077e-09
498.56	8.10548e-09
498.58	8.06074e-09
498.6	8.01657e-09
498.62	7.97293e-09
498.64	7.92984e-09
498.66	7.88728e-09
498.68	7.84525e-09
498.7	7.80374e-09
498.72	7.76275e-09
498.74	7.72228e-09
498.76	7.68231e-09
498.78	7.64284e-09
498.8	7.60387e-09
498.82	7.56539e-09
498.84	7.52739e-09
498.86	7.48987e-09
498.88	7.45284e-09
498.9	7.41627e-09
498.92	7.38017e-09
498.94	7.34453e-09
498.96	7.30934e-09
498.98	7.27461e-09
499	7.24033e-09
499.02	7.20649e-09
499.04	7.17309e-09
499.06	7.14013e-09
499.08	7.10759e-09
499.1	7.07549e-09
499.12	7.0438e-09
499.14	7.01254e-09
499.16	6.98168e-09
499.18	6.95124e-09
499.2	6.92121e-09
499.22	6.89158e-09
499.24	6.86234e-09
499.26	6.83351e-09
499.28	6.80506e-09
499.3	6.77701e-09
499.32	6.74934e-09
499.34	6.72205e-09
499.36	6.69514e-09
499.38	6.6686e-09
499.4	6.64244e-09
499.42	6.61664e-09
499.44	6.59121e-09
499.46	6.56615e-09
499.48	6.54144e-09
499.5	6.51709e-09
499.52	6.49309e-09
499.54	6.46944e-09
499.56	6.44615e-09
499.58	6.42319e-09
499.6	6.40058e-09
499.62	6.37831e-09
499.64	6.35638e-09
499.66	6.33478e-09
499.68	6.31352e-09
499.7	6.29258e-09
499.72	6.27197e-09
499.74	6.25169e-09
499.76	6.23173e-09
499.78	6.21209e-09
499.8	6.19276e-09
499.82	6.17376e-09
499.84	6.15507e-09
499.86	6.13669e-09
499.88	6.11862e-09
499.9	6.10086e-09
499.92	6.0834e-09
499.94	6.06625e-09
499.96	6.0494e-09
499.98	6.03285e-09
500	6.0166e-09
