label:AIS.O0_mslo
25000
0.02	1.62875e-05
0.04	1.63083e-05
0.06	1.63296e-05
0.08	1.63532e-05
0.1	1.63793e-05
0.12	1.64071e-05
0.14	1.64354e-05
0.16	1.64633e-05
0.18	1.649e-05
0.2	1.65152e-05
0.22	1.65388e-05
0.24	1.65605e-05
0.26	1.65806e-05
0.28	1.65992e-05
0.3	1.66164e-05
0.32	1.66324e-05
0.34	1.66474e-05
0.36	1.66614e-05
0.38	1.66746e-05
0.4	1.66871e-05
0.42	1.66991e-05
0.44	1.67106e-05
0.46	1.67217e-05
0.48	1.67324e-05
0.5	1.67428e-05
0.52	1.6753e-05
0.54	1.6763e-05
0.56	1.67728e-05
0.58	1.67824e-05
0.6	1.67919e-05
0.62	1.68013e-05
0.64	1.68106e-05
0.66	1.68198e-05
0.68	1.68289e-05
0.7	1.6838e-05
0.72	1.6847e-05
0.74	1.6856e-05
0.76	1.68649e-05
0.78	1.68738e-05
0.8	1.68827e-05
0.82	1.68915e-05
0.84	1.69003e-05
0.86	1.69091e-05
0.88	1.69179e-05
0.9	1.69266e-05
0.92	1.69354e-05
0.94	1.69441e-05
0.96	1.69528e-05
0.98	1.69615e-05
1	1.69701e-05
1.02	1.69788e-05
1.04	1.69874e-05
1.06	1.69961e-05
1.08	1.70047e-05
1.1	1.70133e-05
1.12	1.70219e-05
1.14	1.70305e-05
1.16	1.70391e-05
1.18	1.70477e-05
1.2	1.70563e-05
1.22	1.70649e-05
1.24	1.70734e-05
1.26	1.7082e-05
1.28	1.70906e-05
1.3	1.70991e-05
1.32	1.71077e-05
1.34	1.71162e-05
1.36	1.71247e-05
1.38	1.71333e-05
1.4	1.71418e-05
1.42	1.71503e-05
1.44	1.71589e-05
1.46	1.71674e-05
1.48	1.71759e-05
1.5	1.71844e-05
1.52	1.71929e-05
1.54	1.72014e-05
1.56	1.72099e-05
1.58	1.72184e-05
1.6	1.72269e-05
1.62	1.72354e-05
1.64	1.72439e-05
1.66	1.72524e-05
1.68	1.72609e-05
1.7	1.72694e-05
1.72	1.72778e-05
1.74	1.72863e-05
1.76	1.72948e-05
1.78	1.73033e-05
1.8	1.73118e-05
1.82	1.73202e-05
1.84	1.73287e-05
1.86	1.73372e-05
1.88	1.73457e-05
1.9	1.73541e-05
1.92	1.73626e-05
1.94	1.73711e-05
1.96	1.73796e-05
1.98	1.7388e-05
2	1.73965e-05
2.02	1.7405e-05
2.04	1.74134e-05
2.06	1.74219e-05
2.08	1.74304e-05
2.1	1.74389e-05
2.12	1.74473e-05
2.14	1.74558e-05
2.16	1.74643e-05
2.18	1.74728e-05
2.2	1.74812e-05
2.22	1.74897e-05
2.24	1.74982e-05
2.26	1.75067e-05
2.28	1.75151e-05
2.3	1.75236e-05
2.32	1.75321e-05
2.34	1.75406e-05
2.36	1.75491e-05
2.38	1.75576e-05
2.4	1.7566e-05
2.42	1.75745e-05
2.44	1.7583e-05
2.46	1.75915e-05
2.48	1.76e-05
2.5	1.76085e-05
2.52	1.7617e-05
2.54	1.76255e-05
2.56	1.7634e-05
2.58	1.76425e-05
2.6	1.7651e-05
2.62	1.76595e-05
2.64	1.7668e-05
2.66	1.76765e-05
2.68	1.7685e-05
2.7	1.76935e-05
2.72	1.77021e-05
2.74	1.77106e-05
2.76	1.77191e-05
2.78	1.77276e-05
2.8	1.77361e-05
2.82	1.77447e-05
2.84	1.77532e-05
2.86	1.77617e-05
2.88	1.77703e-05
2.9	1.77788e-05
2.92	1.77874e-05
2.94	1.77959e-05
2.96	1.78045e-05
2.98	1.7813e-05
3	1.78216e-05
3.02	1.78301e-05
3.04	1.78387e-05
3.06	1.78473e-05
3.08	1.78558e-05
3.1	1.78644e-05
3.12	1.7873e-05
3.14	1.78816e-05
3.16	1.78901e-05
3.18	1.78987e-05
3.2	1.79073e-05
3.22	1.79159e-05
3.24	1.79245e-05
3.26	1.79331e-05
3.28	1.79417e-05
3.3	1.79503e-05
3.32	1.79589e-05
3.34	1.79676e-05
3.36	1.79762e-05
3.38	1.79848e-05
3.4	1.79934e-05
3.42	1.80021e-05
3.44	1.80107e-05
3.46	1.80194e-05
3.48	1.8028e-05
3.5	1.80367e-05
3.52	1.80453e-05
3.54	1.8054e-05
3.56	1.80626e-05
3.58	1.80713e-05
3.6	1.808e-05
3.62	1.80887e-05
3.64	1.80973e-05
3.66	1.8106e-05
3.68	1.81147e-05
3.7	1.81234e-05
3.72	1.81321e-05
3.74	1.81408e-05
3.76	1.81495e-05
3.78	1.81583e-05
3.8	1.8167e-05
3.82	1.81757e-05
3.84	1.81844e-05
3.86	1.81932e-05
3.88	1.82019e-05
3.9	1.82107e-05
3.92	1.82194e-05
3.94	1.82282e-05
3.96	1.82369e-05
3.98	1.82457e-05
4	1.82545e-05
4.02	1.82633e-05
4.04	1.8272e-05
4.06	1.82808e-05
4.08	1.82896e-05
4.1	1.82984e-05
4.12	1.83072e-05
4.14	1.83161e-05
4.16	1.83249e-05
4.18	1.83337e-05
4.2	1.83425e-05
4.22	1.83514e-05
4.24	1.83602e-05
4.26	1.83691e-05
4.28	1.83779e-05
4.3	1.83868e-05
4.32	1.83956e-05
4.34	1.84045e-05
4.36	1.84134e-05
4.38	1.84223e-05
4.4	1.84312e-05
4.42	1.84401e-05
4.44	1.8449e-05
4.46	1.84579e-05
4.48	1.84668e-05
4.5	1.84757e-05
4.52	1.84846e-05
4.54	1.84936e-05
4.56	1.85025e-05
4.58	1.85115e-05
4.6	1.85204e-05
4.62	1.85294e-05
4.64	1.85383e-05
4.66	1.85473e-05
4.68	1.85563e-05
4.7	1.85653e-05
4.72	1.85743e-05
4.74	1.85833e-05
4.76	1.85923e-05
4.78	1.86013e-05
4.8	1.86103e-05
4.82	1.86194e-05
4.84	1.86284e-05
4.86	1.86374e-05
4.88	1.86465e-05
4.9	1.86555e-05
4.92	1.86646e-05
4.94	1.86737e-05
4.96	1.86828e-05
4.98	1.86918e-05
5	1.87009e-05
5.02	1.871e-05
5.04	1.87191e-05
5.06	1.87283e-05
5.08	1.87374e-05
5.1	1.87465e-05
5.12	1.87556e-05
5.14	1.87648e-05
5.16	1.87739e-05
5.18	1.87831e-05
5.2	1.87923e-05
5.22	1.88015e-05
5.24	1.88106e-05
5.26	1.88198e-05
5.28	1.8829e-05
5.3	1.88382e-05
5.32	1.88475e-05
5.34	1.88567e-05
5.36	1.88659e-05
5.38	1.88751e-05
5.4	1.88844e-05
5.42	1.88937e-05
5.44	1.89029e-05
5.46	1.89122e-05
5.48	1.89215e-05
5.5	1.89308e-05
5.52	1.894e-05
5.54	1.89494e-05
5.56	1.89587e-05
5.58	1.8968e-05
5.6	1.89773e-05
5.62	1.89867e-05
5.64	1.8996e-05
5.66	1.90054e-05
5.68	1.90147e-05
5.7	1.90241e-05
5.72	1.90335e-05
5.74	1.90429e-05
5.76	1.90523e-05
5.78	1.90617e-05
5.8	1.90711e-05
5.82	1.90805e-05
5.84	1.90899e-05
5.86	1.90994e-05
5.88	1.91088e-05
5.9	1.91183e-05
5.92	1.91278e-05
5.94	1.91373e-05
5.96	1.91467e-05
5.98	1.91562e-05
6	1.91657e-05
6.02	1.91753e-05
6.04	1.91848e-05
6.06	1.91943e-05
6.08	1.92039e-05
6.1	1.92134e-05
6.12	1.9223e-05
6.14	1.92325e-05
6.16	1.92421e-05
6.18	1.92517e-05
6.2	1.92613e-05
6.22	1.92709e-05
6.24	1.92805e-05
6.26	1.92902e-05
6.28	1.92998e-05
6.3	1.93095e-05
6.32	1.93191e-05
6.34	1.93288e-05
6.36	1.93385e-05
6.38	1.93482e-05
6.4	1.93578e-05
6.42	1.93676e-05
6.44	1.93773e-05
6.46	1.9387e-05
6.48	1.93967e-05
6.5	1.94065e-05
6.52	1.94162e-05
6.54	1.9426e-05
6.56	1.94358e-05
6.58	1.94456e-05
6.6	1.94554e-05
6.62	1.94652e-05
6.64	1.9475e-05
6.66	1.94848e-05
6.68	1.94947e-05
6.7	1.95045e-05
6.72	1.95144e-05
6.74	1.95243e-05
6.76	1.95341e-05
6.78	1.9544e-05
6.8	1.95539e-05
6.82	1.95639e-05
6.84	1.95738e-05
6.86	1.95837e-05
6.88	1.95937e-05
6.9	1.96036e-05
6.92	1.96136e-05
6.94	1.96236e-05
6.96	1.96336e-05
6.98	1.96436e-05
7	1.96536e-05
7.02	1.96636e-05
7.04	1.96736e-05
7.06	1.96837e-05
7.08	1.96937e-05
7.1	1.97038e-05
7.12	1.97139e-05
7.14	1.9724e-05
7.16	1.97341e-05
7.18	1.97442e-05
7.2	1.97543e-05
7.22	1.97645e-05
7.24	1.97746e-05
7.26	1.97848e-05
7.28	1.97949e-05
7.3	1.98051e-05
7.32	1.98153e-05
7.34	1.98255e-05
7.36	1.98357e-05
7.38	1.9846e-05
7.4	1.98562e-05
7.42	1.98665e-05
7.44	1.98767e-05
7.46	1.9887e-05
7.48	1.98973e-05
7.5	1.99076e-05
7.52	1.99179e-05
7.54	1.99282e-05
7.56	1.99386e-05
7.58	1.99489e-05
7.6	1.99593e-05
7.62	1.99697e-05
7.64	1.99801e-05
7.66	1.99905e-05
7.68	2.00009e-05
7.7	2.00113e-05
7.72	2.00217e-05
7.74	2.00322e-05
7.76	2.00427e-05
7.78	2.00531e-05
7.8	2.00636e-05
7.82	2.00741e-05
7.84	2.00846e-05
7.86	2.00952e-05
7.88	2.01057e-05
7.9	2.01163e-05
7.92	2.01268e-05
7.94	2.01374e-05
7.96	2.0148e-05
7.98	2.01586e-05
8	2.01692e-05
8.02	2.01799e-05
8.04	2.01905e-05
8.06	2.02012e-05
8.08	2.02118e-05
8.1	2.02225e-05
8.12	2.02332e-05
8.14	2.02439e-05
8.16	2.02547e-05
8.18	2.02654e-05
8.2	2.02761e-05
8.22	2.02869e-05
8.24	2.02977e-05
8.26	2.03085e-05
8.28	2.03193e-05
8.3	2.03301e-05
8.32	2.0341e-05
8.34	2.03518e-05
8.36	2.03627e-05
8.38	2.03735e-05
8.4	2.03844e-05
8.42	2.03953e-05
8.44	2.04063e-05
8.46	2.04172e-05
8.48	2.04281e-05
8.5	2.04391e-05
8.52	2.04501e-05
8.54	2.04611e-05
8.56	2.04721e-05
8.58	2.04831e-05
8.6	2.04941e-05
8.62	2.05052e-05
8.64	2.05162e-05
8.66	2.05273e-05
8.68	2.05384e-05
8.7	2.05495e-05
8.72	2.05606e-05
8.74	2.05718e-05
8.76	2.05829e-05
8.78	2.05941e-05
8.8	2.06053e-05
8.82	2.06165e-05
8.84	2.06277e-05
8.86	2.06389e-05
8.88	2.06501e-05
8.9	2.06614e-05
8.92	2.06727e-05
8.94	2.0684e-05
8.96	2.06953e-05
8.98	2.07066e-05
9	2.07179e-05
9.02	2.07293e-05
9.04	2.07406e-05
9.06	2.0752e-05
9.08	2.07634e-05
9.1	2.07748e-05
9.12	2.07862e-05
9.14	2.07977e-05
9.16	2.08091e-05
9.18	2.08206e-05
9.2	2.08321e-05
9.22	2.08436e-05
9.24	2.08551e-05
9.26	2.08667e-05
9.28	2.08782e-05
9.3	2.08898e-05
9.32	2.09014e-05
9.34	2.0913e-05
9.36	2.09246e-05
9.38	2.09363e-05
9.4	2.09479e-05
9.42	2.09596e-05
9.44	2.09713e-05
9.46	2.0983e-05
9.48	2.09947e-05
9.5	2.10064e-05
9.52	2.10182e-05
9.54	2.10299e-05
9.56	2.10417e-05
9.58	2.10535e-05
9.6	2.10654e-05
9.62	2.10772e-05
9.64	2.10891e-05
9.66	2.11009e-05
9.68	2.11128e-05
9.7	2.11247e-05
9.72	2.11366e-05
9.74	2.11486e-05
9.76	2.11605e-05
9.78	2.11725e-05
9.8	2.11845e-05
9.82	2.11965e-05
9.84	2.12086e-05
9.86	2.12206e-05
9.88	2.12327e-05
9.9	2.12447e-05
9.92	2.12568e-05
9.94	2.1269e-05
9.96	2.12811e-05
9.98	2.12933e-05
10	2.13054e-05
10.02	2.13176e-05
10.04	2.13298e-05
10.06	2.13421e-05
10.08	2.13543e-05
10.1	2.13666e-05
10.12	2.13788e-05
10.14	2.13911e-05
10.16	2.14035e-05
10.18	2.14158e-05
10.2	2.14282e-05
10.22	2.14405e-05
10.24	2.14529e-05
10.26	2.14653e-05
10.28	2.14778e-05
10.3	2.14902e-05
10.32	2.15027e-05
10.34	2.15152e-05
10.36	2.15277e-05
10.38	2.15402e-05
10.4	2.15528e-05
10.42	2.15653e-05
10.44	2.15779e-05
10.46	2.15905e-05
10.48	2.16031e-05
10.5	2.16158e-05
10.52	2.16285e-05
10.54	2.16411e-05
10.56	2.16538e-05
10.58	2.16666e-05
10.6	2.16793e-05
10.62	2.16921e-05
10.64	2.17048e-05
10.66	2.17177e-05
10.68	2.17305e-05
10.7	2.17433e-05
10.72	2.17562e-05
10.74	2.17691e-05
10.76	2.1782e-05
10.78	2.17949e-05
10.8	2.18078e-05
10.82	2.18208e-05
10.84	2.18338e-05
10.86	2.18468e-05
10.88	2.18598e-05
10.9	2.18729e-05
10.92	2.18859e-05
10.94	2.1899e-05
10.96	2.19122e-05
10.98	2.19253e-05
11	2.19384e-05
11.02	2.19516e-05
11.04	2.19648e-05
11.06	2.1978e-05
11.08	2.19913e-05
11.1	2.20045e-05
11.12	2.20178e-05
11.14	2.20311e-05
11.16	2.20444e-05
11.18	2.20578e-05
11.2	2.20712e-05
11.22	2.20846e-05
11.24	2.2098e-05
11.26	2.21114e-05
11.28	2.21249e-05
11.3	2.21384e-05
11.32	2.21519e-05
11.34	2.21654e-05
11.36	2.21789e-05
11.38	2.21925e-05
11.4	2.22061e-05
11.42	2.22197e-05
11.44	2.22334e-05
11.46	2.2247e-05
11.48	2.22607e-05
11.5	2.22744e-05
11.52	2.22881e-05
11.54	2.23019e-05
11.56	2.23157e-05
11.58	2.23295e-05
11.6	2.23433e-05
11.62	2.23571e-05
11.64	2.2371e-05
11.66	2.23849e-05
11.68	2.23988e-05
11.7	2.24128e-05
11.72	2.24267e-05
11.74	2.24407e-05
11.76	2.24547e-05
11.78	2.24688e-05
11.8	2.24829e-05
11.82	2.24969e-05
11.84	2.25111e-05
11.86	2.25252e-05
11.88	2.25393e-05
11.9	2.25535e-05
11.92	2.25677e-05
11.94	2.2582e-05
11.96	2.25962e-05
11.98	2.26105e-05
12	2.26248e-05
12.02	2.26392e-05
12.04	2.26535e-05
12.06	2.26679e-05
12.08	2.26823e-05
12.1	2.26968e-05
12.12	2.27112e-05
12.14	2.27257e-05
12.16	2.27402e-05
12.18	2.27548e-05
12.2	2.27693e-05
12.22	2.27839e-05
12.24	2.27985e-05
12.26	2.28132e-05
12.28	2.28279e-05
12.3	2.28425e-05
12.32	2.28573e-05
12.34	2.2872e-05
12.36	2.28868e-05
12.38	2.29016e-05
12.4	2.29164e-05
12.42	2.29313e-05
12.44	2.29462e-05
12.46	2.29611e-05
12.48	2.2976e-05
12.5	2.2991e-05
12.52	2.3006e-05
12.54	2.3021e-05
12.56	2.3036e-05
12.58	2.30511e-05
12.6	2.30662e-05
12.62	2.30814e-05
12.64	2.30965e-05
12.66	2.31117e-05
12.68	2.31269e-05
12.7	2.31422e-05
12.72	2.31574e-05
12.74	2.31727e-05
12.76	2.31881e-05
12.78	2.32034e-05
12.8	2.32188e-05
12.82	2.32342e-05
12.84	2.32497e-05
12.86	2.32652e-05
12.88	2.32807e-05
12.9	2.32962e-05
12.92	2.33118e-05
12.94	2.33273e-05
12.96	2.3343e-05
12.98	2.33586e-05
13	2.33743e-05
13.02	2.339e-05
13.04	2.34058e-05
13.06	2.34215e-05
13.08	2.34373e-05
13.1	2.34532e-05
13.12	2.3469e-05
13.14	2.34849e-05
13.16	2.35009e-05
13.18	2.35168e-05
13.2	2.35328e-05
13.22	2.35488e-05
13.24	2.35649e-05
13.26	2.35809e-05
13.28	2.35971e-05
13.3	2.36132e-05
13.32	2.36294e-05
13.34	2.36456e-05
13.36	2.36618e-05
13.38	2.36781e-05
13.4	2.36944e-05
13.42	2.37108e-05
13.44	2.37271e-05
13.46	2.37435e-05
13.48	2.376e-05
13.5	2.37764e-05
13.52	2.37929e-05
13.54	2.38095e-05
13.56	2.3826e-05
13.58	2.38426e-05
13.6	2.38593e-05
13.62	2.3876e-05
13.64	2.38927e-05
13.66	2.39094e-05
13.68	2.39262e-05
13.7	2.3943e-05
13.72	2.39598e-05
13.74	2.39767e-05
13.76	2.39936e-05
13.78	2.40106e-05
13.8	2.40275e-05
13.82	2.40446e-05
13.84	2.40616e-05
13.86	2.40787e-05
13.88	2.40958e-05
13.9	2.4113e-05
13.92	2.41302e-05
13.94	2.41474e-05
13.96	2.41647e-05
13.98	2.4182e-05
14	2.41993e-05
14.02	2.42167e-05
14.04	2.42341e-05
14.06	2.42516e-05
14.08	2.42691e-05
14.1	2.42866e-05
14.12	2.43041e-05
14.14	2.43217e-05
14.16	2.43394e-05
14.18	2.43571e-05
14.2	2.43748e-05
14.22	2.43925e-05
14.24	2.44103e-05
14.26	2.44282e-05
14.28	2.4446e-05
14.3	2.44639e-05
14.32	2.44819e-05
14.34	2.44999e-05
14.36	2.45179e-05
14.38	2.4536e-05
14.4	2.45541e-05
14.42	2.45722e-05
14.44	2.45904e-05
14.46	2.46087e-05
14.48	2.46269e-05
14.5	2.46452e-05
14.52	2.46636e-05
14.54	2.4682e-05
14.56	2.47004e-05
14.58	2.47189e-05
14.6	2.47374e-05
14.62	2.4756e-05
14.64	2.47746e-05
14.66	2.47932e-05
14.68	2.48119e-05
14.7	2.48307e-05
14.72	2.48494e-05
14.74	2.48683e-05
14.76	2.48871e-05
14.78	2.4906e-05
14.8	2.4925e-05
14.82	2.4944e-05
14.84	2.4963e-05
14.86	2.49821e-05
14.88	2.50013e-05
14.9	2.50204e-05
14.92	2.50397e-05
14.94	2.50589e-05
14.96	2.50782e-05
14.98	2.50976e-05
15	2.5117e-05
15.02	2.51365e-05
15.04	2.5156e-05
15.06	2.51755e-05
15.08	2.51951e-05
15.1	2.52147e-05
15.12	2.52344e-05
15.14	2.52542e-05
15.16	2.5274e-05
15.18	2.52938e-05
15.2	2.53137e-05
15.22	2.53336e-05
15.24	2.53536e-05
15.26	2.53736e-05
15.28	2.53937e-05
15.3	2.54139e-05
15.32	2.54341e-05
15.34	2.54543e-05
15.36	2.54746e-05
15.38	2.54949e-05
15.4	2.55153e-05
15.42	2.55358e-05
15.44	2.55563e-05
15.46	2.55768e-05
15.48	2.55974e-05
15.5	2.56181e-05
15.52	2.56388e-05
15.54	2.56595e-05
15.56	2.56804e-05
15.58	2.57012e-05
15.6	2.57222e-05
15.62	2.57431e-05
15.64	2.57642e-05
15.66	2.57853e-05
15.68	2.58064e-05
15.7	2.58276e-05
15.72	2.58489e-05
15.74	2.58702e-05
15.76	2.58916e-05
15.78	2.59131e-05
15.8	2.59346e-05
15.82	2.59561e-05
15.84	2.59777e-05
15.86	2.59994e-05
15.88	2.60211e-05
15.9	2.60429e-05
15.92	2.60648e-05
15.94	2.60867e-05
15.96	2.61087e-05
15.98	2.61308e-05
16	2.61529e-05
16.02	2.6175e-05
16.04	2.61973e-05
16.06	2.62196e-05
16.08	2.62419e-05
16.1	2.62643e-05
16.12	2.62868e-05
16.14	2.63094e-05
16.16	2.6332e-05
16.18	2.63547e-05
16.2	2.63775e-05
16.22	2.64003e-05
16.24	2.64232e-05
16.26	2.64461e-05
16.28	2.64692e-05
16.3	2.64923e-05
16.32	2.65154e-05
16.34	2.65387e-05
16.36	2.6562e-05
16.38	2.65854e-05
16.4	2.66088e-05
16.42	2.66324e-05
16.44	2.6656e-05
16.46	2.66796e-05
16.48	2.67034e-05
16.5	2.67272e-05
16.52	2.67511e-05
16.54	2.67751e-05
16.56	2.67991e-05
16.58	2.68233e-05
16.6	2.68475e-05
16.62	2.68718e-05
16.64	2.68961e-05
16.66	2.69206e-05
16.68	2.69451e-05
16.7	2.69697e-05
16.72	2.69944e-05
16.74	2.70192e-05
16.76	2.70441e-05
16.78	2.7069e-05
16.8	2.7094e-05
16.82	2.71191e-05
16.84	2.71443e-05
16.86	2.71696e-05
16.88	2.7195e-05
16.9	2.72205e-05
16.92	2.7246e-05
16.94	2.72716e-05
16.96	2.72974e-05
16.98	2.73232e-05
17	2.73491e-05
17.02	2.73751e-05
17.04	2.74012e-05
17.06	2.74274e-05
17.08	2.74537e-05
17.1	2.74801e-05
17.12	2.75066e-05
17.14	2.75332e-05
17.16	2.75599e-05
17.18	2.75867e-05
17.2	2.76136e-05
17.22	2.76406e-05
17.24	2.76677e-05
17.26	2.76949e-05
17.28	2.77222e-05
17.3	2.77496e-05
17.32	2.77771e-05
17.34	2.78048e-05
17.36	2.78325e-05
17.38	2.78604e-05
17.4	2.78883e-05
17.42	2.79164e-05
17.44	2.79446e-05
17.46	2.7973e-05
17.48	2.80014e-05
17.5	2.80299e-05
17.52	2.80586e-05
17.54	2.80874e-05
17.56	2.81163e-05
17.58	2.81454e-05
17.6	2.81745e-05
17.62	2.82038e-05
17.64	2.82333e-05
17.66	2.82628e-05
17.68	2.82925e-05
17.7	2.83223e-05
17.72	2.83523e-05
17.74	2.83824e-05
17.76	2.84126e-05
17.78	2.8443e-05
17.8	2.84735e-05
17.82	2.85042e-05
17.84	2.8535e-05
17.86	2.85659e-05
17.88	2.8597e-05
17.9	2.86283e-05
17.92	2.86597e-05
17.94	2.86912e-05
17.96	2.8723e-05
17.98	2.87548e-05
18	2.87869e-05
18.02	2.88191e-05
18.04	2.88515e-05
18.06	2.8884e-05
18.08	2.89167e-05
18.1	2.89496e-05
18.12	2.89827e-05
18.14	2.90159e-05
18.16	2.90493e-05
18.18	2.90829e-05
18.2	2.91167e-05
18.22	2.91507e-05
18.24	2.91849e-05
18.26	2.92192e-05
18.28	2.92538e-05
18.3	2.92886e-05
18.32	2.93235e-05
18.34	2.93587e-05
18.36	2.93941e-05
18.38	2.94297e-05
18.4	2.94655e-05
18.42	2.95016e-05
18.44	2.95379e-05
18.46	2.95744e-05
18.48	2.96111e-05
18.5	2.96481e-05
18.52	2.96853e-05
18.54	2.97228e-05
18.56	2.97605e-05
18.58	2.97984e-05
18.6	2.98367e-05
18.62	2.98752e-05
18.64	2.99139e-05
18.66	2.9953e-05
18.68	2.99923e-05
18.7	3.00319e-05
18.72	3.00718e-05
18.74	3.0112e-05
18.76	3.01525e-05
18.78	3.01934e-05
18.8	3.02345e-05
18.82	3.0276e-05
18.84	3.03178e-05
18.86	3.03599e-05
18.88	3.04024e-05
18.9	3.04452e-05
18.92	3.04884e-05
18.94	3.0532e-05
18.96	3.05759e-05
18.98	3.06203e-05
19	3.0665e-05
19.02	3.07102e-05
19.04	3.07557e-05
19.06	3.08017e-05
19.08	3.08481e-05
19.1	3.0895e-05
19.12	3.09424e-05
19.14	3.09902e-05
19.16	3.10385e-05
19.18	3.10874e-05
19.2	3.11367e-05
19.22	3.11866e-05
19.24	3.1237e-05
19.26	3.1288e-05
19.28	3.13396e-05
19.3	3.13918e-05
19.32	3.14446e-05
19.34	3.1498e-05
19.36	3.15522e-05
19.38	3.1607e-05
19.4	3.16625e-05
19.42	3.17187e-05
19.44	3.17757e-05
19.46	3.18335e-05
19.48	3.18921e-05
19.5	3.19516e-05
19.52	3.2012e-05
19.54	3.20732e-05
19.56	3.21355e-05
19.58	3.21987e-05
19.6	3.2263e-05
19.62	3.23284e-05
19.64	3.23949e-05
19.66	3.24626e-05
19.68	3.25316e-05
19.7	3.26018e-05
19.72	3.26735e-05
19.74	3.27466e-05
19.76	3.28212e-05
19.78	3.28975e-05
19.8	3.29754e-05
19.82	3.30552e-05
19.84	3.31369e-05
19.86	3.32206e-05
19.88	3.33065e-05
19.9	3.33947e-05
19.92	3.34854e-05
19.94	3.35788e-05
19.96	3.36751e-05
19.98	3.37744e-05
20	3.38771e-05
20.02	3.39834e-05
20.04	3.40937e-05
20.06	3.42083e-05
20.08	3.43276e-05
20.1	3.44522e-05
20.12	3.45826e-05
20.14	3.47195e-05
20.16	3.48636e-05
20.18	3.50159e-05
20.2	3.51775e-05
20.22	3.53497e-05
20.24	3.55342e-05
20.26	3.5733e-05
20.28	3.59487e-05
20.3	3.61846e-05
20.32	3.6445e-05
20.34	3.67354e-05
20.36	3.70637e-05
20.38	3.74407e-05
20.4	3.78822e-05
20.42	3.84119e-05
20.44	3.90679e-05
20.46	3.99148e-05
20.48	4.10726e-05
20.5	4.27904e-05
20.52	4.56716e-05
20.54	5.14849e-05
20.56	6.60461e-05
20.58	0.000101719
20.6	0.000158789
20.62	0.000210787
20.64	0.000242048
20.66	0.000255183
20.68	0.000253276
20.7	0.000235445
20.72	0.000203649
20.74	0.000164209
20.76	0.000124594
20.78	9.02725e-05
20.8	6.36672e-05
20.82	4.47216e-05
20.84	3.1992e-05
20.86	2.37093e-05
20.88	1.83746e-05
20.9	1.49073e-05
20.92	1.26016e-05
20.94	1.1034e-05
20.96	9.96082e-06
20.98	9.23338e-06
21	8.75165e-06
21.02	8.44408e-06
21.04	8.25875e-06
21.06	8.15822e-06
21.08	8.11592e-06
21.1	8.11305e-06
21.12	8.13672e-06
21.14	8.17809e-06
21.16	8.23106e-06
21.18	8.29141e-06
21.2	8.35629e-06
21.22	8.42378e-06
21.24	8.49266e-06
21.26	8.5622e-06
21.28	8.63199e-06
21.3	8.70184e-06
21.32	8.77172e-06
21.34	8.84167e-06
21.36	8.9118e-06
21.38	8.98222e-06
21.4	9.05306e-06
21.42	9.12447e-06
21.44	9.19656e-06
21.46	9.26942e-06
21.48	9.34313e-06
21.5	9.41775e-06
21.52	9.4933e-06
21.54	9.56982e-06
21.56	9.6473e-06
21.58	9.72573e-06
21.6	9.80508e-06
21.62	9.88533e-06
21.64	9.96643e-06
21.66	1.00483e-05
21.68	1.01309e-05
21.7	1.02143e-05
21.72	1.02982e-05
21.74	1.03826e-05
21.76	1.04675e-05
21.78	1.05528e-05
21.8	1.06384e-05
21.82	1.07243e-05
21.84	1.08103e-05
21.86	1.08964e-05
21.88	1.09825e-05
21.9	1.10685e-05
21.92	1.11544e-05
21.94	1.12401e-05
21.96	1.13255e-05
21.98	1.14106e-05
22	1.14953e-05
22.02	1.15796e-05
22.04	1.16633e-05
22.06	1.17465e-05
22.08	1.18291e-05
22.1	1.1911e-05
22.12	1.19923e-05
22.14	1.20728e-05
22.16	1.21526e-05
22.18	1.22315e-05
22.2	1.23097e-05
22.22	1.23869e-05
22.24	1.24634e-05
22.26	1.25389e-05
22.28	1.26135e-05
22.3	1.26872e-05
22.32	1.276e-05
22.34	1.28319e-05
22.36	1.29028e-05
22.38	1.29728e-05
22.4	1.30418e-05
22.42	1.31099e-05
22.44	1.31771e-05
22.46	1.32433e-05
22.48	1.33087e-05
22.5	1.33731e-05
22.52	1.34367e-05
22.54	1.34995e-05
22.56	1.35614e-05
22.58	1.36224e-05
22.6	1.36827e-05
22.62	1.37421e-05
22.64	1.38008e-05
22.66	1.38587e-05
22.68	1.39159e-05
22.7	1.39724e-05
22.72	1.40281e-05
22.74	1.40832e-05
22.76	1.41376e-05
22.78	1.41914e-05
22.8	1.42446e-05
22.82	1.42972e-05
22.84	1.43492e-05
22.86	1.44007e-05
22.88	1.44516e-05
22.9	1.4502e-05
22.92	1.45518e-05
22.94	1.46012e-05
22.96	1.46502e-05
22.98	1.46987e-05
23	1.47467e-05
23.02	1.47944e-05
23.04	1.48416e-05
23.06	1.48885e-05
23.08	1.49349e-05
23.1	1.49811e-05
23.12	1.50269e-05
23.14	1.50723e-05
23.16	1.51175e-05
23.18	1.51623e-05
23.2	1.52069e-05
23.22	1.52512e-05
23.24	1.52952e-05
23.26	1.53389e-05
23.28	1.53824e-05
23.3	1.54257e-05
23.32	1.54688e-05
23.34	1.55116e-05
23.36	1.55542e-05
23.38	1.55966e-05
23.4	1.56389e-05
23.42	1.56809e-05
23.44	1.57228e-05
23.46	1.57645e-05
23.48	1.5806e-05
23.5	1.58474e-05
23.52	1.58886e-05
23.54	1.59297e-05
23.56	1.59706e-05
23.58	1.60114e-05
23.6	1.60521e-05
23.62	1.60926e-05
23.64	1.6133e-05
23.66	1.61733e-05
23.68	1.62135e-05
23.7	1.62536e-05
23.72	1.62935e-05
23.74	1.63334e-05
23.76	1.63732e-05
23.78	1.64128e-05
23.8	1.64524e-05
23.82	1.64919e-05
23.84	1.65312e-05
23.86	1.65705e-05
23.88	1.66097e-05
23.9	1.66489e-05
23.92	1.66879e-05
23.94	1.67269e-05
23.96	1.67657e-05
23.98	1.68046e-05
24	1.68433e-05
24.02	1.68819e-05
24.04	1.69205e-05
24.06	1.69591e-05
24.08	1.69975e-05
24.1	1.70359e-05
24.12	1.70742e-05
24.14	1.71124e-05
24.16	1.71506e-05
24.18	1.71887e-05
24.2	1.72268e-05
24.22	1.72648e-05
24.24	1.73027e-05
24.26	1.73406e-05
24.28	1.73784e-05
24.3	1.74161e-05
24.32	1.74538e-05
24.34	1.74914e-05
24.36	1.7529e-05
24.38	1.75665e-05
24.4	1.7604e-05
24.42	1.76413e-05
24.44	1.76787e-05
24.46	1.7716e-05
24.48	1.77532e-05
24.5	1.77903e-05
24.52	1.78274e-05
24.54	1.78645e-05
24.56	1.79015e-05
24.58	1.79384e-05
24.6	1.79753e-05
24.62	1.80121e-05
24.64	1.80489e-05
24.66	1.80856e-05
24.68	1.81223e-05
24.7	1.81589e-05
24.72	1.81954e-05
24.74	1.82319e-05
24.76	1.82684e-05
24.78	1.83047e-05
24.8	1.83411e-05
24.82	1.83773e-05
24.84	1.84136e-05
24.86	1.84497e-05
24.88	1.84858e-05
24.9	1.85219e-05
24.92	1.85579e-05
24.94	1.85939e-05
24.96	1.86297e-05
24.98	1.86656e-05
25	1.87014e-05
25.02	1.87371e-05
25.04	1.87728e-05
25.06	1.88084e-05
25.08	1.8844e-05
25.1	1.88795e-05
25.12	1.89149e-05
25.14	1.89504e-05
25.16	1.89857e-05
25.18	1.9021e-05
25.2	1.90562e-05
25.22	1.90914e-05
25.24	1.91266e-05
25.26	1.91617e-05
25.28	1.91967e-05
25.3	1.92317e-05
25.32	1.92666e-05
25.34	1.93014e-05
25.36	1.93362e-05
25.38	1.9371e-05
25.4	1.94057e-05
25.42	1.94404e-05
25.44	1.9475e-05
25.46	1.95095e-05
25.48	1.9544e-05
25.5	1.95784e-05
25.52	1.96128e-05
25.54	1.96471e-05
25.56	1.96814e-05
25.58	1.97156e-05
25.6	1.97498e-05
25.62	1.97839e-05
25.64	1.9818e-05
25.66	1.9852e-05
25.68	1.98859e-05
25.7	1.99198e-05
25.72	1.99537e-05
25.74	1.99875e-05
25.76	2.00212e-05
25.78	2.00549e-05
25.8	2.00886e-05
25.82	2.01222e-05
25.84	2.01557e-05
25.86	2.01892e-05
25.88	2.02226e-05
25.9	2.0256e-05
25.92	2.02893e-05
25.94	2.03226e-05
25.96	2.03558e-05
25.98	2.0389e-05
26	2.04221e-05
26.02	2.04552e-05
26.04	2.04882e-05
26.06	2.05212e-05
26.08	2.05541e-05
26.1	2.0587e-05
26.12	2.06198e-05
26.14	2.06526e-05
26.16	2.06854e-05
26.18	2.0718e-05
26.2	2.07507e-05
26.22	2.07832e-05
26.24	2.08158e-05
26.26	2.08483e-05
26.28	2.08807e-05
26.3	2.09131e-05
26.32	2.09454e-05
26.34	2.09777e-05
26.36	2.101e-05
26.38	2.10422e-05
26.4	2.10743e-05
26.42	2.11064e-05
26.44	2.11385e-05
26.46	2.11705e-05
26.48	2.12025e-05
26.5	2.12344e-05
26.52	2.12663e-05
26.54	2.12981e-05
26.56	2.13299e-05
26.58	2.13617e-05
26.6	2.13934e-05
26.62	2.1425e-05
26.64	2.14566e-05
26.66	2.14882e-05
26.68	2.15197e-05
26.7	2.15512e-05
26.72	2.15826e-05
26.74	2.1614e-05
26.76	2.16454e-05
26.78	2.16767e-05
26.8	2.1708e-05
26.82	2.17392e-05
26.84	2.17704e-05
26.86	2.18016e-05
26.88	2.18327e-05
26.9	2.18637e-05
26.92	2.18948e-05
26.94	2.19258e-05
26.96	2.19567e-05
26.98	2.19876e-05
27	2.20185e-05
27.02	2.20493e-05
27.04	2.20801e-05
27.06	2.21109e-05
27.08	2.21416e-05
27.1	2.21723e-05
27.12	2.2203e-05
27.14	2.22336e-05
27.16	2.22642e-05
27.18	2.22947e-05
27.2	2.23252e-05
27.22	2.23557e-05
27.24	2.23861e-05
27.26	2.24165e-05
27.28	2.24469e-05
27.3	2.24772e-05
27.32	2.25075e-05
27.34	2.25378e-05
27.36	2.2568e-05
27.38	2.25982e-05
27.4	2.26284e-05
27.42	2.26585e-05
27.44	2.26887e-05
27.46	2.27187e-05
27.48	2.27488e-05
27.5	2.27788e-05
27.52	2.28088e-05
27.54	2.28387e-05
27.56	2.28687e-05
27.58	2.28986e-05
27.6	2.29284e-05
27.62	2.29583e-05
27.64	2.29881e-05
27.66	2.30179e-05
27.68	2.30476e-05
27.7	2.30773e-05
27.72	2.3107e-05
27.74	2.31367e-05
27.76	2.31664e-05
27.78	2.3196e-05
27.8	2.32256e-05
27.82	2.32552e-05
27.84	2.32847e-05
27.86	2.33143e-05
27.88	2.33438e-05
27.9	2.33732e-05
27.92	2.34027e-05
27.94	2.34321e-05
27.96	2.34615e-05
27.98	2.34909e-05
28	2.35203e-05
28.02	2.35497e-05
28.04	2.3579e-05
28.06	2.36083e-05
28.08	2.36376e-05
28.1	2.36668e-05
28.12	2.36961e-05
28.14	2.37253e-05
28.16	2.37545e-05
28.18	2.37837e-05
28.2	2.38129e-05
28.22	2.3842e-05
28.24	2.38712e-05
28.26	2.39003e-05
28.28	2.39294e-05
28.3	2.39585e-05
28.32	2.39875e-05
28.34	2.40166e-05
28.36	2.40456e-05
28.38	2.40746e-05
28.4	2.41037e-05
28.42	2.41326e-05
28.44	2.41616e-05
28.46	2.41906e-05
28.48	2.42196e-05
28.5	2.42485e-05
28.52	2.42774e-05
28.54	2.43063e-05
28.56	2.43353e-05
28.58	2.43642e-05
28.6	2.4393e-05
28.62	2.44219e-05
28.64	2.44508e-05
28.66	2.44796e-05
28.68	2.45085e-05
28.7	2.45373e-05
28.72	2.45662e-05
28.74	2.4595e-05
28.76	2.46238e-05
28.78	2.46526e-05
28.8	2.46814e-05
28.82	2.47102e-05
28.84	2.4739e-05
28.86	2.47678e-05
28.88	2.47966e-05
28.9	2.48254e-05
28.92	2.48541e-05
28.94	2.48829e-05
28.96	2.49117e-05
28.98	2.49405e-05
29	2.49692e-05
29.02	2.4998e-05
29.04	2.50268e-05
29.06	2.50555e-05
29.08	2.50843e-05
29.1	2.5113e-05
29.12	2.51418e-05
29.14	2.51706e-05
29.16	2.51993e-05
29.18	2.52281e-05
29.2	2.52569e-05
29.22	2.52856e-05
29.24	2.53144e-05
29.26	2.53432e-05
29.28	2.5372e-05
29.3	2.54008e-05
29.32	2.54296e-05
29.34	2.54584e-05
29.36	2.54872e-05
29.38	2.5516e-05
29.4	2.55448e-05
29.42	2.55736e-05
29.44	2.56025e-05
29.46	2.56313e-05
29.48	2.56602e-05
29.5	2.56891e-05
29.52	2.57179e-05
29.54	2.57468e-05
29.56	2.57757e-05
29.58	2.58046e-05
29.6	2.58336e-05
29.62	2.58625e-05
29.64	2.58914e-05
29.66	2.59204e-05
29.68	2.59494e-05
29.7	2.59784e-05
29.72	2.60074e-05
29.74	2.60364e-05
29.76	2.60655e-05
29.78	2.60945e-05
29.8	2.61236e-05
29.82	2.61527e-05
29.84	2.61818e-05
29.86	2.6211e-05
29.88	2.62401e-05
29.9	2.62693e-05
29.92	2.62985e-05
29.94	2.63277e-05
29.96	2.6357e-05
29.98	2.63862e-05
30	2.64155e-05
30.02	2.64449e-05
30.04	2.64742e-05
30.06	2.65036e-05
30.08	2.6533e-05
30.1	2.65624e-05
30.12	2.65918e-05
30.14	2.66213e-05
30.16	2.66508e-05
30.18	2.66804e-05
30.2	2.671e-05
30.22	2.67396e-05
30.24	2.67692e-05
30.26	2.67989e-05
30.28	2.68286e-05
30.3	2.68583e-05
30.32	2.68881e-05
30.34	2.69179e-05
30.36	2.69478e-05
30.38	2.69777e-05
30.4	2.70076e-05
30.42	2.70375e-05
30.44	2.70676e-05
30.46	2.70976e-05
30.48	2.71277e-05
30.5	2.71578e-05
30.52	2.7188e-05
30.54	2.72182e-05
30.56	2.72485e-05
30.58	2.72788e-05
30.6	2.73091e-05
30.62	2.73395e-05
30.64	2.737e-05
30.66	2.74005e-05
30.68	2.7431e-05
30.7	2.74616e-05
30.72	2.74923e-05
30.74	2.7523e-05
30.76	2.75538e-05
30.78	2.75846e-05
30.8	2.76155e-05
30.82	2.76464e-05
30.84	2.76774e-05
30.86	2.77085e-05
30.88	2.77396e-05
30.9	2.77708e-05
30.92	2.7802e-05
30.94	2.78333e-05
30.96	2.78647e-05
30.98	2.78961e-05
31	2.79276e-05
31.02	2.79592e-05
31.04	2.79909e-05
31.06	2.80226e-05
31.08	2.80544e-05
31.1	2.80862e-05
31.12	2.81182e-05
31.14	2.81502e-05
31.16	2.81823e-05
31.18	2.82145e-05
31.2	2.82467e-05
31.22	2.82791e-05
31.24	2.83115e-05
31.26	2.8344e-05
31.28	2.83766e-05
31.3	2.84093e-05
31.32	2.84421e-05
31.34	2.8475e-05
31.36	2.85079e-05
31.38	2.8541e-05
31.4	2.85742e-05
31.42	2.86074e-05
31.44	2.86408e-05
31.46	2.86742e-05
31.48	2.87078e-05
31.5	2.87415e-05
31.52	2.87752e-05
31.54	2.88091e-05
31.56	2.88431e-05
31.58	2.88772e-05
31.6	2.89115e-05
31.62	2.89458e-05
31.64	2.89803e-05
31.66	2.90149e-05
31.68	2.90496e-05
31.7	2.90845e-05
31.72	2.91194e-05
31.74	2.91546e-05
31.76	2.91898e-05
31.78	2.92252e-05
31.8	2.92607e-05
31.82	2.92964e-05
31.84	2.93322e-05
31.86	2.93682e-05
31.88	2.94043e-05
31.9	2.94405e-05
31.92	2.9477e-05
31.94	2.95136e-05
31.96	2.95503e-05
31.98	2.95872e-05
32	2.96243e-05
32.02	2.96616e-05
32.04	2.9699e-05
32.06	2.97367e-05
32.08	2.97745e-05
32.1	2.98125e-05
32.12	2.98507e-05
32.14	2.9889e-05
32.16	2.99276e-05
32.18	2.99664e-05
32.2	3.00054e-05
32.22	3.00447e-05
32.24	3.00841e-05
32.26	3.01238e-05
32.28	3.01637e-05
32.3	3.02038e-05
32.32	3.02442e-05
32.34	3.02848e-05
32.36	3.03257e-05
32.38	3.03668e-05
32.4	3.04082e-05
32.42	3.04499e-05
32.44	3.04919e-05
32.46	3.05341e-05
32.48	3.05766e-05
32.5	3.06194e-05
32.52	3.06626e-05
32.54	3.0706e-05
32.56	3.07498e-05
32.58	3.07939e-05
32.6	3.08383e-05
32.62	3.08831e-05
32.64	3.09283e-05
32.66	3.09738e-05
32.68	3.10197e-05
32.7	3.1066e-05
32.72	3.11127e-05
32.74	3.11598e-05
32.76	3.12074e-05
32.78	3.12553e-05
32.8	3.13038e-05
32.82	3.13527e-05
32.84	3.14021e-05
32.86	3.1452e-05
32.88	3.15024e-05
32.9	3.15533e-05
32.92	3.16048e-05
32.94	3.16569e-05
32.96	3.17095e-05
32.98	3.17628e-05
33	3.18167e-05
33.02	3.18713e-05
33.04	3.19265e-05
33.06	3.19825e-05
33.08	3.20392e-05
33.1	3.20967e-05
33.12	3.21549e-05
33.14	3.22141e-05
33.16	3.2274e-05
33.18	3.2335e-05
33.2	3.23968e-05
33.22	3.24597e-05
33.24	3.25236e-05
33.26	3.25886e-05
33.28	3.26547e-05
33.3	3.27221e-05
33.32	3.27908e-05
33.34	3.28608e-05
33.36	3.29322e-05
33.38	3.30051e-05
33.4	3.30796e-05
33.42	3.31559e-05
33.44	3.32339e-05
33.46	3.33138e-05
33.48	3.33958e-05
33.5	3.348e-05
33.52	3.35666e-05
33.54	3.36557e-05
33.56	3.37475e-05
33.58	3.38423e-05
33.6	3.39403e-05
33.62	3.40417e-05
33.64	3.4147e-05
33.66	3.42565e-05
33.68	3.43705e-05
33.7	3.44897e-05
33.72	3.46145e-05
33.74	3.47456e-05
33.76	3.48838e-05
33.78	3.50301e-05
33.8	3.51854e-05
33.82	3.53513e-05
33.84	3.55293e-05
33.86	3.57215e-05
33.88	3.59306e-05
33.9	3.61597e-05
33.92	3.64133e-05
33.94	3.66971e-05
33.96	3.70188e-05
33.98	3.73895e-05
34	3.78251e-05
34.02	3.83495e-05
34.04	3.9001e-05
34.06	3.98441e-05
34.08	4.09979e-05
34.1	4.27057e-05
34.12	4.55423e-05
34.14	5.11137e-05
34.16	6.42735e-05
34.18	9.43891e-05
34.2	0.000141106
34.22	0.000184546
34.24	0.000211288
34.26	0.000222316
34.28	0.000220556
34.3	0.000206002
34.32	0.000180109
34.34	0.000147561
34.36	0.000114193
34.38	8.45615e-05
34.4	6.09465e-05
34.42	4.36422e-05
34.44	3.17016e-05
34.46	2.37468e-05
34.48	1.85165e-05
34.5	1.50583e-05
34.52	1.27273e-05
34.54	1.11235e-05
34.56	1.0011e-05
34.58	9.24509e-06
34.6	8.72801e-06
34.62	8.38926e-06
34.64	8.17714e-06
34.66	8.05395e-06
34.68	7.99263e-06
34.7	7.97391e-06
34.72	7.98441e-06
34.74	8.01487e-06
34.76	8.05884e-06
34.78	8.11182e-06
34.8	8.17069e-06
34.82	8.23334e-06
34.84	8.29837e-06
34.86	8.36488e-06
34.88	8.43232e-06
34.9	8.5004e-06
34.92	8.56899e-06
34.94	8.63804e-06
34.96	8.70757e-06
34.98	8.77766e-06
35	8.84836e-06
35.02	8.91975e-06
35.04	8.99192e-06
35.06	9.06492e-06
35.08	9.13881e-06
35.1	9.21362e-06
35.12	9.28937e-06
35.14	9.36607e-06
35.16	9.4437e-06
35.18	9.52225e-06
35.2	9.6017e-06
35.22	9.682e-06
35.24	9.7631e-06
35.26	9.84495e-06
35.28	9.9275e-06
35.3	1.00107e-05
35.32	1.00944e-05
35.34	1.01786e-05
35.36	1.02633e-05
35.38	1.03483e-05
35.4	1.04336e-05
35.42	1.05191e-05
35.44	1.06047e-05
35.46	1.06904e-05
35.48	1.0776e-05
35.5	1.08616e-05
35.52	1.09471e-05
35.54	1.10323e-05
35.56	1.11173e-05
35.58	1.12019e-05
35.6	1.12861e-05
35.62	1.13699e-05
35.64	1.14532e-05
35.66	1.1536e-05
35.68	1.16182e-05
35.7	1.16997e-05
35.72	1.17806e-05
35.74	1.18608e-05
35.76	1.19403e-05
35.78	1.2019e-05
35.8	1.20969e-05
35.82	1.2174e-05
35.84	1.22503e-05
35.86	1.23258e-05
35.88	1.24003e-05
35.9	1.24741e-05
35.92	1.25469e-05
35.94	1.26189e-05
35.96	1.269e-05
35.98	1.27602e-05
36	1.28295e-05
36.02	1.28979e-05
36.04	1.29655e-05
36.06	1.30321e-05
36.08	1.3098e-05
36.1	1.31629e-05
36.12	1.3227e-05
36.14	1.32903e-05
36.16	1.33527e-05
36.18	1.34143e-05
36.2	1.34752e-05
36.22	1.35353e-05
36.24	1.35946e-05
36.26	1.36532e-05
36.28	1.3711e-05
36.3	1.37682e-05
36.32	1.38247e-05
36.34	1.38806e-05
36.36	1.39358e-05
36.38	1.39904e-05
36.4	1.40443e-05
36.42	1.40977e-05
36.44	1.41506e-05
36.46	1.42028e-05
36.48	1.42546e-05
36.5	1.43058e-05
36.52	1.43566e-05
36.54	1.44068e-05
36.56	1.44567e-05
36.58	1.4506e-05
36.6	1.45549e-05
36.62	1.46034e-05
36.64	1.46515e-05
36.66	1.46992e-05
36.68	1.47466e-05
36.7	1.47936e-05
36.72	1.48402e-05
36.74	1.48865e-05
36.76	1.49325e-05
36.78	1.49781e-05
36.8	1.50235e-05
36.82	1.50685e-05
36.84	1.51133e-05
36.86	1.51578e-05
36.88	1.52021e-05
36.9	1.52461e-05
36.92	1.52898e-05
36.94	1.53334e-05
36.96	1.53767e-05
36.98	1.54197e-05
37	1.54626e-05
37.02	1.55052e-05
37.04	1.55477e-05
37.06	1.559e-05
37.08	1.5632e-05
37.1	1.56739e-05
37.12	1.57157e-05
37.14	1.57572e-05
37.16	1.57986e-05
37.18	1.58398e-05
37.2	1.58809e-05
37.22	1.59218e-05
37.24	1.59626e-05
37.26	1.60032e-05
37.28	1.60437e-05
37.3	1.60841e-05
37.32	1.61243e-05
37.34	1.61644e-05
37.36	1.62043e-05
37.38	1.62442e-05
37.4	1.62839e-05
37.42	1.63235e-05
37.44	1.6363e-05
37.46	1.64024e-05
37.48	1.64416e-05
37.5	1.64808e-05
37.52	1.65198e-05
37.54	1.65588e-05
37.56	1.65976e-05
37.58	1.66363e-05
37.6	1.66749e-05
37.62	1.67135e-05
37.64	1.67519e-05
37.66	1.67902e-05
37.68	1.68285e-05
37.7	1.68666e-05
37.72	1.69047e-05
37.74	1.69426e-05
37.76	1.69805e-05
37.78	1.70182e-05
37.8	1.70559e-05
37.82	1.70935e-05
37.84	1.7131e-05
37.86	1.71684e-05
37.88	1.72058e-05
37.9	1.7243e-05
37.92	1.72802e-05
37.94	1.73172e-05
37.96	1.73542e-05
37.98	1.73911e-05
38	1.74279e-05
38.02	1.74647e-05
38.04	1.75013e-05
38.06	1.75379e-05
38.08	1.75744e-05
38.1	1.76108e-05
38.12	1.76471e-05
38.14	1.76833e-05
38.16	1.77195e-05
38.18	1.77556e-05
38.2	1.77915e-05
38.22	1.78275e-05
38.24	1.78633e-05
38.26	1.7899e-05
38.28	1.79347e-05
38.3	1.79703e-05
38.32	1.80058e-05
38.34	1.80412e-05
38.36	1.80766e-05
38.38	1.81118e-05
38.4	1.8147e-05
38.42	1.81821e-05
38.44	1.82171e-05
38.46	1.82521e-05
38.48	1.8287e-05
38.5	1.83217e-05
38.52	1.83564e-05
38.54	1.83911e-05
38.56	1.84256e-05
38.58	1.84601e-05
38.6	1.84945e-05
38.62	1.85288e-05
38.64	1.8563e-05
38.66	1.85972e-05
38.68	1.86312e-05
38.7	1.86652e-05
38.72	1.86991e-05
38.74	1.8733e-05
38.76	1.87667e-05
38.78	1.88004e-05
38.8	1.8834e-05
38.82	1.88675e-05
38.84	1.8901e-05
38.86	1.89343e-05
38.88	1.89676e-05
38.9	1.90008e-05
38.92	1.90339e-05
38.94	1.9067e-05
38.96	1.90999e-05
38.98	1.91328e-05
39	1.91656e-05
39.02	1.91984e-05
39.04	1.9231e-05
39.06	1.92636e-05
39.08	1.92961e-05
39.1	1.93285e-05
39.12	1.93608e-05
39.14	1.93931e-05
39.16	1.94253e-05
39.18	1.94574e-05
39.2	1.94894e-05
39.22	1.95213e-05
39.24	1.95532e-05
39.26	1.9585e-05
39.28	1.96167e-05
39.3	1.96483e-05
39.32	1.96799e-05
39.34	1.97114e-05
39.36	1.97428e-05
39.38	1.97741e-05
39.4	1.98053e-05
39.42	1.98365e-05
39.44	1.98676e-05
39.46	1.98986e-05
39.48	1.99295e-05
39.5	1.99604e-05
39.52	1.99912e-05
39.54	2.00219e-05
39.56	2.00525e-05
39.58	2.00831e-05
39.6	2.01136e-05
39.62	2.0144e-05
39.64	2.01743e-05
39.66	2.02046e-05
39.68	2.02347e-05
39.7	2.02648e-05
39.72	2.02949e-05
39.74	2.03248e-05
39.76	2.03547e-05
39.78	2.03845e-05
39.8	2.04142e-05
39.82	2.04439e-05
39.84	2.04735e-05
39.86	2.0503e-05
39.88	2.05324e-05
39.9	2.05618e-05
39.92	2.05911e-05
39.94	2.06203e-05
39.96	2.06494e-05
39.98	2.06785e-05
40	2.07075e-05
40.02	2.07364e-05
40.04	2.07653e-05
40.06	2.07941e-05
40.08	2.08228e-05
40.1	2.08514e-05
40.12	2.088e-05
40.14	2.09085e-05
40.16	2.09369e-05
40.18	2.09653e-05
40.2	2.09936e-05
40.22	2.10218e-05
40.24	2.10499e-05
40.26	2.1078e-05
40.28	2.1106e-05
40.3	2.11339e-05
40.32	2.11618e-05
40.34	2.11896e-05
40.36	2.12174e-05
40.38	2.1245e-05
40.4	2.12726e-05
40.42	2.13001e-05
40.44	2.13276e-05
40.46	2.1355e-05
40.48	2.13823e-05
40.5	2.14096e-05
40.52	2.14368e-05
40.54	2.14639e-05
40.56	2.1491e-05
40.58	2.1518e-05
40.6	2.15449e-05
40.62	2.15718e-05
40.64	2.15986e-05
40.66	2.16253e-05
40.68	2.1652e-05
40.7	2.16786e-05
40.72	2.17052e-05
40.74	2.17317e-05
40.76	2.17581e-05
40.78	2.17845e-05
40.8	2.18107e-05
40.82	2.1837e-05
40.84	2.18632e-05
40.86	2.18893e-05
40.88	2.19153e-05
40.9	2.19413e-05
40.92	2.19672e-05
40.94	2.19931e-05
40.96	2.20189e-05
40.98	2.20447e-05
41	2.20703e-05
41.02	2.2096e-05
41.04	2.21215e-05
41.06	2.21471e-05
41.08	2.21725e-05
41.1	2.21979e-05
41.12	2.22232e-05
41.14	2.22485e-05
41.16	2.22737e-05
41.18	2.22989e-05
41.2	2.2324e-05
41.22	2.23491e-05
41.24	2.2374e-05
41.26	2.2399e-05
41.28	2.24239e-05
41.3	2.24487e-05
41.32	2.24735e-05
41.34	2.24982e-05
41.36	2.25228e-05
41.38	2.25474e-05
41.4	2.2572e-05
41.42	2.25965e-05
41.44	2.26209e-05
41.46	2.26453e-05
41.48	2.26697e-05
41.5	2.26939e-05
41.52	2.27182e-05
41.54	2.27424e-05
41.56	2.27665e-05
41.58	2.27906e-05
41.6	2.28146e-05
41.62	2.28386e-05
41.64	2.28625e-05
41.66	2.28864e-05
41.68	2.29102e-05
41.7	2.2934e-05
41.72	2.29577e-05
41.74	2.29814e-05
41.76	2.3005e-05
41.78	2.30286e-05
41.8	2.30521e-05
41.82	2.30756e-05
41.84	2.3099e-05
41.86	2.31224e-05
41.88	2.31458e-05
41.9	2.3169e-05
41.92	2.31923e-05
41.94	2.32155e-05
41.96	2.32386e-05
41.98	2.32617e-05
42	2.32848e-05
42.02	2.33078e-05
42.04	2.33308e-05
42.06	2.33537e-05
42.08	2.33766e-05
42.1	2.33994e-05
42.12	2.34222e-05
42.14	2.34449e-05
42.16	2.34676e-05
42.18	2.34903e-05
42.2	2.35129e-05
42.22	2.35355e-05
42.24	2.3558e-05
42.26	2.35805e-05
42.28	2.36029e-05
42.3	2.36253e-05
42.32	2.36477e-05
42.34	2.367e-05
42.36	2.36923e-05
42.38	2.37145e-05
42.4	2.37367e-05
42.42	2.37588e-05
42.44	2.3781e-05
42.46	2.3803e-05
42.48	2.38251e-05
42.5	2.38471e-05
42.52	2.3869e-05
42.54	2.38909e-05
42.56	2.39128e-05
42.58	2.39346e-05
42.6	2.39564e-05
42.62	2.39782e-05
42.64	2.39999e-05
42.66	2.40216e-05
42.68	2.40433e-05
42.7	2.40649e-05
42.72	2.40865e-05
42.74	2.4108e-05
42.76	2.41295e-05
42.78	2.4151e-05
42.8	2.41724e-05
42.82	2.41938e-05
42.84	2.42152e-05
42.86	2.42365e-05
42.88	2.42578e-05
42.9	2.42791e-05
42.92	2.43003e-05
42.94	2.43215e-05
42.96	2.43426e-05
42.98	2.43638e-05
43	2.43849e-05
43.02	2.44059e-05
43.04	2.44269e-05
43.06	2.44479e-05
43.08	2.44689e-05
43.1	2.44898e-05
43.12	2.45107e-05
43.14	2.45316e-05
43.16	2.45524e-05
43.18	2.45732e-05
43.2	2.4594e-05
43.22	2.46148e-05
43.24	2.46355e-05
43.26	2.46562e-05
43.28	2.46768e-05
43.3	2.46974e-05
43.32	2.4718e-05
43.34	2.47386e-05
43.36	2.47591e-05
43.38	2.47797e-05
43.4	2.48001e-05
43.42	2.48206e-05
43.44	2.4841e-05
43.46	2.48614e-05
43.48	2.48818e-05
43.5	2.49021e-05
43.52	2.49225e-05
43.54	2.49427e-05
43.56	2.4963e-05
43.58	2.49833e-05
43.6	2.50035e-05
43.62	2.50237e-05
43.64	2.50438e-05
43.66	2.5064e-05
43.68	2.50841e-05
43.7	2.51042e-05
43.72	2.51242e-05
43.74	2.51443e-05
43.76	2.51643e-05
43.78	2.51843e-05
43.8	2.52042e-05
43.82	2.52242e-05
43.84	2.52441e-05
43.86	2.5264e-05
43.88	2.52839e-05
43.9	2.53038e-05
43.92	2.53236e-05
43.94	2.53434e-05
43.96	2.53632e-05
43.98	2.5383e-05
44	2.54027e-05
44.02	2.54224e-05
44.04	2.54422e-05
44.06	2.54618e-05
44.08	2.54815e-05
44.1	2.55012e-05
44.12	2.55208e-05
44.14	2.55404e-05
44.16	2.556e-05
44.18	2.55796e-05
44.2	2.55991e-05
44.22	2.56186e-05
44.24	2.56382e-05
44.26	2.56577e-05
44.28	2.56771e-05
44.3	2.56966e-05
44.32	2.5716e-05
44.34	2.57355e-05
44.36	2.57549e-05
44.38	2.57743e-05
44.4	2.57937e-05
44.42	2.5813e-05
44.44	2.58324e-05
44.46	2.58517e-05
44.48	2.5871e-05
44.5	2.58903e-05
44.52	2.59096e-05
44.54	2.59289e-05
44.56	2.59481e-05
44.58	2.59674e-05
44.6	2.59866e-05
44.62	2.60058e-05
44.64	2.6025e-05
44.66	2.60442e-05
44.68	2.60634e-05
44.7	2.60825e-05
44.72	2.61017e-05
44.74	2.61208e-05
44.76	2.61399e-05
44.78	2.61591e-05
44.8	2.61782e-05
44.82	2.61972e-05
44.84	2.62163e-05
44.86	2.62354e-05
44.88	2.62545e-05
44.9	2.62735e-05
44.92	2.62925e-05
44.94	2.63116e-05
44.96	2.63306e-05
44.98	2.63496e-05
45	2.63686e-05
45.02	2.63876e-05
45.04	2.64066e-05
45.06	2.64255e-05
45.08	2.64445e-05
45.1	2.64635e-05
45.12	2.64824e-05
45.14	2.65014e-05
45.16	2.65203e-05
45.18	2.65392e-05
45.2	2.65582e-05
45.22	2.65771e-05
45.24	2.6596e-05
45.26	2.66149e-05
45.28	2.66338e-05
45.3	2.66527e-05
45.32	2.66716e-05
45.34	2.66904e-05
45.36	2.67093e-05
45.38	2.67282e-05
45.4	2.67471e-05
45.42	2.67659e-05
45.44	2.67848e-05
45.46	2.68036e-05
45.48	2.68225e-05
45.5	2.68414e-05
45.52	2.68602e-05
45.54	2.68791e-05
45.56	2.68979e-05
45.58	2.69167e-05
45.6	2.69356e-05
45.62	2.69544e-05
45.64	2.69733e-05
45.66	2.69921e-05
45.68	2.70109e-05
45.7	2.70298e-05
45.72	2.70486e-05
45.74	2.70674e-05
45.76	2.70863e-05
45.78	2.71051e-05
45.8	2.7124e-05
45.82	2.71428e-05
45.84	2.71617e-05
45.86	2.71805e-05
45.88	2.71993e-05
45.9	2.72182e-05
45.92	2.7237e-05
45.94	2.72559e-05
45.96	2.72748e-05
45.98	2.72936e-05
46	2.73125e-05
46.02	2.73314e-05
46.04	2.73502e-05
46.06	2.73691e-05
46.08	2.7388e-05
46.1	2.74069e-05
46.12	2.74258e-05
46.14	2.74447e-05
46.16	2.74636e-05
46.18	2.74825e-05
46.2	2.75014e-05
46.22	2.75203e-05
46.24	2.75393e-05
46.26	2.75582e-05
46.28	2.75772e-05
46.3	2.75961e-05
46.32	2.76151e-05
46.34	2.76341e-05
46.36	2.7653e-05
46.38	2.7672e-05
46.4	2.7691e-05
46.42	2.771e-05
46.44	2.77291e-05
46.46	2.77481e-05
46.48	2.77671e-05
46.5	2.77862e-05
46.52	2.78053e-05
46.54	2.78243e-05
46.56	2.78434e-05
46.58	2.78625e-05
46.6	2.78816e-05
46.62	2.79008e-05
46.64	2.79199e-05
46.66	2.7939e-05
46.68	2.79582e-05
46.7	2.79774e-05
46.72	2.79966e-05
46.74	2.80158e-05
46.76	2.8035e-05
46.78	2.80543e-05
46.8	2.80735e-05
46.82	2.80928e-05
46.84	2.81121e-05
46.86	2.81314e-05
46.88	2.81507e-05
46.9	2.81701e-05
46.92	2.81894e-05
46.94	2.82088e-05
46.96	2.82282e-05
46.98	2.82476e-05
47	2.8267e-05
47.02	2.82865e-05
47.04	2.8306e-05
47.06	2.83255e-05
47.08	2.8345e-05
47.1	2.83645e-05
47.12	2.83841e-05
47.14	2.84036e-05
47.16	2.84232e-05
47.18	2.84429e-05
47.2	2.84625e-05
47.22	2.84822e-05
47.24	2.85019e-05
47.26	2.85216e-05
47.28	2.85413e-05
47.3	2.85611e-05
47.32	2.85809e-05
47.34	2.86007e-05
47.36	2.86206e-05
47.38	2.86404e-05
47.4	2.86603e-05
47.42	2.86803e-05
47.44	2.87002e-05
47.46	2.87202e-05
47.48	2.87402e-05
47.5	2.87602e-05
47.52	2.87803e-05
47.54	2.88004e-05
47.56	2.88205e-05
47.58	2.88407e-05
47.6	2.88609e-05
47.62	2.88811e-05
47.64	2.89014e-05
47.66	2.89217e-05
47.68	2.8942e-05
47.7	2.89624e-05
47.72	2.89827e-05
47.74	2.90032e-05
47.76	2.90236e-05
47.78	2.90441e-05
47.8	2.90647e-05
47.82	2.90852e-05
47.84	2.91058e-05
47.86	2.91265e-05
47.88	2.91472e-05
47.9	2.91679e-05
47.92	2.91887e-05
47.94	2.92095e-05
47.96	2.92303e-05
47.98	2.92512e-05
48	2.92721e-05
48.02	2.92931e-05
48.04	2.93141e-05
48.06	2.93351e-05
48.08	2.93562e-05
48.1	2.93774e-05
48.12	2.93985e-05
48.14	2.94198e-05
48.16	2.94411e-05
48.18	2.94624e-05
48.2	2.94838e-05
48.22	2.95052e-05
48.24	2.95266e-05
48.26	2.95482e-05
48.28	2.95697e-05
48.3	2.95913e-05
48.32	2.9613e-05
48.34	2.96347e-05
48.36	2.96565e-05
48.38	2.96783e-05
48.4	2.97002e-05
48.42	2.97222e-05
48.44	2.97442e-05
48.46	2.97662e-05
48.48	2.97883e-05
48.5	2.98105e-05
48.52	2.98327e-05
48.54	2.9855e-05
48.56	2.98773e-05
48.58	2.98997e-05
48.6	2.99222e-05
48.62	2.99447e-05
48.64	2.99673e-05
48.66	2.999e-05
48.68	3.00127e-05
48.7	3.00355e-05
48.72	3.00583e-05
48.74	3.00813e-05
48.76	3.01043e-05
48.78	3.01273e-05
48.8	3.01505e-05
48.82	3.01737e-05
48.84	3.01969e-05
48.86	3.02203e-05
48.88	3.02437e-05
48.9	3.02672e-05
48.92	3.02908e-05
48.94	3.03144e-05
48.96	3.03382e-05
48.98	3.0362e-05
49	3.03859e-05
49.02	3.04099e-05
49.04	3.04339e-05
49.06	3.04581e-05
49.08	3.04823e-05
49.1	3.05066e-05
49.12	3.0531e-05
49.14	3.05555e-05
49.16	3.05801e-05
49.18	3.06048e-05
49.2	3.06296e-05
49.22	3.06545e-05
49.24	3.06794e-05
49.26	3.07045e-05
49.28	3.07296e-05
49.3	3.07549e-05
49.32	3.07803e-05
49.34	3.08057e-05
49.36	3.08313e-05
49.38	3.0857e-05
49.4	3.08828e-05
49.42	3.09087e-05
49.44	3.09347e-05
49.46	3.09608e-05
49.48	3.09871e-05
49.5	3.10134e-05
49.52	3.10399e-05
49.54	3.10665e-05
49.56	3.10932e-05
49.58	3.112e-05
49.6	3.1147e-05
49.62	3.11741e-05
49.64	3.12013e-05
49.66	3.12287e-05
49.68	3.12562e-05
49.7	3.12838e-05
49.72	3.13116e-05
49.74	3.13395e-05
49.76	3.13676e-05
49.78	3.13958e-05
49.8	3.14242e-05
49.82	3.14527e-05
49.84	3.14813e-05
49.86	3.15101e-05
49.88	3.15391e-05
49.9	3.15683e-05
49.92	3.15976e-05
49.94	3.16271e-05
49.96	3.16567e-05
49.98	3.16866e-05
50	3.17166e-05
50.02	3.17467e-05
50.04	3.17771e-05
50.06	3.18077e-05
50.08	3.18385e-05
50.1	3.18694e-05
50.12	3.19006e-05
50.14	3.19319e-05
50.16	3.19635e-05
50.18	3.19953e-05
50.2	3.20273e-05
50.22	3.20595e-05
50.24	3.2092e-05
50.26	3.21246e-05
50.28	3.21576e-05
50.3	3.21907e-05
50.32	3.22241e-05
50.34	3.22578e-05
50.36	3.22917e-05
50.38	3.23259e-05
50.4	3.23604e-05
50.42	3.23951e-05
50.44	3.24301e-05
50.46	3.24654e-05
50.48	3.2501e-05
50.5	3.25369e-05
50.52	3.25732e-05
50.54	3.26097e-05
50.56	3.26466e-05
50.58	3.26838e-05
50.6	3.27214e-05
50.62	3.27593e-05
50.64	3.27976e-05
50.66	3.28362e-05
50.68	3.28753e-05
50.7	3.29147e-05
50.72	3.29546e-05
50.74	3.29948e-05
50.76	3.30355e-05
50.78	3.30767e-05
50.8	3.31183e-05
50.82	3.31604e-05
50.84	3.3203e-05
50.86	3.32461e-05
50.88	3.32897e-05
50.9	3.33338e-05
50.92	3.33785e-05
50.94	3.34238e-05
50.96	3.34697e-05
50.98	3.35162e-05
51	3.35634e-05
51.02	3.36112e-05
51.04	3.36598e-05
51.06	3.3709e-05
51.08	3.3759e-05
51.1	3.38099e-05
51.12	3.38615e-05
51.14	3.39139e-05
51.16	3.39673e-05
51.18	3.40216e-05
51.2	3.40769e-05
51.22	3.41332e-05
51.24	3.41906e-05
51.26	3.42491e-05
51.28	3.43088e-05
51.3	3.43697e-05
51.32	3.4432e-05
51.34	3.44957e-05
51.36	3.45608e-05
51.38	3.46275e-05
51.4	3.46959e-05
51.42	3.4766e-05
51.44	3.4838e-05
51.46	3.49121e-05
51.48	3.49883e-05
51.5	3.50668e-05
51.52	3.51478e-05
51.54	3.52314e-05
51.56	3.5318e-05
51.58	3.54077e-05
51.6	3.55009e-05
51.62	3.55977e-05
51.64	3.56987e-05
51.66	3.58042e-05
51.68	3.59148e-05
51.7	3.60308e-05
51.72	3.61531e-05
51.74	3.62823e-05
51.76	3.64193e-05
51.78	3.65653e-05
51.8	3.67216e-05
51.82	3.68897e-05
51.84	3.70717e-05
51.86	3.72699e-05
51.88	3.74876e-05
51.9	3.77287e-05
51.92	3.79988e-05
51.94	3.83048e-05
51.96	3.8657e-05
51.98	3.90694e-05
52	3.95631e-05
52.02	4.01709e-05
52.04	4.09462e-05
52.06	4.19833e-05
52.08	4.34636e-05
52.1	4.57823e-05
52.12	4.99356e-05
52.14	5.8773e-05
52.16	7.92465e-05
52.18	0.000116864
52.2	0.000160769
52.22	0.000193625
52.24	0.000210758
52.26	0.000215027
52.28	0.000207782
52.3	0.000189127
52.32	0.000161629
52.34	0.000130184
52.36	9.97912e-05
52.38	7.38123e-05
52.4	5.36167e-05
52.42	3.90196e-05
52.44	2.89767e-05
52.46	2.22447e-05
52.48	1.7759e-05
52.5	1.47378e-05
52.52	1.26623e-05
52.54	1.12151e-05
52.56	1.02051e-05
52.58	9.50903e-06
52.6	9.03997e-06
52.62	8.73399e-06
52.64	8.54397e-06
52.66	8.43551e-06
52.68	8.38391e-06
52.7	8.37168e-06
52.72	8.38667e-06
52.74	8.42038e-06
52.76	8.46684e-06
52.78	8.52183e-06
52.8	8.58247e-06
52.82	8.64677e-06
52.84	8.71342e-06
52.86	8.78157e-06
52.88	8.85073e-06
52.9	8.9206e-06
52.92	8.99107e-06
52.94	9.0621e-06
52.96	9.13373e-06
52.98	9.206e-06
53	9.27899e-06
53.02	9.35276e-06
53.04	9.42737e-06
53.06	9.50288e-06
53.08	9.57932e-06
53.1	9.65672e-06
53.12	9.73508e-06
53.14	9.81441e-06
53.16	9.89468e-06
53.18	9.97588e-06
53.2	1.0058e-05
53.22	1.01409e-05
53.24	1.02246e-05
53.26	1.0309e-05
53.28	1.03941e-05
53.3	1.04797e-05
53.32	1.05659e-05
53.34	1.06526e-05
53.36	1.07396e-05
53.38	1.08269e-05
53.4	1.09144e-05
53.42	1.10021e-05
53.44	1.10898e-05
53.46	1.11776e-05
53.48	1.12652e-05
53.5	1.13527e-05
53.52	1.144e-05
53.54	1.1527e-05
53.56	1.16137e-05
53.58	1.17e-05
53.6	1.17857e-05
53.62	1.1871e-05
53.64	1.19557e-05
53.66	1.20398e-05
53.68	1.21232e-05
53.7	1.22059e-05
53.72	1.22879e-05
53.74	1.23691e-05
53.76	1.24495e-05
53.78	1.2529e-05
53.8	1.26077e-05
53.82	1.26855e-05
53.84	1.27624e-05
53.86	1.28384e-05
53.88	1.29135e-05
53.9	1.29876e-05
53.92	1.30608e-05
53.94	1.3133e-05
53.96	1.32043e-05
53.98	1.32746e-05
54	1.3344e-05
54.02	1.34124e-05
54.04	1.34799e-05
54.06	1.35465e-05
54.08	1.36121e-05
54.1	1.36769e-05
54.12	1.37407e-05
54.14	1.38036e-05
54.16	1.38657e-05
54.18	1.39269e-05
54.2	1.39873e-05
54.22	1.40468e-05
54.24	1.41056e-05
54.26	1.41636e-05
54.28	1.42208e-05
54.3	1.42773e-05
54.32	1.43331e-05
54.34	1.43882e-05
54.36	1.44426e-05
54.38	1.44964e-05
54.4	1.45495e-05
54.42	1.4602e-05
54.44	1.4654e-05
54.46	1.47053e-05
54.48	1.47561e-05
54.5	1.48064e-05
54.52	1.48561e-05
54.54	1.49053e-05
54.56	1.49541e-05
54.58	1.50023e-05
54.6	1.50502e-05
54.62	1.50975e-05
54.64	1.51445e-05
54.66	1.5191e-05
54.68	1.52372e-05
54.7	1.5283e-05
54.72	1.53284e-05
54.74	1.53735e-05
54.76	1.54182e-05
54.78	1.54626e-05
54.8	1.55066e-05
54.82	1.55504e-05
54.84	1.55939e-05
54.86	1.56371e-05
54.88	1.568e-05
54.9	1.57226e-05
54.92	1.5765e-05
54.94	1.58072e-05
54.96	1.58491e-05
54.98	1.58907e-05
55	1.59322e-05
55.02	1.59734e-05
55.04	1.60144e-05
55.06	1.60553e-05
55.08	1.60959e-05
55.1	1.61363e-05
55.12	1.61766e-05
55.14	1.62166e-05
55.16	1.62565e-05
55.18	1.62962e-05
55.2	1.63358e-05
55.22	1.63752e-05
55.24	1.64144e-05
55.26	1.64535e-05
55.28	1.64925e-05
55.3	1.65313e-05
55.32	1.65699e-05
55.34	1.66084e-05
55.36	1.66468e-05
55.38	1.66851e-05
55.4	1.67232e-05
55.42	1.67612e-05
55.44	1.6799e-05
55.46	1.68368e-05
55.48	1.68744e-05
55.5	1.69119e-05
55.52	1.69493e-05
55.54	1.69866e-05
55.56	1.70237e-05
55.58	1.70608e-05
55.6	1.70977e-05
55.62	1.71346e-05
55.64	1.71713e-05
55.66	1.72079e-05
55.68	1.72445e-05
55.7	1.72809e-05
55.72	1.73172e-05
55.74	1.73534e-05
55.76	1.73896e-05
55.78	1.74256e-05
55.8	1.74615e-05
55.82	1.74973e-05
55.84	1.75331e-05
55.86	1.75687e-05
55.88	1.76042e-05
55.9	1.76397e-05
55.92	1.7675e-05
55.94	1.77103e-05
55.96	1.77455e-05
55.98	1.77806e-05
56	1.78155e-05
56.02	1.78504e-05
56.04	1.78852e-05
56.06	1.792e-05
56.08	1.79546e-05
56.1	1.79891e-05
56.12	1.80236e-05
56.14	1.80579e-05
56.16	1.80922e-05
56.18	1.81263e-05
56.2	1.81604e-05
56.22	1.81944e-05
56.24	1.82283e-05
56.26	1.82622e-05
56.28	1.82959e-05
56.3	1.83296e-05
56.32	1.83631e-05
56.34	1.83966e-05
56.36	1.843e-05
56.38	1.84633e-05
56.4	1.84965e-05
56.42	1.85296e-05
56.44	1.85627e-05
56.46	1.85956e-05
56.48	1.86285e-05
56.5	1.86613e-05
56.52	1.86939e-05
56.54	1.87266e-05
56.56	1.87591e-05
56.58	1.87915e-05
56.6	1.88239e-05
56.62	1.88561e-05
56.64	1.88883e-05
56.66	1.89204e-05
56.68	1.89524e-05
56.7	1.89843e-05
56.72	1.90161e-05
56.74	1.90479e-05
56.76	1.90796e-05
56.78	1.91111e-05
56.8	1.91426e-05
56.82	1.9174e-05
56.84	1.92053e-05
56.86	1.92366e-05
56.88	1.92677e-05
56.9	1.92988e-05
56.92	1.93298e-05
56.94	1.93607e-05
56.96	1.93915e-05
56.98	1.94222e-05
57	1.94528e-05
57.02	1.94834e-05
57.04	1.95138e-05
57.06	1.95442e-05
57.08	1.95745e-05
57.1	1.96047e-05
57.12	1.96349e-05
57.14	1.96649e-05
57.16	1.96949e-05
57.18	1.97247e-05
57.2	1.97545e-05
57.22	1.97842e-05
57.24	1.98139e-05
57.26	1.98434e-05
57.28	1.98729e-05
57.3	1.99022e-05
57.32	1.99315e-05
57.34	1.99607e-05
57.36	1.99898e-05
57.38	2.00189e-05
57.4	2.00478e-05
57.42	2.00767e-05
57.44	2.01055e-05
57.46	2.01342e-05
57.48	2.01628e-05
57.5	2.01914e-05
57.52	2.02198e-05
57.54	2.02482e-05
57.56	2.02765e-05
57.58	2.03047e-05
57.6	2.03329e-05
57.62	2.03609e-05
57.64	2.03889e-05
57.66	2.04168e-05
57.68	2.04446e-05
57.7	2.04723e-05
57.72	2.05e-05
57.74	2.05275e-05
57.76	2.0555e-05
57.78	2.05824e-05
57.8	2.06098e-05
57.82	2.0637e-05
57.84	2.06642e-05
57.86	2.06913e-05
57.88	2.07183e-05
57.9	2.07452e-05
57.92	2.07721e-05
57.94	2.07989e-05
57.96	2.08256e-05
57.98	2.08522e-05
58	2.08787e-05
58.02	2.09052e-05
58.04	2.09316e-05
58.06	2.09579e-05
58.08	2.09841e-05
58.1	2.10103e-05
58.12	2.10364e-05
58.14	2.10624e-05
58.16	2.10883e-05
58.18	2.11142e-05
58.2	2.114e-05
58.22	2.11657e-05
58.24	2.11913e-05
58.26	2.12169e-05
58.28	2.12424e-05
58.3	2.12678e-05
58.32	2.12931e-05
58.34	2.13184e-05
58.36	2.13436e-05
58.38	2.13687e-05
58.4	2.13937e-05
58.42	2.14187e-05
58.44	2.14436e-05
58.46	2.14685e-05
58.48	2.14932e-05
58.5	2.15179e-05
58.52	2.15425e-05
58.54	2.15671e-05
58.56	2.15916e-05
58.58	2.1616e-05
58.6	2.16403e-05
58.62	2.16646e-05
58.64	2.16888e-05
58.66	2.17129e-05
58.68	2.1737e-05
58.7	2.1761e-05
58.72	2.17849e-05
58.74	2.18087e-05
58.76	2.18325e-05
58.78	2.18563e-05
58.8	2.18799e-05
58.82	2.19035e-05
58.84	2.1927e-05
58.86	2.19505e-05
58.88	2.19739e-05
58.9	2.19972e-05
58.92	2.20205e-05
58.94	2.20437e-05
58.96	2.20668e-05
58.98	2.20899e-05
59	2.21129e-05
59.02	2.21358e-05
59.04	2.21587e-05
59.06	2.21815e-05
59.08	2.22042e-05
59.1	2.22269e-05
59.12	2.22496e-05
59.14	2.22721e-05
59.16	2.22946e-05
59.18	2.23171e-05
59.2	2.23394e-05
59.22	2.23617e-05
59.24	2.2384e-05
59.26	2.24062e-05
59.28	2.24283e-05
59.3	2.24504e-05
59.32	2.24724e-05
59.34	2.24944e-05
59.36	2.25163e-05
59.38	2.25381e-05
59.4	2.25599e-05
59.42	2.25816e-05
59.44	2.26033e-05
59.46	2.26249e-05
59.48	2.26465e-05
59.5	2.2668e-05
59.52	2.26894e-05
59.54	2.27108e-05
59.56	2.27321e-05
59.58	2.27534e-05
59.6	2.27746e-05
59.62	2.27958e-05
59.64	2.28169e-05
59.66	2.28379e-05
59.68	2.28589e-05
59.7	2.28799e-05
59.72	2.29008e-05
59.74	2.29216e-05
59.76	2.29424e-05
59.78	2.29631e-05
59.8	2.29838e-05
59.82	2.30044e-05
59.84	2.3025e-05
59.86	2.30455e-05
59.88	2.3066e-05
59.9	2.30864e-05
59.92	2.31067e-05
59.94	2.31271e-05
59.96	2.31473e-05
59.98	2.31675e-05
60	2.31877e-05
60.02	2.32078e-05
60.04	2.32279e-05
60.06	2.32479e-05
60.08	2.32678e-05
60.1	2.32878e-05
60.12	2.33076e-05
60.14	2.33274e-05
60.16	2.33472e-05
60.18	2.33669e-05
60.2	2.33866e-05
60.22	2.34062e-05
60.24	2.34258e-05
60.26	2.34453e-05
60.28	2.34648e-05
60.3	2.34843e-05
60.32	2.35037e-05
60.34	2.3523e-05
60.36	2.35423e-05
60.38	2.35616e-05
60.4	2.35808e-05
60.42	2.36e-05
60.44	2.36191e-05
60.46	2.36382e-05
60.48	2.36572e-05
60.5	2.36762e-05
60.52	2.36951e-05
60.54	2.3714e-05
60.56	2.37329e-05
60.58	2.37517e-05
60.6	2.37705e-05
60.62	2.37892e-05
60.64	2.38079e-05
60.66	2.38266e-05
60.68	2.38452e-05
60.7	2.38637e-05
60.72	2.38823e-05
60.74	2.39007e-05
60.76	2.39192e-05
60.78	2.39376e-05
60.8	2.3956e-05
60.82	2.39743e-05
60.84	2.39926e-05
60.86	2.40108e-05
60.88	2.4029e-05
60.9	2.40472e-05
60.92	2.40653e-05
60.94	2.40834e-05
60.96	2.41014e-05
60.98	2.41195e-05
61	2.41374e-05
61.02	2.41554e-05
61.04	2.41733e-05
61.06	2.41911e-05
61.08	2.4209e-05
61.1	2.42267e-05
61.12	2.42445e-05
61.14	2.42622e-05
61.16	2.42799e-05
61.18	2.42975e-05
61.2	2.43152e-05
61.22	2.43327e-05
61.24	2.43503e-05
61.26	2.43678e-05
61.28	2.43852e-05
61.3	2.44027e-05
61.32	2.44201e-05
61.34	2.44374e-05
61.36	2.44548e-05
61.38	2.44721e-05
61.4	2.44893e-05
61.42	2.45066e-05
61.44	2.45238e-05
61.46	2.45409e-05
61.48	2.45581e-05
61.5	2.45752e-05
61.52	2.45923e-05
61.54	2.46093e-05
61.56	2.46263e-05
61.58	2.46433e-05
61.6	2.46602e-05
61.62	2.46771e-05
61.64	2.4694e-05
61.66	2.47109e-05
61.68	2.47277e-05
61.7	2.47445e-05
61.72	2.47613e-05
61.74	2.4778e-05
61.76	2.47947e-05
61.78	2.48114e-05
61.8	2.4828e-05
61.82	2.48446e-05
61.84	2.48612e-05
61.86	2.48778e-05
61.88	2.48943e-05
61.9	2.49108e-05
61.92	2.49273e-05
61.94	2.49438e-05
61.96	2.49602e-05
61.98	2.49766e-05
62	2.49929e-05
62.02	2.50093e-05
62.04	2.50256e-05
62.06	2.50419e-05
62.08	2.50581e-05
62.1	2.50744e-05
62.12	2.50906e-05
62.14	2.51068e-05
62.16	2.51229e-05
62.18	2.51391e-05
62.2	2.51552e-05
62.22	2.51713e-05
62.24	2.51873e-05
62.26	2.52033e-05
62.28	2.52194e-05
62.3	2.52353e-05
62.32	2.52513e-05
62.34	2.52672e-05
62.36	2.52832e-05
62.38	2.52991e-05
62.4	2.53149e-05
62.42	2.53308e-05
62.44	2.53466e-05
62.46	2.53624e-05
62.48	2.53782e-05
62.5	2.53939e-05
62.52	2.54097e-05
62.54	2.54254e-05
62.56	2.54411e-05
62.58	2.54567e-05
62.6	2.54724e-05
62.62	2.5488e-05
62.64	2.55036e-05
62.66	2.55192e-05
62.68	2.55348e-05
62.7	2.55503e-05
62.72	2.55658e-05
62.74	2.55814e-05
62.76	2.55968e-05
62.78	2.56123e-05
62.8	2.56278e-05
62.82	2.56432e-05
62.84	2.56586e-05
62.86	2.5674e-05
62.88	2.56894e-05
62.9	2.57047e-05
62.92	2.57201e-05
62.94	2.57354e-05
62.96	2.57507e-05
62.98	2.5766e-05
63	2.57812e-05
63.02	2.57965e-05
63.04	2.58117e-05
63.06	2.58269e-05
63.08	2.58421e-05
63.1	2.58573e-05
63.12	2.58725e-05
63.14	2.58876e-05
63.16	2.59028e-05
63.18	2.59179e-05
63.2	2.5933e-05
63.22	2.59481e-05
63.24	2.59632e-05
63.26	2.59782e-05
63.28	2.59933e-05
63.3	2.60083e-05
63.32	2.60233e-05
63.34	2.60383e-05
63.36	2.60533e-05
63.38	2.60683e-05
63.4	2.60832e-05
63.42	2.60982e-05
63.44	2.61131e-05
63.46	2.61281e-05
63.48	2.6143e-05
63.5	2.61579e-05
63.52	2.61727e-05
63.54	2.61876e-05
63.56	2.62025e-05
63.58	2.62173e-05
63.6	2.62321e-05
63.62	2.6247e-05
63.64	2.62618e-05
63.66	2.62766e-05
63.68	2.62914e-05
63.7	2.63061e-05
63.72	2.63209e-05
63.74	2.63357e-05
63.76	2.63504e-05
63.78	2.63652e-05
63.8	2.63799e-05
63.82	2.63946e-05
63.84	2.64093e-05
63.86	2.6424e-05
63.88	2.64387e-05
63.9	2.64534e-05
63.92	2.6468e-05
63.94	2.64827e-05
63.96	2.64974e-05
63.98	2.6512e-05
64	2.65266e-05
64.02	2.65413e-05
64.04	2.65559e-05
64.06	2.65705e-05
64.08	2.65851e-05
64.1	2.65997e-05
64.12	2.66143e-05
64.14	2.66289e-05
64.16	2.66435e-05
64.18	2.6658e-05
64.2	2.66726e-05
64.22	2.66872e-05
64.24	2.67017e-05
64.26	2.67163e-05
64.28	2.67308e-05
64.3	2.67453e-05
64.32	2.67599e-05
64.34	2.67744e-05
64.36	2.67889e-05
64.38	2.68034e-05
64.4	2.6818e-05
64.42	2.68325e-05
64.44	2.6847e-05
64.46	2.68615e-05
64.48	2.6876e-05
64.5	2.68904e-05
64.52	2.69049e-05
64.54	2.69194e-05
64.56	2.69339e-05
64.58	2.69484e-05
64.6	2.69629e-05
64.62	2.69773e-05
64.64	2.69918e-05
64.66	2.70063e-05
64.68	2.70207e-05
64.7	2.70352e-05
64.72	2.70497e-05
64.74	2.70641e-05
64.76	2.70786e-05
64.78	2.7093e-05
64.8	2.71075e-05
64.82	2.71219e-05
64.84	2.71364e-05
64.86	2.71509e-05
64.88	2.71653e-05
64.9	2.71798e-05
64.92	2.71942e-05
64.94	2.72087e-05
64.96	2.72231e-05
64.98	2.72376e-05
65	2.7252e-05
65.02	2.72665e-05
65.04	2.7281e-05
65.06	2.72954e-05
65.08	2.73099e-05
65.1	2.73243e-05
65.12	2.73388e-05
65.14	2.73533e-05
65.16	2.73677e-05
65.18	2.73822e-05
65.2	2.73967e-05
65.22	2.74112e-05
65.24	2.74257e-05
65.26	2.74401e-05
65.28	2.74546e-05
65.3	2.74691e-05
65.32	2.74836e-05
65.34	2.74981e-05
65.36	2.75126e-05
65.38	2.75271e-05
65.4	2.75416e-05
65.42	2.75561e-05
65.44	2.75707e-05
65.46	2.75852e-05
65.48	2.75997e-05
65.5	2.76143e-05
65.52	2.76288e-05
65.54	2.76433e-05
65.56	2.76579e-05
65.58	2.76725e-05
65.6	2.7687e-05
65.62	2.77016e-05
65.64	2.77162e-05
65.66	2.77308e-05
65.68	2.77454e-05
65.7	2.776e-05
65.72	2.77746e-05
65.74	2.77892e-05
65.76	2.78038e-05
65.78	2.78184e-05
65.8	2.78331e-05
65.82	2.78477e-05
65.84	2.78624e-05
65.86	2.78771e-05
65.88	2.78917e-05
65.9	2.79064e-05
65.92	2.79211e-05
65.94	2.79358e-05
65.96	2.79505e-05
65.98	2.79653e-05
66	2.798e-05
66.02	2.79947e-05
66.04	2.80095e-05
66.06	2.80243e-05
66.08	2.80391e-05
66.1	2.80538e-05
66.12	2.80686e-05
66.14	2.80835e-05
66.16	2.80983e-05
66.18	2.81131e-05
66.2	2.8128e-05
66.22	2.81428e-05
66.24	2.81577e-05
66.26	2.81726e-05
66.28	2.81875e-05
66.3	2.82024e-05
66.32	2.82174e-05
66.34	2.82323e-05
66.36	2.82473e-05
66.38	2.82622e-05
66.4	2.82772e-05
66.42	2.82922e-05
66.44	2.83073e-05
66.46	2.83223e-05
66.48	2.83373e-05
66.5	2.83524e-05
66.52	2.83675e-05
66.54	2.83826e-05
66.56	2.83977e-05
66.58	2.84128e-05
66.6	2.8428e-05
66.62	2.84431e-05
66.64	2.84583e-05
66.66	2.84735e-05
66.68	2.84888e-05
66.7	2.8504e-05
66.72	2.85192e-05
66.74	2.85345e-05
66.76	2.85498e-05
66.78	2.85651e-05
66.8	2.85805e-05
66.82	2.85958e-05
66.84	2.86112e-05
66.86	2.86266e-05
66.88	2.8642e-05
66.9	2.86574e-05
66.92	2.86729e-05
66.94	2.86883e-05
66.96	2.87038e-05
66.98	2.87194e-05
67	2.87349e-05
67.02	2.87505e-05
67.04	2.8766e-05
67.06	2.87817e-05
67.08	2.87973e-05
67.1	2.88129e-05
67.12	2.88286e-05
67.14	2.88443e-05
67.16	2.886e-05
67.18	2.88758e-05
67.2	2.88916e-05
67.22	2.89074e-05
67.24	2.89232e-05
67.26	2.89391e-05
67.28	2.89549e-05
67.3	2.89708e-05
67.32	2.89868e-05
67.34	2.90027e-05
67.36	2.90187e-05
67.38	2.90347e-05
67.4	2.90508e-05
67.42	2.90668e-05
67.44	2.90829e-05
67.46	2.9099e-05
67.48	2.91152e-05
67.5	2.91314e-05
67.52	2.91476e-05
67.54	2.91638e-05
67.56	2.91801e-05
67.58	2.91964e-05
67.6	2.92127e-05
67.62	2.92291e-05
67.64	2.92455e-05
67.66	2.92619e-05
67.68	2.92784e-05
67.7	2.92949e-05
67.72	2.93114e-05
67.74	2.9328e-05
67.76	2.93446e-05
67.78	2.93612e-05
67.8	2.93779e-05
67.82	2.93945e-05
67.84	2.94113e-05
67.86	2.9428e-05
67.88	2.94449e-05
67.9	2.94617e-05
67.92	2.94786e-05
67.94	2.94955e-05
67.96	2.95124e-05
67.98	2.95294e-05
68	2.95464e-05
68.02	2.95635e-05
68.04	2.95806e-05
68.06	2.95978e-05
68.08	2.96149e-05
68.1	2.96322e-05
68.12	2.96494e-05
68.14	2.96667e-05
68.16	2.96841e-05
68.18	2.97015e-05
68.2	2.97189e-05
68.22	2.97364e-05
68.24	2.97539e-05
68.26	2.97715e-05
68.28	2.97891e-05
68.3	2.98067e-05
68.32	2.98244e-05
68.34	2.98421e-05
68.36	2.98599e-05
68.38	2.98778e-05
68.4	2.98956e-05
68.42	2.99136e-05
68.44	2.99315e-05
68.46	2.99496e-05
68.48	2.99676e-05
68.5	2.99858e-05
68.52	3.00039e-05
68.54	3.00222e-05
68.56	3.00404e-05
68.58	3.00588e-05
68.6	3.00772e-05
68.62	3.00956e-05
68.64	3.01141e-05
68.66	3.01326e-05
68.68	3.01512e-05
68.7	3.01699e-05
68.72	3.01886e-05
68.74	3.02073e-05
68.76	3.02261e-05
68.78	3.0245e-05
68.8	3.0264e-05
68.82	3.0283e-05
68.84	3.0302e-05
68.86	3.03211e-05
68.88	3.03403e-05
68.9	3.03595e-05
68.92	3.03788e-05
68.94	3.03982e-05
68.96	3.04176e-05
68.98	3.04371e-05
69	3.04567e-05
69.02	3.04763e-05
69.04	3.0496e-05
69.06	3.05157e-05
69.08	3.05356e-05
69.1	3.05554e-05
69.12	3.05754e-05
69.14	3.05954e-05
69.16	3.06155e-05
69.18	3.06357e-05
69.2	3.0656e-05
69.22	3.06763e-05
69.24	3.06967e-05
69.26	3.07172e-05
69.28	3.07377e-05
69.3	3.07583e-05
69.32	3.0779e-05
69.34	3.07998e-05
69.36	3.08207e-05
69.38	3.08416e-05
69.4	3.08627e-05
69.42	3.08838e-05
69.44	3.0905e-05
69.46	3.09263e-05
69.48	3.09476e-05
69.5	3.09691e-05
69.52	3.09906e-05
69.54	3.10123e-05
69.56	3.1034e-05
69.58	3.10558e-05
69.6	3.10777e-05
69.62	3.10997e-05
69.64	3.11218e-05
69.66	3.1144e-05
69.68	3.11663e-05
69.7	3.11887e-05
69.72	3.12112e-05
69.74	3.12338e-05
69.76	3.12565e-05
69.78	3.12793e-05
69.8	3.13022e-05
69.82	3.13252e-05
69.84	3.13483e-05
69.86	3.13716e-05
69.88	3.13949e-05
69.9	3.14184e-05
69.92	3.14419e-05
69.94	3.14656e-05
69.96	3.14894e-05
69.98	3.15134e-05
70	3.15374e-05
70.02	3.15616e-05
70.04	3.15859e-05
70.06	3.16104e-05
70.08	3.16349e-05
70.1	3.16596e-05
70.12	3.16844e-05
70.14	3.17094e-05
70.16	3.17345e-05
70.18	3.17597e-05
70.2	3.17851e-05
70.22	3.18106e-05
70.24	3.18363e-05
70.26	3.18621e-05
70.28	3.18881e-05
70.3	3.19142e-05
70.32	3.19405e-05
70.34	3.19669e-05
70.36	3.19935e-05
70.38	3.20203e-05
70.4	3.20472e-05
70.42	3.20744e-05
70.44	3.21016e-05
70.46	3.21291e-05
70.48	3.21567e-05
70.5	3.21845e-05
70.52	3.22125e-05
70.54	3.22407e-05
70.56	3.22691e-05
70.58	3.22977e-05
70.6	3.23264e-05
70.62	3.23554e-05
70.64	3.23846e-05
70.66	3.2414e-05
70.68	3.24436e-05
70.7	3.24735e-05
70.72	3.25035e-05
70.74	3.25338e-05
70.76	3.25643e-05
70.78	3.25951e-05
70.8	3.26261e-05
70.82	3.26574e-05
70.84	3.26889e-05
70.86	3.27206e-05
70.88	3.27527e-05
70.9	3.2785e-05
70.92	3.28176e-05
70.94	3.28504e-05
70.96	3.28836e-05
70.98	3.2917e-05
71	3.29508e-05
71.02	3.29849e-05
71.04	3.30193e-05
71.06	3.3054e-05
71.08	3.30891e-05
71.1	3.31245e-05
71.12	3.31602e-05
71.14	3.31964e-05
71.16	3.32329e-05
71.18	3.32697e-05
71.2	3.3307e-05
71.22	3.33447e-05
71.24	3.33828e-05
71.26	3.34213e-05
71.28	3.34603e-05
71.3	3.34998e-05
71.32	3.35397e-05
71.34	3.358e-05
71.36	3.36209e-05
71.38	3.36623e-05
71.4	3.37043e-05
71.42	3.37468e-05
71.44	3.37898e-05
71.46	3.38335e-05
71.48	3.38778e-05
71.5	3.39227e-05
71.52	3.39682e-05
71.54	3.40145e-05
71.56	3.40615e-05
71.58	3.41092e-05
71.6	3.41576e-05
71.62	3.42069e-05
71.64	3.4257e-05
71.66	3.4308e-05
71.68	3.43599e-05
71.7	3.44128e-05
71.72	3.44666e-05
71.74	3.45215e-05
71.76	3.45775e-05
71.78	3.46347e-05
71.8	3.4693e-05
71.82	3.47527e-05
71.84	3.48137e-05
71.86	3.48761e-05
71.88	3.49401e-05
71.9	3.50056e-05
71.92	3.50729e-05
71.94	3.51419e-05
71.96	3.5213e-05
71.98	3.5286e-05
72	3.53613e-05
72.02	3.5439e-05
72.04	3.55193e-05
72.06	3.56023e-05
72.08	3.56883e-05
72.1	3.57776e-05
72.12	3.58704e-05
72.14	3.59671e-05
72.16	3.60681e-05
72.18	3.61738e-05
72.2	3.62847e-05
72.22	3.64014e-05
72.24	3.65245e-05
72.26	3.6655e-05
72.28	3.67938e-05
72.3	3.6942e-05
72.32	3.7101e-05
72.34	3.72726e-05
72.36	3.74589e-05
72.38	3.76627e-05
72.4	3.78873e-05
72.42	3.81373e-05
72.44	3.84186e-05
72.46	3.87393e-05
72.48	3.91107e-05
72.5	3.95491e-05
72.52	4.0079e-05
72.54	4.07387e-05
72.56	4.15927e-05
72.58	4.27569e-05
72.6	4.44625e-05
72.62	4.72325e-05
72.64	5.24392e-05
72.66	6.39568e-05
72.68	8.94159e-05
72.7	0.000130206
72.72	0.000171351
72.74	0.00019896
72.76	0.000211781
72.78	0.000212788
72.8	0.000202511
72.82	0.000181393
72.84	0.000152681
72.86	0.00012143
72.88	9.22505e-05
72.9	6.79401e-05
72.92	4.94035e-05
72.94	3.61789e-05
72.96	2.71389e-05
72.98	2.10838e-05
73	1.70325e-05
73.02	1.42834e-05
73.04	1.23809e-05
73.06	1.10492e-05
73.08	1.01201e-05
73.1	9.48176e-06
73.12	9.05383e-06
73.14	8.7769e-06
73.16	8.60712e-06
73.18	8.51266e-06
73.2	8.47065e-06
73.22	8.465e-06
73.24	8.4845e-06
73.26	8.52129e-06
73.28	8.56981e-06
73.3	8.62619e-06
73.32	8.68775e-06
73.34	8.75266e-06
73.36	8.81973e-06
73.38	8.8882e-06
73.4	8.95762e-06
73.42	9.02775e-06
73.44	9.09849e-06
73.46	9.16982e-06
73.48	9.24176e-06
73.5	9.31438e-06
73.52	9.38774e-06
73.54	9.46191e-06
73.56	9.53695e-06
73.58	9.6129e-06
73.6	9.6898e-06
73.62	9.76767e-06
73.64	9.84651e-06
73.66	9.92631e-06
73.68	1.00071e-05
73.7	1.00887e-05
73.72	1.01712e-05
73.74	1.02546e-05
73.76	1.03387e-05
73.78	1.04235e-05
73.8	1.0509e-05
73.82	1.05951e-05
73.84	1.06816e-05
73.86	1.07686e-05
73.88	1.08559e-05
73.9	1.09434e-05
73.92	1.10312e-05
73.94	1.11191e-05
73.96	1.1207e-05
73.98	1.12949e-05
74	1.13827e-05
74.02	1.14703e-05
74.04	1.15576e-05
74.06	1.16446e-05
74.08	1.17313e-05
74.1	1.18175e-05
74.12	1.19032e-05
74.14	1.19884e-05
74.16	1.2073e-05
74.18	1.21569e-05
74.2	1.22401e-05
74.22	1.23226e-05
74.24	1.24043e-05
74.26	1.24852e-05
74.28	1.25653e-05
74.3	1.26445e-05
74.32	1.27228e-05
74.34	1.28003e-05
74.36	1.28768e-05
74.38	1.29523e-05
74.4	1.30269e-05
74.42	1.31006e-05
74.44	1.31733e-05
74.46	1.3245e-05
74.48	1.33158e-05
74.5	1.33856e-05
74.52	1.34544e-05
74.54	1.35222e-05
74.56	1.35891e-05
74.58	1.36551e-05
74.6	1.37201e-05
74.62	1.37842e-05
74.64	1.38474e-05
74.66	1.39096e-05
74.68	1.3971e-05
74.7	1.40315e-05
74.72	1.40912e-05
74.74	1.41501e-05
74.76	1.42082e-05
74.78	1.42654e-05
74.8	1.43219e-05
74.82	1.43777e-05
74.84	1.44328e-05
74.86	1.44872e-05
74.88	1.45408e-05
74.9	1.45939e-05
74.92	1.46463e-05
74.94	1.4698e-05
74.96	1.47492e-05
74.98	1.47998e-05
75	1.48498e-05
75.02	1.48993e-05
75.04	1.49483e-05
75.06	1.49968e-05
75.08	1.50448e-05
75.1	1.50923e-05
75.12	1.51393e-05
75.14	1.51859e-05
75.16	1.52321e-05
75.18	1.52779e-05
75.2	1.53233e-05
75.22	1.53683e-05
75.24	1.5413e-05
75.26	1.54573e-05
75.28	1.55012e-05
75.3	1.55448e-05
75.32	1.55882e-05
75.34	1.56312e-05
75.36	1.56739e-05
75.38	1.57163e-05
75.4	1.57584e-05
75.42	1.58003e-05
75.44	1.5842e-05
75.46	1.58833e-05
75.48	1.59245e-05
75.5	1.59654e-05
75.52	1.60061e-05
75.54	1.60466e-05
75.56	1.60868e-05
75.58	1.61269e-05
75.6	1.61667e-05
75.62	1.62064e-05
75.64	1.62459e-05
75.66	1.62852e-05
75.68	1.63244e-05
75.7	1.63633e-05
75.72	1.64021e-05
75.74	1.64408e-05
75.76	1.64793e-05
75.78	1.65176e-05
75.8	1.65558e-05
75.82	1.65938e-05
75.84	1.66317e-05
75.86	1.66695e-05
75.88	1.67071e-05
75.9	1.67446e-05
75.92	1.6782e-05
75.94	1.68192e-05
75.96	1.68563e-05
75.98	1.68933e-05
76	1.69302e-05
76.02	1.6967e-05
76.04	1.70036e-05
76.06	1.70401e-05
76.08	1.70766e-05
76.1	1.71129e-05
76.12	1.71491e-05
76.14	1.71852e-05
76.16	1.72211e-05
76.18	1.7257e-05
76.2	1.72928e-05
76.22	1.73285e-05
76.24	1.7364e-05
76.26	1.73995e-05
76.28	1.74349e-05
76.3	1.74702e-05
76.32	1.75053e-05
76.34	1.75404e-05
76.36	1.75754e-05
76.38	1.76103e-05
76.4	1.76451e-05
76.42	1.76798e-05
76.44	1.77144e-05
76.46	1.77489e-05
76.48	1.77833e-05
76.5	1.78177e-05
76.52	1.78519e-05
76.54	1.7886e-05
76.56	1.79201e-05
76.58	1.7954e-05
76.6	1.79879e-05
76.62	1.80217e-05
76.64	1.80554e-05
76.66	1.8089e-05
76.68	1.81225e-05
76.7	1.81559e-05
76.72	1.81893e-05
76.74	1.82225e-05
76.76	1.82557e-05
76.78	1.82887e-05
76.8	1.83217e-05
76.82	1.83546e-05
76.84	1.83874e-05
76.86	1.84202e-05
76.88	1.84528e-05
76.9	1.84853e-05
76.92	1.85178e-05
76.94	1.85502e-05
76.96	1.85825e-05
76.98	1.86146e-05
77	1.86468e-05
77.02	1.86788e-05
77.04	1.87107e-05
77.06	1.87426e-05
77.08	1.87743e-05
77.1	1.8806e-05
77.12	1.88376e-05
77.14	1.88691e-05
77.16	1.89005e-05
77.18	1.89319e-05
77.2	1.89631e-05
77.22	1.89943e-05
77.24	1.90254e-05
77.26	1.90563e-05
77.28	1.90872e-05
77.3	1.91181e-05
77.32	1.91488e-05
77.34	1.91794e-05
77.36	1.921e-05
77.38	1.92405e-05
77.4	1.92709e-05
77.42	1.93012e-05
77.44	1.93314e-05
77.46	1.93615e-05
77.48	1.93916e-05
77.5	1.94215e-05
77.52	1.94514e-05
77.54	1.94812e-05
77.56	1.95109e-05
77.58	1.95405e-05
77.6	1.957e-05
77.62	1.95995e-05
77.64	1.96289e-05
77.66	1.96581e-05
77.68	1.96873e-05
77.7	1.97165e-05
77.72	1.97455e-05
77.74	1.97744e-05
77.76	1.98033e-05
77.78	1.98321e-05
77.8	1.98608e-05
77.82	1.98894e-05
77.84	1.99179e-05
77.86	1.99463e-05
77.88	1.99747e-05
77.9	2.0003e-05
77.92	2.00312e-05
77.94	2.00593e-05
77.96	2.00873e-05
77.98	2.01153e-05
78	2.01431e-05
78.02	2.01709e-05
78.04	2.01986e-05
78.06	2.02262e-05
78.08	2.02537e-05
78.1	2.02812e-05
78.12	2.03086e-05
78.14	2.03359e-05
78.16	2.03631e-05
78.18	2.03902e-05
78.2	2.04172e-05
78.22	2.04442e-05
78.24	2.04711e-05
78.26	2.04979e-05
78.28	2.05246e-05
78.3	2.05513e-05
78.32	2.05778e-05
78.34	2.06043e-05
78.36	2.06307e-05
78.38	2.06571e-05
78.4	2.06833e-05
78.42	2.07095e-05
78.44	2.07356e-05
78.46	2.07616e-05
78.48	2.07875e-05
78.5	2.08134e-05
78.52	2.08392e-05
78.54	2.08649e-05
78.56	2.08905e-05
78.58	2.09161e-05
78.6	2.09416e-05
78.62	2.0967e-05
78.64	2.09923e-05
78.66	2.10175e-05
78.68	2.10427e-05
78.7	2.10678e-05
78.72	2.10928e-05
78.74	2.11178e-05
78.76	2.11427e-05
78.78	2.11675e-05
78.8	2.11922e-05
78.82	2.12168e-05
78.84	2.12414e-05
78.86	2.12659e-05
78.88	2.12904e-05
78.9	2.13147e-05
78.92	2.1339e-05
78.94	2.13632e-05
78.96	2.13874e-05
78.98	2.14114e-05
79	2.14355e-05
79.02	2.14594e-05
79.04	2.14832e-05
79.06	2.1507e-05
79.08	2.15308e-05
79.1	2.15544e-05
79.12	2.1578e-05
79.14	2.16015e-05
79.16	2.1625e-05
79.18	2.16483e-05
79.2	2.16716e-05
79.22	2.16949e-05
79.24	2.1718e-05
79.26	2.17411e-05
79.28	2.17642e-05
79.3	2.17872e-05
79.32	2.18101e-05
79.34	2.18329e-05
79.36	2.18557e-05
79.38	2.18784e-05
79.4	2.1901e-05
79.42	2.19236e-05
79.44	2.19461e-05
79.46	2.19685e-05
79.48	2.19909e-05
79.5	2.20132e-05
79.52	2.20355e-05
79.54	2.20577e-05
79.56	2.20798e-05
79.58	2.21018e-05
79.6	2.21238e-05
79.62	2.21458e-05
79.64	2.21677e-05
79.66	2.21895e-05
79.68	2.22112e-05
79.7	2.22329e-05
79.72	2.22545e-05
79.74	2.22761e-05
79.76	2.22976e-05
79.78	2.23191e-05
79.8	2.23404e-05
79.82	2.23618e-05
79.84	2.2383e-05
79.86	2.24043e-05
79.88	2.24254e-05
79.9	2.24465e-05
79.92	2.24675e-05
79.94	2.24885e-05
79.96	2.25094e-05
79.98	2.25303e-05
80	2.25511e-05
80.02	2.25719e-05
80.04	2.25926e-05
80.06	2.26132e-05
80.08	2.26338e-05
80.1	2.26543e-05
80.12	2.26748e-05
80.14	2.26952e-05
80.16	2.27156e-05
80.18	2.27359e-05
80.2	2.27561e-05
80.22	2.27763e-05
80.24	2.27965e-05
80.26	2.28166e-05
80.28	2.28366e-05
80.3	2.28566e-05
80.32	2.28765e-05
80.34	2.28964e-05
80.36	2.29162e-05
80.38	2.2936e-05
80.4	2.29557e-05
80.42	2.29754e-05
80.44	2.2995e-05
80.46	2.30146e-05
80.48	2.30341e-05
80.5	2.30536e-05
80.52	2.3073e-05
80.54	2.30924e-05
80.56	2.31117e-05
80.58	2.3131e-05
80.6	2.31502e-05
80.62	2.31694e-05
80.64	2.31885e-05
80.66	2.32076e-05
80.68	2.32266e-05
80.7	2.32456e-05
80.72	2.32645e-05
80.74	2.32834e-05
80.76	2.33022e-05
80.78	2.3321e-05
80.8	2.33398e-05
80.82	2.33585e-05
80.84	2.33771e-05
80.86	2.33957e-05
80.88	2.34143e-05
80.9	2.34328e-05
80.92	2.34513e-05
80.94	2.34697e-05
80.96	2.34881e-05
80.98	2.35064e-05
81	2.35247e-05
81.02	2.3543e-05
81.04	2.35612e-05
81.06	2.35793e-05
81.08	2.35975e-05
81.1	2.36155e-05
81.12	2.36336e-05
81.14	2.36516e-05
81.16	2.36695e-05
81.18	2.36874e-05
81.2	2.37053e-05
81.22	2.37231e-05
81.24	2.37409e-05
81.26	2.37587e-05
81.28	2.37764e-05
81.3	2.3794e-05
81.32	2.38117e-05
81.34	2.38293e-05
81.36	2.38468e-05
81.38	2.38643e-05
81.4	2.38818e-05
81.42	2.38992e-05
81.44	2.39166e-05
81.46	2.39339e-05
81.48	2.39512e-05
81.5	2.39685e-05
81.52	2.39858e-05
81.54	2.4003e-05
81.56	2.40201e-05
81.58	2.40372e-05
81.6	2.40543e-05
81.62	2.40714e-05
81.64	2.40884e-05
81.66	2.41054e-05
81.68	2.41223e-05
81.7	2.41392e-05
81.72	2.41561e-05
81.74	2.41729e-05
81.76	2.41897e-05
81.78	2.42065e-05
81.8	2.42232e-05
81.82	2.42399e-05
81.84	2.42566e-05
81.86	2.42732e-05
81.88	2.42898e-05
81.9	2.43063e-05
81.92	2.43229e-05
81.94	2.43394e-05
81.96	2.43558e-05
81.98	2.43723e-05
82	2.43886e-05
82.02	2.4405e-05
82.04	2.44213e-05
82.06	2.44376e-05
82.08	2.44539e-05
82.1	2.44701e-05
82.12	2.44863e-05
82.14	2.45025e-05
82.16	2.45187e-05
82.18	2.45348e-05
82.2	2.45508e-05
82.22	2.45669e-05
82.24	2.45829e-05
82.26	2.45989e-05
82.28	2.46149e-05
82.3	2.46308e-05
82.32	2.46467e-05
82.34	2.46626e-05
82.36	2.46784e-05
82.38	2.46942e-05
82.4	2.471e-05
82.42	2.47258e-05
82.44	2.47415e-05
82.46	2.47572e-05
82.48	2.47729e-05
82.5	2.47885e-05
82.52	2.48041e-05
82.54	2.48197e-05
82.56	2.48353e-05
82.58	2.48508e-05
82.6	2.48663e-05
82.62	2.48818e-05
82.64	2.48973e-05
82.66	2.49127e-05
82.68	2.49281e-05
82.7	2.49435e-05
82.72	2.49589e-05
82.74	2.49742e-05
82.76	2.49895e-05
82.78	2.50048e-05
82.8	2.50201e-05
82.82	2.50353e-05
82.84	2.50505e-05
82.86	2.50657e-05
82.88	2.50808e-05
82.9	2.5096e-05
82.92	2.51111e-05
82.94	2.51262e-05
82.96	2.51412e-05
82.98	2.51563e-05
83	2.51713e-05
83.02	2.51863e-05
83.04	2.52013e-05
83.06	2.52162e-05
83.08	2.52312e-05
83.1	2.52461e-05
83.12	2.5261e-05
83.14	2.52758e-05
83.16	2.52907e-05
83.18	2.53055e-05
83.2	2.53203e-05
83.22	2.53351e-05
83.24	2.53498e-05
83.26	2.53646e-05
83.28	2.53793e-05
83.3	2.5394e-05
83.32	2.54087e-05
83.34	2.54233e-05
83.36	2.5438e-05
83.38	2.54526e-05
83.4	2.54672e-05
83.42	2.54818e-05
83.44	2.54964e-05
83.46	2.55109e-05
83.48	2.55254e-05
83.5	2.554e-05
83.52	2.55545e-05
83.54	2.55689e-05
83.56	2.55834e-05
83.58	2.55978e-05
83.6	2.56123e-05
83.62	2.56267e-05
83.64	2.56411e-05
83.66	2.56554e-05
83.68	2.56698e-05
83.7	2.56841e-05
83.72	2.56984e-05
83.74	2.57128e-05
83.76	2.5727e-05
83.78	2.57413e-05
83.8	2.57556e-05
83.82	2.57698e-05
83.84	2.57841e-05
83.86	2.57983e-05
83.88	2.58125e-05
83.9	2.58267e-05
83.92	2.58408e-05
83.94	2.5855e-05
83.96	2.58691e-05
83.98	2.58833e-05
84	2.58974e-05
84.02	2.59115e-05
84.04	2.59256e-05
84.06	2.59396e-05
84.08	2.59537e-05
84.1	2.59677e-05
84.12	2.59818e-05
84.14	2.59958e-05
84.16	2.60098e-05
84.18	2.60238e-05
84.2	2.60378e-05
84.22	2.60518e-05
84.24	2.60657e-05
84.26	2.60797e-05
84.28	2.60936e-05
84.3	2.61075e-05
84.32	2.61215e-05
84.34	2.61354e-05
84.36	2.61493e-05
84.38	2.61631e-05
84.4	2.6177e-05
84.42	2.61909e-05
84.44	2.62047e-05
84.46	2.62186e-05
84.48	2.62324e-05
84.5	2.62462e-05
84.52	2.62601e-05
84.54	2.62739e-05
84.56	2.62877e-05
84.58	2.63014e-05
84.6	2.63152e-05
84.62	2.6329e-05
84.64	2.63428e-05
84.66	2.63565e-05
84.68	2.63703e-05
84.7	2.6384e-05
84.72	2.63977e-05
84.74	2.64115e-05
84.76	2.64252e-05
84.78	2.64389e-05
84.8	2.64526e-05
84.82	2.64663e-05
84.84	2.648e-05
84.86	2.64936e-05
84.88	2.65073e-05
84.9	2.6521e-05
84.92	2.65346e-05
84.94	2.65483e-05
84.96	2.6562e-05
84.98	2.65756e-05
85	2.65892e-05
85.02	2.66029e-05
85.04	2.66165e-05
85.06	2.66301e-05
85.08	2.66437e-05
85.1	2.66574e-05
85.12	2.6671e-05
85.14	2.66846e-05
85.16	2.66982e-05
85.18	2.67118e-05
85.2	2.67254e-05
85.22	2.6739e-05
85.24	2.67526e-05
85.26	2.67661e-05
85.28	2.67797e-05
85.3	2.67933e-05
85.32	2.68069e-05
85.34	2.68204e-05
85.36	2.6834e-05
85.38	2.68476e-05
85.4	2.68611e-05
85.42	2.68747e-05
85.44	2.68883e-05
85.46	2.69018e-05
85.48	2.69154e-05
85.5	2.69289e-05
85.52	2.69425e-05
85.54	2.69561e-05
85.56	2.69696e-05
85.58	2.69832e-05
85.6	2.69967e-05
85.62	2.70103e-05
85.64	2.70238e-05
85.66	2.70374e-05
85.68	2.70509e-05
85.7	2.70645e-05
85.72	2.7078e-05
85.74	2.70916e-05
85.76	2.71051e-05
85.78	2.71187e-05
85.8	2.71322e-05
85.82	2.71458e-05
85.84	2.71594e-05
85.86	2.71729e-05
85.88	2.71865e-05
85.9	2.72e-05
85.92	2.72136e-05
85.94	2.72272e-05
85.96	2.72407e-05
85.98	2.72543e-05
86	2.72679e-05
86.02	2.72815e-05
86.04	2.72951e-05
86.06	2.73086e-05
86.08	2.73222e-05
86.1	2.73358e-05
86.12	2.73494e-05
86.14	2.7363e-05
86.16	2.73766e-05
86.18	2.73902e-05
86.2	2.74038e-05
86.22	2.74175e-05
86.24	2.74311e-05
86.26	2.74447e-05
86.28	2.74583e-05
86.3	2.7472e-05
86.32	2.74856e-05
86.34	2.74993e-05
86.36	2.75129e-05
86.38	2.75266e-05
86.4	2.75403e-05
86.42	2.75539e-05
86.44	2.75676e-05
86.46	2.75813e-05
86.48	2.7595e-05
86.5	2.76087e-05
86.52	2.76224e-05
86.54	2.76361e-05
86.56	2.76498e-05
86.58	2.76636e-05
86.6	2.76773e-05
86.62	2.76911e-05
86.64	2.77048e-05
86.66	2.77186e-05
86.68	2.77324e-05
86.7	2.77461e-05
86.72	2.77599e-05
86.74	2.77737e-05
86.76	2.77875e-05
86.78	2.78014e-05
86.8	2.78152e-05
86.82	2.7829e-05
86.84	2.78429e-05
86.86	2.78567e-05
86.88	2.78706e-05
86.9	2.78845e-05
86.92	2.78984e-05
86.94	2.79123e-05
86.96	2.79262e-05
86.98	2.79401e-05
87	2.79541e-05
87.02	2.7968e-05
87.04	2.7982e-05
87.06	2.79959e-05
87.08	2.80099e-05
87.1	2.80239e-05
87.12	2.80379e-05
87.14	2.8052e-05
87.16	2.8066e-05
87.18	2.808e-05
87.2	2.80941e-05
87.22	2.81082e-05
87.24	2.81223e-05
87.26	2.81364e-05
87.28	2.81505e-05
87.3	2.81646e-05
87.32	2.81788e-05
87.34	2.8193e-05
87.36	2.82071e-05
87.38	2.82213e-05
87.4	2.82355e-05
87.42	2.82498e-05
87.44	2.8264e-05
87.46	2.82783e-05
87.48	2.82925e-05
87.5	2.83068e-05
87.52	2.83211e-05
87.54	2.83355e-05
87.56	2.83498e-05
87.58	2.83642e-05
87.6	2.83786e-05
87.62	2.8393e-05
87.64	2.84074e-05
87.66	2.84218e-05
87.68	2.84363e-05
87.7	2.84507e-05
87.72	2.84652e-05
87.74	2.84797e-05
87.76	2.84943e-05
87.78	2.85088e-05
87.8	2.85234e-05
87.82	2.8538e-05
87.84	2.85526e-05
87.86	2.85672e-05
87.88	2.85819e-05
87.9	2.85965e-05
87.92	2.86112e-05
87.94	2.86259e-05
87.96	2.86407e-05
87.98	2.86554e-05
88	2.86702e-05
88.02	2.8685e-05
88.04	2.86999e-05
88.06	2.87147e-05
88.08	2.87296e-05
88.1	2.87445e-05
88.12	2.87594e-05
88.14	2.87744e-05
88.16	2.87893e-05
88.18	2.88043e-05
88.2	2.88193e-05
88.22	2.88344e-05
88.24	2.88495e-05
88.26	2.88646e-05
88.28	2.88797e-05
88.3	2.88948e-05
88.32	2.891e-05
88.34	2.89252e-05
88.36	2.89404e-05
88.38	2.89557e-05
88.4	2.8971e-05
88.42	2.89863e-05
88.44	2.90016e-05
88.46	2.9017e-05
88.48	2.90324e-05
88.5	2.90478e-05
88.52	2.90633e-05
88.54	2.90788e-05
88.56	2.90943e-05
88.58	2.91098e-05
88.6	2.91254e-05
88.62	2.9141e-05
88.64	2.91566e-05
88.66	2.91723e-05
88.68	2.9188e-05
88.7	2.92037e-05
88.72	2.92195e-05
88.74	2.92353e-05
88.76	2.92511e-05
88.78	2.9267e-05
88.8	2.92829e-05
88.82	2.92988e-05
88.84	2.93148e-05
88.86	2.93308e-05
88.88	2.93469e-05
88.9	2.93629e-05
88.92	2.9379e-05
88.94	2.93952e-05
88.96	2.94114e-05
88.98	2.94276e-05
89	2.94438e-05
89.02	2.94601e-05
89.04	2.94765e-05
89.06	2.94928e-05
89.08	2.95092e-05
89.1	2.95257e-05
89.12	2.95422e-05
89.14	2.95587e-05
89.16	2.95753e-05
89.18	2.95919e-05
89.2	2.96085e-05
89.22	2.96252e-05
89.24	2.9642e-05
89.26	2.96587e-05
89.28	2.96755e-05
89.3	2.96924e-05
89.32	2.97093e-05
89.34	2.97263e-05
89.36	2.97433e-05
89.38	2.97603e-05
89.4	2.97774e-05
89.42	2.97945e-05
89.44	2.98117e-05
89.46	2.98289e-05
89.48	2.98462e-05
89.5	2.98635e-05
89.52	2.98809e-05
89.54	2.98983e-05
89.56	2.99157e-05
89.58	2.99332e-05
89.6	2.99508e-05
89.62	2.99684e-05
89.64	2.99861e-05
89.66	3.00038e-05
89.68	3.00216e-05
89.7	3.00394e-05
89.72	3.00573e-05
89.74	3.00752e-05
89.76	3.00932e-05
89.78	3.01112e-05
89.8	3.01293e-05
89.82	3.01474e-05
89.84	3.01656e-05
89.86	3.01839e-05
89.88	3.02022e-05
89.9	3.02206e-05
89.92	3.0239e-05
89.94	3.02575e-05
89.96	3.02761e-05
89.98	3.02947e-05
90	3.03134e-05
90.02	3.03321e-05
90.04	3.03509e-05
90.06	3.03698e-05
90.08	3.03887e-05
90.1	3.04077e-05
90.12	3.04268e-05
90.14	3.04459e-05
90.16	3.04651e-05
90.18	3.04844e-05
90.2	3.05037e-05
90.22	3.05231e-05
90.24	3.05426e-05
90.26	3.05621e-05
90.28	3.05817e-05
90.3	3.06014e-05
90.32	3.06212e-05
90.34	3.0641e-05
90.36	3.06609e-05
90.38	3.06809e-05
90.4	3.0701e-05
90.42	3.07211e-05
90.44	3.07413e-05
90.46	3.07616e-05
90.48	3.0782e-05
90.5	3.08024e-05
90.52	3.0823e-05
90.54	3.08436e-05
90.56	3.08643e-05
90.58	3.08851e-05
90.6	3.0906e-05
90.62	3.09269e-05
90.64	3.0948e-05
90.66	3.09691e-05
90.68	3.09904e-05
90.7	3.10117e-05
90.72	3.10331e-05
90.74	3.10546e-05
90.76	3.10762e-05
90.78	3.10979e-05
90.8	3.11197e-05
90.82	3.11416e-05
90.84	3.11636e-05
90.86	3.11857e-05
90.88	3.12079e-05
90.9	3.12302e-05
90.92	3.12526e-05
90.94	3.12751e-05
90.96	3.12977e-05
90.98	3.13205e-05
91	3.13433e-05
91.02	3.13663e-05
91.04	3.13894e-05
91.06	3.14125e-05
91.08	3.14358e-05
91.1	3.14593e-05
91.12	3.14828e-05
91.14	3.15065e-05
91.16	3.15303e-05
91.18	3.15542e-05
91.2	3.15782e-05
91.22	3.16024e-05
91.24	3.16267e-05
91.26	3.16511e-05
91.28	3.16757e-05
91.3	3.17004e-05
91.32	3.17253e-05
91.34	3.17503e-05
91.36	3.17754e-05
91.38	3.18007e-05
91.4	3.18261e-05
91.42	3.18517e-05
91.44	3.18774e-05
91.46	3.19033e-05
91.48	3.19294e-05
91.5	3.19556e-05
91.52	3.19819e-05
91.54	3.20085e-05
91.56	3.20352e-05
91.58	3.20621e-05
91.6	3.20891e-05
91.62	3.21163e-05
91.64	3.21438e-05
91.66	3.21714e-05
91.68	3.21992e-05
91.7	3.22271e-05
91.72	3.22553e-05
91.74	3.22837e-05
91.76	3.23122e-05
91.78	3.2341e-05
91.8	3.237e-05
91.82	3.23992e-05
91.84	3.24286e-05
91.86	3.24583e-05
91.88	3.24881e-05
91.9	3.25182e-05
91.92	3.25486e-05
91.94	3.25792e-05
91.96	3.261e-05
91.98	3.26411e-05
92	3.26724e-05
92.02	3.2704e-05
92.04	3.27358e-05
92.06	3.2768e-05
92.08	3.28004e-05
92.1	3.28331e-05
92.12	3.28661e-05
92.14	3.28994e-05
92.16	3.2933e-05
92.18	3.29669e-05
92.2	3.30012e-05
92.22	3.30358e-05
92.24	3.30707e-05
92.26	3.31059e-05
92.28	3.31416e-05
92.3	3.31775e-05
92.32	3.32139e-05
92.34	3.32507e-05
92.36	3.32878e-05
92.38	3.33254e-05
92.4	3.33633e-05
92.42	3.34018e-05
92.44	3.34406e-05
92.46	3.34799e-05
92.48	3.35197e-05
92.5	3.356e-05
92.52	3.36008e-05
92.54	3.36421e-05
92.56	3.36839e-05
92.58	3.37263e-05
92.6	3.37693e-05
92.62	3.38129e-05
92.64	3.38571e-05
92.66	3.39019e-05
92.68	3.39474e-05
92.7	3.39936e-05
92.72	3.40405e-05
92.74	3.40881e-05
92.76	3.41365e-05
92.78	3.41857e-05
92.8	3.42358e-05
92.82	3.42867e-05
92.84	3.43386e-05
92.86	3.43914e-05
92.88	3.44452e-05
92.9	3.45001e-05
92.92	3.4556e-05
92.94	3.46132e-05
92.96	3.46715e-05
92.98	3.47311e-05
93	3.47921e-05
93.02	3.48546e-05
93.04	3.49185e-05
93.06	3.49841e-05
93.08	3.50513e-05
93.1	3.51204e-05
93.12	3.51915e-05
93.14	3.52646e-05
93.16	3.53399e-05
93.18	3.54176e-05
93.2	3.54979e-05
93.22	3.5581e-05
93.24	3.5667e-05
93.26	3.57564e-05
93.28	3.58493e-05
93.3	3.59461e-05
93.32	3.60471e-05
93.34	3.61529e-05
93.36	3.62639e-05
93.38	3.63806e-05
93.4	3.65039e-05
93.42	3.66345e-05
93.44	3.67733e-05
93.46	3.69216e-05
93.48	3.70807e-05
93.5	3.72524e-05
93.52	3.74388e-05
93.54	3.76427e-05
93.56	3.78673e-05
93.58	3.81173e-05
93.6	3.83986e-05
93.62	3.87193e-05
93.64	3.90905e-05
93.66	3.95287e-05
93.68	4.00581e-05
93.7	4.07171e-05
93.72	4.157e-05
93.74	4.27324e-05
93.76	4.44349e-05
93.78	4.71999e-05
93.8	5.2399e-05
93.82	6.39192e-05
93.84	8.94716e-05
93.86	0.000130555
93.88	0.000172068
93.9	0.000199943
93.92	0.000212924
93.94	0.000214013
93.96	0.000203705
93.98	0.000182423
94	0.000153458
94.02	0.000121938
94.04	9.25329e-05
94.06	6.80633e-05
94.08	4.94321e-05
94.1	3.61602e-05
94.12	2.71008e-05
94.14	2.10408e-05
94.16	1.69909e-05
94.18	1.42453e-05
94.2	1.23466e-05
94.22	1.10185e-05
94.24	1.00924e-05
94.26	9.45654e-06
94.28	9.03063e-06
94.3	8.75527e-06
94.32	8.58668e-06
94.34	8.49311e-06
94.36	8.45174e-06
94.38	8.44653e-06
94.4	8.46633e-06
94.42	8.50328e-06
94.44	8.55189e-06
94.46	8.60829e-06
94.48	8.6698e-06
94.5	8.73464e-06
94.52	8.8016e-06
94.54	8.86993e-06
94.56	8.93919e-06
94.58	9.00915e-06
94.6	9.0797e-06
94.62	9.15083e-06
94.64	9.22258e-06
94.66	9.29499e-06
94.68	9.36814e-06
94.7	9.4421e-06
94.72	9.51693e-06
94.74	9.59267e-06
94.76	9.66936e-06
94.78	9.74702e-06
94.8	9.82565e-06
94.82	9.90525e-06
94.84	9.98579e-06
94.86	1.00672e-05
94.88	1.01496e-05
94.9	1.02327e-05
94.92	1.03167e-05
94.94	1.04013e-05
94.96	1.04866e-05
94.98	1.05724e-05
95	1.06587e-05
95.02	1.07455e-05
95.04	1.08326e-05
95.06	1.092e-05
95.08	1.10076e-05
95.1	1.10953e-05
95.12	1.1183e-05
95.14	1.12707e-05
95.16	1.13583e-05
95.18	1.14457e-05
95.2	1.15329e-05
95.22	1.16198e-05
95.24	1.17062e-05
95.26	1.17923e-05
95.28	1.18778e-05
95.3	1.19628e-05
95.32	1.20472e-05
95.34	1.21309e-05
95.36	1.2214e-05
95.38	1.22963e-05
95.4	1.23778e-05
95.42	1.24586e-05
95.44	1.25385e-05
95.46	1.26175e-05
95.48	1.26957e-05
95.5	1.27729e-05
95.52	1.28492e-05
95.54	1.29246e-05
95.56	1.29991e-05
95.58	1.30725e-05
95.6	1.31451e-05
95.62	1.32166e-05
95.64	1.32872e-05
95.66	1.33568e-05
95.68	1.34254e-05
95.7	1.34931e-05
95.72	1.35598e-05
95.74	1.36256e-05
95.76	1.36905e-05
95.78	1.37544e-05
95.8	1.38174e-05
95.82	1.38794e-05
95.84	1.39407e-05
95.86	1.4001e-05
95.88	1.40605e-05
95.9	1.41192e-05
95.92	1.41771e-05
95.94	1.42342e-05
95.96	1.42905e-05
95.98	1.43461e-05
96	1.4401e-05
96.02	1.44552e-05
96.04	1.45087e-05
96.06	1.45615e-05
96.08	1.46137e-05
96.1	1.46653e-05
96.12	1.47163e-05
96.14	1.47667e-05
96.16	1.48166e-05
96.18	1.48659e-05
96.2	1.49147e-05
96.22	1.4963e-05
96.24	1.50108e-05
96.26	1.50581e-05
96.28	1.5105e-05
96.3	1.51514e-05
96.32	1.51974e-05
96.34	1.5243e-05
96.36	1.52883e-05
96.38	1.53331e-05
96.4	1.53776e-05
96.42	1.54217e-05
96.44	1.54655e-05
96.46	1.55089e-05
96.48	1.55521e-05
96.5	1.55949e-05
96.52	1.56374e-05
96.54	1.56797e-05
96.56	1.57217e-05
96.58	1.57634e-05
96.6	1.58048e-05
96.62	1.58461e-05
96.64	1.5887e-05
96.66	1.59278e-05
96.68	1.59683e-05
96.7	1.60086e-05
96.72	1.60487e-05
96.74	1.60886e-05
96.76	1.61283e-05
96.78	1.61678e-05
96.8	1.62072e-05
96.82	1.62463e-05
96.84	1.62853e-05
96.86	1.63241e-05
96.88	1.63628e-05
96.9	1.64013e-05
96.92	1.64396e-05
96.94	1.64778e-05
96.96	1.65158e-05
96.98	1.65537e-05
97	1.65915e-05
97.02	1.66291e-05
97.04	1.66665e-05
97.06	1.67039e-05
97.08	1.67411e-05
97.1	1.67782e-05
97.12	1.68152e-05
97.14	1.6852e-05
97.16	1.68888e-05
97.18	1.69254e-05
97.2	1.69619e-05
97.22	1.69983e-05
97.24	1.70345e-05
97.26	1.70707e-05
97.28	1.71068e-05
97.3	1.71427e-05
97.32	1.71786e-05
97.34	1.72143e-05
97.36	1.72499e-05
97.38	1.72855e-05
97.4	1.73209e-05
97.42	1.73562e-05
97.44	1.73915e-05
97.46	1.74266e-05
97.48	1.74617e-05
97.5	1.74966e-05
97.52	1.75315e-05
97.54	1.75662e-05
97.56	1.76009e-05
97.58	1.76354e-05
97.6	1.76699e-05
97.62	1.77043e-05
97.64	1.77386e-05
97.66	1.77728e-05
97.68	1.78069e-05
97.7	1.78409e-05
97.72	1.78748e-05
97.74	1.79087e-05
97.76	1.79424e-05
97.78	1.79761e-05
97.8	1.80096e-05
97.82	1.80431e-05
97.84	1.80765e-05
97.86	1.81098e-05
97.88	1.8143e-05
97.9	1.81761e-05
97.92	1.82092e-05
97.94	1.82421e-05
97.96	1.8275e-05
97.98	1.83078e-05
98	1.83404e-05
98.02	1.8373e-05
98.04	1.84056e-05
98.06	1.8438e-05
98.08	1.84703e-05
98.1	1.85026e-05
98.12	1.85347e-05
98.14	1.85668e-05
98.16	1.85988e-05
98.18	1.86307e-05
98.2	1.86625e-05
98.22	1.86943e-05
98.24	1.87259e-05
98.26	1.87575e-05
98.28	1.8789e-05
98.3	1.88204e-05
98.32	1.88517e-05
98.34	1.88829e-05
98.36	1.8914e-05
98.38	1.89451e-05
98.4	1.8976e-05
98.42	1.90069e-05
98.44	1.90377e-05
98.46	1.90684e-05
98.48	1.9099e-05
98.5	1.91296e-05
98.52	1.916e-05
98.54	1.91904e-05
98.56	1.92207e-05
98.58	1.92508e-05
98.6	1.9281e-05
98.62	1.9311e-05
98.64	1.93409e-05
98.66	1.93708e-05
98.68	1.94005e-05
98.7	1.94302e-05
98.72	1.94598e-05
98.74	1.94893e-05
98.76	1.95188e-05
98.78	1.95481e-05
98.8	1.95774e-05
98.82	1.96066e-05
98.84	1.96357e-05
98.86	1.96647e-05
98.88	1.96936e-05
98.9	1.97224e-05
98.92	1.97512e-05
98.94	1.97799e-05
98.96	1.98085e-05
98.98	1.9837e-05
99	1.98654e-05
99.02	1.98937e-05
99.04	1.9922e-05
99.06	1.99502e-05
99.08	1.99783e-05
99.1	2.00063e-05
99.12	2.00342e-05
99.14	2.0062e-05
99.16	2.00898e-05
99.18	2.01175e-05
99.2	2.01451e-05
99.22	2.01726e-05
99.24	2.02e-05
99.26	2.02274e-05
99.28	2.02547e-05
99.3	2.02819e-05
99.32	2.0309e-05
99.34	2.0336e-05
99.36	2.0363e-05
99.38	2.03898e-05
99.4	2.04166e-05
99.42	2.04433e-05
99.44	2.047e-05
99.46	2.04965e-05
99.48	2.0523e-05
99.5	2.05494e-05
99.52	2.05757e-05
99.54	2.06019e-05
99.56	2.06281e-05
99.58	2.06542e-05
99.6	2.06802e-05
99.62	2.07061e-05
99.64	2.07319e-05
99.66	2.07577e-05
99.68	2.07834e-05
99.7	2.0809e-05
99.72	2.08346e-05
99.74	2.086e-05
99.76	2.08854e-05
99.78	2.09107e-05
99.8	2.0936e-05
99.82	2.09611e-05
99.84	2.09862e-05
99.86	2.10112e-05
99.88	2.10361e-05
99.9	2.1061e-05
99.92	2.10858e-05
99.94	2.11105e-05
99.96	2.11351e-05
99.98	2.11597e-05
100	2.11842e-05
100.02	2.12086e-05
100.04	2.1233e-05
100.06	2.12572e-05
100.08	2.12815e-05
100.1	2.13056e-05
100.12	2.13296e-05
100.14	2.13536e-05
100.16	2.13775e-05
100.18	2.14014e-05
100.2	2.14252e-05
100.22	2.14489e-05
100.24	2.14725e-05
100.26	2.14961e-05
100.28	2.15196e-05
100.3	2.1543e-05
100.32	2.15664e-05
100.34	2.15897e-05
100.36	2.16129e-05
100.38	2.1636e-05
100.4	2.16591e-05
100.42	2.16821e-05
100.44	2.17051e-05
100.46	2.1728e-05
100.48	2.17508e-05
100.5	2.17736e-05
100.52	2.17962e-05
100.54	2.18189e-05
100.56	2.18414e-05
100.58	2.18639e-05
100.6	2.18863e-05
100.62	2.19087e-05
100.64	2.1931e-05
100.66	2.19532e-05
100.68	2.19754e-05
100.7	2.19975e-05
100.72	2.20196e-05
100.74	2.20415e-05
100.76	2.20635e-05
100.78	2.20853e-05
100.8	2.21071e-05
100.82	2.21288e-05
100.84	2.21505e-05
100.86	2.21721e-05
100.88	2.21937e-05
100.9	2.22152e-05
100.92	2.22366e-05
100.94	2.2258e-05
100.96	2.22793e-05
100.98	2.23005e-05
101	2.23217e-05
101.02	2.23428e-05
101.04	2.23639e-05
101.06	2.23849e-05
101.08	2.24059e-05
101.1	2.24268e-05
101.12	2.24476e-05
101.14	2.24684e-05
101.16	2.24891e-05
101.18	2.25098e-05
101.2	2.25304e-05
101.22	2.2551e-05
101.24	2.25715e-05
101.26	2.2592e-05
101.28	2.26124e-05
101.3	2.26327e-05
101.32	2.2653e-05
101.34	2.26732e-05
101.36	2.26934e-05
101.38	2.27135e-05
101.4	2.27336e-05
101.42	2.27536e-05
101.44	2.27736e-05
101.46	2.27935e-05
101.48	2.28133e-05
101.5	2.28331e-05
101.52	2.28529e-05
101.54	2.28726e-05
101.56	2.28922e-05
101.58	2.29118e-05
101.6	2.29314e-05
101.62	2.29509e-05
101.64	2.29703e-05
101.66	2.29897e-05
101.68	2.30091e-05
101.7	2.30284e-05
101.72	2.30476e-05
101.74	2.30668e-05
101.76	2.3086e-05
101.78	2.31051e-05
101.8	2.31241e-05
101.82	2.31431e-05
101.84	2.31621e-05
101.86	2.3181e-05
101.88	2.31998e-05
101.9	2.32186e-05
101.92	2.32374e-05
101.94	2.32561e-05
101.96	2.32748e-05
101.98	2.32934e-05
102	2.3312e-05
102.02	2.33305e-05
102.04	2.3349e-05
102.06	2.33675e-05
102.08	2.33859e-05
102.1	2.34042e-05
102.12	2.34226e-05
102.14	2.34408e-05
102.16	2.3459e-05
102.18	2.34772e-05
102.2	2.34954e-05
102.22	2.35135e-05
102.24	2.35315e-05
102.26	2.35495e-05
102.28	2.35675e-05
102.3	2.35854e-05
102.32	2.36033e-05
102.34	2.36211e-05
102.36	2.36389e-05
102.38	2.36567e-05
102.4	2.36744e-05
102.42	2.36921e-05
102.44	2.37097e-05
102.46	2.37273e-05
102.48	2.37448e-05
102.5	2.37624e-05
102.52	2.37798e-05
102.54	2.37973e-05
102.56	2.38147e-05
102.58	2.3832e-05
102.6	2.38493e-05
102.62	2.38666e-05
102.64	2.38839e-05
102.66	2.39011e-05
102.68	2.39182e-05
102.7	2.39354e-05
102.72	2.39525e-05
102.74	2.39695e-05
102.76	2.39865e-05
102.78	2.40035e-05
102.8	2.40204e-05
102.82	2.40374e-05
102.84	2.40542e-05
102.86	2.40711e-05
102.88	2.40879e-05
102.9	2.41046e-05
102.92	2.41214e-05
102.94	2.4138e-05
102.96	2.41547e-05
102.98	2.41713e-05
103	2.41879e-05
103.02	2.42045e-05
103.04	2.4221e-05
103.06	2.42375e-05
103.08	2.4254e-05
103.1	2.42704e-05
103.12	2.42868e-05
103.14	2.43031e-05
103.16	2.43194e-05
103.18	2.43357e-05
103.2	2.4352e-05
103.22	2.43682e-05
103.24	2.43844e-05
103.26	2.44006e-05
103.28	2.44167e-05
103.3	2.44328e-05
103.32	2.44489e-05
103.34	2.44649e-05
103.36	2.44809e-05
103.38	2.44969e-05
103.4	2.45129e-05
103.42	2.45288e-05
103.44	2.45447e-05
103.46	2.45605e-05
103.48	2.45764e-05
103.5	2.45922e-05
103.52	2.4608e-05
103.54	2.46237e-05
103.56	2.46394e-05
103.58	2.46551e-05
103.6	2.46708e-05
103.62	2.46864e-05
103.64	2.4702e-05
103.66	2.47176e-05
103.68	2.47331e-05
103.7	2.47486e-05
103.72	2.47641e-05
103.74	2.47796e-05
103.76	2.47951e-05
103.78	2.48105e-05
103.8	2.48259e-05
103.82	2.48412e-05
103.84	2.48566e-05
103.86	2.48719e-05
103.88	2.48872e-05
103.9	2.49024e-05
103.92	2.49177e-05
103.94	2.49329e-05
103.96	2.49481e-05
103.98	2.49632e-05
104	2.49784e-05
104.02	2.49935e-05
104.04	2.50086e-05
104.06	2.50236e-05
104.08	2.50387e-05
104.1	2.50537e-05
104.12	2.50687e-05
104.14	2.50837e-05
104.16	2.50986e-05
104.18	2.51135e-05
104.2	2.51284e-05
104.22	2.51433e-05
104.24	2.51582e-05
104.26	2.5173e-05
104.28	2.51878e-05
104.3	2.52026e-05
104.32	2.52174e-05
104.34	2.52322e-05
104.36	2.52469e-05
104.38	2.52616e-05
104.4	2.52763e-05
104.42	2.5291e-05
104.44	2.53056e-05
104.46	2.53202e-05
104.48	2.53349e-05
104.5	2.53494e-05
104.52	2.5364e-05
104.54	2.53786e-05
104.56	2.53931e-05
104.58	2.54076e-05
104.6	2.54221e-05
104.62	2.54366e-05
104.64	2.5451e-05
104.66	2.54655e-05
104.68	2.54799e-05
104.7	2.54943e-05
104.72	2.55087e-05
104.74	2.55231e-05
104.76	2.55374e-05
104.78	2.55518e-05
104.8	2.55661e-05
104.82	2.55804e-05
104.84	2.55947e-05
104.86	2.56089e-05
104.88	2.56232e-05
104.9	2.56374e-05
104.92	2.56516e-05
104.94	2.56658e-05
104.96	2.568e-05
104.98	2.56942e-05
105	2.57083e-05
105.02	2.57225e-05
105.04	2.57366e-05
105.06	2.57507e-05
105.08	2.57648e-05
105.1	2.57789e-05
105.12	2.5793e-05
105.14	2.5807e-05
105.16	2.58211e-05
105.18	2.58351e-05
105.2	2.58491e-05
105.22	2.58631e-05
105.24	2.58771e-05
105.26	2.58911e-05
105.28	2.5905e-05
105.3	2.5919e-05
105.32	2.59329e-05
105.34	2.59468e-05
105.36	2.59607e-05
105.38	2.59746e-05
105.4	2.59885e-05
105.42	2.60024e-05
105.44	2.60163e-05
105.46	2.60301e-05
105.48	2.60439e-05
105.5	2.60578e-05
105.52	2.60716e-05
105.54	2.60854e-05
105.56	2.60992e-05
105.58	2.6113e-05
105.6	2.61268e-05
105.62	2.61405e-05
105.64	2.61543e-05
105.66	2.6168e-05
105.68	2.61818e-05
105.7	2.61955e-05
105.72	2.62092e-05
105.74	2.62229e-05
105.76	2.62366e-05
105.78	2.62503e-05
105.8	2.6264e-05
105.82	2.62777e-05
105.84	2.62914e-05
105.86	2.6305e-05
105.88	2.63187e-05
105.9	2.63323e-05
105.92	2.63459e-05
105.94	2.63596e-05
105.96	2.63732e-05
105.98	2.63868e-05
106	2.64004e-05
106.02	2.6414e-05
106.04	2.64276e-05
106.06	2.64412e-05
106.08	2.64548e-05
106.1	2.64684e-05
106.12	2.64819e-05
106.14	2.64955e-05
106.16	2.65091e-05
106.18	2.65226e-05
106.2	2.65362e-05
106.22	2.65497e-05
106.24	2.65632e-05
106.26	2.65768e-05
106.28	2.65903e-05
106.3	2.66038e-05
106.32	2.66173e-05
106.34	2.66309e-05
106.36	2.66444e-05
106.38	2.66579e-05
106.4	2.66714e-05
106.42	2.66849e-05
106.44	2.66984e-05
106.46	2.67119e-05
106.48	2.67254e-05
106.5	2.67388e-05
106.52	2.67523e-05
106.54	2.67658e-05
106.56	2.67793e-05
106.58	2.67928e-05
106.6	2.68062e-05
106.62	2.68197e-05
106.64	2.68332e-05
106.66	2.68467e-05
106.68	2.68601e-05
106.7	2.68736e-05
106.72	2.68871e-05
106.74	2.69005e-05
106.76	2.6914e-05
106.78	2.69275e-05
106.8	2.69409e-05
106.82	2.69544e-05
106.84	2.69678e-05
106.86	2.69813e-05
106.88	2.69948e-05
106.9	2.70082e-05
106.92	2.70217e-05
106.94	2.70352e-05
106.96	2.70486e-05
106.98	2.70621e-05
107	2.70756e-05
107.02	2.7089e-05
107.04	2.71025e-05
107.06	2.7116e-05
107.08	2.71295e-05
107.1	2.71429e-05
107.12	2.71564e-05
107.14	2.71699e-05
107.16	2.71834e-05
107.18	2.71969e-05
107.2	2.72104e-05
107.22	2.72238e-05
107.24	2.72373e-05
107.26	2.72508e-05
107.28	2.72643e-05
107.3	2.72778e-05
107.32	2.72914e-05
107.34	2.73049e-05
107.36	2.73184e-05
107.38	2.73319e-05
107.4	2.73454e-05
107.42	2.7359e-05
107.44	2.73725e-05
107.46	2.7386e-05
107.48	2.73996e-05
107.5	2.74131e-05
107.52	2.74267e-05
107.54	2.74403e-05
107.56	2.74538e-05
107.58	2.74674e-05
107.6	2.7481e-05
107.62	2.74946e-05
107.64	2.75082e-05
107.66	2.75218e-05
107.68	2.75354e-05
107.7	2.7549e-05
107.72	2.75626e-05
107.74	2.75762e-05
107.76	2.75899e-05
107.78	2.76035e-05
107.8	2.76172e-05
107.82	2.76308e-05
107.84	2.76445e-05
107.86	2.76582e-05
107.88	2.76719e-05
107.9	2.76856e-05
107.92	2.76993e-05
107.94	2.7713e-05
107.96	2.77267e-05
107.98	2.77405e-05
108	2.77542e-05
108.02	2.77679e-05
108.04	2.77817e-05
108.06	2.77955e-05
108.08	2.78093e-05
108.1	2.78231e-05
108.12	2.78369e-05
108.14	2.78507e-05
108.16	2.78645e-05
108.18	2.78783e-05
108.2	2.78922e-05
108.22	2.79061e-05
108.24	2.79199e-05
108.26	2.79338e-05
108.28	2.79477e-05
108.3	2.79616e-05
108.32	2.79756e-05
108.34	2.79895e-05
108.36	2.80034e-05
108.38	2.80174e-05
108.4	2.80314e-05
108.42	2.80454e-05
108.44	2.80594e-05
108.46	2.80734e-05
108.48	2.80874e-05
108.5	2.81015e-05
108.52	2.81155e-05
108.54	2.81296e-05
108.56	2.81437e-05
108.58	2.81578e-05
108.6	2.8172e-05
108.62	2.81861e-05
108.64	2.82002e-05
108.66	2.82144e-05
108.68	2.82286e-05
108.7	2.82428e-05
108.72	2.8257e-05
108.74	2.82713e-05
108.76	2.82855e-05
108.78	2.82998e-05
108.8	2.83141e-05
108.82	2.83284e-05
108.84	2.83427e-05
108.86	2.83571e-05
108.88	2.83714e-05
108.9	2.83858e-05
108.92	2.84002e-05
108.94	2.84146e-05
108.96	2.84291e-05
108.98	2.84435e-05
109	2.8458e-05
109.02	2.84725e-05
109.04	2.8487e-05
109.06	2.85016e-05
109.08	2.85161e-05
109.1	2.85307e-05
109.12	2.85453e-05
109.14	2.856e-05
109.16	2.85746e-05
109.18	2.85893e-05
109.2	2.8604e-05
109.22	2.86187e-05
109.24	2.86334e-05
109.26	2.86482e-05
109.28	2.8663e-05
109.3	2.86778e-05
109.32	2.86926e-05
109.34	2.87074e-05
109.36	2.87223e-05
109.38	2.87372e-05
109.4	2.87522e-05
109.42	2.87671e-05
109.44	2.87821e-05
109.46	2.87971e-05
109.48	2.88121e-05
109.5	2.88272e-05
109.52	2.88422e-05
109.54	2.88574e-05
109.56	2.88725e-05
109.58	2.88877e-05
109.6	2.89028e-05
109.62	2.89181e-05
109.64	2.89333e-05
109.66	2.89486e-05
109.68	2.89639e-05
109.7	2.89792e-05
109.72	2.89946e-05
109.74	2.901e-05
109.76	2.90254e-05
109.78	2.90408e-05
109.8	2.90563e-05
109.82	2.90718e-05
109.84	2.90873e-05
109.86	2.91029e-05
109.88	2.91185e-05
109.9	2.91342e-05
109.92	2.91498e-05
109.94	2.91655e-05
109.96	2.91813e-05
109.98	2.9197e-05
110	2.92128e-05
110.02	2.92286e-05
110.04	2.92445e-05
110.06	2.92604e-05
110.08	2.92763e-05
110.1	2.92923e-05
110.12	2.93083e-05
110.14	2.93244e-05
110.16	2.93404e-05
110.18	2.93566e-05
110.2	2.93727e-05
110.22	2.93889e-05
110.24	2.94051e-05
110.26	2.94214e-05
110.28	2.94377e-05
110.3	2.9454e-05
110.32	2.94704e-05
110.34	2.94868e-05
110.36	2.95033e-05
110.38	2.95198e-05
110.4	2.95363e-05
110.42	2.95529e-05
110.44	2.95695e-05
110.46	2.95862e-05
110.48	2.96029e-05
110.5	2.96196e-05
110.52	2.96364e-05
110.54	2.96533e-05
110.56	2.96701e-05
110.58	2.96871e-05
110.6	2.9704e-05
110.62	2.97211e-05
110.64	2.97381e-05
110.66	2.97552e-05
110.68	2.97724e-05
110.7	2.97896e-05
110.72	2.98068e-05
110.74	2.98241e-05
110.76	2.98415e-05
110.78	2.98588e-05
110.8	2.98763e-05
110.82	2.98938e-05
110.84	2.99113e-05
110.86	2.99289e-05
110.88	2.99466e-05
110.9	2.99642e-05
110.92	2.9982e-05
110.94	2.99998e-05
110.96	3.00177e-05
110.98	3.00356e-05
111	3.00535e-05
111.02	3.00715e-05
111.04	3.00896e-05
111.06	3.01077e-05
111.08	3.01259e-05
111.1	3.01442e-05
111.12	3.01625e-05
111.14	3.01808e-05
111.16	3.01993e-05
111.18	3.02177e-05
111.2	3.02363e-05
111.22	3.02549e-05
111.24	3.02736e-05
111.26	3.02923e-05
111.28	3.03111e-05
111.3	3.03299e-05
111.32	3.03488e-05
111.34	3.03678e-05
111.36	3.03869e-05
111.38	3.0406e-05
111.4	3.04252e-05
111.42	3.04444e-05
111.44	3.04638e-05
111.46	3.04831e-05
111.48	3.05026e-05
111.5	3.05221e-05
111.52	3.05417e-05
111.54	3.05614e-05
111.56	3.05812e-05
111.58	3.0601e-05
111.6	3.06209e-05
111.62	3.06409e-05
111.64	3.06609e-05
111.66	3.06811e-05
111.68	3.07013e-05
111.7	3.07216e-05
111.72	3.07419e-05
111.74	3.07624e-05
111.76	3.07829e-05
111.78	3.08035e-05
111.8	3.08242e-05
111.82	3.0845e-05
111.84	3.08659e-05
111.86	3.08869e-05
111.88	3.09079e-05
111.9	3.0929e-05
111.92	3.09503e-05
111.94	3.09716e-05
111.96	3.0993e-05
111.98	3.10145e-05
112	3.10361e-05
112.02	3.10578e-05
112.04	3.10796e-05
112.06	3.11015e-05
112.08	3.11235e-05
112.1	3.11456e-05
112.12	3.11678e-05
112.14	3.11901e-05
112.16	3.12126e-05
112.18	3.12351e-05
112.2	3.12577e-05
112.22	3.12805e-05
112.24	3.13033e-05
112.26	3.13263e-05
112.28	3.13494e-05
112.3	3.13725e-05
112.32	3.13959e-05
112.34	3.14193e-05
112.36	3.14428e-05
112.38	3.14665e-05
112.4	3.14903e-05
112.42	3.15142e-05
112.44	3.15383e-05
112.46	3.15625e-05
112.48	3.15868e-05
112.5	3.16113e-05
112.52	3.16358e-05
112.54	3.16606e-05
112.56	3.16854e-05
112.58	3.17104e-05
112.6	3.17356e-05
112.62	3.17609e-05
112.64	3.17863e-05
112.66	3.18119e-05
112.68	3.18377e-05
112.7	3.18636e-05
112.72	3.18897e-05
112.74	3.19159e-05
112.76	3.19423e-05
112.78	3.19689e-05
112.8	3.19956e-05
112.82	3.20225e-05
112.84	3.20496e-05
112.86	3.20768e-05
112.88	3.21043e-05
112.9	3.21319e-05
112.92	3.21597e-05
112.94	3.21877e-05
112.96	3.22159e-05
112.98	3.22443e-05
113	3.22729e-05
113.02	3.23017e-05
113.04	3.23307e-05
113.06	3.236e-05
113.08	3.23894e-05
113.1	3.24191e-05
113.12	3.2449e-05
113.14	3.24791e-05
113.16	3.25095e-05
113.18	3.25401e-05
113.2	3.2571e-05
113.22	3.26021e-05
113.24	3.26335e-05
113.26	3.26651e-05
113.28	3.2697e-05
113.3	3.27292e-05
113.32	3.27617e-05
113.34	3.27944e-05
113.36	3.28275e-05
113.38	3.28608e-05
113.4	3.28945e-05
113.42	3.29284e-05
113.44	3.29627e-05
113.46	3.29974e-05
113.48	3.30323e-05
113.5	3.30676e-05
113.52	3.31033e-05
113.54	3.31394e-05
113.56	3.31758e-05
113.58	3.32126e-05
113.6	3.32498e-05
113.62	3.32874e-05
113.64	3.33255e-05
113.66	3.3364e-05
113.68	3.34029e-05
113.7	3.34423e-05
113.72	3.34821e-05
113.74	3.35225e-05
113.76	3.35633e-05
113.78	3.36047e-05
113.8	3.36466e-05
113.82	3.36891e-05
113.84	3.37322e-05
113.86	3.37758e-05
113.88	3.38201e-05
113.9	3.3865e-05
113.92	3.39106e-05
113.94	3.39568e-05
113.96	3.40038e-05
113.98	3.40515e-05
114	3.41e-05
114.02	3.41493e-05
114.04	3.41995e-05
114.06	3.42505e-05
114.08	3.43025e-05
114.1	3.43554e-05
114.12	3.44093e-05
114.14	3.44643e-05
114.16	3.45204e-05
114.18	3.45776e-05
114.2	3.46361e-05
114.22	3.46958e-05
114.24	3.4757e-05
114.26	3.48195e-05
114.28	3.48836e-05
114.3	3.49493e-05
114.32	3.50167e-05
114.34	3.50859e-05
114.36	3.51571e-05
114.38	3.52303e-05
114.4	3.53058e-05
114.42	3.53837e-05
114.44	3.54642e-05
114.46	3.55474e-05
114.48	3.56336e-05
114.5	3.57231e-05
114.52	3.58162e-05
114.54	3.59132e-05
114.56	3.60144e-05
114.58	3.61204e-05
114.6	3.62316e-05
114.62	3.63486e-05
114.64	3.64721e-05
114.66	3.66029e-05
114.68	3.6742e-05
114.7	3.68905e-05
114.72	3.70499e-05
114.74	3.72219e-05
114.76	3.74087e-05
114.78	3.76128e-05
114.8	3.78379e-05
114.82	3.80883e-05
114.84	3.83701e-05
114.86	3.86913e-05
114.88	3.90632e-05
114.9	3.95022e-05
114.92	4.00328e-05
114.94	4.06935e-05
114.96	4.1549e-05
114.98	4.27158e-05
115	4.4427e-05
115.02	4.72116e-05
115.04	5.24641e-05
115.06	6.41433e-05
115.08	9.00446e-05
115.1	0.00013149
115.12	0.000173087
115.14	0.000200852
115.16	0.000213696
115.18	0.000214623
115.2	0.000204068
115.22	0.000182496
115.24	0.000153281
115.26	0.000121608
115.28	9.21485e-05
115.3	6.76995e-05
115.32	4.91278e-05
115.34	3.5924e-05
115.36	2.69244e-05
115.38	2.09104e-05
115.4	1.68937e-05
115.42	1.41713e-05
115.44	1.2289e-05
115.46	1.09728e-05
115.48	1.00557e-05
115.5	9.42656e-06
115.52	9.0056e-06
115.54	8.73385e-06
115.56	8.56787e-06
115.58	8.47615e-06
115.6	8.43608e-06
115.62	8.43178e-06
115.64	8.4522e-06
115.66	8.48957e-06
115.68	8.53844e-06
115.7	8.595e-06
115.72	8.65659e-06
115.74	8.72145e-06
115.76	8.78839e-06
115.78	8.85668e-06
115.8	8.92588e-06
115.82	8.99576e-06
115.84	9.06623e-06
115.86	9.13727e-06
115.88	9.20892e-06
115.9	9.28124e-06
115.92	9.3543e-06
115.94	9.42816e-06
115.96	9.5029e-06
115.98	9.57854e-06
116	9.65514e-06
116.02	9.7327e-06
116.04	9.81123e-06
116.06	9.89073e-06
116.08	9.97118e-06
116.1	1.00525e-05
116.12	1.01348e-05
116.14	1.02178e-05
116.16	1.03017e-05
116.18	1.03862e-05
116.2	1.04714e-05
116.22	1.05571e-05
116.24	1.06434e-05
116.26	1.073e-05
116.28	1.0817e-05
116.3	1.09043e-05
116.32	1.09918e-05
116.34	1.10794e-05
116.36	1.1167e-05
116.38	1.12546e-05
116.4	1.13421e-05
116.42	1.14294e-05
116.44	1.15165e-05
116.46	1.16033e-05
116.48	1.16896e-05
116.5	1.17756e-05
116.52	1.1861e-05
116.54	1.19459e-05
116.56	1.20302e-05
116.58	1.21138e-05
116.6	1.21968e-05
116.62	1.2279e-05
116.64	1.23604e-05
116.66	1.24411e-05
116.68	1.25209e-05
116.7	1.25998e-05
116.72	1.26779e-05
116.74	1.2755e-05
116.76	1.28312e-05
116.78	1.29065e-05
116.8	1.29809e-05
116.82	1.30543e-05
116.84	1.31267e-05
116.86	1.31981e-05
116.88	1.32686e-05
116.9	1.33381e-05
116.92	1.34067e-05
116.94	1.34743e-05
116.96	1.35409e-05
116.98	1.36066e-05
117	1.36714e-05
117.02	1.37352e-05
117.04	1.37982e-05
117.06	1.38602e-05
117.08	1.39213e-05
117.1	1.39816e-05
117.12	1.4041e-05
117.14	1.40996e-05
117.16	1.41574e-05
117.18	1.42144e-05
117.2	1.42707e-05
117.22	1.43262e-05
117.24	1.43811e-05
117.26	1.44352e-05
117.28	1.44886e-05
117.3	1.45414e-05
117.32	1.45935e-05
117.34	1.46451e-05
117.36	1.4696e-05
117.38	1.47463e-05
117.4	1.47961e-05
117.42	1.48454e-05
117.44	1.48941e-05
117.46	1.49424e-05
117.48	1.49901e-05
117.5	1.50374e-05
117.52	1.50842e-05
117.54	1.51306e-05
117.56	1.51766e-05
117.58	1.52221e-05
117.6	1.52673e-05
117.62	1.53121e-05
117.64	1.53565e-05
117.66	1.54006e-05
117.68	1.54443e-05
117.7	1.54877e-05
117.72	1.55308e-05
117.74	1.55736e-05
117.76	1.56161e-05
117.78	1.56583e-05
117.8	1.57003e-05
117.82	1.57419e-05
117.84	1.57834e-05
117.86	1.58245e-05
117.88	1.58655e-05
117.9	1.59062e-05
117.92	1.59467e-05
117.94	1.5987e-05
117.96	1.6027e-05
117.98	1.60669e-05
118	1.61066e-05
118.02	1.6146e-05
118.04	1.61853e-05
118.06	1.62245e-05
118.08	1.62634e-05
118.1	1.63022e-05
118.12	1.63408e-05
118.14	1.63793e-05
118.16	1.64176e-05
118.18	1.64557e-05
118.2	1.64937e-05
118.22	1.65316e-05
118.24	1.65693e-05
118.26	1.66069e-05
118.28	1.66444e-05
118.3	1.66817e-05
118.32	1.67189e-05
118.34	1.6756e-05
118.36	1.67929e-05
118.38	1.68297e-05
118.4	1.68664e-05
118.42	1.6903e-05
118.44	1.69395e-05
118.46	1.69759e-05
118.48	1.70121e-05
118.5	1.70483e-05
118.52	1.70843e-05
118.54	1.71202e-05
118.56	1.7156e-05
118.58	1.71918e-05
118.6	1.72274e-05
118.62	1.72629e-05
118.64	1.72983e-05
118.66	1.73336e-05
118.68	1.73688e-05
118.7	1.7404e-05
118.72	1.7439e-05
118.74	1.74739e-05
118.76	1.75088e-05
118.78	1.75435e-05
118.8	1.75781e-05
118.82	1.76127e-05
118.84	1.76471e-05
118.86	1.76815e-05
118.88	1.77158e-05
118.9	1.775e-05
118.92	1.77841e-05
118.94	1.78181e-05
118.96	1.7852e-05
118.98	1.78858e-05
119	1.79195e-05
119.02	1.79532e-05
119.04	1.79867e-05
119.06	1.80202e-05
119.08	1.80536e-05
119.1	1.80869e-05
119.12	1.81201e-05
119.14	1.81532e-05
119.16	1.81862e-05
119.18	1.82191e-05
119.2	1.8252e-05
119.22	1.82847e-05
119.24	1.83174e-05
119.26	1.835e-05
119.28	1.83825e-05
119.3	1.84149e-05
119.32	1.84473e-05
119.34	1.84795e-05
119.36	1.85116e-05
119.38	1.85437e-05
119.4	1.85757e-05
119.42	1.86076e-05
119.44	1.86394e-05
119.46	1.86711e-05
119.48	1.87028e-05
119.5	1.87343e-05
119.52	1.87658e-05
119.54	1.87972e-05
119.56	1.88285e-05
119.58	1.88597e-05
119.6	1.88908e-05
119.62	1.89219e-05
119.64	1.89528e-05
119.66	1.89837e-05
119.68	1.90145e-05
119.7	1.90452e-05
119.72	1.90758e-05
119.74	1.91063e-05
119.76	1.91368e-05
119.78	1.91671e-05
119.8	1.91974e-05
119.82	1.92276e-05
119.84	1.92577e-05
119.86	1.92877e-05
119.88	1.93176e-05
119.9	1.93475e-05
119.92	1.93773e-05
119.94	1.94069e-05
119.96	1.94365e-05
119.98	1.9466e-05
120	1.94955e-05
120.02	1.95248e-05
120.04	1.95541e-05
120.06	1.95832e-05
120.08	1.96123e-05
120.1	1.96413e-05
120.12	1.96703e-05
120.14	1.96991e-05
120.16	1.97278e-05
120.18	1.97565e-05
120.2	1.97851e-05
120.22	1.98136e-05
120.24	1.9842e-05
120.26	1.98704e-05
120.28	1.98986e-05
120.3	1.99268e-05
120.32	1.99549e-05
120.34	1.99829e-05
120.36	2.00108e-05
120.38	2.00387e-05
120.4	2.00664e-05
120.42	2.00941e-05
120.44	2.01217e-05
120.46	2.01492e-05
120.48	2.01766e-05
120.5	2.0204e-05
120.52	2.02313e-05
120.54	2.02585e-05
120.56	2.02856e-05
120.58	2.03126e-05
120.6	2.03395e-05
120.62	2.03664e-05
120.64	2.03932e-05
120.66	2.04199e-05
120.68	2.04465e-05
120.7	2.04731e-05
120.72	2.04996e-05
120.74	2.0526e-05
120.76	2.05523e-05
120.78	2.05785e-05
120.8	2.06047e-05
120.82	2.06307e-05
120.84	2.06567e-05
120.86	2.06827e-05
120.88	2.07085e-05
120.9	2.07343e-05
120.92	2.076e-05
120.94	2.07856e-05
120.96	2.08111e-05
120.98	2.08366e-05
121	2.08619e-05
121.02	2.08873e-05
121.04	2.09125e-05
121.06	2.09376e-05
121.08	2.09627e-05
121.1	2.09877e-05
121.12	2.10127e-05
121.14	2.10375e-05
121.16	2.10623e-05
121.18	2.1087e-05
121.2	2.11117e-05
121.22	2.11362e-05
121.24	2.11607e-05
121.26	2.11851e-05
121.28	2.12095e-05
121.3	2.12338e-05
121.32	2.1258e-05
121.34	2.12821e-05
121.36	2.13061e-05
121.38	2.13301e-05
121.4	2.1354e-05
121.42	2.13779e-05
121.44	2.14017e-05
121.46	2.14254e-05
121.48	2.1449e-05
121.5	2.14726e-05
121.52	2.14961e-05
121.54	2.15195e-05
121.56	2.15428e-05
121.58	2.15661e-05
121.6	2.15893e-05
121.62	2.16125e-05
121.64	2.16356e-05
121.66	2.16586e-05
121.68	2.16815e-05
121.7	2.17044e-05
121.72	2.17272e-05
121.74	2.175e-05
121.76	2.17727e-05
121.78	2.17953e-05
121.8	2.18179e-05
121.82	2.18403e-05
121.84	2.18628e-05
121.86	2.18851e-05
121.88	2.19074e-05
121.9	2.19297e-05
121.92	2.19518e-05
121.94	2.19739e-05
121.96	2.1996e-05
121.98	2.20179e-05
122	2.20399e-05
122.02	2.20617e-05
122.04	2.20835e-05
122.06	2.21052e-05
122.08	2.21269e-05
122.1	2.21485e-05
122.12	2.217e-05
122.14	2.21915e-05
122.16	2.2213e-05
122.18	2.22343e-05
122.2	2.22556e-05
122.22	2.22769e-05
122.24	2.22981e-05
122.26	2.23192e-05
122.28	2.23402e-05
122.3	2.23613e-05
122.32	2.23822e-05
122.34	2.24031e-05
122.36	2.24239e-05
122.38	2.24447e-05
122.4	2.24655e-05
122.42	2.24861e-05
122.44	2.25067e-05
122.46	2.25273e-05
122.48	2.25478e-05
122.5	2.25682e-05
122.52	2.25886e-05
122.54	2.2609e-05
122.56	2.26293e-05
122.58	2.26495e-05
122.6	2.26696e-05
122.62	2.26898e-05
122.64	2.27098e-05
122.66	2.27298e-05
122.68	2.27498e-05
122.7	2.27697e-05
122.72	2.27896e-05
122.74	2.28093e-05
122.76	2.28291e-05
122.78	2.28488e-05
122.8	2.28684e-05
122.82	2.2888e-05
122.84	2.29076e-05
122.86	2.29271e-05
122.88	2.29465e-05
122.9	2.29659e-05
122.92	2.29852e-05
122.94	2.30045e-05
122.96	2.30238e-05
122.98	2.30429e-05
123	2.30621e-05
123.02	2.30812e-05
123.04	2.31002e-05
123.06	2.31192e-05
123.08	2.31382e-05
123.1	2.31571e-05
123.12	2.31759e-05
123.14	2.31947e-05
123.16	2.32135e-05
123.18	2.32322e-05
123.2	2.32509e-05
123.22	2.32695e-05
123.24	2.32881e-05
123.26	2.33066e-05
123.28	2.33251e-05
123.3	2.33435e-05
123.32	2.33619e-05
123.34	2.33802e-05
123.36	2.33985e-05
123.38	2.34168e-05
123.4	2.3435e-05
123.42	2.34532e-05
123.44	2.34713e-05
123.46	2.34894e-05
123.48	2.35074e-05
123.5	2.35254e-05
123.52	2.35434e-05
123.54	2.35613e-05
123.56	2.35792e-05
123.58	2.3597e-05
123.6	2.36148e-05
123.62	2.36325e-05
123.64	2.36503e-05
123.66	2.36679e-05
123.68	2.36855e-05
123.7	2.37031e-05
123.72	2.37207e-05
123.74	2.37382e-05
123.76	2.37556e-05
123.78	2.37731e-05
123.8	2.37905e-05
123.82	2.38078e-05
123.84	2.38251e-05
123.86	2.38424e-05
123.88	2.38596e-05
123.9	2.38768e-05
123.92	2.3894e-05
123.94	2.39111e-05
123.96	2.39282e-05
123.98	2.39452e-05
124	2.39622e-05
124.02	2.39792e-05
124.04	2.39961e-05
124.06	2.4013e-05
124.08	2.40299e-05
124.1	2.40467e-05
124.12	2.40635e-05
124.14	2.40802e-05
124.16	2.40969e-05
124.18	2.41136e-05
124.2	2.41303e-05
124.22	2.41469e-05
124.24	2.41635e-05
124.26	2.418e-05
124.28	2.41965e-05
124.3	2.4213e-05
124.32	2.42294e-05
124.34	2.42458e-05
124.36	2.42622e-05
124.38	2.42786e-05
124.4	2.42949e-05
124.42	2.43112e-05
124.44	2.43274e-05
124.46	2.43436e-05
124.48	2.43598e-05
124.5	2.4376e-05
124.52	2.43921e-05
124.54	2.44082e-05
124.56	2.44242e-05
124.58	2.44402e-05
124.6	2.44562e-05
124.62	2.44722e-05
124.64	2.44881e-05
124.66	2.4504e-05
124.68	2.45199e-05
124.7	2.45358e-05
124.72	2.45516e-05
124.74	2.45674e-05
124.76	2.45831e-05
124.78	2.45989e-05
124.8	2.46146e-05
124.82	2.46302e-05
124.84	2.46459e-05
124.86	2.46615e-05
124.88	2.46771e-05
124.9	2.46926e-05
124.92	2.47082e-05
124.94	2.47237e-05
124.96	2.47392e-05
124.98	2.47546e-05
125	2.477e-05
125.02	2.47854e-05
125.04	2.48008e-05
125.06	2.48162e-05
125.08	2.48315e-05
125.1	2.48468e-05
125.12	2.48621e-05
125.14	2.48773e-05
125.16	2.48925e-05
125.18	2.49077e-05
125.2	2.49229e-05
125.22	2.4938e-05
125.24	2.49531e-05
125.26	2.49682e-05
125.28	2.49833e-05
125.3	2.49984e-05
125.32	2.50134e-05
125.34	2.50284e-05
125.36	2.50434e-05
125.38	2.50583e-05
125.4	2.50733e-05
125.42	2.50882e-05
125.44	2.5103e-05
125.46	2.51179e-05
125.48	2.51328e-05
125.5	2.51476e-05
125.52	2.51624e-05
125.54	2.51771e-05
125.56	2.51919e-05
125.58	2.52066e-05
125.6	2.52214e-05
125.62	2.5236e-05
125.64	2.52507e-05
125.66	2.52654e-05
125.68	2.528e-05
125.7	2.52946e-05
125.72	2.53092e-05
125.74	2.53238e-05
125.76	2.53383e-05
125.78	2.53528e-05
125.8	2.53674e-05
125.82	2.53819e-05
125.84	2.53963e-05
125.86	2.54108e-05
125.88	2.54252e-05
125.9	2.54396e-05
125.92	2.5454e-05
125.94	2.54684e-05
125.96	2.54828e-05
125.98	2.54971e-05
126	2.55115e-05
126.02	2.55258e-05
126.04	2.55401e-05
126.06	2.55543e-05
126.08	2.55686e-05
126.1	2.55829e-05
126.12	2.55971e-05
126.14	2.56113e-05
126.16	2.56255e-05
126.18	2.56397e-05
126.2	2.56538e-05
126.22	2.5668e-05
126.24	2.56821e-05
126.26	2.56962e-05
126.28	2.57103e-05
126.3	2.57244e-05
126.32	2.57385e-05
126.34	2.57526e-05
126.36	2.57666e-05
126.38	2.57806e-05
126.4	2.57947e-05
126.42	2.58087e-05
126.44	2.58226e-05
126.46	2.58366e-05
126.48	2.58506e-05
126.5	2.58645e-05
126.52	2.58785e-05
126.54	2.58924e-05
126.56	2.59063e-05
126.58	2.59202e-05
126.6	2.59341e-05
126.62	2.59479e-05
126.64	2.59618e-05
126.66	2.59756e-05
126.68	2.59895e-05
126.7	2.60033e-05
126.72	2.60171e-05
126.74	2.60309e-05
126.76	2.60447e-05
126.78	2.60585e-05
126.8	2.60723e-05
126.82	2.6086e-05
126.84	2.60998e-05
126.86	2.61135e-05
126.88	2.61273e-05
126.9	2.6141e-05
126.92	2.61547e-05
126.94	2.61684e-05
126.96	2.61821e-05
126.98	2.61958e-05
127	2.62094e-05
127.02	2.62231e-05
127.04	2.62368e-05
127.06	2.62504e-05
127.08	2.6264e-05
127.1	2.62777e-05
127.12	2.62913e-05
127.14	2.63049e-05
127.16	2.63185e-05
127.18	2.63321e-05
127.2	2.63457e-05
127.22	2.63593e-05
127.24	2.63729e-05
127.26	2.63864e-05
127.28	2.64e-05
127.3	2.64136e-05
127.32	2.64271e-05
127.34	2.64407e-05
127.36	2.64542e-05
127.38	2.64677e-05
127.4	2.64813e-05
127.42	2.64948e-05
127.44	2.65083e-05
127.46	2.65218e-05
127.48	2.65353e-05
127.5	2.65488e-05
127.52	2.65623e-05
127.54	2.65758e-05
127.56	2.65893e-05
127.58	2.66028e-05
127.6	2.66162e-05
127.62	2.66297e-05
127.64	2.66432e-05
127.66	2.66567e-05
127.68	2.66701e-05
127.7	2.66836e-05
127.72	2.6697e-05
127.74	2.67105e-05
127.76	2.67239e-05
127.78	2.67374e-05
127.8	2.67508e-05
127.82	2.67643e-05
127.84	2.67777e-05
127.86	2.67912e-05
127.88	2.68046e-05
127.9	2.6818e-05
127.92	2.68315e-05
127.94	2.68449e-05
127.96	2.68583e-05
127.98	2.68718e-05
128	2.68852e-05
128.02	2.68986e-05
128.04	2.6912e-05
128.06	2.69255e-05
128.08	2.69389e-05
128.1	2.69523e-05
128.12	2.69658e-05
128.14	2.69792e-05
128.16	2.69926e-05
128.18	2.7006e-05
128.2	2.70195e-05
128.22	2.70329e-05
128.24	2.70463e-05
128.26	2.70598e-05
128.28	2.70732e-05
128.3	2.70866e-05
128.32	2.71001e-05
128.34	2.71135e-05
128.36	2.71269e-05
128.38	2.71404e-05
128.4	2.71538e-05
128.42	2.71673e-05
128.44	2.71807e-05
128.46	2.71942e-05
128.48	2.72076e-05
128.5	2.72211e-05
128.52	2.72346e-05
128.54	2.7248e-05
128.56	2.72615e-05
128.58	2.7275e-05
128.6	2.72884e-05
128.62	2.73019e-05
128.64	2.73154e-05
128.66	2.73289e-05
128.68	2.73424e-05
128.7	2.73559e-05
128.72	2.73694e-05
128.74	2.73829e-05
128.76	2.73964e-05
128.78	2.74099e-05
128.8	2.74235e-05
128.82	2.7437e-05
128.84	2.74505e-05
128.86	2.74641e-05
128.88	2.74776e-05
128.9	2.74912e-05
128.92	2.75048e-05
128.94	2.75183e-05
128.96	2.75319e-05
128.98	2.75455e-05
129	2.75591e-05
129.02	2.75727e-05
129.04	2.75863e-05
129.06	2.75999e-05
129.08	2.76135e-05
129.1	2.76272e-05
129.12	2.76408e-05
129.14	2.76544e-05
129.16	2.76681e-05
129.18	2.76818e-05
129.2	2.76955e-05
129.22	2.77091e-05
129.24	2.77228e-05
129.26	2.77365e-05
129.28	2.77503e-05
129.3	2.7764e-05
129.32	2.77777e-05
129.34	2.77915e-05
129.36	2.78052e-05
129.38	2.7819e-05
129.4	2.78328e-05
129.42	2.78466e-05
129.44	2.78604e-05
129.46	2.78742e-05
129.48	2.7888e-05
129.5	2.79018e-05
129.52	2.79157e-05
129.54	2.79295e-05
129.56	2.79434e-05
129.58	2.79573e-05
129.6	2.79712e-05
129.62	2.79851e-05
129.64	2.7999e-05
129.66	2.8013e-05
129.68	2.80269e-05
129.7	2.80409e-05
129.72	2.80549e-05
129.74	2.80689e-05
129.76	2.80829e-05
129.78	2.80969e-05
129.8	2.81109e-05
129.82	2.8125e-05
129.84	2.81391e-05
129.86	2.81532e-05
129.88	2.81673e-05
129.9	2.81814e-05
129.92	2.81955e-05
129.94	2.82096e-05
129.96	2.82238e-05
129.98	2.8238e-05
130	2.82522e-05
130.02	2.82664e-05
130.04	2.82806e-05
130.06	2.82949e-05
130.08	2.83092e-05
130.1	2.83235e-05
130.12	2.83378e-05
130.14	2.83521e-05
130.16	2.83664e-05
130.18	2.83808e-05
130.2	2.83952e-05
130.22	2.84096e-05
130.24	2.8424e-05
130.26	2.84384e-05
130.28	2.84529e-05
130.3	2.84674e-05
130.32	2.84819e-05
130.34	2.84964e-05
130.36	2.85109e-05
130.38	2.85255e-05
130.4	2.85401e-05
130.42	2.85547e-05
130.44	2.85693e-05
130.46	2.8584e-05
130.48	2.85986e-05
130.5	2.86133e-05
130.52	2.86281e-05
130.54	2.86428e-05
130.56	2.86576e-05
130.58	2.86723e-05
130.6	2.86872e-05
130.62	2.8702e-05
130.64	2.87169e-05
130.66	2.87317e-05
130.68	2.87467e-05
130.7	2.87616e-05
130.72	2.87765e-05
130.74	2.87915e-05
130.76	2.88065e-05
130.78	2.88216e-05
130.8	2.88367e-05
130.82	2.88517e-05
130.84	2.88669e-05
130.86	2.8882e-05
130.88	2.88972e-05
130.9	2.89124e-05
130.92	2.89276e-05
130.94	2.89429e-05
130.96	2.89582e-05
130.98	2.89735e-05
131	2.89888e-05
131.02	2.90042e-05
131.04	2.90196e-05
131.06	2.9035e-05
131.08	2.90505e-05
131.1	2.9066e-05
131.12	2.90815e-05
131.14	2.90971e-05
131.16	2.91127e-05
131.18	2.91283e-05
131.2	2.91439e-05
131.22	2.91596e-05
131.24	2.91753e-05
131.26	2.91911e-05
131.28	2.92069e-05
131.3	2.92227e-05
131.32	2.92386e-05
131.34	2.92545e-05
131.36	2.92704e-05
131.38	2.92863e-05
131.4	2.93023e-05
131.42	2.93184e-05
131.44	2.93344e-05
131.46	2.93505e-05
131.48	2.93667e-05
131.5	2.93829e-05
131.52	2.93991e-05
131.54	2.94153e-05
131.56	2.94316e-05
131.58	2.9448e-05
131.6	2.94643e-05
131.62	2.94807e-05
131.64	2.94972e-05
131.66	2.95137e-05
131.68	2.95302e-05
131.7	2.95468e-05
131.72	2.95634e-05
131.74	2.95801e-05
131.76	2.95968e-05
131.78	2.96135e-05
131.8	2.96303e-05
131.82	2.96471e-05
131.84	2.9664e-05
131.86	2.96809e-05
131.88	2.96979e-05
131.9	2.97149e-05
131.92	2.97319e-05
131.94	2.9749e-05
131.96	2.97662e-05
131.98	2.97834e-05
132	2.98006e-05
132.02	2.98179e-05
132.04	2.98352e-05
132.06	2.98526e-05
132.08	2.98701e-05
132.1	2.98876e-05
132.12	2.99051e-05
132.14	2.99227e-05
132.16	2.99403e-05
132.18	2.9958e-05
132.2	2.99758e-05
132.22	2.99936e-05
132.24	3.00114e-05
132.26	3.00293e-05
132.28	3.00473e-05
132.3	3.00653e-05
132.32	3.00834e-05
132.34	3.01015e-05
132.36	3.01197e-05
132.38	3.0138e-05
132.4	3.01563e-05
132.42	3.01746e-05
132.44	3.0193e-05
132.46	3.02115e-05
132.48	3.02301e-05
132.5	3.02487e-05
132.52	3.02673e-05
132.54	3.02861e-05
132.56	3.03049e-05
132.58	3.03237e-05
132.6	3.03427e-05
132.62	3.03616e-05
132.64	3.03807e-05
132.66	3.03998e-05
132.68	3.0419e-05
132.7	3.04383e-05
132.72	3.04576e-05
132.74	3.0477e-05
132.76	3.04965e-05
132.78	3.0516e-05
132.8	3.05356e-05
132.82	3.05553e-05
132.84	3.05751e-05
132.86	3.05949e-05
132.88	3.06148e-05
132.9	3.06348e-05
132.92	3.06549e-05
132.94	3.0675e-05
132.96	3.06952e-05
132.98	3.07155e-05
133	3.07359e-05
133.02	3.07564e-05
133.04	3.07769e-05
133.06	3.07976e-05
133.08	3.08183e-05
133.1	3.08391e-05
133.12	3.086e-05
133.14	3.08809e-05
133.16	3.0902e-05
133.18	3.09232e-05
133.2	3.09444e-05
133.22	3.09658e-05
133.24	3.09872e-05
133.26	3.10087e-05
133.28	3.10303e-05
133.3	3.10521e-05
133.32	3.10739e-05
133.34	3.10958e-05
133.36	3.11178e-05
133.38	3.114e-05
133.4	3.11622e-05
133.42	3.11845e-05
133.44	3.12069e-05
133.46	3.12295e-05
133.48	3.12522e-05
133.5	3.12749e-05
133.52	3.12978e-05
133.54	3.13208e-05
133.56	3.13439e-05
133.58	3.13671e-05
133.6	3.13905e-05
133.62	3.14139e-05
133.64	3.14375e-05
133.66	3.14612e-05
133.68	3.1485e-05
133.7	3.1509e-05
133.72	3.15331e-05
133.74	3.15573e-05
133.76	3.15817e-05
133.78	3.16062e-05
133.8	3.16308e-05
133.82	3.16555e-05
133.84	3.16804e-05
133.86	3.17055e-05
133.88	3.17307e-05
133.9	3.1756e-05
133.92	3.17815e-05
133.94	3.18072e-05
133.96	3.1833e-05
133.98	3.18589e-05
134	3.1885e-05
134.02	3.19113e-05
134.04	3.19378e-05
134.06	3.19644e-05
134.08	3.19911e-05
134.1	3.20181e-05
134.12	3.20452e-05
134.14	3.20725e-05
134.16	3.21e-05
134.18	3.21277e-05
134.2	3.21556e-05
134.22	3.21837e-05
134.24	3.22119e-05
134.26	3.22404e-05
134.28	3.22691e-05
134.3	3.22979e-05
134.32	3.2327e-05
134.34	3.23563e-05
134.36	3.23858e-05
134.38	3.24156e-05
134.4	3.24456e-05
134.42	3.24758e-05
134.44	3.25062e-05
134.46	3.25369e-05
134.48	3.25679e-05
134.5	3.25991e-05
134.52	3.26305e-05
134.54	3.26623e-05
134.56	3.26943e-05
134.58	3.27265e-05
134.6	3.27591e-05
134.62	3.27919e-05
134.64	3.28251e-05
134.66	3.28585e-05
134.68	3.28923e-05
134.7	3.29264e-05
134.72	3.29608e-05
134.74	3.29955e-05
134.76	3.30306e-05
134.78	3.30661e-05
134.8	3.31019e-05
134.82	3.3138e-05
134.84	3.31746e-05
134.86	3.32115e-05
134.88	3.32489e-05
134.9	3.32867e-05
134.92	3.33249e-05
134.94	3.33635e-05
134.96	3.34026e-05
134.98	3.34421e-05
135	3.34822e-05
135.02	3.35227e-05
135.04	3.35637e-05
135.06	3.36053e-05
135.08	3.36474e-05
135.1	3.36901e-05
135.12	3.37333e-05
135.14	3.37772e-05
135.16	3.38217e-05
135.18	3.38668e-05
135.2	3.39126e-05
135.22	3.39592e-05
135.24	3.40064e-05
135.26	3.40544e-05
135.28	3.41032e-05
135.3	3.41528e-05
135.32	3.42033e-05
135.34	3.42546e-05
135.36	3.43069e-05
135.38	3.43602e-05
135.4	3.44144e-05
135.42	3.44698e-05
135.44	3.45263e-05
135.46	3.4584e-05
135.48	3.46429e-05
135.5	3.47031e-05
135.52	3.47647e-05
135.54	3.48278e-05
135.56	3.48924e-05
135.58	3.49587e-05
135.6	3.50267e-05
135.62	3.50966e-05
135.64	3.51685e-05
135.66	3.52425e-05
135.68	3.53188e-05
135.7	3.53975e-05
135.72	3.54789e-05
135.74	3.55632e-05
135.76	3.56505e-05
135.78	3.57412e-05
135.8	3.58356e-05
135.82	3.5934e-05
135.84	3.60368e-05
135.86	3.61444e-05
135.88	3.62575e-05
135.9	3.63766e-05
135.92	3.65025e-05
135.94	3.6636e-05
135.96	3.67781e-05
135.98	3.69302e-05
136	3.70936e-05
136.02	3.72703e-05
136.04	3.74625e-05
136.06	3.76732e-05
136.08	3.79061e-05
136.1	3.81663e-05
136.12	3.84601e-05
136.14	3.87968e-05
136.16	3.91889e-05
136.18	3.96551e-05
136.2	4.02236e-05
136.22	4.09401e-05
136.24	4.18822e-05
136.26	4.31952e-05
136.28	4.51803e-05
136.3	4.85565e-05
136.32	5.53052e-05
136.34	7.08053e-05
136.36	0.000102647
136.38	0.000146459
136.4	0.000184374
136.42	0.000206911
136.44	0.000215571
136.46	0.000212733
136.48	0.000198296
136.5	0.000173608
136.52	0.00014291
136.54	0.000111472
136.56	8.34276e-05
136.58	6.08921e-05
136.6	4.41958e-05
136.62	3.25258e-05
136.64	2.46443e-05
136.66	1.939e-05
136.68	1.5869e-05
136.7	1.34667e-05
136.72	1.17971e-05
136.74	1.06293e-05
136.76	9.819e-06
136.78	9.26728e-06
136.8	8.90204e-06
136.82	8.66996e-06
136.84	8.53194e-06
136.86	8.45975e-06
136.88	8.43318e-06
136.9	8.43819e-06
136.92	8.46499e-06
136.94	8.50669e-06
136.96	8.55846e-06
136.98	8.6169e-06
137	8.6797e-06
137.02	8.74531e-06
137.04	8.81272e-06
137.06	8.88129e-06
137.08	8.95068e-06
137.1	9.0207e-06
137.12	9.09129e-06
137.14	9.16247e-06
137.16	9.23427e-06
137.18	9.30677e-06
137.2	9.38002e-06
137.22	9.4541e-06
137.24	9.52907e-06
137.26	9.60496e-06
137.28	9.68181e-06
137.3	9.75964e-06
137.32	9.83843e-06
137.34	9.91818e-06
137.36	9.99887e-06
137.38	1.00805e-05
137.4	1.01629e-05
137.42	1.02462e-05
137.44	1.03302e-05
137.46	1.04149e-05
137.48	1.05002e-05
137.5	1.0586e-05
137.52	1.06724e-05
137.54	1.07591e-05
137.56	1.08462e-05
137.58	1.09334e-05
137.6	1.10209e-05
137.62	1.11085e-05
137.64	1.1196e-05
137.66	1.12835e-05
137.68	1.13709e-05
137.7	1.14581e-05
137.72	1.1545e-05
137.74	1.16316e-05
137.76	1.17177e-05
137.78	1.18034e-05
137.8	1.18886e-05
137.82	1.19733e-05
137.84	1.20573e-05
137.86	1.21406e-05
137.88	1.22232e-05
137.9	1.23051e-05
137.92	1.23863e-05
137.94	1.24665e-05
137.96	1.2546e-05
137.98	1.26246e-05
138	1.27023e-05
138.02	1.2779e-05
138.04	1.28549e-05
138.06	1.29298e-05
138.08	1.30038e-05
138.1	1.30767e-05
138.12	1.31488e-05
138.14	1.32198e-05
138.16	1.32899e-05
138.18	1.33591e-05
138.2	1.34272e-05
138.22	1.34944e-05
138.24	1.35607e-05
138.26	1.3626e-05
138.28	1.36904e-05
138.3	1.37539e-05
138.32	1.38164e-05
138.34	1.38781e-05
138.36	1.39388e-05
138.38	1.39988e-05
138.4	1.40578e-05
138.42	1.41161e-05
138.44	1.41736e-05
138.46	1.42303e-05
138.48	1.42862e-05
138.5	1.43415e-05
138.52	1.4396e-05
138.54	1.44498e-05
138.56	1.45029e-05
138.58	1.45554e-05
138.6	1.46073e-05
138.62	1.46586e-05
138.64	1.47092e-05
138.66	1.47593e-05
138.68	1.48089e-05
138.7	1.48579e-05
138.72	1.49064e-05
138.74	1.49544e-05
138.76	1.50019e-05
138.78	1.5049e-05
138.8	1.50956e-05
138.82	1.51418e-05
138.84	1.51876e-05
138.86	1.52329e-05
138.88	1.52779e-05
138.9	1.53225e-05
138.92	1.53668e-05
138.94	1.54107e-05
138.96	1.54542e-05
138.98	1.54975e-05
139	1.55404e-05
139.02	1.5583e-05
139.04	1.56254e-05
139.06	1.56674e-05
139.08	1.57092e-05
139.1	1.57508e-05
139.12	1.57921e-05
139.14	1.58331e-05
139.16	1.58739e-05
139.18	1.59145e-05
139.2	1.59549e-05
139.22	1.5995e-05
139.24	1.6035e-05
139.26	1.60747e-05
139.28	1.61143e-05
139.3	1.61536e-05
139.32	1.61928e-05
139.34	1.62319e-05
139.36	1.62707e-05
139.38	1.63094e-05
139.4	1.63479e-05
139.42	1.63863e-05
139.44	1.64245e-05
139.46	1.64625e-05
139.48	1.65004e-05
139.5	1.65382e-05
139.52	1.65758e-05
139.54	1.66133e-05
139.56	1.66507e-05
139.58	1.66879e-05
139.6	1.6725e-05
139.62	1.6762e-05
139.64	1.67989e-05
139.66	1.68356e-05
139.68	1.68723e-05
139.7	1.69088e-05
139.72	1.69452e-05
139.74	1.69815e-05
139.76	1.70176e-05
139.78	1.70537e-05
139.8	1.70897e-05
139.82	1.71255e-05
139.84	1.71613e-05
139.86	1.71969e-05
139.88	1.72325e-05
139.9	1.72679e-05
139.92	1.73033e-05
139.94	1.73385e-05
139.96	1.73737e-05
139.98	1.74087e-05
140	1.74437e-05
140.02	1.74785e-05
140.04	1.75133e-05
140.06	1.7548e-05
140.08	1.75825e-05
140.1	1.7617e-05
140.12	1.76514e-05
140.14	1.76857e-05
140.16	1.77199e-05
140.18	1.77541e-05
140.2	1.77881e-05
140.22	1.7822e-05
140.24	1.78559e-05
140.26	1.78896e-05
140.28	1.79233e-05
140.3	1.79569e-05
140.32	1.79904e-05
140.34	1.80238e-05
140.36	1.80571e-05
140.38	1.80903e-05
140.4	1.81235e-05
140.42	1.81565e-05
140.44	1.81895e-05
140.46	1.82223e-05
140.48	1.82551e-05
140.5	1.82878e-05
140.52	1.83205e-05
140.54	1.8353e-05
140.56	1.83854e-05
140.58	1.84178e-05
140.6	1.84501e-05
140.62	1.84822e-05
140.64	1.85143e-05
140.66	1.85464e-05
140.68	1.85783e-05
140.7	1.86101e-05
140.72	1.86419e-05
140.74	1.86735e-05
140.76	1.87051e-05
140.78	1.87366e-05
140.8	1.8768e-05
140.82	1.87994e-05
140.84	1.88306e-05
140.86	1.88618e-05
140.88	1.88928e-05
140.9	1.89238e-05
140.92	1.89547e-05
140.94	1.89855e-05
140.96	1.90163e-05
140.98	1.90469e-05
141	1.90775e-05
141.02	1.91079e-05
141.04	1.91383e-05
141.06	1.91686e-05
141.08	1.91988e-05
141.1	1.9229e-05
141.12	1.9259e-05
141.14	1.9289e-05
141.16	1.93189e-05
141.18	1.93486e-05
141.2	1.93784e-05
141.22	1.9408e-05
141.24	1.94375e-05
141.26	1.9467e-05
141.28	1.94963e-05
141.3	1.95256e-05
141.32	1.95548e-05
141.34	1.95839e-05
141.36	1.9613e-05
141.38	1.96419e-05
141.4	1.96708e-05
141.42	1.96996e-05
141.44	1.97283e-05
141.46	1.97569e-05
141.48	1.97854e-05
141.5	1.98139e-05
141.52	1.98422e-05
141.54	1.98705e-05
141.56	1.98987e-05
141.58	1.99268e-05
141.6	1.99549e-05
141.62	1.99828e-05
141.64	2.00107e-05
141.66	2.00385e-05
141.68	2.00662e-05
141.7	2.00938e-05
141.72	2.01213e-05
141.74	2.01488e-05
141.76	2.01762e-05
141.78	2.02035e-05
141.8	2.02307e-05
141.82	2.02578e-05
141.84	2.02849e-05
141.86	2.03119e-05
141.88	2.03388e-05
141.9	2.03656e-05
141.92	2.03923e-05
141.94	2.0419e-05
141.96	2.04455e-05
141.98	2.0472e-05
142	2.04984e-05
142.02	2.05248e-05
142.04	2.0551e-05
142.06	2.05772e-05
142.08	2.06033e-05
142.1	2.06293e-05
142.12	2.06553e-05
142.14	2.06811e-05
142.16	2.07069e-05
142.18	2.07326e-05
142.2	2.07583e-05
142.22	2.07838e-05
142.24	2.08093e-05
142.26	2.08347e-05
142.28	2.08601e-05
142.3	2.08853e-05
142.32	2.09105e-05
142.34	2.09356e-05
142.36	2.09606e-05
142.38	2.09856e-05
142.4	2.10104e-05
142.42	2.10352e-05
142.44	2.106e-05
142.46	2.10846e-05
142.48	2.11092e-05
142.5	2.11337e-05
142.52	2.11581e-05
142.54	2.11825e-05
142.56	2.12068e-05
142.58	2.1231e-05
142.6	2.12552e-05
142.62	2.12792e-05
142.64	2.13032e-05
142.66	2.13272e-05
142.68	2.1351e-05
142.7	2.13748e-05
142.72	2.13985e-05
142.74	2.14222e-05
142.76	2.14458e-05
142.78	2.14693e-05
142.8	2.14927e-05
142.82	2.15161e-05
142.84	2.15394e-05
142.86	2.15626e-05
142.88	2.15858e-05
142.9	2.16089e-05
142.92	2.16319e-05
142.94	2.16549e-05
142.96	2.16778e-05
142.98	2.17006e-05
143	2.17233e-05
143.02	2.1746e-05
143.04	2.17687e-05
143.06	2.17912e-05
143.08	2.18137e-05
143.1	2.18362e-05
143.12	2.18585e-05
143.14	2.18808e-05
143.16	2.19031e-05
143.18	2.19252e-05
143.2	2.19473e-05
143.22	2.19694e-05
143.24	2.19914e-05
143.26	2.20133e-05
143.28	2.20352e-05
143.3	2.2057e-05
143.32	2.20787e-05
143.34	2.21004e-05
143.36	2.2122e-05
143.38	2.21435e-05
143.4	2.2165e-05
143.42	2.21864e-05
143.44	2.22078e-05
143.46	2.22291e-05
143.48	2.22504e-05
143.5	2.22715e-05
143.52	2.22927e-05
143.54	2.23137e-05
143.56	2.23348e-05
143.58	2.23557e-05
143.6	2.23766e-05
143.62	2.23975e-05
143.64	2.24182e-05
143.66	2.2439e-05
143.68	2.24596e-05
143.7	2.24802e-05
143.72	2.25008e-05
143.74	2.25213e-05
143.76	2.25417e-05
143.78	2.25621e-05
143.8	2.25825e-05
143.82	2.26027e-05
143.84	2.2623e-05
143.86	2.26431e-05
143.88	2.26633e-05
143.9	2.26833e-05
143.92	2.27033e-05
143.94	2.27233e-05
143.96	2.27432e-05
143.98	2.2763e-05
144	2.27828e-05
144.02	2.28026e-05
144.04	2.28222e-05
144.06	2.28419e-05
144.08	2.28615e-05
144.1	2.2881e-05
144.12	2.29005e-05
144.14	2.29199e-05
144.16	2.29393e-05
144.18	2.29586e-05
144.2	2.29779e-05
144.22	2.29971e-05
144.24	2.30163e-05
144.26	2.30355e-05
144.28	2.30545e-05
144.3	2.30736e-05
144.32	2.30926e-05
144.34	2.31115e-05
144.36	2.31304e-05
144.38	2.31492e-05
144.4	2.3168e-05
144.42	2.31868e-05
144.44	2.32055e-05
144.46	2.32241e-05
144.48	2.32427e-05
144.5	2.32613e-05
144.52	2.32798e-05
144.54	2.32983e-05
144.56	2.33167e-05
144.58	2.33351e-05
144.6	2.33534e-05
144.62	2.33717e-05
144.64	2.339e-05
144.66	2.34082e-05
144.68	2.34263e-05
144.7	2.34444e-05
144.72	2.34625e-05
144.74	2.34805e-05
144.76	2.34985e-05
144.78	2.35164e-05
144.8	2.35343e-05
144.82	2.35522e-05
144.84	2.357e-05
144.86	2.35878e-05
144.88	2.36055e-05
144.9	2.36232e-05
144.92	2.36408e-05
144.94	2.36584e-05
144.96	2.3676e-05
144.98	2.36935e-05
145	2.3711e-05
145.02	2.37285e-05
145.04	2.37459e-05
145.06	2.37632e-05
145.08	2.37806e-05
145.1	2.37978e-05
145.12	2.38151e-05
145.14	2.38323e-05
145.16	2.38495e-05
145.18	2.38666e-05
145.2	2.38837e-05
145.22	2.39008e-05
145.24	2.39178e-05
145.26	2.39348e-05
145.28	2.39517e-05
145.3	2.39686e-05
145.32	2.39855e-05
145.34	2.40023e-05
145.36	2.40191e-05
145.38	2.40359e-05
145.4	2.40526e-05
145.42	2.40693e-05
145.44	2.4086e-05
145.46	2.41026e-05
145.48	2.41192e-05
145.5	2.41357e-05
145.52	2.41522e-05
145.54	2.41687e-05
145.56	2.41852e-05
145.58	2.42016e-05
145.6	2.4218e-05
145.62	2.42343e-05
145.64	2.42506e-05
145.66	2.42669e-05
145.68	2.42832e-05
145.7	2.42994e-05
145.72	2.43156e-05
145.74	2.43317e-05
145.76	2.43478e-05
145.78	2.43639e-05
145.8	2.438e-05
145.82	2.4396e-05
145.84	2.4412e-05
145.86	2.4428e-05
145.88	2.44439e-05
145.9	2.44598e-05
145.92	2.44757e-05
145.94	2.44915e-05
145.96	2.45073e-05
145.98	2.45231e-05
146	2.45389e-05
146.02	2.45546e-05
146.04	2.45703e-05
146.06	2.4586e-05
146.08	2.46016e-05
146.1	2.46172e-05
146.12	2.46328e-05
146.14	2.46484e-05
146.16	2.46639e-05
146.18	2.46794e-05
146.2	2.46948e-05
146.22	2.47103e-05
146.24	2.47257e-05
146.26	2.47411e-05
146.28	2.47565e-05
146.3	2.47718e-05
146.32	2.47871e-05
146.34	2.48024e-05
146.36	2.48176e-05
146.38	2.48329e-05
146.4	2.48481e-05
146.42	2.48633e-05
146.44	2.48784e-05
146.46	2.48935e-05
146.48	2.49086e-05
146.5	2.49237e-05
146.52	2.49388e-05
146.54	2.49538e-05
146.56	2.49688e-05
146.58	2.49838e-05
146.6	2.49988e-05
146.62	2.50137e-05
146.64	2.50286e-05
146.66	2.50435e-05
146.68	2.50584e-05
146.7	2.50732e-05
146.72	2.5088e-05
146.74	2.51028e-05
146.76	2.51176e-05
146.78	2.51324e-05
146.8	2.51471e-05
146.82	2.51618e-05
146.84	2.51765e-05
146.86	2.51911e-05
146.88	2.52058e-05
146.9	2.52204e-05
146.92	2.5235e-05
146.94	2.52496e-05
146.96	2.52642e-05
146.98	2.52787e-05
147	2.52932e-05
147.02	2.53077e-05
147.04	2.53222e-05
147.06	2.53367e-05
147.08	2.53511e-05
147.1	2.53656e-05
147.12	2.538e-05
147.14	2.53943e-05
147.16	2.54087e-05
147.18	2.54231e-05
147.2	2.54374e-05
147.22	2.54517e-05
147.24	2.5466e-05
147.26	2.54803e-05
147.28	2.54945e-05
147.3	2.55088e-05
147.32	2.5523e-05
147.34	2.55372e-05
147.36	2.55514e-05
147.38	2.55656e-05
147.4	2.55798e-05
147.42	2.55939e-05
147.44	2.5608e-05
147.46	2.56221e-05
147.48	2.56362e-05
147.5	2.56503e-05
147.52	2.56644e-05
147.54	2.56784e-05
147.56	2.56924e-05
147.58	2.57065e-05
147.6	2.57205e-05
147.62	2.57344e-05
147.64	2.57484e-05
147.66	2.57624e-05
147.68	2.57763e-05
147.7	2.57903e-05
147.72	2.58042e-05
147.74	2.58181e-05
147.76	2.5832e-05
147.78	2.58458e-05
147.8	2.58597e-05
147.82	2.58735e-05
147.84	2.58874e-05
147.86	2.59012e-05
147.88	2.5915e-05
147.9	2.59288e-05
147.92	2.59426e-05
147.94	2.59564e-05
147.96	2.59701e-05
147.98	2.59839e-05
148	2.59976e-05
148.02	2.60114e-05
148.04	2.60251e-05
148.06	2.60388e-05
148.08	2.60525e-05
148.1	2.60662e-05
148.12	2.60798e-05
148.14	2.60935e-05
148.16	2.61072e-05
148.18	2.61208e-05
148.2	2.61344e-05
148.22	2.61481e-05
148.24	2.61617e-05
148.26	2.61753e-05
148.28	2.61889e-05
148.3	2.62025e-05
148.32	2.6216e-05
148.34	2.62296e-05
148.36	2.62432e-05
148.38	2.62567e-05
148.4	2.62703e-05
148.42	2.62838e-05
148.44	2.62973e-05
148.46	2.63109e-05
148.48	2.63244e-05
148.5	2.63379e-05
148.52	2.63514e-05
148.54	2.63649e-05
148.56	2.63784e-05
148.58	2.63918e-05
148.6	2.64053e-05
148.62	2.64188e-05
148.64	2.64322e-05
148.66	2.64457e-05
148.68	2.64591e-05
148.7	2.64726e-05
148.72	2.6486e-05
148.74	2.64994e-05
148.76	2.65129e-05
148.78	2.65263e-05
148.8	2.65397e-05
148.82	2.65531e-05
148.84	2.65665e-05
148.86	2.65799e-05
148.88	2.65933e-05
148.9	2.66067e-05
148.92	2.66201e-05
148.94	2.66335e-05
148.96	2.66469e-05
148.98	2.66602e-05
149	2.66736e-05
149.02	2.6687e-05
149.04	2.67004e-05
149.06	2.67137e-05
149.08	2.67271e-05
149.1	2.67404e-05
149.12	2.67538e-05
149.14	2.67671e-05
149.16	2.67805e-05
149.18	2.67938e-05
149.2	2.68072e-05
149.22	2.68205e-05
149.24	2.68339e-05
149.26	2.68472e-05
149.28	2.68606e-05
149.3	2.68739e-05
149.32	2.68873e-05
149.34	2.69006e-05
149.36	2.69139e-05
149.38	2.69273e-05
149.4	2.69406e-05
149.42	2.6954e-05
149.44	2.69673e-05
149.46	2.69806e-05
149.48	2.6994e-05
149.5	2.70073e-05
149.52	2.70207e-05
149.54	2.7034e-05
149.56	2.70473e-05
149.58	2.70607e-05
149.6	2.7074e-05
149.62	2.70874e-05
149.64	2.71007e-05
149.66	2.71141e-05
149.68	2.71274e-05
149.7	2.71408e-05
149.72	2.71541e-05
149.74	2.71675e-05
149.76	2.71809e-05
149.78	2.71942e-05
149.8	2.72076e-05
149.82	2.7221e-05
149.84	2.72343e-05
149.86	2.72477e-05
149.88	2.72611e-05
149.9	2.72745e-05
149.92	2.72879e-05
149.94	2.73013e-05
149.96	2.73147e-05
149.98	2.73281e-05
150	2.73415e-05
150.02	2.73549e-05
150.04	2.73683e-05
150.06	2.73817e-05
150.08	2.73952e-05
150.1	2.74086e-05
150.12	2.74221e-05
150.14	2.74355e-05
150.16	2.7449e-05
150.18	2.74624e-05
150.2	2.74759e-05
150.22	2.74893e-05
150.24	2.75028e-05
150.26	2.75163e-05
150.28	2.75298e-05
150.3	2.75433e-05
150.32	2.75568e-05
150.34	2.75703e-05
150.36	2.75838e-05
150.38	2.75974e-05
150.4	2.76109e-05
150.42	2.76245e-05
150.44	2.7638e-05
150.46	2.76516e-05
150.48	2.76651e-05
150.5	2.76787e-05
150.52	2.76923e-05
150.54	2.77059e-05
150.56	2.77195e-05
150.58	2.77332e-05
150.6	2.77468e-05
150.62	2.77604e-05
150.64	2.77741e-05
150.66	2.77877e-05
150.68	2.78014e-05
150.7	2.78151e-05
150.72	2.78288e-05
150.74	2.78425e-05
150.76	2.78562e-05
150.78	2.78699e-05
150.8	2.78837e-05
150.82	2.78974e-05
150.84	2.79112e-05
150.86	2.7925e-05
150.88	2.79387e-05
150.9	2.79525e-05
150.92	2.79664e-05
150.94	2.79802e-05
150.96	2.7994e-05
150.98	2.80079e-05
151	2.80217e-05
151.02	2.80356e-05
151.04	2.80495e-05
151.06	2.80634e-05
151.08	2.80773e-05
151.1	2.80913e-05
151.12	2.81052e-05
151.14	2.81192e-05
151.16	2.81332e-05
151.18	2.81472e-05
151.2	2.81612e-05
151.22	2.81752e-05
151.24	2.81893e-05
151.26	2.82033e-05
151.28	2.82174e-05
151.3	2.82315e-05
151.32	2.82456e-05
151.34	2.82598e-05
151.36	2.82739e-05
151.38	2.82881e-05
151.4	2.83022e-05
151.42	2.83164e-05
151.44	2.83307e-05
151.46	2.83449e-05
151.48	2.83592e-05
151.5	2.83734e-05
151.52	2.83877e-05
151.54	2.8402e-05
151.56	2.84164e-05
151.58	2.84307e-05
151.6	2.84451e-05
151.62	2.84595e-05
151.64	2.84739e-05
151.66	2.84883e-05
151.68	2.85028e-05
151.7	2.85173e-05
151.72	2.85317e-05
151.74	2.85463e-05
151.76	2.85608e-05
151.78	2.85754e-05
151.8	2.85899e-05
151.82	2.86046e-05
151.84	2.86192e-05
151.86	2.86338e-05
151.88	2.86485e-05
151.9	2.86632e-05
151.92	2.86779e-05
151.94	2.86927e-05
151.96	2.87074e-05
151.98	2.87222e-05
152	2.87371e-05
152.02	2.87519e-05
152.04	2.87668e-05
152.06	2.87817e-05
152.08	2.87966e-05
152.1	2.88115e-05
152.12	2.88265e-05
152.14	2.88415e-05
152.16	2.88565e-05
152.18	2.88716e-05
152.2	2.88867e-05
152.22	2.89018e-05
152.24	2.89169e-05
152.26	2.89321e-05
152.28	2.89473e-05
152.3	2.89625e-05
152.32	2.89777e-05
152.34	2.8993e-05
152.36	2.90083e-05
152.38	2.90237e-05
152.4	2.9039e-05
152.42	2.90544e-05
152.44	2.90699e-05
152.46	2.90853e-05
152.48	2.91008e-05
152.5	2.91164e-05
152.52	2.91319e-05
152.54	2.91475e-05
152.56	2.91631e-05
152.58	2.91788e-05
152.6	2.91945e-05
152.62	2.92102e-05
152.64	2.9226e-05
152.66	2.92418e-05
152.68	2.92576e-05
152.7	2.92734e-05
152.72	2.92893e-05
152.74	2.93053e-05
152.76	2.93212e-05
152.78	2.93372e-05
152.8	2.93533e-05
152.82	2.93694e-05
152.84	2.93855e-05
152.86	2.94016e-05
152.88	2.94178e-05
152.9	2.94341e-05
152.92	2.94503e-05
152.94	2.94666e-05
152.96	2.9483e-05
152.98	2.94994e-05
153	2.95158e-05
153.02	2.95323e-05
153.04	2.95488e-05
153.06	2.95653e-05
153.08	2.95819e-05
153.1	2.95986e-05
153.12	2.96152e-05
153.14	2.9632e-05
153.16	2.96487e-05
153.18	2.96655e-05
153.2	2.96824e-05
153.22	2.96993e-05
153.24	2.97162e-05
153.26	2.97332e-05
153.28	2.97503e-05
153.3	2.97674e-05
153.32	2.97845e-05
153.34	2.98017e-05
153.36	2.98189e-05
153.38	2.98362e-05
153.4	2.98535e-05
153.42	2.98709e-05
153.44	2.98883e-05
153.46	2.99058e-05
153.48	2.99233e-05
153.5	2.99409e-05
153.52	2.99585e-05
153.54	2.99762e-05
153.56	2.9994e-05
153.58	3.00117e-05
153.6	3.00296e-05
153.62	3.00475e-05
153.64	3.00654e-05
153.66	3.00835e-05
153.68	3.01015e-05
153.7	3.01197e-05
153.72	3.01378e-05
153.74	3.01561e-05
153.76	3.01744e-05
153.78	3.01927e-05
153.8	3.02112e-05
153.82	3.02297e-05
153.84	3.02482e-05
153.86	3.02668e-05
153.88	3.02855e-05
153.9	3.03042e-05
153.92	3.0323e-05
153.94	3.03419e-05
153.96	3.03608e-05
153.98	3.03798e-05
154	3.03988e-05
154.02	3.0418e-05
154.04	3.04372e-05
154.06	3.04564e-05
154.08	3.04758e-05
154.1	3.04952e-05
154.12	3.05146e-05
154.14	3.05342e-05
154.16	3.05538e-05
154.18	3.05735e-05
154.2	3.05933e-05
154.22	3.06131e-05
154.24	3.06331e-05
154.26	3.06531e-05
154.28	3.06731e-05
154.3	3.06933e-05
154.32	3.07135e-05
154.34	3.07339e-05
154.36	3.07543e-05
154.38	3.07747e-05
154.4	3.07953e-05
154.42	3.0816e-05
154.44	3.08367e-05
154.46	3.08575e-05
154.48	3.08784e-05
154.5	3.08994e-05
154.52	3.09205e-05
154.54	3.09417e-05
154.56	3.0963e-05
154.58	3.09843e-05
154.6	3.10058e-05
154.62	3.10274e-05
154.64	3.1049e-05
154.66	3.10708e-05
154.68	3.10926e-05
154.7	3.11146e-05
154.72	3.11366e-05
154.74	3.11588e-05
154.76	3.11811e-05
154.78	3.12034e-05
154.8	3.12259e-05
154.82	3.12485e-05
154.84	3.12712e-05
154.86	3.1294e-05
154.88	3.13169e-05
154.9	3.134e-05
154.92	3.13631e-05
154.94	3.13864e-05
154.96	3.14098e-05
154.98	3.14333e-05
155	3.14569e-05
155.02	3.14807e-05
155.04	3.15046e-05
155.06	3.15286e-05
155.08	3.15527e-05
155.1	3.1577e-05
155.12	3.16014e-05
155.14	3.1626e-05
155.16	3.16507e-05
155.18	3.16755e-05
155.2	3.17005e-05
155.22	3.17256e-05
155.24	3.17509e-05
155.26	3.17763e-05
155.28	3.18018e-05
155.3	3.18276e-05
155.32	3.18534e-05
155.34	3.18795e-05
155.36	3.19057e-05
155.38	3.1932e-05
155.4	3.19586e-05
155.42	3.19853e-05
155.44	3.20122e-05
155.46	3.20392e-05
155.48	3.20664e-05
155.5	3.20938e-05
155.52	3.21214e-05
155.54	3.21492e-05
155.56	3.21772e-05
155.58	3.22054e-05
155.6	3.22338e-05
155.62	3.22623e-05
155.64	3.22911e-05
155.66	3.23201e-05
155.68	3.23493e-05
155.7	3.23788e-05
155.72	3.24084e-05
155.74	3.24383e-05
155.76	3.24684e-05
155.78	3.24988e-05
155.8	3.25294e-05
155.82	3.25602e-05
155.84	3.25913e-05
155.86	3.26227e-05
155.88	3.26543e-05
155.9	3.26862e-05
155.92	3.27184e-05
155.94	3.27508e-05
155.96	3.27836e-05
155.98	3.28166e-05
156	3.28499e-05
156.02	3.28836e-05
156.04	3.29176e-05
156.06	3.29519e-05
156.08	3.29865e-05
156.1	3.30214e-05
156.12	3.30568e-05
156.14	3.30924e-05
156.16	3.31285e-05
156.18	3.31649e-05
156.2	3.32017e-05
156.22	3.32389e-05
156.24	3.32766e-05
156.26	3.33146e-05
156.28	3.33531e-05
156.3	3.33921e-05
156.32	3.34315e-05
156.34	3.34713e-05
156.36	3.35117e-05
156.38	3.35526e-05
156.4	3.3594e-05
156.42	3.36359e-05
156.44	3.36784e-05
156.46	3.37215e-05
156.48	3.37652e-05
156.5	3.38095e-05
156.52	3.38544e-05
156.54	3.39e-05
156.56	3.39463e-05
156.58	3.39934e-05
156.6	3.40411e-05
156.62	3.40897e-05
156.64	3.41391e-05
156.66	3.41893e-05
156.68	3.42404e-05
156.7	3.42924e-05
156.72	3.43454e-05
156.74	3.43994e-05
156.76	3.44544e-05
156.78	3.45106e-05
156.8	3.45679e-05
156.82	3.46265e-05
156.84	3.46863e-05
156.86	3.47476e-05
156.88	3.48102e-05
156.9	3.48744e-05
156.92	3.49403e-05
156.94	3.50078e-05
156.96	3.50772e-05
156.98	3.51485e-05
157	3.5222e-05
157.02	3.52976e-05
157.04	3.53757e-05
157.06	3.54564e-05
157.08	3.55399e-05
157.1	3.56264e-05
157.12	3.57162e-05
157.14	3.58096e-05
157.16	3.59069e-05
157.18	3.60085e-05
157.2	3.61149e-05
157.22	3.62265e-05
157.24	3.6344e-05
157.26	3.6468e-05
157.28	3.65995e-05
157.3	3.67393e-05
157.32	3.68887e-05
157.34	3.7049e-05
157.36	3.72221e-05
157.38	3.74101e-05
157.4	3.76158e-05
157.42	3.78426e-05
157.44	3.80953e-05
157.46	3.83798e-05
157.48	3.87045e-05
157.5	3.9081e-05
157.52	3.95261e-05
157.54	4.00652e-05
157.56	4.07383e-05
157.58	4.16128e-05
157.6	4.28116e-05
157.62	4.45818e-05
157.64	4.74916e-05
157.66	5.30568e-05
157.68	6.55589e-05
157.7	9.29012e-05
157.72	0.000135175
157.74	0.000176096
157.76	0.000202652
157.78	0.000214495
157.8	0.000214543
157.82	0.000203043
157.84	0.000180645
157.86	0.000150963
157.88	0.00011924
157.9	9.00473e-05
157.92	6.60191e-05
157.94	4.78865e-05
157.96	3.50554e-05
157.98	2.6334e-05
158	2.05121e-05
158.02	1.66223e-05
158.04	1.39825e-05
158.06	1.21551e-05
158.08	1.08772e-05
158.1	9.98772e-06
158.12	9.37868e-06
158.14	8.97224e-06
158.16	8.71086e-06
158.18	8.5522e-06
158.2	8.4656e-06
158.22	8.42908e-06
158.24	8.42723e-06
158.26	8.44931e-06
158.28	8.48781e-06
158.3	8.53741e-06
158.32	8.59443e-06
158.34	8.6563e-06
158.36	8.72131e-06
158.38	8.78832e-06
158.4	8.85662e-06
158.42	8.92581e-06
158.44	8.99566e-06
158.46	9.06609e-06
158.48	9.1371e-06
158.5	9.20871e-06
158.52	9.28101e-06
158.54	9.35404e-06
158.56	9.42788e-06
158.58	9.5026e-06
158.6	9.57823e-06
158.62	9.65481e-06
158.64	9.73236e-06
158.66	9.81088e-06
158.68	9.89037e-06
158.7	9.9708e-06
158.72	1.00521e-05
158.74	1.01343e-05
158.76	1.02174e-05
158.78	1.03012e-05
158.8	1.03857e-05
158.82	1.04708e-05
158.84	1.05565e-05
158.86	1.06427e-05
158.88	1.07293e-05
158.9	1.08162e-05
158.92	1.09035e-05
158.94	1.09909e-05
158.96	1.10784e-05
158.98	1.11659e-05
159	1.12534e-05
159.02	1.13408e-05
159.04	1.1428e-05
159.06	1.1515e-05
159.08	1.16016e-05
159.1	1.16878e-05
159.12	1.17736e-05
159.14	1.18589e-05
159.16	1.19437e-05
159.18	1.20278e-05
159.2	1.21113e-05
159.22	1.21941e-05
159.24	1.22762e-05
159.26	1.23575e-05
159.28	1.2438e-05
159.3	1.25176e-05
159.32	1.25964e-05
159.34	1.26743e-05
159.36	1.27513e-05
159.38	1.28273e-05
159.4	1.29024e-05
159.42	1.29766e-05
159.44	1.30498e-05
159.46	1.31221e-05
159.48	1.31934e-05
159.5	1.32637e-05
159.52	1.33331e-05
159.54	1.34014e-05
159.56	1.34689e-05
159.58	1.35354e-05
159.6	1.36009e-05
159.62	1.36655e-05
159.64	1.37292e-05
159.66	1.37919e-05
159.68	1.38538e-05
159.7	1.39148e-05
159.72	1.39749e-05
159.74	1.40342e-05
159.76	1.40926e-05
159.78	1.41503e-05
159.8	1.42072e-05
159.82	1.42633e-05
159.84	1.43187e-05
159.86	1.43733e-05
159.88	1.44273e-05
159.9	1.44806e-05
159.92	1.45332e-05
159.94	1.45853e-05
159.96	1.46366e-05
159.98	1.46874e-05
160	1.47377e-05
160.02	1.47873e-05
160.04	1.48365e-05
160.06	1.48851e-05
160.08	1.49332e-05
160.1	1.49808e-05
160.12	1.5028e-05
160.14	1.50747e-05
160.16	1.5121e-05
160.18	1.51668e-05
160.2	1.52123e-05
160.22	1.52573e-05
160.24	1.5302e-05
160.26	1.53463e-05
160.28	1.53903e-05
160.3	1.54339e-05
160.32	1.54772e-05
160.34	1.55202e-05
160.36	1.55629e-05
160.38	1.56053e-05
160.4	1.56474e-05
160.42	1.56893e-05
160.44	1.57308e-05
160.46	1.57722e-05
160.48	1.58133e-05
160.5	1.58541e-05
160.52	1.58947e-05
160.54	1.59351e-05
160.56	1.59753e-05
160.58	1.60153e-05
160.6	1.60551e-05
160.62	1.60947e-05
160.64	1.6134e-05
160.66	1.61733e-05
160.68	1.62123e-05
160.7	1.62512e-05
160.72	1.62899e-05
160.74	1.63284e-05
160.76	1.63668e-05
160.78	1.6405e-05
160.8	1.64431e-05
160.82	1.6481e-05
160.84	1.65188e-05
160.86	1.65564e-05
160.88	1.6594e-05
160.9	1.66313e-05
160.92	1.66686e-05
160.94	1.67057e-05
160.96	1.67427e-05
160.98	1.67796e-05
161	1.68163e-05
161.02	1.6853e-05
161.04	1.68895e-05
161.06	1.69259e-05
161.08	1.69622e-05
161.1	1.69984e-05
161.12	1.70344e-05
161.14	1.70704e-05
161.16	1.71062e-05
161.18	1.7142e-05
161.2	1.71777e-05
161.22	1.72132e-05
161.24	1.72486e-05
161.26	1.7284e-05
161.28	1.73192e-05
161.3	1.73544e-05
161.32	1.73894e-05
161.34	1.74244e-05
161.36	1.74593e-05
161.38	1.7494e-05
161.4	1.75287e-05
161.42	1.75633e-05
161.44	1.75978e-05
161.46	1.76322e-05
161.48	1.76665e-05
161.5	1.77007e-05
161.52	1.77348e-05
161.54	1.77688e-05
161.56	1.78027e-05
161.58	1.78366e-05
161.6	1.78703e-05
161.62	1.7904e-05
161.64	1.79376e-05
161.66	1.79711e-05
161.68	1.80045e-05
161.7	1.80378e-05
161.72	1.8071e-05
161.74	1.81042e-05
161.76	1.81372e-05
161.78	1.81702e-05
161.8	1.8203e-05
161.82	1.82358e-05
161.84	1.82685e-05
161.86	1.83011e-05
161.88	1.83337e-05
161.9	1.83661e-05
161.92	1.83985e-05
161.94	1.84307e-05
161.96	1.84629e-05
161.98	1.8495e-05
162	1.8527e-05
162.02	1.85589e-05
162.04	1.85908e-05
162.06	1.86225e-05
162.08	1.86542e-05
162.1	1.86857e-05
162.12	1.87172e-05
162.14	1.87486e-05
162.16	1.878e-05
162.18	1.88112e-05
162.2	1.88424e-05
162.22	1.88734e-05
162.24	1.89044e-05
162.26	1.89353e-05
162.28	1.89661e-05
162.3	1.89968e-05
162.32	1.90275e-05
162.34	1.9058e-05
162.36	1.90885e-05
162.38	1.91189e-05
162.4	1.91491e-05
162.42	1.91794e-05
162.44	1.92095e-05
162.46	1.92395e-05
162.48	1.92695e-05
162.5	1.92994e-05
162.52	1.93291e-05
162.54	1.93588e-05
162.56	1.93885e-05
162.58	1.9418e-05
162.6	1.94474e-05
162.62	1.94768e-05
162.64	1.95061e-05
162.66	1.95353e-05
162.68	1.95644e-05
162.7	1.95934e-05
162.72	1.96223e-05
162.74	1.96512e-05
162.76	1.968e-05
162.78	1.97087e-05
162.8	1.97373e-05
162.82	1.97658e-05
162.84	1.97942e-05
162.86	1.98226e-05
162.88	1.98509e-05
162.9	1.98791e-05
162.92	1.99072e-05
162.94	1.99352e-05
162.96	1.99631e-05
162.98	1.9991e-05
163	2.00188e-05
163.02	2.00465e-05
163.04	2.00741e-05
163.06	2.01016e-05
163.08	2.01291e-05
163.1	2.01564e-05
163.12	2.01837e-05
163.14	2.02109e-05
163.16	2.02381e-05
163.18	2.02651e-05
163.2	2.02921e-05
163.22	2.03189e-05
163.24	2.03457e-05
163.26	2.03725e-05
163.28	2.03991e-05
163.3	2.04257e-05
163.32	2.04522e-05
163.34	2.04786e-05
163.36	2.05049e-05
163.38	2.05311e-05
163.4	2.05573e-05
163.42	2.05834e-05
163.44	2.06094e-05
163.46	2.06353e-05
163.48	2.06612e-05
163.5	2.06869e-05
163.52	2.07126e-05
163.54	2.07383e-05
163.56	2.07638e-05
163.58	2.07893e-05
163.6	2.08147e-05
163.62	2.084e-05
163.64	2.08652e-05
163.66	2.08904e-05
163.68	2.09155e-05
163.7	2.09405e-05
163.72	2.09654e-05
163.74	2.09903e-05
163.76	2.10151e-05
163.78	2.10398e-05
163.8	2.10644e-05
163.82	2.1089e-05
163.84	2.11135e-05
163.86	2.11379e-05
163.88	2.11623e-05
163.9	2.11865e-05
163.92	2.12107e-05
163.94	2.12349e-05
163.96	2.12589e-05
163.98	2.12829e-05
164	2.13068e-05
164.02	2.13306e-05
164.04	2.13544e-05
164.06	2.13781e-05
164.08	2.14017e-05
164.1	2.14253e-05
164.12	2.14488e-05
164.14	2.14722e-05
164.16	2.14956e-05
164.18	2.15189e-05
164.2	2.15421e-05
164.22	2.15652e-05
164.24	2.15883e-05
164.26	2.16113e-05
164.28	2.16342e-05
164.3	2.16571e-05
164.32	2.16799e-05
164.34	2.17027e-05
164.36	2.17253e-05
164.38	2.17479e-05
164.4	2.17705e-05
164.42	2.1793e-05
164.44	2.18154e-05
164.46	2.18377e-05
164.48	2.186e-05
164.5	2.18822e-05
164.52	2.19044e-05
164.54	2.19265e-05
164.56	2.19485e-05
164.58	2.19704e-05
164.6	2.19923e-05
164.62	2.20142e-05
164.64	2.20359e-05
164.66	2.20577e-05
164.68	2.20793e-05
164.7	2.21009e-05
164.72	2.21224e-05
164.74	2.21439e-05
164.76	2.21653e-05
164.78	2.21866e-05
164.8	2.22079e-05
164.82	2.22291e-05
164.84	2.22503e-05
164.86	2.22714e-05
164.88	2.22924e-05
164.9	2.23134e-05
164.92	2.23344e-05
164.94	2.23552e-05
164.96	2.2376e-05
164.98	2.23968e-05
165	2.24175e-05
165.02	2.24381e-05
165.04	2.24587e-05
165.06	2.24792e-05
165.08	2.24997e-05
165.1	2.25201e-05
165.12	2.25405e-05
165.14	2.25608e-05
165.16	2.25811e-05
165.18	2.26012e-05
165.2	2.26214e-05
165.22	2.26415e-05
165.24	2.26615e-05
165.26	2.26815e-05
165.28	2.27014e-05
165.3	2.27213e-05
165.32	2.27411e-05
165.34	2.27608e-05
165.36	2.27806e-05
165.38	2.28002e-05
165.4	2.28198e-05
165.42	2.28394e-05
165.44	2.28589e-05
165.46	2.28783e-05
165.48	2.28977e-05
165.5	2.29171e-05
165.52	2.29364e-05
165.54	2.29556e-05
165.56	2.29748e-05
165.58	2.2994e-05
165.6	2.30131e-05
165.62	2.30321e-05
165.64	2.30511e-05
165.66	2.30701e-05
165.68	2.3089e-05
165.7	2.31078e-05
165.72	2.31266e-05
165.74	2.31454e-05
165.76	2.31641e-05
165.78	2.31828e-05
165.8	2.32014e-05
165.82	2.322e-05
165.84	2.32385e-05
165.86	2.3257e-05
165.88	2.32754e-05
165.9	2.32938e-05
165.92	2.33121e-05
165.94	2.33304e-05
165.96	2.33487e-05
165.98	2.33669e-05
166	2.33851e-05
166.02	2.34032e-05
166.04	2.34213e-05
166.06	2.34393e-05
166.08	2.34573e-05
166.1	2.34752e-05
166.12	2.34931e-05
166.14	2.3511e-05
166.16	2.35288e-05
166.18	2.35466e-05
166.2	2.35643e-05
166.22	2.3582e-05
166.24	2.35996e-05
166.26	2.36172e-05
166.28	2.36348e-05
166.3	2.36523e-05
166.32	2.36698e-05
166.34	2.36873e-05
166.36	2.37047e-05
166.38	2.3722e-05
166.4	2.37393e-05
166.42	2.37566e-05
166.44	2.37739e-05
166.46	2.37911e-05
166.48	2.38082e-05
166.5	2.38254e-05
166.52	2.38425e-05
166.54	2.38595e-05
166.56	2.38765e-05
166.58	2.38935e-05
166.6	2.39104e-05
166.62	2.39273e-05
166.64	2.39442e-05
166.66	2.3961e-05
166.68	2.39778e-05
166.7	2.39946e-05
166.72	2.40113e-05
166.74	2.4028e-05
166.76	2.40446e-05
166.78	2.40612e-05
166.8	2.40778e-05
166.82	2.40944e-05
166.84	2.41109e-05
166.86	2.41273e-05
166.88	2.41438e-05
166.9	2.41602e-05
166.92	2.41765e-05
166.94	2.41929e-05
166.96	2.42092e-05
166.98	2.42254e-05
167	2.42417e-05
167.02	2.42579e-05
167.04	2.4274e-05
167.06	2.42902e-05
167.08	2.43063e-05
167.1	2.43223e-05
167.12	2.43384e-05
167.14	2.43544e-05
167.16	2.43704e-05
167.18	2.43863e-05
167.2	2.44022e-05
167.22	2.44181e-05
167.24	2.4434e-05
167.26	2.44498e-05
167.28	2.44656e-05
167.3	2.44813e-05
167.32	2.44971e-05
167.34	2.45128e-05
167.36	2.45284e-05
167.38	2.45441e-05
167.4	2.45597e-05
167.42	2.45753e-05
167.44	2.45908e-05
167.46	2.46064e-05
167.48	2.46219e-05
167.5	2.46373e-05
167.52	2.46528e-05
167.54	2.46682e-05
167.56	2.46836e-05
167.58	2.46989e-05
167.6	2.47143e-05
167.62	2.47296e-05
167.64	2.47449e-05
167.66	2.47601e-05
167.68	2.47753e-05
167.7	2.47906e-05
167.72	2.48057e-05
167.74	2.48209e-05
167.76	2.4836e-05
167.78	2.48511e-05
167.8	2.48662e-05
167.82	2.48812e-05
167.84	2.48962e-05
167.86	2.49112e-05
167.88	2.49262e-05
167.9	2.49412e-05
167.92	2.49561e-05
167.94	2.4971e-05
167.96	2.49858e-05
167.98	2.50007e-05
168	2.50155e-05
168.02	2.50303e-05
168.04	2.50451e-05
168.06	2.50599e-05
168.08	2.50746e-05
168.1	2.50893e-05
168.12	2.5104e-05
168.14	2.51187e-05
168.16	2.51333e-05
168.18	2.5148e-05
168.2	2.51626e-05
168.22	2.51772e-05
168.24	2.51917e-05
168.26	2.52063e-05
168.28	2.52208e-05
168.3	2.52353e-05
168.32	2.52498e-05
168.34	2.52642e-05
168.36	2.52787e-05
168.38	2.52931e-05
168.4	2.53075e-05
168.42	2.53218e-05
168.44	2.53362e-05
168.46	2.53505e-05
168.48	2.53649e-05
168.5	2.53792e-05
168.52	2.53935e-05
168.54	2.54077e-05
168.56	2.5422e-05
168.58	2.54362e-05
168.6	2.54504e-05
168.62	2.54646e-05
168.64	2.54788e-05
168.66	2.54929e-05
168.68	2.55071e-05
168.7	2.55212e-05
168.72	2.55353e-05
168.74	2.55494e-05
168.76	2.55635e-05
168.78	2.55775e-05
168.8	2.55916e-05
168.82	2.56056e-05
168.84	2.56196e-05
168.86	2.56336e-05
168.88	2.56476e-05
168.9	2.56615e-05
168.92	2.56755e-05
168.94	2.56894e-05
168.96	2.57033e-05
168.98	2.57172e-05
169	2.57311e-05
169.02	2.5745e-05
169.04	2.57588e-05
169.06	2.57727e-05
169.08	2.57865e-05
169.1	2.58003e-05
169.12	2.58141e-05
169.14	2.58279e-05
169.16	2.58417e-05
169.18	2.58554e-05
169.2	2.58692e-05
169.22	2.58829e-05
169.24	2.58966e-05
169.26	2.59103e-05
169.28	2.5924e-05
169.3	2.59377e-05
169.32	2.59514e-05
169.34	2.59651e-05
169.36	2.59787e-05
169.38	2.59923e-05
169.4	2.6006e-05
169.42	2.60196e-05
169.44	2.60332e-05
169.46	2.60468e-05
169.48	2.60604e-05
169.5	2.6074e-05
169.52	2.60875e-05
169.54	2.61011e-05
169.56	2.61146e-05
169.58	2.61281e-05
169.6	2.61417e-05
169.62	2.61552e-05
169.64	2.61687e-05
169.66	2.61822e-05
169.68	2.61957e-05
169.7	2.62092e-05
169.72	2.62226e-05
169.74	2.62361e-05
169.76	2.62495e-05
169.78	2.6263e-05
169.8	2.62764e-05
169.82	2.62899e-05
169.84	2.63033e-05
169.86	2.63167e-05
169.88	2.63301e-05
169.9	2.63435e-05
169.92	2.63569e-05
169.94	2.63703e-05
169.96	2.63836e-05
169.98	2.6397e-05
170	2.64104e-05
170.02	2.64237e-05
170.04	2.64371e-05
170.06	2.64504e-05
170.08	2.64638e-05
170.1	2.64771e-05
170.12	2.64904e-05
170.14	2.65038e-05
170.16	2.65171e-05
170.18	2.65304e-05
170.2	2.65437e-05
170.22	2.6557e-05
170.24	2.65703e-05
170.26	2.65836e-05
170.28	2.65969e-05
170.3	2.66102e-05
170.32	2.66235e-05
170.34	2.66368e-05
170.36	2.665e-05
170.38	2.66633e-05
170.4	2.66766e-05
170.42	2.66898e-05
170.44	2.67031e-05
170.46	2.67164e-05
170.48	2.67296e-05
170.5	2.67429e-05
170.52	2.67561e-05
170.54	2.67694e-05
170.56	2.67826e-05
170.58	2.67959e-05
170.6	2.68091e-05
170.62	2.68224e-05
170.64	2.68356e-05
170.66	2.68488e-05
170.68	2.68621e-05
170.7	2.68753e-05
170.72	2.68886e-05
170.74	2.69018e-05
170.76	2.6915e-05
170.78	2.69283e-05
170.8	2.69415e-05
170.82	2.69547e-05
170.84	2.6968e-05
170.86	2.69812e-05
170.88	2.69945e-05
170.9	2.70077e-05
170.92	2.70209e-05
170.94	2.70342e-05
170.96	2.70474e-05
170.98	2.70607e-05
171	2.70739e-05
171.02	2.70872e-05
171.04	2.71004e-05
171.06	2.71136e-05
171.08	2.71269e-05
171.1	2.71402e-05
171.12	2.71534e-05
171.14	2.71667e-05
171.16	2.71799e-05
171.18	2.71932e-05
171.2	2.72065e-05
171.22	2.72197e-05
171.24	2.7233e-05
171.26	2.72463e-05
171.28	2.72596e-05
171.3	2.72729e-05
171.32	2.72861e-05
171.34	2.72994e-05
171.36	2.73127e-05
171.38	2.7326e-05
171.4	2.73394e-05
171.42	2.73527e-05
171.44	2.7366e-05
171.46	2.73793e-05
171.48	2.73926e-05
171.5	2.7406e-05
171.52	2.74193e-05
171.54	2.74327e-05
171.56	2.7446e-05
171.58	2.74594e-05
171.6	2.74727e-05
171.62	2.74861e-05
171.64	2.74995e-05
171.66	2.75129e-05
171.68	2.75263e-05
171.7	2.75397e-05
171.72	2.75531e-05
171.74	2.75665e-05
171.76	2.75799e-05
171.78	2.75933e-05
171.8	2.76068e-05
171.82	2.76202e-05
171.84	2.76337e-05
171.86	2.76471e-05
171.88	2.76606e-05
171.9	2.76741e-05
171.92	2.76876e-05
171.94	2.77011e-05
171.96	2.77146e-05
171.98	2.77281e-05
172	2.77416e-05
172.02	2.77552e-05
172.04	2.77687e-05
172.06	2.77823e-05
172.08	2.77958e-05
172.1	2.78094e-05
172.12	2.7823e-05
172.14	2.78366e-05
172.16	2.78502e-05
172.18	2.78639e-05
172.2	2.78775e-05
172.22	2.78912e-05
172.24	2.79048e-05
172.26	2.79185e-05
172.28	2.79322e-05
172.3	2.79459e-05
172.32	2.79596e-05
172.34	2.79733e-05
172.36	2.79871e-05
172.38	2.80008e-05
172.4	2.80146e-05
172.42	2.80283e-05
172.44	2.80421e-05
172.46	2.80559e-05
172.48	2.80698e-05
172.5	2.80836e-05
172.52	2.80975e-05
172.54	2.81113e-05
172.56	2.81252e-05
172.58	2.81391e-05
172.6	2.8153e-05
172.62	2.81669e-05
172.64	2.81809e-05
172.66	2.81948e-05
172.68	2.82088e-05
172.7	2.82228e-05
172.72	2.82368e-05
172.74	2.82508e-05
172.76	2.82649e-05
172.78	2.82789e-05
172.8	2.8293e-05
172.82	2.83071e-05
172.84	2.83212e-05
172.86	2.83354e-05
172.88	2.83495e-05
172.9	2.83637e-05
172.92	2.83779e-05
172.94	2.83921e-05
172.96	2.84063e-05
172.98	2.84206e-05
173	2.84348e-05
173.02	2.84491e-05
173.04	2.84634e-05
173.06	2.84777e-05
173.08	2.84921e-05
173.1	2.85065e-05
173.12	2.85209e-05
173.14	2.85353e-05
173.16	2.85497e-05
173.18	2.85641e-05
173.2	2.85786e-05
173.22	2.85931e-05
173.24	2.86076e-05
173.26	2.86222e-05
173.28	2.86368e-05
173.3	2.86513e-05
173.32	2.8666e-05
173.34	2.86806e-05
173.36	2.86953e-05
173.38	2.87099e-05
173.4	2.87247e-05
173.42	2.87394e-05
173.44	2.87542e-05
173.46	2.87689e-05
173.48	2.87837e-05
173.5	2.87986e-05
173.52	2.88134e-05
173.54	2.88283e-05
173.56	2.88433e-05
173.58	2.88582e-05
173.6	2.88732e-05
173.62	2.88882e-05
173.64	2.89032e-05
173.66	2.89182e-05
173.68	2.89333e-05
173.7	2.89484e-05
173.72	2.89636e-05
173.74	2.89787e-05
173.76	2.89939e-05
173.78	2.90092e-05
173.8	2.90244e-05
173.82	2.90397e-05
173.84	2.9055e-05
173.86	2.90704e-05
173.88	2.90857e-05
173.9	2.91012e-05
173.92	2.91166e-05
173.94	2.91321e-05
173.96	2.91476e-05
173.98	2.91631e-05
174	2.91787e-05
174.02	2.91943e-05
174.04	2.92099e-05
174.06	2.92256e-05
174.08	2.92413e-05
174.1	2.9257e-05
174.12	2.92728e-05
174.14	2.92886e-05
174.16	2.93045e-05
174.18	2.93204e-05
174.2	2.93363e-05
174.22	2.93522e-05
174.24	2.93682e-05
174.26	2.93843e-05
174.28	2.94003e-05
174.3	2.94164e-05
174.32	2.94326e-05
174.34	2.94488e-05
174.36	2.9465e-05
174.38	2.94813e-05
174.4	2.94976e-05
174.42	2.95139e-05
174.44	2.95303e-05
174.46	2.95467e-05
174.48	2.95632e-05
174.5	2.95797e-05
174.52	2.95962e-05
174.54	2.96128e-05
174.56	2.96295e-05
174.58	2.96461e-05
174.6	2.96629e-05
174.62	2.96796e-05
174.64	2.96965e-05
174.66	2.97133e-05
174.68	2.97302e-05
174.7	2.97472e-05
174.72	2.97642e-05
174.74	2.97812e-05
174.76	2.97983e-05
174.78	2.98154e-05
174.8	2.98326e-05
174.82	2.98499e-05
174.84	2.98672e-05
174.86	2.98845e-05
174.88	2.99019e-05
174.9	2.99193e-05
174.92	2.99368e-05
174.94	2.99544e-05
174.96	2.99719e-05
174.98	2.99896e-05
175	3.00073e-05
175.02	3.0025e-05
175.04	3.00429e-05
175.06	3.00607e-05
175.08	3.00786e-05
175.1	3.00966e-05
175.12	3.01147e-05
175.14	3.01327e-05
175.16	3.01509e-05
175.18	3.01691e-05
175.2	3.01874e-05
175.22	3.02057e-05
175.24	3.02241e-05
175.26	3.02425e-05
175.28	3.02611e-05
175.3	3.02796e-05
175.32	3.02983e-05
175.34	3.0317e-05
175.36	3.03357e-05
175.38	3.03546e-05
175.4	3.03735e-05
175.42	3.03924e-05
175.44	3.04114e-05
175.46	3.04305e-05
175.48	3.04497e-05
175.5	3.04689e-05
175.52	3.04883e-05
175.54	3.05076e-05
175.56	3.05271e-05
175.58	3.05466e-05
175.6	3.05662e-05
175.62	3.05859e-05
175.64	3.06056e-05
175.66	3.06254e-05
175.68	3.06453e-05
175.7	3.06653e-05
175.72	3.06854e-05
175.74	3.07055e-05
175.76	3.07257e-05
175.78	3.0746e-05
175.8	3.07664e-05
175.82	3.07868e-05
175.84	3.08074e-05
175.86	3.0828e-05
175.88	3.08487e-05
175.9	3.08695e-05
175.92	3.08904e-05
175.94	3.09114e-05
175.96	3.09325e-05
175.98	3.09536e-05
176	3.09749e-05
176.02	3.09963e-05
176.04	3.10177e-05
176.06	3.10392e-05
176.08	3.10609e-05
176.1	3.10826e-05
176.12	3.11044e-05
176.14	3.11264e-05
176.16	3.11484e-05
176.18	3.11706e-05
176.2	3.11928e-05
176.22	3.12152e-05
176.24	3.12376e-05
176.26	3.12602e-05
176.28	3.12829e-05
176.3	3.13057e-05
176.32	3.13286e-05
176.34	3.13516e-05
176.36	3.13748e-05
176.38	3.1398e-05
176.4	3.14214e-05
176.42	3.14449e-05
176.44	3.14686e-05
176.46	3.14923e-05
176.48	3.15162e-05
176.5	3.15402e-05
176.52	3.15644e-05
176.54	3.15886e-05
176.56	3.1613e-05
176.58	3.16376e-05
176.6	3.16623e-05
176.62	3.16871e-05
176.64	3.17121e-05
176.66	3.17372e-05
176.68	3.17625e-05
176.7	3.17879e-05
176.72	3.18134e-05
176.74	3.18392e-05
176.76	3.1865e-05
176.78	3.18911e-05
176.8	3.19173e-05
176.82	3.19437e-05
176.84	3.19702e-05
176.86	3.19969e-05
176.88	3.20238e-05
176.9	3.20509e-05
176.92	3.20781e-05
176.94	3.21055e-05
176.96	3.21331e-05
176.98	3.21609e-05
177	3.21889e-05
177.02	3.22171e-05
177.04	3.22455e-05
177.06	3.22741e-05
177.08	3.23029e-05
177.1	3.2332e-05
177.12	3.23612e-05
177.14	3.23906e-05
177.16	3.24203e-05
177.18	3.24502e-05
177.2	3.24804e-05
177.22	3.25108e-05
177.24	3.25414e-05
177.26	3.25723e-05
177.28	3.26034e-05
177.3	3.26348e-05
177.32	3.26665e-05
177.34	3.26984e-05
177.36	3.27306e-05
177.38	3.27631e-05
177.4	3.27959e-05
177.42	3.2829e-05
177.44	3.28624e-05
177.46	3.28961e-05
177.48	3.29301e-05
177.5	3.29645e-05
177.52	3.29991e-05
177.54	3.30342e-05
177.56	3.30696e-05
177.58	3.31053e-05
177.6	3.31414e-05
177.62	3.31779e-05
177.64	3.32148e-05
177.66	3.32521e-05
177.68	3.32898e-05
177.7	3.3328e-05
177.72	3.33665e-05
177.74	3.34056e-05
177.76	3.34451e-05
177.78	3.34851e-05
177.8	3.35255e-05
177.82	3.35665e-05
177.84	3.3608e-05
177.86	3.36501e-05
177.88	3.36927e-05
177.9	3.3736e-05
177.92	3.37798e-05
177.94	3.38242e-05
177.96	3.38693e-05
177.98	3.39151e-05
178	3.39616e-05
178.02	3.40088e-05
178.04	3.40567e-05
178.06	3.41055e-05
178.08	3.41551e-05
178.1	3.42055e-05
178.12	3.42568e-05
178.14	3.43091e-05
178.16	3.43623e-05
178.18	3.44166e-05
178.2	3.44719e-05
178.22	3.45284e-05
178.24	3.4586e-05
178.26	3.46449e-05
178.28	3.47051e-05
178.3	3.47667e-05
178.32	3.48298e-05
178.34	3.48944e-05
178.36	3.49607e-05
178.38	3.50287e-05
178.4	3.50986e-05
178.42	3.51705e-05
178.44	3.52445e-05
178.46	3.53208e-05
178.48	3.53996e-05
178.5	3.5481e-05
178.52	3.55653e-05
178.54	3.56527e-05
178.56	3.57434e-05
178.58	3.58379e-05
178.6	3.59364e-05
178.62	3.60393e-05
178.64	3.6147e-05
178.66	3.62603e-05
178.68	3.63795e-05
178.7	3.65056e-05
178.72	3.66393e-05
178.74	3.67817e-05
178.76	3.6934e-05
178.78	3.70977e-05
178.8	3.72748e-05
178.82	3.74675e-05
178.84	3.76788e-05
178.86	3.79125e-05
178.88	3.81735e-05
178.9	3.84685e-05
178.92	3.88066e-05
178.94	3.92007e-05
178.96	3.96695e-05
178.98	4.02418e-05
179	4.09639e-05
179.02	4.19148e-05
179.04	4.32429e-05
179.06	4.52571e-05
179.08	4.86981e-05
179.1	5.56141e-05
179.12	7.15262e-05
179.14	0.000103921
179.16	0.000147859
179.18	0.000185393
179.2	0.000207474
179.22	0.000215783
179.24	0.00021261
179.26	0.000197822
179.28	0.000172856
179.3	0.000142027
179.32	0.00011061
179.34	8.26857e-05
179.36	6.03133e-05
179.38	4.37761e-05
179.4	3.22355e-05
179.42	2.44481e-05
179.44	1.92578e-05
179.46	1.57786e-05
179.48	1.34035e-05
179.5	1.17523e-05
179.52	1.05975e-05
179.54	9.79656e-06
179.56	9.25166e-06
179.58	8.89133e-06
179.6	8.66273e-06
179.62	8.52715e-06
179.64	8.45665e-06
179.66	8.43123e-06
179.68	8.43703e-06
179.7	8.46435e-06
179.72	8.50639e-06
179.74	8.55836e-06
179.76	8.61692e-06
179.78	8.67978e-06
179.8	8.74541e-06
179.82	8.8128e-06
179.84	8.88134e-06
179.86	8.95069e-06
179.88	9.02067e-06
179.9	9.09122e-06
179.92	9.16235e-06
179.94	9.23411e-06
179.96	9.30656e-06
179.98	9.37977e-06
180	9.45381e-06
180.02	9.52874e-06
180.04	9.6046e-06
180.06	9.68141e-06
180.08	9.7592e-06
180.1	9.83796e-06
180.12	9.91767e-06
180.14	9.99832e-06
180.16	1.00799e-05
180.18	1.01623e-05
180.2	1.02455e-05
180.22	1.03295e-05
180.24	1.04141e-05
180.26	1.04994e-05
180.28	1.05852e-05
180.3	1.06714e-05
180.32	1.07581e-05
180.34	1.08451e-05
180.36	1.09323e-05
180.38	1.10197e-05
180.4	1.11072e-05
180.42	1.11947e-05
180.44	1.12821e-05
180.46	1.13694e-05
180.48	1.14565e-05
180.5	1.15434e-05
180.52	1.16298e-05
180.54	1.17159e-05
180.56	1.18015e-05
180.58	1.18866e-05
180.6	1.19712e-05
180.62	1.20551e-05
180.64	1.21383e-05
180.66	1.22209e-05
180.68	1.23027e-05
180.7	1.23837e-05
180.72	1.24638e-05
180.74	1.25432e-05
180.76	1.26217e-05
180.78	1.26992e-05
180.8	1.27759e-05
180.82	1.28516e-05
180.84	1.29264e-05
180.86	1.30003e-05
180.88	1.30732e-05
180.9	1.31451e-05
180.92	1.3216e-05
180.94	1.3286e-05
180.96	1.3355e-05
180.98	1.34231e-05
181	1.34902e-05
181.02	1.35563e-05
181.04	1.36215e-05
181.06	1.36858e-05
181.08	1.37491e-05
181.1	1.38116e-05
181.12	1.38731e-05
181.14	1.39338e-05
181.16	1.39936e-05
181.18	1.40526e-05
181.2	1.41107e-05
181.22	1.41681e-05
181.24	1.42247e-05
181.26	1.42805e-05
181.28	1.43356e-05
181.3	1.439e-05
181.32	1.44437e-05
181.34	1.44968e-05
181.36	1.45492e-05
181.38	1.46009e-05
181.4	1.46521e-05
181.42	1.47026e-05
181.44	1.47526e-05
181.46	1.48021e-05
181.48	1.4851e-05
181.5	1.48994e-05
181.52	1.49473e-05
181.54	1.49947e-05
181.56	1.50417e-05
181.58	1.50882e-05
181.6	1.51343e-05
181.62	1.51799e-05
181.64	1.52252e-05
181.66	1.52701e-05
181.68	1.53146e-05
181.7	1.53587e-05
181.72	1.54025e-05
181.74	1.5446e-05
181.76	1.54891e-05
181.78	1.5532e-05
181.8	1.55745e-05
181.82	1.56168e-05
181.84	1.56587e-05
181.86	1.57004e-05
181.88	1.57419e-05
181.9	1.57831e-05
181.92	1.5824e-05
181.94	1.58648e-05
181.96	1.59052e-05
181.98	1.59455e-05
182	1.59856e-05
182.02	1.60254e-05
182.04	1.60651e-05
182.06	1.61046e-05
182.08	1.61439e-05
182.1	1.6183e-05
182.12	1.62219e-05
182.14	1.62606e-05
182.16	1.62992e-05
182.18	1.63377e-05
182.2	1.63759e-05
182.22	1.64141e-05
182.24	1.6452e-05
182.26	1.64899e-05
182.28	1.65276e-05
182.3	1.65651e-05
182.32	1.66025e-05
182.34	1.66398e-05
182.36	1.6677e-05
182.38	1.6714e-05
182.4	1.67509e-05
182.42	1.67877e-05
182.44	1.68243e-05
182.46	1.68609e-05
182.48	1.68973e-05
182.5	1.69336e-05
182.52	1.69698e-05
182.54	1.70059e-05
182.56	1.70419e-05
182.58	1.70778e-05
182.6	1.71136e-05
182.62	1.71492e-05
182.64	1.71848e-05
182.66	1.72203e-05
182.68	1.72556e-05
182.7	1.72909e-05
182.72	1.73261e-05
182.74	1.73611e-05
182.76	1.73961e-05
182.78	1.7431e-05
182.8	1.74658e-05
182.82	1.75004e-05
182.84	1.7535e-05
182.86	1.75695e-05
182.88	1.76039e-05
182.9	1.76383e-05
182.92	1.76725e-05
182.94	1.77066e-05
182.96	1.77407e-05
182.98	1.77746e-05
183	1.78085e-05
183.02	1.78422e-05
183.04	1.78759e-05
183.06	1.79095e-05
183.08	1.7943e-05
183.1	1.79764e-05
183.12	1.80097e-05
183.14	1.8043e-05
183.16	1.80761e-05
183.18	1.81092e-05
183.2	1.81422e-05
183.22	1.81751e-05
183.24	1.82079e-05
183.26	1.82406e-05
183.28	1.82732e-05
183.3	1.83057e-05
183.32	1.83382e-05
183.34	1.83705e-05
183.36	1.84028e-05
183.38	1.8435e-05
183.4	1.84671e-05
183.42	1.84991e-05
183.44	1.85311e-05
183.46	1.85629e-05
183.48	1.85947e-05
183.5	1.86264e-05
183.52	1.8658e-05
183.54	1.86895e-05
183.56	1.87209e-05
183.58	1.87522e-05
183.6	1.87835e-05
183.62	1.88146e-05
183.64	1.88457e-05
183.66	1.88767e-05
183.68	1.89076e-05
183.7	1.89384e-05
183.72	1.89692e-05
183.74	1.89998e-05
183.76	1.90304e-05
183.78	1.90609e-05
183.8	1.90913e-05
183.82	1.91216e-05
183.84	1.91518e-05
183.86	1.91819e-05
183.88	1.9212e-05
183.9	1.9242e-05
183.92	1.92719e-05
183.94	1.93017e-05
183.96	1.93314e-05
183.98	1.9361e-05
184	1.93905e-05
184.02	1.942e-05
184.04	1.94494e-05
184.06	1.94787e-05
184.08	1.95079e-05
184.1	1.9537e-05
184.12	1.9566e-05
184.14	1.9595e-05
184.16	1.96239e-05
184.18	1.96527e-05
184.2	1.96814e-05
184.22	1.971e-05
184.24	1.97385e-05
184.26	1.9767e-05
184.28	1.97953e-05
184.3	1.98236e-05
184.32	1.98518e-05
184.34	1.988e-05
184.36	1.9908e-05
184.38	1.99359e-05
184.4	1.99638e-05
184.42	1.99916e-05
184.44	2.00193e-05
184.46	2.00469e-05
184.48	2.00745e-05
184.5	2.01019e-05
184.52	2.01293e-05
184.54	2.01566e-05
184.56	2.01838e-05
184.58	2.0211e-05
184.6	2.0238e-05
184.62	2.0265e-05
184.64	2.02919e-05
184.66	2.03187e-05
184.68	2.03454e-05
184.7	2.03721e-05
184.72	2.03987e-05
184.74	2.04252e-05
184.76	2.04516e-05
184.78	2.04779e-05
184.8	2.05042e-05
184.82	2.05303e-05
184.84	2.05564e-05
184.86	2.05825e-05
184.88	2.06084e-05
184.9	2.06343e-05
184.92	2.066e-05
184.94	2.06857e-05
184.96	2.07114e-05
184.98	2.07369e-05
185	2.07624e-05
185.02	2.07878e-05
185.04	2.08131e-05
185.06	2.08384e-05
185.08	2.08635e-05
185.1	2.08886e-05
185.12	2.09137e-05
185.14	2.09386e-05
185.16	2.09635e-05
185.18	2.09883e-05
185.2	2.1013e-05
185.22	2.10376e-05
185.24	2.10622e-05
185.26	2.10867e-05
185.28	2.11111e-05
185.3	2.11355e-05
185.32	2.11597e-05
185.34	2.11839e-05
185.36	2.12081e-05
185.38	2.12321e-05
185.4	2.12561e-05
185.42	2.128e-05
185.44	2.13039e-05
185.46	2.13277e-05
185.48	2.13514e-05
185.5	2.1375e-05
185.52	2.13985e-05
185.54	2.1422e-05
185.56	2.14455e-05
185.58	2.14688e-05
185.6	2.14921e-05
185.62	2.15153e-05
185.64	2.15385e-05
185.66	2.15615e-05
185.68	2.15845e-05
185.7	2.16075e-05
185.72	2.16303e-05
185.74	2.16532e-05
185.76	2.16759e-05
185.78	2.16986e-05
185.8	2.17212e-05
185.82	2.17437e-05
185.84	2.17662e-05
185.86	2.17886e-05
185.88	2.18109e-05
185.9	2.18332e-05
185.92	2.18554e-05
185.94	2.18776e-05
185.96	2.18997e-05
185.98	2.19217e-05
186	2.19436e-05
186.02	2.19655e-05
186.04	2.19874e-05
186.06	2.20091e-05
186.08	2.20308e-05
186.1	2.20525e-05
186.12	2.2074e-05
186.14	2.20956e-05
186.16	2.2117e-05
186.18	2.21384e-05
186.2	2.21598e-05
186.22	2.2181e-05
186.24	2.22022e-05
186.26	2.22234e-05
186.28	2.22445e-05
186.3	2.22655e-05
186.32	2.22865e-05
186.34	2.23074e-05
186.36	2.23283e-05
186.38	2.23491e-05
186.4	2.23698e-05
186.42	2.23905e-05
186.44	2.24111e-05
186.46	2.24317e-05
186.48	2.24522e-05
186.5	2.24727e-05
186.52	2.24931e-05
186.54	2.25135e-05
186.56	2.25337e-05
186.58	2.2554e-05
186.6	2.25742e-05
186.62	2.25943e-05
186.64	2.26144e-05
186.66	2.26344e-05
186.68	2.26543e-05
186.7	2.26743e-05
186.72	2.26941e-05
186.74	2.27139e-05
186.76	2.27337e-05
186.78	2.27534e-05
186.8	2.2773e-05
186.82	2.27926e-05
186.84	2.28121e-05
186.86	2.28316e-05
186.88	2.2851e-05
186.9	2.28704e-05
186.92	2.28898e-05
186.94	2.2909e-05
186.96	2.29283e-05
186.98	2.29475e-05
187	2.29666e-05
187.02	2.29857e-05
187.04	2.30047e-05
187.06	2.30237e-05
187.08	2.30426e-05
187.1	2.30615e-05
187.12	2.30803e-05
187.14	2.30991e-05
187.16	2.31179e-05
187.18	2.31366e-05
187.2	2.31552e-05
187.22	2.31738e-05
187.24	2.31924e-05
187.26	2.32109e-05
187.28	2.32293e-05
187.3	2.32477e-05
187.32	2.32661e-05
187.34	2.32844e-05
187.36	2.33027e-05
187.38	2.33209e-05
187.4	2.33391e-05
187.42	2.33572e-05
187.44	2.33753e-05
187.46	2.33934e-05
187.48	2.34114e-05
187.5	2.34294e-05
187.52	2.34473e-05
187.54	2.34651e-05
187.56	2.3483e-05
187.58	2.35008e-05
187.6	2.35185e-05
187.62	2.35362e-05
187.64	2.35539e-05
187.66	2.35715e-05
187.68	2.35891e-05
187.7	2.36066e-05
187.72	2.36241e-05
187.74	2.36416e-05
187.76	2.3659e-05
187.78	2.36764e-05
187.8	2.36937e-05
187.82	2.3711e-05
187.84	2.37283e-05
187.86	2.37455e-05
187.88	2.37627e-05
187.9	2.37798e-05
187.92	2.37969e-05
187.94	2.38139e-05
187.96	2.3831e-05
187.98	2.3848e-05
188	2.38649e-05
188.02	2.38818e-05
188.04	2.38987e-05
188.06	2.39155e-05
188.08	2.39323e-05
188.1	2.39491e-05
188.12	2.39658e-05
188.14	2.39825e-05
188.16	2.39991e-05
188.18	2.40157e-05
188.2	2.40323e-05
188.22	2.40489e-05
188.24	2.40654e-05
188.26	2.40818e-05
188.28	2.40983e-05
188.3	2.41147e-05
188.32	2.4131e-05
188.34	2.41474e-05
188.36	2.41637e-05
188.38	2.41799e-05
188.4	2.41962e-05
188.42	2.42124e-05
188.44	2.42285e-05
188.46	2.42447e-05
188.48	2.42608e-05
188.5	2.42768e-05
188.52	2.42929e-05
188.54	2.43089e-05
188.56	2.43248e-05
188.58	2.43408e-05
188.6	2.43567e-05
188.62	2.43726e-05
188.64	2.43884e-05
188.66	2.44042e-05
188.68	2.442e-05
188.7	2.44358e-05
188.72	2.44515e-05
188.74	2.44672e-05
188.76	2.44828e-05
188.78	2.44985e-05
188.8	2.45141e-05
188.82	2.45296e-05
188.84	2.45452e-05
188.86	2.45607e-05
188.88	2.45762e-05
188.9	2.45916e-05
188.92	2.46071e-05
188.94	2.46225e-05
188.96	2.46378e-05
188.98	2.46532e-05
189	2.46685e-05
189.02	2.46838e-05
189.04	2.46991e-05
189.06	2.47143e-05
189.08	2.47295e-05
189.1	2.47447e-05
189.12	2.47598e-05
189.14	2.4775e-05
189.16	2.47901e-05
189.18	2.48052e-05
189.2	2.48202e-05
189.22	2.48352e-05
189.24	2.48502e-05
189.26	2.48652e-05
189.28	2.48802e-05
189.3	2.48951e-05
189.32	2.491e-05
189.34	2.49249e-05
189.36	2.49397e-05
189.38	2.49545e-05
189.4	2.49693e-05
189.42	2.49841e-05
189.44	2.49989e-05
189.46	2.50136e-05
189.48	2.50283e-05
189.5	2.5043e-05
189.52	2.50577e-05
189.54	2.50723e-05
189.56	2.50869e-05
189.58	2.51015e-05
189.6	2.51161e-05
189.62	2.51307e-05
189.64	2.51452e-05
189.66	2.51597e-05
189.68	2.51742e-05
189.7	2.51887e-05
189.72	2.52031e-05
189.74	2.52175e-05
189.76	2.5232e-05
189.78	2.52463e-05
189.8	2.52607e-05
189.82	2.5275e-05
189.84	2.52894e-05
189.86	2.53037e-05
189.88	2.5318e-05
189.9	2.53322e-05
189.92	2.53465e-05
189.94	2.53607e-05
189.96	2.53749e-05
189.98	2.53891e-05
190	2.54033e-05
190.02	2.54174e-05
190.04	2.54316e-05
190.06	2.54457e-05
190.08	2.54598e-05
190.1	2.54739e-05
190.12	2.54879e-05
190.14	2.5502e-05
190.16	2.5516e-05
190.18	2.553e-05
190.2	2.5544e-05
190.22	2.5558e-05
190.24	2.5572e-05
190.26	2.55859e-05
190.28	2.55999e-05
190.3	2.56138e-05
190.32	2.56277e-05
190.34	2.56416e-05
190.36	2.56554e-05
190.38	2.56693e-05
190.4	2.56831e-05
190.42	2.56969e-05
190.44	2.57107e-05
190.46	2.57245e-05
190.48	2.57383e-05
190.5	2.57521e-05
190.52	2.57658e-05
190.54	2.57796e-05
190.56	2.57933e-05
190.58	2.5807e-05
190.6	2.58207e-05
190.62	2.58344e-05
190.64	2.58481e-05
190.66	2.58617e-05
190.68	2.58754e-05
190.7	2.5889e-05
190.72	2.59026e-05
190.74	2.59162e-05
190.76	2.59298e-05
190.78	2.59434e-05
190.8	2.5957e-05
190.82	2.59705e-05
190.84	2.59841e-05
190.86	2.59976e-05
190.88	2.60111e-05
190.9	2.60247e-05
190.92	2.60382e-05
190.94	2.60517e-05
190.96	2.60651e-05
190.98	2.60786e-05
191	2.60921e-05
191.02	2.61055e-05
191.04	2.6119e-05
191.06	2.61324e-05
191.08	2.61458e-05
191.1	2.61593e-05
191.12	2.61727e-05
191.14	2.61861e-05
191.16	2.61994e-05
191.18	2.62128e-05
191.2	2.62262e-05
191.22	2.62396e-05
191.24	2.62529e-05
191.26	2.62663e-05
191.28	2.62796e-05
191.3	2.62929e-05
191.32	2.63063e-05
191.34	2.63196e-05
191.36	2.63329e-05
191.38	2.63462e-05
191.4	2.63595e-05
191.42	2.63728e-05
191.44	2.6386e-05
191.46	2.63993e-05
191.48	2.64126e-05
191.5	2.64259e-05
191.52	2.64391e-05
191.54	2.64524e-05
191.56	2.64656e-05
191.58	2.64788e-05
191.6	2.64921e-05
191.62	2.65053e-05
191.64	2.65185e-05
191.66	2.65318e-05
191.68	2.6545e-05
191.7	2.65582e-05
191.72	2.65714e-05
191.74	2.65846e-05
191.76	2.65978e-05
191.78	2.6611e-05
191.8	2.66242e-05
191.82	2.66373e-05
191.84	2.66505e-05
191.86	2.66637e-05
191.88	2.66769e-05
191.9	2.66901e-05
191.92	2.67032e-05
191.94	2.67164e-05
191.96	2.67296e-05
191.98	2.67427e-05
192	2.67559e-05
192.02	2.6769e-05
192.04	2.67822e-05
192.06	2.67953e-05
192.08	2.68085e-05
192.1	2.68216e-05
192.12	2.68348e-05
192.14	2.68479e-05
192.16	2.68611e-05
192.18	2.68742e-05
192.2	2.68874e-05
192.22	2.69005e-05
192.24	2.69137e-05
192.26	2.69268e-05
192.28	2.694e-05
192.3	2.69531e-05
192.32	2.69663e-05
192.34	2.69794e-05
192.36	2.69925e-05
192.38	2.70057e-05
192.4	2.70188e-05
192.42	2.7032e-05
192.44	2.70451e-05
192.46	2.70583e-05
192.48	2.70714e-05
192.5	2.70846e-05
192.52	2.70978e-05
192.54	2.71109e-05
192.56	2.71241e-05
192.58	2.71372e-05
192.6	2.71504e-05
192.62	2.71636e-05
192.64	2.71767e-05
192.66	2.71899e-05
192.68	2.72031e-05
192.7	2.72163e-05
192.72	2.72295e-05
192.74	2.72426e-05
192.76	2.72558e-05
192.78	2.7269e-05
192.8	2.72822e-05
192.82	2.72954e-05
192.84	2.73086e-05
192.86	2.73219e-05
192.88	2.73351e-05
192.9	2.73483e-05
192.92	2.73615e-05
192.94	2.73748e-05
192.96	2.7388e-05
192.98	2.74012e-05
193	2.74145e-05
193.02	2.74277e-05
193.04	2.7441e-05
193.06	2.74543e-05
193.08	2.74675e-05
193.1	2.74808e-05
193.12	2.74941e-05
193.14	2.75074e-05
193.16	2.75207e-05
193.18	2.7534e-05
193.2	2.75473e-05
193.22	2.75607e-05
193.24	2.7574e-05
193.26	2.75873e-05
193.28	2.76007e-05
193.3	2.7614e-05
193.32	2.76274e-05
193.34	2.76408e-05
193.36	2.76542e-05
193.38	2.76675e-05
193.4	2.76809e-05
193.42	2.76944e-05
193.44	2.77078e-05
193.46	2.77212e-05
193.48	2.77346e-05
193.5	2.77481e-05
193.52	2.77615e-05
193.54	2.7775e-05
193.56	2.77885e-05
193.58	2.7802e-05
193.6	2.78155e-05
193.62	2.7829e-05
193.64	2.78425e-05
193.66	2.78561e-05
193.68	2.78696e-05
193.7	2.78832e-05
193.72	2.78967e-05
193.74	2.79103e-05
193.76	2.79239e-05
193.78	2.79375e-05
193.8	2.79511e-05
193.82	2.79648e-05
193.84	2.79784e-05
193.86	2.79921e-05
193.88	2.80058e-05
193.9	2.80194e-05
193.92	2.80331e-05
193.94	2.80469e-05
193.96	2.80606e-05
193.98	2.80743e-05
194	2.80881e-05
194.02	2.81019e-05
194.04	2.81156e-05
194.06	2.81295e-05
194.08	2.81433e-05
194.1	2.81571e-05
194.12	2.8171e-05
194.14	2.81848e-05
194.16	2.81987e-05
194.18	2.82126e-05
194.2	2.82265e-05
194.22	2.82405e-05
194.24	2.82544e-05
194.26	2.82684e-05
194.28	2.82824e-05
194.3	2.82964e-05
194.32	2.83104e-05
194.34	2.83244e-05
194.36	2.83385e-05
194.38	2.83526e-05
194.4	2.83666e-05
194.42	2.83808e-05
194.44	2.83949e-05
194.46	2.8409e-05
194.48	2.84232e-05
194.5	2.84374e-05
194.52	2.84516e-05
194.54	2.84659e-05
194.56	2.84801e-05
194.58	2.84944e-05
194.6	2.85087e-05
194.62	2.8523e-05
194.64	2.85373e-05
194.66	2.85517e-05
194.68	2.85661e-05
194.7	2.85805e-05
194.72	2.85949e-05
194.74	2.86093e-05
194.76	2.86238e-05
194.78	2.86383e-05
194.8	2.86528e-05
194.82	2.86673e-05
194.84	2.86819e-05
194.86	2.86965e-05
194.88	2.87111e-05
194.9	2.87257e-05
194.92	2.87404e-05
194.94	2.87551e-05
194.96	2.87698e-05
194.98	2.87845e-05
195	2.87993e-05
195.02	2.88141e-05
195.04	2.88289e-05
195.06	2.88438e-05
195.08	2.88586e-05
195.1	2.88735e-05
195.12	2.88884e-05
195.14	2.89034e-05
195.16	2.89184e-05
195.18	2.89334e-05
195.2	2.89484e-05
195.22	2.89635e-05
195.24	2.89786e-05
195.26	2.89937e-05
195.28	2.90088e-05
195.3	2.9024e-05
195.32	2.90392e-05
195.34	2.90545e-05
195.36	2.90698e-05
195.38	2.90851e-05
195.4	2.91004e-05
195.42	2.91158e-05
195.44	2.91312e-05
195.46	2.91466e-05
195.48	2.91621e-05
195.5	2.91776e-05
195.52	2.91931e-05
195.54	2.92087e-05
195.56	2.92242e-05
195.58	2.92399e-05
195.6	2.92555e-05
195.62	2.92713e-05
195.64	2.9287e-05
195.66	2.93028e-05
195.68	2.93186e-05
195.7	2.93344e-05
195.72	2.93503e-05
195.74	2.93662e-05
195.76	2.93822e-05
195.78	2.93982e-05
195.8	2.94142e-05
195.82	2.94303e-05
195.84	2.94464e-05
195.86	2.94625e-05
195.88	2.94787e-05
195.9	2.94949e-05
195.92	2.95112e-05
195.94	2.95275e-05
195.96	2.95439e-05
195.98	2.95603e-05
196	2.95767e-05
196.02	2.95932e-05
196.04	2.96097e-05
196.06	2.96262e-05
196.08	2.96428e-05
196.1	2.96595e-05
196.12	2.96762e-05
196.14	2.96929e-05
196.16	2.97097e-05
196.18	2.97265e-05
196.2	2.97434e-05
196.22	2.97603e-05
196.24	2.97773e-05
196.26	2.97943e-05
196.28	2.98114e-05
196.3	2.98285e-05
196.32	2.98456e-05
196.34	2.98628e-05
196.36	2.98801e-05
196.38	2.98974e-05
196.4	2.99148e-05
196.42	2.99322e-05
196.44	2.99496e-05
196.46	2.99672e-05
196.48	2.99847e-05
196.5	3.00023e-05
196.52	3.002e-05
196.54	3.00377e-05
196.56	3.00555e-05
196.58	3.00734e-05
196.6	3.00913e-05
196.62	3.01092e-05
196.64	3.01272e-05
196.66	3.01453e-05
196.68	3.01634e-05
196.7	3.01816e-05
196.72	3.01999e-05
196.74	3.02182e-05
196.76	3.02365e-05
196.78	3.0255e-05
196.8	3.02734e-05
196.82	3.0292e-05
196.84	3.03106e-05
196.86	3.03293e-05
196.88	3.0348e-05
196.9	3.03669e-05
196.92	3.03857e-05
196.94	3.04047e-05
196.96	3.04237e-05
196.98	3.04428e-05
197	3.04619e-05
197.02	3.04811e-05
197.04	3.05004e-05
197.06	3.05198e-05
197.08	3.05392e-05
197.1	3.05587e-05
197.12	3.05783e-05
197.14	3.0598e-05
197.16	3.06177e-05
197.18	3.06375e-05
197.2	3.06574e-05
197.22	3.06773e-05
197.24	3.06974e-05
197.26	3.07175e-05
197.28	3.07377e-05
197.3	3.0758e-05
197.32	3.07784e-05
197.34	3.07988e-05
197.36	3.08193e-05
197.38	3.084e-05
197.4	3.08607e-05
197.42	3.08815e-05
197.44	3.09024e-05
197.46	3.09233e-05
197.48	3.09444e-05
197.5	3.09655e-05
197.52	3.09868e-05
197.54	3.10081e-05
197.56	3.10296e-05
197.58	3.10511e-05
197.6	3.10728e-05
197.62	3.10945e-05
197.64	3.11163e-05
197.66	3.11383e-05
197.68	3.11603e-05
197.7	3.11824e-05
197.72	3.12047e-05
197.74	3.1227e-05
197.76	3.12495e-05
197.78	3.12721e-05
197.8	3.12948e-05
197.82	3.13176e-05
197.84	3.13405e-05
197.86	3.13635e-05
197.88	3.13867e-05
197.9	3.14099e-05
197.92	3.14333e-05
197.94	3.14568e-05
197.96	3.14805e-05
197.98	3.15042e-05
198	3.15281e-05
198.02	3.15521e-05
198.04	3.15763e-05
198.06	3.16006e-05
198.08	3.1625e-05
198.1	3.16496e-05
198.12	3.16743e-05
198.14	3.16991e-05
198.16	3.17241e-05
198.18	3.17492e-05
198.2	3.17745e-05
198.22	3.17999e-05
198.24	3.18255e-05
198.26	3.18513e-05
198.28	3.18772e-05
198.3	3.19032e-05
198.32	3.19295e-05
198.34	3.19559e-05
198.36	3.19824e-05
198.38	3.20092e-05
198.4	3.20361e-05
198.42	3.20632e-05
198.44	3.20904e-05
198.46	3.21179e-05
198.48	3.21455e-05
198.5	3.21734e-05
198.52	3.22014e-05
198.54	3.22296e-05
198.56	3.22581e-05
198.58	3.22867e-05
198.6	3.23156e-05
198.62	3.23446e-05
198.64	3.23739e-05
198.66	3.24034e-05
198.68	3.24331e-05
198.7	3.24631e-05
198.72	3.24933e-05
198.74	3.25237e-05
198.76	3.25544e-05
198.78	3.25853e-05
198.8	3.26165e-05
198.82	3.2648e-05
198.84	3.26797e-05
198.86	3.27117e-05
198.88	3.2744e-05
198.9	3.27766e-05
198.92	3.28094e-05
198.94	3.28426e-05
198.96	3.2876e-05
198.98	3.29098e-05
199	3.29439e-05
199.02	3.29784e-05
199.04	3.30131e-05
199.06	3.30482e-05
199.08	3.30837e-05
199.1	3.31196e-05
199.12	3.31558e-05
199.14	3.31924e-05
199.16	3.32294e-05
199.18	3.32668e-05
199.2	3.33046e-05
199.22	3.33429e-05
199.24	3.33816e-05
199.26	3.34208e-05
199.28	3.34604e-05
199.3	3.35005e-05
199.32	3.35411e-05
199.34	3.35823e-05
199.36	3.3624e-05
199.38	3.36662e-05
199.4	3.3709e-05
199.42	3.37524e-05
199.44	3.37964e-05
199.46	3.3841e-05
199.48	3.38863e-05
199.5	3.39323e-05
199.52	3.3979e-05
199.54	3.40265e-05
199.56	3.40747e-05
199.58	3.41237e-05
199.6	3.41735e-05
199.62	3.42242e-05
199.64	3.42758e-05
199.66	3.43284e-05
199.68	3.43819e-05
199.7	3.44365e-05
199.72	3.44922e-05
199.74	3.45491e-05
199.76	3.46071e-05
199.78	3.46664e-05
199.8	3.47271e-05
199.82	3.47892e-05
199.84	3.48527e-05
199.86	3.49179e-05
199.88	3.49847e-05
199.9	3.50534e-05
199.92	3.51239e-05
199.94	3.51965e-05
199.96	3.52713e-05
199.98	3.53484e-05
200	3.54281e-05
200.02	3.55104e-05
200.04	3.55957e-05
200.06	3.56843e-05
200.08	3.57762e-05
200.1	3.5872e-05
200.12	3.59719e-05
200.14	3.60765e-05
200.16	3.61861e-05
200.18	3.63013e-05
200.2	3.64228e-05
200.22	3.65514e-05
200.24	3.6688e-05
200.26	3.68336e-05
200.28	3.69897e-05
200.3	3.71579e-05
200.32	3.73401e-05
200.34	3.75389e-05
200.36	3.77575e-05
200.38	3.80001e-05
200.4	3.82721e-05
200.42	3.85809e-05
200.44	3.89369e-05
200.46	3.93545e-05
200.48	3.98556e-05
200.5	4.04737e-05
200.52	4.12643e-05
200.54	4.2325e-05
200.56	4.38446e-05
200.58	4.62357e-05
200.6	5.05409e-05
200.62	5.97259e-05
200.64	8.08127e-05
200.66	0.000118828
200.68	0.000162483
200.7	0.000194873
200.72	0.000211718
200.74	0.00021593
200.76	0.000208717
200.78	0.000190041
200.8	0.000162433
200.82	0.000130823
200.84	0.000100264
200.86	7.41526e-05
200.88	5.38657e-05
200.9	3.92107e-05
200.92	2.91308e-05
200.94	2.23742e-05
200.96	1.78708e-05
200.98	1.48358e-05
201	1.27491e-05
201.02	1.12928e-05
201.04	1.02759e-05
201.06	9.57456e-06
201.08	9.10165e-06
201.1	8.79286e-06
201.12	8.60077e-06
201.14	8.49077e-06
201.16	8.43803e-06
201.18	8.42493e-06
201.2	8.43925e-06
201.22	8.47243e-06
201.24	8.51843e-06
201.26	8.57305e-06
201.28	8.63335e-06
201.3	8.69734e-06
201.32	8.76368e-06
201.34	8.83153e-06
201.36	8.90039e-06
201.38	8.96997e-06
201.4	9.04015e-06
201.42	9.1109e-06
201.44	9.18224e-06
201.46	9.25423e-06
201.48	9.32694e-06
201.5	9.40043e-06
201.52	9.47477e-06
201.54	9.55002e-06
201.56	9.6262e-06
201.58	9.70335e-06
201.6	9.78147e-06
201.62	9.86056e-06
201.64	9.9406e-06
201.66	1.00216e-05
201.68	1.01034e-05
201.7	1.01861e-05
201.72	1.02696e-05
201.74	1.03538e-05
201.76	1.04386e-05
201.78	1.05241e-05
201.8	1.06101e-05
201.82	1.06965e-05
201.84	1.07833e-05
201.86	1.08704e-05
201.88	1.09576e-05
201.9	1.10451e-05
201.92	1.11326e-05
201.94	1.122e-05
201.96	1.13074e-05
201.98	1.13947e-05
202	1.14817e-05
202.02	1.15684e-05
202.04	1.16547e-05
202.06	1.17406e-05
202.08	1.18261e-05
202.1	1.1911e-05
202.12	1.19953e-05
202.14	1.2079e-05
202.16	1.2162e-05
202.18	1.22442e-05
202.2	1.23257e-05
202.22	1.24065e-05
202.24	1.24864e-05
202.26	1.25654e-05
202.28	1.26435e-05
202.3	1.27208e-05
202.32	1.27971e-05
202.34	1.28725e-05
202.36	1.2947e-05
202.38	1.30205e-05
202.4	1.3093e-05
202.42	1.31646e-05
202.44	1.32352e-05
202.46	1.33049e-05
202.48	1.33735e-05
202.5	1.34412e-05
202.52	1.3508e-05
202.54	1.35738e-05
202.56	1.36387e-05
202.58	1.37026e-05
202.6	1.37656e-05
202.62	1.38277e-05
202.64	1.3889e-05
202.66	1.39493e-05
202.68	1.40088e-05
202.7	1.40675e-05
202.72	1.41254e-05
202.74	1.41825e-05
202.76	1.42388e-05
202.78	1.42943e-05
202.8	1.43492e-05
202.82	1.44033e-05
202.84	1.44568e-05
202.86	1.45096e-05
202.88	1.45617e-05
202.9	1.46133e-05
202.92	1.46642e-05
202.94	1.47145e-05
202.96	1.47643e-05
202.98	1.48136e-05
203	1.48623e-05
203.02	1.49105e-05
203.04	1.49582e-05
203.06	1.50055e-05
203.08	1.50522e-05
203.1	1.50986e-05
203.12	1.51445e-05
203.14	1.519e-05
203.16	1.52351e-05
203.18	1.52799e-05
203.2	1.53242e-05
203.22	1.53682e-05
203.24	1.54119e-05
203.26	1.54552e-05
203.28	1.54983e-05
203.3	1.5541e-05
203.32	1.55834e-05
203.34	1.56255e-05
203.36	1.56674e-05
203.38	1.5709e-05
203.4	1.57503e-05
203.42	1.57914e-05
203.44	1.58323e-05
203.46	1.58729e-05
203.48	1.59133e-05
203.5	1.59535e-05
203.52	1.59934e-05
203.54	1.60332e-05
203.56	1.60728e-05
203.58	1.61122e-05
203.6	1.61514e-05
203.62	1.61904e-05
203.64	1.62292e-05
203.66	1.62679e-05
203.68	1.63064e-05
203.7	1.63448e-05
203.72	1.6383e-05
203.74	1.6421e-05
203.76	1.64589e-05
203.78	1.64967e-05
203.8	1.65343e-05
203.82	1.65718e-05
203.84	1.66091e-05
203.86	1.66463e-05
203.88	1.66834e-05
203.9	1.67204e-05
203.92	1.67572e-05
203.94	1.67939e-05
203.96	1.68305e-05
203.98	1.6867e-05
204	1.69034e-05
204.02	1.69396e-05
204.04	1.69758e-05
204.06	1.70118e-05
204.08	1.70477e-05
204.1	1.70836e-05
204.12	1.71193e-05
204.14	1.71549e-05
204.16	1.71904e-05
204.18	1.72258e-05
204.2	1.72611e-05
204.22	1.72963e-05
204.24	1.73314e-05
204.26	1.73664e-05
204.28	1.74013e-05
204.3	1.74362e-05
204.32	1.74709e-05
204.34	1.75055e-05
204.36	1.75401e-05
204.38	1.75745e-05
204.4	1.76088e-05
204.42	1.76431e-05
204.44	1.76773e-05
204.46	1.77113e-05
204.48	1.77453e-05
204.5	1.77792e-05
204.52	1.7813e-05
204.54	1.78467e-05
204.56	1.78804e-05
204.58	1.79139e-05
204.6	1.79473e-05
204.62	1.79807e-05
204.64	1.8014e-05
204.66	1.80472e-05
204.68	1.80803e-05
204.7	1.81133e-05
204.72	1.81462e-05
204.74	1.8179e-05
204.76	1.82118e-05
204.78	1.82444e-05
204.8	1.8277e-05
204.82	1.83095e-05
204.84	1.83419e-05
204.86	1.83742e-05
204.88	1.84064e-05
204.9	1.84385e-05
204.92	1.84706e-05
204.94	1.85026e-05
204.96	1.85344e-05
204.98	1.85662e-05
205	1.85979e-05
205.02	1.86296e-05
205.04	1.86611e-05
205.06	1.86925e-05
205.08	1.87239e-05
205.1	1.87552e-05
205.12	1.87864e-05
205.14	1.88175e-05
205.16	1.88485e-05
205.18	1.88795e-05
205.2	1.89103e-05
205.22	1.89411e-05
205.24	1.89718e-05
205.26	1.90024e-05
205.28	1.90329e-05
205.3	1.90633e-05
205.32	1.90936e-05
205.34	1.91239e-05
205.36	1.91541e-05
205.38	1.91841e-05
205.4	1.92141e-05
205.42	1.92441e-05
205.44	1.92739e-05
205.46	1.93036e-05
205.48	1.93333e-05
205.5	1.93629e-05
205.52	1.93924e-05
205.54	1.94218e-05
205.56	1.94511e-05
205.58	1.94803e-05
205.6	1.95095e-05
205.62	1.95385e-05
205.64	1.95675e-05
205.66	1.95964e-05
205.68	1.96252e-05
205.7	1.9654e-05
205.72	1.96826e-05
205.74	1.97112e-05
205.76	1.97397e-05
205.78	1.97681e-05
205.8	1.97964e-05
205.82	1.98246e-05
205.84	1.98528e-05
205.86	1.98808e-05
205.88	1.99088e-05
205.9	1.99367e-05
205.92	1.99645e-05
205.94	1.99923e-05
205.96	2.00199e-05
205.98	2.00475e-05
206	2.0075e-05
206.02	2.01024e-05
206.04	2.01297e-05
206.06	2.0157e-05
206.08	2.01841e-05
206.1	2.02112e-05
206.12	2.02382e-05
206.14	2.02651e-05
206.16	2.0292e-05
206.18	2.03187e-05
206.2	2.03454e-05
206.22	2.0372e-05
206.24	2.03985e-05
206.26	2.0425e-05
206.28	2.04513e-05
206.3	2.04776e-05
206.32	2.05038e-05
206.34	2.05299e-05
206.36	2.0556e-05
206.38	2.0582e-05
206.4	2.06078e-05
206.42	2.06336e-05
206.44	2.06594e-05
206.46	2.0685e-05
206.48	2.07106e-05
206.5	2.07361e-05
206.52	2.07615e-05
206.54	2.07869e-05
206.56	2.08121e-05
206.58	2.08373e-05
206.6	2.08625e-05
206.62	2.08875e-05
206.64	2.09125e-05
206.66	2.09374e-05
206.68	2.09622e-05
206.7	2.09869e-05
206.72	2.10116e-05
206.74	2.10362e-05
206.76	2.10607e-05
206.78	2.10851e-05
206.8	2.11095e-05
206.82	2.11338e-05
206.84	2.1158e-05
206.86	2.11822e-05
206.88	2.12063e-05
206.9	2.12303e-05
206.92	2.12542e-05
206.94	2.12781e-05
206.96	2.13019e-05
206.98	2.13256e-05
207	2.13492e-05
207.02	2.13728e-05
207.04	2.13963e-05
207.06	2.14198e-05
207.08	2.14431e-05
207.1	2.14664e-05
207.12	2.14897e-05
207.14	2.15128e-05
207.16	2.15359e-05
207.18	2.1559e-05
207.2	2.15819e-05
207.22	2.16048e-05
207.24	2.16276e-05
207.26	2.16504e-05
207.28	2.16731e-05
207.3	2.16957e-05
207.32	2.17182e-05
207.34	2.17407e-05
207.36	2.17632e-05
207.38	2.17855e-05
207.4	2.18078e-05
207.42	2.183e-05
207.44	2.18522e-05
207.46	2.18743e-05
207.48	2.18963e-05
207.5	2.19183e-05
207.52	2.19402e-05
207.54	2.19621e-05
207.56	2.19838e-05
207.58	2.20055e-05
207.6	2.20272e-05
207.62	2.20488e-05
207.64	2.20703e-05
207.66	2.20918e-05
207.68	2.21132e-05
207.7	2.21346e-05
207.72	2.21558e-05
207.74	2.21771e-05
207.76	2.21982e-05
207.78	2.22193e-05
207.8	2.22404e-05
207.82	2.22614e-05
207.84	2.22823e-05
207.86	2.23032e-05
207.88	2.2324e-05
207.9	2.23447e-05
207.92	2.23654e-05
207.94	2.23861e-05
207.96	2.24067e-05
207.98	2.24272e-05
208	2.24476e-05
208.02	2.24681e-05
208.04	2.24884e-05
208.06	2.25087e-05
208.08	2.2529e-05
208.1	2.25491e-05
208.12	2.25693e-05
208.14	2.25894e-05
208.16	2.26094e-05
208.18	2.26294e-05
208.2	2.26493e-05
208.22	2.26691e-05
208.24	2.26889e-05
208.26	2.27087e-05
208.28	2.27284e-05
208.3	2.2748e-05
208.32	2.27676e-05
208.34	2.27872e-05
208.36	2.28067e-05
208.38	2.28261e-05
208.4	2.28455e-05
208.42	2.28648e-05
208.44	2.28841e-05
208.46	2.29033e-05
208.48	2.29225e-05
208.5	2.29417e-05
208.52	2.29607e-05
208.54	2.29798e-05
208.56	2.29988e-05
208.58	2.30177e-05
208.6	2.30366e-05
208.62	2.30554e-05
208.64	2.30742e-05
208.66	2.30929e-05
208.68	2.31116e-05
208.7	2.31303e-05
208.72	2.31489e-05
208.74	2.31674e-05
208.76	2.31859e-05
208.78	2.32044e-05
208.8	2.32228e-05
208.82	2.32412e-05
208.84	2.32595e-05
208.86	2.32777e-05
208.88	2.3296e-05
208.9	2.33142e-05
208.92	2.33323e-05
208.94	2.33504e-05
208.96	2.33684e-05
208.98	2.33864e-05
209	2.34044e-05
209.02	2.34223e-05
209.04	2.34402e-05
209.06	2.3458e-05
209.08	2.34758e-05
209.1	2.34935e-05
209.12	2.35112e-05
209.14	2.35289e-05
209.16	2.35465e-05
209.18	2.35641e-05
209.2	2.35816e-05
209.22	2.35991e-05
209.24	2.36166e-05
209.26	2.3634e-05
209.28	2.36513e-05
209.3	2.36687e-05
209.32	2.3686e-05
209.34	2.37032e-05
209.36	2.37204e-05
209.38	2.37376e-05
209.4	2.37547e-05
209.42	2.37718e-05
209.44	2.37888e-05
209.46	2.38059e-05
209.48	2.38228e-05
209.5	2.38398e-05
209.52	2.38567e-05
209.54	2.38735e-05
209.56	2.38904e-05
209.58	2.39071e-05
209.6	2.39239e-05
209.62	2.39406e-05
209.64	2.39573e-05
209.66	2.39739e-05
209.68	2.39905e-05
209.7	2.40071e-05
209.72	2.40236e-05
209.74	2.40401e-05
209.76	2.40566e-05
209.78	2.4073e-05
209.8	2.40894e-05
209.82	2.41057e-05
209.84	2.41221e-05
209.86	2.41383e-05
209.88	2.41546e-05
209.9	2.41708e-05
209.92	2.4187e-05
209.94	2.42031e-05
209.96	2.42193e-05
209.98	2.42353e-05
210	2.42514e-05
210.02	2.42674e-05
210.04	2.42834e-05
210.06	2.42994e-05
210.08	2.43153e-05
210.1	2.43312e-05
210.12	2.4347e-05
210.14	2.43629e-05
210.16	2.43787e-05
210.18	2.43944e-05
210.2	2.44102e-05
210.22	2.44259e-05
210.24	2.44415e-05
210.26	2.44572e-05
210.28	2.44728e-05
210.3	2.44884e-05
210.32	2.45039e-05
210.34	2.45195e-05
210.36	2.4535e-05
210.38	2.45504e-05
210.4	2.45659e-05
210.42	2.45813e-05
210.44	2.45966e-05
210.46	2.4612e-05
210.48	2.46273e-05
210.5	2.46426e-05
210.52	2.46579e-05
210.54	2.46731e-05
210.56	2.46884e-05
210.58	2.47035e-05
210.6	2.47187e-05
210.62	2.47338e-05
210.64	2.47489e-05
210.66	2.4764e-05
210.68	2.47791e-05
210.7	2.47941e-05
210.72	2.48091e-05
210.74	2.48241e-05
210.76	2.4839e-05
210.78	2.4854e-05
210.8	2.48689e-05
210.82	2.48838e-05
210.84	2.48986e-05
210.86	2.49134e-05
210.88	2.49282e-05
210.9	2.4943e-05
210.92	2.49578e-05
210.94	2.49725e-05
210.96	2.49872e-05
210.98	2.50019e-05
211	2.50166e-05
211.02	2.50312e-05
211.04	2.50458e-05
211.06	2.50604e-05
211.08	2.5075e-05
211.1	2.50895e-05
211.12	2.5104e-05
211.14	2.51186e-05
211.16	2.5133e-05
211.18	2.51475e-05
211.2	2.51619e-05
211.22	2.51764e-05
211.24	2.51907e-05
211.26	2.52051e-05
211.28	2.52195e-05
211.3	2.52338e-05
211.32	2.52481e-05
211.34	2.52624e-05
211.36	2.52767e-05
211.38	2.5291e-05
211.4	2.53052e-05
211.42	2.53194e-05
211.44	2.53336e-05
211.46	2.53478e-05
211.48	2.5362e-05
211.5	2.53761e-05
211.52	2.53902e-05
211.54	2.54043e-05
211.56	2.54184e-05
211.58	2.54325e-05
211.6	2.54465e-05
211.62	2.54606e-05
211.64	2.54746e-05
211.66	2.54886e-05
211.68	2.55026e-05
211.7	2.55165e-05
211.72	2.55305e-05
211.74	2.55444e-05
211.76	2.55583e-05
211.78	2.55722e-05
211.8	2.55861e-05
211.82	2.55999e-05
211.84	2.56138e-05
211.86	2.56276e-05
211.88	2.56414e-05
211.9	2.56552e-05
211.92	2.5669e-05
211.94	2.56828e-05
211.96	2.56966e-05
211.98	2.57103e-05
212	2.5724e-05
212.02	2.57378e-05
212.04	2.57514e-05
212.06	2.57651e-05
212.08	2.57788e-05
212.1	2.57925e-05
212.12	2.58061e-05
212.14	2.58197e-05
212.16	2.58334e-05
212.18	2.5847e-05
212.2	2.58606e-05
212.22	2.58741e-05
212.24	2.58877e-05
212.26	2.59013e-05
212.28	2.59148e-05
212.3	2.59283e-05
212.32	2.59418e-05
212.34	2.59554e-05
212.36	2.59689e-05
212.38	2.59823e-05
212.4	2.59958e-05
212.42	2.60093e-05
212.44	2.60227e-05
212.46	2.60362e-05
212.48	2.60496e-05
212.5	2.6063e-05
212.52	2.60764e-05
212.54	2.60898e-05
212.56	2.61032e-05
212.58	2.61166e-05
212.6	2.613e-05
212.62	2.61433e-05
212.64	2.61567e-05
212.66	2.617e-05
212.68	2.61834e-05
212.7	2.61967e-05
212.72	2.621e-05
212.74	2.62233e-05
212.76	2.62366e-05
212.78	2.62499e-05
212.8	2.62632e-05
212.82	2.62765e-05
212.84	2.62897e-05
212.86	2.6303e-05
212.88	2.63162e-05
212.9	2.63295e-05
212.92	2.63427e-05
212.94	2.6356e-05
212.96	2.63692e-05
212.98	2.63824e-05
213	2.63956e-05
213.02	2.64088e-05
213.04	2.6422e-05
213.06	2.64352e-05
213.08	2.64484e-05
213.1	2.64616e-05
213.12	2.64748e-05
213.14	2.64879e-05
213.16	2.65011e-05
213.18	2.65143e-05
213.2	2.65274e-05
213.22	2.65406e-05
213.24	2.65537e-05
213.26	2.65669e-05
213.28	2.658e-05
213.3	2.65931e-05
213.32	2.66063e-05
213.34	2.66194e-05
213.36	2.66325e-05
213.38	2.66456e-05
213.4	2.66588e-05
213.42	2.66719e-05
213.44	2.6685e-05
213.46	2.66981e-05
213.48	2.67112e-05
213.5	2.67243e-05
213.52	2.67374e-05
213.54	2.67505e-05
213.56	2.67636e-05
213.58	2.67767e-05
213.6	2.67898e-05
213.62	2.68029e-05
213.64	2.6816e-05
213.66	2.6829e-05
213.68	2.68421e-05
213.7	2.68552e-05
213.72	2.68683e-05
213.74	2.68814e-05
213.76	2.68945e-05
213.78	2.69075e-05
213.8	2.69206e-05
213.82	2.69337e-05
213.84	2.69468e-05
213.86	2.69599e-05
213.88	2.6973e-05
213.9	2.6986e-05
213.92	2.69991e-05
213.94	2.70122e-05
213.96	2.70253e-05
213.98	2.70384e-05
214	2.70515e-05
214.02	2.70646e-05
214.04	2.70777e-05
214.06	2.70908e-05
214.08	2.71039e-05
214.1	2.7117e-05
214.12	2.71301e-05
214.14	2.71432e-05
214.16	2.71563e-05
214.18	2.71694e-05
214.2	2.71825e-05
214.22	2.71956e-05
214.24	2.72087e-05
214.26	2.72218e-05
214.28	2.7235e-05
214.3	2.72481e-05
214.32	2.72612e-05
214.34	2.72744e-05
214.36	2.72875e-05
214.38	2.73007e-05
214.4	2.73138e-05
214.42	2.7327e-05
214.44	2.73401e-05
214.46	2.73533e-05
214.48	2.73665e-05
214.5	2.73796e-05
214.52	2.73928e-05
214.54	2.7406e-05
214.56	2.74192e-05
214.58	2.74324e-05
214.6	2.74456e-05
214.62	2.74588e-05
214.64	2.7472e-05
214.66	2.74853e-05
214.68	2.74985e-05
214.7	2.75117e-05
214.72	2.7525e-05
214.74	2.75382e-05
214.76	2.75515e-05
214.78	2.75648e-05
214.8	2.7578e-05
214.82	2.75913e-05
214.84	2.76046e-05
214.86	2.76179e-05
214.88	2.76312e-05
214.9	2.76445e-05
214.92	2.76579e-05
214.94	2.76712e-05
214.96	2.76846e-05
214.98	2.76979e-05
215	2.77113e-05
215.02	2.77247e-05
215.04	2.7738e-05
215.06	2.77514e-05
215.08	2.77648e-05
215.1	2.77783e-05
215.12	2.77917e-05
215.14	2.78051e-05
215.16	2.78186e-05
215.18	2.7832e-05
215.2	2.78455e-05
215.22	2.7859e-05
215.24	2.78725e-05
215.26	2.7886e-05
215.28	2.78995e-05
215.3	2.7913e-05
215.32	2.79266e-05
215.34	2.79401e-05
215.36	2.79537e-05
215.38	2.79673e-05
215.4	2.79809e-05
215.42	2.79945e-05
215.44	2.80081e-05
215.46	2.80217e-05
215.48	2.80354e-05
215.5	2.80491e-05
215.52	2.80627e-05
215.54	2.80764e-05
215.56	2.80901e-05
215.58	2.81039e-05
215.6	2.81176e-05
215.62	2.81313e-05
215.64	2.81451e-05
215.66	2.81589e-05
215.68	2.81727e-05
215.7	2.81865e-05
215.72	2.82003e-05
215.74	2.82142e-05
215.76	2.82281e-05
215.78	2.82419e-05
215.8	2.82558e-05
215.82	2.82698e-05
215.84	2.82837e-05
215.86	2.82976e-05
215.88	2.83116e-05
215.9	2.83256e-05
215.92	2.83396e-05
215.94	2.83536e-05
215.96	2.83677e-05
215.98	2.83817e-05
216	2.83958e-05
216.02	2.84099e-05
216.04	2.8424e-05
216.06	2.84382e-05
216.08	2.84523e-05
216.1	2.84665e-05
216.12	2.84807e-05
216.14	2.8495e-05
216.16	2.85092e-05
216.18	2.85235e-05
216.2	2.85378e-05
216.22	2.85521e-05
216.24	2.85664e-05
216.26	2.85807e-05
216.28	2.85951e-05
216.3	2.86095e-05
216.32	2.86239e-05
216.34	2.86384e-05
216.36	2.86528e-05
216.38	2.86673e-05
216.4	2.86819e-05
216.42	2.86964e-05
216.44	2.8711e-05
216.46	2.87255e-05
216.48	2.87402e-05
216.5	2.87548e-05
216.52	2.87694e-05
216.54	2.87841e-05
216.56	2.87989e-05
216.58	2.88136e-05
216.6	2.88284e-05
216.62	2.88431e-05
216.64	2.8858e-05
216.66	2.88728e-05
216.68	2.88877e-05
216.7	2.89026e-05
216.72	2.89175e-05
216.74	2.89325e-05
216.76	2.89475e-05
216.78	2.89625e-05
216.8	2.89775e-05
216.82	2.89926e-05
216.84	2.90077e-05
216.86	2.90228e-05
216.88	2.9038e-05
216.9	2.90532e-05
216.92	2.90684e-05
216.94	2.90837e-05
216.96	2.9099e-05
216.98	2.91143e-05
217	2.91296e-05
217.02	2.9145e-05
217.04	2.91604e-05
217.06	2.91759e-05
217.08	2.91914e-05
217.1	2.92069e-05
217.12	2.92224e-05
217.14	2.9238e-05
217.16	2.92536e-05
217.18	2.92693e-05
217.2	2.9285e-05
217.22	2.93007e-05
217.24	2.93165e-05
217.26	2.93322e-05
217.28	2.93481e-05
217.3	2.93639e-05
217.32	2.93799e-05
217.34	2.93958e-05
217.36	2.94118e-05
217.38	2.94278e-05
217.4	2.94439e-05
217.42	2.946e-05
217.44	2.94761e-05
217.46	2.94923e-05
217.48	2.95085e-05
217.5	2.95247e-05
217.52	2.9541e-05
217.54	2.95574e-05
217.56	2.95738e-05
217.58	2.95902e-05
217.6	2.96067e-05
217.62	2.96232e-05
217.64	2.96397e-05
217.66	2.96563e-05
217.68	2.9673e-05
217.7	2.96896e-05
217.72	2.97064e-05
217.74	2.97232e-05
217.76	2.974e-05
217.78	2.97568e-05
217.8	2.97738e-05
217.82	2.97907e-05
217.84	2.98077e-05
217.86	2.98248e-05
217.88	2.98419e-05
217.9	2.98591e-05
217.92	2.98763e-05
217.94	2.98935e-05
217.96	2.99108e-05
217.98	2.99282e-05
218	2.99456e-05
218.02	2.99631e-05
218.04	2.99806e-05
218.06	2.99981e-05
218.08	3.00158e-05
218.1	3.00334e-05
218.12	3.00512e-05
218.14	3.0069e-05
218.16	3.00868e-05
218.18	3.01047e-05
218.2	3.01227e-05
218.22	3.01407e-05
218.24	3.01587e-05
218.26	3.01769e-05
218.28	3.01951e-05
218.3	3.02133e-05
218.32	3.02316e-05
218.34	3.025e-05
218.36	3.02684e-05
218.38	3.02869e-05
218.4	3.03055e-05
218.42	3.03241e-05
218.44	3.03428e-05
218.46	3.03616e-05
218.48	3.03804e-05
218.5	3.03993e-05
218.52	3.04182e-05
218.54	3.04373e-05
218.56	3.04563e-05
218.58	3.04755e-05
218.6	3.04947e-05
218.62	3.0514e-05
218.64	3.05334e-05
218.66	3.05529e-05
218.68	3.05724e-05
218.7	3.0592e-05
218.72	3.06117e-05
218.74	3.06314e-05
218.76	3.06512e-05
218.78	3.06711e-05
218.8	3.06911e-05
218.82	3.07112e-05
218.84	3.07313e-05
218.86	3.07515e-05
218.88	3.07718e-05
218.9	3.07922e-05
218.92	3.08127e-05
218.94	3.08333e-05
218.96	3.08539e-05
218.98	3.08746e-05
219	3.08955e-05
219.02	3.09164e-05
219.04	3.09374e-05
219.06	3.09585e-05
219.08	3.09796e-05
219.1	3.10009e-05
219.12	3.10223e-05
219.14	3.10438e-05
219.16	3.10653e-05
219.18	3.1087e-05
219.2	3.11088e-05
219.22	3.11306e-05
219.24	3.11526e-05
219.26	3.11747e-05
219.28	3.11968e-05
219.3	3.12191e-05
219.32	3.12415e-05
219.34	3.1264e-05
219.36	3.12866e-05
219.38	3.13094e-05
219.4	3.13322e-05
219.42	3.13552e-05
219.44	3.13782e-05
219.46	3.14014e-05
219.48	3.14247e-05
219.5	3.14482e-05
219.52	3.14717e-05
219.54	3.14954e-05
219.56	3.15192e-05
219.58	3.15432e-05
219.6	3.15673e-05
219.62	3.15915e-05
219.64	3.16158e-05
219.66	3.16403e-05
219.68	3.16649e-05
219.7	3.16896e-05
219.72	3.17145e-05
219.74	3.17396e-05
219.76	3.17648e-05
219.78	3.17901e-05
219.8	3.18156e-05
219.82	3.18413e-05
219.84	3.18671e-05
219.86	3.18931e-05
219.88	3.19192e-05
219.9	3.19455e-05
219.92	3.1972e-05
219.94	3.19986e-05
219.96	3.20254e-05
219.98	3.20524e-05
220	3.20796e-05
220.02	3.21069e-05
220.04	3.21345e-05
220.06	3.21622e-05
220.08	3.21901e-05
220.1	3.22183e-05
220.12	3.22466e-05
220.14	3.22751e-05
220.16	3.23039e-05
220.18	3.23328e-05
220.2	3.2362e-05
220.22	3.23913e-05
220.24	3.2421e-05
220.26	3.24508e-05
220.28	3.24809e-05
220.3	3.25112e-05
220.32	3.25417e-05
220.34	3.25725e-05
220.36	3.26036e-05
220.38	3.26349e-05
220.4	3.26665e-05
220.42	3.26984e-05
220.44	3.27305e-05
220.46	3.27629e-05
220.48	3.27956e-05
220.5	3.28287e-05
220.52	3.2862e-05
220.54	3.28956e-05
220.56	3.29295e-05
220.58	3.29638e-05
220.6	3.29984e-05
220.62	3.30334e-05
220.64	3.30687e-05
220.66	3.31043e-05
220.68	3.31404e-05
220.7	3.31768e-05
220.72	3.32136e-05
220.74	3.32508e-05
220.76	3.32884e-05
220.78	3.33265e-05
220.8	3.3365e-05
220.82	3.34039e-05
220.84	3.34433e-05
220.86	3.34832e-05
220.88	3.35236e-05
220.9	3.35645e-05
220.92	3.36059e-05
220.94	3.36479e-05
220.96	3.36904e-05
220.98	3.37336e-05
221	3.37773e-05
221.02	3.38216e-05
221.04	3.38666e-05
221.06	3.39123e-05
221.08	3.39587e-05
221.1	3.40058e-05
221.12	3.40536e-05
221.14	3.41023e-05
221.16	3.41517e-05
221.18	3.4202e-05
221.2	3.42532e-05
221.22	3.43054e-05
221.24	3.43585e-05
221.26	3.44126e-05
221.28	3.44678e-05
221.3	3.45241e-05
221.32	3.45816e-05
221.34	3.46404e-05
221.36	3.47004e-05
221.38	3.47619e-05
221.4	3.48248e-05
221.42	3.48892e-05
221.44	3.49553e-05
221.46	3.50232e-05
221.48	3.50929e-05
221.5	3.51646e-05
221.52	3.52384e-05
221.54	3.53144e-05
221.56	3.5393e-05
221.58	3.54741e-05
221.6	3.55581e-05
221.62	3.56452e-05
221.64	3.57357e-05
221.66	3.58298e-05
221.68	3.59279e-05
221.7	3.60304e-05
221.72	3.61377e-05
221.74	3.62504e-05
221.76	3.63692e-05
221.78	3.64946e-05
221.8	3.66276e-05
221.82	3.67693e-05
221.84	3.69207e-05
221.86	3.70835e-05
221.88	3.72594e-05
221.9	3.74508e-05
221.92	3.76605e-05
221.94	3.78922e-05
221.96	3.81509e-05
221.98	3.84429e-05
222	3.87773e-05
222.02	3.91664e-05
222.04	3.96287e-05
222.06	4.01917e-05
222.08	4.09e-05
222.1	4.18295e-05
222.12	4.31209e-05
222.14	4.50652e-05
222.16	4.83517e-05
222.18	5.48706e-05
222.2	6.98035e-05
222.22	0.000100879
222.24	0.000144563
222.26	0.000183119
222.28	0.000206405
222.3	0.000215656
222.32	0.000213369
222.34	0.00019946
222.36	0.000175136
222.38	0.000144544
222.4	0.000112977
222.42	8.46654e-05
222.44	6.1824e-05
222.46	4.48515e-05
222.48	3.2967e-05
222.5	2.49344e-05
222.52	1.958e-05
222.54	1.59947e-05
222.56	1.35514e-05
222.58	1.18546e-05
222.6	1.06678e-05
222.62	9.84394e-06
222.64	9.28243e-06
222.66	8.91017e-06
222.68	8.67311e-06
222.7	8.53157e-06
222.72	8.45692e-06
222.74	8.42861e-06
222.76	8.4324e-06
222.78	8.45832e-06
222.8	8.4994e-06
222.82	8.5507e-06
222.84	8.60881e-06
222.86	8.67135e-06
222.88	8.73675e-06
222.9	8.80397e-06
222.92	8.87239e-06
222.94	8.94162e-06
222.96	9.01149e-06
222.98	9.08193e-06
223	9.15295e-06
223.02	9.2246e-06
223.04	9.29693e-06
223.06	9.37001e-06
223.08	9.44392e-06
223.1	9.51872e-06
223.12	9.59444e-06
223.14	9.67111e-06
223.16	9.74875e-06
223.18	9.82736e-06
223.2	9.90694e-06
223.22	9.98745e-06
223.24	1.00689e-05
223.26	1.01511e-05
223.28	1.02342e-05
223.3	1.03181e-05
223.32	1.04026e-05
223.34	1.04877e-05
223.36	1.05734e-05
223.38	1.06596e-05
223.4	1.07462e-05
223.42	1.08331e-05
223.44	1.09202e-05
223.46	1.10075e-05
223.48	1.10949e-05
223.5	1.11823e-05
223.52	1.12697e-05
223.54	1.13569e-05
223.56	1.1444e-05
223.58	1.15307e-05
223.6	1.16172e-05
223.62	1.17032e-05
223.64	1.17888e-05
223.66	1.18738e-05
223.68	1.19583e-05
223.7	1.20422e-05
223.72	1.21254e-05
223.74	1.22079e-05
223.76	1.22897e-05
223.78	1.23707e-05
223.8	1.24509e-05
223.82	1.25302e-05
223.84	1.26086e-05
223.86	1.26862e-05
223.88	1.27629e-05
223.9	1.28386e-05
223.92	1.29134e-05
223.94	1.29872e-05
223.96	1.30601e-05
223.98	1.3132e-05
224	1.32029e-05
224.02	1.32729e-05
224.04	1.33419e-05
224.06	1.341e-05
224.08	1.34771e-05
224.1	1.35432e-05
224.12	1.36084e-05
224.14	1.36727e-05
224.16	1.3736e-05
224.18	1.37984e-05
224.2	1.386e-05
224.22	1.39206e-05
224.24	1.39804e-05
224.26	1.40394e-05
224.28	1.40975e-05
224.3	1.41548e-05
224.32	1.42114e-05
224.34	1.42672e-05
224.36	1.43223e-05
224.38	1.43767e-05
224.4	1.44304e-05
224.42	1.44834e-05
224.44	1.45357e-05
224.46	1.45875e-05
224.48	1.46386e-05
224.5	1.46891e-05
224.52	1.47391e-05
224.54	1.47885e-05
224.56	1.48374e-05
224.58	1.48857e-05
224.6	1.49336e-05
224.62	1.4981e-05
224.64	1.50279e-05
224.66	1.50744e-05
224.68	1.51204e-05
224.7	1.5166e-05
224.72	1.52112e-05
224.74	1.52561e-05
224.76	1.53005e-05
224.78	1.53446e-05
224.8	1.53884e-05
224.82	1.54318e-05
224.84	1.54749e-05
224.86	1.55177e-05
224.88	1.55602e-05
224.9	1.56024e-05
224.92	1.56443e-05
224.94	1.5686e-05
224.96	1.57274e-05
224.98	1.57685e-05
225	1.58094e-05
225.02	1.58501e-05
225.04	1.58905e-05
225.06	1.59307e-05
225.08	1.59708e-05
225.1	1.60106e-05
225.12	1.60502e-05
225.14	1.60896e-05
225.16	1.61288e-05
225.18	1.61679e-05
225.2	1.62067e-05
225.22	1.62454e-05
225.24	1.6284e-05
225.26	1.63224e-05
225.28	1.63606e-05
225.3	1.63986e-05
225.32	1.64366e-05
225.34	1.64743e-05
225.36	1.6512e-05
225.38	1.65495e-05
225.4	1.65868e-05
225.42	1.6624e-05
225.44	1.66611e-05
225.46	1.66981e-05
225.48	1.6735e-05
225.5	1.67717e-05
225.52	1.68083e-05
225.54	1.68448e-05
225.56	1.68812e-05
225.58	1.69174e-05
225.6	1.69536e-05
225.62	1.69896e-05
225.64	1.70255e-05
225.66	1.70614e-05
225.68	1.70971e-05
225.7	1.71327e-05
225.72	1.71682e-05
225.74	1.72036e-05
225.76	1.72389e-05
225.78	1.72741e-05
225.8	1.73093e-05
225.82	1.73443e-05
225.84	1.73792e-05
225.86	1.7414e-05
225.88	1.74487e-05
225.9	1.74834e-05
225.92	1.75179e-05
225.94	1.75524e-05
225.96	1.75867e-05
225.98	1.7621e-05
226	1.76551e-05
226.02	1.76892e-05
226.04	1.77232e-05
226.06	1.77571e-05
226.08	1.77909e-05
226.1	1.78246e-05
226.12	1.78583e-05
226.14	1.78918e-05
226.16	1.79252e-05
226.18	1.79586e-05
226.2	1.79919e-05
226.22	1.80251e-05
226.24	1.80582e-05
226.26	1.80912e-05
226.28	1.81241e-05
226.3	1.81569e-05
226.32	1.81897e-05
226.34	1.82223e-05
226.36	1.82549e-05
226.38	1.82874e-05
226.4	1.83198e-05
226.42	1.83521e-05
226.44	1.83843e-05
226.46	1.84165e-05
226.48	1.84485e-05
226.5	1.84805e-05
226.52	1.85124e-05
226.54	1.85442e-05
226.56	1.85759e-05
226.58	1.86075e-05
226.6	1.86391e-05
226.62	1.86705e-05
226.64	1.87019e-05
226.66	1.87332e-05
226.68	1.87644e-05
226.7	1.87955e-05
226.72	1.88265e-05
226.74	1.88574e-05
226.76	1.88883e-05
226.78	1.89191e-05
226.8	1.89497e-05
226.82	1.89803e-05
226.84	1.90109e-05
226.86	1.90413e-05
226.88	1.90716e-05
226.9	1.91019e-05
226.92	1.91321e-05
226.94	1.91622e-05
226.96	1.91922e-05
226.98	1.92221e-05
227	1.92519e-05
227.02	1.92817e-05
227.04	1.93113e-05
227.06	1.93409e-05
227.08	1.93704e-05
227.1	1.93998e-05
227.12	1.94291e-05
227.14	1.94584e-05
227.16	1.94875e-05
227.18	1.95166e-05
227.2	1.95456e-05
227.22	1.95745e-05
227.24	1.96033e-05
227.26	1.96321e-05
227.28	1.96607e-05
227.3	1.96893e-05
227.32	1.97178e-05
227.34	1.97462e-05
227.36	1.97745e-05
227.38	1.98027e-05
227.4	1.98309e-05
227.42	1.98589e-05
227.44	1.98869e-05
227.46	1.99148e-05
227.48	1.99427e-05
227.5	1.99704e-05
227.52	1.99981e-05
227.54	2.00256e-05
227.56	2.00531e-05
227.58	2.00805e-05
227.6	2.01079e-05
227.62	2.01351e-05
227.64	2.01623e-05
227.66	2.01894e-05
227.68	2.02164e-05
227.7	2.02433e-05
227.72	2.02701e-05
227.74	2.02969e-05
227.76	2.03236e-05
227.78	2.03502e-05
227.8	2.03767e-05
227.82	2.04031e-05
227.84	2.04295e-05
227.86	2.04558e-05
227.88	2.0482e-05
227.9	2.05081e-05
227.92	2.05342e-05
227.94	2.05601e-05
227.96	2.0586e-05
227.98	2.06118e-05
228	2.06376e-05
228.02	2.06632e-05
228.04	2.06888e-05
228.06	2.07143e-05
228.08	2.07397e-05
228.1	2.07651e-05
228.12	2.07903e-05
228.14	2.08155e-05
228.16	2.08406e-05
228.18	2.08657e-05
228.2	2.08906e-05
228.22	2.09155e-05
228.24	2.09403e-05
228.26	2.09651e-05
228.28	2.09898e-05
228.3	2.10143e-05
228.32	2.10389e-05
228.34	2.10633e-05
228.36	2.10877e-05
228.38	2.1112e-05
228.4	2.11362e-05
228.42	2.11604e-05
228.44	2.11844e-05
228.46	2.12084e-05
228.48	2.12324e-05
228.5	2.12562e-05
228.52	2.128e-05
228.54	2.13037e-05
228.56	2.13274e-05
228.58	2.1351e-05
228.6	2.13745e-05
228.62	2.13979e-05
228.64	2.14213e-05
228.66	2.14446e-05
228.68	2.14678e-05
228.7	2.1491e-05
228.72	2.15141e-05
228.74	2.15371e-05
228.76	2.156e-05
228.78	2.15829e-05
228.8	2.16057e-05
228.82	2.16285e-05
228.84	2.16512e-05
228.86	2.16738e-05
228.88	2.16963e-05
228.9	2.17188e-05
228.92	2.17412e-05
228.94	2.17636e-05
228.96	2.17859e-05
228.98	2.18081e-05
229	2.18303e-05
229.02	2.18523e-05
229.04	2.18744e-05
229.06	2.18963e-05
229.08	2.19182e-05
229.1	2.19401e-05
229.12	2.19618e-05
229.14	2.19836e-05
229.16	2.20052e-05
229.18	2.20268e-05
229.2	2.20483e-05
229.22	2.20698e-05
229.24	2.20912e-05
229.26	2.21125e-05
229.28	2.21338e-05
229.3	2.2155e-05
229.32	2.21762e-05
229.34	2.21973e-05
229.36	2.22183e-05
229.38	2.22393e-05
229.4	2.22602e-05
229.42	2.22811e-05
229.44	2.23019e-05
229.46	2.23226e-05
229.48	2.23433e-05
229.5	2.23639e-05
229.52	2.23845e-05
229.54	2.2405e-05
229.56	2.24255e-05
229.58	2.24459e-05
229.6	2.24662e-05
229.62	2.24865e-05
229.64	2.25067e-05
229.66	2.25269e-05
229.68	2.2547e-05
229.7	2.25671e-05
229.72	2.25871e-05
229.74	2.26071e-05
229.76	2.2627e-05
229.78	2.26468e-05
229.8	2.26666e-05
229.82	2.26864e-05
229.84	2.2706e-05
229.86	2.27257e-05
229.88	2.27453e-05
229.9	2.27648e-05
229.92	2.27843e-05
229.94	2.28037e-05
229.96	2.28231e-05
229.98	2.28424e-05
230	2.28617e-05
230.02	2.28809e-05
230.04	2.29001e-05
230.06	2.29192e-05
230.08	2.29382e-05
230.1	2.29573e-05
230.12	2.29762e-05
230.14	2.29951e-05
230.16	2.3014e-05
230.18	2.30328e-05
230.2	2.30516e-05
230.22	2.30703e-05
230.24	2.3089e-05
230.26	2.31076e-05
230.28	2.31262e-05
230.3	2.31448e-05
230.32	2.31632e-05
230.34	2.31817e-05
230.36	2.32001e-05
230.38	2.32184e-05
230.4	2.32367e-05
230.42	2.3255e-05
230.44	2.32732e-05
230.46	2.32914e-05
230.48	2.33095e-05
230.5	2.33276e-05
230.52	2.33456e-05
230.54	2.33636e-05
230.56	2.33815e-05
230.58	2.33994e-05
230.6	2.34173e-05
230.62	2.34351e-05
230.64	2.34528e-05
230.66	2.34706e-05
230.68	2.34883e-05
230.7	2.35059e-05
230.72	2.35235e-05
230.74	2.3541e-05
230.76	2.35586e-05
230.78	2.3576e-05
230.8	2.35935e-05
230.82	2.36108e-05
230.84	2.36282e-05
230.86	2.36455e-05
230.88	2.36628e-05
230.9	2.368e-05
230.92	2.36972e-05
230.94	2.37143e-05
230.96	2.37314e-05
230.98	2.37485e-05
231	2.37655e-05
231.02	2.37825e-05
231.04	2.37995e-05
231.06	2.38164e-05
231.08	2.38333e-05
231.1	2.38501e-05
231.12	2.38669e-05
231.14	2.38837e-05
231.16	2.39004e-05
231.18	2.39171e-05
231.2	2.39337e-05
231.22	2.39504e-05
231.24	2.39669e-05
231.26	2.39835e-05
231.28	2.4e-05
231.3	2.40165e-05
231.32	2.40329e-05
231.34	2.40493e-05
231.36	2.40657e-05
231.38	2.4082e-05
231.4	2.40983e-05
231.42	2.41146e-05
231.44	2.41308e-05
231.46	2.4147e-05
231.48	2.41631e-05
231.5	2.41793e-05
231.52	2.41954e-05
231.54	2.42114e-05
231.56	2.42274e-05
231.58	2.42434e-05
231.6	2.42594e-05
231.62	2.42753e-05
231.64	2.42912e-05
231.66	2.43071e-05
231.68	2.43229e-05
231.7	2.43387e-05
231.72	2.43545e-05
231.74	2.43702e-05
231.76	2.43859e-05
231.78	2.44016e-05
231.8	2.44173e-05
231.82	2.44329e-05
231.84	2.44485e-05
231.86	2.4464e-05
231.88	2.44795e-05
231.9	2.4495e-05
231.92	2.45105e-05
231.94	2.4526e-05
231.96	2.45414e-05
231.98	2.45567e-05
232	2.45721e-05
232.02	2.45874e-05
232.04	2.46027e-05
232.06	2.4618e-05
232.08	2.46332e-05
232.1	2.46484e-05
232.12	2.46636e-05
232.14	2.46788e-05
232.16	2.46939e-05
232.18	2.4709e-05
232.2	2.47241e-05
232.22	2.47391e-05
232.24	2.47542e-05
232.26	2.47692e-05
232.28	2.47841e-05
232.3	2.47991e-05
232.32	2.4814e-05
232.34	2.48289e-05
232.36	2.48438e-05
232.38	2.48586e-05
232.4	2.48734e-05
232.42	2.48882e-05
232.44	2.4903e-05
232.46	2.49178e-05
232.48	2.49325e-05
232.5	2.49472e-05
232.52	2.49619e-05
232.54	2.49765e-05
232.56	2.49911e-05
232.58	2.50057e-05
232.6	2.50203e-05
232.62	2.50349e-05
232.64	2.50494e-05
232.66	2.50639e-05
232.68	2.50784e-05
232.7	2.50929e-05
232.72	2.51074e-05
232.74	2.51218e-05
232.76	2.51362e-05
232.78	2.51506e-05
232.8	2.51649e-05
232.82	2.51793e-05
232.84	2.51936e-05
232.86	2.52079e-05
232.88	2.52222e-05
232.9	2.52364e-05
232.92	2.52507e-05
232.94	2.52649e-05
232.96	2.52791e-05
232.98	2.52933e-05
233	2.53074e-05
233.02	2.53216e-05
233.04	2.53357e-05
233.06	2.53498e-05
233.08	2.53639e-05
233.1	2.5378e-05
233.12	2.5392e-05
233.14	2.5406e-05
233.16	2.54201e-05
233.18	2.5434e-05
233.2	2.5448e-05
233.22	2.5462e-05
233.24	2.54759e-05
233.26	2.54898e-05
233.28	2.55038e-05
233.3	2.55176e-05
233.32	2.55315e-05
233.34	2.55454e-05
233.36	2.55592e-05
233.38	2.5573e-05
233.4	2.55869e-05
233.42	2.56006e-05
233.44	2.56144e-05
233.46	2.56282e-05
233.48	2.56419e-05
233.5	2.56557e-05
233.52	2.56694e-05
233.54	2.56831e-05
233.56	2.56968e-05
233.58	2.57104e-05
233.6	2.57241e-05
233.62	2.57377e-05
233.64	2.57514e-05
233.66	2.5765e-05
233.68	2.57786e-05
233.7	2.57922e-05
233.72	2.58057e-05
233.74	2.58193e-05
233.76	2.58329e-05
233.78	2.58464e-05
233.8	2.58599e-05
233.82	2.58734e-05
233.84	2.58869e-05
233.86	2.59004e-05
233.88	2.59139e-05
233.9	2.59274e-05
233.92	2.59408e-05
233.94	2.59542e-05
233.96	2.59677e-05
233.98	2.59811e-05
234	2.59945e-05
234.02	2.60079e-05
234.04	2.60213e-05
234.06	2.60346e-05
234.08	2.6048e-05
234.1	2.60614e-05
234.12	2.60747e-05
234.14	2.6088e-05
234.16	2.61014e-05
234.18	2.61147e-05
234.2	2.6128e-05
234.22	2.61413e-05
234.24	2.61546e-05
234.26	2.61678e-05
234.28	2.61811e-05
234.3	2.61944e-05
234.32	2.62076e-05
234.34	2.62209e-05
234.36	2.62341e-05
234.38	2.62473e-05
234.4	2.62605e-05
234.42	2.62738e-05
234.44	2.6287e-05
234.46	2.63002e-05
234.48	2.63133e-05
234.5	2.63265e-05
234.52	2.63397e-05
234.54	2.63529e-05
234.56	2.6366e-05
234.58	2.63792e-05
234.6	2.63923e-05
234.62	2.64055e-05
234.64	2.64186e-05
234.66	2.64317e-05
234.68	2.64449e-05
234.7	2.6458e-05
234.72	2.64711e-05
234.74	2.64842e-05
234.76	2.64973e-05
234.78	2.65104e-05
234.8	2.65235e-05
234.82	2.65366e-05
234.84	2.65497e-05
234.86	2.65628e-05
234.88	2.65758e-05
234.9	2.65889e-05
234.92	2.6602e-05
234.94	2.6615e-05
234.96	2.66281e-05
234.98	2.66411e-05
235	2.66542e-05
235.02	2.66673e-05
235.04	2.66803e-05
235.06	2.66933e-05
235.08	2.67064e-05
235.1	2.67194e-05
235.12	2.67325e-05
235.14	2.67455e-05
235.16	2.67585e-05
235.18	2.67716e-05
235.2	2.67846e-05
235.22	2.67976e-05
235.24	2.68107e-05
235.26	2.68237e-05
235.28	2.68367e-05
235.3	2.68497e-05
235.32	2.68628e-05
235.34	2.68758e-05
235.36	2.68888e-05
235.38	2.69018e-05
235.4	2.69148e-05
235.42	2.69279e-05
235.44	2.69409e-05
235.46	2.69539e-05
235.48	2.69669e-05
235.5	2.698e-05
235.52	2.6993e-05
235.54	2.7006e-05
235.56	2.7019e-05
235.58	2.70321e-05
235.6	2.70451e-05
235.62	2.70581e-05
235.64	2.70711e-05
235.66	2.70842e-05
235.68	2.70972e-05
235.7	2.71103e-05
235.72	2.71233e-05
235.74	2.71363e-05
235.76	2.71494e-05
235.78	2.71624e-05
235.8	2.71755e-05
235.82	2.71885e-05
235.84	2.72016e-05
235.86	2.72147e-05
235.88	2.72277e-05
235.9	2.72408e-05
235.92	2.72539e-05
235.94	2.72669e-05
235.96	2.728e-05
235.98	2.72931e-05
236	2.73062e-05
236.02	2.73193e-05
236.04	2.73324e-05
236.06	2.73455e-05
236.08	2.73586e-05
236.1	2.73717e-05
236.12	2.73848e-05
236.14	2.7398e-05
236.16	2.74111e-05
236.18	2.74242e-05
236.2	2.74374e-05
236.22	2.74505e-05
236.24	2.74637e-05
236.26	2.74769e-05
236.28	2.749e-05
236.3	2.75032e-05
236.32	2.75164e-05
236.34	2.75296e-05
236.36	2.75428e-05
236.38	2.7556e-05
236.4	2.75692e-05
236.42	2.75824e-05
236.44	2.75957e-05
236.46	2.76089e-05
236.48	2.76222e-05
236.5	2.76354e-05
236.52	2.76487e-05
236.54	2.7662e-05
236.56	2.76753e-05
236.58	2.76885e-05
236.6	2.77019e-05
236.62	2.77152e-05
236.64	2.77285e-05
236.66	2.77418e-05
236.68	2.77552e-05
236.7	2.77685e-05
236.72	2.77819e-05
236.74	2.77953e-05
236.76	2.78087e-05
236.78	2.78221e-05
236.8	2.78355e-05
236.82	2.78489e-05
236.84	2.78623e-05
236.86	2.78758e-05
236.88	2.78892e-05
236.9	2.79027e-05
236.92	2.79162e-05
236.94	2.79297e-05
236.96	2.79432e-05
236.98	2.79567e-05
237	2.79702e-05
237.02	2.79838e-05
237.04	2.79973e-05
237.06	2.80109e-05
237.08	2.80245e-05
237.1	2.80381e-05
237.12	2.80517e-05
237.14	2.80653e-05
237.16	2.8079e-05
237.18	2.80926e-05
237.2	2.81063e-05
237.22	2.812e-05
237.24	2.81337e-05
237.26	2.81474e-05
237.28	2.81612e-05
237.3	2.81749e-05
237.32	2.81887e-05
237.34	2.82025e-05
237.36	2.82163e-05
237.38	2.82301e-05
237.4	2.82439e-05
237.42	2.82578e-05
237.44	2.82717e-05
237.46	2.82856e-05
237.48	2.82995e-05
237.5	2.83134e-05
237.52	2.83273e-05
237.54	2.83413e-05
237.56	2.83553e-05
237.58	2.83693e-05
237.6	2.83833e-05
237.62	2.83973e-05
237.64	2.84114e-05
237.66	2.84255e-05
237.68	2.84396e-05
237.7	2.84537e-05
237.72	2.84678e-05
237.74	2.8482e-05
237.76	2.84961e-05
237.78	2.85103e-05
237.8	2.85246e-05
237.82	2.85388e-05
237.84	2.85531e-05
237.86	2.85674e-05
237.88	2.85817e-05
237.9	2.8596e-05
237.92	2.86103e-05
237.94	2.86247e-05
237.96	2.86391e-05
237.98	2.86535e-05
238	2.8668e-05
238.02	2.86825e-05
238.04	2.8697e-05
238.06	2.87115e-05
238.08	2.8726e-05
238.1	2.87406e-05
238.12	2.87552e-05
238.14	2.87698e-05
238.16	2.87845e-05
238.18	2.87991e-05
238.2	2.88138e-05
238.22	2.88285e-05
238.24	2.88433e-05
238.26	2.88581e-05
238.28	2.88729e-05
238.3	2.88877e-05
238.32	2.89026e-05
238.34	2.89175e-05
238.36	2.89324e-05
238.38	2.89473e-05
238.4	2.89623e-05
238.42	2.89773e-05
238.44	2.89923e-05
238.46	2.90074e-05
238.48	2.90225e-05
238.5	2.90376e-05
238.52	2.90527e-05
238.54	2.90679e-05
238.56	2.90831e-05
238.58	2.90984e-05
238.6	2.91137e-05
238.62	2.9129e-05
238.64	2.91443e-05
238.66	2.91597e-05
238.68	2.91751e-05
238.7	2.91905e-05
238.72	2.9206e-05
238.74	2.92215e-05
238.76	2.92371e-05
238.78	2.92526e-05
238.8	2.92683e-05
238.82	2.92839e-05
238.84	2.92996e-05
238.86	2.93153e-05
238.88	2.93311e-05
238.9	2.93468e-05
238.92	2.93627e-05
238.94	2.93785e-05
238.96	2.93944e-05
238.98	2.94104e-05
239	2.94264e-05
239.02	2.94424e-05
239.04	2.94584e-05
239.06	2.94745e-05
239.08	2.94907e-05
239.1	2.95068e-05
239.12	2.95231e-05
239.14	2.95393e-05
239.16	2.95556e-05
239.18	2.9572e-05
239.2	2.95883e-05
239.22	2.96048e-05
239.24	2.96212e-05
239.26	2.96377e-05
239.28	2.96543e-05
239.3	2.96709e-05
239.32	2.96875e-05
239.34	2.97042e-05
239.36	2.9721e-05
239.38	2.97378e-05
239.4	2.97546e-05
239.42	2.97715e-05
239.44	2.97884e-05
239.46	2.98054e-05
239.48	2.98224e-05
239.5	2.98394e-05
239.52	2.98566e-05
239.54	2.98737e-05
239.56	2.98909e-05
239.58	2.99082e-05
239.6	2.99255e-05
239.62	2.99429e-05
239.64	2.99603e-05
239.66	2.99778e-05
239.68	2.99953e-05
239.7	3.00129e-05
239.72	3.00305e-05
239.74	3.00482e-05
239.76	3.0066e-05
239.78	3.00838e-05
239.8	3.01016e-05
239.82	3.01195e-05
239.84	3.01375e-05
239.86	3.01555e-05
239.88	3.01736e-05
239.9	3.01918e-05
239.92	3.021e-05
239.94	3.02282e-05
239.96	3.02466e-05
239.98	3.0265e-05
240	3.02834e-05
240.02	3.03019e-05
240.04	3.03205e-05
240.06	3.03392e-05
240.08	3.03579e-05
240.1	3.03767e-05
240.12	3.03955e-05
240.14	3.04144e-05
240.16	3.04334e-05
240.18	3.04524e-05
240.2	3.04716e-05
240.22	3.04907e-05
240.24	3.051e-05
240.26	3.05293e-05
240.28	3.05487e-05
240.3	3.05682e-05
240.32	3.05878e-05
240.34	3.06074e-05
240.36	3.06271e-05
240.38	3.06469e-05
240.4	3.06667e-05
240.42	3.06867e-05
240.44	3.07067e-05
240.46	3.07268e-05
240.48	3.07469e-05
240.5	3.07672e-05
240.52	3.07875e-05
240.54	3.0808e-05
240.56	3.08285e-05
240.58	3.08491e-05
240.6	3.08698e-05
240.62	3.08905e-05
240.64	3.09114e-05
240.66	3.09324e-05
240.68	3.09534e-05
240.7	3.09745e-05
240.72	3.09958e-05
240.74	3.10171e-05
240.76	3.10385e-05
240.78	3.106e-05
240.8	3.10816e-05
240.82	3.11034e-05
240.84	3.11252e-05
240.86	3.11471e-05
240.88	3.11691e-05
240.9	3.11912e-05
240.92	3.12135e-05
240.94	3.12358e-05
240.96	3.12583e-05
240.98	3.12808e-05
241	3.13035e-05
241.02	3.13263e-05
241.04	3.13492e-05
241.06	3.13722e-05
241.08	3.13954e-05
241.1	3.14186e-05
241.12	3.1442e-05
241.14	3.14655e-05
241.16	3.14891e-05
241.18	3.15129e-05
241.2	3.15368e-05
241.22	3.15608e-05
241.24	3.15849e-05
241.26	3.16092e-05
241.28	3.16336e-05
241.3	3.16582e-05
241.32	3.16829e-05
241.34	3.17077e-05
241.36	3.17327e-05
241.38	3.17578e-05
241.4	3.17831e-05
241.42	3.18086e-05
241.44	3.18342e-05
241.46	3.18599e-05
241.48	3.18858e-05
241.5	3.19119e-05
241.52	3.19381e-05
241.54	3.19645e-05
241.56	3.19911e-05
241.58	3.20178e-05
241.6	3.20447e-05
241.62	3.20719e-05
241.64	3.20991e-05
241.66	3.21266e-05
241.68	3.21543e-05
241.7	3.21821e-05
241.72	3.22102e-05
241.74	3.22384e-05
241.76	3.22669e-05
241.78	3.22955e-05
241.8	3.23244e-05
241.82	3.23535e-05
241.84	3.23828e-05
241.86	3.24123e-05
241.88	3.24421e-05
241.9	3.2472e-05
241.92	3.25023e-05
241.94	3.25327e-05
241.96	3.25635e-05
241.98	3.25944e-05
242	3.26257e-05
242.02	3.26571e-05
242.04	3.26889e-05
242.06	3.2721e-05
242.08	3.27533e-05
242.1	3.27859e-05
242.12	3.28188e-05
242.14	3.2852e-05
242.16	3.28855e-05
242.18	3.29193e-05
242.2	3.29535e-05
242.22	3.2988e-05
242.24	3.30228e-05
242.26	3.3058e-05
242.28	3.30936e-05
242.3	3.31295e-05
242.32	3.31658e-05
242.34	3.32025e-05
242.36	3.32395e-05
242.38	3.3277e-05
242.4	3.33149e-05
242.42	3.33533e-05
242.44	3.33921e-05
242.46	3.34313e-05
242.48	3.34711e-05
242.5	3.35113e-05
242.52	3.3552e-05
242.54	3.35933e-05
242.56	3.36351e-05
242.58	3.36775e-05
242.6	3.37204e-05
242.62	3.37639e-05
242.64	3.38081e-05
242.66	3.38529e-05
242.68	3.38983e-05
242.7	3.39445e-05
242.72	3.39913e-05
242.74	3.4039e-05
242.76	3.40874e-05
242.78	3.41366e-05
242.8	3.41866e-05
242.82	3.42375e-05
242.84	3.42894e-05
242.86	3.43422e-05
242.88	3.4396e-05
242.9	3.44509e-05
242.92	3.45068e-05
242.94	3.4564e-05
242.96	3.46224e-05
242.98	3.4682e-05
243	3.4743e-05
243.02	3.48055e-05
243.04	3.48695e-05
243.06	3.49351e-05
243.08	3.50024e-05
243.1	3.50715e-05
243.12	3.51426e-05
243.14	3.52158e-05
243.16	3.52911e-05
243.18	3.53689e-05
243.2	3.54493e-05
243.22	3.55324e-05
243.24	3.56186e-05
243.26	3.5708e-05
243.28	3.5801e-05
243.3	3.58979e-05
243.32	3.5999e-05
243.34	3.61049e-05
243.36	3.6216e-05
243.38	3.63329e-05
243.4	3.64563e-05
243.42	3.6587e-05
243.44	3.6726e-05
243.46	3.68744e-05
243.48	3.70337e-05
243.5	3.72056e-05
243.52	3.73921e-05
243.54	3.75961e-05
243.56	3.7821e-05
243.58	3.80712e-05
243.6	3.83527e-05
243.62	3.86736e-05
243.64	3.90451e-05
243.66	3.94836e-05
243.68	4.00135e-05
243.7	4.06733e-05
243.72	4.15275e-05
243.74	4.26923e-05
243.76	4.44001e-05
243.78	4.71785e-05
243.8	5.24184e-05
243.82	6.40734e-05
243.84	8.99644e-05
243.86	0.0001315
243.88	0.000173276
243.9	0.000201203
243.92	0.000214167
243.94	0.000215184
243.96	0.000204669
243.98	0.000183063
244	0.00015375
244.02	0.00012195
244.04	9.23697e-05
244.06	6.78259e-05
244.08	4.91902e-05
244.1	3.59484e-05
244.12	2.69282e-05
244.14	2.09042e-05
244.16	1.68831e-05
244.18	1.41591e-05
244.2	1.22765e-05
244.22	1.09605e-05
244.24	1.00437e-05
244.26	9.41496e-06
244.28	8.99436e-06
244.3	8.7229e-06
244.32	8.55713e-06
244.34	8.46555e-06
244.36	8.42556e-06
244.38	8.42128e-06
244.4	8.44167e-06
244.42	8.47898e-06
244.44	8.52777e-06
244.46	8.58421e-06
244.48	8.64567e-06
244.5	8.71038e-06
244.52	8.77717e-06
244.54	8.84529e-06
244.56	8.91432e-06
244.58	8.98402e-06
244.6	9.0543e-06
244.62	9.12515e-06
244.64	9.1966e-06
244.66	9.26873e-06
244.68	9.34158e-06
244.7	9.41525e-06
244.72	9.48977e-06
244.74	9.56521e-06
244.76	9.6416e-06
244.78	9.71896e-06
244.8	9.79729e-06
244.82	9.87658e-06
244.84	9.95682e-06
244.86	1.0038e-05
244.88	1.012e-05
244.9	1.02028e-05
244.92	1.02864e-05
244.94	1.03708e-05
244.96	1.04557e-05
244.98	1.05413e-05
245	1.06273e-05
245.02	1.07138e-05
245.04	1.08006e-05
245.06	1.08876e-05
245.08	1.09749e-05
245.1	1.10623e-05
245.12	1.11497e-05
245.14	1.12371e-05
245.16	1.13243e-05
245.18	1.14114e-05
245.2	1.14983e-05
245.22	1.15848e-05
245.24	1.1671e-05
245.26	1.17567e-05
245.28	1.18419e-05
245.3	1.19266e-05
245.32	1.20106e-05
245.34	1.2094e-05
245.36	1.21768e-05
245.38	1.22587e-05
245.4	1.234e-05
245.42	1.24204e-05
245.44	1.24999e-05
245.46	1.25787e-05
245.48	1.26565e-05
245.5	1.27334e-05
245.52	1.28094e-05
245.54	1.28845e-05
245.56	1.29586e-05
245.58	1.30317e-05
245.6	1.31039e-05
245.62	1.31752e-05
245.64	1.32454e-05
245.66	1.33147e-05
245.68	1.3383e-05
245.7	1.34504e-05
245.72	1.35168e-05
245.74	1.35823e-05
245.76	1.36468e-05
245.78	1.37105e-05
245.8	1.37732e-05
245.82	1.38349e-05
245.84	1.38959e-05
245.86	1.39559e-05
245.88	1.40151e-05
245.9	1.40735e-05
245.92	1.41311e-05
245.94	1.41879e-05
245.96	1.42439e-05
245.98	1.42992e-05
246	1.43538e-05
246.02	1.44077e-05
246.04	1.44609e-05
246.06	1.45134e-05
246.08	1.45654e-05
246.1	1.46167e-05
246.12	1.46674e-05
246.14	1.47175e-05
246.16	1.47671e-05
246.18	1.48161e-05
246.2	1.48646e-05
246.22	1.49126e-05
246.24	1.49601e-05
246.26	1.50072e-05
246.28	1.50538e-05
246.3	1.51e-05
246.32	1.51457e-05
246.34	1.5191e-05
246.36	1.5236e-05
246.38	1.52806e-05
246.4	1.53248e-05
246.42	1.53686e-05
246.44	1.54122e-05
246.46	1.54553e-05
246.48	1.54982e-05
246.5	1.55408e-05
246.52	1.55831e-05
246.54	1.56251e-05
246.56	1.56668e-05
246.58	1.57083e-05
246.6	1.57495e-05
246.62	1.57905e-05
246.64	1.58312e-05
246.66	1.58717e-05
246.68	1.5912e-05
246.7	1.59521e-05
246.72	1.59919e-05
246.74	1.60316e-05
246.76	1.60711e-05
246.78	1.61104e-05
246.8	1.61495e-05
246.82	1.61884e-05
246.84	1.62271e-05
246.86	1.62657e-05
246.88	1.63041e-05
246.9	1.63424e-05
246.92	1.63805e-05
246.94	1.64185e-05
246.96	1.64563e-05
246.98	1.6494e-05
247	1.65315e-05
247.02	1.65689e-05
247.04	1.66062e-05
247.06	1.66433e-05
247.08	1.66803e-05
247.1	1.67172e-05
247.12	1.67539e-05
247.14	1.67906e-05
247.16	1.68271e-05
247.18	1.68635e-05
247.2	1.68998e-05
247.22	1.6936e-05
247.24	1.6972e-05
247.26	1.7008e-05
247.28	1.70438e-05
247.3	1.70796e-05
247.32	1.71152e-05
247.34	1.71508e-05
247.36	1.71862e-05
247.38	1.72215e-05
247.4	1.72568e-05
247.42	1.72919e-05
247.44	1.7327e-05
247.46	1.73619e-05
247.48	1.73967e-05
247.5	1.74315e-05
247.52	1.74661e-05
247.54	1.75007e-05
247.56	1.75352e-05
247.58	1.75696e-05
247.6	1.76038e-05
247.62	1.7638e-05
247.64	1.76721e-05
247.66	1.77061e-05
247.68	1.77401e-05
247.7	1.77739e-05
247.72	1.78076e-05
247.74	1.78413e-05
247.76	1.78748e-05
247.78	1.79083e-05
247.8	1.79417e-05
247.82	1.7975e-05
247.84	1.80082e-05
247.86	1.80413e-05
247.88	1.80743e-05
247.9	1.81073e-05
247.92	1.81401e-05
247.94	1.81729e-05
247.96	1.82056e-05
247.98	1.82381e-05
248	1.82706e-05
248.02	1.83031e-05
248.04	1.83354e-05
248.06	1.83677e-05
248.08	1.83998e-05
248.1	1.84319e-05
248.12	1.84639e-05
248.14	1.84958e-05
248.16	1.85276e-05
248.18	1.85593e-05
248.2	1.8591e-05
248.22	1.86225e-05
248.24	1.8654e-05
248.26	1.86854e-05
248.28	1.87167e-05
248.3	1.87479e-05
248.32	1.8779e-05
248.34	1.88101e-05
248.36	1.8841e-05
248.38	1.88719e-05
248.4	1.89027e-05
248.42	1.89334e-05
248.44	1.8964e-05
248.46	1.89946e-05
248.48	1.9025e-05
248.5	1.90554e-05
248.52	1.90857e-05
248.54	1.91158e-05
248.56	1.9146e-05
248.58	1.9176e-05
248.6	1.92059e-05
248.62	1.92358e-05
248.64	1.92655e-05
248.66	1.92952e-05
248.68	1.93248e-05
248.7	1.93543e-05
248.72	1.93838e-05
248.74	1.94131e-05
248.76	1.94424e-05
248.78	1.94715e-05
248.8	1.95006e-05
248.82	1.95296e-05
248.84	1.95586e-05
248.86	1.95874e-05
248.88	1.96162e-05
248.9	1.96448e-05
248.92	1.96734e-05
248.94	1.97019e-05
248.96	1.97303e-05
248.98	1.97587e-05
249	1.97869e-05
249.02	1.98151e-05
249.04	1.98432e-05
249.06	1.98712e-05
249.08	1.98991e-05
249.1	1.9927e-05
249.12	1.99547e-05
249.14	1.99824e-05
249.16	2.001e-05
249.18	2.00375e-05
249.2	2.00649e-05
249.22	2.00923e-05
249.24	2.01195e-05
249.26	2.01467e-05
249.28	2.01738e-05
249.3	2.02008e-05
249.32	2.02278e-05
249.34	2.02546e-05
249.36	2.02814e-05
249.38	2.03081e-05
249.4	2.03347e-05
249.42	2.03613e-05
249.44	2.03877e-05
249.46	2.04141e-05
249.48	2.04404e-05
249.5	2.04666e-05
249.52	2.04928e-05
249.54	2.05188e-05
249.56	2.05448e-05
249.58	2.05707e-05
249.6	2.05966e-05
249.62	2.06223e-05
249.64	2.0648e-05
249.66	2.06736e-05
249.68	2.06991e-05
249.7	2.07245e-05
249.72	2.07499e-05
249.74	2.07752e-05
249.76	2.08004e-05
249.78	2.08255e-05
249.8	2.08506e-05
249.82	2.08756e-05
249.84	2.09005e-05
249.86	2.09253e-05
249.88	2.09501e-05
249.9	2.09747e-05
249.92	2.09994e-05
249.94	2.10239e-05
249.96	2.10483e-05
249.98	2.10727e-05
250	2.1097e-05
250.02	2.11213e-05
250.04	2.11454e-05
250.06	2.11695e-05
250.08	2.11936e-05
250.1	2.12175e-05
250.12	2.12414e-05
250.14	2.12652e-05
250.16	2.12889e-05
250.18	2.13126e-05
250.2	2.13362e-05
250.22	2.13597e-05
250.24	2.13832e-05
250.26	2.14065e-05
250.28	2.14299e-05
250.3	2.14531e-05
250.32	2.14763e-05
250.34	2.14994e-05
250.36	2.15224e-05
250.38	2.15454e-05
250.4	2.15683e-05
250.42	2.15911e-05
250.44	2.16139e-05
250.46	2.16366e-05
250.48	2.16592e-05
250.5	2.16818e-05
250.52	2.17043e-05
250.54	2.17267e-05
250.56	2.17491e-05
250.58	2.17714e-05
250.6	2.17936e-05
250.62	2.18158e-05
250.64	2.18379e-05
250.66	2.18599e-05
250.68	2.18819e-05
250.7	2.19038e-05
250.72	2.19256e-05
250.74	2.19474e-05
250.76	2.19691e-05
250.78	2.19908e-05
250.8	2.20124e-05
250.82	2.20339e-05
250.84	2.20554e-05
250.86	2.20768e-05
250.88	2.20982e-05
250.9	2.21195e-05
250.92	2.21407e-05
250.94	2.21619e-05
250.96	2.2183e-05
250.98	2.2204e-05
251	2.2225e-05
251.02	2.22459e-05
251.04	2.22668e-05
251.06	2.22876e-05
251.08	2.23084e-05
251.1	2.23291e-05
251.12	2.23497e-05
251.14	2.23703e-05
251.16	2.23908e-05
251.18	2.24113e-05
251.2	2.24317e-05
251.22	2.2452e-05
251.24	2.24723e-05
251.26	2.24926e-05
251.28	2.25128e-05
251.3	2.25329e-05
251.32	2.2553e-05
251.34	2.2573e-05
251.36	2.2593e-05
251.38	2.26129e-05
251.4	2.26327e-05
251.42	2.26525e-05
251.44	2.26723e-05
251.46	2.2692e-05
251.48	2.27116e-05
251.5	2.27312e-05
251.52	2.27507e-05
251.54	2.27702e-05
251.56	2.27897e-05
251.58	2.2809e-05
251.6	2.28284e-05
251.62	2.28477e-05
251.64	2.28669e-05
251.66	2.28861e-05
251.68	2.29052e-05
251.7	2.29243e-05
251.72	2.29433e-05
251.74	2.29623e-05
251.76	2.29812e-05
251.78	2.30001e-05
251.8	2.30189e-05
251.82	2.30377e-05
251.84	2.30564e-05
251.86	2.30751e-05
251.88	2.30937e-05
251.9	2.31123e-05
251.92	2.31308e-05
251.94	2.31493e-05
251.96	2.31678e-05
251.98	2.31862e-05
252	2.32045e-05
252.02	2.32228e-05
252.04	2.32411e-05
252.06	2.32593e-05
252.08	2.32775e-05
252.1	2.32956e-05
252.12	2.33137e-05
252.14	2.33317e-05
252.16	2.33497e-05
252.18	2.33677e-05
252.2	2.33856e-05
252.22	2.34034e-05
252.24	2.34212e-05
252.26	2.3439e-05
252.28	2.34567e-05
252.3	2.34744e-05
252.32	2.34921e-05
252.34	2.35097e-05
252.36	2.35272e-05
252.38	2.35447e-05
252.4	2.35622e-05
252.42	2.35796e-05
252.44	2.3597e-05
252.46	2.36144e-05
252.48	2.36317e-05
252.5	2.3649e-05
252.52	2.36662e-05
252.54	2.36834e-05
252.56	2.37005e-05
252.58	2.37176e-05
252.6	2.37347e-05
252.62	2.37517e-05
252.64	2.37687e-05
252.66	2.37857e-05
252.68	2.38026e-05
252.7	2.38195e-05
252.72	2.38363e-05
252.74	2.38531e-05
252.76	2.38699e-05
252.78	2.38866e-05
252.8	2.39033e-05
252.82	2.39199e-05
252.84	2.39366e-05
252.86	2.39531e-05
252.88	2.39697e-05
252.9	2.39862e-05
252.92	2.40027e-05
252.94	2.40191e-05
252.96	2.40355e-05
252.98	2.40519e-05
253	2.40682e-05
253.02	2.40845e-05
253.04	2.41008e-05
253.06	2.4117e-05
253.08	2.41332e-05
253.1	2.41493e-05
253.12	2.41655e-05
253.14	2.41815e-05
253.16	2.41976e-05
253.18	2.42136e-05
253.2	2.42296e-05
253.22	2.42456e-05
253.24	2.42615e-05
253.26	2.42774e-05
253.28	2.42933e-05
253.3	2.43091e-05
253.32	2.43249e-05
253.34	2.43407e-05
253.36	2.43564e-05
253.38	2.43721e-05
253.4	2.43878e-05
253.42	2.44034e-05
253.44	2.4419e-05
253.46	2.44346e-05
253.48	2.44502e-05
253.5	2.44657e-05
253.52	2.44812e-05
253.54	2.44967e-05
253.56	2.45121e-05
253.58	2.45275e-05
253.6	2.45429e-05
253.62	2.45582e-05
253.64	2.45736e-05
253.66	2.45888e-05
253.68	2.46041e-05
253.7	2.46193e-05
253.72	2.46346e-05
253.74	2.46497e-05
253.76	2.46649e-05
253.78	2.468e-05
253.8	2.46951e-05
253.82	2.47102e-05
253.84	2.47252e-05
253.86	2.47403e-05
253.88	2.47552e-05
253.9	2.47702e-05
253.92	2.47852e-05
253.94	2.48001e-05
253.96	2.4815e-05
253.98	2.48298e-05
254	2.48447e-05
254.02	2.48595e-05
254.04	2.48743e-05
254.06	2.4889e-05
254.08	2.49038e-05
254.1	2.49185e-05
254.12	2.49332e-05
254.14	2.49479e-05
254.16	2.49625e-05
254.18	2.49771e-05
254.2	2.49917e-05
254.22	2.50063e-05
254.24	2.50209e-05
254.26	2.50354e-05
254.28	2.50499e-05
254.3	2.50644e-05
254.32	2.50788e-05
254.34	2.50933e-05
254.36	2.51077e-05
254.38	2.51221e-05
254.4	2.51365e-05
254.42	2.51508e-05
254.44	2.51652e-05
254.46	2.51795e-05
254.48	2.51938e-05
254.5	2.5208e-05
254.52	2.52223e-05
254.54	2.52365e-05
254.56	2.52507e-05
254.58	2.52649e-05
254.6	2.52791e-05
254.62	2.52932e-05
254.64	2.53074e-05
254.66	2.53215e-05
254.68	2.53356e-05
254.7	2.53497e-05
254.72	2.53637e-05
254.74	2.53778e-05
254.76	2.53918e-05
254.78	2.54058e-05
254.8	2.54198e-05
254.82	2.54337e-05
254.84	2.54477e-05
254.86	2.54616e-05
254.88	2.54755e-05
254.9	2.54894e-05
254.92	2.55033e-05
254.94	2.55172e-05
254.96	2.5531e-05
254.98	2.55448e-05
255	2.55587e-05
255.02	2.55725e-05
255.04	2.55862e-05
255.06	2.56e-05
255.08	2.56138e-05
255.1	2.56275e-05
255.12	2.56412e-05
255.14	2.56549e-05
255.16	2.56686e-05
255.18	2.56823e-05
255.2	2.56959e-05
255.22	2.57096e-05
255.24	2.57232e-05
255.26	2.57368e-05
255.28	2.57504e-05
255.3	2.5764e-05
255.32	2.57776e-05
255.34	2.57912e-05
255.36	2.58047e-05
255.38	2.58182e-05
255.4	2.58318e-05
255.42	2.58453e-05
255.44	2.58588e-05
255.46	2.58723e-05
255.48	2.58857e-05
255.5	2.58992e-05
255.52	2.59126e-05
255.54	2.59261e-05
255.56	2.59395e-05
255.58	2.59529e-05
255.6	2.59663e-05
255.62	2.59797e-05
255.64	2.59931e-05
255.66	2.60065e-05
255.68	2.60198e-05
255.7	2.60332e-05
255.72	2.60465e-05
255.74	2.60598e-05
255.76	2.60732e-05
255.78	2.60865e-05
255.8	2.60998e-05
255.82	2.61131e-05
255.84	2.61263e-05
255.86	2.61396e-05
255.88	2.61529e-05
255.9	2.61661e-05
255.92	2.61794e-05
255.94	2.61926e-05
255.96	2.62058e-05
255.98	2.6219e-05
256	2.62322e-05
256.02	2.62455e-05
256.04	2.62586e-05
256.06	2.62718e-05
256.08	2.6285e-05
256.1	2.62982e-05
256.12	2.63113e-05
256.14	2.63245e-05
256.16	2.63377e-05
256.18	2.63508e-05
256.2	2.63639e-05
256.22	2.63771e-05
256.24	2.63902e-05
256.26	2.64033e-05
256.28	2.64164e-05
256.3	2.64295e-05
256.32	2.64426e-05
256.34	2.64557e-05
256.36	2.64688e-05
256.38	2.64819e-05
256.4	2.6495e-05
256.42	2.6508e-05
256.44	2.65211e-05
256.46	2.65342e-05
256.48	2.65472e-05
256.5	2.65603e-05
256.52	2.65733e-05
256.54	2.65864e-05
256.56	2.65994e-05
256.58	2.66125e-05
256.6	2.66255e-05
256.62	2.66386e-05
256.64	2.66516e-05
256.66	2.66646e-05
256.68	2.66776e-05
256.7	2.66907e-05
256.72	2.67037e-05
256.74	2.67167e-05
256.76	2.67297e-05
256.78	2.67427e-05
256.8	2.67557e-05
256.82	2.67687e-05
256.84	2.67817e-05
256.86	2.67948e-05
256.88	2.68078e-05
256.9	2.68208e-05
256.92	2.68338e-05
256.94	2.68468e-05
256.96	2.68598e-05
256.98	2.68728e-05
257	2.68858e-05
257.02	2.68988e-05
257.04	2.69118e-05
257.06	2.69248e-05
257.08	2.69378e-05
257.1	2.69508e-05
257.12	2.69638e-05
257.14	2.69768e-05
257.16	2.69898e-05
257.18	2.70028e-05
257.2	2.70158e-05
257.22	2.70288e-05
257.24	2.70418e-05
257.26	2.70548e-05
257.28	2.70678e-05
257.3	2.70808e-05
257.32	2.70938e-05
257.34	2.71068e-05
257.36	2.71198e-05
257.38	2.71329e-05
257.4	2.71459e-05
257.42	2.71589e-05
257.44	2.71719e-05
257.46	2.7185e-05
257.48	2.7198e-05
257.5	2.7211e-05
257.52	2.72241e-05
257.54	2.72371e-05
257.56	2.72502e-05
257.58	2.72632e-05
257.6	2.72763e-05
257.62	2.72894e-05
257.64	2.73024e-05
257.66	2.73155e-05
257.68	2.73286e-05
257.7	2.73417e-05
257.72	2.73547e-05
257.74	2.73678e-05
257.76	2.73809e-05
257.78	2.7394e-05
257.8	2.74072e-05
257.82	2.74203e-05
257.84	2.74334e-05
257.86	2.74465e-05
257.88	2.74597e-05
257.9	2.74728e-05
257.92	2.74859e-05
257.94	2.74991e-05
257.96	2.75123e-05
257.98	2.75254e-05
258	2.75386e-05
258.02	2.75518e-05
258.04	2.7565e-05
258.06	2.75782e-05
258.08	2.75914e-05
258.1	2.76046e-05
258.12	2.76179e-05
258.14	2.76311e-05
258.16	2.76443e-05
258.18	2.76576e-05
258.2	2.76708e-05
258.22	2.76841e-05
258.24	2.76974e-05
258.26	2.77107e-05
258.28	2.7724e-05
258.3	2.77373e-05
258.32	2.77506e-05
258.34	2.7764e-05
258.36	2.77773e-05
258.38	2.77907e-05
258.4	2.7804e-05
258.42	2.78174e-05
258.44	2.78308e-05
258.46	2.78442e-05
258.48	2.78576e-05
258.5	2.7871e-05
258.52	2.78844e-05
258.54	2.78979e-05
258.56	2.79114e-05
258.58	2.79248e-05
258.6	2.79383e-05
258.62	2.79518e-05
258.64	2.79653e-05
258.66	2.79788e-05
258.68	2.79924e-05
258.7	2.80059e-05
258.72	2.80195e-05
258.74	2.80331e-05
258.76	2.80467e-05
258.78	2.80603e-05
258.8	2.80739e-05
258.82	2.80875e-05
258.84	2.81012e-05
258.86	2.81148e-05
258.88	2.81285e-05
258.9	2.81422e-05
258.92	2.81559e-05
258.94	2.81697e-05
258.96	2.81834e-05
258.98	2.81972e-05
259	2.8211e-05
259.02	2.82248e-05
259.04	2.82386e-05
259.06	2.82524e-05
259.08	2.82662e-05
259.1	2.82801e-05
259.12	2.8294e-05
259.14	2.83079e-05
259.16	2.83218e-05
259.18	2.83357e-05
259.2	2.83497e-05
259.22	2.83637e-05
259.24	2.83777e-05
259.26	2.83917e-05
259.28	2.84057e-05
259.3	2.84198e-05
259.32	2.84338e-05
259.34	2.84479e-05
259.36	2.84621e-05
259.38	2.84762e-05
259.4	2.84903e-05
259.42	2.85045e-05
259.44	2.85187e-05
259.46	2.85329e-05
259.48	2.85472e-05
259.5	2.85614e-05
259.52	2.85757e-05
259.54	2.859e-05
259.56	2.86044e-05
259.58	2.86187e-05
259.6	2.86331e-05
259.62	2.86475e-05
259.64	2.86619e-05
259.66	2.86763e-05
259.68	2.86908e-05
259.7	2.87053e-05
259.72	2.87198e-05
259.74	2.87344e-05
259.76	2.87489e-05
259.78	2.87635e-05
259.8	2.87782e-05
259.82	2.87928e-05
259.84	2.88075e-05
259.86	2.88222e-05
259.88	2.88369e-05
259.9	2.88516e-05
259.92	2.88664e-05
259.94	2.88812e-05
259.96	2.88961e-05
259.98	2.89109e-05
260	2.89258e-05
260.02	2.89407e-05
260.04	2.89557e-05
260.06	2.89707e-05
260.08	2.89857e-05
260.1	2.90007e-05
260.12	2.90158e-05
260.14	2.90309e-05
260.16	2.9046e-05
260.18	2.90611e-05
260.2	2.90763e-05
260.22	2.90915e-05
260.24	2.91068e-05
260.26	2.91221e-05
260.28	2.91374e-05
260.3	2.91527e-05
260.32	2.91681e-05
260.34	2.91835e-05
260.36	2.9199e-05
260.38	2.92145e-05
260.4	2.923e-05
260.42	2.92455e-05
260.44	2.92611e-05
260.46	2.92767e-05
260.48	2.92924e-05
260.5	2.93081e-05
260.52	2.93238e-05
260.54	2.93396e-05
260.56	2.93554e-05
260.58	2.93712e-05
260.6	2.93871e-05
260.62	2.9403e-05
260.64	2.94189e-05
260.66	2.94349e-05
260.68	2.94509e-05
260.7	2.9467e-05
260.72	2.94831e-05
260.74	2.94993e-05
260.76	2.95155e-05
260.78	2.95317e-05
260.8	2.9548e-05
260.82	2.95643e-05
260.84	2.95806e-05
260.86	2.9597e-05
260.88	2.96135e-05
260.9	2.96299e-05
260.92	2.96465e-05
260.94	2.9663e-05
260.96	2.96796e-05
260.98	2.96963e-05
261	2.9713e-05
261.02	2.97298e-05
261.04	2.97465e-05
261.06	2.97634e-05
261.08	2.97803e-05
261.1	2.97972e-05
261.12	2.98142e-05
261.14	2.98312e-05
261.16	2.98483e-05
261.18	2.98655e-05
261.2	2.98826e-05
261.22	2.98999e-05
261.24	2.99171e-05
261.26	2.99345e-05
261.28	2.99519e-05
261.3	2.99693e-05
261.32	2.99868e-05
261.34	3.00044e-05
261.36	3.00219e-05
261.38	3.00396e-05
261.4	3.00573e-05
261.42	3.00751e-05
261.44	3.00929e-05
261.46	3.01108e-05
261.48	3.01287e-05
261.5	3.01467e-05
261.52	3.01648e-05
261.54	3.01829e-05
261.56	3.0201e-05
261.58	3.02193e-05
261.6	3.02376e-05
261.62	3.02559e-05
261.64	3.02743e-05
261.66	3.02928e-05
261.68	3.03114e-05
261.7	3.033e-05
261.72	3.03486e-05
261.74	3.03674e-05
261.76	3.03862e-05
261.78	3.04051e-05
261.8	3.0424e-05
261.82	3.0443e-05
261.84	3.04621e-05
261.86	3.04812e-05
261.88	3.05004e-05
261.9	3.05197e-05
261.92	3.05391e-05
261.94	3.05585e-05
261.96	3.0578e-05
261.98	3.05976e-05
262	3.06173e-05
262.02	3.0637e-05
262.04	3.06568e-05
262.06	3.06767e-05
262.08	3.06967e-05
262.1	3.07167e-05
262.12	3.07369e-05
262.14	3.07571e-05
262.16	3.07774e-05
262.18	3.07978e-05
262.2	3.08182e-05
262.22	3.08388e-05
262.24	3.08594e-05
262.26	3.08801e-05
262.28	3.09009e-05
262.3	3.09218e-05
262.32	3.09428e-05
262.34	3.09639e-05
262.36	3.09851e-05
262.38	3.10064e-05
262.4	3.10277e-05
262.42	3.10492e-05
262.44	3.10708e-05
262.46	3.10924e-05
262.48	3.11142e-05
262.5	3.11361e-05
262.52	3.1158e-05
262.54	3.11801e-05
262.56	3.12023e-05
262.58	3.12246e-05
262.6	3.1247e-05
262.62	3.12695e-05
262.64	3.12921e-05
262.66	3.13148e-05
262.68	3.13377e-05
262.7	3.13606e-05
262.72	3.13837e-05
262.74	3.14069e-05
262.76	3.14302e-05
262.78	3.14536e-05
262.8	3.14772e-05
262.82	3.15009e-05
262.84	3.15247e-05
262.86	3.15487e-05
262.88	3.15727e-05
262.9	3.1597e-05
262.92	3.16213e-05
262.94	3.16458e-05
262.96	3.16704e-05
262.98	3.16952e-05
263	3.17201e-05
263.02	3.17452e-05
263.04	3.17704e-05
263.06	3.17957e-05
263.08	3.18212e-05
263.1	3.18469e-05
263.12	3.18727e-05
263.14	3.18987e-05
263.16	3.19249e-05
263.18	3.19512e-05
263.2	3.19777e-05
263.22	3.20043e-05
263.24	3.20312e-05
263.26	3.20582e-05
263.28	3.20854e-05
263.3	3.21128e-05
263.32	3.21403e-05
263.34	3.21681e-05
263.36	3.2196e-05
263.38	3.22242e-05
263.4	3.22525e-05
263.42	3.22811e-05
263.44	3.23099e-05
263.46	3.23388e-05
263.48	3.2368e-05
263.5	3.23974e-05
263.52	3.24271e-05
263.54	3.2457e-05
263.56	3.24871e-05
263.58	3.25174e-05
263.6	3.2548e-05
263.62	3.25789e-05
263.64	3.261e-05
263.66	3.26414e-05
263.68	3.2673e-05
263.7	3.27049e-05
263.72	3.27371e-05
263.74	3.27696e-05
263.76	3.28023e-05
263.78	3.28354e-05
263.8	3.28688e-05
263.82	3.29024e-05
263.84	3.29365e-05
263.86	3.29708e-05
263.88	3.30055e-05
263.9	3.30405e-05
263.92	3.30759e-05
263.94	3.31116e-05
263.96	3.31477e-05
263.98	3.31842e-05
264	3.32211e-05
264.02	3.32584e-05
264.04	3.32961e-05
264.06	3.33343e-05
264.08	3.33728e-05
264.1	3.34119e-05
264.12	3.34514e-05
264.14	3.34914e-05
264.16	3.35319e-05
264.18	3.35729e-05
264.2	3.36145e-05
264.22	3.36566e-05
264.24	3.36992e-05
264.26	3.37425e-05
264.28	3.37863e-05
264.3	3.38308e-05
264.32	3.3876e-05
264.34	3.39218e-05
264.36	3.39684e-05
264.38	3.40156e-05
264.4	3.40637e-05
264.42	3.41125e-05
264.44	3.41621e-05
264.46	3.42127e-05
264.48	3.42641e-05
264.5	3.43164e-05
264.52	3.43698e-05
264.54	3.44242e-05
264.56	3.44796e-05
264.58	3.45362e-05
264.6	3.4594e-05
264.62	3.46531e-05
264.64	3.47135e-05
264.66	3.47753e-05
264.68	3.48385e-05
264.7	3.49034e-05
264.72	3.49699e-05
264.74	3.50382e-05
264.76	3.51084e-05
264.78	3.51806e-05
264.8	3.52549e-05
264.82	3.53316e-05
264.84	3.54108e-05
264.86	3.54926e-05
264.88	3.55774e-05
264.9	3.56653e-05
264.92	3.57566e-05
264.94	3.58517e-05
264.96	3.59508e-05
264.98	3.60545e-05
265	3.61632e-05
265.02	3.62773e-05
265.04	3.63977e-05
265.06	3.6525e-05
265.08	3.66601e-05
265.1	3.6804e-05
265.12	3.69582e-05
265.14	3.71241e-05
265.16	3.73037e-05
265.18	3.74994e-05
265.2	3.77143e-05
265.22	3.79523e-05
265.24	3.82187e-05
265.26	3.85205e-05
265.28	3.88674e-05
265.3	3.9273e-05
265.32	3.97576e-05
265.34	4.03523e-05
265.36	4.11076e-05
265.38	4.21116e-05
265.4	4.35315e-05
265.42	4.57243e-05
265.44	4.95691e-05
265.46	5.75403e-05
265.48	7.59565e-05
265.5	0.00011136
265.52	0.000155517
265.54	0.000190581
265.56	0.00020999
265.58	0.000216222
265.6	0.000211026
265.62	0.00019423
265.64	0.00016782
265.66	0.00013647
265.68	0.000105386
265.7	7.83199e-05
265.72	5.69809e-05
265.74	4.1399e-05
265.76	3.06111e-05
265.78	2.33598e-05
265.8	1.85289e-05
265.82	1.52829e-05
265.84	1.30591e-05
265.86	1.15099e-05
265.88	1.0427e-05
265.9	9.67818e-06
265.92	9.17094e-06
265.94	8.83762e-06
265.96	8.62817e-06
265.98	8.50602e-06
266	8.44483e-06
266.02	8.42586e-06
266.04	8.4361e-06
266.06	8.46645e-06
266.08	8.51053e-06
266.1	8.56385e-06
266.12	8.62326e-06
266.14	8.68665e-06
266.16	8.75259e-06
266.18	8.82015e-06
266.2	8.88879e-06
266.22	8.95818e-06
266.24	9.02818e-06
266.26	9.09875e-06
266.28	9.1699e-06
266.3	9.2417e-06
266.32	9.31419e-06
266.34	9.38746e-06
266.36	9.46157e-06
266.38	9.53657e-06
266.4	9.6125e-06
266.42	9.6894e-06
266.44	9.76727e-06
266.46	9.8461e-06
266.48	9.9259e-06
266.5	1.00066e-05
266.52	1.00882e-05
266.54	1.01707e-05
266.56	1.02539e-05
266.58	1.03379e-05
266.6	1.04226e-05
266.62	1.05079e-05
266.64	1.05937e-05
266.66	1.06799e-05
266.68	1.07666e-05
266.7	1.08535e-05
266.72	1.09407e-05
266.74	1.1028e-05
266.76	1.11154e-05
266.78	1.12028e-05
266.8	1.12901e-05
266.82	1.13772e-05
266.84	1.14642e-05
266.86	1.15508e-05
266.88	1.16372e-05
266.9	1.17231e-05
266.92	1.18085e-05
266.94	1.18934e-05
266.96	1.19777e-05
266.98	1.20614e-05
267	1.21444e-05
267.02	1.22267e-05
267.04	1.23082e-05
267.06	1.2389e-05
267.08	1.24689e-05
267.1	1.2548e-05
267.12	1.26262e-05
267.14	1.27035e-05
267.16	1.27799e-05
267.18	1.28554e-05
267.2	1.29299e-05
267.22	1.30034e-05
267.24	1.3076e-05
267.26	1.31477e-05
267.28	1.32183e-05
267.3	1.3288e-05
267.32	1.33568e-05
267.34	1.34245e-05
267.36	1.34913e-05
267.38	1.35572e-05
267.4	1.36221e-05
267.42	1.36861e-05
267.44	1.37492e-05
267.46	1.38114e-05
267.48	1.38726e-05
267.5	1.3933e-05
267.52	1.39926e-05
267.54	1.40513e-05
267.56	1.41092e-05
267.58	1.41663e-05
267.6	1.42227e-05
267.62	1.42782e-05
267.64	1.43331e-05
267.66	1.43873e-05
267.68	1.44407e-05
267.7	1.44935e-05
267.72	1.45457e-05
267.74	1.45972e-05
267.76	1.46482e-05
267.78	1.46985e-05
267.8	1.47483e-05
267.82	1.47975e-05
267.84	1.48462e-05
267.86	1.48944e-05
267.88	1.49421e-05
267.9	1.49893e-05
267.92	1.50361e-05
267.94	1.50824e-05
267.96	1.51283e-05
267.98	1.51738e-05
268	1.52189e-05
268.02	1.52636e-05
268.04	1.53079e-05
268.06	1.53519e-05
268.08	1.53955e-05
268.1	1.54388e-05
268.12	1.54818e-05
268.14	1.55245e-05
268.16	1.55669e-05
268.18	1.5609e-05
268.2	1.56508e-05
268.22	1.56923e-05
268.24	1.57336e-05
268.26	1.57747e-05
268.28	1.58155e-05
268.3	1.5856e-05
268.32	1.58964e-05
268.34	1.59365e-05
268.36	1.59764e-05
268.38	1.60161e-05
268.4	1.60557e-05
268.42	1.6095e-05
268.44	1.61341e-05
268.46	1.61731e-05
268.48	1.62119e-05
268.5	1.62505e-05
268.52	1.6289e-05
268.54	1.63273e-05
268.56	1.63654e-05
268.58	1.64034e-05
268.6	1.64413e-05
268.62	1.6479e-05
268.64	1.65166e-05
268.66	1.6554e-05
268.68	1.65913e-05
268.7	1.66284e-05
268.72	1.66655e-05
268.74	1.67024e-05
268.76	1.67392e-05
268.78	1.67758e-05
268.8	1.68124e-05
268.82	1.68488e-05
268.84	1.68851e-05
268.86	1.69213e-05
268.88	1.69574e-05
268.9	1.69934e-05
268.92	1.70292e-05
268.94	1.7065e-05
268.96	1.71007e-05
268.98	1.71362e-05
269	1.71717e-05
269.02	1.7207e-05
269.04	1.72423e-05
269.06	1.72775e-05
269.08	1.73125e-05
269.1	1.73475e-05
269.12	1.73823e-05
269.14	1.74171e-05
269.16	1.74518e-05
269.18	1.74864e-05
269.2	1.75208e-05
269.22	1.75552e-05
269.24	1.75895e-05
269.26	1.76237e-05
269.28	1.76579e-05
269.3	1.76919e-05
269.32	1.77258e-05
269.34	1.77597e-05
269.36	1.77934e-05
269.38	1.78271e-05
269.4	1.78607e-05
269.42	1.78942e-05
269.44	1.79276e-05
269.46	1.79609e-05
269.48	1.79941e-05
269.5	1.80272e-05
269.52	1.80603e-05
269.54	1.80932e-05
269.56	1.81261e-05
269.58	1.81589e-05
269.6	1.81916e-05
269.62	1.82242e-05
269.64	1.82567e-05
269.66	1.82892e-05
269.68	1.83215e-05
269.7	1.83538e-05
269.72	1.8386e-05
269.74	1.84181e-05
269.76	1.84501e-05
269.78	1.8482e-05
269.8	1.85138e-05
269.82	1.85456e-05
269.84	1.85773e-05
269.86	1.86088e-05
269.88	1.86403e-05
269.9	1.86717e-05
269.92	1.87031e-05
269.94	1.87343e-05
269.96	1.87655e-05
269.98	1.87965e-05
270	1.88275e-05
270.02	1.88584e-05
270.04	1.88892e-05
270.06	1.89199e-05
270.08	1.89506e-05
270.1	1.89811e-05
270.12	1.90116e-05
270.14	1.9042e-05
270.16	1.90723e-05
270.18	1.91025e-05
270.2	1.91326e-05
270.22	1.91627e-05
270.24	1.91926e-05
270.26	1.92225e-05
270.28	1.92523e-05
270.3	1.9282e-05
270.32	1.93116e-05
270.34	1.93412e-05
270.36	1.93706e-05
270.38	1.94e-05
270.4	1.94293e-05
270.42	1.94585e-05
270.44	1.94876e-05
270.46	1.95166e-05
270.48	1.95456e-05
270.5	1.95744e-05
270.52	1.96032e-05
270.54	1.96319e-05
270.56	1.96605e-05
270.58	1.9689e-05
270.6	1.97175e-05
270.62	1.97458e-05
270.64	1.97741e-05
270.66	1.98023e-05
270.68	1.98304e-05
270.7	1.98585e-05
270.72	1.98864e-05
270.74	1.99143e-05
270.76	1.9942e-05
270.78	1.99697e-05
270.8	1.99974e-05
270.82	2.00249e-05
270.84	2.00524e-05
270.86	2.00797e-05
270.88	2.0107e-05
270.9	2.01342e-05
270.92	2.01613e-05
270.94	2.01884e-05
270.96	2.02154e-05
270.98	2.02422e-05
271	2.0269e-05
271.02	2.02958e-05
271.04	2.03224e-05
271.06	2.0349e-05
271.08	2.03754e-05
271.1	2.04018e-05
271.12	2.04282e-05
271.14	2.04544e-05
271.16	2.04806e-05
271.18	2.05067e-05
271.2	2.05327e-05
271.22	2.05586e-05
271.24	2.05844e-05
271.26	2.06102e-05
271.28	2.06359e-05
271.3	2.06615e-05
271.32	2.06871e-05
271.34	2.07125e-05
271.36	2.07379e-05
271.38	2.07632e-05
271.4	2.07885e-05
271.42	2.08136e-05
271.44	2.08387e-05
271.46	2.08637e-05
271.48	2.08886e-05
271.5	2.09135e-05
271.52	2.09383e-05
271.54	2.0963e-05
271.56	2.09876e-05
271.58	2.10121e-05
271.6	2.10366e-05
271.62	2.1061e-05
271.64	2.10854e-05
271.66	2.11096e-05
271.68	2.11338e-05
271.7	2.11579e-05
271.72	2.1182e-05
271.74	2.12059e-05
271.76	2.12298e-05
271.78	2.12537e-05
271.8	2.12774e-05
271.82	2.13011e-05
271.84	2.13247e-05
271.86	2.13482e-05
271.88	2.13717e-05
271.9	2.13951e-05
271.92	2.14184e-05
271.94	2.14417e-05
271.96	2.14649e-05
271.98	2.1488e-05
272	2.15111e-05
272.02	2.15341e-05
272.04	2.1557e-05
272.06	2.15798e-05
272.08	2.16026e-05
272.1	2.16253e-05
272.12	2.1648e-05
272.14	2.16706e-05
272.16	2.16931e-05
272.18	2.17155e-05
272.2	2.17379e-05
272.22	2.17602e-05
272.24	2.17825e-05
272.26	2.18047e-05
272.28	2.18268e-05
272.3	2.18488e-05
272.32	2.18708e-05
272.34	2.18928e-05
272.36	2.19146e-05
272.38	2.19364e-05
272.4	2.19582e-05
272.42	2.19798e-05
272.44	2.20015e-05
272.46	2.2023e-05
272.48	2.20445e-05
272.5	2.20659e-05
272.52	2.20873e-05
272.54	2.21086e-05
272.56	2.21298e-05
272.58	2.2151e-05
272.6	2.21721e-05
272.62	2.21932e-05
272.64	2.22142e-05
272.66	2.22352e-05
272.68	2.2256e-05
272.7	2.22769e-05
272.72	2.22976e-05
272.74	2.23183e-05
272.76	2.2339e-05
272.78	2.23596e-05
272.8	2.23801e-05
272.82	2.24006e-05
272.84	2.2421e-05
272.86	2.24414e-05
272.88	2.24617e-05
272.9	2.2482e-05
272.92	2.25022e-05
272.94	2.25223e-05
272.96	2.25424e-05
272.98	2.25624e-05
273	2.25824e-05
273.02	2.26023e-05
273.04	2.26222e-05
273.06	2.2642e-05
273.08	2.26618e-05
273.1	2.26815e-05
273.12	2.27011e-05
273.14	2.27207e-05
273.16	2.27403e-05
273.18	2.27598e-05
273.2	2.27792e-05
273.22	2.27986e-05
273.24	2.2818e-05
273.26	2.28373e-05
273.28	2.28565e-05
273.3	2.28757e-05
273.32	2.28948e-05
273.34	2.29139e-05
273.36	2.29329e-05
273.38	2.29519e-05
273.4	2.29709e-05
273.42	2.29898e-05
273.44	2.30086e-05
273.46	2.30274e-05
273.48	2.30461e-05
273.5	2.30648e-05
273.52	2.30835e-05
273.54	2.31021e-05
273.56	2.31206e-05
273.58	2.31391e-05
273.6	2.31576e-05
273.62	2.3176e-05
273.64	2.31943e-05
273.66	2.32127e-05
273.68	2.32309e-05
273.7	2.32491e-05
273.72	2.32673e-05
273.74	2.32855e-05
273.76	2.33035e-05
273.78	2.33216e-05
273.8	2.33396e-05
273.82	2.33575e-05
273.84	2.33755e-05
273.86	2.33933e-05
273.88	2.34111e-05
273.9	2.34289e-05
273.92	2.34467e-05
273.94	2.34643e-05
273.96	2.3482e-05
273.98	2.34996e-05
274	2.35172e-05
274.02	2.35347e-05
274.04	2.35522e-05
274.06	2.35696e-05
274.08	2.3587e-05
274.1	2.36044e-05
274.12	2.36217e-05
274.14	2.3639e-05
274.16	2.36562e-05
274.18	2.36734e-05
274.2	2.36906e-05
274.22	2.37077e-05
274.24	2.37247e-05
274.26	2.37418e-05
274.28	2.37588e-05
274.3	2.37757e-05
274.32	2.37927e-05
274.34	2.38096e-05
274.36	2.38264e-05
274.38	2.38432e-05
274.4	2.386e-05
274.42	2.38767e-05
274.44	2.38934e-05
274.46	2.39101e-05
274.48	2.39267e-05
274.5	2.39433e-05
274.52	2.39598e-05
274.54	2.39763e-05
274.56	2.39928e-05
274.58	2.40092e-05
274.6	2.40256e-05
274.62	2.4042e-05
274.64	2.40584e-05
274.66	2.40747e-05
274.68	2.40909e-05
274.7	2.41071e-05
274.72	2.41233e-05
274.74	2.41395e-05
274.76	2.41556e-05
274.78	2.41717e-05
274.8	2.41878e-05
274.82	2.42038e-05
274.84	2.42198e-05
274.86	2.42358e-05
274.88	2.42517e-05
274.9	2.42676e-05
274.92	2.42835e-05
274.94	2.42993e-05
274.96	2.43151e-05
274.98	2.43309e-05
275	2.43466e-05
275.02	2.43623e-05
275.04	2.4378e-05
275.06	2.43937e-05
275.08	2.44093e-05
275.1	2.44249e-05
275.12	2.44404e-05
275.14	2.44559e-05
275.16	2.44714e-05
275.18	2.44869e-05
275.2	2.45023e-05
275.22	2.45178e-05
275.24	2.45331e-05
275.26	2.45485e-05
275.28	2.45638e-05
275.3	2.45791e-05
275.32	2.45944e-05
275.34	2.46096e-05
275.36	2.46248e-05
275.38	2.464e-05
275.4	2.46552e-05
275.42	2.46703e-05
275.44	2.46854e-05
275.46	2.47005e-05
275.48	2.47155e-05
275.5	2.47305e-05
275.52	2.47455e-05
275.54	2.47605e-05
275.56	2.47754e-05
275.58	2.47903e-05
275.6	2.48052e-05
275.62	2.48201e-05
275.64	2.48349e-05
275.66	2.48498e-05
275.68	2.48646e-05
275.7	2.48793e-05
275.72	2.48941e-05
275.74	2.49088e-05
275.76	2.49235e-05
275.78	2.49381e-05
275.8	2.49528e-05
275.82	2.49674e-05
275.84	2.4982e-05
275.86	2.49966e-05
275.88	2.50111e-05
275.9	2.50257e-05
275.92	2.50402e-05
275.94	2.50546e-05
275.96	2.50691e-05
275.98	2.50835e-05
276	2.5098e-05
276.02	2.51124e-05
276.04	2.51267e-05
276.06	2.51411e-05
276.08	2.51554e-05
276.1	2.51697e-05
276.12	2.5184e-05
276.14	2.51983e-05
276.16	2.52125e-05
276.18	2.52268e-05
276.2	2.5241e-05
276.22	2.52552e-05
276.24	2.52693e-05
276.26	2.52835e-05
276.28	2.52976e-05
276.3	2.53117e-05
276.32	2.53258e-05
276.34	2.53399e-05
276.36	2.5354e-05
276.38	2.5368e-05
276.4	2.5382e-05
276.42	2.5396e-05
276.44	2.541e-05
276.46	2.5424e-05
276.48	2.54379e-05
276.5	2.54518e-05
276.52	2.54657e-05
276.54	2.54796e-05
276.56	2.54935e-05
276.58	2.55074e-05
276.6	2.55212e-05
276.62	2.5535e-05
276.64	2.55488e-05
276.66	2.55626e-05
276.68	2.55764e-05
276.7	2.55902e-05
276.72	2.56039e-05
276.74	2.56177e-05
276.76	2.56314e-05
276.78	2.56451e-05
276.8	2.56588e-05
276.82	2.56724e-05
276.84	2.56861e-05
276.86	2.56997e-05
276.88	2.57133e-05
276.9	2.5727e-05
276.92	2.57406e-05
276.94	2.57541e-05
276.96	2.57677e-05
276.98	2.57813e-05
277	2.57948e-05
277.02	2.58083e-05
277.04	2.58219e-05
277.06	2.58354e-05
277.08	2.58489e-05
277.1	2.58623e-05
277.12	2.58758e-05
277.14	2.58893e-05
277.16	2.59027e-05
277.18	2.59161e-05
277.2	2.59296e-05
277.22	2.5943e-05
277.24	2.59564e-05
277.26	2.59697e-05
277.28	2.59831e-05
277.3	2.59965e-05
277.32	2.60098e-05
277.34	2.60232e-05
277.36	2.60365e-05
277.38	2.60498e-05
277.4	2.60631e-05
277.42	2.60764e-05
277.44	2.60897e-05
277.46	2.6103e-05
277.48	2.61163e-05
277.5	2.61295e-05
277.52	2.61428e-05
277.54	2.6156e-05
277.56	2.61693e-05
277.58	2.61825e-05
277.6	2.61957e-05
277.62	2.62089e-05
277.64	2.62221e-05
277.66	2.62353e-05
277.68	2.62485e-05
277.7	2.62617e-05
277.72	2.62749e-05
277.74	2.6288e-05
277.76	2.63012e-05
277.78	2.63143e-05
277.8	2.63275e-05
277.82	2.63406e-05
277.84	2.63537e-05
277.86	2.63669e-05
277.88	2.638e-05
277.9	2.63931e-05
277.92	2.64062e-05
277.94	2.64193e-05
277.96	2.64324e-05
277.98	2.64455e-05
278	2.64585e-05
278.02	2.64716e-05
278.04	2.64847e-05
278.06	2.64978e-05
278.08	2.65108e-05
278.1	2.65239e-05
278.12	2.65369e-05
278.14	2.655e-05
278.16	2.6563e-05
278.18	2.6576e-05
278.2	2.65891e-05
278.22	2.66021e-05
278.24	2.66151e-05
278.26	2.66282e-05
278.28	2.66412e-05
278.3	2.66542e-05
278.32	2.66672e-05
278.34	2.66802e-05
278.36	2.66932e-05
278.38	2.67062e-05
278.4	2.67192e-05
278.42	2.67322e-05
278.44	2.67452e-05
278.46	2.67582e-05
278.48	2.67712e-05
278.5	2.67842e-05
278.52	2.67972e-05
278.54	2.68102e-05
278.56	2.68232e-05
278.58	2.68362e-05
278.6	2.68492e-05
278.62	2.68622e-05
278.64	2.68752e-05
278.66	2.68881e-05
278.68	2.69011e-05
278.7	2.69141e-05
278.72	2.69271e-05
278.74	2.69401e-05
278.76	2.69531e-05
278.78	2.69661e-05
278.8	2.6979e-05
278.82	2.6992e-05
278.84	2.7005e-05
278.86	2.7018e-05
278.88	2.7031e-05
278.9	2.7044e-05
278.92	2.7057e-05
278.94	2.707e-05
278.96	2.7083e-05
278.98	2.7096e-05
279	2.7109e-05
279.02	2.7122e-05
279.04	2.7135e-05
279.06	2.7148e-05
279.08	2.7161e-05
279.1	2.71741e-05
279.12	2.71871e-05
279.14	2.72001e-05
279.16	2.72131e-05
279.18	2.72262e-05
279.2	2.72392e-05
279.22	2.72522e-05
279.24	2.72653e-05
279.26	2.72783e-05
279.28	2.72914e-05
279.3	2.73044e-05
279.32	2.73175e-05
279.34	2.73306e-05
279.36	2.73436e-05
279.38	2.73567e-05
279.4	2.73698e-05
279.42	2.73829e-05
279.44	2.7396e-05
279.46	2.74091e-05
279.48	2.74222e-05
279.5	2.74353e-05
279.52	2.74484e-05
279.54	2.74615e-05
279.56	2.74747e-05
279.58	2.74878e-05
279.6	2.7501e-05
279.62	2.75141e-05
279.64	2.75273e-05
279.66	2.75404e-05
279.68	2.75536e-05
279.7	2.75668e-05
279.72	2.758e-05
279.74	2.75932e-05
279.76	2.76064e-05
279.78	2.76196e-05
279.8	2.76328e-05
279.82	2.76461e-05
279.84	2.76593e-05
279.86	2.76726e-05
279.88	2.76858e-05
279.9	2.76991e-05
279.92	2.77124e-05
279.94	2.77257e-05
279.96	2.7739e-05
279.98	2.77523e-05
280	2.77656e-05
280.02	2.7779e-05
280.04	2.77923e-05
280.06	2.78057e-05
280.08	2.7819e-05
280.1	2.78324e-05
280.12	2.78458e-05
280.14	2.78592e-05
280.16	2.78726e-05
280.18	2.7886e-05
280.2	2.78995e-05
280.22	2.79129e-05
280.24	2.79264e-05
280.26	2.79399e-05
280.28	2.79533e-05
280.3	2.79669e-05
280.32	2.79804e-05
280.34	2.79939e-05
280.36	2.80074e-05
280.38	2.8021e-05
280.4	2.80346e-05
280.42	2.80482e-05
280.44	2.80617e-05
280.46	2.80754e-05
280.48	2.8089e-05
280.5	2.81026e-05
280.52	2.81163e-05
280.54	2.813e-05
280.56	2.81437e-05
280.58	2.81574e-05
280.6	2.81711e-05
280.62	2.81848e-05
280.64	2.81986e-05
280.66	2.82124e-05
280.68	2.82261e-05
280.7	2.824e-05
280.72	2.82538e-05
280.74	2.82676e-05
280.76	2.82815e-05
280.78	2.82954e-05
280.8	2.83092e-05
280.82	2.83232e-05
280.84	2.83371e-05
280.86	2.8351e-05
280.88	2.8365e-05
280.9	2.8379e-05
280.92	2.8393e-05
280.94	2.8407e-05
280.96	2.84211e-05
280.98	2.84351e-05
281	2.84492e-05
281.02	2.84633e-05
281.04	2.84775e-05
281.06	2.84916e-05
281.08	2.85058e-05
281.1	2.852e-05
281.12	2.85342e-05
281.14	2.85484e-05
281.16	2.85627e-05
281.18	2.8577e-05
281.2	2.85913e-05
281.22	2.86056e-05
281.24	2.86199e-05
281.26	2.86343e-05
281.28	2.86487e-05
281.3	2.86631e-05
281.32	2.86775e-05
281.34	2.8692e-05
281.36	2.87065e-05
281.38	2.8721e-05
281.4	2.87355e-05
281.42	2.87501e-05
281.44	2.87647e-05
281.46	2.87793e-05
281.48	2.8794e-05
281.5	2.88086e-05
281.52	2.88233e-05
281.54	2.8838e-05
281.56	2.88528e-05
281.58	2.88676e-05
281.6	2.88824e-05
281.62	2.88972e-05
281.64	2.8912e-05
281.66	2.89269e-05
281.68	2.89418e-05
281.7	2.89568e-05
281.72	2.89718e-05
281.74	2.89868e-05
281.76	2.90018e-05
281.78	2.90168e-05
281.8	2.90319e-05
281.82	2.90471e-05
281.84	2.90622e-05
281.86	2.90774e-05
281.88	2.90926e-05
281.9	2.91079e-05
281.92	2.91231e-05
281.94	2.91384e-05
281.96	2.91538e-05
281.98	2.91692e-05
282	2.91846e-05
282.02	2.92e-05
282.04	2.92155e-05
282.06	2.9231e-05
282.08	2.92465e-05
282.1	2.92621e-05
282.12	2.92777e-05
282.14	2.92934e-05
282.16	2.93091e-05
282.18	2.93248e-05
282.2	2.93406e-05
282.22	2.93564e-05
282.24	2.93722e-05
282.26	2.93881e-05
282.28	2.9404e-05
282.3	2.94199e-05
282.32	2.94359e-05
282.34	2.94519e-05
282.36	2.9468e-05
282.38	2.94841e-05
282.4	2.95002e-05
282.42	2.95164e-05
282.44	2.95327e-05
282.46	2.95489e-05
282.48	2.95652e-05
282.5	2.95816e-05
282.52	2.9598e-05
282.54	2.96144e-05
282.56	2.96309e-05
282.58	2.96474e-05
282.6	2.9664e-05
282.62	2.96806e-05
282.64	2.96973e-05
282.66	2.9714e-05
282.68	2.97307e-05
282.7	2.97475e-05
282.72	2.97643e-05
282.74	2.97812e-05
282.76	2.97982e-05
282.78	2.98151e-05
282.8	2.98322e-05
282.82	2.98493e-05
282.84	2.98664e-05
282.86	2.98836e-05
282.88	2.99008e-05
282.9	2.99181e-05
282.92	2.99354e-05
282.94	2.99528e-05
282.96	2.99702e-05
282.98	2.99877e-05
283	3.00053e-05
283.02	3.00229e-05
283.04	3.00405e-05
283.06	3.00582e-05
283.08	3.0076e-05
283.1	3.00938e-05
283.12	3.01117e-05
283.14	3.01296e-05
283.16	3.01476e-05
283.18	3.01657e-05
283.2	3.01838e-05
283.22	3.0202e-05
283.24	3.02202e-05
283.26	3.02385e-05
283.28	3.02569e-05
283.3	3.02753e-05
283.32	3.02938e-05
283.34	3.03123e-05
283.36	3.03309e-05
283.38	3.03496e-05
283.4	3.03683e-05
283.42	3.03871e-05
283.44	3.0406e-05
283.46	3.04249e-05
283.48	3.04439e-05
283.5	3.0463e-05
283.52	3.04822e-05
283.54	3.05014e-05
283.56	3.05207e-05
283.58	3.054e-05
283.6	3.05595e-05
283.62	3.0579e-05
283.64	3.05986e-05
283.66	3.06182e-05
283.68	3.0638e-05
283.7	3.06578e-05
283.72	3.06777e-05
283.74	3.06977e-05
283.76	3.07177e-05
283.78	3.07379e-05
283.8	3.07581e-05
283.82	3.07784e-05
283.84	3.07987e-05
283.86	3.08192e-05
283.88	3.08398e-05
283.9	3.08604e-05
283.92	3.08811e-05
283.94	3.0902e-05
283.96	3.09229e-05
283.98	3.09439e-05
284	3.09649e-05
284.02	3.09861e-05
284.04	3.10074e-05
284.06	3.10288e-05
284.08	3.10503e-05
284.1	3.10718e-05
284.12	3.10935e-05
284.14	3.11153e-05
284.16	3.11371e-05
284.18	3.11591e-05
284.2	3.11812e-05
284.22	3.12034e-05
284.24	3.12257e-05
284.26	3.12481e-05
284.28	3.12706e-05
284.3	3.12932e-05
284.32	3.13159e-05
284.34	3.13388e-05
284.36	3.13617e-05
284.38	3.13848e-05
284.4	3.1408e-05
284.42	3.14314e-05
284.44	3.14548e-05
284.46	3.14784e-05
284.48	3.15021e-05
284.5	3.15259e-05
284.52	3.15499e-05
284.54	3.15739e-05
284.56	3.15982e-05
284.58	3.16225e-05
284.6	3.1647e-05
284.62	3.16717e-05
284.64	3.16964e-05
284.66	3.17214e-05
284.68	3.17464e-05
284.7	3.17717e-05
284.72	3.1797e-05
284.74	3.18225e-05
284.76	3.18482e-05
284.78	3.18741e-05
284.8	3.19001e-05
284.82	3.19262e-05
284.84	3.19526e-05
284.86	3.19791e-05
284.88	3.20057e-05
284.9	3.20326e-05
284.92	3.20596e-05
284.94	3.20868e-05
284.96	3.21142e-05
284.98	3.21418e-05
285	3.21696e-05
285.02	3.21975e-05
285.04	3.22257e-05
285.06	3.22541e-05
285.08	3.22826e-05
285.1	3.23114e-05
285.12	3.23404e-05
285.14	3.23696e-05
285.16	3.23991e-05
285.18	3.24287e-05
285.2	3.24586e-05
285.22	3.24888e-05
285.24	3.25192e-05
285.26	3.25498e-05
285.28	3.25806e-05
285.3	3.26118e-05
285.32	3.26432e-05
285.34	3.26748e-05
285.36	3.27068e-05
285.38	3.2739e-05
285.4	3.27715e-05
285.42	3.28043e-05
285.44	3.28373e-05
285.46	3.28708e-05
285.48	3.29045e-05
285.5	3.29385e-05
285.52	3.29729e-05
285.54	3.30076e-05
285.56	3.30426e-05
285.58	3.3078e-05
285.6	3.31138e-05
285.62	3.315e-05
285.64	3.31865e-05
285.66	3.32234e-05
285.68	3.32608e-05
285.7	3.32985e-05
285.72	3.33367e-05
285.74	3.33753e-05
285.76	3.34144e-05
285.78	3.3454e-05
285.8	3.3494e-05
285.82	3.35346e-05
285.84	3.35756e-05
285.86	3.36172e-05
285.88	3.36594e-05
285.9	3.37021e-05
285.92	3.37454e-05
285.94	3.37894e-05
285.96	3.38339e-05
285.98	3.38791e-05
286	3.3925e-05
286.02	3.39716e-05
286.04	3.4019e-05
286.06	3.40671e-05
286.08	3.4116e-05
286.1	3.41658e-05
286.12	3.42164e-05
286.14	3.42679e-05
286.16	3.43203e-05
286.18	3.43738e-05
286.2	3.44283e-05
286.22	3.44839e-05
286.24	3.45406e-05
286.26	3.45985e-05
286.28	3.46577e-05
286.3	3.47182e-05
286.32	3.47802e-05
286.34	3.48436e-05
286.36	3.49086e-05
286.38	3.49753e-05
286.4	3.50438e-05
286.42	3.51142e-05
286.44	3.51866e-05
286.46	3.52612e-05
286.48	3.53381e-05
286.5	3.54176e-05
286.52	3.54997e-05
286.54	3.55848e-05
286.56	3.5673e-05
286.58	3.57648e-05
286.6	3.58602e-05
286.62	3.59599e-05
286.64	3.6064e-05
286.66	3.61732e-05
286.68	3.6288e-05
286.7	3.64091e-05
286.72	3.65372e-05
286.74	3.66731e-05
286.76	3.68181e-05
286.78	3.69735e-05
286.8	3.71407e-05
286.82	3.73219e-05
286.84	3.75195e-05
286.86	3.77366e-05
286.88	3.79774e-05
286.9	3.82473e-05
286.92	3.85534e-05
286.94	3.89058e-05
286.96	3.93188e-05
286.98	3.98134e-05
287	4.04225e-05
287.02	4.11994e-05
287.04	4.22381e-05
287.06	4.37189e-05
287.08	4.60323e-05
287.1	5.01562e-05
287.12	5.88636e-05
287.14	7.89299e-05
287.16	0.000116024
287.18	0.000159967
287.2	0.000193399
287.22	0.000211209
287.24	0.000216187
287.26	0.000209738
287.28	0.00019175
287.3	0.000164553
287.32	0.000132996
287.34	0.000102203
287.36	7.57101e-05
287.38	5.50179e-05
287.4	4.00132e-05
287.42	2.96698e-05
287.44	2.27309e-05
287.46	1.81075e-05
287.48	1.49956e-05
287.5	1.2859e-05
287.52	1.13689e-05
287.54	1.0328e-05
287.56	9.60947e-06
287.58	9.12412e-06
287.6	8.80645e-06
287.62	8.60809e-06
287.64	8.49368e-06
287.66	8.43787e-06
287.68	8.42262e-06
287.7	8.43544e-06
287.72	8.46757e-06
287.74	8.51285e-06
287.76	8.56696e-06
287.78	8.6269e-06
287.8	8.69062e-06
287.82	8.75677e-06
287.84	8.82448e-06
287.86	8.8932e-06
287.88	8.96266e-06
287.9	9.03272e-06
287.92	9.10335e-06
287.94	9.17457e-06
287.96	9.24643e-06
287.98	9.319e-06
288	9.39235e-06
288.02	9.46655e-06
288.04	9.54164e-06
288.06	9.61767e-06
288.08	9.69467e-06
288.1	9.77263e-06
288.12	9.85157e-06
288.14	9.93145e-06
288.16	1.00123e-05
288.18	1.0094e-05
288.2	1.01765e-05
288.22	1.02598e-05
288.24	1.03439e-05
288.26	1.04286e-05
288.28	1.05139e-05
288.3	1.05998e-05
288.32	1.06861e-05
288.34	1.07727e-05
288.36	1.08597e-05
288.38	1.09469e-05
288.4	1.10342e-05
288.42	1.11216e-05
288.44	1.1209e-05
288.46	1.12962e-05
288.48	1.13834e-05
288.5	1.14703e-05
288.52	1.15569e-05
288.54	1.16432e-05
288.56	1.1729e-05
288.58	1.18144e-05
288.6	1.18992e-05
288.62	1.19834e-05
288.64	1.2067e-05
288.66	1.215e-05
288.68	1.22322e-05
288.7	1.23136e-05
288.72	1.23943e-05
288.74	1.24741e-05
288.76	1.25531e-05
288.78	1.26312e-05
288.8	1.27084e-05
288.82	1.27847e-05
288.84	1.286e-05
288.86	1.29345e-05
288.88	1.30079e-05
288.9	1.30804e-05
288.92	1.31519e-05
288.94	1.32225e-05
288.96	1.32921e-05
288.98	1.33607e-05
289	1.34283e-05
289.02	1.3495e-05
289.04	1.35608e-05
289.06	1.36256e-05
289.08	1.36895e-05
289.1	1.37525e-05
289.12	1.38145e-05
289.14	1.38757e-05
289.16	1.3936e-05
289.18	1.39955e-05
289.2	1.40541e-05
289.22	1.41119e-05
289.24	1.41689e-05
289.26	1.42252e-05
289.28	1.42807e-05
289.3	1.43355e-05
289.32	1.43896e-05
289.34	1.44429e-05
289.36	1.44957e-05
289.38	1.45478e-05
289.4	1.45992e-05
289.42	1.46501e-05
289.44	1.47004e-05
289.46	1.47501e-05
289.48	1.47993e-05
289.5	1.48479e-05
289.52	1.4896e-05
289.54	1.49437e-05
289.56	1.49908e-05
289.58	1.50376e-05
289.6	1.50838e-05
289.62	1.51297e-05
289.64	1.51751e-05
289.66	1.52201e-05
289.68	1.52648e-05
289.7	1.53091e-05
289.72	1.5353e-05
289.74	1.53966e-05
289.76	1.54399e-05
289.78	1.54828e-05
289.8	1.55255e-05
289.82	1.55678e-05
289.84	1.56099e-05
289.86	1.56517e-05
289.88	1.56932e-05
289.9	1.57344e-05
289.92	1.57754e-05
289.94	1.58162e-05
289.96	1.58568e-05
289.98	1.58971e-05
290	1.59372e-05
290.02	1.59771e-05
290.04	1.60168e-05
290.06	1.60563e-05
290.08	1.60956e-05
290.1	1.61347e-05
290.12	1.61737e-05
290.14	1.62124e-05
290.16	1.6251e-05
290.18	1.62895e-05
290.2	1.63278e-05
290.22	1.63659e-05
290.24	1.64039e-05
290.26	1.64417e-05
290.28	1.64794e-05
290.3	1.65169e-05
290.32	1.65543e-05
290.34	1.65916e-05
290.36	1.66288e-05
290.38	1.66658e-05
290.4	1.67027e-05
290.42	1.67394e-05
290.44	1.67761e-05
290.46	1.68126e-05
290.48	1.6849e-05
290.5	1.68853e-05
290.52	1.69215e-05
290.54	1.69576e-05
290.56	1.69935e-05
290.58	1.70294e-05
290.6	1.70652e-05
290.62	1.71008e-05
290.64	1.71363e-05
290.66	1.71718e-05
290.68	1.72071e-05
290.7	1.72424e-05
290.72	1.72775e-05
290.74	1.73126e-05
290.76	1.73475e-05
290.78	1.73824e-05
290.8	1.74171e-05
290.82	1.74518e-05
290.84	1.74863e-05
290.86	1.75208e-05
290.88	1.75552e-05
290.9	1.75895e-05
290.92	1.76237e-05
290.94	1.76578e-05
290.96	1.76918e-05
290.98	1.77257e-05
291	1.77596e-05
291.02	1.77933e-05
291.04	1.7827e-05
291.06	1.78605e-05
291.08	1.7894e-05
291.1	1.79274e-05
291.12	1.79607e-05
291.14	1.79939e-05
291.16	1.8027e-05
291.18	1.80601e-05
291.2	1.8093e-05
291.22	1.81259e-05
291.24	1.81586e-05
291.26	1.81913e-05
291.28	1.82239e-05
291.3	1.82564e-05
291.32	1.82889e-05
291.34	1.83212e-05
291.36	1.83535e-05
291.38	1.83856e-05
291.4	1.84177e-05
291.42	1.84497e-05
291.44	1.84816e-05
291.46	1.85135e-05
291.48	1.85452e-05
291.5	1.85769e-05
291.52	1.86084e-05
291.54	1.86399e-05
291.56	1.86713e-05
291.58	1.87026e-05
291.6	1.87339e-05
291.62	1.8765e-05
291.64	1.87961e-05
291.66	1.8827e-05
291.68	1.88579e-05
291.7	1.88887e-05
291.72	1.89194e-05
291.74	1.89501e-05
291.76	1.89806e-05
291.78	1.90111e-05
291.8	1.90414e-05
291.82	1.90717e-05
291.84	1.91019e-05
291.86	1.91321e-05
291.88	1.91621e-05
291.9	1.9192e-05
291.92	1.92219e-05
291.94	1.92517e-05
291.96	1.92814e-05
291.98	1.9311e-05
292	1.93405e-05
292.02	1.937e-05
292.04	1.93993e-05
292.06	1.94286e-05
292.08	1.94578e-05
292.1	1.94869e-05
292.12	1.95159e-05
292.14	1.95449e-05
292.16	1.95737e-05
292.18	1.96025e-05
292.2	1.96312e-05
292.22	1.96598e-05
292.24	1.96883e-05
292.26	1.97167e-05
292.28	1.97451e-05
292.3	1.97733e-05
292.32	1.98015e-05
292.34	1.98296e-05
292.36	1.98577e-05
292.38	1.98856e-05
292.4	1.99134e-05
292.42	1.99412e-05
292.44	1.99689e-05
292.46	1.99965e-05
292.48	2.0024e-05
292.5	2.00515e-05
292.52	2.00788e-05
292.54	2.01061e-05
292.56	2.01333e-05
292.58	2.01604e-05
292.6	2.01875e-05
292.62	2.02144e-05
292.64	2.02413e-05
292.66	2.02681e-05
292.68	2.02948e-05
292.7	2.03214e-05
292.72	2.0348e-05
292.74	2.03745e-05
292.76	2.04009e-05
292.78	2.04272e-05
292.8	2.04534e-05
292.82	2.04796e-05
292.84	2.05057e-05
292.86	2.05317e-05
292.88	2.05576e-05
292.9	2.05834e-05
292.92	2.06092e-05
292.94	2.06349e-05
292.96	2.06605e-05
292.98	2.0686e-05
293	2.07115e-05
293.02	2.07368e-05
293.04	2.07621e-05
293.06	2.07874e-05
293.08	2.08125e-05
293.1	2.08376e-05
293.12	2.08626e-05
293.14	2.08875e-05
293.16	2.09123e-05
293.18	2.09371e-05
293.2	2.09618e-05
293.22	2.09864e-05
293.24	2.1011e-05
293.26	2.10354e-05
293.28	2.10598e-05
293.3	2.10842e-05
293.32	2.11084e-05
293.34	2.11326e-05
293.36	2.11567e-05
293.38	2.11807e-05
293.4	2.12047e-05
293.42	2.12286e-05
293.44	2.12524e-05
293.46	2.12762e-05
293.48	2.12998e-05
293.5	2.13234e-05
293.52	2.1347e-05
293.54	2.13704e-05
293.56	2.13938e-05
293.58	2.14172e-05
293.6	2.14404e-05
293.62	2.14636e-05
293.64	2.14867e-05
293.66	2.15098e-05
293.68	2.15327e-05
293.7	2.15556e-05
293.72	2.15785e-05
293.74	2.16013e-05
293.76	2.1624e-05
293.78	2.16466e-05
293.8	2.16692e-05
293.82	2.16917e-05
293.84	2.17141e-05
293.86	2.17365e-05
293.88	2.17588e-05
293.9	2.17811e-05
293.92	2.18032e-05
293.94	2.18254e-05
293.96	2.18474e-05
293.98	2.18694e-05
294	2.18913e-05
294.02	2.19132e-05
294.04	2.1935e-05
294.06	2.19567e-05
294.08	2.19784e-05
294.1	2.2e-05
294.12	2.20215e-05
294.14	2.2043e-05
294.16	2.20644e-05
294.18	2.20858e-05
294.2	2.21071e-05
294.22	2.21283e-05
294.24	2.21495e-05
294.26	2.21706e-05
294.28	2.21917e-05
294.3	2.22127e-05
294.32	2.22336e-05
294.34	2.22545e-05
294.36	2.22753e-05
294.38	2.22961e-05
294.4	2.23168e-05
294.42	2.23374e-05
294.44	2.2358e-05
294.46	2.23785e-05
294.48	2.2399e-05
294.5	2.24194e-05
294.52	2.24398e-05
294.54	2.24601e-05
294.56	2.24804e-05
294.58	2.25005e-05
294.6	2.25207e-05
294.62	2.25408e-05
294.64	2.25608e-05
294.66	2.25808e-05
294.68	2.26007e-05
294.7	2.26205e-05
294.72	2.26404e-05
294.74	2.26601e-05
294.76	2.26798e-05
294.78	2.26995e-05
294.8	2.27191e-05
294.82	2.27386e-05
294.84	2.27581e-05
294.86	2.27775e-05
294.88	2.27969e-05
294.9	2.28162e-05
294.92	2.28355e-05
294.94	2.28548e-05
294.96	2.28739e-05
294.98	2.28931e-05
295	2.29122e-05
295.02	2.29312e-05
295.04	2.29502e-05
295.06	2.29691e-05
295.08	2.2988e-05
295.1	2.30068e-05
295.12	2.30256e-05
295.14	2.30443e-05
295.16	2.3063e-05
295.18	2.30817e-05
295.2	2.31002e-05
295.22	2.31188e-05
295.24	2.31373e-05
295.26	2.31557e-05
295.28	2.31741e-05
295.3	2.31925e-05
295.32	2.32108e-05
295.34	2.32291e-05
295.36	2.32473e-05
295.38	2.32655e-05
295.4	2.32836e-05
295.42	2.33017e-05
295.44	2.33197e-05
295.46	2.33377e-05
295.48	2.33556e-05
295.5	2.33735e-05
295.52	2.33914e-05
295.54	2.34092e-05
295.56	2.3427e-05
295.58	2.34447e-05
295.6	2.34624e-05
295.62	2.34801e-05
295.64	2.34977e-05
295.66	2.35152e-05
295.68	2.35327e-05
295.7	2.35502e-05
295.72	2.35676e-05
295.74	2.3585e-05
295.76	2.36024e-05
295.78	2.36197e-05
295.8	2.3637e-05
295.82	2.36542e-05
295.84	2.36714e-05
295.86	2.36885e-05
295.88	2.37057e-05
295.9	2.37227e-05
295.92	2.37398e-05
295.94	2.37568e-05
295.96	2.37737e-05
295.98	2.37906e-05
296	2.38075e-05
296.02	2.38243e-05
296.04	2.38411e-05
296.06	2.38579e-05
296.08	2.38746e-05
296.1	2.38913e-05
296.12	2.3908e-05
296.14	2.39246e-05
296.16	2.39412e-05
296.18	2.39577e-05
296.2	2.39742e-05
296.22	2.39907e-05
296.24	2.40071e-05
296.26	2.40235e-05
296.28	2.40399e-05
296.3	2.40562e-05
296.32	2.40725e-05
296.34	2.40888e-05
296.36	2.4105e-05
296.38	2.41212e-05
296.4	2.41373e-05
296.42	2.41535e-05
296.44	2.41696e-05
296.46	2.41856e-05
296.48	2.42016e-05
296.5	2.42176e-05
296.52	2.42336e-05
296.54	2.42495e-05
296.56	2.42654e-05
296.58	2.42813e-05
296.6	2.42971e-05
296.62	2.43129e-05
296.64	2.43287e-05
296.66	2.43444e-05
296.68	2.43601e-05
296.7	2.43758e-05
296.72	2.43914e-05
296.74	2.4407e-05
296.76	2.44226e-05
296.78	2.44381e-05
296.8	2.44537e-05
296.82	2.44692e-05
296.84	2.44846e-05
296.86	2.45001e-05
296.88	2.45155e-05
296.9	2.45308e-05
296.92	2.45462e-05
296.94	2.45615e-05
296.96	2.45768e-05
296.98	2.4592e-05
297	2.46073e-05
297.02	2.46225e-05
297.04	2.46377e-05
297.06	2.46528e-05
297.08	2.46679e-05
297.1	2.4683e-05
297.12	2.46981e-05
297.14	2.47131e-05
297.16	2.47281e-05
297.18	2.47431e-05
297.2	2.47581e-05
297.22	2.4773e-05
297.24	2.47879e-05
297.26	2.48028e-05
297.28	2.48177e-05
297.3	2.48325e-05
297.32	2.48473e-05
297.34	2.48621e-05
297.36	2.48769e-05
297.38	2.48916e-05
297.4	2.49063e-05
297.42	2.4921e-05
297.44	2.49357e-05
297.46	2.49503e-05
297.48	2.49649e-05
297.5	2.49795e-05
297.52	2.49941e-05
297.54	2.50086e-05
297.56	2.50232e-05
297.58	2.50377e-05
297.6	2.50521e-05
297.62	2.50666e-05
297.64	2.5081e-05
297.66	2.50954e-05
297.68	2.51098e-05
297.7	2.51242e-05
297.72	2.51386e-05
297.74	2.51529e-05
297.76	2.51672e-05
297.78	2.51815e-05
297.8	2.51957e-05
297.82	2.521e-05
297.84	2.52242e-05
297.86	2.52384e-05
297.88	2.52526e-05
297.9	2.52668e-05
297.92	2.52809e-05
297.94	2.5295e-05
297.96	2.53091e-05
297.98	2.53232e-05
298	2.53373e-05
298.02	2.53513e-05
298.04	2.53654e-05
298.06	2.53794e-05
298.08	2.53934e-05
298.1	2.54073e-05
298.12	2.54213e-05
298.14	2.54352e-05
298.16	2.54492e-05
298.18	2.54631e-05
298.2	2.5477e-05
298.22	2.54908e-05
298.24	2.55047e-05
298.26	2.55185e-05
298.28	2.55323e-05
298.3	2.55461e-05
298.32	2.55599e-05
298.34	2.55737e-05
298.36	2.55875e-05
298.38	2.56012e-05
298.4	2.56149e-05
298.42	2.56286e-05
298.44	2.56423e-05
298.46	2.5656e-05
298.48	2.56697e-05
298.5	2.56833e-05
298.52	2.5697e-05
298.54	2.57106e-05
298.56	2.57242e-05
298.58	2.57378e-05
298.6	2.57514e-05
298.62	2.57649e-05
298.64	2.57785e-05
298.66	2.5792e-05
298.68	2.58055e-05
298.7	2.5819e-05
298.72	2.58325e-05
298.74	2.5846e-05
298.76	2.58595e-05
298.78	2.5873e-05
298.8	2.58864e-05
298.82	2.58999e-05
298.84	2.59133e-05
298.86	2.59267e-05
298.88	2.59401e-05
298.9	2.59535e-05
298.92	2.59669e-05
298.94	2.59802e-05
298.96	2.59936e-05
298.98	2.60069e-05
299	2.60203e-05
299.02	2.60336e-05
299.04	2.60469e-05
299.06	2.60602e-05
299.08	2.60735e-05
299.1	2.60868e-05
299.12	2.61001e-05
299.14	2.61133e-05
299.16	2.61266e-05
299.18	2.61398e-05
299.2	2.61531e-05
299.22	2.61663e-05
299.24	2.61795e-05
299.26	2.61928e-05
299.28	2.6206e-05
299.3	2.62191e-05
299.32	2.62323e-05
299.34	2.62455e-05
299.36	2.62587e-05
299.38	2.62719e-05
299.4	2.6285e-05
299.42	2.62982e-05
299.44	2.63113e-05
299.46	2.63244e-05
299.48	2.63376e-05
299.5	2.63507e-05
299.52	2.63638e-05
299.54	2.63769e-05
299.56	2.639e-05
299.58	2.64031e-05
299.6	2.64162e-05
299.62	2.64293e-05
299.64	2.64424e-05
299.66	2.64554e-05
299.68	2.64685e-05
299.7	2.64816e-05
299.72	2.64946e-05
299.74	2.65077e-05
299.76	2.65207e-05
299.78	2.65338e-05
299.8	2.65468e-05
299.82	2.65599e-05
299.84	2.65729e-05
299.86	2.65859e-05
299.88	2.65989e-05
299.9	2.6612e-05
299.92	2.6625e-05
299.94	2.6638e-05
299.96	2.6651e-05
299.98	2.6664e-05
300	2.6677e-05
300.02	2.669e-05
300.04	2.6703e-05
300.06	2.6716e-05
300.08	2.6729e-05
300.1	2.6742e-05
300.12	2.6755e-05
300.14	2.6768e-05
300.16	2.6781e-05
300.18	2.6794e-05
300.2	2.68069e-05
300.22	2.68199e-05
300.24	2.68329e-05
300.26	2.68459e-05
300.28	2.68589e-05
300.3	2.68718e-05
300.32	2.68848e-05
300.34	2.68978e-05
300.36	2.69108e-05
300.38	2.69238e-05
300.4	2.69367e-05
300.42	2.69497e-05
300.44	2.69627e-05
300.46	2.69757e-05
300.48	2.69887e-05
300.5	2.70017e-05
300.52	2.70146e-05
300.54	2.70276e-05
300.56	2.70406e-05
300.58	2.70536e-05
300.6	2.70666e-05
300.62	2.70796e-05
300.64	2.70926e-05
300.66	2.71056e-05
300.68	2.71186e-05
300.7	2.71316e-05
300.72	2.71446e-05
300.74	2.71576e-05
300.76	2.71706e-05
300.78	2.71836e-05
300.8	2.71966e-05
300.82	2.72097e-05
300.84	2.72227e-05
300.86	2.72357e-05
300.88	2.72487e-05
300.9	2.72618e-05
300.92	2.72748e-05
300.94	2.72879e-05
300.96	2.73009e-05
300.98	2.7314e-05
301	2.7327e-05
301.02	2.73401e-05
301.04	2.73532e-05
301.06	2.73662e-05
301.08	2.73793e-05
301.1	2.73924e-05
301.12	2.74055e-05
301.14	2.74186e-05
301.16	2.74317e-05
301.18	2.74448e-05
301.2	2.74579e-05
301.22	2.74711e-05
301.24	2.74842e-05
301.26	2.74973e-05
301.28	2.75105e-05
301.3	2.75236e-05
301.32	2.75368e-05
301.34	2.75499e-05
301.36	2.75631e-05
301.38	2.75763e-05
301.4	2.75895e-05
301.42	2.76027e-05
301.44	2.76159e-05
301.46	2.76291e-05
301.48	2.76424e-05
301.5	2.76556e-05
301.52	2.76688e-05
301.54	2.76821e-05
301.56	2.76954e-05
301.58	2.77086e-05
301.6	2.77219e-05
301.62	2.77352e-05
301.64	2.77485e-05
301.66	2.77618e-05
301.68	2.77752e-05
301.7	2.77885e-05
301.72	2.78019e-05
301.74	2.78152e-05
301.76	2.78286e-05
301.78	2.7842e-05
301.8	2.78554e-05
301.82	2.78688e-05
301.84	2.78822e-05
301.86	2.78956e-05
301.88	2.79091e-05
301.9	2.79225e-05
301.92	2.7936e-05
301.94	2.79495e-05
301.96	2.79629e-05
301.98	2.79765e-05
302	2.799e-05
302.02	2.80035e-05
302.04	2.80171e-05
302.06	2.80306e-05
302.08	2.80442e-05
302.1	2.80578e-05
302.12	2.80714e-05
302.14	2.8085e-05
302.16	2.80987e-05
302.18	2.81123e-05
302.2	2.8126e-05
302.22	2.81397e-05
302.24	2.81534e-05
302.26	2.81671e-05
302.28	2.81808e-05
302.3	2.81945e-05
302.32	2.82083e-05
302.34	2.82221e-05
302.36	2.82359e-05
302.38	2.82497e-05
302.4	2.82635e-05
302.42	2.82774e-05
302.44	2.82912e-05
302.46	2.83051e-05
302.48	2.8319e-05
302.5	2.8333e-05
302.52	2.83469e-05
302.54	2.83609e-05
302.56	2.83748e-05
302.58	2.83888e-05
302.6	2.84029e-05
302.62	2.84169e-05
302.64	2.84309e-05
302.66	2.8445e-05
302.68	2.84591e-05
302.7	2.84732e-05
302.72	2.84874e-05
302.74	2.85015e-05
302.76	2.85157e-05
302.78	2.85299e-05
302.8	2.85442e-05
302.82	2.85584e-05
302.84	2.85727e-05
302.86	2.8587e-05
302.88	2.86013e-05
302.9	2.86156e-05
302.92	2.863e-05
302.94	2.86444e-05
302.96	2.86588e-05
302.98	2.86732e-05
303	2.86876e-05
303.02	2.87021e-05
303.04	2.87166e-05
303.06	2.87312e-05
303.08	2.87457e-05
303.1	2.87603e-05
303.12	2.87749e-05
303.14	2.87895e-05
303.16	2.88042e-05
303.18	2.88189e-05
303.2	2.88336e-05
303.22	2.88483e-05
303.24	2.88631e-05
303.26	2.88779e-05
303.28	2.88927e-05
303.3	2.89075e-05
303.32	2.89224e-05
303.34	2.89373e-05
303.36	2.89522e-05
303.38	2.89672e-05
303.4	2.89822e-05
303.42	2.89972e-05
303.44	2.90123e-05
303.46	2.90273e-05
303.48	2.90424e-05
303.5	2.90576e-05
303.52	2.90728e-05
303.54	2.9088e-05
303.56	2.91032e-05
303.58	2.91185e-05
303.6	2.91338e-05
303.62	2.91491e-05
303.64	2.91645e-05
303.66	2.91799e-05
303.68	2.91953e-05
303.7	2.92108e-05
303.72	2.92263e-05
303.74	2.92418e-05
303.76	2.92574e-05
303.78	2.9273e-05
303.8	2.92886e-05
303.82	2.93043e-05
303.84	2.932e-05
303.86	2.93357e-05
303.88	2.93515e-05
303.9	2.93673e-05
303.92	2.93832e-05
303.94	2.93991e-05
303.96	2.9415e-05
303.98	2.9431e-05
304	2.9447e-05
304.02	2.94631e-05
304.04	2.94792e-05
304.06	2.94953e-05
304.08	2.95115e-05
304.1	2.95277e-05
304.12	2.95439e-05
304.14	2.95602e-05
304.16	2.95766e-05
304.18	2.95929e-05
304.2	2.96094e-05
304.22	2.96258e-05
304.24	2.96423e-05
304.26	2.96589e-05
304.28	2.96755e-05
304.3	2.96921e-05
304.32	2.97088e-05
304.34	2.97256e-05
304.36	2.97423e-05
304.38	2.97592e-05
304.4	2.9776e-05
304.42	2.9793e-05
304.44	2.98099e-05
304.46	2.98269e-05
304.48	2.9844e-05
304.5	2.98611e-05
304.52	2.98783e-05
304.54	2.98955e-05
304.56	2.99128e-05
304.58	2.99301e-05
304.6	2.99475e-05
304.62	2.99649e-05
304.64	2.99824e-05
304.66	2.99999e-05
304.68	3.00175e-05
304.7	3.00351e-05
304.72	3.00528e-05
304.74	3.00706e-05
304.76	3.00884e-05
304.78	3.01062e-05
304.8	3.01242e-05
304.82	3.01421e-05
304.84	3.01602e-05
304.86	3.01783e-05
304.88	3.01964e-05
304.9	3.02146e-05
304.92	3.02329e-05
304.94	3.02512e-05
304.96	3.02696e-05
304.98	3.02881e-05
305	3.03066e-05
305.02	3.03252e-05
305.04	3.03439e-05
305.06	3.03626e-05
305.08	3.03814e-05
305.1	3.04002e-05
305.12	3.04192e-05
305.14	3.04382e-05
305.16	3.04572e-05
305.18	3.04763e-05
305.2	3.04955e-05
305.22	3.05148e-05
305.24	3.05342e-05
305.26	3.05536e-05
305.28	3.05731e-05
305.3	3.05926e-05
305.32	3.06123e-05
305.34	3.0632e-05
305.36	3.06518e-05
305.38	3.06717e-05
305.4	3.06916e-05
305.42	3.07116e-05
305.44	3.07318e-05
305.46	3.07519e-05
305.48	3.07722e-05
305.5	3.07926e-05
305.52	3.0813e-05
305.54	3.08336e-05
305.56	3.08542e-05
305.58	3.08749e-05
305.6	3.08957e-05
305.62	3.09166e-05
305.64	3.09375e-05
305.66	3.09586e-05
305.68	3.09798e-05
305.7	3.1001e-05
305.72	3.10224e-05
305.74	3.10438e-05
305.76	3.10653e-05
305.78	3.1087e-05
305.8	3.11087e-05
305.82	3.11306e-05
305.84	3.11525e-05
305.86	3.11746e-05
305.88	3.11967e-05
305.9	3.1219e-05
305.92	3.12414e-05
305.94	3.12639e-05
305.96	3.12864e-05
305.98	3.13092e-05
306	3.1332e-05
306.02	3.13549e-05
306.04	3.1378e-05
306.06	3.14011e-05
306.08	3.14244e-05
306.1	3.14478e-05
306.12	3.14714e-05
306.14	3.14951e-05
306.16	3.15188e-05
306.18	3.15428e-05
306.2	3.15668e-05
306.22	3.1591e-05
306.24	3.16153e-05
306.26	3.16398e-05
306.28	3.16644e-05
306.3	3.16892e-05
306.32	3.1714e-05
306.34	3.17391e-05
306.36	3.17643e-05
306.38	3.17896e-05
306.4	3.18151e-05
306.42	3.18407e-05
306.44	3.18665e-05
306.46	3.18925e-05
306.48	3.19186e-05
306.5	3.19449e-05
306.52	3.19714e-05
306.54	3.1998e-05
306.56	3.20248e-05
306.58	3.20518e-05
306.6	3.20789e-05
306.62	3.21063e-05
306.64	3.21338e-05
306.66	3.21615e-05
306.68	3.21895e-05
306.7	3.22176e-05
306.72	3.22459e-05
306.74	3.22744e-05
306.76	3.23032e-05
306.78	3.23321e-05
306.8	3.23613e-05
306.82	3.23907e-05
306.84	3.24203e-05
306.86	3.24501e-05
306.88	3.24802e-05
306.9	3.25105e-05
306.92	3.25411e-05
306.94	3.25719e-05
306.96	3.26029e-05
306.98	3.26343e-05
307	3.26659e-05
307.02	3.26977e-05
307.04	3.27299e-05
307.06	3.27623e-05
307.08	3.2795e-05
307.1	3.2828e-05
307.12	3.28614e-05
307.14	3.2895e-05
307.16	3.2929e-05
307.18	3.29633e-05
307.2	3.29979e-05
307.22	3.30329e-05
307.24	3.30682e-05
307.26	3.31039e-05
307.28	3.31399e-05
307.3	3.31764e-05
307.32	3.32132e-05
307.34	3.32504e-05
307.36	3.32881e-05
307.38	3.33262e-05
307.4	3.33647e-05
307.42	3.34037e-05
307.44	3.34431e-05
307.46	3.34831e-05
307.48	3.35235e-05
307.5	3.35644e-05
307.52	3.36059e-05
307.54	3.36479e-05
307.56	3.36905e-05
307.58	3.37337e-05
307.6	3.37775e-05
307.62	3.38219e-05
307.64	3.3867e-05
307.66	3.39127e-05
307.68	3.39591e-05
307.7	3.40063e-05
307.72	3.40542e-05
307.74	3.4103e-05
307.76	3.41525e-05
307.78	3.42029e-05
307.8	3.42542e-05
307.82	3.43064e-05
307.84	3.43597e-05
307.86	3.44139e-05
307.88	3.44692e-05
307.9	3.45257e-05
307.92	3.45833e-05
307.94	3.46422e-05
307.96	3.47024e-05
307.98	3.4764e-05
308	3.48271e-05
308.02	3.48917e-05
308.04	3.4958e-05
308.06	3.50261e-05
308.08	3.5096e-05
308.1	3.5168e-05
308.12	3.5242e-05
308.14	3.53184e-05
308.16	3.53972e-05
308.18	3.54787e-05
308.2	3.55631e-05
308.22	3.56506e-05
308.24	3.57415e-05
308.26	3.5836e-05
308.28	3.59347e-05
308.3	3.60377e-05
308.32	3.61457e-05
308.34	3.62592e-05
308.36	3.63787e-05
308.38	3.65051e-05
308.4	3.66391e-05
308.42	3.67819e-05
308.44	3.69347e-05
308.46	3.7099e-05
308.48	3.72768e-05
308.5	3.74703e-05
308.52	3.76825e-05
308.54	3.79174e-05
308.56	3.81799e-05
308.58	3.84768e-05
308.6	3.88174e-05
308.62	3.92147e-05
308.64	3.9688e-05
308.66	4.02666e-05
308.68	4.09981e-05
308.7	4.19641e-05
308.72	4.33182e-05
308.74	4.53829e-05
308.76	4.89373e-05
308.78	5.61496e-05
308.8	7.27851e-05
308.82	0.000106122
308.84	0.000150241
308.86	0.000187108
308.88	0.000208415
308.9	0.000216124
308.92	0.000212369
308.94	0.000196976
308.96	0.000171539
308.98	0.000140496
309	0.000109122
309.02	8.14119e-05
309.04	5.93223e-05
309.06	4.30583e-05
309.08	3.17388e-05
309.1	2.41115e-05
309.12	1.90299e-05
309.14	1.5622e-05
309.16	1.32933e-05
309.18	1.16735e-05
309.2	1.05409e-05
309.22	9.75608e-06
309.24	9.22287e-06
309.26	8.87094e-06
309.28	8.6483e-06
309.3	8.51691e-06
309.32	8.4493e-06
309.34	8.42588e-06
309.36	8.43303e-06
309.38	8.46126e-06
309.4	8.50389e-06
309.42	8.55622e-06
309.44	8.61499e-06
309.46	8.67795e-06
309.48	8.7436e-06
309.5	8.81097e-06
309.52	8.87946e-06
309.54	8.94874e-06
309.56	9.01864e-06
309.58	9.08911e-06
309.6	9.16016e-06
309.62	9.23184e-06
309.64	9.30421e-06
309.66	9.37734e-06
309.68	9.45131e-06
309.7	9.52616e-06
309.72	9.60195e-06
309.74	9.67869e-06
309.76	9.7564e-06
309.78	9.83508e-06
309.8	9.91472e-06
309.82	9.99529e-06
309.84	1.00768e-05
309.86	1.01591e-05
309.88	1.02422e-05
309.9	1.03261e-05
309.92	1.04106e-05
309.94	1.04958e-05
309.96	1.05815e-05
309.98	1.06676e-05
310	1.07542e-05
310.02	1.08411e-05
310.04	1.09282e-05
310.06	1.10154e-05
310.08	1.11028e-05
310.1	1.11901e-05
310.12	1.12774e-05
310.14	1.13645e-05
310.16	1.14515e-05
310.18	1.15381e-05
310.2	1.16245e-05
310.22	1.17104e-05
310.24	1.17958e-05
310.26	1.18807e-05
310.28	1.19651e-05
310.3	1.20488e-05
310.32	1.21319e-05
310.34	1.22142e-05
310.36	1.22958e-05
310.38	1.23766e-05
310.4	1.24566e-05
310.42	1.25358e-05
310.44	1.2614e-05
310.46	1.26914e-05
310.48	1.27679e-05
310.5	1.28434e-05
310.52	1.2918e-05
310.54	1.29916e-05
310.56	1.30643e-05
310.58	1.3136e-05
310.6	1.32068e-05
310.62	1.32765e-05
310.64	1.33453e-05
310.66	1.34132e-05
310.68	1.34801e-05
310.7	1.3546e-05
310.72	1.3611e-05
310.74	1.36751e-05
310.76	1.37382e-05
310.78	1.38005e-05
310.8	1.38618e-05
310.82	1.39223e-05
310.84	1.39819e-05
310.86	1.40407e-05
310.88	1.40987e-05
310.9	1.41558e-05
310.92	1.42122e-05
310.94	1.42679e-05
310.96	1.43228e-05
310.98	1.4377e-05
311	1.44305e-05
311.02	1.44834e-05
311.04	1.45356e-05
311.06	1.45872e-05
311.08	1.46381e-05
311.1	1.46885e-05
311.12	1.47383e-05
311.14	1.47876e-05
311.16	1.48363e-05
311.18	1.48845e-05
311.2	1.49323e-05
311.22	1.49795e-05
311.24	1.50263e-05
311.26	1.50727e-05
311.28	1.51186e-05
311.3	1.51641e-05
311.32	1.52092e-05
311.34	1.52539e-05
311.36	1.52982e-05
311.38	1.53422e-05
311.4	1.53859e-05
311.42	1.54292e-05
311.44	1.54722e-05
311.46	1.55149e-05
311.48	1.55573e-05
311.5	1.55994e-05
311.52	1.56412e-05
311.54	1.56827e-05
311.56	1.5724e-05
311.58	1.57651e-05
311.6	1.58059e-05
311.62	1.58465e-05
311.64	1.58868e-05
311.66	1.59269e-05
311.68	1.59669e-05
311.7	1.60066e-05
311.72	1.60461e-05
311.74	1.60855e-05
311.76	1.61246e-05
311.78	1.61636e-05
311.8	1.62024e-05
311.82	1.6241e-05
311.84	1.62794e-05
311.86	1.63177e-05
311.88	1.63559e-05
311.9	1.63939e-05
311.92	1.64317e-05
311.94	1.64694e-05
311.96	1.6507e-05
311.98	1.65444e-05
312	1.65817e-05
312.02	1.66189e-05
312.04	1.66559e-05
312.06	1.66928e-05
312.08	1.67296e-05
312.1	1.67662e-05
312.12	1.68028e-05
312.14	1.68392e-05
312.16	1.68755e-05
312.18	1.69117e-05
312.2	1.69478e-05
312.22	1.69838e-05
312.24	1.70197e-05
312.26	1.70554e-05
312.28	1.70911e-05
312.3	1.71266e-05
312.32	1.71621e-05
312.34	1.71974e-05
312.36	1.72327e-05
312.38	1.72678e-05
312.4	1.73029e-05
312.42	1.73379e-05
312.44	1.73727e-05
312.46	1.74075e-05
312.48	1.74422e-05
312.5	1.74767e-05
312.52	1.75112e-05
312.54	1.75456e-05
312.56	1.75799e-05
312.58	1.76141e-05
312.6	1.76482e-05
312.62	1.76823e-05
312.64	1.77162e-05
312.66	1.775e-05
312.68	1.77838e-05
312.7	1.78175e-05
312.72	1.7851e-05
312.74	1.78845e-05
312.76	1.79179e-05
312.78	1.79512e-05
312.8	1.79845e-05
312.82	1.80176e-05
312.84	1.80506e-05
312.86	1.80836e-05
312.88	1.81165e-05
312.9	1.81493e-05
312.92	1.8182e-05
312.94	1.82146e-05
312.96	1.82471e-05
312.98	1.82795e-05
313	1.83119e-05
313.02	1.83442e-05
313.04	1.83764e-05
313.06	1.84085e-05
313.08	1.84405e-05
313.1	1.84724e-05
313.12	1.85042e-05
313.14	1.8536e-05
313.16	1.85676e-05
313.18	1.85992e-05
313.2	1.86307e-05
313.22	1.86621e-05
313.24	1.86935e-05
313.26	1.87247e-05
313.28	1.87559e-05
313.3	1.87869e-05
313.32	1.88179e-05
313.34	1.88488e-05
313.36	1.88796e-05
313.38	1.89104e-05
313.4	1.8941e-05
313.42	1.89716e-05
313.44	1.9002e-05
313.46	1.90324e-05
313.48	1.90627e-05
313.5	1.9093e-05
313.52	1.91231e-05
313.54	1.91531e-05
313.56	1.91831e-05
313.58	1.9213e-05
313.6	1.92428e-05
313.62	1.92725e-05
313.64	1.93021e-05
313.66	1.93317e-05
313.68	1.93611e-05
313.7	1.93905e-05
313.72	1.94198e-05
313.74	1.9449e-05
313.76	1.94781e-05
313.78	1.95071e-05
313.8	1.95361e-05
313.82	1.9565e-05
313.84	1.95937e-05
313.86	1.96224e-05
313.88	1.96511e-05
313.9	1.96796e-05
313.92	1.9708e-05
313.94	1.97364e-05
313.96	1.97647e-05
313.98	1.97929e-05
314	1.9821e-05
314.02	1.9849e-05
314.04	1.9877e-05
314.06	1.99049e-05
314.08	1.99326e-05
314.1	1.99604e-05
314.12	1.9988e-05
314.14	2.00155e-05
314.16	2.0043e-05
314.18	2.00703e-05
314.2	2.00976e-05
314.22	2.01249e-05
314.24	2.0152e-05
314.26	2.0179e-05
314.28	2.0206e-05
314.3	2.02329e-05
314.32	2.02597e-05
314.34	2.02864e-05
314.36	2.03131e-05
314.38	2.03396e-05
314.4	2.03661e-05
314.42	2.03925e-05
314.44	2.04189e-05
314.46	2.04451e-05
314.48	2.04713e-05
314.5	2.04974e-05
314.52	2.05234e-05
314.54	2.05493e-05
314.56	2.05752e-05
314.58	2.0601e-05
314.6	2.06267e-05
314.62	2.06523e-05
314.64	2.06778e-05
314.66	2.07033e-05
314.68	2.07287e-05
314.7	2.0754e-05
314.72	2.07792e-05
314.74	2.08044e-05
314.76	2.08295e-05
314.78	2.08545e-05
314.8	2.08794e-05
314.82	2.09043e-05
314.84	2.09291e-05
314.86	2.09538e-05
314.88	2.09784e-05
314.9	2.1003e-05
314.92	2.10274e-05
314.94	2.10519e-05
314.96	2.10762e-05
314.98	2.11005e-05
315	2.11247e-05
315.02	2.11488e-05
315.04	2.11728e-05
315.06	2.11968e-05
315.08	2.12207e-05
315.1	2.12445e-05
315.12	2.12683e-05
315.14	2.1292e-05
315.16	2.13156e-05
315.18	2.13391e-05
315.2	2.13626e-05
315.22	2.1386e-05
315.24	2.14094e-05
315.26	2.14326e-05
315.28	2.14558e-05
315.3	2.14789e-05
315.32	2.1502e-05
315.34	2.1525e-05
315.36	2.15479e-05
315.38	2.15708e-05
315.4	2.15936e-05
315.42	2.16163e-05
315.44	2.16389e-05
315.46	2.16615e-05
315.48	2.1684e-05
315.5	2.17065e-05
315.52	2.17289e-05
315.54	2.17512e-05
315.56	2.17734e-05
315.58	2.17956e-05
315.6	2.18178e-05
315.62	2.18398e-05
315.64	2.18618e-05
315.66	2.18837e-05
315.68	2.19056e-05
315.7	2.19274e-05
315.72	2.19492e-05
315.74	2.19708e-05
315.76	2.19925e-05
315.78	2.2014e-05
315.8	2.20355e-05
315.82	2.20569e-05
315.84	2.20783e-05
315.86	2.20996e-05
315.88	2.21209e-05
315.9	2.2142e-05
315.92	2.21632e-05
315.94	2.21842e-05
315.96	2.22052e-05
315.98	2.22262e-05
316	2.22471e-05
316.02	2.22679e-05
316.04	2.22887e-05
316.06	2.23094e-05
316.08	2.233e-05
316.1	2.23506e-05
316.12	2.23712e-05
316.14	2.23917e-05
316.16	2.24121e-05
316.18	2.24325e-05
316.2	2.24528e-05
316.22	2.2473e-05
316.24	2.24932e-05
316.26	2.25134e-05
316.28	2.25335e-05
316.3	2.25535e-05
316.32	2.25735e-05
316.34	2.25934e-05
316.36	2.26133e-05
316.38	2.26331e-05
316.4	2.26529e-05
316.42	2.26726e-05
316.44	2.26922e-05
316.46	2.27118e-05
316.48	2.27314e-05
316.5	2.27509e-05
316.52	2.27703e-05
316.54	2.27897e-05
316.56	2.2809e-05
316.58	2.28283e-05
316.6	2.28476e-05
316.62	2.28668e-05
316.64	2.28859e-05
316.66	2.2905e-05
316.68	2.2924e-05
316.7	2.2943e-05
316.72	2.2962e-05
316.74	2.29808e-05
316.76	2.29997e-05
316.78	2.30185e-05
316.8	2.30372e-05
316.82	2.30559e-05
316.84	2.30745e-05
316.86	2.30931e-05
316.88	2.31117e-05
316.9	2.31302e-05
316.92	2.31487e-05
316.94	2.31671e-05
316.96	2.31854e-05
316.98	2.32037e-05
317	2.3222e-05
317.02	2.32402e-05
317.04	2.32584e-05
317.06	2.32765e-05
317.08	2.32946e-05
317.1	2.33127e-05
317.12	2.33307e-05
317.14	2.33486e-05
317.16	2.33665e-05
317.18	2.33844e-05
317.2	2.34022e-05
317.22	2.342e-05
317.24	2.34377e-05
317.26	2.34554e-05
317.28	2.34731e-05
317.3	2.34907e-05
317.32	2.35082e-05
317.34	2.35258e-05
317.36	2.35432e-05
317.38	2.35607e-05
317.4	2.35781e-05
317.42	2.35954e-05
317.44	2.36127e-05
317.46	2.363e-05
317.48	2.36473e-05
317.5	2.36645e-05
317.52	2.36816e-05
317.54	2.36987e-05
317.56	2.37158e-05
317.58	2.37328e-05
317.6	2.37498e-05
317.62	2.37668e-05
317.64	2.37837e-05
317.66	2.38006e-05
317.68	2.38174e-05
317.7	2.38342e-05
317.72	2.3851e-05
317.74	2.38677e-05
317.76	2.38844e-05
317.78	2.39011e-05
317.8	2.39177e-05
317.82	2.39343e-05
317.84	2.39508e-05
317.86	2.39673e-05
317.88	2.39838e-05
317.9	2.40002e-05
317.92	2.40167e-05
317.94	2.4033e-05
317.96	2.40493e-05
317.98	2.40656e-05
318	2.40819e-05
318.02	2.40981e-05
318.04	2.41143e-05
318.06	2.41305e-05
318.08	2.41466e-05
318.1	2.41627e-05
318.12	2.41788e-05
318.14	2.41948e-05
318.16	2.42108e-05
318.18	2.42267e-05
318.2	2.42427e-05
318.22	2.42586e-05
318.24	2.42744e-05
318.26	2.42903e-05
318.28	2.43061e-05
318.3	2.43218e-05
318.32	2.43376e-05
318.34	2.43533e-05
318.36	2.43689e-05
318.38	2.43846e-05
318.4	2.44002e-05
318.42	2.44158e-05
318.44	2.44313e-05
318.46	2.44469e-05
318.48	2.44623e-05
318.5	2.44778e-05
318.52	2.44932e-05
318.54	2.45086e-05
318.56	2.4524e-05
318.58	2.45394e-05
318.6	2.45547e-05
318.62	2.457e-05
318.64	2.45852e-05
318.66	2.46005e-05
318.68	2.46157e-05
318.7	2.46309e-05
318.72	2.4646e-05
318.74	2.46611e-05
318.76	2.46762e-05
318.78	2.46913e-05
318.8	2.47063e-05
318.82	2.47214e-05
318.84	2.47363e-05
318.86	2.47513e-05
318.88	2.47662e-05
318.9	2.47812e-05
318.92	2.4796e-05
318.94	2.48109e-05
318.96	2.48257e-05
318.98	2.48405e-05
319	2.48553e-05
319.02	2.48701e-05
319.04	2.48848e-05
319.06	2.48995e-05
319.08	2.49142e-05
319.1	2.49289e-05
319.12	2.49435e-05
319.14	2.49581e-05
319.16	2.49727e-05
319.18	2.49873e-05
319.2	2.50019e-05
319.22	2.50164e-05
319.24	2.50309e-05
319.26	2.50454e-05
319.28	2.50598e-05
319.3	2.50742e-05
319.32	2.50887e-05
319.34	2.5103e-05
319.36	2.51174e-05
319.38	2.51318e-05
319.4	2.51461e-05
319.42	2.51604e-05
319.44	2.51747e-05
319.46	2.51889e-05
319.48	2.52032e-05
319.5	2.52174e-05
319.52	2.52316e-05
319.54	2.52458e-05
319.56	2.526e-05
319.58	2.52741e-05
319.6	2.52882e-05
319.62	2.53023e-05
319.64	2.53164e-05
319.66	2.53305e-05
319.68	2.53445e-05
319.7	2.53586e-05
319.72	2.53726e-05
319.74	2.53866e-05
319.76	2.54005e-05
319.78	2.54145e-05
319.8	2.54284e-05
319.82	2.54423e-05
319.84	2.54562e-05
319.86	2.54701e-05
319.88	2.5484e-05
319.9	2.54979e-05
319.92	2.55117e-05
319.94	2.55255e-05
319.96	2.55393e-05
319.98	2.55531e-05
320	2.55669e-05
320.02	2.55806e-05
320.04	2.55944e-05
320.06	2.56081e-05
320.08	2.56218e-05
320.1	2.56355e-05
320.12	2.56492e-05
320.14	2.56628e-05
320.16	2.56765e-05
320.18	2.56901e-05
320.2	2.57037e-05
320.22	2.57173e-05
320.24	2.57309e-05
320.26	2.57445e-05
320.28	2.57581e-05
320.3	2.57716e-05
320.32	2.57851e-05
320.34	2.57987e-05
320.36	2.58122e-05
320.38	2.58257e-05
320.4	2.58391e-05
320.42	2.58526e-05
320.44	2.58661e-05
320.46	2.58795e-05
320.48	2.5893e-05
320.5	2.59064e-05
320.52	2.59198e-05
320.54	2.59332e-05
320.56	2.59466e-05
320.58	2.59599e-05
320.6	2.59733e-05
320.62	2.59867e-05
320.64	2.6e-05
320.66	2.60133e-05
320.68	2.60267e-05
320.7	2.604e-05
320.72	2.60533e-05
320.74	2.60666e-05
320.76	2.60799e-05
320.78	2.60931e-05
320.8	2.61064e-05
320.82	2.61196e-05
320.84	2.61329e-05
320.86	2.61461e-05
320.88	2.61593e-05
320.9	2.61726e-05
320.92	2.61858e-05
320.94	2.6199e-05
320.96	2.62122e-05
320.98	2.62253e-05
321	2.62385e-05
321.02	2.62517e-05
321.04	2.62648e-05
321.06	2.6278e-05
321.08	2.62911e-05
321.1	2.63043e-05
321.12	2.63174e-05
321.14	2.63305e-05
321.16	2.63437e-05
321.18	2.63568e-05
321.2	2.63699e-05
321.22	2.6383e-05
321.24	2.63961e-05
321.26	2.64091e-05
321.28	2.64222e-05
321.3	2.64353e-05
321.32	2.64484e-05
321.34	2.64614e-05
321.36	2.64745e-05
321.38	2.64875e-05
321.4	2.65006e-05
321.42	2.65136e-05
321.44	2.65267e-05
321.46	2.65397e-05
321.48	2.65527e-05
321.5	2.65658e-05
321.52	2.65788e-05
321.54	2.65918e-05
321.56	2.66048e-05
321.58	2.66178e-05
321.6	2.66308e-05
321.62	2.66438e-05
321.64	2.66568e-05
321.66	2.66698e-05
321.68	2.66828e-05
321.7	2.66958e-05
321.72	2.67088e-05
321.74	2.67218e-05
321.76	2.67348e-05
321.78	2.67478e-05
321.8	2.67608e-05
321.82	2.67737e-05
321.84	2.67867e-05
321.86	2.67997e-05
321.88	2.68127e-05
321.9	2.68257e-05
321.92	2.68386e-05
321.94	2.68516e-05
321.96	2.68646e-05
321.98	2.68775e-05
322	2.68905e-05
322.02	2.69035e-05
322.04	2.69165e-05
322.06	2.69294e-05
322.08	2.69424e-05
322.1	2.69554e-05
322.12	2.69684e-05
322.14	2.69813e-05
322.16	2.69943e-05
322.18	2.70073e-05
322.2	2.70203e-05
322.22	2.70332e-05
322.24	2.70462e-05
322.26	2.70592e-05
322.28	2.70722e-05
322.3	2.70852e-05
322.32	2.70982e-05
322.34	2.71112e-05
322.36	2.71242e-05
322.38	2.71372e-05
322.4	2.71502e-05
322.42	2.71632e-05
322.44	2.71762e-05
322.46	2.71892e-05
322.48	2.72022e-05
322.5	2.72152e-05
322.52	2.72282e-05
322.54	2.72412e-05
322.56	2.72543e-05
322.58	2.72673e-05
322.6	2.72803e-05
322.62	2.72934e-05
322.64	2.73064e-05
322.66	2.73195e-05
322.68	2.73325e-05
322.7	2.73456e-05
322.72	2.73587e-05
322.74	2.73717e-05
322.76	2.73848e-05
322.78	2.73979e-05
322.8	2.7411e-05
322.82	2.74241e-05
322.84	2.74372e-05
322.86	2.74503e-05
322.88	2.74634e-05
322.9	2.74765e-05
322.92	2.74897e-05
322.94	2.75028e-05
322.96	2.75159e-05
322.98	2.75291e-05
323	2.75422e-05
323.02	2.75554e-05
323.04	2.75686e-05
323.06	2.75818e-05
323.08	2.7595e-05
323.1	2.76082e-05
323.12	2.76214e-05
323.14	2.76346e-05
323.16	2.76478e-05
323.18	2.7661e-05
323.2	2.76743e-05
323.22	2.76875e-05
323.24	2.77008e-05
323.26	2.77141e-05
323.28	2.77274e-05
323.3	2.77407e-05
323.32	2.7754e-05
323.34	2.77673e-05
323.36	2.77806e-05
323.38	2.77939e-05
323.4	2.78073e-05
323.42	2.78206e-05
323.44	2.7834e-05
323.46	2.78474e-05
323.48	2.78608e-05
323.5	2.78742e-05
323.52	2.78876e-05
323.54	2.79011e-05
323.56	2.79145e-05
323.58	2.79279e-05
323.6	2.79414e-05
323.62	2.79549e-05
323.64	2.79684e-05
323.66	2.79819e-05
323.68	2.79954e-05
323.7	2.8009e-05
323.72	2.80225e-05
323.74	2.80361e-05
323.76	2.80497e-05
323.78	2.80632e-05
323.8	2.80769e-05
323.82	2.80905e-05
323.84	2.81041e-05
323.86	2.81178e-05
323.88	2.81314e-05
323.9	2.81451e-05
323.92	2.81588e-05
323.94	2.81725e-05
323.96	2.81863e-05
323.98	2.82e-05
324	2.82138e-05
324.02	2.82276e-05
324.04	2.82414e-05
324.06	2.82552e-05
324.08	2.8269e-05
324.1	2.82829e-05
324.12	2.82968e-05
324.14	2.83106e-05
324.16	2.83245e-05
324.18	2.83385e-05
324.2	2.83524e-05
324.22	2.83664e-05
324.24	2.83804e-05
324.26	2.83944e-05
324.28	2.84084e-05
324.3	2.84224e-05
324.32	2.84365e-05
324.34	2.84506e-05
324.36	2.84647e-05
324.38	2.84788e-05
324.4	2.84929e-05
324.42	2.85071e-05
324.44	2.85213e-05
324.46	2.85355e-05
324.48	2.85497e-05
324.5	2.8564e-05
324.52	2.85783e-05
324.54	2.85926e-05
324.56	2.86069e-05
324.58	2.86212e-05
324.6	2.86356e-05
324.62	2.865e-05
324.64	2.86644e-05
324.66	2.86788e-05
324.68	2.86933e-05
324.7	2.87078e-05
324.72	2.87223e-05
324.74	2.87368e-05
324.76	2.87514e-05
324.78	2.8766e-05
324.8	2.87806e-05
324.82	2.87952e-05
324.84	2.88099e-05
324.86	2.88246e-05
324.88	2.88393e-05
324.9	2.88541e-05
324.92	2.88688e-05
324.94	2.88836e-05
324.96	2.88985e-05
324.98	2.89133e-05
325	2.89282e-05
325.02	2.89431e-05
325.04	2.8958e-05
325.06	2.8973e-05
325.08	2.8988e-05
325.1	2.9003e-05
325.12	2.90181e-05
325.14	2.90332e-05
325.16	2.90483e-05
325.18	2.90635e-05
325.2	2.90787e-05
325.22	2.90939e-05
325.24	2.91091e-05
325.26	2.91244e-05
325.28	2.91397e-05
325.3	2.9155e-05
325.32	2.91704e-05
325.34	2.91858e-05
325.36	2.92013e-05
325.38	2.92168e-05
325.4	2.92323e-05
325.42	2.92478e-05
325.44	2.92634e-05
325.46	2.9279e-05
325.48	2.92947e-05
325.5	2.93103e-05
325.52	2.93261e-05
325.54	2.93418e-05
325.56	2.93576e-05
325.58	2.93735e-05
325.6	2.93893e-05
325.62	2.94053e-05
325.64	2.94212e-05
325.66	2.94372e-05
325.68	2.94532e-05
325.7	2.94693e-05
325.72	2.94854e-05
325.74	2.95015e-05
325.76	2.95177e-05
325.78	2.9534e-05
325.8	2.95502e-05
325.82	2.95665e-05
325.84	2.95829e-05
325.86	2.95993e-05
325.88	2.96157e-05
325.9	2.96322e-05
325.92	2.96487e-05
325.94	2.96653e-05
325.96	2.96819e-05
325.98	2.96986e-05
326	2.97153e-05
326.02	2.9732e-05
326.04	2.97488e-05
326.06	2.97657e-05
326.08	2.97826e-05
326.1	2.97995e-05
326.12	2.98165e-05
326.14	2.98335e-05
326.16	2.98506e-05
326.18	2.98678e-05
326.2	2.9885e-05
326.22	2.99022e-05
326.24	2.99195e-05
326.26	2.99368e-05
326.28	2.99542e-05
326.3	2.99717e-05
326.32	2.99892e-05
326.34	3.00067e-05
326.36	3.00243e-05
326.38	3.0042e-05
326.4	3.00597e-05
326.42	3.00775e-05
326.44	3.00953e-05
326.46	3.01132e-05
326.48	3.01311e-05
326.5	3.01491e-05
326.52	3.01672e-05
326.54	3.01853e-05
326.56	3.02035e-05
326.58	3.02217e-05
326.6	3.024e-05
326.62	3.02584e-05
326.64	3.02768e-05
326.66	3.02953e-05
326.68	3.03139e-05
326.7	3.03325e-05
326.72	3.03512e-05
326.74	3.03699e-05
326.76	3.03887e-05
326.78	3.04076e-05
326.8	3.04266e-05
326.82	3.04456e-05
326.84	3.04647e-05
326.86	3.04838e-05
326.88	3.05031e-05
326.9	3.05224e-05
326.92	3.05417e-05
326.94	3.05612e-05
326.96	3.05807e-05
326.98	3.06003e-05
327	3.062e-05
327.02	3.06397e-05
327.04	3.06596e-05
327.06	3.06795e-05
327.08	3.06995e-05
327.1	3.07195e-05
327.12	3.07397e-05
327.14	3.07599e-05
327.16	3.07802e-05
327.18	3.08006e-05
327.2	3.08211e-05
327.22	3.08417e-05
327.24	3.08623e-05
327.26	3.08831e-05
327.28	3.09039e-05
327.3	3.09248e-05
327.32	3.09458e-05
327.34	3.09669e-05
327.36	3.09881e-05
327.38	3.10094e-05
327.4	3.10308e-05
327.42	3.10523e-05
327.44	3.10739e-05
327.46	3.10956e-05
327.48	3.11174e-05
327.5	3.11393e-05
327.52	3.11613e-05
327.54	3.11834e-05
327.56	3.12056e-05
327.58	3.12279e-05
327.6	3.12503e-05
327.62	3.12728e-05
327.64	3.12955e-05
327.66	3.13182e-05
327.68	3.13411e-05
327.7	3.13641e-05
327.72	3.13872e-05
327.74	3.14104e-05
327.76	3.14338e-05
327.78	3.14572e-05
327.8	3.14808e-05
327.82	3.15046e-05
327.84	3.15284e-05
327.86	3.15524e-05
327.88	3.15765e-05
327.9	3.16008e-05
327.92	3.16251e-05
327.94	3.16497e-05
327.96	3.16743e-05
327.98	3.16991e-05
328	3.17241e-05
328.02	3.17492e-05
328.04	3.17744e-05
328.06	3.17998e-05
328.08	3.18254e-05
328.1	3.18511e-05
328.12	3.1877e-05
328.14	3.1903e-05
328.16	3.19292e-05
328.18	3.19556e-05
328.2	3.19821e-05
328.22	3.20088e-05
328.24	3.20357e-05
328.26	3.20628e-05
328.28	3.209e-05
328.3	3.21175e-05
328.32	3.21451e-05
328.34	3.21729e-05
328.36	3.22009e-05
328.38	3.22291e-05
328.4	3.22575e-05
328.42	3.22862e-05
328.44	3.2315e-05
328.46	3.2344e-05
328.48	3.23733e-05
328.5	3.24028e-05
328.52	3.24325e-05
328.54	3.24624e-05
328.56	3.24926e-05
328.58	3.25231e-05
328.6	3.25537e-05
328.62	3.25847e-05
328.64	3.26158e-05
328.66	3.26473e-05
328.68	3.2679e-05
328.7	3.2711e-05
328.72	3.27433e-05
328.74	3.27758e-05
328.76	3.28087e-05
328.78	3.28419e-05
328.8	3.28753e-05
328.82	3.29091e-05
328.84	3.29432e-05
328.86	3.29777e-05
328.88	3.30124e-05
328.9	3.30476e-05
328.92	3.30831e-05
328.94	3.31189e-05
328.96	3.31551e-05
328.98	3.31918e-05
329	3.32288e-05
329.02	3.32662e-05
329.04	3.33041e-05
329.06	3.33424e-05
329.08	3.33811e-05
329.1	3.34203e-05
329.12	3.346e-05
329.14	3.35001e-05
329.16	3.35408e-05
329.18	3.3582e-05
329.2	3.36237e-05
329.22	3.3666e-05
329.24	3.37088e-05
329.26	3.37523e-05
329.28	3.37963e-05
329.3	3.3841e-05
329.32	3.38864e-05
329.34	3.39325e-05
329.36	3.39792e-05
329.38	3.40267e-05
329.4	3.4075e-05
329.42	3.41241e-05
329.44	3.41741e-05
329.46	3.42249e-05
329.48	3.42766e-05
329.5	3.43293e-05
329.52	3.4383e-05
329.54	3.44377e-05
329.56	3.44935e-05
329.58	3.45505e-05
329.6	3.46087e-05
329.62	3.46682e-05
329.64	3.4729e-05
329.66	3.47913e-05
329.68	3.48551e-05
329.7	3.49205e-05
329.72	3.49876e-05
329.74	3.50565e-05
329.76	3.51273e-05
329.78	3.52002e-05
329.8	3.52753e-05
329.82	3.53528e-05
329.84	3.54328e-05
329.86	3.55156e-05
329.88	3.56014e-05
329.9	3.56904e-05
329.92	3.57829e-05
329.94	3.58793e-05
329.96	3.59799e-05
329.98	3.60851e-05
330	3.61956e-05
330.02	3.63117e-05
330.04	3.64343e-05
330.06	3.6564e-05
330.08	3.67019e-05
330.1	3.68491e-05
330.12	3.7007e-05
330.14	3.71771e-05
330.16	3.73618e-05
330.18	3.75634e-05
330.2	3.77855e-05
330.22	3.80323e-05
330.24	3.83095e-05
330.26	3.8625e-05
330.28	3.89895e-05
330.3	3.94187e-05
330.32	3.99356e-05
330.34	4.05766e-05
330.36	4.14019e-05
330.38	4.25193e-05
330.4	4.41408e-05
330.42	4.67399e-05
330.44	5.15428e-05
330.46	6.20488e-05
330.48	8.58169e-05
330.5	0.000126001
330.52	0.000168791
330.54	0.00019869
330.56	0.000213313
330.58	0.000215719
330.6	0.000206636
330.62	0.000186254
330.64	0.000157602
330.66	0.000125808
330.68	9.57508e-05
330.7	7.05025e-05
330.72	5.11483e-05
330.74	3.73035e-05
330.76	2.78371e-05
330.78	2.15074e-05
330.8	1.72862e-05
330.82	1.44338e-05
330.84	1.24668e-05
330.86	1.10927e-05
330.88	1.01344e-05
330.9	9.47563e-06
330.92	9.03341e-06
330.94	8.74653e-06
330.96	8.56991e-06
330.98	8.47074e-06
331	8.42548e-06
331.02	8.41755e-06
331.04	8.43542e-06
331.06	8.471e-06
331.08	8.51861e-06
331.1	8.57427e-06
331.12	8.63522e-06
331.14	8.69959e-06
331.16	8.76615e-06
331.18	8.83411e-06
331.2	8.90302e-06
331.22	8.97261e-06
331.24	9.0428e-06
331.26	9.11355e-06
331.28	9.18489e-06
331.3	9.2569e-06
331.32	9.32963e-06
331.34	9.40315e-06
331.36	9.47754e-06
331.38	9.55283e-06
331.4	9.62906e-06
331.42	9.70626e-06
331.44	9.78443e-06
331.46	9.86357e-06
331.48	9.94365e-06
331.5	1.00246e-05
331.52	1.01065e-05
331.54	1.01892e-05
331.56	1.02727e-05
331.58	1.03569e-05
331.6	1.04418e-05
331.62	1.05272e-05
331.64	1.06131e-05
331.66	1.06995e-05
331.68	1.07862e-05
331.7	1.08732e-05
331.72	1.09604e-05
331.74	1.10477e-05
331.76	1.11351e-05
331.78	1.12224e-05
331.8	1.13097e-05
331.82	1.13967e-05
331.84	1.14836e-05
331.86	1.15701e-05
331.88	1.16562e-05
331.9	1.17419e-05
331.92	1.18272e-05
331.94	1.19119e-05
331.96	1.1996e-05
331.98	1.20794e-05
332	1.21622e-05
332.02	1.22442e-05
332.04	1.23254e-05
332.06	1.24059e-05
332.08	1.24855e-05
332.1	1.25643e-05
332.12	1.26422e-05
332.14	1.27192e-05
332.16	1.27952e-05
332.18	1.28703e-05
332.2	1.29445e-05
332.22	1.30177e-05
332.24	1.309e-05
332.26	1.31613e-05
332.28	1.32316e-05
332.3	1.3301e-05
332.32	1.33694e-05
332.34	1.34368e-05
332.36	1.35033e-05
332.38	1.35688e-05
332.4	1.36334e-05
332.42	1.36971e-05
332.44	1.37599e-05
332.46	1.38218e-05
332.48	1.38827e-05
332.5	1.39428e-05
332.52	1.40021e-05
332.54	1.40605e-05
332.56	1.41182e-05
332.58	1.4175e-05
332.6	1.42311e-05
332.62	1.42864e-05
332.64	1.4341e-05
332.66	1.4395e-05
332.68	1.44482e-05
332.7	1.45008e-05
332.72	1.45527e-05
332.74	1.46041e-05
332.76	1.46548e-05
332.78	1.47049e-05
332.8	1.47545e-05
332.82	1.48036e-05
332.84	1.48521e-05
332.86	1.49001e-05
332.88	1.49477e-05
332.9	1.49947e-05
332.92	1.50413e-05
332.94	1.50875e-05
332.96	1.51333e-05
332.98	1.51786e-05
333	1.52236e-05
333.02	1.52681e-05
333.04	1.53124e-05
333.06	1.53562e-05
333.08	1.53997e-05
333.1	1.54429e-05
333.12	1.54858e-05
333.14	1.55284e-05
333.16	1.55707e-05
333.18	1.56127e-05
333.2	1.56544e-05
333.22	1.56958e-05
333.24	1.57371e-05
333.26	1.5778e-05
333.28	1.58187e-05
333.3	1.58592e-05
333.32	1.58995e-05
333.34	1.59396e-05
333.36	1.59794e-05
333.38	1.60191e-05
333.4	1.60585e-05
333.42	1.60978e-05
333.44	1.61369e-05
333.46	1.61758e-05
333.48	1.62145e-05
333.5	1.62531e-05
333.52	1.62915e-05
333.54	1.63298e-05
333.56	1.63679e-05
333.58	1.64058e-05
333.6	1.64436e-05
333.62	1.64813e-05
333.64	1.65188e-05
333.66	1.65562e-05
333.68	1.65934e-05
333.7	1.66306e-05
333.72	1.66675e-05
333.74	1.67044e-05
333.76	1.67412e-05
333.78	1.67778e-05
333.8	1.68143e-05
333.82	1.68507e-05
333.84	1.6887e-05
333.86	1.69231e-05
333.88	1.69592e-05
333.9	1.69951e-05
333.92	1.7031e-05
333.94	1.70667e-05
333.96	1.71023e-05
333.98	1.71379e-05
334	1.71733e-05
334.02	1.72086e-05
334.04	1.72438e-05
334.06	1.7279e-05
334.08	1.7314e-05
334.1	1.73489e-05
334.12	1.73838e-05
334.14	1.74185e-05
334.16	1.74531e-05
334.18	1.74877e-05
334.2	1.75222e-05
334.22	1.75565e-05
334.24	1.75908e-05
334.26	1.7625e-05
334.28	1.76591e-05
334.3	1.76931e-05
334.32	1.7727e-05
334.34	1.77608e-05
334.36	1.77945e-05
334.38	1.78282e-05
334.4	1.78617e-05
334.42	1.78952e-05
334.44	1.79286e-05
334.46	1.79618e-05
334.48	1.7995e-05
334.5	1.80281e-05
334.52	1.80612e-05
334.54	1.80941e-05
334.56	1.8127e-05
334.58	1.81597e-05
334.6	1.81924e-05
334.62	1.8225e-05
334.64	1.82575e-05
334.66	1.82899e-05
334.68	1.83222e-05
334.7	1.83545e-05
334.72	1.83866e-05
334.74	1.84187e-05
334.76	1.84507e-05
334.78	1.84826e-05
334.8	1.85144e-05
334.82	1.85461e-05
334.84	1.85778e-05
334.86	1.86093e-05
334.88	1.86408e-05
334.9	1.86722e-05
334.92	1.87035e-05
334.94	1.87347e-05
334.96	1.87658e-05
334.98	1.87969e-05
335	1.88278e-05
335.02	1.88587e-05
335.04	1.88895e-05
335.06	1.89202e-05
335.08	1.89508e-05
335.1	1.89814e-05
335.12	1.90118e-05
335.14	1.90422e-05
335.16	1.90725e-05
335.18	1.91027e-05
335.2	1.91328e-05
335.22	1.91628e-05
335.24	1.91927e-05
335.26	1.92226e-05
335.28	1.92524e-05
335.3	1.9282e-05
335.32	1.93117e-05
335.34	1.93412e-05
335.36	1.93706e-05
335.38	1.93999e-05
335.4	1.94292e-05
335.42	1.94584e-05
335.44	1.94875e-05
335.46	1.95165e-05
335.48	1.95454e-05
335.5	1.95743e-05
335.52	1.9603e-05
335.54	1.96317e-05
335.56	1.96603e-05
335.58	1.96888e-05
335.6	1.97172e-05
335.62	1.97456e-05
335.64	1.97738e-05
335.66	1.9802e-05
335.68	1.98301e-05
335.7	1.98581e-05
335.72	1.9886e-05
335.74	1.99139e-05
335.76	1.99417e-05
335.78	1.99693e-05
335.8	1.99969e-05
335.82	2.00245e-05
335.84	2.00519e-05
335.86	2.00792e-05
335.88	2.01065e-05
335.9	2.01337e-05
335.92	2.01608e-05
335.94	2.01878e-05
335.96	2.02148e-05
335.98	2.02417e-05
336	2.02684e-05
336.02	2.02951e-05
336.04	2.03218e-05
336.06	2.03483e-05
336.08	2.03748e-05
336.1	2.04012e-05
336.12	2.04275e-05
336.14	2.04537e-05
336.16	2.04798e-05
336.18	2.05059e-05
336.2	2.05319e-05
336.22	2.05578e-05
336.24	2.05837e-05
336.26	2.06094e-05
336.28	2.06351e-05
336.3	2.06607e-05
336.32	2.06862e-05
336.34	2.07117e-05
336.36	2.0737e-05
336.38	2.07623e-05
336.4	2.07875e-05
336.42	2.08127e-05
336.44	2.08377e-05
336.46	2.08627e-05
336.48	2.08876e-05
336.5	2.09125e-05
336.52	2.09373e-05
336.54	2.09619e-05
336.56	2.09866e-05
336.58	2.10111e-05
336.6	2.10356e-05
336.62	2.106e-05
336.64	2.10843e-05
336.66	2.11085e-05
336.68	2.11327e-05
336.7	2.11568e-05
336.72	2.11808e-05
336.74	2.12048e-05
336.76	2.12287e-05
336.78	2.12525e-05
336.8	2.12762e-05
336.82	2.12999e-05
336.84	2.13235e-05
336.86	2.1347e-05
336.88	2.13705e-05
336.9	2.13938e-05
336.92	2.14172e-05
336.94	2.14404e-05
336.96	2.14636e-05
336.98	2.14867e-05
337	2.15097e-05
337.02	2.15327e-05
337.04	2.15556e-05
337.06	2.15785e-05
337.08	2.16012e-05
337.1	2.16239e-05
337.12	2.16466e-05
337.14	2.16691e-05
337.16	2.16916e-05
337.18	2.17141e-05
337.2	2.17364e-05
337.22	2.17588e-05
337.24	2.1781e-05
337.26	2.18032e-05
337.28	2.18253e-05
337.3	2.18473e-05
337.32	2.18693e-05
337.34	2.18912e-05
337.36	2.19131e-05
337.38	2.19349e-05
337.4	2.19566e-05
337.42	2.19783e-05
337.44	2.19999e-05
337.46	2.20214e-05
337.48	2.20429e-05
337.5	2.20643e-05
337.52	2.20856e-05
337.54	2.21069e-05
337.56	2.21282e-05
337.58	2.21493e-05
337.6	2.21704e-05
337.62	2.21915e-05
337.64	2.22125e-05
337.66	2.22334e-05
337.68	2.22543e-05
337.7	2.22751e-05
337.72	2.22959e-05
337.74	2.23166e-05
337.76	2.23372e-05
337.78	2.23578e-05
337.8	2.23783e-05
337.82	2.23988e-05
337.84	2.24192e-05
337.86	2.24396e-05
337.88	2.24599e-05
337.9	2.24801e-05
337.92	2.25003e-05
337.94	2.25204e-05
337.96	2.25405e-05
337.98	2.25605e-05
338	2.25805e-05
338.02	2.26004e-05
338.04	2.26203e-05
338.06	2.26401e-05
338.08	2.26598e-05
338.1	2.26795e-05
338.12	2.26992e-05
338.14	2.27188e-05
338.16	2.27383e-05
338.18	2.27578e-05
338.2	2.27772e-05
338.22	2.27966e-05
338.24	2.28159e-05
338.26	2.28352e-05
338.28	2.28545e-05
338.3	2.28736e-05
338.32	2.28928e-05
338.34	2.29118e-05
338.36	2.29309e-05
338.38	2.29498e-05
338.4	2.29688e-05
338.42	2.29876e-05
338.44	2.30065e-05
338.46	2.30253e-05
338.48	2.3044e-05
338.5	2.30627e-05
338.52	2.30813e-05
338.54	2.30999e-05
338.56	2.31184e-05
338.58	2.31369e-05
338.6	2.31554e-05
338.62	2.31738e-05
338.64	2.31921e-05
338.66	2.32104e-05
338.68	2.32287e-05
338.7	2.32469e-05
338.72	2.32651e-05
338.74	2.32832e-05
338.76	2.33013e-05
338.78	2.33193e-05
338.8	2.33373e-05
338.82	2.33552e-05
338.84	2.33731e-05
338.86	2.3391e-05
338.88	2.34088e-05
338.9	2.34266e-05
338.92	2.34443e-05
338.94	2.3462e-05
338.96	2.34796e-05
338.98	2.34972e-05
339	2.35148e-05
339.02	2.35323e-05
339.04	2.35498e-05
339.06	2.35672e-05
339.08	2.35846e-05
339.1	2.3602e-05
339.12	2.36193e-05
339.14	2.36365e-05
339.16	2.36538e-05
339.18	2.3671e-05
339.2	2.36881e-05
339.22	2.37052e-05
339.24	2.37223e-05
339.26	2.37393e-05
339.28	2.37563e-05
339.3	2.37733e-05
339.32	2.37902e-05
339.34	2.3807e-05
339.36	2.38239e-05
339.38	2.38407e-05
339.4	2.38574e-05
339.42	2.38742e-05
339.44	2.38909e-05
339.46	2.39075e-05
339.48	2.39241e-05
339.5	2.39407e-05
339.52	2.39572e-05
339.54	2.39737e-05
339.56	2.39902e-05
339.58	2.40066e-05
339.6	2.4023e-05
339.62	2.40394e-05
339.64	2.40557e-05
339.66	2.4072e-05
339.68	2.40883e-05
339.7	2.41045e-05
339.72	2.41207e-05
339.74	2.41368e-05
339.76	2.4153e-05
339.78	2.41691e-05
339.8	2.41851e-05
339.82	2.42011e-05
339.84	2.42171e-05
339.86	2.42331e-05
339.88	2.4249e-05
339.9	2.42649e-05
339.92	2.42807e-05
339.94	2.42966e-05
339.96	2.43124e-05
339.98	2.43281e-05
340	2.43439e-05
340.02	2.43596e-05
340.04	2.43752e-05
340.06	2.43909e-05
340.08	2.44065e-05
340.1	2.44221e-05
340.12	2.44376e-05
340.14	2.44531e-05
340.16	2.44686e-05
340.18	2.44841e-05
340.2	2.44995e-05
340.22	2.45149e-05
340.24	2.45303e-05
340.26	2.45456e-05
340.28	2.4561e-05
340.3	2.45762e-05
340.32	2.45915e-05
340.34	2.46067e-05
340.36	2.46219e-05
340.38	2.46371e-05
340.4	2.46523e-05
340.42	2.46674e-05
340.44	2.46825e-05
340.46	2.46975e-05
340.48	2.47126e-05
340.5	2.47276e-05
340.52	2.47426e-05
340.54	2.47575e-05
340.56	2.47725e-05
340.58	2.47874e-05
340.6	2.48023e-05
340.62	2.48171e-05
340.64	2.4832e-05
340.66	2.48468e-05
340.68	2.48616e-05
340.7	2.48763e-05
340.72	2.48911e-05
340.74	2.49058e-05
340.76	2.49205e-05
340.78	2.49351e-05
340.8	2.49498e-05
340.82	2.49644e-05
340.84	2.4979e-05
340.86	2.49935e-05
340.88	2.50081e-05
340.9	2.50226e-05
340.92	2.50371e-05
340.94	2.50516e-05
340.96	2.5066e-05
340.98	2.50805e-05
341	2.50949e-05
341.02	2.51093e-05
341.04	2.51236e-05
341.06	2.5138e-05
341.08	2.51523e-05
341.1	2.51666e-05
341.12	2.51809e-05
341.14	2.51952e-05
341.16	2.52094e-05
341.18	2.52236e-05
341.2	2.52378e-05
341.22	2.5252e-05
341.24	2.52662e-05
341.26	2.52803e-05
341.28	2.52945e-05
341.3	2.53086e-05
341.32	2.53227e-05
341.34	2.53367e-05
341.36	2.53508e-05
341.38	2.53648e-05
341.4	2.53788e-05
341.42	2.53928e-05
341.44	2.54068e-05
341.46	2.54207e-05
341.48	2.54347e-05
341.5	2.54486e-05
341.52	2.54625e-05
341.54	2.54764e-05
341.56	2.54903e-05
341.58	2.55041e-05
341.6	2.5518e-05
341.62	2.55318e-05
341.64	2.55456e-05
341.66	2.55594e-05
341.68	2.55731e-05
341.7	2.55869e-05
341.72	2.56006e-05
341.74	2.56144e-05
341.76	2.56281e-05
341.78	2.56418e-05
341.8	2.56555e-05
341.82	2.56691e-05
341.84	2.56828e-05
341.86	2.56964e-05
341.88	2.571e-05
341.9	2.57236e-05
341.92	2.57372e-05
341.94	2.57508e-05
341.96	2.57644e-05
341.98	2.57779e-05
342	2.57915e-05
342.02	2.5805e-05
342.04	2.58185e-05
342.06	2.5832e-05
342.08	2.58455e-05
342.1	2.5859e-05
342.12	2.58724e-05
342.14	2.58859e-05
342.16	2.58993e-05
342.18	2.59127e-05
342.2	2.59262e-05
342.22	2.59396e-05
342.24	2.59529e-05
342.26	2.59663e-05
342.28	2.59797e-05
342.3	2.59931e-05
342.32	2.60064e-05
342.34	2.60197e-05
342.36	2.60331e-05
342.38	2.60464e-05
342.4	2.60597e-05
342.42	2.6073e-05
342.44	2.60863e-05
342.46	2.60996e-05
342.48	2.61128e-05
342.5	2.61261e-05
342.52	2.61393e-05
342.54	2.61526e-05
342.56	2.61658e-05
342.58	2.6179e-05
342.6	2.61922e-05
342.62	2.62054e-05
342.64	2.62186e-05
342.66	2.62318e-05
342.68	2.6245e-05
342.7	2.62582e-05
342.72	2.62713e-05
342.74	2.62845e-05
342.76	2.62977e-05
342.78	2.63108e-05
342.8	2.63239e-05
342.82	2.63371e-05
342.84	2.63502e-05
342.86	2.63633e-05
342.88	2.63764e-05
342.9	2.63895e-05
342.92	2.64026e-05
342.94	2.64157e-05
342.96	2.64288e-05
342.98	2.64419e-05
343	2.6455e-05
343.02	2.6468e-05
343.04	2.64811e-05
343.06	2.64942e-05
343.08	2.65072e-05
343.1	2.65203e-05
343.12	2.65333e-05
343.14	2.65464e-05
343.16	2.65594e-05
343.18	2.65724e-05
343.2	2.65855e-05
343.22	2.65985e-05
343.24	2.66115e-05
343.26	2.66245e-05
343.28	2.66375e-05
343.3	2.66506e-05
343.32	2.66636e-05
343.34	2.66766e-05
343.36	2.66896e-05
343.38	2.67026e-05
343.4	2.67156e-05
343.42	2.67286e-05
343.44	2.67416e-05
343.46	2.67546e-05
343.48	2.67676e-05
343.5	2.67805e-05
343.52	2.67935e-05
343.54	2.68065e-05
343.56	2.68195e-05
343.58	2.68325e-05
343.6	2.68455e-05
343.62	2.68585e-05
343.64	2.68714e-05
343.66	2.68844e-05
343.68	2.68974e-05
343.7	2.69104e-05
343.72	2.69234e-05
343.74	2.69364e-05
343.76	2.69493e-05
343.78	2.69623e-05
343.8	2.69753e-05
343.82	2.69883e-05
343.84	2.70013e-05
343.86	2.70143e-05
343.88	2.70273e-05
343.9	2.70402e-05
343.92	2.70532e-05
343.94	2.70662e-05
343.96	2.70792e-05
343.98	2.70922e-05
344	2.71052e-05
344.02	2.71182e-05
344.04	2.71312e-05
344.06	2.71442e-05
344.08	2.71573e-05
344.1	2.71703e-05
344.12	2.71833e-05
344.14	2.71963e-05
344.16	2.72093e-05
344.18	2.72224e-05
344.2	2.72354e-05
344.22	2.72484e-05
344.24	2.72615e-05
344.26	2.72745e-05
344.28	2.72876e-05
344.3	2.73006e-05
344.32	2.73137e-05
344.34	2.73267e-05
344.36	2.73398e-05
344.38	2.73529e-05
344.4	2.7366e-05
344.42	2.7379e-05
344.44	2.73921e-05
344.46	2.74052e-05
344.48	2.74183e-05
344.5	2.74314e-05
344.52	2.74446e-05
344.54	2.74577e-05
344.56	2.74708e-05
344.58	2.74839e-05
344.6	2.74971e-05
344.62	2.75102e-05
344.64	2.75234e-05
344.66	2.75366e-05
344.68	2.75497e-05
344.7	2.75629e-05
344.72	2.75761e-05
344.74	2.75893e-05
344.76	2.76025e-05
344.78	2.76157e-05
344.8	2.76289e-05
344.82	2.76422e-05
344.84	2.76554e-05
344.86	2.76687e-05
344.88	2.76819e-05
344.9	2.76952e-05
344.92	2.77085e-05
344.94	2.77218e-05
344.96	2.77351e-05
344.98	2.77484e-05
345	2.77617e-05
345.02	2.7775e-05
345.04	2.77884e-05
345.06	2.78017e-05
345.08	2.78151e-05
345.1	2.78285e-05
345.12	2.78418e-05
345.14	2.78552e-05
345.16	2.78687e-05
345.18	2.78821e-05
345.2	2.78955e-05
345.22	2.7909e-05
345.24	2.79224e-05
345.26	2.79359e-05
345.28	2.79494e-05
345.3	2.79629e-05
345.32	2.79764e-05
345.34	2.79899e-05
345.36	2.80035e-05
345.38	2.8017e-05
345.4	2.80306e-05
345.42	2.80442e-05
345.44	2.80578e-05
345.46	2.80714e-05
345.48	2.8085e-05
345.5	2.80986e-05
345.52	2.81123e-05
345.54	2.8126e-05
345.56	2.81397e-05
345.58	2.81534e-05
345.6	2.81671e-05
345.62	2.81808e-05
345.64	2.81946e-05
345.66	2.82083e-05
345.68	2.82221e-05
345.7	2.82359e-05
345.72	2.82498e-05
345.74	2.82636e-05
345.76	2.82775e-05
345.78	2.82913e-05
345.8	2.83052e-05
345.82	2.83191e-05
345.84	2.83331e-05
345.86	2.8347e-05
345.88	2.8361e-05
345.9	2.8375e-05
345.92	2.8389e-05
345.94	2.8403e-05
345.96	2.8417e-05
345.98	2.84311e-05
346	2.84452e-05
346.02	2.84593e-05
346.04	2.84734e-05
346.06	2.84876e-05
346.08	2.85017e-05
346.1	2.85159e-05
346.12	2.85301e-05
346.14	2.85444e-05
346.16	2.85586e-05
346.18	2.85729e-05
346.2	2.85872e-05
346.22	2.86015e-05
346.24	2.86159e-05
346.26	2.86302e-05
346.28	2.86446e-05
346.3	2.8659e-05
346.32	2.86735e-05
346.34	2.86879e-05
346.36	2.87024e-05
346.38	2.87169e-05
346.4	2.87315e-05
346.42	2.8746e-05
346.44	2.87606e-05
346.46	2.87752e-05
346.48	2.87899e-05
346.5	2.88045e-05
346.52	2.88192e-05
346.54	2.88339e-05
346.56	2.88487e-05
346.58	2.88635e-05
346.6	2.88783e-05
346.62	2.88931e-05
346.64	2.89079e-05
346.66	2.89228e-05
346.68	2.89377e-05
346.7	2.89527e-05
346.72	2.89677e-05
346.74	2.89827e-05
346.76	2.89977e-05
346.78	2.90127e-05
346.8	2.90278e-05
346.82	2.90429e-05
346.84	2.90581e-05
346.86	2.90733e-05
346.88	2.90885e-05
346.9	2.91037e-05
346.92	2.9119e-05
346.94	2.91343e-05
346.96	2.91497e-05
346.98	2.9165e-05
347	2.91805e-05
347.02	2.91959e-05
347.04	2.92114e-05
347.06	2.92269e-05
347.08	2.92424e-05
347.1	2.9258e-05
347.12	2.92736e-05
347.14	2.92893e-05
347.16	2.9305e-05
347.18	2.93207e-05
347.2	2.93364e-05
347.22	2.93522e-05
347.24	2.93681e-05
347.26	2.93839e-05
347.28	2.93998e-05
347.3	2.94158e-05
347.32	2.94318e-05
347.34	2.94478e-05
347.36	2.94639e-05
347.38	2.948e-05
347.4	2.94961e-05
347.42	2.95123e-05
347.44	2.95285e-05
347.46	2.95448e-05
347.48	2.95611e-05
347.5	2.95774e-05
347.52	2.95938e-05
347.54	2.96103e-05
347.56	2.96268e-05
347.58	2.96433e-05
347.6	2.96598e-05
347.62	2.96765e-05
347.64	2.96931e-05
347.66	2.97098e-05
347.68	2.97266e-05
347.7	2.97434e-05
347.72	2.97602e-05
347.74	2.97771e-05
347.76	2.9794e-05
347.78	2.9811e-05
347.8	2.9828e-05
347.82	2.98451e-05
347.84	2.98622e-05
347.86	2.98794e-05
347.88	2.98967e-05
347.9	2.99139e-05
347.92	2.99313e-05
347.94	2.99487e-05
347.96	2.99661e-05
347.98	2.99836e-05
348	3.00011e-05
348.02	3.00187e-05
348.04	3.00364e-05
348.06	3.00541e-05
348.08	3.00719e-05
348.1	3.00897e-05
348.12	3.01076e-05
348.14	3.01255e-05
348.16	3.01435e-05
348.18	3.01616e-05
348.2	3.01797e-05
348.22	3.01978e-05
348.24	3.02161e-05
348.26	3.02344e-05
348.28	3.02527e-05
348.3	3.02711e-05
348.32	3.02896e-05
348.34	3.03082e-05
348.36	3.03268e-05
348.38	3.03455e-05
348.4	3.03642e-05
348.42	3.0383e-05
348.44	3.04019e-05
348.46	3.04208e-05
348.48	3.04398e-05
348.5	3.04589e-05
348.52	3.04781e-05
348.54	3.04973e-05
348.56	3.05166e-05
348.58	3.05359e-05
348.6	3.05554e-05
348.62	3.05749e-05
348.64	3.05945e-05
348.66	3.06141e-05
348.68	3.06339e-05
348.7	3.06537e-05
348.72	3.06736e-05
348.74	3.06936e-05
348.76	3.07136e-05
348.78	3.07338e-05
348.8	3.0754e-05
348.82	3.07743e-05
348.84	3.07947e-05
348.86	3.08151e-05
348.88	3.08357e-05
348.9	3.08563e-05
348.92	3.08771e-05
348.94	3.08979e-05
348.96	3.09188e-05
348.98	3.09398e-05
349	3.09609e-05
349.02	3.09821e-05
349.04	3.10033e-05
349.06	3.10247e-05
349.08	3.10462e-05
349.1	3.10678e-05
349.12	3.10894e-05
349.14	3.11112e-05
349.16	3.11331e-05
349.18	3.11551e-05
349.2	3.11771e-05
349.22	3.11993e-05
349.24	3.12216e-05
349.26	3.1244e-05
349.28	3.12665e-05
349.3	3.12892e-05
349.32	3.13119e-05
349.34	3.13348e-05
349.36	3.13577e-05
349.38	3.13808e-05
349.4	3.1404e-05
349.42	3.14274e-05
349.44	3.14508e-05
349.46	3.14744e-05
349.48	3.14981e-05
349.5	3.15219e-05
349.52	3.15459e-05
349.54	3.157e-05
349.56	3.15942e-05
349.58	3.16186e-05
349.6	3.16431e-05
349.62	3.16677e-05
349.64	3.16925e-05
349.66	3.17174e-05
349.68	3.17425e-05
349.7	3.17677e-05
349.72	3.17931e-05
349.74	3.18186e-05
349.76	3.18443e-05
349.78	3.18702e-05
349.8	3.18962e-05
349.82	3.19223e-05
349.84	3.19487e-05
349.86	3.19752e-05
349.88	3.20019e-05
349.9	3.20287e-05
349.92	3.20558e-05
349.94	3.2083e-05
349.96	3.21104e-05
349.98	3.2138e-05
350	3.21657e-05
350.02	3.21937e-05
350.04	3.22219e-05
350.06	3.22503e-05
350.08	3.22788e-05
350.1	3.23076e-05
350.12	3.23366e-05
350.14	3.23659e-05
350.16	3.23953e-05
350.18	3.2425e-05
350.2	3.24549e-05
350.22	3.2485e-05
350.24	3.25154e-05
350.26	3.25461e-05
350.28	3.25769e-05
350.3	3.26081e-05
350.32	3.26395e-05
350.34	3.26712e-05
350.36	3.27031e-05
350.38	3.27353e-05
350.4	3.27678e-05
350.42	3.28006e-05
350.44	3.28337e-05
350.46	3.28672e-05
350.48	3.29009e-05
350.5	3.29349e-05
350.52	3.29693e-05
350.54	3.3004e-05
350.56	3.30391e-05
350.58	3.30745e-05
350.6	3.31103e-05
350.62	3.31465e-05
350.64	3.3183e-05
350.66	3.322e-05
350.68	3.32573e-05
350.7	3.32951e-05
350.72	3.33333e-05
350.74	3.3372e-05
350.76	3.34111e-05
350.78	3.34507e-05
350.8	3.34907e-05
350.82	3.35313e-05
350.84	3.35724e-05
350.86	3.3614e-05
350.88	3.36562e-05
350.9	3.36989e-05
350.92	3.37423e-05
350.94	3.37862e-05
350.96	3.38308e-05
350.98	3.3876e-05
351	3.3922e-05
351.02	3.39686e-05
351.04	3.4016e-05
351.06	3.40641e-05
351.08	3.41131e-05
351.1	3.41628e-05
351.12	3.42135e-05
351.14	3.4265e-05
351.16	3.43175e-05
351.18	3.4371e-05
351.2	3.44256e-05
351.22	3.44812e-05
351.24	3.4538e-05
351.26	3.45959e-05
351.28	3.46552e-05
351.3	3.47158e-05
351.32	3.47778e-05
351.34	3.48412e-05
351.36	3.49063e-05
351.38	3.49731e-05
351.4	3.50416e-05
351.42	3.51121e-05
351.44	3.51846e-05
351.46	3.52593e-05
351.48	3.53363e-05
351.5	3.54158e-05
351.52	3.54981e-05
351.54	3.55832e-05
351.56	3.56716e-05
351.58	3.57635e-05
351.6	3.58591e-05
351.62	3.59588e-05
351.64	3.60632e-05
351.66	3.61726e-05
351.68	3.62876e-05
351.7	3.64089e-05
351.72	3.65372e-05
351.74	3.66734e-05
351.76	3.68188e-05
351.78	3.69745e-05
351.8	3.71421e-05
351.82	3.73238e-05
351.84	3.7522e-05
351.86	3.77399e-05
351.88	3.79815e-05
351.9	3.82524e-05
351.92	3.85598e-05
351.94	3.89139e-05
351.96	3.93292e-05
351.98	3.9827e-05
352	4.04404e-05
352.02	4.1224e-05
352.04	4.22734e-05
352.06	4.37732e-05
352.08	4.61249e-05
352.1	5.03382e-05
352.12	5.92831e-05
352.14	7.98674e-05
352.16	0.000117456
352.18	0.000161297
352.2	0.000194229
352.22	0.000211565
352.24	0.000216165
352.26	0.000209329
352.28	0.000190977
352.3	0.000163544
352.32	0.000131931
352.34	0.000101233
352.36	7.49177e-05
352.38	5.44232e-05
352.4	3.95935e-05
352.42	2.93842e-05
352.44	2.25391e-05
352.46	1.79783e-05
352.48	1.49067e-05
352.5	1.27966e-05
352.52	1.13245e-05
352.54	1.02964e-05
352.56	9.58716e-06
352.58	9.10851e-06
352.6	8.79563e-06
352.62	8.60064e-06
352.64	8.48861e-06
352.66	8.43445e-06
352.68	8.42034e-06
352.7	8.43395e-06
352.72	8.46662e-06
352.74	8.51226e-06
352.76	8.56661e-06
352.78	8.6267e-06
352.8	8.69052e-06
352.82	8.75673e-06
352.84	8.82447e-06
352.86	8.89321e-06
352.88	8.96268e-06
352.9	9.03275e-06
352.92	9.10339e-06
352.94	9.17462e-06
352.96	9.24649e-06
352.98	9.31907e-06
353	9.39243e-06
353.02	9.46664e-06
353.04	9.54175e-06
353.06	9.6178e-06
353.08	9.69481e-06
353.1	9.77279e-06
353.12	9.85174e-06
353.14	9.93164e-06
353.16	1.00125e-05
353.18	1.00942e-05
353.2	1.01767e-05
353.22	1.02601e-05
353.24	1.03441e-05
353.26	1.04288e-05
353.28	1.05142e-05
353.3	1.06e-05
353.32	1.06863e-05
353.34	1.07729e-05
353.36	1.08599e-05
353.38	1.0947e-05
353.4	1.10343e-05
353.42	1.11217e-05
353.44	1.1209e-05
353.46	1.12963e-05
353.48	1.13834e-05
353.5	1.14703e-05
353.52	1.15569e-05
353.54	1.16431e-05
353.56	1.17289e-05
353.58	1.18142e-05
353.6	1.1899e-05
353.62	1.19832e-05
353.64	1.20667e-05
353.66	1.21496e-05
353.68	1.22318e-05
353.7	1.23132e-05
353.72	1.23938e-05
353.74	1.24736e-05
353.76	1.25525e-05
353.78	1.26305e-05
353.8	1.27077e-05
353.82	1.27839e-05
353.84	1.28592e-05
353.86	1.29336e-05
353.88	1.3007e-05
353.9	1.30794e-05
353.92	1.31509e-05
353.94	1.32213e-05
353.96	1.32909e-05
353.98	1.33594e-05
354	1.34271e-05
354.02	1.34937e-05
354.04	1.35594e-05
354.06	1.36242e-05
354.08	1.3688e-05
354.1	1.37509e-05
354.12	1.3813e-05
354.14	1.38741e-05
354.16	1.39343e-05
354.18	1.39938e-05
354.2	1.40523e-05
354.22	1.41101e-05
354.24	1.41671e-05
354.26	1.42233e-05
354.28	1.42788e-05
354.3	1.43335e-05
354.32	1.43875e-05
354.34	1.44409e-05
354.36	1.44936e-05
354.38	1.45456e-05
354.4	1.4597e-05
354.42	1.46479e-05
354.44	1.46981e-05
354.46	1.47478e-05
354.48	1.47969e-05
354.5	1.48455e-05
354.52	1.48936e-05
354.54	1.49413e-05
354.56	1.49884e-05
354.58	1.50351e-05
354.6	1.50813e-05
354.62	1.51271e-05
354.64	1.51725e-05
354.66	1.52175e-05
354.68	1.52622e-05
354.7	1.53064e-05
354.72	1.53504e-05
354.74	1.53939e-05
354.76	1.54372e-05
354.78	1.54801e-05
354.8	1.55227e-05
354.82	1.5565e-05
354.84	1.56071e-05
354.86	1.56488e-05
354.88	1.56903e-05
354.9	1.57316e-05
354.92	1.57726e-05
354.94	1.58133e-05
354.96	1.58538e-05
354.98	1.58941e-05
355	1.59342e-05
355.02	1.59741e-05
355.04	1.60138e-05
355.06	1.60533e-05
355.08	1.60926e-05
355.1	1.61317e-05
355.12	1.61706e-05
355.14	1.62094e-05
355.16	1.6248e-05
355.18	1.62864e-05
355.2	1.63247e-05
355.22	1.63628e-05
355.24	1.64008e-05
355.26	1.64386e-05
355.28	1.64762e-05
355.3	1.65138e-05
355.32	1.65512e-05
355.34	1.65884e-05
355.36	1.66256e-05
355.38	1.66626e-05
355.4	1.66995e-05
355.42	1.67362e-05
355.44	1.67729e-05
355.46	1.68094e-05
355.48	1.68458e-05
355.5	1.68821e-05
355.52	1.69183e-05
355.54	1.69543e-05
355.56	1.69903e-05
355.58	1.70261e-05
355.6	1.70619e-05
355.62	1.70975e-05
355.64	1.71331e-05
355.66	1.71685e-05
355.68	1.72039e-05
355.7	1.72391e-05
355.72	1.72742e-05
355.74	1.73093e-05
355.76	1.73442e-05
355.78	1.73791e-05
355.8	1.74138e-05
355.82	1.74485e-05
355.84	1.7483e-05
355.86	1.75175e-05
355.88	1.75519e-05
355.9	1.75862e-05
355.92	1.76204e-05
355.94	1.76545e-05
355.96	1.76885e-05
355.98	1.77224e-05
356	1.77562e-05
356.02	1.779e-05
356.04	1.78236e-05
356.06	1.78572e-05
356.08	1.78907e-05
356.1	1.79241e-05
356.12	1.79574e-05
356.14	1.79906e-05
356.16	1.80237e-05
356.18	1.80567e-05
356.2	1.80897e-05
356.22	1.81226e-05
356.24	1.81553e-05
356.26	1.8188e-05
356.28	1.82206e-05
356.3	1.82531e-05
356.32	1.82856e-05
356.34	1.83179e-05
356.36	1.83502e-05
356.38	1.83824e-05
356.4	1.84144e-05
356.42	1.84464e-05
356.44	1.84784e-05
356.46	1.85102e-05
356.48	1.85419e-05
356.5	1.85736e-05
356.52	1.86052e-05
356.54	1.86367e-05
356.56	1.86681e-05
356.58	1.86994e-05
356.6	1.87306e-05
356.62	1.87618e-05
356.64	1.87928e-05
356.66	1.88238e-05
356.68	1.88547e-05
356.7	1.88855e-05
356.72	1.89162e-05
356.74	1.89469e-05
356.76	1.89774e-05
356.78	1.90079e-05
356.8	1.90382e-05
356.82	1.90685e-05
356.84	1.90988e-05
356.86	1.91289e-05
356.88	1.91589e-05
356.9	1.91889e-05
356.92	1.92188e-05
356.94	1.92485e-05
356.96	1.92782e-05
356.98	1.93079e-05
357	1.93374e-05
357.02	1.93668e-05
357.04	1.93962e-05
357.06	1.94255e-05
357.08	1.94547e-05
357.1	1.94838e-05
357.12	1.95128e-05
357.14	1.95418e-05
357.16	1.95706e-05
357.18	1.95994e-05
357.2	1.96281e-05
357.22	1.96567e-05
357.24	1.96853e-05
357.26	1.97137e-05
357.28	1.97421e-05
357.3	1.97703e-05
357.32	1.97985e-05
357.34	1.98266e-05
357.36	1.98547e-05
357.38	1.98826e-05
357.4	1.99105e-05
357.42	1.99383e-05
357.44	1.9966e-05
357.46	1.99936e-05
357.48	2.00211e-05
357.5	2.00486e-05
357.52	2.00759e-05
357.54	2.01032e-05
357.56	2.01304e-05
357.58	2.01576e-05
357.6	2.01846e-05
357.62	2.02116e-05
357.64	2.02385e-05
357.66	2.02653e-05
357.68	2.0292e-05
357.7	2.03186e-05
357.72	2.03452e-05
357.74	2.03717e-05
357.76	2.03981e-05
357.78	2.04244e-05
357.8	2.04506e-05
357.82	2.04768e-05
357.84	2.05029e-05
357.86	2.05289e-05
357.88	2.05548e-05
357.9	2.05807e-05
357.92	2.06065e-05
357.94	2.06322e-05
357.96	2.06578e-05
357.98	2.06833e-05
358	2.07088e-05
358.02	2.07342e-05
358.04	2.07595e-05
358.06	2.07847e-05
358.08	2.08099e-05
358.1	2.0835e-05
358.12	2.086e-05
358.14	2.08849e-05
358.16	2.09097e-05
358.18	2.09345e-05
358.2	2.09592e-05
358.22	2.09839e-05
358.24	2.10084e-05
358.26	2.10329e-05
358.28	2.10573e-05
358.3	2.10817e-05
358.32	2.11059e-05
358.34	2.11301e-05
358.36	2.11542e-05
358.38	2.11783e-05
358.4	2.12022e-05
358.42	2.12261e-05
358.44	2.125e-05
358.46	2.12737e-05
358.48	2.12974e-05
358.5	2.1321e-05
358.52	2.13446e-05
358.54	2.1368e-05
358.56	2.13914e-05
358.58	2.14148e-05
358.6	2.1438e-05
358.62	2.14612e-05
358.64	2.14844e-05
358.66	2.15074e-05
358.68	2.15304e-05
358.7	2.15533e-05
358.72	2.15762e-05
358.74	2.1599e-05
358.76	2.16217e-05
358.78	2.16443e-05
358.8	2.16669e-05
358.82	2.16895e-05
358.84	2.17119e-05
358.86	2.17343e-05
358.88	2.17566e-05
358.9	2.17789e-05
358.92	2.18011e-05
358.94	2.18232e-05
358.96	2.18452e-05
358.98	2.18672e-05
359	2.18892e-05
359.02	2.1911e-05
359.04	2.19328e-05
359.06	2.19546e-05
359.08	2.19763e-05
359.1	2.19979e-05
359.12	2.20194e-05
359.14	2.20409e-05
359.16	2.20624e-05
359.18	2.20837e-05
359.2	2.2105e-05
359.22	2.21263e-05
359.24	2.21475e-05
359.26	2.21686e-05
359.28	2.21897e-05
359.3	2.22107e-05
359.32	2.22316e-05
359.34	2.22525e-05
359.36	2.22733e-05
359.38	2.22941e-05
359.4	2.23148e-05
359.42	2.23355e-05
359.44	2.23561e-05
359.46	2.23766e-05
359.48	2.23971e-05
359.5	2.24175e-05
359.52	2.24379e-05
359.54	2.24582e-05
359.56	2.24785e-05
359.58	2.24987e-05
359.6	2.25188e-05
359.62	2.25389e-05
359.64	2.2559e-05
359.66	2.2579e-05
359.68	2.25989e-05
359.7	2.26188e-05
359.72	2.26386e-05
359.74	2.26583e-05
359.76	2.26781e-05
359.78	2.26977e-05
359.8	2.27173e-05
359.82	2.27369e-05
359.84	2.27564e-05
359.86	2.27758e-05
359.88	2.27952e-05
359.9	2.28146e-05
359.92	2.28339e-05
359.94	2.28531e-05
359.96	2.28723e-05
359.98	2.28914e-05
360	2.29105e-05
360.02	2.29296e-05
360.04	2.29485e-05
360.06	2.29675e-05
360.08	2.29864e-05
360.1	2.30052e-05
360.12	2.3024e-05
360.14	2.30428e-05
360.16	2.30615e-05
360.18	2.30801e-05
360.2	2.30987e-05
360.22	2.31173e-05
360.24	2.31358e-05
360.26	2.31542e-05
360.28	2.31726e-05
360.3	2.3191e-05
360.32	2.32093e-05
360.34	2.32276e-05
360.36	2.32458e-05
360.38	2.3264e-05
360.4	2.32821e-05
360.42	2.33002e-05
360.44	2.33183e-05
360.46	2.33363e-05
360.48	2.33542e-05
360.5	2.33722e-05
360.52	2.339e-05
360.54	2.34078e-05
360.56	2.34256e-05
360.58	2.34434e-05
360.6	2.34611e-05
360.62	2.34787e-05
360.64	2.34963e-05
360.66	2.35139e-05
360.68	2.35314e-05
360.7	2.35489e-05
360.72	2.35664e-05
360.74	2.35838e-05
360.76	2.36011e-05
360.78	2.36184e-05
360.8	2.36357e-05
360.82	2.3653e-05
360.84	2.36702e-05
360.86	2.36873e-05
360.88	2.37044e-05
360.9	2.37215e-05
360.92	2.37386e-05
360.94	2.37556e-05
360.96	2.37725e-05
360.98	2.37895e-05
361	2.38063e-05
361.02	2.38232e-05
361.04	2.384e-05
361.06	2.38568e-05
361.08	2.38735e-05
361.1	2.38902e-05
361.12	2.39069e-05
361.14	2.39235e-05
361.16	2.39401e-05
361.18	2.39566e-05
361.2	2.39732e-05
361.22	2.39896e-05
361.24	2.40061e-05
361.26	2.40225e-05
361.28	2.40389e-05
361.3	2.40552e-05
361.32	2.40715e-05
361.34	2.40878e-05
361.36	2.4104e-05
361.38	2.41202e-05
361.4	2.41364e-05
361.42	2.41525e-05
361.44	2.41686e-05
361.46	2.41847e-05
361.48	2.42007e-05
361.5	2.42167e-05
361.52	2.42327e-05
361.54	2.42486e-05
361.56	2.42645e-05
361.58	2.42804e-05
361.6	2.42962e-05
361.62	2.4312e-05
361.64	2.43278e-05
361.66	2.43435e-05
361.68	2.43593e-05
361.7	2.43749e-05
361.72	2.43906e-05
361.74	2.44062e-05
361.76	2.44218e-05
361.78	2.44374e-05
361.8	2.44529e-05
361.82	2.44684e-05
361.84	2.44839e-05
361.86	2.44993e-05
361.88	2.45147e-05
361.9	2.45301e-05
361.92	2.45455e-05
361.94	2.45608e-05
361.96	2.45761e-05
361.98	2.45913e-05
362	2.46066e-05
362.02	2.46218e-05
362.04	2.4637e-05
362.06	2.46522e-05
362.08	2.46673e-05
362.1	2.46824e-05
362.12	2.46975e-05
362.14	2.47125e-05
362.16	2.47275e-05
362.18	2.47425e-05
362.2	2.47575e-05
362.22	2.47725e-05
362.24	2.47874e-05
362.26	2.48023e-05
362.28	2.48171e-05
362.3	2.4832e-05
362.32	2.48468e-05
362.34	2.48616e-05
362.36	2.48764e-05
362.38	2.48911e-05
362.4	2.49058e-05
362.42	2.49205e-05
362.44	2.49352e-05
362.46	2.49499e-05
362.48	2.49645e-05
362.5	2.49791e-05
362.52	2.49937e-05
362.54	2.50082e-05
362.56	2.50228e-05
362.58	2.50373e-05
362.6	2.50518e-05
362.62	2.50662e-05
362.64	2.50807e-05
362.66	2.50951e-05
362.68	2.51095e-05
362.7	2.51239e-05
362.72	2.51382e-05
362.74	2.51526e-05
362.76	2.51669e-05
362.78	2.51812e-05
362.8	2.51954e-05
362.82	2.52097e-05
362.84	2.52239e-05
362.86	2.52381e-05
362.88	2.52523e-05
362.9	2.52665e-05
362.92	2.52807e-05
362.94	2.52948e-05
362.96	2.53089e-05
362.98	2.5323e-05
363	2.53371e-05
363.02	2.53511e-05
363.04	2.53652e-05
363.06	2.53792e-05
363.08	2.53932e-05
363.1	2.54072e-05
363.12	2.54212e-05
363.14	2.54351e-05
363.16	2.5449e-05
363.18	2.5463e-05
363.2	2.54769e-05
363.22	2.54907e-05
363.24	2.55046e-05
363.26	2.55185e-05
363.28	2.55323e-05
363.3	2.55461e-05
363.32	2.55599e-05
363.34	2.55737e-05
363.36	2.55874e-05
363.38	2.56012e-05
363.4	2.56149e-05
363.42	2.56287e-05
363.44	2.56424e-05
363.46	2.5656e-05
363.48	2.56697e-05
363.5	2.56834e-05
363.52	2.5697e-05
363.54	2.57107e-05
363.56	2.57243e-05
363.58	2.57379e-05
363.6	2.57515e-05
363.62	2.5765e-05
363.64	2.57786e-05
363.66	2.57921e-05
363.68	2.58057e-05
363.7	2.58192e-05
363.72	2.58327e-05
363.74	2.58462e-05
363.76	2.58597e-05
363.78	2.58732e-05
363.8	2.58866e-05
363.82	2.59001e-05
363.84	2.59135e-05
363.86	2.59269e-05
363.88	2.59403e-05
363.9	2.59537e-05
363.92	2.59671e-05
363.94	2.59805e-05
363.96	2.59939e-05
363.98	2.60072e-05
364	2.60206e-05
364.02	2.60339e-05
364.04	2.60472e-05
364.06	2.60606e-05
364.08	2.60739e-05
364.1	2.60872e-05
364.12	2.61005e-05
364.14	2.61137e-05
364.16	2.6127e-05
364.18	2.61403e-05
364.2	2.61535e-05
364.22	2.61667e-05
364.24	2.618e-05
364.26	2.61932e-05
364.28	2.62064e-05
364.3	2.62196e-05
364.32	2.62328e-05
364.34	2.6246e-05
364.36	2.62592e-05
364.38	2.62724e-05
364.4	2.62855e-05
364.42	2.62987e-05
364.44	2.63119e-05
364.46	2.6325e-05
364.48	2.63381e-05
364.5	2.63513e-05
364.52	2.63644e-05
364.54	2.63775e-05
364.56	2.63906e-05
364.58	2.64037e-05
364.6	2.64169e-05
364.62	2.64299e-05
364.64	2.6443e-05
364.66	2.64561e-05
364.68	2.64692e-05
364.7	2.64823e-05
364.72	2.64953e-05
364.74	2.65084e-05
364.76	2.65215e-05
364.78	2.65345e-05
364.8	2.65476e-05
364.82	2.65606e-05
364.84	2.65737e-05
364.86	2.65867e-05
364.88	2.65997e-05
364.9	2.66128e-05
364.92	2.66258e-05
364.94	2.66388e-05
364.96	2.66519e-05
364.98	2.66649e-05
365	2.66779e-05
365.02	2.66909e-05
365.04	2.67039e-05
365.06	2.67169e-05
365.08	2.67299e-05
365.1	2.67429e-05
365.12	2.67559e-05
365.14	2.67689e-05
365.16	2.67819e-05
365.18	2.67949e-05
365.2	2.68079e-05
365.22	2.68209e-05
365.24	2.68339e-05
365.26	2.68469e-05
365.28	2.68599e-05
365.3	2.68729e-05
365.32	2.68859e-05
365.34	2.68989e-05
365.36	2.69119e-05
365.38	2.69249e-05
365.4	2.69379e-05
365.42	2.69509e-05
365.44	2.69639e-05
365.46	2.69768e-05
365.48	2.69898e-05
365.5	2.70028e-05
365.52	2.70158e-05
365.54	2.70288e-05
365.56	2.70418e-05
365.58	2.70548e-05
365.6	2.70678e-05
365.62	2.70808e-05
365.64	2.70939e-05
365.66	2.71069e-05
365.68	2.71199e-05
365.7	2.71329e-05
365.72	2.71459e-05
365.74	2.71589e-05
365.76	2.7172e-05
365.78	2.7185e-05
365.8	2.7198e-05
365.82	2.7211e-05
365.84	2.72241e-05
365.86	2.72371e-05
365.88	2.72502e-05
365.9	2.72632e-05
365.92	2.72763e-05
365.94	2.72893e-05
365.96	2.73024e-05
365.98	2.73155e-05
366	2.73285e-05
366.02	2.73416e-05
366.04	2.73547e-05
366.06	2.73678e-05
366.08	2.73809e-05
366.1	2.7394e-05
366.12	2.74071e-05
366.14	2.74202e-05
366.16	2.74333e-05
366.18	2.74465e-05
366.2	2.74596e-05
366.22	2.74727e-05
366.24	2.74859e-05
366.26	2.7499e-05
366.28	2.75122e-05
366.3	2.75254e-05
366.32	2.75385e-05
366.34	2.75517e-05
366.36	2.75649e-05
366.38	2.75781e-05
366.4	2.75913e-05
366.42	2.76045e-05
366.44	2.76178e-05
366.46	2.7631e-05
366.48	2.76442e-05
366.5	2.76575e-05
366.52	2.76707e-05
366.54	2.7684e-05
366.56	2.76973e-05
366.58	2.77106e-05
366.6	2.77239e-05
366.62	2.77372e-05
366.64	2.77505e-05
366.66	2.77639e-05
366.68	2.77772e-05
366.7	2.77905e-05
366.72	2.78039e-05
366.74	2.78173e-05
366.76	2.78307e-05
366.78	2.78441e-05
366.8	2.78575e-05
366.82	2.78709e-05
366.84	2.78843e-05
366.86	2.78978e-05
366.88	2.79112e-05
366.9	2.79247e-05
366.92	2.79382e-05
366.94	2.79517e-05
366.96	2.79652e-05
366.98	2.79787e-05
367	2.79923e-05
367.02	2.80058e-05
367.04	2.80194e-05
367.06	2.8033e-05
367.08	2.80466e-05
367.1	2.80602e-05
367.12	2.80738e-05
367.14	2.80874e-05
367.16	2.81011e-05
367.18	2.81148e-05
367.2	2.81284e-05
367.22	2.81421e-05
367.24	2.81559e-05
367.26	2.81696e-05
367.28	2.81833e-05
367.3	2.81971e-05
367.32	2.82109e-05
367.34	2.82247e-05
367.36	2.82385e-05
367.38	2.82523e-05
367.4	2.82662e-05
367.42	2.828e-05
367.44	2.82939e-05
367.46	2.83078e-05
367.48	2.83218e-05
367.5	2.83357e-05
367.52	2.83497e-05
367.54	2.83636e-05
367.56	2.83776e-05
367.58	2.83917e-05
367.6	2.84057e-05
367.62	2.84198e-05
367.64	2.84338e-05
367.66	2.84479e-05
367.68	2.8462e-05
367.7	2.84762e-05
367.72	2.84903e-05
367.74	2.85045e-05
367.76	2.85187e-05
367.78	2.85329e-05
367.8	2.85472e-05
367.82	2.85615e-05
367.84	2.85758e-05
367.86	2.85901e-05
367.88	2.86044e-05
367.9	2.86188e-05
367.92	2.86331e-05
367.94	2.86475e-05
367.96	2.8662e-05
367.98	2.86764e-05
368	2.86909e-05
368.02	2.87054e-05
368.04	2.87199e-05
368.06	2.87345e-05
368.08	2.87491e-05
368.1	2.87637e-05
368.12	2.87783e-05
368.14	2.87929e-05
368.16	2.88076e-05
368.18	2.88223e-05
368.2	2.88371e-05
368.22	2.88518e-05
368.24	2.88666e-05
368.26	2.88814e-05
368.28	2.88963e-05
368.3	2.89111e-05
368.32	2.8926e-05
368.34	2.8941e-05
368.36	2.89559e-05
368.38	2.89709e-05
368.4	2.89859e-05
368.42	2.9001e-05
368.44	2.9016e-05
368.46	2.90311e-05
368.48	2.90463e-05
368.5	2.90614e-05
368.52	2.90766e-05
368.54	2.90919e-05
368.56	2.91071e-05
368.58	2.91224e-05
368.6	2.91377e-05
368.62	2.91531e-05
368.64	2.91685e-05
368.66	2.91839e-05
368.68	2.91994e-05
368.7	2.92149e-05
368.72	2.92304e-05
368.74	2.9246e-05
368.76	2.92616e-05
368.78	2.92772e-05
368.8	2.92929e-05
368.82	2.93086e-05
368.84	2.93243e-05
368.86	2.93401e-05
368.88	2.93559e-05
368.9	2.93717e-05
368.92	2.93876e-05
368.94	2.94035e-05
368.96	2.94195e-05
368.98	2.94355e-05
369	2.94516e-05
369.02	2.94676e-05
369.04	2.94838e-05
369.06	2.94999e-05
369.08	2.95161e-05
369.1	2.95324e-05
369.12	2.95487e-05
369.14	2.9565e-05
369.16	2.95814e-05
369.18	2.95978e-05
369.2	2.96142e-05
369.22	2.96307e-05
369.24	2.96473e-05
369.26	2.96638e-05
369.28	2.96805e-05
369.3	2.96972e-05
369.32	2.97139e-05
369.34	2.97306e-05
369.36	2.97475e-05
369.38	2.97643e-05
369.4	2.97812e-05
369.42	2.97982e-05
369.44	2.98152e-05
369.46	2.98322e-05
369.48	2.98493e-05
369.5	2.98665e-05
369.52	2.98837e-05
369.54	2.9901e-05
369.56	2.99183e-05
369.58	2.99356e-05
369.6	2.9953e-05
369.62	2.99705e-05
369.64	2.9988e-05
369.66	3.00056e-05
369.68	3.00232e-05
369.7	3.00409e-05
369.72	3.00586e-05
369.74	3.00764e-05
369.76	3.00942e-05
369.78	3.01121e-05
369.8	3.01301e-05
369.82	3.01481e-05
369.84	3.01662e-05
369.86	3.01843e-05
369.88	3.02025e-05
369.9	3.02208e-05
369.92	3.02391e-05
369.94	3.02575e-05
369.96	3.02759e-05
369.98	3.02944e-05
370	3.0313e-05
370.02	3.03317e-05
370.04	3.03504e-05
370.06	3.03691e-05
370.08	3.0388e-05
370.1	3.04069e-05
370.12	3.04258e-05
370.14	3.04449e-05
370.16	3.0464e-05
370.18	3.04832e-05
370.2	3.05024e-05
370.22	3.05217e-05
370.24	3.05411e-05
370.26	3.05606e-05
370.28	3.05801e-05
370.3	3.05997e-05
370.32	3.06194e-05
370.34	3.06392e-05
370.36	3.06591e-05
370.38	3.0679e-05
370.4	3.0699e-05
370.42	3.07191e-05
370.44	3.07392e-05
370.46	3.07595e-05
370.48	3.07798e-05
370.5	3.08002e-05
370.52	3.08207e-05
370.54	3.08413e-05
370.56	3.0862e-05
370.58	3.08828e-05
370.6	3.09036e-05
370.62	3.09246e-05
370.64	3.09456e-05
370.66	3.09667e-05
370.68	3.0988e-05
370.7	3.10093e-05
370.72	3.10307e-05
370.74	3.10522e-05
370.76	3.10738e-05
370.78	3.10955e-05
370.8	3.11173e-05
370.82	3.11392e-05
370.84	3.11613e-05
370.86	3.11834e-05
370.88	3.12056e-05
370.9	3.12279e-05
370.92	3.12504e-05
370.94	3.12729e-05
370.96	3.12956e-05
370.98	3.13184e-05
371	3.13413e-05
371.02	3.13643e-05
371.04	3.13874e-05
371.06	3.14107e-05
371.08	3.14341e-05
371.1	3.14576e-05
371.12	3.14812e-05
371.14	3.15049e-05
371.16	3.15288e-05
371.18	3.15528e-05
371.2	3.1577e-05
371.22	3.16013e-05
371.24	3.16257e-05
371.26	3.16502e-05
371.28	3.16749e-05
371.3	3.16998e-05
371.32	3.17248e-05
371.34	3.17499e-05
371.36	3.17752e-05
371.38	3.18006e-05
371.4	3.18262e-05
371.42	3.18519e-05
371.44	3.18778e-05
371.46	3.19039e-05
371.48	3.19301e-05
371.5	3.19565e-05
371.52	3.19831e-05
371.54	3.20099e-05
371.56	3.20368e-05
371.58	3.20639e-05
371.6	3.20912e-05
371.62	3.21186e-05
371.64	3.21463e-05
371.66	3.21741e-05
371.68	3.22022e-05
371.7	3.22304e-05
371.72	3.22589e-05
371.74	3.22875e-05
371.76	3.23164e-05
371.78	3.23455e-05
371.8	3.23748e-05
371.82	3.24043e-05
371.84	3.24341e-05
371.86	3.24641e-05
371.88	3.24943e-05
371.9	3.25248e-05
371.92	3.25555e-05
371.94	3.25865e-05
371.96	3.26177e-05
371.98	3.26492e-05
372	3.2681e-05
372.02	3.27131e-05
372.04	3.27454e-05
372.06	3.2778e-05
372.08	3.28109e-05
372.1	3.28441e-05
372.12	3.28777e-05
372.14	3.29115e-05
372.16	3.29457e-05
372.18	3.29802e-05
372.2	3.3015e-05
372.22	3.30502e-05
372.24	3.30858e-05
372.26	3.31217e-05
372.28	3.3158e-05
372.3	3.31947e-05
372.32	3.32318e-05
372.34	3.32693e-05
372.36	3.33072e-05
372.38	3.33456e-05
372.4	3.33844e-05
372.42	3.34237e-05
372.44	3.34634e-05
372.46	3.35037e-05
372.48	3.35444e-05
372.5	3.35857e-05
372.52	3.36275e-05
372.54	3.36699e-05
372.56	3.37129e-05
372.58	3.37564e-05
372.6	3.38006e-05
372.62	3.38454e-05
372.64	3.38909e-05
372.66	3.39371e-05
372.68	3.3984e-05
372.7	3.40316e-05
372.72	3.40801e-05
372.74	3.41293e-05
372.76	3.41794e-05
372.78	3.42304e-05
372.8	3.42822e-05
372.82	3.43351e-05
372.84	3.4389e-05
372.86	3.44439e-05
372.88	3.44999e-05
372.9	3.45571e-05
372.92	3.46155e-05
372.94	3.46752e-05
372.96	3.47363e-05
372.98	3.47988e-05
373	3.48629e-05
373.02	3.49286e-05
373.04	3.4996e-05
373.06	3.50652e-05
373.08	3.51364e-05
373.1	3.52096e-05
373.12	3.52851e-05
373.14	3.5363e-05
373.16	3.54435e-05
373.18	3.55268e-05
373.2	3.56131e-05
373.22	3.57026e-05
373.24	3.57958e-05
373.26	3.58928e-05
373.28	3.59942e-05
373.3	3.61003e-05
373.32	3.62116e-05
373.34	3.63288e-05
373.36	3.64525e-05
373.38	3.65835e-05
373.4	3.67229e-05
373.42	3.68718e-05
373.44	3.70316e-05
373.46	3.7204e-05
373.48	3.73913e-05
373.5	3.75961e-05
373.52	3.78219e-05
373.54	3.80733e-05
373.56	3.83563e-05
373.58	3.86791e-05
373.6	3.90531e-05
373.62	3.94949e-05
373.64	4.00295e-05
373.66	4.0696e-05
373.68	4.15605e-05
373.7	4.27426e-05
373.72	4.44825e-05
373.74	4.73286e-05
373.76	5.27369e-05
373.78	6.48353e-05
373.8	9.15102e-05
373.82	0.000133497
373.84	0.000174885
373.86	0.000202123
373.88	0.000214518
373.9	0.000215041
373.92	0.000204004
373.94	0.00018195
373.96	0.000152394
373.98	0.000120585
374	9.117e-05
374.02	6.6873e-05
374.04	4.84903e-05
374.06	3.54609e-05
374.08	2.65983e-05
374.1	2.06826e-05
374.12	1.67327e-05
374.14	1.40548e-05
374.16	1.22028e-05
374.18	1.0908e-05
374.2	1.00065e-05
374.22	9.38879e-06
374.24	8.97616e-06
374.26	8.71038e-06
374.28	8.5486e-06
374.3	8.45981e-06
374.32	8.42174e-06
374.34	8.41879e-06
374.36	8.44009e-06
374.38	8.478e-06
374.4	8.52718e-06
374.42	8.58387e-06
374.44	8.64548e-06
374.46	8.71027e-06
374.48	8.77709e-06
374.5	8.84522e-06
374.52	8.91424e-06
374.54	8.98392e-06
374.56	9.05418e-06
374.58	9.12501e-06
374.6	9.19644e-06
374.62	9.26854e-06
374.64	9.34138e-06
374.66	9.41503e-06
374.68	9.48954e-06
374.7	9.56496e-06
374.72	9.64134e-06
374.74	9.71868e-06
374.76	9.79699e-06
374.78	9.87626e-06
374.8	9.95647e-06
374.82	1.00376e-05
374.84	1.01196e-05
374.86	1.02024e-05
374.88	1.0286e-05
374.9	1.03703e-05
374.92	1.04552e-05
374.94	1.05407e-05
374.96	1.06267e-05
374.98	1.07131e-05
375	1.07998e-05
375.02	1.08868e-05
375.04	1.0974e-05
375.06	1.10613e-05
375.08	1.11487e-05
375.1	1.1236e-05
375.12	1.13232e-05
375.14	1.14102e-05
375.16	1.14969e-05
375.18	1.15833e-05
375.2	1.16694e-05
375.22	1.1755e-05
375.24	1.18401e-05
375.26	1.19247e-05
375.28	1.20086e-05
375.3	1.20919e-05
375.32	1.21745e-05
375.34	1.22564e-05
375.36	1.23375e-05
375.38	1.24178e-05
375.4	1.24973e-05
375.42	1.25759e-05
375.44	1.26536e-05
375.46	1.27304e-05
375.48	1.28062e-05
375.5	1.28812e-05
375.52	1.29552e-05
375.54	1.30282e-05
375.56	1.31003e-05
375.58	1.31714e-05
375.6	1.32415e-05
375.62	1.33107e-05
375.64	1.33789e-05
375.66	1.34462e-05
375.68	1.35125e-05
375.7	1.35778e-05
375.72	1.36423e-05
375.74	1.37058e-05
375.76	1.37683e-05
375.78	1.383e-05
375.8	1.38908e-05
375.82	1.39508e-05
375.84	1.40099e-05
375.86	1.40682e-05
375.88	1.41256e-05
375.9	1.41823e-05
375.92	1.42383e-05
375.94	1.42935e-05
375.96	1.4348e-05
375.98	1.44017e-05
376	1.44549e-05
376.02	1.45073e-05
376.04	1.45591e-05
376.06	1.46103e-05
376.08	1.4661e-05
376.1	1.4711e-05
376.12	1.47605e-05
376.14	1.48094e-05
376.16	1.48579e-05
376.18	1.49058e-05
376.2	1.49532e-05
376.22	1.50002e-05
376.24	1.50467e-05
376.26	1.50928e-05
376.28	1.51385e-05
376.3	1.51837e-05
376.32	1.52286e-05
376.34	1.52731e-05
376.36	1.53173e-05
376.38	1.53611e-05
376.4	1.54045e-05
376.42	1.54476e-05
376.44	1.54905e-05
376.46	1.5533e-05
376.48	1.55752e-05
376.5	1.56171e-05
376.52	1.56588e-05
376.54	1.57002e-05
376.56	1.57414e-05
376.58	1.57823e-05
376.6	1.5823e-05
376.62	1.58634e-05
376.64	1.59036e-05
376.66	1.59437e-05
376.68	1.59835e-05
376.7	1.60231e-05
376.72	1.60625e-05
376.74	1.61018e-05
376.76	1.61408e-05
376.78	1.61797e-05
376.8	1.62184e-05
376.82	1.62569e-05
376.84	1.62953e-05
376.86	1.63335e-05
376.88	1.63716e-05
376.9	1.64095e-05
376.92	1.64473e-05
376.94	1.64849e-05
376.96	1.65224e-05
376.98	1.65598e-05
377	1.6597e-05
377.02	1.66341e-05
377.04	1.66711e-05
377.06	1.67079e-05
377.08	1.67446e-05
377.1	1.67812e-05
377.12	1.68177e-05
377.14	1.68541e-05
377.16	1.68903e-05
377.18	1.69265e-05
377.2	1.69625e-05
377.22	1.69985e-05
377.24	1.70343e-05
377.26	1.707e-05
377.28	1.71056e-05
377.3	1.71411e-05
377.32	1.71765e-05
377.34	1.72118e-05
377.36	1.7247e-05
377.38	1.72822e-05
377.4	1.73172e-05
377.42	1.73521e-05
377.44	1.73869e-05
377.46	1.74216e-05
377.48	1.74563e-05
377.5	1.74908e-05
377.52	1.75252e-05
377.54	1.75596e-05
377.56	1.75939e-05
377.58	1.7628e-05
377.6	1.76621e-05
377.62	1.76961e-05
377.64	1.773e-05
377.66	1.77638e-05
377.68	1.77975e-05
377.7	1.78312e-05
377.72	1.78647e-05
377.74	1.78981e-05
377.76	1.79315e-05
377.78	1.79648e-05
377.8	1.7998e-05
377.82	1.80311e-05
377.84	1.80641e-05
377.86	1.8097e-05
377.88	1.81299e-05
377.9	1.81626e-05
377.92	1.81953e-05
377.94	1.82279e-05
377.96	1.82603e-05
377.98	1.82928e-05
378	1.83251e-05
378.02	1.83573e-05
378.04	1.83895e-05
378.06	1.84215e-05
378.08	1.84535e-05
378.1	1.84854e-05
378.12	1.85172e-05
378.14	1.85489e-05
378.16	1.85806e-05
378.18	1.86121e-05
378.2	1.86436e-05
378.22	1.8675e-05
378.24	1.87062e-05
378.26	1.87375e-05
378.28	1.87686e-05
378.3	1.87996e-05
378.32	1.88306e-05
378.34	1.88614e-05
378.36	1.88922e-05
378.38	1.89229e-05
378.4	1.89535e-05
378.42	1.89841e-05
378.44	1.90145e-05
378.46	1.90449e-05
378.48	1.90751e-05
378.5	1.91053e-05
378.52	1.91354e-05
378.54	1.91654e-05
378.56	1.91954e-05
378.58	1.92252e-05
378.6	1.9255e-05
378.62	1.92847e-05
378.64	1.93143e-05
378.66	1.93438e-05
378.68	1.93732e-05
378.7	1.94026e-05
378.72	1.94318e-05
378.74	1.9461e-05
378.76	1.94901e-05
378.78	1.95191e-05
378.8	1.9548e-05
378.82	1.95768e-05
378.84	1.96056e-05
378.86	1.96343e-05
378.88	1.96629e-05
378.9	1.96914e-05
378.92	1.97198e-05
378.94	1.97481e-05
378.96	1.97764e-05
378.98	1.98045e-05
379	1.98326e-05
379.02	1.98606e-05
379.04	1.98886e-05
379.06	1.99164e-05
379.08	1.99442e-05
379.1	1.99718e-05
379.12	1.99994e-05
379.14	2.00269e-05
379.16	2.00544e-05
379.18	2.00817e-05
379.2	2.0109e-05
379.22	2.01362e-05
379.24	2.01633e-05
379.26	2.01903e-05
379.28	2.02173e-05
379.3	2.02441e-05
379.32	2.02709e-05
379.34	2.02976e-05
379.36	2.03242e-05
379.38	2.03508e-05
379.4	2.03772e-05
379.42	2.04036e-05
379.44	2.04299e-05
379.46	2.04561e-05
379.48	2.04823e-05
379.5	2.05083e-05
379.52	2.05343e-05
379.54	2.05602e-05
379.56	2.05861e-05
379.58	2.06118e-05
379.6	2.06375e-05
379.62	2.06631e-05
379.64	2.06886e-05
379.66	2.07141e-05
379.68	2.07394e-05
379.7	2.07647e-05
379.72	2.07899e-05
379.74	2.08151e-05
379.76	2.08401e-05
379.78	2.08651e-05
379.8	2.089e-05
379.82	2.09149e-05
379.84	2.09396e-05
379.86	2.09643e-05
379.88	2.09889e-05
379.9	2.10135e-05
379.92	2.10379e-05
379.94	2.10623e-05
379.96	2.10866e-05
379.98	2.11109e-05
380	2.1135e-05
380.02	2.11591e-05
380.04	2.11832e-05
380.06	2.12071e-05
380.08	2.1231e-05
380.1	2.12548e-05
380.12	2.12785e-05
380.14	2.13022e-05
380.16	2.13258e-05
380.18	2.13493e-05
380.2	2.13728e-05
380.22	2.13962e-05
380.24	2.14195e-05
380.26	2.14427e-05
380.28	2.14659e-05
380.3	2.1489e-05
380.32	2.15121e-05
380.34	2.1535e-05
380.36	2.15579e-05
380.38	2.15808e-05
380.4	2.16035e-05
380.42	2.16262e-05
380.44	2.16489e-05
380.46	2.16714e-05
380.48	2.16939e-05
380.5	2.17164e-05
380.52	2.17387e-05
380.54	2.17611e-05
380.56	2.17833e-05
380.58	2.18055e-05
380.6	2.18276e-05
380.62	2.18496e-05
380.64	2.18716e-05
380.66	2.18935e-05
380.68	2.19154e-05
380.7	2.19372e-05
380.72	2.19589e-05
380.74	2.19805e-05
380.76	2.20021e-05
380.78	2.20237e-05
380.8	2.20452e-05
380.82	2.20666e-05
380.84	2.20879e-05
380.86	2.21092e-05
380.88	2.21304e-05
380.9	2.21516e-05
380.92	2.21727e-05
380.94	2.21938e-05
380.96	2.22148e-05
380.98	2.22357e-05
381	2.22566e-05
381.02	2.22774e-05
381.04	2.22981e-05
381.06	2.23188e-05
381.08	2.23395e-05
381.1	2.23601e-05
381.12	2.23806e-05
381.14	2.24011e-05
381.16	2.24215e-05
381.18	2.24418e-05
381.2	2.24621e-05
381.22	2.24824e-05
381.24	2.25026e-05
381.26	2.25227e-05
381.28	2.25428e-05
381.3	2.25628e-05
381.32	2.25828e-05
381.34	2.26027e-05
381.36	2.26225e-05
381.38	2.26424e-05
381.4	2.26621e-05
381.42	2.26818e-05
381.44	2.27014e-05
381.46	2.2721e-05
381.48	2.27406e-05
381.5	2.27601e-05
381.52	2.27795e-05
381.54	2.27989e-05
381.56	2.28182e-05
381.58	2.28375e-05
381.6	2.28567e-05
381.62	2.28759e-05
381.64	2.2895e-05
381.66	2.29141e-05
381.68	2.29331e-05
381.7	2.29521e-05
381.72	2.2971e-05
381.74	2.29899e-05
381.76	2.30087e-05
381.78	2.30275e-05
381.8	2.30463e-05
381.82	2.30649e-05
381.84	2.30836e-05
381.86	2.31022e-05
381.88	2.31207e-05
381.9	2.31392e-05
381.92	2.31576e-05
381.94	2.3176e-05
381.96	2.31944e-05
381.98	2.32127e-05
382	2.3231e-05
382.02	2.32492e-05
382.04	2.32673e-05
382.06	2.32855e-05
382.08	2.33035e-05
382.1	2.33216e-05
382.12	2.33396e-05
382.14	2.33575e-05
382.16	2.33754e-05
382.18	2.33933e-05
382.2	2.34111e-05
382.22	2.34289e-05
382.24	2.34466e-05
382.26	2.34643e-05
382.28	2.34819e-05
382.3	2.34995e-05
382.32	2.35171e-05
382.34	2.35346e-05
382.36	2.35521e-05
382.38	2.35695e-05
382.4	2.35869e-05
382.42	2.36042e-05
382.44	2.36216e-05
382.46	2.36388e-05
382.48	2.36561e-05
382.5	2.36732e-05
382.52	2.36904e-05
382.54	2.37075e-05
382.56	2.37246e-05
382.58	2.37416e-05
382.6	2.37586e-05
382.62	2.37756e-05
382.64	2.37925e-05
382.66	2.38093e-05
382.68	2.38262e-05
382.7	2.3843e-05
382.72	2.38597e-05
382.74	2.38765e-05
382.76	2.38932e-05
382.78	2.39098e-05
382.8	2.39264e-05
382.82	2.3943e-05
382.84	2.39596e-05
382.86	2.39761e-05
382.88	2.39925e-05
382.9	2.4009e-05
382.92	2.40254e-05
382.94	2.40417e-05
382.96	2.40581e-05
382.98	2.40744e-05
383	2.40906e-05
383.02	2.41068e-05
383.04	2.4123e-05
383.06	2.41392e-05
383.08	2.41553e-05
383.1	2.41714e-05
383.12	2.41875e-05
383.14	2.42035e-05
383.16	2.42195e-05
383.18	2.42354e-05
383.2	2.42514e-05
383.22	2.42673e-05
383.24	2.42831e-05
383.26	2.42989e-05
383.28	2.43147e-05
383.3	2.43305e-05
383.32	2.43462e-05
383.34	2.43619e-05
383.36	2.43776e-05
383.38	2.43933e-05
383.4	2.44089e-05
383.42	2.44245e-05
383.44	2.444e-05
383.46	2.44555e-05
383.48	2.4471e-05
383.5	2.44865e-05
383.52	2.45019e-05
383.54	2.45173e-05
383.56	2.45327e-05
383.58	2.4548e-05
383.6	2.45634e-05
383.62	2.45787e-05
383.64	2.45939e-05
383.66	2.46092e-05
383.68	2.46244e-05
383.7	2.46395e-05
383.72	2.46547e-05
383.74	2.46698e-05
383.76	2.46849e-05
383.78	2.47e-05
383.8	2.4715e-05
383.82	2.473e-05
383.84	2.4745e-05
383.86	2.476e-05
383.88	2.47749e-05
383.9	2.47899e-05
383.92	2.48047e-05
383.94	2.48196e-05
383.96	2.48345e-05
383.98	2.48493e-05
384	2.4864e-05
384.02	2.48788e-05
384.04	2.48936e-05
384.06	2.49083e-05
384.08	2.4923e-05
384.1	2.49376e-05
384.12	2.49523e-05
384.14	2.49669e-05
384.16	2.49815e-05
384.18	2.49961e-05
384.2	2.50106e-05
384.22	2.50251e-05
384.24	2.50396e-05
384.26	2.50541e-05
384.28	2.50686e-05
384.3	2.5083e-05
384.32	2.50974e-05
384.34	2.51118e-05
384.36	2.51262e-05
384.38	2.51406e-05
384.4	2.51549e-05
384.42	2.51692e-05
384.44	2.51835e-05
384.46	2.51977e-05
384.48	2.5212e-05
384.5	2.52262e-05
384.52	2.52404e-05
384.54	2.52546e-05
384.56	2.52688e-05
384.58	2.52829e-05
384.6	2.52971e-05
384.62	2.53112e-05
384.64	2.53253e-05
384.66	2.53393e-05
384.68	2.53534e-05
384.7	2.53674e-05
384.72	2.53815e-05
384.74	2.53955e-05
384.76	2.54094e-05
384.78	2.54234e-05
384.8	2.54373e-05
384.82	2.54513e-05
384.84	2.54652e-05
384.86	2.54791e-05
384.88	2.54929e-05
384.9	2.55068e-05
384.92	2.55207e-05
384.94	2.55345e-05
384.96	2.55483e-05
384.98	2.55621e-05
385	2.55759e-05
385.02	2.55896e-05
385.04	2.56034e-05
385.06	2.56171e-05
385.08	2.56308e-05
385.1	2.56445e-05
385.12	2.56582e-05
385.14	2.56719e-05
385.16	2.56855e-05
385.18	2.56992e-05
385.2	2.57128e-05
385.22	2.57264e-05
385.24	2.574e-05
385.26	2.57536e-05
385.28	2.57672e-05
385.3	2.57807e-05
385.32	2.57943e-05
385.34	2.58078e-05
385.36	2.58213e-05
385.38	2.58348e-05
385.4	2.58483e-05
385.42	2.58618e-05
385.44	2.58753e-05
385.46	2.58887e-05
385.48	2.59022e-05
385.5	2.59156e-05
385.52	2.5929e-05
385.54	2.59424e-05
385.56	2.59558e-05
385.58	2.59692e-05
385.6	2.59826e-05
385.62	2.5996e-05
385.64	2.60093e-05
385.66	2.60227e-05
385.68	2.6036e-05
385.7	2.60493e-05
385.72	2.60626e-05
385.74	2.60759e-05
385.76	2.60892e-05
385.78	2.61025e-05
385.8	2.61158e-05
385.82	2.6129e-05
385.84	2.61423e-05
385.86	2.61556e-05
385.88	2.61688e-05
385.9	2.6182e-05
385.92	2.61952e-05
385.94	2.62085e-05
385.96	2.62217e-05
385.98	2.62349e-05
386	2.6248e-05
386.02	2.62612e-05
386.04	2.62744e-05
386.06	2.62876e-05
386.08	2.63007e-05
386.1	2.63139e-05
386.12	2.6327e-05
386.14	2.63402e-05
386.16	2.63533e-05
386.18	2.63664e-05
386.2	2.63795e-05
386.22	2.63927e-05
386.24	2.64058e-05
386.26	2.64189e-05
386.28	2.6432e-05
386.3	2.6445e-05
386.32	2.64581e-05
386.34	2.64712e-05
386.36	2.64843e-05
386.38	2.64973e-05
386.4	2.65104e-05
386.42	2.65235e-05
386.44	2.65365e-05
386.46	2.65496e-05
386.48	2.65626e-05
386.5	2.65757e-05
386.52	2.65887e-05
386.54	2.66017e-05
386.56	2.66148e-05
386.58	2.66278e-05
386.6	2.66408e-05
386.62	2.66538e-05
386.64	2.66669e-05
386.66	2.66799e-05
386.68	2.66929e-05
386.7	2.67059e-05
386.72	2.67189e-05
386.74	2.67319e-05
386.76	2.67449e-05
386.78	2.67579e-05
386.8	2.67709e-05
386.82	2.67839e-05
386.84	2.67969e-05
386.86	2.68099e-05
386.88	2.68229e-05
386.9	2.68359e-05
386.92	2.68489e-05
386.94	2.68619e-05
386.96	2.68749e-05
386.98	2.68879e-05
387	2.69009e-05
387.02	2.69139e-05
387.04	2.69269e-05
387.06	2.69399e-05
387.08	2.69528e-05
387.1	2.69658e-05
387.12	2.69788e-05
387.14	2.69918e-05
387.16	2.70048e-05
387.18	2.70178e-05
387.2	2.70308e-05
387.22	2.70438e-05
387.24	2.70568e-05
387.26	2.70698e-05
387.28	2.70828e-05
387.3	2.70958e-05
387.32	2.71089e-05
387.34	2.71219e-05
387.36	2.71349e-05
387.38	2.71479e-05
387.4	2.71609e-05
387.42	2.7174e-05
387.44	2.7187e-05
387.46	2.72e-05
387.48	2.7213e-05
387.5	2.72261e-05
387.52	2.72391e-05
387.54	2.72522e-05
387.56	2.72652e-05
387.58	2.72783e-05
387.6	2.72913e-05
387.62	2.73044e-05
387.64	2.73175e-05
387.66	2.73306e-05
387.68	2.73436e-05
387.7	2.73567e-05
387.72	2.73698e-05
387.74	2.73829e-05
387.76	2.7396e-05
387.78	2.74091e-05
387.8	2.74222e-05
387.82	2.74354e-05
387.84	2.74485e-05
387.86	2.74616e-05
387.88	2.74748e-05
387.9	2.74879e-05
387.92	2.75011e-05
387.94	2.75142e-05
387.96	2.75274e-05
387.98	2.75406e-05
388	2.75538e-05
388.02	2.7567e-05
388.04	2.75802e-05
388.06	2.75934e-05
388.08	2.76066e-05
388.1	2.76198e-05
388.12	2.76331e-05
388.14	2.76463e-05
388.16	2.76596e-05
388.18	2.76728e-05
388.2	2.76861e-05
388.22	2.76994e-05
388.24	2.77127e-05
388.26	2.7726e-05
388.28	2.77393e-05
388.3	2.77526e-05
388.32	2.77659e-05
388.34	2.77793e-05
388.36	2.77926e-05
388.38	2.7806e-05
388.4	2.78194e-05
388.42	2.78328e-05
388.44	2.78462e-05
388.46	2.78596e-05
388.48	2.7873e-05
388.5	2.78865e-05
388.52	2.78999e-05
388.54	2.79134e-05
388.56	2.79268e-05
388.58	2.79403e-05
388.6	2.79538e-05
388.62	2.79674e-05
388.64	2.79809e-05
388.66	2.79944e-05
388.68	2.8008e-05
388.7	2.80215e-05
388.72	2.80351e-05
388.74	2.80487e-05
388.76	2.80623e-05
388.78	2.8076e-05
388.8	2.80896e-05
388.82	2.81033e-05
388.84	2.81169e-05
388.86	2.81306e-05
388.88	2.81443e-05
388.9	2.81581e-05
388.92	2.81718e-05
388.94	2.81855e-05
388.96	2.81993e-05
388.98	2.82131e-05
389	2.82269e-05
389.02	2.82407e-05
389.04	2.82546e-05
389.06	2.82684e-05
389.08	2.82823e-05
389.1	2.82962e-05
389.12	2.83101e-05
389.14	2.8324e-05
389.16	2.8338e-05
389.18	2.83519e-05
389.2	2.83659e-05
389.22	2.83799e-05
389.24	2.83939e-05
389.26	2.8408e-05
389.28	2.84221e-05
389.3	2.84361e-05
389.32	2.84502e-05
389.34	2.84644e-05
389.36	2.84785e-05
389.38	2.84927e-05
389.4	2.85069e-05
389.42	2.85211e-05
389.44	2.85353e-05
389.46	2.85495e-05
389.48	2.85638e-05
389.5	2.85781e-05
389.52	2.85924e-05
389.54	2.86068e-05
389.56	2.86211e-05
389.58	2.86355e-05
389.6	2.86499e-05
389.62	2.86644e-05
389.64	2.86788e-05
389.66	2.86933e-05
389.68	2.87078e-05
389.7	2.87224e-05
389.72	2.87369e-05
389.74	2.87515e-05
389.76	2.87661e-05
389.78	2.87807e-05
389.8	2.87954e-05
389.82	2.88101e-05
389.84	2.88248e-05
389.86	2.88396e-05
389.88	2.88543e-05
389.9	2.88691e-05
389.92	2.88839e-05
389.94	2.88988e-05
389.96	2.89137e-05
389.98	2.89286e-05
390	2.89435e-05
390.02	2.89585e-05
390.04	2.89735e-05
390.06	2.89885e-05
390.08	2.90035e-05
390.1	2.90186e-05
390.12	2.90337e-05
390.14	2.90489e-05
390.16	2.90641e-05
390.18	2.90793e-05
390.2	2.90945e-05
390.22	2.91098e-05
390.24	2.91251e-05
390.26	2.91404e-05
390.28	2.91558e-05
390.3	2.91712e-05
390.32	2.91866e-05
390.34	2.92021e-05
390.36	2.92176e-05
390.38	2.92331e-05
390.4	2.92487e-05
390.42	2.92643e-05
390.44	2.92799e-05
390.46	2.92956e-05
390.48	2.93113e-05
390.5	2.93271e-05
390.52	2.93429e-05
390.54	2.93587e-05
390.56	2.93745e-05
390.58	2.93904e-05
390.6	2.94064e-05
390.62	2.94224e-05
390.64	2.94384e-05
390.66	2.94544e-05
390.68	2.94705e-05
390.7	2.94867e-05
390.72	2.95028e-05
390.74	2.9519e-05
390.76	2.95353e-05
390.78	2.95516e-05
390.8	2.95679e-05
390.82	2.95843e-05
390.84	2.96007e-05
390.86	2.96172e-05
390.88	2.96337e-05
390.9	2.96503e-05
390.92	2.96669e-05
390.94	2.96835e-05
390.96	2.97002e-05
390.98	2.97169e-05
391	2.97337e-05
391.02	2.97505e-05
391.04	2.97674e-05
391.06	2.97843e-05
391.08	2.98013e-05
391.1	2.98183e-05
391.12	2.98354e-05
391.14	2.98525e-05
391.16	2.98697e-05
391.18	2.98869e-05
391.2	2.99042e-05
391.22	2.99215e-05
391.24	2.99389e-05
391.26	2.99563e-05
391.28	2.99738e-05
391.3	2.99913e-05
391.32	3.00089e-05
391.34	3.00265e-05
391.36	3.00442e-05
391.38	3.00619e-05
391.4	3.00798e-05
391.42	3.00976e-05
391.44	3.01155e-05
391.46	3.01335e-05
391.48	3.01515e-05
391.5	3.01696e-05
391.52	3.01878e-05
391.54	3.0206e-05
391.56	3.02243e-05
391.58	3.02426e-05
391.6	3.0261e-05
391.62	3.02795e-05
391.64	3.0298e-05
391.66	3.03166e-05
391.68	3.03352e-05
391.7	3.0354e-05
391.72	3.03728e-05
391.74	3.03916e-05
391.76	3.04105e-05
391.78	3.04295e-05
391.8	3.04486e-05
391.82	3.04677e-05
391.84	3.04869e-05
391.86	3.05062e-05
391.88	3.05255e-05
391.9	3.05449e-05
391.92	3.05644e-05
391.94	3.0584e-05
391.96	3.06036e-05
391.98	3.06233e-05
392	3.06431e-05
392.02	3.0663e-05
392.04	3.06829e-05
392.06	3.0703e-05
392.08	3.07231e-05
392.1	3.07433e-05
392.12	3.07635e-05
392.14	3.07839e-05
392.16	3.08043e-05
392.18	3.08249e-05
392.2	3.08455e-05
392.22	3.08662e-05
392.24	3.0887e-05
392.26	3.09078e-05
392.28	3.09288e-05
392.3	3.09499e-05
392.32	3.0971e-05
392.34	3.09923e-05
392.36	3.10136e-05
392.38	3.10351e-05
392.4	3.10566e-05
392.42	3.10782e-05
392.44	3.11e-05
392.46	3.11218e-05
392.48	3.11438e-05
392.5	3.11658e-05
392.52	3.1188e-05
392.54	3.12102e-05
392.56	3.12326e-05
392.58	3.12551e-05
392.6	3.12776e-05
392.62	3.13003e-05
392.64	3.13232e-05
392.66	3.13461e-05
392.68	3.13691e-05
392.7	3.13923e-05
392.72	3.14156e-05
392.74	3.1439e-05
392.76	3.14625e-05
392.78	3.14862e-05
392.8	3.151e-05
392.82	3.15339e-05
392.84	3.15579e-05
392.86	3.15821e-05
392.88	3.16064e-05
392.9	3.16309e-05
392.92	3.16555e-05
392.94	3.16802e-05
392.96	3.17051e-05
392.98	3.17301e-05
393	3.17553e-05
393.02	3.17806e-05
393.04	3.18061e-05
393.06	3.18317e-05
393.08	3.18575e-05
393.1	3.18835e-05
393.12	3.19096e-05
393.14	3.19359e-05
393.16	3.19623e-05
393.18	3.19889e-05
393.2	3.20157e-05
393.22	3.20427e-05
393.24	3.20698e-05
393.26	3.20972e-05
393.28	3.21247e-05
393.3	3.21524e-05
393.32	3.21803e-05
393.34	3.22084e-05
393.36	3.22367e-05
393.38	3.22652e-05
393.4	3.22939e-05
393.42	3.23229e-05
393.44	3.2352e-05
393.46	3.23814e-05
393.48	3.2411e-05
393.5	3.24408e-05
393.52	3.24709e-05
393.54	3.25012e-05
393.56	3.25317e-05
393.58	3.25625e-05
393.6	3.25935e-05
393.62	3.26248e-05
393.64	3.26564e-05
393.66	3.26883e-05
393.68	3.27204e-05
393.7	3.27528e-05
393.72	3.27855e-05
393.74	3.28185e-05
393.76	3.28518e-05
393.78	3.28854e-05
393.8	3.29193e-05
393.82	3.29536e-05
393.84	3.29882e-05
393.86	3.30231e-05
393.88	3.30584e-05
393.9	3.30941e-05
393.92	3.31301e-05
393.94	3.31665e-05
393.96	3.32033e-05
393.98	3.32405e-05
394	3.32781e-05
394.02	3.33162e-05
394.04	3.33547e-05
394.06	3.33936e-05
394.08	3.3433e-05
394.1	3.34729e-05
394.12	3.35133e-05
394.14	3.35542e-05
394.16	3.35956e-05
394.18	3.36376e-05
394.2	3.36801e-05
394.22	3.37232e-05
394.24	3.37669e-05
394.26	3.38113e-05
394.28	3.38563e-05
394.3	3.39019e-05
394.32	3.39483e-05
394.34	3.39954e-05
394.36	3.40433e-05
394.38	3.40919e-05
394.4	3.41414e-05
394.42	3.41917e-05
394.44	3.42429e-05
394.46	3.4295e-05
394.48	3.43482e-05
394.5	3.44023e-05
394.52	3.44575e-05
394.54	3.45138e-05
394.56	3.45714e-05
394.58	3.46301e-05
394.6	3.46902e-05
394.62	3.47516e-05
394.64	3.48146e-05
394.66	3.4879e-05
394.68	3.49452e-05
394.7	3.5013e-05
394.72	3.50827e-05
394.74	3.51545e-05
394.76	3.52283e-05
394.78	3.53044e-05
394.8	3.5383e-05
394.82	3.54642e-05
394.84	3.55482e-05
394.86	3.56353e-05
394.88	3.57258e-05
394.9	3.582e-05
394.92	3.59181e-05
394.94	3.60207e-05
394.96	3.61281e-05
394.98	3.62409e-05
395	3.63597e-05
395.02	3.64853e-05
395.04	3.66184e-05
395.06	3.67601e-05
395.08	3.69117e-05
395.1	3.70746e-05
395.12	3.72507e-05
395.14	3.74423e-05
395.16	3.76522e-05
395.18	3.78843e-05
395.2	3.81433e-05
395.22	3.84358e-05
395.24	3.87706e-05
395.26	3.91605e-05
395.28	3.96236e-05
395.3	4.0188e-05
395.32	4.08983e-05
395.34	4.18309e-05
395.36	4.31277e-05
395.38	4.50824e-05
395.4	4.83924e-05
395.42	5.49733e-05
395.44	7.00667e-05
395.46	0.000101384
395.48	0.000145167
395.5	0.000183602
395.52	0.000206715
395.54	0.000215826
395.56	0.000213395
395.58	0.000199323
395.6	0.000174857
395.62	0.000144183
395.64	0.000112604
395.66	8.43324e-05
395.68	6.15559e-05
395.7	4.46514e-05
395.72	3.28246e-05
395.74	2.48352e-05
395.76	1.95109e-05
395.78	1.59458e-05
395.8	1.35158e-05
395.82	1.18282e-05
395.84	1.0648e-05
395.86	9.82883e-06
395.88	9.27078e-06
395.9	8.90103e-06
395.92	8.66575e-06
395.94	8.52546e-06
395.96	8.45167e-06
395.98	8.42395e-06
396	8.42813e-06
396.02	8.45432e-06
396.04	8.49555e-06
396.06	8.54695e-06
396.08	8.6051e-06
396.1	8.66765e-06
396.12	8.73304e-06
396.14	8.80023e-06
396.16	8.8686e-06
396.18	8.93779e-06
396.2	9.0076e-06
396.22	9.07799e-06
396.24	9.14895e-06
396.26	9.22054e-06
396.28	9.29281e-06
396.3	9.36583e-06
396.32	9.43968e-06
396.34	9.51441e-06
396.36	9.59006e-06
396.38	9.66667e-06
396.4	9.74424e-06
396.42	9.82279e-06
396.44	9.90229e-06
396.46	9.98273e-06
396.48	1.00641e-05
396.5	1.01463e-05
396.52	1.02293e-05
396.54	1.0313e-05
396.56	1.03975e-05
396.58	1.04825e-05
396.6	1.05681e-05
396.62	1.06542e-05
396.64	1.07407e-05
396.66	1.08275e-05
396.68	1.09145e-05
396.7	1.10018e-05
396.72	1.10891e-05
396.74	1.11764e-05
396.76	1.12636e-05
396.78	1.13508e-05
396.8	1.14377e-05
396.82	1.15243e-05
396.84	1.16107e-05
396.86	1.16966e-05
396.88	1.17821e-05
396.9	1.1867e-05
396.92	1.19514e-05
396.94	1.20351e-05
396.96	1.21183e-05
396.98	1.22006e-05
397	1.22823e-05
397.02	1.23632e-05
397.04	1.24432e-05
397.06	1.25224e-05
397.08	1.26008e-05
397.1	1.26782e-05
397.12	1.27547e-05
397.14	1.28303e-05
397.16	1.2905e-05
397.18	1.29787e-05
397.2	1.30515e-05
397.22	1.31233e-05
397.24	1.31941e-05
397.26	1.32639e-05
397.28	1.33328e-05
397.3	1.34008e-05
397.32	1.34677e-05
397.34	1.35338e-05
397.36	1.35988e-05
397.38	1.3663e-05
397.4	1.37262e-05
397.42	1.37886e-05
397.44	1.385e-05
397.46	1.39105e-05
397.48	1.39702e-05
397.5	1.40291e-05
397.52	1.40871e-05
397.54	1.41444e-05
397.56	1.42008e-05
397.58	1.42565e-05
397.6	1.43115e-05
397.62	1.43658e-05
397.64	1.44194e-05
397.66	1.44723e-05
397.68	1.45245e-05
397.7	1.45762e-05
397.72	1.46272e-05
397.74	1.46776e-05
397.76	1.47275e-05
397.78	1.47768e-05
397.8	1.48256e-05
397.82	1.48738e-05
397.84	1.49216e-05
397.86	1.49689e-05
397.88	1.50157e-05
397.9	1.50621e-05
397.92	1.5108e-05
397.94	1.51536e-05
397.96	1.51987e-05
397.98	1.52435e-05
398	1.52878e-05
398.02	1.53319e-05
398.04	1.53755e-05
398.06	1.54189e-05
398.08	1.54619e-05
398.1	1.55046e-05
398.12	1.5547e-05
398.14	1.55892e-05
398.16	1.5631e-05
398.18	1.56726e-05
398.2	1.57139e-05
398.22	1.5755e-05
398.24	1.57958e-05
398.26	1.58364e-05
398.28	1.58768e-05
398.3	1.59169e-05
398.32	1.59569e-05
398.34	1.59966e-05
398.36	1.60362e-05
398.38	1.60755e-05
398.4	1.61147e-05
398.42	1.61537e-05
398.44	1.61925e-05
398.46	1.62311e-05
398.48	1.62696e-05
398.5	1.63079e-05
398.52	1.63461e-05
398.54	1.63841e-05
398.56	1.64219e-05
398.58	1.64597e-05
398.6	1.64972e-05
398.62	1.65347e-05
398.64	1.6572e-05
398.66	1.66092e-05
398.68	1.66462e-05
398.7	1.66831e-05
398.72	1.67199e-05
398.74	1.67566e-05
398.76	1.67932e-05
398.78	1.68296e-05
398.8	1.68659e-05
398.82	1.69022e-05
398.84	1.69383e-05
398.86	1.69743e-05
398.88	1.70101e-05
398.9	1.70459e-05
398.92	1.70816e-05
398.94	1.71172e-05
398.96	1.71526e-05
398.98	1.7188e-05
399	1.72233e-05
399.02	1.72585e-05
399.04	1.72935e-05
399.06	1.73285e-05
399.08	1.73634e-05
399.1	1.73982e-05
399.12	1.74329e-05
399.14	1.74675e-05
399.16	1.7502e-05
399.18	1.75364e-05
399.2	1.75707e-05
399.22	1.76049e-05
399.24	1.76391e-05
399.26	1.76731e-05
399.28	1.77071e-05
399.3	1.77409e-05
399.32	1.77747e-05
399.34	1.78084e-05
399.36	1.7842e-05
399.38	1.78755e-05
399.4	1.79089e-05
399.42	1.79423e-05
399.44	1.79755e-05
399.46	1.80087e-05
399.48	1.80418e-05
399.5	1.80747e-05
399.52	1.81076e-05
399.54	1.81404e-05
399.56	1.81732e-05
399.58	1.82058e-05
399.6	1.82384e-05
399.62	1.82708e-05
399.64	1.83032e-05
399.66	1.83355e-05
399.68	1.83677e-05
399.7	1.83998e-05
399.72	1.84319e-05
399.74	1.84638e-05
399.76	1.84957e-05
399.78	1.85275e-05
399.8	1.85592e-05
399.82	1.85908e-05
399.84	1.86223e-05
399.86	1.86537e-05
399.88	1.86851e-05
399.9	1.87163e-05
399.92	1.87475e-05
399.94	1.87786e-05
399.96	1.88096e-05
399.98	1.88406e-05
400	1.88714e-05
400.02	1.89022e-05
400.04	1.89328e-05
400.06	1.89634e-05
400.08	1.89939e-05
400.1	1.90243e-05
400.12	1.90547e-05
400.14	1.90849e-05
400.16	1.91151e-05
400.18	1.91452e-05
400.2	1.91752e-05
400.22	1.92051e-05
400.24	1.92349e-05
400.26	1.92646e-05
400.28	1.92943e-05
400.3	1.93239e-05
400.32	1.93534e-05
400.34	1.93828e-05
400.36	1.94121e-05
400.38	1.94413e-05
400.4	1.94705e-05
400.42	1.94995e-05
400.44	1.95285e-05
400.46	1.95574e-05
400.48	1.95862e-05
400.5	1.9615e-05
400.52	1.96436e-05
400.54	1.96722e-05
400.56	1.97007e-05
400.58	1.97291e-05
400.6	1.97574e-05
400.62	1.97856e-05
400.64	1.98138e-05
400.66	1.98418e-05
400.68	1.98698e-05
400.7	1.98977e-05
400.72	1.99255e-05
400.74	1.99533e-05
400.76	1.99809e-05
400.78	2.00085e-05
400.8	2.0036e-05
400.82	2.00634e-05
400.84	2.00907e-05
400.86	2.0118e-05
400.88	2.01451e-05
400.9	2.01722e-05
400.92	2.01992e-05
400.94	2.02261e-05
400.96	2.0253e-05
400.98	2.02797e-05
401	2.03064e-05
401.02	2.0333e-05
401.04	2.03595e-05
401.06	2.0386e-05
401.08	2.04123e-05
401.1	2.04386e-05
401.12	2.04648e-05
401.14	2.04909e-05
401.16	2.0517e-05
401.18	2.05429e-05
401.2	2.05688e-05
401.22	2.05946e-05
401.24	2.06204e-05
401.26	2.0646e-05
401.28	2.06716e-05
401.3	2.06971e-05
401.32	2.07225e-05
401.34	2.07479e-05
401.36	2.07732e-05
401.38	2.07983e-05
401.4	2.08235e-05
401.42	2.08485e-05
401.44	2.08735e-05
401.46	2.08984e-05
401.48	2.09232e-05
401.5	2.09479e-05
401.52	2.09726e-05
401.54	2.09972e-05
401.56	2.10217e-05
401.58	2.10461e-05
401.6	2.10705e-05
401.62	2.10948e-05
401.64	2.1119e-05
401.66	2.11432e-05
401.68	2.11673e-05
401.7	2.11913e-05
401.72	2.12152e-05
401.74	2.12391e-05
401.76	2.12629e-05
401.78	2.12866e-05
401.8	2.13102e-05
401.82	2.13338e-05
401.84	2.13573e-05
401.86	2.13807e-05
401.88	2.14041e-05
401.9	2.14274e-05
401.92	2.14506e-05
401.94	2.14738e-05
401.96	2.14969e-05
401.98	2.15199e-05
402	2.15429e-05
402.02	2.15658e-05
402.04	2.15886e-05
402.06	2.16113e-05
402.08	2.1634e-05
402.1	2.16566e-05
402.12	2.16792e-05
402.14	2.17017e-05
402.16	2.17241e-05
402.18	2.17464e-05
402.2	2.17687e-05
402.22	2.17909e-05
402.24	2.18131e-05
402.26	2.18352e-05
402.28	2.18572e-05
402.3	2.18792e-05
402.32	2.19011e-05
402.34	2.19229e-05
402.36	2.19447e-05
402.38	2.19664e-05
402.4	2.1988e-05
402.42	2.20096e-05
402.44	2.20311e-05
402.46	2.20526e-05
402.48	2.2074e-05
402.5	2.20953e-05
402.52	2.21166e-05
402.54	2.21378e-05
402.56	2.2159e-05
402.58	2.21801e-05
402.6	2.22011e-05
402.62	2.22221e-05
402.64	2.2243e-05
402.66	2.22639e-05
402.68	2.22847e-05
402.7	2.23054e-05
402.72	2.23261e-05
402.74	2.23467e-05
402.76	2.23673e-05
402.78	2.23878e-05
402.8	2.24083e-05
402.82	2.24287e-05
402.84	2.2449e-05
402.86	2.24693e-05
402.88	2.24895e-05
402.9	2.25097e-05
402.92	2.25298e-05
402.94	2.25499e-05
402.96	2.25699e-05
402.98	2.25898e-05
403	2.26097e-05
403.02	2.26296e-05
403.04	2.26494e-05
403.06	2.26691e-05
403.08	2.26888e-05
403.1	2.27084e-05
403.12	2.2728e-05
403.14	2.27475e-05
403.16	2.2767e-05
403.18	2.27864e-05
403.2	2.28058e-05
403.22	2.28251e-05
403.24	2.28444e-05
403.26	2.28636e-05
403.28	2.28828e-05
403.3	2.29019e-05
403.32	2.2921e-05
403.34	2.294e-05
403.36	2.29589e-05
403.38	2.29779e-05
403.4	2.29967e-05
403.42	2.30155e-05
403.44	2.30343e-05
403.46	2.3053e-05
403.48	2.30717e-05
403.5	2.30903e-05
403.52	2.31089e-05
403.54	2.31274e-05
403.56	2.31459e-05
403.58	2.31643e-05
403.6	2.31827e-05
403.62	2.32011e-05
403.64	2.32194e-05
403.66	2.32376e-05
403.68	2.32558e-05
403.7	2.3274e-05
403.72	2.32921e-05
403.74	2.33102e-05
403.76	2.33282e-05
403.78	2.33462e-05
403.8	2.33641e-05
403.82	2.3382e-05
403.84	2.33999e-05
403.86	2.34177e-05
403.88	2.34354e-05
403.9	2.34531e-05
403.92	2.34708e-05
403.94	2.34884e-05
403.96	2.3506e-05
403.98	2.35236e-05
404	2.35411e-05
404.02	2.35586e-05
404.04	2.3576e-05
404.06	2.35934e-05
404.08	2.36107e-05
404.1	2.3628e-05
404.12	2.36453e-05
404.14	2.36625e-05
404.16	2.36797e-05
404.18	2.36968e-05
404.2	2.37139e-05
404.22	2.3731e-05
404.24	2.3748e-05
404.26	2.3765e-05
404.28	2.37819e-05
404.3	2.37988e-05
404.32	2.38157e-05
404.34	2.38325e-05
404.36	2.38493e-05
404.38	2.38661e-05
404.4	2.38828e-05
404.42	2.38995e-05
404.44	2.39161e-05
404.46	2.39327e-05
404.48	2.39493e-05
404.5	2.39658e-05
404.52	2.39823e-05
404.54	2.39988e-05
404.56	2.40152e-05
404.58	2.40316e-05
404.6	2.4048e-05
404.62	2.40643e-05
404.64	2.40806e-05
404.66	2.40968e-05
404.68	2.41131e-05
404.7	2.41293e-05
404.72	2.41454e-05
404.74	2.41615e-05
404.76	2.41776e-05
404.78	2.41937e-05
404.8	2.42097e-05
404.82	2.42257e-05
404.84	2.42416e-05
404.86	2.42575e-05
404.88	2.42734e-05
404.9	2.42893e-05
404.92	2.43051e-05
404.94	2.43209e-05
404.96	2.43367e-05
404.98	2.43524e-05
405	2.43681e-05
405.02	2.43838e-05
405.04	2.43994e-05
405.06	2.4415e-05
405.08	2.44306e-05
405.1	2.44461e-05
405.12	2.44616e-05
405.14	2.44771e-05
405.16	2.44926e-05
405.18	2.4508e-05
405.2	2.45234e-05
405.22	2.45388e-05
405.24	2.45541e-05
405.26	2.45694e-05
405.28	2.45847e-05
405.3	2.46e-05
405.32	2.46152e-05
405.34	2.46304e-05
405.36	2.46456e-05
405.38	2.46607e-05
405.4	2.46759e-05
405.42	2.4691e-05
405.44	2.4706e-05
405.46	2.47211e-05
405.48	2.47361e-05
405.5	2.47511e-05
405.52	2.4766e-05
405.54	2.4781e-05
405.56	2.47959e-05
405.58	2.48108e-05
405.6	2.48256e-05
405.62	2.48405e-05
405.64	2.48553e-05
405.66	2.487e-05
405.68	2.48848e-05
405.7	2.48995e-05
405.72	2.49143e-05
405.74	2.49289e-05
405.76	2.49436e-05
405.78	2.49582e-05
405.8	2.49729e-05
405.82	2.49875e-05
405.84	2.5002e-05
405.86	2.50166e-05
405.88	2.50311e-05
405.9	2.50456e-05
405.92	2.50601e-05
405.94	2.50745e-05
405.96	2.5089e-05
405.98	2.51034e-05
406	2.51178e-05
406.02	2.51322e-05
406.04	2.51465e-05
406.06	2.51608e-05
406.08	2.51751e-05
406.1	2.51894e-05
406.12	2.52037e-05
406.14	2.52179e-05
406.16	2.52322e-05
406.18	2.52464e-05
406.2	2.52606e-05
406.22	2.52747e-05
406.24	2.52889e-05
406.26	2.5303e-05
406.28	2.53171e-05
406.3	2.53312e-05
406.32	2.53453e-05
406.34	2.53593e-05
406.36	2.53734e-05
406.38	2.53874e-05
406.4	2.54014e-05
406.42	2.54154e-05
406.44	2.54293e-05
406.46	2.54433e-05
406.48	2.54572e-05
406.5	2.54711e-05
406.52	2.5485e-05
406.54	2.54989e-05
406.56	2.55127e-05
406.58	2.55266e-05
406.6	2.55404e-05
406.62	2.55542e-05
406.64	2.5568e-05
406.66	2.55818e-05
406.68	2.55956e-05
406.7	2.56093e-05
406.72	2.5623e-05
406.74	2.56368e-05
406.76	2.56505e-05
406.78	2.56642e-05
406.8	2.56778e-05
406.82	2.56915e-05
406.84	2.57051e-05
406.86	2.57187e-05
406.88	2.57324e-05
406.9	2.5746e-05
406.92	2.57595e-05
406.94	2.57731e-05
406.96	2.57867e-05
406.98	2.58002e-05
407	2.58138e-05
407.02	2.58273e-05
407.04	2.58408e-05
407.06	2.58543e-05
407.08	2.58678e-05
407.1	2.58812e-05
407.12	2.58947e-05
407.14	2.59081e-05
407.16	2.59216e-05
407.18	2.5935e-05
407.2	2.59484e-05
407.22	2.59618e-05
407.24	2.59752e-05
407.26	2.59886e-05
407.28	2.6002e-05
407.3	2.60153e-05
407.32	2.60287e-05
407.34	2.6042e-05
407.36	2.60553e-05
407.38	2.60686e-05
407.4	2.60819e-05
407.42	2.60952e-05
407.44	2.61085e-05
407.46	2.61218e-05
407.48	2.61351e-05
407.5	2.61483e-05
407.52	2.61616e-05
407.54	2.61748e-05
407.56	2.61881e-05
407.58	2.62013e-05
407.6	2.62145e-05
407.62	2.62277e-05
407.64	2.62409e-05
407.66	2.62541e-05
407.68	2.62673e-05
407.7	2.62805e-05
407.72	2.62936e-05
407.74	2.63068e-05
407.76	2.632e-05
407.78	2.63331e-05
407.8	2.63462e-05
407.82	2.63594e-05
407.84	2.63725e-05
407.86	2.63856e-05
407.88	2.63988e-05
407.9	2.64119e-05
407.92	2.6425e-05
407.94	2.64381e-05
407.96	2.64512e-05
407.98	2.64643e-05
408	2.64773e-05
408.02	2.64904e-05
408.04	2.65035e-05
408.06	2.65166e-05
408.08	2.65296e-05
408.1	2.65427e-05
408.12	2.65557e-05
408.14	2.65688e-05
408.16	2.65818e-05
408.18	2.65949e-05
408.2	2.66079e-05
408.22	2.6621e-05
408.24	2.6634e-05
408.26	2.6647e-05
408.28	2.66601e-05
408.3	2.66731e-05
408.32	2.66861e-05
408.34	2.66991e-05
408.36	2.67121e-05
408.38	2.67252e-05
408.4	2.67382e-05
408.42	2.67512e-05
408.44	2.67642e-05
408.46	2.67772e-05
408.48	2.67902e-05
408.5	2.68032e-05
408.52	2.68162e-05
408.54	2.68292e-05
408.56	2.68422e-05
408.58	2.68552e-05
408.6	2.68682e-05
408.62	2.68812e-05
408.64	2.68942e-05
408.66	2.69072e-05
408.68	2.69202e-05
408.7	2.69332e-05
408.72	2.69462e-05
408.74	2.69592e-05
408.76	2.69722e-05
408.78	2.69852e-05
408.8	2.69982e-05
408.82	2.70112e-05
408.84	2.70242e-05
408.86	2.70373e-05
408.88	2.70503e-05
408.9	2.70633e-05
408.92	2.70763e-05
408.94	2.70893e-05
408.96	2.71023e-05
408.98	2.71153e-05
409	2.71284e-05
409.02	2.71414e-05
409.04	2.71544e-05
409.06	2.71674e-05
409.08	2.71805e-05
409.1	2.71935e-05
409.12	2.72066e-05
409.14	2.72196e-05
409.16	2.72327e-05
409.18	2.72457e-05
409.2	2.72588e-05
409.22	2.72718e-05
409.24	2.72849e-05
409.26	2.7298e-05
409.28	2.7311e-05
409.3	2.73241e-05
409.32	2.73372e-05
409.34	2.73503e-05
409.36	2.73634e-05
409.38	2.73765e-05
409.4	2.73896e-05
409.42	2.74027e-05
409.44	2.74158e-05
409.46	2.7429e-05
409.48	2.74421e-05
409.5	2.74552e-05
409.52	2.74684e-05
409.54	2.74815e-05
409.56	2.74947e-05
409.58	2.75079e-05
409.6	2.7521e-05
409.62	2.75342e-05
409.64	2.75474e-05
409.66	2.75606e-05
409.68	2.75738e-05
409.7	2.7587e-05
409.72	2.76002e-05
409.74	2.76135e-05
409.76	2.76267e-05
409.78	2.764e-05
409.8	2.76532e-05
409.82	2.76665e-05
409.84	2.76798e-05
409.86	2.76931e-05
409.88	2.77063e-05
409.9	2.77197e-05
409.92	2.7733e-05
409.94	2.77463e-05
409.96	2.77596e-05
409.98	2.7773e-05
410	2.77863e-05
410.02	2.77997e-05
410.04	2.78131e-05
410.06	2.78265e-05
410.08	2.78399e-05
410.1	2.78533e-05
410.12	2.78667e-05
410.14	2.78802e-05
410.16	2.78936e-05
410.18	2.79071e-05
410.2	2.79206e-05
410.22	2.79341e-05
410.24	2.79476e-05
410.26	2.79611e-05
410.28	2.79746e-05
410.3	2.79881e-05
410.32	2.80017e-05
410.34	2.80153e-05
410.36	2.80289e-05
410.38	2.80425e-05
410.4	2.80561e-05
410.42	2.80697e-05
410.44	2.80833e-05
410.46	2.8097e-05
410.48	2.81107e-05
410.5	2.81244e-05
410.52	2.81381e-05
410.54	2.81518e-05
410.56	2.81655e-05
410.58	2.81793e-05
410.6	2.81931e-05
410.62	2.82068e-05
410.64	2.82206e-05
410.66	2.82345e-05
410.68	2.82483e-05
410.7	2.82622e-05
410.72	2.8276e-05
410.74	2.82899e-05
410.76	2.83038e-05
410.78	2.83178e-05
410.8	2.83317e-05
410.82	2.83457e-05
410.84	2.83597e-05
410.86	2.83737e-05
410.88	2.83877e-05
410.9	2.84017e-05
410.92	2.84158e-05
410.94	2.84299e-05
410.96	2.8444e-05
410.98	2.84581e-05
411	2.84722e-05
411.02	2.84864e-05
411.04	2.85006e-05
411.06	2.85148e-05
411.08	2.8529e-05
411.1	2.85433e-05
411.12	2.85575e-05
411.14	2.85718e-05
411.16	2.85862e-05
411.18	2.86005e-05
411.2	2.86149e-05
411.22	2.86292e-05
411.24	2.86437e-05
411.26	2.86581e-05
411.28	2.86725e-05
411.3	2.8687e-05
411.32	2.87015e-05
411.34	2.87161e-05
411.36	2.87306e-05
411.38	2.87452e-05
411.4	2.87598e-05
411.42	2.87744e-05
411.44	2.87891e-05
411.46	2.88038e-05
411.48	2.88185e-05
411.5	2.88332e-05
411.52	2.8848e-05
411.54	2.88628e-05
411.56	2.88776e-05
411.58	2.88924e-05
411.6	2.89073e-05
411.62	2.89222e-05
411.64	2.89371e-05
411.66	2.89521e-05
411.68	2.89671e-05
411.7	2.89821e-05
411.72	2.89972e-05
411.74	2.90122e-05
411.76	2.90274e-05
411.78	2.90425e-05
411.8	2.90577e-05
411.82	2.90729e-05
411.84	2.90881e-05
411.86	2.91034e-05
411.88	2.91187e-05
411.9	2.9134e-05
411.92	2.91493e-05
411.94	2.91647e-05
411.96	2.91802e-05
411.98	2.91956e-05
412	2.92111e-05
412.02	2.92267e-05
412.04	2.92422e-05
412.06	2.92578e-05
412.08	2.92735e-05
412.1	2.92891e-05
412.12	2.93048e-05
412.14	2.93206e-05
412.16	2.93364e-05
412.18	2.93522e-05
412.2	2.9368e-05
412.22	2.93839e-05
412.24	2.93998e-05
412.26	2.94158e-05
412.28	2.94318e-05
412.3	2.94479e-05
412.32	2.9464e-05
412.34	2.94801e-05
412.36	2.94962e-05
412.38	2.95125e-05
412.4	2.95287e-05
412.42	2.9545e-05
412.44	2.95613e-05
412.46	2.95777e-05
412.48	2.95941e-05
412.5	2.96106e-05
412.52	2.96271e-05
412.54	2.96436e-05
412.56	2.96602e-05
412.58	2.96768e-05
412.6	2.96935e-05
412.62	2.97102e-05
412.64	2.9727e-05
412.66	2.97438e-05
412.68	2.97607e-05
412.7	2.97776e-05
412.72	2.97946e-05
412.74	2.98116e-05
412.76	2.98286e-05
412.78	2.98457e-05
412.8	2.98629e-05
412.82	2.98801e-05
412.84	2.98974e-05
412.86	2.99147e-05
412.88	2.9932e-05
412.9	2.99494e-05
412.92	2.99669e-05
412.94	2.99844e-05
412.96	3.0002e-05
412.98	3.00196e-05
413	3.00373e-05
413.02	3.0055e-05
413.04	3.00728e-05
413.06	3.00907e-05
413.08	3.01086e-05
413.1	3.01265e-05
413.12	3.01446e-05
413.14	3.01626e-05
413.16	3.01808e-05
413.18	3.0199e-05
413.2	3.02172e-05
413.22	3.02356e-05
413.24	3.02539e-05
413.26	3.02724e-05
413.28	3.02909e-05
413.3	3.03095e-05
413.32	3.03281e-05
413.34	3.03468e-05
413.36	3.03656e-05
413.38	3.03844e-05
413.4	3.04033e-05
413.42	3.04223e-05
413.44	3.04413e-05
413.46	3.04604e-05
413.48	3.04796e-05
413.5	3.04989e-05
413.52	3.05182e-05
413.54	3.05376e-05
413.56	3.05571e-05
413.58	3.05766e-05
413.6	3.05962e-05
413.62	3.06159e-05
413.64	3.06357e-05
413.66	3.06555e-05
413.68	3.06755e-05
413.7	3.06955e-05
413.72	3.07156e-05
413.74	3.07357e-05
413.76	3.0756e-05
413.78	3.07763e-05
413.8	3.07968e-05
413.82	3.08173e-05
413.84	3.08378e-05
413.86	3.08585e-05
413.88	3.08793e-05
413.9	3.09001e-05
413.92	3.09211e-05
413.94	3.09421e-05
413.96	3.09633e-05
413.98	3.09845e-05
414	3.10058e-05
414.02	3.10272e-05
414.04	3.10487e-05
414.06	3.10703e-05
414.08	3.10921e-05
414.1	3.11139e-05
414.12	3.11358e-05
414.14	3.11578e-05
414.16	3.11799e-05
414.18	3.12022e-05
414.2	3.12245e-05
414.22	3.12469e-05
414.24	3.12695e-05
414.26	3.12922e-05
414.28	3.1315e-05
414.3	3.13379e-05
414.32	3.13609e-05
414.34	3.1384e-05
414.36	3.14073e-05
414.38	3.14306e-05
414.4	3.14541e-05
414.42	3.14778e-05
414.44	3.15015e-05
414.46	3.15254e-05
414.48	3.15494e-05
414.5	3.15735e-05
414.52	3.15978e-05
414.54	3.16222e-05
414.56	3.16468e-05
414.58	3.16715e-05
414.6	3.16963e-05
414.62	3.17213e-05
414.64	3.17465e-05
414.66	3.17717e-05
414.68	3.17972e-05
414.7	3.18228e-05
414.72	3.18485e-05
414.74	3.18744e-05
414.76	3.19005e-05
414.78	3.19267e-05
414.8	3.19531e-05
414.82	3.19797e-05
414.84	3.20064e-05
414.86	3.20333e-05
414.88	3.20604e-05
414.9	3.20877e-05
414.92	3.21152e-05
414.94	3.21429e-05
414.96	3.21707e-05
414.98	3.21988e-05
415	3.2227e-05
415.02	3.22555e-05
415.04	3.22841e-05
415.06	3.2313e-05
415.08	3.23421e-05
415.1	3.23714e-05
415.12	3.24009e-05
415.14	3.24307e-05
415.16	3.24607e-05
415.18	3.24909e-05
415.2	3.25214e-05
415.22	3.25521e-05
415.24	3.25831e-05
415.26	3.26143e-05
415.28	3.26458e-05
415.3	3.26776e-05
415.32	3.27096e-05
415.34	3.27419e-05
415.36	3.27745e-05
415.38	3.28075e-05
415.4	3.28407e-05
415.42	3.28742e-05
415.44	3.2908e-05
415.46	3.29422e-05
415.48	3.29767e-05
415.5	3.30115e-05
415.52	3.30467e-05
415.54	3.30823e-05
415.56	3.31182e-05
415.58	3.31545e-05
415.6	3.31912e-05
415.62	3.32283e-05
415.64	3.32658e-05
415.66	3.33037e-05
415.68	3.33421e-05
415.7	3.33809e-05
415.72	3.34202e-05
415.74	3.34599e-05
415.76	3.35001e-05
415.78	3.35409e-05
415.8	3.35822e-05
415.82	3.3624e-05
415.84	3.36664e-05
415.86	3.37093e-05
415.88	3.37528e-05
415.9	3.3797e-05
415.92	3.38418e-05
415.94	3.38873e-05
415.96	3.39335e-05
415.98	3.39804e-05
416	3.4028e-05
416.02	3.40764e-05
416.04	3.41256e-05
416.06	3.41757e-05
416.08	3.42266e-05
416.1	3.42785e-05
416.12	3.43313e-05
416.14	3.43852e-05
416.16	3.44401e-05
416.18	3.44961e-05
416.2	3.45533e-05
416.22	3.46117e-05
416.24	3.46713e-05
416.26	3.47324e-05
416.28	3.47949e-05
416.3	3.48589e-05
416.32	3.49245e-05
416.34	3.49919e-05
416.36	3.50611e-05
416.38	3.51322e-05
416.4	3.52054e-05
416.42	3.52808e-05
416.44	3.53587e-05
416.46	3.54391e-05
416.48	3.55223e-05
416.5	3.56085e-05
416.52	3.5698e-05
416.54	3.57911e-05
416.56	3.5888e-05
416.58	3.59893e-05
416.6	3.60952e-05
416.62	3.62064e-05
416.64	3.63234e-05
416.66	3.64469e-05
416.68	3.65778e-05
416.7	3.67169e-05
416.72	3.68655e-05
416.74	3.70249e-05
416.76	3.7197e-05
416.78	3.73838e-05
416.8	3.75881e-05
416.82	3.78132e-05
416.84	3.80638e-05
416.86	3.83458e-05
416.88	3.86673e-05
416.9	3.90396e-05
416.92	3.94791e-05
416.94	4.00104e-05
416.96	4.06723e-05
416.98	4.15296e-05
417	4.26997e-05
417.02	4.44175e-05
417.04	4.7217e-05
417.06	5.25099e-05
417.08	6.43075e-05
417.1	9.04606e-05
417.12	0.000132166
417.14	0.000173834
417.16	0.000201545
417.18	0.000214324
417.2	0.000215176
417.22	0.000204478
417.24	0.000182707
417.26	0.000153297
417.28	0.000121481
417.3	9.19497e-05
417.32	6.74866e-05
417.34	4.8937e-05
417.36	3.5769e-05
417.38	2.68046e-05
417.4	2.08194e-05
417.42	1.68242e-05
417.44	1.41172e-05
417.46	1.2246e-05
417.48	1.09379e-05
417.5	1.00269e-05
417.52	9.40236e-06
417.54	8.98477e-06
417.56	8.71546e-06
417.58	8.5512e-06
417.6	8.46067e-06
417.62	8.42139e-06
417.64	8.41761e-06
417.66	8.43833e-06
417.68	8.47586e-06
417.7	8.52478e-06
417.72	8.58129e-06
417.74	8.6428e-06
417.76	8.70752e-06
417.78	8.7743e-06
417.8	8.8424e-06
417.82	8.9114e-06
417.84	8.98107e-06
417.86	9.05131e-06
417.88	9.12213e-06
417.9	9.19355e-06
417.92	9.26563e-06
417.94	9.33845e-06
417.96	9.41207e-06
417.98	9.48656e-06
418	9.56196e-06
418.02	9.6383e-06
418.04	9.71561e-06
418.06	9.79389e-06
418.08	9.87314e-06
418.1	9.95332e-06
418.12	1.00344e-05
418.14	1.01164e-05
418.16	1.01992e-05
418.18	1.02827e-05
418.2	1.0367e-05
418.22	1.04519e-05
418.24	1.05374e-05
418.26	1.06233e-05
418.28	1.07097e-05
418.3	1.07965e-05
418.32	1.08834e-05
418.34	1.09706e-05
418.36	1.10579e-05
418.38	1.11453e-05
418.4	1.12326e-05
418.42	1.13198e-05
418.44	1.14068e-05
418.46	1.14935e-05
418.48	1.158e-05
418.5	1.1666e-05
418.52	1.17516e-05
418.54	1.18368e-05
418.56	1.19213e-05
418.58	1.20053e-05
418.6	1.20886e-05
418.62	1.21712e-05
418.64	1.22531e-05
418.66	1.23342e-05
418.68	1.24146e-05
418.7	1.2494e-05
418.72	1.25726e-05
418.74	1.26504e-05
418.76	1.27272e-05
418.78	1.28031e-05
418.8	1.28781e-05
418.82	1.29521e-05
418.84	1.30251e-05
418.86	1.30972e-05
418.88	1.31684e-05
418.9	1.32385e-05
418.92	1.33077e-05
418.94	1.3376e-05
418.96	1.34432e-05
418.98	1.35096e-05
419	1.35749e-05
419.02	1.36394e-05
419.04	1.37029e-05
419.06	1.37655e-05
419.08	1.38273e-05
419.1	1.38881e-05
419.12	1.39481e-05
419.14	1.40072e-05
419.16	1.40655e-05
419.18	1.4123e-05
419.2	1.41797e-05
419.22	1.42357e-05
419.24	1.42909e-05
419.26	1.43454e-05
419.28	1.43992e-05
419.3	1.44523e-05
419.32	1.45048e-05
419.34	1.45566e-05
419.36	1.46078e-05
419.38	1.46585e-05
419.4	1.47085e-05
419.42	1.4758e-05
419.44	1.4807e-05
419.46	1.48554e-05
419.48	1.49034e-05
419.5	1.49508e-05
419.52	1.49978e-05
419.54	1.50444e-05
419.56	1.50905e-05
419.58	1.51361e-05
419.6	1.51814e-05
419.62	1.52263e-05
419.64	1.52708e-05
419.66	1.5315e-05
419.68	1.53588e-05
419.7	1.54022e-05
419.72	1.54454e-05
419.74	1.54882e-05
419.76	1.55307e-05
419.78	1.5573e-05
419.8	1.56149e-05
419.82	1.56566e-05
419.84	1.5698e-05
419.86	1.57392e-05
419.88	1.57801e-05
419.9	1.58208e-05
419.92	1.58612e-05
419.94	1.59015e-05
419.96	1.59415e-05
419.98	1.59813e-05
420	1.6021e-05
420.02	1.60604e-05
420.04	1.60996e-05
420.06	1.61387e-05
420.08	1.61776e-05
420.1	1.62163e-05
420.12	1.62548e-05
420.14	1.62932e-05
420.16	1.63315e-05
420.18	1.63695e-05
420.2	1.64075e-05
420.22	1.64452e-05
420.24	1.64829e-05
420.26	1.65204e-05
420.28	1.65578e-05
420.3	1.6595e-05
420.32	1.66321e-05
420.34	1.66691e-05
420.36	1.67059e-05
420.38	1.67427e-05
420.4	1.67793e-05
420.42	1.68158e-05
420.44	1.68521e-05
420.46	1.68884e-05
420.48	1.69246e-05
420.5	1.69606e-05
420.52	1.69966e-05
420.54	1.70324e-05
420.56	1.70681e-05
420.58	1.71037e-05
420.6	1.71393e-05
420.62	1.71747e-05
420.64	1.721e-05
420.66	1.72452e-05
420.68	1.72803e-05
420.7	1.73154e-05
420.72	1.73503e-05
420.74	1.73851e-05
420.76	1.74199e-05
420.78	1.74545e-05
420.8	1.74891e-05
420.82	1.75235e-05
420.84	1.75579e-05
420.86	1.75921e-05
420.88	1.76263e-05
420.9	1.76604e-05
420.92	1.76944e-05
420.94	1.77283e-05
420.96	1.77621e-05
420.98	1.77959e-05
421	1.78295e-05
421.02	1.78631e-05
421.04	1.78965e-05
421.06	1.79299e-05
421.08	1.79632e-05
421.1	1.79964e-05
421.12	1.80295e-05
421.14	1.80625e-05
421.16	1.80955e-05
421.18	1.81283e-05
421.2	1.81611e-05
421.22	1.81938e-05
421.24	1.82264e-05
421.26	1.82589e-05
421.28	1.82913e-05
421.3	1.83236e-05
421.32	1.83559e-05
421.34	1.8388e-05
421.36	1.84201e-05
421.38	1.84521e-05
421.4	1.8484e-05
421.42	1.85158e-05
421.44	1.85476e-05
421.46	1.85792e-05
421.48	1.86108e-05
421.5	1.86423e-05
421.52	1.86737e-05
421.54	1.8705e-05
421.56	1.87362e-05
421.58	1.87673e-05
421.6	1.87984e-05
421.62	1.88294e-05
421.64	1.88602e-05
421.66	1.8891e-05
421.68	1.89217e-05
421.7	1.89524e-05
421.72	1.89829e-05
421.74	1.90134e-05
421.76	1.90438e-05
421.78	1.9074e-05
421.8	1.91042e-05
421.82	1.91344e-05
421.84	1.91644e-05
421.86	1.91943e-05
421.88	1.92242e-05
421.9	1.9254e-05
421.92	1.92837e-05
421.94	1.93133e-05
421.96	1.93428e-05
421.98	1.93723e-05
422	1.94016e-05
422.02	1.94309e-05
422.04	1.94601e-05
422.06	1.94892e-05
422.08	1.95182e-05
422.1	1.95472e-05
422.12	1.9576e-05
422.14	1.96048e-05
422.16	1.96335e-05
422.18	1.96621e-05
422.2	1.96906e-05
422.22	1.9719e-05
422.24	1.97474e-05
422.26	1.97757e-05
422.28	1.98039e-05
422.3	1.9832e-05
422.32	1.986e-05
422.34	1.98879e-05
422.36	1.99158e-05
422.38	1.99436e-05
422.4	1.99713e-05
422.42	1.99989e-05
422.44	2.00264e-05
422.46	2.00538e-05
422.48	2.00812e-05
422.5	2.01085e-05
422.52	2.01357e-05
422.54	2.01628e-05
422.56	2.01899e-05
422.58	2.02168e-05
422.6	2.02437e-05
422.62	2.02705e-05
422.64	2.02972e-05
422.66	2.03239e-05
422.68	2.03504e-05
422.7	2.03769e-05
422.72	2.04033e-05
422.74	2.04296e-05
422.76	2.04559e-05
422.78	2.0482e-05
422.8	2.05081e-05
422.82	2.05341e-05
422.84	2.056e-05
422.86	2.05859e-05
422.88	2.06117e-05
422.9	2.06373e-05
422.92	2.0663e-05
422.94	2.06885e-05
422.96	2.0714e-05
422.98	2.07393e-05
423	2.07647e-05
423.02	2.07899e-05
423.04	2.0815e-05
423.06	2.08401e-05
423.08	2.08651e-05
423.1	2.08901e-05
423.12	2.09149e-05
423.14	2.09397e-05
423.16	2.09644e-05
423.18	2.0989e-05
423.2	2.10136e-05
423.22	2.10381e-05
423.24	2.10625e-05
423.26	2.10868e-05
423.28	2.11111e-05
423.3	2.11352e-05
423.32	2.11594e-05
423.34	2.11834e-05
423.36	2.12074e-05
423.38	2.12313e-05
423.4	2.12551e-05
423.42	2.12789e-05
423.44	2.13025e-05
423.46	2.13262e-05
423.48	2.13497e-05
423.5	2.13732e-05
423.52	2.13966e-05
423.54	2.14199e-05
423.56	2.14432e-05
423.58	2.14664e-05
423.6	2.14895e-05
423.62	2.15125e-05
423.64	2.15355e-05
423.66	2.15585e-05
423.68	2.15813e-05
423.7	2.16041e-05
423.72	2.16268e-05
423.74	2.16495e-05
423.76	2.16721e-05
423.78	2.16946e-05
423.8	2.1717e-05
423.82	2.17394e-05
423.84	2.17617e-05
423.86	2.1784e-05
423.88	2.18062e-05
423.9	2.18283e-05
423.92	2.18504e-05
423.94	2.18724e-05
423.96	2.18943e-05
423.98	2.19162e-05
424	2.1938e-05
424.02	2.19597e-05
424.04	2.19814e-05
424.06	2.2003e-05
424.08	2.20246e-05
424.1	2.20461e-05
424.12	2.20675e-05
424.14	2.20889e-05
424.16	2.21102e-05
424.18	2.21314e-05
424.2	2.21526e-05
424.22	2.21737e-05
424.24	2.21948e-05
424.26	2.22158e-05
424.28	2.22368e-05
424.3	2.22576e-05
424.32	2.22785e-05
424.34	2.22992e-05
424.36	2.232e-05
424.38	2.23406e-05
424.4	2.23612e-05
424.42	2.23818e-05
424.44	2.24023e-05
424.46	2.24227e-05
424.48	2.24431e-05
424.5	2.24634e-05
424.52	2.24836e-05
424.54	2.25038e-05
424.56	2.2524e-05
424.58	2.25441e-05
424.6	2.25641e-05
424.62	2.25841e-05
424.64	2.2604e-05
424.66	2.26239e-05
424.68	2.26437e-05
424.7	2.26635e-05
424.72	2.26832e-05
424.74	2.27029e-05
424.76	2.27225e-05
424.78	2.27421e-05
424.8	2.27616e-05
424.82	2.2781e-05
424.84	2.28004e-05
424.86	2.28198e-05
424.88	2.28391e-05
424.9	2.28583e-05
424.92	2.28775e-05
424.94	2.28966e-05
424.96	2.29157e-05
424.98	2.29348e-05
425	2.29538e-05
425.02	2.29727e-05
425.04	2.29916e-05
425.06	2.30105e-05
425.08	2.30293e-05
425.1	2.3048e-05
425.12	2.30667e-05
425.14	2.30854e-05
425.16	2.3104e-05
425.18	2.31225e-05
425.2	2.3141e-05
425.22	2.31595e-05
425.24	2.31779e-05
425.26	2.31963e-05
425.28	2.32146e-05
425.3	2.32329e-05
425.32	2.32511e-05
425.34	2.32693e-05
425.36	2.32874e-05
425.38	2.33055e-05
425.4	2.33236e-05
425.42	2.33416e-05
425.44	2.33596e-05
425.46	2.33775e-05
425.48	2.33953e-05
425.5	2.34132e-05
425.52	2.3431e-05
425.54	2.34487e-05
425.56	2.34664e-05
425.58	2.34841e-05
425.6	2.35017e-05
425.62	2.35193e-05
425.64	2.35368e-05
425.66	2.35543e-05
425.68	2.35717e-05
425.7	2.35891e-05
425.72	2.36065e-05
425.74	2.36238e-05
425.76	2.36411e-05
425.78	2.36584e-05
425.8	2.36756e-05
425.82	2.36927e-05
425.84	2.37099e-05
425.86	2.3727e-05
425.88	2.3744e-05
425.9	2.3761e-05
425.92	2.3778e-05
425.94	2.37949e-05
425.96	2.38118e-05
425.98	2.38287e-05
426	2.38455e-05
426.02	2.38623e-05
426.04	2.3879e-05
426.06	2.38957e-05
426.08	2.39124e-05
426.1	2.3929e-05
426.12	2.39456e-05
426.14	2.39622e-05
426.16	2.39787e-05
426.18	2.39952e-05
426.2	2.40116e-05
426.22	2.4028e-05
426.24	2.40444e-05
426.26	2.40608e-05
426.28	2.40771e-05
426.3	2.40934e-05
426.32	2.41096e-05
426.34	2.41258e-05
426.36	2.4142e-05
426.38	2.41581e-05
426.4	2.41742e-05
426.42	2.41903e-05
426.44	2.42063e-05
426.46	2.42223e-05
426.48	2.42383e-05
426.5	2.42543e-05
426.52	2.42702e-05
426.54	2.42861e-05
426.56	2.43019e-05
426.58	2.43177e-05
426.6	2.43335e-05
426.62	2.43493e-05
426.64	2.4365e-05
426.66	2.43807e-05
426.68	2.43963e-05
426.7	2.44119e-05
426.72	2.44275e-05
426.74	2.44431e-05
426.76	2.44587e-05
426.78	2.44742e-05
426.8	2.44896e-05
426.82	2.45051e-05
426.84	2.45205e-05
426.86	2.45359e-05
426.88	2.45513e-05
426.9	2.45666e-05
426.92	2.45819e-05
426.94	2.45972e-05
426.96	2.46124e-05
426.98	2.46277e-05
427	2.46429e-05
427.02	2.4658e-05
427.04	2.46732e-05
427.06	2.46883e-05
427.08	2.47034e-05
427.1	2.47184e-05
427.12	2.47335e-05
427.14	2.47485e-05
427.16	2.47635e-05
427.18	2.47784e-05
427.2	2.47934e-05
427.22	2.48083e-05
427.24	2.48231e-05
427.26	2.4838e-05
427.28	2.48528e-05
427.3	2.48676e-05
427.32	2.48824e-05
427.34	2.48972e-05
427.36	2.49119e-05
427.38	2.49266e-05
427.4	2.49413e-05
427.42	2.49559e-05
427.44	2.49706e-05
427.46	2.49852e-05
427.48	2.49998e-05
427.5	2.50144e-05
427.52	2.50289e-05
427.54	2.50434e-05
427.56	2.50579e-05
427.58	2.50724e-05
427.6	2.50869e-05
427.62	2.51013e-05
427.64	2.51157e-05
427.66	2.51301e-05
427.68	2.51445e-05
427.7	2.51588e-05
427.72	2.51731e-05
427.74	2.51874e-05
427.76	2.52017e-05
427.78	2.5216e-05
427.8	2.52302e-05
427.82	2.52445e-05
427.84	2.52587e-05
427.86	2.52729e-05
427.88	2.5287e-05
427.9	2.53012e-05
427.92	2.53153e-05
427.94	2.53294e-05
427.96	2.53435e-05
427.98	2.53576e-05
428	2.53716e-05
428.02	2.53857e-05
428.04	2.53997e-05
428.06	2.54137e-05
428.08	2.54276e-05
428.1	2.54416e-05
428.12	2.54556e-05
428.14	2.54695e-05
428.16	2.54834e-05
428.18	2.54973e-05
428.2	2.55112e-05
428.22	2.5525e-05
428.24	2.55389e-05
428.26	2.55527e-05
428.28	2.55665e-05
428.3	2.55803e-05
428.32	2.55941e-05
428.34	2.56079e-05
428.36	2.56216e-05
428.38	2.56353e-05
428.4	2.56491e-05
428.42	2.56628e-05
428.44	2.56765e-05
428.46	2.56901e-05
428.48	2.57038e-05
428.5	2.57174e-05
428.52	2.57311e-05
428.54	2.57447e-05
428.56	2.57583e-05
428.58	2.57719e-05
428.6	2.57854e-05
428.62	2.5799e-05
428.64	2.58126e-05
428.66	2.58261e-05
428.68	2.58396e-05
428.7	2.58531e-05
428.72	2.58666e-05
428.74	2.58801e-05
428.76	2.58936e-05
428.78	2.59071e-05
428.8	2.59205e-05
428.82	2.59339e-05
428.84	2.59474e-05
428.86	2.59608e-05
428.88	2.59742e-05
428.9	2.59876e-05
428.92	2.6001e-05
428.94	2.60144e-05
428.96	2.60277e-05
428.98	2.60411e-05
429	2.60544e-05
429.02	2.60677e-05
429.04	2.60811e-05
429.06	2.60944e-05
429.08	2.61077e-05
429.1	2.6121e-05
429.12	2.61343e-05
429.14	2.61475e-05
429.16	2.61608e-05
429.18	2.61741e-05
429.2	2.61873e-05
429.22	2.62006e-05
429.24	2.62138e-05
429.26	2.6227e-05
429.28	2.62402e-05
429.3	2.62534e-05
429.32	2.62666e-05
429.34	2.62798e-05
429.36	2.6293e-05
429.38	2.63062e-05
429.4	2.63194e-05
429.42	2.63325e-05
429.44	2.63457e-05
429.46	2.63588e-05
429.48	2.6372e-05
429.5	2.63851e-05
429.52	2.63983e-05
429.54	2.64114e-05
429.56	2.64245e-05
429.58	2.64376e-05
429.6	2.64507e-05
429.62	2.64638e-05
429.64	2.64769e-05
429.66	2.649e-05
429.68	2.65031e-05
429.7	2.65162e-05
429.72	2.65293e-05
429.74	2.65424e-05
429.76	2.65554e-05
429.78	2.65685e-05
429.8	2.65816e-05
429.82	2.65946e-05
429.84	2.66077e-05
429.86	2.66207e-05
429.88	2.66338e-05
429.9	2.66468e-05
429.92	2.66599e-05
429.94	2.66729e-05
429.96	2.66859e-05
429.98	2.6699e-05
430	2.6712e-05
430.02	2.6725e-05
430.04	2.67381e-05
430.06	2.67511e-05
430.08	2.67641e-05
430.1	2.67771e-05
430.12	2.67902e-05
430.14	2.68032e-05
430.16	2.68162e-05
430.18	2.68292e-05
430.2	2.68422e-05
430.22	2.68552e-05
430.24	2.68683e-05
430.26	2.68813e-05
430.28	2.68943e-05
430.3	2.69073e-05
430.32	2.69203e-05
430.34	2.69333e-05
430.36	2.69464e-05
430.38	2.69594e-05
430.4	2.69724e-05
430.42	2.69854e-05
430.44	2.69984e-05
430.46	2.70114e-05
430.48	2.70245e-05
430.5	2.70375e-05
430.52	2.70505e-05
430.54	2.70635e-05
430.56	2.70766e-05
430.58	2.70896e-05
430.6	2.71026e-05
430.62	2.71157e-05
430.64	2.71287e-05
430.66	2.71417e-05
430.68	2.71548e-05
430.7	2.71678e-05
430.72	2.71809e-05
430.74	2.71939e-05
430.76	2.7207e-05
430.78	2.722e-05
430.8	2.72331e-05
430.82	2.72462e-05
430.84	2.72592e-05
430.86	2.72723e-05
430.88	2.72854e-05
430.9	2.72985e-05
430.92	2.73116e-05
430.94	2.73247e-05
430.96	2.73378e-05
430.98	2.73509e-05
431	2.7364e-05
431.02	2.73771e-05
431.04	2.73902e-05
431.06	2.74033e-05
431.08	2.74165e-05
431.1	2.74296e-05
431.12	2.74428e-05
431.14	2.74559e-05
431.16	2.74691e-05
431.18	2.74822e-05
431.2	2.74954e-05
431.22	2.75086e-05
431.24	2.75218e-05
431.26	2.7535e-05
431.28	2.75482e-05
431.3	2.75614e-05
431.32	2.75746e-05
431.34	2.75879e-05
431.36	2.76011e-05
431.38	2.76143e-05
431.4	2.76276e-05
431.42	2.76409e-05
431.44	2.76541e-05
431.46	2.76674e-05
431.48	2.76807e-05
431.5	2.7694e-05
431.52	2.77073e-05
431.54	2.77206e-05
431.56	2.7734e-05
431.58	2.77473e-05
431.6	2.77607e-05
431.62	2.7774e-05
431.64	2.77874e-05
431.66	2.78008e-05
431.68	2.78142e-05
431.7	2.78276e-05
431.72	2.7841e-05
431.74	2.78544e-05
431.76	2.78679e-05
431.78	2.78813e-05
431.8	2.78948e-05
431.82	2.79083e-05
431.84	2.79218e-05
431.86	2.79353e-05
431.88	2.79488e-05
431.9	2.79623e-05
431.92	2.79759e-05
431.94	2.79894e-05
431.96	2.8003e-05
431.98	2.80166e-05
432	2.80302e-05
432.02	2.80438e-05
432.04	2.80574e-05
432.06	2.80711e-05
432.08	2.80847e-05
432.1	2.80984e-05
432.12	2.81121e-05
432.14	2.81258e-05
432.16	2.81395e-05
432.18	2.81532e-05
432.2	2.8167e-05
432.22	2.81808e-05
432.24	2.81945e-05
432.26	2.82083e-05
432.28	2.82222e-05
432.3	2.8236e-05
432.32	2.82499e-05
432.34	2.82637e-05
432.36	2.82776e-05
432.38	2.82915e-05
432.4	2.83054e-05
432.42	2.83194e-05
432.44	2.83333e-05
432.46	2.83473e-05
432.48	2.83613e-05
432.5	2.83753e-05
432.52	2.83894e-05
432.54	2.84034e-05
432.56	2.84175e-05
432.58	2.84316e-05
432.6	2.84457e-05
432.62	2.84599e-05
432.64	2.8474e-05
432.66	2.84882e-05
432.68	2.85024e-05
432.7	2.85166e-05
432.72	2.85309e-05
432.74	2.85451e-05
432.76	2.85594e-05
432.78	2.85737e-05
432.8	2.85881e-05
432.82	2.86024e-05
432.84	2.86168e-05
432.86	2.86312e-05
432.88	2.86456e-05
432.9	2.86601e-05
432.92	2.86745e-05
432.94	2.8689e-05
432.96	2.87036e-05
432.98	2.87181e-05
433	2.87327e-05
433.02	2.87473e-05
433.04	2.87619e-05
433.06	2.87765e-05
433.08	2.87912e-05
433.1	2.88059e-05
433.12	2.88207e-05
433.14	2.88354e-05
433.16	2.88502e-05
433.18	2.8865e-05
433.2	2.88798e-05
433.22	2.88947e-05
433.24	2.89096e-05
433.26	2.89245e-05
433.28	2.89394e-05
433.3	2.89544e-05
433.32	2.89694e-05
433.34	2.89845e-05
433.36	2.89995e-05
433.38	2.90146e-05
433.4	2.90298e-05
433.42	2.90449e-05
433.44	2.90601e-05
433.46	2.90753e-05
433.48	2.90906e-05
433.5	2.91058e-05
433.52	2.91212e-05
433.54	2.91365e-05
433.56	2.91519e-05
433.58	2.91673e-05
433.6	2.91827e-05
433.62	2.91982e-05
433.64	2.92137e-05
433.66	2.92293e-05
433.68	2.92449e-05
433.7	2.92605e-05
433.72	2.92761e-05
433.74	2.92918e-05
433.76	2.93076e-05
433.78	2.93233e-05
433.8	2.93391e-05
433.82	2.9355e-05
433.84	2.93708e-05
433.86	2.93867e-05
433.88	2.94027e-05
433.9	2.94187e-05
433.92	2.94347e-05
433.94	2.94508e-05
433.96	2.94669e-05
433.98	2.9483e-05
434	2.94992e-05
434.02	2.95154e-05
434.04	2.95317e-05
434.06	2.9548e-05
434.08	2.95643e-05
434.1	2.95807e-05
434.12	2.95972e-05
434.14	2.96137e-05
434.16	2.96302e-05
434.18	2.96467e-05
434.2	2.96634e-05
434.22	2.968e-05
434.24	2.96967e-05
434.26	2.97135e-05
434.28	2.97302e-05
434.3	2.97471e-05
434.32	2.9764e-05
434.34	2.97809e-05
434.36	2.97979e-05
434.38	2.98149e-05
434.4	2.9832e-05
434.42	2.98491e-05
434.44	2.98663e-05
434.46	2.98835e-05
434.48	2.99008e-05
434.5	2.99181e-05
434.52	2.99355e-05
434.54	2.9953e-05
434.56	2.99704e-05
434.58	2.9988e-05
434.6	3.00056e-05
434.62	3.00232e-05
434.64	3.00409e-05
434.66	3.00587e-05
434.68	3.00765e-05
434.7	3.00944e-05
434.72	3.01123e-05
434.74	3.01303e-05
434.76	3.01483e-05
434.78	3.01664e-05
434.8	3.01846e-05
434.82	3.02028e-05
434.84	3.02211e-05
434.86	3.02395e-05
434.88	3.02579e-05
434.9	3.02763e-05
434.92	3.02949e-05
434.94	3.03135e-05
434.96	3.03321e-05
434.98	3.03509e-05
435	3.03697e-05
435.02	3.03885e-05
435.04	3.04075e-05
435.06	3.04265e-05
435.08	3.04455e-05
435.1	3.04647e-05
435.12	3.04839e-05
435.14	3.05032e-05
435.16	3.05225e-05
435.18	3.05419e-05
435.2	3.05614e-05
435.22	3.0581e-05
435.24	3.06007e-05
435.26	3.06204e-05
435.28	3.06402e-05
435.3	3.06601e-05
435.32	3.068e-05
435.34	3.07001e-05
435.36	3.07202e-05
435.38	3.07404e-05
435.4	3.07607e-05
435.42	3.0781e-05
435.44	3.08015e-05
435.46	3.0822e-05
435.48	3.08426e-05
435.5	3.08634e-05
435.52	3.08842e-05
435.54	3.0905e-05
435.56	3.0926e-05
435.58	3.09471e-05
435.6	3.09683e-05
435.62	3.09895e-05
435.64	3.10109e-05
435.66	3.10323e-05
435.68	3.10539e-05
435.7	3.10755e-05
435.72	3.10973e-05
435.74	3.11191e-05
435.76	3.11411e-05
435.78	3.11631e-05
435.8	3.11853e-05
435.82	3.12076e-05
435.84	3.12299e-05
435.86	3.12524e-05
435.88	3.1275e-05
435.9	3.12977e-05
435.92	3.13206e-05
435.94	3.13435e-05
435.96	3.13666e-05
435.98	3.13897e-05
436	3.1413e-05
436.02	3.14365e-05
436.04	3.146e-05
436.06	3.14837e-05
436.08	3.15075e-05
436.1	3.15314e-05
436.12	3.15555e-05
436.14	3.15797e-05
436.16	3.1604e-05
436.18	3.16284e-05
436.2	3.1653e-05
436.22	3.16778e-05
436.24	3.17027e-05
436.26	3.17277e-05
436.28	3.17529e-05
436.3	3.17782e-05
436.32	3.18037e-05
436.34	3.18294e-05
436.36	3.18552e-05
436.38	3.18811e-05
436.4	3.19073e-05
436.42	3.19335e-05
436.44	3.196e-05
436.46	3.19866e-05
436.48	3.20134e-05
436.5	3.20404e-05
436.52	3.20676e-05
436.54	3.20949e-05
436.56	3.21225e-05
436.58	3.21502e-05
436.6	3.21781e-05
436.62	3.22062e-05
436.64	3.22346e-05
436.66	3.22631e-05
436.68	3.22918e-05
436.7	3.23207e-05
436.72	3.23499e-05
436.74	3.23793e-05
436.76	3.24089e-05
436.78	3.24387e-05
436.8	3.24688e-05
436.82	3.24991e-05
436.84	3.25297e-05
436.86	3.25605e-05
436.88	3.25915e-05
436.9	3.26229e-05
436.92	3.26544e-05
436.94	3.26863e-05
436.96	3.27184e-05
436.98	3.27509e-05
437	3.27836e-05
437.02	3.28166e-05
437.04	3.28499e-05
437.06	3.28835e-05
437.08	3.29175e-05
437.1	3.29518e-05
437.12	3.29864e-05
437.14	3.30213e-05
437.16	3.30566e-05
437.18	3.30923e-05
437.2	3.31284e-05
437.22	3.31648e-05
437.24	3.32016e-05
437.26	3.32388e-05
437.28	3.32765e-05
437.3	3.33145e-05
437.32	3.3353e-05
437.34	3.3392e-05
437.36	3.34314e-05
437.38	3.34713e-05
437.4	3.35117e-05
437.42	3.35527e-05
437.44	3.35941e-05
437.46	3.36361e-05
437.48	3.36787e-05
437.5	3.37218e-05
437.52	3.37655e-05
437.54	3.38099e-05
437.56	3.38549e-05
437.58	3.39006e-05
437.6	3.3947e-05
437.62	3.39942e-05
437.64	3.40421e-05
437.66	3.40907e-05
437.68	3.41402e-05
437.7	3.41906e-05
437.72	3.42418e-05
437.74	3.4294e-05
437.76	3.43471e-05
437.78	3.44013e-05
437.8	3.44566e-05
437.82	3.45129e-05
437.84	3.45705e-05
437.86	3.46293e-05
437.88	3.46894e-05
437.9	3.47509e-05
437.92	3.48139e-05
437.94	3.48784e-05
437.96	3.49446e-05
437.98	3.50125e-05
438	3.50823e-05
438.02	3.51541e-05
438.04	3.5228e-05
438.06	3.53042e-05
438.08	3.53828e-05
438.1	3.54641e-05
438.12	3.55483e-05
438.14	3.56355e-05
438.16	3.57261e-05
438.18	3.58203e-05
438.2	3.59186e-05
438.22	3.60213e-05
438.24	3.61289e-05
438.26	3.62419e-05
438.28	3.63609e-05
438.3	3.64866e-05
438.32	3.662e-05
438.34	3.6762e-05
438.36	3.69138e-05
438.38	3.70771e-05
438.4	3.72536e-05
438.42	3.74456e-05
438.44	3.76561e-05
438.46	3.78888e-05
438.48	3.81486e-05
438.5	3.84422e-05
438.52	3.87783e-05
438.54	3.91699e-05
438.56	3.96354e-05
438.58	4.0203e-05
438.6	4.09181e-05
438.62	4.18582e-05
438.64	4.31678e-05
438.66	4.5147e-05
438.68	4.85111e-05
438.7	5.52312e-05
438.72	7.06704e-05
438.74	0.000102462
438.76	0.000146349
438.78	0.000184429
438.8	0.000207118
438.82	0.000215896
438.84	0.000213153
438.86	0.000198766
438.88	0.000174064
438.9	0.000143298
438.92	0.000111766
438.94	8.36266e-05
438.96	6.10145e-05
438.98	4.42642e-05
439	3.25601e-05
439.02	2.46585e-05
439.04	1.93932e-05
439.06	1.58664e-05
439.08	1.34611e-05
439.1	1.179e-05
439.12	1.06213e-05
439.14	9.81053e-06
439.16	9.25852e-06
439.18	8.89309e-06
439.2	8.66088e-06
439.22	8.52275e-06
439.24	8.45046e-06
439.26	8.42378e-06
439.28	8.42869e-06
439.3	8.45537e-06
439.32	8.49694e-06
439.34	8.54857e-06
439.36	8.60687e-06
439.38	8.66952e-06
439.4	8.73497e-06
439.42	8.80221e-06
439.44	8.87061e-06
439.46	8.93982e-06
439.48	9.00965e-06
439.5	9.08006e-06
439.52	9.15104e-06
439.54	9.22264e-06
439.56	9.29493e-06
439.58	9.36798e-06
439.6	9.44185e-06
439.62	9.51661e-06
439.64	9.59229e-06
439.66	9.66892e-06
439.68	9.74652e-06
439.7	9.82509e-06
439.72	9.90462e-06
439.74	9.98509e-06
439.76	1.00664e-05
439.78	1.01487e-05
439.8	1.02317e-05
439.82	1.03155e-05
439.84	1.03999e-05
439.86	1.0485e-05
439.88	1.05706e-05
439.9	1.06567e-05
439.92	1.07432e-05
439.94	1.083e-05
439.96	1.0917e-05
439.98	1.10043e-05
440	1.10916e-05
440.02	1.11789e-05
440.04	1.12661e-05
440.06	1.13532e-05
440.08	1.14402e-05
440.1	1.15268e-05
440.12	1.16131e-05
440.14	1.1699e-05
440.16	1.17845e-05
440.18	1.18694e-05
440.2	1.19538e-05
440.22	1.20375e-05
440.24	1.21206e-05
440.26	1.22029e-05
440.28	1.22846e-05
440.3	1.23654e-05
440.32	1.24454e-05
440.34	1.25246e-05
440.36	1.26029e-05
440.38	1.26803e-05
440.4	1.27568e-05
440.42	1.28324e-05
440.44	1.2907e-05
440.46	1.29807e-05
440.48	1.30534e-05
440.5	1.31252e-05
440.52	1.3196e-05
440.54	1.32658e-05
440.56	1.33347e-05
440.58	1.34026e-05
440.6	1.34695e-05
440.62	1.35355e-05
440.64	1.36006e-05
440.66	1.36647e-05
440.68	1.37279e-05
440.7	1.37902e-05
440.72	1.38516e-05
440.74	1.39121e-05
440.76	1.39718e-05
440.78	1.40306e-05
440.8	1.40886e-05
440.82	1.41459e-05
440.84	1.42023e-05
440.86	1.4258e-05
440.88	1.43129e-05
440.9	1.43672e-05
440.92	1.44207e-05
440.94	1.44736e-05
440.96	1.45259e-05
440.98	1.45775e-05
441	1.46285e-05
441.02	1.46789e-05
441.04	1.47287e-05
441.06	1.4778e-05
441.08	1.48268e-05
441.1	1.4875e-05
441.12	1.49228e-05
441.14	1.49701e-05
441.16	1.50169e-05
441.18	1.50633e-05
441.2	1.51092e-05
441.22	1.51547e-05
441.24	1.51998e-05
441.26	1.52446e-05
441.28	1.5289e-05
441.3	1.5333e-05
441.32	1.53766e-05
441.34	1.542e-05
441.36	1.5463e-05
441.38	1.55057e-05
441.4	1.55481e-05
441.42	1.55902e-05
441.44	1.5632e-05
441.46	1.56736e-05
441.48	1.57149e-05
441.5	1.5756e-05
441.52	1.57968e-05
441.54	1.58374e-05
441.56	1.58778e-05
441.58	1.59179e-05
441.6	1.59579e-05
441.62	1.59976e-05
441.64	1.60371e-05
441.66	1.60765e-05
441.68	1.61157e-05
441.7	1.61546e-05
441.72	1.61934e-05
441.74	1.62321e-05
441.76	1.62706e-05
441.78	1.63089e-05
441.8	1.6347e-05
441.82	1.63851e-05
441.84	1.64229e-05
441.86	1.64606e-05
441.88	1.64982e-05
441.9	1.65357e-05
441.92	1.6573e-05
441.94	1.66101e-05
441.96	1.66472e-05
441.98	1.66841e-05
442	1.67209e-05
442.02	1.67576e-05
442.04	1.67941e-05
442.06	1.68306e-05
442.08	1.68669e-05
442.1	1.69031e-05
442.12	1.69392e-05
442.14	1.69752e-05
442.16	1.70111e-05
442.18	1.70469e-05
442.2	1.70826e-05
442.22	1.71182e-05
442.24	1.71537e-05
442.26	1.7189e-05
442.28	1.72243e-05
442.3	1.72595e-05
442.32	1.72946e-05
442.34	1.73295e-05
442.36	1.73644e-05
442.38	1.73992e-05
442.4	1.74339e-05
442.42	1.74685e-05
442.44	1.7503e-05
442.46	1.75374e-05
442.48	1.75718e-05
442.5	1.7606e-05
442.52	1.76401e-05
442.54	1.76742e-05
442.56	1.77082e-05
442.58	1.7742e-05
442.6	1.77758e-05
442.62	1.78095e-05
442.64	1.78431e-05
442.66	1.78766e-05
442.68	1.79101e-05
442.7	1.79434e-05
442.72	1.79767e-05
442.74	1.80098e-05
442.76	1.80429e-05
442.78	1.80759e-05
442.8	1.81088e-05
442.82	1.81416e-05
442.84	1.81743e-05
442.86	1.8207e-05
442.88	1.82396e-05
442.9	1.8272e-05
442.92	1.83044e-05
442.94	1.83367e-05
442.96	1.83689e-05
442.98	1.84011e-05
443	1.84331e-05
443.02	1.84651e-05
443.04	1.84969e-05
443.06	1.85287e-05
443.08	1.85604e-05
443.1	1.85921e-05
443.12	1.86236e-05
443.14	1.8655e-05
443.16	1.86864e-05
443.18	1.87177e-05
443.2	1.87489e-05
443.22	1.878e-05
443.24	1.8811e-05
443.26	1.88419e-05
443.28	1.88728e-05
443.3	1.89036e-05
443.32	1.89342e-05
443.34	1.89648e-05
443.36	1.89953e-05
443.38	1.90258e-05
443.4	1.90561e-05
443.42	1.90864e-05
443.44	1.91166e-05
443.46	1.91466e-05
443.48	1.91766e-05
443.5	1.92066e-05
443.52	1.92364e-05
443.54	1.92662e-05
443.56	1.92958e-05
443.58	1.93254e-05
443.6	1.93549e-05
443.62	1.93843e-05
443.64	1.94136e-05
443.66	1.94429e-05
443.68	1.94721e-05
443.7	1.95011e-05
443.72	1.95301e-05
443.74	1.9559e-05
443.76	1.95879e-05
443.78	1.96166e-05
443.8	1.96453e-05
443.82	1.96738e-05
443.84	1.97023e-05
443.86	1.97307e-05
443.88	1.97591e-05
443.9	1.97873e-05
443.92	1.98155e-05
443.94	1.98435e-05
443.96	1.98715e-05
443.98	1.98995e-05
444	1.99273e-05
444.02	1.9955e-05
444.04	1.99827e-05
444.06	2.00103e-05
444.08	2.00378e-05
444.1	2.00652e-05
444.12	2.00925e-05
444.14	2.01198e-05
444.16	2.0147e-05
444.18	2.01741e-05
444.2	2.02011e-05
444.22	2.0228e-05
444.24	2.02549e-05
444.26	2.02816e-05
444.28	2.03083e-05
444.3	2.0335e-05
444.32	2.03615e-05
444.34	2.03879e-05
444.36	2.04143e-05
444.38	2.04406e-05
444.4	2.04668e-05
444.42	2.0493e-05
444.44	2.0519e-05
444.46	2.0545e-05
444.48	2.05709e-05
444.5	2.05967e-05
444.52	2.06225e-05
444.54	2.06481e-05
444.56	2.06737e-05
444.58	2.06992e-05
444.6	2.07247e-05
444.62	2.075e-05
444.64	2.07753e-05
444.66	2.08005e-05
444.68	2.08256e-05
444.7	2.08507e-05
444.72	2.08757e-05
444.74	2.09006e-05
444.76	2.09254e-05
444.78	2.09502e-05
444.8	2.09748e-05
444.82	2.09994e-05
444.84	2.1024e-05
444.86	2.10484e-05
444.88	2.10728e-05
444.9	2.10971e-05
444.92	2.11214e-05
444.94	2.11455e-05
444.96	2.11696e-05
444.98	2.11936e-05
445	2.12176e-05
445.02	2.12415e-05
445.04	2.12653e-05
445.06	2.1289e-05
445.08	2.13127e-05
445.1	2.13362e-05
445.12	2.13598e-05
445.14	2.13832e-05
445.16	2.14066e-05
445.18	2.14299e-05
445.2	2.14532e-05
445.22	2.14763e-05
445.24	2.14994e-05
445.26	2.15225e-05
445.28	2.15454e-05
445.3	2.15683e-05
445.32	2.15912e-05
445.34	2.16139e-05
445.36	2.16366e-05
445.38	2.16592e-05
445.4	2.16818e-05
445.42	2.17043e-05
445.44	2.17267e-05
445.46	2.17491e-05
445.48	2.17714e-05
445.5	2.17936e-05
445.52	2.18158e-05
445.54	2.18379e-05
445.56	2.18599e-05
445.58	2.18819e-05
445.6	2.19038e-05
445.62	2.19257e-05
445.64	2.19475e-05
445.66	2.19692e-05
445.68	2.19909e-05
445.7	2.20124e-05
445.72	2.2034e-05
445.74	2.20555e-05
445.76	2.20769e-05
445.78	2.20982e-05
445.8	2.21195e-05
445.82	2.21407e-05
445.84	2.21619e-05
445.86	2.2183e-05
445.88	2.22041e-05
445.9	2.22251e-05
445.92	2.2246e-05
445.94	2.22669e-05
445.96	2.22877e-05
445.98	2.23084e-05
446	2.23291e-05
446.02	2.23498e-05
446.04	2.23703e-05
446.06	2.23909e-05
446.08	2.24113e-05
446.1	2.24318e-05
446.12	2.24521e-05
446.14	2.24724e-05
446.16	2.24927e-05
446.18	2.25128e-05
446.2	2.2533e-05
446.22	2.2553e-05
446.24	2.25731e-05
446.26	2.2593e-05
446.28	2.2613e-05
446.3	2.26328e-05
446.32	2.26526e-05
446.34	2.26724e-05
446.36	2.26921e-05
446.38	2.27117e-05
446.4	2.27313e-05
446.42	2.27508e-05
446.44	2.27703e-05
446.46	2.27898e-05
446.48	2.28091e-05
446.5	2.28285e-05
446.52	2.28478e-05
446.54	2.2867e-05
446.56	2.28862e-05
446.58	2.29053e-05
446.6	2.29244e-05
446.62	2.29434e-05
446.64	2.29624e-05
446.66	2.29813e-05
446.68	2.30002e-05
446.7	2.3019e-05
446.72	2.30378e-05
446.74	2.30565e-05
446.76	2.30752e-05
446.78	2.30939e-05
446.8	2.31124e-05
446.82	2.3131e-05
446.84	2.31495e-05
446.86	2.31679e-05
446.88	2.31863e-05
446.9	2.32047e-05
446.92	2.3223e-05
446.94	2.32413e-05
446.96	2.32595e-05
446.98	2.32776e-05
447	2.32958e-05
447.02	2.33139e-05
447.04	2.33319e-05
447.06	2.33499e-05
447.08	2.33678e-05
447.1	2.33857e-05
447.12	2.34036e-05
447.14	2.34214e-05
447.16	2.34392e-05
447.18	2.34569e-05
447.2	2.34746e-05
447.22	2.34923e-05
447.24	2.35099e-05
447.26	2.35274e-05
447.28	2.3545e-05
447.3	2.35624e-05
447.32	2.35799e-05
447.34	2.35973e-05
447.36	2.36146e-05
447.38	2.36319e-05
447.4	2.36492e-05
447.42	2.36664e-05
447.44	2.36836e-05
447.46	2.37008e-05
447.48	2.37179e-05
447.5	2.3735e-05
447.52	2.3752e-05
447.54	2.3769e-05
447.56	2.3786e-05
447.58	2.38029e-05
447.6	2.38198e-05
447.62	2.38366e-05
447.64	2.38534e-05
447.66	2.38702e-05
447.68	2.38869e-05
447.7	2.39036e-05
447.72	2.39203e-05
447.74	2.39369e-05
447.76	2.39535e-05
447.78	2.397e-05
447.8	2.39866e-05
447.82	2.4003e-05
447.84	2.40195e-05
447.86	2.40359e-05
447.88	2.40522e-05
447.9	2.40686e-05
447.92	2.40849e-05
447.94	2.41012e-05
447.96	2.41174e-05
447.98	2.41336e-05
448	2.41497e-05
448.02	2.41659e-05
448.04	2.4182e-05
448.06	2.4198e-05
448.08	2.42141e-05
448.1	2.42301e-05
448.12	2.4246e-05
448.14	2.4262e-05
448.16	2.42779e-05
448.18	2.42937e-05
448.2	2.43096e-05
448.22	2.43254e-05
448.24	2.43412e-05
448.26	2.43569e-05
448.28	2.43726e-05
448.3	2.43883e-05
448.32	2.4404e-05
448.34	2.44196e-05
448.36	2.44352e-05
448.38	2.44507e-05
448.4	2.44663e-05
448.42	2.44818e-05
448.44	2.44972e-05
448.46	2.45127e-05
448.48	2.45281e-05
448.5	2.45435e-05
448.52	2.45588e-05
448.54	2.45742e-05
448.56	2.45895e-05
448.58	2.46047e-05
448.6	2.462e-05
448.62	2.46352e-05
448.64	2.46504e-05
448.66	2.46655e-05
448.68	2.46807e-05
448.7	2.46958e-05
448.72	2.47109e-05
448.74	2.47259e-05
448.76	2.4741e-05
448.78	2.4756e-05
448.8	2.47709e-05
448.82	2.47859e-05
448.84	2.48008e-05
448.86	2.48157e-05
448.88	2.48306e-05
448.9	2.48454e-05
448.92	2.48603e-05
448.94	2.48751e-05
448.96	2.48898e-05
448.98	2.49046e-05
449	2.49193e-05
449.02	2.4934e-05
449.04	2.49487e-05
449.06	2.49634e-05
449.08	2.4978e-05
449.1	2.49926e-05
449.12	2.50072e-05
449.14	2.50217e-05
449.16	2.50363e-05
449.18	2.50508e-05
449.2	2.50653e-05
449.22	2.50798e-05
449.24	2.50942e-05
449.26	2.51086e-05
449.28	2.51231e-05
449.3	2.51374e-05
449.32	2.51518e-05
449.34	2.51661e-05
449.36	2.51805e-05
449.38	2.51948e-05
449.4	2.52091e-05
449.42	2.52233e-05
449.44	2.52376e-05
449.46	2.52518e-05
449.48	2.5266e-05
449.5	2.52802e-05
449.52	2.52943e-05
449.54	2.53085e-05
449.56	2.53226e-05
449.58	2.53367e-05
449.6	2.53508e-05
449.62	2.53649e-05
449.64	2.53789e-05
449.66	2.5393e-05
449.68	2.5407e-05
449.7	2.5421e-05
449.72	2.54349e-05
449.74	2.54489e-05
449.76	2.54628e-05
449.78	2.54768e-05
449.8	2.54907e-05
449.82	2.55046e-05
449.84	2.55185e-05
449.86	2.55323e-05
449.88	2.55462e-05
449.9	2.556e-05
449.92	2.55738e-05
449.94	2.55876e-05
449.96	2.56014e-05
449.98	2.56151e-05
450	2.56289e-05
450.02	2.56426e-05
450.04	2.56563e-05
450.06	2.567e-05
450.08	2.56837e-05
450.1	2.56974e-05
450.12	2.57111e-05
450.14	2.57247e-05
450.16	2.57383e-05
450.18	2.57519e-05
450.2	2.57656e-05
450.22	2.57791e-05
450.24	2.57927e-05
450.26	2.58063e-05
450.28	2.58198e-05
450.3	2.58334e-05
450.32	2.58469e-05
450.34	2.58604e-05
450.36	2.58739e-05
450.38	2.58874e-05
450.4	2.59009e-05
450.42	2.59143e-05
450.44	2.59278e-05
450.46	2.59412e-05
450.48	2.59547e-05
450.5	2.59681e-05
450.52	2.59815e-05
450.54	2.59949e-05
450.56	2.60083e-05
450.58	2.60216e-05
450.6	2.6035e-05
450.62	2.60484e-05
450.64	2.60617e-05
450.66	2.6075e-05
450.68	2.60884e-05
450.7	2.61017e-05
450.72	2.6115e-05
450.74	2.61283e-05
450.76	2.61416e-05
450.78	2.61548e-05
450.8	2.61681e-05
450.82	2.61814e-05
450.84	2.61946e-05
450.86	2.62079e-05
450.88	2.62211e-05
450.9	2.62343e-05
450.92	2.62475e-05
450.94	2.62608e-05
450.96	2.6274e-05
450.98	2.62872e-05
451	2.63003e-05
451.02	2.63135e-05
451.04	2.63267e-05
451.06	2.63399e-05
451.08	2.6353e-05
451.1	2.63662e-05
451.12	2.63793e-05
451.14	2.63925e-05
451.16	2.64056e-05
451.18	2.64188e-05
451.2	2.64319e-05
451.22	2.6445e-05
451.24	2.64581e-05
451.26	2.64712e-05
451.28	2.64843e-05
451.3	2.64974e-05
451.32	2.65105e-05
451.34	2.65236e-05
451.36	2.65367e-05
451.38	2.65498e-05
451.4	2.65628e-05
451.42	2.65759e-05
451.44	2.6589e-05
451.46	2.6602e-05
451.48	2.66151e-05
451.5	2.66282e-05
451.52	2.66412e-05
451.54	2.66543e-05
451.56	2.66673e-05
451.58	2.66804e-05
451.6	2.66934e-05
451.62	2.67064e-05
451.64	2.67195e-05
451.66	2.67325e-05
451.68	2.67456e-05
451.7	2.67586e-05
451.72	2.67716e-05
451.74	2.67846e-05
451.76	2.67977e-05
451.78	2.68107e-05
451.8	2.68237e-05
451.82	2.68367e-05
451.84	2.68498e-05
451.86	2.68628e-05
451.88	2.68758e-05
451.9	2.68888e-05
451.92	2.69019e-05
451.94	2.69149e-05
451.96	2.69279e-05
451.98	2.69409e-05
452	2.69539e-05
452.02	2.6967e-05
452.04	2.698e-05
452.06	2.6993e-05
452.08	2.7006e-05
452.1	2.70191e-05
452.12	2.70321e-05
452.14	2.70451e-05
452.16	2.70582e-05
452.18	2.70712e-05
452.2	2.70842e-05
452.22	2.70973e-05
452.24	2.71103e-05
452.26	2.71234e-05
452.28	2.71364e-05
452.3	2.71494e-05
452.32	2.71625e-05
452.34	2.71756e-05
452.36	2.71886e-05
452.38	2.72017e-05
452.4	2.72147e-05
452.42	2.72278e-05
452.44	2.72409e-05
452.46	2.7254e-05
452.48	2.7267e-05
452.5	2.72801e-05
452.52	2.72932e-05
452.54	2.73063e-05
452.56	2.73194e-05
452.58	2.73325e-05
452.6	2.73456e-05
452.62	2.73587e-05
452.64	2.73719e-05
452.66	2.7385e-05
452.68	2.73981e-05
452.7	2.74112e-05
452.72	2.74244e-05
452.74	2.74375e-05
452.76	2.74507e-05
452.78	2.74639e-05
452.8	2.7477e-05
452.82	2.74902e-05
452.84	2.75034e-05
452.86	2.75166e-05
452.88	2.75298e-05
452.9	2.7543e-05
452.92	2.75562e-05
452.94	2.75694e-05
452.96	2.75827e-05
452.98	2.75959e-05
453	2.76092e-05
453.02	2.76224e-05
453.04	2.76357e-05
453.06	2.7649e-05
453.08	2.76622e-05
453.1	2.76755e-05
453.12	2.76888e-05
453.14	2.77022e-05
453.16	2.77155e-05
453.18	2.77288e-05
453.2	2.77422e-05
453.22	2.77555e-05
453.24	2.77689e-05
453.26	2.77823e-05
453.28	2.77956e-05
453.3	2.7809e-05
453.32	2.78224e-05
453.34	2.78359e-05
453.36	2.78493e-05
453.38	2.78627e-05
453.4	2.78762e-05
453.42	2.78897e-05
453.44	2.79031e-05
453.46	2.79166e-05
453.48	2.79301e-05
453.5	2.79437e-05
453.52	2.79572e-05
453.54	2.79707e-05
453.56	2.79843e-05
453.58	2.79979e-05
453.6	2.80115e-05
453.62	2.80251e-05
453.64	2.80387e-05
453.66	2.80523e-05
453.68	2.8066e-05
453.7	2.80796e-05
453.72	2.80933e-05
453.74	2.8107e-05
453.76	2.81207e-05
453.78	2.81344e-05
453.8	2.81481e-05
453.82	2.81619e-05
453.84	2.81757e-05
453.86	2.81895e-05
453.88	2.82033e-05
453.9	2.82171e-05
453.92	2.82309e-05
453.94	2.82448e-05
453.96	2.82586e-05
453.98	2.82725e-05
454	2.82864e-05
454.02	2.83004e-05
454.04	2.83143e-05
454.06	2.83283e-05
454.08	2.83422e-05
454.1	2.83562e-05
454.12	2.83703e-05
454.14	2.83843e-05
454.16	2.83983e-05
454.18	2.84124e-05
454.2	2.84265e-05
454.22	2.84406e-05
454.24	2.84548e-05
454.26	2.84689e-05
454.28	2.84831e-05
454.3	2.84973e-05
454.32	2.85115e-05
454.34	2.85258e-05
454.36	2.854e-05
454.38	2.85543e-05
454.4	2.85686e-05
454.42	2.8583e-05
454.44	2.85973e-05
454.46	2.86117e-05
454.48	2.86261e-05
454.5	2.86405e-05
454.52	2.8655e-05
454.54	2.86694e-05
454.56	2.86839e-05
454.58	2.86984e-05
454.6	2.8713e-05
454.62	2.87276e-05
454.64	2.87422e-05
454.66	2.87568e-05
454.68	2.87714e-05
454.7	2.87861e-05
454.72	2.88008e-05
454.74	2.88155e-05
454.76	2.88303e-05
454.78	2.8845e-05
454.8	2.88598e-05
454.82	2.88747e-05
454.84	2.88895e-05
454.86	2.89044e-05
454.88	2.89193e-05
454.9	2.89343e-05
454.92	2.89493e-05
454.94	2.89643e-05
454.96	2.89793e-05
454.98	2.89944e-05
455	2.90094e-05
455.02	2.90246e-05
455.04	2.90397e-05
455.06	2.90549e-05
455.08	2.90701e-05
455.1	2.90854e-05
455.12	2.91006e-05
455.14	2.9116e-05
455.16	2.91313e-05
455.18	2.91467e-05
455.2	2.91621e-05
455.22	2.91775e-05
455.24	2.9193e-05
455.26	2.92085e-05
455.28	2.9224e-05
455.3	2.92396e-05
455.32	2.92552e-05
455.34	2.92709e-05
455.36	2.92866e-05
455.38	2.93023e-05
455.4	2.9318e-05
455.42	2.93338e-05
455.44	2.93497e-05
455.46	2.93655e-05
455.48	2.93814e-05
455.5	2.93974e-05
455.52	2.94134e-05
455.54	2.94294e-05
455.56	2.94454e-05
455.58	2.94615e-05
455.6	2.94777e-05
455.62	2.94939e-05
455.64	2.95101e-05
455.66	2.95263e-05
455.68	2.95426e-05
455.7	2.9559e-05
455.72	2.95754e-05
455.74	2.95918e-05
455.76	2.96083e-05
455.78	2.96248e-05
455.8	2.96413e-05
455.82	2.96579e-05
455.84	2.96746e-05
455.86	2.96913e-05
455.88	2.9708e-05
455.9	2.97248e-05
455.92	2.97416e-05
455.94	2.97585e-05
455.96	2.97754e-05
455.98	2.97924e-05
456	2.98094e-05
456.02	2.98265e-05
456.04	2.98436e-05
456.06	2.98608e-05
456.08	2.9878e-05
456.1	2.98953e-05
456.12	2.99126e-05
456.14	2.993e-05
456.16	2.99474e-05
456.18	2.99649e-05
456.2	2.99824e-05
456.22	3e-05
456.24	3.00176e-05
456.26	3.00353e-05
456.28	3.00531e-05
456.3	3.00709e-05
456.32	3.00887e-05
456.34	3.01066e-05
456.36	3.01246e-05
456.38	3.01426e-05
456.4	3.01607e-05
456.42	3.01789e-05
456.44	3.01971e-05
456.46	3.02154e-05
456.48	3.02337e-05
456.5	3.02521e-05
456.52	3.02706e-05
456.54	3.02891e-05
456.56	3.03077e-05
456.58	3.03263e-05
456.6	3.03451e-05
456.62	3.03638e-05
456.64	3.03827e-05
456.66	3.04016e-05
456.68	3.04206e-05
456.7	3.04396e-05
456.72	3.04588e-05
456.74	3.0478e-05
456.76	3.04972e-05
456.78	3.05166e-05
456.8	3.0536e-05
456.82	3.05555e-05
456.84	3.0575e-05
456.86	3.05946e-05
456.88	3.06144e-05
456.9	3.06341e-05
456.92	3.0654e-05
456.94	3.06739e-05
456.96	3.0694e-05
456.98	3.07141e-05
457	3.07343e-05
457.02	3.07545e-05
457.04	3.07749e-05
457.06	3.07953e-05
457.08	3.08158e-05
457.1	3.08364e-05
457.12	3.08571e-05
457.14	3.08779e-05
457.16	3.08988e-05
457.18	3.09197e-05
457.2	3.09408e-05
457.22	3.09619e-05
457.24	3.09832e-05
457.26	3.10045e-05
457.28	3.10259e-05
457.3	3.10475e-05
457.32	3.10691e-05
457.34	3.10908e-05
457.36	3.11126e-05
457.38	3.11346e-05
457.4	3.11566e-05
457.42	3.11787e-05
457.44	3.1201e-05
457.46	3.12233e-05
457.48	3.12458e-05
457.5	3.12684e-05
457.52	3.12911e-05
457.54	3.13139e-05
457.56	3.13368e-05
457.58	3.13598e-05
457.6	3.1383e-05
457.62	3.14062e-05
457.64	3.14296e-05
457.66	3.14531e-05
457.68	3.14768e-05
457.7	3.15006e-05
457.72	3.15245e-05
457.74	3.15485e-05
457.76	3.15726e-05
457.78	3.15969e-05
457.8	3.16214e-05
457.82	3.16459e-05
457.84	3.16707e-05
457.86	3.16955e-05
457.88	3.17205e-05
457.9	3.17457e-05
457.92	3.1771e-05
457.94	3.17964e-05
457.96	3.1822e-05
457.98	3.18478e-05
458	3.18737e-05
458.02	3.18998e-05
458.04	3.19261e-05
458.06	3.19525e-05
458.08	3.19791e-05
458.1	3.20058e-05
458.12	3.20328e-05
458.14	3.20599e-05
458.16	3.20872e-05
458.18	3.21147e-05
458.2	3.21424e-05
458.22	3.21703e-05
458.24	3.21983e-05
458.26	3.22266e-05
458.28	3.22551e-05
458.3	3.22837e-05
458.32	3.23126e-05
458.34	3.23418e-05
458.36	3.23711e-05
458.38	3.24006e-05
458.4	3.24304e-05
458.42	3.24604e-05
458.44	3.24907e-05
458.46	3.25212e-05
458.48	3.25519e-05
458.5	3.25829e-05
458.52	3.26142e-05
458.54	3.26457e-05
458.56	3.26775e-05
458.58	3.27096e-05
458.6	3.27419e-05
458.62	3.27746e-05
458.64	3.28075e-05
458.66	3.28408e-05
458.68	3.28743e-05
458.7	3.29082e-05
458.72	3.29424e-05
458.74	3.29769e-05
458.76	3.30118e-05
458.78	3.3047e-05
458.8	3.30826e-05
458.82	3.31186e-05
458.84	3.31549e-05
458.86	3.31916e-05
458.88	3.32288e-05
458.9	3.32663e-05
458.92	3.33043e-05
458.94	3.33427e-05
458.96	3.33815e-05
458.98	3.34208e-05
459	3.34606e-05
459.02	3.35009e-05
459.04	3.35417e-05
459.06	3.3583e-05
459.08	3.36249e-05
459.1	3.36673e-05
459.12	3.37103e-05
459.14	3.37539e-05
459.16	3.37982e-05
459.18	3.3843e-05
459.2	3.38886e-05
459.22	3.39348e-05
459.24	3.39817e-05
459.26	3.40294e-05
459.28	3.40779e-05
459.3	3.41272e-05
459.32	3.41774e-05
459.34	3.42284e-05
459.36	3.42803e-05
459.38	3.43333e-05
459.4	3.43872e-05
459.42	3.44422e-05
459.44	3.44983e-05
459.46	3.45555e-05
459.48	3.4614e-05
459.5	3.46738e-05
459.52	3.4735e-05
459.54	3.47976e-05
459.56	3.48618e-05
459.58	3.49275e-05
459.6	3.4995e-05
459.62	3.50644e-05
459.64	3.51357e-05
459.66	3.5209e-05
459.68	3.52847e-05
459.7	3.53627e-05
459.72	3.54433e-05
459.74	3.55268e-05
459.76	3.56132e-05
459.78	3.5703e-05
459.8	3.57963e-05
459.82	3.58936e-05
459.84	3.59952e-05
459.86	3.61016e-05
459.88	3.62132e-05
459.9	3.63307e-05
459.92	3.64547e-05
459.94	3.65862e-05
459.96	3.6726e-05
459.98	3.68754e-05
460	3.70357e-05
460.02	3.72088e-05
460.04	3.73969e-05
460.06	3.76026e-05
460.08	3.78296e-05
460.1	3.80824e-05
460.12	3.83671e-05
460.14	3.8692e-05
460.16	3.90688e-05
460.18	3.95144e-05
460.2	4.00541e-05
460.22	4.07281e-05
460.24	4.16043e-05
460.26	4.28058e-05
460.28	4.45815e-05
460.3	4.75037e-05
460.32	5.31016e-05
460.34	6.56946e-05
460.36	9.32085e-05
460.38	0.00013562
460.4	0.000176534
460.42	0.000203016
460.44	0.000214794
460.46	0.000214777
460.48	0.000203179
460.5	0.000180662
460.52	0.000150875
460.54	0.000119089
460.56	8.98748e-05
460.58	6.58574e-05
460.6	4.77521e-05
460.62	3.49516e-05
460.64	2.62567e-05
460.66	2.04551e-05
460.68	1.65798e-05
460.7	1.395e-05
460.72	1.21296e-05
460.74	1.08569e-05
460.76	9.9712e-06
460.78	9.36496e-06
460.8	8.96055e-06
460.82	8.70062e-06
460.84	8.54297e-06
460.86	8.45706e-06
460.88	8.42099e-06
460.9	8.41941e-06
460.92	8.44166e-06
460.94	8.48022e-06
460.96	8.52983e-06
460.98	8.5868e-06
461	8.6486e-06
461.02	8.71351e-06
461.04	8.78041e-06
461.06	8.84859e-06
461.08	8.91764e-06
461.1	8.98735e-06
461.12	9.05764e-06
461.14	9.12849e-06
461.16	9.19995e-06
461.18	9.27208e-06
461.2	9.34496e-06
461.22	9.41864e-06
461.24	9.49318e-06
461.26	9.56865e-06
461.28	9.64506e-06
461.3	9.72244e-06
461.32	9.80079e-06
461.34	9.8801e-06
461.36	9.96034e-06
461.38	1.00415e-05
461.4	1.01235e-05
461.42	1.02064e-05
461.44	1.029e-05
461.46	1.03743e-05
461.48	1.04592e-05
461.5	1.05447e-05
461.52	1.06307e-05
461.54	1.07171e-05
461.56	1.08039e-05
461.58	1.08909e-05
461.6	1.0978e-05
461.62	1.10653e-05
461.64	1.11527e-05
461.66	1.12399e-05
461.68	1.13271e-05
461.7	1.14141e-05
461.72	1.15008e-05
461.74	1.15872e-05
461.76	1.16732e-05
461.78	1.17588e-05
461.8	1.18439e-05
461.82	1.19284e-05
461.84	1.20123e-05
461.86	1.20955e-05
461.88	1.21781e-05
461.9	1.22599e-05
461.92	1.23409e-05
461.94	1.24212e-05
461.96	1.25006e-05
461.98	1.25791e-05
462	1.26568e-05
462.02	1.27335e-05
462.04	1.28093e-05
462.06	1.28842e-05
462.08	1.29581e-05
462.1	1.30311e-05
462.12	1.31031e-05
462.14	1.31741e-05
462.16	1.32442e-05
462.18	1.33133e-05
462.2	1.33815e-05
462.22	1.34487e-05
462.24	1.35149e-05
462.26	1.35802e-05
462.28	1.36446e-05
462.3	1.3708e-05
462.32	1.37706e-05
462.34	1.38322e-05
462.36	1.38929e-05
462.38	1.39528e-05
462.4	1.40119e-05
462.42	1.40701e-05
462.44	1.41275e-05
462.46	1.41842e-05
462.48	1.42401e-05
462.5	1.42952e-05
462.52	1.43497e-05
462.54	1.44034e-05
462.56	1.44565e-05
462.58	1.45089e-05
462.6	1.45607e-05
462.62	1.46118e-05
462.64	1.46624e-05
462.66	1.47124e-05
462.68	1.47619e-05
462.7	1.48108e-05
462.72	1.48592e-05
462.74	1.49071e-05
462.76	1.49545e-05
462.78	1.50014e-05
462.8	1.50479e-05
462.82	1.5094e-05
462.84	1.51396e-05
462.86	1.51849e-05
462.88	1.52297e-05
462.9	1.52742e-05
462.92	1.53183e-05
462.94	1.53621e-05
462.96	1.54055e-05
462.98	1.54486e-05
463	1.54914e-05
463.02	1.55339e-05
463.04	1.55761e-05
463.06	1.56181e-05
463.08	1.56597e-05
463.1	1.57011e-05
463.12	1.57423e-05
463.14	1.57832e-05
463.16	1.58238e-05
463.18	1.58643e-05
463.2	1.59045e-05
463.22	1.59445e-05
463.24	1.59843e-05
463.26	1.60239e-05
463.28	1.60633e-05
463.3	1.61026e-05
463.32	1.61416e-05
463.34	1.61805e-05
463.36	1.62192e-05
463.38	1.62577e-05
463.4	1.62961e-05
463.42	1.63343e-05
463.44	1.63724e-05
463.46	1.64103e-05
463.48	1.6448e-05
463.5	1.64857e-05
463.52	1.65232e-05
463.54	1.65605e-05
463.56	1.65978e-05
463.58	1.66349e-05
463.6	1.66718e-05
463.62	1.67087e-05
463.64	1.67454e-05
463.66	1.6782e-05
463.68	1.68185e-05
463.7	1.68549e-05
463.72	1.68911e-05
463.74	1.69273e-05
463.76	1.69633e-05
463.78	1.69992e-05
463.8	1.70351e-05
463.82	1.70708e-05
463.84	1.71064e-05
463.86	1.71419e-05
463.88	1.71773e-05
463.9	1.72127e-05
463.92	1.72479e-05
463.94	1.7283e-05
463.96	1.7318e-05
463.98	1.73529e-05
464	1.73878e-05
464.02	1.74225e-05
464.04	1.74571e-05
464.06	1.74917e-05
464.08	1.75261e-05
464.1	1.75605e-05
464.12	1.75948e-05
464.14	1.7629e-05
464.16	1.76631e-05
464.18	1.7697e-05
464.2	1.7731e-05
464.22	1.77648e-05
464.24	1.77985e-05
464.26	1.78321e-05
464.28	1.78657e-05
464.3	1.78992e-05
464.32	1.79325e-05
464.34	1.79658e-05
464.36	1.7999e-05
464.38	1.80321e-05
464.4	1.80652e-05
464.42	1.80981e-05
464.44	1.8131e-05
464.46	1.81637e-05
464.48	1.81964e-05
464.5	1.8229e-05
464.52	1.82615e-05
464.54	1.82939e-05
464.56	1.83263e-05
464.58	1.83585e-05
464.6	1.83907e-05
464.62	1.84228e-05
464.64	1.84548e-05
464.66	1.84867e-05
464.68	1.85185e-05
464.7	1.85502e-05
464.72	1.85819e-05
464.74	1.86134e-05
464.76	1.86449e-05
464.78	1.86763e-05
464.8	1.87076e-05
464.82	1.87389e-05
464.84	1.877e-05
464.86	1.88011e-05
464.88	1.8832e-05
464.9	1.88629e-05
464.92	1.88937e-05
464.94	1.89244e-05
464.96	1.89551e-05
464.98	1.89856e-05
465	1.90161e-05
465.02	1.90465e-05
465.04	1.90767e-05
465.06	1.9107e-05
465.08	1.91371e-05
465.1	1.91671e-05
465.12	1.91971e-05
465.14	1.92269e-05
465.16	1.92567e-05
465.18	1.92864e-05
465.2	1.9316e-05
465.22	1.93456e-05
465.24	1.9375e-05
465.26	1.94044e-05
465.28	1.94337e-05
465.3	1.94629e-05
465.32	1.9492e-05
465.34	1.9521e-05
465.36	1.95499e-05
465.38	1.95788e-05
465.4	1.96076e-05
465.42	1.96363e-05
465.44	1.96649e-05
465.46	1.96934e-05
465.48	1.97219e-05
465.5	1.97502e-05
465.52	1.97785e-05
465.54	1.98067e-05
465.56	1.98348e-05
465.58	1.98628e-05
465.6	1.98908e-05
465.62	1.99186e-05
465.64	1.99464e-05
465.66	1.99741e-05
465.68	2.00017e-05
465.7	2.00293e-05
465.72	2.00567e-05
465.74	2.00841e-05
465.76	2.01114e-05
465.78	2.01386e-05
465.8	2.01657e-05
465.82	2.01928e-05
465.84	2.02197e-05
465.86	2.02466e-05
465.88	2.02734e-05
465.9	2.03001e-05
465.92	2.03268e-05
465.94	2.03533e-05
465.96	2.03798e-05
465.98	2.04062e-05
466	2.04326e-05
466.02	2.04588e-05
466.04	2.0485e-05
466.06	2.05111e-05
466.08	2.05371e-05
466.1	2.0563e-05
466.12	2.05889e-05
466.14	2.06146e-05
466.16	2.06403e-05
466.18	2.0666e-05
466.2	2.06915e-05
466.22	2.0717e-05
466.24	2.07424e-05
466.26	2.07677e-05
466.28	2.07929e-05
466.3	2.08181e-05
466.32	2.08432e-05
466.34	2.08682e-05
466.36	2.08931e-05
466.38	2.0918e-05
466.4	2.09428e-05
466.42	2.09675e-05
466.44	2.09921e-05
466.46	2.10167e-05
466.48	2.10412e-05
466.5	2.10656e-05
466.52	2.10899e-05
466.54	2.11142e-05
466.56	2.11384e-05
466.58	2.11625e-05
466.6	2.11865e-05
466.62	2.12105e-05
466.64	2.12344e-05
466.66	2.12583e-05
466.68	2.1282e-05
466.7	2.13057e-05
466.72	2.13293e-05
466.74	2.13529e-05
466.76	2.13764e-05
466.78	2.13998e-05
466.8	2.14231e-05
466.82	2.14464e-05
466.84	2.14696e-05
466.86	2.14927e-05
466.88	2.15158e-05
466.9	2.15388e-05
466.92	2.15617e-05
466.94	2.15846e-05
466.96	2.16074e-05
466.98	2.16301e-05
467	2.16527e-05
467.02	2.16753e-05
467.04	2.16978e-05
467.06	2.17203e-05
467.08	2.17427e-05
467.1	2.1765e-05
467.12	2.17873e-05
467.14	2.18095e-05
467.16	2.18316e-05
467.18	2.18537e-05
467.2	2.18757e-05
467.22	2.18976e-05
467.24	2.19195e-05
467.26	2.19413e-05
467.28	2.19631e-05
467.3	2.19848e-05
467.32	2.20064e-05
467.34	2.20279e-05
467.36	2.20494e-05
467.38	2.20709e-05
467.4	2.20923e-05
467.42	2.21136e-05
467.44	2.21348e-05
467.46	2.2156e-05
467.48	2.21772e-05
467.5	2.21982e-05
467.52	2.22193e-05
467.54	2.22402e-05
467.56	2.22611e-05
467.58	2.22819e-05
467.6	2.23027e-05
467.62	2.23235e-05
467.64	2.23441e-05
467.66	2.23647e-05
467.68	2.23853e-05
467.7	2.24058e-05
467.72	2.24262e-05
467.74	2.24466e-05
467.76	2.24669e-05
467.78	2.24872e-05
467.8	2.25074e-05
467.82	2.25276e-05
467.84	2.25477e-05
467.86	2.25677e-05
467.88	2.25877e-05
467.9	2.26076e-05
467.92	2.26275e-05
467.94	2.26474e-05
467.96	2.26671e-05
467.98	2.26869e-05
468	2.27065e-05
468.02	2.27261e-05
468.04	2.27457e-05
468.06	2.27652e-05
468.08	2.27847e-05
468.1	2.28041e-05
468.12	2.28234e-05
468.14	2.28427e-05
468.16	2.2862e-05
468.18	2.28812e-05
468.2	2.29003e-05
468.22	2.29194e-05
468.24	2.29385e-05
468.26	2.29575e-05
468.28	2.29765e-05
468.3	2.29954e-05
468.32	2.30142e-05
468.34	2.3033e-05
468.36	2.30518e-05
468.38	2.30705e-05
468.4	2.30891e-05
468.42	2.31078e-05
468.44	2.31263e-05
468.46	2.31448e-05
468.48	2.31633e-05
468.5	2.31817e-05
468.52	2.32001e-05
468.54	2.32184e-05
468.56	2.32367e-05
468.58	2.3255e-05
468.6	2.32732e-05
468.62	2.32913e-05
468.64	2.33094e-05
468.66	2.33275e-05
468.68	2.33455e-05
468.7	2.33635e-05
468.72	2.33814e-05
468.74	2.33993e-05
468.76	2.34171e-05
468.78	2.34349e-05
468.8	2.34527e-05
468.82	2.34704e-05
468.84	2.3488e-05
468.86	2.35057e-05
468.88	2.35232e-05
468.9	2.35408e-05
468.92	2.35583e-05
468.94	2.35757e-05
468.96	2.35932e-05
468.98	2.36105e-05
469	2.36279e-05
469.02	2.36452e-05
469.04	2.36624e-05
469.06	2.36796e-05
469.08	2.36968e-05
469.1	2.37139e-05
469.12	2.3731e-05
469.14	2.37481e-05
469.16	2.37651e-05
469.18	2.37821e-05
469.2	2.3799e-05
469.22	2.38159e-05
469.24	2.38328e-05
469.26	2.38496e-05
469.28	2.38664e-05
469.3	2.38832e-05
469.32	2.38999e-05
469.34	2.39166e-05
469.36	2.39332e-05
469.38	2.39498e-05
469.4	2.39664e-05
469.42	2.39829e-05
469.44	2.39994e-05
469.46	2.40159e-05
469.48	2.40323e-05
469.5	2.40487e-05
469.52	2.4065e-05
469.54	2.40814e-05
469.56	2.40976e-05
469.58	2.41139e-05
469.6	2.41301e-05
469.62	2.41463e-05
469.64	2.41624e-05
469.66	2.41786e-05
469.68	2.41946e-05
469.7	2.42107e-05
469.72	2.42267e-05
469.74	2.42427e-05
469.76	2.42586e-05
469.78	2.42746e-05
469.8	2.42905e-05
469.82	2.43063e-05
469.84	2.43221e-05
469.86	2.43379e-05
469.88	2.43537e-05
469.9	2.43694e-05
469.92	2.43851e-05
469.94	2.44008e-05
469.96	2.44164e-05
469.98	2.4432e-05
470	2.44476e-05
470.02	2.44632e-05
470.04	2.44787e-05
470.06	2.44942e-05
470.08	2.45096e-05
470.1	2.45251e-05
470.12	2.45405e-05
470.14	2.45558e-05
470.16	2.45712e-05
470.18	2.45865e-05
470.2	2.46018e-05
470.22	2.46171e-05
470.24	2.46323e-05
470.26	2.46475e-05
470.28	2.46627e-05
470.3	2.46778e-05
470.32	2.46929e-05
470.34	2.4708e-05
470.36	2.47231e-05
470.38	2.47382e-05
470.4	2.47532e-05
470.42	2.47682e-05
470.44	2.47831e-05
470.46	2.47981e-05
470.48	2.4813e-05
470.5	2.48279e-05
470.52	2.48428e-05
470.54	2.48576e-05
470.56	2.48724e-05
470.58	2.48872e-05
470.6	2.4902e-05
470.62	2.49167e-05
470.64	2.49314e-05
470.66	2.49461e-05
470.68	2.49608e-05
470.7	2.49754e-05
470.72	2.49901e-05
470.74	2.50047e-05
470.76	2.50192e-05
470.78	2.50338e-05
470.8	2.50483e-05
470.82	2.50628e-05
470.84	2.50773e-05
470.86	2.50918e-05
470.88	2.51062e-05
470.9	2.51207e-05
470.92	2.51351e-05
470.94	2.51495e-05
470.96	2.51638e-05
470.98	2.51781e-05
471	2.51925e-05
471.02	2.52068e-05
471.04	2.5221e-05
471.06	2.52353e-05
471.08	2.52495e-05
471.1	2.52638e-05
471.12	2.5278e-05
471.14	2.52921e-05
471.16	2.53063e-05
471.18	2.53204e-05
471.2	2.53346e-05
471.22	2.53487e-05
471.24	2.53627e-05
471.26	2.53768e-05
471.28	2.53908e-05
471.3	2.54049e-05
471.32	2.54189e-05
471.34	2.54329e-05
471.36	2.54469e-05
471.38	2.54608e-05
471.4	2.54748e-05
471.42	2.54887e-05
471.44	2.55026e-05
471.46	2.55165e-05
471.48	2.55303e-05
471.5	2.55442e-05
471.52	2.5558e-05
471.54	2.55719e-05
471.56	2.55857e-05
471.58	2.55995e-05
471.6	2.56132e-05
471.62	2.5627e-05
471.64	2.56408e-05
471.66	2.56545e-05
471.68	2.56682e-05
471.7	2.56819e-05
471.72	2.56956e-05
471.74	2.57093e-05
471.76	2.57229e-05
471.78	2.57366e-05
471.8	2.57502e-05
471.82	2.57638e-05
471.84	2.57774e-05
471.86	2.5791e-05
471.88	2.58046e-05
471.9	2.58181e-05
471.92	2.58317e-05
471.94	2.58452e-05
471.96	2.58588e-05
471.98	2.58723e-05
472	2.58858e-05
472.02	2.58993e-05
472.04	2.59127e-05
472.06	2.59262e-05
472.08	2.59397e-05
472.1	2.59531e-05
472.12	2.59665e-05
472.14	2.59799e-05
472.16	2.59934e-05
472.18	2.60068e-05
472.2	2.60201e-05
472.22	2.60335e-05
472.24	2.60469e-05
472.26	2.60602e-05
472.28	2.60736e-05
472.3	2.60869e-05
472.32	2.61003e-05
472.34	2.61136e-05
472.36	2.61269e-05
472.38	2.61402e-05
472.4	2.61535e-05
472.42	2.61667e-05
472.44	2.618e-05
472.46	2.61933e-05
472.48	2.62065e-05
472.5	2.62198e-05
472.52	2.6233e-05
472.54	2.62463e-05
472.56	2.62595e-05
472.58	2.62727e-05
472.6	2.62859e-05
472.62	2.62991e-05
472.64	2.63123e-05
472.66	2.63255e-05
472.68	2.63387e-05
472.7	2.63518e-05
472.72	2.6365e-05
472.74	2.63782e-05
472.76	2.63913e-05
472.78	2.64045e-05
472.8	2.64176e-05
472.82	2.64307e-05
472.84	2.64439e-05
472.86	2.6457e-05
472.88	2.64701e-05
472.9	2.64832e-05
472.92	2.64963e-05
472.94	2.65095e-05
472.96	2.65226e-05
472.98	2.65357e-05
473	2.65487e-05
473.02	2.65618e-05
473.04	2.65749e-05
473.06	2.6588e-05
473.08	2.66011e-05
473.1	2.66141e-05
473.12	2.66272e-05
473.14	2.66403e-05
473.16	2.66533e-05
473.18	2.66664e-05
473.2	2.66795e-05
473.22	2.66925e-05
473.24	2.67056e-05
473.26	2.67186e-05
473.28	2.67317e-05
473.3	2.67447e-05
473.32	2.67577e-05
473.34	2.67708e-05
473.36	2.67838e-05
473.38	2.67969e-05
473.4	2.68099e-05
473.42	2.68229e-05
473.44	2.6836e-05
473.46	2.6849e-05
473.48	2.6862e-05
473.5	2.68751e-05
473.52	2.68881e-05
473.54	2.69011e-05
473.56	2.69142e-05
473.58	2.69272e-05
473.6	2.69402e-05
473.62	2.69533e-05
473.64	2.69663e-05
473.66	2.69793e-05
473.68	2.69924e-05
473.7	2.70054e-05
473.72	2.70184e-05
473.74	2.70315e-05
473.76	2.70445e-05
473.78	2.70576e-05
473.8	2.70706e-05
473.82	2.70837e-05
473.84	2.70967e-05
473.86	2.71098e-05
473.88	2.71228e-05
473.9	2.71359e-05
473.92	2.71489e-05
473.94	2.7162e-05
473.96	2.71751e-05
473.98	2.71881e-05
474	2.72012e-05
474.02	2.72143e-05
474.04	2.72273e-05
474.06	2.72404e-05
474.08	2.72535e-05
474.1	2.72666e-05
474.12	2.72797e-05
474.14	2.72928e-05
474.16	2.73059e-05
474.18	2.7319e-05
474.2	2.73321e-05
474.22	2.73453e-05
474.24	2.73584e-05
474.26	2.73715e-05
474.28	2.73846e-05
474.3	2.73978e-05
474.32	2.74109e-05
474.34	2.74241e-05
474.36	2.74373e-05
474.38	2.74504e-05
474.4	2.74636e-05
474.42	2.74768e-05
474.44	2.749e-05
474.46	2.75032e-05
474.48	2.75164e-05
474.5	2.75296e-05
474.52	2.75428e-05
474.54	2.7556e-05
474.56	2.75693e-05
474.58	2.75825e-05
474.6	2.75957e-05
474.62	2.7609e-05
474.64	2.76223e-05
474.66	2.76355e-05
474.68	2.76488e-05
474.7	2.76621e-05
474.72	2.76754e-05
474.74	2.76887e-05
474.76	2.77021e-05
474.78	2.77154e-05
474.8	2.77287e-05
474.82	2.77421e-05
474.84	2.77555e-05
474.86	2.77688e-05
474.88	2.77822e-05
474.9	2.77956e-05
474.92	2.7809e-05
474.94	2.78225e-05
474.96	2.78359e-05
474.98	2.78493e-05
475	2.78628e-05
475.02	2.78762e-05
475.04	2.78897e-05
475.06	2.79032e-05
475.08	2.79167e-05
475.1	2.79302e-05
475.12	2.79438e-05
475.14	2.79573e-05
475.16	2.79709e-05
475.18	2.79844e-05
475.2	2.7998e-05
475.22	2.80116e-05
475.24	2.80252e-05
475.26	2.80389e-05
475.28	2.80525e-05
475.3	2.80661e-05
475.32	2.80798e-05
475.34	2.80935e-05
475.36	2.81072e-05
475.38	2.81209e-05
475.4	2.81346e-05
475.42	2.81484e-05
475.44	2.81622e-05
475.46	2.81759e-05
475.48	2.81897e-05
475.5	2.82035e-05
475.52	2.82174e-05
475.54	2.82312e-05
475.56	2.82451e-05
475.58	2.8259e-05
475.6	2.82729e-05
475.62	2.82868e-05
475.64	2.83007e-05
475.66	2.83147e-05
475.68	2.83286e-05
475.7	2.83426e-05
475.72	2.83566e-05
475.74	2.83707e-05
475.76	2.83847e-05
475.78	2.83988e-05
475.8	2.84129e-05
475.82	2.8427e-05
475.84	2.84411e-05
475.86	2.84552e-05
475.88	2.84694e-05
475.9	2.84836e-05
475.92	2.84978e-05
475.94	2.8512e-05
475.96	2.85263e-05
475.98	2.85406e-05
476	2.85549e-05
476.02	2.85692e-05
476.04	2.85835e-05
476.06	2.85979e-05
476.08	2.86123e-05
476.1	2.86267e-05
476.12	2.86411e-05
476.14	2.86556e-05
476.16	2.86701e-05
476.18	2.86846e-05
476.2	2.86991e-05
476.22	2.87137e-05
476.24	2.87282e-05
476.26	2.87428e-05
476.28	2.87575e-05
476.3	2.87721e-05
476.32	2.87868e-05
476.34	2.88015e-05
476.36	2.88163e-05
476.38	2.8831e-05
476.4	2.88458e-05
476.42	2.88606e-05
476.44	2.88755e-05
476.46	2.88903e-05
476.48	2.89052e-05
476.5	2.89202e-05
476.52	2.89351e-05
476.54	2.89501e-05
476.56	2.89651e-05
476.58	2.89802e-05
476.6	2.89952e-05
476.62	2.90103e-05
476.64	2.90255e-05
476.66	2.90406e-05
476.68	2.90558e-05
476.7	2.90711e-05
476.72	2.90863e-05
476.74	2.91016e-05
476.76	2.91169e-05
476.78	2.91323e-05
476.8	2.91477e-05
476.82	2.91631e-05
476.84	2.91785e-05
476.86	2.9194e-05
476.88	2.92095e-05
476.9	2.92251e-05
476.92	2.92407e-05
476.94	2.92563e-05
476.96	2.9272e-05
476.98	2.92877e-05
477	2.93034e-05
477.02	2.93192e-05
477.04	2.9335e-05
477.06	2.93508e-05
477.08	2.93667e-05
477.1	2.93826e-05
477.12	2.93986e-05
477.14	2.94146e-05
477.16	2.94306e-05
477.18	2.94467e-05
477.2	2.94628e-05
477.22	2.94789e-05
477.24	2.94951e-05
477.26	2.95113e-05
477.28	2.95276e-05
477.3	2.95439e-05
477.32	2.95603e-05
477.34	2.95767e-05
477.36	2.95931e-05
477.38	2.96096e-05
477.4	2.96261e-05
477.42	2.96427e-05
477.44	2.96593e-05
477.46	2.9676e-05
477.48	2.96927e-05
477.5	2.97094e-05
477.52	2.97262e-05
477.54	2.97431e-05
477.56	2.976e-05
477.58	2.97769e-05
477.6	2.97939e-05
477.62	2.98109e-05
477.64	2.9828e-05
477.66	2.98452e-05
477.68	2.98623e-05
477.7	2.98796e-05
477.72	2.98969e-05
477.74	2.99142e-05
477.76	2.99316e-05
477.78	2.9949e-05
477.8	2.99665e-05
477.82	2.9984e-05
477.84	3.00016e-05
477.86	3.00193e-05
477.88	3.0037e-05
477.9	3.00548e-05
477.92	3.00726e-05
477.94	3.00905e-05
477.96	3.01084e-05
477.98	3.01264e-05
478	3.01444e-05
478.02	3.01626e-05
478.04	3.01807e-05
478.06	3.01989e-05
478.08	3.02172e-05
478.1	3.02356e-05
478.12	3.0254e-05
478.14	3.02725e-05
478.16	3.0291e-05
478.18	3.03096e-05
478.2	3.03283e-05
478.22	3.0347e-05
478.24	3.03658e-05
478.26	3.03847e-05
478.28	3.04036e-05
478.3	3.04226e-05
478.32	3.04417e-05
478.34	3.04608e-05
478.36	3.048e-05
478.38	3.04993e-05
478.4	3.05187e-05
478.42	3.05381e-05
478.44	3.05576e-05
478.46	3.05772e-05
478.48	3.05968e-05
478.5	3.06166e-05
478.52	3.06364e-05
478.54	3.06563e-05
478.56	3.06762e-05
478.58	3.06963e-05
478.6	3.07164e-05
478.62	3.07366e-05
478.64	3.07569e-05
478.66	3.07772e-05
478.68	3.07977e-05
478.7	3.08182e-05
478.72	3.08389e-05
478.74	3.08596e-05
478.76	3.08804e-05
478.78	3.09013e-05
478.8	3.09222e-05
478.82	3.09433e-05
478.84	3.09645e-05
478.86	3.09857e-05
478.88	3.10071e-05
478.9	3.10286e-05
478.92	3.10501e-05
478.94	3.10718e-05
478.96	3.10935e-05
478.98	3.11154e-05
479	3.11373e-05
479.02	3.11594e-05
479.04	3.11815e-05
479.06	3.12038e-05
479.08	3.12262e-05
479.1	3.12487e-05
479.12	3.12713e-05
479.14	3.1294e-05
479.16	3.13168e-05
479.18	3.13397e-05
479.2	3.13628e-05
479.22	3.1386e-05
479.24	3.14093e-05
479.26	3.14327e-05
479.28	3.14562e-05
479.3	3.14799e-05
479.32	3.15037e-05
479.34	3.15276e-05
479.36	3.15517e-05
479.38	3.15759e-05
479.4	3.16002e-05
479.42	3.16247e-05
479.44	3.16493e-05
479.46	3.1674e-05
479.48	3.16989e-05
479.5	3.17239e-05
479.52	3.17491e-05
479.54	3.17744e-05
479.56	3.17999e-05
479.58	3.18256e-05
479.6	3.18514e-05
479.62	3.18773e-05
479.64	3.19035e-05
479.66	3.19297e-05
479.68	3.19562e-05
479.7	3.19828e-05
479.72	3.20096e-05
479.74	3.20366e-05
479.76	3.20638e-05
479.78	3.20911e-05
479.8	3.21186e-05
479.82	3.21464e-05
479.84	3.21743e-05
479.86	3.22024e-05
479.88	3.22307e-05
479.9	3.22592e-05
479.92	3.22879e-05
479.94	3.23169e-05
479.96	3.2346e-05
479.98	3.23754e-05
480	3.2405e-05
480.02	3.24348e-05
480.04	3.24649e-05
480.06	3.24952e-05
480.08	3.25258e-05
480.1	3.25566e-05
480.12	3.25876e-05
480.14	3.26189e-05
480.16	3.26505e-05
480.18	3.26824e-05
480.2	3.27145e-05
480.22	3.27469e-05
480.24	3.27796e-05
480.26	3.28126e-05
480.28	3.28459e-05
480.3	3.28795e-05
480.32	3.29135e-05
480.34	3.29477e-05
480.36	3.29823e-05
480.38	3.30173e-05
480.4	3.30526e-05
480.42	3.30882e-05
480.44	3.31243e-05
480.46	3.31607e-05
480.48	3.31975e-05
480.5	3.32347e-05
480.52	3.32723e-05
480.54	3.33104e-05
480.56	3.33488e-05
480.58	3.33878e-05
480.6	3.34272e-05
480.62	3.34671e-05
480.64	3.35075e-05
480.66	3.35484e-05
480.68	3.35898e-05
480.7	3.36318e-05
480.72	3.36743e-05
480.74	3.37174e-05
480.76	3.37611e-05
480.78	3.38055e-05
480.8	3.38505e-05
480.82	3.38961e-05
480.84	3.39425e-05
480.86	3.39896e-05
480.88	3.40374e-05
480.9	3.40861e-05
480.92	3.41355e-05
480.94	3.41858e-05
480.96	3.4237e-05
480.98	3.42892e-05
481	3.43423e-05
481.02	3.43964e-05
481.04	3.44516e-05
481.06	3.45079e-05
481.08	3.45654e-05
481.1	3.46242e-05
481.12	3.46842e-05
481.14	3.47457e-05
481.16	3.48086e-05
481.18	3.4873e-05
481.2	3.49391e-05
481.22	3.50069e-05
481.24	3.50766e-05
481.26	3.51483e-05
481.28	3.52221e-05
481.3	3.52982e-05
481.32	3.53767e-05
481.34	3.54578e-05
481.36	3.55418e-05
481.38	3.56289e-05
481.4	3.57193e-05
481.42	3.58134e-05
481.44	3.59114e-05
481.46	3.60139e-05
481.48	3.61212e-05
481.5	3.62338e-05
481.52	3.63525e-05
481.54	3.64779e-05
481.56	3.66108e-05
481.58	3.67523e-05
481.6	3.69036e-05
481.62	3.70662e-05
481.64	3.72419e-05
481.66	3.74331e-05
481.68	3.76425e-05
481.7	3.78739e-05
481.72	3.81321e-05
481.74	3.84235e-05
481.76	3.87571e-05
481.78	3.91453e-05
481.8	3.96061e-05
481.82	4.01672e-05
481.84	4.08726e-05
481.86	4.17975e-05
481.88	4.30813e-05
481.9	4.50112e-05
481.92	4.82668e-05
481.94	5.47084e-05
481.96	6.9455e-05
481.98	0.000100285
482	0.00014394
482.02	0.000182718
482.04	0.000206255
482.06	0.000215695
482.08	0.000213569
482.1	0.000199806
482.12	0.000175578
482.14	0.000145007
482.16	0.000113397
482.18	8.50056e-05
482.2	6.20755e-05
482.22	4.50243e-05
482.24	3.30796e-05
482.26	2.50053e-05
482.28	1.96237e-05
482.3	1.60215e-05
482.32	1.35676e-05
482.34	1.1864e-05
482.36	1.06726e-05
482.38	9.84543e-06
482.4	9.28155e-06
482.42	8.9076e-06
482.44	8.66933e-06
482.46	8.52694e-06
482.48	8.45168e-06
482.5	8.42294e-06
482.52	8.42642e-06
482.54	8.45212e-06
482.56	8.49303e-06
482.58	8.54421e-06
482.6	8.60221e-06
482.62	8.66467e-06
482.64	8.73e-06
482.66	8.79716e-06
482.68	8.86551e-06
482.7	8.93468e-06
482.72	9.00448e-06
482.74	9.07485e-06
482.76	9.1458e-06
482.78	9.21737e-06
482.8	9.28962e-06
482.82	9.36262e-06
482.84	9.43645e-06
482.86	9.51115e-06
482.88	9.58678e-06
482.9	9.66335e-06
482.92	9.7409e-06
482.94	9.81941e-06
482.96	9.89889e-06
482.98	9.9793e-06
483	1.00606e-05
483.02	1.01428e-05
483.04	1.02257e-05
483.06	1.03095e-05
483.08	1.03939e-05
483.1	1.04789e-05
483.12	1.05645e-05
483.14	1.06506e-05
483.16	1.0737e-05
483.18	1.08238e-05
483.2	1.09108e-05
483.22	1.0998e-05
483.24	1.10853e-05
483.26	1.11726e-05
483.28	1.12599e-05
483.3	1.1347e-05
483.32	1.14339e-05
483.34	1.15206e-05
483.36	1.16069e-05
483.38	1.16928e-05
483.4	1.17783e-05
483.42	1.18632e-05
483.44	1.19476e-05
483.46	1.20314e-05
483.48	1.21145e-05
483.5	1.21969e-05
483.52	1.22785e-05
483.54	1.23594e-05
483.56	1.24395e-05
483.58	1.25187e-05
483.6	1.2597e-05
483.62	1.26745e-05
483.64	1.2751e-05
483.66	1.28266e-05
483.68	1.29013e-05
483.7	1.29751e-05
483.72	1.30478e-05
483.74	1.31196e-05
483.76	1.31905e-05
483.78	1.32603e-05
483.8	1.33292e-05
483.82	1.33972e-05
483.84	1.34642e-05
483.86	1.35302e-05
483.88	1.35953e-05
483.9	1.36595e-05
483.92	1.37228e-05
483.94	1.37851e-05
483.96	1.38465e-05
483.98	1.39071e-05
484	1.39668e-05
484.02	1.40257e-05
484.04	1.40838e-05
484.06	1.4141e-05
484.08	1.41975e-05
484.1	1.42532e-05
484.12	1.43082e-05
484.14	1.43625e-05
484.16	1.44161e-05
484.18	1.4469e-05
484.2	1.45213e-05
484.22	1.45729e-05
484.24	1.4624e-05
484.26	1.46744e-05
484.28	1.47243e-05
484.3	1.47736e-05
484.32	1.48224e-05
484.34	1.48707e-05
484.36	1.49185e-05
484.38	1.49658e-05
484.4	1.50126e-05
484.42	1.5059e-05
484.44	1.5105e-05
484.46	1.51505e-05
484.48	1.51957e-05
484.5	1.52404e-05
484.52	1.52848e-05
484.54	1.53288e-05
484.56	1.53725e-05
484.58	1.54159e-05
484.6	1.54589e-05
484.62	1.55016e-05
484.64	1.55441e-05
484.66	1.55862e-05
484.68	1.56281e-05
484.7	1.56696e-05
484.72	1.5711e-05
484.74	1.57521e-05
484.76	1.57929e-05
484.78	1.58335e-05
484.8	1.58739e-05
484.82	1.59141e-05
484.84	1.5954e-05
484.86	1.59938e-05
484.88	1.60333e-05
484.9	1.60727e-05
484.92	1.61119e-05
484.94	1.61509e-05
484.96	1.61897e-05
484.98	1.62284e-05
485	1.62668e-05
485.02	1.63052e-05
485.04	1.63434e-05
485.06	1.63814e-05
485.08	1.64193e-05
485.1	1.6457e-05
485.12	1.64946e-05
485.14	1.6532e-05
485.16	1.65694e-05
485.18	1.66065e-05
485.2	1.66436e-05
485.22	1.66805e-05
485.24	1.67174e-05
485.26	1.67541e-05
485.28	1.67906e-05
485.3	1.68271e-05
485.32	1.68634e-05
485.34	1.68997e-05
485.36	1.69358e-05
485.38	1.69718e-05
485.4	1.70077e-05
485.42	1.70435e-05
485.44	1.70792e-05
485.46	1.71148e-05
485.48	1.71503e-05
485.5	1.71857e-05
485.52	1.72209e-05
485.54	1.72561e-05
485.56	1.72912e-05
485.58	1.73262e-05
485.6	1.73611e-05
485.62	1.73959e-05
485.64	1.74306e-05
485.66	1.74653e-05
485.68	1.74998e-05
485.7	1.75342e-05
485.72	1.75686e-05
485.74	1.76028e-05
485.76	1.7637e-05
485.78	1.7671e-05
485.8	1.7705e-05
485.82	1.77389e-05
485.84	1.77727e-05
485.86	1.78064e-05
485.88	1.784e-05
485.9	1.78736e-05
485.92	1.7907e-05
485.94	1.79404e-05
485.96	1.79736e-05
485.98	1.80068e-05
486	1.80399e-05
486.02	1.80729e-05
486.04	1.81058e-05
486.06	1.81387e-05
486.08	1.81714e-05
486.1	1.82041e-05
486.12	1.82366e-05
486.14	1.82691e-05
486.16	1.83015e-05
486.18	1.83338e-05
486.2	1.83661e-05
486.22	1.83982e-05
486.24	1.84303e-05
486.26	1.84623e-05
486.28	1.84942e-05
486.3	1.8526e-05
486.32	1.85577e-05
486.34	1.85893e-05
486.36	1.86209e-05
486.38	1.86523e-05
486.4	1.86837e-05
486.42	1.8715e-05
486.44	1.87462e-05
486.46	1.87773e-05
486.48	1.88084e-05
486.5	1.88393e-05
486.52	1.88702e-05
486.54	1.8901e-05
486.56	1.89317e-05
486.58	1.89623e-05
486.6	1.89928e-05
486.62	1.90233e-05
486.64	1.90536e-05
486.66	1.90839e-05
486.68	1.91141e-05
486.7	1.91442e-05
486.72	1.91742e-05
486.74	1.92042e-05
486.76	1.9234e-05
486.78	1.92638e-05
486.8	1.92935e-05
486.82	1.93231e-05
486.84	1.93526e-05
486.86	1.9382e-05
486.88	1.94114e-05
486.9	1.94406e-05
486.92	1.94698e-05
486.94	1.94989e-05
486.96	1.95279e-05
486.98	1.95568e-05
487	1.95857e-05
487.02	1.96144e-05
487.04	1.96431e-05
487.06	1.96717e-05
487.08	1.97002e-05
487.1	1.97287e-05
487.12	1.9757e-05
487.14	1.97853e-05
487.16	1.98134e-05
487.18	1.98415e-05
487.2	1.98695e-05
487.22	1.98975e-05
487.24	1.99253e-05
487.26	1.99531e-05
487.28	1.99808e-05
487.3	2.00084e-05
487.32	2.00359e-05
487.34	2.00633e-05
487.36	2.00907e-05
487.38	2.0118e-05
487.4	2.01452e-05
487.42	2.01723e-05
487.44	2.01993e-05
487.46	2.02263e-05
487.48	2.02531e-05
487.5	2.02799e-05
487.52	2.03066e-05
487.54	2.03333e-05
487.56	2.03598e-05
487.58	2.03863e-05
487.6	2.04127e-05
487.62	2.0439e-05
487.64	2.04652e-05
487.66	2.04914e-05
487.68	2.05175e-05
487.7	2.05435e-05
487.72	2.05694e-05
487.74	2.05952e-05
487.76	2.0621e-05
487.78	2.06467e-05
487.8	2.06723e-05
487.82	2.06978e-05
487.84	2.07233e-05
487.86	2.07486e-05
487.88	2.07739e-05
487.9	2.07992e-05
487.92	2.08243e-05
487.94	2.08494e-05
487.96	2.08744e-05
487.98	2.08993e-05
488	2.09241e-05
488.02	2.09489e-05
488.04	2.09736e-05
488.06	2.09982e-05
488.08	2.10228e-05
488.1	2.10473e-05
488.12	2.10717e-05
488.14	2.1096e-05
488.16	2.11202e-05
488.18	2.11444e-05
488.2	2.11685e-05
488.22	2.11926e-05
488.24	2.12165e-05
488.26	2.12404e-05
488.28	2.12643e-05
488.3	2.1288e-05
488.32	2.13117e-05
488.34	2.13353e-05
488.36	2.13588e-05
488.38	2.13823e-05
488.4	2.14057e-05
488.42	2.1429e-05
488.44	2.14523e-05
488.46	2.14755e-05
488.48	2.14986e-05
488.5	2.15216e-05
488.52	2.15446e-05
488.54	2.15675e-05
488.56	2.15904e-05
488.58	2.16132e-05
488.6	2.16359e-05
488.62	2.16585e-05
488.64	2.16811e-05
488.66	2.17036e-05
488.68	2.17261e-05
488.7	2.17485e-05
488.72	2.17708e-05
488.74	2.1793e-05
488.76	2.18152e-05
488.78	2.18373e-05
488.8	2.18594e-05
488.82	2.18814e-05
488.84	2.19033e-05
488.86	2.19252e-05
488.88	2.1947e-05
488.9	2.19687e-05
488.92	2.19904e-05
488.94	2.2012e-05
488.96	2.20336e-05
488.98	2.20551e-05
489	2.20765e-05
489.02	2.20979e-05
489.04	2.21192e-05
489.06	2.21404e-05
489.08	2.21616e-05
489.1	2.21827e-05
489.12	2.22038e-05
489.14	2.22248e-05
489.16	2.22457e-05
489.18	2.22666e-05
489.2	2.22875e-05
489.22	2.23082e-05
489.24	2.23289e-05
489.26	2.23496e-05
489.28	2.23702e-05
489.3	2.23907e-05
489.32	2.24112e-05
489.34	2.24317e-05
489.36	2.2452e-05
489.38	2.24724e-05
489.4	2.24926e-05
489.42	2.25128e-05
489.44	2.2533e-05
489.46	2.25531e-05
489.48	2.25731e-05
489.5	2.25931e-05
489.52	2.2613e-05
489.54	2.26329e-05
489.56	2.26527e-05
489.58	2.26725e-05
489.6	2.26922e-05
489.62	2.27119e-05
489.64	2.27315e-05
489.66	2.2751e-05
489.68	2.27705e-05
489.7	2.279e-05
489.72	2.28094e-05
489.74	2.28287e-05
489.76	2.2848e-05
489.78	2.28673e-05
489.8	2.28865e-05
489.82	2.29056e-05
489.84	2.29247e-05
489.86	2.29437e-05
489.88	2.29627e-05
489.9	2.29817e-05
489.92	2.30006e-05
489.94	2.30194e-05
489.96	2.30382e-05
489.98	2.3057e-05
490	2.30757e-05
490.02	2.30943e-05
490.04	2.31129e-05
490.06	2.31315e-05
490.08	2.315e-05
490.1	2.31685e-05
490.12	2.31869e-05
490.14	2.32053e-05
490.16	2.32236e-05
490.18	2.32419e-05
490.2	2.32601e-05
490.22	2.32783e-05
490.24	2.32964e-05
490.26	2.33145e-05
490.28	2.33326e-05
490.3	2.33506e-05
490.32	2.33685e-05
490.34	2.33865e-05
490.36	2.34043e-05
490.38	2.34222e-05
490.4	2.344e-05
490.42	2.34577e-05
490.44	2.34754e-05
490.46	2.34931e-05
490.48	2.35107e-05
490.5	2.35283e-05
490.52	2.35458e-05
490.54	2.35633e-05
490.56	2.35808e-05
490.58	2.35982e-05
490.6	2.36155e-05
490.62	2.36329e-05
490.64	2.36502e-05
490.66	2.36674e-05
490.68	2.36846e-05
490.7	2.37018e-05
490.72	2.37189e-05
490.74	2.3736e-05
490.76	2.37531e-05
490.78	2.37701e-05
490.8	2.37871e-05
490.82	2.3804e-05
490.84	2.38209e-05
490.86	2.38377e-05
490.88	2.38546e-05
490.9	2.38714e-05
490.92	2.38881e-05
490.94	2.39048e-05
490.96	2.39215e-05
490.98	2.39381e-05
491	2.39547e-05
491.02	2.39713e-05
491.04	2.39878e-05
491.06	2.40043e-05
491.08	2.40208e-05
491.1	2.40372e-05
491.12	2.40536e-05
491.14	2.40699e-05
491.16	2.40862e-05
491.18	2.41025e-05
491.2	2.41188e-05
491.22	2.4135e-05
491.24	2.41512e-05
491.26	2.41673e-05
491.28	2.41834e-05
491.3	2.41995e-05
491.32	2.42156e-05
491.34	2.42316e-05
491.36	2.42475e-05
491.38	2.42635e-05
491.4	2.42794e-05
491.42	2.42953e-05
491.44	2.43112e-05
491.46	2.4327e-05
491.48	2.43428e-05
491.5	2.43585e-05
491.52	2.43743e-05
491.54	2.43899e-05
491.56	2.44056e-05
491.58	2.44213e-05
491.6	2.44369e-05
491.62	2.44524e-05
491.64	2.4468e-05
491.66	2.44835e-05
491.68	2.4499e-05
491.7	2.45144e-05
491.72	2.45299e-05
491.74	2.45453e-05
491.76	2.45606e-05
491.78	2.4576e-05
491.8	2.45913e-05
491.82	2.46066e-05
491.84	2.46218e-05
491.86	2.46371e-05
491.88	2.46523e-05
491.9	2.46675e-05
491.92	2.46826e-05
491.94	2.46977e-05
491.96	2.47128e-05
491.98	2.47279e-05
492	2.47429e-05
492.02	2.4758e-05
492.04	2.4773e-05
492.06	2.47879e-05
492.08	2.48029e-05
492.1	2.48178e-05
492.12	2.48327e-05
492.14	2.48475e-05
492.16	2.48624e-05
492.18	2.48772e-05
492.2	2.4892e-05
492.22	2.49067e-05
492.24	2.49215e-05
492.26	2.49362e-05
492.28	2.49509e-05
492.3	2.49656e-05
492.32	2.49802e-05
492.34	2.49948e-05
492.36	2.50094e-05
492.38	2.5024e-05
492.4	2.50386e-05
492.42	2.50531e-05
492.44	2.50676e-05
492.46	2.50821e-05
492.48	2.50966e-05
492.5	2.5111e-05
492.52	2.51254e-05
492.54	2.51398e-05
492.56	2.51542e-05
492.58	2.51686e-05
492.6	2.51829e-05
492.62	2.51972e-05
492.64	2.52115e-05
492.66	2.52258e-05
492.68	2.52401e-05
492.7	2.52543e-05
492.72	2.52685e-05
492.74	2.52827e-05
492.76	2.52969e-05
492.78	2.53111e-05
492.8	2.53252e-05
492.82	2.53393e-05
492.84	2.53534e-05
492.86	2.53675e-05
492.88	2.53816e-05
492.9	2.53956e-05
492.92	2.54097e-05
492.94	2.54237e-05
492.96	2.54377e-05
492.98	2.54516e-05
493	2.54656e-05
493.02	2.54795e-05
493.04	2.54935e-05
493.06	2.55074e-05
493.08	2.55213e-05
493.1	2.55351e-05
493.12	2.5549e-05
493.14	2.55628e-05
493.16	2.55767e-05
493.18	2.55905e-05
493.2	2.56043e-05
493.22	2.5618e-05
493.24	2.56318e-05
493.26	2.56456e-05
493.28	2.56593e-05
493.3	2.5673e-05
493.32	2.56867e-05
493.34	2.57004e-05
493.36	2.57141e-05
493.38	2.57277e-05
493.4	2.57414e-05
493.42	2.5755e-05
493.44	2.57686e-05
493.46	2.57822e-05
493.48	2.57958e-05
493.5	2.58094e-05
493.52	2.5823e-05
493.54	2.58365e-05
493.56	2.58501e-05
493.58	2.58636e-05
493.6	2.58771e-05
493.62	2.58906e-05
493.64	2.59041e-05
493.66	2.59176e-05
493.68	2.59311e-05
493.7	2.59445e-05
493.72	2.5958e-05
493.74	2.59714e-05
493.76	2.59848e-05
493.78	2.59982e-05
493.8	2.60116e-05
493.82	2.6025e-05
493.84	2.60384e-05
493.86	2.60518e-05
493.88	2.60651e-05
493.9	2.60785e-05
493.92	2.60918e-05
493.94	2.61052e-05
493.96	2.61185e-05
493.98	2.61318e-05
494	2.61451e-05
494.02	2.61584e-05
494.04	2.61717e-05
494.06	2.61849e-05
494.08	2.61982e-05
494.1	2.62115e-05
494.12	2.62247e-05
494.14	2.6238e-05
494.16	2.62512e-05
494.18	2.62644e-05
494.2	2.62776e-05
494.22	2.62909e-05
494.24	2.63041e-05
494.26	2.63173e-05
494.28	2.63305e-05
494.3	2.63436e-05
494.32	2.63568e-05
494.34	2.637e-05
494.36	2.63832e-05
494.38	2.63963e-05
494.4	2.64095e-05
494.42	2.64226e-05
494.44	2.64358e-05
494.46	2.64489e-05
494.48	2.6462e-05
494.5	2.64751e-05
494.52	2.64883e-05
494.54	2.65014e-05
494.56	2.65145e-05
494.58	2.65276e-05
494.6	2.65407e-05
494.62	2.65538e-05
494.64	2.65669e-05
494.66	2.658e-05
494.68	2.65931e-05
494.7	2.66061e-05
494.72	2.66192e-05
494.74	2.66323e-05
494.76	2.66454e-05
494.78	2.66584e-05
494.8	2.66715e-05
494.82	2.66846e-05
494.84	2.66976e-05
494.86	2.67107e-05
494.88	2.67237e-05
494.9	2.67368e-05
494.92	2.67498e-05
494.94	2.67629e-05
494.96	2.67759e-05
494.98	2.6789e-05
495	2.6802e-05
495.02	2.68151e-05
495.04	2.68281e-05
495.06	2.68412e-05
495.08	2.68542e-05
495.1	2.68672e-05
495.12	2.68803e-05
495.14	2.68933e-05
495.16	2.69064e-05
495.18	2.69194e-05
495.2	2.69324e-05
495.22	2.69455e-05
495.24	2.69585e-05
495.26	2.69716e-05
495.28	2.69846e-05
495.3	2.69976e-05
495.32	2.70107e-05
495.34	2.70237e-05
495.36	2.70368e-05
495.38	2.70498e-05
495.4	2.70629e-05
495.42	2.70759e-05
495.44	2.7089e-05
495.46	2.7102e-05
495.48	2.71151e-05
495.5	2.71282e-05
495.52	2.71412e-05
495.54	2.71543e-05
495.56	2.71674e-05
495.58	2.71804e-05
495.6	2.71935e-05
495.62	2.72066e-05
495.64	2.72197e-05
495.66	2.72328e-05
495.68	2.72459e-05
495.7	2.7259e-05
495.72	2.72721e-05
495.74	2.72852e-05
495.76	2.72983e-05
495.78	2.73114e-05
495.8	2.73245e-05
495.82	2.73376e-05
495.84	2.73508e-05
495.86	2.73639e-05
495.88	2.7377e-05
495.9	2.73902e-05
495.92	2.74033e-05
495.94	2.74165e-05
495.96	2.74296e-05
495.98	2.74428e-05
496	2.7456e-05
496.02	2.74692e-05
496.04	2.74824e-05
496.06	2.74956e-05
496.08	2.75088e-05
496.1	2.7522e-05
496.12	2.75352e-05
496.14	2.75484e-05
496.16	2.75617e-05
496.18	2.75749e-05
496.2	2.75882e-05
496.22	2.76014e-05
496.24	2.76147e-05
496.26	2.7628e-05
496.28	2.76413e-05
496.3	2.76546e-05
496.32	2.76679e-05
496.34	2.76812e-05
496.36	2.76945e-05
496.38	2.77078e-05
496.4	2.77212e-05
496.42	2.77345e-05
496.44	2.77479e-05
496.46	2.77613e-05
496.48	2.77747e-05
496.5	2.77881e-05
496.52	2.78015e-05
496.54	2.78149e-05
496.56	2.78283e-05
496.58	2.78418e-05
496.6	2.78552e-05
496.62	2.78687e-05
496.64	2.78822e-05
496.66	2.78957e-05
496.68	2.79092e-05
496.7	2.79227e-05
496.72	2.79362e-05
496.74	2.79498e-05
496.76	2.79633e-05
496.78	2.79769e-05
496.8	2.79905e-05
496.82	2.80041e-05
496.84	2.80177e-05
496.86	2.80313e-05
496.88	2.80449e-05
496.9	2.80586e-05
496.92	2.80723e-05
496.94	2.80859e-05
496.96	2.80996e-05
496.98	2.81134e-05
497	2.81271e-05
497.02	2.81408e-05
497.04	2.81546e-05
497.06	2.81684e-05
497.08	2.81822e-05
497.1	2.8196e-05
497.12	2.82098e-05
497.14	2.82236e-05
497.16	2.82375e-05
497.18	2.82514e-05
497.2	2.82653e-05
497.22	2.82792e-05
497.24	2.82931e-05
497.26	2.83071e-05
497.28	2.8321e-05
497.3	2.8335e-05
497.32	2.8349e-05
497.34	2.83631e-05
497.36	2.83771e-05
497.38	2.83912e-05
497.4	2.84052e-05
497.42	2.84193e-05
497.44	2.84335e-05
497.46	2.84476e-05
497.48	2.84618e-05
497.5	2.8476e-05
497.52	2.84902e-05
497.54	2.85044e-05
497.56	2.85186e-05
497.58	2.85329e-05
497.6	2.85472e-05
497.62	2.85615e-05
497.64	2.85759e-05
497.66	2.85902e-05
497.68	2.86046e-05
497.7	2.8619e-05
497.72	2.86334e-05
497.74	2.86479e-05
497.76	2.86624e-05
497.78	2.86769e-05
497.8	2.86914e-05
497.82	2.87059e-05
497.84	2.87205e-05
497.86	2.87351e-05
497.88	2.87497e-05
497.9	2.87644e-05
497.92	2.8779e-05
497.94	2.87937e-05
497.96	2.88085e-05
497.98	2.88232e-05
498	2.8838e-05
498.02	2.88528e-05
498.04	2.88677e-05
498.06	2.88825e-05
498.08	2.88974e-05
498.1	2.89123e-05
498.12	2.89273e-05
498.14	2.89422e-05
498.16	2.89573e-05
498.18	2.89723e-05
498.2	2.89874e-05
498.22	2.90024e-05
498.24	2.90176e-05
498.26	2.90327e-05
498.28	2.90479e-05
498.3	2.90631e-05
498.32	2.90784e-05
498.34	2.90937e-05
498.36	2.9109e-05
498.38	2.91243e-05
498.4	2.91397e-05
498.42	2.91551e-05
498.44	2.91705e-05
498.46	2.9186e-05
498.48	2.92015e-05
498.5	2.92171e-05
498.52	2.92326e-05
498.54	2.92483e-05
498.56	2.92639e-05
498.58	2.92796e-05
498.6	2.92953e-05
498.62	2.93111e-05
498.64	2.93269e-05
498.66	2.93427e-05
498.68	2.93586e-05
498.7	2.93745e-05
498.72	2.93904e-05
498.74	2.94064e-05
498.76	2.94224e-05
498.78	2.94385e-05
498.8	2.94546e-05
498.82	2.94707e-05
498.84	2.94869e-05
498.86	2.95031e-05
498.88	2.95194e-05
498.9	2.95357e-05
498.92	2.9552e-05
498.94	2.95684e-05
498.96	2.95848e-05
498.98	2.96013e-05
499	2.96178e-05
499.02	2.96343e-05
499.04	2.96509e-05
499.06	2.96676e-05
499.08	2.96843e-05
499.1	2.9701e-05
499.12	2.97178e-05
499.14	2.97346e-05
499.16	2.97515e-05
499.18	2.97684e-05
499.2	2.97854e-05
499.22	2.98024e-05
499.24	2.98195e-05
499.26	2.98366e-05
499.28	2.98537e-05
499.3	2.9871e-05
499.32	2.98882e-05
499.34	2.99055e-05
499.36	2.99229e-05
499.38	2.99403e-05
499.4	2.99578e-05
499.42	2.99753e-05
499.44	2.99929e-05
499.46	3.00105e-05
499.48	3.00282e-05
499.5	3.0046e-05
499.52	3.00638e-05
499.54	3.00816e-05
499.56	3.00995e-05
499.58	3.01175e-05
499.6	3.01355e-05
499.62	3.01536e-05
499.64	3.01718e-05
499.66	3.019e-05
499.68	3.02082e-05
499.7	3.02266e-05
499.72	3.0245e-05
499.74	3.02634e-05
499.76	3.02819e-05
499.78	3.03005e-05
499.8	3.03191e-05
499.82	3.03379e-05
499.84	3.03566e-05
499.86	3.03755e-05
499.88	3.03944e-05
499.9	3.04134e-05
499.92	3.04324e-05
499.94	3.04515e-05
499.96	3.04707e-05
499.98	3.049e-05
500	3.05093e-05
