label:AIS.O2_mslo
25000
0.02	5.61457e-07
0.04	5.55374e-07
0.06	5.48597e-07
0.08	5.41413e-07
0.1	5.3403e-07
0.12	5.26599e-07
0.14	5.19227e-07
0.16	5.11987e-07
0.18	5.04932e-07
0.2	4.98096e-07
0.22	4.91499e-07
0.24	4.85152e-07
0.26	4.79058e-07
0.28	4.73217e-07
0.3	4.67623e-07
0.32	4.6227e-07
0.34	4.57147e-07
0.36	4.52243e-07
0.38	4.47549e-07
0.4	4.43053e-07
0.42	4.38742e-07
0.44	4.34607e-07
0.46	4.30635e-07
0.48	4.26817e-07
0.5	4.23142e-07
0.52	4.19602e-07
0.54	4.16186e-07
0.56	4.12887e-07
0.58	4.09696e-07
0.6	4.06606e-07
0.62	4.0361e-07
0.64	4.00702e-07
0.66	3.97876e-07
0.68	3.95126e-07
0.7	3.92447e-07
0.72	3.89834e-07
0.74	3.87283e-07
0.76	3.8479e-07
0.78	3.82351e-07
0.8	3.79962e-07
0.82	3.77621e-07
0.84	3.75325e-07
0.86	3.7307e-07
0.88	3.70854e-07
0.9	3.68675e-07
0.92	3.66531e-07
0.94	3.6442e-07
0.96	3.6234e-07
0.98	3.6029e-07
1	3.58267e-07
1.02	3.5627e-07
1.04	3.54299e-07
1.06	3.52352e-07
1.08	3.50427e-07
1.1	3.48525e-07
1.12	3.46643e-07
1.14	3.44781e-07
1.16	3.42939e-07
1.18	3.41114e-07
1.2	3.39308e-07
1.22	3.37519e-07
1.24	3.35746e-07
1.26	3.33989e-07
1.28	3.32248e-07
1.3	3.30522e-07
1.32	3.2881e-07
1.34	3.27113e-07
1.36	3.25429e-07
1.38	3.23759e-07
1.4	3.22102e-07
1.42	3.20457e-07
1.44	3.18826e-07
1.46	3.17206e-07
1.48	3.15598e-07
1.5	3.14003e-07
1.52	3.12418e-07
1.54	3.10845e-07
1.56	3.09284e-07
1.58	3.07733e-07
1.6	3.06193e-07
1.62	3.04663e-07
1.64	3.03144e-07
1.66	3.01635e-07
1.68	3.00137e-07
1.7	2.98648e-07
1.72	2.9717e-07
1.74	2.95701e-07
1.76	2.94242e-07
1.78	2.92793e-07
1.8	2.91353e-07
1.82	2.89922e-07
1.84	2.885e-07
1.86	2.87088e-07
1.88	2.85685e-07
1.9	2.84291e-07
1.92	2.82906e-07
1.94	2.81529e-07
1.96	2.80162e-07
1.98	2.78803e-07
2	2.77452e-07
2.02	2.7611e-07
2.04	2.74777e-07
2.06	2.73452e-07
2.08	2.72135e-07
2.1	2.70827e-07
2.12	2.69527e-07
2.14	2.68235e-07
2.16	2.66951e-07
2.18	2.65675e-07
2.2	2.64407e-07
2.22	2.63147e-07
2.24	2.61894e-07
2.26	2.6065e-07
2.28	2.59413e-07
2.3	2.58184e-07
2.32	2.56963e-07
2.34	2.55749e-07
2.36	2.54542e-07
2.38	2.53344e-07
2.4	2.52152e-07
2.42	2.50968e-07
2.44	2.49791e-07
2.46	2.48622e-07
2.48	2.47459e-07
2.5	2.46304e-07
2.52	2.45156e-07
2.54	2.44015e-07
2.56	2.42882e-07
2.58	2.41755e-07
2.6	2.40635e-07
2.62	2.39522e-07
2.64	2.38416e-07
2.66	2.37316e-07
2.68	2.36224e-07
2.7	2.35138e-07
2.72	2.34059e-07
2.74	2.32986e-07
2.76	2.3192e-07
2.78	2.30861e-07
2.8	2.29808e-07
2.82	2.28761e-07
2.84	2.27721e-07
2.86	2.26688e-07
2.88	2.25661e-07
2.9	2.2464e-07
2.92	2.23625e-07
2.94	2.22617e-07
2.96	2.21615e-07
2.98	2.20619e-07
3	2.19629e-07
3.02	2.18645e-07
3.04	2.17667e-07
3.06	2.16695e-07
3.08	2.15729e-07
3.1	2.14769e-07
3.12	2.13815e-07
3.14	2.12867e-07
3.16	2.11925e-07
3.18	2.10988e-07
3.2	2.10058e-07
3.22	2.09133e-07
3.24	2.08213e-07
3.26	2.07299e-07
3.28	2.06391e-07
3.3	2.05489e-07
3.32	2.04592e-07
3.34	2.037e-07
3.36	2.02814e-07
3.38	2.01933e-07
3.4	2.01058e-07
3.42	2.00188e-07
3.44	1.99324e-07
3.46	1.98465e-07
3.48	1.97611e-07
3.5	1.96762e-07
3.52	1.95919e-07
3.54	1.9508e-07
3.56	1.94247e-07
3.58	1.93419e-07
3.6	1.92596e-07
3.62	1.91778e-07
3.64	1.90965e-07
3.66	1.90157e-07
3.68	1.89355e-07
3.7	1.88557e-07
3.72	1.87763e-07
3.74	1.86975e-07
3.76	1.86192e-07
3.78	1.85413e-07
3.8	1.84639e-07
3.82	1.8387e-07
3.84	1.83106e-07
3.86	1.82346e-07
3.88	1.81591e-07
3.9	1.80841e-07
3.92	1.80095e-07
3.94	1.79354e-07
3.96	1.78617e-07
3.98	1.77885e-07
4	1.77158e-07
4.02	1.76435e-07
4.04	1.75716e-07
4.06	1.75002e-07
4.08	1.74292e-07
4.1	1.73586e-07
4.12	1.72885e-07
4.14	1.72188e-07
4.16	1.71496e-07
4.18	1.70808e-07
4.2	1.70123e-07
4.22	1.69444e-07
4.24	1.68768e-07
4.26	1.68096e-07
4.28	1.67429e-07
4.3	1.66766e-07
4.32	1.66107e-07
4.34	1.65451e-07
4.36	1.648e-07
4.38	1.64153e-07
4.4	1.6351e-07
4.42	1.62871e-07
4.44	1.62236e-07
4.46	1.61605e-07
4.48	1.60977e-07
4.5	1.60354e-07
4.52	1.59734e-07
4.54	1.59118e-07
4.56	1.58506e-07
4.58	1.57898e-07
4.6	1.57293e-07
4.62	1.56693e-07
4.64	1.56096e-07
4.66	1.55502e-07
4.68	1.54913e-07
4.7	1.54326e-07
4.72	1.53744e-07
4.74	1.53165e-07
4.76	1.5259e-07
4.78	1.52018e-07
4.8	1.5145e-07
4.82	1.50886e-07
4.84	1.50324e-07
4.86	1.49767e-07
4.88	1.49213e-07
4.9	1.48662e-07
4.92	1.48115e-07
4.94	1.47571e-07
4.96	1.4703e-07
4.98	1.46493e-07
5	1.45959e-07
5.02	1.45429e-07
5.04	1.44901e-07
5.06	1.44378e-07
5.08	1.43857e-07
5.1	1.43339e-07
5.12	1.42825e-07
5.14	1.42314e-07
5.16	1.41806e-07
5.18	1.41302e-07
5.2	1.408e-07
5.22	1.40302e-07
5.24	1.39807e-07
5.26	1.39315e-07
5.28	1.38826e-07
5.3	1.3834e-07
5.32	1.37857e-07
5.34	1.37377e-07
5.36	1.369e-07
5.38	1.36426e-07
5.4	1.35955e-07
5.42	1.35487e-07
5.44	1.35022e-07
5.46	1.3456e-07
5.48	1.34101e-07
5.5	1.33644e-07
5.52	1.33191e-07
5.54	1.3274e-07
5.56	1.32293e-07
5.58	1.31848e-07
5.6	1.31406e-07
5.62	1.30966e-07
5.64	1.3053e-07
5.66	1.30096e-07
5.68	1.29665e-07
5.7	1.29237e-07
5.72	1.28811e-07
5.74	1.28388e-07
5.76	1.27968e-07
5.78	1.27551e-07
5.8	1.27136e-07
5.82	1.26724e-07
5.84	1.26314e-07
5.86	1.25907e-07
5.88	1.25503e-07
5.9	1.25101e-07
5.92	1.24702e-07
5.94	1.24306e-07
5.96	1.23912e-07
5.98	1.2352e-07
6	1.23131e-07
6.02	1.22744e-07
6.04	1.2236e-07
6.06	1.21979e-07
6.08	1.216e-07
6.1	1.21223e-07
6.12	1.20849e-07
6.14	1.20477e-07
6.16	1.20108e-07
6.18	1.19741e-07
6.2	1.19376e-07
6.22	1.19014e-07
6.24	1.18654e-07
6.26	1.18297e-07
6.28	1.17942e-07
6.3	1.17589e-07
6.32	1.17238e-07
6.34	1.1689e-07
6.36	1.16544e-07
6.38	1.162e-07
6.4	1.15859e-07
6.42	1.1552e-07
6.44	1.15183e-07
6.46	1.14848e-07
6.48	1.14515e-07
6.5	1.14185e-07
6.52	1.13857e-07
6.54	1.13531e-07
6.56	1.13207e-07
6.58	1.12886e-07
6.6	1.12566e-07
6.62	1.12249e-07
6.64	1.11934e-07
6.66	1.11621e-07
6.68	1.1131e-07
6.7	1.11001e-07
6.72	1.10694e-07
6.74	1.10389e-07
6.76	1.10086e-07
6.78	1.09786e-07
6.8	1.09487e-07
6.82	1.09191e-07
6.84	1.08896e-07
6.86	1.08603e-07
6.88	1.08313e-07
6.9	1.08024e-07
6.92	1.07738e-07
6.94	1.07453e-07
6.96	1.0717e-07
6.98	1.0689e-07
7	1.06611e-07
7.02	1.06334e-07
7.04	1.06059e-07
7.06	1.05786e-07
7.08	1.05515e-07
7.1	1.05246e-07
7.12	1.04978e-07
7.14	1.04713e-07
7.16	1.04449e-07
7.18	1.04188e-07
7.2	1.03928e-07
7.22	1.0367e-07
7.24	1.03413e-07
7.26	1.03159e-07
7.28	1.02906e-07
7.3	1.02656e-07
7.32	1.02407e-07
7.34	1.02159e-07
7.36	1.01914e-07
7.38	1.0167e-07
7.4	1.01428e-07
7.42	1.01188e-07
7.44	1.0095e-07
7.46	1.00713e-07
7.48	1.00478e-07
7.5	1.00245e-07
7.52	1.00014e-07
7.54	9.97839e-08
7.56	9.95558e-08
7.58	9.93294e-08
7.6	9.91047e-08
7.62	9.88816e-08
7.64	9.86603e-08
7.66	9.84406e-08
7.68	9.82225e-08
7.7	9.80061e-08
7.72	9.77914e-08
7.74	9.75782e-08
7.76	9.73667e-08
7.78	9.71568e-08
7.8	9.69486e-08
7.82	9.67419e-08
7.84	9.65368e-08
7.86	9.63334e-08
7.88	9.61315e-08
7.9	9.59311e-08
7.92	9.57324e-08
7.94	9.55352e-08
7.96	9.53396e-08
7.98	9.51455e-08
8	9.4953e-08
8.02	9.4762e-08
8.04	9.45725e-08
8.06	9.43846e-08
8.08	9.41982e-08
8.1	9.40133e-08
8.12	9.38299e-08
8.14	9.3648e-08
8.16	9.34677e-08
8.18	9.32888e-08
8.2	9.31113e-08
8.22	9.29354e-08
8.24	9.27609e-08
8.26	9.2588e-08
8.28	9.24164e-08
8.3	9.22463e-08
8.32	9.20777e-08
8.34	9.19105e-08
8.36	9.17448e-08
8.38	9.15805e-08
8.4	9.14176e-08
8.42	9.12562e-08
8.44	9.10961e-08
8.46	9.09375e-08
8.48	9.07803e-08
8.5	9.06245e-08
8.52	9.04701e-08
8.54	9.0317e-08
8.56	9.01654e-08
8.58	9.00152e-08
8.6	8.98663e-08
8.62	8.97188e-08
8.64	8.95727e-08
8.66	8.94279e-08
8.68	8.92845e-08
8.7	8.91425e-08
8.72	8.90018e-08
8.74	8.88624e-08
8.76	8.87244e-08
8.78	8.85877e-08
8.8	8.84524e-08
8.82	8.83184e-08
8.84	8.81857e-08
8.86	8.80544e-08
8.88	8.79243e-08
8.9	8.77956e-08
8.92	8.76682e-08
8.94	8.75421e-08
8.96	8.74172e-08
8.98	8.72937e-08
9	8.71715e-08
9.02	8.70506e-08
9.04	8.69309e-08
9.06	8.68125e-08
9.08	8.66955e-08
9.1	8.65796e-08
9.12	8.64651e-08
9.14	8.63518e-08
9.16	8.62398e-08
9.18	8.6129e-08
9.2	8.60195e-08
9.22	8.59113e-08
9.24	8.58043e-08
9.26	8.56986e-08
9.28	8.55941e-08
9.3	8.54908e-08
9.32	8.53888e-08
9.34	8.5288e-08
9.36	8.51884e-08
9.38	8.50901e-08
9.4	8.4993e-08
9.42	8.48971e-08
9.44	8.48025e-08
9.46	8.4709e-08
9.48	8.46168e-08
9.5	8.45258e-08
9.52	8.4436e-08
9.54	8.43474e-08
9.56	8.426e-08
9.58	8.41738e-08
9.6	8.40888e-08
9.62	8.4005e-08
9.64	8.39224e-08
9.66	8.3841e-08
9.68	8.37607e-08
9.7	8.36817e-08
9.72	8.36039e-08
9.74	8.35272e-08
9.76	8.34517e-08
9.78	8.33774e-08
9.8	8.33042e-08
9.82	8.32323e-08
9.84	8.31615e-08
9.86	8.30919e-08
9.88	8.30234e-08
9.9	8.29561e-08
9.92	8.289e-08
9.94	8.28251e-08
9.96	8.27613e-08
9.98	8.26986e-08
10	8.26372e-08
10.02	8.25768e-08
10.04	8.25177e-08
10.06	8.24597e-08
10.08	8.24028e-08
10.1	8.23471e-08
10.12	8.22925e-08
10.14	8.22391e-08
10.16	8.21868e-08
10.18	8.21357e-08
10.2	8.20857e-08
10.22	8.20369e-08
10.24	8.19892e-08
10.26	8.19427e-08
10.28	8.18972e-08
10.3	8.1853e-08
10.32	8.18098e-08
10.34	8.17678e-08
10.36	8.1727e-08
10.38	8.16872e-08
10.4	8.16486e-08
10.42	8.16112e-08
10.44	8.15748e-08
10.46	8.15396e-08
10.48	8.15056e-08
10.5	8.14726e-08
10.52	8.14408e-08
10.54	8.14101e-08
10.56	8.13806e-08
10.58	8.13522e-08
10.6	8.13249e-08
10.62	8.12987e-08
10.64	8.12737e-08
10.66	8.12498e-08
10.68	8.1227e-08
10.7	8.12053e-08
10.72	8.11848e-08
10.74	8.11654e-08
10.76	8.11471e-08
10.78	8.113e-08
10.8	8.1114e-08
10.82	8.10991e-08
10.84	8.10853e-08
10.86	8.10727e-08
10.88	8.10612e-08
10.9	8.10508e-08
10.92	8.10415e-08
10.94	8.10334e-08
10.96	8.10264e-08
10.98	8.10206e-08
11	8.10158e-08
11.02	8.10122e-08
11.04	8.10098e-08
11.06	8.10084e-08
11.08	8.10082e-08
11.1	8.10091e-08
11.12	8.10112e-08
11.14	8.10144e-08
11.16	8.10187e-08
11.18	8.10242e-08
11.2	8.10308e-08
11.22	8.10386e-08
11.24	8.10474e-08
11.26	8.10575e-08
11.28	8.10686e-08
11.3	8.10809e-08
11.32	8.10944e-08
11.34	8.1109e-08
11.36	8.11248e-08
11.38	8.11417e-08
11.4	8.11597e-08
11.42	8.11789e-08
11.44	8.11993e-08
11.46	8.12208e-08
11.48	8.12434e-08
11.5	8.12673e-08
11.52	8.12922e-08
11.54	8.13184e-08
11.56	8.13457e-08
11.58	8.13742e-08
11.6	8.14038e-08
11.62	8.14346e-08
11.64	8.14666e-08
11.66	8.14998e-08
11.68	8.15341e-08
11.7	8.15696e-08
11.72	8.16063e-08
11.74	8.16442e-08
11.76	8.16832e-08
11.78	8.17234e-08
11.8	8.17649e-08
11.82	8.18075e-08
11.84	8.18513e-08
11.86	8.18963e-08
11.88	8.19425e-08
11.9	8.19899e-08
11.92	8.20386e-08
11.94	8.20884e-08
11.96	8.21394e-08
11.98	8.21917e-08
12	8.22451e-08
12.02	8.22998e-08
12.04	8.23557e-08
12.06	8.24128e-08
12.08	8.24712e-08
12.1	8.25308e-08
12.12	8.25916e-08
12.14	8.26537e-08
12.16	8.2717e-08
12.18	8.27816e-08
12.2	8.28474e-08
12.22	8.29144e-08
12.24	8.29827e-08
12.26	8.30523e-08
12.28	8.31231e-08
12.3	8.31952e-08
12.32	8.32686e-08
12.34	8.33433e-08
12.36	8.34192e-08
12.38	8.34964e-08
12.4	8.35749e-08
12.42	8.36547e-08
12.44	8.37358e-08
12.46	8.38182e-08
12.48	8.39019e-08
12.5	8.39869e-08
12.52	8.40732e-08
12.54	8.41608e-08
12.56	8.42498e-08
12.58	8.43401e-08
12.6	8.44317e-08
12.62	8.45247e-08
12.64	8.4619e-08
12.66	8.47146e-08
12.68	8.48116e-08
12.7	8.491e-08
12.72	8.50097e-08
12.74	8.51108e-08
12.76	8.52133e-08
12.78	8.53171e-08
12.8	8.54223e-08
12.82	8.55289e-08
12.84	8.5637e-08
12.86	8.57464e-08
12.88	8.58572e-08
12.9	8.59694e-08
12.92	8.60831e-08
12.94	8.61981e-08
12.96	8.63147e-08
12.98	8.64326e-08
13	8.6552e-08
13.02	8.66728e-08
13.04	8.67951e-08
13.06	8.69189e-08
13.08	8.70441e-08
13.1	8.71708e-08
13.12	8.7299e-08
13.14	8.74287e-08
13.16	8.75598e-08
13.18	8.76925e-08
13.2	8.78267e-08
13.22	8.79624e-08
13.24	8.80996e-08
13.26	8.82384e-08
13.28	8.83787e-08
13.3	8.85205e-08
13.32	8.86639e-08
13.34	8.88088e-08
13.36	8.89554e-08
13.38	8.91035e-08
13.4	8.92532e-08
13.42	8.94045e-08
13.44	8.95573e-08
13.46	8.97118e-08
13.48	8.98679e-08
13.5	9.00257e-08
13.52	9.01851e-08
13.54	9.03461e-08
13.56	9.05088e-08
13.58	9.06731e-08
13.6	9.08391e-08
13.62	9.10068e-08
13.64	9.11762e-08
13.66	9.13472e-08
13.68	9.152e-08
13.7	9.16945e-08
13.72	9.18707e-08
13.74	9.20487e-08
13.76	9.22284e-08
13.78	9.24098e-08
13.8	9.2593e-08
13.82	9.2778e-08
13.84	9.29648e-08
13.86	9.31534e-08
13.88	9.33438e-08
13.9	9.3536e-08
13.92	9.373e-08
13.94	9.39259e-08
13.96	9.41236e-08
13.98	9.43232e-08
14	9.45247e-08
14.02	9.4728e-08
14.04	9.49332e-08
14.06	9.51404e-08
14.08	9.53494e-08
14.1	9.55604e-08
14.12	9.57734e-08
14.14	9.59882e-08
14.16	9.62051e-08
14.18	9.64239e-08
14.2	9.66447e-08
14.22	9.68676e-08
14.24	9.70924e-08
14.26	9.73193e-08
14.28	9.75482e-08
14.3	9.77792e-08
14.32	9.80122e-08
14.34	9.82473e-08
14.36	9.84845e-08
14.38	9.87239e-08
14.4	9.89653e-08
14.42	9.92089e-08
14.44	9.94547e-08
14.46	9.97026e-08
14.48	9.99527e-08
14.5	1.00205e-07
14.52	1.00459e-07
14.54	1.00716e-07
14.56	1.00975e-07
14.58	1.01236e-07
14.6	1.015e-07
14.62	1.01766e-07
14.64	1.02034e-07
14.66	1.02304e-07
14.68	1.02577e-07
14.7	1.02852e-07
14.72	1.0313e-07
14.74	1.0341e-07
14.76	1.03692e-07
14.78	1.03976e-07
14.8	1.04264e-07
14.82	1.04553e-07
14.84	1.04845e-07
14.86	1.0514e-07
14.88	1.05437e-07
14.9	1.05737e-07
14.92	1.06039e-07
14.94	1.06344e-07
14.96	1.06651e-07
14.98	1.06961e-07
15	1.07273e-07
15.02	1.07589e-07
15.04	1.07906e-07
15.06	1.08227e-07
15.08	1.0855e-07
15.1	1.08876e-07
15.12	1.09205e-07
15.14	1.09537e-07
15.16	1.09871e-07
15.18	1.10208e-07
15.2	1.10548e-07
15.22	1.10891e-07
15.24	1.11237e-07
15.26	1.11585e-07
15.28	1.11937e-07
15.3	1.12291e-07
15.32	1.12649e-07
15.34	1.13009e-07
15.36	1.13373e-07
15.38	1.13739e-07
15.4	1.14109e-07
15.42	1.14481e-07
15.44	1.14857e-07
15.46	1.15236e-07
15.48	1.15618e-07
15.5	1.16004e-07
15.52	1.16392e-07
15.54	1.16784e-07
15.56	1.17179e-07
15.58	1.17578e-07
15.6	1.17979e-07
15.62	1.18384e-07
15.64	1.18793e-07
15.66	1.19205e-07
15.68	1.1962e-07
15.7	1.20039e-07
15.72	1.20461e-07
15.74	1.20887e-07
15.76	1.21317e-07
15.78	1.2175e-07
15.8	1.22187e-07
15.82	1.22627e-07
15.84	1.23071e-07
15.86	1.23519e-07
15.88	1.2397e-07
15.9	1.24426e-07
15.92	1.24885e-07
15.94	1.25348e-07
15.96	1.25815e-07
15.98	1.26286e-07
16	1.26761e-07
16.02	1.27239e-07
16.04	1.27722e-07
16.06	1.28209e-07
16.08	1.287e-07
16.1	1.29196e-07
16.12	1.29695e-07
16.14	1.30199e-07
16.16	1.30707e-07
16.18	1.31219e-07
16.2	1.31736e-07
16.22	1.32257e-07
16.24	1.32782e-07
16.26	1.33312e-07
16.28	1.33846e-07
16.3	1.34385e-07
16.32	1.34929e-07
16.34	1.35477e-07
16.36	1.3603e-07
16.38	1.36588e-07
16.4	1.3715e-07
16.42	1.37718e-07
16.44	1.3829e-07
16.46	1.38867e-07
16.48	1.39449e-07
16.5	1.40036e-07
16.52	1.40628e-07
16.54	1.41226e-07
16.56	1.41828e-07
16.58	1.42436e-07
16.6	1.43049e-07
16.62	1.43667e-07
16.64	1.44291e-07
16.66	1.4492e-07
16.68	1.45555e-07
16.7	1.46195e-07
16.72	1.46841e-07
16.74	1.47493e-07
16.76	1.4815e-07
16.78	1.48813e-07
16.8	1.49482e-07
16.82	1.50156e-07
16.84	1.50837e-07
16.86	1.51524e-07
16.88	1.52217e-07
16.9	1.52916e-07
16.92	1.53621e-07
16.94	1.54333e-07
16.96	1.55051e-07
16.98	1.55775e-07
17	1.56506e-07
17.02	1.57244e-07
17.04	1.57988e-07
17.06	1.58739e-07
17.08	1.59496e-07
17.1	1.60261e-07
17.12	1.61032e-07
17.14	1.61811e-07
17.16	1.62597e-07
17.18	1.63389e-07
17.2	1.64189e-07
17.22	1.64997e-07
17.24	1.65812e-07
17.26	1.66634e-07
17.28	1.67464e-07
17.3	1.68302e-07
17.32	1.69147e-07
17.34	1.70001e-07
17.36	1.70862e-07
17.38	1.71731e-07
17.4	1.72609e-07
17.42	1.73494e-07
17.44	1.74388e-07
17.46	1.75291e-07
17.48	1.76202e-07
17.5	1.77122e-07
17.52	1.7805e-07
17.54	1.78988e-07
17.56	1.79934e-07
17.58	1.8089e-07
17.6	1.81854e-07
17.62	1.82828e-07
17.64	1.83811e-07
17.66	1.84804e-07
17.68	1.85807e-07
17.7	1.86819e-07
17.72	1.87841e-07
17.74	1.88874e-07
17.76	1.89916e-07
17.78	1.90969e-07
17.8	1.92032e-07
17.82	1.93106e-07
17.84	1.9419e-07
17.86	1.95286e-07
17.88	1.96392e-07
17.9	1.97509e-07
17.92	1.98638e-07
17.94	1.99778e-07
17.96	2.0093e-07
17.98	2.02093e-07
18	2.03269e-07
18.02	2.04456e-07
18.04	2.05656e-07
18.06	2.06868e-07
18.08	2.08093e-07
18.1	2.0933e-07
18.12	2.1058e-07
18.14	2.11844e-07
18.16	2.13121e-07
18.18	2.14411e-07
18.2	2.15715e-07
18.22	2.17033e-07
18.24	2.18365e-07
18.26	2.19711e-07
18.28	2.21072e-07
18.3	2.22447e-07
18.32	2.23838e-07
18.34	2.25244e-07
18.36	2.26665e-07
18.38	2.28101e-07
18.4	2.29554e-07
18.42	2.31023e-07
18.44	2.32508e-07
18.46	2.34009e-07
18.48	2.35528e-07
18.5	2.37064e-07
18.52	2.38617e-07
18.54	2.40188e-07
18.56	2.41777e-07
18.58	2.43384e-07
18.6	2.4501e-07
18.62	2.46655e-07
18.64	2.48319e-07
18.66	2.50002e-07
18.68	2.51706e-07
18.7	2.53429e-07
18.72	2.55174e-07
18.74	2.56939e-07
18.76	2.58725e-07
18.78	2.60533e-07
18.8	2.62364e-07
18.82	2.64216e-07
18.84	2.66092e-07
18.86	2.67991e-07
18.88	2.69913e-07
18.9	2.7186e-07
18.92	2.73831e-07
18.94	2.75828e-07
18.96	2.7785e-07
18.98	2.79898e-07
19	2.81972e-07
19.02	2.84074e-07
19.04	2.86203e-07
19.06	2.88361e-07
19.08	2.90547e-07
19.1	2.92762e-07
19.12	2.95008e-07
19.14	2.97284e-07
19.16	2.99591e-07
19.18	3.0193e-07
19.2	3.04302e-07
19.22	3.06707e-07
19.24	3.09146e-07
19.26	3.11619e-07
19.28	3.14129e-07
19.3	3.16674e-07
19.32	3.19257e-07
19.34	3.21879e-07
19.36	3.24539e-07
19.38	3.27239e-07
19.4	3.2998e-07
19.42	3.32763e-07
19.44	3.35589e-07
19.46	3.3846e-07
19.48	3.41375e-07
19.5	3.44337e-07
19.52	3.47347e-07
19.54	3.50406e-07
19.56	3.53516e-07
19.58	3.56677e-07
19.6	3.59892e-07
19.62	3.63162e-07
19.64	3.66488e-07
19.66	3.69872e-07
19.68	3.73317e-07
19.7	3.76824e-07
19.72	3.80394e-07
19.74	3.84031e-07
19.76	3.87736e-07
19.78	3.91512e-07
19.8	3.95362e-07
19.82	3.99287e-07
19.84	4.03291e-07
19.86	4.07377e-07
19.88	4.11547e-07
19.9	4.15807e-07
19.92	4.20158e-07
19.94	4.24605e-07
19.96	4.29153e-07
19.98	4.33806e-07
20	4.38569e-07
20.02	4.43447e-07
20.04	4.48446e-07
20.06	4.53573e-07
20.08	4.58835e-07
20.1	4.64239e-07
20.12	4.69795e-07
20.14	4.75511e-07
20.16	4.814e-07
20.18	4.87472e-07
20.2	4.93741e-07
20.22	5.00224e-07
20.24	5.06939e-07
20.26	5.13906e-07
20.28	5.21152e-07
20.3	5.28704e-07
20.32	5.36601e-07
20.34	5.44885e-07
20.36	5.53614e-07
20.38	5.62858e-07
20.4	5.72714e-07
20.42	5.83311e-07
20.44	5.94839e-07
20.46	6.07584e-07
20.48	6.22018e-07
20.5	6.39007e-07
20.52	6.60388e-07
20.54	6.90922e-07
20.56	7.45629e-07
20.58	8.77639e-07
20.6	1.29492e-06
20.62	2.32268e-06
20.64	4.33242e-06
20.66	8.13096e-06
20.68	1.4565e-05
20.7	2.41577e-05
20.72	3.74008e-05
20.74	5.46343e-05
20.76	7.53848e-05
20.78	9.81399e-05
20.8	0.00012079
20.82	0.000141424
20.84	0.000159009
20.86	0.000173362
20.88	0.00018474
20.9	0.000193527
20.92	0.000200123
20.94	0.000204952
20.96	0.00020846
20.98	0.000211062
21	0.000213097
21.02	0.000214815
21.04	0.000216388
21.06	0.000217926
21.08	0.000219492
21.1	0.000221118
21.12	0.000222818
21.14	0.00022459
21.16	0.000226428
21.18	0.000228318
21.2	0.000230247
21.22	0.0002322
21.24	0.000234164
21.26	0.000236127
21.28	0.000238078
21.3	0.000240007
21.32	0.000241909
21.34	0.000243777
21.36	0.000245607
21.38	0.000247395
21.4	0.00024914
21.42	0.000250839
21.44	0.000252493
21.46	0.0002541
21.48	0.000255661
21.5	0.000257176
21.52	0.000258647
21.54	0.000260073
21.56	0.000261455
21.58	0.000262794
21.6	0.000264092
21.62	0.000265349
21.64	0.000266565
21.66	0.000267742
21.68	0.00026888
21.7	0.000269979
21.72	0.000271041
21.74	0.000272065
21.76	0.000273053
21.78	0.000274003
21.8	0.000274917
21.82	0.000275795
21.84	0.000276637
21.86	0.000277442
21.88	0.000278211
21.9	0.000278944
21.92	0.000279641
21.94	0.000280301
21.96	0.000280925
21.98	0.000281513
22	0.000282064
22.02	0.000282579
22.04	0.000283056
22.06	0.000283497
22.08	0.000283901
22.1	0.000284268
22.12	0.000284597
22.14	0.00028489
22.16	0.000285145
22.18	0.000285363
22.2	0.000285544
22.22	0.000285688
22.24	0.000285795
22.26	0.000285865
22.28	0.000285898
22.3	0.000285894
22.32	0.000285854
22.34	0.000285778
22.36	0.000285666
22.38	0.000285518
22.4	0.000285335
22.42	0.000285116
22.44	0.000284863
22.46	0.000284576
22.48	0.000284255
22.5	0.000283901
22.52	0.000283514
22.54	0.000283094
22.56	0.000282643
22.58	0.00028216
22.6	0.000281647
22.62	0.000281103
22.64	0.00028053
22.66	0.000279928
22.68	0.000279297
22.7	0.000278639
22.72	0.000277954
22.74	0.000277242
22.76	0.000276504
22.78	0.000275742
22.8	0.000274955
22.82	0.000274144
22.84	0.00027331
22.86	0.000272454
22.88	0.000271575
22.9	0.000270676
22.92	0.000269757
22.94	0.000268817
22.96	0.000267859
22.98	0.000266882
23	0.000265888
23.02	0.000264876
23.04	0.000263848
23.06	0.000262804
23.08	0.000261745
23.1	0.000260672
23.12	0.000259584
23.14	0.000258484
23.16	0.00025737
23.18	0.000256244
23.2	0.000255107
23.22	0.000253959
23.24	0.0002528
23.26	0.000251631
23.28	0.000250453
23.3	0.000249266
23.32	0.000248071
23.34	0.000246868
23.36	0.000245657
23.38	0.00024444
23.4	0.000243216
23.42	0.000241986
23.44	0.000240751
23.46	0.00023951
23.48	0.000238265
23.5	0.000237016
23.52	0.000235762
23.54	0.000234506
23.56	0.000233246
23.58	0.000231983
23.6	0.000230718
23.62	0.000229451
23.64	0.000228182
23.66	0.000226912
23.68	0.000225641
23.7	0.000224369
23.72	0.000223096
23.74	0.000221823
23.76	0.000220551
23.78	0.000219279
23.8	0.000218007
23.82	0.000216737
23.84	0.000215467
23.86	0.000214199
23.88	0.000212933
23.9	0.000211668
23.92	0.000210405
23.94	0.000209145
23.96	0.000207887
23.98	0.000206632
24	0.000205379
24.02	0.00020413
24.04	0.000202884
24.06	0.000201641
24.08	0.000200401
24.1	0.000199165
24.12	0.000197933
24.14	0.000196705
24.16	0.000195481
24.18	0.000194261
24.2	0.000193046
24.22	0.000191834
24.24	0.000190628
24.26	0.000189426
24.28	0.000188229
24.3	0.000187036
24.32	0.000185849
24.34	0.000184667
24.36	0.000183489
24.38	0.000182317
24.4	0.000181151
24.42	0.000179989
24.44	0.000178833
24.46	0.000177683
24.48	0.000176538
24.5	0.000175399
24.52	0.000174265
24.54	0.000173137
24.56	0.000172015
24.58	0.000170898
24.6	0.000169788
24.62	0.000168683
24.64	0.000167585
24.66	0.000166492
24.68	0.000165405
24.7	0.000164324
24.72	0.000163249
24.74	0.000162181
24.76	0.000161118
24.78	0.000160062
24.8	0.000159011
24.82	0.000157967
24.84	0.000156929
24.86	0.000155897
24.88	0.000154872
24.9	0.000153852
24.92	0.000152839
24.94	0.000151831
24.96	0.00015083
24.98	0.000149836
25	0.000148847
25.02	0.000147864
25.04	0.000146888
25.06	0.000145918
25.08	0.000144954
25.1	0.000143996
25.12	0.000143044
25.14	0.000142099
25.16	0.000141159
25.18	0.000140226
25.2	0.000139299
25.22	0.000138378
25.24	0.000137462
25.26	0.000136553
25.28	0.00013565
25.3	0.000134753
25.32	0.000133862
25.34	0.000132977
25.36	0.000132098
25.38	0.000131225
25.4	0.000130357
25.42	0.000129496
25.44	0.00012864
25.46	0.00012779
25.48	0.000126946
25.5	0.000126108
25.52	0.000125276
25.54	0.000124449
25.56	0.000123628
25.58	0.000122812
25.6	0.000122003
25.62	0.000121198
25.64	0.0001204
25.66	0.000119607
25.68	0.000118819
25.7	0.000118037
25.72	0.000117261
25.74	0.00011649
25.76	0.000115724
25.78	0.000114964
25.8	0.000114209
25.82	0.000113459
25.84	0.000112715
25.86	0.000111976
25.88	0.000111242
25.9	0.000110513
25.92	0.00010979
25.94	0.000109071
25.96	0.000108358
25.98	0.00010765
26	0.000106946
26.02	0.000106248
26.04	0.000105555
26.06	0.000104867
26.08	0.000104183
26.1	0.000103505
26.12	0.000102831
26.14	0.000102162
26.16	0.000101498
26.18	0.000100839
26.2	0.000100184
26.22	9.95342e-05
26.24	9.88889e-05
26.26	9.82482e-05
26.28	9.76121e-05
26.3	9.69806e-05
26.32	9.63536e-05
26.34	9.5731e-05
26.36	9.5113e-05
26.38	9.44994e-05
26.4	9.38902e-05
26.42	9.32853e-05
26.44	9.26848e-05
26.46	9.20886e-05
26.48	9.14967e-05
26.5	9.0909e-05
26.52	9.03256e-05
26.54	8.97463e-05
26.56	8.91712e-05
26.58	8.86002e-05
26.6	8.80333e-05
26.62	8.74705e-05
26.64	8.69118e-05
26.66	8.6357e-05
26.68	8.58062e-05
26.7	8.52594e-05
26.72	8.47165e-05
26.74	8.41775e-05
26.76	8.36424e-05
26.78	8.31111e-05
26.8	8.25836e-05
26.82	8.20599e-05
26.84	8.154e-05
26.86	8.10237e-05
26.88	8.05112e-05
26.9	8.00024e-05
26.92	7.94972e-05
26.94	7.89956e-05
26.96	7.84976e-05
26.98	7.80032e-05
27	7.75123e-05
27.02	7.7025e-05
27.04	7.65411e-05
27.06	7.60607e-05
27.08	7.55837e-05
27.1	7.51101e-05
27.12	7.464e-05
27.14	7.41731e-05
27.16	7.37096e-05
27.18	7.32495e-05
27.2	7.27926e-05
27.22	7.23389e-05
27.24	7.18885e-05
27.26	7.14413e-05
27.28	7.09973e-05
27.3	7.05565e-05
27.32	7.01188e-05
27.34	6.96842e-05
27.36	6.92527e-05
27.38	6.88243e-05
27.4	6.83989e-05
27.42	6.79766e-05
27.44	6.75573e-05
27.46	6.71409e-05
27.48	6.67275e-05
27.5	6.63171e-05
27.52	6.59095e-05
27.54	6.55049e-05
27.56	6.51031e-05
27.58	6.47042e-05
27.6	6.43081e-05
27.62	6.39149e-05
27.64	6.35244e-05
27.66	6.31367e-05
27.68	6.27517e-05
27.7	6.23695e-05
27.72	6.19899e-05
27.74	6.16131e-05
27.76	6.12389e-05
27.78	6.08674e-05
27.8	6.04985e-05
27.82	6.01322e-05
27.84	5.97686e-05
27.86	5.94074e-05
27.88	5.90489e-05
27.9	5.86929e-05
27.92	5.83393e-05
27.94	5.79883e-05
27.96	5.76398e-05
27.98	5.72937e-05
28	5.69501e-05
28.02	5.66089e-05
28.04	5.62701e-05
28.06	5.59337e-05
28.08	5.55997e-05
28.1	5.5268e-05
28.12	5.49387e-05
28.14	5.46116e-05
28.16	5.42869e-05
28.18	5.39645e-05
28.2	5.36444e-05
28.22	5.33265e-05
28.24	5.30108e-05
28.26	5.26974e-05
28.28	5.23862e-05
28.3	5.20772e-05
28.32	5.17703e-05
28.34	5.14656e-05
28.36	5.1163e-05
28.38	5.08626e-05
28.4	5.05643e-05
28.42	5.02681e-05
28.44	4.9974e-05
28.46	4.96819e-05
28.48	4.93919e-05
28.5	4.91039e-05
28.52	4.8818e-05
28.54	4.85341e-05
28.56	4.82521e-05
28.58	4.79722e-05
28.6	4.76942e-05
28.62	4.74182e-05
28.64	4.71441e-05
28.66	4.68719e-05
28.68	4.66017e-05
28.7	4.63333e-05
28.72	4.60668e-05
28.74	4.58022e-05
28.76	4.55395e-05
28.78	4.52786e-05
28.8	4.50196e-05
28.82	4.47623e-05
28.84	4.45069e-05
28.86	4.42533e-05
28.88	4.40014e-05
28.9	4.37513e-05
28.92	4.3503e-05
28.94	4.32564e-05
28.96	4.30116e-05
28.98	4.27685e-05
29	4.25271e-05
29.02	4.22873e-05
29.04	4.20493e-05
29.06	4.1813e-05
29.08	4.15783e-05
29.1	4.13452e-05
29.12	4.11138e-05
29.14	4.08841e-05
29.16	4.06559e-05
29.18	4.04294e-05
29.2	4.02044e-05
29.22	3.99811e-05
29.24	3.97593e-05
29.26	3.95391e-05
29.28	3.93204e-05
29.3	3.91033e-05
29.32	3.88877e-05
29.34	3.86736e-05
29.36	3.8461e-05
29.38	3.825e-05
29.4	3.80404e-05
29.42	3.78323e-05
29.44	3.76257e-05
29.46	3.74206e-05
29.48	3.72168e-05
29.5	3.70146e-05
29.52	3.68138e-05
29.54	3.66144e-05
29.56	3.64164e-05
29.58	3.62198e-05
29.6	3.60246e-05
29.62	3.58308e-05
29.64	3.56384e-05
29.66	3.54473e-05
29.68	3.52576e-05
29.7	3.50693e-05
29.72	3.48823e-05
29.74	3.46966e-05
29.76	3.45122e-05
29.78	3.43292e-05
29.8	3.41475e-05
29.82	3.39671e-05
29.84	3.37879e-05
29.86	3.36101e-05
29.88	3.34335e-05
29.9	3.32582e-05
29.92	3.30841e-05
29.94	3.29113e-05
29.96	3.27398e-05
29.98	3.25694e-05
30	3.24003e-05
30.02	3.22325e-05
30.04	3.20658e-05
30.06	3.19003e-05
30.08	3.17361e-05
30.1	3.1573e-05
30.12	3.14111e-05
30.14	3.12504e-05
30.16	3.10909e-05
30.18	3.09325e-05
30.2	3.07752e-05
30.22	3.06192e-05
30.24	3.04642e-05
30.26	3.03104e-05
30.28	3.01577e-05
30.3	3.00062e-05
30.32	2.98557e-05
30.34	2.97064e-05
30.36	2.95581e-05
30.38	2.9411e-05
30.4	2.92649e-05
30.42	2.91199e-05
30.44	2.8976e-05
30.46	2.88332e-05
30.48	2.86914e-05
30.5	2.85507e-05
30.52	2.84111e-05
30.54	2.82725e-05
30.56	2.81349e-05
30.58	2.79983e-05
30.6	2.78628e-05
30.62	2.77284e-05
30.64	2.75949e-05
30.66	2.74624e-05
30.68	2.7331e-05
30.7	2.72006e-05
30.72	2.70711e-05
30.74	2.69427e-05
30.76	2.68152e-05
30.78	2.66888e-05
30.8	2.65633e-05
30.82	2.64387e-05
30.84	2.63152e-05
30.86	2.61926e-05
30.88	2.6071e-05
30.9	2.59503e-05
30.92	2.58305e-05
30.94	2.57118e-05
30.96	2.55939e-05
30.98	2.5477e-05
31	2.53611e-05
31.02	2.5246e-05
31.04	2.51319e-05
31.06	2.50187e-05
31.08	2.49064e-05
31.1	2.47951e-05
31.12	2.46846e-05
31.14	2.45751e-05
31.16	2.44665e-05
31.18	2.43587e-05
31.2	2.42519e-05
31.22	2.41459e-05
31.24	2.40409e-05
31.26	2.39367e-05
31.28	2.38334e-05
31.3	2.3731e-05
31.32	2.36295e-05
31.34	2.35289e-05
31.36	2.34291e-05
31.38	2.33302e-05
31.4	2.32322e-05
31.42	2.3135e-05
31.44	2.30387e-05
31.46	2.29433e-05
31.48	2.28487e-05
31.5	2.2755e-05
31.52	2.26622e-05
31.54	2.25702e-05
31.56	2.24791e-05
31.58	2.23888e-05
31.6	2.22994e-05
31.62	2.22109e-05
31.64	2.21232e-05
31.66	2.20363e-05
31.68	2.19503e-05
31.7	2.18652e-05
31.72	2.17809e-05
31.74	2.16975e-05
31.76	2.16149e-05
31.78	2.15332e-05
31.8	2.14524e-05
31.82	2.13724e-05
31.84	2.12933e-05
31.86	2.1215e-05
31.88	2.11376e-05
31.9	2.10611e-05
31.92	2.09854e-05
31.94	2.09106e-05
31.96	2.08367e-05
31.98	2.07637e-05
32	2.06915e-05
32.02	2.06203e-05
32.04	2.05499e-05
32.06	2.04804e-05
32.08	2.04119e-05
32.1	2.03443e-05
32.12	2.02775e-05
32.14	2.02118e-05
32.16	2.01469e-05
32.18	2.0083e-05
32.2	2.002e-05
32.22	1.99581e-05
32.24	1.98971e-05
32.26	1.9837e-05
32.28	1.9778e-05
32.3	1.972e-05
32.32	1.96631e-05
32.34	1.96072e-05
32.36	1.95523e-05
32.38	1.94986e-05
32.4	1.94459e-05
32.42	1.93944e-05
32.44	1.9344e-05
32.46	1.92949e-05
32.48	1.92469e-05
32.5	1.92002e-05
32.52	1.91548e-05
32.54	1.91107e-05
32.56	1.9068e-05
32.58	1.90267e-05
32.6	1.89869e-05
32.62	1.89486e-05
32.64	1.89119e-05
32.66	1.88769e-05
32.68	1.88436e-05
32.7	1.88121e-05
32.72	1.87826e-05
32.74	1.87552e-05
32.76	1.87299e-05
32.78	1.8707e-05
32.8	1.86867e-05
32.82	1.8669e-05
32.84	1.86544e-05
32.86	1.8643e-05
32.88	1.86352e-05
32.9	1.86314e-05
32.92	1.86322e-05
32.94	1.86382e-05
32.96	1.86502e-05
32.98	1.86694e-05
33	1.8697e-05
33.02	1.87352e-05
33.04	1.87868e-05
33.06	1.88562e-05
33.08	1.89502e-05
33.1	1.90811e-05
33.12	1.9273e-05
33.14	1.95802e-05
33.16	2.01453e-05
33.18	2.13214e-05
33.2	2.37173e-05
33.22	2.78558e-05
33.24	3.37896e-05
33.26	4.20573e-05
33.28	5.3588e-05
33.3	6.8757e-05
33.32	8.73939e-05
33.34	0.000109249
33.36	0.000133689
33.38	0.0001593
33.4	0.000184127
33.42	0.000206283
33.44	0.000224594
33.46	0.000238829
33.48	0.000249375
33.5	0.000256822
33.52	0.000261748
33.54	0.000264684
33.56	0.00026615
33.58	0.000266644
33.6	0.000266589
33.62	0.000266308
33.64	0.000266021
33.66	0.000265866
33.68	0.000265917
33.7	0.000266208
33.72	0.000266741
33.74	0.000267506
33.76	0.000268479
33.78	0.000269634
33.8	0.000270944
33.82	0.000272379
33.84	0.000273914
33.86	0.000275526
33.88	0.000277194
33.9	0.000278899
33.92	0.000280627
33.94	0.000282365
33.96	0.000284103
33.98	0.000285831
34	0.000287544
34.02	0.000289236
34.04	0.000290903
34.06	0.00029254
34.08	0.000294147
34.1	0.000295721
34.12	0.00029726
34.14	0.000298765
34.16	0.000300233
34.18	0.000301664
34.2	0.000303059
34.22	0.000304417
34.24	0.000305737
34.26	0.000307021
34.28	0.000308267
34.3	0.000309476
34.32	0.000310647
34.34	0.00031178
34.36	0.000312877
34.38	0.000313935
34.4	0.000314955
34.42	0.000315937
34.44	0.000316881
34.46	0.000317787
34.48	0.000318654
34.5	0.000319481
34.52	0.00032027
34.54	0.000321019
34.56	0.000321728
34.58	0.000322397
34.6	0.000323026
34.62	0.000323615
34.64	0.000324163
34.66	0.00032467
34.68	0.000325136
34.7	0.000325561
34.72	0.000325944
34.74	0.000326286
34.76	0.000326586
34.78	0.000326845
34.8	0.000327062
34.82	0.000327238
34.84	0.000327372
34.86	0.000327464
34.88	0.000327516
34.9	0.000327526
34.92	0.000327496
34.94	0.000327424
34.96	0.000327313
34.98	0.000327162
35	0.00032697
35.02	0.00032674
35.04	0.000326471
35.06	0.000326163
35.08	0.000325818
35.1	0.000325435
35.12	0.000325016
35.14	0.00032456
35.16	0.000324068
35.18	0.000323541
35.2	0.00032298
35.22	0.000322385
35.24	0.000321757
35.26	0.000321096
35.28	0.000320403
35.3	0.00031968
35.32	0.000318925
35.34	0.000318141
35.36	0.000317328
35.38	0.000316487
35.4	0.000315618
35.42	0.000314723
35.44	0.000313801
35.46	0.000312854
35.48	0.000311882
35.5	0.000310886
35.52	0.000309867
35.54	0.000308826
35.56	0.000307763
35.58	0.000306679
35.6	0.000305575
35.62	0.000304451
35.64	0.000303309
35.66	0.000302148
35.68	0.00030097
35.7	0.000299775
35.72	0.000298564
35.74	0.000297337
35.76	0.000296095
35.78	0.00029484
35.8	0.00029357
35.82	0.000292288
35.84	0.000290993
35.86	0.000289687
35.88	0.00028837
35.9	0.000287041
35.92	0.000285703
35.94	0.000284355
35.96	0.000282999
35.98	0.000281634
36	0.000280261
36.02	0.00027888
36.04	0.000277493
36.06	0.000276099
36.08	0.000274699
36.1	0.000273293
36.12	0.000271883
36.14	0.000270468
36.16	0.000269048
36.18	0.000267625
36.2	0.000266198
36.22	0.000264768
36.24	0.000263336
36.26	0.000261901
36.28	0.000260464
36.3	0.000259026
36.32	0.000257586
36.34	0.000256146
36.36	0.000254705
36.38	0.000253263
36.4	0.000251822
36.42	0.00025038
36.44	0.00024894
36.46	0.0002475
36.48	0.000246061
36.5	0.000244624
36.52	0.000243188
36.54	0.000241754
36.56	0.000240322
36.58	0.000238892
36.6	0.000237465
36.62	0.000236041
36.64	0.00023462
36.66	0.000233201
36.68	0.000231786
36.7	0.000230375
36.72	0.000228967
36.74	0.000227563
36.76	0.000226162
36.78	0.000224766
36.8	0.000223375
36.82	0.000221988
36.84	0.000220605
36.86	0.000219227
36.88	0.000217854
36.9	0.000216486
36.92	0.000215123
36.94	0.000213765
36.96	0.000212412
36.98	0.000211065
37	0.000209723
37.02	0.000208387
37.04	0.000207057
37.06	0.000205732
37.08	0.000204414
37.1	0.000203101
37.12	0.000201794
37.14	0.000200493
37.16	0.000199199
37.18	0.00019791
37.2	0.000196628
37.22	0.000195352
37.24	0.000194083
37.26	0.000192819
37.28	0.000191563
37.3	0.000190313
37.32	0.000189069
37.34	0.000187832
37.36	0.000186602
37.38	0.000185378
37.4	0.000184161
37.42	0.00018295
37.44	0.000181747
37.46	0.00018055
37.48	0.00017936
37.5	0.000178176
37.52	0.000177
37.54	0.00017583
37.56	0.000174667
37.58	0.000173511
37.6	0.000172361
37.62	0.000171219
37.64	0.000170083
37.66	0.000168955
37.68	0.000167833
37.7	0.000166718
37.72	0.000165609
37.74	0.000164508
37.76	0.000163413
37.78	0.000162325
37.8	0.000161244
37.82	0.00016017
37.84	0.000159103
37.86	0.000158042
37.88	0.000156988
37.9	0.000155941
37.92	0.000154901
37.94	0.000153867
37.96	0.00015284
37.98	0.00015182
38	0.000150806
38.02	0.000149799
38.04	0.000148799
38.06	0.000147805
38.08	0.000146818
38.1	0.000145837
38.12	0.000144863
38.14	0.000143896
38.16	0.000142934
38.18	0.00014198
38.2	0.000141031
38.22	0.00014009
38.24	0.000139154
38.26	0.000138225
38.28	0.000137302
38.3	0.000136385
38.32	0.000135475
38.34	0.000134571
38.36	0.000133673
38.38	0.000132781
38.4	0.000131895
38.42	0.000131016
38.44	0.000130142
38.46	0.000129274
38.48	0.000128413
38.5	0.000127557
38.52	0.000126708
38.54	0.000125864
38.56	0.000125026
38.58	0.000124194
38.6	0.000123368
38.62	0.000122547
38.64	0.000121732
38.66	0.000120923
38.68	0.00012012
38.7	0.000119322
38.72	0.00011853
38.74	0.000117743
38.76	0.000116962
38.78	0.000116186
38.8	0.000115416
38.82	0.000114652
38.84	0.000113892
38.86	0.000113138
38.88	0.000112389
38.9	0.000111646
38.92	0.000110908
38.94	0.000110175
38.96	0.000109447
38.98	0.000108724
39	0.000108007
39.02	0.000107294
39.04	0.000106587
39.06	0.000105884
39.08	0.000105187
39.1	0.000104494
39.12	0.000103807
39.14	0.000103124
39.16	0.000102446
39.18	0.000101773
39.2	0.000101105
39.22	0.000100441
39.24	9.97824e-05
39.26	9.91282e-05
39.28	9.84787e-05
39.3	9.78337e-05
39.32	9.71934e-05
39.34	9.65575e-05
39.36	9.59262e-05
39.38	9.52994e-05
39.4	9.4677e-05
39.42	9.4059e-05
39.44	9.34454e-05
39.46	9.28362e-05
39.48	9.22313e-05
39.5	9.16306e-05
39.52	9.10343e-05
39.54	9.04421e-05
39.56	8.98542e-05
39.58	8.92704e-05
39.6	8.86908e-05
39.62	8.81153e-05
39.64	8.75438e-05
39.66	8.69764e-05
39.68	8.6413e-05
39.7	8.58536e-05
39.72	8.52982e-05
39.74	8.47467e-05
39.76	8.41991e-05
39.78	8.36554e-05
39.8	8.31155e-05
39.82	8.25794e-05
39.84	8.20472e-05
39.86	8.15187e-05
39.88	8.09939e-05
39.9	8.04728e-05
39.92	7.99554e-05
39.94	7.94417e-05
39.96	7.89316e-05
39.98	7.84251e-05
40	7.79221e-05
40.02	7.74227e-05
40.04	7.69269e-05
40.06	7.64345e-05
40.08	7.59456e-05
40.1	7.54601e-05
40.12	7.49781e-05
40.14	7.44994e-05
40.16	7.40241e-05
40.18	7.35521e-05
40.2	7.30835e-05
40.22	7.26182e-05
40.24	7.21561e-05
40.26	7.16973e-05
40.28	7.12416e-05
40.3	7.07892e-05
40.32	7.034e-05
40.34	6.98939e-05
40.36	6.94509e-05
40.38	6.9011e-05
40.4	6.85742e-05
40.42	6.81405e-05
40.44	6.77097e-05
40.46	6.7282e-05
40.48	6.68573e-05
40.5	6.64356e-05
40.52	6.60168e-05
40.54	6.56009e-05
40.56	6.51879e-05
40.58	6.47778e-05
40.6	6.43706e-05
40.62	6.39662e-05
40.64	6.35646e-05
40.66	6.31658e-05
40.68	6.27698e-05
40.7	6.23765e-05
40.72	6.1986e-05
40.74	6.15982e-05
40.76	6.12131e-05
40.78	6.08307e-05
40.8	6.04509e-05
40.82	6.00738e-05
40.84	5.96993e-05
40.86	5.93273e-05
40.88	5.8958e-05
40.9	5.85912e-05
40.92	5.8227e-05
40.94	5.78653e-05
40.96	5.7506e-05
40.98	5.71493e-05
41	5.67951e-05
41.02	5.64433e-05
41.04	5.60939e-05
41.06	5.57469e-05
41.08	5.54024e-05
41.1	5.50602e-05
41.12	5.47204e-05
41.14	5.43829e-05
41.16	5.40477e-05
41.18	5.37149e-05
41.2	5.33844e-05
41.22	5.30561e-05
41.24	5.27301e-05
41.26	5.24063e-05
41.28	5.20848e-05
41.3	5.17655e-05
41.32	5.14484e-05
41.34	5.11334e-05
41.36	5.08206e-05
41.38	5.051e-05
41.4	5.02015e-05
41.42	4.98951e-05
41.44	4.95909e-05
41.46	4.92887e-05
41.48	4.89886e-05
41.5	4.86905e-05
41.52	4.83945e-05
41.54	4.81005e-05
41.56	4.78085e-05
41.58	4.75186e-05
41.6	4.72306e-05
41.62	4.69446e-05
41.64	4.66605e-05
41.66	4.63784e-05
41.68	4.60982e-05
41.7	4.58199e-05
41.72	4.55435e-05
41.74	4.5269e-05
41.76	4.49964e-05
41.78	4.47256e-05
41.8	4.44567e-05
41.82	4.41896e-05
41.84	4.39244e-05
41.86	4.36609e-05
41.88	4.33993e-05
41.9	4.31394e-05
41.92	4.28813e-05
41.94	4.26249e-05
41.96	4.23703e-05
41.98	4.21174e-05
42	4.18663e-05
42.02	4.16168e-05
42.04	4.13691e-05
42.06	4.1123e-05
42.08	4.08786e-05
42.1	4.06358e-05
42.12	4.03947e-05
42.14	4.01553e-05
42.16	3.99174e-05
42.18	3.96812e-05
42.2	3.94465e-05
42.22	3.92135e-05
42.24	3.8982e-05
42.26	3.87521e-05
42.28	3.85238e-05
42.3	3.8297e-05
42.32	3.80717e-05
42.34	3.7848e-05
42.36	3.76258e-05
42.38	3.74051e-05
42.4	3.71858e-05
42.42	3.69681e-05
42.44	3.67518e-05
42.46	3.6537e-05
42.48	3.63236e-05
42.5	3.61116e-05
42.52	3.59011e-05
42.54	3.56921e-05
42.56	3.54844e-05
42.58	3.52781e-05
42.6	3.50732e-05
42.62	3.48697e-05
42.64	3.46676e-05
42.66	3.44668e-05
42.68	3.42674e-05
42.7	3.40693e-05
42.72	3.38725e-05
42.74	3.36771e-05
42.76	3.3483e-05
42.78	3.32901e-05
42.8	3.30986e-05
42.82	3.29084e-05
42.84	3.27194e-05
42.86	3.25318e-05
42.88	3.23453e-05
42.9	3.21602e-05
42.92	3.19762e-05
42.94	3.17935e-05
42.96	3.1612e-05
42.98	3.14318e-05
43	3.12527e-05
43.02	3.10749e-05
43.04	3.08982e-05
43.06	3.07228e-05
43.08	3.05485e-05
43.1	3.03753e-05
43.12	3.02033e-05
43.14	3.00325e-05
43.16	2.98628e-05
43.18	2.96943e-05
43.2	2.95269e-05
43.22	2.93606e-05
43.24	2.91954e-05
43.26	2.90313e-05
43.28	2.88683e-05
43.3	2.87064e-05
43.32	2.85456e-05
43.34	2.83858e-05
43.36	2.82271e-05
43.38	2.80695e-05
43.4	2.7913e-05
43.42	2.77574e-05
43.44	2.76029e-05
43.46	2.74495e-05
43.48	2.72971e-05
43.5	2.71456e-05
43.52	2.69952e-05
43.54	2.68458e-05
43.56	2.66974e-05
43.58	2.655e-05
43.6	2.64035e-05
43.62	2.62581e-05
43.64	2.61136e-05
43.66	2.597e-05
43.68	2.58275e-05
43.7	2.56858e-05
43.72	2.55451e-05
43.74	2.54054e-05
43.76	2.52666e-05
43.78	2.51287e-05
43.8	2.49917e-05
43.82	2.48556e-05
43.84	2.47205e-05
43.86	2.45862e-05
43.88	2.44528e-05
43.9	2.43203e-05
43.92	2.41887e-05
43.94	2.4058e-05
43.96	2.39281e-05
43.98	2.37991e-05
44	2.3671e-05
44.02	2.35437e-05
44.04	2.34172e-05
44.06	2.32916e-05
44.08	2.31668e-05
44.1	2.30429e-05
44.12	2.29198e-05
44.14	2.27975e-05
44.16	2.2676e-05
44.18	2.25553e-05
44.2	2.24354e-05
44.22	2.23163e-05
44.24	2.2198e-05
44.26	2.20805e-05
44.28	2.19638e-05
44.3	2.18478e-05
44.32	2.17326e-05
44.34	2.16182e-05
44.36	2.15046e-05
44.38	2.13917e-05
44.4	2.12795e-05
44.42	2.11681e-05
44.44	2.10574e-05
44.46	2.09475e-05
44.48	2.08383e-05
44.5	2.07298e-05
44.52	2.0622e-05
44.54	2.05149e-05
44.56	2.04086e-05
44.58	2.0303e-05
44.6	2.0198e-05
44.62	2.00938e-05
44.64	1.99902e-05
44.66	1.98874e-05
44.68	1.97852e-05
44.7	1.96837e-05
44.72	1.95829e-05
44.74	1.94827e-05
44.76	1.93832e-05
44.78	1.92844e-05
44.8	1.91862e-05
44.82	1.90887e-05
44.84	1.89918e-05
44.86	1.88956e-05
44.88	1.88e-05
44.9	1.8705e-05
44.92	1.86107e-05
44.94	1.8517e-05
44.96	1.84239e-05
44.98	1.83314e-05
45	1.82396e-05
45.02	1.81483e-05
45.04	1.80577e-05
45.06	1.79676e-05
45.08	1.78782e-05
45.1	1.77894e-05
45.12	1.77011e-05
45.14	1.76134e-05
45.16	1.75263e-05
45.18	1.74398e-05
45.2	1.73539e-05
45.22	1.72686e-05
45.24	1.71838e-05
45.26	1.70995e-05
45.28	1.70159e-05
45.3	1.69328e-05
45.32	1.68502e-05
45.34	1.67682e-05
45.36	1.66867e-05
45.38	1.66058e-05
45.4	1.65254e-05
45.42	1.64456e-05
45.44	1.63663e-05
45.46	1.62875e-05
45.48	1.62092e-05
45.5	1.61315e-05
45.52	1.60543e-05
45.54	1.59776e-05
45.56	1.59014e-05
45.58	1.58257e-05
45.6	1.57506e-05
45.62	1.56759e-05
45.64	1.56017e-05
45.66	1.55281e-05
45.68	1.54549e-05
45.7	1.53822e-05
45.72	1.531e-05
45.74	1.52383e-05
45.76	1.5167e-05
45.78	1.50963e-05
45.8	1.5026e-05
45.82	1.49562e-05
45.84	1.48868e-05
45.86	1.48179e-05
45.88	1.47495e-05
45.9	1.46815e-05
45.92	1.4614e-05
45.94	1.4547e-05
45.96	1.44804e-05
45.98	1.44142e-05
46	1.43485e-05
46.02	1.42833e-05
46.04	1.42185e-05
46.06	1.41541e-05
46.08	1.40901e-05
46.1	1.40266e-05
46.12	1.39635e-05
46.14	1.39009e-05
46.16	1.38386e-05
46.18	1.37768e-05
46.2	1.37154e-05
46.22	1.36544e-05
46.24	1.35939e-05
46.26	1.35337e-05
46.28	1.3474e-05
46.3	1.34146e-05
46.32	1.33557e-05
46.34	1.32972e-05
46.36	1.3239e-05
46.38	1.31813e-05
46.4	1.31239e-05
46.42	1.3067e-05
46.44	1.30104e-05
46.46	1.29543e-05
46.48	1.28985e-05
46.5	1.28431e-05
46.52	1.2788e-05
46.54	1.27334e-05
46.56	1.26791e-05
46.58	1.26252e-05
46.6	1.25717e-05
46.62	1.25185e-05
46.64	1.24657e-05
46.66	1.24133e-05
46.68	1.23613e-05
46.7	1.23096e-05
46.72	1.22582e-05
46.74	1.22072e-05
46.76	1.21566e-05
46.78	1.21063e-05
46.8	1.20564e-05
46.82	1.20068e-05
46.84	1.19576e-05
46.86	1.19087e-05
46.88	1.18602e-05
46.9	1.1812e-05
46.92	1.17641e-05
46.94	1.17166e-05
46.96	1.16694e-05
46.98	1.16226e-05
47	1.1576e-05
47.02	1.15298e-05
47.04	1.1484e-05
47.06	1.14384e-05
47.08	1.13932e-05
47.1	1.13483e-05
47.12	1.13038e-05
47.14	1.12595e-05
47.16	1.12156e-05
47.18	1.1172e-05
47.2	1.11287e-05
47.22	1.10857e-05
47.24	1.1043e-05
47.26	1.10006e-05
47.28	1.09586e-05
47.3	1.09168e-05
47.32	1.08754e-05
47.34	1.08342e-05
47.36	1.07934e-05
47.38	1.07528e-05
47.4	1.07126e-05
47.42	1.06727e-05
47.44	1.0633e-05
47.46	1.05936e-05
47.48	1.05546e-05
47.5	1.05158e-05
47.52	1.04773e-05
47.54	1.04391e-05
47.56	1.04012e-05
47.58	1.03636e-05
47.6	1.03263e-05
47.62	1.02892e-05
47.64	1.02524e-05
47.66	1.02159e-05
47.68	1.01797e-05
47.7	1.01438e-05
47.72	1.01081e-05
47.74	1.00728e-05
47.76	1.00377e-05
47.78	1.00028e-05
47.8	9.96825e-06
47.82	9.93396e-06
47.84	9.89994e-06
47.86	9.86619e-06
47.88	9.8327e-06
47.9	9.79948e-06
47.92	9.76653e-06
47.94	9.73384e-06
47.96	9.70141e-06
47.98	9.66924e-06
48	9.63734e-06
48.02	9.60569e-06
48.04	9.57431e-06
48.06	9.54318e-06
48.08	9.51231e-06
48.1	9.4817e-06
48.12	9.45134e-06
48.14	9.42123e-06
48.16	9.39138e-06
48.18	9.36178e-06
48.2	9.33244e-06
48.22	9.30334e-06
48.24	9.2745e-06
48.26	9.2459e-06
48.28	9.21756e-06
48.3	9.18946e-06
48.32	9.1616e-06
48.34	9.134e-06
48.36	9.10664e-06
48.38	9.07952e-06
48.4	9.05265e-06
48.42	9.02603e-06
48.44	8.99964e-06
48.46	8.9735e-06
48.48	8.9476e-06
48.5	8.92195e-06
48.52	8.89653e-06
48.54	8.87136e-06
48.56	8.84642e-06
48.58	8.82172e-06
48.6	8.79727e-06
48.62	8.77305e-06
48.64	8.74907e-06
48.66	8.72533e-06
48.68	8.70182e-06
48.7	8.67855e-06
48.72	8.65552e-06
48.74	8.63273e-06
48.76	8.61017e-06
48.78	8.58785e-06
48.8	8.56577e-06
48.82	8.54392e-06
48.84	8.52231e-06
48.86	8.50093e-06
48.88	8.47979e-06
48.9	8.45888e-06
48.92	8.43821e-06
48.94	8.41778e-06
48.96	8.39758e-06
48.98	8.37762e-06
49	8.35789e-06
49.02	8.3384e-06
49.04	8.31915e-06
49.06	8.30013e-06
49.08	8.28135e-06
49.1	8.2628e-06
49.12	8.2445e-06
49.14	8.22643e-06
49.16	8.2086e-06
49.18	8.19101e-06
49.2	8.17366e-06
49.22	8.15654e-06
49.24	8.13967e-06
49.26	8.12304e-06
49.28	8.10666e-06
49.3	8.09051e-06
49.32	8.07461e-06
49.34	8.05895e-06
49.36	8.04354e-06
49.38	8.02838e-06
49.4	8.01346e-06
49.42	7.99879e-06
49.44	7.98437e-06
49.46	7.97021e-06
49.48	7.95629e-06
49.5	7.94263e-06
49.52	7.92923e-06
49.54	7.91608e-06
49.56	7.9032e-06
49.58	7.89057e-06
49.6	7.8782e-06
49.62	7.8661e-06
49.64	7.85427e-06
49.66	7.84271e-06
49.68	7.83141e-06
49.7	7.8204e-06
49.72	7.80965e-06
49.74	7.79919e-06
49.76	7.78901e-06
49.78	7.77911e-06
49.8	7.76951e-06
49.82	7.76019e-06
49.84	7.75117e-06
49.86	7.74245e-06
49.88	7.73403e-06
49.9	7.72592e-06
49.92	7.71812e-06
49.94	7.71063e-06
49.96	7.70347e-06
49.98	7.69663e-06
50	7.69013e-06
50.02	7.68396e-06
50.04	7.67813e-06
50.06	7.67265e-06
50.08	7.66753e-06
50.1	7.66278e-06
50.12	7.65839e-06
50.14	7.65439e-06
50.16	7.65077e-06
50.18	7.64755e-06
50.2	7.64474e-06
50.22	7.64235e-06
50.24	7.64038e-06
50.26	7.63886e-06
50.28	7.63779e-06
50.3	7.63719e-06
50.32	7.63707e-06
50.34	7.63745e-06
50.36	7.63835e-06
50.38	7.63979e-06
50.4	7.64178e-06
50.42	7.64435e-06
50.44	7.64752e-06
50.46	7.65132e-06
50.48	7.65578e-06
50.5	7.66094e-06
50.52	7.66681e-06
50.54	7.67346e-06
50.56	7.68091e-06
50.58	7.68922e-06
50.6	7.69845e-06
50.62	7.70865e-06
50.64	7.71989e-06
50.66	7.73226e-06
50.68	7.74585e-06
50.7	7.76077e-06
50.72	7.77714e-06
50.74	7.7951e-06
50.76	7.81485e-06
50.78	7.83658e-06
50.8	7.86056e-06
50.82	7.88711e-06
50.84	7.91665e-06
50.86	7.94971e-06
50.88	7.98698e-06
50.9	8.02945e-06
50.92	8.07848e-06
50.94	8.13612e-06
50.96	8.20564e-06
50.98	8.29262e-06
51	8.40777e-06
51.02	8.57447e-06
51.04	8.85157e-06
51.06	9.38583e-06
51.08	1.04769e-05
51.1	1.25336e-05
51.12	1.58814e-05
51.14	2.10126e-05
51.16	2.8738e-05
51.18	3.96614e-05
51.2	5.39516e-05
51.22	7.16113e-05
51.24	9.2347e-05
51.26	0.000115191
51.28	0.000138548
51.3	0.000160619
51.32	0.00017998
51.34	0.000195973
51.36	0.000208617
51.38	0.000218261
51.4	0.000225346
51.42	0.000230312
51.44	0.000233616
51.46	0.000235713
51.48	0.000237016
51.5	0.000237857
51.52	0.000238478
51.54	0.000239043
51.56	0.000239657
51.58	0.000240377
51.6	0.000241231
51.62	0.000242225
51.64	0.000243356
51.66	0.00024461
51.68	0.000245972
51.7	0.000247422
51.72	0.000248943
51.74	0.000250517
51.76	0.000252129
51.78	0.000253763
51.8	0.00025541
51.82	0.000257058
51.84	0.000258699
51.86	0.000260325
51.88	0.000261933
51.9	0.000263517
51.92	0.000265073
51.94	0.000266599
51.96	0.000268094
51.98	0.000269556
52	0.000270983
52.02	0.000272375
52.04	0.000273733
52.06	0.000275054
52.08	0.000276341
52.1	0.000277591
52.12	0.000278806
52.14	0.000279986
52.16	0.00028113
52.18	0.000282239
52.2	0.000283312
52.22	0.000284351
52.24	0.000285354
52.26	0.000286321
52.28	0.000287254
52.3	0.000288151
52.32	0.000289013
52.34	0.000289839
52.36	0.000290629
52.38	0.000291383
52.4	0.000292102
52.42	0.000292783
52.44	0.000293429
52.46	0.000294037
52.48	0.000294609
52.5	0.000295143
52.52	0.00029564
52.54	0.000296099
52.56	0.000296521
52.58	0.000296905
52.6	0.000297251
52.62	0.000297559
52.64	0.000297829
52.66	0.000298061
52.68	0.000298254
52.7	0.00029841
52.72	0.000298527
52.74	0.000298607
52.76	0.000298649
52.78	0.000298653
52.8	0.00029862
52.82	0.000298549
52.84	0.000298442
52.86	0.000298298
52.88	0.000298118
52.9	0.000297901
52.92	0.000297649
52.94	0.000297362
52.96	0.00029704
52.98	0.000296684
53	0.000296294
53.02	0.000295871
53.04	0.000295415
53.06	0.000294927
53.08	0.000294407
53.1	0.000293856
53.12	0.000293275
53.14	0.000292663
53.16	0.000292023
53.18	0.000291354
53.2	0.000290657
53.22	0.000289932
53.24	0.000289181
53.26	0.000288405
53.28	0.000287602
53.3	0.000286776
53.32	0.000285925
53.34	0.000285051
53.36	0.000284155
53.38	0.000283236
53.4	0.000282297
53.42	0.000281337
53.44	0.000280357
53.46	0.000279358
53.48	0.00027834
53.5	0.000277305
53.52	0.000276252
53.54	0.000275183
53.56	0.000274098
53.58	0.000272998
53.6	0.000271882
53.62	0.000270753
53.64	0.000269611
53.66	0.000268455
53.68	0.000267287
53.7	0.000266108
53.72	0.000264917
53.74	0.000263716
53.76	0.000262504
53.78	0.000261283
53.8	0.000260053
53.82	0.000258815
53.84	0.000257568
53.86	0.000256314
53.88	0.000255053
53.9	0.000253785
53.92	0.000252511
53.94	0.000251231
53.96	0.000249946
53.98	0.000248656
54	0.000247362
54.02	0.000246064
54.04	0.000244762
54.06	0.000243456
54.08	0.000242148
54.1	0.000240837
54.12	0.000239524
54.14	0.000238209
54.16	0.000236893
54.18	0.000235575
54.2	0.000234257
54.22	0.000232937
54.24	0.000231618
54.26	0.000230298
54.28	0.000228978
54.3	0.000227659
54.32	0.000226341
54.34	0.000225024
54.36	0.000223708
54.38	0.000222393
54.4	0.00022108
54.42	0.000219769
54.44	0.00021846
54.46	0.000217153
54.48	0.000215849
54.5	0.000214548
54.52	0.000213249
54.54	0.000211953
54.56	0.000210661
54.58	0.000209372
54.6	0.000208087
54.62	0.000206805
54.64	0.000205527
54.66	0.000204253
54.68	0.000202983
54.7	0.000201717
54.72	0.000200456
54.74	0.000199199
54.76	0.000197947
54.78	0.0001967
54.8	0.000195457
54.82	0.000194219
54.84	0.000192986
54.86	0.000191759
54.88	0.000190536
54.9	0.000189319
54.92	0.000188107
54.94	0.0001869
54.96	0.000185699
54.98	0.000184503
55	0.000183313
55.02	0.000182129
55.04	0.00018095
55.06	0.000179778
55.08	0.000178611
55.1	0.000177449
55.12	0.000176294
55.14	0.000175145
55.16	0.000174002
55.18	0.000172864
55.2	0.000171733
55.22	0.000170608
55.24	0.000169489
55.26	0.000168376
55.28	0.00016727
55.3	0.000166169
55.32	0.000165075
55.34	0.000163987
55.36	0.000162905
55.38	0.000161829
55.4	0.00016076
55.42	0.000159697
55.44	0.00015864
55.46	0.00015759
55.48	0.000156546
55.5	0.000155508
55.52	0.000154476
55.54	0.000153451
55.56	0.000152432
55.58	0.000151419
55.6	0.000150412
55.62	0.000149412
55.64	0.000148418
55.66	0.00014743
55.68	0.000146449
55.7	0.000145474
55.72	0.000144505
55.74	0.000143542
55.76	0.000142585
55.78	0.000141635
55.8	0.00014069
55.82	0.000139752
55.84	0.00013882
55.86	0.000137894
55.88	0.000136974
55.9	0.00013606
55.92	0.000135152
55.94	0.000134251
55.96	0.000133355
55.98	0.000132465
56	0.000131581
56.02	0.000130703
56.04	0.000129831
56.06	0.000128965
56.08	0.000128104
56.1	0.00012725
56.12	0.000126401
56.14	0.000125558
56.16	0.000124721
56.18	0.000123889
56.2	0.000123064
56.22	0.000122243
56.24	0.000121429
56.26	0.00012062
56.28	0.000119817
56.3	0.000119019
56.32	0.000118226
56.34	0.000117439
56.36	0.000116658
56.38	0.000115882
56.4	0.000115111
56.42	0.000114346
56.44	0.000113586
56.46	0.000112831
56.48	0.000112082
56.5	0.000111338
56.52	0.000110599
56.54	0.000109865
56.56	0.000109136
56.58	0.000108413
56.6	0.000107694
56.62	0.000106981
56.64	0.000106272
56.66	0.000105569
56.68	0.00010487
56.7	0.000104177
56.72	0.000103488
56.74	0.000102804
56.76	0.000102125
56.78	0.000101451
56.8	0.000100781
56.82	0.000100116
56.84	9.9456e-05
56.86	9.88005e-05
56.88	9.81497e-05
56.9	9.75035e-05
56.92	9.68618e-05
56.94	9.62246e-05
56.96	9.5592e-05
56.98	9.49638e-05
57	9.43401e-05
57.02	9.37208e-05
57.04	9.31058e-05
57.06	9.24952e-05
57.08	9.1889e-05
57.1	9.1287e-05
57.12	9.06893e-05
57.14	9.00958e-05
57.16	8.95065e-05
57.18	8.89214e-05
57.2	8.83404e-05
57.22	8.77636e-05
57.24	8.71908e-05
57.26	8.66221e-05
57.28	8.60574e-05
57.3	8.54967e-05
57.32	8.49399e-05
57.34	8.43871e-05
57.36	8.38382e-05
57.38	8.32932e-05
57.4	8.27521e-05
57.42	8.22147e-05
57.44	8.16812e-05
57.46	8.11514e-05
57.48	8.06254e-05
57.5	8.01031e-05
57.52	7.95845e-05
57.54	7.90696e-05
57.56	7.85583e-05
57.58	7.80506e-05
57.6	7.75465e-05
57.62	7.70459e-05
57.64	7.65489e-05
57.66	7.60553e-05
57.68	7.55653e-05
57.7	7.50787e-05
57.72	7.45955e-05
57.74	7.41158e-05
57.76	7.36394e-05
57.78	7.31664e-05
57.8	7.26967e-05
57.82	7.22303e-05
57.84	7.17672e-05
57.86	7.13073e-05
57.88	7.08506e-05
57.9	7.03972e-05
57.92	6.9947e-05
57.94	6.94999e-05
57.96	6.90559e-05
57.98	6.86151e-05
58	6.81773e-05
58.02	6.77426e-05
58.04	6.7311e-05
58.06	6.68823e-05
58.08	6.64567e-05
58.1	6.60341e-05
58.12	6.56144e-05
58.14	6.51976e-05
58.16	6.47838e-05
58.18	6.43729e-05
58.2	6.39648e-05
58.22	6.35596e-05
58.24	6.31572e-05
58.26	6.27576e-05
58.28	6.23608e-05
58.3	6.19667e-05
58.32	6.15754e-05
58.34	6.11869e-05
58.36	6.0801e-05
58.38	6.04178e-05
58.4	6.00373e-05
58.42	5.96594e-05
58.44	5.92842e-05
58.46	5.89116e-05
58.48	5.85415e-05
58.5	5.81741e-05
58.52	5.78092e-05
58.54	5.74468e-05
58.56	5.70869e-05
58.58	5.67295e-05
58.6	5.63746e-05
58.62	5.60222e-05
58.64	5.56722e-05
58.66	5.53246e-05
58.68	5.49794e-05
58.7	5.46366e-05
58.72	5.42962e-05
58.74	5.39582e-05
58.76	5.36224e-05
58.78	5.3289e-05
58.8	5.29579e-05
58.82	5.26291e-05
58.84	5.23025e-05
58.86	5.19782e-05
58.88	5.16562e-05
58.9	5.13363e-05
58.92	5.10187e-05
58.94	5.07032e-05
58.96	5.03899e-05
58.98	5.00788e-05
59	4.97698e-05
59.02	4.94629e-05
59.04	4.91582e-05
59.06	4.88555e-05
59.08	4.85549e-05
59.1	4.82564e-05
59.12	4.79599e-05
59.14	4.76655e-05
59.16	4.7373e-05
59.18	4.70826e-05
59.2	4.67942e-05
59.22	4.65077e-05
59.24	4.62232e-05
59.26	4.59407e-05
59.28	4.566e-05
59.3	4.53813e-05
59.32	4.51045e-05
59.34	4.48296e-05
59.36	4.45566e-05
59.38	4.42854e-05
59.4	4.40161e-05
59.42	4.37486e-05
59.44	4.3483e-05
59.46	4.32191e-05
59.48	4.29571e-05
59.5	4.26968e-05
59.52	4.24383e-05
59.54	4.21816e-05
59.56	4.19266e-05
59.58	4.16734e-05
59.6	4.14218e-05
59.62	4.1172e-05
59.64	4.09239e-05
59.66	4.06774e-05
59.68	4.04327e-05
59.7	4.01895e-05
59.72	3.99481e-05
59.74	3.97083e-05
59.76	3.94701e-05
59.78	3.92335e-05
59.8	3.89985e-05
59.82	3.87651e-05
59.84	3.85333e-05
59.86	3.83031e-05
59.88	3.80744e-05
59.9	3.78472e-05
59.92	3.76216e-05
59.94	3.73975e-05
59.96	3.7175e-05
59.98	3.69539e-05
60	3.67343e-05
60.02	3.65163e-05
60.04	3.62996e-05
60.06	3.60845e-05
60.08	3.58708e-05
60.1	3.56585e-05
60.12	3.54476e-05
60.14	3.52382e-05
60.16	3.50302e-05
60.18	3.48236e-05
60.2	3.46184e-05
60.22	3.44145e-05
60.24	3.42121e-05
60.26	3.40109e-05
60.28	3.38112e-05
60.3	3.36127e-05
60.32	3.34157e-05
60.34	3.32199e-05
60.36	3.30254e-05
60.38	3.28323e-05
60.4	3.26404e-05
60.42	3.24499e-05
60.44	3.22606e-05
60.46	3.20725e-05
60.48	3.18858e-05
60.5	3.17002e-05
60.52	3.1516e-05
60.54	3.13329e-05
60.56	3.11511e-05
60.58	3.09705e-05
60.6	3.07911e-05
60.62	3.06129e-05
60.64	3.04359e-05
60.66	3.026e-05
60.68	3.00854e-05
60.7	2.99119e-05
60.72	2.97395e-05
60.74	2.95684e-05
60.76	2.93983e-05
60.78	2.92294e-05
60.8	2.90616e-05
60.82	2.88949e-05
60.84	2.87294e-05
60.86	2.85649e-05
60.88	2.84015e-05
60.9	2.82393e-05
60.92	2.80781e-05
60.94	2.79179e-05
60.96	2.77589e-05
60.98	2.76009e-05
61	2.74439e-05
61.02	2.7288e-05
61.04	2.71331e-05
61.06	2.69792e-05
61.08	2.68264e-05
61.1	2.66746e-05
61.12	2.65237e-05
61.14	2.63739e-05
61.16	2.62251e-05
61.18	2.60773e-05
61.2	2.59304e-05
61.22	2.57845e-05
61.24	2.56396e-05
61.26	2.54956e-05
61.28	2.53526e-05
61.3	2.52105e-05
61.32	2.50694e-05
61.34	2.49292e-05
61.36	2.47899e-05
61.38	2.46516e-05
61.4	2.45141e-05
61.42	2.43776e-05
61.44	2.4242e-05
61.46	2.41072e-05
61.48	2.39734e-05
61.5	2.38404e-05
61.52	2.37083e-05
61.54	2.35771e-05
61.56	2.34468e-05
61.58	2.33173e-05
61.6	2.31886e-05
61.62	2.30608e-05
61.64	2.29339e-05
61.66	2.28078e-05
61.68	2.26825e-05
61.7	2.2558e-05
61.72	2.24344e-05
61.74	2.23115e-05
61.76	2.21895e-05
61.78	2.20683e-05
61.8	2.19478e-05
61.82	2.18282e-05
61.84	2.17094e-05
61.86	2.15913e-05
61.88	2.1474e-05
61.9	2.13575e-05
61.92	2.12417e-05
61.94	2.11267e-05
61.96	2.10125e-05
61.98	2.0899e-05
62	2.07862e-05
62.02	2.06742e-05
62.04	2.05629e-05
62.06	2.04524e-05
62.08	2.03426e-05
62.1	2.02335e-05
62.12	2.01251e-05
62.14	2.00174e-05
62.16	1.99104e-05
62.18	1.98041e-05
62.2	1.96985e-05
62.22	1.95936e-05
62.24	1.94894e-05
62.26	1.93859e-05
62.28	1.92831e-05
62.3	1.91809e-05
62.32	1.90794e-05
62.34	1.89785e-05
62.36	1.88783e-05
62.38	1.87788e-05
62.4	1.86799e-05
62.42	1.85817e-05
62.44	1.84841e-05
62.46	1.83871e-05
62.48	1.82908e-05
62.5	1.81951e-05
62.52	1.81e-05
62.54	1.80055e-05
62.56	1.79117e-05
62.58	1.78184e-05
62.6	1.77258e-05
62.62	1.76338e-05
62.64	1.75424e-05
62.66	1.74515e-05
62.68	1.73613e-05
62.7	1.72716e-05
62.72	1.71826e-05
62.74	1.70941e-05
62.76	1.70062e-05
62.78	1.69188e-05
62.8	1.68321e-05
62.82	1.67459e-05
62.84	1.66602e-05
62.86	1.65751e-05
62.88	1.64906e-05
62.9	1.64066e-05
62.92	1.63231e-05
62.94	1.62402e-05
62.96	1.61579e-05
62.98	1.6076e-05
63	1.59947e-05
63.02	1.5914e-05
63.04	1.58337e-05
63.06	1.5754e-05
63.08	1.56748e-05
63.1	1.55961e-05
63.12	1.55179e-05
63.14	1.54402e-05
63.16	1.53631e-05
63.18	1.52864e-05
63.2	1.52102e-05
63.22	1.51346e-05
63.24	1.50594e-05
63.26	1.49847e-05
63.28	1.49104e-05
63.3	1.48367e-05
63.32	1.47635e-05
63.34	1.46907e-05
63.36	1.46184e-05
63.38	1.45465e-05
63.4	1.44751e-05
63.42	1.44042e-05
63.44	1.43338e-05
63.46	1.42638e-05
63.48	1.41942e-05
63.5	1.41251e-05
63.52	1.40565e-05
63.54	1.39883e-05
63.56	1.39205e-05
63.58	1.38532e-05
63.6	1.37863e-05
63.62	1.37198e-05
63.64	1.36538e-05
63.66	1.35882e-05
63.68	1.35231e-05
63.7	1.34583e-05
63.72	1.3394e-05
63.74	1.33301e-05
63.76	1.32665e-05
63.78	1.32035e-05
63.8	1.31408e-05
63.82	1.30785e-05
63.84	1.30166e-05
63.86	1.29551e-05
63.88	1.28941e-05
63.9	1.28334e-05
63.92	1.27731e-05
63.94	1.27132e-05
63.96	1.26537e-05
63.98	1.25946e-05
64	1.25358e-05
64.02	1.24775e-05
64.04	1.24195e-05
64.06	1.23619e-05
64.08	1.23046e-05
64.1	1.22477e-05
64.12	1.21912e-05
64.14	1.21351e-05
64.16	1.20793e-05
64.18	1.20239e-05
64.2	1.19689e-05
64.22	1.19142e-05
64.24	1.18599e-05
64.26	1.18059e-05
64.28	1.17522e-05
64.3	1.16989e-05
64.32	1.1646e-05
64.34	1.15934e-05
64.36	1.15411e-05
64.38	1.14892e-05
64.4	1.14376e-05
64.42	1.13864e-05
64.44	1.13355e-05
64.46	1.12849e-05
64.48	1.12346e-05
64.5	1.11847e-05
64.52	1.11351e-05
64.54	1.10858e-05
64.56	1.10368e-05
64.58	1.09882e-05
64.6	1.09399e-05
64.62	1.08919e-05
64.64	1.08442e-05
64.66	1.07968e-05
64.68	1.07497e-05
64.7	1.07029e-05
64.72	1.06564e-05
64.74	1.06103e-05
64.76	1.05644e-05
64.78	1.05188e-05
64.8	1.04736e-05
64.82	1.04286e-05
64.84	1.03839e-05
64.86	1.03395e-05
64.88	1.02954e-05
64.9	1.02516e-05
64.92	1.02081e-05
64.94	1.01648e-05
64.96	1.01219e-05
64.98	1.00792e-05
65	1.00368e-05
65.02	9.99467e-06
65.04	9.95282e-06
65.06	9.91126e-06
65.08	9.86996e-06
65.1	9.82894e-06
65.12	9.78818e-06
65.14	9.74769e-06
65.16	9.70747e-06
65.18	9.66752e-06
65.2	9.62783e-06
65.22	9.58839e-06
65.24	9.54922e-06
65.26	9.51031e-06
65.28	9.47166e-06
65.3	9.43326e-06
65.32	9.39511e-06
65.34	9.35722e-06
65.36	9.31957e-06
65.38	9.28218e-06
65.4	9.24504e-06
65.42	9.20814e-06
65.44	9.17148e-06
65.46	9.13507e-06
65.48	9.09891e-06
65.5	9.06298e-06
65.52	9.02729e-06
65.54	8.99185e-06
65.56	8.95663e-06
65.58	8.92166e-06
65.6	8.88691e-06
65.62	8.8524e-06
65.64	8.81812e-06
65.66	8.78407e-06
65.68	8.75025e-06
65.7	8.71666e-06
65.72	8.68329e-06
65.74	8.65015e-06
65.76	8.61723e-06
65.78	8.58453e-06
65.8	8.55206e-06
65.82	8.5198e-06
65.84	8.48776e-06
65.86	8.45594e-06
65.88	8.42434e-06
65.9	8.39295e-06
65.92	8.36177e-06
65.94	8.33081e-06
65.96	8.30006e-06
65.98	8.26952e-06
66	8.23918e-06
66.02	8.20906e-06
66.04	8.17914e-06
66.06	8.14943e-06
66.08	8.11992e-06
66.1	8.09061e-06
66.12	8.06151e-06
66.14	8.03261e-06
66.16	8.00391e-06
66.18	7.97541e-06
66.2	7.9471e-06
66.22	7.91899e-06
66.24	7.89108e-06
66.26	7.86337e-06
66.28	7.83584e-06
66.3	7.80851e-06
66.32	7.78137e-06
66.34	7.75443e-06
66.36	7.72767e-06
66.38	7.7011e-06
66.4	7.67472e-06
66.42	7.64852e-06
66.44	7.62252e-06
66.46	7.59669e-06
66.48	7.57105e-06
66.5	7.5456e-06
66.52	7.52032e-06
66.54	7.49523e-06
66.56	7.47032e-06
66.58	7.44559e-06
66.6	7.42104e-06
66.62	7.39666e-06
66.64	7.37246e-06
66.66	7.34844e-06
66.68	7.32459e-06
66.7	7.30092e-06
66.72	7.27742e-06
66.74	7.25409e-06
66.76	7.23094e-06
66.78	7.20795e-06
66.8	7.18514e-06
66.82	7.1625e-06
66.84	7.14002e-06
66.86	7.11772e-06
66.88	7.09558e-06
66.9	7.07361e-06
66.92	7.0518e-06
66.94	7.03016e-06
66.96	7.00868e-06
66.98	6.98736e-06
67	6.96621e-06
67.02	6.94522e-06
67.04	6.9244e-06
67.06	6.90373e-06
67.08	6.88322e-06
67.1	6.86288e-06
67.12	6.84269e-06
67.14	6.82266e-06
67.16	6.80279e-06
67.18	6.78307e-06
67.2	6.76351e-06
67.22	6.74411e-06
67.24	6.72486e-06
67.26	6.70576e-06
67.28	6.68682e-06
67.3	6.66804e-06
67.32	6.6494e-06
67.34	6.63092e-06
67.36	6.61259e-06
67.38	6.59441e-06
67.4	6.57638e-06
67.42	6.5585e-06
67.44	6.54077e-06
67.46	6.52319e-06
67.48	6.50576e-06
67.5	6.48847e-06
67.52	6.47134e-06
67.54	6.45435e-06
67.56	6.4375e-06
67.58	6.4208e-06
67.6	6.40425e-06
67.62	6.38785e-06
67.64	6.37158e-06
67.66	6.35547e-06
67.68	6.33949e-06
67.7	6.32366e-06
67.72	6.30797e-06
67.74	6.29243e-06
67.76	6.27703e-06
67.78	6.26177e-06
67.8	6.24665e-06
67.82	6.23167e-06
67.84	6.21683e-06
67.86	6.20213e-06
67.88	6.18758e-06
67.9	6.17316e-06
67.92	6.15889e-06
67.94	6.14475e-06
67.96	6.13075e-06
67.98	6.11689e-06
68	6.10317e-06
68.02	6.08959e-06
68.04	6.07614e-06
68.06	6.06284e-06
68.08	6.04967e-06
68.1	6.03664e-06
68.12	6.02374e-06
68.14	6.01099e-06
68.16	5.99837e-06
68.18	5.98589e-06
68.2	5.97354e-06
68.22	5.96133e-06
68.24	5.94925e-06
68.26	5.93732e-06
68.28	5.92552e-06
68.3	5.91385e-06
68.32	5.90232e-06
68.34	5.89093e-06
68.36	5.87967e-06
68.38	5.86855e-06
68.4	5.85757e-06
68.42	5.84672e-06
68.44	5.836e-06
68.46	5.82542e-06
68.48	5.81498e-06
68.5	5.80468e-06
68.52	5.79451e-06
68.54	5.78448e-06
68.56	5.77458e-06
68.58	5.76482e-06
68.6	5.7552e-06
68.62	5.74571e-06
68.64	5.73636e-06
68.66	5.72715e-06
68.68	5.71807e-06
68.7	5.70913e-06
68.72	5.70033e-06
68.74	5.69167e-06
68.76	5.68315e-06
68.78	5.67476e-06
68.8	5.66652e-06
68.82	5.65841e-06
68.84	5.65044e-06
68.86	5.64262e-06
68.88	5.63493e-06
68.9	5.62738e-06
68.92	5.61998e-06
68.94	5.61272e-06
68.96	5.6056e-06
68.98	5.59863e-06
69	5.59179e-06
69.02	5.58511e-06
69.04	5.57856e-06
69.06	5.57217e-06
69.08	5.56591e-06
69.1	5.55981e-06
69.12	5.55385e-06
69.14	5.54805e-06
69.16	5.54239e-06
69.18	5.53688e-06
69.2	5.53152e-06
69.22	5.52632e-06
69.24	5.52127e-06
69.26	5.51637e-06
69.28	5.51163e-06
69.3	5.50704e-06
69.32	5.50261e-06
69.34	5.49834e-06
69.36	5.49423e-06
69.38	5.49028e-06
69.4	5.4865e-06
69.42	5.48287e-06
69.44	5.47942e-06
69.46	5.47613e-06
69.48	5.47301e-06
69.5	5.47006e-06
69.52	5.46728e-06
69.54	5.46467e-06
69.56	5.46225e-06
69.58	5.46e-06
69.6	5.45793e-06
69.62	5.45604e-06
69.64	5.45433e-06
69.66	5.45282e-06
69.68	5.45149e-06
69.7	5.45035e-06
69.72	5.44941e-06
69.74	5.44867e-06
69.76	5.44812e-06
69.78	5.44778e-06
69.8	5.44765e-06
69.82	5.44773e-06
69.84	5.44801e-06
69.86	5.44852e-06
69.88	5.44925e-06
69.9	5.4502e-06
69.92	5.45138e-06
69.94	5.45279e-06
69.96	5.45445e-06
69.98	5.45634e-06
70	5.45849e-06
70.02	5.46088e-06
70.04	5.46354e-06
70.06	5.46647e-06
70.08	5.46966e-06
70.1	5.47314e-06
70.12	5.4769e-06
70.14	5.48096e-06
70.16	5.48531e-06
70.18	5.48998e-06
70.2	5.49497e-06
70.22	5.50029e-06
70.24	5.50595e-06
70.26	5.51197e-06
70.28	5.51834e-06
70.3	5.5251e-06
70.32	5.53224e-06
70.34	5.53979e-06
70.36	5.54777e-06
70.38	5.55618e-06
70.4	5.56505e-06
70.42	5.57441e-06
70.44	5.58426e-06
70.46	5.59465e-06
70.48	5.60559e-06
70.5	5.61711e-06
70.52	5.62926e-06
70.54	5.64206e-06
70.56	5.65557e-06
70.58	5.66981e-06
70.6	5.68486e-06
70.62	5.70077e-06
70.64	5.7176e-06
70.66	5.73545e-06
70.68	5.75439e-06
70.7	5.77454e-06
70.72	5.79602e-06
70.74	5.81899e-06
70.76	5.84363e-06
70.78	5.87017e-06
70.8	5.89889e-06
70.82	5.93015e-06
70.84	5.96442e-06
70.86	6.00233e-06
70.88	6.04474e-06
70.9	6.09292e-06
70.92	6.14876e-06
70.94	6.21536e-06
70.96	6.29818e-06
70.98	6.40811e-06
71	6.57008e-06
71.02	6.848e-06
71.04	7.39214e-06
71.06	8.50709e-06
71.08	1.05714e-05
71.1	1.39277e-05
71.12	1.91939e-05
71.14	2.71605e-05
71.16	3.8312e-05
71.18	5.27954e-05
71.2	7.06101e-05
71.22	9.13425e-05
71.24	0.000113877
71.26	0.00013657
71.28	0.000157707
71.3	0.00017606
71.32	0.000191158
71.34	0.000203099
71.36	0.00021223
71.38	0.000218959
71.4	0.000223709
71.42	0.000226922
71.44	0.000229033
71.46	0.000230426
71.48	0.000231403
71.5	0.000232182
71.52	0.000232907
71.54	0.000233672
71.56	0.000234526
71.58	0.000235495
71.6	0.000236584
71.62	0.00023779
71.64	0.000239101
71.66	0.000240502
71.68	0.000241977
71.7	0.000243509
71.72	0.000245084
71.74	0.000246686
71.76	0.000248304
71.78	0.000249927
71.8	0.000251547
71.82	0.000253155
71.84	0.000254745
71.86	0.000256314
71.88	0.000257857
71.9	0.000259371
71.92	0.000260854
71.94	0.000262305
71.96	0.000263722
71.98	0.000265104
72	0.000266452
72.02	0.000267764
72.04	0.000269042
72.06	0.000270284
72.08	0.00027149
72.1	0.000272662
72.12	0.000273798
72.14	0.0002749
72.16	0.000275967
72.18	0.000276999
72.2	0.000277997
72.22	0.00027896
72.24	0.000279888
72.26	0.000280782
72.28	0.000281641
72.3	0.000282465
72.32	0.000283254
72.34	0.000284008
72.36	0.000284727
72.38	0.00028541
72.4	0.000286058
72.42	0.00028667
72.44	0.000287245
72.46	0.000287785
72.48	0.000288288
72.5	0.000288755
72.52	0.000289185
72.54	0.000289578
72.56	0.000289933
72.58	0.000290252
72.6	0.000290534
72.62	0.000290778
72.64	0.000290985
72.66	0.000291155
72.68	0.000291288
72.7	0.000291383
72.72	0.000291442
72.74	0.000291463
72.76	0.000291448
72.78	0.000291397
72.8	0.000291309
72.82	0.000291185
72.84	0.000291025
72.86	0.00029083
72.88	0.0002906
72.9	0.000290335
72.92	0.000290036
72.94	0.000289703
72.96	0.000289337
72.98	0.000288938
73	0.000288506
73.02	0.000288043
73.04	0.000287548
73.06	0.000287023
73.08	0.000286467
73.1	0.000285882
73.12	0.000285268
73.14	0.000284626
73.16	0.000283956
73.18	0.000283259
73.2	0.000282535
73.22	0.000281786
73.24	0.000281011
73.26	0.000280212
73.28	0.000279389
73.3	0.000278544
73.32	0.000277675
73.34	0.000276785
73.36	0.000275874
73.38	0.000274942
73.4	0.000273991
73.42	0.000273021
73.44	0.000272032
73.46	0.000271025
73.48	0.000270001
73.5	0.000268961
73.52	0.000267904
73.54	0.000266833
73.56	0.000265746
73.58	0.000264646
73.6	0.000263532
73.62	0.000262406
73.64	0.000261267
73.66	0.000260116
73.68	0.000258954
73.7	0.000257782
73.72	0.000256599
73.74	0.000255407
73.76	0.000254206
73.78	0.000252996
73.8	0.000251778
73.82	0.000250553
73.84	0.00024932
73.86	0.000248081
73.88	0.000246836
73.9	0.000245585
73.92	0.000244329
73.94	0.000243067
73.96	0.000241802
73.98	0.000240532
74	0.000239258
74.02	0.000237981
74.04	0.000236701
74.06	0.000235419
74.08	0.000234134
74.1	0.000232847
74.12	0.000231559
74.14	0.000230269
74.16	0.000228979
74.18	0.000227688
74.2	0.000226396
74.22	0.000225104
74.24	0.000223812
74.26	0.000222521
74.28	0.000221231
74.3	0.000219941
74.32	0.000218653
74.34	0.000217365
74.36	0.00021608
74.38	0.000214796
74.4	0.000213515
74.42	0.000212235
74.44	0.000210958
74.46	0.000209684
74.48	0.000208412
74.5	0.000207144
74.52	0.000205878
74.54	0.000204616
74.56	0.000203357
74.58	0.000202102
74.6	0.000200851
74.62	0.000199604
74.64	0.00019836
74.66	0.000197121
74.68	0.000195886
74.7	0.000194655
74.72	0.000193429
74.74	0.000192208
74.76	0.000190991
74.78	0.000189779
74.8	0.000188572
74.82	0.000187369
74.84	0.000186172
74.86	0.000184981
74.88	0.000183794
74.9	0.000182613
74.92	0.000181437
74.94	0.000180266
74.96	0.000179101
74.98	0.000177941
75	0.000176788
75.02	0.000175639
75.04	0.000174497
75.06	0.00017336
75.08	0.000172229
75.1	0.000171104
75.12	0.000169985
75.14	0.000168872
75.16	0.000167765
75.18	0.000166663
75.2	0.000165568
75.22	0.000164479
75.24	0.000163396
75.26	0.000162319
75.28	0.000161248
75.3	0.000160183
75.32	0.000159124
75.34	0.000158071
75.36	0.000157025
75.38	0.000155984
75.4	0.00015495
75.42	0.000153922
75.44	0.0001529
75.46	0.000151885
75.48	0.000150875
75.5	0.000149872
75.52	0.000148875
75.54	0.000147884
75.56	0.000146899
75.58	0.00014592
75.6	0.000144948
75.62	0.000143981
75.64	0.000143021
75.66	0.000142067
75.68	0.000141119
75.7	0.000140177
75.72	0.000139241
75.74	0.000138311
75.76	0.000137387
75.78	0.00013647
75.8	0.000135558
75.82	0.000134652
75.84	0.000133752
75.86	0.000132858
75.88	0.00013197
75.9	0.000131088
75.92	0.000130212
75.94	0.000129342
75.96	0.000128477
75.98	0.000127618
76	0.000126766
76.02	0.000125918
76.04	0.000125077
76.06	0.000124241
76.08	0.000123411
76.1	0.000122587
76.12	0.000121768
76.14	0.000120955
76.16	0.000120147
76.18	0.000119345
76.2	0.000118549
76.22	0.000117758
76.24	0.000116972
76.26	0.000116192
76.28	0.000115417
76.3	0.000114648
76.32	0.000113884
76.34	0.000113125
76.36	0.000112372
76.38	0.000111624
76.4	0.000110881
76.42	0.000110143
76.44	0.00010941
76.46	0.000108683
76.48	0.00010796
76.5	0.000107243
76.52	0.00010653
76.54	0.000105823
76.56	0.000105121
76.58	0.000104423
76.6	0.000103731
76.62	0.000103043
76.64	0.00010236
76.66	0.000101682
76.68	0.000101009
76.7	0.00010034
76.72	9.96766e-05
76.74	9.90175e-05
76.76	9.83631e-05
76.78	9.77132e-05
76.8	9.7068e-05
76.82	9.64274e-05
76.84	9.57912e-05
76.86	9.51596e-05
76.88	9.45325e-05
76.9	9.39098e-05
76.92	9.32915e-05
76.94	9.26775e-05
76.96	9.2068e-05
76.98	9.14627e-05
77	9.08618e-05
77.02	9.0265e-05
77.04	8.96726e-05
77.06	8.90843e-05
77.08	8.85002e-05
77.1	8.79202e-05
77.12	8.73443e-05
77.14	8.67726e-05
77.16	8.62048e-05
77.18	8.56411e-05
77.2	8.50814e-05
77.22	8.45257e-05
77.24	8.39739e-05
77.26	8.3426e-05
77.28	8.2882e-05
77.3	8.23418e-05
77.32	8.18055e-05
77.34	8.1273e-05
77.36	8.07442e-05
77.38	8.02192e-05
77.4	7.96979e-05
77.42	7.91803e-05
77.44	7.86663e-05
77.46	7.8156e-05
77.48	7.76493e-05
77.5	7.71462e-05
77.52	7.66466e-05
77.54	7.61506e-05
77.56	7.56581e-05
77.58	7.5169e-05
77.6	7.46834e-05
77.62	7.42012e-05
77.64	7.37225e-05
77.66	7.32471e-05
77.68	7.27751e-05
77.7	7.23064e-05
77.72	7.1841e-05
77.74	7.13788e-05
77.76	7.09199e-05
77.78	7.04643e-05
77.8	7.00118e-05
77.82	6.95626e-05
77.84	6.91165e-05
77.86	6.86735e-05
77.88	6.82337e-05
77.9	6.77969e-05
77.92	6.73632e-05
77.94	6.69325e-05
77.96	6.65049e-05
77.98	6.60803e-05
78	6.56586e-05
78.02	6.52399e-05
78.04	6.48241e-05
78.06	6.44113e-05
78.08	6.40013e-05
78.1	6.35942e-05
78.12	6.319e-05
78.14	6.27886e-05
78.16	6.23899e-05
78.18	6.19941e-05
78.2	6.1601e-05
78.22	6.12107e-05
78.24	6.08231e-05
78.26	6.04382e-05
78.28	6.0056e-05
78.3	5.96765e-05
78.32	5.92996e-05
78.34	5.89253e-05
78.36	5.85537e-05
78.38	5.81846e-05
78.4	5.78181e-05
78.42	5.74541e-05
78.44	5.70927e-05
78.46	5.67338e-05
78.48	5.63773e-05
78.5	5.60234e-05
78.52	5.56719e-05
78.54	5.53228e-05
78.56	5.49762e-05
78.58	5.4632e-05
78.6	5.42901e-05
78.62	5.39507e-05
78.64	5.36135e-05
78.66	5.32787e-05
78.68	5.29463e-05
78.7	5.26161e-05
78.72	5.22882e-05
78.74	5.19626e-05
78.76	5.16392e-05
78.78	5.13181e-05
78.8	5.09991e-05
78.82	5.06824e-05
78.84	5.03679e-05
78.86	5.00555e-05
78.88	4.97453e-05
78.9	4.94372e-05
78.92	4.91312e-05
78.94	4.88274e-05
78.96	4.85256e-05
78.98	4.82259e-05
79	4.79283e-05
79.02	4.76327e-05
79.04	4.73391e-05
79.06	4.70476e-05
79.08	4.6758e-05
79.1	4.64705e-05
79.12	4.61849e-05
79.14	4.59013e-05
79.16	4.56196e-05
79.18	4.53398e-05
79.2	4.5062e-05
79.22	4.47861e-05
79.24	4.4512e-05
79.26	4.42398e-05
79.28	4.39695e-05
79.3	4.37011e-05
79.32	4.34344e-05
79.34	4.31696e-05
79.36	4.29066e-05
79.38	4.26454e-05
79.4	4.2386e-05
79.42	4.21283e-05
79.44	4.18724e-05
79.46	4.16183e-05
79.48	4.13658e-05
79.5	4.11151e-05
79.52	4.08661e-05
79.54	4.06188e-05
79.56	4.03732e-05
79.58	4.01292e-05
79.6	3.98869e-05
79.62	3.96463e-05
79.64	3.94072e-05
79.66	3.91698e-05
79.68	3.89341e-05
79.7	3.86999e-05
79.72	3.84673e-05
79.74	3.82362e-05
79.76	3.80068e-05
79.78	3.77789e-05
79.8	3.75525e-05
79.82	3.73277e-05
79.84	3.71043e-05
79.86	3.68825e-05
79.88	3.66622e-05
79.9	3.64434e-05
79.92	3.62261e-05
79.94	3.60102e-05
79.96	3.57958e-05
79.98	3.55828e-05
80	3.53713e-05
80.02	3.51612e-05
80.04	3.49525e-05
80.06	3.47452e-05
80.08	3.45393e-05
80.1	3.43348e-05
80.12	3.41317e-05
80.14	3.393e-05
80.16	3.37296e-05
80.18	3.35305e-05
80.2	3.33328e-05
80.22	3.31364e-05
80.24	3.29413e-05
80.26	3.27476e-05
80.28	3.25551e-05
80.3	3.23639e-05
80.32	3.21741e-05
80.34	3.19854e-05
80.36	3.17981e-05
80.38	3.1612e-05
80.4	3.14272e-05
80.42	3.12435e-05
80.44	3.10612e-05
80.46	3.088e-05
80.48	3.07001e-05
80.5	3.05213e-05
80.52	3.03438e-05
80.54	3.01674e-05
80.56	2.99922e-05
80.58	2.98182e-05
80.6	2.96453e-05
80.62	2.94736e-05
80.64	2.93031e-05
80.66	2.91337e-05
80.68	2.89654e-05
80.7	2.87982e-05
80.72	2.86321e-05
80.74	2.84672e-05
80.76	2.83033e-05
80.78	2.81406e-05
80.8	2.79789e-05
80.82	2.78183e-05
80.84	2.76588e-05
80.86	2.75003e-05
80.88	2.73429e-05
80.9	2.71865e-05
80.92	2.70312e-05
80.94	2.68769e-05
80.96	2.67236e-05
80.98	2.65713e-05
81	2.64201e-05
81.02	2.62698e-05
81.04	2.61206e-05
81.06	2.59723e-05
81.08	2.5825e-05
81.1	2.56787e-05
81.12	2.55334e-05
81.14	2.5389e-05
81.16	2.52456e-05
81.18	2.51031e-05
81.2	2.49616e-05
81.22	2.4821e-05
81.24	2.46813e-05
81.26	2.45426e-05
81.28	2.44047e-05
81.3	2.42678e-05
81.32	2.41318e-05
81.34	2.39967e-05
81.36	2.38624e-05
81.38	2.37291e-05
81.4	2.35966e-05
81.42	2.34651e-05
81.44	2.33343e-05
81.46	2.32045e-05
81.48	2.30755e-05
81.5	2.29473e-05
81.52	2.282e-05
81.54	2.26935e-05
81.56	2.25679e-05
81.58	2.24431e-05
81.6	2.23191e-05
81.62	2.21959e-05
81.64	2.20735e-05
81.66	2.1952e-05
81.68	2.18312e-05
81.7	2.17112e-05
81.72	2.1592e-05
81.74	2.14736e-05
81.76	2.1356e-05
81.78	2.12392e-05
81.8	2.11231e-05
81.82	2.10078e-05
81.84	2.08932e-05
81.86	2.07794e-05
81.88	2.06663e-05
81.9	2.0554e-05
81.92	2.04424e-05
81.94	2.03315e-05
81.96	2.02214e-05
81.98	2.0112e-05
82	2.00033e-05
82.02	1.98953e-05
82.04	1.9788e-05
82.06	1.96814e-05
82.08	1.95755e-05
82.1	1.94703e-05
82.12	1.93658e-05
82.14	1.9262e-05
82.16	1.91589e-05
82.18	1.90564e-05
82.2	1.89546e-05
82.22	1.88535e-05
82.24	1.8753e-05
82.26	1.86532e-05
82.28	1.8554e-05
82.3	1.84555e-05
82.32	1.83576e-05
82.34	1.82603e-05
82.36	1.81637e-05
82.38	1.80677e-05
82.4	1.79724e-05
82.42	1.78776e-05
82.44	1.77835e-05
82.46	1.769e-05
82.48	1.75971e-05
82.5	1.75048e-05
82.52	1.74131e-05
82.54	1.7322e-05
82.56	1.72315e-05
82.58	1.71416e-05
82.6	1.70522e-05
82.62	1.69635e-05
82.64	1.68753e-05
82.66	1.67877e-05
82.68	1.67007e-05
82.7	1.66142e-05
82.72	1.65283e-05
82.74	1.64429e-05
82.76	1.63581e-05
82.78	1.62739e-05
82.8	1.61902e-05
82.82	1.6107e-05
82.84	1.60244e-05
82.86	1.59423e-05
82.88	1.58607e-05
82.9	1.57797e-05
82.92	1.56992e-05
82.94	1.56192e-05
82.96	1.55397e-05
82.98	1.54608e-05
83	1.53824e-05
83.02	1.53044e-05
83.04	1.5227e-05
83.06	1.51501e-05
83.08	1.50736e-05
83.1	1.49977e-05
83.12	1.49223e-05
83.14	1.48473e-05
83.16	1.47728e-05
83.18	1.46989e-05
83.2	1.46254e-05
83.22	1.45523e-05
83.24	1.44798e-05
83.26	1.44077e-05
83.28	1.4336e-05
83.3	1.42649e-05
83.32	1.41942e-05
83.34	1.41239e-05
83.36	1.40541e-05
83.38	1.39848e-05
83.4	1.39159e-05
83.42	1.38474e-05
83.44	1.37794e-05
83.46	1.37118e-05
83.48	1.36447e-05
83.5	1.3578e-05
83.52	1.35117e-05
83.54	1.34459e-05
83.56	1.33804e-05
83.58	1.33154e-05
83.6	1.32509e-05
83.62	1.31867e-05
83.64	1.31229e-05
83.66	1.30596e-05
83.68	1.29967e-05
83.7	1.29341e-05
83.72	1.2872e-05
83.74	1.28103e-05
83.76	1.27489e-05
83.78	1.2688e-05
83.8	1.26275e-05
83.82	1.25673e-05
83.84	1.25075e-05
83.86	1.24482e-05
83.88	1.23892e-05
83.9	1.23305e-05
83.92	1.22723e-05
83.94	1.22144e-05
83.96	1.21569e-05
83.98	1.20998e-05
84	1.20431e-05
84.02	1.19867e-05
84.04	1.19306e-05
84.06	1.1875e-05
84.08	1.18197e-05
84.1	1.17647e-05
84.12	1.17101e-05
84.14	1.16558e-05
84.16	1.16019e-05
84.18	1.15484e-05
84.2	1.14952e-05
84.22	1.14423e-05
84.24	1.13898e-05
84.26	1.13376e-05
84.28	1.12858e-05
84.3	1.12342e-05
84.32	1.11831e-05
84.34	1.11322e-05
84.36	1.10817e-05
84.38	1.10315e-05
84.4	1.09816e-05
84.42	1.0932e-05
84.44	1.08828e-05
84.46	1.08339e-05
84.48	1.07853e-05
84.5	1.0737e-05
84.52	1.0689e-05
84.54	1.06413e-05
84.56	1.05939e-05
84.58	1.05469e-05
84.6	1.05001e-05
84.62	1.04537e-05
84.64	1.04075e-05
84.66	1.03617e-05
84.68	1.03161e-05
84.7	1.02708e-05
84.72	1.02259e-05
84.74	1.01812e-05
84.76	1.01368e-05
84.78	1.00927e-05
84.8	1.00489e-05
84.82	1.00053e-05
84.84	9.96207e-06
84.86	9.91909e-06
84.88	9.87639e-06
84.9	9.83397e-06
84.92	9.79182e-06
84.94	9.74995e-06
84.96	9.70835e-06
84.98	9.66701e-06
85	9.62595e-06
85.02	9.58515e-06
85.04	9.54462e-06
85.06	9.50435e-06
85.08	9.46434e-06
85.1	9.42459e-06
85.12	9.3851e-06
85.14	9.34586e-06
85.16	9.30688e-06
85.18	9.26816e-06
85.2	9.22969e-06
85.22	9.19147e-06
85.24	9.15349e-06
85.26	9.11577e-06
85.28	9.07829e-06
85.3	9.04105e-06
85.32	9.00406e-06
85.34	8.96731e-06
85.36	8.93081e-06
85.38	8.89454e-06
85.4	8.8585e-06
85.42	8.82271e-06
85.44	8.78714e-06
85.46	8.75182e-06
85.48	8.71672e-06
85.5	8.68185e-06
85.52	8.64721e-06
85.54	8.6128e-06
85.56	8.57862e-06
85.58	8.54466e-06
85.6	8.51093e-06
85.62	8.47742e-06
85.64	8.44413e-06
85.66	8.41106e-06
85.68	8.3782e-06
85.7	8.34557e-06
85.72	8.31315e-06
85.74	8.28095e-06
85.76	8.24896e-06
85.78	8.21718e-06
85.8	8.18561e-06
85.82	8.15425e-06
85.84	8.1231e-06
85.86	8.09216e-06
85.88	8.06143e-06
85.9	8.0309e-06
85.92	8.00057e-06
85.94	7.97045e-06
85.96	7.94053e-06
85.98	7.91081e-06
86	7.88129e-06
86.02	7.85196e-06
86.04	7.82284e-06
86.06	7.79391e-06
86.08	7.76517e-06
86.1	7.73663e-06
86.12	7.70828e-06
86.14	7.68013e-06
86.16	7.65216e-06
86.18	7.62439e-06
86.2	7.5968e-06
86.22	7.5694e-06
86.24	7.54218e-06
86.26	7.51516e-06
86.28	7.48831e-06
86.3	7.46165e-06
86.32	7.43518e-06
86.34	7.40888e-06
86.36	7.38276e-06
86.38	7.35683e-06
86.4	7.33107e-06
86.42	7.30549e-06
86.44	7.28009e-06
86.46	7.25486e-06
86.48	7.22981e-06
86.5	7.20493e-06
86.52	7.18023e-06
86.54	7.15569e-06
86.56	7.13133e-06
86.58	7.10714e-06
86.6	7.08312e-06
86.62	7.05927e-06
86.64	7.03558e-06
86.66	7.01206e-06
86.68	6.98871e-06
86.7	6.96552e-06
86.72	6.9425e-06
86.74	6.91964e-06
86.76	6.89694e-06
86.78	6.87441e-06
86.8	6.85204e-06
86.82	6.82982e-06
86.84	6.80777e-06
86.86	6.78588e-06
86.88	6.76414e-06
86.9	6.74256e-06
86.92	6.72114e-06
86.94	6.69987e-06
86.96	6.67876e-06
86.98	6.6578e-06
87	6.637e-06
87.02	6.61635e-06
87.04	6.59585e-06
87.06	6.5755e-06
87.08	6.55531e-06
87.1	6.53526e-06
87.12	6.51536e-06
87.14	6.49562e-06
87.16	6.47602e-06
87.18	6.45656e-06
87.2	6.43726e-06
87.22	6.4181e-06
87.24	6.39908e-06
87.26	6.38021e-06
87.28	6.36149e-06
87.3	6.34291e-06
87.32	6.32447e-06
87.34	6.30617e-06
87.36	6.28802e-06
87.38	6.27e-06
87.4	6.25213e-06
87.42	6.2344e-06
87.44	6.21681e-06
87.46	6.19935e-06
87.48	6.18204e-06
87.5	6.16486e-06
87.52	6.14782e-06
87.54	6.13092e-06
87.56	6.11415e-06
87.58	6.09752e-06
87.6	6.08102e-06
87.62	6.06466e-06
87.64	6.04844e-06
87.66	6.03234e-06
87.68	6.01639e-06
87.7	6.00056e-06
87.72	5.98487e-06
87.74	5.9693e-06
87.76	5.95387e-06
87.78	5.93857e-06
87.8	5.92341e-06
87.82	5.90837e-06
87.84	5.89346e-06
87.86	5.87868e-06
87.88	5.86403e-06
87.9	5.84951e-06
87.92	5.83512e-06
87.94	5.82085e-06
87.96	5.80671e-06
87.98	5.7927e-06
88	5.77882e-06
88.02	5.76506e-06
88.04	5.75143e-06
88.06	5.73793e-06
88.08	5.72455e-06
88.1	5.7113e-06
88.12	5.69817e-06
88.14	5.68516e-06
88.16	5.67228e-06
88.18	5.65953e-06
88.2	5.6469e-06
88.22	5.63439e-06
88.24	5.622e-06
88.26	5.60974e-06
88.28	5.5976e-06
88.3	5.58559e-06
88.32	5.57369e-06
88.34	5.56192e-06
88.36	5.55027e-06
88.38	5.53874e-06
88.4	5.52734e-06
88.42	5.51605e-06
88.44	5.50489e-06
88.46	5.49385e-06
88.48	5.48292e-06
88.5	5.47212e-06
88.52	5.46145e-06
88.54	5.45089e-06
88.56	5.44045e-06
88.58	5.43013e-06
88.6	5.41993e-06
88.62	5.40986e-06
88.64	5.3999e-06
88.66	5.39007e-06
88.68	5.38035e-06
88.7	5.37076e-06
88.72	5.36128e-06
88.74	5.35193e-06
88.76	5.34269e-06
88.78	5.33358e-06
88.8	5.32458e-06
88.82	5.31571e-06
88.84	5.30696e-06
88.86	5.29833e-06
88.88	5.28982e-06
88.9	5.28142e-06
88.92	5.27316e-06
88.94	5.26501e-06
88.96	5.25698e-06
88.98	5.24907e-06
89	5.24129e-06
89.02	5.23363e-06
89.04	5.22609e-06
89.06	5.21867e-06
89.08	5.21137e-06
89.1	5.2042e-06
89.12	5.19715e-06
89.14	5.19023e-06
89.16	5.18342e-06
89.18	5.17675e-06
89.2	5.17019e-06
89.22	5.16376e-06
89.24	5.15746e-06
89.26	5.15128e-06
89.28	5.14523e-06
89.3	5.1393e-06
89.32	5.1335e-06
89.34	5.12783e-06
89.36	5.12229e-06
89.38	5.11688e-06
89.4	5.11159e-06
89.42	5.10643e-06
89.44	5.10141e-06
89.46	5.09652e-06
89.48	5.09175e-06
89.5	5.08713e-06
89.52	5.08263e-06
89.54	5.07827e-06
89.56	5.07404e-06
89.58	5.06995e-06
89.6	5.066e-06
89.62	5.06218e-06
89.64	5.0585e-06
89.66	5.05496e-06
89.68	5.05157e-06
89.7	5.04831e-06
89.72	5.0452e-06
89.74	5.04223e-06
89.76	5.0394e-06
89.78	5.03673e-06
89.8	5.0342e-06
89.82	5.03182e-06
89.84	5.02959e-06
89.86	5.02751e-06
89.88	5.02559e-06
89.9	5.02382e-06
89.92	5.02221e-06
89.94	5.02075e-06
89.96	5.01946e-06
89.98	5.01833e-06
90	5.01737e-06
90.02	5.01657e-06
90.04	5.01594e-06
90.06	5.01548e-06
90.08	5.01519e-06
90.1	5.01508e-06
90.12	5.01515e-06
90.14	5.01539e-06
90.16	5.01582e-06
90.18	5.01644e-06
90.2	5.01725e-06
90.22	5.01825e-06
90.24	5.01944e-06
90.26	5.02083e-06
90.28	5.02243e-06
90.3	5.02423e-06
90.32	5.02624e-06
90.34	5.02847e-06
90.36	5.03091e-06
90.38	5.03358e-06
90.4	5.03648e-06
90.42	5.03961e-06
90.44	5.04297e-06
90.46	5.04659e-06
90.48	5.05045e-06
90.5	5.05457e-06
90.52	5.05895e-06
90.54	5.0636e-06
90.56	5.06853e-06
90.58	5.07374e-06
90.6	5.07925e-06
90.62	5.08506e-06
90.64	5.09118e-06
90.66	5.09762e-06
90.68	5.1044e-06
90.7	5.11152e-06
90.72	5.119e-06
90.74	5.12684e-06
90.76	5.13508e-06
90.78	5.14371e-06
90.8	5.15277e-06
90.82	5.16225e-06
90.84	5.1722e-06
90.86	5.18262e-06
90.88	5.19355e-06
90.9	5.205e-06
90.92	5.21701e-06
90.94	5.22962e-06
90.96	5.24285e-06
90.98	5.25674e-06
91	5.27135e-06
91.02	5.28671e-06
91.04	5.3029e-06
91.06	5.31998e-06
91.08	5.33801e-06
91.1	5.3571e-06
91.12	5.37734e-06
91.14	5.39886e-06
91.16	5.4218e-06
91.18	5.44634e-06
91.2	5.4727e-06
91.22	5.50115e-06
91.24	5.53204e-06
91.26	5.56582e-06
91.28	5.6031e-06
91.3	5.64473e-06
91.32	5.69192e-06
91.34	5.74655e-06
91.36	5.81167e-06
91.38	5.89271e-06
91.4	6.00065e-06
91.42	6.16096e-06
91.44	6.43941e-06
91.46	6.9895e-06
91.48	8.12102e-06
91.5	1.0212e-05
91.52	1.36152e-05
91.54	1.8982e-05
91.56	2.70983e-05
91.58	3.84164e-05
91.6	5.30799e-05
91.62	7.10837e-05
91.64	9.197e-05
91.66	0.000114566
91.68	0.000137192
91.7	0.000158146
91.72	0.000176254
91.74	0.000191106
91.76	0.000202829
91.78	0.00021178
91.8	0.000218366
91.82	0.000223011
91.84	0.000226156
91.86	0.000228235
91.88	0.000229624
91.9	0.000230617
91.92	0.000231424
91.94	0.000232185
91.96	0.000232988
91.98	0.000233882
92	0.000234887
92.02	0.000236011
92.04	0.000237248
92.06	0.000238587
92.08	0.000240012
92.1	0.000241508
92.12	0.000243058
92.14	0.000244648
92.16	0.000246262
92.18	0.000247891
92.2	0.000249522
92.22	0.000251148
92.24	0.000252761
92.26	0.000254356
92.28	0.000255927
92.3	0.000257472
92.32	0.000258988
92.34	0.000260471
92.36	0.000261922
92.38	0.000263339
92.4	0.000264721
92.42	0.000266067
92.44	0.000267379
92.46	0.000268654
92.48	0.000269895
92.5	0.0002711
92.52	0.00027227
92.54	0.000273404
92.56	0.000274504
92.58	0.000275569
92.6	0.000276599
92.62	0.000277595
92.64	0.000278555
92.66	0.000279482
92.68	0.000280373
92.7	0.00028123
92.72	0.000282052
92.74	0.000282839
92.76	0.000283591
92.78	0.000284307
92.8	0.000284988
92.82	0.000285634
92.84	0.000286243
92.86	0.000286817
92.88	0.000287354
92.9	0.000287855
92.92	0.00028832
92.94	0.000288747
92.96	0.000289138
92.98	0.000289492
93	0.000289808
93.02	0.000290088
93.04	0.00029033
93.06	0.000290535
93.08	0.000290703
93.1	0.000290833
93.12	0.000290927
93.14	0.000290983
93.16	0.000291002
93.18	0.000290985
93.2	0.000290932
93.22	0.000290842
93.24	0.000290716
93.26	0.000290554
93.28	0.000290357
93.3	0.000290125
93.32	0.000289858
93.34	0.000289557
93.36	0.000289223
93.38	0.000288855
93.4	0.000288454
93.42	0.000288021
93.44	0.000287556
93.46	0.000287059
93.48	0.000286533
93.5	0.000285975
93.52	0.000285389
93.54	0.000284773
93.56	0.000284129
93.58	0.000283458
93.6	0.000282759
93.62	0.000282035
93.64	0.000281284
93.66	0.000280508
93.68	0.000279708
93.7	0.000278884
93.72	0.000278038
93.74	0.000277168
93.76	0.000276277
93.78	0.000275365
93.8	0.000274433
93.82	0.000273481
93.84	0.00027251
93.86	0.00027152
93.88	0.000270513
93.9	0.000269488
93.92	0.000268448
93.94	0.000267391
93.96	0.000266319
93.98	0.000265232
94	0.000264132
94.02	0.000263018
94.04	0.000261891
94.06	0.000260752
94.08	0.000259601
94.1	0.000258439
94.12	0.000257267
94.14	0.000256084
94.16	0.000254892
94.18	0.000253691
94.2	0.000252482
94.22	0.000251265
94.24	0.00025004
94.26	0.000248807
94.28	0.000247569
94.3	0.000246324
94.32	0.000245074
94.34	0.000243818
94.36	0.000242557
94.38	0.000241292
94.4	0.000240023
94.42	0.00023875
94.44	0.000237474
94.46	0.000236195
94.48	0.000234914
94.5	0.00023363
94.52	0.000232344
94.54	0.000231057
94.56	0.000229768
94.58	0.000228479
94.6	0.000227188
94.62	0.000225898
94.64	0.000224607
94.66	0.000223317
94.68	0.000222027
94.7	0.000220738
94.72	0.000219449
94.74	0.000218162
94.76	0.000216876
94.78	0.000215592
94.8	0.00021431
94.82	0.00021303
94.84	0.000211752
94.86	0.000210476
94.88	0.000209204
94.9	0.000207934
94.92	0.000206667
94.94	0.000205403
94.96	0.000204142
94.98	0.000202885
95	0.000201632
95.02	0.000200382
95.04	0.000199136
95.06	0.000197894
95.08	0.000196657
95.1	0.000195424
95.12	0.000194195
95.14	0.00019297
95.16	0.000191751
95.18	0.000190536
95.2	0.000189325
95.22	0.00018812
95.24	0.00018692
95.26	0.000185725
95.28	0.000184535
95.3	0.00018335
95.32	0.00018217
95.34	0.000180996
95.36	0.000179828
95.38	0.000178664
95.4	0.000177507
95.42	0.000176355
95.44	0.000175209
95.46	0.000174068
95.48	0.000172933
95.5	0.000171804
95.52	0.000170681
95.54	0.000169564
95.56	0.000168453
95.58	0.000167348
95.6	0.000166248
95.62	0.000165155
95.64	0.000164068
95.66	0.000162986
95.68	0.000161911
95.7	0.000160842
95.72	0.000159779
95.74	0.000158723
95.76	0.000157672
95.78	0.000156627
95.8	0.000155589
95.82	0.000154557
95.84	0.000153531
95.86	0.000152511
95.88	0.000151497
95.9	0.00015049
95.92	0.000149488
95.94	0.000148493
95.96	0.000147504
95.98	0.000146521
96	0.000145545
96.02	0.000144574
96.04	0.00014361
96.06	0.000142651
96.08	0.000141699
96.1	0.000140753
96.12	0.000139813
96.14	0.000138879
96.16	0.000137951
96.18	0.000137029
96.2	0.000136113
96.22	0.000135204
96.24	0.0001343
96.26	0.000133402
96.28	0.00013251
96.3	0.000131624
96.32	0.000130744
96.34	0.000129869
96.36	0.000129001
96.38	0.000128138
96.4	0.000127281
96.42	0.00012643
96.44	0.000125585
96.46	0.000124746
96.48	0.000123912
96.5	0.000123084
96.52	0.000122261
96.54	0.000121444
96.56	0.000120633
96.58	0.000119827
96.6	0.000119027
96.62	0.000118232
96.64	0.000117443
96.66	0.000116659
96.68	0.000115881
96.7	0.000115108
96.72	0.00011434
96.74	0.000113578
96.76	0.000112821
96.78	0.000112069
96.8	0.000111323
96.82	0.000110581
96.84	0.000109845
96.86	0.000109114
96.88	0.000108388
96.9	0.000107668
96.92	0.000106952
96.94	0.000106241
96.96	0.000105536
96.98	0.000104835
97	0.000104139
97.02	0.000103448
97.04	0.000102762
97.06	0.000102081
97.08	0.000101404
97.1	0.000100733
97.12	0.000100066
97.14	9.94037e-05
97.16	9.87462e-05
97.18	9.80933e-05
97.2	9.74451e-05
97.22	9.68014e-05
97.24	9.61623e-05
97.26	9.55277e-05
97.28	9.48976e-05
97.3	9.4272e-05
97.32	9.36508e-05
97.34	9.3034e-05
97.36	9.24216e-05
97.38	9.18135e-05
97.4	9.12097e-05
97.42	9.06102e-05
97.44	9.0015e-05
97.46	8.9424e-05
97.48	8.88371e-05
97.5	8.82545e-05
97.52	8.76759e-05
97.54	8.71015e-05
97.56	8.65311e-05
97.58	8.59648e-05
97.6	8.54025e-05
97.62	8.48442e-05
97.64	8.42898e-05
97.66	8.37394e-05
97.68	8.31929e-05
97.7	8.26502e-05
97.72	8.21114e-05
97.74	8.15764e-05
97.76	8.10452e-05
97.78	8.05178e-05
97.8	7.99941e-05
97.82	7.94741e-05
97.84	7.89578e-05
97.86	7.84451e-05
97.88	7.79361e-05
97.9	7.74306e-05
97.92	7.69288e-05
97.94	7.64305e-05
97.96	7.59357e-05
97.98	7.54444e-05
98	7.49566e-05
98.02	7.44722e-05
98.04	7.39913e-05
98.06	7.35137e-05
98.08	7.30395e-05
98.1	7.25687e-05
98.12	7.21012e-05
98.14	7.1637e-05
98.16	7.1176e-05
98.18	7.07183e-05
98.2	7.02638e-05
98.22	6.98125e-05
98.24	6.93644e-05
98.26	6.89195e-05
98.28	6.84776e-05
98.3	6.80389e-05
98.32	6.76032e-05
98.34	6.71707e-05
98.36	6.67411e-05
98.38	6.63146e-05
98.4	6.5891e-05
98.42	6.54704e-05
98.44	6.50528e-05
98.46	6.46381e-05
98.48	6.42263e-05
98.5	6.38174e-05
98.52	6.34114e-05
98.54	6.30082e-05
98.56	6.26078e-05
98.58	6.22102e-05
98.6	6.18154e-05
98.62	6.14233e-05
98.64	6.1034e-05
98.66	6.06474e-05
98.68	6.02635e-05
98.7	5.98823e-05
98.72	5.95037e-05
98.74	5.91278e-05
98.76	5.87545e-05
98.78	5.83838e-05
98.8	5.80157e-05
98.82	5.76501e-05
98.84	5.72871e-05
98.86	5.69266e-05
98.88	5.65687e-05
98.9	5.62132e-05
98.92	5.58601e-05
98.94	5.55096e-05
98.96	5.51614e-05
98.98	5.48157e-05
99	5.44724e-05
99.02	5.41314e-05
99.04	5.37928e-05
99.06	5.34566e-05
99.08	5.31226e-05
99.1	5.2791e-05
99.12	5.24617e-05
99.14	5.21347e-05
99.16	5.18099e-05
99.18	5.14874e-05
99.2	5.11671e-05
99.22	5.0849e-05
99.24	5.05331e-05
99.26	5.02194e-05
99.28	4.99078e-05
99.3	4.95984e-05
99.32	4.92911e-05
99.34	4.8986e-05
99.36	4.86829e-05
99.38	4.83819e-05
99.4	4.8083e-05
99.42	4.77862e-05
99.44	4.74914e-05
99.46	4.71986e-05
99.48	4.69078e-05
99.5	4.6619e-05
99.52	4.63322e-05
99.54	4.60474e-05
99.56	4.57645e-05
99.58	4.54836e-05
99.6	4.52046e-05
99.62	4.49275e-05
99.64	4.46523e-05
99.66	4.43789e-05
99.68	4.41075e-05
99.7	4.38379e-05
99.72	4.35701e-05
99.74	4.33042e-05
99.76	4.30401e-05
99.78	4.27778e-05
99.8	4.25173e-05
99.82	4.22585e-05
99.84	4.20015e-05
99.86	4.17463e-05
99.88	4.14928e-05
99.9	4.12411e-05
99.92	4.0991e-05
99.94	4.07427e-05
99.96	4.0496e-05
99.98	4.0251e-05
100	4.00077e-05
100.02	3.97661e-05
100.04	3.95261e-05
100.06	3.92877e-05
100.08	3.90509e-05
100.1	3.88157e-05
100.12	3.85822e-05
100.14	3.83502e-05
100.16	3.81198e-05
100.18	3.78909e-05
100.2	3.76636e-05
100.22	3.74378e-05
100.24	3.72136e-05
100.26	3.69909e-05
100.28	3.67697e-05
100.3	3.65499e-05
100.32	3.63317e-05
100.34	3.6115e-05
100.36	3.58997e-05
100.38	3.56858e-05
100.4	3.54734e-05
100.42	3.52624e-05
100.44	3.50529e-05
100.46	3.48448e-05
100.48	3.4638e-05
100.5	3.44327e-05
100.52	3.42287e-05
100.54	3.40262e-05
100.56	3.38249e-05
100.58	3.36251e-05
100.6	3.34265e-05
100.62	3.32294e-05
100.64	3.30335e-05
100.66	3.28389e-05
100.68	3.26457e-05
100.7	3.24538e-05
100.72	3.22631e-05
100.74	3.20737e-05
100.76	3.18856e-05
100.78	3.16988e-05
100.8	3.15132e-05
100.82	3.13288e-05
100.84	3.11457e-05
100.86	3.09638e-05
100.88	3.07831e-05
100.9	3.06037e-05
100.92	3.04254e-05
100.94	3.02483e-05
100.96	3.00724e-05
100.98	2.98977e-05
101	2.97242e-05
101.02	2.95518e-05
101.04	2.93805e-05
101.06	2.92104e-05
101.08	2.90415e-05
101.1	2.88736e-05
101.12	2.87069e-05
101.14	2.85413e-05
101.16	2.83768e-05
101.18	2.82134e-05
101.2	2.80511e-05
101.22	2.78898e-05
101.24	2.77296e-05
101.26	2.75705e-05
101.28	2.74125e-05
101.3	2.72555e-05
101.32	2.70995e-05
101.34	2.69446e-05
101.36	2.67907e-05
101.38	2.66379e-05
101.4	2.6486e-05
101.42	2.63352e-05
101.44	2.61853e-05
101.46	2.60365e-05
101.48	2.58886e-05
101.5	2.57417e-05
101.52	2.55958e-05
101.54	2.54508e-05
101.56	2.53069e-05
101.58	2.51638e-05
101.6	2.50217e-05
101.62	2.48806e-05
101.64	2.47404e-05
101.66	2.46011e-05
101.68	2.44627e-05
101.7	2.43252e-05
101.72	2.41887e-05
101.74	2.4053e-05
101.76	2.39183e-05
101.78	2.37844e-05
101.8	2.36514e-05
101.82	2.35193e-05
101.84	2.33881e-05
101.86	2.32577e-05
101.88	2.31282e-05
101.9	2.29996e-05
101.92	2.28718e-05
101.94	2.27448e-05
101.96	2.26187e-05
101.98	2.24934e-05
102	2.23689e-05
102.02	2.22452e-05
102.04	2.21224e-05
102.06	2.20003e-05
102.08	2.18791e-05
102.1	2.17587e-05
102.12	2.1639e-05
102.14	2.15202e-05
102.16	2.14021e-05
102.18	2.12848e-05
102.2	2.11682e-05
102.22	2.10525e-05
102.24	2.09375e-05
102.26	2.08232e-05
102.28	2.07097e-05
102.3	2.05969e-05
102.32	2.04849e-05
102.34	2.03736e-05
102.36	2.0263e-05
102.38	2.01532e-05
102.4	2.00441e-05
102.42	1.99357e-05
102.44	1.9828e-05
102.46	1.9721e-05
102.48	1.96147e-05
102.5	1.95091e-05
102.52	1.94042e-05
102.54	1.93e-05
102.56	1.91964e-05
102.58	1.90936e-05
102.6	1.89914e-05
102.62	1.88898e-05
102.64	1.8789e-05
102.66	1.86888e-05
102.68	1.85892e-05
102.7	1.84903e-05
102.72	1.83921e-05
102.74	1.82944e-05
102.76	1.81975e-05
102.78	1.81011e-05
102.8	1.80054e-05
102.82	1.79103e-05
102.84	1.78158e-05
102.86	1.77219e-05
102.88	1.76287e-05
102.9	1.7536e-05
102.92	1.7444e-05
102.94	1.73525e-05
102.96	1.72617e-05
102.98	1.71714e-05
103	1.70817e-05
103.02	1.69926e-05
103.04	1.69041e-05
103.06	1.68162e-05
103.08	1.67288e-05
103.1	1.6642e-05
103.12	1.65558e-05
103.14	1.64701e-05
103.16	1.6385e-05
103.18	1.63004e-05
103.2	1.62164e-05
103.22	1.61329e-05
103.24	1.605e-05
103.26	1.59676e-05
103.28	1.58857e-05
103.3	1.58044e-05
103.32	1.57236e-05
103.34	1.56433e-05
103.36	1.55635e-05
103.38	1.54843e-05
103.4	1.54055e-05
103.42	1.53273e-05
103.44	1.52496e-05
103.46	1.51724e-05
103.48	1.50957e-05
103.5	1.50194e-05
103.52	1.49437e-05
103.54	1.48685e-05
103.56	1.47937e-05
103.58	1.47195e-05
103.6	1.46457e-05
103.62	1.45724e-05
103.64	1.44995e-05
103.66	1.44272e-05
103.68	1.43553e-05
103.7	1.42838e-05
103.72	1.42129e-05
103.74	1.41423e-05
103.76	1.40723e-05
103.78	1.40027e-05
103.8	1.39335e-05
103.82	1.38648e-05
103.84	1.37965e-05
103.86	1.37287e-05
103.88	1.36613e-05
103.9	1.35944e-05
103.92	1.35278e-05
103.94	1.34618e-05
103.96	1.33961e-05
103.98	1.33308e-05
104	1.3266e-05
104.02	1.32016e-05
104.04	1.31376e-05
104.06	1.3074e-05
104.08	1.30109e-05
104.1	1.29481e-05
104.12	1.28857e-05
104.14	1.28238e-05
104.16	1.27622e-05
104.18	1.2701e-05
104.2	1.26403e-05
104.22	1.25799e-05
104.24	1.25199e-05
104.26	1.24603e-05
104.28	1.24011e-05
104.3	1.23422e-05
104.32	1.22838e-05
104.34	1.22257e-05
104.36	1.2168e-05
104.38	1.21107e-05
104.4	1.20537e-05
104.42	1.19971e-05
104.44	1.19408e-05
104.46	1.1885e-05
104.48	1.18295e-05
104.5	1.17743e-05
104.52	1.17195e-05
104.54	1.1665e-05
104.56	1.16109e-05
104.58	1.15572e-05
104.6	1.15038e-05
104.62	1.14507e-05
104.64	1.1398e-05
104.66	1.13456e-05
104.68	1.12936e-05
104.7	1.12418e-05
104.72	1.11905e-05
104.74	1.11394e-05
104.76	1.10887e-05
104.78	1.10383e-05
104.8	1.09882e-05
104.82	1.09385e-05
104.84	1.08891e-05
104.86	1.084e-05
104.88	1.07912e-05
104.9	1.07427e-05
104.92	1.06945e-05
104.94	1.06467e-05
104.96	1.05991e-05
104.98	1.05519e-05
105	1.0505e-05
105.02	1.04584e-05
105.04	1.0412e-05
105.06	1.0366e-05
105.08	1.03203e-05
105.1	1.02748e-05
105.12	1.02297e-05
105.14	1.01848e-05
105.16	1.01403e-05
105.18	1.0096e-05
105.2	1.0052e-05
105.22	1.00083e-05
105.24	9.96488e-06
105.26	9.92174e-06
105.28	9.87888e-06
105.3	9.8363e-06
105.32	9.79399e-06
105.34	9.75196e-06
105.36	9.71019e-06
105.38	9.6687e-06
105.4	9.62748e-06
105.42	9.58653e-06
105.44	9.54584e-06
105.46	9.50541e-06
105.48	9.46525e-06
105.5	9.42535e-06
105.52	9.38571e-06
105.54	9.34632e-06
105.56	9.30719e-06
105.58	9.26832e-06
105.6	9.2297e-06
105.62	9.19133e-06
105.64	9.15321e-06
105.66	9.11534e-06
105.68	9.07771e-06
105.7	9.04034e-06
105.72	9.0032e-06
105.74	8.96631e-06
105.76	8.92966e-06
105.78	8.89325e-06
105.8	8.85707e-06
105.82	8.82114e-06
105.84	8.78544e-06
105.86	8.74997e-06
105.88	8.71473e-06
105.9	8.67973e-06
105.92	8.64496e-06
105.94	8.61041e-06
105.96	8.57609e-06
105.98	8.542e-06
106	8.50813e-06
106.02	8.47449e-06
106.04	8.44107e-06
106.06	8.40786e-06
106.08	8.37488e-06
106.1	8.34212e-06
106.12	8.30957e-06
106.14	8.27723e-06
106.16	8.24511e-06
106.18	8.21321e-06
106.2	8.18151e-06
106.22	8.15003e-06
106.24	8.11876e-06
106.26	8.08769e-06
106.28	8.05683e-06
106.3	8.02618e-06
106.32	7.99573e-06
106.34	7.96548e-06
106.36	7.93543e-06
106.38	7.90559e-06
106.4	7.87595e-06
106.42	7.84651e-06
106.44	7.81726e-06
106.46	7.78821e-06
106.48	7.75935e-06
106.5	7.73069e-06
106.52	7.70223e-06
106.54	7.67395e-06
106.56	7.64587e-06
106.58	7.61798e-06
106.6	7.59027e-06
106.62	7.56276e-06
106.64	7.53543e-06
106.66	7.50828e-06
106.68	7.48133e-06
106.7	7.45455e-06
106.72	7.42796e-06
106.74	7.40155e-06
106.76	7.37532e-06
106.78	7.34927e-06
106.8	7.32341e-06
106.82	7.29771e-06
106.84	7.2722e-06
106.86	7.24686e-06
106.88	7.2217e-06
106.9	7.19671e-06
106.92	7.1719e-06
106.94	7.14725e-06
106.96	7.12278e-06
106.98	7.09848e-06
107	7.07435e-06
107.02	7.05039e-06
107.04	7.0266e-06
107.06	7.00297e-06
107.08	6.97951e-06
107.1	6.95622e-06
107.12	6.93309e-06
107.14	6.91013e-06
107.16	6.88733e-06
107.18	6.86469e-06
107.2	6.84221e-06
107.22	6.81989e-06
107.24	6.79773e-06
107.26	6.77573e-06
107.28	6.75389e-06
107.3	6.73221e-06
107.32	6.71068e-06
107.34	6.68931e-06
107.36	6.6681e-06
107.38	6.64704e-06
107.4	6.62613e-06
107.42	6.60538e-06
107.44	6.58478e-06
107.46	6.56433e-06
107.48	6.54403e-06
107.5	6.52389e-06
107.52	6.50389e-06
107.54	6.48404e-06
107.56	6.46434e-06
107.58	6.44479e-06
107.6	6.42538e-06
107.62	6.40612e-06
107.64	6.38701e-06
107.66	6.36804e-06
107.68	6.34921e-06
107.7	6.33053e-06
107.72	6.31199e-06
107.74	6.2936e-06
107.76	6.27534e-06
107.78	6.25723e-06
107.8	6.23926e-06
107.82	6.22143e-06
107.84	6.20374e-06
107.86	6.18619e-06
107.88	6.16877e-06
107.9	6.1515e-06
107.92	6.13436e-06
107.94	6.11736e-06
107.96	6.10049e-06
107.98	6.08376e-06
108	6.06717e-06
108.02	6.05071e-06
108.04	6.03439e-06
108.06	6.0182e-06
108.08	6.00214e-06
108.1	5.98622e-06
108.12	5.97043e-06
108.14	5.95477e-06
108.16	5.93924e-06
108.18	5.92384e-06
108.2	5.90858e-06
108.22	5.89344e-06
108.24	5.87843e-06
108.26	5.86356e-06
108.28	5.84881e-06
108.3	5.83419e-06
108.32	5.8197e-06
108.34	5.80534e-06
108.36	5.7911e-06
108.38	5.77699e-06
108.4	5.76301e-06
108.42	5.74916e-06
108.44	5.73543e-06
108.46	5.72183e-06
108.48	5.70835e-06
108.5	5.695e-06
108.52	5.68177e-06
108.54	5.66867e-06
108.56	5.65569e-06
108.58	5.64283e-06
108.6	5.6301e-06
108.62	5.61749e-06
108.64	5.60501e-06
108.66	5.59265e-06
108.68	5.58041e-06
108.7	5.56829e-06
108.72	5.5563e-06
108.74	5.54443e-06
108.76	5.53268e-06
108.78	5.52105e-06
108.8	5.50954e-06
108.82	5.49815e-06
108.84	5.48689e-06
108.86	5.47575e-06
108.88	5.46472e-06
108.9	5.45382e-06
108.92	5.44304e-06
108.94	5.43238e-06
108.96	5.42183e-06
108.98	5.41141e-06
109	5.40111e-06
109.02	5.39093e-06
109.04	5.38087e-06
109.06	5.37093e-06
109.08	5.36111e-06
109.1	5.35141e-06
109.12	5.34183e-06
109.14	5.33237e-06
109.16	5.32302e-06
109.18	5.3138e-06
109.2	5.3047e-06
109.22	5.29572e-06
109.24	5.28686e-06
109.26	5.27812e-06
109.28	5.2695e-06
109.3	5.26099e-06
109.32	5.25261e-06
109.34	5.24435e-06
109.36	5.23622e-06
109.38	5.2282e-06
109.4	5.2203e-06
109.42	5.21252e-06
109.44	5.20487e-06
109.46	5.19734e-06
109.48	5.18993e-06
109.5	5.18264e-06
109.52	5.17547e-06
109.54	5.16843e-06
109.56	5.1615e-06
109.58	5.15471e-06
109.6	5.14803e-06
109.62	5.14148e-06
109.64	5.13506e-06
109.66	5.12876e-06
109.68	5.12258e-06
109.7	5.11653e-06
109.72	5.11061e-06
109.74	5.10481e-06
109.76	5.09914e-06
109.78	5.0936e-06
109.8	5.08819e-06
109.82	5.0829e-06
109.84	5.07774e-06
109.86	5.07272e-06
109.88	5.06782e-06
109.9	5.06306e-06
109.92	5.05843e-06
109.94	5.05393e-06
109.96	5.04957e-06
109.98	5.04534e-06
110	5.04124e-06
110.02	5.03729e-06
110.04	5.03346e-06
110.06	5.02978e-06
110.08	5.02624e-06
110.1	5.02284e-06
110.12	5.01957e-06
110.14	5.01645e-06
110.16	5.01348e-06
110.18	5.01065e-06
110.2	5.00796e-06
110.22	5.00543e-06
110.24	5.00304e-06
110.26	5.0008e-06
110.28	4.99871e-06
110.3	4.99678e-06
110.32	4.995e-06
110.34	4.99338e-06
110.36	4.99192e-06
110.38	4.99062e-06
110.4	4.98948e-06
110.42	4.9885e-06
110.44	4.98769e-06
110.46	4.98705e-06
110.48	4.98657e-06
110.5	4.98627e-06
110.52	4.98615e-06
110.54	4.9862e-06
110.56	4.98644e-06
110.58	4.98685e-06
110.6	4.98746e-06
110.62	4.98825e-06
110.64	4.98923e-06
110.66	4.99041e-06
110.68	4.99179e-06
110.7	4.99337e-06
110.72	4.99515e-06
110.74	4.99715e-06
110.76	4.99936e-06
110.78	5.00179e-06
110.8	5.00444e-06
110.82	5.00732e-06
110.84	5.01043e-06
110.86	5.01378e-06
110.88	5.01738e-06
110.9	5.02122e-06
110.92	5.02532e-06
110.94	5.02969e-06
110.96	5.03432e-06
110.98	5.03923e-06
111	5.04443e-06
111.02	5.04992e-06
111.04	5.05571e-06
111.06	5.06182e-06
111.08	5.06824e-06
111.1	5.075e-06
111.12	5.08211e-06
111.14	5.08957e-06
111.16	5.09741e-06
111.18	5.10563e-06
111.2	5.11425e-06
111.22	5.1233e-06
111.24	5.13277e-06
111.26	5.14271e-06
111.28	5.15313e-06
111.3	5.16405e-06
111.32	5.1755e-06
111.34	5.18752e-06
111.36	5.20012e-06
111.38	5.21336e-06
111.4	5.22726e-06
111.42	5.24189e-06
111.44	5.25728e-06
111.46	5.27349e-06
111.48	5.29061e-06
111.5	5.30869e-06
111.52	5.32783e-06
111.54	5.34814e-06
111.56	5.36975e-06
111.58	5.3928e-06
111.6	5.41747e-06
111.62	5.44399e-06
111.64	5.47265e-06
111.66	5.5038e-06
111.68	5.53792e-06
111.7	5.57565e-06
111.72	5.61787e-06
111.74	5.6659e-06
111.76	5.72173e-06
111.78	5.78871e-06
111.8	5.87289e-06
111.82	5.98678e-06
111.84	6.16023e-06
111.86	6.47052e-06
111.88	7.09329e-06
111.9	8.36102e-06
111.92	1.06478e-05
111.94	1.43346e-05
111.96	2.01311e-05
111.98	2.87948e-05
112	4.0703e-05
112.02	5.59765e-05
112.04	7.4565e-05
112.06	9.58884e-05
112.08	0.000118651
112.1	0.000141122
112.12	0.00016165
112.14	0.000179195
112.16	0.000193469
112.18	0.000204666
112.2	0.00021316
112.22	0.000219364
112.24	0.000223704
112.26	0.000226626
112.28	0.000228556
112.3	0.000229857
112.32	0.000230806
112.34	0.0002316
112.36	0.000232369
112.38	0.000233192
112.4	0.000234111
112.42	0.000235144
112.44	0.000236296
112.46	0.000237558
112.48	0.00023892
112.5	0.000240366
112.52	0.000241879
112.54	0.000243443
112.56	0.000245043
112.58	0.000246667
112.6	0.000248301
112.62	0.000249937
112.64	0.000251565
112.66	0.00025318
112.68	0.000254775
112.7	0.000256346
112.72	0.000257889
112.74	0.000259402
112.76	0.000260883
112.78	0.000262331
112.8	0.000263745
112.82	0.000265123
112.84	0.000266467
112.86	0.000267774
112.88	0.000269046
112.9	0.000270283
112.92	0.000271484
112.94	0.00027265
112.96	0.000273781
112.98	0.000274876
113	0.000275937
113.02	0.000276963
113.04	0.000277955
113.06	0.000278912
113.08	0.000279834
113.1	0.000280721
113.12	0.000281573
113.14	0.000282391
113.16	0.000283174
113.18	0.000283921
113.2	0.000284633
113.22	0.00028531
113.24	0.000285951
113.26	0.000286556
113.28	0.000287124
113.3	0.000287657
113.32	0.000288153
113.34	0.000288613
113.36	0.000289035
113.38	0.000289421
113.4	0.000289769
113.42	0.000290081
113.44	0.000290355
113.46	0.000290592
113.48	0.000290792
113.5	0.000290954
113.52	0.000291079
113.54	0.000291167
113.56	0.000291218
113.58	0.000291232
113.6	0.000291209
113.62	0.00029115
113.64	0.000291055
113.66	0.000290923
113.68	0.000290756
113.7	0.000290554
113.72	0.000290316
113.74	0.000290044
113.76	0.000289738
113.78	0.000289398
113.8	0.000289024
113.82	0.000288618
113.84	0.00028818
113.86	0.00028771
113.88	0.000287208
113.9	0.000286676
113.92	0.000286114
113.94	0.000285523
113.96	0.000284902
113.98	0.000284254
114	0.000283578
114.02	0.000282874
114.04	0.000282145
114.06	0.00028139
114.08	0.00028061
114.1	0.000279805
114.12	0.000278977
114.14	0.000278126
114.16	0.000277253
114.18	0.000276358
114.2	0.000275442
114.22	0.000274506
114.24	0.00027355
114.26	0.000272576
114.28	0.000271582
114.3	0.000270572
114.32	0.000269544
114.34	0.0002685
114.36	0.00026744
114.38	0.000266365
114.4	0.000265275
114.42	0.000264172
114.44	0.000263055
114.46	0.000261925
114.48	0.000260784
114.5	0.00025963
114.52	0.000258466
114.54	0.000257291
114.56	0.000256106
114.58	0.000254912
114.6	0.000253709
114.62	0.000252497
114.64	0.000251278
114.66	0.000250051
114.68	0.000248817
114.7	0.000247576
114.72	0.00024633
114.74	0.000245077
114.76	0.00024382
114.78	0.000242558
114.8	0.000241291
114.82	0.00024002
114.84	0.000238746
114.86	0.000237469
114.88	0.000236188
114.9	0.000234906
114.92	0.000233621
114.94	0.000232334
114.96	0.000231045
114.98	0.000229756
115	0.000228465
115.02	0.000227174
115.04	0.000225883
115.06	0.000224591
115.08	0.0002233
115.1	0.000222009
115.12	0.000220719
115.14	0.00021943
115.16	0.000218142
115.18	0.000216856
115.2	0.000215571
115.22	0.000214288
115.24	0.000213008
115.26	0.000211729
115.28	0.000210453
115.3	0.00020918
115.32	0.000207909
115.34	0.000206642
115.36	0.000205378
115.38	0.000204117
115.4	0.00020286
115.42	0.000201606
115.44	0.000200356
115.46	0.00019911
115.48	0.000197868
115.5	0.00019663
115.52	0.000195397
115.54	0.000194168
115.56	0.000192943
115.58	0.000191724
115.6	0.000190508
115.62	0.000189298
115.64	0.000188093
115.66	0.000186893
115.68	0.000185697
115.7	0.000184507
115.72	0.000183323
115.74	0.000182143
115.76	0.000180969
115.78	0.000179801
115.8	0.000178637
115.82	0.00017748
115.84	0.000176328
115.86	0.000175182
115.88	0.000174042
115.9	0.000172907
115.92	0.000171778
115.94	0.000170655
115.96	0.000169538
115.98	0.000168427
116	0.000167322
116.02	0.000166223
116.04	0.00016513
116.06	0.000164043
116.08	0.000162962
116.1	0.000161887
116.12	0.000160818
116.14	0.000159755
116.16	0.000158699
116.18	0.000157648
116.2	0.000156604
116.22	0.000155566
116.24	0.000154534
116.26	0.000153508
116.28	0.000152489
116.3	0.000151475
116.32	0.000150468
116.34	0.000149467
116.36	0.000148472
116.38	0.000147483
116.4	0.000146501
116.42	0.000145524
116.44	0.000144554
116.46	0.00014359
116.48	0.000142632
116.5	0.00014168
116.52	0.000140734
116.54	0.000139794
116.56	0.000138861
116.58	0.000137933
116.6	0.000137012
116.62	0.000136096
116.64	0.000135186
116.66	0.000134283
116.68	0.000133385
116.7	0.000132494
116.72	0.000131608
116.74	0.000130728
116.76	0.000129854
116.78	0.000128986
116.8	0.000128123
116.82	0.000127267
116.84	0.000126416
116.86	0.000125571
116.88	0.000124732
116.9	0.000123898
116.92	0.000123071
116.94	0.000122248
116.96	0.000121432
116.98	0.000120621
117	0.000119815
117.02	0.000119015
117.04	0.000118221
117.06	0.000117432
117.08	0.000116648
117.1	0.00011587
117.12	0.000115098
117.14	0.00011433
117.16	0.000113568
117.18	0.000112811
117.2	0.00011206
117.22	0.000111314
117.24	0.000110573
117.26	0.000109837
117.28	0.000109106
117.3	0.000108381
117.32	0.00010766
117.34	0.000106945
117.36	0.000106234
117.38	0.000105529
117.4	0.000104828
117.42	0.000104133
117.44	0.000103442
117.46	0.000102756
117.48	0.000102075
117.5	0.000101399
117.52	0.000100728
117.54	0.000100061
117.56	9.93991e-05
117.58	9.87419e-05
117.6	9.80892e-05
117.62	9.74412e-05
117.64	9.67978e-05
117.66	9.61589e-05
117.68	9.55245e-05
117.7	9.48947e-05
117.72	9.42692e-05
117.74	9.36483e-05
117.76	9.30317e-05
117.78	9.24195e-05
117.8	9.18116e-05
117.82	9.1208e-05
117.84	9.06087e-05
117.86	9.00137e-05
117.88	8.94228e-05
117.9	8.88362e-05
117.92	8.82537e-05
117.94	8.76754e-05
117.96	8.71011e-05
117.98	8.65309e-05
118	8.59648e-05
118.02	8.54027e-05
118.04	8.48445e-05
118.06	8.42903e-05
118.08	8.37401e-05
118.1	8.31937e-05
118.12	8.26512e-05
118.14	8.21126e-05
118.16	8.15778e-05
118.18	8.10467e-05
118.2	8.05195e-05
118.22	7.99959e-05
118.24	7.94761e-05
118.26	7.89599e-05
118.28	7.84474e-05
118.3	7.79385e-05
118.32	7.74333e-05
118.34	7.69315e-05
118.36	7.64334e-05
118.38	7.59387e-05
118.4	7.54476e-05
118.42	7.49599e-05
118.44	7.44757e-05
118.46	7.39949e-05
118.48	7.35175e-05
118.5	7.30434e-05
118.52	7.25727e-05
118.54	7.21053e-05
118.56	7.16412e-05
118.58	7.11804e-05
118.6	7.07228e-05
118.62	7.02684e-05
118.64	6.98172e-05
118.66	6.93692e-05
118.68	6.89244e-05
118.7	6.84827e-05
118.72	6.80441e-05
118.74	6.76085e-05
118.76	6.7176e-05
118.78	6.67466e-05
118.8	6.63201e-05
118.82	6.58967e-05
118.84	6.54762e-05
118.86	6.50587e-05
118.88	6.46441e-05
118.9	6.42324e-05
118.92	6.38236e-05
118.94	6.34176e-05
118.96	6.30145e-05
118.98	6.26142e-05
119	6.22167e-05
119.02	6.1822e-05
119.04	6.143e-05
119.06	6.10408e-05
119.08	6.06543e-05
119.1	6.02705e-05
119.12	5.98893e-05
119.14	5.95109e-05
119.16	5.9135e-05
119.18	5.87618e-05
119.2	5.83912e-05
119.22	5.80231e-05
119.24	5.76576e-05
119.26	5.72947e-05
119.28	5.69343e-05
119.3	5.65763e-05
119.32	5.62209e-05
119.34	5.58679e-05
119.36	5.55174e-05
119.38	5.51693e-05
119.4	5.48237e-05
119.42	5.44804e-05
119.44	5.41395e-05
119.46	5.3801e-05
119.48	5.34648e-05
119.5	5.31309e-05
119.52	5.27994e-05
119.54	5.24701e-05
119.56	5.21431e-05
119.58	5.18184e-05
119.6	5.14959e-05
119.62	5.11757e-05
119.64	5.08576e-05
119.66	5.05418e-05
119.68	5.02281e-05
119.7	4.99166e-05
119.72	4.96072e-05
119.74	4.93e-05
119.76	4.89949e-05
119.78	4.86919e-05
119.8	4.83909e-05
119.82	4.80921e-05
119.84	4.77952e-05
119.86	4.75005e-05
119.88	4.72077e-05
119.9	4.6917e-05
119.92	4.66282e-05
119.94	4.63415e-05
119.96	4.60567e-05
119.98	4.57738e-05
120	4.54929e-05
120.02	4.52139e-05
120.04	4.49369e-05
120.06	4.46617e-05
120.08	4.43884e-05
120.1	4.4117e-05
120.12	4.38474e-05
120.14	4.35797e-05
120.16	4.33138e-05
120.18	4.30497e-05
120.2	4.27874e-05
120.22	4.25269e-05
120.24	4.22682e-05
120.26	4.20112e-05
120.28	4.1756e-05
120.3	4.15025e-05
120.32	4.12508e-05
120.34	4.10008e-05
120.36	4.07524e-05
120.38	4.05058e-05
120.4	4.02608e-05
120.42	4.00175e-05
120.44	3.97759e-05
120.46	3.95359e-05
120.48	3.92975e-05
120.5	3.90608e-05
120.52	3.88256e-05
120.54	3.85921e-05
120.56	3.83601e-05
120.58	3.81297e-05
120.6	3.79008e-05
120.62	3.76736e-05
120.64	3.74478e-05
120.66	3.72236e-05
120.68	3.70009e-05
120.7	3.67797e-05
120.72	3.65599e-05
120.74	3.63417e-05
120.76	3.6125e-05
120.78	3.59097e-05
120.8	3.56958e-05
120.82	3.54834e-05
120.84	3.52725e-05
120.86	3.50629e-05
120.88	3.48548e-05
120.9	3.46481e-05
120.92	3.44428e-05
120.94	3.42388e-05
120.96	3.40362e-05
120.98	3.3835e-05
121	3.36351e-05
121.02	3.34366e-05
121.04	3.32394e-05
121.06	3.30436e-05
121.08	3.2849e-05
121.1	3.26558e-05
121.12	3.24638e-05
121.14	3.22732e-05
121.16	3.20838e-05
121.18	3.18957e-05
121.2	3.17088e-05
121.22	3.15232e-05
121.24	3.13389e-05
121.26	3.11558e-05
121.28	3.09739e-05
121.3	3.07932e-05
121.32	3.06137e-05
121.34	3.04355e-05
121.36	3.02584e-05
121.38	3.00825e-05
121.4	2.99078e-05
121.42	2.97342e-05
121.44	2.95618e-05
121.46	2.93906e-05
121.48	2.92205e-05
121.5	2.90515e-05
121.52	2.88836e-05
121.54	2.87169e-05
121.56	2.85513e-05
121.58	2.83868e-05
121.6	2.82234e-05
121.62	2.8061e-05
121.64	2.78998e-05
121.66	2.77396e-05
121.68	2.75805e-05
121.7	2.74224e-05
121.72	2.72654e-05
121.74	2.71095e-05
121.76	2.69545e-05
121.78	2.68006e-05
121.8	2.66478e-05
121.82	2.64959e-05
121.84	2.63451e-05
121.86	2.61952e-05
121.88	2.60463e-05
121.9	2.58985e-05
121.92	2.57516e-05
121.94	2.56056e-05
121.96	2.54607e-05
121.98	2.53167e-05
122	2.51736e-05
122.02	2.50315e-05
122.04	2.48904e-05
122.06	2.47501e-05
122.08	2.46108e-05
122.1	2.44724e-05
122.12	2.4335e-05
122.14	2.41984e-05
122.16	2.40628e-05
122.18	2.3928e-05
122.2	2.37941e-05
122.22	2.36611e-05
122.24	2.3529e-05
122.26	2.33978e-05
122.28	2.32674e-05
122.3	2.31379e-05
122.32	2.30092e-05
122.34	2.28814e-05
122.36	2.27544e-05
122.38	2.26282e-05
122.4	2.25029e-05
122.42	2.23784e-05
122.44	2.22548e-05
122.46	2.21319e-05
122.48	2.20098e-05
122.5	2.18886e-05
122.52	2.17681e-05
122.54	2.16485e-05
122.56	2.15296e-05
122.58	2.14115e-05
122.6	2.12942e-05
122.62	2.11776e-05
122.64	2.10619e-05
122.66	2.09468e-05
122.68	2.08326e-05
122.7	2.0719e-05
122.72	2.06063e-05
122.74	2.04942e-05
122.76	2.03829e-05
122.78	2.02723e-05
122.8	2.01625e-05
122.82	2.00533e-05
122.84	1.99449e-05
122.86	1.98372e-05
122.88	1.97302e-05
122.9	1.96239e-05
122.92	1.95183e-05
122.94	1.94134e-05
122.96	1.93091e-05
122.98	1.92056e-05
123	1.91027e-05
123.02	1.90005e-05
123.04	1.88989e-05
123.06	1.87981e-05
123.08	1.86978e-05
123.1	1.85983e-05
123.12	1.84993e-05
123.14	1.84011e-05
123.16	1.83034e-05
123.18	1.82064e-05
123.2	1.81101e-05
123.22	1.80143e-05
123.24	1.79192e-05
123.26	1.78247e-05
123.28	1.77308e-05
123.3	1.76376e-05
123.32	1.75449e-05
123.34	1.74528e-05
123.36	1.73614e-05
123.38	1.72705e-05
123.4	1.71802e-05
123.42	1.70905e-05
123.44	1.70014e-05
123.46	1.69129e-05
123.48	1.68249e-05
123.5	1.67375e-05
123.52	1.66507e-05
123.54	1.65645e-05
123.56	1.64788e-05
123.58	1.63936e-05
123.6	1.6309e-05
123.62	1.6225e-05
123.64	1.61415e-05
123.66	1.60586e-05
123.68	1.59761e-05
123.7	1.58943e-05
123.72	1.58129e-05
123.74	1.57321e-05
123.76	1.56518e-05
123.78	1.5572e-05
123.8	1.54927e-05
123.82	1.5414e-05
123.84	1.53357e-05
123.86	1.5258e-05
123.88	1.51808e-05
123.9	1.5104e-05
123.92	1.50278e-05
123.94	1.49521e-05
123.96	1.48768e-05
123.98	1.48021e-05
124	1.47278e-05
124.02	1.4654e-05
124.04	1.45806e-05
124.06	1.45078e-05
124.08	1.44354e-05
124.1	1.43635e-05
124.12	1.42921e-05
124.14	1.42211e-05
124.16	1.41505e-05
124.18	1.40805e-05
124.2	1.40108e-05
124.22	1.39417e-05
124.24	1.38729e-05
124.26	1.38047e-05
124.28	1.37368e-05
124.3	1.36694e-05
124.32	1.36024e-05
124.34	1.35359e-05
124.36	1.34698e-05
124.38	1.34041e-05
124.4	1.33388e-05
124.42	1.3274e-05
124.44	1.32096e-05
124.46	1.31456e-05
124.48	1.3082e-05
124.5	1.30188e-05
124.52	1.2956e-05
124.54	1.28936e-05
124.56	1.28317e-05
124.58	1.27701e-05
124.6	1.27089e-05
124.62	1.26481e-05
124.64	1.25877e-05
124.66	1.25277e-05
124.68	1.24681e-05
124.7	1.24089e-05
124.72	1.235e-05
124.74	1.22915e-05
124.76	1.22334e-05
124.78	1.21757e-05
124.8	1.21184e-05
124.82	1.20614e-05
124.84	1.20048e-05
124.86	1.19485e-05
124.88	1.18926e-05
124.9	1.18371e-05
124.92	1.17819e-05
124.94	1.17271e-05
124.96	1.16726e-05
124.98	1.16185e-05
125	1.15648e-05
125.02	1.15113e-05
125.04	1.14583e-05
125.06	1.14055e-05
125.08	1.13531e-05
125.1	1.13011e-05
125.12	1.12493e-05
125.14	1.11979e-05
125.16	1.11469e-05
125.18	1.10962e-05
125.2	1.10458e-05
125.22	1.09957e-05
125.24	1.09459e-05
125.26	1.08965e-05
125.28	1.08474e-05
125.3	1.07986e-05
125.32	1.07501e-05
125.34	1.07019e-05
125.36	1.0654e-05
125.38	1.06065e-05
125.4	1.05592e-05
125.42	1.05123e-05
125.44	1.04656e-05
125.46	1.04193e-05
125.48	1.03733e-05
125.5	1.03275e-05
125.52	1.02821e-05
125.54	1.02369e-05
125.56	1.0192e-05
125.58	1.01475e-05
125.6	1.01032e-05
125.62	1.00592e-05
125.64	1.00155e-05
125.66	9.97204e-06
125.68	9.92888e-06
125.7	9.88601e-06
125.72	9.84342e-06
125.74	9.8011e-06
125.76	9.75905e-06
125.78	9.71728e-06
125.8	9.67578e-06
125.82	9.63454e-06
125.84	9.59358e-06
125.86	9.55288e-06
125.88	9.51244e-06
125.9	9.47227e-06
125.92	9.43236e-06
125.94	9.39271e-06
125.96	9.35331e-06
125.98	9.31417e-06
126	9.27529e-06
126.02	9.23666e-06
126.04	9.19828e-06
126.06	9.16015e-06
126.08	9.12226e-06
126.1	9.08463e-06
126.12	9.04724e-06
126.14	9.0101e-06
126.16	8.9732e-06
126.18	8.93653e-06
126.2	8.90011e-06
126.22	8.86393e-06
126.24	8.82798e-06
126.26	8.79227e-06
126.28	8.7568e-06
126.3	8.72155e-06
126.32	8.68654e-06
126.34	8.65176e-06
126.36	8.6172e-06
126.38	8.58288e-06
126.4	8.54878e-06
126.42	8.5149e-06
126.44	8.48125e-06
126.46	8.44781e-06
126.48	8.4146e-06
126.5	8.38161e-06
126.52	8.34884e-06
126.54	8.31628e-06
126.56	8.28394e-06
126.58	8.25181e-06
126.6	8.2199e-06
126.62	8.1882e-06
126.64	8.15671e-06
126.66	8.12542e-06
126.68	8.09435e-06
126.7	8.06348e-06
126.72	8.03282e-06
126.74	8.00236e-06
126.76	7.97211e-06
126.78	7.94206e-06
126.8	7.91221e-06
126.82	7.88256e-06
126.84	7.85311e-06
126.86	7.82385e-06
126.88	7.7948e-06
126.9	7.76594e-06
126.92	7.73727e-06
126.94	7.7088e-06
126.96	7.68052e-06
126.98	7.65243e-06
127	7.62453e-06
127.02	7.59682e-06
127.04	7.5693e-06
127.06	7.54196e-06
127.08	7.51481e-06
127.1	7.48785e-06
127.12	7.46107e-06
127.14	7.43447e-06
127.16	7.40806e-06
127.18	7.38182e-06
127.2	7.35577e-06
127.22	7.3299e-06
127.24	7.3042e-06
127.26	7.27868e-06
127.28	7.25334e-06
127.3	7.22817e-06
127.32	7.20318e-06
127.34	7.17836e-06
127.36	7.15372e-06
127.38	7.12924e-06
127.4	7.10494e-06
127.42	7.0808e-06
127.44	7.05684e-06
127.46	7.03304e-06
127.48	7.00941e-06
127.5	6.98595e-06
127.52	6.96265e-06
127.54	6.93952e-06
127.56	6.91655e-06
127.58	6.89375e-06
127.6	6.87111e-06
127.62	6.84863e-06
127.64	6.82631e-06
127.66	6.80415e-06
127.68	6.78215e-06
127.7	6.7603e-06
127.72	6.73862e-06
127.74	6.71709e-06
127.76	6.69572e-06
127.78	6.6745e-06
127.8	6.65344e-06
127.82	6.63254e-06
127.84	6.61178e-06
127.86	6.59118e-06
127.88	6.57073e-06
127.9	6.55043e-06
127.92	6.53028e-06
127.94	6.51029e-06
127.96	6.49044e-06
127.98	6.47074e-06
128	6.45118e-06
128.02	6.43178e-06
128.04	6.41252e-06
128.06	6.3934e-06
128.08	6.37444e-06
128.1	6.35561e-06
128.12	6.33693e-06
128.14	6.3184e-06
128.16	6.3e-06
128.18	6.28175e-06
128.2	6.26364e-06
128.22	6.24567e-06
128.24	6.22784e-06
128.26	6.21015e-06
128.28	6.1926e-06
128.3	6.17519e-06
128.32	6.15792e-06
128.34	6.14078e-06
128.36	6.12378e-06
128.38	6.10692e-06
128.4	6.0902e-06
128.42	6.07361e-06
128.44	6.05715e-06
128.46	6.04083e-06
128.48	6.02465e-06
128.5	6.00859e-06
128.52	5.99267e-06
128.54	5.97689e-06
128.56	5.96123e-06
128.58	5.94571e-06
128.6	5.93032e-06
128.62	5.91506e-06
128.64	5.89993e-06
128.66	5.88493e-06
128.68	5.87006e-06
128.7	5.85532e-06
128.72	5.84071e-06
128.74	5.82622e-06
128.76	5.81187e-06
128.78	5.79764e-06
128.8	5.78354e-06
128.82	5.76956e-06
128.84	5.75572e-06
128.86	5.742e-06
128.88	5.7284e-06
128.9	5.71493e-06
128.92	5.70159e-06
128.94	5.68837e-06
128.96	5.67528e-06
128.98	5.66231e-06
129	5.64947e-06
129.02	5.63674e-06
129.04	5.62415e-06
129.06	5.61167e-06
129.08	5.59932e-06
129.1	5.5871e-06
129.12	5.57499e-06
129.14	5.56301e-06
129.16	5.55115e-06
129.18	5.53941e-06
129.2	5.5278e-06
129.22	5.5163e-06
129.24	5.50493e-06
129.26	5.49368e-06
129.28	5.48255e-06
129.3	5.47154e-06
129.32	5.46065e-06
129.34	5.44988e-06
129.36	5.43924e-06
129.38	5.42871e-06
129.4	5.41831e-06
129.42	5.40802e-06
129.44	5.39786e-06
129.46	5.38781e-06
129.48	5.37789e-06
129.5	5.36809e-06
129.52	5.35841e-06
129.54	5.34884e-06
129.56	5.3394e-06
129.58	5.33008e-06
129.6	5.32088e-06
129.62	5.3118e-06
129.64	5.30284e-06
129.66	5.294e-06
129.68	5.28528e-06
129.7	5.27668e-06
129.72	5.2682e-06
129.74	5.25984e-06
129.76	5.25161e-06
129.78	5.24349e-06
129.8	5.2355e-06
129.82	5.22763e-06
129.84	5.21988e-06
129.86	5.21225e-06
129.88	5.20474e-06
129.9	5.19736e-06
129.92	5.1901e-06
129.94	5.18296e-06
129.96	5.17594e-06
129.98	5.16905e-06
130	5.16229e-06
130.02	5.15564e-06
130.04	5.14913e-06
130.06	5.14273e-06
130.08	5.13646e-06
130.1	5.13032e-06
130.12	5.12431e-06
130.14	5.11842e-06
130.16	5.11266e-06
130.18	5.10702e-06
130.2	5.10152e-06
130.22	5.09614e-06
130.24	5.0909e-06
130.26	5.08578e-06
130.28	5.0808e-06
130.3	5.07594e-06
130.32	5.07122e-06
130.34	5.06664e-06
130.36	5.06218e-06
130.38	5.05786e-06
130.4	5.05368e-06
130.42	5.04963e-06
130.44	5.04572e-06
130.46	5.04195e-06
130.48	5.03832e-06
130.5	5.03483e-06
130.52	5.03148e-06
130.54	5.02827e-06
130.56	5.0252e-06
130.58	5.02229e-06
130.6	5.01951e-06
130.62	5.01689e-06
130.64	5.01441e-06
130.66	5.01208e-06
130.68	5.00991e-06
130.7	5.00789e-06
130.72	5.00602e-06
130.74	5.00431e-06
130.76	5.00276e-06
130.78	5.00137e-06
130.8	5.00014e-06
130.82	4.99907e-06
130.84	4.99817e-06
130.86	4.99744e-06
130.88	4.99688e-06
130.9	4.99649e-06
130.92	4.99628e-06
130.94	4.99624e-06
130.96	4.99639e-06
130.98	4.99671e-06
131	4.99722e-06
131.02	4.99792e-06
131.04	4.99882e-06
131.06	4.9999e-06
131.08	5.00119e-06
131.1	5.00267e-06
131.12	5.00437e-06
131.14	5.00627e-06
131.16	5.00838e-06
131.18	5.01072e-06
131.2	5.01327e-06
131.22	5.01606e-06
131.24	5.01907e-06
131.26	5.02233e-06
131.28	5.02582e-06
131.3	5.02957e-06
131.32	5.03357e-06
131.34	5.03783e-06
131.36	5.04236e-06
131.38	5.04717e-06
131.4	5.05226e-06
131.42	5.05764e-06
131.44	5.06332e-06
131.46	5.06932e-06
131.48	5.07563e-06
131.5	5.08228e-06
131.52	5.08927e-06
131.54	5.09662e-06
131.56	5.10433e-06
131.58	5.11243e-06
131.6	5.12092e-06
131.62	5.12983e-06
131.64	5.13918e-06
131.66	5.14898e-06
131.68	5.15925e-06
131.7	5.17003e-06
131.72	5.18133e-06
131.74	5.19318e-06
131.76	5.20562e-06
131.78	5.21869e-06
131.8	5.23241e-06
131.82	5.24684e-06
131.84	5.26203e-06
131.86	5.27804e-06
131.88	5.29492e-06
131.9	5.31276e-06
131.92	5.33164e-06
131.94	5.35166e-06
131.96	5.37295e-06
131.98	5.39565e-06
132	5.41994e-06
132.02	5.44603e-06
132.04	5.47418e-06
132.06	5.50475e-06
132.08	5.53817e-06
132.1	5.57505e-06
132.12	5.61622e-06
132.14	5.66286e-06
132.16	5.71682e-06
132.18	5.78105e-06
132.2	5.86085e-06
132.22	5.96684e-06
132.24	6.12358e-06
132.26	6.39455e-06
132.28	6.92939e-06
132.3	8.03447e-06
132.32	1.00906e-05
132.34	1.3446e-05
132.36	1.87439e-05
132.38	2.67775e-05
132.4	3.80129e-05
132.42	5.25997e-05
132.44	7.05438e-05
132.46	9.14074e-05
132.48	0.000114032
132.5	0.000136736
132.52	0.0001578
132.54	0.000176027
132.56	0.000190985
132.58	0.000202798
132.6	0.000211821
132.62	0.000218466
132.64	0.000223154
132.66	0.000226331
132.68	0.000228431
132.7	0.000229834
132.72	0.000230834
132.74	0.000231646
132.76	0.000232411
132.78	0.000233217
132.8	0.000234114
132.82	0.000235123
132.84	0.000236252
132.86	0.000237494
132.88	0.000238839
132.9	0.000240271
132.92	0.000241773
132.94	0.000243331
132.96	0.000244928
132.98	0.000246551
133	0.000248187
133.02	0.000249826
133.04	0.00025146
133.06	0.000253081
133.08	0.000254684
133.1	0.000256263
133.12	0.000257816
133.14	0.000259339
133.16	0.00026083
133.18	0.000262288
133.2	0.000263712
133.22	0.000265101
133.24	0.000266454
133.26	0.000267772
133.28	0.000269055
133.3	0.000270301
133.32	0.000271513
133.34	0.000272689
133.36	0.00027383
133.38	0.000274936
133.4	0.000276007
133.42	0.000277043
133.44	0.000278044
133.46	0.000279011
133.48	0.000279943
133.5	0.00028084
133.52	0.000281702
133.54	0.000282529
133.56	0.000283322
133.58	0.000284079
133.6	0.000284801
133.62	0.000285487
133.64	0.000286138
133.66	0.000286753
133.68	0.000287331
133.7	0.000287874
133.72	0.00028838
133.74	0.000288849
133.76	0.000289282
133.78	0.000289677
133.8	0.000290035
133.82	0.000290357
133.84	0.00029064
133.86	0.000290887
133.88	0.000291096
133.9	0.000291268
133.92	0.000291403
133.94	0.0002915
133.96	0.00029156
133.98	0.000291584
134	0.00029157
134.02	0.00029152
134.04	0.000291434
134.06	0.000291311
134.08	0.000291152
134.1	0.000290959
134.12	0.00029073
134.14	0.000290466
134.16	0.000290168
134.18	0.000289836
134.2	0.00028947
134.22	0.000289072
134.24	0.000288641
134.26	0.000288178
134.28	0.000287684
134.3	0.000287159
134.32	0.000286603
134.34	0.000286019
134.36	0.000285405
134.38	0.000284762
134.4	0.000284092
134.42	0.000283395
134.44	0.000282671
134.46	0.000281922
134.48	0.000281147
134.5	0.000280348
134.52	0.000279525
134.54	0.000278678
134.56	0.00027781
134.58	0.000276919
134.6	0.000276008
134.62	0.000275075
134.64	0.000274124
134.66	0.000273152
134.68	0.000272163
134.7	0.000271155
134.72	0.000270131
134.74	0.00026909
134.76	0.000268032
134.78	0.00026696
134.8	0.000265873
134.82	0.000264772
134.84	0.000263657
134.86	0.000262529
134.88	0.00026139
134.9	0.000260238
134.92	0.000259075
134.94	0.000257902
134.96	0.000256718
134.98	0.000255525
135	0.000254323
135.02	0.000253112
135.04	0.000251893
135.06	0.000250667
135.08	0.000249433
135.1	0.000248193
135.12	0.000246947
135.14	0.000245695
135.16	0.000244437
135.18	0.000243175
135.2	0.000241908
135.22	0.000240637
135.24	0.000239363
135.26	0.000238085
135.28	0.000236804
135.3	0.00023552
135.32	0.000234234
135.34	0.000232947
135.36	0.000231657
135.38	0.000230367
135.4	0.000229075
135.42	0.000227783
135.44	0.00022649
135.46	0.000225197
135.48	0.000223905
135.5	0.000222612
135.52	0.000221321
135.54	0.00022003
135.56	0.000218741
135.58	0.000217453
135.6	0.000216166
135.62	0.000214882
135.64	0.000213599
135.66	0.000212319
135.68	0.000211041
135.7	0.000209766
135.72	0.000208493
135.74	0.000207224
135.76	0.000205957
135.78	0.000204694
135.8	0.000203435
135.82	0.000202179
135.84	0.000200927
135.86	0.000199678
135.88	0.000198434
135.9	0.000197194
135.92	0.000195958
135.94	0.000194727
135.96	0.0001935
135.98	0.000192277
136	0.00019106
136.02	0.000189847
136.04	0.000188639
136.06	0.000187436
136.08	0.000186239
136.1	0.000185046
136.12	0.000183859
136.14	0.000182677
136.16	0.0001815
136.18	0.000180329
136.2	0.000179163
136.22	0.000178003
136.24	0.000176849
136.26	0.0001757
136.28	0.000174557
136.3	0.000173419
136.32	0.000172288
136.34	0.000171162
136.36	0.000170042
136.38	0.000168929
136.4	0.000167821
136.42	0.000166719
136.44	0.000165623
136.46	0.000164533
136.48	0.00016345
136.5	0.000162372
136.52	0.0001613
136.54	0.000160235
136.56	0.000159176
136.58	0.000158123
136.6	0.000157076
136.62	0.000156035
136.64	0.000155
136.66	0.000153972
136.68	0.000152949
136.7	0.000151933
136.72	0.000150923
136.74	0.00014992
136.76	0.000148922
136.78	0.000147931
136.8	0.000146946
136.82	0.000145966
136.84	0.000144994
136.86	0.000144027
136.88	0.000143066
136.9	0.000142112
136.92	0.000141163
136.94	0.000140221
136.96	0.000139285
136.98	0.000138354
137	0.00013743
137.02	0.000136512
137.04	0.0001356
137.06	0.000134694
137.08	0.000133794
137.1	0.000132899
137.12	0.000132011
137.14	0.000131129
137.16	0.000130252
137.18	0.000129382
137.2	0.000128517
137.22	0.000127658
137.24	0.000126805
137.26	0.000125957
137.28	0.000125116
137.3	0.00012428
137.32	0.000123449
137.34	0.000122625
137.36	0.000121806
137.38	0.000120992
137.4	0.000120184
137.42	0.000119382
137.44	0.000118585
137.46	0.000117794
137.48	0.000117008
137.5	0.000116228
137.52	0.000115453
137.54	0.000114683
137.56	0.000113919
137.58	0.00011316
137.6	0.000112406
137.62	0.000111658
137.64	0.000110915
137.66	0.000110177
137.68	0.000109444
137.7	0.000108716
137.72	0.000107994
137.74	0.000107276
137.76	0.000106563
137.78	0.000105856
137.8	0.000105153
137.82	0.000104456
137.84	0.000103763
137.86	0.000103075
137.88	0.000102392
137.9	0.000101714
137.92	0.00010104
137.94	0.000100372
137.96	9.97078e-05
137.98	9.90485e-05
138	9.83939e-05
138.02	9.77439e-05
138.04	9.70985e-05
138.06	9.64577e-05
138.08	9.58214e-05
138.1	9.51896e-05
138.12	9.45623e-05
138.14	9.39395e-05
138.16	9.3321e-05
138.18	9.27069e-05
138.2	9.20972e-05
138.22	9.14918e-05
138.24	9.08907e-05
138.26	9.02938e-05
138.28	8.97012e-05
138.3	8.91127e-05
138.32	8.85285e-05
138.34	8.79484e-05
138.36	8.73724e-05
138.38	8.68004e-05
138.4	8.62326e-05
138.42	8.56687e-05
138.44	8.51089e-05
138.46	8.4553e-05
138.48	8.40011e-05
138.5	8.3453e-05
138.52	8.29089e-05
138.54	8.23686e-05
138.56	8.18321e-05
138.58	8.12994e-05
138.6	8.07705e-05
138.62	8.02454e-05
138.64	7.9724e-05
138.66	7.92062e-05
138.68	7.86921e-05
138.7	7.81817e-05
138.72	7.76748e-05
138.74	7.71716e-05
138.76	7.66719e-05
138.78	7.61757e-05
138.8	7.56831e-05
138.82	7.51939e-05
138.84	7.47082e-05
138.86	7.42259e-05
138.88	7.3747e-05
138.9	7.32715e-05
138.92	7.27993e-05
138.94	7.23305e-05
138.96	7.18649e-05
138.98	7.14027e-05
139	7.09437e-05
139.02	7.04879e-05
139.04	7.00353e-05
139.06	6.9586e-05
139.08	6.91397e-05
139.1	6.86966e-05
139.12	6.82567e-05
139.14	6.78198e-05
139.16	6.7386e-05
139.18	6.69552e-05
139.2	6.65274e-05
139.22	6.61027e-05
139.24	6.56809e-05
139.26	6.52621e-05
139.28	6.48462e-05
139.3	6.44332e-05
139.32	6.40231e-05
139.34	6.36159e-05
139.36	6.32115e-05
139.38	6.281e-05
139.4	6.24113e-05
139.42	6.20153e-05
139.44	6.16221e-05
139.46	6.12317e-05
139.48	6.0844e-05
139.5	6.0459e-05
139.52	6.00767e-05
139.54	5.9697e-05
139.56	5.932e-05
139.58	5.89456e-05
139.6	5.85738e-05
139.62	5.82046e-05
139.64	5.7838e-05
139.66	5.74739e-05
139.68	5.71124e-05
139.7	5.67533e-05
139.72	5.63968e-05
139.74	5.60427e-05
139.76	5.56911e-05
139.78	5.5342e-05
139.8	5.49952e-05
139.82	5.46509e-05
139.84	5.43089e-05
139.86	5.39693e-05
139.88	5.36321e-05
139.9	5.32972e-05
139.92	5.29646e-05
139.94	5.26343e-05
139.96	5.23063e-05
139.98	5.19805e-05
140	5.16571e-05
140.02	5.13358e-05
140.04	5.10167e-05
140.06	5.06999e-05
140.08	5.03853e-05
140.1	5.00728e-05
140.12	4.97624e-05
140.14	4.94542e-05
140.16	4.91482e-05
140.18	4.88442e-05
140.2	4.85423e-05
140.22	4.82425e-05
140.24	4.79448e-05
140.26	4.76491e-05
140.28	4.73554e-05
140.3	4.70637e-05
140.32	4.67741e-05
140.34	4.64864e-05
140.36	4.62007e-05
140.38	4.5917e-05
140.4	4.56352e-05
140.42	4.53553e-05
140.44	4.50774e-05
140.46	4.48013e-05
140.48	4.45272e-05
140.5	4.42549e-05
140.52	4.39845e-05
140.54	4.37159e-05
140.56	4.34492e-05
140.58	4.31842e-05
140.6	4.29211e-05
140.62	4.26598e-05
140.64	4.24003e-05
140.66	4.21425e-05
140.68	4.18865e-05
140.7	4.16322e-05
140.72	4.13797e-05
140.74	4.11289e-05
140.76	4.08798e-05
140.78	4.06323e-05
140.8	4.03866e-05
140.82	4.01425e-05
140.84	3.99001e-05
140.86	3.96594e-05
140.88	3.94202e-05
140.9	3.91827e-05
140.92	3.89468e-05
140.94	3.87125e-05
140.96	3.84798e-05
140.98	3.82487e-05
141	3.80191e-05
141.02	3.77911e-05
141.04	3.75646e-05
141.06	3.73397e-05
141.08	3.71163e-05
141.1	3.68944e-05
141.12	3.6674e-05
141.14	3.64551e-05
141.16	3.62376e-05
141.18	3.60216e-05
141.2	3.58071e-05
141.22	3.55941e-05
141.24	3.53824e-05
141.26	3.51722e-05
141.28	3.49634e-05
141.3	3.4756e-05
141.32	3.455e-05
141.34	3.43454e-05
141.36	3.41422e-05
141.38	3.39404e-05
141.4	3.37399e-05
141.42	3.35407e-05
141.44	3.33429e-05
141.46	3.31464e-05
141.48	3.29512e-05
141.5	3.27574e-05
141.52	3.25648e-05
141.54	3.23735e-05
141.56	3.21836e-05
141.58	3.19948e-05
141.6	3.18074e-05
141.62	3.16212e-05
141.64	3.14363e-05
141.66	3.12526e-05
141.68	3.10701e-05
141.7	3.08888e-05
141.72	3.07088e-05
141.74	3.05299e-05
141.76	3.03523e-05
141.78	3.01758e-05
141.8	3.00005e-05
141.82	2.98264e-05
141.84	2.96535e-05
141.86	2.94817e-05
141.88	2.9311e-05
141.9	2.91415e-05
141.92	2.89731e-05
141.94	2.88059e-05
141.96	2.86397e-05
141.98	2.84747e-05
142	2.83107e-05
142.02	2.81479e-05
142.04	2.79861e-05
142.06	2.78254e-05
142.08	2.76658e-05
142.1	2.75072e-05
142.12	2.73497e-05
142.14	2.71933e-05
142.16	2.70378e-05
142.18	2.68834e-05
142.2	2.67301e-05
142.22	2.65777e-05
142.24	2.64264e-05
142.26	2.6276e-05
142.28	2.61267e-05
142.3	2.59783e-05
142.32	2.58309e-05
142.34	2.56845e-05
142.36	2.55391e-05
142.38	2.53947e-05
142.4	2.52511e-05
142.42	2.51086e-05
142.44	2.4967e-05
142.46	2.48263e-05
142.48	2.46865e-05
142.5	2.45477e-05
142.52	2.44098e-05
142.54	2.42728e-05
142.56	2.41367e-05
142.58	2.40015e-05
142.6	2.38671e-05
142.62	2.37337e-05
142.64	2.36012e-05
142.66	2.34695e-05
142.68	2.33387e-05
142.7	2.32087e-05
142.72	2.30797e-05
142.74	2.29514e-05
142.76	2.2824e-05
142.78	2.26975e-05
142.8	2.25717e-05
142.82	2.24468e-05
142.84	2.23228e-05
142.86	2.21995e-05
142.88	2.20771e-05
142.9	2.19554e-05
142.92	2.18346e-05
142.94	2.17145e-05
142.96	2.15952e-05
142.98	2.14768e-05
143	2.13591e-05
143.02	2.12421e-05
143.04	2.1126e-05
143.06	2.10105e-05
143.08	2.08959e-05
143.1	2.0782e-05
143.12	2.06689e-05
143.14	2.05564e-05
143.16	2.04448e-05
143.18	2.03338e-05
143.2	2.02236e-05
143.22	2.01141e-05
143.24	2.00053e-05
143.26	1.98973e-05
143.28	1.97899e-05
143.3	1.96833e-05
143.32	1.95773e-05
143.34	1.9472e-05
143.36	1.93674e-05
143.38	1.92635e-05
143.4	1.91603e-05
143.42	1.90578e-05
143.44	1.89559e-05
143.46	1.88547e-05
143.48	1.87541e-05
143.5	1.86542e-05
143.52	1.8555e-05
143.54	1.84564e-05
143.56	1.83584e-05
143.58	1.82611e-05
143.6	1.81644e-05
143.62	1.80684e-05
143.64	1.79729e-05
143.66	1.78781e-05
143.68	1.77839e-05
143.7	1.76903e-05
143.72	1.75974e-05
143.74	1.7505e-05
143.76	1.74132e-05
143.78	1.7322e-05
143.8	1.72315e-05
143.82	1.71415e-05
143.84	1.70521e-05
143.86	1.69632e-05
143.88	1.6875e-05
143.9	1.67873e-05
143.92	1.67002e-05
143.94	1.66137e-05
143.96	1.65277e-05
143.98	1.64422e-05
144	1.63574e-05
144.02	1.62731e-05
144.04	1.61893e-05
144.06	1.6106e-05
144.08	1.60234e-05
144.1	1.59412e-05
144.12	1.58596e-05
144.14	1.57785e-05
144.16	1.56979e-05
144.18	1.56178e-05
144.2	1.55383e-05
144.22	1.54593e-05
144.24	1.53808e-05
144.26	1.53028e-05
144.28	1.52253e-05
144.3	1.51483e-05
144.32	1.50718e-05
144.34	1.49958e-05
144.36	1.49203e-05
144.38	1.48453e-05
144.4	1.47707e-05
144.42	1.46967e-05
144.44	1.46231e-05
144.46	1.455e-05
144.48	1.44774e-05
144.5	1.44052e-05
144.52	1.43335e-05
144.54	1.42623e-05
144.56	1.41915e-05
144.58	1.41212e-05
144.6	1.40514e-05
144.62	1.39819e-05
144.64	1.3913e-05
144.66	1.38445e-05
144.68	1.37764e-05
144.7	1.37088e-05
144.72	1.36416e-05
144.74	1.35748e-05
144.76	1.35084e-05
144.78	1.34425e-05
144.8	1.3377e-05
144.82	1.3312e-05
144.84	1.32473e-05
144.86	1.31831e-05
144.88	1.31193e-05
144.9	1.30559e-05
144.92	1.29929e-05
144.94	1.29303e-05
144.96	1.28681e-05
144.98	1.28063e-05
145	1.27449e-05
145.02	1.26839e-05
145.04	1.26233e-05
145.06	1.25631e-05
145.08	1.25033e-05
145.1	1.24439e-05
145.12	1.23848e-05
145.14	1.23261e-05
145.16	1.22678e-05
145.18	1.22099e-05
145.2	1.21523e-05
145.22	1.20951e-05
145.24	1.20383e-05
145.26	1.19819e-05
145.28	1.19258e-05
145.3	1.18701e-05
145.32	1.18147e-05
145.34	1.17597e-05
145.36	1.1705e-05
145.38	1.16507e-05
145.4	1.15968e-05
145.42	1.15431e-05
145.44	1.14899e-05
145.46	1.1437e-05
145.48	1.13844e-05
145.5	1.13321e-05
145.52	1.12802e-05
145.54	1.12287e-05
145.56	1.11774e-05
145.58	1.11265e-05
145.6	1.10759e-05
145.62	1.10257e-05
145.64	1.09757e-05
145.66	1.09261e-05
145.68	1.08768e-05
145.7	1.08278e-05
145.72	1.07792e-05
145.74	1.07308e-05
145.76	1.06828e-05
145.78	1.06351e-05
145.8	1.05876e-05
145.82	1.05405e-05
145.84	1.04937e-05
145.86	1.04472e-05
145.88	1.0401e-05
145.9	1.03551e-05
145.92	1.03095e-05
145.94	1.02641e-05
145.96	1.02191e-05
145.98	1.01744e-05
146	1.01299e-05
146.02	1.00858e-05
146.04	1.00419e-05
146.06	9.9983e-06
146.08	9.95499e-06
146.1	9.91195e-06
146.12	9.8692e-06
146.14	9.82672e-06
146.16	9.78452e-06
146.18	9.7426e-06
146.2	9.70094e-06
146.22	9.65955e-06
146.24	9.61843e-06
146.26	9.57758e-06
146.28	9.53699e-06
146.3	9.49667e-06
146.32	9.45661e-06
146.34	9.41681e-06
146.36	9.37726e-06
146.38	9.33797e-06
146.4	9.29894e-06
146.42	9.26016e-06
146.44	9.22164e-06
146.46	9.18336e-06
146.48	9.14534e-06
146.5	9.10756e-06
146.52	9.07003e-06
146.54	9.03274e-06
146.56	8.9957e-06
146.58	8.9589e-06
146.6	8.92233e-06
146.62	8.88601e-06
146.64	8.84993e-06
146.66	8.81408e-06
146.68	8.77846e-06
146.7	8.74308e-06
146.72	8.70793e-06
146.74	8.67301e-06
146.76	8.63832e-06
146.78	8.60386e-06
146.8	8.56962e-06
146.82	8.53561e-06
146.84	8.50183e-06
146.86	8.46826e-06
146.88	8.43492e-06
146.9	8.4018e-06
146.92	8.36889e-06
146.94	8.3362e-06
146.96	8.30373e-06
146.98	8.27148e-06
147	8.23943e-06
147.02	8.2076e-06
147.04	8.17598e-06
147.06	8.14458e-06
147.08	8.11337e-06
147.1	8.08238e-06
147.12	8.05159e-06
147.14	8.02101e-06
147.16	7.99063e-06
147.18	7.96046e-06
147.2	7.93049e-06
147.22	7.90071e-06
147.24	7.87114e-06
147.26	7.84176e-06
147.28	7.81259e-06
147.3	7.7836e-06
147.32	7.75482e-06
147.34	7.72622e-06
147.36	7.69782e-06
147.38	7.66961e-06
147.4	7.64159e-06
147.42	7.61377e-06
147.44	7.58613e-06
147.46	7.55867e-06
147.48	7.53141e-06
147.5	7.50433e-06
147.52	7.47743e-06
147.54	7.45072e-06
147.56	7.42419e-06
147.58	7.39784e-06
147.6	7.37167e-06
147.62	7.34568e-06
147.64	7.31987e-06
147.66	7.29424e-06
147.68	7.26878e-06
147.7	7.2435e-06
147.72	7.2184e-06
147.74	7.19347e-06
147.76	7.16871e-06
147.78	7.14412e-06
147.8	7.11971e-06
147.82	7.09546e-06
147.84	7.07139e-06
147.86	7.04748e-06
147.88	7.02374e-06
147.9	7.00017e-06
147.92	6.97676e-06
147.94	6.95352e-06
147.96	6.93045e-06
147.98	6.90753e-06
148	6.88478e-06
148.02	6.86219e-06
148.04	6.83977e-06
148.06	6.8175e-06
148.08	6.79539e-06
148.1	6.77344e-06
148.12	6.75165e-06
148.14	6.73002e-06
148.16	6.70854e-06
148.18	6.68722e-06
148.2	6.66605e-06
148.22	6.64504e-06
148.24	6.62418e-06
148.26	6.60347e-06
148.28	6.58292e-06
148.3	6.56252e-06
148.32	6.54226e-06
148.34	6.52216e-06
148.36	6.50221e-06
148.38	6.4824e-06
148.4	6.46275e-06
148.42	6.44324e-06
148.44	6.42387e-06
148.46	6.40466e-06
148.48	6.38559e-06
148.5	6.36666e-06
148.52	6.34788e-06
148.54	6.32924e-06
148.56	6.31074e-06
148.58	6.29239e-06
148.6	6.27418e-06
148.62	6.25611e-06
148.64	6.23817e-06
148.66	6.22038e-06
148.68	6.20273e-06
148.7	6.18522e-06
148.72	6.16785e-06
148.74	6.15061e-06
148.76	6.13351e-06
148.78	6.11655e-06
148.8	6.09972e-06
148.82	6.08303e-06
148.84	6.06647e-06
148.86	6.05005e-06
148.88	6.03377e-06
148.9	6.01761e-06
148.92	6.00159e-06
148.94	5.9857e-06
148.96	5.96995e-06
148.98	5.95433e-06
149	5.93883e-06
149.02	5.92347e-06
149.04	5.90824e-06
149.06	5.89314e-06
149.08	5.87817e-06
149.1	5.86333e-06
149.12	5.84861e-06
149.14	5.83403e-06
149.16	5.81957e-06
149.18	5.80524e-06
149.2	5.79104e-06
149.22	5.77697e-06
149.24	5.76302e-06
149.26	5.7492e-06
149.28	5.7355e-06
149.3	5.72193e-06
149.32	5.70849e-06
149.34	5.69517e-06
149.36	5.68197e-06
149.38	5.6689e-06
149.4	5.65595e-06
149.42	5.64313e-06
149.44	5.63043e-06
149.46	5.61785e-06
149.48	5.6054e-06
149.5	5.59307e-06
149.52	5.58086e-06
149.54	5.56877e-06
149.56	5.55681e-06
149.58	5.54497e-06
149.6	5.53325e-06
149.62	5.52165e-06
149.64	5.51017e-06
149.66	5.49881e-06
149.68	5.48758e-06
149.7	5.47646e-06
149.72	5.46547e-06
149.74	5.4546e-06
149.76	5.44384e-06
149.78	5.43321e-06
149.8	5.4227e-06
149.82	5.4123e-06
149.84	5.40203e-06
149.86	5.39188e-06
149.88	5.38185e-06
149.9	5.37193e-06
149.92	5.36214e-06
149.94	5.35247e-06
149.96	5.34291e-06
149.98	5.33348e-06
150	5.32417e-06
150.02	5.31497e-06
150.04	5.3059e-06
150.06	5.29694e-06
150.08	5.28811e-06
150.1	5.2794e-06
150.12	5.2708e-06
150.14	5.26233e-06
150.16	5.25398e-06
150.18	5.24574e-06
150.2	5.23763e-06
150.22	5.22964e-06
150.24	5.22177e-06
150.26	5.21402e-06
150.28	5.20639e-06
150.3	5.19889e-06
150.32	5.1915e-06
150.34	5.18424e-06
150.36	5.1771e-06
150.38	5.17009e-06
150.4	5.16319e-06
150.42	5.15642e-06
150.44	5.14977e-06
150.46	5.14325e-06
150.48	5.13685e-06
150.5	5.13058e-06
150.52	5.12443e-06
150.54	5.11841e-06
150.56	5.11251e-06
150.58	5.10674e-06
150.6	5.1011e-06
150.62	5.09559e-06
150.64	5.0902e-06
150.66	5.08494e-06
150.68	5.07981e-06
150.7	5.07482e-06
150.72	5.06995e-06
150.74	5.06522e-06
150.76	5.06061e-06
150.78	5.05614e-06
150.8	5.05181e-06
150.82	5.04761e-06
150.84	5.04354e-06
150.86	5.03961e-06
150.88	5.03582e-06
150.9	5.03217e-06
150.92	5.02866e-06
150.94	5.02528e-06
150.96	5.02205e-06
150.98	5.01896e-06
151	5.01602e-06
151.02	5.01322e-06
151.04	5.01057e-06
151.06	5.00806e-06
151.08	5.00571e-06
151.1	5.0035e-06
151.12	5.00145e-06
151.14	4.99955e-06
151.16	4.9978e-06
151.18	4.99622e-06
151.2	4.99479e-06
151.22	4.99352e-06
151.24	4.99242e-06
151.26	4.99147e-06
151.28	4.9907e-06
151.3	4.9901e-06
151.32	4.98966e-06
151.34	4.9894e-06
151.36	4.98931e-06
151.38	4.98941e-06
151.4	4.98968e-06
151.42	4.99014e-06
151.44	4.99078e-06
151.46	4.99162e-06
151.48	4.99265e-06
151.5	4.99387e-06
151.52	4.99529e-06
151.54	4.99692e-06
151.56	4.99875e-06
151.58	5.0008e-06
151.6	5.00306e-06
151.62	5.00554e-06
151.64	5.00824e-06
151.66	5.01117e-06
151.68	5.01434e-06
151.7	5.01775e-06
151.72	5.0214e-06
151.74	5.02531e-06
151.76	5.02947e-06
151.78	5.0339e-06
151.8	5.0386e-06
151.82	5.04358e-06
151.84	5.04884e-06
151.86	5.05441e-06
151.88	5.06028e-06
151.9	5.06646e-06
151.92	5.07297e-06
151.94	5.07981e-06
151.96	5.08701e-06
151.98	5.09456e-06
152	5.10249e-06
152.02	5.11081e-06
152.04	5.11954e-06
152.06	5.12869e-06
152.08	5.13828e-06
152.1	5.14834e-06
152.12	5.15889e-06
152.14	5.16994e-06
152.16	5.18154e-06
152.18	5.1937e-06
152.2	5.20647e-06
152.22	5.21988e-06
152.24	5.23397e-06
152.26	5.24879e-06
152.28	5.26439e-06
152.3	5.28084e-06
152.32	5.2982e-06
152.34	5.31656e-06
152.36	5.336e-06
152.38	5.35665e-06
152.4	5.37863e-06
152.42	5.40209e-06
152.44	5.42724e-06
152.46	5.45432e-06
152.48	5.48361e-06
152.5	5.51552e-06
152.52	5.55055e-06
152.54	5.5894e-06
152.56	5.63305e-06
152.58	5.68297e-06
152.6	5.74144e-06
152.62	5.81234e-06
152.64	5.90296e-06
152.66	6.02895e-06
152.68	6.22902e-06
152.7	6.60189e-06
152.72	7.36538e-06
152.74	8.87845e-06
152.76	1.14968e-05
152.78	1.56763e-05
152.8	2.21908e-05
152.82	3.1719e-05
152.84	4.45364e-05
152.86	6.07334e-05
152.88	8.01584e-05
152.9	0.000102031
152.92	0.000124894
152.94	0.000146978
152.96	0.000166755
152.98	0.000183401
153	0.000196796
153.02	0.000207206
153.04	0.000215027
153.06	0.000220673
153.08	0.000224578
153.1	0.000227185
153.12	0.000228909
153.14	0.000230089
153.16	0.00023098
153.18	0.000231757
153.2	0.000232535
153.22	0.000233382
153.24	0.000234332
153.26	0.000235399
153.28	0.000236583
153.3	0.000237875
153.32	0.000239262
153.34	0.000240728
153.36	0.000242257
153.38	0.000243833
153.4	0.000245441
153.42	0.000247069
153.44	0.000248705
153.46	0.00025034
153.48	0.000251965
153.5	0.000253575
153.52	0.000255163
153.54	0.000256727
153.56	0.000258262
153.58	0.000259767
153.6	0.000261239
153.62	0.000262678
153.64	0.000264082
153.66	0.000265451
153.68	0.000266784
153.7	0.000268082
153.72	0.000269345
153.74	0.000270571
153.76	0.000271763
153.78	0.000272919
153.8	0.00027404
153.82	0.000275127
153.84	0.000276178
153.86	0.000277195
153.88	0.000278177
153.9	0.000279124
153.92	0.000280037
153.94	0.000280915
153.96	0.000281758
153.98	0.000282567
154	0.00028334
154.02	0.000284078
154.04	0.000284781
154.06	0.000285448
154.08	0.000286079
154.1	0.000286675
154.12	0.000287234
154.14	0.000287757
154.16	0.000288243
154.18	0.000288693
154.2	0.000289106
154.22	0.000289482
154.24	0.000289821
154.26	0.000290123
154.28	0.000290387
154.3	0.000290615
154.32	0.000290804
154.34	0.000290957
154.36	0.000291073
154.38	0.000291151
154.4	0.000291192
154.42	0.000291197
154.44	0.000291165
154.46	0.000291096
154.48	0.000290991
154.5	0.000290851
154.52	0.000290674
154.54	0.000290463
154.56	0.000290216
154.58	0.000289935
154.6	0.00028962
154.62	0.000289272
154.64	0.00028889
154.66	0.000288475
154.68	0.000288029
154.7	0.00028755
154.72	0.000287041
154.74	0.000286501
154.76	0.000285932
154.78	0.000285332
154.8	0.000284705
154.82	0.000284049
154.84	0.000283366
154.86	0.000282656
154.88	0.00028192
154.9	0.000281158
154.92	0.000280372
154.94	0.000279562
154.96	0.000278728
154.98	0.000277871
155	0.000276992
155.02	0.000276092
155.04	0.000275171
155.06	0.00027423
155.08	0.000273269
155.1	0.00027229
155.12	0.000271292
155.14	0.000270277
155.16	0.000269245
155.18	0.000268197
155.2	0.000267134
155.22	0.000266055
155.24	0.000264962
155.26	0.000263855
155.28	0.000262735
155.3	0.000261603
155.32	0.000260458
155.34	0.000259302
155.36	0.000258135
155.38	0.000256958
155.4	0.000255771
155.42	0.000254575
155.44	0.00025337
155.46	0.000252156
155.48	0.000250935
155.5	0.000249707
155.52	0.000248471
155.54	0.000247229
155.56	0.000245982
155.58	0.000244728
155.6	0.00024347
155.62	0.000242207
155.64	0.00024094
155.66	0.000239669
155.68	0.000238394
155.7	0.000237116
155.72	0.000235835
155.74	0.000234552
155.76	0.000233267
155.78	0.00023198
155.8	0.000230692
155.82	0.000229402
155.84	0.000228112
155.86	0.000226821
155.88	0.00022553
155.9	0.000224239
155.92	0.000222948
155.94	0.000221658
155.96	0.000220368
155.98	0.00021908
156	0.000217793
156.02	0.000216507
156.04	0.000215224
156.06	0.000213942
156.08	0.000212662
156.1	0.000211385
156.12	0.00021011
156.14	0.000208838
156.16	0.000207568
156.18	0.000206302
156.2	0.000205039
156.22	0.00020378
156.24	0.000202524
156.26	0.000201271
156.28	0.000200023
156.3	0.000198778
156.32	0.000197538
156.34	0.000196302
156.36	0.00019507
156.38	0.000193842
156.4	0.000192619
156.42	0.000191401
156.44	0.000190188
156.46	0.000188979
156.48	0.000187775
156.5	0.000186577
156.52	0.000185383
156.54	0.000184195
156.56	0.000183012
156.58	0.000181835
156.6	0.000180662
156.62	0.000179496
156.64	0.000178334
156.66	0.000177179
156.68	0.000176029
156.7	0.000174884
156.72	0.000173746
156.74	0.000172613
156.76	0.000171486
156.78	0.000170365
156.8	0.00016925
156.82	0.000168141
156.84	0.000167038
156.86	0.00016594
156.88	0.000164849
156.9	0.000163764
156.92	0.000162685
156.94	0.000161612
156.96	0.000160545
156.98	0.000159484
157	0.00015843
157.02	0.000157381
157.04	0.000156339
157.06	0.000155303
157.08	0.000154273
157.1	0.000153249
157.12	0.000152231
157.14	0.00015122
157.16	0.000150214
157.18	0.000149215
157.2	0.000148222
157.22	0.000147236
157.24	0.000146255
157.26	0.00014528
157.28	0.000144312
157.3	0.00014335
157.32	0.000142394
157.34	0.000141443
157.36	0.0001405
157.38	0.000139562
157.4	0.00013863
157.42	0.000137704
157.44	0.000136784
157.46	0.000135871
157.48	0.000134963
157.5	0.000134061
157.52	0.000133165
157.54	0.000132275
157.56	0.000131391
157.58	0.000130513
157.6	0.000129641
157.62	0.000128775
157.64	0.000127914
157.66	0.000127059
157.68	0.00012621
157.7	0.000125367
157.72	0.000124529
157.74	0.000123698
157.76	0.000122871
157.78	0.000122051
157.8	0.000121236
157.82	0.000120427
157.84	0.000119623
157.86	0.000118824
157.88	0.000118032
157.9	0.000117244
157.92	0.000116462
157.94	0.000115686
157.96	0.000114915
157.98	0.000114149
158	0.000113388
158.02	0.000112633
158.04	0.000111883
158.06	0.000111139
158.08	0.000110399
158.1	0.000109665
158.12	0.000108936
158.14	0.000108212
158.16	0.000107492
158.18	0.000106778
158.2	0.00010607
158.22	0.000105365
158.24	0.000104666
158.26	0.000103972
158.28	0.000103283
158.3	0.000102599
158.32	0.000101919
158.34	0.000101244
158.36	0.000100574
158.38	9.99089e-05
158.4	9.92483e-05
158.42	9.85923e-05
158.44	9.7941e-05
158.46	9.72943e-05
158.48	9.66521e-05
158.5	9.60145e-05
158.52	9.53814e-05
158.54	9.47528e-05
158.56	9.41287e-05
158.58	9.35089e-05
158.6	9.28936e-05
158.62	9.22826e-05
158.64	9.16759e-05
158.66	9.10735e-05
158.68	9.04754e-05
158.7	8.98815e-05
158.72	8.92919e-05
158.74	8.87064e-05
158.76	8.81251e-05
158.78	8.75479e-05
158.8	8.69747e-05
158.82	8.64057e-05
158.84	8.58406e-05
158.86	8.52796e-05
158.88	8.47226e-05
158.9	8.41695e-05
158.92	8.36203e-05
158.94	8.3075e-05
158.96	8.25336e-05
158.98	8.1996e-05
159	8.14622e-05
159.02	8.09322e-05
159.04	8.04059e-05
159.06	7.98834e-05
159.08	7.93645e-05
159.1	7.88493e-05
159.12	7.83378e-05
159.14	7.78299e-05
159.16	7.73256e-05
159.18	7.68248e-05
159.2	7.63276e-05
159.22	7.58339e-05
159.24	7.53437e-05
159.26	7.48569e-05
159.28	7.43736e-05
159.3	7.38937e-05
159.32	7.34172e-05
159.34	7.2944e-05
159.36	7.24742e-05
159.38	7.20077e-05
159.4	7.15444e-05
159.42	7.10845e-05
159.44	7.06277e-05
159.46	7.01742e-05
159.48	6.97238e-05
159.5	6.92767e-05
159.52	6.88326e-05
159.54	6.83917e-05
159.56	6.79539e-05
159.58	6.75192e-05
159.6	6.70875e-05
159.62	6.66588e-05
159.64	6.62331e-05
159.66	6.58105e-05
159.68	6.53907e-05
159.7	6.4974e-05
159.72	6.45601e-05
159.74	6.41491e-05
159.76	6.37411e-05
159.78	6.33358e-05
159.8	6.29334e-05
159.82	6.25338e-05
159.84	6.2137e-05
159.86	6.1743e-05
159.88	6.13517e-05
159.9	6.09632e-05
159.92	6.05774e-05
159.94	6.01942e-05
159.96	5.98138e-05
159.98	5.94359e-05
160	5.90607e-05
160.02	5.86882e-05
160.04	5.83182e-05
160.06	5.79508e-05
160.08	5.75859e-05
160.1	5.72236e-05
160.12	5.68638e-05
160.14	5.65065e-05
160.16	5.61517e-05
160.18	5.57993e-05
160.2	5.54494e-05
160.22	5.51019e-05
160.24	5.47568e-05
160.26	5.44141e-05
160.28	5.40738e-05
160.3	5.37358e-05
160.32	5.34002e-05
160.34	5.30669e-05
160.36	5.27359e-05
160.38	5.24072e-05
160.4	5.20807e-05
160.42	5.17565e-05
160.44	5.14346e-05
160.46	5.11149e-05
160.48	5.07973e-05
160.5	5.0482e-05
160.52	5.01689e-05
160.54	4.98578e-05
160.56	4.9549e-05
160.58	4.92423e-05
160.6	4.89376e-05
160.62	4.86351e-05
160.64	4.83346e-05
160.66	4.80363e-05
160.68	4.77399e-05
160.7	4.74456e-05
160.72	4.71533e-05
160.74	4.68631e-05
160.76	4.65748e-05
160.78	4.62885e-05
160.8	4.60041e-05
160.82	4.57217e-05
160.84	4.54412e-05
160.86	4.51627e-05
160.88	4.48861e-05
160.9	4.46113e-05
160.92	4.43384e-05
160.94	4.40674e-05
160.96	4.37983e-05
160.98	4.3531e-05
161	4.32655e-05
161.02	4.30018e-05
161.04	4.27399e-05
161.06	4.24798e-05
161.08	4.22215e-05
161.1	4.19649e-05
161.12	4.17101e-05
161.14	4.1457e-05
161.16	4.12057e-05
161.18	4.0956e-05
161.2	4.0708e-05
161.22	4.04618e-05
161.24	4.02172e-05
161.26	3.99742e-05
161.28	3.9733e-05
161.3	3.94933e-05
161.32	3.92553e-05
161.34	3.90189e-05
161.36	3.87841e-05
161.38	3.85509e-05
161.4	3.83192e-05
161.42	3.80892e-05
161.44	3.78607e-05
161.46	3.76337e-05
161.48	3.74083e-05
161.5	3.71844e-05
161.52	3.6962e-05
161.54	3.67411e-05
161.56	3.65217e-05
161.58	3.63038e-05
161.6	3.60873e-05
161.62	3.58723e-05
161.64	3.56588e-05
161.66	3.54467e-05
161.68	3.5236e-05
161.7	3.50268e-05
161.72	3.4819e-05
161.74	3.46125e-05
161.76	3.44075e-05
161.78	3.42038e-05
161.8	3.40015e-05
161.82	3.38006e-05
161.84	3.3601e-05
161.86	3.34027e-05
161.88	3.32058e-05
161.9	3.30102e-05
161.92	3.28159e-05
161.94	3.2623e-05
161.96	3.24313e-05
161.98	3.22409e-05
162	3.20517e-05
162.02	3.18639e-05
162.04	3.16773e-05
162.06	3.14919e-05
162.08	3.13078e-05
162.1	3.1125e-05
162.12	3.09433e-05
162.14	3.07629e-05
162.16	3.05836e-05
162.18	3.04056e-05
162.2	3.02287e-05
162.22	3.00531e-05
162.24	2.98786e-05
162.26	2.97052e-05
162.28	2.95331e-05
162.3	2.9362e-05
162.32	2.91922e-05
162.34	2.90234e-05
162.36	2.88558e-05
162.38	2.86893e-05
162.4	2.85239e-05
162.42	2.83596e-05
162.44	2.81963e-05
162.46	2.80342e-05
162.48	2.78732e-05
162.5	2.77132e-05
162.52	2.75543e-05
162.54	2.73964e-05
162.56	2.72396e-05
162.58	2.70838e-05
162.6	2.69291e-05
162.62	2.67754e-05
162.64	2.66227e-05
162.66	2.6471e-05
162.68	2.63203e-05
162.7	2.61707e-05
162.72	2.6022e-05
162.74	2.58743e-05
162.76	2.57276e-05
162.78	2.55818e-05
162.8	2.5437e-05
162.82	2.52932e-05
162.84	2.51503e-05
162.86	2.50084e-05
162.88	2.48674e-05
162.9	2.47273e-05
162.92	2.45882e-05
162.94	2.44499e-05
162.96	2.43126e-05
162.98	2.41762e-05
163	2.40407e-05
163.02	2.39061e-05
163.04	2.37724e-05
163.06	2.36395e-05
163.08	2.35076e-05
163.1	2.33765e-05
163.12	2.32462e-05
163.14	2.31169e-05
163.16	2.29883e-05
163.18	2.28607e-05
163.2	2.27338e-05
163.22	2.26078e-05
163.24	2.24826e-05
163.26	2.23583e-05
163.28	2.22347e-05
163.3	2.2112e-05
163.32	2.19901e-05
163.34	2.1869e-05
163.36	2.17487e-05
163.38	2.16291e-05
163.4	2.15104e-05
163.42	2.13924e-05
163.44	2.12752e-05
163.46	2.11588e-05
163.48	2.10431e-05
163.5	2.09282e-05
163.52	2.08141e-05
163.54	2.07006e-05
163.56	2.0588e-05
163.58	2.04761e-05
163.6	2.03649e-05
163.62	2.02544e-05
163.64	2.01447e-05
163.66	2.00356e-05
163.68	1.99273e-05
163.7	1.98197e-05
163.72	1.97128e-05
163.74	1.96066e-05
163.76	1.95011e-05
163.78	1.93963e-05
163.8	1.92921e-05
163.82	1.91887e-05
163.84	1.90859e-05
163.86	1.89838e-05
163.88	1.88823e-05
163.9	1.87816e-05
163.92	1.86814e-05
163.94	1.8582e-05
163.96	1.84831e-05
163.98	1.83849e-05
164	1.82874e-05
164.02	1.81905e-05
164.04	1.80942e-05
164.06	1.79986e-05
164.08	1.79035e-05
164.1	1.78091e-05
164.12	1.77153e-05
164.14	1.76221e-05
164.16	1.75295e-05
164.18	1.74376e-05
164.2	1.73462e-05
164.22	1.72554e-05
164.24	1.71652e-05
164.26	1.70756e-05
164.28	1.69865e-05
164.3	1.68981e-05
164.32	1.68102e-05
164.34	1.67229e-05
164.36	1.66361e-05
164.38	1.655e-05
164.4	1.64643e-05
164.42	1.63793e-05
164.44	1.62947e-05
164.46	1.62108e-05
164.48	1.61273e-05
164.5	1.60445e-05
164.52	1.59621e-05
164.54	1.58803e-05
164.56	1.5799e-05
164.58	1.57182e-05
164.6	1.5638e-05
164.62	1.55583e-05
164.64	1.54791e-05
164.66	1.54004e-05
164.68	1.53222e-05
164.7	1.52445e-05
164.72	1.51673e-05
164.74	1.50907e-05
164.76	1.50145e-05
164.78	1.49388e-05
164.8	1.48636e-05
164.82	1.47889e-05
164.84	1.47146e-05
164.86	1.46409e-05
164.88	1.45676e-05
164.9	1.44948e-05
164.92	1.44225e-05
164.94	1.43506e-05
164.96	1.42792e-05
164.98	1.42083e-05
165	1.41378e-05
165.02	1.40678e-05
165.04	1.39982e-05
165.06	1.39291e-05
165.08	1.38604e-05
165.1	1.37921e-05
165.12	1.37243e-05
165.14	1.3657e-05
165.16	1.359e-05
165.18	1.35235e-05
165.2	1.34575e-05
165.22	1.33918e-05
165.24	1.33266e-05
165.26	1.32618e-05
165.28	1.31974e-05
165.3	1.31334e-05
165.32	1.30699e-05
165.34	1.30067e-05
165.36	1.2944e-05
165.38	1.28816e-05
165.4	1.28197e-05
165.42	1.27581e-05
165.44	1.2697e-05
165.46	1.26362e-05
165.48	1.25759e-05
165.5	1.25159e-05
165.52	1.24563e-05
165.54	1.23971e-05
165.56	1.23382e-05
165.58	1.22798e-05
165.6	1.22217e-05
165.62	1.2164e-05
165.64	1.21067e-05
165.66	1.20497e-05
165.68	1.19931e-05
165.7	1.19369e-05
165.72	1.1881e-05
165.74	1.18255e-05
165.76	1.17704e-05
165.78	1.17156e-05
165.8	1.16611e-05
165.82	1.1607e-05
165.84	1.15533e-05
165.86	1.14999e-05
165.88	1.14468e-05
165.9	1.13941e-05
165.92	1.13417e-05
165.94	1.12897e-05
165.96	1.12379e-05
165.98	1.11866e-05
166	1.11355e-05
166.02	1.10848e-05
166.04	1.10344e-05
166.06	1.09843e-05
166.08	1.09346e-05
166.1	1.08852e-05
166.12	1.0836e-05
166.14	1.07872e-05
166.16	1.07388e-05
166.18	1.06906e-05
166.2	1.06427e-05
166.22	1.05952e-05
166.24	1.05479e-05
166.26	1.0501e-05
166.28	1.04544e-05
166.3	1.0408e-05
166.32	1.0362e-05
166.34	1.03163e-05
166.36	1.02708e-05
166.38	1.02257e-05
166.4	1.01808e-05
166.42	1.01362e-05
166.44	1.00919e-05
166.46	1.00479e-05
166.48	1.00042e-05
166.5	9.96078e-06
166.52	9.91762e-06
166.54	9.87475e-06
166.56	9.83215e-06
166.58	9.78983e-06
166.6	9.74778e-06
166.62	9.706e-06
166.64	9.66449e-06
166.66	9.62325e-06
166.68	9.58228e-06
166.7	9.54157e-06
166.72	9.50113e-06
166.74	9.46095e-06
166.76	9.42102e-06
166.78	9.38136e-06
166.8	9.34196e-06
166.82	9.30281e-06
166.84	9.26391e-06
166.86	9.22527e-06
166.88	9.18688e-06
166.9	9.14874e-06
166.92	9.11084e-06
166.94	9.07319e-06
166.96	9.03579e-06
166.98	8.99863e-06
167	8.96171e-06
167.02	8.92504e-06
167.04	8.8886e-06
167.06	8.8524e-06
167.08	8.81644e-06
167.1	8.78071e-06
167.12	8.74521e-06
167.14	8.70995e-06
167.16	8.67492e-06
167.18	8.64012e-06
167.2	8.60554e-06
167.22	8.57119e-06
167.24	8.53707e-06
167.26	8.50317e-06
167.28	8.46949e-06
167.3	8.43604e-06
167.32	8.40281e-06
167.34	8.36979e-06
167.36	8.33699e-06
167.38	8.30441e-06
167.4	8.27204e-06
167.42	8.23989e-06
167.44	8.20795e-06
167.46	8.17622e-06
167.48	8.1447e-06
167.5	8.11339e-06
167.52	8.08228e-06
167.54	8.05139e-06
167.56	8.0207e-06
167.58	7.99021e-06
167.6	7.95992e-06
167.62	7.92984e-06
167.64	7.89996e-06
167.66	7.87028e-06
167.68	7.84079e-06
167.7	7.8115e-06
167.72	7.78241e-06
167.74	7.75352e-06
167.76	7.72482e-06
167.78	7.69631e-06
167.8	7.66799e-06
167.82	7.63986e-06
167.84	7.61192e-06
167.86	7.58418e-06
167.88	7.55662e-06
167.9	7.52924e-06
167.92	7.50205e-06
167.94	7.47505e-06
167.96	7.44823e-06
167.98	7.42159e-06
168	7.39513e-06
168.02	7.36885e-06
168.04	7.34276e-06
168.06	7.31684e-06
168.08	7.2911e-06
168.1	7.26553e-06
168.12	7.24015e-06
168.14	7.21493e-06
168.16	7.18989e-06
168.18	7.16503e-06
168.2	7.14033e-06
168.22	7.11581e-06
168.24	7.09145e-06
168.26	7.06727e-06
168.28	7.04325e-06
168.3	7.01941e-06
168.32	6.99572e-06
168.34	6.97221e-06
168.36	6.94886e-06
168.38	6.92567e-06
168.4	6.90265e-06
168.42	6.87979e-06
168.44	6.85709e-06
168.46	6.83455e-06
168.48	6.81218e-06
168.5	6.78996e-06
168.52	6.7679e-06
168.54	6.746e-06
168.56	6.72425e-06
168.58	6.70266e-06
168.6	6.68123e-06
168.62	6.65995e-06
168.64	6.63883e-06
168.66	6.61786e-06
168.68	6.59704e-06
168.7	6.57637e-06
168.72	6.55586e-06
168.74	6.53549e-06
168.76	6.51528e-06
168.78	6.49521e-06
168.8	6.47529e-06
168.82	6.45552e-06
168.84	6.4359e-06
168.86	6.41642e-06
168.88	6.39709e-06
168.9	6.3779e-06
168.92	6.35886e-06
168.94	6.33996e-06
168.96	6.32121e-06
168.98	6.30259e-06
169	6.28412e-06
169.02	6.26579e-06
169.04	6.24761e-06
169.06	6.22956e-06
169.08	6.21165e-06
169.1	6.19388e-06
169.12	6.17625e-06
169.14	6.15875e-06
169.16	6.14139e-06
169.18	6.12417e-06
169.2	6.10709e-06
169.22	6.09014e-06
169.24	6.07333e-06
169.26	6.05665e-06
169.28	6.04011e-06
169.3	6.0237e-06
169.32	6.00742e-06
169.34	5.99127e-06
169.36	5.97526e-06
169.38	5.95938e-06
169.4	5.94363e-06
169.42	5.92801e-06
169.44	5.91252e-06
169.46	5.89716e-06
169.48	5.88193e-06
169.5	5.86683e-06
169.52	5.85186e-06
169.54	5.83702e-06
169.56	5.8223e-06
169.58	5.80771e-06
169.6	5.79325e-06
169.62	5.77892e-06
169.64	5.76471e-06
169.66	5.75062e-06
169.68	5.73667e-06
169.7	5.72283e-06
169.72	5.70913e-06
169.74	5.69554e-06
169.76	5.68208e-06
169.78	5.66875e-06
169.8	5.65554e-06
169.82	5.64245e-06
169.84	5.62948e-06
169.86	5.61664e-06
169.88	5.60392e-06
169.9	5.59132e-06
169.92	5.57884e-06
169.94	5.56648e-06
169.96	5.55425e-06
169.98	5.54214e-06
170	5.53014e-06
170.02	5.51827e-06
170.04	5.50652e-06
170.06	5.49489e-06
170.08	5.48337e-06
170.1	5.47198e-06
170.12	5.46071e-06
170.14	5.44956e-06
170.16	5.43853e-06
170.18	5.42761e-06
170.2	5.41682e-06
170.22	5.40614e-06
170.24	5.39558e-06
170.26	5.38514e-06
170.28	5.37482e-06
170.3	5.36462e-06
170.32	5.35454e-06
170.34	5.34457e-06
170.36	5.33472e-06
170.38	5.325e-06
170.4	5.31539e-06
170.42	5.30589e-06
170.44	5.29652e-06
170.46	5.28726e-06
170.48	5.27813e-06
170.5	5.26911e-06
170.52	5.26021e-06
170.54	5.25142e-06
170.56	5.24276e-06
170.58	5.23421e-06
170.6	5.22579e-06
170.62	5.21748e-06
170.64	5.20929e-06
170.66	5.20122e-06
170.68	5.19327e-06
170.7	5.18543e-06
170.72	5.17772e-06
170.74	5.17013e-06
170.76	5.16265e-06
170.78	5.1553e-06
170.8	5.14807e-06
170.82	5.14095e-06
170.84	5.13396e-06
170.86	5.12709e-06
170.88	5.12034e-06
170.9	5.11371e-06
170.92	5.10721e-06
170.94	5.10083e-06
170.96	5.09457e-06
170.98	5.08843e-06
171	5.08242e-06
171.02	5.07653e-06
171.04	5.07076e-06
171.06	5.06512e-06
171.08	5.05961e-06
171.1	5.05422e-06
171.12	5.04896e-06
171.14	5.04383e-06
171.16	5.03882e-06
171.18	5.03394e-06
171.2	5.02919e-06
171.22	5.02458e-06
171.24	5.02009e-06
171.26	5.01573e-06
171.28	5.01151e-06
171.3	5.00742e-06
171.32	5.00346e-06
171.34	4.99964e-06
171.36	4.99595e-06
171.38	4.9924e-06
171.4	4.98899e-06
171.42	4.98572e-06
171.44	4.98258e-06
171.46	4.97959e-06
171.48	4.97674e-06
171.5	4.97403e-06
171.52	4.97147e-06
171.54	4.96905e-06
171.56	4.96678e-06
171.58	4.96466e-06
171.6	4.96269e-06
171.62	4.96087e-06
171.64	4.95921e-06
171.66	4.9577e-06
171.68	4.95634e-06
171.7	4.95515e-06
171.72	4.95411e-06
171.74	4.95324e-06
171.76	4.95253e-06
171.78	4.95199e-06
171.8	4.95161e-06
171.82	4.95141e-06
171.84	4.95138e-06
171.86	4.95153e-06
171.88	4.95185e-06
171.9	4.95236e-06
171.92	4.95305e-06
171.94	4.95392e-06
171.96	4.95499e-06
171.98	4.95625e-06
172	4.95771e-06
172.02	4.95937e-06
172.04	4.96123e-06
172.06	4.9633e-06
172.08	4.96558e-06
172.1	4.96808e-06
172.12	4.97079e-06
172.14	4.97374e-06
172.16	4.97691e-06
172.18	4.98032e-06
172.2	4.98398e-06
172.22	4.98788e-06
172.24	4.99203e-06
172.26	4.99644e-06
172.28	5.00112e-06
172.3	5.00608e-06
172.32	5.01131e-06
172.34	5.01684e-06
172.36	5.02267e-06
172.38	5.0288e-06
172.4	5.03526e-06
172.42	5.04204e-06
172.44	5.04916e-06
172.46	5.05664e-06
172.48	5.06449e-06
172.5	5.07272e-06
172.52	5.08134e-06
172.54	5.09038e-06
172.56	5.09985e-06
172.58	5.10977e-06
172.6	5.12016e-06
172.62	5.13106e-06
172.64	5.14247e-06
172.66	5.15444e-06
172.68	5.16699e-06
172.7	5.18017e-06
172.72	5.194e-06
172.74	5.20854e-06
172.76	5.22383e-06
172.78	5.23993e-06
172.8	5.25691e-06
172.82	5.27485e-06
172.84	5.29382e-06
172.86	5.31393e-06
172.88	5.33531e-06
172.9	5.3581e-06
172.92	5.38247e-06
172.94	5.40864e-06
172.96	5.43687e-06
172.98	5.46752e-06
173	5.50102e-06
173.02	5.53799e-06
173.04	5.57924e-06
173.06	5.626e-06
173.08	5.6801e-06
173.1	5.74454e-06
173.12	5.82469e-06
173.14	5.93137e-06
173.16	6.08971e-06
173.18	6.36475e-06
173.2	6.909e-06
173.22	8.03233e-06
173.24	1.0115e-05
173.26	1.35089e-05
173.28	1.88678e-05
173.3	2.69816e-05
173.32	3.83034e-05
173.34	5.29789e-05
173.36	7.10084e-05
173.38	9.19352e-05
173.4	0.00011458
173.42	0.000137254
173.44	0.000158244
173.46	0.000176374
173.48	0.000191236
173.5	0.000202961
173.52	0.000211911
173.54	0.000218495
173.56	0.000223136
173.58	0.000226279
173.6	0.000228357
173.62	0.000229748
173.64	0.000230744
173.66	0.000231556
173.68	0.000232324
173.7	0.000233136
173.72	0.000234038
173.74	0.000235053
173.76	0.000236186
173.78	0.000237433
173.8	0.000238782
173.82	0.000240217
173.84	0.000241722
173.86	0.000243282
173.88	0.00024488
173.9	0.000246503
173.92	0.00024814
173.94	0.000249779
173.96	0.000251413
173.98	0.000253033
174	0.000254635
174.02	0.000256214
174.04	0.000257765
174.06	0.000259287
174.08	0.000260777
174.1	0.000262233
174.12	0.000263656
174.14	0.000265043
174.16	0.000266396
174.18	0.000267712
174.2	0.000268993
174.22	0.000270239
174.24	0.000271449
174.26	0.000272624
174.28	0.000273763
174.3	0.000274868
174.32	0.000275937
174.34	0.000276972
174.36	0.000277972
174.38	0.000278937
174.4	0.000279868
174.42	0.000280764
174.44	0.000281625
174.46	0.000282451
174.48	0.000283242
174.5	0.000283998
174.52	0.000284719
174.54	0.000285404
174.56	0.000286054
174.58	0.000286667
174.6	0.000287245
174.62	0.000287786
174.64	0.000288291
174.66	0.000288759
174.68	0.00028919
174.7	0.000289585
174.72	0.000289942
174.74	0.000290262
174.76	0.000290545
174.78	0.00029079
174.8	0.000290998
174.82	0.000291169
174.84	0.000291302
174.86	0.000291399
174.88	0.000291458
174.9	0.00029148
174.92	0.000291466
174.94	0.000291415
174.96	0.000291327
174.98	0.000291203
175	0.000291044
175.02	0.000290849
175.04	0.000290619
175.06	0.000290355
175.08	0.000290055
175.1	0.000289723
175.12	0.000289356
175.14	0.000288957
175.16	0.000288525
175.18	0.000288062
175.2	0.000287567
175.22	0.000287041
175.24	0.000286485
175.26	0.000285899
175.28	0.000285285
175.3	0.000284642
175.32	0.000283971
175.34	0.000283273
175.36	0.000282549
175.38	0.000281799
175.4	0.000281023
175.42	0.000280224
175.44	0.0002794
175.46	0.000278553
175.48	0.000277684
175.5	0.000276793
175.52	0.000275881
175.54	0.000274949
175.56	0.000273996
175.58	0.000273025
175.6	0.000272035
175.62	0.000271027
175.64	0.000270003
175.66	0.000268961
175.68	0.000267904
175.7	0.000266831
175.72	0.000265744
175.74	0.000264643
175.76	0.000263528
175.78	0.0002624
175.8	0.00026126
175.82	0.000260109
175.84	0.000258946
175.86	0.000257773
175.88	0.000256589
175.9	0.000255396
175.92	0.000254194
175.94	0.000252983
175.96	0.000251764
175.98	0.000250538
176	0.000249305
176.02	0.000248065
176.04	0.000246819
176.06	0.000245567
176.08	0.00024431
176.1	0.000243048
176.12	0.000241781
176.14	0.000240511
176.16	0.000239236
176.18	0.000237959
176.2	0.000236678
176.22	0.000235395
176.24	0.000234109
176.26	0.000232822
176.28	0.000231533
176.3	0.000230243
176.32	0.000228951
176.34	0.00022766
176.36	0.000226367
176.38	0.000225075
176.4	0.000223783
176.42	0.000222491
176.44	0.0002212
176.46	0.00021991
176.48	0.000218621
176.5	0.000217333
176.52	0.000216047
176.54	0.000214763
176.56	0.000213481
176.58	0.000212201
176.6	0.000210924
176.62	0.000209649
176.64	0.000208377
176.66	0.000207108
176.68	0.000205843
176.7	0.00020458
176.72	0.000203321
176.74	0.000202066
176.76	0.000200814
176.78	0.000199567
176.8	0.000198323
176.82	0.000197083
176.84	0.000195848
176.86	0.000194617
176.88	0.000193391
176.9	0.000192169
176.92	0.000190952
176.94	0.00018974
176.96	0.000188533
176.98	0.000187331
177	0.000186134
177.02	0.000184942
177.04	0.000183755
177.06	0.000182574
177.08	0.000181398
177.1	0.000180227
177.12	0.000179062
177.14	0.000177902
177.16	0.000176749
177.18	0.0001756
177.2	0.000174458
177.22	0.000173321
177.24	0.00017219
177.26	0.000171065
177.28	0.000169946
177.3	0.000168833
177.32	0.000167726
177.34	0.000166625
177.36	0.00016553
177.38	0.00016444
177.4	0.000163357
177.42	0.00016228
177.44	0.000161209
177.46	0.000160145
177.48	0.000159086
177.5	0.000158033
177.52	0.000156987
177.54	0.000155947
177.56	0.000154913
177.58	0.000153885
177.6	0.000152863
177.62	0.000151848
177.64	0.000150838
177.66	0.000149835
177.68	0.000148838
177.7	0.000147848
177.72	0.000146863
177.74	0.000145884
177.76	0.000144912
177.78	0.000143946
177.8	0.000142986
177.82	0.000142032
177.84	0.000141084
177.86	0.000140142
177.88	0.000139207
177.9	0.000138277
177.92	0.000137353
177.94	0.000136436
177.96	0.000135524
177.98	0.000134619
178	0.000133719
178.02	0.000132825
178.04	0.000131938
178.06	0.000131056
178.08	0.00013018
178.1	0.00012931
178.12	0.000128446
178.14	0.000127587
178.16	0.000126734
178.18	0.000125888
178.2	0.000125046
178.22	0.000124211
178.24	0.000123381
178.26	0.000122557
178.28	0.000121739
178.3	0.000120926
178.32	0.000120118
178.34	0.000119317
178.36	0.00011852
178.38	0.000117729
178.4	0.000116944
178.42	0.000116164
178.44	0.00011539
178.46	0.000114621
178.48	0.000113857
178.5	0.000113098
178.52	0.000112345
178.54	0.000111597
178.56	0.000110854
178.58	0.000110117
178.6	0.000109384
178.62	0.000108657
178.64	0.000107935
178.66	0.000107218
178.68	0.000106506
178.7	0.000105798
178.72	0.000105096
178.74	0.000104399
178.76	0.000103707
178.78	0.000103019
178.8	0.000102337
178.82	0.000101659
178.84	0.000100986
178.86	0.000100318
178.88	9.9654e-05
178.9	9.89952e-05
178.92	9.8341e-05
178.94	9.76914e-05
178.96	9.70464e-05
178.98	9.64059e-05
179	9.577e-05
179.02	9.51386e-05
179.04	9.45117e-05
179.06	9.38892e-05
179.08	9.32711e-05
179.1	9.26574e-05
179.12	9.2048e-05
179.14	9.14429e-05
179.16	9.08422e-05
179.18	9.02457e-05
179.2	8.96534e-05
179.22	8.90653e-05
179.24	8.84814e-05
179.26	8.79016e-05
179.28	8.73259e-05
179.3	8.67543e-05
179.32	8.61868e-05
179.34	8.56233e-05
179.36	8.50637e-05
179.38	8.45082e-05
179.4	8.39565e-05
179.42	8.34088e-05
179.44	8.2865e-05
179.46	8.2325e-05
179.48	8.17888e-05
179.5	8.12564e-05
179.52	8.07278e-05
179.54	8.0203e-05
179.56	7.96818e-05
179.58	7.91644e-05
179.6	7.86506e-05
179.62	7.81404e-05
179.64	7.76339e-05
179.66	7.71309e-05
179.68	7.66315e-05
179.7	7.61356e-05
179.72	7.56432e-05
179.74	7.51543e-05
179.76	7.46688e-05
179.78	7.41868e-05
179.8	7.37081e-05
179.82	7.32329e-05
179.84	7.2761e-05
179.86	7.22924e-05
179.88	7.18271e-05
179.9	7.13651e-05
179.92	7.09064e-05
179.94	7.04508e-05
179.96	6.99985e-05
179.98	6.95494e-05
180	6.91034e-05
180.02	6.86605e-05
180.04	6.82208e-05
180.06	6.77841e-05
180.08	6.73505e-05
180.1	6.692e-05
180.12	6.64924e-05
180.14	6.60679e-05
180.16	6.56463e-05
180.18	6.52277e-05
180.2	6.4812e-05
180.22	6.43993e-05
180.24	6.39894e-05
180.26	6.35824e-05
180.28	6.31782e-05
180.3	6.27769e-05
180.32	6.23783e-05
180.34	6.19826e-05
180.36	6.15896e-05
180.38	6.11993e-05
180.4	6.08118e-05
180.42	6.0427e-05
180.44	6.00449e-05
180.46	5.96654e-05
180.48	5.92886e-05
180.5	5.89144e-05
180.52	5.85428e-05
180.54	5.81737e-05
180.56	5.78073e-05
180.58	5.74434e-05
180.6	5.7082e-05
180.62	5.67231e-05
180.64	5.63668e-05
180.66	5.60129e-05
180.68	5.56614e-05
180.7	5.53124e-05
180.72	5.49658e-05
180.74	5.46217e-05
180.76	5.42798e-05
180.78	5.39404e-05
180.8	5.36033e-05
180.82	5.32686e-05
180.84	5.29361e-05
180.86	5.2606e-05
180.88	5.22781e-05
180.9	5.19525e-05
180.92	5.16292e-05
180.94	5.13081e-05
180.96	5.09892e-05
180.98	5.06725e-05
181	5.0358e-05
181.02	5.00456e-05
181.04	4.97354e-05
181.06	4.94273e-05
181.08	4.91214e-05
181.1	4.88176e-05
181.12	4.85158e-05
181.14	4.82161e-05
181.16	4.79185e-05
181.18	4.76229e-05
181.2	4.73294e-05
181.22	4.70379e-05
181.24	4.67483e-05
181.26	4.64608e-05
181.28	4.61752e-05
181.3	4.58916e-05
181.32	4.56099e-05
181.34	4.53302e-05
181.36	4.50523e-05
181.38	4.47764e-05
181.4	4.45024e-05
181.42	4.42302e-05
181.44	4.39599e-05
181.46	4.36914e-05
181.48	4.34248e-05
181.5	4.31599e-05
181.52	4.28969e-05
181.54	4.26357e-05
181.56	4.23763e-05
181.58	4.21186e-05
181.6	4.18627e-05
181.62	4.16085e-05
181.64	4.13561e-05
181.66	4.11054e-05
181.68	4.08564e-05
181.7	4.0609e-05
181.72	4.03634e-05
181.74	4.01194e-05
181.76	3.98771e-05
181.78	3.96364e-05
181.8	3.93974e-05
181.82	3.91599e-05
181.84	3.89241e-05
181.86	3.86899e-05
181.88	3.84573e-05
181.9	3.82263e-05
181.92	3.79968e-05
181.94	3.77688e-05
181.96	3.75424e-05
181.98	3.73176e-05
182	3.70942e-05
182.02	3.68724e-05
182.04	3.66521e-05
182.06	3.64332e-05
182.08	3.62159e-05
182.1	3.6e-05
182.12	3.57855e-05
182.14	3.55725e-05
182.16	3.53609e-05
182.18	3.51508e-05
182.2	3.49421e-05
182.22	3.47348e-05
182.24	3.45288e-05
182.26	3.43243e-05
182.28	3.41211e-05
182.3	3.39194e-05
182.32	3.37189e-05
182.34	3.35198e-05
182.36	3.33221e-05
182.38	3.31256e-05
182.4	3.29305e-05
182.42	3.27367e-05
182.44	3.25442e-05
182.46	3.2353e-05
182.48	3.21631e-05
182.5	3.19744e-05
182.52	3.1787e-05
182.54	3.16009e-05
182.56	3.1416e-05
182.58	3.12324e-05
182.6	3.10499e-05
182.62	3.08687e-05
182.64	3.06887e-05
182.66	3.05099e-05
182.68	3.03323e-05
182.7	3.01559e-05
182.72	2.99807e-05
182.74	2.98066e-05
182.76	2.96337e-05
182.78	2.9462e-05
182.8	2.92914e-05
182.82	2.91219e-05
182.84	2.89535e-05
182.86	2.87863e-05
182.88	2.86202e-05
182.9	2.84552e-05
182.92	2.82913e-05
182.94	2.81285e-05
182.96	2.79668e-05
182.98	2.78061e-05
183	2.76465e-05
183.02	2.7488e-05
183.04	2.73305e-05
183.06	2.71741e-05
183.08	2.70187e-05
183.1	2.68643e-05
183.12	2.6711e-05
183.14	2.65587e-05
183.16	2.64074e-05
183.18	2.62571e-05
183.2	2.61078e-05
183.22	2.59594e-05
183.24	2.58121e-05
183.26	2.56657e-05
183.28	2.55203e-05
183.3	2.53759e-05
183.32	2.52324e-05
183.34	2.50899e-05
183.36	2.49483e-05
183.38	2.48076e-05
183.4	2.46679e-05
183.42	2.45291e-05
183.44	2.43912e-05
183.46	2.42542e-05
183.48	2.41181e-05
183.5	2.39829e-05
183.52	2.38487e-05
183.54	2.37153e-05
183.56	2.35827e-05
183.58	2.34511e-05
183.6	2.33203e-05
183.62	2.31904e-05
183.64	2.30613e-05
183.66	2.29331e-05
183.68	2.28057e-05
183.7	2.26791e-05
183.72	2.25534e-05
183.74	2.24286e-05
183.76	2.23045e-05
183.78	2.21813e-05
183.8	2.20588e-05
183.82	2.19372e-05
183.84	2.18164e-05
183.86	2.16963e-05
183.88	2.15771e-05
183.9	2.14586e-05
183.92	2.13409e-05
183.94	2.1224e-05
183.96	2.11078e-05
183.98	2.09924e-05
184	2.08778e-05
184.02	2.07639e-05
184.04	2.06508e-05
184.06	2.05384e-05
184.08	2.04267e-05
184.1	2.03158e-05
184.12	2.02056e-05
184.14	2.00961e-05
184.16	1.99873e-05
184.18	1.98792e-05
184.2	1.97719e-05
184.22	1.96652e-05
184.24	1.95593e-05
184.26	1.9454e-05
184.28	1.93494e-05
184.3	1.92455e-05
184.32	1.91423e-05
184.34	1.90398e-05
184.36	1.89379e-05
184.38	1.88367e-05
184.4	1.87361e-05
184.42	1.86362e-05
184.44	1.8537e-05
184.46	1.84384e-05
184.48	1.83404e-05
184.5	1.82431e-05
184.52	1.81464e-05
184.54	1.80504e-05
184.56	1.79549e-05
184.58	1.78601e-05
184.6	1.77659e-05
184.62	1.76723e-05
184.64	1.75794e-05
184.66	1.7487e-05
184.68	1.73952e-05
184.7	1.7304e-05
184.72	1.72135e-05
184.74	1.71235e-05
184.76	1.7034e-05
184.78	1.69452e-05
184.8	1.6857e-05
184.82	1.67693e-05
184.84	1.66822e-05
184.86	1.65956e-05
184.88	1.65096e-05
184.9	1.64242e-05
184.92	1.63393e-05
184.94	1.6255e-05
184.96	1.61712e-05
184.98	1.60879e-05
185	1.60052e-05
185.02	1.59231e-05
185.04	1.58414e-05
185.06	1.57603e-05
185.08	1.56798e-05
185.1	1.55997e-05
185.12	1.55201e-05
185.14	1.54411e-05
185.16	1.53626e-05
185.18	1.52846e-05
185.2	1.52071e-05
185.22	1.51301e-05
185.24	1.50536e-05
185.26	1.49775e-05
185.28	1.4902e-05
185.3	1.4827e-05
185.32	1.47524e-05
185.34	1.46784e-05
185.36	1.46048e-05
185.38	1.45317e-05
185.4	1.4459e-05
185.42	1.43868e-05
185.44	1.43151e-05
185.46	1.42439e-05
185.48	1.41731e-05
185.5	1.41028e-05
185.52	1.40329e-05
185.54	1.39634e-05
185.56	1.38945e-05
185.58	1.38259e-05
185.6	1.37578e-05
185.62	1.36902e-05
185.64	1.36229e-05
185.66	1.35562e-05
185.68	1.34898e-05
185.7	1.34239e-05
185.72	1.33584e-05
185.74	1.32933e-05
185.76	1.32286e-05
185.78	1.31643e-05
185.8	1.31005e-05
185.82	1.30371e-05
185.84	1.29741e-05
185.86	1.29114e-05
185.88	1.28492e-05
185.9	1.27874e-05
185.92	1.2726e-05
185.94	1.2665e-05
185.96	1.26043e-05
185.98	1.25441e-05
186	1.24842e-05
186.02	1.24248e-05
186.04	1.23657e-05
186.06	1.2307e-05
186.08	1.22486e-05
186.1	1.21907e-05
186.12	1.21331e-05
186.14	1.20759e-05
186.16	1.2019e-05
186.18	1.19626e-05
186.2	1.19064e-05
186.22	1.18507e-05
186.24	1.17953e-05
186.26	1.17402e-05
186.28	1.16855e-05
186.3	1.16312e-05
186.32	1.15772e-05
186.34	1.15236e-05
186.36	1.14703e-05
186.38	1.14173e-05
186.4	1.13647e-05
186.42	1.13124e-05
186.44	1.12605e-05
186.46	1.12089e-05
186.48	1.11576e-05
186.5	1.11066e-05
186.52	1.1056e-05
186.54	1.10057e-05
186.56	1.09557e-05
186.58	1.09061e-05
186.6	1.08567e-05
186.62	1.08077e-05
186.64	1.0759e-05
186.66	1.07106e-05
186.68	1.06626e-05
186.7	1.06148e-05
186.72	1.05673e-05
186.74	1.05202e-05
186.76	1.04733e-05
186.78	1.04268e-05
186.8	1.03805e-05
186.82	1.03346e-05
186.84	1.02889e-05
186.86	1.02435e-05
186.88	1.01985e-05
186.9	1.01537e-05
186.92	1.01092e-05
186.94	1.0065e-05
186.96	1.00211e-05
186.98	9.97743e-06
187	9.93407e-06
187.02	9.89099e-06
187.04	9.84819e-06
187.06	9.80567e-06
187.08	9.76342e-06
187.1	9.72144e-06
187.12	9.67973e-06
187.14	9.6383e-06
187.16	9.59713e-06
187.18	9.55623e-06
187.2	9.51559e-06
187.22	9.47521e-06
187.24	9.4351e-06
187.26	9.39524e-06
187.28	9.35565e-06
187.3	9.31631e-06
187.32	9.27722e-06
187.34	9.23839e-06
187.36	9.19981e-06
187.38	9.16148e-06
187.4	9.1234e-06
187.42	9.08556e-06
187.44	9.04798e-06
187.46	9.01063e-06
187.48	8.97353e-06
187.5	8.93667e-06
187.52	8.90005e-06
187.54	8.86367e-06
187.56	8.82752e-06
187.58	8.79162e-06
187.6	8.75594e-06
187.62	8.7205e-06
187.64	8.68529e-06
187.66	8.65031e-06
187.68	8.61556e-06
187.7	8.58103e-06
187.72	8.54673e-06
187.74	8.51266e-06
187.76	8.47881e-06
187.78	8.44518e-06
187.8	8.41177e-06
187.82	8.37858e-06
187.84	8.34561e-06
187.86	8.31286e-06
187.88	8.28032e-06
187.9	8.24799e-06
187.92	8.21588e-06
187.94	8.18398e-06
187.96	8.15229e-06
187.98	8.12082e-06
188	8.08954e-06
188.02	8.05848e-06
188.04	8.02762e-06
188.06	7.99697e-06
188.08	7.96652e-06
188.1	7.93627e-06
188.12	7.90622e-06
188.14	7.87637e-06
188.16	7.84672e-06
188.18	7.81727e-06
188.2	7.78802e-06
188.22	7.75896e-06
188.24	7.73009e-06
188.26	7.70142e-06
188.28	7.67294e-06
188.3	7.64465e-06
188.32	7.61656e-06
188.34	7.58865e-06
188.36	7.56092e-06
188.38	7.53339e-06
188.4	7.50604e-06
188.42	7.47888e-06
188.44	7.4519e-06
188.46	7.4251e-06
188.48	7.39848e-06
188.5	7.37205e-06
188.52	7.34579e-06
188.54	7.31972e-06
188.56	7.29382e-06
188.58	7.2681e-06
188.6	7.24255e-06
188.62	7.21718e-06
188.64	7.19199e-06
188.66	7.16696e-06
188.68	7.14211e-06
188.7	7.11743e-06
188.72	7.09292e-06
188.74	7.06858e-06
188.76	7.04441e-06
188.78	7.02041e-06
188.8	6.99657e-06
188.82	6.9729e-06
188.84	6.9494e-06
188.86	6.92606e-06
188.88	6.90288e-06
188.9	6.87987e-06
188.92	6.85701e-06
188.94	6.83432e-06
188.96	6.81179e-06
188.98	6.78942e-06
189	6.76721e-06
189.02	6.74515e-06
189.04	6.72325e-06
189.06	6.70151e-06
189.08	6.67992e-06
189.1	6.65849e-06
189.12	6.63722e-06
189.14	6.61609e-06
189.16	6.59512e-06
189.18	6.5743e-06
189.2	6.55363e-06
189.22	6.53311e-06
189.24	6.51274e-06
189.26	6.49252e-06
189.28	6.47245e-06
189.3	6.45253e-06
189.32	6.43275e-06
189.34	6.41312e-06
189.36	6.39363e-06
189.38	6.37429e-06
189.4	6.3551e-06
189.42	6.33604e-06
189.44	6.31713e-06
189.46	6.29837e-06
189.48	6.27974e-06
189.5	6.26126e-06
189.52	6.24291e-06
189.54	6.22471e-06
189.56	6.20664e-06
189.58	6.18872e-06
189.6	6.17093e-06
189.62	6.15328e-06
189.64	6.13577e-06
189.66	6.11839e-06
189.68	6.10115e-06
189.7	6.08404e-06
189.72	6.06707e-06
189.74	6.05024e-06
189.76	6.03353e-06
189.78	6.01697e-06
189.8	6.00053e-06
189.82	5.98423e-06
189.84	5.96805e-06
189.86	5.95201e-06
189.88	5.9361e-06
189.9	5.92032e-06
189.92	5.90467e-06
189.94	5.88915e-06
189.96	5.87376e-06
189.98	5.85849e-06
190	5.84336e-06
190.02	5.82835e-06
190.04	5.81347e-06
190.06	5.79872e-06
190.08	5.78409e-06
190.1	5.76959e-06
190.12	5.75521e-06
190.14	5.74096e-06
190.16	5.72684e-06
190.18	5.71284e-06
190.2	5.69896e-06
190.22	5.68521e-06
190.24	5.67158e-06
190.26	5.65807e-06
190.28	5.64469e-06
190.3	5.63142e-06
190.32	5.61828e-06
190.34	5.60527e-06
190.36	5.59237e-06
190.38	5.5796e-06
190.4	5.56694e-06
190.42	5.55441e-06
190.44	5.542e-06
190.46	5.5297e-06
190.48	5.51753e-06
190.5	5.50548e-06
190.52	5.49354e-06
190.54	5.48173e-06
190.56	5.47003e-06
190.58	5.45845e-06
190.6	5.447e-06
190.62	5.43566e-06
190.64	5.42443e-06
190.66	5.41333e-06
190.68	5.40234e-06
190.7	5.39148e-06
190.72	5.38072e-06
190.74	5.37009e-06
190.76	5.35957e-06
190.78	5.34918e-06
190.8	5.33889e-06
190.82	5.32873e-06
190.84	5.31868e-06
190.86	5.30875e-06
190.88	5.29893e-06
190.9	5.28924e-06
190.92	5.27966e-06
190.94	5.27019e-06
190.96	5.26084e-06
190.98	5.25161e-06
191	5.2425e-06
191.02	5.2335e-06
191.04	5.22462e-06
191.06	5.21585e-06
191.08	5.20721e-06
191.1	5.19867e-06
191.12	5.19026e-06
191.14	5.18196e-06
191.16	5.17378e-06
191.18	5.16572e-06
191.2	5.15777e-06
191.22	5.14995e-06
191.24	5.14223e-06
191.26	5.13464e-06
191.28	5.12717e-06
191.3	5.11981e-06
191.32	5.11257e-06
191.34	5.10545e-06
191.36	5.09845e-06
191.38	5.09157e-06
191.4	5.08481e-06
191.42	5.07817e-06
191.44	5.07164e-06
191.46	5.06524e-06
191.48	5.05896e-06
191.5	5.0528e-06
191.52	5.04676e-06
191.54	5.04085e-06
191.56	5.03505e-06
191.58	5.02938e-06
191.6	5.02383e-06
191.62	5.01841e-06
191.64	5.01311e-06
191.66	5.00793e-06
191.68	5.00289e-06
191.7	4.99796e-06
191.72	4.99317e-06
191.74	4.9885e-06
191.76	4.98396e-06
191.78	4.97954e-06
191.8	4.97526e-06
191.82	4.97111e-06
191.84	4.96709e-06
191.86	4.9632e-06
191.88	4.95944e-06
191.9	4.95582e-06
191.92	4.95233e-06
191.94	4.94897e-06
191.96	4.94576e-06
191.98	4.94268e-06
192	4.93974e-06
192.02	4.93694e-06
192.04	4.93428e-06
192.06	4.93176e-06
192.08	4.92939e-06
192.1	4.92716e-06
192.12	4.92508e-06
192.14	4.92314e-06
192.16	4.92136e-06
192.18	4.91973e-06
192.2	4.91824e-06
192.22	4.91692e-06
192.24	4.91574e-06
192.26	4.91473e-06
192.28	4.91387e-06
192.3	4.91318e-06
192.32	4.91265e-06
192.34	4.91229e-06
192.36	4.91209e-06
192.38	4.91206e-06
192.4	4.91221e-06
192.42	4.91253e-06
192.44	4.91303e-06
192.46	4.91371e-06
192.48	4.91457e-06
192.5	4.91562e-06
192.52	4.91686e-06
192.54	4.91829e-06
192.56	4.91992e-06
192.58	4.92175e-06
192.6	4.92378e-06
192.62	4.92602e-06
192.64	4.92847e-06
192.66	4.93114e-06
192.68	4.93402e-06
192.7	4.93713e-06
192.72	4.94048e-06
192.74	4.94406e-06
192.76	4.94788e-06
192.78	4.95194e-06
192.8	4.95626e-06
192.82	4.96084e-06
192.84	4.96569e-06
192.86	4.97081e-06
192.88	4.97622e-06
192.9	4.98192e-06
192.92	4.98791e-06
192.94	4.99422e-06
192.96	5.00084e-06
192.98	5.0078e-06
193	5.0151e-06
193.02	5.02275e-06
193.04	5.03077e-06
193.06	5.03918e-06
193.08	5.04798e-06
193.1	5.0572e-06
193.12	5.06685e-06
193.14	5.07696e-06
193.16	5.08755e-06
193.18	5.09863e-06
193.2	5.11025e-06
193.22	5.12242e-06
193.24	5.13518e-06
193.26	5.14857e-06
193.28	5.16262e-06
193.3	5.17739e-06
193.32	5.19292e-06
193.34	5.20928e-06
193.36	5.22652e-06
193.38	5.24474e-06
193.4	5.26401e-06
193.42	5.28445e-06
193.44	5.30617e-06
193.46	5.32934e-06
193.48	5.35413e-06
193.5	5.38078e-06
193.52	5.40955e-06
193.54	5.44083e-06
193.56	5.47508e-06
193.58	5.51295e-06
193.6	5.55535e-06
193.62	5.6036e-06
193.64	5.65976e-06
193.66	5.72723e-06
193.68	5.8123e-06
193.7	5.92803e-06
193.72	6.10588e-06
193.74	6.42725e-06
193.76	7.07584e-06
193.78	8.39032e-06
193.8	1.07415e-05
193.82	1.45258e-05
193.84	2.04717e-05
193.86	2.9322e-05
193.88	4.14282e-05
193.9	5.69058e-05
193.92	7.56861e-05
193.94	9.71435e-05
193.96	0.000119941
193.98	0.000142332
194	0.000162688
194.02	0.000180023
194.04	0.000194088
194.06	0.000205098
194.08	0.000213433
194.1	0.000219507
194.12	0.000223745
194.14	0.000226595
194.16	0.00022848
194.18	0.000229756
194.2	0.000230697
194.22	0.000231492
194.24	0.000232268
194.26	0.000233102
194.28	0.000234033
194.3	0.000235078
194.32	0.000236242
194.34	0.000237515
194.36	0.000238887
194.38	0.00024034
194.4	0.00024186
194.42	0.000243429
194.44	0.000245033
194.46	0.00024666
194.48	0.000248296
194.5	0.000249933
194.52	0.000251562
194.54	0.000253177
194.56	0.000254771
194.58	0.000256341
194.6	0.000257884
194.62	0.000259396
194.64	0.000260875
194.66	0.000262321
194.68	0.000263733
194.7	0.00026511
194.72	0.000266451
194.74	0.000267757
194.76	0.000269027
194.78	0.000270262
194.8	0.000271461
194.82	0.000272625
194.84	0.000273754
194.86	0.000274848
194.88	0.000275907
194.9	0.000276931
194.92	0.000277921
194.94	0.000278875
194.96	0.000279796
194.98	0.000280681
195	0.000281532
195.02	0.000282348
195.04	0.000283128
195.06	0.000283874
195.08	0.000284584
195.1	0.000285259
195.12	0.000285898
195.14	0.000286501
195.16	0.000287068
195.18	0.000287599
195.2	0.000288093
195.22	0.000288551
195.24	0.000288972
195.26	0.000289356
195.28	0.000289703
195.3	0.000290012
195.32	0.000290285
195.34	0.00029052
195.36	0.000290718
195.38	0.000290878
195.4	0.000291002
195.42	0.000291088
195.44	0.000291137
195.46	0.000291149
195.48	0.000291125
195.5	0.000291064
195.52	0.000290967
195.54	0.000290834
195.56	0.000290665
195.58	0.000290461
195.6	0.000290221
195.62	0.000289948
195.64	0.00028964
195.66	0.000289298
195.68	0.000288923
195.7	0.000288516
195.72	0.000288076
195.74	0.000287604
195.76	0.000287101
195.78	0.000286568
195.8	0.000286004
195.82	0.000285411
195.84	0.00028479
195.86	0.00028414
195.88	0.000283462
195.9	0.000282758
195.92	0.000282027
195.94	0.000281271
195.96	0.00028049
195.98	0.000279684
196	0.000278855
196.02	0.000278003
196.04	0.000277129
196.06	0.000276233
196.08	0.000275316
196.1	0.000274379
196.12	0.000273423
196.14	0.000272447
196.16	0.000271453
196.18	0.000270442
196.2	0.000269413
196.22	0.000268369
196.24	0.000267308
196.26	0.000266233
196.28	0.000265142
196.3	0.000264039
196.32	0.000262921
196.34	0.000261791
196.36	0.000260649
196.38	0.000259496
196.4	0.000258331
196.42	0.000257156
196.44	0.000255971
196.46	0.000254776
196.48	0.000253573
196.5	0.000252361
196.52	0.000251142
196.54	0.000249915
196.56	0.000248681
196.58	0.00024744
196.6	0.000246194
196.62	0.000244942
196.64	0.000243684
196.66	0.000242422
196.68	0.000241156
196.7	0.000239885
196.72	0.000238611
196.74	0.000237334
196.76	0.000236054
196.78	0.000234772
196.8	0.000233487
196.82	0.0002322
196.84	0.000230912
196.86	0.000229623
196.88	0.000228333
196.9	0.000227042
196.92	0.000225751
196.94	0.00022446
196.96	0.000223169
196.98	0.000221879
197	0.00022059
197.02	0.000219301
197.04	0.000218014
197.06	0.000216728
197.08	0.000215444
197.1	0.000214162
197.12	0.000212882
197.14	0.000211604
197.16	0.000210328
197.18	0.000209056
197.2	0.000207786
197.22	0.000206519
197.24	0.000205256
197.26	0.000203996
197.28	0.000202739
197.3	0.000201486
197.32	0.000200237
197.34	0.000198991
197.36	0.00019775
197.38	0.000196513
197.4	0.000195281
197.42	0.000194052
197.44	0.000192829
197.46	0.000191609
197.48	0.000190395
197.5	0.000189186
197.52	0.000187981
197.54	0.000186782
197.56	0.000185587
197.58	0.000184398
197.6	0.000183214
197.62	0.000182035
197.64	0.000180862
197.66	0.000179694
197.68	0.000178532
197.7	0.000177375
197.72	0.000176224
197.74	0.000175079
197.76	0.000173939
197.78	0.000172806
197.8	0.000171678
197.82	0.000170556
197.84	0.000169439
197.86	0.000168329
197.88	0.000167225
197.9	0.000166126
197.92	0.000165034
197.94	0.000163948
197.96	0.000162868
197.98	0.000161793
198	0.000160725
198.02	0.000159664
198.04	0.000158608
198.06	0.000157558
198.08	0.000156515
198.1	0.000155477
198.12	0.000154446
198.14	0.000153421
198.16	0.000152403
198.18	0.00015139
198.2	0.000150383
198.22	0.000149383
198.24	0.000148389
198.26	0.000147401
198.28	0.000146419
198.3	0.000145444
198.32	0.000144474
198.34	0.000143511
198.36	0.000142553
198.38	0.000141602
198.4	0.000140657
198.42	0.000139718
198.44	0.000138785
198.46	0.000137858
198.48	0.000136938
198.5	0.000136023
198.52	0.000135114
198.54	0.000134211
198.56	0.000133314
198.58	0.000132423
198.6	0.000131538
198.62	0.000130659
198.64	0.000129786
198.66	0.000128918
198.68	0.000128056
198.7	0.000127201
198.72	0.000126351
198.74	0.000125506
198.76	0.000124668
198.78	0.000123835
198.8	0.000123008
198.82	0.000122186
198.84	0.00012137
198.86	0.00012056
198.88	0.000119755
198.9	0.000118955
198.92	0.000118162
198.94	0.000117373
198.96	0.00011659
198.98	0.000115813
199	0.000115041
199.02	0.000114274
199.04	0.000113513
199.06	0.000112756
199.08	0.000112006
199.1	0.00011126
199.12	0.000110519
199.14	0.000109784
199.16	0.000109054
199.18	0.000108329
199.2	0.000107609
199.22	0.000106894
199.24	0.000106184
199.26	0.000105479
199.28	0.000104779
199.3	0.000104084
199.32	0.000103394
199.34	0.000102709
199.36	0.000102028
199.38	0.000101353
199.4	0.000100682
199.42	0.000100016
199.44	9.93542e-05
199.46	9.86974e-05
199.48	9.80452e-05
199.5	9.73976e-05
199.52	9.67547e-05
199.54	9.61162e-05
199.56	9.54823e-05
199.58	9.48529e-05
199.6	9.42279e-05
199.62	9.36074e-05
199.64	9.29912e-05
199.66	9.23794e-05
199.68	9.1772e-05
199.7	9.11688e-05
199.72	9.05699e-05
199.74	8.99753e-05
199.76	8.93849e-05
199.78	8.87986e-05
199.8	8.82166e-05
199.82	8.76386e-05
199.84	8.70647e-05
199.86	8.64949e-05
199.88	8.59292e-05
199.9	8.53674e-05
199.92	8.48096e-05
199.94	8.42558e-05
199.96	8.37059e-05
199.98	8.31599e-05
200	8.26178e-05
200.02	8.20795e-05
200.04	8.1545e-05
200.06	8.10143e-05
200.08	8.04874e-05
200.1	7.99641e-05
200.12	7.94446e-05
200.14	7.89288e-05
200.16	7.84166e-05
200.18	7.7908e-05
200.2	7.74031e-05
200.22	7.69017e-05
200.24	7.64038e-05
200.26	7.59094e-05
200.28	7.54186e-05
200.3	7.49312e-05
200.32	7.44473e-05
200.34	7.39667e-05
200.36	7.34896e-05
200.38	7.30158e-05
200.4	7.25454e-05
200.42	7.20782e-05
200.44	7.16144e-05
200.46	7.11538e-05
200.48	7.06965e-05
200.5	7.02424e-05
200.52	6.97915e-05
200.54	6.93437e-05
200.56	6.88991e-05
200.58	6.84576e-05
200.6	6.80192e-05
200.62	6.75839e-05
200.64	6.71517e-05
200.66	6.67225e-05
200.68	6.62962e-05
200.7	6.5873e-05
200.72	6.54528e-05
200.74	6.50354e-05
200.76	6.4621e-05
200.78	6.42096e-05
200.8	6.38009e-05
200.82	6.33952e-05
200.84	6.29923e-05
200.86	6.25922e-05
200.88	6.21949e-05
200.9	6.18003e-05
200.92	6.14085e-05
200.94	6.10195e-05
200.96	6.06332e-05
200.98	6.02495e-05
201	5.98686e-05
201.02	5.94903e-05
201.04	5.91146e-05
201.06	5.87415e-05
201.08	5.83711e-05
201.1	5.80032e-05
201.12	5.76378e-05
201.14	5.72751e-05
201.16	5.69148e-05
201.18	5.6557e-05
201.2	5.62017e-05
201.22	5.58489e-05
201.24	5.54986e-05
201.26	5.51506e-05
201.28	5.48051e-05
201.3	5.4462e-05
201.32	5.41212e-05
201.34	5.37828e-05
201.36	5.34467e-05
201.38	5.3113e-05
201.4	5.27816e-05
201.42	5.24524e-05
201.44	5.21256e-05
201.46	5.1801e-05
201.48	5.14786e-05
201.5	5.11585e-05
201.52	5.08405e-05
201.54	5.05248e-05
201.56	5.02112e-05
201.58	4.98998e-05
201.6	4.95906e-05
201.62	4.92834e-05
201.64	4.89784e-05
201.66	4.86755e-05
201.68	4.83746e-05
201.7	4.80759e-05
201.72	4.77792e-05
201.74	4.74845e-05
201.76	4.71918e-05
201.78	4.69012e-05
201.8	4.66125e-05
201.82	4.63258e-05
201.84	4.60411e-05
201.86	4.57583e-05
201.88	4.54775e-05
201.9	4.51986e-05
201.92	4.49216e-05
201.94	4.46465e-05
201.96	4.43733e-05
201.98	4.41019e-05
202	4.38324e-05
202.02	4.35648e-05
202.04	4.32989e-05
202.06	4.30349e-05
202.08	4.27727e-05
202.1	4.25122e-05
202.12	4.22536e-05
202.14	4.19967e-05
202.16	4.17415e-05
202.18	4.14881e-05
202.2	4.12364e-05
202.22	4.09865e-05
202.24	4.07382e-05
202.26	4.04916e-05
202.28	4.02467e-05
202.3	4.00034e-05
202.32	3.97618e-05
202.34	3.95219e-05
202.36	3.92835e-05
202.38	3.90468e-05
202.4	3.88117e-05
202.42	3.85782e-05
202.44	3.83463e-05
202.46	3.81159e-05
202.48	3.78871e-05
202.5	3.76598e-05
202.52	3.74341e-05
202.54	3.72099e-05
202.56	3.69872e-05
202.58	3.67661e-05
202.6	3.65464e-05
202.62	3.63282e-05
202.64	3.61115e-05
202.66	3.58962e-05
202.68	3.56824e-05
202.7	3.547e-05
202.72	3.52591e-05
202.74	3.50496e-05
202.76	3.48414e-05
202.78	3.46347e-05
202.8	3.44294e-05
202.82	3.42255e-05
202.84	3.40229e-05
202.86	3.38217e-05
202.88	3.36219e-05
202.9	3.34234e-05
202.92	3.32262e-05
202.94	3.30303e-05
202.96	3.28358e-05
202.98	3.26426e-05
203	3.24506e-05
203.02	3.226e-05
203.04	3.20706e-05
203.06	3.18825e-05
203.08	3.16957e-05
203.1	3.15101e-05
203.12	3.13257e-05
203.14	3.11426e-05
203.16	3.09607e-05
203.18	3.078e-05
203.2	3.06005e-05
203.22	3.04223e-05
203.24	3.02452e-05
203.26	3.00693e-05
203.28	2.98946e-05
203.3	2.9721e-05
203.32	2.95486e-05
203.34	2.93773e-05
203.36	2.92072e-05
203.38	2.90383e-05
203.4	2.88704e-05
203.42	2.87037e-05
203.44	2.8538e-05
203.46	2.83735e-05
203.48	2.82101e-05
203.5	2.80477e-05
203.52	2.78865e-05
203.54	2.77263e-05
203.56	2.75672e-05
203.58	2.74091e-05
203.6	2.72521e-05
203.62	2.70961e-05
203.64	2.69411e-05
203.66	2.67872e-05
203.68	2.66343e-05
203.7	2.64824e-05
203.72	2.63316e-05
203.74	2.61817e-05
203.76	2.60328e-05
203.78	2.58849e-05
203.8	2.5738e-05
203.82	2.5592e-05
203.84	2.54471e-05
203.86	2.5303e-05
203.88	2.516e-05
203.9	2.50178e-05
203.92	2.48766e-05
203.94	2.47364e-05
203.96	2.45971e-05
203.98	2.44586e-05
204	2.43212e-05
204.02	2.41846e-05
204.04	2.40489e-05
204.06	2.39141e-05
204.08	2.37802e-05
204.1	2.36471e-05
204.12	2.3515e-05
204.14	2.33837e-05
204.16	2.32533e-05
204.18	2.31237e-05
204.2	2.2995e-05
204.22	2.28672e-05
204.24	2.27402e-05
204.26	2.2614e-05
204.28	2.24886e-05
204.3	2.23641e-05
204.32	2.22404e-05
204.34	2.21175e-05
204.36	2.19954e-05
204.38	2.18741e-05
204.4	2.17536e-05
204.42	2.16339e-05
204.44	2.1515e-05
204.46	2.13969e-05
204.48	2.12795e-05
204.5	2.11629e-05
204.52	2.10471e-05
204.54	2.0932e-05
204.56	2.08177e-05
204.58	2.07041e-05
204.6	2.05913e-05
204.62	2.04792e-05
204.64	2.03679e-05
204.66	2.02573e-05
204.68	2.01474e-05
204.7	2.00382e-05
204.72	1.99297e-05
204.74	1.9822e-05
204.76	1.97149e-05
204.78	1.96085e-05
204.8	1.95029e-05
204.82	1.93979e-05
204.84	1.92936e-05
204.86	1.919e-05
204.88	1.90871e-05
204.9	1.89848e-05
204.92	1.88832e-05
204.94	1.87823e-05
204.96	1.8682e-05
204.98	1.85824e-05
205	1.84834e-05
205.02	1.83851e-05
205.04	1.82874e-05
205.06	1.81904e-05
205.08	1.8094e-05
205.1	1.79982e-05
205.12	1.7903e-05
205.14	1.78084e-05
205.16	1.77145e-05
205.18	1.76212e-05
205.2	1.75284e-05
205.22	1.74363e-05
205.24	1.73448e-05
205.26	1.72539e-05
205.28	1.71635e-05
205.3	1.70738e-05
205.32	1.69846e-05
205.34	1.6896e-05
205.36	1.6808e-05
205.38	1.67206e-05
205.4	1.66337e-05
205.42	1.65474e-05
205.44	1.64616e-05
205.46	1.63764e-05
205.48	1.62918e-05
205.5	1.62077e-05
205.52	1.61241e-05
205.54	1.60411e-05
205.56	1.59586e-05
205.58	1.58767e-05
205.6	1.57952e-05
205.62	1.57144e-05
205.64	1.5634e-05
205.66	1.55541e-05
205.68	1.54748e-05
205.7	1.5396e-05
205.72	1.53177e-05
205.74	1.52399e-05
205.76	1.51626e-05
205.78	1.50858e-05
205.8	1.50095e-05
205.82	1.49337e-05
205.84	1.48583e-05
205.86	1.47835e-05
205.88	1.47091e-05
205.9	1.46353e-05
205.92	1.45619e-05
205.94	1.44889e-05
205.96	1.44165e-05
205.98	1.43445e-05
206	1.4273e-05
206.02	1.42019e-05
206.04	1.41313e-05
206.06	1.40612e-05
206.08	1.39915e-05
206.1	1.39222e-05
206.12	1.38534e-05
206.14	1.37851e-05
206.16	1.37171e-05
206.18	1.36497e-05
206.2	1.35826e-05
206.22	1.3516e-05
206.24	1.34498e-05
206.26	1.33841e-05
206.28	1.33187e-05
206.3	1.32538e-05
206.32	1.31893e-05
206.34	1.31252e-05
206.36	1.30615e-05
206.38	1.29983e-05
206.4	1.29354e-05
206.42	1.2873e-05
206.44	1.28109e-05
206.46	1.27492e-05
206.48	1.2688e-05
206.5	1.26271e-05
206.52	1.25666e-05
206.54	1.25066e-05
206.56	1.24469e-05
206.58	1.23875e-05
206.6	1.23286e-05
206.62	1.227e-05
206.64	1.22119e-05
206.66	1.2154e-05
206.68	1.20966e-05
206.7	1.20395e-05
206.72	1.19828e-05
206.74	1.19265e-05
206.76	1.18705e-05
206.78	1.18149e-05
206.8	1.17596e-05
206.82	1.17047e-05
206.84	1.16502e-05
206.86	1.1596e-05
206.88	1.15421e-05
206.9	1.14886e-05
206.92	1.14354e-05
206.94	1.13826e-05
206.96	1.13301e-05
206.98	1.1278e-05
207	1.12261e-05
207.02	1.11747e-05
207.04	1.11235e-05
207.06	1.10727e-05
207.08	1.10222e-05
207.1	1.0972e-05
207.12	1.09222e-05
207.14	1.08726e-05
207.16	1.08234e-05
207.18	1.07745e-05
207.2	1.07259e-05
207.22	1.06777e-05
207.24	1.06297e-05
207.26	1.0582e-05
207.28	1.05347e-05
207.3	1.04877e-05
207.32	1.04409e-05
207.34	1.03945e-05
207.36	1.03483e-05
207.38	1.03025e-05
207.4	1.02569e-05
207.42	1.02117e-05
207.44	1.01667e-05
207.46	1.0122e-05
207.48	1.00776e-05
207.5	1.00335e-05
207.52	9.98972e-06
207.54	9.94618e-06
207.56	9.90292e-06
207.58	9.85994e-06
207.6	9.81724e-06
207.62	9.77481e-06
207.64	9.73266e-06
207.66	9.69078e-06
207.68	9.64917e-06
207.7	9.60782e-06
207.72	9.56675e-06
207.74	9.52594e-06
207.76	9.48539e-06
207.78	9.44511e-06
207.8	9.40508e-06
207.82	9.36532e-06
207.84	9.32581e-06
207.86	9.28655e-06
207.88	9.24755e-06
207.9	9.20881e-06
207.92	9.17031e-06
207.94	9.13206e-06
207.96	9.09407e-06
207.98	9.05631e-06
208	9.01881e-06
208.02	8.98154e-06
208.04	8.94452e-06
208.06	8.90774e-06
208.08	8.8712e-06
208.1	8.83489e-06
208.12	8.79882e-06
208.14	8.76299e-06
208.16	8.72739e-06
208.18	8.69202e-06
208.2	8.65688e-06
208.22	8.62198e-06
208.24	8.58729e-06
208.26	8.55284e-06
208.28	8.51861e-06
208.3	8.48461e-06
208.32	8.45082e-06
208.34	8.41726e-06
208.36	8.38392e-06
208.38	8.3508e-06
208.4	8.31789e-06
208.42	8.2852e-06
208.44	8.25272e-06
208.46	8.22046e-06
208.48	8.18841e-06
208.5	8.15658e-06
208.52	8.12495e-06
208.54	8.09353e-06
208.56	8.06231e-06
208.58	8.03131e-06
208.6	8.00051e-06
208.62	7.96991e-06
208.64	7.93951e-06
208.66	7.90932e-06
208.68	7.87933e-06
208.7	7.84953e-06
208.72	7.81994e-06
208.74	7.79054e-06
208.76	7.76133e-06
208.78	7.73232e-06
208.8	7.70351e-06
208.82	7.67489e-06
208.84	7.64645e-06
208.86	7.61821e-06
208.88	7.59016e-06
208.9	7.5623e-06
208.92	7.53462e-06
208.94	7.50713e-06
208.96	7.47983e-06
208.98	7.45271e-06
209	7.42577e-06
209.02	7.39901e-06
209.04	7.37244e-06
209.06	7.34604e-06
209.08	7.31983e-06
209.1	7.29379e-06
209.12	7.26793e-06
209.14	7.24224e-06
209.16	7.21673e-06
209.18	7.1914e-06
209.2	7.16624e-06
209.22	7.14125e-06
209.24	7.11643e-06
209.26	7.09179e-06
209.28	7.06731e-06
209.3	7.043e-06
209.32	7.01886e-06
209.34	6.99489e-06
209.36	6.97108e-06
209.38	6.94744e-06
209.4	6.92396e-06
209.42	6.90065e-06
209.44	6.8775e-06
209.46	6.85451e-06
209.48	6.83168e-06
209.5	6.80901e-06
209.52	6.7865e-06
209.54	6.76416e-06
209.56	6.74196e-06
209.58	6.71993e-06
209.6	6.69805e-06
209.62	6.67633e-06
209.64	6.65476e-06
209.66	6.63335e-06
209.68	6.61209e-06
209.7	6.59098e-06
209.72	6.57002e-06
209.74	6.54922e-06
209.76	6.52857e-06
209.78	6.50806e-06
209.8	6.4877e-06
209.82	6.4675e-06
209.84	6.44744e-06
209.86	6.42752e-06
209.88	6.40776e-06
209.9	6.38813e-06
209.92	6.36866e-06
209.94	6.34932e-06
209.96	6.33013e-06
209.98	6.31109e-06
210	6.29218e-06
210.02	6.27342e-06
210.04	6.2548e-06
210.06	6.23632e-06
210.08	6.21798e-06
210.1	6.19977e-06
210.12	6.18171e-06
210.14	6.16378e-06
210.16	6.146e-06
210.18	6.12834e-06
210.2	6.11083e-06
210.22	6.09345e-06
210.24	6.0762e-06
210.26	6.05909e-06
210.28	6.04212e-06
210.3	6.02527e-06
210.32	6.00856e-06
210.34	5.99199e-06
210.36	5.97554e-06
210.38	5.95923e-06
210.4	5.94304e-06
210.42	5.92699e-06
210.44	5.91107e-06
210.46	5.89527e-06
210.48	5.87961e-06
210.5	5.86407e-06
210.52	5.84867e-06
210.54	5.83339e-06
210.56	5.81823e-06
210.58	5.80321e-06
210.6	5.78831e-06
210.62	5.77353e-06
210.64	5.75888e-06
210.66	5.74436e-06
210.68	5.72996e-06
210.7	5.71569e-06
210.72	5.70154e-06
210.74	5.68751e-06
210.76	5.67361e-06
210.78	5.65982e-06
210.8	5.64617e-06
210.82	5.63263e-06
210.84	5.61921e-06
210.86	5.60592e-06
210.88	5.59275e-06
210.9	5.5797e-06
210.92	5.56677e-06
210.94	5.55396e-06
210.96	5.54126e-06
210.98	5.52869e-06
211	5.51624e-06
211.02	5.50391e-06
211.04	5.49169e-06
211.06	5.4796e-06
211.08	5.46762e-06
211.1	5.45576e-06
211.12	5.44402e-06
211.14	5.4324e-06
211.16	5.42089e-06
211.18	5.4095e-06
211.2	5.39823e-06
211.22	5.38707e-06
211.24	5.37603e-06
211.26	5.36511e-06
211.28	5.3543e-06
211.3	5.34361e-06
211.32	5.33304e-06
211.34	5.32258e-06
211.36	5.31224e-06
211.38	5.30201e-06
211.4	5.2919e-06
211.42	5.28191e-06
211.44	5.27203e-06
211.46	5.26226e-06
211.48	5.25261e-06
211.5	5.24308e-06
211.52	5.23366e-06
211.54	5.22435e-06
211.56	5.21517e-06
211.58	5.20609e-06
211.6	5.19713e-06
211.62	5.18829e-06
211.64	5.17956e-06
211.66	5.17095e-06
211.68	5.16245e-06
211.7	5.15407e-06
211.72	5.1458e-06
211.74	5.13765e-06
211.76	5.12961e-06
211.78	5.12169e-06
211.8	5.11389e-06
211.82	5.1062e-06
211.84	5.09863e-06
211.86	5.09117e-06
211.88	5.08383e-06
211.9	5.07661e-06
211.92	5.0695e-06
211.94	5.06251e-06
211.96	5.05564e-06
211.98	5.04889e-06
212	5.04225e-06
212.02	5.03574e-06
212.04	5.02934e-06
212.06	5.02306e-06
212.08	5.0169e-06
212.1	5.01086e-06
212.12	5.00493e-06
212.14	4.99913e-06
212.16	4.99345e-06
212.18	4.9879e-06
212.2	4.98246e-06
212.22	4.97714e-06
212.24	4.97195e-06
212.26	4.96688e-06
212.28	4.96194e-06
212.3	4.95712e-06
212.32	4.95243e-06
212.34	4.94786e-06
212.36	4.94341e-06
212.38	4.9391e-06
212.4	4.93491e-06
212.42	4.93085e-06
212.44	4.92692e-06
212.46	4.92312e-06
212.48	4.91946e-06
212.5	4.91592e-06
212.52	4.91252e-06
212.54	4.90925e-06
212.56	4.90611e-06
212.58	4.90311e-06
212.6	4.90025e-06
212.62	4.89753e-06
212.64	4.89494e-06
212.66	4.8925e-06
212.68	4.8902e-06
212.7	4.88804e-06
212.72	4.88602e-06
212.74	4.88415e-06
212.76	4.88243e-06
212.78	4.88086e-06
212.8	4.87943e-06
212.82	4.87816e-06
212.84	4.87705e-06
212.86	4.87608e-06
212.88	4.87528e-06
212.9	4.87463e-06
212.92	4.87415e-06
212.94	4.87383e-06
212.96	4.87367e-06
212.98	4.87369e-06
213	4.87387e-06
213.02	4.87422e-06
213.04	4.87476e-06
213.06	4.87546e-06
213.08	4.87635e-06
213.1	4.87742e-06
213.12	4.87868e-06
213.14	4.88013e-06
213.16	4.88178e-06
213.18	4.88362e-06
213.2	4.88565e-06
213.22	4.8879e-06
213.24	4.89035e-06
213.26	4.89301e-06
213.28	4.89589e-06
213.3	4.899e-06
213.32	4.90233e-06
213.34	4.90589e-06
213.36	4.90968e-06
213.38	4.91373e-06
213.4	4.91802e-06
213.42	4.92256e-06
213.44	4.92737e-06
213.46	4.93244e-06
213.48	4.9378e-06
213.5	4.94344e-06
213.52	4.94937e-06
213.54	4.9556e-06
213.56	4.96215e-06
213.58	4.96902e-06
213.6	4.97623e-06
213.62	4.98378e-06
213.64	4.9917e-06
213.66	4.99998e-06
213.68	5.00866e-06
213.7	5.01774e-06
213.72	5.02724e-06
213.74	5.03719e-06
213.76	5.0476e-06
213.78	5.0585e-06
213.8	5.0699e-06
213.82	5.08185e-06
213.84	5.09437e-06
213.86	5.10749e-06
213.88	5.12126e-06
213.9	5.13571e-06
213.92	5.1509e-06
213.94	5.16688e-06
213.96	5.18371e-06
213.98	5.20146e-06
214	5.22022e-06
214.02	5.24009e-06
214.04	5.26117e-06
214.06	5.28361e-06
214.08	5.30758e-06
214.1	5.33327e-06
214.12	5.36094e-06
214.14	5.3909e-06
214.16	5.42357e-06
214.18	5.45951e-06
214.2	5.49947e-06
214.22	5.54454e-06
214.24	5.59635e-06
214.26	5.65753e-06
214.28	5.73264e-06
214.3	5.83059e-06
214.32	5.97137e-06
214.34	6.206e-06
214.36	6.65954e-06
214.38	7.60139e-06
214.4	9.40775e-06
214.42	1.24192e-05
214.44	1.72013e-05
214.46	2.4557e-05
214.48	3.50468e-05
214.5	4.88643e-05
214.52	6.60611e-05
214.54	8.63348e-05
214.56	0.000108682
214.58	0.0001315
214.6	0.00015303
214.62	0.000171922
214.64	0.000187586
214.66	0.000200053
214.68	0.000209651
214.7	0.000216782
214.72	0.000221867
214.74	0.000225343
214.76	0.000227653
214.78	0.000229189
214.8	0.000230266
214.82	0.000231115
214.84	0.000231889
214.86	0.000232689
214.88	0.00023357
214.9	0.000234559
214.92	0.000235666
214.94	0.000236888
214.96	0.000238214
214.98	0.00023963
215	0.00024112
215.02	0.000242667
215.04	0.000244257
215.06	0.000245875
215.08	0.000247508
215.1	0.000249147
215.12	0.000250781
215.14	0.000252404
215.16	0.00025401
215.18	0.000255593
215.2	0.000257149
215.22	0.000258677
215.24	0.000260173
215.26	0.000261637
215.28	0.000263066
215.3	0.00026446
215.32	0.000265819
215.34	0.000267143
215.36	0.000268431
215.38	0.000269684
215.4	0.000270901
215.42	0.000272082
215.44	0.000273229
215.46	0.00027434
215.48	0.000275417
215.5	0.000276458
215.52	0.000277465
215.54	0.000278438
215.56	0.000279375
215.58	0.000280278
215.6	0.000281146
215.62	0.00028198
215.64	0.000282778
215.66	0.000283541
215.68	0.000284269
215.7	0.000284962
215.72	0.000285619
215.74	0.00028624
215.76	0.000286825
215.78	0.000287374
215.8	0.000287887
215.82	0.000288363
215.84	0.000288802
215.86	0.000289205
215.88	0.00028957
215.9	0.000289898
215.92	0.000290189
215.94	0.000290443
215.96	0.000290659
215.98	0.000290839
216	0.00029098
216.02	0.000291085
216.04	0.000291153
216.06	0.000291183
216.08	0.000291177
216.1	0.000291134
216.12	0.000291055
216.14	0.00029094
216.16	0.000290789
216.18	0.000290602
216.2	0.00029038
216.22	0.000290124
216.24	0.000289833
216.26	0.000289508
216.28	0.000289149
216.3	0.000288758
216.32	0.000288334
216.34	0.000287878
216.36	0.00028739
216.38	0.000286872
216.4	0.000286323
216.42	0.000285745
216.44	0.000285137
216.46	0.000284501
216.48	0.000283837
216.5	0.000283146
216.52	0.000282428
216.54	0.000281684
216.56	0.000280915
216.58	0.000280122
216.6	0.000279304
216.62	0.000278463
216.64	0.0002776
216.66	0.000276714
216.68	0.000275808
216.7	0.00027488
216.72	0.000273933
216.74	0.000272967
216.76	0.000271982
216.78	0.000270979
216.8	0.000269959
216.82	0.000268922
216.84	0.000267869
216.86	0.000266801
216.88	0.000265717
216.9	0.00026462
216.92	0.000263509
216.94	0.000262385
216.96	0.000261249
216.98	0.000260101
217	0.000258941
217.02	0.000257771
217.04	0.000256591
217.06	0.000255401
217.08	0.000254202
217.1	0.000252994
217.12	0.000251778
217.14	0.000250554
217.16	0.000249323
217.18	0.000248086
217.2	0.000246842
217.22	0.000245592
217.24	0.000244337
217.26	0.000243077
217.28	0.000241813
217.3	0.000240544
217.32	0.000239272
217.34	0.000237996
217.36	0.000236717
217.38	0.000235435
217.4	0.000234151
217.42	0.000232866
217.44	0.000231578
217.46	0.000230289
217.48	0.000228999
217.5	0.000227709
217.52	0.000226417
217.54	0.000225126
217.56	0.000223835
217.58	0.000222544
217.6	0.000221254
217.62	0.000219965
217.64	0.000218677
217.66	0.00021739
217.68	0.000216105
217.7	0.000214821
217.72	0.00021354
217.74	0.000212261
217.76	0.000210984
217.78	0.00020971
217.8	0.000208438
217.82	0.00020717
217.84	0.000205904
217.86	0.000204642
217.88	0.000203384
217.9	0.000202129
217.92	0.000200877
217.94	0.00019963
217.96	0.000198387
217.98	0.000197147
218	0.000195912
218.02	0.000194682
218.04	0.000193455
218.06	0.000192234
218.08	0.000191017
218.1	0.000189805
218.12	0.000188598
218.14	0.000187395
218.16	0.000186198
218.18	0.000185006
218.2	0.000183819
218.22	0.000182638
218.24	0.000181462
218.26	0.000180291
218.28	0.000179126
218.3	0.000177966
218.32	0.000176812
218.34	0.000175664
218.36	0.000174521
218.38	0.000173385
218.4	0.000172254
218.42	0.000171128
218.44	0.000170009
218.46	0.000168896
218.48	0.000167788
218.5	0.000166687
218.52	0.000165591
218.54	0.000164502
218.56	0.000163419
218.58	0.000162341
218.6	0.00016127
218.62	0.000160205
218.64	0.000159146
218.66	0.000158093
218.68	0.000157047
218.7	0.000156006
218.72	0.000154972
218.74	0.000153943
218.76	0.000152921
218.78	0.000151906
218.8	0.000150896
218.82	0.000149893
218.84	0.000148895
218.86	0.000147904
218.88	0.000146919
218.9	0.00014594
218.92	0.000144968
218.94	0.000144001
218.96	0.000143041
218.98	0.000142086
219	0.000141138
219.02	0.000140196
219.04	0.00013926
219.06	0.00013833
219.08	0.000137406
219.1	0.000136488
219.12	0.000135576
219.14	0.00013467
219.16	0.00013377
219.18	0.000132876
219.2	0.000131988
219.22	0.000131106
219.24	0.000130229
219.26	0.000129359
219.28	0.000128494
219.3	0.000127636
219.32	0.000126782
219.34	0.000125935
219.36	0.000125094
219.38	0.000124258
219.4	0.000123428
219.42	0.000122603
219.44	0.000121784
219.46	0.000120971
219.48	0.000120163
219.5	0.000119361
219.52	0.000118565
219.54	0.000117773
219.56	0.000116988
219.58	0.000116207
219.6	0.000115433
219.62	0.000114663
219.64	0.000113899
219.66	0.00011314
219.68	0.000112387
219.7	0.000111638
219.72	0.000110895
219.74	0.000110157
219.76	0.000109424
219.78	0.000108697
219.8	0.000107974
219.82	0.000107257
219.84	0.000106544
219.86	0.000105837
219.88	0.000105134
219.9	0.000104437
219.92	0.000103744
219.94	0.000103056
219.96	0.000102373
219.98	0.000101695
220	0.000101022
220.02	0.000100353
220.04	9.96895e-05
220.06	9.90303e-05
220.08	9.83758e-05
220.1	9.77259e-05
220.12	9.70806e-05
220.14	9.64398e-05
220.16	9.58036e-05
220.18	9.51719e-05
220.2	9.45446e-05
220.22	9.39218e-05
220.24	9.33034e-05
220.26	9.26894e-05
220.28	9.20797e-05
220.3	9.14744e-05
220.32	9.08733e-05
220.34	9.02765e-05
220.36	8.9684e-05
220.38	8.90956e-05
220.4	8.85114e-05
220.42	8.79313e-05
220.44	8.73554e-05
220.46	8.67835e-05
220.48	8.62157e-05
220.5	8.56519e-05
220.52	8.50921e-05
220.54	8.45362e-05
220.56	8.39843e-05
220.58	8.34364e-05
220.6	8.28922e-05
220.62	8.2352e-05
220.64	8.18156e-05
220.66	8.12829e-05
220.68	8.07541e-05
220.7	8.0229e-05
220.72	7.97076e-05
220.74	7.91899e-05
220.76	7.86758e-05
220.78	7.81654e-05
220.8	7.76586e-05
220.82	7.71554e-05
220.84	7.66557e-05
220.86	7.61596e-05
220.88	7.56669e-05
220.9	7.51778e-05
220.92	7.46921e-05
220.94	7.42098e-05
220.96	7.37309e-05
220.98	7.32555e-05
221	7.27833e-05
221.02	7.23145e-05
221.04	7.1849e-05
221.06	7.13868e-05
221.08	7.09278e-05
221.1	7.0472e-05
221.12	7.00195e-05
221.14	6.95701e-05
221.16	6.91239e-05
221.18	6.86808e-05
221.2	6.82409e-05
221.22	6.7804e-05
221.24	6.73702e-05
221.26	6.69394e-05
221.28	6.65117e-05
221.3	6.60869e-05
221.32	6.56652e-05
221.34	6.52464e-05
221.36	6.48305e-05
221.38	6.44175e-05
221.4	6.40074e-05
221.42	6.36002e-05
221.44	6.31959e-05
221.46	6.27943e-05
221.48	6.23956e-05
221.5	6.19996e-05
221.52	6.16065e-05
221.54	6.1216e-05
221.56	6.08283e-05
221.58	6.04433e-05
221.6	6.0061e-05
221.62	5.96813e-05
221.64	5.93043e-05
221.66	5.89299e-05
221.68	5.85581e-05
221.7	5.81889e-05
221.72	5.78223e-05
221.74	5.74582e-05
221.76	5.70967e-05
221.78	5.67376e-05
221.8	5.63811e-05
221.82	5.6027e-05
221.84	5.56754e-05
221.86	5.53262e-05
221.88	5.49794e-05
221.9	5.46351e-05
221.92	5.42931e-05
221.94	5.39535e-05
221.96	5.36163e-05
221.98	5.32813e-05
222	5.29487e-05
222.02	5.26184e-05
222.04	5.22904e-05
222.06	5.19647e-05
222.08	5.16411e-05
222.1	5.13199e-05
222.12	5.10008e-05
222.14	5.0684e-05
222.16	5.03693e-05
222.18	5.00568e-05
222.2	4.97464e-05
222.22	4.94382e-05
222.24	4.91321e-05
222.26	4.88281e-05
222.28	4.85262e-05
222.3	4.82264e-05
222.32	4.79286e-05
222.34	4.76329e-05
222.36	4.73392e-05
222.38	4.70475e-05
222.4	4.67579e-05
222.42	4.64702e-05
222.44	4.61844e-05
222.46	4.59007e-05
222.48	4.56189e-05
222.5	4.5339e-05
222.52	4.5061e-05
222.54	4.47849e-05
222.56	4.45107e-05
222.58	4.42384e-05
222.6	4.3968e-05
222.62	4.36994e-05
222.64	4.34326e-05
222.66	4.31677e-05
222.68	4.29045e-05
222.7	4.26432e-05
222.72	4.23836e-05
222.74	4.21258e-05
222.76	4.18698e-05
222.78	4.16155e-05
222.8	4.13629e-05
222.82	4.1112e-05
222.84	4.08629e-05
222.86	4.06155e-05
222.88	4.03697e-05
222.9	4.01256e-05
222.92	3.98831e-05
222.94	3.96423e-05
222.96	3.94032e-05
222.98	3.91656e-05
223	3.89297e-05
223.02	3.86954e-05
223.04	3.84626e-05
223.06	3.82315e-05
223.08	3.80018e-05
223.1	3.77738e-05
223.12	3.75473e-05
223.14	3.73223e-05
223.16	3.70989e-05
223.18	3.68769e-05
223.2	3.66565e-05
223.22	3.64375e-05
223.24	3.622e-05
223.26	3.6004e-05
223.28	3.57894e-05
223.3	3.55763e-05
223.32	3.53647e-05
223.34	3.51544e-05
223.36	3.49456e-05
223.38	3.47382e-05
223.4	3.45321e-05
223.42	3.43275e-05
223.44	3.41242e-05
223.46	3.39223e-05
223.48	3.37218e-05
223.5	3.35226e-05
223.52	3.33247e-05
223.54	3.31282e-05
223.56	3.2933e-05
223.58	3.27391e-05
223.6	3.25465e-05
223.62	3.23552e-05
223.64	3.21651e-05
223.66	3.19764e-05
223.68	3.17889e-05
223.7	3.16026e-05
223.72	3.14176e-05
223.74	3.12339e-05
223.76	3.10514e-05
223.78	3.08701e-05
223.8	3.069e-05
223.82	3.05111e-05
223.84	3.03334e-05
223.86	3.01569e-05
223.88	2.99816e-05
223.9	2.98074e-05
223.92	2.96344e-05
223.94	2.94625e-05
223.96	2.92918e-05
223.98	2.91223e-05
224	2.89539e-05
224.02	2.87865e-05
224.04	2.86203e-05
224.06	2.84553e-05
224.08	2.82913e-05
224.1	2.81284e-05
224.12	2.79665e-05
224.14	2.78058e-05
224.16	2.76461e-05
224.18	2.74875e-05
224.2	2.73299e-05
224.22	2.71734e-05
224.24	2.70179e-05
224.26	2.68635e-05
224.28	2.67101e-05
224.3	2.65577e-05
224.32	2.64063e-05
224.34	2.62559e-05
224.36	2.61065e-05
224.38	2.59581e-05
224.4	2.58106e-05
224.42	2.56642e-05
224.44	2.55187e-05
224.46	2.53742e-05
224.48	2.52306e-05
224.5	2.5088e-05
224.52	2.49463e-05
224.54	2.48056e-05
224.56	2.46658e-05
224.58	2.45269e-05
224.6	2.43889e-05
224.62	2.42519e-05
224.64	2.41157e-05
224.66	2.39805e-05
224.68	2.38461e-05
224.7	2.37126e-05
224.72	2.358e-05
224.74	2.34483e-05
224.76	2.33174e-05
224.78	2.31874e-05
224.8	2.30583e-05
224.82	2.293e-05
224.84	2.28025e-05
224.86	2.26759e-05
224.88	2.25501e-05
224.9	2.24252e-05
224.92	2.2301e-05
224.94	2.21777e-05
224.96	2.20552e-05
224.98	2.19335e-05
225	2.18126e-05
225.02	2.16925e-05
225.04	2.15731e-05
225.06	2.14546e-05
225.08	2.13368e-05
225.1	2.12198e-05
225.12	2.11036e-05
225.14	2.09882e-05
225.16	2.08734e-05
225.18	2.07595e-05
225.2	2.06463e-05
225.22	2.05338e-05
225.24	2.04221e-05
225.26	2.03111e-05
225.28	2.02008e-05
225.3	2.00912e-05
225.32	1.99824e-05
225.34	1.98743e-05
225.36	1.97668e-05
225.38	1.96601e-05
225.4	1.95541e-05
225.42	1.94488e-05
225.44	1.93441e-05
225.46	1.92402e-05
225.48	1.91369e-05
225.5	1.90343e-05
225.52	1.89323e-05
225.54	1.8831e-05
225.56	1.87304e-05
225.58	1.86305e-05
225.6	1.85312e-05
225.62	1.84325e-05
225.64	1.83345e-05
225.66	1.82371e-05
225.68	1.81403e-05
225.7	1.80442e-05
225.72	1.79487e-05
225.74	1.78538e-05
225.76	1.77596e-05
225.78	1.76659e-05
225.8	1.75729e-05
225.82	1.74804e-05
225.84	1.73886e-05
225.86	1.72974e-05
225.88	1.72067e-05
225.9	1.71167e-05
225.92	1.70272e-05
225.94	1.69383e-05
225.96	1.685e-05
225.98	1.67622e-05
226	1.6675e-05
226.02	1.65884e-05
226.04	1.65024e-05
226.06	1.64169e-05
226.08	1.63319e-05
226.1	1.62475e-05
226.12	1.61637e-05
226.14	1.60804e-05
226.16	1.59976e-05
226.18	1.59154e-05
226.2	1.58337e-05
226.22	1.57525e-05
226.24	1.56719e-05
226.26	1.55918e-05
226.28	1.55122e-05
226.3	1.54331e-05
226.32	1.53545e-05
226.34	1.52764e-05
226.36	1.51989e-05
226.38	1.51218e-05
226.4	1.50452e-05
226.42	1.49692e-05
226.44	1.48936e-05
226.46	1.48185e-05
226.48	1.47439e-05
226.5	1.46697e-05
226.52	1.45961e-05
226.54	1.45229e-05
226.56	1.44502e-05
226.58	1.4378e-05
226.6	1.43062e-05
226.62	1.42349e-05
226.64	1.4164e-05
226.66	1.40937e-05
226.68	1.40237e-05
226.7	1.39542e-05
226.72	1.38852e-05
226.74	1.38166e-05
226.76	1.37484e-05
226.78	1.36807e-05
226.8	1.36134e-05
226.82	1.35466e-05
226.84	1.34802e-05
226.86	1.34142e-05
226.88	1.33486e-05
226.9	1.32835e-05
226.92	1.32187e-05
226.94	1.31544e-05
226.96	1.30905e-05
226.98	1.3027e-05
227	1.2964e-05
227.02	1.29013e-05
227.04	1.2839e-05
227.06	1.27772e-05
227.08	1.27157e-05
227.1	1.26546e-05
227.12	1.25939e-05
227.14	1.25336e-05
227.16	1.24737e-05
227.18	1.24142e-05
227.2	1.2355e-05
227.22	1.22963e-05
227.24	1.22379e-05
227.26	1.21799e-05
227.28	1.21222e-05
227.3	1.2065e-05
227.32	1.20081e-05
227.34	1.19515e-05
227.36	1.18953e-05
227.38	1.18395e-05
227.4	1.17841e-05
227.42	1.1729e-05
227.44	1.16742e-05
227.46	1.16198e-05
227.48	1.15658e-05
227.5	1.15121e-05
227.52	1.14587e-05
227.54	1.14057e-05
227.56	1.1353e-05
227.58	1.13007e-05
227.6	1.12487e-05
227.62	1.1197e-05
227.64	1.11457e-05
227.66	1.10947e-05
227.68	1.1044e-05
227.7	1.09937e-05
227.72	1.09436e-05
227.74	1.08939e-05
227.76	1.08445e-05
227.78	1.07955e-05
227.8	1.07467e-05
227.82	1.06983e-05
227.84	1.06501e-05
227.86	1.06023e-05
227.88	1.05548e-05
227.9	1.05076e-05
227.92	1.04607e-05
227.94	1.0414e-05
227.96	1.03677e-05
227.98	1.03217e-05
228	1.0276e-05
228.02	1.02306e-05
228.04	1.01855e-05
228.06	1.01406e-05
228.08	1.00961e-05
228.1	1.00518e-05
228.12	1.00078e-05
228.14	9.96413e-06
228.16	9.92071e-06
228.18	9.87757e-06
228.2	9.83472e-06
228.22	9.79213e-06
228.24	9.74983e-06
228.26	9.70779e-06
228.28	9.66603e-06
228.3	9.62453e-06
228.32	9.5833e-06
228.34	9.54234e-06
228.36	9.50164e-06
228.38	9.46121e-06
228.4	9.42104e-06
228.42	9.38112e-06
228.44	9.34147e-06
228.46	9.30207e-06
228.48	9.26292e-06
228.5	9.22403e-06
228.52	9.18539e-06
228.54	9.147e-06
228.56	9.10886e-06
228.58	9.07096e-06
228.6	9.03331e-06
228.62	8.99591e-06
228.64	8.95875e-06
228.66	8.92183e-06
228.68	8.88514e-06
228.7	8.8487e-06
228.72	8.81249e-06
228.74	8.77652e-06
228.76	8.74079e-06
228.78	8.70528e-06
228.8	8.67001e-06
228.82	8.63497e-06
228.84	8.60015e-06
228.86	8.56556e-06
228.88	8.5312e-06
228.9	8.49706e-06
228.92	8.46315e-06
228.94	8.42946e-06
228.96	8.39598e-06
228.98	8.36273e-06
229	8.3297e-06
229.02	8.29688e-06
229.04	8.26427e-06
229.06	8.23188e-06
229.08	8.19971e-06
229.1	8.16774e-06
229.12	8.13599e-06
229.14	8.10444e-06
229.16	8.0731e-06
229.18	8.04197e-06
229.2	8.01104e-06
229.22	7.98032e-06
229.24	7.9498e-06
229.26	7.91949e-06
229.28	7.88937e-06
229.3	7.85946e-06
229.32	7.82974e-06
229.34	7.80022e-06
229.36	7.77089e-06
229.38	7.74177e-06
229.4	7.71283e-06
229.42	7.68409e-06
229.44	7.65554e-06
229.46	7.62718e-06
229.48	7.59901e-06
229.5	7.57103e-06
229.52	7.54324e-06
229.54	7.51563e-06
229.56	7.48821e-06
229.58	7.46097e-06
229.6	7.43392e-06
229.62	7.40705e-06
229.64	7.38036e-06
229.66	7.35385e-06
229.68	7.32752e-06
229.7	7.30137e-06
229.72	7.27539e-06
229.74	7.24959e-06
229.76	7.22397e-06
229.78	7.19853e-06
229.8	7.17325e-06
229.82	7.14815e-06
229.84	7.12322e-06
229.86	7.09846e-06
229.88	7.07388e-06
229.9	7.04946e-06
229.92	7.02521e-06
229.94	7.00112e-06
229.96	6.97721e-06
229.98	6.95346e-06
230	6.92987e-06
230.02	6.90645e-06
230.04	6.88319e-06
230.06	6.86009e-06
230.08	6.83716e-06
230.1	6.81438e-06
230.12	6.79176e-06
230.14	6.76931e-06
230.16	6.74701e-06
230.18	6.72487e-06
230.2	6.70288e-06
230.22	6.68105e-06
230.24	6.65938e-06
230.26	6.63786e-06
230.28	6.61649e-06
230.3	6.59528e-06
230.32	6.57422e-06
230.34	6.55331e-06
230.36	6.53255e-06
230.38	6.51194e-06
230.4	6.49148e-06
230.42	6.47116e-06
230.44	6.451e-06
230.46	6.43098e-06
230.48	6.41111e-06
230.5	6.39138e-06
230.52	6.3718e-06
230.54	6.35237e-06
230.56	6.33307e-06
230.58	6.31392e-06
230.6	6.29491e-06
230.62	6.27605e-06
230.64	6.25732e-06
230.66	6.23874e-06
230.68	6.22029e-06
230.7	6.20199e-06
230.72	6.18382e-06
230.74	6.16579e-06
230.76	6.1479e-06
230.78	6.13014e-06
230.8	6.11252e-06
230.82	6.09504e-06
230.84	6.07769e-06
230.86	6.06048e-06
230.88	6.0434e-06
230.9	6.02645e-06
230.92	6.00964e-06
230.94	5.99296e-06
230.96	5.97641e-06
230.98	5.95999e-06
231	5.9437e-06
231.02	5.92755e-06
231.04	5.91152e-06
231.06	5.89562e-06
231.08	5.87986e-06
231.1	5.86422e-06
231.12	5.84871e-06
231.14	5.83332e-06
231.16	5.81806e-06
231.18	5.80293e-06
231.2	5.78793e-06
231.22	5.77305e-06
231.24	5.7583e-06
231.26	5.74367e-06
231.28	5.72916e-06
231.3	5.71479e-06
231.32	5.70053e-06
231.34	5.6864e-06
231.36	5.67239e-06
231.38	5.6585e-06
231.4	5.64474e-06
231.42	5.63109e-06
231.44	5.61757e-06
231.46	5.60417e-06
231.48	5.59089e-06
231.5	5.57773e-06
231.52	5.56469e-06
231.54	5.55177e-06
231.56	5.53898e-06
231.58	5.5263e-06
231.6	5.51373e-06
231.62	5.50129e-06
231.64	5.48897e-06
231.66	5.47676e-06
231.68	5.46468e-06
231.7	5.45271e-06
231.72	5.44085e-06
231.74	5.42912e-06
231.76	5.4175e-06
231.78	5.406e-06
231.8	5.39461e-06
231.82	5.38334e-06
231.84	5.37219e-06
231.86	5.36115e-06
231.88	5.35023e-06
231.9	5.33943e-06
231.92	5.32874e-06
231.94	5.31817e-06
231.96	5.30771e-06
231.98	5.29736e-06
232	5.28713e-06
232.02	5.27702e-06
232.04	5.26702e-06
232.06	5.25714e-06
232.08	5.24737e-06
232.1	5.23771e-06
232.12	5.22817e-06
232.14	5.21874e-06
232.16	5.20943e-06
232.18	5.20023e-06
232.2	5.19115e-06
232.22	5.18218e-06
232.24	5.17333e-06
232.26	5.16459e-06
232.28	5.15596e-06
232.3	5.14745e-06
232.32	5.13905e-06
232.34	5.13077e-06
232.36	5.12261e-06
232.38	5.11455e-06
232.4	5.10662e-06
232.42	5.09879e-06
232.44	5.09109e-06
232.46	5.08349e-06
232.48	5.07602e-06
232.5	5.06866e-06
232.52	5.06141e-06
232.54	5.05428e-06
232.56	5.04727e-06
232.58	5.04037e-06
232.6	5.03359e-06
232.62	5.02693e-06
232.64	5.02038e-06
232.66	5.01395e-06
232.68	5.00764e-06
232.7	5.00145e-06
232.72	4.99538e-06
232.74	4.98942e-06
232.76	4.98359e-06
232.78	4.97787e-06
232.8	4.97228e-06
232.82	4.9668e-06
232.84	4.96145e-06
232.86	4.95622e-06
232.88	4.95111e-06
232.9	4.94612e-06
232.92	4.94126e-06
232.94	4.93652e-06
232.96	4.9319e-06
232.98	4.92741e-06
233	4.92305e-06
233.02	4.91881e-06
233.04	4.9147e-06
233.06	4.91072e-06
233.08	4.90686e-06
233.1	4.90314e-06
233.12	4.89954e-06
233.14	4.89608e-06
233.16	4.89275e-06
233.18	4.88955e-06
233.2	4.88649e-06
233.22	4.88356e-06
233.24	4.88077e-06
233.26	4.87812e-06
233.28	4.8756e-06
233.3	4.87323e-06
233.32	4.87099e-06
233.34	4.8689e-06
233.36	4.86695e-06
233.38	4.86515e-06
233.4	4.86349e-06
233.42	4.86198e-06
233.44	4.86062e-06
233.46	4.85941e-06
233.48	4.85836e-06
233.5	4.85746e-06
233.52	4.85672e-06
233.54	4.85613e-06
233.56	4.85571e-06
233.58	4.85545e-06
233.6	4.85535e-06
233.62	4.85542e-06
233.64	4.85566e-06
233.66	4.85607e-06
233.68	4.85666e-06
233.7	4.85742e-06
233.72	4.85836e-06
233.74	4.85949e-06
233.76	4.8608e-06
233.78	4.8623e-06
233.8	4.864e-06
233.82	4.86589e-06
233.84	4.86798e-06
233.86	4.87027e-06
233.88	4.87277e-06
233.9	4.87548e-06
233.92	4.87841e-06
233.94	4.88156e-06
233.96	4.88493e-06
233.98	4.88854e-06
234	4.89238e-06
234.02	4.89646e-06
234.04	4.90079e-06
234.06	4.90538e-06
234.08	4.91023e-06
234.1	4.91534e-06
234.12	4.92074e-06
234.14	4.92641e-06
234.16	4.93238e-06
234.18	4.93865e-06
234.2	4.94523e-06
234.22	4.95214e-06
234.24	4.95938e-06
234.26	4.96696e-06
234.28	4.9749e-06
234.3	4.98322e-06
234.32	4.99192e-06
234.34	5.00103e-06
234.36	5.01056e-06
234.38	5.02052e-06
234.4	5.03096e-06
234.42	5.04187e-06
234.44	5.0533e-06
234.46	5.06526e-06
234.48	5.07779e-06
234.5	5.09093e-06
234.52	5.1047e-06
234.54	5.11916e-06
234.56	5.13435e-06
234.58	5.15033e-06
234.6	5.16716e-06
234.62	5.1849e-06
234.64	5.20365e-06
234.66	5.22351e-06
234.68	5.24457e-06
234.7	5.26699e-06
234.72	5.29092e-06
234.74	5.31657e-06
234.76	5.34418e-06
234.78	5.37408e-06
234.8	5.40667e-06
234.82	5.44251e-06
234.84	5.48235e-06
234.86	5.52725e-06
234.88	5.57884e-06
234.9	5.63971e-06
234.92	5.71437e-06
234.94	5.81157e-06
234.96	5.95092e-06
234.98	6.18242e-06
235	6.62899e-06
235.02	7.5563e-06
235.04	9.33965e-06
235.06	1.232e-05
235.08	1.70558e-05
235.1	2.43498e-05
235.12	3.47709e-05
235.14	4.85175e-05
235.16	6.56448e-05
235.18	8.58621e-05
235.2	0.00010818
235.22	0.000131006
235.24	0.000152575
235.26	0.000171526
235.28	0.000187255
235.3	0.000199783
235.32	0.000209434
235.34	0.000216611
235.36	0.000221732
235.38	0.000225237
235.4	0.000227567
235.42	0.000229117
235.44	0.000230202
235.46	0.000231055
235.48	0.000231831
235.5	0.000232631
235.52	0.000233511
235.54	0.000234499
235.56	0.000235605
235.58	0.000236825
235.6	0.00023815
235.62	0.000239564
235.64	0.000241053
235.66	0.0002426
235.68	0.000244189
235.7	0.000245807
235.72	0.00024744
235.74	0.000249079
235.76	0.000250714
235.78	0.000252337
235.8	0.000253943
235.82	0.000255526
235.84	0.000257083
235.86	0.000258611
235.88	0.000260108
235.9	0.000261572
235.92	0.000263002
235.94	0.000264397
235.96	0.000265756
235.98	0.000267081
236	0.000268369
236.02	0.000269622
236.04	0.00027084
236.06	0.000272022
236.08	0.000273169
236.1	0.000274281
236.12	0.000275358
236.14	0.0002764
236.16	0.000277407
236.18	0.00027838
236.2	0.000279318
236.22	0.000280222
236.24	0.00028109
236.26	0.000281924
236.28	0.000282723
236.3	0.000283487
236.32	0.000284215
236.34	0.000284909
236.36	0.000285566
236.38	0.000286188
236.4	0.000286774
236.42	0.000287323
236.44	0.000287836
236.46	0.000288313
236.48	0.000288753
236.5	0.000289156
236.52	0.000289522
236.54	0.000289851
236.56	0.000290142
236.58	0.000290397
236.6	0.000290614
236.62	0.000290794
236.64	0.000290936
236.66	0.000291042
236.68	0.00029111
236.7	0.000291141
236.72	0.000291136
236.74	0.000291094
236.76	0.000291015
236.78	0.0002909
236.8	0.00029075
236.82	0.000290564
236.84	0.000290343
236.86	0.000290087
236.88	0.000289796
236.9	0.000289472
236.92	0.000289114
236.94	0.000288723
236.96	0.0002883
236.98	0.000287844
237	0.000287357
237.02	0.000286839
237.04	0.000286291
237.06	0.000285713
237.08	0.000285106
237.1	0.000284471
237.12	0.000283807
237.14	0.000283117
237.16	0.000282399
237.18	0.000281656
237.2	0.000280888
237.22	0.000280094
237.24	0.000279277
237.26	0.000278437
237.28	0.000277574
237.3	0.000276689
237.32	0.000275783
237.34	0.000274856
237.36	0.000273909
237.38	0.000272943
237.4	0.000271959
237.42	0.000270956
237.44	0.000269936
237.46	0.0002689
237.48	0.000267847
237.5	0.000266779
237.52	0.000265696
237.54	0.000264599
237.56	0.000263489
237.58	0.000262365
237.6	0.000261229
237.62	0.000260081
237.64	0.000258922
237.66	0.000257752
237.68	0.000256572
237.7	0.000255382
237.72	0.000254183
237.74	0.000252976
237.76	0.00025176
237.78	0.000250537
237.8	0.000249306
237.82	0.000248069
237.84	0.000246825
237.86	0.000245576
237.88	0.000244321
237.9	0.000243061
237.92	0.000241797
237.94	0.000240529
237.96	0.000239256
237.98	0.000237981
238	0.000236702
238.02	0.000235421
238.04	0.000234137
238.06	0.000232851
238.08	0.000231564
238.1	0.000230275
238.12	0.000228985
238.14	0.000227695
238.16	0.000226404
238.18	0.000225113
238.2	0.000223822
238.22	0.000222531
238.24	0.000221241
238.26	0.000219952
238.28	0.000218664
238.3	0.000217377
238.32	0.000216092
238.34	0.000214809
238.36	0.000213528
238.38	0.000212249
238.4	0.000210972
238.42	0.000209698
238.44	0.000208426
238.46	0.000207158
238.48	0.000205893
238.5	0.000204631
238.52	0.000203372
238.54	0.000202118
238.56	0.000200866
238.58	0.000199619
238.6	0.000198376
238.62	0.000197136
238.64	0.000195902
238.66	0.000194671
238.68	0.000193445
238.7	0.000192223
238.72	0.000191007
238.74	0.000189795
238.76	0.000188587
238.78	0.000187385
238.8	0.000186188
238.82	0.000184996
238.84	0.00018381
238.86	0.000182628
238.88	0.000181452
238.9	0.000180282
238.92	0.000179117
238.94	0.000177957
238.96	0.000176803
238.98	0.000175655
239	0.000174512
239.02	0.000173376
239.04	0.000172245
239.06	0.000171119
239.08	0.00017
239.1	0.000168887
239.12	0.00016778
239.14	0.000166678
239.16	0.000165583
239.18	0.000164493
239.2	0.00016341
239.22	0.000162333
239.24	0.000161262
239.26	0.000160197
239.28	0.000159138
239.3	0.000158085
239.32	0.000157039
239.34	0.000155998
239.36	0.000154964
239.38	0.000153936
239.4	0.000152914
239.42	0.000151898
239.44	0.000150888
239.46	0.000149885
239.48	0.000148888
239.5	0.000147897
239.52	0.000146912
239.54	0.000145933
239.56	0.00014496
239.58	0.000143994
239.6	0.000143034
239.62	0.000142079
239.64	0.000141131
239.66	0.000140189
239.68	0.000139253
239.7	0.000138323
239.72	0.000137399
239.74	0.000136481
239.76	0.000135569
239.78	0.000134664
239.8	0.000133764
239.82	0.00013287
239.84	0.000131982
239.86	0.0001311
239.88	0.000130223
239.9	0.000129353
239.92	0.000128488
239.94	0.00012763
239.96	0.000126777
239.98	0.000125929
240	0.000125088
240.02	0.000124252
240.04	0.000123422
240.06	0.000122598
240.08	0.000121779
240.1	0.000120965
240.12	0.000120158
240.14	0.000119356
240.16	0.000118559
240.18	0.000117768
240.2	0.000116982
240.22	0.000116202
240.24	0.000115427
240.26	0.000114658
240.28	0.000113894
240.3	0.000113135
240.32	0.000112382
240.34	0.000111633
240.36	0.00011089
240.38	0.000110152
240.4	0.00010942
240.42	0.000108692
240.44	0.000107969
240.46	0.000107252
240.48	0.00010654
240.5	0.000105832
240.52	0.00010513
240.54	0.000104432
240.56	0.00010374
240.58	0.000103052
240.6	0.000102369
240.62	0.000101691
240.64	0.000101018
240.66	0.000100349
240.68	9.96853e-05
240.7	9.90261e-05
240.72	9.83717e-05
240.74	9.77218e-05
240.76	9.70765e-05
240.78	9.64358e-05
240.8	9.57996e-05
240.82	9.5168e-05
240.84	9.45407e-05
240.86	9.3918e-05
240.88	9.32996e-05
240.9	9.26856e-05
240.92	9.2076e-05
240.94	9.14707e-05
240.96	9.08697e-05
240.98	9.02729e-05
241	8.96804e-05
241.02	8.9092e-05
241.04	8.85079e-05
241.06	8.79278e-05
241.08	8.73519e-05
241.1	8.67801e-05
241.12	8.62123e-05
241.14	8.56485e-05
241.16	8.50888e-05
241.18	8.45329e-05
241.2	8.39811e-05
241.22	8.34331e-05
241.24	8.28891e-05
241.26	8.23488e-05
241.28	8.18124e-05
241.3	8.12798e-05
241.32	8.0751e-05
241.34	8.02259e-05
241.36	7.97046e-05
241.38	7.91869e-05
241.4	7.86728e-05
241.42	7.81625e-05
241.44	7.76557e-05
241.46	7.71525e-05
241.48	7.66529e-05
241.5	7.61567e-05
241.52	7.56641e-05
241.54	7.5175e-05
241.56	7.46893e-05
241.58	7.42071e-05
241.6	7.37283e-05
241.62	7.32528e-05
241.64	7.27807e-05
241.66	7.23119e-05
241.68	7.18464e-05
241.7	7.13842e-05
241.72	7.09252e-05
241.74	7.04695e-05
241.76	7.0017e-05
241.78	6.95676e-05
241.8	6.91215e-05
241.82	6.86784e-05
241.84	6.82385e-05
241.86	6.78016e-05
241.88	6.73678e-05
241.9	6.69371e-05
241.92	6.65094e-05
241.94	6.60846e-05
241.96	6.56629e-05
241.98	6.52441e-05
242	6.48282e-05
242.02	6.44153e-05
242.04	6.40052e-05
242.06	6.3598e-05
242.08	6.31937e-05
242.1	6.27922e-05
242.12	6.23934e-05
242.14	6.19975e-05
242.16	6.16043e-05
242.18	6.12139e-05
242.2	6.08262e-05
242.22	6.04412e-05
242.24	6.00589e-05
242.26	5.96793e-05
242.28	5.93023e-05
242.3	5.89279e-05
242.32	5.85561e-05
242.34	5.81869e-05
242.36	5.78203e-05
242.38	5.74563e-05
242.4	5.70947e-05
242.42	5.67357e-05
242.44	5.63792e-05
242.46	5.60251e-05
242.48	5.56735e-05
242.5	5.53243e-05
242.52	5.49776e-05
242.54	5.46332e-05
242.56	5.42913e-05
242.58	5.39517e-05
242.6	5.36145e-05
242.62	5.32795e-05
242.64	5.2947e-05
242.66	5.26167e-05
242.68	5.22887e-05
242.7	5.19629e-05
242.72	5.16394e-05
242.74	5.13181e-05
242.76	5.09991e-05
242.78	5.06822e-05
242.8	5.03676e-05
242.82	5.00551e-05
242.84	4.97447e-05
242.86	4.94365e-05
242.88	4.91304e-05
242.9	4.88265e-05
242.92	4.85246e-05
242.94	4.82247e-05
242.96	4.7927e-05
242.98	4.76313e-05
243	4.73376e-05
243.02	4.70459e-05
243.04	4.67563e-05
243.06	4.64686e-05
243.08	4.61829e-05
243.1	4.58991e-05
243.12	4.56173e-05
243.14	4.53374e-05
243.16	4.50594e-05
243.18	4.47834e-05
243.2	4.45092e-05
243.22	4.42369e-05
243.24	4.39664e-05
243.26	4.36978e-05
243.28	4.34311e-05
243.3	4.31661e-05
243.32	4.2903e-05
243.34	4.26417e-05
243.36	4.23821e-05
243.38	4.21243e-05
243.4	4.18683e-05
243.42	4.1614e-05
243.44	4.13614e-05
243.46	4.11106e-05
243.48	4.08614e-05
243.5	4.0614e-05
243.52	4.03682e-05
243.54	4.01241e-05
243.56	3.98817e-05
243.58	3.96409e-05
243.6	3.94017e-05
243.62	3.91642e-05
243.64	3.89282e-05
243.66	3.86939e-05
243.68	3.84612e-05
243.7	3.823e-05
243.72	3.80004e-05
243.74	3.77723e-05
243.76	3.75458e-05
243.78	3.73209e-05
243.8	3.70974e-05
243.82	3.68755e-05
243.84	3.6655e-05
243.86	3.64361e-05
243.88	3.62186e-05
243.9	3.60026e-05
243.92	3.5788e-05
243.94	3.55749e-05
243.96	3.53632e-05
243.98	3.5153e-05
244	3.49441e-05
244.02	3.47367e-05
244.04	3.45307e-05
244.06	3.4326e-05
244.08	3.41228e-05
244.1	3.39209e-05
244.12	3.37203e-05
244.14	3.35211e-05
244.16	3.33233e-05
244.18	3.31267e-05
244.2	3.29315e-05
244.22	3.27376e-05
244.24	3.2545e-05
244.26	3.23537e-05
244.28	3.21637e-05
244.3	3.19749e-05
244.32	3.17874e-05
244.34	3.16012e-05
244.36	3.14162e-05
244.38	3.12324e-05
244.4	3.10499e-05
244.42	3.08686e-05
244.44	3.06885e-05
244.46	3.05096e-05
244.48	3.03319e-05
244.5	3.01554e-05
244.52	2.99801e-05
244.54	2.98059e-05
244.56	2.96329e-05
244.58	2.94611e-05
244.6	2.92904e-05
244.62	2.91208e-05
244.64	2.89524e-05
244.66	2.87851e-05
244.68	2.86189e-05
244.7	2.84538e-05
244.72	2.82898e-05
244.74	2.81269e-05
244.76	2.7965e-05
244.78	2.78043e-05
244.8	2.76446e-05
244.82	2.7486e-05
244.84	2.73284e-05
244.86	2.71719e-05
244.88	2.70164e-05
244.9	2.6862e-05
244.92	2.67085e-05
244.94	2.65561e-05
244.96	2.64047e-05
244.98	2.62543e-05
245	2.61049e-05
245.02	2.59565e-05
245.04	2.58091e-05
245.06	2.56626e-05
245.08	2.55171e-05
245.1	2.53726e-05
245.12	2.5229e-05
245.14	2.50864e-05
245.16	2.49447e-05
245.18	2.4804e-05
245.2	2.46642e-05
245.22	2.45253e-05
245.24	2.43873e-05
245.26	2.42503e-05
245.28	2.41141e-05
245.3	2.39788e-05
245.32	2.38445e-05
245.34	2.3711e-05
245.36	2.35784e-05
245.38	2.34466e-05
245.4	2.33158e-05
245.42	2.31857e-05
245.44	2.30566e-05
245.46	2.29283e-05
245.48	2.28008e-05
245.5	2.26742e-05
245.52	2.25484e-05
245.54	2.24235e-05
245.56	2.22993e-05
245.58	2.2176e-05
245.6	2.20535e-05
245.62	2.19318e-05
245.64	2.18109e-05
245.66	2.16907e-05
245.68	2.15714e-05
245.7	2.14529e-05
245.72	2.13351e-05
245.74	2.12181e-05
245.76	2.11019e-05
245.78	2.09864e-05
245.8	2.08717e-05
245.82	2.07577e-05
245.84	2.06445e-05
245.86	2.0532e-05
245.88	2.04203e-05
245.9	2.03093e-05
245.92	2.0199e-05
245.94	2.00894e-05
245.96	1.99806e-05
245.98	1.98724e-05
246	1.9765e-05
246.02	1.96583e-05
246.04	1.95522e-05
246.06	1.94469e-05
246.08	1.93423e-05
246.1	1.92383e-05
246.12	1.9135e-05
246.14	1.90324e-05
246.16	1.89304e-05
246.18	1.88291e-05
246.2	1.87285e-05
246.22	1.86285e-05
246.24	1.85292e-05
246.26	1.84306e-05
246.28	1.83325e-05
246.3	1.82351e-05
246.32	1.81384e-05
246.34	1.80422e-05
246.36	1.79467e-05
246.38	1.78518e-05
246.4	1.77576e-05
246.42	1.76639e-05
246.44	1.75709e-05
246.46	1.74784e-05
246.48	1.73866e-05
246.5	1.72953e-05
246.52	1.72047e-05
246.54	1.71146e-05
246.56	1.70251e-05
246.58	1.69362e-05
246.6	1.68479e-05
246.62	1.67601e-05
246.64	1.66729e-05
246.66	1.65863e-05
246.68	1.65003e-05
246.7	1.64148e-05
246.72	1.63298e-05
246.74	1.62454e-05
246.76	1.61616e-05
246.78	1.60782e-05
246.8	1.59955e-05
246.82	1.59132e-05
246.84	1.58315e-05
246.86	1.57503e-05
246.88	1.56697e-05
246.9	1.55896e-05
246.92	1.551e-05
246.94	1.54309e-05
246.96	1.53523e-05
246.98	1.52742e-05
247	1.51966e-05
247.02	1.51195e-05
247.04	1.5043e-05
247.06	1.49669e-05
247.08	1.48913e-05
247.1	1.48162e-05
247.12	1.47416e-05
247.14	1.46674e-05
247.16	1.45938e-05
247.18	1.45206e-05
247.2	1.44479e-05
247.22	1.43756e-05
247.24	1.43038e-05
247.26	1.42325e-05
247.28	1.41616e-05
247.3	1.40912e-05
247.32	1.40213e-05
247.34	1.39518e-05
247.36	1.38828e-05
247.38	1.38141e-05
247.4	1.3746e-05
247.42	1.36783e-05
247.44	1.3611e-05
247.46	1.35441e-05
247.48	1.34777e-05
247.5	1.34117e-05
247.52	1.33461e-05
247.54	1.32809e-05
247.56	1.32162e-05
247.58	1.31519e-05
247.6	1.3088e-05
247.62	1.30245e-05
247.64	1.29614e-05
247.66	1.28987e-05
247.68	1.28364e-05
247.7	1.27745e-05
247.72	1.27131e-05
247.74	1.2652e-05
247.76	1.25913e-05
247.78	1.2531e-05
247.8	1.2471e-05
247.82	1.24115e-05
247.84	1.23523e-05
247.86	1.22936e-05
247.88	1.22352e-05
247.9	1.21771e-05
247.92	1.21195e-05
247.94	1.20622e-05
247.96	1.20053e-05
247.98	1.19488e-05
248	1.18926e-05
248.02	1.18367e-05
248.04	1.17813e-05
248.06	1.17262e-05
248.08	1.16714e-05
248.1	1.1617e-05
248.12	1.15629e-05
248.14	1.15092e-05
248.16	1.14559e-05
248.18	1.14028e-05
248.2	1.13501e-05
248.22	1.12978e-05
248.24	1.12458e-05
248.26	1.11941e-05
248.28	1.11428e-05
248.3	1.10917e-05
248.32	1.1041e-05
248.34	1.09907e-05
248.36	1.09406e-05
248.38	1.08909e-05
248.4	1.08415e-05
248.42	1.07924e-05
248.44	1.07437e-05
248.46	1.06952e-05
248.48	1.0647e-05
248.5	1.05992e-05
248.52	1.05517e-05
248.54	1.05045e-05
248.56	1.04575e-05
248.58	1.04109e-05
248.6	1.03646e-05
248.62	1.03186e-05
248.64	1.02728e-05
248.66	1.02274e-05
248.68	1.01823e-05
248.7	1.01374e-05
248.72	1.00928e-05
248.74	1.00486e-05
248.76	1.00046e-05
248.78	9.96086e-06
248.8	9.91743e-06
248.82	9.87428e-06
248.84	9.83141e-06
248.86	9.78881e-06
248.88	9.74649e-06
248.9	9.70444e-06
248.92	9.66266e-06
248.94	9.62115e-06
248.96	9.57991e-06
248.98	9.53893e-06
249	9.49822e-06
249.02	9.45777e-06
249.04	9.41758e-06
249.06	9.37766e-06
249.08	9.33798e-06
249.1	9.29857e-06
249.12	9.25941e-06
249.14	9.2205e-06
249.16	9.18185e-06
249.18	9.14344e-06
249.2	9.10529e-06
249.22	9.06738e-06
249.24	9.02971e-06
249.26	8.99229e-06
249.28	8.95512e-06
249.3	8.91818e-06
249.32	8.88148e-06
249.34	8.84503e-06
249.36	8.8088e-06
249.38	8.77282e-06
249.4	8.73706e-06
249.42	8.70154e-06
249.44	8.66625e-06
249.46	8.6312e-06
249.48	8.59636e-06
249.5	8.56176e-06
249.52	8.52738e-06
249.54	8.49323e-06
249.56	8.4593e-06
249.58	8.42559e-06
249.6	8.3921e-06
249.62	8.35883e-06
249.64	8.32578e-06
249.66	8.29294e-06
249.68	8.26032e-06
249.7	8.22792e-06
249.72	8.19572e-06
249.74	8.16374e-06
249.76	8.13197e-06
249.78	8.1004e-06
249.8	8.06905e-06
249.82	8.0379e-06
249.84	8.00696e-06
249.86	7.97622e-06
249.88	7.94568e-06
249.9	7.91535e-06
249.92	7.88521e-06
249.94	7.85528e-06
249.96	7.82554e-06
249.98	7.796e-06
250	7.76666e-06
250.02	7.73751e-06
250.04	7.70856e-06
250.06	7.6798e-06
250.08	7.65123e-06
250.1	7.62285e-06
250.12	7.59467e-06
250.14	7.56666e-06
250.16	7.53885e-06
250.18	7.51123e-06
250.2	7.48378e-06
250.22	7.45653e-06
250.24	7.42946e-06
250.26	7.40256e-06
250.28	7.37585e-06
250.3	7.34933e-06
250.32	7.32298e-06
250.34	7.2968e-06
250.36	7.27081e-06
250.38	7.24499e-06
250.4	7.21935e-06
250.42	7.19388e-06
250.44	7.16859e-06
250.46	7.14347e-06
250.48	7.11852e-06
250.5	7.09374e-06
250.52	7.06913e-06
250.54	7.04469e-06
250.56	7.02042e-06
250.58	6.99631e-06
250.6	6.97237e-06
250.62	6.9486e-06
250.64	6.92499e-06
250.66	6.90155e-06
250.68	6.87826e-06
250.7	6.85514e-06
250.72	6.83218e-06
250.74	6.80939e-06
250.76	6.78675e-06
250.78	6.76427e-06
250.8	6.74195e-06
250.82	6.71978e-06
250.84	6.69777e-06
250.86	6.67592e-06
250.88	6.65422e-06
250.9	6.63268e-06
250.92	6.61129e-06
250.94	6.59005e-06
250.96	6.56896e-06
250.98	6.54803e-06
251	6.52724e-06
251.02	6.50661e-06
251.04	6.48612e-06
251.06	6.46578e-06
251.08	6.44559e-06
251.1	6.42555e-06
251.12	6.40565e-06
251.14	6.3859e-06
251.16	6.36629e-06
251.18	6.34683e-06
251.2	6.32751e-06
251.22	6.30833e-06
251.24	6.28929e-06
251.26	6.2704e-06
251.28	6.25165e-06
251.3	6.23303e-06
251.32	6.21456e-06
251.34	6.19623e-06
251.36	6.17803e-06
251.38	6.15997e-06
251.4	6.14205e-06
251.42	6.12427e-06
251.44	6.10662e-06
251.46	6.08911e-06
251.48	6.07173e-06
251.5	6.05448e-06
251.52	6.03737e-06
251.54	6.0204e-06
251.56	6.00355e-06
251.58	5.98684e-06
251.6	5.97026e-06
251.62	5.95381e-06
251.64	5.93749e-06
251.66	5.92131e-06
251.68	5.90525e-06
251.7	5.88932e-06
251.72	5.87352e-06
251.74	5.85784e-06
251.76	5.8423e-06
251.78	5.82688e-06
251.8	5.81159e-06
251.82	5.79642e-06
251.84	5.78139e-06
251.86	5.76647e-06
251.88	5.75168e-06
251.9	5.73702e-06
251.92	5.72248e-06
251.94	5.70807e-06
251.96	5.69377e-06
251.98	5.6796e-06
252	5.66556e-06
252.02	5.65163e-06
252.04	5.63783e-06
252.06	5.62415e-06
252.08	5.61059e-06
252.1	5.59715e-06
252.12	5.58383e-06
252.14	5.57063e-06
252.16	5.55756e-06
252.18	5.5446e-06
252.2	5.53176e-06
252.22	5.51904e-06
252.24	5.50643e-06
252.26	5.49395e-06
252.28	5.48158e-06
252.3	5.46934e-06
252.32	5.4572e-06
252.34	5.44519e-06
252.36	5.43329e-06
252.38	5.42152e-06
252.4	5.40985e-06
252.42	5.39831e-06
252.44	5.38688e-06
252.46	5.37556e-06
252.48	5.36436e-06
252.5	5.35328e-06
252.52	5.34231e-06
252.54	5.33146e-06
252.56	5.32072e-06
252.58	5.3101e-06
252.6	5.29959e-06
252.62	5.2892e-06
252.64	5.27892e-06
252.66	5.26875e-06
252.68	5.2587e-06
252.7	5.24876e-06
252.72	5.23894e-06
252.74	5.22923e-06
252.76	5.21964e-06
252.78	5.21016e-06
252.8	5.20079e-06
252.82	5.19154e-06
252.84	5.1824e-06
252.86	5.17337e-06
252.88	5.16446e-06
252.9	5.15566e-06
252.92	5.14698e-06
252.94	5.13841e-06
252.96	5.12995e-06
252.98	5.12161e-06
253	5.11338e-06
253.02	5.10526e-06
253.04	5.09726e-06
253.06	5.08938e-06
253.08	5.0816e-06
253.1	5.07395e-06
253.12	5.0664e-06
253.14	5.05898e-06
253.16	5.05166e-06
253.18	5.04446e-06
253.2	5.03738e-06
253.22	5.03041e-06
253.24	5.02356e-06
253.26	5.01683e-06
253.28	5.01021e-06
253.3	5.00371e-06
253.32	4.99732e-06
253.34	4.99105e-06
253.36	4.9849e-06
253.38	4.97887e-06
253.4	4.97295e-06
253.42	4.96716e-06
253.44	4.96148e-06
253.46	4.95592e-06
253.48	4.95049e-06
253.5	4.94517e-06
253.52	4.93997e-06
253.54	4.9349e-06
253.56	4.92994e-06
253.58	4.92511e-06
253.6	4.92041e-06
253.62	4.91582e-06
253.64	4.91137e-06
253.66	4.90703e-06
253.68	4.90282e-06
253.7	4.89874e-06
253.72	4.89479e-06
253.74	4.89096e-06
253.76	4.88726e-06
253.78	4.88369e-06
253.8	4.88026e-06
253.82	4.87695e-06
253.84	4.87378e-06
253.86	4.87073e-06
253.88	4.86783e-06
253.9	4.86506e-06
253.92	4.86242e-06
253.94	4.85993e-06
253.96	4.85757e-06
253.98	4.85535e-06
254	4.85328e-06
254.02	4.85134e-06
254.04	4.84955e-06
254.06	4.84791e-06
254.08	4.84641e-06
254.1	4.84506e-06
254.12	4.84387e-06
254.14	4.84282e-06
254.16	4.84193e-06
254.18	4.84119e-06
254.2	4.84061e-06
254.22	4.84019e-06
254.24	4.83994e-06
254.26	4.83984e-06
254.28	4.83991e-06
254.3	4.84015e-06
254.32	4.84056e-06
254.34	4.84115e-06
254.36	4.84191e-06
254.38	4.84284e-06
254.4	4.84396e-06
254.42	4.84527e-06
254.44	4.84676e-06
254.46	4.84844e-06
254.48	4.85032e-06
254.5	4.85239e-06
254.52	4.85467e-06
254.54	4.85715e-06
254.56	4.85984e-06
254.58	4.86274e-06
254.6	4.86587e-06
254.62	4.86921e-06
254.64	4.87279e-06
254.66	4.8766e-06
254.68	4.88065e-06
254.7	4.88494e-06
254.72	4.88949e-06
254.74	4.8943e-06
254.76	4.89937e-06
254.78	4.90471e-06
254.8	4.91033e-06
254.82	4.91625e-06
254.84	4.92246e-06
254.86	4.92898e-06
254.88	4.93582e-06
254.9	4.94299e-06
254.92	4.9505e-06
254.94	4.95836e-06
254.96	4.96659e-06
254.98	4.9752e-06
255	4.98421e-06
255.02	4.99363e-06
255.04	5.00349e-06
255.06	5.0138e-06
255.08	5.02459e-06
255.1	5.03588e-06
255.12	5.0477e-06
255.14	5.06007e-06
255.16	5.07304e-06
255.18	5.08663e-06
255.2	5.10089e-06
255.22	5.11586e-06
255.24	5.13161e-06
255.26	5.14818e-06
255.28	5.16564e-06
255.3	5.18408e-06
255.32	5.20358e-06
255.34	5.22426e-06
255.36	5.24624e-06
255.38	5.26968e-06
255.4	5.29477e-06
255.42	5.32173e-06
255.44	5.35087e-06
255.46	5.38256e-06
255.48	5.41729e-06
255.5	5.45575e-06
255.52	5.49889e-06
255.54	5.54812e-06
255.56	5.60566e-06
255.58	5.67525e-06
255.6	5.76389e-06
255.62	5.88656e-06
255.64	6.0802e-06
255.66	6.43935e-06
255.68	7.174e-06
255.7	8.6385e-06
255.72	1.11913e-05
255.74	1.52797e-05
255.76	2.16724e-05
255.78	3.10597e-05
255.8	4.37298e-05
255.82	5.97805e-05
255.84	7.90783e-05
255.86	0.000100869
255.88	0.000123713
255.9	0.000145841
255.92	0.000165708
255.94	0.000182463
255.96	0.000195967
255.98	0.000206479
256	0.00021439
256.02	0.000220113
256.04	0.000224081
256.06	0.000226738
256.08	0.000228499
256.1	0.000229705
256.12	0.000230615
256.14	0.000231405
256.16	0.000232192
256.18	0.000233045
256.2	0.000233999
256.22	0.000235069
256.24	0.000236255
256.26	0.000237549
256.28	0.000238937
256.3	0.000240404
256.32	0.000241934
256.34	0.000243511
256.36	0.000245121
256.38	0.00024675
256.4	0.000248386
256.42	0.000250022
256.44	0.000251648
256.46	0.000253259
256.48	0.000254849
256.5	0.000256413
256.52	0.000257949
256.54	0.000259454
256.56	0.000260927
256.58	0.000262366
256.6	0.00026377
256.62	0.00026514
256.64	0.000266473
256.66	0.000267772
256.68	0.000269034
256.7	0.000270261
256.72	0.000271453
256.74	0.00027261
256.76	0.000273731
256.78	0.000274818
256.8	0.000275869
256.82	0.000276886
256.84	0.000277869
256.86	0.000278816
256.88	0.000279729
256.9	0.000280607
256.92	0.000281451
256.94	0.00028226
256.96	0.000283033
256.98	0.000283772
257	0.000284475
257.02	0.000285142
257.04	0.000285774
257.06	0.00028637
257.08	0.00028693
257.1	0.000287453
257.12	0.000287941
257.14	0.000288391
257.16	0.000288805
257.18	0.000289181
257.2	0.000289521
257.22	0.000289823
257.24	0.000290089
257.26	0.000290317
257.28	0.000290507
257.3	0.000290661
257.32	0.000290777
257.34	0.000290857
257.36	0.000290899
257.38	0.000290904
257.4	0.000290873
257.42	0.000290805
257.44	0.000290701
257.46	0.000290562
257.48	0.000290386
257.5	0.000290176
257.52	0.00028993
257.54	0.00028965
257.56	0.000289336
257.58	0.000288988
257.6	0.000288608
257.62	0.000288194
257.64	0.000287748
257.66	0.000287271
257.68	0.000286763
257.7	0.000286224
257.72	0.000285655
257.74	0.000285057
257.76	0.000284431
257.78	0.000283776
257.8	0.000283094
257.82	0.000282385
257.84	0.00028165
257.86	0.000280889
257.88	0.000280104
257.9	0.000279294
257.92	0.000278462
257.94	0.000277606
257.96	0.000276728
257.98	0.000275829
258	0.000274909
258.02	0.000273968
258.04	0.000273009
258.06	0.00027203
258.08	0.000271034
258.1	0.00027002
258.12	0.000268989
258.14	0.000267942
258.16	0.000266879
258.18	0.000265801
258.2	0.000264709
258.22	0.000263603
258.24	0.000262484
258.26	0.000261353
258.28	0.000260209
258.3	0.000259054
258.32	0.000257888
258.34	0.000256712
258.36	0.000255526
258.38	0.000254331
258.4	0.000253127
258.42	0.000251914
258.44	0.000250694
258.46	0.000249466
258.48	0.000248232
258.5	0.000246991
258.52	0.000245744
258.54	0.000244492
258.56	0.000243235
258.58	0.000241973
258.6	0.000240706
258.62	0.000239436
258.64	0.000238162
258.66	0.000236885
258.68	0.000235606
258.7	0.000234324
258.72	0.00023304
258.74	0.000231754
258.76	0.000230466
258.78	0.000229178
258.8	0.000227888
258.82	0.000226599
258.84	0.000225309
258.86	0.000224018
258.88	0.000222729
258.9	0.00022144
258.92	0.000220151
258.94	0.000218864
258.96	0.000217578
258.98	0.000216293
259	0.00021501
259.02	0.00021373
259.04	0.000212451
259.06	0.000211175
259.08	0.000209901
259.1	0.00020863
259.12	0.000207361
259.14	0.000206096
259.16	0.000204834
259.18	0.000203576
259.2	0.000202321
259.22	0.00020107
259.24	0.000199822
259.26	0.000198579
259.28	0.000197339
259.3	0.000196104
259.32	0.000194873
259.34	0.000193647
259.36	0.000192425
259.38	0.000191208
259.4	0.000189995
259.42	0.000188788
259.44	0.000187585
259.46	0.000186388
259.48	0.000185195
259.5	0.000184008
259.52	0.000182826
259.54	0.00018165
259.56	0.000180478
259.58	0.000179313
259.6	0.000178152
259.62	0.000176998
259.64	0.000175849
259.66	0.000174706
259.68	0.000173568
259.7	0.000172436
259.72	0.000171311
259.74	0.000170191
259.76	0.000169076
259.78	0.000167968
259.8	0.000166866
259.82	0.00016577
259.84	0.00016468
259.86	0.000163596
259.88	0.000162518
259.9	0.000161446
259.92	0.00016038
259.94	0.00015932
259.96	0.000158266
259.98	0.000157219
260	0.000156177
260.02	0.000155142
260.04	0.000154113
260.06	0.00015309
260.08	0.000152074
260.1	0.000151063
260.12	0.000150059
260.14	0.000149061
260.16	0.000148069
260.18	0.000147083
260.2	0.000146103
260.22	0.000145129
260.24	0.000144162
260.26	0.000143201
260.28	0.000142245
260.3	0.000141296
260.32	0.000140353
260.34	0.000139416
260.36	0.000138486
260.38	0.000137561
260.4	0.000136642
260.42	0.000135729
260.44	0.000134822
260.46	0.000133921
260.48	0.000133026
260.5	0.000132137
260.52	0.000131254
260.54	0.000130377
260.56	0.000129506
260.58	0.00012864
260.6	0.000127781
260.62	0.000126927
260.64	0.000126078
260.66	0.000125236
260.68	0.000124399
260.7	0.000123568
260.72	0.000122743
260.74	0.000121923
260.76	0.000121109
260.78	0.000120301
260.8	0.000119498
260.82	0.0001187
260.84	0.000117908
260.86	0.000117121
260.88	0.00011634
260.9	0.000115565
260.92	0.000114794
260.94	0.000114029
260.96	0.00011327
260.98	0.000112515
261	0.000111766
261.02	0.000111022
261.04	0.000110283
261.06	0.00010955
261.08	0.000108821
261.1	0.000108098
261.12	0.00010738
261.14	0.000106666
261.16	0.000105958
261.18	0.000105255
261.2	0.000104557
261.22	0.000103863
261.24	0.000103175
261.26	0.000102491
261.28	0.000101812
261.3	0.000101138
261.32	0.000100469
261.34	9.9804e-05
261.36	9.9144e-05
261.38	9.84887e-05
261.4	9.78381e-05
261.42	9.7192e-05
261.44	9.65506e-05
261.46	9.59136e-05
261.48	9.52812e-05
261.5	9.46532e-05
261.52	9.40297e-05
261.54	9.34106e-05
261.56	9.27959e-05
261.58	9.21855e-05
261.6	9.15794e-05
261.62	9.09777e-05
261.64	9.03802e-05
261.66	8.97869e-05
261.68	8.91979e-05
261.7	8.8613e-05
261.72	8.80322e-05
261.74	8.74556e-05
261.76	8.68831e-05
261.78	8.63146e-05
261.8	8.57502e-05
261.82	8.51897e-05
261.84	8.46332e-05
261.86	8.40807e-05
261.88	8.3532e-05
261.9	8.29873e-05
261.92	8.24464e-05
261.94	8.19094e-05
261.96	8.13761e-05
261.98	8.08466e-05
262	8.03209e-05
262.02	7.97989e-05
262.04	7.92806e-05
262.06	7.87659e-05
262.08	7.82549e-05
262.1	7.77475e-05
262.12	7.72437e-05
262.14	7.67434e-05
262.16	7.62467e-05
262.18	7.57535e-05
262.2	7.52638e-05
262.22	7.47775e-05
262.24	7.42946e-05
262.26	7.38152e-05
262.28	7.33392e-05
262.3	7.28665e-05
262.32	7.23971e-05
262.34	7.1931e-05
262.36	7.14683e-05
262.38	7.10087e-05
262.4	7.05524e-05
262.42	7.00994e-05
262.44	6.96495e-05
262.46	6.92027e-05
262.48	6.87591e-05
262.5	6.83186e-05
262.52	6.78812e-05
262.54	6.74469e-05
262.56	6.70156e-05
262.58	6.65874e-05
262.6	6.61621e-05
262.62	6.57399e-05
262.64	6.53205e-05
262.66	6.49042e-05
262.68	6.44907e-05
262.7	6.40801e-05
262.72	6.36725e-05
262.74	6.32676e-05
262.76	6.28656e-05
262.78	6.24664e-05
262.8	6.207e-05
262.82	6.16763e-05
262.84	6.12854e-05
262.86	6.08972e-05
262.88	6.05118e-05
262.9	6.0129e-05
262.92	5.97489e-05
262.94	5.93714e-05
262.96	5.89965e-05
262.98	5.86243e-05
263	5.82547e-05
263.02	5.78876e-05
263.04	5.75231e-05
263.06	5.71611e-05
263.08	5.68016e-05
263.1	5.64446e-05
263.12	5.60901e-05
263.14	5.57381e-05
263.16	5.53885e-05
263.18	5.50413e-05
263.2	5.46966e-05
263.22	5.43542e-05
263.24	5.40142e-05
263.26	5.36765e-05
263.28	5.33412e-05
263.3	5.30082e-05
263.32	5.26775e-05
263.34	5.23491e-05
263.36	5.20229e-05
263.38	5.1699e-05
263.4	5.13773e-05
263.42	5.10579e-05
263.44	5.07407e-05
263.46	5.04256e-05
263.48	5.01127e-05
263.5	4.9802e-05
263.52	4.94934e-05
263.54	4.91869e-05
263.56	4.88826e-05
263.58	4.85803e-05
263.6	4.82801e-05
263.62	4.7982e-05
263.64	4.76859e-05
263.66	4.73918e-05
263.68	4.70998e-05
263.7	4.68098e-05
263.72	4.65217e-05
263.74	4.62357e-05
263.76	4.59516e-05
263.78	4.56694e-05
263.8	4.53892e-05
263.82	4.51109e-05
263.84	4.48345e-05
263.86	4.45599e-05
263.88	4.42873e-05
263.9	4.40165e-05
263.92	4.37476e-05
263.94	4.34805e-05
263.96	4.32152e-05
263.98	4.29517e-05
264	4.26901e-05
264.02	4.24302e-05
264.04	4.21721e-05
264.06	4.19157e-05
264.08	4.16611e-05
264.1	4.14082e-05
264.12	4.11571e-05
264.14	4.09076e-05
264.16	4.06599e-05
264.18	4.04138e-05
264.2	4.01694e-05
264.22	3.99266e-05
264.24	3.96855e-05
264.26	3.94461e-05
264.28	3.92083e-05
264.3	3.8972e-05
264.32	3.87374e-05
264.34	3.85044e-05
264.36	3.82729e-05
264.38	3.8043e-05
264.4	3.78147e-05
264.42	3.75879e-05
264.44	3.73626e-05
264.46	3.71389e-05
264.48	3.69167e-05
264.5	3.6696e-05
264.52	3.64767e-05
264.54	3.6259e-05
264.56	3.60427e-05
264.58	3.58279e-05
264.6	3.56145e-05
264.62	3.54026e-05
264.64	3.51921e-05
264.66	3.4983e-05
264.68	3.47753e-05
264.7	3.4569e-05
264.72	3.43641e-05
264.74	3.41606e-05
264.76	3.39584e-05
264.78	3.37576e-05
264.8	3.35582e-05
264.82	3.33601e-05
264.84	3.31633e-05
264.86	3.29678e-05
264.88	3.27737e-05
264.9	3.25808e-05
264.92	3.23893e-05
264.94	3.2199e-05
264.96	3.201e-05
264.98	3.18223e-05
265	3.16358e-05
265.02	3.14506e-05
265.04	3.12666e-05
265.06	3.10839e-05
265.08	3.09023e-05
265.1	3.0722e-05
265.12	3.05429e-05
265.14	3.0365e-05
265.16	3.01882e-05
265.18	3.00127e-05
265.2	2.98383e-05
265.22	2.96651e-05
265.24	2.9493e-05
265.26	2.93221e-05
265.28	2.91523e-05
265.3	2.89837e-05
265.32	2.88162e-05
265.34	2.86497e-05
265.36	2.84844e-05
265.38	2.83202e-05
265.4	2.81571e-05
265.42	2.79951e-05
265.44	2.78342e-05
265.46	2.76743e-05
265.48	2.75155e-05
265.5	2.73577e-05
265.52	2.7201e-05
265.54	2.70453e-05
265.56	2.68906e-05
265.58	2.6737e-05
265.6	2.65844e-05
265.62	2.64328e-05
265.64	2.62822e-05
265.66	2.61327e-05
265.68	2.59841e-05
265.7	2.58364e-05
265.72	2.56898e-05
265.74	2.55441e-05
265.76	2.53994e-05
265.78	2.52557e-05
265.8	2.51129e-05
265.82	2.4971e-05
265.84	2.48301e-05
265.86	2.46901e-05
265.88	2.4551e-05
265.9	2.44129e-05
265.92	2.42756e-05
265.94	2.41393e-05
265.96	2.40039e-05
265.98	2.38693e-05
266	2.37357e-05
266.02	2.36029e-05
266.04	2.3471e-05
266.06	2.334e-05
266.08	2.32098e-05
266.1	2.30805e-05
266.12	2.2952e-05
266.14	2.28244e-05
266.16	2.26976e-05
266.18	2.25717e-05
266.2	2.24465e-05
266.22	2.23222e-05
266.24	2.21988e-05
266.26	2.20761e-05
266.28	2.19542e-05
266.3	2.18332e-05
266.32	2.17129e-05
266.34	2.15934e-05
266.36	2.14747e-05
266.38	2.13568e-05
266.4	2.12396e-05
266.42	2.11232e-05
266.44	2.10076e-05
266.46	2.08928e-05
266.48	2.07787e-05
266.5	2.06653e-05
266.52	2.05527e-05
266.54	2.04408e-05
266.56	2.03296e-05
266.58	2.02192e-05
266.6	2.01095e-05
266.62	2.00005e-05
266.64	1.98923e-05
266.66	1.97847e-05
266.68	1.96778e-05
266.7	1.95717e-05
266.72	1.94662e-05
266.74	1.93614e-05
266.76	1.92573e-05
266.78	1.91539e-05
266.8	1.90511e-05
266.82	1.8949e-05
266.84	1.88476e-05
266.86	1.87469e-05
266.88	1.86468e-05
266.9	1.85473e-05
266.92	1.84485e-05
266.94	1.83504e-05
266.96	1.82528e-05
266.98	1.8156e-05
267	1.80597e-05
267.02	1.79641e-05
267.04	1.78691e-05
267.06	1.77747e-05
267.08	1.76809e-05
267.1	1.75877e-05
267.12	1.74952e-05
267.14	1.74032e-05
267.16	1.73118e-05
267.18	1.72211e-05
267.2	1.71309e-05
267.22	1.70413e-05
267.24	1.69523e-05
267.26	1.68638e-05
267.28	1.67759e-05
267.3	1.66886e-05
267.32	1.66019e-05
267.34	1.65157e-05
267.36	1.64301e-05
267.38	1.63451e-05
267.4	1.62605e-05
267.42	1.61766e-05
267.44	1.60932e-05
267.46	1.60103e-05
267.48	1.59279e-05
267.5	1.58461e-05
267.52	1.57648e-05
267.54	1.56841e-05
267.56	1.56038e-05
267.58	1.55241e-05
267.6	1.54449e-05
267.62	1.53662e-05
267.64	1.52881e-05
267.66	1.52104e-05
267.68	1.51332e-05
267.7	1.50565e-05
267.72	1.49803e-05
267.74	1.49046e-05
267.76	1.48294e-05
267.78	1.47547e-05
267.8	1.46805e-05
267.82	1.46067e-05
267.84	1.45334e-05
267.86	1.44606e-05
267.88	1.43883e-05
267.9	1.43164e-05
267.92	1.4245e-05
267.94	1.4174e-05
267.96	1.41036e-05
267.98	1.40335e-05
268	1.39639e-05
268.02	1.38948e-05
268.04	1.38261e-05
268.06	1.37578e-05
268.08	1.369e-05
268.1	1.36226e-05
268.12	1.35557e-05
268.14	1.34892e-05
268.16	1.34231e-05
268.18	1.33574e-05
268.2	1.32922e-05
268.22	1.32273e-05
268.24	1.31629e-05
268.26	1.30989e-05
268.28	1.30354e-05
268.3	1.29722e-05
268.32	1.29094e-05
268.34	1.28471e-05
268.36	1.27851e-05
268.38	1.27235e-05
268.4	1.26623e-05
268.42	1.26016e-05
268.44	1.25412e-05
268.46	1.24812e-05
268.48	1.24216e-05
268.5	1.23623e-05
268.52	1.23035e-05
268.54	1.2245e-05
268.56	1.21869e-05
268.58	1.21292e-05
268.6	1.20718e-05
268.62	1.20148e-05
268.64	1.19582e-05
268.66	1.19019e-05
268.68	1.1846e-05
268.7	1.17905e-05
268.72	1.17353e-05
268.74	1.16804e-05
268.76	1.1626e-05
268.78	1.15718e-05
268.8	1.1518e-05
268.82	1.14646e-05
268.84	1.14115e-05
268.86	1.13587e-05
268.88	1.13063e-05
268.9	1.12542e-05
268.92	1.12025e-05
268.94	1.11511e-05
268.96	1.11e-05
268.98	1.10492e-05
269	1.09988e-05
269.02	1.09487e-05
269.04	1.08989e-05
269.06	1.08494e-05
269.08	1.08002e-05
269.1	1.07514e-05
269.12	1.07029e-05
269.14	1.06546e-05
269.16	1.06067e-05
269.18	1.05591e-05
269.2	1.05119e-05
269.22	1.04649e-05
269.24	1.04182e-05
269.26	1.03718e-05
269.28	1.03257e-05
269.3	1.02799e-05
269.32	1.02344e-05
269.34	1.01892e-05
269.36	1.01443e-05
269.38	1.00996e-05
269.4	1.00553e-05
269.42	1.00112e-05
269.44	9.96747e-06
269.46	9.92398e-06
269.48	9.88076e-06
269.5	9.83783e-06
269.52	9.79517e-06
269.54	9.75278e-06
269.56	9.71067e-06
269.58	9.66883e-06
269.6	9.62726e-06
269.62	9.58596e-06
269.64	9.54492e-06
269.66	9.50415e-06
269.68	9.46364e-06
269.7	9.42339e-06
269.72	9.3834e-06
269.74	9.34367e-06
269.76	9.3042e-06
269.78	9.26498e-06
269.8	9.22601e-06
269.82	9.1873e-06
269.84	9.14884e-06
269.86	9.11062e-06
269.88	9.07265e-06
269.9	9.03493e-06
269.92	8.99745e-06
269.94	8.96022e-06
269.96	8.92323e-06
269.98	8.88647e-06
270	8.84996e-06
270.02	8.81368e-06
270.04	8.77764e-06
270.06	8.74183e-06
270.08	8.70625e-06
270.1	8.67091e-06
270.12	8.63579e-06
270.14	8.6009e-06
270.16	8.56625e-06
270.18	8.53181e-06
270.2	8.4976e-06
270.22	8.46362e-06
270.24	8.42986e-06
270.26	8.39631e-06
270.28	8.36299e-06
270.3	8.32988e-06
270.32	8.29699e-06
270.34	8.26432e-06
270.36	8.23186e-06
270.38	8.19961e-06
270.4	8.16758e-06
270.42	8.13575e-06
270.44	8.10414e-06
270.46	8.07273e-06
270.48	8.04153e-06
270.5	8.01053e-06
270.52	7.97974e-06
270.54	7.94915e-06
270.56	7.91877e-06
270.58	7.88858e-06
270.6	7.8586e-06
270.62	7.82881e-06
270.64	7.79922e-06
270.66	7.76983e-06
270.68	7.74063e-06
270.7	7.71163e-06
270.72	7.68282e-06
270.74	7.6542e-06
270.76	7.62577e-06
270.78	7.59753e-06
270.8	7.56948e-06
270.82	7.54162e-06
270.84	7.51394e-06
270.86	7.48645e-06
270.88	7.45914e-06
270.9	7.43202e-06
270.92	7.40508e-06
270.94	7.37832e-06
270.96	7.35174e-06
270.98	7.32535e-06
271	7.29913e-06
271.02	7.27308e-06
271.04	7.24722e-06
271.06	7.22153e-06
271.08	7.19601e-06
271.1	7.17067e-06
271.12	7.1455e-06
271.14	7.1205e-06
271.16	7.09567e-06
271.18	7.07101e-06
271.2	7.04653e-06
271.22	7.02221e-06
271.24	6.99805e-06
271.26	6.97407e-06
271.28	6.95025e-06
271.3	6.92659e-06
271.32	6.9031e-06
271.34	6.87977e-06
271.36	6.8566e-06
271.38	6.8336e-06
271.4	6.81075e-06
271.42	6.78806e-06
271.44	6.76554e-06
271.46	6.74317e-06
271.48	6.72096e-06
271.5	6.6989e-06
271.52	6.677e-06
271.54	6.65526e-06
271.56	6.63367e-06
271.58	6.61223e-06
271.6	6.59094e-06
271.62	6.56981e-06
271.64	6.54883e-06
271.66	6.528e-06
271.68	6.50731e-06
271.7	6.48678e-06
271.72	6.4664e-06
271.74	6.44616e-06
271.76	6.42607e-06
271.78	6.40612e-06
271.8	6.38632e-06
271.82	6.36667e-06
271.84	6.34716e-06
271.86	6.32779e-06
271.88	6.30857e-06
271.9	6.28949e-06
271.92	6.27054e-06
271.94	6.25175e-06
271.96	6.23309e-06
271.98	6.21457e-06
272	6.19618e-06
272.02	6.17794e-06
272.04	6.15984e-06
272.06	6.14187e-06
272.08	6.12404e-06
272.1	6.10634e-06
272.12	6.08878e-06
272.14	6.07136e-06
272.16	6.05406e-06
272.18	6.03691e-06
272.2	6.01988e-06
272.22	6.00299e-06
272.24	5.98623e-06
272.26	5.9696e-06
272.28	5.95311e-06
272.3	5.93674e-06
272.32	5.92051e-06
272.34	5.9044e-06
272.36	5.88842e-06
272.38	5.87257e-06
272.4	5.85685e-06
272.42	5.84126e-06
272.44	5.82579e-06
272.46	5.81045e-06
272.48	5.79524e-06
272.5	5.78015e-06
272.52	5.76519e-06
272.54	5.75035e-06
272.56	5.73564e-06
272.58	5.72105e-06
272.6	5.70658e-06
272.62	5.69224e-06
272.64	5.67802e-06
272.66	5.66393e-06
272.68	5.64995e-06
272.7	5.6361e-06
272.72	5.62237e-06
272.74	5.60876e-06
272.76	5.59527e-06
272.78	5.5819e-06
272.8	5.56865e-06
272.82	5.55552e-06
272.84	5.54251e-06
272.86	5.52962e-06
272.88	5.51685e-06
272.9	5.50419e-06
272.92	5.49165e-06
272.94	5.47924e-06
272.96	5.46694e-06
272.98	5.45475e-06
273	5.44269e-06
273.02	5.43074e-06
273.04	5.4189e-06
273.06	5.40719e-06
273.08	5.39558e-06
273.1	5.3841e-06
273.12	5.37273e-06
273.14	5.36148e-06
273.16	5.35034e-06
273.18	5.33931e-06
273.2	5.32841e-06
273.22	5.31761e-06
273.24	5.30693e-06
273.26	5.29637e-06
273.28	5.28591e-06
273.3	5.27558e-06
273.32	5.26536e-06
273.34	5.25525e-06
273.36	5.24525e-06
273.38	5.23537e-06
273.4	5.2256e-06
273.42	5.21595e-06
273.44	5.20641e-06
273.46	5.19698e-06
273.48	5.18766e-06
273.5	5.17846e-06
273.52	5.16938e-06
273.54	5.1604e-06
273.56	5.15154e-06
273.58	5.14279e-06
273.6	5.13416e-06
273.62	5.12564e-06
273.64	5.11723e-06
273.66	5.10894e-06
273.68	5.10076e-06
273.7	5.09269e-06
273.72	5.08473e-06
273.74	5.07689e-06
273.76	5.06917e-06
273.78	5.06156e-06
273.8	5.05406e-06
273.82	5.04668e-06
273.84	5.03941e-06
273.86	5.03225e-06
273.88	5.02522e-06
273.9	5.01829e-06
273.92	5.01148e-06
273.94	5.00479e-06
273.96	4.99821e-06
273.98	4.99175e-06
274	4.98541e-06
274.02	4.97918e-06
274.04	4.97307e-06
274.06	4.96708e-06
274.08	4.9612e-06
274.1	4.95544e-06
274.12	4.9498e-06
274.14	4.94429e-06
274.16	4.93889e-06
274.18	4.9336e-06
274.2	4.92845e-06
274.22	4.92341e-06
274.24	4.91849e-06
274.26	4.91369e-06
274.28	4.90902e-06
274.3	4.90447e-06
274.32	4.90005e-06
274.34	4.89575e-06
274.36	4.89157e-06
274.38	4.88752e-06
274.4	4.8836e-06
274.42	4.8798e-06
274.44	4.87614e-06
274.46	4.8726e-06
274.48	4.86919e-06
274.5	4.86592e-06
274.52	4.86277e-06
274.54	4.85976e-06
274.56	4.85688e-06
274.58	4.85414e-06
274.6	4.85153e-06
274.62	4.84906e-06
274.64	4.84673e-06
274.66	4.84454e-06
274.68	4.84248e-06
274.7	4.84058e-06
274.72	4.83881e-06
274.74	4.83719e-06
274.76	4.83572e-06
274.78	4.83439e-06
274.8	4.83321e-06
274.82	4.83219e-06
274.84	4.83132e-06
274.86	4.8306e-06
274.88	4.83004e-06
274.9	4.82964e-06
274.92	4.8294e-06
274.94	4.82932e-06
274.96	4.82941e-06
274.98	4.82966e-06
275	4.83009e-06
275.02	4.83069e-06
275.04	4.83146e-06
275.06	4.83241e-06
275.08	4.83354e-06
275.1	4.83486e-06
275.12	4.83636e-06
275.14	4.83805e-06
275.16	4.83994e-06
275.18	4.84202e-06
275.2	4.8443e-06
275.22	4.84679e-06
275.24	4.84948e-06
275.26	4.85239e-06
275.28	4.85552e-06
275.3	4.85887e-06
275.32	4.86245e-06
275.34	4.86626e-06
275.36	4.8703e-06
275.38	4.8746e-06
275.4	4.87914e-06
275.42	4.88394e-06
275.44	4.889e-06
275.46	4.89434e-06
275.48	4.89995e-06
275.5	4.90586e-06
275.52	4.91206e-06
275.54	4.91856e-06
275.56	4.92538e-06
275.58	4.93253e-06
275.6	4.94002e-06
275.62	4.94786e-06
275.64	4.95606e-06
275.66	4.96465e-06
275.68	4.97362e-06
275.7	4.98301e-06
275.72	4.99283e-06
275.74	5.00311e-06
275.76	5.01385e-06
275.78	5.02509e-06
275.8	5.03685e-06
275.82	5.04917e-06
275.84	5.06207e-06
275.86	5.07559e-06
275.88	5.08978e-06
275.9	5.10467e-06
275.92	5.12032e-06
275.94	5.13679e-06
275.96	5.15414e-06
275.98	5.17245e-06
276	5.19182e-06
276.02	5.21234e-06
276.04	5.23414e-06
276.06	5.25738e-06
276.08	5.28223e-06
276.1	5.30893e-06
276.12	5.33775e-06
276.14	5.36906e-06
276.16	5.40333e-06
276.18	5.44123e-06
276.2	5.48364e-06
276.22	5.53192e-06
276.24	5.58811e-06
276.26	5.6557e-06
276.28	5.74107e-06
276.3	5.85758e-06
276.32	6.03765e-06
276.34	6.36507e-06
276.36	7.02829e-06
276.38	8.36909e-06
276.4	1.07557e-05
276.42	1.4596e-05
276.44	2.06296e-05
276.46	2.95887e-05
276.48	4.18098e-05
276.5	5.74061e-05
276.52	7.6297e-05
276.54	9.78282e-05
276.56	0.000120637
276.58	0.00014297
276.6	0.000163215
276.62	0.000180417
276.64	0.000194353
276.66	0.00020525
276.68	0.00021349
276.7	0.000219486
276.72	0.000223665
276.74	0.000226475
276.76	0.000228336
276.78	0.000229601
276.8	0.000230539
276.82	0.000231338
276.84	0.000232121
276.86	0.000232963
276.88	0.000233904
276.9	0.000234959
276.92	0.00023613
276.94	0.000237412
276.96	0.000238789
276.98	0.000240248
277	0.000241772
277.02	0.000243345
277.04	0.000244952
277.06	0.00024658
277.08	0.000248217
277.1	0.000249855
277.12	0.000251484
277.14	0.000253098
277.16	0.000254692
277.18	0.000256261
277.2	0.000257802
277.22	0.000259312
277.24	0.000260791
277.26	0.000262235
277.28	0.000263645
277.3	0.00026502
277.32	0.00026636
277.34	0.000267664
277.36	0.000268932
277.38	0.000270165
277.4	0.000271362
277.42	0.000272524
277.44	0.000273651
277.46	0.000274743
277.48	0.0002758
277.5	0.000276823
277.52	0.00027781
277.54	0.000278764
277.56	0.000279682
277.58	0.000280565
277.6	0.000281414
277.62	0.000282228
277.64	0.000283007
277.66	0.000283751
277.68	0.00028446
277.7	0.000285132
277.72	0.00028577
277.74	0.000286371
277.76	0.000286936
277.78	0.000287465
277.8	0.000287958
277.82	0.000288414
277.84	0.000288833
277.86	0.000289215
277.88	0.00028956
277.9	0.000289868
277.92	0.000290139
277.94	0.000290372
277.96	0.000290569
277.98	0.000290727
278	0.000290849
278.02	0.000290934
278.04	0.000290981
278.06	0.000290992
278.08	0.000290966
278.1	0.000290904
278.12	0.000290805
278.14	0.00029067
278.16	0.0002905
278.18	0.000290294
278.2	0.000290054
278.22	0.000289778
278.24	0.000289469
278.26	0.000289126
278.28	0.00028875
278.3	0.000288341
278.32	0.0002879
278.34	0.000287427
278.36	0.000286923
278.38	0.000286388
278.4	0.000285823
278.42	0.000285229
278.44	0.000284606
278.46	0.000283956
278.48	0.000283277
278.5	0.000282572
278.52	0.00028184
278.54	0.000281083
278.56	0.000280301
278.58	0.000279495
278.6	0.000278665
278.62	0.000277812
278.64	0.000276937
278.66	0.000276041
278.68	0.000275123
278.7	0.000274186
278.72	0.000273228
278.74	0.000272252
278.76	0.000271258
278.78	0.000270246
278.8	0.000269217
278.82	0.000268172
278.84	0.000267111
278.86	0.000266035
278.88	0.000264945
278.9	0.000263841
278.92	0.000262724
278.94	0.000261594
278.96	0.000260451
278.98	0.000259298
279	0.000258133
279.02	0.000256958
279.04	0.000255773
279.06	0.000254578
279.08	0.000253375
279.1	0.000252164
279.12	0.000250944
279.14	0.000249717
279.16	0.000248484
279.18	0.000247243
279.2	0.000245997
279.22	0.000244745
279.24	0.000243488
279.26	0.000242227
279.28	0.00024096
279.3	0.00023969
279.32	0.000238417
279.34	0.00023714
279.36	0.000235861
279.38	0.000234578
279.4	0.000233294
279.42	0.000232008
279.44	0.000230721
279.46	0.000229432
279.48	0.000228143
279.5	0.000226852
279.52	0.000225562
279.54	0.000224272
279.56	0.000222982
279.58	0.000221692
279.6	0.000220403
279.62	0.000219115
279.64	0.000217829
279.66	0.000216544
279.68	0.00021526
279.7	0.000213979
279.72	0.000212699
279.74	0.000211422
279.76	0.000210148
279.78	0.000208876
279.8	0.000207607
279.82	0.000206341
279.84	0.000205079
279.86	0.000203819
279.88	0.000202563
279.9	0.000201311
279.92	0.000200063
279.94	0.000198819
279.96	0.000197578
279.98	0.000196342
280	0.00019511
280.02	0.000193883
280.04	0.00019266
280.06	0.000191442
280.08	0.000190229
280.1	0.00018902
280.12	0.000187817
280.14	0.000186618
280.16	0.000185425
280.18	0.000184236
280.2	0.000183053
280.22	0.000181876
280.24	0.000180703
280.26	0.000179537
280.28	0.000178375
280.3	0.00017722
280.32	0.00017607
280.34	0.000174925
280.36	0.000173787
280.38	0.000172654
280.4	0.000171527
280.42	0.000170406
280.44	0.00016929
280.46	0.000168181
280.48	0.000167078
280.5	0.00016598
280.52	0.000164889
280.54	0.000163804
280.56	0.000162725
280.58	0.000161651
280.6	0.000160584
280.62	0.000159524
280.64	0.000158469
280.66	0.00015742
280.68	0.000156378
280.7	0.000155341
280.72	0.000154311
280.74	0.000153287
280.76	0.000152269
280.78	0.000151258
280.8	0.000150252
280.82	0.000149253
280.84	0.00014826
280.86	0.000147273
280.88	0.000146292
280.9	0.000145317
280.92	0.000144349
280.94	0.000143386
280.96	0.00014243
280.98	0.000141479
281	0.000140535
281.02	0.000139597
281.04	0.000138665
281.06	0.000137739
281.08	0.000136819
281.1	0.000135905
281.12	0.000134998
281.14	0.000134096
281.16	0.0001332
281.18	0.000132309
281.2	0.000131425
281.22	0.000130547
281.24	0.000129675
281.26	0.000128808
281.28	0.000127947
281.3	0.000127092
281.32	0.000126243
281.34	0.0001254
281.36	0.000124562
281.38	0.00012373
281.4	0.000122903
281.42	0.000122083
281.44	0.000121267
281.46	0.000120458
281.48	0.000119654
281.5	0.000118855
281.52	0.000118062
281.54	0.000117275
281.56	0.000116493
281.58	0.000115716
281.6	0.000114945
281.62	0.000114179
281.64	0.000113418
281.66	0.000112663
281.68	0.000111913
281.7	0.000111168
281.72	0.000110428
281.74	0.000109694
281.76	0.000108964
281.78	0.00010824
281.8	0.000107521
281.82	0.000106806
281.84	0.000106097
281.86	0.000105393
281.88	0.000104694
281.9	0.000104
281.92	0.00010331
281.94	0.000102625
281.96	0.000101946
281.98	0.000101271
282	0.000100601
282.02	9.9935e-05
282.04	9.92742e-05
282.06	9.86181e-05
282.08	9.79666e-05
282.1	9.73197e-05
282.12	9.66774e-05
282.14	9.60396e-05
282.16	9.54064e-05
282.18	9.47776e-05
282.2	9.41532e-05
282.22	9.35333e-05
282.24	9.29178e-05
282.26	9.23066e-05
282.28	9.16998e-05
282.3	9.10972e-05
282.32	9.0499e-05
282.34	8.99049e-05
282.36	8.93151e-05
282.38	8.87294e-05
282.4	8.81479e-05
282.42	8.75706e-05
282.44	8.69973e-05
282.46	8.6428e-05
282.48	8.58628e-05
282.5	8.53017e-05
282.52	8.47444e-05
282.54	8.41912e-05
282.56	8.36418e-05
282.58	8.30964e-05
282.6	8.25548e-05
282.62	8.2017e-05
282.64	8.1483e-05
282.66	8.09529e-05
282.68	8.04264e-05
282.7	7.99037e-05
282.72	7.93847e-05
282.74	7.88694e-05
282.76	7.83577e-05
282.78	7.78497e-05
282.8	7.73452e-05
282.82	7.68443e-05
282.84	7.63469e-05
282.86	7.5853e-05
282.88	7.53626e-05
282.9	7.48757e-05
282.92	7.43923e-05
282.94	7.39122e-05
282.96	7.34355e-05
282.98	7.29622e-05
283	7.24922e-05
283.02	7.20255e-05
283.04	7.15621e-05
283.06	7.1102e-05
283.08	7.06451e-05
283.1	7.01914e-05
283.12	6.97409e-05
283.14	6.92936e-05
283.16	6.88494e-05
283.18	6.84083e-05
283.2	6.79704e-05
283.22	6.75355e-05
283.24	6.71036e-05
283.26	6.66748e-05
283.28	6.6249e-05
283.3	6.58262e-05
283.32	6.54063e-05
283.34	6.49894e-05
283.36	6.45754e-05
283.38	6.41643e-05
283.4	6.3756e-05
283.42	6.33506e-05
283.44	6.29481e-05
283.46	6.25484e-05
283.48	6.21514e-05
283.5	6.17572e-05
283.52	6.13658e-05
283.54	6.09771e-05
283.56	6.05911e-05
283.58	6.02079e-05
283.6	5.98272e-05
283.62	5.94493e-05
283.64	5.90739e-05
283.66	5.87012e-05
283.68	5.83311e-05
283.7	5.79635e-05
283.72	5.75985e-05
283.74	5.7236e-05
283.76	5.68761e-05
283.78	5.65186e-05
283.8	5.61637e-05
283.82	5.58112e-05
283.84	5.54611e-05
283.86	5.51135e-05
283.88	5.47682e-05
283.9	5.44254e-05
283.92	5.40849e-05
283.94	5.37468e-05
283.96	5.34111e-05
283.98	5.30776e-05
284	5.27465e-05
284.02	5.24176e-05
284.04	5.2091e-05
284.06	5.17667e-05
284.08	5.14446e-05
284.1	5.11248e-05
284.12	5.08071e-05
284.14	5.04916e-05
284.16	5.01783e-05
284.18	4.98672e-05
284.2	4.95582e-05
284.22	4.92513e-05
284.24	4.89465e-05
284.26	4.86439e-05
284.28	4.83433e-05
284.3	4.80447e-05
284.32	4.77483e-05
284.34	4.74538e-05
284.36	4.71614e-05
284.38	4.6871e-05
284.4	4.65826e-05
284.42	4.62961e-05
284.44	4.60116e-05
284.46	4.57291e-05
284.48	4.54485e-05
284.5	4.51698e-05
284.52	4.4893e-05
284.54	4.46182e-05
284.56	4.43452e-05
284.58	4.4074e-05
284.6	4.38047e-05
284.62	4.35373e-05
284.64	4.32716e-05
284.66	4.30078e-05
284.68	4.27458e-05
284.7	4.24856e-05
284.72	4.22271e-05
284.74	4.19704e-05
284.76	4.17155e-05
284.78	4.14623e-05
284.8	4.12108e-05
284.82	4.0961e-05
284.84	4.07129e-05
284.86	4.04665e-05
284.88	4.02218e-05
284.9	3.99787e-05
284.92	3.97373e-05
284.94	3.94975e-05
284.96	3.92593e-05
284.98	3.90228e-05
285	3.87879e-05
285.02	3.85545e-05
285.04	3.83228e-05
285.06	3.80926e-05
285.08	3.78639e-05
285.1	3.76368e-05
285.12	3.74113e-05
285.14	3.71872e-05
285.16	3.69647e-05
285.18	3.67437e-05
285.2	3.65242e-05
285.22	3.63061e-05
285.24	3.60896e-05
285.26	3.58745e-05
285.28	3.56608e-05
285.3	3.54486e-05
285.32	3.52378e-05
285.34	3.50284e-05
285.36	3.48204e-05
285.38	3.46139e-05
285.4	3.44087e-05
285.42	3.42049e-05
285.44	3.40025e-05
285.46	3.38014e-05
285.48	3.36017e-05
285.5	3.34033e-05
285.52	3.32063e-05
285.54	3.30106e-05
285.56	3.28162e-05
285.58	3.26231e-05
285.6	3.24312e-05
285.62	3.22407e-05
285.64	3.20515e-05
285.66	3.18635e-05
285.68	3.16768e-05
285.7	3.14913e-05
285.72	3.13071e-05
285.74	3.11241e-05
285.76	3.09423e-05
285.78	3.07617e-05
285.8	3.05824e-05
285.82	3.04042e-05
285.84	3.02272e-05
285.86	3.00514e-05
285.88	2.98768e-05
285.9	2.97034e-05
285.92	2.95311e-05
285.94	2.93599e-05
285.96	2.91899e-05
285.98	2.90211e-05
286	2.88533e-05
286.02	2.86867e-05
286.04	2.85211e-05
286.06	2.83567e-05
286.08	2.81934e-05
286.1	2.80311e-05
286.12	2.787e-05
286.14	2.77099e-05
286.16	2.75508e-05
286.18	2.73929e-05
286.2	2.72359e-05
286.22	2.708e-05
286.24	2.69252e-05
286.26	2.67714e-05
286.28	2.66186e-05
286.3	2.64668e-05
286.32	2.6316e-05
286.34	2.61662e-05
286.36	2.60174e-05
286.38	2.58696e-05
286.4	2.57227e-05
286.42	2.55769e-05
286.44	2.54319e-05
286.46	2.5288e-05
286.48	2.5145e-05
286.5	2.5003e-05
286.52	2.48618e-05
286.54	2.47217e-05
286.56	2.45824e-05
286.58	2.44441e-05
286.6	2.43066e-05
286.62	2.41701e-05
286.64	2.40345e-05
286.66	2.38998e-05
286.68	2.37659e-05
286.7	2.3633e-05
286.72	2.35009e-05
286.74	2.33697e-05
286.76	2.32393e-05
286.78	2.31098e-05
286.8	2.29812e-05
286.82	2.28534e-05
286.84	2.27265e-05
286.86	2.26003e-05
286.88	2.2475e-05
286.9	2.23506e-05
286.92	2.22269e-05
286.94	2.21041e-05
286.96	2.19821e-05
286.98	2.18608e-05
287	2.17404e-05
287.02	2.16207e-05
287.04	2.15019e-05
287.06	2.13838e-05
287.08	2.12665e-05
287.1	2.11499e-05
287.12	2.10342e-05
287.14	2.09191e-05
287.16	2.08049e-05
287.18	2.06914e-05
287.2	2.05786e-05
287.22	2.04665e-05
287.24	2.03552e-05
287.26	2.02447e-05
287.28	2.01348e-05
287.3	2.00257e-05
287.32	1.99173e-05
287.34	1.98095e-05
287.36	1.97025e-05
287.38	1.95962e-05
287.4	1.94906e-05
287.42	1.93857e-05
287.44	1.92814e-05
287.46	1.91778e-05
287.48	1.9075e-05
287.5	1.89727e-05
287.52	1.88712e-05
287.54	1.87703e-05
287.56	1.867e-05
287.58	1.85705e-05
287.6	1.84715e-05
287.62	1.83732e-05
287.64	1.82756e-05
287.66	1.81786e-05
287.68	1.80822e-05
287.7	1.79864e-05
287.72	1.78913e-05
287.74	1.77967e-05
287.76	1.77028e-05
287.78	1.76095e-05
287.8	1.75168e-05
287.82	1.74247e-05
287.84	1.73333e-05
287.86	1.72424e-05
287.88	1.7152e-05
287.9	1.70623e-05
287.92	1.69732e-05
287.94	1.68846e-05
287.96	1.67966e-05
287.98	1.67092e-05
288	1.66223e-05
288.02	1.65361e-05
288.04	1.64503e-05
288.06	1.63651e-05
288.08	1.62805e-05
288.1	1.61964e-05
288.12	1.61129e-05
288.14	1.60299e-05
288.16	1.59474e-05
288.18	1.58655e-05
288.2	1.57841e-05
288.22	1.57032e-05
288.24	1.56229e-05
288.26	1.55431e-05
288.28	1.54638e-05
288.3	1.5385e-05
288.32	1.53067e-05
288.34	1.52289e-05
288.36	1.51516e-05
288.38	1.50748e-05
288.4	1.49985e-05
288.42	1.49227e-05
288.44	1.48474e-05
288.46	1.47726e-05
288.48	1.46982e-05
288.5	1.46244e-05
288.52	1.4551e-05
288.54	1.44781e-05
288.56	1.44056e-05
288.58	1.43337e-05
288.6	1.42621e-05
288.62	1.41911e-05
288.64	1.41205e-05
288.66	1.40504e-05
288.68	1.39807e-05
288.7	1.39114e-05
288.72	1.38426e-05
288.74	1.37743e-05
288.76	1.37064e-05
288.78	1.36389e-05
288.8	1.35719e-05
288.82	1.35052e-05
288.84	1.34391e-05
288.86	1.33733e-05
288.88	1.3308e-05
288.9	1.3243e-05
288.92	1.31785e-05
288.94	1.31145e-05
288.96	1.30508e-05
288.98	1.29875e-05
289	1.29247e-05
289.02	1.28622e-05
289.04	1.28002e-05
289.06	1.27385e-05
289.08	1.26772e-05
289.1	1.26164e-05
289.12	1.25559e-05
289.14	1.24958e-05
289.16	1.24361e-05
289.18	1.23768e-05
289.2	1.23178e-05
289.22	1.22593e-05
289.24	1.22011e-05
289.26	1.21433e-05
289.28	1.20858e-05
289.3	1.20288e-05
289.32	1.19721e-05
289.34	1.19157e-05
289.36	1.18597e-05
289.38	1.18041e-05
289.4	1.17488e-05
289.42	1.16939e-05
289.44	1.16394e-05
289.46	1.15851e-05
289.48	1.15313e-05
289.5	1.14778e-05
289.52	1.14246e-05
289.54	1.13717e-05
289.56	1.13192e-05
289.58	1.12671e-05
289.6	1.12153e-05
289.62	1.11638e-05
289.64	1.11126e-05
289.66	1.10618e-05
289.68	1.10112e-05
289.7	1.09611e-05
289.72	1.09112e-05
289.74	1.08616e-05
289.76	1.08124e-05
289.78	1.07635e-05
289.8	1.07149e-05
289.82	1.06666e-05
289.84	1.06186e-05
289.86	1.0571e-05
289.88	1.05236e-05
289.9	1.04766e-05
289.92	1.04298e-05
289.94	1.03833e-05
289.96	1.03372e-05
289.98	1.02913e-05
290	1.02457e-05
290.02	1.02005e-05
290.04	1.01555e-05
290.06	1.01108e-05
290.08	1.00664e-05
290.1	1.00223e-05
290.12	9.97842e-06
290.14	9.93486e-06
290.16	9.89158e-06
290.18	9.84858e-06
290.2	9.80586e-06
290.22	9.76341e-06
290.24	9.72123e-06
290.26	9.67933e-06
290.28	9.63769e-06
290.3	9.59633e-06
290.32	9.55523e-06
290.34	9.5144e-06
290.36	9.47382e-06
290.38	9.43351e-06
290.4	9.39346e-06
290.42	9.35367e-06
290.44	9.31414e-06
290.46	9.27486e-06
290.48	9.23583e-06
290.5	9.19706e-06
290.52	9.15854e-06
290.54	9.12026e-06
290.56	9.08224e-06
290.58	9.04445e-06
290.6	9.00692e-06
290.62	8.96963e-06
290.64	8.93257e-06
290.66	8.89576e-06
290.68	8.85919e-06
290.7	8.82286e-06
290.72	8.78676e-06
290.74	8.75089e-06
290.76	8.71526e-06
290.78	8.67986e-06
290.8	8.64469e-06
290.82	8.60975e-06
290.84	8.57503e-06
290.86	8.54055e-06
290.88	8.50628e-06
290.9	8.47224e-06
290.92	8.43843e-06
290.94	8.40483e-06
290.96	8.37145e-06
290.98	8.33829e-06
291	8.30535e-06
291.02	8.27263e-06
291.04	8.24011e-06
291.06	8.20781e-06
291.08	8.17573e-06
291.1	8.14385e-06
291.12	8.11218e-06
291.14	8.08072e-06
291.16	8.04947e-06
291.18	8.01843e-06
291.2	7.98758e-06
291.22	7.95695e-06
291.24	7.92651e-06
291.26	7.89627e-06
291.28	7.86624e-06
291.3	7.8364e-06
291.32	7.80677e-06
291.34	7.77732e-06
291.36	7.74808e-06
291.38	7.71902e-06
291.4	7.69016e-06
291.42	7.6615e-06
291.44	7.63302e-06
291.46	7.60473e-06
291.48	7.57664e-06
291.5	7.54873e-06
291.52	7.521e-06
291.54	7.49347e-06
291.56	7.46611e-06
291.58	7.43894e-06
291.6	7.41196e-06
291.62	7.38515e-06
291.64	7.35853e-06
291.66	7.33208e-06
291.68	7.30582e-06
291.7	7.27973e-06
291.72	7.25382e-06
291.74	7.22808e-06
291.76	7.20252e-06
291.78	7.17713e-06
291.8	7.15192e-06
291.82	7.12688e-06
291.84	7.102e-06
291.86	7.0773e-06
291.88	7.05277e-06
291.9	7.02841e-06
291.92	7.00421e-06
291.94	6.98018e-06
291.96	6.95632e-06
291.98	6.93262e-06
292	6.90908e-06
292.02	6.88571e-06
292.04	6.8625e-06
292.06	6.83945e-06
292.08	6.81656e-06
292.1	6.79383e-06
292.12	6.77127e-06
292.14	6.74885e-06
292.16	6.7266e-06
292.18	6.7045e-06
292.2	6.68256e-06
292.22	6.66077e-06
292.24	6.63914e-06
292.26	6.61766e-06
292.28	6.59634e-06
292.3	6.57516e-06
292.32	6.55414e-06
292.34	6.53327e-06
292.36	6.51255e-06
292.38	6.49197e-06
292.4	6.47155e-06
292.42	6.45127e-06
292.44	6.43114e-06
292.46	6.41115e-06
292.48	6.39131e-06
292.5	6.37162e-06
292.52	6.35207e-06
292.54	6.33266e-06
292.56	6.3134e-06
292.58	6.29428e-06
292.6	6.2753e-06
292.62	6.25646e-06
292.64	6.23776e-06
292.66	6.2192e-06
292.68	6.20078e-06
292.7	6.1825e-06
292.72	6.16435e-06
292.74	6.14634e-06
292.76	6.12847e-06
292.78	6.11074e-06
292.8	6.09314e-06
292.82	6.07568e-06
292.84	6.05835e-06
292.86	6.04115e-06
292.88	6.02409e-06
292.9	6.00716e-06
292.92	5.99036e-06
292.94	5.9737e-06
292.96	5.95716e-06
292.98	5.94076e-06
293	5.92448e-06
293.02	5.90834e-06
293.04	5.89232e-06
293.06	5.87643e-06
293.08	5.86068e-06
293.1	5.84504e-06
293.12	5.82954e-06
293.14	5.81416e-06
293.16	5.79891e-06
293.18	5.78379e-06
293.2	5.76879e-06
293.22	5.75391e-06
293.24	5.73916e-06
293.26	5.72453e-06
293.28	5.71003e-06
293.3	5.69565e-06
293.32	5.6814e-06
293.34	5.66726e-06
293.36	5.65325e-06
293.38	5.63936e-06
293.4	5.62559e-06
293.42	5.61194e-06
293.44	5.59841e-06
293.46	5.58501e-06
293.48	5.57172e-06
293.5	5.55855e-06
293.52	5.5455e-06
293.54	5.53258e-06
293.56	5.51977e-06
293.58	5.50707e-06
293.6	5.4945e-06
293.62	5.48204e-06
293.64	5.4697e-06
293.66	5.45748e-06
293.68	5.44538e-06
293.7	5.43339e-06
293.72	5.42152e-06
293.74	5.40976e-06
293.76	5.39813e-06
293.78	5.3866e-06
293.8	5.37519e-06
293.82	5.3639e-06
293.84	5.35273e-06
293.86	5.34166e-06
293.88	5.33072e-06
293.9	5.31988e-06
293.92	5.30916e-06
293.94	5.29856e-06
293.96	5.28807e-06
293.98	5.27769e-06
294	5.26743e-06
294.02	5.25728e-06
294.04	5.24725e-06
294.06	5.23733e-06
294.08	5.22752e-06
294.1	5.21783e-06
294.12	5.20825e-06
294.14	5.19878e-06
294.16	5.18943e-06
294.18	5.18018e-06
294.2	5.17106e-06
294.22	5.16204e-06
294.24	5.15314e-06
294.26	5.14435e-06
294.28	5.13568e-06
294.3	5.12711e-06
294.32	5.11866e-06
294.34	5.11033e-06
294.36	5.10211e-06
294.38	5.094e-06
294.4	5.086e-06
294.42	5.07812e-06
294.44	5.07035e-06
294.46	5.0627e-06
294.48	5.05516e-06
294.5	5.04773e-06
294.52	5.04042e-06
294.54	5.03322e-06
294.56	5.02614e-06
294.58	5.01917e-06
294.6	5.01232e-06
294.62	5.00558e-06
294.64	4.99896e-06
294.66	4.99245e-06
294.68	4.98606e-06
294.7	4.97979e-06
294.72	4.97363e-06
294.74	4.96759e-06
294.76	4.96167e-06
294.78	4.95586e-06
294.8	4.95018e-06
294.82	4.94461e-06
294.84	4.93916e-06
294.86	4.93383e-06
294.88	4.92862e-06
294.9	4.92353e-06
294.92	4.91857e-06
294.94	4.91372e-06
294.96	4.909e-06
294.98	4.9044e-06
295	4.89992e-06
295.02	4.89557e-06
295.04	4.89134e-06
295.06	4.88724e-06
295.08	4.88326e-06
295.1	4.87941e-06
295.12	4.87569e-06
295.14	4.87209e-06
295.16	4.86863e-06
295.18	4.8653e-06
295.2	4.86209e-06
295.22	4.85902e-06
295.24	4.85608e-06
295.26	4.85328e-06
295.28	4.85061e-06
295.3	4.84808e-06
295.32	4.84569e-06
295.34	4.84343e-06
295.36	4.84132e-06
295.38	4.83934e-06
295.4	4.83751e-06
295.42	4.83583e-06
295.44	4.83428e-06
295.46	4.83289e-06
295.48	4.83164e-06
295.5	4.83055e-06
295.52	4.8296e-06
295.54	4.82881e-06
295.56	4.82818e-06
295.58	4.8277e-06
295.6	4.82739e-06
295.62	4.82723e-06
295.64	4.82724e-06
295.66	4.82741e-06
295.68	4.82776e-06
295.7	4.82827e-06
295.72	4.82896e-06
295.74	4.82982e-06
295.76	4.83086e-06
295.78	4.83209e-06
295.8	4.8335e-06
295.82	4.83509e-06
295.84	4.83688e-06
295.86	4.83887e-06
295.88	4.84105e-06
295.9	4.84343e-06
295.92	4.84602e-06
295.94	4.84882e-06
295.96	4.85184e-06
295.98	4.85507e-06
296	4.85853e-06
296.02	4.86222e-06
296.04	4.86614e-06
296.06	4.87031e-06
296.08	4.87472e-06
296.1	4.87939e-06
296.12	4.88431e-06
296.14	4.8895e-06
296.16	4.89497e-06
296.18	4.90072e-06
296.2	4.90676e-06
296.22	4.9131e-06
296.24	4.91975e-06
296.26	4.92673e-06
296.28	4.93403e-06
296.3	4.94168e-06
296.32	4.94968e-06
296.34	4.95806e-06
296.36	4.96682e-06
296.38	4.97598e-06
296.4	4.98557e-06
296.42	4.99559e-06
296.44	5.00607e-06
296.46	5.01703e-06
296.48	5.02851e-06
296.5	5.04051e-06
296.52	5.05308e-06
296.54	5.06626e-06
296.56	5.08007e-06
296.58	5.09456e-06
296.6	5.10977e-06
296.62	5.12578e-06
296.64	5.14262e-06
296.66	5.16038e-06
296.68	5.17914e-06
296.7	5.19899e-06
296.72	5.22005e-06
296.74	5.24245e-06
296.76	5.26636e-06
296.78	5.29198e-06
296.8	5.31954e-06
296.82	5.34938e-06
296.84	5.38189e-06
296.86	5.41762e-06
296.88	5.4573e-06
296.9	5.50201e-06
296.92	5.55334e-06
296.94	5.61383e-06
296.96	5.68792e-06
296.98	5.78418e-06
297	5.92175e-06
297.02	6.14933e-06
297.04	6.58721e-06
297.06	7.49644e-06
297.08	9.25122e-06
297.1	1.21931e-05
297.12	1.6872e-05
297.14	2.40901e-05
297.16	3.44267e-05
297.18	4.80863e-05
297.2	6.51289e-05
297.22	8.52779e-05
297.24	0.000107562
297.26	0.000130396
297.28	0.000152014
297.3	0.000171039
297.32	0.000186846
297.34	0.000199449
297.36	0.000209165
297.38	0.000216397
297.4	0.000221565
297.42	0.000225105
297.44	0.00022746
297.46	0.000229026
297.48	0.000230122
297.5	0.00023098
297.52	0.00023176
297.54	0.00023256
297.56	0.00023344
297.58	0.000234427
297.6	0.000235532
297.62	0.000236751
297.64	0.000238075
297.66	0.000239489
297.68	0.000240978
297.7	0.000242524
297.72	0.000244114
297.74	0.000245732
297.76	0.000247366
297.78	0.000249005
297.8	0.00025064
297.82	0.000252265
297.84	0.000253871
297.86	0.000255456
297.88	0.000257014
297.9	0.000258543
297.92	0.000260041
297.94	0.000261506
297.96	0.000262937
297.98	0.000264333
298	0.000265694
298.02	0.000267019
298.04	0.000268309
298.06	0.000269563
298.08	0.000270781
298.1	0.000271965
298.12	0.000273113
298.14	0.000274225
298.16	0.000275304
298.18	0.000276347
298.2	0.000277355
298.22	0.000278329
298.24	0.000279268
298.26	0.000280173
298.28	0.000281042
298.3	0.000281877
298.32	0.000282677
298.34	0.000283442
298.36	0.000284171
298.38	0.000284866
298.4	0.000285524
298.42	0.000286147
298.44	0.000286734
298.46	0.000287284
298.48	0.000287799
298.5	0.000288276
298.52	0.000288717
298.54	0.000289121
298.56	0.000289489
298.58	0.000289819
298.6	0.000290111
298.62	0.000290367
298.64	0.000290585
298.66	0.000290766
298.68	0.00029091
298.7	0.000291016
298.72	0.000291085
298.74	0.000291118
298.76	0.000291113
298.78	0.000291072
298.8	0.000290995
298.82	0.000290881
298.84	0.000290732
298.86	0.000290547
298.88	0.000290327
298.9	0.000290072
298.92	0.000289782
298.94	0.000289459
298.96	0.000289102
298.98	0.000288712
299	0.00028829
299.02	0.000287835
299.04	0.000287349
299.06	0.000286832
299.08	0.000286285
299.1	0.000285708
299.12	0.000285102
299.14	0.000284467
299.16	0.000283804
299.18	0.000283115
299.2	0.000282398
299.22	0.000281656
299.24	0.000280888
299.26	0.000280095
299.28	0.000279279
299.3	0.000278439
299.32	0.000277577
299.34	0.000276693
299.36	0.000275787
299.38	0.000274861
299.4	0.000273915
299.42	0.00027295
299.44	0.000271966
299.46	0.000270964
299.48	0.000269945
299.5	0.000268909
299.52	0.000267857
299.54	0.000266789
299.56	0.000265707
299.58	0.000264611
299.6	0.000263501
299.62	0.000262377
299.64	0.000261242
299.66	0.000260095
299.68	0.000258936
299.7	0.000257766
299.72	0.000256587
299.74	0.000255398
299.76	0.000254199
299.78	0.000252992
299.8	0.000251777
299.82	0.000250554
299.84	0.000249323
299.86	0.000248087
299.88	0.000246843
299.9	0.000245594
299.92	0.00024434
299.94	0.000243081
299.96	0.000241817
299.98	0.000240548
300	0.000239276
300.02	0.000238001
300.04	0.000236723
300.06	0.000235442
300.08	0.000234158
300.1	0.000232873
300.12	0.000231586
300.14	0.000230297
300.16	0.000229008
300.18	0.000227717
300.2	0.000226427
300.22	0.000225136
300.24	0.000223845
300.26	0.000222555
300.28	0.000221265
300.3	0.000219976
300.32	0.000218688
300.34	0.000217402
300.36	0.000216117
300.38	0.000214834
300.4	0.000213553
300.42	0.000212274
300.44	0.000210998
300.46	0.000209724
300.48	0.000208453
300.5	0.000207184
300.52	0.000205919
300.54	0.000204658
300.56	0.000203399
300.58	0.000202145
300.6	0.000200893
300.62	0.000199646
300.64	0.000198403
300.66	0.000197164
300.68	0.000195929
300.7	0.000194699
300.72	0.000193473
300.74	0.000192252
300.76	0.000191035
300.78	0.000189823
300.8	0.000188616
300.82	0.000187414
300.84	0.000186217
300.86	0.000185026
300.88	0.000183839
300.9	0.000182658
300.92	0.000181482
300.94	0.000180311
300.96	0.000179146
300.98	0.000177987
301	0.000176833
301.02	0.000175685
301.04	0.000174543
301.06	0.000173406
301.08	0.000172275
301.1	0.00017115
301.12	0.000170031
301.14	0.000168918
301.16	0.00016781
301.18	0.000166709
301.2	0.000165614
301.22	0.000164525
301.24	0.000163441
301.26	0.000162364
301.28	0.000161293
301.3	0.000160228
301.32	0.00015917
301.34	0.000158117
301.36	0.00015707
301.38	0.00015603
301.4	0.000154996
301.42	0.000153968
301.44	0.000152946
301.46	0.00015193
301.48	0.000150921
301.5	0.000149917
301.52	0.00014892
301.54	0.000147929
301.56	0.000146944
301.58	0.000145966
301.6	0.000144993
301.62	0.000144027
301.64	0.000143066
301.66	0.000142112
301.68	0.000141164
301.7	0.000140222
301.72	0.000139286
301.74	0.000138356
301.76	0.000137432
301.78	0.000136514
301.8	0.000135603
301.82	0.000134697
301.84	0.000133797
301.86	0.000132903
301.88	0.000132015
301.9	0.000131133
301.92	0.000130257
301.94	0.000129386
301.96	0.000128522
301.98	0.000127663
302	0.00012681
302.02	0.000125963
302.04	0.000125121
302.06	0.000124286
302.08	0.000123456
302.1	0.000122631
302.12	0.000121812
302.14	0.000120999
302.16	0.000120192
302.18	0.00011939
302.2	0.000118593
302.22	0.000117802
302.24	0.000117016
302.26	0.000116236
302.28	0.000115461
302.3	0.000114692
302.32	0.000113928
302.34	0.000113169
302.36	0.000112415
302.38	0.000111667
302.4	0.000110924
302.42	0.000110186
302.44	0.000109454
302.46	0.000108726
302.48	0.000108003
302.5	0.000107286
302.52	0.000106574
302.54	0.000105866
302.56	0.000105164
302.58	0.000104466
302.6	0.000103774
302.62	0.000103086
302.64	0.000102403
302.66	0.000101725
302.68	0.000101052
302.7	0.000100383
302.72	9.97192e-05
302.74	9.90601e-05
302.76	9.84056e-05
302.78	9.77557e-05
302.8	9.71104e-05
302.82	9.64697e-05
302.84	9.58335e-05
302.86	9.52018e-05
302.88	9.45746e-05
302.9	9.39518e-05
302.92	9.33334e-05
302.94	9.27194e-05
302.96	9.21098e-05
302.98	9.15045e-05
303	9.09034e-05
303.02	9.03066e-05
303.04	8.97141e-05
303.06	8.91257e-05
303.08	8.85415e-05
303.1	8.79615e-05
303.12	8.73855e-05
303.14	8.68137e-05
303.16	8.62458e-05
303.18	8.56821e-05
303.2	8.51223e-05
303.22	8.45664e-05
303.24	8.40145e-05
303.26	8.34665e-05
303.28	8.29224e-05
303.3	8.23822e-05
303.32	8.18458e-05
303.34	8.13131e-05
303.36	8.07843e-05
303.38	8.02591e-05
303.4	7.97377e-05
303.42	7.922e-05
303.44	7.8706e-05
303.46	7.81955e-05
303.48	7.76887e-05
303.5	7.71855e-05
303.52	7.66858e-05
303.54	7.61897e-05
303.56	7.5697e-05
303.58	7.52079e-05
303.6	7.47221e-05
303.62	7.42398e-05
303.64	7.3761e-05
303.66	7.32855e-05
303.68	7.28133e-05
303.7	7.23445e-05
303.72	7.18789e-05
303.74	7.14167e-05
303.76	7.09577e-05
303.78	7.05019e-05
303.8	7.00493e-05
303.82	6.95999e-05
303.84	6.91537e-05
303.86	6.87106e-05
303.88	6.82706e-05
303.9	6.78337e-05
303.92	6.73999e-05
303.94	6.69691e-05
303.96	6.65413e-05
303.98	6.61165e-05
304	6.56947e-05
304.02	6.52759e-05
304.04	6.486e-05
304.06	6.4447e-05
304.08	6.40368e-05
304.1	6.36296e-05
304.12	6.32252e-05
304.14	6.28236e-05
304.16	6.24248e-05
304.18	6.20289e-05
304.2	6.16356e-05
304.22	6.12452e-05
304.24	6.08574e-05
304.26	6.04724e-05
304.28	6.009e-05
304.3	5.97103e-05
304.32	5.93332e-05
304.34	5.89588e-05
304.36	5.8587e-05
304.38	5.82177e-05
304.4	5.7851e-05
304.42	5.74869e-05
304.44	5.71253e-05
304.46	5.67662e-05
304.48	5.64096e-05
304.5	5.60555e-05
304.52	5.57038e-05
304.54	5.53546e-05
304.56	5.50078e-05
304.58	5.46634e-05
304.6	5.43214e-05
304.62	5.39817e-05
304.64	5.36444e-05
304.66	5.33094e-05
304.68	5.29768e-05
304.7	5.26464e-05
304.72	5.23183e-05
304.74	5.19925e-05
304.76	5.1669e-05
304.78	5.13476e-05
304.8	5.10285e-05
304.82	5.07116e-05
304.84	5.03969e-05
304.86	5.00843e-05
304.88	4.97739e-05
304.9	4.94656e-05
304.92	4.91595e-05
304.94	4.88554e-05
304.96	4.85535e-05
304.98	4.82536e-05
305	4.79557e-05
305.02	4.766e-05
305.04	4.73662e-05
305.06	4.70745e-05
305.08	4.67847e-05
305.1	4.6497e-05
305.12	4.62112e-05
305.14	4.59274e-05
305.16	4.56455e-05
305.18	4.53655e-05
305.2	4.50875e-05
305.22	4.48114e-05
305.24	4.45371e-05
305.26	4.42648e-05
305.28	4.39942e-05
305.3	4.37256e-05
305.32	4.34587e-05
305.34	4.31937e-05
305.36	4.29305e-05
305.38	4.26691e-05
305.4	4.24095e-05
305.42	4.21516e-05
305.44	4.18955e-05
305.46	4.16411e-05
305.48	4.13885e-05
305.5	4.11376e-05
305.52	4.08884e-05
305.54	4.06408e-05
305.56	4.0395e-05
305.58	4.01508e-05
305.6	3.99083e-05
305.62	3.96675e-05
305.64	3.94282e-05
305.66	3.91906e-05
305.68	3.89546e-05
305.7	3.87202e-05
305.72	3.84874e-05
305.74	3.82562e-05
305.76	3.80265e-05
305.78	3.77984e-05
305.8	3.75718e-05
305.82	3.73467e-05
305.84	3.71232e-05
305.86	3.69012e-05
305.88	3.66807e-05
305.9	3.64616e-05
305.92	3.62441e-05
305.94	3.6028e-05
305.96	3.58134e-05
305.98	3.56002e-05
306	3.53885e-05
306.02	3.51781e-05
306.04	3.49692e-05
306.06	3.47617e-05
306.08	3.45556e-05
306.1	3.43509e-05
306.12	3.41476e-05
306.14	3.39456e-05
306.16	3.3745e-05
306.18	3.35457e-05
306.2	3.33478e-05
306.22	3.31512e-05
306.24	3.29559e-05
306.26	3.27619e-05
306.28	3.25693e-05
306.3	3.23779e-05
306.32	3.21878e-05
306.34	3.19989e-05
306.36	3.18114e-05
306.38	3.16251e-05
306.4	3.144e-05
306.42	3.12562e-05
306.44	3.10736e-05
306.46	3.08922e-05
306.48	3.0712e-05
306.5	3.05331e-05
306.52	3.03553e-05
306.54	3.01787e-05
306.56	3.00033e-05
306.58	2.98291e-05
306.6	2.9656e-05
306.62	2.94841e-05
306.64	2.93133e-05
306.66	2.91437e-05
306.68	2.89752e-05
306.7	2.88078e-05
306.72	2.86415e-05
306.74	2.84764e-05
306.76	2.83123e-05
306.78	2.81493e-05
306.8	2.79874e-05
306.82	2.78266e-05
306.84	2.76669e-05
306.86	2.75082e-05
306.88	2.73506e-05
306.9	2.7194e-05
306.92	2.70384e-05
306.94	2.68839e-05
306.96	2.67304e-05
306.98	2.65779e-05
307	2.64265e-05
307.02	2.6276e-05
307.04	2.61265e-05
307.06	2.5978e-05
307.08	2.58305e-05
307.1	2.5684e-05
307.12	2.55385e-05
307.14	2.53939e-05
307.16	2.52502e-05
307.18	2.51076e-05
307.2	2.49658e-05
307.22	2.4825e-05
307.24	2.46851e-05
307.26	2.45462e-05
307.28	2.44081e-05
307.3	2.4271e-05
307.32	2.41348e-05
307.34	2.39994e-05
307.36	2.3865e-05
307.38	2.37314e-05
307.4	2.35988e-05
307.42	2.3467e-05
307.44	2.3336e-05
307.46	2.3206e-05
307.48	2.30767e-05
307.5	2.29484e-05
307.52	2.28208e-05
307.54	2.26942e-05
307.56	2.25683e-05
307.58	2.24433e-05
307.6	2.23191e-05
307.62	2.21957e-05
307.64	2.20731e-05
307.66	2.19513e-05
307.68	2.18304e-05
307.7	2.17102e-05
307.72	2.15908e-05
307.74	2.14722e-05
307.76	2.13543e-05
307.78	2.12373e-05
307.8	2.1121e-05
307.82	2.10054e-05
307.84	2.08907e-05
307.86	2.07766e-05
307.88	2.06634e-05
307.9	2.05508e-05
307.92	2.0439e-05
307.94	2.03279e-05
307.96	2.02176e-05
307.98	2.0108e-05
308	1.99991e-05
308.02	1.98909e-05
308.04	1.97834e-05
308.06	1.96766e-05
308.08	1.95705e-05
308.1	1.94651e-05
308.12	1.93604e-05
308.14	1.92564e-05
308.16	1.9153e-05
308.18	1.90503e-05
308.2	1.89483e-05
308.22	1.8847e-05
308.24	1.87463e-05
308.26	1.86463e-05
308.28	1.85469e-05
308.3	1.84481e-05
308.32	1.835e-05
308.34	1.82526e-05
308.36	1.81558e-05
308.38	1.80596e-05
308.4	1.7964e-05
308.42	1.78691e-05
308.44	1.77747e-05
308.46	1.7681e-05
308.48	1.75879e-05
308.5	1.74954e-05
308.52	1.74035e-05
308.54	1.73122e-05
308.56	1.72215e-05
308.58	1.71314e-05
308.6	1.70418e-05
308.62	1.69529e-05
308.64	1.68645e-05
308.66	1.67767e-05
308.68	1.66894e-05
308.7	1.66028e-05
308.72	1.65166e-05
308.74	1.64311e-05
308.76	1.63461e-05
308.78	1.62616e-05
308.8	1.61777e-05
308.82	1.60943e-05
308.84	1.60115e-05
308.86	1.59292e-05
308.88	1.58475e-05
308.9	1.57662e-05
308.92	1.56855e-05
308.94	1.56053e-05
308.96	1.55257e-05
308.98	1.54465e-05
309	1.53679e-05
309.02	1.52897e-05
309.04	1.52121e-05
309.06	1.5135e-05
309.08	1.50583e-05
309.1	1.49822e-05
309.12	1.49066e-05
309.14	1.48314e-05
309.16	1.47567e-05
309.18	1.46825e-05
309.2	1.46088e-05
309.22	1.45356e-05
309.24	1.44628e-05
309.26	1.43905e-05
309.28	1.43187e-05
309.3	1.42473e-05
309.32	1.41764e-05
309.34	1.41059e-05
309.36	1.40359e-05
309.38	1.39664e-05
309.4	1.38973e-05
309.42	1.38286e-05
309.44	1.37604e-05
309.46	1.36926e-05
309.48	1.36253e-05
309.5	1.35584e-05
309.52	1.34919e-05
309.54	1.34259e-05
309.56	1.33602e-05
309.58	1.3295e-05
309.6	1.32302e-05
309.62	1.31659e-05
309.64	1.31019e-05
309.66	1.30384e-05
309.68	1.29752e-05
309.7	1.29125e-05
309.72	1.28502e-05
309.74	1.27882e-05
309.76	1.27267e-05
309.78	1.26656e-05
309.8	1.26048e-05
309.82	1.25444e-05
309.84	1.24845e-05
309.86	1.24249e-05
309.88	1.23657e-05
309.9	1.23069e-05
309.92	1.22484e-05
309.94	1.21903e-05
309.96	1.21326e-05
309.98	1.20753e-05
310	1.20184e-05
310.02	1.19618e-05
310.04	1.19055e-05
310.06	1.18497e-05
310.08	1.17941e-05
310.1	1.1739e-05
310.12	1.16842e-05
310.14	1.16297e-05
310.16	1.15756e-05
310.18	1.15218e-05
310.2	1.14684e-05
310.22	1.14154e-05
310.24	1.13626e-05
310.26	1.13102e-05
310.28	1.12582e-05
310.3	1.12065e-05
310.32	1.11551e-05
310.34	1.1104e-05
310.36	1.10533e-05
310.38	1.10028e-05
310.4	1.09528e-05
310.42	1.0903e-05
310.44	1.08535e-05
310.46	1.08044e-05
310.48	1.07556e-05
310.5	1.07071e-05
310.52	1.06589e-05
310.54	1.0611e-05
310.56	1.05634e-05
310.58	1.05162e-05
310.6	1.04692e-05
310.62	1.04225e-05
310.64	1.03762e-05
310.66	1.03301e-05
310.68	1.02843e-05
310.7	1.02389e-05
310.72	1.01937e-05
310.74	1.01488e-05
310.76	1.01042e-05
310.78	1.00598e-05
310.8	1.00158e-05
310.82	9.97205e-06
310.84	9.92858e-06
310.86	9.88539e-06
310.88	9.84247e-06
310.9	9.79983e-06
310.92	9.75747e-06
310.94	9.71538e-06
310.96	9.67356e-06
310.98	9.63201e-06
311	9.59072e-06
311.02	9.5497e-06
311.04	9.50895e-06
311.06	9.46846e-06
311.08	9.42823e-06
311.1	9.38826e-06
311.12	9.34855e-06
311.14	9.30909e-06
311.16	9.26989e-06
311.18	9.23094e-06
311.2	9.19224e-06
311.22	9.1538e-06
311.24	9.1156e-06
311.26	9.07765e-06
311.28	9.03994e-06
311.3	9.00248e-06
311.32	8.96527e-06
311.34	8.92829e-06
311.36	8.89155e-06
311.38	8.85505e-06
311.4	8.81879e-06
311.42	8.78276e-06
311.44	8.74697e-06
311.46	8.71141e-06
311.48	8.67608e-06
311.5	8.64098e-06
311.52	8.60611e-06
311.54	8.57147e-06
311.56	8.53705e-06
311.58	8.50285e-06
311.6	8.46888e-06
311.62	8.43513e-06
311.64	8.40161e-06
311.66	8.3683e-06
311.68	8.3352e-06
311.7	8.30233e-06
311.72	8.26967e-06
311.74	8.23722e-06
311.76	8.20499e-06
311.78	8.17297e-06
311.8	8.14116e-06
311.82	8.10956e-06
311.84	8.07816e-06
311.86	8.04697e-06
311.88	8.01599e-06
311.9	7.98521e-06
311.92	7.95464e-06
311.94	7.92427e-06
311.96	7.89409e-06
311.98	7.86412e-06
312	7.83435e-06
312.02	7.80477e-06
312.04	7.77539e-06
312.06	7.7462e-06
312.08	7.71721e-06
312.1	7.68841e-06
312.12	7.65981e-06
312.14	7.63139e-06
312.16	7.60316e-06
312.18	7.57512e-06
312.2	7.54727e-06
312.22	7.51961e-06
312.24	7.49213e-06
312.26	7.46484e-06
312.28	7.43772e-06
312.3	7.4108e-06
312.32	7.38405e-06
312.34	7.35748e-06
312.36	7.33109e-06
312.38	7.30489e-06
312.4	7.27885e-06
312.42	7.253e-06
312.44	7.22732e-06
312.46	7.20181e-06
312.48	7.17648e-06
312.5	7.15132e-06
312.52	7.12633e-06
312.54	7.10152e-06
312.56	7.07687e-06
312.58	7.05239e-06
312.6	7.02808e-06
312.62	7.00394e-06
312.64	6.97997e-06
312.66	6.95616e-06
312.68	6.93251e-06
312.7	6.90903e-06
312.72	6.88571e-06
312.74	6.86255e-06
312.76	6.83956e-06
312.78	6.81672e-06
312.8	6.79405e-06
312.82	6.77153e-06
312.84	6.74917e-06
312.86	6.72697e-06
312.88	6.70492e-06
312.9	6.68303e-06
312.92	6.6613e-06
312.94	6.63972e-06
312.96	6.61829e-06
312.98	6.59701e-06
313	6.57589e-06
313.02	6.55492e-06
313.04	6.5341e-06
313.06	6.51342e-06
313.08	6.4929e-06
313.1	6.47252e-06
313.12	6.4523e-06
313.14	6.43222e-06
313.16	6.41228e-06
313.18	6.39249e-06
313.2	6.37285e-06
313.22	6.35335e-06
313.24	6.33399e-06
313.26	6.31477e-06
313.28	6.2957e-06
313.3	6.27677e-06
313.32	6.25798e-06
313.34	6.23933e-06
313.36	6.22082e-06
313.38	6.20245e-06
313.4	6.18421e-06
313.42	6.16612e-06
313.44	6.14816e-06
313.46	6.13034e-06
313.48	6.11265e-06
313.5	6.0951e-06
313.52	6.07768e-06
313.54	6.0604e-06
313.56	6.04325e-06
313.58	6.02624e-06
313.6	6.00936e-06
313.62	5.99261e-06
313.64	5.97599e-06
313.66	5.9595e-06
313.68	5.94315e-06
313.7	5.92692e-06
313.72	5.91082e-06
313.74	5.89485e-06
313.76	5.87902e-06
313.78	5.8633e-06
313.8	5.84772e-06
313.82	5.83226e-06
313.84	5.81693e-06
313.86	5.80173e-06
313.88	5.78665e-06
313.9	5.7717e-06
313.92	5.75687e-06
313.94	5.74217e-06
313.96	5.72759e-06
313.98	5.71313e-06
314	5.6988e-06
314.02	5.68459e-06
314.04	5.67051e-06
314.06	5.65654e-06
314.08	5.6427e-06
314.1	5.62898e-06
314.12	5.61538e-06
314.14	5.6019e-06
314.16	5.58854e-06
314.18	5.5753e-06
314.2	5.56218e-06
314.22	5.54918e-06
314.24	5.5363e-06
314.26	5.52354e-06
314.28	5.5109e-06
314.3	5.49837e-06
314.32	5.48596e-06
314.34	5.47367e-06
314.36	5.4615e-06
314.38	5.44945e-06
314.4	5.43751e-06
314.42	5.42568e-06
314.44	5.41398e-06
314.46	5.40239e-06
314.48	5.39092e-06
314.5	5.37956e-06
314.52	5.36832e-06
314.54	5.35719e-06
314.56	5.34618e-06
314.58	5.33528e-06
314.6	5.3245e-06
314.62	5.31383e-06
314.64	5.30328e-06
314.66	5.29284e-06
314.68	5.28251e-06
314.7	5.2723e-06
314.72	5.26221e-06
314.74	5.25222e-06
314.76	5.24235e-06
314.78	5.2326e-06
314.8	5.22296e-06
314.82	5.21343e-06
314.84	5.20401e-06
314.86	5.19471e-06
314.88	5.18553e-06
314.9	5.17645e-06
314.92	5.16749e-06
314.94	5.15864e-06
314.96	5.14991e-06
314.98	5.14129e-06
315	5.13278e-06
315.02	5.12439e-06
315.04	5.11611e-06
315.06	5.10794e-06
315.08	5.09989e-06
315.1	5.09195e-06
315.12	5.08413e-06
315.14	5.07642e-06
315.16	5.06882e-06
315.18	5.06134e-06
315.2	5.05397e-06
315.22	5.04672e-06
315.24	5.03958e-06
315.26	5.03256e-06
315.28	5.02565e-06
315.3	5.01886e-06
315.32	5.01218e-06
315.34	5.00562e-06
315.36	4.99918e-06
315.38	4.99285e-06
315.4	4.98664e-06
315.42	4.98055e-06
315.44	4.97457e-06
315.46	4.96872e-06
315.48	4.96298e-06
315.5	4.95736e-06
315.52	4.95186e-06
315.54	4.94648e-06
315.56	4.94122e-06
315.58	4.93608e-06
315.6	4.93106e-06
315.62	4.92616e-06
315.64	4.92139e-06
315.66	4.91674e-06
315.68	4.91221e-06
315.7	4.90781e-06
315.72	4.90353e-06
315.74	4.89937e-06
315.76	4.89535e-06
315.78	4.89145e-06
315.8	4.88768e-06
315.82	4.88403e-06
315.84	4.88052e-06
315.86	4.87714e-06
315.88	4.87388e-06
315.9	4.87076e-06
315.92	4.86778e-06
315.94	4.86492e-06
315.96	4.86221e-06
315.98	4.85963e-06
316	4.85718e-06
316.02	4.85488e-06
316.04	4.85272e-06
316.06	4.85069e-06
316.08	4.84881e-06
316.1	4.84708e-06
316.12	4.84549e-06
316.14	4.84404e-06
316.16	4.84275e-06
316.18	4.84161e-06
316.2	4.84061e-06
316.22	4.83978e-06
316.24	4.83909e-06
316.26	4.83857e-06
316.28	4.8382e-06
316.3	4.838e-06
316.32	4.83796e-06
316.34	4.83808e-06
316.36	4.83837e-06
316.38	4.83884e-06
316.4	4.83948e-06
316.42	4.84029e-06
316.44	4.84128e-06
316.46	4.84246e-06
316.48	4.84381e-06
316.5	4.84536e-06
316.52	4.8471e-06
316.54	4.84903e-06
316.56	4.85116e-06
316.58	4.85349e-06
316.6	4.85603e-06
316.62	4.85878e-06
316.64	4.86174e-06
316.66	4.86492e-06
316.68	4.86833e-06
316.7	4.87196e-06
316.72	4.87583e-06
316.74	4.87994e-06
316.76	4.88429e-06
316.78	4.8889e-06
316.8	4.89377e-06
316.82	4.8989e-06
316.84	4.9043e-06
316.86	4.90999e-06
316.88	4.91597e-06
316.9	4.92225e-06
316.92	4.92884e-06
316.94	4.93574e-06
316.96	4.94298e-06
316.98	4.95056e-06
317	4.95849e-06
317.02	4.96679e-06
317.04	4.97548e-06
317.06	4.98456e-06
317.08	4.99407e-06
317.1	5.004e-06
317.12	5.0144e-06
317.14	5.02527e-06
317.16	5.03665e-06
317.18	5.04856e-06
317.2	5.06103e-06
317.22	5.07409e-06
317.24	5.08779e-06
317.26	5.10215e-06
317.28	5.11724e-06
317.3	5.13311e-06
317.32	5.1498e-06
317.34	5.1674e-06
317.36	5.18599e-06
317.38	5.20565e-06
317.4	5.2265e-06
317.42	5.24866e-06
317.44	5.27231e-06
317.46	5.29762e-06
317.48	5.32485e-06
317.5	5.35428e-06
317.52	5.38631e-06
317.54	5.42146e-06
317.56	5.46042e-06
317.58	5.5042e-06
317.6	5.55427e-06
317.62	5.61297e-06
317.64	5.6843e-06
317.66	5.77584e-06
317.68	5.90406e-06
317.7	6.11015e-06
317.72	6.49833e-06
317.74	7.29822e-06
317.76	8.87343e-06
317.78	1.15741e-05
317.8	1.58859e-05
317.82	2.25957e-05
317.84	3.23533e-05
317.86	4.54105e-05
317.88	6.18519e-05
317.9	8.14925e-05
317.92	0.000103493
317.94	0.000126351
317.96	0.000148295
317.98	0.000167838
318	0.000184221
318.02	0.000197367
318.04	0.000207561
318.06	0.0002152
318.08	0.0002207
318.1	0.000224495
318.12	0.000227028
318.14	0.000228709
318.16	0.000229869
318.18	0.000230756
318.2	0.00023154
318.22	0.000232332
318.24	0.000233195
318.26	0.000234162
318.28	0.000235245
318.3	0.000236444
318.32	0.00023775
318.34	0.000239149
318.36	0.000240624
318.38	0.000242161
318.4	0.000243743
318.42	0.000245356
318.44	0.000246986
318.46	0.000248624
318.48	0.00025026
318.5	0.000251885
318.52	0.000253495
318.54	0.000255082
318.56	0.000256644
318.58	0.000258177
318.6	0.00025968
318.62	0.000261149
318.64	0.000262585
318.66	0.000263986
318.68	0.000265352
318.7	0.000266683
318.72	0.000267977
318.74	0.000269237
318.76	0.00027046
318.78	0.000271649
318.8	0.000272802
318.82	0.00027392
318.84	0.000275003
318.86	0.000276052
318.88	0.000277065
318.9	0.000278044
318.92	0.000278989
318.94	0.000279898
318.96	0.000280773
318.98	0.000281613
319	0.000282419
319.02	0.000283189
319.04	0.000283924
319.06	0.000284624
319.08	0.000285288
319.1	0.000285916
319.12	0.000286508
319.14	0.000287065
319.16	0.000287585
319.18	0.000288068
319.2	0.000288515
319.22	0.000288925
319.24	0.000289298
319.26	0.000289634
319.28	0.000289933
319.3	0.000290194
319.32	0.000290419
319.34	0.000290606
319.36	0.000290755
319.38	0.000290868
319.4	0.000290943
319.42	0.000290982
319.44	0.000290983
319.46	0.000290948
319.48	0.000290877
319.5	0.00029077
319.52	0.000290626
319.54	0.000290447
319.56	0.000290233
319.58	0.000289984
319.6	0.0002897
319.62	0.000289383
319.64	0.000289031
319.66	0.000288647
319.68	0.00028823
319.7	0.000287781
319.72	0.000287301
319.74	0.000286789
319.76	0.000286247
319.78	0.000285675
319.8	0.000285074
319.82	0.000284444
319.84	0.000283787
319.86	0.000283102
319.88	0.00028239
319.9	0.000281652
319.92	0.000280889
319.94	0.000280101
319.96	0.000279289
319.98	0.000278453
320	0.000277595
320.02	0.000276715
320.04	0.000275813
320.06	0.000274891
320.08	0.000273949
320.1	0.000272987
320.12	0.000272007
320.14	0.000271008
320.16	0.000269992
320.18	0.000268959
320.2	0.00026791
320.22	0.000266846
320.24	0.000265767
320.26	0.000264673
320.28	0.000263566
320.3	0.000262445
320.32	0.000261312
320.34	0.000260168
320.36	0.000259011
320.38	0.000257844
320.4	0.000256667
320.42	0.00025548
320.44	0.000254283
320.46	0.000253078
320.48	0.000251865
320.5	0.000250644
320.52	0.000249415
320.54	0.00024818
320.56	0.000246938
320.58	0.000245691
320.6	0.000244438
320.62	0.00024318
320.64	0.000241918
320.66	0.000240651
320.68	0.00023938
320.7	0.000238106
320.72	0.000236828
320.74	0.000235548
320.76	0.000234266
320.78	0.000232982
320.8	0.000231695
320.82	0.000230408
320.84	0.000229119
320.86	0.00022783
320.88	0.00022654
320.9	0.00022525
320.92	0.000223959
320.94	0.00022267
320.96	0.00022138
320.98	0.000220092
321	0.000218805
321.02	0.000217519
321.04	0.000216234
321.06	0.000214952
321.08	0.000213671
321.1	0.000212392
321.12	0.000211116
321.14	0.000209842
321.16	0.000208572
321.18	0.000207304
321.2	0.000206039
321.22	0.000204777
321.24	0.000203519
321.26	0.000202264
321.28	0.000201013
321.3	0.000199766
321.32	0.000198523
321.34	0.000197284
321.36	0.000196049
321.38	0.000194819
321.4	0.000193592
321.42	0.000192371
321.44	0.000191154
321.46	0.000189942
321.48	0.000188735
321.5	0.000187533
321.52	0.000186336
321.54	0.000185144
321.56	0.000183957
321.58	0.000182776
321.6	0.0001816
321.62	0.000180429
321.64	0.000179264
321.66	0.000178104
321.68	0.00017695
321.7	0.000175801
321.72	0.000174659
321.74	0.000173522
321.76	0.00017239
321.78	0.000171265
321.8	0.000170146
321.82	0.000169032
321.84	0.000167924
321.86	0.000166823
321.88	0.000165727
321.9	0.000164637
321.92	0.000163554
321.94	0.000162476
321.96	0.000161405
321.98	0.000160339
322	0.00015928
322.02	0.000158227
322.04	0.00015718
322.06	0.000156139
322.08	0.000155105
322.1	0.000154076
322.12	0.000153054
322.14	0.000152038
322.16	0.000151028
322.18	0.000150024
322.2	0.000149026
322.22	0.000148035
322.24	0.00014705
322.26	0.00014607
322.28	0.000145097
322.3	0.00014413
322.32	0.00014317
322.34	0.000142215
322.36	0.000141266
322.38	0.000140324
322.4	0.000139387
322.42	0.000138457
322.44	0.000137533
322.46	0.000136614
322.48	0.000135702
322.5	0.000134796
322.52	0.000133895
322.54	0.000133001
322.56	0.000132113
322.58	0.00013123
322.6	0.000130353
322.62	0.000129482
322.64	0.000128617
322.66	0.000127758
322.68	0.000126905
322.7	0.000126057
322.72	0.000125215
322.74	0.000124379
322.76	0.000123548
322.78	0.000122723
322.8	0.000121904
322.82	0.00012109
322.84	0.000120282
322.86	0.00011948
322.88	0.000118683
322.9	0.000117891
322.92	0.000117105
322.94	0.000116324
322.96	0.000115549
322.98	0.000114779
323	0.000114015
323.02	0.000113256
323.04	0.000112502
323.06	0.000111753
323.08	0.000111009
323.1	0.000110271
323.12	0.000109538
323.14	0.00010881
323.16	0.000108087
323.18	0.000107369
323.2	0.000106656
323.22	0.000105948
323.24	0.000105245
323.26	0.000104547
323.28	0.000103854
323.3	0.000103166
323.32	0.000102483
323.34	0.000101804
323.36	0.000101131
323.38	0.000100462
323.4	9.97973e-05
323.42	9.91377e-05
323.44	9.84827e-05
323.46	9.78324e-05
323.48	9.71867e-05
323.5	9.65456e-05
323.52	9.5909e-05
323.54	9.52769e-05
323.56	9.46493e-05
323.58	9.40261e-05
323.6	9.34073e-05
323.62	9.27929e-05
323.64	9.21828e-05
323.66	9.15771e-05
323.68	9.09756e-05
323.7	9.03784e-05
323.72	8.97855e-05
323.74	8.91967e-05
323.76	8.86121e-05
323.78	8.80317e-05
323.8	8.74554e-05
323.82	8.68831e-05
323.84	8.63149e-05
323.86	8.57507e-05
323.88	8.51906e-05
323.9	8.46344e-05
323.92	8.40821e-05
323.94	8.35337e-05
323.96	8.29893e-05
323.98	8.24486e-05
324	8.19118e-05
324.02	8.13788e-05
324.04	8.08496e-05
324.06	8.03241e-05
324.08	7.98024e-05
324.1	7.92843e-05
324.12	7.87699e-05
324.14	7.82591e-05
324.16	7.77519e-05
324.18	7.72483e-05
324.2	7.67483e-05
324.22	7.62518e-05
324.24	7.57588e-05
324.26	7.52693e-05
324.28	7.47833e-05
324.3	7.43007e-05
324.32	7.38214e-05
324.34	7.33456e-05
324.36	7.28731e-05
324.38	7.24039e-05
324.4	7.19381e-05
324.42	7.14755e-05
324.44	7.10162e-05
324.46	7.05601e-05
324.48	7.01072e-05
324.5	6.96575e-05
324.52	6.92109e-05
324.54	6.87675e-05
324.56	6.83272e-05
324.58	6.789e-05
324.6	6.74558e-05
324.62	6.70247e-05
324.64	6.65967e-05
324.66	6.61716e-05
324.68	6.57495e-05
324.7	6.53303e-05
324.72	6.49141e-05
324.74	6.45008e-05
324.76	6.40904e-05
324.78	6.36829e-05
324.8	6.32782e-05
324.82	6.28763e-05
324.84	6.24773e-05
324.86	6.2081e-05
324.88	6.16875e-05
324.9	6.12967e-05
324.92	6.09087e-05
324.94	6.05233e-05
324.96	6.01407e-05
324.98	5.97607e-05
325	5.93834e-05
325.02	5.90087e-05
325.04	5.86366e-05
325.06	5.82671e-05
325.08	5.79001e-05
325.1	5.75357e-05
325.12	5.71739e-05
325.14	5.68145e-05
325.16	5.64576e-05
325.18	5.61033e-05
325.2	5.57513e-05
325.22	5.54019e-05
325.24	5.50548e-05
325.26	5.47101e-05
325.28	5.43679e-05
325.3	5.4028e-05
325.32	5.36904e-05
325.34	5.33552e-05
325.36	5.30223e-05
325.38	5.26917e-05
325.4	5.23633e-05
325.42	5.20373e-05
325.44	5.17135e-05
325.46	5.13919e-05
325.48	5.10726e-05
325.5	5.07554e-05
325.52	5.04405e-05
325.54	5.01277e-05
325.56	4.9817e-05
325.58	4.95085e-05
325.6	4.92021e-05
325.62	4.88978e-05
325.64	4.85957e-05
325.66	4.82955e-05
325.68	4.79975e-05
325.7	4.77015e-05
325.72	4.74075e-05
325.74	4.71156e-05
325.76	4.68256e-05
325.78	4.65376e-05
325.8	4.62516e-05
325.82	4.59676e-05
325.84	4.56855e-05
325.86	4.54053e-05
325.88	4.51271e-05
325.9	4.48507e-05
325.92	4.45763e-05
325.94	4.43037e-05
325.96	4.4033e-05
325.98	4.37641e-05
326	4.34971e-05
326.02	4.32319e-05
326.04	4.29684e-05
326.06	4.27068e-05
326.08	4.2447e-05
326.1	4.21889e-05
326.12	4.19326e-05
326.14	4.16781e-05
326.16	4.14252e-05
326.18	4.11741e-05
326.2	4.09247e-05
326.22	4.0677e-05
326.24	4.0431e-05
326.26	4.01866e-05
326.28	3.99439e-05
326.3	3.97029e-05
326.32	3.94635e-05
326.34	3.92257e-05
326.36	3.89895e-05
326.38	3.87549e-05
326.4	3.85219e-05
326.42	3.82905e-05
326.44	3.80606e-05
326.46	3.78323e-05
326.48	3.76056e-05
326.5	3.73803e-05
326.52	3.71566e-05
326.54	3.69345e-05
326.56	3.67138e-05
326.58	3.64946e-05
326.6	3.62768e-05
326.62	3.60606e-05
326.64	3.58458e-05
326.66	3.56324e-05
326.68	3.54205e-05
326.7	3.521e-05
326.72	3.5001e-05
326.74	3.47933e-05
326.76	3.45871e-05
326.78	3.43822e-05
326.8	3.41787e-05
326.82	3.39765e-05
326.84	3.37758e-05
326.86	3.35763e-05
326.88	3.33783e-05
326.9	3.31815e-05
326.92	3.29861e-05
326.94	3.27919e-05
326.96	3.25991e-05
326.98	3.24076e-05
327	3.22173e-05
327.02	3.20283e-05
327.04	3.18406e-05
327.06	3.16542e-05
327.08	3.14689e-05
327.1	3.1285e-05
327.12	3.11022e-05
327.14	3.09207e-05
327.16	3.07404e-05
327.18	3.05613e-05
327.2	3.03834e-05
327.22	3.02067e-05
327.24	3.00311e-05
327.26	2.98567e-05
327.28	2.96835e-05
327.3	2.95115e-05
327.32	2.93406e-05
327.34	2.91708e-05
327.36	2.90021e-05
327.38	2.88346e-05
327.4	2.86682e-05
327.42	2.85029e-05
327.44	2.83387e-05
327.46	2.81756e-05
327.48	2.80136e-05
327.5	2.78526e-05
327.52	2.76928e-05
327.54	2.75339e-05
327.56	2.73762e-05
327.58	2.72195e-05
327.6	2.70638e-05
327.62	2.69091e-05
327.64	2.67555e-05
327.66	2.66029e-05
327.68	2.64513e-05
327.7	2.63007e-05
327.72	2.61511e-05
327.74	2.60025e-05
327.76	2.58549e-05
327.78	2.57083e-05
327.8	2.55626e-05
327.82	2.54179e-05
327.84	2.52741e-05
327.86	2.51313e-05
327.88	2.49895e-05
327.9	2.48485e-05
327.92	2.47085e-05
327.94	2.45695e-05
327.96	2.44313e-05
327.98	2.42941e-05
328	2.41577e-05
328.02	2.40223e-05
328.04	2.38877e-05
328.06	2.37541e-05
328.08	2.36213e-05
328.1	2.34894e-05
328.12	2.33583e-05
328.14	2.32281e-05
328.16	2.30988e-05
328.18	2.29703e-05
328.2	2.28427e-05
328.22	2.27159e-05
328.24	2.259e-05
328.26	2.24648e-05
328.28	2.23405e-05
328.3	2.2217e-05
328.32	2.20943e-05
328.34	2.19725e-05
328.36	2.18514e-05
328.38	2.17311e-05
328.4	2.16116e-05
328.42	2.14929e-05
328.44	2.1375e-05
328.46	2.12578e-05
328.48	2.11414e-05
328.5	2.10258e-05
328.52	2.09109e-05
328.54	2.07968e-05
328.56	2.06834e-05
328.58	2.05708e-05
328.6	2.04589e-05
328.62	2.03477e-05
328.64	2.02373e-05
328.66	2.01275e-05
328.68	2.00185e-05
328.7	1.99102e-05
328.72	1.98027e-05
328.74	1.96958e-05
328.76	1.95896e-05
328.78	1.94841e-05
328.8	1.93793e-05
328.82	1.92752e-05
328.84	1.91717e-05
328.86	1.9069e-05
328.88	1.89669e-05
328.9	1.88654e-05
328.92	1.87647e-05
328.94	1.86645e-05
328.96	1.85651e-05
328.98	1.84663e-05
329	1.83681e-05
329.02	1.82705e-05
329.04	1.81736e-05
329.06	1.80774e-05
329.08	1.79817e-05
329.1	1.78867e-05
329.12	1.77923e-05
329.14	1.76985e-05
329.16	1.76053e-05
329.18	1.75127e-05
329.2	1.74207e-05
329.22	1.73293e-05
329.24	1.72386e-05
329.26	1.71483e-05
329.28	1.70587e-05
329.3	1.69697e-05
329.32	1.68812e-05
329.34	1.67933e-05
329.36	1.6706e-05
329.38	1.66193e-05
329.4	1.65331e-05
329.42	1.64474e-05
329.44	1.63623e-05
329.46	1.62778e-05
329.48	1.61938e-05
329.5	1.61104e-05
329.52	1.60275e-05
329.54	1.59451e-05
329.56	1.58633e-05
329.58	1.5782e-05
329.6	1.57012e-05
329.62	1.56209e-05
329.64	1.55412e-05
329.66	1.5462e-05
329.68	1.53833e-05
329.7	1.53051e-05
329.72	1.52274e-05
329.74	1.51502e-05
329.76	1.50735e-05
329.78	1.49973e-05
329.8	1.49215e-05
329.82	1.48463e-05
329.84	1.47716e-05
329.86	1.46973e-05
329.88	1.46235e-05
329.9	1.45502e-05
329.92	1.44774e-05
329.94	1.4405e-05
329.96	1.43331e-05
329.98	1.42617e-05
330	1.41907e-05
330.02	1.41202e-05
330.04	1.40501e-05
330.06	1.39805e-05
330.08	1.39114e-05
330.1	1.38426e-05
330.12	1.37744e-05
330.14	1.37065e-05
330.16	1.36391e-05
330.18	1.35722e-05
330.2	1.35056e-05
330.22	1.34395e-05
330.24	1.33738e-05
330.26	1.33085e-05
330.28	1.32437e-05
330.3	1.31793e-05
330.32	1.31153e-05
330.34	1.30517e-05
330.36	1.29885e-05
330.38	1.29257e-05
330.4	1.28633e-05
330.42	1.28013e-05
330.44	1.27397e-05
330.46	1.26785e-05
330.48	1.26177e-05
330.5	1.25573e-05
330.52	1.24973e-05
330.54	1.24376e-05
330.56	1.23784e-05
330.58	1.23195e-05
330.6	1.2261e-05
330.62	1.22029e-05
330.64	1.21451e-05
330.66	1.20877e-05
330.68	1.20307e-05
330.7	1.1974e-05
330.72	1.19178e-05
330.74	1.18618e-05
330.76	1.18063e-05
330.78	1.17511e-05
330.8	1.16962e-05
330.82	1.16417e-05
330.84	1.15875e-05
330.86	1.15337e-05
330.88	1.14803e-05
330.9	1.14271e-05
330.92	1.13744e-05
330.94	1.13219e-05
330.96	1.12698e-05
330.98	1.1218e-05
331	1.11666e-05
331.02	1.11155e-05
331.04	1.10647e-05
331.06	1.10142e-05
331.08	1.09641e-05
331.1	1.09143e-05
331.12	1.08648e-05
331.14	1.08156e-05
331.16	1.07667e-05
331.18	1.07182e-05
331.2	1.067e-05
331.22	1.0622e-05
331.24	1.05744e-05
331.26	1.05271e-05
331.28	1.04801e-05
331.3	1.04334e-05
331.32	1.0387e-05
331.34	1.03408e-05
331.36	1.0295e-05
331.38	1.02495e-05
331.4	1.02043e-05
331.42	1.01593e-05
331.44	1.01147e-05
331.46	1.00703e-05
331.48	1.00262e-05
331.5	9.98245e-06
331.52	9.93893e-06
331.54	9.8957e-06
331.56	9.85274e-06
331.58	9.81006e-06
331.6	9.76765e-06
331.62	9.72552e-06
331.64	9.68366e-06
331.66	9.64207e-06
331.68	9.60074e-06
331.7	9.55968e-06
331.72	9.51889e-06
331.74	9.47836e-06
331.76	9.43809e-06
331.78	9.39808e-06
331.8	9.35833e-06
331.82	9.31883e-06
331.84	9.27959e-06
331.86	9.24061e-06
331.88	9.20187e-06
331.9	9.16339e-06
331.92	9.12515e-06
331.94	9.08716e-06
331.96	9.04942e-06
331.98	9.01192e-06
332	8.97467e-06
332.02	8.93765e-06
332.04	8.90088e-06
332.06	8.86434e-06
332.08	8.82804e-06
332.1	8.79198e-06
332.12	8.75615e-06
332.14	8.72055e-06
332.16	8.68519e-06
332.18	8.65005e-06
332.2	8.61515e-06
332.22	8.58047e-06
332.24	8.54602e-06
332.26	8.51179e-06
332.28	8.47778e-06
332.3	8.444e-06
332.32	8.41044e-06
332.34	8.37709e-06
332.36	8.34397e-06
332.38	8.31106e-06
332.4	8.27837e-06
332.42	8.24589e-06
332.44	8.21362e-06
332.46	8.18157e-06
332.48	8.14972e-06
332.5	8.11809e-06
332.52	8.08666e-06
332.54	8.05544e-06
332.56	8.02443e-06
332.58	7.99362e-06
332.6	7.96301e-06
332.62	7.93261e-06
332.64	7.9024e-06
332.66	7.8724e-06
332.68	7.84259e-06
332.7	7.81299e-06
332.72	7.78357e-06
332.74	7.75436e-06
332.76	7.72534e-06
332.78	7.69651e-06
332.8	7.66787e-06
332.82	7.63942e-06
332.84	7.61117e-06
332.86	7.5831e-06
332.88	7.55522e-06
332.9	7.52753e-06
332.92	7.50002e-06
332.94	7.47269e-06
332.96	7.44555e-06
332.98	7.4186e-06
333	7.39182e-06
333.02	7.36523e-06
333.04	7.33881e-06
333.06	7.31257e-06
333.08	7.28651e-06
333.1	7.26063e-06
333.12	7.23492e-06
333.14	7.20939e-06
333.16	7.18403e-06
333.18	7.15884e-06
333.2	7.13383e-06
333.22	7.10899e-06
333.24	7.08431e-06
333.26	7.05981e-06
333.28	7.03547e-06
333.3	7.0113e-06
333.32	6.9873e-06
333.34	6.96347e-06
333.36	6.93979e-06
333.38	6.91629e-06
333.4	6.89294e-06
333.42	6.86976e-06
333.44	6.84674e-06
333.46	6.82388e-06
333.48	6.80118e-06
333.5	6.77863e-06
333.52	6.75625e-06
333.54	6.73402e-06
333.56	6.71195e-06
333.58	6.69004e-06
333.6	6.66828e-06
333.62	6.64667e-06
333.64	6.62522e-06
333.66	6.60392e-06
333.68	6.58277e-06
333.7	6.56178e-06
333.72	6.54093e-06
333.74	6.52024e-06
333.76	6.49969e-06
333.78	6.47929e-06
333.8	6.45904e-06
333.82	6.43894e-06
333.84	6.41898e-06
333.86	6.39916e-06
333.88	6.3795e-06
333.9	6.35997e-06
333.92	6.34059e-06
333.94	6.32136e-06
333.96	6.30226e-06
333.98	6.28331e-06
334	6.26449e-06
334.02	6.24582e-06
334.04	6.22729e-06
334.06	6.2089e-06
334.08	6.19064e-06
334.1	6.17252e-06
334.12	6.15454e-06
334.14	6.1367e-06
334.16	6.11899e-06
334.18	6.10142e-06
334.2	6.08398e-06
334.22	6.06668e-06
334.24	6.04951e-06
334.26	6.03248e-06
334.28	6.01557e-06
334.3	5.9988e-06
334.32	5.98217e-06
334.34	5.96566e-06
334.36	5.94928e-06
334.38	5.93303e-06
334.4	5.91692e-06
334.42	5.90093e-06
334.44	5.88507e-06
334.46	5.86934e-06
334.48	5.85373e-06
334.5	5.83826e-06
334.52	5.82291e-06
334.54	5.80769e-06
334.56	5.79259e-06
334.58	5.77762e-06
334.6	5.76277e-06
334.62	5.74805e-06
334.64	5.73345e-06
334.66	5.71898e-06
334.68	5.70462e-06
334.7	5.6904e-06
334.72	5.67629e-06
334.74	5.66231e-06
334.76	5.64845e-06
334.78	5.63471e-06
334.8	5.62109e-06
334.82	5.60759e-06
334.84	5.59422e-06
334.86	5.58096e-06
334.88	5.56782e-06
334.9	5.5548e-06
334.92	5.5419e-06
334.94	5.52912e-06
334.96	5.51646e-06
334.98	5.50392e-06
335	5.49149e-06
335.02	5.47919e-06
335.04	5.467e-06
335.06	5.45492e-06
335.08	5.44297e-06
335.1	5.43113e-06
335.12	5.4194e-06
335.14	5.4078e-06
335.16	5.39631e-06
335.18	5.38493e-06
335.2	5.37367e-06
335.22	5.36253e-06
335.24	5.3515e-06
335.26	5.34059e-06
335.28	5.32979e-06
335.3	5.3191e-06
335.32	5.30853e-06
335.34	5.29808e-06
335.36	5.28774e-06
335.38	5.27751e-06
335.4	5.2674e-06
335.42	5.2574e-06
335.44	5.24751e-06
335.46	5.23774e-06
335.48	5.22808e-06
335.5	5.21854e-06
335.52	5.20911e-06
335.54	5.19979e-06
335.56	5.19059e-06
335.58	5.1815e-06
335.6	5.17252e-06
335.62	5.16366e-06
335.64	5.15491e-06
335.66	5.14627e-06
335.68	5.13775e-06
335.7	5.12934e-06
335.72	5.12105e-06
335.74	5.11286e-06
335.76	5.1048e-06
335.78	5.09684e-06
335.8	5.089e-06
335.82	5.08128e-06
335.84	5.07367e-06
335.86	5.06617e-06
335.88	5.05879e-06
335.9	5.05152e-06
335.92	5.04436e-06
335.94	5.03733e-06
335.96	5.0304e-06
335.98	5.0236e-06
336	5.01691e-06
336.02	5.01033e-06
336.04	5.00387e-06
336.06	4.99753e-06
336.08	4.9913e-06
336.1	4.9852e-06
336.12	4.97921e-06
336.14	4.97333e-06
336.16	4.96758e-06
336.18	4.96195e-06
336.2	4.95643e-06
336.22	4.95104e-06
336.24	4.94576e-06
336.26	4.94061e-06
336.28	4.93557e-06
336.3	4.93066e-06
336.32	4.92587e-06
336.34	4.9212e-06
336.36	4.91666e-06
336.38	4.91224e-06
336.4	4.90795e-06
336.42	4.90378e-06
336.44	4.89974e-06
336.46	4.89582e-06
336.48	4.89204e-06
336.5	4.88838e-06
336.52	4.88485e-06
336.54	4.88145e-06
336.56	4.87818e-06
336.58	4.87505e-06
336.6	4.87205e-06
336.62	4.86918e-06
336.64	4.86645e-06
336.66	4.86385e-06
336.68	4.86139e-06
336.7	4.85907e-06
336.72	4.85689e-06
336.74	4.85486e-06
336.76	4.85296e-06
336.78	4.85121e-06
336.8	4.8496e-06
336.82	4.84814e-06
336.84	4.84683e-06
336.86	4.84567e-06
336.88	4.84466e-06
336.9	4.84381e-06
336.92	4.84311e-06
336.94	4.84257e-06
336.96	4.84218e-06
336.98	4.84196e-06
337	4.84191e-06
337.02	4.84201e-06
337.04	4.84229e-06
337.06	4.84274e-06
337.08	4.84336e-06
337.1	4.84415e-06
337.12	4.84513e-06
337.14	4.84628e-06
337.16	4.84762e-06
337.18	4.84915e-06
337.2	4.85087e-06
337.22	4.85278e-06
337.24	4.85489e-06
337.26	4.8572e-06
337.28	4.85972e-06
337.3	4.86245e-06
337.32	4.86539e-06
337.34	4.86855e-06
337.36	4.87193e-06
337.38	4.87554e-06
337.4	4.87939e-06
337.42	4.88347e-06
337.44	4.88781e-06
337.46	4.89239e-06
337.48	4.89723e-06
337.5	4.90234e-06
337.52	4.90772e-06
337.54	4.91338e-06
337.56	4.91933e-06
337.58	4.92558e-06
337.6	4.93214e-06
337.62	4.93901e-06
337.64	4.94622e-06
337.66	4.95377e-06
337.68	4.96167e-06
337.7	4.96993e-06
337.72	4.97858e-06
337.74	4.98763e-06
337.76	4.99709e-06
337.78	5.00699e-06
337.8	5.01734e-06
337.82	5.02817e-06
337.84	5.0395e-06
337.86	5.05136e-06
337.88	5.06378e-06
337.9	5.07678e-06
337.92	5.09042e-06
337.94	5.10472e-06
337.96	5.11974e-06
337.98	5.13553e-06
338	5.15214e-06
338.02	5.16966e-06
338.04	5.18814e-06
338.06	5.2077e-06
338.08	5.22843e-06
338.1	5.25046e-06
338.12	5.27396e-06
338.14	5.2991e-06
338.16	5.32613e-06
338.18	5.35533e-06
338.2	5.38709e-06
338.22	5.4219e-06
338.24	5.46044e-06
338.26	5.50368e-06
338.28	5.55303e-06
338.3	5.61071e-06
338.32	5.68049e-06
338.34	5.76941e-06
338.36	5.89257e-06
338.38	6.08722e-06
338.4	6.44867e-06
338.42	7.1885e-06
338.44	8.66208e-06
338.46	1.12273e-05
338.48	1.53341e-05
338.5	2.17531e-05
338.52	3.11719e-05
338.54	4.38754e-05
338.56	5.99607e-05
338.58	7.92906e-05
338.6	0.000101104
338.62	0.000123955
338.64	0.000146075
338.66	0.00016592
338.68	0.000182648
338.7	0.000196125
338.72	0.000206611
338.74	0.0002145
338.76	0.000220205
338.78	0.000224158
338.8	0.000226804
338.82	0.000228557
338.84	0.000229759
338.86	0.000230666
338.88	0.000231455
338.9	0.000232243
338.92	0.000233096
338.94	0.000234052
338.96	0.000235123
338.98	0.000236311
339	0.000237606
339.02	0.000238996
339.04	0.000240465
339.06	0.000241996
339.08	0.000243574
339.1	0.000245185
339.12	0.000246815
339.14	0.000248453
339.16	0.000250089
339.18	0.000251716
339.2	0.000253328
339.22	0.000254918
339.24	0.000256483
339.26	0.00025802
339.28	0.000259526
339.3	0.000260999
339.32	0.000262439
339.34	0.000263844
339.36	0.000265214
339.38	0.000266548
339.4	0.000267847
339.42	0.00026911
339.44	0.000270338
339.46	0.00027153
339.48	0.000272687
339.5	0.000273809
339.52	0.000274897
339.54	0.000275949
339.56	0.000276966
339.58	0.000277949
339.6	0.000278897
339.62	0.000279811
339.64	0.00028069
339.66	0.000281534
339.68	0.000282343
339.7	0.000283117
339.72	0.000283856
339.74	0.000284559
339.76	0.000285227
339.78	0.00028586
339.8	0.000286456
339.82	0.000287016
339.84	0.00028754
339.86	0.000288028
339.88	0.000288479
339.9	0.000288893
339.92	0.00028927
339.94	0.00028961
339.96	0.000289913
339.98	0.000290179
340	0.000290407
340.02	0.000290598
340.04	0.000290752
340.06	0.000290868
340.08	0.000290948
340.1	0.000290991
340.12	0.000290996
340.14	0.000290965
340.16	0.000290898
340.18	0.000290794
340.2	0.000290655
340.22	0.00029048
340.24	0.000290269
340.26	0.000290024
340.28	0.000289744
340.3	0.00028943
340.32	0.000289083
340.34	0.000288702
340.36	0.000288289
340.38	0.000287843
340.4	0.000287366
340.42	0.000286858
340.44	0.000286319
340.46	0.00028575
340.48	0.000285153
340.5	0.000284526
340.52	0.000283871
340.54	0.000283189
340.56	0.00028248
340.58	0.000281745
340.6	0.000280985
340.62	0.0002802
340.64	0.00027939
340.66	0.000278557
340.68	0.000277702
340.7	0.000276824
340.72	0.000275925
340.74	0.000275004
340.76	0.000274064
340.78	0.000273105
340.8	0.000272126
340.82	0.00027113
340.84	0.000270116
340.86	0.000269085
340.88	0.000268038
340.9	0.000266975
340.92	0.000265897
340.94	0.000264805
340.96	0.000263699
340.98	0.00026258
341	0.000261449
341.02	0.000260305
341.04	0.00025915
341.06	0.000257984
341.08	0.000256808
341.1	0.000255622
341.12	0.000254427
341.14	0.000253223
341.16	0.00025201
341.18	0.00025079
341.2	0.000249562
341.22	0.000248328
341.24	0.000247087
341.26	0.00024584
341.28	0.000244588
341.3	0.000243331
341.32	0.000242069
341.34	0.000240802
341.36	0.000239532
341.38	0.000238258
341.4	0.000236981
341.42	0.000235702
341.44	0.00023442
341.46	0.000233135
341.48	0.000231849
341.5	0.000230562
341.52	0.000229274
341.54	0.000227984
341.56	0.000226694
341.58	0.000225404
341.6	0.000224114
341.62	0.000222824
341.64	0.000221535
341.66	0.000220247
341.68	0.000218959
341.7	0.000217673
341.72	0.000216389
341.74	0.000215106
341.76	0.000213825
341.78	0.000212546
341.8	0.00021127
341.82	0.000209996
341.84	0.000208725
341.86	0.000207457
341.88	0.000206192
341.9	0.00020493
341.92	0.000203671
341.94	0.000202416
341.96	0.000201165
341.98	0.000199917
342	0.000198674
342.02	0.000197434
342.04	0.000196199
342.06	0.000194968
342.08	0.000193742
342.1	0.00019252
342.12	0.000191303
342.14	0.00019009
342.16	0.000188883
342.18	0.00018768
342.2	0.000186482
342.22	0.00018529
342.24	0.000184103
342.26	0.000182921
342.28	0.000181744
342.3	0.000180573
342.32	0.000179407
342.34	0.000178247
342.36	0.000177092
342.38	0.000175943
342.4	0.0001748
342.42	0.000173662
342.44	0.00017253
342.46	0.000171404
342.48	0.000170284
342.5	0.00016917
342.52	0.000168062
342.54	0.00016696
342.56	0.000165863
342.58	0.000164773
342.6	0.000163689
342.62	0.000162611
342.64	0.000161539
342.66	0.000160473
342.68	0.000159413
342.7	0.000158359
342.72	0.000157311
342.74	0.00015627
342.76	0.000155235
342.78	0.000154206
342.8	0.000153183
342.82	0.000152166
342.84	0.000151155
342.86	0.000150151
342.88	0.000149153
342.9	0.00014816
342.92	0.000147174
342.94	0.000146195
342.96	0.000145221
342.98	0.000144253
343	0.000143292
343.02	0.000142337
343.04	0.000141387
343.06	0.000140444
343.08	0.000139507
343.1	0.000138576
343.12	0.000137651
343.14	0.000136732
343.16	0.000135819
343.18	0.000134912
343.2	0.000134012
343.22	0.000133116
343.24	0.000132227
343.26	0.000131344
343.28	0.000130467
343.3	0.000129595
343.32	0.00012873
343.34	0.00012787
343.36	0.000127016
343.38	0.000126168
343.4	0.000125325
343.42	0.000124488
343.44	0.000123657
343.46	0.000122832
343.48	0.000122012
343.5	0.000121197
343.52	0.000120389
343.54	0.000119586
343.56	0.000118788
343.58	0.000117996
343.6	0.000117209
343.62	0.000116428
343.64	0.000115652
343.66	0.000114882
343.68	0.000114116
343.7	0.000113357
343.72	0.000112602
343.74	0.000111853
343.76	0.000111109
343.78	0.00011037
343.8	0.000109636
343.82	0.000108907
343.84	0.000108184
343.86	0.000107465
343.88	0.000106752
343.9	0.000106044
343.92	0.00010534
343.94	0.000104642
343.96	0.000103948
343.98	0.000103259
344	0.000102576
344.02	0.000101897
344.04	0.000101222
344.06	0.000100553
344.08	9.9888e-05
344.1	9.92279e-05
344.12	9.85725e-05
344.14	9.79216e-05
344.16	9.72754e-05
344.18	9.66338e-05
344.2	9.59967e-05
344.22	9.53641e-05
344.24	9.47359e-05
344.26	9.41123e-05
344.28	9.3493e-05
344.3	9.28781e-05
344.32	9.22676e-05
344.34	9.16613e-05
344.36	9.10594e-05
344.38	9.04618e-05
344.4	8.98683e-05
344.42	8.92791e-05
344.44	8.8694e-05
344.46	8.81131e-05
344.48	8.75363e-05
344.5	8.69636e-05
344.52	8.6395e-05
344.54	8.58303e-05
344.56	8.52697e-05
344.58	8.47131e-05
344.6	8.41603e-05
344.62	8.36115e-05
344.64	8.30666e-05
344.66	8.25256e-05
344.68	8.19883e-05
344.7	8.14549e-05
344.72	8.09253e-05
344.74	8.03993e-05
344.76	7.98772e-05
344.78	7.93587e-05
344.8	7.88438e-05
344.82	7.83326e-05
344.84	7.78251e-05
344.86	7.73211e-05
344.88	7.68206e-05
344.9	7.63237e-05
344.92	7.58303e-05
344.94	7.53404e-05
344.96	7.4854e-05
344.98	7.43709e-05
345	7.38913e-05
345.02	7.34151e-05
345.04	7.29422e-05
345.06	7.24727e-05
345.08	7.20064e-05
345.1	7.15435e-05
345.12	7.10838e-05
345.14	7.06273e-05
345.16	7.0174e-05
345.18	6.97239e-05
345.2	6.9277e-05
345.22	6.88332e-05
345.24	6.83926e-05
345.26	6.7955e-05
345.28	6.75205e-05
345.3	6.7089e-05
345.32	6.66606e-05
345.34	6.62352e-05
345.36	6.58127e-05
345.38	6.53932e-05
345.4	6.49766e-05
345.42	6.4563e-05
345.44	6.41522e-05
345.46	6.37444e-05
345.48	6.33393e-05
345.5	6.29371e-05
345.52	6.25377e-05
345.54	6.21411e-05
345.56	6.17473e-05
345.58	6.13562e-05
345.6	6.09678e-05
345.62	6.05822e-05
345.64	6.01992e-05
345.66	5.98189e-05
345.68	5.94413e-05
345.7	5.90662e-05
345.72	5.86938e-05
345.74	5.8324e-05
345.76	5.79567e-05
345.78	5.7592e-05
345.8	5.72299e-05
345.82	5.68702e-05
345.84	5.65131e-05
345.86	5.61584e-05
345.88	5.58061e-05
345.9	5.54564e-05
345.92	5.5109e-05
345.94	5.47641e-05
345.96	5.44215e-05
345.98	5.40813e-05
346	5.37434e-05
346.02	5.34079e-05
346.04	5.30748e-05
346.06	5.27439e-05
346.08	5.24153e-05
346.1	5.20889e-05
346.12	5.17649e-05
346.14	5.1443e-05
346.16	5.11234e-05
346.18	5.0806e-05
346.2	5.04907e-05
346.22	5.01777e-05
346.24	4.98667e-05
346.26	4.9558e-05
346.28	4.92513e-05
346.3	4.89468e-05
346.32	4.86443e-05
346.34	4.8344e-05
346.36	4.80457e-05
346.38	4.77494e-05
346.4	4.74552e-05
346.42	4.7163e-05
346.44	4.68727e-05
346.46	4.65845e-05
346.48	4.62983e-05
346.5	4.6014e-05
346.52	4.57317e-05
346.54	4.54512e-05
346.56	4.51728e-05
346.58	4.48962e-05
346.6	4.46215e-05
346.62	4.43487e-05
346.64	4.40777e-05
346.66	4.38086e-05
346.68	4.35413e-05
346.7	4.32759e-05
346.72	4.30122e-05
346.74	4.27504e-05
346.76	4.24903e-05
346.78	4.2232e-05
346.8	4.19755e-05
346.82	4.17207e-05
346.84	4.14677e-05
346.86	4.12163e-05
346.88	4.09667e-05
346.9	4.07188e-05
346.92	4.04725e-05
346.94	4.0228e-05
346.96	3.99851e-05
346.98	3.97438e-05
347	3.95042e-05
347.02	3.92661e-05
347.04	3.90298e-05
347.06	3.8795e-05
347.08	3.85618e-05
347.1	3.83301e-05
347.12	3.81001e-05
347.14	3.78716e-05
347.16	3.76446e-05
347.18	3.74192e-05
347.2	3.71953e-05
347.22	3.69729e-05
347.24	3.6752e-05
347.26	3.65326e-05
347.28	3.63147e-05
347.3	3.60983e-05
347.32	3.58833e-05
347.34	3.56697e-05
347.36	3.54576e-05
347.38	3.5247e-05
347.4	3.50377e-05
347.42	3.48299e-05
347.44	3.46234e-05
347.46	3.44183e-05
347.48	3.42147e-05
347.5	3.40123e-05
347.52	3.38114e-05
347.54	3.36118e-05
347.56	3.34135e-05
347.58	3.32166e-05
347.6	3.3021e-05
347.62	3.28267e-05
347.64	3.26336e-05
347.66	3.24419e-05
347.68	3.22515e-05
347.7	3.20624e-05
347.72	3.18745e-05
347.74	3.16879e-05
347.76	3.15025e-05
347.78	3.13183e-05
347.8	3.11354e-05
347.82	3.09537e-05
347.84	3.07733e-05
347.86	3.0594e-05
347.88	3.04159e-05
347.9	3.0239e-05
347.92	3.00633e-05
347.94	2.98888e-05
347.96	2.97154e-05
347.98	2.95432e-05
348	2.93721e-05
348.02	2.92022e-05
348.04	2.90334e-05
348.06	2.88658e-05
348.08	2.86992e-05
348.1	2.85337e-05
348.12	2.83694e-05
348.14	2.82061e-05
348.16	2.8044e-05
348.18	2.78829e-05
348.2	2.77228e-05
348.22	2.75639e-05
348.24	2.7406e-05
348.26	2.72491e-05
348.28	2.70933e-05
348.3	2.69385e-05
348.32	2.67847e-05
348.34	2.6632e-05
348.36	2.64802e-05
348.38	2.63295e-05
348.4	2.61798e-05
348.42	2.6031e-05
348.44	2.58833e-05
348.46	2.57365e-05
348.48	2.55907e-05
348.5	2.54458e-05
348.52	2.5302e-05
348.54	2.5159e-05
348.56	2.5017e-05
348.58	2.4876e-05
348.6	2.47358e-05
348.62	2.45966e-05
348.64	2.44583e-05
348.66	2.4321e-05
348.68	2.41845e-05
348.7	2.40489e-05
348.72	2.39143e-05
348.74	2.37805e-05
348.76	2.36476e-05
348.78	2.35155e-05
348.8	2.33844e-05
348.82	2.3254e-05
348.84	2.31246e-05
348.86	2.2996e-05
348.88	2.28683e-05
348.9	2.27413e-05
348.92	2.26153e-05
348.94	2.249e-05
348.96	2.23656e-05
348.98	2.2242e-05
349	2.21192e-05
349.02	2.19972e-05
349.04	2.1876e-05
349.06	2.17556e-05
349.08	2.1636e-05
349.1	2.15172e-05
349.12	2.13991e-05
349.14	2.12818e-05
349.16	2.11653e-05
349.18	2.10496e-05
349.2	2.09346e-05
349.22	2.08204e-05
349.24	2.07069e-05
349.26	2.05941e-05
349.28	2.04821e-05
349.3	2.03709e-05
349.32	2.02603e-05
349.34	2.01505e-05
349.36	2.00414e-05
349.38	1.9933e-05
349.4	1.98253e-05
349.42	1.97183e-05
349.44	1.9612e-05
349.46	1.95064e-05
349.48	1.94015e-05
349.5	1.92973e-05
349.52	1.91938e-05
349.54	1.90909e-05
349.56	1.89887e-05
349.58	1.88872e-05
349.6	1.87863e-05
349.62	1.86861e-05
349.64	1.85865e-05
349.66	1.84876e-05
349.68	1.83894e-05
349.7	1.82917e-05
349.72	1.81947e-05
349.74	1.80984e-05
349.76	1.80026e-05
349.78	1.79075e-05
349.8	1.7813e-05
349.82	1.77191e-05
349.84	1.76258e-05
349.86	1.75332e-05
349.88	1.74411e-05
349.9	1.73496e-05
349.92	1.72587e-05
349.94	1.71684e-05
349.96	1.70787e-05
349.98	1.69896e-05
350	1.6901e-05
350.02	1.68131e-05
350.04	1.67257e-05
350.06	1.66388e-05
350.08	1.65525e-05
350.1	1.64668e-05
350.12	1.63817e-05
350.14	1.6297e-05
350.16	1.6213e-05
350.18	1.61295e-05
350.2	1.60465e-05
350.22	1.5964e-05
350.24	1.58821e-05
350.26	1.58007e-05
350.28	1.57199e-05
350.3	1.56395e-05
350.32	1.55597e-05
350.34	1.54804e-05
350.36	1.54016e-05
350.38	1.53233e-05
350.4	1.52456e-05
350.42	1.51683e-05
350.44	1.50915e-05
350.46	1.50152e-05
350.48	1.49394e-05
350.5	1.48641e-05
350.52	1.47893e-05
350.54	1.4715e-05
350.56	1.46411e-05
350.58	1.45678e-05
350.6	1.44948e-05
350.62	1.44224e-05
350.64	1.43504e-05
350.66	1.42789e-05
350.68	1.42079e-05
350.7	1.41373e-05
350.72	1.40672e-05
350.74	1.39975e-05
350.76	1.39283e-05
350.78	1.38595e-05
350.8	1.37911e-05
350.82	1.37232e-05
350.84	1.36557e-05
350.86	1.35887e-05
350.88	1.35221e-05
350.9	1.34559e-05
350.92	1.33902e-05
350.94	1.33248e-05
350.96	1.32599e-05
350.98	1.31954e-05
351	1.31313e-05
351.02	1.30677e-05
351.04	1.30044e-05
351.06	1.29416e-05
351.08	1.28791e-05
351.1	1.28171e-05
351.12	1.27554e-05
351.14	1.26941e-05
351.16	1.26333e-05
351.18	1.25728e-05
351.2	1.25127e-05
351.22	1.2453e-05
351.24	1.23937e-05
351.26	1.23348e-05
351.28	1.22762e-05
351.3	1.2218e-05
351.32	1.21602e-05
351.34	1.21028e-05
351.36	1.20457e-05
351.38	1.1989e-05
351.4	1.19326e-05
351.42	1.18767e-05
351.44	1.1821e-05
351.46	1.17658e-05
351.48	1.17108e-05
351.5	1.16563e-05
351.52	1.16021e-05
351.54	1.15482e-05
351.56	1.14947e-05
351.58	1.14415e-05
351.6	1.13887e-05
351.62	1.13362e-05
351.64	1.1284e-05
351.66	1.12322e-05
351.68	1.11807e-05
351.7	1.11295e-05
351.72	1.10787e-05
351.74	1.10282e-05
351.76	1.0978e-05
351.78	1.09281e-05
351.8	1.08786e-05
351.82	1.08294e-05
351.84	1.07804e-05
351.86	1.07318e-05
351.88	1.06836e-05
351.9	1.06356e-05
351.92	1.05879e-05
351.94	1.05405e-05
351.96	1.04935e-05
351.98	1.04467e-05
352	1.04003e-05
352.02	1.03541e-05
352.04	1.03082e-05
352.06	1.02627e-05
352.08	1.02174e-05
352.1	1.01724e-05
352.12	1.01277e-05
352.14	1.00833e-05
352.16	1.00392e-05
352.18	9.99534e-06
352.2	9.95178e-06
352.22	9.9085e-06
352.24	9.8655e-06
352.26	9.82277e-06
352.28	9.78032e-06
352.3	9.73815e-06
352.32	9.69624e-06
352.34	9.65461e-06
352.36	9.61324e-06
352.38	9.57214e-06
352.4	9.5313e-06
352.42	9.49073e-06
352.44	9.45042e-06
352.46	9.41037e-06
352.48	9.37057e-06
352.5	9.33104e-06
352.52	9.29176e-06
352.54	9.25273e-06
352.56	9.21395e-06
352.58	9.17543e-06
352.6	9.13715e-06
352.62	9.09913e-06
352.64	9.06134e-06
352.66	9.02381e-06
352.68	8.98651e-06
352.7	8.94946e-06
352.72	8.91265e-06
352.74	8.87607e-06
352.76	8.83974e-06
352.78	8.80364e-06
352.8	8.76777e-06
352.82	8.73214e-06
352.84	8.69673e-06
352.86	8.66156e-06
352.88	8.62662e-06
352.9	8.59191e-06
352.92	8.55742e-06
352.94	8.52315e-06
352.96	8.48911e-06
352.98	8.45529e-06
353	8.4217e-06
353.02	8.38832e-06
353.04	8.35516e-06
353.06	8.32222e-06
353.08	8.28949e-06
353.1	8.25697e-06
353.12	8.22468e-06
353.14	8.19259e-06
353.16	8.16071e-06
353.18	8.12904e-06
353.2	8.09758e-06
353.22	8.06633e-06
353.24	8.03528e-06
353.26	8.00444e-06
353.28	7.9738e-06
353.3	7.94337e-06
353.32	7.91313e-06
353.34	7.8831e-06
353.36	7.85326e-06
353.38	7.82362e-06
353.4	7.79418e-06
353.42	7.76493e-06
353.44	7.73588e-06
353.46	7.70702e-06
353.48	7.67835e-06
353.5	7.64988e-06
353.52	7.62159e-06
353.54	7.5935e-06
353.56	7.56559e-06
353.58	7.53786e-06
353.6	7.51033e-06
353.62	7.48298e-06
353.64	7.45581e-06
353.66	7.42882e-06
353.68	7.40202e-06
353.7	7.3754e-06
353.72	7.34895e-06
353.74	7.32269e-06
353.76	7.2966e-06
353.78	7.27069e-06
353.8	7.24496e-06
353.82	7.2194e-06
353.84	7.19401e-06
353.86	7.1688e-06
353.88	7.14376e-06
353.9	7.11889e-06
353.92	7.09419e-06
353.94	7.06966e-06
353.96	7.0453e-06
353.98	7.02111e-06
354	6.99708e-06
354.02	6.97322e-06
354.04	6.94952e-06
354.06	6.92599e-06
354.08	6.90262e-06
354.1	6.87942e-06
354.12	6.85637e-06
354.14	6.83349e-06
354.16	6.81076e-06
354.18	6.7882e-06
354.2	6.76579e-06
354.22	6.74354e-06
354.24	6.72145e-06
354.26	6.69951e-06
354.28	6.67773e-06
354.3	6.6561e-06
354.32	6.63463e-06
354.34	6.61331e-06
354.36	6.59214e-06
354.38	6.57112e-06
354.4	6.55025e-06
354.42	6.52954e-06
354.44	6.50897e-06
354.46	6.48855e-06
354.48	6.46828e-06
354.5	6.44815e-06
354.52	6.42818e-06
354.54	6.40834e-06
354.56	6.38866e-06
354.58	6.36911e-06
354.6	6.34971e-06
354.62	6.33046e-06
354.64	6.31134e-06
354.66	6.29237e-06
354.68	6.27354e-06
354.7	6.25485e-06
354.72	6.2363e-06
354.74	6.21789e-06
354.76	6.19961e-06
354.78	6.18148e-06
354.8	6.16348e-06
354.82	6.14562e-06
354.84	6.1279e-06
354.86	6.11031e-06
354.88	6.09285e-06
354.9	6.07553e-06
354.92	6.05835e-06
354.94	6.0413e-06
354.96	6.02438e-06
354.98	6.00759e-06
355	5.99094e-06
355.02	5.97441e-06
355.04	5.95802e-06
355.06	5.94176e-06
355.08	5.92562e-06
355.1	5.90962e-06
355.12	5.89375e-06
355.14	5.878e-06
355.16	5.86238e-06
355.18	5.84689e-06
355.2	5.83153e-06
355.22	5.81629e-06
355.24	5.80118e-06
355.26	5.7862e-06
355.28	5.77134e-06
355.3	5.7566e-06
355.32	5.74199e-06
355.34	5.7275e-06
355.36	5.71314e-06
355.38	5.6989e-06
355.4	5.68478e-06
355.42	5.67078e-06
355.44	5.65691e-06
355.46	5.64316e-06
355.48	5.62953e-06
355.5	5.61602e-06
355.52	5.60263e-06
355.54	5.58936e-06
355.56	5.57621e-06
355.58	5.56319e-06
355.6	5.55028e-06
355.62	5.53749e-06
355.64	5.52481e-06
355.66	5.51226e-06
355.68	5.49982e-06
355.7	5.48751e-06
355.72	5.47531e-06
355.74	5.46323e-06
355.76	5.45126e-06
355.78	5.43941e-06
355.8	5.42768e-06
355.82	5.41606e-06
355.84	5.40456e-06
355.86	5.39318e-06
355.88	5.38191e-06
355.9	5.37076e-06
355.92	5.35973e-06
355.94	5.3488e-06
355.96	5.338e-06
355.98	5.32731e-06
356	5.31673e-06
356.02	5.30627e-06
356.04	5.29592e-06
356.06	5.28569e-06
356.08	5.27557e-06
356.1	5.26556e-06
356.12	5.25567e-06
356.14	5.24589e-06
356.16	5.23623e-06
356.18	5.22668e-06
356.2	5.21725e-06
356.22	5.20792e-06
356.24	5.19872e-06
356.26	5.18962e-06
356.28	5.18064e-06
356.3	5.17177e-06
356.32	5.16302e-06
356.34	5.15438e-06
356.36	5.14585e-06
356.38	5.13744e-06
356.4	5.12914e-06
356.42	5.12096e-06
356.44	5.11289e-06
356.46	5.10493e-06
356.48	5.09709e-06
356.5	5.08936e-06
356.52	5.08175e-06
356.54	5.07425e-06
356.56	5.06687e-06
356.58	5.0596e-06
356.6	5.05244e-06
356.62	5.04541e-06
356.64	5.03848e-06
356.66	5.03168e-06
356.68	5.02499e-06
356.7	5.01841e-06
356.72	5.01195e-06
356.74	5.00561e-06
356.76	4.99939e-06
356.78	4.99328e-06
356.8	4.98729e-06
356.82	4.98143e-06
356.84	4.97567e-06
356.86	4.97004e-06
356.88	4.96453e-06
356.9	4.95914e-06
356.92	4.95387e-06
356.94	4.94872e-06
356.96	4.94369e-06
356.98	4.93878e-06
357	4.934e-06
357.02	4.92933e-06
357.04	4.9248e-06
357.06	4.92038e-06
357.08	4.9161e-06
357.1	4.91194e-06
357.12	4.9079e-06
357.14	4.90399e-06
357.16	4.90021e-06
357.18	4.89656e-06
357.2	4.89304e-06
357.22	4.88965e-06
357.24	4.8864e-06
357.26	4.88327e-06
357.28	4.88028e-06
357.3	4.87742e-06
357.32	4.8747e-06
357.34	4.87212e-06
357.36	4.86967e-06
357.38	4.86736e-06
357.4	4.8652e-06
357.42	4.86317e-06
357.44	4.86129e-06
357.46	4.85955e-06
357.48	4.85796e-06
357.5	4.85652e-06
357.52	4.85522e-06
357.54	4.85408e-06
357.56	4.85309e-06
357.58	4.85225e-06
357.6	4.85157e-06
357.62	4.85104e-06
357.64	4.85068e-06
357.66	4.85048e-06
357.68	4.85044e-06
357.7	4.85057e-06
357.72	4.85087e-06
357.74	4.85134e-06
357.76	4.85198e-06
357.78	4.8528e-06
357.8	4.8538e-06
357.82	4.85499e-06
357.84	4.85635e-06
357.86	4.85791e-06
357.88	4.85965e-06
357.9	4.8616e-06
357.92	4.86374e-06
357.94	4.86608e-06
357.96	4.86863e-06
357.98	4.87139e-06
358	4.87437e-06
358.02	4.87757e-06
358.04	4.88099e-06
358.06	4.88464e-06
358.08	4.88853e-06
358.1	4.89265e-06
358.12	4.89703e-06
358.14	4.90166e-06
358.16	4.90655e-06
358.18	4.9117e-06
358.2	4.91714e-06
358.22	4.92285e-06
358.24	4.92886e-06
358.26	4.93516e-06
358.28	4.94178e-06
358.3	4.94872e-06
358.32	4.95599e-06
358.34	4.9636e-06
358.36	4.97158e-06
358.38	4.97992e-06
358.4	4.98865e-06
358.42	4.99778e-06
358.44	5.00733e-06
358.46	5.01731e-06
358.48	5.02776e-06
358.5	5.03869e-06
358.52	5.05013e-06
358.54	5.0621e-06
358.56	5.07464e-06
358.58	5.08777e-06
358.6	5.10154e-06
358.62	5.116e-06
358.64	5.13117e-06
358.66	5.14713e-06
358.68	5.16393e-06
358.7	5.18164e-06
358.72	5.20035e-06
358.74	5.22015e-06
358.76	5.24115e-06
358.78	5.26348e-06
358.8	5.28731e-06
358.82	5.31283e-06
358.84	5.3403e-06
358.86	5.37001e-06
358.88	5.40237e-06
358.9	5.43791e-06
358.92	5.47735e-06
358.94	5.52174e-06
358.96	5.57262e-06
358.98	5.63244e-06
359	5.70545e-06
359.02	5.79979e-06
359.04	5.93342e-06
359.06	6.15168e-06
359.08	6.56786e-06
359.1	7.42959e-06
359.12	9.10729e-06
359.14	1.19452e-05
359.16	1.64643e-05
359.18	2.34622e-05
359.2	3.35501e-05
359.22	4.69514e-05
359.24	6.37371e-05
359.26	8.36724e-05
359.28	0.000105843
359.3	0.000128699
359.32	0.000150468
359.34	0.000169724
359.36	0.000185784
359.38	0.000198623
359.4	0.000208545
359.42	0.000215953
359.44	0.000221262
359.46	0.000224909
359.48	0.000227339
359.5	0.000228952
359.52	0.000230073
359.54	0.000230941
359.56	0.000231721
359.58	0.000232516
359.6	0.000233387
359.62	0.000234364
359.64	0.000235459
359.66	0.000236669
359.68	0.000237985
359.7	0.000239392
359.72	0.000240875
359.74	0.000242417
359.76	0.000244003
359.78	0.000245619
359.8	0.000247252
359.82	0.000248891
359.84	0.000250527
359.86	0.000252152
359.88	0.00025376
359.9	0.000255347
359.92	0.000256907
359.94	0.000258439
359.96	0.000259939
359.98	0.000261406
360	0.00026284
360.02	0.000264239
360.04	0.000265603
360.06	0.000266931
360.08	0.000268223
360.1	0.00026948
360.12	0.000270702
360.14	0.000271888
360.16	0.000273038
360.18	0.000274154
360.2	0.000275235
360.22	0.000276281
360.24	0.000277293
360.26	0.000278269
360.28	0.000279211
360.3	0.000280118
360.32	0.000280991
360.34	0.000281829
360.36	0.000282632
360.38	0.000283399
360.4	0.000284132
360.42	0.000284829
360.44	0.000285491
360.46	0.000286116
360.48	0.000286706
360.5	0.00028726
360.52	0.000287777
360.54	0.000288258
360.56	0.000288702
360.58	0.000289109
360.6	0.000289479
360.62	0.000289813
360.64	0.000290108
360.66	0.000290367
360.68	0.000290588
360.7	0.000290772
360.72	0.000290919
360.74	0.000291029
360.76	0.000291101
360.78	0.000291137
360.8	0.000291135
360.82	0.000291098
360.84	0.000291023
360.86	0.000290913
360.88	0.000290766
360.9	0.000290584
360.92	0.000290367
360.94	0.000290115
360.96	0.000289829
360.98	0.000289508
361	0.000289154
361.02	0.000288767
361.04	0.000288347
361.06	0.000287895
361.08	0.000287412
361.1	0.000286898
361.12	0.000286353
361.14	0.000285779
361.16	0.000285175
361.18	0.000284543
361.2	0.000283882
361.22	0.000283195
361.24	0.000282481
361.26	0.000281741
361.28	0.000280975
361.3	0.000280185
361.32	0.00027937
361.34	0.000278533
361.36	0.000277673
361.38	0.00027679
361.4	0.000275887
361.42	0.000274962
361.44	0.000274018
361.46	0.000273055
361.48	0.000272072
361.5	0.000271072
361.52	0.000270054
361.54	0.00026902
361.56	0.000267969
361.58	0.000266903
361.6	0.000265823
361.62	0.000264727
361.64	0.000263619
361.66	0.000262497
361.68	0.000261363
361.7	0.000260216
361.72	0.000259059
361.74	0.00025789
361.76	0.000256712
361.78	0.000255524
361.8	0.000254326
361.82	0.00025312
361.84	0.000251906
361.86	0.000250683
361.88	0.000249454
361.9	0.000248218
361.92	0.000246976
361.94	0.000245727
361.96	0.000244473
361.98	0.000243215
362	0.000241951
362.02	0.000240684
362.04	0.000239412
362.06	0.000238138
362.08	0.00023686
362.1	0.000235579
362.12	0.000234296
362.14	0.000233011
362.16	0.000231724
362.18	0.000230436
362.2	0.000229147
362.22	0.000227857
362.24	0.000226567
362.26	0.000225276
362.28	0.000223986
362.3	0.000222695
362.32	0.000221406
362.34	0.000220117
362.36	0.00021883
362.38	0.000217543
362.4	0.000216259
362.42	0.000214976
362.44	0.000213695
362.46	0.000212416
362.48	0.00021114
362.5	0.000209866
362.52	0.000208595
362.54	0.000207326
362.56	0.000206061
362.58	0.0002048
362.6	0.000203541
362.62	0.000202286
362.64	0.000201035
362.66	0.000199788
362.68	0.000198545
362.7	0.000197306
362.72	0.000196071
362.74	0.00019484
362.76	0.000193614
362.78	0.000192393
362.8	0.000191176
362.82	0.000189964
362.84	0.000188757
362.86	0.000187555
362.88	0.000186358
362.9	0.000185166
362.92	0.000183979
362.94	0.000182797
362.96	0.000181621
362.98	0.000180451
363	0.000179285
363.02	0.000178126
363.04	0.000176972
363.06	0.000175823
363.08	0.000174681
363.1	0.000173544
363.12	0.000172413
363.14	0.000171287
363.16	0.000170168
363.18	0.000169054
363.2	0.000167947
363.22	0.000166845
363.24	0.00016575
363.26	0.00016466
363.28	0.000163576
363.3	0.000162499
363.32	0.000161428
363.34	0.000160362
363.36	0.000159303
363.38	0.00015825
363.4	0.000157203
363.42	0.000156163
363.44	0.000155128
363.46	0.0001541
363.48	0.000153078
363.5	0.000152062
363.52	0.000151052
363.54	0.000150048
363.56	0.00014905
363.58	0.000148059
363.6	0.000147074
363.62	0.000146095
363.64	0.000145122
363.66	0.000144155
363.68	0.000143194
363.7	0.00014224
363.72	0.000141291
363.74	0.000140349
363.76	0.000139413
363.78	0.000138482
363.8	0.000137558
363.82	0.00013664
363.84	0.000135728
363.86	0.000134822
363.88	0.000133921
363.9	0.000133027
363.92	0.000132139
363.94	0.000131256
363.96	0.000130379
363.98	0.000129509
364	0.000128644
364.02	0.000127785
364.04	0.000126931
364.06	0.000126084
364.08	0.000125242
364.1	0.000124406
364.12	0.000123575
364.14	0.000122751
364.16	0.000121931
364.18	0.000121118
364.2	0.00012031
364.22	0.000119507
364.24	0.00011871
364.26	0.000117919
364.28	0.000117133
364.3	0.000116352
364.32	0.000115577
364.34	0.000114807
364.36	0.000114043
364.38	0.000113284
364.4	0.00011253
364.42	0.000111781
364.44	0.000111038
364.46	0.000110299
364.48	0.000109566
364.5	0.000108838
364.52	0.000108115
364.54	0.000107398
364.56	0.000106685
364.58	0.000105977
364.6	0.000105274
364.62	0.000104576
364.64	0.000103883
364.66	0.000103195
364.68	0.000102512
364.7	0.000101834
364.72	0.00010116
364.74	0.000100491
364.76	9.98267e-05
364.78	9.91672e-05
364.8	9.85123e-05
364.82	9.78621e-05
364.84	9.72164e-05
364.86	9.65753e-05
364.88	9.59388e-05
364.9	9.53067e-05
364.92	9.46791e-05
364.94	9.4056e-05
364.96	9.34372e-05
364.98	9.28229e-05
365	9.22129e-05
365.02	9.16072e-05
365.04	9.10058e-05
365.06	9.04086e-05
365.08	8.98157e-05
365.1	8.9227e-05
365.12	8.86424e-05
365.14	8.8062e-05
365.16	8.74857e-05
365.18	8.69135e-05
365.2	8.63453e-05
365.22	8.57812e-05
365.24	8.5221e-05
365.26	8.46648e-05
365.28	8.41126e-05
365.3	8.35642e-05
365.32	8.30198e-05
365.34	8.24792e-05
365.36	8.19424e-05
365.38	8.14094e-05
365.4	8.08802e-05
365.42	8.03548e-05
365.44	7.9833e-05
365.46	7.9315e-05
365.48	7.88006e-05
365.5	7.82898e-05
365.52	7.77826e-05
365.54	7.72791e-05
365.56	7.67791e-05
365.58	7.62826e-05
365.6	7.57896e-05
365.62	7.53001e-05
365.64	7.4814e-05
365.66	7.43314e-05
365.68	7.38522e-05
365.7	7.33764e-05
365.72	7.29039e-05
365.74	7.24347e-05
365.76	7.19689e-05
365.78	7.15063e-05
365.8	7.1047e-05
365.82	7.05909e-05
365.84	7.0138e-05
365.86	6.96882e-05
365.88	6.92417e-05
365.9	6.87983e-05
365.92	6.8358e-05
365.94	6.79207e-05
365.96	6.74866e-05
365.98	6.70555e-05
366	6.66274e-05
366.02	6.62023e-05
366.04	6.57802e-05
366.06	6.5361e-05
366.08	6.49448e-05
366.1	6.45315e-05
366.12	6.41211e-05
366.14	6.37135e-05
366.16	6.33088e-05
366.18	6.29069e-05
366.2	6.25079e-05
366.22	6.21116e-05
366.24	6.1718e-05
366.26	6.13273e-05
366.28	6.09392e-05
366.3	6.05539e-05
366.32	6.01712e-05
366.34	5.97912e-05
366.36	5.94138e-05
366.38	5.90391e-05
366.4	5.8667e-05
366.42	5.82974e-05
366.44	5.79305e-05
366.46	5.75661e-05
366.48	5.72042e-05
366.5	5.68448e-05
366.52	5.64879e-05
366.54	5.61335e-05
366.56	5.57816e-05
366.58	5.5432e-05
366.6	5.50849e-05
366.62	5.47403e-05
366.64	5.4398e-05
366.66	5.4058e-05
366.68	5.37204e-05
366.7	5.33852e-05
366.72	5.30523e-05
366.74	5.27216e-05
366.76	5.23933e-05
366.78	5.20672e-05
366.8	5.17434e-05
366.82	5.14217e-05
366.84	5.11024e-05
366.86	5.07852e-05
366.88	5.04702e-05
366.9	5.01573e-05
366.92	4.98467e-05
366.94	4.95381e-05
366.96	4.92317e-05
366.98	4.89274e-05
367	4.86252e-05
367.02	4.8325e-05
367.04	4.80269e-05
367.06	4.77309e-05
367.08	4.74369e-05
367.1	4.71449e-05
367.12	4.68549e-05
367.14	4.65669e-05
367.16	4.62808e-05
367.18	4.59968e-05
367.2	4.57146e-05
367.22	4.54344e-05
367.24	4.51561e-05
367.26	4.48798e-05
367.28	4.46053e-05
367.3	4.43326e-05
367.32	4.40619e-05
367.34	4.3793e-05
367.36	4.35259e-05
367.38	4.32606e-05
367.4	4.29972e-05
367.42	4.27355e-05
367.44	4.24756e-05
367.46	4.22175e-05
367.48	4.19612e-05
367.5	4.17066e-05
367.52	4.14537e-05
367.54	4.12026e-05
367.56	4.09531e-05
367.58	4.07054e-05
367.6	4.04593e-05
367.62	4.02149e-05
367.64	3.99721e-05
367.66	3.97311e-05
367.68	3.94916e-05
367.7	3.92537e-05
367.72	3.90175e-05
367.74	3.87829e-05
367.76	3.85498e-05
367.78	3.83184e-05
367.8	3.80885e-05
367.82	3.78601e-05
367.84	3.76333e-05
367.86	3.74081e-05
367.88	3.71843e-05
367.9	3.69621e-05
367.92	3.67414e-05
367.94	3.65221e-05
367.96	3.63043e-05
367.98	3.6088e-05
368	3.58732e-05
368.02	3.56598e-05
368.04	3.54478e-05
368.06	3.52373e-05
368.08	3.50282e-05
368.1	3.48205e-05
368.12	3.46142e-05
368.14	3.44093e-05
368.16	3.42057e-05
368.18	3.40035e-05
368.2	3.38027e-05
368.22	3.36032e-05
368.24	3.34051e-05
368.26	3.32083e-05
368.28	3.30128e-05
368.3	3.28186e-05
368.32	3.26257e-05
368.34	3.24342e-05
368.36	3.22439e-05
368.38	3.20548e-05
368.4	3.18671e-05
368.42	3.16806e-05
368.44	3.14953e-05
368.46	3.13113e-05
368.48	3.11285e-05
368.5	3.09469e-05
368.52	3.07666e-05
368.54	3.05874e-05
368.56	3.04095e-05
368.58	3.02327e-05
368.6	3.00571e-05
368.62	2.98827e-05
368.64	2.97094e-05
368.66	2.95373e-05
368.68	2.93664e-05
368.7	2.91965e-05
368.72	2.90278e-05
368.74	2.88603e-05
368.76	2.86938e-05
368.78	2.85285e-05
368.8	2.83642e-05
368.82	2.82011e-05
368.84	2.8039e-05
368.86	2.7878e-05
368.88	2.77181e-05
368.9	2.75592e-05
368.92	2.74014e-05
368.94	2.72446e-05
368.96	2.70889e-05
368.98	2.69342e-05
369	2.67805e-05
369.02	2.66279e-05
369.04	2.64763e-05
369.06	2.63256e-05
369.08	2.6176e-05
369.1	2.60273e-05
369.12	2.58797e-05
369.14	2.5733e-05
369.16	2.55873e-05
369.18	2.54425e-05
369.2	2.52987e-05
369.22	2.51558e-05
369.24	2.50139e-05
369.26	2.4873e-05
369.28	2.47329e-05
369.3	2.45938e-05
369.32	2.44556e-05
369.34	2.43183e-05
369.36	2.41819e-05
369.38	2.40464e-05
369.4	2.39118e-05
369.42	2.37781e-05
369.44	2.36453e-05
369.46	2.35133e-05
369.48	2.33822e-05
369.5	2.3252e-05
369.52	2.31226e-05
369.54	2.29941e-05
369.56	2.28664e-05
369.58	2.27396e-05
369.6	2.26136e-05
369.62	2.24884e-05
369.64	2.23641e-05
369.66	2.22405e-05
369.68	2.21178e-05
369.7	2.19959e-05
369.72	2.18747e-05
369.74	2.17544e-05
369.76	2.16349e-05
369.78	2.15161e-05
369.8	2.13981e-05
369.82	2.12809e-05
369.84	2.11645e-05
369.86	2.10488e-05
369.88	2.09339e-05
369.9	2.08197e-05
369.92	2.07063e-05
369.94	2.05936e-05
369.96	2.04817e-05
369.98	2.03705e-05
370	2.026e-05
370.02	2.01502e-05
370.04	2.00412e-05
370.06	1.99328e-05
370.08	1.98252e-05
370.1	1.97183e-05
370.12	1.96121e-05
370.14	1.95065e-05
370.16	1.94017e-05
370.18	1.92975e-05
370.2	1.9194e-05
370.22	1.90912e-05
370.24	1.89891e-05
370.26	1.88876e-05
370.28	1.87868e-05
370.3	1.86866e-05
370.32	1.85871e-05
370.34	1.84883e-05
370.36	1.83901e-05
370.38	1.82925e-05
370.4	1.81955e-05
370.42	1.80992e-05
370.44	1.80035e-05
370.46	1.79085e-05
370.48	1.7814e-05
370.5	1.77202e-05
370.52	1.76269e-05
370.54	1.75343e-05
370.56	1.74423e-05
370.58	1.73509e-05
370.6	1.726e-05
370.62	1.71698e-05
370.64	1.70801e-05
370.66	1.6991e-05
370.68	1.69025e-05
370.7	1.68146e-05
370.72	1.67272e-05
370.74	1.66405e-05
370.76	1.65542e-05
370.78	1.64685e-05
370.8	1.63834e-05
370.82	1.62989e-05
370.84	1.62148e-05
370.86	1.61314e-05
370.88	1.60484e-05
370.9	1.5966e-05
370.92	1.58841e-05
370.94	1.58028e-05
370.96	1.5722e-05
370.98	1.56417e-05
371	1.55619e-05
371.02	1.54826e-05
371.04	1.54039e-05
371.06	1.53256e-05
371.08	1.52479e-05
371.1	1.51707e-05
371.12	1.50939e-05
371.14	1.50177e-05
371.16	1.49419e-05
371.18	1.48667e-05
371.2	1.47919e-05
371.22	1.47176e-05
371.24	1.46438e-05
371.26	1.45704e-05
371.28	1.44976e-05
371.3	1.44252e-05
371.32	1.43532e-05
371.34	1.42818e-05
371.36	1.42108e-05
371.38	1.41402e-05
371.4	1.40701e-05
371.42	1.40005e-05
371.44	1.39313e-05
371.46	1.38625e-05
371.48	1.37942e-05
371.5	1.37263e-05
371.52	1.36589e-05
371.54	1.35919e-05
371.56	1.35253e-05
371.58	1.34592e-05
371.6	1.33934e-05
371.62	1.33281e-05
371.64	1.32633e-05
371.66	1.31988e-05
371.68	1.31347e-05
371.7	1.30711e-05
371.72	1.30079e-05
371.74	1.29451e-05
371.76	1.28826e-05
371.78	1.28206e-05
371.8	1.2759e-05
371.82	1.26978e-05
371.84	1.26369e-05
371.86	1.25765e-05
371.88	1.25164e-05
371.9	1.24568e-05
371.92	1.23975e-05
371.94	1.23386e-05
371.96	1.228e-05
371.98	1.22219e-05
372	1.21641e-05
372.02	1.21067e-05
372.04	1.20496e-05
372.06	1.19929e-05
372.08	1.19366e-05
372.1	1.18807e-05
372.12	1.18251e-05
372.14	1.17698e-05
372.16	1.17149e-05
372.18	1.16604e-05
372.2	1.16062e-05
372.22	1.15524e-05
372.24	1.14989e-05
372.26	1.14457e-05
372.28	1.13929e-05
372.3	1.13405e-05
372.32	1.12883e-05
372.34	1.12365e-05
372.36	1.11851e-05
372.38	1.11339e-05
372.4	1.10831e-05
372.42	1.10326e-05
372.44	1.09824e-05
372.46	1.09326e-05
372.48	1.08831e-05
372.5	1.08339e-05
372.52	1.0785e-05
372.54	1.07364e-05
372.56	1.06882e-05
372.58	1.06402e-05
372.6	1.05926e-05
372.62	1.05452e-05
372.64	1.04982e-05
372.66	1.04514e-05
372.68	1.0405e-05
372.7	1.03589e-05
372.72	1.0313e-05
372.74	1.02675e-05
372.76	1.02222e-05
372.78	1.01773e-05
372.8	1.01326e-05
372.82	1.00882e-05
372.84	1.00441e-05
372.86	1.00003e-05
372.88	9.95673e-06
372.9	9.91347e-06
372.92	9.87049e-06
372.94	9.82779e-06
372.96	9.78536e-06
372.98	9.7432e-06
373	9.70132e-06
373.02	9.6597e-06
373.04	9.61835e-06
373.06	9.57727e-06
373.08	9.53646e-06
373.1	9.49591e-06
373.12	9.45561e-06
373.14	9.41558e-06
373.16	9.37581e-06
373.18	9.33629e-06
373.2	9.29703e-06
373.22	9.25802e-06
373.24	9.21927e-06
373.26	9.18076e-06
373.28	9.14251e-06
373.3	9.1045e-06
373.32	9.06674e-06
373.34	9.02922e-06
373.36	8.99194e-06
373.38	8.95491e-06
373.4	8.91812e-06
373.42	8.88156e-06
373.44	8.84524e-06
373.46	8.80916e-06
373.48	8.77331e-06
373.5	8.7377e-06
373.52	8.70232e-06
373.54	8.66716e-06
373.56	8.63224e-06
373.58	8.59754e-06
373.6	8.56307e-06
373.62	8.52883e-06
373.64	8.4948e-06
373.66	8.461e-06
373.68	8.42742e-06
373.7	8.39406e-06
373.72	8.36092e-06
373.74	8.328e-06
373.76	8.29529e-06
373.78	8.26279e-06
373.8	8.23051e-06
373.82	8.19844e-06
373.84	8.16658e-06
373.86	8.13493e-06
373.88	8.10349e-06
373.9	8.07225e-06
373.92	8.04123e-06
373.94	8.0104e-06
373.96	7.97978e-06
373.98	7.94936e-06
374	7.91914e-06
374.02	7.88913e-06
374.04	7.85931e-06
374.06	7.82969e-06
374.08	7.80026e-06
374.1	7.77103e-06
374.12	7.742e-06
374.14	7.71316e-06
374.16	7.68451e-06
374.18	7.65605e-06
374.2	7.62778e-06
374.22	7.5997e-06
374.24	7.57181e-06
374.26	7.5441e-06
374.28	7.51658e-06
374.3	7.48925e-06
374.32	7.4621e-06
374.34	7.43513e-06
374.36	7.40834e-06
374.38	7.38174e-06
374.4	7.35531e-06
374.42	7.32906e-06
374.44	7.30299e-06
374.46	7.2771e-06
374.48	7.25139e-06
374.5	7.22584e-06
374.52	7.20048e-06
374.54	7.17528e-06
374.56	7.15026e-06
374.58	7.12541e-06
374.6	7.10072e-06
374.62	7.07621e-06
374.64	7.05187e-06
374.66	7.02769e-06
374.68	7.00368e-06
374.7	6.97984e-06
374.72	6.95616e-06
374.74	6.93265e-06
374.76	6.90929e-06
374.78	6.88611e-06
374.8	6.86308e-06
374.82	6.84021e-06
374.84	6.81751e-06
374.86	6.79496e-06
374.88	6.77257e-06
374.9	6.75034e-06
374.92	6.72826e-06
374.94	6.70634e-06
374.96	6.68458e-06
374.98	6.66297e-06
375	6.64152e-06
375.02	6.62021e-06
375.04	6.59906e-06
375.06	6.57806e-06
375.08	6.55721e-06
375.1	6.53652e-06
375.12	6.51597e-06
375.14	6.49557e-06
375.16	6.47531e-06
375.18	6.45521e-06
375.2	6.43525e-06
375.22	6.41543e-06
375.24	6.39577e-06
375.26	6.37624e-06
375.28	6.35686e-06
375.3	6.33762e-06
375.32	6.31853e-06
375.34	6.29958e-06
375.36	6.28076e-06
375.38	6.26209e-06
375.4	6.24356e-06
375.42	6.22517e-06
375.44	6.20691e-06
375.46	6.1888e-06
375.48	6.17082e-06
375.5	6.15298e-06
375.52	6.13528e-06
375.54	6.11771e-06
375.56	6.10027e-06
375.58	6.08297e-06
375.6	6.06581e-06
375.62	6.04878e-06
375.64	6.03188e-06
375.66	6.01511e-06
375.68	5.99848e-06
375.7	5.98198e-06
375.72	5.96561e-06
375.74	5.94937e-06
375.76	5.93326e-06
375.78	5.91727e-06
375.8	5.90142e-06
375.82	5.8857e-06
375.84	5.8701e-06
375.86	5.85463e-06
375.88	5.83929e-06
375.9	5.82408e-06
375.92	5.80899e-06
375.94	5.79403e-06
375.96	5.77919e-06
375.98	5.76448e-06
376	5.74989e-06
376.02	5.73542e-06
376.04	5.72108e-06
376.06	5.70687e-06
376.08	5.69277e-06
376.1	5.6788e-06
376.12	5.66495e-06
376.14	5.65123e-06
376.16	5.63762e-06
376.18	5.62414e-06
376.2	5.61077e-06
376.22	5.59753e-06
376.24	5.58441e-06
376.26	5.5714e-06
376.28	5.55852e-06
376.3	5.54575e-06
376.32	5.53311e-06
376.34	5.52058e-06
376.36	5.50817e-06
376.38	5.49588e-06
376.4	5.48371e-06
376.42	5.47165e-06
376.44	5.45972e-06
376.46	5.4479e-06
376.48	5.43619e-06
376.5	5.42461e-06
376.52	5.41313e-06
376.54	5.40178e-06
376.56	5.39054e-06
376.58	5.37942e-06
376.6	5.36841e-06
376.62	5.35752e-06
376.64	5.34674e-06
376.66	5.33608e-06
376.68	5.32554e-06
376.7	5.31511e-06
376.72	5.30479e-06
376.74	5.29459e-06
376.76	5.2845e-06
376.78	5.27453e-06
376.8	5.26467e-06
376.82	5.25493e-06
376.84	5.2453e-06
376.86	5.23578e-06
376.88	5.22638e-06
376.9	5.21709e-06
376.92	5.20792e-06
376.94	5.19886e-06
376.96	5.18991e-06
376.98	5.18108e-06
377	5.17237e-06
377.02	5.16376e-06
377.04	5.15527e-06
377.06	5.1469e-06
377.08	5.13864e-06
377.1	5.13049e-06
377.12	5.12246e-06
377.14	5.11454e-06
377.16	5.10674e-06
377.18	5.09905e-06
377.2	5.09148e-06
377.22	5.08402e-06
377.24	5.07668e-06
377.26	5.06946e-06
377.28	5.06234e-06
377.3	5.05535e-06
377.32	5.04847e-06
377.34	5.04171e-06
377.36	5.03506e-06
377.38	5.02853e-06
377.4	5.02212e-06
377.42	5.01583e-06
377.44	5.00965e-06
377.46	5.00359e-06
377.48	4.99765e-06
377.5	4.99183e-06
377.52	4.98613e-06
377.54	4.98055e-06
377.56	4.97509e-06
377.58	4.96975e-06
377.6	4.96453e-06
377.62	4.95943e-06
377.64	4.95446e-06
377.66	4.94961e-06
377.68	4.94488e-06
377.7	4.94027e-06
377.72	4.93579e-06
377.74	4.93144e-06
377.76	4.92721e-06
377.78	4.92311e-06
377.8	4.91914e-06
377.82	4.91529e-06
377.84	4.91157e-06
377.86	4.90799e-06
377.88	4.90453e-06
377.9	4.90121e-06
377.92	4.89802e-06
377.94	4.89496e-06
377.96	4.89204e-06
377.98	4.88925e-06
378	4.8866e-06
378.02	4.88409e-06
378.04	4.88172e-06
378.06	4.87949e-06
378.08	4.8774e-06
378.1	4.87545e-06
378.12	4.87365e-06
378.14	4.87199e-06
378.16	4.87048e-06
378.18	4.86912e-06
378.2	4.86791e-06
378.22	4.86686e-06
378.24	4.86596e-06
378.26	4.86521e-06
378.28	4.86462e-06
378.3	4.86419e-06
378.32	4.86393e-06
378.34	4.86382e-06
378.36	4.86389e-06
378.38	4.86412e-06
378.4	4.86452e-06
378.42	4.8651e-06
378.44	4.86586e-06
378.46	4.86679e-06
378.48	4.8679e-06
378.5	4.8692e-06
378.52	4.87069e-06
378.54	4.87237e-06
378.56	4.87424e-06
378.58	4.87631e-06
378.6	4.87859e-06
378.62	4.88107e-06
378.64	4.88376e-06
378.66	4.88667e-06
378.68	4.88979e-06
378.7	4.89314e-06
378.72	4.89672e-06
378.74	4.90053e-06
378.76	4.90459e-06
378.78	4.90888e-06
378.8	4.91344e-06
378.82	4.91825e-06
378.84	4.92332e-06
378.86	4.92868e-06
378.88	4.93431e-06
378.9	4.94023e-06
378.92	4.94645e-06
378.94	4.95298e-06
378.96	4.95983e-06
378.98	4.96701e-06
379	4.97454e-06
379.02	4.98241e-06
379.04	4.99066e-06
379.06	4.99928e-06
379.08	5.00831e-06
379.1	5.01775e-06
379.12	5.02763e-06
379.14	5.03796e-06
379.16	5.04877e-06
379.18	5.06008e-06
379.2	5.07192e-06
379.22	5.08432e-06
379.24	5.09731e-06
379.26	5.11093e-06
379.28	5.12522e-06
379.3	5.14023e-06
379.32	5.156e-06
379.34	5.17261e-06
379.36	5.1901e-06
379.38	5.20858e-06
379.4	5.22812e-06
379.42	5.24884e-06
379.44	5.27087e-06
379.46	5.29435e-06
379.48	5.31948e-06
379.5	5.34649e-06
379.52	5.37567e-06
379.54	5.40741e-06
379.56	5.44218e-06
379.58	5.48069e-06
379.6	5.52386e-06
379.62	5.57311e-06
379.64	5.63064e-06
379.66	5.70015e-06
379.68	5.78858e-06
379.7	5.91068e-06
379.72	6.10276e-06
379.74	6.45795e-06
379.76	7.18333e-06
379.78	8.63212e-06
379.8	1.11644e-05
379.82	1.52206e-05
379.84	2.15656e-05
379.86	3.08969e-05
379.88	4.35092e-05
379.9	5.95022e-05
379.92	7.87505e-05
379.94	0.000100515
379.96	0.000123366
379.98	0.000145535
380	0.000165466
380.02	0.000182292
380.04	0.000195862
380.06	0.00020643
380.08	0.000214387
380.1	0.000220148
380.12	0.000224144
380.14	0.00022682
380.16	0.000228592
380.18	0.000229804
380.2	0.000230715
380.22	0.000231504
380.24	0.000232289
380.26	0.000233139
380.28	0.00023409
380.3	0.000235157
380.32	0.000236341
380.34	0.000237633
380.36	0.00023902
380.38	0.000240487
380.4	0.000242016
380.42	0.000243594
380.44	0.000245204
380.46	0.000246834
380.48	0.000248472
380.5	0.000250109
380.52	0.000251737
380.54	0.00025335
380.56	0.000254941
380.58	0.000256508
380.6	0.000258046
380.62	0.000259554
380.64	0.000261029
380.66	0.00026247
380.68	0.000263877
380.7	0.000265249
380.72	0.000266585
380.74	0.000267885
380.76	0.00026915
380.78	0.00027038
380.8	0.000271574
380.82	0.000272733
380.84	0.000273857
380.86	0.000274945
380.88	0.000275999
380.9	0.000277019
380.92	0.000278003
380.94	0.000278953
380.96	0.000279868
380.98	0.000280749
381	0.000281595
381.02	0.000282405
381.04	0.000283181
381.06	0.000283922
381.08	0.000284627
381.1	0.000285297
381.12	0.000285931
381.14	0.000286529
381.16	0.000287091
381.18	0.000287617
381.2	0.000288106
381.22	0.000288558
381.24	0.000288974
381.26	0.000289353
381.28	0.000289695
381.3	0.000289999
381.32	0.000290267
381.34	0.000290497
381.36	0.000290689
381.38	0.000290845
381.4	0.000290963
381.42	0.000291044
381.44	0.000291088
381.46	0.000291095
381.48	0.000291066
381.5	0.000291
381.52	0.000290898
381.54	0.00029076
381.56	0.000290586
381.58	0.000290377
381.6	0.000290133
381.62	0.000289855
381.64	0.000289542
381.66	0.000289196
381.68	0.000288817
381.7	0.000288405
381.72	0.00028796
381.74	0.000287484
381.76	0.000286977
381.78	0.00028644
381.8	0.000285872
381.82	0.000285276
381.84	0.00028465
381.86	0.000283996
381.88	0.000283315
381.9	0.000282608
381.92	0.000281873
381.94	0.000281114
381.96	0.00028033
381.98	0.000279521
382	0.000278689
382.02	0.000277834
382.04	0.000276957
382.06	0.000276059
382.08	0.000275139
382.1	0.0002742
382.12	0.000273241
382.14	0.000272263
382.16	0.000271267
382.18	0.000270254
382.2	0.000269223
382.22	0.000268177
382.24	0.000267114
382.26	0.000266037
382.28	0.000264946
382.3	0.00026384
382.32	0.000262722
382.34	0.00026159
382.36	0.000260447
382.38	0.000259293
382.4	0.000258127
382.42	0.000256951
382.44	0.000255765
382.46	0.00025457
382.48	0.000253366
382.5	0.000252154
382.52	0.000250934
382.54	0.000249706
382.56	0.000248472
382.58	0.000247231
382.6	0.000245985
382.62	0.000244733
382.64	0.000243475
382.66	0.000242213
382.68	0.000240947
382.7	0.000239677
382.72	0.000238403
382.74	0.000237126
382.76	0.000235846
382.78	0.000234564
382.8	0.00023328
382.82	0.000231994
382.84	0.000230706
382.86	0.000229418
382.88	0.000228128
382.9	0.000226838
382.92	0.000225548
382.94	0.000224258
382.96	0.000222968
382.98	0.000221678
383	0.00022039
383.02	0.000219102
383.04	0.000217816
383.06	0.000216531
383.08	0.000215248
383.1	0.000213967
383.12	0.000212688
383.14	0.000211411
383.16	0.000210137
383.18	0.000208866
383.2	0.000207597
383.22	0.000206332
383.24	0.000205069
383.26	0.000203811
383.28	0.000202555
383.3	0.000201304
383.32	0.000200056
383.34	0.000198812
383.36	0.000197572
383.38	0.000196336
383.4	0.000195105
383.42	0.000193878
383.44	0.000192656
383.46	0.000191439
383.48	0.000190226
383.5	0.000189018
383.52	0.000187815
383.54	0.000186617
383.56	0.000185424
383.58	0.000184236
383.6	0.000183054
383.62	0.000181877
383.64	0.000180705
383.66	0.000179539
383.68	0.000178378
383.7	0.000177223
383.72	0.000176074
383.74	0.00017493
383.76	0.000173792
383.78	0.00017266
383.8	0.000171533
383.82	0.000170413
383.84	0.000169298
383.86	0.00016819
383.88	0.000167087
383.9	0.00016599
383.92	0.000164899
383.94	0.000163815
383.96	0.000162736
383.98	0.000161664
384	0.000160597
384.02	0.000159537
384.04	0.000158483
384.06	0.000157435
384.08	0.000156393
384.1	0.000155357
384.12	0.000154328
384.14	0.000153304
384.16	0.000152287
384.18	0.000151276
384.2	0.000150271
384.22	0.000149272
384.24	0.00014828
384.26	0.000147293
384.28	0.000146313
384.3	0.000145339
384.32	0.000144371
384.34	0.000143409
384.36	0.000142453
384.38	0.000141504
384.4	0.00014056
384.42	0.000139622
384.44	0.000138691
384.46	0.000137766
384.48	0.000136846
384.5	0.000135933
384.52	0.000135025
384.54	0.000134124
384.56	0.000133229
384.58	0.000132339
384.6	0.000131455
384.62	0.000130578
384.64	0.000129706
384.66	0.00012884
384.68	0.000127979
384.7	0.000127125
384.72	0.000126276
384.74	0.000125433
384.76	0.000124596
384.78	0.000123764
384.8	0.000122938
384.82	0.000122118
384.84	0.000121303
384.86	0.000120494
384.88	0.000119691
384.9	0.000118893
384.92	0.0001181
384.94	0.000117313
384.96	0.000116531
384.98	0.000115755
385	0.000114984
385.02	0.000114218
385.04	0.000113458
385.06	0.000112703
385.08	0.000111954
385.1	0.000111209
385.12	0.00011047
385.14	0.000109736
385.16	0.000109007
385.18	0.000108283
385.2	0.000107564
385.22	0.00010685
385.24	0.000106141
385.26	0.000105437
385.28	0.000104738
385.3	0.000104044
385.32	0.000103355
385.34	0.000102671
385.36	0.000101992
385.38	0.000101317
385.4	0.000100647
385.42	9.99819e-05
385.44	9.93214e-05
385.46	9.86656e-05
385.48	9.80144e-05
385.5	9.73678e-05
385.52	9.67258e-05
385.54	9.60883e-05
385.56	9.54553e-05
385.58	9.48268e-05
385.6	9.42027e-05
385.62	9.3583e-05
385.64	9.29678e-05
385.66	9.23569e-05
385.68	9.17503e-05
385.7	9.1148e-05
385.72	9.055e-05
385.74	8.99562e-05
385.76	8.93666e-05
385.78	8.87811e-05
385.8	8.81999e-05
385.82	8.76227e-05
385.84	8.70496e-05
385.86	8.64806e-05
385.88	8.59156e-05
385.9	8.53547e-05
385.92	8.47976e-05
385.94	8.42446e-05
385.96	8.36954e-05
385.98	8.31502e-05
386	8.26087e-05
386.02	8.20712e-05
386.04	8.15374e-05
386.06	8.10074e-05
386.08	8.04811e-05
386.1	7.99586e-05
386.12	7.94398e-05
386.14	7.89246e-05
386.16	7.84131e-05
386.18	7.79052e-05
386.2	7.74008e-05
386.22	7.69001e-05
386.24	7.64028e-05
386.26	7.59091e-05
386.28	7.54189e-05
386.3	7.49321e-05
386.32	7.44488e-05
386.34	7.39688e-05
386.36	7.34923e-05
386.38	7.30191e-05
386.4	7.25492e-05
386.42	7.20826e-05
386.44	7.16194e-05
386.46	7.11593e-05
386.48	7.07025e-05
386.5	7.0249e-05
386.52	6.97986e-05
386.54	6.93513e-05
386.56	6.89073e-05
386.58	6.84663e-05
386.6	6.80284e-05
386.62	6.75936e-05
386.64	6.71618e-05
386.66	6.67331e-05
386.68	6.63074e-05
386.7	6.58846e-05
386.72	6.54648e-05
386.74	6.50479e-05
386.76	6.4634e-05
386.78	6.4223e-05
386.8	6.38148e-05
386.82	6.34095e-05
386.84	6.3007e-05
386.86	6.26073e-05
386.88	6.22104e-05
386.9	6.18163e-05
386.92	6.14249e-05
386.94	6.10363e-05
386.96	6.06503e-05
386.98	6.02671e-05
387	5.98865e-05
387.02	5.95086e-05
387.04	5.91333e-05
387.06	5.87606e-05
387.08	5.83905e-05
387.1	5.8023e-05
387.12	5.7658e-05
387.14	5.72955e-05
387.16	5.69356e-05
387.18	5.65782e-05
387.2	5.62232e-05
387.22	5.58707e-05
387.24	5.55207e-05
387.26	5.51731e-05
387.28	5.48279e-05
387.3	5.4485e-05
387.32	5.41446e-05
387.34	5.38065e-05
387.36	5.34707e-05
387.38	5.31373e-05
387.4	5.28061e-05
387.42	5.24773e-05
387.44	5.21507e-05
387.46	5.18264e-05
387.48	5.15043e-05
387.5	5.11844e-05
387.52	5.08667e-05
387.54	5.05512e-05
387.56	5.02379e-05
387.58	4.99268e-05
387.6	4.96178e-05
387.62	4.93109e-05
387.64	4.90061e-05
387.66	4.87034e-05
387.68	4.84028e-05
387.7	4.81043e-05
387.72	4.78078e-05
387.74	4.75133e-05
387.76	4.72208e-05
387.78	4.69304e-05
387.8	4.6642e-05
387.82	4.63555e-05
387.84	4.6071e-05
387.86	4.57884e-05
387.88	4.55078e-05
387.9	4.5229e-05
387.92	4.49522e-05
387.94	4.46773e-05
387.96	4.44043e-05
387.98	4.41331e-05
388	4.38638e-05
388.02	4.35963e-05
388.04	4.33306e-05
388.06	4.30667e-05
388.08	4.28047e-05
388.1	4.25444e-05
388.12	4.22859e-05
388.14	4.20292e-05
388.16	4.17742e-05
388.18	4.15209e-05
388.2	4.12694e-05
388.22	4.10195e-05
388.24	4.07714e-05
388.26	4.05249e-05
388.28	4.02802e-05
388.3	4.0037e-05
388.32	3.97956e-05
388.34	3.95557e-05
388.36	3.93175e-05
388.38	3.90809e-05
388.4	3.88459e-05
388.42	3.86125e-05
388.44	3.83807e-05
388.46	3.81505e-05
388.48	3.79218e-05
388.5	3.76946e-05
388.52	3.7469e-05
388.54	3.72449e-05
388.56	3.70223e-05
388.58	3.68012e-05
388.6	3.65817e-05
388.62	3.63635e-05
388.64	3.61469e-05
388.66	3.59317e-05
388.68	3.5718e-05
388.7	3.55057e-05
388.72	3.52949e-05
388.74	3.50854e-05
388.76	3.48774e-05
388.78	3.46707e-05
388.8	3.44655e-05
388.82	3.42616e-05
388.84	3.40591e-05
388.86	3.3858e-05
388.88	3.36582e-05
388.9	3.34598e-05
388.92	3.32627e-05
388.94	3.30669e-05
388.96	3.28724e-05
388.98	3.26792e-05
389	3.24873e-05
389.02	3.22967e-05
389.04	3.21074e-05
389.06	3.19194e-05
389.08	3.17326e-05
389.1	3.1547e-05
389.12	3.13627e-05
389.14	3.11796e-05
389.16	3.09978e-05
389.18	3.08171e-05
389.2	3.06377e-05
389.22	3.04595e-05
389.24	3.02824e-05
389.26	3.01065e-05
389.28	2.99318e-05
389.3	2.97583e-05
389.32	2.95859e-05
389.34	2.94147e-05
389.36	2.92446e-05
389.38	2.90757e-05
389.4	2.89078e-05
389.42	2.87411e-05
389.44	2.85755e-05
389.46	2.8411e-05
389.48	2.82476e-05
389.5	2.80853e-05
389.52	2.7924e-05
389.54	2.77639e-05
389.56	2.76047e-05
389.58	2.74467e-05
389.6	2.72897e-05
389.62	2.71337e-05
389.64	2.69788e-05
389.66	2.68248e-05
389.68	2.6672e-05
389.7	2.65201e-05
389.72	2.63692e-05
389.74	2.62193e-05
389.76	2.60704e-05
389.78	2.59225e-05
389.8	2.57756e-05
389.82	2.56297e-05
389.84	2.54847e-05
389.86	2.53406e-05
389.88	2.51976e-05
389.9	2.50554e-05
389.92	2.49142e-05
389.94	2.4774e-05
389.96	2.46346e-05
389.98	2.44962e-05
390	2.43587e-05
390.02	2.42221e-05
390.04	2.40864e-05
390.06	2.39516e-05
390.08	2.38177e-05
390.1	2.36846e-05
390.12	2.35524e-05
390.14	2.34211e-05
390.16	2.32907e-05
390.18	2.31611e-05
390.2	2.30324e-05
390.22	2.29045e-05
390.24	2.27775e-05
390.26	2.26513e-05
390.28	2.25259e-05
390.3	2.24013e-05
390.32	2.22776e-05
390.34	2.21547e-05
390.36	2.20326e-05
390.38	2.19113e-05
390.4	2.17907e-05
390.42	2.1671e-05
390.44	2.15521e-05
390.46	2.14339e-05
390.48	2.13165e-05
390.5	2.11999e-05
390.52	2.1084e-05
390.54	2.09689e-05
390.56	2.08545e-05
390.58	2.07409e-05
390.6	2.06281e-05
390.62	2.0516e-05
390.64	2.04046e-05
390.66	2.02939e-05
390.68	2.0184e-05
390.7	2.00748e-05
390.72	1.99662e-05
390.74	1.98584e-05
390.76	1.97514e-05
390.78	1.9645e-05
390.8	1.95392e-05
390.82	1.94342e-05
390.84	1.93299e-05
390.86	1.92263e-05
390.88	1.91233e-05
390.9	1.9021e-05
390.92	1.89193e-05
390.94	1.88184e-05
390.96	1.8718e-05
390.98	1.86184e-05
391	1.85194e-05
391.02	1.8421e-05
391.04	1.83232e-05
391.06	1.82261e-05
391.08	1.81297e-05
391.1	1.80338e-05
391.12	1.79386e-05
391.14	1.7844e-05
391.16	1.775e-05
391.18	1.76566e-05
391.2	1.75639e-05
391.22	1.74717e-05
391.24	1.73801e-05
391.26	1.72891e-05
391.28	1.71987e-05
391.3	1.71089e-05
391.32	1.70197e-05
391.34	1.69311e-05
391.36	1.6843e-05
391.38	1.67555e-05
391.4	1.66686e-05
391.42	1.65822e-05
391.44	1.64964e-05
391.46	1.64111e-05
391.48	1.63264e-05
391.5	1.62422e-05
391.52	1.61586e-05
391.54	1.60756e-05
391.56	1.5993e-05
391.58	1.5911e-05
391.6	1.58295e-05
391.62	1.57486e-05
391.64	1.56682e-05
391.66	1.55883e-05
391.68	1.55089e-05
391.7	1.543e-05
391.72	1.53516e-05
391.74	1.52738e-05
391.76	1.51964e-05
391.78	1.51195e-05
391.8	1.50432e-05
391.82	1.49673e-05
391.84	1.48919e-05
391.86	1.4817e-05
391.88	1.47426e-05
391.9	1.46687e-05
391.92	1.45952e-05
391.94	1.45222e-05
391.96	1.44497e-05
391.98	1.43777e-05
392	1.43061e-05
392.02	1.42349e-05
392.04	1.41643e-05
392.06	1.40941e-05
392.08	1.40243e-05
392.1	1.3955e-05
392.12	1.38861e-05
392.14	1.38177e-05
392.16	1.37497e-05
392.18	1.36822e-05
392.2	1.36151e-05
392.22	1.35484e-05
392.24	1.34821e-05
392.26	1.34163e-05
392.28	1.33509e-05
392.3	1.32859e-05
392.32	1.32213e-05
392.34	1.31572e-05
392.36	1.30934e-05
392.38	1.30301e-05
392.4	1.29672e-05
392.42	1.29047e-05
392.44	1.28425e-05
392.46	1.27808e-05
392.48	1.27195e-05
392.5	1.26585e-05
392.52	1.2598e-05
392.54	1.25378e-05
392.56	1.24781e-05
392.58	1.24187e-05
392.6	1.23597e-05
392.62	1.23011e-05
392.64	1.22428e-05
392.66	1.21849e-05
392.68	1.21274e-05
392.7	1.20703e-05
392.72	1.20135e-05
392.74	1.19571e-05
392.76	1.1901e-05
392.78	1.18454e-05
392.8	1.179e-05
392.82	1.1735e-05
392.84	1.16804e-05
392.86	1.16261e-05
392.88	1.15722e-05
392.9	1.15186e-05
392.92	1.14654e-05
392.94	1.14125e-05
392.96	1.13599e-05
392.98	1.13077e-05
393	1.12558e-05
393.02	1.12043e-05
393.04	1.11531e-05
393.06	1.11022e-05
393.08	1.10516e-05
393.1	1.10013e-05
393.12	1.09514e-05
393.14	1.09018e-05
393.16	1.08525e-05
393.18	1.08036e-05
393.2	1.07549e-05
393.22	1.07066e-05
393.24	1.06585e-05
393.26	1.06108e-05
393.28	1.05634e-05
393.3	1.05163e-05
393.32	1.04694e-05
393.34	1.04229e-05
393.36	1.03767e-05
393.38	1.03308e-05
393.4	1.02852e-05
393.42	1.02398e-05
393.44	1.01948e-05
393.46	1.01501e-05
393.48	1.01056e-05
393.5	1.00614e-05
393.52	1.00175e-05
393.54	9.97391e-06
393.56	9.93058e-06
393.58	9.88753e-06
393.6	9.84476e-06
393.62	9.80226e-06
393.64	9.76003e-06
393.66	9.71808e-06
393.68	9.67639e-06
393.7	9.63498e-06
393.72	9.59383e-06
393.74	9.55294e-06
393.76	9.51232e-06
393.78	9.47197e-06
393.8	9.43187e-06
393.82	9.39203e-06
393.84	9.35245e-06
393.86	9.31312e-06
393.88	9.27405e-06
393.9	9.23523e-06
393.92	9.19666e-06
393.94	9.15834e-06
393.96	9.12026e-06
393.98	9.08244e-06
394	9.04486e-06
394.02	9.00752e-06
394.04	8.97043e-06
394.06	8.93357e-06
394.08	8.89695e-06
394.1	8.86057e-06
394.12	8.82443e-06
394.14	8.78852e-06
394.16	8.75285e-06
394.18	8.71741e-06
394.2	8.6822e-06
394.22	8.64721e-06
394.24	8.61246e-06
394.26	8.57793e-06
394.28	8.54363e-06
394.3	8.50955e-06
394.32	8.47569e-06
394.34	8.44205e-06
394.36	8.40864e-06
394.38	8.37544e-06
394.4	8.34246e-06
394.42	8.30969e-06
394.44	8.27715e-06
394.46	8.24481e-06
394.48	8.21269e-06
394.5	8.18077e-06
394.52	8.14907e-06
394.54	8.11757e-06
394.56	8.08629e-06
394.58	8.05521e-06
394.6	8.02433e-06
394.62	7.99366e-06
394.64	7.96319e-06
394.66	7.93292e-06
394.68	7.90285e-06
394.7	7.87298e-06
394.72	7.84331e-06
394.74	7.81383e-06
394.76	7.78456e-06
394.78	7.75547e-06
394.8	7.72658e-06
394.82	7.69788e-06
394.84	7.66938e-06
394.86	7.64106e-06
394.88	7.61293e-06
394.9	7.58499e-06
394.92	7.55724e-06
394.94	7.52968e-06
394.96	7.50229e-06
394.98	7.4751e-06
395	7.44808e-06
395.02	7.42125e-06
395.04	7.3946e-06
395.06	7.36813e-06
395.08	7.34184e-06
395.1	7.31572e-06
395.12	7.28979e-06
395.14	7.26403e-06
395.16	7.23844e-06
395.18	7.21303e-06
395.2	7.18779e-06
395.22	7.16273e-06
395.24	7.13783e-06
395.26	7.11311e-06
395.28	7.08856e-06
395.3	7.06417e-06
395.32	7.03995e-06
395.34	7.0159e-06
395.36	6.99202e-06
395.38	6.9683e-06
395.4	6.94475e-06
395.42	6.92136e-06
395.44	6.89813e-06
395.46	6.87506e-06
395.48	6.85216e-06
395.5	6.82941e-06
395.52	6.80682e-06
395.54	6.7844e-06
395.56	6.76213e-06
395.58	6.74001e-06
395.6	6.71806e-06
395.62	6.69626e-06
395.64	6.67461e-06
395.66	6.65312e-06
395.68	6.63178e-06
395.7	6.61059e-06
395.72	6.58956e-06
395.74	6.56867e-06
395.76	6.54794e-06
395.78	6.52736e-06
395.8	6.50692e-06
395.82	6.48663e-06
395.84	6.46649e-06
395.86	6.4465e-06
395.88	6.42665e-06
395.9	6.40695e-06
395.92	6.38739e-06
395.94	6.36798e-06
395.96	6.34871e-06
395.98	6.32958e-06
396	6.31059e-06
396.02	6.29175e-06
396.04	6.27305e-06
396.06	6.25448e-06
396.08	6.23606e-06
396.1	6.21778e-06
396.12	6.19963e-06
396.14	6.18162e-06
396.16	6.16375e-06
396.18	6.14601e-06
396.2	6.12841e-06
396.22	6.11095e-06
396.24	6.09362e-06
396.26	6.07643e-06
396.28	6.05937e-06
396.3	6.04244e-06
396.32	6.02565e-06
396.34	6.00898e-06
396.36	5.99245e-06
396.38	5.97605e-06
396.4	5.95979e-06
396.42	5.94365e-06
396.44	5.92764e-06
396.46	5.91176e-06
396.48	5.89601e-06
396.5	5.88038e-06
396.52	5.86489e-06
396.54	5.84952e-06
396.56	5.83428e-06
396.58	5.81917e-06
396.6	5.80418e-06
396.62	5.78932e-06
396.64	5.77458e-06
396.66	5.75997e-06
396.68	5.74548e-06
396.7	5.73111e-06
396.72	5.71687e-06
396.74	5.70275e-06
396.76	5.68876e-06
396.78	5.67488e-06
396.8	5.66113e-06
396.82	5.64751e-06
396.84	5.634e-06
396.86	5.62061e-06
396.88	5.60735e-06
396.9	5.5942e-06
396.92	5.58117e-06
396.94	5.56827e-06
396.96	5.55548e-06
396.98	5.54282e-06
397	5.53027e-06
397.02	5.51784e-06
397.04	5.50553e-06
397.06	5.49333e-06
397.08	5.48126e-06
397.1	5.4693e-06
397.12	5.45746e-06
397.14	5.44573e-06
397.16	5.43413e-06
397.18	5.42264e-06
397.2	5.41126e-06
397.22	5.40001e-06
397.24	5.38886e-06
397.26	5.37784e-06
397.28	5.36693e-06
397.3	5.35613e-06
397.32	5.34546e-06
397.34	5.33489e-06
397.36	5.32444e-06
397.38	5.31411e-06
397.4	5.30389e-06
397.42	5.29379e-06
397.44	5.2838e-06
397.46	5.27392e-06
397.48	5.26416e-06
397.5	5.25452e-06
397.52	5.24498e-06
397.54	5.23557e-06
397.56	5.22626e-06
397.58	5.21708e-06
397.6	5.208e-06
397.62	5.19904e-06
397.64	5.1902e-06
397.66	5.18146e-06
397.68	5.17285e-06
397.7	5.16435e-06
397.72	5.15596e-06
397.74	5.14768e-06
397.76	5.13952e-06
397.78	5.13148e-06
397.8	5.12355e-06
397.82	5.11573e-06
397.84	5.10804e-06
397.86	5.10045e-06
397.88	5.09298e-06
397.9	5.08563e-06
397.92	5.07839e-06
397.94	5.07127e-06
397.96	5.06426e-06
397.98	5.05737e-06
398	5.0506e-06
398.02	5.04394e-06
398.04	5.0374e-06
398.06	5.03098e-06
398.08	5.02468e-06
398.1	5.01849e-06
398.12	5.01243e-06
398.14	5.00648e-06
398.16	5.00065e-06
398.18	4.99494e-06
398.2	4.98935e-06
398.22	4.98388e-06
398.24	4.97853e-06
398.26	4.97331e-06
398.28	4.9682e-06
398.3	4.96322e-06
398.32	4.95836e-06
398.34	4.95363e-06
398.36	4.94902e-06
398.38	4.94453e-06
398.4	4.94017e-06
398.42	4.93594e-06
398.44	4.93184e-06
398.46	4.92786e-06
398.48	4.92401e-06
398.5	4.92029e-06
398.52	4.9167e-06
398.54	4.91324e-06
398.56	4.90991e-06
398.58	4.90672e-06
398.6	4.90366e-06
398.62	4.90074e-06
398.64	4.89795e-06
398.66	4.8953e-06
398.68	4.89279e-06
398.7	4.89041e-06
398.72	4.88818e-06
398.74	4.88609e-06
398.76	4.88415e-06
398.78	4.88234e-06
398.8	4.88069e-06
398.82	4.87918e-06
398.84	4.87783e-06
398.86	4.87662e-06
398.88	4.87557e-06
398.9	4.87467e-06
398.92	4.87393e-06
398.94	4.87334e-06
398.96	4.87292e-06
398.98	4.87266e-06
399	4.87256e-06
399.02	4.87263e-06
399.04	4.87287e-06
399.06	4.87328e-06
399.08	4.87387e-06
399.1	4.87463e-06
399.12	4.87557e-06
399.14	4.8767e-06
399.16	4.87801e-06
399.18	4.87951e-06
399.2	4.8812e-06
399.22	4.88308e-06
399.24	4.88517e-06
399.26	4.88746e-06
399.28	4.88995e-06
399.3	4.89266e-06
399.32	4.89558e-06
399.34	4.89872e-06
399.36	4.90209e-06
399.38	4.90568e-06
399.4	4.90952e-06
399.42	4.91359e-06
399.44	4.91791e-06
399.46	4.92249e-06
399.48	4.92732e-06
399.5	4.93242e-06
399.52	4.9378e-06
399.54	4.94346e-06
399.56	4.94941e-06
399.58	4.95567e-06
399.6	4.96223e-06
399.62	4.96911e-06
399.64	4.97633e-06
399.66	4.98389e-06
399.68	4.9918e-06
399.7	5.00009e-06
399.72	5.00876e-06
399.74	5.01783e-06
399.76	5.02732e-06
399.78	5.03725e-06
399.8	5.04763e-06
399.82	5.0585e-06
399.84	5.06987e-06
399.86	5.08178e-06
399.88	5.09425e-06
399.9	5.10731e-06
399.92	5.12101e-06
399.94	5.13539e-06
399.96	5.15048e-06
399.98	5.16636e-06
400	5.18307e-06
400.02	5.20068e-06
400.04	5.21929e-06
400.06	5.23897e-06
400.08	5.25985e-06
400.1	5.28204e-06
400.12	5.30572e-06
400.14	5.33107e-06
400.16	5.35833e-06
400.18	5.38781e-06
400.2	5.41989e-06
400.22	5.45508e-06
400.24	5.4941e-06
400.26	5.53792e-06
400.28	5.58803e-06
400.3	5.64675e-06
400.32	5.71805e-06
400.34	5.80942e-06
400.36	5.93712e-06
400.38	6.14165e-06
400.4	6.52581e-06
400.42	7.31613e-06
400.44	8.87523e-06
400.46	1.15547e-05
400.48	1.58321e-05
400.5	2.24916e-05
400.52	3.21909e-05
400.54	4.51877e-05
400.56	6.15681e-05
400.58	8.11567e-05
400.6	0.000103129
400.62	0.000125994
400.64	0.000147979
400.66	0.000167586
400.68	0.00018404
400.7	0.00019725
400.72	0.000207501
400.74	0.000215186
400.76	0.000220723
400.78	0.000224546
400.8	0.000227098
400.82	0.000228789
400.84	0.000229954
400.86	0.000230841
400.88	0.000231624
400.9	0.000232413
400.92	0.000233272
400.94	0.000234235
400.96	0.000235315
400.98	0.00023651
401	0.000237813
401.02	0.00023921
401.04	0.000240684
401.06	0.00024222
401.08	0.000243801
401.1	0.000245413
401.12	0.000247045
401.14	0.000248683
401.16	0.000250319
401.18	0.000251946
401.2	0.000253556
401.22	0.000255145
401.24	0.000256708
401.26	0.000258243
401.28	0.000259747
401.3	0.000261219
401.32	0.000262656
401.34	0.000264059
401.36	0.000265427
401.38	0.000266759
401.4	0.000268056
401.42	0.000269317
401.44	0.000270542
401.46	0.000271732
401.48	0.000272887
401.5	0.000274007
401.52	0.000275092
401.54	0.000276143
401.56	0.000277158
401.58	0.000278139
401.6	0.000279085
401.62	0.000279996
401.64	0.000280873
401.66	0.000281715
401.68	0.000282522
401.7	0.000283294
401.72	0.00028403
401.74	0.000284732
401.76	0.000285398
401.78	0.000286028
401.8	0.000286622
401.82	0.00028718
401.84	0.000287702
401.86	0.000288187
401.88	0.000288635
401.9	0.000289047
401.92	0.000289422
401.94	0.000289759
401.96	0.00029006
401.98	0.000290323
402	0.000290549
402.02	0.000290738
402.04	0.000290889
402.06	0.000291003
402.08	0.00029108
402.1	0.00029112
402.12	0.000291123
402.14	0.00029109
402.16	0.00029102
402.18	0.000290914
402.2	0.000290772
402.22	0.000290594
402.24	0.000290381
402.26	0.000290134
402.28	0.000289851
402.3	0.000289535
402.32	0.000289185
402.34	0.000288802
402.36	0.000288386
402.38	0.000287939
402.4	0.000287459
402.42	0.000286949
402.44	0.000286408
402.46	0.000285837
402.48	0.000285237
402.5	0.000284609
402.52	0.000283952
402.54	0.000283268
402.56	0.000282557
402.58	0.00028182
402.6	0.000281058
402.62	0.000280271
402.64	0.000279459
402.66	0.000278625
402.68	0.000277768
402.7	0.000276888
402.72	0.000275987
402.74	0.000275066
402.76	0.000274124
402.78	0.000273163
402.8	0.000272183
402.82	0.000271185
402.84	0.00027017
402.86	0.000269138
402.88	0.000268089
402.9	0.000267026
402.92	0.000265947
402.94	0.000264854
402.96	0.000263747
402.98	0.000262627
403	0.000261494
403.02	0.00026035
403.04	0.000259194
403.06	0.000258027
403.08	0.00025685
403.1	0.000255663
403.12	0.000254467
403.14	0.000253262
403.16	0.000252049
403.18	0.000250828
403.2	0.0002496
403.22	0.000248365
403.24	0.000247124
403.26	0.000245876
403.28	0.000244623
403.3	0.000243366
403.32	0.000242103
403.34	0.000240836
403.36	0.000239566
403.38	0.000238292
403.4	0.000237014
403.42	0.000235734
403.44	0.000234452
403.46	0.000233167
403.48	0.000231881
403.5	0.000230594
403.52	0.000229305
403.54	0.000228015
403.56	0.000226725
403.58	0.000225435
403.6	0.000224145
403.62	0.000222855
403.64	0.000221566
403.66	0.000220277
403.68	0.00021899
403.7	0.000217704
403.72	0.000216419
403.74	0.000215136
403.76	0.000213855
403.78	0.000212577
403.8	0.0002113
403.82	0.000210026
403.84	0.000208755
403.86	0.000207487
403.88	0.000206222
403.9	0.00020496
403.92	0.000203701
403.94	0.000202447
403.96	0.000201195
403.98	0.000199948
404	0.000198704
404.02	0.000197465
404.04	0.00019623
404.06	0.000194999
404.08	0.000193773
404.1	0.000192551
404.12	0.000191334
404.14	0.000190122
404.16	0.000188914
404.18	0.000187712
404.2	0.000186514
404.22	0.000185322
404.24	0.000184135
404.26	0.000182953
404.28	0.000181777
404.3	0.000180606
404.32	0.00017944
404.34	0.00017828
404.36	0.000177125
404.38	0.000175977
404.4	0.000174834
404.42	0.000173696
404.44	0.000172565
404.46	0.000171439
404.48	0.000170319
404.5	0.000169205
404.52	0.000168097
404.54	0.000166995
404.56	0.000165899
404.58	0.000164809
404.6	0.000163725
404.62	0.000162647
404.64	0.000161575
404.66	0.000160509
404.68	0.00015945
404.7	0.000158396
404.72	0.000157349
404.74	0.000156307
404.76	0.000155272
404.78	0.000154243
404.8	0.000153221
404.82	0.000152204
404.84	0.000151194
404.86	0.00015019
404.88	0.000149191
404.9	0.000148199
404.92	0.000147214
404.94	0.000146234
404.96	0.000145261
404.98	0.000144293
405	0.000143332
405.02	0.000142377
405.04	0.000141428
405.06	0.000140485
405.08	0.000139548
405.1	0.000138617
405.12	0.000137692
405.14	0.000136774
405.16	0.000135861
405.18	0.000134954
405.2	0.000134053
405.22	0.000133158
405.24	0.00013227
405.26	0.000131386
405.28	0.000130509
405.3	0.000129638
405.32	0.000128773
405.34	0.000127913
405.36	0.000127059
405.38	0.000126211
405.4	0.000125368
405.42	0.000124532
405.44	0.000123701
405.46	0.000122875
405.48	0.000122056
405.5	0.000121242
405.52	0.000120433
405.54	0.00011963
405.56	0.000118833
405.58	0.000118041
405.6	0.000117254
405.62	0.000116473
405.64	0.000115697
405.66	0.000114927
405.68	0.000114162
405.7	0.000113402
405.72	0.000112648
405.74	0.000111898
405.76	0.000111154
405.78	0.000110416
405.8	0.000109682
405.82	0.000108954
405.84	0.00010823
405.86	0.000107512
405.88	0.000106799
405.9	0.00010609
405.92	0.000105387
405.94	0.000104688
405.96	0.000103995
405.98	0.000103306
406	0.000102623
406.02	0.000101944
406.04	0.000101269
406.06	0.0001006
406.08	9.99353e-05
406.1	9.92753e-05
406.12	9.86199e-05
406.14	9.79692e-05
406.16	9.7323e-05
406.18	9.66814e-05
406.2	9.60444e-05
406.22	9.54119e-05
406.24	9.47838e-05
406.26	9.41602e-05
406.28	9.35409e-05
406.3	9.29261e-05
406.32	9.23156e-05
406.34	9.17094e-05
406.36	9.11076e-05
406.38	9.05099e-05
406.4	8.99166e-05
406.42	8.93274e-05
406.44	8.87424e-05
406.46	8.81615e-05
406.48	8.75847e-05
406.5	8.70121e-05
406.52	8.64434e-05
406.54	8.58788e-05
406.56	8.53182e-05
406.58	8.47616e-05
406.6	8.42089e-05
406.62	8.36601e-05
406.64	8.31152e-05
406.66	8.25742e-05
406.68	8.2037e-05
406.7	8.15036e-05
406.72	8.09739e-05
406.74	8.0448e-05
406.76	7.99259e-05
406.78	7.94074e-05
406.8	7.88926e-05
406.82	7.83814e-05
406.84	7.78738e-05
406.86	7.73698e-05
406.88	7.68694e-05
406.9	7.63725e-05
406.92	7.58791e-05
406.94	7.53892e-05
406.96	7.49027e-05
406.98	7.44197e-05
407	7.39401e-05
407.02	7.34638e-05
407.04	7.29909e-05
407.06	7.25214e-05
407.08	7.20551e-05
407.1	7.15922e-05
407.12	7.11324e-05
407.14	7.0676e-05
407.16	7.02227e-05
407.18	6.97726e-05
407.2	6.93256e-05
407.22	6.88818e-05
407.24	6.84411e-05
407.26	6.80035e-05
407.28	6.7569e-05
407.3	6.71375e-05
407.32	6.67091e-05
407.34	6.62836e-05
407.36	6.58611e-05
407.38	6.54416e-05
407.4	6.5025e-05
407.42	6.46113e-05
407.44	6.42005e-05
407.46	6.37926e-05
407.48	6.33876e-05
407.5	6.29853e-05
407.52	6.25859e-05
407.54	6.21893e-05
407.56	6.17954e-05
407.58	6.14043e-05
407.6	6.10159e-05
407.62	6.06302e-05
407.64	6.02472e-05
407.66	5.98668e-05
407.68	5.94891e-05
407.7	5.9114e-05
407.72	5.87416e-05
407.74	5.83717e-05
407.76	5.80044e-05
407.78	5.76397e-05
407.8	5.72774e-05
407.82	5.69177e-05
407.84	5.65605e-05
407.86	5.62058e-05
407.88	5.58535e-05
407.9	5.55037e-05
407.92	5.51563e-05
407.94	5.48113e-05
407.96	5.44686e-05
407.98	5.41284e-05
408	5.37905e-05
408.02	5.34549e-05
408.04	5.31217e-05
408.06	5.27908e-05
408.08	5.24621e-05
408.1	5.21357e-05
408.12	5.18116e-05
408.14	5.14897e-05
408.16	5.117e-05
408.18	5.08525e-05
408.2	5.05372e-05
408.22	5.02241e-05
408.24	4.99131e-05
408.26	4.96043e-05
408.28	4.92975e-05
408.3	4.89929e-05
408.32	4.86904e-05
408.34	4.839e-05
408.36	4.80916e-05
408.38	4.77953e-05
408.4	4.7501e-05
408.42	4.72087e-05
408.44	4.69184e-05
408.46	4.66302e-05
408.48	4.63439e-05
408.5	4.60595e-05
408.52	4.57771e-05
408.54	4.54966e-05
408.56	4.52181e-05
408.58	4.49414e-05
408.6	4.46666e-05
408.62	4.43937e-05
408.64	4.41227e-05
408.66	4.38535e-05
408.68	4.35862e-05
408.7	4.33207e-05
408.72	4.3057e-05
408.74	4.27951e-05
408.76	4.25349e-05
408.78	4.22766e-05
408.8	4.202e-05
408.82	4.17651e-05
408.84	4.1512e-05
408.86	4.12606e-05
408.88	4.10109e-05
408.9	4.07629e-05
408.92	4.05166e-05
408.94	4.02719e-05
408.96	4.00289e-05
408.98	3.97876e-05
409	3.95479e-05
409.02	3.93098e-05
409.04	3.90733e-05
409.06	3.88385e-05
409.08	3.86052e-05
409.1	3.83735e-05
409.12	3.81433e-05
409.14	3.79148e-05
409.16	3.76877e-05
409.18	3.74622e-05
409.2	3.72383e-05
409.22	3.70158e-05
409.24	3.67948e-05
409.26	3.65754e-05
409.28	3.63574e-05
409.3	3.61408e-05
409.32	3.59258e-05
409.34	3.57122e-05
409.36	3.55e-05
409.38	3.52892e-05
409.4	3.50799e-05
409.42	3.4872e-05
409.44	3.46654e-05
409.46	3.44603e-05
409.48	3.42566e-05
409.5	3.40542e-05
409.52	3.38531e-05
409.54	3.36534e-05
409.56	3.34551e-05
409.58	3.32581e-05
409.6	3.30624e-05
409.62	3.2868e-05
409.64	3.26749e-05
409.66	3.24831e-05
409.68	3.22926e-05
409.7	3.21034e-05
409.72	3.19154e-05
409.74	3.17287e-05
409.76	3.15433e-05
409.78	3.13591e-05
409.8	3.11761e-05
409.82	3.09943e-05
409.84	3.08138e-05
409.86	3.06344e-05
409.88	3.04563e-05
409.9	3.02793e-05
409.92	3.01035e-05
409.94	2.99289e-05
409.96	2.97555e-05
409.98	2.95832e-05
410	2.9412e-05
410.02	2.9242e-05
410.04	2.90731e-05
410.06	2.89054e-05
410.08	2.87388e-05
410.1	2.85732e-05
410.12	2.84088e-05
410.14	2.82455e-05
410.16	2.80832e-05
410.18	2.7922e-05
410.2	2.77619e-05
410.22	2.76029e-05
410.24	2.74449e-05
410.26	2.7288e-05
410.28	2.71321e-05
410.3	2.69772e-05
410.32	2.68234e-05
410.34	2.66705e-05
410.36	2.65187e-05
410.38	2.63679e-05
410.4	2.62181e-05
410.42	2.60693e-05
410.44	2.59215e-05
410.46	2.57746e-05
410.48	2.56287e-05
410.5	2.54838e-05
410.52	2.53398e-05
410.54	2.51968e-05
410.56	2.50548e-05
410.58	2.49136e-05
410.6	2.47734e-05
410.62	2.46341e-05
410.64	2.44958e-05
410.66	2.43583e-05
410.68	2.42218e-05
410.7	2.40861e-05
410.72	2.39514e-05
410.74	2.38175e-05
410.76	2.36845e-05
410.78	2.35524e-05
410.8	2.34212e-05
410.82	2.32908e-05
410.84	2.31613e-05
410.86	2.30326e-05
410.88	2.29048e-05
410.9	2.27778e-05
410.92	2.26517e-05
410.94	2.25263e-05
410.96	2.24018e-05
410.98	2.22782e-05
411	2.21553e-05
411.02	2.20332e-05
411.04	2.1912e-05
411.06	2.17915e-05
411.08	2.16718e-05
411.1	2.15529e-05
411.12	2.14348e-05
411.14	2.13175e-05
411.16	2.12009e-05
411.18	2.10851e-05
411.2	2.097e-05
411.22	2.08557e-05
411.24	2.07422e-05
411.26	2.06293e-05
411.28	2.05173e-05
411.3	2.04059e-05
411.32	2.02953e-05
411.34	2.01854e-05
411.36	2.00762e-05
411.38	1.99678e-05
411.4	1.986e-05
411.42	1.9753e-05
411.44	1.96466e-05
411.46	1.9541e-05
411.48	1.9436e-05
411.5	1.93317e-05
411.52	1.92281e-05
411.54	1.91252e-05
411.56	1.90229e-05
411.58	1.89213e-05
411.6	1.88204e-05
411.62	1.87201e-05
411.64	1.86204e-05
411.66	1.85215e-05
411.68	1.84231e-05
411.7	1.83254e-05
411.72	1.82284e-05
411.74	1.81319e-05
411.76	1.80361e-05
411.78	1.79409e-05
411.8	1.78464e-05
411.82	1.77524e-05
411.84	1.76591e-05
411.86	1.75663e-05
411.88	1.74742e-05
411.9	1.73827e-05
411.92	1.72917e-05
411.94	1.72014e-05
411.96	1.71116e-05
411.98	1.70224e-05
412	1.69338e-05
412.02	1.68458e-05
412.04	1.67583e-05
412.06	1.66714e-05
412.08	1.65851e-05
412.1	1.64993e-05
412.12	1.6414e-05
412.14	1.63294e-05
412.16	1.62452e-05
412.18	1.61617e-05
412.2	1.60786e-05
412.22	1.59961e-05
412.24	1.59141e-05
412.26	1.58327e-05
412.28	1.57518e-05
412.3	1.56714e-05
412.32	1.55915e-05
412.34	1.55121e-05
412.36	1.54333e-05
412.38	1.53549e-05
412.4	1.52771e-05
412.42	1.51998e-05
412.44	1.51229e-05
412.46	1.50466e-05
412.48	1.49708e-05
412.5	1.48954e-05
412.52	1.48205e-05
412.54	1.47461e-05
412.56	1.46722e-05
412.58	1.45988e-05
412.6	1.45258e-05
412.62	1.44533e-05
412.64	1.43813e-05
412.66	1.43098e-05
412.68	1.42387e-05
412.7	1.4168e-05
412.72	1.40978e-05
412.74	1.40281e-05
412.76	1.39588e-05
412.78	1.389e-05
412.8	1.38216e-05
412.82	1.37536e-05
412.84	1.36861e-05
412.86	1.3619e-05
412.88	1.35523e-05
412.9	1.34861e-05
412.92	1.34203e-05
412.94	1.33549e-05
412.96	1.32899e-05
412.98	1.32254e-05
413	1.31613e-05
413.02	1.30975e-05
413.04	1.30342e-05
413.06	1.29713e-05
413.08	1.29088e-05
413.1	1.28467e-05
413.12	1.2785e-05
413.14	1.27237e-05
413.16	1.26628e-05
413.18	1.26023e-05
413.2	1.25421e-05
413.22	1.24824e-05
413.24	1.2423e-05
413.26	1.2364e-05
413.28	1.23054e-05
413.3	1.22472e-05
413.32	1.21893e-05
413.34	1.21319e-05
413.36	1.20747e-05
413.38	1.2018e-05
413.4	1.19616e-05
413.42	1.19056e-05
413.44	1.18499e-05
413.46	1.17946e-05
413.48	1.17396e-05
413.5	1.1685e-05
413.52	1.16308e-05
413.54	1.15769e-05
413.56	1.15233e-05
413.58	1.14701e-05
413.6	1.14172e-05
413.62	1.13646e-05
413.64	1.13124e-05
413.66	1.12606e-05
413.68	1.1209e-05
413.7	1.11578e-05
413.72	1.11069e-05
413.74	1.10564e-05
413.76	1.10062e-05
413.78	1.09563e-05
413.8	1.09067e-05
413.82	1.08574e-05
413.84	1.08085e-05
413.86	1.07598e-05
413.88	1.07115e-05
413.9	1.06635e-05
413.92	1.06158e-05
413.94	1.05684e-05
413.96	1.05213e-05
413.98	1.04745e-05
414	1.0428e-05
414.02	1.03818e-05
414.04	1.03359e-05
414.06	1.02903e-05
414.08	1.02449e-05
414.1	1.01999e-05
414.12	1.01552e-05
414.14	1.01107e-05
414.16	1.00666e-05
414.18	1.00227e-05
414.2	9.9791e-06
414.22	9.93578e-06
414.24	9.89275e-06
414.26	9.84999e-06
414.28	9.8075e-06
414.3	9.76529e-06
414.32	9.72335e-06
414.34	9.68168e-06
414.36	9.64028e-06
414.38	9.59915e-06
414.4	9.55828e-06
414.42	9.51767e-06
414.44	9.47733e-06
414.46	9.43725e-06
414.48	9.39742e-06
414.5	9.35785e-06
414.52	9.31854e-06
414.54	9.27948e-06
414.56	9.24067e-06
414.58	9.20212e-06
414.6	9.16381e-06
414.62	9.12576e-06
414.64	9.08794e-06
414.66	9.05038e-06
414.68	9.01305e-06
414.7	8.97597e-06
414.72	8.93913e-06
414.74	8.90253e-06
414.76	8.86616e-06
414.78	8.83003e-06
414.8	8.79414e-06
414.82	8.75848e-06
414.84	8.72305e-06
414.86	8.68785e-06
414.88	8.65288e-06
414.9	8.61814e-06
414.92	8.58363e-06
414.94	8.54934e-06
414.96	8.51527e-06
414.98	8.48143e-06
415	8.4478e-06
415.02	8.4144e-06
415.04	8.38122e-06
415.06	8.34825e-06
415.08	8.3155e-06
415.1	8.28296e-06
415.12	8.25064e-06
415.14	8.21853e-06
415.16	8.18663e-06
415.18	8.15494e-06
415.2	8.12345e-06
415.22	8.09218e-06
415.24	8.06111e-06
415.26	8.03025e-06
415.28	7.99959e-06
415.3	7.96913e-06
415.32	7.93888e-06
415.34	7.90882e-06
415.36	7.87897e-06
415.38	7.84931e-06
415.4	7.81985e-06
415.42	7.79058e-06
415.44	7.76151e-06
415.46	7.73263e-06
415.48	7.70395e-06
415.5	7.67545e-06
415.52	7.64715e-06
415.54	7.61904e-06
415.56	7.59111e-06
415.58	7.56337e-06
415.6	7.53582e-06
415.62	7.50845e-06
415.64	7.48127e-06
415.66	7.45427e-06
415.68	7.42745e-06
415.7	7.40081e-06
415.72	7.37435e-06
415.74	7.34807e-06
415.76	7.32197e-06
415.78	7.29605e-06
415.8	7.2703e-06
415.82	7.24473e-06
415.84	7.21933e-06
415.86	7.19411e-06
415.88	7.16906e-06
415.9	7.14418e-06
415.92	7.11947e-06
415.94	7.09493e-06
415.96	7.07055e-06
415.98	7.04635e-06
416	7.02231e-06
416.02	6.99844e-06
416.04	6.97474e-06
416.06	6.9512e-06
416.08	6.92782e-06
416.1	6.90461e-06
416.12	6.88155e-06
416.14	6.85866e-06
416.16	6.83593e-06
416.18	6.81336e-06
416.2	6.79095e-06
416.22	6.76869e-06
416.24	6.74659e-06
416.26	6.72465e-06
416.28	6.70286e-06
416.3	6.68123e-06
416.32	6.65975e-06
416.34	6.63843e-06
416.36	6.61726e-06
416.38	6.59624e-06
416.4	6.57537e-06
416.42	6.55465e-06
416.44	6.53408e-06
416.46	6.51366e-06
416.48	6.49339e-06
416.5	6.47326e-06
416.52	6.45328e-06
416.54	6.43345e-06
416.56	6.41376e-06
416.58	6.39422e-06
416.6	6.37482e-06
416.62	6.35557e-06
416.64	6.33646e-06
416.66	6.31749e-06
416.68	6.29866e-06
416.7	6.27997e-06
416.72	6.26142e-06
416.74	6.24301e-06
416.76	6.22475e-06
416.78	6.20662e-06
416.8	6.18862e-06
416.82	6.17077e-06
416.84	6.15305e-06
416.86	6.13547e-06
416.88	6.11802e-06
416.9	6.10071e-06
416.92	6.08353e-06
416.94	6.06649e-06
416.96	6.04958e-06
416.98	6.0328e-06
417	6.01616e-06
417.02	5.99964e-06
417.04	5.98326e-06
417.06	5.96701e-06
417.08	5.95089e-06
417.1	5.9349e-06
417.12	5.91904e-06
417.14	5.90331e-06
417.16	5.8877e-06
417.18	5.87223e-06
417.2	5.85688e-06
417.22	5.84165e-06
417.24	5.82656e-06
417.26	5.81159e-06
417.28	5.79675e-06
417.3	5.78203e-06
417.32	5.76744e-06
417.34	5.75297e-06
417.36	5.73862e-06
417.38	5.7244e-06
417.4	5.7103e-06
417.42	5.69633e-06
417.44	5.68248e-06
417.46	5.66875e-06
417.48	5.65514e-06
417.5	5.64165e-06
417.52	5.62829e-06
417.54	5.61504e-06
417.56	5.60192e-06
417.58	5.58892e-06
417.6	5.57603e-06
417.62	5.56327e-06
417.64	5.55062e-06
417.66	5.5381e-06
417.68	5.52569e-06
417.7	5.5134e-06
417.72	5.50123e-06
417.74	5.48918e-06
417.76	5.47725e-06
417.78	5.46543e-06
417.8	5.45373e-06
417.82	5.44215e-06
417.84	5.43068e-06
417.86	5.41934e-06
417.88	5.4081e-06
417.9	5.39699e-06
417.92	5.38599e-06
417.94	5.3751e-06
417.96	5.36434e-06
417.98	5.35368e-06
418	5.34315e-06
418.02	5.33272e-06
418.04	5.32242e-06
418.06	5.31223e-06
418.08	5.30215e-06
418.1	5.29219e-06
418.12	5.28234e-06
418.14	5.27261e-06
418.16	5.263e-06
418.18	5.25349e-06
418.2	5.24411e-06
418.22	5.23484e-06
418.24	5.22568e-06
418.26	5.21663e-06
418.28	5.20771e-06
418.3	5.19889e-06
418.32	5.19019e-06
418.34	5.18161e-06
418.36	5.17314e-06
418.38	5.16478e-06
418.4	5.15654e-06
418.42	5.14842e-06
418.44	5.14041e-06
418.46	5.13251e-06
418.48	5.12473e-06
418.5	5.11707e-06
418.52	5.10952e-06
418.54	5.10209e-06
418.56	5.09477e-06
418.58	5.08757e-06
418.6	5.08049e-06
418.62	5.07352e-06
418.64	5.06667e-06
418.66	5.05994e-06
418.68	5.05332e-06
418.7	5.04682e-06
418.72	5.04044e-06
418.74	5.03418e-06
418.76	5.02804e-06
418.78	5.02201e-06
418.8	5.01611e-06
418.82	5.01032e-06
418.84	5.00466e-06
418.86	4.99911e-06
418.88	4.99369e-06
418.9	4.98839e-06
418.92	4.98321e-06
418.94	4.97815e-06
418.96	4.97322e-06
418.98	4.96841e-06
419	4.96373e-06
419.02	4.95917e-06
419.04	4.95474e-06
419.06	4.95043e-06
419.08	4.94625e-06
419.1	4.9422e-06
419.12	4.93827e-06
419.14	4.93448e-06
419.16	4.93082e-06
419.18	4.92729e-06
419.2	4.92389e-06
419.22	4.92062e-06
419.24	4.91749e-06
419.26	4.91449e-06
419.28	4.91163e-06
419.3	4.9089e-06
419.32	4.90632e-06
419.34	4.90387e-06
419.36	4.90157e-06
419.38	4.8994e-06
419.4	4.89738e-06
419.42	4.89551e-06
419.44	4.89378e-06
419.46	4.8922e-06
419.48	4.89077e-06
419.5	4.88949e-06
419.52	4.88836e-06
419.54	4.88739e-06
419.56	4.88657e-06
419.58	4.88591e-06
419.6	4.88541e-06
419.62	4.88507e-06
419.64	4.8849e-06
419.66	4.88489e-06
419.68	4.88506e-06
419.7	4.88539e-06
419.72	4.8859e-06
419.74	4.88658e-06
419.76	4.88745e-06
419.78	4.88849e-06
419.8	4.88972e-06
419.82	4.89114e-06
419.84	4.89275e-06
419.86	4.89455e-06
419.88	4.89655e-06
419.9	4.89876e-06
419.92	4.90117e-06
419.94	4.90379e-06
419.96	4.90663e-06
419.98	4.90968e-06
420	4.91296e-06
420.02	4.91647e-06
420.04	4.92021e-06
420.06	4.92419e-06
420.08	4.92842e-06
420.1	4.93289e-06
420.12	4.93763e-06
420.14	4.94264e-06
420.16	4.94791e-06
420.18	4.95347e-06
420.2	4.95932e-06
420.22	4.96546e-06
420.24	4.97191e-06
420.26	4.97868e-06
420.28	4.98578e-06
420.3	4.99322e-06
420.32	5.00102e-06
420.34	5.00918e-06
420.36	5.01772e-06
420.38	5.02665e-06
420.4	5.03601e-06
420.42	5.04579e-06
420.44	5.05602e-06
420.46	5.06673e-06
420.48	5.07794e-06
420.5	5.08968e-06
420.52	5.10196e-06
420.54	5.11484e-06
420.56	5.12833e-06
420.58	5.14249e-06
420.6	5.15736e-06
420.62	5.17299e-06
420.64	5.18944e-06
420.66	5.20677e-06
420.68	5.22507e-06
420.7	5.24441e-06
420.72	5.26491e-06
420.74	5.2867e-06
420.76	5.30991e-06
420.78	5.33473e-06
420.8	5.36139e-06
420.82	5.39017e-06
420.84	5.42142e-06
420.86	5.45561e-06
420.88	5.49339e-06
420.9	5.53563e-06
420.92	5.58364e-06
420.94	5.63943e-06
420.96	5.70632e-06
420.98	5.79039e-06
421	5.90425e-06
421.02	6.07804e-06
421.04	6.38995e-06
421.06	7.01756e-06
421.08	8.29521e-06
421.1	1.05965e-05
421.12	1.4308e-05
421.14	2.01478e-05
421.16	2.88696e-05
421.18	4.08415e-05
421.2	5.61843e-05
421.22	7.48442e-05
421.24	9.62254e-05
421.26	0.000119015
421.28	0.000141472
421.3	0.000161949
421.32	0.000179425
421.34	0.000193628
421.36	0.00020476
421.38	0.000213199
421.4	0.000219358
421.42	0.000223664
421.44	0.000226562
421.46	0.000228479
421.48	0.000229775
421.5	0.000230726
421.52	0.000231525
421.54	0.000232302
421.56	0.000233134
421.58	0.000234063
421.6	0.000235106
421.62	0.000236267
421.64	0.000237539
421.66	0.00023891
421.68	0.000240363
421.7	0.000241883
421.72	0.000243453
421.74	0.000245059
421.76	0.000246688
421.78	0.000248327
421.8	0.000249967
421.82	0.000251599
421.84	0.000253217
421.86	0.000254815
421.88	0.000256389
421.9	0.000257935
421.92	0.00025945
421.94	0.000260934
421.96	0.000262384
421.98	0.0002638
422	0.00026518
422.02	0.000266525
422.04	0.000267835
422.06	0.000269109
422.08	0.000270347
422.1	0.00027155
422.12	0.000272718
422.14	0.00027385
422.16	0.000274948
422.18	0.000276011
422.2	0.000277038
422.22	0.000278032
422.24	0.00027899
422.26	0.000279914
422.28	0.000280803
422.3	0.000281657
422.32	0.000282476
422.34	0.00028326
422.36	0.000284009
422.38	0.000284723
422.4	0.000285401
422.42	0.000286044
422.44	0.00028665
422.46	0.000287221
422.48	0.000287755
422.5	0.000288253
422.52	0.000288714
422.54	0.000289138
422.56	0.000289525
422.58	0.000289876
422.6	0.000290189
422.62	0.000290464
422.64	0.000290703
422.66	0.000290904
422.68	0.000291067
422.7	0.000291194
422.72	0.000291283
422.74	0.000291335
422.76	0.000291351
422.78	0.000291329
422.8	0.000291271
422.82	0.000291177
422.84	0.000291047
422.86	0.000290881
422.88	0.000290679
422.9	0.000290443
422.92	0.000290172
422.94	0.000289866
422.96	0.000289527
422.98	0.000289155
423	0.000288749
423.02	0.000288312
423.04	0.000287842
423.06	0.000287342
423.08	0.00028681
423.1	0.000286249
423.12	0.000285658
423.14	0.000285038
423.16	0.00028439
423.18	0.000283715
423.2	0.000283012
423.22	0.000282283
423.24	0.000281529
423.26	0.000280749
423.28	0.000279945
423.3	0.000279118
423.32	0.000278267
423.34	0.000277394
423.36	0.0002765
423.38	0.000275585
423.4	0.000274649
423.42	0.000273693
423.44	0.000272719
423.46	0.000271726
423.48	0.000270716
423.5	0.000269689
423.52	0.000268645
423.54	0.000267585
423.56	0.000266511
423.58	0.000265422
423.6	0.000264319
423.62	0.000263202
423.64	0.000262073
423.66	0.000260932
423.68	0.000259779
423.7	0.000258615
423.72	0.00025744
423.74	0.000256256
423.76	0.000255062
423.78	0.000253859
423.8	0.000252648
423.82	0.000251429
423.84	0.000250202
423.86	0.000248968
423.88	0.000247728
423.9	0.000246482
423.92	0.00024523
423.94	0.000243973
423.96	0.000242711
423.98	0.000241445
424	0.000240175
424.02	0.000238901
424.04	0.000237624
424.06	0.000236344
424.08	0.000235062
424.1	0.000233777
424.12	0.000232491
424.14	0.000231203
424.16	0.000229913
424.18	0.000228623
424.2	0.000227333
424.22	0.000226042
424.24	0.00022475
424.26	0.00022346
424.28	0.000222169
424.3	0.00022088
424.32	0.000219591
424.34	0.000218304
424.36	0.000217018
424.38	0.000215733
424.4	0.000214451
424.42	0.000213171
424.44	0.000211893
424.46	0.000210617
424.48	0.000209344
424.5	0.000208074
424.52	0.000206807
424.54	0.000205543
424.56	0.000204283
424.58	0.000203026
424.6	0.000201773
424.62	0.000200523
424.64	0.000199278
424.66	0.000198036
424.68	0.000196799
424.7	0.000195566
424.72	0.000194337
424.74	0.000193113
424.76	0.000191893
424.78	0.000190679
424.8	0.000189469
424.82	0.000188264
424.84	0.000187064
424.86	0.000185869
424.88	0.000184679
424.9	0.000183495
424.92	0.000182316
424.94	0.000181142
424.96	0.000179974
424.98	0.000178811
425	0.000177654
425.02	0.000176503
425.04	0.000175357
425.06	0.000174217
425.08	0.000173083
425.1	0.000171954
425.12	0.000170831
425.14	0.000169715
425.16	0.000168604
425.18	0.000167499
425.2	0.0001664
425.22	0.000165308
425.24	0.000164221
425.26	0.00016314
425.28	0.000162065
425.3	0.000160997
425.32	0.000159934
425.34	0.000158878
425.36	0.000157828
425.38	0.000156784
425.4	0.000155746
425.42	0.000154714
425.44	0.000153689
425.46	0.00015267
425.48	0.000151656
425.5	0.000150649
425.52	0.000149648
425.54	0.000148654
425.56	0.000147665
425.58	0.000146683
425.6	0.000145707
425.62	0.000144737
425.64	0.000143773
425.66	0.000142815
425.68	0.000141863
425.7	0.000140917
425.72	0.000139978
425.74	0.000139044
425.76	0.000138117
425.78	0.000137195
425.8	0.00013628
425.82	0.00013537
425.84	0.000134467
425.86	0.000133569
425.88	0.000132678
425.9	0.000131792
425.92	0.000130912
425.94	0.000130039
425.96	0.000129171
425.98	0.000128308
426	0.000127452
426.02	0.000126601
426.04	0.000125756
426.06	0.000124917
426.08	0.000124084
426.1	0.000123256
426.12	0.000122433
426.14	0.000121617
426.16	0.000120806
426.18	0.00012
426.2	0.0001192
426.22	0.000118406
426.24	0.000117617
426.26	0.000116834
426.28	0.000116055
426.3	0.000115283
426.32	0.000114515
426.34	0.000113753
426.36	0.000112997
426.38	0.000112245
426.4	0.000111499
426.42	0.000110758
426.44	0.000110022
426.46	0.000109291
426.48	0.000108565
426.5	0.000107845
426.52	0.000107129
426.54	0.000106419
426.56	0.000105713
426.58	0.000105013
426.6	0.000104317
426.62	0.000103626
426.64	0.00010294
426.66	0.000102259
426.68	0.000101583
426.7	0.000100911
426.72	0.000100245
426.74	9.95825e-05
426.76	9.89251e-05
426.78	9.82723e-05
426.8	9.76242e-05
426.82	9.69806e-05
426.84	9.63415e-05
426.86	9.5707e-05
426.88	9.50769e-05
426.9	9.44514e-05
426.92	9.38302e-05
426.94	9.32134e-05
426.96	9.2601e-05
426.98	9.19929e-05
427	9.13891e-05
427.02	9.07896e-05
427.04	9.01944e-05
427.06	8.96033e-05
427.08	8.90165e-05
427.1	8.84338e-05
427.12	8.78552e-05
427.14	8.72807e-05
427.16	8.67103e-05
427.18	8.61439e-05
427.2	8.55815e-05
427.22	8.50231e-05
427.24	8.44687e-05
427.26	8.39182e-05
427.28	8.33716e-05
427.3	8.28288e-05
427.32	8.22899e-05
427.34	8.17548e-05
427.36	8.12235e-05
427.38	8.06959e-05
427.4	8.01721e-05
427.42	7.9652e-05
427.44	7.91355e-05
427.46	7.86227e-05
427.48	7.81136e-05
427.5	7.7608e-05
427.52	7.7106e-05
427.54	7.66075e-05
427.56	7.61125e-05
427.58	7.56211e-05
427.6	7.51331e-05
427.62	7.46485e-05
427.64	7.41674e-05
427.66	7.36896e-05
427.68	7.32153e-05
427.7	7.27442e-05
427.72	7.22765e-05
427.74	7.18121e-05
427.76	7.13509e-05
427.78	7.0893e-05
427.8	7.04382e-05
427.82	6.99867e-05
427.84	6.95384e-05
427.86	6.90932e-05
427.88	6.86511e-05
427.9	6.82121e-05
427.92	6.77762e-05
427.94	6.73434e-05
427.96	6.69135e-05
427.98	6.64867e-05
428	6.60629e-05
428.02	6.56421e-05
428.04	6.52242e-05
428.06	6.48092e-05
428.08	6.43971e-05
428.1	6.39879e-05
428.12	6.35816e-05
428.14	6.31781e-05
428.16	6.27774e-05
428.18	6.23795e-05
428.2	6.19844e-05
428.22	6.1592e-05
428.24	6.12024e-05
428.26	6.08155e-05
428.28	6.04313e-05
428.3	6.00497e-05
428.32	5.96708e-05
428.34	5.92946e-05
428.36	5.8921e-05
428.38	5.85499e-05
428.4	5.81815e-05
428.42	5.78156e-05
428.44	5.74522e-05
428.46	5.70914e-05
428.48	5.6733e-05
428.5	5.63772e-05
428.52	5.60238e-05
428.54	5.56729e-05
428.56	5.53244e-05
428.58	5.49783e-05
428.6	5.46346e-05
428.62	5.42932e-05
428.64	5.39543e-05
428.66	5.36177e-05
428.68	5.32834e-05
428.7	5.29514e-05
428.72	5.26217e-05
428.74	5.22943e-05
428.76	5.19691e-05
428.78	5.16462e-05
428.8	5.13255e-05
428.82	5.1007e-05
428.84	5.06907e-05
428.86	5.03766e-05
428.88	5.00647e-05
428.9	4.97549e-05
428.92	4.94472e-05
428.94	4.91416e-05
428.96	4.88382e-05
428.98	4.85368e-05
429	4.82375e-05
429.02	4.79402e-05
429.04	4.7645e-05
429.06	4.73518e-05
429.08	4.70606e-05
429.1	4.67715e-05
429.12	4.64842e-05
429.14	4.6199e-05
429.16	4.59157e-05
429.18	4.56344e-05
429.2	4.53549e-05
429.22	4.50774e-05
429.24	4.48018e-05
429.26	4.4528e-05
429.28	4.42562e-05
429.3	4.39861e-05
429.32	4.37179e-05
429.34	4.34516e-05
429.36	4.31871e-05
429.38	4.29243e-05
429.4	4.26634e-05
429.42	4.24042e-05
429.44	4.21468e-05
429.46	4.18911e-05
429.48	4.16372e-05
429.5	4.1385e-05
429.52	4.11346e-05
429.54	4.08858e-05
429.56	4.06387e-05
429.58	4.03933e-05
429.6	4.01495e-05
429.62	3.99074e-05
429.64	3.9667e-05
429.66	3.94282e-05
429.68	3.91909e-05
429.7	3.89553e-05
429.72	3.87213e-05
429.74	3.84889e-05
429.76	3.82581e-05
429.78	3.80288e-05
429.8	3.7801e-05
429.82	3.75748e-05
429.84	3.73501e-05
429.86	3.7127e-05
429.88	3.69053e-05
429.9	3.66852e-05
429.92	3.64665e-05
429.94	3.62493e-05
429.96	3.60336e-05
429.98	3.58193e-05
430	3.56064e-05
430.02	3.5395e-05
430.04	3.5185e-05
430.06	3.49765e-05
430.08	3.47693e-05
430.1	3.45635e-05
430.12	3.43591e-05
430.14	3.41561e-05
430.16	3.39544e-05
430.18	3.37541e-05
430.2	3.35552e-05
430.22	3.33575e-05
430.24	3.31612e-05
430.26	3.29662e-05
430.28	3.27726e-05
430.3	3.25802e-05
430.32	3.23891e-05
430.34	3.21993e-05
430.36	3.20107e-05
430.38	3.18234e-05
430.4	3.16374e-05
430.42	3.14526e-05
430.44	3.1269e-05
430.46	3.10867e-05
430.48	3.09056e-05
430.5	3.07257e-05
430.52	3.0547e-05
430.54	3.03695e-05
430.56	3.01931e-05
430.58	3.0018e-05
430.6	2.9844e-05
430.62	2.96712e-05
430.64	2.94995e-05
430.66	2.93289e-05
430.68	2.91595e-05
430.7	2.89913e-05
430.72	2.88241e-05
430.74	2.86581e-05
430.76	2.84931e-05
430.78	2.83293e-05
430.8	2.81665e-05
430.82	2.80049e-05
430.84	2.78442e-05
430.86	2.76847e-05
430.88	2.75262e-05
430.9	2.73688e-05
430.92	2.72124e-05
430.94	2.70571e-05
430.96	2.69028e-05
430.98	2.67495e-05
431	2.65972e-05
431.02	2.64459e-05
431.04	2.62956e-05
431.06	2.61463e-05
431.08	2.5998e-05
431.1	2.58507e-05
431.12	2.57044e-05
431.14	2.5559e-05
431.16	2.54146e-05
431.18	2.52711e-05
431.2	2.51286e-05
431.22	2.49871e-05
431.24	2.48464e-05
431.26	2.47067e-05
431.28	2.45679e-05
431.3	2.443e-05
431.32	2.42931e-05
431.34	2.4157e-05
431.36	2.40218e-05
431.38	2.38876e-05
431.4	2.37542e-05
431.42	2.36216e-05
431.44	2.349e-05
431.46	2.33592e-05
431.48	2.32293e-05
431.5	2.31002e-05
431.52	2.2972e-05
431.54	2.28446e-05
431.56	2.27181e-05
431.58	2.25923e-05
431.6	2.24675e-05
431.62	2.23434e-05
431.64	2.22201e-05
431.66	2.20977e-05
431.68	2.19761e-05
431.7	2.18552e-05
431.72	2.17352e-05
431.74	2.16159e-05
431.76	2.14974e-05
431.78	2.13797e-05
431.8	2.12627e-05
431.82	2.11466e-05
431.84	2.10312e-05
431.86	2.09165e-05
431.88	2.08026e-05
431.9	2.06894e-05
431.92	2.0577e-05
431.94	2.04653e-05
431.96	2.03544e-05
431.98	2.02441e-05
432	2.01346e-05
432.02	2.00258e-05
432.04	1.99177e-05
432.06	1.98103e-05
432.08	1.97036e-05
432.1	1.95976e-05
432.12	1.94924e-05
432.14	1.93877e-05
432.16	1.92838e-05
432.18	1.91806e-05
432.2	1.9078e-05
432.22	1.89761e-05
432.24	1.88748e-05
432.26	1.87742e-05
432.28	1.86743e-05
432.3	1.8575e-05
432.32	1.84763e-05
432.34	1.83783e-05
432.36	1.8281e-05
432.38	1.81842e-05
432.4	1.80881e-05
432.42	1.79927e-05
432.44	1.78978e-05
432.46	1.78035e-05
432.48	1.77099e-05
432.5	1.76169e-05
432.52	1.75245e-05
432.54	1.74326e-05
432.56	1.73414e-05
432.58	1.72508e-05
432.6	1.71607e-05
432.62	1.70713e-05
432.64	1.69824e-05
432.66	1.68941e-05
432.68	1.68063e-05
432.7	1.67191e-05
432.72	1.66325e-05
432.74	1.65465e-05
432.76	1.6461e-05
432.78	1.63761e-05
432.8	1.62917e-05
432.82	1.62078e-05
432.84	1.61245e-05
432.86	1.60418e-05
432.88	1.59595e-05
432.9	1.58778e-05
432.92	1.57967e-05
432.94	1.5716e-05
432.96	1.56359e-05
432.98	1.55563e-05
433	1.54772e-05
433.02	1.53986e-05
433.04	1.53205e-05
433.06	1.52429e-05
433.08	1.51659e-05
433.1	1.50893e-05
433.12	1.50132e-05
433.14	1.49376e-05
433.16	1.48625e-05
433.18	1.47879e-05
433.2	1.47137e-05
433.22	1.46401e-05
433.24	1.45669e-05
433.26	1.44942e-05
433.28	1.44219e-05
433.3	1.43501e-05
433.32	1.42788e-05
433.34	1.4208e-05
433.36	1.41375e-05
433.38	1.40676e-05
433.4	1.39981e-05
433.42	1.3929e-05
433.44	1.38604e-05
433.46	1.37922e-05
433.48	1.37245e-05
433.5	1.36572e-05
433.52	1.35903e-05
433.54	1.35239e-05
433.56	1.34579e-05
433.58	1.33923e-05
433.6	1.33271e-05
433.62	1.32624e-05
433.64	1.31981e-05
433.66	1.31341e-05
433.68	1.30706e-05
433.7	1.30075e-05
433.72	1.29448e-05
433.74	1.28825e-05
433.76	1.28206e-05
433.78	1.27591e-05
433.8	1.2698e-05
433.82	1.26373e-05
433.84	1.2577e-05
433.86	1.25171e-05
433.88	1.24575e-05
433.9	1.23984e-05
433.92	1.23396e-05
433.94	1.22811e-05
433.96	1.22231e-05
433.98	1.21654e-05
434	1.21081e-05
434.02	1.20512e-05
434.04	1.19946e-05
434.06	1.19384e-05
434.08	1.18826e-05
434.1	1.18271e-05
434.12	1.1772e-05
434.14	1.17172e-05
434.16	1.16628e-05
434.18	1.16087e-05
434.2	1.1555e-05
434.22	1.15016e-05
434.24	1.14485e-05
434.26	1.13958e-05
434.28	1.13435e-05
434.3	1.12914e-05
434.32	1.12397e-05
434.34	1.11884e-05
434.36	1.11373e-05
434.38	1.10866e-05
434.4	1.10362e-05
434.42	1.09862e-05
434.44	1.09364e-05
434.46	1.0887e-05
434.48	1.08379e-05
434.5	1.07891e-05
434.52	1.07406e-05
434.54	1.06925e-05
434.56	1.06446e-05
434.58	1.0597e-05
434.6	1.05498e-05
434.62	1.05028e-05
434.64	1.04562e-05
434.66	1.04099e-05
434.68	1.03638e-05
434.7	1.03181e-05
434.72	1.02726e-05
434.74	1.02274e-05
434.76	1.01826e-05
434.78	1.0138e-05
434.8	1.00937e-05
434.82	1.00497e-05
434.84	1.00059e-05
434.86	9.96248e-06
434.88	9.91931e-06
434.9	9.87641e-06
434.92	9.8338e-06
434.94	9.79145e-06
434.96	9.74938e-06
434.98	9.70758e-06
435	9.66605e-06
435.02	9.62478e-06
435.04	9.58378e-06
435.06	9.54305e-06
435.08	9.50258e-06
435.1	9.46237e-06
435.12	9.42242e-06
435.14	9.38272e-06
435.16	9.34329e-06
435.18	9.30411e-06
435.2	9.26518e-06
435.22	9.2265e-06
435.24	9.18807e-06
435.26	9.14989e-06
435.28	9.11196e-06
435.3	9.07428e-06
435.32	9.03683e-06
435.34	8.99963e-06
435.36	8.96268e-06
435.38	8.92596e-06
435.4	8.88948e-06
435.42	8.85323e-06
435.44	8.81723e-06
435.46	8.78145e-06
435.48	8.74591e-06
435.5	8.7106e-06
435.52	8.67552e-06
435.54	8.64067e-06
435.56	8.60604e-06
435.58	8.57164e-06
435.6	8.53747e-06
435.62	8.50352e-06
435.64	8.46978e-06
435.66	8.43628e-06
435.68	8.40299e-06
435.7	8.36991e-06
435.72	8.33706e-06
435.74	8.30442e-06
435.76	8.27199e-06
435.78	8.23978e-06
435.8	8.20777e-06
435.82	8.17598e-06
435.84	8.1444e-06
435.86	8.11302e-06
435.88	8.08186e-06
435.9	8.05089e-06
435.92	8.02014e-06
435.94	7.98958e-06
435.96	7.95923e-06
435.98	7.92908e-06
436	7.89912e-06
436.02	7.86937e-06
436.04	7.83981e-06
436.06	7.81045e-06
436.08	7.78129e-06
436.1	7.75232e-06
436.12	7.72354e-06
436.14	7.69495e-06
436.16	7.66656e-06
436.18	7.63835e-06
436.2	7.61034e-06
436.22	7.58251e-06
436.24	7.55487e-06
436.26	7.52741e-06
436.28	7.50014e-06
436.3	7.47305e-06
436.32	7.44614e-06
436.34	7.41942e-06
436.36	7.39287e-06
436.38	7.36651e-06
436.4	7.34032e-06
436.42	7.31432e-06
436.44	7.28848e-06
436.46	7.26283e-06
436.48	7.23735e-06
436.5	7.21204e-06
436.52	7.18691e-06
436.54	7.16194e-06
436.56	7.13715e-06
436.58	7.11253e-06
436.6	7.08808e-06
436.62	7.0638e-06
436.64	7.03968e-06
436.66	7.01573e-06
436.68	6.99195e-06
436.7	6.96833e-06
436.72	6.94487e-06
436.74	6.92158e-06
436.76	6.89845e-06
436.78	6.87548e-06
436.8	6.85268e-06
436.82	6.83003e-06
436.84	6.80754e-06
436.86	6.78521e-06
436.88	6.76304e-06
436.9	6.74103e-06
436.92	6.71917e-06
436.94	6.69746e-06
436.96	6.67591e-06
436.98	6.65451e-06
437	6.63327e-06
437.02	6.61218e-06
437.04	6.59124e-06
437.06	6.57045e-06
437.08	6.54981e-06
437.1	6.52932e-06
437.12	6.50898e-06
437.14	6.48878e-06
437.16	6.46874e-06
437.18	6.44884e-06
437.2	6.42908e-06
437.22	6.40947e-06
437.24	6.39001e-06
437.26	6.37069e-06
437.28	6.35151e-06
437.3	6.33248e-06
437.32	6.31358e-06
437.34	6.29483e-06
437.36	6.27622e-06
437.38	6.25775e-06
437.4	6.23942e-06
437.42	6.22122e-06
437.44	6.20317e-06
437.46	6.18525e-06
437.48	6.16747e-06
437.5	6.14983e-06
437.52	6.13232e-06
437.54	6.11494e-06
437.56	6.09771e-06
437.58	6.0806e-06
437.6	6.06363e-06
437.62	6.0468e-06
437.64	6.03009e-06
437.66	6.01352e-06
437.68	5.99708e-06
437.7	5.98077e-06
437.72	5.96459e-06
437.74	5.94854e-06
437.76	5.93262e-06
437.78	5.91683e-06
437.8	5.90117e-06
437.82	5.88564e-06
437.84	5.87024e-06
437.86	5.85496e-06
437.88	5.83981e-06
437.9	5.82478e-06
437.92	5.80988e-06
437.94	5.79511e-06
437.96	5.78046e-06
437.98	5.76594e-06
438	5.75154e-06
438.02	5.73727e-06
438.04	5.72312e-06
438.06	5.70909e-06
438.08	5.69519e-06
438.1	5.68141e-06
438.12	5.66775e-06
438.14	5.65421e-06
438.16	5.64079e-06
438.18	5.6275e-06
438.2	5.61432e-06
438.22	5.60127e-06
438.24	5.58833e-06
438.26	5.57552e-06
438.28	5.56283e-06
438.3	5.55025e-06
438.32	5.53779e-06
438.34	5.52546e-06
438.36	5.51324e-06
438.38	5.50114e-06
438.4	5.48916e-06
438.42	5.47729e-06
438.44	5.46555e-06
438.46	5.45392e-06
438.48	5.4424e-06
438.5	5.43101e-06
438.52	5.41973e-06
438.54	5.40857e-06
438.56	5.39752e-06
438.58	5.38659e-06
438.6	5.37578e-06
438.62	5.36508e-06
438.64	5.3545e-06
438.66	5.34403e-06
438.68	5.33368e-06
438.7	5.32344e-06
438.72	5.31332e-06
438.74	5.30332e-06
438.76	5.29343e-06
438.78	5.28365e-06
438.8	5.27399e-06
438.82	5.26445e-06
438.84	5.25502e-06
438.86	5.2457e-06
438.88	5.2365e-06
438.9	5.22742e-06
438.92	5.21845e-06
438.94	5.20959e-06
438.96	5.20085e-06
438.98	5.19222e-06
439	5.18371e-06
439.02	5.17532e-06
439.04	5.16704e-06
439.06	5.15887e-06
439.08	5.15082e-06
439.1	5.14288e-06
439.12	5.13506e-06
439.14	5.12736e-06
439.16	5.11977e-06
439.18	5.1123e-06
439.2	5.10494e-06
439.22	5.0977e-06
439.24	5.09058e-06
439.26	5.08357e-06
439.28	5.07669e-06
439.3	5.06991e-06
439.32	5.06326e-06
439.34	5.05672e-06
439.36	5.0503e-06
439.38	5.044e-06
439.4	5.03782e-06
439.42	5.03176e-06
439.44	5.02582e-06
439.46	5.02e-06
439.48	5.01429e-06
439.5	5.00871e-06
439.52	5.00325e-06
439.54	4.99791e-06
439.56	4.9927e-06
439.58	4.98761e-06
439.6	4.98264e-06
439.62	4.97779e-06
439.64	4.97307e-06
439.66	4.96848e-06
439.68	4.96401e-06
439.7	4.95966e-06
439.72	4.95545e-06
439.74	4.95136e-06
439.76	4.9474e-06
439.78	4.94357e-06
439.8	4.93987e-06
439.82	4.93631e-06
439.84	4.93287e-06
439.86	4.92957e-06
439.88	4.9264e-06
439.9	4.92337e-06
439.92	4.92047e-06
439.94	4.91771e-06
439.96	4.91509e-06
439.98	4.91261e-06
440	4.91027e-06
440.02	4.90807e-06
440.04	4.90602e-06
440.06	4.90411e-06
440.08	4.90234e-06
440.1	4.90073e-06
440.12	4.89926e-06
440.14	4.89794e-06
440.16	4.89678e-06
440.18	4.89577e-06
440.2	4.89492e-06
440.22	4.89423e-06
440.24	4.89369e-06
440.26	4.89332e-06
440.28	4.89311e-06
440.3	4.89307e-06
440.32	4.8932e-06
440.34	4.89349e-06
440.36	4.89396e-06
440.38	4.89461e-06
440.4	4.89544e-06
440.42	4.89645e-06
440.44	4.89764e-06
440.46	4.89902e-06
440.48	4.90059e-06
440.5	4.90236e-06
440.52	4.90433e-06
440.54	4.90649e-06
440.56	4.90887e-06
440.58	4.91145e-06
440.6	4.91424e-06
440.62	4.91726e-06
440.64	4.9205e-06
440.66	4.92397e-06
440.68	4.92767e-06
440.7	4.93161e-06
440.72	4.93579e-06
440.74	4.94023e-06
440.76	4.94493e-06
440.78	4.94989e-06
440.8	4.95512e-06
440.82	4.96063e-06
440.84	4.96643e-06
440.86	4.97253e-06
440.88	4.97894e-06
440.9	4.98566e-06
440.92	4.99271e-06
440.94	5.00009e-06
440.96	5.00784e-06
440.98	5.01594e-06
441	5.02442e-06
441.02	5.0333e-06
441.04	5.0426e-06
441.06	5.05232e-06
441.08	5.06249e-06
441.1	5.07313e-06
441.12	5.08427e-06
441.14	5.09593e-06
441.16	5.10814e-06
441.18	5.12093e-06
441.2	5.13434e-06
441.22	5.14841e-06
441.24	5.16318e-06
441.26	5.17871e-06
441.28	5.19504e-06
441.3	5.21225e-06
441.32	5.23042e-06
441.34	5.24962e-06
441.36	5.26996e-06
441.38	5.29157e-06
441.4	5.31458e-06
441.42	5.33919e-06
441.44	5.36559e-06
441.46	5.39407e-06
441.48	5.42496e-06
441.5	5.45873e-06
441.52	5.49598e-06
441.54	5.53756e-06
441.56	5.58469e-06
441.58	5.63925e-06
441.6	5.70433e-06
441.62	5.78547e-06
441.64	5.89394e-06
441.66	6.05615e-06
441.68	6.3406e-06
441.7	6.90645e-06
441.72	8.07125e-06
441.74	1.02145e-05
441.76	1.36961e-05
441.78	1.9191e-05
441.8	2.74812e-05
441.82	3.8994e-05
441.84	5.38676e-05
441.86	7.20889e-05
441.88	9.31616e-05
441.9	0.000115864
441.92	0.000138488
441.94	0.000159335
441.96	0.000177276
441.98	0.000191942
442	0.00020349
442.02	0.000212287
442.04	0.000218743
442.06	0.000223283
442.08	0.000226352
442.1	0.000228383
442.12	0.000229746
442.14	0.00023073
442.16	0.00023154
442.18	0.000232313
442.2	0.000233133
442.22	0.000234046
442.24	0.000235072
442.26	0.000236217
442.28	0.000237474
442.3	0.000238832
442.32	0.000240275
442.34	0.000241787
442.36	0.000243352
442.38	0.000244955
442.4	0.000246583
442.42	0.000248222
442.44	0.000249864
442.46	0.000251499
442.48	0.000253121
442.5	0.000254724
442.52	0.000256303
442.54	0.000257854
442.56	0.000259376
442.58	0.000260866
442.6	0.000262322
442.62	0.000263744
442.64	0.000265131
442.66	0.000266483
442.68	0.000267799
442.7	0.00026908
442.72	0.000270324
442.74	0.000271534
442.76	0.000272708
442.78	0.000273847
442.8	0.000274951
442.82	0.00027602
442.84	0.000277054
442.86	0.000278053
442.88	0.000279018
442.9	0.000279948
442.92	0.000280843
442.94	0.000281704
442.96	0.000282529
442.98	0.00028332
443	0.000284075
443.02	0.000284795
443.04	0.00028548
443.06	0.000286128
443.08	0.000286741
443.1	0.000287318
443.12	0.000287858
443.14	0.000288362
443.16	0.00028883
443.18	0.00028926
443.2	0.000289654
443.22	0.00029001
443.24	0.000290329
443.26	0.000290611
443.28	0.000290856
443.3	0.000291063
443.32	0.000291233
443.34	0.000291366
443.36	0.000291461
443.38	0.000291519
443.4	0.000291541
443.42	0.000291525
443.44	0.000291473
443.46	0.000291384
443.48	0.00029126
443.5	0.0002911
443.52	0.000290904
443.54	0.000290673
443.56	0.000290407
443.58	0.000290107
443.6	0.000289773
443.62	0.000289406
443.64	0.000289005
443.66	0.000288573
443.68	0.000288108
443.7	0.000287612
443.72	0.000287086
443.74	0.000286529
443.76	0.000285942
443.78	0.000285327
443.8	0.000284683
443.82	0.000284012
443.84	0.000283313
443.86	0.000282588
443.88	0.000281837
443.9	0.000281061
443.92	0.000280261
443.94	0.000279436
443.96	0.000278589
443.98	0.000277719
444	0.000276828
444.02	0.000275915
444.04	0.000274982
444.06	0.00027403
444.08	0.000273058
444.1	0.000272068
444.12	0.00027106
444.14	0.000270034
444.16	0.000268993
444.18	0.000267935
444.2	0.000266862
444.22	0.000265775
444.24	0.000264674
444.26	0.000263559
444.28	0.000262431
444.3	0.000261291
444.32	0.000260139
444.34	0.000258977
444.36	0.000257803
444.38	0.00025662
444.4	0.000255427
444.42	0.000254225
444.44	0.000253014
444.46	0.000251796
444.48	0.00025057
444.5	0.000249337
444.52	0.000248097
444.54	0.000246851
444.56	0.000245599
444.58	0.000244343
444.6	0.000243081
444.62	0.000241815
444.64	0.000240544
444.66	0.000239271
444.68	0.000237993
444.7	0.000236713
444.72	0.00023543
444.74	0.000234145
444.76	0.000232859
444.78	0.00023157
444.8	0.00023028
444.82	0.00022899
444.84	0.000227699
444.86	0.000226407
444.88	0.000225115
444.9	0.000223823
444.92	0.000222532
444.94	0.000221242
444.96	0.000219952
444.98	0.000218664
445	0.000217377
445.02	0.000216092
445.04	0.000214809
445.06	0.000213527
445.08	0.000212248
445.1	0.000210972
445.12	0.000209698
445.14	0.000208426
445.16	0.000207158
445.18	0.000205893
445.2	0.000204631
445.22	0.000203373
445.24	0.000202119
445.26	0.000200868
445.28	0.000199621
445.3	0.000198378
445.32	0.000197139
445.34	0.000195905
445.36	0.000194675
445.38	0.000193449
445.4	0.000192228
445.42	0.000191012
445.44	0.000189801
445.46	0.000188595
445.48	0.000187393
445.5	0.000186197
445.52	0.000185006
445.54	0.00018382
445.56	0.000182639
445.58	0.000181464
445.6	0.000180294
445.62	0.00017913
445.64	0.000177971
445.66	0.000176818
445.68	0.000175671
445.7	0.000174529
445.72	0.000173393
445.74	0.000172263
445.76	0.000171139
445.78	0.00017002
445.8	0.000168908
445.82	0.000167802
445.84	0.000166701
445.86	0.000165607
445.88	0.000164518
445.9	0.000163436
445.92	0.00016236
445.94	0.000161289
445.96	0.000160225
445.98	0.000159167
446	0.000158116
446.02	0.00015707
446.04	0.000156031
446.06	0.000154997
446.08	0.00015397
446.1	0.000152949
446.12	0.000151934
446.14	0.000150926
446.16	0.000149923
446.18	0.000148927
446.2	0.000147937
446.22	0.000146953
446.24	0.000145975
446.26	0.000145003
446.28	0.000144038
446.3	0.000143078
446.32	0.000142125
446.34	0.000141178
446.36	0.000140237
446.38	0.000139302
446.4	0.000138373
446.42	0.00013745
446.44	0.000136533
446.46	0.000135622
446.48	0.000134717
446.5	0.000133818
446.52	0.000132925
446.54	0.000132037
446.56	0.000131156
446.58	0.000130281
446.6	0.000129411
446.62	0.000128547
446.64	0.000127689
446.66	0.000126837
446.68	0.000125991
446.7	0.00012515
446.72	0.000124315
446.74	0.000123486
446.76	0.000122662
446.78	0.000121844
446.8	0.000121032
446.82	0.000120225
446.84	0.000119424
446.86	0.000118628
446.88	0.000117838
446.9	0.000117053
446.92	0.000116273
446.94	0.000115499
446.96	0.00011473
446.98	0.000113967
447	0.000113209
447.02	0.000112456
447.04	0.000111708
447.06	0.000110966
447.08	0.000110229
447.1	0.000109497
447.12	0.00010877
447.14	0.000108048
447.16	0.000107331
447.18	0.000106619
447.2	0.000105912
447.22	0.000105211
447.24	0.000104514
447.26	0.000103822
447.28	0.000103135
447.3	0.000102452
447.32	0.000101775
447.34	0.000101102
447.36	0.000100434
447.38	9.97706e-05
447.4	9.9112e-05
447.42	9.8458e-05
447.44	9.78087e-05
447.46	9.71639e-05
447.48	9.65237e-05
447.5	9.5888e-05
447.52	9.52568e-05
447.54	9.46301e-05
447.56	9.40078e-05
447.58	9.33899e-05
447.6	9.27764e-05
447.62	9.21672e-05
447.64	9.15623e-05
447.66	9.09617e-05
447.68	9.03654e-05
447.7	8.97732e-05
447.72	8.91853e-05
447.74	8.86015e-05
447.76	8.80219e-05
447.78	8.74464e-05
447.8	8.68749e-05
447.82	8.63075e-05
447.84	8.57441e-05
447.86	8.51847e-05
447.88	8.46292e-05
447.9	8.40777e-05
447.92	8.35301e-05
447.94	8.29863e-05
447.96	8.24464e-05
447.98	8.19103e-05
448	8.1378e-05
448.02	8.08495e-05
448.04	8.03247e-05
448.06	7.98036e-05
448.08	7.92862e-05
448.1	7.87725e-05
448.12	7.82624e-05
448.14	7.77559e-05
448.16	7.72529e-05
448.18	7.67535e-05
448.2	7.62577e-05
448.22	7.57653e-05
448.24	7.52764e-05
448.26	7.4791e-05
448.28	7.43089e-05
448.3	7.38303e-05
448.32	7.33551e-05
448.34	7.28832e-05
448.36	7.24146e-05
448.38	7.19493e-05
448.4	7.14873e-05
448.42	7.10285e-05
448.44	7.05729e-05
448.46	7.01206e-05
448.48	6.96714e-05
448.5	6.92254e-05
448.52	6.87825e-05
448.54	6.83427e-05
448.56	6.7906e-05
448.58	6.74723e-05
448.6	6.70417e-05
448.62	6.66141e-05
448.64	6.61895e-05
448.66	6.57679e-05
448.68	6.53492e-05
448.7	6.49335e-05
448.72	6.45207e-05
448.74	6.41107e-05
448.76	6.37036e-05
448.78	6.32994e-05
448.8	6.28979e-05
448.82	6.24993e-05
448.84	6.21035e-05
448.86	6.17104e-05
448.88	6.132e-05
448.9	6.09324e-05
448.92	6.05475e-05
448.94	6.01652e-05
448.96	5.97856e-05
448.98	5.94087e-05
449	5.90344e-05
449.02	5.86627e-05
449.04	5.82935e-05
449.06	5.79269e-05
449.08	5.75629e-05
449.1	5.72014e-05
449.12	5.68424e-05
449.14	5.64859e-05
449.16	5.61319e-05
449.18	5.57803e-05
449.2	5.54311e-05
449.22	5.50844e-05
449.24	5.47401e-05
449.26	5.43981e-05
449.28	5.40585e-05
449.3	5.37213e-05
449.32	5.33864e-05
449.34	5.30538e-05
449.36	5.27235e-05
449.38	5.23955e-05
449.4	5.20697e-05
449.42	5.17462e-05
449.44	5.14249e-05
449.46	5.11058e-05
449.48	5.0789e-05
449.5	5.04743e-05
449.52	5.01617e-05
449.54	4.98514e-05
449.56	4.95431e-05
449.58	4.9237e-05
449.6	4.8933e-05
449.62	4.8631e-05
449.64	4.83312e-05
449.66	4.80334e-05
449.68	4.77376e-05
449.7	4.74438e-05
449.72	4.71521e-05
449.74	4.68624e-05
449.76	4.65747e-05
449.78	4.62889e-05
449.8	4.60051e-05
449.82	4.57232e-05
449.84	4.54432e-05
449.86	4.51652e-05
449.88	4.48891e-05
449.9	4.46148e-05
449.92	4.43424e-05
449.94	4.40719e-05
449.96	4.38032e-05
449.98	4.35364e-05
450	4.32714e-05
450.02	4.30081e-05
450.04	4.27467e-05
450.06	4.24871e-05
450.08	4.22292e-05
450.1	4.1973e-05
450.12	4.17186e-05
450.14	4.1466e-05
450.16	4.1215e-05
450.18	4.09658e-05
450.2	4.07183e-05
450.22	4.04724e-05
450.24	4.02282e-05
450.26	3.99856e-05
450.28	3.97447e-05
450.3	3.95055e-05
450.32	3.92678e-05
450.34	3.90318e-05
450.36	3.87973e-05
450.38	3.85645e-05
450.4	3.83332e-05
450.42	3.81035e-05
450.44	3.78753e-05
450.46	3.76487e-05
450.48	3.74236e-05
450.5	3.72e-05
450.52	3.6978e-05
450.54	3.67574e-05
450.56	3.65383e-05
450.58	3.63207e-05
450.6	3.61046e-05
450.62	3.58899e-05
450.64	3.56766e-05
450.66	3.54648e-05
450.68	3.52545e-05
450.7	3.50455e-05
450.72	3.48379e-05
450.74	3.46318e-05
450.76	3.4427e-05
450.78	3.42236e-05
450.8	3.40215e-05
450.82	3.38209e-05
450.84	3.36215e-05
450.86	3.34235e-05
450.88	3.32269e-05
450.9	3.30315e-05
450.92	3.28375e-05
450.94	3.26447e-05
450.96	3.24533e-05
450.98	3.22631e-05
451	3.20742e-05
451.02	3.18865e-05
451.04	3.17002e-05
451.06	3.1515e-05
451.08	3.13311e-05
451.1	3.11485e-05
451.12	3.0967e-05
451.14	3.07868e-05
451.16	3.06077e-05
451.18	3.04299e-05
451.2	3.02532e-05
451.22	3.00777e-05
451.24	2.99034e-05
451.26	2.97303e-05
451.28	2.95583e-05
451.3	2.93874e-05
451.32	2.92177e-05
451.34	2.90491e-05
451.36	2.88816e-05
451.38	2.87153e-05
451.4	2.855e-05
451.42	2.83859e-05
451.44	2.82228e-05
451.46	2.80608e-05
451.48	2.78999e-05
451.5	2.77401e-05
451.52	2.75813e-05
451.54	2.74236e-05
451.56	2.72669e-05
451.58	2.71113e-05
451.6	2.69567e-05
451.62	2.68031e-05
451.64	2.66505e-05
451.66	2.6499e-05
451.68	2.63484e-05
451.7	2.61988e-05
451.72	2.60503e-05
451.74	2.59027e-05
451.76	2.57561e-05
451.78	2.56104e-05
451.8	2.54657e-05
451.82	2.5322e-05
451.84	2.51792e-05
451.86	2.50374e-05
451.88	2.48965e-05
451.9	2.47565e-05
451.92	2.46174e-05
451.94	2.44793e-05
451.96	2.43421e-05
451.98	2.42058e-05
452	2.40703e-05
452.02	2.39358e-05
452.04	2.38022e-05
452.06	2.36694e-05
452.08	2.35375e-05
452.1	2.34065e-05
452.12	2.32763e-05
452.14	2.3147e-05
452.16	2.30185e-05
452.18	2.28909e-05
452.2	2.27641e-05
452.22	2.26382e-05
452.24	2.2513e-05
452.26	2.23887e-05
452.28	2.22652e-05
452.3	2.21426e-05
452.32	2.20207e-05
452.34	2.18996e-05
452.36	2.17793e-05
452.38	2.16598e-05
452.4	2.15411e-05
452.42	2.14232e-05
452.44	2.1306e-05
452.46	2.11897e-05
452.48	2.1074e-05
452.5	2.09591e-05
452.52	2.0845e-05
452.54	2.07316e-05
452.56	2.0619e-05
452.58	2.05071e-05
452.6	2.03959e-05
452.62	2.02855e-05
452.64	2.01758e-05
452.66	2.00668e-05
452.68	1.99585e-05
452.7	1.98509e-05
452.72	1.9744e-05
452.74	1.96378e-05
452.76	1.95323e-05
452.78	1.94275e-05
452.8	1.93234e-05
452.82	1.92199e-05
452.84	1.91171e-05
452.86	1.9015e-05
452.88	1.89136e-05
452.9	1.88128e-05
452.92	1.87127e-05
452.94	1.86132e-05
452.96	1.85144e-05
452.98	1.84162e-05
453	1.83186e-05
453.02	1.82217e-05
453.04	1.81254e-05
453.06	1.80298e-05
453.08	1.79347e-05
453.1	1.78403e-05
453.12	1.77465e-05
453.14	1.76533e-05
453.16	1.75607e-05
453.18	1.74687e-05
453.2	1.73773e-05
453.22	1.72865e-05
453.24	1.71962e-05
453.26	1.71066e-05
453.28	1.70176e-05
453.3	1.69291e-05
453.32	1.68412e-05
453.34	1.67538e-05
453.36	1.66671e-05
453.38	1.65808e-05
453.4	1.64952e-05
453.42	1.64101e-05
453.44	1.63255e-05
453.46	1.62415e-05
453.48	1.61581e-05
453.5	1.60752e-05
453.52	1.59928e-05
453.54	1.59109e-05
453.56	1.58296e-05
453.58	1.57488e-05
453.6	1.56685e-05
453.62	1.55888e-05
453.64	1.55095e-05
453.66	1.54308e-05
453.68	1.53525e-05
453.7	1.52748e-05
453.72	1.51976e-05
453.74	1.51209e-05
453.76	1.50447e-05
453.78	1.49689e-05
453.8	1.48937e-05
453.82	1.48189e-05
453.84	1.47446e-05
453.86	1.46708e-05
453.88	1.45975e-05
453.9	1.45246e-05
453.92	1.44522e-05
453.94	1.43803e-05
453.96	1.43089e-05
453.98	1.42379e-05
454	1.41673e-05
454.02	1.40972e-05
454.04	1.40276e-05
454.06	1.39584e-05
454.08	1.38897e-05
454.1	1.38214e-05
454.12	1.37535e-05
454.14	1.36861e-05
454.16	1.36191e-05
454.18	1.35525e-05
454.2	1.34864e-05
454.22	1.34207e-05
454.24	1.33554e-05
454.26	1.32905e-05
454.28	1.3226e-05
454.3	1.3162e-05
454.32	1.30984e-05
454.34	1.30352e-05
454.36	1.29723e-05
454.38	1.29099e-05
454.4	1.28479e-05
454.42	1.27863e-05
454.44	1.27251e-05
454.46	1.26643e-05
454.48	1.26038e-05
454.5	1.25438e-05
454.52	1.24841e-05
454.54	1.24248e-05
454.56	1.23659e-05
454.58	1.23074e-05
454.6	1.22492e-05
454.62	1.21915e-05
454.64	1.21341e-05
454.66	1.2077e-05
454.68	1.20203e-05
454.7	1.1964e-05
454.72	1.19081e-05
454.74	1.18525e-05
454.76	1.17972e-05
454.78	1.17424e-05
454.8	1.16878e-05
454.82	1.16337e-05
454.84	1.15798e-05
454.86	1.15263e-05
454.88	1.14732e-05
454.9	1.14204e-05
454.92	1.13679e-05
454.94	1.13158e-05
454.96	1.1264e-05
454.98	1.12125e-05
455	1.11614e-05
455.02	1.11106e-05
455.04	1.10601e-05
455.06	1.10099e-05
455.08	1.09601e-05
455.1	1.09106e-05
455.12	1.08614e-05
455.14	1.08125e-05
455.16	1.07639e-05
455.18	1.07157e-05
455.2	1.06677e-05
455.22	1.06201e-05
455.24	1.05727e-05
455.26	1.05257e-05
455.28	1.0479e-05
455.3	1.04325e-05
455.32	1.03864e-05
455.34	1.03406e-05
455.36	1.0295e-05
455.38	1.02498e-05
455.4	1.02048e-05
455.42	1.01601e-05
455.44	1.01158e-05
455.46	1.00717e-05
455.48	1.00278e-05
455.5	9.98431e-06
455.52	9.94106e-06
455.54	9.89808e-06
455.56	9.85538e-06
455.58	9.81296e-06
455.6	9.77081e-06
455.62	9.72893e-06
455.64	9.68732e-06
455.66	9.64598e-06
455.68	9.6049e-06
455.7	9.56409e-06
455.72	9.52354e-06
455.74	9.48326e-06
455.76	9.44323e-06
455.78	9.40346e-06
455.8	9.36395e-06
455.82	9.3247e-06
455.84	9.28569e-06
455.86	9.24694e-06
455.88	9.20844e-06
455.9	9.17019e-06
455.92	9.13219e-06
455.94	9.09443e-06
455.96	9.05692e-06
455.98	9.01965e-06
456	8.98262e-06
456.02	8.94584e-06
456.04	8.90929e-06
456.06	8.87298e-06
456.08	8.8369e-06
456.1	8.80106e-06
456.12	8.76545e-06
456.14	8.73008e-06
456.16	8.69493e-06
456.18	8.66001e-06
456.2	8.62532e-06
456.22	8.59086e-06
456.24	8.55662e-06
456.26	8.52261e-06
456.28	8.48881e-06
456.3	8.45524e-06
456.32	8.42189e-06
456.34	8.38876e-06
456.36	8.35584e-06
456.38	8.32314e-06
456.4	8.29065e-06
456.42	8.25838e-06
456.44	8.22632e-06
456.46	8.19447e-06
456.48	8.16282e-06
456.5	8.13139e-06
456.52	8.10017e-06
456.54	8.06915e-06
456.56	8.03833e-06
456.58	8.00772e-06
456.6	7.97731e-06
456.62	7.9471e-06
456.64	7.9171e-06
456.66	7.88729e-06
456.68	7.85768e-06
456.7	7.82827e-06
456.72	7.79905e-06
456.74	7.77002e-06
456.76	7.74119e-06
456.78	7.71256e-06
456.8	7.68411e-06
456.82	7.65585e-06
456.84	7.62779e-06
456.86	7.59991e-06
456.88	7.57221e-06
456.9	7.54471e-06
456.92	7.51739e-06
456.94	7.49025e-06
456.96	7.46329e-06
456.98	7.43652e-06
457	7.40993e-06
457.02	7.38352e-06
457.04	7.35729e-06
457.06	7.33123e-06
457.08	7.30535e-06
457.1	7.27965e-06
457.12	7.25413e-06
457.14	7.22877e-06
457.16	7.2036e-06
457.18	7.17859e-06
457.2	7.15375e-06
457.22	7.12909e-06
457.24	7.10459e-06
457.26	7.08027e-06
457.28	7.05611e-06
457.3	7.03212e-06
457.32	7.00829e-06
457.34	6.98463e-06
457.36	6.96114e-06
457.38	6.93781e-06
457.4	6.91464e-06
457.42	6.89163e-06
457.44	6.86878e-06
457.46	6.8461e-06
457.48	6.82357e-06
457.5	6.8012e-06
457.52	6.77899e-06
457.54	6.75694e-06
457.56	6.73504e-06
457.58	6.7133e-06
457.6	6.69171e-06
457.62	6.67028e-06
457.64	6.649e-06
457.66	6.62788e-06
457.68	6.6069e-06
457.7	6.58608e-06
457.72	6.5654e-06
457.74	6.54488e-06
457.76	6.5245e-06
457.78	6.50428e-06
457.8	6.4842e-06
457.82	6.46426e-06
457.84	6.44448e-06
457.86	6.42484e-06
457.88	6.40534e-06
457.9	6.38599e-06
457.92	6.36678e-06
457.94	6.34772e-06
457.96	6.32879e-06
457.98	6.31001e-06
458	6.29137e-06
458.02	6.27287e-06
458.04	6.25451e-06
458.06	6.23629e-06
458.08	6.2182e-06
458.1	6.20026e-06
458.12	6.18245e-06
458.14	6.16478e-06
458.16	6.14725e-06
458.18	6.12985e-06
458.2	6.11258e-06
458.22	6.09545e-06
458.24	6.07846e-06
458.26	6.0616e-06
458.28	6.04487e-06
458.3	6.02827e-06
458.32	6.01181e-06
458.34	5.99548e-06
458.36	5.97927e-06
458.38	5.9632e-06
458.4	5.94726e-06
458.42	5.93145e-06
458.44	5.91577e-06
458.46	5.90021e-06
458.48	5.88479e-06
458.5	5.86949e-06
458.52	5.85432e-06
458.54	5.83927e-06
458.56	5.82436e-06
458.58	5.80956e-06
458.6	5.7949e-06
458.62	5.78036e-06
458.64	5.76594e-06
458.66	5.75165e-06
458.68	5.73748e-06
458.7	5.72344e-06
458.72	5.70952e-06
458.74	5.69572e-06
458.76	5.68204e-06
458.78	5.66849e-06
458.8	5.65506e-06
458.82	5.64175e-06
458.84	5.62856e-06
458.86	5.61549e-06
458.88	5.60254e-06
458.9	5.58972e-06
458.92	5.57701e-06
458.94	5.56442e-06
458.96	5.55195e-06
458.98	5.5396e-06
459	5.52737e-06
459.02	5.51526e-06
459.04	5.50327e-06
459.06	5.4914e-06
459.08	5.47964e-06
459.1	5.468e-06
459.12	5.45648e-06
459.14	5.44507e-06
459.16	5.43379e-06
459.18	5.42262e-06
459.2	5.41156e-06
459.22	5.40063e-06
459.24	5.38981e-06
459.26	5.3791e-06
459.28	5.36852e-06
459.3	5.35804e-06
459.32	5.34769e-06
459.34	5.33745e-06
459.36	5.32733e-06
459.38	5.31732e-06
459.4	5.30742e-06
459.42	5.29765e-06
459.44	5.28798e-06
459.46	5.27844e-06
459.48	5.26901e-06
459.5	5.25969e-06
459.52	5.25049e-06
459.54	5.2414e-06
459.56	5.23243e-06
459.58	5.22358e-06
459.6	5.21484e-06
459.62	5.20622e-06
459.64	5.19771e-06
459.66	5.18931e-06
459.68	5.18104e-06
459.7	5.17287e-06
459.72	5.16483e-06
459.74	5.1569e-06
459.76	5.14908e-06
459.78	5.14139e-06
459.8	5.1338e-06
459.82	5.12634e-06
459.84	5.11899e-06
459.86	5.11176e-06
459.88	5.10465e-06
459.9	5.09765e-06
459.92	5.09077e-06
459.94	5.08401e-06
459.96	5.07736e-06
459.98	5.07084e-06
460	5.06443e-06
460.02	5.05815e-06
460.04	5.05198e-06
460.06	5.04593e-06
460.08	5.04e-06
460.1	5.0342e-06
460.12	5.02851e-06
460.14	5.02295e-06
460.16	5.01751e-06
460.18	5.01219e-06
460.2	5.00699e-06
460.22	5.00192e-06
460.24	4.99697e-06
460.26	4.99215e-06
460.28	4.98745e-06
460.3	4.98287e-06
460.32	4.97843e-06
460.34	4.97411e-06
460.36	4.96992e-06
460.38	4.96586e-06
460.4	4.96193e-06
460.42	4.95813e-06
460.44	4.95446e-06
460.46	4.95092e-06
460.48	4.94751e-06
460.5	4.94424e-06
460.52	4.94111e-06
460.54	4.93811e-06
460.56	4.93525e-06
460.58	4.93252e-06
460.6	4.92994e-06
460.62	4.9275e-06
460.64	4.9252e-06
460.66	4.92304e-06
460.68	4.92103e-06
460.7	4.91916e-06
460.72	4.91744e-06
460.74	4.91587e-06
460.76	4.91445e-06
460.78	4.91318e-06
460.8	4.91207e-06
460.82	4.91111e-06
460.84	4.91031e-06
460.86	4.90967e-06
460.88	4.90919e-06
460.9	4.90888e-06
460.92	4.90873e-06
460.94	4.90875e-06
460.96	4.90894e-06
460.98	4.9093e-06
461	4.90984e-06
461.02	4.91055e-06
461.04	4.91145e-06
461.06	4.91253e-06
461.08	4.9138e-06
461.1	4.91526e-06
461.12	4.91691e-06
461.14	4.91876e-06
461.16	4.92081e-06
461.18	4.92306e-06
461.2	4.92552e-06
461.22	4.9282e-06
461.24	4.93109e-06
461.26	4.9342e-06
461.28	4.93754e-06
461.3	4.94112e-06
461.32	4.94493e-06
461.34	4.94898e-06
461.36	4.95329e-06
461.38	4.95784e-06
461.4	4.96267e-06
461.42	4.96776e-06
461.44	4.97312e-06
461.46	4.97878e-06
461.48	4.98472e-06
461.5	4.99097e-06
461.52	4.99754e-06
461.54	5.00443e-06
461.56	5.01165e-06
461.58	5.01922e-06
461.6	5.02714e-06
461.62	5.03545e-06
461.64	5.04414e-06
461.66	5.05323e-06
461.68	5.06275e-06
461.7	5.07271e-06
461.72	5.08313e-06
461.74	5.09404e-06
461.76	5.10546e-06
461.78	5.11742e-06
461.8	5.12995e-06
461.82	5.14308e-06
461.84	5.15685e-06
461.86	5.17131e-06
461.88	5.1865e-06
461.9	5.20247e-06
461.92	5.21929e-06
461.94	5.23703e-06
461.96	5.25577e-06
461.98	5.27561e-06
462	5.29666e-06
462.02	5.31905e-06
462.04	5.34295e-06
462.06	5.36855e-06
462.08	5.3961e-06
462.1	5.42591e-06
462.12	5.45839e-06
462.14	5.49406e-06
462.16	5.53366e-06
462.18	5.57822e-06
462.2	5.6293e-06
462.22	5.68935e-06
462.24	5.7626e-06
462.26	5.85718e-06
462.28	5.99095e-06
462.3	6.2089e-06
462.32	6.62372e-06
462.34	7.48148e-06
462.36	9.15257e-06
462.38	1.19817e-05
462.4	1.64837e-05
462.42	2.34548e-05
462.44	3.3512e-05
462.46	4.68816e-05
462.48	6.36351e-05
462.5	8.35439e-05
462.52	0.000105704
462.54	0.000128571
462.56	0.000150373
462.58	0.000169675
462.6	0.000185782
462.62	0.000198662
462.64	0.000208619
462.66	0.000216054
462.68	0.000221385
462.7	0.000225047
462.72	0.000227485
462.74	0.000229101
462.76	0.000230222
462.78	0.000231087
462.8	0.000231863
462.82	0.000232653
462.84	0.00023352
462.86	0.000234493
462.88	0.000235584
462.9	0.000236791
462.92	0.000238103
462.94	0.000239509
462.96	0.00024099
462.98	0.000242531
463	0.000244117
463.02	0.000245733
463.04	0.000247366
463.06	0.000249006
463.08	0.000250642
463.1	0.000252269
463.12	0.000253878
463.14	0.000255466
463.16	0.000257028
463.18	0.000258561
463.2	0.000260063
463.22	0.000261532
463.24	0.000262967
463.26	0.000264368
463.28	0.000265733
463.3	0.000267063
463.32	0.000268358
463.34	0.000269617
463.36	0.00027084
463.38	0.000272028
463.4	0.000273181
463.42	0.000274299
463.44	0.000275381
463.46	0.000276429
463.48	0.000277443
463.5	0.000278421
463.52	0.000279365
463.54	0.000280274
463.56	0.000281149
463.58	0.000281988
463.6	0.000282793
463.62	0.000283563
463.64	0.000284297
463.66	0.000284996
463.68	0.000285659
463.7	0.000286287
463.72	0.000286878
463.74	0.000287434
463.76	0.000287953
463.78	0.000288436
463.8	0.000288881
463.82	0.00028929
463.84	0.000289662
463.86	0.000289997
463.88	0.000290295
463.9	0.000290555
463.92	0.000290778
463.94	0.000290964
463.96	0.000291112
463.98	0.000291224
464	0.000291298
464.02	0.000291335
464.04	0.000291335
464.06	0.000291298
464.08	0.000291226
464.1	0.000291116
464.12	0.000290971
464.14	0.000290791
464.16	0.000290575
464.18	0.000290324
464.2	0.000290039
464.22	0.00028972
464.24	0.000289367
464.26	0.000288981
464.28	0.000288563
464.3	0.000288112
464.32	0.00028763
464.34	0.000287117
464.36	0.000286573
464.38	0.000286
464.4	0.000285397
464.42	0.000284766
464.44	0.000284107
464.46	0.00028342
464.48	0.000282707
464.5	0.000281968
464.52	0.000281203
464.54	0.000280413
464.56	0.0002796
464.58	0.000278763
464.6	0.000277904
464.62	0.000277022
464.64	0.000276119
464.66	0.000275196
464.68	0.000274252
464.7	0.000273289
464.72	0.000272307
464.74	0.000271307
464.76	0.00027029
464.78	0.000269256
464.8	0.000268206
464.82	0.000267141
464.84	0.00026606
464.86	0.000264966
464.88	0.000263857
464.9	0.000262736
464.92	0.000261602
464.94	0.000260456
464.96	0.000259299
464.98	0.000258131
465	0.000256952
465.02	0.000255764
465.04	0.000254567
465.06	0.000253361
465.08	0.000252147
465.1	0.000250925
465.12	0.000249696
465.14	0.00024846
465.16	0.000247217
465.18	0.000245969
465.2	0.000244715
465.22	0.000243457
465.24	0.000242193
465.26	0.000240926
465.28	0.000239654
465.3	0.000238379
465.32	0.000237101
465.34	0.000235821
465.36	0.000234538
465.38	0.000233252
465.4	0.000231966
465.42	0.000230677
465.44	0.000229388
465.46	0.000228098
465.48	0.000226807
465.5	0.000225517
465.52	0.000224226
465.54	0.000222936
465.56	0.000221646
465.58	0.000220357
465.6	0.000219069
465.62	0.000217783
465.64	0.000216498
465.66	0.000215214
465.68	0.000213933
465.7	0.000212654
465.72	0.000211377
465.74	0.000210103
465.76	0.000208832
465.78	0.000207563
465.8	0.000206298
465.82	0.000205036
465.84	0.000203777
465.86	0.000202522
465.88	0.00020127
465.9	0.000200023
465.92	0.000198779
465.94	0.00019754
465.96	0.000196304
465.98	0.000195073
466	0.000193847
466.02	0.000192625
466.04	0.000191408
466.06	0.000190195
466.08	0.000188988
466.1	0.000187785
466.12	0.000186587
466.14	0.000185395
466.16	0.000184208
466.18	0.000183026
466.2	0.000181849
466.22	0.000180678
466.24	0.000179512
466.26	0.000178352
466.28	0.000177198
466.3	0.000176049
466.32	0.000174905
466.34	0.000173768
466.36	0.000172636
466.38	0.000171511
466.4	0.000170391
466.42	0.000169276
466.44	0.000168168
466.46	0.000167066
466.48	0.00016597
466.5	0.00016488
466.52	0.000163796
466.54	0.000162718
466.56	0.000161646
466.58	0.00016058
466.6	0.000159521
466.62	0.000158467
466.64	0.00015742
466.66	0.000156378
466.68	0.000155343
466.7	0.000154314
466.72	0.000153291
466.74	0.000152275
466.76	0.000151264
466.78	0.00015026
466.8	0.000149262
466.82	0.00014827
466.84	0.000147284
466.86	0.000146305
466.88	0.000145331
466.9	0.000144364
466.92	0.000143402
466.94	0.000142447
466.96	0.000141498
466.98	0.000140555
467	0.000139618
467.02	0.000138687
467.04	0.000137763
467.06	0.000136844
467.08	0.000135931
467.1	0.000135024
467.12	0.000134123
467.14	0.000133228
467.16	0.000132339
467.18	0.000131456
467.2	0.000130579
467.22	0.000129708
467.24	0.000128842
467.26	0.000127982
467.28	0.000127129
467.3	0.00012628
467.32	0.000125438
467.34	0.000124601
467.36	0.00012377
467.38	0.000122945
467.4	0.000122125
467.42	0.000121311
467.44	0.000120502
467.46	0.000119699
467.48	0.000118902
467.5	0.00011811
467.52	0.000117323
467.54	0.000116542
467.56	0.000115766
467.58	0.000114996
467.6	0.00011423
467.62	0.000113471
467.64	0.000112716
467.66	0.000111967
467.68	0.000111223
467.7	0.000110484
467.72	0.00010975
467.74	0.000109022
467.76	0.000108298
467.78	0.00010758
467.8	0.000106867
467.82	0.000106158
467.84	0.000105455
467.86	0.000104756
467.88	0.000104063
467.9	0.000103374
467.92	0.00010269
467.94	0.000102011
467.96	0.000101337
467.98	0.000100667
468	0.000100003
468.02	9.93425e-05
468.04	9.86871e-05
468.06	9.80362e-05
468.08	9.739e-05
468.1	9.67483e-05
468.12	9.61112e-05
468.14	9.54786e-05
468.16	9.48504e-05
468.18	9.42267e-05
468.2	9.36074e-05
468.22	9.29925e-05
468.24	9.23819e-05
468.26	9.17756e-05
468.28	9.11737e-05
468.3	9.0576e-05
468.32	8.99825e-05
468.34	8.93932e-05
468.36	8.88081e-05
468.38	8.82271e-05
468.4	8.76503e-05
468.42	8.70775e-05
468.44	8.65088e-05
468.46	8.59441e-05
468.48	8.53834e-05
468.5	8.48267e-05
468.52	8.42739e-05
468.54	8.3725e-05
468.56	8.318e-05
468.58	8.26388e-05
468.6	8.21015e-05
468.62	8.1568e-05
468.64	8.10383e-05
468.66	8.05123e-05
468.68	7.999e-05
468.7	7.94714e-05
468.72	7.89565e-05
468.74	7.84452e-05
468.76	7.79375e-05
468.78	7.74334e-05
468.8	7.69329e-05
468.82	7.64358e-05
468.84	7.59423e-05
468.86	7.54523e-05
468.88	7.49658e-05
468.9	7.44826e-05
468.92	7.40029e-05
468.94	7.35265e-05
468.96	7.30535e-05
468.98	7.25839e-05
469	7.21175e-05
469.02	7.16544e-05
469.04	7.11946e-05
469.06	7.0738e-05
469.08	7.02846e-05
469.1	6.98344e-05
469.12	6.93873e-05
469.14	6.89434e-05
469.16	6.85026e-05
469.18	6.80649e-05
469.2	6.76302e-05
469.22	6.71986e-05
469.24	6.677e-05
469.26	6.63444e-05
469.28	6.59218e-05
469.3	6.55022e-05
469.32	6.50855e-05
469.34	6.46717e-05
469.36	6.42608e-05
469.38	6.38527e-05
469.4	6.34476e-05
469.42	6.30452e-05
469.44	6.26457e-05
469.46	6.22489e-05
469.48	6.18549e-05
469.5	6.14637e-05
469.52	6.10751e-05
469.54	6.06893e-05
469.56	6.03062e-05
469.58	5.99257e-05
469.6	5.95479e-05
469.62	5.91727e-05
469.64	5.88001e-05
469.66	5.84301e-05
469.68	5.80627e-05
469.7	5.76978e-05
469.72	5.73355e-05
469.74	5.69757e-05
469.76	5.66183e-05
469.78	5.62635e-05
469.8	5.59111e-05
469.82	5.55611e-05
469.84	5.52136e-05
469.86	5.48684e-05
469.88	5.45257e-05
469.9	5.41853e-05
469.92	5.38473e-05
469.94	5.35116e-05
469.96	5.31782e-05
469.98	5.28472e-05
470	5.25184e-05
470.02	5.21919e-05
470.04	5.18676e-05
470.06	5.15456e-05
470.08	5.12258e-05
470.1	5.09082e-05
470.12	5.05927e-05
470.14	5.02795e-05
470.16	4.99684e-05
470.18	4.96594e-05
470.2	4.93526e-05
470.22	4.90479e-05
470.24	4.87452e-05
470.26	4.84447e-05
470.28	4.81462e-05
470.3	4.78497e-05
470.32	4.75553e-05
470.34	4.72629e-05
470.36	4.69725e-05
470.38	4.66841e-05
470.4	4.63977e-05
470.42	4.61132e-05
470.44	4.58306e-05
470.46	4.555e-05
470.48	4.52714e-05
470.5	4.49946e-05
470.52	4.47197e-05
470.54	4.44467e-05
470.56	4.41755e-05
470.58	4.39062e-05
470.6	4.36388e-05
470.62	4.33731e-05
470.64	4.31093e-05
470.66	4.28473e-05
470.68	4.2587e-05
470.7	4.23285e-05
470.72	4.20718e-05
470.74	4.18168e-05
470.76	4.15636e-05
470.78	4.1312e-05
470.8	4.10622e-05
470.82	4.08141e-05
470.84	4.05677e-05
470.86	4.03229e-05
470.88	4.00798e-05
470.9	3.98383e-05
470.92	3.95985e-05
470.94	3.93603e-05
470.96	3.91237e-05
470.98	3.88887e-05
471	3.86553e-05
471.02	3.84235e-05
471.04	3.81932e-05
471.06	3.79646e-05
471.08	3.77374e-05
471.1	3.75118e-05
471.12	3.72877e-05
471.14	3.70651e-05
471.16	3.6844e-05
471.18	3.66244e-05
471.2	3.64063e-05
471.22	3.61897e-05
471.24	3.59745e-05
471.26	3.57608e-05
471.28	3.55485e-05
471.3	3.53376e-05
471.32	3.51281e-05
471.34	3.49201e-05
471.36	3.47135e-05
471.38	3.45082e-05
471.4	3.43043e-05
471.42	3.41018e-05
471.44	3.39007e-05
471.46	3.37009e-05
471.48	3.35024e-05
471.5	3.33053e-05
471.52	3.31095e-05
471.54	3.2915e-05
471.56	3.27218e-05
471.58	3.25299e-05
471.6	3.23393e-05
471.62	3.21499e-05
471.64	3.19619e-05
471.66	3.1775e-05
471.68	3.15895e-05
471.7	3.14051e-05
471.72	3.1222e-05
471.74	3.10402e-05
471.76	3.08595e-05
471.78	3.06801e-05
471.8	3.05018e-05
471.82	3.03247e-05
471.84	3.01488e-05
471.86	2.99741e-05
471.88	2.98006e-05
471.9	2.96282e-05
471.92	2.94569e-05
471.94	2.92868e-05
471.96	2.91178e-05
471.98	2.895e-05
472	2.87832e-05
472.02	2.86176e-05
472.04	2.8453e-05
472.06	2.82896e-05
472.08	2.81272e-05
472.1	2.7966e-05
472.12	2.78058e-05
472.14	2.76466e-05
472.16	2.74885e-05
472.18	2.73315e-05
472.2	2.71755e-05
472.22	2.70205e-05
472.24	2.68666e-05
472.26	2.67136e-05
472.28	2.65617e-05
472.3	2.64108e-05
472.32	2.62609e-05
472.34	2.6112e-05
472.36	2.59641e-05
472.38	2.58171e-05
472.4	2.56711e-05
472.42	2.55261e-05
472.44	2.5382e-05
472.46	2.52389e-05
472.48	2.50967e-05
472.5	2.49555e-05
472.52	2.48152e-05
472.54	2.46758e-05
472.56	2.45374e-05
472.58	2.43998e-05
472.6	2.42632e-05
472.62	2.41274e-05
472.64	2.39926e-05
472.66	2.38586e-05
472.68	2.37255e-05
472.7	2.35933e-05
472.72	2.3462e-05
472.74	2.33315e-05
472.76	2.32019e-05
472.78	2.30732e-05
472.8	2.29452e-05
472.82	2.28182e-05
472.84	2.26919e-05
472.86	2.25665e-05
472.88	2.24419e-05
472.9	2.23181e-05
472.92	2.21952e-05
472.94	2.2073e-05
472.96	2.19516e-05
472.98	2.18311e-05
473	2.17113e-05
473.02	2.15923e-05
473.04	2.14741e-05
473.06	2.13567e-05
473.08	2.124e-05
473.1	2.11241e-05
473.12	2.1009e-05
473.14	2.08946e-05
473.16	2.07809e-05
473.18	2.0668e-05
473.2	2.05559e-05
473.22	2.04444e-05
473.24	2.03337e-05
473.26	2.02238e-05
473.28	2.01145e-05
473.3	2.0006e-05
473.32	1.98981e-05
473.34	1.9791e-05
473.36	1.96845e-05
473.38	1.95788e-05
473.4	1.94737e-05
473.42	1.93694e-05
473.44	1.92657e-05
473.46	1.91627e-05
473.48	1.90603e-05
473.5	1.89586e-05
473.52	1.88576e-05
473.54	1.87572e-05
473.56	1.86575e-05
473.58	1.85585e-05
473.6	1.84601e-05
473.62	1.83623e-05
473.64	1.82651e-05
473.66	1.81686e-05
473.68	1.80727e-05
473.7	1.79775e-05
473.72	1.78828e-05
473.74	1.77888e-05
473.76	1.76954e-05
473.78	1.76026e-05
473.8	1.75103e-05
473.82	1.74187e-05
473.84	1.73277e-05
473.86	1.72373e-05
473.88	1.71474e-05
473.9	1.70582e-05
473.92	1.69695e-05
473.94	1.68814e-05
473.96	1.67938e-05
473.98	1.67068e-05
474	1.66204e-05
474.02	1.65346e-05
474.04	1.64493e-05
474.06	1.63645e-05
474.08	1.62803e-05
474.1	1.61967e-05
474.12	1.61136e-05
474.14	1.6031e-05
474.16	1.59489e-05
474.18	1.58674e-05
474.2	1.57864e-05
474.22	1.5706e-05
474.24	1.5626e-05
474.26	1.55466e-05
474.28	1.54677e-05
474.3	1.53893e-05
474.32	1.53113e-05
474.34	1.52339e-05
474.36	1.5157e-05
474.38	1.50806e-05
474.4	1.50047e-05
474.42	1.49293e-05
474.44	1.48544e-05
474.46	1.47799e-05
474.48	1.47059e-05
474.5	1.46324e-05
474.52	1.45594e-05
474.54	1.44868e-05
474.56	1.44148e-05
474.58	1.43431e-05
474.6	1.4272e-05
474.62	1.42013e-05
474.64	1.4131e-05
474.66	1.40612e-05
474.68	1.39919e-05
474.7	1.39229e-05
474.72	1.38545e-05
474.74	1.37865e-05
474.76	1.37189e-05
474.78	1.36517e-05
474.8	1.3585e-05
474.82	1.35187e-05
474.84	1.34528e-05
474.86	1.33874e-05
474.88	1.33224e-05
474.9	1.32578e-05
474.92	1.31936e-05
474.94	1.31298e-05
474.96	1.30664e-05
474.98	1.30035e-05
475	1.29409e-05
475.02	1.28788e-05
475.04	1.2817e-05
475.06	1.27556e-05
475.08	1.26947e-05
475.1	1.26341e-05
475.12	1.25739e-05
475.14	1.25141e-05
475.16	1.24547e-05
475.18	1.23956e-05
475.2	1.2337e-05
475.22	1.22787e-05
475.24	1.22208e-05
475.26	1.21632e-05
475.28	1.2106e-05
475.3	1.20492e-05
475.32	1.19928e-05
475.34	1.19367e-05
475.36	1.1881e-05
475.38	1.18256e-05
475.4	1.17706e-05
475.42	1.1716e-05
475.44	1.16617e-05
475.46	1.16077e-05
475.48	1.15541e-05
475.5	1.15008e-05
475.52	1.14479e-05
475.54	1.13953e-05
475.56	1.1343e-05
475.58	1.12911e-05
475.6	1.12395e-05
475.62	1.11883e-05
475.64	1.11374e-05
475.66	1.10868e-05
475.68	1.10365e-05
475.7	1.09865e-05
475.72	1.09369e-05
475.74	1.08876e-05
475.76	1.08386e-05
475.78	1.07899e-05
475.8	1.07415e-05
475.82	1.06935e-05
475.84	1.06457e-05
475.86	1.05983e-05
475.88	1.05511e-05
475.9	1.05043e-05
475.92	1.04577e-05
475.94	1.04115e-05
475.96	1.03655e-05
475.98	1.03199e-05
476	1.02745e-05
476.02	1.02295e-05
476.04	1.01847e-05
476.06	1.01402e-05
476.08	1.0096e-05
476.1	1.00521e-05
476.12	1.00085e-05
476.14	9.9651e-06
476.16	9.92203e-06
476.18	9.87923e-06
476.2	9.83671e-06
476.22	9.79446e-06
476.24	9.75248e-06
476.26	9.71077e-06
476.28	9.66933e-06
476.3	9.62816e-06
476.32	9.58726e-06
476.34	9.54661e-06
476.36	9.50623e-06
476.38	9.46612e-06
476.4	9.42626e-06
476.42	9.38665e-06
476.44	9.3473e-06
476.46	9.30821e-06
476.48	9.26937e-06
476.5	9.23078e-06
476.52	9.19244e-06
476.54	9.15435e-06
476.56	9.11651e-06
476.58	9.07891e-06
476.6	9.04155e-06
476.62	9.00444e-06
476.64	8.96757e-06
476.66	8.93093e-06
476.68	8.89454e-06
476.7	8.85838e-06
476.72	8.82245e-06
476.74	8.78676e-06
476.76	8.7513e-06
476.78	8.71608e-06
476.8	8.68108e-06
476.82	8.64631e-06
476.84	8.61177e-06
476.86	8.57745e-06
476.88	8.54335e-06
476.9	8.50948e-06
476.92	8.47583e-06
476.94	8.4424e-06
476.96	8.40919e-06
476.98	8.3762e-06
477	8.34343e-06
477.02	8.31086e-06
477.04	8.27852e-06
477.06	8.24638e-06
477.08	8.21446e-06
477.1	8.18274e-06
477.12	8.15124e-06
477.14	8.11994e-06
477.16	8.08885e-06
477.18	8.05796e-06
477.2	8.02728e-06
477.22	7.9968e-06
477.24	7.96653e-06
477.26	7.93645e-06
477.28	7.90657e-06
477.3	7.8769e-06
477.32	7.84741e-06
477.34	7.81813e-06
477.36	7.78904e-06
477.38	7.76014e-06
477.4	7.73144e-06
477.42	7.70293e-06
477.44	7.67461e-06
477.46	7.64648e-06
477.48	7.61853e-06
477.5	7.59078e-06
477.52	7.56321e-06
477.54	7.53583e-06
477.56	7.50863e-06
477.58	7.48161e-06
477.6	7.45478e-06
477.62	7.42813e-06
477.64	7.40165e-06
477.66	7.37536e-06
477.68	7.34925e-06
477.7	7.32331e-06
477.72	7.29755e-06
477.74	7.27197e-06
477.76	7.24656e-06
477.78	7.22132e-06
477.8	7.19626e-06
477.82	7.17137e-06
477.84	7.14665e-06
477.86	7.1221e-06
477.88	7.09772e-06
477.9	7.07351e-06
477.92	7.04946e-06
477.94	7.02558e-06
477.96	7.00187e-06
477.98	6.97832e-06
478	6.95494e-06
478.02	6.93172e-06
478.04	6.90866e-06
478.06	6.88576e-06
478.08	6.86302e-06
478.1	6.84045e-06
478.12	6.81803e-06
478.14	6.79577e-06
478.16	6.77367e-06
478.18	6.75172e-06
478.2	6.72993e-06
478.22	6.7083e-06
478.24	6.68682e-06
478.26	6.66549e-06
478.28	6.64432e-06
478.3	6.6233e-06
478.32	6.60243e-06
478.34	6.58171e-06
478.36	6.56114e-06
478.38	6.54072e-06
478.4	6.52045e-06
478.42	6.50033e-06
478.44	6.48035e-06
478.46	6.46052e-06
478.48	6.44084e-06
478.5	6.4213e-06
478.52	6.40191e-06
478.54	6.38266e-06
478.56	6.36355e-06
478.58	6.34459e-06
478.6	6.32576e-06
478.62	6.30708e-06
478.64	6.28854e-06
478.66	6.27014e-06
478.68	6.25188e-06
478.7	6.23376e-06
478.72	6.21578e-06
478.74	6.19793e-06
478.76	6.18023e-06
478.78	6.16266e-06
478.8	6.14522e-06
478.82	6.12792e-06
478.84	6.11075e-06
478.86	6.09372e-06
478.88	6.07683e-06
478.9	6.06006e-06
478.92	6.04343e-06
478.94	6.02694e-06
478.96	6.01057e-06
478.98	5.99434e-06
479	5.97823e-06
479.02	5.96226e-06
479.04	5.94641e-06
479.06	5.9307e-06
479.08	5.91511e-06
479.1	5.89966e-06
479.12	5.88433e-06
479.14	5.86913e-06
479.16	5.85405e-06
479.18	5.83911e-06
479.2	5.82429e-06
479.22	5.80959e-06
479.24	5.79502e-06
479.26	5.78058e-06
479.28	5.76626e-06
479.3	5.75206e-06
479.32	5.73799e-06
479.34	5.72404e-06
479.36	5.71022e-06
479.38	5.69652e-06
479.4	5.68294e-06
479.42	5.66948e-06
479.44	5.65615e-06
479.46	5.64294e-06
479.48	5.62984e-06
479.5	5.61687e-06
479.52	5.60402e-06
479.54	5.59129e-06
479.56	5.57868e-06
479.58	5.56619e-06
479.6	5.55382e-06
479.62	5.54157e-06
479.64	5.52944e-06
479.66	5.51743e-06
479.68	5.50553e-06
479.7	5.49376e-06
479.72	5.4821e-06
479.74	5.47056e-06
479.76	5.45914e-06
479.78	5.44783e-06
479.8	5.43664e-06
479.82	5.42557e-06
479.84	5.41462e-06
479.86	5.40378e-06
479.88	5.39306e-06
479.9	5.38246e-06
479.92	5.37197e-06
479.94	5.3616e-06
479.96	5.35135e-06
479.98	5.34121e-06
480	5.33119e-06
480.02	5.32128e-06
480.04	5.31149e-06
480.06	5.30182e-06
480.08	5.29226e-06
480.1	5.28281e-06
480.12	5.27349e-06
480.14	5.26427e-06
480.16	5.25518e-06
480.18	5.2462e-06
480.2	5.23734e-06
480.22	5.22859e-06
480.24	5.21995e-06
480.26	5.21144e-06
480.28	5.20304e-06
480.3	5.19475e-06
480.32	5.18658e-06
480.34	5.17853e-06
480.36	5.1706e-06
480.38	5.16278e-06
480.4	5.15507e-06
480.42	5.14749e-06
480.44	5.14002e-06
480.46	5.13267e-06
480.48	5.12543e-06
480.5	5.11832e-06
480.52	5.11132e-06
480.54	5.10444e-06
480.56	5.09767e-06
480.58	5.09103e-06
480.6	5.08451e-06
480.62	5.0781e-06
480.64	5.07182e-06
480.66	5.06565e-06
480.68	5.0596e-06
480.7	5.05368e-06
480.72	5.04788e-06
480.74	5.0422e-06
480.76	5.03664e-06
480.78	5.0312e-06
480.8	5.02589e-06
480.82	5.0207e-06
480.84	5.01563e-06
480.86	5.01069e-06
480.88	5.00588e-06
480.9	5.00119e-06
480.92	4.99662e-06
480.94	4.99219e-06
480.96	4.98788e-06
480.98	4.9837e-06
481	4.97966e-06
481.02	4.97574e-06
481.04	4.97195e-06
481.06	4.9683e-06
481.08	4.96477e-06
481.1	4.96139e-06
481.12	4.95813e-06
481.14	4.95502e-06
481.16	4.95204e-06
481.18	4.9492e-06
481.2	4.94649e-06
481.22	4.94393e-06
481.24	4.94151e-06
481.26	4.93923e-06
481.28	4.9371e-06
481.3	4.93511e-06
481.32	4.93327e-06
481.34	4.93158e-06
481.36	4.93004e-06
481.38	4.92865e-06
481.4	4.92741e-06
481.42	4.92633e-06
481.44	4.92541e-06
481.46	4.92464e-06
481.48	4.92404e-06
481.5	4.92359e-06
481.52	4.92332e-06
481.54	4.92321e-06
481.56	4.92327e-06
481.58	4.9235e-06
481.6	4.92391e-06
481.62	4.92449e-06
481.64	4.92525e-06
481.66	4.9262e-06
481.68	4.92733e-06
481.7	4.92865e-06
481.72	4.93016e-06
481.74	4.93187e-06
481.76	4.93378e-06
481.78	4.93589e-06
481.8	4.9382e-06
481.82	4.94073e-06
481.84	4.94347e-06
481.86	4.94644e-06
481.88	4.94962e-06
481.9	4.95304e-06
481.92	4.95669e-06
481.94	4.96058e-06
481.96	4.96472e-06
481.98	4.96911e-06
482	4.97376e-06
482.02	4.97867e-06
482.04	4.98386e-06
482.06	4.98933e-06
482.08	4.99509e-06
482.1	5.00115e-06
482.12	5.00751e-06
482.14	5.01419e-06
482.16	5.02121e-06
482.18	5.02856e-06
482.2	5.03627e-06
482.22	5.04434e-06
482.24	5.05279e-06
482.26	5.06164e-06
482.28	5.0709e-06
482.3	5.0806e-06
482.32	5.09074e-06
482.34	5.10136e-06
482.36	5.11248e-06
482.38	5.12411e-06
482.4	5.13631e-06
482.42	5.14908e-06
482.44	5.16248e-06
482.46	5.17653e-06
482.48	5.19129e-06
482.5	5.20681e-06
482.52	5.22314e-06
482.54	5.24035e-06
482.56	5.25851e-06
482.58	5.27771e-06
482.6	5.29806e-06
482.62	5.31968e-06
482.64	5.34271e-06
482.66	5.36733e-06
482.68	5.39375e-06
482.7	5.42225e-06
482.72	5.45318e-06
482.74	5.48698e-06
482.76	5.52427e-06
482.78	5.56589e-06
482.8	5.61307e-06
482.82	5.66769e-06
482.84	5.73281e-06
482.86	5.81397e-06
482.88	5.92236e-06
482.9	6.08419e-06
482.92	6.36743e-06
482.94	6.93018e-06
482.96	8.08899e-06
482.98	1.02238e-05
483	1.36923e-05
483.02	1.91654e-05
483.04	2.74269e-05
483.06	3.8909e-05
483.08	5.37509e-05
483.1	7.19418e-05
483.12	9.29931e-05
483.14	0.000115692
483.16	0.000138331
483.18	0.000159212
483.2	0.000177192
483.22	0.000191898
483.24	0.000203481
483.26	0.000212306
483.28	0.000218786
483.3	0.000223344
483.32	0.000226425
483.34	0.000228462
483.36	0.000229828
483.38	0.000230812
483.4	0.000231621
483.42	0.000232392
483.44	0.000233208
483.46	0.000234118
483.48	0.000235141
483.5	0.000236283
483.52	0.000237538
483.54	0.000238894
483.56	0.000240336
483.58	0.000241847
483.6	0.000243411
483.62	0.000245014
483.64	0.000246641
483.66	0.000248281
483.68	0.000249923
483.7	0.000251558
483.72	0.000253181
483.74	0.000254784
483.76	0.000256364
483.78	0.000257916
483.8	0.000259439
483.82	0.00026093
483.84	0.000262387
483.86	0.00026381
483.88	0.000265198
483.9	0.000266551
483.92	0.000267868
483.94	0.00026915
483.96	0.000270396
483.98	0.000271606
484	0.000272781
484.02	0.000273921
484.04	0.000275026
484.06	0.000276096
484.08	0.000277132
484.1	0.000278132
484.12	0.000279098
484.14	0.000280029
484.16	0.000280925
484.18	0.000281787
484.2	0.000282614
484.22	0.000283405
484.24	0.000284161
484.26	0.000284882
484.28	0.000285568
484.3	0.000286218
484.32	0.000286832
484.34	0.000287409
484.36	0.000287951
484.38	0.000288456
484.4	0.000288924
484.42	0.000289356
484.44	0.00028975
484.46	0.000290108
484.48	0.000290428
484.5	0.000290711
484.52	0.000290956
484.54	0.000291165
484.56	0.000291335
484.58	0.000291469
484.6	0.000291565
484.62	0.000291624
484.64	0.000291647
484.66	0.000291632
484.68	0.000291581
484.7	0.000291493
484.72	0.000291369
484.74	0.00029121
484.76	0.000291015
484.78	0.000290784
484.8	0.000290519
484.82	0.00029022
484.84	0.000289887
484.86	0.00028952
484.88	0.000289121
484.9	0.000288689
484.92	0.000288225
484.94	0.00028773
484.96	0.000287204
484.98	0.000286647
485	0.000286061
485.02	0.000285446
485.04	0.000284803
485.06	0.000284132
485.08	0.000283434
485.1	0.000282709
485.12	0.000281959
485.14	0.000281184
485.16	0.000280384
485.18	0.00027956
485.2	0.000278713
485.22	0.000277844
485.24	0.000276953
485.26	0.00027604
485.28	0.000275108
485.3	0.000274155
485.32	0.000273184
485.34	0.000272194
485.36	0.000271186
485.38	0.000270161
485.4	0.00026912
485.42	0.000268062
485.44	0.00026699
485.46	0.000265902
485.48	0.000264801
485.5	0.000263686
485.52	0.000262559
485.54	0.000261419
485.56	0.000260267
485.58	0.000259105
485.6	0.000257931
485.62	0.000256748
485.64	0.000255555
485.66	0.000254353
485.68	0.000253142
485.7	0.000251924
485.72	0.000250698
485.74	0.000249465
485.76	0.000248225
485.78	0.000246979
485.8	0.000245727
485.82	0.000244471
485.84	0.000243209
485.86	0.000241943
485.88	0.000240672
485.9	0.000239398
485.92	0.000238121
485.94	0.000236841
485.96	0.000235558
485.98	0.000234273
486	0.000232986
486.02	0.000231697
486.04	0.000230407
486.06	0.000229116
486.08	0.000227825
486.1	0.000226533
486.12	0.000225241
486.14	0.000223949
486.16	0.000222658
486.18	0.000221367
486.2	0.000220077
486.22	0.000218789
486.24	0.000217502
486.26	0.000216216
486.28	0.000214933
486.3	0.000213651
486.32	0.000212372
486.34	0.000211095
486.36	0.00020982
486.38	0.000208549
486.4	0.000207281
486.42	0.000206015
486.44	0.000204753
486.46	0.000203495
486.48	0.00020224
486.5	0.000200989
486.52	0.000199741
486.54	0.000198498
486.56	0.000197259
486.58	0.000196024
486.6	0.000194794
486.62	0.000193568
486.64	0.000192347
486.66	0.000191131
486.68	0.000189919
486.7	0.000188712
486.72	0.00018751
486.74	0.000186314
486.76	0.000185122
486.78	0.000183936
486.8	0.000182755
486.82	0.000181579
486.84	0.000180409
486.86	0.000179244
486.88	0.000178085
486.9	0.000176932
486.92	0.000175784
486.94	0.000174642
486.96	0.000173506
486.98	0.000172375
487	0.000171251
487.02	0.000170132
487.04	0.000169019
487.06	0.000167912
487.08	0.000166812
487.1	0.000165717
487.12	0.000164628
487.14	0.000163545
487.16	0.000162469
487.18	0.000161398
487.2	0.000160334
487.22	0.000159275
487.24	0.000158223
487.26	0.000157177
487.28	0.000156137
487.3	0.000155104
487.32	0.000154076
487.34	0.000153055
487.36	0.00015204
487.38	0.000151031
487.4	0.000150028
487.42	0.000149031
487.44	0.00014804
487.46	0.000147056
487.48	0.000146078
487.5	0.000145106
487.52	0.00014414
487.54	0.00014318
487.56	0.000142226
487.58	0.000141279
487.6	0.000140337
487.62	0.000139402
487.64	0.000138472
487.66	0.000137549
487.68	0.000136632
487.7	0.00013572
487.72	0.000134815
487.74	0.000133915
487.76	0.000133022
487.78	0.000132134
487.8	0.000131253
487.82	0.000130377
487.84	0.000129507
487.86	0.000128643
487.88	0.000127785
487.9	0.000126932
487.92	0.000126085
487.94	0.000125244
487.96	0.000124409
487.98	0.000123579
488	0.000122755
488.02	0.000121937
488.04	0.000121124
488.06	0.000120317
488.08	0.000119515
488.1	0.000118719
488.12	0.000117928
488.14	0.000117143
488.16	0.000116363
488.18	0.000115589
488.2	0.00011482
488.22	0.000114056
488.24	0.000113297
488.26	0.000112544
488.28	0.000111796
488.3	0.000111053
488.32	0.000110316
488.34	0.000109583
488.36	0.000108856
488.38	0.000108134
488.4	0.000107417
488.42	0.000106705
488.44	0.000105998
488.46	0.000105295
488.48	0.000104598
488.5	0.000103906
488.52	0.000103218
488.54	0.000102536
488.56	0.000101858
488.58	0.000101185
488.6	0.000100516
488.62	9.98526e-05
488.64	9.91937e-05
488.66	9.85394e-05
488.68	9.78897e-05
488.7	9.72446e-05
488.72	9.66041e-05
488.74	9.59681e-05
488.76	9.53365e-05
488.78	9.47095e-05
488.8	9.40868e-05
488.82	9.34686e-05
488.84	9.28548e-05
488.86	9.22453e-05
488.88	9.16401e-05
488.9	9.10392e-05
488.92	9.04425e-05
488.94	8.98501e-05
488.96	8.92618e-05
488.98	8.86777e-05
489	8.80978e-05
489.02	8.75219e-05
489.04	8.69501e-05
489.06	8.63824e-05
489.08	8.58187e-05
489.1	8.5259e-05
489.12	8.47032e-05
489.14	8.41514e-05
489.16	8.36035e-05
489.18	8.30594e-05
489.2	8.25192e-05
489.22	8.19829e-05
489.24	8.14503e-05
489.26	8.09215e-05
489.28	8.03964e-05
489.3	7.9875e-05
489.32	7.93573e-05
489.34	7.88433e-05
489.36	7.83329e-05
489.38	7.78261e-05
489.4	7.73228e-05
489.42	7.68232e-05
489.44	7.6327e-05
489.46	7.58344e-05
489.48	7.53452e-05
489.5	7.48595e-05
489.52	7.43772e-05
489.54	7.38983e-05
489.56	7.34227e-05
489.58	7.29505e-05
489.6	7.24817e-05
489.62	7.20161e-05
489.64	7.15538e-05
489.66	7.10948e-05
489.68	7.0639e-05
489.7	7.01863e-05
489.72	6.97369e-05
489.74	6.92906e-05
489.76	6.88474e-05
489.78	6.84074e-05
489.8	6.79704e-05
489.82	6.75365e-05
489.84	6.71056e-05
489.86	6.66778e-05
489.88	6.62529e-05
489.9	6.58311e-05
489.92	6.54121e-05
489.94	6.49961e-05
489.96	6.4583e-05
489.98	6.41728e-05
490	6.37655e-05
490.02	6.3361e-05
490.04	6.29593e-05
490.06	6.25604e-05
490.08	6.21643e-05
490.1	6.1771e-05
490.12	6.13804e-05
490.14	6.09926e-05
490.16	6.06074e-05
490.18	6.02249e-05
490.2	5.98451e-05
490.22	5.94679e-05
490.24	5.90933e-05
490.26	5.87214e-05
490.28	5.8352e-05
490.3	5.79852e-05
490.32	5.76209e-05
490.34	5.72592e-05
490.36	5.69e-05
490.38	5.65432e-05
490.4	5.6189e-05
490.42	5.58371e-05
490.44	5.54878e-05
490.46	5.51408e-05
490.48	5.47962e-05
490.5	5.44541e-05
490.52	5.41143e-05
490.54	5.37768e-05
490.56	5.34417e-05
490.58	5.31089e-05
490.6	5.27783e-05
490.62	5.24501e-05
490.64	5.21241e-05
490.66	5.18004e-05
490.68	5.14789e-05
490.7	5.11596e-05
490.72	5.08425e-05
490.74	5.05276e-05
490.76	5.02149e-05
490.78	4.99043e-05
490.8	4.95958e-05
490.82	4.92895e-05
490.84	4.89853e-05
490.86	4.86831e-05
490.88	4.8383e-05
490.9	4.8085e-05
490.92	4.77891e-05
490.94	4.74951e-05
490.96	4.72032e-05
490.98	4.69133e-05
491	4.66253e-05
491.02	4.63394e-05
491.04	4.60553e-05
491.06	4.57733e-05
491.08	4.54931e-05
491.1	4.52149e-05
491.12	4.49386e-05
491.14	4.46641e-05
491.16	4.43915e-05
491.18	4.41208e-05
491.2	4.3852e-05
491.22	4.35849e-05
491.24	4.33197e-05
491.26	4.30563e-05
491.28	4.27947e-05
491.3	4.25348e-05
491.32	4.22768e-05
491.34	4.20205e-05
491.36	4.17659e-05
491.38	4.1513e-05
491.4	4.12619e-05
491.42	4.10125e-05
491.44	4.07648e-05
491.46	4.05187e-05
491.48	4.02743e-05
491.5	4.00316e-05
491.52	3.97905e-05
491.54	3.95511e-05
491.56	3.93133e-05
491.58	3.90771e-05
491.6	3.88424e-05
491.62	3.86094e-05
491.64	3.8378e-05
491.66	3.81481e-05
491.68	3.79197e-05
491.7	3.76929e-05
491.72	3.74677e-05
491.74	3.72439e-05
491.76	3.70217e-05
491.78	3.6801e-05
491.8	3.65817e-05
491.82	3.63639e-05
491.84	3.61476e-05
491.86	3.59328e-05
491.88	3.57194e-05
491.9	3.55074e-05
491.92	3.52969e-05
491.94	3.50878e-05
491.96	3.48801e-05
491.98	3.46737e-05
492	3.44688e-05
492.02	3.42652e-05
492.04	3.4063e-05
492.06	3.38622e-05
492.08	3.36627e-05
492.1	3.34646e-05
492.12	3.32677e-05
492.14	3.30722e-05
492.16	3.2878e-05
492.18	3.26851e-05
492.2	3.24935e-05
492.22	3.23032e-05
492.24	3.21142e-05
492.26	3.19264e-05
492.28	3.17399e-05
492.3	3.15546e-05
492.32	3.13705e-05
492.34	3.11877e-05
492.36	3.10061e-05
492.38	3.08257e-05
492.4	3.06465e-05
492.42	3.04685e-05
492.44	3.02917e-05
492.46	3.01161e-05
492.48	2.99417e-05
492.5	2.97684e-05
492.52	2.95962e-05
492.54	2.94252e-05
492.56	2.92554e-05
492.58	2.90867e-05
492.6	2.89191e-05
492.62	2.87526e-05
492.64	2.85872e-05
492.66	2.84229e-05
492.68	2.82597e-05
492.7	2.80976e-05
492.72	2.79366e-05
492.74	2.77766e-05
492.76	2.76177e-05
492.78	2.74598e-05
492.8	2.7303e-05
492.82	2.71473e-05
492.84	2.69925e-05
492.86	2.68388e-05
492.88	2.66861e-05
492.9	2.65344e-05
492.92	2.63837e-05
492.94	2.62341e-05
492.96	2.60854e-05
492.98	2.59376e-05
493	2.57909e-05
493.02	2.56451e-05
493.04	2.55003e-05
493.06	2.53565e-05
493.08	2.52136e-05
493.1	2.50716e-05
493.12	2.49306e-05
493.14	2.47905e-05
493.16	2.46513e-05
493.18	2.45131e-05
493.2	2.43757e-05
493.22	2.42393e-05
493.24	2.41038e-05
493.26	2.39691e-05
493.28	2.38353e-05
493.3	2.37025e-05
493.32	2.35704e-05
493.34	2.34393e-05
493.36	2.3309e-05
493.38	2.31796e-05
493.4	2.3051e-05
493.42	2.29233e-05
493.44	2.27964e-05
493.46	2.26703e-05
493.48	2.25451e-05
493.5	2.24207e-05
493.52	2.22971e-05
493.54	2.21743e-05
493.56	2.20523e-05
493.58	2.19312e-05
493.6	2.18108e-05
493.62	2.16912e-05
493.64	2.15724e-05
493.66	2.14543e-05
493.68	2.13371e-05
493.7	2.12206e-05
493.72	2.11048e-05
493.74	2.09898e-05
493.76	2.08756e-05
493.78	2.07621e-05
493.8	2.06494e-05
493.82	2.05374e-05
493.84	2.04261e-05
493.86	2.03156e-05
493.88	2.02058e-05
493.9	2.00967e-05
493.92	1.99883e-05
493.94	1.98806e-05
493.96	1.97736e-05
493.98	1.96673e-05
494	1.95617e-05
494.02	1.94568e-05
494.04	1.93526e-05
494.06	1.9249e-05
494.08	1.91462e-05
494.1	1.9044e-05
494.12	1.89424e-05
494.14	1.88416e-05
494.16	1.87413e-05
494.18	1.86418e-05
494.2	1.85429e-05
494.22	1.84446e-05
494.24	1.83469e-05
494.26	1.82499e-05
494.28	1.81536e-05
494.3	1.80578e-05
494.32	1.79627e-05
494.34	1.78682e-05
494.36	1.77743e-05
494.38	1.7681e-05
494.4	1.75883e-05
494.42	1.74962e-05
494.44	1.74047e-05
494.46	1.73138e-05
494.48	1.72235e-05
494.5	1.71338e-05
494.52	1.70447e-05
494.54	1.69561e-05
494.56	1.68681e-05
494.58	1.67807e-05
494.6	1.66938e-05
494.62	1.66075e-05
494.64	1.65218e-05
494.66	1.64366e-05
494.68	1.6352e-05
494.7	1.62679e-05
494.72	1.61844e-05
494.74	1.61014e-05
494.76	1.60189e-05
494.78	1.5937e-05
494.8	1.58556e-05
494.82	1.57747e-05
494.84	1.56943e-05
494.86	1.56145e-05
494.88	1.55352e-05
494.9	1.54564e-05
494.92	1.53781e-05
494.94	1.53003e-05
494.96	1.5223e-05
494.98	1.51462e-05
495	1.50699e-05
495.02	1.49941e-05
495.04	1.49187e-05
495.06	1.48439e-05
495.08	1.47696e-05
495.1	1.46957e-05
495.12	1.46223e-05
495.14	1.45494e-05
495.16	1.44769e-05
495.18	1.44049e-05
495.2	1.43334e-05
495.22	1.42623e-05
495.24	1.41917e-05
495.26	1.41216e-05
495.28	1.40518e-05
495.3	1.39826e-05
495.32	1.39138e-05
495.34	1.38454e-05
495.36	1.37775e-05
495.38	1.371e-05
495.4	1.36429e-05
495.42	1.35763e-05
495.44	1.35101e-05
495.46	1.34443e-05
495.48	1.3379e-05
495.5	1.3314e-05
495.52	1.32495e-05
495.54	1.31854e-05
495.56	1.31217e-05
495.58	1.30584e-05
495.6	1.29956e-05
495.62	1.29331e-05
495.64	1.2871e-05
495.66	1.28093e-05
495.68	1.27481e-05
495.7	1.26872e-05
495.72	1.26267e-05
495.74	1.25666e-05
495.76	1.25068e-05
495.78	1.24475e-05
495.8	1.23885e-05
495.82	1.233e-05
495.84	1.22717e-05
495.86	1.22139e-05
495.88	1.21564e-05
495.9	1.20993e-05
495.92	1.20426e-05
495.94	1.19863e-05
495.96	1.19302e-05
495.98	1.18746e-05
496	1.18193e-05
496.02	1.17644e-05
496.04	1.17098e-05
496.06	1.16556e-05
496.08	1.16017e-05
496.1	1.15481e-05
496.12	1.14949e-05
496.14	1.14421e-05
496.16	1.13895e-05
496.18	1.13374e-05
496.2	1.12855e-05
496.22	1.1234e-05
496.24	1.11828e-05
496.26	1.1132e-05
496.28	1.10814e-05
496.3	1.10312e-05
496.32	1.09813e-05
496.34	1.09318e-05
496.36	1.08825e-05
496.38	1.08336e-05
496.4	1.0785e-05
496.42	1.07367e-05
496.44	1.06887e-05
496.46	1.0641e-05
496.48	1.05936e-05
496.5	1.05465e-05
496.52	1.04997e-05
496.54	1.04532e-05
496.56	1.04071e-05
496.58	1.03612e-05
496.6	1.03156e-05
496.62	1.02703e-05
496.64	1.02253e-05
496.66	1.01806e-05
496.68	1.01362e-05
496.7	1.0092e-05
496.72	1.00482e-05
496.74	1.00046e-05
496.76	9.96128e-06
496.78	9.91826e-06
496.8	9.87552e-06
496.82	9.83305e-06
496.84	9.79086e-06
496.86	9.74894e-06
496.88	9.70729e-06
496.9	9.6659e-06
496.92	9.62479e-06
496.94	9.58394e-06
496.96	9.54335e-06
496.98	9.50302e-06
497	9.46296e-06
497.02	9.42315e-06
497.04	9.3836e-06
497.06	9.34431e-06
497.08	9.30527e-06
497.1	9.26648e-06
497.12	9.22794e-06
497.14	9.18966e-06
497.16	9.15161e-06
497.18	9.11382e-06
497.2	9.07627e-06
497.22	9.03897e-06
497.24	9.0019e-06
497.26	8.96508e-06
497.28	8.9285e-06
497.3	8.89215e-06
497.32	8.85604e-06
497.34	8.82017e-06
497.36	8.78452e-06
497.38	8.74911e-06
497.4	8.71393e-06
497.42	8.67898e-06
497.44	8.64426e-06
497.46	8.60977e-06
497.48	8.57549e-06
497.5	8.54145e-06
497.52	8.50762e-06
497.54	8.47402e-06
497.56	8.44064e-06
497.58	8.40747e-06
497.6	8.37452e-06
497.62	8.34179e-06
497.64	8.30928e-06
497.66	8.27697e-06
497.68	8.24488e-06
497.7	8.213e-06
497.72	8.18133e-06
497.74	8.14987e-06
497.76	8.11862e-06
497.78	8.08757e-06
497.8	8.05673e-06
497.82	8.02609e-06
497.84	7.99565e-06
497.86	7.96542e-06
497.88	7.93538e-06
497.9	7.90555e-06
497.92	7.87591e-06
497.94	7.84647e-06
497.96	7.81723e-06
497.98	7.78818e-06
498	7.75932e-06
498.02	7.73066e-06
498.04	7.70219e-06
498.06	7.67391e-06
498.08	7.64582e-06
498.1	7.61792e-06
498.12	7.5902e-06
498.14	7.56267e-06
498.16	7.53533e-06
498.18	7.50817e-06
498.2	7.48119e-06
498.22	7.4544e-06
498.24	7.42778e-06
498.26	7.40135e-06
498.28	7.3751e-06
498.3	7.34902e-06
498.32	7.32312e-06
498.34	7.2974e-06
498.36	7.27185e-06
498.38	7.24648e-06
498.4	7.22128e-06
498.42	7.19626e-06
498.44	7.1714e-06
498.46	7.14672e-06
498.48	7.12221e-06
498.5	7.09786e-06
498.52	7.07369e-06
498.54	7.04968e-06
498.56	7.02584e-06
498.58	7.00216e-06
498.6	6.97865e-06
498.62	6.9553e-06
498.64	6.93211e-06
498.66	6.90909e-06
498.68	6.88623e-06
498.7	6.86353e-06
498.72	6.84099e-06
498.74	6.8186e-06
498.76	6.79638e-06
498.78	6.77431e-06
498.8	6.7524e-06
498.82	6.73065e-06
498.84	6.70905e-06
498.86	6.6876e-06
498.88	6.66631e-06
498.9	6.64517e-06
498.92	6.62418e-06
498.94	6.60335e-06
498.96	6.58266e-06
498.98	6.56213e-06
499	6.54174e-06
499.02	6.5215e-06
499.04	6.50142e-06
499.06	6.48147e-06
499.08	6.46168e-06
499.1	6.44203e-06
499.12	6.42252e-06
499.14	6.40316e-06
499.16	6.38394e-06
499.18	6.36487e-06
499.2	6.34594e-06
499.22	6.32715e-06
499.24	6.3085e-06
499.26	6.28999e-06
499.28	6.27163e-06
499.3	6.2534e-06
499.32	6.23531e-06
499.34	6.21736e-06
499.36	6.19955e-06
499.38	6.18187e-06
499.4	6.16433e-06
499.42	6.14693e-06
499.44	6.12966e-06
499.46	6.11253e-06
499.48	6.09553e-06
499.5	6.07867e-06
499.52	6.06194e-06
499.54	6.04534e-06
499.56	6.02887e-06
499.58	6.01254e-06
499.6	5.99634e-06
499.62	5.98026e-06
499.64	5.96432e-06
499.66	5.94851e-06
499.68	5.93283e-06
499.7	5.91727e-06
499.72	5.90185e-06
499.74	5.88655e-06
499.76	5.87138e-06
499.78	5.85634e-06
499.8	5.84143e-06
499.82	5.82664e-06
499.84	5.81197e-06
499.86	5.79744e-06
499.88	5.78303e-06
499.9	5.76874e-06
499.92	5.75457e-06
499.94	5.74054e-06
499.96	5.72662e-06
499.98	5.71283e-06
500	5.69916e-06
