label:AIS.O2_mslo
25000
0.02	5.61594e-07
0.04	5.55766e-07
0.06	5.49344e-07
0.08	5.42607e-07
0.1	5.35755e-07
0.12	5.28931e-07
0.14	5.22236e-07
0.16	5.15739e-07
0.18	5.09486e-07
0.2	5.03506e-07
0.22	4.97814e-07
0.24	4.92418e-07
0.26	4.87318e-07
0.28	4.82507e-07
0.3	4.77978e-07
0.32	4.7372e-07
0.34	4.69721e-07
0.36	4.65966e-07
0.38	4.62442e-07
0.4	4.59136e-07
0.42	4.56033e-07
0.44	4.5312e-07
0.46	4.50384e-07
0.48	4.47813e-07
0.5	4.45395e-07
0.52	4.43119e-07
0.54	4.40975e-07
0.56	4.38951e-07
0.58	4.37041e-07
0.6	4.35234e-07
0.62	4.33523e-07
0.64	4.319e-07
0.66	4.30359e-07
0.68	4.28892e-07
0.7	4.27496e-07
0.72	4.26162e-07
0.74	4.24888e-07
0.76	4.23668e-07
0.78	4.22498e-07
0.8	4.21373e-07
0.82	4.20291e-07
0.84	4.19248e-07
0.86	4.18241e-07
0.88	4.17267e-07
0.9	4.16323e-07
0.92	4.15408e-07
0.94	4.14518e-07
0.96	4.13653e-07
0.98	4.12809e-07
1	4.11986e-07
1.02	4.11181e-07
1.04	4.10394e-07
1.06	4.09623e-07
1.08	4.08867e-07
1.1	4.08124e-07
1.12	4.07395e-07
1.14	4.06677e-07
1.16	4.05969e-07
1.18	4.05272e-07
1.2	4.04585e-07
1.22	4.03906e-07
1.24	4.03235e-07
1.26	4.02572e-07
1.28	4.01916e-07
1.3	4.01266e-07
1.32	4.00622e-07
1.34	3.99985e-07
1.36	3.99352e-07
1.38	3.98725e-07
1.4	3.98102e-07
1.42	3.97484e-07
1.44	3.96869e-07
1.46	3.96259e-07
1.48	3.95652e-07
1.5	3.95049e-07
1.52	3.9445e-07
1.54	3.93853e-07
1.56	3.93259e-07
1.58	3.92668e-07
1.6	3.9208e-07
1.62	3.91495e-07
1.64	3.90911e-07
1.66	3.90331e-07
1.68	3.89752e-07
1.7	3.89175e-07
1.72	3.88601e-07
1.74	3.88029e-07
1.76	3.87458e-07
1.78	3.8689e-07
1.8	3.86323e-07
1.82	3.85758e-07
1.84	3.85195e-07
1.86	3.84633e-07
1.88	3.84073e-07
1.9	3.83515e-07
1.92	3.82958e-07
1.94	3.82402e-07
1.96	3.81848e-07
1.98	3.81296e-07
2	3.80745e-07
2.02	3.80195e-07
2.04	3.79647e-07
2.06	3.791e-07
2.08	3.78554e-07
2.1	3.7801e-07
2.12	3.77467e-07
2.14	3.76925e-07
2.16	3.76385e-07
2.18	3.75846e-07
2.2	3.75308e-07
2.22	3.74771e-07
2.24	3.74235e-07
2.26	3.73701e-07
2.28	3.73168e-07
2.3	3.72636e-07
2.32	3.72106e-07
2.34	3.71576e-07
2.36	3.71048e-07
2.38	3.70521e-07
2.4	3.69995e-07
2.42	3.6947e-07
2.44	3.68946e-07
2.46	3.68424e-07
2.48	3.67902e-07
2.5	3.67382e-07
2.52	3.66863e-07
2.54	3.66345e-07
2.56	3.65828e-07
2.58	3.65312e-07
2.6	3.64798e-07
2.62	3.64284e-07
2.64	3.63772e-07
2.66	3.63261e-07
2.68	3.62751e-07
2.7	3.62242e-07
2.72	3.61734e-07
2.74	3.61227e-07
2.76	3.60721e-07
2.78	3.60217e-07
2.8	3.59713e-07
2.82	3.59211e-07
2.84	3.58709e-07
2.86	3.58209e-07
2.88	3.5771e-07
2.9	3.57212e-07
2.92	3.56715e-07
2.94	3.56219e-07
2.96	3.55724e-07
2.98	3.55231e-07
3	3.54738e-07
3.02	3.54247e-07
3.04	3.53756e-07
3.06	3.53267e-07
3.08	3.52778e-07
3.1	3.52291e-07
3.12	3.51805e-07
3.14	3.5132e-07
3.16	3.50836e-07
3.18	3.50353e-07
3.2	3.49871e-07
3.22	3.4939e-07
3.24	3.48911e-07
3.26	3.48432e-07
3.28	3.47954e-07
3.3	3.47478e-07
3.32	3.47002e-07
3.34	3.46528e-07
3.36	3.46055e-07
3.38	3.45582e-07
3.4	3.45111e-07
3.42	3.44641e-07
3.44	3.44172e-07
3.46	3.43704e-07
3.48	3.43237e-07
3.5	3.42771e-07
3.52	3.42306e-07
3.54	3.41842e-07
3.56	3.41379e-07
3.58	3.40917e-07
3.6	3.40456e-07
3.62	3.39997e-07
3.64	3.39538e-07
3.66	3.3908e-07
3.68	3.38624e-07
3.7	3.38168e-07
3.72	3.37714e-07
3.74	3.3726e-07
3.76	3.36808e-07
3.78	3.36356e-07
3.8	3.35906e-07
3.82	3.35457e-07
3.84	3.35008e-07
3.86	3.34561e-07
3.88	3.34115e-07
3.9	3.3367e-07
3.92	3.33225e-07
3.94	3.32782e-07
3.96	3.3234e-07
3.98	3.31899e-07
4	3.31459e-07
4.02	3.3102e-07
4.04	3.30582e-07
4.06	3.30145e-07
4.08	3.29709e-07
4.1	3.29274e-07
4.12	3.28839e-07
4.14	3.28406e-07
4.16	3.27975e-07
4.18	3.27544e-07
4.2	3.27114e-07
4.22	3.26685e-07
4.24	3.26257e-07
4.26	3.2583e-07
4.28	3.25404e-07
4.3	3.24979e-07
4.32	3.24555e-07
4.34	3.24132e-07
4.36	3.2371e-07
4.38	3.23289e-07
4.4	3.22869e-07
4.42	3.2245e-07
4.44	3.22032e-07
4.46	3.21615e-07
4.48	3.21199e-07
4.5	3.20784e-07
4.52	3.2037e-07
4.54	3.19957e-07
4.56	3.19545e-07
4.58	3.19134e-07
4.6	3.18724e-07
4.62	3.18315e-07
4.64	3.17907e-07
4.66	3.175e-07
4.68	3.17094e-07
4.7	3.16689e-07
4.72	3.16285e-07
4.74	3.15882e-07
4.76	3.1548e-07
4.78	3.15078e-07
4.8	3.14678e-07
4.82	3.14279e-07
4.84	3.13881e-07
4.86	3.13483e-07
4.88	3.13087e-07
4.9	3.12692e-07
4.92	3.12297e-07
4.94	3.11904e-07
4.96	3.11511e-07
4.98	3.1112e-07
5	3.10729e-07
5.02	3.1034e-07
5.04	3.09951e-07
5.06	3.09564e-07
5.08	3.09177e-07
5.1	3.08791e-07
5.12	3.08406e-07
5.14	3.08023e-07
5.16	3.0764e-07
5.18	3.07258e-07
5.2	3.06877e-07
5.22	3.06497e-07
5.24	3.06118e-07
5.26	3.0574e-07
5.28	3.05363e-07
5.3	3.04986e-07
5.32	3.04611e-07
5.34	3.04237e-07
5.36	3.03864e-07
5.38	3.03491e-07
5.4	3.0312e-07
5.42	3.02749e-07
5.44	3.0238e-07
5.46	3.02011e-07
5.48	3.01643e-07
5.5	3.01277e-07
5.52	3.00911e-07
5.54	3.00546e-07
5.56	3.00182e-07
5.58	2.99819e-07
5.6	2.99457e-07
5.62	2.99096e-07
5.64	2.98735e-07
5.66	2.98376e-07
5.68	2.98018e-07
5.7	2.9766e-07
5.72	2.97304e-07
5.74	2.96948e-07
5.76	2.96594e-07
5.78	2.9624e-07
5.8	2.95887e-07
5.82	2.95535e-07
5.84	2.95184e-07
5.86	2.94834e-07
5.88	2.94485e-07
5.9	2.94137e-07
5.92	2.9379e-07
5.94	2.93444e-07
5.96	2.93098e-07
5.98	2.92754e-07
6	2.9241e-07
6.02	2.92067e-07
6.04	2.91726e-07
6.06	2.91385e-07
6.08	2.91045e-07
6.1	2.90706e-07
6.12	2.90368e-07
6.14	2.9003e-07
6.16	2.89694e-07
6.18	2.89359e-07
6.2	2.89024e-07
6.22	2.88691e-07
6.24	2.88358e-07
6.26	2.88026e-07
6.28	2.87695e-07
6.3	2.87366e-07
6.32	2.87036e-07
6.34	2.86708e-07
6.36	2.86381e-07
6.38	2.86055e-07
6.4	2.85729e-07
6.42	2.85405e-07
6.44	2.85081e-07
6.46	2.84758e-07
6.48	2.84437e-07
6.5	2.84116e-07
6.52	2.83795e-07
6.54	2.83476e-07
6.56	2.83158e-07
6.58	2.82841e-07
6.6	2.82524e-07
6.62	2.82209e-07
6.64	2.81894e-07
6.66	2.8158e-07
6.68	2.81267e-07
6.7	2.80955e-07
6.72	2.80644e-07
6.74	2.80334e-07
6.76	2.80024e-07
6.78	2.79716e-07
6.8	2.79408e-07
6.82	2.79101e-07
6.84	2.78796e-07
6.86	2.78491e-07
6.88	2.78187e-07
6.9	2.77883e-07
6.92	2.77581e-07
6.94	2.7728e-07
6.96	2.76979e-07
6.98	2.76679e-07
7	2.76381e-07
7.02	2.76083e-07
7.04	2.75786e-07
7.06	2.75489e-07
7.08	2.75194e-07
7.1	2.749e-07
7.12	2.74606e-07
7.14	2.74314e-07
7.16	2.74022e-07
7.18	2.73731e-07
7.2	2.73441e-07
7.22	2.73152e-07
7.24	2.72863e-07
7.26	2.72576e-07
7.28	2.72289e-07
7.3	2.72004e-07
7.32	2.71719e-07
7.34	2.71435e-07
7.36	2.71152e-07
7.38	2.7087e-07
7.4	2.70588e-07
7.42	2.70308e-07
7.44	2.70028e-07
7.46	2.69749e-07
7.48	2.69472e-07
7.5	2.69194e-07
7.52	2.68918e-07
7.54	2.68643e-07
7.56	2.68369e-07
7.58	2.68095e-07
7.6	2.67822e-07
7.62	2.67551e-07
7.64	2.6728e-07
7.66	2.67009e-07
7.68	2.6674e-07
7.7	2.66472e-07
7.72	2.66204e-07
7.74	2.65938e-07
7.76	2.65672e-07
7.78	2.65407e-07
7.8	2.65143e-07
7.82	2.6488e-07
7.84	2.64617e-07
7.86	2.64356e-07
7.88	2.64095e-07
7.9	2.63835e-07
7.92	2.63576e-07
7.94	2.63318e-07
7.96	2.63061e-07
7.98	2.62805e-07
8	2.62549e-07
8.02	2.62294e-07
8.04	2.62041e-07
8.06	2.61788e-07
8.08	2.61536e-07
8.1	2.61284e-07
8.12	2.61034e-07
8.14	2.60784e-07
8.16	2.60536e-07
8.18	2.60288e-07
8.2	2.60041e-07
8.22	2.59795e-07
8.24	2.59549e-07
8.26	2.59305e-07
8.28	2.59061e-07
8.3	2.58819e-07
8.32	2.58577e-07
8.34	2.58336e-07
8.36	2.58096e-07
8.38	2.57856e-07
8.4	2.57618e-07
8.42	2.5738e-07
8.44	2.57144e-07
8.46	2.56908e-07
8.48	2.56673e-07
8.5	2.56438e-07
8.52	2.56205e-07
8.54	2.55973e-07
8.56	2.55741e-07
8.58	2.5551e-07
8.6	2.5528e-07
8.62	2.55051e-07
8.64	2.54823e-07
8.66	2.54595e-07
8.68	2.54369e-07
8.7	2.54143e-07
8.72	2.53918e-07
8.74	2.53694e-07
8.76	2.53471e-07
8.78	2.53249e-07
8.8	2.53027e-07
8.82	2.52807e-07
8.84	2.52587e-07
8.86	2.52368e-07
8.88	2.5215e-07
8.9	2.51933e-07
8.92	2.51716e-07
8.94	2.51501e-07
8.96	2.51286e-07
8.98	2.51072e-07
9	2.50859e-07
9.02	2.50647e-07
9.04	2.50436e-07
9.06	2.50226e-07
9.08	2.50016e-07
9.1	2.49807e-07
9.12	2.49599e-07
9.14	2.49392e-07
9.16	2.49186e-07
9.18	2.48981e-07
9.2	2.48777e-07
9.22	2.48573e-07
9.24	2.4837e-07
9.26	2.48168e-07
9.28	2.47967e-07
9.3	2.47767e-07
9.32	2.47568e-07
9.34	2.47369e-07
9.36	2.47172e-07
9.38	2.46975e-07
9.4	2.46779e-07
9.42	2.46584e-07
9.44	2.46389e-07
9.46	2.46196e-07
9.48	2.46004e-07
9.5	2.45812e-07
9.52	2.45621e-07
9.54	2.45431e-07
9.56	2.45242e-07
9.58	2.45054e-07
9.6	2.44866e-07
9.62	2.4468e-07
9.64	2.44494e-07
9.66	2.44309e-07
9.68	2.44125e-07
9.7	2.43942e-07
9.72	2.4376e-07
9.74	2.43579e-07
9.76	2.43398e-07
9.78	2.43219e-07
9.8	2.4304e-07
9.82	2.42862e-07
9.84	2.42685e-07
9.86	2.42508e-07
9.88	2.42333e-07
9.9	2.42159e-07
9.92	2.41985e-07
9.94	2.41812e-07
9.96	2.4164e-07
9.98	2.41469e-07
10	2.41299e-07
10.02	2.4113e-07
10.04	2.40961e-07
10.06	2.40794e-07
10.08	2.40627e-07
10.1	2.40461e-07
10.12	2.40296e-07
10.14	2.40132e-07
10.16	2.39969e-07
10.18	2.39807e-07
10.2	2.39645e-07
10.22	2.39485e-07
10.24	2.39325e-07
10.26	2.39166e-07
10.28	2.39008e-07
10.3	2.38851e-07
10.32	2.38695e-07
10.34	2.38539e-07
10.36	2.38385e-07
10.38	2.38231e-07
10.4	2.38079e-07
10.42	2.37927e-07
10.44	2.37776e-07
10.46	2.37626e-07
10.48	2.37477e-07
10.5	2.37328e-07
10.52	2.37181e-07
10.54	2.37034e-07
10.56	2.36889e-07
10.58	2.36744e-07
10.6	2.366e-07
10.62	2.36457e-07
10.64	2.36315e-07
10.66	2.36174e-07
10.68	2.36034e-07
10.7	2.35894e-07
10.72	2.35756e-07
10.74	2.35618e-07
10.76	2.35481e-07
10.78	2.35345e-07
10.8	2.35211e-07
10.82	2.35076e-07
10.84	2.34943e-07
10.86	2.34811e-07
10.88	2.3468e-07
10.9	2.34549e-07
10.92	2.3442e-07
10.94	2.34291e-07
10.96	2.34164e-07
10.98	2.34037e-07
11	2.33911e-07
11.02	2.33786e-07
11.04	2.33662e-07
11.06	2.33539e-07
11.08	2.33417e-07
11.1	2.33295e-07
11.12	2.33175e-07
11.14	2.33055e-07
11.16	2.32937e-07
11.18	2.32819e-07
11.2	2.32703e-07
11.22	2.32587e-07
11.24	2.32472e-07
11.26	2.32358e-07
11.28	2.32245e-07
11.3	2.32133e-07
11.32	2.32022e-07
11.34	2.31912e-07
11.36	2.31802e-07
11.38	2.31694e-07
11.4	2.31587e-07
11.42	2.3148e-07
11.44	2.31375e-07
11.46	2.3127e-07
11.48	2.31166e-07
11.5	2.31064e-07
11.52	2.30962e-07
11.54	2.30861e-07
11.56	2.30761e-07
11.58	2.30663e-07
11.6	2.30565e-07
11.62	2.30468e-07
11.64	2.30372e-07
11.66	2.30277e-07
11.68	2.30183e-07
11.7	2.30089e-07
11.72	2.29997e-07
11.74	2.29906e-07
11.76	2.29816e-07
11.78	2.29727e-07
11.8	2.29638e-07
11.82	2.29551e-07
11.84	2.29465e-07
11.86	2.29379e-07
11.88	2.29295e-07
11.9	2.29212e-07
11.92	2.29129e-07
11.94	2.29048e-07
11.96	2.28967e-07
11.98	2.28888e-07
12	2.2881e-07
12.02	2.28732e-07
12.04	2.28656e-07
12.06	2.2858e-07
12.08	2.28506e-07
12.1	2.28432e-07
12.12	2.2836e-07
12.14	2.28289e-07
12.16	2.28218e-07
12.18	2.28149e-07
12.2	2.2808e-07
12.22	2.28013e-07
12.24	2.27947e-07
12.26	2.27881e-07
12.28	2.27817e-07
12.3	2.27754e-07
12.32	2.27692e-07
12.34	2.2763e-07
12.36	2.2757e-07
12.38	2.27511e-07
12.4	2.27453e-07
12.42	2.27396e-07
12.44	2.2734e-07
12.46	2.27285e-07
12.48	2.27231e-07
12.5	2.27178e-07
12.52	2.27127e-07
12.54	2.27076e-07
12.56	2.27026e-07
12.58	2.26978e-07
12.6	2.2693e-07
12.62	2.26884e-07
12.64	2.26838e-07
12.66	2.26794e-07
12.68	2.26751e-07
12.7	2.26709e-07
12.72	2.26668e-07
12.74	2.26628e-07
12.76	2.26589e-07
12.78	2.26551e-07
12.8	2.26515e-07
12.82	2.26479e-07
12.84	2.26445e-07
12.86	2.26411e-07
12.88	2.26379e-07
12.9	2.26348e-07
12.92	2.26318e-07
12.94	2.26289e-07
12.96	2.26261e-07
12.98	2.26235e-07
13	2.26209e-07
13.02	2.26185e-07
13.04	2.26162e-07
13.06	2.2614e-07
13.08	2.26119e-07
13.1	2.26099e-07
13.12	2.2608e-07
13.14	2.26063e-07
13.16	2.26047e-07
13.18	2.26032e-07
13.2	2.26018e-07
13.22	2.26005e-07
13.24	2.25993e-07
13.26	2.25983e-07
13.28	2.25974e-07
13.3	2.25966e-07
13.32	2.25959e-07
13.34	2.25953e-07
13.36	2.25949e-07
13.38	2.25945e-07
13.4	2.25943e-07
13.42	2.25943e-07
13.44	2.25943e-07
13.46	2.25945e-07
13.48	2.25947e-07
13.5	2.25952e-07
13.52	2.25957e-07
13.54	2.25963e-07
13.56	2.25971e-07
13.58	2.2598e-07
13.6	2.25991e-07
13.62	2.26002e-07
13.64	2.26015e-07
13.66	2.26029e-07
13.68	2.26045e-07
13.7	2.26061e-07
13.72	2.26079e-07
13.74	2.26098e-07
13.76	2.26119e-07
13.78	2.26141e-07
13.8	2.26164e-07
13.82	2.26188e-07
13.84	2.26214e-07
13.86	2.26241e-07
13.88	2.2627e-07
13.9	2.263e-07
13.92	2.26331e-07
13.94	2.26363e-07
13.96	2.26397e-07
13.98	2.26432e-07
14	2.26468e-07
14.02	2.26506e-07
14.04	2.26545e-07
14.06	2.26586e-07
14.08	2.26628e-07
14.1	2.26671e-07
14.12	2.26716e-07
14.14	2.26762e-07
14.16	2.2681e-07
14.18	2.26859e-07
14.2	2.26909e-07
14.22	2.26961e-07
14.24	2.27014e-07
14.26	2.27069e-07
14.28	2.27125e-07
14.3	2.27183e-07
14.32	2.27242e-07
14.34	2.27302e-07
14.36	2.27364e-07
14.38	2.27428e-07
14.4	2.27493e-07
14.42	2.27559e-07
14.44	2.27627e-07
14.46	2.27697e-07
14.48	2.27767e-07
14.5	2.2784e-07
14.52	2.27914e-07
14.54	2.27989e-07
14.56	2.28066e-07
14.58	2.28145e-07
14.6	2.28225e-07
14.62	2.28307e-07
14.64	2.2839e-07
14.66	2.28475e-07
14.68	2.28562e-07
14.7	2.2865e-07
14.72	2.28739e-07
14.74	2.28831e-07
14.76	2.28924e-07
14.78	2.29018e-07
14.8	2.29114e-07
14.82	2.29212e-07
14.84	2.29312e-07
14.86	2.29413e-07
14.88	2.29516e-07
14.9	2.2962e-07
14.92	2.29726e-07
14.94	2.29834e-07
14.96	2.29944e-07
14.98	2.30055e-07
15	2.30168e-07
15.02	2.30283e-07
15.04	2.30399e-07
15.06	2.30517e-07
15.08	2.30637e-07
15.1	2.30759e-07
15.12	2.30883e-07
15.14	2.31008e-07
15.16	2.31135e-07
15.18	2.31264e-07
15.2	2.31395e-07
15.22	2.31528e-07
15.24	2.31662e-07
15.26	2.31798e-07
15.28	2.31937e-07
15.3	2.32077e-07
15.32	2.32219e-07
15.34	2.32363e-07
15.36	2.32508e-07
15.38	2.32656e-07
15.4	2.32806e-07
15.42	2.32957e-07
15.44	2.33111e-07
15.46	2.33266e-07
15.48	2.33424e-07
15.5	2.33583e-07
15.52	2.33745e-07
15.54	2.33908e-07
15.56	2.34073e-07
15.58	2.34241e-07
15.6	2.34411e-07
15.62	2.34582e-07
15.64	2.34756e-07
15.66	2.34932e-07
15.68	2.3511e-07
15.7	2.3529e-07
15.72	2.35472e-07
15.74	2.35656e-07
15.76	2.35843e-07
15.78	2.36032e-07
15.8	2.36222e-07
15.82	2.36415e-07
15.84	2.36611e-07
15.86	2.36808e-07
15.88	2.37008e-07
15.9	2.3721e-07
15.92	2.37414e-07
15.94	2.37621e-07
15.96	2.3783e-07
15.98	2.38041e-07
16	2.38255e-07
16.02	2.38471e-07
16.04	2.38689e-07
16.06	2.3891e-07
16.08	2.39133e-07
16.1	2.39358e-07
16.12	2.39586e-07
16.14	2.39817e-07
16.16	2.40049e-07
16.18	2.40285e-07
16.2	2.40523e-07
16.22	2.40763e-07
16.24	2.41006e-07
16.26	2.41252e-07
16.28	2.415e-07
16.3	2.4175e-07
16.32	2.42004e-07
16.34	2.4226e-07
16.36	2.42518e-07
16.38	2.4278e-07
16.4	2.43044e-07
16.42	2.43311e-07
16.44	2.4358e-07
16.46	2.43852e-07
16.48	2.44127e-07
16.5	2.44405e-07
16.52	2.44686e-07
16.54	2.44969e-07
16.56	2.45256e-07
16.58	2.45545e-07
16.6	2.45837e-07
16.62	2.46133e-07
16.64	2.46431e-07
16.66	2.46732e-07
16.68	2.47036e-07
16.7	2.47343e-07
16.72	2.47653e-07
16.74	2.47967e-07
16.76	2.48283e-07
16.78	2.48603e-07
16.8	2.48926e-07
16.82	2.49252e-07
16.84	2.49581e-07
16.86	2.49913e-07
16.88	2.50249e-07
16.9	2.50588e-07
16.92	2.5093e-07
16.94	2.51276e-07
16.96	2.51625e-07
16.98	2.51977e-07
17	2.52333e-07
17.02	2.52693e-07
17.04	2.53056e-07
17.06	2.53422e-07
17.08	2.53792e-07
17.1	2.54166e-07
17.12	2.54543e-07
17.14	2.54924e-07
17.16	2.55309e-07
17.18	2.55697e-07
17.2	2.56089e-07
17.22	2.56485e-07
17.24	2.56885e-07
17.26	2.57289e-07
17.28	2.57697e-07
17.3	2.58108e-07
17.32	2.58524e-07
17.34	2.58943e-07
17.36	2.59367e-07
17.38	2.59795e-07
17.4	2.60227e-07
17.42	2.60663e-07
17.44	2.61103e-07
17.46	2.61548e-07
17.48	2.61997e-07
17.5	2.6245e-07
17.52	2.62908e-07
17.54	2.6337e-07
17.56	2.63836e-07
17.58	2.64308e-07
17.6	2.64783e-07
17.62	2.65264e-07
17.64	2.65749e-07
17.66	2.66239e-07
17.68	2.66733e-07
17.7	2.67233e-07
17.72	2.67737e-07
17.74	2.68246e-07
17.76	2.6876e-07
17.78	2.6928e-07
17.8	2.69804e-07
17.82	2.70334e-07
17.84	2.70868e-07
17.86	2.71408e-07
17.88	2.71954e-07
17.9	2.72504e-07
17.92	2.73061e-07
17.94	2.73622e-07
17.96	2.7419e-07
17.98	2.74762e-07
18	2.75341e-07
18.02	2.75926e-07
18.04	2.76516e-07
18.06	2.77112e-07
18.08	2.77714e-07
18.1	2.78322e-07
18.12	2.78937e-07
18.14	2.79557e-07
18.16	2.80184e-07
18.18	2.80818e-07
18.2	2.81457e-07
18.22	2.82104e-07
18.24	2.82756e-07
18.26	2.83416e-07
18.28	2.84082e-07
18.3	2.84755e-07
18.32	2.85436e-07
18.34	2.86123e-07
18.36	2.86817e-07
18.38	2.87519e-07
18.4	2.88228e-07
18.42	2.88944e-07
18.44	2.89668e-07
18.46	2.90399e-07
18.48	2.91139e-07
18.5	2.91886e-07
18.52	2.92641e-07
18.54	2.93404e-07
18.56	2.94176e-07
18.58	2.94956e-07
18.6	2.95744e-07
18.62	2.96541e-07
18.64	2.97346e-07
18.66	2.98161e-07
18.68	2.98984e-07
18.7	2.99816e-07
18.72	3.00658e-07
18.74	3.01509e-07
18.76	3.0237e-07
18.78	3.0324e-07
18.8	3.0412e-07
18.82	3.05011e-07
18.84	3.05911e-07
18.86	3.06822e-07
18.88	3.07743e-07
18.9	3.08675e-07
18.92	3.09618e-07
18.94	3.10572e-07
18.96	3.11537e-07
18.98	3.12514e-07
19	3.13502e-07
19.02	3.14503e-07
19.04	3.15515e-07
19.06	3.1654e-07
19.08	3.17577e-07
19.1	3.18627e-07
19.12	3.1969e-07
19.14	3.20767e-07
19.16	3.21857e-07
19.18	3.2296e-07
19.2	3.24078e-07
19.22	3.25211e-07
19.24	3.26358e-07
19.26	3.2752e-07
19.28	3.28698e-07
19.3	3.29891e-07
19.32	3.311e-07
19.34	3.32326e-07
19.36	3.33568e-07
19.38	3.34827e-07
19.4	3.36105e-07
19.42	3.374e-07
19.44	3.38713e-07
19.46	3.40045e-07
19.48	3.41397e-07
19.5	3.42769e-07
19.52	3.4416e-07
19.54	3.45573e-07
19.56	3.47007e-07
19.58	3.48464e-07
19.6	3.49943e-07
19.62	3.51445e-07
19.64	3.52971e-07
19.66	3.54522e-07
19.68	3.56099e-07
19.7	3.57702e-07
19.72	3.59332e-07
19.74	3.6099e-07
19.76	3.62676e-07
19.78	3.64393e-07
19.8	3.66141e-07
19.82	3.67922e-07
19.84	3.69735e-07
19.86	3.71583e-07
19.88	3.73468e-07
19.9	3.75389e-07
19.92	3.7735e-07
19.94	3.79352e-07
19.96	3.81397e-07
19.98	3.83486e-07
20	3.85622e-07
20.02	3.87807e-07
20.04	3.90045e-07
20.06	3.92337e-07
20.08	3.94687e-07
20.1	3.97098e-07
20.12	3.99575e-07
20.14	4.02121e-07
20.16	4.04742e-07
20.18	4.07443e-07
20.2	4.10231e-07
20.22	4.13112e-07
20.24	4.16096e-07
20.26	4.19191e-07
20.28	4.2241e-07
20.3	4.25767e-07
20.32	4.29279e-07
20.34	4.32966e-07
20.36	4.36856e-07
20.38	4.40981e-07
20.4	4.45387e-07
20.42	4.50136e-07
20.44	4.55315e-07
20.46	4.61054e-07
20.48	4.67563e-07
20.5	4.75209e-07
20.52	4.84718e-07
20.54	4.97784e-07
20.56	5.19197e-07
20.58	5.62969e-07
20.6	6.6638e-07
20.62	8.92324e-07
20.64	1.26669e-06
20.66	1.88136e-06
20.68	2.87826e-06
20.7	4.36016e-06
20.72	6.41553e-06
20.74	9.17392e-06
20.76	1.27304e-05
20.78	1.70311e-05
20.8	2.18429e-05
20.82	2.67998e-05
20.84	3.15376e-05
20.86	3.58213e-05
20.88	3.95505e-05
20.9	4.27044e-05
20.92	4.53003e-05
20.94	4.73778e-05
20.96	4.89983e-05
20.98	5.02389e-05
21	5.1179e-05
21.02	5.18909e-05
21.04	5.24343e-05
21.06	5.28564e-05
21.08	5.3193e-05
21.1	5.34706e-05
21.12	5.37086e-05
21.14	5.39205e-05
21.16	5.41156e-05
21.18	5.43005e-05
21.2	5.44793e-05
21.22	5.46548e-05
21.24	5.48284e-05
21.26	5.50009e-05
21.28	5.51726e-05
21.3	5.53434e-05
21.32	5.5513e-05
21.34	5.56811e-05
21.36	5.58473e-05
21.38	5.60114e-05
21.4	5.61731e-05
21.42	5.63322e-05
21.44	5.64887e-05
21.46	5.66424e-05
21.48	5.67935e-05
21.5	5.69421e-05
21.52	5.70883e-05
21.54	5.72323e-05
21.56	5.73743e-05
21.58	5.75145e-05
21.6	5.76533e-05
21.62	5.77908e-05
21.64	5.79273e-05
21.66	5.80631e-05
21.68	5.81984e-05
21.7	5.83333e-05
21.72	5.84682e-05
21.74	5.86031e-05
21.76	5.87383e-05
21.78	5.88738e-05
21.8	5.90098e-05
21.82	5.91463e-05
21.84	5.92834e-05
21.86	5.94211e-05
21.88	5.95594e-05
21.9	5.96984e-05
21.92	5.9838e-05
21.94	5.99781e-05
21.96	6.01187e-05
21.98	6.02597e-05
22	6.0401e-05
22.02	6.05424e-05
22.04	6.06839e-05
22.06	6.08254e-05
22.08	6.09666e-05
22.1	6.11075e-05
22.12	6.12478e-05
22.14	6.13875e-05
22.16	6.15263e-05
22.18	6.16641e-05
22.2	6.18007e-05
22.22	6.19359e-05
22.24	6.20697e-05
22.26	6.22017e-05
22.28	6.23319e-05
22.3	6.246e-05
22.32	6.2586e-05
22.34	6.27097e-05
22.36	6.28309e-05
22.38	6.29494e-05
22.4	6.30653e-05
22.42	6.31782e-05
22.44	6.32881e-05
22.46	6.33949e-05
22.48	6.34985e-05
22.5	6.35987e-05
22.52	6.36955e-05
22.54	6.37888e-05
22.56	6.38785e-05
22.58	6.39646e-05
22.6	6.40469e-05
22.62	6.41254e-05
22.64	6.42001e-05
22.66	6.4271e-05
22.68	6.43379e-05
22.7	6.44009e-05
22.72	6.446e-05
22.74	6.45151e-05
22.76	6.45663e-05
22.78	6.46135e-05
22.8	6.46567e-05
22.82	6.4696e-05
22.84	6.47314e-05
22.86	6.47628e-05
22.88	6.47904e-05
22.9	6.48142e-05
22.92	6.48342e-05
22.94	6.48504e-05
22.96	6.48629e-05
22.98	6.48718e-05
23	6.4877e-05
23.02	6.48788e-05
23.04	6.4877e-05
23.06	6.48718e-05
23.08	6.48632e-05
23.1	6.48514e-05
23.12	6.48363e-05
23.14	6.48181e-05
23.16	6.47968e-05
23.18	6.47725e-05
23.2	6.47452e-05
23.22	6.47151e-05
23.24	6.46822e-05
23.26	6.46467e-05
23.28	6.46084e-05
23.3	6.45677e-05
23.32	6.45244e-05
23.34	6.44788e-05
23.36	6.44308e-05
23.38	6.43806e-05
23.4	6.43282e-05
23.42	6.42737e-05
23.44	6.42172e-05
23.46	6.41588e-05
23.48	6.40984e-05
23.5	6.40362e-05
23.52	6.39724e-05
23.54	6.39068e-05
23.56	6.38396e-05
23.58	6.37709e-05
23.6	6.37007e-05
23.62	6.36291e-05
23.64	6.35562e-05
23.66	6.34819e-05
23.68	6.34064e-05
23.7	6.33298e-05
23.72	6.3252e-05
23.74	6.31732e-05
23.76	6.30934e-05
23.78	6.30126e-05
23.8	6.29309e-05
23.82	6.28484e-05
23.84	6.2765e-05
23.86	6.26809e-05
23.88	6.25961e-05
23.9	6.25106e-05
23.92	6.24245e-05
23.94	6.23377e-05
23.96	6.22505e-05
23.98	6.21627e-05
24	6.20744e-05
24.02	6.19857e-05
24.04	6.18966e-05
24.06	6.18071e-05
24.08	6.17173e-05
24.1	6.16272e-05
24.12	6.15368e-05
24.14	6.14461e-05
24.16	6.13553e-05
24.18	6.12642e-05
24.2	6.11729e-05
24.22	6.10815e-05
24.24	6.099e-05
24.26	6.08984e-05
24.28	6.08067e-05
24.3	6.0715e-05
24.32	6.06232e-05
24.34	6.05314e-05
24.36	6.04396e-05
24.38	6.03478e-05
24.4	6.02561e-05
24.42	6.01644e-05
24.44	6.00728e-05
24.46	5.99813e-05
24.48	5.98898e-05
24.5	5.97985e-05
24.52	5.97073e-05
24.54	5.96163e-05
24.56	5.95254e-05
24.58	5.94346e-05
24.6	5.93441e-05
24.62	5.92537e-05
24.64	5.91635e-05
24.66	5.90735e-05
24.68	5.89838e-05
24.7	5.88942e-05
24.72	5.88049e-05
24.74	5.87158e-05
24.76	5.8627e-05
24.78	5.85384e-05
24.8	5.84501e-05
24.82	5.83621e-05
24.84	5.82743e-05
24.86	5.81868e-05
24.88	5.80996e-05
24.9	5.80127e-05
24.92	5.79261e-05
24.94	5.78398e-05
24.96	5.77538e-05
24.98	5.76681e-05
25	5.75827e-05
25.02	5.74976e-05
25.04	5.74129e-05
25.06	5.73285e-05
25.08	5.72444e-05
25.1	5.71607e-05
25.12	5.70773e-05
25.14	5.69942e-05
25.16	5.69115e-05
25.18	5.68291e-05
25.2	5.67471e-05
25.22	5.66654e-05
25.24	5.65841e-05
25.26	5.65031e-05
25.28	5.64225e-05
25.3	5.63423e-05
25.32	5.62624e-05
25.34	5.61829e-05
25.36	5.61037e-05
25.38	5.6025e-05
25.4	5.59465e-05
25.42	5.58685e-05
25.44	5.57909e-05
25.46	5.57136e-05
25.48	5.56367e-05
25.5	5.55601e-05
25.52	5.5484e-05
25.54	5.54082e-05
25.56	5.53328e-05
25.58	5.52578e-05
25.6	5.51832e-05
25.62	5.5109e-05
25.64	5.50351e-05
25.66	5.49617e-05
25.68	5.48886e-05
25.7	5.48159e-05
25.72	5.47437e-05
25.74	5.46718e-05
25.76	5.46003e-05
25.78	5.45292e-05
25.8	5.44585e-05
25.82	5.43882e-05
25.84	5.43183e-05
25.86	5.42488e-05
25.88	5.41797e-05
25.9	5.41111e-05
25.92	5.40428e-05
25.94	5.39749e-05
25.96	5.39075e-05
25.98	5.38404e-05
26	5.37738e-05
26.02	5.37075e-05
26.04	5.36417e-05
26.06	5.35763e-05
26.08	5.35114e-05
26.1	5.34468e-05
26.12	5.33827e-05
26.14	5.3319e-05
26.16	5.32557e-05
26.18	5.31928e-05
26.2	5.31304e-05
26.22	5.30684e-05
26.24	5.30068e-05
26.26	5.29457e-05
26.28	5.2885e-05
26.3	5.28248e-05
26.32	5.2765e-05
26.34	5.27056e-05
26.36	5.26467e-05
26.38	5.25882e-05
26.4	5.25302e-05
26.42	5.24727e-05
26.44	5.24156e-05
26.46	5.2359e-05
26.48	5.23028e-05
26.5	5.22471e-05
26.52	5.21919e-05
26.54	5.21371e-05
26.56	5.20829e-05
26.58	5.20291e-05
26.6	5.19758e-05
26.62	5.1923e-05
26.64	5.18707e-05
26.66	5.18189e-05
26.68	5.17676e-05
26.7	5.17168e-05
26.72	5.16665e-05
26.74	5.16168e-05
26.76	5.15676e-05
26.78	5.15189e-05
26.8	5.14707e-05
26.82	5.14231e-05
26.84	5.13761e-05
26.86	5.13295e-05
26.88	5.12836e-05
26.9	5.12382e-05
26.92	5.11934e-05
26.94	5.11492e-05
26.96	5.11056e-05
26.98	5.10626e-05
27	5.10202e-05
27.02	5.09784e-05
27.04	5.09373e-05
27.06	5.08967e-05
27.08	5.08569e-05
27.1	5.08177e-05
27.12	5.07791e-05
27.14	5.07413e-05
27.16	5.07041e-05
27.18	5.06676e-05
27.2	5.06319e-05
27.22	5.05969e-05
27.24	5.05626e-05
27.26	5.05291e-05
27.28	5.04964e-05
27.3	5.04645e-05
27.32	5.04333e-05
27.34	5.04031e-05
27.36	5.03736e-05
27.38	5.03451e-05
27.4	5.03174e-05
27.42	5.02907e-05
27.44	5.02649e-05
27.46	5.024e-05
27.48	5.02162e-05
27.5	5.01933e-05
27.52	5.01715e-05
27.54	5.01508e-05
27.56	5.01313e-05
27.58	5.01128e-05
27.6	5.00956e-05
27.62	5.00796e-05
27.64	5.00649e-05
27.66	5.00515e-05
27.68	5.00394e-05
27.7	5.00288e-05
27.72	5.00197e-05
27.74	5.00122e-05
27.76	5.00062e-05
27.78	5.0002e-05
27.8	4.99995e-05
27.82	4.99989e-05
27.84	5.00003e-05
27.86	5.00037e-05
27.88	5.00093e-05
27.9	5.00172e-05
27.92	5.00275e-05
27.94	5.00405e-05
27.96	5.00562e-05
27.98	5.00749e-05
28	5.00968e-05
28.02	5.01221e-05
28.04	5.01511e-05
28.06	5.01841e-05
28.08	5.02216e-05
28.1	5.02639e-05
28.12	5.03115e-05
28.14	5.03651e-05
28.16	5.04252e-05
28.18	5.04928e-05
28.2	5.05689e-05
28.22	5.06548e-05
28.24	5.0752e-05
28.26	5.08626e-05
28.28	5.09892e-05
28.3	5.11354e-05
28.32	5.13063e-05
28.34	5.15088e-05
28.36	5.17539e-05
28.38	5.20588e-05
28.4	5.24538e-05
28.42	5.2997e-05
28.44	5.38164e-05
28.46	5.52295e-05
28.48	5.79624e-05
28.5	6.29157e-05
28.52	7.00315e-05
28.54	7.82479e-05
28.56	8.71206e-05
28.58	9.69258e-05
28.6	0.000107729
28.62	0.000119082
28.64	0.000130547
28.66	0.000141864
28.68	0.000152745
28.7	0.000162784
28.72	0.00017153
28.74	0.00017861
28.76	0.000183863
28.78	0.000187349
28.8	0.000189253
28.82	0.000189794
28.84	0.000189187
28.86	0.000187649
28.88	0.000185413
28.9	0.00018271
28.92	0.000179743
28.94	0.000176675
28.96	0.000173624
28.98	0.000170674
29	0.000167877
29.02	0.000165262
29.04	0.000162843
29.06	0.000160622
29.08	0.000158597
29.1	0.000156757
29.12	0.000155091
29.14	0.000153587
29.16	0.000152231
29.18	0.000151009
29.2	0.000149908
29.22	0.000148917
29.24	0.000148025
29.26	0.000147221
29.28	0.000146496
29.3	0.000145843
29.32	0.000145253
29.34	0.000144721
29.36	0.000144241
29.38	0.000143809
29.4	0.000143419
29.42	0.000143069
29.44	0.000142754
29.46	0.000142472
29.48	0.000142221
29.5	0.000141998
29.52	0.000141802
29.54	0.00014163
29.56	0.000141481
29.58	0.000141353
29.6	0.000141246
29.62	0.000141158
29.64	0.000141087
29.66	0.000141034
29.68	0.000140997
29.7	0.000140974
29.72	0.000140966
29.74	0.000140971
29.76	0.000140988
29.78	0.000141017
29.8	0.000141056
29.82	0.000141106
29.84	0.000141165
29.86	0.000141233
29.88	0.000141308
29.9	0.000141391
29.92	0.00014148
29.94	0.000141575
29.96	0.000141675
29.98	0.000141779
30	0.000141887
30.02	0.000141997
30.04	0.000142111
30.06	0.000142226
30.08	0.000142343
30.1	0.00014246
30.12	0.000142577
30.14	0.000142694
30.16	0.00014281
30.18	0.000142925
30.2	0.000143037
30.22	0.000143148
30.24	0.000143255
30.26	0.000143359
30.28	0.00014346
30.3	0.000143557
30.32	0.000143649
30.34	0.000143737
30.36	0.00014382
30.38	0.000143897
30.4	0.000143969
30.42	0.000144036
30.44	0.000144096
30.46	0.00014415
30.48	0.000144198
30.5	0.00014424
30.52	0.000144275
30.54	0.000144303
30.56	0.000144324
30.58	0.000144339
30.6	0.000144346
30.62	0.000144346
30.64	0.00014434
30.66	0.000144326
30.68	0.000144305
30.7	0.000144277
30.72	0.000144242
30.74	0.0001442
30.76	0.000144151
30.78	0.000144095
30.8	0.000144033
30.82	0.000143963
30.84	0.000143887
30.86	0.000143804
30.88	0.000143714
30.9	0.000143618
30.92	0.000143516
30.94	0.000143408
30.96	0.000143293
30.98	0.000143173
31	0.000143047
31.02	0.000142915
31.04	0.000142777
31.06	0.000142634
31.08	0.000142486
31.1	0.000142332
31.12	0.000142174
31.14	0.000142011
31.16	0.000141842
31.18	0.00014167
31.2	0.000141493
31.22	0.000141311
31.24	0.000141125
31.26	0.000140936
31.28	0.000140742
31.3	0.000140545
31.32	0.000140344
31.34	0.000140139
31.36	0.000139931
31.38	0.00013972
31.4	0.000139506
31.42	0.000139288
31.44	0.000139068
31.46	0.000138845
31.48	0.000138619
31.5	0.000138391
31.52	0.00013816
31.54	0.000137928
31.56	0.000137692
31.58	0.000137455
31.6	0.000137216
31.62	0.000136975
31.64	0.000136732
31.66	0.000136487
31.68	0.000136241
31.7	0.000135993
31.72	0.000135743
31.74	0.000135493
31.76	0.000135241
31.78	0.000134987
31.8	0.000134733
31.82	0.000134477
31.84	0.000134221
31.86	0.000133964
31.88	0.000133705
31.9	0.000133446
31.92	0.000133186
31.94	0.000132926
31.96	0.000132665
31.98	0.000132403
32	0.000132141
32.02	0.000131878
32.04	0.000131615
32.06	0.000131352
32.08	0.000131088
32.1	0.000130824
32.12	0.00013056
32.14	0.000130295
32.16	0.000130031
32.18	0.000129766
32.2	0.000129501
32.22	0.000129236
32.24	0.000128972
32.26	0.000128707
32.28	0.000128442
32.3	0.000128177
32.32	0.000127913
32.34	0.000127648
32.36	0.000127384
32.38	0.00012712
32.4	0.000126856
32.42	0.000126593
32.44	0.00012633
32.46	0.000126067
32.48	0.000125804
32.5	0.000125541
32.52	0.000125279
32.54	0.000125018
32.56	0.000124757
32.58	0.000124496
32.6	0.000124235
32.62	0.000123975
32.64	0.000123716
32.66	0.000123457
32.68	0.000123198
32.7	0.00012294
32.72	0.000122682
32.74	0.000122425
32.76	0.000122168
32.78	0.000121912
32.8	0.000121657
32.82	0.000121401
32.84	0.000121147
32.86	0.000120893
32.88	0.00012064
32.9	0.000120387
32.92	0.000120135
32.94	0.000119883
32.96	0.000119632
32.98	0.000119381
33	0.000119132
33.02	0.000118882
33.04	0.000118634
33.06	0.000118386
33.08	0.000118138
33.1	0.000117891
33.12	0.000117645
33.14	0.0001174
33.16	0.000117155
33.18	0.00011691
33.2	0.000116667
33.22	0.000116424
33.24	0.000116181
33.26	0.00011594
33.28	0.000115699
33.3	0.000115458
33.32	0.000115218
33.34	0.000114979
33.36	0.000114741
33.38	0.000114503
33.4	0.000114265
33.42	0.000114029
33.44	0.000113793
33.46	0.000113558
33.48	0.000113323
33.5	0.000113089
33.52	0.000112856
33.54	0.000112623
33.56	0.000112391
33.58	0.000112159
33.6	0.000111929
33.62	0.000111698
33.64	0.000111469
33.66	0.00011124
33.68	0.000111012
33.7	0.000110784
33.72	0.000110557
33.74	0.000110331
33.76	0.000110105
33.78	0.00010988
33.8	0.000109655
33.82	0.000109432
33.84	0.000109208
33.86	0.000108986
33.88	0.000108764
33.9	0.000108542
33.92	0.000108322
33.94	0.000108102
33.96	0.000107882
33.98	0.000107663
34	0.000107445
34.02	0.000107227
34.04	0.00010701
34.06	0.000106794
34.08	0.000106578
34.1	0.000106362
34.12	0.000106148
34.14	0.000105934
34.16	0.00010572
34.18	0.000105507
34.2	0.000105295
34.22	0.000105083
34.24	0.000104872
34.26	0.000104662
34.28	0.000104452
34.3	0.000104242
34.32	0.000104033
34.34	0.000103825
34.36	0.000103617
34.38	0.00010341
34.4	0.000103204
34.42	0.000102998
34.44	0.000102792
34.46	0.000102587
34.48	0.000102383
34.5	0.000102179
34.52	0.000101976
34.54	0.000101773
34.56	0.000101571
34.58	0.00010137
34.6	0.000101169
34.62	0.000100968
34.64	0.000100768
34.66	0.000100569
34.68	0.00010037
34.7	0.000100172
34.72	9.99739e-05
34.74	9.97766e-05
34.76	9.95798e-05
34.78	9.93836e-05
34.8	9.91879e-05
34.82	9.89927e-05
34.84	9.8798e-05
34.86	9.86039e-05
34.88	9.84102e-05
34.9	9.82171e-05
34.92	9.80245e-05
34.94	9.78324e-05
34.96	9.76408e-05
34.98	9.74497e-05
35	9.72591e-05
35.02	9.7069e-05
35.04	9.68794e-05
35.06	9.66903e-05
35.08	9.65017e-05
35.1	9.63136e-05
35.12	9.6126e-05
35.14	9.59388e-05
35.16	9.57522e-05
35.18	9.5566e-05
35.2	9.53803e-05
35.22	9.51951e-05
35.24	9.50104e-05
35.26	9.48262e-05
35.28	9.46424e-05
35.3	9.44591e-05
35.32	9.42763e-05
35.34	9.40939e-05
35.36	9.39121e-05
35.38	9.37306e-05
35.4	9.35497e-05
35.42	9.33692e-05
35.44	9.31892e-05
35.46	9.30096e-05
35.48	9.28305e-05
35.5	9.26519e-05
35.52	9.24737e-05
35.54	9.22959e-05
35.56	9.21187e-05
35.58	9.19418e-05
35.6	9.17654e-05
35.62	9.15895e-05
35.64	9.1414e-05
35.66	9.12389e-05
35.68	9.10643e-05
35.7	9.08902e-05
35.72	9.07165e-05
35.74	9.05432e-05
35.76	9.03703e-05
35.78	9.01979e-05
35.8	9.00259e-05
35.82	8.98544e-05
35.84	8.96833e-05
35.86	8.95126e-05
35.88	8.93423e-05
35.9	8.91725e-05
35.92	8.90031e-05
35.94	8.88341e-05
35.96	8.86655e-05
35.98	8.84974e-05
36	8.83297e-05
36.02	8.81624e-05
36.04	8.79955e-05
36.06	8.7829e-05
36.08	8.7663e-05
36.1	8.74973e-05
36.12	8.73321e-05
36.14	8.71673e-05
36.16	8.70029e-05
36.18	8.68389e-05
36.2	8.66753e-05
36.22	8.65121e-05
36.24	8.63493e-05
36.26	8.61869e-05
36.28	8.6025e-05
36.3	8.58634e-05
36.32	8.57022e-05
36.34	8.55414e-05
36.36	8.53811e-05
36.38	8.52211e-05
36.4	8.50615e-05
36.42	8.49023e-05
36.44	8.47435e-05
36.46	8.45851e-05
36.48	8.44271e-05
36.5	8.42694e-05
36.52	8.41122e-05
36.54	8.39553e-05
36.56	8.37989e-05
36.58	8.36428e-05
36.6	8.34871e-05
36.62	8.33318e-05
36.64	8.31768e-05
36.66	8.30223e-05
36.68	8.28681e-05
36.7	8.27143e-05
36.72	8.25609e-05
36.74	8.24079e-05
36.76	8.22552e-05
36.78	8.21029e-05
36.8	8.1951e-05
36.82	8.17995e-05
36.84	8.16483e-05
36.86	8.14975e-05
36.88	8.13471e-05
36.9	8.1197e-05
36.92	8.10473e-05
36.94	8.0898e-05
36.96	8.0749e-05
36.98	8.06004e-05
37	8.04522e-05
37.02	8.03044e-05
37.04	8.01569e-05
37.06	8.00097e-05
37.08	7.98629e-05
37.1	7.97165e-05
37.12	7.95704e-05
37.14	7.94247e-05
37.16	7.92794e-05
37.18	7.91344e-05
37.2	7.89898e-05
37.22	7.88455e-05
37.24	7.87016e-05
37.26	7.8558e-05
37.28	7.84147e-05
37.3	7.82719e-05
37.32	7.81293e-05
37.34	7.79872e-05
37.36	7.78454e-05
37.38	7.77039e-05
37.4	7.75627e-05
37.42	7.7422e-05
37.44	7.72815e-05
37.46	7.71414e-05
37.48	7.70017e-05
37.5	7.68623e-05
37.52	7.67232e-05
37.54	7.65845e-05
37.56	7.64461e-05
37.58	7.6308e-05
37.6	7.61703e-05
37.62	7.6033e-05
37.64	7.58959e-05
37.66	7.57592e-05
37.68	7.56229e-05
37.7	7.54869e-05
37.72	7.53512e-05
37.74	7.52158e-05
37.76	7.50808e-05
37.78	7.49461e-05
37.8	7.48117e-05
37.82	7.46777e-05
37.84	7.4544e-05
37.86	7.44107e-05
37.88	7.42776e-05
37.9	7.41449e-05
37.92	7.40125e-05
37.94	7.38805e-05
37.96	7.37487e-05
37.98	7.36173e-05
38	7.34863e-05
38.02	7.33555e-05
38.04	7.32251e-05
38.06	7.3095e-05
38.08	7.29652e-05
38.1	7.28357e-05
38.12	7.27066e-05
38.14	7.25777e-05
38.16	7.24492e-05
38.18	7.2321e-05
38.2	7.21932e-05
38.22	7.20656e-05
38.24	7.19384e-05
38.26	7.18115e-05
38.28	7.16849e-05
38.3	7.15586e-05
38.32	7.14326e-05
38.34	7.1307e-05
38.36	7.11816e-05
38.38	7.10566e-05
38.4	7.09319e-05
38.42	7.08075e-05
38.44	7.06834e-05
38.46	7.05596e-05
38.48	7.04361e-05
38.5	7.03129e-05
38.52	7.01901e-05
38.54	7.00675e-05
38.56	6.99453e-05
38.58	6.98234e-05
38.6	6.97017e-05
38.62	6.95804e-05
38.64	6.94594e-05
38.66	6.93387e-05
38.68	6.92183e-05
38.7	6.90982e-05
38.72	6.89784e-05
38.74	6.88589e-05
38.76	6.87397e-05
38.78	6.86208e-05
38.8	6.85022e-05
38.82	6.83839e-05
38.84	6.82659e-05
38.86	6.81482e-05
38.88	6.80308e-05
38.9	6.79137e-05
38.92	6.77969e-05
38.94	6.76804e-05
38.96	6.75642e-05
38.98	6.74483e-05
39	6.73327e-05
39.02	6.72174e-05
39.04	6.71023e-05
39.06	6.69876e-05
39.08	6.68732e-05
39.1	6.6759e-05
39.12	6.66452e-05
39.14	6.65316e-05
39.16	6.64184e-05
39.18	6.63054e-05
39.2	6.61927e-05
39.22	6.60803e-05
39.24	6.59683e-05
39.26	6.58564e-05
39.28	6.57449e-05
39.3	6.56337e-05
39.32	6.55228e-05
39.34	6.54121e-05
39.36	6.53018e-05
39.38	6.51917e-05
39.4	6.50819e-05
39.42	6.49724e-05
39.44	6.48632e-05
39.46	6.47543e-05
39.48	6.46456e-05
39.5	6.45373e-05
39.52	6.44292e-05
39.54	6.43214e-05
39.56	6.42139e-05
39.58	6.41067e-05
39.6	6.39997e-05
39.62	6.38931e-05
39.64	6.37867e-05
39.66	6.36806e-05
39.68	6.35748e-05
39.7	6.34693e-05
39.72	6.3364e-05
39.74	6.32591e-05
39.76	6.31544e-05
39.78	6.305e-05
39.8	6.29458e-05
39.82	6.2842e-05
39.84	6.27384e-05
39.86	6.26351e-05
39.88	6.25321e-05
39.9	6.24294e-05
39.92	6.23269e-05
39.94	6.22247e-05
39.96	6.21228e-05
39.98	6.20212e-05
40	6.19198e-05
40.02	6.18188e-05
40.04	6.1718e-05
40.06	6.16174e-05
40.08	6.15172e-05
40.1	6.14172e-05
40.12	6.13175e-05
40.14	6.12181e-05
40.16	6.11189e-05
40.18	6.102e-05
40.2	6.09214e-05
40.22	6.08231e-05
40.24	6.0725e-05
40.26	6.06272e-05
40.28	6.05297e-05
40.3	6.04325e-05
40.32	6.03355e-05
40.34	6.02388e-05
40.36	6.01424e-05
40.38	6.00462e-05
40.4	5.99503e-05
40.42	5.98547e-05
40.44	5.97594e-05
40.46	5.96643e-05
40.48	5.95695e-05
40.5	5.94749e-05
40.52	5.93807e-05
40.54	5.92867e-05
40.56	5.91929e-05
40.58	5.90995e-05
40.6	5.90063e-05
40.62	5.89133e-05
40.64	5.88207e-05
40.66	5.87283e-05
40.68	5.86362e-05
40.7	5.85443e-05
40.72	5.84527e-05
40.74	5.83614e-05
40.76	5.82704e-05
40.78	5.81796e-05
40.8	5.80891e-05
40.82	5.79988e-05
40.84	5.79088e-05
40.86	5.78191e-05
40.88	5.77297e-05
40.9	5.76405e-05
40.92	5.75516e-05
40.94	5.74629e-05
40.96	5.73745e-05
40.98	5.72864e-05
41	5.71986e-05
41.02	5.7111e-05
41.04	5.70237e-05
41.06	5.69366e-05
41.08	5.68498e-05
41.1	5.67633e-05
41.12	5.6677e-05
41.14	5.6591e-05
41.16	5.65053e-05
41.18	5.64198e-05
41.2	5.63347e-05
41.22	5.62497e-05
41.24	5.61651e-05
41.26	5.60807e-05
41.28	5.59965e-05
41.3	5.59127e-05
41.32	5.58291e-05
41.34	5.57457e-05
41.36	5.56626e-05
41.38	5.55798e-05
41.4	5.54973e-05
41.42	5.5415e-05
41.44	5.5333e-05
41.46	5.52513e-05
41.48	5.51698e-05
41.5	5.50886e-05
41.52	5.50076e-05
41.54	5.4927e-05
41.56	5.48465e-05
41.58	5.47664e-05
41.6	5.46865e-05
41.62	5.46069e-05
41.64	5.45276e-05
41.66	5.44485e-05
41.68	5.43697e-05
41.7	5.42911e-05
41.72	5.42129e-05
41.74	5.41348e-05
41.76	5.40571e-05
41.78	5.39796e-05
41.8	5.39024e-05
41.82	5.38255e-05
41.84	5.37488e-05
41.86	5.36724e-05
41.88	5.35963e-05
41.9	5.35204e-05
41.92	5.34448e-05
41.94	5.33695e-05
41.96	5.32945e-05
41.98	5.32197e-05
42	5.31452e-05
42.02	5.3071e-05
42.04	5.2997e-05
42.06	5.29233e-05
42.08	5.28499e-05
42.1	5.27767e-05
42.12	5.27039e-05
42.14	5.26313e-05
42.16	5.25589e-05
42.18	5.24869e-05
42.2	5.24151e-05
42.22	5.23436e-05
42.24	5.22724e-05
42.26	5.22015e-05
42.28	5.21308e-05
42.3	5.20604e-05
42.32	5.19903e-05
42.34	5.19204e-05
42.36	5.18509e-05
42.38	5.17816e-05
42.4	5.17126e-05
42.42	5.16439e-05
42.44	5.15755e-05
42.46	5.15073e-05
42.48	5.14395e-05
42.5	5.13719e-05
42.52	5.13046e-05
42.54	5.12376e-05
42.56	5.11709e-05
42.58	5.11044e-05
42.6	5.10383e-05
42.62	5.09724e-05
42.64	5.09068e-05
42.66	5.08416e-05
42.68	5.07766e-05
42.7	5.07119e-05
42.72	5.06475e-05
42.74	5.05834e-05
42.76	5.05196e-05
42.78	5.0456e-05
42.8	5.03928e-05
42.82	5.03299e-05
42.84	5.02673e-05
42.86	5.0205e-05
42.88	5.01429e-05
42.9	5.00812e-05
42.92	5.00198e-05
42.94	4.99587e-05
42.96	4.98979e-05
42.98	4.98374e-05
43	4.97773e-05
43.02	4.97174e-05
43.04	4.96578e-05
43.06	4.95986e-05
43.08	4.95397e-05
43.1	4.94811e-05
43.12	4.94228e-05
43.14	4.93648e-05
43.16	4.93072e-05
43.18	4.92499e-05
43.2	4.91929e-05
43.22	4.91362e-05
43.24	4.90799e-05
43.26	4.90239e-05
43.28	4.89682e-05
43.3	4.89129e-05
43.32	4.88579e-05
43.34	4.88032e-05
43.36	4.87489e-05
43.38	4.86949e-05
43.4	4.86413e-05
43.42	4.8588e-05
43.44	4.85351e-05
43.46	4.84826e-05
43.48	4.84304e-05
43.5	4.83785e-05
43.52	4.8327e-05
43.54	4.82759e-05
43.56	4.82252e-05
43.58	4.81748e-05
43.6	4.81248e-05
43.62	4.80752e-05
43.64	4.80259e-05
43.66	4.79771e-05
43.68	4.79286e-05
43.7	4.78806e-05
43.72	4.78329e-05
43.74	4.77856e-05
43.76	4.77387e-05
43.78	4.76923e-05
43.8	4.76462e-05
43.82	4.76006e-05
43.84	4.75554e-05
43.86	4.75106e-05
43.88	4.74663e-05
43.9	4.74224e-05
43.92	4.73789e-05
43.94	4.73359e-05
43.96	4.72933e-05
43.98	4.72512e-05
44	4.72096e-05
44.02	4.71684e-05
44.04	4.71277e-05
44.06	4.70875e-05
44.08	4.70478e-05
44.1	4.70086e-05
44.12	4.69699e-05
44.14	4.69317e-05
44.16	4.6894e-05
44.18	4.68569e-05
44.2	4.68203e-05
44.22	4.67843e-05
44.24	4.67488e-05
44.26	4.67139e-05
44.28	4.66795e-05
44.3	4.66458e-05
44.32	4.66126e-05
44.34	4.65801e-05
44.36	4.65482e-05
44.38	4.6517e-05
44.4	4.64863e-05
44.42	4.64564e-05
44.44	4.64272e-05
44.46	4.63986e-05
44.48	4.63708e-05
44.5	4.63437e-05
44.52	4.63173e-05
44.54	4.62917e-05
44.56	4.62669e-05
44.58	4.62429e-05
44.6	4.62198e-05
44.62	4.61975e-05
44.64	4.61761e-05
44.66	4.61556e-05
44.68	4.61361e-05
44.7	4.61175e-05
44.72	4.60999e-05
44.74	4.60834e-05
44.76	4.60679e-05
44.78	4.60536e-05
44.8	4.60404e-05
44.82	4.60284e-05
44.84	4.60177e-05
44.86	4.60082e-05
44.88	4.60002e-05
44.9	4.59935e-05
44.92	4.59884e-05
44.94	4.59848e-05
44.96	4.59829e-05
44.98	4.59826e-05
45	4.59843e-05
45.02	4.59878e-05
45.04	4.59934e-05
45.06	4.60011e-05
45.08	4.60112e-05
45.1	4.60238e-05
45.12	4.60389e-05
45.14	4.6057e-05
45.16	4.60781e-05
45.18	4.61025e-05
45.2	4.61305e-05
45.22	4.61625e-05
45.24	4.61989e-05
45.26	4.624e-05
45.28	4.62864e-05
45.3	4.63388e-05
45.32	4.6398e-05
45.34	4.64647e-05
45.36	4.65403e-05
45.38	4.66261e-05
45.4	4.67239e-05
45.42	4.68361e-05
45.44	4.69659e-05
45.46	4.71175e-05
45.48	4.72971e-05
45.5	4.7514e-05
45.52	4.77824e-05
45.54	4.81267e-05
45.56	4.85922e-05
45.58	4.92726e-05
45.6	5.03875e-05
45.62	5.2438e-05
45.64	5.61455e-05
45.66	6.17046e-05
45.68	6.8458e-05
45.7	7.59067e-05
45.72	8.41649e-05
45.74	9.33631e-05
45.76	0.000103238
45.78	0.000113415
45.8	0.000123636
45.82	0.000133646
45.84	0.000143095
45.86	0.000151571
45.88	0.000158692
45.9	0.000164232
45.92	0.000168167
45.94	0.000170617
45.96	0.000171762
45.98	0.00017179
46	0.000170895
46.02	0.000169282
46.04	0.00016716
46.06	0.000164722
46.08	0.000162123
46.1	0.000159485
46.12	0.000156894
46.14	0.000154406
46.16	0.000152058
46.18	0.000149868
46.2	0.000147845
46.22	0.00014599
46.24	0.000144297
46.26	0.00014276
46.28	0.000141367
46.3	0.000140109
46.32	0.000138975
46.34	0.000137953
46.36	0.000137033
46.38	0.000136205
46.4	0.000135461
46.42	0.000134791
46.44	0.00013419
46.46	0.000133649
46.48	0.000133163
46.5	0.000132727
46.52	0.000132336
46.54	0.000131987
46.56	0.000131675
46.58	0.000131397
46.6	0.000131151
46.62	0.000130935
46.64	0.000130745
46.66	0.000130581
46.68	0.000130439
46.7	0.00013032
46.72	0.000130221
46.74	0.000130141
46.76	0.00013008
46.78	0.000130035
46.8	0.000130006
46.82	0.000129992
46.84	0.000129992
46.86	0.000130005
46.88	0.000130031
46.9	0.000130068
46.92	0.000130117
46.94	0.000130175
46.96	0.000130242
46.98	0.000130318
47	0.000130403
47.02	0.000130494
47.04	0.000130592
47.06	0.000130696
47.08	0.000130805
47.1	0.000130918
47.12	0.000131036
47.14	0.000131157
47.16	0.000131281
47.18	0.000131407
47.2	0.000131535
47.22	0.000131663
47.24	0.000131793
47.26	0.000131922
47.28	0.000132051
47.3	0.000132179
47.32	0.000132305
47.34	0.00013243
47.36	0.000132552
47.38	0.000132672
47.4	0.000132788
47.42	0.000132902
47.44	0.000133011
47.46	0.000133116
47.48	0.000133217
47.5	0.000133313
47.52	0.000133404
47.54	0.00013349
47.56	0.00013357
47.58	0.000133645
47.6	0.000133714
47.62	0.000133777
47.64	0.000133833
47.66	0.000133884
47.68	0.000133928
47.7	0.000133965
47.72	0.000133996
47.74	0.00013402
47.76	0.000134038
47.78	0.000134049
47.8	0.000134053
47.82	0.00013405
47.84	0.00013404
47.86	0.000134024
47.88	0.000134001
47.9	0.000133971
47.92	0.000133934
47.94	0.000133891
47.96	0.000133842
47.98	0.000133786
48	0.000133723
48.02	0.000133655
48.04	0.00013358
48.06	0.000133498
48.08	0.000133411
48.1	0.000133318
48.12	0.00013322
48.14	0.000133115
48.16	0.000133005
48.18	0.00013289
48.2	0.000132769
48.22	0.000132643
48.24	0.000132512
48.26	0.000132376
48.28	0.000132236
48.3	0.00013209
48.32	0.000131941
48.34	0.000131786
48.36	0.000131628
48.38	0.000131465
48.4	0.000131299
48.42	0.000131128
48.44	0.000130954
48.46	0.000130776
48.48	0.000130595
48.5	0.00013041
48.52	0.000130222
48.54	0.000130031
48.56	0.000129837
48.58	0.00012964
48.6	0.00012944
48.62	0.000129238
48.64	0.000129032
48.66	0.000128825
48.68	0.000128615
48.7	0.000128403
48.72	0.000128189
48.74	0.000127972
48.76	0.000127754
48.78	0.000127534
48.8	0.000127312
48.82	0.000127088
48.84	0.000126863
48.86	0.000126636
48.88	0.000126408
48.9	0.000126179
48.92	0.000125948
48.94	0.000125716
48.96	0.000125482
48.98	0.000125248
49	0.000125013
49.02	0.000124776
49.04	0.000124539
49.06	0.000124301
49.08	0.000124062
49.1	0.000123823
49.12	0.000123583
49.14	0.000123342
49.16	0.000123101
49.18	0.000122859
49.2	0.000122616
49.22	0.000122374
49.24	0.000122131
49.26	0.000121887
49.28	0.000121644
49.3	0.0001214
49.32	0.000121156
49.34	0.000120911
49.36	0.000120667
49.38	0.000120422
49.4	0.000120178
49.42	0.000119933
49.44	0.000119688
49.46	0.000119444
49.48	0.000119199
49.5	0.000118955
49.52	0.00011871
49.54	0.000118466
49.56	0.000118222
49.58	0.000117978
49.6	0.000117734
49.62	0.00011749
49.64	0.000117247
49.66	0.000117004
49.68	0.000116761
49.7	0.000116518
49.72	0.000116276
49.74	0.000116034
49.76	0.000115793
49.78	0.000115551
49.8	0.00011531
49.82	0.00011507
49.84	0.00011483
49.86	0.00011459
49.88	0.000114351
49.9	0.000114112
49.92	0.000113873
49.94	0.000113635
49.96	0.000113397
49.98	0.00011316
50	0.000112924
50.02	0.000112687
50.04	0.000112452
50.06	0.000112216
50.08	0.000111982
50.1	0.000111748
50.12	0.000111514
50.14	0.000111281
50.16	0.000111048
50.18	0.000110816
50.2	0.000110584
50.22	0.000110353
50.24	0.000110122
50.26	0.000109892
50.28	0.000109663
50.3	0.000109434
50.32	0.000109205
50.34	0.000108978
50.36	0.00010875
50.38	0.000108524
50.4	0.000108297
50.42	0.000108072
50.44	0.000107847
50.46	0.000107622
50.48	0.000107398
50.5	0.000107175
50.52	0.000106952
50.54	0.00010673
50.56	0.000106508
50.58	0.000106287
50.6	0.000106067
50.62	0.000105847
50.64	0.000105627
50.66	0.000105408
50.68	0.00010519
50.7	0.000104973
50.72	0.000104755
50.74	0.000104539
50.76	0.000104323
50.78	0.000104108
50.8	0.000103893
50.82	0.000103679
50.84	0.000103465
50.86	0.000103252
50.88	0.000103039
50.9	0.000102827
50.92	0.000102616
50.94	0.000102405
50.96	0.000102195
50.98	0.000101985
51	0.000101776
51.02	0.000101567
51.04	0.000101359
51.06	0.000101152
51.08	0.000100945
51.1	0.000100738
51.12	0.000100532
51.14	0.000100327
51.16	0.000100122
51.18	9.99181e-05
51.2	9.97144e-05
51.22	9.95113e-05
51.24	9.93087e-05
51.26	9.91067e-05
51.28	9.89051e-05
51.3	9.87042e-05
51.32	9.85038e-05
51.34	9.83039e-05
51.36	9.81045e-05
51.38	9.79056e-05
51.4	9.77073e-05
51.42	9.75096e-05
51.44	9.73123e-05
51.46	9.71156e-05
51.48	9.69193e-05
51.5	9.67236e-05
51.52	9.65284e-05
51.54	9.63338e-05
51.56	9.61396e-05
51.58	9.5946e-05
51.6	9.57528e-05
51.62	9.55602e-05
51.64	9.53681e-05
51.66	9.51765e-05
51.68	9.49853e-05
51.7	9.47947e-05
51.72	9.46046e-05
51.74	9.4415e-05
51.76	9.42259e-05
51.78	9.40372e-05
51.8	9.38491e-05
51.82	9.36614e-05
51.84	9.34743e-05
51.86	9.32876e-05
51.88	9.31014e-05
51.9	9.29157e-05
51.92	9.27304e-05
51.94	9.25457e-05
51.96	9.23614e-05
51.98	9.21776e-05
52	9.19942e-05
52.02	9.18114e-05
52.04	9.1629e-05
52.06	9.1447e-05
52.08	9.12656e-05
52.1	9.10846e-05
52.12	9.09041e-05
52.14	9.0724e-05
52.16	9.05444e-05
52.18	9.03652e-05
52.2	9.01865e-05
52.22	9.00083e-05
52.24	8.98305e-05
52.26	8.96531e-05
52.28	8.94762e-05
52.3	8.92998e-05
52.32	8.91238e-05
52.34	8.89482e-05
52.36	8.87731e-05
52.38	8.85984e-05
52.4	8.84242e-05
52.42	8.82504e-05
52.44	8.80771e-05
52.46	8.79041e-05
52.48	8.77316e-05
52.5	8.75596e-05
52.52	8.7388e-05
52.54	8.72168e-05
52.56	8.7046e-05
52.58	8.68756e-05
52.6	8.67057e-05
52.62	8.65362e-05
52.64	8.63672e-05
52.66	8.61985e-05
52.68	8.60303e-05
52.7	8.58624e-05
52.72	8.5695e-05
52.74	8.55281e-05
52.76	8.53615e-05
52.78	8.51953e-05
52.8	8.50296e-05
52.82	8.48642e-05
52.84	8.46993e-05
52.86	8.45347e-05
52.88	8.43706e-05
52.9	8.42069e-05
52.92	8.40436e-05
52.94	8.38807e-05
52.96	8.37181e-05
52.98	8.3556e-05
53	8.33943e-05
53.02	8.3233e-05
53.04	8.3072e-05
53.06	8.29115e-05
53.08	8.27514e-05
53.1	8.25916e-05
53.12	8.24322e-05
53.14	8.22733e-05
53.16	8.21147e-05
53.18	8.19565e-05
53.2	8.17986e-05
53.22	8.16412e-05
53.24	8.14842e-05
53.26	8.13275e-05
53.28	8.11712e-05
53.3	8.10153e-05
53.32	8.08598e-05
53.34	8.07046e-05
53.36	8.05498e-05
53.38	8.03954e-05
53.4	8.02414e-05
53.42	8.00877e-05
53.44	7.99344e-05
53.46	7.97815e-05
53.48	7.9629e-05
53.5	7.94768e-05
53.52	7.9325e-05
53.54	7.91735e-05
53.56	7.90224e-05
53.58	7.88717e-05
53.6	7.87214e-05
53.62	7.85714e-05
53.64	7.84217e-05
53.66	7.82725e-05
53.68	7.81236e-05
53.7	7.7975e-05
53.72	7.78268e-05
53.74	7.76789e-05
53.76	7.75315e-05
53.78	7.73843e-05
53.8	7.72375e-05
53.82	7.70911e-05
53.84	7.6945e-05
53.86	7.67993e-05
53.88	7.66539e-05
53.9	7.65089e-05
53.92	7.63642e-05
53.94	7.62199e-05
53.96	7.60759e-05
53.98	7.59322e-05
54	7.57889e-05
54.02	7.56459e-05
54.04	7.55033e-05
54.06	7.5361e-05
54.08	7.52191e-05
54.1	7.50775e-05
54.12	7.49362e-05
54.14	7.47953e-05
54.16	7.46547e-05
54.18	7.45145e-05
54.2	7.43745e-05
54.22	7.4235e-05
54.24	7.40957e-05
54.26	7.39568e-05
54.28	7.38182e-05
54.3	7.36799e-05
54.32	7.3542e-05
54.34	7.34044e-05
54.36	7.32671e-05
54.38	7.31302e-05
54.4	7.29936e-05
54.42	7.28573e-05
54.44	7.27213e-05
54.46	7.25857e-05
54.48	7.24504e-05
54.5	7.23154e-05
54.52	7.21807e-05
54.54	7.20463e-05
54.56	7.19123e-05
54.58	7.17786e-05
54.6	7.16452e-05
54.62	7.15121e-05
54.64	7.13794e-05
54.66	7.12469e-05
54.68	7.11148e-05
54.7	7.0983e-05
54.72	7.08515e-05
54.74	7.07203e-05
54.76	7.05894e-05
54.78	7.04589e-05
54.8	7.03286e-05
54.82	7.01987e-05
54.84	7.00691e-05
54.86	6.99397e-05
54.88	6.98107e-05
54.9	6.9682e-05
54.92	6.95536e-05
54.94	6.94255e-05
54.96	6.92978e-05
54.98	6.91703e-05
55	6.90431e-05
55.02	6.89162e-05
55.04	6.87897e-05
55.06	6.86634e-05
55.08	6.85374e-05
55.1	6.84118e-05
55.12	6.82864e-05
55.14	6.81614e-05
55.16	6.80366e-05
55.18	6.79121e-05
55.2	6.7788e-05
55.22	6.76641e-05
55.24	6.75405e-05
55.26	6.74173e-05
55.28	6.72943e-05
55.3	6.71716e-05
55.32	6.70492e-05
55.34	6.69271e-05
55.36	6.68053e-05
55.38	6.66838e-05
55.4	6.65626e-05
55.42	6.64416e-05
55.44	6.6321e-05
55.46	6.62006e-05
55.48	6.60806e-05
55.5	6.59608e-05
55.52	6.58413e-05
55.54	6.57221e-05
55.56	6.56032e-05
55.58	6.54846e-05
55.6	6.53662e-05
55.62	6.52482e-05
55.64	6.51304e-05
55.66	6.50129e-05
55.68	6.48957e-05
55.7	6.47788e-05
55.72	6.46621e-05
55.74	6.45458e-05
55.76	6.44297e-05
55.78	6.43139e-05
55.8	6.41984e-05
55.82	6.40831e-05
55.84	6.39682e-05
55.86	6.38535e-05
55.88	6.37391e-05
55.9	6.36249e-05
55.92	6.35111e-05
55.94	6.33975e-05
55.96	6.32842e-05
55.98	6.31712e-05
56	6.30584e-05
56.02	6.29459e-05
56.04	6.28337e-05
56.06	6.27218e-05
56.08	6.26101e-05
56.1	6.24987e-05
56.12	6.23876e-05
56.14	6.22768e-05
56.16	6.21662e-05
56.18	6.20559e-05
56.2	6.19458e-05
56.22	6.18361e-05
56.24	6.17266e-05
56.26	6.16173e-05
56.28	6.15083e-05
56.3	6.13996e-05
56.32	6.12912e-05
56.34	6.1183e-05
56.36	6.10751e-05
56.38	6.09675e-05
56.4	6.08601e-05
56.42	6.0753e-05
56.44	6.06461e-05
56.46	6.05395e-05
56.48	6.04332e-05
56.5	6.03271e-05
56.52	6.02213e-05
56.54	6.01158e-05
56.56	6.00105e-05
56.58	5.99055e-05
56.6	5.98007e-05
56.62	5.96962e-05
56.64	5.95919e-05
56.66	5.94879e-05
56.68	5.93842e-05
56.7	5.92807e-05
56.72	5.91775e-05
56.74	5.90745e-05
56.76	5.89718e-05
56.78	5.88694e-05
56.8	5.87672e-05
56.82	5.86652e-05
56.84	5.85635e-05
56.86	5.84621e-05
56.88	5.83609e-05
56.9	5.82599e-05
56.92	5.81593e-05
56.94	5.80588e-05
56.96	5.79586e-05
56.98	5.78587e-05
57	5.7759e-05
57.02	5.76596e-05
57.04	5.75604e-05
57.06	5.74615e-05
57.08	5.73628e-05
57.1	5.72643e-05
57.12	5.71662e-05
57.14	5.70682e-05
57.16	5.69705e-05
57.18	5.68731e-05
57.2	5.67759e-05
57.22	5.66789e-05
57.24	5.65822e-05
57.26	5.64857e-05
57.28	5.63895e-05
57.3	5.62935e-05
57.32	5.61978e-05
57.34	5.61023e-05
57.36	5.6007e-05
57.38	5.5912e-05
57.4	5.58173e-05
57.42	5.57227e-05
57.44	5.56285e-05
57.46	5.55344e-05
57.48	5.54406e-05
57.5	5.5347e-05
57.52	5.52537e-05
57.54	5.51606e-05
57.56	5.50678e-05
57.58	5.49752e-05
57.6	5.48828e-05
57.62	5.47907e-05
57.64	5.46988e-05
57.66	5.46072e-05
57.68	5.45157e-05
57.7	5.44246e-05
57.72	5.43336e-05
57.74	5.42429e-05
57.76	5.41524e-05
57.78	5.40622e-05
57.8	5.39722e-05
57.82	5.38824e-05
57.84	5.37929e-05
57.86	5.37036e-05
57.88	5.36145e-05
57.9	5.35257e-05
57.92	5.34371e-05
57.94	5.33487e-05
57.96	5.32606e-05
57.98	5.31727e-05
58	5.3085e-05
58.02	5.29976e-05
58.04	5.29104e-05
58.06	5.28234e-05
58.08	5.27367e-05
58.1	5.26501e-05
58.12	5.25638e-05
58.14	5.24778e-05
58.16	5.2392e-05
58.18	5.23064e-05
58.2	5.2221e-05
58.22	5.21358e-05
58.24	5.20509e-05
58.26	5.19662e-05
58.28	5.18818e-05
58.3	5.17976e-05
58.32	5.17135e-05
58.34	5.16298e-05
58.36	5.15462e-05
58.38	5.14629e-05
58.4	5.13798e-05
58.42	5.12969e-05
58.44	5.12143e-05
58.46	5.11318e-05
58.48	5.10496e-05
58.5	5.09677e-05
58.52	5.08859e-05
58.54	5.08044e-05
58.56	5.07231e-05
58.58	5.0642e-05
58.6	5.05611e-05
58.62	5.04805e-05
58.64	5.04001e-05
58.66	5.03199e-05
58.68	5.02399e-05
58.7	5.01602e-05
58.72	5.00807e-05
58.74	5.00014e-05
58.76	4.99223e-05
58.78	4.98434e-05
58.8	4.97648e-05
58.82	4.96864e-05
58.84	4.96082e-05
58.86	4.95302e-05
58.88	4.94525e-05
58.9	4.93749e-05
58.92	4.92976e-05
58.94	4.92205e-05
58.96	4.91437e-05
58.98	4.9067e-05
59	4.89906e-05
59.02	4.89143e-05
59.04	4.88383e-05
59.06	4.87626e-05
59.08	4.8687e-05
59.1	4.86117e-05
59.12	4.85365e-05
59.14	4.84616e-05
59.16	4.83869e-05
59.18	4.83125e-05
59.2	4.82382e-05
59.22	4.81642e-05
59.24	4.80904e-05
59.26	4.80168e-05
59.28	4.79434e-05
59.3	4.78702e-05
59.32	4.77973e-05
59.34	4.77245e-05
59.36	4.7652e-05
59.38	4.75797e-05
59.4	4.75076e-05
59.42	4.74358e-05
59.44	4.73641e-05
59.46	4.72927e-05
59.48	4.72215e-05
59.5	4.71505e-05
59.52	4.70797e-05
59.54	4.70091e-05
59.56	4.69387e-05
59.58	4.68686e-05
59.6	4.67987e-05
59.62	4.6729e-05
59.64	4.66595e-05
59.66	4.65902e-05
59.68	4.65211e-05
59.7	4.64523e-05
59.72	4.63836e-05
59.74	4.63152e-05
59.76	4.6247e-05
59.78	4.6179e-05
59.8	4.61113e-05
59.82	4.60437e-05
59.84	4.59764e-05
59.86	4.59092e-05
59.88	4.58423e-05
59.9	4.57756e-05
59.92	4.57091e-05
59.94	4.56429e-05
59.96	4.55768e-05
59.98	4.5511e-05
60	4.54454e-05
60.02	4.53799e-05
60.04	4.53148e-05
60.06	4.52498e-05
60.08	4.5185e-05
60.1	4.51205e-05
60.12	4.50561e-05
60.14	4.4992e-05
60.16	4.49281e-05
60.18	4.48644e-05
60.2	4.4801e-05
60.22	4.47377e-05
60.24	4.46747e-05
60.26	4.46119e-05
60.28	4.45493e-05
60.3	4.44869e-05
60.32	4.44247e-05
60.34	4.43628e-05
60.36	4.4301e-05
60.38	4.42395e-05
60.4	4.41782e-05
60.42	4.41171e-05
60.44	4.40563e-05
60.46	4.39956e-05
60.48	4.39352e-05
60.5	4.3875e-05
60.52	4.3815e-05
60.54	4.37552e-05
60.56	4.36957e-05
60.58	4.36363e-05
60.6	4.35772e-05
60.62	4.35183e-05
60.64	4.34596e-05
60.66	4.34012e-05
60.68	4.33429e-05
60.7	4.32849e-05
60.72	4.32271e-05
60.74	4.31696e-05
60.76	4.31122e-05
60.78	4.30551e-05
60.8	4.29982e-05
60.82	4.29415e-05
60.84	4.2885e-05
60.86	4.28288e-05
60.88	4.27728e-05
60.9	4.2717e-05
60.92	4.26614e-05
60.94	4.26061e-05
60.96	4.2551e-05
60.98	4.24961e-05
61	4.24414e-05
61.02	4.2387e-05
61.04	4.23328e-05
61.06	4.22788e-05
61.08	4.22251e-05
61.1	4.21715e-05
61.12	4.21183e-05
61.14	4.20652e-05
61.16	4.20124e-05
61.18	4.19598e-05
61.2	4.19074e-05
61.22	4.18553e-05
61.24	4.18034e-05
61.26	4.17517e-05
61.28	4.17003e-05
61.3	4.16491e-05
61.32	4.15981e-05
61.34	4.15474e-05
61.36	4.14969e-05
61.38	4.14467e-05
61.4	4.13966e-05
61.42	4.13469e-05
61.44	4.12974e-05
61.46	4.12481e-05
61.48	4.1199e-05
61.5	4.11502e-05
61.52	4.11017e-05
61.54	4.10534e-05
61.56	4.10053e-05
61.58	4.09575e-05
61.6	4.09099e-05
61.62	4.08626e-05
61.64	4.08155e-05
61.66	4.07687e-05
61.68	4.07222e-05
61.7	4.06758e-05
61.72	4.06298e-05
61.74	4.0584e-05
61.76	4.05385e-05
61.78	4.04932e-05
61.8	4.04482e-05
61.82	4.04034e-05
61.84	4.03589e-05
61.86	4.03147e-05
61.88	4.02707e-05
61.9	4.0227e-05
61.92	4.01836e-05
61.94	4.01404e-05
61.96	4.00975e-05
61.98	4.00549e-05
62	4.00126e-05
62.02	3.99705e-05
62.04	3.99287e-05
62.06	3.98873e-05
62.08	3.9846e-05
62.1	3.98051e-05
62.12	3.97645e-05
62.14	3.97241e-05
62.16	3.9684e-05
62.18	3.96443e-05
62.2	3.96048e-05
62.22	3.95656e-05
62.24	3.95268e-05
62.26	3.94882e-05
62.28	3.94499e-05
62.3	3.9412e-05
62.32	3.93743e-05
62.34	3.9337e-05
62.36	3.93e-05
62.38	3.92633e-05
62.4	3.92269e-05
62.42	3.91908e-05
62.44	3.91551e-05
62.46	3.91197e-05
62.48	3.90847e-05
62.5	3.905e-05
62.52	3.90156e-05
62.54	3.89816e-05
62.56	3.89479e-05
62.58	3.89146e-05
62.6	3.88816e-05
62.62	3.8849e-05
62.64	3.88168e-05
62.66	3.87849e-05
62.68	3.87534e-05
62.7	3.87223e-05
62.72	3.86916e-05
62.74	3.86613e-05
62.76	3.86313e-05
62.78	3.86018e-05
62.8	3.85727e-05
62.82	3.8544e-05
62.84	3.85157e-05
62.86	3.84878e-05
62.88	3.84604e-05
62.9	3.84334e-05
62.92	3.84069e-05
62.94	3.83808e-05
62.96	3.83552e-05
62.98	3.83301e-05
63	3.83054e-05
63.02	3.82813e-05
63.04	3.82576e-05
63.06	3.82344e-05
63.08	3.82118e-05
63.1	3.81897e-05
63.12	3.81681e-05
63.14	3.81471e-05
63.16	3.81267e-05
63.18	3.81068e-05
63.2	3.80875e-05
63.22	3.80688e-05
63.24	3.80508e-05
63.26	3.80334e-05
63.28	3.80166e-05
63.3	3.80005e-05
63.32	3.79851e-05
63.34	3.79704e-05
63.36	3.79565e-05
63.38	3.79432e-05
63.4	3.79308e-05
63.42	3.79192e-05
63.44	3.79083e-05
63.46	3.78984e-05
63.48	3.78893e-05
63.5	3.78811e-05
63.52	3.78739e-05
63.54	3.78677e-05
63.56	3.78625e-05
63.58	3.78583e-05
63.6	3.78553e-05
63.62	3.78534e-05
63.64	3.78528e-05
63.66	3.78534e-05
63.68	3.78553e-05
63.7	3.78586e-05
63.72	3.78634e-05
63.74	3.78698e-05
63.76	3.78778e-05
63.78	3.78875e-05
63.8	3.78991e-05
63.82	3.79126e-05
63.84	3.79283e-05
63.86	3.79462e-05
63.88	3.79665e-05
63.9	3.79894e-05
63.92	3.80151e-05
63.94	3.80439e-05
63.96	3.80761e-05
63.98	3.81119e-05
64	3.81518e-05
64.02	3.81962e-05
64.04	3.82457e-05
64.06	3.83008e-05
64.08	3.83624e-05
64.1	3.84314e-05
64.12	3.8509e-05
64.14	3.85967e-05
64.16	3.86965e-05
64.18	3.88109e-05
64.2	3.89436e-05
64.22	3.90996e-05
64.24	3.92863e-05
64.26	3.95153e-05
64.28	3.98061e-05
64.3	4.01943e-05
64.32	4.07525e-05
64.34	4.16468e-05
64.36	4.3255e-05
64.38	4.61485e-05
64.4	5.05547e-05
64.42	5.60348e-05
64.44	6.21925e-05
64.46	6.91059e-05
64.48	7.69157e-05
64.5	8.54578e-05
64.52	9.44383e-05
64.54	0.000103636
64.56	0.000112825
64.58	0.000121689
64.6	0.000129837
64.62	0.000136887
64.64	0.000142578
64.66	0.000146833
64.68	0.000149726
64.7	0.000151397
64.72	0.000152008
64.74	0.000151727
64.76	0.000150737
64.78	0.000149226
64.8	0.00014737
64.82	0.000145316
64.84	0.00014318
64.86	0.000141046
64.88	0.000138972
64.9	0.000136996
64.92	0.00013514
64.94	0.000133416
64.96	0.000131828
64.98	0.000130375
65	0.000129052
65.02	0.000127852
65.04	0.000126767
65.06	0.000125788
65.08	0.000124907
65.1	0.000124115
65.12	0.000123403
65.14	0.000122765
65.16	0.000122193
65.18	0.00012168
65.2	0.000121221
65.22	0.000120811
65.24	0.000120445
65.26	0.000120119
65.28	0.00011983
65.3	0.000119574
65.32	0.000119348
65.34	0.000119151
65.36	0.000118979
65.38	0.000118832
65.4	0.000118706
65.42	0.000118602
65.44	0.000118516
65.46	0.000118449
65.48	0.000118399
65.5	0.000118365
65.52	0.000118345
65.54	0.00011834
65.56	0.000118348
65.58	0.000118369
65.6	0.000118401
65.62	0.000118444
65.64	0.000118497
65.66	0.00011856
65.68	0.000118631
65.7	0.000118711
65.72	0.000118798
65.74	0.000118893
65.76	0.000118993
65.78	0.0001191
65.8	0.000119211
65.82	0.000119327
65.84	0.000119447
65.86	0.000119571
65.88	0.000119697
65.9	0.000119826
65.92	0.000119956
65.94	0.000120088
65.96	0.00012022
65.98	0.000120353
66	0.000120485
66.02	0.000120617
66.04	0.000120748
66.06	0.000120878
66.08	0.000121005
66.1	0.00012113
66.12	0.000121253
66.14	0.000121372
66.16	0.000121489
66.18	0.000121601
66.2	0.00012171
66.22	0.000121814
66.24	0.000121914
66.26	0.000122009
66.28	0.0001221
66.3	0.000122185
66.32	0.000122265
66.34	0.000122339
66.36	0.000122408
66.38	0.00012247
66.4	0.000122527
66.42	0.000122578
66.44	0.000122623
66.46	0.000122661
66.48	0.000122694
66.5	0.00012272
66.52	0.000122739
66.54	0.000122753
66.56	0.00012276
66.58	0.00012276
66.6	0.000122754
66.62	0.000122742
66.64	0.000122724
66.66	0.000122699
66.68	0.000122668
66.7	0.000122631
66.72	0.000122588
66.74	0.000122539
66.76	0.000122484
66.78	0.000122424
66.8	0.000122357
66.82	0.000122285
66.84	0.000122207
66.86	0.000122124
66.88	0.000122036
66.9	0.000121942
66.92	0.000121843
66.94	0.00012174
66.96	0.000121631
66.98	0.000121518
67	0.0001214
67.02	0.000121277
67.04	0.00012115
67.06	0.000121019
67.08	0.000120884
67.1	0.000120745
67.12	0.000120602
67.14	0.000120455
67.16	0.000120304
67.18	0.00012015
67.2	0.000119993
67.22	0.000119832
67.24	0.000119668
67.26	0.000119501
67.28	0.000119331
67.3	0.000119158
67.32	0.000118982
67.34	0.000118804
67.36	0.000118623
67.38	0.00011844
67.4	0.000118254
67.42	0.000118067
67.44	0.000117877
67.46	0.000117685
67.48	0.000117491
67.5	0.000117295
67.52	0.000117098
67.54	0.000116898
67.56	0.000116697
67.58	0.000116495
67.6	0.000116291
67.62	0.000116086
67.64	0.00011588
67.66	0.000115672
67.68	0.000115463
67.7	0.000115253
67.72	0.000115042
67.74	0.00011483
67.76	0.000114617
67.78	0.000114403
67.8	0.000114189
67.82	0.000113973
67.84	0.000113757
67.86	0.000113541
67.88	0.000113323
67.9	0.000113106
67.92	0.000112887
67.94	0.000112669
67.96	0.00011245
67.98	0.00011223
68	0.00011201
68.02	0.00011179
68.04	0.00011157
68.06	0.000111349
68.08	0.000111128
68.1	0.000110907
68.12	0.000110686
68.14	0.000110465
68.16	0.000110244
68.18	0.000110023
68.2	0.000109802
68.22	0.000109581
68.24	0.000109359
68.26	0.000109138
68.28	0.000108917
68.3	0.000108696
68.32	0.000108476
68.34	0.000108255
68.36	0.000108035
68.38	0.000107815
68.4	0.000107595
68.42	0.000107375
68.44	0.000107155
68.46	0.000106936
68.48	0.000106717
68.5	0.000106498
68.52	0.00010628
68.54	0.000106062
68.56	0.000105844
68.58	0.000105627
68.6	0.00010541
68.62	0.000105193
68.64	0.000104977
68.66	0.000104761
68.68	0.000104545
68.7	0.00010433
68.72	0.000104115
68.74	0.000103901
68.76	0.000103687
68.78	0.000103474
68.8	0.000103261
68.82	0.000103048
68.84	0.000102836
68.86	0.000102624
68.88	0.000102413
68.9	0.000102202
68.92	0.000101992
68.94	0.000101782
68.96	0.000101573
68.98	0.000101364
69	0.000101155
69.02	0.000100947
69.04	0.00010074
69.06	0.000100533
69.08	0.000100327
69.1	0.000100121
69.12	9.99154e-05
69.14	9.97105e-05
69.16	9.95061e-05
69.18	9.93022e-05
69.2	9.90988e-05
69.22	9.88959e-05
69.24	9.86935e-05
69.26	9.84916e-05
69.28	9.82903e-05
69.3	9.80894e-05
69.32	9.78891e-05
69.34	9.76893e-05
69.36	9.749e-05
69.38	9.72912e-05
69.4	9.7093e-05
69.42	9.68952e-05
69.44	9.6698e-05
69.46	9.65012e-05
69.48	9.6305e-05
69.5	9.61093e-05
69.52	9.59142e-05
69.54	9.57195e-05
69.56	9.55253e-05
69.58	9.53317e-05
69.6	9.51386e-05
69.62	9.49459e-05
69.64	9.47538e-05
69.66	9.45622e-05
69.68	9.43711e-05
69.7	9.41806e-05
69.72	9.39905e-05
69.74	9.38009e-05
69.76	9.36118e-05
69.78	9.34233e-05
69.8	9.32352e-05
69.82	9.30477e-05
69.84	9.28606e-05
69.86	9.2674e-05
69.88	9.2488e-05
69.9	9.23024e-05
69.92	9.21173e-05
69.94	9.19327e-05
69.96	9.17486e-05
69.98	9.1565e-05
70	9.13819e-05
70.02	9.11993e-05
70.04	9.10171e-05
70.06	9.08355e-05
70.08	9.06543e-05
70.1	9.04736e-05
70.12	9.02934e-05
70.14	9.01136e-05
70.16	8.99344e-05
70.18	8.97556e-05
70.2	8.95773e-05
70.22	8.93994e-05
70.24	8.9222e-05
70.26	8.90451e-05
70.28	8.88687e-05
70.3	8.86927e-05
70.32	8.85172e-05
70.34	8.83421e-05
70.36	8.81675e-05
70.38	8.79934e-05
70.4	8.78197e-05
70.42	8.76465e-05
70.44	8.74737e-05
70.46	8.73014e-05
70.48	8.71295e-05
70.5	8.69581e-05
70.52	8.67871e-05
70.54	8.66166e-05
70.56	8.64465e-05
70.58	8.62769e-05
70.6	8.61077e-05
70.62	8.59389e-05
70.64	8.57706e-05
70.66	8.56027e-05
70.68	8.54353e-05
70.7	8.52682e-05
70.72	8.51016e-05
70.74	8.49355e-05
70.76	8.47698e-05
70.78	8.46044e-05
70.8	8.44396e-05
70.82	8.42751e-05
70.84	8.41111e-05
70.86	8.39474e-05
70.88	8.37842e-05
70.9	8.36215e-05
70.92	8.34591e-05
70.94	8.32971e-05
70.96	8.31356e-05
70.98	8.29745e-05
71	8.28138e-05
71.02	8.26535e-05
71.04	8.24936e-05
71.06	8.23341e-05
71.08	8.2175e-05
71.1	8.20163e-05
71.12	8.1858e-05
71.14	8.17001e-05
71.16	8.15426e-05
71.18	8.13855e-05
71.2	8.12288e-05
71.22	8.10725e-05
71.24	8.09166e-05
71.26	8.07611e-05
71.28	8.0606e-05
71.3	8.04513e-05
71.32	8.02969e-05
71.34	8.01429e-05
71.36	7.99894e-05
71.38	7.98362e-05
71.4	7.96834e-05
71.42	7.95309e-05
71.44	7.93789e-05
71.46	7.92272e-05
71.48	7.90759e-05
71.5	7.8925e-05
71.52	7.87745e-05
71.54	7.86243e-05
71.56	7.84745e-05
71.58	7.83251e-05
71.6	7.8176e-05
71.62	7.80273e-05
71.64	7.7879e-05
71.66	7.77311e-05
71.68	7.75835e-05
71.7	7.74363e-05
71.72	7.72894e-05
71.74	7.71429e-05
71.76	7.69968e-05
71.78	7.6851e-05
71.8	7.67056e-05
71.82	7.65606e-05
71.84	7.64159e-05
71.86	7.62715e-05
71.88	7.61275e-05
71.9	7.59839e-05
71.92	7.58406e-05
71.94	7.56977e-05
71.96	7.55551e-05
71.98	7.54129e-05
72	7.5271e-05
72.02	7.51294e-05
72.04	7.49882e-05
72.06	7.48474e-05
72.08	7.47069e-05
72.1	7.45667e-05
72.12	7.44269e-05
72.14	7.42874e-05
72.16	7.41483e-05
72.18	7.40095e-05
72.2	7.3871e-05
72.22	7.37329e-05
72.24	7.35951e-05
72.26	7.34577e-05
72.28	7.33206e-05
72.3	7.31838e-05
72.32	7.30473e-05
72.34	7.29112e-05
72.36	7.27754e-05
72.38	7.264e-05
72.4	7.25049e-05
72.42	7.23701e-05
72.44	7.22356e-05
72.46	7.21014e-05
72.48	7.19676e-05
72.5	7.18341e-05
72.52	7.1701e-05
72.54	7.15681e-05
72.56	7.14356e-05
72.58	7.13034e-05
72.6	7.11715e-05
72.62	7.10399e-05
72.64	7.09087e-05
72.66	7.07778e-05
72.68	7.06471e-05
72.7	7.05168e-05
72.72	7.03869e-05
72.74	7.02572e-05
72.76	7.01279e-05
72.78	6.99988e-05
72.8	6.98701e-05
72.82	6.97417e-05
72.84	6.96136e-05
72.86	6.94858e-05
72.88	6.93583e-05
72.9	6.92311e-05
72.92	6.91043e-05
72.94	6.89777e-05
72.96	6.88514e-05
72.98	6.87255e-05
73	6.85999e-05
73.02	6.84745e-05
73.04	6.83495e-05
73.06	6.82247e-05
73.08	6.81003e-05
73.1	6.79762e-05
73.12	6.78524e-05
73.14	6.77288e-05
73.16	6.76056e-05
73.18	6.74827e-05
73.2	6.736e-05
73.22	6.72377e-05
73.24	6.71156e-05
73.26	6.69939e-05
73.28	6.68724e-05
73.3	6.67513e-05
73.32	6.66304e-05
73.34	6.65099e-05
73.36	6.63896e-05
73.38	6.62696e-05
73.4	6.61499e-05
73.42	6.60305e-05
73.44	6.59114e-05
73.46	6.57925e-05
73.48	6.5674e-05
73.5	6.55558e-05
73.52	6.54378e-05
73.54	6.53201e-05
73.56	6.52027e-05
73.58	6.50856e-05
73.6	6.49688e-05
73.62	6.48523e-05
73.64	6.4736e-05
73.66	6.462e-05
73.68	6.45043e-05
73.7	6.43889e-05
73.72	6.42738e-05
73.74	6.4159e-05
73.76	6.40444e-05
73.78	6.39301e-05
73.8	6.38161e-05
73.82	6.37024e-05
73.84	6.35889e-05
73.86	6.34757e-05
73.88	6.33628e-05
73.9	6.32502e-05
73.92	6.31379e-05
73.94	6.30258e-05
73.96	6.2914e-05
73.98	6.28025e-05
74	6.26912e-05
74.02	6.25802e-05
74.04	6.24695e-05
74.06	6.23591e-05
74.08	6.22489e-05
74.1	6.2139e-05
74.12	6.20294e-05
74.14	6.192e-05
74.16	6.1811e-05
74.18	6.17021e-05
74.2	6.15936e-05
74.22	6.14853e-05
74.24	6.13773e-05
74.26	6.12695e-05
74.28	6.1162e-05
74.3	6.10548e-05
74.32	6.09478e-05
74.34	6.08412e-05
74.36	6.07347e-05
74.38	6.06286e-05
74.4	6.05226e-05
74.42	6.0417e-05
74.44	6.03116e-05
74.46	6.02065e-05
74.48	6.01016e-05
74.5	5.9997e-05
74.52	5.98927e-05
74.54	5.97886e-05
74.56	5.96848e-05
74.58	5.95812e-05
74.6	5.94779e-05
74.62	5.93749e-05
74.64	5.92721e-05
74.66	5.91695e-05
74.68	5.90673e-05
74.7	5.89652e-05
74.72	5.88635e-05
74.74	5.87619e-05
74.76	5.86607e-05
74.78	5.85597e-05
74.8	5.84589e-05
74.82	5.83584e-05
74.84	5.82582e-05
74.86	5.81582e-05
74.88	5.80584e-05
74.9	5.79589e-05
74.92	5.78597e-05
74.94	5.77607e-05
74.96	5.76619e-05
74.98	5.75634e-05
75	5.74652e-05
75.02	5.73672e-05
75.04	5.72694e-05
75.06	5.71719e-05
75.08	5.70747e-05
75.1	5.69776e-05
75.12	5.68809e-05
75.14	5.67844e-05
75.16	5.66881e-05
75.18	5.65921e-05
75.2	5.64963e-05
75.22	5.64007e-05
75.24	5.63054e-05
75.26	5.62104e-05
75.28	5.61156e-05
75.3	5.6021e-05
75.32	5.59267e-05
75.34	5.58326e-05
75.36	5.57388e-05
75.38	5.56452e-05
75.4	5.55518e-05
75.42	5.54587e-05
75.44	5.53658e-05
75.46	5.52732e-05
75.48	5.51808e-05
75.5	5.50886e-05
75.52	5.49967e-05
75.54	5.4905e-05
75.56	5.48136e-05
75.58	5.47224e-05
75.6	5.46314e-05
75.62	5.45407e-05
75.64	5.44502e-05
75.66	5.43599e-05
75.68	5.42699e-05
75.7	5.41801e-05
75.72	5.40905e-05
75.74	5.40012e-05
75.76	5.39121e-05
75.78	5.38233e-05
75.8	5.37347e-05
75.82	5.36463e-05
75.84	5.35581e-05
75.86	5.34702e-05
75.88	5.33825e-05
75.9	5.32951e-05
75.92	5.32079e-05
75.94	5.31209e-05
75.96	5.30341e-05
75.98	5.29476e-05
76	5.28613e-05
76.02	5.27753e-05
76.04	5.26894e-05
76.06	5.26038e-05
76.08	5.25184e-05
76.1	5.24333e-05
76.12	5.23484e-05
76.14	5.22637e-05
76.16	5.21792e-05
76.18	5.2095e-05
76.2	5.2011e-05
76.22	5.19272e-05
76.24	5.18437e-05
76.26	5.17604e-05
76.28	5.16773e-05
76.3	5.15944e-05
76.32	5.15118e-05
76.34	5.14294e-05
76.36	5.13472e-05
76.38	5.12652e-05
76.4	5.11835e-05
76.42	5.1102e-05
76.44	5.10207e-05
76.46	5.09396e-05
76.48	5.08588e-05
76.5	5.07782e-05
76.52	5.06978e-05
76.54	5.06176e-05
76.56	5.05377e-05
76.58	5.0458e-05
76.6	5.03785e-05
76.62	5.02992e-05
76.64	5.02202e-05
76.66	5.01413e-05
76.68	5.00627e-05
76.7	4.99844e-05
76.72	4.99062e-05
76.74	4.98283e-05
76.76	4.97506e-05
76.78	4.96731e-05
76.8	4.95958e-05
76.82	4.95187e-05
76.84	4.94419e-05
76.86	4.93653e-05
76.88	4.92889e-05
76.9	4.92127e-05
76.92	4.91368e-05
76.94	4.90611e-05
76.96	4.89856e-05
76.98	4.89103e-05
77	4.88352e-05
77.02	4.87603e-05
77.04	4.86857e-05
77.06	4.86113e-05
77.08	4.85371e-05
77.1	4.84631e-05
77.12	4.83894e-05
77.14	4.83158e-05
77.16	4.82425e-05
77.18	4.81694e-05
77.2	4.80966e-05
77.22	4.80239e-05
77.24	4.79514e-05
77.26	4.78792e-05
77.28	4.78072e-05
77.3	4.77354e-05
77.32	4.76638e-05
77.34	4.75925e-05
77.36	4.75214e-05
77.38	4.74504e-05
77.4	4.73797e-05
77.42	4.73093e-05
77.44	4.7239e-05
77.46	4.71689e-05
77.48	4.70991e-05
77.5	4.70295e-05
77.52	4.69601e-05
77.54	4.68909e-05
77.56	4.6822e-05
77.58	4.67532e-05
77.6	4.66847e-05
77.62	4.66164e-05
77.64	4.65483e-05
77.66	4.64804e-05
77.68	4.64127e-05
77.7	4.63453e-05
77.72	4.62781e-05
77.74	4.62111e-05
77.76	4.61443e-05
77.78	4.60777e-05
77.8	4.60113e-05
77.82	4.59452e-05
77.84	4.58793e-05
77.86	4.58136e-05
77.88	4.57481e-05
77.9	4.56828e-05
77.92	4.56177e-05
77.94	4.55529e-05
77.96	4.54883e-05
77.98	4.54239e-05
78	4.53597e-05
78.02	4.52957e-05
78.04	4.5232e-05
78.06	4.51685e-05
78.08	4.51052e-05
78.1	4.50421e-05
78.12	4.49792e-05
78.14	4.49165e-05
78.16	4.48541e-05
78.18	4.47919e-05
78.2	4.47299e-05
78.22	4.46681e-05
78.24	4.46066e-05
78.26	4.45452e-05
78.28	4.44841e-05
78.3	4.44232e-05
78.32	4.43625e-05
78.34	4.43021e-05
78.36	4.42419e-05
78.38	4.41818e-05
78.4	4.4122e-05
78.42	4.40625e-05
78.44	4.40031e-05
78.46	4.3944e-05
78.48	4.38851e-05
78.5	4.38264e-05
78.52	4.3768e-05
78.54	4.37097e-05
78.56	4.36517e-05
78.58	4.35939e-05
78.6	4.35364e-05
78.62	4.3479e-05
78.64	4.34219e-05
78.66	4.3365e-05
78.68	4.33084e-05
78.7	4.32519e-05
78.72	4.31957e-05
78.74	4.31398e-05
78.76	4.3084e-05
78.78	4.30285e-05
78.8	4.29732e-05
78.82	4.29181e-05
78.84	4.28633e-05
78.86	4.28087e-05
78.88	4.27543e-05
78.9	4.27002e-05
78.92	4.26462e-05
78.94	4.25926e-05
78.96	4.25391e-05
78.98	4.24859e-05
79	4.24329e-05
79.02	4.23802e-05
79.04	4.23277e-05
79.06	4.22754e-05
79.08	4.22234e-05
79.1	4.21716e-05
79.12	4.212e-05
79.14	4.20687e-05
79.16	4.20176e-05
79.18	4.19668e-05
79.2	4.19162e-05
79.22	4.18658e-05
79.24	4.18157e-05
79.26	4.17658e-05
79.28	4.17162e-05
79.3	4.16668e-05
79.32	4.16177e-05
79.34	4.15688e-05
79.36	4.15202e-05
79.38	4.14718e-05
79.4	4.14236e-05
79.42	4.13757e-05
79.44	4.13281e-05
79.46	4.12807e-05
79.48	4.12336e-05
79.5	4.11867e-05
79.52	4.11401e-05
79.54	4.10938e-05
79.56	4.10477e-05
79.58	4.10019e-05
79.6	4.09563e-05
79.62	4.0911e-05
79.64	4.08659e-05
79.66	4.08212e-05
79.68	4.07767e-05
79.7	4.07324e-05
79.72	4.06885e-05
79.74	4.06448e-05
79.76	4.06014e-05
79.78	4.05582e-05
79.8	4.05154e-05
79.82	4.04728e-05
79.84	4.04305e-05
79.86	4.03885e-05
79.88	4.03467e-05
79.9	4.03053e-05
79.92	4.02641e-05
79.94	4.02233e-05
79.96	4.01827e-05
79.98	4.01424e-05
80	4.01024e-05
80.02	4.00627e-05
80.04	4.00234e-05
80.06	3.99843e-05
80.08	3.99455e-05
80.1	3.99071e-05
80.12	3.98689e-05
80.14	3.98311e-05
80.16	3.97936e-05
80.18	3.97564e-05
80.2	3.97196e-05
80.22	3.9683e-05
80.24	3.96468e-05
80.26	3.9611e-05
80.28	3.95754e-05
80.3	3.95403e-05
80.32	3.95054e-05
80.34	3.94709e-05
80.36	3.94368e-05
80.38	3.9403e-05
80.4	3.93696e-05
80.42	3.93365e-05
80.44	3.93038e-05
80.46	3.92715e-05
80.48	3.92395e-05
80.5	3.9208e-05
80.52	3.91768e-05
80.54	3.9146e-05
80.56	3.91156e-05
80.58	3.90857e-05
80.6	3.90561e-05
80.62	3.90269e-05
80.64	3.89982e-05
80.66	3.89699e-05
80.68	3.8942e-05
80.7	3.89146e-05
80.72	3.88877e-05
80.74	3.88611e-05
80.76	3.88351e-05
80.78	3.88095e-05
80.8	3.87844e-05
80.82	3.87598e-05
80.84	3.87357e-05
80.86	3.87121e-05
80.88	3.8689e-05
80.9	3.86665e-05
80.92	3.86445e-05
80.94	3.8623e-05
80.96	3.86021e-05
80.98	3.85818e-05
81	3.85621e-05
81.02	3.85429e-05
81.04	3.85244e-05
81.06	3.85066e-05
81.08	3.84893e-05
81.1	3.84728e-05
81.12	3.84569e-05
81.14	3.84417e-05
81.16	3.84273e-05
81.18	3.84136e-05
81.2	3.84007e-05
81.22	3.83885e-05
81.24	3.83772e-05
81.26	3.83667e-05
81.28	3.83571e-05
81.3	3.83484e-05
81.32	3.83406e-05
81.34	3.83338e-05
81.36	3.8328e-05
81.38	3.83232e-05
81.4	3.83196e-05
81.42	3.8317e-05
81.44	3.83157e-05
81.46	3.83156e-05
81.48	3.83168e-05
81.5	3.83193e-05
81.52	3.83233e-05
81.54	3.83288e-05
81.56	3.83358e-05
81.58	3.83446e-05
81.6	3.83551e-05
81.62	3.83675e-05
81.64	3.83819e-05
81.66	3.83985e-05
81.68	3.84174e-05
81.7	3.84387e-05
81.72	3.84628e-05
81.74	3.84897e-05
81.76	3.85197e-05
81.78	3.85532e-05
81.8	3.85905e-05
81.82	3.86319e-05
81.84	3.8678e-05
81.86	3.87292e-05
81.88	3.87862e-05
81.9	3.88499e-05
81.92	3.89212e-05
81.94	3.90013e-05
81.96	3.90919e-05
81.98	3.91948e-05
82	3.93129e-05
82.02	3.94498e-05
82.04	3.96107e-05
82.06	3.98035e-05
82.08	4.00402e-05
82.1	4.03414e-05
82.12	4.07448e-05
82.14	4.13279e-05
82.16	4.22694e-05
82.18	4.39711e-05
82.2	4.70102e-05
82.22	5.15629e-05
82.24	5.7154e-05
82.26	6.34153e-05
82.28	7.04454e-05
82.3	7.8364e-05
82.32	8.69843e-05
82.34	9.60161e-05
82.36	0.000105242
82.38	0.000114428
82.4	0.000123249
82.42	0.000131313
82.44	0.000138243
82.46	0.000143795
82.48	0.00014791
82.5	0.00015067
82.52	0.000152221
82.54	0.000152726
82.56	0.000152355
82.58	0.000151291
82.6	0.000149724
82.62	0.000147826
82.64	0.000145743
82.66	0.000143587
82.68	0.00014144
82.7	0.000139358
82.72	0.000137377
82.74	0.000135519
82.76	0.000133794
82.78	0.000132207
82.8	0.000130755
82.82	0.000129433
82.84	0.000128235
82.86	0.000127152
82.88	0.000126176
82.9	0.000125296
82.92	0.000124506
82.94	0.000123796
82.96	0.00012316
82.98	0.000122589
83	0.000122078
83.02	0.00012162
83.04	0.000121211
83.06	0.000120847
83.08	0.000120522
83.1	0.000120234
83.12	0.00011998
83.14	0.000119756
83.16	0.00011956
83.18	0.00011939
83.2	0.000119244
83.22	0.00011912
83.24	0.000119017
83.26	0.000118933
83.28	0.000118868
83.3	0.000118819
83.32	0.000118787
83.34	0.000118769
83.36	0.000118766
83.38	0.000118776
83.4	0.000118798
83.42	0.000118832
83.44	0.000118877
83.46	0.000118932
83.48	0.000118996
83.5	0.000119069
83.52	0.000119151
83.54	0.00011924
83.56	0.000119336
83.58	0.000119439
83.6	0.000119547
83.62	0.00011966
83.64	0.000119777
83.66	0.000119899
83.68	0.000120024
83.7	0.000120152
83.72	0.000120282
83.74	0.000120414
83.76	0.000120547
83.78	0.000120681
83.8	0.000120815
83.82	0.000120949
83.84	0.000121082
83.86	0.000121215
83.88	0.000121345
83.9	0.000121474
83.92	0.0001216
83.94	0.000121724
83.96	0.000121845
83.98	0.000121962
84	0.000122076
84.02	0.000122186
84.04	0.000122291
84.06	0.000122392
84.08	0.000122489
84.1	0.00012258
84.12	0.000122666
84.14	0.000122747
84.16	0.000122822
84.18	0.000122892
84.2	0.000122956
84.22	0.000123013
84.24	0.000123065
84.26	0.000123111
84.28	0.00012315
84.3	0.000123184
84.32	0.000123211
84.34	0.000123231
84.36	0.000123245
84.38	0.000123253
84.4	0.000123255
84.42	0.00012325
84.44	0.000123239
84.46	0.000123221
84.48	0.000123197
84.5	0.000123167
84.52	0.000123131
84.54	0.000123089
84.56	0.000123041
84.58	0.000122987
84.6	0.000122927
84.62	0.000122861
84.64	0.00012279
84.66	0.000122713
84.68	0.000122631
84.7	0.000122544
84.72	0.000122451
84.74	0.000122353
84.76	0.00012225
84.78	0.000122142
84.8	0.00012203
84.82	0.000121913
84.84	0.000121791
84.86	0.000121665
84.88	0.000121535
84.9	0.0001214
84.92	0.000121262
84.94	0.00012112
84.96	0.000120974
84.98	0.000120824
85	0.000120671
85.02	0.000120514
85.04	0.000120354
85.06	0.000120191
85.08	0.000120025
85.1	0.000119855
85.12	0.000119683
85.14	0.000119508
85.16	0.000119331
85.18	0.000119151
85.2	0.000118969
85.22	0.000118784
85.24	0.000118597
85.26	0.000118408
85.28	0.000118217
85.3	0.000118024
85.32	0.000117829
85.34	0.000117632
85.36	0.000117433
85.38	0.000117233
85.4	0.000117032
85.42	0.000116829
85.44	0.000116624
85.46	0.000116418
85.48	0.000116211
85.5	0.000116003
85.52	0.000115794
85.54	0.000115584
85.56	0.000115372
85.58	0.00011516
85.6	0.000114947
85.62	0.000114733
85.64	0.000114519
85.66	0.000114303
85.68	0.000114087
85.7	0.000113871
85.72	0.000113654
85.74	0.000113436
85.76	0.000113218
85.78	0.000112999
85.8	0.000112781
85.82	0.000112561
85.84	0.000112342
85.86	0.000112122
85.88	0.000111902
85.9	0.000111682
85.92	0.000111462
85.94	0.000111241
85.96	0.000111021
85.98	0.0001108
86	0.00011058
86.02	0.000110359
86.04	0.000110138
86.06	0.000109918
86.08	0.000109697
86.1	0.000109477
86.12	0.000109257
86.14	0.000109036
86.16	0.000108816
86.18	0.000108597
86.2	0.000108377
86.22	0.000108157
86.24	0.000107938
86.26	0.000107719
86.28	0.0001075
86.3	0.000107282
86.32	0.000107064
86.34	0.000106846
86.36	0.000106628
86.38	0.000106411
86.4	0.000106194
86.42	0.000105978
86.44	0.000105761
86.46	0.000105546
86.48	0.00010533
86.5	0.000105115
86.52	0.0001049
86.54	0.000104686
86.56	0.000104472
86.58	0.000104259
86.6	0.000104046
86.62	0.000103833
86.64	0.000103621
86.66	0.000103409
86.68	0.000103198
86.7	0.000102987
86.72	0.000102777
86.74	0.000102567
86.76	0.000102358
86.78	0.000102149
86.8	0.00010194
86.82	0.000101732
86.84	0.000101525
86.86	0.000101318
86.88	0.000101111
86.9	0.000100905
86.92	0.0001007
86.94	0.000100495
86.96	0.00010029
86.98	0.000100086
87	9.98825e-05
87.02	9.96795e-05
87.04	9.9477e-05
87.06	9.9275e-05
87.08	9.90735e-05
87.1	9.88725e-05
87.12	9.86721e-05
87.14	9.84721e-05
87.16	9.82727e-05
87.18	9.80737e-05
87.2	9.78753e-05
87.22	9.76774e-05
87.24	9.748e-05
87.26	9.72831e-05
87.28	9.70867e-05
87.3	9.68909e-05
87.32	9.66955e-05
87.34	9.65007e-05
87.36	9.63064e-05
87.38	9.61125e-05
87.4	9.59192e-05
87.42	9.57265e-05
87.44	9.55342e-05
87.46	9.53424e-05
87.48	9.51511e-05
87.5	9.49604e-05
87.52	9.47701e-05
87.54	9.45804e-05
87.56	9.43911e-05
87.58	9.42024e-05
87.6	9.40141e-05
87.62	9.38264e-05
87.64	9.36391e-05
87.66	9.34524e-05
87.68	9.32661e-05
87.7	9.30804e-05
87.72	9.28951e-05
87.74	9.27104e-05
87.76	9.25261e-05
87.78	9.23423e-05
87.8	9.2159e-05
87.82	9.19762e-05
87.84	9.17939e-05
87.86	9.1612e-05
87.88	9.14307e-05
87.9	9.12498e-05
87.92	9.10694e-05
87.94	9.08895e-05
87.96	9.071e-05
87.98	9.0531e-05
88	9.03526e-05
88.02	9.01745e-05
88.04	8.9997e-05
88.06	8.98199e-05
88.08	8.96433e-05
88.1	8.94671e-05
88.12	8.92914e-05
88.14	8.91162e-05
88.16	8.89414e-05
88.18	8.87671e-05
88.2	8.85933e-05
88.22	8.84199e-05
88.24	8.8247e-05
88.26	8.80745e-05
88.28	8.79024e-05
88.3	8.77309e-05
88.32	8.75597e-05
88.34	8.7389e-05
88.36	8.72188e-05
88.38	8.7049e-05
88.4	8.68796e-05
88.42	8.67107e-05
88.44	8.65422e-05
88.46	8.63742e-05
88.48	8.62066e-05
88.5	8.60394e-05
88.52	8.58726e-05
88.54	8.57063e-05
88.56	8.55404e-05
88.58	8.5375e-05
88.6	8.52099e-05
88.62	8.50453e-05
88.64	8.48811e-05
88.66	8.47174e-05
88.68	8.4554e-05
88.7	8.43911e-05
88.72	8.42286e-05
88.74	8.40665e-05
88.76	8.39048e-05
88.78	8.37436e-05
88.8	8.35827e-05
88.82	8.34223e-05
88.84	8.32622e-05
88.86	8.31026e-05
88.88	8.29434e-05
88.9	8.27846e-05
88.92	8.26261e-05
88.94	8.24681e-05
88.96	8.23105e-05
88.98	8.21533e-05
89	8.19965e-05
89.02	8.18401e-05
89.04	8.1684e-05
89.06	8.15284e-05
89.08	8.13731e-05
89.1	8.12183e-05
89.12	8.10638e-05
89.14	8.09097e-05
89.16	8.07561e-05
89.18	8.06027e-05
89.2	8.04498e-05
89.22	8.02973e-05
89.24	8.01451e-05
89.26	7.99933e-05
89.28	7.98419e-05
89.3	7.96909e-05
89.32	7.95403e-05
89.34	7.939e-05
89.36	7.92401e-05
89.38	7.90906e-05
89.4	7.89414e-05
89.42	7.87927e-05
89.44	7.86443e-05
89.46	7.84962e-05
89.48	7.83485e-05
89.5	7.82012e-05
89.52	7.80543e-05
89.54	7.79077e-05
89.56	7.77615e-05
89.58	7.76156e-05
89.6	7.74701e-05
89.62	7.7325e-05
89.64	7.71802e-05
89.66	7.70358e-05
89.68	7.68917e-05
89.7	7.6748e-05
89.72	7.66046e-05
89.74	7.64616e-05
89.76	7.6319e-05
89.78	7.61767e-05
89.8	7.60347e-05
89.82	7.58931e-05
89.84	7.57519e-05
89.86	7.56109e-05
89.88	7.54704e-05
89.9	7.53302e-05
89.92	7.51903e-05
89.94	7.50507e-05
89.96	7.49115e-05
89.98	7.47727e-05
90	7.46342e-05
90.02	7.4496e-05
90.04	7.43582e-05
90.06	7.42207e-05
90.08	7.40835e-05
90.1	7.39467e-05
90.12	7.38102e-05
90.14	7.3674e-05
90.16	7.35382e-05
90.18	7.34027e-05
90.2	7.32675e-05
90.22	7.31327e-05
90.24	7.29982e-05
90.26	7.2864e-05
90.28	7.27302e-05
90.3	7.25966e-05
90.32	7.24634e-05
90.34	7.23306e-05
90.36	7.2198e-05
90.38	7.20658e-05
90.4	7.19339e-05
90.42	7.18023e-05
90.44	7.1671e-05
90.46	7.15401e-05
90.48	7.14094e-05
90.5	7.12791e-05
90.52	7.11491e-05
90.54	7.10195e-05
90.56	7.08901e-05
90.58	7.07611e-05
90.6	7.06323e-05
90.62	7.05039e-05
90.64	7.03758e-05
90.66	7.0248e-05
90.68	7.01205e-05
90.7	6.99934e-05
90.72	6.98665e-05
90.74	6.974e-05
90.76	6.96137e-05
90.78	6.94878e-05
90.8	6.93621e-05
90.82	6.92368e-05
90.84	6.91118e-05
90.86	6.89871e-05
90.88	6.88627e-05
90.9	6.87386e-05
90.92	6.86148e-05
90.94	6.84913e-05
90.96	6.8368e-05
90.98	6.82451e-05
91	6.81225e-05
91.02	6.80002e-05
91.04	6.78782e-05
91.06	6.77565e-05
91.08	6.76351e-05
91.1	6.7514e-05
91.12	6.73932e-05
91.14	6.72726e-05
91.16	6.71524e-05
91.18	6.70325e-05
91.2	6.69128e-05
91.22	6.67935e-05
91.24	6.66744e-05
91.26	6.65557e-05
91.28	6.64372e-05
91.3	6.6319e-05
91.32	6.62011e-05
91.34	6.60835e-05
91.36	6.59662e-05
91.38	6.58491e-05
91.4	6.57324e-05
91.42	6.56159e-05
91.44	6.54997e-05
91.46	6.53839e-05
91.48	6.52682e-05
91.5	6.51529e-05
91.52	6.50379e-05
91.54	6.49231e-05
91.56	6.48086e-05
91.58	6.46945e-05
91.6	6.45805e-05
91.62	6.44669e-05
91.64	6.43536e-05
91.66	6.42405e-05
91.68	6.41277e-05
91.7	6.40152e-05
91.72	6.39029e-05
91.74	6.3791e-05
91.76	6.36793e-05
91.78	6.35679e-05
91.8	6.34568e-05
91.82	6.33459e-05
91.84	6.32353e-05
91.86	6.3125e-05
91.88	6.3015e-05
91.9	6.29052e-05
91.92	6.27957e-05
91.94	6.26865e-05
91.96	6.25775e-05
91.98	6.24689e-05
92	6.23605e-05
92.02	6.22523e-05
92.04	6.21445e-05
92.06	6.20369e-05
92.08	6.19295e-05
92.1	6.18225e-05
92.12	6.17157e-05
92.14	6.16091e-05
92.16	6.15029e-05
92.18	6.13969e-05
92.2	6.12912e-05
92.22	6.11857e-05
92.24	6.10805e-05
92.26	6.09755e-05
92.28	6.08709e-05
92.3	6.07665e-05
92.32	6.06623e-05
92.34	6.05584e-05
92.36	6.04548e-05
92.38	6.03514e-05
92.4	6.02483e-05
92.42	6.01455e-05
92.44	6.00429e-05
92.46	5.99406e-05
92.48	5.98385e-05
92.5	5.97367e-05
92.52	5.96352e-05
92.54	5.95339e-05
92.56	5.94328e-05
92.58	5.93321e-05
92.6	5.92315e-05
92.62	5.91313e-05
92.64	5.90313e-05
92.66	5.89315e-05
92.68	5.8832e-05
92.7	5.87328e-05
92.72	5.86338e-05
92.74	5.85351e-05
92.76	5.84366e-05
92.78	5.83383e-05
92.8	5.82404e-05
92.82	5.81426e-05
92.84	5.80452e-05
92.86	5.79479e-05
92.88	5.7851e-05
92.9	5.77542e-05
92.92	5.76578e-05
92.94	5.75615e-05
92.96	5.74656e-05
92.98	5.73699e-05
93	5.72744e-05
93.02	5.71791e-05
93.04	5.70842e-05
93.06	5.69894e-05
93.08	5.6895e-05
93.1	5.68007e-05
93.12	5.67067e-05
93.14	5.6613e-05
93.16	5.65195e-05
93.18	5.64262e-05
93.2	5.63332e-05
93.22	5.62404e-05
93.24	5.61479e-05
93.26	5.60557e-05
93.28	5.59636e-05
93.3	5.58718e-05
93.32	5.57803e-05
93.34	5.5689e-05
93.36	5.55979e-05
93.38	5.55071e-05
93.4	5.54165e-05
93.42	5.53262e-05
93.44	5.52361e-05
93.46	5.51462e-05
93.48	5.50566e-05
93.5	5.49672e-05
93.52	5.48781e-05
93.54	5.47892e-05
93.56	5.47006e-05
93.58	5.46122e-05
93.6	5.4524e-05
93.62	5.4436e-05
93.64	5.43483e-05
93.66	5.42609e-05
93.68	5.41737e-05
93.7	5.40867e-05
93.72	5.39999e-05
93.74	5.39134e-05
93.76	5.38271e-05
93.78	5.37411e-05
93.8	5.36553e-05
93.82	5.35697e-05
93.84	5.34844e-05
93.86	5.33993e-05
93.88	5.33144e-05
93.9	5.32298e-05
93.92	5.31454e-05
93.94	5.30613e-05
93.96	5.29773e-05
93.98	5.28936e-05
94	5.28102e-05
94.02	5.2727e-05
94.04	5.2644e-05
94.06	5.25612e-05
94.08	5.24787e-05
94.1	5.23964e-05
94.12	5.23144e-05
94.14	5.22325e-05
94.16	5.21509e-05
94.18	5.20696e-05
94.2	5.19885e-05
94.22	5.19076e-05
94.24	5.18269e-05
94.26	5.17465e-05
94.28	5.16663e-05
94.3	5.15863e-05
94.32	5.15065e-05
94.34	5.1427e-05
94.36	5.13478e-05
94.38	5.12687e-05
94.4	5.11899e-05
94.42	5.11113e-05
94.44	5.10329e-05
94.46	5.09548e-05
94.48	5.08769e-05
94.5	5.07992e-05
94.52	5.07218e-05
94.54	5.06446e-05
94.56	5.05676e-05
94.58	5.04908e-05
94.6	5.04143e-05
94.62	5.0338e-05
94.64	5.02619e-05
94.66	5.01861e-05
94.68	5.01105e-05
94.7	5.00351e-05
94.72	4.99599e-05
94.74	4.9885e-05
94.76	4.98103e-05
94.78	4.97358e-05
94.8	4.96616e-05
94.82	4.95876e-05
94.84	4.95138e-05
94.86	4.94402e-05
94.88	4.93669e-05
94.9	4.92938e-05
94.92	4.92209e-05
94.94	4.91483e-05
94.96	4.90759e-05
94.98	4.90037e-05
95	4.89317e-05
95.02	4.886e-05
95.04	4.87885e-05
95.06	4.87172e-05
95.08	4.86461e-05
95.1	4.85753e-05
95.12	4.85047e-05
95.14	4.84343e-05
95.16	4.83642e-05
95.18	4.82943e-05
95.2	4.82246e-05
95.22	4.81551e-05
95.24	4.80859e-05
95.26	4.80169e-05
95.28	4.79481e-05
95.3	4.78795e-05
95.32	4.78112e-05
95.34	4.77431e-05
95.36	4.76753e-05
95.38	4.76076e-05
95.4	4.75402e-05
95.42	4.7473e-05
95.44	4.74061e-05
95.46	4.73394e-05
95.48	4.72729e-05
95.5	4.72066e-05
95.52	4.71406e-05
95.54	4.70748e-05
95.56	4.70092e-05
95.58	4.69439e-05
95.6	4.68788e-05
95.62	4.68139e-05
95.64	4.67492e-05
95.66	4.66848e-05
95.68	4.66206e-05
95.7	4.65567e-05
95.72	4.64929e-05
95.74	4.64294e-05
95.76	4.63662e-05
95.78	4.63031e-05
95.8	4.62403e-05
95.82	4.61778e-05
95.84	4.61154e-05
95.86	4.60533e-05
95.88	4.59915e-05
95.9	4.59298e-05
95.92	4.58684e-05
95.94	4.58073e-05
95.96	4.57464e-05
95.98	4.56857e-05
96	4.56252e-05
96.02	4.5565e-05
96.04	4.5505e-05
96.06	4.54452e-05
96.08	4.53857e-05
96.1	4.53265e-05
96.12	4.52674e-05
96.14	4.52086e-05
96.16	4.51501e-05
96.18	4.50918e-05
96.2	4.50337e-05
96.22	4.49759e-05
96.24	4.49183e-05
96.26	4.48609e-05
96.28	4.48038e-05
96.3	4.4747e-05
96.32	4.46903e-05
96.34	4.4634e-05
96.36	4.45778e-05
96.38	4.45219e-05
96.4	4.44663e-05
96.42	4.44109e-05
96.44	4.43558e-05
96.46	4.43009e-05
96.48	4.42462e-05
96.5	4.41918e-05
96.52	4.41377e-05
96.54	4.40838e-05
96.56	4.40301e-05
96.58	4.39768e-05
96.6	4.39236e-05
96.62	4.38707e-05
96.64	4.38181e-05
96.66	4.37658e-05
96.68	4.37136e-05
96.7	4.36618e-05
96.72	4.36102e-05
96.74	4.35589e-05
96.76	4.35078e-05
96.78	4.3457e-05
96.8	4.34065e-05
96.82	4.33562e-05
96.84	4.33062e-05
96.86	4.32564e-05
96.88	4.3207e-05
96.9	4.31578e-05
96.92	4.31088e-05
96.94	4.30602e-05
96.96	4.30118e-05
96.98	4.29637e-05
97	4.29159e-05
97.02	4.28683e-05
97.04	4.2821e-05
97.06	4.2774e-05
97.08	4.27273e-05
97.1	4.26809e-05
97.12	4.26348e-05
97.14	4.25889e-05
97.16	4.25434e-05
97.18	4.24981e-05
97.2	4.24531e-05
97.22	4.24085e-05
97.24	4.23641e-05
97.26	4.232e-05
97.28	4.22762e-05
97.3	4.22327e-05
97.32	4.21896e-05
97.34	4.21467e-05
97.36	4.21042e-05
97.38	4.20619e-05
97.4	4.202e-05
97.42	4.19784e-05
97.44	4.19371e-05
97.46	4.18962e-05
97.48	4.18556e-05
97.5	4.18152e-05
97.52	4.17753e-05
97.54	4.17356e-05
97.56	4.16963e-05
97.58	4.16574e-05
97.6	4.16188e-05
97.62	4.15805e-05
97.64	4.15426e-05
97.66	4.1505e-05
97.68	4.14678e-05
97.7	4.1431e-05
97.72	4.13945e-05
97.74	4.13584e-05
97.76	4.13227e-05
97.78	4.12874e-05
97.8	4.12524e-05
97.82	4.12178e-05
97.84	4.11837e-05
97.86	4.11499e-05
97.88	4.11165e-05
97.9	4.10835e-05
97.92	4.1051e-05
97.94	4.10188e-05
97.96	4.09871e-05
97.98	4.09559e-05
98	4.0925e-05
98.02	4.08946e-05
98.04	4.08647e-05
98.06	4.08352e-05
98.08	4.08062e-05
98.1	4.07776e-05
98.12	4.07496e-05
98.14	4.0722e-05
98.16	4.06949e-05
98.18	4.06684e-05
98.2	4.06423e-05
98.22	4.06168e-05
98.24	4.05918e-05
98.26	4.05674e-05
98.28	4.05435e-05
98.3	4.05202e-05
98.32	4.04975e-05
98.34	4.04754e-05
98.36	4.04539e-05
98.38	4.0433e-05
98.4	4.04127e-05
98.42	4.03931e-05
98.44	4.03742e-05
98.46	4.0356e-05
98.48	4.03384e-05
98.5	4.03216e-05
98.52	4.03056e-05
98.54	4.02903e-05
98.56	4.02758e-05
98.58	4.02621e-05
98.6	4.02493e-05
98.62	4.02373e-05
98.64	4.02262e-05
98.66	4.0216e-05
98.68	4.02068e-05
98.7	4.01986e-05
98.72	4.01914e-05
98.74	4.01853e-05
98.76	4.01803e-05
98.78	4.01765e-05
98.8	4.01739e-05
98.82	4.01725e-05
98.84	4.01725e-05
98.86	4.01739e-05
98.88	4.01767e-05
98.9	4.0181e-05
98.92	4.0187e-05
98.94	4.01946e-05
98.96	4.02041e-05
98.98	4.02154e-05
99	4.02288e-05
99.02	4.02444e-05
99.04	4.02623e-05
99.06	4.02827e-05
99.08	4.03057e-05
99.1	4.03317e-05
99.12	4.03608e-05
99.14	4.03933e-05
99.16	4.04295e-05
99.18	4.04699e-05
99.2	4.05148e-05
99.22	4.05648e-05
99.24	4.06205e-05
99.26	4.06826e-05
99.28	4.07521e-05
99.3	4.08301e-05
99.32	4.0918e-05
99.34	4.10177e-05
99.36	4.11314e-05
99.38	4.12625e-05
99.4	4.14155e-05
99.42	4.15967e-05
99.44	4.18161e-05
99.46	4.20893e-05
99.48	4.24441e-05
99.5	4.29336e-05
99.52	4.36735e-05
99.54	4.49358e-05
99.56	4.72611e-05
99.58	5.11628e-05
99.6	5.64688e-05
99.62	6.26069e-05
99.64	6.94225e-05
99.66	7.70895e-05
99.68	8.55906e-05
99.7	9.46415e-05
99.72	0.000103973
99.74	0.000113369
99.76	0.000122553
99.78	0.000131157
99.8	0.000138785
99.82	0.000145109
99.84	0.000149975
99.86	0.000153402
99.88	0.000155518
99.9	0.000156483
99.92	0.000156467
99.94	0.000155653
99.96	0.000154229
99.98	0.000152384
100	0.000150282
100.02	0.000148054
100.04	0.0001458
100.06	0.000143589
100.08	0.000141469
100.1	0.000139468
100.12	0.000137603
100.14	0.00013588
100.16	0.0001343
100.18	0.000132858
100.2	0.000131549
100.22	0.000130363
100.24	0.000129293
100.26	0.000128329
100.28	0.000127461
100.3	0.000126682
100.32	0.000125982
100.34	0.000125354
100.36	0.000124791
100.38	0.000124287
100.4	0.000123836
100.42	0.000123433
100.44	0.000123073
100.46	0.000122753
100.48	0.00012247
100.5	0.000122219
100.52	0.000121999
100.54	0.000121806
100.56	0.00012164
100.58	0.000121497
100.6	0.000121377
100.62	0.000121277
100.64	0.000121197
100.66	0.000121135
100.68	0.00012109
100.7	0.00012106
100.72	0.000121046
100.74	0.000121046
100.76	0.000121059
100.78	0.000121085
100.8	0.000121122
100.82	0.00012117
100.84	0.000121228
100.86	0.000121296
100.88	0.000121373
100.9	0.000121457
100.92	0.00012155
100.94	0.000121649
100.96	0.000121754
100.98	0.000121865
101	0.000121981
101.02	0.000122101
101.04	0.000122225
101.06	0.000122352
101.08	0.000122482
101.1	0.000122614
101.12	0.000122748
101.14	0.000122883
101.16	0.000123018
101.18	0.000123154
101.2	0.000123289
101.22	0.000123423
101.24	0.000123556
101.26	0.000123688
101.28	0.000123817
101.3	0.000123944
101.32	0.000124068
101.34	0.000124189
101.36	0.000124306
101.38	0.00012442
101.4	0.000124529
101.42	0.000124634
101.44	0.000124735
101.46	0.00012483
101.48	0.000124921
101.5	0.000125006
101.52	0.000125085
101.54	0.000125159
101.56	0.000125228
101.58	0.00012529
101.6	0.000125346
101.62	0.000125396
101.64	0.00012544
101.66	0.000125477
101.68	0.000125509
101.7	0.000125533
101.72	0.000125552
101.74	0.000125564
101.76	0.000125569
101.78	0.000125568
101.8	0.000125561
101.82	0.000125547
101.84	0.000125527
101.86	0.000125501
101.88	0.000125468
101.9	0.00012543
101.92	0.000125385
101.94	0.000125334
101.96	0.000125277
101.98	0.000125214
102	0.000125146
102.02	0.000125071
102.04	0.000124992
102.06	0.000124906
102.08	0.000124816
102.1	0.00012472
102.12	0.000124619
102.14	0.000124513
102.16	0.000124403
102.18	0.000124287
102.2	0.000124167
102.22	0.000124042
102.24	0.000123913
102.26	0.00012378
102.28	0.000123642
102.3	0.000123501
102.32	0.000123355
102.34	0.000123206
102.36	0.000123053
102.38	0.000122897
102.4	0.000122737
102.42	0.000122574
102.44	0.000122408
102.46	0.000122238
102.48	0.000122066
102.5	0.000121891
102.52	0.000121713
102.54	0.000121532
102.56	0.000121349
102.58	0.000121164
102.6	0.000120976
102.62	0.000120786
102.64	0.000120594
102.66	0.0001204
102.68	0.000120204
102.7	0.000120005
102.72	0.000119806
102.74	0.000119604
102.76	0.000119401
102.78	0.000119196
102.8	0.00011899
102.82	0.000118783
102.84	0.000118574
102.86	0.000118364
102.88	0.000118153
102.9	0.000117941
102.92	0.000117727
102.94	0.000117513
102.96	0.000117298
102.98	0.000117082
103	0.000116865
103.02	0.000116647
103.04	0.000116429
103.06	0.00011621
103.08	0.00011599
103.1	0.00011577
103.12	0.00011555
103.14	0.000115329
103.16	0.000115107
103.18	0.000114885
103.2	0.000114663
103.22	0.000114441
103.24	0.000114218
103.26	0.000113995
103.28	0.000113772
103.3	0.000113549
103.32	0.000113326
103.34	0.000113102
103.36	0.000112879
103.38	0.000112655
103.4	0.000112432
103.42	0.000112208
103.44	0.000111985
103.46	0.000111761
103.48	0.000111538
103.5	0.000111315
103.52	0.000111092
103.54	0.000110869
103.56	0.000110646
103.58	0.000110423
103.6	0.000110201
103.62	0.000109979
103.64	0.000109757
103.66	0.000109535
103.68	0.000109314
103.7	0.000109093
103.72	0.000108872
103.74	0.000108652
103.76	0.000108432
103.78	0.000108212
103.8	0.000107993
103.82	0.000107774
103.84	0.000107555
103.86	0.000107337
103.88	0.000107119
103.9	0.000106901
103.92	0.000106684
103.94	0.000106468
103.96	0.000106251
103.98	0.000106036
104	0.00010582
104.02	0.000105605
104.04	0.000105391
104.06	0.000105177
104.08	0.000104963
104.1	0.00010475
104.12	0.000104538
104.14	0.000104325
104.16	0.000104114
104.18	0.000103902
104.2	0.000103692
104.22	0.000103482
104.24	0.000103272
104.26	0.000103063
104.28	0.000102854
104.3	0.000102646
104.32	0.000102438
104.34	0.000102231
104.36	0.000102024
104.38	0.000101818
104.4	0.000101612
104.42	0.000101407
104.44	0.000101202
104.46	0.000100998
104.48	0.000100794
104.5	0.000100591
104.52	0.000100389
104.54	0.000100187
104.56	9.9985e-05
104.58	9.97839e-05
104.6	9.95834e-05
104.62	9.93834e-05
104.64	9.91838e-05
104.66	9.89849e-05
104.68	9.87864e-05
104.7	9.85884e-05
104.72	9.8391e-05
104.74	9.81941e-05
104.76	9.79977e-05
104.78	9.78018e-05
104.8	9.76064e-05
104.82	9.74116e-05
104.84	9.72172e-05
104.86	9.70234e-05
104.88	9.68301e-05
104.9	9.66373e-05
104.92	9.6445e-05
104.94	9.62532e-05
104.96	9.6062e-05
104.98	9.58712e-05
105	9.56809e-05
105.02	9.54912e-05
105.04	9.53019e-05
105.06	9.51132e-05
105.08	9.49249e-05
105.1	9.47372e-05
105.12	9.45499e-05
105.14	9.43631e-05
105.16	9.41769e-05
105.18	9.39911e-05
105.2	9.38058e-05
105.22	9.36211e-05
105.24	9.34368e-05
105.26	9.3253e-05
105.28	9.30696e-05
105.3	9.28868e-05
105.32	9.27045e-05
105.34	9.25226e-05
105.36	9.23412e-05
105.38	9.21603e-05
105.4	9.19799e-05
105.42	9.17999e-05
105.44	9.16204e-05
105.46	9.14414e-05
105.48	9.12629e-05
105.5	9.10848e-05
105.52	9.09072e-05
105.54	9.07301e-05
105.56	9.05534e-05
105.58	9.03772e-05
105.6	9.02015e-05
105.62	9.00262e-05
105.64	8.98514e-05
105.66	8.9677e-05
105.68	8.95031e-05
105.7	8.93296e-05
105.72	8.91566e-05
105.74	8.89841e-05
105.76	8.8812e-05
105.78	8.86403e-05
105.8	8.84691e-05
105.82	8.82983e-05
105.84	8.8128e-05
105.86	8.79581e-05
105.88	8.77887e-05
105.9	8.76197e-05
105.92	8.74511e-05
105.94	8.72829e-05
105.96	8.71152e-05
105.98	8.6948e-05
106	8.67811e-05
106.02	8.66147e-05
106.04	8.64487e-05
106.06	8.62831e-05
106.08	8.6118e-05
106.1	8.59533e-05
106.12	8.5789e-05
106.14	8.56251e-05
106.16	8.54616e-05
106.18	8.52986e-05
106.2	8.5136e-05
106.22	8.49738e-05
106.24	8.4812e-05
106.26	8.46506e-05
106.28	8.44896e-05
106.3	8.4329e-05
106.32	8.41688e-05
106.34	8.40091e-05
106.36	8.38497e-05
106.38	8.36908e-05
106.4	8.35322e-05
106.42	8.33741e-05
106.44	8.32163e-05
106.46	8.30589e-05
106.48	8.2902e-05
106.5	8.27454e-05
106.52	8.25892e-05
106.54	8.24335e-05
106.56	8.22781e-05
106.58	8.21231e-05
106.6	8.19685e-05
106.62	8.18142e-05
106.64	8.16604e-05
106.66	8.15069e-05
106.68	8.13539e-05
106.7	8.12012e-05
106.72	8.10489e-05
106.74	8.08969e-05
106.76	8.07454e-05
106.78	8.05942e-05
106.8	8.04434e-05
106.82	8.0293e-05
106.84	8.01429e-05
106.86	7.99932e-05
106.88	7.98439e-05
106.9	7.9695e-05
106.92	7.95464e-05
106.94	7.93982e-05
106.96	7.92504e-05
106.98	7.91029e-05
107	7.89558e-05
107.02	7.88091e-05
107.04	7.86627e-05
107.06	7.85167e-05
107.08	7.8371e-05
107.1	7.82257e-05
107.12	7.80808e-05
107.14	7.79362e-05
107.16	7.7792e-05
107.18	7.76481e-05
107.2	7.75046e-05
107.22	7.73614e-05
107.24	7.72186e-05
107.26	7.70762e-05
107.28	7.69341e-05
107.3	7.67923e-05
107.32	7.66509e-05
107.34	7.65098e-05
107.36	7.63691e-05
107.38	7.62287e-05
107.4	7.60887e-05
107.42	7.5949e-05
107.44	7.58097e-05
107.46	7.56706e-05
107.48	7.5532e-05
107.5	7.53937e-05
107.52	7.52557e-05
107.54	7.5118e-05
107.56	7.49807e-05
107.58	7.48437e-05
107.6	7.47071e-05
107.62	7.45708e-05
107.64	7.44348e-05
107.66	7.42992e-05
107.68	7.41639e-05
107.7	7.40289e-05
107.72	7.38942e-05
107.74	7.37599e-05
107.76	7.36259e-05
107.78	7.34923e-05
107.8	7.33589e-05
107.82	7.32259e-05
107.84	7.30932e-05
107.86	7.29609e-05
107.88	7.28288e-05
107.9	7.26971e-05
107.92	7.25657e-05
107.94	7.24346e-05
107.96	7.23039e-05
107.98	7.21735e-05
108	7.20433e-05
108.02	7.19135e-05
108.04	7.17841e-05
108.06	7.16549e-05
108.08	7.15261e-05
108.1	7.13975e-05
108.12	7.12693e-05
108.14	7.11414e-05
108.16	7.10138e-05
108.18	7.08865e-05
108.2	7.07596e-05
108.22	7.06329e-05
108.24	7.05065e-05
108.26	7.03805e-05
108.28	7.02548e-05
108.3	7.01294e-05
108.32	7.00042e-05
108.34	6.98794e-05
108.36	6.97549e-05
108.38	6.96307e-05
108.4	6.95068e-05
108.42	6.93832e-05
108.44	6.92599e-05
108.46	6.9137e-05
108.48	6.90143e-05
108.5	6.88919e-05
108.52	6.87698e-05
108.54	6.8648e-05
108.56	6.85265e-05
108.58	6.84054e-05
108.6	6.82845e-05
108.62	6.81639e-05
108.64	6.80436e-05
108.66	6.79236e-05
108.68	6.78039e-05
108.7	6.76845e-05
108.72	6.75654e-05
108.74	6.74465e-05
108.76	6.7328e-05
108.78	6.72098e-05
108.8	6.70918e-05
108.82	6.69742e-05
108.84	6.68568e-05
108.86	6.67398e-05
108.88	6.6623e-05
108.9	6.65065e-05
108.92	6.63903e-05
108.94	6.62744e-05
108.96	6.61587e-05
108.98	6.60434e-05
109	6.59283e-05
109.02	6.58136e-05
109.04	6.56991e-05
109.06	6.55849e-05
109.08	6.5471e-05
109.1	6.53573e-05
109.12	6.5244e-05
109.14	6.51309e-05
109.16	6.50181e-05
109.18	6.49056e-05
109.2	6.47934e-05
109.22	6.46814e-05
109.24	6.45698e-05
109.26	6.44584e-05
109.28	6.43473e-05
109.3	6.42364e-05
109.32	6.41259e-05
109.34	6.40156e-05
109.36	6.39056e-05
109.38	6.37959e-05
109.4	6.36864e-05
109.42	6.35773e-05
109.44	6.34684e-05
109.46	6.33598e-05
109.48	6.32514e-05
109.5	6.31433e-05
109.52	6.30355e-05
109.54	6.2928e-05
109.56	6.28207e-05
109.58	6.27137e-05
109.6	6.2607e-05
109.62	6.25006e-05
109.64	6.23944e-05
109.66	6.22885e-05
109.68	6.21829e-05
109.7	6.20775e-05
109.72	6.19724e-05
109.74	6.18675e-05
109.76	6.1763e-05
109.78	6.16587e-05
109.8	6.15546e-05
109.82	6.14509e-05
109.84	6.13474e-05
109.86	6.12441e-05
109.88	6.11412e-05
109.9	6.10385e-05
109.92	6.0936e-05
109.94	6.08338e-05
109.96	6.07319e-05
109.98	6.06303e-05
110	6.05289e-05
110.02	6.04277e-05
110.04	6.03269e-05
110.06	6.02263e-05
110.08	6.01259e-05
110.1	6.00258e-05
110.12	5.9926e-05
110.14	5.98264e-05
110.16	5.97271e-05
110.18	5.96281e-05
110.2	5.95293e-05
110.22	5.94307e-05
110.24	5.93325e-05
110.26	5.92344e-05
110.28	5.91367e-05
110.3	5.90392e-05
110.32	5.89419e-05
110.34	5.88449e-05
110.36	5.87482e-05
110.38	5.86517e-05
110.4	5.85555e-05
110.42	5.84595e-05
110.44	5.83638e-05
110.46	5.82683e-05
110.48	5.81731e-05
110.5	5.80782e-05
110.52	5.79835e-05
110.54	5.7889e-05
110.56	5.77948e-05
110.58	5.77009e-05
110.6	5.76072e-05
110.62	5.75137e-05
110.64	5.74205e-05
110.66	5.73276e-05
110.68	5.72349e-05
110.7	5.71425e-05
110.72	5.70503e-05
110.74	5.69583e-05
110.76	5.68666e-05
110.78	5.67752e-05
110.8	5.6684e-05
110.82	5.65931e-05
110.84	5.65024e-05
110.86	5.64119e-05
110.88	5.63217e-05
110.9	5.62318e-05
110.92	5.6142e-05
110.94	5.60526e-05
110.96	5.59634e-05
110.98	5.58744e-05
111	5.57857e-05
111.02	5.56972e-05
111.04	5.5609e-05
111.06	5.5521e-05
111.08	5.54332e-05
111.1	5.53458e-05
111.12	5.52585e-05
111.14	5.51715e-05
111.16	5.50847e-05
111.18	5.49982e-05
111.2	5.49119e-05
111.22	5.48259e-05
111.24	5.47401e-05
111.26	5.46546e-05
111.28	5.45693e-05
111.3	5.44842e-05
111.32	5.43994e-05
111.34	5.43148e-05
111.36	5.42305e-05
111.38	5.41464e-05
111.4	5.40626e-05
111.42	5.3979e-05
111.44	5.38956e-05
111.46	5.38125e-05
111.48	5.37296e-05
111.5	5.3647e-05
111.52	5.35646e-05
111.54	5.34824e-05
111.56	5.34005e-05
111.58	5.33189e-05
111.6	5.32374e-05
111.62	5.31562e-05
111.64	5.30753e-05
111.66	5.29946e-05
111.68	5.29141e-05
111.7	5.28339e-05
111.72	5.27539e-05
111.74	5.26741e-05
111.76	5.25946e-05
111.78	5.25153e-05
111.8	5.24363e-05
111.82	5.23575e-05
111.84	5.2279e-05
111.86	5.22006e-05
111.88	5.21226e-05
111.9	5.20447e-05
111.92	5.19671e-05
111.94	5.18898e-05
111.96	5.18127e-05
111.98	5.17358e-05
112	5.16591e-05
112.02	5.15827e-05
112.04	5.15066e-05
112.06	5.14306e-05
112.08	5.1355e-05
112.1	5.12795e-05
112.12	5.12043e-05
112.14	5.11293e-05
112.16	5.10546e-05
112.18	5.09801e-05
112.2	5.09059e-05
112.22	5.08319e-05
112.24	5.07581e-05
112.26	5.06846e-05
112.28	5.06113e-05
112.3	5.05382e-05
112.32	5.04654e-05
112.34	5.03928e-05
112.36	5.03205e-05
112.38	5.02484e-05
112.4	5.01765e-05
112.42	5.01049e-05
112.44	5.00335e-05
112.46	4.99624e-05
112.48	4.98915e-05
112.5	4.98208e-05
112.52	4.97504e-05
112.54	4.96802e-05
112.56	4.96103e-05
112.58	4.95406e-05
112.6	4.94712e-05
112.62	4.94019e-05
112.64	4.9333e-05
112.66	4.92642e-05
112.68	4.91958e-05
112.7	4.91275e-05
112.72	4.90595e-05
112.74	4.89917e-05
112.76	4.89242e-05
112.78	4.88569e-05
112.8	4.87899e-05
112.82	4.87231e-05
112.84	4.86566e-05
112.86	4.85903e-05
112.88	4.85242e-05
112.9	4.84584e-05
112.92	4.83928e-05
112.94	4.83275e-05
112.96	4.82624e-05
112.98	4.81976e-05
113	4.8133e-05
113.02	4.80687e-05
113.04	4.80046e-05
113.06	4.79408e-05
113.08	4.78772e-05
113.1	4.78138e-05
113.12	4.77507e-05
113.14	4.76879e-05
113.16	4.76253e-05
113.18	4.75629e-05
113.2	4.75008e-05
113.22	4.7439e-05
113.24	4.73774e-05
113.26	4.73161e-05
113.28	4.7255e-05
113.3	4.71941e-05
113.32	4.71336e-05
113.34	4.70732e-05
113.36	4.70132e-05
113.38	4.69533e-05
113.4	4.68938e-05
113.42	4.68345e-05
113.44	4.67754e-05
113.46	4.67167e-05
113.48	4.66581e-05
113.5	4.65999e-05
113.52	4.65419e-05
113.54	4.64841e-05
113.56	4.64266e-05
113.58	4.63694e-05
113.6	4.63125e-05
113.62	4.62558e-05
113.64	4.61994e-05
113.66	4.61432e-05
113.68	4.60873e-05
113.7	4.60317e-05
113.72	4.59764e-05
113.74	4.59213e-05
113.76	4.58665e-05
113.78	4.5812e-05
113.8	4.57577e-05
113.82	4.57037e-05
113.84	4.565e-05
113.86	4.55966e-05
113.88	4.55434e-05
113.9	4.54905e-05
113.92	4.5438e-05
113.94	4.53857e-05
113.96	4.53336e-05
113.98	4.52819e-05
114	4.52304e-05
114.02	4.51793e-05
114.04	4.51284e-05
114.06	4.50778e-05
114.08	4.50275e-05
114.1	4.49775e-05
114.12	4.49278e-05
114.14	4.48784e-05
114.16	4.48293e-05
114.18	4.47805e-05
114.2	4.4732e-05
114.22	4.46838e-05
114.24	4.46359e-05
114.26	4.45884e-05
114.28	4.45411e-05
114.3	4.44941e-05
114.32	4.44475e-05
114.34	4.44012e-05
114.36	4.43552e-05
114.38	4.43095e-05
114.4	4.42641e-05
114.42	4.42191e-05
114.44	4.41744e-05
114.46	4.413e-05
114.48	4.4086e-05
114.5	4.40423e-05
114.52	4.39989e-05
114.54	4.39559e-05
114.56	4.39132e-05
114.58	4.38709e-05
114.6	4.38289e-05
114.62	4.37873e-05
114.64	4.37461e-05
114.66	4.37052e-05
114.68	4.36646e-05
114.7	4.36245e-05
114.72	4.35847e-05
114.74	4.35453e-05
114.76	4.35063e-05
114.78	4.34676e-05
114.8	4.34294e-05
114.82	4.33915e-05
114.84	4.33541e-05
114.86	4.3317e-05
114.88	4.32804e-05
114.9	4.32441e-05
114.92	4.32083e-05
114.94	4.31729e-05
114.96	4.3138e-05
114.98	4.31035e-05
115	4.30694e-05
115.02	4.30358e-05
115.04	4.30026e-05
115.06	4.29699e-05
115.08	4.29376e-05
115.1	4.29059e-05
115.12	4.28746e-05
115.14	4.28438e-05
115.16	4.28135e-05
115.18	4.27837e-05
115.2	4.27544e-05
115.22	4.27257e-05
115.24	4.26975e-05
115.26	4.26698e-05
115.28	4.26427e-05
115.3	4.26162e-05
115.32	4.25903e-05
115.34	4.25649e-05
115.36	4.25401e-05
115.38	4.2516e-05
115.4	4.24925e-05
115.42	4.24696e-05
115.44	4.24474e-05
115.46	4.24259e-05
115.48	4.2405e-05
115.5	4.23849e-05
115.52	4.23655e-05
115.54	4.23468e-05
115.56	4.23289e-05
115.58	4.23118e-05
115.6	4.22955e-05
115.62	4.22801e-05
115.64	4.22655e-05
115.66	4.22518e-05
115.68	4.2239e-05
115.7	4.22272e-05
115.72	4.22164e-05
115.74	4.22065e-05
115.76	4.21978e-05
115.78	4.21901e-05
115.8	4.21836e-05
115.82	4.21782e-05
115.84	4.21741e-05
115.86	4.21713e-05
115.88	4.21698e-05
115.9	4.21698e-05
115.92	4.21712e-05
115.94	4.21742e-05
115.96	4.21788e-05
115.98	4.21851e-05
116	4.21933e-05
116.02	4.22034e-05
116.04	4.22156e-05
116.06	4.22299e-05
116.08	4.22466e-05
116.1	4.22658e-05
116.12	4.22876e-05
116.14	4.23124e-05
116.16	4.23403e-05
116.18	4.23716e-05
116.2	4.24066e-05
116.22	4.24457e-05
116.24	4.24893e-05
116.26	4.25379e-05
116.28	4.2592e-05
116.3	4.26525e-05
116.32	4.27201e-05
116.34	4.27958e-05
116.36	4.28811e-05
116.38	4.29774e-05
116.4	4.30871e-05
116.42	4.32128e-05
116.44	4.33586e-05
116.46	4.35297e-05
116.48	4.37343e-05
116.5	4.39849e-05
116.52	4.43023e-05
116.54	4.47241e-05
116.56	4.5327e-05
116.58	4.62849e-05
116.6	4.79985e-05
116.62	5.10987e-05
116.64	5.58662e-05
116.66	6.18195e-05
116.68	6.8476e-05
116.7	7.58776e-05
116.72	8.41652e-05
116.74	9.31686e-05
116.76	0.000102572
116.78	0.00011213
116.8	0.000121606
116.82	0.000130676
116.84	0.00013895
116.86	0.000146051
116.88	0.000151721
116.9	0.000155896
116.92	0.000158658
116.94	0.00016016
116.96	0.000160574
116.98	0.000160079
117	0.000158862
117.02	0.00015712
117.04	0.000155033
117.06	0.000152755
117.08	0.000150404
117.1	0.000148067
117.12	0.000145804
117.14	0.000143653
117.16	0.000141637
117.18	0.000139766
117.2	0.000138044
117.22	0.00013647
117.24	0.000135037
117.26	0.000133737
117.28	0.000132562
117.3	0.000131502
117.32	0.000130547
117.34	0.000129688
117.36	0.000128917
117.38	0.000128224
117.4	0.000127602
117.42	0.000127045
117.44	0.000126545
117.46	0.000126098
117.48	0.000125699
117.5	0.000125343
117.52	0.000125026
117.54	0.000124745
117.56	0.000124497
117.58	0.000124279
117.6	0.000124089
117.62	0.000123924
117.64	0.000123784
117.66	0.000123666
117.68	0.000123568
117.7	0.00012349
117.72	0.00012343
117.74	0.000123387
117.76	0.00012336
117.78	0.000123348
117.8	0.000123351
117.82	0.000123366
117.84	0.000123394
117.86	0.000123434
117.88	0.000123484
117.9	0.000123545
117.92	0.000123615
117.94	0.000123693
117.96	0.00012378
117.98	0.000123875
118	0.000123976
118.02	0.000124083
118.04	0.000124195
118.06	0.000124313
118.08	0.000124435
118.1	0.00012456
118.12	0.000124689
118.14	0.00012482
118.16	0.000124953
118.18	0.000125088
118.2	0.000125224
118.22	0.00012536
118.24	0.000125496
118.26	0.000125631
118.28	0.000125765
118.3	0.000125898
118.32	0.00012603
118.34	0.000126159
118.36	0.000126285
118.38	0.000126408
118.4	0.000126529
118.42	0.000126645
118.44	0.000126757
118.46	0.000126866
118.48	0.000126969
118.5	0.000127068
118.52	0.000127162
118.54	0.000127251
118.56	0.000127334
118.58	0.000127411
118.6	0.000127483
118.62	0.000127549
118.64	0.000127609
118.66	0.000127663
118.68	0.00012771
118.7	0.000127752
118.72	0.000127786
118.74	0.000127815
118.76	0.000127837
118.78	0.000127852
118.8	0.000127861
118.82	0.000127864
118.84	0.00012786
118.86	0.000127849
118.88	0.000127832
118.9	0.000127809
118.92	0.000127779
118.94	0.000127743
118.96	0.000127701
118.98	0.000127653
119	0.000127599
119.02	0.000127538
119.04	0.000127472
119.06	0.0001274
119.08	0.000127322
119.1	0.000127239
119.12	0.00012715
119.14	0.000127056
119.16	0.000126957
119.18	0.000126852
119.2	0.000126743
119.22	0.000126629
119.24	0.000126509
119.26	0.000126386
119.28	0.000126257
119.3	0.000126125
119.32	0.000125988
119.34	0.000125847
119.36	0.000125702
119.38	0.000125553
119.4	0.0001254
119.42	0.000125244
119.44	0.000125084
119.46	0.00012492
119.48	0.000124754
119.5	0.000124584
119.52	0.000124411
119.54	0.000124235
119.56	0.000124057
119.58	0.000123875
119.6	0.000123691
119.62	0.000123505
119.64	0.000123316
119.66	0.000123125
119.68	0.000122931
119.7	0.000122736
119.72	0.000122538
119.74	0.000122338
119.76	0.000122137
119.78	0.000121934
119.8	0.000121729
119.82	0.000121522
119.84	0.000121314
119.86	0.000121105
119.88	0.000120894
119.9	0.000120682
119.92	0.000120469
119.94	0.000120254
119.96	0.000120039
119.98	0.000119822
120	0.000119604
120.02	0.000119386
120.04	0.000119167
120.06	0.000118947
120.08	0.000118726
120.1	0.000118504
120.12	0.000118282
120.14	0.000118059
120.16	0.000117836
120.18	0.000117612
120.2	0.000117388
120.22	0.000117163
120.24	0.000116938
120.26	0.000116713
120.28	0.000116487
120.3	0.000116261
120.32	0.000116035
120.34	0.000115809
120.36	0.000115583
120.38	0.000115356
120.4	0.00011513
120.42	0.000114903
120.44	0.000114676
120.46	0.00011445
120.48	0.000114223
120.5	0.000113996
120.52	0.00011377
120.54	0.000113544
120.56	0.000113317
120.58	0.000113091
120.6	0.000112865
120.62	0.000112639
120.64	0.000112414
120.66	0.000112188
120.68	0.000111963
120.7	0.000111738
120.72	0.000111514
120.74	0.000111289
120.76	0.000111065
120.78	0.000110841
120.8	0.000110618
120.82	0.000110395
120.84	0.000110172
120.86	0.00010995
120.88	0.000109728
120.9	0.000109506
120.92	0.000109285
120.94	0.000109064
120.96	0.000108843
120.98	0.000108623
121	0.000108404
121.02	0.000108184
121.04	0.000107966
121.06	0.000107747
121.08	0.00010753
121.1	0.000107312
121.12	0.000107095
121.14	0.000106879
121.16	0.000106663
121.18	0.000106447
121.2	0.000106232
121.22	0.000106017
121.24	0.000105803
121.26	0.00010559
121.28	0.000105377
121.3	0.000105164
121.32	0.000104952
121.34	0.00010474
121.36	0.000104529
121.38	0.000104319
121.4	0.000104109
121.42	0.000103899
121.44	0.00010369
121.46	0.000103481
121.48	0.000103273
121.5	0.000103066
121.52	0.000102859
121.54	0.000102652
121.56	0.000102446
121.58	0.000102241
121.6	0.000102036
121.62	0.000101832
121.64	0.000101628
121.66	0.000101425
121.68	0.000101222
121.7	0.00010102
121.72	0.000100818
121.74	0.000100617
121.76	0.000100416
121.78	0.000100216
121.8	0.000100016
121.82	9.98169e-05
121.84	9.96183e-05
121.86	9.94202e-05
121.88	9.92226e-05
121.9	9.90256e-05
121.92	9.8829e-05
121.94	9.8633e-05
121.96	9.84375e-05
121.98	9.82425e-05
122	9.80481e-05
122.02	9.78541e-05
122.04	9.76607e-05
122.06	9.74677e-05
122.08	9.72753e-05
122.1	9.70834e-05
122.12	9.6892e-05
122.14	9.67011e-05
122.16	9.65107e-05
122.18	9.63209e-05
122.2	9.61315e-05
122.22	9.59426e-05
122.24	9.57542e-05
122.26	9.55663e-05
122.28	9.5379e-05
122.3	9.51921e-05
122.32	9.50057e-05
122.34	9.48198e-05
122.36	9.46344e-05
122.38	9.44494e-05
122.4	9.4265e-05
122.42	9.40811e-05
122.44	9.38976e-05
122.46	9.37146e-05
122.48	9.35321e-05
122.5	9.33501e-05
122.52	9.31686e-05
122.54	9.29875e-05
122.56	9.28069e-05
122.58	9.26268e-05
122.6	9.24472e-05
122.62	9.2268e-05
122.64	9.20893e-05
122.66	9.19111e-05
122.68	9.17333e-05
122.7	9.1556e-05
122.72	9.13792e-05
122.74	9.12028e-05
122.76	9.10268e-05
122.78	9.08514e-05
122.8	9.06764e-05
122.82	9.05018e-05
122.84	9.03277e-05
122.86	9.01541e-05
122.88	8.99809e-05
122.9	8.98081e-05
122.92	8.96358e-05
122.94	8.9464e-05
122.96	8.92925e-05
122.98	8.91216e-05
123	8.8951e-05
123.02	8.87809e-05
123.04	8.86113e-05
123.06	8.84421e-05
123.08	8.82733e-05
123.1	8.81049e-05
123.12	8.7937e-05
123.14	8.77695e-05
123.16	8.76024e-05
123.18	8.74358e-05
123.2	8.72695e-05
123.22	8.71038e-05
123.24	8.69384e-05
123.26	8.67734e-05
123.28	8.66089e-05
123.3	8.64448e-05
123.32	8.62811e-05
123.34	8.61178e-05
123.36	8.59549e-05
123.38	8.57925e-05
123.4	8.56304e-05
123.42	8.54688e-05
123.44	8.53076e-05
123.46	8.51467e-05
123.48	8.49863e-05
123.5	8.48263e-05
123.52	8.46667e-05
123.54	8.45075e-05
123.56	8.43487e-05
123.58	8.41903e-05
123.6	8.40323e-05
123.62	8.38746e-05
123.64	8.37174e-05
123.66	8.35606e-05
123.68	8.34042e-05
123.7	8.32481e-05
123.72	8.30925e-05
123.74	8.29372e-05
123.76	8.27823e-05
123.78	8.26278e-05
123.8	8.24737e-05
123.82	8.232e-05
123.84	8.21666e-05
123.86	8.20137e-05
123.88	8.18611e-05
123.9	8.17089e-05
123.92	8.15571e-05
123.94	8.14056e-05
123.96	8.12546e-05
123.98	8.11039e-05
124	8.09535e-05
124.02	8.08036e-05
124.04	8.0654e-05
124.06	8.05048e-05
124.08	8.03559e-05
124.1	8.02075e-05
124.12	8.00594e-05
124.14	7.99116e-05
124.16	7.97642e-05
124.18	7.96172e-05
124.2	7.94706e-05
124.22	7.93243e-05
124.24	7.91783e-05
124.26	7.90328e-05
124.28	7.88876e-05
124.3	7.87427e-05
124.32	7.85982e-05
124.34	7.84541e-05
124.36	7.83103e-05
124.38	7.81668e-05
124.4	7.80237e-05
124.42	7.7881e-05
124.44	7.77386e-05
124.46	7.75966e-05
124.48	7.74549e-05
124.5	7.73136e-05
124.52	7.71726e-05
124.54	7.70319e-05
124.56	7.68916e-05
124.58	7.67517e-05
124.6	7.66121e-05
124.62	7.64728e-05
124.64	7.63338e-05
124.66	7.61953e-05
124.68	7.6057e-05
124.7	7.59191e-05
124.72	7.57815e-05
124.74	7.56443e-05
124.76	7.55074e-05
124.78	7.53708e-05
124.8	7.52346e-05
124.82	7.50987e-05
124.84	7.49631e-05
124.86	7.48279e-05
124.88	7.4693e-05
124.9	7.45584e-05
124.92	7.44241e-05
124.94	7.42902e-05
124.96	7.41566e-05
124.98	7.40234e-05
125	7.38904e-05
125.02	7.37578e-05
125.04	7.36255e-05
125.06	7.34936e-05
125.08	7.33619e-05
125.1	7.32306e-05
125.12	7.30996e-05
125.14	7.29689e-05
125.16	7.28386e-05
125.18	7.27086e-05
125.2	7.25788e-05
125.22	7.24494e-05
125.24	7.23204e-05
125.26	7.21916e-05
125.28	7.20631e-05
125.3	7.1935e-05
125.32	7.18072e-05
125.34	7.16797e-05
125.36	7.15525e-05
125.38	7.14256e-05
125.4	7.1299e-05
125.42	7.11728e-05
125.44	7.10468e-05
125.46	7.09212e-05
125.48	7.07959e-05
125.5	7.06708e-05
125.52	7.05461e-05
125.54	7.04217e-05
125.56	7.02976e-05
125.58	7.01738e-05
125.6	7.00503e-05
125.62	6.99271e-05
125.64	6.98043e-05
125.66	6.96817e-05
125.68	6.95594e-05
125.7	6.94374e-05
125.72	6.93157e-05
125.74	6.91944e-05
125.76	6.90733e-05
125.78	6.89525e-05
125.8	6.88321e-05
125.82	6.87119e-05
125.84	6.8592e-05
125.86	6.84724e-05
125.88	6.83531e-05
125.9	6.82341e-05
125.92	6.81154e-05
125.94	6.7997e-05
125.96	6.78789e-05
125.98	6.77611e-05
126	6.76436e-05
126.02	6.75264e-05
126.04	6.74094e-05
126.06	6.72928e-05
126.08	6.71764e-05
126.1	6.70604e-05
126.12	6.69446e-05
126.14	6.68291e-05
126.16	6.67139e-05
126.18	6.6599e-05
126.2	6.64844e-05
126.22	6.63701e-05
126.24	6.6256e-05
126.26	6.61422e-05
126.28	6.60288e-05
126.3	6.59156e-05
126.32	6.58027e-05
126.34	6.56901e-05
126.36	6.55777e-05
126.38	6.54657e-05
126.4	6.53539e-05
126.42	6.52424e-05
126.44	6.51312e-05
126.46	6.50202e-05
126.48	6.49096e-05
126.5	6.47992e-05
126.52	6.46891e-05
126.54	6.45793e-05
126.56	6.44698e-05
126.58	6.43606e-05
126.6	6.42516e-05
126.62	6.41429e-05
126.64	6.40345e-05
126.66	6.39263e-05
126.68	6.38185e-05
126.7	6.37109e-05
126.72	6.36035e-05
126.74	6.34965e-05
126.76	6.33897e-05
126.78	6.32832e-05
126.8	6.3177e-05
126.82	6.30711e-05
126.84	6.29654e-05
126.86	6.286e-05
126.88	6.27548e-05
126.9	6.265e-05
126.92	6.25454e-05
126.94	6.24411e-05
126.96	6.2337e-05
126.98	6.22332e-05
127	6.21297e-05
127.02	6.20265e-05
127.04	6.19235e-05
127.06	6.18208e-05
127.08	6.17184e-05
127.1	6.16162e-05
127.12	6.15143e-05
127.14	6.14126e-05
127.16	6.13113e-05
127.18	6.12102e-05
127.2	6.11093e-05
127.22	6.10087e-05
127.24	6.09084e-05
127.26	6.08084e-05
127.28	6.07086e-05
127.3	6.06091e-05
127.32	6.05098e-05
127.34	6.04108e-05
127.36	6.03121e-05
127.38	6.02136e-05
127.4	6.01154e-05
127.42	6.00175e-05
127.44	5.99198e-05
127.46	5.98224e-05
127.48	5.97252e-05
127.5	5.96283e-05
127.52	5.95317e-05
127.54	5.94353e-05
127.56	5.93392e-05
127.58	5.92433e-05
127.6	5.91477e-05
127.62	5.90523e-05
127.64	5.89573e-05
127.66	5.88624e-05
127.68	5.87678e-05
127.7	5.86735e-05
127.72	5.85795e-05
127.74	5.84857e-05
127.76	5.83921e-05
127.78	5.82988e-05
127.8	5.82058e-05
127.82	5.8113e-05
127.84	5.80205e-05
127.86	5.79282e-05
127.88	5.78362e-05
127.9	5.77445e-05
127.92	5.7653e-05
127.94	5.75617e-05
127.96	5.74707e-05
127.98	5.738e-05
128	5.72895e-05
128.02	5.71993e-05
128.04	5.71093e-05
128.06	5.70196e-05
128.08	5.69301e-05
128.1	5.68409e-05
128.12	5.67519e-05
128.14	5.66632e-05
128.16	5.65747e-05
128.18	5.64865e-05
128.2	5.63985e-05
128.22	5.63108e-05
128.24	5.62234e-05
128.26	5.61361e-05
128.28	5.60492e-05
128.3	5.59625e-05
128.32	5.5876e-05
128.34	5.57898e-05
128.36	5.57039e-05
128.38	5.56182e-05
128.4	5.55327e-05
128.42	5.54475e-05
128.44	5.53625e-05
128.46	5.52778e-05
128.48	5.51934e-05
128.5	5.51092e-05
128.52	5.50252e-05
128.54	5.49415e-05
128.56	5.4858e-05
128.58	5.47748e-05
128.6	5.46918e-05
128.62	5.46091e-05
128.64	5.45266e-05
128.66	5.44444e-05
128.68	5.43625e-05
128.7	5.42807e-05
128.72	5.41992e-05
128.74	5.4118e-05
128.76	5.4037e-05
128.78	5.39563e-05
128.8	5.38758e-05
128.82	5.37956e-05
128.84	5.37156e-05
128.86	5.36359e-05
128.88	5.35564e-05
128.9	5.34771e-05
128.92	5.33981e-05
128.94	5.33194e-05
128.96	5.32409e-05
128.98	5.31626e-05
129	5.30846e-05
129.02	5.30069e-05
129.04	5.29293e-05
129.06	5.28521e-05
129.08	5.27751e-05
129.1	5.26983e-05
129.12	5.26218e-05
129.14	5.25455e-05
129.16	5.24695e-05
129.18	5.23937e-05
129.2	5.23182e-05
129.22	5.22429e-05
129.24	5.21679e-05
129.26	5.20931e-05
129.28	5.20186e-05
129.3	5.19443e-05
129.32	5.18702e-05
129.34	5.17965e-05
129.36	5.17229e-05
129.38	5.16496e-05
129.4	5.15766e-05
129.42	5.15038e-05
129.44	5.14313e-05
129.46	5.1359e-05
129.48	5.12869e-05
129.5	5.12151e-05
129.52	5.11436e-05
129.54	5.10723e-05
129.56	5.10013e-05
129.58	5.09305e-05
129.6	5.086e-05
129.62	5.07897e-05
129.64	5.07197e-05
129.66	5.06499e-05
129.68	5.05804e-05
129.7	5.05111e-05
129.72	5.04421e-05
129.74	5.03733e-05
129.76	5.03048e-05
129.78	5.02365e-05
129.8	5.01685e-05
129.82	5.01008e-05
129.84	5.00333e-05
129.86	4.9966e-05
129.88	4.98991e-05
129.9	4.98323e-05
129.92	4.97659e-05
129.94	4.96997e-05
129.96	4.96337e-05
129.98	4.9568e-05
130	4.95026e-05
130.02	4.94374e-05
130.04	4.93725e-05
130.06	4.93078e-05
130.08	4.92434e-05
130.1	4.91793e-05
130.12	4.91154e-05
130.14	4.90518e-05
130.16	4.89884e-05
130.18	4.89254e-05
130.2	4.88625e-05
130.22	4.88e-05
130.24	4.87377e-05
130.26	4.86757e-05
130.28	4.86139e-05
130.3	4.85524e-05
130.32	4.84912e-05
130.34	4.84302e-05
130.36	4.83696e-05
130.38	4.83091e-05
130.4	4.8249e-05
130.42	4.81891e-05
130.44	4.81295e-05
130.46	4.80702e-05
130.48	4.80112e-05
130.5	4.79524e-05
130.52	4.78939e-05
130.54	4.78357e-05
130.56	4.77778e-05
130.58	4.77201e-05
130.6	4.76627e-05
130.62	4.76056e-05
130.64	4.75488e-05
130.66	4.74923e-05
130.68	4.74361e-05
130.7	4.73801e-05
130.72	4.73244e-05
130.74	4.72691e-05
130.76	4.7214e-05
130.78	4.71592e-05
130.8	4.71047e-05
130.82	4.70505e-05
130.84	4.69966e-05
130.86	4.69429e-05
130.88	4.68896e-05
130.9	4.68366e-05
130.92	4.67839e-05
130.94	4.67315e-05
130.96	4.66794e-05
130.98	4.66276e-05
131	4.65761e-05
131.02	4.65249e-05
131.04	4.64741e-05
131.06	4.64235e-05
131.08	4.63733e-05
131.1	4.63234e-05
131.12	4.62738e-05
131.14	4.62245e-05
131.16	4.61756e-05
131.18	4.61269e-05
131.2	4.60786e-05
131.22	4.60307e-05
131.24	4.59831e-05
131.26	4.59358e-05
131.28	4.58888e-05
131.3	4.58422e-05
131.32	4.5796e-05
131.34	4.575e-05
131.36	4.57045e-05
131.38	4.56593e-05
131.4	4.56144e-05
131.42	4.55699e-05
131.44	4.55258e-05
131.46	4.5482e-05
131.48	4.54386e-05
131.5	4.53956e-05
131.52	4.53529e-05
131.54	4.53107e-05
131.56	4.52688e-05
131.58	4.52273e-05
131.6	4.51862e-05
131.62	4.51455e-05
131.64	4.51052e-05
131.66	4.50653e-05
131.68	4.50258e-05
131.7	4.49867e-05
131.72	4.49481e-05
131.74	4.49098e-05
131.76	4.4872e-05
131.78	4.48347e-05
131.8	4.47977e-05
131.82	4.47613e-05
131.84	4.47253e-05
131.86	4.46897e-05
131.88	4.46546e-05
131.9	4.462e-05
131.92	4.45858e-05
131.94	4.45522e-05
131.96	4.4519e-05
131.98	4.44864e-05
132	4.44542e-05
132.02	4.44226e-05
132.04	4.43915e-05
132.06	4.4361e-05
132.08	4.4331e-05
132.1	4.43015e-05
132.12	4.42727e-05
132.14	4.42444e-05
132.16	4.42167e-05
132.18	4.41896e-05
132.2	4.41631e-05
132.22	4.41373e-05
132.24	4.4112e-05
132.26	4.40875e-05
132.28	4.40636e-05
132.3	4.40404e-05
132.32	4.40179e-05
132.34	4.39962e-05
132.36	4.39752e-05
132.38	4.39549e-05
132.4	4.39354e-05
132.42	4.39168e-05
132.44	4.38989e-05
132.46	4.38819e-05
132.48	4.38658e-05
132.5	4.38506e-05
132.52	4.38363e-05
132.54	4.3823e-05
132.56	4.38107e-05
132.58	4.37994e-05
132.6	4.37892e-05
132.62	4.378e-05
132.64	4.37721e-05
132.66	4.37653e-05
132.68	4.37598e-05
132.7	4.37556e-05
132.72	4.37527e-05
132.74	4.37513e-05
132.76	4.37513e-05
132.78	4.3753e-05
132.8	4.37562e-05
132.82	4.37612e-05
132.84	4.3768e-05
132.86	4.37767e-05
132.88	4.37875e-05
132.9	4.38005e-05
132.92	4.38158e-05
132.94	4.38335e-05
132.96	4.3854e-05
132.98	4.38773e-05
133	4.39036e-05
133.02	4.39334e-05
133.04	4.39667e-05
133.06	4.40041e-05
133.08	4.40458e-05
133.1	4.40924e-05
133.12	4.41444e-05
133.14	4.42024e-05
133.16	4.42672e-05
133.18	4.43398e-05
133.2	4.44214e-05
133.22	4.45134e-05
133.24	4.46177e-05
133.26	4.47368e-05
133.28	4.4874e-05
133.3	4.50338e-05
133.32	4.52228e-05
133.34	4.54507e-05
133.36	4.57332e-05
133.38	4.60971e-05
133.4	4.65931e-05
133.42	4.73286e-05
133.44	4.85553e-05
133.46	5.08056e-05
133.48	5.46888e-05
133.5	6.01598e-05
133.52	6.65898e-05
133.54	7.36897e-05
133.56	8.16084e-05
133.58	9.03809e-05
133.6	9.9732e-05
133.62	0.000109357
133.64	0.000119023
133.66	0.00012846
133.68	0.000137312
133.7	0.000145181
133.72	0.000151729
133.74	0.000156776
133.76	0.000160329
133.78	0.000162512
133.8	0.000163491
133.82	0.000163445
133.84	0.000162558
133.86	0.000161025
133.88	0.000159041
133.9	0.000156779
133.92	0.00015438
133.94	0.00015195
133.96	0.000149566
133.98	0.000147279
134	0.000145119
134.02	0.000143104
134.04	0.000141242
134.06	0.000139534
134.08	0.000137975
134.1	0.000136558
134.12	0.000135275
134.14	0.000134116
134.16	0.000133071
134.18	0.00013213
134.2	0.000131284
134.22	0.000130524
134.24	0.000129841
134.26	0.000129228
134.28	0.000128679
134.3	0.000128187
134.32	0.000127746
134.34	0.000127353
134.36	0.000127002
134.38	0.00012669
134.4	0.000126413
134.42	0.000126169
134.44	0.000125955
134.46	0.000125768
134.48	0.000125607
134.5	0.00012547
134.52	0.000125355
134.54	0.00012526
134.56	0.000125185
134.58	0.000125128
134.6	0.000125088
134.62	0.000125064
134.64	0.000125055
134.66	0.00012506
134.68	0.000125079
134.7	0.000125109
134.72	0.000125151
134.74	0.000125204
134.76	0.000125267
134.78	0.00012534
134.8	0.000125421
134.82	0.00012551
134.84	0.000125607
134.86	0.00012571
134.88	0.000125819
134.9	0.000125933
134.92	0.000126052
134.94	0.000126176
134.96	0.000126303
134.98	0.000126433
135	0.000126565
135.02	0.000126699
135.04	0.000126835
135.06	0.000126971
135.08	0.000127108
135.1	0.000127244
135.12	0.00012738
135.14	0.000127514
135.16	0.000127647
135.18	0.000127778
135.2	0.000127907
135.22	0.000128033
135.24	0.000128156
135.26	0.000128275
135.28	0.000128391
135.3	0.000128502
135.32	0.000128609
135.34	0.000128712
135.36	0.000128809
135.38	0.000128902
135.4	0.000128989
135.42	0.000129071
135.44	0.000129147
135.46	0.000129217
135.48	0.000129281
135.5	0.000129339
135.52	0.00012939
135.54	0.000129436
135.56	0.000129475
135.58	0.000129507
135.6	0.000129534
135.62	0.000129553
135.64	0.000129566
135.66	0.000129573
135.68	0.000129573
135.7	0.000129566
135.72	0.000129553
135.74	0.000129534
135.76	0.000129508
135.78	0.000129475
135.8	0.000129437
135.82	0.000129392
135.84	0.000129341
135.86	0.000129284
135.88	0.000129221
135.9	0.000129152
135.92	0.000129077
135.94	0.000128996
135.96	0.00012891
135.98	0.000128819
136	0.000128722
136.02	0.00012862
136.04	0.000128512
136.06	0.0001284
136.08	0.000128283
136.1	0.000128161
136.12	0.000128035
136.14	0.000127903
136.16	0.000127768
136.18	0.000127628
136.2	0.000127485
136.22	0.000127337
136.24	0.000127185
136.26	0.00012703
136.28	0.000126871
136.3	0.000126708
136.32	0.000126542
136.34	0.000126373
136.36	0.0001262
136.38	0.000126025
136.4	0.000125846
136.42	0.000125665
136.44	0.000125481
136.46	0.000125294
136.48	0.000125105
136.5	0.000124914
136.52	0.00012472
136.54	0.000124524
136.56	0.000124326
136.58	0.000124126
136.6	0.000123924
136.62	0.00012372
136.64	0.000123514
136.66	0.000123307
136.68	0.000123098
136.7	0.000122887
136.72	0.000122675
136.74	0.000122462
136.76	0.000122247
136.78	0.000122032
136.8	0.000121815
136.82	0.000121597
136.84	0.000121378
136.86	0.000121158
136.88	0.000120937
136.9	0.000120715
136.92	0.000120493
136.94	0.000120269
136.96	0.000120045
136.98	0.000119821
137	0.000119596
137.02	0.00011937
137.04	0.000119144
137.06	0.000118917
137.08	0.00011869
137.1	0.000118463
137.12	0.000118236
137.14	0.000118008
137.16	0.000117779
137.18	0.000117551
137.2	0.000117323
137.22	0.000117094
137.24	0.000116865
137.26	0.000116636
137.28	0.000116407
137.3	0.000116178
137.32	0.000115949
137.34	0.000115721
137.36	0.000115492
137.38	0.000115263
137.4	0.000115034
137.42	0.000114806
137.44	0.000114577
137.46	0.000114349
137.48	0.000114121
137.5	0.000113893
137.52	0.000113666
137.54	0.000113438
137.56	0.000113211
137.58	0.000112984
137.6	0.000112758
137.62	0.000112532
137.64	0.000112306
137.66	0.00011208
137.68	0.000111855
137.7	0.00011163
137.72	0.000111405
137.74	0.000111181
137.76	0.000110957
137.78	0.000110734
137.8	0.000110511
137.82	0.000110288
137.84	0.000110066
137.86	0.000109844
137.88	0.000109623
137.9	0.000109402
137.92	0.000109182
137.94	0.000108962
137.96	0.000108742
137.98	0.000108523
138	0.000108304
138.02	0.000108086
138.04	0.000107869
138.06	0.000107651
138.08	0.000107435
138.1	0.000107219
138.12	0.000107003
138.14	0.000106788
138.16	0.000106573
138.18	0.000106359
138.2	0.000106145
138.22	0.000105932
138.24	0.000105719
138.26	0.000105507
138.28	0.000105296
138.3	0.000105084
138.32	0.000104874
138.34	0.000104664
138.36	0.000104454
138.38	0.000104245
138.4	0.000104037
138.42	0.000103829
138.44	0.000103621
138.46	0.000103415
138.48	0.000103208
138.5	0.000103002
138.52	0.000102797
138.54	0.000102592
138.56	0.000102388
138.58	0.000102184
138.6	0.000101981
138.62	0.000101778
138.64	0.000101576
138.66	0.000101374
138.68	0.000101173
138.7	0.000100973
138.72	0.000100773
138.74	0.000100573
138.76	0.000100374
138.78	0.000100176
138.8	9.99778e-05
138.82	9.97804e-05
138.84	9.95834e-05
138.86	9.9387e-05
138.88	9.91912e-05
138.9	9.89958e-05
138.92	9.8801e-05
138.94	9.86066e-05
138.96	9.84128e-05
138.98	9.82195e-05
139	9.80267e-05
139.02	9.78344e-05
139.04	9.76427e-05
139.06	9.74514e-05
139.08	9.72606e-05
139.1	9.70704e-05
139.12	9.68806e-05
139.14	9.66914e-05
139.16	9.65026e-05
139.18	9.63144e-05
139.2	9.61266e-05
139.22	9.59393e-05
139.24	9.57526e-05
139.26	9.55663e-05
139.28	9.53805e-05
139.3	9.51952e-05
139.32	9.50104e-05
139.34	9.48261e-05
139.36	9.46422e-05
139.38	9.44589e-05
139.4	9.4276e-05
139.42	9.40936e-05
139.44	9.39117e-05
139.46	9.37302e-05
139.48	9.35493e-05
139.5	9.33688e-05
139.52	9.31887e-05
139.54	9.30092e-05
139.56	9.28301e-05
139.58	9.26515e-05
139.6	9.24733e-05
139.62	9.22956e-05
139.64	9.21184e-05
139.66	9.19416e-05
139.68	9.17653e-05
139.7	9.15895e-05
139.72	9.14141e-05
139.74	9.12391e-05
139.76	9.10646e-05
139.78	9.08906e-05
139.8	9.0717e-05
139.82	9.05439e-05
139.84	9.03712e-05
139.86	9.01989e-05
139.88	9.00271e-05
139.9	8.98557e-05
139.92	8.96848e-05
139.94	8.95143e-05
139.96	8.93442e-05
139.98	8.91746e-05
140	8.90054e-05
140.02	8.88367e-05
140.04	8.86684e-05
140.06	8.85005e-05
140.08	8.8333e-05
140.1	8.8166e-05
140.12	8.79993e-05
140.14	8.78331e-05
140.16	8.76674e-05
140.18	8.7502e-05
140.2	8.73371e-05
140.22	8.71726e-05
140.24	8.70085e-05
140.26	8.68448e-05
140.28	8.66815e-05
140.3	8.65187e-05
140.32	8.63562e-05
140.34	8.61942e-05
140.36	8.60326e-05
140.38	8.58713e-05
140.4	8.57105e-05
140.42	8.55501e-05
140.44	8.53901e-05
140.46	8.52305e-05
140.48	8.50713e-05
140.5	8.49125e-05
140.52	8.47541e-05
140.54	8.4596e-05
140.56	8.44384e-05
140.58	8.42812e-05
140.6	8.41243e-05
140.62	8.39679e-05
140.64	8.38119e-05
140.66	8.36562e-05
140.68	8.35009e-05
140.7	8.3346e-05
140.72	8.31915e-05
140.74	8.30374e-05
140.76	8.28837e-05
140.78	8.27303e-05
140.8	8.25773e-05
140.82	8.24247e-05
140.84	8.22725e-05
140.86	8.21207e-05
140.88	8.19692e-05
140.9	8.18181e-05
140.92	8.16674e-05
140.94	8.15171e-05
140.96	8.13671e-05
140.98	8.12175e-05
141	8.10683e-05
141.02	8.09194e-05
141.04	8.07709e-05
141.06	8.06228e-05
141.08	8.0475e-05
141.1	8.03276e-05
141.12	8.01806e-05
141.14	8.00339e-05
141.16	7.98876e-05
141.18	7.97416e-05
141.2	7.95961e-05
141.22	7.94508e-05
141.24	7.93059e-05
141.26	7.91614e-05
141.28	7.90172e-05
141.3	7.88734e-05
141.32	7.873e-05
141.34	7.85869e-05
141.36	7.84441e-05
141.38	7.83017e-05
141.4	7.81597e-05
141.42	7.8018e-05
141.44	7.78766e-05
141.46	7.77356e-05
141.48	7.75949e-05
141.5	7.74546e-05
141.52	7.73146e-05
141.54	7.7175e-05
141.56	7.70357e-05
141.58	7.68968e-05
141.6	7.67582e-05
141.62	7.66199e-05
141.64	7.6482e-05
141.66	7.63444e-05
141.68	7.62071e-05
141.7	7.60702e-05
141.72	7.59336e-05
141.74	7.57974e-05
141.76	7.56615e-05
141.78	7.55259e-05
141.8	7.53906e-05
141.82	7.52557e-05
141.84	7.51211e-05
141.86	7.49869e-05
141.88	7.4853e-05
141.9	7.47194e-05
141.92	7.45861e-05
141.94	7.44532e-05
141.96	7.43205e-05
141.98	7.41883e-05
142	7.40563e-05
142.02	7.39247e-05
142.04	7.37933e-05
142.06	7.36623e-05
142.08	7.35317e-05
142.1	7.34013e-05
142.12	7.32713e-05
142.14	7.31416e-05
142.16	7.30122e-05
142.18	7.28831e-05
142.2	7.27544e-05
142.22	7.26259e-05
142.24	7.24978e-05
142.26	7.237e-05
142.28	7.22425e-05
142.3	7.21153e-05
142.32	7.19885e-05
142.34	7.18619e-05
142.36	7.17357e-05
142.38	7.16097e-05
142.4	7.14841e-05
142.42	7.13588e-05
142.44	7.12338e-05
142.46	7.11091e-05
142.48	7.09848e-05
142.5	7.08607e-05
142.52	7.07369e-05
142.54	7.06135e-05
142.56	7.04903e-05
142.58	7.03675e-05
142.6	7.02449e-05
142.62	7.01227e-05
142.64	7.00007e-05
142.66	6.98791e-05
142.68	6.97578e-05
142.7	6.96367e-05
142.72	6.9516e-05
142.74	6.93956e-05
142.76	6.92755e-05
142.78	6.91556e-05
142.8	6.90361e-05
142.82	6.89169e-05
142.84	6.87979e-05
142.86	6.86793e-05
142.88	6.8561e-05
142.9	6.84429e-05
142.92	6.83252e-05
142.94	6.82077e-05
142.96	6.80906e-05
142.98	6.79737e-05
143	6.78571e-05
143.02	6.77409e-05
143.04	6.76249e-05
143.06	6.75092e-05
143.08	6.73938e-05
143.1	6.72787e-05
143.12	6.71638e-05
143.14	6.70493e-05
143.16	6.69351e-05
143.18	6.68211e-05
143.2	6.67074e-05
143.22	6.65941e-05
143.24	6.6481e-05
143.26	6.63682e-05
143.28	6.62556e-05
143.3	6.61434e-05
143.32	6.60315e-05
143.34	6.59198e-05
143.36	6.58084e-05
143.38	6.56973e-05
143.4	6.55865e-05
143.42	6.5476e-05
143.44	6.53657e-05
143.46	6.52558e-05
143.48	6.51461e-05
143.5	6.50367e-05
143.52	6.49276e-05
143.54	6.48187e-05
143.56	6.47102e-05
143.58	6.46019e-05
143.6	6.44939e-05
143.62	6.43861e-05
143.64	6.42787e-05
143.66	6.41715e-05
143.68	6.40646e-05
143.7	6.3958e-05
143.72	6.38517e-05
143.74	6.37456e-05
143.76	6.36398e-05
143.78	6.35343e-05
143.8	6.34291e-05
143.82	6.33241e-05
143.84	6.32194e-05
143.86	6.3115e-05
143.88	6.30109e-05
143.9	6.2907e-05
143.92	6.28034e-05
143.94	6.27001e-05
143.96	6.25971e-05
143.98	6.24943e-05
144	6.23918e-05
144.02	6.22895e-05
144.04	6.21876e-05
144.06	6.20859e-05
144.08	6.19845e-05
144.1	6.18833e-05
144.12	6.17824e-05
144.14	6.16818e-05
144.16	6.15814e-05
144.18	6.14814e-05
144.2	6.13815e-05
144.22	6.1282e-05
144.24	6.11827e-05
144.26	6.10837e-05
144.28	6.0985e-05
144.3	6.08865e-05
144.32	6.07883e-05
144.34	6.06903e-05
144.36	6.05926e-05
144.38	6.04952e-05
144.4	6.0398e-05
144.42	6.03012e-05
144.44	6.02045e-05
144.46	6.01082e-05
144.48	6.00121e-05
144.5	5.99162e-05
144.52	5.98207e-05
144.54	5.97254e-05
144.56	5.96303e-05
144.58	5.95355e-05
144.6	5.9441e-05
144.62	5.93467e-05
144.64	5.92527e-05
144.66	5.9159e-05
144.68	5.90655e-05
144.7	5.89723e-05
144.72	5.88793e-05
144.74	5.87866e-05
144.76	5.86942e-05
144.78	5.8602e-05
144.8	5.85101e-05
144.82	5.84185e-05
144.84	5.83271e-05
144.86	5.82359e-05
144.88	5.8145e-05
144.9	5.80544e-05
144.92	5.79641e-05
144.94	5.78739e-05
144.96	5.77841e-05
144.98	5.76945e-05
145	5.76052e-05
145.02	5.75161e-05
145.04	5.74273e-05
145.06	5.73387e-05
145.08	5.72504e-05
145.1	5.71624e-05
145.12	5.70746e-05
145.14	5.69871e-05
145.16	5.68998e-05
145.18	5.68128e-05
145.2	5.6726e-05
145.22	5.66395e-05
145.24	5.65533e-05
145.26	5.64673e-05
145.28	5.63815e-05
145.3	5.6296e-05
145.32	5.62108e-05
145.34	5.61258e-05
145.36	5.60411e-05
145.38	5.59567e-05
145.4	5.58725e-05
145.42	5.57885e-05
145.44	5.57048e-05
145.46	5.56214e-05
145.48	5.55382e-05
145.5	5.54553e-05
145.52	5.53726e-05
145.54	5.52902e-05
145.56	5.5208e-05
145.58	5.51261e-05
145.6	5.50444e-05
145.62	5.4963e-05
145.64	5.48819e-05
145.66	5.4801e-05
145.68	5.47204e-05
145.7	5.464e-05
145.72	5.45598e-05
145.74	5.448e-05
145.76	5.44004e-05
145.78	5.4321e-05
145.8	5.42419e-05
145.82	5.4163e-05
145.84	5.40844e-05
145.86	5.40061e-05
145.88	5.3928e-05
145.9	5.38502e-05
145.92	5.37726e-05
145.94	5.36953e-05
145.96	5.36182e-05
145.98	5.35414e-05
146	5.34649e-05
146.02	5.33886e-05
146.04	5.33125e-05
146.06	5.32367e-05
146.08	5.31612e-05
146.1	5.30859e-05
146.12	5.30109e-05
146.14	5.29362e-05
146.16	5.28617e-05
146.18	5.27874e-05
146.2	5.27135e-05
146.22	5.26397e-05
146.24	5.25663e-05
146.26	5.2493e-05
146.28	5.24201e-05
146.3	5.23474e-05
146.32	5.2275e-05
146.34	5.22028e-05
146.36	5.21309e-05
146.38	5.20592e-05
146.4	5.19878e-05
146.42	5.19167e-05
146.44	5.18458e-05
146.46	5.17752e-05
146.48	5.17048e-05
146.5	5.16348e-05
146.52	5.15649e-05
146.54	5.14954e-05
146.56	5.14261e-05
146.58	5.1357e-05
146.6	5.12882e-05
146.62	5.12197e-05
146.64	5.11515e-05
146.66	5.10835e-05
146.68	5.10158e-05
146.7	5.09483e-05
146.72	5.08812e-05
146.74	5.08142e-05
146.76	5.07476e-05
146.78	5.06812e-05
146.8	5.06151e-05
146.82	5.05493e-05
146.84	5.04837e-05
146.86	5.04184e-05
146.88	5.03534e-05
146.9	5.02886e-05
146.92	5.02241e-05
146.94	5.01599e-05
146.96	5.0096e-05
146.98	5.00323e-05
147	4.99689e-05
147.02	4.99058e-05
147.04	4.9843e-05
147.06	4.97804e-05
147.08	4.97182e-05
147.1	4.96562e-05
147.12	4.95945e-05
147.14	4.9533e-05
147.16	4.94719e-05
147.18	4.9411e-05
147.2	4.93504e-05
147.22	4.92901e-05
147.24	4.92301e-05
147.26	4.91704e-05
147.28	4.91109e-05
147.3	4.90518e-05
147.32	4.89929e-05
147.34	4.89344e-05
147.36	4.88761e-05
147.38	4.88181e-05
147.4	4.87604e-05
147.42	4.8703e-05
147.44	4.86459e-05
147.46	4.85891e-05
147.48	4.85327e-05
147.5	4.84765e-05
147.52	4.84206e-05
147.54	4.8365e-05
147.56	4.83097e-05
147.58	4.82548e-05
147.6	4.82001e-05
147.62	4.81458e-05
147.64	4.80917e-05
147.66	4.8038e-05
147.68	4.79846e-05
147.7	4.79315e-05
147.72	4.78788e-05
147.74	4.78263e-05
147.76	4.77742e-05
147.78	4.77224e-05
147.8	4.7671e-05
147.82	4.76198e-05
147.84	4.7569e-05
147.86	4.75186e-05
147.88	4.74684e-05
147.9	4.74187e-05
147.92	4.73692e-05
147.94	4.73201e-05
147.96	4.72714e-05
147.98	4.7223e-05
148	4.71749e-05
148.02	4.71272e-05
148.04	4.70799e-05
148.06	4.70329e-05
148.08	4.69863e-05
148.1	4.69401e-05
148.12	4.68942e-05
148.14	4.68487e-05
148.16	4.68036e-05
148.18	4.67588e-05
148.2	4.67145e-05
148.22	4.66705e-05
148.24	4.6627e-05
148.26	4.65838e-05
148.28	4.6541e-05
148.3	4.64986e-05
148.32	4.64567e-05
148.34	4.64151e-05
148.36	4.6374e-05
148.38	4.63333e-05
148.4	4.6293e-05
148.42	4.62532e-05
148.44	4.62138e-05
148.46	4.61749e-05
148.48	4.61364e-05
148.5	4.60983e-05
148.52	4.60607e-05
148.54	4.60236e-05
148.56	4.5987e-05
148.58	4.59508e-05
148.6	4.59152e-05
148.62	4.588e-05
148.64	4.58453e-05
148.66	4.58112e-05
148.68	4.57776e-05
148.7	4.57445e-05
148.72	4.57119e-05
148.74	4.56799e-05
148.76	4.56485e-05
148.78	4.56176e-05
148.8	4.55873e-05
148.82	4.55576e-05
148.84	4.55285e-05
148.86	4.55e-05
148.88	4.54721e-05
148.9	4.54449e-05
148.92	4.54183e-05
148.94	4.53924e-05
148.96	4.53672e-05
148.98	4.53427e-05
149	4.53189e-05
149.02	4.52958e-05
149.04	4.52735e-05
149.06	4.52519e-05
149.08	4.52312e-05
149.1	4.52112e-05
149.12	4.51921e-05
149.14	4.51739e-05
149.16	4.51565e-05
149.18	4.51401e-05
149.2	4.51246e-05
149.22	4.511e-05
149.24	4.50965e-05
149.26	4.5084e-05
149.28	4.50726e-05
149.3	4.50624e-05
149.32	4.50532e-05
149.34	4.50453e-05
149.36	4.50387e-05
149.38	4.50333e-05
149.4	4.50293e-05
149.42	4.50268e-05
149.44	4.50257e-05
149.46	4.50262e-05
149.48	4.50284e-05
149.5	4.50322e-05
149.52	4.50379e-05
149.54	4.50456e-05
149.56	4.50553e-05
149.58	4.50671e-05
149.6	4.50813e-05
149.62	4.50979e-05
149.64	4.51172e-05
149.66	4.51392e-05
149.68	4.51644e-05
149.7	4.51929e-05
149.72	4.52249e-05
149.74	4.52609e-05
149.76	4.53012e-05
149.78	4.53462e-05
149.8	4.53964e-05
149.82	4.54526e-05
149.84	4.55153e-05
149.86	4.55855e-05
149.88	4.56643e-05
149.9	4.57531e-05
149.92	4.58535e-05
149.94	4.59678e-05
149.96	4.60989e-05
149.98	4.62508e-05
150	4.64291e-05
150.02	4.66421e-05
150.04	4.69024e-05
150.06	4.72311e-05
150.08	4.76659e-05
150.1	4.82824e-05
150.12	4.92508e-05
150.14	5.09657e-05
150.16	5.40853e-05
150.18	5.89674e-05
150.2	6.51466e-05
150.22	7.2062e-05
150.24	7.97028e-05
150.26	8.82214e-05
150.28	9.74687e-05
150.3	0.000107112
150.32	0.000116887
150.34	0.000126549
150.36	0.000135779
150.38	0.000144193
150.4	0.000151412
150.42	0.000157172
150.44	0.0001614
150.46	0.000164175
150.48	0.000165656
150.5	0.000166019
150.52	0.000165447
150.54	0.000164132
150.56	0.000162273
150.58	0.000160058
150.6	0.000157645
150.62	0.000155157
150.64	0.000152685
150.66	0.000150293
150.68	0.000148019
150.7	0.000145888
150.72	0.000143911
150.74	0.000142091
150.76	0.000140426
150.78	0.000138911
150.8	0.000137536
150.82	0.000136293
150.84	0.000135172
150.86	0.000134161
150.88	0.000133251
150.9	0.000132434
150.92	0.000131699
150.94	0.000131039
150.96	0.000130447
150.98	0.000129917
151	0.000129441
151.02	0.000129016
151.04	0.000128636
151.06	0.000128297
151.08	0.000127996
151.1	0.00012773
151.12	0.000127495
151.14	0.00012729
151.16	0.000127112
151.18	0.000126959
151.2	0.000126829
151.22	0.00012672
151.24	0.000126633
151.26	0.000126564
151.28	0.000126513
151.3	0.000126478
151.32	0.00012646
151.34	0.000126456
151.36	0.000126466
151.38	0.000126489
151.4	0.000126524
151.42	0.00012657
151.44	0.000126627
151.46	0.000126694
151.48	0.00012677
151.5	0.000126855
151.52	0.000126947
151.54	0.000127046
151.56	0.000127152
151.58	0.000127263
151.6	0.00012738
151.62	0.000127501
151.64	0.000127626
151.66	0.000127755
151.68	0.000127886
151.7	0.000128019
151.72	0.000128154
151.74	0.00012829
151.76	0.000128427
151.78	0.000128563
151.8	0.000128699
151.82	0.000128835
151.84	0.000128969
151.86	0.000129101
151.88	0.000129231
151.9	0.000129359
151.92	0.000129483
151.94	0.000129604
151.96	0.000129722
151.98	0.000129836
152	0.000129945
152.02	0.00013005
152.04	0.00013015
152.06	0.000130245
152.08	0.000130335
152.1	0.000130419
152.12	0.000130498
152.14	0.000130571
152.16	0.000130638
152.18	0.000130698
152.2	0.000130753
152.22	0.000130801
152.24	0.000130843
152.26	0.000130879
152.28	0.000130908
152.3	0.000130931
152.32	0.000130947
152.34	0.000130956
152.36	0.000130959
152.38	0.000130955
152.4	0.000130944
152.42	0.000130928
152.44	0.000130904
152.46	0.000130874
152.48	0.000130838
152.5	0.000130796
152.52	0.000130747
152.54	0.000130692
152.56	0.000130631
152.58	0.000130565
152.6	0.000130492
152.62	0.000130413
152.64	0.000130329
152.66	0.000130239
152.68	0.000130144
152.7	0.000130043
152.72	0.000129938
152.74	0.000129827
152.76	0.000129711
152.78	0.00012959
152.8	0.000129465
152.82	0.000129335
152.84	0.000129201
152.86	0.000129062
152.88	0.000128919
152.9	0.000128772
152.92	0.000128621
152.94	0.000128466
152.96	0.000128307
152.98	0.000128145
153	0.000127979
153.02	0.00012781
153.04	0.000127638
153.06	0.000127462
153.08	0.000127284
153.1	0.000127103
153.12	0.000126919
153.14	0.000126732
153.16	0.000126542
153.18	0.00012635
153.2	0.000126156
153.22	0.00012596
153.24	0.000125761
153.26	0.00012556
153.28	0.000125357
153.3	0.000125153
153.32	0.000124946
153.34	0.000124738
153.36	0.000124528
153.38	0.000124317
153.4	0.000124104
153.42	0.00012389
153.44	0.000123674
153.46	0.000123457
153.48	0.000123239
153.5	0.00012302
153.52	0.0001228
153.54	0.000122578
153.56	0.000122356
153.58	0.000122133
153.6	0.000121909
153.62	0.000121684
153.64	0.000121459
153.66	0.000121233
153.68	0.000121006
153.7	0.000120779
153.72	0.000120551
153.74	0.000120323
153.76	0.000120095
153.78	0.000119866
153.8	0.000119636
153.82	0.000119407
153.84	0.000119177
153.86	0.000118947
153.88	0.000118716
153.9	0.000118486
153.92	0.000118255
153.94	0.000118024
153.96	0.000117794
153.98	0.000117563
154	0.000117332
154.02	0.000117101
154.04	0.000116871
154.06	0.00011664
154.08	0.000116409
154.1	0.000116179
154.12	0.000115948
154.14	0.000115718
154.16	0.000115488
154.18	0.000115258
154.2	0.000115029
154.22	0.000114799
154.24	0.00011457
154.26	0.000114341
154.28	0.000114113
154.3	0.000113884
154.32	0.000113656
154.34	0.000113429
154.36	0.000113201
154.38	0.000112974
154.4	0.000112748
154.42	0.000112521
154.44	0.000112296
154.46	0.00011207
154.48	0.000111845
154.5	0.00011162
154.52	0.000111396
154.54	0.000111172
154.56	0.000110949
154.58	0.000110726
154.6	0.000110503
154.62	0.000110281
154.64	0.000110059
154.66	0.000109838
154.68	0.000109617
154.7	0.000109397
154.72	0.000109177
154.74	0.000108958
154.76	0.000108739
154.78	0.000108521
154.8	0.000108303
154.82	0.000108086
154.84	0.000107869
154.86	0.000107653
154.88	0.000107437
154.9	0.000107222
154.92	0.000107007
154.94	0.000106793
154.96	0.000106579
154.98	0.000106366
155	0.000106153
155.02	0.000105941
155.04	0.000105729
155.06	0.000105518
155.08	0.000105308
155.1	0.000105098
155.12	0.000104888
155.14	0.000104679
155.16	0.000104471
155.18	0.000104263
155.2	0.000104055
155.22	0.000103848
155.24	0.000103642
155.26	0.000103436
155.28	0.000103231
155.3	0.000103026
155.32	0.000102822
155.34	0.000102618
155.36	0.000102415
155.38	0.000102213
155.4	0.000102011
155.42	0.000101809
155.44	0.000101608
155.46	0.000101408
155.48	0.000101208
155.5	0.000101008
155.52	0.000100809
155.54	0.000100611
155.56	0.000100413
155.58	0.000100216
155.6	0.000100019
155.62	9.98224e-05
155.64	9.96266e-05
155.66	9.94313e-05
155.68	9.92365e-05
155.7	9.90423e-05
155.72	9.88485e-05
155.74	9.86553e-05
155.76	9.84626e-05
155.78	9.82704e-05
155.8	9.80787e-05
155.82	9.78875e-05
155.84	9.76968e-05
155.86	9.75066e-05
155.88	9.73169e-05
155.9	9.71277e-05
155.92	9.6939e-05
155.94	9.67508e-05
155.96	9.65631e-05
155.98	9.63759e-05
156	9.61892e-05
156.02	9.60029e-05
156.04	9.58172e-05
156.06	9.5632e-05
156.08	9.54472e-05
156.1	9.52629e-05
156.12	9.50791e-05
156.14	9.48958e-05
156.16	9.4713e-05
156.18	9.45306e-05
156.2	9.43487e-05
156.22	9.41673e-05
156.24	9.39864e-05
156.26	9.38059e-05
156.28	9.36259e-05
156.3	9.34464e-05
156.32	9.32673e-05
156.34	9.30887e-05
156.36	9.29106e-05
156.38	9.27329e-05
156.4	9.25557e-05
156.42	9.2379e-05
156.44	9.22027e-05
156.46	9.20268e-05
156.48	9.18514e-05
156.5	9.16765e-05
156.52	9.1502e-05
156.54	9.1328e-05
156.56	9.11544e-05
156.58	9.09812e-05
156.6	9.08085e-05
156.62	9.06363e-05
156.64	9.04645e-05
156.66	9.02931e-05
156.68	9.01222e-05
156.7	8.99517e-05
156.72	8.97816e-05
156.74	8.9612e-05
156.76	8.94428e-05
156.78	8.9274e-05
156.8	8.91056e-05
156.82	8.89377e-05
156.84	8.87702e-05
156.86	8.86032e-05
156.88	8.84365e-05
156.9	8.82703e-05
156.92	8.81045e-05
156.94	8.79391e-05
156.96	8.77742e-05
156.98	8.76096e-05
157	8.74455e-05
157.02	8.72818e-05
157.04	8.71185e-05
157.06	8.69556e-05
157.08	8.67931e-05
157.1	8.6631e-05
157.12	8.64694e-05
157.14	8.63081e-05
157.16	8.61472e-05
157.18	8.59868e-05
157.2	8.58267e-05
157.22	8.56671e-05
157.24	8.55078e-05
157.26	8.5349e-05
157.28	8.51905e-05
157.3	8.50324e-05
157.32	8.48748e-05
157.34	8.47175e-05
157.36	8.45606e-05
157.38	8.44041e-05
157.4	8.4248e-05
157.42	8.40923e-05
157.44	8.3937e-05
157.46	8.3782e-05
157.48	8.36275e-05
157.5	8.34733e-05
157.52	8.33195e-05
157.54	8.31661e-05
157.56	8.3013e-05
157.58	8.28604e-05
157.6	8.27081e-05
157.62	8.25562e-05
157.64	8.24047e-05
157.66	8.22535e-05
157.68	8.21028e-05
157.7	8.19524e-05
157.72	8.18023e-05
157.74	8.16527e-05
157.76	8.15034e-05
157.78	8.13544e-05
157.8	8.12059e-05
157.82	8.10577e-05
157.84	8.09099e-05
157.86	8.07624e-05
157.88	8.06153e-05
157.9	8.04686e-05
157.92	8.03222e-05
157.94	8.01762e-05
157.96	8.00305e-05
157.98	7.98852e-05
158	7.97403e-05
158.02	7.95957e-05
158.04	7.94515e-05
158.06	7.93076e-05
158.08	7.91641e-05
158.1	7.90209e-05
158.12	7.88781e-05
158.14	7.87356e-05
158.16	7.85935e-05
158.18	7.84517e-05
158.2	7.83103e-05
158.22	7.81692e-05
158.24	7.80285e-05
158.26	7.78881e-05
158.28	7.77481e-05
158.3	7.76084e-05
158.32	7.7469e-05
158.34	7.733e-05
158.36	7.71914e-05
158.38	7.7053e-05
158.4	7.69151e-05
158.42	7.67774e-05
158.44	7.66401e-05
158.46	7.65031e-05
158.48	7.63665e-05
158.5	7.62302e-05
158.52	7.60942e-05
158.54	7.59586e-05
158.56	7.58233e-05
158.58	7.56883e-05
158.6	7.55537e-05
158.62	7.54193e-05
158.64	7.52854e-05
158.66	7.51517e-05
158.68	7.50184e-05
158.7	7.48854e-05
158.72	7.47527e-05
158.74	7.46204e-05
158.76	7.44884e-05
158.78	7.43567e-05
158.8	7.42253e-05
158.82	7.40943e-05
158.84	7.39636e-05
158.86	7.38332e-05
158.88	7.37031e-05
158.9	7.35733e-05
158.92	7.34439e-05
158.94	7.33148e-05
158.96	7.3186e-05
158.98	7.30575e-05
159	7.29293e-05
159.02	7.28015e-05
159.04	7.2674e-05
159.06	7.25467e-05
159.08	7.24198e-05
159.1	7.22932e-05
159.12	7.2167e-05
159.14	7.2041e-05
159.16	7.19154e-05
159.18	7.179e-05
159.2	7.1665e-05
159.22	7.15403e-05
159.24	7.14159e-05
159.26	7.12918e-05
159.28	7.1168e-05
159.3	7.10445e-05
159.32	7.09213e-05
159.34	7.07984e-05
159.36	7.06759e-05
159.38	7.05536e-05
159.4	7.04316e-05
159.42	7.031e-05
159.44	7.01886e-05
159.46	7.00676e-05
159.48	6.99469e-05
159.5	6.98264e-05
159.52	6.97063e-05
159.54	6.95864e-05
159.56	6.94669e-05
159.58	6.93476e-05
159.6	6.92287e-05
159.62	6.91101e-05
159.64	6.89917e-05
159.66	6.88737e-05
159.68	6.87559e-05
159.7	6.86385e-05
159.72	6.85213e-05
159.74	6.84044e-05
159.76	6.82879e-05
159.78	6.81716e-05
159.8	6.80556e-05
159.82	6.79399e-05
159.84	6.78245e-05
159.86	6.77094e-05
159.88	6.75946e-05
159.9	6.74801e-05
159.92	6.73659e-05
159.94	6.72519e-05
159.96	6.71383e-05
159.98	6.70249e-05
160	6.69118e-05
160.02	6.67991e-05
160.04	6.66866e-05
160.06	6.65744e-05
160.08	6.64624e-05
160.1	6.63508e-05
160.12	6.62395e-05
160.14	6.61284e-05
160.16	6.60176e-05
160.18	6.59071e-05
160.2	6.57969e-05
160.22	6.5687e-05
160.24	6.55774e-05
160.26	6.5468e-05
160.28	6.53589e-05
160.3	6.52501e-05
160.32	6.51416e-05
160.34	6.50334e-05
160.36	6.49254e-05
160.38	6.48178e-05
160.4	6.47104e-05
160.42	6.46033e-05
160.44	6.44965e-05
160.46	6.43899e-05
160.48	6.42836e-05
160.5	6.41776e-05
160.52	6.40719e-05
160.54	6.39665e-05
160.56	6.38613e-05
160.58	6.37564e-05
160.6	6.36518e-05
160.62	6.35475e-05
160.64	6.34434e-05
160.66	6.33397e-05
160.68	6.32362e-05
160.7	6.31329e-05
160.72	6.303e-05
160.74	6.29273e-05
160.76	6.28249e-05
160.78	6.27227e-05
160.8	6.26209e-05
160.82	6.25193e-05
160.84	6.2418e-05
160.86	6.23169e-05
160.88	6.22161e-05
160.9	6.21156e-05
160.92	6.20154e-05
160.94	6.19154e-05
160.96	6.18157e-05
160.98	6.17163e-05
161	6.16172e-05
161.02	6.15183e-05
161.04	6.14197e-05
161.06	6.13213e-05
161.08	6.12232e-05
161.1	6.11254e-05
161.12	6.10279e-05
161.14	6.09306e-05
161.16	6.08336e-05
161.18	6.07369e-05
161.2	6.06404e-05
161.22	6.05442e-05
161.24	6.04482e-05
161.26	6.03526e-05
161.28	6.02572e-05
161.3	6.0162e-05
161.32	6.00671e-05
161.34	5.99725e-05
161.36	5.98782e-05
161.38	5.97841e-05
161.4	5.96903e-05
161.42	5.95967e-05
161.44	5.95034e-05
161.46	5.94104e-05
161.48	5.93177e-05
161.5	5.92252e-05
161.52	5.91329e-05
161.54	5.9041e-05
161.56	5.89492e-05
161.58	5.88578e-05
161.6	5.87666e-05
161.62	5.86757e-05
161.64	5.8585e-05
161.66	5.84946e-05
161.68	5.84045e-05
161.7	5.83146e-05
161.72	5.8225e-05
161.74	5.81357e-05
161.76	5.80466e-05
161.78	5.79578e-05
161.8	5.78692e-05
161.82	5.77809e-05
161.84	5.76929e-05
161.86	5.76051e-05
161.88	5.75176e-05
161.9	5.74303e-05
161.92	5.73433e-05
161.94	5.72565e-05
161.96	5.71701e-05
161.98	5.70838e-05
162	5.69979e-05
162.02	5.69122e-05
162.04	5.68267e-05
162.06	5.67416e-05
162.08	5.66566e-05
162.1	5.6572e-05
162.12	5.64876e-05
162.14	5.64034e-05
162.16	5.63196e-05
162.18	5.62359e-05
162.2	5.61526e-05
162.22	5.60695e-05
162.24	5.59866e-05
162.26	5.59041e-05
162.28	5.58217e-05
162.3	5.57397e-05
162.32	5.56579e-05
162.34	5.55763e-05
162.36	5.5495e-05
162.38	5.5414e-05
162.4	5.53333e-05
162.42	5.52527e-05
162.44	5.51725e-05
162.46	5.50925e-05
162.48	5.50128e-05
162.5	5.49333e-05
162.52	5.48541e-05
162.54	5.47752e-05
162.56	5.46965e-05
162.58	5.46181e-05
162.6	5.45399e-05
162.62	5.4462e-05
162.64	5.43844e-05
162.66	5.4307e-05
162.68	5.42299e-05
162.7	5.4153e-05
162.72	5.40764e-05
162.74	5.40001e-05
162.76	5.3924e-05
162.78	5.38482e-05
162.8	5.37727e-05
162.82	5.36974e-05
162.84	5.36224e-05
162.86	5.35476e-05
162.88	5.34731e-05
162.9	5.33989e-05
162.92	5.33249e-05
162.94	5.32512e-05
162.96	5.31778e-05
162.98	5.31046e-05
163	5.30317e-05
163.02	5.29591e-05
163.04	5.28867e-05
163.06	5.28146e-05
163.08	5.27428e-05
163.1	5.26712e-05
163.12	5.25999e-05
163.14	5.25288e-05
163.16	5.24581e-05
163.18	5.23876e-05
163.2	5.23173e-05
163.22	5.22474e-05
163.24	5.21777e-05
163.26	5.21082e-05
163.28	5.20391e-05
163.3	5.19702e-05
163.32	5.19016e-05
163.34	5.18332e-05
163.36	5.17652e-05
163.38	5.16974e-05
163.4	5.16299e-05
163.42	5.15626e-05
163.44	5.14956e-05
163.46	5.1429e-05
163.48	5.13625e-05
163.5	5.12964e-05
163.52	5.12305e-05
163.54	5.1165e-05
163.56	5.10996e-05
163.58	5.10346e-05
163.6	5.09699e-05
163.62	5.09054e-05
163.64	5.08412e-05
163.66	5.07773e-05
163.68	5.07137e-05
163.7	5.06504e-05
163.72	5.05874e-05
163.74	5.05246e-05
163.76	5.04621e-05
163.78	5.04e-05
163.8	5.03381e-05
163.82	5.02765e-05
163.84	5.02152e-05
163.86	5.01542e-05
163.88	5.00934e-05
163.9	5.0033e-05
163.92	4.99729e-05
163.94	4.9913e-05
163.96	4.98535e-05
163.98	4.97943e-05
164	4.97354e-05
164.02	4.96767e-05
164.04	4.96184e-05
164.06	4.95604e-05
164.08	4.95027e-05
164.1	4.94453e-05
164.12	4.93882e-05
164.14	4.93314e-05
164.16	4.92749e-05
164.18	4.92187e-05
164.2	4.91629e-05
164.22	4.91074e-05
164.24	4.90522e-05
164.26	4.89973e-05
164.28	4.89427e-05
164.3	4.88885e-05
164.32	4.88346e-05
164.34	4.8781e-05
164.36	4.87277e-05
164.38	4.86748e-05
164.4	4.86222e-05
164.42	4.857e-05
164.44	4.8518e-05
164.46	4.84665e-05
164.48	4.84152e-05
164.5	4.83644e-05
164.52	4.83138e-05
164.54	4.82637e-05
164.56	4.82138e-05
164.58	4.81644e-05
164.6	4.81153e-05
164.62	4.80665e-05
164.64	4.80181e-05
164.66	4.79701e-05
164.68	4.79225e-05
164.7	4.78752e-05
164.72	4.78283e-05
164.74	4.77818e-05
164.76	4.77357e-05
164.78	4.769e-05
164.8	4.76446e-05
164.82	4.75997e-05
164.84	4.75551e-05
164.86	4.7511e-05
164.88	4.74673e-05
164.9	4.7424e-05
164.92	4.73811e-05
164.94	4.73386e-05
164.96	4.72966e-05
164.98	4.72549e-05
165	4.72138e-05
165.02	4.7173e-05
165.04	4.71327e-05
165.06	4.70929e-05
165.08	4.70535e-05
165.1	4.70146e-05
165.12	4.69762e-05
165.14	4.69383e-05
165.16	4.69008e-05
165.18	4.68638e-05
165.2	4.68273e-05
165.22	4.67914e-05
165.24	4.67559e-05
165.26	4.6721e-05
165.28	4.66866e-05
165.3	4.66528e-05
165.32	4.66195e-05
165.34	4.65867e-05
165.36	4.65545e-05
165.38	4.65229e-05
165.4	4.6492e-05
165.42	4.64616e-05
165.44	4.64318e-05
165.46	4.64026e-05
165.48	4.63741e-05
165.5	4.63462e-05
165.52	4.6319e-05
165.54	4.62925e-05
165.56	4.62667e-05
165.58	4.62416e-05
165.6	4.62173e-05
165.62	4.61936e-05
165.64	4.61708e-05
165.66	4.61487e-05
165.68	4.61275e-05
165.7	4.61071e-05
165.72	4.60875e-05
165.74	4.60688e-05
165.76	4.60511e-05
165.78	4.60342e-05
165.8	4.60183e-05
165.82	4.60035e-05
165.84	4.59896e-05
165.86	4.59768e-05
165.88	4.59652e-05
165.9	4.59546e-05
165.92	4.59453e-05
165.94	4.59372e-05
165.96	4.59303e-05
165.98	4.59249e-05
166	4.59208e-05
166.02	4.59182e-05
166.04	4.59171e-05
166.06	4.59176e-05
166.08	4.59198e-05
166.1	4.59238e-05
166.12	4.59296e-05
166.14	4.59375e-05
166.16	4.59474e-05
166.18	4.59596e-05
166.2	4.59741e-05
166.22	4.59912e-05
166.24	4.6011e-05
166.26	4.60337e-05
166.28	4.60595e-05
166.3	4.60888e-05
166.32	4.61218e-05
166.34	4.61588e-05
166.36	4.62002e-05
166.38	4.62466e-05
166.4	4.62984e-05
166.42	4.63563e-05
166.44	4.6421e-05
166.46	4.64935e-05
166.48	4.65749e-05
166.5	4.66667e-05
166.52	4.67707e-05
166.54	4.68891e-05
166.56	4.70253e-05
166.58	4.71833e-05
166.6	4.73693e-05
166.62	4.75921e-05
166.64	4.78657e-05
166.66	4.82131e-05
166.68	4.86767e-05
166.7	4.93424e-05
166.72	5.04067e-05
166.74	5.23165e-05
166.76	5.57468e-05
166.78	6.09421e-05
166.8	6.73435e-05
166.82	7.44481e-05
166.84	8.23036e-05
166.86	9.10352e-05
166.88	0.000100444
166.9	0.000110195
166.92	0.000120028
166.94	0.000129691
166.96	0.000138851
166.98	0.00014712
167	0.000154129
167.02	0.000159646
167.04	0.000163624
167.06	0.000166163
167.08	0.000167428
167.1	0.000167598
167.12	0.000166858
167.14	0.000165404
167.16	0.000163435
167.18	0.000161136
167.2	0.000158661
167.22	0.000156129
167.24	0.000153627
167.26	0.000151214
167.28	0.000148927
167.3	0.000146788
167.32	0.000144806
167.34	0.000142984
167.36	0.000141319
167.38	0.000139804
167.4	0.000138431
167.42	0.000137189
167.44	0.000136069
167.46	0.00013506
167.48	0.000134152
167.5	0.000133335
167.52	0.000132602
167.54	0.000131943
167.56	0.000131352
167.58	0.000130821
167.6	0.000130347
167.62	0.000129922
167.64	0.000129542
167.66	0.000129204
167.68	0.000128903
167.7	0.000128637
167.72	0.000128403
167.74	0.000128198
167.76	0.00012802
167.78	0.000127867
167.8	0.000127737
167.82	0.00012763
167.84	0.000127542
167.86	0.000127474
167.88	0.000127423
167.9	0.00012739
167.92	0.000127371
167.94	0.000127368
167.96	0.000127379
167.98	0.000127402
168	0.000127438
168.02	0.000127485
168.04	0.000127543
168.06	0.000127611
168.08	0.000127687
168.1	0.000127773
168.12	0.000127865
168.14	0.000127965
168.16	0.000128072
168.18	0.000128184
168.2	0.000128301
168.22	0.000128423
168.24	0.000128548
168.26	0.000128677
168.28	0.000128809
168.3	0.000128942
168.32	0.000129078
168.34	0.000129214
168.36	0.000129351
168.38	0.000129488
168.4	0.000129624
168.42	0.000129759
168.44	0.000129893
168.46	0.000130026
168.48	0.000130156
168.5	0.000130283
168.52	0.000130407
168.54	0.000130528
168.56	0.000130646
168.58	0.000130759
168.6	0.000130868
168.62	0.000130972
168.64	0.000131072
168.66	0.000131166
168.68	0.000131256
168.7	0.000131339
168.72	0.000131417
168.74	0.00013149
168.76	0.000131556
168.78	0.000131616
168.8	0.00013167
168.82	0.000131717
168.84	0.000131759
168.86	0.000131793
168.88	0.000131821
168.9	0.000131843
168.92	0.000131858
168.94	0.000131866
168.96	0.000131868
168.98	0.000131863
169	0.000131852
169.02	0.000131834
169.04	0.00013181
169.06	0.000131779
169.08	0.000131741
169.1	0.000131698
169.12	0.000131648
169.14	0.000131592
169.16	0.00013153
169.18	0.000131462
169.2	0.000131388
169.22	0.000131308
169.24	0.000131223
169.26	0.000131132
169.28	0.000131036
169.3	0.000130934
169.32	0.000130827
169.34	0.000130715
169.36	0.000130598
169.38	0.000130476
169.4	0.000130349
169.42	0.000130218
169.44	0.000130083
169.46	0.000129943
169.48	0.000129798
169.5	0.00012965
169.52	0.000129498
169.54	0.000129342
169.56	0.000129182
169.58	0.000129018
169.6	0.000128851
169.62	0.000128681
169.64	0.000128508
169.66	0.000128331
169.68	0.000128151
169.7	0.000127969
169.72	0.000127783
169.74	0.000127595
169.76	0.000127405
169.78	0.000127212
169.8	0.000127016
169.82	0.000126818
169.84	0.000126618
169.86	0.000126416
169.88	0.000126213
169.9	0.000126007
169.92	0.000125799
169.94	0.00012559
169.96	0.000125378
169.98	0.000125166
170	0.000124952
170.02	0.000124736
170.04	0.000124519
170.06	0.000124301
170.08	0.000124082
170.1	0.000123862
170.12	0.00012364
170.14	0.000123418
170.16	0.000123194
170.18	0.00012297
170.2	0.000122745
170.22	0.000122519
170.24	0.000122292
170.26	0.000122065
170.28	0.000121837
170.3	0.000121609
170.32	0.00012138
170.34	0.000121151
170.36	0.000120921
170.38	0.000120691
170.4	0.00012046
170.42	0.000120229
170.44	0.000119998
170.46	0.000119767
170.48	0.000119535
170.5	0.000119304
170.52	0.000119072
170.54	0.00011884
170.56	0.000118608
170.58	0.000118376
170.6	0.000118144
170.62	0.000117912
170.64	0.00011768
170.66	0.000117449
170.68	0.000117217
170.7	0.000116985
170.72	0.000116754
170.74	0.000116522
170.76	0.000116291
170.78	0.00011606
170.8	0.000115829
170.82	0.000115599
170.84	0.000115368
170.86	0.000115138
170.88	0.000114909
170.9	0.000114679
170.92	0.00011445
170.94	0.000114221
170.96	0.000113993
170.98	0.000113765
171	0.000113537
171.02	0.000113309
171.04	0.000113082
171.06	0.000112856
171.08	0.000112629
171.1	0.000112404
171.12	0.000112178
171.14	0.000111953
171.16	0.000111729
171.18	0.000111504
171.2	0.000111281
171.22	0.000111057
171.24	0.000110835
171.26	0.000110612
171.28	0.000110391
171.3	0.000110169
171.32	0.000109948
171.34	0.000109728
171.36	0.000109508
171.38	0.000109289
171.4	0.00010907
171.42	0.000108851
171.44	0.000108633
171.46	0.000108416
171.48	0.000108199
171.5	0.000107983
171.52	0.000107767
171.54	0.000107552
171.56	0.000107337
171.58	0.000107122
171.6	0.000106909
171.62	0.000106695
171.64	0.000106483
171.66	0.000106271
171.68	0.000106059
171.7	0.000105848
171.72	0.000105637
171.74	0.000105427
171.76	0.000105218
171.78	0.000105009
171.8	0.0001048
171.82	0.000104592
171.84	0.000104385
171.86	0.000104178
171.88	0.000103972
171.9	0.000103766
171.92	0.000103561
171.94	0.000103356
171.96	0.000103152
171.98	0.000102948
172	0.000102745
172.02	0.000102542
172.04	0.00010234
172.06	0.000102139
172.08	0.000101938
172.1	0.000101737
172.12	0.000101537
172.14	0.000101338
172.16	0.000101139
172.18	0.00010094
172.2	0.000100743
172.22	0.000100545
172.24	0.000100348
172.26	0.000100152
172.28	9.99563e-05
172.3	9.9761e-05
172.32	9.95662e-05
172.34	9.9372e-05
172.36	9.91783e-05
172.38	9.8985e-05
172.4	9.87923e-05
172.42	9.86001e-05
172.44	9.84084e-05
172.46	9.82172e-05
172.48	9.80266e-05
172.5	9.78364e-05
172.52	9.76467e-05
172.54	9.74575e-05
172.56	9.72688e-05
172.58	9.70806e-05
172.6	9.68929e-05
172.62	9.67057e-05
172.64	9.6519e-05
172.66	9.63328e-05
172.68	9.6147e-05
172.7	9.59618e-05
172.72	9.5777e-05
172.74	9.55927e-05
172.76	9.54089e-05
172.78	9.52256e-05
172.8	9.50428e-05
172.82	9.48604e-05
172.84	9.46785e-05
172.86	9.44971e-05
172.88	9.43162e-05
172.9	9.41357e-05
172.92	9.39557e-05
172.94	9.37761e-05
172.96	9.35971e-05
172.98	9.34184e-05
173	9.32403e-05
173.02	9.30626e-05
173.04	9.28854e-05
173.06	9.27086e-05
173.08	9.25323e-05
173.1	9.23564e-05
173.12	9.2181e-05
173.14	9.20061e-05
173.16	9.18315e-05
173.18	9.16575e-05
173.2	9.14839e-05
173.22	9.13107e-05
173.24	9.1138e-05
173.26	9.09657e-05
173.28	9.07938e-05
173.3	9.06224e-05
173.32	9.04515e-05
173.34	9.02809e-05
173.36	9.01108e-05
173.38	8.99412e-05
173.4	8.97719e-05
173.42	8.96031e-05
173.44	8.94347e-05
173.46	8.92668e-05
173.48	8.90993e-05
173.5	8.89322e-05
173.52	8.87655e-05
173.54	8.85992e-05
173.56	8.84334e-05
173.58	8.8268e-05
173.6	8.8103e-05
173.62	8.79384e-05
173.64	8.77742e-05
173.66	8.76105e-05
173.68	8.74471e-05
173.7	8.72842e-05
173.72	8.71217e-05
173.74	8.69595e-05
173.76	8.67978e-05
173.78	8.66365e-05
173.8	8.64756e-05
173.82	8.63151e-05
173.84	8.6155e-05
173.86	8.59953e-05
173.88	8.5836e-05
173.9	8.56771e-05
173.92	8.55186e-05
173.94	8.53605e-05
173.96	8.52028e-05
173.98	8.50455e-05
174	8.48885e-05
174.02	8.4732e-05
174.04	8.45758e-05
174.06	8.44201e-05
174.08	8.42647e-05
174.1	8.41097e-05
174.12	8.39551e-05
174.14	8.38009e-05
174.16	8.3647e-05
174.18	8.34936e-05
174.2	8.33405e-05
174.22	8.31878e-05
174.24	8.30355e-05
174.26	8.28835e-05
174.28	8.27319e-05
174.3	8.25807e-05
174.32	8.24299e-05
174.34	8.22795e-05
174.36	8.21294e-05
174.38	8.19797e-05
174.4	8.18303e-05
174.42	8.16813e-05
174.44	8.15327e-05
174.46	8.13845e-05
174.48	8.12366e-05
174.5	8.10891e-05
174.52	8.0942e-05
174.54	8.07952e-05
174.56	8.06488e-05
174.58	8.05027e-05
174.6	8.0357e-05
174.62	8.02116e-05
174.64	8.00667e-05
174.66	7.9922e-05
174.68	7.97778e-05
174.7	7.96338e-05
174.72	7.94903e-05
174.74	7.9347e-05
174.76	7.92042e-05
174.78	7.90617e-05
174.8	7.89195e-05
174.82	7.87777e-05
174.84	7.86362e-05
174.86	7.84951e-05
174.88	7.83543e-05
174.9	7.82139e-05
174.92	7.80738e-05
174.94	7.79341e-05
174.96	7.77947e-05
174.98	7.76556e-05
175	7.75169e-05
175.02	7.73786e-05
175.04	7.72405e-05
175.06	7.71028e-05
175.08	7.69655e-05
175.1	7.68285e-05
175.12	7.66918e-05
175.14	7.65555e-05
175.16	7.64195e-05
175.18	7.62838e-05
175.2	7.61484e-05
175.22	7.60134e-05
175.24	7.58788e-05
175.26	7.57444e-05
175.28	7.56104e-05
175.3	7.54767e-05
175.32	7.53434e-05
175.34	7.52104e-05
175.36	7.50777e-05
175.38	7.49453e-05
175.4	7.48132e-05
175.42	7.46815e-05
175.44	7.45501e-05
175.46	7.44191e-05
175.48	7.42883e-05
175.5	7.41579e-05
175.52	7.40278e-05
175.54	7.3898e-05
175.56	7.37685e-05
175.58	7.36394e-05
175.6	7.35106e-05
175.62	7.33821e-05
175.64	7.32539e-05
175.66	7.3126e-05
175.68	7.29985e-05
175.7	7.28712e-05
175.72	7.27443e-05
175.74	7.26177e-05
175.76	7.24914e-05
175.78	7.23654e-05
175.8	7.22398e-05
175.82	7.21144e-05
175.84	7.19894e-05
175.86	7.18647e-05
175.88	7.17402e-05
175.9	7.16161e-05
175.92	7.14923e-05
175.94	7.13688e-05
175.96	7.12456e-05
175.98	7.11228e-05
176	7.10002e-05
176.02	7.08779e-05
176.04	7.0756e-05
176.06	7.06343e-05
176.08	7.0513e-05
176.1	7.03919e-05
176.12	7.02712e-05
176.14	7.01507e-05
176.16	7.00306e-05
176.18	6.99108e-05
176.2	6.97912e-05
176.22	6.9672e-05
176.24	6.95531e-05
176.26	6.94344e-05
176.28	6.93161e-05
176.3	6.91981e-05
176.32	6.90803e-05
176.34	6.89629e-05
176.36	6.88458e-05
176.38	6.87289e-05
176.4	6.86124e-05
176.42	6.84961e-05
176.44	6.83801e-05
176.46	6.82645e-05
176.48	6.81491e-05
176.5	6.8034e-05
176.52	6.79192e-05
176.54	6.78048e-05
176.56	6.76906e-05
176.58	6.75766e-05
176.6	6.7463e-05
176.62	6.73497e-05
176.64	6.72367e-05
176.66	6.71239e-05
176.68	6.70115e-05
176.7	6.68993e-05
176.72	6.67874e-05
176.74	6.66758e-05
176.76	6.65645e-05
176.78	6.64535e-05
176.8	6.63428e-05
176.82	6.62323e-05
176.84	6.61222e-05
176.86	6.60123e-05
176.88	6.59027e-05
176.9	6.57934e-05
176.92	6.56844e-05
176.94	6.55756e-05
176.96	6.54672e-05
176.98	6.5359e-05
177	6.52511e-05
177.02	6.51435e-05
177.04	6.50362e-05
177.06	6.49292e-05
177.08	6.48224e-05
177.1	6.47159e-05
177.12	6.46097e-05
177.14	6.45038e-05
177.16	6.43982e-05
177.18	6.42928e-05
177.2	6.41877e-05
177.22	6.40829e-05
177.24	6.39784e-05
177.26	6.38741e-05
177.28	6.37702e-05
177.3	6.36665e-05
177.32	6.35631e-05
177.34	6.34599e-05
177.36	6.33571e-05
177.38	6.32545e-05
177.4	6.31521e-05
177.42	6.30501e-05
177.44	6.29483e-05
177.46	6.28469e-05
177.48	6.27456e-05
177.5	6.26447e-05
177.52	6.2544e-05
177.54	6.24436e-05
177.56	6.23435e-05
177.58	6.22437e-05
177.6	6.21441e-05
177.62	6.20448e-05
177.64	6.19457e-05
177.66	6.1847e-05
177.68	6.17485e-05
177.7	6.16503e-05
177.72	6.15523e-05
177.74	6.14547e-05
177.76	6.13572e-05
177.78	6.12601e-05
177.8	6.11632e-05
177.82	6.10666e-05
177.84	6.09703e-05
177.86	6.08742e-05
177.88	6.07785e-05
177.9	6.06829e-05
177.92	6.05877e-05
177.94	6.04927e-05
177.96	6.0398e-05
177.98	6.03035e-05
178	6.02093e-05
178.02	6.01154e-05
178.04	6.00218e-05
178.06	5.99284e-05
178.08	5.98353e-05
178.1	5.97424e-05
178.12	5.96498e-05
178.14	5.95575e-05
178.16	5.94655e-05
178.18	5.93737e-05
178.2	5.92822e-05
178.22	5.91909e-05
178.24	5.90999e-05
178.26	5.90092e-05
178.28	5.89187e-05
178.3	5.88285e-05
178.32	5.87386e-05
178.34	5.8649e-05
178.36	5.85596e-05
178.38	5.84704e-05
178.4	5.83815e-05
178.42	5.82929e-05
178.44	5.82046e-05
178.46	5.81165e-05
178.48	5.80287e-05
178.5	5.79412e-05
178.52	5.78539e-05
178.54	5.77668e-05
178.56	5.76801e-05
178.58	5.75936e-05
178.6	5.75074e-05
178.62	5.74214e-05
178.64	5.73357e-05
178.66	5.72502e-05
178.68	5.71651e-05
178.7	5.70802e-05
178.72	5.69955e-05
178.74	5.69111e-05
178.76	5.6827e-05
178.78	5.67431e-05
178.8	5.66595e-05
178.82	5.65762e-05
178.84	5.64931e-05
178.86	5.64103e-05
178.88	5.63278e-05
178.9	5.62455e-05
178.92	5.61635e-05
178.94	5.60817e-05
178.96	5.60002e-05
178.98	5.5919e-05
179	5.5838e-05
179.02	5.57574e-05
179.04	5.56769e-05
179.06	5.55967e-05
179.08	5.55168e-05
179.1	5.54372e-05
179.12	5.53578e-05
179.14	5.52787e-05
179.16	5.51999e-05
179.18	5.51213e-05
179.2	5.5043e-05
179.22	5.49649e-05
179.24	5.48871e-05
179.26	5.48096e-05
179.28	5.47323e-05
179.3	5.46554e-05
179.32	5.45786e-05
179.34	5.45022e-05
179.36	5.4426e-05
179.38	5.43501e-05
179.4	5.42744e-05
179.42	5.4199e-05
179.44	5.41239e-05
179.46	5.4049e-05
179.48	5.39745e-05
179.5	5.39001e-05
179.52	5.38261e-05
179.54	5.37523e-05
179.56	5.36788e-05
179.58	5.36056e-05
179.6	5.35326e-05
179.62	5.34599e-05
179.64	5.33875e-05
179.66	5.33153e-05
179.68	5.32434e-05
179.7	5.31718e-05
179.72	5.31005e-05
179.74	5.30294e-05
179.76	5.29586e-05
179.78	5.28881e-05
179.8	5.28179e-05
179.82	5.27479e-05
179.84	5.26782e-05
179.86	5.26088e-05
179.88	5.25397e-05
179.9	5.24708e-05
179.92	5.24022e-05
179.94	5.23339e-05
179.96	5.22659e-05
179.98	5.21981e-05
180	5.21307e-05
180.02	5.20635e-05
180.04	5.19966e-05
180.06	5.193e-05
180.08	5.18636e-05
180.1	5.17976e-05
180.12	5.17318e-05
180.14	5.16663e-05
180.16	5.16011e-05
180.18	5.15362e-05
180.2	5.14716e-05
180.22	5.14073e-05
180.24	5.13432e-05
180.26	5.12795e-05
180.28	5.1216e-05
180.3	5.11529e-05
180.32	5.109e-05
180.34	5.10274e-05
180.36	5.09651e-05
180.38	5.09031e-05
180.4	5.08415e-05
180.42	5.07801e-05
180.44	5.0719e-05
180.46	5.06582e-05
180.48	5.05977e-05
180.5	5.05375e-05
180.52	5.04777e-05
180.54	5.04181e-05
180.56	5.03588e-05
180.58	5.02999e-05
180.6	5.02413e-05
180.62	5.01829e-05
180.64	5.01249e-05
180.66	5.00672e-05
180.68	5.00098e-05
180.7	4.99528e-05
180.72	4.9896e-05
180.74	4.98396e-05
180.76	4.97835e-05
180.78	4.97278e-05
180.8	4.96723e-05
180.82	4.96172e-05
180.84	4.95624e-05
180.86	4.9508e-05
180.88	4.94539e-05
180.9	4.94001e-05
180.92	4.93467e-05
180.94	4.92936e-05
180.96	4.92408e-05
180.98	4.91884e-05
181	4.91364e-05
181.02	4.90847e-05
181.04	4.90333e-05
181.06	4.89823e-05
181.08	4.89317e-05
181.1	4.88814e-05
181.12	4.88315e-05
181.14	4.8782e-05
181.16	4.87328e-05
181.18	4.8684e-05
181.2	4.86356e-05
181.22	4.85876e-05
181.24	4.85399e-05
181.26	4.84927e-05
181.28	4.84458e-05
181.3	4.83993e-05
181.32	4.83532e-05
181.34	4.83075e-05
181.36	4.82623e-05
181.38	4.82174e-05
181.4	4.8173e-05
181.42	4.81289e-05
181.44	4.80853e-05
181.46	4.80422e-05
181.48	4.79994e-05
181.5	4.79571e-05
181.52	4.79153e-05
181.54	4.78739e-05
181.56	4.78329e-05
181.58	4.77924e-05
181.6	4.77524e-05
181.62	4.77129e-05
181.64	4.76738e-05
181.66	4.76352e-05
181.68	4.75971e-05
181.7	4.75595e-05
181.72	4.75225e-05
181.74	4.74859e-05
181.76	4.74499e-05
181.78	4.74144e-05
181.8	4.73794e-05
181.82	4.7345e-05
181.84	4.73111e-05
181.86	4.72778e-05
181.88	4.72451e-05
181.9	4.7213e-05
181.92	4.71815e-05
181.94	4.71506e-05
181.96	4.71203e-05
181.98	4.70906e-05
182	4.70616e-05
182.02	4.70333e-05
182.04	4.70056e-05
182.06	4.69787e-05
182.08	4.69524e-05
182.1	4.69269e-05
182.12	4.69021e-05
182.14	4.68781e-05
182.16	4.68549e-05
182.18	4.68324e-05
182.2	4.68108e-05
182.22	4.67901e-05
182.24	4.67702e-05
182.26	4.67512e-05
182.28	4.67331e-05
182.3	4.6716e-05
182.32	4.66998e-05
182.34	4.66847e-05
182.36	4.66706e-05
182.38	4.66576e-05
182.4	4.66457e-05
182.42	4.6635e-05
182.44	4.66255e-05
182.46	4.66173e-05
182.48	4.66103e-05
182.5	4.66048e-05
182.52	4.66006e-05
182.54	4.6598e-05
182.56	4.65969e-05
182.58	4.65975e-05
182.6	4.65997e-05
182.62	4.66038e-05
182.64	4.66098e-05
182.66	4.66178e-05
182.68	4.6628e-05
182.7	4.66404e-05
182.72	4.66553e-05
182.74	4.66727e-05
182.76	4.66929e-05
182.78	4.67161e-05
182.8	4.67426e-05
182.82	4.67725e-05
182.84	4.68062e-05
182.86	4.6844e-05
182.88	4.68864e-05
182.9	4.69339e-05
182.92	4.69869e-05
182.94	4.70461e-05
182.96	4.71124e-05
182.98	4.71867e-05
183	4.72702e-05
183.02	4.73644e-05
183.04	4.74712e-05
183.06	4.75931e-05
183.08	4.77332e-05
183.1	4.78962e-05
183.12	4.80883e-05
183.14	4.83192e-05
183.16	4.86035e-05
183.18	4.89664e-05
183.2	4.9454e-05
183.22	5.01616e-05
183.24	5.13087e-05
183.26	5.33844e-05
183.28	5.70653e-05
183.3	6.24964e-05
183.32	6.90609e-05
183.34	7.6311e-05
183.36	8.43324e-05
183.38	9.32224e-05
183.4	0.000102747
183.42	0.000112571
183.44	0.000122441
183.46	0.000132093
183.48	0.000141187
183.5	0.000149332
183.52	0.000156172
183.54	0.000161496
183.56	0.00016528
183.58	0.000167637
183.6	0.000168737
183.62	0.00016876
183.64	0.000167893
183.66	0.000166335
183.68	0.000164284
183.7	0.000161923
183.72	0.000159404
183.74	0.00015684
183.76	0.000154317
183.78	0.00015189
183.8	0.000149594
183.82	0.00014745
183.84	0.000145466
183.86	0.000143643
183.88	0.000141979
183.9	0.000140465
183.92	0.000139093
183.94	0.000137853
183.96	0.000136735
183.98	0.000135727
184	0.00013482
184.02	0.000134005
184.04	0.000133273
184.06	0.000132615
184.08	0.000132025
184.1	0.000131495
184.12	0.000131021
184.14	0.000130596
184.16	0.000130217
184.18	0.000129879
184.2	0.000129579
184.22	0.000129314
184.24	0.00012908
184.26	0.000128875
184.28	0.000128697
184.3	0.000128545
184.32	0.000128416
184.34	0.000128308
184.36	0.000128221
184.38	0.000128154
184.4	0.000128103
184.42	0.00012807
184.44	0.000128053
184.46	0.00012805
184.48	0.000128061
184.5	0.000128085
184.52	0.000128122
184.54	0.000128169
184.56	0.000128228
184.58	0.000128296
184.6	0.000128373
184.62	0.000128459
184.64	0.000128552
184.66	0.000128653
184.68	0.00012876
184.7	0.000128872
184.72	0.00012899
184.74	0.000129112
184.76	0.000129238
184.78	0.000129367
184.8	0.000129499
184.82	0.000129633
184.84	0.000129769
184.86	0.000129905
184.88	0.000130042
184.9	0.000130179
184.92	0.000130316
184.94	0.000130451
184.96	0.000130585
184.98	0.000130717
185	0.000130847
185.02	0.000130974
185.04	0.000131099
185.06	0.000131219
185.08	0.000131337
185.1	0.00013145
185.12	0.000131558
185.14	0.000131662
185.16	0.000131762
185.18	0.000131856
185.2	0.000131945
185.22	0.000132028
185.24	0.000132105
185.26	0.000132177
185.28	0.000132243
185.3	0.000132302
185.32	0.000132356
185.34	0.000132402
185.36	0.000132443
185.38	0.000132477
185.4	0.000132504
185.42	0.000132525
185.44	0.00013254
185.46	0.000132547
185.48	0.000132548
185.5	0.000132543
185.52	0.00013253
185.54	0.000132512
185.56	0.000132487
185.58	0.000132455
185.6	0.000132417
185.62	0.000132372
185.64	0.000132322
185.66	0.000132265
185.68	0.000132202
185.7	0.000132133
185.72	0.000132058
185.74	0.000131978
185.76	0.000131891
185.78	0.000131799
185.8	0.000131702
185.82	0.000131599
185.84	0.000131492
185.86	0.000131379
185.88	0.000131261
185.9	0.000131138
185.92	0.00013101
185.94	0.000130878
185.96	0.000130742
185.98	0.000130601
186	0.000130456
186.02	0.000130306
186.04	0.000130153
186.06	0.000129996
186.08	0.000129836
186.1	0.000129671
186.12	0.000129503
186.14	0.000129332
186.16	0.000129158
186.18	0.00012898
186.2	0.0001288
186.22	0.000128616
186.24	0.00012843
186.26	0.000128241
186.28	0.000128049
186.3	0.000127855
186.32	0.000127659
186.34	0.00012746
186.36	0.00012726
186.38	0.000127057
186.4	0.000126852
186.42	0.000126645
186.44	0.000126436
186.46	0.000126226
186.48	0.000126014
186.5	0.000125801
186.52	0.000125586
186.54	0.000125369
186.56	0.000125152
186.58	0.000124933
186.6	0.000124712
186.62	0.000124491
186.64	0.000124269
186.66	0.000124045
186.68	0.000123821
186.7	0.000123596
186.72	0.00012337
186.74	0.000123143
186.76	0.000122916
186.78	0.000122688
186.8	0.000122459
186.82	0.00012223
186.84	0.000122
186.86	0.00012177
186.88	0.000121539
186.9	0.000121308
186.92	0.000121077
186.94	0.000120845
186.96	0.000120613
186.98	0.000120381
187	0.000120148
187.02	0.000119916
187.04	0.000119683
187.06	0.00011945
187.08	0.000119218
187.1	0.000118985
187.12	0.000118752
187.14	0.000118519
187.16	0.000118286
187.18	0.000118054
187.2	0.000117821
187.22	0.000117589
187.24	0.000117356
187.26	0.000117124
187.28	0.000116892
187.3	0.00011666
187.32	0.000116428
187.34	0.000116197
187.36	0.000115966
187.38	0.000115735
187.4	0.000115504
187.42	0.000115274
187.44	0.000115044
187.46	0.000114814
187.48	0.000114585
187.5	0.000114356
187.52	0.000114127
187.54	0.000113899
187.56	0.000113671
187.58	0.000113444
187.6	0.000113217
187.62	0.00011299
187.64	0.000112764
187.66	0.000112538
187.68	0.000112313
187.7	0.000112088
187.72	0.000111863
187.74	0.000111639
187.76	0.000111415
187.78	0.000111192
187.8	0.00011097
187.82	0.000110747
187.84	0.000110526
187.86	0.000110305
187.88	0.000110084
187.9	0.000109864
187.92	0.000109644
187.94	0.000109425
187.96	0.000109206
187.98	0.000108988
188	0.00010877
188.02	0.000108553
188.04	0.000108336
188.06	0.00010812
188.08	0.000107904
188.1	0.000107689
188.12	0.000107475
188.14	0.000107261
188.16	0.000107047
188.18	0.000106834
188.2	0.000106622
188.22	0.00010641
188.24	0.000106198
188.26	0.000105988
188.28	0.000105777
188.3	0.000105568
188.32	0.000105358
188.34	0.00010515
188.36	0.000104941
188.38	0.000104734
188.4	0.000104527
188.42	0.00010432
188.44	0.000104114
188.46	0.000103909
188.48	0.000103704
188.5	0.000103499
188.52	0.000103295
188.54	0.000103092
188.56	0.000102889
188.58	0.000102687
188.6	0.000102485
188.62	0.000102284
188.64	0.000102083
188.66	0.000101883
188.68	0.000101683
188.7	0.000101484
188.72	0.000101285
188.74	0.000101087
188.76	0.00010089
188.78	0.000100693
188.8	0.000100496
188.82	0.0001003
188.84	0.000100105
188.86	9.99096e-05
188.88	9.97151e-05
188.9	9.95212e-05
188.92	9.93277e-05
188.94	9.91348e-05
188.96	9.89424e-05
188.98	9.87504e-05
189	9.8559e-05
189.02	9.83681e-05
189.04	9.81777e-05
189.06	9.79878e-05
189.08	9.77984e-05
189.1	9.76095e-05
189.12	9.74211e-05
189.14	9.72331e-05
189.16	9.70457e-05
189.18	9.68588e-05
189.2	9.66723e-05
189.22	9.64864e-05
189.24	9.63009e-05
189.26	9.61159e-05
189.28	9.59314e-05
189.3	9.57474e-05
189.32	9.55638e-05
189.34	9.53807e-05
189.36	9.51982e-05
189.38	9.5016e-05
189.4	9.48344e-05
189.42	9.46532e-05
189.44	9.44725e-05
189.46	9.42923e-05
189.48	9.41125e-05
189.5	9.39332e-05
189.52	9.37544e-05
189.54	9.3576e-05
189.56	9.33981e-05
189.58	9.32207e-05
189.6	9.30437e-05
189.62	9.28671e-05
189.64	9.26911e-05
189.66	9.25154e-05
189.68	9.23402e-05
189.7	9.21655e-05
189.72	9.19912e-05
189.74	9.18174e-05
189.76	9.1644e-05
189.78	9.1471e-05
189.8	9.12985e-05
189.82	9.11265e-05
189.84	9.09548e-05
189.86	9.07837e-05
189.88	9.06129e-05
189.9	9.04426e-05
189.92	9.02727e-05
189.94	9.01032e-05
189.96	8.99342e-05
189.98	8.97656e-05
190	8.95974e-05
190.02	8.94297e-05
190.04	8.92624e-05
190.06	8.90955e-05
190.08	8.8929e-05
190.1	8.8763e-05
190.12	8.85973e-05
190.14	8.84321e-05
190.16	8.82673e-05
190.18	8.81029e-05
190.2	8.79389e-05
190.22	8.77754e-05
190.24	8.76122e-05
190.26	8.74495e-05
190.28	8.72871e-05
190.3	8.71252e-05
190.32	8.69637e-05
190.34	8.68026e-05
190.36	8.66418e-05
190.38	8.64815e-05
190.4	8.63216e-05
190.42	8.61621e-05
190.44	8.6003e-05
190.46	8.58443e-05
190.48	8.5686e-05
190.5	8.5528e-05
190.52	8.53705e-05
190.54	8.52133e-05
190.56	8.50566e-05
190.58	8.49002e-05
190.6	8.47442e-05
190.62	8.45887e-05
190.64	8.44335e-05
190.66	8.42786e-05
190.68	8.41242e-05
190.7	8.39702e-05
190.72	8.38165e-05
190.74	8.36632e-05
190.76	8.35103e-05
190.78	8.33578e-05
190.8	8.32056e-05
190.82	8.30538e-05
190.84	8.29024e-05
190.86	8.27514e-05
190.88	8.26007e-05
190.9	8.24505e-05
190.92	8.23006e-05
190.94	8.2151e-05
190.96	8.20018e-05
190.98	8.1853e-05
191	8.17046e-05
191.02	8.15565e-05
191.04	8.14088e-05
191.06	8.12615e-05
191.08	8.11145e-05
191.1	8.09679e-05
191.12	8.08216e-05
191.14	8.06757e-05
191.16	8.05302e-05
191.18	8.0385e-05
191.2	8.02402e-05
191.22	8.00957e-05
191.24	7.99516e-05
191.26	7.98078e-05
191.28	7.96644e-05
191.3	7.95214e-05
191.32	7.93787e-05
191.34	7.92363e-05
191.36	7.90943e-05
191.38	7.89527e-05
191.4	7.88114e-05
191.42	7.86704e-05
191.44	7.85298e-05
191.46	7.83895e-05
191.48	7.82496e-05
191.5	7.811e-05
191.52	7.79708e-05
191.54	7.78319e-05
191.56	7.76934e-05
191.58	7.75552e-05
191.6	7.74173e-05
191.62	7.72798e-05
191.64	7.71426e-05
191.66	7.70057e-05
191.68	7.68692e-05
191.7	7.6733e-05
191.72	7.65972e-05
191.74	7.64617e-05
191.76	7.63265e-05
191.78	7.61917e-05
191.8	7.60571e-05
191.82	7.5923e-05
191.84	7.57891e-05
191.86	7.56556e-05
191.88	7.55224e-05
191.9	7.53895e-05
191.92	7.5257e-05
191.94	7.51248e-05
191.96	7.49929e-05
191.98	7.48614e-05
192	7.47301e-05
192.02	7.45992e-05
192.04	7.44686e-05
192.06	7.43384e-05
192.08	7.42084e-05
192.1	7.40788e-05
192.12	7.39495e-05
192.14	7.38206e-05
192.16	7.36919e-05
192.18	7.35636e-05
192.2	7.34355e-05
192.22	7.33078e-05
192.24	7.31805e-05
192.26	7.30534e-05
192.28	7.29266e-05
192.3	7.28002e-05
192.32	7.26741e-05
192.34	7.25483e-05
192.36	7.24228e-05
192.38	7.22976e-05
192.4	7.21727e-05
192.42	7.20482e-05
192.44	7.19239e-05
192.46	7.18e-05
192.48	7.16764e-05
192.5	7.1553e-05
192.52	7.143e-05
192.54	7.13073e-05
192.56	7.11849e-05
192.58	7.10629e-05
192.6	7.09411e-05
192.62	7.08196e-05
192.64	7.06984e-05
192.66	7.05776e-05
192.68	7.0457e-05
192.7	7.03367e-05
192.72	7.02168e-05
192.74	7.00971e-05
192.76	6.99778e-05
192.78	6.98587e-05
192.8	6.974e-05
192.82	6.96215e-05
192.84	6.95034e-05
192.86	6.93855e-05
192.88	6.9268e-05
192.9	6.91507e-05
192.92	6.90337e-05
192.94	6.89171e-05
192.96	6.88007e-05
192.98	6.86847e-05
193	6.85689e-05
193.02	6.84534e-05
193.04	6.83382e-05
193.06	6.82234e-05
193.08	6.81088e-05
193.1	6.79945e-05
193.12	6.78804e-05
193.14	6.77667e-05
193.16	6.76533e-05
193.18	6.75402e-05
193.2	6.74273e-05
193.22	6.73148e-05
193.24	6.72025e-05
193.26	6.70906e-05
193.28	6.69789e-05
193.3	6.68675e-05
193.32	6.67564e-05
193.34	6.66456e-05
193.36	6.65351e-05
193.38	6.64248e-05
193.4	6.63149e-05
193.42	6.62052e-05
193.44	6.60958e-05
193.46	6.59867e-05
193.48	6.58779e-05
193.5	6.57694e-05
193.52	6.56612e-05
193.54	6.55532e-05
193.56	6.54455e-05
193.58	6.53382e-05
193.6	6.5231e-05
193.62	6.51242e-05
193.64	6.50177e-05
193.66	6.49114e-05
193.68	6.48054e-05
193.7	6.46998e-05
193.72	6.45943e-05
193.74	6.44892e-05
193.76	6.43843e-05
193.78	6.42798e-05
193.8	6.41755e-05
193.82	6.40715e-05
193.84	6.39677e-05
193.86	6.38643e-05
193.88	6.37611e-05
193.9	6.36582e-05
193.92	6.35555e-05
193.94	6.34532e-05
193.96	6.33511e-05
193.98	6.32493e-05
194	6.31478e-05
194.02	6.30466e-05
194.04	6.29456e-05
194.06	6.28449e-05
194.08	6.27445e-05
194.1	6.26443e-05
194.12	6.25445e-05
194.14	6.24449e-05
194.16	6.23455e-05
194.18	6.22465e-05
194.2	6.21477e-05
194.22	6.20492e-05
194.24	6.1951e-05
194.26	6.1853e-05
194.28	6.17553e-05
194.3	6.16579e-05
194.32	6.15608e-05
194.34	6.14639e-05
194.36	6.13673e-05
194.38	6.1271e-05
194.4	6.11749e-05
194.42	6.10792e-05
194.44	6.09837e-05
194.46	6.08884e-05
194.48	6.07934e-05
194.5	6.06987e-05
194.52	6.06043e-05
194.54	6.05101e-05
194.56	6.04162e-05
194.58	6.03226e-05
194.6	6.02293e-05
194.62	6.01362e-05
194.64	6.00434e-05
194.66	5.99508e-05
194.68	5.98585e-05
194.7	5.97665e-05
194.72	5.96748e-05
194.74	5.95833e-05
194.76	5.94921e-05
194.78	5.94011e-05
194.8	5.93105e-05
194.82	5.92201e-05
194.84	5.91299e-05
194.86	5.904e-05
194.88	5.89504e-05
194.9	5.88611e-05
194.92	5.8772e-05
194.94	5.86832e-05
194.96	5.85947e-05
194.98	5.85064e-05
195	5.84184e-05
195.02	5.83307e-05
195.04	5.82432e-05
195.06	5.8156e-05
195.08	5.80691e-05
195.1	5.79824e-05
195.12	5.7896e-05
195.14	5.78099e-05
195.16	5.7724e-05
195.18	5.76384e-05
195.2	5.7553e-05
195.22	5.7468e-05
195.24	5.73831e-05
195.26	5.72986e-05
195.28	5.72143e-05
195.3	5.71303e-05
195.32	5.70466e-05
195.34	5.69631e-05
195.36	5.68799e-05
195.38	5.67969e-05
195.4	5.67143e-05
195.42	5.66319e-05
195.44	5.65497e-05
195.46	5.64678e-05
195.48	5.63862e-05
195.5	5.63049e-05
195.52	5.62238e-05
195.54	5.6143e-05
195.56	5.60625e-05
195.58	5.59822e-05
195.6	5.59022e-05
195.62	5.58224e-05
195.64	5.5743e-05
195.66	5.56638e-05
195.68	5.55848e-05
195.7	5.55062e-05
195.72	5.54278e-05
195.74	5.53496e-05
195.76	5.52718e-05
195.78	5.51942e-05
195.8	5.51168e-05
195.82	5.50398e-05
195.84	5.4963e-05
195.86	5.48865e-05
195.88	5.48103e-05
195.9	5.47343e-05
195.92	5.46586e-05
195.94	5.45831e-05
195.96	5.4508e-05
195.98	5.44331e-05
196	5.43585e-05
196.02	5.42842e-05
196.04	5.42101e-05
196.06	5.41363e-05
196.08	5.40628e-05
196.1	5.39895e-05
196.12	5.39165e-05
196.14	5.38438e-05
196.16	5.37714e-05
196.18	5.36993e-05
196.2	5.36274e-05
196.22	5.35558e-05
196.24	5.34845e-05
196.26	5.34135e-05
196.28	5.33427e-05
196.3	5.32722e-05
196.32	5.3202e-05
196.34	5.31321e-05
196.36	5.30624e-05
196.38	5.29931e-05
196.4	5.2924e-05
196.42	5.28552e-05
196.44	5.27867e-05
196.46	5.27185e-05
196.48	5.26505e-05
196.5	5.25829e-05
196.52	5.25155e-05
196.54	5.24484e-05
196.56	5.23816e-05
196.58	5.23151e-05
196.6	5.22489e-05
196.62	5.21829e-05
196.64	5.21173e-05
196.66	5.20519e-05
196.68	5.19869e-05
196.7	5.19221e-05
196.72	5.18576e-05
196.74	5.17935e-05
196.76	5.17296e-05
196.78	5.1666e-05
196.8	5.16027e-05
196.82	5.15397e-05
196.84	5.1477e-05
196.86	5.14147e-05
196.88	5.13526e-05
196.9	5.12908e-05
196.92	5.12293e-05
196.94	5.11682e-05
196.96	5.11073e-05
196.98	5.10468e-05
197	5.09865e-05
197.02	5.09266e-05
197.04	5.0867e-05
197.06	5.08077e-05
197.08	5.07487e-05
197.1	5.069e-05
197.12	5.06317e-05
197.14	5.05737e-05
197.16	5.05159e-05
197.18	5.04586e-05
197.2	5.04015e-05
197.22	5.03448e-05
197.24	5.02884e-05
197.26	5.02323e-05
197.28	5.01766e-05
197.3	5.01212e-05
197.32	5.00661e-05
197.34	5.00114e-05
197.36	4.99571e-05
197.38	4.9903e-05
197.4	4.98493e-05
197.42	4.9796e-05
197.44	4.9743e-05
197.46	4.96904e-05
197.48	4.96381e-05
197.5	4.95862e-05
197.52	4.95346e-05
197.54	4.94834e-05
197.56	4.94326e-05
197.58	4.93821e-05
197.6	4.9332e-05
197.62	4.92823e-05
197.64	4.9233e-05
197.66	4.9184e-05
197.68	4.91355e-05
197.7	4.90873e-05
197.72	4.90395e-05
197.74	4.89921e-05
197.76	4.89451e-05
197.78	4.88986e-05
197.8	4.88524e-05
197.82	4.88066e-05
197.84	4.87613e-05
197.86	4.87163e-05
197.88	4.86718e-05
197.9	4.86278e-05
197.92	4.85841e-05
197.94	4.85409e-05
197.96	4.84982e-05
197.98	4.84559e-05
198	4.8414e-05
198.02	4.83727e-05
198.04	4.83317e-05
198.06	4.82913e-05
198.08	4.82513e-05
198.1	4.82119e-05
198.12	4.81729e-05
198.14	4.81344e-05
198.16	4.80964e-05
198.18	4.80589e-05
198.2	4.8022e-05
198.22	4.79856e-05
198.24	4.79497e-05
198.26	4.79144e-05
198.28	4.78797e-05
198.3	4.78455e-05
198.32	4.78119e-05
198.34	4.77788e-05
198.36	4.77464e-05
198.38	4.77146e-05
198.4	4.76834e-05
198.42	4.76528e-05
198.44	4.76229e-05
198.46	4.75937e-05
198.48	4.75651e-05
198.5	4.75372e-05
198.52	4.751e-05
198.54	4.74835e-05
198.56	4.74578e-05
198.58	4.74329e-05
198.6	4.74087e-05
198.62	4.73853e-05
198.64	4.73627e-05
198.66	4.73409e-05
198.68	4.732e-05
198.7	4.73e-05
198.72	4.7281e-05
198.74	4.72628e-05
198.76	4.72456e-05
198.78	4.72295e-05
198.8	4.72143e-05
198.82	4.72002e-05
198.84	4.71873e-05
198.86	4.71754e-05
198.88	4.71648e-05
198.9	4.71554e-05
198.92	4.71473e-05
198.94	4.71405e-05
198.96	4.71351e-05
198.98	4.71312e-05
199	4.71288e-05
199.02	4.7128e-05
199.04	4.71288e-05
199.06	4.71315e-05
199.08	4.7136e-05
199.1	4.71424e-05
199.12	4.71509e-05
199.14	4.71617e-05
199.16	4.71747e-05
199.18	4.71903e-05
199.2	4.72085e-05
199.22	4.72295e-05
199.24	4.72537e-05
199.26	4.72811e-05
199.28	4.73122e-05
199.3	4.73472e-05
199.32	4.73865e-05
199.34	4.74304e-05
199.36	4.74796e-05
199.38	4.75347e-05
199.4	4.75962e-05
199.42	4.7665e-05
199.44	4.77423e-05
199.46	4.78292e-05
199.48	4.79274e-05
199.5	4.80388e-05
199.52	4.81663e-05
199.54	4.83133e-05
199.56	4.84848e-05
199.58	4.86879e-05
199.6	4.89333e-05
199.62	4.92381e-05
199.64	4.96315e-05
199.66	5.01693e-05
199.68	5.09697e-05
199.7	5.23092e-05
199.72	5.47636e-05
199.74	5.89613e-05
199.76	6.48069e-05
199.78	7.162e-05
199.8	7.91041e-05
199.82	8.7406e-05
199.84	9.65435e-05
199.86	0.000106221
199.88	0.000116119
199.9	0.00012599
199.92	0.000135554
199.94	0.00014445
199.96	0.000152289
199.98	0.000158742
200	0.00016365
200.02	0.000167033
200.04	0.000169026
200.06	0.000169805
200.08	0.000169554
200.1	0.000168462
200.12	0.00016673
200.14	0.000164555
200.16	0.000162114
200.18	0.000159548
200.2	0.000156964
200.22	0.000154438
200.24	0.000152022
200.26	0.000149744
200.28	0.000147624
200.3	0.000145665
200.32	0.00014387
200.34	0.000142232
200.36	0.000140744
200.38	0.000139396
200.4	0.000138179
200.42	0.000137081
200.44	0.000136092
200.46	0.000135203
200.48	0.000134403
200.5	0.000133685
200.52	0.00013304
200.54	0.000132461
200.56	0.000131941
200.58	0.000131476
200.6	0.00013106
200.62	0.000130689
200.64	0.000130358
200.66	0.000130064
200.68	0.000129804
200.7	0.000129575
200.72	0.000129376
200.74	0.000129203
200.76	0.000129055
200.78	0.00012893
200.8	0.000128826
200.82	0.000128743
200.84	0.000128678
200.86	0.000128632
200.88	0.000128602
200.9	0.000128587
200.92	0.000128587
200.94	0.000128601
200.96	0.000128628
200.98	0.000128667
201	0.000128717
201.02	0.000128777
201.04	0.000128847
201.06	0.000128926
201.08	0.000129014
201.1	0.000129109
201.12	0.000129211
201.14	0.000129319
201.16	0.000129433
201.18	0.000129552
201.2	0.000129675
201.22	0.000129802
201.24	0.000129932
201.26	0.000130064
201.28	0.000130199
201.3	0.000130335
201.32	0.000130471
201.34	0.000130608
201.36	0.000130745
201.38	0.000130882
201.4	0.000131017
201.42	0.000131151
201.44	0.000131282
201.46	0.000131412
201.48	0.000131538
201.5	0.000131662
201.52	0.000131782
201.54	0.000131898
201.56	0.00013201
201.58	0.000132118
201.6	0.000132221
201.62	0.000132319
201.64	0.000132412
201.66	0.000132499
201.68	0.000132581
201.7	0.000132657
201.72	0.000132728
201.74	0.000132792
201.76	0.00013285
201.78	0.000132902
201.8	0.000132947
201.82	0.000132986
201.84	0.000133018
201.86	0.000133044
201.88	0.000133063
201.9	0.000133076
201.92	0.000133082
201.94	0.000133081
201.96	0.000133074
201.98	0.00013306
202	0.000133039
202.02	0.000133012
202.04	0.000132979
202.06	0.000132939
202.08	0.000132893
202.1	0.00013284
202.12	0.000132782
202.14	0.000132717
202.16	0.000132646
202.18	0.00013257
202.2	0.000132488
202.22	0.0001324
202.24	0.000132306
202.26	0.000132207
202.28	0.000132103
202.3	0.000131994
202.32	0.000131879
202.34	0.00013176
202.36	0.000131635
202.38	0.000131506
202.4	0.000131373
202.42	0.000131235
202.44	0.000131092
202.46	0.000130946
202.48	0.000130795
202.5	0.000130641
202.52	0.000130482
202.54	0.00013032
202.56	0.000130154
202.58	0.000129985
202.6	0.000129813
202.62	0.000129637
202.64	0.000129458
202.66	0.000129277
202.68	0.000129092
202.7	0.000128904
202.72	0.000128714
202.74	0.000128522
202.76	0.000128327
202.78	0.000128129
202.8	0.000127929
202.82	0.000127728
202.84	0.000127524
202.86	0.000127318
202.88	0.00012711
202.9	0.0001269
202.92	0.000126689
202.94	0.000126476
202.96	0.000126262
202.98	0.000126046
203	0.000125828
203.02	0.00012561
203.04	0.00012539
203.06	0.000125169
203.08	0.000124947
203.1	0.000124723
203.12	0.000124499
203.14	0.000124274
203.16	0.000124048
203.18	0.000123821
203.2	0.000123594
203.22	0.000123366
203.24	0.000123137
203.26	0.000122907
203.28	0.000122677
203.3	0.000122447
203.32	0.000122216
203.34	0.000121984
203.36	0.000121752
203.38	0.00012152
203.4	0.000121288
203.42	0.000121055
203.44	0.000120822
203.46	0.000120589
203.48	0.000120356
203.5	0.000120123
203.52	0.000119889
203.54	0.000119656
203.56	0.000119422
203.58	0.000119189
203.6	0.000118955
203.62	0.000118722
203.64	0.000118489
203.66	0.000118255
203.68	0.000118022
203.7	0.000117789
203.72	0.000117556
203.74	0.000117324
203.76	0.000117091
203.78	0.000116859
203.8	0.000116627
203.82	0.000116395
203.84	0.000116164
203.86	0.000115932
203.88	0.000115702
203.9	0.000115471
203.92	0.000115241
203.94	0.000115011
203.96	0.000114781
203.98	0.000114552
204	0.000114323
204.02	0.000114095
204.04	0.000113867
204.06	0.000113639
204.08	0.000113412
204.1	0.000113185
204.12	0.000112958
204.14	0.000112732
204.16	0.000112507
204.18	0.000112282
204.2	0.000112057
204.22	0.000111833
204.24	0.000111609
204.26	0.000111386
204.28	0.000111163
204.3	0.000110941
204.32	0.000110719
204.34	0.000110498
204.36	0.000110277
204.38	0.000110057
204.4	0.000109837
204.42	0.000109618
204.44	0.000109399
204.46	0.000109181
204.48	0.000108963
204.5	0.000108746
204.52	0.00010853
204.54	0.000108313
204.56	0.000108098
204.58	0.000107883
204.6	0.000107668
204.62	0.000107454
204.64	0.000107241
204.66	0.000107028
204.68	0.000106815
204.7	0.000106603
204.72	0.000106392
204.74	0.000106181
204.76	0.000105971
204.78	0.000105761
204.8	0.000105552
204.82	0.000105343
204.84	0.000105135
204.86	0.000104927
204.88	0.00010472
204.9	0.000104514
204.92	0.000104308
204.94	0.000104102
204.96	0.000103897
204.98	0.000103693
205	0.000103489
205.02	0.000103286
205.04	0.000103083
205.06	0.000102881
205.08	0.000102679
205.1	0.000102478
205.12	0.000102277
205.14	0.000102077
205.16	0.000101877
205.18	0.000101678
205.2	0.00010148
205.22	0.000101282
205.24	0.000101084
205.26	0.000100887
205.28	0.00010069
205.3	0.000100494
205.32	0.000100299
205.34	0.000100104
205.36	9.99096e-05
205.38	9.97157e-05
205.4	9.95223e-05
205.42	9.93294e-05
205.44	9.9137e-05
205.46	9.89451e-05
205.48	9.87537e-05
205.5	9.85628e-05
205.52	9.83725e-05
205.54	9.81826e-05
205.56	9.79932e-05
205.58	9.78043e-05
205.6	9.76159e-05
205.62	9.7428e-05
205.64	9.72406e-05
205.66	9.70537e-05
205.68	9.68673e-05
205.7	9.66814e-05
205.72	9.64959e-05
205.74	9.63109e-05
205.76	9.61265e-05
205.78	9.59425e-05
205.8	9.57589e-05
205.82	9.55759e-05
205.84	9.53933e-05
205.86	9.52112e-05
205.88	9.50296e-05
205.9	9.48485e-05
205.92	9.46678e-05
205.94	9.44876e-05
205.96	9.43078e-05
205.98	9.41285e-05
206	9.39497e-05
206.02	9.37714e-05
206.04	9.35935e-05
206.06	9.3416e-05
206.08	9.3239e-05
206.1	9.30625e-05
206.12	9.28865e-05
206.14	9.27108e-05
206.16	9.25357e-05
206.18	9.23609e-05
206.2	9.21867e-05
206.22	9.20128e-05
206.24	9.18395e-05
206.26	9.16665e-05
206.28	9.1494e-05
206.3	9.1322e-05
206.32	9.11503e-05
206.34	9.09792e-05
206.36	9.08084e-05
206.38	9.06381e-05
206.4	9.04682e-05
206.42	9.02988e-05
206.44	9.01298e-05
206.46	8.99612e-05
206.48	8.9793e-05
206.5	8.96253e-05
206.52	8.94579e-05
206.54	8.9291e-05
206.56	8.91246e-05
206.58	8.89585e-05
206.6	8.87929e-05
206.62	8.86277e-05
206.64	8.84629e-05
206.66	8.82985e-05
206.68	8.81345e-05
206.7	8.7971e-05
206.72	8.78078e-05
206.74	8.76451e-05
206.76	8.74827e-05
206.78	8.73208e-05
206.8	8.71593e-05
206.82	8.69982e-05
206.84	8.68374e-05
206.86	8.66771e-05
206.88	8.65172e-05
206.9	8.63577e-05
206.92	8.61986e-05
206.94	8.60399e-05
206.96	8.58815e-05
206.98	8.57236e-05
207	8.55661e-05
207.02	8.54089e-05
207.04	8.52522e-05
207.06	8.50958e-05
207.08	8.49398e-05
207.1	8.47842e-05
207.12	8.4629e-05
207.14	8.44742e-05
207.16	8.43198e-05
207.18	8.41657e-05
207.2	8.40121e-05
207.22	8.38588e-05
207.24	8.37059e-05
207.26	8.35533e-05
207.28	8.34012e-05
207.3	8.32494e-05
207.32	8.3098e-05
207.34	8.2947e-05
207.36	8.27963e-05
207.38	8.2646e-05
207.4	8.24961e-05
207.42	8.23466e-05
207.44	8.21974e-05
207.46	8.20486e-05
207.48	8.19001e-05
207.5	8.17521e-05
207.52	8.16044e-05
207.54	8.1457e-05
207.56	8.131e-05
207.58	8.11634e-05
207.6	8.10171e-05
207.62	8.08712e-05
207.64	8.07257e-05
207.66	8.05805e-05
207.68	8.04357e-05
207.7	8.02912e-05
207.72	8.01471e-05
207.74	8.00034e-05
207.76	7.986e-05
207.78	7.97169e-05
207.8	7.95742e-05
207.82	7.94318e-05
207.84	7.92898e-05
207.86	7.91482e-05
207.88	7.90069e-05
207.9	7.88659e-05
207.92	7.87253e-05
207.94	7.85851e-05
207.96	7.84452e-05
207.98	7.83056e-05
208	7.81664e-05
208.02	7.80275e-05
208.04	7.78889e-05
208.06	7.77507e-05
208.08	7.76129e-05
208.1	7.74753e-05
208.12	7.73382e-05
208.14	7.72013e-05
208.16	7.70648e-05
208.18	7.69286e-05
208.2	7.67928e-05
208.22	7.66573e-05
208.24	7.65221e-05
208.26	7.63873e-05
208.28	7.62528e-05
208.3	7.61186e-05
208.32	7.59848e-05
208.34	7.58512e-05
208.36	7.57181e-05
208.38	7.55852e-05
208.4	7.54527e-05
208.42	7.53205e-05
208.44	7.51886e-05
208.46	7.50571e-05
208.48	7.49259e-05
208.5	7.4795e-05
208.52	7.46644e-05
208.54	7.45342e-05
208.56	7.44042e-05
208.58	7.42746e-05
208.6	7.41454e-05
208.62	7.40164e-05
208.64	7.38878e-05
208.66	7.37594e-05
208.68	7.36314e-05
208.7	7.35038e-05
208.72	7.33764e-05
208.74	7.32493e-05
208.76	7.31226e-05
208.78	7.29962e-05
208.8	7.28701e-05
208.82	7.27443e-05
208.84	7.26188e-05
208.86	7.24937e-05
208.88	7.23688e-05
208.9	7.22443e-05
208.92	7.21201e-05
208.94	7.19962e-05
208.96	7.18726e-05
208.98	7.17493e-05
209	7.16263e-05
209.02	7.15036e-05
209.04	7.13812e-05
209.06	7.12592e-05
209.08	7.11374e-05
209.1	7.1016e-05
209.12	7.08948e-05
209.14	7.0774e-05
209.16	7.06535e-05
209.18	7.05332e-05
209.2	7.04133e-05
209.22	7.02937e-05
209.24	7.01744e-05
209.26	7.00554e-05
209.28	6.99367e-05
209.3	6.98182e-05
209.32	6.97001e-05
209.34	6.95823e-05
209.36	6.94648e-05
209.38	6.93476e-05
209.4	6.92307e-05
209.42	6.91141e-05
209.44	6.89977e-05
209.46	6.88817e-05
209.48	6.8766e-05
209.5	6.86506e-05
209.52	6.85354e-05
209.54	6.84206e-05
209.56	6.8306e-05
209.58	6.81918e-05
209.6	6.80778e-05
209.62	6.79642e-05
209.64	6.78508e-05
209.66	6.77377e-05
209.68	6.76249e-05
209.7	6.75124e-05
209.72	6.74002e-05
209.74	6.72883e-05
209.76	6.71767e-05
209.78	6.70654e-05
209.8	6.69543e-05
209.82	6.68436e-05
209.84	6.67331e-05
209.86	6.66229e-05
209.88	6.65131e-05
209.9	6.64035e-05
209.92	6.62941e-05
209.94	6.61851e-05
209.96	6.60764e-05
209.98	6.59679e-05
210	6.58597e-05
210.02	6.57519e-05
210.04	6.56443e-05
210.06	6.55369e-05
210.08	6.54299e-05
210.1	6.53232e-05
210.12	6.52167e-05
210.14	6.51105e-05
210.16	6.50046e-05
210.18	6.4899e-05
210.2	6.47937e-05
210.22	6.46886e-05
210.24	6.45838e-05
210.26	6.44793e-05
210.28	6.43751e-05
210.3	6.42712e-05
210.32	6.41676e-05
210.34	6.40642e-05
210.36	6.39611e-05
210.38	6.38583e-05
210.4	6.37557e-05
210.42	6.36535e-05
210.44	6.35515e-05
210.46	6.34498e-05
210.48	6.33484e-05
210.5	6.32472e-05
210.52	6.31464e-05
210.54	6.30458e-05
210.56	6.29455e-05
210.58	6.28454e-05
210.6	6.27456e-05
210.62	6.26462e-05
210.64	6.25469e-05
210.66	6.2448e-05
210.68	6.23493e-05
210.7	6.22509e-05
210.72	6.21528e-05
210.74	6.2055e-05
210.76	6.19574e-05
210.78	6.18601e-05
210.8	6.17631e-05
210.82	6.16664e-05
210.84	6.15699e-05
210.86	6.14737e-05
210.88	6.13778e-05
210.9	6.12821e-05
210.92	6.11867e-05
210.94	6.10916e-05
210.96	6.09968e-05
210.98	6.09022e-05
211	6.08079e-05
211.02	6.07139e-05
211.04	6.06201e-05
211.06	6.05266e-05
211.08	6.04334e-05
211.1	6.03405e-05
211.12	6.02478e-05
211.14	6.01554e-05
211.16	6.00633e-05
211.18	5.99714e-05
211.2	5.98798e-05
211.22	5.97885e-05
211.24	5.96974e-05
211.26	5.96066e-05
211.28	5.95161e-05
211.3	5.94259e-05
211.32	5.93359e-05
211.34	5.92462e-05
211.36	5.91568e-05
211.38	5.90676e-05
211.4	5.89787e-05
211.42	5.88901e-05
211.44	5.88017e-05
211.46	5.87136e-05
211.48	5.86258e-05
211.5	5.85382e-05
211.52	5.8451e-05
211.54	5.83639e-05
211.56	5.82772e-05
211.58	5.81907e-05
211.6	5.81045e-05
211.62	5.80185e-05
211.64	5.79329e-05
211.66	5.78475e-05
211.68	5.77623e-05
211.7	5.76775e-05
211.72	5.75929e-05
211.74	5.75085e-05
211.76	5.74245e-05
211.78	5.73407e-05
211.8	5.72571e-05
211.82	5.71739e-05
211.84	5.70909e-05
211.86	5.70082e-05
211.88	5.69257e-05
211.9	5.68435e-05
211.92	5.67616e-05
211.94	5.668e-05
211.96	5.65986e-05
211.98	5.65175e-05
212	5.64367e-05
212.02	5.63561e-05
212.04	5.62758e-05
212.06	5.61958e-05
212.08	5.6116e-05
212.1	5.60366e-05
212.12	5.59573e-05
212.14	5.58784e-05
212.16	5.57997e-05
212.18	5.57213e-05
212.2	5.56432e-05
212.22	5.55654e-05
212.24	5.54878e-05
212.26	5.54105e-05
212.28	5.53334e-05
212.3	5.52567e-05
212.32	5.51802e-05
212.34	5.5104e-05
212.36	5.5028e-05
212.38	5.49523e-05
212.4	5.48769e-05
212.42	5.48018e-05
212.44	5.4727e-05
212.46	5.46524e-05
212.48	5.45781e-05
212.5	5.45041e-05
212.52	5.44304e-05
212.54	5.43569e-05
212.56	5.42837e-05
212.58	5.42108e-05
212.6	5.41382e-05
212.62	5.40658e-05
212.64	5.39938e-05
212.66	5.3922e-05
212.68	5.38505e-05
212.7	5.37792e-05
212.72	5.37083e-05
212.74	5.36376e-05
212.76	5.35672e-05
212.78	5.34971e-05
212.8	5.34273e-05
212.82	5.33578e-05
212.84	5.32885e-05
212.86	5.32196e-05
212.88	5.31509e-05
212.9	5.30825e-05
212.92	5.30144e-05
212.94	5.29466e-05
212.96	5.28791e-05
212.98	5.28119e-05
213	5.27449e-05
213.02	5.26783e-05
213.04	5.26119e-05
213.06	5.25459e-05
213.08	5.24801e-05
213.1	5.24147e-05
213.12	5.23495e-05
213.14	5.22846e-05
213.16	5.222e-05
213.18	5.21558e-05
213.2	5.20918e-05
213.22	5.20281e-05
213.24	5.19647e-05
213.26	5.19017e-05
213.28	5.18389e-05
213.3	5.17765e-05
213.32	5.17143e-05
213.34	5.16525e-05
213.36	5.1591e-05
213.38	5.15297e-05
213.4	5.14688e-05
213.42	5.14082e-05
213.44	5.1348e-05
213.46	5.1288e-05
213.48	5.12284e-05
213.5	5.11691e-05
213.52	5.11101e-05
213.54	5.10514e-05
213.56	5.0993e-05
213.58	5.0935e-05
213.6	5.08773e-05
213.62	5.08199e-05
213.64	5.07629e-05
213.66	5.07062e-05
213.68	5.06499e-05
213.7	5.05938e-05
213.72	5.05381e-05
213.74	5.04828e-05
213.76	5.04278e-05
213.78	5.03731e-05
213.8	5.03188e-05
213.82	5.02649e-05
213.84	5.02113e-05
213.86	5.0158e-05
213.88	5.01052e-05
213.9	5.00526e-05
213.92	5.00005e-05
213.94	4.99487e-05
213.96	4.98972e-05
213.98	4.98462e-05
214	4.97955e-05
214.02	4.97452e-05
214.04	4.96953e-05
214.06	4.96458e-05
214.08	4.95966e-05
214.1	4.95479e-05
214.12	4.94995e-05
214.14	4.94515e-05
214.16	4.9404e-05
214.18	4.93568e-05
214.2	4.93101e-05
214.22	4.92638e-05
214.24	4.92178e-05
214.26	4.91724e-05
214.28	4.91273e-05
214.3	4.90827e-05
214.32	4.90385e-05
214.34	4.89947e-05
214.36	4.89514e-05
214.38	4.89086e-05
214.4	4.88662e-05
214.42	4.88243e-05
214.44	4.87828e-05
214.46	4.87419e-05
214.48	4.87014e-05
214.5	4.86614e-05
214.52	4.86219e-05
214.54	4.85829e-05
214.56	4.85444e-05
214.58	4.85064e-05
214.6	4.84689e-05
214.62	4.8432e-05
214.64	4.83956e-05
214.66	4.83598e-05
214.68	4.83246e-05
214.7	4.82899e-05
214.72	4.82558e-05
214.74	4.82222e-05
214.76	4.81893e-05
214.78	4.8157e-05
214.8	4.81253e-05
214.82	4.80943e-05
214.84	4.80639e-05
214.86	4.80342e-05
214.88	4.80051e-05
214.9	4.79768e-05
214.92	4.79491e-05
214.94	4.79222e-05
214.96	4.7896e-05
214.98	4.78706e-05
215	4.78459e-05
215.02	4.78221e-05
215.04	4.7799e-05
215.06	4.77768e-05
215.08	4.77555e-05
215.1	4.77351e-05
215.12	4.77155e-05
215.14	4.76969e-05
215.16	4.76793e-05
215.18	4.76627e-05
215.2	4.76471e-05
215.22	4.76326e-05
215.24	4.76192e-05
215.26	4.7607e-05
215.28	4.75959e-05
215.3	4.75861e-05
215.32	4.75775e-05
215.34	4.75703e-05
215.36	4.75645e-05
215.38	4.75601e-05
215.4	4.75573e-05
215.42	4.75561e-05
215.44	4.75565e-05
215.46	4.75587e-05
215.48	4.75627e-05
215.5	4.75687e-05
215.52	4.75768e-05
215.54	4.75871e-05
215.56	4.75997e-05
215.58	4.76147e-05
215.6	4.76325e-05
215.62	4.7653e-05
215.64	4.76766e-05
215.66	4.77035e-05
215.68	4.7734e-05
215.7	4.77684e-05
215.72	4.7807e-05
215.74	4.78503e-05
215.76	4.78987e-05
215.78	4.79529e-05
215.8	4.80135e-05
215.82	4.80813e-05
215.84	4.81573e-05
215.86	4.82428e-05
215.88	4.83393e-05
215.9	4.84488e-05
215.92	4.85738e-05
215.94	4.87177e-05
215.96	4.88852e-05
215.98	4.9083e-05
216	4.93208e-05
216.02	4.96145e-05
216.04	4.99903e-05
216.06	5.04972e-05
216.08	5.1237e-05
216.1	5.2445e-05
216.12	5.46381e-05
216.14	5.8495e-05
216.16	6.41035e-05
216.18	7.08138e-05
216.2	7.82037e-05
216.22	8.63743e-05
216.24	9.54052e-05
216.26	0.000105043
216.28	0.000114952
216.3	0.000124875
216.32	0.000134545
216.34	0.000143615
216.36	0.000151695
216.38	0.000158437
216.4	0.000163644
216.42	0.000167306
216.44	0.000169544
216.46	0.000170529
216.48	0.000170446
216.5	0.000169482
216.52	0.000167838
216.54	0.000165714
216.56	0.000163292
216.58	0.00016072
216.6	0.000158113
216.62	0.000155554
216.64	0.000153096
216.66	0.000150774
216.68	0.000148607
216.7	0.000146604
216.72	0.000144764
216.74	0.000143085
216.76	0.000141559
216.78	0.000140175
216.8	0.000138925
216.82	0.000137797
216.84	0.000136781
216.86	0.000135867
216.88	0.000135045
216.9	0.000134306
216.92	0.000133643
216.94	0.000133047
216.96	0.000132513
216.98	0.000132034
217	0.000131606
217.02	0.000131223
217.04	0.000130882
217.06	0.000130579
217.08	0.00013031
217.1	0.000130074
217.12	0.000129867
217.14	0.000129687
217.16	0.000129533
217.18	0.000129402
217.2	0.000129293
217.22	0.000129205
217.24	0.000129135
217.26	0.000129084
217.28	0.00012905
217.3	0.000129032
217.32	0.000129028
217.34	0.000129039
217.36	0.000129063
217.38	0.000129099
217.4	0.000129146
217.42	0.000129204
217.44	0.000129272
217.46	0.000129349
217.48	0.000129435
217.5	0.000129528
217.52	0.000129629
217.54	0.000129736
217.56	0.000129849
217.58	0.000129966
217.6	0.000130088
217.62	0.000130215
217.64	0.000130344
217.66	0.000130476
217.68	0.00013061
217.7	0.000130746
217.72	0.000130882
217.74	0.00013102
217.76	0.000131157
217.78	0.000131293
217.8	0.000131429
217.82	0.000131563
217.84	0.000131695
217.86	0.000131825
217.88	0.000131952
217.9	0.000132077
217.92	0.000132197
217.94	0.000132315
217.96	0.000132428
217.98	0.000132536
218	0.00013264
218.02	0.000132739
218.04	0.000132833
218.06	0.000132922
218.08	0.000133005
218.1	0.000133082
218.12	0.000133154
218.14	0.000133219
218.16	0.000133279
218.18	0.000133331
218.2	0.000133378
218.22	0.000133418
218.24	0.000133452
218.26	0.000133479
218.28	0.000133499
218.3	0.000133513
218.32	0.00013352
218.34	0.000133521
218.36	0.000133515
218.38	0.000133502
218.4	0.000133483
218.42	0.000133457
218.44	0.000133425
218.46	0.000133386
218.48	0.000133341
218.5	0.00013329
218.52	0.000133232
218.54	0.000133168
218.56	0.000133099
218.58	0.000133023
218.6	0.000132942
218.62	0.000132855
218.64	0.000132762
218.66	0.000132664
218.68	0.000132561
218.7	0.000132452
218.72	0.000132338
218.74	0.000132219
218.76	0.000132096
218.78	0.000131967
218.8	0.000131834
218.82	0.000131697
218.84	0.000131555
218.86	0.000131409
218.88	0.000131259
218.9	0.000131105
218.92	0.000130947
218.94	0.000130785
218.96	0.000130619
218.98	0.000130451
219	0.000130278
219.02	0.000130103
219.04	0.000129924
219.06	0.000129743
219.08	0.000129558
219.1	0.000129371
219.12	0.000129181
219.14	0.000128988
219.16	0.000128793
219.18	0.000128596
219.2	0.000128396
219.22	0.000128194
219.24	0.00012799
219.26	0.000127784
219.28	0.000127576
219.3	0.000127367
219.32	0.000127155
219.34	0.000126942
219.36	0.000126728
219.38	0.000126511
219.4	0.000126294
219.42	0.000126075
219.44	0.000125855
219.46	0.000125633
219.48	0.000125411
219.5	0.000125187
219.52	0.000124963
219.54	0.000124737
219.56	0.000124511
219.58	0.000124284
219.6	0.000124056
219.62	0.000123827
219.64	0.000123598
219.66	0.000123368
219.68	0.000123138
219.7	0.000122907
219.72	0.000122675
219.74	0.000122443
219.76	0.000122211
219.78	0.000121979
219.8	0.000121746
219.82	0.000121512
219.84	0.000121279
219.86	0.000121045
219.88	0.000120812
219.9	0.000120578
219.92	0.000120344
219.94	0.00012011
219.96	0.000119876
219.98	0.000119642
220	0.000119408
220.02	0.000119174
220.04	0.00011894
220.06	0.000118706
220.08	0.000118472
220.1	0.000118239
220.12	0.000118005
220.14	0.000117772
220.16	0.000117539
220.18	0.000117306
220.2	0.000117073
220.22	0.000116841
220.24	0.000116609
220.26	0.000116377
220.28	0.000116145
220.3	0.000115914
220.32	0.000115683
220.34	0.000115453
220.36	0.000115223
220.38	0.000114993
220.4	0.000114763
220.42	0.000114534
220.44	0.000114305
220.46	0.000114077
220.48	0.000113849
220.5	0.000113622
220.52	0.000113395
220.54	0.000113168
220.56	0.000112942
220.58	0.000112716
220.6	0.000112491
220.62	0.000112266
220.64	0.000112042
220.66	0.000111818
220.68	0.000111594
220.7	0.000111371
220.72	0.000111149
220.74	0.000110927
220.76	0.000110706
220.78	0.000110485
220.8	0.000110264
220.82	0.000110044
220.84	0.000109825
220.86	0.000109606
220.88	0.000109388
220.9	0.00010917
220.92	0.000108953
220.94	0.000108736
220.96	0.000108519
220.98	0.000108304
221	0.000108088
221.02	0.000107874
221.04	0.00010766
221.06	0.000107446
221.08	0.000107233
221.1	0.00010702
221.12	0.000106808
221.14	0.000106597
221.16	0.000106386
221.18	0.000106176
221.2	0.000105966
221.22	0.000105756
221.24	0.000105548
221.26	0.000105339
221.28	0.000105132
221.3	0.000104924
221.32	0.000104718
221.34	0.000104512
221.36	0.000104306
221.38	0.000104101
221.4	0.000103896
221.42	0.000103692
221.44	0.000103489
221.46	0.000103286
221.48	0.000103084
221.5	0.000102882
221.52	0.000102681
221.54	0.00010248
221.56	0.00010228
221.58	0.00010208
221.6	0.000101881
221.62	0.000101682
221.64	0.000101484
221.66	0.000101286
221.68	0.000101089
221.7	0.000100892
221.72	0.000100696
221.74	0.000100501
221.76	0.000100306
221.78	0.000100111
221.8	9.99172e-05
221.82	9.97237e-05
221.84	9.95307e-05
221.86	9.93382e-05
221.88	9.91462e-05
221.9	9.89547e-05
221.92	9.87637e-05
221.94	9.85732e-05
221.96	9.83832e-05
221.98	9.81938e-05
222	9.80048e-05
222.02	9.78163e-05
222.04	9.76283e-05
222.06	9.74408e-05
222.08	9.72538e-05
222.1	9.70673e-05
222.12	9.68812e-05
222.14	9.66957e-05
222.16	9.65106e-05
222.18	9.6326e-05
222.2	9.61419e-05
222.22	9.59583e-05
222.24	9.57751e-05
222.26	9.55925e-05
222.28	9.54103e-05
222.3	9.52286e-05
222.32	9.50473e-05
222.34	9.48665e-05
222.36	9.46862e-05
222.38	9.45064e-05
222.4	9.4327e-05
222.42	9.4148e-05
222.44	9.39696e-05
222.46	9.37916e-05
222.48	9.3614e-05
222.5	9.3437e-05
222.52	9.32603e-05
222.54	9.30842e-05
222.56	9.29084e-05
222.58	9.27332e-05
222.6	9.25583e-05
222.62	9.2384e-05
222.64	9.221e-05
222.66	9.20365e-05
222.68	9.18635e-05
222.7	9.16909e-05
222.72	9.15187e-05
222.74	9.1347e-05
222.76	9.11757e-05
222.78	9.10049e-05
222.8	9.08345e-05
222.82	9.06645e-05
222.84	9.04949e-05
222.86	9.03258e-05
222.88	9.01571e-05
222.9	8.99888e-05
222.92	8.9821e-05
222.94	8.96536e-05
222.96	8.94866e-05
222.98	8.932e-05
223	8.91538e-05
223.02	8.89881e-05
223.04	8.88228e-05
223.06	8.86579e-05
223.08	8.84934e-05
223.1	8.83293e-05
223.12	8.81657e-05
223.14	8.80024e-05
223.16	8.78396e-05
223.18	8.76771e-05
223.2	8.75151e-05
223.22	8.73535e-05
223.24	8.71922e-05
223.26	8.70314e-05
223.28	8.6871e-05
223.3	8.6711e-05
223.32	8.65514e-05
223.34	8.63921e-05
223.36	8.62333e-05
223.38	8.60749e-05
223.4	8.59169e-05
223.42	8.57592e-05
223.44	8.5602e-05
223.46	8.54451e-05
223.48	8.52886e-05
223.5	8.51326e-05
223.52	8.49769e-05
223.54	8.48216e-05
223.56	8.46666e-05
223.58	8.45121e-05
223.6	8.4358e-05
223.62	8.42042e-05
223.64	8.40508e-05
223.66	8.38978e-05
223.68	8.37451e-05
223.7	8.35929e-05
223.72	8.3441e-05
223.74	8.32895e-05
223.76	8.31384e-05
223.78	8.29876e-05
223.8	8.28372e-05
223.82	8.26872e-05
223.84	8.25376e-05
223.86	8.23883e-05
223.88	8.22394e-05
223.9	8.20909e-05
223.92	8.19427e-05
223.94	8.17949e-05
223.96	8.16474e-05
223.98	8.15004e-05
224	8.13536e-05
224.02	8.12073e-05
224.04	8.10613e-05
224.06	8.09157e-05
224.08	8.07704e-05
224.1	8.06255e-05
224.12	8.04809e-05
224.14	8.03367e-05
224.16	8.01928e-05
224.18	8.00493e-05
224.2	7.99062e-05
224.22	7.97634e-05
224.24	7.9621e-05
224.26	7.94789e-05
224.28	7.93371e-05
224.3	7.91957e-05
224.32	7.90547e-05
224.34	7.8914e-05
224.36	7.87736e-05
224.38	7.86336e-05
224.4	7.8494e-05
224.42	7.83547e-05
224.44	7.82157e-05
224.46	7.80771e-05
224.48	7.79388e-05
224.5	7.78008e-05
224.52	7.76632e-05
224.54	7.75259e-05
224.56	7.7389e-05
224.58	7.72524e-05
224.6	7.71162e-05
224.62	7.69802e-05
224.64	7.68446e-05
224.66	7.67094e-05
224.68	7.65745e-05
224.7	7.64399e-05
224.72	7.63056e-05
224.74	7.61717e-05
224.76	7.60381e-05
224.78	7.59048e-05
224.8	7.57719e-05
224.82	7.56393e-05
224.84	7.5507e-05
224.86	7.53751e-05
224.88	7.52435e-05
224.9	7.51122e-05
224.92	7.49812e-05
224.94	7.48506e-05
224.96	7.47202e-05
224.98	7.45902e-05
225	7.44606e-05
225.02	7.43312e-05
225.04	7.42022e-05
225.06	7.40735e-05
225.08	7.39451e-05
225.1	7.3817e-05
225.12	7.36892e-05
225.14	7.35618e-05
225.16	7.34347e-05
225.18	7.33079e-05
225.2	7.31814e-05
225.22	7.30552e-05
225.24	7.29294e-05
225.26	7.28038e-05
225.28	7.26786e-05
225.3	7.25537e-05
225.32	7.24291e-05
225.34	7.23048e-05
225.36	7.21808e-05
225.38	7.20572e-05
225.4	7.19338e-05
225.42	7.18108e-05
225.44	7.1688e-05
225.46	7.15656e-05
225.48	7.14435e-05
225.5	7.13217e-05
225.52	7.12002e-05
225.54	7.1079e-05
225.56	7.09581e-05
225.58	7.08375e-05
225.6	7.07172e-05
225.62	7.05972e-05
225.64	7.04775e-05
225.66	7.03582e-05
225.68	7.02391e-05
225.7	7.01203e-05
225.72	7.00019e-05
225.74	6.98837e-05
225.76	6.97658e-05
225.78	6.96483e-05
225.8	6.9531e-05
225.82	6.94141e-05
225.84	6.92974e-05
225.86	6.9181e-05
225.88	6.9065e-05
225.9	6.89492e-05
225.92	6.88337e-05
225.94	6.87185e-05
225.96	6.86036e-05
225.98	6.84891e-05
226	6.83748e-05
226.02	6.82608e-05
226.04	6.81471e-05
226.06	6.80337e-05
226.08	6.79205e-05
226.1	6.78077e-05
226.12	6.76952e-05
226.14	6.75829e-05
226.16	6.7471e-05
226.18	6.73593e-05
226.2	6.7248e-05
226.22	6.71369e-05
226.24	6.70261e-05
226.26	6.69156e-05
226.28	6.68054e-05
226.3	6.66955e-05
226.32	6.65858e-05
226.34	6.64765e-05
226.36	6.63675e-05
226.38	6.62587e-05
226.4	6.61502e-05
226.42	6.6042e-05
226.44	6.59341e-05
226.46	6.58265e-05
226.48	6.57191e-05
226.5	6.56121e-05
226.52	6.55053e-05
226.54	6.53988e-05
226.56	6.52926e-05
226.58	6.51867e-05
226.6	6.50811e-05
226.62	6.49757e-05
226.64	6.48706e-05
226.66	6.47659e-05
226.68	6.46614e-05
226.7	6.45571e-05
226.72	6.44532e-05
226.74	6.43495e-05
226.76	6.42462e-05
226.78	6.41431e-05
226.8	6.40402e-05
226.82	6.39377e-05
226.84	6.38354e-05
226.86	6.37334e-05
226.88	6.36317e-05
226.9	6.35303e-05
226.92	6.34292e-05
226.94	6.33283e-05
226.96	6.32277e-05
226.98	6.31274e-05
227	6.30273e-05
227.02	6.29276e-05
227.04	6.28281e-05
227.06	6.27289e-05
227.08	6.263e-05
227.1	6.25313e-05
227.12	6.24329e-05
227.14	6.23348e-05
227.16	6.2237e-05
227.18	6.21395e-05
227.2	6.20422e-05
227.22	6.19452e-05
227.24	6.18484e-05
227.26	6.1752e-05
227.28	6.16558e-05
227.3	6.15599e-05
227.32	6.14643e-05
227.34	6.13689e-05
227.36	6.12738e-05
227.38	6.1179e-05
227.4	6.10845e-05
227.42	6.09902e-05
227.44	6.08962e-05
227.46	6.08025e-05
227.48	6.0709e-05
227.5	6.06158e-05
227.52	6.05229e-05
227.54	6.04303e-05
227.56	6.03379e-05
227.58	6.02458e-05
227.6	6.0154e-05
227.62	6.00625e-05
227.64	5.99712e-05
227.66	5.98802e-05
227.68	5.97894e-05
227.7	5.9699e-05
227.72	5.96088e-05
227.74	5.95188e-05
227.76	5.94292e-05
227.78	5.93398e-05
227.8	5.92507e-05
227.82	5.91618e-05
227.84	5.90733e-05
227.86	5.8985e-05
227.88	5.88969e-05
227.9	5.88092e-05
227.92	5.87217e-05
227.94	5.86345e-05
227.96	5.85475e-05
227.98	5.84608e-05
228	5.83744e-05
228.02	5.82883e-05
228.04	5.82024e-05
228.06	5.81168e-05
228.08	5.80315e-05
228.1	5.79464e-05
228.12	5.78616e-05
228.14	5.77771e-05
228.16	5.76929e-05
228.18	5.76089e-05
228.2	5.75252e-05
228.22	5.74418e-05
228.24	5.73586e-05
228.26	5.72757e-05
228.28	5.71931e-05
228.3	5.71107e-05
228.32	5.70287e-05
228.34	5.69468e-05
228.36	5.68653e-05
228.38	5.6784e-05
228.4	5.6703e-05
228.42	5.66223e-05
228.44	5.65419e-05
228.46	5.64617e-05
228.48	5.63818e-05
228.5	5.63021e-05
228.52	5.62228e-05
228.54	5.61437e-05
228.56	5.60649e-05
228.58	5.59863e-05
228.6	5.59081e-05
228.62	5.58301e-05
228.64	5.57524e-05
228.66	5.56749e-05
228.68	5.55978e-05
228.7	5.55209e-05
228.72	5.54442e-05
228.74	5.53679e-05
228.76	5.52918e-05
228.78	5.5216e-05
228.8	5.51405e-05
228.82	5.50653e-05
228.84	5.49903e-05
228.86	5.49156e-05
228.88	5.48412e-05
228.9	5.47671e-05
228.92	5.46933e-05
228.94	5.46197e-05
228.96	5.45464e-05
228.98	5.44734e-05
229	5.44007e-05
229.02	5.43283e-05
229.04	5.42561e-05
229.06	5.41842e-05
229.08	5.41126e-05
229.1	5.40413e-05
229.12	5.39703e-05
229.14	5.38995e-05
229.16	5.38291e-05
229.18	5.37589e-05
229.2	5.3689e-05
229.22	5.36194e-05
229.24	5.35501e-05
229.26	5.34811e-05
229.28	5.34124e-05
229.3	5.33439e-05
229.32	5.32758e-05
229.34	5.32079e-05
229.36	5.31404e-05
229.38	5.30731e-05
229.4	5.30061e-05
229.42	5.29394e-05
229.44	5.28731e-05
229.46	5.2807e-05
229.48	5.27412e-05
229.5	5.26757e-05
229.52	5.26105e-05
229.54	5.25456e-05
229.56	5.2481e-05
229.58	5.24168e-05
229.6	5.23528e-05
229.62	5.22891e-05
229.64	5.22257e-05
229.66	5.21627e-05
229.68	5.20999e-05
229.7	5.20375e-05
229.72	5.19753e-05
229.74	5.19135e-05
229.76	5.1852e-05
229.78	5.17908e-05
229.8	5.173e-05
229.82	5.16694e-05
229.84	5.16092e-05
229.86	5.15493e-05
229.88	5.14897e-05
229.9	5.14304e-05
229.92	5.13715e-05
229.94	5.13129e-05
229.96	5.12546e-05
229.98	5.11966e-05
230	5.1139e-05
230.02	5.10817e-05
230.04	5.10248e-05
230.06	5.09682e-05
230.08	5.09119e-05
230.1	5.0856e-05
230.12	5.08004e-05
230.14	5.07452e-05
230.16	5.06903e-05
230.18	5.06358e-05
230.2	5.05816e-05
230.22	5.05278e-05
230.24	5.04743e-05
230.26	5.04212e-05
230.28	5.03685e-05
230.3	5.03161e-05
230.32	5.02641e-05
230.34	5.02125e-05
230.36	5.01613e-05
230.38	5.01104e-05
230.4	5.00599e-05
230.42	5.00098e-05
230.44	4.99601e-05
230.46	4.99108e-05
230.48	4.98619e-05
230.5	4.98134e-05
230.52	4.97652e-05
230.54	4.97175e-05
230.56	4.96702e-05
230.58	4.96233e-05
230.6	4.95769e-05
230.62	4.95308e-05
230.64	4.94852e-05
230.66	4.944e-05
230.68	4.93953e-05
230.7	4.9351e-05
230.72	4.93071e-05
230.74	4.92637e-05
230.76	4.92208e-05
230.78	4.91783e-05
230.8	4.91363e-05
230.82	4.90948e-05
230.84	4.90537e-05
230.86	4.90132e-05
230.88	4.89731e-05
230.9	4.89336e-05
230.92	4.88945e-05
230.94	4.8856e-05
230.96	4.8818e-05
230.98	4.87805e-05
231	4.87436e-05
231.02	4.87072e-05
231.04	4.86714e-05
231.06	4.86361e-05
231.08	4.86014e-05
231.1	4.85674e-05
231.12	4.85339e-05
231.14	4.8501e-05
231.16	4.84688e-05
231.18	4.84371e-05
231.2	4.84062e-05
231.22	4.83759e-05
231.24	4.83462e-05
231.26	4.83173e-05
231.28	4.82891e-05
231.3	4.82615e-05
231.32	4.82348e-05
231.34	4.82087e-05
231.36	4.81835e-05
231.38	4.8159e-05
231.4	4.81354e-05
231.42	4.81126e-05
231.44	4.80906e-05
231.46	4.80695e-05
231.48	4.80494e-05
231.5	4.80301e-05
231.52	4.80119e-05
231.54	4.79946e-05
231.56	4.79783e-05
231.58	4.79632e-05
231.6	4.79491e-05
231.62	4.79361e-05
231.64	4.79243e-05
231.66	4.79137e-05
231.68	4.79045e-05
231.7	4.78965e-05
231.72	4.78899e-05
231.74	4.78847e-05
231.76	4.7881e-05
231.78	4.78789e-05
231.8	4.78785e-05
231.82	4.78798e-05
231.84	4.78829e-05
231.86	4.78879e-05
231.88	4.78949e-05
231.9	4.79041e-05
231.92	4.79155e-05
231.94	4.79294e-05
231.96	4.79459e-05
231.98	4.79651e-05
232	4.79873e-05
232.02	4.80126e-05
232.04	4.80415e-05
232.06	4.80741e-05
232.08	4.81107e-05
232.1	4.81519e-05
232.12	4.8198e-05
232.14	4.82496e-05
232.16	4.83073e-05
232.18	4.83718e-05
232.2	4.84441e-05
232.22	4.85253e-05
232.24	4.86168e-05
232.26	4.87203e-05
232.28	4.88381e-05
232.3	4.89732e-05
232.32	4.91295e-05
232.34	4.93128e-05
232.36	4.95311e-05
232.38	4.97969e-05
232.4	5.01307e-05
232.42	5.05686e-05
232.44	5.11813e-05
232.46	5.21254e-05
232.48	5.37659e-05
232.5	5.67676e-05
232.52	6.16111e-05
232.54	6.79153e-05
232.56	7.50254e-05
232.58	8.28311e-05
232.6	9.1496e-05
232.62	0.000100922
232.64	0.000110769
232.66	0.000120743
232.68	0.000130596
232.7	0.000140018
232.72	0.000148633
232.74	0.00015606
232.76	0.000162018
232.78	0.00016641
232.8	0.000169305
232.82	0.000170859
232.84	0.000171254
232.86	0.000170675
232.88	0.000169317
232.9	0.000167383
232.92	0.000165067
232.94	0.000162534
232.96	0.000159917
232.98	0.000157311
233	0.000154785
233.02	0.000152381
233.04	0.000150126
233.06	0.000148032
233.08	0.000146104
233.1	0.00014434
233.12	0.000142732
233.14	0.000141274
233.16	0.000139954
233.18	0.000138763
233.2	0.000137689
233.22	0.000136722
233.24	0.000135852
233.26	0.00013507
233.28	0.000134368
233.3	0.000133737
233.32	0.000133171
233.34	0.000132663
233.36	0.000132209
233.38	0.000131802
233.4	0.00013144
233.42	0.000131117
233.44	0.00013083
233.46	0.000130577
233.48	0.000130355
233.5	0.000130161
233.52	0.000129993
233.54	0.00012985
233.56	0.00012973
233.58	0.000129631
233.6	0.000129552
233.62	0.000129492
233.64	0.000129449
233.66	0.000129423
233.68	0.000129412
233.7	0.000129415
233.72	0.000129432
233.74	0.000129462
233.76	0.000129504
233.78	0.000129556
233.8	0.000129619
233.82	0.000129692
233.84	0.000129774
233.86	0.000129863
233.88	0.00012996
233.9	0.000130064
233.92	0.000130174
233.94	0.000130289
233.96	0.000130409
233.98	0.000130534
234	0.000130661
234.02	0.000130792
234.04	0.000130925
234.06	0.00013106
234.08	0.000131197
234.1	0.000131334
234.12	0.000131471
234.14	0.000131608
234.16	0.000131744
234.18	0.000131879
234.2	0.000132012
234.22	0.000132143
234.24	0.000132272
234.26	0.000132398
234.28	0.00013252
234.3	0.000132639
234.32	0.000132754
234.34	0.000132865
234.36	0.000132972
234.38	0.000133073
234.4	0.00013317
234.42	0.000133261
234.44	0.000133347
234.46	0.000133427
234.48	0.000133501
234.5	0.000133569
234.52	0.000133632
234.54	0.000133688
234.56	0.000133737
234.58	0.00013378
234.6	0.000133817
234.62	0.000133847
234.64	0.000133871
234.66	0.000133888
234.68	0.000133898
234.7	0.000133902
234.72	0.000133899
234.74	0.000133889
234.76	0.000133873
234.78	0.00013385
234.8	0.00013382
234.82	0.000133785
234.84	0.000133743
234.86	0.000133694
234.88	0.000133639
234.9	0.000133578
234.92	0.000133511
234.94	0.000133439
234.96	0.00013336
234.98	0.000133275
235	0.000133185
235.02	0.000133089
235.04	0.000132988
235.06	0.000132882
235.08	0.00013277
235.1	0.000132653
235.12	0.000132532
235.14	0.000132405
235.16	0.000132274
235.18	0.000132139
235.2	0.000131999
235.22	0.000131854
235.24	0.000131706
235.26	0.000131553
235.28	0.000131397
235.3	0.000131236
235.32	0.000131072
235.34	0.000130905
235.36	0.000130734
235.38	0.00013056
235.4	0.000130382
235.42	0.000130202
235.44	0.000130018
235.46	0.000129832
235.48	0.000129643
235.5	0.000129451
235.52	0.000129257
235.54	0.00012906
235.56	0.000128861
235.58	0.00012866
235.6	0.000128456
235.62	0.000128251
235.64	0.000128043
235.66	0.000127834
235.68	0.000127623
235.7	0.00012741
235.72	0.000127196
235.74	0.00012698
235.76	0.000126763
235.78	0.000126544
235.8	0.000126324
235.82	0.000126103
235.84	0.000125881
235.86	0.000125657
235.88	0.000125433
235.9	0.000125207
235.92	0.000124981
235.94	0.000124754
235.96	0.000124526
235.98	0.000124297
236	0.000124067
236.02	0.000123837
236.04	0.000123607
236.06	0.000123375
236.08	0.000123144
236.1	0.000122911
236.12	0.000122679
236.14	0.000122446
236.16	0.000122213
236.18	0.000121979
236.2	0.000121745
236.22	0.000121512
236.24	0.000121277
236.26	0.000121043
236.28	0.000120809
236.3	0.000120574
236.32	0.00012034
236.34	0.000120105
236.36	0.000119871
236.38	0.000119636
236.4	0.000119402
236.42	0.000119167
236.44	0.000118933
236.46	0.000118699
236.48	0.000118465
236.5	0.000118231
236.52	0.000117997
236.54	0.000117764
236.56	0.000117531
236.58	0.000117298
236.6	0.000117065
236.62	0.000116832
236.64	0.0001166
236.66	0.000116368
236.68	0.000116137
236.7	0.000115906
236.72	0.000115675
236.74	0.000115444
236.76	0.000115214
236.78	0.000114984
236.8	0.000114755
236.82	0.000114526
236.84	0.000114297
236.86	0.000114069
236.88	0.000113841
236.9	0.000113614
236.92	0.000113387
236.94	0.000113161
236.96	0.000112935
236.98	0.000112709
237	0.000112484
237.02	0.00011226
237.04	0.000112035
237.06	0.000111812
237.08	0.000111589
237.1	0.000111366
237.12	0.000111144
237.14	0.000110922
237.16	0.000110701
237.18	0.000110481
237.2	0.00011026
237.22	0.000110041
237.24	0.000109822
237.26	0.000109603
237.28	0.000109385
237.3	0.000109168
237.32	0.000108951
237.34	0.000108734
237.36	0.000108518
237.38	0.000108303
237.4	0.000108088
237.42	0.000107873
237.44	0.00010766
237.46	0.000107446
237.48	0.000107234
237.5	0.000107021
237.52	0.00010681
237.54	0.000106599
237.56	0.000106388
237.58	0.000106178
237.6	0.000105968
237.62	0.000105759
237.64	0.000105551
237.66	0.000105343
237.68	0.000105136
237.7	0.000104929
237.72	0.000104723
237.74	0.000104517
237.76	0.000104312
237.78	0.000104107
237.8	0.000103903
237.82	0.000103699
237.84	0.000103496
237.86	0.000103294
237.88	0.000103092
237.9	0.00010289
237.92	0.000102689
237.94	0.000102489
237.96	0.000102289
237.98	0.000102089
238	0.000101891
238.02	0.000101692
238.04	0.000101494
238.06	0.000101297
238.08	0.0001011
238.1	0.000100904
238.12	0.000100708
238.14	0.000100513
238.16	0.000100318
238.18	0.000100124
238.2	9.99306e-05
238.22	9.97374e-05
238.24	9.95447e-05
238.26	9.93526e-05
238.28	9.91609e-05
238.3	9.89698e-05
238.32	9.87791e-05
238.34	9.8589e-05
238.36	9.83993e-05
238.38	9.82102e-05
238.4	9.80215e-05
238.42	9.78333e-05
238.44	9.76457e-05
238.46	9.74585e-05
238.48	9.72718e-05
238.5	9.70856e-05
238.52	9.68999e-05
238.54	9.67146e-05
238.56	9.65299e-05
238.58	9.63456e-05
238.6	9.61618e-05
238.62	9.59785e-05
238.64	9.57957e-05
238.66	9.56133e-05
238.68	9.54314e-05
238.7	9.525e-05
238.72	9.50691e-05
238.74	9.48886e-05
238.76	9.47086e-05
238.78	9.4529e-05
238.8	9.43499e-05
238.82	9.41713e-05
238.84	9.39931e-05
238.86	9.38154e-05
238.88	9.36382e-05
238.9	9.34614e-05
238.92	9.32851e-05
238.94	9.31092e-05
238.96	9.29337e-05
238.98	9.27587e-05
239	9.25842e-05
239.02	9.24101e-05
239.04	9.22365e-05
239.06	9.20633e-05
239.08	9.18905e-05
239.1	9.17182e-05
239.12	9.15463e-05
239.14	9.13748e-05
239.16	9.12038e-05
239.18	9.10332e-05
239.2	9.08631e-05
239.22	9.06934e-05
239.24	9.05241e-05
239.26	9.03552e-05
239.28	9.01868e-05
239.3	9.00188e-05
239.32	8.98512e-05
239.34	8.96841e-05
239.36	8.95173e-05
239.38	8.9351e-05
239.4	8.91851e-05
239.42	8.90196e-05
239.44	8.88546e-05
239.46	8.86899e-05
239.48	8.85257e-05
239.5	8.83618e-05
239.52	8.81984e-05
239.54	8.80354e-05
239.56	8.78728e-05
239.58	8.77106e-05
239.6	8.75489e-05
239.62	8.73875e-05
239.64	8.72265e-05
239.66	8.70659e-05
239.68	8.69058e-05
239.7	8.6746e-05
239.72	8.65866e-05
239.74	8.64276e-05
239.76	8.6269e-05
239.78	8.61108e-05
239.8	8.59531e-05
239.82	8.57956e-05
239.84	8.56386e-05
239.86	8.5482e-05
239.88	8.53258e-05
239.9	8.51699e-05
239.92	8.50145e-05
239.94	8.48594e-05
239.96	8.47047e-05
239.98	8.45504e-05
240	8.43965e-05
240.02	8.42429e-05
240.04	8.40898e-05
240.06	8.3937e-05
240.08	8.37846e-05
240.1	8.36326e-05
240.12	8.34809e-05
240.14	8.33296e-05
240.16	8.31787e-05
240.18	8.30282e-05
240.2	8.2878e-05
240.22	8.27282e-05
240.24	8.25788e-05
240.26	8.24298e-05
240.28	8.22811e-05
240.3	8.21328e-05
240.32	8.19848e-05
240.34	8.18372e-05
240.36	8.169e-05
240.38	8.15431e-05
240.4	8.13966e-05
240.42	8.12505e-05
240.44	8.11047e-05
240.46	8.09593e-05
240.48	8.08142e-05
240.5	8.06695e-05
240.52	8.05252e-05
240.54	8.03812e-05
240.56	8.02375e-05
240.58	8.00942e-05
240.6	7.99513e-05
240.62	7.98087e-05
240.64	7.96665e-05
240.66	7.95246e-05
240.68	7.93831e-05
240.7	7.92419e-05
240.72	7.91011e-05
240.74	7.89606e-05
240.76	7.88204e-05
240.78	7.86806e-05
240.8	7.85412e-05
240.82	7.84021e-05
240.84	7.82633e-05
240.86	7.81249e-05
240.88	7.79868e-05
240.9	7.7849e-05
240.92	7.77116e-05
240.94	7.75746e-05
240.96	7.74378e-05
240.98	7.73014e-05
241	7.71654e-05
241.02	7.70297e-05
241.04	7.68943e-05
241.06	7.67592e-05
241.08	7.66245e-05
241.1	7.64901e-05
241.12	7.63561e-05
241.14	7.62224e-05
241.16	7.6089e-05
241.18	7.59559e-05
241.2	7.58232e-05
241.22	7.56908e-05
241.24	7.55587e-05
241.26	7.54269e-05
241.28	7.52955e-05
241.3	7.51644e-05
241.32	7.50337e-05
241.34	7.49032e-05
241.36	7.47731e-05
241.38	7.46433e-05
241.4	7.45138e-05
241.42	7.43847e-05
241.44	7.42558e-05
241.46	7.41273e-05
241.48	7.39991e-05
241.5	7.38713e-05
241.52	7.37437e-05
241.54	7.36165e-05
241.56	7.34895e-05
241.58	7.33629e-05
241.6	7.32366e-05
241.62	7.31107e-05
241.64	7.2985e-05
241.66	7.28597e-05
241.68	7.27346e-05
241.7	7.26099e-05
241.72	7.24855e-05
241.74	7.23614e-05
241.76	7.22377e-05
241.78	7.21142e-05
241.8	7.1991e-05
241.82	7.18682e-05
241.84	7.17456e-05
241.86	7.16234e-05
241.88	7.15015e-05
241.9	7.13799e-05
241.92	7.12586e-05
241.94	7.11376e-05
241.96	7.10169e-05
241.98	7.08965e-05
242	7.07764e-05
242.02	7.06566e-05
242.04	7.05371e-05
242.06	7.0418e-05
242.08	7.02991e-05
242.1	7.01805e-05
242.12	7.00623e-05
242.14	6.99443e-05
242.16	6.98266e-05
242.18	6.97093e-05
242.2	6.95922e-05
242.22	6.94755e-05
242.24	6.9359e-05
242.26	6.92428e-05
242.28	6.9127e-05
242.3	6.90114e-05
242.32	6.88961e-05
242.34	6.87811e-05
242.36	6.86665e-05
242.38	6.85521e-05
242.4	6.8438e-05
242.42	6.83242e-05
242.44	6.82107e-05
242.46	6.80975e-05
242.48	6.79846e-05
242.5	6.78719e-05
242.52	6.77596e-05
242.54	6.76476e-05
242.56	6.75358e-05
242.58	6.74244e-05
242.6	6.73132e-05
242.62	6.72024e-05
242.64	6.70918e-05
242.66	6.69815e-05
242.68	6.68715e-05
242.7	6.67618e-05
242.72	6.66523e-05
242.74	6.65432e-05
242.76	6.64344e-05
242.78	6.63258e-05
242.8	6.62175e-05
242.82	6.61095e-05
242.84	6.60018e-05
242.86	6.58944e-05
242.88	6.57873e-05
242.9	6.56805e-05
242.92	6.55739e-05
242.94	6.54676e-05
242.96	6.53617e-05
242.98	6.52559e-05
243	6.51505e-05
243.02	6.50454e-05
243.04	6.49405e-05
243.06	6.4836e-05
243.08	6.47317e-05
243.1	6.46277e-05
243.12	6.45239e-05
243.14	6.44205e-05
243.16	6.43173e-05
243.18	6.42145e-05
243.2	6.41118e-05
243.22	6.40095e-05
243.24	6.39075e-05
243.26	6.38057e-05
243.28	6.37042e-05
243.3	6.3603e-05
243.32	6.35021e-05
243.34	6.34015e-05
243.36	6.33011e-05
243.38	6.3201e-05
243.4	6.31012e-05
243.42	6.30017e-05
243.44	6.29024e-05
243.46	6.28034e-05
243.48	6.27047e-05
243.5	6.26063e-05
243.52	6.25082e-05
243.54	6.24103e-05
243.56	6.23127e-05
243.58	6.22154e-05
243.6	6.21183e-05
243.62	6.20216e-05
243.64	6.19251e-05
243.66	6.18288e-05
243.68	6.17329e-05
243.7	6.16372e-05
243.72	6.15418e-05
243.74	6.14467e-05
243.76	6.13519e-05
243.78	6.12573e-05
243.8	6.1163e-05
243.82	6.1069e-05
243.84	6.09752e-05
243.86	6.08817e-05
243.88	6.07885e-05
243.9	6.06956e-05
243.92	6.06029e-05
243.94	6.05105e-05
243.96	6.04184e-05
243.98	6.03266e-05
244	6.0235e-05
244.02	6.01437e-05
244.04	6.00527e-05
244.06	5.99619e-05
244.08	5.98715e-05
244.1	5.97813e-05
244.12	5.96913e-05
244.14	5.96017e-05
244.16	5.95123e-05
244.18	5.94231e-05
244.2	5.93343e-05
244.22	5.92457e-05
244.24	5.91574e-05
244.26	5.90694e-05
244.28	5.89816e-05
244.3	5.88941e-05
244.32	5.88069e-05
244.34	5.872e-05
244.36	5.86333e-05
244.38	5.85469e-05
244.4	5.84607e-05
244.42	5.83749e-05
244.44	5.82893e-05
244.46	5.8204e-05
244.48	5.81189e-05
244.5	5.80342e-05
244.52	5.79497e-05
244.54	5.78654e-05
244.56	5.77815e-05
244.58	5.76978e-05
244.6	5.76144e-05
244.62	5.75312e-05
244.64	5.74484e-05
244.66	5.73658e-05
244.68	5.72835e-05
244.7	5.72014e-05
244.72	5.71196e-05
244.74	5.70381e-05
244.76	5.69569e-05
244.78	5.68759e-05
244.8	5.67952e-05
244.82	5.67148e-05
244.84	5.66347e-05
244.86	5.65548e-05
244.88	5.64753e-05
244.9	5.63959e-05
244.92	5.63169e-05
244.94	5.62381e-05
244.96	5.61596e-05
244.98	5.60814e-05
245	5.60035e-05
245.02	5.59258e-05
245.04	5.58485e-05
245.06	5.57714e-05
245.08	5.56945e-05
245.1	5.5618e-05
245.12	5.55417e-05
245.14	5.54657e-05
245.16	5.539e-05
245.18	5.53145e-05
245.2	5.52394e-05
245.22	5.51645e-05
245.24	5.50899e-05
245.26	5.50156e-05
245.28	5.49416e-05
245.3	5.48678e-05
245.32	5.47943e-05
245.34	5.47211e-05
245.36	5.46482e-05
245.38	5.45756e-05
245.4	5.45033e-05
245.42	5.44312e-05
245.44	5.43594e-05
245.46	5.42879e-05
245.48	5.42167e-05
245.5	5.41458e-05
245.52	5.40752e-05
245.54	5.40049e-05
245.56	5.39348e-05
245.58	5.38651e-05
245.6	5.37956e-05
245.62	5.37264e-05
245.64	5.36575e-05
245.66	5.35889e-05
245.68	5.35206e-05
245.7	5.34526e-05
245.72	5.33849e-05
245.74	5.33175e-05
245.76	5.32504e-05
245.78	5.31836e-05
245.8	5.3117e-05
245.82	5.30508e-05
245.84	5.29849e-05
245.86	5.29193e-05
245.88	5.2854e-05
245.9	5.27889e-05
245.92	5.27242e-05
245.94	5.26598e-05
245.96	5.25957e-05
245.98	5.25319e-05
246	5.24685e-05
246.02	5.24053e-05
246.04	5.23424e-05
246.06	5.22799e-05
246.08	5.22176e-05
246.1	5.21557e-05
246.12	5.20941e-05
246.14	5.20328e-05
246.16	5.19719e-05
246.18	5.19112e-05
246.2	5.18509e-05
246.22	5.17909e-05
246.24	5.17313e-05
246.26	5.16719e-05
246.28	5.16129e-05
246.3	5.15542e-05
246.32	5.14959e-05
246.34	5.14379e-05
246.36	5.13802e-05
246.38	5.13229e-05
246.4	5.12659e-05
246.42	5.12092e-05
246.44	5.11529e-05
246.46	5.10969e-05
246.48	5.10413e-05
246.5	5.0986e-05
246.52	5.09311e-05
246.54	5.08766e-05
246.56	5.08224e-05
246.58	5.07685e-05
246.6	5.07151e-05
246.62	5.0662e-05
246.64	5.06092e-05
246.66	5.05569e-05
246.68	5.05049e-05
246.7	5.04533e-05
246.72	5.0402e-05
246.74	5.03512e-05
246.76	5.03007e-05
246.78	5.02506e-05
246.8	5.0201e-05
246.82	5.01517e-05
246.84	5.01028e-05
246.86	5.00543e-05
246.88	5.00063e-05
246.9	4.99586e-05
246.92	4.99114e-05
246.94	4.98646e-05
246.96	4.98182e-05
246.98	4.97722e-05
247	4.97267e-05
247.02	4.96816e-05
247.04	4.9637e-05
247.06	4.95928e-05
247.08	4.9549e-05
247.1	4.95058e-05
247.12	4.94629e-05
247.14	4.94206e-05
247.16	4.93787e-05
247.18	4.93374e-05
247.2	4.92965e-05
247.22	4.92561e-05
247.24	4.92162e-05
247.26	4.91768e-05
247.28	4.9138e-05
247.3	4.90997e-05
247.32	4.90619e-05
247.34	4.90246e-05
247.36	4.89879e-05
247.38	4.89518e-05
247.4	4.89162e-05
247.42	4.88812e-05
247.44	4.88469e-05
247.46	4.88131e-05
247.48	4.87799e-05
247.5	4.87473e-05
247.52	4.87154e-05
247.54	4.86842e-05
247.56	4.86536e-05
247.58	4.86236e-05
247.6	4.85944e-05
247.62	4.85659e-05
247.64	4.85381e-05
247.66	4.8511e-05
247.68	4.84847e-05
247.7	4.84591e-05
247.72	4.84344e-05
247.74	4.84105e-05
247.76	4.83874e-05
247.78	4.83651e-05
247.8	4.83438e-05
247.82	4.83233e-05
247.84	4.83038e-05
247.86	4.82853e-05
247.88	4.82678e-05
247.9	4.82512e-05
247.92	4.82358e-05
247.94	4.82214e-05
247.96	4.82082e-05
247.98	4.81961e-05
248	4.81853e-05
248.02	4.81757e-05
248.04	4.81675e-05
248.06	4.81606e-05
248.08	4.81552e-05
248.1	4.81513e-05
248.12	4.81489e-05
248.14	4.81482e-05
248.16	4.81492e-05
248.18	4.8152e-05
248.2	4.81567e-05
248.22	4.81635e-05
248.24	4.81724e-05
248.26	4.81835e-05
248.28	4.81971e-05
248.3	4.82132e-05
248.32	4.82322e-05
248.34	4.8254e-05
248.36	4.82791e-05
248.38	4.83075e-05
248.4	4.83397e-05
248.42	4.8376e-05
248.44	4.84168e-05
248.46	4.84624e-05
248.48	4.85135e-05
248.5	4.85706e-05
248.52	4.86345e-05
248.54	4.87061e-05
248.56	4.87865e-05
248.58	4.88771e-05
248.6	4.89794e-05
248.62	4.90959e-05
248.64	4.92292e-05
248.66	4.93834e-05
248.68	4.95638e-05
248.7	4.97782e-05
248.72	5.00385e-05
248.74	5.0364e-05
248.76	5.07882e-05
248.78	5.13762e-05
248.8	5.22695e-05
248.82	5.37997e-05
248.84	5.66069e-05
248.86	6.12456e-05
248.88	6.74366e-05
248.9	7.44934e-05
248.92	8.22313e-05
248.94	9.08139e-05
248.96	0.000100188
248.98	0.000110025
249	0.000120016
249.02	0.000129914
249.04	0.000139419
249.06	0.00014816
249.08	0.000155753
249.1	0.000161898
249.12	0.000166476
249.14	0.00016954
249.16	0.000171239
249.18	0.000171754
249.2	0.000171272
249.22	0.000169986
249.24	0.000168098
249.26	0.000165806
249.28	0.000163278
249.3	0.000160652
249.32	0.000158028
249.34	0.000155478
249.36	0.000153047
249.38	0.000150763
249.4	0.00014864
249.42	0.000146684
249.44	0.000144892
249.46	0.000143259
249.48	0.000141777
249.5	0.000140435
249.52	0.000139224
249.54	0.000138131
249.56	0.000137148
249.58	0.000136263
249.6	0.000135468
249.62	0.000134753
249.64	0.000134111
249.66	0.000133535
249.68	0.000133018
249.7	0.000132555
249.72	0.000132141
249.74	0.000131772
249.76	0.000131443
249.78	0.00013115
249.8	0.000130892
249.82	0.000130665
249.84	0.000130467
249.86	0.000130295
249.88	0.000130148
249.9	0.000130025
249.92	0.000129922
249.94	0.00012984
249.96	0.000129777
249.98	0.000129732
250	0.000129703
250.02	0.00012969
250.04	0.000129691
250.06	0.000129706
250.08	0.000129734
250.1	0.000129774
250.12	0.000129826
250.14	0.000129887
250.16	0.000129959
250.18	0.000130039
250.2	0.000130128
250.22	0.000130224
250.24	0.000130327
250.26	0.000130436
250.28	0.000130551
250.3	0.00013067
250.32	0.000130794
250.34	0.000130922
250.36	0.000131052
250.38	0.000131185
250.4	0.00013132
250.42	0.000131457
250.44	0.000131594
250.46	0.000131731
250.48	0.000131868
250.5	0.000132005
250.52	0.00013214
250.54	0.000132274
250.56	0.000132405
250.58	0.000132534
250.6	0.000132661
250.62	0.000132784
250.64	0.000132904
250.66	0.000133019
250.68	0.000133131
250.7	0.000133238
250.72	0.00013334
250.74	0.000133438
250.76	0.00013353
250.78	0.000133616
250.8	0.000133697
250.82	0.000133772
250.84	0.000133842
250.86	0.000133905
250.88	0.000133962
250.9	0.000134012
250.92	0.000134057
250.94	0.000134094
250.96	0.000134125
250.98	0.00013415
251	0.000134168
251.02	0.000134179
251.04	0.000134183
251.06	0.000134181
251.08	0.000134172
251.1	0.000134157
251.12	0.000134135
251.14	0.000134107
251.16	0.000134072
251.18	0.00013403
251.2	0.000133983
251.22	0.000133929
251.24	0.000133869
251.26	0.000133802
251.28	0.00013373
251.3	0.000133652
251.32	0.000133568
251.34	0.000133479
251.36	0.000133384
251.38	0.000133283
251.4	0.000133177
251.42	0.000133066
251.44	0.00013295
251.46	0.000132829
251.48	0.000132703
251.5	0.000132573
251.52	0.000132437
251.54	0.000132298
251.56	0.000132154
251.58	0.000132006
251.6	0.000131853
251.62	0.000131697
251.64	0.000131537
251.66	0.000131374
251.68	0.000131206
251.7	0.000131036
251.72	0.000130862
251.74	0.000130684
251.76	0.000130504
251.78	0.000130321
251.8	0.000130135
251.82	0.000129946
251.84	0.000129754
251.86	0.00012956
251.88	0.000129363
251.9	0.000129164
251.92	0.000128963
251.94	0.00012876
251.96	0.000128554
251.98	0.000128347
252	0.000128137
252.02	0.000127926
252.04	0.000127714
252.06	0.000127499
252.08	0.000127283
252.1	0.000127066
252.12	0.000126847
252.14	0.000126627
252.16	0.000126406
252.18	0.000126183
252.2	0.000125959
252.22	0.000125735
252.24	0.000125509
252.26	0.000125282
252.28	0.000125055
252.3	0.000124827
252.32	0.000124598
252.34	0.000124368
252.36	0.000124138
252.38	0.000123907
252.4	0.000123675
252.42	0.000123444
252.44	0.000123211
252.46	0.000122978
252.48	0.000122745
252.5	0.000122512
252.52	0.000122278
252.54	0.000122044
252.56	0.000121809
252.58	0.000121575
252.6	0.00012134
252.62	0.000121106
252.64	0.000120871
252.66	0.000120636
252.68	0.000120401
252.7	0.000120166
252.72	0.000119931
252.74	0.000119697
252.76	0.000119462
252.78	0.000119227
252.8	0.000118993
252.82	0.000118758
252.84	0.000118524
252.86	0.00011829
252.88	0.000118056
252.9	0.000117823
252.92	0.000117589
252.94	0.000117356
252.96	0.000117123
252.98	0.000116891
253	0.000116659
253.02	0.000116427
253.04	0.000116195
253.06	0.000115964
253.08	0.000115733
253.1	0.000115502
253.12	0.000115272
253.14	0.000115042
253.16	0.000114813
253.18	0.000114584
253.2	0.000114355
253.22	0.000114127
253.24	0.0001139
253.26	0.000113672
253.28	0.000113445
253.3	0.000113219
253.32	0.000112993
253.34	0.000112768
253.36	0.000112543
253.38	0.000112318
253.4	0.000112094
253.42	0.000111871
253.44	0.000111648
253.46	0.000111425
253.48	0.000111203
253.5	0.000110981
253.52	0.00011076
253.54	0.00011054
253.56	0.00011032
253.58	0.0001101
253.6	0.000109881
253.62	0.000109663
253.64	0.000109445
253.66	0.000109228
253.68	0.000109011
253.7	0.000108794
253.72	0.000108579
253.74	0.000108363
253.76	0.000108149
253.78	0.000107934
253.8	0.000107721
253.82	0.000107507
253.84	0.000107295
253.86	0.000107083
253.88	0.000106871
253.9	0.00010666
253.92	0.00010645
253.94	0.00010624
253.96	0.000106031
253.98	0.000105822
254	0.000105613
254.02	0.000105406
254.04	0.000105198
254.06	0.000104992
254.08	0.000104786
254.1	0.00010458
254.12	0.000104375
254.14	0.00010417
254.16	0.000103966
254.18	0.000103763
254.2	0.00010356
254.22	0.000103358
254.24	0.000103156
254.26	0.000102954
254.28	0.000102754
254.3	0.000102553
254.32	0.000102354
254.34	0.000102154
254.36	0.000101956
254.38	0.000101757
254.4	0.00010156
254.42	0.000101363
254.44	0.000101166
254.46	0.00010097
254.48	0.000100774
254.5	0.000100579
254.52	0.000100385
254.54	0.000100191
254.56	9.9997e-05
254.58	9.9804e-05
254.6	9.96115e-05
254.62	9.94195e-05
254.64	9.92279e-05
254.66	9.90369e-05
254.68	9.88464e-05
254.7	9.86564e-05
254.72	9.84669e-05
254.74	9.82779e-05
254.76	9.80894e-05
254.78	9.79013e-05
254.8	9.77138e-05
254.82	9.75268e-05
254.84	9.73402e-05
254.86	9.71541e-05
254.88	9.69685e-05
254.9	9.67834e-05
254.92	9.65988e-05
254.94	9.64147e-05
254.96	9.6231e-05
254.98	9.60478e-05
255	9.58651e-05
255.02	9.56829e-05
255.04	9.55011e-05
255.06	9.53198e-05
255.08	9.5139e-05
255.1	9.49587e-05
255.12	9.47788e-05
255.14	9.45993e-05
255.16	9.44204e-05
255.18	9.42419e-05
255.2	9.40638e-05
255.22	9.38863e-05
255.24	9.37091e-05
255.26	9.35325e-05
255.28	9.33562e-05
255.3	9.31805e-05
255.32	9.30051e-05
255.34	9.28303e-05
255.36	9.26559e-05
255.38	9.24819e-05
255.4	9.23083e-05
255.42	9.21353e-05
255.44	9.19626e-05
255.46	9.17904e-05
255.48	9.16186e-05
255.5	9.14473e-05
255.52	9.12764e-05
255.54	9.11059e-05
255.56	9.09359e-05
255.58	9.07663e-05
255.6	9.05971e-05
255.62	9.04284e-05
255.64	9.026e-05
255.66	9.00922e-05
255.68	8.99247e-05
255.7	8.97576e-05
255.72	8.9591e-05
255.74	8.94248e-05
255.76	8.9259e-05
255.78	8.90936e-05
255.8	8.89287e-05
255.82	8.87641e-05
255.84	8.86e-05
255.86	8.84363e-05
255.88	8.8273e-05
255.9	8.81101e-05
255.92	8.79476e-05
255.94	8.77855e-05
255.96	8.76238e-05
255.98	8.74626e-05
256	8.73017e-05
256.02	8.71412e-05
256.04	8.69811e-05
256.06	8.68215e-05
256.08	8.66622e-05
256.1	8.65033e-05
256.12	8.63448e-05
256.14	8.61867e-05
256.16	8.60291e-05
256.18	8.58718e-05
256.2	8.57148e-05
256.22	8.55583e-05
256.24	8.54022e-05
256.26	8.52464e-05
256.28	8.50911e-05
256.3	8.49361e-05
256.32	8.47815e-05
256.34	8.46273e-05
256.36	8.44735e-05
256.38	8.432e-05
256.4	8.4167e-05
256.42	8.40143e-05
256.44	8.3862e-05
256.46	8.37101e-05
256.48	8.35585e-05
256.5	8.34073e-05
256.52	8.32565e-05
256.54	8.31061e-05
256.56	8.2956e-05
256.58	8.28063e-05
256.6	8.2657e-05
256.62	8.2508e-05
256.64	8.23595e-05
256.66	8.22112e-05
256.68	8.20634e-05
256.7	8.19159e-05
256.72	8.17688e-05
256.74	8.1622e-05
256.76	8.14756e-05
256.78	8.13295e-05
256.8	8.11839e-05
256.82	8.10385e-05
256.84	8.08936e-05
256.86	8.0749e-05
256.88	8.06047e-05
256.9	8.04608e-05
256.92	8.03173e-05
256.94	8.01741e-05
256.96	8.00312e-05
256.98	7.98887e-05
257	7.97466e-05
257.02	7.96048e-05
257.04	7.94634e-05
257.06	7.93223e-05
257.08	7.91816e-05
257.1	7.90412e-05
257.12	7.89011e-05
257.14	7.87614e-05
257.16	7.86221e-05
257.18	7.8483e-05
257.2	7.83444e-05
257.22	7.8206e-05
257.24	7.80681e-05
257.26	7.79304e-05
257.28	7.77931e-05
257.3	7.76561e-05
257.32	7.75195e-05
257.34	7.73832e-05
257.36	7.72472e-05
257.38	7.71116e-05
257.4	7.69763e-05
257.42	7.68414e-05
257.44	7.67068e-05
257.46	7.65725e-05
257.48	7.64385e-05
257.5	7.63049e-05
257.52	7.61716e-05
257.54	7.60386e-05
257.56	7.5906e-05
257.58	7.57737e-05
257.6	7.56417e-05
257.62	7.55101e-05
257.64	7.53788e-05
257.66	7.52478e-05
257.68	7.51171e-05
257.7	7.49868e-05
257.72	7.48567e-05
257.74	7.4727e-05
257.76	7.45977e-05
257.78	7.44686e-05
257.8	7.43399e-05
257.82	7.42115e-05
257.84	7.40834e-05
257.86	7.39556e-05
257.88	7.38281e-05
257.9	7.3701e-05
257.92	7.35742e-05
257.94	7.34477e-05
257.96	7.33215e-05
257.98	7.31956e-05
258	7.30701e-05
258.02	7.29448e-05
258.04	7.28199e-05
258.06	7.26953e-05
258.08	7.2571e-05
258.1	7.2447e-05
258.12	7.23233e-05
258.14	7.22e-05
258.16	7.20769e-05
258.18	7.19542e-05
258.2	7.18318e-05
258.22	7.17096e-05
258.24	7.15878e-05
258.26	7.14663e-05
258.28	7.13451e-05
258.3	7.12242e-05
258.32	7.11036e-05
258.34	7.09833e-05
258.36	7.08634e-05
258.38	7.07437e-05
258.4	7.06243e-05
258.42	7.05053e-05
258.44	7.03865e-05
258.46	7.0268e-05
258.48	7.01499e-05
258.5	7.0032e-05
258.52	6.99145e-05
258.54	6.97972e-05
258.56	6.96803e-05
258.58	6.95636e-05
258.6	6.94473e-05
258.62	6.93312e-05
258.64	6.92155e-05
258.66	6.91e-05
258.68	6.89849e-05
258.7	6.887e-05
258.72	6.87554e-05
258.74	6.86412e-05
258.76	6.85272e-05
258.78	6.84135e-05
258.8	6.83001e-05
258.82	6.8187e-05
258.84	6.80743e-05
258.86	6.79618e-05
258.88	6.78495e-05
258.9	6.77376e-05
258.92	6.7626e-05
258.94	6.75147e-05
258.96	6.74036e-05
258.98	6.72929e-05
259	6.71824e-05
259.02	6.70723e-05
259.04	6.69624e-05
259.06	6.68528e-05
259.08	6.67435e-05
259.1	6.66345e-05
259.12	6.65258e-05
259.14	6.64173e-05
259.16	6.63092e-05
259.18	6.62013e-05
259.2	6.60938e-05
259.22	6.59865e-05
259.24	6.58795e-05
259.26	6.57728e-05
259.28	6.56663e-05
259.3	6.55602e-05
259.32	6.54543e-05
259.34	6.53488e-05
259.36	6.52435e-05
259.38	6.51385e-05
259.4	6.50338e-05
259.42	6.49293e-05
259.44	6.48252e-05
259.46	6.47213e-05
259.48	6.46177e-05
259.5	6.45144e-05
259.52	6.44114e-05
259.54	6.43087e-05
259.56	6.42062e-05
259.58	6.4104e-05
259.6	6.40021e-05
259.62	6.39005e-05
259.64	6.37992e-05
259.66	6.36981e-05
259.68	6.35973e-05
259.7	6.34968e-05
259.72	6.33966e-05
259.74	6.32967e-05
259.76	6.3197e-05
259.78	6.30976e-05
259.8	6.29985e-05
259.82	6.28997e-05
259.84	6.28011e-05
259.86	6.27029e-05
259.88	6.26049e-05
259.9	6.25071e-05
259.92	6.24097e-05
259.94	6.23125e-05
259.96	6.22157e-05
259.98	6.2119e-05
260	6.20227e-05
260.02	6.19266e-05
260.04	6.18309e-05
260.06	6.17354e-05
260.08	6.16401e-05
260.1	6.15452e-05
260.12	6.14505e-05
260.14	6.13561e-05
260.16	6.12619e-05
260.18	6.11681e-05
260.2	6.10745e-05
260.22	6.09812e-05
260.24	6.08882e-05
260.26	6.07954e-05
260.28	6.07029e-05
260.3	6.06107e-05
260.32	6.05188e-05
260.34	6.04271e-05
260.36	6.03357e-05
260.38	6.02446e-05
260.4	6.01538e-05
260.42	6.00632e-05
260.44	5.99729e-05
260.46	5.98829e-05
260.48	5.97931e-05
260.5	5.97036e-05
260.52	5.96144e-05
260.54	5.95255e-05
260.56	5.94368e-05
260.58	5.93485e-05
260.6	5.92603e-05
260.62	5.91725e-05
260.64	5.90849e-05
260.66	5.89977e-05
260.68	5.89106e-05
260.7	5.88239e-05
260.72	5.87374e-05
260.74	5.86512e-05
260.76	5.85653e-05
260.78	5.84796e-05
260.8	5.83943e-05
260.82	5.83091e-05
260.84	5.82243e-05
260.86	5.81398e-05
260.88	5.80555e-05
260.9	5.79715e-05
260.92	5.78877e-05
260.94	5.78042e-05
260.96	5.77211e-05
260.98	5.76381e-05
261	5.75555e-05
261.02	5.74731e-05
261.04	5.7391e-05
261.06	5.73092e-05
261.08	5.72277e-05
261.1	5.71464e-05
261.12	5.70654e-05
261.14	5.69847e-05
261.16	5.69042e-05
261.18	5.68241e-05
261.2	5.67442e-05
261.22	5.66646e-05
261.24	5.65852e-05
261.26	5.65061e-05
261.28	5.64274e-05
261.3	5.63489e-05
261.32	5.62706e-05
261.34	5.61927e-05
261.36	5.6115e-05
261.38	5.60376e-05
261.4	5.59605e-05
261.42	5.58836e-05
261.44	5.58071e-05
261.46	5.57308e-05
261.48	5.56548e-05
261.5	5.55791e-05
261.52	5.55036e-05
261.54	5.54285e-05
261.56	5.53536e-05
261.58	5.5279e-05
261.6	5.52047e-05
261.62	5.51307e-05
261.64	5.50569e-05
261.66	5.49835e-05
261.68	5.49103e-05
261.7	5.48374e-05
261.72	5.47648e-05
261.74	5.46925e-05
261.76	5.46204e-05
261.78	5.45487e-05
261.8	5.44772e-05
261.82	5.44061e-05
261.84	5.43352e-05
261.86	5.42646e-05
261.88	5.41943e-05
261.9	5.41243e-05
261.92	5.40546e-05
261.94	5.39852e-05
261.96	5.3916e-05
261.98	5.38472e-05
262	5.37787e-05
262.02	5.37104e-05
262.04	5.36425e-05
262.06	5.35748e-05
262.08	5.35075e-05
262.1	5.34404e-05
262.12	5.33737e-05
262.14	5.33073e-05
262.16	5.32411e-05
262.18	5.31753e-05
262.2	5.31097e-05
262.22	5.30445e-05
262.24	5.29796e-05
262.26	5.2915e-05
262.28	5.28507e-05
262.3	5.27867e-05
262.32	5.2723e-05
262.34	5.26596e-05
262.36	5.25965e-05
262.38	5.25338e-05
262.4	5.24714e-05
262.42	5.24093e-05
262.44	5.23475e-05
262.46	5.2286e-05
262.48	5.22249e-05
262.5	5.2164e-05
262.52	5.21035e-05
262.54	5.20434e-05
262.56	5.19835e-05
262.58	5.1924e-05
262.6	5.18648e-05
262.62	5.1806e-05
262.64	5.17475e-05
262.66	5.16893e-05
262.68	5.16315e-05
262.7	5.1574e-05
262.72	5.15168e-05
262.74	5.146e-05
262.76	5.14035e-05
262.78	5.13474e-05
262.8	5.12917e-05
262.82	5.12363e-05
262.84	5.11812e-05
262.86	5.11265e-05
262.88	5.10722e-05
262.9	5.10183e-05
262.92	5.09647e-05
262.94	5.09114e-05
262.96	5.08586e-05
262.98	5.08061e-05
263	5.0754e-05
263.02	5.07023e-05
263.04	5.0651e-05
263.06	5.06e-05
263.08	5.05495e-05
263.1	5.04993e-05
263.12	5.04495e-05
263.14	5.04002e-05
263.16	5.03512e-05
263.18	5.03027e-05
263.2	5.02545e-05
263.22	5.02068e-05
263.24	5.01595e-05
263.26	5.01127e-05
263.28	5.00662e-05
263.3	5.00202e-05
263.32	4.99746e-05
263.34	4.99295e-05
263.36	4.98848e-05
263.38	4.98406e-05
263.4	4.97969e-05
263.42	4.97536e-05
263.44	4.97108e-05
263.46	4.96684e-05
263.48	4.96265e-05
263.5	4.95852e-05
263.52	4.95443e-05
263.54	4.95039e-05
263.56	4.94641e-05
263.58	4.94247e-05
263.6	4.93859e-05
263.62	4.93476e-05
263.64	4.93099e-05
263.66	4.92727e-05
263.68	4.92361e-05
263.7	4.92e-05
263.72	4.91646e-05
263.74	4.91297e-05
263.76	4.90954e-05
263.78	4.90617e-05
263.8	4.90287e-05
263.82	4.89962e-05
263.84	4.89645e-05
263.86	4.89334e-05
263.88	4.89029e-05
263.9	4.88732e-05
263.92	4.88441e-05
263.94	4.88158e-05
263.96	4.87882e-05
263.98	4.87614e-05
264	4.87353e-05
264.02	4.871e-05
264.04	4.86855e-05
264.06	4.86619e-05
264.08	4.86391e-05
264.1	4.86172e-05
264.12	4.85962e-05
264.14	4.85761e-05
264.16	4.8557e-05
264.18	4.85388e-05
264.2	4.85217e-05
264.22	4.85056e-05
264.24	4.84906e-05
264.26	4.84767e-05
264.28	4.8464e-05
264.3	4.84525e-05
264.32	4.84423e-05
264.34	4.84334e-05
264.36	4.84258e-05
264.38	4.84196e-05
264.4	4.84149e-05
264.42	4.84118e-05
264.44	4.84102e-05
264.46	4.84104e-05
264.48	4.84123e-05
264.5	4.84162e-05
264.52	4.8422e-05
264.54	4.84299e-05
264.56	4.844e-05
264.58	4.84525e-05
264.6	4.84675e-05
264.62	4.84852e-05
264.64	4.85057e-05
264.66	4.85294e-05
264.68	4.85563e-05
264.7	4.85869e-05
264.72	4.86215e-05
264.74	4.86603e-05
264.76	4.87039e-05
264.78	4.87526e-05
264.8	4.88072e-05
264.82	4.88682e-05
264.84	4.89365e-05
264.86	4.90132e-05
264.88	4.90994e-05
264.9	4.91966e-05
264.92	4.9307e-05
264.94	4.9433e-05
264.96	4.95779e-05
264.98	4.97466e-05
265	4.99456e-05
265.02	5.01847e-05
265.04	5.04794e-05
265.06	5.08557e-05
265.08	5.13617e-05
265.1	5.20962e-05
265.12	5.32872e-05
265.14	5.54408e-05
265.16	5.92518e-05
265.18	6.4858e-05
265.2	7.16159e-05
265.22	7.90609e-05
265.24	8.72745e-05
265.26	9.63503e-05
265.28	0.000106047
265.3	0.00011602
265.32	0.000126007
265.34	0.000135741
265.36	0.000144879
265.38	0.000153031
265.4	0.000159847
265.42	0.000165123
265.44	0.00016884
265.46	0.000171117
265.48	0.000172127
265.5	0.000172055
265.52	0.00017109
265.54	0.000169432
265.56	0.000167284
265.58	0.00016483
265.6	0.000162221
265.62	0.000159574
265.64	0.000156973
265.66	0.000154474
265.68	0.000152112
265.7	0.000149908
265.72	0.000147869
265.74	0.000145997
265.76	0.000144288
265.78	0.000142734
265.8	0.000141325
265.82	0.000140052
265.84	0.000138903
265.86	0.000137868
265.88	0.000136937
265.9	0.000136099
265.92	0.000135346
265.94	0.00013467
265.96	0.000134063
265.98	0.000133518
266	0.00013303
266.02	0.000132593
266.04	0.000132202
266.06	0.000131854
266.08	0.000131544
266.1	0.000131269
266.12	0.000131027
266.14	0.000130815
266.16	0.000130631
266.18	0.000130472
266.2	0.000130337
266.22	0.000130225
266.24	0.000130133
266.26	0.000130061
266.28	0.000130008
266.3	0.000129971
266.32	0.00012995
266.34	0.000129945
266.36	0.000129953
266.38	0.000129975
266.4	0.00013001
266.42	0.000130056
266.44	0.000130113
266.46	0.00013018
266.48	0.000130256
266.5	0.000130341
266.52	0.000130433
266.54	0.000130533
266.56	0.00013064
266.58	0.000130752
266.6	0.000130869
266.62	0.000130991
266.64	0.000131117
266.66	0.000131246
266.68	0.000131378
266.7	0.000131513
266.72	0.000131648
266.74	0.000131785
266.76	0.000131922
266.78	0.00013206
266.8	0.000132197
266.82	0.000132333
266.84	0.000132467
266.86	0.0001326
266.88	0.00013273
266.9	0.000132858
266.92	0.000132983
266.94	0.000133104
266.96	0.000133221
266.98	0.000133335
267	0.000133444
267.02	0.000133549
267.04	0.000133648
267.06	0.000133743
267.08	0.000133832
267.1	0.000133916
267.12	0.000133993
267.14	0.000134065
267.16	0.000134131
267.18	0.000134191
267.2	0.000134244
267.22	0.000134291
267.24	0.000134332
267.26	0.000134366
267.28	0.000134394
267.3	0.000134414
267.32	0.000134429
267.34	0.000134436
267.36	0.000134437
267.38	0.000134431
267.4	0.000134419
267.42	0.0001344
267.44	0.000134374
267.46	0.000134342
267.48	0.000134303
267.5	0.000134258
267.52	0.000134207
267.54	0.00013415
267.56	0.000134086
267.58	0.000134017
267.6	0.000133941
267.62	0.00013386
267.64	0.000133772
267.66	0.00013368
267.68	0.000133582
267.7	0.000133478
267.72	0.000133369
267.74	0.000133255
267.76	0.000133136
267.78	0.000133012
267.8	0.000132883
267.82	0.00013275
267.84	0.000132612
267.86	0.00013247
267.88	0.000132324
267.9	0.000132173
267.92	0.000132018
267.94	0.00013186
267.96	0.000131698
267.98	0.000131532
268	0.000131363
268.02	0.00013119
268.04	0.000131014
268.06	0.000130835
268.08	0.000130652
268.1	0.000130467
268.12	0.000130279
268.14	0.000130088
268.16	0.000129895
268.18	0.000129699
268.2	0.000129501
268.22	0.000129301
268.24	0.000129098
268.26	0.000128893
268.28	0.000128687
268.3	0.000128478
268.32	0.000128267
268.34	0.000128055
268.36	0.000127841
268.38	0.000127626
268.4	0.000127408
268.42	0.00012719
268.44	0.00012697
268.46	0.000126749
268.48	0.000126527
268.5	0.000126303
268.52	0.000126079
268.54	0.000125853
268.56	0.000125627
268.58	0.0001254
268.6	0.000125171
268.62	0.000124942
268.64	0.000124713
268.66	0.000124482
268.68	0.000124252
268.7	0.00012402
268.72	0.000123788
268.74	0.000123555
268.76	0.000123323
268.78	0.000123089
268.8	0.000122856
268.82	0.000122622
268.84	0.000122387
268.86	0.000122153
268.88	0.000121918
268.9	0.000121683
268.92	0.000121448
268.94	0.000121213
268.96	0.000120978
268.98	0.000120743
269	0.000120508
269.02	0.000120272
269.04	0.000120037
269.06	0.000119802
269.08	0.000119567
269.1	0.000119332
269.12	0.000119098
269.14	0.000118863
269.16	0.000118629
269.18	0.000118394
269.2	0.00011816
269.22	0.000117927
269.24	0.000117693
269.26	0.00011746
269.28	0.000117227
269.3	0.000116994
269.32	0.000116762
269.34	0.00011653
269.36	0.000116298
269.38	0.000116067
269.4	0.000115835
269.42	0.000115605
269.44	0.000115375
269.46	0.000115145
269.48	0.000114915
269.5	0.000114686
269.52	0.000114457
269.54	0.000114229
269.56	0.000114001
269.58	0.000113774
269.6	0.000113547
269.62	0.000113321
269.64	0.000113095
269.66	0.000112869
269.68	0.000112644
269.7	0.00011242
269.72	0.000112196
269.74	0.000111972
269.76	0.000111749
269.78	0.000111526
269.8	0.000111304
269.82	0.000111083
269.84	0.000110862
269.86	0.000110641
269.88	0.000110421
269.9	0.000110202
269.92	0.000109983
269.94	0.000109764
269.96	0.000109546
269.98	0.000109329
270	0.000109112
270.02	0.000108895
270.04	0.00010868
270.06	0.000108464
270.08	0.00010825
270.1	0.000108035
270.12	0.000107822
270.14	0.000107609
270.16	0.000107396
270.18	0.000107184
270.2	0.000106972
270.22	0.000106761
270.24	0.000106551
270.26	0.000106341
270.28	0.000106132
270.3	0.000105923
270.32	0.000105714
270.34	0.000105507
270.36	0.000105299
270.38	0.000105093
270.4	0.000104887
270.42	0.000104681
270.44	0.000104476
270.46	0.000104271
270.48	0.000104067
270.5	0.000103864
270.52	0.000103661
270.54	0.000103459
270.56	0.000103257
270.58	0.000103055
270.6	0.000102855
270.62	0.000102654
270.64	0.000102455
270.66	0.000102255
270.68	0.000102057
270.7	0.000101859
270.72	0.000101661
270.74	0.000101464
270.76	0.000101267
270.78	0.000101071
270.8	0.000100875
270.82	0.00010068
270.84	0.000100486
270.86	0.000100292
270.88	0.000100098
270.9	9.99052e-05
270.92	9.97126e-05
270.94	9.95206e-05
270.96	9.93291e-05
270.98	9.91381e-05
271	9.89476e-05
271.02	9.87576e-05
271.04	9.85681e-05
271.06	9.83791e-05
271.08	9.81906e-05
271.1	9.80025e-05
271.12	9.7815e-05
271.14	9.7628e-05
271.16	9.74414e-05
271.18	9.72553e-05
271.2	9.70698e-05
271.22	9.68847e-05
271.24	9.67e-05
271.26	9.65159e-05
271.28	9.63322e-05
271.3	9.61491e-05
271.32	9.59663e-05
271.34	9.57841e-05
271.36	9.56024e-05
271.38	9.54211e-05
271.4	9.52402e-05
271.42	9.50599e-05
271.44	9.488e-05
271.46	9.47006e-05
271.48	9.45216e-05
271.5	9.43431e-05
271.52	9.41651e-05
271.54	9.39875e-05
271.56	9.38103e-05
271.58	9.36337e-05
271.6	9.34574e-05
271.62	9.32817e-05
271.64	9.31063e-05
271.66	9.29315e-05
271.68	9.27571e-05
271.7	9.25831e-05
271.72	9.24095e-05
271.74	9.22364e-05
271.76	9.20638e-05
271.78	9.18916e-05
271.8	9.17198e-05
271.82	9.15485e-05
271.84	9.13776e-05
271.86	9.12071e-05
271.88	9.10371e-05
271.9	9.08674e-05
271.92	9.06983e-05
271.94	9.05295e-05
271.96	9.03612e-05
271.98	9.01933e-05
272	9.00258e-05
272.02	8.98588e-05
272.04	8.96921e-05
272.06	8.95259e-05
272.08	8.93601e-05
272.1	8.91947e-05
272.12	8.90298e-05
272.14	8.88652e-05
272.16	8.87011e-05
272.18	8.85374e-05
272.2	8.83741e-05
272.22	8.82112e-05
272.24	8.80487e-05
272.26	8.78866e-05
272.28	8.77249e-05
272.3	8.75636e-05
272.32	8.74027e-05
272.34	8.72422e-05
272.36	8.70822e-05
272.38	8.69225e-05
272.4	8.67632e-05
272.42	8.66043e-05
272.44	8.64458e-05
272.46	8.62877e-05
272.48	8.613e-05
272.5	8.59727e-05
272.52	8.58158e-05
272.54	8.56593e-05
272.56	8.55031e-05
272.58	8.53474e-05
272.6	8.5192e-05
272.62	8.5037e-05
272.64	8.48825e-05
272.66	8.47282e-05
272.68	8.45744e-05
272.7	8.4421e-05
272.72	8.42679e-05
272.74	8.41152e-05
272.76	8.39629e-05
272.78	8.38109e-05
272.8	8.36594e-05
272.82	8.35082e-05
272.84	8.33574e-05
272.86	8.32069e-05
272.88	8.30569e-05
272.9	8.29072e-05
272.92	8.27578e-05
272.94	8.26089e-05
272.96	8.24603e-05
272.98	8.23121e-05
273	8.21642e-05
273.02	8.20167e-05
273.04	8.18696e-05
273.06	8.17228e-05
273.08	8.15764e-05
273.1	8.14303e-05
273.12	8.12846e-05
273.14	8.11393e-05
273.16	8.09943e-05
273.18	8.08497e-05
273.2	8.07055e-05
273.22	8.05616e-05
273.24	8.0418e-05
273.26	8.02748e-05
273.28	8.0132e-05
273.3	7.99895e-05
273.32	7.98474e-05
273.34	7.97056e-05
273.36	7.95641e-05
273.38	7.9423e-05
273.4	7.92823e-05
273.42	7.91419e-05
273.44	7.90019e-05
273.46	7.88622e-05
273.48	7.87228e-05
273.5	7.85838e-05
273.52	7.84451e-05
273.54	7.83068e-05
273.56	7.81688e-05
273.58	7.80311e-05
273.6	7.78938e-05
273.62	7.77569e-05
273.64	7.76202e-05
273.66	7.74839e-05
273.68	7.7348e-05
273.7	7.72124e-05
273.72	7.70771e-05
273.74	7.69421e-05
273.76	7.68075e-05
273.78	7.66732e-05
273.8	7.65393e-05
273.82	7.64056e-05
273.84	7.62724e-05
273.86	7.61394e-05
273.88	7.60068e-05
273.9	7.58745e-05
273.92	7.57425e-05
273.94	7.56108e-05
273.96	7.54795e-05
273.98	7.53485e-05
274	7.52179e-05
274.02	7.50875e-05
274.04	7.49575e-05
274.06	7.48278e-05
274.08	7.46984e-05
274.1	7.45694e-05
274.12	7.44407e-05
274.14	7.43123e-05
274.16	7.41842e-05
274.18	7.40564e-05
274.2	7.3929e-05
274.22	7.38018e-05
274.24	7.3675e-05
274.26	7.35485e-05
274.28	7.34224e-05
274.3	7.32965e-05
274.32	7.3171e-05
274.34	7.30457e-05
274.36	7.29208e-05
274.38	7.27962e-05
274.4	7.26719e-05
274.42	7.25479e-05
274.44	7.24243e-05
274.46	7.23009e-05
274.48	7.21779e-05
274.5	7.20552e-05
274.52	7.19327e-05
274.54	7.18106e-05
274.56	7.16888e-05
274.58	7.15673e-05
274.6	7.14462e-05
274.62	7.13253e-05
274.64	7.12047e-05
274.66	7.10844e-05
274.68	7.09645e-05
274.7	7.08448e-05
274.72	7.07255e-05
274.74	7.06064e-05
274.76	7.04877e-05
274.78	7.03692e-05
274.8	7.02511e-05
274.82	7.01333e-05
274.84	7.00157e-05
274.86	6.98985e-05
274.88	6.97816e-05
274.9	6.96649e-05
274.92	6.95486e-05
274.94	6.94326e-05
274.96	6.93168e-05
274.98	6.92014e-05
275	6.90863e-05
275.02	6.89714e-05
275.04	6.88569e-05
275.06	6.87427e-05
275.08	6.86287e-05
275.1	6.85151e-05
275.12	6.84017e-05
275.14	6.82886e-05
275.16	6.81759e-05
275.18	6.80634e-05
275.2	6.79512e-05
275.22	6.78393e-05
275.24	6.77277e-05
275.26	6.76164e-05
275.28	6.75054e-05
275.3	6.73947e-05
275.32	6.72843e-05
275.34	6.71741e-05
275.36	6.70643e-05
275.38	6.69547e-05
275.4	6.68455e-05
275.42	6.67365e-05
275.44	6.66278e-05
275.46	6.65194e-05
275.48	6.64113e-05
275.5	6.63035e-05
275.52	6.61959e-05
275.54	6.60887e-05
275.56	6.59817e-05
275.58	6.58751e-05
275.6	6.57687e-05
275.62	6.56626e-05
275.64	6.55567e-05
275.66	6.54512e-05
275.68	6.5346e-05
275.7	6.5241e-05
275.72	6.51363e-05
275.74	6.50319e-05
275.76	6.49278e-05
275.78	6.4824e-05
275.8	6.47205e-05
275.82	6.46172e-05
275.84	6.45142e-05
275.86	6.44115e-05
275.88	6.43091e-05
275.9	6.4207e-05
275.92	6.41051e-05
275.94	6.40035e-05
275.96	6.39023e-05
275.98	6.38012e-05
276	6.37005e-05
276.02	6.36001e-05
276.04	6.34999e-05
276.06	6.34e-05
276.08	6.33004e-05
276.1	6.32011e-05
276.12	6.3102e-05
276.14	6.30033e-05
276.16	6.29048e-05
276.18	6.28065e-05
276.2	6.27086e-05
276.22	6.26109e-05
276.24	6.25136e-05
276.26	6.24165e-05
276.28	6.23196e-05
276.3	6.22231e-05
276.32	6.21268e-05
276.34	6.20308e-05
276.36	6.19351e-05
276.38	6.18397e-05
276.4	6.17445e-05
276.42	6.16496e-05
276.44	6.1555e-05
276.46	6.14606e-05
276.48	6.13666e-05
276.5	6.12728e-05
276.52	6.11793e-05
276.54	6.1086e-05
276.56	6.09931e-05
276.58	6.09004e-05
276.6	6.0808e-05
276.62	6.07159e-05
276.64	6.0624e-05
276.66	6.05324e-05
276.68	6.04411e-05
276.7	6.03501e-05
276.72	6.02593e-05
276.74	6.01688e-05
276.76	6.00786e-05
276.78	5.99886e-05
276.8	5.9899e-05
276.82	5.98096e-05
276.84	5.97205e-05
276.86	5.96316e-05
276.88	5.95431e-05
276.9	5.94548e-05
276.92	5.93667e-05
276.94	5.9279e-05
276.96	5.91915e-05
276.98	5.91043e-05
277	5.90174e-05
277.02	5.89308e-05
277.04	5.88444e-05
277.06	5.87583e-05
277.08	5.86725e-05
277.1	5.85869e-05
277.12	5.85016e-05
277.14	5.84166e-05
277.16	5.83319e-05
277.18	5.82474e-05
277.2	5.81633e-05
277.22	5.80793e-05
277.24	5.79957e-05
277.26	5.79124e-05
277.28	5.78293e-05
277.3	5.77465e-05
277.32	5.7664e-05
277.34	5.75817e-05
277.36	5.74997e-05
277.38	5.7418e-05
277.4	5.73366e-05
277.42	5.72555e-05
277.44	5.71746e-05
277.46	5.7094e-05
277.48	5.70137e-05
277.5	5.69336e-05
277.52	5.68539e-05
277.54	5.67744e-05
277.56	5.66952e-05
277.58	5.66162e-05
277.6	5.65376e-05
277.62	5.64592e-05
277.64	5.63811e-05
277.66	5.63033e-05
277.68	5.62258e-05
277.7	5.61485e-05
277.72	5.60716e-05
277.74	5.59949e-05
277.76	5.59184e-05
277.78	5.58423e-05
277.8	5.57665e-05
277.82	5.56909e-05
277.84	5.56156e-05
277.86	5.55406e-05
277.88	5.54659e-05
277.9	5.53915e-05
277.92	5.53173e-05
277.94	5.52435e-05
277.96	5.51699e-05
277.98	5.50966e-05
278	5.50236e-05
278.02	5.49509e-05
278.04	5.48785e-05
278.06	5.48063e-05
278.08	5.47345e-05
278.1	5.46629e-05
278.12	5.45917e-05
278.14	5.45207e-05
278.16	5.445e-05
278.18	5.43796e-05
278.2	5.43095e-05
278.22	5.42397e-05
278.24	5.41702e-05
278.26	5.4101e-05
278.28	5.4032e-05
278.3	5.39634e-05
278.32	5.38951e-05
278.34	5.38271e-05
278.36	5.37593e-05
278.38	5.36919e-05
278.4	5.36248e-05
278.42	5.3558e-05
278.44	5.34914e-05
278.46	5.34252e-05
278.48	5.33593e-05
278.5	5.32937e-05
278.52	5.32284e-05
278.54	5.31634e-05
278.56	5.30988e-05
278.58	5.30344e-05
278.6	5.29703e-05
278.62	5.29066e-05
278.64	5.28432e-05
278.66	5.27801e-05
278.68	5.27173e-05
278.7	5.26548e-05
278.72	5.25926e-05
278.74	5.25308e-05
278.76	5.24693e-05
278.78	5.24081e-05
278.8	5.23473e-05
278.82	5.22867e-05
278.84	5.22265e-05
278.86	5.21667e-05
278.88	5.21071e-05
278.9	5.20479e-05
278.92	5.19891e-05
278.94	5.19305e-05
278.96	5.18724e-05
278.98	5.18145e-05
279	5.1757e-05
279.02	5.16999e-05
279.04	5.16431e-05
279.06	5.15866e-05
279.08	5.15305e-05
279.1	5.14748e-05
279.12	5.14194e-05
279.14	5.13643e-05
279.16	5.13097e-05
279.18	5.12554e-05
279.2	5.12014e-05
279.22	5.11479e-05
279.24	5.10947e-05
279.26	5.10419e-05
279.28	5.09894e-05
279.3	5.09374e-05
279.32	5.08857e-05
279.34	5.08344e-05
279.36	5.07835e-05
279.38	5.0733e-05
279.4	5.06829e-05
279.42	5.06333e-05
279.44	5.0584e-05
279.46	5.05351e-05
279.48	5.04866e-05
279.5	5.04386e-05
279.52	5.0391e-05
279.54	5.03438e-05
279.56	5.0297e-05
279.58	5.02507e-05
279.6	5.02048e-05
279.62	5.01593e-05
279.64	5.01143e-05
279.66	5.00698e-05
279.68	5.00257e-05
279.7	4.99821e-05
279.72	4.99389e-05
279.74	4.98963e-05
279.76	4.98541e-05
279.78	4.98124e-05
279.8	4.97712e-05
279.82	4.97305e-05
279.84	4.96904e-05
279.86	4.96507e-05
279.88	4.96116e-05
279.9	4.9573e-05
279.92	4.95349e-05
279.94	4.94974e-05
279.96	4.94605e-05
279.98	4.94241e-05
280	4.93883e-05
280.02	4.93531e-05
280.04	4.93185e-05
280.06	4.92845e-05
280.08	4.92511e-05
280.1	4.92184e-05
280.12	4.91863e-05
280.14	4.91549e-05
280.16	4.91241e-05
280.18	4.9094e-05
280.2	4.90647e-05
280.22	4.9036e-05
280.24	4.90081e-05
280.26	4.89809e-05
280.28	4.89545e-05
280.3	4.89289e-05
280.32	4.89041e-05
280.34	4.88802e-05
280.36	4.8857e-05
280.38	4.88348e-05
280.4	4.88135e-05
280.42	4.8793e-05
280.44	4.87736e-05
280.46	4.87551e-05
280.48	4.87376e-05
280.5	4.87212e-05
280.52	4.87058e-05
280.54	4.86916e-05
280.56	4.86785e-05
280.58	4.86667e-05
280.6	4.8656e-05
280.62	4.86467e-05
280.64	4.86387e-05
280.66	4.86322e-05
280.68	4.86271e-05
280.7	4.86235e-05
280.72	4.86215e-05
280.74	4.86213e-05
280.76	4.86228e-05
280.78	4.86261e-05
280.8	4.86314e-05
280.82	4.86388e-05
280.84	4.86484e-05
280.86	4.86604e-05
280.88	4.86748e-05
280.9	4.86919e-05
280.92	4.87118e-05
280.94	4.87347e-05
280.96	4.8761e-05
280.98	4.87908e-05
281	4.88245e-05
281.02	4.88624e-05
281.04	4.8905e-05
281.06	4.89526e-05
281.08	4.9006e-05
281.1	4.90656e-05
281.12	4.91324e-05
281.14	4.92073e-05
281.16	4.92914e-05
281.18	4.93863e-05
281.2	4.94939e-05
281.22	4.96164e-05
281.24	4.97571e-05
281.26	4.99204e-05
281.28	5.01124e-05
281.3	5.0342e-05
281.32	5.06231e-05
281.34	5.09787e-05
281.36	5.14502e-05
281.38	5.21207e-05
281.4	5.31776e-05
281.42	5.50519e-05
281.44	5.84435e-05
281.46	6.36942e-05
281.48	7.02741e-05
281.5	7.75922e-05
281.52	8.56355e-05
281.54	9.45469e-05
281.56	0.000104157
281.58	0.000114114
281.6	0.000124139
281.62	0.000133974
281.64	0.000143293
281.66	0.000151714
281.68	0.000158867
281.7	0.000164506
281.72	0.000168573
281.74	0.000171162
281.76	0.00017244
281.78	0.000172592
281.8	0.000171806
281.82	0.000170279
281.84	0.000168216
281.86	0.000165806
281.88	0.00016321
281.9	0.000160553
281.92	0.000157926
281.94	0.000155391
281.96	0.000152987
281.98	0.000150738
282	0.000148653
282.02	0.000146736
282.04	0.000144984
282.06	0.000143389
282.08	0.000141943
282.1	0.000140635
282.12	0.000139455
282.14	0.000138391
282.16	0.000137433
282.18	0.000136572
282.2	0.000135798
282.22	0.000135102
282.24	0.000134477
282.26	0.000133917
282.28	0.000133414
282.3	0.000132964
282.32	0.000132561
282.34	0.000132202
282.36	0.000131882
282.38	0.000131599
282.4	0.000131349
282.42	0.000131129
282.44	0.000130938
282.46	0.000130772
282.48	0.000130632
282.5	0.000130513
282.52	0.000130417
282.54	0.000130339
282.56	0.000130281
282.58	0.00013024
282.6	0.000130215
282.62	0.000130206
282.64	0.000130211
282.66	0.00013023
282.68	0.000130261
282.7	0.000130305
282.72	0.000130359
282.74	0.000130423
282.76	0.000130497
282.78	0.00013058
282.8	0.000130671
282.82	0.000130769
282.84	0.000130874
282.86	0.000130984
282.88	0.000131101
282.9	0.000131222
282.92	0.000131347
282.94	0.000131475
282.96	0.000131606
282.98	0.00013174
283	0.000131876
283.02	0.000132012
283.04	0.000132149
283.06	0.000132287
283.08	0.000132424
283.1	0.00013256
283.12	0.000132695
283.14	0.000132828
283.16	0.000132959
283.18	0.000133087
283.2	0.000133212
283.22	0.000133335
283.24	0.000133453
283.26	0.000133567
283.28	0.000133678
283.3	0.000133783
283.32	0.000133884
283.34	0.00013398
283.36	0.00013407
283.38	0.000134155
283.4	0.000134234
283.42	0.000134307
283.44	0.000134374
283.46	0.000134435
283.48	0.00013449
283.5	0.000134539
283.52	0.000134581
283.54	0.000134616
283.56	0.000134645
283.58	0.000134667
283.6	0.000134683
283.62	0.000134692
283.64	0.000134694
283.66	0.00013469
283.68	0.000134679
283.7	0.000134661
283.72	0.000134637
283.74	0.000134606
283.76	0.000134569
283.78	0.000134525
283.8	0.000134475
283.82	0.000134419
283.84	0.000134357
283.86	0.000134288
283.88	0.000134214
283.9	0.000134133
283.92	0.000134047
283.94	0.000133956
283.96	0.000133859
283.98	0.000133756
284	0.000133648
284.02	0.000133535
284.04	0.000133417
284.06	0.000133294
284.08	0.000133166
284.1	0.000133034
284.12	0.000132897
284.14	0.000132755
284.16	0.00013261
284.18	0.00013246
284.2	0.000132306
284.22	0.000132148
284.24	0.000131986
284.26	0.000131821
284.28	0.000131652
284.3	0.00013148
284.32	0.000131304
284.34	0.000131126
284.36	0.000130944
284.38	0.000130759
284.4	0.000130571
284.42	0.000130381
284.44	0.000130188
284.46	0.000129993
284.48	0.000129795
284.5	0.000129594
284.52	0.000129392
284.54	0.000129187
284.56	0.000128981
284.58	0.000128772
284.6	0.000128562
284.62	0.00012835
284.64	0.000128136
284.66	0.00012792
284.68	0.000127703
284.7	0.000127485
284.72	0.000127265
284.74	0.000127044
284.76	0.000126822
284.78	0.000126598
284.8	0.000126374
284.82	0.000126148
284.84	0.000125921
284.86	0.000125694
284.88	0.000125466
284.9	0.000125237
284.92	0.000125007
284.94	0.000124776
284.96	0.000124545
284.98	0.000124313
285	0.000124081
285.02	0.000123849
285.04	0.000123615
285.06	0.000123382
285.08	0.000123148
285.1	0.000122914
285.12	0.000122679
285.14	0.000122444
285.16	0.000122209
285.18	0.000121974
285.2	0.000121739
285.22	0.000121504
285.24	0.000121268
285.26	0.000121033
285.28	0.000120797
285.3	0.000120562
285.32	0.000120326
285.34	0.000120091
285.36	0.000119855
285.38	0.00011962
285.4	0.000119385
285.42	0.00011915
285.44	0.000118915
285.46	0.000118681
285.48	0.000118446
285.5	0.000118212
285.52	0.000117978
285.54	0.000117745
285.56	0.000117511
285.58	0.000117278
285.6	0.000117045
285.62	0.000116813
285.64	0.000116581
285.66	0.000116349
285.68	0.000116118
285.7	0.000115887
285.72	0.000115656
285.74	0.000115426
285.76	0.000115196
285.78	0.000114966
285.8	0.000114737
285.82	0.000114508
285.84	0.00011428
285.86	0.000114052
285.88	0.000113825
285.9	0.000113598
285.92	0.000113372
285.94	0.000113146
285.96	0.000112921
285.98	0.000112696
286	0.000112471
286.02	0.000112247
286.04	0.000112024
286.06	0.000111801
286.08	0.000111578
286.1	0.000111356
286.12	0.000111135
286.14	0.000110914
286.16	0.000110693
286.18	0.000110473
286.2	0.000110254
286.22	0.000110035
286.24	0.000109816
286.26	0.000109599
286.28	0.000109381
286.3	0.000109164
286.32	0.000108948
286.34	0.000108732
286.36	0.000108517
286.38	0.000108303
286.4	0.000108089
286.42	0.000107875
286.44	0.000107662
286.46	0.000107449
286.48	0.000107237
286.5	0.000107026
286.52	0.000106815
286.54	0.000106605
286.56	0.000106395
286.58	0.000106186
286.6	0.000105977
286.62	0.000105769
286.64	0.000105561
286.66	0.000105354
286.68	0.000105148
286.7	0.000104942
286.72	0.000104736
286.74	0.000104531
286.76	0.000104327
286.78	0.000104123
286.8	0.00010392
286.82	0.000103717
286.84	0.000103514
286.86	0.000103313
286.88	0.000103112
286.9	0.000102911
286.92	0.000102711
286.94	0.000102511
286.96	0.000102312
286.98	0.000102113
287	0.000101915
287.02	0.000101718
287.04	0.000101521
287.06	0.000101324
287.08	0.000101128
287.1	0.000100933
287.12	0.000100738
287.14	0.000100543
287.16	0.000100349
287.18	0.000100156
287.2	9.9963e-05
287.22	9.97706e-05
287.24	9.95787e-05
287.26	9.93873e-05
287.28	9.91964e-05
287.3	9.9006e-05
287.32	9.88161e-05
287.34	9.86267e-05
287.36	9.84378e-05
287.38	9.82494e-05
287.4	9.80615e-05
287.42	9.78741e-05
287.44	9.76871e-05
287.46	9.75007e-05
287.48	9.73147e-05
287.5	9.71292e-05
287.52	9.69442e-05
287.54	9.67597e-05
287.56	9.65757e-05
287.58	9.63921e-05
287.6	9.6209e-05
287.62	9.60264e-05
287.64	9.58443e-05
287.66	9.56626e-05
287.68	9.54814e-05
287.7	9.53007e-05
287.72	9.51204e-05
287.74	9.49406e-05
287.76	9.47613e-05
287.78	9.45825e-05
287.8	9.4404e-05
287.82	9.42261e-05
287.84	9.40486e-05
287.86	9.38716e-05
287.88	9.3695e-05
287.9	9.35188e-05
287.92	9.33432e-05
287.94	9.31679e-05
287.96	9.29931e-05
287.98	9.28188e-05
288	9.26449e-05
288.02	9.24715e-05
288.04	9.22985e-05
288.06	9.21259e-05
288.08	9.19538e-05
288.1	9.17821e-05
288.12	9.16108e-05
288.14	9.144e-05
288.16	9.12696e-05
288.18	9.10996e-05
288.2	9.09301e-05
288.22	9.0761e-05
288.24	9.05924e-05
288.26	9.04241e-05
288.28	9.02563e-05
288.3	9.00889e-05
288.32	8.99219e-05
288.34	8.97554e-05
288.36	8.95892e-05
288.38	8.94235e-05
288.4	8.92582e-05
288.42	8.90933e-05
288.44	8.89288e-05
288.46	8.87648e-05
288.48	8.86011e-05
288.5	8.84379e-05
288.52	8.82751e-05
288.54	8.81126e-05
288.56	8.79506e-05
288.58	8.7789e-05
288.6	8.76278e-05
288.62	8.7467e-05
288.64	8.73066e-05
288.66	8.71466e-05
288.68	8.6987e-05
288.7	8.68278e-05
288.72	8.6669e-05
288.74	8.65105e-05
288.76	8.63525e-05
288.78	8.61949e-05
288.8	8.60376e-05
288.82	8.58808e-05
288.84	8.57243e-05
288.86	8.55683e-05
288.88	8.54126e-05
288.9	8.52573e-05
288.92	8.51024e-05
288.94	8.49478e-05
288.96	8.47937e-05
288.98	8.46399e-05
289	8.44865e-05
289.02	8.43335e-05
289.04	8.41809e-05
289.06	8.40287e-05
289.08	8.38768e-05
289.1	8.37253e-05
289.12	8.35742e-05
289.14	8.34234e-05
289.16	8.3273e-05
289.18	8.3123e-05
289.2	8.29734e-05
289.22	8.28241e-05
289.24	8.26752e-05
289.26	8.25267e-05
289.28	8.23785e-05
289.3	8.22307e-05
289.32	8.20833e-05
289.34	8.19362e-05
289.36	8.17895e-05
289.38	8.16432e-05
289.4	8.14972e-05
289.42	8.13516e-05
289.44	8.12063e-05
289.46	8.10614e-05
289.48	8.09168e-05
289.5	8.07726e-05
289.52	8.06288e-05
289.54	8.04853e-05
289.56	8.03422e-05
289.58	8.01994e-05
289.6	8.0057e-05
289.62	7.99149e-05
289.64	7.97731e-05
289.66	7.96318e-05
289.68	7.94907e-05
289.7	7.93501e-05
289.72	7.92097e-05
289.74	7.90697e-05
289.76	7.89301e-05
289.78	7.87908e-05
289.8	7.86518e-05
289.82	7.85132e-05
289.84	7.83749e-05
289.86	7.8237e-05
289.88	7.80994e-05
289.9	7.79622e-05
289.92	7.78253e-05
289.94	7.76887e-05
289.96	7.75525e-05
289.98	7.74166e-05
290	7.7281e-05
290.02	7.71458e-05
290.04	7.70109e-05
290.06	7.68763e-05
290.08	7.67421e-05
290.1	7.66082e-05
290.12	7.64746e-05
290.14	7.63414e-05
290.16	7.62085e-05
290.18	7.60759e-05
290.2	7.59437e-05
290.22	7.58118e-05
290.24	7.56802e-05
290.26	7.55489e-05
290.28	7.5418e-05
290.3	7.52874e-05
290.32	7.51571e-05
290.34	7.50272e-05
290.36	7.48975e-05
290.38	7.47682e-05
290.4	7.46392e-05
290.42	7.45106e-05
290.44	7.43822e-05
290.46	7.42542e-05
290.48	7.41265e-05
290.5	7.39991e-05
290.52	7.3872e-05
290.54	7.37453e-05
290.56	7.36189e-05
290.58	7.34927e-05
290.6	7.33669e-05
290.62	7.32415e-05
290.64	7.31163e-05
290.66	7.29914e-05
290.68	7.28669e-05
290.7	7.27427e-05
290.72	7.26188e-05
290.74	7.24952e-05
290.76	7.23719e-05
290.78	7.22489e-05
290.8	7.21262e-05
290.82	7.20039e-05
290.84	7.18818e-05
290.86	7.17601e-05
290.88	7.16386e-05
290.9	7.15175e-05
290.92	7.13967e-05
290.94	7.12762e-05
290.96	7.1156e-05
290.98	7.10361e-05
291	7.09165e-05
291.02	7.07972e-05
291.04	7.06782e-05
291.06	7.05596e-05
291.08	7.04412e-05
291.1	7.03231e-05
291.12	7.02054e-05
291.14	7.00879e-05
291.16	6.99707e-05
291.18	6.98538e-05
291.2	6.97373e-05
291.22	6.9621e-05
291.24	6.95051e-05
291.26	6.93894e-05
291.28	6.9274e-05
291.3	6.9159e-05
291.32	6.90442e-05
291.34	6.89297e-05
291.36	6.88155e-05
291.38	6.87017e-05
291.4	6.85881e-05
291.42	6.84748e-05
291.44	6.83618e-05
291.46	6.82491e-05
291.48	6.81367e-05
291.5	6.80246e-05
291.52	6.79128e-05
291.54	6.78012e-05
291.56	6.769e-05
291.58	6.75791e-05
291.6	6.74684e-05
291.62	6.73581e-05
291.64	6.7248e-05
291.66	6.71382e-05
291.68	6.70287e-05
291.7	6.69196e-05
291.72	6.68107e-05
291.74	6.6702e-05
291.76	6.65937e-05
291.78	6.64857e-05
291.8	6.63779e-05
291.82	6.62705e-05
291.84	6.61633e-05
291.86	6.60564e-05
291.88	6.59498e-05
291.9	6.58435e-05
291.92	6.57375e-05
291.94	6.56317e-05
291.96	6.55263e-05
291.98	6.54211e-05
292	6.53162e-05
292.02	6.52117e-05
292.04	6.51073e-05
292.06	6.50033e-05
292.08	6.48996e-05
292.1	6.47961e-05
292.12	6.46929e-05
292.14	6.459e-05
292.16	6.44874e-05
292.18	6.43851e-05
292.2	6.4283e-05
292.22	6.41813e-05
292.24	6.40798e-05
292.26	6.39786e-05
292.28	6.38777e-05
292.3	6.3777e-05
292.32	6.36767e-05
292.34	6.35766e-05
292.36	6.34768e-05
292.38	6.33773e-05
292.4	6.3278e-05
292.42	6.31791e-05
292.44	6.30804e-05
292.46	6.2982e-05
292.48	6.28839e-05
292.5	6.2786e-05
292.52	6.26885e-05
292.54	6.25912e-05
292.56	6.24942e-05
292.58	6.23974e-05
292.6	6.2301e-05
292.62	6.22048e-05
292.64	6.21089e-05
292.66	6.20133e-05
292.68	6.19179e-05
292.7	6.18229e-05
292.72	6.17281e-05
292.74	6.16336e-05
292.76	6.15393e-05
292.78	6.14454e-05
292.8	6.13517e-05
292.82	6.12583e-05
292.84	6.11651e-05
292.86	6.10723e-05
292.88	6.09797e-05
292.9	6.08874e-05
292.92	6.07954e-05
292.94	6.07036e-05
292.96	6.06121e-05
292.98	6.05209e-05
293	6.043e-05
293.02	6.03394e-05
293.04	6.0249e-05
293.06	6.01589e-05
293.08	6.00691e-05
293.1	5.99795e-05
293.12	5.98902e-05
293.14	5.98012e-05
293.16	5.97125e-05
293.18	5.96241e-05
293.2	5.95359e-05
293.22	5.9448e-05
293.24	5.93604e-05
293.26	5.9273e-05
293.28	5.91859e-05
293.3	5.90991e-05
293.32	5.90126e-05
293.34	5.89264e-05
293.36	5.88404e-05
293.38	5.87547e-05
293.4	5.86693e-05
293.42	5.85841e-05
293.44	5.84992e-05
293.46	5.84147e-05
293.48	5.83303e-05
293.5	5.82463e-05
293.52	5.81625e-05
293.54	5.8079e-05
293.56	5.79958e-05
293.58	5.79129e-05
293.6	5.78302e-05
293.62	5.77478e-05
293.64	5.76657e-05
293.66	5.75839e-05
293.68	5.75023e-05
293.7	5.7421e-05
293.72	5.734e-05
293.74	5.72593e-05
293.76	5.71789e-05
293.78	5.70987e-05
293.8	5.70188e-05
293.82	5.69392e-05
293.84	5.68599e-05
293.86	5.67808e-05
293.88	5.67021e-05
293.9	5.66236e-05
293.92	5.65454e-05
293.94	5.64674e-05
293.96	5.63898e-05
293.98	5.63124e-05
294	5.62353e-05
294.02	5.61585e-05
294.04	5.6082e-05
294.06	5.60058e-05
294.08	5.59298e-05
294.1	5.58541e-05
294.12	5.57788e-05
294.14	5.57037e-05
294.16	5.56288e-05
294.18	5.55543e-05
294.2	5.54801e-05
294.22	5.54061e-05
294.24	5.53324e-05
294.26	5.5259e-05
294.28	5.51859e-05
294.3	5.51131e-05
294.32	5.50406e-05
294.34	5.49684e-05
294.36	5.48965e-05
294.38	5.48248e-05
294.4	5.47535e-05
294.42	5.46824e-05
294.44	5.46116e-05
294.46	5.45411e-05
294.48	5.4471e-05
294.5	5.44011e-05
294.52	5.43315e-05
294.54	5.42622e-05
294.56	5.41932e-05
294.58	5.41245e-05
294.6	5.40561e-05
294.62	5.3988e-05
294.64	5.39202e-05
294.66	5.38527e-05
294.68	5.37855e-05
294.7	5.37187e-05
294.72	5.36521e-05
294.74	5.35858e-05
294.76	5.35198e-05
294.78	5.34542e-05
294.8	5.33888e-05
294.82	5.33238e-05
294.84	5.32591e-05
294.86	5.31946e-05
294.88	5.31306e-05
294.9	5.30668e-05
294.92	5.30033e-05
294.94	5.29402e-05
294.96	5.28773e-05
294.98	5.28148e-05
295	5.27526e-05
295.02	5.26908e-05
295.04	5.26292e-05
295.06	5.2568e-05
295.08	5.25071e-05
295.1	5.24466e-05
295.12	5.23864e-05
295.14	5.23265e-05
295.16	5.22669e-05
295.18	5.22077e-05
295.2	5.21488e-05
295.22	5.20903e-05
295.24	5.20321e-05
295.26	5.19743e-05
295.28	5.19168e-05
295.3	5.18596e-05
295.32	5.18028e-05
295.34	5.17464e-05
295.36	5.16903e-05
295.38	5.16345e-05
295.4	5.15792e-05
295.42	5.15241e-05
295.44	5.14695e-05
295.46	5.14152e-05
295.48	5.13613e-05
295.5	5.13078e-05
295.52	5.12546e-05
295.54	5.12018e-05
295.56	5.11494e-05
295.58	5.10974e-05
295.6	5.10458e-05
295.62	5.09946e-05
295.64	5.09437e-05
295.66	5.08933e-05
295.68	5.08433e-05
295.7	5.07936e-05
295.72	5.07444e-05
295.74	5.06956e-05
295.76	5.06472e-05
295.78	5.05993e-05
295.8	5.05517e-05
295.82	5.05046e-05
295.84	5.0458e-05
295.86	5.04117e-05
295.88	5.03659e-05
295.9	5.03206e-05
295.92	5.02757e-05
295.94	5.02313e-05
295.96	5.01873e-05
295.98	5.01439e-05
296	5.01009e-05
296.02	5.00583e-05
296.04	5.00163e-05
296.06	4.99748e-05
296.08	4.99337e-05
296.1	4.98932e-05
296.12	4.98532e-05
296.14	4.98137e-05
296.16	4.97748e-05
296.18	4.97364e-05
296.2	4.96985e-05
296.22	4.96613e-05
296.24	4.96245e-05
296.26	4.95884e-05
296.28	4.95528e-05
296.3	4.95179e-05
296.32	4.94835e-05
296.34	4.94498e-05
296.36	4.94167e-05
296.38	4.93842e-05
296.4	4.93524e-05
296.42	4.93213e-05
296.44	4.92909e-05
296.46	4.92611e-05
296.48	4.92321e-05
296.5	4.92038e-05
296.52	4.91763e-05
296.54	4.91495e-05
296.56	4.91235e-05
296.58	4.90983e-05
296.6	4.9074e-05
296.62	4.90504e-05
296.64	4.90278e-05
296.66	4.9006e-05
296.68	4.89852e-05
296.7	4.89653e-05
296.72	4.89464e-05
296.74	4.89285e-05
296.76	4.89116e-05
296.78	4.88958e-05
296.8	4.88811e-05
296.82	4.88676e-05
296.84	4.88552e-05
296.86	4.88441e-05
296.88	4.88343e-05
296.9	4.88258e-05
296.92	4.88187e-05
296.94	4.88131e-05
296.96	4.8809e-05
296.98	4.88064e-05
297	4.88056e-05
297.02	4.88064e-05
297.04	4.88091e-05
297.06	4.88138e-05
297.08	4.88205e-05
297.1	4.88293e-05
297.12	4.88405e-05
297.14	4.88541e-05
297.16	4.88703e-05
297.18	4.88893e-05
297.2	4.89112e-05
297.22	4.89364e-05
297.24	4.89651e-05
297.26	4.89976e-05
297.28	4.90342e-05
297.3	4.90752e-05
297.32	4.91213e-05
297.34	4.91728e-05
297.36	4.92305e-05
297.38	4.9295e-05
297.4	4.93674e-05
297.42	4.94486e-05
297.44	4.954e-05
297.46	4.96435e-05
297.48	4.97611e-05
297.5	4.98959e-05
297.52	5.00517e-05
297.54	5.0234e-05
297.56	5.04507e-05
297.58	5.07138e-05
297.6	5.10426e-05
297.62	5.14709e-05
297.64	5.20644e-05
297.66	5.29651e-05
297.68	5.4506e-05
297.7	5.73326e-05
297.72	6.20091e-05
297.74	6.82582e-05
297.76	7.53821e-05
297.78	8.31857e-05
297.8	9.18315e-05
297.82	0.000101268
297.84	0.000111164
297.86	0.000121207
297.88	0.000131147
297.9	0.000140684
297.92	0.000149447
297.94	0.000157053
297.96	0.000163202
297.98	0.000167776
298	0.000170827
298.02	0.000172508
298.04	0.000173
298.06	0.000172491
298.08	0.000171175
298.1	0.000169256
298.12	0.000166931
298.14	0.000164371
298.16	0.000161713
298.18	0.000159059
298.2	0.00015648
298.22	0.000154023
298.24	0.000151714
298.26	0.000149569
298.28	0.000147591
298.3	0.000145781
298.32	0.00014413
298.34	0.000142633
298.36	0.000141277
298.38	0.000140053
298.4	0.000138949
298.42	0.000137955
298.44	0.000137061
298.46	0.000136257
298.48	0.000135534
298.5	0.000134885
298.52	0.000134303
298.54	0.00013378
298.56	0.000133312
298.58	0.000132894
298.6	0.000132519
298.62	0.000132186
298.64	0.00013189
298.66	0.000131629
298.68	0.000131399
298.7	0.000131198
298.72	0.000131023
298.74	0.000130874
298.76	0.000130749
298.78	0.000130644
298.8	0.000130561
298.82	0.000130496
298.84	0.000130449
298.86	0.000130419
298.88	0.000130405
298.9	0.000130405
298.92	0.000130419
298.94	0.000130447
298.96	0.000130486
298.98	0.000130537
299	0.000130598
299.02	0.000130669
299.04	0.000130749
299.06	0.000130837
299.08	0.000130933
299.1	0.000131036
299.12	0.000131145
299.14	0.000131259
299.16	0.000131379
299.18	0.000131503
299.2	0.000131631
299.22	0.000131761
299.24	0.000131894
299.26	0.000132029
299.28	0.000132166
299.3	0.000132303
299.32	0.000132441
299.34	0.000132578
299.36	0.000132715
299.38	0.000132851
299.4	0.000132984
299.42	0.000133116
299.44	0.000133246
299.46	0.000133373
299.48	0.000133496
299.5	0.000133616
299.52	0.000133732
299.54	0.000133844
299.56	0.000133951
299.58	0.000134054
299.6	0.000134151
299.62	0.000134244
299.64	0.000134331
299.66	0.000134412
299.68	0.000134487
299.7	0.000134557
299.72	0.00013462
299.74	0.000134677
299.76	0.000134728
299.78	0.000134772
299.8	0.00013481
299.82	0.000134842
299.84	0.000134866
299.86	0.000134884
299.88	0.000134895
299.9	0.0001349
299.92	0.000134898
299.94	0.000134889
299.96	0.000134874
299.98	0.000134852
300	0.000134823
300.02	0.000134788
300.04	0.000134747
300.06	0.000134699
300.08	0.000134645
300.1	0.000134585
300.12	0.000134519
300.14	0.000134446
300.16	0.000134368
300.18	0.000134284
300.2	0.000134194
300.22	0.000134099
300.24	0.000133998
300.26	0.000133892
300.28	0.000133781
300.3	0.000133664
300.32	0.000133543
300.34	0.000133417
300.36	0.000133286
300.38	0.00013315
300.4	0.00013301
300.42	0.000132866
300.44	0.000132717
300.46	0.000132564
300.48	0.000132408
300.5	0.000132247
300.52	0.000132083
300.54	0.000131916
300.56	0.000131744
300.58	0.00013157
300.6	0.000131392
300.62	0.000131211
300.64	0.000131027
300.66	0.00013084
300.68	0.000130651
300.7	0.000130459
300.72	0.000130264
300.74	0.000130067
300.76	0.000129867
300.78	0.000129665
300.8	0.000129461
300.82	0.000129255
300.84	0.000129047
300.86	0.000128837
300.88	0.000128625
300.9	0.000128412
300.92	0.000128197
300.94	0.00012798
300.96	0.000127762
300.98	0.000127542
301	0.000127321
301.02	0.000127099
301.04	0.000126876
301.06	0.000126652
301.08	0.000126426
301.1	0.0001262
301.12	0.000125972
301.14	0.000125744
301.16	0.000125515
301.18	0.000125285
301.2	0.000125055
301.22	0.000124824
301.24	0.000124592
301.26	0.00012436
301.28	0.000124127
301.3	0.000123894
301.32	0.00012366
301.34	0.000123426
301.36	0.000123192
301.38	0.000122957
301.4	0.000122722
301.42	0.000122487
301.44	0.000122252
301.46	0.000122016
301.48	0.000121781
301.5	0.000121545
301.52	0.00012131
301.54	0.000121074
301.56	0.000120838
301.58	0.000120602
301.6	0.000120367
301.62	0.000120131
301.64	0.000119896
301.66	0.00011966
301.68	0.000119425
301.7	0.00011919
301.72	0.000118955
301.74	0.00011872
301.76	0.000118486
301.78	0.000118252
301.8	0.000118018
301.82	0.000117784
301.84	0.000117551
301.86	0.000117317
301.88	0.000117085
301.9	0.000116852
301.92	0.00011662
301.94	0.000116388
301.96	0.000116157
301.98	0.000115926
302	0.000115695
302.02	0.000115465
302.04	0.000115235
302.06	0.000115006
302.08	0.000114777
302.1	0.000114548
302.12	0.00011432
302.14	0.000114092
302.16	0.000113865
302.18	0.000113638
302.2	0.000113412
302.22	0.000113186
302.24	0.000112961
302.26	0.000112736
302.28	0.000112511
302.3	0.000112287
302.32	0.000112064
302.34	0.000111841
302.36	0.000111619
302.38	0.000111397
302.4	0.000111175
302.42	0.000110954
302.44	0.000110734
302.46	0.000110514
302.48	0.000110295
302.5	0.000110076
302.52	0.000109858
302.54	0.00010964
302.56	0.000109423
302.58	0.000109206
302.6	0.00010899
302.62	0.000108775
302.64	0.00010856
302.66	0.000108345
302.68	0.000108131
302.7	0.000107918
302.72	0.000107705
302.74	0.000107492
302.76	0.000107281
302.78	0.000107069
302.8	0.000106859
302.82	0.000106648
302.84	0.000106439
302.86	0.00010623
302.88	0.000106021
302.9	0.000105813
302.92	0.000105605
302.94	0.000105399
302.96	0.000105192
302.98	0.000104986
303	0.000104781
303.02	0.000104576
303.04	0.000104372
303.06	0.000104168
303.08	0.000103965
303.1	0.000103762
303.12	0.00010356
303.14	0.000103358
303.16	0.000103157
303.18	0.000102957
303.2	0.000102757
303.22	0.000102557
303.24	0.000102358
303.26	0.00010216
303.28	0.000101962
303.3	0.000101765
303.32	0.000101568
303.34	0.000101371
303.36	0.000101175
303.38	0.00010098
303.4	0.000100785
303.42	0.000100591
303.44	0.000100397
303.46	0.000100204
303.48	0.000100011
303.5	9.98188e-05
303.52	9.96271e-05
303.54	9.94358e-05
303.56	9.9245e-05
303.58	9.90548e-05
303.6	9.8865e-05
303.62	9.86757e-05
303.64	9.8487e-05
303.66	9.82987e-05
303.68	9.81109e-05
303.7	9.79236e-05
303.72	9.77368e-05
303.74	9.75505e-05
303.76	9.73646e-05
303.78	9.71793e-05
303.8	9.69944e-05
303.82	9.681e-05
303.84	9.66261e-05
303.86	9.64427e-05
303.88	9.62597e-05
303.9	9.60772e-05
303.92	9.58952e-05
303.94	9.57137e-05
303.96	9.55326e-05
303.98	9.5352e-05
304	9.51719e-05
304.02	9.49922e-05
304.04	9.4813e-05
304.06	9.46342e-05
304.08	9.4456e-05
304.1	9.42781e-05
304.12	9.41008e-05
304.14	9.39238e-05
304.16	9.37474e-05
304.18	9.35714e-05
304.2	9.33958e-05
304.22	9.32207e-05
304.24	9.3046e-05
304.26	9.28718e-05
304.28	9.2698e-05
304.3	9.25247e-05
304.32	9.23518e-05
304.34	9.21794e-05
304.36	9.20073e-05
304.38	9.18358e-05
304.4	9.16646e-05
304.42	9.14939e-05
304.44	9.13237e-05
304.46	9.11538e-05
304.48	9.09844e-05
304.5	9.08154e-05
304.52	9.06469e-05
304.54	9.04787e-05
304.56	9.0311e-05
304.58	9.01437e-05
304.6	8.99769e-05
304.62	8.98104e-05
304.64	8.96444e-05
304.66	8.94788e-05
304.68	8.93136e-05
304.7	8.91488e-05
304.72	8.89845e-05
304.74	8.88205e-05
304.76	8.8657e-05
304.78	8.84939e-05
304.8	8.83311e-05
304.82	8.81688e-05
304.84	8.80069e-05
304.86	8.78454e-05
304.88	8.76843e-05
304.9	8.75236e-05
304.92	8.73633e-05
304.94	8.72034e-05
304.96	8.70439e-05
304.98	8.68848e-05
305	8.67261e-05
305.02	8.65678e-05
305.04	8.64099e-05
305.06	8.62524e-05
305.08	8.60952e-05
305.1	8.59385e-05
305.12	8.57822e-05
305.14	8.56262e-05
305.16	8.54706e-05
305.18	8.53154e-05
305.2	8.51606e-05
305.22	8.50062e-05
305.24	8.48522e-05
305.26	8.46985e-05
305.28	8.45452e-05
305.3	8.43923e-05
305.32	8.42398e-05
305.34	8.40877e-05
305.36	8.39359e-05
305.38	8.37845e-05
305.4	8.36335e-05
305.42	8.34828e-05
305.44	8.33326e-05
305.46	8.31827e-05
305.48	8.30331e-05
305.5	8.2884e-05
305.52	8.27352e-05
305.54	8.25868e-05
305.56	8.24387e-05
305.58	8.2291e-05
305.6	8.21437e-05
305.62	8.19967e-05
305.64	8.18501e-05
305.66	8.17039e-05
305.68	8.1558e-05
305.7	8.14125e-05
305.72	8.12673e-05
305.74	8.11225e-05
305.76	8.09781e-05
305.78	8.0834e-05
305.8	8.06902e-05
305.82	8.05468e-05
305.84	8.04038e-05
305.86	8.02611e-05
305.88	8.01188e-05
305.9	7.99768e-05
305.92	7.98352e-05
305.94	7.96939e-05
305.96	7.9553e-05
305.98	7.94124e-05
306	7.92722e-05
306.02	7.91323e-05
306.04	7.89928e-05
306.06	7.88536e-05
306.08	7.87148e-05
306.1	7.85763e-05
306.12	7.84381e-05
306.14	7.83003e-05
306.16	7.81628e-05
306.18	7.80256e-05
306.2	7.78888e-05
306.22	7.77524e-05
306.24	7.76162e-05
306.26	7.74805e-05
306.28	7.7345e-05
306.3	7.72099e-05
306.32	7.70751e-05
306.34	7.69406e-05
306.36	7.68065e-05
306.38	7.66727e-05
306.4	7.65393e-05
306.42	7.64062e-05
306.44	7.62734e-05
306.46	7.61409e-05
306.48	7.60088e-05
306.5	7.5877e-05
306.52	7.57455e-05
306.54	7.56144e-05
306.56	7.54835e-05
306.58	7.5353e-05
306.6	7.52229e-05
306.62	7.5093e-05
306.64	7.49635e-05
306.66	7.48343e-05
306.68	7.47054e-05
306.7	7.45769e-05
306.72	7.44486e-05
306.74	7.43207e-05
306.76	7.41931e-05
306.78	7.40658e-05
306.8	7.39389e-05
306.82	7.38123e-05
306.84	7.36859e-05
306.86	7.35599e-05
306.88	7.34342e-05
306.9	7.33089e-05
306.92	7.31838e-05
306.94	7.30591e-05
306.96	7.29347e-05
306.98	7.28106e-05
307	7.26868e-05
307.02	7.25633e-05
307.04	7.24401e-05
307.06	7.23172e-05
307.08	7.21947e-05
307.1	7.20724e-05
307.12	7.19505e-05
307.14	7.18289e-05
307.16	7.17076e-05
307.18	7.15866e-05
307.2	7.14659e-05
307.22	7.13455e-05
307.24	7.12254e-05
307.26	7.11056e-05
307.28	7.09862e-05
307.3	7.0867e-05
307.32	7.07481e-05
307.34	7.06296e-05
307.36	7.05113e-05
307.38	7.03934e-05
307.4	7.02757e-05
307.42	7.01584e-05
307.44	7.00413e-05
307.46	6.99246e-05
307.48	6.98081e-05
307.5	6.9692e-05
307.52	6.95762e-05
307.54	6.94606e-05
307.56	6.93454e-05
307.58	6.92304e-05
307.6	6.91158e-05
307.62	6.90015e-05
307.64	6.88874e-05
307.66	6.87737e-05
307.68	6.86602e-05
307.7	6.8547e-05
307.72	6.84342e-05
307.74	6.83216e-05
307.76	6.82093e-05
307.78	6.80974e-05
307.8	6.79857e-05
307.82	6.78743e-05
307.84	6.77632e-05
307.86	6.76524e-05
307.88	6.75419e-05
307.9	6.74316e-05
307.92	6.73217e-05
307.94	6.72121e-05
307.96	6.71027e-05
307.98	6.69937e-05
308	6.68849e-05
308.02	6.67764e-05
308.04	6.66682e-05
308.06	6.65604e-05
308.08	6.64527e-05
308.1	6.63454e-05
308.12	6.62384e-05
308.14	6.61317e-05
308.16	6.60252e-05
308.18	6.5919e-05
308.2	6.58131e-05
308.22	6.57076e-05
308.24	6.56022e-05
308.26	6.54972e-05
308.28	6.53925e-05
308.3	6.5288e-05
308.32	6.51839e-05
308.34	6.508e-05
308.36	6.49764e-05
308.38	6.48731e-05
308.4	6.47701e-05
308.42	6.46673e-05
308.44	6.45648e-05
308.46	6.44627e-05
308.48	6.43608e-05
308.5	6.42592e-05
308.52	6.41578e-05
308.54	6.40568e-05
308.56	6.3956e-05
308.58	6.38555e-05
308.6	6.37553e-05
308.62	6.36554e-05
308.64	6.35558e-05
308.66	6.34564e-05
308.68	6.33573e-05
308.7	6.32585e-05
308.72	6.316e-05
308.74	6.30618e-05
308.76	6.29638e-05
308.78	6.28661e-05
308.8	6.27687e-05
308.82	6.26716e-05
308.84	6.25748e-05
308.86	6.24782e-05
308.88	6.23819e-05
308.9	6.22859e-05
308.92	6.21902e-05
308.94	6.20947e-05
308.96	6.19996e-05
308.98	6.19047e-05
309	6.18101e-05
309.02	6.17157e-05
309.04	6.16217e-05
309.06	6.15279e-05
309.08	6.14344e-05
309.1	6.13412e-05
309.12	6.12482e-05
309.14	6.11555e-05
309.16	6.10631e-05
309.18	6.0971e-05
309.2	6.08792e-05
309.22	6.07876e-05
309.24	6.06963e-05
309.26	6.06053e-05
309.28	6.05146e-05
309.3	6.04241e-05
309.32	6.03339e-05
309.34	6.0244e-05
309.36	6.01544e-05
309.38	6.0065e-05
309.4	5.9976e-05
309.42	5.98872e-05
309.44	5.97986e-05
309.46	5.97104e-05
309.48	5.96224e-05
309.5	5.95347e-05
309.52	5.94473e-05
309.54	5.93602e-05
309.56	5.92733e-05
309.58	5.91867e-05
309.6	5.91004e-05
309.62	5.90143e-05
309.64	5.89286e-05
309.66	5.88431e-05
309.68	5.87579e-05
309.7	5.8673e-05
309.72	5.85883e-05
309.74	5.85039e-05
309.76	5.84198e-05
309.78	5.8336e-05
309.8	5.82525e-05
309.82	5.81692e-05
309.84	5.80862e-05
309.86	5.80035e-05
309.88	5.79211e-05
309.9	5.78389e-05
309.92	5.77571e-05
309.94	5.76755e-05
309.96	5.75942e-05
309.98	5.75131e-05
310	5.74324e-05
310.02	5.73519e-05
310.04	5.72717e-05
310.06	5.71918e-05
310.08	5.71122e-05
310.1	5.70328e-05
310.12	5.69537e-05
310.14	5.68749e-05
310.16	5.67964e-05
310.18	5.67182e-05
310.2	5.66402e-05
310.22	5.65626e-05
310.24	5.64852e-05
310.26	5.64081e-05
310.28	5.63313e-05
310.3	5.62548e-05
310.32	5.61785e-05
310.34	5.61026e-05
310.36	5.60269e-05
310.38	5.59515e-05
310.4	5.58764e-05
310.42	5.58016e-05
310.44	5.57271e-05
310.46	5.56528e-05
310.48	5.55789e-05
310.5	5.55052e-05
310.52	5.54319e-05
310.54	5.53588e-05
310.56	5.5286e-05
310.58	5.52135e-05
310.6	5.51413e-05
310.62	5.50694e-05
310.64	5.49978e-05
310.66	5.49264e-05
310.68	5.48554e-05
310.7	5.47847e-05
310.72	5.47142e-05
310.74	5.46441e-05
310.76	5.45742e-05
310.78	5.45047e-05
310.8	5.44355e-05
310.82	5.43665e-05
310.84	5.42979e-05
310.86	5.42295e-05
310.88	5.41615e-05
310.9	5.40938e-05
310.92	5.40263e-05
310.94	5.39592e-05
310.96	5.38924e-05
310.98	5.38259e-05
311	5.37597e-05
311.02	5.36938e-05
311.04	5.36282e-05
311.06	5.3563e-05
311.08	5.3498e-05
311.1	5.34334e-05
311.12	5.3369e-05
311.14	5.3305e-05
311.16	5.32414e-05
311.18	5.3178e-05
311.2	5.3115e-05
311.22	5.30522e-05
311.24	5.29898e-05
311.26	5.29278e-05
311.28	5.2866e-05
311.3	5.28046e-05
311.32	5.27435e-05
311.34	5.26828e-05
311.36	5.26224e-05
311.38	5.25623e-05
311.4	5.25025e-05
311.42	5.24431e-05
311.44	5.23841e-05
311.46	5.23254e-05
311.48	5.2267e-05
311.5	5.2209e-05
311.52	5.21513e-05
311.54	5.2094e-05
311.56	5.2037e-05
311.58	5.19804e-05
311.6	5.19241e-05
311.62	5.18682e-05
311.64	5.18127e-05
311.66	5.17575e-05
311.68	5.17027e-05
311.7	5.16483e-05
311.72	5.15942e-05
311.74	5.15405e-05
311.76	5.14872e-05
311.78	5.14343e-05
311.8	5.13818e-05
311.82	5.13296e-05
311.84	5.12779e-05
311.86	5.12265e-05
311.88	5.11755e-05
311.9	5.1125e-05
311.92	5.10748e-05
311.94	5.10251e-05
311.96	5.09758e-05
311.98	5.09268e-05
312	5.08784e-05
312.02	5.08303e-05
312.04	5.07827e-05
312.06	5.07354e-05
312.08	5.06887e-05
312.1	5.06424e-05
312.12	5.05965e-05
312.14	5.05511e-05
312.16	5.05061e-05
312.18	5.04616e-05
312.2	5.04176e-05
312.22	5.03741e-05
312.24	5.0331e-05
312.26	5.02884e-05
312.28	5.02463e-05
312.3	5.02048e-05
312.32	5.01637e-05
312.34	5.01232e-05
312.36	5.00831e-05
312.38	5.00436e-05
312.4	5.00047e-05
312.42	4.99663e-05
312.44	4.99284e-05
312.46	4.98911e-05
312.48	4.98544e-05
312.5	4.98183e-05
312.52	4.97827e-05
312.54	4.97478e-05
312.56	4.97135e-05
312.58	4.96798e-05
312.6	4.96468e-05
312.62	4.96144e-05
312.64	4.95826e-05
312.66	4.95516e-05
312.68	4.95212e-05
312.7	4.94916e-05
312.72	4.94627e-05
312.74	4.94345e-05
312.76	4.94071e-05
312.78	4.93804e-05
312.8	4.93546e-05
312.82	4.93296e-05
312.84	4.93054e-05
312.86	4.9282e-05
312.88	4.92596e-05
312.9	4.9238e-05
312.92	4.92174e-05
312.94	4.91978e-05
312.96	4.91791e-05
312.98	4.91615e-05
313	4.91449e-05
313.02	4.91294e-05
313.04	4.91151e-05
313.06	4.91019e-05
313.08	4.90899e-05
313.1	4.90792e-05
313.12	4.90698e-05
313.14	4.90618e-05
313.16	4.90552e-05
313.18	4.90501e-05
313.2	4.90465e-05
313.22	4.90445e-05
313.24	4.90443e-05
313.26	4.90458e-05
313.28	4.90493e-05
313.3	4.90547e-05
313.32	4.90622e-05
313.34	4.9072e-05
313.36	4.90841e-05
313.38	4.90987e-05
313.4	4.9116e-05
313.42	4.91362e-05
313.44	4.91595e-05
313.46	4.91861e-05
313.48	4.92163e-05
313.5	4.92505e-05
313.52	4.9289e-05
313.54	4.93321e-05
313.56	4.93804e-05
313.58	4.94345e-05
313.6	4.94951e-05
313.62	4.95629e-05
313.64	4.96389e-05
313.66	4.97243e-05
313.68	4.98208e-05
313.7	4.993e-05
313.72	5.00547e-05
313.74	5.01979e-05
313.76	5.03643e-05
313.78	5.056e-05
313.8	5.07946e-05
313.82	5.10823e-05
313.84	5.14474e-05
313.86	5.19334e-05
313.88	5.26289e-05
313.9	5.37345e-05
313.92	5.57082e-05
313.94	5.92585e-05
313.96	6.46685e-05
313.98	7.13602e-05
314	7.87717e-05
314.02	8.69205e-05
314.04	9.59367e-05
314.06	0.000105625
314.08	0.000115633
314.1	0.000125684
314.12	0.000135517
314.14	0.000144799
314.16	0.000153147
314.18	0.000160195
314.2	0.000165713
314.22	0.000169656
314.24	0.000172128
314.26	0.0001733
314.28	0.000173357
314.3	0.000172488
314.32	0.000170893
314.34	0.000168776
314.36	0.000166326
314.38	0.0001637
314.4	0.000161023
314.42	0.000158381
314.44	0.000155837
314.46	0.000153428
314.48	0.000151175
314.5	0.00014909
314.52	0.000147173
314.54	0.000145421
314.56	0.000143828
314.58	0.000142383
314.6	0.000141076
314.62	0.000139898
314.64	0.000138835
314.66	0.000137879
314.68	0.000137019
314.7	0.000136245
314.72	0.000135551
314.74	0.000134927
314.76	0.000134367
314.78	0.000133865
314.8	0.000133415
314.82	0.000133013
314.84	0.000132654
314.86	0.000132335
314.88	0.000132052
314.9	0.000131802
314.92	0.000131583
314.94	0.000131392
314.96	0.000131227
314.98	0.000131086
315	0.000130969
315.02	0.000130872
315.04	0.000130796
315.06	0.000130737
315.08	0.000130697
315.1	0.000130673
315.12	0.000130664
315.14	0.000130669
315.16	0.000130689
315.18	0.00013072
315.2	0.000130764
315.22	0.000130819
315.24	0.000130884
315.26	0.000130958
315.28	0.000131041
315.3	0.000131132
315.32	0.000131231
315.34	0.000131336
315.36	0.000131447
315.38	0.000131564
315.4	0.000131685
315.42	0.00013181
315.44	0.000131939
315.46	0.000132071
315.48	0.000132205
315.5	0.00013234
315.52	0.000132477
315.54	0.000132615
315.56	0.000132752
315.58	0.000132889
315.6	0.000133025
315.62	0.00013316
315.64	0.000133294
315.66	0.000133424
315.68	0.000133553
315.7	0.000133678
315.72	0.0001338
315.74	0.000133919
315.76	0.000134033
315.78	0.000134143
315.8	0.000134248
315.82	0.000134349
315.84	0.000134444
315.86	0.000134535
315.88	0.000134619
315.9	0.000134698
315.92	0.000134771
315.94	0.000134838
315.96	0.000134899
315.98	0.000134953
316	0.000135001
316.02	0.000135043
316.04	0.000135078
316.06	0.000135106
316.08	0.000135128
316.1	0.000135143
316.12	0.000135152
316.14	0.000135154
316.16	0.000135149
316.18	0.000135137
316.2	0.000135119
316.22	0.000135094
316.24	0.000135063
316.26	0.000135025
316.28	0.000134981
316.3	0.000134931
316.32	0.000134874
316.34	0.000134811
316.36	0.000134742
316.38	0.000134667
316.4	0.000134586
316.42	0.0001345
316.44	0.000134408
316.46	0.00013431
316.48	0.000134207
316.5	0.000134098
316.52	0.000133985
316.54	0.000133866
316.56	0.000133742
316.58	0.000133614
316.6	0.000133481
316.62	0.000133343
316.64	0.000133201
316.66	0.000133055
316.68	0.000132904
316.7	0.00013275
316.72	0.000132591
316.74	0.000132429
316.76	0.000132263
316.78	0.000132094
316.8	0.000131921
316.82	0.000131745
316.84	0.000131566
316.86	0.000131383
316.88	0.000131198
316.9	0.00013101
316.92	0.000130819
316.94	0.000130625
316.96	0.000130429
316.98	0.000130231
317	0.00013003
317.02	0.000129827
317.04	0.000129622
317.06	0.000129414
317.08	0.000129205
317.1	0.000128994
317.12	0.000128781
317.14	0.000128567
317.16	0.000128351
317.18	0.000128133
317.2	0.000127914
317.22	0.000127694
317.24	0.000127472
317.26	0.000127249
317.28	0.000127025
317.3	0.0001268
317.32	0.000126574
317.34	0.000126347
317.36	0.000126119
317.38	0.00012589
317.4	0.00012566
317.42	0.00012543
317.44	0.000125199
317.46	0.000124967
317.48	0.000124735
317.5	0.000124502
317.52	0.000124269
317.54	0.000124035
317.56	0.000123801
317.58	0.000123566
317.6	0.000123332
317.62	0.000123096
317.64	0.000122861
317.66	0.000122626
317.68	0.00012239
317.7	0.000122154
317.72	0.000121918
317.74	0.000121682
317.76	0.000121446
317.78	0.00012121
317.8	0.000120974
317.82	0.000120738
317.84	0.000120502
317.86	0.000120266
317.88	0.00012003
317.9	0.000119795
317.92	0.000119559
317.94	0.000119324
317.96	0.000119089
317.98	0.000118854
318	0.000118619
318.02	0.000118384
318.04	0.00011815
318.06	0.000117916
318.08	0.000117683
318.1	0.000117449
318.12	0.000117216
318.14	0.000116984
318.16	0.000116751
318.18	0.000116519
318.2	0.000116288
318.22	0.000116057
318.24	0.000115826
318.26	0.000115595
318.28	0.000115365
318.3	0.000115136
318.32	0.000114906
318.34	0.000114678
318.36	0.000114449
318.38	0.000114222
318.4	0.000113994
318.42	0.000113767
318.44	0.000113541
318.46	0.000113315
318.48	0.000113089
318.5	0.000112864
318.52	0.00011264
318.54	0.000112416
318.56	0.000112192
318.58	0.000111969
318.6	0.000111747
318.62	0.000111525
318.64	0.000111303
318.66	0.000111082
318.68	0.000110862
318.7	0.000110642
318.72	0.000110422
318.74	0.000110203
318.76	0.000109985
318.78	0.000109767
318.8	0.00010955
318.82	0.000109333
318.84	0.000109117
318.86	0.000108901
318.88	0.000108686
318.9	0.000108471
318.92	0.000108257
318.94	0.000108044
318.96	0.000107831
318.98	0.000107618
319	0.000107406
319.02	0.000107195
319.04	0.000106984
319.06	0.000106774
319.08	0.000106564
319.1	0.000106355
319.12	0.000106146
319.14	0.000105938
319.16	0.000105731
319.18	0.000105524
319.2	0.000105317
319.22	0.000105111
319.24	0.000104906
319.26	0.000104701
319.28	0.000104496
319.3	0.000104293
319.32	0.000104089
319.34	0.000103886
319.36	0.000103684
319.38	0.000103483
319.4	0.000103281
319.42	0.000103081
319.44	0.000102881
319.46	0.000102681
319.48	0.000102482
319.5	0.000102283
319.52	0.000102085
319.54	0.000101888
319.56	0.000101691
319.58	0.000101495
319.6	0.000101299
319.62	0.000101103
319.64	0.000100908
319.66	0.000100714
319.68	0.00010052
319.7	0.000100327
319.72	0.000100134
319.74	9.99414e-05
319.76	9.97495e-05
319.78	9.95582e-05
319.8	9.93673e-05
319.82	9.9177e-05
319.84	9.89871e-05
319.86	9.87977e-05
319.88	9.86089e-05
319.9	9.84205e-05
319.92	9.82326e-05
319.94	9.80453e-05
319.96	9.78584e-05
319.98	9.7672e-05
320	9.7486e-05
320.02	9.73006e-05
320.04	9.71156e-05
320.06	9.69312e-05
320.08	9.67472e-05
320.1	9.65637e-05
320.12	9.63806e-05
320.14	9.6198e-05
320.16	9.60159e-05
320.18	9.58343e-05
320.2	9.56532e-05
320.22	9.54725e-05
320.24	9.52923e-05
320.26	9.51125e-05
320.28	9.49332e-05
320.3	9.47544e-05
320.32	9.4576e-05
320.34	9.43981e-05
320.36	9.42206e-05
320.38	9.40436e-05
320.4	9.38671e-05
320.42	9.3691e-05
320.44	9.35153e-05
320.46	9.33401e-05
320.48	9.31654e-05
320.5	9.29911e-05
320.52	9.28172e-05
320.54	9.26438e-05
320.56	9.24708e-05
320.58	9.22983e-05
320.6	9.21262e-05
320.62	9.19545e-05
320.64	9.17833e-05
320.66	9.16125e-05
320.68	9.14422e-05
320.7	9.12722e-05
320.72	9.11027e-05
320.74	9.09337e-05
320.76	9.0765e-05
320.78	9.05968e-05
320.8	9.0429e-05
320.82	9.02616e-05
320.84	9.00947e-05
320.86	8.99282e-05
320.88	8.97621e-05
320.9	8.95964e-05
320.92	8.94311e-05
320.94	8.92662e-05
320.96	8.91018e-05
320.98	8.89378e-05
321	8.87741e-05
321.02	8.86109e-05
321.04	8.84481e-05
321.06	8.82857e-05
321.08	8.81237e-05
321.1	8.79621e-05
321.12	8.7801e-05
321.14	8.76402e-05
321.16	8.74798e-05
321.18	8.73198e-05
321.2	8.71602e-05
321.22	8.70011e-05
321.24	8.68423e-05
321.26	8.66839e-05
321.28	8.65259e-05
321.3	8.63683e-05
321.32	8.62111e-05
321.34	8.60542e-05
321.36	8.58978e-05
321.38	8.57417e-05
321.4	8.55861e-05
321.42	8.54308e-05
321.44	8.52759e-05
321.46	8.51214e-05
321.48	8.49673e-05
321.5	8.48136e-05
321.52	8.46602e-05
321.54	8.45072e-05
321.56	8.43546e-05
321.58	8.42024e-05
321.6	8.40505e-05
321.62	8.38991e-05
321.64	8.3748e-05
321.66	8.35973e-05
321.68	8.34469e-05
321.7	8.32969e-05
321.72	8.31473e-05
321.74	8.29981e-05
321.76	8.28492e-05
321.78	8.27007e-05
321.8	8.25526e-05
321.82	8.24048e-05
321.84	8.22574e-05
321.86	8.21103e-05
321.88	8.19637e-05
321.9	8.18173e-05
321.92	8.16714e-05
321.94	8.15258e-05
321.96	8.13805e-05
321.98	8.12357e-05
322	8.10911e-05
322.02	8.0947e-05
322.04	8.08032e-05
322.06	8.06597e-05
322.08	8.05166e-05
322.1	8.03738e-05
322.12	8.02314e-05
322.14	8.00894e-05
322.16	7.99477e-05
322.18	7.98064e-05
322.2	7.96654e-05
322.22	7.95247e-05
322.24	7.93844e-05
322.26	7.92444e-05
322.28	7.91048e-05
322.3	7.89656e-05
322.32	7.88266e-05
322.34	7.86881e-05
322.36	7.85498e-05
322.38	7.84119e-05
322.4	7.82744e-05
322.42	7.81372e-05
322.44	7.80003e-05
322.46	7.78638e-05
322.48	7.77276e-05
322.5	7.75917e-05
322.52	7.74562e-05
322.54	7.7321e-05
322.56	7.71861e-05
322.58	7.70516e-05
322.6	7.69174e-05
322.62	7.67836e-05
322.64	7.665e-05
322.66	7.65169e-05
322.68	7.6384e-05
322.7	7.62515e-05
322.72	7.61193e-05
322.74	7.59874e-05
322.76	7.58559e-05
322.78	7.57246e-05
322.8	7.55938e-05
322.82	7.54632e-05
322.84	7.5333e-05
322.86	7.5203e-05
322.88	7.50735e-05
322.9	7.49442e-05
322.92	7.48152e-05
322.94	7.46866e-05
322.96	7.45583e-05
322.98	7.44304e-05
323	7.43027e-05
323.02	7.41754e-05
323.04	7.40483e-05
323.06	7.39216e-05
323.08	7.37953e-05
323.1	7.36692e-05
323.12	7.35435e-05
323.14	7.3418e-05
323.16	7.32929e-05
323.18	7.31681e-05
323.2	7.30436e-05
323.22	7.29195e-05
323.24	7.27956e-05
323.26	7.26721e-05
323.28	7.25488e-05
323.3	7.24259e-05
323.32	7.23033e-05
323.34	7.2181e-05
323.36	7.2059e-05
323.38	7.19373e-05
323.4	7.1816e-05
323.42	7.16949e-05
323.44	7.15742e-05
323.46	7.14537e-05
323.48	7.13336e-05
323.5	7.12137e-05
323.52	7.10942e-05
323.54	7.0975e-05
323.56	7.08561e-05
323.58	7.07375e-05
323.6	7.06192e-05
323.62	7.05012e-05
323.64	7.03835e-05
323.66	7.02661e-05
323.68	7.0149e-05
323.7	7.00322e-05
323.72	6.99157e-05
323.74	6.97995e-05
323.76	6.96836e-05
323.78	6.9568e-05
323.8	6.94528e-05
323.82	6.93378e-05
323.84	6.92231e-05
323.86	6.91087e-05
323.88	6.89946e-05
323.9	6.88808e-05
323.92	6.87673e-05
323.94	6.86541e-05
323.96	6.85412e-05
323.98	6.84286e-05
324	6.83162e-05
324.02	6.82042e-05
324.04	6.80925e-05
324.06	6.79811e-05
324.08	6.78699e-05
324.1	6.77591e-05
324.12	6.76485e-05
324.14	6.75383e-05
324.16	6.74283e-05
324.18	6.73186e-05
324.2	6.72092e-05
324.22	6.71001e-05
324.24	6.69913e-05
324.26	6.68828e-05
324.28	6.67746e-05
324.3	6.66667e-05
324.32	6.6559e-05
324.34	6.64517e-05
324.36	6.63446e-05
324.38	6.62378e-05
324.4	6.61313e-05
324.42	6.60251e-05
324.44	6.59192e-05
324.46	6.58136e-05
324.48	6.57083e-05
324.5	6.56032e-05
324.52	6.54984e-05
324.54	6.53939e-05
324.56	6.52898e-05
324.58	6.51858e-05
324.6	6.50822e-05
324.62	6.49789e-05
324.64	6.48758e-05
324.66	6.47731e-05
324.68	6.46706e-05
324.7	6.45684e-05
324.72	6.44664e-05
324.74	6.43648e-05
324.76	6.42635e-05
324.78	6.41624e-05
324.8	6.40616e-05
324.82	6.39611e-05
324.84	6.38609e-05
324.86	6.37609e-05
324.88	6.36613e-05
324.9	6.35619e-05
324.92	6.34628e-05
324.94	6.3364e-05
324.96	6.32654e-05
324.98	6.31672e-05
325	6.30692e-05
325.02	6.29715e-05
325.04	6.28741e-05
325.06	6.2777e-05
325.08	6.26801e-05
325.1	6.25835e-05
325.12	6.24872e-05
325.14	6.23912e-05
325.16	6.22955e-05
325.18	6.22e-05
325.2	6.21048e-05
325.22	6.20099e-05
325.24	6.19153e-05
325.26	6.1821e-05
325.28	6.17269e-05
325.3	6.16331e-05
325.32	6.15396e-05
325.34	6.14464e-05
325.36	6.13534e-05
325.38	6.12607e-05
325.4	6.11683e-05
325.42	6.10762e-05
325.44	6.09844e-05
325.46	6.08928e-05
325.48	6.08015e-05
325.5	6.07105e-05
325.52	6.06198e-05
325.54	6.05293e-05
325.56	6.04391e-05
325.58	6.03492e-05
325.6	6.02596e-05
325.62	6.01703e-05
325.64	6.00812e-05
325.66	5.99924e-05
325.68	5.99039e-05
325.7	5.98156e-05
325.72	5.97277e-05
325.74	5.964e-05
325.76	5.95526e-05
325.78	5.94655e-05
325.8	5.93786e-05
325.82	5.9292e-05
325.84	5.92057e-05
325.86	5.91197e-05
325.88	5.9034e-05
325.9	5.89485e-05
325.92	5.88633e-05
325.94	5.87784e-05
325.96	5.86938e-05
325.98	5.86094e-05
326	5.85254e-05
326.02	5.84416e-05
326.04	5.83581e-05
326.06	5.82748e-05
326.08	5.81919e-05
326.1	5.81092e-05
326.12	5.80268e-05
326.14	5.79447e-05
326.16	5.78628e-05
326.18	5.77813e-05
326.2	5.77e-05
326.22	5.7619e-05
326.24	5.75383e-05
326.26	5.74578e-05
326.28	5.73777e-05
326.3	5.72978e-05
326.32	5.72182e-05
326.34	5.71389e-05
326.36	5.70598e-05
326.38	5.69811e-05
326.4	5.69026e-05
326.42	5.68245e-05
326.44	5.67466e-05
326.46	5.66689e-05
326.48	5.65916e-05
326.5	5.65146e-05
326.52	5.64378e-05
326.54	5.63613e-05
326.56	5.62852e-05
326.58	5.62093e-05
326.6	5.61336e-05
326.62	5.60583e-05
326.64	5.59833e-05
326.66	5.59085e-05
326.68	5.58341e-05
326.7	5.57599e-05
326.72	5.5686e-05
326.74	5.56124e-05
326.76	5.55391e-05
326.78	5.54661e-05
326.8	5.53934e-05
326.82	5.5321e-05
326.84	5.52489e-05
326.86	5.5177e-05
326.88	5.51055e-05
326.9	5.50342e-05
326.92	5.49633e-05
326.94	5.48927e-05
326.96	5.48223e-05
326.98	5.47523e-05
327	5.46825e-05
327.02	5.46131e-05
327.04	5.45439e-05
327.06	5.44751e-05
327.08	5.44065e-05
327.1	5.43383e-05
327.12	5.42703e-05
327.14	5.42027e-05
327.16	5.41354e-05
327.18	5.40684e-05
327.2	5.40017e-05
327.22	5.39353e-05
327.24	5.38692e-05
327.26	5.38034e-05
327.28	5.3738e-05
327.3	5.36728e-05
327.32	5.3608e-05
327.34	5.35435e-05
327.36	5.34793e-05
327.38	5.34154e-05
327.4	5.33519e-05
327.42	5.32887e-05
327.44	5.32258e-05
327.46	5.31632e-05
327.48	5.31009e-05
327.5	5.3039e-05
327.52	5.29774e-05
327.54	5.29162e-05
327.56	5.28552e-05
327.58	5.27946e-05
327.6	5.27344e-05
327.62	5.26745e-05
327.64	5.26149e-05
327.66	5.25557e-05
327.68	5.24968e-05
327.7	5.24382e-05
327.72	5.238e-05
327.74	5.23222e-05
327.76	5.22647e-05
327.78	5.22076e-05
327.8	5.21508e-05
327.82	5.20944e-05
327.84	5.20383e-05
327.86	5.19826e-05
327.88	5.19273e-05
327.9	5.18724e-05
327.92	5.18178e-05
327.94	5.17636e-05
327.96	5.17098e-05
327.98	5.16563e-05
328	5.16032e-05
328.02	5.15506e-05
328.04	5.14983e-05
328.06	5.14464e-05
328.08	5.13949e-05
328.1	5.13438e-05
328.12	5.12931e-05
328.14	5.12428e-05
328.16	5.11929e-05
328.18	5.11435e-05
328.2	5.10944e-05
328.22	5.10458e-05
328.24	5.09976e-05
328.26	5.09499e-05
328.28	5.09025e-05
328.3	5.08557e-05
328.32	5.08092e-05
328.34	5.07632e-05
328.36	5.07177e-05
328.38	5.06726e-05
328.4	5.0628e-05
328.42	5.05839e-05
328.44	5.05403e-05
328.46	5.04971e-05
328.48	5.04544e-05
328.5	5.04123e-05
328.52	5.03706e-05
328.54	5.03294e-05
328.56	5.02888e-05
328.58	5.02487e-05
328.6	5.02091e-05
328.62	5.01701e-05
328.64	5.01316e-05
328.66	5.00936e-05
328.68	5.00563e-05
328.7	5.00195e-05
328.72	4.99833e-05
328.74	4.99477e-05
328.76	4.99127e-05
328.78	4.98784e-05
328.8	4.98446e-05
328.82	4.98115e-05
328.84	4.97791e-05
328.86	4.97473e-05
328.88	4.97162e-05
328.9	4.96859e-05
328.92	4.96562e-05
328.94	4.96272e-05
328.96	4.9599e-05
328.98	4.95716e-05
329	4.9545e-05
329.02	4.95191e-05
329.04	4.94941e-05
329.06	4.94699e-05
329.08	4.94466e-05
329.1	4.94241e-05
329.12	4.94026e-05
329.14	4.9382e-05
329.16	4.93624e-05
329.18	4.93438e-05
329.2	4.93262e-05
329.22	4.93097e-05
329.24	4.92943e-05
329.26	4.928e-05
329.28	4.92669e-05
329.3	4.92551e-05
329.32	4.92445e-05
329.34	4.92352e-05
329.36	4.92273e-05
329.38	4.92208e-05
329.4	4.92159e-05
329.42	4.92125e-05
329.44	4.92107e-05
329.46	4.92106e-05
329.48	4.92124e-05
329.5	4.92161e-05
329.52	4.92218e-05
329.54	4.92296e-05
329.56	4.92396e-05
329.58	4.9252e-05
329.6	4.9267e-05
329.62	4.92847e-05
329.64	4.93054e-05
329.66	4.93291e-05
329.68	4.93563e-05
329.7	4.93871e-05
329.72	4.94218e-05
329.74	4.9461e-05
329.76	4.95049e-05
329.78	4.95541e-05
329.8	4.96091e-05
329.82	4.96707e-05
329.84	4.97397e-05
329.86	4.98171e-05
329.88	4.99041e-05
329.9	5.00024e-05
329.92	5.01139e-05
329.94	5.02411e-05
329.96	5.03875e-05
329.98	5.05578e-05
330	5.07587e-05
330.02	5.09999e-05
330.04	5.12971e-05
330.06	5.1676e-05
330.08	5.21846e-05
330.1	5.29209e-05
330.12	5.41103e-05
330.14	5.62562e-05
330.16	6.00655e-05
330.18	6.57035e-05
330.2	7.2526e-05
330.22	8.00414e-05
330.24	8.83183e-05
330.26	9.74571e-05
330.28	0.000107222
330.3	0.000117262
330.32	0.00012731
330.34	0.000137098
330.36	0.000146284
330.38	0.000154481
330.4	0.000161336
330.42	0.000166641
330.44	0.000170377
330.46	0.000172661
330.48	0.000173668
330.5	0.000173583
330.52	0.000172598
330.54	0.000170914
330.56	0.000168734
330.58	0.000166244
330.6	0.000163597
330.62	0.000160912
330.64	0.000158274
330.66	0.000155739
330.68	0.000153343
330.7	0.000151107
330.72	0.000149038
330.74	0.000147139
330.76	0.000145405
330.78	0.000143828
330.8	0.000142398
330.82	0.000141106
330.84	0.000139941
330.86	0.000138891
330.88	0.000137945
330.9	0.000137095
330.92	0.000136331
330.94	0.000135644
330.96	0.000135028
330.98	0.000134475
331	0.000133979
331.02	0.000133534
331.04	0.000133137
331.06	0.000132783
331.08	0.000132468
331.1	0.000132189
331.12	0.000131942
331.14	0.000131726
331.16	0.000131538
331.18	0.000131376
331.2	0.000131238
331.22	0.000131123
331.24	0.000131029
331.26	0.000130955
331.28	0.000130899
331.3	0.00013086
331.32	0.000130838
331.34	0.000130831
331.36	0.000130838
331.38	0.000130859
331.4	0.000130892
331.42	0.000130937
331.44	0.000130993
331.46	0.000131059
331.48	0.000131135
331.5	0.000131219
331.52	0.000131311
331.54	0.000131411
331.56	0.000131517
331.58	0.000131629
331.6	0.000131746
331.62	0.000131868
331.64	0.000131994
331.66	0.000132123
331.68	0.000132256
331.7	0.00013239
331.72	0.000132526
331.74	0.000132663
331.76	0.0001328
331.78	0.000132938
331.8	0.000133075
331.82	0.000133212
331.84	0.000133347
331.86	0.00013348
331.88	0.00013361
331.9	0.000133739
331.92	0.000133864
331.94	0.000133985
331.96	0.000134103
331.98	0.000134217
332	0.000134327
332.02	0.000134432
332.04	0.000134532
332.06	0.000134627
332.08	0.000134717
332.1	0.000134801
332.12	0.000134879
332.14	0.000134951
332.16	0.000135018
332.18	0.000135078
332.2	0.000135132
332.22	0.000135179
332.24	0.00013522
332.26	0.000135254
332.28	0.000135282
332.3	0.000135303
332.32	0.000135318
332.34	0.000135325
332.36	0.000135326
332.38	0.000135321
332.4	0.000135308
332.42	0.000135289
332.44	0.000135264
332.46	0.000135232
332.48	0.000135193
332.5	0.000135148
332.52	0.000135097
332.54	0.00013504
332.56	0.000134976
332.58	0.000134906
332.6	0.000134831
332.62	0.000134749
332.64	0.000134662
332.66	0.000134569
332.68	0.000134471
332.7	0.000134367
332.72	0.000134258
332.74	0.000134143
332.76	0.000134024
332.78	0.0001339
332.8	0.000133771
332.82	0.000133637
332.84	0.000133499
332.86	0.000133356
332.88	0.000133209
332.9	0.000133058
332.92	0.000132903
332.94	0.000132744
332.96	0.000132581
332.98	0.000132415
333	0.000132245
333.02	0.000132072
333.04	0.000131895
333.06	0.000131715
333.08	0.000131532
333.1	0.000131347
333.12	0.000131158
333.14	0.000130967
333.16	0.000130773
333.18	0.000130576
333.2	0.000130377
333.22	0.000130176
333.24	0.000129973
333.26	0.000129767
333.28	0.000129559
333.3	0.00012935
333.32	0.000129138
333.34	0.000128925
333.36	0.000128711
333.38	0.000128494
333.4	0.000128276
333.42	0.000128057
333.44	0.000127836
333.46	0.000127614
333.48	0.000127391
333.5	0.000127167
333.52	0.000126941
333.54	0.000126715
333.56	0.000126487
333.58	0.000126259
333.6	0.00012603
333.62	0.0001258
333.64	0.000125569
333.66	0.000125338
333.68	0.000125106
333.7	0.000124874
333.72	0.000124641
333.74	0.000124407
333.76	0.000124173
333.78	0.000123939
333.8	0.000123704
333.82	0.000123469
333.84	0.000123234
333.86	0.000122998
333.88	0.000122763
333.9	0.000122527
333.92	0.000122291
333.94	0.000122054
333.96	0.000121818
333.98	0.000121582
334	0.000121346
334.02	0.000121109
334.04	0.000120873
334.06	0.000120637
334.08	0.000120401
334.1	0.000120165
334.12	0.000119929
334.14	0.000119694
334.16	0.000119458
334.18	0.000119223
334.2	0.000118988
334.22	0.000118753
334.24	0.000118518
334.26	0.000118284
334.28	0.00011805
334.3	0.000117816
334.32	0.000117583
334.34	0.000117349
334.36	0.000117117
334.38	0.000116884
334.4	0.000116652
334.42	0.00011642
334.44	0.000116189
334.46	0.000115958
334.48	0.000115727
334.5	0.000115497
334.52	0.000115267
334.54	0.000115038
334.56	0.000114809
334.58	0.000114581
334.6	0.000114353
334.62	0.000114125
334.64	0.000113898
334.66	0.000113672
334.68	0.000113445
334.7	0.00011322
334.72	0.000112995
334.74	0.00011277
334.76	0.000112546
334.78	0.000112322
334.8	0.000112099
334.82	0.000111876
334.84	0.000111654
334.86	0.000111433
334.88	0.000111212
334.9	0.000110991
334.92	0.000110771
334.94	0.000110551
334.96	0.000110332
334.98	0.000110114
335	0.000109896
335.02	0.000109678
335.04	0.000109462
335.06	0.000109245
335.08	0.000109029
335.1	0.000108814
335.12	0.000108599
335.14	0.000108385
335.16	0.000108172
335.18	0.000107959
335.2	0.000107746
335.22	0.000107534
335.24	0.000107322
335.26	0.000107111
335.28	0.000106901
335.3	0.000106691
335.32	0.000106482
335.34	0.000106273
335.36	0.000106065
335.38	0.000105857
335.4	0.00010565
335.42	0.000105443
335.44	0.000105237
335.46	0.000105032
335.48	0.000104827
335.5	0.000104622
335.52	0.000104418
335.54	0.000104215
335.56	0.000104012
335.58	0.00010381
335.6	0.000103608
335.62	0.000103407
335.64	0.000103206
335.66	0.000103006
335.68	0.000102806
335.7	0.000102607
335.72	0.000102408
335.74	0.00010221
335.76	0.000102013
335.78	0.000101816
335.8	0.000101619
335.82	0.000101423
335.84	0.000101227
335.86	0.000101032
335.88	0.000100838
335.9	0.000100644
335.92	0.00010045
335.94	0.000100257
335.96	0.000100065
335.98	9.98731e-05
336	9.96816e-05
336.02	9.94907e-05
336.04	9.93002e-05
336.06	9.91103e-05
336.08	9.89208e-05
336.1	9.87319e-05
336.12	9.85434e-05
336.14	9.83554e-05
336.16	9.8168e-05
336.18	9.7981e-05
336.2	9.77945e-05
336.22	9.76085e-05
336.24	9.74229e-05
336.26	9.72379e-05
336.28	9.70533e-05
336.3	9.68692e-05
336.32	9.66856e-05
336.34	9.65025e-05
336.36	9.63198e-05
336.38	9.61376e-05
336.4	9.59559e-05
336.42	9.57747e-05
336.44	9.55939e-05
336.46	9.54136e-05
336.48	9.52337e-05
336.5	9.50543e-05
336.52	9.48754e-05
336.54	9.46969e-05
336.56	9.45189e-05
336.58	9.43414e-05
336.6	9.41643e-05
336.62	9.39877e-05
336.64	9.38115e-05
336.66	9.36357e-05
336.68	9.34605e-05
336.7	9.32856e-05
336.72	9.31112e-05
336.74	9.29373e-05
336.76	9.27638e-05
336.78	9.25907e-05
336.8	9.24181e-05
336.82	9.22459e-05
336.84	9.20742e-05
336.86	9.19029e-05
336.88	9.1732e-05
336.9	9.15616e-05
336.92	9.13915e-05
336.94	9.1222e-05
336.96	9.10528e-05
336.98	9.08841e-05
337	9.07158e-05
337.02	9.05479e-05
337.04	9.03805e-05
337.06	9.02134e-05
337.08	9.00468e-05
337.1	8.98806e-05
337.12	8.97149e-05
337.14	8.95495e-05
337.16	8.93846e-05
337.18	8.92201e-05
337.2	8.90559e-05
337.22	8.88922e-05
337.24	8.8729e-05
337.26	8.85661e-05
337.28	8.84036e-05
337.3	8.82415e-05
337.32	8.80799e-05
337.34	8.79186e-05
337.36	8.77578e-05
337.38	8.75973e-05
337.4	8.74372e-05
337.42	8.72776e-05
337.44	8.71183e-05
337.46	8.69595e-05
337.48	8.6801e-05
337.5	8.66429e-05
337.52	8.64853e-05
337.54	8.6328e-05
337.56	8.61711e-05
337.58	8.60146e-05
337.6	8.58584e-05
337.62	8.57027e-05
337.64	8.55474e-05
337.66	8.53924e-05
337.68	8.52378e-05
337.7	8.50837e-05
337.72	8.49298e-05
337.74	8.47764e-05
337.76	8.46234e-05
337.78	8.44707e-05
337.8	8.43184e-05
337.82	8.41665e-05
337.84	8.4015e-05
337.86	8.38638e-05
337.88	8.3713e-05
337.9	8.35626e-05
337.92	8.34125e-05
337.94	8.32629e-05
337.96	8.31136e-05
337.98	8.29646e-05
338	8.28161e-05
338.02	8.26679e-05
338.04	8.252e-05
338.06	8.23726e-05
338.08	8.22255e-05
338.1	8.20787e-05
338.12	8.19323e-05
338.14	8.17863e-05
338.16	8.16406e-05
338.18	8.14953e-05
338.2	8.13504e-05
338.22	8.12058e-05
338.24	8.10616e-05
338.26	8.09177e-05
338.28	8.07742e-05
338.3	8.0631e-05
338.32	8.04882e-05
338.34	8.03458e-05
338.36	8.02037e-05
338.38	8.00619e-05
338.4	7.99205e-05
338.42	7.97795e-05
338.44	7.96388e-05
338.46	7.94984e-05
338.48	7.93584e-05
338.5	7.92187e-05
338.52	7.90794e-05
338.54	7.89404e-05
338.56	7.88018e-05
338.58	7.86635e-05
338.6	7.85256e-05
338.62	7.8388e-05
338.64	7.82507e-05
338.66	7.81138e-05
338.68	7.79772e-05
338.7	7.78409e-05
338.72	7.7705e-05
338.74	7.75695e-05
338.76	7.74342e-05
338.78	7.72993e-05
338.8	7.71647e-05
338.82	7.70305e-05
338.84	7.68966e-05
338.86	7.6763e-05
338.88	7.66298e-05
338.9	7.64969e-05
338.92	7.63643e-05
338.94	7.62321e-05
338.96	7.61002e-05
338.98	7.59686e-05
339	7.58373e-05
339.02	7.57064e-05
339.04	7.55758e-05
339.06	7.54455e-05
339.08	7.53156e-05
339.1	7.51859e-05
339.12	7.50566e-05
339.14	7.49276e-05
339.16	7.4799e-05
339.18	7.46707e-05
339.2	7.45426e-05
339.22	7.44149e-05
339.24	7.42876e-05
339.26	7.41605e-05
339.28	7.40338e-05
339.3	7.39074e-05
339.32	7.37813e-05
339.34	7.36555e-05
339.36	7.353e-05
339.38	7.34049e-05
339.4	7.328e-05
339.42	7.31555e-05
339.44	7.30313e-05
339.46	7.29074e-05
339.48	7.27838e-05
339.5	7.26606e-05
339.52	7.25376e-05
339.54	7.2415e-05
339.56	7.22927e-05
339.58	7.21707e-05
339.6	7.20489e-05
339.62	7.19276e-05
339.64	7.18065e-05
339.66	7.16857e-05
339.68	7.15652e-05
339.7	7.14451e-05
339.72	7.13252e-05
339.74	7.12056e-05
339.76	7.10864e-05
339.78	7.09675e-05
339.8	7.08488e-05
339.82	7.07305e-05
339.84	7.06125e-05
339.86	7.04948e-05
339.88	7.03773e-05
339.9	7.02602e-05
339.92	7.01434e-05
339.94	7.00269e-05
339.96	6.99107e-05
339.98	6.97948e-05
340	6.96792e-05
340.02	6.95639e-05
340.04	6.94489e-05
340.06	6.93342e-05
340.08	6.92198e-05
340.1	6.91056e-05
340.12	6.89918e-05
340.14	6.88783e-05
340.16	6.87651e-05
340.18	6.86522e-05
340.2	6.85396e-05
340.22	6.84272e-05
340.24	6.83152e-05
340.26	6.82035e-05
340.28	6.8092e-05
340.3	6.79809e-05
340.32	6.787e-05
340.34	6.77595e-05
340.36	6.76492e-05
340.38	6.75392e-05
340.4	6.74295e-05
340.42	6.73201e-05
340.44	6.7211e-05
340.46	6.71022e-05
340.48	6.69937e-05
340.5	6.68855e-05
340.52	6.67775e-05
340.54	6.66699e-05
340.56	6.65625e-05
340.58	6.64555e-05
340.6	6.63487e-05
340.62	6.62422e-05
340.64	6.6136e-05
340.66	6.60301e-05
340.68	6.59245e-05
340.7	6.58191e-05
340.72	6.57141e-05
340.74	6.56093e-05
340.76	6.55049e-05
340.78	6.54007e-05
340.8	6.52968e-05
340.82	6.51932e-05
340.84	6.50898e-05
340.86	6.49868e-05
340.88	6.4884e-05
340.9	6.47815e-05
340.92	6.46793e-05
340.94	6.45774e-05
340.96	6.44758e-05
340.98	6.43745e-05
341	6.42734e-05
341.02	6.41727e-05
341.04	6.40722e-05
341.06	6.3972e-05
341.08	6.3872e-05
341.1	6.37724e-05
341.12	6.3673e-05
341.14	6.35739e-05
341.16	6.34752e-05
341.18	6.33766e-05
341.2	6.32784e-05
341.22	6.31805e-05
341.24	6.30828e-05
341.26	6.29854e-05
341.28	6.28883e-05
341.3	6.27915e-05
341.32	6.26949e-05
341.34	6.25987e-05
341.36	6.25027e-05
341.38	6.2407e-05
341.4	6.23115e-05
341.42	6.22164e-05
341.44	6.21215e-05
341.46	6.20269e-05
341.48	6.19326e-05
341.5	6.18386e-05
341.52	6.17448e-05
341.54	6.16514e-05
341.56	6.15582e-05
341.58	6.14653e-05
341.6	6.13726e-05
341.62	6.12803e-05
341.64	6.11882e-05
341.66	6.10964e-05
341.68	6.10049e-05
341.7	6.09136e-05
341.72	6.08227e-05
341.74	6.0732e-05
341.76	6.06416e-05
341.78	6.05514e-05
341.8	6.04616e-05
341.82	6.0372e-05
341.84	6.02827e-05
341.86	6.01937e-05
341.88	6.0105e-05
341.9	6.00165e-05
341.92	5.99283e-05
341.94	5.98404e-05
341.96	5.97528e-05
341.98	5.96655e-05
342	5.95784e-05
342.02	5.94916e-05
342.04	5.94051e-05
342.06	5.93189e-05
342.08	5.92329e-05
342.1	5.91473e-05
342.12	5.90619e-05
342.14	5.89767e-05
342.16	5.88919e-05
342.18	5.88074e-05
342.2	5.87231e-05
342.22	5.86391e-05
342.24	5.85554e-05
342.26	5.84719e-05
342.28	5.83888e-05
342.3	5.83059e-05
342.32	5.82233e-05
342.34	5.8141e-05
342.36	5.8059e-05
342.38	5.79772e-05
342.4	5.78957e-05
342.42	5.78146e-05
342.44	5.77336e-05
342.46	5.7653e-05
342.48	5.75727e-05
342.5	5.74926e-05
342.52	5.74128e-05
342.54	5.73334e-05
342.56	5.72541e-05
342.58	5.71752e-05
342.6	5.70966e-05
342.62	5.70182e-05
342.64	5.69401e-05
342.66	5.68624e-05
342.68	5.67849e-05
342.7	5.67076e-05
342.72	5.66307e-05
342.74	5.65541e-05
342.76	5.64777e-05
342.78	5.64017e-05
342.8	5.63259e-05
342.82	5.62504e-05
342.84	5.61752e-05
342.86	5.61003e-05
342.88	5.60257e-05
342.9	5.59514e-05
342.92	5.58773e-05
342.94	5.58036e-05
342.96	5.57301e-05
342.98	5.5657e-05
343	5.55841e-05
343.02	5.55115e-05
343.04	5.54393e-05
343.06	5.53673e-05
343.08	5.52956e-05
343.1	5.52242e-05
343.12	5.51531e-05
343.14	5.50824e-05
343.16	5.50119e-05
343.18	5.49417e-05
343.2	5.48718e-05
343.22	5.48022e-05
343.24	5.4733e-05
343.26	5.4664e-05
343.28	5.45953e-05
343.3	5.4527e-05
343.32	5.44589e-05
343.34	5.43911e-05
343.36	5.43237e-05
343.38	5.42566e-05
343.4	5.41898e-05
343.42	5.41233e-05
343.44	5.40571e-05
343.46	5.39912e-05
343.48	5.39256e-05
343.5	5.38604e-05
343.52	5.37955e-05
343.54	5.37308e-05
343.56	5.36666e-05
343.58	5.36026e-05
343.6	5.35389e-05
343.62	5.34756e-05
343.64	5.34126e-05
343.66	5.335e-05
343.68	5.32876e-05
343.7	5.32256e-05
343.72	5.3164e-05
343.74	5.31026e-05
343.76	5.30416e-05
343.78	5.2981e-05
343.8	5.29206e-05
343.82	5.28607e-05
343.84	5.2801e-05
343.86	5.27417e-05
343.88	5.26828e-05
343.9	5.26242e-05
343.92	5.25659e-05
343.94	5.2508e-05
343.96	5.24505e-05
343.98	5.23933e-05
344	5.23365e-05
344.02	5.228e-05
344.04	5.22239e-05
344.06	5.21682e-05
344.08	5.21129e-05
344.1	5.20579e-05
344.12	5.20033e-05
344.14	5.1949e-05
344.16	5.18952e-05
344.18	5.18417e-05
344.2	5.17886e-05
344.22	5.1736e-05
344.24	5.16837e-05
344.26	5.16318e-05
344.28	5.15803e-05
344.3	5.15292e-05
344.32	5.14785e-05
344.34	5.14282e-05
344.36	5.13783e-05
344.38	5.13289e-05
344.4	5.12799e-05
344.42	5.12313e-05
344.44	5.11831e-05
344.46	5.11354e-05
344.48	5.10881e-05
344.5	5.10413e-05
344.52	5.09949e-05
344.54	5.0949e-05
344.56	5.09035e-05
344.58	5.08585e-05
344.6	5.0814e-05
344.62	5.077e-05
344.64	5.07264e-05
344.66	5.06833e-05
344.68	5.06407e-05
344.7	5.05987e-05
344.72	5.05571e-05
344.74	5.05161e-05
344.76	5.04755e-05
344.78	5.04355e-05
344.8	5.03961e-05
344.82	5.03572e-05
344.84	5.03189e-05
344.86	5.02811e-05
344.88	5.02439e-05
344.9	5.02073e-05
344.92	5.01713e-05
344.94	5.01359e-05
344.96	5.01011e-05
344.98	5.00669e-05
345	5.00334e-05
345.02	5.00005e-05
345.04	4.99683e-05
345.06	4.99368e-05
345.08	4.9906e-05
345.1	4.98759e-05
345.12	4.98465e-05
345.14	4.98178e-05
345.16	4.979e-05
345.18	4.97628e-05
345.2	4.97365e-05
345.22	4.9711e-05
345.24	4.96864e-05
345.26	4.96626e-05
345.28	4.96397e-05
345.3	4.96177e-05
345.32	4.95966e-05
345.34	4.95765e-05
345.36	4.95573e-05
345.38	4.95392e-05
345.4	4.95222e-05
345.42	4.95062e-05
345.44	4.94914e-05
345.46	4.94778e-05
345.48	4.94653e-05
345.5	4.94541e-05
345.52	4.94442e-05
345.54	4.94357e-05
345.56	4.94286e-05
345.58	4.9423e-05
345.6	4.94189e-05
345.62	4.94164e-05
345.64	4.94157e-05
345.66	4.94167e-05
345.68	4.94195e-05
345.7	4.94244e-05
345.72	4.94313e-05
345.74	4.94405e-05
345.76	4.9452e-05
345.78	4.9466e-05
345.8	4.94826e-05
345.82	4.95021e-05
345.84	4.95246e-05
345.86	4.95505e-05
345.88	4.95799e-05
345.9	4.96131e-05
345.92	4.96506e-05
345.94	4.96927e-05
345.96	4.97399e-05
345.98	4.97928e-05
346	4.98519e-05
346.02	4.99181e-05
346.04	4.99923e-05
346.06	5.00757e-05
346.08	5.01697e-05
346.1	5.02761e-05
346.12	5.03972e-05
346.14	5.05362e-05
346.16	5.0697e-05
346.18	5.08857e-05
346.2	5.11105e-05
346.22	5.13845e-05
346.24	5.17286e-05
346.26	5.21803e-05
346.28	5.28128e-05
346.3	5.37879e-05
346.32	5.54835e-05
346.34	5.85833e-05
346.36	6.35727e-05
346.38	7.00481e-05
346.4	7.7334e-05
346.42	8.53149e-05
346.44	9.4152e-05
346.46	0.00010374
346.48	0.000113732
346.5	0.000123826
346.52	0.000133767
346.54	0.000143244
346.56	0.00015188
346.58	0.000159296
346.6	0.000165218
346.62	0.000169554
346.64	0.000172379
346.66	0.000173854
346.68	0.000174163
346.7	0.000173496
346.72	0.00017205
346.74	0.000170028
346.76	0.000167628
346.78	0.000165015
346.8	0.000162323
346.82	0.000159648
346.84	0.000157058
346.86	0.000154596
346.88	0.000152288
346.9	0.000150147
346.92	0.000148175
346.94	0.000146372
346.96	0.000144729
346.98	0.000143238
347	0.00014189
347.02	0.000140672
347.04	0.000139575
347.06	0.000138587
347.08	0.000137698
347.1	0.000136898
347.12	0.00013618
347.14	0.000135535
347.16	0.000134956
347.18	0.000134436
347.2	0.000133971
347.22	0.000133555
347.24	0.000133183
347.26	0.000132852
347.28	0.000132558
347.3	0.000132298
347.32	0.000132069
347.34	0.00013187
347.36	0.000131697
347.38	0.000131549
347.4	0.000131425
347.42	0.000131322
347.44	0.000131239
347.46	0.000131176
347.48	0.00013113
347.5	0.000131101
347.52	0.000131088
347.54	0.00013109
347.56	0.000131105
347.58	0.000131133
347.6	0.000131174
347.62	0.000131225
347.64	0.000131287
347.66	0.000131359
347.68	0.00013144
347.7	0.000131529
347.72	0.000131626
347.74	0.000131729
347.76	0.000131839
347.78	0.000131954
347.8	0.000132074
347.82	0.000132199
347.84	0.000132327
347.86	0.000132458
347.88	0.000132591
347.9	0.000132727
347.92	0.000132863
347.94	0.000133001
347.96	0.000133139
347.98	0.000133276
348	0.000133413
348.02	0.000133548
348.04	0.000133682
348.06	0.000133814
348.08	0.000133943
348.1	0.000134069
348.12	0.000134193
348.14	0.000134312
348.16	0.000134428
348.18	0.000134539
348.2	0.000134646
348.22	0.000134748
348.24	0.000134845
348.26	0.000134936
348.28	0.000135023
348.3	0.000135103
348.32	0.000135178
348.34	0.000135247
348.36	0.000135309
348.38	0.000135365
348.4	0.000135415
348.42	0.000135458
348.44	0.000135495
348.46	0.000135526
348.48	0.000135549
348.5	0.000135566
348.52	0.000135576
348.54	0.00013558
348.56	0.000135577
348.58	0.000135567
348.6	0.00013555
348.62	0.000135527
348.64	0.000135498
348.66	0.000135462
348.68	0.000135419
348.7	0.00013537
348.72	0.000135315
348.74	0.000135254
348.76	0.000135186
348.78	0.000135113
348.8	0.000135033
348.82	0.000134948
348.84	0.000134857
348.86	0.000134761
348.88	0.000134659
348.9	0.000134551
348.92	0.000134439
348.94	0.000134321
348.96	0.000134199
348.98	0.000134071
349	0.000133939
349.02	0.000133803
349.04	0.000133661
349.06	0.000133516
349.08	0.000133366
349.1	0.000133212
349.12	0.000133055
349.14	0.000132893
349.16	0.000132728
349.18	0.000132559
349.2	0.000132387
349.22	0.000132211
349.24	0.000132032
349.26	0.00013185
349.28	0.000131665
349.3	0.000131478
349.32	0.000131287
349.34	0.000131094
349.36	0.000130898
349.38	0.0001307
349.4	0.000130499
349.42	0.000130296
349.44	0.000130091
349.46	0.000129884
349.48	0.000129675
349.5	0.000129464
349.52	0.000129251
349.54	0.000129037
349.56	0.000128821
349.58	0.000128603
349.6	0.000128384
349.62	0.000128164
349.64	0.000127942
349.66	0.000127719
349.68	0.000127495
349.7	0.000127269
349.72	0.000127043
349.74	0.000126815
349.76	0.000126587
349.78	0.000126358
349.8	0.000126128
349.82	0.000125897
349.84	0.000125666
349.86	0.000125434
349.88	0.000125201
349.9	0.000124968
349.92	0.000124735
349.94	0.000124501
349.96	0.000124266
349.98	0.000124031
350	0.000123796
350.02	0.00012356
350.04	0.000123325
350.06	0.000123089
350.08	0.000122852
350.1	0.000122616
350.12	0.00012238
350.14	0.000122143
350.16	0.000121907
350.18	0.00012167
350.2	0.000121434
350.22	0.000121197
350.24	0.00012096
350.26	0.000120724
350.28	0.000120488
350.3	0.000120252
350.32	0.000120015
350.34	0.00011978
350.36	0.000119544
350.38	0.000119308
350.4	0.000119073
350.42	0.000118838
350.44	0.000118603
350.46	0.000118369
350.48	0.000118134
350.5	0.000117901
350.52	0.000117667
350.54	0.000117434
350.56	0.000117201
350.58	0.000116968
350.6	0.000116736
350.62	0.000116504
350.64	0.000116273
350.66	0.000116042
350.68	0.000115811
350.7	0.000115581
350.72	0.000115351
350.74	0.000115122
350.76	0.000114893
350.78	0.000114664
350.8	0.000114436
350.82	0.000114209
350.84	0.000113981
350.86	0.000113755
350.88	0.000113529
350.9	0.000113303
350.92	0.000113078
350.94	0.000112853
350.96	0.000112629
350.98	0.000112405
351	0.000112182
351.02	0.00011196
351.04	0.000111737
351.06	0.000111516
351.08	0.000111295
351.1	0.000111074
351.12	0.000110854
351.14	0.000110635
351.16	0.000110416
351.18	0.000110197
351.2	0.000109979
351.22	0.000109762
351.24	0.000109545
351.26	0.000109329
351.28	0.000109113
351.3	0.000108897
351.32	0.000108683
351.34	0.000108469
351.36	0.000108255
351.38	0.000108042
351.4	0.000107829
351.42	0.000107617
351.44	0.000107406
351.46	0.000107195
351.48	0.000106985
351.5	0.000106775
351.52	0.000106565
351.54	0.000106357
351.56	0.000106149
351.58	0.000105941
351.6	0.000105734
351.62	0.000105527
351.64	0.000105321
351.66	0.000105116
351.68	0.000104911
351.7	0.000104706
351.72	0.000104502
351.74	0.000104299
351.76	0.000104096
351.78	0.000103894
351.8	0.000103692
351.82	0.000103491
351.84	0.00010329
351.86	0.00010309
351.88	0.00010289
351.9	0.000102691
351.92	0.000102493
351.94	0.000102294
351.96	0.000102097
351.98	0.0001019
352	0.000101703
352.02	0.000101507
352.04	0.000101312
352.06	0.000101117
352.08	0.000100922
352.1	0.000100728
352.12	0.000100535
352.14	0.000100342
352.16	0.00010015
352.18	9.99577e-05
352.2	9.97663e-05
352.22	9.95754e-05
352.24	9.93849e-05
352.26	9.9195e-05
352.28	9.90056e-05
352.3	9.88167e-05
352.32	9.86282e-05
352.34	9.84403e-05
352.36	9.82528e-05
352.38	9.80659e-05
352.4	9.78794e-05
352.42	9.76934e-05
352.44	9.75079e-05
352.46	9.73229e-05
352.48	9.71383e-05
352.5	9.69543e-05
352.52	9.67707e-05
352.54	9.65876e-05
352.56	9.64049e-05
352.58	9.62228e-05
352.6	9.60411e-05
352.62	9.58599e-05
352.64	9.56791e-05
352.66	9.54988e-05
352.68	9.5319e-05
352.7	9.51396e-05
352.72	9.49607e-05
352.74	9.47823e-05
352.76	9.46043e-05
352.78	9.44268e-05
352.8	9.42497e-05
352.82	9.40731e-05
352.84	9.38969e-05
352.86	9.37212e-05
352.88	9.35459e-05
352.9	9.33711e-05
352.92	9.31967e-05
352.94	9.30228e-05
352.96	9.28493e-05
352.98	9.26763e-05
353	9.25037e-05
353.02	9.23315e-05
353.04	9.21598e-05
353.06	9.19885e-05
353.08	9.18176e-05
353.1	9.16472e-05
353.12	9.14772e-05
353.14	9.13076e-05
353.16	9.11385e-05
353.18	9.09698e-05
353.2	9.08015e-05
353.22	9.06337e-05
353.24	9.04662e-05
353.26	9.02992e-05
353.28	9.01326e-05
353.3	8.99664e-05
353.32	8.98007e-05
353.34	8.96353e-05
353.36	8.94704e-05
353.38	8.93059e-05
353.4	8.91418e-05
353.42	8.89781e-05
353.44	8.88148e-05
353.46	8.8652e-05
353.48	8.84895e-05
353.5	8.83275e-05
353.52	8.81658e-05
353.54	8.80046e-05
353.56	8.78437e-05
353.58	8.76833e-05
353.6	8.75232e-05
353.62	8.73636e-05
353.64	8.72043e-05
353.66	8.70455e-05
353.68	8.6887e-05
353.7	8.6729e-05
353.72	8.65713e-05
353.74	8.6414e-05
353.76	8.62571e-05
353.78	8.61006e-05
353.8	8.59445e-05
353.82	8.57888e-05
353.84	8.56335e-05
353.86	8.54785e-05
353.88	8.5324e-05
353.9	8.51698e-05
353.92	8.5016e-05
353.94	8.48626e-05
353.96	8.47095e-05
353.98	8.45569e-05
354	8.44046e-05
354.02	8.42527e-05
354.04	8.41012e-05
354.06	8.395e-05
354.08	8.37992e-05
354.1	8.36488e-05
354.12	8.34988e-05
354.14	8.33491e-05
354.16	8.31998e-05
354.18	8.30509e-05
354.2	8.29023e-05
354.22	8.27541e-05
354.24	8.26063e-05
354.26	8.24589e-05
354.28	8.23118e-05
354.3	8.2165e-05
354.32	8.20187e-05
354.34	8.18727e-05
354.36	8.1727e-05
354.38	8.15817e-05
354.4	8.14368e-05
354.42	8.12922e-05
354.44	8.1148e-05
354.46	8.10041e-05
354.48	8.08606e-05
354.5	8.07175e-05
354.52	8.05747e-05
354.54	8.04322e-05
354.56	8.02901e-05
354.58	8.01484e-05
354.6	8.0007e-05
354.62	7.9866e-05
354.64	7.97253e-05
354.66	7.95849e-05
354.68	7.94449e-05
354.7	7.93053e-05
354.72	7.9166e-05
354.74	7.9027e-05
354.76	7.88884e-05
354.78	7.87501e-05
354.8	7.86122e-05
354.82	7.84746e-05
354.84	7.83373e-05
354.86	7.82004e-05
354.88	7.80638e-05
354.9	7.79276e-05
354.92	7.77917e-05
354.94	7.76561e-05
354.96	7.75209e-05
354.98	7.7386e-05
355	7.72515e-05
355.02	7.71172e-05
355.04	7.69834e-05
355.06	7.68498e-05
355.08	7.67166e-05
355.1	7.65837e-05
355.12	7.64511e-05
355.14	7.63189e-05
355.16	7.6187e-05
355.18	7.60554e-05
355.2	7.59242e-05
355.22	7.57933e-05
355.24	7.56627e-05
355.26	7.55324e-05
355.28	7.54025e-05
355.3	7.52729e-05
355.32	7.51436e-05
355.34	7.50146e-05
355.36	7.4886e-05
355.38	7.47577e-05
355.4	7.46297e-05
355.42	7.4502e-05
355.44	7.43746e-05
355.46	7.42476e-05
355.48	7.41209e-05
355.5	7.39945e-05
355.52	7.38684e-05
355.54	7.37426e-05
355.56	7.36172e-05
355.58	7.34921e-05
355.6	7.33673e-05
355.62	7.32428e-05
355.64	7.31186e-05
355.66	7.29947e-05
355.68	7.28712e-05
355.7	7.27479e-05
355.72	7.2625e-05
355.74	7.25024e-05
355.76	7.23801e-05
355.78	7.22581e-05
355.8	7.21364e-05
355.82	7.2015e-05
355.84	7.1894e-05
355.86	7.17732e-05
355.88	7.16528e-05
355.9	7.15326e-05
355.92	7.14128e-05
355.94	7.12933e-05
355.96	7.1174e-05
355.98	7.10551e-05
356	7.09365e-05
356.02	7.08182e-05
356.04	7.07002e-05
356.06	7.05825e-05
356.08	7.04651e-05
356.1	7.03481e-05
356.12	7.02313e-05
356.14	7.01148e-05
356.16	6.99986e-05
356.18	6.98827e-05
356.2	6.97672e-05
356.22	6.96519e-05
356.24	6.95369e-05
356.26	6.94222e-05
356.28	6.93079e-05
356.3	6.91938e-05
356.32	6.908e-05
356.34	6.89665e-05
356.36	6.88533e-05
356.38	6.87405e-05
356.4	6.86279e-05
356.42	6.85156e-05
356.44	6.84036e-05
356.46	6.82919e-05
356.48	6.81805e-05
356.5	6.80693e-05
356.52	6.79585e-05
356.54	6.7848e-05
356.56	6.77378e-05
356.58	6.76278e-05
356.6	6.75182e-05
356.62	6.74089e-05
356.64	6.72998e-05
356.66	6.7191e-05
356.68	6.70825e-05
356.7	6.69744e-05
356.72	6.68665e-05
356.74	6.67589e-05
356.76	6.66516e-05
356.78	6.65445e-05
356.8	6.64378e-05
356.82	6.63314e-05
356.84	6.62252e-05
356.86	6.61193e-05
356.88	6.60138e-05
356.9	6.59085e-05
356.92	6.58035e-05
356.94	6.56988e-05
356.96	6.55943e-05
356.98	6.54902e-05
357	6.53863e-05
357.02	6.52828e-05
357.04	6.51795e-05
357.06	6.50765e-05
357.08	6.49738e-05
357.1	6.48714e-05
357.12	6.47692e-05
357.14	6.46674e-05
357.16	6.45658e-05
357.18	6.44645e-05
357.2	6.43635e-05
357.22	6.42628e-05
357.24	6.41624e-05
357.26	6.40622e-05
357.28	6.39624e-05
357.3	6.38628e-05
357.32	6.37635e-05
357.34	6.36645e-05
357.36	6.35657e-05
357.38	6.34673e-05
357.4	6.33691e-05
357.42	6.32712e-05
357.44	6.31736e-05
357.46	6.30763e-05
357.48	6.29793e-05
357.5	6.28825e-05
357.52	6.2786e-05
357.54	6.26898e-05
357.56	6.25939e-05
357.58	6.24983e-05
357.6	6.24029e-05
357.62	6.23078e-05
357.64	6.2213e-05
357.66	6.21185e-05
357.68	6.20243e-05
357.7	6.19303e-05
357.72	6.18366e-05
357.74	6.17433e-05
357.76	6.16501e-05
357.78	6.15573e-05
357.8	6.14647e-05
357.82	6.13725e-05
357.84	6.12805e-05
357.86	6.11888e-05
357.88	6.10973e-05
357.9	6.10062e-05
357.92	6.09153e-05
357.94	6.08247e-05
357.96	6.07344e-05
357.98	6.06443e-05
358	6.05546e-05
358.02	6.04651e-05
358.04	6.03759e-05
358.06	6.0287e-05
358.08	6.01983e-05
358.1	6.01099e-05
358.12	6.00219e-05
358.14	5.99341e-05
358.16	5.98465e-05
358.18	5.97593e-05
358.2	5.96723e-05
358.22	5.95856e-05
358.24	5.94992e-05
358.26	5.94131e-05
358.28	5.93272e-05
358.3	5.92417e-05
358.32	5.91564e-05
358.34	5.90714e-05
358.36	5.89867e-05
358.38	5.89022e-05
358.4	5.8818e-05
358.42	5.87342e-05
358.44	5.86506e-05
358.46	5.85672e-05
358.48	5.84842e-05
358.5	5.84014e-05
358.52	5.8319e-05
358.54	5.82368e-05
358.56	5.81549e-05
358.58	5.80732e-05
358.6	5.79919e-05
358.62	5.79108e-05
358.64	5.783e-05
358.66	5.77495e-05
358.68	5.76693e-05
358.7	5.75894e-05
358.72	5.75098e-05
358.74	5.74304e-05
358.76	5.73513e-05
358.78	5.72725e-05
358.8	5.7194e-05
358.82	5.71158e-05
358.84	5.70379e-05
358.86	5.69603e-05
358.88	5.68829e-05
358.9	5.68058e-05
358.92	5.67291e-05
358.94	5.66526e-05
358.96	5.65764e-05
358.98	5.65005e-05
359	5.64248e-05
359.02	5.63495e-05
359.04	5.62745e-05
359.06	5.61997e-05
359.08	5.61253e-05
359.1	5.60511e-05
359.12	5.59772e-05
359.14	5.59037e-05
359.16	5.58304e-05
359.18	5.57574e-05
359.2	5.56847e-05
359.22	5.56123e-05
359.24	5.55402e-05
359.26	5.54685e-05
359.28	5.5397e-05
359.3	5.53258e-05
359.32	5.52549e-05
359.34	5.51843e-05
359.36	5.5114e-05
359.38	5.5044e-05
359.4	5.49743e-05
359.42	5.49049e-05
359.44	5.48359e-05
359.46	5.47671e-05
359.48	5.46986e-05
359.5	5.46305e-05
359.52	5.45627e-05
359.54	5.44951e-05
359.56	5.44279e-05
359.58	5.4361e-05
359.6	5.42944e-05
359.62	5.42281e-05
359.64	5.41622e-05
359.66	5.40965e-05
359.68	5.40312e-05
359.7	5.39662e-05
359.72	5.39015e-05
359.74	5.38372e-05
359.76	5.37731e-05
359.78	5.37094e-05
359.8	5.3646e-05
359.82	5.3583e-05
359.84	5.35202e-05
359.86	5.34579e-05
359.88	5.33958e-05
359.9	5.33341e-05
359.92	5.32727e-05
359.94	5.32116e-05
359.96	5.31509e-05
359.98	5.30905e-05
360	5.30305e-05
360.02	5.29708e-05
360.04	5.29115e-05
360.06	5.28525e-05
360.08	5.27939e-05
360.1	5.27356e-05
360.12	5.26777e-05
360.14	5.26201e-05
360.16	5.25629e-05
360.18	5.25061e-05
360.2	5.24496e-05
360.22	5.23935e-05
360.24	5.23377e-05
360.26	5.22824e-05
360.28	5.22274e-05
360.3	5.21728e-05
360.32	5.21185e-05
360.34	5.20647e-05
360.36	5.20112e-05
360.38	5.19582e-05
360.4	5.19055e-05
360.42	5.18532e-05
360.44	5.18013e-05
360.46	5.17499e-05
360.48	5.16988e-05
360.5	5.16481e-05
360.52	5.15979e-05
360.54	5.15481e-05
360.56	5.14987e-05
360.58	5.14497e-05
360.6	5.14012e-05
360.62	5.13531e-05
360.64	5.13054e-05
360.66	5.12582e-05
360.68	5.12114e-05
360.7	5.11651e-05
360.72	5.11193e-05
360.74	5.10739e-05
360.76	5.1029e-05
360.78	5.09846e-05
360.8	5.09406e-05
360.82	5.08971e-05
360.84	5.08542e-05
360.86	5.08117e-05
360.88	5.07698e-05
360.9	5.07283e-05
360.92	5.06874e-05
360.94	5.0647e-05
360.96	5.06072e-05
360.98	5.05679e-05
361	5.05292e-05
361.02	5.0491e-05
361.04	5.04534e-05
361.06	5.04164e-05
361.08	5.038e-05
361.1	5.03442e-05
361.12	5.0309e-05
361.14	5.02744e-05
361.16	5.02405e-05
361.18	5.02072e-05
361.2	5.01746e-05
361.22	5.01427e-05
361.24	5.01114e-05
361.26	5.00809e-05
361.28	5.00511e-05
361.3	5.0022e-05
361.32	4.99937e-05
361.34	4.99661e-05
361.36	4.99394e-05
361.38	4.99134e-05
361.4	4.98883e-05
361.42	4.98641e-05
361.44	4.98407e-05
361.46	4.98182e-05
361.48	4.97966e-05
361.5	4.9776e-05
361.52	4.97564e-05
361.54	4.97378e-05
361.56	4.97203e-05
361.58	4.97038e-05
361.6	4.96884e-05
361.62	4.96742e-05
361.64	4.96612e-05
361.66	4.96495e-05
361.68	4.9639e-05
361.7	4.96299e-05
361.72	4.96221e-05
361.74	4.96159e-05
361.76	4.96111e-05
361.78	4.9608e-05
361.8	4.96065e-05
361.82	4.96068e-05
361.84	4.96089e-05
361.86	4.9613e-05
361.88	4.96191e-05
361.9	4.96273e-05
361.92	4.96379e-05
361.94	4.96509e-05
361.96	4.96665e-05
361.98	4.96849e-05
362	4.97063e-05
362.02	4.97309e-05
362.04	4.9759e-05
362.06	4.97908e-05
362.08	4.98267e-05
362.1	4.98671e-05
362.12	4.99124e-05
362.14	4.99632e-05
362.16	5.002e-05
362.18	5.00836e-05
362.2	5.01548e-05
362.22	5.02348e-05
362.24	5.03249e-05
362.26	5.04266e-05
362.28	5.05422e-05
362.3	5.06744e-05
362.32	5.08268e-05
362.34	5.10047e-05
362.36	5.12152e-05
362.38	5.14694e-05
362.4	5.17846e-05
362.42	5.21908e-05
362.44	5.27439e-05
362.46	5.35626e-05
362.48	5.4923e-05
362.5	5.74088e-05
362.52	6.16891e-05
362.54	6.77078e-05
362.56	7.47518e-05
362.58	8.24674e-05
362.6	9.09863e-05
362.62	0.00010034
362.64	0.000110234
362.66	0.00012033
362.68	0.00013037
362.7	0.000140071
362.72	0.000149075
362.74	0.000156993
362.76	0.000163501
362.78	0.000168432
362.8	0.000171808
362.82	0.000173766
362.84	0.000174487
362.86	0.000174159
362.88	0.000172974
362.9	0.000171137
362.92	0.000168849
362.94	0.00016629
362.96	0.000163606
362.98	0.000160906
363	0.00015827
363.02	0.000155748
363.04	0.000153373
363.06	0.000151161
363.08	0.00014912
363.1	0.000147248
363.12	0.00014554
363.14	0.000143989
363.16	0.000142584
363.18	0.000141315
363.2	0.00014017
363.22	0.000139139
363.24	0.000138211
363.26	0.000137376
363.28	0.000136626
363.3	0.000135952
363.32	0.000135347
363.34	0.000134804
363.36	0.000134317
363.38	0.000133881
363.4	0.000133492
363.42	0.000133145
363.44	0.000132836
363.46	0.000132562
363.48	0.000132321
363.5	0.00013211
363.52	0.000131927
363.54	0.000131769
363.56	0.000131635
363.58	0.000131524
363.6	0.000131433
363.62	0.000131362
363.64	0.00013131
363.66	0.000131274
363.68	0.000131255
363.7	0.00013125
363.72	0.00013126
363.74	0.000131284
363.76	0.000131319
363.78	0.000131366
363.8	0.000131425
363.82	0.000131493
363.84	0.00013157
363.86	0.000131656
363.88	0.00013175
363.9	0.000131851
363.92	0.000131958
363.94	0.000132072
363.96	0.00013219
363.98	0.000132313
364	0.00013244
364.02	0.00013257
364.04	0.000132702
364.06	0.000132837
364.08	0.000132974
364.1	0.000133111
364.12	0.000133249
364.14	0.000133386
364.16	0.000133524
364.18	0.00013366
364.2	0.000133794
364.22	0.000133927
364.24	0.000134058
364.26	0.000134185
364.28	0.00013431
364.3	0.000134431
364.32	0.000134548
364.34	0.000134661
364.36	0.00013477
364.38	0.000134874
364.4	0.000134973
364.42	0.000135067
364.44	0.000135156
364.46	0.000135238
364.48	0.000135316
364.5	0.000135387
364.52	0.000135452
364.54	0.00013551
364.56	0.000135563
364.58	0.000135609
364.6	0.000135648
364.62	0.000135681
364.64	0.000135708
364.66	0.000135727
364.68	0.00013574
364.7	0.000135746
364.72	0.000135746
364.74	0.000135739
364.76	0.000135725
364.78	0.000135704
364.8	0.000135677
364.82	0.000135644
364.84	0.000135604
364.86	0.000135557
364.88	0.000135505
364.9	0.000135446
364.92	0.000135381
364.94	0.000135309
364.96	0.000135232
364.98	0.000135149
365	0.000135061
365.02	0.000134966
365.04	0.000134866
365.06	0.000134761
365.08	0.000134651
365.1	0.000134535
365.12	0.000134414
365.14	0.000134289
365.16	0.000134158
365.18	0.000134023
365.2	0.000133884
365.22	0.00013374
365.24	0.000133592
365.26	0.00013344
365.28	0.000133284
365.3	0.000133123
365.32	0.000132959
365.34	0.000132792
365.36	0.000132621
365.38	0.000132446
365.4	0.000132269
365.42	0.000132088
365.44	0.000131904
365.46	0.000131717
365.48	0.000131528
365.5	0.000131335
365.52	0.00013114
365.54	0.000130943
365.56	0.000130743
365.58	0.000130541
365.6	0.000130337
365.62	0.00013013
365.64	0.000129922
365.66	0.000129711
365.68	0.000129499
365.7	0.000129285
365.72	0.00012907
365.74	0.000128852
365.76	0.000128634
365.78	0.000128414
365.8	0.000128192
365.82	0.00012797
365.84	0.000127746
365.86	0.000127521
365.88	0.000127294
365.9	0.000127067
365.92	0.000126839
365.94	0.00012661
365.96	0.000126381
365.98	0.00012615
366	0.000125919
366.02	0.000125687
366.04	0.000125454
366.06	0.000125221
366.08	0.000124987
366.1	0.000124753
366.12	0.000124519
366.14	0.000124284
366.16	0.000124049
366.18	0.000123813
366.2	0.000123577
366.22	0.000123341
366.24	0.000123105
366.26	0.000122868
366.28	0.000122632
366.3	0.000122395
366.32	0.000122158
366.34	0.000121922
366.36	0.000121685
366.38	0.000121448
366.4	0.000121211
366.42	0.000120975
366.44	0.000120738
366.46	0.000120502
366.48	0.000120266
366.5	0.000120029
366.52	0.000119793
366.54	0.000119558
366.56	0.000119322
366.58	0.000119087
366.6	0.000118852
366.62	0.000118617
366.64	0.000118382
366.66	0.000118148
366.68	0.000117914
366.7	0.000117681
366.72	0.000117447
366.74	0.000117214
366.76	0.000116982
366.78	0.00011675
366.8	0.000116518
366.82	0.000116287
366.84	0.000116056
366.86	0.000115825
366.88	0.000115595
366.9	0.000115365
366.92	0.000115136
366.94	0.000114907
366.96	0.000114679
366.98	0.000114451
367	0.000114223
367.02	0.000113996
367.04	0.00011377
367.06	0.000113544
367.08	0.000113318
367.1	0.000113093
367.12	0.000112869
367.14	0.000112644
367.16	0.000112421
367.18	0.000112198
367.2	0.000111975
367.22	0.000111753
367.24	0.000111532
367.26	0.000111311
367.28	0.00011109
367.3	0.000110871
367.32	0.000110651
367.34	0.000110432
367.36	0.000110214
367.38	0.000109996
367.4	0.000109779
367.42	0.000109562
367.44	0.000109346
367.46	0.00010913
367.48	0.000108915
367.5	0.000108701
367.52	0.000108487
367.54	0.000108273
367.56	0.00010806
367.58	0.000107848
367.6	0.000107636
367.62	0.000107425
367.64	0.000107214
367.66	0.000107004
367.68	0.000106794
367.7	0.000106585
367.72	0.000106377
367.74	0.000106168
367.76	0.000105961
367.78	0.000105754
367.8	0.000105548
367.82	0.000105342
367.84	0.000105136
367.86	0.000104932
367.88	0.000104727
367.9	0.000104524
367.92	0.00010432
367.94	0.000104118
367.96	0.000103916
367.98	0.000103714
368	0.000103513
368.02	0.000103312
368.04	0.000103112
368.06	0.000102913
368.08	0.000102714
368.1	0.000102515
368.12	0.000102317
368.14	0.00010212
368.16	0.000101923
368.18	0.000101727
368.2	0.000101531
368.22	0.000101336
368.24	0.000101141
368.26	0.000100946
368.28	0.000100753
368.3	0.000100559
368.32	0.000100367
368.34	0.000100174
368.36	9.99825e-05
368.38	9.97913e-05
368.4	9.96005e-05
368.42	9.94102e-05
368.44	9.92205e-05
368.46	9.90312e-05
368.48	9.88424e-05
368.5	9.86541e-05
368.52	9.84663e-05
368.54	9.8279e-05
368.56	9.80922e-05
368.58	9.79059e-05
368.6	9.772e-05
368.62	9.75347e-05
368.64	9.73498e-05
368.66	9.71654e-05
368.68	9.69815e-05
368.7	9.6798e-05
368.72	9.66151e-05
368.74	9.64326e-05
368.76	9.62506e-05
368.78	9.6069e-05
368.8	9.58879e-05
368.82	9.57073e-05
368.84	9.55272e-05
368.86	9.53475e-05
368.88	9.51683e-05
368.9	9.49895e-05
368.92	9.48112e-05
368.94	9.46333e-05
368.96	9.4456e-05
368.98	9.4279e-05
369	9.41025e-05
369.02	9.39265e-05
369.04	9.37509e-05
369.06	9.35758e-05
369.08	9.34011e-05
369.1	9.32269e-05
369.12	9.30531e-05
369.14	9.28797e-05
369.16	9.27068e-05
369.18	9.25344e-05
369.2	9.23623e-05
369.22	9.21907e-05
369.24	9.20196e-05
369.26	9.18489e-05
369.28	9.16786e-05
369.3	9.15087e-05
369.32	9.13393e-05
369.34	9.11703e-05
369.36	9.10017e-05
369.38	9.08335e-05
369.4	9.06658e-05
369.42	9.04985e-05
369.44	9.03316e-05
369.46	9.01652e-05
369.48	8.99991e-05
369.5	8.98335e-05
369.52	8.96683e-05
369.54	8.95035e-05
369.56	8.93391e-05
369.58	8.91751e-05
369.6	8.90116e-05
369.62	8.88484e-05
369.64	8.86857e-05
369.66	8.85233e-05
369.68	8.83614e-05
369.7	8.81999e-05
369.72	8.80388e-05
369.74	8.7878e-05
369.76	8.77177e-05
369.78	8.75578e-05
369.8	8.73983e-05
369.82	8.72392e-05
369.84	8.70805e-05
369.86	8.69221e-05
369.88	8.67642e-05
369.9	8.66066e-05
369.92	8.64495e-05
369.94	8.62927e-05
369.96	8.61364e-05
369.98	8.59804e-05
370	8.58248e-05
370.02	8.56696e-05
370.04	8.55147e-05
370.06	8.53603e-05
370.08	8.52062e-05
370.1	8.50526e-05
370.12	8.48993e-05
370.14	8.47464e-05
370.16	8.45938e-05
370.18	8.44417e-05
370.2	8.42899e-05
370.22	8.41385e-05
370.24	8.39874e-05
370.26	8.38368e-05
370.28	8.36865e-05
370.3	8.35366e-05
370.32	8.33871e-05
370.34	8.32379e-05
370.36	8.30891e-05
370.38	8.29406e-05
370.4	8.27926e-05
370.42	8.26449e-05
370.44	8.24975e-05
370.46	8.23506e-05
370.48	8.22039e-05
370.5	8.20577e-05
370.52	8.19118e-05
370.54	8.17663e-05
370.56	8.16211e-05
370.58	8.14763e-05
370.6	8.13319e-05
370.62	8.11878e-05
370.64	8.1044e-05
370.66	8.09006e-05
370.68	8.07576e-05
370.7	8.06149e-05
370.72	8.04726e-05
370.74	8.03306e-05
370.76	8.0189e-05
370.78	8.00477e-05
370.8	7.99068e-05
370.82	7.97663e-05
370.84	7.9626e-05
370.86	7.94861e-05
370.88	7.93466e-05
370.9	7.92074e-05
370.92	7.90686e-05
370.94	7.89301e-05
370.96	7.87919e-05
370.98	7.86541e-05
371	7.85166e-05
371.02	7.83795e-05
371.04	7.82427e-05
371.06	7.81063e-05
371.08	7.79702e-05
371.1	7.78344e-05
371.12	7.76989e-05
371.14	7.75638e-05
371.16	7.74291e-05
371.18	7.72947e-05
371.2	7.71606e-05
371.22	7.70268e-05
371.24	7.68934e-05
371.26	7.67603e-05
371.28	7.66275e-05
371.3	7.64951e-05
371.32	7.6363e-05
371.34	7.62312e-05
371.36	7.60997e-05
371.38	7.59686e-05
371.4	7.58378e-05
371.42	7.57074e-05
371.44	7.55772e-05
371.46	7.54474e-05
371.48	7.53179e-05
371.5	7.51888e-05
371.52	7.50599e-05
371.54	7.49314e-05
371.56	7.48032e-05
371.58	7.46753e-05
371.6	7.45478e-05
371.62	7.44206e-05
371.64	7.42937e-05
371.66	7.41671e-05
371.68	7.40408e-05
371.7	7.39148e-05
371.72	7.37892e-05
371.74	7.36639e-05
371.76	7.35389e-05
371.78	7.34142e-05
371.8	7.32898e-05
371.82	7.31658e-05
371.84	7.3042e-05
371.86	7.29186e-05
371.88	7.27955e-05
371.9	7.26727e-05
371.92	7.25502e-05
371.94	7.2428e-05
371.96	7.23062e-05
371.98	7.21846e-05
372	7.20634e-05
372.02	7.19425e-05
372.04	7.18218e-05
372.06	7.17015e-05
372.08	7.15815e-05
372.1	7.14618e-05
372.12	7.13424e-05
372.14	7.12233e-05
372.16	7.11046e-05
372.18	7.09861e-05
372.2	7.08679e-05
372.22	7.07501e-05
372.24	7.06325e-05
372.26	7.05152e-05
372.28	7.03983e-05
372.3	7.02816e-05
372.32	7.01653e-05
372.34	7.00493e-05
372.36	6.99335e-05
372.38	6.98181e-05
372.4	6.97029e-05
372.42	6.95881e-05
372.44	6.94736e-05
372.46	6.93593e-05
372.48	6.92454e-05
372.5	6.91318e-05
372.52	6.90184e-05
372.54	6.89054e-05
372.56	6.87926e-05
372.58	6.86802e-05
372.6	6.8568e-05
372.62	6.84562e-05
372.64	6.83446e-05
372.66	6.82333e-05
372.68	6.81224e-05
372.7	6.80117e-05
372.72	6.79013e-05
372.74	6.77912e-05
372.76	6.76814e-05
372.78	6.75719e-05
372.8	6.74627e-05
372.82	6.73538e-05
372.84	6.72452e-05
372.86	6.71369e-05
372.88	6.70289e-05
372.9	6.69211e-05
372.92	6.68137e-05
372.94	6.67065e-05
372.96	6.65996e-05
372.98	6.6493e-05
373	6.63867e-05
373.02	6.62808e-05
373.04	6.6175e-05
373.06	6.60696e-05
373.08	6.59645e-05
373.1	6.58596e-05
373.12	6.57551e-05
373.14	6.56508e-05
373.16	6.55468e-05
373.18	6.54431e-05
373.2	6.53397e-05
373.22	6.52366e-05
373.24	6.51338e-05
373.26	6.50312e-05
373.28	6.49289e-05
373.3	6.4827e-05
373.32	6.47253e-05
373.34	6.46239e-05
373.36	6.45227e-05
373.38	6.44219e-05
373.4	6.43214e-05
373.42	6.42211e-05
373.44	6.41211e-05
373.46	6.40214e-05
373.48	6.3922e-05
373.5	6.38229e-05
373.52	6.3724e-05
373.54	6.36255e-05
373.56	6.35272e-05
373.58	6.34292e-05
373.6	6.33315e-05
373.62	6.3234e-05
373.64	6.31369e-05
373.66	6.304e-05
373.68	6.29434e-05
373.7	6.28471e-05
373.72	6.27511e-05
373.74	6.26554e-05
373.76	6.25599e-05
373.78	6.24647e-05
373.8	6.23698e-05
373.82	6.22752e-05
373.84	6.21809e-05
373.86	6.20868e-05
373.88	6.19931e-05
373.9	6.18996e-05
373.92	6.18064e-05
373.94	6.17134e-05
373.96	6.16208e-05
373.98	6.15284e-05
374	6.14363e-05
374.02	6.13445e-05
374.04	6.1253e-05
374.06	6.11618e-05
374.08	6.10708e-05
374.1	6.09801e-05
374.12	6.08897e-05
374.14	6.07996e-05
374.16	6.07097e-05
374.18	6.06202e-05
374.2	6.05309e-05
374.22	6.04419e-05
374.24	6.03532e-05
374.26	6.02647e-05
374.28	6.01766e-05
374.3	6.00887e-05
374.32	6.00011e-05
374.34	5.99138e-05
374.36	5.98268e-05
374.38	5.974e-05
374.4	5.96535e-05
374.42	5.95673e-05
374.44	5.94814e-05
374.46	5.93958e-05
374.48	5.93104e-05
374.5	5.92254e-05
374.52	5.91406e-05
374.54	5.90561e-05
374.56	5.89719e-05
374.58	5.88879e-05
374.6	5.88043e-05
374.62	5.87209e-05
374.64	5.86378e-05
374.66	5.8555e-05
374.68	5.84725e-05
374.7	5.83902e-05
374.72	5.83083e-05
374.74	5.82266e-05
374.76	5.81452e-05
374.78	5.80641e-05
374.8	5.79833e-05
374.82	5.79028e-05
374.84	5.78225e-05
374.86	5.77426e-05
374.88	5.76629e-05
374.9	5.75835e-05
374.92	5.75044e-05
374.94	5.74256e-05
374.96	5.7347e-05
374.98	5.72688e-05
375	5.71908e-05
375.02	5.71132e-05
375.04	5.70358e-05
375.06	5.69587e-05
375.08	5.68819e-05
375.1	5.68054e-05
375.12	5.67292e-05
375.14	5.66533e-05
375.16	5.65777e-05
375.18	5.65023e-05
375.2	5.64273e-05
375.22	5.63525e-05
375.24	5.62781e-05
375.26	5.62039e-05
375.28	5.613e-05
375.3	5.60565e-05
375.32	5.59832e-05
375.34	5.59102e-05
375.36	5.58375e-05
375.38	5.57652e-05
375.4	5.56931e-05
375.42	5.56213e-05
375.44	5.55498e-05
375.46	5.54786e-05
375.48	5.54078e-05
375.5	5.53372e-05
375.52	5.52669e-05
375.54	5.5197e-05
375.56	5.51273e-05
375.58	5.5058e-05
375.6	5.49889e-05
375.62	5.49202e-05
375.64	5.48518e-05
375.66	5.47837e-05
375.68	5.47159e-05
375.7	5.46484e-05
375.72	5.45812e-05
375.74	5.45144e-05
375.76	5.44478e-05
375.78	5.43816e-05
375.8	5.43157e-05
375.82	5.42501e-05
375.84	5.41849e-05
375.86	5.41199e-05
375.88	5.40553e-05
375.9	5.3991e-05
375.92	5.39271e-05
375.94	5.38634e-05
375.96	5.38001e-05
375.98	5.37371e-05
376	5.36745e-05
376.02	5.36122e-05
376.04	5.35502e-05
376.06	5.34886e-05
376.08	5.34273e-05
376.1	5.33664e-05
376.12	5.33057e-05
376.14	5.32455e-05
376.16	5.31856e-05
376.18	5.3126e-05
376.2	5.30668e-05
376.22	5.30079e-05
376.24	5.29494e-05
376.26	5.28913e-05
376.28	5.28335e-05
376.3	5.27761e-05
376.32	5.2719e-05
376.34	5.26623e-05
376.36	5.2606e-05
376.38	5.255e-05
376.4	5.24944e-05
376.42	5.24392e-05
376.44	5.23844e-05
376.46	5.233e-05
376.48	5.22759e-05
376.5	5.22223e-05
376.52	5.2169e-05
376.54	5.21161e-05
376.56	5.20637e-05
376.58	5.20116e-05
376.6	5.19599e-05
376.62	5.19087e-05
376.64	5.18578e-05
376.66	5.18074e-05
376.68	5.17574e-05
376.7	5.17078e-05
376.72	5.16587e-05
376.74	5.16099e-05
376.76	5.15617e-05
376.78	5.15138e-05
376.8	5.14664e-05
376.82	5.14195e-05
376.84	5.1373e-05
376.86	5.1327e-05
376.88	5.12815e-05
376.9	5.12364e-05
376.92	5.11918e-05
376.94	5.11477e-05
376.96	5.11041e-05
376.98	5.1061e-05
377	5.10184e-05
377.02	5.09763e-05
377.04	5.09347e-05
377.06	5.08937e-05
377.08	5.08531e-05
377.1	5.08132e-05
377.12	5.07737e-05
377.14	5.07349e-05
377.16	5.06966e-05
377.18	5.06589e-05
377.2	5.06218e-05
377.22	5.05852e-05
377.24	5.05493e-05
377.26	5.0514e-05
377.28	5.04793e-05
377.3	5.04453e-05
377.32	5.0412e-05
377.34	5.03793e-05
377.36	5.03472e-05
377.38	5.03159e-05
377.4	5.02853e-05
377.42	5.02554e-05
377.44	5.02263e-05
377.46	5.01979e-05
377.48	5.01703e-05
377.5	5.01435e-05
377.52	5.01175e-05
377.54	5.00923e-05
377.56	5.0068e-05
377.58	5.00446e-05
377.6	5.00221e-05
377.62	5.00006e-05
377.64	4.99799e-05
377.66	4.99603e-05
377.68	4.99417e-05
377.7	4.99242e-05
377.72	4.99077e-05
377.74	4.98924e-05
377.76	4.98783e-05
377.78	4.98653e-05
377.8	4.98536e-05
377.82	4.98432e-05
377.84	4.98342e-05
377.86	4.98266e-05
377.88	4.98204e-05
377.9	4.98158e-05
377.92	4.98128e-05
377.94	4.98115e-05
377.96	4.98119e-05
377.98	4.98142e-05
378	4.98185e-05
378.02	4.98249e-05
378.04	4.98334e-05
378.06	4.98443e-05
378.08	4.98576e-05
378.1	4.98735e-05
378.12	4.98923e-05
378.14	4.99141e-05
378.16	4.99392e-05
378.18	4.99678e-05
378.2	5.00002e-05
378.22	5.00367e-05
378.24	5.00778e-05
378.26	5.01238e-05
378.28	5.01755e-05
378.3	5.02332e-05
378.32	5.02979e-05
378.34	5.03704e-05
378.36	5.04518e-05
378.38	5.05435e-05
378.4	5.06472e-05
378.42	5.0765e-05
378.44	5.09e-05
378.46	5.10558e-05
378.48	5.12378e-05
378.5	5.14538e-05
378.52	5.17154e-05
378.54	5.20411e-05
378.56	5.24631e-05
378.58	5.30428e-05
378.6	5.39118e-05
378.62	5.53776e-05
378.64	5.80644e-05
378.66	6.25998e-05
378.68	6.88068e-05
378.7	7.59619e-05
378.72	8.3789e-05
378.74	9.24394e-05
378.76	0.000101902
378.78	0.000111858
378.8	0.000121978
378.82	0.000132007
378.84	0.000141652
378.86	0.000150548
378.88	0.00015831
378.9	0.000164626
378.92	0.000169357
378.94	0.000172542
378.96	0.000174329
378.98	0.000174901
379	0.000174446
379.02	0.000173159
379.04	0.000171244
379.06	0.000168903
379.08	0.00016631
379.1	0.000163608
379.12	0.000160903
379.14	0.00015827
379.16	0.000155756
379.18	0.000153393
379.2	0.000151196
379.22	0.000149169
379.24	0.000147312
379.26	0.000145619
379.28	0.000144082
379.3	0.00014269
379.32	0.000141433
379.34	0.000140299
379.36	0.000139278
379.38	0.000138359
379.4	0.000137533
379.42	0.000136791
379.44	0.000136124
379.46	0.000135525
379.48	0.000134987
379.5	0.000134505
379.52	0.000134074
379.54	0.000133689
379.56	0.000133345
379.58	0.00013304
379.6	0.00013277
379.62	0.000132532
379.64	0.000132323
379.66	0.000132142
379.68	0.000131987
379.7	0.000131856
379.72	0.000131746
379.74	0.000131658
379.76	0.000131589
379.78	0.000131538
379.8	0.000131504
379.82	0.000131486
379.84	0.000131483
379.86	0.000131495
379.88	0.000131519
379.9	0.000131556
379.92	0.000131605
379.94	0.000131664
379.96	0.000131733
379.98	0.000131811
380	0.000131898
380.02	0.000131993
380.04	0.000132095
380.06	0.000132203
380.08	0.000132317
380.1	0.000132436
380.12	0.000132559
380.14	0.000132686
380.16	0.000132817
380.18	0.00013295
380.2	0.000133085
380.22	0.000133221
380.24	0.000133359
380.26	0.000133497
380.28	0.000133635
380.3	0.000133772
380.32	0.000133908
380.34	0.000134042
380.36	0.000134175
380.38	0.000134305
380.4	0.000134432
380.42	0.000134557
380.44	0.000134677
380.46	0.000134794
380.48	0.000134907
380.5	0.000135015
380.52	0.000135119
380.54	0.000135217
380.56	0.00013531
380.58	0.000135398
380.6	0.00013548
380.62	0.000135557
380.64	0.000135627
380.66	0.000135691
380.68	0.000135749
380.7	0.000135801
380.72	0.000135846
380.74	0.000135885
380.76	0.000135917
380.78	0.000135943
380.8	0.000135961
380.82	0.000135973
380.84	0.000135979
380.86	0.000135977
380.88	0.000135969
380.9	0.000135955
380.92	0.000135933
380.94	0.000135905
380.96	0.000135871
380.98	0.00013583
381	0.000135783
381.02	0.000135729
381.04	0.000135669
381.06	0.000135604
381.08	0.000135532
381.1	0.000135454
381.12	0.00013537
381.14	0.00013528
381.16	0.000135185
381.18	0.000135084
381.2	0.000134978
381.22	0.000134867
381.24	0.000134751
381.26	0.000134629
381.28	0.000134503
381.3	0.000134372
381.32	0.000134236
381.34	0.000134096
381.36	0.000133952
381.38	0.000133803
381.4	0.00013365
381.42	0.000133493
381.44	0.000133332
381.46	0.000133168
381.48	0.000132999
381.5	0.000132828
381.52	0.000132653
381.54	0.000132474
381.56	0.000132293
381.58	0.000132108
381.6	0.000131921
381.62	0.000131731
381.64	0.000131538
381.66	0.000131342
381.68	0.000131144
381.7	0.000130944
381.72	0.000130741
381.74	0.000130537
381.76	0.00013033
381.78	0.000130121
381.8	0.00012991
381.82	0.000129697
381.84	0.000129483
381.86	0.000129267
381.88	0.000129049
381.9	0.00012883
381.92	0.00012861
381.94	0.000128388
381.96	0.000128165
381.98	0.00012794
382	0.000127715
382.02	0.000127488
382.04	0.000127261
382.06	0.000127032
382.08	0.000126803
382.1	0.000126573
382.12	0.000126342
382.14	0.00012611
382.16	0.000125878
382.18	0.000125645
382.2	0.000125412
382.22	0.000125178
382.24	0.000124943
382.26	0.000124708
382.28	0.000124473
382.3	0.000124237
382.32	0.000124002
382.34	0.000123765
382.36	0.000123529
382.38	0.000123292
382.4	0.000123056
382.42	0.000122819
382.44	0.000122582
382.46	0.000122345
382.48	0.000122108
382.5	0.000121871
382.52	0.000121634
382.54	0.000121397
382.56	0.00012116
382.58	0.000120923
382.6	0.000120686
382.62	0.00012045
382.64	0.000120213
382.66	0.000119977
382.68	0.000119741
382.7	0.000119505
382.72	0.00011927
382.74	0.000119034
382.76	0.000118799
382.78	0.000118564
382.8	0.00011833
382.82	0.000118096
382.84	0.000117862
382.86	0.000117628
382.88	0.000117395
382.9	0.000117162
382.92	0.00011693
382.94	0.000116698
382.96	0.000116466
382.98	0.000116235
383	0.000116004
383.02	0.000115774
383.04	0.000115544
383.06	0.000115314
383.08	0.000115085
383.1	0.000114857
383.12	0.000114628
383.14	0.000114401
383.16	0.000114174
383.18	0.000113947
383.2	0.000113721
383.22	0.000113495
383.24	0.00011327
383.26	0.000113045
383.28	0.00011282
383.3	0.000112597
383.32	0.000112373
383.34	0.000112151
383.36	0.000111928
383.38	0.000111707
383.4	0.000111486
383.42	0.000111265
383.44	0.000111045
383.46	0.000110825
383.48	0.000110606
383.5	0.000110388
383.52	0.00011017
383.54	0.000109952
383.56	0.000109735
383.58	0.000109519
383.6	0.000109303
383.62	0.000109088
383.64	0.000108873
383.66	0.000108659
383.68	0.000108445
383.7	0.000108232
383.72	0.000108019
383.74	0.000107807
383.76	0.000107596
383.78	0.000107385
383.8	0.000107174
383.82	0.000106964
383.84	0.000106755
383.86	0.000106546
383.88	0.000106338
383.9	0.00010613
383.92	0.000105923
383.94	0.000105716
383.96	0.00010551
383.98	0.000105305
384	0.0001051
384.02	0.000104895
384.04	0.000104691
384.06	0.000104488
384.08	0.000104285
384.1	0.000104083
384.12	0.000103881
384.14	0.00010368
384.16	0.000103479
384.18	0.000103279
384.2	0.000103079
384.22	0.00010288
384.24	0.000102681
384.26	0.000102483
384.28	0.000102286
384.3	0.000102088
384.32	0.000101892
384.34	0.000101696
384.36	0.0001015
384.38	0.000101305
384.4	0.000101111
384.42	0.000100917
384.44	0.000100723
384.46	0.00010053
384.48	0.000100338
384.5	0.000100146
384.52	9.99545e-05
384.54	9.97635e-05
384.56	9.95731e-05
384.58	9.93831e-05
384.6	9.91937e-05
384.62	9.90047e-05
384.64	9.88162e-05
384.66	9.86282e-05
384.68	9.84408e-05
384.7	9.82538e-05
384.72	9.80672e-05
384.74	9.78812e-05
384.76	9.76957e-05
384.78	9.75106e-05
384.8	9.7326e-05
384.82	9.71419e-05
384.84	9.69583e-05
384.86	9.67752e-05
384.88	9.65925e-05
384.9	9.64103e-05
384.92	9.62286e-05
384.94	9.60473e-05
384.96	9.58665e-05
384.98	9.56862e-05
385	9.55063e-05
385.02	9.53269e-05
385.04	9.5148e-05
385.06	9.49695e-05
385.08	9.47915e-05
385.1	9.46139e-05
385.12	9.44368e-05
385.14	9.42602e-05
385.16	9.4084e-05
385.18	9.39082e-05
385.2	9.37329e-05
385.22	9.3558e-05
385.24	9.33836e-05
385.26	9.32097e-05
385.28	9.30361e-05
385.3	9.28631e-05
385.32	9.26904e-05
385.34	9.25182e-05
385.36	9.23465e-05
385.38	9.21751e-05
385.4	9.20042e-05
385.42	9.18338e-05
385.44	9.16638e-05
385.46	9.14942e-05
385.48	9.1325e-05
385.5	9.11562e-05
385.52	9.09879e-05
385.54	9.082e-05
385.56	9.06526e-05
385.58	9.04855e-05
385.6	9.03189e-05
385.62	9.01527e-05
385.64	8.99869e-05
385.66	8.98215e-05
385.68	8.96566e-05
385.7	8.9492e-05
385.72	8.93279e-05
385.74	8.91642e-05
385.76	8.90009e-05
385.78	8.8838e-05
385.8	8.86755e-05
385.82	8.85134e-05
385.84	8.83517e-05
385.86	8.81904e-05
385.88	8.80295e-05
385.9	8.78691e-05
385.92	8.7709e-05
385.94	8.75493e-05
385.96	8.739e-05
385.98	8.72312e-05
386	8.70727e-05
386.02	8.69146e-05
386.04	8.67569e-05
386.06	8.65996e-05
386.08	8.64427e-05
386.1	8.62861e-05
386.12	8.613e-05
386.14	8.59743e-05
386.16	8.58189e-05
386.18	8.56639e-05
386.2	8.55093e-05
386.22	8.53551e-05
386.24	8.52013e-05
386.26	8.50478e-05
386.28	8.48948e-05
386.3	8.47421e-05
386.32	8.45898e-05
386.34	8.44379e-05
386.36	8.42863e-05
386.38	8.41351e-05
386.4	8.39843e-05
386.42	8.38339e-05
386.44	8.36838e-05
386.46	8.35342e-05
386.48	8.33848e-05
386.5	8.32359e-05
386.52	8.30873e-05
386.54	8.29391e-05
386.56	8.27913e-05
386.58	8.26438e-05
386.6	8.24967e-05
386.62	8.23499e-05
386.64	8.22035e-05
386.66	8.20575e-05
386.68	8.19118e-05
386.7	8.17665e-05
386.72	8.16216e-05
386.74	8.1477e-05
386.76	8.13328e-05
386.78	8.11889e-05
386.8	8.10454e-05
386.82	8.09022e-05
386.84	8.07594e-05
386.86	8.06169e-05
386.88	8.04748e-05
386.9	8.03331e-05
386.92	8.01917e-05
386.94	8.00506e-05
386.96	7.99099e-05
386.98	7.97696e-05
387	7.96296e-05
387.02	7.94899e-05
387.04	7.93506e-05
387.06	7.92116e-05
387.08	7.9073e-05
387.1	7.89347e-05
387.12	7.87968e-05
387.14	7.86592e-05
387.16	7.85219e-05
387.18	7.8385e-05
387.2	7.82484e-05
387.22	7.81122e-05
387.24	7.79763e-05
387.26	7.78407e-05
387.28	7.77055e-05
387.3	7.75706e-05
387.32	7.74361e-05
387.34	7.73018e-05
387.36	7.71679e-05
387.38	7.70344e-05
387.4	7.69012e-05
387.42	7.67683e-05
387.44	7.66357e-05
387.46	7.65035e-05
387.48	7.63716e-05
387.5	7.62401e-05
387.52	7.61088e-05
387.54	7.59779e-05
387.56	7.58473e-05
387.58	7.57171e-05
387.6	7.55872e-05
387.62	7.54576e-05
387.64	7.53283e-05
387.66	7.51993e-05
387.68	7.50707e-05
387.7	7.49424e-05
387.72	7.48144e-05
387.74	7.46868e-05
387.76	7.45594e-05
387.78	7.44324e-05
387.8	7.43057e-05
387.82	7.41793e-05
387.84	7.40533e-05
387.86	7.39275e-05
387.88	7.38021e-05
387.9	7.3677e-05
387.92	7.35522e-05
387.94	7.34277e-05
387.96	7.33036e-05
387.98	7.31797e-05
388	7.30562e-05
388.02	7.2933e-05
388.04	7.28101e-05
388.06	7.26875e-05
388.08	7.25652e-05
388.1	7.24433e-05
388.12	7.23216e-05
388.14	7.22003e-05
388.16	7.20792e-05
388.18	7.19585e-05
388.2	7.18381e-05
388.22	7.1718e-05
388.24	7.15982e-05
388.26	7.14787e-05
388.28	7.13595e-05
388.3	7.12407e-05
388.32	7.11221e-05
388.34	7.10038e-05
388.36	7.08859e-05
388.38	7.07682e-05
388.4	7.06509e-05
388.42	7.05339e-05
388.44	7.04171e-05
388.46	7.03007e-05
388.48	7.01845e-05
388.5	7.00687e-05
388.52	6.99532e-05
388.54	6.9838e-05
388.56	6.9723e-05
388.58	6.96084e-05
388.6	6.94941e-05
388.62	6.93801e-05
388.64	6.92664e-05
388.66	6.91529e-05
388.68	6.90398e-05
388.7	6.8927e-05
388.72	6.88145e-05
388.74	6.87022e-05
388.76	6.85903e-05
388.78	6.84786e-05
388.8	6.83673e-05
388.82	6.82563e-05
388.84	6.81455e-05
388.86	6.8035e-05
388.88	6.79249e-05
388.9	6.7815e-05
388.92	6.77055e-05
388.94	6.75962e-05
388.96	6.74872e-05
388.98	6.73785e-05
389	6.72701e-05
389.02	6.7162e-05
389.04	6.70542e-05
389.06	6.69467e-05
389.08	6.68394e-05
389.1	6.67325e-05
389.12	6.66258e-05
389.14	6.65195e-05
389.16	6.64134e-05
389.18	6.63076e-05
389.2	6.62022e-05
389.22	6.6097e-05
389.24	6.5992e-05
389.26	6.58874e-05
389.28	6.57831e-05
389.3	6.56791e-05
389.32	6.55753e-05
389.34	6.54718e-05
389.36	6.53687e-05
389.38	6.52658e-05
389.4	6.51632e-05
389.42	6.50608e-05
389.44	6.49588e-05
389.46	6.48571e-05
389.48	6.47556e-05
389.5	6.46544e-05
389.52	6.45535e-05
389.54	6.44529e-05
389.56	6.43526e-05
389.58	6.42526e-05
389.6	6.41528e-05
389.62	6.40534e-05
389.64	6.39542e-05
389.66	6.38553e-05
389.68	6.37567e-05
389.7	6.36584e-05
389.72	6.35603e-05
389.74	6.34626e-05
389.76	6.33651e-05
389.78	6.32679e-05
389.8	6.3171e-05
389.82	6.30744e-05
389.84	6.2978e-05
389.86	6.2882e-05
389.88	6.27862e-05
389.9	6.26907e-05
389.92	6.25955e-05
389.94	6.25006e-05
389.96	6.24059e-05
389.98	6.23116e-05
390	6.22175e-05
390.02	6.21237e-05
390.04	6.20302e-05
390.06	6.19369e-05
390.08	6.1844e-05
390.1	6.17513e-05
390.12	6.16589e-05
390.14	6.15668e-05
390.16	6.1475e-05
390.18	6.13834e-05
390.2	6.12922e-05
390.22	6.12012e-05
390.24	6.11105e-05
390.26	6.102e-05
390.28	6.09299e-05
390.3	6.08401e-05
390.32	6.07505e-05
390.34	6.06612e-05
390.36	6.05722e-05
390.38	6.04834e-05
390.4	6.0395e-05
390.42	6.03068e-05
390.44	6.02189e-05
390.46	6.01313e-05
390.48	6.0044e-05
390.5	5.9957e-05
390.52	5.98702e-05
390.54	5.97837e-05
390.56	5.96975e-05
390.58	5.96116e-05
390.6	5.9526e-05
390.62	5.94407e-05
390.64	5.93556e-05
390.66	5.92708e-05
390.68	5.91863e-05
390.7	5.91021e-05
390.72	5.90182e-05
390.74	5.89345e-05
390.76	5.88512e-05
390.78	5.87681e-05
390.8	5.86853e-05
390.82	5.86028e-05
390.84	5.85206e-05
390.86	5.84386e-05
390.88	5.8357e-05
390.9	5.82756e-05
390.92	5.81945e-05
390.94	5.81138e-05
390.96	5.80332e-05
390.98	5.7953e-05
391	5.78731e-05
391.02	5.77934e-05
391.04	5.77141e-05
391.06	5.7635e-05
391.08	5.75562e-05
391.1	5.74777e-05
391.12	5.73995e-05
391.14	5.73216e-05
391.16	5.7244e-05
391.18	5.71667e-05
391.2	5.70896e-05
391.22	5.70129e-05
391.24	5.69364e-05
391.26	5.68603e-05
391.28	5.67844e-05
391.3	5.67088e-05
391.32	5.66335e-05
391.34	5.65585e-05
391.36	5.64839e-05
391.38	5.64095e-05
391.4	5.63354e-05
391.42	5.62616e-05
391.44	5.61881e-05
391.46	5.61149e-05
391.48	5.6042e-05
391.5	5.59693e-05
391.52	5.5897e-05
391.54	5.5825e-05
391.56	5.57533e-05
391.58	5.56819e-05
391.6	5.56108e-05
391.62	5.55401e-05
391.64	5.54696e-05
391.66	5.53994e-05
391.68	5.53295e-05
391.7	5.526e-05
391.72	5.51907e-05
391.74	5.51218e-05
391.76	5.50532e-05
391.78	5.49848e-05
391.8	5.49168e-05
391.82	5.48491e-05
391.84	5.47818e-05
391.86	5.47147e-05
391.88	5.4648e-05
391.9	5.45816e-05
391.92	5.45155e-05
391.94	5.44497e-05
391.96	5.43842e-05
391.98	5.43191e-05
392	5.42543e-05
392.02	5.41898e-05
392.04	5.41257e-05
392.06	5.40619e-05
392.08	5.39984e-05
392.1	5.39352e-05
392.12	5.38724e-05
392.14	5.38099e-05
392.16	5.37478e-05
392.18	5.3686e-05
392.2	5.36245e-05
392.22	5.35634e-05
392.24	5.35026e-05
392.26	5.34422e-05
392.28	5.33821e-05
392.3	5.33224e-05
392.32	5.3263e-05
392.34	5.3204e-05
392.36	5.31453e-05
392.38	5.3087e-05
392.4	5.30291e-05
392.42	5.29715e-05
392.44	5.29143e-05
392.46	5.28574e-05
392.48	5.2801e-05
392.5	5.27449e-05
392.52	5.26891e-05
392.54	5.26338e-05
392.56	5.25788e-05
392.58	5.25243e-05
392.6	5.24701e-05
392.62	5.24163e-05
392.64	5.23629e-05
392.66	5.23099e-05
392.68	5.22573e-05
392.7	5.22051e-05
392.72	5.21533e-05
392.74	5.2102e-05
392.76	5.2051e-05
392.78	5.20005e-05
392.8	5.19504e-05
392.82	5.19007e-05
392.84	5.18514e-05
392.86	5.18026e-05
392.88	5.17542e-05
392.9	5.17063e-05
392.92	5.16588e-05
392.94	5.16118e-05
392.96	5.15652e-05
392.98	5.15191e-05
393	5.14735e-05
393.02	5.14284e-05
393.04	5.13837e-05
393.06	5.13395e-05
393.08	5.12959e-05
393.1	5.12527e-05
393.12	5.121e-05
393.14	5.11679e-05
393.16	5.11263e-05
393.18	5.10852e-05
393.2	5.10446e-05
393.22	5.10046e-05
393.24	5.09652e-05
393.26	5.09263e-05
393.28	5.0888e-05
393.3	5.08502e-05
393.32	5.08131e-05
393.34	5.07766e-05
393.36	5.07407e-05
393.38	5.07054e-05
393.4	5.06707e-05
393.42	5.06367e-05
393.44	5.06034e-05
393.46	5.05707e-05
393.48	5.05387e-05
393.5	5.05074e-05
393.52	5.04769e-05
393.54	5.0447e-05
393.56	5.04179e-05
393.58	5.03896e-05
393.6	5.03621e-05
393.62	5.03354e-05
393.64	5.03095e-05
393.66	5.02845e-05
393.68	5.02603e-05
393.7	5.0237e-05
393.72	5.02146e-05
393.74	5.01932e-05
393.76	5.01728e-05
393.78	5.01533e-05
393.8	5.01349e-05
393.82	5.01176e-05
393.84	5.01013e-05
393.86	5.00862e-05
393.88	5.00723e-05
393.9	5.00596e-05
393.92	5.00482e-05
393.94	5.00381e-05
393.96	5.00294e-05
393.98	5.00221e-05
394	5.00164e-05
394.02	5.00121e-05
394.04	5.00096e-05
394.06	5.00087e-05
394.08	5.00096e-05
394.1	5.00124e-05
394.12	5.00173e-05
394.14	5.00242e-05
394.16	5.00334e-05
394.18	5.00449e-05
394.2	5.0059e-05
394.22	5.00758e-05
394.24	5.00954e-05
394.26	5.01182e-05
394.28	5.01442e-05
394.3	5.01739e-05
394.32	5.02076e-05
394.34	5.02454e-05
394.36	5.0288e-05
394.38	5.03358e-05
394.4	5.03892e-05
394.42	5.04491e-05
394.44	5.05161e-05
394.46	5.05913e-05
394.48	5.06757e-05
394.5	5.0771e-05
394.52	5.08788e-05
394.54	5.10016e-05
394.56	5.11426e-05
394.58	5.13058e-05
394.6	5.14974e-05
394.62	5.17259e-05
394.64	5.20045e-05
394.66	5.23549e-05
394.68	5.28156e-05
394.7	5.34624e-05
394.72	5.4463e-05
394.74	5.62082e-05
394.76	5.93947e-05
394.78	6.44906e-05
394.8	7.10619e-05
394.82	7.84336e-05
394.84	8.65036e-05
394.86	9.54311e-05
394.88	0.000105098
394.9	0.000115152
394.92	0.000125292
394.94	0.000135259
394.96	0.00014474
394.98	0.000153355
395	0.00016073
395.02	0.000166595
395.04	0.000170867
395.06	0.000173626
395.08	0.000175037
395.1	0.000175285
395.12	0.000174559
395.14	0.00017306
395.16	0.000170992
395.18	0.000168551
395.2	0.000165904
395.22	0.000163182
395.24	0.000160482
395.26	0.000157871
395.28	0.00015539
395.3	0.000153067
395.32	0.000150911
395.34	0.000148928
395.36	0.000147113
395.38	0.000145461
395.4	0.000143962
395.42	0.000142606
395.44	0.000141382
395.46	0.000140279
395.48	0.000139285
395.5	0.000138391
395.52	0.000137587
395.54	0.000136865
395.56	0.000136216
395.58	0.000135634
395.6	0.000135111
395.62	0.000134643
395.64	0.000134224
395.66	0.00013385
395.68	0.000133516
395.7	0.00013322
395.72	0.000132959
395.74	0.000132729
395.76	0.000132528
395.78	0.000132353
395.8	0.000132205
395.82	0.000132079
395.84	0.000131975
395.86	0.000131892
395.88	0.000131828
395.9	0.000131781
395.92	0.000131752
395.94	0.000131738
395.96	0.000131739
395.98	0.000131754
396	0.000131782
396.02	0.000131822
396.04	0.000131873
396.06	0.000131935
396.08	0.000132007
396.1	0.000132088
396.12	0.000132177
396.14	0.000132273
396.16	0.000132377
396.18	0.000132487
396.2	0.000132602
396.22	0.000132722
396.24	0.000132847
396.26	0.000132975
396.28	0.000133106
396.3	0.00013324
396.32	0.000133375
396.34	0.000133512
396.36	0.00013365
396.38	0.000133787
396.4	0.000133925
396.42	0.000134062
396.44	0.000134197
396.46	0.000134331
396.48	0.000134463
396.5	0.000134593
396.52	0.000134719
396.54	0.000134842
396.56	0.000134962
396.58	0.000135077
396.6	0.000135189
396.62	0.000135296
396.64	0.000135398
396.66	0.000135495
396.68	0.000135586
396.7	0.000135672
396.72	0.000135753
396.74	0.000135827
396.76	0.000135896
396.78	0.000135958
396.8	0.000136014
396.82	0.000136064
396.84	0.000136107
396.86	0.000136144
396.88	0.000136174
396.9	0.000136197
396.92	0.000136214
396.94	0.000136224
396.96	0.000136227
396.98	0.000136224
397	0.000136214
397.02	0.000136197
397.04	0.000136174
397.06	0.000136144
397.08	0.000136107
397.1	0.000136064
397.12	0.000136015
397.14	0.000135959
397.16	0.000135897
397.18	0.00013583
397.2	0.000135756
397.22	0.000135676
397.24	0.00013559
397.26	0.000135499
397.28	0.000135402
397.3	0.000135299
397.32	0.000135191
397.34	0.000135078
397.36	0.00013496
397.38	0.000134837
397.4	0.000134709
397.42	0.000134577
397.44	0.000134439
397.46	0.000134298
397.48	0.000134151
397.5	0.000134001
397.52	0.000133847
397.54	0.000133688
397.56	0.000133526
397.58	0.00013336
397.6	0.000133191
397.62	0.000133018
397.64	0.000132842
397.66	0.000132662
397.68	0.00013248
397.7	0.000132294
397.72	0.000132105
397.74	0.000131914
397.76	0.00013172
397.78	0.000131524
397.8	0.000131325
397.82	0.000131123
397.84	0.00013092
397.86	0.000130714
397.88	0.000130506
397.9	0.000130296
397.92	0.000130085
397.94	0.000129871
397.96	0.000129656
397.98	0.000129439
398	0.000129221
398.02	0.000129001
398.04	0.00012878
398.06	0.000128557
398.08	0.000128333
398.1	0.000128108
398.12	0.000127882
398.14	0.000127655
398.16	0.000127427
398.18	0.000127198
398.2	0.000126968
398.22	0.000126737
398.24	0.000126506
398.26	0.000126274
398.28	0.000126041
398.3	0.000125807
398.32	0.000125573
398.34	0.000125339
398.36	0.000125104
398.38	0.000124869
398.4	0.000124633
398.42	0.000124397
398.44	0.000124161
398.46	0.000123924
398.48	0.000123687
398.5	0.00012345
398.52	0.000123213
398.54	0.000122976
398.56	0.000122739
398.58	0.000122501
398.6	0.000122264
398.62	0.000122027
398.64	0.000121789
398.66	0.000121552
398.68	0.000121315
398.7	0.000121078
398.72	0.000120841
398.74	0.000120604
398.76	0.000120367
398.78	0.00012013
398.8	0.000119894
398.82	0.000119658
398.84	0.000119422
398.86	0.000119187
398.88	0.000118951
398.9	0.000118716
398.92	0.000118481
398.94	0.000118247
398.96	0.000118013
398.98	0.000117779
399	0.000117546
399.02	0.000117313
399.04	0.00011708
399.06	0.000116848
399.08	0.000116616
399.1	0.000116385
399.12	0.000116154
399.14	0.000115923
399.16	0.000115693
399.18	0.000115463
399.2	0.000115234
399.22	0.000115005
399.24	0.000114777
399.26	0.000114549
399.28	0.000114321
399.3	0.000114094
399.32	0.000113868
399.34	0.000113642
399.36	0.000113417
399.38	0.000113192
399.4	0.000112967
399.42	0.000112743
399.44	0.00011252
399.46	0.000112297
399.48	0.000112074
399.5	0.000111853
399.52	0.000111631
399.54	0.00011141
399.56	0.00011119
399.58	0.00011097
399.6	0.000110751
399.62	0.000110532
399.64	0.000110314
399.66	0.000110097
399.68	0.000109879
399.7	0.000109663
399.72	0.000109447
399.74	0.000109231
399.76	0.000109016
399.78	0.000108802
399.8	0.000108588
399.82	0.000108375
399.84	0.000108162
399.86	0.00010795
399.88	0.000107738
399.9	0.000107527
399.92	0.000107317
399.94	0.000107107
399.96	0.000106897
399.98	0.000106688
400	0.00010648
400.02	0.000106272
400.04	0.000106065
400.06	0.000105858
400.08	0.000105652
400.1	0.000105446
400.12	0.000105241
400.14	0.000105036
400.16	0.000104832
400.18	0.000104628
400.2	0.000104425
400.22	0.000104223
400.24	0.000104021
400.26	0.00010382
400.28	0.000103619
400.3	0.000103418
400.32	0.000103219
400.34	0.000103019
400.36	0.00010282
400.38	0.000102622
400.4	0.000102424
400.42	0.000102227
400.44	0.00010203
400.46	0.000101834
400.48	0.000101639
400.5	0.000101443
400.52	0.000101249
400.54	0.000101055
400.56	0.000100861
400.58	0.000100668
400.6	0.000100475
400.62	0.000100283
400.64	0.000100092
400.66	9.99006e-05
400.68	9.971e-05
400.7	9.95199e-05
400.72	9.93303e-05
400.74	9.91412e-05
400.76	9.89526e-05
400.78	9.87644e-05
400.8	9.85768e-05
400.82	9.83897e-05
400.84	9.8203e-05
400.86	9.80168e-05
400.88	9.78312e-05
400.9	9.7646e-05
400.92	9.74612e-05
400.94	9.7277e-05
400.96	9.70932e-05
400.98	9.691e-05
401	9.67271e-05
401.02	9.65448e-05
401.04	9.63629e-05
401.06	9.61815e-05
401.08	9.60006e-05
401.1	9.58201e-05
401.12	9.56401e-05
401.14	9.54606e-05
401.16	9.52815e-05
401.18	9.51029e-05
401.2	9.49248e-05
401.22	9.47471e-05
401.24	9.45698e-05
401.26	9.4393e-05
401.28	9.42167e-05
401.3	9.40408e-05
401.32	9.38654e-05
401.34	9.36904e-05
401.36	9.35158e-05
401.38	9.33417e-05
401.4	9.31681e-05
401.42	9.29949e-05
401.44	9.28221e-05
401.46	9.26497e-05
401.48	9.24778e-05
401.5	9.23064e-05
401.52	9.21353e-05
401.54	9.19648e-05
401.56	9.17946e-05
401.58	9.16249e-05
401.6	9.14556e-05
401.62	9.12867e-05
401.64	9.11182e-05
401.66	9.09502e-05
401.68	9.07826e-05
401.7	9.06154e-05
401.72	9.04487e-05
401.74	9.02823e-05
401.76	9.01164e-05
401.78	8.99509e-05
401.8	8.97858e-05
401.82	8.96211e-05
401.84	8.94569e-05
401.86	8.9293e-05
401.88	8.91296e-05
401.9	8.89665e-05
401.92	8.88039e-05
401.94	8.86417e-05
401.96	8.84799e-05
401.98	8.83185e-05
402	8.81575e-05
402.02	8.79969e-05
402.04	8.78367e-05
402.06	8.76769e-05
402.08	8.75175e-05
402.1	8.73585e-05
402.12	8.71998e-05
402.14	8.70416e-05
402.16	8.68838e-05
402.18	8.67264e-05
402.2	8.65693e-05
402.22	8.64127e-05
402.24	8.62564e-05
402.26	8.61005e-05
402.28	8.59451e-05
402.3	8.579e-05
402.32	8.56352e-05
402.34	8.54809e-05
402.36	8.5327e-05
402.38	8.51734e-05
402.4	8.50202e-05
402.42	8.48674e-05
402.44	8.4715e-05
402.46	8.45629e-05
402.48	8.44112e-05
402.5	8.42599e-05
402.52	8.4109e-05
402.54	8.39585e-05
402.56	8.38083e-05
402.58	8.36585e-05
402.6	8.3509e-05
402.62	8.336e-05
402.64	8.32113e-05
402.66	8.30629e-05
402.68	8.2915e-05
402.7	8.27674e-05
402.72	8.26201e-05
402.74	8.24733e-05
402.76	8.23267e-05
402.78	8.21806e-05
402.8	8.20348e-05
402.82	8.18894e-05
402.84	8.17443e-05
402.86	8.15996e-05
402.88	8.14553e-05
402.9	8.13113e-05
402.92	8.11676e-05
402.94	8.10244e-05
402.96	8.08814e-05
402.98	8.07389e-05
403	8.05966e-05
403.02	8.04548e-05
403.04	8.03132e-05
403.06	8.01721e-05
403.08	8.00313e-05
403.1	7.98908e-05
403.12	7.97507e-05
403.14	7.96109e-05
403.16	7.94715e-05
403.18	7.93324e-05
403.2	7.91936e-05
403.22	7.90552e-05
403.24	7.89172e-05
403.26	7.87795e-05
403.28	7.86421e-05
403.3	7.85051e-05
403.32	7.83684e-05
403.34	7.8232e-05
403.36	7.8096e-05
403.38	7.79604e-05
403.4	7.7825e-05
403.42	7.769e-05
403.44	7.75554e-05
403.46	7.7421e-05
403.48	7.7287e-05
403.5	7.71534e-05
403.52	7.70201e-05
403.54	7.68871e-05
403.56	7.67544e-05
403.58	7.66221e-05
403.6	7.64901e-05
403.62	7.63584e-05
403.64	7.62271e-05
403.66	7.60961e-05
403.68	7.59654e-05
403.7	7.5835e-05
403.72	7.5705e-05
403.74	7.55753e-05
403.76	7.54459e-05
403.78	7.53168e-05
403.8	7.51881e-05
403.82	7.50597e-05
403.84	7.49316e-05
403.86	7.48039e-05
403.88	7.46764e-05
403.9	7.45493e-05
403.92	7.44225e-05
403.94	7.4296e-05
403.96	7.41698e-05
403.98	7.4044e-05
404	7.39185e-05
404.02	7.37933e-05
404.04	7.36684e-05
404.06	7.35438e-05
404.08	7.34196e-05
404.1	7.32956e-05
404.12	7.3172e-05
404.14	7.30487e-05
404.16	7.29257e-05
404.18	7.2803e-05
404.2	7.26806e-05
404.22	7.25586e-05
404.24	7.24368e-05
404.26	7.23154e-05
404.28	7.21943e-05
404.3	7.20734e-05
404.32	7.19529e-05
404.34	7.18328e-05
404.36	7.17129e-05
404.38	7.15933e-05
404.4	7.1474e-05
404.42	7.1355e-05
404.44	7.12364e-05
404.46	7.1118e-05
404.48	7.1e-05
404.5	7.08823e-05
404.52	7.07648e-05
404.54	7.06477e-05
404.56	7.05309e-05
404.58	7.04143e-05
404.6	7.02981e-05
404.62	7.01822e-05
404.64	7.00666e-05
404.66	6.99513e-05
404.68	6.98363e-05
404.7	6.97216e-05
404.72	6.96072e-05
404.74	6.94931e-05
404.76	6.93792e-05
404.78	6.92657e-05
404.8	6.91525e-05
404.82	6.90396e-05
404.84	6.8927e-05
404.86	6.88147e-05
404.88	6.87027e-05
404.9	6.8591e-05
404.92	6.84795e-05
404.94	6.83684e-05
404.96	6.82576e-05
404.98	6.8147e-05
405	6.80368e-05
405.02	6.79269e-05
405.04	6.78172e-05
405.06	6.77079e-05
405.08	6.75988e-05
405.1	6.749e-05
405.12	6.73816e-05
405.14	6.72734e-05
405.16	6.71655e-05
405.18	6.70579e-05
405.2	6.69506e-05
405.22	6.68436e-05
405.24	6.67369e-05
405.26	6.66304e-05
405.28	6.65243e-05
405.3	6.64184e-05
405.32	6.63129e-05
405.34	6.62076e-05
405.36	6.61026e-05
405.38	6.59979e-05
405.4	6.58935e-05
405.42	6.57894e-05
405.44	6.56856e-05
405.46	6.55821e-05
405.48	6.54788e-05
405.5	6.53759e-05
405.52	6.52732e-05
405.54	6.51708e-05
405.56	6.50687e-05
405.58	6.49669e-05
405.6	6.48654e-05
405.62	6.47642e-05
405.64	6.46632e-05
405.66	6.45625e-05
405.68	6.44622e-05
405.7	6.43621e-05
405.72	6.42623e-05
405.74	6.41628e-05
405.76	6.40635e-05
405.78	6.39646e-05
405.8	6.38659e-05
405.82	6.37675e-05
405.84	6.36694e-05
405.86	6.35716e-05
405.88	6.34741e-05
405.9	6.33768e-05
405.92	6.32799e-05
405.94	6.31832e-05
405.96	6.30868e-05
405.98	6.29907e-05
406	6.28949e-05
406.02	6.27993e-05
406.04	6.27041e-05
406.06	6.26091e-05
406.08	6.25144e-05
406.1	6.242e-05
406.12	6.23259e-05
406.14	6.2232e-05
406.16	6.21384e-05
406.18	6.20452e-05
406.2	6.19522e-05
406.22	6.18594e-05
406.24	6.1767e-05
406.26	6.16749e-05
406.28	6.1583e-05
406.3	6.14914e-05
406.32	6.14001e-05
406.34	6.13091e-05
406.36	6.12183e-05
406.38	6.11279e-05
406.4	6.10377e-05
406.42	6.09478e-05
406.44	6.08582e-05
406.46	6.07689e-05
406.48	6.06798e-05
406.5	6.05911e-05
406.52	6.05026e-05
406.54	6.04144e-05
406.56	6.03265e-05
406.58	6.02388e-05
406.6	6.01515e-05
406.62	6.00644e-05
406.64	5.99776e-05
406.66	5.98911e-05
406.68	5.98049e-05
406.7	5.9719e-05
406.72	5.96333e-05
406.74	5.9548e-05
406.76	5.94629e-05
406.78	5.93781e-05
406.8	5.92936e-05
406.82	5.92093e-05
406.84	5.91254e-05
406.86	5.90417e-05
406.88	5.89584e-05
406.9	5.88753e-05
406.92	5.87925e-05
406.94	5.87099e-05
406.96	5.86277e-05
406.98	5.85457e-05
407	5.84641e-05
407.02	5.83827e-05
407.04	5.83016e-05
407.06	5.82208e-05
407.08	5.81403e-05
407.1	5.80601e-05
407.12	5.79801e-05
407.14	5.79005e-05
407.16	5.78211e-05
407.18	5.77421e-05
407.2	5.76633e-05
407.22	5.75848e-05
407.24	5.75066e-05
407.26	5.74287e-05
407.28	5.73511e-05
407.3	5.72737e-05
407.32	5.71967e-05
407.34	5.712e-05
407.36	5.70435e-05
407.38	5.69674e-05
407.4	5.68915e-05
407.42	5.68159e-05
407.44	5.67407e-05
407.46	5.66657e-05
407.48	5.6591e-05
407.5	5.65167e-05
407.52	5.64426e-05
407.54	5.63688e-05
407.56	5.62953e-05
407.58	5.62221e-05
407.6	5.61493e-05
407.62	5.60767e-05
407.64	5.60044e-05
407.66	5.59324e-05
407.68	5.58608e-05
407.7	5.57894e-05
407.72	5.57183e-05
407.74	5.56476e-05
407.76	5.55771e-05
407.78	5.5507e-05
407.8	5.54372e-05
407.82	5.53677e-05
407.84	5.52984e-05
407.86	5.52296e-05
407.88	5.5161e-05
407.9	5.50927e-05
407.92	5.50248e-05
407.94	5.49571e-05
407.96	5.48898e-05
407.98	5.48228e-05
408	5.47561e-05
408.02	5.46898e-05
408.04	5.46237e-05
408.06	5.4558e-05
408.08	5.44926e-05
408.1	5.44276e-05
408.12	5.43628e-05
408.14	5.42984e-05
408.16	5.42344e-05
408.18	5.41706e-05
408.2	5.41072e-05
408.22	5.40441e-05
408.24	5.39814e-05
408.26	5.3919e-05
408.28	5.38569e-05
408.3	5.37952e-05
408.32	5.37338e-05
408.34	5.36728e-05
408.36	5.36121e-05
408.38	5.35518e-05
408.4	5.34918e-05
408.42	5.34322e-05
408.44	5.3373e-05
408.46	5.3314e-05
408.48	5.32555e-05
408.5	5.31973e-05
408.52	5.31395e-05
408.54	5.3082e-05
408.56	5.30249e-05
408.58	5.29682e-05
408.6	5.29119e-05
408.62	5.28559e-05
408.64	5.28003e-05
408.66	5.27451e-05
408.68	5.26903e-05
408.7	5.26359e-05
408.72	5.25819e-05
408.74	5.25282e-05
408.76	5.2475e-05
408.78	5.24222e-05
408.8	5.23697e-05
408.82	5.23177e-05
408.84	5.22661e-05
408.86	5.22149e-05
408.88	5.21642e-05
408.9	5.21138e-05
408.92	5.20639e-05
408.94	5.20144e-05
408.96	5.19654e-05
408.98	5.19168e-05
409	5.18686e-05
409.02	5.18209e-05
409.04	5.17736e-05
409.06	5.17268e-05
409.08	5.16805e-05
409.1	5.16347e-05
409.12	5.15893e-05
409.14	5.15444e-05
409.16	5.15e-05
409.18	5.14561e-05
409.2	5.14127e-05
409.22	5.13698e-05
409.24	5.13275e-05
409.26	5.12856e-05
409.28	5.12443e-05
409.3	5.12035e-05
409.32	5.11633e-05
409.34	5.11236e-05
409.36	5.10845e-05
409.38	5.1046e-05
409.4	5.1008e-05
409.42	5.09706e-05
409.44	5.09339e-05
409.46	5.08977e-05
409.48	5.08622e-05
409.5	5.08273e-05
409.52	5.07931e-05
409.54	5.07595e-05
409.56	5.07266e-05
409.58	5.06944e-05
409.6	5.06629e-05
409.62	5.06321e-05
409.64	5.06021e-05
409.66	5.05728e-05
409.68	5.05442e-05
409.7	5.05165e-05
409.72	5.04895e-05
409.74	5.04634e-05
409.76	5.04381e-05
409.78	5.04137e-05
409.8	5.03902e-05
409.82	5.03676e-05
409.84	5.03459e-05
409.86	5.03252e-05
409.88	5.03055e-05
409.9	5.02869e-05
409.92	5.02693e-05
409.94	5.02528e-05
409.96	5.02375e-05
409.98	5.02233e-05
410	5.02104e-05
410.02	5.01987e-05
410.04	5.01883e-05
410.06	5.01793e-05
410.08	5.01718e-05
410.1	5.01657e-05
410.12	5.01612e-05
410.14	5.01583e-05
410.16	5.01571e-05
410.18	5.01577e-05
410.2	5.01602e-05
410.22	5.01647e-05
410.24	5.01713e-05
410.26	5.01801e-05
410.28	5.01913e-05
410.3	5.0205e-05
410.32	5.02213e-05
410.34	5.02405e-05
410.36	5.02628e-05
410.38	5.02884e-05
410.4	5.03175e-05
410.42	5.03506e-05
410.44	5.03878e-05
410.46	5.04297e-05
410.48	5.04767e-05
410.5	5.05294e-05
410.52	5.05883e-05
410.54	5.06543e-05
410.56	5.07283e-05
410.58	5.08114e-05
410.6	5.09051e-05
410.62	5.10111e-05
410.64	5.11317e-05
410.66	5.12699e-05
410.68	5.14297e-05
410.7	5.16168e-05
410.72	5.18394e-05
410.74	5.21097e-05
410.76	5.24479e-05
410.78	5.28888e-05
410.8	5.35004e-05
410.82	5.44301e-05
410.84	5.60232e-05
410.86	5.89441e-05
410.88	6.37603e-05
410.9	7.01696e-05
410.92	7.7455e-05
410.94	8.54203e-05
410.96	9.42269e-05
410.98	0.000103815
411	0.000113844
411.02	0.000123998
411.04	0.000134019
411.06	0.000143605
411.08	0.000152383
411.1	0.000159973
411.12	0.000166082
411.14	0.000170596
411.16	0.000173576
411.18	0.000175178
411.2	0.000175587
411.22	0.000174993
411.24	0.000173593
411.26	0.000171592
411.28	0.000169189
411.3	0.000166557
411.32	0.000163832
411.34	0.000161116
411.36	0.000158481
411.38	0.000155973
411.4	0.000153618
411.42	0.000151431
411.44	0.000149417
411.46	0.000147572
411.48	0.000145892
411.5	0.000144367
411.52	0.000142986
411.54	0.00014174
411.56	0.000140616
411.58	0.000139604
411.6	0.000138694
411.62	0.000137875
411.64	0.000137139
411.66	0.000136478
411.68	0.000135884
411.7	0.000135352
411.72	0.000134874
411.74	0.000134447
411.76	0.000134065
411.78	0.000133725
411.8	0.000133423
411.82	0.000133155
411.84	0.00013292
411.86	0.000132714
411.88	0.000132536
411.9	0.000132382
411.92	0.000132253
411.94	0.000132146
411.96	0.000132059
411.98	0.000131992
412	0.000131942
412.02	0.00013191
412.04	0.000131894
412.06	0.000131892
412.08	0.000131905
412.1	0.000131931
412.12	0.000131969
412.14	0.000132019
412.16	0.000132079
412.18	0.00013215
412.2	0.000132229
412.22	0.000132317
412.24	0.000132412
412.26	0.000132515
412.28	0.000132624
412.3	0.000132739
412.32	0.000132858
412.34	0.000132982
412.36	0.00013311
412.38	0.000133241
412.4	0.000133374
412.42	0.00013351
412.44	0.000133647
412.46	0.000133784
412.48	0.000133922
412.5	0.00013406
412.52	0.000134197
412.54	0.000134333
412.56	0.000134468
412.58	0.0001346
412.6	0.00013473
412.62	0.000134857
412.64	0.000134981
412.66	0.000135101
412.68	0.000135218
412.7	0.00013533
412.72	0.000135438
412.74	0.000135541
412.76	0.000135639
412.78	0.000135732
412.8	0.000135819
412.82	0.0001359
412.84	0.000135976
412.86	0.000136046
412.88	0.000136109
412.9	0.000136166
412.92	0.000136217
412.94	0.000136262
412.96	0.0001363
412.98	0.000136331
413	0.000136355
413.02	0.000136373
413.04	0.000136384
413.06	0.000136389
413.08	0.000136387
413.1	0.000136378
413.12	0.000136362
413.14	0.00013634
413.16	0.000136311
413.18	0.000136276
413.2	0.000136234
413.22	0.000136186
413.24	0.000136131
413.26	0.00013607
413.28	0.000136003
413.3	0.00013593
413.32	0.000135851
413.34	0.000135767
413.36	0.000135676
413.38	0.00013558
413.4	0.000135479
413.42	0.000135372
413.44	0.00013526
413.46	0.000135142
413.48	0.00013502
413.5	0.000134893
413.52	0.000134761
413.54	0.000134624
413.56	0.000134483
413.58	0.000134338
413.6	0.000134188
413.62	0.000134034
413.64	0.000133876
413.66	0.000133715
413.68	0.00013355
413.7	0.000133381
413.72	0.000133208
413.74	0.000133032
413.76	0.000132853
413.78	0.000132671
413.8	0.000132486
413.82	0.000132298
413.84	0.000132107
413.86	0.000131913
413.88	0.000131717
413.9	0.000131518
413.92	0.000131317
413.94	0.000131114
413.96	0.000130908
413.98	0.000130701
414	0.000130491
414.02	0.000130279
414.04	0.000130066
414.06	0.000129851
414.08	0.000129634
414.1	0.000129416
414.12	0.000129196
414.14	0.000128975
414.16	0.000128753
414.18	0.000128529
414.2	0.000128304
414.22	0.000128078
414.24	0.000127851
414.26	0.000127623
414.28	0.000127394
414.3	0.000127164
414.32	0.000126933
414.34	0.000126701
414.36	0.000126469
414.38	0.000126236
414.4	0.000126003
414.42	0.000125769
414.44	0.000125534
414.46	0.000125299
414.48	0.000125064
414.5	0.000124828
414.52	0.000124592
414.54	0.000124355
414.56	0.000124119
414.58	0.000123882
414.6	0.000123645
414.62	0.000123407
414.64	0.00012317
414.66	0.000122933
414.68	0.000122695
414.7	0.000122457
414.72	0.00012222
414.74	0.000121982
414.76	0.000121745
414.78	0.000121507
414.8	0.00012127
414.82	0.000121033
414.84	0.000120796
414.86	0.000120559
414.88	0.000120322
414.9	0.000120086
414.92	0.000119849
414.94	0.000119613
414.96	0.000119377
414.98	0.000119142
415	0.000118907
415.02	0.000118672
415.04	0.000118437
415.06	0.000118203
415.08	0.000117969
415.1	0.000117735
415.12	0.000117502
415.14	0.000117269
415.16	0.000117036
415.18	0.000116804
415.2	0.000116573
415.22	0.000116341
415.24	0.00011611
415.26	0.00011588
415.28	0.00011565
415.3	0.00011542
415.32	0.000115191
415.34	0.000114963
415.36	0.000114735
415.38	0.000114507
415.4	0.00011428
415.42	0.000114053
415.44	0.000113827
415.46	0.000113601
415.48	0.000113376
415.5	0.000113151
415.52	0.000112927
415.54	0.000112703
415.56	0.00011248
415.58	0.000112257
415.6	0.000112035
415.62	0.000111814
415.64	0.000111593
415.66	0.000111372
415.68	0.000111152
415.7	0.000110932
415.72	0.000110713
415.74	0.000110495
415.76	0.000110277
415.78	0.00011006
415.8	0.000109843
415.82	0.000109627
415.84	0.000109411
415.86	0.000109196
415.88	0.000108981
415.9	0.000108767
415.92	0.000108553
415.94	0.00010834
415.96	0.000108128
415.98	0.000107916
416	0.000107705
416.02	0.000107494
416.04	0.000107284
416.06	0.000107074
416.08	0.000106865
416.1	0.000106656
416.12	0.000106448
416.14	0.00010624
416.16	0.000106033
416.18	0.000105827
416.2	0.000105621
416.22	0.000105415
416.24	0.00010521
416.26	0.000105006
416.28	0.000104802
416.3	0.000104599
416.32	0.000104396
416.34	0.000104194
416.36	0.000103992
416.38	0.000103791
416.4	0.000103591
416.42	0.000103391
416.44	0.000103191
416.46	0.000102992
416.48	0.000102794
416.5	0.000102596
416.52	0.000102398
416.54	0.000102201
416.56	0.000102005
416.58	0.000101809
416.6	0.000101613
416.62	0.000101418
416.64	0.000101224
416.66	0.00010103
416.68	0.000100837
416.7	0.000100644
416.72	0.000100452
416.74	0.00010026
416.76	0.000100069
416.78	9.98777e-05
416.8	9.96874e-05
416.82	9.94975e-05
416.84	9.93082e-05
416.86	9.91194e-05
416.88	9.8931e-05
416.9	9.87432e-05
416.92	9.85558e-05
416.94	9.83689e-05
416.96	9.81825e-05
416.98	9.79966e-05
417	9.78112e-05
417.02	9.76262e-05
417.04	9.74418e-05
417.06	9.72578e-05
417.08	9.70743e-05
417.1	9.68912e-05
417.12	9.67087e-05
417.14	9.65266e-05
417.16	9.6345e-05
417.18	9.61638e-05
417.2	9.59831e-05
417.22	9.58029e-05
417.24	9.56232e-05
417.26	9.54439e-05
417.28	9.5265e-05
417.3	9.50867e-05
417.32	9.49088e-05
417.34	9.47313e-05
417.36	9.45543e-05
417.38	9.43777e-05
417.4	9.42016e-05
417.42	9.4026e-05
417.44	9.38508e-05
417.46	9.3676e-05
417.48	9.35017e-05
417.5	9.33279e-05
417.52	9.31544e-05
417.54	9.29815e-05
417.56	9.28089e-05
417.58	9.26368e-05
417.6	9.24652e-05
417.62	9.22939e-05
417.64	9.21231e-05
417.66	9.19528e-05
417.68	9.17828e-05
417.7	9.16133e-05
417.72	9.14442e-05
417.74	9.12756e-05
417.76	9.11074e-05
417.78	9.09396e-05
417.8	9.07722e-05
417.82	9.06053e-05
417.84	9.04387e-05
417.86	9.02726e-05
417.88	9.01069e-05
417.9	8.99416e-05
417.92	8.97767e-05
417.94	8.96123e-05
417.96	8.94483e-05
417.98	8.92846e-05
418	8.91214e-05
418.02	8.89586e-05
418.04	8.87962e-05
418.06	8.86342e-05
418.08	8.84726e-05
418.1	8.83114e-05
418.12	8.81506e-05
418.14	8.79902e-05
418.16	8.78302e-05
418.18	8.76706e-05
418.2	8.75114e-05
418.22	8.73527e-05
418.24	8.71943e-05
418.26	8.70362e-05
418.28	8.68786e-05
418.3	8.67214e-05
418.32	8.65646e-05
418.34	8.64081e-05
418.36	8.62521e-05
418.38	8.60964e-05
418.4	8.59412e-05
418.42	8.57863e-05
418.44	8.56317e-05
418.46	8.54776e-05
418.48	8.53239e-05
418.5	8.51705e-05
418.52	8.50175e-05
418.54	8.48649e-05
418.56	8.47127e-05
418.58	8.45609e-05
418.6	8.44094e-05
418.62	8.42583e-05
418.64	8.41076e-05
418.66	8.39572e-05
418.68	8.38073e-05
418.7	8.36577e-05
418.72	8.35084e-05
418.74	8.33596e-05
418.76	8.32111e-05
418.78	8.30629e-05
418.8	8.29152e-05
418.82	8.27678e-05
418.84	8.26207e-05
418.86	8.24741e-05
418.88	8.23278e-05
418.9	8.21818e-05
418.92	8.20362e-05
418.94	8.1891e-05
418.96	8.17461e-05
418.98	8.16016e-05
419	8.14575e-05
419.02	8.13137e-05
419.04	8.11703e-05
419.06	8.10272e-05
419.08	8.08845e-05
419.1	8.07421e-05
419.12	8.06001e-05
419.14	8.04584e-05
419.16	8.03171e-05
419.18	8.01761e-05
419.2	8.00355e-05
419.22	7.98952e-05
419.24	7.97553e-05
419.26	7.96157e-05
419.28	7.94765e-05
419.3	7.93376e-05
419.32	7.9199e-05
419.34	7.90608e-05
419.36	7.8923e-05
419.38	7.87855e-05
419.4	7.86483e-05
419.42	7.85115e-05
419.44	7.8375e-05
419.46	7.82388e-05
419.48	7.8103e-05
419.5	7.79675e-05
419.52	7.78324e-05
419.54	7.76976e-05
419.56	7.75631e-05
419.58	7.7429e-05
419.6	7.72952e-05
419.62	7.71617e-05
419.64	7.70286e-05
419.66	7.68958e-05
419.68	7.67634e-05
419.7	7.66312e-05
419.72	7.64994e-05
419.74	7.63679e-05
419.76	7.62368e-05
419.78	7.6106e-05
419.8	7.59755e-05
419.82	7.58453e-05
419.84	7.57155e-05
419.86	7.5586e-05
419.88	7.54568e-05
419.9	7.53279e-05
419.92	7.51994e-05
419.94	7.50712e-05
419.96	7.49433e-05
419.98	7.48157e-05
420	7.46885e-05
420.02	7.45616e-05
420.04	7.4435e-05
420.06	7.43087e-05
420.08	7.41827e-05
420.1	7.40571e-05
420.12	7.39318e-05
420.14	7.38068e-05
420.16	7.36821e-05
420.18	7.35577e-05
420.2	7.34336e-05
420.22	7.33099e-05
420.24	7.31865e-05
420.26	7.30633e-05
420.28	7.29405e-05
420.3	7.28181e-05
420.32	7.26959e-05
420.34	7.2574e-05
420.36	7.24525e-05
420.38	7.23312e-05
420.4	7.22103e-05
420.42	7.20897e-05
420.44	7.19694e-05
420.46	7.18494e-05
420.48	7.17297e-05
420.5	7.16103e-05
420.52	7.14913e-05
420.54	7.13725e-05
420.56	7.1254e-05
420.58	7.11359e-05
420.6	7.1018e-05
420.62	7.09005e-05
420.64	7.07833e-05
420.66	7.06663e-05
420.68	7.05497e-05
420.7	7.04334e-05
420.72	7.03174e-05
420.74	7.02017e-05
420.76	7.00863e-05
420.78	6.99712e-05
420.8	6.98563e-05
420.82	6.97418e-05
420.84	6.96276e-05
420.86	6.95137e-05
420.88	6.94001e-05
420.9	6.92868e-05
420.92	6.91738e-05
420.94	6.90611e-05
420.96	6.89487e-05
420.98	6.88366e-05
421	6.87248e-05
421.02	6.86133e-05
421.04	6.85021e-05
421.06	6.83911e-05
421.08	6.82805e-05
421.1	6.81702e-05
421.12	6.80602e-05
421.14	6.79504e-05
421.16	6.7841e-05
421.18	6.77319e-05
421.2	6.7623e-05
421.22	6.75144e-05
421.24	6.74062e-05
421.26	6.72982e-05
421.28	6.71905e-05
421.3	6.70832e-05
421.32	6.69761e-05
421.34	6.68693e-05
421.36	6.67628e-05
421.38	6.66565e-05
421.4	6.65506e-05
421.42	6.6445e-05
421.44	6.63396e-05
421.46	6.62346e-05
421.48	6.61298e-05
421.5	6.60254e-05
421.52	6.59212e-05
421.54	6.58173e-05
421.56	6.57137e-05
421.58	6.56104e-05
421.6	6.55073e-05
421.62	6.54046e-05
421.64	6.53021e-05
421.66	6.52e-05
421.68	6.50981e-05
421.7	6.49965e-05
421.72	6.48952e-05
421.74	6.47942e-05
421.76	6.46935e-05
421.78	6.45931e-05
421.8	6.44929e-05
421.82	6.4393e-05
421.84	6.42935e-05
421.86	6.41942e-05
421.88	6.40952e-05
421.9	6.39964e-05
421.92	6.3898e-05
421.94	6.37999e-05
421.96	6.3702e-05
421.98	6.36044e-05
422	6.35071e-05
422.02	6.34101e-05
422.04	6.33134e-05
422.06	6.32169e-05
422.08	6.31208e-05
422.1	6.30249e-05
422.12	6.29293e-05
422.14	6.2834e-05
422.16	6.2739e-05
422.18	6.26443e-05
422.2	6.25498e-05
422.22	6.24556e-05
422.24	6.23617e-05
422.26	6.22681e-05
422.28	6.21748e-05
422.3	6.20818e-05
422.32	6.1989e-05
422.34	6.18966e-05
422.36	6.18044e-05
422.38	6.17125e-05
422.4	6.16209e-05
422.42	6.15295e-05
422.44	6.14385e-05
422.46	6.13477e-05
422.48	6.12572e-05
422.5	6.1167e-05
422.52	6.10771e-05
422.54	6.09875e-05
422.56	6.08981e-05
422.58	6.08091e-05
422.6	6.07203e-05
422.62	6.06318e-05
422.64	6.05436e-05
422.66	6.04556e-05
422.68	6.0368e-05
422.7	6.02806e-05
422.72	6.01935e-05
422.74	6.01067e-05
422.76	6.00202e-05
422.78	5.9934e-05
422.8	5.98481e-05
422.82	5.97624e-05
422.84	5.9677e-05
422.86	5.95919e-05
422.88	5.95071e-05
422.9	5.94226e-05
422.92	5.93384e-05
422.94	5.92544e-05
422.96	5.91708e-05
422.98	5.90874e-05
423	5.90043e-05
423.02	5.89215e-05
423.04	5.8839e-05
423.06	5.87568e-05
423.08	5.86748e-05
423.1	5.85932e-05
423.12	5.85118e-05
423.14	5.84307e-05
423.16	5.83499e-05
423.18	5.82695e-05
423.2	5.81892e-05
423.22	5.81093e-05
423.24	5.80297e-05
423.26	5.79504e-05
423.28	5.78713e-05
423.3	5.77926e-05
423.32	5.77141e-05
423.34	5.76359e-05
423.36	5.7558e-05
423.38	5.74805e-05
423.4	5.74032e-05
423.42	5.73262e-05
423.44	5.72495e-05
423.46	5.71731e-05
423.48	5.70969e-05
423.5	5.70211e-05
423.52	5.69456e-05
423.54	5.68704e-05
423.56	5.67955e-05
423.58	5.67208e-05
423.6	5.66465e-05
423.62	5.65725e-05
423.64	5.64988e-05
423.66	5.64253e-05
423.68	5.63522e-05
423.7	5.62794e-05
423.72	5.62069e-05
423.74	5.61347e-05
423.76	5.60628e-05
423.78	5.59912e-05
423.8	5.59199e-05
423.82	5.58489e-05
423.84	5.57782e-05
423.86	5.57079e-05
423.88	5.56378e-05
423.9	5.55681e-05
423.92	5.54986e-05
423.94	5.54295e-05
423.96	5.53607e-05
423.98	5.52922e-05
424	5.5224e-05
424.02	5.51562e-05
424.04	5.50886e-05
424.06	5.50214e-05
424.08	5.49545e-05
424.1	5.4888e-05
424.12	5.48217e-05
424.14	5.47558e-05
424.16	5.46902e-05
424.18	5.46249e-05
424.2	5.456e-05
424.22	5.44954e-05
424.24	5.44311e-05
424.26	5.43672e-05
424.28	5.43035e-05
424.3	5.42403e-05
424.32	5.41773e-05
424.34	5.41148e-05
424.36	5.40525e-05
424.38	5.39906e-05
424.4	5.3929e-05
424.42	5.38678e-05
424.44	5.3807e-05
424.46	5.37464e-05
424.48	5.36863e-05
424.5	5.36265e-05
424.52	5.3567e-05
424.54	5.35079e-05
424.56	5.34492e-05
424.58	5.33908e-05
424.6	5.33328e-05
424.62	5.32752e-05
424.64	5.3218e-05
424.66	5.31611e-05
424.68	5.31046e-05
424.7	5.30485e-05
424.72	5.29927e-05
424.74	5.29374e-05
424.76	5.28824e-05
424.78	5.28278e-05
424.8	5.27736e-05
424.82	5.27198e-05
424.84	5.26665e-05
424.86	5.26135e-05
424.88	5.25609e-05
424.9	5.25087e-05
424.92	5.2457e-05
424.94	5.24057e-05
424.96	5.23547e-05
424.98	5.23043e-05
425	5.22542e-05
425.02	5.22046e-05
425.04	5.21554e-05
425.06	5.21067e-05
425.08	5.20584e-05
425.1	5.20106e-05
425.12	5.19632e-05
425.14	5.19163e-05
425.16	5.18699e-05
425.18	5.18239e-05
425.2	5.17785e-05
425.22	5.17335e-05
425.24	5.1689e-05
425.26	5.1645e-05
425.28	5.16015e-05
425.3	5.15585e-05
425.32	5.1516e-05
425.34	5.14741e-05
425.36	5.14327e-05
425.38	5.13919e-05
425.4	5.13516e-05
425.42	5.13118e-05
425.44	5.12726e-05
425.46	5.1234e-05
425.48	5.1196e-05
425.5	5.11586e-05
425.52	5.11218e-05
425.54	5.10856e-05
425.56	5.10501e-05
425.58	5.10152e-05
425.6	5.09809e-05
425.62	5.09473e-05
425.64	5.09144e-05
425.66	5.08822e-05
425.68	5.08506e-05
425.7	5.08199e-05
425.72	5.07898e-05
425.74	5.07605e-05
425.76	5.0732e-05
425.78	5.07043e-05
425.8	5.06773e-05
425.82	5.06512e-05
425.84	5.0626e-05
425.86	5.06017e-05
425.88	5.05782e-05
425.9	5.05557e-05
425.92	5.05341e-05
425.94	5.05135e-05
425.96	5.04939e-05
425.98	5.04754e-05
426	5.04579e-05
426.02	5.04415e-05
426.04	5.04263e-05
426.06	5.04123e-05
426.08	5.03995e-05
426.1	5.03881e-05
426.12	5.03779e-05
426.14	5.03691e-05
426.16	5.03618e-05
426.18	5.0356e-05
426.2	5.03517e-05
426.22	5.03492e-05
426.24	5.03483e-05
426.26	5.03492e-05
426.28	5.03521e-05
426.3	5.0357e-05
426.32	5.0364e-05
426.34	5.03733e-05
426.36	5.0385e-05
426.38	5.03992e-05
426.4	5.04161e-05
426.42	5.0436e-05
426.44	5.0459e-05
426.46	5.04853e-05
426.48	5.05154e-05
426.5	5.05493e-05
426.52	5.05876e-05
426.54	5.06306e-05
426.56	5.06789e-05
426.58	5.07329e-05
426.6	5.07934e-05
426.62	5.08612e-05
426.64	5.09372e-05
426.66	5.10227e-05
426.68	5.11191e-05
426.7	5.12283e-05
426.72	5.13527e-05
426.74	5.14955e-05
426.76	5.16611e-05
426.78	5.18555e-05
426.8	5.20876e-05
426.82	5.23711e-05
426.84	5.27284e-05
426.86	5.31995e-05
426.88	5.38637e-05
426.9	5.48977e-05
426.92	5.67115e-05
426.94	6.00143e-05
426.96	6.52377e-05
426.98	7.19023e-05
427	7.93473e-05
427.02	8.74979e-05
427.04	9.65087e-05
427.06	0.000106241
427.08	0.000116339
427.1	0.000126502
427.12	0.000136473
427.14	0.00014593
427.16	0.000154495
427.18	0.000161794
427.2	0.000167569
427.22	0.000171747
427.24	0.000174417
427.26	0.000175745
427.28	0.000175918
427.3	0.000175129
427.32	0.000173575
427.34	0.000171464
427.36	0.00016899
427.38	0.000166318
427.4	0.000163579
427.42	0.000160866
427.44	0.000158247
427.46	0.000155762
427.48	0.000153435
427.5	0.000151278
427.52	0.000149293
427.54	0.000147479
427.56	0.000145827
427.58	0.000144329
427.6	0.000142974
427.62	0.000141751
427.64	0.000140648
427.66	0.000139655
427.68	0.000138762
427.7	0.000137959
427.72	0.000137237
427.74	0.000136588
427.76	0.000136006
427.78	0.000135484
427.8	0.000135016
427.82	0.000134598
427.84	0.000134224
427.86	0.00013389
427.88	0.000133595
427.9	0.000133333
427.92	0.000133103
427.94	0.000132902
427.96	0.000132728
427.98	0.00013258
428	0.000132454
428.02	0.000132351
428.04	0.000132267
428.06	0.000132203
428.08	0.000132157
428.1	0.000132128
428.12	0.000132115
428.14	0.000132116
428.16	0.000132131
428.18	0.000132159
428.2	0.0001322
428.22	0.000132251
428.24	0.000132314
428.26	0.000132386
428.28	0.000132467
428.3	0.000132556
428.32	0.000132653
428.34	0.000132757
428.36	0.000132867
428.38	0.000132982
428.4	0.000133103
428.42	0.000133227
428.44	0.000133356
428.46	0.000133487
428.48	0.000133621
428.5	0.000133756
428.52	0.000133893
428.54	0.000134031
428.56	0.000134169
428.58	0.000134307
428.6	0.000134443
428.62	0.000134579
428.64	0.000134713
428.66	0.000134845
428.68	0.000134974
428.7	0.000135101
428.72	0.000135224
428.74	0.000135343
428.76	0.000135459
428.78	0.00013557
428.8	0.000135677
428.82	0.000135778
428.84	0.000135875
428.86	0.000135967
428.88	0.000136052
428.9	0.000136133
428.92	0.000136207
428.94	0.000136275
428.96	0.000136337
428.98	0.000136393
429	0.000136442
429.02	0.000136485
429.04	0.000136522
429.06	0.000136551
429.08	0.000136574
429.1	0.000136591
429.12	0.0001366
429.14	0.000136603
429.16	0.000136599
429.18	0.000136589
429.2	0.000136572
429.22	0.000136548
429.24	0.000136517
429.26	0.00013648
429.28	0.000136437
429.3	0.000136387
429.32	0.000136331
429.34	0.000136269
429.36	0.000136201
429.38	0.000136126
429.4	0.000136046
429.42	0.00013596
429.44	0.000135868
429.46	0.00013577
429.48	0.000135667
429.5	0.000135559
429.52	0.000135446
429.54	0.000135327
429.56	0.000135203
429.58	0.000135075
429.6	0.000134942
429.62	0.000134804
429.64	0.000134662
429.66	0.000134515
429.68	0.000134364
429.7	0.000134209
429.72	0.000134051
429.74	0.000133888
429.76	0.000133722
429.78	0.000133552
429.8	0.000133378
429.82	0.000133201
429.84	0.000133021
429.86	0.000132838
429.88	0.000132652
429.9	0.000132463
429.92	0.000132271
429.94	0.000132077
429.96	0.00013188
429.98	0.00013168
430	0.000131478
430.02	0.000131274
430.04	0.000131068
430.06	0.00013086
430.08	0.00013065
430.1	0.000130437
430.12	0.000130223
430.14	0.000130008
430.16	0.00012979
430.18	0.000129572
430.2	0.000129351
430.22	0.000129129
430.24	0.000128906
430.26	0.000128682
430.28	0.000128457
430.3	0.00012823
430.32	0.000128002
430.34	0.000127774
430.36	0.000127544
430.38	0.000127314
430.4	0.000127083
430.42	0.000126851
430.44	0.000126618
430.46	0.000126385
430.48	0.000126151
430.5	0.000125917
430.52	0.000125682
430.54	0.000125446
430.56	0.00012521
430.58	0.000124974
430.6	0.000124738
430.62	0.000124501
430.64	0.000124264
430.66	0.000124027
430.68	0.000123789
430.7	0.000123552
430.72	0.000123314
430.74	0.000123076
430.76	0.000122838
430.78	0.0001226
430.8	0.000122363
430.82	0.000122125
430.84	0.000121887
430.86	0.000121649
430.88	0.000121412
430.9	0.000121174
430.92	0.000120937
430.94	0.0001207
430.96	0.000120463
430.98	0.000120226
431	0.000119989
431.02	0.000119753
431.04	0.000119517
431.06	0.000119281
431.08	0.000119046
431.1	0.000118811
431.12	0.000118576
431.14	0.000118341
431.16	0.000118107
431.18	0.000117873
431.2	0.00011764
431.22	0.000117407
431.24	0.000117174
431.26	0.000116942
431.28	0.00011671
431.3	0.000116478
431.32	0.000116247
431.34	0.000116017
431.36	0.000115786
431.38	0.000115557
431.4	0.000115327
431.42	0.000115099
431.44	0.00011487
431.46	0.000114642
431.48	0.000114415
431.5	0.000114188
431.52	0.000113962
431.54	0.000113736
431.56	0.00011351
431.58	0.000113286
431.6	0.000113061
431.62	0.000112837
431.64	0.000112614
431.66	0.000112391
431.68	0.000112169
431.7	0.000111947
431.72	0.000111726
431.74	0.000111505
431.76	0.000111285
431.78	0.000111065
431.8	0.000110846
431.82	0.000110627
431.84	0.000110409
431.86	0.000110192
431.88	0.000109975
431.9	0.000109759
431.92	0.000109543
431.94	0.000109327
431.96	0.000109113
431.98	0.000108898
432	0.000108685
432.02	0.000108471
432.04	0.000108259
432.06	0.000108047
432.08	0.000107835
432.1	0.000107624
432.12	0.000107414
432.14	0.000107204
432.16	0.000106994
432.18	0.000106786
432.2	0.000106577
432.22	0.00010637
432.24	0.000106163
432.26	0.000105956
432.28	0.00010575
432.3	0.000105544
432.32	0.000105339
432.34	0.000105135
432.36	0.000104931
432.38	0.000104727
432.4	0.000104524
432.42	0.000104322
432.44	0.00010412
432.46	0.000103919
432.48	0.000103718
432.5	0.000103518
432.52	0.000103318
432.54	0.000103119
432.56	0.000102921
432.58	0.000102722
432.6	0.000102525
432.62	0.000102328
432.64	0.000102131
432.66	0.000101935
432.68	0.00010174
432.7	0.000101545
432.72	0.00010135
432.74	0.000101156
432.76	0.000100963
432.78	0.00010077
432.8	0.000100577
432.82	0.000100385
432.84	0.000100194
432.86	0.000100003
432.88	9.98122e-05
432.9	9.96222e-05
432.92	9.94328e-05
432.94	9.92438e-05
432.96	9.90553e-05
432.98	9.88673e-05
433	9.86798e-05
433.02	9.84928e-05
433.04	9.83063e-05
433.06	9.81202e-05
433.08	9.79347e-05
433.1	9.77496e-05
433.12	9.7565e-05
433.14	9.73809e-05
433.16	9.71972e-05
433.18	9.7014e-05
433.2	9.68314e-05
433.22	9.66491e-05
433.24	9.64674e-05
433.26	9.62861e-05
433.28	9.61053e-05
433.3	9.59249e-05
433.32	9.5745e-05
433.34	9.55656e-05
433.36	9.53867e-05
433.38	9.52082e-05
433.4	9.50301e-05
433.42	9.48525e-05
433.44	9.46754e-05
433.46	9.44987e-05
433.48	9.43225e-05
433.5	9.41467e-05
433.52	9.39714e-05
433.54	9.37965e-05
433.56	9.36221e-05
433.58	9.34481e-05
433.6	9.32745e-05
433.62	9.31014e-05
433.64	9.29287e-05
433.66	9.27565e-05
433.68	9.25847e-05
433.7	9.24133e-05
433.72	9.22424e-05
433.74	9.20719e-05
433.76	9.19019e-05
433.78	9.17322e-05
433.8	9.1563e-05
433.82	9.13943e-05
433.84	9.12259e-05
433.86	9.1058e-05
433.88	9.08905e-05
433.9	9.07234e-05
433.92	9.05567e-05
433.94	9.03905e-05
433.96	9.02247e-05
433.98	9.00593e-05
434	8.98943e-05
434.02	8.97297e-05
434.04	8.95655e-05
434.06	8.94018e-05
434.08	8.92384e-05
434.1	8.90755e-05
434.12	8.8913e-05
434.14	8.87508e-05
434.16	8.85891e-05
434.18	8.84278e-05
434.2	8.82669e-05
434.22	8.81064e-05
434.24	8.79463e-05
434.26	8.77866e-05
434.28	8.76272e-05
434.3	8.74683e-05
434.32	8.73098e-05
434.34	8.71517e-05
434.36	8.69939e-05
434.38	8.68366e-05
434.4	8.66797e-05
434.42	8.65231e-05
434.44	8.63669e-05
434.46	8.62111e-05
434.48	8.60557e-05
434.5	8.59007e-05
434.52	8.57461e-05
434.54	8.55919e-05
434.56	8.5438e-05
434.58	8.52845e-05
434.6	8.51314e-05
434.62	8.49787e-05
434.64	8.48264e-05
434.66	8.46744e-05
434.68	8.45228e-05
434.7	8.43716e-05
434.72	8.42208e-05
434.74	8.40703e-05
434.76	8.39202e-05
434.78	8.37705e-05
434.8	8.36212e-05
434.82	8.34722e-05
434.84	8.33236e-05
434.86	8.31753e-05
434.88	8.30274e-05
434.9	8.28799e-05
434.92	8.27328e-05
434.94	8.2586e-05
434.96	8.24396e-05
434.98	8.22935e-05
435	8.21478e-05
435.02	8.20025e-05
435.04	8.18575e-05
435.06	8.17129e-05
435.08	8.15686e-05
435.1	8.14247e-05
435.12	8.12812e-05
435.14	8.1138e-05
435.16	8.09952e-05
435.18	8.08527e-05
435.2	8.07105e-05
435.22	8.05688e-05
435.24	8.04273e-05
435.26	8.02863e-05
435.28	8.01455e-05
435.3	8.00051e-05
435.32	7.98651e-05
435.34	7.97254e-05
435.36	7.95861e-05
435.38	7.94471e-05
435.4	7.93084e-05
435.42	7.91701e-05
435.44	7.90322e-05
435.46	7.88946e-05
435.48	7.87573e-05
435.5	7.86203e-05
435.52	7.84838e-05
435.54	7.83475e-05
435.56	7.82116e-05
435.58	7.8076e-05
435.6	7.79408e-05
435.62	7.78059e-05
435.64	7.76713e-05
435.66	7.7537e-05
435.68	7.74032e-05
435.7	7.72696e-05
435.72	7.71364e-05
435.74	7.70035e-05
435.76	7.68709e-05
435.78	7.67387e-05
435.8	7.66067e-05
435.82	7.64752e-05
435.84	7.63439e-05
435.86	7.6213e-05
435.88	7.60824e-05
435.9	7.59522e-05
435.92	7.58222e-05
435.94	7.56926e-05
435.96	7.55633e-05
435.98	7.54344e-05
436	7.53057e-05
436.02	7.51774e-05
436.04	7.50495e-05
436.06	7.49218e-05
436.08	7.47945e-05
436.1	7.46674e-05
436.12	7.45407e-05
436.14	7.44144e-05
436.16	7.42883e-05
436.18	7.41626e-05
436.2	7.40371e-05
436.22	7.3912e-05
436.24	7.37873e-05
436.26	7.36628e-05
436.28	7.35386e-05
436.3	7.34148e-05
436.32	7.32913e-05
436.34	7.31681e-05
436.36	7.30452e-05
436.38	7.29226e-05
436.4	7.28003e-05
436.42	7.26784e-05
436.44	7.25568e-05
436.46	7.24354e-05
436.48	7.23144e-05
436.5	7.21937e-05
436.52	7.20733e-05
436.54	7.19532e-05
436.56	7.18335e-05
436.58	7.1714e-05
436.6	7.15948e-05
436.62	7.1476e-05
436.64	7.13574e-05
436.66	7.12392e-05
436.68	7.11213e-05
436.7	7.10036e-05
436.72	7.08863e-05
436.74	7.07693e-05
436.76	7.06526e-05
436.78	7.05362e-05
436.8	7.04201e-05
436.82	7.03043e-05
436.84	7.01888e-05
436.86	7.00736e-05
436.88	6.99587e-05
436.9	6.98442e-05
436.92	6.97299e-05
436.94	6.96159e-05
436.96	6.95022e-05
436.98	6.93888e-05
437	6.92757e-05
437.02	6.9163e-05
437.04	6.90505e-05
437.06	6.89383e-05
437.08	6.88264e-05
437.1	6.87148e-05
437.12	6.86035e-05
437.14	6.84925e-05
437.16	6.83818e-05
437.18	6.82714e-05
437.2	6.81613e-05
437.22	6.80515e-05
437.24	6.7942e-05
437.26	6.78328e-05
437.28	6.77239e-05
437.3	6.76152e-05
437.32	6.75069e-05
437.34	6.73989e-05
437.36	6.72911e-05
437.38	6.71837e-05
437.4	6.70765e-05
437.42	6.69696e-05
437.44	6.6863e-05
437.46	6.67568e-05
437.48	6.66508e-05
437.5	6.65451e-05
437.52	6.64397e-05
437.54	6.63345e-05
437.56	6.62297e-05
437.58	6.61252e-05
437.6	6.60209e-05
437.62	6.5917e-05
437.64	6.58133e-05
437.66	6.57099e-05
437.68	6.56068e-05
437.7	6.5504e-05
437.72	6.54015e-05
437.74	6.52993e-05
437.76	6.51974e-05
437.78	6.50957e-05
437.8	6.49944e-05
437.82	6.48933e-05
437.84	6.47925e-05
437.86	6.4692e-05
437.88	6.45918e-05
437.9	6.44919e-05
437.92	6.43922e-05
437.94	6.42929e-05
437.96	6.41938e-05
437.98	6.4095e-05
438	6.39966e-05
438.02	6.38983e-05
438.04	6.38004e-05
438.06	6.37028e-05
438.08	6.36054e-05
438.1	6.35084e-05
438.12	6.34116e-05
438.14	6.33151e-05
438.16	6.32189e-05
438.18	6.3123e-05
438.2	6.30273e-05
438.22	6.2932e-05
438.24	6.28369e-05
438.26	6.27421e-05
438.28	6.26476e-05
438.3	6.25534e-05
438.32	6.24595e-05
438.34	6.23658e-05
438.36	6.22725e-05
438.38	6.21794e-05
438.4	6.20866e-05
438.42	6.19941e-05
438.44	6.19019e-05
438.46	6.18099e-05
438.48	6.17183e-05
438.5	6.16269e-05
438.52	6.15358e-05
438.54	6.1445e-05
438.56	6.13545e-05
438.58	6.12642e-05
438.6	6.11743e-05
438.62	6.10846e-05
438.64	6.09952e-05
438.66	6.09061e-05
438.68	6.08173e-05
438.7	6.07288e-05
438.72	6.06405e-05
438.74	6.05526e-05
438.76	6.04649e-05
438.78	6.03775e-05
438.8	6.02904e-05
438.82	6.02035e-05
438.84	6.0117e-05
438.86	6.00307e-05
438.88	5.99448e-05
438.9	5.98591e-05
438.92	5.97737e-05
438.94	5.96886e-05
438.96	5.96038e-05
438.98	5.95192e-05
439	5.9435e-05
439.02	5.9351e-05
439.04	5.92673e-05
439.06	5.91839e-05
439.08	5.91008e-05
439.1	5.9018e-05
439.12	5.89355e-05
439.14	5.88532e-05
439.16	5.87713e-05
439.18	5.86896e-05
439.2	5.86082e-05
439.22	5.85271e-05
439.24	5.84463e-05
439.26	5.83658e-05
439.28	5.82856e-05
439.3	5.82057e-05
439.32	5.8126e-05
439.34	5.80467e-05
439.36	5.79676e-05
439.38	5.78889e-05
439.4	5.78104e-05
439.42	5.77322e-05
439.44	5.76544e-05
439.46	5.75768e-05
439.48	5.74995e-05
439.5	5.74225e-05
439.52	5.73458e-05
439.54	5.72694e-05
439.56	5.71933e-05
439.58	5.71175e-05
439.6	5.7042e-05
439.62	5.69667e-05
439.64	5.68918e-05
439.66	5.68172e-05
439.68	5.67429e-05
439.7	5.66689e-05
439.72	5.65952e-05
439.74	5.65218e-05
439.76	5.64487e-05
439.78	5.63759e-05
439.8	5.63034e-05
439.82	5.62312e-05
439.84	5.61593e-05
439.86	5.60877e-05
439.88	5.60164e-05
439.9	5.59455e-05
439.92	5.58748e-05
439.94	5.58045e-05
439.96	5.57345e-05
439.98	5.56648e-05
440	5.55953e-05
440.02	5.55263e-05
440.04	5.54575e-05
440.06	5.5389e-05
440.08	5.53209e-05
440.1	5.52531e-05
440.12	5.51856e-05
440.14	5.51184e-05
440.16	5.50516e-05
440.18	5.4985e-05
440.2	5.49188e-05
440.22	5.4853e-05
440.24	5.47874e-05
440.26	5.47222e-05
440.28	5.46573e-05
440.3	5.45928e-05
440.32	5.45286e-05
440.34	5.44647e-05
440.36	5.44011e-05
440.38	5.43379e-05
440.4	5.42751e-05
440.42	5.42125e-05
440.44	5.41503e-05
440.46	5.40885e-05
440.48	5.4027e-05
440.5	5.39659e-05
440.52	5.39051e-05
440.54	5.38447e-05
440.56	5.37846e-05
440.58	5.37249e-05
440.6	5.36655e-05
440.62	5.36065e-05
440.64	5.35479e-05
440.66	5.34896e-05
440.68	5.34317e-05
440.7	5.33742e-05
440.72	5.3317e-05
440.74	5.32603e-05
440.76	5.32039e-05
440.78	5.31479e-05
440.8	5.30922e-05
440.82	5.3037e-05
440.84	5.29821e-05
440.86	5.29277e-05
440.88	5.28736e-05
440.9	5.282e-05
440.92	5.27667e-05
440.94	5.27139e-05
440.96	5.26614e-05
440.98	5.26094e-05
441	5.25578e-05
441.02	5.25066e-05
441.04	5.24559e-05
441.06	5.24056e-05
441.08	5.23557e-05
441.1	5.23062e-05
441.12	5.22572e-05
441.14	5.22087e-05
441.16	5.21606e-05
441.18	5.2113e-05
441.2	5.20658e-05
441.22	5.20191e-05
441.24	5.19728e-05
441.26	5.19271e-05
441.28	5.18818e-05
441.3	5.1837e-05
441.32	5.17928e-05
441.34	5.1749e-05
441.36	5.17057e-05
441.38	5.1663e-05
441.4	5.16208e-05
441.42	5.15791e-05
441.44	5.1538e-05
441.46	5.14974e-05
441.48	5.14574e-05
441.5	5.14179e-05
441.52	5.1379e-05
441.54	5.13407e-05
441.56	5.1303e-05
441.58	5.12659e-05
441.6	5.12294e-05
441.62	5.11936e-05
441.64	5.11584e-05
441.66	5.11238e-05
441.68	5.10899e-05
441.7	5.10567e-05
441.72	5.10242e-05
441.74	5.09923e-05
441.76	5.09612e-05
441.78	5.09309e-05
441.8	5.09012e-05
441.82	5.08724e-05
441.84	5.08443e-05
441.86	5.08171e-05
441.88	5.07907e-05
441.9	5.07651e-05
441.92	5.07404e-05
441.94	5.07166e-05
441.96	5.06937e-05
441.98	5.06718e-05
442	5.06508e-05
442.02	5.06309e-05
442.04	5.06119e-05
442.06	5.05941e-05
442.08	5.05773e-05
442.1	5.05617e-05
442.12	5.05473e-05
442.14	5.05341e-05
442.16	5.05222e-05
442.18	5.05116e-05
442.2	5.05023e-05
442.22	5.04945e-05
442.24	5.04882e-05
442.26	5.04835e-05
442.28	5.04804e-05
442.3	5.0479e-05
442.32	5.04794e-05
442.34	5.04816e-05
442.36	5.04859e-05
442.38	5.04923e-05
442.4	5.05009e-05
442.42	5.05118e-05
442.44	5.05253e-05
442.46	5.05415e-05
442.48	5.05605e-05
442.5	5.05825e-05
442.52	5.06079e-05
442.54	5.06369e-05
442.56	5.06697e-05
442.58	5.07067e-05
442.6	5.07484e-05
442.62	5.07952e-05
442.64	5.08475e-05
442.66	5.09062e-05
442.68	5.09719e-05
442.7	5.10455e-05
442.72	5.11282e-05
442.74	5.12214e-05
442.76	5.13269e-05
442.78	5.14468e-05
442.8	5.15841e-05
442.82	5.17429e-05
442.84	5.19285e-05
442.86	5.21489e-05
442.88	5.24161e-05
442.9	5.27495e-05
442.92	5.31824e-05
442.94	5.37791e-05
442.96	5.46782e-05
442.98	5.62036e-05
443	5.90006e-05
443.02	6.36824e-05
443.04	7.00217e-05
443.06	7.72861e-05
443.08	8.52241e-05
443.1	9.39914e-05
443.12	0.000103558
443.14	0.000113594
443.16	0.000123772
443.18	0.000133834
443.2	0.000143483
443.22	0.00015235
443.24	0.000160053
443.26	0.000166287
443.28	0.000170925
443.3	0.000174015
443.32	0.000175711
443.34	0.000176196
443.36	0.000175661
443.38	0.000174302
443.4	0.000172326
443.42	0.000169932
443.44	0.000167297
443.46	0.000164559
443.48	0.000161825
443.5	0.000159168
443.52	0.000156635
443.54	0.000154255
443.56	0.000152044
443.58	0.000150006
443.6	0.000148139
443.62	0.000146437
443.64	0.000144893
443.66	0.000143494
443.68	0.000142232
443.7	0.000141093
443.72	0.000140067
443.74	0.000139144
443.76	0.000138315
443.78	0.000137569
443.8	0.000136898
443.82	0.000136297
443.84	0.000135757
443.86	0.000135273
443.88	0.000134839
443.9	0.000134452
443.92	0.000134107
443.94	0.0001338
443.96	0.000133528
443.98	0.000133289
444	0.000133079
444.02	0.000132897
444.04	0.000132741
444.06	0.000132609
444.08	0.000132499
444.1	0.000132409
444.12	0.00013234
444.14	0.000132288
444.16	0.000132254
444.18	0.000132236
444.2	0.000132233
444.22	0.000132244
444.24	0.000132269
444.26	0.000132306
444.28	0.000132354
444.3	0.000132414
444.32	0.000132483
444.34	0.000132561
444.36	0.000132649
444.38	0.000132743
444.4	0.000132845
444.42	0.000132954
444.44	0.000133068
444.46	0.000133187
444.48	0.000133311
444.5	0.000133438
444.52	0.000133569
444.54	0.000133702
444.56	0.000133838
444.58	0.000133975
444.6	0.000134112
444.62	0.000134251
444.64	0.000134388
444.66	0.000134526
444.68	0.000134662
444.7	0.000134797
444.72	0.00013493
444.74	0.00013506
444.76	0.000135187
444.78	0.000135312
444.8	0.000135433
444.82	0.00013555
444.84	0.000135662
444.86	0.000135771
444.88	0.000135874
444.9	0.000135973
444.92	0.000136066
444.94	0.000136154
444.96	0.000136236
444.98	0.000136312
445	0.000136383
445.02	0.000136447
445.04	0.000136505
445.06	0.000136556
445.08	0.000136601
445.1	0.00013664
445.12	0.000136671
445.14	0.000136697
445.16	0.000136715
445.18	0.000136727
445.2	0.000136732
445.22	0.00013673
445.24	0.000136722
445.26	0.000136707
445.28	0.000136685
445.3	0.000136657
445.32	0.000136622
445.34	0.000136581
445.36	0.000136533
445.38	0.000136479
445.4	0.000136419
445.42	0.000136352
445.44	0.00013628
445.46	0.000136201
445.48	0.000136117
445.5	0.000136027
445.52	0.000135931
445.54	0.00013583
445.56	0.000135723
445.58	0.000135611
445.6	0.000135494
445.62	0.000135372
445.64	0.000135245
445.66	0.000135113
445.68	0.000134977
445.7	0.000134836
445.72	0.000134691
445.74	0.000134541
445.76	0.000134388
445.78	0.00013423
445.8	0.000134068
445.82	0.000133903
445.84	0.000133734
445.86	0.000133562
445.88	0.000133386
445.9	0.000133207
445.92	0.000133025
445.94	0.000132839
445.96	0.000132651
445.98	0.00013246
446	0.000132267
446.02	0.00013207
446.04	0.000131872
446.06	0.00013167
446.08	0.000131467
446.1	0.000131261
446.12	0.000131053
446.14	0.000130844
446.16	0.000130632
446.18	0.000130418
446.2	0.000130203
446.22	0.000129986
446.24	0.000129768
446.26	0.000129548
446.28	0.000129326
446.3	0.000129104
446.32	0.00012888
446.34	0.000128655
446.36	0.000128428
446.38	0.000128201
446.4	0.000127972
446.42	0.000127743
446.44	0.000127513
446.46	0.000127282
446.48	0.00012705
446.5	0.000126817
446.52	0.000126584
446.54	0.00012635
446.56	0.000126116
446.58	0.000125881
446.6	0.000125646
446.62	0.00012541
446.64	0.000125174
446.66	0.000124937
446.68	0.0001247
446.7	0.000124463
446.72	0.000124226
446.74	0.000123988
446.76	0.000123751
446.78	0.000123513
446.8	0.000123275
446.82	0.000123037
446.84	0.000122799
446.86	0.000122561
446.88	0.000122323
446.9	0.000122085
446.92	0.000121847
446.94	0.00012161
446.96	0.000121372
446.98	0.000121135
447	0.000120897
447.02	0.00012066
447.04	0.000120423
447.06	0.000120186
447.08	0.00011995
447.1	0.000119714
447.12	0.000119478
447.14	0.000119242
447.16	0.000119006
447.18	0.000118771
447.2	0.000118537
447.22	0.000118302
447.24	0.000118068
447.26	0.000117834
447.28	0.000117601
447.3	0.000117368
447.32	0.000117136
447.34	0.000116903
447.36	0.000116672
447.38	0.00011644
447.4	0.000116209
447.42	0.000115979
447.44	0.000115749
447.46	0.00011552
447.48	0.00011529
447.5	0.000115062
447.52	0.000114834
447.54	0.000114606
447.56	0.000114379
447.58	0.000114152
447.6	0.000113926
447.62	0.0001137
447.64	0.000113475
447.66	0.000113251
447.68	0.000113026
447.7	0.000112803
447.72	0.00011258
447.74	0.000112357
447.76	0.000112135
447.78	0.000111913
447.8	0.000111692
447.82	0.000111472
447.84	0.000111252
447.86	0.000111033
447.88	0.000110814
447.9	0.000110595
447.92	0.000110378
447.94	0.00011016
447.96	0.000109944
447.98	0.000109727
448	0.000109512
448.02	0.000109297
448.04	0.000109082
448.06	0.000108868
448.08	0.000108655
448.1	0.000108442
448.12	0.000108229
448.14	0.000108018
448.16	0.000107806
448.18	0.000107596
448.2	0.000107385
448.22	0.000107176
448.24	0.000106967
448.26	0.000106758
448.28	0.00010655
448.3	0.000106343
448.32	0.000106136
448.34	0.000105929
448.36	0.000105724
448.38	0.000105518
448.4	0.000105314
448.42	0.000105109
448.44	0.000104906
448.46	0.000104702
448.48	0.0001045
448.5	0.000104298
448.52	0.000104096
448.54	0.000103895
448.56	0.000103695
448.58	0.000103495
448.6	0.000103295
448.62	0.000103096
448.64	0.000102898
448.66	0.0001027
448.68	0.000102503
448.7	0.000102306
448.72	0.00010211
448.74	0.000101914
448.76	0.000101718
448.78	0.000101524
448.8	0.000101329
448.82	0.000101136
448.84	0.000100942
448.86	0.00010075
448.88	0.000100557
448.9	0.000100366
448.92	0.000100174
448.94	9.99837e-05
448.96	9.97935e-05
448.98	9.96038e-05
449	9.94146e-05
449.02	9.92258e-05
449.04	9.90376e-05
449.06	9.88498e-05
449.08	9.86626e-05
449.1	9.84758e-05
449.12	9.82895e-05
449.14	9.81037e-05
449.16	9.79183e-05
449.18	9.77335e-05
449.2	9.75491e-05
449.22	9.73652e-05
449.24	9.71818e-05
449.26	9.69989e-05
449.28	9.68164e-05
449.3	9.66345e-05
449.32	9.64529e-05
449.34	9.62719e-05
449.36	9.60913e-05
449.38	9.59112e-05
449.4	9.57315e-05
449.42	9.55523e-05
449.44	9.53736e-05
449.46	9.51953e-05
449.48	9.50175e-05
449.5	9.48401e-05
449.52	9.46632e-05
449.54	9.44867e-05
449.56	9.43107e-05
449.58	9.41352e-05
449.6	9.39601e-05
449.62	9.37854e-05
449.64	9.36112e-05
449.66	9.34374e-05
449.68	9.32641e-05
449.7	9.30912e-05
449.72	9.29187e-05
449.74	9.27467e-05
449.76	9.25752e-05
449.78	9.2404e-05
449.8	9.22333e-05
449.82	9.2063e-05
449.84	9.18932e-05
449.86	9.17238e-05
449.88	9.15548e-05
449.9	9.13862e-05
449.92	9.12181e-05
449.94	9.10504e-05
449.96	9.08831e-05
449.98	9.07162e-05
450	9.05497e-05
450.02	9.03837e-05
450.04	9.02181e-05
450.06	9.00529e-05
450.08	8.98881e-05
450.1	8.97237e-05
450.12	8.95598e-05
450.14	8.93962e-05
450.16	8.92331e-05
450.18	8.90704e-05
450.2	8.8908e-05
450.22	8.87461e-05
450.24	8.85846e-05
450.26	8.84235e-05
450.28	8.82628e-05
450.3	8.81025e-05
450.32	8.79426e-05
450.34	8.77831e-05
450.36	8.7624e-05
450.38	8.74652e-05
450.4	8.73069e-05
450.42	8.7149e-05
450.44	8.69915e-05
450.46	8.68343e-05
450.48	8.66776e-05
450.5	8.65212e-05
450.52	8.63653e-05
450.54	8.62097e-05
450.56	8.60545e-05
450.58	8.58997e-05
450.6	8.57452e-05
450.62	8.55912e-05
450.64	8.54375e-05
450.66	8.52842e-05
450.68	8.51314e-05
450.7	8.49788e-05
450.72	8.48267e-05
450.74	8.46749e-05
450.76	8.45235e-05
450.78	8.43725e-05
450.8	8.42219e-05
450.82	8.40716e-05
450.84	8.39217e-05
450.86	8.37722e-05
450.88	8.3623e-05
450.9	8.34743e-05
450.92	8.33258e-05
450.94	8.31778e-05
450.96	8.30301e-05
450.98	8.28828e-05
451	8.27358e-05
451.02	8.25892e-05
451.04	8.2443e-05
451.06	8.22972e-05
451.08	8.21517e-05
451.1	8.20065e-05
451.12	8.18617e-05
451.14	8.17173e-05
451.16	8.15732e-05
451.18	8.14295e-05
451.2	8.12862e-05
451.22	8.11432e-05
451.24	8.10005e-05
451.26	8.08582e-05
451.28	8.07163e-05
451.3	8.05747e-05
451.32	8.04335e-05
451.34	8.02926e-05
451.36	8.01521e-05
451.38	8.00119e-05
451.4	7.9872e-05
451.42	7.97325e-05
451.44	7.95934e-05
451.46	7.94546e-05
451.48	7.93161e-05
451.5	7.9178e-05
451.52	7.90402e-05
451.54	7.89028e-05
451.56	7.87657e-05
451.58	7.8629e-05
451.6	7.84926e-05
451.62	7.83565e-05
451.64	7.82208e-05
451.66	7.80854e-05
451.68	7.79504e-05
451.7	7.78156e-05
451.72	7.76813e-05
451.74	7.75472e-05
451.76	7.74135e-05
451.78	7.72802e-05
451.8	7.71471e-05
451.82	7.70144e-05
451.84	7.6882e-05
451.86	7.675e-05
451.88	7.66183e-05
451.9	7.64869e-05
451.92	7.63558e-05
451.94	7.62251e-05
451.96	7.60947e-05
451.98	7.59647e-05
452	7.58349e-05
452.02	7.57055e-05
452.04	7.55764e-05
452.06	7.54476e-05
452.08	7.53192e-05
452.1	7.51911e-05
452.12	7.50633e-05
452.14	7.49358e-05
452.16	7.48087e-05
452.18	7.46819e-05
452.2	7.45554e-05
452.22	7.44292e-05
452.24	7.43033e-05
452.26	7.41778e-05
452.28	7.40525e-05
452.3	7.39276e-05
452.32	7.3803e-05
452.34	7.36788e-05
452.36	7.35548e-05
452.38	7.34312e-05
452.4	7.33078e-05
452.42	7.31848e-05
452.44	7.30621e-05
452.46	7.29398e-05
452.48	7.28177e-05
452.5	7.26959e-05
452.52	7.25745e-05
452.54	7.24534e-05
452.56	7.23326e-05
452.58	7.22121e-05
452.6	7.20919e-05
452.62	7.1972e-05
452.64	7.18524e-05
452.66	7.17331e-05
452.68	7.16142e-05
452.7	7.14955e-05
452.72	7.13772e-05
452.74	7.12591e-05
452.76	7.11414e-05
452.78	7.1024e-05
452.8	7.09069e-05
452.82	7.07901e-05
452.84	7.06736e-05
452.86	7.05573e-05
452.88	7.04414e-05
452.9	7.03259e-05
452.92	7.02106e-05
452.94	7.00956e-05
452.96	6.99809e-05
452.98	6.98665e-05
453	6.97524e-05
453.02	6.96387e-05
453.04	6.95252e-05
453.06	6.9412e-05
453.08	6.92991e-05
453.1	6.91865e-05
453.12	6.90743e-05
453.14	6.89623e-05
453.16	6.88506e-05
453.18	6.87392e-05
453.2	6.86281e-05
453.22	6.85174e-05
453.24	6.84069e-05
453.26	6.82967e-05
453.28	6.81868e-05
453.3	6.80772e-05
453.32	6.79679e-05
453.34	6.78589e-05
453.36	6.77502e-05
453.38	6.76417e-05
453.4	6.75336e-05
453.42	6.74258e-05
453.44	6.73183e-05
453.46	6.7211e-05
453.48	6.71041e-05
453.5	6.69974e-05
453.52	6.68911e-05
453.54	6.6785e-05
453.56	6.66792e-05
453.58	6.65737e-05
453.6	6.64685e-05
453.62	6.63636e-05
453.64	6.6259e-05
453.66	6.61547e-05
453.68	6.60507e-05
453.7	6.59469e-05
453.72	6.58435e-05
453.74	6.57403e-05
453.76	6.56375e-05
453.78	6.55349e-05
453.8	6.54326e-05
453.82	6.53306e-05
453.84	6.52289e-05
453.86	6.51275e-05
453.88	6.50263e-05
453.9	6.49255e-05
453.92	6.48249e-05
453.94	6.47247e-05
453.96	6.46247e-05
453.98	6.4525e-05
454	6.44256e-05
454.02	6.43265e-05
454.04	6.42276e-05
454.06	6.41291e-05
454.08	6.40308e-05
454.1	6.39329e-05
454.12	6.38352e-05
454.14	6.37378e-05
454.16	6.36407e-05
454.18	6.35438e-05
454.2	6.34473e-05
454.22	6.33511e-05
454.24	6.32551e-05
454.26	6.31594e-05
454.28	6.3064e-05
454.3	6.29689e-05
454.32	6.28741e-05
454.34	6.27795e-05
454.36	6.26853e-05
454.38	6.25913e-05
454.4	6.24976e-05
454.42	6.24042e-05
454.44	6.23111e-05
454.46	6.22183e-05
454.48	6.21258e-05
454.5	6.20335e-05
454.52	6.19415e-05
454.54	6.18498e-05
454.56	6.17584e-05
454.58	6.16673e-05
454.6	6.15765e-05
454.62	6.14859e-05
454.64	6.13957e-05
454.66	6.13057e-05
454.68	6.1216e-05
454.7	6.11266e-05
454.72	6.10375e-05
454.74	6.09487e-05
454.76	6.08601e-05
454.78	6.07718e-05
454.8	6.06839e-05
454.82	6.05962e-05
454.84	6.05088e-05
454.86	6.04216e-05
454.88	6.03348e-05
454.9	6.02483e-05
454.92	6.0162e-05
454.94	6.0076e-05
454.96	5.99903e-05
454.98	5.99049e-05
455	5.98198e-05
455.02	5.9735e-05
455.04	5.96505e-05
455.06	5.95662e-05
455.08	5.94822e-05
455.1	5.93986e-05
455.12	5.93152e-05
455.14	5.92321e-05
455.16	5.91493e-05
455.18	5.90668e-05
455.2	5.89845e-05
455.22	5.89026e-05
455.24	5.88209e-05
455.26	5.87396e-05
455.28	5.86585e-05
455.3	5.85777e-05
455.32	5.84973e-05
455.34	5.84171e-05
455.36	5.83372e-05
455.38	5.82576e-05
455.4	5.81782e-05
455.42	5.80992e-05
455.44	5.80205e-05
455.46	5.79421e-05
455.48	5.78639e-05
455.5	5.77861e-05
455.52	5.77085e-05
455.54	5.76313e-05
455.56	5.75543e-05
455.58	5.74777e-05
455.6	5.74013e-05
455.62	5.73253e-05
455.64	5.72495e-05
455.66	5.7174e-05
455.68	5.70989e-05
455.7	5.7024e-05
455.72	5.69495e-05
455.74	5.68752e-05
455.76	5.68013e-05
455.78	5.67276e-05
455.8	5.66543e-05
455.82	5.65812e-05
455.84	5.65085e-05
455.86	5.64361e-05
455.88	5.6364e-05
455.9	5.62922e-05
455.92	5.62207e-05
455.94	5.61495e-05
455.96	5.60786e-05
455.98	5.6008e-05
456	5.59378e-05
456.02	5.58678e-05
456.04	5.57982e-05
456.06	5.57289e-05
456.08	5.56599e-05
456.1	5.55913e-05
456.12	5.55229e-05
456.14	5.54549e-05
456.16	5.53872e-05
456.18	5.53198e-05
456.2	5.52527e-05
456.22	5.5186e-05
456.24	5.51196e-05
456.26	5.50535e-05
456.28	5.49878e-05
456.3	5.49224e-05
456.32	5.48573e-05
456.34	5.47925e-05
456.36	5.47281e-05
456.38	5.4664e-05
456.4	5.46003e-05
456.42	5.45369e-05
456.44	5.44738e-05
456.46	5.44111e-05
456.48	5.43488e-05
456.5	5.42867e-05
456.52	5.42251e-05
456.54	5.41638e-05
456.56	5.41028e-05
456.58	5.40422e-05
456.6	5.39819e-05
456.62	5.3922e-05
456.64	5.38625e-05
456.66	5.38033e-05
456.68	5.37445e-05
456.7	5.36861e-05
456.72	5.3628e-05
456.74	5.35704e-05
456.76	5.35131e-05
456.78	5.34561e-05
456.8	5.33996e-05
456.82	5.33434e-05
456.84	5.32876e-05
456.86	5.32322e-05
456.88	5.31772e-05
456.9	5.31226e-05
456.92	5.30684e-05
456.94	5.30147e-05
456.96	5.29613e-05
456.98	5.29083e-05
457	5.28557e-05
457.02	5.28036e-05
457.04	5.27518e-05
457.06	5.27005e-05
457.08	5.26497e-05
457.1	5.25992e-05
457.12	5.25492e-05
457.14	5.24997e-05
457.16	5.24506e-05
457.18	5.24019e-05
457.2	5.23537e-05
457.22	5.2306e-05
457.24	5.22587e-05
457.26	5.22119e-05
457.28	5.21656e-05
457.3	5.21197e-05
457.32	5.20744e-05
457.34	5.20295e-05
457.36	5.19852e-05
457.38	5.19413e-05
457.4	5.1898e-05
457.42	5.18552e-05
457.44	5.18129e-05
457.46	5.17712e-05
457.48	5.173e-05
457.5	5.16893e-05
457.52	5.16493e-05
457.54	5.16097e-05
457.56	5.15708e-05
457.58	5.15325e-05
457.6	5.14948e-05
457.62	5.14576e-05
457.64	5.14211e-05
457.66	5.13853e-05
457.68	5.135e-05
457.7	5.13155e-05
457.72	5.12816e-05
457.74	5.12484e-05
457.76	5.12159e-05
457.78	5.11841e-05
457.8	5.1153e-05
457.82	5.11226e-05
457.84	5.10931e-05
457.86	5.10643e-05
457.88	5.10363e-05
457.9	5.10091e-05
457.92	5.09827e-05
457.94	5.09572e-05
457.96	5.09326e-05
457.98	5.09089e-05
458	5.08862e-05
458.02	5.08643e-05
458.04	5.08435e-05
458.06	5.08237e-05
458.08	5.08049e-05
458.1	5.07872e-05
458.12	5.07707e-05
458.14	5.07553e-05
458.16	5.0741e-05
458.18	5.07281e-05
458.2	5.07164e-05
458.22	5.07061e-05
458.24	5.06971e-05
458.26	5.06896e-05
458.28	5.06836e-05
458.3	5.06792e-05
458.32	5.06765e-05
458.34	5.06755e-05
458.36	5.06763e-05
458.38	5.0679e-05
458.4	5.06838e-05
458.42	5.06907e-05
458.44	5.06999e-05
458.46	5.07115e-05
458.48	5.07256e-05
458.5	5.07425e-05
458.52	5.07623e-05
458.54	5.07852e-05
458.56	5.08115e-05
458.58	5.08415e-05
458.6	5.08754e-05
458.62	5.09137e-05
458.64	5.09568e-05
458.66	5.1005e-05
458.68	5.10591e-05
458.7	5.11196e-05
458.72	5.11875e-05
458.74	5.12636e-05
458.76	5.13491e-05
458.78	5.14456e-05
458.8	5.15548e-05
458.82	5.16793e-05
458.84	5.18222e-05
458.86	5.19878e-05
458.88	5.21821e-05
458.9	5.2414e-05
458.92	5.2697e-05
458.94	5.30531e-05
458.96	5.35218e-05
458.98	5.41808e-05
459	5.52022e-05
459.02	5.69872e-05
459.04	6.02431e-05
459.06	6.54298e-05
459.08	7.20918e-05
459.1	7.95499e-05
459.12	8.77079e-05
459.14	9.67231e-05
459.16	0.000106469
459.18	0.00011659
459.2	0.00012678
459.22	0.000136781
459.24	0.000146276
459.26	0.000154885
459.28	0.000162235
459.3	0.000168062
459.32	0.000172287
459.34	0.000174995
459.36	0.000176353
459.38	0.000176548
459.4	0.000175772
459.42	0.000174225
459.44	0.000172112
459.46	0.00016963
459.48	0.000166947
459.5	0.000164192
459.52	0.000161463
459.54	0.000158826
459.56	0.000156322
459.58	0.000153978
459.6	0.000151805
459.62	0.000149805
459.64	0.000147976
459.66	0.000146311
459.68	0.0001448
459.7	0.000143434
459.72	0.0001422
459.74	0.000141088
459.76	0.000140087
459.78	0.000139186
459.8	0.000138376
459.82	0.000137648
459.84	0.000136994
459.86	0.000136407
459.88	0.00013588
459.9	0.000135408
459.92	0.000134986
459.94	0.000134608
459.96	0.000134272
459.98	0.000133973
460	0.000133709
460.02	0.000133477
460.04	0.000133273
460.06	0.000133098
460.08	0.000132947
460.1	0.00013282
460.12	0.000132715
460.14	0.00013263
460.16	0.000132565
460.18	0.000132517
460.2	0.000132487
460.22	0.000132472
460.24	0.000132473
460.26	0.000132487
460.28	0.000132515
460.3	0.000132554
460.32	0.000132605
460.34	0.000132667
460.36	0.000132738
460.38	0.000132819
460.4	0.000132908
460.42	0.000133005
460.44	0.000133108
460.46	0.000133218
460.48	0.000133333
460.5	0.000133453
460.52	0.000133578
460.54	0.000133706
460.56	0.000133838
460.58	0.000133971
460.6	0.000134107
460.62	0.000134244
460.64	0.000134382
460.66	0.00013452
460.68	0.000134658
460.7	0.000134795
460.72	0.00013493
460.74	0.000135065
460.76	0.000135197
460.78	0.000135326
460.8	0.000135453
460.82	0.000135576
460.84	0.000135696
460.86	0.000135812
460.88	0.000135923
460.9	0.00013603
460.92	0.000136132
460.94	0.000136229
460.96	0.000136321
460.98	0.000136407
461	0.000136488
461.02	0.000136562
461.04	0.000136631
461.06	0.000136693
461.08	0.000136749
461.1	0.000136799
461.12	0.000136842
461.14	0.000136879
461.16	0.000136909
461.18	0.000136932
461.2	0.000136949
461.22	0.000136958
461.24	0.000136962
461.26	0.000136958
461.28	0.000136948
461.3	0.000136931
461.32	0.000136907
461.34	0.000136877
461.36	0.00013684
461.38	0.000136797
461.4	0.000136747
461.42	0.000136691
461.44	0.000136629
461.46	0.000136561
461.48	0.000136487
461.5	0.000136406
461.52	0.00013632
461.54	0.000136228
461.56	0.000136131
461.58	0.000136028
461.6	0.00013592
461.62	0.000135806
461.64	0.000135688
461.66	0.000135564
461.68	0.000135436
461.7	0.000135302
461.72	0.000135165
461.74	0.000135022
461.76	0.000134876
461.78	0.000134725
461.8	0.00013457
461.82	0.000134411
461.84	0.000134248
461.86	0.000134081
461.88	0.000133911
461.9	0.000133738
461.92	0.000133561
461.94	0.000133381
461.96	0.000133197
461.98	0.000133011
462	0.000132822
462.02	0.00013263
462.04	0.000132435
462.06	0.000132238
462.08	0.000132038
462.1	0.000131836
462.12	0.000131632
462.14	0.000131425
462.16	0.000131216
462.18	0.000131006
462.2	0.000130793
462.22	0.000130579
462.24	0.000130363
462.26	0.000130145
462.28	0.000129926
462.3	0.000129706
462.32	0.000129484
462.34	0.00012926
462.36	0.000129036
462.38	0.00012881
462.4	0.000128583
462.42	0.000128355
462.44	0.000128126
462.46	0.000127896
462.48	0.000127665
462.5	0.000127433
462.52	0.000127201
462.54	0.000126968
462.56	0.000126734
462.58	0.0001265
462.6	0.000126265
462.62	0.00012603
462.64	0.000125794
462.66	0.000125558
462.68	0.000125321
462.7	0.000125084
462.72	0.000124847
462.74	0.00012461
462.76	0.000124372
462.78	0.000124134
462.8	0.000123896
462.82	0.000123658
462.84	0.00012342
462.86	0.000123182
462.88	0.000122943
462.9	0.000122705
462.92	0.000122467
462.94	0.000122228
462.96	0.00012199
462.98	0.000121752
463	0.000121514
463.02	0.000121277
463.04	0.000121039
463.06	0.000120802
463.08	0.000120564
463.1	0.000120327
463.12	0.000120091
463.14	0.000119854
463.16	0.000119618
463.18	0.000119382
463.2	0.000119146
463.22	0.000118911
463.24	0.000118676
463.26	0.000118441
463.28	0.000118207
463.3	0.000117973
463.32	0.000117739
463.34	0.000117506
463.36	0.000117274
463.38	0.000117041
463.4	0.000116809
463.42	0.000116578
463.44	0.000116347
463.46	0.000116116
463.48	0.000115886
463.5	0.000115656
463.52	0.000115427
463.54	0.000115198
463.56	0.00011497
463.58	0.000114742
463.6	0.000114515
463.62	0.000114288
463.64	0.000114061
463.66	0.000113836
463.68	0.00011361
463.7	0.000113385
463.72	0.000113161
463.74	0.000112937
463.76	0.000112714
463.78	0.000112491
463.8	0.000112269
463.82	0.000112047
463.84	0.000111826
463.86	0.000111605
463.88	0.000111385
463.9	0.000111166
463.92	0.000110947
463.94	0.000110728
463.96	0.00011051
463.98	0.000110293
464	0.000110076
464.02	0.00010986
464.04	0.000109644
464.06	0.000109429
464.08	0.000109214
464.1	0.000109
464.12	0.000108786
464.14	0.000108573
464.16	0.000108361
464.18	0.000108149
464.2	0.000107937
464.22	0.000107726
464.24	0.000107516
464.26	0.000107306
464.28	0.000107097
464.3	0.000106888
464.32	0.00010668
464.34	0.000106473
464.36	0.000106266
464.38	0.000106059
464.4	0.000105853
464.42	0.000105648
464.44	0.000105443
464.46	0.000105238
464.48	0.000105034
464.5	0.000104831
464.52	0.000104628
464.54	0.000104426
464.56	0.000104224
464.58	0.000104023
464.6	0.000103823
464.62	0.000103623
464.64	0.000103423
464.66	0.000103224
464.68	0.000103025
464.7	0.000102827
464.72	0.00010263
464.74	0.000102433
464.76	0.000102236
464.78	0.00010204
464.8	0.000101845
464.82	0.00010165
464.84	0.000101456
464.86	0.000101262
464.88	0.000101068
464.9	0.000100876
464.92	0.000100683
464.94	0.000100491
464.96	0.0001003
464.98	0.000100109
465	9.99188e-05
465.02	9.97289e-05
465.04	9.95395e-05
465.06	9.93507e-05
465.08	9.91623e-05
465.1	9.89744e-05
465.12	9.8787e-05
465.14	9.86001e-05
465.16	9.84136e-05
465.18	9.82277e-05
465.2	9.80422e-05
465.22	9.78573e-05
465.24	9.76728e-05
465.26	9.74887e-05
465.28	9.73052e-05
465.3	9.71221e-05
465.32	9.69395e-05
465.34	9.67574e-05
465.36	9.65758e-05
465.38	9.63946e-05
465.4	9.62138e-05
465.42	9.60336e-05
465.44	9.58538e-05
465.46	9.56745e-05
465.48	9.54956e-05
465.5	9.53172e-05
465.52	9.51392e-05
465.54	9.49617e-05
465.56	9.47847e-05
465.58	9.46081e-05
465.6	9.4432e-05
465.62	9.42563e-05
465.64	9.4081e-05
465.66	9.39063e-05
465.68	9.37319e-05
465.7	9.3558e-05
465.72	9.33845e-05
465.74	9.32115e-05
465.76	9.30389e-05
465.78	9.28668e-05
465.8	9.26951e-05
465.82	9.25238e-05
465.84	9.2353e-05
465.86	9.21826e-05
465.88	9.20126e-05
465.9	9.1843e-05
465.92	9.16739e-05
465.94	9.15052e-05
465.96	9.1337e-05
465.98	9.11691e-05
466	9.10017e-05
466.02	9.08347e-05
466.04	9.06681e-05
466.06	9.0502e-05
466.08	9.03362e-05
466.1	9.01709e-05
466.12	9.0006e-05
466.14	8.98415e-05
466.16	8.96774e-05
466.18	8.95137e-05
466.2	8.93505e-05
466.22	8.91876e-05
466.24	8.90252e-05
466.26	8.88631e-05
466.28	8.87015e-05
466.3	8.85402e-05
466.32	8.83794e-05
466.34	8.8219e-05
466.36	8.8059e-05
466.38	8.78993e-05
466.4	8.77401e-05
466.42	8.75812e-05
466.44	8.74228e-05
466.46	8.72648e-05
466.48	8.71071e-05
466.5	8.69498e-05
466.52	8.6793e-05
466.54	8.66365e-05
466.56	8.64804e-05
466.58	8.63247e-05
466.6	8.61694e-05
466.62	8.60144e-05
466.64	8.58599e-05
466.66	8.57057e-05
466.68	8.55519e-05
466.7	8.53985e-05
466.72	8.52455e-05
466.74	8.50929e-05
466.76	8.49406e-05
466.78	8.47887e-05
466.8	8.46372e-05
466.82	8.44861e-05
466.84	8.43353e-05
466.86	8.41849e-05
466.88	8.40349e-05
466.9	8.38853e-05
466.92	8.3736e-05
466.94	8.35871e-05
466.96	8.34386e-05
466.98	8.32904e-05
467	8.31426e-05
467.02	8.29952e-05
467.04	8.28481e-05
467.06	8.27014e-05
467.08	8.25551e-05
467.1	8.24091e-05
467.12	8.22635e-05
467.14	8.21182e-05
467.16	8.19733e-05
467.18	8.18288e-05
467.2	8.16846e-05
467.22	8.15408e-05
467.24	8.13973e-05
467.26	8.12542e-05
467.28	8.11114e-05
467.3	8.0969e-05
467.32	8.0827e-05
467.34	8.06853e-05
467.36	8.05439e-05
467.38	8.04029e-05
467.4	8.02623e-05
467.42	8.0122e-05
467.44	7.9982e-05
467.46	7.98424e-05
467.48	7.97032e-05
467.5	7.95643e-05
467.52	7.94257e-05
467.54	7.92875e-05
467.56	7.91496e-05
467.58	7.90121e-05
467.6	7.88749e-05
467.62	7.8738e-05
467.64	7.86015e-05
467.66	7.84653e-05
467.68	7.83295e-05
467.7	7.8194e-05
467.72	7.80588e-05
467.74	7.7924e-05
467.76	7.77895e-05
467.78	7.76554e-05
467.8	7.75216e-05
467.82	7.73881e-05
467.84	7.7255e-05
467.86	7.71221e-05
467.88	7.69897e-05
467.9	7.68575e-05
467.92	7.67257e-05
467.94	7.65942e-05
467.96	7.64631e-05
467.98	7.63322e-05
468	7.62017e-05
468.02	7.60716e-05
468.04	7.59417e-05
468.06	7.58122e-05
468.08	7.5683e-05
468.1	7.55541e-05
468.12	7.54256e-05
468.14	7.52974e-05
468.16	7.51695e-05
468.18	7.50419e-05
468.2	7.49147e-05
468.22	7.47878e-05
468.24	7.46612e-05
468.26	7.45349e-05
468.28	7.44089e-05
468.3	7.42833e-05
468.32	7.41579e-05
468.34	7.40329e-05
468.36	7.39083e-05
468.38	7.37839e-05
468.4	7.36598e-05
468.42	7.35361e-05
468.44	7.34127e-05
468.46	7.32896e-05
468.48	7.31668e-05
468.5	7.30443e-05
468.52	7.29222e-05
468.54	7.28003e-05
468.56	7.26788e-05
468.58	7.25575e-05
468.6	7.24366e-05
468.62	7.2316e-05
468.64	7.21957e-05
468.66	7.20758e-05
468.68	7.19561e-05
468.7	7.18367e-05
468.72	7.17177e-05
468.74	7.1599e-05
468.76	7.14805e-05
468.78	7.13624e-05
468.8	7.12446e-05
468.82	7.11271e-05
468.84	7.10099e-05
468.86	7.0893e-05
468.88	7.07764e-05
468.9	7.06601e-05
468.92	7.05441e-05
468.94	7.04284e-05
468.96	7.0313e-05
468.98	7.0198e-05
469	7.00832e-05
469.02	6.99687e-05
469.04	6.98546e-05
469.06	6.97407e-05
469.08	6.96271e-05
469.1	6.95139e-05
469.12	6.94009e-05
469.14	6.92883e-05
469.16	6.91759e-05
469.18	6.90638e-05
469.2	6.89521e-05
469.22	6.88406e-05
469.24	6.87295e-05
469.26	6.86186e-05
469.28	6.8508e-05
469.3	6.83977e-05
469.32	6.82878e-05
469.34	6.81781e-05
469.36	6.80687e-05
469.38	6.79596e-05
469.4	6.78508e-05
469.42	6.77423e-05
469.44	6.76342e-05
469.46	6.75262e-05
469.48	6.74186e-05
469.5	6.73113e-05
469.52	6.72043e-05
469.54	6.70976e-05
469.56	6.69911e-05
469.58	6.6885e-05
469.6	6.67791e-05
469.62	6.66736e-05
469.64	6.65683e-05
469.66	6.64634e-05
469.68	6.63587e-05
469.7	6.62543e-05
469.72	6.61502e-05
469.74	6.60464e-05
469.76	6.59429e-05
469.78	6.58397e-05
469.8	6.57367e-05
469.82	6.56341e-05
469.84	6.55317e-05
469.86	6.54297e-05
469.88	6.53279e-05
469.9	6.52264e-05
469.92	6.51252e-05
469.94	6.50243e-05
469.96	6.49237e-05
469.98	6.48233e-05
470	6.47233e-05
470.02	6.46235e-05
470.04	6.45241e-05
470.06	6.44249e-05
470.08	6.4326e-05
470.1	6.42274e-05
470.12	6.41291e-05
470.14	6.40311e-05
470.16	6.39333e-05
470.18	6.38359e-05
470.2	6.37387e-05
470.22	6.36418e-05
470.24	6.35452e-05
470.26	6.34489e-05
470.28	6.33529e-05
470.3	6.32571e-05
470.32	6.31617e-05
470.34	6.30665e-05
470.36	6.29717e-05
470.38	6.28771e-05
470.4	6.27828e-05
470.42	6.26887e-05
470.44	6.2595e-05
470.46	6.25016e-05
470.48	6.24084e-05
470.5	6.23155e-05
470.52	6.22229e-05
470.54	6.21306e-05
470.56	6.20386e-05
470.58	6.19469e-05
470.6	6.18554e-05
470.62	6.17643e-05
470.64	6.16734e-05
470.66	6.15828e-05
470.68	6.14925e-05
470.7	6.14025e-05
470.72	6.13128e-05
470.74	6.12233e-05
470.76	6.11342e-05
470.78	6.10453e-05
470.8	6.09567e-05
470.82	6.08684e-05
470.84	6.07804e-05
470.86	6.06927e-05
470.88	6.06052e-05
470.9	6.05181e-05
470.92	6.04312e-05
470.94	6.03446e-05
470.96	6.02583e-05
470.98	6.01723e-05
471	6.00866e-05
471.02	6.00012e-05
471.04	5.9916e-05
471.06	5.98312e-05
471.08	5.97466e-05
471.1	5.96623e-05
471.12	5.95783e-05
471.14	5.94946e-05
471.16	5.94112e-05
471.18	5.93281e-05
471.2	5.92453e-05
471.22	5.91627e-05
471.24	5.90805e-05
471.26	5.89985e-05
471.28	5.89168e-05
471.3	5.88355e-05
471.32	5.87544e-05
471.34	5.86736e-05
471.36	5.85931e-05
471.38	5.85129e-05
471.4	5.8433e-05
471.42	5.83533e-05
471.44	5.8274e-05
471.46	5.8195e-05
471.48	5.81163e-05
471.5	5.80378e-05
471.52	5.79597e-05
471.54	5.78818e-05
471.56	5.78043e-05
471.58	5.7727e-05
471.6	5.765e-05
471.62	5.75734e-05
471.64	5.7497e-05
471.66	5.7421e-05
471.68	5.73452e-05
471.7	5.72698e-05
471.72	5.71946e-05
471.74	5.71197e-05
471.76	5.70452e-05
471.78	5.69709e-05
471.8	5.6897e-05
471.82	5.68234e-05
471.84	5.675e-05
471.86	5.6677e-05
471.88	5.66043e-05
471.9	5.65319e-05
471.92	5.64598e-05
471.94	5.6388e-05
471.96	5.63165e-05
471.98	5.62453e-05
472	5.61745e-05
472.02	5.61039e-05
472.04	5.60337e-05
472.06	5.59638e-05
472.08	5.58942e-05
472.1	5.58249e-05
472.12	5.5756e-05
472.14	5.56873e-05
472.16	5.5619e-05
472.18	5.5551e-05
472.2	5.54833e-05
472.22	5.5416e-05
472.24	5.5349e-05
472.26	5.52823e-05
472.28	5.52159e-05
472.3	5.51499e-05
472.32	5.50842e-05
472.34	5.50188e-05
472.36	5.49538e-05
472.38	5.48891e-05
472.4	5.48247e-05
472.42	5.47607e-05
472.44	5.4697e-05
472.46	5.46336e-05
472.48	5.45706e-05
472.5	5.4508e-05
472.52	5.44457e-05
472.54	5.43837e-05
472.56	5.43221e-05
472.58	5.42609e-05
472.6	5.42e-05
472.62	5.41395e-05
472.64	5.40793e-05
472.66	5.40195e-05
472.68	5.396e-05
472.7	5.39009e-05
472.72	5.38422e-05
472.74	5.37839e-05
472.76	5.37259e-05
472.78	5.36683e-05
472.8	5.36111e-05
472.82	5.35543e-05
472.84	5.34978e-05
472.86	5.34417e-05
472.88	5.33861e-05
472.9	5.33308e-05
472.92	5.32759e-05
472.94	5.32214e-05
472.96	5.31674e-05
472.98	5.31137e-05
473	5.30604e-05
473.02	5.30076e-05
473.04	5.29551e-05
473.06	5.29031e-05
473.08	5.28515e-05
473.1	5.28004e-05
473.12	5.27496e-05
473.14	5.26994e-05
473.16	5.26495e-05
473.18	5.26001e-05
473.2	5.25512e-05
473.22	5.25027e-05
473.24	5.24546e-05
473.26	5.24071e-05
473.28	5.236e-05
473.3	5.23134e-05
473.32	5.22672e-05
473.34	5.22216e-05
473.36	5.21764e-05
473.38	5.21318e-05
473.4	5.20876e-05
473.42	5.2044e-05
473.44	5.20009e-05
473.46	5.19583e-05
473.48	5.19163e-05
473.5	5.18748e-05
473.52	5.18338e-05
473.54	5.17935e-05
473.56	5.17536e-05
473.58	5.17144e-05
473.6	5.16758e-05
473.62	5.16377e-05
473.64	5.16003e-05
473.66	5.15635e-05
473.68	5.15273e-05
473.7	5.14917e-05
473.72	5.14568e-05
473.74	5.14226e-05
473.76	5.13891e-05
473.78	5.13562e-05
473.8	5.13241e-05
473.82	5.12926e-05
473.84	5.1262e-05
473.86	5.1232e-05
473.88	5.12029e-05
473.9	5.11745e-05
473.92	5.1147e-05
473.94	5.11203e-05
473.96	5.10944e-05
473.98	5.10694e-05
474	5.10453e-05
474.02	5.10222e-05
474.04	5.09999e-05
474.06	5.09787e-05
474.08	5.09585e-05
474.1	5.09393e-05
474.12	5.09212e-05
474.14	5.09042e-05
474.16	5.08883e-05
474.18	5.08736e-05
474.2	5.08602e-05
474.22	5.0848e-05
474.24	5.08372e-05
474.26	5.08277e-05
474.28	5.08197e-05
474.3	5.08131e-05
474.32	5.08082e-05
474.34	5.08048e-05
474.36	5.08032e-05
474.38	5.08034e-05
474.4	5.08055e-05
474.42	5.08095e-05
474.44	5.08157e-05
474.46	5.08241e-05
474.48	5.08348e-05
474.5	5.08481e-05
474.52	5.08641e-05
474.54	5.08829e-05
474.56	5.09048e-05
474.58	5.093e-05
474.6	5.09587e-05
474.62	5.09914e-05
474.64	5.10282e-05
474.66	5.10697e-05
474.68	5.11162e-05
474.7	5.11684e-05
474.72	5.12268e-05
474.74	5.12923e-05
474.76	5.13656e-05
474.78	5.1448e-05
474.8	5.15409e-05
474.82	5.16458e-05
474.84	5.17652e-05
474.86	5.19018e-05
474.88	5.20596e-05
474.9	5.2244e-05
474.92	5.24626e-05
474.94	5.27272e-05
474.96	5.30565e-05
474.98	5.34826e-05
475	5.40668e-05
475.02	5.49401e-05
475.04	5.64079e-05
475.06	5.90968e-05
475.08	6.36554e-05
475.1	6.9928e-05
475.12	7.71748e-05
475.14	8.50923e-05
475.16	9.38269e-05
475.18	0.000103375
475.2	0.000113419
475.22	0.00012362
475.24	0.00013372
475.26	0.000143426
475.28	0.000152373
475.3	0.000160177
475.32	0.000166525
475.34	0.000171276
475.36	0.000174467
475.38	0.000176247
475.4	0.000176801
475.42	0.00017632
475.44	0.000174999
475.46	0.000173045
475.48	0.000170659
475.5	0.000168019
475.52	0.00016527
475.54	0.000162518
475.56	0.000159839
475.58	0.000157283
475.6	0.000154879
475.62	0.000152645
475.64	0.000150583
475.66	0.000148695
475.68	0.000146974
475.7	0.00014541
475.72	0.000143995
475.74	0.000142717
475.76	0.000141564
475.78	0.000140525
475.8	0.000139591
475.82	0.00013875
475.84	0.000137994
475.86	0.000137316
475.88	0.000136706
475.9	0.000136159
475.92	0.000135668
475.94	0.000135229
475.96	0.000134836
475.98	0.000134486
476	0.000134175
476.02	0.000133899
476.04	0.000133656
476.06	0.000133443
476.08	0.000133258
476.1	0.000133098
476.12	0.000132963
476.14	0.000132851
476.16	0.000132759
476.18	0.000132687
476.2	0.000132634
476.22	0.000132598
476.24	0.000132578
476.26	0.000132574
476.28	0.000132583
476.3	0.000132606
476.32	0.000132642
476.34	0.000132689
476.36	0.000132748
476.38	0.000132816
476.4	0.000132893
476.42	0.00013298
476.44	0.000133074
476.46	0.000133175
476.48	0.000133283
476.5	0.000133397
476.52	0.000133516
476.54	0.000133639
476.56	0.000133766
476.58	0.000133897
476.6	0.00013403
476.62	0.000134165
476.64	0.000134302
476.66	0.00013444
476.68	0.000134578
476.7	0.000134716
476.72	0.000134854
476.74	0.00013499
476.76	0.000135125
476.78	0.000135258
476.8	0.000135389
476.82	0.000135516
476.84	0.000135641
476.86	0.000135762
476.88	0.00013588
476.9	0.000135993
476.92	0.000136102
476.94	0.000136206
476.96	0.000136305
476.98	0.000136398
477	0.000136487
477.02	0.000136569
477.04	0.000136646
477.06	0.000136717
477.08	0.000136782
477.1	0.00013684
477.12	0.000136892
477.14	0.000136938
477.16	0.000136977
477.18	0.000137009
477.2	0.000137035
477.22	0.000137054
477.24	0.000137066
477.26	0.000137071
477.28	0.00013707
477.3	0.000137062
477.32	0.000137048
477.34	0.000137026
477.36	0.000136999
477.38	0.000136964
477.4	0.000136923
477.42	0.000136876
477.44	0.000136822
477.46	0.000136762
477.48	0.000136696
477.5	0.000136624
477.52	0.000136546
477.54	0.000136462
477.56	0.000136372
477.58	0.000136277
477.6	0.000136176
477.62	0.000136069
477.64	0.000135957
477.66	0.000135841
477.68	0.000135719
477.7	0.000135592
477.72	0.00013546
477.74	0.000135324
477.76	0.000135183
477.78	0.000135038
477.8	0.000134889
477.82	0.000134735
477.84	0.000134578
477.86	0.000134416
477.88	0.000134251
477.9	0.000134082
477.92	0.000133909
477.94	0.000133734
477.96	0.000133555
477.98	0.000133372
478	0.000133187
478.02	0.000132999
478.04	0.000132808
478.06	0.000132614
478.08	0.000132417
478.1	0.000132218
478.12	0.000132017
478.14	0.000131813
478.16	0.000131608
478.18	0.0001314
478.2	0.00013119
478.22	0.000130978
478.24	0.000130764
478.26	0.000130549
478.28	0.000130331
478.3	0.000130113
478.32	0.000129893
478.34	0.000129671
478.36	0.000129448
478.38	0.000129224
478.4	0.000128998
478.42	0.000128771
478.44	0.000128544
478.46	0.000128315
478.48	0.000128085
478.5	0.000127855
478.52	0.000127623
478.54	0.000127391
478.56	0.000127158
478.58	0.000126925
478.6	0.000126691
478.62	0.000126456
478.64	0.000126221
478.66	0.000125985
478.68	0.000125749
478.7	0.000125512
478.72	0.000125275
478.74	0.000125038
478.76	0.000124801
478.78	0.000124563
478.8	0.000124325
478.82	0.000124087
478.84	0.000123849
478.86	0.000123611
478.88	0.000123372
478.9	0.000123134
478.92	0.000122895
478.94	0.000122657
478.96	0.000122419
478.98	0.00012218
479	0.000121942
479.02	0.000121704
479.04	0.000121466
479.06	0.000121228
479.08	0.000120991
479.1	0.000120753
479.12	0.000120516
479.14	0.000120279
479.16	0.000120043
479.18	0.000119806
479.2	0.00011957
479.22	0.000119334
479.24	0.000119099
479.26	0.000118863
479.28	0.000118629
479.3	0.000118394
479.32	0.00011816
479.34	0.000117926
479.36	0.000117693
479.38	0.00011746
479.4	0.000117227
479.42	0.000116995
479.44	0.000116763
479.46	0.000116532
479.48	0.000116301
479.5	0.00011607
479.52	0.00011584
479.54	0.000115611
479.56	0.000115382
479.58	0.000115153
479.6	0.000114925
479.62	0.000114698
479.64	0.00011447
479.66	0.000114244
479.68	0.000114018
479.7	0.000113792
479.72	0.000113567
479.74	0.000113342
479.76	0.000113118
479.78	0.000112895
479.8	0.000112672
479.82	0.000112449
479.84	0.000112227
479.86	0.000112006
479.88	0.000111785
479.9	0.000111564
479.92	0.000111345
479.94	0.000111125
479.96	0.000110906
479.98	0.000110688
480	0.00011047
480.02	0.000110253
480.04	0.000110037
480.06	0.000109821
480.08	0.000109605
480.1	0.00010939
480.12	0.000109176
480.14	0.000108962
480.16	0.000108748
480.18	0.000108536
480.2	0.000108323
480.22	0.000108112
480.24	0.000107901
480.26	0.00010769
480.28	0.00010748
480.3	0.00010727
480.32	0.000107061
480.34	0.000106853
480.36	0.000106645
480.38	0.000106438
480.4	0.000106231
480.42	0.000106025
480.44	0.000105819
480.46	0.000105614
480.48	0.000105409
480.5	0.000105205
480.52	0.000105001
480.54	0.000104798
480.56	0.000104596
480.58	0.000104394
480.6	0.000104193
480.62	0.000103992
480.64	0.000103791
480.66	0.000103591
480.68	0.000103392
480.7	0.000103193
480.72	0.000102995
480.74	0.000102797
480.76	0.0001026
480.78	0.000102403
480.8	0.000102207
480.82	0.000102011
480.84	0.000101816
480.86	0.000101621
480.88	0.000101427
480.9	0.000101234
480.92	0.000101041
480.94	0.000100848
480.96	0.000100656
480.98	0.000100464
481	0.000100273
481.02	0.000100082
481.04	9.98924e-05
481.06	9.97027e-05
481.08	9.95136e-05
481.1	9.9325e-05
481.12	9.91368e-05
481.14	9.89492e-05
481.16	9.8762e-05
481.18	9.85754e-05
481.2	9.83892e-05
481.22	9.82035e-05
481.24	9.80182e-05
481.26	9.78335e-05
481.28	9.76492e-05
481.3	9.74655e-05
481.32	9.72821e-05
481.34	9.70993e-05
481.36	9.69169e-05
481.38	9.67351e-05
481.4	9.65536e-05
481.42	9.63727e-05
481.44	9.61922e-05
481.46	9.60122e-05
481.48	9.58326e-05
481.5	9.56535e-05
481.52	9.54749e-05
481.54	9.52967e-05
481.56	9.5119e-05
481.58	9.49417e-05
481.6	9.47649e-05
481.62	9.45885e-05
481.64	9.44126e-05
481.66	9.42371e-05
481.68	9.40621e-05
481.7	9.38875e-05
481.72	9.37134e-05
481.74	9.35397e-05
481.76	9.33665e-05
481.78	9.31937e-05
481.8	9.30213e-05
481.82	9.28494e-05
481.84	9.26779e-05
481.86	9.25069e-05
481.88	9.23362e-05
481.9	9.21661e-05
481.92	9.19963e-05
481.94	9.1827e-05
481.96	9.16581e-05
481.98	9.14896e-05
482	9.13215e-05
482.02	9.11539e-05
482.04	9.09867e-05
482.06	9.08199e-05
482.08	9.06536e-05
482.1	9.04876e-05
482.12	9.03221e-05
482.14	9.0157e-05
482.16	8.99923e-05
482.18	8.9828e-05
482.2	8.96641e-05
482.22	8.95006e-05
482.24	8.93376e-05
482.26	8.91749e-05
482.28	8.90127e-05
482.3	8.88509e-05
482.32	8.86894e-05
482.34	8.85284e-05
482.36	8.83678e-05
482.38	8.82076e-05
482.4	8.80477e-05
482.42	8.78883e-05
482.44	8.77293e-05
482.46	8.75706e-05
482.48	8.74124e-05
482.5	8.72546e-05
482.52	8.70971e-05
482.54	8.69401e-05
482.56	8.67834e-05
482.58	8.66271e-05
482.6	8.64712e-05
482.62	8.63157e-05
482.64	8.61606e-05
482.66	8.60059e-05
482.68	8.58515e-05
482.7	8.56976e-05
482.72	8.5544e-05
482.74	8.53908e-05
482.76	8.5238e-05
482.78	8.50855e-05
482.8	8.49335e-05
482.82	8.47818e-05
482.84	8.46305e-05
482.86	8.44795e-05
482.88	8.4329e-05
482.9	8.41788e-05
482.92	8.4029e-05
482.94	8.38795e-05
482.96	8.37304e-05
482.98	8.35817e-05
483	8.34334e-05
483.02	8.32854e-05
483.04	8.31378e-05
483.06	8.29906e-05
483.08	8.28437e-05
483.1	8.26972e-05
483.12	8.25511e-05
483.14	8.24053e-05
483.16	8.22599e-05
483.18	8.21148e-05
483.2	8.19701e-05
483.22	8.18258e-05
483.24	8.16818e-05
483.26	8.15382e-05
483.28	8.13949e-05
483.3	8.1252e-05
483.32	8.11094e-05
483.34	8.09672e-05
483.36	8.08253e-05
483.38	8.06838e-05
483.4	8.05427e-05
483.42	8.04019e-05
483.44	8.02614e-05
483.46	8.01213e-05
483.48	7.99816e-05
483.5	7.98422e-05
483.52	7.97031e-05
483.54	7.95644e-05
483.56	7.9426e-05
483.58	7.9288e-05
483.6	7.91503e-05
483.62	7.90129e-05
483.64	7.88759e-05
483.66	7.87393e-05
483.68	7.8603e-05
483.7	7.8467e-05
483.72	7.83314e-05
483.74	7.8196e-05
483.76	7.80611e-05
483.78	7.79265e-05
483.8	7.77922e-05
483.82	7.76582e-05
483.84	7.75246e-05
483.86	7.73913e-05
483.88	7.72584e-05
483.9	7.71257e-05
483.92	7.69935e-05
483.94	7.68615e-05
483.96	7.67299e-05
483.98	7.65986e-05
484	7.64676e-05
484.02	7.6337e-05
484.04	7.62067e-05
484.06	7.60767e-05
484.08	7.59471e-05
484.1	7.58177e-05
484.12	7.56888e-05
484.14	7.55601e-05
484.16	7.54317e-05
484.18	7.53037e-05
484.2	7.5176e-05
484.22	7.50487e-05
484.24	7.49216e-05
484.26	7.47949e-05
484.28	7.46685e-05
484.3	7.45424e-05
484.32	7.44166e-05
484.34	7.42912e-05
484.36	7.4166e-05
484.38	7.40412e-05
484.4	7.39167e-05
484.42	7.37926e-05
484.44	7.36687e-05
484.46	7.35452e-05
484.48	7.34219e-05
484.5	7.3299e-05
484.52	7.31764e-05
484.54	7.30542e-05
484.56	7.29322e-05
484.58	7.28106e-05
484.6	7.26892e-05
484.62	7.25682e-05
484.64	7.24475e-05
484.66	7.23271e-05
484.68	7.2207e-05
484.7	7.20872e-05
484.72	7.19677e-05
484.74	7.18486e-05
484.76	7.17297e-05
484.78	7.16112e-05
484.8	7.1493e-05
484.82	7.1375e-05
484.84	7.12574e-05
484.86	7.11401e-05
484.88	7.10231e-05
484.9	7.09064e-05
484.92	7.079e-05
484.94	7.06739e-05
484.96	7.05581e-05
484.98	7.04427e-05
485	7.03275e-05
485.02	7.02126e-05
485.04	7.00981e-05
485.06	6.99838e-05
485.08	6.98698e-05
485.1	6.97562e-05
485.12	6.96428e-05
485.14	6.95298e-05
485.16	6.9417e-05
485.18	6.93046e-05
485.2	6.91924e-05
485.22	6.90805e-05
485.24	6.8969e-05
485.26	6.88577e-05
485.28	6.87468e-05
485.3	6.86361e-05
485.32	6.85258e-05
485.34	6.84157e-05
485.36	6.83059e-05
485.38	6.81965e-05
485.4	6.80873e-05
485.42	6.79784e-05
485.44	6.78698e-05
485.46	6.77616e-05
485.48	6.76536e-05
485.5	6.75459e-05
485.52	6.74385e-05
485.54	6.73314e-05
485.56	6.72246e-05
485.58	6.71181e-05
485.6	6.70118e-05
485.62	6.69059e-05
485.64	6.68003e-05
485.66	6.66949e-05
485.68	6.65899e-05
485.7	6.64851e-05
485.72	6.63807e-05
485.74	6.62765e-05
485.76	6.61726e-05
485.78	6.6069e-05
485.8	6.59658e-05
485.82	6.58628e-05
485.84	6.576e-05
485.86	6.56576e-05
485.88	6.55555e-05
485.9	6.54536e-05
485.92	6.53521e-05
485.94	6.52508e-05
485.96	6.51499e-05
485.98	6.50492e-05
486	6.49488e-05
486.02	6.48487e-05
486.04	6.47489e-05
486.06	6.46493e-05
486.08	6.45501e-05
486.1	6.44512e-05
486.12	6.43525e-05
486.14	6.42541e-05
486.16	6.4156e-05
486.18	6.40582e-05
486.2	6.39607e-05
486.22	6.38635e-05
486.24	6.37666e-05
486.26	6.36699e-05
486.28	6.35736e-05
486.3	6.34775e-05
486.32	6.33817e-05
486.34	6.32862e-05
486.36	6.3191e-05
486.38	6.30961e-05
486.4	6.30015e-05
486.42	6.29071e-05
486.44	6.28131e-05
486.46	6.27193e-05
486.48	6.26258e-05
486.5	6.25326e-05
486.52	6.24397e-05
486.54	6.23471e-05
486.56	6.22547e-05
486.58	6.21627e-05
486.6	6.20709e-05
486.62	6.19794e-05
486.64	6.18882e-05
486.66	6.17973e-05
486.68	6.17067e-05
486.7	6.16164e-05
486.72	6.15263e-05
486.74	6.14366e-05
486.76	6.13471e-05
486.78	6.12579e-05
486.8	6.1169e-05
486.82	6.10804e-05
486.84	6.09921e-05
486.86	6.0904e-05
486.88	6.08163e-05
486.9	6.07288e-05
486.92	6.06417e-05
486.94	6.05548e-05
486.96	6.04682e-05
486.98	6.03819e-05
487	6.02959e-05
487.02	6.02101e-05
487.04	6.01247e-05
487.06	6.00396e-05
487.08	5.99547e-05
487.1	5.98701e-05
487.12	5.97858e-05
487.14	5.97018e-05
487.16	5.96181e-05
487.18	5.95347e-05
487.2	5.94516e-05
487.22	5.93688e-05
487.24	5.92862e-05
487.26	5.9204e-05
487.28	5.9122e-05
487.3	5.90404e-05
487.32	5.8959e-05
487.34	5.88779e-05
487.36	5.87972e-05
487.38	5.87167e-05
487.4	5.86365e-05
487.42	5.85566e-05
487.44	5.8477e-05
487.46	5.83977e-05
487.48	5.83187e-05
487.5	5.824e-05
487.52	5.81615e-05
487.54	5.80834e-05
487.56	5.80056e-05
487.58	5.79281e-05
487.6	5.78508e-05
487.62	5.77739e-05
487.64	5.76973e-05
487.66	5.7621e-05
487.68	5.75449e-05
487.7	5.74692e-05
487.72	5.73938e-05
487.74	5.73187e-05
487.76	5.72439e-05
487.78	5.71694e-05
487.8	5.70952e-05
487.82	5.70213e-05
487.84	5.69477e-05
487.86	5.68744e-05
487.88	5.68015e-05
487.9	5.67288e-05
487.92	5.66564e-05
487.94	5.65844e-05
487.96	5.65127e-05
487.98	5.64413e-05
488	5.63702e-05
488.02	5.62994e-05
488.04	5.62289e-05
488.06	5.61588e-05
488.08	5.60889e-05
488.1	5.60194e-05
488.12	5.59502e-05
488.14	5.58813e-05
488.16	5.58128e-05
488.18	5.57445e-05
488.2	5.56766e-05
488.22	5.56091e-05
488.24	5.55418e-05
488.26	5.54749e-05
488.28	5.54083e-05
488.3	5.5342e-05
488.32	5.52761e-05
488.34	5.52105e-05
488.36	5.51453e-05
488.38	5.50803e-05
488.4	5.50157e-05
488.42	5.49515e-05
488.44	5.48876e-05
488.46	5.48241e-05
488.48	5.47608e-05
488.5	5.4698e-05
488.52	5.46355e-05
488.54	5.45733e-05
488.56	5.45115e-05
488.58	5.445e-05
488.6	5.43889e-05
488.62	5.43282e-05
488.64	5.42678e-05
488.66	5.42078e-05
488.68	5.41481e-05
488.7	5.40889e-05
488.72	5.403e-05
488.74	5.39714e-05
488.76	5.39132e-05
488.78	5.38555e-05
488.8	5.37981e-05
488.82	5.3741e-05
488.84	5.36844e-05
488.86	5.36282e-05
488.88	5.35723e-05
488.9	5.35168e-05
488.92	5.34618e-05
488.94	5.34071e-05
488.96	5.33529e-05
488.98	5.3299e-05
489	5.32456e-05
489.02	5.31925e-05
489.04	5.31399e-05
489.06	5.30878e-05
489.08	5.3036e-05
489.1	5.29847e-05
489.12	5.29338e-05
489.14	5.28833e-05
489.16	5.28333e-05
489.18	5.27838e-05
489.2	5.27347e-05
489.22	5.2686e-05
489.24	5.26378e-05
489.26	5.25901e-05
489.28	5.25429e-05
489.3	5.24961e-05
489.32	5.24499e-05
489.34	5.24041e-05
489.36	5.23588e-05
489.38	5.2314e-05
489.4	5.22697e-05
489.42	5.2226e-05
489.44	5.21827e-05
489.46	5.214e-05
489.48	5.20979e-05
489.5	5.20562e-05
489.52	5.20152e-05
489.54	5.19747e-05
489.56	5.19348e-05
489.58	5.18954e-05
489.6	5.18567e-05
489.62	5.18185e-05
489.64	5.1781e-05
489.66	5.17441e-05
489.68	5.17078e-05
489.7	5.16722e-05
489.72	5.16372e-05
489.74	5.16029e-05
489.76	5.15693e-05
489.78	5.15363e-05
489.8	5.15041e-05
489.82	5.14726e-05
489.84	5.14419e-05
489.86	5.14119e-05
489.88	5.13827e-05
489.9	5.13543e-05
489.92	5.13267e-05
489.94	5.13e-05
489.96	5.12741e-05
489.98	5.12491e-05
490	5.12249e-05
490.02	5.12018e-05
490.04	5.11795e-05
490.06	5.11583e-05
490.08	5.11381e-05
490.1	5.11189e-05
490.12	5.11008e-05
490.14	5.10838e-05
490.16	5.1068e-05
490.18	5.10533e-05
490.2	5.10399e-05
490.22	5.10278e-05
490.24	5.10171e-05
490.26	5.10077e-05
490.28	5.09997e-05
490.3	5.09933e-05
490.32	5.09885e-05
490.34	5.09853e-05
490.36	5.09838e-05
490.38	5.09841e-05
490.4	5.09864e-05
490.42	5.09906e-05
490.44	5.0997e-05
490.46	5.10057e-05
490.48	5.10167e-05
490.5	5.10303e-05
490.52	5.10465e-05
490.54	5.10657e-05
490.56	5.1088e-05
490.58	5.11136e-05
490.6	5.11428e-05
490.62	5.1176e-05
490.64	5.12134e-05
490.66	5.12555e-05
490.68	5.13027e-05
490.7	5.13557e-05
490.72	5.1415e-05
490.74	5.14815e-05
490.76	5.1556e-05
490.78	5.16397e-05
490.8	5.1734e-05
490.82	5.18408e-05
490.84	5.19623e-05
490.86	5.21015e-05
490.88	5.22624e-05
490.9	5.24507e-05
490.92	5.26745e-05
490.94	5.29461e-05
490.96	5.32853e-05
490.98	5.37267e-05
491	5.43367e-05
491.02	5.52593e-05
491.04	5.6831e-05
491.06	5.97129e-05
491.08	6.45046e-05
491.1	7.09411e-05
491.12	7.82854e-05
491.14	8.63051e-05
491.16	9.51581e-05
491.18	0.0001048
491.2	0.000114894
491.22	0.000125113
491.24	0.000135197
491.26	0.000144845
491.28	0.000153688
491.3	0.000161344
491.32	0.000167516
491.34	0.000172084
491.36	0.000175103
491.38	0.00017673
491.4	0.000177151
491.42	0.000176557
491.44	0.000175145
491.46	0.000173124
491.48	0.000170692
491.5	0.000168024
491.52	0.000165261
491.54	0.000162505
491.56	0.00015983
491.58	0.000157283
491.6	0.000154891
491.62	0.00015267
491.64	0.000150623
491.66	0.000148748
491.68	0.00014704
491.7	0.00014549
491.72	0.000144087
491.74	0.00014282
491.76	0.000141677
491.78	0.000140648
491.8	0.000139722
491.82	0.00013889
491.84	0.000138141
491.86	0.000137468
491.88	0.000136864
491.9	0.000136322
491.92	0.000135837
491.94	0.000135401
491.96	0.000135013
491.98	0.000134666
492	0.000134358
492.02	0.000134085
492.04	0.000133844
492.06	0.000133634
492.08	0.000133451
492.1	0.000133294
492.12	0.000133161
492.14	0.000133051
492.16	0.000132961
492.18	0.000132891
492.2	0.000132839
492.22	0.000132804
492.24	0.000132786
492.26	0.000132783
492.28	0.000132794
492.3	0.000132818
492.32	0.000132855
492.34	0.000132903
492.36	0.000132963
492.38	0.000133032
492.4	0.000133111
492.42	0.000133198
492.44	0.000133293
492.46	0.000133395
492.48	0.000133503
492.5	0.000133618
492.52	0.000133737
492.54	0.000133861
492.56	0.000133988
492.58	0.000134119
492.6	0.000134253
492.62	0.000134388
492.64	0.000134525
492.66	0.000134663
492.68	0.000134801
492.7	0.000134939
492.72	0.000135077
492.74	0.000135213
492.76	0.000135348
492.78	0.000135481
492.8	0.000135611
492.82	0.000135738
492.84	0.000135863
492.86	0.000135984
492.88	0.000136101
492.9	0.000136213
492.92	0.000136322
492.94	0.000136425
492.96	0.000136524
492.98	0.000136617
493	0.000136704
493.02	0.000136786
493.04	0.000136863
493.06	0.000136933
493.08	0.000136997
493.1	0.000137054
493.12	0.000137106
493.14	0.000137151
493.16	0.000137189
493.18	0.00013722
493.2	0.000137245
493.22	0.000137264
493.24	0.000137275
493.26	0.00013728
493.28	0.000137278
493.3	0.000137269
493.32	0.000137254
493.34	0.000137232
493.36	0.000137203
493.38	0.000137168
493.4	0.000137126
493.42	0.000137078
493.44	0.000137023
493.46	0.000136963
493.48	0.000136896
493.5	0.000136823
493.52	0.000136744
493.54	0.000136659
493.56	0.000136568
493.58	0.000136472
493.6	0.00013637
493.62	0.000136263
493.64	0.000136151
493.66	0.000136033
493.68	0.000135911
493.7	0.000135783
493.72	0.000135651
493.74	0.000135514
493.76	0.000135373
493.78	0.000135227
493.8	0.000135077
493.82	0.000134923
493.84	0.000134764
493.86	0.000134602
493.88	0.000134436
493.9	0.000134267
493.92	0.000134094
493.94	0.000133917
493.96	0.000133738
493.98	0.000133555
494	0.000133369
494.02	0.00013318
494.04	0.000132989
494.06	0.000132794
494.08	0.000132597
494.1	0.000132398
494.12	0.000132196
494.14	0.000131992
494.16	0.000131786
494.18	0.000131577
494.2	0.000131367
494.22	0.000131155
494.24	0.00013094
494.26	0.000130724
494.28	0.000130507
494.3	0.000130288
494.32	0.000130067
494.34	0.000129845
494.36	0.000129622
494.38	0.000129397
494.4	0.000129171
494.42	0.000128944
494.44	0.000128716
494.46	0.000128487
494.48	0.000128257
494.5	0.000128026
494.52	0.000127794
494.54	0.000127562
494.56	0.000127329
494.58	0.000127095
494.6	0.00012686
494.62	0.000126625
494.64	0.00012639
494.66	0.000126153
494.68	0.000125917
494.7	0.00012568
494.72	0.000125443
494.74	0.000125205
494.76	0.000124968
494.78	0.00012473
494.8	0.000124491
494.82	0.000124253
494.84	0.000124015
494.86	0.000123776
494.88	0.000123537
494.9	0.000123299
494.92	0.00012306
494.94	0.000122821
494.96	0.000122583
494.98	0.000122344
495	0.000122106
495.02	0.000121868
495.04	0.000121629
495.06	0.000121391
495.08	0.000121153
495.1	0.000120916
495.12	0.000120678
495.14	0.000120441
495.16	0.000120204
495.18	0.000119968
495.2	0.000119731
495.22	0.000119495
495.24	0.000119259
495.26	0.000119024
495.28	0.000118789
495.3	0.000118554
495.32	0.00011832
495.34	0.000118086
495.36	0.000117852
495.38	0.000117619
495.4	0.000117386
495.42	0.000117153
495.44	0.000116921
495.46	0.00011669
495.48	0.000116459
495.5	0.000116228
495.52	0.000115998
495.54	0.000115768
495.56	0.000115539
495.58	0.00011531
495.6	0.000115082
495.62	0.000114854
495.64	0.000114627
495.66	0.0001144
495.68	0.000114173
495.7	0.000113948
495.72	0.000113722
495.74	0.000113497
495.76	0.000113273
495.78	0.000113049
495.8	0.000112826
495.82	0.000112603
495.84	0.000112381
495.86	0.00011216
495.88	0.000111938
495.9	0.000111718
495.92	0.000111498
495.94	0.000111278
495.96	0.000111059
495.98	0.000110841
496	0.000110623
496.02	0.000110406
496.04	0.000110189
496.06	0.000109972
496.08	0.000109757
496.1	0.000109542
496.12	0.000109327
496.14	0.000109113
496.16	0.000108899
496.18	0.000108686
496.2	0.000108474
496.22	0.000108262
496.24	0.000108051
496.26	0.00010784
496.28	0.00010763
496.3	0.00010742
496.32	0.000107211
496.34	0.000107002
496.36	0.000106794
496.38	0.000106586
496.4	0.000106379
496.42	0.000106173
496.44	0.000105967
496.46	0.000105762
496.48	0.000105557
496.5	0.000105353
496.52	0.000105149
496.54	0.000104946
496.56	0.000104743
496.58	0.000104541
496.6	0.000104339
496.62	0.000104138
496.64	0.000103937
496.66	0.000103737
496.68	0.000103538
496.7	0.000103339
496.72	0.00010314
496.74	0.000102943
496.76	0.000102745
496.78	0.000102548
496.8	0.000102352
496.82	0.000102156
496.84	0.000101961
496.86	0.000101766
496.88	0.000101571
496.9	0.000101378
496.92	0.000101184
496.94	0.000100992
496.96	0.000100799
496.98	0.000100607
497	0.000100416
497.02	0.000100225
497.04	0.000100035
497.06	9.98452e-05
497.08	9.96559e-05
497.1	9.94671e-05
497.12	9.92788e-05
497.14	9.9091e-05
497.16	9.89037e-05
497.18	9.87168e-05
497.2	9.85305e-05
497.22	9.83446e-05
497.24	9.81592e-05
497.26	9.79743e-05
497.28	9.77899e-05
497.3	9.76059e-05
497.32	9.74224e-05
497.34	9.72394e-05
497.36	9.70569e-05
497.38	9.68748e-05
497.4	9.66932e-05
497.42	9.65121e-05
497.44	9.63315e-05
497.46	9.61513e-05
497.48	9.59715e-05
497.5	9.57923e-05
497.52	9.56135e-05
497.54	9.54351e-05
497.56	9.52572e-05
497.58	9.50798e-05
497.6	9.49028e-05
497.62	9.47263e-05
497.64	9.45502e-05
497.66	9.43746e-05
497.68	9.41994e-05
497.7	9.40247e-05
497.72	9.38504e-05
497.74	9.36766e-05
497.76	9.35032e-05
497.78	9.33302e-05
497.8	9.31577e-05
497.82	9.29856e-05
497.84	9.2814e-05
497.86	9.26427e-05
497.88	9.2472e-05
497.9	9.23016e-05
497.92	9.21317e-05
497.94	9.19622e-05
497.96	9.17932e-05
497.98	9.16245e-05
498	9.14563e-05
498.02	9.12885e-05
498.04	9.11212e-05
498.06	9.09542e-05
498.08	9.07877e-05
498.1	9.06216e-05
498.12	9.04559e-05
498.14	9.02907e-05
498.16	9.01258e-05
498.18	8.99614e-05
498.2	8.97974e-05
498.22	8.96338e-05
498.24	8.94706e-05
498.26	8.93078e-05
498.28	8.91454e-05
498.3	8.89834e-05
498.32	8.88218e-05
498.34	8.86606e-05
498.36	8.84999e-05
498.38	8.83395e-05
498.4	8.81795e-05
498.42	8.80199e-05
498.44	8.78608e-05
498.46	8.7702e-05
498.48	8.75436e-05
498.5	8.73856e-05
498.52	8.7228e-05
498.54	8.70708e-05
498.56	8.6914e-05
498.58	8.67576e-05
498.6	8.66016e-05
498.62	8.64459e-05
498.64	8.62907e-05
498.66	8.61358e-05
498.68	8.59813e-05
498.7	8.58272e-05
498.72	8.56735e-05
498.74	8.55202e-05
498.76	8.53672e-05
498.78	8.52146e-05
498.8	8.50624e-05
498.82	8.49106e-05
498.84	8.47592e-05
498.86	8.46081e-05
498.88	8.44574e-05
498.9	8.43071e-05
498.92	8.41571e-05
498.94	8.40075e-05
498.96	8.38583e-05
498.98	8.37095e-05
499	8.3561e-05
499.02	8.34129e-05
499.04	8.32652e-05
499.06	8.31178e-05
499.08	8.29708e-05
499.1	8.28242e-05
499.12	8.26779e-05
499.14	8.2532e-05
499.16	8.23864e-05
499.18	8.22413e-05
499.2	8.20964e-05
499.22	8.1952e-05
499.24	8.18078e-05
499.26	8.16641e-05
499.28	8.15207e-05
499.3	8.13776e-05
499.32	8.1235e-05
499.34	8.10926e-05
499.36	8.09506e-05
499.38	8.0809e-05
499.4	8.06677e-05
499.42	8.05268e-05
499.44	8.03862e-05
499.46	8.0246e-05
499.48	8.01061e-05
499.5	7.99666e-05
499.52	7.98274e-05
499.54	7.96886e-05
499.56	7.95501e-05
499.58	7.94119e-05
499.6	7.92741e-05
499.62	7.91367e-05
499.64	7.89996e-05
499.66	7.88628e-05
499.68	7.87263e-05
499.7	7.85902e-05
499.72	7.84545e-05
499.74	7.83191e-05
499.76	7.8184e-05
499.78	7.80492e-05
499.8	7.79148e-05
499.82	7.77808e-05
499.84	7.7647e-05
499.86	7.75137e-05
499.88	7.73806e-05
499.9	7.72479e-05
499.92	7.71155e-05
499.94	7.69834e-05
499.96	7.68517e-05
499.98	7.67203e-05
500	7.65892e-05
